/**
 * generated by fontconvert.py
 * name: notoserif_14_bolditalic
 * size: 14
 * mode: 2-bit  compressed: true
 * Command used: fontconvert.py notoserif_14_bolditalic 14 ../builtinFonts/source/NotoSerif/NotoSerif-BoldItalic.ttf --2bit --compress --pnum
 */
#pragma once
#include "EpdFontData.h"

static const uint8_t notoserif_14_bolditalicBitmaps[40837] = {
    0xA5, 0x5A, 0x3D, 0x8C, 0xE5, 0xD6, 0x75, 0x3E, 0x24, 0xB5, 0xC3, 0xD8, 0x44, 0xC4, 0x2D, 0x56,
    0x08, 0xAC, 0x8D, 0x97, 0xAE, 0x47, 0xBB, 0xC3, 0xC6, 0x40, 0x0C, 0x63, 0x66, 0x2F, 0x1D, 0xC1,
    0x56, 0xA1, 0xC2, 0x5B, 0x68, 0xD3, 0x6E, 0xDA, 0x6C, 0xE1, 0x6D, 0x52, 0x08, 0xF1, 0x1B, 0x91,
    0xB2, 0x0A, 0x17, 0x29, 0x34, 0x8D, 0xEB, 0xA8, 0xD8, 0x42, 0x1A, 0x03, 0x1E, 0x17, 0x2A, 0xC6,
    0xC1, 0xAC, 0x48, 0x45, 0x40, 0x52, 0xA8, 0x30, 0xA5, 0x40, 0x30, 0x90, 0x14, 0xA1, 0xE2, 0x75,
    0x14, 0x60, 0x0B, 0x11, 0x01, 0x63, 0x71, 0x67, 0x48, 0x5E, 0x7F, 0xDF, 0xB9, 0xE4, 0x9B, 0x99,
    0xD5, 0xC8, 0x72, 0x9C, 0xB7, 0xC3, 0xFB, 0x66, 0x48, 0xDE, 0x7B, 0xCF, 0xEF, 0x77, 0x7E, 0xEE,
    0x8A, 0xAD, 0xC4, 0x16, 0x62, 0x33, 0xCF, 0x8A, 0x37, 0x89, 0x3F, 0x8A, 0x3F, 0x48, 0xD0, 0x4B,
    0xD0, 0x49, 0xD0, 0x4A, 0xD0, 0x48, 0x58, 0x4B, 0x58, 0x49, 0x54, 0x88, 0x27, 0xFC, 0x5C, 0x12,
    0xC9, 0x2B, 0x29, 0xF5, 0x27, 0xCF, 0x78, 0x27, 0xFD, 0x60, 0x12, 0xF3, 0x4F, 0xA3, 0x98, 0x1F,
    0x0D, 0x62, 0x9E, 0xEF, 0xC5, 0x60, 0xEA, 0x2E, 0xE6, 0xAE, 0x82, 0x5A, 0x0E, 0x83, 0x4A, 0xDC,
    0xA7, 0xBD, 0x2E, 0xE2, 0xB5, 0xDB, 0x22, 0x7E, 0xF3, 0xB2, 0x48, 0x50, 0xBD, 0xCD, 0xA1, 0x15,
    0x09, 0xDF, 0x6D, 0x25, 0xB4, 0xD6, 0x66, 0x3A, 0x48, 0xC2, 0x09, 0x37, 0xC2, 0x42, 0x64, 0x3B,
    0xCE, 0x38, 0x60, 0xEA, 0xCB, 0xD7, 0x44, 0x8C, 0xB5, 0xBD, 0x1B, 0xBC, 0x66, 0x85, 0x45, 0xEA,
    0xC3, 0x65, 0x3E, 0x87, 0xE8, 0xD5, 0x46, 0x24, 0xF6, 0x6B, 0x59, 0x3E, 0x11, 0x07, 0xCE, 0xDD,
    0xB0, 0x0F, 0x39, 0x79, 0x12, 0xB1, 0xD7, 0xC1, 0xE0, 0x78, 0x3D, 0x07, 0x7F, 0xDF, 0x32, 0xE0,
    0xF3, 0x9B, 0x57, 0xC4, 0xB3, 0xA0, 0x42, 0x2C, 0x16, 0x90, 0x1C, 0x6F, 0x48, 0x02, 0x59, 0x88,
    0xCF, 0xBF, 0x3D, 0xDB, 0xC9, 0x86, 0xFF, 0x4B, 0x32, 0xF3, 0x1E, 0x87, 0xD7, 0x30, 0xFC, 0xF8,
    0x85, 0x56, 0xCC, 0xA3, 0xB8, 0x91, 0xD8, 0x42, 0x60, 0x5E, 0x89, 0x85, 0xE5, 0x4F, 0xB9, 0xCF,
    0xD7, 0x39, 0x5C, 0xE7, 0xF0, 0xD4, 0x9A, 0x00, 0x29, 0x6B, 0xB9, 0x21, 0xC1, 0x6F, 0x3B, 0xD9,
    0x96, 0xB8, 0x1A, 0xA4, 0x93, 0x34, 0x1B, 0xFC, 0x46, 0x8C, 0x0C, 0x90, 0x66, 0x2E, 0x03, 0x88,
    0x7B, 0xC7, 0x1B, 0xB6, 0x44, 0x46, 0xBF, 0x03, 0x43, 0x63, 0xD0, 0xB6, 0xCF, 0x66, 0x63, 0xF8,
    0xEB, 0x0F, 0x6D, 0xFB, 0x4E, 0xFC, 0x2F, 0x7F, 0xDF, 0xF4, 0xA6, 0x8C, 0x93, 0x6A, 0x88, 0x1E,
    0xEE, 0x98, 0x6C, 0x10, 0x39, 0xC4, 0x44, 0xC8, 0xEF, 0x15, 0x8C, 0x41, 0xFD, 0x8E, 0xD7, 0x43,
    0x21, 0x98, 0x28, 0x09, 0x27, 0x62, 0x8B, 0x07, 0x11, 0x64, 0x2D, 0xE6, 0x4E, 0xE6, 0xB5, 0x92,
    0x8C, 0x4A, 0x40, 0xB6, 0x26, 0xE5, 0x1E, 0x79, 0xF3, 0x2D, 0x14, 0x26, 0x61, 0x1F, 0x43, 0x48,
    0x71, 0x1B, 0x35, 0xA7, 0xA3, 0xDE, 0xE9, 0x52, 0x88, 0x3C, 0x1C, 0xF9, 0x66, 0x60, 0x9B, 0x67,
    0x5E, 0x82, 0x4E, 0x32, 0x33, 0x48, 0x69, 0x2B, 0x53, 0x04, 0xA3, 0x69, 0x76, 0xF1, 0x4A, 0xD2,
    0x0D, 0x92, 0x36, 0xD1, 0xD8, 0x89, 0xA9, 0x03, 0x48, 0xC9, 0xD4, 0x02, 0x81, 0x61, 0xCC, 0x6B,
    0x31, 0x60, 0x0D, 0x5B, 0x77, 0x9E, 0x1D, 0x24, 0xB2, 0x07, 0x9F, 0xD8, 0x3D, 0xCF, 0x4E, 0xBE,
    0x6D, 0xC4, 0x23, 0x1D, 0xA6, 0x32, 0x55, 0x5E, 0xE4, 0xE0, 0x7B, 0x57, 0x56, 0x20, 0x94, 0x1F,
    0x9A, 0x53, 0x9A, 0xD1, 0xE6, 0x24, 0xEA, 0xF0, 0x2B, 0xA8, 0x28, 0x21, 0x56, 0x0B, 0x02, 0xC0,
    0x40, 0x04, 0x9E, 0xE3, 0x1E, 0x2A, 0x81, 0x32, 0x0C, 0x2F, 0x90, 0x9A, 0xF3, 0x95, 0xEA, 0xF4,
    0xA2, 0xB6, 0x30, 0x45, 0x2F, 0xD8, 0x24, 0x76, 0x71, 0xCB, 0xC4, 0x78, 0x1F, 0x16, 0x2C, 0x90,
    0x95, 0xC8, 0x9F, 0xCF, 0x42, 0xA0, 0x6A, 0xE2, 0x62, 0x7E, 0x88, 0x07, 0xDC, 0x57, 0x2C, 0x15,
    0x95, 0xCD, 0xAB, 0x3C, 0xB1, 0xB2, 0x5E, 0x24, 0x28, 0x83, 0xEC, 0x28, 0x95, 0x0B, 0x08, 0xE3,
    0x2B, 0x19, 0x7D, 0x06, 0xD2, 0xC1, 0x9F, 0x58, 0xE5, 0x9B, 0x72, 0xE6, 0x03, 0xA5, 0x3C, 0x1D,
    0x55, 0x92, 0xBE, 0x58, 0x48, 0xFA, 0xEF, 0x51, 0xE1, 0x41, 0x05, 0x77, 0xAD, 0xAD, 0xF2, 0x4F,
    0x1B, 0xD9, 0xBD, 0x31, 0xC9, 0xE5, 0x6D, 0x38, 0xD0, 0x0A, 0xC6, 0x3D, 0x3C, 0xE5, 0xE8, 0xFB,
    0xEA, 0x6C, 0xB4, 0x67, 0xAE, 0x67, 0xEE, 0xFC, 0x24, 0x83, 0xD9, 0xD7, 0x9B, 0x07, 0xFB, 0xC5,
    0x93, 0xCF, 0x78, 0x79, 0x59, 0xD8, 0xC5, 0x43, 0x34, 0xC0, 0x69, 0x3B, 0xBF, 0xBD, 0x5A, 0xED,
    0xE2, 0xF6, 0x33, 0xB7, 0x25, 0xB7, 0x59, 0x6E, 0xE5, 0xEE, 0xBE, 0x5C, 0xCA, 0xD2, 0xC6, 0xB4,
    0xA6, 0x4D, 0xAB, 0x35, 0x55, 0x1D, 0x1D, 0x11, 0xCC, 0xD4, 0x74, 0x1E, 0x2C, 0x02, 0xFE, 0x13,
    0xDC, 0xDE, 0xC1, 0x05, 0x43, 0x94, 0xDE, 0x3D, 0x86, 0xAD, 0x0A, 0x7D, 0x31, 0x2A, 0xDC, 0x5E,
    0xB0, 0x54, 0xD8, 0x99, 0xA8, 0xF2, 0xBE, 0xE0, 0x31, 0x57, 0x38, 0xC2, 0xF5, 0xD7, 0xCB, 0x4E,
    0xB0, 0x21, 0xF8, 0x5E, 0x23, 0x36, 0xE8, 0x03, 0x50, 0x18, 0x76, 0xDE, 0x18, 0xB7, 0xDE, 0x98,
    0x34, 0xDE, 0x68, 0x6A, 0x5C, 0x95, 0x3F, 0xE6, 0x95, 0x3F, 0x94, 0x45, 0x30, 0x94, 0x59, 0x30,
    0x00, 0x03, 0x7A, 0x0B, 0x63, 0xB0, 0x50, 0x12, 0xAE, 0xA6, 0x94, 0xB4, 0xCA, 0x33, 0x93, 0x99,
    0x6A, 0x92, 0xE4, 0x04, 0x90, 0x64, 0x41, 0xF2, 0x15, 0x85, 0x9C, 0x0A, 0x7A, 0x01, 0x28, 0xD9,
    0xCA, 0x9B, 0x30, 0xBB, 0xB7, 0x99, 0xDF, 0x58, 0x51, 0xE3, 0xF1, 0xA1, 0xD7, 0x60, 0x72, 0xBA,
    0x0A, 0x07, 0x77, 0x45, 0xBD, 0x53, 0x10, 0x75, 0x4F, 0xBD, 0xA5, 0xBC, 0xC0, 0x00, 0x4C, 0x77,
    0xD3, 0x1E, 0x17, 0x90, 0xEF, 0x2C, 0x1D, 0xDF, 0x52, 0xB3, 0x27, 0x24, 0xBB, 0x22, 0xC4, 0x65,
    0x78, 0xA3, 0xE4, 0x6B, 0x86, 0xBA, 0xBE, 0x24, 0x79, 0x31, 0x1B, 0x8D, 0x47, 0xD3, 0x0A, 0x08,
    0x1C, 0x31, 0xA7, 0x1A, 0xDE, 0xA2, 0xC5, 0x85, 0x84, 0xA0, 0x54, 0xD4, 0xF6, 0x9E, 0x26, 0x7A,
    0xDE, 0x90, 0xA4, 0xF0, 0x8E, 0x88, 0x5C, 0x83, 0x83, 0xAF, 0x9C, 0x83, 0xFB, 0x78, 0xEB, 0xDD,
    0x72, 0xDD, 0x4D, 0x96, 0xDD, 0xB6, 0xD4, 0x9C, 0xD5, 0x12, 0xC9, 0x92, 0x44, 0xE0, 0xE5, 0xAB,
    0x96, 0xCE, 0x6A, 0xF7, 0xE8, 0xCF, 0xBA, 0x13, 0xBD, 0x3C, 0x70, 0x9E, 0x2D, 0x1B, 0x34, 0xCF,
    0x34, 0xC3, 0x9F, 0xA6, 0x00, 0xC3, 0xA6, 0x4E, 0x00, 0x0D, 0xB0, 0x1A, 0x3C, 0x9B, 0x1C, 0x66,
    0xF3, 0xBD, 0xD1, 0xAD, 0x94, 0x80, 0x76, 0xB8, 0xB6, 0x50, 0xA2, 0xEF, 0x03, 0x48, 0xBE, 0xDF,
    0xC9, 0x35, 0x48, 0x66, 0x05, 0xC9, 0xB4, 0x69, 0x13, 0xD4, 0xA6, 0x8E, 0x20, 0xF2, 0x2D, 0x70,
    0xBC, 0x7B, 0xBB, 0xFC, 0x08, 0xA8, 0x3C, 0xED, 0xEF, 0xDB, 0xB7, 0x94, 0x6F, 0x15, 0x30, 0xAE,
    0x03, 0x2A, 0x15, 0x08, 0x90, 0x58, 0xD5, 0xF0, 0x32, 0xEC, 0xDE, 0xBE, 0x23, 0xF2, 0x36, 0xED,
    0xA1, 0xC5, 0x9E, 0xB4, 0x22, 0x51, 0x4C, 0x0E, 0xFE, 0xED, 0x3E, 0x1D, 0x08, 0xDE, 0xE4, 0xFF,
    0xA4, 0x6C, 0x08, 0xB4, 0x9D, 0x38, 0x2F, 0x52, 0xD5, 0x70, 0x78, 0x8A, 0xC3, 0x36, 0x35, 0xF4,
    0x40, 0x92, 0x06, 0x62, 0x80, 0x04, 0xB0, 0x26, 0x59, 0x26, 0xCE, 0x5E, 0x59, 0x5B, 0xAF, 0x57,
    0x62, 0x6E, 0x74, 0x32, 0xD1, 0xDD, 0xF0, 0x78, 0xC2, 0xAB, 0xB0, 0xFD, 0x5D, 0x20, 0x9B, 0x5C,
    0x56, 0x05, 0xAB, 0x86, 0x25, 0xFD, 0xCF, 0x5F, 0xE0, 0x8D, 0x4F, 0x89, 0x4F, 0x1D, 0x54, 0x9D,
    0x57, 0x78, 0x94, 0x17, 0x30, 0x82, 0xBC, 0x00, 0xDA, 0x94, 0x1C, 0xF2, 0xCC, 0xDD, 0x03, 0x90,
    0x55, 0x80, 0x8D, 0xA4, 0x86, 0xFF, 0x46, 0xC7, 0x93, 0x03, 0x7F, 0xE7, 0x90, 0xA0, 0xD9, 0x16,
    0x3A, 0x68, 0x74, 0x8A, 0x3E, 0xBA, 0x3D, 0x81, 0x3B, 0xEC, 0x17, 0x33, 0x3E, 0x3E, 0x05, 0x1B,
    0xE5, 0x7E, 0x6A, 0x01, 0xD9, 0x39, 0xCB, 0x20, 0x57, 0x8E, 0x18, 0xF2, 0x4F, 0x60, 0x00, 0x9D,
    0x78, 0x38, 0x2E, 0x0F, 0xA3, 0xD3, 0x87, 0xA7, 0x9E, 0xE9, 0x82, 0xD5, 0xC9, 0x48, 0x54, 0x29,
    0x89, 0x50, 0x26, 0x83, 0xD2, 0x4C, 0x81, 0x21, 0xCF, 0x7C, 0xB2, 0x2A, 0x96, 0x4B, 0x94, 0xBF,
    0x22, 0xF8, 0x58, 0x3A, 0x2E, 0x11, 0x6A, 0x82, 0x36, 0x00, 0xE0, 0x80, 0xE5, 0x0A, 0xE8, 0x94,
    0xC3, 0x9B, 0x84, 0xEE, 0xE4, 0x86, 0x3C, 0xC3, 0x7E, 0x78, 0xD0, 0x4A, 0xFC, 0xB8, 0x3C, 0x6F,
    0x10, 0xCE, 0xE2, 0x6B, 0xAE, 0x02, 0x92, 0xCA, 0x57, 0x47, 0x6E, 0x69, 0x89, 0x8E, 0x25, 0xDD,
    0xA6, 0xA4, 0x4A, 0x4A, 0x82, 0xB3, 0xE5, 0x6F, 0x1C, 0xA0, 0xFB, 0x60, 0x4C, 0x26, 0xAE, 0x02,
    0x32, 0xF2, 0x7F, 0x5D, 0xF3, 0x1A, 0x75, 0x8E, 0xE1, 0x3F, 0xA1, 0x34, 0x76, 0x28, 0x0D, 0x23,
    0x54, 0xD1, 0x23, 0x7A, 0x9E, 0x25, 0xFB, 0xB7, 0xB8, 0xDB, 0x61, 0x30, 0xF1, 0x9F, 0xD7, 0x9F,
    0x45, 0xC9, 0x4B, 0xEA, 0x6C, 0x65, 0xA5, 0xD9, 0x04, 0xF0, 0x84, 0xA1, 0x44, 0x7F, 0x92, 0x42,
    0x3E, 0xFF, 0xB9, 0x45, 0x4D, 0x83, 0x4D, 0x10, 0x48, 0x51, 0xF7, 0x34, 0xB3, 0xAB, 0x95, 0x62,
    0xCF, 0xFC, 0x5C, 0x9D, 0x10, 0x08, 0x41, 0x7B, 0x87, 0xEA, 0x09, 0xF4, 0x0A, 0xD6, 0x99, 0x73,
    0x7A, 0x02, 0x84, 0x86, 0x09, 0x22, 0x84, 0x3A, 0x9A, 0x3A, 0xED, 0xAD, 0x67, 0x6E, 0xDF, 0x56,
    0xA4, 0xE5, 0x75, 0x76, 0xC3, 0xCD, 0xFD, 0xFD, 0x3D, 0xDE, 0xE3, 0xF3, 0x6F, 0xCC, 0x28, 0x67,
    0xEA, 0xD9, 0x01, 0x09, 0x08, 0x6A, 0xC2, 0x8C, 0x20, 0x0C, 0xA4, 0xB8, 0x41, 0xC4, 0x41, 0xA8,
    0xE2, 0xF2, 0xDC, 0xE6, 0x26, 0x9E, 0x7E, 0x63, 0x6D, 0xBC, 0xA3, 0xC4, 0x93, 0xAD, 0x80, 0xC9,
    0x0D, 0x8C, 0xAE, 0xE5, 0x15, 0x15, 0xE9, 0x12, 0xDF, 0x2A, 0x8D, 0x36, 0xF4, 0x51, 0x7A, 0xC9,
    0xE8, 0xB0, 0x9A, 0x68, 0xEB, 0xA4, 0x27, 0x1A, 0x4C, 0x09, 0x64, 0x49, 0xEF, 0x7C, 0x48, 0x4D,
    0xCC, 0x99, 0x4E, 0xB9, 0xA7, 0xEB, 0x3F, 0xB2, 0x4E, 0x1B, 0x57, 0x6B, 0xE5, 0xD8, 0xEB, 0x5C,
    0x14, 0x5C, 0x11, 0xAC, 0x5E, 0x02, 0x2D, 0x51, 0x1D, 0xD9, 0x3E, 0x81, 0x68, 0x91, 0xA9, 0xC5,
    0x59, 0x8A, 0xF4, 0xA1, 0x8B, 0x33, 0xE3, 0xF7, 0x41, 0x1B, 0x67, 0xAF, 0x04, 0x1D, 0xBF, 0x1E,
    0x44, 0x6D, 0x88, 0xAF, 0x23, 0xE6, 0x07, 0xB1, 0x1C, 0xC5, 0x4D, 0xD4, 0x24, 0xFC, 0x8A, 0xEB,
    0x2D, 0x39, 0x8A, 0xDA, 0xA4, 0x46, 0xBA, 0x11, 0x74, 0x7F, 0xD1, 0x74, 0xF2, 0x8A, 0x67, 0x3F,
    0xB6, 0x04, 0xC7, 0xCD, 0x6C, 0x13, 0x04, 0xB9, 0x8C, 0x23, 0x76, 0xF6, 0xAC, 0xE0, 0x58, 0xD0,
    0x41, 0x05, 0x21, 0x50, 0x92, 0xC7, 0x7F, 0x35, 0x2A, 0x81, 0x8A, 0x60, 0xEB, 0x8F, 0x63, 0xC0,
    0xE8, 0x98, 0x93, 0x59, 0x51, 0xDF, 0xF3, 0x69, 0x37, 0x8A, 0x4E, 0x98, 0xFD, 0x63, 0x32, 0x90,
    0x50, 0xAA, 0xB2, 0xA3, 0xE3, 0x4A, 0x35, 0xD7, 0x71, 0xF4, 0x1B, 0xC5, 0xFA, 0xE3, 0x9F, 0x4E,
    0xB4, 0x33, 0xE2, 0x45, 0xA2, 0x00, 0x75, 0x53, 0xA1, 0xEA, 0x48, 0xE5, 0xD9, 0xD1, 0x9D, 0xE0,
    0xAE, 0x88, 0x18, 0xE9, 0x24, 0xCF, 0xD9, 0x87, 0x08, 0x8E, 0x46, 0x91, 0x78, 0x02, 0x2D, 0x39,
    0x91, 0x59, 0xC2, 0x29, 0xB4, 0x54, 0xA9, 0x8F, 0xF7, 0xC3, 0xC1, 0x83, 0xC5, 0x46, 0x3A, 0xC6,
    0x3D, 0xEF, 0xC4, 0x1D, 0xA3, 0x7F, 0xD2, 0x31, 0xF6, 0xA7, 0x6A, 0x1E, 0x86, 0x60, 0x06, 0xA5,
    0xA5, 0x0C, 0xFB, 0x75, 0x4C, 0x8D, 0x57, 0xAA, 0xB7, 0x8A, 0x66, 0x61, 0xF5, 0x77, 0x5B, 0xF0,
    0xBE, 0xCD, 0x80, 0x73, 0x20, 0x29, 0x6F, 0x39, 0x15, 0x78, 0x54, 0x9E, 0x06, 0x00, 0xAE, 0xD6,
    0xE0, 0xE1, 0x01, 0x00, 0xA5, 0xC3, 0x44, 0x53, 0x81, 0x27, 0xC4, 0xB2, 0x01, 0x4C, 0xF9, 0x8D,
    0xF2, 0x1A, 0x0F, 0x0B, 0x5C, 0xD2, 0x4A, 0x9C, 0xA4, 0xDC, 0xD0, 0x9C, 0x1F, 0x14, 0xF4, 0xC0,
    0x24, 0x67, 0x84, 0x59, 0x64, 0xF7, 0xEE, 0x81, 0x61, 0x3B, 0xBA, 0x2D, 0x1C, 0x80, 0x82, 0x55,
    0xC7, 0xB0, 0x86, 0x48, 0x1F, 0xB4, 0x60, 0xCF, 0xBC, 0xA1, 0xC1, 0x62, 0x71, 0x30, 0x07, 0xB3,
    0x8A, 0xDD, 0x4F, 0xC7, 0x65, 0x12, 0x1D, 0xF1, 0x08, 0x23, 0xD6, 0xC7, 0x7D, 0x3A, 0x65, 0x4F,
    0xEB, 0xC7, 0x4D, 0x02, 0x74, 0xAB, 0x55, 0x80, 0xA6, 0x81, 0x5A, 0x46, 0x50, 0xF4, 0x80, 0xC9,
    0x51, 0x19, 0xEE, 0x94, 0xE1, 0x82, 0x0C, 0x3F, 0x74, 0xBB, 0x33, 0xD2, 0xE9, 0xC8, 0x40, 0xA5,
    0x1E, 0x94, 0x68, 0x80, 0xBE, 0xA6, 0x69, 0xD5, 0xD7, 0xE6, 0x90, 0xA0, 0x16, 0x3E, 0x33, 0xCD,
    0x25, 0x32, 0x71, 0xD1, 0xC5, 0x31, 0xAA, 0xBE, 0xE7, 0xFC, 0xD6, 0x45, 0x48, 0xCD, 0xD4, 0x6E,
    0x69, 0xAE, 0xD6, 0x72, 0x77, 0xE0, 0x01, 0x76, 0x0F, 0x1B, 0xDD, 0xBD, 0xE6, 0xEE, 0x8C, 0xEE,
    0xB9, 0x92, 0xE2, 0x46, 0xEC, 0x8E, 0xC4, 0x73, 0xBD, 0x7B, 0xAC, 0xBB, 0x7F, 0xE5, 0xC2, 0xDD,
    0x9D, 0x79, 0xEA, 0x0A, 0xE6, 0x78, 0x3F, 0xFB, 0x82, 0xDD, 0x45, 0x77, 0x17, 0x4D, 0x06, 0x5D,
    0x80, 0x24, 0xE1, 0x64, 0xBA, 0x54, 0x73, 0x5E, 0x3E, 0x57, 0xF9, 0x97, 0xA7, 0x66, 0x4A, 0xC3,
    0xAA, 0xE6, 0x0C, 0x9A, 0x84, 0xA9, 0xE8, 0x76, 0x1D, 0xA8, 0x38, 0xA5, 0x9F, 0x27, 0x61, 0x1E,
    0x31, 0xB9, 0x32, 0x0D, 0xBC, 0xA8, 0x98, 0x55, 0xD1, 0x10, 0xDB, 0xF0, 0x34, 0xD5, 0x9F, 0xB5,
    0x96, 0xA0, 0x82, 0x9C, 0x60, 0xFF, 0x88, 0xD4, 0xA5, 0x56, 0x57, 0xD5, 0x18, 0x9A, 0xDB, 0x9E,
    0xB6, 0x7F, 0xCF, 0x76, 0x29, 0xBE, 0x20, 0x89, 0x40, 0xED, 0x5E, 0x33, 0x09, 0xC8, 0x22, 0x74,
    0x19, 0x6E, 0xE8, 0x92, 0x5C, 0xCD, 0x75, 0x3B, 0x97, 0xEE, 0x76, 0x2A, 0x18, 0xCA, 0xB4, 0x53,
    0x89, 0x58, 0x07, 0x5A, 0x9A, 0x9B, 0xD7, 0x0B, 0x7C, 0x19, 0x97, 0xA1, 0xE7, 0x2E, 0x7D, 0x2E,
    0x5D, 0x06, 0x6D, 0x5D, 0x96, 0xCC, 0xE8, 0x6F, 0xD5, 0x21, 0x21, 0x1A, 0x78, 0x21, 0x65, 0x93,
    0xD3, 0x15, 0x72, 0xF5, 0xC5, 0xEE, 0x5C, 0xD6, 0xB6, 0x64, 0xD9, 0x0A, 0x76, 0xDD, 0x9C, 0xB1,
    0xCD, 0x30, 0xC9, 0x4D, 0xF2, 0xB3, 0x89, 0x7A, 0xE1, 0xB2, 0x70, 0xEB, 0x84, 0xEE, 0x44, 0x3E,
    0xAF, 0xDC, 0xCD, 0x39, 0x92, 0xCA, 0x55, 0x1D, 0x2A, 0x1A, 0x96, 0xD4, 0x43, 0x15, 0xED, 0x92,
    0x85, 0x27, 0xBC, 0xAA, 0x5E, 0x54, 0xAC, 0x1A, 0x56, 0x05, 0x73, 0x13, 0xD2, 0xEE, 0x12, 0x32,
    0x55, 0xB1, 0x2E, 0x1C, 0x9C, 0x2E, 0xBC, 0x8E, 0xF9, 0x9C, 0xFF, 0x43, 0xBE, 0x91, 0x3F, 0x9C,
    0x45, 0x9E, 0xAB, 0xE5, 0x77, 0xB9, 0x33, 0x7D, 0xE4, 0x37, 0x24, 0x08, 0x36, 0xC8, 0x99, 0x47,
    0x4A, 0x94, 0xAF, 0xB9, 0x64, 0x4F, 0xA8, 0x04, 0x61, 0x37, 0x55, 0xFF, 0xAD, 0x9A, 0x41, 0xFA,
    0xD9, 0x38, 0x1B, 0xE1, 0xD9, 0xAF, 0x8F, 0xD5, 0xE0, 0xF2, 0xCA, 0x3A, 0x32, 0xCB, 0x5A, 0x09,
    0xCD, 0x5B, 0x25, 0xD5, 0x74, 0x6A, 0x8B, 0xE9, 0xA0, 0x94, 0xC6, 0x0A, 0x02, 0x0F, 0x43, 0x75,
    0xC5, 0xCE, 0x2B, 0xAB, 0xFF, 0x83, 0x74, 0xBA, 0x2F, 0x91, 0xCE, 0x15, 0x4A, 0x67, 0x9B, 0xD2,
    0x39, 0xA4, 0x0E, 0x3A, 0x26, 0x08, 0x2D, 0x8D, 0xA4, 0xA5, 0xDF, 0x21, 0xEF, 0x22, 0x92, 0xAA,
    0x7E, 0x2B, 0x64, 0x19, 0xD0, 0x31, 0x8D, 0x9E, 0x16, 0x07, 0xCF, 0xCC, 0xA9, 0x6B, 0x10, 0x7E,
    0x42, 0x7D, 0x1F, 0x34, 0xDE, 0x27, 0xD4, 0xF9, 0xBD, 0x26, 0x78, 0x9F, 0xDF, 0x49, 0x1B, 0xBD,
    0x4E, 0xB3, 0x4B, 0xDA, 0x98, 0x94, 0x6C, 0xC5, 0xED, 0x16, 0x55, 0xB5, 0x13, 0x77, 0xDB, 0xA4,
    0x67, 0x3B, 0xEE, 0x0E, 0xF5, 0x3B, 0xEA, 0x5B, 0x52, 0xB5, 0x8A, 0x4E, 0x6A, 0x12, 0x76, 0x18,
    0x42, 0x08, 0xA0, 0xAD, 0x43, 0xE9, 0x41, 0x46, 0x5B, 0x98, 0x37, 0x25, 0xD5, 0x2A, 0xB0, 0x8A,
    0xDF, 0x06, 0xBD, 0x5A, 0xE0, 0x71, 0xD0, 0x3A, 0x13, 0xF4, 0x1B, 0x27, 0x0B, 0x78, 0x00, 0x2C,
    0x1A, 0x35, 0x13, 0xAA, 0x5F, 0x5C, 0x19, 0xC3, 0x7C, 0xA8, 0xBC, 0xE9, 0x17, 0x0A, 0xA3, 0x08,
    0x48, 0x89, 0xE2, 0x27, 0xBE, 0xD3, 0x32, 0xA2, 0xC4, 0x10, 0x52, 0xAB, 0x61, 0x89, 0x69, 0xEE,
    0x16, 0xE0, 0x14, 0x54, 0xEC, 0x78, 0x96, 0xF9, 0x2E, 0xE4, 0xF1, 0x9A, 0x7E, 0xE5, 0xEF, 0x55,
    0x0C, 0xBD, 0xE6, 0x93, 0x8A, 0x75, 0x53, 0x7A, 0x52, 0x30, 0xA0, 0xC7, 0xB4, 0x22, 0xC0, 0xAD,
    0xD5, 0xD0, 0x4E, 0xF7, 0xF3, 0x5B, 0x67, 0xBC, 0xC7, 0x1A, 0x2D, 0x4B, 0xFC, 0xFA, 0x40, 0xCE,
    0x44, 0x88, 0x82, 0x5A, 0xB4, 0xEA, 0x0C, 0xD4, 0x16, 0xF2, 0x45, 0x7A, 0x13, 0xD5, 0xCD, 0x3F,
    0x11, 0x71, 0x34, 0xFA, 0x68, 0x0C, 0x62, 0xDE, 0x8F, 0x91, 0x92, 0x29, 0x2B, 0xB3, 0x1E, 0x89,
    0x19, 0x34, 0x08, 0xC3, 0x60, 0x43, 0x2D, 0x12, 0x7F, 0x17, 0xDC, 0x8F, 0xD5, 0xB3, 0x53, 0xFD,
    0xB3, 0xA4, 0x8F, 0x3E, 0x1A, 0x75, 0xDB, 0x5A, 0x96, 0xBC, 0x23, 0xB7, 0xC7, 0x99, 0x22, 0xA8,
    0xDA, 0x0B, 0x43, 0x5B, 0x38, 0x2A, 0x6C, 0x0C, 0x9A, 0xAE, 0xE8, 0x18, 0xF7, 0xA7, 0x63, 0xD2,
    0x29, 0x3B, 0xAD, 0x52, 0xDB, 0x92, 0x30, 0x73, 0xCC, 0x20, 0xA4, 0x6D, 0x18, 0xAD, 0xE2, 0xBF,
    0x14, 0x3B, 0xFF, 0x5B, 0xB1, 0x73, 0x90, 0x2F, 0x90, 0x43, 0x38, 0x91, 0x65, 0x6F, 0x96, 0x43,
    0x71, 0x4E, 0x0E, 0xFD, 0x45, 0x72, 0xB0, 0x6E, 0x2C, 0xFE, 0x10, 0x39, 0x44, 0xCC, 0x9C, 0xCF,
    0xCB, 0x41, 0xBD, 0x44, 0x75, 0xB5, 0x8C, 0xBE, 0x92, 0x3B, 0x33, 0x60, 0x1E, 0xCB, 0x5C, 0xA5,
    0x9D, 0xC6, 0xD8, 0x91, 0xB3, 0x68, 0x48, 0x70, 0x2E, 0x46, 0xDA, 0x81, 0x63, 0xA4, 0x23, 0x48,
    0xE4, 0xD8, 0x31, 0xC1, 0x48, 0x5A, 0x27, 0xAB, 0xC8, 0x49, 0xA9, 0x5E, 0x3C, 0xDC, 0x7C, 0xC0,
    0x0D, 0xE0, 0xDF, 0xDA, 0x99, 0x70, 0x50, 0x47, 0xC9, 0x81, 0x05, 0x8D, 0x72, 0x08, 0xF5, 0x98,
    0x88, 0x52, 0x0E, 0xB2, 0x8A, 0x60, 0xEB, 0x76, 0xF0, 0xCA, 0x62, 0x49, 0xE9, 0x41, 0x4E, 0x7A,
    0x42, 0x77, 0xCF, 0xE0, 0x0B, 0x60, 0x11, 0xB5, 0x36, 0x12, 0x62, 0x24, 0xBE, 0x5F, 0x73, 0x02,
    0xF6, 0x1C, 0xA4, 0x69, 0xDE, 0xCA, 0x6D, 0x34, 0x45, 0x08, 0xDD, 0xDF, 0x0A, 0x00, 0x23, 0x2B,
    0x4A, 0x2D, 0x3F, 0x50, 0x74, 0x64, 0x98, 0x5D, 0xA2, 0x4C, 0x87, 0xA8, 0x90, 0x7A, 0x27, 0xD3,
    0x41, 0xB3, 0x54, 0x11, 0x98, 0x1A, 0x59, 0x06, 0x74, 0xA6, 0x5E, 0x00, 0x9A, 0x22, 0xAF, 0x52,
    0x04, 0xD5, 0xB2, 0x4A, 0x50, 0xF7, 0xDA, 0xEA, 0x9A, 0x22, 0xC3, 0xD7, 0x17, 0xDD, 0x7A, 0xB3,
    0xE0, 0xCE, 0x88, 0x52, 0xC5, 0xEA, 0x62, 0x9E, 0xC2, 0x8F, 0xC3, 0x9F, 0x2F, 0x0E, 0xC4, 0xAD,
    0x16, 0x49, 0x9C, 0x15, 0xAB, 0x94, 0x10, 0xD9, 0x42, 0x0B, 0xBC, 0xE9, 0x23, 0xDB, 0x50, 0x23,
    0xBB, 0xBA, 0xFC, 0x4A, 0x97, 0x3F, 0xD4, 0xE5, 0x3B, 0x5D, 0xBE, 0xD5, 0x72, 0x41, 0x73, 0x1C,
    0xAF, 0xE1, 0xF2, 0x3E, 0x2B, 0x26, 0xB6, 0x40, 0x00, 0x2A, 0x68, 0x63, 0x60, 0xF9, 0x50, 0xD3,
    0x19, 0x57, 0x7E, 0xA0, 0x25, 0x02, 0x30, 0x89, 0x15, 0xEB, 0x12, 0x85, 0xBD, 0x1D, 0x26, 0x57,
    0x9E, 0x16, 0x33, 0x94, 0x95, 0x67, 0x1D, 0x47, 0xDA, 0xDB, 0xB2, 0x1D, 0xFA, 0x86, 0xB9, 0x6D,
    0xAE, 0xDA, 0x22, 0x9A, 0xD8, 0x06, 0x00, 0xD6, 0xC0, 0xA5, 0x19, 0x5B, 0x6B, 0x8E, 0xC0, 0x74,
    0xD0, 0x13, 0x2B, 0xEB, 0x5B, 0x3A, 0xAE, 0x54, 0x18, 0x6C, 0xB4, 0xD8, 0xEF, 0x28, 0x62, 0x3F,
    0xAF, 0xF0, 0xFD, 0xA2, 0x6A, 0xE5, 0x75, 0x2E, 0x5A, 0xFE, 0x4C, 0x9D, 0xE4, 0x48, 0xDD, 0x4F,
    0xA5, 0x91, 0xB7, 0xA7, 0xC9, 0x8F, 0x2B, 0x19, 0x8D, 0xDB, 0xBD, 0x95, 0xFB, 0xC4, 0x0C, 0x10,
    0x80, 0xAD, 0xCB, 0x49, 0x83, 0x79, 0xCF, 0xD6, 0x13, 0x7E, 0x61, 0x76, 0x53, 0x90, 0x1E, 0x66,
    0x73, 0x1A, 0xAC, 0x60, 0x31, 0x5B, 0x2A, 0x78, 0x33, 0x92, 0x29, 0xFC, 0x02, 0xE8, 0x3B, 0xD2,
    0x5F, 0x3E, 0x9B, 0x08, 0x6C, 0xBE, 0xF5, 0xFF, 0x67, 0x62, 0x34, 0xF2, 0x6D, 0xF0, 0xA1, 0x65,
    0x93, 0xC8, 0xB7, 0xD1, 0xBB, 0x36, 0xD2, 0x5E, 0x44, 0x2C, 0x36, 0xD6, 0x18, 0xB8, 0x25, 0xF6,
    0x8E, 0xAA, 0x14, 0x1A, 0xDE, 0x55, 0x47, 0x00, 0xFE, 0x2B, 0xB5, 0xA0, 0xA7, 0x74, 0x89, 0x7C,
    0x33, 0xD3, 0x0C, 0x63, 0xCB, 0x9B, 0xD9, 0xCF, 0x1D, 0xE5, 0x76, 0x2E, 0x89, 0x21, 0xCD, 0x31,
    0xD2, 0xC8, 0x00, 0x05, 0xB2, 0xD5, 0x56, 0x69, 0x65, 0x68, 0xEB, 0x80, 0xEF, 0xE7, 0x0D, 0x9B,
    0x4B, 0xD0, 0xCA, 0x96, 0x5A, 0x40, 0xAF, 0xCB, 0xC7, 0x93, 0xAE, 0x19, 0x39, 0xC7, 0x0B, 0xAD,
    0xAB, 0x35, 0x9C, 0x33, 0x46, 0x0E, 0x48, 0x12, 0xF7, 0x6C, 0xA5, 0x9D, 0x06, 0xAF, 0x55, 0xA3,
    0x09, 0xAB, 0x54, 0xE3, 0x99, 0x4B, 0xAD, 0x56, 0x1A, 0x13, 0xBD, 0x41, 0x41, 0x18, 0x35, 0xC1,
    0x3D, 0x16, 0x31, 0x08, 0x14, 0x20, 0xD9, 0xD0, 0x9C, 0xA0, 0xCD, 0x37, 0x52, 0xD5, 0xA6, 0xEF,
    0x72, 0x24, 0xC5, 0x69, 0x58, 0x08, 0xA3, 0x69, 0xC6, 0x3C, 0x60, 0x4B, 0xD9, 0x59, 0x29, 0x90,
    0x69, 0xFB, 0xF8, 0x3D, 0x2D, 0xE5, 0x7F, 0xA5, 0x04, 0x7F, 0xAA, 0x54, 0x8C, 0xA7, 0x96, 0x7C,
    0x41, 0x26, 0xA7, 0x02, 0x51, 0xB1, 0x3C, 0x6B, 0x8F, 0x5D, 0x9E, 0xEB, 0x04, 0xC2, 0x9C, 0x35,
    0xD1, 0x31, 0x45, 0xE7, 0xA1, 0x80, 0xB6, 0x48, 0xE4, 0xB6, 0x76, 0x6D, 0xB6, 0x17, 0x89, 0xD6,
    0x6B, 0xA6, 0x23, 0x75, 0xA1, 0x74, 0x38, 0x35, 0x11, 0xE5, 0xDE, 0x3D, 0x8C, 0xDD, 0xC3, 0xC5,
    0x7E, 0xB6, 0xD5, 0xF1, 0x57, 0xFA, 0xB0, 0xA7, 0x08, 0x02, 0x97, 0xA2, 0xB7, 0x4B, 0x3E, 0xE7,
    0x28, 0x00, 0x14, 0x4E, 0xB7, 0xD6, 0x7D, 0xB2, 0x27, 0x33, 0xAE, 0xD2, 0x65, 0x5B, 0xBC, 0x96,
    0x6E, 0xD0, 0x92, 0xB8, 0x05, 0xC3, 0x05, 0xC9, 0xDB, 0x99, 0x96, 0x9B, 0xE6, 0x8A, 0xA0, 0x60,
    0x73, 0x9F, 0x11, 0xF9, 0x6D, 0x7C, 0x5E, 0xC6, 0x67, 0xB5, 0xED, 0x3E, 0x3B, 0x37, 0x6E, 0xDC,
    0xD8, 0xBA, 0x76, 0xED, 0xDA, 0x57, 0xD6, 0x64, 0x5C, 0xB2, 0xF3, 0xDE, 0xB4, 0x9A, 0x75, 0xC6,
    0x57, 0xAC, 0xF7, 0xBE, 0xA8, 0xDD, 0x17, 0x9D, 0x6D, 0xF7, 0x75, 0x72, 0x21, 0x1B, 0x34, 0x48,
    0x5C, 0x77, 0x99, 0xCF, 0xF3, 0xA0, 0x80, 0x26, 0xCD, 0xFE, 0x28, 0x9F, 0xFF, 0x02, 0xEF, 0xB6,
    0x28, 0xA3, 0x70, 0x48, 0x11, 0x54, 0xDB, 0xD0, 0xF9, 0x16, 0x1E, 0xC7, 0x30, 0x9C, 0xA8, 0xD8,
    0xC1, 0x9D, 0x15, 0x90, 0x03, 0x79, 0xF4, 0x2D, 0x34, 0x05, 0xDE, 0x28, 0x67, 0x99, 0xA1, 0xDB,
    0x5A, 0x25, 0x75, 0xD8, 0xA2, 0xD6, 0xBE, 0x2C, 0x1B, 0xD3, 0xF7, 0xB4, 0xC8, 0xC1, 0x71, 0x0A,
    0x73, 0xA1, 0x81, 0x16, 0xC3, 0xB0, 0x9D, 0x30, 0x03, 0x41, 0xDB, 0x1C, 0x0D, 0x19, 0x06, 0xAA,
    0x92, 0x9D, 0x9A, 0xB2, 0x60, 0x24, 0x28, 0x60, 0x1D, 0x8A, 0xEA, 0x65, 0x71, 0x80, 0x0C, 0xE4,
    0xC3, 0x5F, 0x76, 0xA8, 0x4E, 0xBF, 0x6F, 0xAB, 0x78, 0x64, 0x94, 0xCB, 0x96, 0xD2, 0x3F, 0x74,
    0xB8, 0x53, 0x2F, 0x11, 0xF4, 0x4C, 0x7E, 0xAA, 0x4D, 0xC9, 0x17, 0xD0, 0x09, 0xB1, 0x86, 0x67,
    0x38, 0xFF, 0x88, 0x0A, 0x72, 0x42, 0xC8, 0x80, 0x9A, 0x73, 0x0C, 0xDC, 0x70, 0x64, 0x79, 0xCA,
    0x5D, 0x75, 0xC3, 0x98, 0x1D, 0x1D, 0x86, 0x1F, 0x52, 0xC5, 0xD8, 0x17, 0xB1, 0x66, 0x40, 0x56,
    0x6A, 0x26, 0xAC, 0xB5, 0x5B, 0x8E, 0x73, 0x77, 0x1E, 0x50, 0x4B, 0x5E, 0xD0, 0xB1, 0x45, 0xC4,
    0xC5, 0xBF, 0xB8, 0x45, 0x6E, 0xD7, 0xF8, 0xD9, 0xE7, 0xD4, 0xB1, 0xEE, 0xC1, 0xE3, 0x19, 0x3A,
    0x07, 0x89, 0x65, 0x87, 0xA8, 0x3B, 0xDB, 0x66, 0x0A, 0xF4, 0x50, 0xA5, 0x3C, 0x9F, 0x3F, 0x3A,
    0x16, 0x0A, 0xD9, 0x18, 0x5D, 0x69, 0xE6, 0x64, 0x16, 0xAE, 0x65, 0x96, 0xFE, 0x7F, 0x64, 0xB6,
    0xA1, 0x4D, 0xC9, 0x99, 0xF6, 0x18, 0xB4, 0xA3, 0x43, 0xD6, 0xC4, 0xE8, 0xB8, 0x98, 0x3A, 0xFF,
    0x67, 0x06, 0x4C, 0xAC, 0xF0, 0xD1, 0x97, 0xD2, 0xEE, 0xBD, 0xE4, 0x92, 0x6E, 0xCD, 0xFE, 0xEF,
    0xB1, 0x69, 0x34, 0xB0, 0xCB, 0x13, 0x0D, 0x7A, 0x94, 0x70, 0x26, 0x4C, 0xDD, 0x3B, 0xDE, 0xD3,
    0x76, 0x21, 0x95, 0x94, 0xFF, 0x6F, 0xF6, 0x04, 0x54, 0x9F, 0xAB, 0x17, 0x4F, 0xB3, 0x1D, 0x17,
    0x11, 0xE7, 0xB8, 0x38, 0x9D, 0x46, 0xC4, 0xE0, 0x73, 0x11, 0x31, 0x3A, 0x1B, 0x11, 0xD5, 0xEA,
    0x52, 0x57, 0x88, 0x72, 0xB1, 0xE7, 0xA6, 0x53, 0x48, 0xD1, 0x9B, 0x7C, 0xFC, 0x1B, 0x2D, 0x89,
    0xEC, 0x3F, 0xB0, 0x26, 0xC9, 0xBF, 0x4B, 0x03, 0x27, 0xE4, 0x9A, 0x42, 0x95, 0x97, 0x71, 0x5E,
    0x9E, 0xF1, 0xE8, 0x23, 0xCF, 0x26, 0x45, 0x2E, 0x8D, 0xFB, 0xDA, 0x2A, 0x48, 0x6E, 0xCB, 0xDC,
    0xC8, 0x77, 0xFD, 0x4A, 0x46, 0x3B, 0x36, 0x6D, 0xB4, 0x51, 0x82, 0x50, 0xC3, 0x8E, 0xCE, 0xE3,
    0x03, 0x87, 0xE1, 0x56, 0xFB, 0x9A, 0x6E, 0x64, 0x47, 0x10, 0x1D, 0xFC, 0xA5, 0x45, 0xB2, 0x61,
    0x1F, 0x9F, 0x9E, 0x03, 0xFC, 0x7E, 0xDB, 0xFD, 0x4B, 0x74, 0x1E, 0x6D, 0x0A, 0xB3, 0xB5, 0x7F,
    0xC7, 0x1E, 0x42, 0x8D, 0xCC, 0xD6, 0x16, 0x6C, 0xBC, 0xE2, 0x39, 0xD3, 0xA7, 0x8C, 0x39, 0xA6,
    0x96, 0xCC, 0x10, 0x01, 0x04, 0x15, 0xB7, 0x8B, 0x47, 0x39, 0x13, 0x41, 0x13, 0xE8, 0x32, 0x8F,
    0xA4, 0x3A, 0xE6, 0x84, 0xB5, 0xEB, 0xDD, 0x5E, 0xD1, 0x5E, 0x80, 0x2D, 0x98, 0x24, 0xFE, 0xCD,
    0xD2, 0xCA, 0x7B, 0x0B, 0x26, 0x3E, 0xC7, 0x45, 0xFC, 0x40, 0xB4, 0xAE, 0xD7, 0x91, 0xB8, 0xFA,
    0xD9, 0xF5, 0x1D, 0x11, 0x0A, 0x3E, 0x86, 0x35, 0x15, 0x0C, 0x11, 0xD9, 0x05, 0x3D, 0xB7, 0x8D,
    0xD3, 0x06, 0x96, 0xBF, 0xBF, 0xA7, 0xF5, 0x82, 0x72, 0x95, 0x2F, 0x5E, 0x51, 0x9C, 0x03, 0xA9,
    0x73, 0x00, 0x39, 0x5E, 0x0C, 0x90, 0xA9, 0x2B, 0xA2, 0x29, 0x92, 0xE7, 0x28, 0xD7, 0xEE, 0x0F,
    0x95, 0xDB, 0xFE, 0x7D, 0xCF, 0x82, 0x6D, 0xEC, 0x61, 0x61, 0x40, 0x4C, 0x3D, 0xA6, 0x90, 0x9D,
    0x47, 0xB6, 0x37, 0x86, 0x07, 0x8C, 0x0E, 0xD3, 0x9C, 0x2A, 0xC5, 0xF4, 0xB1, 0xB8, 0xC5, 0xE4,
    0x84, 0x05, 0x53, 0xCA, 0xB0, 0x08, 0x9F, 0xE7, 0x59, 0x41, 0x44, 0x9C, 0xD0, 0xDA, 0x96, 0xED,
    0xE4, 0x90, 0x52, 0xE3, 0x61, 0x30, 0xE1, 0x6B, 0x22, 0xC9, 0x4E, 0x52, 0x51, 0x7F, 0x4E, 0x58,
    0xB3, 0xA4, 0xAA, 0xE5, 0x30, 0xF8, 0x03, 0xD6, 0x4E, 0x88, 0x34, 0xDE, 0xFA, 0xD8, 0x71, 0xF3,
    0xAD, 0xB0, 0xF7, 0x99, 0x67, 0x98, 0x29, 0xA6, 0x1A, 0x4F, 0xEC, 0xB7, 0x6D, 0x15, 0xDA, 0x1F,
    0xD9, 0x06, 0xA9, 0x3A, 0x1C, 0x1D, 0x08, 0x15, 0x8D, 0xA4, 0x1C, 0x6D, 0x32, 0x6C, 0x84, 0x24,
    0xB2, 0xD3, 0x22, 0x2D, 0x69, 0x59, 0x57, 0x68, 0x4A, 0xAC, 0x49, 0x7A, 0xD4, 0x33, 0x5B, 0xA9,
    0xF5, 0xA9, 0xA9, 0xF4, 0x0B, 0x78, 0x0B, 0x0B, 0xB8, 0x52, 0xF2, 0xCB, 0x76, 0x96, 0x0D, 0xD4,
    0x75, 0xCF, 0x76, 0xF3, 0x4D, 0x98, 0x20, 0x36, 0x05, 0x90, 0x60, 0x4B, 0x88, 0xF0, 0x55, 0x1E,
    0x2D, 0x63, 0xC1, 0x68, 0xA4, 0x0D, 0x9D, 0x07, 0xE4, 0xB4, 0x0D, 0x35, 0xAD, 0x55, 0x31, 0x0C,
    0x5C, 0xBE, 0xD7, 0x52, 0xEA, 0x32, 0x68, 0xB3, 0x2D, 0x6D, 0x91, 0x72, 0xBE, 0x0C, 0xA5, 0x4F,
    0x8A, 0x84, 0xFE, 0x14, 0x0D, 0xA0, 0x07, 0xA7, 0x58, 0xFE, 0x64, 0x90, 0x71, 0x9A, 0xDA, 0xB7,
    0xC0, 0xD8, 0x09, 0x60, 0x3B, 0x91, 0x47, 0xE4, 0x0C, 0x38, 0xCD, 0x8A, 0xBB, 0x92, 0xBD, 0xDD,
    0x1A, 0x64, 0x5A, 0x36, 0x58, 0x3A, 0xB5, 0xC6, 0x8D, 0xFD, 0xEF, 0x20, 0x17, 0xB4, 0xAF, 0xB3,
    0xE1, 0xF3, 0x03, 0x94, 0xBD, 0xF6, 0xE7, 0x4A, 0x36, 0xC4, 0x09, 0x38, 0x43, 0x63, 0x27, 0xD3,
    0x52, 0x40, 0xAB, 0x26, 0x18, 0xB4, 0x36, 0x03, 0x67, 0xE0, 0x53, 0xFB, 0x87, 0xD5, 0xF7, 0x4C,
    0xE7, 0xEC, 0xC1, 0x7C, 0xEC, 0x92, 0xB4, 0xB7, 0x5C, 0x43, 0xDB, 0x21, 0x8D, 0x39, 0x45, 0x54,
    0xFA, 0x9D, 0x26, 0xC9, 0x20, 0xFB, 0xC5, 0x3F, 0x3A, 0x1A, 0x55, 0x8A, 0xAC, 0xFF, 0xC1, 0xE4,
    0xE0, 0x0E, 0x52, 0xE2, 0x91, 0x80, 0xA3, 0xD0, 0xEF, 0xB6, 0xD2, 0x04, 0x4E, 0x5B, 0xF6, 0xA5,
    0x1E, 0x7D, 0xB0, 0x62, 0x03, 0x40, 0x6C, 0xBE, 0x19, 0x75, 0x66, 0xC8, 0x87, 0x70, 0x38, 0x19,
    0xC2, 0xE9, 0xDD, 0x01, 0x19, 0x5A, 0x87, 0x1C, 0x25, 0x8B, 0x97, 0x63, 0xD3, 0xEE, 0x7C, 0x3C,
    0x3E, 0xD7, 0xCC, 0xE1, 0x92, 0x57, 0x21, 0x69, 0x5B, 0x36, 0x41, 0x8F, 0xF6, 0x33, 0xFA, 0xD0,
    0x51, 0x17, 0xD4, 0x5A, 0x71, 0xEA, 0x61, 0x16, 0x2B, 0x3C, 0x3B, 0x67, 0x7F, 0x65, 0x75, 0x13,
    0x94, 0xE4, 0xEE, 0x8C, 0xB0, 0x30, 0xFF, 0x45, 0xE1, 0x76, 0xEB, 0x93, 0x22, 0xA4, 0x8E, 0xE8,
    0x47, 0xE7, 0x98, 0xF7, 0xA6, 0xB1, 0xC3, 0x9F, 0x4D, 0x2F, 0x5D, 0xE8, 0xF2, 0x66, 0xED, 0xF2,
    0xED, 0x1E, 0x2A, 0x3D, 0x26, 0x53, 0xB7, 0x90, 0x9E, 0xC8, 0x66, 0x01, 0x9C, 0xD0, 0xB8, 0x59,
    0x16, 0xAA, 0x00, 0x0E, 0x72, 0x16, 0x85, 0x4E, 0x2D, 0x28, 0xE2, 0xA1, 0x38, 0x3B, 0xA4, 0x4D,
    0xCA, 0xE1, 0x87, 0xB0, 0xBE, 0xDF, 0xBE, 0x3F, 0x5C, 0x36, 0xF6, 0x45, 0x8B, 0xDA, 0x97, 0x29,
    0x5C, 0x06, 0x0B, 0xDA, 0xBC, 0x8F, 0xE2, 0x24, 0xEF, 0x97, 0x55, 0x20, 0x79, 0xC3, 0x21, 0xA5,
    0x83, 0x6D, 0xF1, 0xA8, 0x62, 0x87, 0x11, 0x60, 0x45, 0xC8, 0x60, 0xA7, 0x9A, 0x4D, 0x05, 0xCB,
    0xF3, 0x55, 0xCD, 0xB7, 0xED, 0x0F, 0x96, 0xCA, 0x4C, 0x53, 0xBC, 0x7C, 0x39, 0x31, 0xBA, 0xFB,
    0x06, 0x92, 0x8F, 0x55, 0x09, 0x0B, 0x92, 0x49, 0xE3, 0x79, 0xA9, 0x9D, 0x6A, 0x13, 0xA1, 0xFD,
    0x21, 0x37, 0xA3, 0x2E, 0x2A, 0xB3, 0x9D, 0xA8, 0x7B, 0xBA, 0xCC, 0x56, 0x51, 0x77, 0x3D, 0xCF,
    0xDE, 0x8E, 0xFA, 0x6F, 0xE5, 0x19, 0xA2, 0xFD, 0xCF, 0xF3, 0xE7, 0xEB, 0xA8, 0x6F, 0xF2, 0x17,
    0x8A, 0xE8, 0xA4, 0xCA, 0x5F, 0x17, 0x22, 0xC0, 0x11, 0xF3, 0xCC, 0xBC, 0x5B, 0x5A, 0xC2, 0xBD,
    0x0B, 0x2D, 0x0A, 0xFF, 0xFB, 0x85, 0x7F, 0x1F, 0xA8, 0x8C, 0x53, 0x05, 0xD3, 0x42, 0xA8, 0x71,
    0xBB, 0x43, 0x5D, 0x76, 0xEC, 0x9A, 0xF3, 0x14, 0xD8, 0x15, 0xE6, 0x32, 0xF7, 0xC7, 0xF4, 0xCF,
    0x98, 0xEA, 0xDC, 0xA1, 0x8E, 0xD9, 0xA5, 0xF1, 0x5B, 0xC8, 0x3C, 0xAD, 0xE2, 0x29, 0x43, 0x7C,
    0xC0, 0x3B, 0xCF, 0xBE, 0xC9, 0xDE, 0x97, 0xA1, 0x1F, 0x63, 0x09, 0x8E, 0x14, 0x29, 0x0F, 0x3F,
    0xF4, 0xF0, 0x00, 0x48, 0xA0, 0x10, 0x1A, 0x2B, 0xD8, 0x6D, 0x29, 0xC3, 0xDB, 0x6A, 0xE6, 0x87,
    0x1A, 0xE6, 0xB4, 0x63, 0xF7, 0x6B, 0xDA, 0x7C, 0xFC, 0x59, 0xA1, 0x51, 0x6B, 0x5D, 0x7D, 0x93,
    0xEE, 0xE5, 0xEC, 0x41, 0x8F, 0x1D, 0xF4, 0xBF, 0x18, 0x88, 0x3B, 0x4B, 0x71, 0x87, 0x54, 0xA5,
    0xEB, 0x98, 0xF5, 0x0E, 0xBF, 0xF7, 0xDF, 0xC2, 0xC1, 0xDE, 0x18, 0xFD, 0xE6, 0x0E, 0x0E, 0x43,
    0x10, 0xFE, 0x69, 0x86, 0xE4, 0x82, 0x59, 0x04, 0xAD, 0xD5, 0xB5, 0x50, 0x78, 0xEB, 0x32, 0xE4,
    0xF2, 0xB7, 0xB8, 0xD5, 0x99, 0xD6, 0x67, 0x6F, 0xAB, 0xD5, 0xF6, 0x96, 0x8B, 0x8E, 0x28, 0x1E,
    0x91, 0x30, 0x9F, 0xB3, 0xEE, 0x8B, 0x5A, 0x95, 0x19, 0x6C, 0xDB, 0x9D, 0xEC, 0x70, 0xF7, 0x70,
    0xBC, 0x20, 0x71, 0x3D, 0x13, 0x17, 0xF4, 0xEA, 0x5D, 0xF7, 0x49, 0xEE, 0x32, 0x61, 0xFE, 0x7D,
    0x1F, 0xA5, 0x04, 0x07, 0x73, 0xC8, 0x99, 0xCF, 0xFC, 0x57, 0x86, 0x27, 0xC2, 0xD0, 0x3A, 0x14,
    0xE9, 0x19, 0xE7, 0x9E, 0x06, 0x1A, 0xCF, 0x6A, 0xB3, 0xF8, 0xE2, 0x5C, 0xB9, 0x5E, 0x37, 0x59,
    0x59, 0x5C, 0xB3, 0x5F, 0x77, 0x77, 0x0E, 0x7E, 0xB0, 0xB6, 0xD6, 0x4C, 0xF8, 0xFF, 0x3C, 0xE9,
    0x6B, 0xCD, 0xCB, 0x20, 0xF1, 0x90, 0x22, 0x92, 0x2B, 0xF2, 0x3B, 0xCD, 0x5A, 0x4B, 0x8C, 0xDE,
    0xD4, 0x15, 0x3E, 0xB6, 0x93, 0xB8, 0x8A, 0x55, 0x39, 0x0B, 0x66, 0x01, 0x29, 0xB8, 0x8B, 0x2E,
    0xA2, 0x90, 0x8C, 0x37, 0x5D, 0x44, 0xEA, 0x4C, 0x6C, 0x82, 0x54, 0x16, 0x59, 0x64, 0x16, 0x9D,
    0x6E, 0x58, 0xD0, 0x6D, 0x41, 0x6D, 0xB6, 0xA9, 0x3A, 0x89, 0x0D, 0x2C, 0x58, 0x26, 0x95, 0x5A,
    0xA9, 0xAB, 0x92, 0x05, 0x0B, 0x3A, 0x48, 0x4D, 0xA4, 0x66, 0x91, 0x8A, 0x24, 0x76, 0x14, 0xA9,
    0x5D, 0xB0, 0xC0, 0xBC, 0xC4, 0xA2, 0x8B, 0x9A, 0x12, 0x9A, 0xAA, 0x2C, 0x62, 0x84, 0x01, 0x67,
    0x62, 0xFB, 0xF6, 0xFB, 0xCE, 0xFD, 0x1F, 0x33, 0x01, 0x4A, 0x05, 0x8C, 0x32, 0xFF, 0x8C, 0xCF,
    0x3F, 0xE3, 0xC7, 0x3D, 0xE7, 0x9E, 0x7B, 0xCE, 0x77, 0x1E, 0xD7, 0x12, 0xA5, 0x92, 0x95, 0x52,
    0x54, 0xA4, 0x71, 0x2A, 0xF6, 0x73, 0x48, 0x64, 0x49, 0x64, 0x4D, 0xA4, 0xE3, 0xAF, 0xDB, 0x8A,
    0xD7, 0x8A, 0xDF, 0x48, 0xD0, 0x48, 0xD8, 0x48, 0xD4, 0x48, 0x5C, 0x4B, 0x52, 0x4B, 0x56, 0xDB,
    0xBB, 0x03, 0x1C, 0x21, 0x8E, 0x93, 0xE7, 0x24, 0x30, 0xBD, 0x24, 0x17, 0x46, 0x19, 0x97, 0x8C,
    0xD7, 0x1F, 0x19, 0x82, 0xEE, 0xD4, 0x4B, 0x61, 0x73, 0x49, 0xE2, 0xE6, 0x22, 0x1E, 0x68, 0x70,
    0xE0, 0xC1, 0x37, 0x2A, 0x49, 0xDE, 0x2C, 0x25, 0xF9, 0xB8, 0xFC, 0x7E, 0xF4, 0xD9, 0xF5, 0x3A,
    0x30, 0xB7, 0x2B, 0xC7, 0x98, 0x54, 0xA2, 0xDF, 0xDA, 0x61, 0x42, 0x99, 0x7E, 0xE2, 0x31, 0x15,
    0xD7, 0x40, 0xB6, 0xA0, 0x05, 0xD3, 0xB0, 0x26, 0xF3, 0x2A, 0xAC, 0x24, 0x2E, 0xF7, 0xE0, 0x62,
    0x29, 0x53, 0x52, 0x89, 0x78, 0xC6, 0x40, 0x44, 0x12, 0xDC, 0x27, 0x53, 0x82, 0x0B, 0x12, 0xF1,
    0x96, 0x84, 0x33, 0x3B, 0x8D, 0xC3, 0xB9, 0x7B, 0xD3, 0x4D, 0x03, 0x63, 0x4C, 0x9E, 0x18, 0x33,
    0xCA, 0x01, 0xC9, 0x5A, 0x9E, 0x15, 0xD9, 0x07, 0xB2, 0xF6, 0xF4, 0x89, 0x14, 0xA7, 0x25, 0x7C,
    0x63, 0x90, 0x48, 0x96, 0xE5, 0x30, 0xE8, 0x12, 0xE4, 0x39, 0x8C, 0x23, 0x92, 0x45, 0x09, 0xF3,
    0xAB, 0xC2, 0xEB, 0xA7, 0x8B, 0xB3, 0x39, 0xEF, 0x0F, 0xCD, 0x7B, 0xA6, 0x8E, 0xCC, 0x6F, 0x4C,
    0xE5, 0x0D, 0x92, 0x88, 0x3B, 0x42, 0x65, 0xCE, 0x28, 0x18, 0xD1, 0x38, 0xE0, 0x6F, 0x3C, 0xB0,
    0x2E, 0x8E, 0x83, 0x75, 0x76, 0x82, 0x32, 0x5C, 0x21, 0xC1, 0xC5, 0xD8, 0x98, 0x9A, 0x04, 0xD2,
    0x25, 0x38, 0x0E, 0x16, 0xFF, 0xC9, 0xA5, 0x30, 0x06, 0x37, 0x9B, 0x1C, 0xB7, 0x40, 0x15, 0xE2,
    0x90, 0x3C, 0x6A, 0xFE, 0x8D, 0xE7, 0xA1, 0x51, 0x91, 0x66, 0xFE, 0xF9, 0x99, 0xAA, 0xE6, 0xFC,
    0xA6, 0x33, 0x7A, 0xC2, 0xC5, 0xD4, 0xC3, 0x5B, 0x14, 0x63, 0x94, 0x33, 0xF8, 0xB9, 0x0A, 0xC9,
    0xAF, 0xE1, 0x7C, 0x86, 0x81, 0x12, 0x0A, 0x33, 0x8A, 0xF7, 0xAE, 0xA9, 0xFC, 0xB2, 0x68, 0x82,
    0x32, 0xE8, 0x82, 0xDA, 0xE9, 0xFD, 0x41, 0x7A, 0xD7, 0x54, 0xAD, 0x14, 0x1B, 0xB5, 0x44, 0xE0,
    0xAD, 0x5C, 0x93, 0x7C, 0x97, 0x44, 0xF9, 0x32, 0x26, 0x9B, 0x49, 0x98, 0x66, 0x69, 0x2C, 0xC9,
    0x07, 0x3D, 0x16, 0x16, 0x63, 0x2C, 0x28, 0xA7, 0xAB, 0x5E, 0x63, 0xFC, 0x76, 0xF4, 0x9B, 0x53,
    0x6E, 0x35, 0x59, 0x28, 0xD7, 0xDC, 0xE1, 0x3A, 0x6C, 0x60, 0xA9, 0x64, 0x10, 0xB7, 0x13, 0x0F,
    0x77, 0x1F, 0x95, 0x20, 0xCF, 0xFA, 0x30, 0x8D, 0xBC, 0x4F, 0x32, 0xAF, 0x3C, 0x1C, 0x94, 0x91,
    0x5B, 0x2D, 0x85, 0xE9, 0x77, 0x9C, 0xFA, 0x48, 0xC4, 0x29, 0x9D, 0x8A, 0xEF, 0xA5, 0xF6, 0xFC,
    0x52, 0x08, 0x49, 0xEA, 0xE5, 0xB0, 0xF4, 0xDC, 0x2A, 0xF2, 0xDA, 0xC8, 0x2B, 0xC3, 0xB4, 0xC0,
    0x38, 0x5E, 0xB5, 0x1B, 0xC2, 0x38, 0x9D, 0x38, 0xD0, 0x48, 0xF2, 0xC1, 0x05, 0xB0, 0xD8, 0x83,
    0x59, 0xE1, 0xB3, 0x9B, 0xA4, 0xF8, 0xBD, 0xFF, 0xAF, 0x3E, 0xBA, 0xDE, 0x25, 0xC7, 0xDA, 0xCC,
    0x6B, 0xAF, 0x79, 0xCD, 0x18, 0x34, 0xC5, 0xFE, 0x26, 0xFB, 0x78, 0x23, 0x7A, 0xB6, 0x93, 0xBD,
    0xE9, 0x79, 0x89, 0x21, 0x55, 0x8F, 0x61, 0xDB, 0x4C, 0xA2, 0xF7, 0xA0, 0xA9, 0x1B, 0x9D, 0x24,
    0x2F, 0xB4, 0x12, 0xE3, 0x3B, 0xBC, 0xDE, 0x8B, 0x5F, 0x5D, 0x85, 0xDC, 0x47, 0x21, 0x41, 0x24,
    0x0B, 0xAB, 0xAB, 0xB4, 0x84, 0xEA, 0xE0, 0xFA, 0x2B, 0x98, 0x92, 0xFB, 0xB9, 0x63, 0x61, 0x55,
    0x32, 0x93, 0x66, 0x46, 0x9E, 0x5E, 0x97, 0xAF, 0xD0, 0xC1, 0x59, 0x53, 0x43, 0x07, 0xFE, 0xA7,
    0x57, 0xA1, 0x03, 0xA7, 0xA1, 0x0E, 0x9C, 0x26, 0x84, 0x0E, 0xF0, 0x37, 0xE6, 0xED, 0x34, 0x8B,
    0xA4, 0x77, 0x3B, 0xA5, 0x35, 0x74, 0xE0, 0x34, 0x2D, 0x74, 0xE0, 0x34, 0x57, 0xA0, 0x03, 0xA7,
    0x39, 0x0A, 0x1D, 0xB8, 0x6D, 0xF4, 0x78, 0x19, 0x9E, 0x18, 0x83, 0xDB, 0xD0, 0x01, 0x58, 0x7C,
    0xA9, 0x0E, 0x60, 0x53, 0x3D, 0xA4, 0x86, 0xD3, 0x8A, 0x3F, 0x62, 0x45, 0xCB, 0x65, 0xAF, 0x5A,
    0x73, 0x6B, 0xFC, 0x2E, 0x79, 0x75, 0xF2, 0x64, 0x19, 0x9A, 0xD4, 0x79, 0x49, 0x64, 0xAF, 0xCC,
    0x1D, 0x6D, 0x72, 0x2C, 0x3C, 0xF5, 0x3B, 0x3B, 0xDF, 0x0B, 0xEB, 0xF9, 0xBD, 0xD7, 0x36, 0x39,
    0x24, 0xAD, 0xBF, 0x4A, 0xD4, 0x72, 0xE1, 0xEE, 0xAD, 0x73, 0x67, 0xF0, 0x9A, 0x33, 0x4E, 0x05,
    0x3B, 0xEB, 0xC5, 0x81, 0xFF, 0x95, 0x70, 0x12, 0x69, 0x77, 0xF9, 0xE5, 0x81, 0x78, 0xFD, 0x72,
    0x62, 0xDA, 0x83, 0xEB, 0xE7, 0xA7, 0x77, 0xC2, 0x6A, 0x32, 0x39, 0x7F, 0x86, 0x77, 0xEE, 0x07,
    0x74, 0x54, 0xD4, 0x90, 0xF4, 0x87, 0xA4, 0x3F, 0xEA, 0x74, 0xF1, 0xED, 0xC6, 0x87, 0xAB, 0xAF,
    0x8A, 0x37, 0x4A, 0xD0, 0xC1, 0xC7, 0x61, 0xBF, 0x70, 0x48, 0x91, 0x87, 0xCE, 0xBB, 0x2F, 0x63,
    0x5A, 0xB5, 0xCF, 0xD9, 0xD6, 0x01, 0x69, 0x15, 0xE2, 0xB9, 0xAC, 0x0C, 0xE1, 0x47, 0x45, 0x09,
    0x54, 0x80, 0xCF, 0x28, 0x4D, 0x63, 0x52, 0x9A, 0xBA, 0x63, 0xE8, 0x56, 0xAE, 0x21, 0xA2, 0x61,
    0x40, 0xF8, 0x95, 0x67, 0x1C, 0x50, 0xDF, 0x1C, 0x2F, 0xAE, 0x4B, 0x50, 0x0C, 0x09, 0x3C, 0x3C,
    0x6A, 0x63, 0xAC, 0xBA, 0x93, 0xC2, 0xF3, 0x23, 0x8B, 0x35, 0x76, 0x7E, 0x8A, 0x80, 0x89, 0x02,
    0x5B, 0xA2, 0x8E, 0x15, 0xE5, 0xB3, 0xC9, 0x03, 0x5E, 0x4C, 0x19, 0x99, 0x8D, 0x01, 0xAA, 0x22,
    0x98, 0x7D, 0x19, 0x89, 0x48, 0x02, 0x12, 0xE7, 0x15, 0x10, 0x71, 0xBF, 0x01, 0xD9, 0x5F, 0x0F,
    0x00, 0xE8, 0x9A, 0xE0, 0x40, 0x7D, 0xA4, 0x49, 0x99, 0x55, 0x59, 0x09, 0xA0, 0x86, 0x7A, 0x6A,
    0x1A, 0x82, 0x14, 0x90, 0x94, 0xBF, 0xC9, 0xA0, 0x72, 0xC3, 0x79, 0x8A, 0x1C, 0x96, 0xB2, 0x57,
    0x4F, 0xC2, 0x00, 0x09, 0x7B, 0x57, 0xA8, 0x76, 0xAE, 0x51, 0x27, 0x8F, 0x8E, 0xF9, 0xD3, 0x58,
    0xE3, 0xE2, 0x5C, 0x70, 0xB7, 0x8D, 0xAF, 0xF7, 0x89, 0xF4, 0xD7, 0xA4, 0x1F, 0x9C, 0x7E, 0x80,
    0xCF, 0xF8, 0x75, 0x82, 0x67, 0xEF, 0x88, 0x7B, 0xEE, 0x80, 0xB8, 0x0D, 0x34, 0xD2, 0x21, 0x3A,
    0xC0, 0x63, 0xA4, 0x00, 0x9C, 0x66, 0x4F, 0xB4, 0x92, 0x1D, 0x6F, 0x64, 0x8C, 0x6A, 0xAF, 0x4B,
    0xD2, 0x00, 0xDE, 0x12, 0x3D, 0xD6, 0xCA, 0x32, 0x41, 0x0E, 0xB7, 0x85, 0x29, 0xB4, 0x4F, 0x8C,
    0x2C, 0x18, 0x38, 0xBE, 0x0B, 0xD6, 0x58, 0xA1, 0x33, 0xEA, 0x04, 0x57, 0x25, 0x28, 0x29, 0x03,
    0x15, 0xDD, 0x03, 0x56, 0x19, 0x53, 0x2E, 0x7B, 0x8D, 0xD3, 0xC1, 0x11, 0x6A, 0xB7, 0xF5, 0xAA,
    0xA4, 0x7A, 0x66, 0x3C, 0x91, 0xBF, 0x5A, 0xAD, 0xAF, 0x9F, 0x74, 0x5F, 0xC7, 0xAD, 0x6B, 0x01,
    0x78, 0x4A, 0x7B, 0x08, 0x73, 0x71, 0x9B, 0xBF, 0x20, 0xAC, 0xF8, 0x25, 0xAD, 0x3A, 0x4C, 0x57,
    0xB3, 0x15, 0xCE, 0x28, 0xE1, 0x68, 0xAE, 0xC9, 0x9D, 0x46, 0xF6, 0x60, 0x2E, 0xE0, 0xBE, 0xC8,
    0xB5, 0x07, 0x5F, 0x72, 0x6F, 0xC9, 0xDD, 0xAD, 0xC9, 0x1D, 0x06, 0x09, 0xEE, 0x10, 0x0D, 0xF7,
    0x1F, 0x55, 0xEE, 0xC4, 0xE0, 0xCE, 0xF9, 0xC8, 0x9C, 0x73, 0x3A, 0xEF, 0xEF, 0xB7, 0x1A, 0xB7,
    0x0D, 0xCE, 0x3E, 0xD7, 0x3D, 0x33, 0x3E, 0x15, 0x1C, 0x6B, 0xD7, 0xD7, 0x4F, 0x8B, 0xD7, 0x50,
    0x38, 0x88, 0xEB, 0x36, 0x14, 0x17, 0xCF, 0x5F, 0x86, 0x4A, 0xE1, 0x76, 0xFB, 0x60, 0x20, 0x91,
    0x9C, 0x07, 0x8B, 0x6B, 0xEB, 0x15, 0x58, 0xC0, 0x12, 0x30, 0xB5, 0xF5, 0xF5, 0xA9, 0x75, 0x14,
    0x35, 0x58, 0x7A, 0x9F, 0x00, 0x45, 0x70, 0x9E, 0x2C, 0x9D, 0x72, 0x20, 0x4B, 0x47, 0x59, 0x3E,
    0x59, 0x39, 0x6A, 0xA9, 0x74, 0x5F, 0xBF, 0x0D, 0xF0, 0x90, 0xD3, 0x45, 0xD2, 0x2F, 0x39, 0xDD,
    0xB2, 0xD7, 0x9D, 0xF6, 0xDA, 0x2E, 0x6C, 0x93, 0x0B, 0x6F, 0x36, 0x8B, 0x6D, 0x30, 0xFA, 0xE5,
    0x9F, 0x71, 0x6B, 0x78, 0xEC, 0x06, 0x68, 0x1C, 0x50, 0x7D, 0x6B, 0x8B, 0x4F, 0xDE, 0xC4, 0xAC,
    0x12, 0x22, 0x78, 0xBD, 0xF0, 0xD4, 0xDB, 0x14, 0x0F, 0xFA, 0x89, 0x94, 0xE9, 0x51, 0x71, 0xE8,
    0x63, 0xBF, 0x60, 0xC8, 0x20, 0x06, 0xA5, 0xFA, 0x8D, 0x49, 0xCF, 0x3F, 0x34, 0x63, 0xAC, 0x85,
    0xCB, 0xC8, 0xD3, 0xE8, 0x2D, 0x74, 0x21, 0xDA, 0x4A, 0xC6, 0x90, 0x53, 0x3E, 0x00, 0xC1, 0xE2,
    0x1C, 0x01, 0xB1, 0x2C, 0xCA, 0xAC, 0x4C, 0x3E, 0x30, 0x69, 0x68, 0x06, 0x91, 0x9F, 0xAB, 0x2B,
    0xAC, 0x92, 0xE8, 0x90, 0x36, 0x94, 0x4C, 0xE2, 0xA9, 0xAE, 0x2B, 0x3E, 0x2B, 0x73, 0x36, 0x61,
    0x33, 0x77, 0x1A, 0x0D, 0xAA, 0xC2, 0x60, 0x2C, 0xEE, 0x87, 0x84, 0x23, 0xEF, 0x35, 0xD2, 0xE0,
    0x05, 0xC6, 0xB2, 0x88, 0xDE, 0x2C, 0xCB, 0x4A, 0xD7, 0x10, 0x38, 0x21, 0x1D, 0x29, 0xD4, 0x07,
    0x20, 0xF3, 0x36, 0x5E, 0x01, 0x0D, 0xE1, 0x69, 0x74, 0x4C, 0x38, 0x31, 0x67, 0x68, 0xB8, 0x7E,
    0x0C, 0x4E, 0x8C, 0xAC, 0x29, 0x72, 0x11, 0xB8, 0x73, 0x3C, 0x22, 0x3E, 0xDE, 0x04, 0x08, 0x27,
    0x8A, 0x77, 0xB2, 0x7B, 0x65, 0xEE, 0xB9, 0x05, 0x05, 0x75, 0x06, 0xF5, 0x59, 0x3D, 0xE1, 0xC8,
    0x4E, 0x91, 0xD3, 0xF9, 0x89, 0xCA, 0xA0, 0xB2, 0xC5, 0xAA, 0xD6, 0x6B, 0xCC, 0xBA, 0x60, 0x87,
    0x50, 0x2B, 0xE0, 0x28, 0xDD, 0x21, 0x72, 0xEE, 0xB2, 0x2B, 0x9E, 0x5F, 0xE4, 0xEA, 0x6F, 0x40,
    0x08, 0xEF, 0x43, 0xA2, 0xBE, 0x97, 0x1B, 0x95, 0x70, 0xD7, 0x8E, 0x59, 0x77, 0x5D, 0xDE, 0x8E,
    0x78, 0xE1, 0xF6, 0x4C, 0xFA, 0x40, 0x19, 0x9D, 0x9A, 0x20, 0x97, 0xAD, 0x9F, 0xFB, 0x2B, 0xE7,
    0x1E, 0x15, 0x27, 0x51, 0x91, 0x4F, 0x2D, 0x91, 0x5E, 0x7C, 0x98, 0xF4, 0xD2, 0xA1, 0xF9, 0xF9,
    0xFB, 0x25, 0x1B, 0xD3, 0xE1, 0x61, 0xD3, 0xB7, 0xFB, 0x8F, 0x8E, 0xE1, 0x42, 0xFC, 0xB3, 0x2D,
    0x6B, 0x00, 0x04, 0xCB, 0x46, 0xBF, 0x97, 0x01, 0x1F, 0x3F, 0xC0, 0xF7, 0x65, 0x2B, 0xA8, 0xD3,
    0x58, 0x6F, 0xF3, 0xCA, 0x44, 0xF3, 0x01, 0x24, 0x8B, 0x9A, 0x8A, 0x2C, 0x22, 0x67, 0xE5, 0xF7,
    0x9A, 0x4D, 0x67, 0xE5, 0xCE, 0xAA, 0x7E, 0x23, 0x43, 0x57, 0xDB, 0x09, 0xDE, 0xF9, 0xA9, 0xDA,
    0xBD, 0x4A, 0x08, 0x7B, 0x5F, 0x66, 0x90, 0x06, 0x30, 0x22, 0x61, 0x1A, 0x80, 0x9E, 0x80, 0x29,
    0xE4, 0xA5, 0x11, 0x65, 0xBC, 0x60, 0xD3, 0x74, 0x14, 0x07, 0xF6, 0x49, 0xEB, 0x33, 0x00, 0x5A,
    0x73, 0xA1, 0x97, 0xB0, 0xC5, 0x6D, 0x49, 0x89, 0x67, 0x4C, 0xEA, 0xF6, 0x18, 0xC2, 0xD5, 0x2C,
    0x41, 0x42, 0x55, 0x13, 0xB5, 0xC7, 0x84, 0xC0, 0xEA, 0xD4, 0x92, 0x7A, 0x2B, 0xE1, 0xB9, 0xB8,
    0x65, 0x16, 0x0F, 0xD0, 0x46, 0x49, 0x70, 0xEE, 0x24, 0x54, 0xC3, 0xF9, 0x93, 0x85, 0x78, 0x6F,
    0x53, 0x64, 0x5D, 0x84, 0x5E, 0xA6, 0x80, 0xCA, 0xBF, 0x54, 0x63, 0xC5, 0x39, 0xFE, 0xBB, 0x60,
    0x93, 0x85, 0x6A, 0x6E, 0x5D, 0xFA, 0x80, 0x86, 0x5B, 0x7C, 0x1E, 0x98, 0x99, 0x5E, 0xA6, 0x13,
    0xB0, 0x14, 0x92, 0x22, 0x7C, 0x71, 0x8A, 0xA0, 0xBD, 0x3C, 0x02, 0x85, 0xF4, 0xF2, 0xA0, 0x28,
    0x26, 0x83, 0xEA, 0x00, 0x2A, 0x3E, 0xB3, 0xB9, 0x54, 0x33, 0xAE, 0x74, 0x96, 0x91, 0x28, 0xAB,
    0x4C, 0x01, 0xB8, 0x50, 0x8A, 0xBC, 0x60, 0x45, 0xCB, 0x06, 0x4D, 0x81, 0x1C, 0xC2, 0x3B, 0x21,
    0x0F, 0x8F, 0xC2, 0x5B, 0x0B, 0x63, 0x6C, 0xDE, 0x60, 0x41, 0x47, 0xD5, 0xC3, 0xEA, 0x8D, 0x23,
    0xE5, 0xD3, 0xF9, 0x6C, 0xC6, 0xF0, 0xFB, 0x2D, 0xA7, 0x55, 0x28, 0x13, 0x68, 0x5C, 0xA7, 0x9C,
    0xC1, 0x7B, 0xBA, 0x90, 0xE9, 0x9A, 0xAA, 0xF3, 0x81, 0x9D, 0x22, 0xA7, 0xB5, 0xC4, 0x94, 0xEA,
    0x4B, 0x9E, 0x53, 0x7A, 0xAC, 0x57, 0xC3, 0x6F, 0xB7, 0x42, 0xCE, 0xFD, 0x95, 0x93, 0xDA, 0xE4,
    0x6A, 0xFB, 0xAD, 0xA6, 0x21, 0xB6, 0xFE, 0xDD, 0x35, 0x95, 0xAC, 0xC3, 0xD1, 0x8A, 0xC2, 0xC6,
    0x60, 0x6D, 0x83, 0xE9, 0x35, 0xA5, 0xA1, 0x2C, 0x91, 0x4D, 0x16, 0xF4, 0xA0, 0x0C, 0x94, 0x80,
    0xFC, 0x0B, 0xCD, 0x18, 0x6C, 0xA1, 0x6A, 0x52, 0xC5, 0x98, 0xD8, 0xDC, 0x04, 0xC7, 0x76, 0x9A,
    0x2C, 0x70, 0x44, 0x3B, 0x1D, 0xAD, 0xCD, 0x4F, 0x6F, 0xB1, 0x30, 0xB2, 0x55, 0xBE, 0xF6, 0x36,
    0x05, 0x30, 0x35, 0xCB, 0x40, 0x5D, 0xB7, 0x9B, 0x3E, 0x3A, 0xF7, 0xDF, 0x78, 0xEE, 0xBA, 0xD5,
    0x54, 0x07, 0xAA, 0x02, 0x5D, 0x89, 0x59, 0xBD, 0x4C, 0x41, 0x54, 0x92, 0xA9, 0x28, 0x9C, 0x7C,
    0x51, 0xA9, 0x19, 0x05, 0xFF, 0x44, 0x8D, 0x97, 0x5E, 0x99, 0x19, 0xD0, 0xF6, 0xCC, 0x9D, 0x95,
    0x02, 0x7A, 0x1F, 0xD7, 0x07, 0x3D, 0x1E, 0x61, 0xDE, 0x28, 0xDB, 0xA7, 0x6B, 0xD8, 0xD4, 0x39,
    0xA5, 0x1C, 0x73, 0x74, 0x59, 0xDD, 0x0C, 0xEC, 0xC7, 0x60, 0x6C, 0x0C, 0x83, 0xD1, 0xA3, 0x8E,
    0xE3, 0xF3, 0xB7, 0x25, 0xC0, 0x45, 0xA4, 0x40, 0xE0, 0x7A, 0x42, 0x3B, 0x72, 0xC2, 0x3D, 0xE0,
    0x85, 0xFB, 0xC1, 0x0D, 0x70, 0x08, 0x7E, 0x28, 0xCB, 0x30, 0x14, 0x7F, 0x73, 0xB2, 0x33, 0x69,
    0x30, 0x68, 0x21, 0xD5, 0xAA, 0x65, 0x69, 0x97, 0xE2, 0xA6, 0x6C, 0x8A, 0xFF, 0x45, 0xDE, 0x68,
    0x7A, 0xB8, 0xC1, 0x05, 0x42, 0x86, 0xC0, 0x35, 0xF1, 0xD3, 0x09, 0x58, 0x6F, 0xCA, 0x11, 0xB2,
    0x01, 0xF0, 0x0F, 0x3E, 0x06, 0x5F, 0x35, 0x0E, 0xA2, 0x3E, 0xCA, 0xA9, 0x92, 0x5D, 0x26, 0x7E,
    0xC1, 0xBF, 0x03, 0x48, 0xCF, 0x5C, 0xFB, 0xA9, 0x86, 0x5E, 0x14, 0x42, 0xC2, 0x46, 0xC3, 0x1D,
    0x13, 0xE7, 0x45, 0x4C, 0x11, 0x1C, 0x96, 0x1D, 0xC3, 0xEA, 0x7B, 0x49, 0xCC, 0xF3, 0xFA, 0x95,
    0xDD, 0x60, 0xAD, 0x20, 0xC9, 0x2D, 0x7C, 0x5D, 0x96, 0xF8, 0x6E, 0xCE, 0x3C, 0x37, 0x24, 0x77,
    0x96, 0x5F, 0x9A, 0xF9, 0x7A, 0x4C, 0x8A, 0x1B, 0xAB, 0xBB, 0x0D, 0x41, 0x6B, 0x04, 0x53, 0x98,
    0x80, 0xB9, 0x6D, 0x66, 0x58, 0xA7, 0x8A, 0xD4, 0xC1, 0x7C, 0x1B, 0xD6, 0xBA, 0x7B, 0xD0, 0x1B,
    0x73, 0xCF, 0x69, 0x61, 0x46, 0xD7, 0x8B, 0xAB, 0x98, 0x94, 0x5C, 0x10, 0x2A, 0xA8, 0xE4, 0xBF,
    0x45, 0xC9, 0x25, 0x45, 0x4D, 0x4A, 0x5A, 0x71, 0x39, 0xB3, 0x8A, 0x8B, 0x59, 0x94, 0xC9, 0x8C,
    0x9A, 0x52, 0x9B, 0x30, 0x69, 0xC2, 0xF0, 0x45, 0xE5, 0x13, 0x0F, 0xA6, 0xEB, 0xC5, 0x35, 0x6A,
    0xD9, 0x54, 0xC3, 0xBF, 0x05, 0x6A, 0x1E, 0xF3, 0xE1, 0xA0, 0x6C, 0xAB, 0x4D, 0xCE, 0x63, 0x31,
    0x3C, 0xB0, 0x18, 0x5E, 0xCF, 0x6B, 0x55, 0x2B, 0x6D, 0xBA, 0xC3, 0xA4, 0x9D, 0x94, 0x0D, 0x6A,
    0x0F, 0x7A, 0x21, 0x62, 0x3D, 0x83, 0x8A, 0xAC, 0xD5, 0x7B, 0xF6, 0xED, 0x28, 0x69, 0x6D, 0x75,
    0x10, 0xD5, 0x4C, 0xC5, 0xB2, 0x91, 0x8E, 0xBB, 0xC1, 0xE8, 0xE3, 0xD4, 0x16, 0x77, 0x9D, 0x1D,
    0xA6, 0x5B, 0xDB, 0xA8, 0x50, 0x33, 0xCD, 0x1E, 0xEF, 0x67, 0x74, 0x51, 0x9A, 0x7B, 0x32, 0xDE,
    0x1D, 0x21, 0xED, 0x11, 0xF9, 0x1E, 0xDA, 0x91, 0x68, 0xC1, 0xF9, 0xB7, 0x6A, 0x87, 0x10, 0x02,
    0xB3, 0xC8, 0xF1, 0x37, 0xCE, 0xE0, 0xFC, 0x11, 0x79, 0x78, 0x8B, 0xC8, 0x41, 0xCA, 0xE7, 0xFF,
    0xA0, 0x62, 0xF7, 0x73, 0xB1, 0x5D, 0x15, 0xDB, 0x57, 0xB1, 0x43, 0x15, 0x7B, 0x49, 0xC5, 0xBE,
    0x44, 0xB1, 0x9D, 0x9A, 0x62, 0x7B, 0x25, 0x05, 0x0E, 0x55, 0xEC, 0xC3, 0x2A, 0xF6, 0x29, 0x15,
    0xBB, 0xA1, 0xD8, 0xEF, 0x57, 0x14, 0xFB, 0xC3, 0x94, 0x62, 0x8F, 0x13, 0x48, 0x9C, 0x89, 0xED,
    0xA9, 0xD8, 0xFE, 0x6D, 0x8A, 0x1D, 0x6E, 0x51, 0xB2, 0x5A, 0xB1, 0x58, 0x38, 0x4B, 0x14, 0x28,
    0xB4, 0xB6, 0x20, 0xA2, 0x6C, 0x59, 0x8F, 0xD8, 0x0C, 0xBE, 0x69, 0x62, 0xD3, 0xA1, 0xE9, 0x43,
    0x51, 0x4F, 0x2B, 0xE0, 0xAC, 0x29, 0xFA, 0x5C, 0x56, 0xDC, 0xD7, 0xA4, 0x16, 0x0B, 0x04, 0x8E,
    0x8E, 0xE2, 0x33, 0xFA, 0xC3, 0x80, 0x38, 0xA0, 0x1A, 0x84, 0x41, 0xF2, 0x8B, 0x38, 0x8D, 0x3E,
    0x0A, 0x54, 0xEA, 0x2B, 0x14, 0xA3, 0x78, 0x81, 0x92, 0xD1, 0xB7, 0x80, 0x05, 0x86, 0x1A, 0x11,
    0x22, 0x8D, 0x0D, 0xCB, 0x4C, 0x59, 0xB9, 0xF2, 0x21, 0x5B, 0xC8, 0xE2, 0xD8, 0xBC, 0x78, 0x5A,
    0x34, 0x4E, 0x6A, 0xCB, 0x76, 0x9E, 0x32, 0x5C, 0x53, 0x69, 0xF5, 0xC4, 0xBC, 0xB2, 0xDC, 0x21,
    0xD2, 0xAE, 0xDA, 0xA6, 0xA9, 0x96, 0x04, 0x0A, 0x14, 0xF1, 0x0B, 0x94, 0xF9, 0x2A, 0x01, 0x1F,
    0xAA, 0x5D, 0xD9, 0x59, 0xD2, 0x4E, 0x3B, 0xDF, 0xA0, 0xE8, 0x2B, 0x83, 0x0E, 0x4A, 0xE7, 0x2D,
    0xF0, 0x1D, 0x25, 0xED, 0x82, 0x6A, 0x2F, 0x53, 0xD9, 0xB4, 0xD8, 0xF2, 0x34, 0x4C, 0x04, 0xD5,
    0xAC, 0x5B, 0x3E, 0xE9, 0xE6, 0x42, 0xD4, 0x32, 0x33, 0xE7, 0x81, 0x14, 0xC1, 0xA8, 0x3D, 0xEB,
    0x91, 0x2D, 0x30, 0x48, 0x0B, 0xEE, 0x90, 0x3C, 0x64, 0x3B, 0x29, 0x5D, 0xD4, 0x4C, 0x6B, 0x4D,
    0x33, 0x2F, 0x4E, 0x3A, 0xBB, 0xC1, 0x71, 0x92, 0x77, 0x99, 0x7C, 0x25, 0xB7, 0x15, 0x3B, 0xB5,
    0x9F, 0x61, 0x53, 0xD9, 0x49, 0x12, 0xBB, 0xA9, 0xDA, 0xB6, 0x49, 0xAC, 0xEE, 0x16, 0x3D, 0x64,
    0x36, 0x6C, 0x86, 0xFB, 0x05, 0xD9, 0xA0, 0xAF, 0xD9, 0x20, 0x33, 0x9A, 0x60, 0x34, 0x54, 0x0A,
    0x73, 0x98, 0x96, 0xB9, 0x0C, 0x51, 0x00, 0x1E, 0x0E, 0x17, 0x56, 0x52, 0xB3, 0xF2, 0xAB, 0x70,
    0x01, 0x18, 0xD0, 0x41, 0x26, 0x8C, 0xAC, 0x29, 0xB6, 0x31, 0x2F, 0x7D, 0x49, 0x36, 0x38, 0x75,
    0xE5, 0x58, 0xFF, 0x75, 0xCC, 0x13, 0x64, 0xE5, 0xF5, 0xAA, 0x1B, 0x34, 0x9C, 0x8D, 0x75, 0x1B,
    0x63, 0xCB, 0x23, 0xA6, 0x0C, 0x45, 0x13, 0x19, 0x96, 0xAC, 0xB5, 0xF9, 0x0F, 0xEE, 0xCF, 0xDE,
    0xD2, 0xF9, 0x65, 0x37, 0x34, 0xFA, 0x66, 0x7F, 0xD3, 0xAF, 0xE2, 0x79, 0x3D, 0x69, 0x9E, 0xB7,
    0x49, 0xE8, 0x63, 0x1C, 0x9A, 0xAD, 0xE7, 0x5E, 0xF9, 0x07, 0x9A, 0x98, 0xA9, 0x24, 0xDE, 0xB0,
    0xC8, 0x2A, 0xDC, 0xEB, 0x33, 0xEC, 0x0D, 0x61, 0xDD, 0x33, 0x77, 0x60, 0x20, 0x4F, 0x58, 0xDC,
    0x87, 0x30, 0x94, 0x4A, 0x99, 0xEF, 0x9B, 0xD5, 0x66, 0x44, 0xA6, 0x39, 0xE2, 0xD8, 0x66, 0x96,
    0xFC, 0x68, 0x90, 0xB9, 0x2A, 0x27, 0x95, 0x92, 0xDE, 0xA7, 0x66, 0xE8, 0xAA, 0xE6, 0x4F, 0x6F,
    0xC9, 0xBA, 0xF6, 0x8C, 0x3F, 0xD6, 0xDA, 0x23, 0x45, 0xD6, 0x84, 0xBC, 0xAB, 0xE7, 0x72, 0x52,
    0x91, 0x51, 0xC3, 0xCD, 0xAA, 0xCA, 0xA3, 0xFA, 0x08, 0x80, 0x65, 0x40, 0x14, 0x84, 0x22, 0xD1,
    0x48, 0x87, 0x0E, 0x72, 0x66, 0x82, 0xF9, 0x05, 0x24, 0x6B, 0x6F, 0xBE, 0xDE, 0xA2, 0x41, 0x70,
    0xC2, 0x94, 0xE1, 0x80, 0xDD, 0x04, 0xA4, 0x18, 0x2B, 0xB3, 0x1C, 0x7F, 0xD8, 0x92, 0xE3, 0x5F,
    0xDD, 0x02, 0x86, 0xDB, 0xC3, 0x77, 0x61, 0x52, 0xF5, 0x68, 0x02, 0x29, 0xE1, 0x5B, 0xCC, 0x95,
    0x99, 0xFB, 0xCC, 0xAB, 0xC2, 0xED, 0xE1, 0x4B, 0x3D, 0xFB, 0x5D, 0x40, 0x3F, 0xBB, 0x80, 0x7E,
    0x4A, 0x81, 0x99, 0x1F, 0x09, 0xDA, 0xCD, 0x29, 0xD7, 0x36, 0xE9, 0x79, 0x1A, 0xE3, 0x35, 0xB8,
    0x2B, 0x39, 0xEC, 0xD4, 0x9B, 0xA1, 0x66, 0x7B, 0xF8, 0x3E, 0x38, 0xCD, 0xDB, 0xBC, 0x37, 0xD8,
    0xF4, 0x63, 0x7E, 0xEF, 0xD1, 0xE9, 0x1D, 0x0D, 0xEA, 0xBF, 0xDC, 0x56, 0xE6, 0x7B, 0x46, 0x39,
    0xA9, 0x88, 0x70, 0x0B, 0xF8, 0xC0, 0x81, 0x2B, 0x34, 0xAC, 0xF8, 0x3C, 0x46, 0x68, 0xE1, 0x42,
    0x26, 0x8D, 0xE8, 0xFF, 0x46, 0x19, 0x80, 0x0F, 0x58, 0x0C, 0x27, 0x5B, 0x32, 0xA1, 0xF7, 0xE3,
    0xA6, 0x41, 0x6B, 0xE2, 0xA8, 0x53, 0xBC, 0xA2, 0x23, 0xE2, 0xE4, 0xAB, 0x3D, 0x7A, 0x56, 0xD9,
    0x9B, 0x37, 0x8C, 0x5C, 0x02, 0xDE, 0x3D, 0x66, 0x90, 0xD9, 0xA1, 0xFB, 0xAA, 0xA9, 0x51, 0x6A,
    0xAD, 0x76, 0x8F, 0xD6, 0xE8, 0x8D, 0x33, 0xA0, 0xA5, 0x84, 0x9F, 0xB0, 0xF1, 0x9A, 0xB8, 0x76,
    0x53, 0xBA, 0xDF, 0xAC, 0x0C, 0xCB, 0xED, 0x81, 0x6C, 0x01, 0xE7, 0x70, 0xAD, 0xC1, 0x96, 0x9E,
    0x19, 0x75, 0xD3, 0x55, 0x7E, 0x35, 0x09, 0xB4, 0x19, 0x2E, 0xB2, 0x0F, 0x89, 0x1D, 0x23, 0x82,
    0x87, 0x8A, 0x31, 0xAD, 0xC1, 0x69, 0x32, 0xEE, 0x3D, 0x35, 0x38, 0xF9, 0x26, 0x53, 0xBE, 0x21,
    0xF8, 0x86, 0x6D, 0x8C, 0x2D, 0xEE, 0x04, 0xED, 0xB4, 0xEC, 0xAF, 0x26, 0x25, 0x74, 0x99, 0x77,
    0xFE, 0x07, 0xDF, 0xDD, 0xF2, 0x05, 0xFE, 0x98, 0x7F, 0xDE, 0x1F, 0x6D, 0x37, 0x01, 0x9B, 0x51,
    0x60, 0x24, 0xE4, 0x24, 0x64, 0x25, 0xE4, 0x25, 0x64, 0x26, 0xE4, 0x66, 0x91, 0x92, 0xFC, 0x6C,
    0x51, 0x4D, 0x8E, 0xCA, 0x52, 0xC8, 0x53, 0xC8, 0xD4, 0x72, 0x9D, 0xB3, 0xB5, 0x7B, 0x6A, 0x95,
    0xA6, 0xF6, 0x4C, 0xEC, 0xA7, 0x69, 0xFD, 0xB7, 0x33, 0x2F, 0x5C, 0x40, 0xE2, 0x52, 0x20, 0x70,
    0x15, 0xE8, 0xAA, 0x2D, 0xBB, 0x73, 0xDB, 0xFF, 0x16, 0xC6, 0x5F, 0xB0, 0xF1, 0xB4, 0xD1, 0x86,
    0xDD, 0x95, 0xC9, 0x8A, 0x1C, 0xFC, 0xA3, 0x24, 0x23, 0xA3, 0x10, 0x0C, 0x17, 0xBF, 0xB0, 0x5C,
    0x5B, 0x3E, 0xF3, 0x7D, 0x87, 0xE9, 0x2B, 0x0F, 0x78, 0x2A, 0x79, 0x0F, 0x86, 0x9B, 0xB3, 0x83,
    0xCF, 0x7D, 0xFA, 0x55, 0x2A, 0x9F, 0x8A, 0xCC, 0xA9, 0xF6, 0x95, 0xAF, 0x3B, 0x0E, 0x04, 0x2A,
    0x2A, 0x34, 0x2B, 0xD0, 0xF0, 0x42, 0xB7, 0xCB, 0x82, 0xDA, 0xDE, 0x75, 0x6C, 0xC4, 0xE4, 0x0E,
    0x7D, 0x8C, 0x81, 0x85, 0x7E, 0x36, 0x6A, 0x8F, 0x54, 0xC7, 0x0C, 0x66, 0xD5, 0x7D, 0xB7, 0x12,
    0x9A, 0x9A, 0x35, 0xF5, 0xBE, 0x89, 0xD6, 0xA0, 0x34, 0xE8, 0x6C, 0xA6, 0xB2, 0xAF, 0x23, 0x8F,
    0x6D, 0x70, 0x1D, 0x90, 0xE8, 0x53, 0x36, 0x8C, 0xB1, 0x01, 0x07, 0x6D, 0xC6, 0x2F, 0x56, 0xF2,
    0x43, 0xD6, 0xC8, 0x58, 0x93, 0xFD, 0x77, 0x11, 0x3C, 0xCD, 0xE0, 0x0D, 0xC1, 0x48, 0xBF, 0x8F,
    0xC1, 0x3F, 0x81, 0xFC, 0xD0, 0xF5, 0x58, 0x20, 0x49, 0xC7, 0x4E, 0xD7, 0x80, 0x2C, 0xBF, 0xC7,
    0x6E, 0x62, 0x97, 0x61, 0x97, 0x16, 0x2B, 0x83, 0x8D, 0x53, 0x66, 0xF0, 0xED, 0xA4, 0xB2, 0xFE,
    0x4A, 0x5C, 0x3D, 0xF8, 0xB2, 0x8F, 0xF6, 0x04, 0xF7, 0x6A, 0xFD, 0xE1, 0x2E, 0x9F, 0x7C, 0xD6,
    0xA4, 0x3E, 0x7A, 0xC1, 0x12, 0x0C, 0x20, 0xE1, 0x56, 0xC4, 0x89, 0x1B, 0x4C, 0x2C, 0x61, 0x03,
    0x58, 0xF3, 0x82, 0x84, 0x79, 0x01, 0x0B, 0x84, 0x7D, 0xC4, 0x86, 0x86, 0xCD, 0x0C, 0x9A, 0xF3,
    0x3E, 0xEB, 0x8F, 0x0C, 0x9B, 0x8C, 0x9A, 0x1A, 0x34, 0x37, 0xFB, 0xE3, 0xA8, 0x38, 0xE0, 0x8E,
    0x41, 0x1F, 0x74, 0xDE, 0x10, 0xE2, 0xAF, 0x04, 0x49, 0x9C, 0x9D, 0x97, 0x37, 0x99, 0x97, 0x8F,
    0x79, 0x05, 0x3D, 0x01, 0xA9, 0x28, 0xE3, 0xC9, 0xBC, 0xB0, 0x2A, 0xB3, 0x79, 0xA9, 0x3F, 0x6A,
    0xFE, 0xE1, 0x77, 0xD3, 0x7A, 0x21, 0xD9, 0xD2, 0x4F, 0x20, 0x1B, 0xF2, 0x11, 0x32, 0x12, 0x72,
    0x12, 0xB2, 0x12, 0xF2, 0x12, 0x32, 0x13, 0x72, 0x13, 0xB2, 0x13, 0xF2, 0x13, 0x32, 0x24, 0xBA,
    0x11, 0xE9, 0xB0, 0x60, 0xE4, 0x69, 0xFD, 0x51, 0xB9, 0x4E, 0x06, 0xE6, 0xC4, 0xCC, 0x17, 0xF7,
    0xBB, 0xBE, 0x95, 0x79, 0xFD, 0x3F, 0x71, 0x70, 0x3B, 0xE6, 0xB5, 0xB9, 0xAF, 0xF6, 0x2C, 0xDB,
    0xA6, 0x97, 0x64, 0xB3, 0x22, 0xBF, 0xE9, 0xBC, 0xF6, 0x4E, 0x76, 0xF8, 0x79, 0x04, 0xF3, 0xD8,
    0x3A, 0x7F, 0xFD, 0x63, 0x7D, 0xBE, 0x8D, 0x34, 0xBB, 0xB7, 0xB4, 0x75, 0xEA, 0xF4, 0xAD, 0x80,
    0x52, 0x9C, 0xE2, 0x45, 0x9C, 0xE6, 0xDE, 0x41, 0xF1, 0x1C, 0x1C, 0x15, 0xFD, 0x38, 0xC4, 0x2D,
    0xB8, 0x4C, 0xD8, 0x85, 0x08, 0x70, 0xED, 0x32, 0x5F, 0x54, 0xB8, 0x8C, 0x4D, 0xD6, 0x8F, 0x6A,
    0x84, 0xA5, 0x5B, 0xD7, 0xB9, 0xEF, 0x02, 0x75, 0xC4, 0x03, 0x2D, 0xB7, 0xA3, 0x3F, 0xF2, 0xF5,
    0xA6, 0x80, 0x0D, 0x36, 0xDD, 0x79, 0x5D, 0xDE, 0x3D, 0x9B, 0xBE, 0xEE, 0x6A, 0xEA, 0xDE, 0x82,
    0x9A, 0x93, 0xB6, 0x71, 0x75, 0x27, 0x7B, 0x86, 0x92, 0x07, 0xD7, 0xE5, 0x60, 0x0E, 0xFF, 0x66,
    0x30, 0x84, 0x36, 0xE1, 0x02, 0x86, 0x65, 0x2E, 0xFC, 0xA4, 0xA7, 0x9F, 0x74, 0xF7, 0xF8, 0x49,
    0xC0, 0xC2, 0x37, 0xA4, 0xB3, 0xC4, 0x24, 0xBF, 0x86, 0x8F, 0x7D, 0xFA, 0x5A, 0xBF, 0x2F, 0x31,
    0xC7, 0x4D, 0xC3, 0xDE, 0x60, 0x2E, 0x13, 0x1C, 0x59, 0x9D, 0xBE, 0x85, 0xE4, 0xF5, 0xD3, 0xD7,
    0xA9, 0xF4, 0xF5, 0xB0, 0x07, 0xB6, 0x97, 0xEF, 0xEE, 0x74, 0x5A, 0x36, 0x68, 0x5D, 0xD0, 0xB2,
    0x09, 0x90, 0x1F, 0xE5, 0x74, 0x77, 0x6D, 0xEF, 0x7C, 0x75, 0xAF, 0x38, 0xA1, 0xB2, 0xB1, 0xCD,
    0x1D, 0xD6, 0x19, 0xFE, 0xCD, 0x0F, 0x6F, 0x4A, 0xB7, 0xB6, 0x8D, 0xAF, 0x56, 0x26, 0x5A, 0x00,
    0x89, 0x75, 0x28, 0xBB, 0xC1, 0x7E, 0xE6, 0x9E, 0xBD, 0x99, 0x87, 0x5E, 0xA6, 0xFE, 0x13, 0x66,
    0x3D, 0x7C, 0xB9, 0x27, 0xB3, 0xF5, 0x59, 0xC9, 0xC8, 0xC0, 0xA4, 0x03, 0x9B, 0xF6, 0x9A, 0xA3,
    0x84, 0x5A, 0xA5, 0x2D, 0x6A, 0xF0, 0x5E, 0xD2, 0x3E, 0xC0, 0x65, 0x2D, 0x1B, 0xB4, 0x97, 0xFE,
    0x3E, 0xD1, 0x28, 0xFC, 0x8C, 0x26, 0x1D, 0x6A, 0x05, 0x16, 0xD8, 0x3D, 0x72, 0xAD, 0x1E, 0xB4,
    0xB6, 0xD5, 0x37, 0x35, 0x26, 0x2B, 0x2D, 0xC3, 0x4C, 0xA6, 0x42, 0x0B, 0xF4, 0x62, 0xB6, 0xE1,
    0x0A, 0xAE, 0xDD, 0x74, 0xAB, 0x52, 0xEB, 0xBD, 0xE8, 0x9E, 0x5E, 0xFD, 0x1B, 0x98, 0x4F, 0xF6,
    0x3A, 0x9E, 0xCA, 0xFE, 0x84, 0x2E, 0x7C, 0x71, 0x11, 0x97, 0x4C, 0xC5, 0xDA, 0x0A, 0x2F, 0xEB,
    0x38, 0xCC, 0xE3, 0x68, 0xFF, 0xB6, 0x98, 0xF3, 0x74, 0x1B, 0x6F, 0x92, 0x30, 0xA2, 0xE3, 0xDC,
    0xA3, 0x4A, 0x0A, 0x3B, 0xFC, 0x0D, 0xA4, 0xE1, 0xBB, 0x34, 0x7C, 0x33, 0xB0, 0x59, 0x99, 0x54,
    0x3B, 0xDA, 0xD6, 0xD0, 0xC2, 0xC8, 0xEE, 0x04, 0xF0, 0x95, 0x2B, 0xFB, 0xFE, 0xD3, 0x26, 0xB0,
    0x10, 0x85, 0x8B, 0x29, 0xDD, 0xDC, 0x8A, 0xDF, 0x59, 0x9A, 0xFC, 0x2F, 0xCD, 0x5B, 0x3D, 0xAC,
    0x1C, 0xD7, 0x75, 0xBE, 0xB3, 0xCB, 0xC7, 0x01, 0x3C, 0x81, 0x86, 0xC5, 0x23, 0x1C, 0x51, 0x31,
    0xA7, 0x49, 0x13, 0x2A, 0xE2, 0xB4, 0x02, 0x42, 0x72, 0x26, 0x16, 0x12, 0x07, 0x48, 0xA1, 0x57,
    0x90, 0x48, 0xE1, 0x82, 0x6D, 0x9C, 0x00, 0x51, 0x93, 0xC2, 0xB0, 0x29, 0xCD, 0x04, 0x2E, 0x54,
    0xB8, 0x30, 0x9B, 0xB8, 0x8D, 0x0A, 0x16, 0xD4, 0x33, 0x10, 0xA6, 0x50, 0xC1, 0x82, 0xD2, 0xAC,
    0xA2, 0x20, 0x2A, 0x5C, 0x78, 0x45, 0x43, 0x76, 0x99, 0x55, 0x42, 0x25, 0x41, 0x14, 0xC0, 0x93,
    0x60, 0x1C, 0xAD, 0xC8, 0xDD, 0xBD, 0xF9, 0xBE, 0xEF, 0xCC, 0xDF, 0x23, 0x29, 0x92, 0x16, 0xDF,
    0xE3, 0x7B, 0x8F, 0xEF, 0xDD, 0x5D, 0xEE, 0xCE, 0xDC, 0x7B, 0xCE, 0xB9, 0xE7, 0x9E, 0x9F, 0xEF,
    0x9C, 0x71, 0xCE, 0x79, 0x5F, 0x3A, 0x8E, 0x39, 0xC6, 0x4B, 0x97, 0x5C, 0xFF, 0x13, 0xD7, 0x1C,
    0x33, 0x8D, 0x45, 0xC3, 0xD1, 0x73, 0x9C, 0x7C, 0xB6, 0xC4, 0x38, 0xFD, 0x29, 0xC7, 0xE8, 0xCD,
    0x15, 0xC6, 0x24, 0xE4, 0x78, 0x5E, 0xE3, 0x95, 0xE9, 0x1A, 0x63, 0xC3, 0x71, 0xB2, 0x98, 0x6E,
    0x70, 0xE1, 0xDD, 0x9F, 0x60, 0x8C, 0xBD, 0xF7, 0xB8, 0xD0, 0x4D, 0x30, 0x5E, 0x70, 0x01, 0xC6,
    0x5B, 0x18, 0x73, 0x87, 0x09, 0x7D, 0x3E, 0x6D, 0xF0, 0x7E, 0x96, 0x6E, 0xDC, 0x8B, 0xFE, 0x4E,
    0xE1, 0xF3, 0xCC, 0x2F, 0x71, 0x3D, 0xBE, 0x49, 0x3C, 0xD6, 0xDE, 0xBA, 0xB4, 0xD3, 0xD2, 0x73,
    0x7C, 0xF3, 0xC7, 0xB9, 0x2B, 0x40, 0x67, 0xE0, 0x31, 0xCD, 0x74, 0x85, 0x21, 0x6E, 0xB0, 0x44,
    0x52, 0x63, 0xB5, 0x6C, 0x3E, 0x5D, 0xB9, 0x62, 0x06, 0x1A, 0xAA, 0x59, 0x84, 0xA1, 0x8C, 0x97,
    0xCE, 0x97, 0x49, 0x83, 0x01, 0x1C, 0x54, 0xE5, 0x8D, 0xDA, 0x15, 0xB7, 0x7F, 0xD6, 0x60, 0xF2,
    0x57, 0xFD, 0x2C, 0x5E, 0x87, 0xA0, 0x29, 0x77, 0x9A, 0xF9, 0x84, 0x23, 0xE3, 0xF5, 0x74, 0x86,
    0xF1, 0xDD, 0xCB, 0x14, 0x45, 0xE6, 0xF9, 0x79, 0x42, 0x06, 0x5D, 0x90, 0x1F, 0x0D, 0x81, 0x1C,
    0xC3, 0x3F, 0x17, 0xBB, 0x2B, 0x18, 0x7E, 0x81, 0x6B, 0x42, 0xBF, 0xC0, 0x7C, 0xDA, 0xB2, 0x6D,
    0x77, 0xB0, 0xF2, 0x39, 0x4C, 0xAE, 0xF1, 0x73, 0x93, 0x43, 0x38, 0xD7, 0x8E, 0x70, 0x73, 0x5C,
    0xAA, 0x1D, 0x49, 0x67, 0xFA, 0x44, 0x3B, 0x15, 0xAE, 0x0F, 0x80, 0x79, 0x2D, 0x99, 0x72, 0xFA,
    0xD7, 0x39, 0x90, 0x1D, 0xB7, 0x91, 0x0C, 0x48, 0x56, 0x22, 0x41, 0x38, 0x9D, 0x96, 0xA9, 0x3E,
    0x8E, 0x9A, 0x81, 0xAC, 0x37, 0xF4, 0xE5, 0xCE, 0xA0, 0x39, 0xA9, 0x6D, 0xD7, 0x0D, 0x88, 0x26,
    0x6E, 0x48, 0x6E, 0x36, 0xA3, 0x68, 0x7C, 0x3E, 0x59, 0xF1, 0xF6, 0xC9, 0xC2, 0x49, 0x6A, 0x2E,
    0xD6, 0x68, 0x93, 0xA7, 0x23, 0xB9, 0xB7, 0xE3, 0xE2, 0x81, 0x51, 0x9F, 0xA7, 0x10, 0x9C, 0xEE,
    0x0D, 0x73, 0x17, 0xF9, 0xAB, 0xAF, 0x41, 0x6B, 0xBD, 0x5F, 0x77, 0xCB, 0xF6, 0x1A, 0x42, 0x62,
    0x29, 0x78, 0x17, 0x8A, 0x03, 0xF2, 0x77, 0xC1, 0x0E, 0x40, 0xA7, 0x40, 0xD4, 0xA7, 0x02, 0x87,
    0x2E, 0x58, 0xC7, 0x8D, 0x0B, 0x9B, 0xB0, 0xC1, 0xE6, 0x4F, 0x6B, 0x97, 0x2E, 0x26, 0x39, 0x28,
    0x26, 0xEF, 0x1C, 0x2A, 0x0E, 0x66, 0x33, 0x38, 0x54, 0xA5, 0xBE, 0xE0, 0x25, 0x75, 0x9C, 0x63,
    0x4B, 0x36, 0x5C, 0x86, 0x2C, 0x6C, 0x0D, 0xEB, 0x06, 0xBC, 0x34, 0xF4, 0xB8, 0x33, 0xF9, 0xA0,
    0xA6, 0x80, 0x1A, 0xCA, 0xE7, 0xC4, 0x48, 0x3C, 0x92, 0x8E, 0x84, 0x23, 0xD9, 0x50, 0x34, 0x92,
    0x8C, 0x04, 0x23, 0xB9, 0x48, 0x2C, 0x92, 0x4A, 0x36, 0x0C, 0x8B, 0xBD, 0x43, 0xDD, 0x89, 0x43,
    0xD2, 0x90, 0x30, 0x4C, 0x16, 0x26, 0x0A, 0x49, 0xE2, 0x24, 0xB8, 0xF4, 0x73, 0x2C, 0x58, 0xBB,
    0xE8, 0x5F, 0x1B, 0xE8, 0xD3, 0x2D, 0x7C, 0xBE, 0xDD, 0x4B, 0x00, 0x02, 0x20, 0xFF, 0x64, 0x9F,
    0xDC, 0x93, 0x79, 0xF2, 0x4E, 0xD6, 0xC9, 0x39, 0x19, 0xE1, 0x1F, 0xD9, 0x26, 0xD7, 0x64, 0x9A,
    0x3C, 0x8B, 0x65, 0xE3, 0xF8, 0xA4, 0x0E, 0x49, 0xDE, 0x72, 0xAD, 0x77, 0xEE, 0x3B, 0x6E, 0xFC,
    0xF3, 0x8C, 0x19, 0x6E, 0x77, 0xC9, 0xB7, 0xE4, 0xFF, 0xDE, 0x40, 0xC8, 0xBE, 0x30, 0x7C, 0x8C,
    0x2F, 0x49, 0xFE, 0x2E, 0x0E, 0xC1, 0xCF, 0xF1, 0xD9, 0x14, 0xC2, 0x6D, 0x6D, 0xD3, 0xA5, 0x43,
    0x61, 0x98, 0xBB, 0x99, 0xC2, 0xB2, 0xC4, 0x1F, 0xD6, 0xD2, 0xB9, 0x29, 0x95, 0xFE, 0xE2, 0x3E,
    0x32, 0xBC, 0xA5, 0x97, 0x38, 0xE7, 0x39, 0x0F, 0x6F, 0xCB, 0x0E, 0x6A, 0x71, 0xDB, 0xEF, 0x81,
    0x6B, 0x1A, 0xA4, 0xAB, 0x1A, 0x69, 0x01, 0x37, 0x13, 0xD0, 0x02, 0xEE, 0x0B, 0x9D, 0x76, 0xB0,
    0x09, 0x53, 0x04, 0x27, 0x13, 0xDB, 0x6F, 0x43, 0x86, 0x12, 0x8D, 0xF8, 0x0A, 0x23, 0x38, 0xC5,
    0xE7, 0x60, 0x1A, 0xD7, 0x64, 0x73, 0x7E, 0x08, 0x02, 0x69, 0xAE, 0x66, 0xAE, 0x98, 0x73, 0x2F,
    0xF9, 0x5B, 0xF2, 0x40, 0xFB, 0x3C, 0x5A, 0xF3, 0x64, 0xC3, 0x3A, 0xA7, 0x9E, 0xDE, 0xBC, 0xF2,
    0xFE, 0xCE, 0x48, 0xDB, 0xA6, 0xBE, 0xA6, 0x89, 0x0A, 0xAA, 0x85, 0xCC, 0x4B, 0x76, 0xDB, 0x6C,
    0xF9, 0x07, 0x32, 0xAA, 0xC5, 0x3F, 0xCA, 0x9E, 0xEA, 0x14, 0x1F, 0x5F, 0x8B, 0x81, 0xC2, 0x9B,
    0xF2, 0x9A, 0xB1, 0x58, 0xE9, 0x45, 0xC6, 0x94, 0x9B, 0x23, 0xC3, 0x2E, 0x83, 0xEA, 0xCC, 0xA4,
    0x3A, 0x33, 0xAA, 0xCE, 0xCC, 0xAA, 0x33, 0xC3, 0xEA, 0xCC, 0xB4, 0x3A, 0x33, 0xAE, 0xCE, 0xCC,
    0x2B, 0x3D, 0xEB, 0xAB, 0x54, 0x42, 0x33, 0xB1, 0xBD, 0x87, 0xF9, 0x4A, 0x52, 0x9A, 0x7A, 0xBF,
    0x68, 0xC7, 0xFD, 0x90, 0xD2, 0x94, 0xB1, 0x06, 0x24, 0x24, 0xE6, 0xB0, 0x85, 0xD5, 0xC7, 0x0C,
    0x89, 0xD6, 0xBD, 0xA5, 0xCB, 0xDD, 0x0B, 0x1B, 0x0C, 0xB8, 0x07, 0x24, 0x42, 0xA1, 0xA2, 0x65,
    0xEF, 0x5C, 0x16, 0x90, 0x45, 0xF6, 0x15, 0x3C, 0x6B, 0xCC, 0x25, 0x2D, 0xC8, 0x19, 0x45, 0x39,
    0x94, 0x83, 0x74, 0x94, 0x23, 0xD6, 0xC8, 0xE4, 0xDF, 0x12, 0x6E, 0x84, 0x3B, 0xED, 0x28, 0x8D,
    0xE7, 0x9D, 0x93, 0xA0, 0x29, 0x8D, 0xC1, 0x5B, 0x68, 0xCF, 0x32, 0x1B, 0xCD, 0x37, 0xD8, 0xF6,
    0xCA, 0x21, 0xC9, 0x64, 0x53, 0x14, 0x3B, 0xE2, 0xA7, 0x26, 0x43, 0x41, 0x4D, 0x69, 0x84, 0x0B,
    0x49, 0x63, 0x4E, 0xCE, 0xB4, 0x35, 0x50, 0x72, 0x12, 0xD6, 0x11, 0xC4, 0xF3, 0x92, 0x75, 0xE7,
    0x25, 0xC6, 0x79, 0x89, 0x9B, 0x74, 0x11, 0xD7, 0xD9, 0x2C, 0x9B, 0x17, 0xFF, 0xEC, 0xF3, 0x0A,
    0x97, 0xFB, 0x8F, 0x1F, 0x6F, 0x20, 0x68, 0xE9, 0x5F, 0x72, 0xE2, 0xF7, 0xCF, 0x16, 0xE2, 0x9D,
    0x14, 0x85, 0xFE, 0x3E, 0x47, 0x79, 0xB8, 0xBC, 0x93, 0xCC, 0xD3, 0xEE, 0xBB, 0x2E, 0xFE, 0x31,
    0xB4, 0x0E, 0x1F, 0x4F, 0x39, 0xE1, 0x09, 0xB7, 0x7F, 0x72, 0x30, 0x73, 0xAC, 0xF3, 0x64, 0x46,
    0xA9, 0x8D, 0x1D, 0xDC, 0xF5, 0x23, 0x22, 0x01, 0x11, 0xE8, 0xCD, 0x7A, 0x8B, 0xCC, 0xEB, 0x7B,
    0x5D, 0xC5, 0xD3, 0x4A, 0xE0, 0x90, 0xB9, 0x73, 0xEF, 0x4A, 0xE6, 0x9A, 0x22, 0xB6, 0x00, 0xD2,
    0x46, 0x4D, 0x17, 0x6B, 0x47, 0x26, 0x9B, 0x7D, 0xE0, 0x95, 0x13, 0x32, 0xB6, 0x5A, 0xB5, 0x7F,
    0xEB, 0x36, 0x6A, 0x4E, 0x17, 0xAD, 0x7B, 0x62, 0x68, 0x29, 0xB7, 0xF7, 0x21, 0xCF, 0x44, 0x24,
    0xEA, 0x4C, 0x23, 0x82, 0x8B, 0x47, 0xE6, 0x34, 0x6C, 0xC9, 0xA9, 0xD3, 0xA7, 0x4F, 0x15, 0x2F,
    0xE5, 0xBD, 0x6B, 0xDB, 0x9F, 0xD3, 0xA0, 0x38, 0xC9, 0xB5, 0xBC, 0x93, 0xC6, 0xF8, 0xE7, 0xB5,
    0x82, 0xD2, 0xA5, 0xA4, 0xD4, 0xC7, 0xA5, 0xEE, 0x05, 0xDE, 0x13, 0x28, 0x77, 0x88, 0x97, 0xF4,
    0x0F, 0x99, 0x99, 0xF6, 0xD2, 0x15, 0x32, 0xED, 0xAF, 0x2B, 0x05, 0x78, 0x54, 0xF8, 0x8C, 0x9B,
    0x67, 0xD9, 0x22, 0xA8, 0x60, 0x93, 0xCD, 0x55, 0x60, 0xAC, 0xF9, 0x6D, 0xAA, 0xDF, 0xDE, 0xD7,
    0xC2, 0x45, 0x14, 0x64, 0xF5, 0x33, 0x52, 0x95, 0xCA, 0xFE, 0xB7, 0xA1, 0xA1, 0xED, 0x8B, 0xAD,
    0x90, 0xEA, 0xD4, 0xBE, 0xC7, 0x4C, 0x64, 0x52, 0x47, 0x33, 0x66, 0x89, 0x6D, 0x9E, 0x58, 0xF0,
    0xDB, 0x4F, 0x75, 0x7A, 0xFC, 0xDF, 0x31, 0x77, 0x2A, 0xFE, 0x88, 0x49, 0x41, 0x06, 0x21, 0x64,
    0xA5, 0x82, 0x8C, 0xBC, 0xA0, 0x40, 0xF2, 0x8A, 0xA1, 0x76, 0xCE, 0x79, 0xB2, 0x5F, 0x4A, 0x11,
    0x14, 0x40, 0x24, 0x92, 0xEF, 0x2D, 0xAD, 0xA7, 0xB5, 0x03, 0xB9, 0x46, 0x78, 0x22, 0x39, 0x58,
    0x3A, 0xC8, 0xE8, 0x8B, 0x1B, 0x9E, 0x93, 0xF1, 0x98, 0x56, 0xAE, 0x1D, 0xD7, 0x9C, 0x8C, 0x61,
    0x7D, 0xCA, 0x0D, 0xC4, 0xF6, 0x7C, 0xE1, 0xCC, 0xEE, 0x1E, 0xE3, 0xD4, 0xEE, 0x1C, 0x75, 0xEC,
    0xE3, 0x46, 0x16, 0xB7, 0x1E, 0xE2, 0x94, 0x6D, 0x77, 0xA4, 0x24, 0xBC, 0xF3, 0x44, 0x89, 0xF8,
    0xD1, 0x92, 0x70, 0xA7, 0xC3, 0x79, 0x2F, 0xD5, 0x40, 0xEF, 0xEF, 0x8B, 0xF7, 0x8F, 0x88, 0x84,
    0xCD, 0xD3, 0x5A, 0xAA, 0x19, 0xE9, 0x73, 0x05, 0x6E, 0x6E, 0xF2, 0xD6, 0x98, 0xD2, 0x23, 0x26,
    0xE1, 0xA3, 0x23, 0x3D, 0x39, 0x0F, 0x4D, 0x1D, 0x8E, 0x5D, 0x88, 0x1B, 0x5F, 0x62, 0x96, 0xED,
    0xAC, 0xEB, 0xBD, 0x4D, 0xB0, 0x1A, 0x6E, 0x0B, 0x76, 0x8E, 0xA4, 0x84, 0x5B, 0x97, 0x63, 0xB2,
    0x73, 0x99, 0x85, 0x24, 0x6B, 0x61, 0x1F, 0x53, 0x99, 0xB7, 0xC1, 0xBE, 0x99, 0x5B, 0x5A, 0x12,
    0x9B, 0x79, 0xCD, 0x37, 0x29, 0x5E, 0xE0, 0x98, 0xE8, 0xB8, 0x20, 0x7E, 0xC6, 0x32, 0xD0, 0x2D,
    0x6E, 0x04, 0xD4, 0x8A, 0x5A, 0x06, 0x89, 0x46, 0x82, 0x3C, 0xE4, 0xA6, 0x18, 0xB6, 0x37, 0x5A,
    0x9C, 0x9B, 0x09, 0x07, 0x45, 0x5B, 0x04, 0x89, 0x73, 0x87, 0xB0, 0x9D, 0xF4, 0x55, 0x85, 0x36,
    0x56, 0xC1, 0xFB, 0x4C, 0x9E, 0xA1, 0xCD, 0xC7, 0x94, 0xB9, 0xE6, 0x7C, 0x87, 0xCD, 0xE6, 0x09,
    0x4B, 0xFD, 0x1D, 0xA0, 0x44, 0xE0, 0xB5, 0x29, 0x04, 0x13, 0x89, 0x05, 0x31, 0x20, 0xF2, 0xD7,
    0x19, 0x49, 0x8F, 0xCB, 0x81, 0x70, 0x01, 0x66, 0x81, 0xBC, 0x4C, 0x31, 0x7F, 0x08, 0x92, 0xF1,
    0xCD, 0x35, 0xBE, 0x4D, 0x91, 0x93, 0xFA, 0xEF, 0x31, 0x5D, 0x98, 0xFB, 0xD9, 0xD4, 0x97, 0xBE,
    0x04, 0x6B, 0xBE, 0x0C, 0x99, 0xAC, 0x46, 0x2B, 0xC0, 0x55, 0xD4, 0x3D, 0x30, 0x81, 0x18, 0x01,
    0x89, 0x63, 0x1B, 0xFF, 0xA7, 0x6D, 0x12, 0xB0, 0x39, 0x81, 0xAC, 0x08, 0xF4, 0xCC, 0x6C, 0x95,
    0x63, 0x8F, 0x16, 0x54, 0x24, 0x41, 0x61, 0xFF, 0x29, 0x86, 0xE0, 0xF2, 0xFA, 0xD2, 0xE5, 0xF5,
    0xCE, 0xB3, 0x10, 0xD4, 0x83, 0xA2, 0xD8, 0xAA, 0x3E, 0xCE, 0x09, 0xCC, 0xCD, 0xFB, 0x54, 0x67,
    0x07, 0xDF, 0x46, 0xF4, 0xD4, 0x19, 0x40, 0xB9, 0xCD, 0xAF, 0x29, 0x85, 0x59, 0x27, 0x8A, 0x4D,
    0x2F, 0x8A, 0xD5, 0x6F, 0x22, 0x0A, 0x99, 0xF6, 0x70, 0x19, 0x33, 0xDF, 0xF9, 0x7B, 0xB8, 0xF8,
    0x0A, 0x5B, 0xF5, 0x5D, 0x8B, 0x5A, 0xF2, 0x41, 0xAD, 0x38, 0x34, 0x6D, 0x50, 0xAC, 0x3C, 0x53,
    0xA6, 0x4A, 0x36, 0x4A, 0x71, 0x8E, 0x6E, 0x18, 0x40, 0x82, 0x74, 0xC0, 0x07, 0xEE, 0xDB, 0xD2,
    0xD9, 0x28, 0x6F, 0xB3, 0x40, 0x36, 0x65, 0xAE, 0x57, 0x09, 0x96, 0xCA, 0x39, 0x6F, 0x04, 0x96,
    0x6F, 0xB8, 0xB3, 0xD5, 0xDA, 0xBD, 0x1C, 0x2D, 0x7B, 0x2A, 0xBE, 0xB6, 0x4B, 0x51, 0x94, 0x92,
    0x1C, 0xD1, 0xC9, 0xC0, 0xDB, 0xED, 0x42, 0x30, 0xD7, 0x46, 0x0F, 0xC9, 0xE1, 0x2D, 0xA4, 0x88,
    0x04, 0xC5, 0xCB, 0x1D, 0x9D, 0xCB, 0x3E, 0x5B, 0xB0, 0x14, 0xAA, 0xE9, 0x53, 0x28, 0x32, 0x46,
    0xBE, 0xEE, 0x9F, 0xA4, 0x9B, 0x80, 0x0C, 0x91, 0x95, 0xD4, 0x76, 0x59, 0xCC, 0xF4, 0x58, 0x44,
    0x87, 0x47, 0x58, 0x3C, 0x9E, 0xDA, 0x56, 0xE2, 0xB5, 0xCE, 0xFC, 0xE2, 0xE4, 0x25, 0x52, 0x7D,
    0xE6, 0x6D, 0xEA, 0x3C, 0x94, 0x29, 0xD4, 0xA1, 0xC3, 0xCC, 0x96, 0x28, 0x27, 0x66, 0xDA, 0x16,
    0xD2, 0x1C, 0x68, 0xCD, 0x27, 0xC8, 0x40, 0xCB, 0x78, 0x2D, 0x56, 0x19, 0x18, 0x30, 0x2C, 0x88,
    0x11, 0x14, 0x50, 0x1D, 0xE4, 0xBA, 0xB6, 0xDD, 0x41, 0x91, 0x8B, 0xC4, 0xEA, 0xB4, 0x7B, 0x07,
    0x69, 0x55, 0xEC, 0xE7, 0x14, 0x93, 0x22, 0xBB, 0xAF, 0x42, 0xF7, 0x01, 0xD0, 0x46, 0x80, 0x99,
    0x58, 0x2F, 0x8C, 0x85, 0x4B, 0x4B, 0x43, 0x70, 0x63, 0x3B, 0xA7, 0xB2, 0xE6, 0x98, 0x02, 0x50,
    0x04, 0x0E, 0xCA, 0xA9, 0x56, 0x51, 0xA1, 0x23, 0x50, 0x91, 0x80, 0x48, 0x33, 0xF5, 0x83, 0x68,
    0xF3, 0x86, 0xC4, 0x18, 0x0F, 0x51, 0x8F, 0x53, 0x2C, 0x77, 0xA0, 0x15, 0xE0, 0x76, 0xD2, 0x70,
    0x6E, 0x18, 0x24, 0xFE, 0x22, 0x6C, 0xD6, 0x35, 0x0F, 0x82, 0x72, 0xA3, 0x80, 0xE1, 0x00, 0xB8,
    0xFC, 0x8A, 0xC2, 0xE6, 0xAD, 0xA0, 0xA4, 0xA2, 0x7A, 0x6F, 0x14, 0x32, 0x80, 0x1E, 0x92, 0x82,
    0x39, 0x62, 0xA3, 0x2A, 0xB6, 0xA3, 0xA0, 0x93, 0xA0, 0xF9, 0x48, 0x5E, 0x4B, 0x1D, 0x89, 0x6B,
    0x5F, 0x32, 0xC9, 0x50, 0xD2, 0x34, 0xA8, 0xAD, 0x32, 0x82, 0xBD, 0x89, 0x80, 0x67, 0x47, 0x42,
    0x15, 0x28, 0x6E, 0xA7, 0x6E, 0x6A, 0xF4, 0x53, 0x0A, 0xA0, 0x43, 0xF6, 0xA0, 0x0B, 0x5E, 0xDA,
    0xB8, 0xA5, 0xCD, 0x7B, 0x5A, 0x4F, 0xDF, 0x66, 0x38, 0x3F, 0x31, 0xFF, 0x55, 0xB5, 0xD0, 0x37,
    0x7C, 0x2E, 0x2C, 0xD6, 0x12, 0x1A, 0x1E, 0xC3, 0x6C, 0xE5, 0x20, 0xF5, 0x3B, 0x6E, 0x72, 0x75,
    0x10, 0xF6, 0x99, 0xB7, 0x83, 0xDD, 0xB7, 0x32, 0x40, 0x3A, 0x35, 0x81, 0x49, 0x82, 0x91, 0x36,
    0xCC, 0x23, 0x96, 0x0C, 0x70, 0x79, 0x35, 0x8B, 0x89, 0xE5, 0x80, 0x33, 0x9F, 0x63, 0x21, 0x0F,
    0x69, 0x61, 0xDB, 0xB3, 0x05, 0x28, 0x84, 0x95, 0x43, 0x5A, 0xF6, 0xC9, 0x2B, 0xB8, 0xD1, 0xA3,
    0x04, 0x12, 0xAF, 0x49, 0x56, 0x1E, 0xF5, 0xA6, 0x4A, 0xA5, 0x13, 0xE5, 0x7C, 0x24, 0xED, 0x14,
    0xB9, 0x4B, 0xCD, 0x08, 0x13, 0x83, 0xD6, 0x5E, 0x09, 0x38, 0x8C, 0x6F, 0xD3, 0xCE, 0xD3, 0xA3,
    0x6F, 0xF7, 0x81, 0xC4, 0x7D, 0xE6, 0x30, 0xFC, 0x52, 0x73, 0x58, 0xEF, 0xC5, 0x4C, 0x1F, 0x65,
    0x0E, 0x03, 0xC3, 0xF5, 0x3A, 0x0C, 0xE2, 0x7E, 0x3B, 0xBB, 0xEC, 0x48, 0xE6, 0xFD, 0xDF, 0xE7,
    0x15, 0x85, 0x01, 0x64, 0x5B, 0x3B, 0x06, 0xBA, 0x62, 0x3E, 0x5C, 0x38, 0x59, 0x12, 0xE9, 0x9D,
    0xA7, 0x1D, 0x0E, 0xAA, 0x08, 0x72, 0xF7, 0x6A, 0x07, 0x82, 0x0E, 0xEE, 0xD5, 0x28, 0x28, 0xC7,
    0xB6, 0xF8, 0x61, 0x8B, 0x4F, 0x9F, 0x80, 0xB5, 0x79, 0xCB, 0xCB, 0x8B, 0xBC, 0x35, 0x6B, 0x5A,
    0x01, 0x15, 0x4A, 0x8F, 0x9B, 0xC2, 0xF2, 0xE3, 0x64, 0x21, 0x31, 0xA5, 0xB2, 0xEF, 0x0A, 0x8F,
    0xA2, 0xD5, 0xA4, 0xD6, 0x8C, 0x0A, 0x62, 0xE2, 0x46, 0xE5, 0x8E, 0xA4, 0xB6, 0x1C, 0xEE, 0x73,
    0x29, 0x54, 0xE6, 0xFD, 0xF8, 0xE5, 0x13, 0x03, 0x40, 0x67, 0xDE, 0x84, 0x57, 0xCD, 0x25, 0xBE,
    0xA2, 0x36, 0x40, 0x53, 0xB8, 0x66, 0x9E, 0xAE, 0xC4, 0x42, 0x2C, 0xCC, 0xF9, 0x4E, 0x28, 0x24,
    0xB1, 0x09, 0x2C, 0xB1, 0xDE, 0xF3, 0x63, 0x8A, 0x68, 0x01, 0xA0, 0x9B, 0x98, 0x8E, 0x4E, 0xED,
    0xB2, 0x60, 0xB8, 0xEA, 0xB1, 0x91, 0xC9, 0xEE, 0xB5, 0xC0, 0xC3, 0x9B, 0x62, 0x49, 0x58, 0x9B,
    0x4D, 0xC0, 0x48, 0x02, 0x06, 0x6B, 0xBA, 0x06, 0xA3, 0xE1, 0x8A, 0x5B, 0xB1, 0xB1, 0xCA, 0x1A,
    0x71, 0x55, 0xDC, 0x12, 0xD7, 0xB8, 0x39, 0xA9, 0xA1, 0x08, 0x69, 0x9D, 0xF1, 0xF0, 0x25, 0xD2,
    0x66, 0x9F, 0xD3, 0x1D, 0x8F, 0xAA, 0x99, 0x8C, 0x0E, 0x2D, 0x14, 0x15, 0x12, 0x21, 0x70, 0x4E,
    0x6E, 0xF0, 0xD4, 0xEE, 0x64, 0xF7, 0x5A, 0xCA, 0x25, 0xE9, 0xF2, 0xB1, 0xDA, 0xD3, 0x2F, 0x69,
    0xEA, 0x8E, 0xF5, 0x26, 0x14, 0x7A, 0x24, 0x1C, 0x70, 0x4F, 0xED, 0xF2, 0x89, 0xB5, 0xBD, 0x79,
    0x8C, 0xB6, 0x6F, 0x53, 0xDB, 0xCF, 0x71, 0xAD, 0x9B, 0x54, 0x38, 0x4A, 0x0D, 0x08, 0x3F, 0x43,
    0x28, 0xC2, 0x1A, 0x8B, 0xB6, 0xFA, 0x53, 0x8A, 0x90, 0xB0, 0xB1, 0x9A, 0xE2, 0x31, 0xA3, 0x21,
    0xC1, 0xC7, 0xA1, 0x1C, 0x7F, 0xFE, 0x44, 0x8E, 0x3F, 0xB9, 0xCF, 0x04, 0x8F, 0x6B, 0x08, 0xD5,
    0x47, 0x64, 0xC7, 0x8E, 0xBB, 0x22, 0xD0, 0x67, 0xC7, 0xE0, 0xDE, 0x54, 0x25, 0x5A, 0x74, 0x89,
    0x4A, 0x32, 0x4A, 0x53, 0x02, 0x7A, 0x98, 0x86, 0x8B, 0x99, 0x03, 0x30, 0xEB, 0x6F, 0x56, 0x19,
    0x07, 0x96, 0x81, 0x64, 0x3E, 0xF6, 0x6D, 0xD3, 0xCE, 0x6B, 0x44, 0xEB, 0x13, 0x80, 0x10, 0x26,
    0xB8, 0x40, 0x33, 0x61, 0x27, 0xE3, 0x39, 0xB7, 0xF2, 0x82, 0x4D, 0xCD, 0x88, 0x57, 0x47, 0xB2,
    0x12, 0x9F, 0x74, 0x14, 0x6B, 0xA0, 0x4B, 0x2C, 0x22, 0xCC, 0x3A, 0xA3, 0xFD, 0x10, 0xC4, 0xEA,
    0xC1, 0x1A, 0xE7, 0x5E, 0xC4, 0x6A, 0xDB, 0x19, 0xD3, 0xC6, 0xB5, 0xD8, 0x16, 0x6D, 0xB5, 0x62,
    0xE4, 0xDA, 0x0D, 0x9C, 0x27, 0xFE, 0x07, 0xCB, 0xD0, 0x7F, 0x0B, 0xD9, 0xDE, 0xAB, 0x50, 0xBD,
    0x18, 0x57, 0xFD, 0xF6, 0xB3, 0xDE, 0xC3, 0x1D, 0x70, 0xA5, 0x58, 0x18, 0xB1, 0x72, 0x66, 0x4E,
    0x25, 0xB8, 0xF6, 0x1B, 0xEF, 0xE1, 0x93, 0x29, 0xE3, 0x16, 0x56, 0x85, 0x93, 0x6A, 0xAA, 0x79,
    0x82, 0x23, 0x98, 0xD6, 0x67, 0xF6, 0x87, 0x91, 0xDF, 0xC1, 0xF0, 0x6B, 0x26, 0x22, 0xB4, 0x4A,
    0xE9, 0xBA, 0xDD, 0x9C, 0x80, 0x94, 0x11, 0x17, 0x77, 0xCF, 0x3D, 0x39, 0x23, 0x5F, 0xAE, 0x69,
    0xFF, 0x44, 0x67, 0xE2, 0x59, 0x2B, 0x41, 0x19, 0x20, 0xF5, 0xEE, 0x0F, 0x1E, 0xA9, 0x69, 0xEE,
    0x64, 0x1B, 0x4C, 0xCF, 0x0D, 0x70, 0x31, 0x0D, 0x37, 0x67, 0x1A, 0xCD, 0x47, 0xA9, 0x77, 0x6B,
    0x4F, 0xD6, 0xAA, 0xE8, 0x14, 0x5E, 0x4E, 0x89, 0x31, 0xE7, 0x79, 0xAB, 0x3F, 0x9F, 0xB3, 0x17,
    0xF4, 0x51, 0x44, 0x08, 0xEB, 0xA0, 0x4C, 0xF1, 0xE5, 0x9A, 0xC5, 0xE8, 0x18, 0xDB, 0x57, 0xAB,
    0x87, 0x81, 0xFA, 0x7A, 0x16, 0x65, 0x28, 0x50, 0x7F, 0x1E, 0x35, 0x30, 0xCC, 0x0D, 0x06, 0x7F,
    0xA0, 0x97, 0xE2, 0x03, 0xF0, 0x7D, 0xC5, 0x65, 0xFF, 0x31, 0x63, 0xD8, 0x98, 0xDE, 0x83, 0xED,
    0x60, 0xA8, 0x9F, 0xD3, 0x78, 0x46, 0x5E, 0x36, 0x94, 0x41, 0xCB, 0xA4, 0xB6, 0xD8, 0xEB, 0xAE,
    0x5C, 0x40, 0xE5, 0x5B, 0x24, 0xA0, 0x2D, 0x84, 0x93, 0x6E, 0x89, 0x59, 0x47, 0x7B, 0x8C, 0x1D,
    0x9C, 0xB9, 0x8E, 0xE4, 0x3C, 0x5B, 0x03, 0xF5, 0x0A, 0xD7, 0xF7, 0x30, 0xF8, 0xBF, 0xF1, 0x79,
    0xE8, 0x71, 0x47, 0xB4, 0x1E, 0x12, 0xAE, 0x21, 0xD7, 0xDA, 0x13, 0xAA, 0x64, 0x0C, 0x55, 0xA0,
    0x0A, 0xAB, 0x13, 0xA8, 0x42, 0xF9, 0x9A, 0x39, 0x6C, 0x69, 0xB5, 0xFD, 0x23, 0x29, 0x8A, 0x3D,
    0x3F, 0x99, 0x79, 0xA5, 0xF7, 0xEC, 0x7F, 0xB6, 0xA7, 0x81, 0xB9, 0x4B, 0xCB, 0xDE, 0x0F, 0x46,
    0x30, 0xAE, 0x6F, 0xD8, 0xC8, 0xFA, 0x36, 0x8F, 0x66, 0xA8, 0x47, 0xB5, 0xD0, 0xC1, 0xA4, 0x36,
    0x98, 0x67, 0x55, 0x58, 0x58, 0xD9, 0x82, 0x24, 0xF5, 0x10, 0xC6, 0x1D, 0x5D, 0x95, 0x0B, 0x78,
    0x26, 0xC2, 0x59, 0x4A, 0x30, 0x64, 0x45, 0xDD, 0x53, 0x1C, 0x33, 0xEF, 0x61, 0xCB, 0x03, 0x92,
    0xEC, 0x64, 0xF1, 0x90, 0x50, 0x7D, 0x6A, 0x2F, 0xAE, 0x7D, 0x69, 0x76, 0xAF, 0x21, 0x5E, 0x9B,
    0x2C, 0x7C, 0x03, 0xD0, 0x2A, 0x2D, 0x93, 0xCF, 0x7F, 0xB5, 0x72, 0x2F, 0xC3, 0xE0, 0xC8, 0x16,
    0x25, 0x2B, 0xDD, 0x9B, 0x36, 0x7A, 0xC9, 0x6A, 0x4D, 0x91, 0x2D, 0x64, 0x61, 0x69, 0xEE, 0x64,
    0x7C, 0x62, 0x2B, 0x2F, 0x2B, 0x48, 0x54, 0x64, 0xAE, 0x17, 0xC5, 0x52, 0xA0, 0x54, 0xE9, 0x4F,
    0xCA, 0xE2, 0x3F, 0xF2, 0x16, 0x0B, 0xC4, 0x94, 0xD3, 0x1C, 0xC9, 0xC3, 0x70, 0x6B, 0x2C, 0x9A,
    0xC0, 0x0E, 0xC0, 0xD4, 0x34, 0x2C, 0x96, 0x6D, 0x7B, 0xCE, 0x02, 0x37, 0x09, 0xE0, 0x81, 0x2D,
    0x7B, 0xFF, 0x49, 0xB7, 0x6C, 0xD9, 0x6F, 0x59, 0x03, 0xF9, 0x31, 0xA1, 0x29, 0x1F, 0x0A, 0xA1,
    0x94, 0xAD, 0x99, 0xFA, 0xCB, 0x55, 0x9F, 0x47, 0xA5, 0x52, 0x9D, 0x4C, 0x26, 0xDD, 0x60, 0x87,
    0xAE, 0xAF, 0x83, 0x41, 0x9D, 0xF7, 0xCB, 0xAE, 0x43, 0x20, 0x53, 0x2E, 0xC7, 0x72, 0xFB, 0x4C,
    0x89, 0x9B, 0x3A, 0x04, 0xA8, 0x24, 0x34, 0xDD, 0x74, 0xF7, 0xC5, 0x9C, 0x6B, 0x56, 0xB3, 0xAC,
    0x1F, 0x89, 0xCB, 0x72, 0xEF, 0x32, 0xB6, 0x88, 0x90, 0x18, 0x26, 0x55, 0x5D, 0xF5, 0x3F, 0x16,
    0x16, 0x96, 0xEA, 0xBF, 0x15, 0x51, 0xAD, 0xCF, 0xAC, 0xB1, 0x69, 0xDE, 0x1F, 0x54, 0x42, 0x2D,
    0xC9, 0xB8, 0x62, 0xBD, 0x51, 0x87, 0xC7, 0x64, 0x13, 0xAD, 0x50, 0xA4, 0x5F, 0xC7, 0x78, 0xC7,
    0x64, 0x2D, 0x9B, 0x4F, 0x7C, 0x01, 0x9A, 0x2A, 0xFC, 0x11, 0xD2, 0xF3, 0x65, 0xB4, 0x42, 0xAD,
    0xBE, 0xA1, 0xDB, 0x44, 0xD5, 0x6A, 0xC6, 0xDA, 0xD4, 0x94, 0x2E, 0x71, 0x7B, 0xA8, 0x58, 0x9F,
    0x75, 0xEF, 0x50, 0x1B, 0x7F, 0x5C, 0xF7, 0x15, 0x6B, 0xAB, 0xD1, 0x8D, 0x4A, 0x53, 0x47, 0x41,
    0x02, 0x3D, 0x9A, 0xF3, 0x0B, 0x43, 0x73, 0x26, 0x23, 0x34, 0x67, 0x5F, 0xA4, 0xE1, 0x4E, 0x6E,
    0x71, 0xCB, 0x37, 0x34, 0x96, 0xD3, 0x65, 0x21, 0x97, 0xAB, 0x7E, 0x9D, 0x57, 0xA8, 0x0F, 0xC7,
    0x82, 0x23, 0xA5, 0x0F, 0x46, 0x2C, 0x69, 0x9D, 0x2C, 0x59, 0x32, 0x65, 0xD3, 0x4B, 0xF2, 0xCD,
    0xC5, 0x98, 0x4E, 0x0A, 0x45, 0x8D, 0x6E, 0x14, 0x0B, 0x5B, 0x39, 0xD6, 0x8E, 0x82, 0xE9, 0x92,
    0x7A, 0x36, 0x89, 0x90, 0x5A, 0x0A, 0xA7, 0x85, 0x7F, 0x4B, 0xEB, 0xEC, 0xE0, 0xB9, 0x61, 0x10,
    0x03, 0x09, 0x59, 0xA3, 0x9B, 0x64, 0x34, 0xAE, 0x0F, 0x58, 0x01, 0x96, 0x05, 0x54, 0xC3, 0x76,
    0x4B, 0xCA, 0xC1, 0x13, 0x59, 0x42, 0xD3, 0x13, 0x4E, 0x66, 0xAE, 0x8C, 0x0A, 0xDB, 0x35, 0x15,
    0x1C, 0xF3, 0xB5, 0x16, 0x90, 0x11, 0x78, 0x1D, 0xB5, 0x3D, 0x50, 0x3A, 0xE6, 0xE4, 0x95, 0xD3,
    0x40, 0x22, 0x49, 0xFB, 0xDA, 0x1D, 0xD6, 0x2E, 0x33, 0xE8, 0xBA, 0xA2, 0x74, 0x74, 0x09, 0xB0,
    0x30, 0x20, 0x4B, 0xD5, 0xFB, 0x72, 0x93, 0x52, 0xC2, 0x5D, 0x0D, 0x27, 0x07, 0x76, 0x5B, 0xAB,
    0xA2, 0x21, 0x20, 0x59, 0xE4, 0x2D, 0x86, 0xB6, 0x0B, 0x08, 0xE3, 0x85, 0x2F, 0x28, 0x8E, 0xFF,
    0x41, 0xC9, 0x78, 0xB2, 0x41, 0xD0, 0xC5, 0xB6, 0x1E, 0x40, 0xBE, 0x30, 0x16, 0x8C, 0xBF, 0xB2,
    0x59, 0x4A, 0xB1, 0x54, 0x25, 0x05, 0x13, 0x98, 0x68, 0x2E, 0x13, 0x16, 0x99, 0x12, 0x33, 0xC6,
    0xDC, 0x9B, 0x8B, 0x0C, 0xCC, 0x55, 0x4F, 0xAA, 0x84, 0x1D, 0x51, 0x48, 0x1B, 0xF7, 0x5B, 0x14,
    0x93, 0x2F, 0xAF, 0x50, 0x50, 0x42, 0xB3, 0xFC, 0x9D, 0x98, 0xDB, 0xB4, 0xDD, 0x1D, 0x9F, 0xE0,
    0x52, 0xD7, 0xBC, 0xD9, 0x37, 0x99, 0x96, 0x7D, 0xD9, 0x64, 0x6F, 0x53, 0x88, 0xB5, 0x07, 0x11,
    0x7E, 0xDA, 0xD0, 0x66, 0x73, 0x47, 0x66, 0xE2, 0x6C, 0x46, 0xA1, 0x61, 0x64, 0xCF, 0x0D, 0xC6,
    0x86, 0x40, 0x66, 0x52, 0xCB, 0xCA, 0xCA, 0x6B, 0x64, 0x77, 0xB9, 0xA4, 0x65, 0xF7, 0xD9, 0x47,
    0xEA, 0x6F, 0x9C, 0xA9, 0x2A, 0x3D, 0x33, 0xB0, 0xAC, 0x98, 0x77, 0x9D, 0x4A, 0xF0, 0x1D, 0x4A,
    0x2A, 0x90, 0xBA, 0xA6, 0xFE, 0x3F, 0x23, 0x16, 0xB1, 0x57, 0x01, 0x4D, 0x21, 0xC1, 0x0F, 0x4A,
    0x9E, 0x15, 0x99, 0xB5, 0xD9, 0xE5, 0x56, 0x91, 0xCE, 0x5C, 0x8F, 0x9A, 0x6C, 0x55, 0xC0, 0x59,
    0xDD, 0x5B, 0x85, 0x9B, 0xF7, 0x57, 0x88, 0x63, 0x1B, 0xF8, 0x9A, 0x3C, 0x6E, 0xB1, 0xBA, 0x0E,
    0xA7, 0xEB, 0x63, 0xF2, 0xF9, 0xDE, 0x26, 0xB3, 0xC3, 0xE6, 0x6C, 0xFC, 0x53, 0x0D, 0x1E, 0x28,
    0x50, 0x10, 0x34, 0x9D, 0xF7, 0xF1, 0xD7, 0x64, 0xB7, 0xAC, 0xF2, 0xA9, 0xFF, 0x10, 0x74, 0x14,
    0x3F, 0x63, 0xC9, 0xE1, 0xBF, 0xD1, 0x36, 0x51, 0xB0, 0xD9, 0xB3, 0x5A, 0x1C, 0xBB, 0x1F, 0x5E,
    0x7A, 0x02, 0x70, 0x67, 0xD4, 0x51, 0xDD, 0x67, 0xA7, 0xAA, 0x36, 0x9D, 0x1F, 0xD9, 0x56, 0x43,
    0xC2, 0x2E, 0xC8, 0x1B, 0x26, 0x3F, 0x5C, 0xA8, 0x4B, 0xA2, 0xFC, 0x92, 0x2E, 0x89, 0x43, 0x14,
    0xE2, 0x0E, 0xFE, 0x2D, 0xA1, 0x13, 0x17, 0x20, 0x92, 0xD4, 0x5B, 0x0D, 0x6A, 0x6B, 0x67, 0x7F,
    0xD4, 0xA3, 0x9D, 0x49, 0xC7, 0x5B, 0xA2, 0x5D, 0x75, 0xC9, 0x4E, 0x9F, 0xEA, 0x4C, 0x58, 0xC3,
    0x4B, 0xEF, 0x11, 0x83, 0x02, 0xD8, 0x82, 0xB0, 0x22, 0x9B, 0xA3, 0x24, 0x98, 0xCE, 0x60, 0xCC,
    0x9E, 0xB7, 0xAD, 0x08, 0x6C, 0x7B, 0x96, 0xAA, 0x0C, 0xE6, 0x6D, 0x9B, 0x64, 0x68, 0xFF, 0xD7,
    0x8E, 0xAC, 0xDD, 0x71, 0x59, 0x58, 0x9C, 0x7D, 0x4C, 0x82, 0xBB, 0xAB, 0xD9, 0x44, 0x31, 0xC3,
    0xD2, 0x25, 0x9B, 0x1B, 0xB4, 0xC1, 0xDC, 0xCC, 0xAD, 0xBC, 0x4F, 0x61, 0xB4, 0xA5, 0x06, 0x6D,
    0x96, 0xDD, 0x71, 0xED, 0x4F, 0xEB, 0x0B, 0x34, 0xAD, 0x1E, 0x41, 0xC3, 0x74, 0x89, 0x4B, 0xA2,
    0x3A, 0xC4, 0xD0, 0x40, 0x97, 0x64, 0x1E, 0x42, 0xEB, 0x0C, 0x55, 0xEB, 0xA0, 0xEF, 0xFB, 0x5E,
    0xC0, 0xEF, 0x05, 0xFA, 0x89, 0x82, 0xC1, 0x78, 0x91, 0xC3, 0x08, 0x64, 0xFF, 0xCE, 0x0A, 0xD9,
    0xC8, 0xB4, 0x4A, 0x0E, 0xEA, 0x03, 0x28, 0x18, 0xC7, 0xAE, 0xDE, 0xA0, 0x5D, 0x4F, 0x28, 0x87,
    0xE0, 0x70, 0x04, 0x71, 0xC9, 0xCA, 0xFD, 0x0C, 0x19, 0x93, 0x0F, 0x17, 0xEE, 0x75, 0x04, 0x87,
    0x5D, 0x3B, 0x33, 0x25, 0x00, 0x01, 0x90, 0x7F, 0xB2, 0x4F, 0xEE, 0xC9, 0x7C, 0xA8, 0x16, 0x9A,
    0x95, 0x71, 0x2E, 0xC6, 0xAB, 0x19, 0xD9, 0x26, 0xD7, 0x64, 0x9A, 0x3C, 0x47, 0x83, 0xC7, 0x7D,
    0x96, 0x2C, 0x45, 0x79, 0x77, 0x14, 0x89, 0x88, 0x59, 0x00, 0x3A, 0x69, 0xDA, 0x7C, 0xC1, 0x00,
    0xBC, 0xA7, 0x65, 0xEA, 0x5C, 0x57, 0xF5, 0x9E, 0xD9, 0x79, 0xC7, 0x1F, 0xE3, 0x63, 0x99, 0x03,
    0x25, 0x5A, 0xD3, 0x05, 0x90, 0xB8, 0x60, 0xC9, 0x1C, 0xB0, 0x5A, 0x76, 0x09, 0x56, 0x9F, 0x5E,
    0x3D, 0xDB, 0xDD, 0x3D, 0x86, 0xF4, 0x28, 0x81, 0x5E, 0xC7, 0x1F, 0x34, 0x2D, 0x87, 0x79, 0xDF,
    0x3F, 0xBC, 0x0F, 0xBB, 0x1B, 0xD1, 0x01, 0xE7, 0x7C, 0x14, 0x02, 0xF1, 0x40, 0x59, 0x20, 0x3D,
    0x4B, 0x18, 0x8E, 0xA3, 0x3F, 0xD2, 0xCF, 0x4E, 0x0B, 0x4D, 0xF9, 0xC6, 0xD0, 0x52, 0xF2, 0xF0,
    0x86, 0x41, 0x73, 0x9A, 0x6D, 0x23, 0xC7, 0xE3, 0x51, 0xB5, 0xE3, 0xE2, 0x2D, 0x36, 0x8C, 0xFB,
    0x1B, 0x16, 0xA4, 0xC8, 0xC0, 0x24, 0x8B, 0x21, 0xD5, 0x10, 0x52, 0x18, 0x5A, 0x5F, 0xE6, 0xA6,
    0xB7, 0xAE, 0x4C, 0x77, 0x58, 0x1E, 0x83, 0x79, 0x0B, 0xFC, 0x7F, 0x69, 0x8E, 0x2D, 0xFF, 0xB7,
    0x8F, 0x2C, 0x8E, 0xC6, 0xE3, 0xE2, 0xE8, 0xEA, 0x77, 0xC5, 0xB7, 0x42, 0xD2, 0x3B, 0xAC, 0x1D,
    0xE0, 0xBE, 0xF7, 0xDA, 0x94, 0x1B, 0x0A, 0x91, 0xAD, 0xDA, 0xF4, 0xC3, 0xB2, 0xED, 0x36, 0xD9,
    0xB6, 0x5C, 0xDB, 0x52, 0x6D, 0xCB, 0xB4, 0xB7, 0xFA, 0x10, 0xF3, 0x90, 0xA5, 0xD7, 0xE3, 0x4E,
    0x30, 0x6C, 0x0E, 0x65, 0x85, 0xE8, 0x47, 0xB8, 0xE3, 0x4F, 0xC4, 0x4B, 0xE8, 0xAF, 0xC3, 0x95,
    0xAC, 0xDC, 0xD7, 0x11, 0x10, 0x85, 0xAB, 0x87, 0x94, 0xED, 0xC6, 0x58, 0x63, 0x67, 0xF3, 0xEB,
    0xAB, 0x0A, 0x5E, 0x95, 0xA2, 0xEE, 0x3C, 0x1D, 0x77, 0xA1, 0x1A, 0xA8, 0x83, 0x6F, 0x33, 0x1E,
    0x7B, 0x0A, 0xEE, 0x9E, 0x60, 0xC7, 0xD9, 0xCE, 0x90, 0xF9, 0xE6, 0xF1, 0x3B, 0xBE, 0x3D, 0xD4,
    0x3A, 0x92, 0x85, 0x6C, 0xC0, 0x86, 0xCF, 0xF3, 0xDC, 0x95, 0x61, 0x99, 0x1B, 0xCA, 0x1B, 0x0C,
    0x71, 0xF3, 0x1A, 0xC1, 0x27, 0xE6, 0x8E, 0xFC, 0x82, 0x47, 0xEE, 0x75, 0xAD, 0x75, 0x45, 0xCC,
    0xDD, 0xD4, 0xD6, 0x35, 0xDA, 0xBA, 0x9A, 0xEB, 0x06, 0x6A, 0x0C, 0x0F, 0x16, 0x5C, 0x17, 0x14,
    0x63, 0x65, 0x38, 0x19, 0x48, 0x18, 0xF5, 0x15, 0x30, 0x17, 0x2A, 0x5E, 0x8E, 0x4A, 0xCA, 0x19,
    0x61, 0x0A, 0x16, 0x8A, 0x25, 0xEF, 0x44, 0x92, 0x3F, 0x4F, 0x68, 0x81, 0x56, 0x2E, 0xF6, 0x56,
    0x7B, 0x31, 0x79, 0xE6, 0x7D, 0x6A, 0x37, 0xD9, 0x60, 0x9A, 0xC8, 0xFF, 0x0B, 0x0C, 0x14, 0xDB,
    0x68, 0x5E, 0x32, 0x61, 0xB6, 0x3E, 0xEE, 0xCC, 0xAE, 0x3B, 0x53, 0xA2, 0x98, 0x8A, 0x28, 0x19,
    0x46, 0xA4, 0x64, 0x98, 0x91, 0x73, 0x70, 0xE3, 0x0E, 0x91, 0x21, 0xFF, 0x06, 0x95, 0x68, 0x8D,
    0xA4, 0xA5, 0x49, 0x39, 0x7C, 0x1F, 0x92, 0xFB, 0xBF, 0x9F, 0xAE, 0x4E, 0x64, 0xFE, 0x4F, 0x7D,
    0xCD, 0xFE, 0xF5, 0xD2, 0x59, 0x3D, 0xBC, 0x6A, 0x9F, 0xC2, 0x2B, 0xF7, 0x3C, 0x85, 0x77, 0x24,
    0x64, 0x12, 0xD2, 0xB0, 0x69, 0x08, 0x2E, 0x5D, 0x3C, 0x50, 0x21, 0xD8, 0xB3, 0x78, 0x37, 0x09,
    0xAE, 0xB8, 0x37, 0xBE, 0x3D, 0xEB, 0x5B, 0x00, 0xDB, 0xD6, 0xA4, 0xFC, 0x48, 0x89, 0x25, 0x60,
    0xE1, 0x28, 0x2C, 0x5F, 0xC2, 0xF0, 0xE9, 0xAD, 0x2E, 0x15, 0xEC, 0x1B, 0x5E, 0x0E, 0x50, 0x4A,
    0x81, 0xCA, 0xD7, 0x89, 0x64, 0x72, 0xEE, 0x34, 0xC7, 0x97, 0xE3, 0xE1, 0x7D, 0xAA, 0xCF, 0x8F,
    0x2F, 0x8E, 0xD6, 0xB1, 0x7A, 0xBE, 0xF3, 0xD1, 0xD3, 0x8F, 0xF0, 0xDD, 0xB4, 0xAC, 0x59, 0x0A,
    0xAD, 0xBB, 0xC2, 0xE7, 0x5F, 0x1D, 0xB0, 0xC0, 0x2E, 0x9E, 0x54, 0x70, 0xA3, 0x07, 0x59, 0xF4,
    0xBC, 0x4E, 0xA6, 0x0E, 0xBE, 0x5B, 0x31, 0x89, 0xDB, 0x39, 0x76, 0xB4, 0x44, 0xB5, 0xF5, 0x87,
    0x38, 0x64, 0xD9, 0x9B, 0xD0, 0xA6, 0xF7, 0x80, 0xFE, 0x05, 0x04, 0x31, 0xA6, 0xF3, 0x5B, 0xD4,
    0xB7, 0x83, 0xB4, 0x40, 0x87, 0xCC, 0xBB, 0xD5, 0x70, 0xD2, 0xA1, 0x6F, 0xB2, 0x45, 0x43, 0xDB,
    0x66, 0x8E, 0x65, 0xEF, 0xB5, 0xF6, 0x9F, 0x79, 0xE5, 0xBB, 0x96, 0x84, 0xE6, 0x5D, 0x31, 0x40,
    0x48, 0x84, 0x2A, 0x5F, 0x2D, 0x7C, 0x7D, 0xA9, 0x8F, 0x44, 0xF3, 0x2E, 0x0E, 0x69, 0x0B, 0xFE,
    0xE9, 0x9B, 0x56, 0x7E, 0x72, 0xEF, 0xB6, 0x35, 0x0B, 0xE5, 0x84, 0xE3, 0xF2, 0x06, 0xBC, 0xDD,
    0x35, 0xC2, 0xBD, 0x85, 0x5F, 0x80, 0xEF, 0x4A, 0xC0, 0x0F, 0x42, 0x08, 0xB0, 0x6C, 0x0D, 0x39,
    0x68, 0x0F, 0x22, 0x02, 0xB5, 0xA2, 0x80, 0xF0, 0x06, 0x07, 0xFB, 0xAC, 0x42, 0x95, 0x6C, 0x4D,
    0x61, 0xE1, 0x0D, 0x50, 0xEB, 0x5B, 0x7A, 0xF3, 0xF9, 0x86, 0x98, 0xF4, 0xC4, 0x4F, 0xFE, 0x77,
    0xC3, 0x7E, 0x82, 0x89, 0x9F, 0xDE, 0xF6, 0x53, 0xE5, 0x54, 0xD1, 0xFB, 0x5E, 0x8D, 0xE8, 0xA8,
    0x79, 0xFA, 0x58, 0x8D, 0x16, 0x67, 0x9D, 0xBF, 0xAC, 0x43, 0x87, 0xA8, 0x41, 0xB5, 0x0D, 0x8F,
    0x1A, 0x9D, 0x90, 0x66, 0x56, 0x4C, 0xED, 0x41, 0x5E, 0x60, 0x46, 0x75, 0xDB, 0x83, 0x5F, 0xC8,
    0x60, 0xF8, 0xD2, 0x1E, 0xF4, 0x74, 0xBE, 0x43, 0x63, 0xBA, 0x28, 0xBC, 0x85, 0x3F, 0x95, 0x88,
    0xDF, 0x56, 0x91, 0x5A, 0xB0, 0xF5, 0xD0, 0xB0, 0xF2, 0x17, 0x6F, 0x41, 0x48, 0x57, 0x2A, 0x76,
    0xC8, 0x6C, 0x98, 0x69, 0xBB, 0x4A, 0xC8, 0x57, 0x16, 0x35, 0x48, 0x7C, 0x2F, 0x44, 0x4D, 0x54,
    0xE5, 0xE7, 0xA3, 0xE6, 0xB9, 0x2A, 0xBF, 0x12, 0x35, 0xBF, 0x5F, 0xE4, 0xEF, 0x44, 0xCB, 0x97,
    0x8B, 0xBC, 0x8E, 0x96, 0xFF, 0x50, 0xBC, 0x02, 0x68, 0x7A, 0x51, 0x7C, 0xAB, 0x8C, 0xEE, 0xCD,
    0x8A, 0x1F, 0x39, 0xB6, 0x0D, 0xDC, 0x22, 0x6C, 0x5E, 0x34, 0xDD, 0x73, 0x60, 0x4B, 0x81, 0x2F,
    0x5D, 0x87, 0xED, 0x8E, 0xEB, 0xBA, 0x51, 0x2C, 0x44, 0x9C, 0x2C, 0xDF, 0x90, 0x02, 0x25, 0x6E,
    0x9C, 0x10, 0x52, 0xEC, 0xC0, 0xFF, 0x0B, 0xFF, 0x16, 0x30, 0x49, 0x76, 0x33, 0x5A, 0x07, 0xA6,
    0x90, 0xF8, 0x70, 0xA6, 0x06, 0x0E, 0x55, 0x57, 0xCF, 0x8A, 0xEB, 0x2B, 0xCA, 0x43, 0xEB, 0xFE,
    0xB1, 0xB8, 0xEC, 0x97, 0xEA, 0x3F, 0xFF, 0x95, 0x0C, 0xED, 0x7A, 0x08, 0xA2, 0xBE, 0xAC, 0x60,
    0x2D, 0xE9, 0x9D, 0xF2, 0x77, 0x0D, 0xFE, 0x6B, 0x09, 0xCD, 0x87, 0xAB, 0xE4, 0x1B, 0xA6, 0x8D,
    0x32, 0x91, 0xF2, 0x82, 0x1B, 0xB7, 0xCE, 0xB8, 0x53, 0xD7, 0xA9, 0x78, 0xD8, 0x6C, 0x64, 0x36,
    0x21, 0x15, 0x5B, 0xC4, 0x31, 0xFA, 0x92, 0x56, 0x22, 0x1C, 0xD4, 0x03, 0x89, 0xB1, 0x48, 0x3C,
    0x2B, 0x94, 0xFE, 0x9C, 0x60, 0x81, 0x9B, 0x5A, 0x5E, 0x89, 0xF8, 0xBF, 0xE9, 0xF1, 0x89, 0xCF,
    0xCB, 0xFE, 0x31, 0x16, 0x6B, 0xEF, 0xD6, 0x93, 0xBE, 0x5D, 0x7C, 0x3F, 0x1B, 0x9E, 0x9E, 0x5E,
    0xF7, 0x4F, 0x2C, 0x57, 0x96, 0x82, 0xEF, 0x81, 0x65, 0x56, 0x3C, 0x8C, 0x93, 0x15, 0x33, 0x42,
    0x8C, 0x9C, 0xF9, 0x9D, 0x70, 0x2F, 0x5C, 0x74, 0xE8, 0xB2, 0x6D, 0x9F, 0xBC, 0x1E, 0x61, 0x87,
    0xE9, 0x43, 0xB1, 0xC3, 0x58, 0x4F, 0xB4, 0x24, 0x1A, 0xD3, 0x92, 0xC7, 0xFD, 0xAC, 0x2A, 0x32,
    0xE7, 0xE4, 0x3E, 0xCF, 0x75, 0xEA, 0x3F, 0x97, 0x6E, 0xCB, 0x0E, 0x6D, 0x06, 0x1F, 0xDA, 0x9F,
    0x8D, 0xEE, 0xCB, 0xD8, 0xBE, 0x5C, 0xB6, 0x5F, 0x9E, 0x93, 0x47, 0xBB, 0xA2, 0x2F, 0x97, 0xCC,
    0x30, 0xA7, 0x4D, 0xDB, 0x90, 0xD0, 0xF6, 0xEC, 0x0A, 0xE2, 0x54, 0x23, 0x74, 0x6D, 0xC7, 0x69,
    0xD5, 0x13, 0x37, 0xD9, 0xDD, 0x7D, 0x1B, 0x01, 0xFB, 0x3A, 0xFA, 0xF4, 0xF2, 0x32, 0xE6, 0xC3,
    0x31, 0x84, 0x41, 0x98, 0x6B, 0x33, 0xF7, 0xA2, 0x3C, 0x0C, 0x0F, 0xE7, 0x47, 0x27, 0x70, 0x0A,
    0xFE, 0x1A, 0x1F, 0x35, 0x59, 0x3D, 0x61, 0x5D, 0xBD, 0x6E, 0xF1, 0xDB, 0xF6, 0xD1, 0x83, 0xB2,
    0x27, 0xD2, 0x3D, 0xFC, 0xD1, 0x83, 0x43, 0x96, 0xC1, 0xB6, 0x11, 0xD6, 0x35, 0x32, 0xB8, 0x3F,
    0x1F, 0x72, 0xCB, 0xA7, 0x96, 0xC1, 0xF8, 0x41, 0xDC, 0xE8, 0x51, 0x0F, 0xE2, 0x1E, 0xAE, 0x0C,
    0x8E, 0x41, 0x08, 0xC9, 0xC3, 0x1F, 0x48, 0xDE, 0x07, 0x3D, 0x30, 0x2C, 0xB4, 0x30, 0x04, 0xF6,
    0xB5, 0x39, 0x4B, 0xAD, 0x3C, 0xB4, 0xD1, 0x8A, 0x76, 0x63, 0x4F, 0xEE, 0x57, 0x8F, 0x0E, 0xD8,
    0xA8, 0xCF, 0xC6, 0x2C, 0xFE, 0x9E, 0xE7, 0xC3, 0xCA, 0x41, 0x9D, 0x0C, 0x6F, 0x1D, 0x27, 0x9B,
    0x9B, 0xE1, 0xEC, 0x8D, 0xD3, 0xCC, 0xE8, 0xC1, 0xA5, 0xAC, 0x8D, 0x87, 0x93, 0xBD, 0xB8, 0x19,
    0x56, 0xFD, 0x7F, 0xE5, 0x5B, 0xBF, 0x8F, 0x1C, 0xD7, 0x7D, 0x7F, 0xB3, 0xC3, 0xBB, 0x01, 0x34,
    0xC5, 0xB0, 0x20, 0x81, 0x48, 0x42, 0x34, 0x8D, 0x8B, 0x40, 0x4A, 0x3C, 0xFF, 0x00, 0xEF, 0x66,
    0x24, 0x23, 0x71, 0x91, 0xC2, 0x2C, 0x78, 0x69, 0x52, 0xB8, 0x57, 0x11, 0xB6, 0x82, 0x43, 0x71,
    0xC6, 0x36, 0x02, 0x17, 0x2A, 0x42, 0x20, 0x30, 0xD2, 0xD9, 0x2A, 0x5C, 0xD0, 0x97, 0x82, 0x29,
    0x54, 0x10, 0x08, 0x4F, 0x33, 0x0A, 0x81, 0xB8, 0x70, 0xE1, 0x15, 0x01, 0x27, 0x45, 0x0A, 0xAD,
    0x12, 0x2B, 0x12, 0xA2, 0x42, 0x23, 0x60, 0x12, 0xAF, 0xC8, 0xD9, 0x7D, 0xF9, 0x7C, 0x3E, 0xDF,
    0x37, 0xBB, 0x7B, 0xB4, 0xC5, 0x04, 0x89, 0x4E, 0x3A, 0x22, 0x27, 0xDD, 0x9B, 0xE5, 0xEE, 0xEC,
    0xBC, 0xF7, 0xFD, 0xBE, 0xEF, 0xAF, 0xCF, 0xE7, 0xFB, 0xCE, 0x39, 0xFC, 0x44, 0x15, 0x47, 0x97,
    0xF6, 0xCE, 0x15, 0xBE, 0xC9, 0x7A, 0x37, 0xF3, 0x7E, 0x89, 0x7F, 0x65, 0x43, 0xBC, 0x8E, 0x17,
    0xAE, 0xEC, 0x9C, 0xFF, 0x06, 0x7E, 0x9D, 0xF3, 0xEF, 0xB9, 0x78, 0xED, 0x5C, 0xBB, 0x74, 0xC9,
    0xE8, 0x5C, 0xDD, 0xB9, 0x8C, 0x97, 0xB9, 0xCB, 0x07, 0x5D, 0x0A, 0x3C, 0xA0, 0xED, 0x5C, 0xB9,
    0xBD, 0x78, 0x5C, 0x16, 0xB8, 0x54, 0xBC, 0xCC, 0xF0, 0x04, 0x5C, 0xF8, 0x04, 0x5C, 0xF8, 0x84,
    0x82, 0x73, 0x38, 0xFE, 0x16, 0xB8, 0x0B, 0xEF, 0xB4, 0x8D, 0xC3, 0x6D, 0x1F, 0xAF, 0xB8, 0x9C,
    0xC2, 0xCF, 0xB5, 0xAC, 0xAB, 0x2E, 0xFC, 0x5C, 0xD0, 0xF8, 0xB6, 0x46, 0x3C, 0x6A, 0x7F, 0x5D,
    0x61, 0xAC, 0x7D, 0x7F, 0xE8, 0x66, 0xEB, 0x74, 0xBC, 0xE2, 0xD2, 0x65, 0xBC, 0xC6, 0x03, 0xFB,
    0x99, 0x6F, 0x30, 0x81, 0x66, 0x9B, 0x73, 0xAC, 0x3B, 0x2D, 0x5A, 0xA3, 0x6F, 0x92, 0x15, 0xC7,
    0x14, 0xB3, 0xB7, 0x0D, 0x27, 0x6F, 0x3B, 0x2E, 0xBB, 0x9C, 0x43, 0x1A, 0x97, 0x7B, 0xDC, 0xE2,
    0x62, 0x3F, 0x70, 0x8A, 0x4B, 0xD3, 0xBC, 0x6E, 0xCF, 0x2E, 0x79, 0x57, 0xF8, 0x55, 0xB2, 0x2A,
    0xE7, 0x05, 0xB4, 0x33, 0xE6, 0xDD, 0x0C, 0x62, 0xDD, 0xC8, 0x3A, 0x4E, 0x71, 0x23, 0xAB, 0x62,
    0x5C, 0xEE, 0xBE, 0x2E, 0xE9, 0x3C, 0xA4, 0xC3, 0x2C, 0x83, 0x44, 0x8A, 0xF0, 0x74, 0xCC, 0x16,
    0x41, 0xC0, 0x6C, 0xE9, 0x66, 0x73, 0x89, 0x1B, 0xE3, 0x92, 0xF7, 0x2E, 0xEE, 0xA4, 0x83, 0x04,
    0x17, 0x68, 0x2B, 0x6D, 0xA4, 0x98, 0xAC, 0xE2, 0x72, 0x5C, 0xE6, 0x74, 0xC9, 0x9D, 0xDE, 0x3C,
    0xA0, 0x42, 0x86, 0x68, 0x89, 0x4B, 0xE6, 0xF1, 0x7C, 0x6C, 0x9A, 0xF7, 0xD5, 0xCE, 0xE6, 0xF1,
    0xE7, 0x22, 0x87, 0xD9, 0xC8, 0x31, 0x1E, 0x5F, 0x3C, 0x76, 0x2F, 0x7E, 0x6F, 0x2C, 0xD7, 0x10,
    0x7F, 0xC4, 0x6A, 0xDA, 0x66, 0xC0, 0x62, 0xFC, 0x37, 0xE7, 0x1C, 0xD7, 0x58, 0x51, 0xE4, 0x6F,
    0x61, 0x41, 0x5C, 0x3C, 0xB7, 0x99, 0xCB, 0x89, 0x57, 0x5C, 0x0D, 0x35, 0x53, 0x2C, 0xB8, 0xB1,
    0xE5, 0xA2, 0xD0, 0xF8, 0xE7, 0x98, 0xB5, 0xFC, 0xCF, 0x9F, 0x8F, 0x17, 0x5D, 0xE9, 0xFF, 0xD8,
    0x43, 0xC3, 0x63, 0x0C, 0x0D, 0xBB, 0xCA, 0xE6, 0x73, 0x61, 0x93, 0x36, 0xDB, 0x74, 0x2F, 0xEE,
    0xA7, 0x97, 0x65, 0xDE, 0x4D, 0x2F, 0x0B, 0xBF, 0xB9, 0x37, 0x1B, 0x37, 0x2F, 0xA3, 0xAB, 0x6E,
    0xF7, 0xA7, 0xF6, 0x58, 0x94, 0x6B, 0x3D, 0x16, 0x58, 0x73, 0x70, 0x9E, 0x63, 0xBC, 0x9E, 0xC1,
    0x8E, 0x46, 0x97, 0x8F, 0x54, 0x6B, 0xBD, 0x80, 0x46, 0xEB, 0x9E, 0xAA, 0x2D, 0xFA, 0xD9, 0xC2,
    0xC1, 0x4A, 0xB0, 0xE4, 0x7C, 0x19, 0xCF, 0xB9, 0x2A, 0xA8, 0x18, 0xFF, 0xBB, 0x74, 0x2D, 0x35,
    0x73, 0x26, 0xCA, 0x90, 0xDB, 0xCB, 0xBA, 0x37, 0x93, 0xC3, 0x4B, 0xDA, 0x16, 0x54, 0x8E, 0x7B,
    0x63, 0xAA, 0x11, 0x1A, 0xCE, 0xF1, 0xCD, 0xB5, 0xE9, 0x1C, 0xF7, 0xF0, 0x5B, 0x34, 0xF0, 0x52,
    0x73, 0xC9, 0x9E, 0xEB, 0x79, 0xE4, 0x29, 0x0E, 0x06, 0xDF, 0xE1, 0x5B, 0xD8, 0x4A, 0xDF, 0x40,
    0x7F, 0xD9, 0x8A, 0xFB, 0xE8, 0xAB, 0x74, 0xE5, 0x8A, 0xA5, 0x4B, 0x69, 0x0F, 0xF5, 0xE0, 0xDA,
    0xDE, 0xE5, 0x4D, 0x81, 0xF5, 0x37, 0xD8, 0x28, 0x6C, 0x15, 0x84, 0xFA, 0x15, 0xFD, 0xCA, 0xFB,
    0xED, 0x6E, 0x4D, 0x16, 0x76, 0x30, 0x1B, 0x82, 0xE8, 0xC5, 0xB7, 0xE6, 0x41, 0xF2, 0x0C, 0xCB,
    0x32, 0xC1, 0xF1, 0x5C, 0x93, 0xDB, 0x45, 0xD7, 0x9C, 0x89, 0x6D, 0xEE, 0x4A, 0xA9, 0xF7, 0x8F,
    0x8F, 0x6F, 0x9B, 0xD0, 0x30, 0x8B, 0xA5, 0xC9, 0x9C, 0xFD, 0x10, 0x4B, 0x96, 0xC8, 0x79, 0xF0,
    0xCA, 0x6C, 0xFC, 0xFD, 0x88, 0x4E, 0x61, 0x02, 0xAF, 0x37, 0xF2, 0x8E, 0x1B, 0x71, 0xFB, 0x8D,
    0xB4, 0xF3, 0x8D, 0xB0, 0xD5, 0x24, 0xEB, 0x1A, 0x6B, 0x35, 0x51, 0x47, 0xD7, 0x07, 0x49, 0xFB,
    0x68, 0x61, 0x82, 0xD6, 0xF3, 0x64, 0x2E, 0x39, 0xB9, 0x59, 0x9D, 0xC4, 0xA4, 0xC4, 0x61, 0xE3,
    0x2B, 0xDA, 0x45, 0x0C, 0xA3, 0x19, 0x52, 0x3C, 0x38, 0x6A, 0x17, 0xEE, 0xA4, 0xAC, 0x4C, 0xCB,
    0xA5, 0xBC, 0x1C, 0xB3, 0x16, 0x43, 0x78, 0xB1, 0x27, 0x6B, 0x60, 0x0C, 0xC0, 0xCF, 0xFE, 0xCA,
    0x37, 0xCF, 0x1D, 0x1F, 0xBF, 0x49, 0x7D, 0x54, 0x25, 0x6C, 0x3E, 0xF2, 0x98, 0xF0, 0xF0, 0xC8,
    0x77, 0xC9, 0x88, 0x17, 0x37, 0xB0, 0x3E, 0x19, 0xEE, 0xDF, 0x26, 0x6B, 0xAC, 0x86, 0xB6, 0x0B,
    0xD9, 0xCA, 0x79, 0x3C, 0x6A, 0x63, 0xEB, 0x8E, 0xF1, 0x05, 0x82, 0xB4, 0x1D, 0x9D, 0x0F, 0xB2,
    0xC0, 0xDB, 0x97, 0xCE, 0x9C, 0x9F, 0xBA, 0x59, 0xBA, 0xCA, 0x37, 0xB8, 0xB1, 0xEC, 0xE3, 0xAE,
    0x6D, 0xEE, 0xF4, 0xB8, 0x31, 0x69, 0xEA, 0x07, 0xBF, 0x18, 0x5E, 0xF6, 0x55, 0x8E, 0xF9, 0xBE,
    0xE5, 0xEF, 0x73, 0xAF, 0xB2, 0x55, 0xB2, 0x4E, 0xB4, 0x69, 0xD5, 0x64, 0xE1, 0x35, 0xF4, 0x1C,
    0xD1, 0x07, 0x6B, 0xC4, 0x09, 0xBC, 0x98, 0x4B, 0xA3, 0x52, 0x26, 0x1F, 0xAF, 0x88, 0xC6, 0xC9,
    0xE9, 0xE0, 0xDC, 0x24, 0xD9, 0x9C, 0xAC, 0x52, 0xB1, 0x90, 0x1F, 0xEB, 0x05, 0x83, 0xA6, 0xD4,
    0xAD, 0xFD, 0xAC, 0x2D, 0x06, 0x68, 0xCD, 0xFA, 0xD8, 0xD1, 0xC7, 0x4A, 0x86, 0x40, 0x6E, 0x04,
    0x3F, 0xD6, 0x8E, 0xE0, 0xE3, 0x4B, 0x74, 0x5A, 0x6E, 0xCD, 0x95, 0xD8, 0xDB, 0x7D, 0x77, 0xB5,
    0x02, 0x7C, 0x3C, 0x50, 0x0F, 0xF8, 0x38, 0xEE, 0x15, 0x5E, 0xB1, 0x70, 0xF9, 0x33, 0x76, 0xC5,
    0x2F, 0x36, 0x6E, 0xA7, 0xA5, 0x28, 0xA0, 0x0D, 0x93, 0x73, 0x4E, 0x1E, 0x5B, 0x4E, 0xFE, 0xEA,
    0x43, 0x54, 0xF9, 0x38, 0x7C, 0x89, 0xD1, 0x62, 0x13, 0x0E, 0xC3, 0x67, 0xE5, 0x5C, 0xBA, 0xA0,
    0x65, 0x52, 0x15, 0x94, 0x45, 0xEB, 0x78, 0xAE, 0x32, 0x45, 0xB8, 0xA0, 0x07, 0xB3, 0x55, 0xF7,
    0xCC, 0xB1, 0xDC, 0x13, 0x96, 0xDD, 0x48, 0x09, 0x14, 0x47, 0x2B, 0xC0, 0x95, 0x0B, 0x88, 0xBC,
    0x69, 0x20, 0xA4, 0x09, 0xB3, 0x53, 0xC8, 0x4F, 0x91, 0x28, 0x7E, 0xD8, 0xD0, 0x4B, 0xBC, 0x52,
    0x78, 0x3E, 0x93, 0xB2, 0xF3, 0x99, 0x14, 0x1D, 0xCF, 0x94, 0xE4, 0x50, 0xBB, 0x04, 0xC7, 0x33,
    0x25, 0xB7, 0x94, 0xE9, 0x82, 0x2E, 0x77, 0x64, 0xAC, 0xBB, 0x53, 0xA2, 0x46, 0xC1, 0x31, 0xEF,
    0x84, 0x25, 0xB7, 0xF3, 0x10, 0xA1, 0x72, 0x64, 0x8B, 0x65, 0x02, 0x6B, 0x1B, 0x69, 0x72, 0x4B,
    0xDC, 0x37, 0xBB, 0xA5, 0x1D, 0x90, 0xB0, 0xF1, 0x2A, 0x3A, 0x7E, 0x33, 0x41, 0x44, 0xA4, 0xA2,
    0xCB, 0x45, 0x0A, 0x1B, 0x5C, 0xC8, 0x10, 0xB1, 0x9C, 0xBA, 0xCB, 0x7B, 0xCB, 0x2F, 0x30, 0x35,
    0x44, 0xAA, 0x0A, 0x4B, 0xF0, 0x98, 0x1F, 0x8F, 0xA8, 0x19, 0x26, 0x94, 0x92, 0xDA, 0x77, 0x21,
    0x60, 0xED, 0xE9, 0xD7, 0x4B, 0x9A, 0x6A, 0x95, 0x2E, 0x83, 0x11, 0x21, 0x95, 0x71, 0x6F, 0x16,
    0x61, 0xAD, 0xCF, 0x71, 0xA1, 0x05, 0x3F, 0xAC, 0x11, 0x71, 0xFC, 0xA7, 0x66, 0x82, 0x78, 0xF5,
    0xBE, 0x6C, 0x10, 0x9F, 0x1E, 0x48, 0xBF, 0x09, 0x95, 0x23, 0xCD, 0xF2, 0xD5, 0x0D, 0xE9, 0x36,
    0xC5, 0x1E, 0xDD, 0x35, 0x3B, 0xFC, 0x36, 0x7C, 0xD1, 0x0C, 0x11, 0x37, 0xF7, 0xD2, 0x4A, 0x9E,
    0x8C, 0x8C, 0xA9, 0x98, 0xE3, 0xEB, 0x08, 0x39, 0x0B, 0x99, 0xE0, 0x01, 0xDC, 0x6D, 0x4E, 0x3D,
    0xE3, 0x59, 0xFE, 0xFB, 0x73, 0x59, 0xE3, 0x15, 0x57, 0xDF, 0xEF, 0xA4, 0xAF, 0x1B, 0xAE, 0xFC,
    0xB0, 0x93, 0xC6, 0xF0, 0xD4, 0x47, 0x8D, 0xD4, 0x31, 0x30, 0x66, 0xC9, 0x22, 0x91, 0xCA, 0xBC,
    0x69, 0x07, 0x29, 0xCE, 0xCB, 0x18, 0x66, 0x2C, 0x2A, 0x2C, 0xE7, 0x3F, 0x74, 0x6E, 0xED, 0xCC,
    0x2A, 0x9D, 0x3B, 0xD9, 0x5A, 0xA3, 0xC9, 0x6C, 0x86, 0xB9, 0xC9, 0x20, 0xC5, 0x62, 0x93, 0x1B,
    0x36, 0xA9, 0x64, 0xB2, 0xCD, 0xE8, 0x93, 0xC9, 0xA2, 0x77, 0xAD, 0x73, 0xCA, 0xD6, 0x66, 0x9F,
    0xD4, 0x54, 0x5F, 0x07, 0x45, 0x2D, 0xEA, 0x49, 0x4F, 0x34, 0x51, 0xA9, 0xC9, 0x4D, 0x5A, 0x72,
    0x41, 0x49, 0xCF, 0x1C, 0x57, 0xA6, 0xA3, 0x9C, 0x66, 0x4A, 0x15, 0xC9, 0x4E, 0xA9, 0x21, 0xCA,
    0x2B, 0x05, 0x51, 0x5C, 0xE9, 0x67, 0xB6, 0x0E, 0xEA, 0x89, 0xD7, 0x41, 0x3B, 0x34, 0x56, 0x29,
    0x87, 0xA2, 0x4A, 0x37, 0x94, 0x54, 0xAA, 0xA1, 0xA0, 0xD2, 0x0C, 0xE5, 0x94, 0x62, 0x58, 0x69,
    0x49, 0x2F, 0x34, 0x59, 0xA9, 0x45, 0x36, 0x4B, 0xAD, 0x4C, 0x46, 0xBB, 0xB1, 0xDA, 0xAD, 0xFC,
    0xED, 0xE3, 0x3E, 0x3A, 0x9B, 0x52, 0xCA, 0x64, 0xBA, 0xCE, 0x4F, 0x5F, 0x9A, 0x52, 0xCC, 0x64,
    0xDC, 0xB1, 0x7F, 0xEC, 0x2B, 0xB7, 0xDD, 0xE3, 0x3F, 0x2F, 0xDE, 0x4E, 0x96, 0xEE, 0xD5, 0xDB,
    0x08, 0xCF, 0x25, 0x2C, 0x94, 0x29, 0xF7, 0x91, 0x02, 0x7F, 0xE2, 0xBF, 0x8B, 0xC8, 0xCF, 0x2B,
    0x1E, 0x06, 0x59, 0xD2, 0x55, 0xE4, 0x2D, 0xDF, 0x98, 0x00, 0x0A, 0xC6, 0x58, 0xBF, 0xEA, 0x08,
    0x6C, 0x5B, 0xC1, 0x10, 0x04, 0x31, 0xCA, 0x05, 0xAF, 0x08, 0xF7, 0x73, 0x7C, 0x99, 0x39, 0xA6,
    0xC3, 0x97, 0x99, 0x61, 0xBA, 0x6C, 0xBC, 0x08, 0x1D, 0x23, 0x40, 0xFB, 0x1E, 0xA2, 0x30, 0xC1,
    0x34, 0xB6, 0xAC, 0x8B, 0xD1, 0x63, 0xCB, 0x8C, 0x1F, 0x0B, 0x27, 0xC1, 0x52, 0x66, 0xC1, 0x47,
    0x93, 0xF5, 0x6E, 0x11, 0xB2, 0x4C, 0xA8, 0xBB, 0x9B, 0x05, 0xD3, 0x48, 0xA9, 0x4F, 0x72, 0x99,
    0xD8, 0xDE, 0x4E, 0xAD, 0x21, 0xCF, 0xB2, 0x78, 0xCB, 0x1C, 0x46, 0x95, 0x71, 0x9C, 0x7D, 0xCC,
    0x3B, 0xE3, 0x9F, 0x73, 0x4C, 0x7F, 0xA0, 0x18, 0xAE, 0x29, 0x0F, 0x34, 0xDE, 0xD0, 0x32, 0x2C,
    0xC4, 0x2E, 0xB8, 0xE3, 0xF1, 0xC3, 0xBF, 0x51, 0xA6, 0x66, 0x7A, 0xC8, 0xB5, 0xD8, 0x43, 0x69,
    0xFA, 0x9E, 0x62, 0xDB, 0xC0, 0x1D, 0x8A, 0x99, 0x22, 0xBA, 0x62, 0xED, 0x5E, 0xF2, 0xBF, 0xAA,
    0x99, 0xC7, 0x96, 0xB0, 0x4F, 0x58, 0x68, 0xD6, 0xDC, 0xC4, 0xBA, 0xFF, 0x65, 0xC9, 0x2D, 0x59,
    0x70, 0x7F, 0xB8, 0xDA, 0xA3, 0x69, 0x79, 0xFB, 0xEB, 0x3F, 0xAA, 0x94, 0xF7, 0x94, 0xF3, 0x62,
    0x6A, 0x58, 0xEA, 0x95, 0x6E, 0x95, 0xE3, 0x94, 0xDF, 0x94, 0xDB, 0x94, 0xD7, 0x94, 0xD3, 0x94,
    0xCF, 0x94, 0xCB, 0x98, 0xC7, 0x94, 0xC3, 0x3A, 0xE6, 0xAF, 0x90, 0xBB, 0x6C, 0xDE, 0x0A, 0xF3,
    0xA6, 0x0F, 0x3E, 0x67, 0x5E, 0x0B, 0xE7, 0x54, 0x45, 0x88, 0x6D, 0x93, 0xCE, 0x95, 0xC6, 0xB2,
    0x4D, 0x60, 0x52, 0xD8, 0x56, 0xD2, 0xD0, 0x20, 0x63, 0x95, 0xA1, 0xCA, 0x48, 0xDB, 0x50, 0x25,
    0x59, 0x0A, 0x93, 0x99, 0x6A, 0x23, 0x0B, 0x94, 0x06, 0x30, 0xEF, 0x81, 0x56, 0x79, 0xE9, 0x30,
    0x5A, 0xE6, 0x6F, 0x2C, 0x52, 0xDF, 0xC0, 0x24, 0x59, 0xD7, 0xC0, 0xF0, 0x7E, 0xCA, 0xED, 0x42,
    0xB0, 0xC0, 0x8C, 0xF8, 0x1F, 0x53, 0x66, 0x2A, 0x68, 0x72, 0x95, 0x27, 0xC5, 0x42, 0xC6, 0x04,
    0x3B, 0x7A, 0x1F, 0x92, 0x35, 0x28, 0xBA, 0x5C, 0x25, 0x4C, 0x70, 0x99, 0xEB, 0x81, 0xC7, 0x60,
    0x69, 0xF7, 0xFB, 0xE0, 0xCE, 0xCE, 0xAA, 0x3A, 0xE7, 0xAE, 0x6D, 0xB7, 0xBC, 0xF0, 0xC2, 0x16,
    0x94, 0xD0, 0x0A, 0xDE, 0x52, 0xA1, 0x8C, 0xA8, 0x26, 0xE0, 0x03, 0xC3, 0x34, 0x06, 0x69, 0x0C,
    0xD1, 0x18, 0xA0, 0x29, 0x37, 0xA3, 0xEF, 0x0C, 0xCD, 0x18, 0x98, 0x31, 0x2C, 0x63, 0x50, 0xC6,
    0x90, 0x8C, 0x01, 0x19, 0xC3, 0x31, 0x01, 0xC6, 0x04, 0x14, 0x73, 0xD5, 0x22, 0xD3, 0xFF, 0x60,
    0xE7, 0x2B, 0x61, 0x1A, 0x41, 0x1A, 0x22, 0x9A, 0x15, 0x01, 0xCD, 0xDA, 0xF0, 0x8C, 0xE0, 0x8C,
    0xD0, 0x8C, 0x32, 0x87, 0xB0, 0x8C, 0xA0, 0x8C, 0x90, 0x8C, 0x12, 0x8D, 0x70, 0x8C, 0x60, 0x8C,
    0xA1, 0x98, 0x4B, 0x3B, 0xA5, 0xE6, 0x8D, 0x99, 0x4A, 0x8F, 0x6C, 0xEE, 0xAC, 0xBC, 0x74, 0x2A,
    0x2D, 0x77, 0x8B, 0x70, 0xE2, 0x1B, 0x24, 0x4E, 0xC0, 0x1B, 0xBF, 0x20, 0xBA, 0x79, 0x5D, 0x1B,
    0x77, 0x43, 0x61, 0xE3, 0xAE, 0x6C, 0x62, 0x50, 0x34, 0xEF, 0x03, 0xB0, 0x31, 0x5C, 0x43, 0x58,
    0xB3, 0x08, 0xA8, 0xC6, 0x40, 0x8D, 0x61, 0x1A, 0x83, 0x34, 0x86, 0x68, 0x0C, 0xD0, 0x18, 0x9E,
    0x31, 0x38, 0x63, 0x68, 0xC6, 0xC0, 0x4C, 0xC0, 0x32, 0x06, 0x65, 0x22, 0x5E, 0x93, 0xAE, 0x40,
    0xFD, 0xDB, 0xAF, 0x26, 0xCF, 0x94, 0xA7, 0x5F, 0x9E, 0x42, 0x14, 0xA0, 0x4D, 0x23, 0x64, 0x23,
    0x60, 0x43, 0x44, 0x53, 0x71, 0x10, 0xAA, 0x31, 0x50, 0xB3, 0x75, 0x17, 0x21, 0x1A, 0x01, 0x1A,
    0xE1, 0x19, 0xC1, 0x19, 0xA1, 0x19, 0x81, 0x19, 0xC3, 0x32, 0x06, 0x65, 0xF6, 0x8E, 0xA8, 0x88,
    0x5C, 0xF3, 0x3D, 0x87, 0xC2, 0xD3, 0x6D, 0xCA, 0x73, 0xA5, 0xE0, 0x84, 0xD6, 0x75, 0x53, 0xE3,
    0xEF, 0x45, 0xCD, 0xB9, 0xD2, 0xD8, 0xF1, 0x31, 0xF7, 0x1B, 0x53, 0x46, 0x47, 0x93, 0x25, 0x25,
    0xF3, 0xD7, 0x71, 0xEF, 0x02, 0x68, 0x39, 0x9D, 0x9F, 0xF0, 0xC6, 0x4B, 0x67, 0xAA, 0xBB, 0xF0,
    0x93, 0x2A, 0xA2, 0x66, 0xCA, 0x50, 0xA5, 0xDE, 0xB9, 0xFB, 0x54, 0x68, 0x30, 0x78, 0x20, 0x83,
    0xDE, 0x6C, 0x29, 0xED, 0x51, 0x8C, 0x2F, 0x5F, 0x8D, 0x7B, 0x72, 0xD4, 0xEC, 0x65, 0x9A, 0x60,
    0xFC, 0xCF, 0xDD, 0x36, 0x05, 0xDE, 0x7E, 0x3A, 0x0C, 0xF1, 0xD6, 0x33, 0xB8, 0x0E, 0x87, 0x5C,
    0xDF, 0x30, 0xE5, 0x04, 0xC2, 0x85, 0xA4, 0xA3, 0x1A, 0xE7, 0x5F, 0xAE, 0x35, 0x5A, 0xA1, 0xAF,
    0x70, 0xE7, 0x02, 0x27, 0xF1, 0xD6, 0xD3, 0xA1, 0x46, 0xC6, 0xA1, 0x58, 0x45, 0x8B, 0x0A, 0x9E,
    0x43, 0xF7, 0x95, 0x58, 0xE3, 0xF3, 0x9F, 0x91, 0x80, 0xE9, 0xE2, 0xFF, 0xA8, 0xFB, 0x98, 0xC0,
    0x47, 0xA5, 0x40, 0xF8, 0x7D, 0xDE, 0xE3, 0xC9, 0x9F, 0x8C, 0xE9, 0x98, 0x2D, 0xF3, 0x3E, 0xEB,
    0xCB, 0x79, 0xBE, 0x28, 0x3B, 0xFE, 0xD7, 0xBA, 0xE2, 0xD7, 0x48, 0x5C, 0xCC, 0x7A, 0x96, 0x56,
    0x2E, 0x1F, 0x55, 0xAA, 0x2C, 0xB8, 0x0D, 0xAF, 0x1E, 0x37, 0x9B, 0xDD, 0x19, 0x48, 0x77, 0x45,
    0x23, 0x19, 0x22, 0x94, 0x02, 0xDC, 0xAA, 0x37, 0xF7, 0xCF, 0x47, 0x81, 0x36, 0x3B, 0xFE, 0x29,
    0xCB, 0x88, 0x15, 0xC3, 0xE9, 0x54, 0x40, 0x64, 0x0D, 0x69, 0xA4, 0x6E, 0x64, 0x70, 0x1B, 0xE9,
    0xA7, 0x17, 0xCF, 0xB2, 0x54, 0xFB, 0x7C, 0xAD, 0x99, 0x1D, 0xA7, 0xC3, 0x76, 0x9C, 0xDD, 0x3A,
    0x1F, 0x5A, 0xDB, 0x07, 0x11, 0x85, 0x7D, 0xA7, 0x72, 0xA4, 0x35, 0x99, 0x66, 0x1B, 0xB8, 0xDA,
    0x30, 0x5C, 0x72, 0x67, 0xAB, 0x35, 0xDA, 0x6B, 0x15, 0xAE, 0x21, 0xAC, 0x1F, 0xED, 0x62, 0x9B,
    0x14, 0x32, 0xAD, 0x76, 0xAE, 0xB3, 0xF7, 0x96, 0xF2, 0xB0, 0xE4, 0x2F, 0x07, 0x41, 0xC0, 0x0C,
    0xCE, 0xCB, 0xEB, 0x01, 0xDC, 0xF7, 0x6B, 0x4C, 0x5E, 0xA6, 0xCA, 0xA8, 0x37, 0x38, 0x16, 0x77,
    0x86, 0xC6, 0xB2, 0xAA, 0x16, 0x51, 0xFC, 0x75, 0x54, 0xB3, 0xBC, 0xDE, 0xB0, 0x42, 0xD7, 0x7D,
    0x76, 0xA4, 0x6B, 0xEC, 0x6D, 0x15, 0xE9, 0x2F, 0xFF, 0x44, 0xAB, 0x90, 0x0E, 0x23, 0xC2, 0x4E,
    0x48, 0x88, 0x08, 0xB1, 0x64, 0x61, 0x9D, 0x74, 0x33, 0x45, 0x92, 0x9C, 0x5A, 0xBC, 0x43, 0xFE,
    0xAC, 0xF4, 0xC6, 0x14, 0x06, 0x2D, 0xF2, 0x62, 0xB8, 0xE5, 0x68, 0x07, 0xB8, 0xEC, 0xAF, 0xDD,
    0x75, 0xD5, 0xE8, 0x1F, 0x42, 0x42, 0x2A, 0x6F, 0x8E, 0xCD, 0xA0, 0x8E, 0x58, 0x02, 0x62, 0x93,
    0x40, 0x5E, 0xF5, 0x2C, 0x0D, 0xA5, 0x44, 0x12, 0x0B, 0x88, 0x08, 0xD7, 0x07, 0x81, 0x2C, 0xE3,
    0xC0, 0x56, 0x57, 0xC5, 0x80, 0x2D, 0x55, 0x9D, 0x97, 0xA3, 0xF8, 0xB6, 0xBF, 0x1B, 0x21, 0x6D,
    0xFD, 0xE0, 0xBE, 0x47, 0x7C, 0x2C, 0xFD, 0xCB, 0x9E, 0x1C, 0xEF, 0xCA, 0x0A, 0xE6, 0x6A, 0x87,
    0x7F, 0x47, 0x44, 0xF0, 0xE2, 0x6D, 0xA8, 0x5C, 0x06, 0x95, 0x8E, 0xE1, 0x8C, 0x14, 0x61, 0xE3,
    0x6A, 0x71, 0x00, 0xAF, 0x07, 0xE2, 0xC7, 0xA8, 0x26, 0xA3, 0x97, 0x8A, 0x1D, 0x9B, 0x2C, 0x81,
    0xA1, 0x59, 0x43, 0x47, 0xAD, 0x08, 0x91, 0x7C, 0x29, 0x22, 0x92, 0x24, 0x1C, 0xAC, 0xAD, 0x29,
    0xFA, 0x67, 0xDA, 0x87, 0x84, 0xC9, 0x78, 0x13, 0x95, 0x29, 0xC0, 0x3A, 0x6A, 0x68, 0x56, 0xF3,
    0x85, 0x36, 0x6B, 0x63, 0x3D, 0x35, 0x9F, 0xFA, 0x01, 0xC4, 0x41, 0x35, 0xFF, 0x63, 0x1A, 0x7D,
    0xFD, 0x87, 0x78, 0xA3, 0x2B, 0xC9, 0x97, 0x35, 0x0C, 0xFA, 0x75, 0x55, 0x37, 0x1C, 0x5B, 0xD6,
    0xD2, 0x95, 0x48, 0xDD, 0x7F, 0x12, 0x80, 0x11, 0x71, 0x9E, 0xCB, 0x24, 0xEE, 0x69, 0x63, 0xAD,
    0xFE, 0x15, 0xF5, 0x0A, 0x93, 0x91, 0x36, 0xB8, 0xA3, 0xE9, 0x67, 0x77, 0x48, 0x42, 0x35, 0xB4,
    0xDA, 0x36, 0xA2, 0x3E, 0xDA, 0xE8, 0x78, 0x0D, 0x2A, 0xB2, 0x02, 0x36, 0x26, 0xBB, 0x04, 0x33,
    0xD8, 0xF7, 0x9F, 0xB9, 0x4D, 0x51, 0x6F, 0xB8, 0xCA, 0x25, 0x0F, 0xE4, 0x68, 0x81, 0x9F, 0x6F,
    0xDC, 0x6E, 0x65, 0x7F, 0x96, 0xDA, 0x0B, 0x14, 0xAE, 0xF1, 0xBB, 0x4F, 0xD4, 0x9E, 0x41, 0x64,
    0xA3, 0xE8, 0x8D, 0x9D, 0x37, 0x62, 0xDE, 0xE6, 0x9C, 0x20, 0xF2, 0x97, 0xAC, 0x61, 0x17, 0x46,
    0x12, 0x7D, 0xBF, 0x45, 0xC3, 0x51, 0xA5, 0xB4, 0x18, 0x2F, 0xAC, 0xAE, 0x5C, 0xB6, 0x46, 0x83,
    0x18, 0x17, 0x60, 0xAA, 0x71, 0x97, 0xAB, 0xDD, 0x2E, 0xC2, 0x12, 0x31, 0x89, 0x38, 0xB6, 0x16,
    0x89, 0xEE, 0xF2, 0x85, 0xA8, 0xD9, 0xA2, 0x52, 0xEA, 0xBA, 0x27, 0x3C, 0x3B, 0xEB, 0x85, 0x68,
    0xD3, 0x4E, 0x98, 0xF6, 0xD0, 0x58, 0x27, 0x3D, 0xB2, 0xF8, 0xB5, 0xD6, 0x5C, 0x5A, 0x08, 0x99,
    0x2E, 0xEF, 0x6B, 0x3B, 0xEB, 0xCE, 0x1B, 0xC2, 0x15, 0x1E, 0xF1, 0x9D, 0x7A, 0x03, 0xD8, 0x0D,
    0xA3, 0x31, 0xD9, 0x34, 0xB0, 0x86, 0x00, 0xB1, 0x6E, 0x42, 0x72, 0xC3, 0x0F, 0x91, 0xE0, 0x30,
    0x45, 0x88, 0x7A, 0xCE, 0x36, 0xB2, 0x2E, 0xAE, 0x39, 0x93, 0xBE, 0x35, 0x91, 0xA9, 0x89, 0x55,
    0x01, 0xF3, 0xC0, 0x09, 0xEF, 0x22, 0x69, 0x81, 0xE8, 0x57, 0x8E, 0x7F, 0x12, 0x79, 0x60, 0x3A,
    0x3C, 0x1F, 0x04, 0xE4, 0x3A, 0x22, 0x8F, 0x8F, 0x2A, 0x35, 0x5E, 0x41, 0xAA, 0x64, 0x3C, 0x61,
    0xCB, 0xC3, 0x82, 0x36, 0x86, 0x15, 0xA9, 0xAB, 0x1E, 0x5F, 0xCE, 0x19, 0xB8, 0x8A, 0x9E, 0x34,
    0xF7, 0x22, 0x27, 0x0B, 0x93, 0xFA, 0xAA, 0xEE, 0x22, 0x5F, 0x9D, 0x0B, 0x50, 0x3C, 0xB3, 0x2C,
    0xA6, 0x4D, 0x2D, 0xAA, 0x2D, 0x64, 0x28, 0xE5, 0x38, 0xC5, 0x7A, 0xCB, 0xF8, 0x10, 0x15, 0x03,
    0x14, 0x13, 0x13, 0x13, 0x12, 0x13, 0x11, 0x13, 0x10, 0x13, 0x0F, 0x13, 0x0E, 0x13, 0x0D, 0x13,
    0x0C, 0x13, 0x0B, 0x33, 0x0E, 0x12, 0x09, 0x13, 0x08, 0x13, 0x07, 0x0B, 0x06, 0xDF, 0x14, 0x01,
    0xE9, 0x48, 0x0C, 0xB1, 0x0D, 0x41, 0x94, 0xC2, 0xDD, 0x31, 0x45, 0xE4, 0x5E, 0x44, 0x86, 0xC6,
    0xDD, 0x58, 0xFB, 0x94, 0xE8, 0x26, 0x63, 0xDB, 0x07, 0x42, 0x4E, 0x4B, 0x3F, 0x53, 0x5D, 0x29,
    0xCF, 0xAA, 0x95, 0xA3, 0x36, 0x8E, 0x5A, 0x38, 0x6A, 0xDF, 0x6C, 0xC8, 0xB5, 0x92, 0xD1, 0x52,
    0x43, 0x4D, 0x27, 0x3E, 0x39, 0xBA, 0x5E, 0xA1, 0x58, 0x86, 0xCF, 0xF5, 0xE6, 0x71, 0x5C, 0x3F,
    0x9B, 0x99, 0xD1, 0xE0, 0xEC, 0xC1, 0x18, 0x96, 0x13, 0x87, 0x67, 0x60, 0x47, 0x33, 0xF9, 0xEA,
    0x0A, 0x87, 0x13, 0x56, 0x1E, 0x34, 0x78, 0xAB, 0x05, 0xCA, 0x87, 0xE8, 0xAB, 0x25, 0x9E, 0x24,
    0xC9, 0x5E, 0x35, 0x85, 0x86, 0x78, 0x9E, 0x43, 0x7B, 0x03, 0x1B, 0xC3, 0x7A, 0x54, 0xBD, 0xD8,
    0x0D, 0x08, 0xAF, 0x1E, 0x1F, 0xD3, 0x0F, 0x19, 0x68, 0xD9, 0xA4, 0x5A, 0x1D, 0xBD, 0xCD, 0x8A,
    0x1D, 0xBD, 0x82, 0x4E, 0x20, 0x2F, 0x9F, 0x42, 0x95, 0x40, 0x41, 0xF6, 0x91, 0x0C, 0x82, 0x6A,
    0xAF, 0xFB, 0x89, 0xF2, 0x92, 0x9E, 0xE3, 0xDD, 0xE1, 0x77, 0xF8, 0x9E, 0xA8, 0xEB, 0x15, 0x03,
    0xB0, 0x17, 0xAF, 0xF9, 0x31, 0xC3, 0x9A, 0x85, 0x7E, 0xAE, 0x6A, 0xD6, 0x33, 0x5C, 0x8D, 0xF5,
    0xC6, 0xDB, 0xFB, 0x1D, 0x6F, 0x47, 0x8D, 0x79, 0x6B, 0x4A, 0x14, 0x5B, 0x77, 0x37, 0x9F, 0x6F,
    0x76, 0x89, 0x33, 0x31, 0xA1, 0xBB, 0xDD, 0x86, 0x27, 0xD2, 0x72, 0x5B, 0x46, 0x6E, 0x1E, 0xA2,
    0xC7, 0x4B, 0x7E, 0x0A, 0x34, 0xFF, 0x5F, 0x9A, 0xAB, 0x26, 0x66, 0x10, 0x38, 0x10, 0xC3, 0x26,
    0xA4, 0x7C, 0x66, 0x65, 0xE6, 0xF1, 0xD4, 0x35, 0x52, 0x03, 0x7D, 0x1F, 0x1A, 0x23, 0x6C, 0xA4,
    0x7E, 0x5E, 0x7F, 0x60, 0xDB, 0x28, 0x38, 0xE7, 0x8D, 0x54, 0x17, 0x88, 0x5F, 0xEB, 0x00, 0x99,
    0x20, 0xCA, 0xED, 0x8A, 0x0D, 0xBB, 0x07, 0x1B, 0xCE, 0x45, 0xE9, 0x14, 0x62, 0x9C, 0x3D, 0xB6,
    0x96, 0x6E, 0xF5, 0x69, 0xBC, 0xD8, 0x5D, 0xED, 0xB9, 0x2A, 0x9D, 0x50, 0x09, 0x95, 0x16, 0x12,
    0xFD, 0x50, 0xE8, 0x05, 0x11, 0x88, 0x0F, 0x8E, 0x10, 0x4F, 0x59, 0xC4, 0x74, 0x97, 0x8E, 0x53,
    0x46, 0x59, 0x5A, 0x60, 0x91, 0x13, 0x2C, 0x83, 0x42, 0xAD, 0xE5, 0x42, 0xFB, 0x1C, 0x4A, 0x6C,
    0x46, 0xC9, 0x0E, 0x2B, 0x3B, 0x05, 0x24, 0xE5, 0xFB, 0xD8, 0x5B, 0x47, 0x5F, 0xF0, 0x91, 0xE6,
    0x3F, 0xE7, 0x23, 0xD5, 0xE4, 0x49, 0xAD, 0x5B, 0xDB, 0x76, 0xA1, 0x5D, 0xDB, 0x76, 0xA1, 0x5F,
    0xDB, 0x76, 0xB9, 0x1A, 0xB6, 0xB8, 0x87, 0xBB, 0x00, 0x6B, 0x2F, 0x1E, 0xF2, 0x46, 0x3C, 0x33,
    0x99, 0xFC, 0x76, 0xDB, 0xCB, 0xB3, 0x64, 0xD1, 0x0E, 0x14, 0xED, 0x67, 0xFA, 0xB8, 0x7C, 0xEF,
    0x15, 0x35, 0xC6, 0x97, 0x0A, 0x96, 0x75, 0xAF, 0x70, 0x87, 0xB2, 0x8C, 0xE6, 0xEF, 0x3B, 0xBB,
    0x70, 0x3A, 0xD9, 0xAC, 0x6F, 0x34, 0x95, 0x95, 0x83, 0x8C, 0xA9, 0xD4, 0xC3, 0x5A, 0xA1, 0x34,
    0x10, 0x1A, 0x94, 0x4F, 0xBC, 0x88, 0xE4, 0xA7, 0xEB, 0x64, 0x03, 0xDB, 0x7B, 0xB0, 0x92, 0x10,
    0x5B, 0xE5, 0x57, 0xC5, 0xA3, 0x50, 0x1C, 0x2A, 0xC6, 0x84, 0x2E, 0x5D, 0xF0, 0xB8, 0xF6, 0xD4,
    0xC5, 0x1C, 0xF7, 0x79, 0xFF, 0x91, 0xDD, 0x3F, 0xEE, 0x5A, 0xFC, 0xA6, 0xA1, 0x15, 0x50, 0x6A,
    0x19, 0x0E, 0x60, 0x75, 0xEE, 0x71, 0xC3, 0xB7, 0x06, 0x66, 0x68, 0x5F, 0x86, 0xE6, 0xE5, 0xD4,
    0xBA, 0x0C, 0x8D, 0x4B, 0xEB, 0xED, 0x86, 0xC6, 0x6E, 0xE8, 0xEA, 0x86, 0x96, 0x6E, 0xE8, 0xE7,
    0x86, 0x66, 0x6E, 0xE8, 0xE4, 0x86, 0x36, 0xAE, 0xB5, 0x29, 0x43, 0x93, 0x32, 0xB4, 0x28, 0x43,
    0x83, 0x32, 0xB4, 0x27, 0x43, 0x73, 0x32, 0xB4, 0x26, 0x43, 0x63, 0x32, 0xB8, 0x81, 0x2C, 0xC5,
    0x8E, 0x1A, 0xE9, 0x40, 0x56, 0xAE, 0x6C, 0xBC, 0xDB, 0x42, 0x54, 0xFF, 0x50, 0xCD, 0x43, 0x75,
    0x0E, 0xD5, 0x36, 0xB4, 0x9E, 0xE1, 0xF8, 0x18, 0x1D, 0xA5, 0x3E, 0xA1, 0x9A, 0x84, 0xCC, 0xF0,
    0xB4, 0x0F, 0xF5, 0x06, 0xAD, 0x31, 0xC8, 0xAE, 0xE0, 0x74, 0xB4, 0x69, 0xF2, 0xBD, 0x6E, 0xE2,
    0x6A, 0x5D, 0x6C, 0x65, 0x52, 0xB3, 0x3D, 0x96, 0xA0, 0x84, 0xE2, 0x86, 0xD7, 0x38, 0x2E, 0xD4,
    0xDF, 0xED, 0x35, 0xB6, 0xC3, 0x36, 0x1A, 0x28, 0x8A, 0x46, 0x9F, 0x70, 0x8C, 0x7F, 0xC1, 0xF7,
    0xD3, 0x37, 0x68, 0xE6, 0x79, 0xBA, 0x25, 0x45, 0xEE, 0x32, 0xFC, 0x45, 0x8A, 0x86, 0xB1, 0xBA,
    0xBB, 0x69, 0x38, 0x95, 0xE3, 0x45, 0x87, 0x18, 0x29, 0xF8, 0x24, 0x3A, 0x24, 0x54, 0x20, 0x5A,
    0xAB, 0x9F, 0xE8, 0x3C, 0x01, 0x18, 0xD9, 0xF4, 0xB3, 0x72, 0x6D, 0xFC, 0x33, 0x7E, 0x17, 0xCB,
    0x88, 0x1B, 0x0E, 0x5D, 0x3F, 0x21, 0x80, 0x3F, 0x3B, 0x73, 0x9E, 0x64, 0x53, 0x1F, 0x19, 0x4A,
    0x75, 0xB3, 0xD5, 0x2E, 0x81, 0x1F, 0xF6, 0xF3, 0xD4, 0x21, 0xB8, 0xA7, 0x88, 0x3F, 0x99, 0x50,
    0xF7, 0xCC, 0xC2, 0x48, 0x6A, 0x27, 0x0C, 0x72, 0xCB, 0x94, 0x87, 0x3B, 0x67, 0xE5, 0xBE, 0x6A,
    0x52, 0xC5, 0xA2, 0x81, 0x05, 0xDB, 0x7C, 0xB1, 0x8D, 0x04, 0xCB, 0x70, 0x76, 0xCA, 0x96, 0xCF,
    0x63, 0x1F, 0xFE, 0x47, 0xC2, 0x22, 0xE3, 0x16, 0x8B, 0xCC, 0x84, 0x45, 0x12, 0x55, 0x15, 0x99,
    0xB0, 0xC8, 0x15, 0x61, 0x91, 0xB7, 0x88, 0x45, 0xA2, 0x05, 0xB1, 0x08, 0x12, 0x32, 0x62, 0x6B,
    0x26, 0x2C, 0xF2, 0x07, 0xC2, 0x22, 0xAF, 0x09, 0x8B, 0xF4, 0xC4, 0x22, 0xFF, 0x4A, 0xB3, 0x2E,
    0x3F, 0x26, 0x4F, 0x0C, 0x0D, 0x5A, 0x3D, 0xB7, 0xC1, 0x22, 0xB1, 0xB0, 0x48, 0xF2, 0x09, 0xAD,
    0x31, 0x73, 0xA7, 0x0E, 0xE9, 0xC9, 0x70, 0x18, 0xE3, 0xA2, 0xF5, 0xE4, 0x80, 0x5B, 0xB3, 0x26,
    0xE9, 0x1D, 0xB5, 0x3F, 0x66, 0x0D, 0xCD, 0x04, 0xF0, 0x3D, 0x56, 0xEE, 0x33, 0x2A, 0x13, 0xC1,
    0x9B, 0x95, 0x55, 0x97, 0x0D, 0x07, 0x08, 0xFC, 0xFD, 0x5D, 0xB0, 0x3D, 0x9F, 0x2E, 0xA0, 0xAB,
    0x0F, 0xDF, 0xA1, 0xBB, 0x60, 0x3D, 0xC5, 0x8A, 0xB1, 0x80, 0x27, 0x60, 0xB2, 0x21, 0x67, 0x14,
    0x62, 0xBD, 0xC9, 0x87, 0x1C, 0xEC, 0x6D, 0xCD, 0xF0, 0xB2, 0x62, 0x4F, 0xF9, 0x06, 0xAD, 0x2A,
    0xFF, 0x7B, 0xD5, 0xE6, 0xFD, 0x89, 0x0A, 0x86, 0x42, 0x7B, 0xBA, 0x77, 0x3E, 0xA8, 0xD0, 0x6B,
    0xD4, 0xD1, 0xBA, 0x60, 0xB2, 0xCF, 0x78, 0xD0, 0xEB, 0xFB, 0xC4, 0x50, 0x73, 0x4E, 0x30, 0x11,
    0xF6, 0x67, 0xE8, 0xD8, 0x9B, 0xB6, 0x6E, 0x29, 0xE7, 0x39, 0xB9, 0xCE, 0xFD, 0xEA, 0x93, 0x26,
    0x90, 0x10, 0xE7, 0x41, 0x3F, 0x76, 0x92, 0x57, 0xD1, 0x8F, 0xA1, 0x38, 0xFB, 0x47, 0xDC, 0xF8,
    0x82, 0x7B, 0x8D, 0xEF, 0x9F, 0x29, 0xAD, 0xBE, 0x57, 0xD1, 0xDF, 0xB2, 0x4F, 0x05, 0xA2, 0x86,
    0x5A, 0xFD, 0x15, 0x1D, 0x13, 0x39, 0x4C, 0xCC, 0x82, 0xAB, 0x9D, 0x83, 0xA8, 0x62, 0x90, 0xBC,
    0x55, 0x0C, 0xA5, 0xEA, 0xA5, 0x5C, 0x69, 0xEF, 0x05, 0x39, 0xEC, 0xB3, 0x53, 0xD9, 0x6A, 0x75,
    0x51, 0x3E, 0x55, 0x47, 0x95, 0x10, 0x70, 0x35, 0x95, 0x06, 0x16, 0xEF, 0x2C, 0x61, 0x59, 0x5D,
    0x00, 0xA9, 0x15, 0x2C, 0x98, 0xA4, 0x21, 0x9D, 0x1D, 0x8B, 0x5A, 0xA8, 0xB0, 0x9A, 0xEB, 0xBC,
    0x1A, 0x8F, 0x41, 0x5E, 0x43, 0x1C, 0x86, 0xEB, 0x8C, 0x88, 0x06, 0x27, 0x70, 0xAE, 0x02, 0x25,
    0xE6, 0x5E, 0xD8, 0xE0, 0x7D, 0x9E, 0xA5, 0xF6, 0x7D, 0xB4, 0xCA, 0x86, 0x04, 0x47, 0xDE, 0x32,
    0x54, 0x27, 0xE8, 0xE5, 0xF4, 0x68, 0xBD, 0xCC, 0xEB, 0x7F, 0x20, 0x12, 0x82, 0x16, 0x7E, 0x69,
    0x61, 0x9D, 0x45, 0x0C, 0xCE, 0x99, 0x55, 0x08, 0x01, 0x15, 0xE1, 0xFD, 0x8C, 0x3B, 0xBC, 0xB7,
    0x8D, 0x7E, 0x76, 0x6C, 0x26, 0x57, 0xCC, 0x3D, 0xFC, 0x53, 0xAE, 0xEE, 0x35, 0x56, 0x09, 0xF8,
    0xF0, 0x7C, 0xE8, 0xC1, 0xEC, 0x04, 0x2F, 0x68, 0x25, 0x34, 0x92, 0x17, 0x50, 0xAC, 0x4C, 0x26,
    0xF2, 0x05, 0xE8, 0x21, 0xBA, 0x76, 0x99, 0x3A, 0x6E, 0xDC, 0x1A, 0x44, 0x68, 0x89, 0x46, 0x60,
    0xF6, 0x0E, 0x6C, 0xB5, 0xBA, 0xB8, 0x39, 0x0A, 0xC3, 0xFA, 0x36, 0x54, 0x89, 0x2A, 0x78, 0x18,
    0xA8, 0x75, 0x82, 0x71, 0x30, 0x49, 0x0B, 0x83, 0xBC, 0x92, 0x91, 0x12, 0x52, 0xBE, 0xD6, 0xCA,
    0x4F, 0x4D, 0x2C, 0x14, 0x60, 0xE7, 0x5E, 0xB8, 0x1E, 0x46, 0x2F, 0xC6, 0xAE, 0xFC, 0x3E, 0xF0,
    0xD3, 0x02, 0x60, 0x6A, 0x28, 0xB7, 0x31, 0xEB, 0xF8, 0x27, 0xC6, 0x5E, 0xF0, 0xB9, 0xC4, 0xF1,
    0xF9, 0xE7, 0x3C, 0x9B, 0xC2, 0x84, 0x67, 0x3B, 0xFF, 0x17, 0x8E, 0x67, 0xB9, 0x85, 0xEF, 0xA3,
    0xCD, 0x96, 0x2D, 0x24, 0x60, 0xF2, 0x01, 0x22, 0x29, 0x4A, 0xBD, 0xBD, 0x10, 0x3B, 0xCF, 0x40,
    0x1E, 0xCE, 0x09, 0xC2, 0xC0, 0x2F, 0xE3, 0x0F, 0xEE, 0xA5, 0x15, 0xE2, 0xF4, 0x85, 0xFF, 0xE5,
    0x29, 0x9E, 0xE8, 0x2A, 0xFD, 0x32, 0x19, 0x08, 0xFE, 0xA2, 0x51, 0x14, 0xD7, 0x4D, 0xE5, 0x94,
    0xFC, 0x1B, 0xAA, 0xD4, 0xDC, 0xD5, 0x73, 0x74, 0x8A, 0x67, 0x63, 0x35, 0x6F, 0xD3, 0x6A, 0xBE,
    0x89, 0x54, 0xB5, 0x63, 0x35, 0xFF, 0x57, 0xF2, 0x6D, 0xA7, 0xDC, 0xB2, 0xFE, 0x81, 0x1A, 0xA9,
    0x2E, 0xFF, 0xEB, 0x5E, 0xB4, 0x59, 0xAF, 0x54, 0x78, 0x9E, 0xB4, 0xF1, 0x64, 0x1F, 0xFD, 0x02,
    0xB4, 0x11, 0x5D, 0x3D, 0x52, 0xF5, 0x6C, 0xB6, 0x51, 0x88, 0x26, 0x4B, 0xA5, 0x93, 0x57, 0x1E,
    0xB3, 0x0D, 0x23, 0x7E, 0x6A, 0x55, 0xA6, 0xF8, 0xBB, 0x15, 0xAF, 0x53, 0xC8, 0x58, 0x19, 0x1B,
    0xE1, 0x1D, 0x0D, 0x11, 0x23, 0x13, 0x05, 0xC6, 0x81, 0xCA, 0xCD, 0x7B, 0x19, 0xB3, 0x0E, 0x48,
    0x97, 0x0F, 0xC5, 0x59, 0x89, 0xEB, 0x2F, 0xDF, 0xB5, 0x03, 0xD7, 0x0A, 0x1D, 0x9D, 0xD9, 0x3F,
    0xC9, 0x1C, 0x25, 0x17, 0xB2, 0xFC, 0x82, 0xAD, 0xE0, 0xCB, 0x0A, 0xFF, 0x51, 0xCA, 0x48, 0x33,
    0x46, 0x6D, 0xC3, 0xD4, 0xC2, 0xC4, 0xA2, 0xB4, 0xC2, 0xA4, 0xC2, 0x94, 0x12, 0x12, 0xCA, 0x8B,
    0xB7, 0xD3, 0xA1, 0x1C, 0xEB, 0x31, 0x19, 0x1F, 0x8D, 0xC9, 0xFA, 0x1D, 0xD4, 0x42, 0xA0, 0x50,
    0xD7, 0xAE, 0xCA, 0x82, 0xFB, 0x4D, 0xAE, 0x37, 0xB9, 0xDD, 0x29, 0xD7, 0x6B, 0x9E, 0x64, 0x11,
    0x57, 0x1E, 0xB7, 0x88, 0xAF, 0x54, 0x07, 0x9B, 0xB3, 0x98, 0x05, 0xBE, 0x7C, 0xF8, 0xED, 0xCE,
    0xBD, 0x15, 0x33, 0xC8, 0x7F, 0x31, 0x3A, 0x08, 0xA5, 0xDF, 0xCF, 0x54, 0x6F, 0x3E, 0x10, 0x0F,
    0xDB, 0x0B, 0x79, 0x2E, 0x55, 0xFA, 0x5D, 0xDA, 0x3B, 0x4F, 0x67, 0xD8, 0x64, 0xB4, 0xF1, 0x58,
    0xE3, 0xF5, 0x8A, 0x4D, 0xB6, 0x32, 0x25, 0xAD, 0xF0, 0x5D, 0xE2, 0xBB, 0x10, 0x28, 0xCE, 0xEC,
    0xE4, 0xCB, 0xC5, 0xED, 0x31, 0x5F, 0xE3, 0xB1, 0x7F, 0x7B, 0x66, 0x3F, 0x1F, 0xA7, 0xAE, 0xA2,
    0x90, 0xB0, 0xF0, 0x36, 0xCF, 0x43, 0x7E, 0x70, 0x8F, 0x68, 0xE7, 0x80, 0xC9, 0xF9, 0xC2, 0x99,
    0x9F, 0x0F, 0x9A, 0x91, 0x22, 0x2B, 0x1E, 0x91, 0x23, 0x42, 0x4F, 0x0C, 0x74, 0x42, 0x39, 0x07,
    0xE3, 0x56, 0x74, 0x00, 0x8D, 0xCF, 0x1A, 0xE3, 0x1E, 0x18, 0xE9, 0xA5, 0x88, 0x37, 0x81, 0xB0,
    0xC5, 0xD4, 0xAD, 0x50, 0xF3, 0x11, 0xD9, 0x6B, 0x5F, 0xD1, 0xB2, 0x62, 0x7B, 0xA2, 0xC2, 0xB7,
    0xDB, 0x6E, 0x26, 0x2E, 0x63, 0xE9, 0xF2, 0xF5, 0x1D, 0xC6, 0xD3, 0xF5, 0x2E, 0xE7, 0x6F, 0xE0,
    0xEE, 0xED, 0xE9, 0x58, 0x4F, 0xD4, 0x6F, 0x14, 0xF1, 0x3C, 0x02, 0xA5, 0x6F, 0x17, 0xF1, 0x32,
    0xEB, 0xD3, 0x3E, 0xE9, 0xD3, 0x21, 0x9E, 0xEB, 0xAF, 0x7E, 0x3C, 0x99, 0x48, 0xC6, 0x6E, 0x4F,
    0xBF, 0x97, 0x3B, 0x1C, 0x22, 0xC6, 0xD7, 0x58, 0x66, 0x5D, 0x81, 0x4E, 0xFC, 0x37, 0x1C, 0xA4,
    0xDF, 0x4D, 0x1B, 0x2B, 0x3B, 0xBE, 0x46, 0x46, 0x92, 0x15, 0xED, 0x5E, 0x80, 0xEA, 0x20, 0x78,
    0xC5, 0x8D, 0x67, 0x4D, 0xDD, 0x15, 0xD8, 0x17, 0x20, 0x30, 0x47, 0x3C, 0xF8, 0x02, 0x19, 0xA1,
    0xE6, 0x77, 0xA7, 0x96, 0x8B, 0x9D, 0xBA, 0xB6, 0x1E, 0x8C, 0x59, 0x50, 0x60, 0x08, 0x57, 0xDB,
    0x6E, 0x53, 0x3A, 0x6E, 0x19, 0xDB, 0x53, 0x25, 0xDF, 0x16, 0x4E, 0xEC, 0x4B, 0xEA, 0x6C, 0xFB,
    0x87, 0x4E, 0xA7, 0xC4, 0x0F, 0x7F, 0xBF, 0x37, 0xBA, 0x49, 0x03, 0xBB, 0x74, 0x17, 0xB9, 0x2A,
    0x76, 0x65, 0x72, 0xB2, 0x76, 0xFF, 0xAE, 0x67, 0xEC, 0xF9, 0x1F, 0x6A, 0x61, 0xFC, 0x9D, 0x19,
    0x71, 0xF7, 0x9B, 0xF5, 0x4B, 0xA8, 0x61, 0xB2, 0xF1, 0x6B, 0xD2, 0x87, 0x28, 0xA3, 0x4B, 0x5B,
    0x42, 0x83, 0xB5, 0x04, 0x09, 0x8D, 0x83, 0xD3, 0x84, 0x06, 0x37, 0x35, 0x5D, 0xB7, 0x3C, 0x34,
    0x4B, 0xCE, 0x49, 0x07, 0x69, 0xF9, 0xCC, 0x32, 0xF4, 0x55, 0x86, 0xF0, 0xF7, 0x07, 0x22, 0xF0,
    0xAF, 0xEB, 0x2F, 0x2B, 0x48, 0x12, 0xFE, 0x95, 0xDF, 0xD0, 0x7B, 0xED, 0xA6, 0x5D, 0xDB, 0xCE,
    0x77, 0x0F, 0x3E, 0xEB, 0x1B, 0x89, 0xCE, 0x3C, 0x2F, 0x03, 0xA7, 0x73, 0x5D, 0x71, 0x91, 0x0D,
    0x98, 0x5B, 0x9B, 0xD4, 0x19, 0xB5, 0x38, 0x10, 0x9D, 0x3D, 0x62, 0xDE, 0x6E, 0x58, 0x66, 0x33,
    0xC5, 0xDE, 0xE4, 0x53, 0x9E, 0x0D, 0x0D, 0xA0, 0x89, 0x29, 0x24, 0x37, 0xB0, 0xCF, 0xB7, 0x72,
    0x40, 0x1B, 0x77, 0x21, 0xDD, 0x76, 0xA5, 0x4E, 0xF7, 0x83, 0x44, 0x7F, 0xAB, 0x1F, 0xD7, 0xCA,
    0x54, 0xD1, 0x73, 0x6E, 0xF9, 0xC7, 0x7B, 0xEC, 0x97, 0x7D, 0xA7, 0x3A, 0xF5, 0x97, 0x7A, 0x83,
    0x4E, 0xC9, 0xBB, 0x13, 0xE1, 0x9F, 0x70, 0x4E, 0x3E, 0x1C, 0x94, 0x3F, 0x75, 0x52, 0x3E, 0x50,
    0xC8, 0xD7, 0x8D, 0x40, 0x0E, 0xF4, 0x71, 0x20, 0x8F, 0x03, 0x75, 0x1C, 0x88, 0xE3, 0x40, 0x1B,
    0x07, 0xD2, 0x38, 0x50, 0xC6, 0x22, 0x8C, 0x9D, 0xD1, 0xC5, 0xCE, 0xC8, 0xE2, 0x40, 0x15, 0x07,
    0xA2, 0x38, 0xD0, 0xC4, 0x81, 0x24, 0x56, 0xB0, 0x57, 0xB9, 0x39, 0x71, 0xB6, 0x54, 0x25, 0x0A,
    0xCE, 0x97, 0xAC, 0xE6, 0xD4, 0x01, 0x75, 0x13, 0x41, 0xC7, 0xFC, 0x75, 0xCA, 0x5F, 0x8B, 0xD7,
    0xD2, 0xA7, 0x85, 0xFF, 0xB7, 0xCD, 0xF4, 0x15, 0x3E, 0x45, 0x96, 0x9A, 0xF9, 0xEF, 0x90, 0x60,
    0x9C, 0xB3, 0xE5, 0xD4, 0xE8, 0x28, 0xBA, 0x9D, 0xA9, 0xAE, 0x76, 0xC3, 0x0B, 0x9C, 0x3B, 0xEB,
    0xB7, 0x31, 0x86, 0xF8, 0x13, 0xD8, 0xF7, 0x22, 0x40, 0x28, 0xD6, 0xD3, 0xD9, 0x2C, 0x17, 0xDC,
    0x7F, 0x01, 0x65, 0x55, 0x3F, 0x6C, 0xDC, 0x54, 0x18, 0xFF, 0xD9, 0x97, 0xD4, 0x69, 0xDC, 0xC6,
    0x27, 0xB8, 0x93, 0x50, 0xD3, 0x9E, 0x3B, 0x30, 0x54, 0xA1, 0x17, 0x67, 0xE8, 0x10, 0x24, 0xFB,
    0xDE, 0x1B, 0x90, 0x18, 0xB9, 0x81, 0xA8, 0x12, 0x1D, 0x9A, 0x81, 0xA9, 0x14, 0x7A, 0x43, 0x86,
    0x03, 0x5D, 0x73, 0x66, 0x62, 0xBD, 0x05, 0xB1, 0x66, 0x60, 0x80, 0x43, 0x22, 0x1D, 0x8C, 0x54,
    0xA4, 0xA4, 0x7E, 0xA2, 0x12, 0x42, 0x9D, 0xBC, 0x33, 0x60, 0x4A, 0x07, 0xD8, 0x1E, 0x92, 0x07,
    0x53, 0x39, 0xF7, 0xF8, 0x3E, 0x3B, 0x09, 0xAA, 0x38, 0x3F, 0xBF, 0xF3, 0xB3, 0xBF, 0x7F, 0xEF,
    0xFB, 0x7E, 0xDF, 0xEF, 0x75, 0xA5, 0x50, 0x7E, 0xEE, 0x68, 0x94, 0xE8, 0xA0, 0x2B, 0x61, 0x64,
    0xEB, 0x04, 0xAE, 0x46, 0x20, 0x69, 0x0D, 0x7E, 0x93, 0x66, 0xB6, 0xD1, 0xEE, 0xF3, 0x22, 0x90,
    0x47, 0x9D, 0xFA, 0x9D, 0x57, 0xAC, 0x89, 0xC5, 0x64, 0xDF, 0x94, 0xDA, 0xD7, 0xB0, 0x64, 0x60,
    0x72, 0x61, 0xF2, 0xEE, 0x8E, 0x14, 0x26, 0xA3, 0x41, 0x0F, 0x6D, 0xB4, 0x43, 0xE8, 0xE0, 0x76,
    0xE6, 0x1B, 0xE5, 0x2C, 0x80, 0x21, 0x96, 0x21, 0x54, 0x9A, 0xA5, 0x6A, 0x83, 0xD4, 0x21, 0xEC,
    0x62, 0xDA, 0x2A, 0x69, 0xF4, 0xAD, 0x1C, 0xF0, 0xF5, 0xA0, 0x6A, 0x1F, 0xA1, 0x72, 0x72, 0x0F,
    0xAB, 0xB8, 0x20, 0x45, 0x91, 0x84, 0xFA, 0xA6, 0x0E, 0xA7, 0xA5, 0x3B, 0xC3, 0xFB, 0xCB, 0xD2,
    0xAE, 0x44, 0xEC, 0xE8, 0x05, 0xBC, 0x9F, 0x0A, 0x0C, 0x9C, 0x0C, 0x1D, 0x8B, 0x0D, 0x0E, 0x8F,
    0x6C, 0x2D, 0x7C, 0xE5, 0x1B, 0x78, 0x15, 0xAC, 0x21, 0x59, 0xF5, 0xB1, 0x89, 0x3E, 0x22, 0x84,
    0xEC, 0xC2, 0xF7, 0x64, 0xCF, 0xC3, 0xA6, 0x8F, 0x68, 0x13, 0x61, 0x1F, 0x5D, 0x92, 0x08, 0x9E,
    0x96, 0xF0, 0x7E, 0xAF, 0xD0, 0xD2, 0xFB, 0x40, 0xE5, 0xCB, 0xDA, 0xD0, 0x01, 0xEC, 0x92, 0x47,
    0x5B, 0xCB, 0xC7, 0x76, 0xB6, 0x7F, 0x47, 0x09, 0x03, 0xB7, 0x44, 0xF3, 0xB3, 0x8D, 0xF4, 0x8C,
    0x0A, 0xBE, 0xCA, 0x69, 0x33, 0x6D, 0xF2, 0xF9, 0x61, 0xAB, 0xF0, 0x65, 0x84, 0x87, 0x48, 0xA5,
    0x51, 0xA9, 0x0A, 0x58, 0x24, 0xF7, 0x4A, 0xAF, 0x72, 0x2A, 0xAB, 0xB4, 0x74, 0x2B, 0x13, 0x72,
    0x8F, 0xDE, 0xB9, 0x71, 0x90, 0x4F, 0xF3, 0x54, 0x1D, 0x63, 0x42, 0xC1, 0xF8, 0xB1, 0x1D, 0xB3,
    0x9C, 0xFB, 0x3F, 0xB9, 0x2E, 0xA6, 0xCA, 0xCF, 0x1C, 0x6D, 0x71, 0xE6, 0x77, 0xC8, 0x1B, 0x9C,
    0x12, 0x7E, 0x86, 0x01, 0xD0, 0x06, 0x2C, 0x65, 0x93, 0x8F, 0xDB, 0x71, 0x4B, 0x02, 0x97, 0x71,
    0x15, 0x81, 0x8E, 0x86, 0xB7, 0x9A, 0xB8, 0x84, 0xA1, 0x30, 0x15, 0x5C, 0x1A, 0x31, 0x3C, 0x09,
    0x8F, 0x37, 0x8F, 0x8B, 0x54, 0x0A, 0x4F, 0xFB, 0x85, 0xAB, 0x5B, 0x7A, 0x9D, 0x9C, 0xD3, 0x4F,
    0xBA, 0x6A, 0x53, 0x86, 0x14, 0x44, 0x00, 0x97, 0x56, 0x36, 0x99, 0x7C, 0xEB, 0x85, 0x28, 0xBA,
    0xC3, 0xA9, 0x76, 0xB1, 0x46, 0x66, 0x1D, 0xBA, 0xD2, 0xFC, 0x70, 0x76, 0x19, 0x2B, 0x24, 0x9E,
    0x96, 0xDD, 0x21, 0x99, 0xE9, 0x51, 0x1A, 0x49, 0x69, 0x50, 0x0A, 0x7D, 0x85, 0x42, 0x1F, 0x23,
    0xC1, 0x23, 0x14, 0x30, 0x79, 0x9A, 0x5D, 0x91, 0x16, 0x82, 0x6C, 0x9A, 0x4F, 0x33, 0x82, 0x07,
    0x08, 0x23, 0x95, 0xF8, 0x9C, 0x47, 0x0F, 0xC9, 0x85, 0x59, 0x50, 0x8E, 0xFB, 0xC9, 0xB5, 0x71,
    0x5F, 0x54, 0xAB, 0x33, 0x02, 0x89, 0xF6, 0x28, 0x43, 0x51, 0x0D, 0x18, 0xE4, 0x76, 0x69, 0x3D,
    0x81, 0xC0, 0x54, 0x54, 0x22, 0xB7, 0x73, 0x5F, 0x0E, 0x70, 0x8C, 0x14, 0xA2, 0xF2, 0x0B, 0x44,
    0xE1, 0xE4, 0x71, 0x12, 0x98, 0x85, 0x30, 0x8B, 0x10, 0xFD, 0x11, 0xAE, 0xEE, 0xD6, 0xC1, 0x6C,
    0x8D, 0xB6, 0x46, 0x3A, 0x17, 0xA9, 0x5A, 0x5A, 0xA6, 0x74, 0x0C, 0x27, 0x54, 0x6E, 0xAF, 0x2E,
    0xF7, 0x49, 0x5D, 0xEE, 0x2E, 0x2C, 0xC2, 0x96, 0xC9, 0xFC, 0xA7, 0x54, 0xCE, 0x82, 0x00, 0xC7,
    0x98, 0xB3, 0xF2, 0xC1, 0x1D, 0x15, 0x98, 0xD8, 0x3D, 0x61, 0x88, 0xD0, 0x8F, 0xC0, 0x17, 0x18,
    0x39, 0xB8, 0xAB, 0x92, 0x96, 0x1A, 0x42, 0xD2, 0x05, 0xA7, 0x72, 0xA9, 0xAA, 0x87, 0xD8, 0x4C,
    0x4F, 0xB0, 0x5D, 0x97, 0x5A, 0x52, 0x42, 0xB3, 0xA9, 0x51, 0x04, 0xDC, 0x26, 0xBB, 0x46, 0x4D,
    0xE9, 0xE6, 0xE7, 0xC0, 0x30, 0xA4, 0x9B, 0xE7, 0xEE, 0xCE, 0x0E, 0x52, 0x63, 0xE2, 0x1D, 0xFA,
    0x67, 0x43, 0x54, 0x50, 0xF8, 0xE6, 0x13, 0x0C, 0xD2, 0x0A, 0x7B, 0xB4, 0x0F, 0x7E, 0x49, 0x32,
    0xA9, 0x59, 0xCC, 0xE7, 0xDF, 0xD2, 0xC3, 0xCE, 0x0E, 0x59, 0x31, 0x8B, 0x7B, 0xF3, 0xF9, 0xFC,
    0x9B, 0xBA, 0x6C, 0x97, 0x81, 0x27, 0x70, 0x0B, 0x42, 0x4F, 0x3D, 0xE1, 0xF1, 0x29, 0xCC, 0x60,
    0xF1, 0xE4, 0xB2, 0x73, 0x8F, 0x9F, 0x22, 0x9E, 0xC6, 0x3C, 0x69, 0x46, 0x58, 0xC6, 0xFB, 0x50,
    0x67, 0x1F, 0x37, 0x79, 0xAA, 0x21, 0x9E, 0xB0, 0x26, 0x4B, 0xB4, 0x54, 0x0D, 0xBA, 0x57, 0xD4,
    0x27, 0xE7, 0xEA, 0xF9, 0xB9, 0x3A, 0x3B, 0xE8, 0x9D, 0xAB, 0x9F, 0x7B, 0xC7, 0x12, 0xA1, 0xC7,
    0x95, 0xAD, 0xD8, 0x89, 0x03, 0x72, 0x7B, 0x03, 0xAB, 0xDB, 0x58, 0x23, 0x94, 0x4F, 0x4D, 0x75,
    0x6F, 0xFE, 0xCD, 0xEA, 0x7C, 0x2E, 0xD7, 0xE6, 0xDF, 0xC9, 0xAB, 0x68, 0xE1, 0x26, 0xA1, 0x65,
    0x30, 0x3F, 0xC4, 0xC6, 0xFC, 0xDB, 0xBA, 0xC7, 0x7E, 0xCD, 0xDE, 0xFE, 0xF1, 0xD1, 0x68, 0x34,
    0xA2, 0xFA, 0xAC, 0x5C, 0xF7, 0x73, 0xAA, 0xB7, 0xDA, 0x52, 0xA7, 0xB0, 0xA3, 0x30, 0x36, 0x29,
    0x1E, 0xBE, 0x8E, 0x9A, 0xE4, 0x49, 0x4E, 0x24, 0xFF, 0xB3, 0x2E, 0x27, 0x92, 0x6E, 0xD9, 0x95,
    0x22, 0xF3, 0x74, 0xAB, 0x20, 0xA1, 0x25, 0xEA, 0x01, 0x8B, 0x7A, 0xA0, 0x82, 0x97, 0x13, 0x54,
    0x6A, 0xE0, 0xFC, 0x2F, 0xCD, 0xBA, 0x7E, 0x49, 0x6C, 0x12, 0x0B, 0xB5, 0x1E, 0xBB, 0xF2, 0x21,
    0x1B, 0xBB, 0xC0, 0xC1, 0x28, 0x88, 0xE0, 0x50, 0xA6, 0x82, 0x78, 0x26, 0x12, 0x71, 0x7F, 0xBB,
    0x57, 0x77, 0xD1, 0xF2, 0x30, 0xC8, 0x44, 0x26, 0x94, 0x28, 0x28, 0x3E, 0xF2, 0xE7, 0x1B, 0x43,
    0xE8, 0xF6, 0x40, 0x5B, 0xC4, 0x9B, 0x84, 0x75, 0x5A, 0xE7, 0x54, 0xE4, 0xFC, 0xB4, 0xC0, 0x72,
    0xFA, 0x5F, 0x8C, 0x9E, 0x27, 0x7D, 0xA2, 0x10, 0x0F, 0x91, 0x8F, 0x70, 0x13, 0x53, 0x9D, 0xE6,
    0xAD, 0x8C, 0x2E, 0xD5, 0xD4, 0x2C, 0x83, 0x63, 0x9E, 0xC6, 0xBE, 0xF9, 0x4D, 0x0E, 0xD2, 0x05,
    0xF6, 0xA6, 0x65, 0x93, 0xEF, 0x1A, 0x75, 0x54, 0x0B, 0x4F, 0x35, 0xF7, 0xAA, 0x84, 0xF5, 0xB5,
    0x13, 0x33, 0xE2, 0x08, 0xE3, 0x08, 0xD7, 0x0B, 0xEC, 0xB2, 0xCC, 0x80, 0x93, 0x40, 0x37, 0x71,
    0x51, 0xD3, 0x22, 0x54, 0xAA, 0xD2, 0x21, 0x64, 0xDE, 0x6D, 0xE4, 0xFC, 0x0A, 0x6D, 0x6B, 0x06,
    0x7B, 0xB6, 0x4C, 0x04, 0xD7, 0x23, 0x50, 0x56, 0x18, 0x93, 0x8F, 0x5D, 0x37, 0x83, 0x65, 0x61,
    0xED, 0x4E, 0x43, 0x02, 0x58, 0x59, 0x69, 0x74, 0x5D, 0x66, 0xF1, 0x9A, 0x02, 0x23, 0x62, 0x15,
    0xDA, 0x6F, 0xD6, 0xCC, 0x23, 0xFE, 0x48, 0xF3, 0x32, 0xCD, 0xBB, 0x78, 0xB6, 0x85, 0x19, 0x56,
    0xE4, 0x6B, 0xF4, 0xEE, 0x12, 0xD5, 0x13, 0x1C, 0xCA, 0x10, 0xBB, 0x34, 0x1F, 0xCC, 0x4E, 0x25,
    0x09, 0x6D, 0x5B, 0xD9, 0x88, 0xF6, 0xDF, 0xCE, 0x46, 0xFC, 0x35, 0x63, 0x99, 0x03, 0x50, 0x4B,
    0xDA, 0xAC, 0x25, 0x5F, 0x07, 0xAE, 0x5B, 0xCF, 0x6E, 0x21, 0x6E, 0x6C, 0x36, 0x5A, 0x9F, 0xC5,
    0x1B, 0xF1, 0x06, 0x79, 0x9C, 0x52, 0xAE, 0x25, 0x01, 0x33, 0x88, 0x9D, 0x5C, 0x48, 0x6E, 0x09,
    0xA2, 0x73, 0x39, 0x26, 0xFA, 0x48, 0x28, 0xAE, 0x95, 0x73, 0x4E, 0xCD, 0x82, 0x77, 0x99, 0x53,
    0x19, 0x83, 0x55, 0x3D, 0x76, 0xD1, 0x96, 0x9F, 0xE6, 0x81, 0xF2, 0xE3, 0xFD, 0xFC, 0xFA, 0x0C,
    0xD7, 0x2F, 0xE8, 0x54, 0xA6, 0x72, 0x3D, 0xC7, 0x68, 0x46, 0x3D, 0xE3, 0x6B, 0x57, 0xEF, 0xCB,
    0x03, 0x0A, 0x75, 0x76, 0x0C, 0xED, 0x3F, 0x2F, 0xDC, 0x3F, 0xCA, 0x7D, 0xE7, 0xFE, 0x81, 0xB7,
    0x76, 0x11, 0x5E, 0xDC, 0x52, 0x2D, 0xE5, 0x28, 0x41, 0xE5, 0x24, 0x58, 0xD4, 0xDC, 0x74, 0x85,
    0xC2, 0xEF, 0x66, 0xD1, 0x2F, 0xEE, 0xC9, 0x34, 0x7F, 0x7D, 0xE2, 0xBC, 0x43, 0xE9, 0xF9, 0x22,
    0x1B, 0x2C, 0x92, 0xBD, 0xED, 0xED, 0xBD, 0x5B, 0xDB, 0xD1, 0x71, 0xE2, 0xFD, 0x9A, 0x5F, 0x25,
    0x08, 0x08, 0xBD, 0x91, 0x23, 0x43, 0xDC, 0xA4, 0xB0, 0xEE, 0xA7, 0x3C, 0xAA, 0x7B, 0x89, 0x58,
    0xD8, 0x3A, 0x41, 0xCB, 0xD4, 0xC8, 0x78, 0x60, 0xFE, 0x39, 0x6B, 0x95, 0xBA, 0x74, 0x07, 0x93,
    0xBA, 0xE9, 0x98, 0x01, 0x1F, 0xC0, 0x7D, 0xB9, 0xF3, 0x51, 0x49, 0xB8, 0x25, 0x3C, 0x13, 0xDA,
    0xE6, 0xB3, 0x9A, 0x3F, 0x8C, 0xE6, 0xD6, 0xD7, 0x4C, 0x02, 0x74, 0x3A, 0x1A, 0x53, 0x88, 0xB3,
    0xE5, 0xF0, 0xAC, 0xE5, 0xCD, 0x5F, 0x8C, 0x13, 0xD7, 0x90, 0x6D, 0x1F, 0xC1, 0x97, 0xD4, 0x0B,
    0x27, 0xD4, 0xB4, 0x56, 0x6A, 0x0A, 0x66, 0x2E, 0xEB, 0x1E, 0x23, 0xF0, 0x83, 0x05, 0x99, 0xC3,
    0x3A, 0xE9, 0xD2, 0xCA, 0xBC, 0x9C, 0x1B, 0x0D, 0xE7, 0x05, 0xE5, 0xB4, 0x6A, 0x58, 0x60, 0xD0,
    0x00, 0x67, 0xB9, 0x36, 0x28, 0xD9, 0xBA, 0xAA, 0xFD, 0xF0, 0xC4, 0xA4, 0x61, 0x9F, 0xBA, 0x92,
    0xBD, 0xC9, 0x76, 0x98, 0x8C, 0x75, 0xF2, 0x77, 0xF1, 0x90, 0xFB, 0x65, 0xE8, 0x4C, 0xAE, 0xDD,
    0x8C, 0x12, 0x3A, 0x29, 0x97, 0x3C, 0x06, 0x7E, 0xEF, 0x62, 0x27, 0x0A, 0xC3, 0x71, 0xB2, 0x4F,
    0xC4, 0xDA, 0x9B, 0x84, 0x7D, 0x62, 0xF1, 0x30, 0x49, 0x02, 0x32, 0xD1, 0x59, 0x42, 0x44, 0x67,
    0x41, 0xC8, 0x63, 0x3C, 0xC6, 0x0F, 0x25, 0x1E, 0x0E, 0x6A, 0x9B, 0x43, 0xF7, 0xFE, 0xB5, 0x15,
    0x3E, 0x58, 0x4E, 0x4D, 0x08, 0xF4, 0xAC, 0x8F, 0x5F, 0x75, 0x43, 0xE0, 0xA7, 0x3E, 0x70, 0xDF,
    0x87, 0x77, 0x08, 0xEF, 0x3D, 0xD0, 0x69, 0xDC, 0xEF, 0xF1, 0x51, 0x1C, 0xFA, 0x9C, 0xEF, 0x4E,
    0xA7, 0x83, 0xC1, 0xF1, 0x11, 0xA2, 0x88, 0x8D, 0xB3, 0x75, 0x3A, 0x66, 0x92, 0xC7, 0xD0, 0x8F,
    0xF6, 0xD1, 0xED, 0xF8, 0xDF, 0x7B, 0x2B, 0xA7, 0xA7, 0x10, 0x85, 0xEF, 0xCA, 0x60, 0x78, 0xB6,
    0xE2, 0xA4, 0x77, 0x96, 0xC2, 0x9B, 0xFD, 0x4B, 0xD7, 0xDE, 0xE8, 0x6D, 0x79, 0x33, 0x26, 0xB5,
    0x65, 0x4B, 0x3A, 0x3F, 0xC3, 0xFE, 0x93, 0x1B, 0xD0, 0x2E, 0x70, 0x71, 0x82, 0x1B, 0x03, 0xFC,
    0x0B, 0xDD, 0x7D, 0x4D, 0xAC, 0x1C, 0xD7, 0x95, 0x5E, 0x75, 0x95, 0xF8, 0x2A, 0x66, 0x23, 0x2A,
    0x2E, 0x68, 0x8F, 0x23, 0x46, 0xAC, 0x2C, 0x0C, 0x63, 0x40, 0x4B, 0xAF, 0x67, 0xE1, 0x85, 0xE3,
    0x3C, 0xB2, 0x5A, 0xD2, 0x64, 0xB4, 0xF0, 0xC2, 0xC4, 0xC0, 0x8C, 0x80, 0x31, 0x10, 0x7B, 0x33,
    0x40, 0x22, 0x23, 0xF3, 0x66, 0x31, 0x0B, 0x66, 0x86, 0x52, 0x95, 0xEC, 0x41, 0xBC, 0xD0, 0x42,
    0x5C, 0x24, 0x2B, 0x2F, 0x86, 0x0B, 0x05, 0xA0, 0x9E, 0x10, 0x53, 0x08, 0x64, 0x84, 0x41, 0x28,
    0x55, 0x49, 0x04, 0xC6, 0x0B, 0x21, 0x51, 0x49, 0x1A, 0x65, 0x16, 0x5E, 0xA8, 0x2C, 0xCB, 0xD6,
    0x8C, 0x84, 0x80, 0xA5, 0x51, 0xD3, 0x6A, 0x52, 0xDD, 0x75, 0xF3, 0x7D, 0xDF, 0xB9, 0x55, 0xAF,
    0x9B, 0xA4, 0x64, 0xFD, 0x90, 0x22, 0x3D, 0x4F, 0x7A, 0xB7, 0x9A, 0xFD, 0xBA, 0xBB, 0xEE, 0x3D,
    0xF7, 0xDC, 0x73, 0xBE, 0xF3, 0xDB, 0x41, 0xF0, 0xF9, 0x69, 0x80, 0x9F, 0x49, 0xC3, 0x71, 0xDC,
    0x72, 0x0C, 0xE7, 0x1C, 0x83, 0x13, 0x1A, 0x6F, 0x0B, 0xFA, 0x9F, 0xDC, 0x39, 0x37, 0x0D, 0x4A,
    0x8D, 0xE3, 0x65, 0x30, 0xC1, 0xCB, 0x17, 0x41, 0xDA, 0x8F, 0xC9, 0x3C, 0xF8, 0x1C, 0xC6, 0x19,
    0x5F, 0x99, 0x6A, 0x9C, 0xE8, 0xC3, 0x32, 0xE7, 0x0A, 0x8D, 0xB8, 0x4D, 0x56, 0xEB, 0x73, 0x2A,
    0x8E, 0xA5, 0x46, 0x67, 0x63, 0x11, 0xEC, 0x0B, 0x46, 0x78, 0x45, 0x8B, 0x31, 0x18, 0xB5, 0x41,
    0xE4, 0x82, 0xB8, 0x09, 0xB6, 0x71, 0xAB, 0x3A, 0xC0, 0xA0, 0x57, 0x6D, 0x8E, 0x38, 0xC5, 0xF2,
    0xFE, 0xF9, 0x30, 0x3E, 0x1C, 0xB5, 0xC1, 0xDA, 0xCF, 0x4D, 0x9D, 0xE1, 0x98, 0x97, 0x69, 0xC2,
    0x31, 0x48, 0x0B, 0x57, 0xE5, 0xC1, 0x26, 0xDE, 0x96, 0x06, 0x87, 0x03, 0x37, 0x3D, 0x18, 0x6C,
    0xE1, 0x6D, 0x77, 0x82, 0xB4, 0x8E, 0x9F, 0x16, 0xD9, 0xD8, 0x7D, 0xE1, 0x68, 0x10, 0xC4, 0xCE,
    0x2D, 0x35, 0xE2, 0x16, 0x98, 0x27, 0x3E, 0x08, 0xF3, 0xCC, 0x1B, 0x8E, 0x59, 0xC3, 0x79, 0x62,
    0xC4, 0x3C, 0x6D, 0xCC, 0x6B, 0x3E, 0xC0, 0x6B, 0xF2, 0x06, 0x9F, 0xB4, 0xD7, 0x5D, 0x9E, 0x60,
    0x65, 0xAE, 0xCB, 0x4E, 0xF2, 0xF3, 0x46, 0xDF, 0xE2, 0x98, 0x68, 0xF3, 0x26, 0x5A, 0x47, 0xA9,
    0xA7, 0xF5, 0xC4, 0x68, 0xBA, 0x46, 0xA5, 0x40, 0x54, 0xC2, 0x7D, 0x97, 0x41, 0x8E, 0x71, 0x11,
    0x1C, 0x14, 0x95, 0x36, 0xF5, 0xFE, 0x3B, 0xFB, 0x4F, 0x59, 0xA3, 0x92, 0x8D, 0x62, 0x93, 0x0F,
    0xA1, 0x12, 0x47, 0xDE, 0x6A, 0xB4, 0xB2, 0xD0, 0x6D, 0xF7, 0x77, 0x7C, 0xDA, 0x2D, 0x76, 0x77,
    0x6A, 0x1B, 0x2F, 0xC5, 0x9A, 0x67, 0xF8, 0x70, 0xDC, 0xB6, 0x2C, 0xA2, 0x05, 0xD6, 0x13, 0xCD,
    0xA3, 0x65, 0x10, 0x9E, 0x4C, 0x16, 0xFD, 0xAD, 0x75, 0xE7, 0xEC, 0xF2, 0xCE, 0xD4, 0x76, 0x27,
    0xFF, 0xE5, 0xB1, 0x80, 0x24, 0x58, 0x1B, 0x1A, 0x9B, 0xDB, 0x28, 0x98, 0xCC, 0x83, 0x71, 0x90,
    0xB8, 0xE9, 0xC3, 0xB8, 0x2B, 0x6F, 0x95, 0x3B, 0xFE, 0xFD, 0x68, 0x7F, 0xC7, 0x51, 0xD9, 0x05,
    0xDC, 0xA3, 0x2A, 0xC8, 0x2A, 0xAC, 0x22, 0x9F, 0x26, 0x20, 0x64, 0x90, 0x60, 0xF7, 0xC8, 0x15,
    0x9A, 0xB9, 0x13, 0x83, 0x2D, 0xC5, 0x12, 0xF8, 0x77, 0xE2, 0x5A, 0x6E, 0x18, 0x67, 0x93, 0x77,
    0x3C, 0x1C, 0x5C, 0x4C, 0xC8, 0xCD, 0xC5, 0x7B, 0xB2, 0xCA, 0x06, 0x70, 0x59, 0x1B, 0x2D, 0xF0,
    0xDA, 0x33, 0xE4, 0x0C, 0x2E, 0x5D, 0x94, 0xCE, 0xB1, 0xB4, 0x12, 0x9F, 0x17, 0x77, 0xA2, 0xAB,
    0x7E, 0x49, 0x53, 0x72, 0x1F, 0x97, 0xC6, 0x95, 0x91, 0xA2, 0xA4, 0x27, 0xA9, 0x49, 0x5A, 0x92,
    0x92, 0xA4, 0x23, 0xEE, 0x4D, 0x4E, 0x23, 0x05, 0x49, 0xBF, 0x6D, 0x7C, 0x8C, 0xE3, 0x54, 0xC6,
    0xC5, 0xD3, 0x41, 0xFA, 0x32, 0x36, 0xFC, 0x79, 0xDC, 0xEF, 0x91, 0xD9, 0xCA, 0x7E, 0x5E, 0xFF,
    0x7B, 0x8D, 0xC8, 0xD7, 0xA1, 0x0E, 0x46, 0x4A, 0x56, 0x48, 0xDB, 0x61, 0x3B, 0x9A, 0x7E, 0x10,
    0xFD, 0xB5, 0xFD, 0xDA, 0x7D, 0x23, 0x21, 0x09, 0xC0, 0x41, 0x8C, 0xAE, 0xED, 0x8F, 0x48, 0xBB,
    0x88, 0x54, 0x8D, 0x49, 0x4A, 0xCE, 0x2E, 0xD0, 0x16, 0x8B, 0xC7, 0x56, 0xF6, 0xB9, 0xF1, 0x3C,
    0x35, 0xE2, 0x27, 0x89, 0xE2, 0xDA, 0xDC, 0xA0, 0x97, 0x00, 0xA3, 0x52, 0x87, 0x04, 0x6F, 0x9C,
    0x4E, 0xB4, 0xFA, 0xC4, 0x33, 0x65, 0xEA, 0xD9, 0x72, 0xD3, 0x33, 0xE6, 0x61, 0xCF, 0x9A, 0x5B,
    0x9E, 0x39, 0x4F, 0xE0, 0x13, 0x78, 0x42, 0xCE, 0x06, 0x3A, 0x6B, 0x41, 0x3B, 0x72, 0xF7, 0x63,
    0x66, 0x23, 0x5C, 0x39, 0xF5, 0x90, 0x67, 0x09, 0xAF, 0x8C, 0x6A, 0x4C, 0x15, 0xD7, 0x71, 0x65,
    0xD7, 0xA4, 0xC0, 0xE9, 0x20, 0xBF, 0xE8, 0x5C, 0x16, 0x5F, 0x76, 0xB8, 0x62, 0x45, 0xD9, 0x12,
    0x33, 0x4F, 0x97, 0x41, 0x36, 0xE7, 0x84, 0x5A, 0x48, 0x4E, 0xF0, 0x1B, 0x66, 0x3B, 0x5A, 0xD9,
    0x0F, 0xD1, 0x10, 0x7B, 0xC2, 0x6D, 0xE1, 0xBE, 0x24, 0x7E, 0xE5, 0x5A, 0x32, 0xAF, 0x33, 0x5B,
    0xBF, 0xC8, 0x9A, 0xCC, 0x8C, 0x00, 0x3C, 0xEB, 0x22, 0xF3, 0xC5, 0x63, 0xF9, 0x45, 0x93, 0x4B,
    0xCE, 0xCD, 0x75, 0x00, 0xDC, 0xDB, 0xA0, 0x29, 0x16, 0x57, 0x56, 0x98, 0x17, 0x16, 0xE7, 0x0A,
    0xAC, 0xB8, 0xD4, 0xB5, 0xC5, 0x14, 0x41, 0x71, 0x5E, 0x0B, 0xAC, 0x23, 0x6B, 0xF0, 0x0F, 0x5C,
    0xF3, 0x1A, 0x8B, 0xC3, 0x3A, 0x5C, 0x45, 0x49, 0xB5, 0x8C, 0x1D, 0xF7, 0xF6, 0x0C, 0x3F, 0xCF,
    0xB9, 0x77, 0x30, 0xDF, 0xE9, 0xA7, 0x90, 0x57, 0xDD, 0xD5, 0xF2, 0xAA, 0xF6, 0x23, 0xD6, 0x80,
    0xE9, 0x61, 0x39, 0xA5, 0x46, 0x52, 0xAF, 0x21, 0x67, 0xE4, 0x1C, 0x21, 0xAF, 0x46, 0xEE, 0x0D,
    0xC8, 0xAB, 0xD0, 0x49, 0xBC, 0x1C, 0x0B, 0x82, 0xFE, 0x0E, 0xB1, 0x9E, 0x48, 0xB4, 0x7D, 0x99,
    0xA8, 0xB8, 0x7F, 0x95, 0xBF, 0x71, 0x76, 0x49, 0xCD, 0x25, 0x69, 0x09, 0xD1, 0x86, 0xFB, 0x66,
    0xA2, 0xA3, 0x38, 0x3D, 0x6A, 0x48, 0xC3, 0x84, 0xAC, 0x3A, 0x3B, 0x22, 0x6E, 0x5A, 0x88, 0x7A,
    0x36, 0x92, 0x8F, 0xB2, 0x57, 0x78, 0x93, 0xFC, 0x79, 0x32, 0x66, 0x59, 0x89, 0xEF, 0xAB, 0xB2,
    0x26, 0xCB, 0xE6, 0x3C, 0xB5, 0x24, 0x1E, 0x96, 0x0B, 0x46, 0xC7, 0x42, 0x93, 0x25, 0x29, 0x15,
    0xBB, 0x82, 0x7B, 0x48, 0xFE, 0x31, 0xB1, 0xEA, 0x05, 0x9A, 0x97, 0xA9, 0xB8, 0x89, 0x44, 0x5D,
    0x10, 0xD7, 0xF6, 0xCF, 0xE9, 0xAA, 0x12, 0x9A, 0x65, 0x58, 0x1F, 0xE6, 0x3B, 0xC1, 0xC1, 0xC4,
    0x84, 0x49, 0x3D, 0xCC, 0x35, 0xB2, 0xE3, 0x09, 0x9E, 0xD2, 0xCE, 0x2F, 0xB4, 0xF1, 0xF9, 0x82,
    0xB3, 0x1E, 0x91, 0x1E, 0x90, 0x84, 0xAF, 0xCD, 0x78, 0x52, 0x27, 0xA9, 0x0E, 0xEB, 0x42, 0xE7,
    0xF6, 0x95, 0x96, 0x3C, 0x91, 0xBF, 0xC6, 0x0D, 0x0F, 0x40, 0x06, 0x72, 0x38, 0x5E, 0x4D, 0x06,
    0x77, 0xE4, 0x07, 0x9D, 0x36, 0x57, 0x69, 0x7A, 0xA0, 0x33, 0xEE, 0xC5, 0x27, 0xB0, 0x82, 0xAF,
    0xB8, 0x37, 0x78, 0x94, 0x73, 0x23, 0xB5, 0x56, 0xD0, 0x06, 0x4F, 0x61, 0x17, 0x67, 0x61, 0xCD,
    0xBD, 0xDC, 0xD6, 0x49, 0xD5, 0x1F, 0xF7, 0x4C, 0x77, 0xE7, 0x8E, 0x49, 0x57, 0x90, 0x9C, 0x13,
    0x57, 0x24, 0x98, 0xF9, 0x9C, 0xD3, 0x85, 0x96, 0xC5, 0xDC, 0xE3, 0x4A, 0xD4, 0xA1, 0xAC, 0x98,
    0x4E, 0x74, 0xDC, 0x4F, 0xE8, 0xE4, 0xF3, 0x13, 0xF2, 0x97, 0x75, 0x80, 0x7F, 0x51, 0xF5, 0xA2,
    0x13, 0x4A, 0x29, 0xE8, 0x8F, 0xB9, 0xD7, 0x25, 0x71, 0x3B, 0xD0, 0x6B, 0xFF, 0x76, 0xA1, 0x17,
    0x6A, 0xB3, 0xF5, 0x12, 0x9D, 0x83, 0xFE, 0x04, 0x71, 0xBF, 0x49, 0x7B, 0x3B, 0x3E, 0x20, 0xE0,
    0x78, 0x29, 0xD9, 0xE1, 0x65, 0x9B, 0x44, 0xDB, 0xBC, 0x97, 0x70, 0xA9, 0x09, 0x39, 0xD2, 0x0A,
    0xBF, 0x5E, 0xD4, 0x49, 0xD2, 0x35, 0xA2, 0x15, 0x7E, 0x49, 0x2B, 0xFC, 0x96, 0x26, 0xF6, 0x6C,
    0xF7, 0x25, 0xAD, 0xF0, 0x2B, 0xD9, 0x37, 0x25, 0xF1, 0xF0, 0x1B, 0x9A, 0x14, 0x34, 0x41, 0x88,
    0x9F, 0x46, 0x92, 0x87, 0x47, 0x39, 0x28, 0x6D, 0x9F, 0x33, 0xA3, 0x94, 0x71, 0x28, 0x4E, 0x4A,
    0x60, 0x62, 0x66, 0x8D, 0x61, 0xD3, 0x66, 0x57, 0x5D, 0x96, 0xAD, 0x38, 0x87, 0x63, 0xC4, 0xCD,
    0x0D, 0xE2, 0x17, 0x75, 0xF2, 0x45, 0x92, 0xCD, 0x31, 0xC7, 0x2D, 0x09, 0xC4, 0xB3, 0x94, 0x8D,
    0xA3, 0x96, 0x23, 0xC4, 0x10, 0xD7, 0xFB, 0xD6, 0x93, 0x64, 0x14, 0x1D, 0xB6, 0xC9, 0xB1, 0x07,
    0x3A, 0xDE, 0x86, 0x13, 0x9B, 0x73, 0x96, 0xD8, 0x49, 0xAA, 0x4B, 0x8E, 0xD3, 0xED, 0x2E, 0xF8,
    0x0A, 0x29, 0x05, 0x7A, 0xB6, 0x54, 0xED, 0x3C, 0x29, 0x18, 0xB0, 0x6F, 0x0F, 0x93, 0x5A, 0x87,
    0x39, 0x6C, 0x91, 0x5A, 0x5B, 0x26, 0x75, 0x4C, 0xE0, 0x9A, 0x7C, 0x59, 0x52, 0xB8, 0xF0, 0x8C,
    0xD6, 0xD4, 0x88, 0x95, 0x8E, 0x2D, 0xFE, 0xEE, 0x34, 0x14, 0x93, 0x56, 0x47, 0x03, 0x84, 0x29,
    0xEB, 0xC8, 0x85, 0xAE, 0xD8, 0xA6, 0xF8, 0x74, 0x92, 0xA5, 0x39, 0x25, 0x48, 0x49, 0x05, 0x1E,
    0x2F, 0x21, 0x0B, 0x25, 0x18, 0x35, 0xE0, 0x38, 0x62, 0x98, 0x81, 0x61, 0xD2, 0x19, 0xEE, 0x3C,
    0x69, 0x89, 0x5D, 0xA8, 0x17, 0x6D, 0xA8, 0x71, 0xE0, 0xF2, 0x0A, 0xB3, 0x29, 0xAB, 0x84, 0xC2,
    0x83, 0x43, 0x91, 0x2C, 0x70, 0xA3, 0x74, 0x8E, 0x1B, 0x65, 0xB3, 0xC8, 0x8D, 0x5C, 0x43, 0xEA,
    0xE3, 0xFC, 0x81, 0x83, 0x6F, 0x36, 0x58, 0xA1, 0x0C, 0xC6, 0xA3, 0x89, 0x49, 0xE2, 0x08, 0x9A,
    0x02, 0xAF, 0x8F, 0x2A, 0x53, 0x6C, 0x95, 0x54, 0xDB, 0x98, 0x6A, 0x82, 0x4A, 0x49, 0xEA, 0x2D,
    0x31, 0x05, 0x97, 0xDA, 0xA4, 0xEE, 0x36, 0x9A, 0x6F, 0xD9, 0xE4, 0x4E, 0xD8, 0xEC, 0x4C, 0xCC,
    0x8F, 0x8C, 0x4D, 0x23, 0x63, 0xD3, 0x58, 0x62, 0x1D, 0x2A, 0x47, 0x53, 0x9C, 0xD8, 0x1C, 0x1F,
    0xD2, 0x24, 0x25, 0xA1, 0x09, 0xF3, 0x74, 0x21, 0xB0, 0x0B, 0x17, 0x7C, 0x05, 0x79, 0x41, 0x1C,
    0x38, 0x33, 0x0E, 0x6C, 0x83, 0xE3, 0x76, 0xF9, 0x2E, 0x2F, 0x27, 0x6F, 0x36, 0x5E, 0xCF, 0xDC,
    0x0F, 0x1D, 0xFE, 0xE7, 0xEE, 0xFF, 0x81, 0xEB, 0xEE, 0xC7, 0x61, 0x82, 0x34, 0xC1, 0xC2, 0x3B,
    0x4D, 0x3C, 0xAF, 0x43, 0xA3, 0x48, 0x5E, 0x49, 0x24, 0x6C, 0x92, 0xF3, 0xA6, 0x22, 0xA3, 0x2B,
    0x1E, 0x92, 0xA4, 0xA8, 0xDC, 0x3D, 0x9A, 0xD0, 0xF8, 0x25, 0xF7, 0x0D, 0xCD, 0x23, 0xD5, 0x91,
    0xF4, 0x9B, 0xA2, 0x3F, 0xB9, 0xF3, 0x9D, 0xA6, 0x1E, 0xB9, 0xFB, 0x96, 0xA6, 0x5A, 0xBB, 0x78,
    0x61, 0xF4, 0x9F, 0x8F, 0x17, 0xDA, 0x96, 0xAC, 0x4D, 0x16, 0xDA, 0x2D, 0xF0, 0xDA, 0x9C, 0x07,
    0x1C, 0x3B, 0x48, 0x81, 0x0B, 0xE5, 0x05, 0x55, 0x32, 0x13, 0x96, 0xC6, 0xF3, 0xDD, 0x34, 0x07,
    0x4F, 0xD6, 0xD0, 0x89, 0xD3, 0x03, 0xBD, 0xC0, 0x0C, 0x79, 0x3E, 0x26, 0x5C, 0x4C, 0x59, 0x51,
    0xBD, 0xF2, 0xE5, 0x64, 0x6B, 0xEC, 0xEA, 0x0A, 0x6A, 0xA9, 0x8D, 0x89, 0x24, 0x4A, 0x43, 0xC7,
    0xE7, 0x37, 0xDC, 0xC0, 0x5E, 0x22, 0x5D, 0x5E, 0x6F, 0x70, 0x98, 0x4C, 0xF9, 0x39, 0x05, 0x75,
    0x36, 0x8E, 0x53, 0x90, 0x76, 0xE5, 0x02, 0x2F, 0xE5, 0x61, 0xDA, 0x33, 0xBD, 0x95, 0xD5, 0x06,
    0x58, 0x75, 0x46, 0xC5, 0x81, 0xFD, 0xA3, 0xE6, 0xF0, 0xAA, 0x03, 0x6F, 0x5B, 0x06, 0xEB, 0xCA,
    0xE3, 0x96, 0x5C, 0xC3, 0x4D, 0x06, 0x0F, 0xA6, 0x46, 0x84, 0x5C, 0x4F, 0x92, 0xB9, 0x05, 0xA6,
    0x13, 0xE3, 0x9F, 0xD4, 0x38, 0x68, 0xD3, 0xA4, 0xD5, 0x61, 0x13, 0x57, 0x5B, 0xC6, 0x51, 0x27,
    0x8C, 0x75, 0xCE, 0xDA, 0xB1, 0x13, 0x90, 0xE2, 0x39, 0x23, 0x53, 0x85, 0x8D, 0x84, 0x56, 0x54,
    0x4B, 0x6A, 0x8D, 0x2B, 0x01, 0xA8, 0xA4, 0x90, 0x2C, 0xCA, 0x44, 0xEA, 0x2F, 0x3B, 0x91, 0x3A,
    0x5B, 0x4A, 0x16, 0x65, 0xDC, 0x90, 0x93, 0x80, 0xA9, 0x21, 0x4F, 0xE7, 0x68, 0xD8, 0x2A, 0x5A,
    0xAC, 0x30, 0xBD, 0xF0, 0x5C, 0x02, 0x42, 0xC5, 0xB8, 0x4E, 0x28, 0x63, 0x31, 0xDD, 0x8C, 0xDB,
    0x05, 0xD5, 0xF5, 0x1E, 0xF7, 0x2B, 0x6F, 0x47, 0xBA, 0xC2, 0xCC, 0x79, 0x81, 0x3B, 0x36, 0x69,
    0xE3, 0xC7, 0x70, 0xDD, 0x4C, 0x67, 0xD2, 0x62, 0x87, 0xD3, 0xD9, 0x26, 0x85, 0xC8, 0x56, 0x32,
    0xDF, 0xE2, 0xE6, 0xE1, 0xFA, 0x34, 0x97, 0x75, 0x22, 0x59, 0x68, 0xFB, 0xCE, 0x26, 0x1D, 0x95,
    0x4B, 0x30, 0x1B, 0x03, 0x57, 0x60, 0x65, 0x2D, 0xAC, 0x28, 0x2C, 0x0D, 0xAA, 0x4E, 0x18, 0x7B,
    0xD4, 0xC4, 0x0B, 0x6D, 0x5E, 0x13, 0xCD, 0x79, 0x28, 0xB7, 0x2F, 0x45, 0xED, 0x01, 0x48, 0x60,
    0xD7, 0x45, 0x75, 0x66, 0x56, 0xDC, 0xCC, 0xDB, 0x37, 0x39, 0x76, 0x15, 0x6F, 0xF2, 0x56, 0x4E,
    0x6C, 0x60, 0xC0, 0xDB, 0x3A, 0x89, 0xB1, 0x14, 0x27, 0x94, 0xCE, 0x7A, 0xA3, 0x47, 0xBC, 0x64,
    0xA2, 0x22, 0x33, 0xD1, 0x91, 0xC9, 0x7C, 0xE6, 0xFD, 0x39, 0x95, 0xB2, 0xEA, 0xCD, 0xA0, 0xD2,
    0x2C, 0x21, 0x6F, 0x0C, 0x99, 0x3D, 0xC4, 0x47, 0x03, 0x18, 0x80, 0x46, 0x12, 0x4B, 0x95, 0x6E,
    0xD7, 0xEC, 0xDA, 0x86, 0x06, 0x24, 0x0E, 0x26, 0xF2, 0x68, 0x38, 0x8F, 0x92, 0x7B, 0xA0, 0x77,
    0xCA, 0xDC, 0x71, 0x05, 0x9F, 0x84, 0x76, 0x9B, 0xF3, 0x1E, 0xA4, 0x89, 0xAB, 0xC4, 0x2B, 0x85,
    0x8D, 0x80, 0xC4, 0x90, 0x45, 0x98, 0x48, 0x44, 0xB4, 0xCE, 0x8D, 0xCB, 0x8D, 0x39, 0x7B, 0xDB,
    0xDF, 0x96, 0x80, 0xC9, 0x52, 0x3F, 0x52, 0xB8, 0x9C, 0x11, 0xD6, 0x92, 0x29, 0x63, 0x76, 0x6D,
    0x6E, 0xF0, 0xA4, 0x34, 0x2E, 0xC3, 0x9E, 0x7F, 0x74, 0xA4, 0x94, 0x5D, 0x3F, 0xA4, 0x04, 0xE2,
    0x9C, 0x22, 0x71, 0x44, 0x8A, 0xDC, 0x5D, 0x9E, 0x4A, 0x5F, 0xB7, 0xD4, 0xD7, 0xA9, 0x26, 0x62,
    0xC7, 0x9F, 0x2F, 0x36, 0x11, 0x9C, 0xCC, 0x38, 0xA6, 0x33, 0x3E, 0x33, 0x21, 0x23, 0x48, 0x4A,
    0x73, 0x22, 0xB9, 0xED, 0x15, 0xA7, 0xE1, 0x2E, 0x5D, 0x4B, 0x5F, 0x8F, 0x3E, 0xA6, 0x73, 0x21,
    0xF9, 0x4D, 0xCE, 0x85, 0x5D, 0xCB, 0xB3, 0x09, 0x3E, 0x89, 0x73, 0x61, 0xDD, 0x8A, 0x2A, 0xEB,
    0xDC, 0x54, 0x19, 0xAD, 0xA8, 0x02, 0x56, 0x14, 0xC8, 0x76, 0x67, 0x3F, 0xEB, 0x75, 0x5B, 0x2A,
    0xE8, 0xAD, 0x62, 0x33, 0x8B, 0x0D, 0x36, 0xAC, 0x21, 0x66, 0xAF, 0x9B, 0xDB, 0x2B, 0x60, 0xCD,
    0x86, 0xBB, 0x1C, 0x08, 0x19, 0xDE, 0x2A, 0x78, 0x3D, 0x18, 0x1D, 0x93, 0x25, 0x17, 0x6B, 0x4A,
    0x10, 0x76, 0x17, 0x4D, 0xC2, 0xD4, 0xF6, 0x9C, 0x93, 0xF4, 0x76, 0x17, 0x30, 0x31, 0xC8, 0xC5,
    0x47, 0x40, 0x2C, 0x80, 0xC8, 0x29, 0x68, 0x24, 0xC0, 0xD7, 0x64, 0x2D, 0xAD, 0x56, 0xC8, 0x0A,
    0xCC, 0x39, 0x6B, 0xF3, 0x06, 0x34, 0xC1, 0x85, 0x18, 0x18, 0xEC, 0x40, 0xE9, 0x50, 0x42, 0x7E,
    0xC8, 0xD0, 0xC4, 0x6E, 0x02, 0x5C, 0x4E, 0x93, 0x45, 0x32, 0x4B, 0xF9, 0x61, 0x17, 0x3A, 0x9E,
    0xC6, 0x5C, 0xC6, 0x6C, 0x0F, 0xF9, 0x82, 0xDC, 0x30, 0x83, 0x4D, 0x65, 0x8F, 0x4D, 0x2C, 0x75,
    0x0B, 0x48, 0x1F, 0x5C, 0xE6, 0x09, 0x16, 0x1B, 0xBA, 0x4A, 0x0E, 0x4E, 0x58, 0xC6, 0xF2, 0xF7,
    0xD4, 0x89, 0x56, 0xD7, 0x1E, 0xD1, 0xF2, 0x66, 0x67, 0xF5, 0x8E, 0x4E, 0x1F, 0x93, 0x18, 0xE7,
    0xC5, 0x66, 0xFA, 0xD9, 0xCE, 0x91, 0x0B, 0x0C, 0x84, 0xE8, 0x6F, 0x73, 0x59, 0x06, 0x91, 0x64,
    0x1D, 0x84, 0xB1, 0x19, 0xF0, 0xE6, 0x33, 0x39, 0x27, 0x7A, 0xE2, 0x5E, 0x09, 0x31, 0x7C, 0x27,
    0x29, 0x9C, 0xC3, 0xE3, 0x40, 0xD6, 0x59, 0xB7, 0x71, 0xC6, 0x66, 0xE3, 0x8C, 0x6F, 0x82, 0x8D,
    0x33, 0xDB, 0xB5, 0x71, 0x7A, 0xF7, 0x6F, 0x10, 0x35, 0x6B, 0x17, 0x33, 0x7D, 0xA2, 0xCA, 0xF6,
    0xBA, 0xC0, 0xCA, 0xE7, 0x50, 0xAD, 0xD0, 0xF0, 0x10, 0x8A, 0x04, 0x7E, 0xF2, 0x33, 0x80, 0xEF,
    0xF8, 0xFF, 0xC2, 0x8B, 0x1F, 0x5B, 0x43, 0xB2, 0xF0, 0x52, 0x19, 0xB3, 0x4F, 0x68, 0x0C, 0x50,
    0x41, 0x62, 0xEE, 0xB1, 0xBB, 0x40, 0xAD, 0x28, 0xB8, 0x18, 0x7C, 0xE1, 0x3F, 0x7F, 0x00, 0x36,
    0xEF, 0x4F, 0x0D, 0xC7, 0x09, 0x6D, 0x81, 0xA0, 0xB4, 0x0D, 0xFF, 0xB5, 0x73, 0x2F, 0x9A, 0x55,
    0xF0, 0xBA, 0x73, 0x8F, 0x52, 0x49, 0x0F, 0x58, 0x2E, 0x90, 0xCD, 0xA1, 0xF7, 0x9B, 0x28, 0xE5,
    0xBB, 0x25, 0x4E, 0xF5, 0x69, 0x84, 0x1D, 0xB5, 0xCE, 0x21, 0x66, 0x54, 0x1A, 0x8C, 0x97, 0x9B,
    0xC2, 0xB4, 0x27, 0xDF, 0xA8, 0x33, 0xA9, 0x37, 0xEA, 0x5C, 0x66, 0x54, 0xB3, 0x3A, 0x9B, 0x39,
    0x35, 0xAD, 0x4E, 0x88, 0xDE, 0x98, 0x78, 0x1E, 0xEA, 0x4C, 0x9A, 0x38, 0x5A, 0x01, 0xA9, 0x3C,
    0x67, 0x7C, 0xE3, 0x44, 0x8F, 0xFC, 0x1C, 0x02, 0x7B, 0x39, 0x1F, 0x89, 0xE6, 0x8E, 0x27, 0xD8,
    0xF9, 0x9F, 0xE0, 0x1F, 0xC7, 0x8A, 0xDC, 0xDA, 0x8A, 0xEC, 0xA7, 0x1B, 0x1E, 0x1D, 0x19, 0x1E,
    0x1D, 0x1E, 0x1E, 0x6D, 0x5D, 0xE3, 0xD1, 0x97, 0x74, 0x74, 0x97, 0x94, 0x6E, 0x60, 0x9A, 0x47,
    0xB0, 0xE8, 0x4D, 0xAE, 0xED, 0x30, 0x97, 0xB5, 0x75, 0xA5, 0x23, 0x91, 0x1A, 0x22, 0x21, 0x0B,
    0x25, 0xF3, 0x09, 0x0F, 0x09, 0x56, 0x92, 0xB6, 0x9A, 0x69, 0x4C, 0xE1, 0xA1, 0x01, 0xD3, 0xCD,
    0x6B, 0x2A, 0x01, 0x2A, 0x60, 0xF7, 0x5C, 0x59, 0x1F, 0xA0, 0xB8, 0xCE, 0xBC, 0x69, 0x89, 0xC3,
    0x24, 0x08, 0x04, 0x5D, 0x8B, 0xFB, 0x81, 0xE4, 0xE2, 0x36, 0xD2, 0x26, 0x34, 0xE0, 0x2A, 0x39,
    0x4D, 0xBA, 0xE8, 0x3A, 0x93, 0x09, 0x2A, 0xEA, 0x8C, 0x17, 0xC6, 0x93, 0x02, 0x58, 0x54, 0x00,
    0xF4, 0xD3, 0x35, 0x90, 0x25, 0x84, 0xB1, 0x75, 0xD6, 0xF2, 0x35, 0x39, 0xCC, 0x68, 0x52, 0x8D,
    0x36, 0x75, 0x26, 0xF5, 0x8F, 0x6B, 0x13, 0xC8, 0xB2, 0xC6, 0x91, 0x15, 0x74, 0xCC, 0x05, 0x5F,
    0xCB, 0x9A, 0xEE, 0x47, 0xB7, 0xE1, 0xA6, 0xD8, 0x70, 0x5A, 0xD9, 0x82, 0x40, 0x80, 0x8C, 0x1E,
    0x02, 0x99, 0x33, 0x51, 0x4C, 0xE1, 0x15, 0xC5, 0x78, 0x70, 0xA0, 0xAE, 0x18, 0xF5, 0x5C, 0x94,
    0x99, 0xD9, 0x98, 0x89, 0xA6, 0xA1, 0x39, 0x7C, 0x88, 0x51, 0x8F, 0x3B, 0xAE, 0x18, 0xF5, 0xDE,
    0xEA, 0x21, 0x20, 0xBF, 0x0C, 0xD2, 0x97, 0xC5, 0x44, 0x2E, 0x72, 0x5A, 0x3D, 0xB8, 0xDF, 0xDD,
    0x46, 0x76, 0x59, 0x55, 0xD4, 0xD9, 0x1A, 0xF8, 0xE6, 0x91, 0x79, 0x55, 0x93, 0x75, 0xC7, 0xEE,
    0xA4, 0xDD, 0x20, 0x49, 0x60, 0xF5, 0xE4, 0xB2, 0x7A, 0x30, 0x1F, 0xF2, 0xD3, 0xE5, 0x92, 0xC7,
    0x9F, 0x12, 0x7B, 0xD5, 0x70, 0x30, 0x1F, 0xF6, 0x52, 0xCB, 0x94, 0x8F, 0x3E, 0x26, 0xDC, 0x07,
    0xF1, 0x28, 0xF8, 0xF9, 0xA1, 0x80, 0x0F, 0x12, 0x30, 0xC9, 0xDC, 0xCC, 0x09, 0x40, 0xF6, 0x19,
    0x99, 0x50, 0x14, 0xC6, 0x75, 0x42, 0x01, 0x4C, 0xE7, 0x2C, 0xD5, 0x8D, 0x5D, 0x6B, 0xFB, 0x10,
    0x7E, 0x18, 0xFC, 0x06, 0x04, 0xEE, 0x8C, 0x34, 0xF0, 0x2A, 0xCF, 0x03, 0x15, 0x02, 0x09, 0x02,
    0xCA, 0x93, 0x1C, 0x04, 0x62, 0x79, 0x25, 0x8D, 0x84, 0x83, 0xA2, 0x4F, 0x8E, 0x3C, 0x98, 0xC7,
    0x8C, 0x0D, 0x65, 0xD9, 0x84, 0x2D, 0x92, 0xB2, 0x51, 0xCA, 0x42, 0x96, 0xC3, 0x05, 0x34, 0xAB,
    0xA9, 0x06, 0x0C, 0xD2, 0xDA, 0xC7, 0x07, 0xF6, 0xE9, 0x54, 0x95, 0x3A, 0xA7, 0xBC, 0x04, 0x3D,
    0xF4, 0xF1, 0x98, 0x08, 0xEF, 0x7B, 0xBB, 0x93, 0xA0, 0x13, 0x01, 0x23, 0xF7, 0x6D, 0x6D, 0x6D,
    0x67, 0x16, 0xEC, 0x42, 0x64, 0x04, 0x32, 0xE2, 0xDE, 0x96, 0x8D, 0x9D, 0x44, 0xE1, 0x48, 0xAE,
    0x8F, 0xBA, 0x60, 0xB9, 0xC1, 0x9B, 0x97, 0x8D, 0x61, 0x81, 0xD0, 0x7D, 0xBF, 0x30, 0x73, 0x15,
    0x6C, 0xC4, 0x43, 0xAF, 0x63, 0xCB, 0xFD, 0xA3, 0x79, 0x22, 0x2D, 0xDB, 0x50, 0xC7, 0x52, 0xB5,
    0xE6, 0x35, 0xFE, 0x94, 0xD3, 0xFB, 0x02, 0x06, 0xE1, 0x11, 0xF9, 0x57, 0x38, 0xCC, 0x3F, 0x7F,
    0x73, 0x71, 0x74, 0xE2, 0x7E, 0x8A, 0x1D, 0xE8, 0x78, 0x0C, 0xA6, 0xB0, 0xF1, 0xF9, 0x43, 0x51,
    0xFC, 0x6D, 0xB2, 0xA9, 0x54, 0xA8, 0x3C, 0x0A, 0x00, 0x52, 0xEE, 0xF2, 0x51, 0xC2, 0x0D, 0xEA,
    0x3C, 0x2E, 0x2B, 0xC6, 0xF3, 0x9B, 0x64, 0xD4, 0xC3, 0xB4, 0xBF, 0x33, 0xD2, 0x2E, 0xA7, 0x46,
    0x2F, 0xCD, 0xA7, 0x3E, 0x0C, 0x94, 0x29, 0x65, 0xA1, 0x90, 0x0F, 0xE5, 0x47, 0x81, 0x55, 0x4D,
    0x2A, 0x84, 0x51, 0x92, 0xCB, 0xAE, 0x37, 0x9F, 0x7D, 0xB4, 0xE6, 0xA4, 0xCE, 0x66, 0x17, 0x75,
    0x11, 0x90, 0xE3, 0x18, 0x0E, 0xA5, 0x04, 0x67, 0x9B, 0xEE, 0x24, 0x58, 0x65, 0x3C, 0xC0, 0x05,
    0xF9, 0x83, 0xAE, 0xA4, 0x0C, 0xCB, 0xC8, 0x6A, 0xB8, 0xE4, 0x41, 0xA9, 0x71, 0x57, 0x42, 0xBA,
    0x75, 0xC6, 0x5C, 0xDB, 0x97, 0x18, 0xC1, 0x80, 0x7F, 0xA1, 0x84, 0x01, 0xCE, 0xF8, 0x26, 0x7F,
    0x71, 0x2F, 0xEE, 0xC0, 0xF6, 0x1B, 0x62, 0x64, 0x3E, 0xE3, 0xC1, 0x3F, 0xDD, 0xE7, 0xB0, 0x2B,
    0x53, 0x6C, 0x29, 0x70, 0x34, 0x4F, 0x1B, 0x1D, 0x7A, 0x7B, 0xBE, 0x25, 0xE6, 0xC4, 0x9F, 0xBF,
    0x2E, 0x5F, 0x9E, 0xB6, 0x46, 0x32, 0x48, 0xFB, 0x68, 0x2A, 0x8A, 0xCE, 0x84, 0x4B, 0x3C, 0x30,
    0x98, 0x55, 0xD8, 0x45, 0x04, 0xFE, 0xC0, 0xF7, 0x89, 0x1D, 0x37, 0x6C, 0x03, 0x45, 0x75, 0x60,
    0x43, 0x1D, 0x12, 0xE6, 0x13, 0xDC, 0x70, 0x07, 0x20, 0x9F, 0xA8, 0xCF, 0x53, 0x88, 0xB0, 0x65,
    0x39, 0xB5, 0xA3, 0x17, 0xEC, 0xD9, 0x5D, 0xFF, 0x3C, 0xE8, 0xE2, 0x25, 0xD6, 0xBF, 0xC4, 0xFA,
    0x97, 0xB6, 0x7E, 0x88, 0x90, 0x8B, 0x40, 0x44, 0x58, 0x63, 0xF6, 0xF7, 0x47, 0x85, 0xB1, 0x84,
    0x00, 0xDA, 0xE0, 0x64, 0x3A, 0x8F, 0xE8, 0xBF, 0x28, 0x46, 0x64, 0x26, 0x7E, 0xC8, 0x76, 0x3D,
    0x7A, 0x42, 0x66, 0x1F, 0x90, 0xEF, 0xC8, 0x2D, 0xE2, 0xBF, 0xC5, 0x47, 0xC5, 0xED, 0x32, 0x0E,
    0xE1, 0x24, 0x49, 0xAA, 0x73, 0x98, 0x3C, 0x3E, 0xB0, 0x3A, 0x85, 0xEB, 0x78, 0x9E, 0x29, 0x78,
    0x93, 0xCC, 0x4A, 0x79, 0x85, 0x4D, 0x88, 0xF7, 0xD7, 0x70, 0x39, 0x69, 0x74, 0x5D, 0x4C, 0x6A,
    0x5C, 0x6F, 0x8B, 0xE6, 0x19, 0xAF, 0x87, 0xE3, 0x36, 0xAB, 0x5C, 0x50, 0x3C, 0x9B, 0xD4, 0x79,
    0x55, 0x7E, 0xBF, 0xCA, 0xCB, 0x69, 0x59, 0x00, 0x4D, 0x4E, 0xC8, 0x79, 0x69, 0xE7, 0xCF, 0x89,
    0xED, 0x03, 0x40, 0x73, 0x35, 0x6E, 0xB3, 0x26, 0x01, 0xFF, 0xC6, 0xE2, 0x61, 0x05, 0xA2, 0x0A,
    0x1A, 0xA7, 0xB4, 0x53, 0x6D, 0x07, 0xF2, 0xEA, 0x8B, 0xF8, 0x3D, 0x87, 0x1D, 0x59, 0xF2, 0x60,
    0xFE, 0xA8, 0x33, 0x91, 0x86, 0x2D, 0x38, 0x74, 0x3A, 0x78, 0x70, 0x0A, 0x87, 0x01, 0xD1, 0x1F,
    0x06, 0xD2, 0xD7, 0x6C, 0x09, 0xF3, 0x34, 0xB6, 0x11, 0x35, 0x15, 0xC2, 0x70, 0x13, 0x02, 0xC6,
    0x8C, 0x02, 0x3F, 0xAB, 0x53, 0xBA, 0x0A, 0x32, 0xC6, 0x23, 0xCE, 0x60, 0x78, 0xF3, 0xC5, 0x39,
    0xB8, 0x26, 0x01, 0x52, 0x9E, 0x03, 0xB0, 0x8C, 0x7A, 0xE6, 0xA6, 0xFB, 0xEE, 0x76, 0x1C, 0xB6,
    0x0A, 0x3A, 0x28, 0xB9, 0x4C, 0x9B, 0x45, 0xD0, 0xE3, 0x5B, 0xFE, 0x8F, 0x37, 0xE4, 0xBE, 0x7B,
    0x77, 0xEE, 0xD9, 0x39, 0x95, 0xBA, 0x7B, 0x1D, 0xCF, 0x64, 0x49, 0x46, 0x82, 0x53, 0xB7, 0x83,
    0x59, 0x8F, 0x3D, 0x86, 0x25, 0xBC, 0xCC, 0x04, 0x9B, 0xA7, 0x16, 0xAC, 0x4C, 0xE6, 0x8C, 0x44,
    0x51, 0x6F, 0x24, 0xAD, 0x0C, 0xC2, 0xD4, 0x9B, 0x35, 0x50, 0x70, 0xE0, 0xAC, 0x7A, 0x84, 0x1D,
    0xDB, 0xD8, 0xD9, 0x79, 0xDC, 0x54, 0x66, 0x30, 0xA3, 0x26, 0x68, 0x29, 0x2B, 0x38, 0x8C, 0x6A,
    0x30, 0x78, 0x54, 0x81, 0xD6, 0x1A, 0xE2, 0x02, 0xEA, 0x66, 0x3C, 0xE5, 0x07, 0xE2, 0xFC, 0x41,
    0x29, 0x03, 0x15, 0x72, 0xB3, 0x80, 0xE9, 0xDD, 0x5F, 0x12, 0x2A, 0x2C, 0xE1, 0x1E, 0x11, 0x82,
    0x05, 0xB2, 0xDF, 0xD8, 0x29, 0x82, 0x43, 0xA7, 0xF0, 0xB1, 0xB5, 0xBC, 0xD8, 0x0E, 0xEC, 0x4B,
    0xDD, 0xD5, 0x46, 0xC4, 0x6C, 0xAE, 0x1D, 0xD3, 0x78, 0xBF, 0xD0, 0xA6, 0xF8, 0xC4, 0xE8, 0xC5,
    0xD9, 0x16, 0xF5, 0xD7, 0x0B, 0xF3, 0xB3, 0x34, 0xBC, 0x1E, 0x9D, 0xB7, 0x9C, 0xFC, 0xFD, 0x8E,
    0x4C, 0x92, 0x44, 0x40, 0xFC, 0xD0, 0xFF, 0xF4, 0x1F, 0x07, 0xA3, 0x65, 0xB4, 0xA4, 0x04, 0x5A,
    0x84, 0x20, 0xE1, 0x7E, 0x48, 0x5D, 0x10, 0x60, 0x8E, 0x5B, 0xD6, 0x81, 0xAB, 0x7D, 0xAE, 0xC1,
    0xDE, 0x9D, 0xE9, 0x1D, 0x27, 0x53, 0x1E, 0x99, 0x50, 0xA7, 0x85, 0xCE, 0x82, 0x50, 0xC2, 0x83,
    0x72, 0xC3, 0x84, 0x1A, 0xB9, 0x92, 0x66, 0xD7, 0xCA, 0x4E, 0x24, 0x7E, 0x27, 0x14, 0x8D, 0xED,
    0xF6, 0x41, 0xD0, 0xC1, 0x13, 0x55, 0x1B, 0x98, 0xBC, 0x8D, 0x67, 0xF5, 0x64, 0xA0, 0xE3, 0x14,
    0x38, 0xBC, 0x38, 0xE2, 0x2E, 0xC2, 0xF7, 0x8E, 0x4D, 0xED, 0x8F, 0x68, 0xA1, 0x28, 0x95, 0x20,
    0x95, 0xDD, 0xB4, 0x36, 0x49, 0xA9, 0x23, 0x3A, 0xE7, 0x11, 0x05, 0x48, 0x5F, 0x96, 0x85, 0x8F,
    0x98, 0xF0, 0x74, 0xED, 0xDD, 0xC1, 0xBC, 0x52, 0x97, 0x32, 0xEA, 0xF6, 0x30, 0x4C, 0x0A, 0x20,
    0x79, 0x0C, 0x55, 0x4E, 0x24, 0xD5, 0xCB, 0x3A, 0xE3, 0x19, 0xCA, 0x60, 0xDA, 0x3A, 0x92, 0xFD,
    0x49, 0x6B, 0x8C, 0xD3, 0xF5, 0x33, 0x0D, 0x6D, 0xA6, 0xB5, 0x66, 0x1A, 0xEE, 0x3C, 0xF2, 0x2C,
    0x36, 0xFF, 0x51, 0x12, 0xFD, 0xC7, 0x20, 0x7B, 0x49, 0x5F, 0x0A, 0x64, 0x3F, 0xD5, 0x37, 0x27,
    0x2B, 0xD7, 0xA5, 0x09, 0xF3, 0x89, 0x0C, 0x26, 0x99, 0x4B, 0x9C, 0x67, 0x59, 0x49, 0xD8, 0x4B,
    0x4F, 0x26, 0xDD, 0xF6, 0x8C, 0xFC, 0x50, 0xE0, 0x95, 0x47, 0xFB, 0xD8, 0xED, 0x10, 0xB6, 0x95,
    0x7F, 0x29, 0xBF, 0x2C, 0x38, 0xBD, 0x2A, 0x6A, 0x1C, 0x36, 0x67, 0x31, 0x5A, 0x8E, 0xE7, 0xA3,
    0x79, 0xD2, 0x06, 0xD3, 0xC9, 0x4A, 0xC4, 0x58, 0x87, 0xB5, 0xF6, 0xFF, 0x6E, 0x03, 0x98, 0x6E,
    0x71, 0xB5, 0x2A, 0x6A, 0x40, 0x0B, 0x6C, 0xCF, 0x94, 0xD4, 0xC0, 0xB6, 0x93, 0x1E, 0x8F, 0x95,
    0x58, 0x58, 0xE3, 0xE6, 0xB4, 0xEE, 0x8A, 0xB2, 0xE1, 0x86, 0xD0, 0xFD, 0x41, 0x05, 0x44, 0xC9,
    0xAD, 0xB9, 0xE6, 0x95, 0xCE, 0x13, 0x65, 0x38, 0xB7, 0x18, 0x02, 0x53, 0xFB, 0x9B, 0xF0, 0x40,
    0x61, 0xA5, 0xBA, 0x10, 0xCC, 0xE1, 0xF2, 0xFB, 0x66, 0x02, 0x42, 0xCE, 0x63, 0x37, 0xCC, 0xC4,
    0x03, 0x8F, 0xEE, 0xDD, 0x81, 0xDF, 0x2B, 0x31, 0x3E, 0x99, 0x12, 0xAB, 0x14, 0x63, 0xFA, 0x05,
    0x63, 0x6A, 0xF2, 0x31, 0x23, 0x8F, 0xE3, 0x82, 0xFA, 0x93, 0x14, 0x38, 0x48, 0xD5, 0xCB, 0x33,
    0x3E, 0x3F, 0x4E, 0x21, 0xCE, 0x83, 0xDE, 0x31, 0x0C, 0x46, 0x0E, 0x31, 0x49, 0x2E, 0xB0, 0xBA,
    0x30, 0x7F, 0xBA, 0x9C, 0x6C, 0x94, 0x0A, 0xDE, 0xEA, 0x95, 0xD1, 0x2B, 0x0A, 0x0E, 0x41, 0x5E,
    0x65, 0xCD, 0xC4, 0x52, 0x58, 0xE9, 0xEB, 0x82, 0xD5, 0xB2, 0xAC, 0xCB, 0xE2, 0x68, 0x1F, 0x54,
    0x08, 0xF8, 0xCE, 0xF8, 0xB2, 0x83, 0xF1, 0x4C, 0x3F, 0x0D, 0xF4, 0x7F, 0xE4, 0xFE, 0x6A, 0x41,
    0x69, 0x0E, 0xF1, 0x3B, 0x8B, 0x17, 0x94, 0xE8, 0xDC, 0xAE, 0x49, 0x03, 0xB3, 0x76, 0x09, 0xE1,
    0x31, 0x8B, 0xA8, 0xC7, 0xB0, 0x5E, 0xE8, 0x64, 0xFC, 0x05, 0xF1, 0x98, 0x26, 0x99, 0x41, 0x94,
    0x40, 0xF5, 0x03, 0xCB, 0xF1, 0xBF, 0x16, 0xF1, 0xDF, 0x02, 0x3A, 0xF8, 0x57, 0x74, 0x83, 0xD1,
    0x76, 0x0B, 0x8E, 0xBA, 0x7F, 0xDD, 0xDF, 0xCA, 0xBC, 0x22, 0x89, 0x94, 0xD3, 0x44, 0xF1, 0xD4,
    0xF4, 0x42, 0x23, 0x98, 0x26, 0x97, 0xC9, 0x4E, 0xB1, 0xF1, 0x38, 0xCE, 0x2E, 0xB6, 0x36, 0x6F,
    0x32, 0xC2, 0xB3, 0x73, 0x78, 0xF1, 0xA5, 0x36, 0xD0, 0x09, 0x0F, 0x62, 0xB9, 0x14, 0x5D, 0xAF,
    0xD7, 0x62, 0xCB, 0x7F, 0xC0, 0xFA, 0x0F, 0x73, 0xDF, 0xB1, 0x8D, 0x41, 0xD8, 0x02, 0x64, 0x6F,
    0x57, 0xB0, 0x65, 0x4B, 0xB8, 0x3B, 0xA6, 0xD7, 0x43, 0x32, 0xCE, 0x6A, 0x4A, 0xC6, 0x06, 0x92,
    0x71, 0x59, 0x43, 0x32, 0x86, 0x95, 0xA7, 0xB9, 0x26, 0x23, 0x8F, 0x44, 0x36, 0xEF, 0x83, 0x6E,
    0x5F, 0x85, 0x30, 0x7E, 0x02, 0xB7, 0xCC, 0x3A, 0x33, 0x4C, 0x08, 0x6E, 0x70, 0x4B, 0x0D, 0xE3,
    0x05, 0xF8, 0x87, 0x44, 0xE4, 0x00, 0xAC, 0xD8, 0x9D, 0x59, 0x78, 0x37, 0xCD, 0x83, 0xDF, 0x1C,
    0x20, 0xB2, 0x0F, 0xB9, 0x4F, 0xFD, 0x82, 0xCD, 0x98, 0xDF, 0x47, 0x09, 0xBF, 0x33, 0x3D, 0x74,
    0x52, 0x2B, 0xE1, 0x34, 0xA9, 0xA4, 0xC1, 0x97, 0xE1, 0x55, 0x7C, 0x59, 0xA4, 0x3D, 0x5F, 0xEA,
    0x9E, 0x74, 0xF9, 0x49, 0x44, 0xE1, 0x96, 0xC2, 0xAA, 0x33, 0xA1, 0x4C, 0xB0, 0x9B, 0xC0, 0x66,
    0x0B, 0x96, 0xC9, 0xDF, 0x7B, 0xF1, 0xD2, 0x7B, 0xCB, 0x7D, 0x5C, 0xE3, 0x79, 0xD7, 0xA6, 0x8B,
    0x18, 0xA1, 0xAD, 0x4A, 0x1A, 0xE0, 0xB6, 0x1B, 0x7F, 0xDB, 0xAF, 0xDA, 0x6D, 0x67, 0x76, 0xDB,
    0xA7, 0x4C, 0xE1, 0xD9, 0xC1, 0x89, 0x1B, 0xE3, 0x96, 0xDA, 0x3C, 0x25, 0x32, 0xB8, 0x13, 0xB3,
    0xD5, 0x52, 0x93, 0xC3, 0x77, 0xF2, 0x48, 0xEF, 0x9C, 0x22, 0xDC, 0x03, 0x3E, 0xF9, 0x2F, 0xDB,
    0x35, 0x74, 0x05, 0x23, 0x90, 0xE4, 0xAA, 0x7D, 0x4A, 0x2D, 0x2A, 0xDF, 0x22, 0x5C, 0x01, 0x07,
    0x46, 0xCB, 0x03, 0xCB, 0x3E, 0xF2, 0x17, 0xF6, 0x32, 0x8E, 0x2C, 0x80, 0xF8, 0x0B, 0x77, 0x01,
    0x92, 0x08, 0x72, 0x06, 0xDC, 0x34, 0xC2, 0xC1, 0x78, 0xF0, 0x74, 0x10, 0xEC, 0x9C, 0x2E, 0xE9,
    0x16, 0x9D, 0x27, 0x72, 0xFF, 0x9B, 0x87, 0x43, 0x99, 0x2A, 0x6D, 0x22, 0xFF, 0x46, 0x7A, 0xF9,
    0xBF, 0xD2, 0x6C, 0x80, 0xEE, 0x63, 0x54, 0x32, 0x07, 0xC6, 0x00, 0xE3, 0xF0, 0x18, 0x54, 0x54,
    0x85, 0xA0, 0xCE, 0x0C, 0x02, 0x04, 0x07, 0x84, 0x62, 0x24, 0x6B, 0xDC, 0x5F, 0xA6, 0x97, 0xE0,
    0x8E, 0x5F, 0x32, 0x56, 0x03, 0xCE, 0xDA, 0xC3, 0x13, 0x0A, 0xDA, 0x2A, 0xB8, 0x90, 0x5C, 0x99,
    0x0B, 0x73, 0xF9, 0x09, 0xAE, 0x88, 0xB0, 0xB1, 0x25, 0x01, 0xF5, 0x5B, 0xE9, 0x0A, 0xFD, 0x0A,
    0xA5, 0x7A, 0x89, 0x12, 0xBC, 0x07, 0x4F, 0xF4, 0xE7, 0x53, 0x18, 0xE1, 0xAF, 0x02, 0x2D, 0x94,
    0xA2, 0x3E, 0xA3, 0x26, 0xC3, 0xBA, 0x65, 0x94, 0x99, 0x8C, 0xFC, 0x5D, 0x6C, 0x1D, 0x40, 0xCB,
    0x74, 0x09, 0x19, 0x52, 0xFE, 0x08, 0xDA, 0x82, 0xCB, 0x3D, 0x4A, 0x12, 0x22, 0x11, 0x03, 0x32,
    0x18, 0xB2, 0x09, 0x6F, 0x00, 0x5D, 0x1C, 0x3D, 0x90, 0x4E, 0xDE, 0xC8, 0xB0, 0x1B, 0xCF, 0xE5,
    0x27, 0x26, 0x3A, 0x9F, 0x42, 0x08, 0xD0, 0x4A, 0x88, 0x25, 0x25, 0xA8, 0xDB, 0xA8, 0xFD, 0x38,
    0x31, 0xC5, 0x52, 0x85, 0xD8, 0x39, 0x91, 0x98, 0x06, 0x2E, 0x40, 0x14, 0x11, 0x40, 0xDA, 0x52,
    0x57, 0x37, 0x63, 0xE2, 0x46, 0x5A, 0xF4, 0x16, 0xAE, 0x11, 0x76, 0xDC, 0xA0, 0x0B, 0x36, 0xE3,
    0xD6, 0x51, 0xE2, 0xF6, 0x7A, 0x34, 0xAB, 0xC4, 0x5C, 0xB8, 0x0D, 0xD4, 0x58, 0x59, 0xE3, 0x88,
    0x09, 0xCC, 0x4F, 0xDE, 0xC7, 0x41, 0xC8, 0x5E, 0xA7, 0xF9, 0xFE, 0x3C, 0xBD, 0xD7, 0xF7, 0x31,
    0x68, 0x13, 0x41, 0x3B, 0x63, 0x96, 0xF3, 0x1C, 0x2A, 0xA7, 0x1E, 0x49, 0x85, 0xEE, 0xA1, 0xAF,
    0x93, 0x86, 0x30, 0x65, 0xDD, 0xB3, 0x72, 0x72, 0x0D, 0xD2, 0xF0, 0x7A, 0x80, 0x55, 0x71, 0x5F,
    0x01, 0x79, 0x51, 0x41, 0x33, 0x02, 0xFF, 0x25, 0xC1, 0xD9, 0x60, 0xDD, 0x18, 0xF8, 0xF4, 0x9F,
    0x1F, 0x29, 0xB3, 0xA9, 0xEC, 0x95, 0xE0, 0x46, 0x79, 0xF9, 0x24, 0x89, 0x5D, 0xF7, 0x59, 0x4C,
    0xC2, 0xC0, 0xF7, 0xD3, 0xAA, 0x9D, 0xF0, 0x9D, 0xFF, 0x93, 0x5A, 0xBD, 0xA6, 0x6B, 0xA4, 0x90,
    0x7F, 0xC4, 0xCB, 0x1D, 0x29, 0xF4, 0xF1, 0x55, 0x0A, 0x7D, 0x69, 0xAA, 0x2A, 0x33, 0x79, 0x37,
    0x5E, 0x97, 0x3B, 0x2B, 0x2A, 0x18, 0x77, 0xDA, 0x23, 0xC7, 0xCD, 0x72, 0xB0, 0x25, 0x99, 0x61,
    0x42, 0x26, 0xE5, 0xC9, 0x2A, 0x2D, 0x61, 0xAF, 0x4F, 0xD7, 0xBB, 0x1E, 0x36, 0xCC, 0x87, 0x29,
    0xF8, 0xCB, 0x8F, 0x8B, 0x9B, 0x15, 0x15, 0xF9, 0x10, 0x05, 0x1F, 0x1C, 0x50, 0xB8, 0xBF, 0x09,
    0x61, 0x40, 0xC0, 0x91, 0xDE, 0xC6, 0xF3, 0x51, 0x41, 0xF3, 0x3F, 0x92, 0x1B, 0x6F, 0x49, 0x13,
    0x69, 0x0A, 0xB1, 0x2D, 0xEF, 0xE3, 0x41, 0xAC, 0x23, 0xA3, 0x55, 0x37, 0xCD, 0x8A, 0xC9, 0xAF,
    0xC8, 0xCE, 0x73, 0x9B, 0xC7, 0x7E, 0xEA, 0xA9, 0x50, 0xD9, 0x49, 0xC1, 0xE9, 0x5D, 0x80, 0x8D,
    0xA3, 0x9A, 0x0C, 0x0E, 0xC3, 0x19, 0x49, 0x45, 0xA3, 0x50, 0x9E, 0x4D, 0x73, 0x6C, 0xF2, 0xFF,
    0xE7, 0xA8, 0x88, 0xE1, 0x84, 0x07, 0x5D, 0x46, 0xC1, 0x34, 0xF9, 0x69, 0x3B, 0xF9, 0xD9, 0x6C,
    0xF2, 0x42, 0xBB, 0xF7, 0xDE, 0x93, 0x9F, 0xF8, 0x73, 0x6C, 0x61, 0x82, 0x36, 0x16, 0x13, 0x0A,
    0xEE, 0xD8, 0xF5, 0x47, 0xE0, 0xEC, 0xF2, 0xE0, 0x06, 0x16, 0x31, 0xC6, 0x6F, 0x67, 0x66, 0x5F,
    0x64, 0x01, 0x96, 0x35, 0xB9, 0x42, 0xB9, 0x95, 0x0E, 0xD2, 0xC0, 0xF3, 0x60, 0xE5, 0xF3, 0xEC,
    0x0A, 0x29, 0x67, 0xA2, 0x8B, 0x03, 0x0C, 0x11, 0x35, 0xFD, 0x19, 0xDD, 0xF9, 0xF1, 0xE3, 0xE6,
    0xC5, 0x97, 0x4C, 0x9E, 0x99, 0x7F, 0xBF, 0xF5, 0x17, 0xE1, 0xB4, 0x51, 0x2D, 0xA4, 0x06, 0xE4,
    0xFE, 0xD6, 0xE3, 0xBC, 0xE4, 0x3C, 0xAE, 0x71, 0x51, 0x3E, 0x47, 0x4F, 0xC6, 0x54, 0x90, 0x35,
    0x91, 0x71, 0x29, 0x20, 0x0F, 0xEC, 0x2A, 0x28, 0x5F, 0x67, 0xB4, 0xAD, 0x15, 0xB0, 0xCE, 0x40,
    0x7C, 0xC6, 0x3B, 0xBD, 0x6C, 0xD8, 0xAF, 0x55, 0x1D, 0x3A, 0x49, 0xD5, 0x3A, 0xCD, 0x0C, 0xF7,
    0xE4, 0x76, 0x21, 0xFB, 0x84, 0x9D, 0x38, 0x48, 0x10, 0x8C, 0xFE, 0xAE, 0x63, 0xEE, 0x98, 0xB9,
    0xEF, 0xE5, 0x19, 0x7B, 0xD2, 0x3D, 0xA9, 0xDC, 0x8E, 0x4E, 0x86, 0xAD, 0x14, 0x93, 0x30, 0xB7,
    0xF4, 0x13, 0xDF, 0x42, 0x38, 0x1A, 0x9A, 0xF7, 0xE4, 0x47, 0x3C, 0x00, 0xE0, 0x38, 0x73, 0x1F,
    0x1F, 0xFD, 0x2C, 0x0E, 0xDF, 0xB5, 0xD1, 0xB4, 0x4F, 0x31, 0xB3, 0x2C, 0x0D, 0x79, 0xC8, 0x78,
    0xA7, 0x87, 0x57, 0x67, 0x75, 0xDD, 0x6D, 0x31, 0xE1, 0x42, 0x1D, 0x77, 0xDD, 0x31, 0x14, 0xA2,
    0x7C, 0x68, 0x35, 0x91, 0xFA, 0x46, 0xD9, 0xB2, 0x23, 0x7A, 0xEC, 0x23, 0xB0, 0x08, 0x11, 0x6F,
    0xDC, 0x9D, 0xE3, 0xCE, 0x92, 0xDA, 0x9F, 0x1F, 0x96, 0x7A, 0x73, 0xD0, 0xF2, 0x75, 0x5D, 0xEF,
    0x03, 0x5C, 0x6F, 0xB3, 0xCF, 0x83, 0x98, 0xC9, 0x6E, 0x1A, 0x2A, 0xC9, 0xFE, 0x0C, 0x6F, 0xF7,
    0xD4, 0xEE, 0x21, 0xC6, 0x0E, 0x40, 0x69, 0xCE, 0x33, 0x7D, 0xEC, 0xD2, 0xC9, 0x29, 0xDC, 0xC9,
    0x6A, 0x0A, 0x3A, 0x59, 0x50, 0x41, 0x37, 0xD2, 0x65, 0x29, 0xA3, 0x2A, 0x30, 0x9C, 0x15, 0xCC,
    0x75, 0x09, 0x5B, 0x33, 0x42, 0xE8, 0x0E, 0xCC, 0x66, 0x31, 0xA3, 0x29, 0x25, 0xF3, 0x04, 0x60,
    0xCF, 0xCE, 0x90, 0x3E, 0xE3, 0x7E, 0xF0, 0xE2, 0x0C, 0xBE, 0xEC, 0xF2, 0xD1, 0xC7, 0x18, 0x31,
    0x2A, 0x5F, 0x13, 0x94, 0x2E, 0x17, 0xC2, 0xCC, 0xE5, 0x5C, 0x31, 0xA2, 0xB2, 0x15, 0xAA, 0x2A,
    0x2B, 0x29, 0x83, 0xBC, 0x60, 0x74, 0xE5, 0x40, 0xBD, 0xF1, 0x78, 0x70, 0xAE, 0x84, 0x10, 0x1D,
    0x75, 0xDF, 0x01, 0xE0, 0x0F, 0x9E, 0x8D, 0x08, 0x59, 0x1F, 0x02, 0x28, 0x58, 0x04, 0x27, 0x42,
    0x8E, 0xE7, 0x42, 0x08, 0xE9, 0x60, 0x36, 0x5A, 0xE2, 0xBF, 0x76, 0xB4, 0x0C, 0x97, 0x88, 0xF4,
    0x2F, 0xE3, 0x0E, 0x33, 0x58, 0x1E, 0xEC, 0xB0, 0x3D, 0xDD, 0xF1, 0xEE, 0x6E, 0x8C, 0x6D, 0x77,
    0x96, 0x2E, 0x65, 0x19, 0xE5, 0x3A, 0x3D, 0x0B, 0xF9, 0xDB, 0x33, 0x4B, 0x5A, 0x99, 0xAF, 0x24,
    0xDF, 0x32, 0x38, 0x59, 0x70, 0x98, 0xA6, 0xB0, 0x3C, 0xA6, 0x77, 0x8F, 0x17, 0x49, 0xEF, 0x3B,
    0xA6, 0x0B, 0x9D, 0x90, 0x88, 0xFE, 0x53, 0xA6, 0x25, 0xC9, 0xA7, 0x9F, 0xF8, 0x6D, 0x90, 0x7F,
    0xB0, 0x64, 0xB2, 0x16, 0x8C, 0x64, 0x5A, 0xCA, 0x39, 0x32, 0x2B, 0xE8, 0x78, 0xA3, 0xF7, 0xFC,
    0xD0, 0xE9, 0x58, 0xAE, 0x9B, 0x4C, 0x79, 0x59, 0xEF, 0x2B, 0x73, 0xE0, 0x11, 0x29, 0x01, 0xCA,
    0xBB, 0x31, 0x29, 0x0A, 0x71, 0x6C, 0xD1, 0x5E, 0x00, 0x29, 0xD8, 0x30, 0x91, 0x3B, 0xB3, 0x60,
    0xAE, 0x74, 0xD4, 0x51, 0x47, 0x86, 0x8E, 0x78, 0x06, 0x23, 0xEC, 0xD6, 0xA8, 0x83, 0xD5, 0xBC,
    0x8C, 0x97, 0x84, 0x5F, 0xE5, 0x8C, 0xD9, 0xA2, 0x96, 0x9B, 0x75, 0x74, 0xCD, 0x41, 0x0C, 0x31,
    0x64, 0xE1, 0x1F, 0x78, 0x8A, 0xE9, 0x36, 0x55, 0xD0, 0x69, 0x64, 0x69, 0x61, 0x29, 0xD3, 0x73,
    0x28, 0x98, 0x21, 0xD7, 0x2C, 0x3F, 0x00, 0x9F, 0xF0, 0x78, 0x60, 0x76, 0xB7, 0xC5, 0x52, 0x23,
    0x8F, 0x70, 0x67, 0xB1, 0xE5, 0xAD, 0x4C, 0x9C, 0x4F, 0x27, 0xCA, 0xFA, 0xF8, 0x97, 0x56, 0x6E,
    0x19, 0x63, 0x16, 0x02, 0xB5, 0x4C, 0x35, 0x8B, 0x4D, 0xF9, 0x07, 0xCA, 0x58, 0xB3, 0x08, 0x15,
    0x55, 0x00, 0xA5, 0x3B, 0x60, 0x1B, 0x4D, 0x17, 0x82, 0x3A, 0xA8, 0xDE, 0x42, 0x3E, 0xAB, 0xD2,
    0x82, 0x39, 0x33, 0x9B, 0xF2, 0x90, 0x1E, 0x78, 0x68, 0x07, 0x12, 0xB0, 0x86, 0x09, 0x93, 0x38,
    0x66, 0x27, 0xE5, 0xF7, 0xC1, 0x14, 0xE4, 0x3E, 0x83, 0x04, 0x48, 0x47, 0x19, 0xCF, 0xC1, 0x28,
    0x47, 0x81, 0x86, 0x5B, 0xDB, 0xB3, 0xA5, 0x32, 0x9E, 0x88, 0x2B, 0x32, 0x29, 0x7E, 0xD3, 0x2D,
    0x06, 0x00, 0xB0, 0xE0, 0x93, 0xDC, 0x9F, 0x48, 0x22, 0x12, 0x6C, 0x50, 0x30, 0x43, 0x66, 0x40,
    0x14, 0xF1, 0x6C, 0x37, 0x90, 0x6B, 0x11, 0xDB, 0x5C, 0xE3, 0xBB, 0xF2, 0x5C, 0xBE, 0x2E, 0x6F,
    0xF3, 0xF3, 0x7C, 0x7D, 0xF2, 0x7D, 0x85, 0x8E, 0x44, 0xA5, 0x4C, 0xDE, 0x3E, 0xF3, 0x6B, 0xFF,
    0xC3, 0x82, 0x49, 0x19, 0xAF, 0xCC, 0xA1, 0xBF, 0xE2, 0xF3, 0x33, 0x8A, 0xBD, 0xFB, 0x19, 0xAB,
    0xD8, 0x1C, 0x23, 0x34, 0x8B, 0xDC, 0x8E, 0x06, 0x42, 0x76, 0x9E, 0x00, 0x7F, 0x87, 0x70, 0x5E,
    0x22, 0x6D, 0x67, 0x91, 0x3E, 0xE7, 0x96, 0xF9, 0x62, 0x72, 0x5E, 0xDE, 0xF0, 0xD3, 0x7D, 0x20,
    0x20, 0xE5, 0x8D, 0x8E, 0xF0, 0x3E, 0x3F, 0xA1, 0x12, 0xA4, 0x17, 0x31, 0xAA, 0x4C, 0x9A, 0x12,
    0x17, 0xE3, 0xAC, 0x6C, 0x3D, 0x8B, 0x4F, 0x3D, 0x0B, 0xEB, 0x77, 0xD4, 0x2E, 0xE0, 0x1D, 0x78,
    0x09, 0x1C, 0x32, 0x7E, 0x1E, 0xC3, 0x36, 0x6E, 0xDD, 0x95, 0xBF, 0xB8, 0x88, 0xCF, 0xE3, 0x86,
    0xEB, 0x7C, 0xE7, 0xE2, 0xF5, 0xC2, 0x98, 0x5A, 0xB2, 0x88, 0x9A, 0x38, 0x2E, 0xFD, 0x83, 0x84,
    0x3A, 0x8D, 0x47, 0x6D, 0x93, 0xFA, 0x45, 0x39, 0x29, 0x93, 0xC6, 0x1E, 0x48, 0xBD, 0xD2, 0x1F,
    0x26, 0xCF, 0xD8, 0xA4, 0x8F, 0x78, 0x6A, 0xE7, 0x9D, 0x22, 0x36, 0x41, 0x9A, 0x3D, 0x36, 0x97,
    0xDA, 0x3E, 0xAC, 0x07, 0x98, 0xD5, 0xB9, 0xEC, 0x1B, 0x0B, 0x29, 0xA7, 0x59, 0x1E, 0x2B, 0x91,
    0x23, 0x6C, 0x4A, 0x3D, 0x98, 0xC6, 0x55, 0xA7, 0x04, 0x0F, 0xC8, 0x53, 0xFA, 0xB3, 0x28, 0x4A,
    0x46, 0xB4, 0x80, 0x26, 0xEE, 0xE7, 0xEE, 0xF9, 0x45, 0x0A, 0xB5, 0xE5, 0xDE, 0x75, 0xE7, 0x17,
    0x99, 0xAB, 0xB1, 0xE1, 0xC1, 0xA1, 0x42, 0x09, 0x35, 0x16, 0x87, 0x08, 0x19, 0x96, 0x80, 0x5D,
    0x04, 0xCB, 0x1C, 0x97, 0x04, 0xD3, 0xC1, 0x8C, 0x0F, 0x62, 0xC7, 0x31, 0xCD, 0xAD, 0x64, 0x66,
    0xC9, 0x7E, 0xF3, 0x21, 0xD9, 0x0F, 0x39, 0x37, 0x6F, 0x52, 0x32, 0x8E, 0xBF, 0xF9, 0x0A, 0xFD,
    0x3C, 0x69, 0x72, 0x1E, 0xD2, 0xAB, 0xDA, 0x4A, 0x9F, 0xA7, 0xEA, 0x3E, 0x37, 0xC1, 0xE6, 0x95,
    0x7F, 0xBD, 0xCC, 0x1E, 0x85, 0xA7, 0xE5, 0xB1, 0x2E, 0xFB, 0x8E, 0x52, 0x5C, 0x7C, 0xCE, 0xB8,
    0x5D, 0xA0, 0xFE, 0x59, 0x23, 0xC3, 0xCF, 0xAF, 0x24, 0x0F, 0x89, 0xDA, 0xC1, 0x6B, 0xE7, 0x24,
    0xC3, 0x43, 0x4B, 0xA2, 0x93, 0x07, 0x3F, 0xC8, 0x5E, 0xF3, 0x61, 0x8D, 0xC2, 0x12, 0x4B, 0x94,
    0xCE, 0x96, 0xBE, 0x2E, 0xBC, 0x33, 0x69, 0x14, 0xFE, 0x92, 0xFB, 0x37, 0x95, 0xD7, 0x97, 0x45,
    0x14, 0x55, 0x49, 0x7C, 0x93, 0x17, 0xD8, 0x1B, 0xCC, 0x63, 0x9A, 0x4F, 0xE9, 0xDC, 0x99, 0xC2,
    0x6D, 0x81, 0x68, 0x7B, 0x93, 0xCD, 0xF2, 0x3A, 0x85, 0x9B, 0x10, 0x50, 0x6B, 0x67, 0x67, 0xE7,
    0x34, 0x51, 0x2C, 0x3E, 0x72, 0xE4, 0x8E, 0x3D, 0x40, 0x39, 0x39, 0x65, 0xCC, 0x3D, 0xAB, 0x8E,
    0x28, 0x5D, 0x56, 0x51, 0x84, 0xF7, 0x6B, 0x25, 0xF8, 0x13, 0x52, 0xBD, 0xDF, 0xF1, 0xF3, 0x41,
    0x3F, 0xF0, 0xF4, 0x7D, 0x0B, 0x16, 0x5A, 0x40, 0x86, 0x43, 0x40, 0x8C, 0xE7, 0x93, 0x8A, 0xAE,
    0x93, 0xB4, 0xD9, 0x6E, 0xF3, 0x0E, 0xCA, 0xB8, 0x70, 0xDD, 0xC6, 0x82, 0xFC, 0x11, 0x5A, 0xCE,
    0x21, 0x18, 0x24, 0xB2, 0x47, 0xDC, 0x95, 0x4E, 0x36, 0x8A, 0x76, 0x8C, 0xB1, 0x78, 0x3D, 0xCA,
    0x0B, 0xAE, 0x99, 0x4C, 0x82, 0x8F, 0xAA, 0x7A, 0xF8, 0x96, 0x5A, 0x1C, 0x15, 0xF4, 0x79, 0xC8,
    0x2B, 0xEF, 0x68, 0x39, 0xEB, 0x45, 0x84, 0xF2, 0x50, 0x8C, 0x53, 0x94, 0xD6, 0xC8, 0x1C, 0x77,
    0xE7, 0x51, 0x78, 0xF6, 0x5C, 0xC7, 0xC3, 0xCA, 0xC0, 0xFB, 0xF7, 0xF5, 0x88, 0xB1, 0xF7, 0x70,
    0x49, 0x41, 0xCF, 0x08, 0x0C, 0xDC, 0xED, 0x33, 0xF1, 0x0B, 0x8E, 0x37, 0xA5, 0x25, 0x55, 0x5E,
    0x3C, 0x8F, 0x94, 0xC2, 0x0B, 0x3E, 0xA7, 0xE0, 0x9F, 0x20, 0xE0, 0x5B, 0x9D, 0xE9, 0xEE, 0x85,
    0x72, 0x71, 0xEF, 0x82, 0x7C, 0x4C, 0x8C, 0x00, 0xD3, 0x1C, 0x02, 0xCD, 0xE8, 0xEA, 0xE0, 0x7D,
    0x09, 0x7C, 0x50, 0x12, 0xF0, 0xB0, 0x18, 0x86, 0xDA, 0x49, 0x41, 0x76, 0xA8, 0x6D, 0x2C, 0x23,
    0x5C, 0x62, 0xEE, 0x9C, 0xBA, 0x7B, 0xC6, 0x64, 0x86, 0x33, 0xBB, 0xCE, 0x95, 0x17, 0x5A, 0x15,
    0xA6, 0x64, 0x3F, 0xC5, 0x9E, 0xD3, 0x8D, 0xF4, 0x83, 0x39, 0xF9, 0xA7, 0x29, 0x7F, 0xB0, 0xD0,
    0xD6, 0xB9, 0xFB, 0x28, 0xDF, 0x41, 0x41, 0x3A, 0xEE, 0x7E, 0xEA, 0xC6, 0xEE, 0x25, 0xE4, 0x66,
    0x3C, 0x06, 0xBD, 0xD5, 0x30, 0x22, 0xD9, 0x6C, 0xD0, 0xE9, 0xC3, 0x43, 0x73, 0xE4, 0xD9, 0xA3,
    0x06, 0x6C, 0x47, 0x8C, 0xCE, 0xA5, 0x4C, 0x16, 0x56, 0x9E, 0xB0, 0xC2, 0x82, 0x25, 0x87, 0x4D,
    0x6F, 0xE6, 0xF4, 0x89, 0x34, 0xCC, 0xE2, 0xDA, 0x7B, 0x46, 0xA1, 0xD9, 0x46, 0x86, 0xC3, 0x10,
    0x26, 0x11, 0xCE, 0x5B, 0x19, 0xFA, 0x7A, 0x11, 0x1A, 0x12, 0x7F, 0x24, 0x59, 0x09, 0x23, 0x43,
    0xDE, 0x05, 0xE5, 0x57, 0x3F, 0x1C, 0x1C, 0x80, 0x4A, 0xBA, 0xC7, 0x52, 0x5F, 0x17, 0x41, 0xF8,
    0x84, 0xA0, 0x06, 0x03, 0x0A, 0x82, 0x15, 0xE3, 0x2A, 0x47, 0x82, 0xD6, 0xCF, 0x95, 0xDC, 0x40,
    0x3C, 0xA9, 0xAC, 0x8A, 0x0B, 0xDC, 0x6D, 0xEE, 0xBC, 0x14, 0xC3, 0xB9, 0x91, 0x85, 0x2F, 0x3C,
    0x18, 0x93, 0x5D, 0x7E, 0x48, 0xD8, 0x50, 0x53, 0xB6, 0x70, 0xA6, 0x42, 0x6E, 0x7D, 0x89, 0xCB,
    0x17, 0x78, 0x3C, 0xA5, 0x14, 0xFF, 0xA6, 0x9F, 0x46, 0x16, 0x1C, 0x28, 0x38, 0x8D, 0xD6, 0xBC,
    0x21, 0xE1, 0x13, 0x3E, 0x1F, 0x02, 0x12, 0x15, 0x01, 0xAA, 0x49, 0xC7, 0xCB, 0x3C, 0x5B, 0x9A,
    0xEF, 0x06, 0x76, 0x9F, 0xBC, 0xD5, 0x82, 0xC8, 0xA5, 0x87, 0xC8, 0xBD, 0x2B, 0x73, 0xD7, 0x85,
    0xC3, 0x17, 0x71, 0x57, 0x84, 0x7A, 0x60, 0xCA, 0xCE, 0xC9, 0x84, 0xF4, 0x7F, 0x8C, 0x2F, 0x4D,
    0xE0, 0xE3, 0xD3, 0x61, 0xE1, 0xAC, 0xBF, 0x40, 0x37, 0x8B, 0x37, 0x1A, 0x87, 0x44, 0x5C, 0x23,
    0x5C, 0x9F, 0xBF, 0x7C, 0x40, 0xE9, 0x4F, 0x3E, 0x61, 0xB1, 0xFF, 0x99, 0xF5, 0xC3, 0x88, 0xBB,
    0xA2, 0x63, 0xAE, 0x52, 0x39, 0x80, 0x99, 0x03, 0x4D, 0xFC, 0x32, 0xFC, 0xB2, 0xE3, 0x17, 0xE6,
    0x67, 0x16, 0xC9, 0x0B, 0x08, 0xD6, 0x25, 0x15, 0x52, 0x67, 0xD3, 0xE2, 0x30, 0x8E, 0x77, 0xB1,
    0x89, 0xC3, 0x3D, 0xBD, 0x13, 0x43, 0x70, 0xF7, 0xA4, 0xC9, 0x83, 0xBB, 0x10, 0x47, 0x0E, 0xB6,
    0xB2, 0xBA, 0x0B, 0xFE, 0x2C, 0x6B, 0x96, 0x30, 0x4B, 0xDE, 0x59, 0xC2, 0x0F, 0xE2, 0xE0, 0x72,
    0x18, 0x73, 0x47, 0x46, 0x0A, 0x1A, 0xCB, 0xD3, 0x38, 0xDE, 0xF5, 0xB0, 0xB5, 0x57, 0x57, 0x0B,
    0xF9, 0x1F, 0xD1, 0x3F, 0x94, 0x64, 0x31, 0x75, 0xCC, 0xA3, 0x4D, 0xD9, 0xE1, 0xB3, 0x15, 0xE4,
    0xC2, 0xF6, 0x3A, 0x17, 0xC2, 0xE3, 0xE2, 0xE3, 0x4C, 0x9A, 0xD5, 0x89, 0xC8, 0xBA, 0x92, 0xFE,
    0xA0, 0x36, 0xE6, 0xD8, 0x04, 0x7F, 0x2C, 0xAB, 0xC7, 0xAC, 0x0D, 0x83, 0x73, 0x96, 0x9F, 0x40,
    0xF9, 0x49, 0x76, 0xE7, 0x3F, 0x4B, 0x26, 0xFA, 0xBC, 0x2D, 0x5F, 0xA8, 0x39, 0xBA, 0x04, 0x26,
    0x36, 0xC0, 0x61, 0xF0, 0xDC, 0xC0, 0xFB, 0xB2, 0x18, 0xCB, 0x01, 0x1B, 0x76, 0xB4, 0x19, 0xB2,
    0x57, 0x43, 0x97, 0x23, 0x16, 0x5B, 0xBE, 0xED, 0x3A, 0x57, 0x3C, 0xB0, 0xA4, 0x72, 0xA7, 0x03,
    0x8E, 0x59, 0x03, 0x48, 0x59, 0xC7, 0x9A, 0xE9, 0x15, 0x99, 0x49, 0x89, 0xD3, 0x5C, 0x1E, 0x37,
    0xD4, 0x45, 0xF9, 0x8C, 0xF1, 0x78, 0xC7, 0x3D, 0x8E, 0xDA, 0x93, 0x3E, 0xE5, 0xAA, 0x63, 0xCA,
    0x15, 0x74, 0xC1, 0xA6, 0x90, 0xF2, 0x96, 0xC6, 0xB3, 0xF2, 0xCD, 0x2A, 0x7E, 0x7B, 0x2F, 0xE9,
    0xE1, 0xEE, 0x93, 0xC5, 0xF3, 0x0D, 0x1D, 0x80, 0xC7, 0xB4, 0xA5, 0x3F, 0xD6, 0x78, 0x4E, 0xBB,
    0x3C, 0xDB, 0xCD, 0x63, 0xB2, 0x04, 0x6C, 0xDB, 0x7E, 0xB9, 0x41, 0x0F, 0x01, 0xD4, 0x9C, 0xCD,
    0x99, 0xE6, 0x45, 0x43, 0xF7, 0xFF, 0x81, 0x81, 0x8E, 0x50, 0x9E, 0x9F, 0xA0, 0xDD, 0x06, 0xE6,
    0x5C, 0xA2, 0x46, 0x12, 0x11, 0x48, 0x46, 0x6B, 0xC7, 0x0C, 0x56, 0x24, 0xBC, 0xC3, 0x41, 0x0E,
    0xCC, 0xB1, 0x70, 0x67, 0xFB, 0x92, 0x04, 0xCB, 0x6E, 0xAB, 0x06, 0x67, 0xF6, 0x3D, 0xA4, 0x4E,
    0xFA, 0x8A, 0xCE, 0x42, 0x2B, 0x8C, 0x30, 0x17, 0xF3, 0x9F, 0x53, 0x6E, 0xD4, 0xFE, 0xA1, 0x78,
    0xF0, 0xE6, 0x2E, 0x3E, 0xF8, 0x16, 0xC3, 0xBA, 0x65, 0x42, 0xE1, 0xFB, 0x43, 0xAA, 0xB5, 0xE7,
    0x08, 0x73, 0x5B, 0x0A, 0xED, 0xA3, 0xDE, 0xBA, 0xBA, 0x31, 0xF4, 0x59, 0xF9, 0xD9, 0xEE, 0x93,
    0x5A, 0x62, 0xE7, 0x83, 0x56, 0x3A, 0xC9, 0xBE, 0x36, 0xA8, 0x88, 0x16, 0x7D, 0xB1, 0x90, 0xC7,
    0x9B, 0x72, 0xF9, 0xED, 0x3D, 0x8D, 0x69, 0x60, 0x42, 0x50, 0xA8, 0x8A, 0x70, 0x50, 0x03, 0x48,
    0x40, 0xA4, 0xF4, 0x0B, 0x52, 0x18, 0x30, 0x0A, 0x15, 0x3A, 0x9A, 0x21, 0x53, 0x25, 0x32, 0xF0,
    0x11, 0x3D, 0x31, 0x52, 0xA9, 0x9B, 0x62, 0x71, 0xBE, 0x73, 0x8B, 0x8F, 0x14, 0x3D, 0x3F, 0xEB,
    0xF3, 0x44, 0xF3, 0x4A, 0xA9, 0x60, 0x38, 0x71, 0xD9, 0xF3, 0xB5, 0x2F, 0x14, 0xCD, 0x7E, 0x5A,
    0xF1, 0x1C, 0x32, 0xB3, 0xE1, 0x35, 0x82, 0x61, 0xA2, 0x70, 0x44, 0x65, 0x7D, 0x06, 0x69, 0xBA,
    0xE8, 0x43, 0xDA, 0x3A, 0xAB, 0xF4, 0xCB, 0xFA, 0xC2, 0x2B, 0xF3, 0xC1, 0xF5, 0x8F, 0x1E, 0x1E,
    0xDC, 0x6F, 0x83, 0x68, 0x49, 0xFB, 0xD3, 0xEC, 0x5C, 0xCF, 0x11, 0xE5, 0x1B, 0x66, 0x6A, 0x75,
    0xC1, 0x83, 0x27, 0x43, 0xE6, 0xE9, 0xD6, 0xAE, 0x25, 0xA2, 0xA7, 0x85, 0x8C, 0x5C, 0xFC, 0x39,
    0x15, 0x76, 0xB0, 0xA0, 0x04, 0xE4, 0x15, 0x10, 0x0F, 0xCF, 0x05, 0x73, 0xE6, 0x1F, 0xE0, 0x90,
    0xB6, 0x3C, 0xF2, 0x10, 0x8A, 0xB8, 0x8E, 0x19, 0x19, 0xA9, 0x58, 0x0B, 0x02, 0x45, 0x5F, 0xD0,
    0xC9, 0x10, 0x76, 0x8C, 0x52, 0x22, 0x6F, 0xA2, 0x63, 0x3D, 0x1F, 0xAD, 0xFA, 0xE3, 0x60, 0x09,
    0x9C, 0x6B, 0x89, 0xE2, 0x4E, 0x49, 0xE0, 0xB2, 0x70, 0x29, 0x0F, 0x89, 0xAE, 0x73, 0x3F, 0xA5,
    0x73, 0x3E, 0x91, 0xC5, 0x6F, 0xCA, 0xB8, 0x97, 0xD7, 0x53, 0xF3, 0x77, 0xDB, 0x6A, 0xC6, 0xCE,
    0x2F, 0xF4, 0xDF, 0x05, 0x83, 0x3D, 0x2B, 0x97, 0x45, 0xA8, 0x8C, 0x8E, 0xE4, 0x22, 0x84, 0x00,
    0x78, 0x6F, 0x1F, 0xEF, 0x3B, 0xB5, 0x60, 0x9B, 0x65, 0x17, 0x59, 0xA2, 0x11, 0x46, 0xCB, 0xCA,
    0x13, 0xB2, 0x54, 0x7A, 0x8F, 0x52, 0x50, 0x98, 0xC9, 0xA8, 0xC4, 0x3C, 0xCB, 0x33, 0x56, 0xE6,
    0xBA, 0x46, 0xD9, 0x99, 0x4A, 0x5C, 0xA1, 0xB6, 0x89, 0x17, 0xCF, 0x4E, 0x1A, 0x89, 0xF9, 0x29,
    0x6F, 0x3B, 0x1B, 0xA6, 0xB0, 0xE2, 0xF5, 0x94, 0xD7, 0x60, 0xC3, 0x8A, 0x6D, 0xC0, 0x3A, 0xDD,
    0x9F, 0x77, 0x3E, 0x68, 0xE9, 0xE3, 0x95, 0x08, 0xB6, 0xD7, 0x34, 0xCA, 0x2A, 0x4B, 0x62, 0x61,
    0xD2, 0x07, 0xEB, 0x19, 0x59, 0x04, 0xA8, 0x48, 0xA9, 0xEC, 0xCE, 0xEC, 0xD5, 0x89, 0x14, 0x17,
    0xD3, 0xE3, 0x05, 0x64, 0xB8, 0xEA, 0xCF, 0xF9, 0x1B, 0x3C, 0x3B, 0xF5, 0x9E, 0x99, 0x4B, 0x53,
    0x4B, 0x6C, 0xB4, 0x58, 0xC0, 0xC1, 0x91, 0xD1, 0x66, 0x7F, 0xEA, 0x1D, 0xA7, 0xBE, 0xDC, 0x29,
    0x48, 0xFC, 0xF5, 0x9F, 0xFB, 0xEB, 0xA9, 0xF5, 0xE2, 0xEB, 0xB9, 0x98, 0x0C, 0xE7, 0x42, 0xA9,
    0x22, 0x93, 0x3A, 0xBF, 0x6F, 0x01, 0x24, 0x84, 0x69, 0xDE, 0x3F, 0x8B, 0x94, 0xEB, 0x19, 0xD1,
    0xFA, 0x5B, 0x22, 0xC9, 0xEB, 0x54, 0xB4, 0xB4, 0x74, 0xD7, 0xC8, 0xCA, 0x36, 0x70, 0xB5, 0x12,
    0x14, 0x3A, 0xC2, 0x75, 0xB8, 0x96, 0x96, 0xCE, 0x39, 0x5E, 0x9A, 0x02, 0x41, 0x86, 0xC7, 0xDA,
    0x75, 0x32, 0xF3, 0xB5, 0x3D, 0xA4, 0xF6, 0x5E, 0x7A, 0xF0, 0xF0, 0xFA, 0xD4, 0x52, 0xAC, 0x00,
    0xF2, 0x94, 0x89, 0x0F, 0xDE, 0x50, 0x9A, 0xA8, 0x7B, 0xD9, 0xAA, 0x31, 0x61, 0x49, 0x74, 0x56,
    0x9E, 0xEB, 0xC5, 0xD9, 0xE7, 0xFD, 0x51, 0x7D, 0xC3, 0x88, 0x60, 0xC0, 0xE0, 0x3F, 0x89, 0x06,
    0xB7, 0xEF, 0x3D, 0x50, 0xAD, 0x9C, 0x86, 0xC4, 0x2E, 0x63, 0x5B, 0xE8, 0xD7, 0xAE, 0x96, 0x0A,
    0x88, 0x81, 0x4C, 0x08, 0xF0, 0x60, 0x02, 0xC3, 0x9B, 0xBF, 0x48, 0xCF, 0x23, 0xB1, 0x22, 0x69,
    0x93, 0xF3, 0x6D, 0xD2, 0xA4, 0x4D, 0x32, 0x6A, 0xE9, 0xBD, 0x97, 0x72, 0x94, 0x4C, 0x49, 0xDB,
    0xD2, 0x5F, 0x0A, 0x89, 0x0F, 0x1D, 0xA6, 0xAC, 0xD6, 0x05, 0xA0, 0x6C, 0x1A, 0xD8, 0x96, 0x2A,
    0xC3, 0x1F, 0xD1, 0xBF, 0xD9, 0x98, 0x96, 0xA0, 0xE2, 0x7D, 0x31, 0xF3, 0x7D, 0x0B, 0xF9, 0x92,
    0x8E, 0x9A, 0x4F, 0x67, 0x87, 0x9B, 0x90, 0x9C, 0x79, 0x9B, 0x1F, 0xF8, 0xB9, 0x28, 0x9C, 0x5E,
    0x31, 0xB1, 0x5B, 0xD0, 0x05, 0x42, 0x83, 0xE0, 0xB4, 0xB2, 0x4B, 0xF8, 0x5C, 0x75, 0xEA, 0xF7,
    0xD6, 0x29, 0x79, 0xA3, 0x1D, 0x24, 0x3D, 0x16, 0xE1, 0xF1, 0x3B, 0xC3, 0xFC, 0x54, 0xE6, 0x09,
    0x56, 0xC2, 0x69, 0x21, 0xB3, 0xB2, 0xC2, 0x26, 0x1E, 0x12, 0xD9, 0xAE, 0xCC, 0x13, 0x5F, 0xAF,
    0x7F, 0xCE, 0x9A, 0xFE, 0x39, 0x95, 0x23, 0x5B, 0x8D, 0xAF, 0x3B, 0xA9, 0xC0, 0x58, 0xE5, 0xE1,
    0xCE, 0xC8, 0x0A, 0xA2, 0x83, 0xAB, 0x0A, 0xA2, 0x99, 0x33, 0x6F, 0xA5, 0xD6, 0x1B, 0x4E, 0x98,
    0x64, 0x84, 0x50, 0x50, 0x8C, 0xFF, 0x80, 0x19, 0x5B, 0x24, 0xED, 0x4C, 0x07, 0x0F, 0xF2, 0xE0,
    0xDA, 0x37, 0x49, 0xC7, 0xE7, 0xB2, 0x76, 0x1F, 0x38, 0x82, 0x1A, 0xE3, 0x5A, 0x2E, 0xE7, 0xFE,
    0x0D, 0x3D, 0x2F, 0x8C, 0x6A, 0x25, 0xF1, 0x7E, 0x0D, 0x76, 0x5E, 0xFE, 0x1D, 0x0B, 0xF5, 0x49,
    0xD8, 0x90, 0x04, 0xFF, 0xB0, 0xD8, 0x17, 0xD5, 0x5F, 0x3B, 0x4C, 0xD7, 0xDF, 0x6B, 0x3E, 0xAD,
    0x4F, 0xEF, 0x85, 0x5E, 0x7A, 0x07, 0x66, 0x6A, 0xFD, 0x45, 0xE4, 0xC7, 0xE0, 0xF9, 0xD5, 0x1D,
    0x3A, 0x01, 0xD8, 0x8B, 0xBD, 0x63, 0x28, 0xD0, 0x6B, 0x85, 0xF9, 0x57, 0x60, 0xFC, 0x77, 0xCF,
    0x96, 0x05, 0x35, 0xE9, 0x17, 0x9F, 0x99, 0x3D, 0xB5, 0x05, 0x11, 0x93, 0x41, 0x5C, 0xDC, 0x1E,
    0x3C, 0xDD, 0xF3, 0x21, 0xEB, 0x51, 0x20, 0x81, 0x1E, 0x3A, 0xE0, 0xA6, 0x4F, 0x07, 0xDB, 0x6B,
    0x5B, 0x3E, 0xDA, 0x55, 0xA9, 0x5E, 0xE3, 0xDE, 0x3E, 0xF2, 0x8A, 0xE6, 0x9F, 0xAC, 0xF9, 0x80,
    0xE0, 0xA1, 0xE7, 0x81, 0x01, 0x83, 0x04, 0x72, 0xD8, 0x20, 0xA7, 0x7A, 0xF4, 0x37, 0xCC, 0x6A,
    0xFF, 0x97, 0x07, 0x82, 0xB0, 0xA0, 0x54, 0xFA, 0xBD, 0x68, 0x1A, 0x7C, 0x9C, 0x9F, 0xBD, 0x16,
    0x3E, 0xD8, 0x7B, 0x2A, 0xF3, 0x9E, 0x9F, 0xC5, 0x4F, 0xFE, 0x83, 0x1E, 0xFC, 0xE4, 0xDF, 0xD6,
    0x7B, 0x4D, 0xC6, 0x8D, 0x3F, 0xD6, 0x07, 0x5A, 0x56, 0x23, 0x75, 0xAA, 0x70, 0x04, 0x04, 0xD0,
    0xE8, 0x32, 0x45, 0xFA, 0x91, 0x6D, 0xF8, 0x88, 0xEE, 0xC2, 0x83, 0x3F, 0xBD, 0x62, 0x86, 0xFB,
    0x87, 0xB4, 0x4B, 0xFF, 0xFC, 0xF8, 0xED, 0x9E, 0x08, 0x81, 0x27, 0xC2, 0x6D, 0x57, 0xDF, 0xA5,
    0x97, 0xC4, 0xAC, 0x84, 0xBC, 0x22, 0xAF, 0xD6, 0x92, 0x69, 0xF7, 0xF6, 0x6A, 0x30, 0x91, 0x9B,
    0xF6, 0x36, 0xE5, 0xE9, 0xA1, 0x66, 0x6F, 0xE9, 0xD3, 0xBA, 0xC9, 0xD9, 0xB2, 0x0B, 0xF2, 0x42,
    0xF5, 0x78, 0x2C, 0x55, 0xBC, 0x4A, 0xA2, 0x7F, 0xE8, 0xCF, 0x1F, 0xDB, 0xE5, 0xAB, 0x94, 0xFB,
    0x86, 0xD6, 0x0E, 0xF4, 0x34, 0xF4, 0x9D, 0x43, 0x46, 0xFF, 0x2D, 0xF8, 0xF8, 0x3F, 0xA2, 0xFA,
    0x71, 0x1F, 0x5F, 0x94, 0xE9, 0x96, 0x16, 0xFE, 0x20, 0xD2, 0x4F, 0x01, 0x25, 0x9E, 0x69, 0x05,
    0xFB, 0x99, 0x54, 0x3C, 0x6A, 0xFB, 0xB5, 0x9F, 0x5A, 0xE9, 0x58, 0xB2, 0xAA, 0x45, 0x87, 0x06,
    0x21, 0xBB, 0x7C, 0x44, 0x72, 0x46, 0xB3, 0xE0, 0x2E, 0xBB, 0xA8, 0x7C, 0x70, 0xF9, 0x6D, 0x61,
    0x04, 0x67, 0x8C, 0xF8, 0x85, 0xA3, 0x6B, 0x6E, 0x47, 0x56, 0xB4, 0xC1, 0xC7, 0x40, 0x9F, 0x6A,
    0x64, 0x15, 0x6D, 0xAC, 0xB1, 0xE8, 0xAC, 0xD0, 0xC6, 0xB2, 0xF6, 0x27, 0x16, 0x0D, 0x2A, 0x17,
    0x96, 0xE0, 0x49, 0x90, 0xD5, 0x8E, 0x5F, 0x54, 0x15, 0xD2, 0x24, 0x55, 0x61, 0xDB, 0x39, 0x05,
    0x87, 0x5E, 0x37, 0x88, 0xF0, 0x33, 0x21, 0x82, 0xFC, 0x82, 0x8E, 0x6D, 0xB9, 0xB0, 0x8A, 0xB6,
    0xB6, 0x2F, 0x46, 0x52, 0xF2, 0xFE, 0x34, 0x50, 0xA5, 0x82, 0xE4, 0x07, 0x1C, 0x8A, 0x5F, 0x71,
    0x6F, 0xD1, 0x9D, 0x98, 0xF7, 0xC9, 0xD5, 0x9B, 0xC1, 0xEA, 0x7A, 0x6D, 0x03, 0xC2, 0xB5, 0xE4,
    0xFD, 0x71, 0xBD, 0x7B, 0xBE, 0xA6, 0x58, 0x7D, 0x5A, 0x41, 0x0C, 0x4C, 0x2A, 0x9C, 0xE6, 0xE4,
    0xE2, 0x33, 0x56, 0xE6, 0xB5, 0xCB, 0x7C, 0xF4, 0x38, 0x14, 0x70, 0x37, 0xA0, 0x18, 0x73, 0xD9,
    0xE7, 0x2D, 0xF9, 0x74, 0xA2, 0xAB, 0x9D, 0xF5, 0xEA, 0xD8, 0x31, 0x91, 0x97, 0xB8, 0x99, 0x70,
    0xF8, 0x0B, 0xC0, 0x8C, 0x5F, 0xBF, 0xB0, 0x40, 0xA2, 0xC3, 0x37, 0x9C, 0xAA, 0x2D, 0x1B, 0x18,
    0xE9, 0xBF, 0x53, 0x29, 0xB7, 0x4E, 0x65, 0x6E, 0x3D, 0x84, 0x78, 0x66, 0x08, 0x1A, 0x0C, 0x53,
    0xDB, 0x95, 0x8C, 0xA4, 0xFD, 0x03, 0xDD, 0x31, 0x0A, 0xC5, 0xEE, 0x43, 0x93, 0x9C, 0xFF, 0xDE,
    0x97, 0x08, 0xA9, 0x5A, 0x88, 0x19, 0x10, 0xCC, 0x61, 0x9D, 0x7B, 0x47, 0x35, 0x1F, 0x39, 0xC2,
    0x6A, 0x26, 0x39, 0x33, 0xE4, 0x4E, 0x0B, 0x12, 0x26, 0xA4, 0x12, 0xBE, 0xAD, 0x02, 0xC2, 0x4A,
    0x20, 0x3A, 0x79, 0x3A, 0x83, 0xEF, 0x75, 0x4F, 0x5C, 0x15, 0xCF, 0x23, 0x5C, 0x42, 0x9E, 0xF2,
    0x8C, 0x6B, 0x64, 0xDE, 0x11, 0xA2, 0xB9, 0xBA, 0x32, 0xDE, 0x9C, 0x74, 0x8C, 0xCD, 0xFB, 0x04,
    0x53, 0xAB, 0x75, 0xCA, 0xE5, 0x42, 0x8C, 0x3A, 0xD5, 0x5E, 0x2D, 0xC5, 0x1F, 0xAC, 0x67, 0x16,
    0xED, 0xA6, 0xF2, 0x40, 0xF7, 0x63, 0x7A, 0x91, 0xDE, 0xD6, 0xC9, 0x3B, 0xAF, 0xA8, 0xE2, 0x89,
    0x40, 0x14, 0xD5, 0xD7, 0x4D, 0x5F, 0x67, 0x98, 0xD7, 0x77, 0x49, 0x55, 0xDE, 0x2E, 0x37, 0xF3,
    0xE7, 0xD6, 0x2B, 0x94, 0xAD, 0x76, 0x68, 0x22, 0x63, 0xBF, 0x14, 0x84, 0xDD, 0xD8, 0xB9, 0x07,
    0x80, 0xD0, 0x3D, 0x46, 0x8E, 0xF9, 0x13, 0x64, 0x1F, 0xBB, 0xA7, 0xE8, 0x96, 0xA9, 0xE9, 0x09,
    0x2F, 0x94, 0x73, 0x7C, 0x65, 0x96, 0x58, 0x15, 0x91, 0xD3, 0xE2, 0xC5, 0x3E, 0xC6, 0x60, 0xFE,
    0x23, 0x13, 0x66, 0x26, 0xEC, 0x5B, 0x52, 0xB6, 0xE6, 0x89, 0x4D, 0xDB, 0x3F, 0xAC, 0x69, 0x3B,
    0xD7, 0x66, 0x77, 0xC9, 0xEC, 0x12, 0x5A, 0x29, 0x2F, 0xED, 0x1E, 0x8D, 0x1E, 0x03, 0x25, 0x2B,
    0x5C, 0xF8, 0x90, 0x48, 0xB0, 0xE8, 0x47, 0xB3, 0x7B, 0xE2, 0xAB, 0x2B, 0x9B, 0x56, 0x6B, 0x9A,
    0x3E, 0x79, 0xA9, 0x76, 0x4F, 0x88, 0xA1, 0x1C, 0x84, 0x3F, 0xDF, 0xB5, 0x93, 0x3E, 0x52, 0x3D,
    0xF5, 0xA1, 0x9D, 0x33, 0x35, 0x19, 0x24, 0xEE, 0x8E, 0xA9, 0xE0, 0x41, 0xDB, 0x3B, 0x5F, 0xD9,
    0xDE, 0x0F, 0x0A, 0xD5, 0x56, 0x7D, 0xD1, 0xAE, 0x60, 0xB9, 0x8D, 0xA4, 0x9E, 0x56, 0x63, 0xAE,
    0x44, 0xAB, 0x9E, 0x3E, 0x78, 0x8D, 0x0A, 0xAD, 0xB0, 0xBC, 0x7C, 0x4A, 0xC5, 0x0B, 0xED, 0x27,
    0x59, 0xCD, 0xEE, 0xB6, 0x02, 0xD1, 0x9D, 0x06, 0x10, 0x27, 0xEF, 0xD0, 0x7D, 0x75, 0x02, 0xBF,
    0xC7, 0x61, 0x20, 0xEE, 0x23, 0x59, 0xBF, 0xD7, 0x3D, 0x1E, 0x28, 0x1C, 0xFB, 0x21, 0xC1, 0xE7,
    0x4F, 0x36, 0x7B, 0x38, 0x18, 0x8F, 0x06, 0x43, 0xD5, 0xF7, 0xC5, 0x52, 0x09, 0xBA, 0x89, 0xBC,
    0x31, 0xF4, 0x74, 0x5B, 0x5D, 0x89, 0x53, 0xA9, 0xA9, 0x0C, 0x8C, 0x40, 0x51, 0xFC, 0x50, 0x75,
    0x44, 0x98, 0x3D, 0x53, 0x1E, 0x11, 0xD1, 0xE8, 0xFA, 0xDD, 0xDE, 0x47, 0x30, 0x34, 0x52, 0xA9,
    0x52, 0x34, 0x53, 0x71, 0x23, 0x13, 0xA2, 0x09, 0xB8, 0x96, 0x41, 0x5F, 0x3B, 0x27, 0x89, 0x0C,
    0x3F, 0xE7, 0x29, 0x66, 0xAA, 0xC4, 0xCB, 0x90, 0xCE, 0x31, 0xDA, 0x57, 0xA7, 0x86, 0xBD, 0x02,
    0x5C, 0x20, 0x67, 0x2A, 0xE7, 0xBB, 0x61, 0x1A, 0x0C, 0xD3, 0x75, 0xC6, 0xF3, 0x5C, 0x89, 0x40,
    0xC9, 0x5C, 0x19, 0xD6, 0x7E, 0xED, 0x77, 0x63, 0xBA, 0xCF, 0x32, 0xEE, 0x4D, 0xA7, 0x90, 0x22,
    0x45, 0x34, 0x6F, 0x59, 0xF1, 0x3A, 0x85, 0xCD, 0x9A, 0xA9, 0xC0, 0x1B, 0x8B, 0x3A, 0x72, 0x8E,
    0xF9, 0xD0, 0x48, 0xF3, 0xFD, 0x12, 0x4C, 0x6A, 0x38, 0x80, 0x6B, 0xF5, 0x90, 0xA9, 0x12, 0xDF,
    0x4C, 0xA6, 0x92, 0x0E, 0x44, 0x96, 0x6C, 0x71, 0xDC, 0x2A, 0x9E, 0xCA, 0xA9, 0xF5, 0xC3, 0x6A,
    0x9C, 0xAF, 0x7E, 0xBA, 0xE4, 0xAC, 0xF6, 0xF9, 0x80, 0xF3, 0xD6, 0x7F, 0xF9, 0xAB, 0x2E, 0xB7,
    0x1E, 0x0F, 0xF7, 0x9A, 0x29, 0xC3, 0x7C, 0x75, 0xDF, 0xE2, 0x26, 0xB2, 0x0A, 0xF4, 0x09, 0x7D,
    0xBE, 0x2A, 0xF3, 0x69, 0xC6, 0x96, 0xFD, 0x6F, 0xB9, 0x9C, 0x34, 0xC9, 0x64, 0xCC, 0xA1, 0xE4,
    0x63, 0x19, 0x96, 0xA8, 0x40, 0xBF, 0x04, 0x6B, 0x5A, 0x49, 0x47, 0xCB, 0x1E, 0x14, 0x0C, 0xC2,
    0x72, 0x78, 0x70, 0xEE, 0x2A, 0x15, 0xF7, 0xF4, 0x55, 0xBA, 0x2E, 0x50, 0x6E, 0xC8, 0xA1, 0xA9,
    0x3A, 0xC1, 0xC0, 0x2B, 0x89, 0xC4, 0xCC, 0x26, 0xFE, 0xBF, 0x00, 0xEF, 0x41, 0x39, 0x6E, 0xF7,
    0x32, 0x4F, 0x0C, 0x48, 0x57, 0x61, 0x8F, 0x0E, 0x53, 0xD3, 0x5E, 0xD3, 0x15, 0xC6, 0xAD, 0x7F,
    0x69, 0xE9, 0xDB, 0x57, 0xC0, 0x19, 0x56, 0xF7, 0xB5, 0xF6, 0xC6, 0xC7, 0x3F, 0x98, 0x9B, 0x2B,
    0xA6, 0xBC, 0x6F, 0xC6, 0x07, 0x28, 0x70, 0x64, 0x02, 0x38, 0x5C, 0xAD, 0xE1, 0x82, 0xA9, 0xDD,
    0x48, 0x3C, 0x21, 0x78, 0x9D, 0xC0, 0x32, 0x28, 0xCF, 0xD4, 0x09, 0x8A, 0x12, 0x3A, 0x02, 0xB4,
    0xB4, 0x56, 0x4A, 0x95, 0xA8, 0x76, 0xDB, 0x50, 0xE8, 0x33, 0x28, 0xEA, 0xA1, 0xD6, 0xDE, 0x9F,
    0xE4, 0xE8, 0x4C, 0xDB, 0xA7, 0x0B, 0xF4, 0x0A, 0xEC, 0xC1, 0x1E, 0x30, 0x6D, 0x58, 0x33, 0x1C,
    0x55, 0xE8, 0x2A, 0x2B, 0x78, 0xD2, 0x8C, 0xA8, 0x89, 0x82, 0x73, 0x3E, 0xB5, 0xA6, 0xEF, 0x47,
    0x44, 0x22, 0xDF, 0x51, 0x72, 0x81, 0xFA, 0x90, 0x74, 0xDE, 0xEB, 0x17, 0x0B, 0x06, 0xD2, 0x8D,
    0x02, 0x5D, 0xF0, 0x0C, 0xFF, 0x29, 0x3F, 0x0D, 0xBD, 0x0F, 0xF8, 0x60, 0x55, 0xA6, 0xF0, 0x00,
    0x28, 0x20, 0x22, 0x3D, 0x1A, 0x0D, 0xAE, 0xD3, 0x1F, 0xB5, 0xFD, 0xF9, 0x95, 0xD2, 0x9C, 0x74,
    0xA0, 0x6E, 0xD9, 0xC4, 0x73, 0x80, 0x76, 0x78, 0xF2, 0xC3, 0x56, 0x5C, 0xDB, 0xCA, 0x73, 0xC4,
    0xF5, 0x3E, 0xA9, 0x0D, 0xAF, 0x6E, 0x83, 0x19, 0x8C, 0xAE, 0x0F, 0x70, 0x9E, 0x32, 0x76, 0x92,
    0x55, 0x39, 0x52, 0x32, 0x0E, 0x28, 0x30, 0xE3, 0xAD, 0x4A, 0x86, 0x65, 0xF0, 0x1B, 0x6E, 0x57,
    0x66, 0x1B, 0x1C, 0x35, 0xCC, 0x41, 0x48, 0x0C, 0xCC, 0x31, 0xB6, 0x33, 0x3C, 0x39, 0xA3, 0x43,
    0x7C, 0xE2, 0x9F, 0xEA, 0x14, 0x5B, 0x19, 0x82, 0x4A, 0xF1, 0x93, 0x79, 0xAC, 0x7E, 0x48, 0xB3,
    0xC4, 0x4E, 0xF2, 0x61, 0x3B, 0xCA, 0xB3, 0xA0, 0x0F, 0x04, 0xE3, 0xF2, 0xA6, 0x95, 0x6D, 0xD6,
    0xBE, 0x1F, 0x81, 0xF7, 0xBF, 0xAB, 0xB2, 0xD5, 0x59, 0xB9, 0xA2, 0xA2, 0xBB, 0x24, 0x4B, 0xAA,
    0x98, 0x8F, 0x32, 0x93, 0x20, 0x60, 0x63, 0xB8, 0x1E, 0x20, 0x61, 0x47, 0x3E, 0x8F, 0xC3, 0x3A,
    0x8A, 0x69, 0xC2, 0x7D, 0xD5, 0x87, 0x57, 0xF0, 0xB8, 0x4C, 0x57, 0xED, 0x63, 0xE2, 0xF4, 0x1D,
    0x18, 0x72, 0x28, 0x27, 0x47, 0x0D, 0x88, 0x1B, 0xBD, 0x0F, 0x1D, 0x14, 0x3F, 0x07, 0x1D, 0x94,
    0x30, 0xF6, 0x74, 0x98, 0x8B, 0x60, 0xB0, 0x85, 0x22, 0x3C, 0x91, 0xAF, 0x85, 0x21, 0x5F, 0x99,
    0xC6, 0xCC, 0x6E, 0x03, 0xB5, 0xE4, 0xC5, 0x62, 0x28, 0xBA, 0x1E, 0x77, 0xDC, 0x69, 0x4D, 0x5D,
    0xF7, 0xD0, 0x3A, 0xD5, 0xFB, 0x82, 0x29, 0x68, 0xEF, 0xF3, 0x54, 0xC8, 0x8A, 0xBC, 0xE3, 0x64,
    0xA0, 0x73, 0x9F, 0x33, 0xFC, 0x3A, 0x63, 0x90, 0x8D, 0x19, 0x88, 0x40, 0xD2, 0x4C, 0x2E, 0x00,
    0xE2, 0x8E, 0x16, 0xC2, 0xC5, 0xF1, 0xA2, 0xE6, 0x69, 0x19, 0x5F, 0x7A, 0x49, 0x7D, 0x97, 0x7E,
    0x7D, 0x5E, 0xB5, 0x2B, 0xEF, 0xBE, 0xA0, 0x9C, 0x8D, 0xF7, 0x96, 0xBE, 0xC9, 0x84, 0xEA, 0x0D,
    0xDF, 0xD6, 0x5E, 0x67, 0x3F, 0x33, 0x23, 0xEF, 0x45, 0xE9, 0xAA, 0xFC, 0xFF, 0x48, 0x71, 0x95,
    0xFF, 0x5B, 0xA6, 0x9E, 0x45, 0x80, 0x89, 0x94, 0x3A, 0x73, 0xF8, 0x81, 0xD0, 0xE8, 0x3C, 0x40,
    0x7A, 0x31, 0x64, 0x09, 0xB1, 0x00, 0x2A, 0x84, 0xA8, 0x93, 0x04, 0x41, 0x59, 0xB1, 0xF3, 0x0C,
    0x12, 0x54, 0xCE, 0xDE, 0x15, 0x2D, 0xFF, 0x3B, 0x9C, 0xD6, 0x8B, 0xF7, 0x10, 0x0D, 0x5C, 0x30,
    0x50, 0xEE, 0x96, 0xDE, 0xF1, 0x92, 0xFC, 0x1A, 0x6F, 0x4C, 0xDE, 0x7D, 0x0D, 0xEA, 0xF8, 0xDD,
    0xC7, 0x66, 0x3D, 0xC0, 0x8A, 0x95, 0xDE, 0x2D, 0x2F, 0x4F, 0x59, 0x0F, 0xA5, 0x52, 0xC6, 0x1E,
    0xCD, 0x0A, 0x7B, 0x7C, 0x7B, 0x79, 0x94, 0xEC, 0x81, 0x88, 0xB6, 0x56, 0x66, 0x9D, 0x1A, 0xC0,
    0x9B, 0x62, 0x8F, 0xF6, 0x37, 0xB3, 0x47, 0xB5, 0xC6, 0x1E, 0x85, 0xB1, 0xC7, 0xD4, 0xD8, 0xC3,
    0xBA, 0x6D, 0xA9, 0xC5, 0xC1, 0x2E, 0x7B, 0x34, 0xC6, 0x1E, 0xED, 0x30, 0x2D, 0xC2, 0x3E, 0x9F,
    0x54, 0x4A, 0x95, 0xB7, 0xA7, 0x7C, 0xB5, 0x2F, 0x52, 0xF6, 0x8D, 0xC1, 0x0E, 0xD0, 0x9D, 0x91,
    0x03, 0x94, 0x80, 0x21, 0xC2, 0xEB, 0xC0, 0x10, 0x8A, 0xCF, 0x01, 0xF7, 0x51, 0x44, 0x21, 0x0F,
    0xA6, 0x38, 0xC2, 0xA2, 0xAD, 0x33, 0xD3, 0x13, 0xA0, 0xC8, 0xD6, 0x5E, 0x34, 0xD4, 0x59, 0x12,
    0xDB, 0x3F, 0x05, 0xAD, 0xD2, 0x58, 0xC1, 0x95, 0xF6, 0x7A, 0x9E, 0x88, 0x8D, 0x66, 0x82, 0x2E,
    0xE9, 0x45, 0xEB, 0x95, 0x67, 0xE0, 0x26, 0xFB, 0xB5, 0xF9, 0x61, 0x1A, 0xDB, 0xF9, 0xDA, 0xFB,
    0x80, 0xC5, 0x00, 0xA5, 0x3F, 0x29, 0x95, 0xAF, 0x8C, 0x24, 0x03, 0x40, 0xBA, 0x12, 0xF2, 0x7D,
    0x85, 0x45, 0xB0, 0x8D, 0xF2, 0x13, 0x90, 0xDC, 0x04, 0xF5, 0x0D, 0xA8, 0x0D, 0x26, 0xC2, 0x3F,
    0x26, 0x70, 0xED, 0xBE, 0xDF, 0x1E, 0x26, 0xF3, 0xD7, 0x5B, 0x5A, 0xEC, 0xBE, 0x78, 0xB1, 0x15,
    0xF8, 0x8C, 0x1A, 0xCB, 0xCF, 0xB3, 0x05, 0x07, 0xC9, 0x3B, 0x56, 0x23, 0xA6, 0xE6, 0x2F, 0xF2,
    0x15, 0xB1, 0x30, 0x9A, 0xB3, 0x90, 0xF9, 0xC0, 0xAC, 0x6B, 0x55, 0x6B, 0x4E, 0x3F, 0x9A, 0x59,
    0x12, 0x2F, 0x87, 0x1E, 0x09, 0x89, 0x87, 0x0B, 0x43, 0x73, 0x84, 0x64, 0x66, 0x81, 0xCD, 0xD9,
    0x6E, 0x73, 0x84, 0xC6, 0xBA, 0x01, 0x0C, 0xCD, 0x11, 0x32, 0x4B, 0xCA, 0xCA, 0xD7, 0x9B, 0x23,
    0x5C, 0xD3, 0x2C, 0x79, 0xC3, 0xCC, 0x92, 0x79, 0xEF, 0x6C, 0x5A, 0x31, 0x44, 0x46, 0xEB, 0x17,
    0x93, 0x22, 0xE1, 0x60, 0x96, 0xF4, 0x36, 0x47, 0x56, 0x29, 0x83, 0x39, 0xEE, 0x4B, 0x18, 0x0A,
    0x5F, 0x99, 0x41, 0xC3, 0x43, 0x45, 0xF5, 0xB4, 0x07, 0x26, 0x32, 0x3C, 0x9A, 0xA1, 0x6E, 0xAA,
    0x52, 0xF9, 0x5A, 0xBC, 0xFC, 0x17, 0x78, 0x0F, 0xBA, 0xAD, 0x15, 0x72, 0x84, 0x04, 0xFB, 0xDB,
    0xFE, 0x7E, 0x12, 0xDE, 0x14, 0x55, 0xB7, 0x73, 0xF6, 0x4A, 0x25, 0x1F, 0x9D, 0xF6, 0x64, 0x53,
    0xF2, 0x2E, 0xE8, 0xC6, 0xE4, 0xE5, 0x8E, 0xFA, 0xBA, 0x35, 0xCA, 0xE1, 0x8D, 0x22, 0xDD, 0xA8,
    0xF5, 0xB4, 0x6B, 0x7A, 0xE2, 0xF5, 0xD4, 0xEB, 0xC9, 0xD7, 0xD3, 0x6F, 0x68, 0x44, 0xE3, 0x29,
    0xD8, 0x93, 0xB0, 0xA7, 0x61, 0x4F, 0xC4, 0x9E, 0x8A, 0x3D, 0x19, 0x3D, 0x1D, 0x7B, 0x42, 0xF6,
    0x94, 0x1C, 0x48, 0xA9, 0x00, 0xF0, 0x69, 0x85, 0x7F, 0x95, 0x26, 0x52, 0x9D, 0x13, 0x75, 0x4E,
    0x88, 0x3C, 0xC7, 0x45, 0x9F, 0x7D, 0x22, 0x90, 0x51, 0xC8, 0x48, 0x64, 0x34, 0x32, 0x22, 0x19,
    0x95, 0x8C, 0x4C, 0x46, 0x27, 0x12, 0xD7, 0x59, 0x8B, 0xB8, 0xA2, 0x77, 0x3B, 0xE4, 0x3E, 0xFB,
    0xC1, 0x1E, 0xBC, 0x61, 0x4A, 0x72, 0x80, 0xEF, 0x86, 0xDD, 0x7D, 0x33, 0x09, 0x2B, 0x4A, 0xEF,
    0x71, 0xFC, 0x00, 0x1F, 0x07, 0x34, 0x3F, 0x34, 0x29, 0xF0, 0x38, 0xB2, 0xED, 0xA1, 0x64, 0x43,
    0x34, 0x69, 0x40, 0x3B, 0x57, 0x56, 0x8D, 0xF2, 0x30, 0xE3, 0xA5, 0xEF, 0xBE, 0x11, 0x75, 0xBE,
    0x50, 0x3D, 0x72, 0xBE, 0x54, 0x5D, 0x0F, 0x88, 0x5C, 0x22, 0x17, 0xAC, 0x40, 0xCC, 0x37, 0x58,
    0x6B, 0xCE, 0x12, 0x7A, 0x94, 0xCD, 0xF7, 0x19, 0x3C, 0x7D, 0xBF, 0x02, 0xC2, 0xCD, 0xB9, 0x67,
    0x35, 0xB3, 0x29, 0x0C, 0x74, 0x2A, 0xD5, 0xC1, 0x42, 0xCF, 0x3D, 0xF4, 0x14, 0xCC, 0xAE, 0x57,
    0x5C, 0x02, 0x87, 0x94, 0x9C, 0x60, 0x5D, 0x9E, 0xAC, 0xDB, 0x9F, 0x8C, 0x5F, 0x8D, 0x81, 0x25,
    0x1A, 0xD2, 0xA4, 0xEF, 0x7C, 0x1A, 0x13, 0xB3, 0x1D, 0x41, 0x33, 0x86, 0x36, 0xE2, 0x05, 0xD3,
    0x98, 0x90, 0xCC, 0xC4, 0x98, 0xAF, 0xCB, 0xD4, 0x5D, 0x88, 0xD9, 0xE9, 0x48, 0x61, 0xAA, 0x68,
    0x7A, 0xB1, 0xB0, 0xE8, 0xCA, 0x2E, 0x0F, 0x63, 0x35, 0x03, 0x49, 0x55, 0x00, 0x97, 0x56, 0x6A,
    0xF8, 0xE4, 0x0C, 0x97, 0xEC, 0x86, 0x49, 0x53, 0xE3, 0x8C, 0x0B, 0x96, 0xBA, 0x72, 0xB4, 0x0F,
    0x80, 0x41, 0xD8, 0x68, 0x73, 0xD0, 0xB7, 0x85, 0xE6, 0x65, 0xC2, 0x5E, 0x08, 0xF0, 0x18, 0xB2,
    0xC9, 0x16, 0x22, 0xB7, 0xF8, 0x17, 0x00, 0x32, 0x63, 0xC8, 0x18, 0x99, 0x1C, 0x4E, 0xF1, 0x41,
    0xD8, 0xDC, 0xFF, 0x47, 0x39, 0x06, 0x47, 0x33, 0xE6, 0x94, 0xBE, 0x43, 0x63, 0x3E, 0x79, 0x8F,
    0x2C, 0x3E, 0x76, 0xEC, 0x44, 0xF2, 0xB6, 0x2B, 0x78, 0x9A, 0x1D, 0x1D, 0x4F, 0xFB, 0x0F, 0xB8,
    0x5D, 0xB8, 0x55, 0x58, 0x9B, 0x98, 0xD0, 0xE7, 0x4F, 0xC2, 0x89, 0xD0, 0x28, 0x75, 0xB4, 0xFC,
    0x4E, 0x95, 0x23, 0xF3, 0x81, 0xC9, 0x04, 0x49, 0x8B, 0x14, 0x8D, 0xB4, 0x71, 0xF7, 0x6B, 0x40,
    0xC6, 0xBA, 0x32, 0x36, 0xF2, 0xF3, 0x0B, 0x88, 0xE5, 0x97, 0x58, 0xC8, 0xDD, 0xC9, 0x4D, 0xA9,
    0x26, 0x38, 0xD3, 0x33, 0xC5, 0x8D, 0xF2, 0xBE, 0x8E, 0xF8, 0x8E, 0x18, 0x61, 0xE9, 0x93, 0xDB,
    0xBE, 0x9A, 0xD6, 0x62, 0x39, 0x43, 0x20, 0xDC, 0x00, 0x34, 0x87, 0x2F, 0xCF, 0xFB, 0xF7, 0xF9,
    0x64, 0xF9, 0x8F, 0xE9, 0x7D, 0xC5, 0xDF, 0xDA, 0x64, 0xCA, 0x7D, 0x53, 0xB9, 0xEA, 0x11, 0x0F,
    0x48, 0x98, 0x43, 0x02, 0x4F, 0xD5, 0x9E, 0x5C, 0xBD, 0xB6, 0xAE, 0x6A, 0x0D, 0x92, 0x40, 0x83,
    0xA3, 0x2D, 0x84, 0x5A, 0x83, 0xDC, 0x0D, 0x36, 0x53, 0x6B, 0x90, 0xE2, 0xCE, 0xF5, 0x06, 0x64,
    0x57, 0x37, 0x08, 0xF9, 0x98, 0x66, 0xF4, 0x86, 0x29, 0x13, 0xE7, 0x56, 0x1A, 0x16, 0x66, 0x2B,
    0x05, 0xF8, 0x87, 0x57, 0x3C, 0x84, 0x5B, 0x57, 0x7A, 0xDE, 0x0E, 0x3D, 0x11, 0x33, 0x2F, 0x01,
    0x29, 0x7D, 0x5D, 0xC2, 0xA4, 0x93, 0xF7, 0xDD, 0xD7, 0xC1, 0x6B, 0xEE, 0xFB, 0x2C, 0x6C, 0x8B,
    0x51, 0xBE, 0x07, 0x6C, 0x30, 0x5E, 0xD2, 0xA5, 0xC2, 0x18, 0x5D, 0x27, 0x19, 0xED, 0xB3, 0x1B,
    0x2C, 0xAD, 0xA1, 0xB5, 0xCA, 0x14, 0x64, 0x37, 0xA8, 0x32, 0x45, 0x7F, 0xCD, 0x2C, 0x13, 0x82,
    0x05, 0x4D, 0x51, 0xB7, 0x9F, 0x07, 0x23, 0x72, 0x73, 0x2B, 0xB9, 0x9B, 0xAF, 0x59, 0x2F, 0xED,
    0xAA, 0xE6, 0x18, 0x37, 0x2B, 0xCD, 0x37, 0x7C, 0xBB, 0x8D, 0xE0, 0xDF, 0xB3, 0xC1, 0x9D, 0x9A,
    0x9D, 0x9C, 0x82, 0x67, 0x1D, 0x87, 0x21, 0x34, 0xC5, 0x67, 0xCD, 0xC7, 0x94, 0x7F, 0x67, 0xCD,
    0x4E, 0x36, 0x87, 0x66, 0x27, 0x65, 0x25, 0xD4, 0x76, 0x5E, 0xFE, 0x8C, 0xBF, 0x55, 0x97, 0x8F,
    0x0B, 0x41, 0x9F, 0x96, 0xF6, 0x1B, 0xBA, 0xC6, 0x09, 0x01, 0xDD, 0xA1, 0x56, 0x2B, 0x13, 0xD1,
    0x13, 0x91, 0xE5, 0x87, 0xE8, 0xEB, 0xF4, 0x4E, 0x31, 0x96, 0x06, 0x72, 0x98, 0xF0, 0x78, 0x6F,
    0xD2, 0x53, 0x79, 0x98, 0x07, 0xE5, 0x04, 0xC9, 0xCE, 0x7C, 0x1C, 0xAA, 0x21, 0x59, 0x8D, 0x8E,
    0x88, 0xC3, 0xFD, 0x49, 0x20, 0x4F, 0x9F, 0x0F, 0x6D, 0xE7, 0x43, 0x12, 0xCC, 0xD0, 0x34, 0x35,
    0x58, 0x09, 0x14, 0xBC, 0x41, 0x26, 0x50, 0x12, 0xD7, 0x75, 0x5D, 0xB0, 0x35, 0x72, 0x55, 0xD8,
    0x65, 0xCF, 0x76, 0x2F, 0xA7, 0x3F, 0xBB, 0x05, 0xAB, 0xB1, 0xDC, 0x21, 0xC7, 0x8C, 0x96, 0x0F,
    0x5A, 0x30, 0x36, 0x7B, 0xE9, 0x3B, 0xB5, 0x8C, 0xD5, 0x8C, 0xA9, 0x52, 0xF3, 0x62, 0x57, 0x47,
    0xD6, 0xA1, 0x67, 0x6C, 0x9D, 0x5A, 0x04, 0xDE, 0x26, 0xF3, 0x73, 0x56, 0xB8, 0xD4, 0xAE, 0x94,
    0x31, 0x45, 0x7D, 0xA7, 0x16, 0xCB, 0x82, 0x34, 0x5D, 0x97, 0xDA, 0xDF, 0x4E, 0x28, 0xF7, 0x7C,
    0x64, 0x9D, 0x5A, 0x50, 0x84, 0x6C, 0x2D, 0xB8, 0x24, 0x69, 0x4E, 0x08, 0xD4, 0xC2, 0x98, 0x64,
    0x8B, 0x5F, 0x18, 0xAD, 0xDB, 0xD0, 0x11, 0x19, 0x3B, 0xB5, 0x5C, 0xCB, 0xF4, 0x89, 0xD7, 0x2F,
    0x6B, 0x16, 0x90, 0x15, 0xDA, 0x85, 0x8F, 0xC3, 0x02, 0x61, 0xE4, 0x8D, 0x99, 0x65, 0x09, 0x61,
    0x77, 0x32, 0x67, 0xEF, 0x88, 0x4E, 0x8D, 0x33, 0x8A, 0xD5, 0xDA, 0x71, 0xFD, 0x33, 0x21, 0x2B,
    0x1C, 0xE6, 0x36, 0x9C, 0x65, 0x1A, 0x00, 0xB3, 0x70, 0x11, 0x3E, 0x04, 0xD2, 0x9D, 0xAA, 0x12,
    0x2E, 0x48, 0x06, 0xD3, 0x67, 0x70, 0xA3, 0x9A, 0xE9, 0x33, 0x33, 0xD3, 0x87, 0x82, 0xE6, 0x22,
    0x26, 0x4B, 0x51, 0x83, 0xDE, 0xAE, 0x75, 0xF2, 0x88, 0x0B, 0x99, 0x96, 0x9E, 0x02, 0x6B, 0x33,
    0x47, 0xFD, 0x6E, 0x18, 0x61, 0xEC, 0x1F, 0x70, 0x17, 0x40, 0x0E, 0x9B, 0x2A, 0x58, 0x77, 0xB0,
    0xC6, 0x04, 0x0B, 0x81, 0x0A, 0x45, 0x0B, 0x15, 0x26, 0x8F, 0x44, 0xE9, 0xD3, 0xE2, 0x7C, 0x0B,
    0x03, 0x71, 0xA8, 0x9A, 0x57, 0x4D, 0x75, 0xB5, 0x4C, 0xD1, 0xC6, 0x96, 0x90, 0xD5, 0x46, 0xF1,
    0xBC, 0x32, 0x79, 0x55, 0x56, 0xA6, 0xEC, 0x2C, 0xD7, 0x51, 0x5E, 0x12, 0xE6, 0x08, 0x59, 0xF6,
    0x9C, 0x57, 0xBB, 0x3E, 0x97, 0xA9, 0xA7, 0x66, 0x6F, 0x49, 0xF6, 0xA6, 0xE4, 0x40, 0xC9, 0x95,
    0xB8, 0xCB, 0x1D, 0xA8, 0x6F, 0xBE, 0xE3, 0x24, 0xD1, 0x7E, 0xD6, 0x1C, 0x49, 0x5B, 0x78, 0x82,
    0xB6, 0x26, 0x2D, 0x4A, 0xC2, 0x8E, 0x67, 0x0D, 0x10, 0x33, 0x42, 0xF4, 0x47, 0xCB, 0xC2, 0x27,
    0x13, 0xE5, 0x1A, 0x4B, 0xEF, 0xA9, 0x32, 0x30, 0xA1, 0x44, 0x15, 0x85, 0x62, 0x5C, 0xF0, 0x3F,
    0x38, 0xFE, 0xEC, 0x95, 0x6E, 0x3F, 0x36, 0x97, 0x2C, 0x97, 0xCF, 0x59, 0x3A, 0x85, 0x84, 0xB2,
    0xFD, 0x4F, 0xEF, 0xCA, 0x21, 0x13, 0x43, 0xCA, 0x30, 0xD7, 0xD6, 0x04, 0x89, 0xF5, 0xA3, 0x79,
    0x82, 0x9A, 0x42, 0x8D, 0xE5, 0xD8, 0xB5, 0x67, 0xDC, 0xAD, 0xD4, 0x9B, 0x0C, 0x8D, 0x6E, 0x5A,
    0xDF, 0xCE, 0xD7, 0x9A, 0xF9, 0x0E, 0x8D, 0xBB, 0x99, 0x36, 0x88, 0x5B, 0x55, 0x42, 0x6C, 0x15,
    0x3B, 0x60, 0x90, 0xBE, 0x7F, 0x34, 0xBD, 0xAA, 0xA9, 0x55, 0xB8, 0x2A, 0xFD, 0x35, 0x9E, 0x61,
    0xA4, 0x70, 0xE4, 0x0B, 0x45, 0xCC, 0x3B, 0x63, 0xCE, 0x7D, 0xE3, 0x40, 0xF3, 0x4C, 0x19, 0x1B,
    0xC6, 0xC5, 0x0A, 0xB8, 0x46, 0xF3, 0x10, 0xDA, 0x8E, 0x9D, 0xF9, 0xF0, 0x0C, 0x61, 0xD3, 0x64,
    0xED, 0x8B, 0x28, 0x50, 0x18, 0x08, 0xCE, 0x29, 0x09, 0xB0, 0xDE, 0xC3, 0x8D, 0x9E, 0xD0, 0xCE,
    0x45, 0x43, 0x4E, 0x5C, 0xBC, 0xDC, 0xE7, 0x4F, 0xE5, 0x48, 0x7C, 0x76, 0x05, 0xB8, 0xE6, 0x14,
    0x04, 0xAE, 0x25, 0x9F, 0x47, 0xA7, 0x3F, 0x62, 0x57, 0xA0, 0xDB, 0x44, 0xAC, 0xBB, 0x44, 0xAC,
    0x2D, 0x75, 0x05, 0xFA, 0x9A, 0xBA, 0x02, 0x7D, 0x55, 0x5D, 0x81, 0xDC, 0x4A, 0x57, 0xA0, 0x99,
    0x84, 0x64, 0xA3, 0x0E, 0xBC, 0xB5, 0x0A, 0x0F, 0x64, 0xA3, 0x86, 0xCF, 0x5D, 0xB3, 0x2B, 0xD0,
    0x87, 0xD4, 0x86, 0xFE, 0x21, 0x5D, 0xDD, 0xBF, 0x60, 0x6D, 0xE8, 0x2B, 0x3C, 0xE0, 0xAE, 0xAF,
    0x0D, 0xFD, 0x1E, 0xF3, 0x7C, 0xA3, 0xC7, 0xE8, 0xBB, 0xFF, 0xE6, 0xB5, 0x6B, 0x43, 0x03, 0x33,
    0x6C, 0x94, 0x80, 0xEC, 0x9F, 0xFC, 0x60, 0x85, 0xCC, 0x80, 0x00, 0xF2, 0x23, 0xAD, 0x65, 0x24,
    0x7B, 0xB0, 0x5C, 0x0A, 0x7D, 0xF7, 0xE3, 0xCA, 0x3A, 0x37, 0x8B, 0x37, 0x2B, 0xEB, 0xDA, 0x2C,
    0xD0, 0x4B, 0x23, 0x60, 0x74, 0xA5, 0x2F, 0xF5, 0x8D, 0x09, 0x99, 0x4B, 0xCD, 0xA1, 0x4C, 0x84,
    0xED, 0x5A, 0xD5, 0xF5, 0x35, 0x34, 0xC7, 0xBD, 0xE4, 0xE7, 0x09, 0x3F, 0xE1, 0xCF, 0x89, 0xED,
    0x6B, 0xB6, 0x7B, 0x2E, 0xC4, 0xF8, 0x43, 0xC1, 0xCC, 0x6E, 0x04, 0x27, 0xEC, 0xD6, 0xAA, 0xD5,
    0xD4, 0x62, 0x8B, 0x55, 0x33, 0x70, 0x30, 0xCC, 0x58, 0x19, 0x58, 0xAF, 0x07, 0x1B, 0xB7, 0x9D,
    0x35, 0xB8, 0x6B, 0xFA, 0x14, 0x27, 0xB1, 0x8F, 0x08, 0x4B, 0x3E, 0x19, 0x2F, 0x8E, 0xC8, 0x16,
    0x38, 0xA7, 0x2A, 0x98, 0x05, 0x2B, 0x18, 0xAB, 0xB2, 0xBC, 0x08, 0x9C, 0x3D, 0xB1, 0x76, 0x32,
    0xE5, 0x2F, 0x83, 0xA1, 0x73, 0xEE, 0xEA, 0x98, 0xF7, 0x0D, 0x72, 0x47, 0x81, 0xF5, 0x55, 0x03,
    0xD5, 0xEF, 0x29, 0x03, 0xBF, 0x2D, 0x12, 0xBE, 0x7D, 0xC0, 0x8E, 0xA5, 0x6B, 0xD4, 0x06, 0x78,
    0x13, 0x12, 0x56, 0xD9, 0x3F, 0x60, 0x72, 0x1F, 0xFC, 0xAA, 0x19, 0xEB, 0xA7, 0x33, 0xE6, 0x4C,
    0x4E, 0xDC, 0x3B, 0x44, 0x27, 0xEA, 0x64, 0xFB, 0xCB, 0xBE, 0x63, 0xA9, 0x14, 0x1A, 0xD8, 0xAA,
    0xA0, 0x83, 0x8C, 0x87, 0x4D, 0xE8, 0x6D, 0xB9, 0xDE, 0x05, 0xFF, 0x66, 0x2D, 0xCF, 0xBC, 0xDF,
    0xE6, 0xE2, 0xB5, 0x1E, 0x6B, 0x16, 0xB1, 0xF3, 0xE7, 0xB8, 0x5A, 0x3B, 0xC7, 0xD7, 0x97, 0x04,
    0x6E, 0xD9, 0xFF, 0x45, 0x79, 0x2D, 0xC9, 0x10, 0xC9, 0x39, 0xE8, 0x8B, 0x7E, 0x77, 0x4B, 0x2D,
    0x72, 0xB3, 0x8E, 0xAF, 0x59, 0xEF, 0xD6, 0xF7, 0x94, 0x9F, 0x7C, 0x70, 0x4F, 0xF9, 0xC0, 0x97,
    0xCE, 0x59, 0x2D, 0xC4, 0x6C, 0x1D, 0x68, 0x9E, 0xF5, 0x81, 0xED, 0xD1, 0xC2, 0x7B, 0xD5, 0x03,
    0x77, 0x66, 0x37, 0x87, 0x28, 0xB8, 0xAA, 0xAB, 0x68, 0xF0, 0x5B, 0xDF, 0x4C, 0x76, 0xE4, 0x8F,
    0x55, 0xEA, 0x53, 0xA7, 0x32, 0x0B, 0x30, 0xC0, 0xCB, 0xD8, 0xAC, 0xB6, 0x94, 0x5B, 0xAF, 0x78,
    0xB9, 0x65, 0xFA, 0xB7, 0x5C, 0x2F, 0x7F, 0xB4, 0xB9, 0xD7, 0x14, 0x5C, 0xF2, 0xD1, 0x25, 0x1F,
    0x5E, 0xEA, 0xFB, 0x96, 0x59, 0x80, 0xC9, 0x47, 0x98, 0x4C, 0x2C, 0x7A, 0xB9, 0x48, 0x46, 0x8A,
    0xAC, 0xA4, 0xC6, 0x94, 0xA2, 0x19, 0x59, 0x8A, 0x33, 0xB1, 0x3D, 0x2D, 0xC1, 0x5C, 0x64, 0xFD,
    0xC8, 0x2C, 0xD4, 0x34, 0x18, 0xFC, 0x3E, 0xD8, 0x64, 0x94, 0xFD, 0x48, 0x6E, 0x69, 0x24, 0x89,
    0x25, 0x1D, 0xB0, 0x22, 0xBA, 0x09, 0x31, 0x2F, 0x3B, 0x5A, 0x78, 0x79, 0xD9, 0x58, 0x24, 0xB5,
    0x5B, 0x51, 0xAA, 0xBB, 0x5F, 0x69, 0x90, 0xB0, 0x97, 0xC8, 0x84, 0x0D, 0xB3, 0x26, 0xF4, 0xA1,
    0x26, 0xD6, 0x15, 0x6A, 0x60, 0x30, 0xBA, 0xF5, 0x2E, 0xAB, 0xB4, 0x22, 0x14, 0x00, 0x63, 0x55,
    0x67, 0x63, 0x97, 0xDA, 0x42, 0x4E, 0x0A, 0x97, 0x4F, 0x0D, 0x6D, 0x98, 0x93, 0xE8, 0xA0, 0x89,
    0xF8, 0xBB, 0x0D, 0x2D, 0x6F, 0x19, 0x3C, 0x38, 0x6E, 0xF8, 0xC0, 0x3C, 0x0B, 0xA3, 0xC6, 0xBA,
    0x48, 0xD5, 0x62, 0xCE, 0xA8, 0x32, 0xD3, 0x99, 0xEA, 0x3D, 0xF8, 0xDD, 0x89, 0x8E, 0xEB, 0xC3,
    0x0B, 0xA1, 0xFE, 0x7C, 0x86, 0xF8, 0xD2, 0x29, 0x79, 0x92, 0xBD, 0x5E, 0x09, 0x9B, 0xD5, 0xA6,
    0x7E, 0x1E, 0x8B, 0xA5, 0x6B, 0xDD, 0xCD, 0x9F, 0x59, 0x61, 0xC5, 0x98, 0x18, 0x64, 0xC2, 0xF7,
    0x3E, 0xA4, 0xDE, 0x32, 0x5C, 0x03, 0x53, 0x1C, 0x43, 0xDF, 0x5B, 0x06, 0x12, 0x66, 0x9A, 0xFB,
    0xB6, 0x32, 0xB7, 0x73, 0xDE, 0x9A, 0x35, 0xE7, 0xFC, 0xA7, 0x67, 0x31, 0x5C, 0x86, 0xF0, 0xFC,
    0x7D, 0xB6, 0x86, 0x5E, 0xC2, 0x41, 0xAF, 0x4A, 0xA4, 0x3D, 0xB3, 0x75, 0x34, 0x51, 0xF5, 0x59,
    0x76, 0xD9, 0x2D, 0xE2, 0xE1, 0x0C, 0xCC, 0xC3, 0x39, 0x32, 0xA6, 0x0B, 0xBD, 0x5D, 0xD1, 0x49,
    0x43, 0xC6, 0xDE, 0x66, 0xE0, 0xC5, 0x5A, 0xE4, 0x05, 0x9D, 0x2F, 0x43, 0x7C, 0x5B, 0x9B, 0x95,
    0x7A, 0x91, 0xB7, 0xFF, 0xD3, 0x3B, 0x3A, 0xC7, 0x8B, 0xA1, 0x5F, 0xFA, 0x4C, 0x45, 0xB7, 0x2B,
    0xD5, 0xE4, 0x7B, 0x55, 0x67, 0x4B, 0x9A, 0xA3, 0x3E, 0x41, 0x6D, 0x2E, 0x7D, 0xC2, 0xE8, 0xAD,
    0xE3, 0x1F, 0xFE, 0xE4, 0x69, 0x2B, 0x37, 0xC0, 0x3F, 0xFC, 0x3B, 0x75, 0xAF, 0x61, 0xC5, 0x6A,
    0x93, 0x21, 0xCB, 0x79, 0xD1, 0xF3, 0xDC, 0x4D, 0x45, 0xF7, 0xCA, 0x76, 0xB2, 0x68, 0xA3, 0x6F,
    0xBA, 0xB9, 0x8A, 0xED, 0x77, 0x2D, 0xCC, 0x8F, 0x80, 0xEE, 0xA7, 0x1F, 0x80, 0xEE, 0xD7, 0xBE,
    0x85, 0x65, 0x54, 0x2A, 0x06, 0xCD, 0x72, 0xA9, 0x79, 0xBF, 0x03, 0xF1, 0x90, 0xB6, 0xB3, 0x6B,
    0x74, 0x7A, 0xDA, 0x14, 0xAA, 0x24, 0xCF, 0x65, 0x9E, 0xCF, 0x54, 0x7F, 0xA7, 0xDA, 0x4F, 0x1C,
    0xEB, 0x9C, 0x20, 0x01, 0xE0, 0x87, 0x46, 0xE9, 0xF8, 0x4C, 0x33, 0x7A, 0x93, 0x0C, 0xB5, 0xDD,
    0xA8, 0x5F, 0x34, 0x4A, 0xDC, 0xC6, 0x04, 0xDA, 0x29, 0x7C, 0x93, 0x64, 0xAD, 0xCD, 0xA4, 0xDD,
    0x24, 0xFF, 0xA2, 0xDE, 0x64, 0x6B, 0xA2, 0x7E, 0xD1, 0xB3, 0xB3, 0xBA, 0x8E, 0xE7, 0xCA, 0x9C,
    0x3E, 0x81, 0x4A, 0x30, 0xF2, 0xD7, 0xD9, 0xD8, 0xC9, 0x41, 0x3A, 0x8B, 0x9D, 0xA4, 0x62, 0x1B,
    0x59, 0x12, 0xA7, 0x55, 0xD4, 0x80, 0x6B, 0x22, 0xA5, 0xD4, 0x4C, 0x2E, 0x47, 0xAD, 0x71, 0x59,
    0xD8, 0x0C, 0x6C, 0x36, 0x24, 0xC3, 0x9D, 0x58, 0x8F, 0x32, 0x87, 0x7D, 0x6C, 0xB9, 0x59, 0x37,
    0x41, 0x2D, 0x93, 0xD6, 0xB7, 0xBB, 0xAA, 0xAC, 0xDD, 0x55, 0x6D, 0xED, 0xAE, 0xEA, 0xC8, 0xB2,
    0xCC, 0xC7, 0x58, 0x5E, 0xF4, 0x5A, 0xA3, 0x76, 0x57, 0x7F, 0xD5, 0xB2, 0xDD, 0xD5, 0xF8, 0x9B,
    0xED, 0xD3, 0x0C, 0x53, 0x25, 0xEF, 0x30, 0x7F, 0xF7, 0x60, 0xF2, 0x1E, 0xAB, 0xE2, 0xEE, 0x1A,
    0x3B, 0x9E, 0xC4, 0xAD, 0x98, 0xC9, 0xB5, 0xDF, 0x7D, 0x3A, 0x66, 0x63, 0x9A, 0xCB, 0x6D, 0x04,
    0xD7, 0xF1, 0x6D, 0x6C, 0x37, 0x8B, 0x2F, 0x13, 0x2A, 0xB9, 0xA9, 0xA5, 0xEF, 0xD6, 0xB1, 0x26,
    0x8B, 0xE3, 0x35, 0x59, 0x3C, 0x59, 0x93, 0xC5, 0x37, 0x0E, 0x95, 0xED, 0x13, 0xB9, 0xFE, 0x8C,
    0xB2, 0x4B, 0x21, 0x9A, 0xFC, 0x42, 0x65, 0x99, 0x95, 0x57, 0xA0, 0x65, 0x2B, 0x16, 0xF0, 0x1E,
    0x23, 0xAB, 0xD2, 0xD0, 0x27, 0x84, 0x6F, 0x8B, 0x77, 0x5E, 0x10, 0x60, 0xFA, 0xA1, 0xD0, 0x92,
    0x18, 0xEC, 0xB0, 0x09, 0x49, 0x71, 0x1C, 0x5D, 0x80, 0x58, 0xA5, 0x66, 0x7E, 0xF9, 0xC9, 0x6E,
    0x08, 0x5B, 0x68, 0x32, 0x47, 0x74, 0x34, 0xCE, 0xE9, 0x98, 0xA8, 0x5A, 0x0E, 0xCE, 0x7B, 0xF6,
    0x39, 0xE4, 0xD7, 0x5A, 0xBC, 0x91, 0xB3, 0x57, 0xE7, 0xDC, 0x6A, 0xDB, 0xEB, 0x18, 0xAE, 0x55,
    0x96, 0xA6, 0xC7, 0xDD, 0xA2, 0x57, 0xAE, 0xBB, 0x5F, 0x12, 0xB3, 0xD1, 0xFD, 0x81, 0xB2, 0x5E,
    0x10, 0x3A, 0x20, 0x64, 0x58, 0xAC, 0xA5, 0xAC, 0xA9, 0x43, 0x96, 0x97, 0x21, 0x7D, 0xEF, 0x41,
    0xCB, 0x12, 0x63, 0x2F, 0xEE, 0xB2, 0x40, 0xD2, 0x41, 0xFE, 0xF2, 0x8B, 0x33, 0xDC, 0xEB, 0x9B,
    0x40, 0x76, 0x4B, 0x9E, 0xCC, 0xE9, 0x0A, 0x16, 0x43, 0xBF, 0x0C, 0xDA, 0x9F, 0x0B, 0x16, 0x9E,
    0x60, 0xE4, 0xD1, 0x6C, 0xC7, 0xC5, 0x95, 0x29, 0x99, 0x37, 0x93, 0x3E, 0xBA, 0xF5, 0xC8, 0xDB,
    0x08, 0x36, 0xDC, 0x3D, 0x6A, 0x56, 0xA7, 0x77, 0x83, 0xE8, 0x33, 0xF6, 0x95, 0x6A, 0xFD, 0x35,
    0x7C, 0x6D, 0x2E, 0x69, 0x1A, 0xC3, 0xAE, 0xE6, 0xE9, 0x63, 0x85, 0x2B, 0xAF, 0x87, 0xC1, 0x96,
    0x5F, 0x22, 0xF6, 0x37, 0x02, 0x8D, 0xAC, 0xC5, 0x45, 0x8F, 0x7F, 0x20, 0x6C, 0x72, 0xB9, 0xAE,
    0x81, 0xDC, 0x75, 0x3D, 0xE1, 0x93, 0xA4, 0x2E, 0x1D, 0xD3, 0x35, 0xB2, 0x42, 0x89, 0x60, 0xFC,
    0xEA, 0xBF, 0x71, 0x86, 0xA3, 0x43, 0xF5, 0x3D, 0x38, 0x2C, 0xD5, 0x86, 0x52, 0x64, 0x9E, 0x88,
    0xB8, 0x0A, 0x67, 0xAA, 0x05, 0x27, 0x6D, 0xCE, 0x58, 0xA1, 0xFA, 0xC8, 0x2A, 0x22, 0x37, 0x3A,
    0xF6, 0xF3, 0xC1, 0xF2, 0xDF, 0x74, 0xD4, 0x4D, 0xB4, 0x93, 0xA7, 0x91, 0xFA, 0x64, 0x14, 0x52,
    0x24, 0xCA, 0x72, 0xEF, 0xD4, 0xA3, 0x54, 0x15, 0x0A, 0x54, 0x1D, 0xDB, 0xEC, 0x9B, 0x3A, 0x56,
    0xBF, 0xCB, 0x22, 0x59, 0x1E, 0xE5, 0x01, 0x92, 0x03, 0x15, 0x1F, 0xAB, 0x8E, 0xB9, 0xC5, 0xFF,
    0x5A, 0x60, 0x45, 0xF9, 0xCB, 0xE7, 0x1D, 0x7C, 0xD8, 0x19, 0x8E, 0xBD, 0x53, 0x77, 0x63, 0x65,
    0x7D, 0x4F, 0x57, 0x91, 0x7C, 0xC2, 0x06, 0x83, 0xD6, 0x61, 0xD0, 0x5A, 0x0C, 0xF6, 0xB5, 0x27,
    0xDF, 0xBA, 0xF2, 0x8B, 0xEB, 0xAE, 0x48, 0xDA, 0x4A, 0x57, 0xBE, 0xEB, 0xE4, 0x9F, 0x5D, 0xD3,
    0xF3, 0x6F, 0x31, 0xB6, 0x3E, 0xD2, 0xF6, 0x41, 0x29, 0x67, 0x9A, 0x7B, 0x20, 0x17, 0x9E, 0x7D,
    0x71, 0x4C, 0xDC, 0x48, 0xC3, 0xD7, 0x6A, 0x1C, 0x5F, 0x69, 0xBA, 0xE3, 0x0A, 0xED, 0xCD, 0x6B,
    0x7C, 0x5D, 0xC9, 0xE5, 0x99, 0x44, 0xFA, 0x70, 0xB2, 0x36, 0xF4, 0xD5, 0x2D, 0x3E, 0x3E, 0xC2,
    0xDA, 0xF4, 0x84, 0x79, 0x91, 0xEA, 0xCA, 0x94, 0xFF, 0x35, 0x13, 0x2B, 0xC1, 0x24, 0xAF, 0x5E,
    0x1D, 0x1F, 0x49, 0xFB, 0xF8, 0xC8, 0x9E, 0xA1, 0x12, 0x41, 0xA5, 0x3A, 0x7C, 0x7A, 0xF9, 0x00,
    0x64, 0x21, 0x6E, 0x8E, 0x94, 0x21, 0x3B, 0x2F, 0xE9, 0x6C, 0xC8, 0xF3, 0x1C, 0x06, 0xD0, 0x7A,
    0x83, 0x20, 0xA4, 0x44, 0x22, 0xE6, 0x98, 0x9D, 0xC1, 0xA5, 0x6C, 0xD5, 0xE2, 0x5A, 0x1E, 0x14,
    0x5F, 0xE7, 0x22, 0x3D, 0xCF, 0x3E, 0x2F, 0x97, 0xD5, 0xF3, 0x7D, 0xE8, 0x9F, 0x79, 0xE0, 0x12,
    0x93, 0x21, 0xAA, 0xE8, 0x22, 0xA0, 0x3E, 0xEA, 0xAD, 0x46, 0x41, 0x9F, 0x09, 0x88, 0xDF, 0x03,
    0xCC, 0xAE, 0xBB, 0xC0, 0xD2, 0x47, 0xF6, 0x0C, 0x6D, 0x59, 0x16, 0xCB, 0x92, 0x58, 0xD6, 0x33,
    0x4F, 0xDE, 0xA3, 0x8B, 0xA8, 0x5E, 0xD9, 0xBE, 0xA8, 0x85, 0xAD, 0x1C, 0x33, 0xE3, 0x49, 0x43,
    0xD8, 0xA4, 0x6B, 0xE5, 0x15, 0x9F, 0xE9, 0xA2, 0xB4, 0xC3, 0x60, 0xF2, 0x1C, 0xFA, 0x9A, 0xBF,
    0xAB, 0x47, 0xFC, 0xBA, 0x2D, 0xB8, 0x17, 0x79, 0xDE, 0x2F, 0x6B, 0x52, 0x2F, 0x18, 0x04, 0x1F,
    0xC5, 0xD5, 0x55, 0xB2, 0xEF, 0x1F, 0x85, 0x91, 0x3E, 0x9C, 0xD7, 0xCA, 0x2C, 0x1F, 0x76, 0xA2,
    0xB2, 0xAB, 0x45, 0x8E, 0x93, 0xE9, 0xF1, 0x6B, 0xD5, 0x03, 0xDE, 0x22, 0x46, 0xFA, 0xAE, 0xA2,
    0x42, 0xF9, 0x11, 0xB0, 0xCA, 0x3C, 0x65, 0x1D, 0xF7, 0x78, 0x55, 0x83, 0x7F, 0xB6, 0xDF, 0x67,
    0x23, 0x13, 0x12, 0x60, 0x16, 0x59, 0x81, 0x68, 0xDC, 0x85, 0x2F, 0x27, 0xDA, 0x4D, 0xFD, 0xB8,
    0x1E, 0x1D, 0x61, 0xAD, 0xC1, 0x99, 0x86, 0x9C, 0xA2, 0xEC, 0x99, 0x63, 0xDB, 0xFC, 0x3A, 0x22,
    0xC4, 0x84, 0x5A, 0xC1, 0x3C, 0x21, 0xFC, 0xC3, 0xF6, 0xE5, 0x35, 0x3E, 0x12, 0x64, 0x27, 0x29,
    0xEE, 0x06, 0x1C, 0xEE, 0xC3, 0x50, 0xCC, 0x06, 0x9C, 0xFA, 0x6C, 0xC0, 0x70, 0x3D, 0x1B, 0x70,
    0xE8, 0x53, 0xFD, 0xE0, 0xCE, 0x8E, 0xFA, 0xFB, 0x56, 0x81, 0xBE, 0xF8, 0x6E, 0x79, 0xEC, 0x59,
    0x66, 0xB4, 0xA0, 0x4A, 0xC6, 0x98, 0x39, 0xED, 0x53, 0x33, 0x85, 0xE5, 0x92, 0xBF, 0x1B, 0xA2,
    0x4E, 0x79, 0xDB, 0x9F, 0x7D, 0xE9, 0xFB, 0x68, 0x75, 0xF8, 0x22, 0x9F, 0x7B, 0x86, 0x7F, 0xF5,
    0x0D, 0x4C, 0x68, 0x5A, 0xBD, 0xDD, 0xF5, 0x99, 0x41, 0x3C, 0xCF, 0xC5, 0x4A, 0xB1, 0xA5, 0x7D,
    0x97, 0xC1, 0x2D, 0xFB, 0x45, 0x3B, 0x31, 0xAD, 0x4F, 0x0D, 0xA3, 0x63, 0xDF, 0xBA, 0x21, 0x65,
    0x05, 0x45, 0xB0, 0xDB, 0xB5, 0x77, 0x40, 0x65, 0xC6, 0xEE, 0xC3, 0x65, 0xD4, 0x5C, 0x2D, 0x9C,
    0x6E, 0xD5, 0x6F, 0x56, 0x8A, 0xD9, 0x87, 0x13, 0x69, 0x6E, 0xF0, 0x37, 0x35, 0xFC, 0x5E, 0xB3,
    0xE2, 0xEE, 0xD5, 0x68, 0xFC, 0x8D, 0xA4, 0x9D, 0xA0, 0xA2, 0xC1, 0x44, 0x3F, 0x6E, 0x06, 0x57,
    0x7C, 0x95, 0xEE, 0x47, 0xAF, 0xD6, 0x57, 0xEC, 0x50, 0xFD, 0xEE, 0x6B, 0xEB, 0x76, 0x9F, 0x0D,
    0xA3, 0xB3, 0xD2, 0xD7, 0x4F, 0x5A, 0xAD, 0xDF, 0xF7, 0x04, 0xCC, 0x9E, 0x03, 0x44, 0x7D, 0x84,
    0x50, 0xE8, 0xE9, 0x15, 0x3C, 0xBB, 0x5B, 0xC9, 0x3F, 0x5F, 0xA9, 0xE4, 0xAF, 0x99, 0x85, 0x13,
    0x75, 0x4C, 0x2D, 0x62, 0x04, 0xE4, 0xC3, 0x2A, 0xF9, 0x3F, 0xD5, 0x4A, 0xD5, 0x0E, 0x24, 0xB3,
    0xF1, 0xD3, 0xAF, 0xF4, 0xC3, 0x56, 0x03, 0xFF, 0x46, 0xF9, 0xD6, 0x93, 0x1F, 0x79, 0x35, 0x37,
    0x6C, 0x6F, 0xAF, 0xEF, 0x8A, 0x3F, 0xE9, 0xDE, 0x7E, 0x2C, 0x6A, 0x84, 0x33, 0xEA, 0x43, 0xB4,
    0x8D, 0xB1, 0xE1, 0x2A, 0x7D, 0xF8, 0x59, 0x7F, 0xD3, 0xC1, 0x02, 0xC8, 0x9B, 0xDD, 0x61, 0xF8,
    0x7B, 0x36, 0xDA, 0xF5, 0x3E, 0x5C, 0x87, 0x66, 0xA3, 0xBD, 0x9A, 0xB0, 0x71, 0x57, 0x57, 0xDC,
    0x1A, 0xDF, 0x10, 0x14, 0xF9, 0x2F, 0x38, 0x50, 0x0C, 0xEE, 0xD8, 0x60, 0xF8, 0xDC, 0x71, 0x9A,
    0x7E, 0x8E, 0x8C, 0x06, 0x17, 0x69, 0x9C, 0x5B, 0x52, 0x8B, 0x64, 0x67, 0x22, 0x77, 0x62, 0xA2,
    0xD4, 0xAB, 0x44, 0xD6, 0xCC, 0xA6, 0xF0, 0xC7, 0x96, 0x30, 0xCA, 0x59, 0x05, 0xB2, 0xE4, 0x06,
    0xFD, 0x85, 0x02, 0x0F, 0xEF, 0xC9, 0x65, 0xE5, 0x86, 0xC8, 0x80, 0xFF, 0x42, 0x59, 0x73, 0xA6,
    0x19, 0x94, 0x35, 0x8F, 0xCA, 0x72, 0x48, 0x54, 0x2D, 0xA5, 0xA0, 0xCB, 0x79, 0x70, 0xA5, 0x4A,
    0x31, 0x55, 0x22, 0x04, 0x75, 0x25, 0xCB, 0xDC, 0x2A, 0xF4, 0xDC, 0x3D, 0x3F, 0x81, 0x4E, 0x50,
    0x3F, 0x1E, 0x5C, 0xED, 0x1F, 0x70, 0x8B, 0x51, 0x78, 0x74, 0xF4, 0x98, 0x32, 0x9D, 0x25, 0x09,
    0xCE, 0xF3, 0xEF, 0x0F, 0xCB, 0xDB, 0x3B, 0x13, 0x78, 0x9A, 0xEE, 0xBF, 0xC5, 0x28, 0xBC, 0x47,
    0x3D, 0x51, 0xB2, 0x47, 0xE5, 0xDD, 0x27, 0x2B, 0x84, 0xB3, 0x4C, 0x6F, 0x9E, 0xEB, 0x55, 0x47,
    0x7F, 0x8B, 0x79, 0xF8, 0x26, 0x7F, 0x81, 0x93, 0x77, 0xF4, 0x13, 0xFC, 0xA0, 0xBF, 0x10, 0xDC,
    0x0E, 0x25, 0x5D, 0xCE, 0x87, 0xD7, 0x52, 0x11, 0x6F, 0x40, 0xA7, 0xEF, 0x4F, 0x5A, 0x19, 0xF7,
    0x69, 0xAA, 0x14, 0x77, 0xEB, 0xFA, 0x7C, 0xCE, 0xC8, 0x68, 0xBE, 0xDB, 0xA0, 0xC9, 0xAB, 0xE5,
    0xF6, 0x8A, 0xE2, 0xAD, 0x10, 0x29, 0xC9, 0xF2, 0x78, 0x49, 0xEB, 0xEA, 0x6B, 0x84, 0x38, 0x1C,
    0xA4, 0x83, 0xE5, 0xB6, 0xB5, 0xAF, 0x59, 0x5F, 0xAB, 0x9D, 0xBD, 0x22, 0x7D, 0x67, 0xAC, 0xEF,
    0x9B, 0x74, 0x75, 0x1F, 0x45, 0x58, 0x09, 0x7B, 0xE0, 0xBD, 0x5F, 0x57, 0xD6, 0x16, 0xDF, 0xB1,
    0x71, 0x45, 0xC9, 0x77, 0x6F, 0xFD, 0xA6, 0xDE, 0xFA, 0xED, 0xAF, 0xE3, 0x6B, 0x5A, 0xBF, 0xBF,
    0x2D, 0x5F, 0xA1, 0xB4, 0x86, 0x8D, 0xB2, 0x7B, 0x17, 0xC3, 0x78, 0x25, 0x36, 0xFA, 0x6C, 0x3A,
    0x94, 0xDF, 0xDC, 0x12, 0xD3, 0x3E, 0xF7, 0xF7, 0xF8, 0x6E, 0x02, 0xEE, 0x5F, 0xB4, 0xBB, 0xF9,
    0x2B, 0x87, 0xA6, 0x9F, 0xA6, 0x0C, 0xB5, 0xA3, 0xBB, 0x70, 0x6A, 0x91, 0xA3, 0xC4, 0x52, 0x4B,
    0x98, 0xEB, 0x42, 0x5A, 0x6E, 0x9C, 0xBC, 0x95, 0x32, 0x3C, 0x1B, 0xCB, 0xF0, 0x6C, 0x57, 0xF3,
    0x8F, 0x47, 0xAB, 0xDF, 0x78, 0x17, 0x2A, 0x12, 0x32, 0x34, 0x66, 0x78, 0xE2, 0xBA, 0xA7, 0x76,
    0x56, 0x7D, 0x6C, 0x6F, 0x28, 0x6D, 0x1B, 0x97, 0xBD, 0xC2, 0x0A, 0x4F, 0x7D, 0x6A, 0x52, 0x6D,
    0x9C, 0x71, 0x6F, 0x15, 0xE6, 0x99, 0xAF, 0x76, 0x9D, 0xCE, 0x9F, 0x2A, 0x19, 0xF6, 0x37, 0x10,
    0xE0, 0x01, 0xF7, 0x2A, 0x0B, 0x4E, 0xFD, 0xD7, 0xA8, 0x7E, 0x84, 0xDC, 0xD6, 0xFF, 0x0F, 0xD5,
    0x9A, 0x3F, 0x8C, 0x1C, 0x57, 0x1D, 0xC7, 0x7F, 0x33, 0x73, 0xE7, 0x75, 0x3C, 0x0A, 0xB3, 0xC5,
    0x59, 0x90, 0x0B, 0x78, 0x3B, 0x0A, 0x13, 0x7B, 0x9B, 0x08, 0x21, 0x72, 0xF6, 0x0C, 0x44, 0x22,
    0x05, 0x45, 0xAE, 0xC0, 0x35, 0x14, 0x14, 0x54, 0x54, 0x14, 0x11, 0x9C, 0x3D, 0x2B, 0x28, 0xD2,
    0x50, 0xB8, 0xA4, 0x8B, 0x8B, 0x14, 0xC1, 0x14, 0xA1, 0x70, 0x61, 0x21, 0xDB, 0x33, 0x52, 0xA4,
    0x80, 0x14, 0x24, 0x96, 0x3F, 0x21, 0x41, 0x14, 0x99, 0x10, 0x4B, 0x14, 0x2E, 0x6E, 0x8A, 0x01,
    0x56, 0xCE, 0xEE, 0x3E, 0x7E, 0xDF, 0xEF, 0xEF, 0xCD, 0xEE, 0x9E, 0x31, 0xA2, 0xE0, 0x6E, 0x6F,
    0x76, 0xEC, 0xFB, 0xDD, 0xDE, 0xEE, 0xEC, 0xBC, 0xDF, 0xFB, 0xBC, 0xDF, 0x7B, 0xBF, 0xEF, 0xFB,
    0x23, 0x22, 0x49, 0x2D, 0x7A, 0xA5, 0xB4, 0x79, 0x03, 0xEB, 0x60, 0xC3, 0x47, 0x13, 0xB5, 0xD1,
    0x7B, 0xB0, 0xF1, 0xEB, 0x53, 0xB5, 0x83, 0x1E, 0xEC, 0x15, 0xDA, 0x83, 0x68, 0xA6, 0xB6, 0x81,
    0x0D, 0xAB, 0x68, 0xAE, 0x37, 0x3E, 0xFE, 0x85, 0xDA, 0xC4, 0x39, 0xA7, 0x37, 0x4A, 0xA8, 0xF6,
    0xAA, 0x04, 0x6A, 0xEF, 0xA9, 0xCD, 0x44, 0x1F, 0xE8, 0xB2, 0xA8, 0xD1, 0xD7, 0xE5, 0x70, 0x2E,
    0x5F, 0x72, 0x0F, 0x73, 0x97, 0xA5, 0x0E, 0x8F, 0xE6, 0xB5, 0x43, 0xAB, 0xF7, 0xE9, 0xD3, 0x68,
    0xF1, 0x4D, 0xBD, 0xBE, 0x07, 0x73, 0x66, 0xFE, 0x8D, 0x4C, 0x72, 0xE7, 0xB2, 0xC0, 0xE9, 0x63,
    0xA3, 0xA9, 0x9A, 0xA4, 0xD1, 0x22, 0x07, 0xB5, 0x96, 0x9E, 0x8E, 0xA3, 0xA9, 0xE4, 0xA5, 0xFA,
    0x54, 0x94, 0xB1, 0x9A, 0x51, 0x32, 0x11, 0x37, 0x1A, 0x34, 0x6A, 0xB4, 0x46, 0xC5, 0xE8, 0xED,
    0x5A, 0xF2, 0x3F, 0xFC, 0xAE, 0xD1, 0xC2, 0x5E, 0x75, 0x65, 0x32, 0xEB, 0xA9, 0x8F, 0x99, 0xEC,
    0x8B, 0x6C, 0xB3, 0xCE, 0xA5, 0x9A, 0x62, 0x8C, 0x7A, 0xE3, 0xD5, 0xAE, 0x39, 0x73, 0x86, 0x6E,
    0x0D, 0xE6, 0xB0, 0x67, 0x53, 0xBE, 0x75, 0x15, 0x26, 0x44, 0xBD, 0x25, 0x2A, 0x69, 0x47, 0xB2,
    0xB8, 0x4E, 0x9F, 0x5F, 0xA1, 0xDE, 0x04, 0x9F, 0x56, 0xFA, 0xEA, 0xEB, 0xF0, 0x22, 0xC2, 0xAB,
    0x21, 0x3C, 0xDC, 0xC3, 0xA7, 0x5F, 0x69, 0x1D, 0x3D, 0x11, 0x90, 0x7C, 0x70, 0xC6, 0x5F, 0x43,
    0xBE, 0x7E, 0xF3, 0x80, 0x50, 0x66, 0x37, 0xC9, 0x23, 0x87, 0x0D, 0x9A, 0x04, 0xDE, 0x84, 0xA3,
    0x70, 0x05, 0x9B, 0xE7, 0xE6, 0xC1, 0x79, 0x72, 0x86, 0xCE, 0xB3, 0xF3, 0xF0, 0x3C, 0x3D, 0x8F,
    0xCF, 0xF3, 0xF3, 0x00, 0x8D, 0xA0, 0x47, 0xE8, 0x19, 0x7A, 0x88, 0x9E, 0xA2, 0xC7, 0xE8, 0x39,
    0x1A, 0x48, 0x31, 0x92, 0x62, 0x28, 0x65, 0x85, 0xE5, 0x9B, 0x1E, 0x5F, 0xF1, 0x6A, 0xA6, 0xDF,
    0xFE, 0x50, 0xCB, 0xFE, 0xA0, 0xC2, 0x23, 0x26, 0x88, 0xD1, 0x9D, 0x13, 0xE5, 0xF8, 0x9C, 0x41,
    0x21, 0xCA, 0xDE, 0xBB, 0x70, 0x24, 0x78, 0x63, 0xBA, 0x60, 0x68, 0x08, 0x8F, 0x10, 0x3C, 0xC5,
    0xB8, 0x0B, 0xD1, 0xB8, 0x01, 0x4B, 0x7E, 0xAD, 0x50, 0x8F, 0x77, 0x15, 0xE6, 0x1A, 0x51, 0xE9,
    0x75, 0x97, 0x71, 0xF5, 0x91, 0x81, 0x58, 0x84, 0x5D, 0x32, 0xBD, 0xD5, 0x4D, 0x60, 0x78, 0x28,
    0x06, 0x8E, 0x2F, 0xA2, 0x6B, 0x86, 0xE3, 0x36, 0xC0, 0x7E, 0xB3, 0x56, 0x6A, 0x83, 0xD1, 0x77,
    0x50, 0xF3, 0xC7, 0x00, 0xF0, 0x0F, 0xB4, 0x98, 0x64, 0xBB, 0xD6, 0x65, 0x49, 0xA7, 0xAB, 0xC1,
    0x66, 0x0E, 0x44, 0x93, 0xCF, 0xE0, 0x9B, 0xF7, 0x45, 0x2E, 0xC4, 0x7C, 0x0B, 0x55, 0x42, 0xEC,
    0x85, 0x6B, 0x8E, 0xBD, 0xE0, 0x5B, 0x36, 0xBE, 0x71, 0xC4, 0x63, 0x9A, 0x7A, 0x30, 0x84, 0x1B,
    0x4D, 0xAC, 0x7E, 0x04, 0x59, 0x90, 0x75, 0x28, 0x31, 0x58, 0x9A, 0xB3, 0xEC, 0x26, 0x6E, 0xC5,
    0x5E, 0xE4, 0xFB, 0xE7, 0xDB, 0x37, 0x22, 0xA7, 0xF8, 0x92, 0x3F, 0xAA, 0xA7, 0xE9, 0x1A, 0x18,
    0x5A, 0xEE, 0x1D, 0x3F, 0x2D, 0xF7, 0xCA, 0x76, 0xB6, 0xC8, 0x24, 0xC2, 0x44, 0xD2, 0xFF, 0x3D,
    0xEC, 0x9D, 0x1E, 0x42, 0x31, 0x2D, 0xF8, 0x21, 0x03, 0x35, 0xD8, 0xEF, 0x48, 0x06, 0x0E, 0x6E,
    0xB5, 0x29, 0x17, 0x63, 0xF7, 0xF6, 0xE7, 0xFA, 0x78, 0xA1, 0xAE, 0xF4, 0xC0, 0xD4, 0xD4, 0xCC,
    0xCE, 0x09, 0x67, 0x60, 0x6B, 0x65, 0xE6, 0x58, 0xAF, 0x4F, 0xBA, 0x4E, 0x8D, 0xD0, 0xA4, 0x69,
    0x5B, 0x79, 0xFB, 0xEC, 0x29, 0x50, 0x13, 0x76, 0x64, 0x93, 0x11, 0xC1, 0x17, 0x36, 0x28, 0xE2,
    0x76, 0x41, 0xE7, 0xA5, 0xB2, 0x6D, 0x6C, 0x86, 0xDD, 0xE7, 0x4F, 0x01, 0x60, 0x7C, 0x13, 0xF9,
    0x24, 0x65, 0x3E, 0x79, 0x8D, 0x5D, 0xB9, 0x7F, 0x8E, 0x00, 0x83, 0x8E, 0x03, 0xA4, 0x33, 0xB3,
    0x73, 0x18, 0xF7, 0xF4, 0x51, 0x71, 0x3C, 0xF5, 0xF9, 0x64, 0x5B, 0x4E, 0x81, 0x62, 0x5F, 0x50,
    0x4A, 0xCD, 0xA6, 0xBC, 0xFF, 0x6D, 0x32, 0x63, 0x56, 0x19, 0xD0, 0xD1, 0x95, 0x74, 0xD2, 0x85,
    0x7C, 0xB2, 0x65, 0x22, 0x9D, 0x9E, 0xAD, 0x4E, 0xD4, 0xEE, 0xDB, 0x87, 0x5B, 0x10, 0x63, 0xDA,
    0x89, 0x92, 0x3F, 0x37, 0x6B, 0x64, 0x48, 0xA7, 0x20, 0x05, 0xF4, 0xC6, 0xD6, 0x5C, 0x27, 0x24,
    0xAD, 0x64, 0xE6, 0xAD, 0x16, 0xA2, 0x73, 0xB9, 0xDE, 0x4C, 0xEB, 0x2C, 0x5A, 0xC2, 0x05, 0x65,
    0x35, 0x85, 0xE6, 0x4E, 0x58, 0xB7, 0x84, 0x38, 0x07, 0x8D, 0x25, 0x75, 0xF8, 0x9C, 0x9A, 0xAD,
    0x16, 0xB9, 0xCA, 0x67, 0xD1, 0xA2, 0xCD, 0xA2, 0xFB, 0x2C, 0xA9, 0x06, 0x2F, 0x55, 0xC2, 0x5A,
    0x91, 0x5E, 0x85, 0xAF, 0xBA, 0xB1, 0x14, 0x6A, 0x4B, 0x39, 0x72, 0x59, 0xD3, 0x0D, 0x57, 0x6C,
    0xCC, 0xD1, 0xFA, 0x8C, 0x16, 0x92, 0xBA, 0x3A, 0x98, 0x25, 0x4D, 0xAF, 0x49, 0x9A, 0xA4, 0x4E,
    0x9A, 0x61, 0x95, 0xD4, 0x69, 0x99, 0x8E, 0xF3, 0x77, 0x5D, 0x56, 0x68, 0x03, 0xBB, 0xF7, 0xAD,
    0x4A, 0x98, 0xE4, 0xE5, 0x65, 0x98, 0xA5, 0x75, 0x92, 0x0D, 0xDC, 0x5C, 0x4B, 0x6C, 0x6C, 0xE4,
    0x57, 0x37, 0xE3, 0xC6, 0xF4, 0x1B, 0x2A, 0xD3, 0xA3, 0xCB, 0xC1, 0x03, 0x0E, 0x6E, 0x87, 0x9C,
    0x77, 0xC5, 0xF4, 0x26, 0xA1, 0xE5, 0x84, 0xCC, 0x46, 0x5E, 0xA9, 0x17, 0xFE, 0x9D, 0x3E, 0x29,
    0x04, 0x52, 0x74, 0x58, 0x9A, 0xB3, 0x48, 0x65, 0x0F, 0xBC, 0x83, 0x95, 0x8F, 0x9C, 0x63, 0x20,
    0xD5, 0x36, 0x46, 0x73, 0x01, 0xAE, 0xCE, 0x31, 0xDA, 0xDF, 0x60, 0x6C, 0xD7, 0x43, 0x83, 0xD6,
    0x11, 0x1E, 0x01, 0x23, 0xE6, 0x92, 0xBA, 0x78, 0x4F, 0x7E, 0xA5, 0xCE, 0xD3, 0xBD, 0xE0, 0x78,
    0x39, 0x30, 0x01, 0x53, 0xB6, 0xDC, 0x4E, 0xA8, 0xA2, 0x7F, 0x86, 0xA0, 0xFC, 0x2B, 0xFC, 0x4D,
    0x43, 0x70, 0xFF, 0xAE, 0xFE, 0xEB, 0x48, 0x74, 0x98, 0xC4, 0xC2, 0xAC, 0x29, 0xC1, 0x98, 0xFD,
    0x27, 0x2D, 0xE7, 0xD7, 0xFA, 0xD7, 0x8D, 0xA0, 0xC1, 0xB0, 0xDD, 0x97, 0x25, 0x19, 0xA0, 0x11,
    0xB0, 0x11, 0xC0, 0x11, 0xD0, 0x11, 0xE0, 0x11, 0xF0, 0x11, 0x00, 0x12, 0x10, 0x22, 0x22, 0x1B,
    0x28, 0x00, 0x89, 0x94, 0x04, 0x98, 0x04, 0x9C, 0x0C, 0x94, 0x91, 0xB2, 0x29, 0x50, 0x68, 0x3D,
    0xA5, 0xB9, 0x4D, 0xED, 0xCC, 0xEF, 0x75, 0x11, 0x15, 0xA6, 0xE5, 0x74, 0xE8, 0x8E, 0x66, 0xDD,
    0xCF, 0xEA, 0x1B, 0xC0, 0x04, 0x4A, 0x2D, 0xA4, 0x63, 0x0A, 0x9E, 0xE7, 0x99, 0x94, 0x5E, 0xA2,
    0x8B, 0x98, 0xCC, 0x6A, 0x08, 0x61, 0xBE, 0xE8, 0x7E, 0xDA, 0xDD, 0x10, 0xE2, 0x72, 0xD8, 0x97,
    0xC7, 0x5E, 0x33, 0x15, 0xDA, 0xD2, 0x11, 0x66, 0xDF, 0x6B, 0x8B, 0x23, 0x09, 0x1F, 0x3E, 0x23,
    0x7E, 0x02, 0x2B, 0x17, 0x98, 0xDB, 0xB7, 0x02, 0x2E, 0x91, 0x31, 0xA6, 0xC2, 0xCE, 0xC6, 0x14,
    0xAF, 0x5E, 0xF3, 0xAC, 0xBA, 0x7E, 0x4F, 0x2E, 0xE1, 0xD1, 0x90, 0x24, 0x05, 0xFA, 0xE1, 0x49,
    0xC5, 0xD7, 0x79, 0x86, 0x17, 0x05, 0x65, 0xE8, 0xC0, 0x22, 0xFE, 0x18, 0x35, 0x1A, 0x66, 0x07,
    0xB2, 0x3A, 0x37, 0xDD, 0x80, 0xF4, 0x2E, 0xD7, 0x84, 0x0B, 0x8D, 0x3D, 0xFD, 0xDA, 0xE0, 0x9D,
    0x5A, 0x6E, 0xC8, 0xF1, 0xB2, 0x7A, 0x6A, 0xEA, 0xCF, 0x33, 0x2D, 0x53, 0x5F, 0xFD, 0xA4, 0xB6,
    0x01, 0x1E, 0xA1, 0xBF, 0xB7, 0x5C, 0x07, 0xCE, 0x35, 0xE3, 0xE5, 0xFA, 0x00, 0x6A, 0xC1, 0x19,
    0x69, 0x81, 0x15, 0x1F, 0x00, 0x4E, 0xA0, 0x84, 0x3A, 0xE0, 0x07, 0x7C, 0x40, 0x07, 0x6C, 0x40,
    0x06, 0xF5, 0x86, 0x43, 0x2E, 0xA3, 0x70, 0x1C, 0xEA, 0xE2, 0x69, 0x61, 0x2B, 0xB6, 0xEA, 0x63,
    0xF0, 0xA8, 0x92, 0x97, 0x2B, 0xE9, 0x8D, 0xB5, 0xA5, 0x50, 0xE0, 0x8B, 0x1C, 0x2C, 0x7F, 0xAE,
    0x59, 0x0C, 0xED, 0xA2, 0xC5, 0xE8, 0x7F, 0x2D, 0x48, 0xCB, 0xD1, 0x62, 0x06, 0x35, 0x0A, 0xD0,
    0xBC, 0xA6, 0x45, 0x68, 0x09, 0xE9, 0xC7, 0xAA, 0xEA, 0x46, 0x58, 0x54, 0xC9, 0x4E, 0xCC, 0x43,
    0x3C, 0xBA, 0x37, 0x79, 0x82, 0xD6, 0x36, 0xBF, 0x9E, 0x57, 0x92, 0x8F, 0x6D, 0x5E, 0xA5, 0xD7,
    0xB9, 0xDB, 0x59, 0xE2, 0x46, 0x01, 0x44, 0x2A, 0x64, 0x09, 0x84, 0xEA, 0x1C, 0x8E, 0x98, 0xFF,
    0xBA, 0xFA, 0x64, 0x55, 0x48, 0x26, 0xFB, 0x89, 0xAB, 0x22, 0x2D, 0xA9, 0xEF, 0x37, 0x13, 0x0A,
    0xFE, 0xBF, 0xBC, 0x8C, 0x8B, 0xA1, 0xE3, 0xB8, 0xE8, 0xE8, 0x38, 0xAA, 0xA3, 0x37, 0xE9, 0xFD,
    0x0E, 0x7E, 0xE2, 0xCF, 0x02, 0x62, 0x57, 0x7D, 0x87, 0x4B, 0xF9, 0x18, 0xF5, 0xCA, 0xC7, 0xA8,
    0x55, 0x51, 0xA6, 0x0B, 0xEB, 0x4A, 0xD4, 0x51, 0x55, 0x78, 0x05, 0x4F, 0xD4, 0x22, 0xD4, 0x2B,
    0x38, 0xA3, 0x77, 0xC2, 0x0D, 0x8C, 0x4C, 0xF8, 0x53, 0xA3, 0x24, 0x74, 0x8F, 0x66, 0x2C, 0x76,
    0xDC, 0xAE, 0x90, 0xB1, 0xD6, 0x16, 0x25, 0xED, 0x94, 0xC2, 0xBA, 0x41, 0x3C, 0x36, 0x3D, 0x8E,
    0x0E, 0x54, 0x87, 0xF3, 0x78, 0x1A, 0x4F, 0xA2, 0x59, 0xA2, 0xAF, 0xD2, 0x2A, 0x74, 0xE9, 0x38,
    0x74, 0xB9, 0x7A, 0x58, 0xE8, 0x8F, 0x1B, 0xF5, 0x66, 0x6E, 0x14, 0x4F, 0x55, 0x8E, 0x37, 0x45,
    0x39, 0xAC, 0x35, 0x3C, 0x4B, 0x04, 0x61, 0x04, 0xAC, 0x3B, 0x9C, 0xC0, 0x48, 0x80, 0x96, 0x72,
    0xF6, 0x63, 0x4B, 0xB3, 0xE2, 0xF5, 0x27, 0x3A, 0x4A, 0xF8, 0x0A, 0xCB, 0x32, 0x15, 0x3A, 0xCC,
    0x16, 0xCB, 0xB7, 0xF2, 0xCB, 0x6E, 0x91, 0xF2, 0x5B, 0x29, 0x88, 0x63, 0x04, 0x32, 0x15, 0x47,
    0xDB, 0x79, 0x5E, 0x6C, 0xE7, 0x2F, 0xFF, 0x3F, 0xAF, 0x27, 0xD4, 0x57, 0x4C, 0xF5, 0xF5, 0xE1,
    0x72, 0xF8, 0x0F, 0x9E, 0x18, 0xFE, 0x3B, 0xC2, 0xE6, 0x2D, 0xAF, 0x83, 0xF2, 0xD7, 0x15, 0x91,
    0xFB, 0x8B, 0xF6, 0x9F, 0x4F, 0xD0, 0x07, 0xB3, 0x7B, 0x47, 0xD7, 0x0B, 0xD9, 0x7F, 0x75, 0xC0,
    0x9C, 0xB3, 0xAB, 0x68, 0xAF, 0x01, 0x23, 0x01, 0x24, 0x01, 0x25, 0x01, 0x26, 0x01, 0x27, 0x01,
    0x28, 0x01, 0x29, 0xCC, 0xF4, 0x1A, 0x01, 0x2B, 0x01, 0x2C, 0xCB, 0x9D, 0xC4, 0x65, 0xCF, 0xB5,
    0x3C, 0xE9, 0x35, 0xD8, 0x1D, 0xAF, 0xC1, 0xCA, 0x4E, 0x03, 0xA3, 0x62, 0x45, 0x05, 0xF6, 0xF2,
    0x91, 0x3C, 0xA3, 0xEF, 0x03, 0x16, 0x58, 0xB5, 0xA8, 0x8E, 0x29, 0x90, 0x9E, 0x67, 0x9A, 0xF9,
    0xEA, 0x8A, 0x12, 0x8B, 0x59, 0xF5, 0xDF, 0x76, 0x3D, 0x9C, 0x12, 0xFC, 0xF1, 0x5C, 0xED, 0x67,
    0xA1, 0x16, 0x53, 0xEF, 0xAF, 0x31, 0xA6, 0xFE, 0xA7, 0x1E, 0x2B, 0x3B, 0xDF, 0x21, 0xD5, 0x85,
    0x59, 0x8C, 0x65, 0x96, 0x43, 0x75, 0x63, 0xB1, 0x86, 0x25, 0x39, 0x36, 0x83, 0x71, 0xE7, 0xFA,
    0x58, 0x42, 0xE6, 0x98, 0xD0, 0x11, 0x4A, 0x1D, 0xA1, 0xD8, 0x11, 0xCA, 0x9D, 0x55, 0x65, 0xBD,
    0x01, 0x09, 0x91, 0xE2, 0x53, 0xEF, 0x86, 0xF0, 0x8C, 0xFF, 0xD6, 0x1C, 0x7B, 0x9F, 0x7D, 0x7A,
    0xB2, 0xB4, 0x3D, 0x25, 0xB1, 0x46, 0x94, 0x81, 0x2D, 0x79, 0xA4, 0x26, 0x47, 0x26, 0xAD, 0x78,
    0xF1, 0x4B, 0x81, 0x71, 0x4D, 0x8C, 0x49, 0x4D, 0x8E, 0x71, 0x4D, 0x90, 0x9A, 0x4A, 0x40, 0xF2,
    0xE5, 0x92, 0x28, 0x3F, 0xA2, 0x74, 0x2A, 0x26, 0x62, 0x30, 0xC5, 0x68, 0x8A, 0xE1, 0x14, 0xE3,
    0x29, 0xE9, 0xF2, 0x97, 0x36, 0x9C, 0x21, 0x15, 0x63, 0xEA, 0xA1, 0x7A, 0xAA, 0x1E, 0xAB, 0xE7,
    0xEA, 0xC1, 0xB6, 0x64, 0x5B, 0xB4, 0x8B, 0xA8, 0xBC, 0x66, 0xDD, 0x87, 0xB3, 0x86, 0xC9, 0xA2,
    0xA7, 0xAB, 0x38, 0xDF, 0x62, 0xB8, 0x3C, 0x68, 0x17, 0x10, 0x15, 0xA6, 0x63, 0x28, 0x5E, 0x65,
    0x2C, 0xEE, 0x21, 0x18, 0xE7, 0x35, 0xA2, 0x51, 0x43, 0x84, 0xE1, 0x68, 0xF1, 0x68, 0x01, 0x69,
    0x11, 0x69, 0x21, 0x69, 0x31, 0x69, 0x41, 0x69, 0x51, 0x69, 0x61, 0x69, 0x71, 0xE9, 0x03, 0xB3,
    0x8D, 0xCC, 0xF3, 0xB2, 0xB2, 0x03, 0x26, 0x03, 0xF3, 0xB5, 0x67, 0xA9, 0x24, 0x98, 0xB4, 0xA7,
    0x4F, 0x36, 0x01, 0xAD, 0xCD, 0x8A, 0x6C, 0xA1, 0x2A, 0x66, 0x05, 0x42, 0xF3, 0xFF, 0x3A, 0xD1,
    0x6E, 0xAD, 0x1D, 0xAD, 0x2F, 0xD0, 0x34, 0x5E, 0x2B, 0xF2, 0xBC, 0xCA, 0xF3, 0x32, 0xCF, 0x87,
    0xB7, 0x0A, 0xBD, 0xCD, 0x08, 0xDE, 0xC5, 0x69, 0x1A, 0x13, 0x81, 0x26, 0x03, 0x4D, 0x08, 0xFA,
    0x25, 0x04, 0x15, 0x83, 0x5B, 0x94, 0x83, 0xEB, 0xA6, 0xED, 0x97, 0xFF, 0x06, 0xD5, 0x0B, 0x8C,
    0xE7, 0x39, 0xC9, 0x3E, 0xE6, 0xF4, 0x38, 0xA8, 0x6C, 0x06, 0xAB, 0xF7, 0x6C, 0x04, 0x66, 0x1B,
    0x80, 0x27, 0x09, 0x3F, 0xF9, 0x3E, 0x8E, 0xE8, 0x14, 0x18, 0xF8, 0x7E, 0x30, 0xA8, 0xB7, 0xB8,
    0xE3, 0xB1, 0xF6, 0x40, 0x96, 0x4D, 0x0A, 0xCF, 0xC8, 0x92, 0x44, 0x3C, 0x5B, 0x4D, 0x19, 0xE1,
    0xC3, 0xA3, 0x3B, 0x34, 0x6B, 0x46, 0x68, 0x85, 0x72, 0x0B, 0xA6, 0x3D, 0x66, 0xC0, 0xCE, 0x72,
    0xC3, 0x6A, 0x31, 0xEB, 0xB9, 0x7A, 0xA8, 0x3C, 0x5D, 0x85, 0xED, 0xA0, 0xEB, 0xC4, 0x70, 0xC0,
    0xFC, 0x77, 0x97, 0x2C, 0x1A, 0x2C, 0x10, 0xA8, 0x0E, 0xD4, 0xEA, 0xAB, 0xD6, 0xD2, 0x52, 0x83,
    0x0A, 0x73, 0xEC, 0xB0, 0x02, 0x17, 0xED, 0x7C, 0xBA, 0x58, 0xA0, 0xAB, 0x76, 0xEA, 0x41, 0x8F,
    0x4C, 0x63, 0x78, 0x8E, 0x6D, 0x4F, 0x0D, 0xFB, 0x84, 0xF3, 0xF7, 0x01, 0x79, 0x5E, 0xD1, 0xB2,
    0x1A, 0x0C, 0xEA, 0xBA, 0xB9, 0x85, 0x05, 0x73, 0x67, 0x3B, 0x54, 0xD9, 0xD2, 0xC3, 0x7C, 0xF4,
    0x54, 0x0F, 0x2F, 0xDE, 0x96, 0x8B, 0x23, 0x5D, 0xA6, 0xD0, 0xBD, 0xA7, 0x99, 0x56, 0x58, 0xDD,
    0x70, 0x19, 0x8C, 0xBA, 0xA2, 0xF3, 0xFF, 0x64, 0x72, 0x64, 0x97, 0x6A, 0x58, 0xAB, 0x83, 0xBA,
    0x52, 0x33, 0xD5, 0x22, 0x87, 0x30, 0x3F, 0x9A, 0x48, 0xFA, 0xCF, 0xF7, 0xA6, 0xFD, 0xD4, 0x7D,
    0xD3, 0xD5, 0xC9, 0x34, 0xD2, 0x07, 0x73, 0x49, 0x20, 0x58, 0xE4, 0x72, 0x6E, 0xD9, 0x71, 0xAD,
    0x69, 0x30, 0x5A, 0x0E, 0xDC, 0x09, 0xB7, 0x46, 0xCF, 0x0E, 0x97, 0x67, 0xE7, 0x82, 0xE9, 0x72,
    0xB4, 0x89, 0xCA, 0xA5, 0x66, 0xEA, 0x00, 0x3F, 0xBB, 0x38, 0xCE, 0x7C, 0x8A, 0xDA, 0x7C, 0xAD,
    0x69, 0xA7, 0x64, 0x3C, 0xD7, 0x74, 0x09, 0x9F, 0xBE, 0xE0, 0xEF, 0x3A, 0x19, 0x9C, 0x0B, 0x95,
    0x64, 0x8B, 0x79, 0x7E, 0xD5, 0xCE, 0x47, 0x7A, 0xD8, 0xB4, 0xDD, 0xD8, 0x2F, 0x51, 0x0F, 0x4A,
    0x60, 0x9B, 0xA5, 0x63, 0x70, 0x9B, 0x0E, 0x4A, 0x80, 0x3B, 0x48, 0x4A, 0x92, 0x4B, 0x32, 0xA2,
    0xBB, 0x4E, 0x76, 0x5A, 0x53, 0xC0, 0x6B, 0xC4, 0xD3, 0xF3, 0xF8, 0xC8, 0x6F, 0x2C, 0x1E, 0xA0,
    0x27, 0xE8, 0x11, 0x7A, 0x86, 0x1E, 0xA2, 0xA7, 0xE8, 0x31, 0x7A, 0x8E, 0x1E, 0xA4, 0x27, 0xD9,
    0xA2, 0x5C, 0xB2, 0xBC, 0x96, 0x2D, 0x76, 0x50, 0xAD, 0x3F, 0x27, 0x95, 0xCF, 0x9A, 0x7D, 0xF4,
    0x29, 0x7F, 0xD4, 0x74, 0x0A, 0x92, 0x3F, 0x9E, 0x12, 0xE5, 0x94, 0x2C, 0x1B, 0x70, 0x7C, 0x65,
    0x0C, 0x3B, 0x27, 0xCE, 0x9B, 0xC6, 0xD3, 0xAB, 0x69, 0x12, 0x35, 0xA4, 0xC6, 0xD4, 0xA0, 0x1A,
    0x55, 0xC3, 0x2A, 0xE4, 0x2A, 0x06, 0xB6, 0x25, 0x7B, 0x4D, 0x96, 0x07, 0x70, 0xFD, 0xB1, 0xD8,
    0x56, 0xB8, 0xB5, 0xF3, 0x6E, 0x1D, 0x84, 0x36, 0x01, 0xED, 0x7F, 0x55, 0x49, 0x07, 0xD4, 0xDE,
    0x5B, 0x6B, 0x47, 0xEB, 0x8B, 0xB7, 0xCE, 0xDE, 0xF6, 0x76, 0x7F, 0xC0, 0xC9, 0xFA, 0xBB, 0xEF,
    0xF0, 0xA0, 0xB0, 0x19, 0xC1, 0xBB, 0xD2, 0xFD, 0x38, 0x16, 0xD8, 0x60, 0xE0, 0x03, 0x85, 0xC3,
    0x01, 0xC6, 0x83, 0x3E, 0x06, 0x84, 0x75, 0xD3, 0x5E, 0xA8, 0xA4, 0xBD, 0xFF, 0x54, 0x49, 0xE3,
    0x85, 0x4A, 0xDA, 0x1C, 0xCC, 0xD1, 0x0C, 0xA7, 0x68, 0x12, 0xF7, 0x06, 0xDC, 0x2D, 0x90, 0x77,
    0xF7, 0x74, 0xFD, 0x19, 0x55, 0xCD, 0xD6, 0x8D, 0x76, 0xB1, 0x93, 0xD5, 0x71, 0x6E, 0xD9, 0xEA,
    0xE1, 0x72, 0x9B, 0xDA, 0xB7, 0xBF, 0xFC, 0x14, 0xDF, 0x4E, 0xDD, 0x2C, 0x4F, 0xF4, 0xAF, 0x13,
    0xE1, 0x62, 0xAF, 0xA8, 0x59, 0xD9, 0x2B, 0xBA, 0xB9, 0x3C, 0x1D, 0x65, 0x87, 0xDB, 0x03, 0x13,
    0x77, 0x76, 0x56, 0xC3, 0x34, 0xC3, 0x32, 0x2C, 0x52, 0x88, 0x81, 0x32, 0x77, 0xB7, 0x54, 0xA9,
    0xC6, 0x73, 0x0C, 0x30, 0xD8, 0x9E, 0xA8, 0xA1, 0x07, 0x14, 0x20, 0x92, 0x2B, 0x36, 0x80, 0xB2,
    0xCB, 0xD4, 0x38, 0x07, 0xDC, 0xD3, 0x42, 0x31, 0xF9, 0x3B, 0x5C, 0xCC, 0xFA, 0x80, 0x27, 0x8C,
    0x0E, 0xF9, 0x60, 0x96, 0x92, 0xAC, 0xAC, 0x81, 0x0C, 0x57, 0x4E, 0x18, 0xD9, 0xDE, 0x58, 0x0E,
    0xBB, 0xEB, 0x1E, 0xDB, 0xC6, 0x99, 0x45, 0xC1, 0xFE, 0xB2, 0x1A, 0x91, 0x8D, 0x6E, 0x36, 0x8E,
    0xA5, 0xAB, 0x41, 0x82, 0xAF, 0xBD, 0x85, 0x84, 0x96, 0xCE, 0x20, 0x93, 0x7B, 0x80, 0x4B, 0xE7,
    0x4A, 0xEC, 0xA9, 0xE0, 0x2C, 0x8A, 0xCB, 0xB0, 0x6B, 0xAC, 0x6A, 0x9B, 0x2E, 0x5E, 0xE6, 0x2C,
    0x7D, 0x8F, 0x8D, 0x7D, 0x97, 0xC5, 0xA3, 0x80, 0xE1, 0x27, 0x70, 0x3A, 0xF9, 0xD7, 0x88, 0xED,
    0xBD, 0xD4, 0xBD, 0xB6, 0xB4, 0x10, 0xD5, 0x4F, 0xEE, 0x2B, 0xCC, 0x16, 0x6B, 0x3B, 0x05, 0x55,
    0x5E, 0x31, 0xE9, 0x02, 0xB1, 0xE5, 0x65, 0xC7, 0xA5, 0xA2, 0x15, 0xEB, 0xA7, 0xC8, 0xA7, 0xC1,
    0x6A, 0x80, 0x1E, 0xD9, 0xE0, 0x68, 0x95, 0xC3, 0xC2, 0x9A, 0xB2, 0xE2, 0xAE, 0x65, 0xCC, 0xB9,
    0xC4, 0x65, 0xB6, 0xE9, 0xCE, 0x95, 0xE5, 0xB9, 0x48, 0xD3, 0x58, 0x3C, 0xD5, 0x27, 0xB1, 0x74,
    0x25, 0x1A, 0x5B, 0x91, 0xCC, 0xCF, 0x7F, 0xC8, 0x6F, 0xF7, 0xED, 0xE4, 0xDC, 0xCA, 0xAA, 0x5E,
    0xC2, 0x7B, 0x9E, 0xED, 0x5E, 0x64, 0xB6, 0x97, 0xCB, 0xB0, 0xDF, 0xE4, 0xFE, 0xAE, 0x9F, 0xF4,
    0x0E, 0x31, 0x62, 0x24, 0xFE, 0x60, 0xDD, 0x4E, 0x67, 0x38, 0x5B, 0x7E, 0x9D, 0x87, 0x70, 0xD1,
    0x3D, 0x82, 0x8B, 0x6F, 0xE3, 0x93, 0x0B, 0x76, 0x80, 0x76, 0x39, 0xC0, 0x75, 0x86, 0xED, 0xBF,
    0x01, 0xB5, 0x58, 0xBF, 0x6F, 0xDD, 0xC6, 0x1D, 0xFF, 0x92, 0xB4, 0x4B, 0x54, 0x6C, 0x72, 0x1A,
    0xE4, 0xC1, 0x72, 0x2D, 0x76, 0xC8, 0x50, 0x08, 0xB1, 0x98, 0xA1, 0x28, 0x3C, 0x48, 0xE2, 0x45,
    0x1E, 0x0A, 0x34, 0x40, 0xA3, 0xC5, 0x4B, 0x16, 0x77, 0xC9, 0x22, 0x14, 0x48, 0x87, 0x00, 0xD5,
    0x60, 0x8B, 0x07, 0x04, 0x68, 0x87, 0x0C, 0xD1, 0x1F, 0xD0, 0x02, 0x2E, 0xD0, 0x02, 0xB6, 0x0A,
    0x38, 0x4B, 0x07, 0x35, 0xB0, 0xDE, 0x9D, 0xEC, 0xC1, 0x43, 0x87, 0xB2, 0xFE, 0x07, 0x42, 0x34,
    0x2E, 0x8A, 0x26, 0x43, 0x0E, 0x08, 0x11, 0xD0, 0x36, 0x1F, 0xAF, 0x9F, 0xEF, 0xF1, 0xF1, 0xBD,
    0x27, 0x23, 0xB6, 0x95, 0x00, 0x3D, 0xBE, 0x3B, 0xDE, 0x23, 0xEF, 0xEE, 0xFB, 0xE3, 0xBE, 0xDF,
    0xCF, 0xF7, 0x7B, 0xA4, 0x9B, 0xDF, 0x58, 0x88, 0xDE, 0xF8, 0xC1, 0x0F, 0x7F, 0x12, 0x97, 0x71,
    0x99, 0xD6, 0x3F, 0xFD, 0x7D, 0xA8, 0x5E, 0x7E, 0x11, 0x05, 0x8A, 0xAA, 0x9D, 0xC3, 0x4F, 0x0E,
    0x6F, 0x56, 0x7F, 0x54, 0x37, 0xE9, 0xE5, 0x17, 0x51, 0x28, 0x13, 0x5A, 0xBB, 0xBD, 0x76, 0x27,
    0x59, 0x08, 0x7F, 0x4E, 0x0B, 0x2F, 0xBF, 0xCE, 0x5D, 0xA5, 0xC2, 0xC9, 0xC2, 0xD1, 0xCE, 0x01,
    0xCD, 0xF7, 0x97, 0x0F, 0x0E, 0x0E, 0x28, 0x77, 0xCE, 0xD1, 0xEA, 0xC1, 0xC1, 0x6D, 0xDF, 0x43,
    0xED, 0x40, 0xC1, 0xF7, 0x51, 0xEA, 0xE1, 0x4E, 0x93, 0xF2, 0xBC, 0xE7, 0x28, 0xBB, 0x91, 0xF9,
    0x7F, 0xFC, 0xCE, 0x5D, 0xBD, 0xBA, 0x0D, 0x6A, 0x0D, 0xDF, 0x99, 0x8C, 0x76, 0xCE, 0x82, 0x72,
    0x45, 0xAF, 0x45, 0xB5, 0x90, 0x9B, 0xB4, 0x47, 0x5A, 0x6A, 0x53, 0x98, 0x4C, 0x42, 0x31, 0x55,
    0xD2, 0x24, 0x6D, 0xDC, 0x06, 0x0D, 0xD9, 0xA8, 0xCA, 0xE4, 0xFB, 0x18, 0x1F, 0xC8, 0xA4, 0x16,
    0x6D, 0xD2, 0x86, 0x0D, 0xD5, 0xA1, 0x4D, 0xCD, 0x0D, 0x3C, 0xC3, 0xF6, 0xD8, 0xDC, 0xE6, 0xE5,
    0x1E, 0xAD, 0xD3, 0x06, 0x09, 0x15, 0x1A, 0x3C, 0x7C, 0x2D, 0x54, 0x51, 0x9D, 0x49, 0x21, 0x6B,
    0xDA, 0x8C, 0x2A, 0xDA, 0x8B, 0x2B, 0xD2, 0x6F, 0xD5, 0xA4, 0xFF, 0xDE, 0x52, 0xF1, 0xA0, 0xA5,
    0x6C, 0xAB, 0x17, 0x36, 0xAC, 0xD6, 0x28, 0x69, 0xB4, 0x4A, 0x5A, 0x6D, 0xE2, 0x36, 0x37, 0x41,
    0x23, 0x0C, 0x59, 0x21, 0xA3, 0x6A, 0xD3, 0x8F, 0x79, 0x3F, 0x96, 0xBD, 0x3E, 0xB6, 0xCF, 0x52,
    0xDC, 0x14, 0x93, 0x71, 0x85, 0x09, 0xDA, 0xD4, 0x50, 0x23, 0x54, 0x60, 0x53, 0xBA, 0x70, 0x7C,
    0xD7, 0xD3, 0xE0, 0x92, 0xA8, 0x35, 0xCA, 0x2B, 0x6C, 0xC9, 0xBF, 0x9C, 0xD4, 0xF7, 0x3B, 0x3A,
    0x8A, 0x6A, 0xBA, 0x1E, 0x96, 0xB4, 0x1E, 0x58, 0x4A, 0xD5, 0x11, 0x85, 0xEA, 0xE2, 0x4C, 0xC7,
    0x89, 0x45, 0x2D, 0x89, 0x40, 0x12, 0x6C, 0xA3, 0x12, 0x2D, 0x89, 0x40, 0x42, 0x3F, 0xAA, 0x70,
    0x4E, 0xBE, 0x7B, 0x69, 0x99, 0xA0, 0x10, 0x22, 0xEC, 0x61, 0xE0, 0x50, 0xC7, 0xA8, 0x2D, 0x6A,
    0x03, 0xBE, 0xC1, 0x7E, 0x68, 0x99, 0x7F, 0xA2, 0x08, 0x4B, 0x44, 0x58, 0x22, 0xC2, 0x12, 0xCC,
    0x6E, 0xCC, 0x4B, 0xA3, 0xBE, 0x4A, 0x27, 0x4A, 0xA6, 0xB8, 0xA1, 0xA1, 0xB9, 0x84, 0xEA, 0x46,
    0x58, 0x96, 0x2D, 0x26, 0x78, 0xFC, 0xB7, 0x3B, 0xF8, 0xDF, 0x52, 0x4F, 0x81, 0x22, 0xDF, 0xB3,
    0x3C, 0xAE, 0xE4, 0x86, 0x35, 0xEA, 0xD5, 0xCA, 0x74, 0x48, 0xB0, 0xAC, 0x82, 0x5F, 0x30, 0xD7,
    0x6B, 0xD7, 0xDE, 0x31, 0x6C, 0x49, 0x68, 0xBE, 0x74, 0x8A, 0x16, 0xBD, 0x80, 0x9B, 0xDC, 0x30,
    0xEF, 0xD4, 0x0D, 0xF4, 0xE3, 0x86, 0x32, 0x87, 0x81, 0x4A, 0x3B, 0xE3, 0x7F, 0xE8, 0x40, 0x56,
    0x4A, 0x1B, 0x7E, 0xBB, 0x4F, 0x04, 0xF1, 0x5C, 0x49, 0x6E, 0x0C, 0x8E, 0x0C, 0xEC, 0x16, 0x46,
    0x81, 0xB9, 0xBD, 0x5A, 0x97, 0x65, 0x6E, 0x8A, 0x92, 0xCD, 0x62, 0x59, 0x2E, 0xA0, 0x9F, 0x57,
    0x45, 0x89, 0x6A, 0xF2, 0x32, 0x93, 0xA9, 0x3A, 0x43, 0x01, 0x91, 0xCC, 0x95, 0x28, 0xE3, 0x5A,
    0x9B, 0xCC, 0x62, 0x43, 0x4D, 0x56, 0x89, 0x26, 0x97, 0xA9, 0x89, 0x6D, 0x4F, 0xFD, 0x2C, 0x15,
    0x06, 0xCB, 0x9A, 0x02, 0x0A, 0xDA, 0xB9, 0xF5, 0xC9, 0xAD, 0xD3, 0xF8, 0x26, 0x5F, 0xAB, 0xB7,
    0x57, 0xEF, 0x9C, 0xC6, 0x2B, 0xFD, 0x45, 0xC5, 0x78, 0x76, 0x9D, 0x0E, 0x2F, 0x8A, 0xF1, 0xAF,
    0xA9, 0xBF, 0x4E, 0x3F, 0x83, 0x5E, 0xE9, 0xAF, 0xD3, 0xCE, 0x18, 0x8A, 0x2E, 0xFD, 0xAE, 0x53,
    0xF4, 0x75, 0x0D, 0x57, 0xE1, 0xED, 0x33, 0x2D, 0x79, 0x3F, 0xC8, 0x64, 0x1B, 0x7A, 0x4D, 0xE7,
    0xD4, 0xC6, 0xBC, 0xC5, 0x54, 0x50, 0x2B, 0xFC, 0xA4, 0x51, 0xD0, 0xAE, 0xF9, 0xCE, 0x38, 0xAC,
    0xAF, 0xF7, 0x9D, 0xC8, 0xDA, 0x65, 0x49, 0xAB, 0x72, 0x1C, 0x7F, 0xF6, 0xD0, 0xD9, 0xD0, 0xD9,
    0x91, 0x78, 0xF0, 0x61, 0xD5, 0x24, 0xFF, 0x6C, 0x72, 0x2D, 0x52, 0xD3, 0xA6, 0xAA, 0x4D, 0x1E,
    0x6D, 0xE4, 0xB2, 0xCD, 0xD9, 0xA2, 0x0E, 0xD1, 0x62, 0x35, 0x98, 0xD3, 0x1E, 0xB5, 0x58, 0x0D,
    0xF6, 0x3A, 0x0A, 0x9A, 0x31, 0xAC, 0x38, 0x51, 0x58, 0xB3, 0x8D, 0xE0, 0x19, 0xBC, 0x26, 0x77,
    0xD6, 0xE9, 0x28, 0x29, 0xC7, 0x89, 0xA1, 0x43, 0xCA, 0xAF, 0xC9, 0x22, 0x93, 0xEC, 0x36, 0x63,
    0x4A, 0x5B, 0x4F, 0x58, 0xFA, 0xDF, 0x7C, 0x19, 0x24, 0x9A, 0x17, 0x6A, 0x5E, 0xAE, 0x79, 0xD1,
    0xE6, 0xA5, 0x9B, 0x17, 0x70, 0x5E, 0xC6, 0x79, 0x31, 0xE7, 0x25, 0xA5, 0x9D, 0x99, 0xB0, 0xA1,
    0xAB, 0xA6, 0xF2, 0x8A, 0x87, 0xF5, 0x54, 0xE4, 0xEC, 0xCD, 0x66, 0x2A, 0xF5, 0xBC, 0xE0, 0x2C,
    0xF2, 0x20, 0x3B, 0x4B, 0x3D, 0x88, 0xDF, 0xC2, 0x87, 0x07, 0x0D, 0xCC, 0x2B, 0xA1, 0x05, 0x54,
    0x0D, 0x7A, 0x68, 0xC5, 0x4C, 0x15, 0xA3, 0x8C, 0xA6, 0xDA, 0xC8, 0x9A, 0x99, 0x42, 0x02, 0x09,
    0xD7, 0x12, 0xB5, 0xB0, 0xA2, 0x4C, 0x55, 0x06, 0xCF, 0x5B, 0xF7, 0xCE, 0x96, 0x97, 0xA2, 0xCE,
    0x8D, 0xB0, 0x85, 0x14, 0xA5, 0x06, 0xF6, 0x8C, 0xE1, 0xF6, 0x2D, 0xDE, 0x42, 0xC9, 0x41, 0x35,
    0x71, 0xC8, 0xBC, 0x74, 0x84, 0x51, 0xC7, 0x1D, 0x61, 0xDC, 0x56, 0x0B, 0x9F, 0xD6, 0x51, 0xC3,
    0x63, 0xC1, 0x0E, 0x46, 0xC7, 0x25, 0x8F, 0xC7, 0x6E, 0x60, 0x86, 0x18, 0x34, 0x0F, 0xA7, 0x33,
    0x99, 0x49, 0x8D, 0x30, 0x49, 0x19, 0x95, 0x8C, 0x3D, 0xC5, 0xBD, 0x8E, 0x78, 0x8D, 0xCC, 0xC0,
    0x99, 0x8D, 0x86, 0xF6, 0x0B, 0xC0, 0x5A, 0x0E, 0x41, 0x33, 0xD4, 0x5E, 0xC9, 0x18, 0xE3, 0x09,
    0x89, 0x1A, 0xA3, 0xE2, 0x1A, 0xC3, 0x80, 0xF7, 0xA6, 0x08, 0x1B, 0x0C, 0x0C, 0x1A, 0x1E, 0xD9,
    0xF0, 0xD0, 0xC3, 0xE9, 0xCE, 0x16, 0x00, 0x03, 0x15, 0x3A, 0x13, 0x7D, 0x56, 0x25, 0xF7, 0xAC,
    0x50, 0x4D, 0x46, 0x77, 0x37, 0xC1, 0xCE, 0x82, 0x64, 0xF8, 0x82, 0x11, 0xD5, 0x94, 0x56, 0x94,
    0x03, 0x74, 0x14, 0x08, 0x33, 0x84, 0x82, 0x5B, 0x06, 0x61, 0x4B, 0xE1, 0xBE, 0x87, 0xC6, 0xC6,
    0xE3, 0x99, 0xC6, 0x52, 0x92, 0x7F, 0x1D, 0x41, 0x34, 0xA0, 0x6D, 0x2A, 0x11, 0x24, 0x50, 0x70,
    0xA7, 0x8B, 0x58, 0x20, 0x81, 0x85, 0x30, 0xB0, 0x80, 0x11, 0x33, 0x02, 0xAE, 0x2E, 0x20, 0xB4,
    0xD0, 0x11, 0x25, 0x15, 0x9B, 0x0E, 0x63, 0x66, 0x52, 0x8E, 0x88, 0x16, 0xB6, 0xBE, 0x6E, 0x96,
    0x31, 0x5A, 0x7B, 0xD0, 0xC9, 0x15, 0x6B, 0x41, 0x03, 0x90, 0xD2, 0xAD, 0x27, 0x35, 0x4C, 0x27,
    0xA9, 0x8E, 0x3C, 0xC2, 0x72, 0xD8, 0x1A, 0x31, 0x95, 0xB0, 0x39, 0xCB, 0xDB, 0x5B, 0xE5, 0xE6,
    0x08, 0x8F, 0x79, 0xFD, 0x15, 0x68, 0x2E, 0x91, 0xBC, 0x28, 0x03, 0xEF, 0x3D, 0x06, 0xDE, 0x0F,
    0xB8, 0xB9, 0xD2, 0x01, 0xDC, 0x81, 0xB7, 0x41, 0x87, 0x26, 0x1C, 0x03, 0x25, 0xC3, 0x16, 0xA0,
    0x15, 0x35, 0x88, 0x0E, 0x51, 0x0D, 0x36, 0x22, 0x0B, 0xE1, 0xA2, 0xCA, 0x4B, 0x88, 0x5D, 0x88,
    0x8D, 0xE0, 0x30, 0x93, 0x02, 0x9F, 0xE9, 0x0C, 0x0D, 0xE0, 0xB6, 0xC4, 0x1B, 0x83, 0xE5, 0xF4,
    0xB1, 0x93, 0xA4, 0x79, 0xF5, 0x42, 0x76, 0x73, 0x8E, 0x92, 0xB8, 0xC7, 0x54, 0x3C, 0x75, 0x0A,
    0x88, 0x5B, 0x75, 0x94, 0xDA, 0x1B, 0xFA, 0x23, 0x7B, 0x46, 0x0B, 0x4B, 0x3A, 0xB5, 0x34, 0xCA,
    0x4B, 0xBA, 0x5B, 0x28, 0xEA, 0x18, 0x81, 0x2B, 0x0F, 0xC4, 0xDE, 0x7D, 0x18, 0x3A, 0xB7, 0xFB,
    0xF9, 0x01, 0xEE, 0x09, 0x14, 0x23, 0xA0, 0x52, 0xD1, 0xF4, 0xA1, 0xCB, 0x7B, 0x97, 0x73, 0x2D,
    0xC7, 0xF3, 0xFE, 0x9F, 0xF7, 0xBF, 0xBF, 0xA6, 0x3E, 0x26, 0x27, 0x8F, 0x28, 0xD0, 0x10, 0xCD,
    0xA7, 0x15, 0x17, 0x5C, 0x37, 0xF3, 0xDC, 0x77, 0x3A, 0x80, 0x3D, 0x1E, 0x21, 0xCC, 0x81, 0xE1,
    0x27, 0x07, 0xCE, 0x52, 0xCC, 0xE1, 0xAC, 0xF5, 0x7B, 0x82, 0xED, 0x5D, 0xEA, 0x65, 0xEA, 0x43,
    0x4E, 0xDC, 0x07, 0x46, 0x5A, 0x99, 0xAC, 0xBF, 0xDB, 0x33, 0xC6, 0x36, 0x1C, 0x0D, 0xAF, 0x51,
    0x11, 0x8E, 0x69, 0x03, 0xCF, 0x76, 0xF1, 0xCE, 0xEE, 0xE2, 0xF5, 0x3A, 0x5E, 0xAF, 0xE0, 0xB5,
    0xC0, 0xEC, 0x58, 0xAD, 0xE0, 0xDF, 0x3A, 0x05, 0xD5, 0x5C, 0x38, 0xF4, 0x0C, 0x5D, 0xCE, 0x7A,
    0x00, 0xE8, 0xDD, 0xBF, 0xF8, 0xD5, 0x8A, 0x77, 0x8C, 0xCE, 0xB1, 0xC8, 0x7F, 0x71, 0xFE, 0xE6,
    0xB4, 0x87, 0xD0, 0xE6, 0x37, 0x5E, 0x48, 0x69, 0xC7, 0x5E, 0x1F, 0xF6, 0x32, 0xF3, 0xB8, 0x65,
    0xC1, 0xEC, 0x99, 0xB8, 0x5A, 0xFC, 0x51, 0x4E, 0x02, 0xD0, 0xB2, 0x8B, 0xAC, 0xE1, 0x81, 0x92,
    0xDD, 0xFA, 0x99, 0xE4, 0x69, 0x6A, 0xB2, 0xDD, 0x11, 0x12, 0x1C, 0x13, 0xBB, 0xAE, 0x70, 0xFF,
    0xDD, 0x72, 0xEE, 0xCF, 0xF9, 0xA7, 0x75, 0xD8, 0xE9, 0xF2, 0xF2, 0x25, 0xFD, 0x66, 0xF9, 0x55,
    0x4B, 0x1B, 0x8C, 0x6F, 0x2D, 0xDD, 0x58, 0xC0, 0x1E, 0xBF, 0x41, 0x37, 0xFA, 0x88, 0x3E, 0xE8,
    0x55, 0xE5, 0x9C, 0x05, 0x48, 0xED, 0xC8, 0xB3, 0x31, 0x89, 0xBC, 0xD3, 0x18, 0xEE, 0x31, 0xAA,
    0xA6, 0x3E, 0x03, 0x20, 0x8F, 0x6A, 0xDE, 0x45, 0x7D, 0xE0, 0xBD, 0x3B, 0x44, 0x6F, 0x76, 0x4F,
    0x4A, 0xF8, 0x25, 0x6F, 0x4A, 0x6F, 0xF8, 0x2C, 0x86, 0x27, 0x14, 0x7F, 0xC3, 0x8A, 0x3D, 0x7C,
    0x62, 0x47, 0x44, 0xB7, 0x0D, 0x33, 0xC1, 0x2B, 0xD4, 0x1C, 0x24, 0x72, 0x76, 0x74, 0x4C, 0xD0,
    0x5C, 0x15, 0x3B, 0x27, 0xAA, 0xF4, 0x79, 0x49, 0x88, 0x60, 0x1D, 0xB9, 0x5B, 0x14, 0x8D, 0xFB,
    0xC4, 0x21, 0x46, 0x4D, 0x26, 0x76, 0x22, 0xC0, 0x22, 0x2F, 0x33, 0x5D, 0x8A, 0x2B, 0x52, 0x85,
    0xD5, 0x03, 0x35, 0xA3, 0x75, 0xD6, 0x4D, 0x08, 0xC0, 0x9D, 0xA7, 0x44, 0xE6, 0x08, 0x78, 0x22,
    0xB0, 0xE6, 0x88, 0xE9, 0x8C, 0x29, 0xFC, 0xF8, 0x19, 0x02, 0x62, 0x9E, 0xC0, 0x1C, 0xAF, 0xA0,
    0x53, 0xA0, 0xEE, 0x1C, 0xCC, 0x6C, 0x2F, 0xD0, 0x98, 0x0F, 0x73, 0x15, 0x9D, 0x33, 0xE9, 0x53,
    0x27, 0xB3, 0x8A, 0xD3, 0x08, 0xCD, 0x98, 0x66, 0xB5, 0x82, 0x67, 0xE3, 0x5E, 0xC8, 0xBC, 0x4C,
    0x54, 0x86, 0xCC, 0xCE, 0xF3, 0x54, 0xF5, 0x8B, 0x15, 0x3D, 0x4F, 0x01, 0x78, 0x0A, 0xC1, 0x4F,
    0x02, 0x61, 0x39, 0x73, 0xD1, 0x15, 0x1E, 0x95, 0xDE, 0x67, 0xA2, 0xA6, 0xDF, 0x92, 0xC8, 0xF6,
    0x26, 0xEA, 0x77, 0x66, 0x9B, 0x4E, 0x04, 0x2D, 0x80, 0xB5, 0xAF, 0x5E, 0x2F, 0x55, 0xBF, 0x04,
    0xEB, 0x24, 0xAD, 0xFB, 0xBB, 0x17, 0xA5, 0xA4, 0x67, 0x0A, 0x73, 0x9D, 0x59, 0xE6, 0x39, 0xB7,
    0xCC, 0x71, 0xCF, 0x67, 0xEE, 0xB9, 0x06, 0xAA, 0x28, 0xE6, 0x99, 0x39, 0xD5, 0x1E, 0x9F, 0x47,
    0xAC, 0x31, 0x39, 0xF6, 0x3C, 0xB6, 0x9E, 0xC3, 0xC6, 0xF3, 0x57, 0xF3, 0x8F, 0xCD, 0xC2, 0x7A,
    0x47, 0xD8, 0x9E, 0x31, 0x16, 0xF8, 0x28, 0x02, 0x9E, 0x40, 0x1E, 0x1C, 0x41, 0x8F, 0xE0, 0x07,
    0x2D, 0xFE, 0x8A, 0xEA, 0x24, 0x2B, 0xCE, 0xBC, 0x07, 0x57, 0x06, 0x74, 0x61, 0x59, 0xF7, 0x36,
    0xE2, 0x4E, 0xE0, 0x10, 0x79, 0xDA, 0xA0, 0x13, 0x15, 0xB2, 0xF2, 0x71, 0x58, 0xA2, 0xF5, 0x5B,
    0xC3, 0xDA, 0x48, 0x2D, 0x60, 0x9A, 0x8A, 0x12, 0x1A, 0x81, 0xCE, 0x80, 0xCE, 0x59, 0xCD, 0x30,
    0x5D, 0x30, 0x8A, 0xB1, 0xBD, 0x27, 0x8A, 0xAD, 0x0E, 0xC9, 0xDB, 0x22, 0x4D, 0x91, 0x8C, 0xF9,
    0x2A, 0x0C, 0xDB, 0x11, 0x32, 0xED, 0xF1, 0xD0, 0x16, 0x32, 0x6A, 0x4F, 0x04, 0xFE, 0x03, 0x5D,
    0xE3, 0xEC, 0xE0, 0x2B, 0xF0, 0xC7, 0xA6, 0xA8, 0xC1, 0xD5, 0xAD, 0x49, 0x36, 0xCC, 0x96, 0x9D,
    0x0C, 0x49, 0xB5, 0xEC, 0x8D, 0x3F, 0x9B, 0x38, 0xC7, 0xC6, 0xC4, 0xD4, 0x0F, 0x67, 0x20, 0x17,
    0x0C, 0x9B, 0x35, 0xC8, 0xC8, 0x98, 0x75, 0xED, 0x0B, 0x98, 0x5A, 0x74, 0x0C, 0xE7, 0x7B, 0x51,
    0xE3, 0x87, 0x20, 0x1A, 0x1D, 0x3F, 0xD9, 0x47, 0xC3, 0xE4, 0xBF, 0x43, 0x03, 0xF2, 0xD7, 0x8E,
    0x1F, 0x83, 0x2E, 0x83, 0xB7, 0x2F, 0xDF, 0xC3, 0xC1, 0x0D, 0xD0, 0xFA, 0x38, 0x77, 0x11, 0x12,
    0xE5, 0xC8, 0xB8, 0x49, 0xE5, 0x7E, 0x81, 0x9A, 0xBB, 0x2B, 0xA5, 0xC0, 0x98, 0x60, 0xE7, 0xE0,
    0x36, 0x54, 0xB0, 0xFF, 0x1E, 0x20, 0x18, 0x23, 0x5A, 0xD4, 0x6E, 0x36, 0xDA, 0xF7, 0xC7, 0x31,
    0x18, 0xE4, 0x63, 0x16, 0x86, 0xF6, 0xAB, 0x63, 0x07, 0x12, 0xD4, 0xF4, 0x77, 0x86, 0xD2, 0xFF,
    0xFC, 0xCC, 0x00, 0xE0, 0xCC, 0x2A, 0x52, 0xEE, 0xFC, 0xCB, 0x8A, 0x36, 0x2F, 0x76, 0xB4, 0xB8,
    0x81, 0x90, 0xBA, 0x21, 0x38, 0x08, 0x92, 0x8F, 0x30, 0x87, 0x51, 0xC7, 0x57, 0xD0, 0x9C, 0xB4,
    0x04, 0x51, 0xC1, 0x04, 0xAB, 0x42, 0x6D, 0x00, 0x96, 0xD7, 0x58, 0xDD, 0x6A, 0x1A, 0x6B, 0x9A,
    0xFE, 0x64, 0xA7, 0x38, 0xE7, 0x4F, 0x6A, 0x7F, 0xBE, 0x19, 0x23, 0xF9, 0xE2, 0x04, 0x6C, 0x69,
    0x02, 0xED, 0xDF, 0xA5, 0xF4, 0x73, 0x37, 0xFD, 0x66, 0xA6, 0x8A, 0x19, 0x44, 0xDC, 0xE0, 0xD0,
    0xE1, 0x3E, 0x67, 0x17, 0xBC, 0x80, 0x18, 0x87, 0x72, 0x6E, 0x36, 0x81, 0xE3, 0xC9, 0x3A, 0x37,
    0x7B, 0x6C, 0x01, 0xC5, 0x1F, 0xD2, 0x09, 0xB6, 0x7B, 0x64, 0xF7, 0xB8, 0xEE, 0x51, 0x5D, 0xD6,
    0x1C, 0x2A, 0xEB, 0xF5, 0xFE, 0x58, 0xD5, 0x5B, 0x23, 0x3B, 0x71, 0xCC, 0xF9, 0x84, 0xB8, 0xCF,
    0xC6, 0xF4, 0xD5, 0x6F, 0x19, 0x96, 0x90, 0x6E, 0xAE, 0x6A, 0x80, 0x55, 0xCE, 0x31, 0x6D, 0xED,
    0x17, 0x1A, 0x2B, 0xAF, 0x20, 0xF9, 0xA0, 0x4D, 0x3E, 0x6E, 0x6D, 0x06, 0x13, 0xD1, 0x32, 0x55,
    0xE7, 0xA5, 0x2D, 0x1E, 0x56, 0xF9, 0xFD, 0x72, 0xE1, 0x8A, 0x61, 0x2B, 0x87, 0x11, 0x0A, 0x6F,
    0x82, 0x1B, 0x3E, 0x88, 0x5D, 0xF7, 0xA6, 0x67, 0xD9, 0xF0, 0x60, 0xAE, 0x91, 0xD9, 0x8E, 0xEF,
    0xB7, 0xE2, 0xC3, 0x56, 0xC4, 0x6D, 0x1A, 0x0D, 0x5A, 0x86, 0x67, 0xD9, 0xBC, 0x0B, 0xEC, 0x7A,
    0xF6, 0x41, 0xB5, 0x1B, 0x3B, 0x73, 0x08, 0x9F, 0x5E, 0xEC, 0x55, 0xB0, 0xED, 0x95, 0xCC, 0xA0,
    0xA9, 0x3F, 0xFF, 0xB8, 0xA3, 0xF8, 0x11, 0xD3, 0x5C, 0xF3, 0x70, 0xCF, 0x67, 0x64, 0x2C, 0x0C,
    0x7A, 0xA1, 0xF8, 0x3E, 0x89, 0xB7, 0x53, 0x29, 0xFE, 0x91, 0x7B, 0xC4, 0x7B, 0x57, 0xFF, 0x7B,
    0x1F, 0x7B, 0x52, 0x8D, 0xF4, 0x17, 0x55, 0x00, 0xFE, 0xE3, 0x4F, 0xF7, 0x28, 0xFD, 0x28, 0x93,
    0xB1, 0x78, 0xB5, 0x77, 0x12, 0xBF, 0x2B, 0x71, 0x35, 0x81, 0xD5, 0x49, 0x0D, 0x6F, 0x0E, 0x47,
    0xC7, 0x01, 0x97, 0xF9, 0xBE, 0x3C, 0xC5, 0xB2, 0xA4, 0x9E, 0x8D, 0x8D, 0xBD, 0xF2, 0xA2, 0x16,
    0x59, 0xE5, 0x5B, 0x4D, 0xD2, 0xE4, 0xC6, 0x71, 0x56, 0x5A, 0x6C, 0x8D, 0x45, 0xE5, 0x13, 0xCB,
    0x14, 0x59, 0x23, 0x32, 0x4B, 0x64, 0x49, 0x48, 0x2D, 0xAB, 0xAC, 0xCF, 0x2D, 0x37, 0xFB, 0xE4,
    0x72, 0x7D, 0x86, 0x75, 0x7F, 0xE2, 0x45, 0x38, 0xC8, 0x46, 0xDD, 0xD0, 0x9B, 0x9A, 0x1E, 0x90,
    0x43, 0x54, 0x80, 0xF4, 0xD4, 0xA2, 0x61, 0xC4, 0x06, 0x44, 0x9D, 0xEF, 0x39, 0xD9, 0x1E, 0x8E,
    0xAD, 0xFD, 0x5C, 0x6E, 0xC2, 0x01, 0x32, 0xA0, 0x9B, 0x78, 0x1F, 0x83, 0x27, 0xD3, 0x1C, 0xF7,
    0xD6, 0xFA, 0xB3, 0x37, 0x0D, 0xE3, 0xE6, 0x48, 0xFA, 0x69, 0xBF, 0xF4, 0xF6, 0x16, 0x48, 0x6C,
    0xB2, 0x98, 0x4C, 0x63, 0xBA, 0x9E, 0x83, 0x69, 0x8E, 0x8A, 0x84, 0xCA, 0x68, 0x75, 0xFE, 0xB9,
    0xF6, 0xAA, 0xE5, 0x70, 0xE6, 0x7C, 0x31, 0xA5, 0x67, 0x8A, 0xE7, 0xD7, 0x3D, 0x97, 0xDF, 0xB9,
    0xF2, 0x22, 0xA9, 0xCF, 0x87, 0xEA, 0xC7, 0x05, 0x30, 0x43, 0x03, 0x05, 0xF8, 0xBE, 0x14, 0x99,
    0xA5, 0xFE, 0x43, 0x81, 0x61, 0xEF, 0x74, 0x5C, 0x67, 0x1F, 0x0F, 0x0C, 0xBE, 0x61, 0x98, 0x1B,
    0x3C, 0x96, 0x2B, 0xF7, 0xE1, 0xAE, 0xF8, 0x16, 0xC3, 0x5F, 0x63, 0xCE, 0x4F, 0xF9, 0xE2, 0x58,
    0xA9, 0xCD, 0x9A, 0x9C, 0x1D, 0xAA, 0xF9, 0x7F, 0xAE, 0xA6, 0xEA, 0x50, 0x2C, 0xEC, 0x39, 0x16,
    0x5C, 0x69, 0xB5, 0xE9, 0xE7, 0x68, 0x3C, 0xD5, 0xF2, 0xFC, 0x89, 0x11, 0x34, 0x77, 0xDC, 0xFD,
    0x16, 0x47, 0xE5, 0x57, 0xFA, 0xEB, 0xB4, 0x33, 0xF2, 0x36, 0x6B, 0x84, 0x8D, 0xCB, 0xC8, 0x9C,
    0x66, 0xBC, 0xFF, 0x7C, 0x27, 0x23, 0x83, 0x34, 0xDB, 0x66, 0x4D, 0xDE, 0x9E, 0x6E, 0x46, 0xA8,
    0x92, 0xEA, 0xF2, 0xEB, 0x97, 0x5F, 0x4F, 0xAA, 0xD3, 0x51, 0x81, 0x1C, 0xEA, 0xDB, 0x49, 0xFE,
    0x3F, 0x65, 0x54, 0x31, 0x6F, 0x1C, 0x45, 0x14, 0xFE, 0x76, 0x06, 0x65, 0x25, 0x46, 0xCA, 0xB8,
    0xA1, 0x89, 0x25, 0x0F, 0x25, 0x18, 0x29, 0x9B, 0x82, 0x22, 0x48, 0xF6, 0xED, 0x24, 0x14, 0x14,
    0x14, 0x49, 0x01, 0x95, 0x0B, 0x37, 0x14, 0x11, 0x12, 0x1C, 0x65, 0x24, 0x7C, 0x77, 0x1B, 0x90,
    0xA0, 0xA0, 0xC0, 0xFF, 0x20, 0x2E, 0x52, 0x58, 0x17, 0x09, 0x17, 0x58, 0x22, 0xA0, 0xBB, 0xEC,
    0x04, 0x0A, 0xDA, 0x41, 0x44, 0x4A, 0x41, 0x91, 0x09, 0x58, 0x24, 0xE0, 0xC2, 0x83, 0x34, 0x36,
    0x9B, 0x68, 0xED, 0xE1, 0xCD, 0x9E, 0xA3, 0x18, 0x79, 0xF5, 0x4E, 0xDA, 0x7B, 0x3B, 0xEF, 0xBD,
    0xF9, 0xBE, 0xF7, 0xBD, 0x07, 0x00, 0x7D, 0xCB, 0xF6, 0x43, 0x6E, 0x5B, 0x69, 0x5A, 0x55, 0xB5,
    0x85, 0x6E, 0x4B, 0xB4, 0x65, 0xD6, 0xF4, 0xB8, 0xEF, 0x71, 0x57, 0x0A, 0xA3, 0xFA, 0x3A, 0x6F,
    0xC0, 0x6C, 0xEE, 0x58, 0x05, 0x94, 0x46, 0x19, 0x69, 0x54, 0x55, 0xE8, 0x12, 0x25, 0x7A, 0x28,
    0x37, 0xE6, 0xC9, 0xDB, 0x82, 0xB7, 0x90, 0x0D, 0xCE, 0x07, 0x7C, 0xEB, 0xD9, 0x4F, 0x5E, 0xBC,
    0xED, 0x16, 0x56, 0x76, 0xCA, 0x78, 0xF4, 0xCA, 0xEA, 0x7D, 0x48, 0x83, 0xDA, 0x65, 0xE3, 0x8D,
    0x2C, 0x36, 0x9C, 0x6C, 0xBC, 0x2D, 0x70, 0xE1, 0x2C, 0x20, 0xA3, 0x5E, 0xD8, 0x72, 0xE0, 0x9E,
    0xEC, 0x3A, 0xF7, 0x93, 0xDC, 0x95, 0x5B, 0x95, 0x78, 0x8A, 0xF4, 0x8C, 0x1C, 0x7F, 0x14, 0xA4,
    0xF1, 0x05, 0x15, 0xA4, 0x7F, 0x51, 0xDF, 0x95, 0x86, 0x0E, 0xB4, 0x64, 0xC2, 0x4E, 0xA4, 0xE9,
    0x8D, 0x20, 0x02, 0x54, 0x6C, 0x8A, 0xD8, 0xF4, 0xC6, 0xFE, 0xCD, 0xCC, 0xCD, 0x71, 0x03, 0x09,
    0x9C, 0x07, 0xD6, 0x00, 0x4A, 0xE9, 0x20, 0x0C, 0x14, 0xF0, 0x7A, 0x97, 0x2F, 0xAB, 0x6D, 0xFE,
    0x67, 0x43, 0x08, 0xA5, 0x69, 0xE4, 0x23, 0x9F, 0xC7, 0x8A, 0xC7, 0xAA, 0x50, 0x54, 0xD4, 0xB7,
    0x54, 0x9A, 0xFB, 0xE1, 0xAA, 0x39, 0x2E, 0x5D, 0x5B, 0xBE, 0x1F, 0xD2, 0xC9, 0x6A, 0x42, 0x74,
    0x90, 0xC9, 0x07, 0x2D, 0x7B, 0x4A, 0x04, 0xA4, 0xA4, 0x17, 0x85, 0xE9, 0xF5, 0xA1, 0x76, 0x80,
    0xEB, 0x2F, 0xAC, 0x8C, 0xCD, 0x28, 0x36, 0x27, 0x3D, 0xF4, 0x74, 0xCE, 0x36, 0x41, 0x89, 0x2D,
    0xBD, 0x77, 0xA9, 0xB1, 0x38, 0xDE, 0x9C, 0x39, 0x41, 0x54, 0x16, 0xC8, 0x1A, 0xE4, 0x2E, 0xD1,
    0x53, 0xE8, 0x04, 0x73, 0x08, 0x4C, 0x4F, 0xD8, 0x00, 0x44, 0x2F, 0x9D, 0x82, 0xAC, 0xC0, 0x4C,
    0x17, 0x4F, 0x4C, 0x37, 0xCF, 0xBD, 0xAA, 0x4A, 0x91, 0x33, 0xA3, 0x77, 0xB2, 0x59, 0x96, 0x69,
    0xD7, 0x0D, 0x9F, 0x1C, 0x83, 0x2E, 0xA8, 0xFC, 0xD2, 0xAB, 0x5D, 0x42, 0xDD, 0xA8, 0x7B, 0x4D,
    0x71, 0x39, 0x94, 0xDC, 0x93, 0x0D, 0xB9, 0x1F, 0xF0, 0x67, 0xD7, 0xB2, 0x3B, 0x1D, 0xE4, 0x8A,
    0xFF, 0xE1, 0xE5, 0x3D, 0x5F, 0x5C, 0x0A, 0x25, 0x0B, 0x43, 0x16, 0xA6, 0x1D, 0x27, 0x44, 0x38,
    0x51, 0xBD, 0xA6, 0x74, 0x6F, 0x08, 0x41, 0x90, 0x89, 0xD0, 0x91, 0xC9, 0xF7, 0xAA, 0x5C, 0x69,
    0xCC, 0x1A, 0x33, 0xBB, 0x34, 0x95, 0x99, 0xA4, 0xA2, 0x6F, 0x1C, 0x55, 0x8B, 0xE3, 0xAA, 0x4B,
    0xE8, 0xF8, 0x41, 0x93, 0x9B, 0x96, 0x9B, 0x16, 0x59, 0x48, 0xCD, 0x90, 0x9A, 0x8E, 0x31, 0x37,
    0x27, 0xF5, 0x85, 0xE1, 0xD8, 0xD7, 0xD1, 0x8D, 0xC7, 0xEB, 0xC7, 0x27, 0xF7, 0x5B, 0x12, 0x1F,
    0xA3, 0x93, 0xAC, 0xC1, 0x8A, 0x45, 0xAC, 0x90, 0x7B, 0xB0, 0x70, 0x91, 0x05, 0xBA, 0xC3, 0x68,
    0xCB, 0xCE, 0x53, 0x5F, 0x58, 0x48, 0x4E, 0xE5, 0xF1, 0xA9, 0xCB, 0x1E, 0xDB, 0xFC, 0x2B, 0x7B,
    0x56, 0x9A, 0xE5, 0xD5, 0xFB, 0x31, 0xB6, 0xEF, 0xF7, 0xD7, 0x09, 0x38, 0xAB, 0x2D, 0xA3, 0x84,
    0xB1, 0x65, 0xB1, 0xE5, 0x7F, 0x4F, 0xB8, 0x7E, 0x2D, 0x4F, 0x02, 0xAB, 0xE4, 0x6D, 0xEA, 0x5A,
    0xA0, 0xF0, 0x25, 0x16, 0x96, 0x09, 0xF8, 0x96, 0x11, 0x47, 0x1D, 0x29, 0xFD, 0xC0, 0x42, 0x2B,
    0xCC, 0xB6, 0xAC, 0x3A, 0x28, 0x75, 0x55, 0xBE, 0xE3, 0x3A, 0x4E, 0xC8, 0xDC, 0xB2, 0x30, 0x45,
    0x27, 0xFA, 0x32, 0xFA, 0x51, 0xF4, 0x3F, 0xDC, 0x76, 0x8E, 0x1B, 0x2D, 0x34, 0x16, 0x80, 0x25,
    0x80, 0xF2, 0x39, 0xE4, 0x9D, 0xDC, 0xA8, 0x15, 0xD7, 0x66, 0xAD, 0xED, 0x80, 0x24, 0x6D, 0xDA,
    0x89, 0xF0, 0x81, 0x47, 0xCB, 0xA2, 0x55, 0x57, 0x68, 0x84, 0x9A, 0x35, 0xD6, 0x0C, 0x98, 0x2F,
    0x57, 0xEC, 0xAC, 0x74, 0x16, 0x2B, 0xF1, 0xAB, 0x53, 0x97, 0x7C, 0x99, 0x85, 0x64, 0x2C, 0xA8,
    0x9B, 0x3E, 0x7F, 0xEC, 0x93, 0x14, 0x84, 0xF9, 0x44, 0xE9, 0xEF, 0xA7, 0x28, 0x1C, 0xB0, 0xFD,
    0xC2, 0xEA, 0x18, 0xC8, 0x4E, 0x7A, 0x52, 0xC1, 0x99, 0x13, 0x88, 0x91, 0xF8, 0xF4, 0xB3, 0x5B,
    0x8C, 0xC7, 0x1B, 0x71, 0xF6, 0x9E, 0xE9, 0xD3, 0x02, 0x9B, 0x1E, 0xAB, 0xE3, 0xD8, 0x26, 0x5D,
    0xEB, 0xC8, 0x4F, 0xFD, 0x24, 0x38, 0xD0, 0xC0, 0xD5, 0xCE, 0x5B, 0x76, 0x9A, 0xA3, 0x30, 0xEA,
    0xB8, 0xB0, 0xC9, 0xA4, 0x3D, 0x56, 0xDA, 0xF3, 0x44, 0x94, 0x99, 0xDC, 0x04, 0x7F, 0x8E, 0x6A,
    0x7D, 0xF8, 0x5E, 0x1A, 0xAE, 0x1B, 0x84, 0x25, 0xE9, 0x6A, 0xCA, 0xDD, 0x84, 0x88, 0x50, 0x76,
    0xF8, 0xDD, 0x93, 0xE2, 0xF3, 0x80, 0x8F, 0x75, 0xFE, 0x9B, 0x55, 0xDC, 0xF5, 0x84, 0x19, 0x14,
    0xBA, 0xDE, 0x49, 0xA5, 0xA7, 0x19, 0xCA, 0x15, 0x08, 0x12, 0x33, 0x7D, 0xDD, 0x75, 0xEA, 0x72,
    0x62, 0x63, 0xD0, 0x09, 0x2F, 0xCD, 0xA3, 0xB0, 0x65, 0x5F, 0xD3, 0xD7, 0x97, 0xD7, 0xCF, 0xE5,
    0xFE, 0xAD, 0xAC, 0x71, 0x49, 0x15, 0x23, 0x9A, 0x25, 0x64, 0x7B, 0x9A, 0x5F, 0x31, 0x0B, 0xC2,
    0xDD, 0xC9, 0x03, 0xDB, 0xC4, 0x42, 0xAD, 0x5F, 0x4D, 0xF7, 0xB4, 0xD9, 0x96, 0x55, 0x37, 0xCD,
    0x40, 0xD2, 0x02, 0x43, 0xBB, 0x86, 0xC2, 0xE2, 0xCC, 0x2D, 0x80, 0x5A, 0x98, 0xA4, 0x93, 0xC6,
    0x01, 0xFC, 0x9F, 0x6D, 0xF0, 0xDD, 0x43, 0xE4, 0x61, 0x0A, 0xE1, 0x26, 0x04, 0xA6, 0xED, 0x7E,
    0xEA, 0x46, 0x03, 0x12, 0x3E, 0xCA, 0xEC, 0x99, 0xEE, 0xE1, 0xEE, 0xE9, 0x38, 0x3F, 0xD6, 0xDC,
    0x51, 0x9C, 0xA5, 0xFE, 0xFC, 0xAC, 0x21, 0xF7, 0x3A, 0x65, 0x41, 0x7D, 0x4D, 0x6C, 0xBC, 0xEB,
    0x50, 0x92, 0xBE, 0x7A, 0xC4, 0xDA, 0xB9, 0x75, 0xE5, 0x84, 0x95, 0xB4, 0x1C, 0x65, 0xA5, 0x74,
    0x81, 0xB4, 0x1E, 0x87, 0xC4, 0xD4, 0x70, 0xBD, 0xA8, 0x16, 0xBF, 0x70, 0x1F, 0xA1, 0x78, 0x78,
    0x50, 0x43, 0xFE, 0x7E, 0x58, 0x68, 0xF5, 0x63, 0x53, 0xA0, 0x20, 0xCC, 0x14, 0xEC, 0x69, 0x85,
    0x72, 0x37, 0xC4, 0x30, 0xB7, 0x53, 0x4C, 0x85, 0xAD, 0xD7, 0x27, 0xA4, 0x3E, 0x4D, 0x11, 0xC5,
    0xC3, 0xD3, 0x43, 0xEB, 0xA6, 0xFC, 0x60, 0xC2, 0x9A, 0x33, 0xB7, 0x36, 0xC1, 0xFE, 0xAD, 0xA9,
    0x0B, 0x4A, 0xB3, 0x46, 0x55, 0xDC, 0x2B, 0xCD, 0x69, 0x59, 0xD2, 0x0A, 0x25, 0x2E, 0x08, 0xDB,
    0x2F, 0x61, 0x76, 0x47, 0x9A, 0x46, 0xEA, 0x58, 0x92, 0x38, 0xCA, 0x24, 0x8B, 0x6F, 0x74, 0xFE,
    0xC0, 0xC9, 0xCF, 0x2C, 0xF5, 0x53, 0x1C, 0x26, 0x29, 0xBE, 0xA4, 0xCC, 0x12, 0xED, 0x34, 0xA9,
    0xD3, 0x94, 0x5D, 0xCD, 0xEC, 0xFC, 0x5F, 0xC5, 0x93, 0xFF, 0xAD, 0xF7, 0x0F, 0x94, 0xFD, 0x0F,
    0x7D, 0x58, 0x4D, 0x8C, 0xDE, 0x56, 0x15, 0xBD, 0xB6, 0x49, 0x9C, 0x8C, 0x95, 0x98, 0x45, 0xAA,
    0x0A, 0x26, 0xAD, 0x59, 0x14, 0x29, 0xB4, 0x09, 0x46, 0xC0, 0x22, 0x48, 0xD3, 0x79, 0x2E, 0x2C,
    0x58, 0x54, 0x90, 0xD9, 0x0C, 0x2C, 0x10, 0x0A, 0x0B, 0x56, 0x08, 0x35, 0x15, 0xDD, 0x20, 0xD1,
    0x8C, 0x0D, 0x9B, 0x91, 0x40, 0x42, 0xDD, 0x74, 0x1D, 0xA4, 0x76, 0x91, 0xCE, 0x08, 0x26, 0x12,
    0x91, 0x88, 0x44, 0xC0, 0x4E, 0x46, 0x88, 0x45, 0x24, 0xF2, 0x41, 0x14, 0xB1, 0x8C, 0x2B, 0x22,
    0x12, 0x02, 0x62, 0xDC, 0xC8, 0x51, 0x3D, 0x33, 0xB6, 0x1F, 0xE7, 0xDC, 0xE7, 0x6F, 0xD2, 0x6E,
    0xB0, 0x34, 0xF7, 0xF9, 0xB3, 0xFD, 0xDE, 0xBB, 0x3F, 0xE7, 0x9E, 0x7B, 0xDF, 0x88, 0xE8, 0x15,
    0xD9, 0x1A, 0xB2, 0xDC, 0xEA, 0x44, 0x82, 0x3E, 0x80, 0x8C, 0x9B, 0x00, 0x4F, 0x12, 0x3E, 0x15,
    0x53, 0x39, 0xB9, 0xBA, 0xBA, 0x2A, 0x79, 0x61, 0xAD, 0x85, 0x4C, 0xEA, 0x94, 0x72, 0x96, 0x88,
    0x29, 0xD2, 0xD9, 0x51, 0xBC, 0xE5, 0x57, 0xF1, 0x6E, 0x7E, 0x37, 0x13, 0x1F, 0x9F, 0xCC, 0x44,
    0xBC, 0xF2, 0xED, 0x0C, 0xF3, 0xAC, 0x6E, 0x30, 0x97, 0x6F, 0xE2, 0xF9, 0x28, 0xD7, 0x44, 0x9E,
    0xB5, 0x1B, 0x2D, 0x16, 0xB5, 0xB6, 0x91, 0xE9, 0xF2, 0xB6, 0x0B, 0xEC, 0x7E, 0x0B, 0x77, 0x8B,
    0x97, 0x44, 0x42, 0xAE, 0x91, 0x8F, 0x79, 0xEB, 0xDB, 0x1F, 0xE6, 0x5D, 0x38, 0x9C, 0xFD, 0x7D,
    0x1B, 0x77, 0xAF, 0x3F, 0xA8, 0xD3, 0xE6, 0xF1, 0x9F, 0xC4, 0xBC, 0x7F, 0xA7, 0x90, 0xFC, 0xCE,
    0x9F, 0x33, 0xC9, 0xB7, 0xCF, 0x41, 0xEF, 0x5B, 0xCF, 0x41, 0xFC, 0xE5, 0x34, 0xC4, 0x7F, 0xCE,
    0x8A, 0xE4, 0xFD, 0x15, 0xAC, 0xDC, 0xD6, 0x81, 0xA4, 0x7B, 0x55, 0x02, 0xDB, 0x1E, 0x0D, 0x12,
    0x70, 0xA3, 0xE0, 0xD2, 0x7B, 0x30, 0xF5, 0x38, 0x76, 0x88, 0xF1, 0xAD, 0x1C, 0x3D, 0x25, 0x07,
    0x57, 0x0A, 0x07, 0xF8, 0x76, 0xAB, 0x97, 0xB8, 0x0D, 0x07, 0x58, 0x13, 0x0C, 0x62, 0x33, 0xBF,
    0x0F, 0x46, 0xF1, 0xEB, 0xB0, 0xE7, 0x0C, 0x8A, 0xA4, 0xFD, 0xC1, 0x3A, 0x34, 0x28, 0xEF, 0xB5,
    0xA6, 0x49, 0x3F, 0xEC, 0x20, 0x6E, 0x36, 0xA6, 0x36, 0x85, 0x40, 0x64, 0x10, 0x39, 0xF6, 0x6D,
    0x4A, 0xAC, 0xD6, 0x8E, 0x1E, 0x66, 0x0C, 0x61, 0x16, 0xD9, 0xE1, 0x82, 0x78, 0xD6, 0x0E, 0x6E,
    0x0B, 0x91, 0x13, 0xA2, 0x56, 0xF7, 0x72, 0x81, 0x02, 0xDB, 0x40, 0xF4, 0x72, 0x5D, 0xB0, 0xC9,
    0x35, 0x89, 0x7A, 0xF9, 0xBE, 0xC4, 0x1D, 0xB7, 0x6B, 0x29, 0xE8, 0x9B, 0xA4, 0x51, 0xF5, 0xB0,
    0x80, 0xD9, 0xBB, 0x0C, 0x31, 0x9B, 0x22, 0xB2, 0x60, 0x1F, 0x15, 0x92, 0x58, 0x0B, 0xA7, 0xD9,
    0xB9, 0x9F, 0x3D, 0x8A, 0x97, 0xEC, 0x43, 0xF8, 0xC0, 0xF6, 0x4F, 0x6D, 0x1B, 0x19, 0x93, 0x72,
    0x26, 0x51, 0x8B, 0xC5, 0xE2, 0x1A, 0xCB, 0x26, 0xB3, 0x78, 0x26, 0x69, 0x75, 0x18, 0x2F, 0x19,
    0x5C, 0x27, 0xB0, 0x32, 0xDC, 0xD4, 0xD2, 0xF5, 0xD8, 0x3D, 0x86, 0xB6, 0x87, 0xCE, 0x3F, 0xC9,
    0x24, 0xB6, 0x50, 0xFC, 0xD0, 0x05, 0x04, 0x56, 0x0C, 0x37, 0xBA, 0xC8, 0x8D, 0xF6, 0xEF, 0xFB,
    0xB0, 0x0D, 0xBB, 0xC3, 0x96, 0x51, 0x4E, 0x49, 0x4E, 0x7D, 0xBD, 0x29, 0x90, 0x99, 0x0E, 0x61,
    0xA1, 0x43, 0xEC, 0x1E, 0x9E, 0x11, 0x79, 0xF1, 0xBD, 0xB0, 0x5B, 0x1B, 0xC5, 0x0C, 0x66, 0xC4,
    0xC4, 0x70, 0xD8, 0xB7, 0x7B, 0xB6, 0x0A, 0xED, 0xCF, 0x6C, 0x5D, 0x62, 0xF0, 0x6D, 0x55, 0x56,
    0xD1, 0xE0, 0x5B, 0xB1, 0x45, 0x4C, 0xC7, 0xDB, 0x2C, 0x6E, 0x35, 0x0C, 0x49, 0x13, 0xF6, 0xB0,
    0x2C, 0x6D, 0xA2, 0x1E, 0x6F, 0x4D, 0x1D, 0x77, 0x78, 0x6B, 0x66, 0x86, 0x6F, 0x4D, 0x95, 0x73,
    0xC8, 0x2B, 0xDB, 0x04, 0xE3, 0x89, 0x72, 0x7B, 0xA7, 0x09, 0x6C, 0x6B, 0xD7, 0xB7, 0x1A, 0x01,
    0x7C, 0xA6, 0xAD, 0x5F, 0x76, 0xC3, 0x8F, 0xDD, 0xF0, 0x2B, 0x37, 0xE4, 0xC4, 0x44, 0x03, 0x3F,
    0x61, 0xA8, 0xF1, 0x97, 0xF1, 0xB3, 0xD0, 0x56, 0xB2, 0xE4, 0x06, 0x00, 0x35, 0xCA, 0x6B, 0x22,
    0x35, 0x3E, 0xDF, 0x48, 0x2B, 0xDE, 0xF9, 0x4B, 0xC3, 0xEA, 0x6E, 0x06, 0x07, 0xE1, 0xAA, 0xBC,
    0xD7, 0xBE, 0x6D, 0xBF, 0xF5, 0x04, 0x4B, 0x7B, 0xD6, 0xAF, 0xE9, 0x21, 0x5C, 0xD9, 0xC2, 0xB8,
    0x61, 0xED, 0x23, 0xC1, 0x54, 0xF3, 0x00, 0x0E, 0xBD, 0x26, 0xE9, 0x3E, 0x5C, 0xD0, 0xE2, 0x35,
    0x1C, 0xD2, 0x00, 0x87, 0xC2, 0x21, 0xC0, 0xE0, 0x37, 0x08, 0x08, 0x3C, 0xBE, 0x27, 0x32, 0x02,
    0xB4, 0xB8, 0xFD, 0x83, 0x06, 0x79, 0xCC, 0x1C, 0x16, 0x2D, 0x21, 0x80, 0x4F, 0xC2, 0xD1, 0x8D,
    0xBE, 0x46, 0x98, 0x3E, 0xA1, 0x4F, 0xE9, 0x14, 0x8E, 0x21, 0xC7, 0x15, 0x21, 0x6A, 0x6C, 0x51,
    0x13, 0xA2, 0x9E, 0xFD, 0x1A, 0x82, 0x08, 0xFF, 0xD8, 0x88, 0xD9, 0xD8, 0xC6, 0x03, 0xEC, 0x93,
    0x64, 0xCF, 0x3E, 0xB6, 0xD6, 0xAD, 0x0F, 0xAC, 0x02, 0xA2, 0x30, 0x9F, 0xD1, 0xC4, 0x9C, 0x9C,
    0xAE, 0xC0, 0x9C, 0x92, 0x63, 0xA5, 0xEA, 0x48, 0x39, 0x8D, 0xD6, 0x8D, 0x8B, 0xF6, 0x5F, 0xB8,
    0xFF, 0x35, 0x50, 0x8B, 0x1F, 0xA6, 0x7F, 0x1A, 0xE3, 0x7C, 0xD2, 0x17, 0x37, 0x4E, 0x61, 0x68,
    0x18, 0x8D, 0x2E, 0xF6, 0x43, 0xE0, 0x32, 0x3E, 0xEC, 0xA7, 0x1B, 0x8D, 0xDD, 0x22, 0x26, 0x50,
    0x3B, 0xCF, 0x96, 0xF0, 0x5A, 0x1B, 0xD8, 0xA0, 0x23, 0x18, 0x11, 0xD8, 0xA8, 0x89, 0x1A, 0x44,
    0x38, 0x69, 0xE3, 0x26, 0x9C, 0x89, 0xD9, 0x07, 0x06, 0x06, 0xCD, 0x94, 0x1E, 0xD1, 0x80, 0x7E,
    0xE6, 0x0E, 0x32, 0x91, 0x98, 0xCE, 0xB7, 0xAD, 0xF3, 0x58, 0x79, 0x03, 0x4E, 0x89, 0xE0, 0x08,
    0x5B, 0xD9, 0xE2, 0x13, 0x54, 0xD6, 0x16, 0xB6, 0x5A, 0x66, 0x6E, 0xD8, 0x2C, 0x9F, 0x95, 0xB8,
    0x21, 0x5A, 0x9A, 0x32, 0x33, 0x59, 0x6A, 0x1F, 0x26, 0x83, 0xF9, 0xE7, 0x88, 0x89, 0xFD, 0xE1,
    0x31, 0x22, 0xBC, 0xF5, 0x42, 0x32, 0xC6, 0x58, 0xF4, 0x73, 0x70, 0x4D, 0x95, 0xC0, 0x86, 0x35,
    0xDC, 0x14, 0x1E, 0xD6, 0xC5, 0x66, 0x08, 0xB9, 0xCD, 0x00, 0x3B, 0xF2, 0xA0, 0x45, 0xDC, 0x25,
    0xAC, 0x78, 0x13, 0x5A, 0x89, 0x98, 0x72, 0x05, 0xA2, 0x1A, 0x67, 0xBC, 0x49, 0x6C, 0x96, 0x8A,
    0x3C, 0x63, 0xEF, 0xAE, 0xD9, 0xB7, 0xD7, 0x56, 0xB0, 0x85, 0x5E, 0x2D, 0x9F, 0x3C, 0x29, 0xEF,
    0xEE, 0x22, 0x40, 0xE5, 0xCD, 0x26, 0xBF, 0xC9, 0x34, 0xCE, 0xB7, 0x2B, 0xB3, 0xCD, 0x04, 0xCE,
    0x6F, 0x15, 0xE6, 0xEF, 0x4C, 0xBA, 0xFC, 0xB6, 0x98, 0x7B, 0xF4, 0xA2, 0xF9, 0xAF, 0x98, 0x1D,
    0xE5, 0xD9, 0x5E, 0xD2, 0x41, 0x6F, 0x3A, 0x49, 0xD4, 0xDB, 0x88, 0x57, 0xA2, 0xFE, 0x45, 0xC0,
    0x94, 0x12, 0x68, 0x23, 0xD3, 0x53, 0x9E, 0x01, 0x23, 0x1F, 0x5A, 0x81, 0xFB, 0xDB, 0xA8, 0x85,
    0x1C, 0x20, 0xA1, 0x3E, 0xA5, 0x94, 0x4E, 0xBE, 0xDA, 0xE6, 0x3F, 0x5D, 0xC9, 0x21, 0xD7, 0xBB,
    0xFF, 0x2F, 0x41, 0x0E, 0x2A, 0x1B, 0xCA, 0x18, 0x72, 0x77, 0x35, 0xAF, 0xF3, 0x75, 0x82, 0x9D,
    0x72, 0x77, 0x4E, 0x26, 0x4C, 0x1A, 0x50, 0x3B, 0x77, 0x27, 0x15, 0xAD, 0x96, 0x77, 0xE1, 0x03,
    0xB2, 0x93, 0xC3, 0x24, 0x7C, 0xB7, 0x38, 0x42, 0xC0, 0x0B, 0x40, 0x03, 0xBC, 0x16, 0x31, 0x59,
    0x93, 0x86, 0xA9, 0x5A, 0x83, 0xE8, 0x4C, 0x05, 0xA2, 0x43, 0x9E, 0x43, 0x14, 0x20, 0x3A, 0x78,
    0xAF, 0x85, 0x80, 0x85, 0x65, 0x81, 0x9C, 0xCD, 0xFF, 0x76, 0xBB, 0xCD, 0x8C, 0x3D, 0x67, 0xAB,
    0x78, 0x20, 0xF6, 0x33, 0x59, 0x71, 0xBB, 0xBE, 0xB8, 0xB1, 0xF1, 0x2E, 0x69, 0xB3, 0x95, 0x8F,
    0x5E, 0xC9, 0x48, 0xCA, 0x03, 0x3C, 0xC2, 0x36, 0x25, 0xA7, 0x81, 0xDD, 0x4C, 0x05, 0x62, 0x2B,
    0xB3, 0x05, 0xC7, 0x87, 0x4C, 0x32, 0x72, 0x64, 0x05, 0xA5, 0x36, 0x0A, 0x51, 0x22, 0x4F, 0xC7,
    0xCB, 0x0E, 0x57, 0x92, 0x30, 0x36, 0x11, 0x3D, 0xEB, 0x04, 0xDF, 0x42, 0xC5, 0x17, 0x38, 0xED,
    0x2A, 0xAD, 0x6A, 0x98, 0x33, 0xB4, 0x6A, 0x45, 0x41, 0xDE, 0xE5, 0x30, 0x2C, 0xB7, 0x2D, 0x07,
    0x1A, 0x55, 0x6B, 0x0A, 0xA6, 0x19, 0x51, 0x4E, 0xBE, 0x20, 0xC6, 0x19, 0x9E, 0xB8, 0x8B, 0x0B,
    0xA5, 0xF0, 0x65, 0x55, 0xF2, 0x03, 0xAE, 0xBB, 0x00, 0x87, 0x6C, 0xBC, 0xE5, 0x98, 0x82, 0x70,
    0xFE, 0x87, 0x66, 0x85, 0xF9, 0xAB, 0x2E, 0x0F, 0xF6, 0xAA, 0x34, 0xEF, 0xCA, 0x99, 0xA6, 0x5D,
    0xDE, 0xA8, 0x3B, 0x4D, 0xAB, 0x0E, 0x4D, 0x7B, 0x35, 0x24, 0xD6, 0x12, 0x72, 0x3F, 0xC4, 0x8C,
    0xD2, 0xB6, 0x1E, 0x92, 0x34, 0x52, 0xD6, 0xD1, 0x25, 0x25, 0x2E, 0xF2, 0x2A, 0x95, 0x04, 0x6B,
    0x24, 0xA0, 0x5A, 0x5B, 0x3D, 0x0F, 0x1E, 0xB3, 0xC5, 0x73, 0x5C, 0xE0, 0x55, 0x2D, 0x0C, 0xA3,
    0xBA, 0x83, 0x61, 0x0B, 0x75, 0xEB, 0x72, 0x3C, 0x02, 0x6B, 0xF7, 0x47, 0xAC, 0xEA, 0x87, 0xFA,
    0x5C, 0x13, 0x4E, 0x4A, 0xAD, 0x3E, 0xEA, 0xE8, 0xE3, 0x89, 0xBA, 0x3B, 0x6D, 0x26, 0x10, 0x8A,
    0x1C, 0xD6, 0x65, 0x62, 0xEB, 0x52, 0x5A, 0x0E, 0xCD, 0x0B, 0xCC, 0x34, 0x0E, 0x6E, 0x78, 0xD6,
    0x71, 0x44, 0xA2, 0x96, 0x8A, 0xEC, 0xA6, 0x77, 0x14, 0xBD, 0x85, 0xA9, 0x1C, 0x39, 0x94, 0x45,
    0x39, 0x75, 0x03, 0xA6, 0x98, 0x46, 0x9A, 0xEF, 0x8F, 0xAE, 0xB8, 0x01, 0x2A, 0xE9, 0xCC, 0x85,
    0x22, 0x55, 0x7D, 0x7B, 0xF7, 0x1B, 0xA3, 0xBE, 0x47, 0xB0, 0xCC, 0xEC, 0xD3, 0x19, 0x4B, 0xA4,
    0xB9, 0x01, 0x45, 0x91, 0x12, 0xF9, 0xFA, 0xE3, 0x9E, 0x85, 0xD2, 0x9E, 0x9B, 0x8D, 0x09, 0x8C,
    0xB1, 0x49, 0x65, 0xD7, 0xCA, 0x2A, 0xE8, 0xD3, 0xD9, 0x78, 0xD5, 0xD4, 0x51, 0x6B, 0x66, 0xC3,
    0xC5, 0x72, 0x2C, 0x67, 0xE6, 0xC3, 0x2E, 0x6D, 0xD3, 0x11, 0x51, 0x9C, 0x39, 0x55, 0x1C, 0x81,
    0x4D, 0xED, 0xC9, 0xC1, 0xE8, 0x8D, 0x13, 0xD8, 0x27, 0x8B, 0xFC, 0xCB, 0x07, 0x98, 0x53, 0x82,
    0x33, 0x3B, 0x50, 0x38, 0x8F, 0xB0, 0xC6, 0x18, 0x42, 0xC5, 0x51, 0x39, 0x22, 0x54, 0x81, 0x67,
    0x36, 0x26, 0x53, 0x9C, 0x83, 0x6D, 0xE5, 0x0E, 0x69, 0x76, 0x94, 0x89, 0x37, 0x99, 0xC5, 0xA7,
    0x59, 0xDE, 0x2F, 0xB2, 0x9B, 0xB0, 0xD0, 0xC3, 0x63, 0xEC, 0x02, 0x3B, 0xD8, 0x2C, 0xBA, 0xDD,
    0x96, 0x55, 0xFC, 0xF5, 0x3A, 0xAF, 0x8C, 0x5F, 0x91, 0x99, 0xD5, 0xF8, 0x15, 0x18, 0x17, 0x34,
    0x10, 0x61, 0x83, 0x84, 0x0F, 0xBA, 0xA4, 0x62, 0x77, 0x85, 0x45, 0x2F, 0x74, 0x44, 0xE4, 0x9E,
    0xB2, 0x30, 0x83, 0x05, 0xE6, 0x1D, 0x26, 0xDA, 0xF5, 0x94, 0x7E, 0xBC, 0x2D, 0x54, 0x23, 0xF0,
    0x45, 0x07, 0x16, 0xF3, 0xB7, 0xC6, 0x4D, 0x5B, 0x6B, 0xE9, 0xAA, 0x11, 0xCE, 0x80, 0x3C, 0xDE,
    0x50, 0x05, 0xB3, 0xC7, 0xC8, 0x2B, 0xB1, 0x6B, 0x15, 0x70, 0xDC, 0xEF, 0x98, 0x7F, 0x4A, 0x68,
    0xD7, 0x5C, 0x68, 0x22, 0x01, 0x7E, 0x0F, 0xF9, 0xC9, 0x47, 0x5A, 0x0B, 0x5C, 0x4B, 0x14, 0x8B,
    0xD4, 0x41, 0x8D, 0x41, 0x78, 0x7E, 0x84, 0xE9, 0x66, 0x76, 0x45, 0x19, 0xB9, 0xC9, 0x0B, 0xCC,
    0xAD, 0x2F, 0x42, 0x35, 0x8F, 0xA5, 0xA9, 0xF7, 0x2B, 0xB6, 0x51, 0x94, 0x50, 0x44, 0x8B, 0x51,
    0x40, 0x1F, 0x35, 0x68, 0x3A, 0x60, 0x76, 0x54, 0x02, 0xF6, 0x75, 0x0C, 0x47, 0x99, 0xFA, 0x38,
    0xD3, 0xB9, 0x39, 0x96, 0xB2, 0x2E, 0x9C, 0x04, 0xFC, 0xE2, 0xF6, 0x34, 0xFC, 0x12, 0x0D, 0x4B,
    0xD0, 0x94, 0x2D, 0x66, 0x35, 0xB5, 0x45, 0xC2, 0x64, 0xC5, 0x75, 0xC5, 0xE9, 0xE3, 0x18, 0xD2,
    0xE1, 0x55, 0x5C, 0x5F, 0x02, 0x23, 0x74, 0xF0, 0xFF, 0xAD, 0x40, 0x0C, 0x6E, 0xE9, 0x10, 0xAD,
    0xAB, 0x1D, 0x89, 0xB2, 0x82, 0xBC, 0xCC, 0x41, 0x5D, 0x07, 0x0F, 0x6E, 0xEE, 0x6D, 0x5A, 0xB4,
    0x8A, 0x7E, 0x4D, 0x57, 0xF9, 0xFC, 0x75, 0x59, 0xD4, 0x7D, 0x64, 0x0D, 0xE7, 0x8C, 0x65, 0xD7,
    0x6C, 0x5D, 0x67, 0x95, 0x60, 0x91, 0xA7, 0x9F, 0x02, 0xD6, 0x8C, 0x0A, 0x0C, 0x83, 0x1E, 0xEC,
    0x3E, 0x02, 0x03, 0x2A, 0xEB, 0x0E, 0xFC, 0x54, 0x8E, 0xDA, 0x67, 0xD3, 0xC1, 0x09, 0x8B, 0x1D,
    0x40, 0x1D, 0x42, 0x26, 0x55, 0x88, 0xC9, 0x87, 0xB3, 0xC8, 0xE5, 0x5A, 0xEB, 0x28, 0x22, 0x5B,
    0xD8, 0x28, 0xD9, 0x4A, 0xF8, 0xAE, 0x6E, 0x93, 0x60, 0x8D, 0xCA, 0x40, 0x2D, 0x09, 0x35, 0x28,
    0xDA, 0x28, 0x4E, 0xF6, 0x12, 0x1D, 0x2A, 0xD1, 0xF3, 0x60, 0xF1, 0x35, 0x22, 0xE2, 0x3B, 0xBD,
    0xD2, 0x96, 0xC6, 0x75, 0xE5, 0x23, 0x11, 0xBB, 0x7A, 0xD0, 0xEF, 0x5A, 0xF6, 0xBB, 0x0F, 0xB0,
    0xF6, 0x8D, 0x3B, 0xE8, 0x25, 0xBE, 0x7A, 0x13, 0x6D, 0x97, 0x7F, 0x13, 0xFD, 0x2E, 0x02, 0x13,
    0x53, 0x24, 0x6D, 0x98, 0xB1, 0xEF, 0x52, 0xBC, 0x50, 0x1C, 0x67, 0x11, 0x3A, 0x46, 0x71, 0x92,
    0xE2, 0x34, 0x9F, 0x2D, 0x51, 0xED, 0xB3, 0xEC, 0x77, 0xBF, 0xCC, 0x7E, 0xB7, 0xFD, 0x78, 0xBF,
    0x7B, 0x9F, 0xE9, 0xE4, 0x7A, 0x56, 0x24, 0x9B, 0xA9, 0x48, 0xA1, 0x05, 0xCB, 0x77, 0x06, 0x61,
    0x5F, 0x19, 0xD1, 0xC7, 0x6E, 0xDA, 0x77, 0x69, 0x74, 0xE7, 0x8F, 0x48, 0x79, 0x7F, 0x08, 0xD9,
    0x11, 0x87, 0x1D, 0x04, 0x7C, 0x12, 0xF6, 0xB0, 0x2F, 0x62, 0x97, 0x10, 0x6B, 0xF3, 0xDA, 0xA4,
    0xAC, 0x81, 0xE0, 0x81, 0xA4, 0x06, 0x69, 0xA4, 0x14, 0xE8, 0x04, 0x67, 0x3C, 0x7F, 0xE0, 0x58,
    0x52, 0xB1, 0x22, 0xCC, 0xFB, 0x4F, 0x7A, 0x0F, 0x65, 0x2B, 0xDD, 0x27, 0x63, 0x66, 0x68, 0x6E,
    0xC8, 0x2F, 0x1E, 0xC8, 0xA5, 0x02, 0xD3, 0x7C, 0xCA, 0x45, 0xD1, 0x53, 0xA4, 0x6B, 0x94, 0x4A,
    0xFA, 0x54, 0x75, 0x0E, 0xDD, 0xEF, 0x7E, 0xCE, 0x89, 0x24, 0xA6, 0x3F, 0x76, 0xA3, 0xBC, 0x71,
    0xFB, 0xEC, 0x20, 0xBF, 0xFD, 0xE5, 0x57, 0x7A, 0xF9, 0xDD, 0x37, 0x7E, 0x02, 0x6C, 0xFE, 0x06,
    0x93, 0x63, 0x6E, 0x11, 0x2F, 0x61, 0xD6, 0xF1, 0xB3, 0xB0, 0xF2, 0xE8, 0x67, 0x0A, 0x51, 0x5E,
    0xAE, 0x62, 0x87, 0xD0, 0xA7, 0xE7, 0x0B, 0x04, 0xD5, 0xEC, 0x8C, 0xA5, 0x2C, 0x47, 0x5D, 0x2A,
    0x6F, 0xC2, 0x1A, 0xB9, 0x16, 0xB7, 0xCF, 0xCB, 0xF7, 0x92, 0xE6, 0xE8, 0xC4, 0xB1, 0xE9, 0xBC,
    0xA8, 0x3A, 0x3E, 0xCC, 0xAB, 0x79, 0x3E, 0xCE, 0x2B, 0xAB, 0x83, 0xDC, 0xA2, 0xCB, 0xD9, 0x46,
    0xBB, 0x75, 0x5B, 0xA8, 0xD0, 0xAE, 0xD2, 0x41, 0x91, 0x5F, 0x73, 0x73, 0x59, 0xD8, 0x64, 0xE3,
    0xA6, 0x2F, 0x94, 0xB4, 0xF2, 0x9E, 0x6A, 0xB0, 0xF8, 0x10, 0x42, 0x2A, 0xD2, 0x6E, 0x7E, 0xB2,
    0x89, 0xC7, 0x79, 0x65, 0x60, 0x2B, 0x0C, 0xE7, 0x1C, 0xF8, 0x45, 0xBF, 0xD1, 0xED, 0x72, 0x6E,
    0x1C, 0x68, 0x95, 0xEC, 0xD0, 0xEA, 0x87, 0xED, 0x6B, 0x58, 0x79, 0x9F, 0x87, 0x45, 0x75, 0x5D,
    0x7B, 0x04, 0x73, 0xDF, 0xBF, 0x2E, 0xC1, 0xD6, 0x0E, 0xBE, 0xD3, 0x1E, 0xA6, 0x9C, 0x9D, 0x61,
    0x8B, 0x66, 0xE5, 0x78, 0x9E, 0xB1, 0x29, 0xC8, 0x50, 0x2C, 0x4B, 0x49, 0x32, 0xF0, 0x6C, 0xCA,
    0xDE, 0x72, 0x99, 0xBE, 0xBD, 0x0E, 0xAD, 0x36, 0x9B, 0xA7, 0xDD, 0xA4, 0xAB, 0xC6, 0x29, 0x15,
    0x5A, 0x4A, 0xD8, 0xB7, 0x47, 0x3C, 0x74, 0x9C, 0x9F, 0x52, 0x20, 0x4B, 0xEC, 0xA3, 0xB2, 0xF2,
    0xBE, 0xCB, 0x76, 0xEC, 0xA4, 0x04, 0x95, 0x9C, 0xCE, 0x20, 0x96, 0x6F, 0xE1, 0xB4, 0x61, 0xEC,
    0x79, 0x7C, 0x88, 0xEF, 0xFC, 0xF6, 0x9D, 0x86, 0x59, 0x80, 0x2C, 0xA5, 0x38, 0xD1, 0xA0, 0xA6,
    0x4B, 0x47, 0xDC, 0x97, 0xD8, 0x08, 0xDF, 0xD5, 0x93, 0xCE, 0x53, 0x5A, 0x9C, 0x7A, 0x4A, 0x64,
    0x5A, 0xC7, 0xD9, 0xBB, 0x2B, 0x22, 0x5A, 0x0D, 0x26, 0xE9, 0xB2, 0xFE, 0x80, 0xFA, 0xBF, 0x52,
    0xA3, 0xA7, 0x1A, 0x7D, 0xA0, 0xCE, 0x1F, 0x82, 0x19, 0x4E, 0x89, 0x7D, 0x80, 0x73, 0x6F, 0xD8,
    0x51, 0x46, 0x6D, 0x58, 0xE4, 0x45, 0xDC, 0x44, 0x59, 0x99, 0xC5, 0xC8, 0x16, 0x27, 0x2D, 0x80,
    0x9A, 0xD0, 0xDC, 0xD9, 0xE7, 0x51, 0x54, 0x4C, 0x75, 0xC6, 0xE7, 0x99, 0x65, 0x89, 0x85, 0xC5,
    0x90, 0xBE, 0x53, 0x76, 0x19, 0xE1, 0x80, 0x18, 0x20, 0xEB, 0x06, 0x74, 0x10, 0x60, 0x1C, 0x6D,
    0x99, 0xF4, 0x90, 0x83, 0xC3, 0x28, 0xEB, 0x1A, 0x12, 0x3D, 0x6D, 0x4C, 0xE3, 0x97, 0x80, 0x32,
    0x78, 0xF2, 0xFE, 0x84, 0x12, 0x02, 0x24, 0x66, 0x35, 0x50, 0xF1, 0x14, 0x20, 0xFE, 0xC1, 0x29,
    0xD0, 0x38, 0xAA, 0xF6, 0x3E, 0xC9, 0x0E, 0xE4, 0x0B, 0x3C, 0xF2, 0xBE, 0x0E, 0x71, 0x61, 0x54,
    0xE8, 0x20, 0x87, 0x7A, 0x6C, 0x6E, 0x1E, 0xDE, 0x43, 0xE1, 0xFC, 0xEC, 0xED, 0x99, 0x37, 0x7E,
    0xF1, 0xE7, 0xA8, 0x78, 0x5F, 0x02, 0x8F, 0xF5, 0x6F, 0xB0, 0xDC, 0xBE, 0xF3, 0xB1, 0xEE, 0xE8,
    0x40, 0x28, 0x02, 0xFC, 0xF1, 0xA0, 0x36, 0xB8, 0x22, 0x3D, 0xAE, 0xB8, 0xFE, 0x4C, 0x4F, 0xF4,
    0xB9, 0x3B, 0xD6, 0x7B, 0x3C, 0x10, 0x06, 0xBF, 0xE0, 0xEB, 0x6F, 0x4E, 0x65, 0x26, 0x65, 0x56,
    0xA0, 0x2E, 0xA3, 0xAC, 0x31, 0xB3, 0xC3, 0x0E, 0x39, 0x1E, 0xA1, 0x7B, 0x45, 0x52, 0x33, 0xC7,
    0x59, 0xE5, 0x90, 0xDE, 0x15, 0x9A, 0x87, 0x61, 0x7E, 0xEA, 0x25, 0x65, 0xE8, 0xBF, 0x17, 0xF2,
    0x62, 0x2E, 0xD0, 0xD3, 0x57, 0xAE, 0x6D, 0xB0, 0xE8, 0x26, 0xBC, 0x11, 0x66, 0xBF, 0x44, 0x32,
    0xC3, 0xE6, 0x6F, 0x21, 0x13, 0x79, 0xB8, 0x3F, 0xC6, 0x70, 0x1E, 0x79, 0x41, 0xE4, 0x7F, 0x13,
    0x0D, 0x65, 0xA8, 0xFF, 0xEF, 0x50, 0xFF, 0x9F, 0x21, 0x6B, 0x15, 0x03, 0x00, 0x9D, 0x94, 0x31,
    0x92, 0xD3, 0x30, 0x14, 0x86, 0x65, 0xBB, 0x70, 0xA1, 0xC2, 0x5B, 0xB0, 0x43, 0x41, 0x91, 0x03,
    0x50, 0xE4, 0x06, 0xC8, 0x33, 0x5C, 0x20, 0x45, 0x32, 0x14, 0x1C, 0x62, 0x8F, 0x60, 0x0F, 0x27,
    0xD8, 0xA1, 0xD9, 0x2B, 0x2C, 0xE1, 0x10, 0xF6, 0x11, 0xC2, 0x50, 0xD0, 0x9A, 0x86, 0x16, 0x15,
    0xD9, 0x19, 0xB3, 0x63, 0xEB, 0xF1, 0xFE, 0x5F, 0x8A, 0x43, 0x96, 0x82, 0x61, 0x55, 0xE4, 0x29,
    0x89, 0xF4, 0xF4, 0xBE, 0xFF, 0xFD, 0x92, 0x31, 0x18, 0x3B, 0x7C, 0xAC, 0x82, 0x15, 0xAF, 0x51,
    0x3A, 0xF9, 0x36, 0x19, 0x53, 0xCC, 0x95, 0x7C, 0xD0, 0x58, 0x4E, 0x56, 0x32, 0xFD, 0xBD, 0x1A,
    0x33, 0xC1, 0xB2, 0xEA, 0x98, 0x33, 0xDE, 0x3C, 0x7E, 0x96, 0x7B, 0x5D, 0x26, 0x3A, 0x74, 0x59,
    0xD6, 0x3C, 0xBC, 0x9F, 0xB7, 0xFA, 0xBB, 0x3B, 0xD8, 0x09, 0xFF, 0xBB, 0xDE, 0x8E, 0x88, 0x4D,
    0x5F, 0x31, 0x76, 0x7D, 0x75, 0x44, 0x94, 0x76, 0xE5, 0x19, 0xEB, 0x35, 0xA2, 0x26, 0x75, 0x43,
    0x8A, 0x07, 0x8D, 0x79, 0xD0, 0x9D, 0x1A, 0x8B, 0xA0, 0x3B, 0x11, 0x67, 0xDD, 0x69, 0x50, 0x86,
    0xEE, 0xD4, 0xA8, 0xC9, 0xA5, 0x46, 0x7C, 0x52, 0xCE, 0xCA, 0xEB, 0x4A, 0x1D, 0xEB, 0x43, 0xC1,
    0xE3, 0x9B, 0xB6, 0x42, 0xFA, 0xD7, 0xA1, 0x14, 0x6C, 0x77, 0x43, 0xF9, 0xCB, 0xA4, 0xB1, 0xAB,
    0xB9, 0x41, 0xB8, 0x5E, 0xEE, 0xB0, 0x3D, 0x9F, 0x73, 0x64, 0x2D, 0xA7, 0x2C, 0x20, 0xE7, 0x68,
    0x36, 0x4C, 0x6D, 0x22, 0xE8, 0xFE, 0x53, 0xE4, 0x4C, 0x98, 0xD3, 0x99, 0xD2, 0x45, 0xB8, 0x26,
    0xB2, 0x75, 0x3D, 0xD1, 0x12, 0xA1, 0x02, 0x0E, 0x0B, 0x5F, 0xC2, 0xCB, 0x23, 0x55, 0x82, 0xD3,
    0x8A, 0x9B, 0x2F, 0x44, 0x73, 0x42, 0xB2, 0xD5, 0x08, 0x30, 0x93, 0xD5, 0xCB, 0xE1, 0x51, 0x2B,
    0xA5, 0x32, 0x11, 0xCA, 0x90, 0x89, 0x5F, 0x28, 0x9B, 0x39, 0xF7, 0x4F, 0x89, 0x88, 0xAA, 0x44,
    0x7D, 0x24, 0x6A, 0x49, 0x04, 0xB0, 0xD4, 0xBC, 0xEA, 0xC8, 0x70, 0xF3, 0xF8, 0x51, 0x48, 0xF4,
    0x35, 0x90, 0xE8, 0xED, 0x4C, 0xA2, 0x32, 0x12, 0x11, 0x2C, 0x75, 0x2D, 0x35, 0x4D, 0xDA, 0x18,
    0x6A, 0x94, 0xA3, 0x29, 0xD6, 0x7E, 0x01, 0x43, 0xBF, 0x0E, 0x24, 0x62, 0x98, 0x8D, 0xFB, 0x9E,
    0x88, 0x6A, 0x12, 0xCD, 0x24, 0x32, 0xFF, 0x4B, 0x64, 0xCC, 0xF5, 0x36, 0x9A, 0x32, 0x17, 0xF6,
    0x5D, 0xBA, 0x9F, 0x0F, 0x32, 0x44, 0x5B, 0xF6, 0xCE, 0x47, 0x5F, 0xD6, 0x38, 0x93, 0x6C, 0xD7,
    0x7F, 0x58, 0x81, 0xD6, 0xDC, 0xEF, 0xDB, 0xE8, 0x4D, 0x6C, 0xA7, 0x39, 0x77, 0xC8, 0x43, 0x4A,
    0x28, 0x02, 0x7B, 0x52, 0x0C, 0x90, 0x72, 0x1F, 0x58, 0x8B, 0x90, 0xFA, 0x47, 0x33, 0xC1, 0xA2,
    0x98, 0x80, 0x78, 0x80, 0x3A, 0xEC, 0x22, 0xF4, 0x21, 0x35, 0x14, 0x62, 0x27, 0x39, 0x81, 0x4F,
    0xAB, 0x69, 0x13, 0x8D, 0x6A, 0xB5, 0x54, 0x3A, 0xB5, 0x80, 0x0C, 0xA3, 0xD1, 0xFC, 0x57, 0x8B,
    0xFC, 0x67, 0xB3, 0x2E, 0x6E, 0x3D, 0xD9, 0x75, 0xF1, 0xEB, 0x85, 0x61, 0xA1, 0xC6, 0xE6, 0xA4,
    0x46, 0x18, 0x4F, 0x6A, 0x1C, 0xFF, 0x52, 0xE3, 0x74, 0x4D, 0x21, 0x24, 0xD5, 0x80, 0x3E, 0xBC,
    0xA8, 0x3A, 0x89, 0x37, 0x55, 0x7D, 0x47, 0x35, 0x36, 0xB8, 0x55, 0x51, 0x8D, 0x36, 0x5D, 0x56,
    0xC8, 0x02, 0x98, 0xEC, 0xA4, 0x06, 0x27, 0x50, 0x83, 0xFA, 0x50, 0x8D, 0x90, 0xD4, 0x48, 0xB2,
    0x44, 0xD3, 0x50, 0x0D, 0x4C, 0xA8, 0x86, 0x9D, 0x92, 0x1A, 0x76, 0xBA, 0x8A, 0x6A, 0x94, 0xFA,
    0xAE, 0x50, 0x0D, 0x58, 0x32, 0xAA, 0xF1, 0xE2, 0xF9, 0x6A, 0x64, 0xD1, 0xED, 0x6B, 0x19, 0xF9,
    0x6C, 0xDC, 0x85, 0xF8, 0x4A, 0xC8, 0xF9, 0x71, 0xA8, 0x78, 0xC4, 0xE9, 0x80, 0x95, 0x2F, 0xF1,
    0x50, 0xAD, 0xBD, 0xC3, 0x05, 0x76, 0xC3, 0xCB, 0xB0, 0xFD, 0xA7, 0xDB, 0xFD, 0xE2, 0x76, 0x73,
    0xE9, 0x76, 0x79, 0xEA, 0xF6, 0xE1, 0x36, 0xBA, 0xFD, 0x80, 0xC3, 0xAB, 0xF0, 0x2C, 0xB7, 0x5F,
    0x12, 0x85, 0x77, 0xA8, 0xBA, 0x38, 0x12, 0xC5, 0x7A, 0xD3, 0x21, 0xDB, 0x10, 0xC1, 0x06, 0x80,
    0xBD, 0x92, 0x01, 0x44, 0xD2, 0x81, 0xA8, 0x18, 0x2B, 0xAF, 0x44, 0xD6, 0x97, 0x5E, 0xEB, 0xB0,
    0xC7, 0x02, 0x60, 0x76, 0xA6, 0x16, 0xA5, 0x56, 0xA5, 0x60, 0xB9, 0x72, 0xA3, 0x9C, 0x46, 0x58,
    0x8E, 0x95, 0x9E, 0x2F, 0x6F, 0xD7, 0x6B, 0x05, 0x6F, 0x54, 0x02, 0x45, 0x69, 0xCC, 0x9A, 0xA1,
    0x76, 0xAD, 0xF3, 0xB7, 0xEE, 0x47, 0xD0, 0x62, 0x0E, 0x56, 0x1D, 0x66, 0x03, 0x7B, 0x65, 0x36,
    0xE6, 0x37, 0x35, 0xCE, 0xA1, 0x11, 0xC2, 0x40, 0x10, 0x46, 0xE1, 0x3F, 0xAC, 0x88, 0x40, 0x1C,
    0x1D, 0xA4, 0x84, 0x18, 0x7C, 0xF0, 0x34, 0x84, 0x82, 0xEB, 0x00, 0x8F, 0xA1, 0x11, 0x8A, 0xB8,
    0x12, 0x62, 0xE8, 0x20, 0x22, 0x82, 0xBB, 0xC7, 0x2E, 0x19, 0x4E, 0xEC, 0x13, 0xDF, 0xEC, 0xEC,
    0x49, 0xFF, 0x77, 0xDC, 0x52, 0x7F, 0xD3, 0x38, 0x45, 0x12, 0x25, 0x32, 0xB1, 0x44, 0xDA, 0x23,
    0xD0, 0x8A, 0x46, 0xC7, 0x94, 0x5F, 0x7B, 0xC7, 0x29, 0x57, 0x73, 0xE4, 0x5D, 0xAD, 0xFA, 0x16,
    0xD5, 0x37, 0x13, 0x7C, 0x8C, 0x32, 0xC1, 0x92, 0x58, 0x6E, 0x50, 0x46, 0xD6, 0x01, 0x76, 0x30,
    0xF7, 0x70, 0x86, 0xDC, 0xC1, 0x9D, 0x26, 0x39, 0xB2, 0x4A, 0x8E, 0xCC, 0x52, 0xDF, 0x8C, 0x2C,
    0x75, 0xD5, 0x5A, 0xDC, 0xBB, 0xDA, 0x1A, 0x19, 0x9E, 0x73, 0xA4, 0x0F, 0x72, 0x6C, 0xDB, 0x3F,
    0x2F, 0x5B, 0x0E, 0x92, 0xBE,
};

static const EpdGlyph notoserif_14_bolditalicGlyphs[] = {
    { 0, 0, 0, 0, 0, 0, 0 }, // U+0000
    { 0, 0, 121, 0, 0, 0, 0 }, // U+000D
    { 0, 0, 121, 0, 0, 0, 0 }, // U+0020
    { 10, 22, 184, 2, 21, 55, 0 }, // !
    { 13, 9, 237, 4, 21, 30, 55 }, // "
    { 17, 21, 261, 0, 21, 90, 85 }, // #
    { 17, 26, 261, 0, 23, 111, 175 }, // $
    { 24, 23, 418, 2, 22, 138, 286 }, // %
    { 24, 23, 374, 0, 22, 138, 424 }, // &
    { 6, 9, 135, 4, 21, 14, 562 }, // '
    { 13, 28, 187, 1, 23, 91, 576 }, // (
    { 13, 28, 187, -2, 23, 91, 667 }, // )
    { 14, 13, 288, 4, 23, 46, 758 }, // *
    { 14, 13, 261, 1, 17, 46, 804 }, // +
    { 7, 10, 142, -1, 5, 18, 850 }, // ,
    { 9, 4, 145, 0, 10, 9, 868 }, // -
    { 6, 6, 142, 0, 5, 9, 877 }, // .
    { 15, 27, 134, -3, 23, 102, 886 }, // /
    { 16, 23, 261, 1, 22, 92, 988 }, // 0
    { 14, 21, 241, 0, 21, 74, 1080 }, // 1
    { 18, 22, 261, -1, 22, 99, 1154 }, // 2
    { 18, 23, 261, -1, 22, 104, 1253 }, // 3
    { 16, 21, 261, 0, 21, 84, 1357 }, // 4
    { 17, 22, 261, 0, 21, 94, 1441 }, // 5
    { 17, 23, 261, 1, 22, 98, 1535 }, // 6
    { 17, 21, 261, 1, 21, 90, 1633 }, // 7
    { 17, 23, 261, 0, 22, 98, 1723 }, // 8
    { 17, 23, 261, 0, 22, 98, 1821 }, // 9
    { 8, 17, 167, 1, 16, 34, 1919 }, // :
    { 10, 21, 167, -1, 16, 53, 1953 }, // ;
    { 14, 15, 261, 1, 18, 53, 2006 }, // <
    { 14, 9, 261, 1, 15, 32, 2059 }, // =
    { 14, 15, 261, 1, 18, 53, 2091 }, // >
    { 14, 23, 250, 2, 22, 81, 2144 }, // ?
    { 25, 26, 430, 1, 21, 163, 2225 }, // @
    { 23, 21, 351, -2, 21, 121, 2388 }, // A
    { 21, 21, 314, -1, 21, 111, 2509 }, // B
    { 20, 23, 312, 1, 22, 115, 2620 }, // C
    { 23, 21, 358, -1, 21, 121, 2735 }, // D
    { 21, 21, 295, -1, 21, 111, 2856 }, // E
    { 21, 21, 290, -1, 21, 111, 2967 }, // F
    { 22, 23, 372, 1, 22, 127, 3078 }, // G
    { 27, 21, 382, -1, 21, 142, 3205 }, // H
    { 15, 21, 187, -1, 21, 79, 3347 }, // I
    { 19, 28, 187, -5, 21, 133, 3426 }, // J
    { 25, 21, 346, -1, 21, 132, 3559 }, // K
    { 20, 21, 305, -1, 21, 105, 3691 }, // L
    { 31, 21, 444, -1, 21, 163, 3796 }, // M
    { 27, 21, 368, -1, 21, 142, 3959 }, // N
    { 22, 23, 370, 1, 22, 127, 4101 }, // O
    { 21, 21, 309, -1, 21, 111, 4228 }, // P
    { 22, 29, 367, 1, 22, 160, 4339 }, // Q
    { 22, 21, 330, -1, 21, 116, 4499 }, // R
    { 18, 23, 274, 0, 22, 104, 4615 }, // S
    { 21, 21, 305, 1, 21, 111, 4719 }, // T
    { 23, 22, 349, 2, 21, 127, 4830 }, // U
    { 22, 21, 326, 2, 21, 116, 4957 }, // V
    { 33, 21, 498, 2, 21, 174, 5073 }, // W
    { 26, 21, 342, -2, 21, 137, 5247 }, // X
    { 22, 21, 323, 2, 21, 116, 5384 }, // Y
    { 22, 21, 311, -1, 21, 116, 5500 }, // Z
    { 15, 27, 193, 0, 23, 102, 5616 }, // [
    { 4, 27, 134, 3, 23, 27, 5718 }, // <backslash>
    { 15, 27, 193, -2, 23, 102, 5745 }, // ]
    { 14, 14, 261, 1, 21, 49, 5847 }, // ^
    { 15, 3, 214, -3, -2, 12, 5896 }, // _
    { 7, 6, 156, 4, 23, 11, 5908 }, // `
    { 18, 17, 310, 1, 16, 77, 5919 }, // a
    { 17, 24, 291, 0, 23, 102, 5996 }, // b
    { 15, 17, 246, 1, 16, 64, 6098 }, // c
    { 18, 24, 310, 1, 23, 108, 6162 }, // d
    { 15, 17, 250, 1, 16, 64, 6270 }, // e
    { 22, 30, 189, -5, 23, 165, 6334 }, // f
    { 21, 24, 271, -2, 17, 126, 6499 }, // g
    { 19, 24, 306, 0, 23, 114, 6625 }, // h
    { 9, 24, 165, 1, 23, 54, 6739 }, // i
    { 15, 30, 158, -5, 23, 113, 6793 }, // j
    { 19, 23, 279, 0, 23, 110, 6906 }, // k
    { 9, 24, 165, 1, 23, 54, 7016 }, // l
    { 27, 18, 452, 1, 17, 122, 7070 }, // m
    { 19, 17, 314, 1, 16, 81, 7192 }, // n
    { 16, 17, 288, 1, 16, 68, 7273 }, // o
    { 18, 23, 291, -1, 16, 104, 7341 }, // p
    { 17, 23, 295, 1, 16, 98, 7445 }, // q
    { 16, 16, 257, 1, 16, 64, 7543 }, // r
    { 15, 17, 240, 0, 16, 64, 7607 }, // s
    { 12, 21, 195, 1, 20, 63, 7671 }, // t
    { 19, 17, 314, 1, 16, 81, 7734 }, // u
    { 17, 17, 274, 0, 16, 73, 7815 }, // v
    { 24, 17, 408, 1, 16, 102, 7888 }, // w
    { 19, 16, 282, -1, 16, 76, 7990 }, // x
    { 22, 23, 274, -5, 16, 127, 8066 }, // y
    { 16, 16, 260, 0, 16, 64, 8193 }, // z
    { 15, 27, 206, 1, 23, 102, 8257 }, // {
    { 3, 30, 261, 7, 23, 23, 8359 }, // |
    { 15, 27, 206, -2, 23, 102, 8382 }, // }
    { 14, 7, 261, 1, 14, 25, 8484 }, // ~
    { 0, 0, 121, 0, 0, 0, 0 }, // U+00A0
    { 10, 22, 184, 0, 16, 55, 0 }, // U+00A1
    { 16, 21, 261, 1, 21, 84, 55 }, // U+00A2
    { 18, 23, 261, -1, 22, 104, 139 }, // U+00A3
    { 13, 13, 261, 2, 17, 43, 243 }, // U+00A4
    { 18, 21, 261, 1, 21, 95, 286 }, // U+00A5
    { 3, 30, 261, 7, 23, 23, 381 }, // U+00A6
    { 16, 27, 254, 0, 23, 108, 404 }, // U+00A7
    { 11, 5, 269, 5, 23, 14, 512 }, // U+00A8
    { 23, 23, 394, 1, 22, 133, 526 }, // U+00A9
    { 12, 10, 201, 2, 21, 30, 659 }, // U+00AA
    { 15, 12, 259, 1, 14, 45, 689 }, // U+00AB
    { 14, 8, 261, 1, 12, 28, 734 }, // U+00AC
    { 9, 4, 145, 0, 10, 9, 762 }, // U+00AD
    { 23, 23, 394, 1, 22, 133, 771 }, // U+00AE
    { 15, 2, 214, 2, 24, 8, 904 }, // U+00AF
    { 10, 10, 187, 3, 22, 25, 912 }, // U+00B0
    { 14, 17, 261, 1, 17, 60, 937 }, // U+00B1
    { 12, 14, 187, 1, 25, 42, 997 }, // U+00B2
    { 12, 14, 187, 1, 25, 42, 1039 }, // U+00B3
    { 9, 6, 152, 3, 23, 14, 1081 }, // U+00B4
    { 21, 23, 316, -1, 16, 121, 1095 }, // U+00B5
    { 17, 27, 293, 1, 23, 115, 1216 }, // U+00B6
    { 6, 5, 142, 2, 13, 8, 1331 }, // U+00B7
    { 9, 8, 155, 0, 1, 18, 1339 }, // U+00B8
    { 9, 13, 187, 2, 24, 30, 1357 }, // U+00B9
    { 12, 10, 190, 2, 21, 30, 1387 }, // U+00BA
    { 15, 12, 259, 0, 14, 45, 1417 }, // U+00BB
    { 23, 21, 412, 2, 21, 121, 1462 }, // U+00BC
    { 23, 21, 412, 2, 21, 121, 1583 }, // U+00BD
    { 24, 22, 412, 1, 22, 132, 1704 }, // U+00BE
    { 14, 22, 250, 0, 16, 77, 1836 }, // U+00BF
    { 23, 28, 351, -2, 28, 161, 1913 }, // U+00C0
    { 23, 28, 351, -2, 28, 161, 2074 }, // U+00C1
    { 23, 28, 351, -2, 28, 161, 2235 }, // U+00C2
    { 23, 28, 351, -2, 28, 161, 2396 }, // U+00C3
    { 23, 28, 351, -2, 28, 161, 2557 }, // U+00C4
    { 23, 26, 351, -2, 26, 150, 2718 }, // U+00C5
    { 32, 21, 463, -2, 21, 168, 2868 }, // U+00C6
    { 20, 29, 312, 1, 22, 145, 3036 }, // U+00C7
    { 21, 28, 295, -1, 28, 147, 3181 }, // U+00C8
    { 21, 28, 295, -1, 28, 147, 3328 }, // U+00C9
    { 21, 28, 295, -1, 28, 147, 3475 }, // U+00CA
    { 21, 28, 295, -1, 28, 147, 3622 }, // U+00CB
    { 15, 28, 187, -1, 28, 105, 3769 }, // U+00CC
    { 17, 28, 187, -1, 28, 119, 3874 }, // U+00CD
    { 16, 28, 187, -1, 28, 112, 3993 }, // U+00CE
    { 16, 28, 187, -1, 28, 112, 4105 }, // U+00CF
    { 23, 21, 358, -1, 21, 121, 4217 }, // U+00D0
    { 27, 28, 368, -1, 28, 189, 4338 }, // U+00D1
    { 22, 29, 370, 1, 28, 160, 4527 }, // U+00D2
    { 22, 29, 370, 1, 28, 160, 4687 }, // U+00D3
    { 22, 29, 370, 1, 28, 160, 4847 }, // U+00D4
    { 22, 29, 370, 1, 28, 160, 5007 }, // U+00D5
    { 22, 29, 370, 1, 28, 160, 5167 }, // U+00D6
    { 12, 13, 261, 2, 17, 39, 5327 }, // U+00D7
    { 22, 25, 370, 1, 23, 138, 5366 }, // U+00D8
    { 23, 29, 349, 2, 28, 167, 5504 }, // U+00D9
    { 23, 29, 349, 2, 28, 167, 5671 }, // U+00DA
    { 23, 29, 349, 2, 28, 167, 5838 }, // U+00DB
    { 23, 29, 349, 2, 28, 167, 6005 }, // U+00DC
    { 22, 28, 323, 2, 28, 154, 6172 }, // U+00DD
    { 20, 21, 298, -1, 21, 105, 6326 }, // U+00DE
    { 25, 30, 324, -5, 23, 188, 6431 }, // U+00DF
    { 18, 24, 310, 1, 23, 108, 6619 }, // U+00E0
    { 18, 24, 310, 1, 23, 108, 6727 }, // U+00E1
    { 18, 24, 310, 1, 23, 108, 6835 }, // U+00E2
    { 18, 24, 310, 1, 23, 108, 6943 }, // U+00E3
    { 18, 24, 310, 1, 23, 108, 7051 }, // U+00E4
    { 18, 25, 310, 1, 24, 113, 7159 }, // U+00E5
    { 25, 17, 411, 1, 16, 107, 7272 }, // U+00E6
    { 15, 23, 246, 1, 16, 87, 7379 }, // U+00E7
    { 15, 24, 250, 1, 23, 90, 7466 }, // U+00E8
    { 17, 24, 250, 1, 23, 102, 7556 }, // U+00E9
    { 15, 24, 250, 1, 23, 90, 7658 }, // U+00EA
    { 15, 24, 250, 1, 23, 90, 7748 }, // U+00EB
    { 9, 24, 165, 1, 23, 54, 7838 }, // U+00EC
    { 12, 24, 165, 1, 23, 72, 7892 }, // U+00ED
    { 12, 24, 165, 0, 23, 72, 7964 }, // U+00EE
    { 11, 24, 165, 1, 23, 66, 8036 }, // U+00EF
    { 16, 24, 287, 1, 23, 96, 8102 }, // U+00F0
    { 19, 24, 314, 1, 23, 114, 8198 }, // U+00F1
    { 16, 24, 288, 1, 23, 96, 8312 }, // U+00F2
    { 17, 24, 288, 1, 23, 102, 8408 }, // U+00F3
    { 16, 24, 288, 1, 23, 96, 8510 }, // U+00F4
    { 17, 24, 288, 1, 23, 102, 8606 }, // U+00F5
    { 16, 24, 288, 1, 23, 96, 8708 }, // U+00F6
    { 14, 15, 261, 1, 18, 53, 8804 }, // U+00F7
    { 18, 20, 288, 0, 18, 90, 8857 }, // U+00F8
    { 19, 24, 314, 1, 23, 114, 8947 }, // U+00F9
    { 19, 24, 314, 1, 23, 114, 9061 }, // U+00FA
    { 19, 24, 314, 1, 23, 114, 9175 }, // U+00FB
    { 19, 24, 314, 1, 23, 114, 9289 }, // U+00FC
    { 22, 30, 274, -5, 23, 165, 9403 }, // U+00FD
    { 18, 30, 291, -1, 23, 135, 9568 }, // U+00FE
    { 22, 30, 274, -5, 23, 165, 9703 }, // U+00FF
    { 23, 25, 351, -2, 25, 144, 0 }, // U+0100
    { 18, 21, 310, 1, 20, 95, 144 }, // U+0101
    { 23, 28, 351, -2, 28, 161, 239 }, // U+0102
    { 18, 24, 310, 1, 23, 108, 400 }, // U+0103
    { 23, 28, 351, -2, 21, 161, 508 }, // U+0104
    { 18, 23, 310, 1, 16, 104, 669 }, // U+0105
    { 21, 29, 312, 1, 28, 153, 773 }, // U+0106
    { 17, 24, 246, 1, 23, 102, 926 }, // U+0107
    { 20, 29, 312, 1, 28, 145, 1028 }, // U+0108
    { 16, 24, 246, 1, 23, 96, 1173 }, // U+0109
    { 20, 29, 312, 1, 28, 145, 1269 }, // U+010A
    { 15, 24, 246, 1, 23, 90, 1414 }, // U+010B
    { 20, 29, 312, 1, 28, 145, 1504 }, // U+010C
    { 16, 24, 246, 1, 23, 96, 1649 }, // U+010D
    { 23, 28, 358, -1, 28, 161, 1745 }, // U+010E
    { 25, 24, 310, 1, 23, 150, 1906 }, // U+010F
    { 23, 21, 358, -1, 21, 121, 2056 }, // U+0110
    { 20, 24, 310, 1, 23, 120, 2177 }, // U+0111
    { 21, 25, 295, -1, 25, 132, 2297 }, // U+0112
    { 15, 21, 250, 1, 20, 79, 2429 }, // U+0113
    { 21, 28, 295, -1, 28, 147, 2508 }, // U+0114
    { 15, 24, 250, 1, 23, 90, 2655 }, // U+0115
    { 21, 27, 295, -1, 27, 142, 2745 }, // U+0116
    { 15, 24, 250, 1, 23, 90, 2887 }, // U+0117
    { 21, 28, 295, -1, 21, 147, 2977 }, // U+0118
    { 15, 23, 250, 1, 16, 87, 3124 }, // U+0119
    { 21, 28, 295, -1, 28, 147, 3211 }, // U+011A
    { 16, 24, 250, 1, 23, 96, 3358 }, // U+011B
    { 22, 29, 372, 1, 28, 160, 3454 }, // U+011C
    { 21, 30, 271, -2, 23, 158, 3614 }, // U+011D
    { 22, 29, 372, 1, 28, 160, 3772 }, // U+011E
    { 21, 30, 271, -2, 23, 158, 3932 }, // U+011F
    { 22, 29, 372, 1, 28, 160, 4090 }, // U+0120
    { 21, 30, 271, -2, 23, 158, 4250 }, // U+0121
    { 22, 29, 372, 1, 22, 160, 4408 }, // U+0122
    { 21, 30, 271, -2, 23, 158, 4568 }, // U+0123
    { 27, 28, 382, -1, 28, 189, 4726 }, // U+0124
    { 19, 30, 306, 0, 29, 143, 4915 }, // U+0125
    { 27, 21, 382, -1, 21, 142, 5058 }, // U+0126
    { 19, 24, 306, 0, 23, 114, 5200 }, // U+0127
    { 17, 28, 187, -1, 28, 119, 5314 }, // U+0128
    { 13, 24, 165, 0, 23, 78, 5433 }, // U+0129
    { 15, 25, 187, -1, 25, 94, 5511 }, // U+012A
    { 10, 21, 165, 1, 20, 53, 5605 }, // U+012B
    { 16, 28, 187, -1, 28, 112, 5658 }, // U+012C
    { 11, 24, 165, 1, 23, 66, 5770 }, // U+012D
    { 15, 28, 187, -1, 21, 105, 5836 }, // U+012E
    { 10, 30, 165, 0, 23, 75, 5941 }, // U+012F
    { 15, 28, 187, -1, 28, 105, 6016 }, // U+0130
    { 9, 17, 165, 1, 16, 39, 6121 }, // U+0131
    { 27, 28, 374, -1, 21, 189, 6160 }, // U+0132
    { 19, 30, 323, 1, 23, 143, 6349 }, // U+0133
    { 20, 35, 187, -5, 28, 175, 6492 }, // U+0134
    { 17, 30, 158, -5, 23, 128, 6667 }, // U+0135
    { 25, 28, 346, -1, 21, 175, 6795 }, // U+0136
    { 19, 30, 279, 0, 23, 143, 6970 }, // U+0137
    { 19, 16, 279, 0, 16, 76, 7113 }, // U+0138
    { 20, 28, 305, -1, 28, 140, 7189 }, // U+0139
    { 14, 30, 165, 1, 29, 105, 7329 }, // U+013A
    { 20, 28, 305, -1, 21, 140, 7434 }, // U+013B
    { 11, 30, 165, -1, 23, 83, 7574 }, // U+013C
    { 21, 21, 305, -1, 21, 111, 7657 }, // U+013D
    { 15, 24, 165, 1, 23, 90, 7768 }, // U+013E
    { 20, 21, 305, -1, 21, 105, 7858 }, // U+013F
    { 14, 24, 216, 1, 23, 84, 7963 }, // U+0140
    { 20, 21, 305, -1, 21, 105, 8047 }, // U+0141
    { 12, 24, 165, -1, 23, 72, 8152 }, // U+0142
    { 27, 28, 368, -1, 28, 189, 8224 }, // U+0143
    { 19, 24, 314, 1, 23, 114, 8413 }, // U+0144
    { 27, 28, 368, -1, 21, 189, 8527 }, // U+0145
    { 19, 23, 314, 1, 16, 110, 8716 }, // U+0146
    { 27, 28, 368, -1, 28, 189, 8826 }, // U+0147
    { 19, 24, 314, 1, 23, 114, 9015 }, // U+0148
    { 26, 22, 410, 0, 21, 143, 9129 }, // U+0149
    { 27, 28, 356, -1, 21, 189, 9272 }, // U+014A
    { 17, 23, 304, 1, 16, 98, 9461 }, // U+014B
    { 22, 26, 370, 1, 25, 143, 9559 }, // U+014C
    { 16, 21, 288, 1, 20, 84, 9702 }, // U+014D
    { 22, 29, 370, 1, 28, 160, 9786 }, // U+014E
    { 16, 24, 288, 1, 23, 96, 9946 }, // U+014F
    { 22, 29, 370, 1, 28, 160, 10042 }, // U+0150
    { 18, 24, 288, 1, 23, 108, 10202 }, // U+0151
    { 29, 23, 463, 1, 22, 167, 10310 }, // U+0152
    { 26, 17, 421, 1, 16, 111, 10477 }, // U+0153
    { 22, 28, 330, -1, 28, 154, 10588 }, // U+0154
    { 16, 23, 257, 1, 23, 92, 10742 }, // U+0155
    { 22, 28, 330, -1, 21, 154, 10834 }, // U+0156
    { 18, 23, 257, -1, 16, 104, 10988 }, // U+0157
    { 22, 28, 330, -1, 28, 154, 11092 }, // U+0158
    { 16, 23, 257, 1, 23, 92, 11246 }, // U+0159
    { 19, 29, 274, 0, 28, 138, 11338 }, // U+015A
    { 17, 24, 240, 0, 23, 102, 11476 }, // U+015B
    { 18, 29, 274, 0, 28, 131, 11578 }, // U+015C
    { 15, 24, 240, 0, 23, 90, 11709 }, // U+015D
    { 18, 29, 274, 0, 22, 131, 11799 }, // U+015E
    { 15, 23, 240, 0, 16, 87, 11930 }, // U+015F
    { 18, 29, 274, 0, 28, 131, 12017 }, // U+0160
    { 16, 24, 240, 0, 23, 96, 12148 }, // U+0161
    { 21, 28, 305, 1, 21, 147, 12244 }, // U+0162
    { 13, 27, 195, 0, 20, 88, 12391 }, // U+0163
    { 21, 28, 305, 1, 28, 147, 12479 }, // U+0164
    { 16, 24, 195, 1, 23, 96, 12626 }, // U+0165
    { 21, 21, 305, 1, 21, 111, 12722 }, // U+0166
    { 13, 21, 195, 0, 20, 69, 12833 }, // U+0167
    { 23, 29, 349, 2, 28, 167, 12902 }, // U+0168
    { 19, 24, 314, 1, 23, 114, 13069 }, // U+0169
    { 23, 26, 349, 2, 25, 150, 13183 }, // U+016A
    { 19, 21, 314, 1, 20, 100, 13333 }, // U+016B
    { 23, 29, 349, 2, 28, 167, 13433 }, // U+016C
    { 19, 24, 314, 1, 23, 114, 13600 }, // U+016D
    { 23, 30, 349, 2, 29, 173, 13714 }, // U+016E
    { 19, 25, 314, 1, 24, 119, 13887 }, // U+016F
    { 23, 29, 349, 2, 28, 167, 14006 }, // U+0170
    { 19, 24, 314, 1, 23, 114, 14173 }, // U+0171
    { 23, 28, 349, 2, 21, 161, 14287 }, // U+0172
    { 19, 23, 314, 1, 16, 110, 14448 }, // U+0173
    { 33, 28, 498, 2, 28, 231, 14558 }, // U+0174
    { 24, 24, 408, 1, 23, 144, 14789 }, // U+0175
    { 22, 28, 323, 2, 28, 154, 14933 }, // U+0176
    { 22, 30, 274, -5, 23, 165, 15087 }, // U+0177
    { 22, 28, 323, 2, 28, 154, 15252 }, // U+0178
    { 22, 28, 311, -1, 28, 154, 15406 }, // U+0179
    { 16, 23, 260, 0, 23, 92, 15560 }, // U+017A
    { 22, 28, 311, -1, 28, 154, 15652 }, // U+017B
    { 16, 23, 260, 0, 23, 92, 15806 }, // U+017C
    { 22, 28, 311, -1, 28, 154, 15898 }, // U+017D
    { 16, 23, 260, 0, 23, 92, 16052 }, // U+017E
    { 22, 30, 189, -5, 23, 165, 16144 }, // U+017F
    { 27, 24, 393, 1, 23, 162, 0 }, // U+01A0
    { 21, 20, 313, 1, 19, 105, 162 }, // U+01A1
    { 26, 24, 398, 2, 23, 156, 267 }, // U+01AF
    { 24, 20, 363, 1, 19, 120, 423 }, // U+01B0
    { 44, 28, 669, -1, 28, 308, 543 }, // U+01C4
    { 39, 23, 619, -1, 23, 225, 851 }, // U+01C5
    { 34, 24, 571, 1, 23, 204, 1076 }, // U+01C6
    { 34, 28, 492, -1, 21, 238, 1280 }, // U+01C7
    { 30, 30, 463, -1, 23, 225, 1518 }, // U+01C8
    { 19, 30, 323, 1, 23, 143, 1743 }, // U+01C9
    { 38, 28, 555, -1, 21, 266, 1886 }, // U+01CA
    { 34, 30, 526, -1, 23, 255, 2152 }, // U+01CB
    { 29, 30, 471, 1, 23, 218, 2407 }, // U+01CC
    { 23, 28, 351, -2, 28, 161, 2625 }, // U+01CD
    { 18, 24, 310, 1, 23, 108, 2786 }, // U+01CE
    { 17, 28, 187, -1, 28, 119, 2894 }, // U+01CF
    { 12, 24, 165, 1, 23, 72, 3013 }, // U+01D0
    { 22, 29, 370, 1, 28, 160, 3085 }, // U+01D1
    { 17, 24, 288, 1, 23, 102, 3245 }, // U+01D2
    { 23, 29, 349, 2, 28, 167, 3347 }, // U+01D3
    { 19, 24, 314, 1, 23, 114, 3514 }, // U+01D4
    { 23, 31, 349, 2, 30, 179, 3628 }, // U+01D5
    { 19, 26, 314, 1, 25, 124, 3807 }, // U+01D6
    { 23, 32, 349, 2, 31, 184, 3931 }, // U+01D7
    { 19, 27, 314, 1, 26, 129, 4115 }, // U+01D8
    { 23, 32, 349, 2, 31, 184, 4244 }, // U+01D9
    { 19, 27, 314, 1, 26, 129, 4428 }, // U+01DA
    { 23, 32, 349, 2, 31, 184, 4557 }, // U+01DB
    { 19, 27, 314, 1, 26, 129, 4741 }, // U+01DC
    { 16, 17, 262, 0, 16, 68, 4870 }, // U+01DD
    { 23, 30, 351, -2, 30, 173, 4938 }, // U+01DE
    { 18, 26, 310, 1, 25, 117, 5111 }, // U+01DF
    { 23, 30, 351, -2, 30, 173, 5228 }, // U+01E0
    { 18, 26, 310, 1, 25, 117, 5401 }, // U+01E1
    { 32, 25, 463, -2, 25, 200, 5518 }, // U+01E2
    { 25, 21, 411, 1, 20, 132, 5718 }, // U+01E3
    { 22, 23, 372, 1, 22, 127, 5850 }, // U+01E4
    { 21, 24, 271, -2, 17, 126, 5977 }, // U+01E5
    { 22, 29, 372, 1, 28, 160, 6103 }, // U+01E6
    { 21, 30, 271, -2, 23, 158, 6263 }, // U+01E7
    { 25, 28, 346, -1, 28, 175, 6421 }, // U+01E8
    { 19, 29, 279, 0, 29, 138, 6596 }, // U+01E9
    { 22, 29, 370, 1, 22, 160, 6734 }, // U+01EA
    { 16, 23, 288, 1, 16, 92, 6894 }, // U+01EB
    { 22, 32, 370, 1, 25, 176, 6986 }, // U+01EC
    { 16, 27, 288, 1, 20, 108, 7162 }, // U+01ED
    { 19, 29, 283, 0, 28, 138, 7270 }, // U+01EE
    { 18, 30, 261, -1, 23, 135, 7408 }, // U+01EF
    { 18, 30, 158, -5, 23, 135, 7543 }, // U+01F0
    { 44, 21, 669, -1, 21, 231, 7678 }, // U+01F1
    { 39, 21, 619, -1, 21, 205, 7909 }, // U+01F2
    { 34, 24, 571, 1, 23, 204, 8114 }, // U+01F3
    { 22, 29, 372, 1, 28, 160, 8318 }, // U+01F4
    { 21, 30, 271, -2, 23, 158, 8478 }, // U+01F5
    { 35, 22, 532, -1, 21, 193, 8636 }, // U+01F6
    { 25, 29, 350, -3, 22, 182, 8829 }, // U+01F7
    { 27, 28, 368, -1, 28, 189, 9011 }, // U+01F8
    { 19, 24, 314, 1, 23, 114, 9200 }, // U+01F9
    { 23, 29, 351, -2, 29, 167, 9314 }, // U+01FA
    { 18, 31, 310, 1, 30, 140, 9481 }, // U+01FB
    { 32, 28, 463, -2, 28, 224, 9621 }, // U+01FC
    { 25, 24, 411, 1, 23, 150, 9845 }, // U+01FD
    { 22, 30, 370, 1, 28, 165, 9995 }, // U+01FE
    { 18, 25, 288, 0, 23, 113, 10160 }, // U+01FF
    { 23, 28, 351, -2, 28, 161, 10273 }, // U+0200
    { 18, 24, 310, 1, 23, 108, 10434 }, // U+0201
    { 23, 28, 351, -2, 28, 161, 10542 }, // U+0202
    { 18, 24, 310, 1, 23, 108, 10703 }, // U+0203
    { 21, 28, 295, -1, 28, 147, 10811 }, // U+0204
    { 15, 24, 250, 1, 23, 90, 10958 }, // U+0205
    { 21, 28, 295, -1, 28, 147, 11048 }, // U+0206
    { 15, 24, 250, 1, 23, 90, 11195 }, // U+0207
    { 15, 28, 187, -1, 28, 105, 11285 }, // U+0208
    { 13, 24, 165, -2, 23, 78, 11390 }, // U+0209
    { 16, 28, 187, -1, 28, 112, 11468 }, // U+020A
    { 12, 24, 165, 1, 23, 72, 11580 }, // U+020B
    { 22, 29, 370, 1, 28, 160, 11652 }, // U+020C
    { 16, 24, 288, 1, 23, 96, 11812 }, // U+020D
    { 22, 29, 370, 1, 28, 160, 11908 }, // U+020E
    { 16, 24, 288, 1, 23, 96, 12068 }, // U+020F
    { 22, 28, 330, -1, 28, 154, 12164 }, // U+0210
    { 16, 23, 257, 1, 23, 92, 12318 }, // U+0211
    { 22, 28, 330, -1, 28, 154, 12410 }, // U+0212
    { 16, 23, 257, 1, 23, 92, 12564 }, // U+0213
    { 23, 29, 349, 2, 28, 167, 12656 }, // U+0214
    { 19, 24, 314, 1, 23, 114, 12823 }, // U+0215
    { 23, 29, 349, 2, 28, 167, 12937 }, // U+0216
    { 19, 24, 314, 1, 23, 114, 13104 }, // U+0217
    { 18, 29, 274, 0, 22, 131, 13218 }, // U+0218
    { 15, 23, 240, 0, 16, 87, 13349 }, // U+0219
    { 21, 28, 305, 1, 21, 147, 13436 }, // U+021A
    { 13, 27, 195, 0, 20, 88, 13583 }, // U+021B
    { 19, 27, 286, -1, 22, 129, 13671 }, // U+021C
    { 17, 23, 238, -3, 16, 98, 13800 }, // U+021D
    { 27, 28, 382, -1, 28, 189, 13898 }, // U+021E
    { 19, 30, 306, 0, 29, 143, 14087 }, // U+021F
    { 7, 6, 0, -14, 23, 11, 0 }, // U+0300
    { 10, 6, 0, -10, 23, 15, 11 }, // U+0301
    { 12, 6, 0, -4, 23, 18, 26 }, // U+0302
    { 12, 6, 0, -14, 23, 18, 44 }, // U+0303
    { 10, 3, 0, -3, 20, 8, 62 }, // U+0304
    { 10, 3, 0, -2, 25, 8, 70 }, // U+0305
    { 11, 6, 0, -3, 23, 17, 78 }, // U+0306
    { 6, 5, 0, 0, 23, 8, 95 }, // U+0307
    { 11, 5, 0, -3, 23, 14, 103 }, // U+0308
    { 8, 8, 0, -11, 25, 16, 117 }, // U+0309
    { 8, 7, 0, -1, 24, 14, 133 }, // U+030A
    { 14, 6, 0, -4, 23, 21, 147 }, // U+030B
    { 11, 6, 0, -2, 23, 17, 168 }, // U+030C
    { 5, 6, 0, 0, 23, 8, 185 }, // U+030D
    { 9, 6, 0, -2, 23, 14, 193 }, // U+030E
    { 13, 6, 0, -14, 23, 20, 207 }, // U+030F
    { 10, 9, 0, -2, 26, 23, 227 }, // U+0310
    { 10, 6, 0, -3, 23, 15, 250 }, // U+0311
    { 7, 10, 0, -1, 21, 18, 265 }, // U+0312
    { 7, 10, 0, -2, 21, 18, 283 }, // U+0313
    { 6, 10, 0, -1, 21, 15, 301 }, // U+0314
    { 7, 10, 0, -2, 21, 18, 316 }, // U+0315
    { 7, 6, 0, -6, -1, 11, 334 }, // U+0316
    { 9, 6, 0, -7, -1, 14, 345 }, // U+0317
    { 6, 6, 0, -4, -1, 9, 359 }, // U+0318
    { 6, 6, 0, -5, -1, 9, 368 }, // U+0319
    { 10, 9, 175, 2, 23, 23, 377 }, // U+031A
    { 7, 8, 0, -2, 23, 14, 400 }, // U+031B
    { 6, 7, 0, -5, 0, 11, 414 }, // U+031C
    { 7, 5, 0, -6, -1, 9, 425 }, // U+031D
    { 7, 5, 0, -5, -1, 9, 434 }, // U+031E
    { 6, 6, 0, -5, -1, 9, 443 }, // U+031F
    { 7, 3, 0, -6, -2, 6, 452 }, // U+0320
    { 8, 8, 0, -8, 2, 16, 458 }, // U+0321
    { 6, 8, 0, -3, 2, 12, 474 }, // U+0322
    { 6, 5, 0, -14, -1, 8, 486 }, // U+0323
    { 12, 5, 0, -8, -1, 15, 494 }, // U+0324
    { 8, 7, 0, -6, -1, 14, 509 }, // U+0325
    { 7, 6, 0, -6, -1, 11, 523 }, // U+0326
    { 8, 8, 0, -6, 1, 16, 534 }, // U+0327
    { 8, 7, 0, -6, 0, 14, 550 }, // U+0328
    { 4, 6, 0, -4, 0, 6, 564 }, // U+0329
    { 12, 5, 0, -8, -2, 15, 570 }, // U+032A
    { 11, 5, 0, -7, -1, 14, 585 }, // U+032B
    { 11, 6, 0, -7, -1, 17, 599 }, // U+032C
    { 11, 6, 0, -8, -1, 17, 616 }, // U+032D
    { 10, 6, 0, -7, -1, 15, 633 }, // U+032E
    { 10, 6, 0, -7, -1, 15, 648 }, // U+032F
    { 13, 6, 0, -9, -1, 20, 663 }, // U+0330
    { 10, 3, 0, -7, -2, 8, 683 }, // U+0331
    { 14, 4, 0, -15, -2, 14, 691 }, // U+0332
    { 14, 6, 0, -15, -1, 21, 705 }, // U+0333
    { 13, 6, 0, -6, 11, 20, 726 }, // U+0334
    { 12, 3, 0, -6, 10, 9, 746 }, // U+0335
    { 20, 3, 0, -10, 10, 15, 755 }, // U+0336
    { 12, 9, 0, -6, 13, 27, 770 }, // U+0337
    { 17, 26, 0, -8, 23, 111, 797 }, // U+0338
    { 5, 7, 0, -4, 0, 9, 908 }, // U+0339
    { 12, 5, 0, -8, -2, 15, 917 }, // U+033A
    { 13, 6, 0, -9, -1, 20, 932 }, // U+033B
    { 10, 5, 0, -7, -1, 13, 952 }, // U+033C
    { 7, 6, 0, -1, 22, 11, 965 }, // U+033D
    { 6, 10, 0, 0, 26, 15, 976 }, // U+033E
    { 14, 6, 0, -3, 28, 21, 991 }, // U+033F
    { 8, 6, 0, -3, 23, 12, 1012 }, // U+0340
    { 9, 6, 0, -1, 23, 14, 1024 }, // U+0341
    { 13, 6, 0, -4, 23, 20, 1038 }, // U+0342
    { 6, 7, 0, 1, 24, 11, 1058 }, // U+0343
    { 13, 7, 0, -4, 23, 23, 1069 }, // U+0344
    { 7, 6, 0, -2, -1, 11, 1092 }, // U+0345
    { 13, 5, 0, -4, 22, 17, 1103 }, // U+0346
    { 14, 6, 0, -9, -1, 21, 1120 }, // U+0347
    { 9, 6, 0, -7, 0, 14, 1141 }, // U+0348
    { 6, 5, 0, -4, -2, 8, 1155 }, // U+0349
    { 13, 8, 0, -4, 24, 26, 1163 }, // U+034A
    { 13, 13, 0, -4, 29, 43, 1189 }, // U+034B
    { 13, 11, 0, -4, 28, 36, 1232 }, // U+034C
    { 10, 6, 0, -7, -1, 15, 1268 }, // U+034D
    { 6, 7, 0, -5, 0, 11, 1283 }, // U+034E
    { 22, 21, 0, -11, 21, 116, 1294 }, // U+034F
    { 6, 7, 0, -1, 23, 11, 1410 }, // U+0350
    { 5, 7, 0, 0, 24, 9, 1421 }, // U+0351
    { 11, 9, 0, -3, 26, 25, 1430 }, // U+0352
    { 6, 6, 0, -5, -1, 9, 1455 }, // U+0353
    { 6, 6, 0, -5, -1, 9, 1464 }, // U+0354
    { 6, 6, 0, -5, -1, 9, 1473 }, // U+0355
    { 12, 6, 0, -8, -1, 18, 1482 }, // U+0356
    { 6, 7, 0, -1, 24, 11, 1500 }, // U+0357
    { 6, 5, 0, 4, 23, 8, 1511 }, // U+0358
    { 8, 8, 0, -4, 0, 16, 1519 }, // U+0359
    { 11, 6, 0, -8, -1, 17, 1535 }, // U+035A
    { 7, 6, 0, -1, 23, 11, 1552 }, // U+035B
    { 23, 7, 0, -13, 0, 41, 1563 }, // U+035C
    { 23, 6, 0, -8, 23, 35, 1604 }, // U+035D
    { 19, 3, 0, -7, 20, 15, 1639 }, // U+035E
    { 19, 3, 0, -12, -2, 15, 1654 }, // U+035F
    { 25, 6, 0, -10, 23, 38, 1669 }, // U+0360
    { 25, 6, 0, -10, 25, 38, 1707 }, // U+0361
    { 19, 6, 0, -12, -1, 29, 1745 }, // U+0362
    { 8, 8, 0, -1, 25, 16, 1774 }, // U+0363
    { 8, 8, 0, -1, 25, 16, 1790 }, // U+0364
    { 4, 11, 0, 1, 28, 11, 1806 }, // U+0365
    { 8, 8, 0, -1, 25, 16, 1817 }, // U+0366
    { 9, 8, 0, -1, 25, 18, 1833 }, // U+0367
    { 8, 8, 0, -1, 25, 16, 1851 }, // U+0368
    { 8, 10, 0, -1, 27, 20, 1867 }, // U+0369
    { 9, 10, 0, -2, 27, 23, 1887 }, // U+036A
    { 13, 7, 0, -3, 25, 23, 1910 }, // U+036B
    { 8, 7, 0, -1, 25, 14, 1933 }, // U+036C
    { 6, 9, 0, 0, 26, 14, 1947 }, // U+036D
    { 8, 8, 0, -1, 25, 16, 1961 }, // U+036E
    { 9, 7, 0, -2, 25, 16, 1977 }, // U+036F
    { 21, 28, 305, -1, 28, 147, 0 }, // U+0400
    { 21, 27, 305, -1, 27, 142, 147 }, // U+0401
    { 22, 21, 384, 1, 21, 116, 289 }, // U+0402
    { 21, 28, 276, -1, 28, 147, 405 }, // U+0403
    { 20, 23, 307, 1, 22, 115, 552 }, // U+0404
    { 18, 23, 274, -1, 22, 104, 667 }, // U+0405
    { 15, 21, 187, -1, 21, 79, 771 }, // U+0406
    { 16, 27, 187, -1, 27, 108, 850 }, // U+0407
    { 18, 28, 184, -4, 21, 126, 958 }, // U+0408
    { 30, 22, 454, -2, 21, 165, 1084 }, // U+0409
    { 30, 21, 482, -1, 21, 158, 1249 }, // U+040A
    { 23, 21, 414, 1, 21, 121, 1407 }, // U+040B
    { 24, 28, 341, -1, 28, 168, 1528 }, // U+040C
    { 27, 28, 382, -1, 28, 189, 1696 }, // U+040D
    { 22, 29, 327, 2, 28, 160, 1885 }, // U+040E
    { 27, 27, 376, -1, 21, 183, 2045 }, // U+040F
    { 23, 21, 350, -2, 21, 121, 2228 }, // U+0410
    { 20, 21, 298, -1, 21, 105, 2349 }, // U+0411
    { 20, 21, 315, -1, 21, 105, 2454 }, // U+0412
    { 21, 21, 276, -1, 21, 111, 2559 }, // U+0413
    { 28, 27, 359, -3, 21, 189, 2670 }, // U+0414
    { 21, 21, 305, -1, 21, 111, 2859 }, // U+0415
    { 35, 21, 483, -2, 21, 184, 2970 }, // U+0416
    { 19, 23, 290, -1, 22, 110, 3154 }, // U+0417
    { 27, 21, 385, -1, 21, 142, 3264 }, // U+0418
    { 27, 28, 385, -1, 28, 189, 3406 }, // U+0419
    { 24, 21, 341, -1, 21, 126, 3595 }, // U+041A
    { 26, 22, 350, -2, 21, 143, 3721 }, // U+041B
    { 32, 21, 452, -1, 21, 168, 3864 }, // U+041C
    { 27, 21, 380, -1, 21, 142, 4032 }, // U+041D
    { 21, 23, 358, 1, 22, 121, 4174 }, // U+041E
    { 27, 21, 376, -1, 21, 142, 4295 }, // U+041F
    { 21, 21, 298, -1, 21, 111, 4437 }, // U+0420
    { 20, 23, 307, 1, 22, 115, 4548 }, // U+0421
    { 21, 21, 309, 1, 21, 111, 4663 }, // U+0422
    { 22, 22, 327, 2, 21, 121, 4774 }, // U+0423
    { 26, 23, 441, 1, 22, 150, 4895 }, // U+0424
    { 26, 21, 342, -2, 21, 137, 5045 }, // U+0425
    { 27, 27, 378, -1, 21, 183, 5182 }, // U+0426
    { 23, 21, 366, 2, 21, 121, 5365 }, // U+0427
    { 37, 21, 532, -1, 21, 195, 5486 }, // U+0428
    { 37, 27, 534, -1, 21, 250, 5681 }, // U+0429
    { 20, 21, 345, 1, 21, 105, 5931 }, // U+042A
    { 32, 21, 456, -1, 21, 168, 6036 }, // U+042B
    { 19, 21, 298, -1, 21, 100, 6204 }, // U+042C
    { 20, 23, 307, -1, 22, 115, 6304 }, // U+042D
    { 32, 23, 504, -1, 22, 184, 6419 }, // U+042E
    { 25, 21, 330, -2, 21, 132, 6603 }, // U+042F
    { 18, 17, 292, 0, 16, 77, 6735 }, // U+0430
    { 18, 24, 284, 1, 23, 108, 6812 }, // U+0431
    { 16, 17, 266, 0, 16, 68, 6920 }, // U+0432
    { 14, 17, 224, 0, 16, 60, 6988 }, // U+0433
    { 17, 24, 280, 0, 23, 102, 7048 }, // U+0434
    { 16, 17, 248, 0, 16, 68, 7150 }, // U+0435
    { 32, 17, 478, -1, 16, 136, 7218 }, // U+0436
    { 14, 17, 239, 0, 16, 60, 7354 }, // U+0437
    { 18, 17, 302, 1, 16, 77, 7414 }, // U+0438
    { 18, 24, 302, 1, 23, 108, 7491 }, // U+0439
    { 19, 16, 286, 0, 16, 76, 7599 }, // U+043A
    { 20, 17, 287, -2, 16, 85, 7675 }, // U+043B
    { 27, 17, 404, -2, 16, 115, 7760 }, // U+043C
    { 19, 17, 302, 0, 16, 81, 7875 }, // U+043D
    { 17, 17, 280, 0, 16, 73, 7956 }, // U+043E
    { 19, 17, 303, 0, 16, 81, 8029 }, // U+043F
    { 19, 23, 290, -1, 16, 110, 8110 }, // U+0440
    { 16, 17, 243, 0, 16, 68, 8220 }, // U+0441
    { 28, 17, 442, 0, 16, 119, 8288 }, // U+0442
    { 18, 24, 271, -1, 16, 108, 8407 }, // U+0443
    { 24, 30, 388, 0, 23, 180, 8515 }, // U+0444
    { 19, 16, 278, -1, 16, 76, 8695 }, // U+0445
    { 18, 23, 303, 1, 16, 104, 8771 }, // U+0446
    { 18, 17, 287, 0, 16, 77, 8875 }, // U+0447
    { 27, 17, 444, 1, 16, 115, 8952 }, // U+0448
    { 27, 23, 446, 1, 16, 156, 9067 }, // U+0449
    { 17, 17, 275, 0, 16, 73, 9223 }, // U+044A
    { 24, 17, 401, 1, 16, 102, 9296 }, // U+044B
    { 15, 17, 270, 1, 16, 64, 9398 }, // U+044C
    { 15, 17, 245, 0, 16, 64, 9462 }, // U+044D
    { 25, 17, 403, 0, 16, 107, 9526 }, // U+044E
    { 19, 17, 293, -1, 16, 81, 9633 }, // U+044F
    { 16, 24, 248, 0, 23, 96, 9714 }, // U+0450
    { 16, 24, 248, 0, 23, 96, 9810 }, // U+0451
    { 17, 31, 289, 0, 23, 132, 9906 }, // U+0452
    { 16, 24, 224, 0, 23, 96, 10038 }, // U+0453
    { 16, 17, 243, 0, 16, 68, 10134 }, // U+0454
    { 15, 17, 224, -1, 16, 64, 10202 }, // U+0455
    { 9, 24, 153, 1, 23, 54, 10266 }, // U+0456
    { 11, 24, 153, 1, 23, 66, 10320 }, // U+0457
    { 14, 31, 147, -4, 23, 109, 10386 }, // U+0458
    { 26, 17, 399, -2, 16, 111, 10495 }, // U+0459
    { 25, 17, 414, 0, 16, 107, 10606 }, // U+045A
    { 19, 24, 303, 0, 23, 114, 10713 }, // U+045B
    { 19, 23, 286, 0, 23, 110, 10827 }, // U+045C
    { 18, 24, 302, 1, 23, 108, 10937 }, // U+045D
    { 18, 31, 271, -1, 23, 140, 11045 }, // U+045E
    { 18, 23, 302, 1, 16, 104, 11185 }, // U+045F
    { 28, 22, 478, 2, 22, 154, 11289 }, // U+0460
    { 24, 16, 383, 0, 16, 96, 11443 }, // U+0461
    { 20, 21, 332, 0, 21, 105, 11539 }, // U+0462
    { 24, 17, 417, 1, 16, 102, 11644 }, // U+0463
    { 33, 23, 482, -1, 22, 190, 11746 }, // U+0464
    { 24, 17, 391, 1, 16, 102, 11936 }, // U+0465
    { 24, 21, 370, -2, 21, 126, 12038 }, // U+0466
    { 20, 16, 302, -2, 16, 80, 12164 }, // U+0467
    { 34, 21, 543, -1, 21, 179, 12244 }, // U+0468
    { 26, 16, 445, 1, 16, 104, 12423 }, // U+0469
    { 27, 21, 420, -2, 21, 142, 12527 }, // U+046A
    { 24, 16, 365, -2, 16, 96, 12669 }, // U+046B
    { 38, 21, 599, -1, 21, 200, 12765 }, // U+046C
    { 30, 16, 506, 1, 16, 120, 12965 }, // U+046D
    { 19, 32, 283, -1, 25, 152, 13085 }, // U+046E
    { 17, 27, 240, -2, 20, 115, 13237 }, // U+046F
    { 28, 21, 456, 3, 21, 147, 13352 }, // U+0470
    { 20, 30, 337, 2, 23, 150, 13499 }, // U+0471
    { 22, 23, 370, 1, 22, 127, 13649 }, // U+0472
    { 16, 17, 288, 1, 16, 68, 13776 }, // U+0473
    { 23, 21, 347, 2, 21, 121, 13844 }, // U+0474
    { 20, 17, 294, 0, 16, 85, 13965 }, // U+0475
    { 23, 28, 347, 2, 28, 161, 14050 }, // U+0476
    { 20, 24, 294, 0, 23, 120, 14211 }, // U+0477
    { 37, 29, 609, 1, 22, 269, 14331 }, // U+0478
    { 32, 23, 522, 1, 16, 184, 14600 }, // U+0479
    { 23, 25, 388, 1, 23, 144, 14784 }, // U+047A
    { 17, 20, 302, 1, 18, 85, 14928 }, // U+047B
    { 32, 32, 534, 1, 31, 256, 15013 }, // U+047C
    { 26, 28, 450, 1, 27, 182, 15269 }, // U+047D
    { 28, 26, 478, 2, 26, 182, 15451 }, // U+047E
    { 24, 21, 383, 0, 21, 126, 15633 }, // U+047F
    { 20, 29, 312, 1, 22, 145, 15759 }, // U+0480
    { 15, 23, 246, 1, 16, 87, 15904 }, // U+0481
    { 16, 20, 284, 1, 19, 80, 15991 }, // U+0482
    { 12, 6, 0, -4, 22, 18, 16071 }, // U+0483
    { 12, 6, 0, -4, 23, 18, 16089 }, // U+0484
    { 4, 6, 0, 1, 23, 6, 16107 }, // U+0485
    { 5, 6, 0, 0, 23, 8, 16113 }, // U+0486
    { 13, 5, 0, -3, 27, 17, 16121 }, // U+0487
    { 36, 34, 0, -18, 25, 306, 16138 }, // U+0488
    { 36, 36, 0, -18, 26, 324, 16444 }, // U+0489
    { 27, 35, 391, -1, 28, 237, 16768 }, // U+048A
    { 19, 30, 314, 1, 23, 143, 17005 }, // U+048B
    { 19, 23, 310, -1, 23, 110, 17148 }, // U+048C
    { 16, 20, 278, 1, 19, 80, 17258 }, // U+048D
    { 21, 21, 309, -1, 21, 111, 17338 }, // U+048E
    { 18, 23, 291, -1, 16, 104, 17449 }, // U+048F
    { 21, 25, 253, -1, 25, 132, 17553 }, // U+0490
    { 15, 20, 225, 1, 20, 75, 17685 }, // U+0491
    { 21, 21, 276, -1, 21, 111, 17760 }, // U+0492
    { 16, 16, 237, 0, 16, 64, 17871 }, // U+0493
    { 21, 29, 336, -1, 21, 153, 17935 }, // U+0494
    { 15, 23, 280, 1, 16, 87, 18088 }, // U+0495
    { 35, 28, 495, -2, 21, 245, 18175 }, // U+0496
    { 35, 23, 549, 0, 16, 202, 18420 }, // U+0497
    { 18, 29, 286, 0, 22, 131, 18622 }, // U+0498
    { 15, 23, 243, 0, 16, 87, 18753 }, // U+0499
    { 25, 28, 353, -1, 21, 175, 18840 }, // U+049A
    { 18, 23, 282, 0, 16, 104, 19015 }, // U+049B
    { 26, 21, 363, -1, 21, 137, 19119 }, // U+049C
    { 20, 17, 307, 0, 16, 85, 19256 }, // U+049D
    { 25, 21, 347, -1, 21, 132, 19341 }, // U+049E
    { 18, 24, 282, 0, 23, 108, 19473 }, // U+049F
    { 25, 21, 398, 2, 21, 132, 19581 }, // U+04A0
    { 22, 17, 344, 0, 16, 94, 19713 }, // U+04A1
    { 27, 28, 382, -1, 21, 189, 19807 }, // U+04A2
    { 19, 23, 319, 1, 16, 110, 19996 }, // U+04A3
    { 31, 21, 436, -1, 21, 163, 20106 }, // U+04A4
    { 24, 17, 382, 1, 16, 102, 20269 }, // U+04A5
    { 33, 29, 526, -1, 21, 240, 20371 }, // U+04A6
    { 24, 23, 427, 1, 16, 138, 20611 }, // U+04A7
    { 23, 24, 393, 1, 22, 138, 20749 }, // U+04A8
    { 18, 17, 319, 1, 16, 77, 20887 }, // U+04A9
    { 20, 29, 312, 1, 22, 145, 20964 }, // U+04AA
    { 15, 23, 246, 1, 16, 87, 21109 }, // U+04AB
    { 21, 28, 305, 1, 21, 147, 21196 }, // U+04AC
    { 27, 24, 452, 1, 17, 162, 21343 }, // U+04AD
    { 22, 21, 323, 2, 21, 116, 21505 }, // U+04AE
    { 17, 23, 274, 0, 16, 98, 21621 }, // U+04AF
    { 22, 21, 323, 2, 21, 116, 21719 }, // U+04B0
    { 17, 23, 274, 0, 16, 98, 21835 }, // U+04B1
    { 26, 28, 351, -2, 21, 182, 21933 }, // U+04B2
    { 19, 23, 282, -1, 16, 110, 22115 }, // U+04B3
    { 30, 28, 459, 1, 21, 210, 22225 }, // U+04B4
    { 23, 23, 372, 0, 16, 133, 22435 }, // U+04B5
    { 23, 28, 352, 2, 21, 161, 22568 }, // U+04B6
    { 19, 23, 305, 0, 16, 110, 22729 }, // U+04B7
    { 23, 21, 366, 2, 21, 121, 22839 }, // U+04B8
    { 18, 17, 287, 0, 16, 77, 22960 }, // U+04B9
    { 22, 21, 364, -1, 21, 116, 23037 }, // U+04BA
    { 19, 24, 306, 0, 23, 114, 23153 }, // U+04BB
    { 23, 23, 383, 1, 22, 133, 23267 }, // U+04BC
    { 20, 17, 311, 0, 16, 85, 23400 }, // U+04BD
    { 23, 29, 383, 1, 22, 167, 23485 }, // U+04BE
    { 20, 23, 311, 0, 16, 115, 23652 }, // U+04BF
    { 15, 21, 187, -1, 21, 79, 23767 }, // U+04C0
    { 35, 28, 483, -2, 28, 245, 23846 }, // U+04C1
    { 32, 24, 478, -1, 23, 192, 24091 }, // U+04C2
    { 25, 29, 340, -1, 21, 182, 24283 }, // U+04C3
    { 18, 23, 288, 0, 16, 104, 24465 }, // U+04C4
    { 26, 28, 345, -2, 21, 182, 24569 }, // U+04C5
    { 20, 23, 319, 0, 16, 115, 24751 }, // U+04C6
    { 27, 29, 382, -1, 21, 196, 24866 }, // U+04C7
    { 18, 23, 311, 1, 16, 104, 25062 }, // U+04C8
    { 27, 28, 391, -1, 21, 189, 25166 }, // U+04C9
    { 19, 23, 319, 1, 16, 110, 25355 }, // U+04CA
    { 23, 28, 352, 2, 21, 161, 25465 }, // U+04CB
    { 18, 23, 305, 0, 16, 104, 25626 }, // U+04CC
    { 31, 28, 454, -1, 21, 217, 25730 }, // U+04CD
    { 28, 23, 442, 0, 16, 161, 25947 }, // U+04CE
    { 15, 21, 187, -1, 21, 79, 26108 }, // U+04CF
    { 23, 28, 351, -2, 28, 161, 26187 }, // U+04D0
    { 18, 24, 310, 1, 23, 108, 26348 }, // U+04D1
    { 23, 28, 351, -2, 28, 161, 26456 }, // U+04D2
    { 18, 24, 310, 1, 23, 108, 26617 }, // U+04D3
    { 32, 21, 463, -2, 21, 168, 26725 }, // U+04D4
    { 25, 17, 411, 1, 16, 107, 26893 }, // U+04D5
    { 21, 28, 295, -1, 28, 147, 27000 }, // U+04D6
    { 15, 24, 250, 1, 23, 90, 27147 }, // U+04D7
    { 19, 23, 328, 1, 22, 110, 27237 }, // U+04D8
    { 16, 17, 262, 0, 16, 68, 27347 }, // U+04D9
    { 19, 29, 328, 1, 28, 138, 27415 }, // U+04DA
    { 16, 24, 262, 0, 23, 96, 27553 }, // U+04DB
    { 35, 28, 483, -2, 28, 245, 27649 }, // U+04DC
    { 32, 24, 478, -1, 23, 192, 27894 }, // U+04DD
    { 19, 29, 290, -1, 28, 138, 28086 }, // U+04DE
    { 15, 24, 239, 0, 23, 90, 28224 }, // U+04DF
    { 19, 22, 283, 0, 21, 105, 28314 }, // U+04E0
    { 18, 23, 261, -1, 16, 104, 28419 }, // U+04E1
    { 27, 25, 385, -1, 25, 169, 28523 }, // U+04E2
    { 19, 21, 314, 1, 20, 100, 28692 }, // U+04E3
    { 27, 28, 385, -1, 28, 189, 28792 }, // U+04E4
    { 19, 24, 314, 1, 23, 114, 28981 }, // U+04E5
    { 22, 29, 370, 1, 28, 160, 29095 }, // U+04E6
    { 16, 24, 288, 1, 23, 96, 29255 }, // U+04E7
    { 22, 23, 370, 1, 22, 127, 29351 }, // U+04E8
    { 16, 17, 288, 1, 16, 68, 29478 }, // U+04E9
    { 22, 29, 370, 1, 28, 160, 29546 }, // U+04EA
    { 16, 24, 288, 1, 23, 96, 29706 }, // U+04EB
    { 20, 29, 307, -1, 28, 145, 29802 }, // U+04EC
    { 15, 24, 245, 0, 23, 90, 29947 }, // U+04ED
    { 22, 26, 327, 2, 25, 143, 30037 }, // U+04EE
    { 22, 27, 274, -5, 20, 149, 30180 }, // U+04EF
    { 22, 29, 327, 2, 28, 160, 30329 }, // U+04F0
    { 22, 30, 274, -5, 23, 165, 30489 }, // U+04F1
    { 22, 29, 327, 2, 28, 160, 30654 }, // U+04F2
    { 23, 30, 274, -5, 23, 173, 30814 }, // U+04F3
    { 23, 28, 366, 2, 28, 161, 30987 }, // U+04F4
    { 18, 24, 287, 0, 23, 108, 31148 }, // U+04F5
    { 21, 28, 276, -1, 21, 147, 31256 }, // U+04F6
    { 17, 23, 237, -1, 16, 98, 31403 }, // U+04F7
    { 32, 28, 456, -1, 28, 224, 31501 }, // U+04F8
    { 24, 24, 401, 1, 23, 144, 31725 }, // U+04F9
    { 21, 27, 276, -1, 21, 142, 31869 }, // U+04FA
    { 16, 22, 237, 0, 16, 88, 32011 }, // U+04FB
    { 26, 27, 346, -2, 21, 176, 32099 }, // U+04FC
    { 19, 22, 282, -1, 16, 105, 32275 }, // U+04FD
    { 26, 21, 342, -2, 21, 137, 32380 }, // U+04FE
    { 19, 16, 282, -1, 16, 76, 32517 }, // U+04FF
    { 23, 27, 351, -2, 21, 156, 0 }, // U+1EA0
    { 18, 22, 310, 1, 16, 99, 156 }, // U+1EA1
    { 23, 29, 351, -2, 29, 167, 255 }, // U+1EA2
    { 18, 26, 310, 1, 25, 117, 422 }, // U+1EA3
    { 25, 29, 351, -2, 29, 182, 539 }, // U+1EA4
    { 19, 25, 310, 1, 24, 119, 721 }, // U+1EA5
    { 23, 29, 351, -2, 29, 167, 840 }, // U+1EA6
    { 18, 25, 310, 1, 24, 113, 1007 }, // U+1EA7
    { 24, 30, 351, -2, 30, 180, 1120 }, // U+1EA8
    { 18, 26, 310, 1, 25, 117, 1300 }, // U+1EA9
    { 23, 31, 351, -2, 31, 179, 1417 }, // U+1EAA
    { 18, 28, 310, 1, 27, 126, 1596 }, // U+1EAB
    { 23, 34, 351, -2, 28, 196, 1722 }, // U+1EAC
    { 18, 29, 310, 1, 23, 131, 1918 }, // U+1EAD
    { 23, 30, 351, -2, 30, 173, 2049 }, // U+1EAE
    { 18, 26, 310, 1, 25, 117, 2222 }, // U+1EAF
    { 23, 30, 351, -2, 30, 173, 2339 }, // U+1EB0
    { 18, 26, 310, 1, 25, 117, 2512 }, // U+1EB1
    { 23, 31, 351, -2, 31, 179, 2629 }, // U+1EB2
    { 18, 27, 310, 1, 26, 122, 2808 }, // U+1EB3
    { 23, 31, 351, -2, 31, 179, 2930 }, // U+1EB4
    { 18, 28, 310, 1, 27, 126, 3109 }, // U+1EB5
    { 23, 34, 351, -2, 28, 196, 3235 }, // U+1EB6
    { 18, 29, 310, 1, 23, 131, 3431 }, // U+1EB7
    { 21, 27, 295, -1, 21, 142, 3562 }, // U+1EB8
    { 15, 22, 250, 1, 16, 83, 3704 }, // U+1EB9
    { 21, 29, 295, -1, 29, 153, 3787 }, // U+1EBA
    { 15, 26, 250, 1, 25, 98, 3940 }, // U+1EBB
    { 21, 28, 295, -1, 28, 147, 4038 }, // U+1EBC
    { 16, 24, 250, 1, 23, 96, 4185 }, // U+1EBD
    { 23, 29, 295, -1, 29, 167, 4281 }, // U+1EBE
    { 19, 25, 250, 1, 24, 119, 4448 }, // U+1EBF
    { 21, 29, 295, -1, 29, 153, 4567 }, // U+1EC0
    { 15, 25, 250, 1, 24, 94, 4720 }, // U+1EC1
    { 22, 30, 295, -1, 30, 165, 4814 }, // U+1EC2
    { 18, 26, 250, 1, 25, 117, 4979 }, // U+1EC3
    { 21, 31, 295, -1, 31, 163, 5096 }, // U+1EC4
    { 16, 28, 250, 1, 27, 112, 5259 }, // U+1EC5
    { 21, 34, 295, -1, 28, 179, 5371 }, // U+1EC6
    { 15, 29, 250, 1, 23, 109, 5550 }, // U+1EC7
    { 15, 29, 187, -1, 29, 109, 5659 }, // U+1EC8
    { 10, 26, 165, 1, 25, 65, 5768 }, // U+1EC9
    { 15, 27, 187, -1, 21, 102, 5833 }, // U+1ECA
    { 10, 29, 165, 0, 23, 73, 5935 }, // U+1ECB
    { 22, 28, 370, 1, 22, 154, 6008 }, // U+1ECC
    { 16, 22, 288, 1, 16, 88, 6162 }, // U+1ECD
    { 22, 30, 370, 1, 29, 165, 6250 }, // U+1ECE
    { 16, 26, 288, 1, 25, 104, 6415 }, // U+1ECF
    { 23, 30, 370, 1, 29, 173, 6519 }, // U+1ED0
    { 19, 25, 288, 1, 24, 119, 6692 }, // U+1ED1
    { 22, 30, 370, 1, 29, 165, 6811 }, // U+1ED2
    { 16, 25, 288, 1, 24, 100, 6976 }, // U+1ED3
    { 22, 31, 370, 1, 30, 171, 7076 }, // U+1ED4
    { 18, 26, 288, 1, 25, 117, 7247 }, // U+1ED5
    { 22, 32, 370, 1, 31, 176, 7364 }, // U+1ED6
    { 17, 28, 288, 1, 27, 119, 7540 }, // U+1ED7
    { 22, 34, 370, 1, 28, 187, 7659 }, // U+1ED8
    { 16, 29, 288, 1, 23, 116, 7846 }, // U+1ED9
    { 27, 29, 393, 1, 28, 196, 7962 }, // U+1EDA
    { 21, 24, 313, 1, 23, 126, 8158 }, // U+1EDB
    { 27, 29, 393, 1, 28, 196, 8284 }, // U+1EDC
    { 21, 24, 313, 1, 23, 126, 8480 }, // U+1EDD
    { 27, 30, 393, 1, 29, 203, 8606 }, // U+1EDE
    { 21, 26, 313, 1, 25, 137, 8809 }, // U+1EDF
    { 27, 29, 393, 1, 28, 196, 8946 }, // U+1EE0
    { 21, 24, 313, 1, 23, 126, 9142 }, // U+1EE1
    { 27, 29, 393, 1, 23, 196, 9268 }, // U+1EE2
    { 21, 25, 313, 1, 19, 132, 9464 }, // U+1EE3
    { 23, 27, 349, 2, 21, 156, 9596 }, // U+1EE4
    { 19, 22, 314, 1, 16, 105, 9752 }, // U+1EE5
    { 23, 30, 349, 2, 29, 173, 9857 }, // U+1EE6
    { 19, 26, 314, 1, 25, 124, 10030 }, // U+1EE7
    { 26, 29, 398, 2, 28, 189, 10154 }, // U+1EE8
    { 24, 24, 363, 1, 23, 144, 10343 }, // U+1EE9
    { 26, 29, 398, 2, 28, 189, 10487 }, // U+1EEA
    { 24, 24, 363, 1, 23, 144, 10676 }, // U+1EEB
    { 26, 30, 398, 2, 29, 195, 10820 }, // U+1EEC
    { 24, 26, 363, 1, 25, 156, 11015 }, // U+1EED
    { 26, 29, 398, 2, 28, 189, 11171 }, // U+1EEE
    { 24, 24, 363, 1, 23, 144, 11360 }, // U+1EEF
    { 26, 29, 398, 2, 23, 189, 11504 }, // U+1EF0
    { 24, 25, 363, 1, 19, 150, 11693 }, // U+1EF1
    { 22, 28, 323, 2, 28, 154, 11843 }, // U+1EF2
    { 22, 30, 274, -5, 23, 165, 11997 }, // U+1EF3
    { 22, 27, 323, 2, 21, 149, 12162 }, // U+1EF4
    { 22, 23, 274, -5, 16, 127, 12311 }, // U+1EF5
    { 22, 29, 323, 2, 29, 160, 12438 }, // U+1EF6
    { 22, 32, 274, -5, 25, 176, 12598 }, // U+1EF7
    { 22, 28, 323, 2, 28, 154, 12774 }, // U+1EF8
    { 22, 30, 274, -5, 23, 165, 12928 }, // U+1EF9
    { 0, 0, 233, 0, 0, 0, 0 }, // U+2000
    { 0, 0, 467, 0, 0, 0, 0 }, // U+2001
    { 0, 0, 233, 0, 0, 0, 0 }, // U+2002
    { 0, 0, 467, 0, 0, 0, 0 }, // U+2003
    { 0, 0, 155, 0, 0, 0, 0 }, // U+2004
    { 0, 0, 117, 0, 0, 0, 0 }, // U+2005
    { 0, 0, 78, 0, 0, 0, 0 }, // U+2006
    { 0, 0, 261, 0, 0, 0, 0 }, // U+2007
    { 0, 0, 142, 0, 0, 0, 0 }, // U+2008
    { 0, 0, 77, 0, 0, 0, 0 }, // U+2009
    { 0, 0, 47, 0, 0, 0, 0 }, // U+200A
    { 0, 0, 0, 0, 0, 0, 0 }, // U+200B
    { 2, 23, 0, -1, 19, 12, 0 }, // U+200C
    { 8, 25, 0, -4, 21, 50, 12 }, // U+200D
    { 8, 25, 0, -1, 21, 50, 62 }, // U+200E
    { 8, 25, 0, -7, 21, 50, 112 }, // U+200F
    { 9, 4, 145, 0, 10, 9, 162 }, // U+2010
    { 9, 4, 145, 0, 10, 9, 171 }, // U+2011
    { 17, 3, 261, 0, 12, 13, 180 }, // U+2012
    { 16, 3, 233, -1, 9, 12, 193 }, // U+2013
    { 31, 3, 467, -1, 9, 24, 205 }, // U+2014
    { 31, 3, 467, -1, 9, 24, 229 }, // U+2015
    { 9, 30, 261, 4, 23, 68, 253 }, // U+2016
    { 15, 6, 192, -3, 0, 23, 321 }, // U+2017
    { 7, 10, 131, 3, 21, 18, 344 }, // U+2018
    { 7, 10, 131, 2, 21, 18, 362 }, // U+2019
    { 7, 10, 131, -1, 5, 18, 380 }, // U+201A
    { 6, 10, 131, 3, 21, 15, 398 }, // U+201B
    { 13, 10, 228, 3, 21, 33, 413 }, // U+201C
    { 14, 10, 228, 2, 21, 35, 446 }, // U+201D
    { 14, 10, 228, -1, 5, 35, 481 }, // U+201E
    { 13, 10, 228, 3, 21, 33, 516 }, // U+201F
    { 13, 27, 223, 2, 23, 88, 549 }, // U+2020
    { 17, 27, 223, -1, 23, 115, 637 }, // U+2021
    { 9, 10, 187, 2, 15, 23, 752 }, // U+2022
    { 10, 10, 233, 4, 15, 25, 775 }, // U+2023
    { 6, 5, 142, 2, 13, 8, 800 }, // U+2024
    { 14, 5, 275, 2, 13, 18, 808 }, // U+2025
    { 23, 6, 427, 1, 5, 35, 826 }, // U+2026
    { 6, 6, 142, 2, 11, 9, 861 }, // U+2027
    { 0, 0, 280, 0, 0, 0, 870 }, // U+2028
    { 0, 0, 280, 0, 0, 0, 870 }, // U+2029
    { 8, 22, 0, -1, 18, 44, 870 }, // U+202A
    { 8, 22, 0, -7, 18, 44, 914 }, // U+202B
    { 8, 25, 0, -4, 21, 50, 958 }, // U+202C
    { 8, 25, 0, -4, 21, 50, 1008 }, // U+202D
    { 8, 25, 0, -4, 21, 50, 1058 }, // U+202E
    { 0, 0, 77, 0, 0, 0, 1108 }, // U+202F
    { 35, 23, 608, 2, 22, 202, 1108 }, // U+2030
    { 47, 23, 796, 2, 22, 271, 1310 }, // U+2031
    { 8, 9, 135, 3, 21, 18, 1581 }, // U+2032
    { 14, 9, 242, 3, 21, 32, 1599 }, // U+2033
    { 21, 9, 348, 3, 21, 48, 1631 }, // U+2034
    { 6, 9, 135, 4, 21, 14, 1679 }, // U+2035
    { 13, 9, 242, 4, 21, 30, 1693 }, // U+2036
    { 19, 9, 348, 4, 21, 43, 1723 }, // U+2037
    { 12, 9, 205, -1, 2, 27, 1766 }, // U+2038
    { 9, 12, 165, 1, 14, 27, 1793 }, // U+2039
    { 9, 12, 165, 0, 14, 27, 1820 }, // U+203A
    { 22, 21, 382, 1, 21, 116, 1847 }, // U+203B
    { 17, 22, 294, 2, 21, 94, 1963 }, // U+203C
    { 15, 23, 270, 3, 22, 87, 2057 }, // U+203D
    { 15, 2, 214, 2, 24, 8, 2144 }, // U+203E
    { 23, 7, 0, -21, 0, 41, 2152 }, // U+203F
    { 25, 6, 0, -19, 25, 38, 2193 }, // U+2040
    { 14, 21, 210, -2, 21, 74, 2231 }, // U+2041
    { 28, 24, 467, 0, 23, 168, 2305 }, // U+2042
    { 9, 5, 169, 1, 13, 12, 2473 }, // U+2043
    { 18, 21, 29, -8, 21, 95, 2485 }, // U+2044
    { 15, 27, 193, 0, 23, 102, 2580 }, // U+2045
    { 14, 27, 193, -2, 23, 95, 2682 }, // U+2046
    { 30, 23, 497, 2, 22, 173, 2777 }, // U+2047
    { 23, 23, 394, 2, 22, 133, 2950 }, // U+2048
    { 23, 23, 393, 2, 22, 133, 3083 }, // U+2049
    { 15, 23, 285, 1, 17, 87, 3216 }, // U+204A
    { 17, 27, 293, 3, 23, 115, 3303 }, // U+204B
    { 16, 11, 288, 1, 16, 44, 3418 }, // U+204C
    { 16, 11, 288, 1, 16, 44, 3462 }, // U+204D
    { 14, 13, 234, 1, 17, 46, 3506 }, // U+204E
    { 8, 21, 167, 1, 16, 42, 3552 }, // U+204F
    { 21, 23, 359, 1, 22, 121, 3594 }, // U+2050
    { 17, 25, 234, -1, 23, 107, 3715 }, // U+2051
    { 12, 22, 205, 1, 21, 66, 3822 }, // U+2052
    { 14, 7, 261, 1, 14, 25, 3888 }, // U+2053
    { 23, 6, 0, -8, 0, 35, 3913 }, // U+2054
    { 14, 14, 252, 1, 17, 49, 3948 }, // U+2055
    { 15, 17, 294, 1, 16, 64, 3997 }, // U+2056
    { 28, 9, 454, 3, 21, 63, 4061 }, // U+2057
    { 19, 17, 357, 2, 16, 81, 4124 }, // U+2058
    { 19, 17, 357, 2, 16, 81, 4205 }, // U+2059
    { 5, 23, 142, 2, 22, 29, 4286 }, // U+205A
    { 19, 23, 357, 2, 22, 110, 4315 }, // U+205B
    { 16, 16, 325, 2, 16, 64, 4425 }, // U+205C
    { 6, 23, 142, 2, 22, 35, 4489 }, // U+205D
    { 5, 23, 142, 2, 22, 29, 4524 }, // U+205E
    { 0, 0, 104, 0, 0, 0, 4553 }, // U+205F
    { 0, 0, 280, 0, 0, 0, 4553 }, // U+2060
    { 0, 0, 280, 0, 0, 0, 4553 }, // U+2061
    { 0, 0, 280, 0, 0, 0, 4553 }, // U+2062
    { 0, 0, 280, 0, 0, 0, 4553 }, // U+2063
    { 0, 0, 280, 0, 0, 0, 4553 }, // U+2064
    { 0, 0, 280, 0, 0, 0, 4553 }, // U+2066
    { 0, 0, 280, 0, 0, 0, 4553 }, // U+2067
    { 0, 0, 280, 0, 0, 0, 4553 }, // U+2068
    { 0, 0, 280, 0, 0, 0, 4553 }, // U+2069
    { 8, 25, 0, -4, 21, 50, 4553 }, // U+206A
    { 8, 25, 0, -4, 21, 50, 4603 }, // U+206B
    { 8, 25, 0, -4, 21, 50, 4653 }, // U+206C
    { 8, 25, 0, -4, 21, 50, 4703 }, // U+206D
    { 8, 25, 0, -4, 21, 50, 4753 }, // U+206E
    { 8, 25, 0, -4, 21, 50, 4803 }, // U+206F
    { 12, 14, 187, 2, 25, 42, 0 }, // U+2070
    { 6, 14, 107, 2, 22, 21, 42 }, // U+2071
    { 12, 13, 187, 1, 24, 39, 63 }, // U+2074
    { 11, 13, 187, 2, 24, 36, 102 }, // U+2075
    { 11, 14, 187, 3, 25, 39, 138 }, // U+2076
    { 11, 13, 187, 3, 24, 36, 177 }, // U+2077
    { 11, 14, 187, 2, 25, 39, 213 }, // U+2078
    { 12, 14, 187, 2, 25, 42, 252 }, // U+2079
    { 11, 11, 187, 2, 22, 31, 294 }, // U+207A
    { 11, 2, 187, 2, 18, 6, 325 }, // U+207B
    { 11, 8, 187, 2, 21, 22, 331 }, // U+207C
    { 9, 18, 117, 3, 26, 41, 353 }, // U+207D
    { 9, 18, 117, -1, 26, 41, 394 }, // U+207E
    { 12, 10, 204, 2, 18, 30, 435 }, // U+207F
    { 11, 14, 187, 0, 11, 39, 465 }, // U+2080
    { 10, 13, 187, -1, 10, 33, 504 }, // U+2081
    { 12, 14, 187, -1, 11, 42, 537 }, // U+2082
    { 12, 14, 187, -1, 11, 42, 579 }, // U+2083
    { 12, 13, 187, -1, 10, 39, 621 }, // U+2084
    { 12, 13, 187, -1, 10, 39, 660 }, // U+2085
    { 11, 14, 187, 0, 11, 39, 699 }, // U+2086
    { 11, 13, 187, 1, 10, 36, 738 }, // U+2087
    { 12, 14, 187, -1, 11, 42, 774 }, // U+2088
    { 11, 14, 187, 0, 11, 39, 816 }, // U+2089
    { 11, 11, 187, 0, 8, 31, 855 }, // U+208A
    { 11, 2, 187, 0, 4, 6, 886 }, // U+208B
    { 11, 8, 187, 0, 7, 22, 892 }, // U+208C
    { 9, 18, 117, 1, 12, 41, 914 }, // U+208D
    { 10, 18, 117, -4, 12, 45, 955 }, // U+208E
    { 12, 10, 202, -1, 7, 30, 1000 }, // U+2090
    { 10, 10, 162, -1, 7, 25, 1030 }, // U+2091
    { 11, 10, 188, -1, 7, 28, 1055 }, // U+2092
    { 12, 10, 183, -2, 7, 30, 1083 }, // U+2093
    { 10, 10, 170, -1, 7, 25, 1113 }, // U+2094
    { 13, 14, 199, -2, 11, 46, 1138 }, // U+2095
    { 13, 14, 181, -2, 11, 46, 1184 }, // U+2096
    { 6, 14, 107, -1, 11, 21, 1230 }, // U+2097
    { 18, 10, 294, -1, 7, 45, 1251 }, // U+2098
    { 12, 10, 204, -1, 7, 30, 1296 }, // U+2099
    { 13, 14, 189, -3, 7, 46, 1326 }, // U+209A
    { 10, 10, 156, -2, 7, 25, 1372 }, // U+209B
    { 8, 12, 126, -1, 9, 24, 1397 }, // U+209C
    { 21, 22, 359, 1, 22, 116, 0 }, // U+20A0
    { 19, 25, 312, 1, 23, 119, 116 }, // U+20A1
    { 20, 23, 312, 1, 22, 115, 235 }, // U+20A2
    { 20, 21, 261, -1, 21, 105, 350 }, // U+20A3
    { 18, 23, 261, -1, 22, 104, 455 }, // U+20A4
    { 27, 24, 452, 1, 20, 162, 559 }, // U+20A5
    { 27, 21, 368, -1, 21, 142, 721 }, // U+20A6
    { 29, 22, 429, -2, 21, 160, 863 }, // U+20A7
    { 35, 22, 542, -1, 21, 193, 1023 }, // U+20A8
    { 34, 21, 498, 1, 21, 179, 1216 }, // U+20A9
    { 23, 18, 416, 2, 18, 104, 1395 }, // U+20AA
    { 20, 28, 310, 1, 23, 140, 1499 }, // U+20AB
    { 18, 23, 261, 0, 22, 104, 1639 }, // U+20AC
    { 25, 21, 346, -1, 21, 132, 1743 }, // U+20AD
    { 21, 21, 305, 1, 21, 111, 1875 }, // U+20AE
    { 32, 30, 517, -1, 24, 240, 1986 }, // U+20AF
    { 18, 29, 297, -2, 22, 131, 2226 }, // U+20B0
    { 23, 21, 316, -1, 21, 121, 2357 }, // U+20B1
    { 22, 25, 372, 1, 23, 138, 2478 }, // U+20B2
    { 25, 21, 351, -2, 21, 132, 2616 }, // U+20B3
    { 21, 23, 287, -1, 22, 121, 2748 }, // U+20B4
    { 20, 25, 312, 1, 23, 125, 2869 }, // U+20B5
    { 19, 22, 279, 0, 21, 105, 2994 }, // U+20B6
    { 18, 25, 261, 0, 22, 113, 3099 }, // U+20B7
    { 18, 21, 261, 1, 21, 95, 3212 }, // U+20B8
    { 17, 21, 261, 1, 21, 90, 3307 }, // U+20B9
    { 17, 21, 261, -1, 21, 90, 3397 }, // U+20BA
    { 18, 23, 305, 2, 22, 104, 3487 }, // U+20BB
    { 21, 20, 367, 0, 20, 105, 3591 }, // U+20BC
    { 20, 21, 275, -1, 21, 105, 3696 }, // U+20BD
    { 18, 24, 261, 0, 24, 108, 3801 }, // U+20BE
    { 19, 27, 261, -2, 24, 129, 3909 }, // U+20BF
    { 9, 4, 145, 0, 10, 9, 0 }, // U+2212
    { 31, 30, 340, -5, 23, 233, 0 }, // U+FB00
    { 25, 30, 320, -5, 23, 188, 233 }, // U+FB01
    { 26, 30, 331, -5, 23, 195, 421 }, // U+FB02
    { 34, 30, 472, -5, 23, 255, 616 }, // U+FB03
    { 35, 30, 484, -5, 23, 263, 871 }, // U+FB04
    { 28, 30, 353, -5, 23, 210, 1134 }, // U+FB05
    { 28, 24, 435, 0, 23, 168, 1344 }, // U+FB06
    { 27, 28, 467, 1, 23, 189, 0 }, // U+FFFD
};

static const EpdUnicodeInterval notoserif_14_bolditalicIntervals[] = {
    { 0x0, 0x0, 0x0 },
    { 0xD, 0xD, 0x1 },
    { 0x20, 0x7E, 0x2 },
    { 0xA0, 0x17F, 0x61 },
    { 0x1A0, 0x1A1, 0x141 },
    { 0x1AF, 0x1B0, 0x143 },
    { 0x1C4, 0x21F, 0x145 },
    { 0x300, 0x36F, 0x1A1 },
    { 0x400, 0x4FF, 0x211 },
    { 0x1EA0, 0x1EF9, 0x311 },
    { 0x2000, 0x2064, 0x36B },
    { 0x2066, 0x2071, 0x3D0 },
    { 0x2074, 0x208E, 0x3DC },
    { 0x2090, 0x209C, 0x3F7 },
    { 0x20A0, 0x20BF, 0x404 },
    { 0x2212, 0x2212, 0x424 },
    { 0xFB00, 0xFB06, 0x425 },
    { 0xFFFD, 0xFFFD, 0x42C },
};

static const EpdFontGroup notoserif_14_bolditalicGroups[] = {
    { 0, 4459, 9294, 97, 0 },
    { 4459, 3729, 10620, 96, 97 },
    { 8188, 4759, 17524, 128, 193 },
    { 12947, 4735, 15177, 96, 321 },
    { 17682, 1471, 2263, 112, 417 },
    { 19153, 12414, 34429, 256, 529 },
    { 31567, 2610, 14043, 90, 785 },
    { 34177, 2416, 5278, 111, 875 },
    { 36593, 1023, 1573, 42, 986 },
    { 37616, 2431, 4322, 32, 1028 },
    { 40047, 14, 12, 1, 1060 },
    { 40061, 645, 1578, 7, 1061 },
    { 40706, 131, 196, 1, 1068 },
};

static const EpdKernClassEntry notoserif_14_bolditalicKernLeftClasses[] = {
    { 0x0022, 1 }, // "
    { 0x0026, 2 }, // &
    { 0x0027, 1 }, // '
    { 0x0028, 3 }, // (
    { 0x002A, 4 }, // *
    { 0x002C, 5 }, // ,
    { 0x002D, 6 }, // -
    { 0x002E, 5 }, // .
    { 0x0041, 7 }, // A
    { 0x0042, 8 }, // B
    { 0x0043, 9 }, // C
    { 0x0044, 10 }, // D
    { 0x0045, 11 }, // E
    { 0x0046, 12 }, // F
    { 0x0047, 13 }, // G
    { 0x004A, 14 }, // J
    { 0x004B, 15 }, // K
    { 0x004C, 16 }, // L
    { 0x004E, 17 }, // N
    { 0x004F, 10 }, // O
    { 0x0050, 18 }, // P
    { 0x0051, 10 }, // Q
    { 0x0052, 19 }, // R
    { 0x0053, 20 }, // S
    { 0x0054, 21 }, // T
    { 0x0055, 22 }, // U
    { 0x0056, 23 }, // V
    { 0x0057, 24 }, // W
    { 0x0058, 25 }, // X
    { 0x0059, 26 }, // Y
    { 0x005B, 3 }, // [
    { 0x005F, 27 }, // _
    { 0x0061, 28 }, // a
    { 0x0062, 29 }, // b
    { 0x0063, 30 }, // c
    { 0x0065, 30 }, // e
    { 0x0066, 31 }, // f
    { 0x0068, 28 }, // h
    { 0x006B, 32 }, // k
    { 0x006D, 28 }, // m
    { 0x006E, 28 }, // n
    { 0x006F, 29 }, // o
    { 0x0070, 29 }, // p
    { 0x0071, 33 }, // q
    { 0x0072, 34 }, // r
    { 0x0073, 35 }, // s
    { 0x0076, 36 }, // v
    { 0x0077, 37 }, // w
    { 0x0079, 38 }, // y
    { 0x007A, 39 }, // z
    { 0x007B, 3 }, // {
    { 0x00A1, 40 }, // U+00A1
    { 0x00AB, 41 }, // U+00AB
    { 0x00BF, 42 }, // U+00BF
    { 0x00C0, 43 }, // U+00C0
    { 0x00C1, 43 }, // U+00C1
    { 0x00C2, 43 }, // U+00C2
    { 0x00C3, 43 }, // U+00C3
    { 0x00C4, 43 }, // U+00C4
    { 0x00C5, 43 }, // U+00C5
    { 0x00C6, 11 }, // U+00C6
    { 0x00C7, 9 }, // U+00C7
    { 0x00C8, 11 }, // U+00C8
    { 0x00C9, 11 }, // U+00C9
    { 0x00CA, 11 }, // U+00CA
    { 0x00CB, 11 }, // U+00CB
    { 0x00D0, 10 }, // U+00D0
    { 0x00D1, 17 }, // U+00D1
    { 0x00D2, 10 }, // U+00D2
    { 0x00D3, 10 }, // U+00D3
    { 0x00D4, 10 }, // U+00D4
    { 0x00D5, 10 }, // U+00D5
    { 0x00D6, 10 }, // U+00D6
    { 0x00D8, 10 }, // U+00D8
    { 0x00D9, 22 }, // U+00D9
    { 0x00DA, 22 }, // U+00DA
    { 0x00DB, 22 }, // U+00DB
    { 0x00DC, 22 }, // U+00DC
    { 0x00DD, 26 }, // U+00DD
    { 0x00DE, 10 }, // U+00DE
    { 0x00DF, 35 }, // U+00DF
    { 0x00E0, 28 }, // U+00E0
    { 0x00E1, 28 }, // U+00E1
    { 0x00E2, 28 }, // U+00E2
    { 0x00E3, 28 }, // U+00E3
    { 0x00E4, 28 }, // U+00E4
    { 0x00E5, 28 }, // U+00E5
    { 0x00E6, 30 }, // U+00E6
    { 0x00E7, 30 }, // U+00E7
    { 0x00E8, 30 }, // U+00E8
    { 0x00E9, 30 }, // U+00E9
    { 0x00EA, 30 }, // U+00EA
    { 0x00EB, 30 }, // U+00EB
    { 0x00F0, 29 }, // U+00F0
    { 0x00F1, 28 }, // U+00F1
    { 0x00F2, 29 }, // U+00F2
    { 0x00F3, 29 }, // U+00F3
    { 0x00F4, 29 }, // U+00F4
    { 0x00F5, 29 }, // U+00F5
    { 0x00F6, 29 }, // U+00F6
    { 0x00F8, 29 }, // U+00F8
    { 0x00F9, 28 }, // U+00F9
    { 0x00FA, 28 }, // U+00FA
    { 0x00FB, 28 }, // U+00FB
    { 0x00FC, 28 }, // U+00FC
    { 0x00FD, 38 }, // U+00FD
    { 0x00FE, 29 }, // U+00FE
    { 0x00FF, 38 }, // U+00FF
    { 0x0100, 7 }, // U+0100
    { 0x0101, 28 }, // U+0101
    { 0x0102, 43 }, // U+0102
    { 0x0103, 28 }, // U+0103
    { 0x0104, 43 }, // U+0104
    { 0x0105, 28 }, // U+0105
    { 0x0106, 9 }, // U+0106
    { 0x0107, 30 }, // U+0107
    { 0x0108, 9 }, // U+0108
    { 0x0109, 30 }, // U+0109
    { 0x010A, 9 }, // U+010A
    { 0x010B, 30 }, // U+010B
    { 0x010C, 9 }, // U+010C
    { 0x010D, 30 }, // U+010D
    { 0x010E, 10 }, // U+010E
    { 0x010F, 44 }, // U+010F
    { 0x0110, 10 }, // U+0110
    { 0x0112, 11 }, // U+0112
    { 0x0113, 30 }, // U+0113
    { 0x0114, 11 }, // U+0114
    { 0x0115, 30 }, // U+0115
    { 0x0116, 11 }, // U+0116
    { 0x0117, 30 }, // U+0117
    { 0x0118, 11 }, // U+0118
    { 0x0119, 30 }, // U+0119
    { 0x011A, 11 }, // U+011A
    { 0x011B, 30 }, // U+011B
    { 0x011C, 13 }, // U+011C
    { 0x011E, 13 }, // U+011E
    { 0x0120, 13 }, // U+0120
    { 0x0122, 13 }, // U+0122
    { 0x0125, 28 }, // U+0125
    { 0x0127, 28 }, // U+0127
    { 0x0132, 14 }, // U+0132
    { 0x0134, 14 }, // U+0134
    { 0x0136, 15 }, // U+0136
    { 0x0137, 32 }, // U+0137
    { 0x0138, 32 }, // U+0138
    { 0x0139, 16 }, // U+0139
    { 0x013B, 16 }, // U+013B
    { 0x013D, 45 }, // U+013D
    { 0x013E, 44 }, // U+013E
    { 0x0141, 16 }, // U+0141
    { 0x0143, 17 }, // U+0143
    { 0x0144, 28 }, // U+0144
    { 0x0145, 17 }, // U+0145
    { 0x0146, 28 }, // U+0146
    { 0x0147, 17 }, // U+0147
    { 0x0148, 28 }, // U+0148
    { 0x0149, 28 }, // U+0149
    { 0x014A, 14 }, // U+014A
    { 0x014B, 28 }, // U+014B
    { 0x014C, 10 }, // U+014C
    { 0x014D, 29 }, // U+014D
    { 0x014E, 10 }, // U+014E
    { 0x014F, 29 }, // U+014F
    { 0x0150, 10 }, // U+0150
    { 0x0151, 29 }, // U+0151
    { 0x0152, 11 }, // U+0152
    { 0x0153, 30 }, // U+0153
    { 0x0154, 19 }, // U+0154
    { 0x0155, 34 }, // U+0155
    { 0x0156, 19 }, // U+0156
    { 0x0157, 34 }, // U+0157
    { 0x0158, 19 }, // U+0158
    { 0x0159, 34 }, // U+0159
    { 0x015A, 20 }, // U+015A
    { 0x015B, 35 }, // U+015B
    { 0x015C, 20 }, // U+015C
    { 0x015D, 35 }, // U+015D
    { 0x015E, 20 }, // U+015E
    { 0x015F, 35 }, // U+015F
    { 0x0160, 20 }, // U+0160
    { 0x0161, 35 }, // U+0161
    { 0x0162, 21 }, // U+0162
    { 0x0164, 21 }, // U+0164
    { 0x0166, 21 }, // U+0166
    { 0x0168, 22 }, // U+0168
    { 0x0169, 28 }, // U+0169
    { 0x016A, 22 }, // U+016A
    { 0x016B, 28 }, // U+016B
    { 0x016C, 22 }, // U+016C
    { 0x016D, 28 }, // U+016D
    { 0x016E, 22 }, // U+016E
    { 0x016F, 28 }, // U+016F
    { 0x0170, 22 }, // U+0170
    { 0x0171, 28 }, // U+0171
    { 0x0172, 22 }, // U+0172
    { 0x0173, 28 }, // U+0173
    { 0x0174, 24 }, // U+0174
    { 0x0175, 37 }, // U+0175
    { 0x0176, 26 }, // U+0176
    { 0x0177, 38 }, // U+0177
    { 0x0178, 26 }, // U+0178
    { 0x017A, 39 }, // U+017A
    { 0x017C, 39 }, // U+017C
    { 0x017E, 39 }, // U+017E
    { 0x01A0, 46 }, // U+01A0
    { 0x01A1, 47 }, // U+01A1
    { 0x01AF, 48 }, // U+01AF
    { 0x01B0, 49 }, // U+01B0
    { 0x01FA, 7 }, // U+01FA
    { 0x01FB, 28 }, // U+01FB
    { 0x01FC, 11 }, // U+01FC
    { 0x01FD, 30 }, // U+01FD
    { 0x01FE, 10 }, // U+01FE
    { 0x01FF, 29 }, // U+01FF
    { 0x0218, 20 }, // U+0218
    { 0x0219, 35 }, // U+0219
    { 0x021A, 21 }, // U+021A
    { 0x0400, 50 }, // U+0400
    { 0x0401, 50 }, // U+0401
    { 0x0402, 51 }, // U+0402
    { 0x0403, 52 }, // U+0403
    { 0x0404, 53 }, // U+0404
    { 0x0405, 54 }, // U+0405
    { 0x0406, 55 }, // U+0406
    { 0x0407, 55 }, // U+0407
    { 0x0408, 56 }, // U+0408
    { 0x0409, 57 }, // U+0409
    { 0x040A, 57 }, // U+040A
    { 0x040B, 58 }, // U+040B
    { 0x040C, 59 }, // U+040C
    { 0x040D, 55 }, // U+040D
    { 0x040E, 60 }, // U+040E
    { 0x040F, 55 }, // U+040F
    { 0x0410, 61 }, // U+0410
    { 0x0411, 62 }, // U+0411
    { 0x0412, 63 }, // U+0412
    { 0x0413, 52 }, // U+0413
    { 0x0414, 64 }, // U+0414
    { 0x0415, 50 }, // U+0415
    { 0x0416, 59 }, // U+0416
    { 0x0417, 63 }, // U+0417
    { 0x0418, 55 }, // U+0418
    { 0x0419, 55 }, // U+0419
    { 0x041A, 59 }, // U+041A
    { 0x041B, 55 }, // U+041B
    { 0x041C, 55 }, // U+041C
    { 0x041D, 55 }, // U+041D
    { 0x041E, 65 }, // U+041E
    { 0x041F, 55 }, // U+041F
    { 0x0420, 66 }, // U+0420
    { 0x0421, 53 }, // U+0421
    { 0x0422, 52 }, // U+0422
    { 0x0423, 60 }, // U+0423
    { 0x0424, 67 }, // U+0424
    { 0x0425, 68 }, // U+0425
    { 0x0426, 64 }, // U+0426
    { 0x0427, 55 }, // U+0427
    { 0x0428, 55 }, // U+0428
    { 0x0429, 64 }, // U+0429
    { 0x042A, 57 }, // U+042A
    { 0x042B, 55 }, // U+042B
    { 0x042C, 57 }, // U+042C
    { 0x042D, 65 }, // U+042D
    { 0x042E, 65 }, // U+042E
    { 0x042F, 55 }, // U+042F
    { 0x0430, 69 }, // U+0430
    { 0x0431, 70 }, // U+0431
    { 0x0432, 71 }, // U+0432
    { 0x0433, 72 }, // U+0433
    { 0x0434, 73 }, // U+0434
    { 0x0435, 74 }, // U+0435
    { 0x0436, 75 }, // U+0436
    { 0x0437, 71 }, // U+0437
    { 0x0438, 69 }, // U+0438
    { 0x0439, 69 }, // U+0439
    { 0x043A, 76 }, // U+043A
    { 0x043B, 69 }, // U+043B
    { 0x043C, 69 }, // U+043C
    { 0x043D, 69 }, // U+043D
    { 0x043E, 77 }, // U+043E
    { 0x043F, 78 }, // U+043F
    { 0x0440, 77 }, // U+0440
    { 0x0441, 79 }, // U+0441
    { 0x0442, 78 }, // U+0442
    { 0x0443, 80 }, // U+0443
    { 0x0444, 77 }, // U+0444
    { 0x0445, 76 }, // U+0445
    { 0x0446, 81 }, // U+0446
    { 0x0447, 69 }, // U+0447
    { 0x0448, 69 }, // U+0448
    { 0x0449, 81 }, // U+0449
    { 0x044A, 82 }, // U+044A
    { 0x044B, 69 }, // U+044B
    { 0x044C, 82 }, // U+044C
    { 0x044D, 77 }, // U+044D
    { 0x044E, 77 }, // U+044E
    { 0x044F, 69 }, // U+044F
    { 0x0450, 74 }, // U+0450
    { 0x0451, 74 }, // U+0451
    { 0x0452, 83 }, // U+0452
    { 0x0453, 72 }, // U+0453
    { 0x0454, 79 }, // U+0454
    { 0x0455, 84 }, // U+0455
    { 0x0456, 69 }, // U+0456
    { 0x0457, 85 }, // U+0457
    { 0x0458, 86 }, // U+0458
    { 0x0459, 82 }, // U+0459
    { 0x045A, 82 }, // U+045A
    { 0x045B, 78 }, // U+045B
    { 0x045C, 76 }, // U+045C
    { 0x045D, 69 }, // U+045D
    { 0x045E, 80 }, // U+045E
    { 0x045F, 69 }, // U+045F
    { 0x0460, 65 }, // U+0460
    { 0x0461, 87 }, // U+0461
    { 0x0462, 57 }, // U+0462
    { 0x0464, 53 }, // U+0464
    { 0x0465, 72 }, // U+0465
    { 0x0466, 61 }, // U+0466
    { 0x0468, 61 }, // U+0468
    { 0x046A, 88 }, // U+046A
    { 0x046C, 88 }, // U+046C
    { 0x046E, 63 }, // U+046E
    { 0x046F, 72 }, // U+046F
    { 0x0470, 89 }, // U+0470
    { 0x0471, 90 }, // U+0471
    { 0x0472, 65 }, // U+0472
    { 0x0473, 71 }, // U+0473
    { 0x0474, 60 }, // U+0474
    { 0x0475, 90 }, // U+0475
    { 0x0476, 60 }, // U+0476
    { 0x0477, 90 }, // U+0477
    { 0x0478, 91 }, // U+0478
    { 0x0479, 80 }, // U+0479
    { 0x047A, 65 }, // U+047A
    { 0x047B, 71 }, // U+047B
    { 0x047C, 65 }, // U+047C
    { 0x047D, 71 }, // U+047D
    { 0x047E, 65 }, // U+047E
    { 0x047F, 87 }, // U+047F
    { 0x0480, 53 }, // U+0480
    { 0x0481, 72 }, // U+0481
    { 0x048A, 64 }, // U+048A
    { 0x048B, 81 }, // U+048B
    { 0x048C, 57 }, // U+048C
    { 0x048E, 66 }, // U+048E
    { 0x048F, 71 }, // U+048F
    { 0x0490, 92 }, // U+0490
    { 0x0491, 93 }, // U+0491
    { 0x0492, 92 }, // U+0492
    { 0x0493, 93 }, // U+0493
    { 0x0494, 58 }, // U+0494
    { 0x0496, 59 }, // U+0496
    { 0x0497, 79 }, // U+0497
    { 0x0498, 63 }, // U+0498
    { 0x0499, 72 }, // U+0499
    { 0x049A, 59 }, // U+049A
    { 0x049B, 79 }, // U+049B
    { 0x049C, 59 }, // U+049C
    { 0x049D, 79 }, // U+049D
    { 0x049E, 59 }, // U+049E
    { 0x049F, 79 }, // U+049F
    { 0x04A0, 59 }, // U+04A0
    { 0x04A1, 79 }, // U+04A1
    { 0x04A2, 64 }, // U+04A2
    { 0x04A3, 81 }, // U+04A3
    { 0x04A4, 92 }, // U+04A4
    { 0x04A6, 58 }, // U+04A6
    { 0x04AA, 53 }, // U+04AA
    { 0x04AB, 72 }, // U+04AB
    { 0x04AC, 92 }, // U+04AC
    { 0x04AD, 81 }, // U+04AD
    { 0x04AE, 89 }, // U+04AE
    { 0x04AF, 90 }, // U+04AF
    { 0x04B0, 89 }, // U+04B0
    { 0x04B1, 90 }, // U+04B1
    { 0x04B2, 68 }, // U+04B2
    { 0x04B3, 76 }, // U+04B3
    { 0x04B4, 64 }, // U+04B4
    { 0x04B5, 81 }, // U+04B5
    { 0x04B6, 64 }, // U+04B6
    { 0x04B7, 81 }, // U+04B7
    { 0x04B8, 55 }, // U+04B8
    { 0x04B9, 69 }, // U+04B9
    { 0x04BA, 58 }, // U+04BA
    { 0x04BB, 82 }, // U+04BB
    { 0x04BC, 94 }, // U+04BC
    { 0x04BD, 74 }, // U+04BD
    { 0x04BE, 94 }, // U+04BE
    { 0x04BF, 74 }, // U+04BF
    { 0x04C1, 59 }, // U+04C1
    { 0x04C2, 79 }, // U+04C2
    { 0x04C3, 58 }, // U+04C3
    { 0x04C5, 64 }, // U+04C5
    { 0x04C6, 81 }, // U+04C6
    { 0x04C7, 56 }, // U+04C7
    { 0x04C9, 64 }, // U+04C9
    { 0x04CA, 81 }, // U+04CA
    { 0x04CC, 81 }, // U+04CC
    { 0x04CD, 64 }, // U+04CD
    { 0x04CE, 81 }, // U+04CE
    { 0x04D0, 61 }, // U+04D0
    { 0x04D1, 81 }, // U+04D1
    { 0x04D2, 61 }, // U+04D2
    { 0x04D3, 81 }, // U+04D3
    { 0x04D4, 50 }, // U+04D4
    { 0x04D5, 74 }, // U+04D5
    { 0x04D6, 50 }, // U+04D6
    { 0x04D7, 74 }, // U+04D7
    { 0x04D8, 65 }, // U+04D8
    { 0x04D9, 71 }, // U+04D9
    { 0x04DA, 65 }, // U+04DA
    { 0x04DB, 71 }, // U+04DB
    { 0x04DC, 59 }, // U+04DC
    { 0x04DD, 79 }, // U+04DD
    { 0x04DE, 63 }, // U+04DE
    { 0x04DF, 71 }, // U+04DF
    { 0x04E0, 63 }, // U+04E0
    { 0x04E1, 95 }, // U+04E1
    { 0x04E2, 55 }, // U+04E2
    { 0x04E3, 81 }, // U+04E3
    { 0x04E4, 55 }, // U+04E4
    { 0x04E5, 81 }, // U+04E5
    { 0x04E6, 65 }, // U+04E6
    { 0x04E7, 71 }, // U+04E7
    { 0x04E8, 65 }, // U+04E8
    { 0x04E9, 71 }, // U+04E9
    { 0x04EA, 65 }, // U+04EA
    { 0x04EB, 71 }, // U+04EB
    { 0x04EC, 65 }, // U+04EC
    { 0x04ED, 77 }, // U+04ED
    { 0x04EE, 60 }, // U+04EE
    { 0x04EF, 80 }, // U+04EF
    { 0x04F0, 60 }, // U+04F0
    { 0x04F1, 80 }, // U+04F1
    { 0x04F2, 60 }, // U+04F2
    { 0x04F3, 80 }, // U+04F3
    { 0x04F4, 55 }, // U+04F4
    { 0x04F5, 69 }, // U+04F5
    { 0x04F6, 92 }, // U+04F6
    { 0x04F7, 93 }, // U+04F7
    { 0x04F8, 55 }, // U+04F8
    { 0x04F9, 69 }, // U+04F9
    { 0x04FA, 92 }, // U+04FA
    { 0x04FB, 93 }, // U+04FB
    { 0x04FC, 68 }, // U+04FC
    { 0x04FD, 76 }, // U+04FD
    { 0x04FE, 68 }, // U+04FE
    { 0x04FF, 96 }, // U+04FF
    { 0x1EA0, 43 }, // U+1EA0
    { 0x1EA1, 28 }, // U+1EA1
    { 0x1EA2, 43 }, // U+1EA2
    { 0x1EA3, 28 }, // U+1EA3
    { 0x1EA4, 43 }, // U+1EA4
    { 0x1EA5, 28 }, // U+1EA5
    { 0x1EA6, 43 }, // U+1EA6
    { 0x1EA7, 28 }, // U+1EA7
    { 0x1EA8, 43 }, // U+1EA8
    { 0x1EA9, 28 }, // U+1EA9
    { 0x1EAA, 43 }, // U+1EAA
    { 0x1EAB, 28 }, // U+1EAB
    { 0x1EAC, 43 }, // U+1EAC
    { 0x1EAD, 28 }, // U+1EAD
    { 0x1EAE, 43 }, // U+1EAE
    { 0x1EAF, 28 }, // U+1EAF
    { 0x1EB0, 43 }, // U+1EB0
    { 0x1EB1, 28 }, // U+1EB1
    { 0x1EB2, 43 }, // U+1EB2
    { 0x1EB3, 28 }, // U+1EB3
    { 0x1EB4, 43 }, // U+1EB4
    { 0x1EB5, 28 }, // U+1EB5
    { 0x1EB6, 43 }, // U+1EB6
    { 0x1EB7, 28 }, // U+1EB7
    { 0x1EB8, 11 }, // U+1EB8
    { 0x1EB9, 30 }, // U+1EB9
    { 0x1EBA, 11 }, // U+1EBA
    { 0x1EBB, 30 }, // U+1EBB
    { 0x1EBC, 11 }, // U+1EBC
    { 0x1EBD, 30 }, // U+1EBD
    { 0x1EBE, 11 }, // U+1EBE
    { 0x1EBF, 30 }, // U+1EBF
    { 0x1EC0, 11 }, // U+1EC0
    { 0x1EC1, 30 }, // U+1EC1
    { 0x1EC2, 11 }, // U+1EC2
    { 0x1EC3, 30 }, // U+1EC3
    { 0x1EC4, 11 }, // U+1EC4
    { 0x1EC5, 30 }, // U+1EC5
    { 0x1EC6, 11 }, // U+1EC6
    { 0x1EC7, 30 }, // U+1EC7
    { 0x1ECC, 10 }, // U+1ECC
    { 0x1ECD, 29 }, // U+1ECD
    { 0x1ECE, 10 }, // U+1ECE
    { 0x1ECF, 29 }, // U+1ECF
    { 0x1ED0, 10 }, // U+1ED0
    { 0x1ED1, 29 }, // U+1ED1
    { 0x1ED2, 10 }, // U+1ED2
    { 0x1ED3, 29 }, // U+1ED3
    { 0x1ED4, 10 }, // U+1ED4
    { 0x1ED5, 29 }, // U+1ED5
    { 0x1ED6, 10 }, // U+1ED6
    { 0x1ED7, 29 }, // U+1ED7
    { 0x1ED8, 10 }, // U+1ED8
    { 0x1ED9, 97 }, // U+1ED9
    { 0x1EDA, 46 }, // U+1EDA
    { 0x1EDB, 47 }, // U+1EDB
    { 0x1EDC, 46 }, // U+1EDC
    { 0x1EDD, 47 }, // U+1EDD
    { 0x1EDE, 46 }, // U+1EDE
    { 0x1EDF, 47 }, // U+1EDF
    { 0x1EE0, 46 }, // U+1EE0
    { 0x1EE1, 47 }, // U+1EE1
    { 0x1EE2, 46 }, // U+1EE2
    { 0x1EE3, 47 }, // U+1EE3
    { 0x1EE4, 22 }, // U+1EE4
    { 0x1EE5, 28 }, // U+1EE5
    { 0x1EE6, 22 }, // U+1EE6
    { 0x1EE7, 28 }, // U+1EE7
    { 0x1EE8, 48 }, // U+1EE8
    { 0x1EE9, 49 }, // U+1EE9
    { 0x1EEA, 48 }, // U+1EEA
    { 0x1EEB, 49 }, // U+1EEB
    { 0x1EEC, 48 }, // U+1EEC
    { 0x1EED, 49 }, // U+1EED
    { 0x1EEE, 48 }, // U+1EEE
    { 0x1EEF, 49 }, // U+1EEF
    { 0x1EF0, 48 }, // U+1EF0
    { 0x1EF1, 49 }, // U+1EF1
    { 0x1EF2, 26 }, // U+1EF2
    { 0x1EF3, 38 }, // U+1EF3
    { 0x1EF4, 26 }, // U+1EF4
    { 0x1EF5, 38 }, // U+1EF5
    { 0x1EF6, 26 }, // U+1EF6
    { 0x1EF7, 38 }, // U+1EF7
    { 0x1EF8, 26 }, // U+1EF8
    { 0x1EF9, 38 }, // U+1EF9
    { 0x2013, 6 }, // U+2013
    { 0x2014, 6 }, // U+2014
    { 0x2015, 6 }, // U+2015
    { 0x2018, 98 }, // U+2018
    { 0x2019, 99 }, // U+2019
    { 0x201A, 5 }, // U+201A
    { 0x201C, 98 }, // U+201C
    { 0x201D, 99 }, // U+201D
    { 0x201E, 5 }, // U+201E
    { 0x2039, 41 }, // U+2039
    { 0x207D, 100 }, // U+207D
    { 0x208D, 101 }, // U+208D
    { 0x2090, 102 }, // U+2090
    { 0x2092, 103 }, // U+2092
    { 0xFB00, 31 }, // U+FB00
};

static const EpdKernClassEntry notoserif_14_bolditalicKernRightClasses[] = {
    { 0x0022, 1 }, // "
    { 0x0026, 2 }, // &
    { 0x0027, 1 }, // '
    { 0x0029, 3 }, // )
    { 0x002A, 4 }, // *
    { 0x002C, 5 }, // ,
    { 0x002D, 6 }, // -
    { 0x002E, 7 }, // .
    { 0x003A, 8 }, // :
    { 0x003B, 8 }, // ;
    { 0x003F, 9 }, // ?
    { 0x0041, 10 }, // A
    { 0x0042, 11 }, // B
    { 0x0043, 12 }, // C
    { 0x0044, 11 }, // D
    { 0x0045, 11 }, // E
    { 0x0046, 11 }, // F
    { 0x0047, 12 }, // G
    { 0x0048, 11 }, // H
    { 0x0049, 11 }, // I
    { 0x004A, 11 }, // J
    { 0x004B, 11 }, // K
    { 0x004C, 11 }, // L
    { 0x004D, 11 }, // M
    { 0x004E, 11 }, // N
    { 0x004F, 12 }, // O
    { 0x0050, 11 }, // P
    { 0x0051, 12 }, // Q
    { 0x0052, 11 }, // R
    { 0x0053, 13 }, // S
    { 0x0054, 14 }, // T
    { 0x0055, 15 }, // U
    { 0x0056, 16 }, // V
    { 0x0057, 17 }, // W
    { 0x0058, 18 }, // X
    { 0x0059, 19 }, // Y
    { 0x005A, 20 }, // Z
    { 0x005C, 21 }, // <backslash>
    { 0x005D, 3 }, // ]
    { 0x005F, 22 }, // _
    { 0x0061, 23 }, // a
    { 0x0062, 24 }, // b
    { 0x0063, 25 }, // c
    { 0x0064, 25 }, // d
    { 0x0065, 25 }, // e
    { 0x0067, 26 }, // g
    { 0x0068, 24 }, // h
    { 0x0069, 27 }, // i
    { 0x006B, 24 }, // k
    { 0x006C, 28 }, // l
    { 0x006D, 29 }, // m
    { 0x006E, 29 }, // n
    { 0x006F, 25 }, // o
    { 0x0070, 29 }, // p
    { 0x0071, 25 }, // q
    { 0x0072, 29 }, // r
    { 0x0073, 30 }, // s
    { 0x0074, 31 }, // t
    { 0x0075, 32 }, // u
    { 0x0076, 33 }, // v
    { 0x0077, 34 }, // w
    { 0x0078, 35 }, // x
    { 0x0079, 36 }, // y
    { 0x007A, 37 }, // z
    { 0x007D, 3 }, // }
    { 0x00A9, 38 }, // U+00A9
    { 0x00AE, 38 }, // U+00AE
    { 0x00BB, 39 }, // U+00BB
    { 0x00C0, 10 }, // U+00C0
    { 0x00C1, 10 }, // U+00C1
    { 0x00C2, 10 }, // U+00C2
    { 0x00C3, 10 }, // U+00C3
    { 0x00C4, 10 }, // U+00C4
    { 0x00C5, 10 }, // U+00C5
    { 0x00C6, 40 }, // U+00C6
    { 0x00C7, 12 }, // U+00C7
    { 0x00C8, 11 }, // U+00C8
    { 0x00C9, 11 }, // U+00C9
    { 0x00CA, 11 }, // U+00CA
    { 0x00CB, 11 }, // U+00CB
    { 0x00CC, 11 }, // U+00CC
    { 0x00CD, 11 }, // U+00CD
    { 0x00CE, 11 }, // U+00CE
    { 0x00CF, 11 }, // U+00CF
    { 0x00D0, 11 }, // U+00D0
    { 0x00D1, 11 }, // U+00D1
    { 0x00D2, 12 }, // U+00D2
    { 0x00D3, 12 }, // U+00D3
    { 0x00D4, 12 }, // U+00D4
    { 0x00D5, 12 }, // U+00D5
    { 0x00D6, 12 }, // U+00D6
    { 0x00D8, 12 }, // U+00D8
    { 0x00D9, 15 }, // U+00D9
    { 0x00DA, 15 }, // U+00DA
    { 0x00DB, 15 }, // U+00DB
    { 0x00DC, 15 }, // U+00DC
    { 0x00DD, 19 }, // U+00DD
    { 0x00DE, 11 }, // U+00DE
    { 0x00E0, 23 }, // U+00E0
    { 0x00E1, 23 }, // U+00E1
    { 0x00E2, 23 }, // U+00E2
    { 0x00E3, 23 }, // U+00E3
    { 0x00E4, 23 }, // U+00E4
    { 0x00E5, 23 }, // U+00E5
    { 0x00E6, 23 }, // U+00E6
    { 0x00E7, 25 }, // U+00E7
    { 0x00E8, 25 }, // U+00E8
    { 0x00E9, 25 }, // U+00E9
    { 0x00EA, 25 }, // U+00EA
    { 0x00EB, 25 }, // U+00EB
    { 0x00EC, 27 }, // U+00EC
    { 0x00ED, 27 }, // U+00ED
    { 0x00EE, 27 }, // U+00EE
    { 0x00EF, 27 }, // U+00EF
    { 0x00F0, 25 }, // U+00F0
    { 0x00F1, 29 }, // U+00F1
    { 0x00F2, 25 }, // U+00F2
    { 0x00F3, 25 }, // U+00F3
    { 0x00F4, 25 }, // U+00F4
    { 0x00F5, 25 }, // U+00F5
    { 0x00F6, 25 }, // U+00F6
    { 0x00F8, 25 }, // U+00F8
    { 0x00F9, 32 }, // U+00F9
    { 0x00FA, 32 }, // U+00FA
    { 0x00FB, 32 }, // U+00FB
    { 0x00FC, 32 }, // U+00FC
    { 0x00FD, 36 }, // U+00FD
    { 0x00FE, 24 }, // U+00FE
    { 0x00FF, 36 }, // U+00FF
    { 0x0100, 10 }, // U+0100
    { 0x0101, 23 }, // U+0101
    { 0x0102, 10 }, // U+0102
    { 0x0103, 23 }, // U+0103
    { 0x0104, 10 }, // U+0104
    { 0x0105, 23 }, // U+0105
    { 0x0106, 12 }, // U+0106
    { 0x0107, 25 }, // U+0107
    { 0x0108, 12 }, // U+0108
    { 0x0109, 25 }, // U+0109
    { 0x010A, 12 }, // U+010A
    { 0x010B, 25 }, // U+010B
    { 0x010C, 12 }, // U+010C
    { 0x010D, 25 }, // U+010D
    { 0x010E, 11 }, // U+010E
    { 0x010F, 25 }, // U+010F
    { 0x0110, 11 }, // U+0110
    { 0x0111, 25 }, // U+0111
    { 0x0112, 11 }, // U+0112
    { 0x0113, 25 }, // U+0113
    { 0x0114, 11 }, // U+0114
    { 0x0115, 25 }, // U+0115
    { 0x0116, 11 }, // U+0116
    { 0x0117, 25 }, // U+0117
    { 0x0118, 11 }, // U+0118
    { 0x0119, 25 }, // U+0119
    { 0x011A, 11 }, // U+011A
    { 0x011B, 25 }, // U+011B
    { 0x011C, 12 }, // U+011C
    { 0x011D, 25 }, // U+011D
    { 0x011E, 12 }, // U+011E
    { 0x011F, 25 }, // U+011F
    { 0x0120, 12 }, // U+0120
    { 0x0121, 25 }, // U+0121
    { 0x0122, 12 }, // U+0122
    { 0x0123, 25 }, // U+0123
    { 0x0124, 11 }, // U+0124
    { 0x0125, 24 }, // U+0125
    { 0x0126, 11 }, // U+0126
    { 0x0127, 24 }, // U+0127
    { 0x0128, 11 }, // U+0128
    { 0x0129, 27 }, // U+0129
    { 0x012A, 11 }, // U+012A
    { 0x012B, 27 }, // U+012B
    { 0x012C, 11 }, // U+012C
    { 0x012D, 27 }, // U+012D
    { 0x012E, 11 }, // U+012E
    { 0x012F, 27 }, // U+012F
    { 0x0130, 11 }, // U+0130
    { 0x0132, 11 }, // U+0132
    { 0x0133, 27 }, // U+0133
    { 0x0134, 11 }, // U+0134
    { 0x0136, 11 }, // U+0136
    { 0x0137, 24 }, // U+0137
    { 0x0138, 29 }, // U+0138
    { 0x0139, 11 }, // U+0139
    { 0x013A, 28 }, // U+013A
    { 0x013B, 11 }, // U+013B
    { 0x013C, 28 }, // U+013C
    { 0x013D, 11 }, // U+013D
    { 0x013E, 28 }, // U+013E
    { 0x013F, 11 }, // U+013F
    { 0x0140, 28 }, // U+0140
    { 0x0141, 11 }, // U+0141
    { 0x0142, 28 }, // U+0142
    { 0x0143, 11 }, // U+0143
    { 0x0144, 29 }, // U+0144
    { 0x0145, 11 }, // U+0145
    { 0x0146, 29 }, // U+0146
    { 0x0147, 11 }, // U+0147
    { 0x0148, 29 }, // U+0148
    { 0x0149, 41 }, // U+0149
    { 0x014A, 11 }, // U+014A
    { 0x014B, 29 }, // U+014B
    { 0x014C, 12 }, // U+014C
    { 0x014D, 25 }, // U+014D
    { 0x014E, 12 }, // U+014E
    { 0x014F, 25 }, // U+014F
    { 0x0150, 12 }, // U+0150
    { 0x0151, 25 }, // U+0151
    { 0x0152, 12 }, // U+0152
    { 0x0153, 25 }, // U+0153
    { 0x0154, 11 }, // U+0154
    { 0x0155, 29 }, // U+0155
    { 0x0156, 11 }, // U+0156
    { 0x0157, 29 }, // U+0157
    { 0x0158, 11 }, // U+0158
    { 0x0159, 29 }, // U+0159
    { 0x015A, 13 }, // U+015A
    { 0x015B, 30 }, // U+015B
    { 0x015C, 13 }, // U+015C
    { 0x015D, 30 }, // U+015D
    { 0x015E, 13 }, // U+015E
    { 0x015F, 30 }, // U+015F
    { 0x0160, 13 }, // U+0160
    { 0x0161, 30 }, // U+0161
    { 0x0163, 31 }, // U+0163
    { 0x0165, 31 }, // U+0165
    { 0x0167, 31 }, // U+0167
    { 0x0168, 15 }, // U+0168
    { 0x0169, 32 }, // U+0169
    { 0x016A, 15 }, // U+016A
    { 0x016B, 32 }, // U+016B
    { 0x016C, 15 }, // U+016C
    { 0x016D, 32 }, // U+016D
    { 0x016E, 15 }, // U+016E
    { 0x016F, 32 }, // U+016F
    { 0x0170, 15 }, // U+0170
    { 0x0171, 32 }, // U+0171
    { 0x0172, 15 }, // U+0172
    { 0x0173, 32 }, // U+0173
    { 0x0174, 17 }, // U+0174
    { 0x0175, 34 }, // U+0175
    { 0x0176, 19 }, // U+0176
    { 0x0177, 36 }, // U+0177
    { 0x0178, 19 }, // U+0178
    { 0x0179, 20 }, // U+0179
    { 0x017A, 37 }, // U+017A
    { 0x017B, 20 }, // U+017B
    { 0x017C, 37 }, // U+017C
    { 0x017D, 20 }, // U+017D
    { 0x017E, 37 }, // U+017E
    { 0x01A0, 12 }, // U+01A0
    { 0x01A1, 25 }, // U+01A1
    { 0x01AF, 15 }, // U+01AF
    { 0x01B0, 32 }, // U+01B0
    { 0x01FA, 10 }, // U+01FA
    { 0x01FB, 23 }, // U+01FB
    { 0x01FC, 40 }, // U+01FC
    { 0x01FD, 23 }, // U+01FD
    { 0x01FE, 12 }, // U+01FE
    { 0x01FF, 25 }, // U+01FF
    { 0x0218, 13 }, // U+0218
    { 0x0219, 30 }, // U+0219
    { 0x021B, 31 }, // U+021B
    { 0x021E, 11 }, // U+021E
    { 0x0400, 42 }, // U+0400
    { 0x0401, 42 }, // U+0401
    { 0x0402, 43 }, // U+0402
    { 0x0403, 42 }, // U+0403
    { 0x0404, 44 }, // U+0404
    { 0x0405, 45 }, // U+0405
    { 0x0406, 42 }, // U+0406
    { 0x0407, 42 }, // U+0407
    { 0x0408, 46 }, // U+0408
    { 0x0409, 47 }, // U+0409
    { 0x040A, 42 }, // U+040A
    { 0x040B, 43 }, // U+040B
    { 0x040C, 42 }, // U+040C
    { 0x040D, 42 }, // U+040D
    { 0x040E, 48 }, // U+040E
    { 0x040F, 42 }, // U+040F
    { 0x0410, 49 }, // U+0410
    { 0x0411, 42 }, // U+0411
    { 0x0412, 42 }, // U+0412
    { 0x0413, 42 }, // U+0413
    { 0x0414, 50 }, // U+0414
    { 0x0415, 42 }, // U+0415
    { 0x0416, 51 }, // U+0416
    { 0x0417, 52 }, // U+0417
    { 0x0418, 42 }, // U+0418
    { 0x0419, 42 }, // U+0419
    { 0x041A, 42 }, // U+041A
    { 0x041B, 47 }, // U+041B
    { 0x041C, 42 }, // U+041C
    { 0x041D, 42 }, // U+041D
    { 0x041E, 44 }, // U+041E
    { 0x041F, 42 }, // U+041F
    { 0x0420, 42 }, // U+0420
    { 0x0421, 44 }, // U+0421
    { 0x0422, 43 }, // U+0422
    { 0x0423, 48 }, // U+0423
    { 0x0424, 53 }, // U+0424
    { 0x0425, 54 }, // U+0425
    { 0x0426, 42 }, // U+0426
    { 0x0427, 55 }, // U+0427
    { 0x0428, 42 }, // U+0428
    { 0x0429, 42 }, // U+0429
    { 0x042A, 43 }, // U+042A
    { 0x042B, 42 }, // U+042B
    { 0x042C, 42 }, // U+042C
    { 0x042D, 52 }, // U+042D
    { 0x042E, 42 }, // U+042E
    { 0x042F, 56 }, // U+042F
    { 0x0430, 57 }, // U+0430
    { 0x0431, 58 }, // U+0431
    { 0x0432, 57 }, // U+0432
    { 0x0433, 59 }, // U+0433
    { 0x0434, 60 }, // U+0434
    { 0x0435, 57 }, // U+0435
    { 0x0436, 61 }, // U+0436
    { 0x0437, 62 }, // U+0437
    { 0x0438, 63 }, // U+0438
    { 0x0439, 63 }, // U+0439
    { 0x043A, 64 }, // U+043A
    { 0x043B, 65 }, // U+043B
    { 0x043C, 65 }, // U+043C
    { 0x043D, 64 }, // U+043D
    { 0x043E, 57 }, // U+043E
    { 0x043F, 64 }, // U+043F
    { 0x0440, 66 }, // U+0440
    { 0x0441, 57 }, // U+0441
    { 0x0442, 64 }, // U+0442
    { 0x0443, 67 }, // U+0443
    { 0x0444, 57 }, // U+0444
    { 0x0445, 68 }, // U+0445
    { 0x0446, 63 }, // U+0446
    { 0x0447, 69 }, // U+0447
    { 0x0448, 63 }, // U+0448
    { 0x0449, 63 }, // U+0449
    { 0x044A, 70 }, // U+044A
    { 0x044B, 63 }, // U+044B
    { 0x044C, 63 }, // U+044C
    { 0x044D, 61 }, // U+044D
    { 0x044E, 64 }, // U+044E
    { 0x044F, 71 }, // U+044F
    { 0x0450, 57 }, // U+0450
    { 0x0451, 57 }, // U+0451
    { 0x0452, 72 }, // U+0452
    { 0x0453, 59 }, // U+0453
    { 0x0454, 57 }, // U+0454
    { 0x0455, 73 }, // U+0455
    { 0x0456, 74 }, // U+0456
    { 0x0457, 75 }, // U+0457
    { 0x0458, 76 }, // U+0458
    { 0x0459, 65 }, // U+0459
    { 0x045A, 64 }, // U+045A
    { 0x045B, 72 }, // U+045B
    { 0x045C, 64 }, // U+045C
    { 0x045D, 63 }, // U+045D
    { 0x045E, 67 }, // U+045E
    { 0x045F, 63 }, // U+045F
    { 0x0460, 77 }, // U+0460
    { 0x0461, 78 }, // U+0461
    { 0x0466, 49 }, // U+0466
    { 0x046A, 79 }, // U+046A
    { 0x046E, 52 }, // U+046E
    { 0x0470, 80 }, // U+0470
    { 0x0471, 63 }, // U+0471
    { 0x0472, 77 }, // U+0472
    { 0x0473, 81 }, // U+0473
    { 0x0474, 80 }, // U+0474
    { 0x0475, 82 }, // U+0475
    { 0x0476, 80 }, // U+0476
    { 0x0477, 82 }, // U+0477
    { 0x0478, 77 }, // U+0478
    { 0x0479, 81 }, // U+0479
    { 0x047A, 77 }, // U+047A
    { 0x047B, 81 }, // U+047B
    { 0x047C, 77 }, // U+047C
    { 0x047D, 81 }, // U+047D
    { 0x047E, 77 }, // U+047E
    { 0x047F, 78 }, // U+047F
    { 0x0480, 77 }, // U+0480
    { 0x0481, 81 }, // U+0481
    { 0x048B, 63 }, // U+048B
    { 0x048F, 66 }, // U+048F
    { 0x0496, 51 }, // U+0496
    { 0x0497, 61 }, // U+0497
    { 0x0498, 52 }, // U+0498
    { 0x0499, 61 }, // U+0499
    { 0x049F, 72 }, // U+049F
    { 0x04A0, 83 }, // U+04A0
    { 0x04A1, 70 }, // U+04A1
    { 0x04A8, 77 }, // U+04A8
    { 0x04A9, 81 }, // U+04A9
    { 0x04AA, 77 }, // U+04AA
    { 0x04AB, 81 }, // U+04AB
    { 0x04AC, 83 }, // U+04AC
    { 0x04AE, 80 }, // U+04AE
    { 0x04AF, 82 }, // U+04AF
    { 0x04B0, 80 }, // U+04B0
    { 0x04B1, 82 }, // U+04B1
    { 0x04B2, 54 }, // U+04B2
    { 0x04B3, 68 }, // U+04B3
    { 0x04B4, 83 }, // U+04B4
    { 0x04B5, 70 }, // U+04B5
    { 0x04B6, 55 }, // U+04B6
    { 0x04B7, 69 }, // U+04B7
    { 0x04B8, 55 }, // U+04B8
    { 0x04B9, 69 }, // U+04B9
    { 0x04C1, 51 }, // U+04C1
    { 0x04C2, 61 }, // U+04C2
    { 0x04C5, 50 }, // U+04C5
    { 0x04C6, 65 }, // U+04C6
    { 0x04CB, 55 }, // U+04CB
    { 0x04CC, 69 }, // U+04CC
    { 0x04CE, 84 }, // U+04CE
    { 0x04D0, 49 }, // U+04D0
    { 0x04D1, 81 }, // U+04D1
    { 0x04D2, 49 }, // U+04D2
    { 0x04D3, 81 }, // U+04D3
    { 0x04D4, 85 }, // U+04D4
    { 0x04D5, 81 }, // U+04D5
    { 0x04D7, 81 }, // U+04D7
    { 0x04D9, 81 }, // U+04D9
    { 0x04DB, 81 }, // U+04DB
    { 0x04DC, 51 }, // U+04DC
    { 0x04DD, 61 }, // U+04DD
    { 0x04DE, 52 }, // U+04DE
    { 0x04DF, 61 }, // U+04DF
    { 0x04E0, 52 }, // U+04E0
    { 0x04E2, 42 }, // U+04E2
    { 0x04E3, 63 }, // U+04E3
    { 0x04E4, 42 }, // U+04E4
    { 0x04E5, 63 }, // U+04E5
    { 0x04E6, 77 }, // U+04E6
    { 0x04E7, 81 }, // U+04E7
    { 0x04E8, 77 }, // U+04E8
    { 0x04E9, 81 }, // U+04E9
    { 0x04EA, 77 }, // U+04EA
    { 0x04EB, 81 }, // U+04EB
    { 0x04EC, 52 }, // U+04EC
    { 0x04ED, 61 }, // U+04ED
    { 0x04EE, 48 }, // U+04EE
    { 0x04EF, 67 }, // U+04EF
    { 0x04F0, 48 }, // U+04F0
    { 0x04F1, 67 }, // U+04F1
    { 0x04F2, 48 }, // U+04F2
    { 0x04F3, 67 }, // U+04F3
    { 0x04F4, 55 }, // U+04F4
    { 0x04F5, 69 }, // U+04F5
    { 0x04F8, 42 }, // U+04F8
    { 0x04F9, 63 }, // U+04F9
    { 0x04FC, 54 }, // U+04FC
    { 0x04FD, 68 }, // U+04FD
    { 0x04FE, 54 }, // U+04FE
    { 0x1EA0, 10 }, // U+1EA0
    { 0x1EA1, 23 }, // U+1EA1
    { 0x1EA2, 10 }, // U+1EA2
    { 0x1EA3, 23 }, // U+1EA3
    { 0x1EA4, 10 }, // U+1EA4
    { 0x1EA5, 23 }, // U+1EA5
    { 0x1EA6, 10 }, // U+1EA6
    { 0x1EA7, 23 }, // U+1EA7
    { 0x1EA8, 10 }, // U+1EA8
    { 0x1EA9, 23 }, // U+1EA9
    { 0x1EAA, 10 }, // U+1EAA
    { 0x1EAB, 23 }, // U+1EAB
    { 0x1EAC, 10 }, // U+1EAC
    { 0x1EAD, 23 }, // U+1EAD
    { 0x1EAE, 10 }, // U+1EAE
    { 0x1EAF, 23 }, // U+1EAF
    { 0x1EB0, 10 }, // U+1EB0
    { 0x1EB1, 23 }, // U+1EB1
    { 0x1EB2, 10 }, // U+1EB2
    { 0x1EB3, 23 }, // U+1EB3
    { 0x1EB4, 10 }, // U+1EB4
    { 0x1EB5, 23 }, // U+1EB5
    { 0x1EB6, 10 }, // U+1EB6
    { 0x1EB7, 23 }, // U+1EB7
    { 0x1EB8, 11 }, // U+1EB8
    { 0x1EB9, 25 }, // U+1EB9
    { 0x1EBA, 11 }, // U+1EBA
    { 0x1EBB, 25 }, // U+1EBB
    { 0x1EBC, 11 }, // U+1EBC
    { 0x1EBD, 25 }, // U+1EBD
    { 0x1EBE, 11 }, // U+1EBE
    { 0x1EBF, 25 }, // U+1EBF
    { 0x1EC0, 11 }, // U+1EC0
    { 0x1EC1, 25 }, // U+1EC1
    { 0x1EC2, 11 }, // U+1EC2
    { 0x1EC3, 25 }, // U+1EC3
    { 0x1EC4, 11 }, // U+1EC4
    { 0x1EC5, 25 }, // U+1EC5
    { 0x1EC6, 11 }, // U+1EC6
    { 0x1EC7, 25 }, // U+1EC7
    { 0x1EC9, 86 }, // U+1EC9
    { 0x1ECB, 86 }, // U+1ECB
    { 0x1ECC, 12 }, // U+1ECC
    { 0x1ECD, 25 }, // U+1ECD
    { 0x1ECE, 12 }, // U+1ECE
    { 0x1ECF, 25 }, // U+1ECF
    { 0x1ED0, 12 }, // U+1ED0
    { 0x1ED1, 25 }, // U+1ED1
    { 0x1ED2, 12 }, // U+1ED2
    { 0x1ED3, 25 }, // U+1ED3
    { 0x1ED4, 12 }, // U+1ED4
    { 0x1ED5, 25 }, // U+1ED5
    { 0x1ED6, 12 }, // U+1ED6
    { 0x1ED7, 25 }, // U+1ED7
    { 0x1ED8, 12 }, // U+1ED8
    { 0x1ED9, 25 }, // U+1ED9
    { 0x1EDA, 12 }, // U+1EDA
    { 0x1EDB, 25 }, // U+1EDB
    { 0x1EDC, 12 }, // U+1EDC
    { 0x1EDD, 25 }, // U+1EDD
    { 0x1EDE, 12 }, // U+1EDE
    { 0x1EDF, 25 }, // U+1EDF
    { 0x1EE0, 12 }, // U+1EE0
    { 0x1EE1, 25 }, // U+1EE1
    { 0x1EE2, 12 }, // U+1EE2
    { 0x1EE3, 25 }, // U+1EE3
    { 0x1EE4, 15 }, // U+1EE4
    { 0x1EE5, 32 }, // U+1EE5
    { 0x1EE6, 15 }, // U+1EE6
    { 0x1EE7, 32 }, // U+1EE7
    { 0x1EE8, 15 }, // U+1EE8
    { 0x1EE9, 32 }, // U+1EE9
    { 0x1EEA, 15 }, // U+1EEA
    { 0x1EEB, 32 }, // U+1EEB
    { 0x1EEC, 15 }, // U+1EEC
    { 0x1EED, 32 }, // U+1EED
    { 0x1EEE, 15 }, // U+1EEE
    { 0x1EEF, 32 }, // U+1EEF
    { 0x1EF0, 15 }, // U+1EF0
    { 0x1EF1, 32 }, // U+1EF1
    { 0x1EF2, 19 }, // U+1EF2
    { 0x1EF3, 36 }, // U+1EF3
    { 0x1EF4, 19 }, // U+1EF4
    { 0x1EF5, 36 }, // U+1EF5
    { 0x1EF6, 19 }, // U+1EF6
    { 0x1EF7, 36 }, // U+1EF7
    { 0x1EF8, 19 }, // U+1EF8
    { 0x1EF9, 36 }, // U+1EF9
    { 0x2013, 6 }, // U+2013
    { 0x2014, 6 }, // U+2014
    { 0x2015, 6 }, // U+2015
    { 0x2018, 87 }, // U+2018
    { 0x2019, 4 }, // U+2019
    { 0x201A, 88 }, // U+201A
    { 0x201C, 87 }, // U+201C
    { 0x201D, 4 }, // U+201D
    { 0x201E, 88 }, // U+201E
    { 0x2026, 88 }, // U+2026
    { 0x203A, 39 }, // U+203A
    { 0x207E, 89 }, // U+207E
    { 0x208E, 90 }, // U+208E
};

static const int8_t notoserif_14_bolditalicKernMatrix[] = {
       0,    0,    0,    0,    0,    0,    0,    0,    0,  -37,    0,    0,    0,    0,    0,    0,    0,    0,    0,    0,    0,    0,    0,    0,    0,  -19,    9,    0,    0,    0,    0,    0,    0,    0,    0,    0,    0,    0,    0,  -56,    0,    0,    0,    0,    0,    0,    0,    0,  -37,  -37,    0,    0,    0,    0,    0,    0,    0,    0,    0,    0,    0,    0,    0,    0,  -28,    0,    0,    0,    0,    0,    0,    0,    0,    0,    0,    0,    0,    0,    0,    0,    0,    0,    0,    0,  -56,    0,    0,    0,    0,    0,
       0,    0,    0,    0,    0,    0,    0,    0,    0,    0,    0,    0,    0,  -19,   -5,  -23,  -19,    0,  -21,    0,    0,    0,    0,    0,    0,    0,    0,    0,    0,    0,    0,    0,    0,    0,    0,    0,    0,    0,    0,    0,    0,    0,    0,    0,    0,    0,    0,    0,    0,    0,    0,    0,    0,    0,    0,    0,    0,    0,    0,    0,    0,    0,    0,    0,    0,    0,    0,    0,    0,    0,    0,    0,    0,    0,    0,    0,    0,    0,    0,    0,    0,    0,    0,    0,    0,    0,    0,    0,    0,    0,
       0,    0,    0,    0,    0,    0,    0,    0,    0,    0,    0,    0,    0,    0,    0,    0,    0,    0,    0,    0,    0,    0,    0,    0,    0,    0,    0,    0,    0,    0,    0,    0,    0,    0,    0,    0,    0,    0,    0,    0,    0,    0,    0,   -9,    0,   14,   -9,    9,    0,    5,    0,    0,   -9,    0,    0,    0,    0,    0,    0,    0,    0,    0,    0,    0,   -9,    0,    0,    0,   -5,    0,    0,    0,    0,    0,   14,   19,    0,    0,    0,    0,    0,    0,    0,    0,    0,    0,    0,    0,    0,    0,
       0,   -9,    0,    0,  -56,    0,  -56,    0,    0,  -23,    0,    0,    0,    0,    0,    0,    0,    0,    0,    0,    0,    0,    0,    0,    0,    0,    0,    0,    0,    0,    0,    0,    0,    0,    0,    0,    0,    0,    0,  -37,    0,    0,    0,    0,    0,    0,    0,   -9,  -23,  -33,    0,    0,    0,    0,    0,    0,    0,    0,    0,    0,    0,    0,    0,    0,  -23,    0,    0,    0,    0,    0,    0,    0,    0,    0,    0,    0,    0,    0,    0,    0,  -23,    0,    0,    0,  -37,    0,    0,  -56,    0,    0,
       0,    0,    0,    0,    0,    0,    0,    0,    0,    0,    0,   -9,    0,  -33,   -5,  -42,  -37,    0,  -33,    0,    0,    0,    0,    0,    0,    0,    0,    0,    0,    0,    0,    0,  -23,   -9,    0,   -9,    0,    0,    0,    0,    0,    0,  -28,   -9,    0,    0,    5,   -9,    0,    9,    0,    0,  -14,    0,  -61,    0,    0,    0,    0,    0,    0,    0,    0,    0,    0,    0,   -9,    0,  -33,  -33,    0,    0,    0,    0,    0,    0,   -9,    0,    0,    0,    0,    0,  -33,    0,    0,    0,    0,    0,    0,    0,
       0,    0,    0,    0,    0,    0,    0,    0,    0,    0,    0,    0,    0,    0,    0,    0,    0,    0,    0,    0,    0,    0,    0,    0,    0,    0,    0,    0,    0,    0,    0,    0,    0,    0,    0,    0,    0,    0,    0,    0,    0,    0,  -19,    0,    0,    0,    0,   -9,   -5,   -5,    0,    0,    0,   -5,  -19,    0,    0,    0,    0,    0,    0,    0,    0,    0,    0,    0,    0,   -9,    0,    0,    0,    0,    0,    0,    0,    0,    0,    0,    0,    0,    0,    0,    0,    0,    0,    0,    0,    0,    0,    0,
     -37,   -9,    0,  -33,    0,    0,    0,    0,    0,    0,    0,   -9,    0,  -28,   -9,  -37,  -33,    0,  -33,    0,    0,    0,    0,    0,   -9,   -9,    0,    0,    0,    0,    0,   -9,  -28,  -14,    0,  -23,    0,  -23,    0,    0,  -23,    0,    0,    0,    0,    0,    0,    0,    0,    0,    0,    0,    0,    0,    0,    0,    0,    0,    0,    0,    0,    0,    0,    0,    0,    0,    0,    0,    0,    0,    0,    0,    0,    0,    0,    0,    0,    0,    0,    0,    0,    0,    0,    0,    0,    0,  -42,    0,    0,    0,
       0,    0,    0,   -9,    0,    0,    0,    0,    0,   -9,    0,    0,    0,   -9,    0,  -19,  -14,   -9,  -19,   -9,    0,    0,    0,    0,    0,    0,    0,    0,    0,    0,    0,    0,    0,   -5,    0,   -9,    0,    0,    0,  -14,    0,    0,    0,    0,    0,    0,    0,    0,    0,    0,    0,    0,    0,    0,    0,    0,    0,    0,    0,    0,    0,    0,    0,    0,    0,    0,    0,    0,    0,    0,    0,    0,    0,    0,    0,    0,    0,    0,    0,    0,    0,    0,    0,    0,    0,    0,    0,    0,    0,    0,
       0,   -9,    0,    0,    0,    0,    0,    0,    0,    0,    0,    0,    0,    0,    0,    0,    0,    0,    0,    0,    0,    0,    0,    0,    0,    0,    0,    0,    0,    0,    0,    0,    0,    0,    0,    0,    0,    0,    0,    0,    0,    0,    0,    0,    0,    0,    0,    0,    0,    0,    0,    0,    0,    0,    0,    0,    0,    0,    0,    0,    0,    0,    0,    0,    0,    0,    0,    0,    0,    0,    0,    0,    0,    0,    0,    0,    0,    0,    0,    0,    0,    0,    0,    0,    0,    0,    0,    0,    0,    0,
     -14,    0,    0,    0,   -9,    0,  -19,    0,    0,   -9,    0,    0,    0,   -9,    0,   -9,   -9,   -9,  -14,    0,    0,    0,    0,    0,    0,    0,    0,    0,    0,    0,    0,    0,    0,    0,    0,    0,    0,    0,    0,  -23,    0,    0,    0,    0,    0,    0,    0,    0,    0,    0,    0,    0,    0,    0,    0,    0,    0,    0,    0,    0,    0,    0,    0,    0,    0,    0,    0,    0,    0,    0,    0,    0,    0,    0,    0,    0,    0,    0,    0,    0,    0,    0,    0,    0,    0,    0,    0,   -9,    0,    0,
       0,    0,    0,    0,    0,    0,    0,    0,    0,    0,    0,    0,    0,    0,    0,   -9,   -9,    0,   -9,    0,    0,    0,    0,    0,    0,    0,    0,    0,    0,    0,    0,    0,    0,    0,    0,    0,    0,    0,    0,    0,    0,    0,    0,    0,    0,    0,    0,    0,    0,    0,    0,    0,    0,    0,    0,    0,    0,    0,    0,    0,    0,    0,    0,    0,    0,    0,    0,    0,    0,    0,    0,    0,    0,    0,    0,    0,    0,    0,    0,    0,    0,    0,    0,    0,    0,    0,    0,    0,    0,    0,
       0,  -19,    0,    0,  -37,    0,  -37,    0,    0,  -33,    0,    0,    0,    0,    0,    0,    0,    0,    0,    0,    0,    0,  -19,    0,  -19,  -19,    0,    0,    0,    0,    0,    0,    0,    0,    0,    0,    0,    0,    0,  -51,    0,    0,    0,    0,    0,    0,    0,    0,    0,    0,    0,    0,    0,    0,    0,    0,    0,    0,    0,    0,    0,    0,    0,    0,    0,    0,    0,    0,    0,    0,    0,    0,    0,    0,    0,    0,    0,    0,    0,    0,    0,    0,    0,    0,    0,    0,    0,  -37,    0,    0,
       0,    0,    0,    0,    0,    0,    0,    0,    0,    0,    0,    0,    0,   -9,    0,   -9,   -9,    0,   -9,    0,    0,    0,    0,    0,    0,    0,    0,    0,    0,    0,    0,    0,    0,    0,    0,    0,    0,    0,    0,   -9,    0,    0,    0,    0,    0,    0,    0,    0,    0,    0,    0,    0,    0,    0,    0,    0,    0,    0,    0,    0,    0,    0,    0,    0,    0,    0,    0,    0,    0,    0,    0,    0,    0,    0,    0,    0,    0,    0,    0,    0,    0,    0,    0,    0,    0,    0,    0,    0,    0,    0,
       0,    0,    0,    0,   -9,    0,   -9,    0,    0,   -9,    0,    0,    0,    0,    0,    0,    0,    0,    0,    0,    0,    0,    0,    0,    0,    0,    0,    0,    0,    0,    0,    0,    0,    0,    0,    0,    0,    0,    0,    0,    0,    0,    0,    0,    0,    0,    0,    0,    0,    0,    0,    0,    0,    0,    0,    0,    0,    0,    0,    0,    0,    0,    0,    0,    0,    0,    0,    0,    0,    0,    0,    0,    0,    0,    0,    0,    0,    0,    0,    0,    0,    0,    0,    0,    0,    0,    0,   -9,    0,    0,
       0,   -9,    0,    0,    0,    0,    0,    0,    0,    0,    0,   -9,    0,    0,    0,    0,    0,    0,    0,    0,    0,    0,    0,    0,   -9,   -9,    0,    0,    0,    0,    0,   -9,    0,  -14,    0,  -14,    0,    0,    0,    0,    0,    0,    0,    0,    0,    0,    0,    0,    0,    0,    0,    0,    0,    0,    0,    0,    0,    0,    0,    0,    0,    0,    0,    0,    0,    0,    0,    0,    0,    0,    0,    0,    0,    0,    0,    0,    0,    0,    0,    0,    0,    0,    0,    0,    0,    0,    0,    0,    0,    0,
     -28,    0,    0,  -37,    0,    0,    0,    0,    0,    0,    0,    0,    0,  -33,   -9,  -37,  -23,    0,  -28,    0,    0,    0,    0,    0,    0,    0,    0,    0,    0,    0,    0,    0,  -14,    0,    0,    0,    0,    0,    0,    0,    0,    0,    0,    0,    0,    0,    0,    0,    0,    0,    0,    0,    0,    0,    0,    0,    0,    0,    0,    0,    0,    0,    0,    0,    0,    0,    0,    0,    0,    0,    0,    0,    0,    0,    0,    0,    0,    0,    0,    0,    0,    0,    0,    0,    0,    0,  -42,    0,    0,    0,
       0,   -9,    0,    0,   -9,    0,   -9,    0,    0,    0,    0,    0,    0,    0,    0,    0,    0,    0,    0,    0,    0,    0,    0,    0,    0,    0,    0,    0,    0,    0,    0,    0,    0,    0,    0,    0,    0,    0,    0,    0,    0,    0,    0,    0,    0,    0,    0,    0,    0,    0,    0,    0,    0,    0,    0,    0,    0,    0,    0,    0,    0,    0,    0,    0,    0,    0,    0,    0,    0,    0,    0,    0,    0,    0,    0,    0,    0,    0,    0,    0,    0,    0,    0,    0,    0,    0,    0,   -9,    0,    0,
       0,   -9,    0,    0,  -56,    0,  -56,    0,    0,  -23,    0,    0,    0,    0,    0,    0,    0,    0,    0,    0,    0,    0,    0,    0,    0,    0,    0,    0,    0,    0,    0,    0,    0,    0,    0,    0,    0,    0,    0,  -37,    0,    0,    0,    0,    0,    0,    0,    0,    0,    0,    0,    0,    0,    0,    0,    0,    0,    0,    0,    0,    0,    0,    0,    0,    0,    0,    0,    0,    0,    0,    0,    0,    0,    0,    0,    0,    0,    0,    0,    0,    0,    0,    0,    0,    0,    0,    0,  -56,    0,    0,
       0,   -9,    0,   -9,    0,    0,    0,    0,    0,    0,    0,   -9,    0,   -9,   -5,  -14,  -14,    0,  -14,    0,    0,    0,    0,    0,    0,    0,    0,    0,    0,    0,    0,    0,    0,   -9,    0,   -9,    0,    0,    0,    0,    0,    0,    0,    0,    0,    0,    0,    0,    0,    0,    0,    0,    0,    0,    0,    0,    0,    0,    0,    0,    0,    0,    0,    0,    0,    0,    0,    0,    0,    0,    0,    0,    0,    0,    0,    0,    0,    0,    0,    0,    0,    0,    0,    0,    0,    0,    0,    0,    0,    0,
       0,    0,    0,    0,    0,    0,    0,    0,    0,   -9,    0,    0,    0,   -9,    0,   -9,   -9,   -9,   -9,    0,    0,    0,    0,    0,    0,    0,    0,    0,    0,    0,    0,    0,    0,   -5,    0,   -9,    0,    0,    0,   -9,    0,    0,    0,    0,    0,    0,    0,    0,    0,    0,    0,    0,    0,    0,    0,    0,    0,    0,    0,    0,    0,    0,    0,    0,    0,    0,    0,    0,    0,    0,    0,    0,    0,    0,    0,    0,    0,    0,    0,    0,    0,    0,    0,    0,    0,    0,    0,    0,    0,    0,
       0,   -9,    0,    0,  -42,    0,  -42,    0,    0,  -28,    0,   -9,    0,    0,    0,    0,    0,    0,    0,    0,    0,    0,  -14,    0,  -14,  -14,    0,    0,    0,    0,    0,    0,    0,    0,    0,    0,    0,    0,    0,  -37,   23,    0,    0,    0,    0,    0,    0,    0,    0,    0,    0,    0,    0,    0,    0,    0,    0,    0,    0,    0,    0,    0,    0,    0,    0,    0,    0,    0,    0,    0,    0,    0,    0,    0,    0,    0,    0,    0,    0,    0,    0,    0,    0,    0,    0,    0,    0,  -42,    0,    0,
       0,   -9,    0,    0,   -9,    0,   -9,    0,    0,   -9,    0,    0,    0,    0,    0,    0,    0,    0,    0,    0,    0,    0,    0,    0,    0,    0,    0,    0,    0,    0,    0,    0,    0,    0,    0,    0,    0,    0,    0,   -9,    0,    0,    0,    0,    0,    0,    0,    0,    0,    0,    0,    0,    0,    0,    0,    0,    0,    0,    0,    0,    0,    0,    0,    0,    0,    0,    0,    0,    0,    0,    0,    0,    0,    0,    0,    0,    0,    0,    0,    0,    0,    0,    0,    0,    0,    0,    0,   -9,    0,    0,
       0,  -14,    0,    0,  -51,    0,  -51,    0,    0,  -37,    0,   -9,    0,    0,    0,    0,    0,    0,    0,    0,    0,    0,  -28,    0,  -28,  -28,    0,    0,    0,  -19,    0,    0,    0,    0,    0,    0,    0,    0,    0,  -61,    0,    0,    0,    0,    0,    0,    0,    0,    0,    0,    0,    0,    0,    0,    0,    0,    0,    0,    0,    0,    0,    0,    0,    0,    0,    0,    0,    0,    0,    0,    0,    0,    0,    0,    0,    0,    0,    0,    0,    0,    0,    0,    0,    0,    0,    0,    0,  -51,    0,    0,
       0,  -14,    0,    0,  -42,    0,  -42,    0,    0,  -28,    0,   -9,    0,    0,    0,    0,    0,    0,    0,    0,    0,    0,  -23,    0,  -28,  -28,    0,    0,    0,  -14,    0,    0,    0,    0,   -9,    0,    0,    0,    0,  -61,    0,    0,    0,    0,    0,    0,    0,    0,    0,    0,    0,    0,    0,    0,    0,    0,    0,    0,    0,    0,    0,    0,    0,    0,    0,    0,    0,    0,    0,    0,    0,    0,    0,    0,    0,    0,    0,    0,    0,    0,    0,    0,    0,    0,    0,    0,    0,  -42,    0,    0,
       0,    0,    0,    0,    0,    0,    0,    0,    0,    0,    0,   -9,   -5,    0,    0,    0,    0,    0,    0,    0,    0,    0,    0,    0,   -5,   -5,    0,    0,    0,    0,    0,    0,    0,  -14,    0,  -23,    0,  -19,    0,    0,    0,    0,    0,    0,    0,    0,    0,    0,    0,    0,    0,    0,    0,    0,    0,    0,    0,    0,    0,    0,    0,    0,    0,    0,    0,    0,    0,    0,    0,    0,    0,    0,    0,    0,    0,    0,    0,    0,    0,    0,    0,    0,    0,    0,    0,    0,    0,    0,    0,    0,
       0,  -14,    0,    0,  -37,    0,  -37,    0,    0,  -33,    0,  -14,   -9,    0,    0,    0,    0,    0,    0,    0,    0,    0,  -28,    0,  -33,  -33,    0,    0,    0,  -28,    0,    0,    0,    0,   -5,    0,   -5,    0,    0,  -42,    0,    0,    0,    0,    0,    0,    0,    0,    0,    0,    0,    0,    0,    0,    0,    0,    0,    0,    0,    0,    0,    0,    0,    0,    0,    0,    0,    0,    0,    0,    0,    0,    0,    0,    0,    0,    0,    0,    0,    0,    0,    0,    0,    0,    0,    0,    0,  -37,    0,    0,
       0,    0,    0,    0,    0,    0,    0,    0,    0,    0,    0,    0,    0,    0,    0,    0,    0,    0,    0,    0,    0,    0,    0,    0,    0,    0,    0,    0,    0,    0,    0,    0,    0,    0,    0,    0,    0,    0,    0,    0,    0,    0,  -19,   -9,    0,   28,    0,  -14,    0,   23,    0,    0,  -19,    0,  -51,    0,   -9,   -9,    0,   -9,    0,    0,    0,    0,    0,    0,   19,    0,  -37,   -9,    0,    0,    0,    0,    0,   28,    0,    0,    0,    0,    0,    0,    0,    0,    0,    0,    0,    0,    0,    0,
     -19,    0,    0,    0,    0,    0,    0,    0,    0,    0,    0,    0,    0,   -9,    0,  -23,  -19,    0,  -23,    0,    0,    0,    0,    0,    0,    0,    0,    0,    0,    0,    0,    0,    0,    0,    0,   -9,    0,    0,    0,    0,    0,    0,    0,    0,    0,    0,    0,    0,    0,    0,    0,    0,    0,    0,    0,    0,    0,    0,    0,    0,    0,    0,    0,    0,    0,    0,    0,    0,    0,    0,    0,    0,    0,    0,    0,    0,    0,    0,    0,    0,    0,    0,    0,    0,    0,    0,  -19,    0,    0,    0,
       0,    0,    0,    0,    0,    0,    0,    0,    0,    0,    0,    0,    0,  -14,    0,  -28,  -28,    0,  -33,    0,    0,    0,    0,    0,    0,    0,    0,    0,    0,    0,    0,    0,    0,    0,    0,   -9,    0,    0,    0,    0,    0,    0,    0,    0,    0,    0,    0,    0,    0,    0,    0,    0,    0,    0,    0,    0,    0,    0,    0,    0,    0,    0,    0,    0,    0,    0,    0,    0,    0,    0,    0,    0,    0,    0,    0,    0,    0,    0,    0,    0,    0,    0,    0,    0,    0,    0,    0,    0,    0,    0,
       0,    0,    0,    0,    0,    0,    0,    0,    0,    0,    0,    0,    0,    0,    0,  -23,  -23,    0,  -33,    0,    0,    0,    0,    0,    0,    0,    0,    0,    0,    0,    0,    0,    0,    0,    0,    0,    0,    0,    0,    0,    0,    0,    0,    0,    0,    0,    0,    0,    0,    0,    0,    0,    0,    0,    0,    0,    0,    0,    0,    0,    0,    0,    0,    0,    0,    0,    0,    0,    0,    0,    0,    0,    0,    0,    0,    0,    0,    0,    0,    0,    0,    0,    0,    0,    0,    0,    0,    0,    0,    0,
      37,    0,   42,   37,    0,    0,    0,    0,    0,    0,    0,    0,    0,    0,    0,    0,    0,    0,    0,    0,   47,    0,    0,    0,    0,    0,    0,    0,    0,    0,    0,    0,    0,    0,    0,    0,    0,    0,    0,    0,    0,    0,    0,    0,    0,    0,    0,    0,    0,    0,    0,    0,    0,    0,    0,    0,    0,    0,    0,    0,    0,    0,    0,    0,    0,    0,    0,    0,    0,    0,    0,    0,    0,    0,    0,    0,    0,    0,    0,    0,    0,    0,    0,    0,    0,    0,   28,    0,    0,    0,
       0,    0,    0,    0,    0,    0,    0,    0,    0,    0,    0,    0,    0,    0,    0,    0,    0,    0,    0,    0,    0,    0,    0,    0,   -9,   -9,    0,    0,    0,    0,    0,    0,    0,    0,    0,    0,    0,    0,    0,    0,    0,    0,    0,    0,    0,    0,    0,    0,    0,    0,    0,    0,    0,    0,    0,    0,    0,    0,    0,    0,    0,    0,    0,    0,    0,    0,    0,    0,    0,    0,    0,    0,    0,    0,    0,    0,    0,    0,    0,    0,    0,    0,    0,    0,    0,    0,    0,    0,    0,    0,
       0,    0,    0,    0,    0,    0,    0,    0,    0,    0,    0,    0,    0,    0,    0,    0,  -19,    0,   -9,    0,    0,    0,    0,    0,    0,    0,    0,    0,    0,    0,    0,    0,    0,    0,    0,    0,    0,    0,    0,    0,    0,    0,    0,    0,    0,    0,    0,    0,    0,    0,    0,    0,    0,    0,    0,    0,    0,    0,    0,    0,    0,    0,    0,    0,    0,    0,    0,    0,    0,    0,    0,    0,    0,    0,    0,    0,    0,    0,    0,    0,    0,    0,    0,    0,    0,    0,    0,    0,    0,    0,
       0,    0,    0,   14,  -98,    0,  -98,    0,    0,    0,    0,    0,    0,    0,    0,  -14,  -19,  -23,  -14,    0,    0,    0,   -9,    0,   -9,   -9,    0,    0,    0,    0,    0,    0,    0,    0,    0,    0,    0,    0,    0,    0,    0,    0,    0,    0,    0,    0,    0,    0,    0,    0,    0,    0,    0,    0,    0,    0,    0,    0,    0,    0,    0,    0,    0,    0,    0,    0,    0,    0,    0,    0,    0,    0,    0,    0,    0,    0,    0,    0,    0,    0,    0,    0,    0,    0,    0,    0,    0,  -98,    0,    0,
      -9,    0,    0,    0,    0,    0,    0,    0,    0,    0,    0,    0,    0,    0,    0,  -14,  -14,    0,  -23,    0,    0,    0,    0,    0,    0,    0,    0,    0,    0,    0,    0,    0,    0,    0,    0,    0,    0,    0,    0,    0,    0,    0,    0,    0,    0,    0,    0,    0,    0,    0,    0,    0,    0,    0,    0,    0,    0,    0,    0,    0,    0,    0,    0,    0,    0,    0,    0,    0,    0,    0,    0,    0,    0,    0,    0,    0,    0,    0,    0,    0,    0,    0,    0,    0,    0,    0,    0,    0,    0,    0,
       0,    0,    0,    0,  -23,    0,  -33,    0,    0,    0,    0,    0,    0,    0,    0,  -14,   -9,    0,  -14,    0,    0,    0,    0,    0,    0,    0,    0,    0,    0,    0,    0,    0,    0,    0,    0,    0,    0,    0,    0,    0,    0,    0,    0,    0,    0,    0,    0,    0,    0,    0,    0,    0,    0,    0,    0,    0,    0,    0,    0,    0,    0,    0,    0,    0,    0,    0,    0,    0,    0,    0,    0,    0,    0,    0,    0,    0,    0,    0,    0,    0,    0,    0,    0,    0,    0,    0,    0,  -33,    0,    0,
       0,    0,    0,    0,  -33,    0,  -33,    0,    0,    0,    0,    0,    0,    0,    0,   -9,   -9,    0,  -14,    0,    0,    0,    0,    0,    0,    0,    0,    0,    0,    0,    0,    0,    0,    0,    0,    0,    0,    0,    0,    0,    0,    0,    0,    0,    0,    0,    0,    0,    0,    0,    0,    0,    0,    0,    0,    0,    0,    0,    0,    0,    0,    0,    0,    0,    0,    0,    0,    0,    0,    0,    0,    0,    0,    0,    0,    0,    0,    0,    0,    0,    0,    0,    0,    0,    0,    0,    0,  -33,    0,    0,
       0,    0,    0,    0,  -42,    0,  -42,    0,    0,    0,    0,    0,    0,    0,    0,    0,   -9,    0,    0,    0,    0,    0,    0,    0,    0,    0,    0,    0,    0,    0,    0,    0,    0,    0,    0,    0,    0,    0,    0,    0,    0,    0,    0,    0,    0,    0,    0,    0,    0,    0,    0,    0,    0,    0,    0,    0,    0,    0,    0,    0,    0,    0,    0,    0,    0,    0,    0,    0,    0,    0,    0,    0,    0,    0,    0,    0,    0,    0,    0,    0,    0,    0,    0,    0,    0,    0,    0,  -42,    0,    0,
       0,    0,    0,   -9,    0,    0,    0,    0,    0,    0,    0,    0,    0,    0,    0,  -19,  -14,    0,  -14,    0,    0,    0,    0,    0,    0,    0,    0,    0,    0,    0,    0,    0,    0,    0,    0,    0,    0,    0,    0,    0,    0,    0,    0,    0,    0,    0,    0,    0,    0,    0,    0,    0,    0,    0,    0,    0,    0,    0,    0,    0,    0,    0,    0,    0,    0,    0,    0,    0,    0,    0,    0,    0,    0,    0,    0,    0,    0,    0,    0,    0,    0,    0,    0,    0,    0,    0,   -9,    0,    0,    0,
       0,    0,    0,    0,    0,    0,    0,    0,    0,    0,    0,    0,    0,   -9,   -5,  -23,    0,    0,  -28,    0,    0,    0,    0,    0,    0,    0,    0,    0,    0,    0,    0,    0,    0,    0,    0,    0,    0,    0,    0,    0,    0,    0,    0,    0,    0,    0,    0,    0,    0,    0,    0,    0,    0,    0,    0,    0,    0,    0,    0,    0,    0,    0,    0,    0,    0,    0,    0,    0,    0,    0,    0,    0,    0,    0,    0,    0,    0,    0,    0,    0,    0,    0,    0,    0,    0,    0,    0,    0,    0,    0,
       0,    0,    0,    0,    0,    0,    0,    0,    0,    0,    0,    0,    0,    0,    0,    0,    0,    0,    0,    0,    0,    0,    0,    0,    0,    0,    0,    0,    0,    0,    0,    0,    0,    0,    0,    0,    0,    0,    0,    0,    0,    0,  -23,    0,    0,    0,    0,  -19,   -9,    0,    0,    0,   -5,    0,  -19,    0,    0,    0,    0,    0,    0,    0,    0,    0,    0,    0,    0,    0,    0,    0,    0,    0,    0,    0,    0,    0,    0,    0,    0,    0,    0,    0,    0,    0,    0,    0,    0,    0,    0,    0,
       0,    0,    0,    0,    0,    0,    0,    0,    0,    0,    0,    0,    0,  -14,   -5,  -23,  -23,    0,  -23,    0,    0,    0,    0,    0,    0,    0,    0,    0,    0,    0,    0,    0,    0,    0,    0,    0,    0,    0,    0,    0,    0,    0,    0,    0,    0,    0,    0,    0,    0,    0,    0,    0,    0,    0,    0,    0,    0,    0,    0,    0,    0,    0,    0,    0,    0,    0,    0,    0,    0,    0,    0,    0,    0,    0,    0,    0,    0,    0,    0,    0,    0,    0,    0,    0,    0,    0,    0,    0,    0,    0,
     -37,   -9,    0,  -33,    0,    0,    0,    0,    0,    0,    0,   -9,    0,  -28,   -9,  -37,  -33,    0,  -33,    0,    0,    0,    0,    0,   -9,   -9,    0,    0,    0,    0,    0,   -9,  -23,  -14,    0,  -23,    0,  -23,    0,    0,  -23,    0,    0,    0,    0,    0,    0,    0,    0,    0,    0,    0,    0,    0,    0,    0,    0,    0,    0,    0,    0,    0,    0,    0,    0,    0,    0,    0,    0,    0,    0,    0,    0,    0,    0,    0,    0,    0,    0,    0,    0,    0,    0,    0,    0,    0,  -42,    0,    0,    0,
      14,    0,   33,   19,    0,    0,    0,    0,   14,    0,   23,    0,    0,   33,   33,   42,   33,   33,   47,   37,    0,    0,    0,   42,    0,    0,    0,   42,    0,    0,    0,    0,    0,    0,    0,    0,    0,    0,    0,    0,    0,    0,    0,    0,    0,    0,    0,    0,    0,    0,    0,    0,    0,    0,    0,    0,    0,    0,    0,    0,    0,    0,    0,    0,    0,    0,    0,    0,    0,    0,    0,    0,    0,    0,    0,    0,    0,    0,    0,    0,    0,    0,    0,    0,    0,    0,   14,    0,    0,    0,
       0,    0,    0,  -14,    0,    0,    0,    0,    0,    0,    0,    0,    0,  -14,    0,  -23,    0,    0,    0,    0,    0,    0,    0,    0,    0,    0,    0,    0,    0,    0,    0,    0,    0,    0,    0,    0,    0,    0,    0,    0,    0,    0,    0,    0,    0,    0,    0,    0,    0,    0,    0,    0,    0,    0,    0,    0,    0,    0,    0,    0,    0,    0,    0,    0,    0,    0,    0,    0,    0,    0,    0,    0,    0,    0,    0,    0,    0,    0,    0,    0,    0,    0,    0,    0,    0,    0,    0,    0,    0,    0,
       0,    0,    0,    0,  -14,    0,  -14,    0,    0,  -19,    0,    0,    0,    9,    0,    9,    9,    0,    9,    0,    0,    0,   -9,    0,   -9,   -9,    0,    0,    0,   -9,   -9,    0,    0,   -9,   -9,   -9,    0,    0,    0,    0,    0,    0,    0,    0,    0,    0,    0,    0,    0,    0,    0,    0,    0,    0,    0,    0,    0,    0,    0,    0,    0,    0,    0,    0,    0,    0,    0,    0,    0,    0,    0,    0,    0,    0,    0,    0,    0,    0,    0,    0,    0,    0,    0,    0,    0,    0,    0,  -14,    0,    0,
       0,    0,    0,    9,   -5,    0,   -5,    0,    0,    0,    0,    0,    0,    0,    0,    0,    0,    0,    0,    0,    0,    0,    0,    0,    0,    0,    5,    0,    9,    0,   14,    9,    0,   14,    0,   14,    0,    0,    0,    0,    0,    0,    0,    0,    0,    0,    0,    0,    0,    0,    0,    0,    0,    0,    0,    0,    0,    0,    0,    0,    0,    0,    0,    0,    0,    0,    0,    0,    0,    0,    0,    0,    0,    0,    0,    0,    0,    0,    0,    0,    0,    0,    0,    0,    0,    5,    0,   -5,    0,    0,
       0,    0,    0,    0,  -14,    0,  -14,    0,    0,  -28,    0,   -9,    0,    0,    5,   14,    0,    0,   14,    0,    0,    0,  -23,    5,  -28,  -28,    0,    0,  -14,  -28,   -9,  -14,    0,   -9,    0,   -9,  -14,    0,    0,    0,    0,    0,    0,    0,    0,    0,    0,    0,    0,    0,    0,    0,    0,    0,    0,    0,    0,    0,    0,    0,    0,    0,    0,    0,    0,    0,    0,    0,    0,    0,    0,    0,    0,    0,    0,    0,    0,    0,    0,    0,    0,    0,    0,    0,    0,    0,    0,  -14,    0,    0,
       0,    0,    0,    9,    0,    0,    0,    0,    0,    0,    0,    0,    0,    0,    0,    0,    0,    0,    0,    0,    0,    0,    0,    0,    0,    0,    5,    0,    9,    0,    0,    0,    0,    0,    0,    0,    0,    0,    0,    0,    0,    0,    0,    0,    0,    0,    0,    0,    0,    0,    0,    0,    0,    0,    0,    0,    0,    0,    0,    0,    0,    0,    0,    0,    0,    0,    0,    0,    0,    0,    0,    0,    0,    0,    0,    0,    0,    0,    0,    0,    0,    0,    0,    0,    0,    5,    0,    0,    0,    0,
       0,    0,    0,    0,    0,    0,    0,    0,    0,    0,    0,    0,    0,    0,    0,    0,    0,    0,    0,    0,    0,    0,    0,    0,    0,    0,    0,    0,    0,    0,    0,    0,    0,    0,    0,    0,    0,    0,    0,    0,    0,    0,   -9,    0,    0,    0,    0,   -9,    0,    0,    0,    0,   -7,    0,    0,    0,    0,    0,    0,    0,    0,    0,    0,    0,   -9,    0,    0,    0,    0,   -9,   -9,    0,    0,    0,    0,    0,    0,    0,    0,    0,    0,    0,    0,   -9,    0,    0,    0,    0,    0,    0,
     -79,    0,   -9,  -37,    0,    0,    0,   -5,    0,    0,    0,    0,    0,    0,    0,    0,    0,    0,    0,    0,    0,   -5,    0,    0,    0,    0,    0,    0,    0,    0,    0,    0,    0,    0,    0,    0,    0,    0,    0,    0,    0,    0,  -37,    0,    0,   -7,    0,  -84,   -5,   -5,   -5,    0,   -9,   -9,  -28,   -5,    0,    0,    0,    0,    0,    0,    0,    0,   -7,    0,   -5,   -5,  -14,    0,    0,    0,    0,    0,    0,    0,    0,    0,    0,    0,    0,    0,  -33,    0,    0,    0,  -70,    0,    0,    0,
       0,    0,    0,   14,  -28,  -19,  -28,  -14,    0,    0,    0,    0,    0,    0,    0,    0,    0,    0,    0,    0,    0,  -19,    0,    0,    0,    0,    0,    0,    0,    0,    0,    0,    0,    0,    0,    0,    0,    0,  -23,    0,    0,    0,    0,   -9,   -5,    0,  -14,    0,  -28,  -19,    0,    0,  -12,    0,    0,   -7,  -14,    0,   -5,  -14,    0,    0,    9,    0,  -28,    0,   19,    0,    5,    0,  -14,    0,   -7,    9,    9,    0,    0,    0,    0,    0,    0,    0,    0,    0,    0,    0,    0,  -28,    0,    0,
       0,    0,    0,    0,    0,    0,    0,    0,    0,    0,    0,    0,    0,    0,    0,    0,    0,    0,    0,    0,    0,    0,    0,    0,    0,    0,    0,    0,    0,    0,    0,    0,    0,    0,    0,    0,    0,    0,    0,    0,    0,    0,    0,    0,    0,    0,    0,   -5,    0,    0,    0,    0,   -5,    0,    0,    0,    0,    0,    0,    0,    0,    0,    0,    0,   -5,    0,    0,   -5,    0,    0,    0,    0,    0,    0,    0,    0,    0,    0,    0,    0,    0,    0,    0,    0,    0,    0,    0,    0,    0,    0,
       0,    0,    0,    0,    0,    0,    0,    0,    0,    0,    0,    0,    0,    0,    0,    0,    0,    0,    0,    0,    0,    0,    0,    0,    0,    0,    0,    0,    0,    0,    0,    0,    0,    0,    0,    0,    0,    0,    0,    0,    0,    0,   -5,    0,    0,    0,    0,   -5,   -5,   -5,    0,    0,  -12,   -5,  -14,    0,    0,    0,    0,    0,    0,    0,    0,    0,    0,    0,    0,    0,    0,    0,    0,    0,    0,    0,    0,    0,    0,    0,   -9,    0,    0,    0,   -9,    0,    0,    0,    0,    0,    0,    0,
       0,    0,    0,    0,    0,    0,    0,    0,    0,    0,    0,    0,    0,    0,    0,    0,    0,    0,    0,    0,    0,    0,    0,    0,    0,    0,    0,    0,    0,    0,    0,    0,    0,    0,    0,    0,    0,    0,    0,    0,    0,    0,    0,    0,    0,    0,    0,    0,    0,    0,    0,    0,   -5,    0,    0,    0,    0,    0,    0,    0,    0,    0,    0,    0,   -9,    0,    0,    0,    0,    0,    0,    0,    0,    0,    0,    0,    0,    0,    0,    0,    0,    0,    0,    0,    0,    0,    0,    0,    0,    0,
       0,    0,    0,    0,    0,    0,    0,    0,    0,    0,    0,    0,    0,    0,    0,    0,    0,    0,    0,    0,    0,    0,    0,    0,    0,    0,    0,    0,    0,    0,    0,    0,    0,    0,    0,    0,    0,    0,    0,    0,    0,    0,    0,    0,    0,    0,   -9,    0,   -9,   -7,    0,    0,   -9,    0,    0,    0,    0,    0,    0,    0,    0,    0,   14,    0,   -9,    0,    0,    0,    0,    0,    0,    0,    0,   14,   14,    0,    0,    0,    0,    0,    0,    0,    0,    0,    0,    0,    0,    0,    0,    0,
     -47,    0,   -9,  -23,    0,    0,    0,   -5,    0,    0,    0,    0,    0,    0,    0,    0,    0,    0,    0,    0,    0,   -5,    0,    0,    0,    0,    0,    0,    0,    0,    0,    0,    0,    0,    0,    0,    0,    0,    0,    0,    0,    0,  -37,    0,    0,   -7,    0,  -42,   -5,   -5,   -5,    0,   -9,   -9,  -28,   -5,    0,    0,    0,    0,    0,    0,    0,    0,   -7,    0,   -5,   -5,  -14,    0,    0,    0,    0,    0,    0,    0,    0,    0,    0,    0,    0,    0,  -19,    0,    0,    0,  -42,    0,    0,    0,
     -56,    0,  -19,  -33,    0,   -9,    0,   -9,    0,    0,    0,    0,    0,    0,    0,    0,    0,    0,    0,    0,    0,    0,    0,    0,    0,    0,    0,    0,    0,    0,    0,    0,    0,    0,    0,    0,    0,    0,  -23,    0,    0,    0,  -42,  -28,  -19,  -14,    0,  -65,    0,    0,    0,  -19,  -37,    0,  -61,    0,   -9,    0,   -5,   -9,    0,   -5,   -9,    0,   -9,    0,  -19,    0,  -23,    0,    0,    0,    0,   -9,   -9,   -9,   -5,   -9,    0,  -23,    0,  -14,  -33,    0,    0,    0,  -47,    0,    0,    0,
       0,    0,    0,    0,    0,   -9,    0,    0,    0,    0,    0,    0,    0,    0,    0,    0,    0,    0,    0,    0,    0,    0,    0,    0,    0,    0,    0,    0,    0,    0,    0,    0,    0,    0,    0,    0,    0,    0,  -14,    0,    0,    0,    0,  -14,   -5,    0,    5,    0,    0,    9,    0,   -5,  -23,    0,   -9,    0,   -9,   -5,    0,   -9,    0,    0,   -5,    0,    0,    0,   -5,    0,  -14,  -14,    0,    0,    0,   -5,    2,    0,   -5,    0,    0,    0,   -9,    0,    0,  -14,    0,    0,   -9,    0,    0,    0,
       0,    0,    5,   19,  -51,   -9,  -51,   -9,    0,    0,    0,    0,    0,    0,    0,    0,    0,    0,    0,    0,    9,  -37,    0,    0,    0,    0,    0,    0,    0,    0,    0,    0,    0,    0,    0,    0,    0,    0,  -19,    0,    0,    0,    0,  -23,   -5,    0,  -28,    0,  -65,  -37,    0,    0,  -28,    0,    0,  -19,  -23,    0,  -14,  -37,  -19,   -5,   -5,   -9,  -56,    0,    0,   -5,    0,    0,   -9,    0,  -19,   -5,   14,    0,    0,    0,    0,    0,  -19,    0,    0,    0,    0,    0,    0,  -51,    0,    0,
     -37,    0,    0,  -33,    0,   -5,    0,    0,    0,    0,    0,    0,    0,    0,    0,    0,    0,    0,    0,    0,    0,    0,    0,    0,    0,    0,    0,    0,    0,    0,    0,    0,    0,    0,    0,    0,    0,    0,   -9,    0,    0,    0,  -28,  -14,   -5,    0,    0,  -37,    0,    7,    0,   -5,  -23,    0,  -56,    0,  -14,   -9,    0,  -14,    0,    0,   -9,    0,   -5,    0,  -28,    0,  -33,  -19,    0,    0,   -5,   -9,   -9,    0,   -9,    0,    0,    0,    0,    0,  -28,  -19,    0,    0,  -42,    0,    0,    0,
       0,    0,    0,   -5,    0,    0,    0,   -9,    0,    0,    0,    0,    0,    0,    0,    0,    0,    0,    0,    0,    0,   -5,    0,    0,    0,    0,    0,    0,    0,    0,    0,    0,    0,    0,    0,    0,    0,    0,    0,    0,    0,    0,  -12,    0,   -5,  -14,    0,  -14,   -5,   -9,   -5,    0,   -9,   -5,  -19,   -5,    0,    0,    0,    0,    0,    0,    0,    0,   -9,   -5,   -7,  -12,   -9,   -5,   -9,    0,    0,    0,    0,    0,    0,    0,    0,    0,    0,    0,    0,    0,    0,    0,   -9,    0,    0,    0,
       0,    0,    0,   -5,    0,    0,    0,   -9,    0,    0,    0,    0,    0,    0,    0,    0,    0,    0,    0,    0,    0,   -5,    0,    0,    0,    0,    0,    0,    0,    0,    0,    0,    0,    0,    0,    0,    0,    0,    0,    0,    0,    0,  -16,    0,   -5,    0,    0,  -23,   -5,   -7,   -7,    0,   -5,   -5,  -23,    0,    0,    0,    0,    0,    0,    0,    0,    0,   -9,    0,    0,   -5,    0,   -9,   -5,    0,    0,    0,    0,    0,    0,    0,   -9,    0,    0,    0,   -9,   -9,  -14,    0,   -9,    0,    0,    0,
       0,    0,    5,    0,    0,    0,    0,    0,    0,    0,    0,    0,    0,    0,    0,    0,    0,    0,    0,    0,    0,   14,    0,    0,    0,    0,    0,    0,    0,    0,    0,    0,    0,    0,    0,    0,    0,    0,    0,    0,    0,    0,    0,   -5,    0,    9,    0,    0,    0,    0,    0,    0,   -9,    0,    0,    0,   -7,    0,   -5,   -7,    0,   -5,   -5,    0,   -5,    0,    0,    0,    0,   -5,   -5,    0,    0,   -5,    5,    9,    0,    0,    0,    0,    0,    0,    0,    0,    0,    0,    0,    0,    0,    0,
       0,    0,   -9,    0,   -9,    0,   -9,   -9,    0,    0,    0,    0,    0,    0,    0,    0,    0,    0,    0,    0,    0,   -9,    0,    0,    0,    0,    0,    0,    0,    0,    0,    0,    0,    0,    0,    0,    0,    0,    0,    0,    0,    0,   -9,    0,    0,   -7,   -7,  -35,   -9,  -16,   -9,    0,    0,   -9,   -5,   -5,    0,    0,    0,    0,    0,    0,    0,    0,  -19,    0,    0,   -5,    0,    0,    0,    0,    0,    0,    0,    0,    0,    0,   -9,    0,    0,    0,   -9,    0,    0,    0,    0,   -9,    0,    0,
       0,    0,   -9,    0,  -56,    0,  -56,   -9,    0,    0,    0,    0,    0,    0,    0,    0,    0,    0,    0,    0,    0,  -19,    0,    0,    0,    0,    0,    0,    0,    0,    0,    0,    0,    0,    0,    0,    0,    0,   -5,    0,    0,    0,    0,    0,    0,    0,  -23,   -9,  -23,  -33,  -19,   -7,    0,  -19,  -12,   -5,    0,    0,    0,    0,    0,    0,    0,    0,  -23,    0,   14,   -5,    0,    0,   -5,    0,    0,    0,    0,    0,    0,    0,    0,    0,    0,    0,    0,    0,    0,    0,    0,  -56,    0,    0,
       0,    0,   -9,   -5,  -14,    0,  -14,  -14,    0,    0,    0,    0,    0,    0,    0,    0,    0,    0,    0,    0,    0,  -19,    0,    0,    0,    0,    0,    0,    0,    0,    0,    0,    0,    0,    0,    0,    0,    0,   -5,    0,    0,   -5,  -19,    0,   -9,   -9,  -14,  -42,  -14,  -23,  -19,   -9,    0,  -19,  -14,  -14,    0,    0,    0,    0,    0,    0,    0,    0,  -19,    0,    0,   -9,    0,    0,   -2,    0,    0,    0,    0,    0,    0,    0,   -9,    0,    0,    0,    0,    0,    0,    0,  -14,  -14,    0,    0,
       0,    0,    0,    0,    0,   -9,    0,    0,    0,    0,    0,    0,    0,    0,    0,    0,    0,    0,    0,    0,    0,    0,    0,    0,    0,    0,    0,    0,    0,    0,    0,    0,    0,    0,    0,    0,    0,    0,   -9,    0,    0,    0,    0,   -9,   -5,    0,    0,    0,    0,    0,    0,    0,  -19,    0,   -9,    0,   -7,    0,   -5,   -7,    0,    0,   -2,    0,   -5,    0,   -5,    0,   -7,  -19,    0,    0,    0,   -2,    9,    0,   -9,    0,    0,    0,    0,    0,    0,  -14,    0,    0,    0,    0,    0,    0,
       0,    0,    0,    0,    0,    0,    0,    0,    0,    0,    0,    0,    0,    0,    0,    0,    0,    0,    0,    0,    0,    0,    0,    0,    0,    0,    0,    0,    0,    0,    0,    0,    0,    0,    0,    0,    0,    0,    0,    0,    0,   12,   -9,    0,    0,    0,   23,  -19,   21,   23,   28,    0,    0,   19,  -23,   23,    0,    0,    0,    0,    5,    0,    0,    0,   14,    0,    0,    7,   -5,   -7,    2,    0,    0,    0,    0,    0,    0,    0,    0,    0,    0,    0,    0,    0,    0,    0,    0,    0,    0,    0,
       0,    0,    0,    0,   -9,    0,   -9,    0,    0,    0,    0,    0,    0,    0,    0,    0,    0,    0,    0,    0,    0,   -9,    0,    0,    0,    0,    0,    0,    0,    0,    0,    0,    0,    0,    0,    0,    0,    0,    0,    0,    0,    0,  -19,    0,    0,    0,    0,  -47,   -9,    0,   -5,    0,    0,   -7,  -16,    0,    0,    0,    0,    0,   -5,   -5,    0,    0,   -9,    0,   -7,  -16,   -7,   -2,   -5,    0,    0,    0,    0,   -5,    0,    0,    0,    0,    0,    0,    0,    0,    0,    0,    0,   -9,    0,    0,
       0,    0,    0,   -5,   -5,    0,   -5,    0,    0,    0,    0,    0,    0,    0,    0,    0,    0,    0,    0,    0,    0,    0,    0,    0,    0,    0,    0,    0,    0,    0,    0,    0,    0,    0,    0,    0,    0,    0,    0,    0,    0,    0,  -14,    0,    0,    0,    0,  -28,    0,    0,    0,    0,    0,    0,  -23,    0,    0,    0,    0,    0,    0,    0,   -7,    0,   -7,    0,   -5,   -7,   -7,    0,    0,    0,    0,   -7,   -7,    0,    0,    0,    0,    0,    0,    0,   -9,    0,    0,    0,    0,   -5,    0,    0,
       0,    0,    0,    9,   -9,    0,   -9,    0,    0,    0,    0,    0,    0,    0,    0,    0,    0,    0,    0,    0,    0,    0,    0,    0,    0,    0,    0,    0,    0,    0,    0,    0,    0,    0,    0,    0,    0,    0,    0,    0,    0,    0,   -5,    0,    0,    0,    0,  -19,    0,    0,    0,    0,    0,    0,   -9,    0,    0,    0,    0,    0,    0,    0,    0,    0,  -14,    0,    0,   -5,    0,    0,   -5,    0,    0,    0,    0,    0,    0,    0,    0,    0,    0,    0,   -9,    0,    0,    0,    0,   -9,    0,    0,
       0,    0,    0,    0,   -9,    0,   -9,    0,    0,    0,    0,    0,    0,    0,    0,    0,    0,    0,    0,    0,    0,   -9,    0,    0,    0,    0,    0,    0,    0,    0,    0,    0,    0,    0,    0,    0,    0,    0,    0,    0,    0,    0,    0,    0,    0,    0,    0,  -23,   -9,    0,   -5,    0,    0,   -5,   -7,    0,    0,    0,    0,    0,    0,    0,    0,    0,  -14,    0,    0,   -7,    0,    0,   -7,    0,    0,    0,    0,    0,    0,    0,    0,    0,    0,    0,    0,    0,    0,    0,    0,   -9,    0,    0,
       0,    0,    0,    0,    0,    0,    0,    0,    0,    0,    0,    0,    0,    0,    0,    0,    0,    0,    0,    0,    0,    0,    0,    0,    0,    0,    0,    0,    0,    0,    0,    0,    0,    0,    0,    0,    0,    0,    0,    0,    0,    0,   -5,    0,    0,    0,    0,  -19,    0,    0,    0,    0,    0,    0,   -9,    0,    0,    0,    0,    0,    0,    0,    0,    0,   -5,    0,    0,   -5,    0,    0,    0,    0,    0,    0,    0,    0,    0,    0,    0,    0,    0,    0,    0,    0,    0,    0,    0,    0,    0,    0,
       0,    0,    0,    0,    0,    0,    0,    0,    0,    0,    0,    0,    0,    0,    0,    0,    0,    0,    0,    0,    0,    0,    0,    0,    0,    0,    0,    0,    0,    0,    0,    0,    0,    0,    0,    0,    0,    0,    0,    0,    0,    0,   -5,    0,    0,    0,    0,  -19,    0,    0,    0,    0,    0,    0,   -7,    2,   -5,    0,    0,   -5,    0,    0,    0,    0,   -5,    0,    9,   -2,    0,    0,    0,    0,    0,    0,    0,    0,    0,    0,    0,    0,   -9,    0,    0,    0,    0,    0,    0,    0,    0,    0,
       0,    0,    0,    0,    0,  -14,    0,    0,    0,    0,    0,    0,    0,    0,    0,    0,    0,    0,    0,    0,    0,    0,    0,    0,    0,    0,    0,    0,    0,    0,    0,    0,    0,    0,    0,    0,    0,    0,    0,    0,    0,    0,   -7,   -5,    0,    0,    5,  -23,    0,    9,    0,   -5,   -5,    0,  -23,    0,   -9,   -2,   -5,   -9,    0,    0,    0,    0,    0,    0,    0,    0,    0,    0,    0,    0,    0,    0,    0,    0,    0,    0,    0,    0,    0,    0,    0,    0,    0,    0,    0,    0,    0,    0,
       0,    0,    0,    0,   -9,    0,   -9,    0,    0,    0,    0,    0,    0,    0,    0,    0,    0,    0,    0,    0,    0,   -9,    0,    0,    0,    0,    0,    0,    0,    0,    0,    0,    0,    0,    0,    0,    0,    0,    0,    0,    0,    0,  -19,    0,    0,    0,    0,  -33,   -9,    0,   -5,    0,    0,   -7,  -16,    0,    0,    0,    0,    0,   -5,   -5,    0,    0,   -9,    0,   -7,  -16,   -7,   -2,   -5,    0,    0,    0,    0,   -5,    0,    0,    0,    0,    0,    0,    0,    0,    0,    0,    0,   -9,    0,    0,
       0,    0,    0,   14,    0,    0,    0,    0,    0,    0,    0,    0,    0,    0,    0,    0,    0,    0,    0,    0,    0,    0,    0,    0,    0,    0,    0,    0,    0,    0,    0,    0,    0,    0,    0,    0,    0,    0,    0,    0,    0,   19,  -19,    0,    0,    0,   23,  -14,   23,   26,   28,    0,    0,   21,  -28,   23,    0,    0,    0,    0,   12,    2,    0,    0,   16,    0,   -5,    7,   -9,    0,    7,    0,    0,    0,    0,    0,    0,    0,    0,    0,    0,    0,    0,    0,    0,    0,  -14,    0,    0,    0,
       0,    0,    0,    0,    0,    0,    0,    0,    0,    0,    0,    0,    0,    0,    0,    0,    0,    0,    0,    0,    0,    0,    0,    0,    0,    0,    0,    0,    0,    0,    0,    0,    0,    0,    0,    0,    0,    0,    0,    0,    0,    0,   -5,    0,    0,    0,    0,  -19,    0,    0,    0,    0,    0,    0,   -7,    2,   -5,    0,    0,   -5,    0,    0,    0,    0,   -5,    0,    0,   -2,    0,    0,    0,    0,    0,    0,    0,    0,    0,    0,    0,    0,   -9,    0,    0,    0,    0,    0,    0,    0,    0,    0,
       0,    0,   -5,    0,   -9,    0,   -9,    0,    0,    0,    0,    0,    0,    0,    0,    0,    0,    0,    0,    0,    0,   -9,    0,    0,    0,    0,    0,    0,    0,    0,    0,    0,    0,    0,    0,    0,    0,    0,    0,    0,    0,    0,   -5,    0,    0,    0,   -7,  -14,   -9,   -9,   -5,   -9,    0,   -5,  -14,    0,    0,    0,   -5,    0,   -9,   -5,    0,    0,  -33,    0,    0,  -16,    0,    0,   -5,    0,    0,    0,    0,    0,    0,    0,    0,    0,    0,    0,    0,    0,    0,    0,    0,   -9,    0,    0,
       0,    0,   19,   -9,    0,    0,    0,    0,    0,    0,    0,    0,    0,    0,    0,    0,    0,    0,    0,    0,    0,   37,    0,    0,    0,    0,    0,    0,    0,    0,    0,    0,    0,    0,    0,    0,    0,    0,    7,    0,    0,   19,   -9,    0,    0,   28,   26,   -7,   28,   28,   33,    0,   -5,   28,  -23,   30,    0,    0,    0,    0,   12,    5,    0,    0,   19,    0,    0,   12,   -5,   -7,    9,    0,    9,    0,    0,   14,    0,    0,    0,    0,    0,    0,    0,    0,    0,    0,   -9,    0,    0,    0,
     -33,    0,    0,  -28,    0,    0,    0,    0,    0,    0,    0,    0,    0,    0,    0,    0,    0,    0,    0,    0,    0,    0,    0,    0,    0,    0,    0,    0,    0,    0,    0,    0,    0,    0,    0,    0,    0,    0,    0,    0,    0,    0,  -33,    0,    0,    0,    5,  -33,    0,    0,    0,    0,   -5,    0,  -51,    0,    0,    0,    0,    0,    0,    0,   -5,    0,    0,    0,  -16,    0,  -21,  -23,   -5,    0,    0,   -5,   -5,    0,    0,    0,    0,    0,    0,    0,    0,    0,    0,    0,  -28,    0,    0,    0,
       0,    0,    0,    0,    0,    0,    0,    0,    0,    0,    0,    0,    0,    0,    0,    0,    0,    0,    0,    0,    0,    0,    0,    0,    0,    0,    0,    0,    0,    0,    0,    0,    0,    0,    0,    0,    0,    0,    0,    0,    0,    0,   -9,    0,    0,    0,    0,  -47,    0,    0,    0,    0,    0,    0,  -26,    0,    0,    0,    0,    0,    0,    0,    0,    0,  -14,    0,    0,    0,   -5,    0,    0,    0,    0,    0,    0,    0,    0,    0,    0,    0,    0,    0,    0,    0,    0,    0,   -9,    0,    0,    0,
       0,    0,    0,    0,   -9,    0,   -9,    0,    0,    0,    0,    0,    0,    0,    0,    0,    0,    0,    0,    0,    0,    0,    0,    0,    0,    0,    0,    0,    0,    0,    0,    0,    0,    0,    0,    0,    0,    0,    0,    0,    0,    0,   -9,    0,    0,    0,    0,  -28,    0,    0,    0,    0,    0,    0,  -23,    0,    0,    0,    0,    0,    0,    0,    0,    0,    0,    0,    0,   -7,    0,    0,    0,    0,    0,    0,    0,    0,    0,    0,    0,    0,    0,    0,    0,    0,    0,    0,    0,   -9,    0,    0,
       0,    0,    0,    0,    0,    0,    0,    0,    0,    0,    0,    0,    0,    0,    0,    0,    0,    0,    0,    0,    0,    0,    0,    0,    0,    0,    0,    0,    0,    0,    0,    0,    0,    0,    0,    0,    0,    0,    0,    0,    0,   12,  -12,    0,    0,    0,   23,  -14,   21,   23,   28,    0,    0,   19,  -24,   23,    0,    0,    0,    0,    5,    0,    0,    0,   14,    0,    0,    7,   -5,   -7,    2,    5,    0,    0,    0,    0,    0,    0,    0,    0,    0,    0,    0,    0,    0,    0,    0,    0,    0,    0,
       0,    0,    0,    0,    0,    0,    0,    0,    0,    0,    0,    0,    0,    0,    0,    0,    0,    0,    0,    0,    0,    0,    0,    0,    0,    0,    0,    0,    0,    0,    0,    0,    0,    0,    0,    0,    0,    0,    0,    0,    0,    0,    0,    0,    0,    0,    0,    0,    0,    0,    0,    0,    0,    0,   -9,    0,    0,    0,    0,    0,    0,    0,    0,    0,  -23,    0,    0,    0,    0,    0,   -9,    0,    0,    0,    0,    0,    0,    0,    0,    0,    0,    0,    0,    0,    0,    0,    0,    0,    0,    0,
       0,    0,    0,    0,    0,    0,    0,    0,    0,    0,    0,    0,    0,    0,    0,    0,    0,    0,    0,    0,    0,    0,    0,    0,    0,    0,    0,    0,    0,    0,    0,    0,    0,    0,    0,    0,    0,    0,    0,    0,    0,    0,    0,    0,    0,    0,    0,    0,    0,    0,    0,    0,    0,    0,    0,    0,    0,    0,    0,    0,    0,    0,    0,    0,  -19,    0,    0,    0,    0,    0,    0,    0,    0,    0,    0,    0,    0,    0,    0,    0,    0,    0,    0,    0,    0,    0,    0,    0,    0,    0,
       0,    0,    0,    0,    0,    0,    0,    0,    0,    0,    0,    0,    0,    0,    0,    0,    0,    0,    0,    0,    0,    0,    0,    0,    0,    0,    0,    0,    0,    0,    0,    0,    0,    0,    0,    0,    0,    0,    0,    0,    0,    0,    0,    0,    0,    0,    0,    0,    0,    0,    0,    0,    0,    0,   -9,    0,    0,    0,    0,    0,    0,    0,    0,    0,    0,    0,    0,    0,    0,  -14,    0,    0,    0,    0,    0,    0,    0,    0,    0,    0,    0,    0,    0,  -14,    0,    0,    0,    0,    0,    0,
       0,    0,    0,    0,    0,    0,    0,    0,    0,    0,    0,    0,    0,    0,    0,    0,    0,    0,    0,    0,    0,    0,    0,    0,    0,    0,    0,    0,    0,    0,    0,    0,    0,    0,    0,    0,    0,    0,    0,    0,    0,    0,    0,    0,    0,    0,    0,    0,    0,  -28,    0,    0,    0,    0,    0,    0,    0,    0,    0,    0,    0,    0,    0,    0,  -33,    0,    0,    0,    0,    0,    0,    0,    0,    0,    0,    0,    0,    0,    0,    0,    0,    0,    0,    0,    0,    0,    0,    0,    0,    0,
       0,    0,    0,    0,    0,    0,    0,    0,    0,    0,    0,    0,    0,    0,    0,    0,    0,    0,    0,    0,    0,    0,    0,    0,    0,    0,    0,    0,    0,    0,    0,    0,    0,    0,    0,    0,    0,    0,    0,    0,    0,    0,    0,    0,    0,    0,    0,    0,    0,    0,    0,    0,    0,    0,    0,    0,    0,    0,    0,    0,    0,    0,    0,    0,  -33,    0,    0,    0,    0,    0,    0,    0,    0,    0,    0,    0,    0,    0,    0,    0,    0,    0,    0,    0,    0,    0,    0,    0,    0,    0,
       0,    0,    0,    0,  -42,    0,  -42,    0,    0,    0,    0,    0,    0,    0,    0,    0,    0,    0,    0,    0,    0,    0,    0,    0,    0,    0,    0,    0,    0,    0,    0,    0,    0,    0,    0,    0,    0,    0,    0,    0,    0,    0,    0,    0,    0,    0,    0,    0,    0,    0,    0,    0,    0,    0,    0,    0,    0,    0,    0,    0,    0,    0,    0,    0,    0,    0,    0,    0,    0,    0,    0,    0,    0,    0,    0,    0,    0,    0,    0,    0,    0,    0,    0,    0,    0,    0,    0,  -42,    0,    0,
       0,    0,    0,    0,  -33,    0,  -33,    0,    0,    0,    0,    0,    0,    0,    0,    0,    0,    0,    0,    0,    0,    0,    0,    0,    0,    0,    0,    0,    0,    0,    0,    0,    0,    0,    0,    0,    0,    0,    0,    0,    0,    0,    0,   -9,    0,    0,    0,    0,  -28,  -28,    0,    0,    0,    0,    0,    0,    0,    0,    0,    0,    0,    0,    0,    0,  -28,    0,    0,    0,    0,    0,    0,    0,    0,    0,    0,    0,   -9,    0,    0,    0,   -9,    0,    0,    0,    0,    0,    0,  -33,    0,    0,
       0,    0,    0,   14,  -33,    0,  -33,    0,    0,    0,    0,    0,    0,    0,    0,    0,    0,    0,    0,    0,    0,    0,    0,    0,    0,    0,    0,    0,    0,    0,    0,    0,    0,    0,    0,    0,    0,    0,    0,    0,    0,    0,    0,    0,    0,    0,    0,    0,  -28,  -19,    0,    0,    0,    0,    0,    0,    0,    0,    0,    0,    0,    0,    0,    0,  -28,    0,    0,    0,    0,    0,    0,    0,    0,    0,    0,    0,    0,    0,    0,    0,  -19,    0,    0,    0,    0,    0,    0,  -33,    0,    0,
       0,    0,    0,    0,    0,    0,    0,    0,    0,    0,    0,    0,    0,    0,    0,    0,    0,    0,    0,    0,    0,    0,    0,    0,    0,    0,    0,    0,    0,    0,    0,    0,    0,    0,    0,    0,    0,    0,    0,    0,    0,    0,    0,    0,    0,    0,    0,   -9,    0,  -23,    0,    0,    0,    0,    0,    0,    0,    0,    0,    0,    0,    0,    0,    0,  -19,    0,    0,    0,    0,    0,    0,    0,    0,    0,    0,    0,    0,    0,   -9,    0,    0,    0,    0,    0,    0,    0,    0,    0,    0,    0,
       0,    0,    0,   -9,    0,    0,    0,    0,    0,    0,    0,    0,    0,    0,    0,    0,    0,    0,    0,    0,    0,    0,    0,    0,    0,    0,    0,    0,    0,    0,    0,    0,    0,    0,    0,    0,    0,    0,    0,    0,    0,    0,    0,    0,    0,    0,    0,    0,    0,    0,    0,    0,    0,    0,    0,    0,    0,    0,    0,    0,    0,    0,    0,    0,    0,    0,    0,    0,    0,    0,    0,    0,    0,    0,    0,    0,    0,    0,    0,    0,    0,    0,    0,    0,    0,    0,   -9,    0,    0,    0,
       0,    0,    0,    0,    0,    0,    0,    0,    0,    0,    0,    0,    0,    0,    0,    0,    0,    0,    0,    0,    0,    0,    0,    0,    0,    0,    0,    0,    0,    0,    0,    0,    0,    0,    0,    0,    0,    0,    0,    0,    0,    0,    0,    0,    0,    0,    0,    0,    0,    0,    0,    0,    0,    0,    0,    0,    0,    0,    0,    0,    0,    0,    0,    0,    0,    0,    0,    0,    0,    0,    0,    0,    0,    0,    0,    0,    0,    0,    0,    0,   -9,    0,    0,    0,    0,    0,    0,    0,    0,    0,
       0,    0,    0,    0,    0,    0,    0,    0,    0,    0,    0,    0,    0,    0,    0,    0,    0,    0,    0,    0,    0,    0,    0,    0,    0,    0,    0,    0,    0,    0,    0,    0,    0,    0,    0,   -9,    0,    0,    0,    0,    0,    0,    0,    0,    0,    0,    0,    0,    0,    0,    0,    0,    0,    0,    0,    0,    0,    0,    0,    0,    0,    0,    0,    0,    0,    0,    0,    0,    0,    0,    0,    0,    0,    0,    0,    0,    0,    0,    0,    0,    0,    0,    0,    0,    0,    0,    0,    0,    0,    0,
       0,    0,    0,    0,    0,    0,    0,    0,    0,  -33,    0,    0,    0,    0,    0,    0,    0,    0,    0,    0,    0,    0,    0,    0,    0,    0,    5,    0,    0,    0,    0,    0,    0,    0,    0,    9,    0,    0,    0,  -65,    0,    0,    0,    0,    0,    0,  -14,    0,  -33,  -28,    0,    0,    0,    0,    0,    0,    0,    0,    0,    0,    0,    0,    9,    0,  -14,    0,   33,    0,   19,    0,    0,   14,    0,   19,   19,   14,    0,    0,    0,    0,  -19,    0,    0,    0,  -65,    0,    0,    0,    0,    0,
       0,    0,    0,    0,    0,    0,    0,    0,    0,  -42,    0,    0,    0,    0,    0,    0,    0,    0,    0,    0,    0,    0,   -5,    0,   -5,   -5,    0,    0,    0,  -23,    0,    0,    0,    0,    0,    0,    0,    0,    0,  -65,    0,    0,    0,    0,    0,    0,  -19,    9,  -33,  -28,    0,    0,    0,    0,    0,    0,   -5,    0,    0,   -5,    0,    0,   19,   19,   -9,   19,   23,    0,   28,   23,    0,   23,    0,   19,   19,    9,    0,    0,    0,    0,    0,    0,    0,    0,  -65,    0,    0,    0,    0,    0,
       0,    0,    0,    0,    0,    0,    0,    0,    0,    0,    0,    0,    0,    0,    0,    0,    0,    0,    0,    0,    0,    0,    0,    0,    0,    0,    0,    0,    0,    0,    0,    0,    0,    0,    0,    0,    0,    0,    0,    0,    0,    0,    0,    0,    0,    0,    0,    0,    0,    0,    0,    0,    0,    0,    0,    0,    0,    0,    0,    0,    0,    0,    0,    0,    0,    0,    0,    0,    0,    0,    0,    0,    0,    0,    0,    0,    0,    0,    0,    0,    0,    0,    0,    0,    0,    0,    0,    0,   33,    0,
       0,    0,    0,    0,    0,    0,    0,    0,    0,    0,    0,    0,    0,    0,    0,    0,    0,    0,    0,    0,    0,    0,    0,    0,    0,    0,    0,    0,    0,    0,    0,    0,    0,    0,    0,    0,    0,    0,    0,    0,    0,    0,    0,    0,    0,    0,    0,    0,    0,    0,    0,    0,    0,    0,    0,    0,    0,    0,    0,    0,    0,    0,    0,    0,    0,    0,    0,    0,    0,    0,    0,    0,    0,    0,    0,    0,    0,    0,    0,    0,    0,    0,    0,    0,    0,    0,    0,    0,    0,   37,
     -14,    0,    0,    0,    0,    0,    0,    0,    0,    0,    0,    0,    0,    0,    0,    0,    0,    0,    0,    0,    0,    0,    0,    0,    0,    0,    0,    0,    0,    0,    0,    0,    0,    0,    0,   -7,    0,    0,    0,    0,    0,    0,    0,    0,    0,    0,    0,    0,    0,    0,    0,    0,    0,    0,    0,    0,    0,    0,    0,    0,    0,    0,    0,    0,    0,    0,    0,    0,    0,    0,    0,    0,    0,    0,    0,    0,    0,    0,    0,    0,    0,    0,    0,    0,    0,    0,    0,    0,    0,    0,
       0,    0,    0,    0,    0,    0,    0,    0,    0,    0,    0,    0,    0,    0,    0,    0,    0,    0,    0,    0,    0,    0,    0,    0,    0,    0,    0,    0,    0,    0,    0,    0,    0,    0,    0,   -7,    0,    0,    0,    0,    0,    0,    0,    0,    0,    0,    0,    0,    0,    0,    0,    0,    0,    0,    0,    0,    0,    0,    0,    0,    0,    0,    0,    0,    0,    0,    0,    0,    0,    0,    0,    0,    0,    0,    0,    0,    0,    0,    0,    0,    0,    0,    0,    0,    0,    0,    0,    0,    0,    0,
};

static const EpdLigaturePair notoserif_14_bolditalicLigaturePairs[] = {
    { 0x00660066, 0xFB00 }, // f f -> U+FB00
    { 0x00660069, 0xFB01 }, // f i -> U+FB01
    { 0x0066006C, 0xFB02 }, // f l -> U+FB02
    { 0xFB000069, 0xFB03 }, // U+FB00 i -> U+FB03
    { 0xFB00006C, 0xFB04 }, // U+FB00 l -> U+FB04
};

static const EpdFontData notoserif_14_bolditalic = {
    notoserif_14_bolditalicBitmaps,
    notoserif_14_bolditalicGlyphs,
    notoserif_14_bolditalicIntervals,
    18,
    40,
    32,
    -9,
    true,
    notoserif_14_bolditalicGroups,
    13,
    nullptr,
    notoserif_14_bolditalicKernLeftClasses,
    notoserif_14_bolditalicKernRightClasses,
    notoserif_14_bolditalicKernMatrix,
    551,
    557,
    103,
    90,
    notoserif_14_bolditalicLigaturePairs,
    5,
};
