/**
 * generated by fontconvert.py
 * name: notoserif_18_regular
 * size: 18
 * mode: 2-bit  compressed: true
 * Command used: fontconvert.py notoserif_18_regular 18 ../builtinFonts/source/NotoSerif/NotoSerif-Regular.ttf --2bit --compress --pnum
 */
#pragma once
#include "EpdFontData.h"

static const uint8_t notoserif_18_regularBitmaps[44527] = {
    0xCD, 0x5A, 0x3B, 0x94, 0xDC, 0xD6, 0x79, 0xBE, 0x00, 0x48, 0x22, 0xD1, 0x1C, 0x07, 0x2A, 0xAC,
    0x3C, 0x2C, 0x9B, 0x48, 0x91, 0x22, 0x91, 0xC4, 0x45, 0xEB, 0x62, 0x77, 0x81, 0x13, 0x97, 0x29,
    0xC2, 0x82, 0x74, 0x0A, 0x17, 0x52, 0xE1, 0x8A, 0x39, 0x39, 0xEB, 0x22, 0x85, 0x8A, 0xE5, 0x02,
    0x51, 0x9B, 0xC2, 0x6C, 0x52, 0x27, 0x05, 0x1B, 0xAF, 0x0A, 0xA6, 0x70, 0xC1, 0x82, 0x5C, 0xC0,
    0x76, 0x99, 0x06, 0x61, 0x4E, 0x8E, 0x4B, 0xA2, 0xA0, 0x13, 0x45, 0x3A, 0x27, 0x44, 0x1C, 0xC8,
    0x1A, 0x52, 0x18, 0xDC, 0x7C, 0xDF, 0xF7, 0x63, 0x66, 0x87, 0x2F, 0x91, 0x14, 0xC3, 0x93, 0xEC,
    0xCC, 0xFC, 0x17, 0x0B, 0x5C, 0xDC, 0xC7, 0xFF, 0x7E, 0xDC, 0xAC, 0xCD, 0xF9, 0x69, 0xB2, 0xF9,
    0x93, 0xDA, 0xA7, 0x4A, 0xEC, 0x53, 0xD8, 0xE7, 0xAC, 0xE3, 0xDF, 0xA2, 0x42, 0xCF, 0x2E, 0xEF,
    0xB2, 0xC6, 0xB9, 0x3A, 0x1C, 0xED, 0x7B, 0x14, 0x2C, 0xF1, 0xDD, 0x73, 0x03, 0xBE, 0xBB, 0xAE,
    0xC7, 0x57, 0x7D, 0xFB, 0xA0, 0x73, 0x2E, 0xE8, 0xA3, 0x76, 0x0D, 0xC3, 0x2E, 0xC2, 0x6B, 0x51,
    0x1B, 0x0B, 0x2E, 0x2A, 0xC0, 0x06, 0xF0, 0xEC, 0x0F, 0xFE, 0xF5, 0xFD, 0xBF, 0x73, 0x89, 0xC7,
    0x9F, 0x5B, 0x08, 0xBA, 0xA4, 0x48, 0x31, 0x40, 0xE2, 0x76, 0x00, 0x53, 0xB7, 0x27, 0xB8, 0x0B,
    0xB8, 0x23, 0xB8, 0xE7, 0x0E, 0x01, 0x77, 0xDD, 0x4D, 0xE7, 0x72, 0x74, 0x5F, 0x0A, 0x8E, 0xEE,
    0xAD, 0x07, 0xDF, 0xFF, 0xFC, 0x92, 0x73, 0x43, 0xC0, 0xE9, 0xFB, 0xB0, 0x5B, 0xC3, 0xA7, 0x4D,
    0x4E, 0xE8, 0x02, 0xAC, 0xC0, 0x85, 0xED, 0x1A, 0xC4, 0x0F, 0x00, 0xBC, 0xEF, 0x5D, 0xFC, 0x9B,
    0x5F, 0x8E, 0x2E, 0xB9, 0xD3, 0xAE, 0x5C, 0xF6, 0xF3, 0xF6, 0xC4, 0xE5, 0x1F, 0xB5, 0xB7, 0x09,
    0x3E, 0x24, 0x70, 0x2E, 0xBB, 0x03, 0x90, 0x3C, 0x04, 0x88, 0x3D, 0xB7, 0x86, 0xF9, 0x71, 0xD3,
    0x63, 0xAC, 0x10, 0xEF, 0xBA, 0xF0, 0xFE, 0x08, 0x70, 0xC7, 0x73, 0xD0, 0xDA, 0xED, 0x86, 0x6D,
    0x59, 0xDC, 0x0A, 0xDB, 0xBC, 0x58, 0x01, 0x38, 0xCF, 0x7B, 0xE5, 0x9F, 0x72, 0xE4, 0x7F, 0xFB,
    0x6C, 0x89, 0x01, 0xF8, 0xDA, 0xEF, 0xDD, 0x7B, 0x64, 0x19, 0xA7, 0x60, 0xFE, 0x0B, 0x3C, 0x36,
    0x71, 0x01, 0xD3, 0xFD, 0x06, 0x23, 0x63, 0xE7, 0x49, 0x73, 0xE4, 0x1C, 0x26, 0xCD, 0xAA, 0xDC,
    0x71, 0xAF, 0x79, 0x91, 0x55, 0x11, 0xBA, 0xE4, 0x2E, 0x6B, 0xB8, 0xAF, 0xDC, 0xA5, 0x4D, 0x82,
    0x71, 0x4B, 0xB4, 0x44, 0x23, 0xDB, 0xFD, 0xB9, 0x25, 0xE2, 0xD8, 0x6F, 0xE9, 0x0A, 0xBE, 0xF7,
    0x37, 0x7D, 0x3A, 0x71, 0x9C, 0xEF, 0x75, 0xF5, 0xFB, 0x4D, 0xD2, 0xE4, 0x71, 0x33, 0xC6, 0xDD,
    0xA2, 0x1B, 0x93, 0x8F, 0x86, 0xA8, 0x0F, 0xFD, 0x90, 0x46, 0x43, 0x38, 0xB8, 0xB7, 0x8A, 0x7D,
    0xFC, 0xC7, 0x6D, 0x1E, 0xC6, 0x7D, 0x88, 0x45, 0xB8, 0xA5, 0xB5, 0x41, 0x6F, 0x6D, 0xD4, 0x59,
    0x1B, 0x37, 0xD6, 0x2F, 0xA9, 0xD0, 0x0E, 0x24, 0x5A, 0x88, 0x71, 0x9C, 0xC3, 0xEC, 0x18, 0x57,
    0x8B, 0x3F, 0x49, 0x1B, 0x5B, 0xBC, 0x9F, 0x37, 0x77, 0x71, 0xB3, 0xCF, 0xD8, 0x0F, 0x6C, 0xF2,
    0x2F, 0x27, 0x36, 0x1E, 0xEB, 0x43, 0xB3, 0x72, 0x7C, 0x21, 0x00, 0x3D, 0xD0, 0x84, 0xD6, 0xE0,
    0x3F, 0xDE, 0xC4, 0xB3, 0xAC, 0x52, 0xCF, 0x92, 0x2F, 0x94, 0x1F, 0xAD, 0xD8, 0x64, 0xF7, 0x49,
    0x78, 0x97, 0x4C, 0x18, 0xAF, 0x71, 0xE5, 0x8A, 0x4D, 0x38, 0xF9, 0x22, 0x1E, 0x5C, 0xD2, 0xE7,
    0xED, 0xA2, 0xC5, 0xEE, 0xD3, 0x7E, 0xD1, 0xB8, 0xBC, 0x8A, 0x47, 0x70, 0x5F, 0x59, 0x04, 0x3E,
    0x29, 0x5C, 0x8D, 0x01, 0xEE, 0x3A, 0x36, 0xD9, 0xA4, 0x66, 0x81, 0xD1, 0xCA, 0x02, 0x34, 0xC5,
    0x8A, 0x2A, 0xD0, 0xA0, 0x71, 0x59, 0x8B, 0xB1, 0x3A, 0x97, 0x2C, 0x5D, 0xF6, 0xE3, 0xA5, 0x8B,
    0xFC, 0xFD, 0x55, 0xE4, 0xAF, 0xBB, 0x12, 0xB7, 0xB0, 0xF0, 0xE0, 0x12, 0x67, 0xAD, 0xF5, 0x39,
    0xC2, 0x67, 0x0F, 0x9F, 0x5D, 0x71, 0xAB, 0x73, 0x6F, 0x92, 0x4C, 0x49, 0xCB, 0x65, 0x8E, 0x2E,
    0x1A, 0xDC, 0x42, 0xFF, 0x65, 0x5C, 0x02, 0xBF, 0xA5, 0x66, 0xAF, 0xB9, 0x91, 0xC7, 0xBF, 0x76,
    0xBF, 0x24, 0xAD, 0xD8, 0x13, 0xAF, 0xA4, 0xAD, 0x4B, 0x3A, 0x07, 0xA4, 0x02, 0x09, 0xEE, 0xC4,
    0x11, 0x11, 0x21, 0x30, 0xFC, 0x26, 0x70, 0x35, 0x90, 0xC4, 0x1C, 0x79, 0x7E, 0x3A, 0xE9, 0x7F,
    0xCE, 0xD1, 0xCC, 0x6F, 0xA6, 0x1D, 0x5F, 0x4E, 0xFA, 0x27, 0xBE, 0x1D, 0x1F, 0xA5, 0x5A, 0x93,
    0x2D, 0xCB, 0xD6, 0xA4, 0xD5, 0xE2, 0x21, 0x66, 0x07, 0xC9, 0x48, 0x8E, 0xF0, 0x1A, 0xA9, 0xAD,
    0xDF, 0xB7, 0xA3, 0xF6, 0xDB, 0xF9, 0x47, 0xCD, 0xAA, 0xFC, 0xF5, 0x3F, 0xF9, 0x73, 0xDE, 0xDF,
    0x73, 0xE9, 0xD2, 0x05, 0xB5, 0xAF, 0xF2, 0x87, 0x77, 0xA7, 0xFC, 0xE7, 0x3F, 0x9B, 0x2E, 0x44,
    0xED, 0x7B, 0x8E, 0x92, 0x37, 0xF7, 0x37, 0x52, 0x4B, 0x2C, 0x9F, 0x05, 0xAE, 0x7C, 0xFC, 0xF0,
    0xB8, 0xA8, 0x21, 0xCC, 0x95, 0xAE, 0xBE, 0xBA, 0xB3, 0x0B, 0xAE, 0x49, 0x1F, 0xF5, 0x79, 0x9F,
    0x0D, 0x71, 0x1F, 0x40, 0xDD, 0x44, 0x4D, 0x5A, 0x8C, 0xEE, 0x9A, 0x7B, 0xE7, 0xF8, 0x7A, 0xEE,
    0x97, 0xB9, 0x24, 0x73, 0xC7, 0x95, 0x4D, 0x8D, 0x8F, 0xB8, 0xC9, 0xFD, 0x91, 0xA3, 0xD6, 0x00,
    0xA6, 0x7A, 0xD2, 0x04, 0xC3, 0x40, 0x29, 0xE0, 0x1B, 0x57, 0x6E, 0x51, 0x40, 0xDF, 0x80, 0x63,
    0xA9, 0x73, 0xF6, 0xA8, 0x5D, 0xC8, 0xAD, 0x8F, 0xF5, 0x6D, 0xD5, 0xB7, 0xC1, 0xAC, 0xD0, 0x50,
    0x4F, 0xE9, 0xFE, 0x53, 0xE7, 0x3E, 0x58, 0x73, 0x73, 0xE6, 0x0B, 0x6A, 0x13, 0xBC, 0xB5, 0x8C,
    0x96, 0x44, 0xB2, 0x38, 0xB9, 0x16, 0x7E, 0x0B, 0x11, 0x1E, 0x38, 0xCE, 0x9A, 0x5A, 0x00, 0x23,
    0xB5, 0x20, 0x77, 0xDA, 0x7D, 0x35, 0x50, 0x3F, 0xB2, 0x68, 0xA3, 0x77, 0x45, 0xDA, 0x9C, 0xE3,
    0x61, 0xE4, 0x92, 0x84, 0x9A, 0x30, 0x1B, 0x84, 0x24, 0xF0, 0x37, 0xFA, 0x59, 0x27, 0x99, 0x7C,
    0xDD, 0xC2, 0x2F, 0xA2, 0x78, 0xA4, 0x04, 0x13, 0xC0, 0xDB, 0xBF, 0x06, 0xC8, 0xEF, 0x00, 0x64,
    0x21, 0xEF, 0xBD, 0x16, 0x10, 0x81, 0x05, 0xDF, 0xB8, 0xE1, 0x3F, 0x95, 0x72, 0x9F, 0xE5, 0xBD,
    0x9E, 0x28, 0x9C, 0xD0, 0x9C, 0x90, 0xC5, 0x01, 0x58, 0x88, 0x46, 0x2C, 0x1D, 0xBD, 0x4B, 0x17,
    0xAC, 0xA0, 0x9A, 0x02, 0xBE, 0x67, 0x80, 0x8A, 0x46, 0x5A, 0x27, 0xA2, 0x5E, 0x58, 0x90, 0xE4,
    0x94, 0x7E, 0x74, 0xC2, 0xDF, 0x6D, 0xF6, 0xD0, 0xC3, 0x47, 0xEF, 0x73, 0xA7, 0x10, 0x88, 0x80,
    0x64, 0x8A, 0x8B, 0x14, 0x54, 0x2A, 0x40, 0x9E, 0xAC, 0xA0, 0x5D, 0xD9, 0x02, 0xEB, 0xB5, 0x14,
    0xB0, 0x38, 0x75, 0xE7, 0xB2, 0x2E, 0x1E, 0xB1, 0x16, 0x2E, 0xA3, 0xA0, 0xE6, 0xA1, 0xF0, 0x65,
    0x04, 0x81, 0xC4, 0xC8, 0x16, 0x14, 0x71, 0xBA, 0x05, 0x8D, 0x4B, 0x09, 0xC4, 0xE6, 0xFC, 0x2F,
    0xF7, 0xE0, 0x41, 0x77, 0xB0, 0x9C, 0xF7, 0x8A, 0x37, 0x8A, 0xF9, 0x31, 0x85, 0x6E, 0x03, 0xBE,
    0xCB, 0x7B, 0x58, 0x59, 0x5D, 0xDC, 0x06, 0x6D, 0x30, 0x07, 0x67, 0x7B, 0x08, 0xDE, 0x88, 0x3D,
    0x56, 0x00, 0xFD, 0xAA, 0xE5, 0x48, 0x7D, 0xD9, 0x30, 0xF1, 0x34, 0xEB, 0x30, 0xFC, 0x5D, 0x10,
    0x3C, 0x14, 0xEC, 0x27, 0x31, 0x3F, 0x61, 0xDC, 0x10, 0x26, 0xC5, 0x24, 0x1E, 0x27, 0x3C, 0x14,
    0x1C, 0x08, 0x81, 0x81, 0x89, 0xD6, 0x95, 0x10, 0x9C, 0x0A, 0x98, 0x69, 0x23, 0xFB, 0x97, 0x2F,
    0xFB, 0xCB, 0xAE, 0x16, 0x0A, 0xAE, 0x1C, 0x1F, 0xFB, 0x63, 0x0E, 0xAA, 0x91, 0x9F, 0x84, 0x81,
    0x28, 0x76, 0xC3, 0x7F, 0x22, 0xAB, 0x08, 0x55, 0x40, 0x00, 0x8B, 0xB5, 0x32, 0x00, 0x19, 0xB8,
    0x4A, 0xA1, 0xF9, 0x8E, 0x5B, 0x38, 0xF7, 0x0D, 0x0A, 0x83, 0x7B, 0x2A, 0x48, 0x49, 0xF0, 0x94,
    0x82, 0xF0, 0x07, 0x2E, 0x15, 0x49, 0x67, 0xF5, 0x4E, 0x75, 0x79, 0x8A, 0xAD, 0x6A, 0x7D, 0x55,
    0x56, 0xBF, 0xCF, 0x07, 0x87, 0xEC, 0x72, 0x24, 0xC6, 0xA8, 0x16, 0xD0, 0xB8, 0xFE, 0x71, 0x6C,
    0x91, 0x16, 0x34, 0x8C, 0xE5, 0x67, 0x23, 0xC9, 0x33, 0x51, 0xEB, 0x49, 0x06, 0x68, 0xFE, 0x20,
    0x92, 0x86, 0x7A, 0x8D, 0x58, 0x48, 0x33, 0x0B, 0xBC, 0x89, 0x61, 0x53, 0xC8, 0x85, 0xAF, 0x6F,
    0x0C, 0xCE, 0x77, 0x18, 0xDE, 0x93, 0xE0, 0x9E, 0xBD, 0xA4, 0xE9, 0x6B, 0xD2, 0x4B, 0x80, 0x5A,
    0xB7, 0x91, 0xDE, 0xA5, 0x9C, 0x3D, 0x29, 0x62, 0xF5, 0xB6, 0x88, 0x95, 0xC0, 0x68, 0xBB, 0x01,
    0xCD, 0x55, 0x5A, 0xE7, 0xBF, 0xA6, 0x69, 0xFE, 0x11, 0xF9, 0x12, 0xE0, 0x88, 0xF3, 0x8F, 0x6B,
    0x60, 0x6C, 0x4D, 0x56, 0x8A, 0x09, 0x16, 0xED, 0x9A, 0x87, 0x53, 0x21, 0xA3, 0x58, 0x73, 0xF3,
    0xC9, 0x9A, 0x2F, 0x82, 0xA7, 0xBC, 0x95, 0x6C, 0xDE, 0xCA, 0x9A, 0xF5, 0x5B, 0xFA, 0x4B, 0xE9,
    0x97, 0xF8, 0x8F, 0x47, 0x72, 0xAC, 0x27, 0xC7, 0xE6, 0x85, 0xEC, 0x0D, 0xB6, 0x90, 0xCE, 0xA0,
    0xA5, 0x8F, 0x00, 0xBE, 0xAF, 0x60, 0xCD, 0x72, 0x32, 0xDD, 0x0A, 0x3B, 0xFA, 0x77, 0x3A, 0x13,
    0xE4, 0xE0, 0x84, 0x88, 0xAD, 0x61, 0x3B, 0xA3, 0x65, 0xEC, 0x0B, 0xF4, 0xAB, 0x1B, 0x5A, 0x86,
    0x0E, 0x88, 0x48, 0x7A, 0xE0, 0x25, 0x26, 0x88, 0xFA, 0x9C, 0x57, 0xB8, 0xB7, 0xE8, 0xF1, 0x34,
    0x69, 0xA1, 0xE3, 0x20, 0xCE, 0xD3, 0xF7, 0x69, 0x77, 0x38, 0x80, 0x99, 0x44, 0xE9, 0xC2, 0x69,
    0xAD, 0x0B, 0x47, 0x70, 0x7E, 0x42, 0xE6, 0xC4, 0x0A, 0x4C, 0x17, 0x56, 0x54, 0x60, 0x8D, 0x8C,
    0x1B, 0x40, 0xDA, 0x1A, 0x68, 0x66, 0xD0, 0xC1, 0xE8, 0xE6, 0x1D, 0xDE, 0xF0, 0x5D, 0x3C, 0x7D,
    0x7C, 0xBF, 0x0D, 0xBC, 0x7F, 0xBF, 0x75, 0xDF, 0xBA, 0x9E, 0xB6, 0xEB, 0x6D, 0x67, 0x1B, 0x3A,
    0xE7, 0x1B, 0x3A, 0xAF, 0xDC, 0xEF, 0xC8, 0x57, 0xA8, 0xB0, 0xF7, 0xC5, 0x43, 0x98, 0xEE, 0xD0,
    0x13, 0x89, 0xE4, 0x9C, 0x33, 0x24, 0x74, 0xC5, 0xCF, 0x8E, 0x7B, 0xDA, 0xDF, 0x8E, 0xB3, 0xA7,
    0x62, 0x1A, 0x38, 0x0D, 0xC9, 0x92, 0x1F, 0xD9, 0x9B, 0x27, 0xFE, 0xE2, 0x36, 0x19, 0xD2, 0x31,
    0x19, 0x31, 0xD5, 0x4D, 0xB8, 0x9D, 0xDD, 0x02, 0x6E, 0xD6, 0x1F, 0xEA, 0x49, 0x21, 0x57, 0x79,
    0xE6, 0xF0, 0x98, 0x73, 0x97, 0xED, 0x2C, 0xD5, 0x65, 0x37, 0x8B, 0x40, 0xD6, 0xAF, 0x25, 0x20,
    0xE7, 0xE8, 0xEA, 0xA5, 0x6E, 0x72, 0x3D, 0xF0, 0x48, 0x97, 0xCB, 0x8D, 0x9C, 0x88, 0x35, 0x02,
    0x23, 0xB2, 0x6C, 0xA4, 0x80, 0x7B, 0xD6, 0x1F, 0xF9, 0xD0, 0x6C, 0xE9, 0x5B, 0x97, 0x2F, 0x5F,
    0xD6, 0x8A, 0x68, 0xCE, 0xF0, 0x2E, 0xDF, 0x49, 0x07, 0x49, 0x38, 0xEF, 0x66, 0xBC, 0x0C, 0x25,
    0x8F, 0x59, 0xB7, 0xD1, 0x40, 0x65, 0x35, 0xDF, 0xE4, 0x63, 0x75, 0x4C, 0x75, 0x51, 0xCD, 0x6B,
    0x92, 0xAC, 0x52, 0xD9, 0xBA, 0x8D, 0x03, 0x17, 0xFA, 0x07, 0xA0, 0xB4, 0x6F, 0xCA, 0x66, 0xD1,
    0xD7, 0x60, 0x9D, 0x13, 0x70, 0xED, 0x55, 0xC8, 0xE6, 0x19, 0xA9, 0x4F, 0xFE, 0xE4, 0x2B, 0xE2,
    0xB7, 0xA0, 0x6F, 0xD8, 0x69, 0x29, 0xDC, 0x2B, 0x18, 0x4C, 0xBA, 0x62, 0xFB, 0x77, 0x76, 0x6B,
    0x2B, 0xD0, 0xE2, 0x12, 0x67, 0x22, 0x87, 0x3F, 0x89, 0xB6, 0xFE, 0x7E, 0xF7, 0xE4, 0x9A, 0xCD,
    0x6C, 0x2A, 0x3D, 0x7B, 0x10, 0x1C, 0x00, 0xAB, 0xC1, 0x64, 0x02, 0xC3, 0x69, 0x28, 0x47, 0x62,
    0x11, 0x78, 0xC4, 0x72, 0x13, 0x61, 0xC4, 0x47, 0x77, 0xEE, 0xC1, 0x19, 0xC4, 0x03, 0x83, 0x2B,
    0xEF, 0x8F, 0xF0, 0x61, 0xBB, 0x90, 0x24, 0x1C, 0x12, 0xAC, 0x1B, 0x26, 0x65, 0x48, 0xAB, 0xB4,
    0x81, 0xA8, 0x2D, 0x33, 0x98, 0x69, 0xF4, 0xB9, 0x99, 0xE3, 0x45, 0x48, 0xDD, 0x32, 0x07, 0x73,
    0xA1, 0x1D, 0x8E, 0xC0, 0xBE, 0xF0, 0x66, 0xD1, 0xAE, 0x68, 0x95, 0xFA, 0xDB, 0x68, 0x93, 0x36,
    0xB0, 0xB6, 0x89, 0xDA, 0xDB, 0x32, 0xF5, 0x31, 0x94, 0x00, 0x62, 0x87, 0x36, 0x29, 0x8E, 0xC0,
    0x99, 0xFF, 0xDD, 0xEF, 0x53, 0x31, 0xF9, 0x7F, 0x66, 0xB4, 0xE2, 0xCE, 0x79, 0xEE, 0x23, 0x9B,
    0x05, 0x36, 0x99, 0xB7, 0xB3, 0x98, 0x99, 0x4C, 0x76, 0x26, 0x98, 0xD5, 0x30, 0xB9, 0x08, 0xFC,
    0x11, 0xE8, 0xDA, 0x7F, 0x5A, 0xAB, 0xCF, 0x81, 0xD8, 0x99, 0x1C, 0x3D, 0xE3, 0x61, 0x69, 0x04,
    0xB0, 0xBB, 0x46, 0x40, 0x68, 0x4B, 0x1B, 0x55, 0xCC, 0xE3, 0x12, 0x89, 0x88, 0x4B, 0x85, 0x0B,
    0xB7, 0x27, 0xF9, 0x71, 0xBB, 0x89, 0x22, 0xB5, 0x5B, 0x32, 0x6A, 0x6E, 0xB0, 0x89, 0xFB, 0x48,
    0xBA, 0xA6, 0x33, 0x0B, 0xDE, 0x3A, 0x33, 0x36, 0x52, 0xD8, 0x89, 0x1C, 0x43, 0x59, 0xF3, 0x86,
    0xCA, 0x4F, 0xCD, 0x1E, 0x9D, 0x12, 0x0B, 0x4C, 0x7A, 0xB1, 0x18, 0x47, 0x03, 0xE6, 0xE3, 0xA5,
    0xA2, 0x13, 0x8C, 0x46, 0x95, 0x05, 0xEF, 0x83, 0x4A, 0x2B, 0xF2, 0xEE, 0xC6, 0x54, 0xC1, 0xAA,
    0xDC, 0xE3, 0xBB, 0xDE, 0x0F, 0x60, 0xD3, 0xEB, 0xB3, 0xFA, 0x24, 0xBF, 0x1D, 0x0C, 0xD4, 0xFB,
    0x74, 0x55, 0xBC, 0xF6, 0xEC, 0x9F, 0xF9, 0xB5, 0xA7, 0x5C, 0xAB, 0x77, 0x69, 0x4F, 0xF5, 0x62,
    0x0E, 0x97, 0x74, 0x9F, 0x8B, 0xC7, 0xAD, 0xCE, 0xE0, 0x55, 0x2F, 0xAE, 0x79, 0x2E, 0xF4, 0x05,
    0xD6, 0x00, 0x31, 0x3D, 0xC0, 0x38, 0x03, 0xA5, 0x6C, 0x5A, 0x2B, 0x55, 0x7A, 0xB6, 0x34, 0x63,
    0xB8, 0x5B, 0xC5, 0x2B, 0xE0, 0x26, 0x98, 0x10, 0x51, 0xB8, 0x89, 0x7B, 0xBE, 0x0D, 0x25, 0xE5,
    0x3E, 0x38, 0x35, 0xF8, 0xE5, 0x5A, 0xF2, 0xCD, 0x1D, 0x78, 0x1A, 0xD0, 0x53, 0x49, 0x62, 0xB9,
    0x79, 0x8D, 0xA3, 0x68, 0x2B, 0x92, 0xB0, 0x6F, 0x90, 0x8C, 0xFB, 0xCE, 0xB7, 0xE7, 0x46, 0xC6,
    0xB7, 0x03, 0x98, 0x86, 0xC2, 0x77, 0xF6, 0x22, 0x91, 0xF5, 0x1F, 0xB3, 0x80, 0x77, 0x12, 0xD2,
    0xB7, 0x27, 0x33, 0xA8, 0x7C, 0xEE, 0x4D, 0x8A, 0xBD, 0x51, 0x03, 0xCD, 0x8C, 0x09, 0x43, 0x94,
    0x58, 0xC4, 0xBB, 0x35, 0x6A, 0x67, 0xFC, 0xBC, 0x78, 0x13, 0x58, 0x13, 0x4E, 0xDB, 0x63, 0xCE,
    0x33, 0x24, 0xC3, 0xF6, 0xEC, 0x35, 0x95, 0xAE, 0x78, 0xD0, 0x70, 0xB9, 0x46, 0x26, 0x57, 0xBD,
    0x9A, 0x21, 0x3A, 0x04, 0xB6, 0x9E, 0xBD, 0x2D, 0x78, 0x41, 0xF0, 0x3B, 0xB3, 0x8B, 0xF0, 0x6C,
    0x28, 0xE6, 0x33, 0x15, 0xF8, 0x9C, 0x9E, 0x6B, 0x18, 0x16, 0x5A, 0xAE, 0xB8, 0x61, 0x21, 0x98,
    0x54, 0xDC, 0x51, 0x56, 0x71, 0x8D, 0xA6, 0x50, 0xA1, 0xF9, 0xB9, 0x36, 0x01, 0x5B, 0x9F, 0x16,
    0xB6, 0x06, 0x17, 0x6C, 0x6D, 0x7E, 0x33, 0xEE, 0x53, 0x81, 0xF1, 0xB6, 0xAF, 0x9E, 0xD7, 0xEF,
    0x11, 0x20, 0x25, 0x7B, 0x00, 0x67, 0x99, 0xA8, 0x7A, 0x44, 0x91, 0xDF, 0x93, 0xEC, 0xEB, 0x66,
    0xD9, 0x32, 0x12, 0x25, 0xF9, 0xF2, 0x56, 0x8A, 0x82, 0xF1, 0x60, 0x2F, 0x1D, 0x42, 0x21, 0xFC,
    0xED, 0x8D, 0x72, 0x9C, 0x9B, 0xD2, 0x0C, 0x44, 0x5D, 0x6C, 0x37, 0xFE, 0xF1, 0xE6, 0x2C, 0x0C,
    0x84, 0xA7, 0x2B, 0xEC, 0xD9, 0x25, 0xA8, 0x07, 0xBD, 0x07, 0x4A, 0x92, 0x39, 0x31, 0x6E, 0x6E,
    0x0D, 0x19, 0x74, 0x9E, 0x0F, 0xCD, 0xC2, 0x66, 0x27, 0x2F, 0x70, 0xEA, 0x7A, 0x7E, 0x6E, 0x74,
    0x81, 0x9D, 0x7E, 0x20, 0xB1, 0xB9, 0xA4, 0x1D, 0x90, 0xE2, 0xA3, 0x35, 0xC0, 0x2A, 0xA3, 0xEA,
    0xE2, 0x6B, 0xF1, 0xDF, 0x76, 0x63, 0x99, 0xA2, 0x75, 0xF3, 0x8A, 0x83, 0xA9, 0xB1, 0x95, 0x81,
    0x06, 0x9F, 0xF0, 0x57, 0x63, 0xB9, 0x35, 0x39, 0x61, 0x35, 0x2F, 0xDA, 0xBB, 0x57, 0xF9, 0x62,
    0x04, 0x1B, 0x14, 0xDE, 0x73, 0xCB, 0x9F, 0x2C, 0xAB, 0x68, 0xF7, 0xBA, 0x7F, 0x9D, 0xFD, 0x48,
    0x25, 0xAA, 0x7F, 0xA5, 0x33, 0x40, 0x95, 0xA5, 0xB1, 0x07, 0xC9, 0x02, 0x14, 0xCE, 0x0D, 0x37,
    0x9A, 0x9A, 0xE6, 0xC8, 0x4C, 0xB2, 0xF6, 0x0D, 0x45, 0xA3, 0xA1, 0xA8, 0x57, 0xB3, 0x68, 0xD4,
    0xA4, 0xC6, 0xBB, 0x57, 0xD5, 0x04, 0xCA, 0xDE, 0x78, 0xF9, 0xA7, 0xCE, 0x27, 0xF6, 0x5F, 0x2E,
    0x97, 0xD7, 0xD7, 0xC6, 0xE5, 0xFF, 0x25, 0x7F, 0xC5, 0x37, 0x72, 0x6D, 0x10, 0x66, 0xD9, 0x60,
    0xC9, 0x52, 0x8D, 0x1C, 0x20, 0x4F, 0x0B, 0x61, 0x18, 0x6B, 0x4C, 0x77, 0x9B, 0x3A, 0x01, 0xAE,
    0x28, 0x1F, 0xC9, 0x4A, 0xD4, 0x89, 0x7C, 0x4B, 0xEA, 0xB8, 0x83, 0xAE, 0x94, 0x25, 0x34, 0x18,
    0x1A, 0x43, 0xBF, 0xA0, 0x32, 0x78, 0x15, 0x18, 0x35, 0x8F, 0x2B, 0x92, 0xB5, 0x3A, 0xB1, 0x74,
    0xD1, 0xA3, 0xEA, 0xA4, 0x91, 0xC3, 0x86, 0x0B, 0xED, 0xDA, 0x57, 0x4A, 0x13, 0x06, 0x04, 0x5E,
    0x16, 0x11, 0xB7, 0xBF, 0x00, 0x0A, 0xA2, 0xBB, 0xE8, 0xF8, 0x05, 0xB3, 0x68, 0x7F, 0x8F, 0x8B,
    0xCF, 0x71, 0x91, 0xBC, 0x8F, 0x8B, 0x81, 0x21, 0x1C, 0xD3, 0x5D, 0x03, 0x86, 0xDE, 0xD1, 0x05,
    0x6C, 0xF0, 0x9E, 0x2E, 0x40, 0xC9, 0x43, 0x5D, 0x80, 0xAC, 0x37, 0x75, 0x01, 0x1A, 0xF7, 0xBA,
    0x48, 0x90, 0x10, 0xD1, 0xC5, 0xA2, 0x0F, 0x5B, 0x5D, 0x20, 0x0F, 0xD1, 0xD8, 0xC5, 0x18, 0xDB,
    0x45, 0x30, 0x26, 0x85, 0x2E, 0x60, 0xC6, 0x9C, 0x5D, 0xF8, 0xF3, 0xF3, 0x45, 0x79, 0x75, 0xBE,
    0xC8, 0xC7, 0xF9, 0x22, 0x5B, 0xCE, 0x17, 0x70, 0x04, 0x31, 0x4D, 0xA0, 0xA4, 0x06, 0x5C, 0x93,
    0x03, 0x5F, 0x2D, 0xBA, 0x10, 0xCA, 0xBD, 0xF6, 0x4D, 0xD4, 0x20, 0x4A, 0x6C, 0x4A, 0x66, 0x15,
    0x68, 0xDA, 0xD5, 0x84, 0x44, 0x00, 0x0D, 0x86, 0x39, 0x09, 0xDC, 0x33, 0x9B, 0xA5, 0x9A, 0x2F,
    0x56, 0x6A, 0x3E, 0xF7, 0x6A, 0x06, 0x58, 0x44, 0x36, 0xD0, 0x6D, 0x6C, 0xC0, 0x87, 0x6C, 0xC0,
    0x1F, 0x87, 0x5A, 0xB6, 0x1A, 0xB0, 0xEE, 0xA1, 0x56, 0x5A, 0xA9, 0xC9, 0x1B, 0x35, 0x69, 0xAF,
    0x26, 0x19, 0xD4, 0x44, 0xA3, 0x9A, 0xD0, 0xAB, 0x71, 0xFE, 0x96, 0x1A, 0xF2, 0x22, 0x9A, 0xCC,
    0x9A, 0x64, 0x54, 0x3C, 0x05, 0xE3, 0x75, 0x80, 0x20, 0x1E, 0xFE, 0x5F, 0xCD, 0x95, 0x8D, 0xA7,
    0xCE, 0x2C, 0xAD, 0x55, 0x26, 0xD3, 0x05, 0x92, 0x4D, 0x32, 0x76, 0x08, 0x45, 0xE9, 0xB9, 0xB6,
    0x92, 0xA8, 0x9E, 0xEA, 0x2E, 0x1E, 0xA8, 0x1B, 0xA3, 0x91, 0x82, 0x14, 0x8D, 0x34, 0xE8, 0xE1,
    0x8A, 0x5A, 0x36, 0x5C, 0x91, 0x19, 0x99, 0x77, 0xA4, 0xB1, 0x7D, 0x1C, 0x86, 0x93, 0xF5, 0xB1,
    0xFE, 0xF6, 0xAE, 0x8D, 0x43, 0xF9, 0x8C, 0x87, 0x54, 0xE3, 0x2F, 0xA4, 0x67, 0x39, 0x2F, 0xE8,
    0xEC, 0x0B, 0x29, 0xFD, 0xA9, 0xC6, 0x9A, 0xCD, 0x13, 0xA0, 0x2B, 0xE0, 0x4E, 0xDD, 0xA7, 0x4A,
    0xAA, 0xAB, 0x3F, 0x75, 0x7E, 0x66, 0x53, 0xFF, 0x02, 0xDF, 0x6D, 0x57, 0x8A, 0x1B, 0xF4, 0x01,
    0x05, 0x14, 0xF6, 0x9A, 0xFC, 0x7A, 0x7C, 0xF1, 0x65, 0xA4, 0xC3, 0xE2, 0x08, 0x59, 0xB1, 0x47,
    0xCD, 0xD8, 0xFF, 0x4F, 0x7C, 0x66, 0xDB, 0xF8, 0x94, 0x1E, 0x9A, 0x23, 0xAE, 0x58, 0x8C, 0x20,
    0x4F, 0x78, 0x4E, 0x58, 0xCC, 0xE6, 0x32, 0xBF, 0x67, 0x99, 0x07, 0xD9, 0xD5, 0x2B, 0xC5, 0x63,
    0xF8, 0x4F, 0x87, 0x53, 0x4C, 0x7E, 0xB5, 0xFB, 0x3A, 0x63, 0x7E, 0xB5, 0x85, 0x79, 0xD2, 0xEE,
    0xD8, 0x9C, 0x58, 0x29, 0x5B, 0x25, 0xEC, 0x7C, 0x60, 0xFA, 0xB0, 0x96, 0x32, 0xCE, 0xE5, 0xDC,
    0x66, 0xFD, 0x5A, 0x6D, 0x6E, 0x68, 0x3D, 0x0F, 0x28, 0x77, 0xA6, 0x6C, 0xA9, 0x23, 0xB1, 0x35,
    0x68, 0xC5, 0x73, 0xFE, 0x34, 0x25, 0x10, 0x78, 0x94, 0x26, 0x62, 0x0A, 0x10, 0x73, 0xD1, 0x94,
    0x7C, 0x56, 0x0E, 0x90, 0x19, 0x02, 0x3A, 0xBE, 0xB9, 0x15, 0x4C, 0xCB, 0x05, 0x4D, 0xE4, 0xFD,
    0x5B, 0x81, 0x63, 0xA5, 0x74, 0x26, 0x6B, 0x28, 0x5A, 0x98, 0x52, 0xF7, 0xA1, 0xDF, 0x38, 0xAF,
    0x59, 0x7B, 0x86, 0xC9, 0x88, 0x1D, 0x82, 0x7C, 0x06, 0xA9, 0x92, 0x93, 0x15, 0x5C, 0x88, 0xDA,
    0x2D, 0xA6, 0xBF, 0x5C, 0xD2, 0x21, 0xB8, 0x66, 0x2C, 0xCB, 0x62, 0x8D, 0xEF, 0x67, 0x58, 0xA4,
    0x6D, 0xDC, 0xEF, 0x81, 0x2C, 0x01, 0xCA, 0x46, 0x54, 0x5E, 0x06, 0xBF, 0x4B, 0xF8, 0x8F, 0x66,
    0xB2, 0x5E, 0x3F, 0x94, 0x1D, 0x7A, 0xC3, 0x23, 0x2E, 0xA1, 0xFB, 0xD2, 0xCA, 0x9C, 0xE4, 0xD4,
    0x5F, 0x6A, 0xB4, 0x53, 0x93, 0x25, 0x06, 0xBC, 0xFF, 0x17, 0xCD, 0x4D, 0xCB, 0x6B, 0x98, 0xC1,
    0x56, 0xC9, 0x47, 0x49, 0x7E, 0x97, 0x3E, 0x10, 0xC5, 0xE2, 0x39, 0xBB, 0x5A, 0x5B, 0x01, 0x25,
    0xB8, 0x3C, 0xD7, 0xB1, 0xA0, 0x90, 0x2D, 0x8C, 0x69, 0x17, 0x93, 0x05, 0x62, 0xA3, 0x52, 0x83,
    0xD4, 0x0C, 0x34, 0xE4, 0x93, 0xE2, 0x3B, 0x99, 0xB2, 0x46, 0xCE, 0xE1, 0xC2, 0xBC, 0x83, 0xC4,
    0xE2, 0xED, 0xD4, 0x62, 0x12, 0xE6, 0x49, 0x20, 0xA0, 0x2C, 0xC2, 0x25, 0x52, 0xC8, 0xE0, 0x21,
    0x65, 0x12, 0xE0, 0x7E, 0x0E, 0x12, 0x12, 0x15, 0xDC, 0x82, 0x95, 0x25, 0x49, 0xA6, 0x48, 0x38,
    0xAD, 0x55, 0x61, 0x73, 0xE5, 0x9F, 0x49, 0x50, 0xF2, 0x1F, 0x4B, 0x78, 0xB2, 0xBB, 0xC6, 0x8C,
    0xFF, 0x69, 0x71, 0xAF, 0x29, 0xDB, 0x85, 0x35, 0xB1, 0xC5, 0xB0, 0x72, 0x1F, 0x6A, 0x58, 0x07,
    0x54, 0x1A, 0x12, 0xBF, 0xE4, 0x15, 0xE2, 0x46, 0x5C, 0xD1, 0x2F, 0xA0, 0x88, 0x94, 0x05, 0xE5,
    0x91, 0xEE, 0x45, 0x2E, 0x11, 0xE3, 0x28, 0x16, 0x38, 0xA4, 0x56, 0x1E, 0xC3, 0x3E, 0xF6, 0x57,
    0x42, 0x1D, 0x90, 0xB5, 0x3B, 0x09, 0x6D, 0xD8, 0xCD, 0x61, 0x6D, 0x46, 0x00, 0x96, 0xB2, 0x14,
    0x0E, 0xB1, 0xB5, 0x21, 0x2F, 0x42, 0x73, 0x8E, 0xFA, 0xBC, 0xE1, 0xBA, 0x69, 0x35, 0xAD, 0x88,
    0xB6, 0x18, 0x60, 0x36, 0x5B, 0x22, 0x24, 0x86, 0xDD, 0x4C, 0xBA, 0x44, 0x4A, 0x25, 0x46, 0x8A,
    0x80, 0xD8, 0x89, 0x50, 0x39, 0x8A, 0xFB, 0x54, 0xDB, 0x4E, 0x8A, 0x68, 0x50, 0x2E, 0x09, 0x46,
    0x34, 0x1A, 0xF7, 0xA4, 0x2A, 0x50, 0xF8, 0x1A, 0x55, 0xFB, 0xA9, 0xF1, 0x64, 0x75, 0x28, 0x4C,
    0xFC, 0x15, 0x7A, 0x28, 0x01, 0x93, 0x63, 0x69, 0x27, 0xA2, 0x14, 0x4D, 0x51, 0x29, 0x7F, 0x89,
    0x8A, 0x23, 0xB7, 0xC2, 0x95, 0x91, 0x77, 0xBE, 0xA2, 0xC5, 0x45, 0x1D, 0x23, 0x14, 0x2B, 0x8E,
    0xA1, 0x82, 0x26, 0x55, 0xA2, 0x18, 0x60, 0x65, 0x46, 0xA7, 0x7D, 0x93, 0x59, 0x26, 0x63, 0x12,
    0x2B, 0x7E, 0x46, 0xA3, 0x88, 0x10, 0x4E, 0xCA, 0x41, 0x39, 0xFF, 0xBE, 0xC5, 0x02, 0x96, 0x1E,
    0xC8, 0x0C, 0xD1, 0x16, 0xFA, 0xAF, 0xB1, 0x9F, 0xAC, 0x66, 0x35, 0xA1, 0x66, 0x57, 0x91, 0x29,
    0x32, 0x1E, 0x1A, 0xA5, 0x97, 0x42, 0x88, 0x1B, 0xE9, 0xC7, 0xA4, 0x92, 0x52, 0xCC, 0x4C, 0xD3,
    0x1F, 0x9A, 0x5A, 0x1C, 0xA5, 0x09, 0x22, 0xDB, 0x0D, 0xFC, 0x81, 0x73, 0xE6, 0x0D, 0x20, 0x9E,
    0x28, 0xB0, 0xEA, 0xE0, 0xB4, 0x11, 0x11, 0x97, 0xC6, 0x72, 0x96, 0xFF, 0x51, 0xC1, 0xB2, 0x61,
    0x66, 0x41, 0x25, 0x28, 0x5B, 0xD8, 0x9E, 0xF1, 0x03, 0xF1, 0xC6, 0xC4, 0x8C, 0xF6, 0x60, 0xDC,
    0x55, 0x7F, 0x4F, 0x6C, 0x95, 0xFF, 0xAD, 0x65, 0x33, 0xEE, 0x6E, 0x2F, 0xDE, 0x74, 0xB6, 0xA5,
    0x4F, 0x5E, 0xAA, 0xD9, 0xE6, 0xC3, 0xB0, 0xA6, 0x42, 0x67, 0xB2, 0x7B, 0x69, 0x19, 0x8E, 0x51,
    0xC5, 0x65, 0x4A, 0xC5, 0x72, 0x9F, 0x78, 0xDE, 0x23, 0x79, 0x76, 0x89, 0xFF, 0xF7, 0x4C, 0x38,
    0x95, 0x6E, 0xD1, 0xDC, 0xF2, 0x79, 0x95, 0xD6, 0x53, 0xF4, 0xA5, 0xDC, 0xB0, 0x5F, 0x57, 0x5E,
    0x64, 0x57, 0x84, 0x49, 0xD1, 0x59, 0x9A, 0xD3, 0x6C, 0x17, 0xC2, 0x36, 0xBE, 0x7E, 0x9E, 0xF8,
    0xDD, 0x61, 0x8F, 0x7D, 0xE2, 0xFD, 0x84, 0xEE, 0xE3, 0x4A, 0xE0, 0x9D, 0x63, 0x7A, 0x91, 0xC8,
    0x18, 0x95, 0xCA, 0xBF, 0xFC, 0x6F, 0x7E, 0x2B, 0x2E, 0x04, 0x83, 0xE7, 0xBE, 0xF9, 0x40, 0xF5,
    0xAB, 0x0F, 0x55, 0xCB, 0xDA, 0x55, 0x18, 0x7E, 0x5E, 0xA9, 0x38, 0xF0, 0xFB, 0x42, 0x74, 0x62,
    0xA9, 0xAC, 0x65, 0x1D, 0x8C, 0x3C, 0x66, 0x39, 0x9E, 0x9B, 0x62, 0x81, 0x5D, 0x49, 0xE0, 0x8E,
    0xCA, 0x61, 0x9B, 0x17, 0xAC, 0xB0, 0x86, 0x3A, 0x36, 0x4F, 0x01, 0x6C, 0x7A, 0xFF, 0xF0, 0x0A,
    0x0B, 0x7C, 0x0D, 0x83, 0xD8, 0xFC, 0x35, 0x7C, 0xEB, 0x86, 0x88, 0x22, 0xE2, 0x7F, 0xB4, 0x4E,
    0x8B, 0x29, 0x73, 0x2E, 0x1A, 0x45, 0xE4, 0x96, 0x05, 0x39, 0x27, 0x21, 0xD7, 0xED, 0xB0, 0x72,
    0xB4, 0xC7, 0xBD, 0xDC, 0xE2, 0xE2, 0x06, 0xEC, 0x24, 0x24, 0xEB, 0x61, 0x8F, 0x19, 0xB7, 0x8B,
    0x43, 0x0F, 0x48, 0x4F, 0xB2, 0x82, 0x1E, 0xB5, 0xFB, 0xA6, 0x30, 0x9D, 0x59, 0xAF, 0x41, 0x80,
    0x69, 0xD5, 0x8B, 0x57, 0x90, 0xBE, 0x4E, 0x98, 0x49, 0x1C, 0xA5, 0x27, 0xA5, 0x7A, 0x6B, 0x26,
    0xBA, 0xA7, 0x1F, 0xD0, 0xD6, 0x32, 0x43, 0xD8, 0x33, 0x6D, 0x48, 0x3B, 0x88, 0x4C, 0xA9, 0x15,
    0xAA, 0x67, 0x70, 0xF6, 0xD8, 0xD3, 0x2C, 0xC2, 0xF2, 0x3F, 0x60, 0x6D, 0x1E, 0xD1, 0x36, 0xB7,
    0x50, 0x52, 0x03, 0xD7, 0x1B, 0x00, 0x9B, 0xDF, 0xD0, 0xB1, 0xE8, 0x52, 0x24, 0xF1, 0xC1, 0x87,
    0xF7, 0x10, 0x3D, 0x40, 0x82, 0x99, 0xF8, 0x7B, 0xE7, 0x27, 0x1A, 0x68, 0xAB, 0x60, 0xE4, 0x9E,
    0x07, 0x2F, 0x49, 0x4D, 0xD1, 0x94, 0x4F, 0x25, 0x19, 0x7C, 0x1A, 0x18, 0x75, 0xF9, 0x39, 0xF7,
    0x65, 0xC5, 0x2F, 0x9B, 0x95, 0x70, 0x12, 0x23, 0x4F, 0x72, 0x0B, 0x9E, 0x0A, 0xE7, 0xD4, 0x99,
    0xF5, 0x2F, 0xC8, 0xF0, 0xF5, 0x3C, 0x5A, 0xB0, 0x1A, 0xC0, 0xD3, 0x19, 0x62, 0x7E, 0x84, 0x12,
    0xA3, 0x0A, 0x12, 0x4E, 0xB3, 0x9F, 0xBD, 0xA4, 0x60, 0x28, 0x9E, 0x0E, 0x06, 0xE0, 0x0D, 0xFE,
    0x59, 0x38, 0xE6, 0x45, 0xB0, 0x84, 0x4A, 0xBE, 0x56, 0xCF, 0x4E, 0xE4, 0xB4, 0xF5, 0x9B, 0x83,
    0x41, 0x99, 0x3F, 0xA6, 0x1E, 0x31, 0xD7, 0x19, 0x68, 0xBF, 0xF7, 0x92, 0x07, 0xC1, 0x18, 0xD1,
    0xC6, 0x91, 0xD8, 0xAA, 0x71, 0x9E, 0x3B, 0xA6, 0x89, 0x49, 0x14, 0x6D, 0x51, 0x39, 0xAE, 0xBD,
    0x99, 0x67, 0xC0, 0xB3, 0x17, 0x01, 0xE1, 0xDA, 0x00, 0xC2, 0x7C, 0x22, 0xD0, 0x4A, 0x87, 0xF8,
    0xBE, 0x78, 0xC8, 0x5B, 0x01, 0xBC, 0x51, 0xF1, 0x9C, 0x15, 0xDB, 0x79, 0x9B, 0xD9, 0x1A, 0x3E,
    0x89, 0x0A, 0xBB, 0x6F, 0x3D, 0xED, 0x2D, 0x1B, 0xC1, 0x46, 0x4B, 0x86, 0xF8, 0x2E, 0x8F, 0x0E,
    0x78, 0xD4, 0xF3, 0x02, 0x3F, 0x26, 0x4C, 0xB8, 0xC8, 0x1C, 0xD2, 0x1B, 0x02, 0x32, 0x50, 0x4A,
    0x99, 0x6E, 0xB0, 0x08, 0x0F, 0x7D, 0x94, 0x35, 0xE0, 0xD7, 0x9C, 0x15, 0xBB, 0x52, 0x5E, 0x1F,
    0x77, 0xAE, 0x73, 0x00, 0x4A, 0x73, 0x18, 0x78, 0x34, 0x75, 0xA4, 0x82, 0x87, 0xAA, 0x15, 0x98,
    0xED, 0x0C, 0xD9, 0x08, 0x15, 0x39, 0x60, 0x87, 0x49, 0x71, 0x9E, 0x08, 0x90, 0x16, 0xBA, 0xA4,
    0x0C, 0x26, 0x2D, 0x2A, 0x46, 0x87, 0xD3, 0x79, 0x02, 0xC6, 0x5C, 0xB9, 0xEB, 0x94, 0x8D, 0xED,
    0x1F, 0x73, 0xA8, 0x1F, 0x4F, 0xC7, 0xC5, 0xE3, 0xF7, 0x5F, 0xE6, 0x47, 0x51, 0xBB, 0x81, 0x04,
    0xA5, 0x85, 0x0F, 0x3A, 0xFC, 0x70, 0x19, 0x0E, 0x47, 0xE6, 0xEF, 0x4F, 0xAE, 0xFE, 0x8B, 0xE9,
    0x08, 0x0A, 0x7D, 0xF5, 0x5B, 0x10, 0x98, 0x9A, 0x76, 0xBD, 0x24, 0xC8, 0x8B, 0x53, 0xC0, 0x9C,
    0x3C, 0xF5, 0x32, 0x0A, 0x5F, 0x13, 0xAB, 0x05, 0x39, 0x83, 0xB2, 0x9D, 0x93, 0x42, 0xBA, 0x49,
    0x8A, 0xC7, 0x04, 0x31, 0x98, 0x8E, 0xAF, 0xCF, 0xD9, 0x3F, 0x08, 0x23, 0xC2, 0xCF, 0x63, 0xDF,
    0xC3, 0xAB, 0x8D, 0x07, 0xD8, 0xC4, 0x10, 0x99, 0x7A, 0x84, 0xA7, 0x00, 0xE1, 0x90, 0xBB, 0xB9,
    0x4E, 0xD5, 0xC1, 0xC8, 0x1F, 0x34, 0xB1, 0x56, 0xC5, 0x80, 0xEF, 0xE5, 0x85, 0x47, 0x48, 0x9C,
    0x52, 0x45, 0xB3, 0x64, 0x6B, 0x37, 0x75, 0x34, 0x19, 0x38, 0x5D, 0x62, 0xCE, 0xE1, 0xB4, 0x86,
    0xD3, 0xA3, 0xFF, 0xBE, 0x3C, 0xB4, 0x2C, 0x6B, 0x86, 0xBC, 0x9F, 0xBF, 0x87, 0xBC, 0x99, 0xC3,
    0xF7, 0x9B, 0x5B, 0x61, 0xC3, 0xC9, 0x23, 0x75, 0x9E, 0x1C, 0xF9, 0xDF, 0xED, 0xC3, 0x22, 0x2F,
    0xF2, 0xF5, 0xC5, 0xBB, 0xFE, 0x41, 0x0E, 0x54, 0x9C, 0x75, 0x6B, 0x5E, 0xAF, 0xB6, 0xEA, 0x87,
    0xB2, 0xA9, 0xBE, 0x7A, 0x03, 0xC8, 0x2D, 0xAB, 0xF9, 0x90, 0xCA, 0xD7, 0xF9, 0xEA, 0xD8, 0x4A,
    0xC9, 0x4D, 0x81, 0x94, 0xF0, 0x0C, 0x8E, 0x8A, 0xAF, 0xA3, 0xB3, 0x0C, 0x32, 0xFD, 0x8E, 0xBC,
    0xFC, 0x44, 0xD1, 0x48, 0xE4, 0xBB, 0xB2, 0x1E, 0x36, 0xC9, 0xF9, 0x99, 0x14, 0xB6, 0x4F, 0x62,
    0x8C, 0x49, 0xA9, 0xA9, 0x49, 0x82, 0xBE, 0x92, 0x6F, 0x25, 0x31, 0x70, 0xFE, 0x17, 0xEA, 0x13,
    0x98, 0x82, 0x61, 0xB8, 0x38, 0xC9, 0x4A, 0x4F, 0xB2, 0xC9, 0x13, 0xA3, 0x29, 0x3C, 0x03, 0xF3,
    0x02, 0xED, 0x38, 0x70, 0x45, 0xB4, 0x67, 0xFD, 0x95, 0x9F, 0x38, 0x54, 0xAF, 0xE3, 0x69, 0x4D,
    0xD6, 0x57, 0xFB, 0x06, 0xDE, 0xD2, 0x8A, 0xA3, 0x4A, 0xC6, 0x14, 0xFE, 0x1A, 0x96, 0xA4, 0x60,
    0x7D, 0xFC, 0x60, 0xE9, 0xFD, 0x1D, 0x26, 0x4E, 0xA3, 0x2F, 0xDB, 0xF4, 0x0B, 0x86, 0x4D, 0x21,
    0xCF, 0xC2, 0x71, 0xA7, 0x0C, 0x95, 0x55, 0x3B, 0x09, 0xE5, 0xBF, 0xC3, 0xA6, 0xD8, 0x45, 0xF4,
    0x3A, 0x2F, 0x30, 0xA3, 0x85, 0x0B, 0x37, 0x7C, 0x17, 0xF9, 0x6B, 0x11, 0x2A, 0xA2, 0xBE, 0x8F,
    0xF8, 0x6D, 0x4D, 0x9B, 0xD0, 0x06, 0x56, 0x5A, 0x36, 0x6C, 0xDD, 0xC3, 0x36, 0x65, 0xB2, 0x85,
    0x72, 0x1B, 0x8A, 0xD6, 0x90, 0x08, 0xC2, 0x91, 0x0A, 0xE1, 0x55, 0x60, 0xC4, 0x32, 0x0B, 0xD7,
    0x00, 0x8A, 0x60, 0x01, 0xCC, 0x99, 0x49, 0x0A, 0x11, 0xD1, 0x50, 0x67, 0x22, 0x03, 0xD5, 0xE1,
    0x79, 0x26, 0xA3, 0xC9, 0x42, 0x7D, 0xE9, 0xB6, 0x0E, 0xD3, 0x24, 0x2D, 0xA3, 0x83, 0xEE, 0x14,
    0xF8, 0x35, 0x68, 0xD5, 0x45, 0x9D, 0x2D, 0x4A, 0x55, 0x69, 0xBF, 0xC7, 0x50, 0x1A, 0x14, 0x3A,
    0xF3, 0xDA, 0xA6, 0x7A, 0x4D, 0x73, 0x35, 0xD2, 0x62, 0xBE, 0x3B, 0xD2, 0x62, 0xD2, 0xAE, 0xBD,
    0x1E, 0x8B, 0x39, 0xDB, 0xE2, 0x59, 0xB5, 0x98, 0x9A, 0x31, 0x7B, 0xED, 0x9E, 0x7B, 0x48, 0x23,
    0x53, 0x89, 0xA0, 0x54, 0x74, 0x6E, 0x56, 0x05, 0x96, 0x0D, 0x76, 0x06, 0xEA, 0xEE, 0xCF, 0x1F,
    0xCA, 0xB2, 0xB5, 0xAF, 0xCB, 0xB2, 0xDD, 0x97, 0xFD, 0x64, 0x98, 0xE2, 0x95, 0x6C, 0x39, 0x5B,
    0x64, 0xCF, 0xB5, 0xBD, 0x73, 0x80, 0xF3, 0x2D, 0x59, 0x88, 0x5C, 0x75, 0x3B, 0x2C, 0x1A, 0xD9,
    0x00, 0x64, 0x77, 0x07, 0x58, 0x38, 0x30, 0x94, 0x12, 0xD1, 0x35, 0x99, 0xEA, 0x43, 0xCB, 0xBF,
    0xD8, 0xA1, 0xA2, 0xF1, 0x65, 0x81, 0x5C, 0x6F, 0xA6, 0x43, 0xE6, 0xA4, 0x0A, 0xE6, 0x09, 0x30,
    0xED, 0xE2, 0x57, 0x65, 0x83, 0xB3, 0x0F, 0xC8, 0x54, 0xC4, 0xFC, 0xE9, 0x70, 0x98, 0x8A, 0x1C,
    0x4B, 0xE6, 0x76, 0x5A, 0xCB, 0x79, 0xF0, 0x70, 0x47, 0x40, 0x86, 0xA7, 0x86, 0x88, 0x7B, 0x1C,
    0x66, 0xC3, 0x01, 0xD7, 0xA8, 0x3F, 0xA2, 0x45, 0x41, 0xB1, 0x36, 0xFB, 0x15, 0x2A, 0x81, 0xEC,
    0xC7, 0x63, 0x05, 0x7F, 0xAC, 0x03, 0xA9, 0xF2, 0x86, 0x19, 0x88, 0x71, 0xEE, 0x4C, 0x49, 0x75,
    0xFF, 0xB5, 0x0D, 0x69, 0xB0, 0x5A, 0xFB, 0x3E, 0x9F, 0x16, 0x3A, 0x4D, 0xB6, 0x39, 0x2A, 0x99,
    0x4F, 0xD4, 0xFA, 0xEF, 0x4E, 0x54, 0xFC, 0xC1, 0x2B, 0x5B, 0x9B, 0x47, 0x60, 0x6D, 0xA5, 0x01,
    0x05, 0x6A, 0x79, 0x9B, 0x96, 0x0C, 0x09, 0x57, 0xE5, 0x27, 0xA0, 0x71, 0xCF, 0xF4, 0xE9, 0x5B,
    0x1B, 0xFB, 0x00, 0xC1, 0x4F, 0x7D, 0x07, 0x4B, 0xBA, 0xC0, 0x77, 0xD4, 0x51, 0xC1, 0x91, 0x1E,
    0x7E, 0xA8, 0xEC, 0x2A, 0xD7, 0xAE, 0x24, 0x15, 0xA3, 0xB6, 0x9A, 0x81, 0x00, 0x0D, 0x3C, 0x4B,
    0xD9, 0xCD, 0x82, 0x69, 0xC0, 0x46, 0x65, 0xFE, 0xEE, 0xBC, 0xC2, 0xBD, 0x5D, 0x1D, 0x68, 0xD9,
    0x55, 0x40, 0xF6, 0x53, 0x11, 0xCE, 0xF2, 0x09, 0x0A, 0xF8, 0xCC, 0x73, 0x34, 0x7F, 0x2E, 0xDF,
    0x3E, 0xED, 0x80, 0x44, 0x4D, 0xC8, 0x14, 0x47, 0x01, 0x9B, 0x00, 0x8D, 0x75, 0xB0, 0x62, 0x84,
    0x85, 0xA0, 0x11, 0x09, 0x04, 0xE8, 0x21, 0x2C, 0x89, 0xA7, 0xF5, 0x46, 0xC6, 0x86, 0x0C, 0x43,
    0x46, 0x77, 0xFE, 0x84, 0x09, 0x7B, 0x2C, 0xEC, 0x42, 0xA9, 0x04, 0xC7, 0xE4, 0x76, 0xE1, 0x51,
    0xCB, 0x81, 0xFA, 0x30, 0xAB, 0xCE, 0xCB, 0x25, 0x1F, 0xD2, 0xE6, 0x82, 0x0E, 0x92, 0xC0, 0x97,
    0xE0, 0x7A, 0xF2, 0x9F, 0xE1, 0x30, 0x2C, 0x49, 0x9A, 0xFD, 0xA2, 0x89, 0x7B, 0xAE, 0x2D, 0xF9,
    0x97, 0x26, 0x1A, 0x94, 0x1F, 0xFB, 0x65, 0x15, 0x2E, 0x55, 0xAB, 0xFD, 0x6C, 0x5E, 0x6A, 0x3C,
    0x17, 0x2D, 0xE4, 0x01, 0x69, 0xC1, 0xE1, 0x38, 0x17, 0xE0, 0x48, 0xCE, 0x53, 0xF3, 0x8A, 0x9C,
    0x12, 0x96, 0xFD, 0x36, 0xB0, 0x27, 0x9B, 0xC0, 0xB2, 0x7F, 0x59, 0x31, 0x00, 0xCE, 0x9A, 0x74,
    0x83, 0x10, 0x43, 0x45, 0x30, 0x75, 0x5B, 0xDB, 0x37, 0xA8, 0x3B, 0x5F, 0xEA, 0xD0, 0xC6, 0x1D,
    0xB2, 0x74, 0x5C, 0xA9, 0x34, 0xAF, 0x99, 0xF6, 0x94, 0x1A, 0xB8, 0x25, 0xBB, 0x31, 0x32, 0x35,
    0x72, 0xC0, 0x32, 0xC4, 0x35, 0xCF, 0x44, 0x50, 0xBB, 0xC6, 0x5B, 0x93, 0xF9, 0x06, 0xF7, 0xDF,
    0x46, 0xDE, 0x7E, 0x43, 0xB8, 0xA5, 0x16, 0xDB, 0x33, 0xD1, 0x15, 0x8A, 0x70, 0x4C, 0x20, 0xE0,
    0x9C, 0x9A, 0x12, 0x42, 0x0B, 0xAD, 0x8D, 0x48, 0x4B, 0xDA, 0x54, 0x67, 0xE0, 0x76, 0x94, 0x05,
    0xDA, 0xD3, 0x3A, 0x0F, 0xB5, 0x41, 0x65, 0x36, 0x56, 0x8A, 0x91, 0xEA, 0x7E, 0x23, 0xE2, 0xB3,
    0xB8, 0xA7, 0xCD, 0xFA, 0x18, 0x87, 0x0E, 0xA2, 0x39, 0x2B, 0x2A, 0xCD, 0xE7, 0x47, 0x02, 0x4B,
    0xB8, 0xEA, 0xA5, 0x03, 0x95, 0xC0, 0xED, 0x2C, 0xC7, 0x3D, 0x77, 0x7A, 0x94, 0xD2, 0xD3, 0x1D,
    0x82, 0xDC, 0x66, 0x5C, 0xEC, 0x1E, 0x93, 0xD4, 0xBB, 0x96, 0xC0, 0x10, 0x4E, 0xAC, 0xD4, 0xBE,
    0x8E, 0xE4, 0x59, 0x96, 0xDF, 0x7A, 0x58, 0x6E, 0x3D, 0x5C, 0xF0, 0x61, 0xC2, 0x87, 0x29, 0xD7,
    0x57, 0x2A, 0x71, 0x6B, 0x00, 0x67, 0x49, 0x2A, 0xE5, 0x56, 0x92, 0xE1, 0xB4, 0x52, 0xF6, 0xBC,
    0x5F, 0x6E, 0xF9, 0x32, 0x69, 0xC9, 0xA5, 0xE5, 0x86, 0x75, 0x50, 0xA3, 0x9C, 0xD5, 0xC9, 0x8B,
    0x8C, 0x91, 0xB6, 0xB6, 0xDA, 0x88, 0xBC, 0x73, 0xD0, 0xFC, 0xF0, 0xE6, 0x8B, 0xFC, 0xFD, 0x49,
    0x61, 0xE5, 0x0C, 0xA9, 0xFF, 0x39, 0x2E, 0xB2, 0x5F, 0xF3, 0xD5, 0x3F, 0xCE, 0xC8, 0x1D, 0x32,
    0xA9, 0x19, 0x80, 0xAD, 0xE6, 0x22, 0xEE, 0x73, 0xDF, 0x5B, 0x8F, 0xCF, 0xB9, 0xBC, 0xCD, 0x9D,
    0xC3, 0x48, 0x86, 0xFF, 0xE0, 0xCE, 0x55, 0x08, 0x6B, 0x70, 0x0C, 0xB7, 0xC6, 0x51, 0x7E, 0x1C,
    0x0F, 0x4F, 0xDC, 0xCD, 0x60, 0x2A, 0xAD, 0x6E, 0x34, 0x90, 0xB7, 0xFF, 0x07, 0xDD, 0x5B, 0x3D,
    0x8C, 0xE5, 0x56, 0x15, 0xBE, 0xB6, 0x67, 0xD7, 0x52, 0x2C, 0x70, 0x0A, 0x16, 0x89, 0x84, 0xC4,
    0x0D, 0x05, 0x6C, 0x92, 0x71, 0x43, 0x41, 0x31, 0x6F, 0x6C, 0x48, 0x41, 0xC9, 0x16, 0x3B, 0x20,
    0x41, 0x43, 0x91, 0x2A, 0xCD, 0x50, 0x50, 0x0C, 0xD2, 0x64, 0x6D, 0xD2, 0x50, 0x50, 0xB0, 0x05,
    0xF4, 0x2B, 0xB1, 0x48, 0x61, 0x28, 0x86, 0x02, 0xA4, 0x29, 0x26, 0xD8, 0x2B, 0x24, 0x68, 0x2D,
    0x24, 0x44, 0x41, 0x81, 0x23, 0xAD, 0xC4, 0x4F, 0x8A, 0xB8, 0x30, 0xF0, 0x76, 0xD7, 0xF6, 0xE5,
    0xFB, 0xCE, 0xB9, 0x7E, 0xF3, 0x66, 0x77, 0xB3, 0x49, 0xB4, 0xCB, 0x24, 0xB3, 0x33, 0xF3, 0xCE,
    0xF1, 0xB3, 0xAF, 0xEF, 0x3D, 0xE7, 0xDC, 0x73, 0xCF, 0xDF, 0xBD, 0x63, 0x4C, 0x5A, 0x67, 0x2D,
    0x7E, 0x9B, 0x28, 0x37, 0xF8, 0xB9, 0x60, 0xE2, 0xDC, 0xFD, 0x96, 0xFC, 0x4D, 0xCA, 0xA4, 0xE6,
    0x6F, 0xEA, 0x7E, 0xB3, 0x3A, 0x6B, 0xB2, 0x26, 0x6D, 0x8C, 0xF9, 0x32, 0x9B, 0xEF, 0xCD, 0x20,
    0xB2, 0xD7, 0x8D, 0xA9, 0xEC, 0x68, 0xFC, 0xF1, 0x07, 0x36, 0x0F, 0xBB, 0xBD, 0xA2, 0x8C, 0xDB,
    0xBD, 0x2C, 0x4F, 0xEA, 0xBD, 0x6D, 0x0C, 0x81, 0x26, 0x99, 0x80, 0xF2, 0xFD, 0x00, 0x9F, 0x4A,
    0xBB, 0xA4, 0x01, 0x88, 0xBB, 0xBD, 0xC0, 0x04, 0xC3, 0x5E, 0x9C, 0x7B, 0x76, 0xAA, 0xF0, 0x18,
    0x3D, 0x1B, 0x6F, 0xBA, 0xBE, 0x3E, 0xA4, 0x02, 0xFE, 0x5C, 0xB4, 0x4B, 0x34, 0xB9, 0x67, 0x8D,
    0x99, 0x4C, 0x51, 0x7B, 0x83, 0x49, 0xEA, 0xA0, 0x37, 0x71, 0x1D, 0x74, 0x26, 0x2E, 0x01, 0x2E,
    0x18, 0x00, 0x63, 0x70, 0xCF, 0x18, 0x1F, 0x4D, 0x0D, 0x9A, 0xE0, 0x87, 0xE0, 0xD2, 0xB4, 0x73,
    0x05, 0xBD, 0xDB, 0xCE, 0x5C, 0x2A, 0x7E, 0x76, 0x05, 0x24, 0x50, 0x0A, 0x49, 0x09, 0x10, 0xD7,
    0xA7, 0x40, 0xC2, 0x07, 0x19, 0x5F, 0xDB, 0x37, 0x66, 0xC3, 0xBB, 0x77, 0xC7, 0xBC, 0x1C, 0x59,
    0x7B, 0x77, 0x48, 0xEF, 0xE1, 0xE5, 0x2F, 0x99, 0xE7, 0x2D, 0x1B, 0x7D, 0x46, 0xE9, 0xD9, 0xF2,
    0xF2, 0xD8, 0x64, 0xE9, 0x94, 0x99, 0xD8, 0xDA, 0xC1, 0x84, 0x1D, 0x46, 0x8E, 0x6A, 0xB3, 0x34,
    0x31, 0x9E, 0x99, 0xC4, 0x98, 0x85, 0x79, 0x91, 0x40, 0xAE, 0xE4, 0x5E, 0x5C, 0x9A, 0x23, 0x13,
    0xB6, 0x3E, 0x08, 0x9E, 0x0E, 0x07, 0x93, 0x15, 0x53, 0x81, 0x5E, 0xAE, 0xC4, 0xDA, 0x5F, 0x65,
    0xEB, 0xD4, 0x96, 0x0A, 0xE3, 0xC1, 0xF8, 0x03, 0x44, 0x63, 0xBC, 0x8E, 0x17, 0x7E, 0x4B, 0xA6,
    0x03, 0x0C, 0x5E, 0x99, 0x10, 0x64, 0x67, 0x98, 0x39, 0x0A, 0x32, 0x21, 0xDD, 0xCD, 0x82, 0xB0,
    0x05, 0xC1, 0xA0, 0xA1, 0x17, 0x09, 0x50, 0x0E, 0xDE, 0x84, 0xE9, 0xF3, 0xAC, 0xB5, 0xAD, 0x83,
    0x7C, 0xCD, 0xCC, 0x70, 0xA7, 0x82, 0x1C, 0xDC, 0x7D, 0x5C, 0xE7, 0xA7, 0x9F, 0x9A, 0x42, 0x60,
    0x45, 0x6E, 0x5F, 0xB2, 0x77, 0x79, 0xDB, 0xDA, 0xDC, 0xBC, 0x76, 0x74, 0xEA, 0xE7, 0x35, 0x37,
    0x31, 0xA7, 0xEF, 0x1E, 0x99, 0x0B, 0x57, 0xD9, 0x83, 0x2D, 0xA1, 0x25, 0xBB, 0x9D, 0x89, 0x9A,
    0x00, 0x22, 0xA9, 0xBD, 0x25, 0xD9, 0x17, 0xD0, 0x3A, 0x81, 0x93, 0xA4, 0x68, 0x24, 0xC1, 0xB6,
    0xA1, 0x6E, 0xE1, 0xF2, 0x45, 0xF0, 0x6E, 0x16, 0xBE, 0xED, 0x21, 0xB2, 0x74, 0x30, 0xDB, 0x26,
    0xB4, 0xD0, 0x1C, 0x53, 0xE5, 0x69, 0x47, 0xA6, 0x27, 0x4C, 0x50, 0x60, 0x5B, 0xCC, 0x52, 0x35,
    0x81, 0xF7, 0x44, 0xF4, 0x85, 0x6A, 0x61, 0x12, 0x02, 0x5F, 0x26, 0xFC, 0x6D, 0xE3, 0x8B, 0xC4,
    0x73, 0x82, 0x92, 0x62, 0xAF, 0x31, 0x9B, 0x71, 0xEB, 0xF5, 0x26, 0x9C, 0x0E, 0x5B, 0x0A, 0x1A,
    0xDC, 0x79, 0x39, 0x1B, 0x1D, 0x55, 0xDE, 0x50, 0xF9, 0x63, 0x61, 0x86, 0x0D, 0xF3, 0xEC, 0xAC,
    0x68, 0x66, 0xD7, 0x52, 0x8C, 0x21, 0xA4, 0x03, 0x59, 0xA7, 0xB7, 0xCD, 0xF3, 0xF8, 0x4A, 0x3A,
    0x7F, 0xA7, 0x1A, 0x96, 0x94, 0x51, 0xED, 0x55, 0x6D, 0xD8, 0xC4, 0x79, 0x72, 0x6F, 0xF4, 0xBB,
    0x4D, 0x3C, 0x28, 0x4C, 0xBF, 0x05, 0x16, 0xB7, 0xCD, 0xFE, 0x3E, 0xDA, 0x7C, 0xC6, 0x6C, 0x1D,
    0x49, 0xD3, 0x45, 0x1F, 0x92, 0xCB, 0xCD, 0x3E, 0x12, 0xD4, 0x45, 0xCD, 0xDA, 0x37, 0x87, 0x8E,
    0x42, 0x69, 0xB9, 0x2F, 0x2F, 0x6C, 0x6D, 0x41, 0x75, 0x7D, 0xB3, 0xBF, 0x8D, 0xF9, 0x7E, 0xD1,
    0x2C, 0x13, 0x93, 0xFD, 0x6B, 0xF0, 0xBA, 0xB8, 0x0E, 0x6D, 0x1B, 0x34, 0xD2, 0x02, 0x2C, 0x91,
    0x96, 0x02, 0x73, 0xD2, 0x98, 0x70, 0x49, 0xC1, 0xBD, 0x4B, 0xF9, 0x41, 0xE2, 0x77, 0x84, 0xFA,
    0x1D, 0x59, 0x2B, 0xD7, 0x4D, 0xF2, 0xF7, 0xDE, 0xA4, 0xE5, 0x60, 0xA2, 0x7C, 0x90, 0x65, 0xE0,
    0x55, 0x83, 0x49, 0xFF, 0x3C, 0xE0, 0xCD, 0x01, 0x04, 0xE3, 0x83, 0xF5, 0x51, 0x84, 0x50, 0xC3,
    0xB1, 0x28, 0x2F, 0xDE, 0xB8, 0xCC, 0x19, 0x7F, 0x16, 0x63, 0xFE, 0xC6, 0xEC, 0xFB, 0x9D, 0xB7,
    0x0C, 0x31, 0x5A, 0x52, 0xC7, 0x6D, 0x96, 0x67, 0xB5, 0x35, 0xD5, 0xD7, 0x46, 0x53, 0xBC, 0x39,
    0x42, 0xE5, 0xAC, 0xE1, 0xBD, 0x00, 0x24, 0x99, 0x25, 0x78, 0x5B, 0x40, 0x41, 0x13, 0xB3, 0xF7,
    0xFA, 0xC1, 0xC1, 0x41, 0x5E, 0x51, 0x60, 0xB8, 0x3A, 0xE4, 0xC2, 0x8A, 0x3E, 0x18, 0x5C, 0x30,
    0x97, 0x0F, 0x6E, 0x66, 0x76, 0x99, 0xC9, 0x0C, 0x7E, 0x04, 0xE9, 0xDF, 0xDA, 0xD9, 0x31, 0x90,
    0xFE, 0xD7, 0xB1, 0x26, 0x29, 0xFD, 0x0C, 0x8C, 0xF4, 0x5B, 0x58, 0xB6, 0xD7, 0x20, 0x7D, 0xA0,
    0x0C, 0xD2, 0x17, 0xB4, 0xE8, 0xE5, 0xE6, 0x26, 0xD1, 0x00, 0xE9, 0x43, 0x8B, 0x5B, 0xF9, 0x06,
    0xC5, 0x26, 0x8A, 0x1B, 0x48, 0xDF, 0x64, 0xE8, 0x76, 0x81, 0xF7, 0x20, 0xF8, 0x2D, 0xF6, 0x32,
    0x52, 0xFA, 0x19, 0xC4, 0xB4, 0x4C, 0x7C, 0xDB, 0x66, 0xEF, 0x74, 0xF1, 0x1F, 0x0E, 0x6E, 0x3C,
    0xF3, 0xF3, 0x8F, 0x20, 0xFD, 0xCB, 0x90, 0x06, 0x18, 0xB3, 0xB6, 0xE7, 0xD5, 0x0D, 0xDE, 0xF6,
    0xD0, 0x28, 0x02, 0x9F, 0x49, 0xF9, 0xB6, 0x92, 0x06, 0xA9, 0xCD, 0x1F, 0x7E, 0xE7, 0x7D, 0x3E,
    0xF7, 0xA4, 0x33, 0xBE, 0x70, 0x85, 0x0A, 0xDD, 0x3E, 0x02, 0xBC, 0xFE, 0xAB, 0xBB, 0xB3, 0xCC,
    0x79, 0xF5, 0xE8, 0xC6, 0xC6, 0xBB, 0x6E, 0xEE, 0xFF, 0x91, 0x77, 0x05, 0xF8, 0x54, 0x97, 0x77,
    0x97, 0xC2, 0x7C, 0x06, 0xCD, 0x7B, 0x0E, 0xC2, 0x56, 0xA1, 0x43, 0x75, 0xA0, 0xD6, 0x22, 0x79,
    0xD8, 0x36, 0xB3, 0xC9, 0xE5, 0x8E, 0xAF, 0x4D, 0x88, 0xF5, 0x15, 0xD1, 0x2A, 0x80, 0x71, 0x6B,
    0x2E, 0x61, 0x42, 0x7C, 0x4C, 0x57, 0xCA, 0x3E, 0xBC, 0xD1, 0x50, 0x7B, 0x5F, 0x99, 0xDF, 0x87,
    0x59, 0xF4, 0xA0, 0x12, 0xC2, 0x99, 0xCF, 0x7B, 0x95, 0x08, 0xF0, 0xCB, 0xF8, 0xEC, 0xE1, 0xFA,
    0x1A, 0xDA, 0xA7, 0x98, 0x72, 0x1F, 0x2C, 0x78, 0x07, 0xC1, 0x10, 0x76, 0x71, 0x93, 0x62, 0xC1,
    0xBA, 0xE5, 0x58, 0xB0, 0xFD, 0xE3, 0x83, 0xDC, 0x80, 0xD2, 0xD2, 0x03, 0xA8, 0x03, 0xA8, 0x73,
    0x9F, 0x14, 0xE0, 0x7C, 0x4A, 0xFB, 0xE3, 0xAA, 0x8F, 0xFA, 0xE3, 0x0B, 0x50, 0xFE, 0x63, 0x8E,
    0x26, 0x80, 0x34, 0xA2, 0x39, 0x29, 0xE5, 0x64, 0x54, 0x9C, 0xF7, 0xAC, 0x9D, 0x3D, 0x86, 0xF9,
    0x26, 0x75, 0x9D, 0xEA, 0x69, 0xCB, 0xC4, 0x4E, 0xDF, 0x81, 0x1E, 0xD9, 0x21, 0xAC, 0x1D, 0x2C,
    0x1E, 0x09, 0xB5, 0x4D, 0x2A, 0x30, 0x16, 0x18, 0x08, 0x34, 0xDF, 0x3E, 0x26, 0x34, 0x5B, 0xFF,
    0x37, 0xB8, 0x1F, 0x82, 0x95, 0xCF, 0x0E, 0x21, 0x94, 0x34, 0x1D, 0x42, 0x5B, 0xAA, 0x70, 0x53,
    0x88, 0xA3, 0xC2, 0x6F, 0xA6, 0x06, 0x31, 0x28, 0xE1, 0x9D, 0x4C, 0x38, 0xAA, 0x7E, 0xCB, 0x5F,
    0x65, 0xE0, 0xDA, 0x2A, 0x30, 0xFF, 0x0C, 0x9D, 0x42, 0x68, 0xF3, 0xA2, 0xC8, 0xBF, 0x88, 0xE6,
    0x8F, 0xFC, 0x4B, 0xED, 0x08, 0x8D, 0xF0, 0xA0, 0x54, 0xF1, 0x3D, 0xD8, 0x97, 0x9C, 0xE6, 0x31,
    0x83, 0x4A, 0xF1, 0x2A, 0x2D, 0xE7, 0xCF, 0x35, 0x7C, 0xA7, 0xEA, 0xF3, 0x1B, 0x55, 0xDF, 0x1C,
    0x94, 0x98, 0xF4, 0x1C, 0x1E, 0xB1, 0x05, 0x61, 0xF4, 0x14, 0xD7, 0x4C, 0x44, 0x5B, 0xD3, 0x27,
    0x8D, 0x3F, 0x46, 0x9D, 0xB1, 0xF0, 0x87, 0x36, 0x5C, 0xFA, 0x43, 0x0C, 0x57, 0x9B, 0xD4, 0x51,
    0x03, 0xCF, 0x5B, 0xBE, 0x01, 0x65, 0xEB, 0xCD, 0x9E, 0xAF, 0x24, 0x42, 0xEB, 0x54, 0xBF, 0xF6,
    0x69, 0x41, 0x80, 0xD1, 0x6D, 0x05, 0x66, 0x60, 0xA5, 0xCC, 0x17, 0x81, 0x83, 0x56, 0x55, 0x4A,
    0x64, 0x52, 0xC8, 0x72, 0x16, 0x9C, 0x38, 0x55, 0xDB, 0x76, 0x78, 0xDF, 0xE1, 0xA5, 0x62, 0xBC,
    0xFE, 0x16, 0x71, 0xD0, 0x82, 0x04, 0xE0, 0xB0, 0x0E, 0x89, 0x19, 0x3D, 0xC1, 0xA6, 0xDA, 0x11,
    0xEB, 0x78, 0xC0, 0x22, 0xB8, 0xBA, 0x6D, 0x7E, 0x3B, 0x68, 0xF0, 0xF0, 0x8E, 0xE0, 0x65, 0x70,
    0x8B, 0xD8, 0xEB, 0xA2, 0xAF, 0x12, 0x07, 0xED, 0x8B, 0x12, 0x93, 0x84, 0x35, 0x16, 0xCE, 0x92,
    0xA3, 0x5F, 0xFE, 0xD5, 0x74, 0x53, 0x46, 0x97, 0xFB, 0xDB, 0x0E, 0xEF, 0x3B, 0x8C, 0x26, 0xA9,
    0xB3, 0x07, 0x97, 0x76, 0x72, 0xE1, 0xEF, 0xC8, 0xF1, 0xD7, 0x2B, 0x7F, 0x08, 0x25, 0x84, 0xBF,
    0xA0, 0x51, 0xFE, 0xA2, 0x99, 0xAF, 0x5C, 0x71, 0xEA, 0xF8, 0x58, 0x38, 0x7C, 0xEC, 0x70, 0xAF,
    0x98, 0xAF, 0x0B, 0x5F, 0x4D, 0x7A, 0x87, 0x38, 0xBA, 0x35, 0x55, 0x25, 0x70, 0xFC, 0x2A, 0x16,
    0x21, 0xF8, 0x4B, 0x61, 0xE7, 0x5B, 0xF0, 0xB7, 0xF0, 0x6E, 0x44, 0x2D, 0xF8, 0x3B, 0x76, 0x5E,
    0xBB, 0xD7, 0x70, 0x89, 0xAF, 0x73, 0x4D, 0x70, 0x74, 0x06, 0x4D, 0x1C, 0x9D, 0x23, 0x60, 0x74,
    0xE9, 0x39, 0x75, 0x86, 0x7E, 0x41, 0xD6, 0xBE, 0x27, 0xCF, 0x7A, 0xF3, 0x6B, 0x82, 0x80, 0xB1,
    0x18, 0xDA, 0x84, 0xC4, 0x94, 0xD0, 0xCE, 0xCE, 0x15, 0x1A, 0x10, 0x78, 0x6B, 0x31, 0x22, 0x6C,
    0x4A, 0x43, 0xC2, 0x91, 0x68, 0x4C, 0xD8, 0x1D, 0x0D, 0x4A, 0xD0, 0x68, 0x48, 0x27, 0x7C, 0x32,
    0xFA, 0xA3, 0xE2, 0xC2, 0xB8, 0xA4, 0xCE, 0xC4, 0x0A, 0x9F, 0x30, 0x32, 0xC7, 0x6A, 0xE0, 0x94,
    0x4F, 0x53, 0xF8, 0x9D, 0x7F, 0x83, 0x06, 0x27, 0x68, 0xE2, 0x8E, 0x46, 0x27, 0xAA, 0x93, 0x8E,
    0x86, 0x27, 0xCE, 0xB3, 0x8E, 0xC6, 0x27, 0x35, 0xFF, 0xED, 0x68, 0x80, 0x16, 0xFE, 0x5F, 0x84,
    0x9C, 0xE3, 0xE0, 0x47, 0x82, 0xFB, 0x58, 0x7C, 0xB3, 0xDF, 0xBD, 0x22, 0x38, 0x68, 0xF6, 0x04,
    0x47, 0xB5, 0x06, 0x4E, 0x71, 0x7E, 0x70, 0x78, 0xF7, 0xBA, 0xF0, 0xA9, 0x3E, 0xDC, 0xE1, 0x63,
    0x87, 0x7B, 0x17, 0x6B, 0xD0, 0x2D, 0xEC, 0xE8, 0x8A, 0x43, 0x2C, 0x64, 0xA8, 0x3B, 0xD1, 0xA0,
    0xD8, 0xEF, 0xD7, 0x0C, 0x32, 0x4C, 0x3E, 0x74, 0x5F, 0x94, 0x75, 0xFE, 0x44, 0x9D, 0x58, 0xA1,
    0x60, 0xC2, 0x68, 0x68, 0xCA, 0x90, 0x3C, 0xAB, 0x35, 0x3E, 0xAB, 0x54, 0x15, 0xAE, 0x70, 0x5A,
    0xF1, 0x19, 0xB3, 0x12, 0x0C, 0x35, 0xC1, 0x10, 0x4C, 0x55, 0x2F, 0xE1, 0x97, 0x08, 0xF6, 0x97,
    0xDA, 0xB5, 0x55, 0x94, 0xE9, 0x5D, 0x89, 0xBF, 0xD4, 0xAA, 0x1B, 0xA7, 0x54, 0x0F, 0xFC, 0xA8,
    0x4F, 0x16, 0x83, 0x6D, 0x64, 0x7C, 0xE3, 0x96, 0x14, 0x88, 0xAA, 0x84, 0xA9, 0x58, 0x7B, 0x4B,
    0x52, 0xE9, 0x6D, 0x91, 0xC8, 0xDC, 0x6C, 0xC5, 0x2A, 0xC1, 0x48, 0x05, 0x18, 0x48, 0x20, 0xDE,
    0x71, 0xD9, 0xC0, 0x0F, 0x49, 0x6F, 0x98, 0xC3, 0x49, 0x16, 0x81, 0x10, 0x85, 0x15, 0x48, 0x66,
    0x10, 0x42, 0x33, 0xB6, 0x4E, 0x15, 0x2D, 0x98, 0x20, 0xC8, 0x3A, 0x60, 0x6F, 0x47, 0x2A, 0x06,
    0xAA, 0xFC, 0x52, 0x84, 0x82, 0xDE, 0x48, 0x7A, 0x30, 0x8A, 0x98, 0x61, 0xCF, 0x0F, 0xA7, 0xD2,
    0x1C, 0xDA, 0xDB, 0x7C, 0xD7, 0x4A, 0xF4, 0xE0, 0xBF, 0xA5, 0x84, 0xAA, 0x74, 0x63, 0x5D, 0x43,
    0x1A, 0xDA, 0x9A, 0x37, 0x94, 0x3F, 0xC7, 0x7B, 0xFE, 0xD4, 0x30, 0xED, 0x78, 0x76, 0x54, 0xC7,
    0xAA, 0x78, 0xE9, 0x4F, 0x84, 0xCE, 0x6B, 0x3A, 0xD5, 0xBD, 0x4E, 0x75, 0xBE, 0x16, 0xEB, 0x9E,
    0x73, 0xA6, 0x3F, 0xE7, 0xD4, 0xBB, 0x8D, 0x25, 0x8F, 0x18, 0x19, 0xA0, 0x04, 0x3F, 0xB4, 0x62,
    0x65, 0xF3, 0xB4, 0x7F, 0xCA, 0xF4, 0xFA, 0xC8, 0x93, 0xD1, 0x27, 0x19, 0x7D, 0x46, 0xA3, 0x64,
    0xBC, 0xE2, 0x3A, 0x9F, 0xB2, 0x55, 0xAC, 0x3F, 0xA1, 0x52, 0x9D, 0xBC, 0xA7, 0x04, 0x4A, 0x34,
    0x8B, 0x20, 0xA1, 0x53, 0x24, 0xDF, 0x16, 0xE2, 0xD7, 0x91, 0x0F, 0xD6, 0x6B, 0x2F, 0x9C, 0x37,
    0x6E, 0x19, 0x51, 0xCA, 0xA2, 0x95, 0x0B, 0x92, 0x19, 0x1E, 0x22, 0x70, 0x94, 0x2A, 0x05, 0xC8,
    0x95, 0x50, 0x65, 0x13, 0x17, 0x2C, 0x00, 0x98, 0x2D, 0x5E, 0x90, 0x87, 0x23, 0x5C, 0x04, 0xBC,
    0xD3, 0x29, 0x4B, 0xA0, 0xD8, 0x5D, 0x04, 0xB5, 0xBB, 0x88, 0x4A, 0x77, 0x91, 0x18, 0x77, 0xB1,
    0x20, 0xD1, 0x9D, 0x44, 0x1A, 0xEE, 0xA2, 0x77, 0x8F, 0x40, 0xAA, 0x5E, 0x04, 0xCA, 0x95, 0x26,
    0x62, 0x72, 0x01, 0x5F, 0xAB, 0x8F, 0x12, 0xE3, 0x2E, 0x16, 0x7A, 0x71, 0x83, 0x0E, 0x8F, 0x17,
    0x1D, 0xF9, 0x95, 0x0B, 0xFA, 0x6B, 0xF8, 0x29, 0xBF, 0x0B, 0xF5, 0x22, 0xEA, 0xAA, 0xA9, 0x7C,
    0x86, 0x7C, 0x75, 0xE8, 0x2D, 0x91, 0x0B, 0x97, 0xE7, 0x54, 0x60, 0x35, 0xA1, 0x04, 0xAA, 0x32,
    0x1C, 0x21, 0x6C, 0x6F, 0x0A, 0xD1, 0xCB, 0x44, 0x21, 0xBE, 0x4D, 0x77, 0xF7, 0x5D, 0xFA, 0x3B,
    0x71, 0x7A, 0x2A, 0x0B, 0x99, 0x47, 0xFB, 0x7E, 0x40, 0x9E, 0x56, 0x12, 0xD5, 0xAD, 0x5E, 0x63,
    0x2F, 0x26, 0x11, 0xC7, 0x8D, 0x99, 0xFD, 0x14, 0xF5, 0x62, 0xDB, 0xD8, 0xE6, 0xE2, 0xC0, 0xFC,
    0xA5, 0x47, 0xAE, 0x4C, 0x61, 0x27, 0xCC, 0xB7, 0xE2, 0xEB, 0x73, 0x29, 0x41, 0x6B, 0x47, 0xE3,
    0x5C, 0x40, 0x62, 0x65, 0x81, 0x55, 0x09, 0x04, 0x19, 0x68, 0xFB, 0x9C, 0xE4, 0x52, 0xAA, 0x34,
    0xBA, 0xF8, 0xA4, 0x91, 0x0B, 0x1F, 0x35, 0xF8, 0x32, 0xDE, 0x4A, 0x81, 0x91, 0x21, 0xA1, 0x50,
    0xA1, 0xD0, 0xB7, 0x86, 0x61, 0x8D, 0x15, 0xE1, 0xAD, 0xE0, 0x2B, 0x02, 0x5F, 0x98, 0xDD, 0xF4,
    0xFB, 0x42, 0x99, 0x09, 0x55, 0x8E, 0x0F, 0x68, 0x39, 0x43, 0x9F, 0x89, 0x0F, 0x55, 0xC6, 0x4A,
    0x2C, 0x66, 0xA9, 0xBC, 0xC8, 0x82, 0x10, 0x74, 0xEF, 0xDA, 0x39, 0xFD, 0x13, 0x5D, 0x3B, 0x10,
    0x9A, 0xA7, 0x39, 0x46, 0x41, 0x6B, 0x59, 0x52, 0xA2, 0x75, 0x1A, 0x56, 0xAD, 0x39, 0x8D, 0xF3,
    0xC0, 0xD1, 0xE5, 0x72, 0x95, 0xC1, 0x19, 0x51, 0xB6, 0xE0, 0xDF, 0xE4, 0x2B, 0x6A, 0xDE, 0x10,
    0x15, 0x66, 0xC4, 0xBF, 0x71, 0x32, 0x49, 0xE7, 0x80, 0xA3, 0x38, 0xA7, 0x7A, 0xA5, 0x75, 0xB5,
    0x82, 0x49, 0x5D, 0x88, 0xA2, 0x6D, 0x9C, 0xB6, 0xF9, 0x9F, 0x7C, 0x5E, 0x5E, 0xCF, 0xB9, 0x32,
    0x91, 0x4A, 0xD0, 0x24, 0x2E, 0x85, 0xAA, 0x0D, 0xA5, 0x7C, 0xC4, 0x9F, 0x6F, 0xA5, 0x93, 0xC7,
    0xF8, 0x43, 0x0F, 0xBB, 0xF6, 0x1F, 0x52, 0xA8, 0x7E, 0x8B, 0x06, 0x18, 0x23, 0xA5, 0x25, 0x57,
    0x67, 0xEF, 0x02, 0xBE, 0x27, 0x3F, 0xD0, 0x01, 0xAF, 0x43, 0x5B, 0xC7, 0x7F, 0x6D, 0x53, 0xAF,
    0xDF, 0x37, 0xFB, 0xCF, 0x0A, 0x4B, 0x4F, 0x7C, 0xA0, 0xB9, 0x66, 0x39, 0xAC, 0xD7, 0x2C, 0x9F,
    0xF8, 0x28, 0x50, 0x9E, 0x7F, 0x3A, 0x4D, 0x6A, 0x69, 0xF9, 0xCC, 0xF3, 0x93, 0xCE, 0xAF, 0x53,
    0x85, 0xB4, 0x15, 0x44, 0x13, 0x68, 0x35, 0x91, 0xB1, 0xE2, 0xE2, 0x44, 0x05, 0x54, 0xDF, 0x68,
    0x4B, 0xAC, 0x99, 0xFB, 0xC6, 0xA7, 0xA2, 0xCD, 0x5F, 0xA1, 0xD3, 0xCF, 0xD6, 0x90, 0xA7, 0xC8,
    0x9F, 0xD6, 0xFB, 0x74, 0x23, 0x30, 0x05, 0x3A, 0x19, 0x1D, 0x55, 0x3C, 0x50, 0x46, 0xFF, 0x4E,
    0xDD, 0x92, 0x64, 0xCB, 0x4E, 0x32, 0xBD, 0x17, 0x35, 0x14, 0xAA, 0xFA, 0x90, 0xF9, 0xA1, 0x9D,
    0x18, 0x1C, 0xFA, 0x4D, 0x35, 0x89, 0x57, 0x4C, 0x96, 0xF7, 0x47, 0xFE, 0xC5, 0x48, 0x2F, 0xDE,
    0x17, 0x56, 0x90, 0x4F, 0xA5, 0xE7, 0xE8, 0xEA, 0xCD, 0x69, 0x3B, 0x88, 0x96, 0x82, 0xFE, 0x3B,
    0x0A, 0xFA, 0xB7, 0x15, 0xD4, 0xC3, 0xD3, 0x10, 0xA1, 0x16, 0x48, 0x04, 0x1F, 0x43, 0x14, 0x2F,
    0x05, 0x81, 0x74, 0x22, 0xF0, 0x43, 0x04, 0xC9, 0x09, 0xCA, 0x6A, 0x41, 0x49, 0x27, 0x28, 0xEE,
    0x05, 0x05, 0x83, 0x20, 0xDF, 0x0A, 0x32, 0x56, 0x12, 0x65, 0x93, 0x0D, 0x82, 0x52, 0x45, 0xDC,
    0x12, 0xD0, 0xE4, 0x71, 0x17, 0x85, 0x15, 0x38, 0xA4, 0x8A, 0x94, 0xE1, 0xD9, 0xC5, 0x9B, 0x62,
    0xB4, 0xD5, 0x03, 0x69, 0xCC, 0x93, 0xAD, 0x65, 0x79, 0x1A, 0x2F, 0xAD, 0xFD, 0xF8, 0x22, 0xA4,
    0x54, 0x24, 0x86, 0xD2, 0xDF, 0x24, 0xAF, 0x16, 0x25, 0x73, 0xA5, 0xA4, 0x61, 0x7A, 0x1F, 0x77,
    0xF4, 0x98, 0x61, 0x4F, 0xE7, 0x19, 0x0C, 0x74, 0xBA, 0xC1, 0x40, 0x97, 0xEA, 0x8F, 0xF4, 0xAE,
    0xFE, 0x48, 0x47, 0xEB, 0x4F, 0x52, 0x44, 0x7F, 0x00, 0xFA, 0x93, 0xB6, 0xD1, 0xF6, 0xFA, 0xAE,
    0xF6, 0xC3, 0xB8, 0x20, 0xEC, 0x13, 0xE9, 0x9F, 0xA1, 0x51, 0xD2, 0x70, 0x5C, 0x84, 0x63, 0x36,
    0xA7, 0xAA, 0x64, 0x53, 0xB5, 0x34, 0xCE, 0x17, 0x9B, 0x0B, 0x57, 0x84, 0x52, 0x35, 0xE1, 0xBA,
    0x17, 0x21, 0x8C, 0xC9, 0xB6, 0x8E, 0x16, 0x71, 0x9C, 0x97, 0xDD, 0x38, 0x87, 0x7C, 0x3D, 0x23,
    0x15, 0x61, 0x4D, 0x4E, 0x32, 0x8D, 0x33, 0xAE, 0x91, 0xFE, 0x9E, 0xBB, 0x4F, 0x28, 0x2D, 0xD5,
    0x12, 0x3C, 0xE4, 0xE7, 0x8D, 0x2F, 0xEF, 0xA7, 0x12, 0x36, 0x58, 0x56, 0x78, 0x12, 0xFB, 0x4E,
    0xC7, 0xB8, 0x9A, 0xD6, 0xE3, 0x2B, 0x9E, 0xD6, 0x22, 0x36, 0xCE, 0xDD, 0x4C, 0x05, 0x0D, 0xCB,
    0x57, 0x11, 0xF6, 0x41, 0x08, 0x85, 0xA4, 0x4E, 0x16, 0x55, 0xEE, 0x9D, 0xDB, 0x35, 0x65, 0xCC,
    0xE7, 0x11, 0x03, 0x6B, 0x75, 0x17, 0xBC, 0x30, 0x2B, 0xA1, 0x13, 0x1E, 0xC8, 0x57, 0xC6, 0x70,
    0x22, 0x96, 0xDC, 0xB9, 0x9F, 0xAF, 0xE4, 0x1E, 0x9F, 0x4A, 0x3B, 0x79, 0x43, 0xDE, 0x7D, 0xD9,
    0x98, 0x4F, 0x9F, 0xF0, 0xEF, 0x89, 0xB6, 0x86, 0x34, 0xC8, 0xD3, 0x37, 0x44, 0x10, 0xD3, 0x9A,
    0x20, 0x2A, 0x11, 0x84, 0xA5, 0x20, 0xFC, 0xBF, 0x51, 0x10, 0xE1, 0x1F, 0x29, 0x88, 0xF8, 0x55,
    0x0A, 0x22, 0x11, 0x41, 0x2C, 0x44, 0x10, 0x7B, 0x22, 0x88, 0x8E, 0x82, 0xF0, 0x5B, 0x32, 0x1F,
    0xD4, 0x84, 0x51, 0x49, 0x18, 0x8B, 0x20, 0x16, 0x22, 0x88, 0x7D, 0x11, 0x04, 0x0D, 0x67, 0x76,
    0xAB, 0xA3, 0x20, 0x7E, 0x5F, 0x53, 0x10, 0xEF, 0x96, 0x14, 0x84, 0x15, 0x41, 0x4C, 0x6B, 0x82,
    0xB0, 0x14, 0x84, 0xF7, 0x1F, 0x0A, 0x22, 0x68, 0x28, 0x08, 0xDF, 0xAD, 0xAE, 0xD7, 0x15, 0x67,
    0x9A, 0x16, 0xC5, 0xED, 0xA9, 0xB2, 0x98, 0xF3, 0x13, 0x1A, 0xFC, 0xAE, 0x5B, 0x1A, 0xF8, 0x5A,
    0xA4, 0x0E, 0xBD, 0x43, 0x52, 0xB7, 0x54, 0x9F, 0xC7, 0x44, 0xE8, 0xE3, 0x40, 0x47, 0x5A, 0x0D,
    0x5C, 0x4A, 0x8A, 0xC4, 0x6C, 0x13, 0x0E, 0x89, 0x5C, 0x24, 0x77, 0x24, 0x1D, 0x63, 0x0A, 0xA7,
    0x1B, 0x3E, 0xBD, 0x16, 0x5B, 0x9D, 0xD2, 0x6A, 0xC1, 0x28, 0xEC, 0xD7, 0x99, 0x4F, 0xCB, 0xB5,
    0x4C, 0xC6, 0xD5, 0x4F, 0xD7, 0x2B, 0x0B, 0x4F, 0x09, 0xEF, 0x07, 0xAA, 0xB6, 0x6A, 0x99, 0x02,
    0x2D, 0xB2, 0x47, 0x7F, 0x97, 0x89, 0x4F, 0xF2, 0xA5, 0x4E, 0xFB, 0x42, 0x93, 0x9E, 0x8D, 0xA7,
    0x8C, 0xF7, 0x4D, 0xDD, 0xDD, 0xC8, 0xF2, 0x49, 0x2B, 0xC2, 0x8A, 0x34, 0xD7, 0xDD, 0x38, 0x5D,
    0x19, 0x7C, 0x8A, 0x26, 0x5C, 0xA3, 0x24, 0x97, 0xB4, 0xCF, 0x75, 0x10, 0x8D, 0x93, 0xDC, 0x6E,
    0x81, 0xF7, 0x60, 0x45, 0x18, 0xFB, 0x75, 0x38, 0x23, 0x91, 0x3B, 0x14, 0x58, 0xAD, 0x20, 0x30,
    0x1E, 0x6D, 0xA5, 0xCA, 0x40, 0x57, 0x9D, 0x69, 0x69, 0x06, 0x46, 0x38, 0xD1, 0xFE, 0xA9, 0x36,
    0xA1, 0x84, 0x80, 0x8C, 0xD2, 0x84, 0x08, 0xAB, 0x41, 0x58, 0xF5, 0xAA, 0x0C, 0x9B, 0xFD, 0x58,
    0x6B, 0x50, 0x7F, 0x53, 0x8A, 0xB4, 0x36, 0x17, 0x0E, 0xE6, 0x24, 0xF7, 0xFE, 0x28, 0x48, 0xDF,
    0x8B, 0x04, 0xF9, 0x95, 0xBD, 0xA9, 0xB5, 0x1B, 0x4A, 0x87, 0x36, 0xD8, 0x41, 0x5F, 0xAB, 0xC1,
    0xA7, 0x92, 0xB5, 0x1D, 0x57, 0x6B, 0xCA, 0x79, 0x5D, 0x49, 0x24, 0x1F, 0x49, 0x98, 0xED, 0x02,
    0xF8, 0x0F, 0xF1, 0xA7, 0x31, 0xBE, 0xC6, 0xE8, 0x62, 0xE2, 0x0F, 0x34, 0x61, 0xBC, 0xF3, 0xB0,
    0xF4, 0x50, 0x69, 0xD8, 0x95, 0xC4, 0xA2, 0xB2, 0x1A, 0xA8, 0x5E, 0xFC, 0x85, 0xAC, 0x42, 0x39,
    0xFF, 0xD1, 0x87, 0x5A, 0x3D, 0x1A, 0xA5, 0x52, 0x5F, 0xCC, 0x9B, 0x90, 0x95, 0x7C, 0xAD, 0xC4,
    0x9A, 0x0B, 0x4C, 0x2D, 0xC2, 0x8B, 0xF2, 0x39, 0x64, 0x12, 0xD8, 0x31, 0xAE, 0xA4, 0x50, 0x53,
    0x49, 0x15, 0xA6, 0x12, 0xC3, 0x3D, 0x5F, 0xCB, 0x7D, 0xCF, 0xCA, 0x46, 0x89, 0x24, 0x07, 0xF0,
    0x4A, 0x72, 0x7E, 0x06, 0x24, 0xA2, 0x9F, 0xA2, 0x23, 0x04, 0xD1, 0x95, 0x88, 0xB2, 0x0A, 0x4A,
    0x04, 0x97, 0x55, 0x28, 0x30, 0xE2, 0xC1, 0x22, 0x1B, 0xB6, 0x61, 0xF7, 0x92, 0x0D, 0xC6, 0xDD,
    0x26, 0x63, 0xD6, 0x32, 0x6F, 0xCA, 0x8B, 0xE5, 0x90, 0x4A, 0x94, 0x28, 0x91, 0x94, 0x49, 0xBC,
    0xDE, 0x1D, 0x19, 0x5A, 0x73, 0x13, 0xA2, 0x78, 0x15, 0x02, 0xA0, 0x60, 0xFA, 0xCE, 0x40, 0x23,
    0x3B, 0xB2, 0x22, 0x58, 0x31, 0x7A, 0xE5, 0xAE, 0x0D, 0xB9, 0x33, 0x2B, 0x70, 0xE1, 0xC0, 0xCA,
    0x69, 0x1C, 0x13, 0xDD, 0xC1, 0x57, 0xE8, 0x52, 0x41, 0xBD, 0x2A, 0x94, 0xE7, 0x19, 0xE0, 0x28,
    0x4C, 0x8D, 0x84, 0x27, 0x69, 0x13, 0x1C, 0x85, 0xB1, 0x43, 0x76, 0xDB, 0xB7, 0x5D, 0xBA, 0x34,
    0x97, 0x4E, 0x8C, 0xB9, 0xEC, 0x77, 0x48, 0x4D, 0x53, 0xF6, 0x3A, 0xDE, 0x58, 0xED, 0x73, 0xE4,
    0x1F, 0x0F, 0x55, 0xDE, 0x5B, 0xA2, 0x8D, 0xF3, 0x76, 0x84, 0x6C, 0x46, 0x6C, 0x07, 0x9D, 0xDB,
    0x88, 0x38, 0x59, 0x68, 0x67, 0x4B, 0xD5, 0xE7, 0xE6, 0x1D, 0x03, 0x9F, 0x3B, 0xB7, 0xC1, 0x2D,
    0x58, 0xB6, 0xC0, 0xED, 0x15, 0xE4, 0x1F, 0x0B, 0x41, 0x47, 0x2C, 0x97, 0x8E, 0xD0, 0x42, 0x8F,
    0xC0, 0x0C, 0xD4, 0xE0, 0xFB, 0xCA, 0xF9, 0x67, 0xAC, 0x4D, 0xAF, 0x49, 0x24, 0x4F, 0xB3, 0xF6,
    0x2D, 0x68, 0x13, 0x0F, 0xF9, 0x60, 0x67, 0x76, 0x06, 0xE9, 0xD7, 0x5B, 0xF7, 0x74, 0xDE, 0x5D,
    0x3C, 0x73, 0xBD, 0xDA, 0x31, 0xDE, 0x55, 0x1D, 0x90, 0x1B, 0x9D, 0x18, 0x73, 0xB2, 0x87, 0x3D,
    0x87, 0x85, 0x87, 0x1A, 0x64, 0x64, 0x16, 0xEC, 0x39, 0x78, 0xED, 0xC6, 0xD7, 0x92, 0x3D, 0x81,
    0xEC, 0x00, 0x28, 0x06, 0x21, 0x2C, 0x47, 0x79, 0x56, 0x4B, 0xEE, 0x24, 0x47, 0x4E, 0x06, 0xB6,
    0x4A, 0x2A, 0x89, 0xCA, 0x75, 0xD7, 0x54, 0x4A, 0xCA, 0xC4, 0xB5, 0x62, 0x18, 0x11, 0x8F, 0x04,
    0xBE, 0x87, 0x98, 0x98, 0x34, 0xFE, 0x71, 0xC4, 0xF9, 0x06, 0x6C, 0x08, 0x78, 0x3C, 0x0A, 0xE8,
    0xC3, 0xFC, 0xCA, 0xC6, 0x3D, 0x89, 0x25, 0x9D, 0x3C, 0x11, 0x87, 0x3A, 0x77, 0x38, 0xED, 0xF6,
    0x71, 0xCB, 0xB0, 0xDD, 0x1F, 0xB2, 0xDC, 0x5B, 0xE2, 0x60, 0xC1, 0xF5, 0xCA, 0x99, 0xC7, 0x69,
    0xED, 0xE3, 0x8A, 0x21, 0x7A, 0x50, 0x26, 0x97, 0xF1, 0x36, 0x10, 0x35, 0xBF, 0x1C, 0xDF, 0xF1,
    0x06, 0xD9, 0x39, 0x17, 0xA6, 0xD1, 0x7F, 0x70, 0x5B, 0x0B, 0x25, 0xB2, 0xDC, 0x19, 0xB9, 0xF1,
    0x60, 0x23, 0x2D, 0x27, 0x83, 0x5F, 0xD4, 0x13, 0x7E, 0xB9, 0x32, 0xBE, 0x62, 0x0F, 0x92, 0x7A,
    0x95, 0x3D, 0xF7, 0xA7, 0x0A, 0xBA, 0x92, 0x1B, 0x70, 0xAB, 0x3A, 0x98, 0x0E, 0xC1, 0x50, 0x0B,
    0x2D, 0x4C, 0x79, 0xC2, 0x12, 0x6F, 0x4D, 0xEC, 0xCF, 0x92, 0x94, 0x4A, 0x6A, 0x2E, 0xB2, 0x3B,
    0xE1, 0xC0, 0xAA, 0x77, 0x75, 0xB8, 0xAB, 0x64, 0x1D, 0x72, 0xDB, 0xA0, 0x10, 0x5F, 0xC0, 0x04,
    0x7B, 0x14, 0x07, 0xED, 0xAF, 0xEC, 0x48, 0xCB, 0xAC, 0x69, 0x02, 0x9C, 0xAE, 0xCC, 0xD4, 0x38,
    0x5B, 0x50, 0x1E, 0x70, 0x5C, 0xAB, 0x9B, 0x9F, 0x2D, 0x55, 0x42, 0x94, 0xD4, 0x86, 0x32, 0x39,
    0x6D, 0xC6, 0x53, 0x23, 0x7D, 0x4C, 0x39, 0x43, 0xD2, 0x6B, 0xF9, 0xF8, 0x99, 0x52, 0xE5, 0xB7,
    0xC8, 0x40, 0xC3, 0x1E, 0x1B, 0xD8, 0x00, 0x2C, 0x97, 0x32, 0x4D, 0xBB, 0x2F, 0xFB, 0x3C, 0x53,
    0x82, 0x50, 0x92, 0xC1, 0xC4, 0x61, 0x81, 0xF1, 0xE0, 0xC2, 0xB1, 0x1C, 0x08, 0xF3, 0x56, 0xC1,
    0x12, 0xCE, 0xC7, 0x6A, 0x61, 0xEE, 0x43, 0xFF, 0xD9, 0xFC, 0x25, 0x7B, 0x27, 0x43, 0x30, 0x00,
    0x4B, 0x12, 0xC8, 0xC2, 0x05, 0x83, 0xA9, 0xB8, 0xD2, 0x67, 0x9F, 0x44, 0xB7, 0x52, 0x95, 0x0D,
    0xB4, 0x2A, 0xFB, 0xD5, 0x93, 0xAA, 0xEC, 0x63, 0x76, 0x7B, 0x52, 0x83, 0xF5, 0x4E, 0x9D, 0x1B,
    0x7D, 0x2C, 0x52, 0x73, 0x6E, 0x47, 0x2C, 0x99, 0x57, 0xDB, 0x37, 0x79, 0x40, 0x44, 0x8E, 0xCB,
    0x59, 0xB1, 0xC3, 0x8C, 0x32, 0xBF, 0x81, 0x65, 0xFB, 0x7D, 0xDD, 0x6C, 0x92, 0x50, 0x0F, 0x15,
    0xA3, 0x14, 0xC7, 0x87, 0x7D, 0xB1, 0x5B, 0xFD, 0x45, 0xCB, 0xCD, 0x3E, 0x1C, 0xE4, 0x2A, 0x11,
    0x0D, 0xF3, 0xDC, 0x4F, 0x53, 0xD1, 0x8C, 0xB1, 0x64, 0xDA, 0x4E, 0xA7, 0x40, 0xC3, 0x7B, 0xF2,
    0x94, 0x9B, 0x07, 0x09, 0x8F, 0x7E, 0x65, 0xDC, 0x1F, 0x2C, 0x98, 0x00, 0x8E, 0xD4, 0xA1, 0xD5,
    0x74, 0x5F, 0x59, 0x1D, 0x1B, 0xC4, 0xC1, 0x5B, 0xC6, 0xD9, 0xF6, 0x4F, 0x20, 0x62, 0x4B, 0x76,
    0x59, 0xBF, 0xEF, 0x22, 0xCA, 0x75, 0x17, 0x05, 0xF5, 0xB0, 0x7D, 0x86, 0x57, 0x77, 0x97, 0x2C,
    0x1B, 0x07, 0x77, 0x9B, 0x84, 0x35, 0x4D, 0x86, 0x57, 0x30, 0x52, 0x3C, 0xC6, 0x3C, 0x0A, 0x1C,
    0xB8, 0xBB, 0xF6, 0x38, 0x30, 0xE0, 0x2E, 0x21, 0x36, 0x4F, 0x5B, 0xCF, 0xB6, 0x30, 0x87, 0x1E,
    0xFE, 0xD6, 0x2C, 0xDD, 0xEA, 0x58, 0xB7, 0xE6, 0xF1, 0xBF, 0x39, 0x65, 0xE9, 0x9C, 0xDB, 0xE0,
    0x89, 0x9A, 0x43, 0xEE, 0x0B, 0xA0, 0x1F, 0x61, 0x5E, 0xC4, 0x50, 0xB8, 0x8D, 0x95, 0x44, 0x85,
    0x74, 0x5A, 0x70, 0x2A, 0xCC, 0x95, 0xF4, 0x44, 0xCA, 0x22, 0x6F, 0x27, 0xBD, 0x0E, 0x5D, 0x49,
    0xA7, 0x90, 0xDE, 0xF5, 0xD9, 0xD2, 0x49, 0xD6, 0x21, 0x39, 0x87, 0x04, 0x8B, 0xD9, 0x9C, 0x6D,
    0xE8, 0xB6, 0x75, 0xFE, 0xF1, 0x50, 0xE5, 0xDF, 0x9C, 0x13, 0x86, 0x84, 0x12, 0xCB, 0xE8, 0x38,
    0x06, 0x9C, 0xA8, 0x42, 0xC9, 0xA5, 0x5B, 0x17, 0xD6, 0xD9, 0x52, 0xB5, 0x23, 0x29, 0x42, 0xFD,
    0x02, 0x02, 0xF4, 0xE5, 0xBE, 0x89, 0xE8, 0x43, 0x3F, 0x6D, 0x8A, 0x76, 0xDD, 0x23, 0x9C, 0x2D,
    0x41, 0x3D, 0xEC, 0xBE, 0x3F, 0x44, 0x2C, 0x2F, 0xD1, 0xDE, 0x2D, 0xC3, 0xEE, 0x81, 0xF3, 0x42,
    0x67, 0x4B, 0x90, 0xAC, 0x45, 0x51, 0x6A, 0x29, 0xD9, 0xC8, 0xD5, 0x43, 0x8E, 0xF5, 0x9E, 0x3A,
    0x8B, 0x7D, 0xF0, 0xE0, 0xA1, 0x90, 0xFC, 0x54, 0x2F, 0x02, 0xFC, 0x1B, 0x9A, 0x43, 0x20, 0x9F,
    0xBE, 0x8A, 0xFF, 0x10, 0xA9, 0xEC, 0x7B, 0x1C, 0x7C, 0x5C, 0x71, 0x84, 0x58, 0x0C, 0x56, 0x14,
    0x1C, 0x85, 0xEF, 0x81, 0xA3, 0x98, 0x1C, 0x6D, 0x92, 0xA3, 0x7D, 0x32, 0x03, 0xC7, 0x34, 0xF9,
    0x2D, 0x98, 0x09, 0x70, 0x5C, 0xDC, 0x46, 0x39, 0x38, 0x4A, 0xC8, 0xD1, 0x16, 0x39, 0x5A, 0x92,
    0xA3, 0x6E, 0xE6, 0x28, 0x14, 0x31, 0x55, 0xE0, 0x68, 0x93, 0x1C, 0x7D, 0xC1, 0x9C, 0x94, 0xC3,
    0xF5, 0xA8, 0x96, 0x9E, 0xE0, 0x97, 0xD3, 0xC7, 0xEE, 0xF0, 0xA2, 0x9E, 0x72, 0xB8, 0xFF, 0x9C,
    0x16, 0x4A, 0x9B, 0xB4, 0xB6, 0x2F, 0x4D, 0x34, 0xB8, 0x6E, 0xA7, 0xE9, 0x49, 0xC1, 0x4A, 0xB6,
    0xA0, 0x0A, 0x49, 0xF7, 0xB3, 0x26, 0x29, 0xE4, 0xFF, 0x0C, 0x8A, 0x7F, 0x40, 0x2F, 0x3B, 0x56,
    0xEB, 0x35, 0x40, 0x9E, 0xF7, 0x26, 0xCA, 0x0F, 0xB7, 0x37, 0xF1, 0x89, 0xA0, 0x79, 0x7D, 0xDF,
    0xA1, 0xD0, 0x7D, 0x87, 0xDF, 0xC9, 0xE9, 0xC6, 0xF4, 0xA1, 0xFB, 0x0E, 0x9F, 0x04, 0x9A, 0x83,
    0x76, 0xBD, 0x02, 0x9F, 0x3C, 0xA2, 0x02, 0xFF, 0xC9, 0xD0, 0x8A, 0x83, 0x93, 0x32, 0x8B, 0xAA,
    0xB2, 0x1A, 0x0D, 0xDD, 0x89, 0xDB, 0x7C, 0x18, 0xC9, 0x88, 0xC6, 0xF0, 0x0F, 0x3F, 0xF5, 0xAE,
    0x2D, 0x9F, 0x87, 0x23, 0x1F, 0xE8, 0xDD, 0x59, 0xBA, 0x58, 0xCA, 0xFB, 0x4C, 0x0B, 0xE5, 0xEC,
    0xAB, 0x95, 0x70, 0x1F, 0x07, 0xB0, 0x19, 0x0A, 0x94, 0x94, 0x49, 0x5A, 0x53, 0xC9, 0xE2, 0x86,
    0x45, 0xA7, 0xA8, 0xDB, 0x94, 0x95, 0xBC, 0x90, 0xB2, 0xD0, 0xBE, 0x1C, 0x5F, 0x91, 0x83, 0x7E,
    0xA3, 0x8C, 0x2E, 0x07, 0xD8, 0x59, 0x25, 0x5B, 0x15, 0xBE, 0x12, 0x85, 0xF9, 0xC9, 0x2A, 0xDB,
    0x3E, 0x29, 0x84, 0x79, 0xCB, 0x13, 0xC2, 0x77, 0xE5, 0xE8, 0x8C, 0xB8, 0x7A, 0xFC, 0x27, 0x06,
    0xD5, 0x5E, 0x1C, 0x6D, 0x31, 0xAD, 0x9D, 0xB3, 0xFA, 0x20, 0x48, 0xD3, 0x35, 0xC5, 0x0C, 0x67,
    0xA6, 0x82, 0x75, 0xA9, 0xA9, 0xE7, 0x09, 0x73, 0x2B, 0x47, 0xA9, 0xD0, 0xB3, 0x1C, 0xCD, 0xD7,
    0x84, 0x8F, 0x70, 0x92, 0x08, 0x74, 0x12, 0x4A, 0x1F, 0x0A, 0xB3, 0x7A, 0xAD, 0x7D, 0xCE, 0x0D,
    0xE9, 0x6A, 0xEE, 0x4D, 0x7B, 0xC6, 0xE6, 0x35, 0x0F, 0x10, 0x25, 0xBA, 0x8D, 0x7B, 0xF5, 0x83,
    0x28, 0xF4, 0x64, 0xB6, 0x52, 0x7B, 0x5B, 0x8A, 0x65, 0x83, 0x1E, 0x98, 0xD2, 0x7F, 0xAC, 0x62,
    0x28, 0x81, 0xFF, 0x76, 0x21, 0xD4, 0x23, 0xF2, 0x0F, 0x2C, 0xE9, 0x73, 0x38, 0x83, 0xFF, 0x03,
    0xDD, 0x5C, 0x3D, 0x8C, 0x1C, 0x57, 0x72, 0x7E, 0xDD, 0xB3, 0xDC, 0x39, 0x73, 0x60, 0x37, 0x03,
    0x31, 0x11, 0x71, 0xEA, 0xC4, 0x81, 0x70, 0xA2, 0xD8, 0xA9, 0x82, 0xDD, 0xED, 0xB6, 0x0D, 0x38,
    0x35, 0x03, 0xAE, 0x2F, 0x50, 0x60, 0x07, 0x36, 0x60, 0xD3, 0x30, 0x36, 0x51, 0xA0, 0x60, 0xBD,
    0x3D, 0x38, 0x03, 0x4E, 0x1C, 0x98, 0x81, 0x71, 0x0E, 0xCD, 0x40, 0x81, 0xB8, 0x89, 0x68, 0x40,
    0x81, 0x02, 0x72, 0x7B, 0x74, 0x17, 0x5E, 0xE0, 0x31, 0x8C, 0xC3, 0x05, 0x0E, 0x6E, 0x0C, 0x50,
    0x80, 0x7C, 0x07, 0x43, 0x6D, 0x60, 0x04, 0x0F, 0x75, 0x3D, 0xFD, 0xFC, 0x7D, 0x5F, 0xBD, 0x9E,
    0x9F, 0x5D, 0x4A, 0x26, 0xB9, 0xBB, 0xE4, 0x92, 0xC3, 0x9D, 0x57, 0xC3, 0x99, 0xEE, 0xD7, 0xEF,
    0x55, 0x55, 0xD7, 0xAB, 0xFA, 0xAA, 0x5E, 0x3B, 0xB7, 0xBB, 0x7B, 0xD3, 0x39, 0x17, 0x79, 0x3F,
    0x5B, 0x92, 0xE3, 0x2F, 0xFB, 0x2E, 0x9E, 0x8B, 0xF4, 0x5A, 0x91, 0xBE, 0x17, 0x19, 0x54, 0x05,
    0x49, 0x92, 0x0F, 0x49, 0xD2, 0x6C, 0x44, 0xB2, 0x9D, 0x8E, 0x49, 0xB6, 0x92, 0x9A, 0xE4, 0xC1,
    0x40, 0x64, 0xDA, 0xD3, 0x15, 0xEA, 0x5E, 0xC3, 0xBE, 0x26, 0xEA, 0xAD, 0x37, 0x76, 0xEC, 0xAD,
    0x3F, 0x72, 0xEC, 0x2D, 0x19, 0xBA, 0x12, 0xBD, 0x25, 0xDE, 0x7B, 0x74, 0x93, 0x19, 0xD9, 0x46,
    0xAF, 0xE8, 0x6D, 0x1F, 0xDF, 0xA3, 0x9B, 0xCF, 0x70, 0x45, 0x90, 0x29, 0xCE, 0x99, 0xA1, 0x2F,
    0xF4, 0xD0, 0xB8, 0x1E, 0xC9, 0xDC, 0xF5, 0x49, 0xBC, 0xFB, 0xA4, 0x1D, 0xBA, 0x4F, 0xFC, 0x23,
    0x9E, 0xEB, 0xFD, 0x54, 0xD3, 0xD3, 0xAC, 0x8E, 0x4F, 0x2D, 0xDA, 0x45, 0x53, 0xF9, 0x09, 0xE6,
    0xF3, 0x7E, 0xE3, 0xFA, 0x53, 0x37, 0x67, 0xCF, 0x95, 0xEB, 0x4D, 0xD0, 0xB8, 0x9B, 0xAE, 0xE4,
    0x41, 0x5D, 0x73, 0xE9, 0xD0, 0xB3, 0x03, 0xEF, 0x06, 0x8F, 0xF1, 0xDF, 0x74, 0x82, 0x26, 0x1F,
    0xB1, 0x19, 0xE2, 0xE0, 0xAE, 0xF1, 0xF8, 0x2E, 0xF6, 0xF8, 0x35, 0xCD, 0x8B, 0xC4, 0x37, 0xF9,
    0xA3, 0xD8, 0xD7, 0xD9, 0xCC, 0x5D, 0xD5, 0xE5, 0x26, 0xEE, 0x03, 0x92, 0xDA, 0x89, 0x17, 0x47,
    0xEF, 0x8B, 0xE4, 0x5E, 0x7C, 0x1A, 0x78, 0xF1, 0xD0, 0x5D, 0x79, 0x5D, 0x98, 0x5E, 0x73, 0xB2,
    0x53, 0x9E, 0x70, 0xF0, 0xC3, 0x3A, 0x4C, 0xD3, 0x26, 0x79, 0xE5, 0x25, 0xB1, 0xFF, 0x55, 0xE6,
    0x26, 0x5F, 0x1F, 0xDA, 0xB8, 0x27, 0x22, 0x89, 0x46, 0xE8, 0x52, 0x8D, 0xD7, 0x65, 0x81, 0x84,
    0x2F, 0xBF, 0x28, 0x4C, 0xA5, 0x34, 0xFC, 0xC8, 0x0F, 0x5F, 0x24, 0xA7, 0x3F, 0x25, 0x23, 0xC6,
    0xC6, 0x06, 0x8C, 0x48, 0x2A, 0xAE, 0x86, 0x63, 0xCA, 0xBE, 0x18, 0x92, 0x31, 0x18, 0x66, 0xEC,
    0xF9, 0xF3, 0x0F, 0xD8, 0x94, 0x6C, 0xC8, 0xBF, 0x68, 0xD6, 0xCD, 0x6F, 0xC0, 0x83, 0x37, 0x16,
    0x7A, 0x52, 0xE1, 0xE0, 0x94, 0x6C, 0xA8, 0x86, 0xFD, 0x39, 0x38, 0x1E, 0xB5, 0x98, 0x82, 0x6B,
    0xC9, 0xC9, 0x87, 0x19, 0xAE, 0xF5, 0xA7, 0x39, 0x27, 0xAE, 0x46, 0x9D, 0x49, 0x98, 0xFE, 0xDB,
    0x1A, 0xFD, 0x5A, 0xE9, 0xCA, 0x8B, 0xD3, 0xD8, 0x8B, 0x4B, 0x29, 0xE0, 0x01, 0x06, 0xF1, 0xDB,
    0x54, 0x8E, 0x1D, 0xE7, 0xC7, 0x9B, 0x0D, 0x14, 0x17, 0xD7, 0xDD, 0xF4, 0x1C, 0xEE, 0x25, 0x5A,
    0xC9, 0x37, 0xEF, 0xDA, 0x29, 0xE4, 0x16, 0x64, 0x1F, 0xD7, 0x92, 0xBB, 0x8B, 0xC2, 0x58, 0x2F,
    0xDD, 0x22, 0xA3, 0x87, 0xFD, 0x76, 0x6F, 0x9A, 0x4C, 0x7A, 0x4D, 0x36, 0x8A, 0x9B, 0xBC, 0x88,
    0x66, 0xA5, 0x8B, 0xEE, 0x54, 0x1C, 0x40, 0x98, 0x6A, 0xF7, 0xF6, 0xE1, 0xCD, 0xDF, 0xA8, 0x34,
    0xE0, 0xEC, 0x06, 0xC6, 0x72, 0x3D, 0x79, 0x1C, 0x35, 0x3D, 0xEF, 0x6B, 0x57, 0x52, 0x7A, 0xBC,
    0xEE, 0xE5, 0xBB, 0x1C, 0x26, 0x35, 0x21, 0xA7, 0xE6, 0xCD, 0x0F, 0x70, 0xED, 0x69, 0x5A, 0xE0,
    0xE2, 0xB8, 0x3C, 0xAE, 0x5E, 0x5C, 0x3C, 0x5E, 0x6D, 0x7E, 0x04, 0x61, 0x63, 0xB0, 0x19, 0x8E,
    0xC8, 0x21, 0xFF, 0x66, 0x30, 0x8A, 0x27, 0x51, 0x1D, 0x75, 0x26, 0xE0, 0xDC, 0x78, 0x15, 0x71,
    0xD4, 0xBA, 0x6B, 0x97, 0xCD, 0x60, 0x72, 0x62, 0x49, 0xBB, 0x50, 0x7A, 0x85, 0x77, 0x6F, 0x6A,
    0x87, 0xC1, 0x26, 0xC8, 0x1A, 0xAC, 0xBE, 0xCE, 0x8B, 0x57, 0x97, 0x5D, 0x3C, 0x84, 0x0E, 0x25,
    0x05, 0xB4, 0xE9, 0x80, 0x27, 0x53, 0xB9, 0x4A, 0xAA, 0x59, 0x46, 0x86, 0x5D, 0x2A, 0x2E, 0x1E,
    0xAF, 0x30, 0xE0, 0xBB, 0xB0, 0xBF, 0x63, 0xF7, 0x10, 0xD6, 0x2F, 0xC7, 0x0C, 0xD3, 0xB9, 0x9D,
    0x22, 0xD9, 0x9F, 0x37, 0xAF, 0x70, 0xA9, 0x51, 0xCA, 0xD1, 0x1B, 0xBF, 0x02, 0xC7, 0x70, 0xA6,
    0x09, 0x2C, 0x33, 0x35, 0x5B, 0xF0, 0x8D, 0xBF, 0x78, 0xFF, 0x5F, 0x46, 0x60, 0x80, 0x61, 0xF8,
    0xDC, 0xB5, 0x70, 0x55, 0xCE, 0xC7, 0xDB, 0x29, 0xDE, 0xB4, 0x14, 0xA4, 0xDF, 0x88, 0xF4, 0x8C,
    0x70, 0x79, 0x01, 0x89, 0xDA, 0xC5, 0x30, 0x9F, 0x89, 0x44, 0x46, 0xE2, 0x76, 0xB5, 0xCF, 0x70,
    0x85, 0x64, 0xBA, 0x7A, 0xF5, 0x6A, 0xC4, 0x91, 0x71, 0x35, 0xDC, 0xF3, 0x5A, 0x70, 0x2A, 0xEF,
    0x5B, 0x4D, 0x62, 0xF3, 0xB0, 0xF8, 0x0B, 0x19, 0x6D, 0xCE, 0xB3, 0x1A, 0xD1, 0x46, 0x67, 0x9F,
    0x73, 0xB2, 0xD9, 0x4F, 0x38, 0xD7, 0xEC, 0xA7, 0x92, 0xDD, 0xE7, 0xDD, 0xFA, 0x73, 0xE9, 0x26,
    0xDA, 0xC8, 0xCF, 0xD1, 0xF6, 0xBD, 0xFF, 0x93, 0x91, 0x4B, 0xA7, 0xFD, 0xAF, 0x46, 0x94, 0x30,
    0xCC, 0x3E, 0x58, 0x5B, 0x72, 0x29, 0xE1, 0x7F, 0x2B, 0xB5, 0x5E, 0x67, 0x59, 0xDB, 0x9E, 0x68,
    0xED, 0x7B, 0x3B, 0xD2, 0xCE, 0xB2, 0x1E, 0xAC, 0xB7, 0x64, 0xDA, 0xFF, 0xE5, 0x98, 0x57, 0x49,
    0x5A, 0x5C, 0xB1, 0x49, 0xA0, 0x59, 0xE2, 0xFB, 0x79, 0x30, 0xBC, 0xA2, 0x22, 0x2C, 0xC8, 0x79,
    0x33, 0xDC, 0x85, 0x55, 0x52, 0x87, 0x2D, 0x16, 0x76, 0xB6, 0x50, 0x48, 0x4C, 0x33, 0x56, 0xBB,
    0xFA, 0xFD, 0x9B, 0x77, 0x33, 0x76, 0xD8, 0xA6, 0x60, 0x8B, 0xAF, 0xFE, 0x19, 0x6C, 0x9F, 0xC4,
    0x5E, 0x8C, 0x42, 0x0F, 0xD0, 0xEA, 0x72, 0x85, 0xE1, 0xF9, 0xD3, 0x31, 0xBC, 0x3A, 0xC1, 0xF0,
    0xF4, 0x5B, 0x18, 0xEE, 0x2E, 0xED, 0xD2, 0xC1, 0xC8, 0x34, 0xA8, 0xD4, 0xFB, 0x62, 0xCD, 0x74,
    0x51, 0x0E, 0xF3, 0xD0, 0x62, 0xCA, 0x91, 0x71, 0x78, 0x7B, 0xA5, 0x7D, 0x57, 0xED, 0xF7, 0x8D,
    0x91, 0xDF, 0xD1, 0xCA, 0x93, 0xF2, 0x3E, 0x88, 0xD1, 0x3D, 0x45, 0x1B, 0x17, 0x12, 0x00, 0xFD,
    0x15, 0x37, 0x50, 0x9B, 0x0C, 0x29, 0xA3, 0x6C, 0x48, 0xAE, 0xFB, 0x61, 0xA5, 0x36, 0xDA, 0xDD,
    0x2D, 0xC8, 0xD9, 0x89, 0x35, 0xAB, 0x66, 0xF7, 0xA6, 0x1C, 0x27, 0xFC, 0xDA, 0x7E, 0x52, 0x3B,
    0x58, 0x93, 0x19, 0xF8, 0x13, 0x35, 0xF4, 0x66, 0x5A, 0x6A, 0xA4, 0x27, 0x97, 0x2A, 0xC9, 0x93,
    0x03, 0xF3, 0xA1, 0x59, 0x8C, 0x41, 0x4D, 0xE5, 0x82, 0x65, 0x21, 0x1B, 0x37, 0xE8, 0x51, 0x7D,
    0x1F, 0xBE, 0x15, 0x7A, 0x89, 0x25, 0x78, 0x9A, 0x17, 0x17, 0xC1, 0x66, 0xE1, 0xEB, 0x84, 0x26,
    0x10, 0xFF, 0x30, 0xCE, 0x9F, 0x3F, 0x94, 0x7B, 0xDA, 0xC8, 0x85, 0xD3, 0xA0, 0x36, 0x5E, 0x21,
    0x96, 0xC6, 0x23, 0x84, 0x3B, 0x70, 0x8F, 0xC7, 0x2E, 0x7A, 0x0C, 0x23, 0x40, 0x7B, 0x8C, 0x43,
    0xE4, 0x7A, 0x17, 0x2F, 0x87, 0xB9, 0xEE, 0x92, 0x2E, 0xAA, 0xA5, 0x66, 0xAD, 0x0D, 0x3E, 0xF4,
    0xB1, 0xD7, 0xC5, 0x67, 0xB1, 0xB9, 0x39, 0x8A, 0x4A, 0x68, 0x5A, 0xAC, 0xE9, 0xD7, 0x27, 0xA7,
    0xF2, 0x42, 0xF9, 0xFC, 0x0A, 0xF0, 0x0D, 0x07, 0x2A, 0x32, 0x4A, 0x75, 0xDE, 0xB6, 0xDA, 0x66,
    0xA5, 0xB5, 0x00, 0xD1, 0xFF, 0xD8, 0xC2, 0x73, 0x85, 0x52, 0xED, 0x8B, 0xE4, 0xE2, 0x43, 0xC5,
    0x99, 0x2E, 0x38, 0x81, 0xFD, 0x49, 0x27, 0xD6, 0x9E, 0xBE, 0x13, 0x84, 0xA1, 0x86, 0xB6, 0xF7,
    0x6D, 0x78, 0x25, 0x98, 0x49, 0xB1, 0xC3, 0x51, 0xFE, 0x1B, 0xC7, 0xDF, 0xFB, 0x8D, 0x54, 0xC0,
    0x82, 0x3F, 0x5B, 0x3E, 0xAE, 0xBE, 0x4A, 0x86, 0x03, 0xDE, 0x1D, 0xA2, 0x2A, 0x86, 0x90, 0x4D,
    0x46, 0x6F, 0x8C, 0x2C, 0x4B, 0x9B, 0x4E, 0xBF, 0x3B, 0x1F, 0xEF, 0x85, 0x5B, 0x8F, 0xF8, 0x63,
    0x03, 0x0A, 0x4C, 0x45, 0x52, 0x9B, 0x55, 0x6E, 0x81, 0x77, 0x33, 0x18, 0x0B, 0x0C, 0x88, 0x6A,
    0xB3, 0x6F, 0x57, 0xD6, 0xEC, 0xC8, 0x23, 0xC5, 0xE2, 0x9E, 0x67, 0x94, 0xE3, 0x08, 0x6C, 0xA3,
    0x73, 0x91, 0x8F, 0x1D, 0x81, 0x04, 0x60, 0x02, 0x74, 0x43, 0x10, 0xCD, 0x13, 0x1D, 0xF8, 0xAD,
    0xCE, 0x24, 0x75, 0xA4, 0x34, 0xD3, 0x64, 0xE0, 0x44, 0x47, 0xFC, 0x71, 0xC2, 0xD5, 0x17, 0x04,
    0xD7, 0xE0, 0x21, 0x51, 0x35, 0xD5, 0x79, 0xF0, 0x33, 0xE8, 0x5B, 0xA3, 0xDF, 0xDC, 0x08, 0xFD,
    0xEB, 0x70, 0x3D, 0x90, 0x81, 0x5D, 0x9D, 0x9E, 0x0A, 0x2F, 0x5D, 0x85, 0xDF, 0x4D, 0xAE, 0x08,
    0xFF, 0x1F, 0xCB, 0xEB, 0xD7, 0xD4, 0xDD, 0xA1, 0x93, 0x1B, 0xC5, 0xE5, 0x08, 0x3F, 0x26, 0x3F,
    0x83, 0x46, 0xE6, 0xF1, 0x94, 0x30, 0xC6, 0x3E, 0x63, 0xB9, 0x8D, 0x80, 0x5C, 0x45, 0xBB, 0xF0,
    0x9E, 0x32, 0xFF, 0x55, 0xEB, 0xAA, 0x1F, 0xB6, 0x07, 0x71, 0xE3, 0xE6, 0xDF, 0x83, 0xCA, 0x56,
    0x54, 0xDE, 0x92, 0x4D, 0x5E, 0x2C, 0x1B, 0xFC, 0x50, 0x92, 0x03, 0x47, 0x70, 0xA0, 0x71, 0x24,
    0xEE, 0x33, 0x0C, 0xEB, 0xC6, 0x11, 0xE6, 0xF4, 0xA9, 0xE0, 0x15, 0x67, 0xA1, 0x35, 0x78, 0x75,
    0xF8, 0x51, 0xD0, 0x33, 0x44, 0x01, 0xF0, 0x69, 0x0E, 0x7D, 0x9D, 0xC0, 0x07, 0x99, 0x42, 0x37,
    0xE2, 0x59, 0x4E, 0xD0, 0x20, 0xA7, 0x2F, 0x9E, 0xF3, 0x6E, 0x81, 0xE8, 0xFB, 0x93, 0x64, 0xE2,
    0xF6, 0x46, 0xF0, 0x51, 0x5A, 0x7A, 0x56, 0x77, 0x70, 0xC0, 0xD8, 0xDD, 0x57, 0x97, 0x26, 0x9D,
    0xF9, 0xFB, 0x13, 0x13, 0x8B, 0xD9, 0x7E, 0x43, 0x81, 0x5C, 0xE1, 0x5E, 0x2F, 0x91, 0xDD, 0x77,
    0xEF, 0x11, 0x30, 0x02, 0xCE, 0x94, 0xFF, 0xF1, 0x94, 0x9E, 0xD9, 0x84, 0xC2, 0x1B, 0x2E, 0xD1,
    0xB7, 0x8B, 0x2A, 0x2D, 0x05, 0xC2, 0xEC, 0xCE, 0xEE, 0xB3, 0xDE, 0x1A, 0x89, 0x9E, 0x04, 0x4C,
    0xBF, 0x46, 0xF7, 0xD9, 0x1B, 0xDD, 0xEA, 0x13, 0x0B, 0x0E, 0x6B, 0x97, 0x4B, 0xD2, 0xCA, 0xEB,
    0xE2, 0x4A, 0xEE, 0xF5, 0x11, 0x44, 0x78, 0x05, 0x9B, 0xDF, 0x33, 0xFC, 0x35, 0xB8, 0x56, 0x02,
    0x37, 0x89, 0x02, 0x18, 0x0E, 0x6B, 0x47, 0x06, 0xD7, 0x3C, 0x56, 0xE4, 0x56, 0x68, 0x45, 0xEE,
    0x80, 0x4F, 0xC1, 0xAA, 0x12, 0xE5, 0xAD, 0x8B, 0x2E, 0xC0, 0x43, 0x9B, 0x84, 0x31, 0xBA, 0x67,
    0x16, 0x32, 0xF9, 0x0F, 0xD9, 0xCB, 0x2C, 0x12, 0x13, 0xF6, 0x69, 0xF1, 0x97, 0x36, 0xDF, 0xE4,
    0x4D, 0x87, 0xA2, 0x31, 0x32, 0x8F, 0x15, 0x9D, 0x16, 0xCF, 0x85, 0x56, 0xAC, 0x12, 0x2D, 0xD6,
    0x0B, 0x72, 0xCA, 0xCE, 0x44, 0x6C, 0x64, 0x98, 0xEA, 0x97, 0x7C, 0x57, 0x18, 0x2E, 0xDF, 0xEE,
    0x4D, 0xCD, 0x3C, 0x97, 0x6C, 0x4B, 0xD9, 0x97, 0x46, 0x90, 0x7E, 0x4D, 0xE8, 0x7A, 0x30, 0x24,
    0xB6, 0xBB, 0xC1, 0xF5, 0xE1, 0x07, 0xF7, 0x74, 0x84, 0x04, 0xD9, 0xB7, 0x55, 0xE3, 0xFF, 0x69,
    0xA5, 0x4B, 0x6D, 0x4A, 0x36, 0xB6, 0x25, 0xBD, 0x89, 0x76, 0x42, 0xEF, 0xC1, 0x8F, 0x02, 0xC6,
    0xD0, 0x76, 0x6D, 0xBB, 0xFE, 0xDF, 0x67, 0x6F, 0x0D, 0x75, 0xC8, 0x70, 0xE3, 0xF9, 0x47, 0x10,
    0x85, 0xEB, 0xA4, 0xF1, 0x34, 0x42, 0xB9, 0xED, 0x0F, 0x0F, 0x0F, 0xFD, 0xC7, 0x72, 0xBE, 0xFC,
    0xFC, 0xAA, 0xDF, 0xDD, 0xDD, 0xF5, 0xB7, 0x5E, 0xAE, 0x50, 0xBE, 0x9B, 0xD5, 0x25, 0x21, 0x98,
    0xD0, 0xAE, 0x33, 0x3C, 0xE6, 0x79, 0x6D, 0x46, 0xCF, 0xB7, 0x3D, 0xAA, 0x88, 0xB6, 0x4C, 0x04,
    0xBD, 0x0C, 0xA3, 0xB3, 0x63, 0xF8, 0x49, 0x56, 0x47, 0x77, 0x88, 0x40, 0x46, 0xE3, 0xDC, 0xFF,
    0xED, 0xE8, 0xD3, 0xCC, 0x0F, 0xEF, 0x2B, 0xA5, 0x74, 0x25, 0xB8, 0x89, 0xBE, 0x10, 0x1E, 0x02,
    0x6B, 0x23, 0xAB, 0x74, 0xD6, 0x6F, 0xF4, 0x7B, 0xCD, 0x7F, 0x23, 0xE4, 0x85, 0xE3, 0xC8, 0x30,
    0x8E, 0x32, 0x8C, 0xA3, 0x16, 0xEB, 0x96, 0xAE, 0x28, 0x01, 0xA5, 0x4D, 0x1F, 0xCE, 0xCB, 0x9E,
    0xF3, 0x0D, 0x2B, 0x7E, 0x19, 0x30, 0x15, 0x72, 0x5B, 0xC3, 0xAB, 0xBB, 0xB7, 0x20, 0x2B, 0xDD,
    0x43, 0xC1, 0x0C, 0x04, 0x4D, 0xF3, 0xEE, 0x34, 0x7F, 0xE8, 0xC1, 0x34, 0x61, 0x77, 0xF7, 0x96,
    0xF7, 0x8D, 0xF7, 0xCB, 0x05, 0x10, 0xB1, 0xD8, 0x35, 0x3B, 0xAC, 0x7A, 0xEA, 0x3F, 0x5F, 0xBC,
    0xE3, 0x1F, 0xE7, 0xBE, 0xFD, 0xC0, 0x5D, 0xDF, 0x72, 0xFB, 0xF9, 0x8F, 0x67, 0xA9, 0xAF, 0xE9,
    0x08, 0x5D, 0x39, 0x97, 0x31, 0x7F, 0xE0, 0xB6, 0x60, 0x21, 0xE1, 0x72, 0xAD, 0x5E, 0xE5, 0x94,
    0x23, 0x3F, 0xF3, 0x41, 0xBA, 0x1B, 0x8C, 0x2E, 0x91, 0x67, 0x43, 0xD4, 0x82, 0x15, 0x02, 0xCB,
    0xC0, 0xE0, 0xF1, 0xCD, 0x1E, 0x6E, 0xA7, 0x6A, 0x42, 0x0F, 0x64, 0x71, 0xCA, 0xD1, 0x9A, 0xDB,
    0x71, 0x9A, 0x29, 0x30, 0xD2, 0x9E, 0x71, 0x99, 0xC2, 0x45, 0x11, 0xCE, 0x62, 0x5D, 0xEB, 0xCD,
    0x6F, 0xC5, 0x88, 0x61, 0xF7, 0x1E, 0xF1, 0x8A, 0x6D, 0x07, 0x9B, 0x3E, 0x5C, 0xF5, 0x22, 0xCE,
    0x7A, 0xD6, 0xA7, 0x96, 0x02, 0x6E, 0x32, 0x17, 0x88, 0xC6, 0x35, 0x52, 0x57, 0xE5, 0xF0, 0x42,
    0x11, 0x8E, 0x0C, 0x84, 0x06, 0x15, 0x84, 0xF3, 0x0E, 0x2E, 0x55, 0x59, 0x3C, 0x81, 0x54, 0x6E,
    0x25, 0x44, 0x8F, 0xEC, 0x4E, 0xEE, 0xCF, 0xCC, 0x09, 0xD0, 0xB2, 0x2F, 0x47, 0x94, 0x32, 0x7A,
    0xC3, 0x2C, 0xA0, 0x0C, 0xA0, 0xA7, 0x43, 0x77, 0xD4, 0xE1, 0x24, 0xC7, 0x5E, 0x60, 0x72, 0xDE,
    0x82, 0xCD, 0xEF, 0xB4, 0x76, 0x5C, 0xC5, 0xD3, 0x4E, 0xDD, 0x60, 0x56, 0x2D, 0x04, 0xE1, 0x5A,
    0x6A, 0x53, 0xBB, 0xB0, 0xF9, 0xED, 0x02, 0xAE, 0x61, 0x13, 0x09, 0xFE, 0x98, 0x05, 0x50, 0x2C,
    0x92, 0x5F, 0xF7, 0xD8, 0x32, 0xA7, 0x4C, 0x9C, 0x96, 0xF8, 0x79, 0x7E, 0x04, 0x35, 0x4C, 0x0B,
    0x26, 0x4D, 0xBB, 0x9C, 0x29, 0x3C, 0xA0, 0x31, 0xDF, 0x3A, 0x46, 0xBE, 0xE9, 0x79, 0xBF, 0x27,
    0xF6, 0xA6, 0x17, 0x2A, 0x9B, 0x3A, 0x94, 0xFE, 0xD3, 0xF9, 0x90, 0xAC, 0x0E, 0x99, 0xB2, 0x87,
    0xF7, 0x35, 0xF8, 0x45, 0x9D, 0xFE, 0xDE, 0x6C, 0xCB, 0x6D, 0x2F, 0xBC, 0xAD, 0xC4, 0x0F, 0x37,
    0x61, 0x55, 0x70, 0x54, 0xFE, 0xDC, 0x7F, 0x05, 0xFF, 0x4A, 0xB2, 0x0E, 0xDE, 0x24, 0x92, 0x56,
    0x07, 0x85, 0x3C, 0x38, 0xD3, 0x6D, 0x17, 0x74, 0x3B, 0xB5, 0xD4, 0x48, 0x66, 0x6A, 0xB5, 0x63,
    0x2A, 0xD2, 0xD8, 0x8A, 0x5D, 0x8B, 0xC8, 0xFD, 0xF5, 0x06, 0xA1, 0x79, 0xF7, 0x37, 0x22, 0xE6,
    0x22, 0x7A, 0x4B, 0x5D, 0xFA, 0xC4, 0xFE, 0xA7, 0x6C, 0xB5, 0xF3, 0x95, 0x61, 0x2E, 0xFF, 0xA3,
    0x18, 0xD4, 0x8F, 0xB8, 0x1E, 0xB2, 0x86, 0xC0, 0x3A, 0x4B, 0x04, 0x69, 0xB9, 0xFE, 0x5C, 0xA4,
    0xD7, 0x79, 0x08, 0xE1, 0x06, 0xB3, 0x7C, 0x09, 0xA4, 0x13, 0x61, 0x64, 0xC9, 0x5C, 0xBA, 0xDD,
    0xF3, 0x63, 0xDD, 0xD3, 0x7B, 0x27, 0xB2, 0xBA, 0x9D, 0xCF, 0x6E, 0xA1, 0x62, 0x48, 0xA3, 0xF6,
    0xED, 0xB0, 0xBE, 0xF9, 0xEC, 0x03, 0x53, 0x7E, 0xA5, 0xEC, 0x9F, 0xDD, 0xAD, 0x0B, 0x2D, 0x01,
    0xED, 0xD6, 0xED, 0xB5, 0x44, 0x9B, 0x28, 0xD5, 0x56, 0x38, 0x72, 0x2B, 0x66, 0xB5, 0xE2, 0x55,
    0x2B, 0x56, 0xB5, 0xE2, 0x54, 0xAB, 0x4C, 0xCD, 0x5C, 0x49, 0x42, 0xAB, 0xE7, 0xF0, 0x3F, 0xD5,
    0x31, 0x91, 0x65, 0x23, 0x19, 0xE9, 0xB4, 0x5A, 0x99, 0x5B, 0x31, 0xBF, 0x25, 0x4F, 0xF0, 0x1B,
    0x92, 0xA0, 0xF0, 0x35, 0x80, 0xFF, 0xD3, 0xD7, 0xC8, 0x8E, 0x61, 0xBB, 0x2A, 0x09, 0xA0, 0x09,
    0xA7, 0xA7, 0x61, 0x70, 0x86, 0x66, 0xA6, 0xA2, 0x0B, 0xB7, 0x75, 0xAC, 0x9E, 0xA8, 0xD4, 0x98,
    0xDF, 0xD1, 0x98, 0xA3, 0x17, 0x39, 0xE6, 0xE8, 0x70, 0x19, 0xC2, 0xF7, 0xA7, 0xCB, 0x21, 0x3F,
    0x79, 0x98, 0x52, 0xC3, 0xAE, 0x0D, 0xA1, 0xC8, 0x53, 0x02, 0x8C, 0xA7, 0x69, 0x7B, 0xA3, 0xE3,
    0xE0, 0x64, 0x07, 0x51, 0x12, 0xF8, 0xCA, 0xD7, 0x01, 0x64, 0xE8, 0x18, 0xAC, 0x24, 0xEE, 0x61,
    0xDC, 0x20, 0x3B, 0x82, 0x6A, 0x0B, 0x77, 0xFB, 0x9E, 0xAB, 0x5A, 0xA9, 0xD0, 0x59, 0xFC, 0x45,
    0xDE, 0xFC, 0xE1, 0xE6, 0x15, 0xE0, 0xC6, 0xDA, 0xEB, 0xCD, 0xE1, 0x4A, 0xBE, 0xB2, 0x58, 0x54,
    0xFF, 0x04, 0x94, 0xFD, 0xC3, 0x85, 0xB0, 0xCF, 0x89, 0x5D, 0x61, 0x14, 0x87, 0x5C, 0x10, 0x88,
    0xE2, 0x4E, 0x81, 0xCA, 0x72, 0x36, 0x91, 0xF1, 0xB0, 0x61, 0x2B, 0x74, 0xB7, 0x88, 0xA6, 0x9D,
    0x35, 0xF3, 0x3C, 0x80, 0xED, 0xF0, 0x25, 0x73, 0xF2, 0xF6, 0xBD, 0xF8, 0x6E, 0xD5, 0xF6, 0x27,
    0xFD, 0x16, 0x9E, 0x59, 0x8B, 0xFA, 0xA9, 0x16, 0xE8, 0x42, 0xFB, 0x3B, 0x78, 0x6F, 0xAC, 0x57,
    0x2C, 0x9C, 0xF2, 0x1D, 0x29, 0xE9, 0xFC, 0xA5, 0x23, 0xBF, 0x4E, 0xAB, 0x5F, 0x37, 0xC5, 0x45,
    0x25, 0xB8, 0x7B, 0xF3, 0x65, 0x1B, 0x35, 0x67, 0xC8, 0x15, 0x47, 0x55, 0x31, 0xEB, 0xFC, 0x6C,
    0xEF, 0x9B, 0xAE, 0xC5, 0x3A, 0xD0, 0x22, 0x08, 0xD4, 0x1B, 0x50, 0xCA, 0x79, 0x73, 0x85, 0x16,
    0xD9, 0xAB, 0xD4, 0xC8, 0xCB, 0xC5, 0xB2, 0x7A, 0x53, 0x21, 0x29, 0xB2, 0x9A, 0x21, 0x71, 0x70,
    0xA0, 0xF6, 0xFE, 0x69, 0xB8, 0xF2, 0x31, 0x42, 0x4F, 0x56, 0x16, 0x80, 0xF7, 0xD1, 0xB7, 0xFE,
    0x6D, 0x44, 0xCD, 0x87, 0x91, 0x9F, 0x45, 0x7E, 0x0C, 0xCC, 0x01, 0x49, 0x14, 0xB8, 0x40, 0xFF,
    0xF2, 0xA4, 0x23, 0x61, 0xB2, 0x55, 0x6C, 0x38, 0x5B, 0x2E, 0xA0, 0xE6, 0x06, 0xCA, 0x51, 0x59,
    0x16, 0x18, 0xEE, 0xD8, 0xED, 0x35, 0x3D, 0x01, 0x9A, 0x97, 0x73, 0x82, 0xCC, 0xD3, 0xD2, 0x8B,
    0xC4, 0xC2, 0x3C, 0x2C, 0x07, 0x05, 0xBC, 0x88, 0x91, 0xFA, 0xBE, 0xF1, 0x02, 0xE4, 0x7F, 0xE7,
    0x22, 0x5F, 0x7B, 0x91, 0x29, 0x8A, 0x80, 0x48, 0x10, 0x58, 0x92, 0x60, 0x1D, 0x21, 0xC1, 0x42,
    0x42, 0x82, 0x35, 0x83, 0x04, 0x9C, 0x23, 0x41, 0x20, 0x2F, 0x92, 0x8F, 0x44, 0xD2, 0x5A, 0x24,
    0x99, 0x8A, 0xF4, 0x1A, 0x91, 0xD8, 0x8B, 0x38, 0xFF, 0x40, 0x84, 0xCE, 0x07, 0xE1, 0x6F, 0x23,
    0xA8, 0x45, 0x8B, 0x67, 0x2A, 0xC7, 0x20, 0xDE, 0x05, 0xC6, 0x55, 0x1C, 0x99, 0x6C, 0xC6, 0xED,
    0xA5, 0x8C, 0xE5, 0x45, 0x06, 0xC7, 0xC1, 0x40, 0xBE, 0xD4, 0xAD, 0x67, 0xDF, 0x0D, 0x26, 0xF4,
    0xD3, 0x1C, 0xC6, 0x6F, 0x6F, 0xA6, 0xB2, 0x81, 0x6F, 0xC6, 0x29, 0x2F, 0x4E, 0xB7, 0x23, 0x96,
    0x67, 0x05, 0x7E, 0xC7, 0x9D, 0x70, 0x4E, 0xD3, 0xF6, 0x58, 0x69, 0x05, 0xE1, 0x4C, 0xB0, 0x9E,
    0x02, 0xF2, 0x88, 0x7C, 0xFD, 0xAA, 0xB3, 0x7A, 0xFD, 0x75, 0xDB, 0xAD, 0x78, 0x55, 0xDD, 0x01,
    0xA6, 0x7A, 0x96, 0xAF, 0x09, 0xB9, 0xDA, 0x4E, 0xDB, 0x5E, 0x26, 0xE7, 0x8F, 0x79, 0x5F, 0x77,
    0x96, 0x7E, 0x97, 0xDD, 0x1E, 0xD9, 0xCA, 0x3D, 0xB2, 0xEA, 0xD6, 0xFC, 0x2E, 0x71, 0x6E, 0xFE,
    0x20, 0xEC, 0x34, 0xF9, 0x89, 0x6E, 0x9F, 0xFE, 0x6F, 0x2C, 0xC0, 0x32, 0x94, 0xB5, 0x03, 0xB7,
    0xAF, 0xBE, 0x2E, 0xB7, 0x94, 0xD5, 0xCA, 0x59, 0xA9, 0x5C, 0xAF, 0x3E, 0x58, 0x16, 0xCA, 0x59,
    0x9D, 0x5C, 0x3E, 0x39, 0x5E, 0x25, 0xF7, 0x32, 0x05, 0x7B, 0x39, 0x8C, 0x23, 0x0F, 0xD1, 0x44,
    0x5E, 0xAF, 0xD3, 0x41, 0xA0, 0x71, 0x47, 0x71, 0xDC, 0x55, 0x4E, 0xEC, 0x67, 0xFE, 0xF7, 0x29,
    0x82, 0xF4, 0x0F, 0xFD, 0x3F, 0x10, 0x46, 0x47, 0xF2, 0xF9, 0xBF, 0x19, 0xA4, 0xDC, 0xA1, 0xDB,
    0x6B, 0x35, 0x8D, 0x13, 0xF3, 0x85, 0x90, 0x6A, 0x90, 0xA6, 0xE0, 0x3F, 0x67, 0x4E, 0x79, 0x7F,
    0x40, 0xD6, 0xC8, 0x5D, 0x13, 0x9B, 0x53, 0x4A, 0x13, 0xF8, 0x1C, 0x57, 0x9A, 0xA7, 0x52, 0xA1,
    0xE6, 0x89, 0x2A, 0x34, 0x7A, 0x82, 0x0A, 0x0D, 0x4C, 0x77, 0xC0, 0xBF, 0x55, 0x15, 0xAA, 0x4C,
    0x77, 0xF2, 0xF1, 0xAA, 0x0A, 0x0D, 0x4C, 0x77, 0x7A, 0x73, 0x91, 0x28, 0xA8, 0x50, 0xD5, 0xAC,
    0xAA, 0x50, 0x6A, 0x64, 0x60, 0x2A, 0xD4, 0x33, 0x15, 0x8A, 0x82, 0x0A, 0x3D, 0x30, 0x4E, 0xEF,
    0x3F, 0x89, 0x84, 0xDF, 0x3E, 0x5B, 0x5D, 0x8C, 0x42, 0xA0, 0x57, 0x9A, 0xB1, 0x38, 0x0A, 0x1A,
    0x25, 0x85, 0x92, 0x3E, 0x49, 0x9D, 0xA4, 0x4D, 0x52, 0x26, 0xE9, 0x92, 0xD4, 0xE1, 0xD9, 0x1B,
    0xEA, 0x4F, 0x43, 0xF5, 0x69, 0xA8, 0x3D, 0x4D, 0xB7, 0x64, 0x2C, 0x9B, 0x78, 0x81, 0x43, 0x28,
    0x73, 0xC4, 0x25, 0x74, 0x01, 0x46, 0xA8, 0xD4, 0x8C, 0x99, 0xAB, 0x71, 0xD7, 0xAE, 0x05, 0xAF,
    0x2A, 0x01, 0xCC, 0x14, 0x6D, 0xA1, 0x14, 0xA2, 0x55, 0xD4, 0x54, 0x0E, 0x07, 0xE4, 0xD6, 0x58,
    0xB8, 0x41, 0xCD, 0xA4, 0x55, 0x7F, 0x4A, 0xE5, 0xEA, 0x35, 0x84, 0x0B, 0x7A, 0x0D, 0xCB, 0x68,
    0xE3, 0x39, 0xA3, 0xB1, 0x78, 0x4E, 0x33, 0x12, 0xB7, 0x6C, 0xA3, 0x13, 0x6D, 0xDC, 0xDA, 0x31,
    0x76, 0xBC, 0x9D, 0x6B, 0xFD, 0x50, 0x45, 0xFB, 0xD3, 0x54, 0xFD, 0x0F, 0x94, 0x2D, 0xE3, 0x75,
    0x59, 0xE5, 0x5F, 0x28, 0x75, 0xD7, 0x56, 0x98, 0x8C, 0xD5, 0xDF, 0x5A, 0xD9, 0x05, 0x77, 0xD4,
    0xC4, 0x44, 0xE0, 0x63, 0xBF, 0x6E, 0x16, 0x95, 0xF3, 0xA8, 0x30, 0x2D, 0x14, 0x65, 0x30, 0x42,
    0xC2, 0xE9, 0x99, 0xF6, 0x0E, 0x00, 0x76, 0x18, 0x96, 0xD4, 0x57, 0xD6, 0xEB, 0x8E, 0xE9, 0xD4,
    0x8C, 0xA9, 0xA7, 0x93, 0x65, 0xE3, 0xBB, 0x66, 0xAC, 0x43, 0x74, 0xB0, 0x30, 0x0B, 0x75, 0x90,
    0xD4, 0xE8, 0x4A, 0x9D, 0xC2, 0x2D, 0xBB, 0x13, 0x2E, 0xD4, 0x2F, 0x62, 0x8E, 0x7F, 0x44, 0xFF,
    0xBD, 0xF7, 0x78, 0x6F, 0xA8, 0x3C, 0x9E, 0xD4, 0x40, 0xA6, 0x26, 0x2A, 0x5E, 0x35, 0xC6, 0xAA,
    0x56, 0xC1, 0x2A, 0x15, 0x54, 0xA7, 0xA0, 0x2A, 0x05, 0xAB, 0x51, 0x28, 0x5E, 0x0E, 0x8B, 0xB1,
    0x45, 0x83, 0xE1, 0x7B, 0xF9, 0x23, 0x61, 0x33, 0x54, 0xEA, 0xA8, 0xA1, 0x7F, 0xDB, 0xAB, 0x53,
    0xD9, 0xF7, 0x1D, 0x01, 0x29, 0x6F, 0xBC, 0x72, 0x1A, 0x7C, 0xF9, 0x2E, 0xF6, 0x9E, 0xA4, 0x13,
    0xF4, 0x97, 0x8F, 0x70, 0x40, 0x49, 0x13, 0xD4, 0x00, 0x26, 0x8A, 0xEB, 0x84, 0x85, 0x75, 0x1B,
    0x2F, 0x89, 0xDB, 0x4B, 0x36, 0xF2, 0x35, 0xB3, 0xED, 0x43, 0xCA, 0x81, 0x80, 0x99, 0x5A, 0xFF,
    0x30, 0x2F, 0x02, 0xB5, 0x0F, 0x1C, 0x58, 0xCA, 0x0F, 0x5B, 0xB4, 0x2F, 0xF6, 0x01, 0x8C, 0xE5,
    0x87, 0xEB, 0x5C, 0x7A, 0x0C, 0xCC, 0x05, 0x8B, 0xEC, 0x43, 0xB5, 0xF8, 0x50, 0x84, 0x0F, 0x7E,
    0xF5, 0x83, 0xCA, 0x89, 0xD7, 0x3E, 0xAC, 0x1F, 0xB3, 0x38, 0x6B, 0xD1, 0xCF, 0xA2, 0xE7, 0xC5,
    0xB5, 0x32, 0xFB, 0xB0, 0xC9, 0x85, 0x88, 0x1F, 0x06, 0x05, 0x04, 0xC1, 0x0F, 0x49, 0x11, 0xC6,
    0x9C, 0xB2, 0x6B, 0x7E, 0x28, 0x25, 0x11, 0x4B, 0x23, 0x6E, 0xFA, 0x90, 0x4F, 0x34, 0xB9, 0x04,
    0x96, 0xDB, 0x7E, 0xA5, 0xE1, 0x00, 0x6A, 0x04, 0x1E, 0x4D, 0xF3, 0x5F, 0xB7, 0xE4, 0xFD, 0x1C,
    0x85, 0x5D, 0xE2, 0x5E, 0x43, 0x56, 0x42, 0x02, 0xF0, 0x55, 0x26, 0xE4, 0x2B, 0xEA, 0xBF, 0xEA,
    0x4A, 0x9B, 0x07, 0x92, 0x5A, 0x6C, 0xC7, 0x92, 0x6D, 0xCB, 0xA0, 0x5F, 0xA3, 0x13, 0x73, 0xF2,
    0x17, 0xB4, 0x36, 0x0C, 0x5C, 0x9B, 0x0E, 0xCA, 0x6E, 0x7B, 0x0D, 0x44, 0x04, 0xC6, 0x17, 0xBC,
    0x0E, 0x38, 0x3E, 0x82, 0xA0, 0xA0, 0xA0, 0xE9, 0x88, 0xE3, 0x50, 0x85, 0x33, 0x8A, 0xC2, 0xFA,
    0x3E, 0x6C, 0x37, 0xB8, 0xBA, 0xA8, 0x8F, 0x7A, 0x12, 0xC0, 0x55, 0x3C, 0x11, 0x87, 0xF3, 0xFE,
    0x23, 0x2B, 0xC4, 0x23, 0x5A, 0x8F, 0x9A, 0x6A, 0x45, 0xCD, 0x8A, 0x97, 0x43, 0xD5, 0xF9, 0x77,
    0xFE, 0x59, 0x2E, 0xD3, 0x8E, 0xA7, 0xA6, 0x23, 0xCF, 0x5F, 0x10, 0x9F, 0x13, 0x3A, 0xDB, 0xD3,
    0x5D, 0x1A, 0x85, 0x92, 0x75, 0xE1, 0x19, 0x58, 0xC2, 0x99, 0xB0, 0xAC, 0x3B, 0x9C, 0xD5, 0x87,
    0x72, 0xF4, 0x38, 0x74, 0xA8, 0x12, 0xBC, 0x72, 0xCC, 0xC8, 0x37, 0x6B, 0x89, 0xA9, 0x6E, 0xFA,
    0xB0, 0x2F, 0x4B, 0xD5, 0x17, 0xB4, 0x3D, 0xBC, 0x37, 0xC2, 0x9E, 0xAE, 0x62, 0x3D, 0x10, 0x82,
    0xC8, 0x7C, 0x9D, 0x03, 0x92, 0x9D, 0x42, 0x82, 0x58, 0x62, 0x85, 0x1E, 0x57, 0xEC, 0xFB, 0x43,
    0x4B, 0x1D, 0x68, 0x7B, 0x5C, 0xDC, 0x3C, 0x6B, 0xA3, 0x79, 0x70, 0x48, 0x36, 0xB1, 0x57, 0x81,
    0x65, 0xCF, 0x17, 0x1A, 0xBC, 0x20, 0x06, 0xAE, 0x2C, 0xD0, 0x1F, 0x2F, 0x7C, 0x93, 0xBA, 0xDB,
    0x6D, 0x27, 0x58, 0x5C, 0xA0, 0xB8, 0xED, 0x62, 0xB3, 0x9A, 0xD2, 0x4C, 0xA8, 0xFE, 0xE0, 0xF3,
    0xD9, 0xA2, 0xA6, 0x34, 0x0A, 0x5B, 0x12, 0x86, 0x27, 0x6A, 0x4A, 0x2F, 0xB8, 0x74, 0x14, 0x8C,
    0x28, 0x16, 0xB1, 0x50, 0xC4, 0x36, 0x39, 0xD5, 0x9D, 0xC7, 0xBF, 0x12, 0x86, 0xBC, 0x30, 0x79,
    0x70, 0x6F, 0x9C, 0xD9, 0x1F, 0xC5, 0x07, 0x79, 0x17, 0xFD, 0xC6, 0xEB, 0x09, 0x8D, 0x14, 0x2B,
    0x4F, 0xE4, 0xBF, 0xE2, 0x9E, 0x4D, 0x4C, 0x0B, 0x66, 0xA5, 0x2C, 0xA0, 0x56, 0x79, 0x01, 0xAD,
    0xCA, 0x68, 0xA9, 0xDE, 0x08, 0xE1, 0xC5, 0xA8, 0xDB, 0x3A, 0x95, 0xA8, 0x78, 0x85, 0x7E, 0x65,
    0x24, 0xF4, 0x4A, 0xD5, 0x10, 0xB1, 0xAE, 0x99, 0x79, 0xD7, 0xED, 0xBB, 0x2C, 0x2D, 0x26, 0xD9,
    0xA0, 0xA5, 0xBA, 0xC1, 0x26, 0x0F, 0x4D, 0x1A, 0x56, 0x28, 0xEE, 0x0B, 0x1D, 0xB4, 0x7F, 0xA5,
    0x2D, 0xD3, 0x77, 0x3A, 0xD3, 0x4C, 0xAB, 0x40, 0xA3, 0x30, 0x37, 0xC7, 0x96, 0x16, 0x21, 0x59,
    0xB1, 0x07, 0x97, 0xB8, 0xCB, 0xBA, 0x75, 0x83, 0x2F, 0xCA, 0x51, 0x36, 0x64, 0x6F, 0x7D, 0xBE,
    0x69, 0xA7, 0xAD, 0x20, 0x6B, 0x66, 0x5B, 0x52, 0x35, 0xAE, 0x8C, 0xE5, 0xEB, 0x1C, 0x1A, 0x07,
    0xDD, 0xAF, 0xAF, 0xA3, 0xC3, 0x6D, 0x09, 0x07, 0xB5, 0x49, 0xD8, 0xAA, 0x97, 0x7D, 0x81, 0x5D,
    0x66, 0x3C, 0x8E, 0x51, 0x56, 0x74, 0x4F, 0x53, 0x52, 0x51, 0x19, 0x46, 0x90, 0xFE, 0x2B, 0x4E,
    0xDB, 0xA1, 0xF6, 0xCE, 0x18, 0x02, 0x14, 0x8B, 0xEB, 0x5F, 0x24, 0x5E, 0x75, 0x39, 0x47, 0x86,
    0x3A, 0xD8, 0xAA, 0xC9, 0x9D, 0x9A, 0xAB, 0x39, 0xC7, 0x73, 0xE3, 0xD5, 0x45, 0x62, 0xC4, 0xE6,
    0x44, 0xBB, 0xE4, 0xBA, 0xDA, 0x61, 0xB3, 0x84, 0xDA, 0xB7, 0x2C, 0xCB, 0xC8, 0xAD, 0xD6, 0xAA,
    0xAE, 0xCF, 0x66, 0xE7, 0xC4, 0x10, 0x62, 0x0F, 0xF4, 0x52, 0x69, 0x91, 0x14, 0x98, 0x85, 0x37,
    0x51, 0x04, 0x84, 0x2D, 0xDC, 0x18, 0x0D, 0xC0, 0xF6, 0x6D, 0x38, 0x53, 0x4C, 0x06, 0xE4, 0x4C,
    0x12, 0x26, 0x5F, 0x8D, 0xC2, 0x9E, 0xF0, 0xDE, 0x6A, 0xC9, 0xDE, 0x85, 0x52, 0x2E, 0x5A, 0xB3,
    0xFE, 0x18, 0xA0, 0xF0, 0xB4, 0x34, 0x53, 0x96, 0x4F, 0xE5, 0x02, 0x2D, 0xEC, 0xD8, 0x39, 0x29,
    0x57, 0x4E, 0x3F, 0xAD, 0x0E, 0x6D, 0x91, 0x8E, 0xFB, 0xF5, 0x36, 0xDC, 0xDA, 0xA8, 0xDE, 0x22,
    0x04, 0x11, 0xDA, 0xF7, 0xD8, 0xDE, 0xB7, 0xDC, 0xF6, 0xF9, 0xB7, 0xC2, 0x67, 0x80, 0x79, 0x0C,
    0x55, 0x69, 0xC5, 0xAF, 0x06, 0x06, 0x5A, 0xDF, 0x59, 0x29, 0xD5, 0xB7, 0x2A, 0x85, 0x83, 0x15,
    0x5C, 0x40, 0xB5, 0x02, 0x01, 0x99, 0x1F, 0x6B, 0xBD, 0xB3, 0x45, 0x79, 0xDF, 0xB0, 0x05, 0x1A,
    0x6C, 0xAB, 0xF5, 0xB0, 0x3C, 0xC6, 0x73, 0xBD, 0xE7, 0xDD, 0xA6, 0xD2, 0x5F, 0x15, 0xE8, 0xAC,
    0xE0, 0x23, 0x02, 0x94, 0x85, 0x56, 0x8E, 0xBB, 0x0C, 0x16, 0x3F, 0xB7, 0x21, 0x51, 0x29, 0xAA,
    0x49, 0x87, 0x99, 0xF5, 0x85, 0x99, 0x85, 0xDD, 0xA5, 0x01, 0x33, 0x9B, 0x2E, 0xB7, 0x96, 0x2E,
    0x17, 0xAB, 0x57, 0x41, 0x1E, 0xF1, 0x5D, 0xAB, 0x9B, 0xE5, 0x5A, 0x01, 0x30, 0xFD, 0x6D, 0x38,
    0x90, 0x5B, 0x48, 0x68, 0xED, 0x7F, 0xEF, 0xFC, 0x38, 0x0D, 0xB7, 0xFC, 0xEC, 0x38, 0x93, 0x8D,
    0x2D, 0x16, 0x43, 0x8A, 0xF1, 0xB0, 0xFA, 0xE6, 0xDE, 0xD9, 0x71, 0xE6, 0x19, 0x75, 0xEE, 0x9D,
    0xF6, 0x9E, 0x63, 0xE9, 0x4B, 0xFC, 0x8C, 0x9C, 0x80, 0x15, 0x0E, 0x05, 0x3F, 0xD3, 0xBE, 0xF2,
    0x51, 0xED, 0x1F, 0x09, 0x52, 0x57, 0x39, 0x06, 0x62, 0x9B, 0xE6, 0x78, 0x26, 0x87, 0x39, 0xAF,
    0x9C, 0x90, 0xA1, 0x88, 0x8C, 0x94, 0x15, 0x4F, 0x72, 0x94, 0x2F, 0x83, 0x7C, 0x66, 0x55, 0x4A,
    0x56, 0x1C, 0x43, 0x60, 0x84, 0x85, 0xE4, 0x8C, 0xF0, 0x1F, 0xCB, 0xD8, 0xF6, 0x2D, 0x76, 0x44,
    0xB0, 0x38, 0x5D, 0x3C, 0x52, 0xC4, 0x45, 0xFF, 0x68, 0xCF, 0xBF, 0x90, 0x7C, 0xFD, 0x7F, 0xD6,
    0x7C, 0x86, 0x07, 0xEB, 0x99, 0xDE, 0x8B, 0x2C, 0x5D, 0xBD, 0x71, 0xAC, 0x64, 0xA9, 0xE5, 0x42,
    0x84, 0xCA, 0x88, 0x6B, 0x0B, 0x8F, 0xF5, 0xAC, 0xDA, 0xCA, 0x4A, 0x7B, 0x0A, 0xBA, 0x2F, 0xF9,
    0x38, 0x2D, 0x39, 0x9E, 0x79, 0xF9, 0x25, 0x86, 0x5D, 0xD3, 0x35, 0x30, 0x27, 0x1A, 0x95, 0x94,
    0xC6, 0xFA, 0x76, 0x85, 0xAC, 0xEF, 0x6D, 0x78, 0x0D, 0x84, 0x72, 0x49, 0xC8, 0x67, 0xA2, 0x72,
    0x7B, 0x6B, 0x4F, 0xD6, 0x8E, 0xBD, 0x64, 0x41, 0xA0, 0x48, 0xD4, 0x02, 0x34, 0x85, 0x68, 0x28,
    0x16, 0xB5, 0x95, 0xBF, 0x76, 0xDD, 0xD6, 0xA7, 0x6E, 0x8F, 0xC6, 0x6B, 0x24, 0x96, 0x81, 0xEA,
    0x1E, 0xFA, 0xC3, 0x3E, 0xD1, 0xB4, 0xAF, 0xF7, 0x0A, 0xD9, 0xBB, 0x65, 0x31, 0x7C, 0x74, 0xC1,
    0x44, 0xE4, 0xFE, 0xDC, 0xAD, 0x48, 0x23, 0xF9, 0x27, 0xC9, 0xE6, 0x2D, 0x4B, 0x02, 0xBC, 0xAB,
    0x2D, 0x11, 0x28, 0x6F, 0x35, 0x0C, 0xE6, 0xEF, 0x82, 0xDC, 0x0C, 0x63, 0xFF, 0xCB, 0xD7, 0x4C,
    0x6E, 0xC1, 0xB0, 0x57, 0x4A, 0xD9, 0x7F, 0xCD, 0xCA, 0xD9, 0xDE, 0x28, 0x55, 0x9B, 0x2C, 0x3E,
    0xC7, 0x53, 0x2B, 0xCC, 0x9B, 0x2D, 0x2B, 0x73, 0x2E, 0x8E, 0x24, 0xA3, 0x7B, 0xAA, 0x5F, 0xEB,
    0x35, 0xA9, 0x9E, 0xF8, 0x53, 0x2B, 0x5F, 0x96, 0x8C, 0x4A, 0x7B, 0x58, 0x90, 0x16, 0xA6, 0x7D,
    0x4B, 0xB8, 0x5D, 0x79, 0xDD, 0xD6, 0xA7, 0x00, 0xAA, 0xE7, 0x9F, 0xB7, 0x4F, 0x07, 0xAA, 0x5F,
    0x00, 0x79, 0xD1, 0xF9, 0xC8, 0x98, 0x4E, 0x23, 0x99, 0x45, 0x21, 0x95, 0x48, 0x34, 0x60, 0xDF,
    0x18, 0xB0, 0xF5, 0x02, 0x49, 0x69, 0x97, 0x65, 0x02, 0xE0, 0x81, 0xC5, 0x34, 0x33, 0xB9, 0xC7,
    0xE4, 0x3B, 0xE2, 0x2E, 0xBA, 0x5C, 0xBD, 0xF0, 0x84, 0x8C, 0x32, 0x3C, 0xF1, 0xED, 0x60, 0x2D,
    0x59, 0x68, 0x20, 0xCB, 0xC0, 0x2C, 0x43, 0x32, 0x5E, 0xAD, 0x74, 0x41, 0x2D, 0xBC, 0xED, 0x7E,
    0xB2, 0xBC, 0x56, 0x35, 0xB9, 0x00, 0xFC, 0xB7, 0x4A, 0x88, 0xC1, 0x09, 0x24, 0xD1, 0x26, 0x55,
    0xDA, 0xF0, 0x7E, 0xAE, 0x07, 0x82, 0xC8, 0xC1, 0xD9, 0xB4, 0x6A, 0x82, 0xCD, 0xBB, 0x8B, 0xBD,
    0x1F, 0x0B, 0x0C, 0x30, 0x5F, 0x14, 0x6D, 0x1F, 0xE4, 0x8B, 0xA7, 0xCC, 0x85, 0x87, 0x89, 0x21,
    0x48, 0xE9, 0xE0, 0xA7, 0xE3, 0x66, 0x1F, 0xFA, 0x8B, 0x34, 0xFC, 0x1D, 0x2C, 0xDC, 0x33, 0x7E,
    0x82, 0x4B, 0x8F, 0x4F, 0x1C, 0x2E, 0x11, 0xBB, 0xB2, 0x20, 0x34, 0xC6, 0x7A, 0xDF, 0x5C, 0x9C,
    0xE1, 0xD5, 0x6C, 0x33, 0x79, 0x6A, 0xC9, 0x65, 0xA8, 0xC9, 0x8E, 0x72, 0x16, 0x14, 0xD9, 0x56,
    0x2B, 0x71, 0x41, 0x6A, 0xFB, 0x95, 0xA5, 0x83, 0x47, 0xEE, 0xB3, 0x52, 0xB7, 0x0E, 0xBC, 0xED,
    0x69, 0x5E, 0xC4, 0x56, 0x1F, 0x0D, 0x83, 0xC0, 0xA0, 0x09, 0xF0, 0x7B, 0x9D, 0xF1, 0x19, 0x57,
    0x48, 0x78, 0xC4, 0xE3, 0x74, 0xCC, 0x92, 0x9C, 0xFE, 0x0C, 0x56, 0x6E, 0x92, 0x28, 0xFF, 0xD3,
    0x1F, 0x0D, 0x6A, 0xC2, 0xD2, 0xBD, 0x06, 0x9B, 0xB5, 0xEA, 0x54, 0xF1, 0x1D, 0x32, 0x0E, 0xD3,
    0x1B, 0x0A, 0x9F, 0x12, 0x7C, 0xAF, 0xD2, 0x43, 0x9F, 0xC2, 0x77, 0xD6, 0xB2, 0x5E, 0xE1, 0x97,
    0xB9, 0x32, 0xC9, 0xE5, 0x5F, 0xE3, 0x08, 0x65, 0x91, 0x73, 0x0C, 0xED, 0xC8, 0x82, 0xAC, 0xA6,
    0x2B, 0x51, 0x20, 0x6A, 0x60, 0x05, 0x01, 0x89, 0xDD, 0xD5, 0xE1, 0x93, 0xC1, 0xBA, 0x2E, 0xFE,
    0xE8, 0x38, 0x6F, 0xD3, 0x0E, 0x05, 0xCE, 0xB3, 0x60, 0xAF, 0x9A, 0xB0, 0x49, 0xB0, 0xDB, 0x19,
    0x7E, 0xF2, 0x01, 0x7F, 0xDD, 0x0B, 0x31, 0x01, 0x6C, 0x1D, 0x76, 0xB3, 0xA3, 0x38, 0x17, 0xD8,
    0xDA, 0xDE, 0x9C, 0xDB, 0x15, 0x51, 0x82, 0x05, 0x8D, 0x86, 0x79, 0x40, 0x24, 0x0B, 0x56, 0x00,
    0x22, 0x85, 0x72, 0x23, 0xD7, 0x89, 0x20, 0xE0, 0xAD, 0x23, 0xD6, 0x89, 0xC1, 0xE3, 0x7F, 0xB7,
    0x14, 0x28, 0xDF, 0xBA, 0x2D, 0x3C, 0x87, 0x4D, 0xD9, 0x8C, 0x0F, 0xB3, 0xE1, 0x5B, 0xD2, 0x8A,
    0x69, 0x3A, 0x7A, 0x57, 0xB6, 0x14, 0xFB, 0x00, 0xB7, 0x64, 0x6E, 0x26, 0x83, 0xC9, 0xBE, 0x3D,
    0xB2, 0xA7, 0x5F, 0x73, 0xA9, 0x4C, 0xFE, 0x7D, 0xD4, 0x9B, 0x0A, 0xAC, 0xF8, 0xC5, 0x30, 0x9E,
    0xE9, 0xC9, 0x4B, 0xBF, 0x46, 0xA7, 0x93, 0xF0, 0x5C, 0x3C, 0xAD, 0xB1, 0xC4, 0x41, 0xF4, 0x14,
    0x81, 0xB8, 0x09, 0xF5, 0xE9, 0x8C, 0x35, 0xF4, 0x34, 0xB7, 0xC5, 0x9E, 0xF8, 0xF9, 0xDA, 0x9E,
    0xF8, 0xBD, 0xA1, 0x3D, 0x2E, 0x6F, 0xBC, 0xB2, 0xEB, 0x7A, 0x75, 0x4F, 0x7C, 0x8E, 0x3D, 0x53,
    0xB8, 0x39, 0x03, 0x91, 0x12, 0xCD, 0xEC, 0x39, 0x39, 0x13, 0x81, 0xCB, 0x7D, 0xDB, 0xA3, 0x44,
    0xF1, 0x62, 0x69, 0x48, 0x8D, 0xED, 0xDB, 0x56, 0x92, 0xB6, 0x6F, 0x03, 0xB1, 0xD2, 0x72, 0x53,
    0xD6, 0xEA, 0x0F, 0xEC, 0x59, 0x1E, 0x7F, 0x6F, 0x8F, 0xEE, 0xFB, 0xA5, 0x09, 0x25, 0xEC, 0x65,
    0x68, 0xD6, 0x8A, 0xC1, 0x9F, 0x9E, 0x34, 0x2B, 0x9B, 0xFD, 0xE3, 0x8A, 0xF8, 0x36, 0x2D, 0xCA,
    0xAC, 0x43, 0x41, 0xAD, 0x2A, 0xDD, 0x6A, 0x28, 0xB0, 0xFA, 0x36, 0xCA, 0x8F, 0x1C, 0x68, 0x3B,
    0x28, 0xA5, 0xB1, 0x71, 0xFC, 0xFE, 0x81, 0xBB, 0x9B, 0xF9, 0xD1, 0x9E, 0x1F, 0x5E, 0x43, 0x4E,
    0xAB, 0x21, 0x08, 0xC5, 0x2B, 0xCC, 0xC4, 0x53, 0xE6, 0x7A, 0xBB, 0x3A, 0xD4, 0x31, 0x6F, 0x26,
    0xCD, 0x7F, 0xC8, 0xBB, 0x3D, 0xE3, 0x73, 0xB9, 0x60, 0x9F, 0x52, 0x2D, 0x90, 0x37, 0x94, 0x5E,
    0xDA, 0xD6, 0x28, 0xF7, 0x25, 0x07, 0xE9, 0xEE, 0x5C, 0x0C, 0xAE, 0xAC, 0xAC, 0x66, 0xBC, 0xAC,
    0xBE, 0x3D, 0x59, 0x11, 0xBE, 0xB3, 0xAC, 0x9E, 0xB0, 0x9D, 0xD4, 0xB6, 0xA3, 0x75, 0x4F, 0xCF,
    0xDD, 0xB2, 0xE7, 0x09, 0x3D, 0x0A, 0xA5, 0x15, 0x62, 0x6D, 0x34, 0x57, 0xFD, 0x42, 0x34, 0xB7,
    0xA4, 0x56, 0xD3, 0x3B, 0xB1, 0x1A, 0xBF, 0x1E, 0x12, 0x95, 0x1A, 0xAB, 0xDE, 0x51, 0x6B, 0x80,
    0x9E, 0x07, 0xB3, 0xB3, 0xA8, 0x30, 0xE9, 0x66, 0xCB, 0x4C, 0x6C, 0x93, 0xAB, 0x19, 0x22, 0xF1,
    0xB0, 0x43, 0xC8, 0x6C, 0x9B, 0x2C, 0xE7, 0xBA, 0x34, 0xBA, 0x6E, 0xDE, 0x80, 0x50, 0xC3, 0xFE,
    0xE2, 0x69, 0x15, 0xAA, 0xD8, 0x97, 0x63, 0xA3, 0x07, 0x49, 0xF8, 0x2E, 0x13, 0x40, 0xF6, 0x18,
    0x4C, 0x28, 0x0B, 0x23, 0x14, 0xD0, 0x12, 0xDC, 0xD8, 0x13, 0xCD, 0xD3, 0xDF, 0x62, 0x66, 0xE3,
    0x06, 0x8F, 0xD8, 0xA1, 0x4C, 0x8F, 0x98, 0x2C, 0x9D, 0xAB, 0xE9, 0x9E, 0x04, 0x38, 0x0E, 0x10,
    0xAA, 0x30, 0x2D, 0xED, 0xBC, 0xE8, 0x8D, 0x4F, 0x18, 0x6E, 0x8E, 0x99, 0x0D, 0x16, 0x6D, 0x72,
    0x60, 0x9B, 0x49, 0xE3, 0x2D, 0x4B, 0x3B, 0x68, 0x54, 0xF6, 0x90, 0xB6, 0x8E, 0x3D, 0x12, 0xF3,
    0xF2, 0xC7, 0x72, 0xE5, 0xC7, 0x01, 0x7F, 0x4C, 0xF8, 0x63, 0x4A, 0x25, 0x2B, 0x95, 0xEE, 0xB1,
    0x26, 0x3C, 0x58, 0x27, 0x5F, 0xC0, 0x99, 0x32, 0x12, 0xF9, 0x09, 0x25, 0xB9, 0x30, 0xFC, 0xBB,
    0xD9, 0xCD, 0x77, 0xD9, 0xC4, 0xDF, 0xF2, 0x60, 0x81, 0x17, 0xC2, 0x3F, 0xA5, 0xDB, 0x94, 0x6D,
    0x4B, 0x98, 0x6C, 0x53, 0xAE, 0xCD, 0x52, 0x6D, 0x5A, 0xCC, 0xAF, 0x5E, 0x2C, 0xFE, 0x61, 0x9B,
    0xE9, 0x9F, 0xC1, 0x74, 0xD1, 0x60, 0xED, 0x70, 0x79, 0x4B, 0xD9, 0xF3, 0x60, 0xC1, 0x03, 0x77,
    0xEB, 0xC5, 0xEB, 0x5F, 0xF5, 0x08, 0x03, 0xC0, 0x86, 0xFA, 0xA1, 0xE7, 0x0F, 0x58, 0x02, 0xDF,
    0x3B, 0xCB, 0x6A, 0xF9, 0xF5, 0xFA, 0xF0, 0x5F, 0xF1, 0x39, 0x6D, 0xEE, 0xFF, 0x00, 0xED, 0x5C,
    0xBF, 0x93, 0xDC, 0x46, 0x76, 0x6E, 0x00, 0x4B, 0x8E, 0x8F, 0xA8, 0x33, 0x18, 0x88, 0xAE, 0xD2,
    0xB1, 0xA4, 0x49, 0x14, 0xA8, 0x28, 0x8B, 0x48, 0x7D, 0x55, 0xBB, 0x04, 0xEC, 0x0B, 0x14, 0x7A,
    0x03, 0x6D, 0x39, 0x70, 0x70, 0x0E, 0x14, 0xC9, 0xC1, 0xA6, 0x0C, 0x96, 0x04, 0x7C, 0xFE, 0x07,
    0x98, 0x38, 0x72, 0xA2, 0x40, 0x75, 0x45, 0xF1, 0x02, 0x2A, 0x50, 0xC0, 0x60, 0x49, 0xC0, 0xBE,
    0xE0, 0xD2, 0x09, 0xEE, 0xCA, 0xE1, 0x4D, 0x40, 0x95, 0xCF, 0x72, 0xB0, 0x70, 0xD5, 0x9C, 0x3D,
    0x14, 0x67, 0xD0, 0x7E, 0xDF, 0xF7, 0x5E, 0x63, 0xB0, 0x4B, 0x52, 0x12, 0x7F, 0x1C, 0x45, 0xEE,
    0xDD, 0xD4, 0x6E, 0xF7, 0xDB, 0x19, 0x4C, 0xA3, 0xFB, 0xBD, 0xEE, 0xF7, 0xE3, 0x7B, 0x0F, 0xEB,
    0x9C, 0xBC, 0xE2, 0x39, 0x5A, 0x97, 0x2E, 0x5D, 0xEC, 0xFB, 0x32, 0x5D, 0xB9, 0xDC, 0xFB, 0x45,
    0xBC, 0x74, 0xBE, 0x8E, 0x7B, 0xB7, 0x48, 0x56, 0xCE, 0x55, 0x75, 0x97, 0x2E, 0x9C, 0x9B, 0xFE,
    0x47, 0x9B, 0xC9, 0xB5, 0x59, 0xEF, 0xF2, 0x99, 0x73, 0x93, 0x85, 0x2B, 0x5A, 0xE7, 0xE4, 0xF3,
    0xAA, 0x66, 0xD7, 0x48, 0x17, 0xAF, 0x5D, 0x53, 0xB2, 0xF3, 0xE8, 0x7A, 0x76, 0xD1, 0xE3, 0x3A,
    0xF9, 0xCC, 0xAE, 0xB4, 0xEF, 0xD9, 0x28, 0x36, 0x66, 0xDE, 0xF2, 0x0E, 0x53, 0xDC, 0xAF, 0x73,
    0x69, 0x27, 0x77, 0x9F, 0xE1, 0x7D, 0x57, 0xC8, 0x65, 0xBE, 0x94, 0x41, 0x84, 0xEC, 0x9B, 0xA5,
    0x74, 0x67, 0xBD, 0xAF, 0xB1, 0x80, 0x33, 0xBB, 0x4E, 0x5F, 0x3F, 0x60, 0x8B, 0x81, 0xD8, 0x46,
    0x1F, 0x62, 0xB4, 0xC6, 0xCF, 0xD2, 0x36, 0xE9, 0x6F, 0x2F, 0xD3, 0x3A, 0x9B, 0x47, 0xFD, 0x14,
    0xEF, 0x55, 0x4B, 0x57, 0x94, 0xB8, 0xA4, 0x72, 0xBC, 0x84, 0x37, 0xF1, 0x72, 0xC7, 0x99, 0x93,
    0xF1, 0x65, 0xAD, 0xE3, 0xD6, 0x0F, 0xED, 0xCC, 0xAE, 0xD4, 0x6F, 0xC9, 0x84, 0xE4, 0x27, 0xE7,
    0x20, 0x59, 0x87, 0x89, 0xE1, 0x2E, 0x72, 0xEB, 0xCA, 0xDF, 0x90, 0x56, 0xEE, 0x1E, 0x5E, 0x97,
    0xAD, 0x6F, 0xEA, 0xCA, 0xAF, 0x5D, 0xB1, 0x6C, 0x5A, 0xF6, 0xAB, 0xBC, 0x8E, 0xB1, 0x82, 0x55,
    0x56, 0x62, 0x78, 0x77, 0x38, 0x75, 0xDA, 0x5F, 0xD3, 0xBE, 0xE9, 0xB4, 0xBF, 0xEB, 0xEC, 0xFD,
    0x97, 0xD4, 0xDF, 0xC1, 0xBD, 0xE5, 0x97, 0x6B, 0xA9, 0x5D, 0xD4, 0x81, 0x9D, 0x22, 0x04, 0xF4,
    0xD3, 0x07, 0x94, 0x90, 0x9B, 0x78, 0xEF, 0x75, 0x4D, 0x7E, 0xC1, 0x3E, 0xDA, 0x1B, 0x96, 0x7B,
    0xB6, 0x64, 0x27, 0x8C, 0xC2, 0x2B, 0xEF, 0xD8, 0x65, 0x5D, 0xD1, 0xBB, 0xC2, 0x27, 0xF3, 0xF7,
    0x7A, 0x77, 0xD1, 0x27, 0x2D, 0xF8, 0xE5, 0xD3, 0x1A, 0x3C, 0xF6, 0xF7, 0x1C, 0xBB, 0xB9, 0x76,
    0xEE, 0xB9, 0xBB, 0xC6, 0x45, 0xE8, 0xAA, 0x32, 0xF1, 0x9C, 0xFA, 0xB4, 0xC2, 0x74, 0xFC, 0xBA,
    0xFA, 0x1D, 0x26, 0xDE, 0x15, 0xB2, 0x9B, 0xDC, 0x05, 0x37, 0x7A, 0x7D, 0xE2, 0xDE, 0x1D, 0xE8,
    0x6B, 0x5C, 0xB7, 0xBE, 0xF2, 0x9F, 0x74, 0x03, 0x9D, 0x1D, 0xB5, 0x03, 0x9D, 0xF8, 0x72, 0xA0,
    0x63, 0x3F, 0x1A, 0xE8, 0x43, 0x77, 0xEC, 0x55, 0x79, 0xFF, 0x5F, 0xDA, 0xF9, 0x0E, 0xCD, 0x1C,
    0xFC, 0xC2, 0x21, 0xF3, 0xEE, 0xA2, 0xCC, 0xF5, 0x1E, 0xB9, 0x23, 0xDF, 0x97, 0x5D, 0x70, 0x48,
    0x1E, 0x0B, 0x9D, 0xCF, 0x21, 0x00, 0x79, 0xC7, 0xF3, 0x04, 0x7C, 0xC1, 0xB5, 0xC8, 0xCF, 0x64,
    0x25, 0x74, 0xB2, 0x26, 0x8D, 0xF3, 0xE0, 0xE4, 0xC0, 0x82, 0x96, 0x13, 0xC4, 0x0B, 0x41, 0xEB,
    0xE9, 0x98, 0x2B, 0x17, 0xC8, 0x82, 0x76, 0x43, 0x63, 0xCE, 0x46, 0xC7, 0xC3, 0x7B, 0x36, 0x96,
    0xD1, 0xD9, 0x72, 0x43, 0x4F, 0xBB, 0x0D, 0x5D, 0xCC, 0xB4, 0xC7, 0x54, 0x9A, 0xD6, 0xC6, 0x30,
    0x66, 0xDB, 0x18, 0x49, 0x6F, 0xB4, 0xCC, 0x53, 0x7E, 0xDC, 0x3B, 0x1C, 0x6F, 0x81, 0x1F, 0xB7,
    0x6D, 0xEB, 0xC2, 0x56, 0x38, 0x70, 0x3A, 0x06, 0x4E, 0xE9, 0xA1, 0xCC, 0x63, 0xA2, 0xCB, 0x8F,
    0x56, 0xFB, 0x60, 0x8C, 0xDC, 0x41, 0x5E, 0x4B, 0x61, 0x52, 0x5F, 0x1A, 0x1D, 0xD8, 0x5C, 0x8B,
    0x94, 0x8C, 0xEC, 0x26, 0x33, 0xE3, 0xAC, 0x5B, 0xE5, 0xA5, 0x31, 0xD6, 0x15, 0x8D, 0x33, 0xBE,
    0xBA, 0xA9, 0xB2, 0x06, 0x87, 0x0B, 0xF7, 0xD7, 0xBB, 0xBB, 0x68, 0xD7, 0x19, 0x53, 0xDD, 0x66,
    0xAE, 0x6E, 0xB3, 0x04, 0x19, 0x68, 0x65, 0x1C, 0x0D, 0xA4, 0x30, 0xF4, 0x9A, 0x13, 0x15, 0xA8,
    0x7C, 0xB8, 0x03, 0xB5, 0xA4, 0xE4, 0xE7, 0x58, 0x40, 0xE0, 0x62, 0x53, 0x0E, 0x64, 0x7F, 0x8C,
    0xAF, 0x46, 0xA6, 0x8B, 0x0D, 0x87, 0xE7, 0x03, 0x23, 0x8B, 0x76, 0xE0, 0x63, 0x53, 0x0E, 0x5F,
    0xE9, 0x87, 0x99, 0x05, 0xC1, 0xC8, 0x0A, 0x64, 0x80, 0xB7, 0x6C, 0x15, 0x32, 0xFB, 0xF7, 0x37,
    0x2C, 0xDC, 0x31, 0x0E, 0xCA, 0x31, 0x3D, 0x54, 0x06, 0x3A, 0x69, 0x57, 0xCA, 0x3F, 0x92, 0x72,
    0x1C, 0x6F, 0x95, 0xEE, 0x4D, 0x1E, 0xCA, 0xCC, 0xB7, 0x2E, 0xAB, 0x73, 0x1E, 0xDB, 0x56, 0xCE,
    0xF3, 0x5D, 0xEE, 0x71, 0x51, 0x94, 0xFD, 0xD2, 0x28, 0xEA, 0x1C, 0xA5, 0x28, 0x73, 0x52, 0x67,
    0xCA, 0x40, 0xA9, 0xB6, 0x35, 0x2A, 0xF2, 0xEB, 0xBC, 0x8D, 0xB1, 0xB5, 0x45, 0x19, 0xFC, 0x54,
    0xA9, 0xE9, 0x62, 0x72, 0xD4, 0xC6, 0x9D, 0x4C, 0x0D, 0xEC, 0x69, 0x13, 0xD1, 0x95, 0xB5, 0x28,
    0xC9, 0xAA, 0x4D, 0xC0, 0xAD, 0xCA, 0x05, 0x2D, 0xDF, 0x28, 0x35, 0x59, 0x72, 0x55, 0x2D, 0x85,
    0x62, 0x94, 0xBC, 0xDF, 0x2B, 0x55, 0xD5, 0x81, 0xF2, 0xCE, 0x28, 0x63, 0xAA, 0x50, 0xF2, 0x55,
    0x1B, 0x05, 0xF2, 0xD4, 0x91, 0xE5, 0xED, 0xCF, 0x79, 0x37, 0x7C, 0xB5, 0xE3, 0x0C, 0x70, 0x75,
    0x97, 0x2D, 0x26, 0xBF, 0x9D, 0x89, 0x54, 0x27, 0x98, 0x69, 0xD6, 0x43, 0x77, 0x75, 0x91, 0x5F,
    0x65, 0xFE, 0x03, 0x50, 0xB6, 0x3E, 0x9E, 0x53, 0x9C, 0x25, 0xD9, 0x73, 0x03, 0x11, 0xF3, 0xA0,
    0x4F, 0xBC, 0x6D, 0x75, 0x3B, 0x7E, 0x22, 0xB4, 0xD5, 0x2B, 0x40, 0x24, 0xAD, 0x11, 0x93, 0xDA,
    0x88, 0xF4, 0x11, 0x22, 0x03, 0x81, 0xE3, 0x5E, 0x80, 0xC0, 0x16, 0xF1, 0x20, 0x9A, 0x40, 0xD8,
    0x89, 0x7A, 0x84, 0x48, 0x1E, 0x21, 0x26, 0x8B, 0xA0, 0x08, 0x83, 0x4E, 0xCC, 0x67, 0xF6, 0x46,
    0xD0, 0x86, 0xD9, 0xFD, 0xA0, 0xF8, 0xA2, 0xF0, 0x4E, 0xA7, 0xAC, 0xDC, 0xF4, 0xCA, 0xD1, 0x54,
    0xCF, 0x91, 0x9D, 0xBD, 0x27, 0xF6, 0x89, 0xE7, 0xB6, 0x70, 0x51, 0xA3, 0xBD, 0x6D, 0x13, 0x07,
    0xBF, 0xE0, 0x05, 0xF4, 0x49, 0xAB, 0xFD, 0xA4, 0xD6, 0x3E, 0x3D, 0xD1, 0x67, 0xD2, 0x2B, 0xEF,
    0xD2, 0x4E, 0x59, 0x97, 0x76, 0x8D, 0xF5, 0x3A, 0xC9, 0x27, 0xF5, 0xD9, 0xDC, 0x7A, 0x63, 0x51,
    0x38, 0x3C, 0x95, 0xF2, 0x25, 0x5B, 0x0F, 0x97, 0x7D, 0xFC, 0x99, 0x73, 0xBB, 0x4D, 0x2F, 0x9C,
    0x9F, 0xF4, 0xD8, 0x5F, 0xD6, 0x44, 0x2B, 0x6A, 0x82, 0x47, 0x9B, 0x06, 0x1F, 0xE4, 0x68, 0xE2,
    0x55, 0xB8, 0xEE, 0xF9, 0x1A, 0xD1, 0x45, 0xD0, 0xBE, 0xBF, 0x8B, 0x44, 0x6D, 0xAC, 0x22, 0x88,
    0xFB, 0x44, 0xC3, 0x4D, 0x91, 0x2C, 0xC3, 0x1E, 0x80, 0x6B, 0x46, 0xBF, 0x25, 0x79, 0xE0, 0x2A,
    0x59, 0x48, 0xEE, 0x17, 0x85, 0xEF, 0x2B, 0x6F, 0x94, 0x8F, 0xE5, 0xD4, 0x51, 0x0F, 0xCA, 0xE1,
    0x9B, 0x41, 0xE1, 0xC3, 0xD1, 0xF3, 0x54, 0xFD, 0x58, 0x3F, 0x34, 0xBA, 0x52, 0xFF, 0xB7, 0x0E,
    0xD4, 0xEF, 0x7D, 0xA0, 0x16, 0x72, 0xAD, 0x51, 0xA2, 0x80, 0x8C, 0x12, 0x53, 0x64, 0x94, 0x18,
    0x28, 0xA3, 0x64, 0x5F, 0x1A, 0x25, 0xF3, 0x37, 0x4A, 0x14, 0x7E, 0xA0, 0x8A, 0x36, 0x50, 0xD3,
    0x2E, 0x50, 0xD9, 0x22, 0x50, 0xC9, 0x2A, 0x50, 0xB1, 0x0F, 0x94, 0xF3, 0x87, 0x81, 0x82, 0x83,
    0xA0, 0x54, 0x3E, 0x50, 0x19, 0x29, 0xF1, 0x8E, 0x69, 0x34, 0xAA, 0x72, 0x5F, 0x9C, 0xBC, 0x98,
    0x54, 0x83, 0xB5, 0xAD, 0x06, 0xD9, 0xBA, 0xC7, 0x53, 0x8D, 0x7B, 0x94, 0xEA, 0x07, 0x1F, 0x62,
    0x1D, 0xA8, 0x74, 0xB0, 0x77, 0x7E, 0x16, 0x4E, 0xE0, 0x83, 0x8D, 0x43, 0xB1, 0x3B, 0x9C, 0x53,
    0xE3, 0x7C, 0xB2, 0x36, 0xC6, 0x27, 0x6B, 0xE3, 0xBB, 0x88, 0xCC, 0xD8, 0xEE, 0x02, 0xD7, 0x5D,
    0x60, 0xBA, 0x0B, 0x3C, 0x77, 0xC6, 0x72, 0xD9, 0x4D, 0xCA, 0xF1, 0xFD, 0x95, 0x31, 0x5C, 0xD6,
    0xA4, 0xFC, 0x96, 0x71, 0x94, 0xDD, 0x20, 0xC8, 0x6D, 0x10, 0x64, 0x36, 0x08, 0xF2, 0x9A, 0x04,
    0x58, 0x4D, 0x02, 0x9C, 0x26, 0x01, 0x46, 0x93, 0x00, 0x9F, 0x49, 0x80, 0xCD, 0x24, 0xC0, 0x65,
    0x25, 0x84, 0xC9, 0x4A, 0xE4, 0x81, 0xC8, 0x40, 0x18, 0x87, 0xB1, 0x23, 0xC9, 0x60, 0xEC, 0x4A,
    0xF2, 0x37, 0x0A, 0x8A, 0xE8, 0x1B, 0x88, 0x8D, 0xFA, 0x0A, 0x6C, 0x9C, 0x04, 0x65, 0x35, 0x9D,
    0x07, 0xBE, 0xD6, 0x27, 0xD9, 0xBA, 0x7B, 0xFC, 0x3B, 0xC1, 0x29, 0x08, 0x9A, 0x2F, 0x5E, 0xB8,
    0x27, 0xBE, 0xD4, 0xC9, 0xC7, 0xB6, 0x97, 0x2D, 0xBE, 0xDA, 0x5F, 0xC2, 0x13, 0xD9, 0x5F, 0x25,
    0x5F, 0xCF, 0xA6, 0x58, 0xBC, 0xE8, 0x0E, 0x19, 0x54, 0x7A, 0x1E, 0x56, 0xE9, 0xD7, 0xD6, 0x73,
    0x35, 0x2F, 0xBE, 0x17, 0xCD, 0x21, 0x0E, 0x4B, 0xB2, 0xBA, 0xED, 0xE7, 0x91, 0x9F, 0x27, 0x2B,
    0x9A, 0xB9, 0x2E, 0x39, 0xB1, 0x9E, 0xB0, 0xCE, 0xA1, 0x5F, 0x1C, 0x67, 0x55, 0xD0, 0x61, 0xA6,
    0xB3, 0x82, 0xAF, 0xCB, 0xB3, 0x6F, 0x8E, 0xB2, 0xF9, 0xC8, 0xF9, 0x07, 0xDD, 0xC8, 0x33, 0xB6,
    0x0B, 0x83, 0x3F, 0x7C, 0xDC, 0x15, 0x5E, 0x8E, 0xF7, 0xB9, 0xFA, 0x8A, 0x34, 0xAB, 0xB8, 0x5F,
    0xC3, 0xEF, 0x65, 0x05, 0x05, 0x33, 0xD5, 0xDB, 0xEE, 0x68, 0xF4, 0xB0, 0xAD, 0xC6, 0xE6, 0x50,
    0xE7, 0xB4, 0xE0, 0x94, 0x23, 0x5D, 0x51, 0x3C, 0xE7, 0x68, 0x09, 0x43, 0x36, 0x37, 0x51, 0x6F,
    0x2C, 0xAB, 0x79, 0xE4, 0x32, 0xD1, 0xD1, 0x2D, 0x8E, 0x05, 0xBB, 0x1D, 0x8D, 0x45, 0x0E, 0xD4,
    0x74, 0xDD, 0xD1, 0x15, 0x2E, 0xE8, 0x7D, 0x20, 0xB6, 0x81, 0xF3, 0xDA, 0xD1, 0xB6, 0x83, 0x03,
    0x12, 0x32, 0xDC, 0xEE, 0x6B, 0x77, 0xDB, 0xDF, 0xC7, 0x77, 0xE1, 0x51, 0x71, 0xCD, 0x87, 0x11,
    0xB6, 0xEC, 0x64, 0x6E, 0xAB, 0xE5, 0xD4, 0x75, 0x19, 0xC3, 0x3A, 0x19, 0x01, 0x35, 0xB2, 0x01,
    0x92, 0xFE, 0xEF, 0x57, 0x60, 0xD7, 0x1A, 0x37, 0x6A, 0x5C, 0x32, 0xC7, 0x91, 0xDF, 0x85, 0x8F,
    0xE2, 0x86, 0xE6, 0xCC, 0x2D, 0x4F, 0xFF, 0xD6, 0xA5, 0xA2, 0x44, 0xB1, 0x39, 0x2B, 0x0D, 0x47,
    0x85, 0x09, 0xCD, 0xD0, 0x78, 0x79, 0x4F, 0xD8, 0x39, 0x9D, 0x4F, 0x8B, 0x32, 0xF3, 0xAB, 0xE2,
    0x7E, 0xEC, 0xBB, 0x7C, 0xC9, 0xD0, 0xE5, 0x23, 0xF7, 0xE6, 0x8E, 0x04, 0x8C, 0xFF, 0xDC, 0xA5,
    0x47, 0xB3, 0xC4, 0xD7, 0xF0, 0x27, 0x3F, 0x34, 0x17, 0x46, 0x7E, 0x60, 0x64, 0xD5, 0x67, 0x79,
    0xD6, 0x1F, 0x19, 0x41, 0x4C, 0x42, 0xE3, 0xD7, 0x72, 0xA3, 0x2B, 0xEE, 0x30, 0xFB, 0x99, 0xB8,
    0x4E, 0x72, 0x23, 0x72, 0xF9, 0x0D, 0x5B, 0x70, 0x21, 0xDE, 0xB6, 0x5E, 0xDF, 0x7C, 0xE7, 0x1F,
    0x5F, 0xBE, 0xE7, 0x1F, 0x88, 0xB9, 0x10, 0x7F, 0x34, 0x92, 0x28, 0x39, 0x99, 0xA7, 0xC2, 0xCD,
    0x68, 0x59, 0x60, 0xBC, 0x7B, 0xDC, 0x1D, 0x05, 0xB7, 0x0A, 0xA3, 0x8F, 0x8D, 0x67, 0xE6, 0x08,
    0x51, 0x50, 0xA2, 0xD0, 0x21, 0x00, 0x28, 0x14, 0x9F, 0x20, 0x3C, 0x31, 0x23, 0x3A, 0xD1, 0x29,
    0x38, 0xA1, 0x1E, 0xA6, 0x82, 0x0A, 0x8A, 0x30, 0x28, 0xDC, 0xA0, 0xD8, 0x83, 0x02, 0x11, 0x27,
    0xDB, 0xB8, 0xD7, 0x6B, 0xF4, 0x7A, 0xFD, 0xAE, 0x8E, 0xA3, 0x70, 0x84, 0xA2, 0x11, 0x0A, 0x46,
    0x18, 0x16, 0xA1, 0x50, 0x84, 0x22, 0x11, 0x06, 0x44, 0x00, 0x87, 0x88, 0x6A, 0xF7, 0x0F, 0xD8,
    0xA8, 0x72, 0xE9, 0xF5, 0x0C, 0x5B, 0x10, 0x03, 0x67, 0x7D, 0x50, 0x2B, 0xD1, 0xEE, 0x31, 0xCD,
    0x21, 0xD8, 0x84, 0x82, 0x06, 0x40, 0x26, 0x14, 0x4A, 0x00, 0x2E, 0x51, 0x13, 0x60, 0x20, 0xD6,
    0x40, 0xD8, 0x81, 0x38, 0xC4, 0xA6, 0xF1, 0xA1, 0x99, 0xF1, 0x12, 0x5E, 0x4C, 0x30, 0x82, 0x03,
    0x10, 0x8A, 0x50, 0x24, 0x82, 0x40, 0x84, 0xAA, 0xA8, 0x77, 0x14, 0x1C, 0xB9, 0xAC, 0xCA, 0x3F,
    0xFB, 0x77, 0x9E, 0xF9, 0xC9, 0xC3, 0xB9, 0xB2, 0x56, 0x4F, 0xBA, 0x1D, 0xF4, 0x0B, 0xE3, 0xF8,
    0x55, 0x60, 0x0A, 0xBF, 0xB0, 0x8E, 0xAA, 0x73, 0x3D, 0x60, 0x05, 0xDF, 0x47, 0x77, 0x67, 0x40,
    0x26, 0x0C, 0x98, 0x30, 0x5C, 0xC2, 0x60, 0x89, 0x80, 0x4A, 0x18, 0x28, 0xA1, 0x98, 0xC4, 0x39,
    0xC4, 0x8E, 0xA2, 0x20, 0x32, 0x88, 0x78, 0x71, 0x9D, 0x86, 0x97, 0xAA, 0xB0, 0xE2, 0x45, 0xF9,
    0xFC, 0xC4, 0x4E, 0xD3, 0xBD, 0x0D, 0xB0, 0xC2, 0x11, 0xAB, 0x60, 0x54, 0xED, 0x43, 0x68, 0xF7,
    0xFC, 0xAD, 0xA2, 0x13, 0x0A, 0x4E, 0x28, 0x36, 0xA1, 0xD0, 0x84, 0x21, 0x13, 0xCA, 0xFE, 0x4B,
    0xB7, 0x3E, 0xD3, 0x23, 0xD6, 0x8F, 0xFE, 0xB2, 0xD7, 0x96, 0x3B, 0xCF, 0xCF, 0x1C, 0xCF, 0x4B,
    0x55, 0xF3, 0x92, 0xA2, 0xEC, 0x55, 0xC0, 0x57, 0x4F, 0xDA, 0xA8, 0x53, 0x21, 0xC4, 0x33, 0x7B,
    0x7B, 0xAA, 0xD7, 0xDB, 0xD0, 0x8E, 0x5F, 0xE9, 0x6C, 0x5A, 0x13, 0x62, 0x62, 0x24, 0xC9, 0x41,
    0x66, 0xD3, 0xF2, 0x31, 0xF6, 0xFA, 0xFB, 0x16, 0xAB, 0x22, 0x34, 0x83, 0x2D, 0x36, 0x93, 0x9B,
    0xE9, 0x72, 0xA6, 0x7A, 0xC9, 0xBB, 0x86, 0x19, 0x1E, 0xAA, 0x03, 0xD9, 0x8F, 0x3A, 0x13, 0xF9,
    0xA9, 0x93, 0xAE, 0xEC, 0xF0, 0x7A, 0xE3, 0x2E, 0x73, 0xA9, 0x11, 0xCD, 0x40, 0xC2, 0xC3, 0x99,
    0xE2, 0xED, 0xB3, 0xF5, 0x39, 0x46, 0x4C, 0x8A, 0x16, 0x40, 0xD2, 0xE9, 0x3C, 0xAF, 0x11, 0x6A,
    0x9E, 0x79, 0xB5, 0x64, 0x7C, 0xD5, 0xBD, 0x4D, 0xBD, 0x52, 0x52, 0xC6, 0xD9, 0x7F, 0x76, 0xEA,
    0x1C, 0xA9, 0x3B, 0x6F, 0xDE, 0xA7, 0xAE, 0x3A, 0x57, 0x19, 0xDB, 0xD1, 0x0D, 0x07, 0xF9, 0x94,
    0xCA, 0x58, 0xD5, 0xB0, 0x9E, 0xD4, 0x78, 0x79, 0x8F, 0x9F, 0x93, 0x43, 0x05, 0x19, 0xF4, 0xA3,
    0x1B, 0x04, 0xF9, 0xCE, 0x95, 0x8F, 0xC8, 0xB8, 0x7D, 0x05, 0x65, 0xAC, 0xBE, 0x6A, 0x40, 0x40,
    0xCC, 0x63, 0x0E, 0x81, 0xC2, 0xA1, 0x76, 0x6F, 0x99, 0x8C, 0x0F, 0x46, 0x32, 0x2E, 0x82, 0x8C,
    0xEF, 0x9E, 0x4E, 0x19, 0x13, 0xA2, 0x9D, 0x2C, 0x47, 0xB1, 0xD8, 0x3D, 0xE3, 0x02, 0x3F, 0xA8,
    0x37, 0x32, 0xEE, 0xF2, 0x41, 0x57, 0xBF, 0x9A, 0x32, 0xA6, 0x37, 0x07, 0xC7, 0x6E, 0x02, 0x8C,
    0x50, 0xA0, 0xA0, 0x95, 0xFB, 0x21, 0xE6, 0xB1, 0x65, 0x11, 0x7C, 0x51, 0x86, 0x7D, 0xC0, 0x84,
    0x53, 0xDE, 0x5E, 0xD8, 0xDB, 0xAB, 0xDA, 0x02, 0x21, 0x47, 0xF1, 0xD5, 0xAD, 0x86, 0x1E, 0x19,
    0x50, 0xD0, 0xA2, 0x46, 0x53, 0xAA, 0x6F, 0x86, 0x9C, 0x52, 0xBA, 0x20, 0x24, 0x77, 0x1B, 0xB0,
    0x25, 0xC4, 0xAC, 0x3E, 0xE1, 0xAD, 0x5B, 0x9F, 0x52, 0x3F, 0xF8, 0x95, 0xFE, 0x75, 0x73, 0xC4,
    0x89, 0xF3, 0x1A, 0xA2, 0xAE, 0x63, 0x32, 0xB6, 0x57, 0xE3, 0x61, 0xDD, 0xD5, 0xA8, 0x7B, 0x8C,
    0x9D, 0x7B, 0x8D, 0xC3, 0xAD, 0xBD, 0xBD, 0x5D, 0x42, 0xAF, 0xD6, 0x6C, 0x5E, 0x2B, 0x39, 0x5F,
    0xD1, 0x5A, 0xE6, 0xC4, 0x46, 0x92, 0x07, 0xC7, 0x16, 0xFE, 0x52, 0xA3, 0xAF, 0x41, 0x4E, 0xD6,
    0x71, 0xCE, 0x9B, 0xD7, 0x47, 0x63, 0x54, 0xC2, 0x84, 0x10, 0x30, 0x8A, 0x8F, 0x4E, 0x93, 0x9C,
    0x22, 0x88, 0x28, 0x3A, 0x21, 0x27, 0x8C, 0xA1, 0xA7, 0x9F, 0x4D, 0x74, 0xFC, 0xC3, 0x97, 0x2C,
    0x27, 0x38, 0x8E, 0x01, 0xA5, 0x36, 0xAF, 0x31, 0xF3, 0x01, 0x02, 0x7A, 0xF2, 0x0B, 0x20, 0x2F,
    0xC3, 0x21, 0x12, 0xB8, 0x7C, 0x72, 0x9B, 0x59, 0x05, 0xF9, 0x7A, 0x8E, 0x24, 0x0A, 0x3C, 0x34,
    0x64, 0x21, 0x40, 0x6C, 0x83, 0xC0, 0xD8, 0x77, 0x90, 0xA1, 0xC0, 0x3B, 0x9D, 0x61, 0x27, 0xF1,
    0x3C, 0x80, 0x28, 0xAD, 0x11, 0x69, 0x9D, 0x07, 0x67, 0xCF, 0x88, 0x1D, 0xC8, 0x03, 0x72, 0x3C,
    0x08, 0xC4, 0xC2, 0x3E, 0x12, 0x29, 0xE4, 0x86, 0xAC, 0xD8, 0xDC, 0x27, 0x81, 0x90, 0x58, 0x46,
    0x3F, 0x9A, 0x06, 0x9C, 0x66, 0x47, 0x89, 0x4F, 0xA0, 0xBE, 0x41, 0x74, 0x84, 0xD6, 0x40, 0xE0,
    0x9C, 0x08, 0xD7, 0x24, 0x6B, 0xA6, 0x84, 0x60, 0xD8, 0x7D, 0x7D, 0x0E, 0xEB, 0xEA, 0x64, 0xB4,
    0x29, 0x89, 0x0D, 0x9F, 0x72, 0xCB, 0xEB, 0x86, 0xFE, 0x24, 0xE0, 0xB5, 0x17, 0x22, 0xD7, 0x39,
    0x94, 0x97, 0x08, 0xB1, 0xF7, 0xB7, 0x17, 0x90, 0xA3, 0x87, 0x5A, 0x83, 0x28, 0xB1, 0xF3, 0x20,
    0xCD, 0xD6, 0x04, 0xAA, 0x7B, 0x0F, 0x0D, 0xB7, 0xB2, 0xF6, 0x22, 0x59, 0x30, 0x96, 0x29, 0x3E,
    0xE0, 0xE9, 0x0F, 0xF4, 0x22, 0x8A, 0x58, 0x55, 0x6A, 0x65, 0xFA, 0xB5, 0xA9, 0xAD, 0x6F, 0xB5,
    0x17, 0x06, 0x44, 0x90, 0xF8, 0x91, 0x28, 0x65, 0x08, 0xFD, 0x57, 0x6B, 0xB1, 0x31, 0x22, 0xD3,
    0x08, 0x67, 0x31, 0x96, 0xAD, 0x98, 0xC3, 0xD5, 0xBA, 0x70, 0x02, 0x81, 0xAA, 0x3C, 0x72, 0x13,
    0xA9, 0x1A, 0xAD, 0x6A, 0x16, 0x61, 0x94, 0x5E, 0x6D, 0xDA, 0x92, 0xE7, 0x00, 0x67, 0x40, 0xFC,
    0x70, 0x9C, 0x88, 0x1F, 0x84, 0x1A, 0x82, 0xD0, 0x55, 0xBA, 0x5F, 0xF4, 0x40, 0x86, 0xCE, 0x9F,
    0xEC, 0xC0, 0x41, 0xE9, 0xE4, 0x1E, 0xB8, 0x24, 0x6A, 0x16, 0xFC, 0x9E, 0x84, 0x97, 0x48, 0xC2,
    0xCA, 0xB8, 0x32, 0xD8, 0xA5, 0xE6, 0x2B, 0xF8, 0x0C, 0x92, 0x5D, 0xC4, 0xFD, 0x2E, 0xEC, 0x7F,
    0x49, 0xBC, 0x57, 0x3E, 0x43, 0x12, 0x10, 0xB7, 0x16, 0xE6, 0xC1, 0xA7, 0x98, 0xAA, 0x9C, 0x65,
    0x49, 0x0F, 0xDC, 0xB8, 0x94, 0xE0, 0x3C, 0x04, 0x10, 0x13, 0xF9, 0x3D, 0x42, 0xDA, 0xF0, 0xEF,
    0xFA, 0xEB, 0x38, 0x64, 0xEB, 0x3F, 0x03, 0x88, 0xD7, 0x30, 0x9E, 0xA8, 0xD8, 0x8A, 0x71, 0x1A,
    0xB7, 0xF2, 0x69, 0x45, 0xC0, 0x0F, 0xD6, 0xB8, 0xE7, 0xB1, 0x2C, 0xB8, 0xD5, 0xF2, 0x7B, 0xA5,
    0x25, 0xFC, 0x35, 0xCD, 0xEF, 0x54, 0xA9, 0x46, 0x3D, 0xAD, 0x91, 0x6E, 0xFD, 0x02, 0xA0, 0x66,
    0xEC, 0x6F, 0xC1, 0x0A, 0xCE, 0x20, 0xE9, 0xBC, 0x14, 0x07, 0x4E, 0x7C, 0x98, 0x4B, 0xBF, 0xE8,
    0xEB, 0x02, 0x1F, 0x4B, 0x0B, 0x5D, 0x21, 0x37, 0x92, 0xBC, 0x8E, 0xD8, 0xB8, 0xFD, 0x16, 0x3B,
    0x15, 0xFA, 0x67, 0x5F, 0x4B, 0x21, 0x6E, 0xA8, 0xDA, 0x5B, 0xE8, 0xE8, 0xD7, 0x35, 0xDE, 0xC9,
    0x4D, 0xC1, 0xF5, 0x63, 0xD4, 0x35, 0xDA, 0x75, 0xAF, 0x9C, 0xD4, 0xD0, 0x51, 0x2A, 0x7A, 0x3F,
    0xE9, 0x9E, 0x42, 0x6A, 0x44, 0x0F, 0x77, 0xA0, 0xE8, 0x05, 0xAC, 0x93, 0xB5, 0x00, 0x3D, 0x4C,
    0x68, 0xF6, 0xFD, 0x08, 0x3D, 0x3C, 0xAF, 0x72, 0xA5, 0x58, 0x21, 0x55, 0x0A, 0x95, 0x32, 0xA5,
    0x48, 0x29, 0xC5, 0x4D, 0x43, 0x71, 0xAA, 0x34, 0x29, 0x4C, 0xCA, 0xF2, 0x32, 0x44, 0xF9, 0x45,
    0x10, 0x24, 0x39, 0xAD, 0x62, 0xA4, 0x14, 0x21, 0x44, 0xCA, 0x90, 0x22, 0xA4, 0x04, 0x0B, 0x03,
    0xDE, 0xE2, 0x05, 0xC5, 0x87, 0xCD, 0x32, 0xA7, 0xF0, 0x54, 0x76, 0x2A, 0x3A, 0x03, 0x7C, 0x09,
    0x7F, 0x1A, 0x00, 0x3A, 0x00, 0xBE, 0x66, 0xA8, 0xCC, 0x6C, 0x8D, 0x8F, 0x1B, 0xBC, 0x58, 0x61,
    0xA8, 0x75, 0x40, 0x23, 0xA7, 0x5A, 0xA0, 0x80, 0x80, 0x4D, 0xBA, 0x2B, 0x9A, 0xDF, 0xD3, 0x04,
    0x77, 0xAC, 0x85, 0x06, 0xA9, 0xD6, 0x15, 0x4C, 0x35, 0xF7, 0x77, 0x8D, 0x9D, 0xDE, 0xD5, 0xB3,
    0xF2, 0xC4, 0xF9, 0x4C, 0xFF, 0x2A, 0xD4, 0xF2, 0x36, 0x5A, 0x7C, 0xF0, 0x3F, 0xD4, 0xCE, 0xBE,
    0x6D, 0xB4, 0x44, 0xA1, 0xD0, 0xC1, 0xAC, 0x90, 0x61, 0xC2, 0x34, 0xAE, 0x4B, 0x2C, 0xF9, 0xEE,
    0x35, 0x95, 0x5C, 0x69, 0x0E, 0x3E, 0x47, 0xB5, 0x41, 0x89, 0x5C, 0x9C, 0x20, 0x9D, 0x08, 0xD0,
    0x1A, 0xA4, 0x28, 0xF7, 0xE7, 0x21, 0x59, 0xCE, 0x44, 0x79, 0x32, 0xA7, 0x21, 0x7B, 0xB8, 0x08,
    0xE9, 0x94, 0xB0, 0xBD, 0xA0, 0x60, 0x2E, 0x11, 0x95, 0xA9, 0xB8, 0xFE, 0x49, 0x3F, 0x4A, 0xE9,
    0x7C, 0x5B, 0xDB, 0x78, 0xA4, 0xB6, 0xF7, 0x05, 0xD1, 0xEC, 0xB9, 0xA5, 0x7A, 0x87, 0xA8, 0xA8,
    0x27, 0x5F, 0x7A, 0xB2, 0xA5, 0x27, 0x57, 0x7A, 0x32, 0xA5, 0xA7, 0x86, 0x5F, 0x57, 0x5C, 0x1A,
    0xDD, 0x6D, 0xFF, 0x4B, 0x5E, 0x13, 0x69, 0xC5, 0x01, 0xB6, 0x76, 0xCF, 0x69, 0xF5, 0xE4, 0x73,
    0x8F, 0xE5, 0xCB, 0x67, 0x22, 0x98, 0xDC, 0xDF, 0x8F, 0xA0, 0xA9, 0x57, 0xA1, 0x0C, 0xE7, 0xB5,
    0x00, 0x52, 0xD3, 0xD9, 0x26, 0x66, 0xB8, 0xA6, 0xBE, 0xDF, 0x23, 0xAD, 0xDF, 0xD3, 0x8D, 0x46,
    0xA3, 0xBA, 0x7E, 0x99, 0x80, 0x6A, 0x72, 0x5F, 0x3D, 0x2A, 0x84, 0x71, 0x61, 0x82, 0x77, 0x87,
    0x50, 0xA7, 0xFA, 0x17, 0x2A, 0xD7, 0xD2, 0x76, 0x44, 0x44, 0xDC, 0x4A, 0xB4, 0xCB, 0x2C, 0xB4,
    0xE3, 0xD7, 0x69, 0x95, 0x05, 0x7C, 0xC3, 0x04, 0x6E, 0x45, 0xAC, 0x1E, 0x8D, 0x7B, 0xE9, 0xA8,
    0x37, 0x93, 0x5A, 0x14, 0x12, 0xA7, 0x7E, 0x7D, 0x68, 0xD4, 0xBD, 0xF8, 0x0D, 0xD9, 0x2E, 0x1F,
    0x9F, 0x85, 0x00, 0x08, 0x8E, 0x13, 0x1A, 0x27, 0x30, 0x4E, 0x58, 0x5C, 0x41, 0x71, 0xDA, 0x89,
    0x00, 0x88, 0xB3, 0x6E, 0x24, 0x0D, 0xCD, 0x2C, 0xFD, 0xCD, 0xDE, 0x4F, 0xEB, 0x14, 0xCA, 0x2C,
    0x55, 0x47, 0x9E, 0x60, 0x15, 0x6D, 0x5B, 0x1E, 0x60, 0x00, 0x9E, 0xE2, 0xF4, 0xD7, 0xF4, 0x3A,
    0xEF, 0xD3, 0xF5, 0xC4, 0x80, 0x0D, 0x2E, 0x9C, 0x2E, 0xAC, 0x86, 0x4B, 0xC1, 0xC0, 0x84, 0x5E,
    0xFB, 0x7A, 0x8A, 0xA6, 0xA0, 0xB0, 0x45, 0x1F, 0x43, 0x5E, 0xD9, 0xA2, 0x10, 0x75, 0x3F, 0xCB,
    0xFC, 0x6D, 0x91, 0x0E, 0x77, 0x0A, 0x5C, 0x68, 0x35, 0xA9, 0x34, 0xA8, 0xDF, 0x9C, 0x67, 0x30,
    0x8F, 0xD7, 0x97, 0x43, 0x03, 0xE7, 0xF1, 0x50, 0xF4, 0xAC, 0xD8, 0x89, 0x1F, 0x0A, 0x4E, 0x1A,
    0xF8, 0x74, 0xE5, 0xD8, 0x9C, 0xE9, 0xCF, 0x66, 0xBF, 0xA6, 0x23, 0x28, 0xEC, 0xFC, 0x0B, 0x16,
    0x5C, 0x6A, 0x6A, 0x8F, 0x96, 0xD4, 0x62, 0xDE, 0x50, 0xE6, 0x97, 0x0D, 0x0D, 0xFF, 0x9C, 0xB6,
    0xEF, 0xE3, 0xD3, 0xEB, 0x88, 0x92, 0x2B, 0x2A, 0xA7, 0x99, 0x4C, 0x6B, 0x0A, 0x47, 0x22, 0x6A,
    0x1E, 0x00, 0xE2, 0x3C, 0x27, 0xB8, 0x88, 0x30, 0x3B, 0x79, 0x38, 0x07, 0xA3, 0x85, 0x2B, 0x17,
    0x86, 0xB9, 0xD6, 0x67, 0x45, 0x30, 0x55, 0x6D, 0xF5, 0x95, 0xCF, 0xF2, 0x53, 0xE2, 0x87, 0xF7,
    0x15, 0xEB, 0x28, 0x6A, 0xF3, 0x7A, 0xF9, 0xA7, 0x4A, 0xBC, 0x17, 0x50, 0x89, 0x17, 0x6A, 0xEE,
    0x8C, 0x8F, 0x43, 0x42, 0x5D, 0x6B, 0xEE, 0xEC, 0xA6, 0x21, 0xB6, 0xF2, 0x21, 0xB3, 0xF2, 0x47,
    0x5B, 0x73, 0x17, 0xF6, 0xF3, 0x90, 0xAB, 0x68, 0x06, 0x2A, 0x7F, 0x4A, 0xEA, 0x14, 0xD7, 0xDC,
    0x0D, 0xA8, 0x61, 0x00, 0x53, 0x0B, 0xFD, 0x44, 0x01, 0x52, 0x75, 0x00, 0x81, 0x66, 0xF0, 0xAF,
    0xC7, 0x45, 0xA4, 0xA7, 0x20, 0x46, 0x70, 0xF1, 0xCD, 0x00, 0x9B, 0xB2, 0x70, 0x2C, 0x1F, 0xF4,
    0x31, 0x97, 0x5F, 0xBE, 0xD2, 0x31, 0x02, 0x9C, 0xFC, 0x8A, 0x30, 0x98, 0x52, 0x6B, 0xEA, 0x84,
    0xD2, 0x69, 0xA1, 0xDF, 0x70, 0x48, 0xFF, 0x00, 0x14, 0x5E, 0xB4, 0x88, 0x23, 0x4A, 0x43, 0x89,
    0x75, 0xB8, 0x6E, 0xA3, 0x10, 0x9E, 0x81, 0x5A, 0x9E, 0xA4, 0x1A, 0x44, 0xBF, 0x5C, 0x57, 0x51,
    0x8B, 0x94, 0x11, 0x36, 0xB8, 0xE9, 0xD7, 0x00, 0x3A, 0xB0, 0xEA, 0x89, 0x1F, 0xEA, 0xB9, 0x2E,
    0x6C, 0x76, 0x77, 0xB5, 0x8A, 0x1A, 0xF9, 0xB0, 0x5A, 0xD3, 0xFB, 0x8B, 0xFA, 0xE2, 0xE7, 0xB2,
    0x7D, 0x5C, 0x7F, 0xC8, 0x82, 0x32, 0x91, 0x49, 0xA2, 0x95, 0x72, 0x91, 0xA9, 0x4E, 0x6F, 0xD6,
    0xA1, 0x1C, 0x2B, 0xB9, 0xA0, 0xEB, 0x8E, 0x77, 0x83, 0x52, 0xDB, 0x98, 0x00, 0x9B, 0xFC, 0x64,
    0x39, 0x28, 0x5D, 0xAF, 0xBB, 0xCF, 0xDB, 0xF3, 0x13, 0xE3, 0x55, 0x22, 0xD8, 0x9A, 0xB3, 0x23,
    0xC4, 0xE2, 0x53, 0x8B, 0xAB, 0x78, 0xD6, 0x74, 0x7B, 0x0E, 0x67, 0xC0, 0x7D, 0x5B, 0x17, 0xA9,
    0xDE, 0x7F, 0x4F, 0xBF, 0x57, 0x05, 0x56, 0x98, 0x1A, 0xB4, 0xD3, 0x66, 0x4F, 0x04, 0x58, 0xD6,
    0x33, 0x00, 0x83, 0xDB, 0x21, 0xAB, 0xFD, 0xC8, 0xC9, 0xD6, 0x12, 0x37, 0x2B, 0x70, 0x1B, 0xCA,
    0x0A, 0x15, 0xB3, 0xB4, 0xD2, 0x36, 0x2B, 0x6C, 0xB3, 0xB2, 0x36, 0xAB, 0x23, 0xB4, 0x22, 0x42,
    0xAB, 0x20, 0xB4, 0xF2, 0x41, 0xAB, 0x1D, 0xB4, 0xC2, 0x41, 0xAB, 0x1A, 0xB4, 0x92, 0x41, 0xAB,
    0x17, 0xB4, 0x62, 0x41, 0xAB, 0x14, 0xB4, 0x32, 0x41, 0xAB, 0x11, 0xB4, 0x02, 0x41, 0xAB, 0x0E,
    0xB4, 0xD2, 0x40, 0x2D, 0x5A, 0xB3, 0x92, 0x35, 0x2B, 0x58, 0x0B, 0xE5, 0x80, 0x67, 0x3F, 0x1D,
    0x25, 0x7A, 0x95, 0x1D, 0x85, 0x5A, 0x84, 0x7A, 0xA4, 0xD2, 0xCA, 0xE3, 0xBE, 0xB1, 0x56, 0x92,
    0x69, 0x1D, 0x99, 0x56, 0x91, 0x69, 0x0D, 0x99, 0x56, 0x90, 0x69, 0xFD, 0x98, 0x56, 0x7B, 0x3D,
    0x4F, 0xAB, 0x75, 0x62, 0x5A, 0x25, 0xA6, 0x35, 0x62, 0x43, 0xD6, 0x26, 0x54, 0xAE, 0xE6, 0xF5,
    0xC8, 0xE3, 0x77, 0xF3, 0x71, 0x84, 0x9F, 0xEA, 0xA6, 0xC8, 0xFF, 0x95, 0x42, 0xDD, 0xD6, 0xA7,
    0x88, 0x0E, 0x22, 0x76, 0xDB, 0xDA, 0x5D, 0xA1, 0x5B, 0x09, 0x5F, 0x6E, 0x04, 0x10, 0x24, 0x8F,
    0xC3, 0xB5, 0xDF, 0x36, 0xF4, 0x52, 0x0B, 0x65, 0x0F, 0xD4, 0x4F, 0xB8, 0xA3, 0xB5, 0xC6, 0x1D,
    0x71, 0xED, 0xB8, 0xD3, 0xFA, 0xD3, 0x59, 0x74, 0x1C, 0xD0, 0x6E, 0x1E, 0x0B, 0x68, 0xCF, 0x07,
    0x40, 0x7B, 0xC1, 0x92, 0xB5, 0x31, 0x92, 0xBD, 0x7A, 0x02, 0x92, 0x6D, 0x9A, 0xB7, 0x0B, 0xCB,
    0xBE, 0x36, 0x5A, 0xB2, 0x1E, 0x2D, 0xB5, 0xE2, 0x97, 0xB1, 0xD4, 0x6D, 0x41, 0x56, 0xB5, 0xB9,
    0x02, 0xFD, 0x39, 0x3D, 0x9A, 0x0D, 0x2B, 0xFB, 0x1E, 0xD0, 0x6D, 0x33, 0x1D, 0xE4, 0xEB, 0x50,
    0x9F, 0x1D, 0x82, 0xCC, 0xA2, 0x1C, 0x1E, 0x69, 0xB1, 0xD7, 0x10, 0x8B, 0x95, 0x7F, 0xF4, 0x78,
    0xB7, 0xE8, 0xA6, 0x63, 0x15, 0x19, 0x43, 0x39, 0x64, 0x1A, 0x4A, 0xB7, 0xCD, 0x91, 0xDD, 0xD9,
    0x60, 0xAF, 0xAF, 0x35, 0x0E, 0xFE, 0x48, 0x85, 0x45, 0x3C, 0xAA, 0xB0, 0xC8, 0x4A, 0x55, 0xC1,
    0x5A, 0xB7, 0x2F, 0xC2, 0x15, 0x64, 0xE2, 0x6F, 0x79, 0xB0, 0xFA, 0x11, 0x32, 0xD1, 0x10, 0x99,
    0xF0, 0x40, 0x26, 0xE2, 0xDF, 0x02, 0x99, 0x98, 0xFC, 0x0A, 0xC8, 0x44, 0xF6, 0x13, 0x20, 0x13,
    0x53, 0x22, 0x13, 0x3B, 0x44, 0x26, 0xAE, 0x12, 0x99, 0xE8, 0x80, 0x4C, 0xC4, 0x73, 0xA0, 0x11,
    0x78, 0xDE, 0xCB, 0x97, 0x69, 0x8D, 0x36, 0x23, 0x32, 0xB1, 0x43, 0x64, 0xE2, 0x80, 0xC8, 0x04,
    0x34, 0x6D, 0xF1, 0x6F, 0x1D, 0x90, 0x89, 0x5F, 0xB6, 0x40, 0x26, 0xFE, 0xBB, 0x06, 0x32, 0x41,
    0xDB, 0x05, 0xE5, 0x31, 0x20, 0x13, 0x1E, 0xC8, 0x44, 0xF4, 0xBF, 0xD8, 0xA1, 0xC9, 0x0C, 0x09,
    0xDA, 0xB8, 0x1C, 0xB9, 0x90, 0x74, 0x20, 0xB9, 0xC0, 0x75, 0x70, 0x1D, 0x93, 0x76, 0xE3, 0x36,
    0x4A, 0xF9, 0x41, 0xF4, 0xA1, 0x94, 0x92, 0x34, 0xFE, 0x08, 0x48, 0xC1, 0x7A, 0x80, 0x1F, 0x3C,
    0xDC, 0x25, 0x2F, 0xF0, 0x83, 0xF8, 0xD1, 0x8D, 0xCB, 0x00, 0x3F, 0x5C, 0x06, 0xFC, 0x70, 0x00,
    0xE4, 0x61, 0x21, 0x4D, 0x2C, 0x3E, 0x8F, 0x3C, 0xB2, 0x26, 0x4D, 0x5A, 0x0A, 0xFC, 0x30, 0x05,
    0xFC, 0xB0, 0x0D, 0xF8, 0x61, 0x09, 0xF8, 0xA1, 0x0B, 0xF0, 0xC3, 0x84, 0x98, 0x46, 0x23, 0x66,
    0xE0, 0x32, 0xF6, 0xC6, 0x3B, 0xCA, 0xF6, 0xBF, 0xB9, 0xA9, 0x82, 0xEC, 0xF5, 0x6C, 0x52, 0xAC,
    0x49, 0x47, 0x45, 0x13, 0x2D, 0x89, 0xEF, 0xB9, 0x03, 0xC5, 0xC5, 0xB7, 0xDC, 0xEE, 0xE9, 0xC8,
    0x0D, 0x7E, 0x8C, 0x35, 0x17, 0xED, 0xDA, 0xD6, 0x3B, 0xC1, 0x6A, 0x75, 0xAD, 0x5C, 0xE9, 0x66,
    0x9D, 0x2F, 0x59, 0x5D, 0xC6, 0xCA, 0xC4, 0xA9, 0xEA, 0x94, 0xE2, 0x48, 0x19, 0xA5, 0x4E, 0x76,
    0xA7, 0x85, 0x73, 0xE7, 0x8F, 0x9F, 0xF3, 0xD7, 0x38, 0x3F, 0x7B, 0xF6, 0x01, 0xC1, 0x1B, 0xC4,
    0x74, 0x47, 0x72, 0xC6, 0x97, 0xF8, 0x0E, 0x40, 0x0C, 0xD1, 0xFD, 0xE7, 0xBF, 0x0F, 0xF6, 0x9F,
    0xFB, 0xE4, 0x12, 0x40, 0xD1, 0x05, 0x18, 0x15, 0xAF, 0xE8, 0x66, 0xDC, 0x25, 0xB0, 0x5F, 0x90,
    0xCB, 0x69, 0xBD, 0xC3, 0xE7, 0x86, 0xB6, 0x46, 0xCF, 0x4E, 0x32, 0x9E, 0x40, 0x2B, 0x43, 0x46,
    0xEA, 0xD3, 0xEF, 0x8C, 0xDA, 0xF7, 0xD9, 0xBE, 0x35, 0x8E, 0x0C, 0x1E, 0xDB, 0x92, 0x9B, 0x6A,
    0xD6, 0xBE, 0xE5, 0xCA, 0xD0, 0xC6, 0xA5, 0x3E, 0x16, 0xA4, 0x0F, 0x03, 0xE9, 0xA3, 0x40, 0x11,
    0xD3, 0x17, 0xFA, 0x18, 0x90, 0x3E, 0x04, 0xF4, 0x31, 0x6C, 0x6F, 0xF1, 0x4F, 0x6B, 0xE0, 0x5D,
    0x4C, 0xBE, 0x49, 0xC8, 0x14, 0x2D, 0x80, 0xC6, 0x1D, 0x40, 0xAB, 0x6E, 0x0D, 0x56, 0x96, 0x96,
    0x82, 0xEA, 0xD8, 0xFF, 0x62, 0x05, 0x43, 0xD3, 0x83, 0xCF, 0x15, 0x2C, 0x75, 0x51, 0x4F, 0x01,
    0x2A, 0xE4, 0x08, 0xA4, 0x19, 0x4D, 0x6B, 0x01, 0x09, 0x9B, 0x36, 0x78, 0xCE, 0x27, 0xC1, 0xB6,
    0x4E, 0x54, 0x9A, 0xEC, 0x82, 0x49, 0x19, 0xF7, 0x80, 0xD7, 0x18, 0x7D, 0x4C, 0x89, 0xC7, 0xEC,
    0xE9, 0x63, 0xC6, 0xB4, 0xA1, 0x44, 0x40, 0x1F, 0x62, 0xCF, 0x4D, 0x4B, 0x04, 0x93, 0xEF, 0x8B,
    0x9D, 0xA0, 0x8E, 0x7F, 0x7D, 0x38, 0xAC, 0x8F, 0xC3, 0x10, 0x58, 0xF6, 0x0D, 0x4C, 0xBA, 0x1C,
    0x1B, 0x31, 0x25, 0x73, 0x6C, 0xE2, 0xC0, 0x5C, 0x3E, 0xFD, 0xDD, 0x88, 0xB9, 0x11, 0x9D, 0x2E,
    0xA6, 0x70, 0x2E, 0xEC, 0xCD, 0x5B, 0x71, 0x72, 0x0B, 0x24, 0x57, 0x2A, 0x86, 0x37, 0x88, 0xDC,
    0x58, 0xF5, 0x83, 0x41, 0xAD, 0x19, 0x66, 0xE3, 0x87, 0x67, 0x72, 0x2A, 0x03, 0x36, 0xB7, 0xB0,
    0xBB, 0xDF, 0x92, 0x7D, 0x0E, 0x87, 0x99, 0x0E, 0xA2, 0xD6, 0xE9, 0x88, 0x14, 0x21, 0xF2, 0xE2,
    0x67, 0x02, 0x65, 0xB6, 0xF7, 0xC4, 0x51, 0x28, 0xCA, 0x18, 0xE2, 0x3E, 0x14, 0x69, 0xBF, 0xA1,
    0xF3, 0x41, 0x10, 0xCA, 0x40, 0x14, 0x21, 0x28, 0xCE, 0xFB, 0x8B, 0xFE, 0x95, 0x71, 0xA3, 0xC6,
    0x7F, 0x82, 0x69, 0x71, 0x2E, 0xB2, 0xFB, 0xB0, 0xF9, 0x26, 0xDD, 0x68, 0x2E, 0x5B, 0x23, 0xF7,
    0x0E, 0x81, 0xF9, 0xBE, 0x7D, 0x37, 0x7E, 0xC6, 0x5F, 0x40, 0x9D, 0xA2, 0x58, 0x50, 0x8F, 0x13,
    0xDD, 0x93, 0x63, 0x3D, 0xCF, 0x8F, 0x16, 0xF2, 0xF0, 0xC1, 0x55, 0xB7, 0x7D, 0x9E, 0x51, 0xDB,
    0x0B, 0x7F, 0xE6, 0x40, 0xF4, 0x74, 0xE6, 0x67, 0xA2, 0x9F, 0x0F, 0xDC, 0xF2, 0x0B, 0xDC, 0xE5,
    0xFC, 0x0B, 0x78, 0xE0, 0xE0, 0xB3, 0xB3, 0xF0, 0x11, 0x1A, 0xEA, 0xE2, 0xE2, 0xAF, 0x57, 0x84,
    0xEA, 0xAF, 0xD3, 0x01, 0xCA, 0x91, 0x32, 0x59, 0xD0, 0x14, 0x9F, 0xDF, 0xB0, 0xEE, 0x35, 0x79,
    0xE0, 0xE0, 0xE9, 0x94, 0xD0, 0xCB, 0x7B, 0xE0, 0xE0, 0x22, 0x9F, 0x05, 0x25, 0x0E, 0xA0, 0x4C,
    0x48, 0x66, 0xE0, 0xF0, 0xA4, 0x86, 0x4B, 0x16, 0xB9, 0xD7, 0x8E, 0xCF, 0x6A, 0x4F, 0x11, 0x9D,
    0xBB, 0x06, 0x10, 0x09, 0x52, 0x2F, 0xA2, 0x88, 0xBA, 0x63, 0xF6, 0xF4, 0x65, 0xB2, 0xF8, 0x52,
    0xFD, 0x19, 0x0D, 0x42, 0x43, 0x44, 0xA5, 0x60, 0x55, 0x2D, 0x93, 0x4F, 0x87, 0xB4, 0xAA, 0x39,
    0xDD, 0x9A, 0x33, 0x1B, 0x77, 0x46, 0xF4, 0xFC, 0xA7, 0xAA, 0xF3, 0x6B, 0x68, 0xFB, 0xE9, 0x62,
    0x83, 0x76, 0x59, 0x75, 0xE5, 0x37, 0xFE, 0xA8, 0x75, 0xD0, 0xEB, 0xC1, 0x2F, 0xC1, 0x09, 0xCB,
    0x50, 0xFF, 0xE6, 0x99, 0xBC, 0xF2, 0x91, 0x1F, 0xD0, 0x24, 0xCF, 0x44, 0x85, 0x67, 0x9E, 0x41,
    0xB3, 0xF1, 0x9E, 0xC0, 0xBF, 0x67, 0xC2, 0x83, 0x58, 0x17, 0x2B, 0x30, 0x67, 0xC0, 0xD0, 0xF2,
    0x1E, 0x16, 0xEC, 0xAC, 0xE7, 0x8A, 0xC8, 0x9E, 0xB4, 0x63, 0xD1, 0x0A, 0x96, 0xB3, 0x42, 0xC9,
    0xC1, 0x95, 0xA8, 0x1B, 0x1E, 0x7B, 0x30, 0x46, 0x17, 0x02, 0x25, 0x97, 0x17, 0xD7, 0x85, 0x58,
    0x9E, 0xFE, 0x0B, 0x11, 0x69, 0x33, 0xC3, 0x3F, 0xF2, 0x68, 0xDF, 0x36, 0xF3, 0x47, 0xE7, 0xAC,
    0x71, 0x4F, 0xDB, 0x60, 0x4D, 0x17, 0xFD, 0xD7, 0x2C, 0x7A, 0x19, 0x4C, 0xE9, 0x64, 0x6C, 0x4A,
    0x9D, 0x9A, 0xD2, 0x3F, 0xA7, 0x29, 0xDD, 0x7A, 0x7D, 0x98, 0xAB, 0x07, 0xB2, 0x21, 0x64, 0x28,
    0x83, 0x24, 0x73, 0x71, 0x3D, 0xE5, 0x01, 0xF2, 0xD9, 0xB1, 0xB3, 0x28, 0x1B, 0x5D, 0x2A, 0x60,
    0xA5, 0x20, 0x62, 0x21, 0xCB, 0x17, 0xFC, 0x89, 0x3A, 0x99, 0xFF, 0x56, 0xE1, 0xAA, 0x3A, 0xCF,
    0xF4, 0x5D, 0x37, 0xB5, 0x7D, 0xDF, 0xB5, 0xE1, 0x12, 0x08, 0x97, 0xEA, 0x9A, 0xD4, 0x17, 0xC4,
    0xB6, 0x6D, 0x79, 0x89, 0x42, 0x16, 0x6B, 0xAD, 0xF3, 0x28, 0x14, 0x18, 0xCC, 0xEA, 0x03, 0xC5,
    0xFC, 0xB7, 0x4E, 0x55, 0x8D, 0x74, 0x7C, 0x13, 0x95, 0xEE, 0xB2, 0x64, 0xAC, 0xF5, 0x1E, 0xD3,
    0xD4, 0xC7, 0xAD, 0x11, 0x0B, 0x60, 0xCA, 0xE8, 0xD5, 0xAA, 0x77, 0x8F, 0x58, 0x27, 0x26, 0xD0,
    0x1F, 0x25, 0x34, 0x7D, 0x48, 0x09, 0x5D, 0xD1, 0xD2, 0xF6, 0x6D, 0xB8, 0x89, 0x30, 0x9D, 0x5B,
    0xA7, 0xEC, 0xA1, 0x14, 0xE6, 0x2F, 0x23, 0x26, 0x34, 0x92, 0xDE, 0xBB, 0xF0, 0x0C, 0x59, 0x5A,
    0x02, 0xF3, 0x8A, 0xDC, 0x2B, 0x26, 0x22, 0x8D, 0x6C, 0xE5, 0x3C, 0xFB, 0x23, 0xC4, 0x72, 0xF2,
    0x0D, 0x39, 0x55, 0x55, 0x39, 0x65, 0xF1, 0xB9, 0xFC, 0x9F, 0x22, 0xD8, 0xB6, 0x37, 0x34, 0x8A,
    0xD0, 0x50, 0xA2, 0x0B, 0xFF, 0x88, 0x80, 0xCF, 0xA6, 0xE8, 0x3A, 0x19, 0xA4, 0xC4, 0x3C, 0xA3,
    0xB9, 0x1F, 0x9E, 0x96, 0xAE, 0xF8, 0xA5, 0xD9, 0x16, 0xCC, 0xD3, 0x65, 0x34, 0x85, 0x35, 0x53,
    0xB3, 0x51, 0x88, 0x17, 0xD3, 0xFE, 0x1F, 0x59, 0x0B, 0x7C, 0x63, 0xF4, 0x0F, 0x99, 0x5C, 0x74,
    0x73, 0x50, 0x01, 0x84, 0x63, 0xBA, 0x80, 0xC9, 0x10, 0x48, 0x8C, 0x4C, 0xE7, 0x44, 0xE2, 0x26,
    0xA4, 0x5F, 0x56, 0x6D, 0x5E, 0x63, 0xD4, 0x09, 0x7E, 0x5B, 0x80, 0x97, 0xCC, 0xAB, 0x2D, 0xB1,
    0xED, 0x66, 0x3A, 0x3F, 0x94, 0x6C, 0x44, 0x98, 0x22, 0x26, 0x3F, 0xE9, 0xFE, 0x52, 0x46, 0xDD,
    0x91, 0x41, 0xAF, 0x23, 0x35, 0x85, 0xC7, 0x08, 0xBE, 0x6C, 0xEA, 0x09, 0xAE, 0x0B, 0xF9, 0x97,
    0x73, 0x37, 0x30, 0x47, 0x85, 0x75, 0x0B, 0xC3, 0xF2, 0x0E, 0x14, 0xCB, 0x2B, 0x88, 0x03, 0x5A,
    0x5B, 0x4E, 0x67, 0x93, 0x6E, 0x47, 0x6C, 0x4F, 0xD4, 0x6D, 0x23, 0xC6, 0xB2, 0xF6, 0xAF, 0xD0,
    0x7E, 0x1E, 0xF2, 0x16, 0x7F, 0xE8, 0x96, 0xA5, 0x6B, 0xE7, 0xBC, 0x44, 0xF1, 0xC8, 0x12, 0x9E,
    0xA8, 0x14, 0x72, 0x3F, 0xAA, 0x37, 0x09, 0x61, 0x05, 0x76, 0x8B, 0x11, 0x3C, 0x79, 0x75, 0x03,
    0x51, 0xBE, 0x6B, 0x29, 0x95, 0x03, 0xDD, 0xFD, 0x60, 0x7E, 0xCE, 0x5A, 0x3C, 0xCF, 0x1A, 0xF4,
    0x67, 0xFA, 0x5D, 0x87, 0xA4, 0xFB, 0x57, 0x82, 0xC3, 0x8A, 0x69, 0x0A, 0xE5, 0x25, 0x80, 0xDD,
    0xA0, 0xBB, 0x61, 0xA8, 0xF1, 0xBC, 0x5D, 0x6E, 0xF7, 0x1E, 0x0C, 0x35, 0x9C, 0xA1, 0xD4, 0xDF,
    0xEE, 0x71, 0x96, 0xE4, 0xBF, 0x5F, 0xC9, 0x66, 0xA1, 0x7F, 0x33, 0xE7, 0xBF, 0xCC, 0xBA, 0x62,
    0xA0, 0x3B, 0xB1, 0x00, 0xF2, 0x80, 0xE6, 0xA0, 0xB1, 0x22, 0x96, 0x08, 0x6E, 0xD6, 0x3E, 0x18,
    0x71, 0xFD, 0x83, 0x7E, 0x30, 0xC6, 0xF9, 0x2C, 0x60, 0xF5, 0x2C, 0x07, 0x64, 0x93, 0x0E, 0x14,
    0x3F, 0xE0, 0xCE, 0x46, 0xED, 0x05, 0xB1, 0x52, 0x56, 0x58, 0x20, 0xD9, 0xC6, 0xB2, 0x9B, 0x8B,
    0x32, 0xFB, 0xB3, 0xC8, 0x18, 0x17, 0x70, 0xE7, 0x7E, 0xAC, 0xD9, 0xBA, 0x5D, 0x84, 0x79, 0x65,
    0xF6, 0xFB, 0xFD, 0x19, 0xFE, 0xD3, 0x47, 0x21, 0x11, 0xBA, 0xFC, 0xAE, 0xDE, 0xDE, 0x04, 0x40,
    0x4B, 0x05, 0x5F, 0xF2, 0x19, 0x0F, 0xE2, 0xBE, 0xB0, 0xA3, 0xDF, 0x9F, 0xB9, 0x12, 0x69, 0x0A,
    0x6E, 0xEE, 0xDE, 0x0D, 0x45, 0x04, 0xA1, 0x22, 0x21, 0xB2, 0x00, 0x10, 0x73, 0x83, 0x22, 0x91,
    0x9D, 0x7B, 0x11, 0x76, 0x78, 0xC6, 0x07, 0x9C, 0x7F, 0x6C, 0xCF, 0x02, 0xBC, 0xA9, 0x22, 0xE4,
    0x13, 0x43, 0xAC, 0x0F, 0x45, 0x85, 0xE8, 0x4C, 0x31, 0xF0, 0x5A, 0x03, 0xCA, 0xC7, 0xFE, 0x63,
    0xA9, 0x21, 0xDB, 0xBA, 0xB2, 0xA4, 0x6B, 0xC8, 0xB8, 0x6E, 0x32, 0x83, 0xCF, 0xD6, 0x31, 0x38,
    0x1E, 0xBA, 0xE7, 0x1C, 0xCC, 0x59, 0x54, 0x07, 0x19, 0xC0, 0xFA, 0x6B, 0x74, 0x47, 0xBC, 0xE2,
    0x3B, 0x3F, 0xFE, 0xFD, 0xF4, 0x35, 0x96, 0xF4, 0xC2, 0x7B, 0x82, 0x7C, 0xF2, 0x5F, 0x49, 0x90,
    0x6C, 0x9D, 0xB3, 0x40, 0xA7, 0x8D, 0xD7, 0xC7, 0x35, 0xEB, 0x73, 0x2B, 0x66, 0x4D, 0xBE, 0xE6,
    0x08, 0x8D, 0xEF, 0x23, 0x05, 0xEE, 0x57, 0xFF, 0x0F, 0xAD, 0x56, 0x4D, 0x6C, 0x24, 0x47, 0x15,
    0xFE, 0xAA, 0xDB, 0x9E, 0xCE, 0xA6, 0x95, 0x69, 0x1F, 0xC6, 0x60, 0x36, 0x6B, 0x37, 0x07, 0x1F,
    0x4C, 0x94, 0xD9, 0xBE, 0xE4, 0xE0, 0x48, 0xE3, 0xE9, 0x72, 0x22, 0xE0, 0x80, 0x10, 0x3E, 0x78,
    0x84, 0x04, 0x12, 0xF8, 0x90, 0x03, 0xB1, 0x12, 0xB2, 0x48, 0x3E, 0x4C, 0xA4, 0xB1, 0xA7, 0x93,
    0x03, 0x48, 0xE4, 0x32, 0x0A, 0x12, 0x5C, 0x7D, 0x48, 0x00, 0xCF, 0x82, 0x76, 0x0E, 0x20, 0xE5,
    0x60, 0x76, 0x5A, 0x41, 0x88, 0x0B, 0x87, 0x16, 0x42, 0xE2, 0xDA, 0x42, 0x41, 0x20, 0x71, 0x29,
    0xA4, 0x5E, 0x69, 0x70, 0x7A, 0xA6, 0xF8, 0x5E, 0xCF, 0x4C, 0x36, 0xDE, 0x65, 0xE1, 0x42, 0xD5,
    0xAB, 0xAE, 0xA9, 0xAA, 0x57, 0x3F, 0xEF, 0xBD, 0xEF, 0xBD, 0x37, 0xCF, 0x25, 0x08, 0x73, 0xF8,
    0x06, 0xCE, 0x04, 0x38, 0x05, 0x42, 0x40, 0x01, 0x43, 0x67, 0xEA, 0x16, 0x41, 0x16, 0xEA, 0x16,
    0xD6, 0x38, 0x82, 0xB2, 0x89, 0x6B, 0x33, 0xFF, 0x6F, 0x26, 0xDC, 0x9F, 0xEC, 0x61, 0x6F, 0x0D,
    0x2B, 0x6A, 0x40, 0xDE, 0x29, 0xF2, 0xD8, 0xFE, 0x31, 0xEB, 0x86, 0x36, 0xBD, 0xE3, 0x58, 0x80,
    0xCC, 0xEB, 0x9D, 0xC3, 0xBE, 0x9D, 0x92, 0x8E, 0x87, 0xC3, 0x8B, 0xB1, 0xB5, 0x33, 0xE9, 0x77,
    0xF1, 0x7C, 0x0B, 0xAD, 0xE8, 0xC7, 0x93, 0xC0, 0x1A, 0xD7, 0xA6, 0x68, 0x60, 0x15, 0x71, 0x2A,
    0x35, 0x4A, 0x80, 0xDB, 0xF8, 0xA0, 0xBF, 0x3F, 0x25, 0xC5, 0x28, 0x57, 0xB0, 0x56, 0xFB, 0x39,
    0x62, 0xAB, 0x5F, 0x0C, 0xD3, 0x35, 0x3F, 0x45, 0x90, 0xAA, 0x31, 0x9C, 0x02, 0x4E, 0x0E, 0x95,
    0x41, 0xBD, 0x87, 0xC0, 0xA2, 0xFD, 0xCD, 0xB4, 0xE7, 0x66, 0x5D, 0x47, 0xA8, 0xED, 0xA7, 0xA1,
    0xD5, 0x9C, 0x57, 0x17, 0x4F, 0xBF, 0xE7, 0x96, 0x81, 0xF1, 0x4D, 0x9C, 0x06, 0x59, 0x1F, 0x91,
    0x2E, 0x71, 0xEA, 0x18, 0xBE, 0x48, 0xE3, 0x15, 0x7C, 0xAE, 0x8D, 0xCB, 0xE0, 0xC3, 0xC2, 0xFB,
    0x38, 0x77, 0x78, 0xBD, 0xD5, 0x58, 0xC7, 0x4E, 0x4B, 0xCA, 0xCE, 0xD1, 0x8D, 0x22, 0x5C, 0xD6,
    0xA3, 0x1B, 0xC7, 0x2F, 0xF1, 0xF2, 0x74, 0x0A, 0x39, 0xC1, 0x33, 0x51, 0xA2, 0x26, 0x7C, 0x43,
    0x8F, 0xC7, 0xAC, 0xE0, 0x80, 0xE2, 0xE1, 0x3E, 0x60, 0x85, 0x1A, 0xA7, 0x0D, 0x0A, 0xC4, 0x43,
    0x43, 0x5B, 0xF8, 0x36, 0xC7, 0xAB, 0x50, 0xF7, 0x35, 0x7F, 0x44, 0x76, 0xC2, 0x49, 0x2E, 0x51,
    0x43, 0x78, 0x0A, 0x97, 0x6E, 0x16, 0x60, 0x0B, 0x6D, 0xC4, 0x49, 0x6C, 0x62, 0x13, 0x19, 0x2F,
    0x71, 0x06, 0xC1, 0x24, 0x28, 0x83, 0xD2, 0x29, 0x71, 0x89, 0x5F, 0xC1, 0x78, 0x69, 0x8C, 0x6D,
    0xD4, 0x92, 0xC8, 0x08, 0x47, 0x9C, 0xB4, 0xC9, 0x1F, 0xC0, 0xCD, 0x50, 0x62, 0xE3, 0x3F, 0xF3,
    0x1E, 0x6B, 0x4A, 0x98, 0xBB, 0x86, 0x1C, 0x4D, 0xDA, 0xE1, 0xC2, 0x2D, 0x7D, 0x13, 0xA4, 0x11,
    0xBA, 0x62, 0xAA, 0x01, 0x4C, 0xC7, 0x58, 0x33, 0x34, 0x60, 0x3D, 0xE2, 0xE7, 0x81, 0xB6, 0xE6,
    0xEA, 0x5C, 0x86, 0xC7, 0xC3, 0x64, 0x6C, 0xB3, 0xCE, 0xD7, 0x33, 0x38, 0x8F, 0x11, 0xE0, 0xE6,
    0x41, 0x11, 0x4C, 0xDC, 0x42, 0x19, 0x87, 0xF7, 0x9C, 0x55, 0xE2, 0x7A, 0x59, 0x94, 0xEE, 0x81,
    0xD2, 0x60, 0x0F, 0x61, 0x2A, 0x6C, 0x6E, 0x2A, 0xF5, 0xB3, 0x7F, 0x1A, 0xCF, 0x8E, 0x2F, 0x80,
    0xF1, 0x6C, 0x3C, 0x9B, 0xCF, 0x38, 0x89, 0x93, 0x48, 0xBF, 0x9C, 0x71, 0x92, 0x4E, 0xC7, 0xDA,
    0xE1, 0x10, 0x3B, 0xD5, 0x76, 0xA9, 0xBD, 0x9F, 0x4E, 0xC6, 0x45, 0x3F, 0x5F, 0xC5, 0x39, 0xCC,
    0xA2, 0x16, 0xB8, 0xFF, 0x9D, 0xFE, 0x24, 0x2A, 0x94, 0xDE, 0xA2, 0xD6, 0xFB, 0x84, 0xC3, 0xD6,
    0xA3, 0x60, 0x50, 0x87, 0x62, 0xF1, 0xF8, 0xDB, 0x69, 0xCB, 0x15, 0xDA, 0xF3, 0xC4, 0xDC, 0xDE,
    0x14, 0x37, 0x93, 0x28, 0x8D, 0x74, 0xCC, 0x87, 0x89, 0xD8, 0x0A, 0x9E, 0xF6, 0x73, 0xBF, 0xA4,
    0x7D, 0x62, 0xD6, 0x99, 0x2D, 0xC7, 0x39, 0x15, 0xE6, 0x11, 0x3F, 0x9A, 0xE3, 0x8A, 0x34, 0xA2,
    0xBF, 0x26, 0x81, 0x4D, 0x1D, 0x9B, 0xCC, 0x4D, 0xDF, 0x58, 0xEF, 0x74, 0xB4, 0xB5, 0xD6, 0x48,
    0x9B, 0xD2, 0xDC, 0x05, 0x94, 0x31, 0x80, 0xA1, 0xE8, 0x07, 0x83, 0xED, 0x5A, 0xBE, 0xEB, 0x9B,
    0xCB, 0x3A, 0x91, 0x1C, 0xBE, 0x5D, 0xBC, 0x82, 0x4D, 0x41, 0xD0, 0x6F, 0x8D, 0x67, 0x33, 0x01,
    0x30, 0x41, 0xD0, 0x10, 0x34, 0x28, 0xAB, 0x39, 0x0C, 0xFE, 0x6C, 0xA2, 0xFD, 0x49, 0x8F, 0x8F,
    0xC1, 0x0A, 0x0D, 0x7F, 0x0D, 0x19, 0x43, 0xA0, 0x03, 0xEE, 0xE2, 0x30, 0xDE, 0x2F, 0xB9, 0xB4,
    0x8D, 0x8D, 0xDA, 0x47, 0x38, 0x88, 0x66, 0x2A, 0x6F, 0x8F, 0xFF, 0x91, 0x9E, 0x04, 0x36, 0x39,
    0x52, 0x33, 0x01, 0xD7, 0xDC, 0x6F, 0x30, 0x2F, 0x76, 0x51, 0xE4, 0x77, 0xA7, 0x23, 0xDA, 0xB4,
    0x56, 0xDC, 0x09, 0x8F, 0xAC, 0x53, 0x88, 0xC3, 0x6B, 0xBE, 0x18, 0xD9, 0x74, 0xB4, 0xF0, 0x45,
    0xBA, 0xDE, 0x80, 0x7B, 0x72, 0xE9, 0xD9, 0xE6, 0x0E, 0x39, 0x77, 0x49, 0xFE, 0xAE, 0x1C, 0x9D,
    0x76, 0xA5, 0x1D, 0x13, 0xF8, 0xF4, 0xFE, 0x3E, 0xA1, 0xC0, 0xEB, 0xA3, 0xBC, 0xD2, 0x16, 0x01,
    0x5C, 0x95, 0x23, 0x36, 0x2E, 0xD2, 0x5C, 0xA0, 0x1F, 0x08, 0x32, 0x45, 0xAF, 0x08, 0xE8, 0xB8,
    0x01, 0xA7, 0x23, 0x36, 0xCA, 0x8D, 0xDE, 0xFF, 0x9D, 0x6D, 0xA7, 0xBA, 0xFE, 0x94, 0xBE, 0xE3,
    0x55, 0x18, 0x23, 0xFA, 0x75, 0x85, 0x71, 0x2D, 0x46, 0x12, 0x63, 0x95, 0x70, 0xCD, 0xD2, 0x80,
    0x54, 0xD1, 0xC1, 0xD2, 0xA0, 0x0F, 0x3A, 0x9D, 0xCA, 0x90, 0xCB, 0x26, 0x73, 0x94, 0xF8, 0xBC,
    0xB6, 0x7F, 0x1E, 0x7F, 0x3C, 0xFD, 0xF5, 0xD9, 0xB7, 0xF2, 0x96, 0x9F, 0x3F, 0xEF, 0x03, 0xBB,
    0xB7, 0xDA, 0xA7, 0x61, 0xE1, 0xE7, 0xE1, 0xE4, 0xF4, 0x74, 0x7B, 0x43, 0x25, 0x21, 0xE1, 0x2E,
    0x66, 0x8C, 0x19, 0x77, 0xBC, 0xCC, 0xCD, 0x7C, 0x5E, 0xD9, 0x78, 0xCC, 0x1C, 0x52, 0x44, 0x83,
    0x32, 0x96, 0xE8, 0x36, 0x14, 0x87, 0xCC, 0xE8, 0x90, 0x13, 0x6E, 0x5D, 0x51, 0x43, 0xB7, 0xF4,
    0x2A, 0x87, 0xEC, 0x09, 0x32, 0x9F, 0x60, 0x9A, 0xDB, 0xE8, 0x27, 0xDC, 0x95, 0xFA, 0x49, 0x40,
    0x04, 0x2F, 0x8A, 0x5B, 0x50, 0x1B, 0x13, 0xDC, 0x26, 0x14, 0xE3, 0x2F, 0xFF, 0xA5, 0x8C, 0xDF,
    0xF9, 0xB0, 0x8C, 0xFD, 0xB7, 0xCA, 0x15, 0x5F, 0xA4, 0x06, 0x63, 0x56, 0x7F, 0x5E, 0xCF, 0x63,
    0x53, 0xD3, 0xFF, 0x0D, 0xBD, 0xFF, 0x0B, 0x30, 0xD7, 0x83, 0x1E, 0xD7, 0x18, 0x32, 0x16, 0x3E,
    0x79, 0x0E, 0x95, 0x40, 0xFD, 0x28, 0x43, 0x68, 0x93, 0x87, 0xAF, 0x8E, 0xF9, 0xEA, 0xEE, 0x1A,
    0xAA, 0x77, 0xAC, 0x8A, 0x9D, 0x92, 0x79, 0x0B, 0x75, 0x75, 0x76, 0xF0, 0x2F, 0x91, 0xF0, 0xDD,
    0xEC, 0xCD, 0x3E, 0x79, 0xBD, 0x85, 0x92, 0x64, 0x6D, 0xC9, 0xC7, 0x3D, 0x4F, 0xD2, 0xC4, 0x93,
    0xE6, 0x45, 0x1F, 0x48, 0x83, 0xA1, 0x89, 0x6D, 0xC9, 0xB0, 0xEA, 0x23, 0x77, 0x90, 0x54, 0x07,
    0x3B, 0x49, 0x60, 0xE2, 0xD2, 0xCB, 0x96, 0xB5, 0x5F, 0xD0, 0x07, 0xC3, 0xE9, 0xA2, 0x7B, 0xF3,
    0x80, 0x0E, 0xB7, 0xFA, 0xFA, 0x5C, 0xA9, 0xCD, 0x6E, 0xE5, 0xA8, 0xEC, 0xEA, 0xAD, 0x11, 0xC3,
    0x25, 0xEA, 0x8D, 0x91, 0x1C, 0x9C, 0x0A, 0xF1, 0x20, 0x21, 0xC6, 0x69, 0x30, 0xAC, 0xAE, 0x6D,
    0xB2, 0xEB, 0xAE, 0x74, 0x05, 0xF6, 0x6B, 0x4D, 0x11, 0x16, 0x2B, 0xCD, 0x6E, 0x4B, 0x0E, 0x69,
    0x76, 0xB7, 0xD9, 0x6D, 0x34, 0x17, 0x67, 0x6E, 0x57, 0x9C, 0x1B, 0x90, 0xEE, 0x05, 0x0A, 0xA6,
    0x85, 0x96, 0x67, 0xAA, 0xAF, 0xE2, 0x7B, 0x1A, 0x8B, 0xFB, 0xBA, 0x15, 0x8A, 0x9B, 0x0F, 0xDF,
    0x22, 0xDD, 0xF5, 0xE7, 0x8A, 0x83, 0x9D, 0x21, 0x2C, 0xD4, 0xD4, 0x9B, 0x46, 0x59, 0x97, 0x71,
    0x57, 0x25, 0x04, 0x8F, 0x9E, 0x07, 0xCD, 0x28, 0x61, 0xFE, 0x01, 0xD3, 0xCB, 0x3C, 0x82, 0xCC,
    0x73, 0xCB, 0xF6, 0xE9, 0xC6, 0x3C, 0x0B, 0x49, 0x3A, 0x92, 0xB2, 0x7B, 0xEB, 0xEC, 0x37, 0x02,
    0xE3, 0xA8, 0x82, 0x31, 0x27, 0x6E, 0x80, 0xE3, 0xBE, 0xEE, 0x67, 0x44, 0x53, 0x53, 0x94, 0xFF,
    0xE8, 0x1D, 0x52, 0xBA, 0x20, 0xBC, 0x33, 0x02, 0x7D, 0x1A, 0x66, 0xCE, 0x34, 0x32, 0xE1, 0xA4,
    0x65, 0xCE, 0xF0, 0x41, 0x97, 0x59, 0x83, 0x41, 0x2A, 0x46, 0x98, 0xCC, 0xBD, 0x2E, 0x62, 0x4E,
    0x12, 0x2D, 0x8E, 0x99, 0x37, 0xAD, 0xEE, 0xA3, 0xF2, 0xDE, 0xCF, 0x9B, 0x64, 0xEF, 0x67, 0xE9,
    0xB3, 0x33, 0x7D, 0xF3, 0x4A, 0x9F, 0xDD, 0xCD, 0xB6, 0xFF, 0x99, 0x70, 0x52, 0x1D, 0x1C, 0x22,
    0xBC, 0xB2, 0x7A, 0xEF, 0x8D, 0x9F, 0xA4, 0xDD, 0x80, 0xF9, 0x99, 0xAD, 0x17, 0xBE, 0x9C, 0xC5,
    0xD6, 0xA6, 0xBE, 0x99, 0x31, 0xA2, 0x34, 0x29, 0x53, 0x3C, 0xED, 0x97, 0xEC, 0xBA, 0x55, 0x64,
    0xA9, 0x4A, 0x6B, 0x8E, 0xFE, 0x34, 0x98, 0x83, 0x89, 0x79, 0x67, 0xEE, 0xF9, 0x55, 0x58, 0xE4,
    0x5F, 0x13, 0x44, 0xB3, 0xF7, 0xEF, 0x5A, 0x5A, 0xCA, 0x21, 0x7E, 0x25, 0x7A, 0xA0, 0x76, 0xEF,
    0x02, 0x0F, 0xCB, 0x63, 0xFB, 0x73, 0xE9, 0x2F, 0x81, 0x19, 0xED, 0xF2, 0xAC, 0xEC, 0xB7, 0xC3,
    0x7B, 0xD7, 0xF6, 0xAF, 0x0E, 0xDF, 0xE7, 0x37, 0x16, 0x7F, 0x28, 0xE7, 0xDF, 0x75, 0xF1, 0x99,
    0xC3, 0xC7, 0x67, 0x3E, 0xB9, 0x64, 0x3C, 0x23, 0x50, 0x9D, 0xD4, 0xE3, 0xD2, 0x80, 0x9A, 0x0B,
    0x07, 0x9F, 0x61, 0x82, 0x1B, 0xCB, 0xDD, 0x35, 0x32, 0x0B, 0x10, 0x50, 0x1B, 0x92, 0x05, 0x37,
    0xED, 0x95, 0x78, 0x85, 0x30, 0x4A, 0x30, 0x8F, 0xAF, 0x3A, 0xDF, 0x60, 0xC6, 0x50, 0xF2, 0xDB,
    0x2B, 0xAA, 0x68, 0x27, 0x31, 0x6E, 0xAB, 0x3A, 0xD4, 0xD7, 0x3B, 0x0B, 0x48, 0x3F, 0x94, 0x46,
    0xA5, 0xCF, 0x49, 0x74, 0x31, 0xD5, 0x2B, 0x26, 0xD5, 0xB7, 0xA8, 0xE6, 0x2B, 0xAD, 0x28, 0xBD,
    0xE0, 0x3A, 0x40, 0xB3, 0x87, 0x9D, 0x5B, 0x20, 0x0C, 0x6F, 0xFE, 0x12, 0x27, 0x9B, 0x18, 0x6D,
    0xE2, 0xE4, 0x75, 0x84, 0x3F, 0xD4, 0x5C, 0xAA, 0xBF, 0x86, 0x56, 0x1D, 0xBB, 0x3E, 0x45, 0x94,
    0x97, 0xED, 0x92, 0xAB, 0x26, 0xA1, 0xE5, 0x29, 0xF1, 0x01, 0xDA, 0xB2, 0x87, 0x5B, 0x9F, 0xD4,
    0x4D, 0xC6, 0x7F, 0x6E, 0xD9, 0x7A, 0x0D, 0x2F, 0xF8, 0xB8, 0xE3, 0x61, 0xE4, 0x69, 0xD2, 0x89,
    0x2F, 0x27, 0xF8, 0x05, 0x1A, 0xAB, 0xBA, 0xE9, 0xA5, 0xCF, 0x38, 0x9F, 0x22, 0x6A, 0xDA, 0x4B,
    0x9D, 0x07, 0xB9, 0xD2, 0xCD, 0xEE, 0x9D, 0x9D, 0x51, 0x15, 0x37, 0x46, 0xD8, 0xDD, 0xF0, 0x73,
    0x7C, 0xA1, 0x8A, 0xE3, 0x01, 0x56, 0xBF, 0x86, 0xF6, 0x18, 0xA3, 0x10, 0x26, 0x58, 0xD0, 0x88,
    0x81, 0x2E, 0x42, 0xF8, 0xFB, 0xE4, 0x55, 0x79, 0x32, 0x9E, 0x21, 0x35, 0x50, 0xBF, 0xA7, 0x03,
    0xF7, 0xDA, 0xE1, 0x5B, 0x4E, 0xFA, 0xC6, 0xDB, 0x79, 0x63, 0x5D, 0xE9, 0xF0, 0xEE, 0xD0, 0xF8,
    0xFB, 0xF9, 0x89, 0xAF, 0xB2, 0xDD, 0x47, 0x5B, 0x34, 0xF8, 0xA8, 0xDD, 0x68, 0x60, 0xEB, 0x1E,
    0xFC, 0x2F, 0x81, 0x81, 0xFC, 0xD3, 0x14, 0x9D, 0x8B, 0x29, 0x50, 0xD7, 0xD1, 0xA0, 0x8E, 0x65,
    0x15, 0x50, 0xAC, 0xAB, 0x83, 0xE8, 0xA5, 0xBC, 0xAE, 0x52, 0xDF, 0xD1, 0xEE, 0xCB, 0x70, 0x7F,
    0x07, 0xF5, 0x87, 0x2A, 0x1B, 0xDD, 0xC1, 0xFA, 0x17, 0x75, 0xF8, 0x83, 0x81, 0xFB, 0x7D, 0xA8,
    0xBF, 0x83, 0x7F, 0x1C, 0xF0, 0x0B, 0xB8, 0x01, 0x9E, 0x76, 0x93, 0xEF, 0x7E, 0x25, 0xFF, 0x37,
    0xED, 0x7D, 0x3D, 0x90, 0x1D, 0xD7, 0x75, 0x66, 0x77, 0x3F, 0x00, 0x4F, 0xC5, 0x2E, 0xA9, 0x19,
    0x90, 0x2E, 0xAD, 0x60, 0xB1, 0x15, 0x28, 0x50, 0x89, 0x14, 0x7A, 0x83, 0x0D, 0x18, 0xCC, 0xA0,
    0x5B, 0x56, 0x95, 0x53, 0x21, 0xE0, 0x88, 0x55, 0x66, 0x00, 0x25, 0x1B, 0xD8, 0x1B, 0x4C, 0xE2,
    0x80, 0xC1, 0x80, 0xFD, 0x24, 0x05, 0x0E, 0x1C, 0x78, 0x82, 0xA5, 0x14, 0x38, 0x30, 0xB7, 0x8A,
    0x5B, 0x65, 0x0D, 0xAB, 0x16, 0x0C, 0x18, 0x20, 0x00, 0xD9, 0x2D, 0x3B, 0x50, 0xE0, 0xC0, 0x2D,
    0xAF, 0xA4, 0xC4, 0x55, 0xAB, 0xA7, 0x2D, 0xD0, 0x45, 0x91, 0xB5, 0xC5, 0x5E, 0xAB, 0xB9, 0x7C,
    0x80, 0xDE, 0xEB, 0xBB, 0xE7, 0xFB, 0xCE, 0xB9, 0xFD, 0xFA, 0xBD, 0x19, 0x0C, 0x00, 0x12, 0x00,
    0x01, 0xD9, 0x43, 0xCE, 0x3D, 0x17, 0xF3, 0xFA, 0x75, 0xDF, 0xBE, 0x3F, 0xE7, 0x9E, 0xF3, 0x9D,
    0x9F, 0x1B, 0xA4, 0xF3, 0x40, 0x7E, 0x92, 0x16, 0xE5, 0x64, 0x81, 0x32, 0x58, 0xB1, 0xCC, 0x58,
    0xC6, 0xB3, 0x60, 0xE3, 0xA7, 0x74, 0xCE, 0xAD, 0xAC, 0x8C, 0xDC, 0xDE, 0x9E, 0x5C, 0xEB, 0x82,
    0xE0, 0x22, 0xCB, 0x0B, 0xA3, 0xF2, 0x19, 0x96, 0xC1, 0x29, 0xA5, 0x73, 0xF5, 0x50, 0x9E, 0x7E,
    0xA5, 0x2F, 0xA3, 0x19, 0xCA, 0x69, 0x8D, 0x32, 0x66, 0x99, 0xCC, 0x42, 0x29, 0xCB, 0xD9, 0xBE,
    0xDC, 0xC7, 0xCD, 0x2A, 0x96, 0xD6, 0xD0, 0x74, 0x96, 0x15, 0x41, 0x90, 0xD7, 0xF9, 0xCC, 0x97,
    0xFA, 0x97, 0x63, 0x3F, 0x8F, 0xFE, 0x1B, 0x65, 0x28, 0x65, 0x80, 0x72, 0xD0, 0x4E, 0xE8, 0xAB,
    0xFB, 0xBF, 0x78, 0xB1, 0x43, 0x1B, 0xB3, 0x3A, 0x14, 0xBA, 0x23, 0x34, 0xF0, 0xF4, 0xAD, 0x35,
    0x7D, 0x0A, 0xF4, 0x49, 0x8E, 0x65, 0xAD, 0xEF, 0x7A, 0x8C, 0xFE, 0xA4, 0xBA, 0x49, 0xFA, 0xA1,
    0x73, 0x0D, 0xA8, 0x7B, 0xB5, 0xEA, 0x40, 0xE7, 0x41, 0xBC, 0xD4, 0xEB, 0x26, 0xBD, 0x52, 0x34,
    0x8B, 0xDF, 0xBB, 0x4B, 0x1A, 0xDA, 0xF7, 0x26, 0xB8, 0x4F, 0x3E, 0x0F, 0x12, 0xB9, 0xEF, 0x97,
    0x5C, 0xFF, 0x3D, 0x3C, 0x47, 0x5E, 0xE8, 0x27, 0x7C, 0x6E, 0x70, 0x24, 0xBF, 0x11, 0xE6, 0xDB,
    0x04, 0x8F, 0x4D, 0xD0, 0x86, 0x14, 0x83, 0xB4, 0x83, 0x0F, 0x9F, 0x1C, 0x8D, 0xD0, 0x92, 0x85,
    0x8C, 0xCF, 0x77, 0x96, 0x78, 0xC2, 0x75, 0x14, 0x3B, 0x9B, 0xC5, 0x19, 0xED, 0xD7, 0xFB, 0x57,
    0x84, 0x4E, 0x9A, 0xB2, 0xEF, 0xDE, 0x0F, 0x02, 0x19, 0x07, 0x3F, 0x5D, 0xC2, 0x4A, 0xA6, 0x58,
    0x8A, 0x71, 0xA8, 0x66, 0xF1, 0x4A, 0xDA, 0x1E, 0xF5, 0x53, 0x69, 0x7B, 0x9F, 0xC8, 0x3A, 0xBA,
    0x8E, 0xF7, 0xFF, 0x6E, 0x8E, 0xCE, 0x2D, 0x31, 0x0F, 0xAB, 0xC2, 0x17, 0x8E, 0xC5, 0xD1, 0xD1,
    0xEB, 0x98, 0x1F, 0x8B, 0xC0, 0xBD, 0xBA, 0xF7, 0x82, 0xFD, 0x8D, 0x97, 0xCC, 0xFC, 0x37, 0xF8,
    0xDD, 0x9C, 0xDD, 0x80, 0x15, 0x99, 0xC8, 0x82, 0xFC, 0x3C, 0x46, 0x60, 0x37, 0x70, 0xCD, 0xB9,
    0x25, 0x66, 0x40, 0x17, 0x4C, 0x39, 0xC9, 0xCF, 0x5E, 0xF2, 0x13, 0x5D, 0x7A, 0x34, 0xC4, 0xE4,
    0x9D, 0xCA, 0x7D, 0x03, 0x69, 0x46, 0x3E, 0x4B, 0xEB, 0x20, 0x9B, 0x49, 0x5B, 0xD2, 0x42, 0x8A,
    0x33, 0x3A, 0xDA, 0x19, 0x6F, 0xCA, 0x5E, 0xC6, 0xC8, 0x4C, 0xDC, 0x9C, 0x53, 0xB6, 0xC0, 0x0D,
    0x5A, 0xBC, 0xEB, 0x8A, 0xF7, 0x2A, 0x50, 0x5D, 0x37, 0x02, 0x17, 0x25, 0xF3, 0x0B, 0x28, 0x72,
    0x5F, 0x34, 0xB2, 0x98, 0xB2, 0x5A, 0x3E, 0xAA, 0x8A, 0xB8, 0x7F, 0x63, 0x85, 0x1E, 0x91, 0xCB,
    0xC2, 0x17, 0x30, 0x50, 0x2B, 0xF9, 0x3F, 0x72, 0x9C, 0xD5, 0x9F, 0xE2, 0x7F, 0xE9, 0xF8, 0x7D,
    0xB7, 0xA8, 0xD8, 0xA4, 0x3C, 0x58, 0x96, 0xDF, 0x5C, 0xC9, 0xFF, 0x52, 0x19, 0xAD, 0xD9, 0xFB,
    0xFC, 0x20, 0xE9, 0xD3, 0x06, 0xBF, 0x41, 0xB6, 0x50, 0x66, 0xF8, 0x50, 0x7E, 0xE7, 0x3A, 0xE5,
    0x31, 0x3E, 0xD2, 0xA7, 0x5C, 0xF8, 0xF2, 0x8E, 0xE5, 0x61, 0xC0, 0x19, 0x47, 0x46, 0xA2, 0x15,
    0x8C, 0xC5, 0xE4, 0xA3, 0xBD, 0xCB, 0x1D, 0x67, 0x60, 0x6B, 0xEC, 0x3A, 0xB8, 0x7D, 0x25, 0x3C,
    0xBD, 0xF2, 0x11, 0x26, 0x4F, 0x24, 0x8B, 0xD2, 0xB9, 0x1B, 0x5A, 0xB9, 0x55, 0xF5, 0x5A, 0x69,
    0x83, 0x4A, 0x16, 0x6D, 0x83, 0x8A, 0x70, 0x01, 0xAD, 0xC8, 0xFF, 0x5A, 0x89, 0x3B, 0x30, 0x2B,
    0xA9, 0xC8, 0x5C, 0x8B, 0x7D, 0x25, 0x19, 0x2A, 0x33, 0x5E, 0xB3, 0x08, 0x84, 0xCF, 0xEA, 0xC5,
    0x65, 0xA0, 0x5F, 0x7F, 0xB1, 0x67, 0x25, 0x6F, 0x9C, 0xBC, 0x5F, 0xD6, 0x4A, 0xB7, 0x0B, 0x9B,
    0x39, 0x47, 0x96, 0x2B, 0xF3, 0x2C, 0x96, 0xCA, 0x61, 0x70, 0x76, 0x34, 0xB8, 0x21, 0xF9, 0xDC,
    0x50, 0xC1, 0x40, 0xC7, 0xBD, 0x2D, 0x4B, 0x32, 0x94, 0x4F, 0x5D, 0xD9, 0xDB, 0x7B, 0x71, 0xB5,
    0x57, 0x90, 0x5D, 0xB3, 0x19, 0x58, 0x9C, 0x6F, 0xF4, 0x6F, 0xB8, 0xDA, 0xAE, 0x91, 0xE5, 0xA7,
    0x95, 0xE9, 0xD2, 0x2A, 0x13, 0x5F, 0x91, 0x35, 0xAF, 0x15, 0x61, 0x71, 0xB7, 0xAB, 0x0C, 0xD7,
    0x0C, 0xDF, 0x8A, 0x17, 0x60, 0x27, 0x72, 0xB7, 0xB2, 0x95, 0x29, 0x17, 0x56, 0xCA, 0xDE, 0xF1,
    0x82, 0x32, 0x04, 0x0F, 0x87, 0xC3, 0x93, 0x0D, 0xB8, 0xA3, 0xAA, 0x55, 0x0E, 0x0F, 0xE6, 0x32,
    0x70, 0xE8, 0x11, 0x8D, 0x3C, 0x5D, 0xDD, 0x03, 0x15, 0x0E, 0x1F, 0xF5, 0xE4, 0xF0, 0xB3, 0x48,
    0x5F, 0xA8, 0x8E, 0x30, 0xD8, 0xC1, 0xB9, 0xD7, 0x83, 0xB5, 0x80, 0xE1, 0x9B, 0x95, 0x6B, 0xE3,
    0x74, 0x41, 0x87, 0x73, 0xFD, 0x57, 0x31, 0xDE, 0x93, 0xA5, 0xFF, 0x9C, 0x27, 0x18, 0x7E, 0xB0,
    0x43, 0x37, 0x6C, 0x30, 0xB9, 0x8E, 0xE5, 0x92, 0x24, 0x6A, 0x49, 0xE2, 0x9A, 0x84, 0xDB, 0x87,
    0x0B, 0xAE, 0xE8, 0x70, 0x73, 0xC1, 0xB8, 0xC9, 0x5C, 0xF7, 0xE7, 0x56, 0x89, 0xCE, 0x80, 0x89,
    0x4E, 0xA8, 0x50, 0xD9, 0x30, 0x66, 0x3D, 0x48, 0xAE, 0x37, 0x4B, 0x17, 0x7A, 0xCF, 0x15, 0xC9,
    0xC4, 0xE9, 0xF3, 0x6C, 0x67, 0x2F, 0xE7, 0xDA, 0x96, 0x8E, 0x3B, 0x44, 0xB2, 0x92, 0x3D, 0x62,
    0x21, 0xD7, 0x34, 0x64, 0x58, 0xFB, 0xAD, 0xB1, 0x7C, 0x63, 0xE6, 0xB6, 0xAB, 0xC9, 0x1C, 0xD0,
    0x1E, 0x08, 0x54, 0xC6, 0x0A, 0xBE, 0x71, 0x82, 0x20, 0x22, 0xAB, 0xC1, 0xF5, 0x46, 0xF0, 0xD2,
    0xA1, 0x4E, 0x47, 0xDC, 0x8F, 0x44, 0xB7, 0x25, 0x65, 0x5E, 0x13, 0x25, 0xB1, 0x92, 0x4C, 0x3F,
    0xBB, 0x4E, 0x12, 0xB6, 0x24, 0xD3, 0xA6, 0xD2, 0x0E, 0x21, 0xD9, 0xD5, 0xAF, 0x2F, 0x48, 0xA4,
    0x43, 0x40, 0x64, 0xE5, 0x82, 0x64, 0x7A, 0xEB, 0xEB, 0x4A, 0x5A, 0x25, 0x8D, 0x92, 0x62, 0x78,
    0xAC, 0x27, 0x05, 0x7B, 0xCC, 0xCD, 0xF0, 0xD2, 0xCF, 0xBA, 0x9B, 0x15, 0x9B, 0xEB, 0xB0, 0x5B,
    0x3F, 0xA9, 0x6F, 0x89, 0xAE, 0x97, 0x2D, 0xB1, 0xC2, 0xBF, 0x96, 0xA1, 0x6E, 0xA4, 0xDA, 0xE7,
    0xE7, 0xDD, 0xE1, 0xF6, 0x4B, 0x63, 0xBA, 0xCB, 0x2E, 0x64, 0x04, 0x6F, 0x23, 0x6C, 0x03, 0x43,
    0x23, 0x4D, 0x0C, 0x55, 0x36, 0xE2, 0x6B, 0xCE, 0xB8, 0x4B, 0x26, 0x14, 0xE9, 0x82, 0x54, 0x27,
    0xF0, 0xAE, 0xCE, 0x2B, 0xC8, 0x0A, 0xC2, 0x74, 0xAE, 0xF1, 0x79, 0x41, 0x4B, 0x89, 0x22, 0xD4,
    0xA1, 0x9E, 0xB0, 0xEB, 0xAB, 0x6F, 0x71, 0x20, 0xF2, 0x7F, 0xA0, 0x6C, 0x98, 0xFD, 0x4A, 0x47,
    0xA5, 0x57, 0xA2, 0xC2, 0xEE, 0x54, 0xA7, 0x22, 0xA5, 0x10, 0xB2, 0x48, 0xFE, 0x4B, 0x27, 0x66,
    0xAA, 0xDF, 0xE6, 0x3C, 0x09, 0x72, 0xFD, 0x5A, 0xAA, 0xA3, 0x18, 0x16, 0x7E, 0xE0, 0x2A, 0x48,
    0x28, 0x24, 0x18, 0x38, 0x1B, 0x1C, 0xC8, 0x40, 0x20, 0xAB, 0x47, 0x81, 0xF4, 0xEC, 0x4F, 0xF9,
    0xA5, 0x68, 0xE9, 0xDE, 0xE3, 0xC6, 0x82, 0x71, 0x89, 0xB9, 0xBD, 0xC8, 0x2A, 0xD3, 0x11, 0xD1,
    0x17, 0x34, 0x25, 0x40, 0x04, 0x2D, 0xFE, 0x1C, 0x28, 0xD9, 0x19, 0x0F, 0x5D, 0xA8, 0x7D, 0x10,
    0xE9, 0x95, 0xBA, 0x9C, 0x44, 0x38, 0xD1, 0x6E, 0xD5, 0x25, 0x90, 0xE4, 0xDA, 0xE5, 0xBA, 0xEC,
    0x77, 0x53, 0x3E, 0xE8, 0x40, 0x79, 0xC1, 0xF5, 0x98, 0xA4, 0xA3, 0xD2, 0x11, 0xB6, 0xE4, 0x3E,
    0x93, 0xB9, 0x0A, 0x83, 0x0D, 0x5B, 0xA1, 0x12, 0x31, 0xB6, 0x95, 0x92, 0x62, 0x0A, 0x39, 0x58,
    0xA6, 0x64, 0x57, 0x25, 0x9A, 0x03, 0xE5, 0x2C, 0x72, 0x0B, 0xDC, 0x4D, 0x46, 0x4F, 0xB6, 0x21,
    0xF0, 0x03, 0x70, 0x5E, 0x10, 0x91, 0x8A, 0x5A, 0xAE, 0x95, 0xAB, 0xFD, 0x2C, 0xB8, 0xEA, 0x6E,
    0xE0, 0xBB, 0x32, 0xD7, 0x4A, 0x4A, 0x61, 0x14, 0x29, 0x03, 0x95, 0x29, 0x55, 0xA8, 0x44, 0x79,
    0x10, 0xA8, 0x44, 0xB9, 0x2E, 0x4F, 0x96, 0xDE, 0x8F, 0xFE, 0xAB, 0xCA, 0xFC, 0xF2, 0x86, 0xEE,
    0x3B, 0xD5, 0x82, 0x7C, 0x62, 0x35, 0x92, 0x2E, 0x74, 0xD1, 0x96, 0xB3, 0x93, 0x4B, 0xFD, 0x94,
    0xFF, 0x47, 0x1C, 0x99, 0x74, 0xC9, 0x81, 0x99, 0x63, 0xC3, 0xBF, 0x49, 0x99, 0xF7, 0x75, 0x95,
    0x7C, 0x1B, 0xB4, 0x70, 0x7F, 0x74, 0xFF, 0xF0, 0x74, 0xA9, 0x86, 0x73, 0x6E, 0xC2, 0x37, 0x82,
    0xF8, 0xE6, 0x28, 0xE3, 0xF1, 0xCE, 0xE0, 0x09, 0xE3, 0x16, 0xE6, 0x6C, 0x49, 0x5E, 0xAF, 0x4B,
    0xE9, 0x52, 0x47, 0xD1, 0x6F, 0xEB, 0xEF, 0x4E, 0x16, 0x7D, 0x30, 0xED, 0xD9, 0xC2, 0x0E, 0x2D,
    0xEC, 0x8B, 0x47, 0x46, 0x2A, 0x2F, 0x75, 0xCF, 0x34, 0x12, 0xDD, 0x94, 0x8D, 0x9D, 0x5C, 0x96,
    0x13, 0xAA, 0x3B, 0x89, 0xB4, 0xB7, 0x27, 0xA1, 0x91, 0x39, 0x49, 0xA4, 0x44, 0xA6, 0x23, 0x49,
    0x3D, 0x26, 0xD3, 0x19, 0x49, 0x5C, 0x90, 0x24, 0x2A, 0x58, 0xA4, 0x4A, 0x2E, 0x2A, 0x39, 0x50,
    0xB2, 0x50, 0x89, 0x40, 0x67, 0x25, 0x9B, 0xE9, 0x16, 0x9E, 0x50, 0xC8, 0x5E, 0x94, 0xAA, 0x7C,
    0xBF, 0xA2, 0xAB, 0x4A, 0xD7, 0x9A, 0x27, 0x2F, 0x93, 0x5C, 0xFB, 0x73, 0x92, 0x97, 0x1F, 0x1B,
    0x9D, 0x35, 0x71, 0xAD, 0x08, 0x97, 0xB3, 0x72, 0x5C, 0xC3, 0x6E, 0x52, 0x52, 0x2E, 0x14, 0xF5,
    0x04, 0x73, 0x4D, 0xF6, 0x1F, 0xDC, 0x22, 0x53, 0x8E, 0x2E, 0x0B, 0x56, 0x6A, 0xBB, 0xBA, 0x47,
    0x4A, 0x8D, 0xEC, 0xE5, 0x8A, 0xD4, 0xB8, 0xC1, 0x0B, 0x1E, 0x91, 0xD5, 0x53, 0xF2, 0x91, 0x44,
    0x74, 0x9B, 0x84, 0xFC, 0x65, 0xD2, 0x64, 0xF5, 0x45, 0x63, 0xD9, 0x59, 0xAD, 0xBC, 0x6A, 0x22,
    0x8F, 0xF7, 0xBC, 0xC8, 0x99, 0xDE, 0x96, 0x74, 0x59, 0xCD, 0x0D, 0x5E, 0xB6, 0x8D, 0xAC, 0xCE,
    0xC9, 0xD7, 0xCB, 0x5A, 0x94, 0x18, 0xDD, 0x26, 0x44, 0x4D, 0xA2, 0xBA, 0x2B, 0x2C, 0x30, 0xAB,
    0xB1, 0xC8, 0xB0, 0x1F, 0xC8, 0x73, 0x9D, 0xAA, 0x60, 0xD2, 0x16, 0x72, 0x1E, 0xB6, 0x0F, 0x43,
    0x56, 0xB2, 0xCD, 0x19, 0x44, 0x12, 0x7D, 0x8F, 0x25, 0x39, 0xBE, 0xDC, 0x57, 0xD8, 0x5F, 0xB6,
    0x0C, 0x9E, 0x90, 0xF5, 0x11, 0xBA, 0xB9, 0x5C, 0x9A, 0xA0, 0x67, 0x33, 0xDB, 0xF9, 0xF7, 0x45,
    0x30, 0x42, 0x9B, 0xA0, 0x86, 0x55, 0x75, 0x8E, 0x0F, 0x72, 0x88, 0xCC, 0x10, 0x97, 0xBB, 0xB8,
    0xA0, 0x8A, 0xAC, 0x82, 0x12, 0x0B, 0x6A, 0x6C, 0xD0, 0x0A, 0xC1, 0x13, 0xC9, 0xA4, 0x63, 0x70,
    0x06, 0x59, 0x00, 0x60, 0xAA, 0xBC, 0x29, 0xBF, 0xC1, 0xBD, 0x4B, 0xD9, 0xE7, 0x92, 0x13, 0x30,
    0x47, 0x21, 0x2C, 0x73, 0xBA, 0xC8, 0x21, 0x9A, 0x67, 0x10, 0xBC, 0x63, 0xF7, 0x86, 0x2C, 0xE2,
    0x0A, 0xC2, 0xA5, 0x69, 0x6A, 0x8F, 0xB3, 0xAC, 0x71, 0x46, 0xFE, 0xA3, 0xFC, 0x08, 0x44, 0x27,
    0x5C, 0x52, 0xD2, 0x92, 0x39, 0x48, 0x3D, 0xDA, 0x74, 0xF5, 0x27, 0xA0, 0xD9, 0xFC, 0x1E, 0x09,
    0x58, 0x8F, 0xB7, 0x48, 0x4C, 0xA6, 0x30, 0x57, 0xD2, 0x42, 0x95, 0x7D, 0x49, 0x99, 0xED, 0x74,
    0x41, 0xD6, 0x0B, 0x04, 0x65, 0x93, 0x84, 0xA7, 0x10, 0x61, 0xCB, 0xC7, 0x89, 0x30, 0xE9, 0xE3,
    0x44, 0xF8, 0x05, 0x48, 0xAC, 0x24, 0x31, 0x32, 0x23, 0x91, 0xA9, 0x03, 0x52, 0x52, 0x58, 0x85,
    0x82, 0x2A, 0x04, 0xFD, 0x20, 0x8B, 0x59, 0x94, 0xD3, 0xA8, 0x72, 0xAF, 0xC9, 0x3E, 0x28, 0xCC,
    0xA4, 0x3D, 0xEB, 0x67, 0x4F, 0x43, 0x31, 0xB0, 0x2E, 0xD9, 0x69, 0x95, 0x6B, 0x22, 0x56, 0xB0,
    0xA4, 0xE4, 0x65, 0xE5, 0xC5, 0xE5, 0x5F, 0x1F, 0x63, 0xD7, 0xF8, 0x95, 0x54, 0xFE, 0x1F, 0x76,
    0x8A, 0x7F, 0x94, 0xCA, 0x47, 0xB8, 0xF3, 0x5F, 0x41, 0x38, 0x01, 0xA7, 0xFC, 0x36, 0x2A, 0x32,
    0xDB, 0x12, 0xAC, 0xF0, 0x4E, 0x16, 0xF7, 0x05, 0x56, 0x64, 0xFE, 0xEE, 0xB2, 0x22, 0x6B, 0x9E,
    0xE2, 0x51, 0x27, 0xC5, 0x35, 0x5F, 0x69, 0x59, 0x99, 0x2E, 0x42, 0xAD, 0x4C, 0x96, 0x51, 0xC3,
    0x4A, 0xB4, 0x9A, 0xD4, 0xAC, 0x84, 0xFD, 0x74, 0xC6, 0x8A, 0xCC, 0xB8, 0x42, 0x2B, 0xD5, 0xB7,
    0x03, 0xAD, 0x94, 0xFF, 0xC3, 0x2A, 0xF9, 0xCA, 0x2A, 0xC2, 0xA0, 0xB4, 0x22, 0xAC, 0x4D, 0x2A,
    0x21, 0xFF, 0x29, 0x93, 0x69, 0xDF, 0xCD, 0xA6, 0x6D, 0x54, 0xF5, 0xC2, 0xC1, 0x9B, 0x49, 0x23,
    0x6F, 0xDE, 0x94, 0xDC, 0x64, 0x56, 0x46, 0x30, 0xE7, 0x0C, 0x72, 0xB1, 0x25, 0xF2, 0xC9, 0x88,
    0x72, 0x65, 0x4F, 0x3E, 0xE5, 0xCD, 0x02, 0x83, 0x71, 0x0C, 0xCA, 0x91, 0x97, 0x78, 0xAF, 0xA2,
    0x1C, 0x6E, 0xF2, 0xAB, 0xB4, 0x58, 0x64, 0x15, 0x48, 0x8D, 0x18, 0xA6, 0x22, 0x52, 0xD1, 0xA8,
    0xAC, 0x21, 0x2E, 0xA6, 0x73, 0x08, 0x48, 0xC2, 0x20, 0xEB, 0x40, 0x79, 0x25, 0xD8, 0xE6, 0x0C,
    0x25, 0xA4, 0xD7, 0x68, 0xC5, 0xB2, 0x77, 0x5A, 0x82, 0xF1, 0x6E, 0x96, 0xA3, 0x4F, 0xF5, 0x7A,
    0xFD, 0xAE, 0xDE, 0x27, 0xE7, 0x3D, 0xF5, 0xFE, 0x09, 0x9F, 0x85, 0xE7, 0xE6, 0x75, 0x48, 0x51,
    0x2A, 0xC8, 0x6F, 0x5D, 0x95, 0x29, 0x73, 0x4E, 0xE1, 0x6A, 0x40, 0x79, 0x2A, 0x10, 0x2C, 0x8D,
    0x60, 0x4F, 0xFF, 0xCE, 0x23, 0xAA, 0x43, 0x14, 0x58, 0xFB, 0xE8, 0xEA, 0xAB, 0xDA, 0xD5, 0xDA,
    0x6A, 0x13, 0x56, 0x67, 0x14, 0x56, 0x3B, 0x72, 0x47, 0x8A, 0xA0, 0xD6, 0x7C, 0x77, 0x4C, 0x30,
    0x1E, 0x97, 0xA3, 0xFF, 0x23, 0x3E, 0x29, 0x5E, 0x50, 0xA8, 0x5E, 0x8B, 0xAF, 0x47, 0x97, 0x82,
    0xBB, 0x16, 0x50, 0x4C, 0x44, 0x54, 0x19, 0x71, 0x0C, 0xDD, 0x6E, 0x60, 0xB7, 0xD3, 0x55, 0x04,
    0xBC, 0xE6, 0xAE, 0xB1, 0xDB, 0x2D, 0x41, 0x74, 0x0B, 0xBB, 0xAD, 0xEF, 0x15, 0xBB, 0x55, 0xC4,
    0x47, 0xF1, 0x9E, 0xFC, 0xD5, 0xCB, 0xEF, 0xBE, 0xD8, 0x5D, 0x94, 0x39, 0x12, 0x76, 0x3B, 0x10,
    0xDA, 0xB5, 0x7C, 0x4B, 0xCB, 0xA7, 0x50, 0x3E, 0x69, 0x58, 0xEC, 0x03, 0x2C, 0x29, 0x50, 0x88,
    0xE4, 0x22, 0x2A, 0x7A, 0x02, 0xAD, 0xE3, 0xF7, 0x41, 0x33, 0x97, 0xAE, 0xDE, 0xDB, 0x33, 0x94,
    0x5C, 0xAF, 0x0A, 0x2B, 0xBD, 0x91, 0x07, 0x67, 0xCE, 0x56, 0xBF, 0xC1, 0xDF, 0x15, 0x8B, 0x94,
    0x26, 0xDC, 0x2C, 0x7F, 0x09, 0x3E, 0x0F, 0x91, 0x30, 0xA5, 0xBA, 0x40, 0x81, 0x50, 0xE4, 0x2C,
    0x08, 0x81, 0x18, 0x58, 0xA1, 0xD5, 0x4C, 0xD8, 0xB4, 0xD0, 0x9C, 0x32, 0xDC, 0x88, 0x36, 0xB7,
    0xA1, 0xB5, 0xBF, 0xDE, 0x7F, 0xDF, 0xDF, 0xCF, 0xDF, 0x3F, 0xB4, 0xE7, 0x05, 0x39, 0x9E, 0x5F,
    0x6B, 0x7B, 0x88, 0xDB, 0x9D, 0xD3, 0xF6, 0x0D, 0xED, 0xE5, 0x4E, 0x3B, 0x7A, 0x9F, 0x27, 0x8E,
    0x8E, 0xD0, 0xF3, 0x6E, 0x19, 0x52, 0x4C, 0x10, 0xD2, 0xCB, 0x12, 0xAC, 0x29, 0x3C, 0xCA, 0xFE,
    0x4D, 0x1B, 0x58, 0x03, 0xCD, 0x00, 0x6D, 0xBF, 0xCE, 0x69, 0xC9, 0x3E, 0x9C, 0x2C, 0xD9, 0x87,
    0x51, 0x4F, 0x19, 0x21, 0x70, 0x97, 0xF5, 0xE6, 0x66, 0xFA, 0x5B, 0x98, 0xD4, 0xAC, 0x26, 0x40,
    0x1D, 0x81, 0xD8, 0xFA, 0x57, 0x97, 0xD3, 0xAE, 0x8A, 0xD3, 0x0B, 0xCE, 0xF7, 0xA8, 0xE5, 0x8C,
    0x9F, 0x34, 0x58, 0xB7, 0xB2, 0xBF, 0x52, 0x84, 0xCE, 0xD4, 0x64, 0x74, 0x85, 0x42, 0x72, 0x40,
    0xA6, 0xAB, 0xBC, 0x97, 0x3B, 0xCD, 0x39, 0x61, 0xCB, 0xB2, 0xCF, 0xC4, 0xD4, 0x0C, 0x1E, 0x07,
    0xF8, 0x64, 0xA5, 0xF0, 0xC9, 0xCA, 0xE0, 0x93, 0xE5, 0x00, 0x9F, 0xAC, 0x7B, 0x28, 0x5C, 0x8E,
    0x61, 0xCD, 0x2D, 0xCC, 0xC4, 0xC8, 0x73, 0xC6, 0x8A, 0x44, 0x00, 0x95, 0x65, 0xB5, 0x30, 0x12,
    0xAE, 0x5F, 0x1A, 0x0C, 0xB0, 0xD2, 0xC7, 0xDE, 0x03, 0x29, 0x48, 0x84, 0x71, 0x81, 0xC8, 0x98,
    0xE0, 0x2E, 0xD9, 0xEA, 0x9B, 0xFB, 0xD4, 0x1C, 0x38, 0xB5, 0x05, 0x83, 0xFB, 0x19, 0x86, 0x25,
    0xBC, 0x14, 0xEA, 0x20, 0xDF, 0x05, 0xF1, 0xD0, 0x8E, 0x0E, 0xB9, 0xF0, 0x7B, 0x13, 0x16, 0x65,
    0xA8, 0xE4, 0xAE, 0x22, 0x21, 0xCC, 0xD7, 0x35, 0x8C, 0x9B, 0xCC, 0xCD, 0x54, 0xA1, 0x14, 0x99,
    0xAD, 0x71, 0x37, 0xD4, 0xDA, 0xC7, 0xBC, 0x16, 0x5A, 0x6D, 0x61, 0x83, 0x0F, 0x7B, 0x45, 0xE5,
    0x6B, 0xF3, 0x7F, 0xAB, 0xBD, 0xD1, 0xAE, 0x7B, 0xA3, 0x1D, 0x7A, 0xA3, 0xF5, 0x7B, 0xED, 0xFE,
    0x50, 0x8B, 0x87, 0xDA, 0x64, 0xA8, 0x45, 0x43, 0x2D, 0x1C, 0x6A, 0xC1, 0x49, 0x35, 0x6E, 0x94,
    0x81, 0x5A, 0x46, 0x40, 0x5E, 0x25, 0x64, 0x72, 0x51, 0xF7, 0xE8, 0x9D, 0x93, 0xC8, 0x53, 0x4A,
    0x82, 0x6D, 0xF2, 0xAA, 0x61, 0xB5, 0x14, 0xB9, 0xCA, 0xF7, 0x21, 0xB2, 0xCB, 0x67, 0x54, 0x79,
    0xE4, 0x12, 0xEC, 0xF4, 0x42, 0xC0, 0x65, 0xD7, 0x04, 0x4C, 0xF4, 0x18, 0xC9, 0x9B, 0xF1, 0x25,
    0xB8, 0xBB, 0x22, 0x7A, 0xC2, 0xD6, 0xCF, 0xAF, 0x80, 0x71, 0x7B, 0x4B, 0x4E, 0xAF, 0x1A, 0xA7,
    0x57, 0x39, 0xBD, 0xCE, 0x39, 0x28, 0x9D, 0x5E, 0xEB, 0xBC, 0x27, 0xBA, 0x67, 0x14, 0x52, 0x2D,
    0xE8, 0x1B, 0xF2, 0x30, 0x7E, 0x2E, 0x3C, 0x88, 0x54, 0x98, 0xA6, 0x17, 0xAA, 0xBC, 0x88, 0xE5,
    0x91, 0xC8, 0xD3, 0xA9, 0xBF, 0xCE, 0xBE, 0x27, 0x6B, 0x1F, 0x9A, 0x28, 0xF6, 0x53, 0x47, 0x64,
    0xA7, 0xA1, 0x2E, 0x2A, 0xBB, 0x92, 0x29, 0xA3, 0xF6, 0x76, 0x54, 0x09, 0xEE, 0x45, 0x38, 0xD3,
    0x77, 0xD0, 0x37, 0xD0, 0xF6, 0x6B, 0xEB, 0xB7, 0x85, 0xC5, 0xBB, 0xC7, 0x4F, 0xC9, 0x9A, 0x53,
    0x5D, 0x9C, 0x8D, 0xE1, 0xA7, 0x7E, 0x16, 0x02, 0xF6, 0x9C, 0x72, 0x2C, 0x08, 0xBA, 0x04, 0x44,
    0x5D, 0x80, 0x7C, 0xCA, 0x82, 0xCC, 0x88, 0xDD, 0x09, 0xF0, 0xA2, 0x7C, 0x2E, 0xEC, 0x8F, 0x37,
    0xB5, 0xB0, 0x32, 0xA6, 0x1C, 0xAA, 0xE5, 0xF8, 0xEF, 0x27, 0x4A, 0x9F, 0xBD, 0xE1, 0x80, 0x39,
    0x3D, 0x6A, 0x04, 0x88, 0x91, 0x15, 0x00, 0xD9, 0xA8, 0x81, 0x2A, 0x0D, 0x59, 0xC9, 0xBD, 0xA1,
    0x0C, 0x19, 0x3B, 0x30, 0xD0, 0x98, 0x4D, 0x88, 0x22, 0x54, 0x74, 0x75, 0x85, 0x3D, 0x7E, 0xCE,
    0xEE, 0x15, 0x69, 0x75, 0xE9, 0x85, 0x63, 0x45, 0x1E, 0x3A, 0x43, 0x66, 0xA9, 0x5A, 0x00, 0xAE,
    0x05, 0xB4, 0x9E, 0xC0, 0x66, 0x89, 0x79, 0x29, 0xEF, 0xA6, 0x15, 0xBA, 0x04, 0x94, 0x54, 0x48,
    0x50, 0x99, 0x59, 0xA5, 0xB2, 0x0A, 0xD7, 0xC2, 0x46, 0x65, 0xF8, 0x68, 0x5D, 0x19, 0xBE, 0x35,
    0xDC, 0x67, 0xB8, 0xF3, 0xF0, 0xAC, 0xCC, 0x3F, 0xDD, 0xCC, 0xDA, 0x4E, 0x41, 0x3E, 0x13, 0x71,
    0xA4, 0x0B, 0x20, 0x91, 0x8B, 0xF6, 0xA5, 0xB8, 0x40, 0x76, 0xAB, 0xEA, 0xA8, 0xA1, 0x9D, 0xB3,
    0xEE, 0xF4, 0xDE, 0x0C, 0xE7, 0x28, 0xAC, 0x87, 0xAA, 0x19, 0xC6, 0xFD, 0x1E, 0xD6, 0x7A, 0xCA,
    0xD1, 0xC2, 0xA3, 0x72, 0x5D, 0x6A, 0xB9, 0x0A, 0x9C, 0x24, 0xC5, 0x98, 0xD8, 0x67, 0x76, 0xA5,
    0x2C, 0x53, 0x10, 0x91, 0x61, 0x40, 0x26, 0xEE, 0x55, 0xF2, 0x01, 0x5B, 0xFE, 0xF9, 0xFB, 0x0A,
    0x15, 0xCD, 0x68, 0x9F, 0x70, 0xBC, 0x44, 0x60, 0x78, 0x10, 0xE9, 0xE9, 0xD1, 0xF7, 0xB2, 0x8D,
    0xA7, 0x3B, 0x3E, 0x01, 0xB0, 0x20, 0x44, 0xAB, 0xA5, 0xAC, 0xF5, 0x5B, 0x00, 0xFD, 0x32, 0x34,
    0xF7, 0xEC, 0x0B, 0x54, 0x36, 0x04, 0x31, 0xEE, 0x05, 0xDB, 0x90, 0x11, 0x5F, 0xA1, 0x90, 0xA1,
    0x22, 0x12, 0x74, 0x29, 0x20, 0xC6, 0xEB, 0x8B, 0xB3, 0x47, 0x8E, 0xAF, 0x29, 0x68, 0x4A, 0x51,
    0x42, 0x60, 0x2E, 0xF1, 0x88, 0x12, 0x77, 0xAF, 0x30, 0x61, 0xAA, 0x20, 0x2F, 0xD8, 0xBF, 0xB2,
    0xF5, 0x66, 0xF3, 0x34, 0x2F, 0x12, 0xB7, 0xCA, 0x6F, 0x44, 0xAE, 0x13, 0xC9, 0xEC, 0x69, 0x9B,
    0x2A, 0x40, 0x84, 0xCF, 0x49, 0x77, 0xFF, 0x17, 0x59, 0x41, 0x31, 0x26, 0x7E, 0x8E, 0x79, 0xE3,
    0x6E, 0x15, 0x81, 0x22, 0x98, 0x73, 0x35, 0x9D, 0x00, 0x9B, 0x16, 0x43, 0xF7, 0x33, 0xB1, 0xF4,
    0xF7, 0x37, 0xF2, 0x1F, 0xBA, 0x62, 0x57, 0x06, 0xA0, 0xB9, 0x28, 0xDF, 0x69, 0x73, 0x80, 0x24,
    0xF2, 0xDC, 0x09, 0x74, 0x5F, 0xAA, 0xAC, 0xD1, 0x12, 0xEF, 0x37, 0x2E, 0xF0, 0x01, 0x6D, 0xC3,
    0x29, 0xAE, 0x4B, 0x80, 0xB5, 0x4C, 0x61, 0xD1, 0x8F, 0x96, 0x94, 0x64, 0xE5, 0x7E, 0x32, 0x4D,
    0xC1, 0x4A, 0xF7, 0xAC, 0x59, 0x95, 0xB7, 0x67, 0xC3, 0x8E, 0x5C, 0xD6, 0x22, 0x13, 0x65, 0x8D,
    0x14, 0x29, 0x8A, 0x84, 0x35, 0xFC, 0x2D, 0x9F, 0x85, 0xAB, 0xBD, 0x5E, 0xD7, 0x40, 0xD8, 0x03,
    0x9A, 0xB4, 0xEB, 0x92, 0x36, 0x44, 0xEF, 0x49, 0x31, 0x1D, 0x6A, 0xFA, 0xB4, 0x06, 0xCB, 0x5B,
    0x64, 0x46, 0xD7, 0xF9, 0xE7, 0x38, 0x3C, 0x46, 0x3E, 0xCA, 0xF1, 0x65, 0xDC, 0x19, 0xD7, 0xCA,
    0xEF, 0x59, 0x08, 0x62, 0x77, 0xFC, 0x5D, 0xA9, 0xCD, 0x4A, 0x00, 0x83, 0x0D, 0xB4, 0x00, 0x3B,
    0x3A, 0xAD, 0xF3, 0x87, 0xA2, 0xDA, 0x28, 0xD0, 0x0F, 0x0B, 0x95, 0x94, 0x9D, 0x2F, 0xE3, 0x62,
    0x5D, 0x26, 0x5A, 0x06, 0xEB, 0x32, 0x65, 0x79, 0x81, 0xE5, 0x2E, 0xCB, 0x1D, 0x96, 0xD7, 0x58,
    0x76, 0x28, 0x65, 0xF7, 0x9B, 0x98, 0xC5, 0x62, 0xCE, 0xB2, 0xC5, 0xDA, 0x4A, 0x5B, 0x4C, 0x8F,
    0x69, 0x7B, 0x85, 0x3B, 0xE5, 0x01, 0x77, 0xC9, 0x03, 0xEE, 0x90, 0x84, 0xFD, 0x5B, 0x9A, 0x00,
    0x5E, 0x53, 0x86, 0x91, 0xB1, 0xDF, 0x5E, 0x5C, 0xE2, 0x3E, 0x6B, 0xA7, 0x1F, 0x51, 0x34, 0xA0,
    0x70, 0xC8, 0xC8, 0xA5, 0x70, 0xD2, 0x49, 0xE7, 0xE5, 0xFB, 0x47, 0x57, 0xF9, 0x84, 0x79, 0xF9,
    0xEA, 0xDE, 0x5E, 0xA1, 0x2E, 0x46, 0x83, 0x9F, 0x11, 0xAD, 0x72, 0x54, 0xFE, 0xA0, 0xD9, 0x61,
    0x2B, 0xCC, 0xB8, 0xB3, 0x40, 0xC8, 0xEF, 0x46, 0x43, 0xCA, 0xDE, 0x96, 0xF9, 0x23, 0x9E, 0x46,
    0xFB, 0xFD, 0x39, 0xB7, 0x88, 0x1D, 0xBA, 0x24, 0xAF, 0xA3, 0x05, 0x64, 0xDD, 0x7C, 0x06, 0x4D,
    0x62, 0x57, 0x28, 0x54, 0xC1, 0x14, 0x2D, 0xC1, 0x6B, 0x48, 0x2B, 0x76, 0xE8, 0x64, 0x92, 0xCF,
    0x38, 0x60, 0x1F, 0x95, 0xBF, 0x6C, 0xAD, 0x83, 0x31, 0x5D, 0xA6, 0x7D, 0xF5, 0xC1, 0x8A, 0x5A,
    0x62, 0x3E, 0x03, 0xD7, 0x44, 0x83, 0x2B, 0x73, 0xD8, 0x43, 0xE3, 0xAA, 0x22, 0x9F, 0x65, 0x73,
    0x5D, 0x9B, 0x09, 0x8D, 0x32, 0x39, 0x98, 0xA0, 0x88, 0x60, 0x65, 0x2D, 0x0D, 0xAD, 0xDA, 0x73,
    0x70, 0xA3, 0x9A, 0xBB, 0x19, 0xE6, 0xB5, 0xAC, 0xD2, 0xA7, 0x2F, 0x61, 0x11, 0x14, 0xF9, 0xBB,
    0x65, 0x53, 0x0A, 0x04, 0xF6, 0x8A, 0xCC, 0x53, 0xE9, 0xFC, 0xC5, 0x19, 0x76, 0x3A, 0x6C, 0x80,
    0x62, 0x85, 0x7F, 0x5A, 0x56, 0x16, 0x1E, 0xFE, 0x67, 0x58, 0xFC, 0xB1, 0xDA, 0x63, 0x64, 0x96,
    0x7E, 0x51, 0xE6, 0xC2, 0x81, 0xCC, 0x89, 0xB7, 0x09, 0xFC, 0xC4, 0x5D, 0xFE, 0x6E, 0x35, 0x8F,
    0xB1, 0x96, 0x9E, 0x2E, 0x86, 0xB7, 0x6F, 0x33, 0xB7, 0xCC, 0xDC, 0xE1, 0x79, 0x77, 0x23, 0xE2,
    0x1E, 0x85, 0xD9, 0xD3, 0x73, 0x1E, 0xB1, 0x9C, 0xB0, 0x4C, 0x58, 0x5E, 0x44, 0x19, 0x2E, 0x50,
    0x4E, 0x1B, 0x94, 0x69, 0x81, 0xF2, 0x0A, 0xAE, 0xEC, 0x5B, 0x94, 0xB2, 0xFF, 0xAB, 0x31, 0xB6,
    0xF7, 0xF7, 0x61, 0x39, 0xE9, 0xD5, 0x3A, 0x3B, 0x97, 0xA7, 0xE8, 0x13, 0xBD, 0x00, 0x35, 0x9B,
    0x60, 0x7A, 0xCC, 0xF0, 0x1A, 0x19, 0x91, 0xAB, 0xE4, 0x26, 0x58, 0xA3, 0x42, 0x5B, 0x83, 0xAA,
    0x1B, 0x3C, 0x12, 0xAD, 0xAD, 0x20, 0x0C, 0x16, 0xF2, 0xF4, 0xAC, 0x07, 0x4B, 0x95, 0xA9, 0x29,
    0xD7, 0x0B, 0x1F, 0xC2, 0xB3, 0xB8, 0xF2, 0xAE, 0xA3, 0x84, 0xD4, 0x27, 0x4F, 0x04, 0x6C, 0xBF,
    0xBA, 0x4C, 0x99, 0x08, 0x5A, 0x6F, 0xD8, 0x5F, 0xE5, 0xDF, 0xA1, 0x78, 0x86, 0x4B, 0x1A, 0xE2,
    0xE8, 0x40, 0x20, 0xDF, 0xAA, 0x66, 0x86, 0xF3, 0xCB, 0xDD, 0x64, 0x4B, 0x90, 0xA7, 0xC7, 0x30,
    0x98, 0xCE, 0x27, 0x30, 0x38, 0xB5, 0x0A, 0xC0, 0xF8, 0xF5, 0xDB, 0x84, 0xFB, 0xDC, 0xD1, 0xE2,
    0x7A, 0x7B, 0xE5, 0xDA, 0xFA, 0x1D, 0x97, 0xE3, 0x55, 0x7C, 0x6C, 0x2D, 0x67, 0x2C, 0x2F, 0xB2,
    0xBC, 0x82, 0x12, 0x7C, 0xA9, 0xC3, 0x24, 0x82, 0xB8, 0x05, 0x58, 0xFB, 0xB0, 0x84, 0x41, 0xB9,
    0x39, 0xBB, 0x35, 0x02, 0xD4, 0xC9, 0xA5, 0x17, 0x30, 0x93, 0xA1, 0x90, 0x03, 0x52, 0x00, 0x6C,
    0x82, 0xDF, 0x86, 0x50, 0xF1, 0xE4, 0x43, 0xA1, 0x1F, 0x2F, 0x82, 0xE9, 0xAF, 0x84, 0xFE, 0x56,
    0x66, 0xF6, 0x65, 0xA1, 0xFF, 0x2A, 0x5D, 0x25, 0x3B, 0x79, 0xD8, 0xBA, 0xE0, 0x02, 0x69, 0x55,
    0xEC, 0x90, 0xE6, 0xB3, 0x97, 0x95, 0xD6, 0x1D, 0x69, 0xFA, 0xEB, 0x96, 0x34, 0xF9, 0x6D, 0x43,
    0x3A, 0xFD, 0x5D, 0x4D, 0x2A, 0xDD, 0x41, 0x1A, 0x51, 0x22, 0x90, 0x06, 0xF7, 0xD8, 0x5D, 0xF6,
    0xFB, 0x62, 0x15, 0x51, 0xE1, 0xAE, 0x0F, 0xA6, 0xC3, 0x9E, 0x5B, 0x01, 0x7F, 0x5A, 0x0C, 0xF3,
    0x24, 0xD4, 0x79, 0xB2, 0xE2, 0x3C, 0x39, 0xB1, 0x5C, 0xC1, 0xD0, 0x18, 0x52, 0x9D, 0x0C, 0xFB,
    0xA3, 0xA3, 0x53, 0xAE, 0xB4, 0xEB, 0x6D, 0x9E, 0x44, 0xA3, 0x79, 0x92, 0x63, 0x01, 0xEE, 0x91,
    0x83, 0x41, 0x23, 0x12, 0x90, 0x93, 0xAC, 0x04, 0x5E, 0x62, 0x73, 0x69, 0x71, 0x0C, 0x30, 0xD6,
    0x6F, 0x4A, 0x33, 0xC5, 0x63, 0x8F, 0x15, 0xFC, 0x80, 0x97, 0xF0, 0x62, 0x7E, 0x0D, 0x37, 0x68,
    0x70, 0x2B, 0x91, 0x0E, 0x7F, 0xD8, 0xDB, 0xED, 0xD7, 0x1C, 0x8C, 0xFA, 0x49, 0x47, 0xD0, 0xED,
    0x35, 0xE0, 0x7E, 0x6C, 0xE3, 0xFD, 0xFC, 0x7F, 0x85, 0xED, 0x6E, 0xC2, 0xD7, 0x95, 0x77, 0x15,
    0xF6, 0xCC, 0x77, 0x35, 0x6B, 0x5B, 0x25, 0xBD, 0xDC, 0x04, 0xFB, 0xE2, 0x68, 0x28, 0x46, 0x91,
    0x7E, 0x3E, 0x45, 0x97, 0x50, 0xC6, 0xA6, 0x20, 0x8B, 0x35, 0x9A, 0xCF, 0x20, 0xDB, 0x09, 0x4B,
    0x5D, 0xFA, 0x32, 0xBB, 0x4D, 0x29, 0x9F, 0xEA, 0x95, 0xFA, 0x2D, 0xBD, 0x83, 0x83, 0x05, 0x36,
    0xEA, 0x6F, 0xC4, 0x68, 0x06, 0xCD, 0xE0, 0xB2, 0xFE, 0xB1, 0x7F, 0x07, 0x2F, 0x04, 0xEA, 0xCF,
    0x75, 0xDB, 0x92, 0xC2, 0x82, 0xCA, 0xC9, 0x98, 0x11, 0x14, 0x60, 0xFD, 0xF8, 0x84, 0x4E, 0xEC,
    0x22, 0x53, 0xDB, 0x61, 0xCA, 0x02, 0x3B, 0x0C, 0x96, 0xE0, 0xD7, 0x6C, 0x0F, 0x19, 0xBC, 0x56,
    0xB7, 0x8A, 0xF5, 0x0E, 0x93, 0x0F, 0x3B, 0x8C, 0x2C, 0xE9, 0x69, 0x01, 0x0F, 0x02, 0xF5, 0x55,
    0x95, 0xDB, 0xC3, 0x3C, 0xF7, 0xC2, 0x80, 0x86, 0x10, 0x0B, 0x11, 0x68, 0x21, 0x97, 0x29, 0xB3,
    0xDC, 0x95, 0xE2, 0x60, 0x47, 0x8A, 0x1D, 0x16, 0x5F, 0x95, 0xE2, 0x29, 0x73, 0x4C, 0xB9, 0xDB,
    0x42, 0x3D, 0x05, 0xF8, 0x1E, 0xEF, 0x11, 0x1F, 0x1B, 0xFC, 0x8D, 0x6A, 0x6C, 0x63, 0xD8, 0x37,
    0x66, 0x31, 0xA7, 0x29, 0xD8, 0xCC, 0x92, 0x9D, 0xD1, 0x91, 0xBB, 0x51, 0x1F, 0x11, 0xA3, 0x92,
    0xBC, 0x30, 0x40, 0x4A, 0xD9, 0x76, 0x60, 0xFB, 0xAD, 0x21, 0x4A, 0x25, 0xF3, 0x84, 0xFA, 0x6C,
    0x46, 0x0F, 0xA7, 0x5D, 0xC2, 0x68, 0x3B, 0x04, 0x7E, 0xAE, 0xF1, 0xC1, 0xDC, 0xE8, 0xE8, 0x5E,
    0x17, 0xA8, 0x8D, 0x59, 0xFD, 0x5E, 0x14, 0xA6, 0x54, 0x8B, 0x75, 0xC2, 0x56, 0x5C, 0x50, 0x0C,
    0x6D, 0x8D, 0x16, 0x11, 0xDE, 0x9C, 0xB2, 0xFB, 0xA7, 0xF4, 0xD3, 0x33, 0xCC, 0x45, 0x9D, 0x7C,
    0xC3, 0xA3, 0xD7, 0x14, 0x87, 0x51, 0xD1, 0x27, 0x55, 0x32, 0xED, 0xC6, 0xC8, 0xE8, 0x89, 0xE4,
    0x3C, 0x35, 0xA1, 0x58, 0xB7, 0xDC, 0xF2, 0x83, 0x5B, 0x98, 0x13, 0xAB, 0x49, 0x97, 0xC2, 0x08,
    0x3F, 0xE9, 0xE0, 0xB2, 0x39, 0x9F, 0x88, 0x19, 0x09, 0x20, 0xA4, 0xAA, 0x0C, 0x4A, 0xC0, 0x19,
    0xB1, 0x01, 0x43, 0x48, 0x11, 0xA1, 0x61, 0x4C, 0xF2, 0x11, 0xA9, 0xFC, 0x17, 0xB2, 0x86, 0x9C,
    0x26, 0x69, 0xE5, 0x66, 0xC2, 0x20, 0x17, 0xBC, 0x75, 0xD4, 0xCB, 0x83, 0xD0, 0x8D, 0xBF, 0xBB,
    0x05, 0x8E, 0x33, 0xD5, 0x46, 0x04, 0xD3, 0x9B, 0x77, 0x6C, 0xF5, 0x74, 0x8C, 0x3B, 0x8A, 0x2C,
    0x76, 0xA8, 0x56, 0xFD, 0x76, 0xCB, 0x9C, 0x2B, 0xCB, 0x4B, 0x18, 0xED, 0x79, 0x37, 0xDF, 0xA7,
    0x59, 0x22, 0xC6, 0xB3, 0x66, 0x18, 0x26, 0x81, 0x52, 0x29, 0x59, 0xEC, 0xD0, 0xAB, 0xE2, 0x2D,
    0xAA, 0x64, 0x1C, 0x0E, 0xC5, 0x2C, 0x15, 0x49, 0xD5, 0x01, 0xFA, 0x1D, 0x1E, 0x15, 0xFD, 0x13,
    0x9E, 0x34, 0xA5, 0x1C, 0x92, 0x70, 0x0A, 0xEF, 0x52, 0xA3, 0xB9, 0x0E, 0x75, 0x46, 0x5E, 0x28,
    0xC1, 0x4E, 0x23, 0xDB, 0xCC, 0xA1, 0x4C, 0x1E, 0xF5, 0xC5, 0xF5, 0xDC, 0xB3, 0xC3, 0x3E, 0x27,
    0x1C, 0xA5, 0xC7, 0x32, 0x52, 0x1E, 0x70, 0x7F, 0xF9, 0xCA, 0x84, 0x25, 0x71, 0x96, 0xAE, 0x32,
    0xE7, 0x50, 0x0F, 0xCC, 0x6A, 0x6F, 0x85, 0xDA, 0x59, 0xE3, 0xF2, 0xAD, 0x41, 0x3F, 0xA0, 0xC6,
    0x23, 0xED, 0x6C, 0x9F, 0x75, 0xAF, 0x6D, 0xB7, 0xF3, 0x58, 0x19, 0x8C, 0x4B, 0x8A, 0xEF, 0x41,
    0xD5, 0x9C, 0x5F, 0x72, 0x75, 0x2E, 0x01, 0x49, 0xFF, 0xCB, 0xBD, 0x32, 0x12, 0xDF, 0x51, 0xCE,
    0xFD, 0x9D, 0x74, 0x9D, 0xF4, 0xD5, 0xBE, 0xFB, 0x5E, 0xD5, 0x83, 0xE1, 0x4D, 0x69, 0x74, 0x94,
    0xE7, 0xCA, 0x4B, 0x40, 0x44, 0x58, 0x7E, 0x06, 0x95, 0x89, 0x56, 0x06, 0x18, 0x0B, 0xFB, 0xA3,
    0xFE, 0xD4, 0x8F, 0x4D, 0xE3, 0xE7, 0x03, 0x06, 0x57, 0x6F, 0x37, 0xDE, 0x8B, 0x44, 0xC6, 0x7E,
    0xD4, 0x9F, 0x4E, 0x7F, 0xA6, 0xBE, 0x32, 0x39, 0x56, 0x89, 0xEA, 0x81, 0x23, 0x2F, 0x58, 0xCE,
    0xE1, 0x5A, 0xD0, 0x93, 0x5B, 0xAD, 0x08, 0xB2, 0xAD, 0xCB, 0xAF, 0x9A, 0x93, 0xE0, 0xCA, 0x38,
    0xEB, 0x8D, 0xC0, 0xDB, 0xEB, 0x56, 0x74, 0x93, 0x51, 0x83, 0x33, 0xF5, 0x60, 0x29, 0xB1, 0xAA,
    0x7D, 0x19, 0xB3, 0xFB, 0xB0, 0xBA, 0xE8, 0x00, 0x9E, 0xF1, 0x5B, 0xA5, 0x57, 0xED, 0xB4, 0xE3,
    0x3B, 0x0A, 0xF4, 0x32, 0x6B, 0x65, 0xE6, 0xDD, 0xA2, 0x73, 0x31, 0x2E, 0x0D, 0xCD, 0xE9, 0x98,
    0x58, 0x7B, 0x7A, 0x0A, 0x45, 0x73, 0x94, 0xBA, 0x42, 0xFF, 0x5E, 0x36, 0x4A, 0x93, 0x56, 0x69,
    0x7C, 0x07, 0x4A, 0xC3, 0x30, 0x5C, 0xB6, 0x9A, 0x5C, 0xBB, 0xF9, 0x8F, 0x45, 0x35, 0x82, 0x7A,
    0x1B, 0x7B, 0x11, 0x8A, 0xEE, 0x34, 0x68, 0xA1, 0x36, 0x8F, 0x6D, 0x63, 0x03, 0xB6, 0x0B, 0x34,
    0x86, 0x2D, 0x61, 0x33, 0x36, 0xD4, 0xDC, 0xAD, 0x22, 0x69, 0xF9, 0x44, 0xAF, 0xEB, 0x4A, 0x97,
    0x3E, 0x0D, 0xDC, 0x49, 0xB0, 0x89, 0x77, 0xAB, 0x5A, 0x35, 0x9B, 0xC9, 0x62, 0x57, 0x96, 0xDC,
    0x19, 0x7D, 0x5C, 0x1F, 0x78, 0x23, 0xB8, 0x74, 0x9F, 0x19, 0x3B, 0x9D, 0xFD, 0x7D, 0x25, 0x9A,
    0xCD, 0xF2, 0x40, 0xAE, 0x15, 0xCD, 0xA6, 0xAB, 0x10, 0xBD, 0xF1, 0xAE, 0xC4, 0xAC, 0x00, 0x1D,
    0x33, 0xCD, 0x46, 0x94, 0x26, 0xCC, 0xF0, 0xC8, 0x51, 0x60, 0x3A, 0x4C, 0xDF, 0xDD, 0x6F, 0x08,
    0x83, 0x14, 0x32, 0x4A, 0x72, 0xF7, 0x5E, 0xF9, 0x99, 0x97, 0xE9, 0x94, 0x2D, 0x88, 0x5C, 0xBE,
    0x00, 0x0A, 0x35, 0xD0, 0x15, 0x1C, 0xD5, 0x01, 0x15, 0x3A, 0xA5, 0xFD, 0x55, 0xA5, 0x4B, 0xF8,
    0x76, 0x80, 0x8E, 0xAF, 0x77, 0x26, 0xD7, 0xF7, 0x7A, 0xDF, 0x70, 0x35, 0x3C, 0x47, 0x04, 0xA7,
    0x72, 0x46, 0x4C, 0x79, 0x9E, 0xDE, 0x14, 0x46, 0xED, 0xDB, 0x45, 0x74, 0x68, 0xD0, 0x70, 0x80,
    0xAE, 0x62, 0x8E, 0xDD, 0x14, 0x6E, 0x93, 0xD7, 0x53, 0xC8, 0x7B, 0x00, 0xD7, 0x46, 0xC5, 0x14,
    0xC0, 0x0D, 0xD5, 0xC5, 0xD0, 0x01, 0xE5, 0xC9, 0xA0, 0x09, 0x24, 0x1F, 0x11, 0xBF, 0xCD, 0x67,
    0x1A, 0x0A, 0x26, 0x7A, 0xE2, 0x2C, 0xEC, 0xED, 0xBA, 0x5A, 0xB8, 0x69, 0x59, 0x97, 0x73, 0x99,
    0x65, 0xBD, 0x98, 0x39, 0x5D, 0xF0, 0x67, 0x85, 0xDF, 0x24, 0xE8, 0xB9, 0xAD, 0xA0, 0xF5, 0x62,
    0xD8, 0xB0, 0xCF, 0x0C, 0xC8, 0xF5, 0x43, 0x55, 0xC4, 0xAF, 0x45, 0xD0, 0xA4, 0xA4, 0x0F, 0x59,
    0x04, 0x4B, 0x70, 0xFF, 0x27, 0x83, 0x0D, 0xD5, 0xEF, 0xA1, 0x36, 0xE8, 0xCF, 0xFE, 0x16, 0x33,
    0x6D, 0xE9, 0xF7, 0xE9, 0x68, 0x28, 0x3C, 0x08, 0xDB, 0x8C, 0xFE, 0x16, 0x2D, 0xCF, 0xFD, 0xAD,
    0x14, 0xA5, 0x04, 0x05, 0x2C, 0x7B, 0x0C, 0x6C, 0x1D, 0x77, 0x74, 0xC5, 0x88, 0x30, 0xF6, 0x91,
    0xCD, 0xAE, 0x7B, 0x2C, 0xB0, 0x95, 0x2D, 0xAF, 0x0A, 0x5A, 0x23, 0x12, 0x6F, 0x7B, 0xD2, 0xB2,
    0xE3, 0xA3, 0xE9, 0x5E, 0x3C, 0x19, 0x3C, 0xEB, 0xA8, 0x66, 0x42, 0x04, 0xF9, 0xFA, 0xA1, 0xBE,
    0x6B, 0xA5, 0x17, 0x63, 0x94, 0xB7, 0x62, 0x1D, 0xEF, 0x3B, 0xC2, 0x74, 0xEF, 0x72, 0x35, 0x96,
    0xB3, 0x16, 0xF7, 0x2E, 0x57, 0x0B, 0xA4, 0x8A, 0x05, 0x94, 0xBC, 0x2B, 0x8E, 0x8E, 0x05, 0x22,
    0xB7, 0xA6, 0xF2, 0x3B, 0xA9, 0x73, 0xFB, 0x3A, 0x03, 0x9D, 0xA8, 0x8B, 0xF2, 0x5B, 0x80, 0x35,
    0xE7, 0xEA, 0x04, 0x30, 0xE9, 0x9E, 0x0B, 0xA2, 0x4E, 0xF8, 0x46, 0x27, 0x2A, 0xAF, 0x60, 0x52,
    0xF1, 0x3C, 0x13, 0xDE, 0x33, 0xC5, 0x75, 0xE0, 0x1B, 0x97, 0x28, 0x2E, 0x50, 0xB9, 0x1F, 0x45,
    0x64, 0xB1, 0xC3, 0x96, 0x00, 0x45, 0xA3, 0x7B, 0x52, 0x9A, 0x7A, 0xF5, 0xCA, 0x5E, 0x3E, 0x15,
    0x5C, 0x2A, 0x85, 0x49, 0x4D, 0x17, 0xD5, 0x64, 0x71, 0x31, 0x6A, 0xEF, 0xD7, 0x6D, 0xA1, 0x37,
    0x00, 0x4F, 0x9D, 0x11, 0x32, 0xDE, 0x68, 0x6D, 0xE6, 0xE8, 0xDB, 0x57, 0x11, 0x90, 0xFD, 0xC4,
    0xFF, 0x57, 0x86, 0x88, 0x08, 0x2B, 0x12, 0x77, 0x95, 0x7E, 0xBD, 0x1E, 0x23, 0xDB, 0x8B, 0x81,
    0x45, 0xF0, 0xCF, 0x71, 0xAD, 0x7E, 0xEF, 0xE2, 0xAA, 0x35, 0x3F, 0x89, 0xC6, 0xDB, 0xB4, 0x48,
    0x08, 0x56, 0x27, 0xA0, 0x0B, 0xD2, 0x39, 0xFA, 0x3C, 0xC1, 0xA4, 0xA9, 0x8C, 0xCA, 0xBB, 0x65,
    0xBA, 0xC8, 0x05, 0xA5, 0x50, 0x7A, 0x45, 0xFF, 0x8E, 0x99, 0x8A, 0xEB, 0xE4, 0xAB, 0x29, 0xBE,
    0x57, 0xB5, 0x0A, 0xBD, 0x09, 0x7C, 0x46, 0x70, 0xE4, 0x6C, 0x70, 0x0C, 0x35, 0xCA, 0x21, 0xB5,
    0x51, 0xA2, 0x3D, 0xE4, 0x8E, 0x46, 0x9F, 0x52, 0x93, 0x0D, 0xD1, 0xB1, 0xA7, 0xD3, 0x5E, 0xE2,
    0xA7, 0xC4, 0x4D, 0x27, 0x54, 0x59, 0x0A, 0x68, 0x81, 0x44, 0x58, 0xB9, 0x5A, 0x3F, 0x27, 0xB6,
    0x0B, 0x51, 0x7A, 0x6E, 0xB4, 0x3D, 0x46, 0xF9, 0x1C, 0x71, 0x93, 0xE2, 0x73, 0xCB, 0x7A, 0xDF,
    0x35, 0x44, 0x91, 0xD9, 0x2E, 0x99, 0xD4, 0xE4, 0x37, 0xCA, 0x70, 0xCC, 0x27, 0x44, 0xC5, 0x4E,
    0x35, 0xBA, 0x6B, 0x8C, 0x1C, 0xB9, 0x8E, 0xFD, 0xC5, 0x97, 0xE7, 0x7E, 0x8C, 0x52, 0xDC, 0xF6,
    0xA4, 0xEC, 0x2B, 0x58, 0x2F, 0x6B, 0x01, 0x11, 0x43, 0x67, 0xE1, 0x5A, 0x27, 0x80, 0x01, 0xAB,
    0x7B, 0x28, 0xF5, 0xEB, 0xC0, 0xC2, 0xA8, 0xF7, 0x0B, 0xC0, 0x23, 0xDB, 0x60, 0x48, 0x1E, 0x79,
    0xB4, 0xB6, 0x29, 0x69, 0x5C, 0xF5, 0x54, 0x23, 0xAD, 0x67, 0x6B, 0xD5, 0xEF, 0xC9, 0xE3, 0x63,
    0xF0, 0xD9, 0x60, 0x67, 0x4F, 0x50, 0xBF, 0x8C, 0xBB, 0x75, 0xB7, 0x06, 0xEF, 0x8C, 0x82, 0xC0,
    0x4D, 0x5E, 0x7C, 0xA4, 0x70, 0x46, 0x41, 0x9A, 0xE9, 0x73, 0x44, 0x27, 0xF2, 0x1C, 0xA8, 0x57,
    0x00, 0x36, 0x05, 0x45, 0x93, 0xF2, 0xE8, 0xD9, 0x63, 0x81, 0x46, 0x8F, 0xA1, 0xE2, 0xFF, 0x90,
    0x35, 0x4D, 0x0D, 0xF0, 0x00, 0x76, 0xA5, 0x9A, 0x66, 0xC9, 0xF7, 0xA2, 0x1F, 0x3A, 0xBB, 0xD9,
    0xCF, 0x5E, 0x2D, 0x63, 0xBE, 0xD7, 0x74, 0x24, 0x7F, 0x30, 0xBC, 0x04, 0xCE, 0xF1, 0x73, 0x04,
    0x12, 0xC3, 0x02, 0x27, 0x91, 0x36, 0x34, 0xB8, 0x66, 0xCB, 0x27, 0x4B, 0x06, 0x97, 0x42, 0xE2,
    0x6A, 0xE1, 0x1B, 0x87, 0x99, 0xD1, 0x71, 0x25, 0x2F, 0xF1, 0x4F, 0x1D, 0x0C, 0xF9, 0x27, 0xD4,
    0x48, 0xB6, 0x46, 0xF7, 0x17, 0x0B, 0xA9, 0x59, 0x68, 0xD4, 0x4B, 0x11, 0x2C, 0xD4, 0xE8, 0x3B,
    0x0B, 0xCC, 0x9D, 0xB3, 0x0E, 0x19, 0x6F, 0x37, 0x11, 0xC9, 0x82, 0xFA, 0x7F, 0xBC, 0xDF, 0x70,
    0xF0, 0xEA, 0x24, 0x9D, 0x63, 0xFC, 0xF2, 0xFA, 0xCB, 0x49, 0x4B, 0xC3, 0x44, 0xB3, 0x23, 0x9E,
    0x98, 0x0C, 0x67, 0x7E, 0x39, 0xEE, 0x9E, 0xA1, 0x3C, 0xD0, 0x4E, 0x3B, 0xBA, 0xA8, 0xFD, 0xDF,
    0xF9, 0x84, 0x71, 0x16, 0xD3, 0x8F, 0xEB, 0xC9, 0x92, 0x9E, 0x4C, 0x62, 0xE1, 0xD0, 0xA0, 0x5B,
    0x47, 0x6F, 0x2A, 0x56, 0xD4, 0xAB, 0x50, 0x1D, 0x14, 0x8D, 0xC1, 0x0C, 0xFB, 0xDF, 0x53, 0xE8,
    0x25, 0xCE, 0x57, 0xD7, 0x99, 0x89, 0x76, 0x89, 0xED, 0x21, 0x2F, 0x64, 0xAC, 0x10, 0x2F, 0x0D,
    0xB8, 0x8F, 0x11, 0xD9, 0x32, 0xBB, 0x44, 0xAC, 0x4C, 0x31, 0xBF, 0x64, 0x7D, 0xA7, 0x86, 0xE8,
    0x5F, 0x40, 0x03, 0x45, 0x06, 0xD9, 0x45, 0xFB, 0x84, 0x5D, 0xEC, 0x60, 0xB6, 0xC9, 0x34, 0xBD,
    0x06, 0xE3, 0x45, 0x42, 0xDF, 0xB9, 0xC9, 0xE2, 0xCB, 0x2B, 0x84, 0x4A, 0x46, 0xCB, 0x9D, 0x0A,
    0xEA, 0x5A, 0xB8, 0xFC, 0xF3, 0x92, 0x12, 0xCB, 0xEA, 0xCD, 0x9C, 0xDE, 0x5B, 0xD5, 0x3C, 0x5F,
    0xA9, 0xE2, 0xA7, 0x3E, 0x70, 0xB9, 0x6D, 0x24, 0x62, 0x3D, 0xA4, 0x95, 0x93, 0xF8, 0x8B, 0xB7,
    0xBE, 0x04, 0x3E, 0x66, 0x40, 0xD7, 0xFB, 0xD3, 0xC2, 0xAB, 0x2F, 0x11, 0x86, 0x13, 0x19, 0xFA,
    0xC5, 0xD5, 0x4B, 0xE2, 0xBB, 0x17, 0xE1, 0xA9, 0xCF, 0xB3, 0xDC, 0xD4, 0xF6, 0xE9, 0x22, 0x18,
    0xD1, 0x46, 0x0B, 0x13, 0x1F, 0xE5, 0xBC, 0xA4, 0xA3, 0x0C, 0xBF, 0x5C, 0x97, 0x11, 0xE7, 0x28,
    0xE5, 0x3B, 0x5F, 0x5F, 0xD9, 0xA7, 0x30, 0xBA, 0xAB, 0x6F, 0xDD, 0x5C, 0xB6, 0x69, 0x68, 0x45,
    0x0C, 0x82, 0xFD, 0xFA, 0x8F, 0x55, 0xF1, 0x1C, 0x05, 0xA3, 0x69, 0x59, 0xDD, 0xB9, 0xCC, 0xC9,
    0xF9, 0xBF, 0xEE, 0x8E, 0x0E, 0xEF, 0xEE, 0x7A, 0x6C, 0x15, 0xB0, 0x1C, 0x1F, 0x5D, 0xA5, 0x72,
    0x82, 0xB9, 0xA6, 0xEE, 0xF7, 0xD5, 0x49, 0xFF, 0x3B, 0x0B, 0xA9, 0x7A, 0x96, 0xC1, 0xB3, 0xB9,
    0x6D, 0xE8, 0x6B, 0x8B, 0xBD, 0x14, 0x87, 0xA0, 0xC0, 0xB8, 0x80, 0xEC, 0x66, 0xF3, 0xE9, 0xCA,
    0x6E, 0xE6, 0x8C, 0x2D, 0x56, 0x66, 0x0A, 0xBF, 0x62, 0xD6, 0xFB, 0xAF, 0xC0, 0x46, 0xAE, 0xAE,
    0x90, 0x16, 0x1B, 0xBB, 0xA6, 0xEA, 0x8F, 0x09, 0xCB, 0xAF, 0x6D, 0x6D, 0x1C, 0xB4, 0x81, 0xFA,
    0xBF, 0x0F, 0x34, 0x6D, 0x37, 0xE9, 0x70, 0x3F, 0x75, 0xF5, 0x37, 0x20, 0xCD, 0x0D, 0x31, 0xD0,
    0xE8, 0xDC, 0x27, 0x6C, 0x19, 0x5D, 0x40, 0x7B, 0x73, 0xC1, 0x00, 0x21, 0xA5, 0x26, 0x44, 0x99,
    0x88, 0xF1, 0xCF, 0x46, 0x66, 0x79, 0xCA, 0xFB, 0x80, 0x50, 0x21, 0xBB, 0x9E, 0x97, 0xEB, 0xDC,
    0x8F, 0xC0, 0xEE, 0x0B, 0x8D, 0x6D, 0xAE, 0x60, 0x5E, 0xA3, 0xCD, 0x1A, 0xF2, 0x07, 0xFE, 0x2D,
    0xF3, 0xFB, 0x6B, 0xA0, 0x1A, 0xEE, 0x57, 0x19, 0x1B, 0xAC, 0x8C, 0x29, 0xFA, 0x80, 0xF6, 0xEA,
    0x48, 0xB7, 0xEB, 0xE1, 0xEF, 0xC3, 0x75, 0xFE, 0x7B, 0x3A, 0x7D, 0x2B, 0xA2, 0x05, 0xA0, 0xB2,
    0x2E, 0xA6, 0x74, 0x23, 0x10, 0x57, 0x6F, 0x19, 0x0B, 0x91, 0xB8, 0xA0, 0x17, 0x4B, 0xBB, 0x52,
    0x0F, 0x1C, 0xEC, 0x8D, 0x10, 0xB1, 0x89, 0x39, 0x8E, 0xAE, 0xC6, 0xDE, 0x8B, 0x89, 0x8E, 0xBE,
    0x58, 0xD4, 0xC9, 0x8D, 0xF5, 0xC9, 0x3B, 0x3E, 0x2E, 0x91, 0xCF, 0xEB, 0x74, 0x58, 0x5A, 0xA2,
    0x90, 0xD1, 0x5C, 0x03, 0x6B, 0xD4, 0xD3, 0x4F, 0x1D, 0x49, 0x82, 0xE4, 0x2F, 0x5A, 0x42, 0x85,
    0xD3, 0x16, 0x71, 0x89, 0xD9, 0xB4, 0x85, 0x3C, 0xBD, 0x3B, 0xA5, 0x1F, 0xF9, 0xC1, 0xB4, 0xC5,
    0xF0, 0x5D, 0x9B, 0x9A, 0xD3, 0x7E, 0x2B, 0x33, 0x5D, 0xCC, 0x33, 0xAD, 0xB4, 0x7D, 0x32, 0x9F,
    0x42, 0xB9, 0x9F, 0x36, 0xE2, 0x65, 0x2F, 0xDB, 0xBA, 0xFC, 0x4B, 0x06, 0xA2, 0x5A, 0xC9, 0xF7,
    0x44, 0x6A, 0xE8, 0xA7, 0x2A, 0x7E, 0x8D, 0xA3, 0xB7, 0xF3, 0x66, 0xBD, 0xAD, 0xFC, 0x16, 0xAD,
    0x09, 0xFF, 0x37, 0x95, 0x99, 0x9F, 0xB1, 0x2D, 0x35, 0x43, 0x24, 0x11, 0x7B, 0x02, 0xD0, 0x52,
    0x7D, 0xDC, 0xE5, 0x6B, 0x17, 0xAB, 0xAB, 0x52, 0xBE, 0x5C, 0xE2, 0x65, 0xDA, 0x12, 0x5D, 0xD7,
    0x96, 0x30, 0x39, 0x37, 0x25, 0x56, 0x5E, 0x5D, 0xCA, 0x64, 0x8C, 0x67, 0xA5, 0x30, 0xAA, 0xB4,
    0x2E, 0xA5, 0x2F, 0xAB, 0x79, 0x29, 0xA9, 0x20, 0xC4, 0x00, 0x2D, 0x7B, 0x90, 0xFA, 0xF3, 0x2C,
    0xFC, 0xA4, 0x0E, 0xD5, 0xBB, 0xA7, 0xF0, 0xB1, 0x9D, 0x6E, 0xD8, 0x9D, 0x50, 0xC4, 0x95, 0x77,
    0x8B, 0x4E, 0xB2, 0xDA, 0x6A, 0x29, 0x3B, 0x12, 0xB5, 0x0B, 0xEC, 0x4B, 0xD4, 0x76, 0xE2, 0xD6,
    0x6A, 0x07, 0xEC, 0x51, 0xC7, 0x98, 0xCF, 0xA5, 0xD5, 0x5A, 0xAF, 0x32, 0x5A, 0xD0, 0x96, 0x61,
    0x58, 0xFA, 0xE9, 0xF4, 0xEF, 0x3B, 0xBC, 0x17, 0xE2, 0x26, 0x7E, 0x00, 0x93, 0x10, 0x6B, 0x93,
    0xCE, 0x02, 0x5E, 0x32, 0x85, 0x97, 0xA5, 0xB6, 0x3B, 0x41, 0x94, 0x04, 0x63, 0x37, 0x27, 0x9D,
    0x39, 0xDA, 0x5D, 0x9B, 0x74, 0x8A, 0x37, 0xC8, 0xC3, 0x3A, 0x8D, 0x86, 0x14, 0xEB, 0x58, 0xA7,
    0xDE, 0x9C, 0x93, 0x96, 0xCA, 0xB1, 0xBC, 0x5B, 0x8C, 0xBF, 0x21, 0x72, 0xE0, 0xBD, 0x52, 0xE0,
    0xEA, 0xF3, 0xD8, 0xFA, 0x56, 0x95, 0x93, 0x67, 0xAC, 0xA1, 0x28, 0x4C, 0x30, 0xBC, 0x03, 0x26,
    0x3E, 0x43, 0xE6, 0xB1, 0xC0, 0x97, 0xCA, 0x48, 0x76, 0x56, 0x4A, 0x0F, 0x2A, 0xA5, 0x5D, 0xAE,
    0xB4, 0xA5, 0x5B, 0x8A, 0xCC, 0x9E, 0x94, 0x1A, 0xE6, 0x04, 0xC6, 0x39, 0x1F, 0xFC, 0x02, 0xA6,
    0x73, 0xF5, 0x03, 0x60, 0x24, 0xC1, 0x33, 0xE9, 0xDF, 0x93, 0xFD, 0xEC, 0xA6, 0x7F, 0x07, 0xB0,
    0x55, 0x26, 0x62, 0x4D, 0x46, 0xF4, 0x56, 0x5A, 0x93, 0xF1, 0x08, 0x10, 0x85, 0x85, 0x25, 0xEE,
    0xB5, 0xF0, 0x30, 0x76, 0x13, 0x50, 0x71, 0xC3, 0xCA, 0x16, 0x69, 0x0D, 0x73, 0x49, 0xBE, 0x4C,
    0x7F, 0x22, 0x8D, 0xF3, 0xA9, 0x22, 0x3C, 0x15, 0xD5, 0xFE, 0xA8, 0xAA, 0x75, 0x12, 0x65, 0xA6,
    0xF7, 0x5E, 0x31, 0x29, 0x74, 0xA1, 0x12, 0xBD, 0x62, 0x1A, 0x95, 0x21, 0x82, 0xE2, 0x97, 0x5C,
    0xA8, 0x1F, 0xB8, 0xC6, 0xD2, 0xC5, 0xDD, 0xC2, 0x42, 0x7A, 0x5B, 0x73, 0xA2, 0xEA, 0x67, 0x16,
    0x58, 0x47, 0xFF, 0xDE, 0x2E, 0xFF, 0x01, 0x93, 0x85, 0xCC, 0xD5, 0x74, 0x0F, 0x48, 0xC5, 0x9B,
    0xEE, 0xD5, 0x1D, 0xCE, 0x4C, 0xF8, 0xB2, 0x03, 0xE9, 0x58, 0x89, 0x78, 0x06, 0x50, 0x42, 0x4D,
    0xF9, 0x80, 0xFC, 0xD6, 0x26, 0xFD, 0x85, 0x99, 0xF4, 0x61, 0x4E, 0x15, 0x68, 0x2A, 0x12, 0x90,
    0x5D, 0x22, 0x06, 0x45, 0x10, 0x99, 0xAF, 0x05, 0x37, 0x8D, 0xDD, 0x30, 0x91, 0x64, 0x46, 0x39,
    0x5A, 0xFA, 0x95, 0xC1, 0x83, 0x2D, 0xDF, 0x30, 0x5A, 0x6A, 0x9C, 0x72, 0xAF, 0x8A, 0x63, 0xFE,
    0x17, 0x7C, 0xAD, 0xFD, 0x0F, 0x0F, 0xD5, 0xF8, 0x41, 0x33, 0xD0, 0xBF, 0xAC, 0x00, 0x88, 0x96,
    0xDF, 0x5C, 0x62, 0x66, 0x56, 0xE1, 0x12, 0x43, 0xDA, 0x87, 0x80, 0x51, 0xA2, 0x25, 0xE5, 0x65,
    0x89, 0x55, 0x07, 0x12, 0x31, 0x85, 0x09, 0xA3, 0x57, 0x1C, 0x4E, 0x5C, 0xE2, 0xC4, 0x94, 0x37,
    0xCB, 0xE7, 0x02, 0x18, 0xB9, 0xE6, 0x7C, 0x5B, 0x5A, 0xD0, 0xA5, 0xB0, 0x2D, 0xF5, 0x56, 0xB6,
    0xF0, 0xDC, 0x82, 0x7D, 0x7E, 0xB5, 0x1E, 0xE2, 0xB1, 0x52, 0x9B, 0xB6, 0xF2, 0x8C, 0x57, 0x2C,
    0xED, 0xC4, 0xC2, 0xC7, 0x66, 0x0D, 0xFD, 0xEF, 0xD6, 0x43, 0xE0, 0xD6, 0xA3, 0xC0, 0x15, 0xA5,
    0x03, 0xE1, 0x28, 0x6D, 0xFA, 0xC4, 0x15, 0xB2, 0x49, 0xB5, 0xC1, 0x7A, 0xB1, 0x1C, 0xAE, 0x57,
    0x8B, 0x06, 0x66, 0x61, 0x5C, 0xBE, 0x6F, 0x70, 0xA0, 0x1F, 0x1A, 0x86, 0xF4, 0xCA, 0xA8, 0x14,
    0xE6, 0xBE, 0x99, 0xD3, 0xE1, 0xC9, 0xAD, 0xC7, 0xC8, 0x99, 0xA7, 0x45, 0x63, 0x9B, 0x1C, 0x47,
    0x4A, 0xA3, 0x88, 0x39, 0x48, 0xEA, 0x74, 0x26, 0xD0, 0x5A, 0x67, 0x1B, 0x08, 0x87, 0x0C, 0x0B,
    0x07, 0x3A, 0xDA, 0x64, 0xC5, 0x78, 0x9B, 0xF6, 0x09, 0x77, 0x33, 0x84, 0x47, 0xEC, 0x0A, 0x63,
    0xE7, 0x46, 0x63, 0x87, 0xC5, 0x93, 0xD3, 0x60, 0x2C, 0xAB, 0x27, 0xB7, 0x44, 0x1B, 0x45, 0x4A,
    0x1C, 0x5B, 0x37, 0x8E, 0x88, 0xD1, 0x70, 0xD2, 0xE5, 0x71, 0x6D, 0xBB, 0x6D, 0xAA, 0x4B, 0x28,
    0x9F, 0x5D, 0xD1, 0x4A, 0xD2, 0x74, 0x5A, 0x99, 0x7E, 0x3C, 0xF7, 0xDB, 0x07, 0xA3, 0xE6, 0x8E,
    0xAE, 0xF6, 0x15, 0xB3, 0x2D, 0x48, 0x7F, 0x95, 0x04, 0x1B, 0xA5, 0xEF, 0x4B, 0x9A, 0x2D, 0xE4,
    0xDB, 0xA5, 0xEE, 0xBA, 0x62, 0xB8, 0xD2, 0x4D, 0x4A, 0x00, 0x52, 0xEE, 0x52, 0x32, 0x0D, 0xE9,
    0x6C, 0xE5, 0x30, 0xBE, 0xD2, 0x3B, 0xCF, 0xBA, 0x54, 0x1C, 0x5A, 0xE6, 0x09, 0xD6, 0x53, 0x93,
    0x38, 0x58, 0xC3, 0xE6, 0x58, 0x2E, 0xD7, 0xB1, 0x4B, 0x66, 0x31, 0x1C, 0xDB, 0x3E, 0xB4, 0xDD,
    0x84, 0xA6, 0xA8, 0xD8, 0x55, 0xD2, 0x21, 0xA2, 0xE9, 0x15, 0x72, 0xB7, 0x1C, 0xEB, 0x34, 0x6B,
    0xDE, 0xB1, 0xB5, 0xC3, 0x8D, 0x9B, 0x3C, 0x90, 0x2C, 0xD1, 0x9C, 0xCB, 0xE8, 0x2C, 0x17, 0x20,
    0xFE, 0x55, 0x8A, 0x1B, 0x43, 0x8C, 0x3C, 0x8D, 0x51, 0xDC, 0xC2, 0x93, 0x21, 0x94, 0x73, 0x54,
    0xB4, 0x3E, 0x8E, 0xA4, 0x64, 0x38, 0x40, 0x21, 0x92, 0x92, 0xAC, 0x15, 0xB8, 0x77, 0xE5, 0x37,
    0x36, 0x62, 0x54, 0xA4, 0xB6, 0x3F, 0xCF, 0x9B, 0xF3, 0xAE, 0x43, 0x84, 0xBC, 0xC8, 0x1F, 0x37,
    0xBF, 0x49, 0xDE, 0x75, 0x78, 0xAE, 0x40, 0xFC, 0xF2, 0x1C, 0xB7, 0x5B, 0x5C, 0x94, 0x8D, 0xFC,
    0x15, 0xE8, 0x2A, 0x08, 0xE6, 0xA3, 0x0B, 0x40, 0xFA, 0xD1, 0x7E, 0x63, 0x98, 0x29, 0x26, 0x67,
    0x86, 0x22, 0x54, 0x4D, 0x75, 0xCA, 0xF6, 0x48, 0xCB, 0x8E, 0xE0, 0x28, 0xC3, 0x4D, 0x61, 0xAF,
    0x6A, 0xBC, 0x61, 0x2E, 0x5A, 0x83, 0x6C, 0xAB, 0x01, 0x64, 0x5B, 0x5A, 0x93, 0xFF, 0xC4, 0x35,
    0x1A, 0xA5, 0x9A, 0xFF, 0xDC, 0xEB, 0x90, 0x2B, 0x2D, 0xCE, 0xC9, 0x7A, 0xF9, 0x66, 0xE5, 0xD4,
    0x35, 0x2C, 0x3C, 0x2A, 0x52, 0x13, 0x9F, 0x56, 0x88, 0x58, 0x90, 0x48, 0x68, 0xA3, 0x13, 0x7A,
    0xF3, 0x38, 0x88, 0xCD, 0x49, 0xA3, 0xB2, 0x53, 0xD2, 0xA8, 0x32, 0x78, 0x4F, 0x14, 0x4B, 0xB8,
    0x51, 0x0D, 0x52, 0xA9, 0x88, 0x43, 0x4D, 0x44, 0x5F, 0x44, 0xFA, 0x09, 0x40, 0x43, 0x60, 0x14,
    0x5D, 0xB2, 0x48, 0x1A, 0x75, 0xA6, 0xB1, 0x60, 0xE1, 0x2F, 0x55, 0xFD, 0xE1, 0x38, 0x6F, 0xC7,
    0xED, 0xA9, 0x4D, 0x73, 0x0B, 0xEF, 0x3D, 0xA7, 0x5C, 0x12, 0x0C, 0x47, 0xD5, 0xE5, 0x2F, 0x8E,
    0x74, 0xBD, 0xBB, 0x2B, 0x8B, 0xB2, 0xC7, 0x66, 0xF6, 0xAC, 0x94, 0xD3, 0xA5, 0x4C, 0xD4, 0xDD,
    0x08, 0xE0, 0xF8, 0xAE, 0xF4, 0x23, 0xCA, 0x9C, 0x65, 0xC6, 0x32, 0x1D, 0x95, 0xC9, 0xA8, 0xD4,
    0xBF, 0x3C, 0xC3, 0xF2, 0x02, 0xCB, 0x1D, 0x86, 0xA6, 0x1E, 0xC8, 0x7B, 0xEF, 0x22, 0x08, 0xB0,
    0xD9, 0x15, 0xDE, 0x93, 0xDE, 0xDC, 0xDD, 0xAF, 0x35, 0x14, 0x19, 0x0B, 0x0A, 0xF3, 0x29, 0xBC,
    0x72, 0xCF, 0xAD, 0x0D, 0x4E, 0x8A, 0xB0, 0x9B, 0x19, 0x6E, 0x54, 0x92, 0x65, 0xA4, 0x4D, 0xA2,
    0x11, 0x76, 0x4D, 0xA0, 0x5E, 0x1D, 0xEB, 0x08, 0xBB, 0x99, 0x46, 0xD8, 0xC1, 0xF9, 0xD6, 0xED,
    0x03, 0xEE, 0x80, 0x0E, 0x30, 0xED, 0xA1, 0xA5, 0xBB, 0x1E, 0xCA, 0xD6, 0x2D, 0xC4, 0xD6, 0x9D,
    0xF5, 0xB1, 0x75, 0x7A, 0xFD, 0x38, 0xC2, 0x8E, 0x51, 0x7B, 0x9D, 0x46, 0xD8, 0x31, 0x9A, 0xAF,
    0x61, 0x84, 0x1D, 0xD0, 0x7D, 0xA0, 0x2E, 0x79, 0x5F, 0x6D, 0x46, 0xD8, 0x29, 0x3C, 0x2E, 0x31,
    0x27, 0xB2, 0xAF, 0x5D, 0x85, 0xE5, 0x1B, 0xBE, 0x31, 0x74, 0xBA, 0x84, 0xFB, 0x68, 0x89, 0x3D,
    0xA5, 0xC2, 0x5D, 0xC0, 0x49, 0x1B, 0x71, 0xFF, 0x4B, 0x04, 0xCA, 0xE9, 0xAB, 0x39, 0x10, 0xA8,
    0x79, 0x1F, 0x9C, 0x95, 0x7F, 0xE2, 0x03, 0x5E, 0x52, 0x06, 0x8A, 0xA5, 0x73, 0x7F, 0x2B, 0x01,
    0x5E, 0xF5, 0x7A, 0x53, 0x28, 0x02, 0xFA, 0x20, 0xEE, 0xF4, 0x59, 0xA3, 0x46, 0x91, 0x16, 0xD2,
    0xA7, 0x44, 0x8B, 0x32, 0x7D, 0x40, 0x7B, 0x09, 0x2A, 0x24, 0x74, 0xD3, 0x5E, 0x35, 0x69, 0xA7,
    0x10, 0x81, 0xBC, 0x67, 0xAA, 0x4C, 0xE3, 0x82, 0x42, 0xB4, 0xBB, 0xAA, 0x7B, 0x1F, 0xE8, 0x54,
    0xBB, 0xA6, 0x2B, 0xAC, 0xD3, 0x65, 0x48, 0x25, 0xD5, 0x47, 0xF2, 0x44, 0x0D, 0x17, 0xA3, 0xDA,
    0xF0, 0x7A, 0x05, 0x6B, 0x2A, 0x05, 0xB3, 0xCB, 0x6F, 0x6B, 0x6C, 0xD4, 0x5F, 0xE9, 0x4C, 0xFD,
    0x5F, 0x2A, 0xFD, 0xFE, 0x1F, 0x9D, 0xBF, 0x16, 0xBC, 0xB2, 0xD8, 0xF0, 0x26, 0xF0, 0x32, 0x68,
    0x58, 0xC0, 0xF6, 0x97, 0x49, 0xB2, 0xA2, 0x43, 0x89, 0x87, 0x15, 0x76, 0x1F, 0x2E, 0xDE, 0x84,
    0x66, 0x37, 0xA7, 0x12, 0x47, 0x43, 0x9C, 0x46, 0x80, 0x31, 0x00, 0x4C, 0xB1, 0x98, 0x22, 0x61,
    0xCB, 0x2F, 0x90, 0x01, 0x32, 0x06, 0x6C, 0xBE, 0xC3, 0x66, 0x53, 0xB9, 0x6E, 0xDF, 0x62, 0xA3,
    0xE9, 0x05, 0x48, 0x2D, 0x3B, 0x5C, 0x71, 0x25, 0xE9, 0x72, 0x31, 0xDB, 0x3C, 0x5A, 0xFD, 0xF5,
    0x19, 0x35, 0xC1, 0xB4, 0xA9, 0x34, 0x7C, 0x80, 0x7F, 0x8C, 0x16, 0x8A, 0x40, 0x5C, 0xD7, 0xD8,
    0xAF, 0x4C, 0x6D, 0xDD, 0x67, 0x47, 0x18, 0xDA, 0x63, 0xDD, 0xE5, 0xD1, 0xEB, 0x5F, 0xC2, 0x0C,
    0xA7, 0x74, 0x12, 0xAC, 0xC8, 0x81, 0xF3, 0x50, 0xA3, 0xA9, 0xDE, 0xC6, 0xA5, 0x0D, 0x91, 0xB8,
    0x22, 0xDC, 0xB0, 0xF7, 0x7C, 0x76, 0x43, 0x34, 0xFE, 0x39, 0x37, 0xF2, 0xB7, 0xCF, 0x07, 0xFF,
    0x08, 0x6C, 0xF4, 0xB1, 0x17, 0xA2, 0x35, 0x23, 0x56, 0x30, 0x64, 0x82, 0xF2, 0x21, 0x99, 0xF4,
    0x0F, 0x99, 0xAD, 0x03, 0xF2, 0x7C, 0x90, 0x1B, 0x0D, 0x14, 0xFF, 0x93, 0xE8, 0x2F, 0x3F, 0x4F,
    0x7F, 0x2D, 0x5E, 0x74, 0xC2, 0x25, 0xC0, 0x05, 0x98, 0xD0, 0x60, 0xC2, 0xA8, 0x07, 0x8D, 0xAD,
    0x95, 0x09, 0xE1, 0x0A, 0xE3, 0x02, 0x48, 0x4B, 0xC1, 0xBA, 0xC8, 0x75, 0xF1, 0x50, 0x5F, 0xE2,
    0xDD, 0xB5, 0x0E, 0x23, 0x4E, 0x60, 0x75, 0x99, 0x0D, 0x17, 0x02, 0xBB, 0x0F, 0xA4, 0xF0, 0xC0,
    0xEE, 0x2F, 0xBD, 0x74, 0xA0, 0xED, 0x92, 0xF6, 0x65, 0xF5, 0x35, 0x6B, 0x8F, 0xA0, 0x36, 0x4D,
    0x37, 0xB4, 0x33, 0xF9, 0xB5, 0xBA, 0xDE, 0xA3, 0x3F, 0xA6, 0xFF, 0x3A, 0xD7, 0xF7, 0x92, 0x09,
    0x3B, 0xF9, 0xB8, 0xA6, 0xB4, 0x87, 0x3D, 0x87, 0xD0, 0x51, 0xA8, 0xE1, 0xAC, 0x1A, 0x2D, 0x50,
    0xDE, 0x62, 0xFF, 0x54, 0x9A, 0x9E, 0x82, 0x6A, 0xD5, 0x2B, 0x6A, 0x8A, 0x2D, 0x34, 0xDB, 0xC5,
    0xFA, 0xE7, 0xFA, 0xA8, 0xBE, 0x58, 0x57, 0xC7, 0xB6, 0x91, 0xE9, 0x5A, 0xD0, 0x5A, 0x5B, 0xF9,
    0x21, 0xA7, 0x8C, 0xE0, 0x89, 0xD5, 0x08, 0x48, 0x3C, 0x5C, 0x9B, 0x09, 0x0D, 0x04, 0x69, 0xE8,
    0xDA, 0x50, 0x83, 0x79, 0x09, 0x34, 0x7A, 0x5E, 0xE4, 0xB7, 0x79, 0xD8, 0xC7, 0x04, 0x04, 0xC1,
    0xDA, 0x54, 0x65, 0x00, 0x83, 0xFC, 0xFE, 0x12, 0x00, 0x29, 0x18, 0xDF, 0x4F, 0x56, 0x98, 0x61,
    0xC6, 0x2A, 0x27, 0x4C, 0x15, 0x23, 0x3B, 0x28, 0x7A, 0xBE, 0x67, 0x86, 0x40, 0xB8, 0x01, 0xB3,
    0xC6, 0x24, 0x1D, 0xAC, 0x25, 0x4D, 0xAA, 0x6B, 0x6E, 0x9E, 0xB4, 0x9A, 0x98, 0x24, 0x11, 0x25,
    0x78, 0x27, 0xD0, 0xBB, 0x4C, 0x90, 0xEA, 0x84, 0x2C, 0x35, 0x5C, 0x76, 0xEC, 0x4F, 0xF9, 0x7F,
    0x45, 0x5F, 0x57, 0x5A, 0x58, 0x98, 0x2D, 0x8F, 0x2C, 0xBD, 0x09, 0x8C, 0xCD, 0x6A, 0x98, 0x2E,
    0x78, 0x6D, 0x3A, 0xF3, 0x6F, 0x94, 0x0E, 0x2F, 0xBD, 0xB6, 0xF3, 0x5C, 0x1C, 0x6A, 0xCB, 0xAD,
    0xAC, 0x45, 0x5E, 0xCC, 0x51, 0x05, 0xA7, 0x19, 0x6C, 0x42, 0xFE, 0x26, 0xD9, 0x66, 0xF6, 0x08,
    0xF3, 0x4C, 0x4A, 0xC6, 0x2E, 0x49, 0xA9, 0x86, 0x8C, 0x56, 0xFF, 0xBC, 0x92, 0x85, 0x11, 0xF5,
    0xD1, 0x8D, 0x54, 0xF3, 0x19, 0x4C, 0x18, 0x56, 0x8F, 0x09, 0x9F, 0xA9, 0x3A, 0xCC, 0xD6, 0x56,
    0xD6, 0xE8, 0x99, 0xE5, 0x79, 0xAC, 0xD4, 0xCA, 0xEC, 0xEE, 0x4C, 0xEC, 0x4A, 0xFB, 0x5E, 0xA9,
    0x77, 0xD1, 0x7B, 0x16, 0xF6, 0x04, 0x3C, 0x0F, 0x8A, 0x7D, 0x67, 0x4B, 0x2D, 0x3C, 0xE4, 0x6C,
    0xFC, 0xCB, 0x25, 0xFD, 0xCA, 0x55, 0xB5, 0xB6, 0x78, 0x93, 0x21, 0xAE, 0x76, 0x71, 0x2C, 0xEB,
    0xDA, 0x3B, 0x3E, 0x74, 0xBA, 0x74, 0x0B, 0xCA, 0x43, 0x45, 0xD2, 0xF5, 0x29, 0x74, 0x58, 0xD9,
    0xBB, 0xE1, 0x4D, 0x58, 0x42, 0xF0, 0xC3, 0xDC, 0x5D, 0xD1, 0xC5, 0x80, 0x1A, 0x46, 0x3F, 0x14,
    0xCE, 0x17, 0x3D, 0x2F, 0x11, 0xF1, 0x38, 0x54, 0x57, 0xCD, 0x14, 0x71, 0x06, 0x71, 0xE7, 0x24,
    0xBE, 0x99, 0xA2, 0x7B, 0xA6, 0xE9, 0x12, 0x8A, 0xC1, 0xCA, 0xC0, 0x9F, 0xFF, 0x60, 0x2D, 0x09,
    0x3D, 0x3B, 0x11, 0x7D, 0xF3, 0x37, 0xDA, 0x54, 0x89, 0x3F, 0x52, 0xBE, 0x19, 0xFE, 0xB7, 0x2A,
    0x18, 0x83, 0x3B, 0xEB, 0x98, 0xCB, 0x20, 0x78, 0xDE, 0x57, 0xDE, 0xF4, 0xE3, 0xEB, 0x47, 0x75,
    0xDB, 0x14, 0x10, 0x23, 0xA4, 0x66, 0xA1, 0xC8, 0x3A, 0x65, 0xE1, 0x48, 0x7C, 0x15, 0x12, 0x38,
    0xD4, 0x22, 0xE6, 0x40, 0xA6, 0x26, 0x1D, 0x6B, 0x16, 0x31, 0xB4, 0x52, 0x79, 0xF9, 0x4B, 0x21,
    0x41, 0xDC, 0xDA, 0xB2, 0x63, 0x59, 0xC5, 0x79, 0xC6, 0x65, 0x69, 0x47, 0x2C, 0x80, 0x4A, 0x2B,
    0xDE, 0x3F, 0x64, 0x76, 0x37, 0x95, 0x6A, 0xA8, 0xF8, 0xFB, 0xF8, 0x3B, 0x17, 0xA5, 0x7F, 0x96,
    0x3E, 0x34, 0x54, 0xCC, 0x6F, 0x06, 0xBC, 0x32, 0x25, 0xE3, 0x83, 0x4B, 0x3C, 0xF1, 0x73, 0x40,
    0xE8, 0xF0, 0x18, 0x99, 0x95, 0x60, 0xAF, 0x6E, 0x95, 0x59, 0xB2, 0x2C, 0x89, 0x44, 0xE4, 0x78,
    0xBF, 0xE0, 0xBD, 0x28, 0x54, 0x39, 0x33, 0x84, 0x6F, 0xF2, 0x2E, 0x5D, 0x95, 0x27, 0xB3, 0x29,
    0x13, 0x7F, 0x86, 0xCB, 0xA7, 0x47, 0xD1, 0x9F, 0x9E, 0x1B, 0x59, 0xE4, 0xAA, 0x7A, 0x95, 0x4D,
    0x66, 0xC7, 0x33, 0xE8, 0x8A, 0x74, 0x05, 0x01, 0xAB, 0xEA, 0x61, 0x4B, 0x9E, 0xAC, 0xF6, 0x7F,
    0x70, 0x53, 0xDC, 0xE8, 0xDB, 0xE4, 0xA7, 0xF3, 0x44, 0x64, 0xEC, 0xF8, 0xA7, 0x4D, 0x2C, 0x53,
    0xE8, 0x5C, 0x38, 0x53, 0x80, 0x4C, 0x96, 0x12, 0x77, 0x10, 0xFA, 0xF7, 0xDE, 0x2D, 0xD1, 0xEF,
    0xF1, 0xEB, 0x02, 0xAC, 0x35, 0x82, 0x9E, 0xD2, 0xE3, 0x77, 0x87, 0x3E, 0xBF, 0xA1, 0x63, 0x5E,
    0x85, 0xAB, 0xEE, 0x77, 0xD0, 0x71, 0xDD, 0x1F, 0x71, 0x76, 0x5D, 0xD2, 0xD7, 0x0D, 0x4D, 0x3D,
    0xA6, 0xAE, 0xAC, 0x6B, 0xF8, 0xCD, 0xC4, 0xC2, 0x0B, 0xBF, 0x72, 0x76, 0x6C, 0x65, 0xF9, 0x37,
    0x6E, 0xC4, 0xD8, 0xDB, 0xDB, 0x7B, 0xC1, 0xD0, 0x59, 0xFE, 0x7B, 0xF7, 0xA5, 0x5F, 0xD0, 0xB4,
    0xF5, 0xFC, 0xA4, 0xF8, 0x8F, 0xC1, 0x6D, 0x7E, 0x1E, 0x03, 0xA3, 0xC7, 0x49, 0x69, 0x1F, 0x56,
    0x43, 0xDA, 0x07, 0x79, 0xC0, 0xDB, 0xE0, 0xA0, 0xDF, 0x5D, 0x3B, 0x55, 0xAC, 0xF5, 0x6A, 0x77,
    0xBB, 0xA2, 0x3A, 0x21, 0xED, 0x43, 0x36, 0xA4, 0x7D, 0xE0, 0x5E, 0x6F, 0x80, 0x29, 0xC2, 0x02,
    0x10, 0xE1, 0x0D, 0xDD, 0x10, 0xEB, 0xE4, 0x54, 0x97, 0x65, 0x9A, 0x3C, 0x80, 0xC2, 0x23, 0x0A,
    0x9E, 0xE1, 0x64, 0xD2, 0xEC, 0x69, 0xBF, 0xDF, 0x49, 0xDF, 0x2C, 0xE1, 0xFB, 0x2D, 0xDD, 0x2A,
    0x99, 0xC2, 0xC2, 0xC3, 0x6A, 0xE4, 0xE2, 0xD5, 0x6F, 0xB8, 0x80, 0xA9, 0x60, 0x01, 0xB4, 0x87,
    0xB1, 0x6B, 0xC0, 0x2E, 0x6E, 0x86, 0x32, 0xAD, 0x10, 0x8C, 0x8C, 0x6C, 0x47, 0x78, 0xB9, 0xFC,
    0x0E, 0xBF, 0x41, 0x38, 0x24, 0x58, 0x10, 0x8F, 0xDA, 0x08, 0x30, 0x9B, 0x38, 0x80, 0x20, 0xA7,
    0x4F, 0x39, 0x64, 0x09, 0x56, 0x48, 0xBC, 0x00, 0x27, 0x45, 0xA8, 0xC4, 0x4F, 0xE1, 0x3E, 0x56,
    0xBC, 0xFD, 0x05, 0x19, 0xFB, 0xCF, 0xE5, 0x8D, 0x5C, 0x91, 0xF6, 0x3E, 0x1F, 0x0E, 0x32, 0x02,
    0xC1, 0xCF, 0x04, 0x4D, 0x42, 0x3A, 0x8F, 0x32, 0x26, 0x0E, 0xF6, 0xA6, 0x6E, 0xC3, 0xAA, 0x6C,
    0xBC, 0x36, 0x12, 0x6E, 0x90, 0xE4, 0x4A, 0x60, 0x36, 0x06, 0x14, 0x03, 0x56, 0x81, 0x21, 0x41,
    0xB9, 0xD7, 0x79, 0x57, 0xBC, 0x04, 0xFF, 0xDB, 0x3E, 0x94, 0xA0, 0x1F, 0x1F, 0x20, 0x9C, 0xCA,
    0x3E, 0x78, 0x51, 0xE6, 0x4D, 0x5A, 0xA8, 0xDF, 0x62, 0x56, 0xE4, 0xB5, 0xB0, 0x6D, 0x41, 0xD2,
    0xB0, 0x1B, 0xC4, 0xC0, 0x21, 0x44, 0xBB, 0xBD, 0x22, 0xD6, 0xE3, 0x37, 0xC3, 0xAA, 0xBD, 0x04,
    0xB6, 0xB0, 0xBD, 0xB9, 0xBB, 0xB5, 0x80, 0x14, 0xF5, 0xD5, 0x7A, 0xC3, 0xAF, 0xD7, 0xDE, 0x40,
    0x93, 0xE2, 0x24, 0xAE, 0x37, 0xFA, 0xB1, 0x10, 0x58, 0x32, 0xD1, 0x44, 0x51, 0x7C, 0x64, 0x65,
    0x0E, 0xD2, 0x1F, 0x72, 0x4E, 0x5E, 0xFC, 0x93, 0x16, 0x5C, 0x74, 0x47, 0x33, 0xB8, 0x31, 0x6D,
    0x2B, 0xB1, 0x81, 0xAF, 0x88, 0x07, 0xE5, 0x7D, 0xFB, 0xF9, 0xCF, 0xBE, 0xF2, 0xA7, 0x32, 0x2A,
    0x26, 0x0B, 0x4E, 0x5D, 0x93, 0x7A, 0xA3, 0x82, 0x40, 0x5B, 0xBB, 0x5E, 0x8E, 0xBC, 0x10, 0x5C,
    0xDF, 0x59, 0xE7, 0x25, 0xD8, 0x09, 0x1E, 0xC8, 0xCF, 0x9F, 0xEA, 0xDA, 0xFB, 0x31, 0xDB, 0xA1,
    0x92, 0x07, 0xDA, 0x95, 0x28, 0x1B, 0xA6, 0xB1, 0xE3, 0x82, 0x0A, 0xB9, 0x3B, 0x9A, 0xDA, 0x76,
    0x47, 0xBD, 0x96, 0x5F, 0x3E, 0xFD, 0xB6, 0x59, 0x37, 0x1A, 0xBB, 0x7E, 0x3D, 0x04, 0xB7, 0x4E,
    0x1E, 0xBB, 0xA8, 0x88, 0xD6, 0x63, 0x17, 0x8E, 0xF8, 0xFD, 0xA4, 0x19, 0xC9, 0xD1, 0x6B, 0xD9,
    0xD9, 0xEC, 0xDC, 0xC7, 0x64, 0x6A, 0x64, 0xAC, 0xD3, 0x1F, 0xF8, 0x8D, 0x15, 0xEB, 0xD8, 0xF5,
    0x72, 0x24, 0x61, 0x96, 0xDE, 0xC2, 0xFF, 0xB6, 0x29, 0x46, 0x85, 0x8F, 0xF9, 0x0C, 0xF2, 0xE5,
    0xE0, 0x7A, 0x1E, 0xA9, 0x8A, 0xA4, 0x46, 0x27, 0x37, 0x7A, 0xE8, 0x7F, 0x0A, 0xB6, 0x0C, 0xEA,
    0x9F, 0xE2, 0xE7, 0xAB, 0xA3, 0x4A, 0xF9, 0xAE, 0x17, 0x8C, 0x0F, 0x91, 0xBF, 0xCA, 0xEA, 0xBD,
    0xB4, 0x6F, 0x70, 0xF6, 0x6D, 0x86, 0x84, 0xC1, 0x21, 0x84, 0xE1, 0x41, 0x28, 0x2C, 0xEE, 0xF7,
    0xAC, 0xF8, 0xF2, 0xB0, 0xCE, 0x7D, 0xCF, 0x68, 0x34, 0x43, 0xC9, 0x27, 0x69, 0x72, 0x16, 0xDD,
    0xE7, 0x75, 0x4D, 0x25, 0x3E, 0x6D, 0x39, 0x42, 0x4F, 0xE9, 0x25, 0x51, 0xF0, 0x8F, 0x83, 0x1A,
    0x84, 0x31, 0xEA, 0x46, 0x63, 0xF4, 0xDD, 0x63, 0x4A, 0xC0, 0x66, 0x7D, 0x77, 0x54, 0x3F, 0x38,
    0xAD, 0xA5, 0x07, 0xE6, 0xAC, 0xB1, 0xB4, 0xE1, 0xEE, 0xAD, 0x8D, 0xE5, 0x07, 0xBD, 0x49, 0x91,
    0x37, 0x82, 0xE0, 0x76, 0x49, 0x7C, 0x07, 0xEA, 0xB3, 0xCC, 0xF9, 0x34, 0x73, 0x03, 0x97, 0x76,
    0xEB, 0x5F, 0x9F, 0x4B, 0x2D, 0xF6, 0x90, 0xBD, 0x7D, 0x7E, 0x5D, 0x29, 0xB3, 0xCD, 0xF9, 0x74,
    0x73, 0x3E, 0xDF, 0x9C, 0x4F, 0x38, 0xE7, 0x33, 0xCE, 0xF9, 0x94, 0x73, 0x3E, 0xE7, 0x9C, 0x4F,
    0x3A, 0xE7, 0xB3, 0xCE, 0xF9, 0xB4, 0x73, 0x3E, 0xEF, 0x9C, 0x4F, 0x3C, 0xB7, 0xD1, 0x9E, 0xAA,
    0x08, 0x2C, 0xF7, 0x5C, 0xA0, 0xC9, 0xE7, 0x6E, 0x15, 0x96, 0x7D, 0xCE, 0x26, 0x7F, 0x6C, 0xF3,
    0x21, 0xF1, 0x1D, 0xBE, 0xA5, 0x67, 0x5D, 0xD9, 0xD2, 0x5D, 0x4D, 0x38, 0x0F, 0x87, 0x35, 0xFB,
    0xA8, 0x87, 0x32, 0x2E, 0x46, 0x2E, 0x46, 0x2F, 0x8F, 0xC4, 0xDE, 0x76, 0xAD, 0x7A, 0x2B, 0xFE,
    0x34, 0xDD, 0x74, 0x8A, 0xF9, 0xF1, 0x9D, 0xF3, 0x1E, 0x54, 0x6A, 0xFC, 0xD3, 0x38, 0x96, 0xBB,
    0xCA, 0x93, 0x80, 0xA4, 0x5A, 0x3E, 0xC3, 0xAC, 0x66, 0x9B, 0xB4, 0xBC, 0xAE, 0x27, 0x24, 0xD5,
    0x3A, 0x9E, 0xDA, 0xDE, 0xE7, 0x81, 0x0D, 0x99, 0x6F, 0xF2, 0x84, 0xDC, 0x08, 0x8F, 0x98, 0x43,
    0xC5, 0x66, 0x12, 0x31, 0xE6, 0x0F, 0xF1, 0x49, 0xC4, 0xA2, 0xD5, 0x1D, 0xDF, 0x37, 0xAA, 0x59,
    0xFE, 0x9A, 0x6F, 0xFD, 0x31, 0xBF, 0x05, 0xEF, 0x25, 0x17, 0xC2, 0x70, 0xE1, 0x93, 0x88, 0x7D,
    0x8B, 0xEB, 0x30, 0x54, 0x0B, 0xD7, 0x6B, 0x77, 0xE8, 0x7F, 0x75, 0x41, 0xD9, 0x4A, 0x22, 0x06,
    0xA9, 0x6C, 0x09, 0xB7, 0xD9, 0x67, 0x97, 0x50, 0x92, 0xC3, 0x55, 0xC7, 0x8C, 0xBA, 0x96, 0x24,
    0x17, 0x1C, 0x62, 0x9D, 0x57, 0x97, 0x30, 0x48, 0x4E, 0x58, 0x24, 0xBB, 0x4D, 0xC9, 0x1C, 0x0E,
    0x97, 0x78, 0x7D, 0x8B, 0x88, 0xFF, 0x19, 0x0C, 0xC9, 0xAE, 0xBE, 0x80, 0x29, 0xDA, 0x41, 0x51,
    0x97, 0xCC, 0x21, 0x90, 0x54, 0x53, 0x6C, 0xA0, 0x7D, 0xF0, 0x02, 0x1D, 0xD5, 0xB0, 0x51, 0x4A,
    0xF9, 0x87, 0x3E, 0x55, 0xF3, 0xA8, 0x64, 0xC4, 0x9B, 0xF9, 0x00, 0x97, 0x83, 0xA7, 0xDC, 0xA5,
    0x61, 0x1E, 0x77, 0xBE, 0x88, 0x98, 0x02, 0x99, 0x45, 0x1B, 0xDD, 0xE7, 0x04, 0xBD, 0xA7, 0x17,
    0x26, 0xE6, 0x8E, 0x0E, 0xD5, 0x80, 0x7A, 0xFE, 0x8C, 0xFD, 0x82, 0x91, 0xBC, 0x82, 0xF9, 0x20,
    0x33, 0xE3, 0xC7, 0x03, 0x6F, 0xFA, 0x24, 0xBF, 0x32, 0x1A, 0xCF, 0x22, 0x3D, 0x03, 0xD2, 0xAD,
    0xD2, 0xB4, 0xA3, 0x25, 0x40, 0xCC, 0xD2, 0xA7, 0x2A, 0x03, 0x8C, 0x37, 0x2A, 0xE3, 0x21, 0x36,
    0xEC, 0xE4, 0xF2, 0xEB, 0xD5, 0xFB, 0xAF, 0xFB, 0xC8, 0x98, 0xD3, 0xAF, 0xBC, 0x43, 0x49, 0x20,
    0x55, 0x92, 0x47, 0xCC, 0xBC, 0xD3, 0xC6, 0x10, 0x04, 0x29, 0xE1, 0x6C, 0x47, 0x4C, 0x6D, 0x92,
    0x16, 0x8A, 0xD8, 0x56, 0xE0, 0xB9, 0x15, 0x76, 0xBD, 0x6A, 0x58, 0x6B, 0x95, 0x5E, 0x5C, 0x60,
    0x79, 0x8E, 0xFF, 0x76, 0x62, 0x81, 0x99, 0x8F, 0x8E, 0xD0, 0xC4, 0xA9, 0x9A, 0xF2, 0xDA, 0x27,
    0xBE, 0x26, 0x1F, 0x3D, 0x31, 0xE5, 0xF5, 0x73, 0x77, 0x64, 0x4E, 0x47, 0x87, 0xC1, 0x7A, 0x61,
    0x69, 0x12, 0x97, 0x74, 0x9C, 0x9E, 0xBA, 0x1C, 0x25, 0x94, 0x66, 0x6A, 0x10, 0x2B, 0x99, 0x14,
    0x43, 0x9D, 0xDF, 0x61, 0x6B, 0x67, 0x89, 0xE9, 0x30, 0x45, 0x7C, 0x9B, 0x41, 0xE2, 0xEA, 0x81,
    0xA3, 0x6E, 0x4C, 0x09, 0xB3, 0xC9, 0x89, 0xB0, 0xF4, 0x8E, 0x4F, 0x46, 0x5D, 0x15, 0xD4, 0xE3,
    0x68, 0xE2, 0xE9, 0xCC, 0x9A, 0xA9, 0xB1, 0x2C, 0xF7, 0xDE, 0x8D, 0x01, 0x42, 0x72, 0x83, 0xEA,
    0x03, 0x57, 0xD0, 0x18, 0xAC, 0xCE, 0x46, 0xF4, 0x34, 0xA2, 0x51, 0x1A, 0xE1, 0x2D, 0xEA, 0xE2,
    0x2D, 0x17, 0xF4, 0xE8, 0xC6, 0x1E, 0xDD, 0xB8, 0x56, 0xDC, 0x2C, 0xE2, 0xE7, 0x09, 0x3A, 0xD8,
    0x32, 0x94, 0x19, 0x52, 0x4A, 0x0E, 0x7F, 0x8F, 0x94, 0x0E, 0x72, 0xB2, 0x14, 0x13, 0x09, 0x44,
    0x72, 0x08, 0x8B, 0x44, 0x0A, 0x4E, 0xD4, 0xB2, 0x9E, 0x39, 0xEB, 0x80, 0x42, 0xC9, 0x2E, 0x3E,
    0xC5, 0x84, 0x0C, 0x05, 0x17, 0xFD, 0x5C, 0x88, 0x3C, 0x20, 0x93, 0xFA, 0x73, 0x5C, 0xA3, 0xA5,
    0x85, 0x23, 0xEC, 0xC0, 0xC0, 0x14, 0xE8, 0x89, 0x01, 0xA5, 0x9D, 0x1A, 0x20, 0xFE, 0x3E, 0x26,
    0xB5, 0xC7, 0x62, 0xDE, 0x36, 0x60, 0x46, 0xDC, 0x79, 0x54, 0x26, 0x8A, 0xC4, 0xA5, 0xC7, 0x84,
    0xDB, 0x9B, 0xD5, 0xE5, 0x99, 0x49, 0xFF, 0x1E, 0x07, 0xC9, 0x7F, 0x53, 0xBD, 0xE4, 0x93, 0xDB,
    0x94, 0xAA, 0xC6, 0x7A, 0x93, 0xB8, 0x26, 0xA8, 0xB6, 0xB8, 0x8F, 0x05, 0x0D, 0x5B, 0x3A, 0x0C,
    0xA5, 0x7A, 0x5C, 0x33, 0x4F, 0x09, 0xFD, 0xA9, 0x98, 0xAC, 0x24, 0xD4, 0xA4, 0x47, 0x58, 0x4E,
    0xCC, 0xBF, 0xA9, 0x2E, 0xF1, 0xB5, 0xE6, 0x18, 0x9F, 0x61, 0xC3, 0x12, 0x90, 0x4D, 0xB6, 0x54,
    0x79, 0xF8, 0xA1, 0x00, 0xA6, 0x19, 0x73, 0x55, 0x0F, 0x88, 0x75, 0x36, 0xD4, 0xE2, 0xA1, 0x36,
    0x19, 0x6A, 0xE1, 0x09, 0xB5, 0xE0, 0xC4, 0x9A, 0x89, 0x0C, 0x97, 0x10, 0xD0, 0x20, 0x6B, 0x29,
    0x46, 0xDF, 0x22, 0xE0, 0x5D, 0xCA, 0x8B, 0x29, 0xA2, 0x81, 0xDE, 0xCE, 0x82, 0xE7, 0x24, 0x9D,
    0x69, 0x1B, 0xB6, 0x5F, 0x60, 0x9E, 0xF9, 0x56, 0x3B, 0xE7, 0xDA, 0xA4, 0xD5, 0x0E, 0x16, 0x83,
    0xA8, 0xDA, 0xA2, 0x93, 0x49, 0xAB, 0x9D, 0x3A, 0xFD, 0xE0, 0xD6, 0x3A, 0xC7, 0x88, 0x7A, 0xBE,
    0xBC, 0xF8, 0x51, 0xA9, 0xCA, 0xBD, 0x7C, 0x8B, 0x56, 0x19, 0xDC, 0x87, 0x7D, 0x82, 0x3B, 0x33,
    0x87, 0x54, 0x3D, 0x69, 0x55, 0xA0, 0x2B, 0x26, 0xF4, 0xA9, 0x86, 0x8B, 0x39, 0x32, 0x2F, 0x07,
    0x9A, 0xB6, 0x02, 0xE9, 0x87, 0x90, 0xF5, 0x46, 0xFC, 0x8F, 0xD1, 0x1B, 0xD2, 0xD4, 0x70, 0xE8,
    0x0C, 0x6F, 0x49, 0x5E, 0x77, 0xC0, 0x50, 0x89, 0x8E, 0x55, 0xC2, 0x63, 0x15, 0xDF, 0x1D, 0xC8,
    0x2F, 0x3D, 0x71, 0x1F, 0x0A, 0x6C, 0xBB, 0x40, 0xB0, 0x5B, 0xA3, 0x11, 0x6C, 0x71, 0x27, 0x62,
    0xB1, 0xE0, 0x9B, 0x33, 0x85, 0x7C, 0xB9, 0xC2, 0x62, 0x6F, 0xE1, 0xD7, 0xCC, 0xC9, 0x8C, 0xEB,
    0xB9, 0x81, 0x42, 0xF3, 0x4B, 0xD7, 0xDE, 0xAA, 0xAD, 0x60, 0xC6, 0xD2, 0xBB, 0xD1, 0x4D, 0x56,
    0x48, 0x6C, 0xB4, 0x1A, 0xF2, 0x4B, 0xC3, 0x12, 0x2B, 0x5E, 0x27, 0x32, 0x59, 0xC5, 0x73, 0xE2,
    0xAA, 0xB3, 0x18, 0xB0, 0xF0, 0xED, 0xC1, 0xD3, 0x99, 0x18, 0x0C, 0x3D, 0x5C, 0x58, 0x40, 0x5C,
    0x9A, 0xB8, 0x99, 0x85, 0xCB, 0xF9, 0x10, 0x34, 0x2C, 0x60, 0xF1, 0x46, 0x80, 0xE5, 0xA0, 0xC5,
    0x1A, 0x82, 0x2B, 0x82, 0x7A, 0x22, 0x4C, 0x35, 0x9B, 0x10, 0xDC, 0x10, 0xA0, 0xA6, 0xD3, 0x09,
    0x81, 0x29, 0x7F, 0xE9, 0xDD, 0xFE, 0x0D, 0x59, 0x9C, 0x57, 0x84, 0x96, 0x4C, 0x09, 0x20, 0xAF,
    0x79, 0xB3, 0x6A, 0x68, 0x53, 0x39, 0x3F, 0xB3, 0x0E, 0xEC, 0x4C, 0x04, 0xBD, 0xAE, 0x40, 0x57,
    0xBE, 0x18, 0xA6, 0x5D, 0xA9, 0xE7, 0x25, 0x81, 0x64, 0x1A, 0x8D, 0x5F, 0xA9, 0xD4, 0xA4, 0xF6,
    0x09, 0x2E, 0x42, 0xB5, 0x9B, 0x01, 0x5D, 0x57, 0xB6, 0xF7, 0x0D, 0x25, 0x3B, 0x4A, 0xDE, 0x52,
    0x62, 0xD9, 0x2C, 0x2D, 0x89, 0xA2, 0x66, 0xC2, 0xD2, 0x95, 0xE6, 0x5E, 0x72, 0x23, 0x78, 0xD8,
    0x20, 0x5C, 0x73, 0xEE, 0x34, 0x1F, 0x4D, 0xA7, 0x43, 0xA2, 0x89, 0xFD, 0x8D, 0x75, 0x9A, 0x24,
    0x61, 0x2C, 0x14, 0xE2, 0x78, 0xD6, 0x06, 0xEA, 0x9C, 0x09, 0x0F, 0x9B, 0x61, 0x09, 0xA9, 0x9F,
    0xB9, 0x5F, 0x3C, 0x36, 0x5F, 0x6C, 0x92, 0xF8, 0x99, 0x71, 0x02, 0x39, 0x4B, 0xB9, 0xA0, 0x12,
    0x51, 0xF7, 0xBD, 0x89, 0x83, 0xA3, 0x45, 0xFC, 0xCB, 0x96, 0x4E, 0x37, 0x73, 0xB5, 0x80, 0x49,
    0x09, 0xDC, 0xAF, 0xA2, 0x9D, 0x93, 0x90, 0x5B, 0x50, 0xED, 0x17, 0x3E, 0xD6, 0x31, 0xA8, 0x5E,
    0x52, 0x8F, 0x37, 0xDD, 0x99, 0x4B, 0xDA, 0x15, 0x73, 0x6A, 0x14, 0xA9, 0x7A, 0xE2, 0xD0, 0xAF,
    0x8D, 0x52, 0x9B, 0xE0, 0x4E, 0x74, 0xD2, 0x44, 0xB2, 0xFB, 0xA5, 0x7A, 0xCC, 0xF9, 0xD8, 0x82,
    0xE5, 0x48, 0xFB, 0xDA, 0x19, 0x95, 0xCF, 0x8D, 0x4B, 0xA6, 0xC2, 0x52, 0x45, 0x4A, 0x00, 0x7B,
    0xBA, 0xD5, 0xAA, 0x9C, 0x75, 0x25, 0xA6, 0x7C, 0xD5, 0x45, 0x5E, 0x98, 0x0B, 0xDC, 0x59, 0x36,
    0xD4, 0x25, 0x3A, 0x60, 0x89, 0x0E, 0x58, 0xA2, 0x03, 0x96, 0x1C, 0x28, 0x51, 0x67, 0xD8, 0xCB,
    0xE6, 0x53, 0xAB, 0x00, 0xDD, 0x65, 0xA7, 0xDF, 0xE3, 0xAC, 0x70, 0x89, 0x0E, 0x4A, 0x42, 0x66,
    0xE7, 0x12, 0x1D, 0x94, 0x44, 0x07, 0xE5, 0xAC, 0x1F, 0x14, 0xF3, 0x9A, 0xD2, 0xDC, 0x34, 0x8C,
    0x03, 0x46, 0x62, 0xB0, 0x25, 0x87, 0x68, 0x7C, 0x06, 0x0C, 0x94, 0x19, 0xBE, 0xF8, 0x82, 0x1E,
    0xB3, 0x4B, 0x00, 0xBD, 0xDD, 0xDB, 0xE8, 0x9C, 0xFA, 0xB9, 0xA0, 0x4A, 0x68, 0x7E, 0x4E, 0x20,
    0xF2, 0x54, 0xC9, 0x0E, 0x4B, 0x4C, 0xA8, 0xEA, 0xB2, 0xA6, 0x96, 0xEE, 0x59, 0xA7, 0x40, 0x9D,
    0xB0, 0x7B, 0x13, 0x76, 0x6F, 0xC2, 0xEE, 0x65, 0xFB, 0xC6, 0x22, 0x36, 0x66, 0x6F, 0x8D, 0xAE,
    0x96, 0xEC, 0xA1, 0xD8, 0x68, 0xDC, 0x69, 0xB3, 0xFB, 0x69, 0xF7, 0x02, 0x66, 0xB7, 0xB4, 0x13,
    0x9D, 0xB5, 0xE7, 0x5E, 0x78, 0x44, 0x66, 0x77, 0x4F, 0x55, 0x33, 0xAC, 0x66, 0x5F, 0x3A, 0xD5,
    0x0D, 0x3C, 0xA7, 0xBC, 0x64, 0x1A, 0xE9, 0xA0, 0x7F, 0x9C, 0x55, 0xC5, 0x02, 0x73, 0x18, 0xB3,
    0x5A, 0x76, 0xF1, 0x07, 0x3E, 0xAB, 0x6F, 0xA0, 0xAB, 0x53, 0x24, 0xAD, 0x58, 0x31, 0x67, 0x18,
    0x68, 0x06, 0xA5, 0x5C, 0xB7, 0x75, 0x9E, 0x7D, 0x21, 0x08, 0xFD, 0x57, 0xF1, 0xFE, 0xCD, 0xE7,
    0xB4, 0x3B, 0x2C, 0x51, 0x5E, 0x62, 0x2F, 0xF5, 0x4C, 0x30, 0xEA, 0x73, 0xA1, 0x2F, 0x07, 0xA3,
    0x5E, 0x17, 0x65, 0x46, 0x37, 0x71, 0xF7, 0x92, 0x59, 0x83, 0xBC, 0x21, 0xC3, 0x6F, 0xDF, 0x66,
    0x77, 0x72, 0xE6, 0x27, 0x3C, 0xF2, 0xFF, 0xEE, 0xB6, 0xFC, 0xBD, 0x57, 0xC1, 0x3A, 0x5B, 0x36,
    0x25, 0x28, 0x73, 0x4C, 0xC3, 0x17, 0x39, 0x06, 0x1D, 0x64, 0xC4, 0x9B, 0x34, 0x8C, 0x95, 0x88,
    0xDD, 0x52, 0x4B, 0xBF, 0x84, 0xBA, 0xE6, 0x4C, 0x4E, 0x5A, 0xE7, 0x47, 0xE2, 0x9B, 0xE3, 0xE6,
    0x78, 0xA9, 0xE4, 0x47, 0xF3, 0xE7, 0x45, 0xEC, 0xB9, 0x18, 0xD6, 0x4F, 0x0A, 0xB9, 0xAE, 0x42,
    0x10, 0x1F, 0xBC, 0xD2, 0x8D, 0x75, 0xA5, 0xDB, 0xAA, 0x61, 0xA9, 0x96, 0xB6, 0xA1, 0xBF, 0xCC,
    0xB6, 0xAC, 0x22, 0x93, 0x9A, 0x9C, 0x12, 0x02, 0xE8, 0x2B, 0x7D, 0x81, 0x95, 0xB6, 0x7F, 0x45,
    0x27, 0xDB, 0x88, 0xC7, 0x8D, 0x60, 0x47, 0xC3, 0x2E, 0x89, 0x57, 0xCF, 0xCC, 0xFB, 0x72, 0x39,
    0x64, 0x23, 0x2F, 0x2C, 0x8B, 0xCA, 0xA3, 0x96, 0x8D, 0xDC, 0x5A, 0x86, 0x59, 0xBD, 0xEF, 0x7E,
    0xA3, 0xD9, 0xC8, 0xED, 0x40, 0x8A, 0x7E, 0xE3, 0x88, 0x9D, 0x57, 0x36, 0xC0, 0x13, 0x45, 0x9B,
    0x6C, 0x52, 0x04, 0x5F, 0xD8, 0x20, 0xF0, 0xA3, 0x94, 0x6D, 0xB2, 0x16, 0x56, 0x22, 0x09, 0xDA,
    0xE9, 0xCB, 0x00, 0x06, 0x54, 0x29, 0x3E, 0x76, 0x07, 0xE2, 0x7D, 0x8F, 0xE9, 0x73, 0x7F, 0x74,
    0xB5, 0xB9, 0xDB, 0xEF, 0x25, 0x8D, 0xFA, 0x3A, 0xB7, 0x98, 0xF0, 0x62, 0x0E, 0x9E, 0x59, 0x23,
    0xC6, 0xD9, 0x05, 0x0C, 0x2D, 0xB5, 0xCC, 0x02, 0x86, 0xA3, 0x4E, 0x4E, 0x26, 0xE6, 0x3D, 0xBB,
    0xF4, 0x54, 0xFB, 0x29, 0x58, 0x5A, 0xB7, 0xED, 0xDC, 0x86, 0x7E, 0x71, 0x0C, 0x95, 0x9D, 0xFE,
    0xEB, 0x5D, 0xC7, 0xD7, 0x2E, 0xE4, 0xF7, 0xF3, 0xD7, 0xDA, 0x1B, 0xE8, 0xC0, 0x6A, 0x4C, 0x6F,
    0x35, 0x32, 0x1F, 0x68, 0xF7, 0x40, 0xF7, 0xB8, 0x11, 0x55, 0xEF, 0x57, 0x3A, 0x4A, 0x0D, 0x95,
    0x0F, 0xE9, 0xCB, 0xD8, 0xE8, 0x74, 0xA6, 0x34, 0x1C, 0xFA, 0x78, 0x4C, 0x09, 0x0A, 0xDB, 0x60,
    0xF9, 0xD1, 0x3A, 0xE9, 0xBA, 0x53, 0xA9, 0x0E, 0x9A, 0x8E, 0x9A, 0xF8, 0x24, 0xFA, 0x61, 0x2B,
    0x87, 0x04, 0xAD, 0xEB, 0x1A, 0xDE, 0xC7, 0x22, 0x24, 0xDC, 0x70, 0xFE, 0xEB, 0x83, 0xA8, 0xF5,
    0x47, 0x85, 0x07, 0x3B, 0xDD, 0xCA, 0xFF, 0xED, 0xAA, 0x01, 0xA3, 0xC8, 0x92, 0xD9, 0xFA, 0x9A,
    0xA6, 0x02, 0x45, 0x4D, 0x11, 0xBF, 0xC0, 0xFC, 0xF8, 0xAD, 0xA6, 0xE9, 0x3F, 0xD5, 0x83, 0xD3,
    0xD7, 0xB2, 0x93, 0x6A, 0x4D, 0xA4, 0x1B, 0x33, 0x33, 0x07, 0xBE, 0x27, 0x36, 0xC0, 0xD7, 0xE4,
    0xD3, 0x0A, 0x8C, 0xC3, 0xB5, 0x03, 0xDA, 0x1D, 0x8C, 0x6A, 0xF9, 0xBA, 0x36, 0xF3, 0xE8, 0x7E,
    0x35, 0x78, 0x7F, 0xF4, 0xDE, 0xEF, 0xC0, 0xC7, 0x95, 0xF4, 0x3E, 0x0F, 0x8F, 0xE4, 0x5C, 0xF4,
    0x3A, 0x7C, 0xB6, 0x9E, 0x0E, 0x7B, 0x9B, 0xA9, 0x6A, 0x6C, 0x4A, 0x8A, 0x5E, 0x7A, 0xA4, 0x07,
    0xF2, 0xB9, 0x01, 0x0C, 0xF0, 0xCF, 0xBB, 0xE7, 0x8A, 0xB3, 0xE8, 0x83, 0xFC, 0x77, 0xAE, 0xB6,
    0x8F, 0x74, 0xBF, 0xD2, 0xCC, 0x06, 0x5A, 0xB1, 0x2C, 0xD1, 0x8A, 0x49, 0x69, 0xA5, 0xF2, 0x15,
    0xD5, 0xDC, 0x64, 0x29, 0x97, 0xC5, 0xB3, 0x48, 0xEB, 0x77, 0x0B, 0x99, 0x7D, 0xDC, 0x12, 0x3E,
    0xDC, 0xA5, 0x47, 0x62, 0x07, 0xFB, 0x46, 0xB9, 0x89, 0x1B, 0x4E, 0x0B, 0xEB, 0x12, 0x91, 0xF1,
    0x97, 0x86, 0xC4, 0x47, 0x96, 0x37, 0x7C, 0x6E, 0x29, 0x7F, 0xE3, 0x01, 0x38, 0xAE, 0xC6, 0x1E,
    0x4C, 0xDA, 0x49, 0x99, 0xC2, 0x3F, 0x92, 0x0A, 0x7C, 0xED, 0xCF, 0x61, 0x0E, 0x63, 0x22, 0xF3,
    0xC3, 0x76, 0x97, 0xC1, 0xCD, 0x1E, 0xB9, 0x0B, 0xC2, 0x5E, 0xDE, 0x4B, 0x12, 0x10, 0x2D, 0xA7,
    0x34, 0xE1, 0x76, 0x74, 0xCD, 0xA7, 0x5F, 0x97, 0xE8, 0x3A, 0x08, 0xA6, 0x21, 0xE9, 0xD7, 0x24,
    0x85, 0x4E, 0x66, 0xA4, 0xD2, 0x3F, 0x4A, 0xD2, 0x75, 0x5C, 0x29, 0x19, 0x82, 0x5A, 0xE6, 0x8E,
    0x88, 0x3B, 0x26, 0x5F, 0x9F, 0x22, 0x4D, 0x05, 0x0E, 0x67, 0x88, 0x91, 0x11, 0x53, 0x1E, 0xC4,
    0xD4, 0x2A, 0x0E, 0xEC, 0x0D, 0x4E, 0xFF, 0x68, 0x67, 0x2F, 0x01, 0xE8, 0x05, 0x33, 0xB2, 0xFF,
    0x75, 0x0D, 0x67, 0x87, 0xD2, 0x32, 0xC9, 0xBF, 0x6E, 0x11, 0xFD, 0x6C, 0xA4, 0xCC, 0xEB, 0x37,
    0x6A, 0x8F, 0x59, 0x58, 0xF8, 0x0E, 0x7C, 0x61, 0xA1, 0x4F, 0x03, 0x78, 0x95, 0xA0, 0x04, 0xA8,
    0x87, 0x95, 0x74, 0x51, 0x2F, 0x71, 0x0A, 0x08, 0x31, 0x58, 0x85, 0x5A, 0x62, 0x37, 0xD4, 0xB2,
    0x47, 0xB0, 0x2E, 0x3F, 0x2D, 0x8B, 0x8A, 0xC9, 0xCC, 0xCA, 0x6F, 0x75, 0xD2, 0xAF, 0xD9, 0x3F,
    0x22, 0x61, 0x13, 0xCC, 0x67, 0x91, 0xA8, 0x59, 0x61, 0x60, 0x09, 0x53, 0x82, 0x17, 0xE2, 0x7E,
    0xD3, 0x77, 0xE1, 0x61, 0x1B, 0xBA, 0x79, 0xBE, 0xC1, 0xC5, 0xD1, 0xF9, 0x06, 0xEA, 0x6F, 0x9B,
    0x5E, 0xF2, 0x9B, 0x01, 0x21, 0x73, 0x85, 0xFF, 0x17, 0x84, 0x1D, 0x7D, 0x40, 0x53, 0x3E, 0x38,
    0xE7, 0x7C, 0x6A, 0x43, 0xF7, 0x19, 0x69, 0xD3, 0x73, 0x62, 0xE8, 0x5E, 0x32, 0x47, 0x14, 0x0C,
    0xDD, 0x83, 0xF2, 0x77, 0x60, 0xDB, 0x6B, 0xAE, 0xBB, 0x2D, 0x00, 0xAA, 0x64, 0xB1, 0x5E, 0x91,
    0xAD, 0x95, 0x45, 0x2A, 0xEE, 0x68, 0xBB, 0xC8, 0x51, 0x2A, 0x08, 0x80, 0xB0, 0x60, 0x2B, 0x9F,
    0x47, 0xF9, 0xA6, 0xB7, 0xD4, 0x3D, 0xE8, 0x32, 0xB7, 0xF3, 0x17, 0x66, 0xF4, 0xD8, 0xD2, 0xD0,
    0xAF, 0xD1, 0xC7, 0x6A, 0x70, 0x98, 0x8C, 0x4A, 0x95, 0x0F, 0x43, 0x2D, 0xD7, 0x69, 0x7B, 0x5C,
    0x2F, 0xD2, 0xDA, 0x51, 0xBF, 0x2B, 0x33, 0xEF, 0x22, 0xC0, 0xA3, 0x0B, 0x28, 0x9E, 0x79, 0x5E,
    0x8A, 0x2F, 0x04, 0x9B, 0x59, 0x68, 0xEF, 0xAA, 0x50, 0x10, 0x71, 0x36, 0x06, 0x11, 0x0D, 0x66,
    0xCE, 0x07, 0x0B, 0x50, 0x3A, 0xD8, 0x84, 0xC6, 0x05, 0x4F, 0x23, 0xC0, 0x22, 0x22, 0x81, 0x91,
    0x2B, 0x56, 0x4E, 0x0E, 0xB7, 0x45, 0x99, 0x56, 0x53, 0x73, 0xA4, 0x54, 0x3F, 0x4B, 0x4D, 0xD9,
    0x45, 0x61, 0x5D, 0x56, 0xE4, 0x81, 0x2A, 0x8B, 0x2A, 0xC8, 0xAA, 0x56, 0xEB, 0xCF, 0x8A, 0xF8,
    0x4B, 0xB2, 0x94, 0xF4, 0x57, 0x27, 0x1D, 0x12, 0xB1, 0xB8, 0x57, 0x32, 0xCE, 0xDF, 0x2F, 0x47,
    0xFE, 0xBC, 0xAE, 0x6E, 0x67, 0x8B, 0xB5, 0x4B, 0xB1, 0x38, 0x01, 0xCD, 0xC5, 0xBF, 0x56, 0x40,
    0x9B, 0x78, 0x69, 0x3E, 0x3D, 0xA2, 0x4A, 0x68, 0xD0, 0x38, 0x58, 0xEB, 0x10, 0x34, 0x5E, 0x51,
    0xD0, 0x91, 0xD4, 0x39, 0xF0, 0xA3, 0xA8, 0x61, 0x28, 0x13, 0xFF, 0x47, 0xF2, 0xB2, 0x67, 0x86,
    0x64, 0x64, 0xEA, 0xA9, 0xA3, 0x29, 0xC9, 0xCC, 0xBF, 0x56, 0x13, 0x93, 0xD9, 0x70, 0x8F, 0xFC,
    0x6B, 0xD5, 0xE6, 0x78, 0xDB, 0x72, 0x36, 0x86, 0x91, 0x3D, 0x33, 0xFD, 0xAC, 0x3A, 0xFC, 0xAC,
    0x04, 0x0F, 0xAB, 0x3F, 0x24, 0xE6, 0xC5, 0x13, 0x92, 0x06, 0xE2, 0xF1, 0xEB, 0xF0, 0x21, 0x81,
    0x44, 0x7D, 0x4F, 0x1D, 0xBE, 0x88, 0xF4, 0xD8, 0x8D, 0x88, 0xC8, 0xCC, 0xE6, 0xB1, 0x1B, 0xF5,
    0xC6, 0xB1, 0x1B, 0x9D, 0x3F, 0x76, 0xA3, 0xD1, 0x63, 0x37, 0x66, 0xB7, 0x3F, 0x76, 0xA3, 0x1D,
    0x1F, 0x2A, 0x61, 0x1D, 0x6E, 0xC7, 0x6E, 0xEC, 0xA8, 0xCE, 0xB7, 0x71, 0xEC, 0xC6, 0xB4, 0x4E,
    0xEC, 0xD8, 0x0D, 0x02, 0x92, 0x0A, 0xAE, 0x1D, 0x28, 0x0F, 0x3F, 0xE1, 0xD8, 0x0D, 0xC9, 0xF9,
    0x50, 0xC7, 0xDE, 0x4D, 0x5B, 0x39, 0x8C, 0x0F, 0x69, 0x31, 0x8F, 0x49, 0x43, 0x8F, 0xA3, 0x0D,
    0x12, 0x6E, 0x90, 0xAD, 0xE4, 0x7B, 0xC1, 0x83, 0x4F, 0xBE, 0x37, 0x67, 0xF2, 0xBD, 0x91, 0x61,
    0x60, 0xD2, 0x8E, 0x8E, 0x0F, 0xB8, 0x5D, 0xF9, 0x26, 0x93, 0x4A, 0x62, 0xB0, 0xD6, 0x95, 0x42,
    0xA2, 0xFF, 0x60, 0xB2, 0x83, 0xFD, 0xFC, 0x00, 0x4F, 0xDC, 0x41, 0xE8, 0xE5, 0x46, 0xE5, 0x79,
    0xA9, 0x3C, 0x67, 0x5B, 0xE4, 0xB0, 0x57, 0x3E, 0x62, 0x15, 0x67, 0xFB, 0xF2, 0xB3, 0x94, 0x2D,
    0x6F, 0x79, 0x21, 0xD3, 0x7B, 0x30, 0x47, 0x83, 0x2B, 0xF3, 0x20, 0xCA, 0x65, 0xBE, 0x92, 0xF8,
    0x4A, 0x7C, 0xAC, 0x32, 0x3D, 0x56, 0xE1, 0x7D, 0xFF, 0x49, 0x16, 0x66, 0xFE, 0x46, 0x7F, 0xF5,
    0x67, 0x12, 0x1C, 0xB5, 0x1B, 0x2D, 0x79, 0xD2, 0x8B, 0x64, 0x08, 0x88, 0x64, 0xDF, 0x04, 0x0D,
    0x41, 0x9F, 0x37, 0xCA, 0xC5, 0xFA, 0x20, 0x28, 0xB3, 0x71, 0xCB, 0x54, 0xDF, 0x97, 0xE4, 0xB3,
    0x57, 0x09, 0x0B, 0xE8, 0xA9, 0x72, 0xC1, 0xFA, 0x10, 0xA3, 0xB5, 0x4F, 0xBC, 0x47, 0xD0, 0x3D,
    0x6E, 0x1E, 0x6E, 0xD1, 0xC1, 0x86, 0x30, 0xDF, 0x3E, 0x8A, 0xA5, 0xD6, 0xA3, 0x58, 0x8A, 0x4F,
    0x78, 0x14, 0x4B, 0xB0, 0x71, 0x14, 0x4B, 0x1D, 0xE0, 0x50, 0x88, 0xEC, 0xE6, 0x1F, 0x40, 0xE8,
    0x15, 0xC1, 0xFA, 0x23, 0x66, 0xFE, 0xEF, 0xEF, 0xFE, 0x0C, 0x96, 0x4D, 0x72, 0xEC, 0x28, 0x96,
    0x93, 0xCE, 0x9F, 0xB9, 0x7E, 0xCA, 0xC1, 0x33, 0x46, 0xFE, 0xD0, 0x7B, 0xAB, 0x74, 0x39, 0x56,
    0xC5, 0xFC, 0xD9, 0x71, 0x0A, 0xE0, 0xFE, 0xB6, 0xA5, 0x7A, 0x7B, 0xCA, 0xFF, 0x40, 0x32, 0xDC,
    0x2F, 0x70, 0x66, 0xBC, 0xF0, 0xC0, 0x1E, 0x92, 0x7E, 0x71, 0xCC, 0x18, 0x7D, 0xDC, 0x30, 0xBD,
    0xEF, 0xD4, 0xEB, 0x7A, 0x39, 0xDA, 0x0A, 0x6E, 0x87, 0x05, 0x6F, 0xE0, 0xC2, 0x9F, 0xE2, 0xB4,
    0x9C, 0xAF, 0x29, 0x39, 0x18, 0x93, 0xE2, 0x40, 0x87, 0xE8, 0x40, 0x4F, 0xCB, 0x39, 0xD0, 0xD3,
    0x72, 0xAE, 0x9C, 0x74, 0x5A, 0xCE, 0x75, 0xED, 0xF8, 0x83, 0x3B, 0x93, 0xDB, 0x9E, 0x96, 0x73,
    0x2F, 0x79, 0x38, 0xCF, 0xFD, 0x11, 0x52, 0xD3, 0xC4, 0xDF, 0x1F, 0x4A, 0xC7, 0xB2, 0xFA, 0xE7,
    0xBF, 0xDE, 0xCE, 0xC3, 0xC9, 0xBF, 0x6F, 0x94, 0xFC, 0xEE, 0xB1, 0x3C, 0x9C, 0x1A, 0xD4, 0x6F,
    0x67, 0x75, 0x0C, 0x5C, 0xC1, 0xDC, 0x19, 0xEE, 0x81, 0x84, 0x54, 0x5B, 0x5D, 0x6A, 0x07, 0xC6,
    0xFE, 0x77, 0x48, 0xF1, 0x30, 0x6E, 0x6A, 0xB8, 0xFD, 0x54, 0x05, 0x8D, 0xC9, 0xF2, 0x13, 0x13,
    0xB4, 0x6C, 0xCA, 0x78, 0x62, 0xA4, 0xEE, 0x12, 0x3D, 0x5D, 0x86, 0x60, 0xA1, 0x29, 0x41, 0xCA,
    0x7E, 0x04, 0x9E, 0xDD, 0xA1, 0x64, 0x28, 0x88, 0xF8, 0x4B, 0xD4, 0x83, 0xEF, 0xC4, 0x9C, 0x80,
    0x42, 0x6D, 0x3E, 0x24, 0xBD, 0x2F, 0xFB, 0xCD, 0x7F, 0xDE, 0x7B, 0xA9, 0x76, 0x6E, 0xF8, 0x5A,
    0x28, 0x16, 0x3C, 0xB8, 0x5B, 0x04, 0x14, 0x12, 0x6E, 0x98, 0x9B, 0x3D, 0xFB, 0x6F, 0x6A, 0x50,
    0x67, 0x3A, 0xD7, 0xCD, 0x4B, 0xD8, 0x02, 0xB1, 0xF1, 0x4A, 0x4F, 0x0F, 0xB6, 0xA8, 0xF0, 0x33,
    0x91, 0x6A, 0x39, 0xB9, 0xFD, 0xAD, 0xF2, 0x74, 0xBA, 0x49, 0x65, 0x19, 0x1C, 0x1D, 0x1D, 0x39,
    0xCE, 0x55, 0x3E, 0xE0, 0x25, 0xC9, 0xCC, 0x8D, 0x73, 0xCE, 0x4C, 0x2A, 0x1B, 0xE8, 0x64, 0x8B,
    0x7A, 0xB3, 0x5B, 0xE8, 0x86, 0x10, 0xAD, 0x75, 0xAE, 0xD0, 0x2F, 0x9A, 0x73, 0xE5, 0x75, 0x66,
    0xCB, 0x28, 0x2E, 0x77, 0xD6, 0xFE, 0x66, 0x03, 0xD8, 0xD8, 0x1B, 0x11, 0x7A, 0xFF, 0x9A, 0x3F,
    0x1C, 0xB2, 0x37, 0x32, 0xD1, 0x57, 0x9D, 0x33, 0x2F, 0xE9, 0x2B, 0x3C, 0x25, 0xE2, 0x9D, 0x18,
    0x25, 0x72, 0x51, 0xC4, 0xA6, 0x6B, 0xC5, 0x8A, 0x3C, 0xA9, 0xC5, 0xD3, 0xCA, 0x76, 0x6D, 0xF3,
    0xD7, 0x98, 0x1C, 0x08, 0x8B, 0x64, 0xBF, 0xF0, 0xEA, 0x75, 0xC8, 0x5F, 0xA8, 0xFE, 0x0E, 0x62,
    0xDA, 0xA0, 0x88, 0xF4, 0xF4, 0x86, 0xD6, 0xFB, 0xFB, 0xD7, 0xD7, 0x86, 0x35, 0xF9, 0x50, 0xBA,
    0x21, 0x61, 0xFB, 0x96, 0xB7, 0x9D, 0x77, 0x65, 0xF4, 0x0E, 0xBC, 0xCF, 0x6D, 0xD2, 0xCF, 0x76,
    0x8C, 0x14, 0x12, 0x2B, 0x47, 0xFE, 0x97, 0x17, 0x46, 0x0E, 0xA0, 0x5B, 0xA5, 0x1E, 0x32, 0x6A,
    0x70, 0xFE, 0xA7, 0xF8, 0x5F, 0x61, 0xF7, 0x31, 0x28, 0xAB, 0xAA, 0xE8, 0xD4, 0xC7, 0x18, 0x16,
    0xDE, 0xD9, 0x40, 0x62, 0x2B, 0xBC, 0xE0, 0xF0, 0x51, 0x35, 0x1C, 0x1E, 0x30, 0xC0, 0x29, 0xDB,
    0x21, 0x43, 0xFF, 0x7E, 0x9C, 0xF5, 0xF1, 0xE3, 0xAC, 0xD7, 0x49, 0xD8, 0x7C, 0x1A, 0x36, 0x74,
    0xB0, 0xFA, 0x4C, 0x4B, 0x2A, 0x36, 0x73, 0x89, 0x5F, 0x9D, 0xDC, 0xA1, 0x8F, 0xC5, 0xA9, 0x22,
    0x6A, 0x47, 0x55, 0x33, 0xAA, 0x59, 0x51, 0xD5, 0x88, 0xAA, 0x1E, 0x02, 0xEA, 0x20, 0xA0, 0xF6,
    0x3C, 0x35, 0xA0, 0xAA, 0x2D, 0x4F, 0xCD, 0xA7, 0x6A, 0xC7, 0x53, 0xE3, 0xA9, 0xBB, 0xFC, 0xAE,
    0xEA, 0x98, 0x78, 0xF6, 0x51, 0xB5, 0xD2, 0xB9, 0xAA, 0xC7, 0x59, 0x8D, 0x3C, 0xA4, 0x78, 0xA8,
    0x92, 0x9E, 0xB1, 0x84, 0x95, 0xA5, 0x47, 0x20, 0x2A, 0x02, 0xC6, 0x92, 0xCE, 0xB9, 0x3D, 0x63,
    0x44, 0x7A, 0x4E, 0xF2, 0x7E, 0x2D, 0x1A, 0x6A, 0x89, 0xD4, 0x5A, 0x33, 0xAC, 0xCD, 0x94, 0x07,
    0xB4, 0x61, 0x2A, 0xCE, 0xE9, 0x7A, 0x22, 0xA7, 0x61, 0xB8, 0xAB, 0x3D, 0x21, 0xC2, 0xF9, 0x28,
    0x06, 0x94, 0xEE, 0x00, 0x21, 0x0C, 0x4B, 0xB0, 0xEF, 0x01, 0x40, 0xFD, 0x11, 0x0C, 0xA7, 0x17,
    0x82, 0x86, 0xCA, 0x11, 0x93, 0xD0, 0xA0, 0xA4, 0x14, 0xAD, 0x01, 0xCE, 0xD5, 0xFE, 0xEB, 0x81,
    0x4F, 0xB5, 0x58, 0xBD, 0xBA, 0x3F, 0x76, 0xF7, 0xAC, 0x68, 0xE3, 0xC8, 0x6B, 0xB3, 0x64, 0x54,
    0x81, 0x4F, 0x55, 0xD9, 0xF2, 0x0C, 0xAD, 0x16, 0x86, 0x53, 0x84, 0x77, 0x2C, 0x8D, 0x93, 0x6C,
    0xF9, 0x79, 0x89, 0x6E, 0x89, 0x58, 0xC3, 0x06, 0xCB, 0x69, 0xCA, 0x60, 0x53, 0x39, 0xF3, 0x98,
    0x61, 0xB4, 0xD4, 0xFB, 0xF6, 0xE1, 0x22, 0xFC, 0x38, 0x1E, 0x24, 0xFD, 0xBA, 0x1E, 0x24, 0xBD,
    0x38, 0x3B, 0xCA, 0xD1, 0xEE, 0x7D, 0xB5, 0x36, 0xCE, 0x33, 0x35, 0xFD, 0xDB, 0x8C, 0x6A, 0x16,
    0xC0, 0x94, 0x16, 0x9F, 0xE9, 0xD1, 0x26, 0xF3, 0xB3, 0x03, 0x06, 0xA0, 0x96, 0xBC, 0xE9, 0x28,
    0x11, 0xA0, 0xB6, 0x2D, 0x1B, 0x31, 0xF9, 0x2B, 0xC1, 0xE3, 0x64, 0xA6, 0x0D, 0x7A, 0x8D, 0xB8,
    0xEA, 0x83, 0xF5, 0x72, 0xDA, 0x3E, 0x03, 0x73, 0xC9, 0x90, 0xA8, 0x09, 0x33, 0xB0, 0x72, 0xC6,
    0xA6, 0x3C, 0xCA, 0xCD, 0x56, 0x15, 0x04, 0x03, 0x13, 0xB8, 0x0F, 0xB7, 0x2C, 0x81, 0x9F, 0x89,
    0xB5, 0x56, 0x08, 0x56, 0x59, 0xD2, 0x30, 0x6F, 0x55, 0xB2, 0x01, 0xEF, 0x18, 0xB1, 0xA8, 0x16,
    0xE6, 0xCF, 0xD0, 0x73, 0xCD, 0xE2, 0x39, 0x37, 0xEA, 0x78, 0x61, 0x29, 0xBF, 0x34, 0x44, 0x87,
    0xEB, 0xCD, 0x46, 0xD3, 0xE8, 0xCA, 0x1B, 0xB7, 0xEF, 0xA3, 0x61, 0xF5, 0x61, 0x1A, 0x6D, 0xDF,
    0x37, 0xA3, 0xAD, 0xDB, 0x8A, 0x63, 0x48, 0xB7, 0x24, 0xAA, 0x83, 0xAD, 0x38, 0x06, 0xC3, 0x27,
    0xA3, 0x6E, 0xEB, 0x1C, 0xCB, 0x87, 0x7E, 0x84, 0xCE, 0x7B, 0x7C, 0xE2, 0x38, 0x3E, 0xA1, 0x5B,
    0xA3, 0x60, 0x0A, 0x75, 0x28, 0x7A, 0xA7, 0x16, 0x79, 0xE5, 0x24, 0x12, 0x25, 0xF7, 0x38, 0x40,
    0x1C, 0x27, 0xE9, 0xCF, 0xA1, 0xEA, 0xCF, 0xA1, 0xDA, 0x11, 0xFD, 0xF5, 0x8B, 0xF1, 0xC9, 0xA1,
    0x9E, 0x6C, 0xBA, 0xBE, 0x35, 0xEB, 0x80, 0x9C, 0x87, 0x0C, 0x71, 0xBC, 0x37, 0x40, 0x1C, 0x1A,
    0xD8, 0xFD, 0xCE, 0x68, 0x26, 0x5D, 0x1B, 0x95, 0x6F, 0x05, 0x1B, 0x67, 0x75, 0xD0, 0x88, 0x08,
    0x4B, 0x58, 0x49, 0xB1, 0xDF, 0xC1, 0xE5, 0xAD, 0xB5, 0x28, 0x4A, 0xFC, 0x52, 0x1B, 0xF8, 0x18,
    0xE9, 0x05, 0x7E, 0x25, 0x17, 0x22, 0xC2, 0x61, 0xFA, 0x37, 0x52, 0xF9, 0x08, 0x1B, 0xCD, 0x65,
    0xC4, 0x40, 0x21, 0xD3, 0x02, 0x83, 0xA1, 0xA4, 0x1D, 0x17, 0x58, 0x11, 0xE0, 0x6F, 0x97, 0x15,
    0x59, 0xE3, 0x07, 0xAC, 0xC8, 0x9A, 0xBF, 0xC6, 0x0A, 0xCC, 0x5B, 0xAC, 0x48, 0x66, 0x05, 0xAD,
    0xC4, 0x6D, 0xD4, 0xB0, 0x32, 0x59, 0x48, 0xFC, 0x24, 0x2B, 0x92, 0x63, 0x98, 0x15, 0x89, 0x89,
    0x2F, 0x34, 0xCC, 0xAA, 0x4F, 0x2C, 0xDE, 0xCA, 0x3D, 0x63, 0x95, 0xF2, 0x8A, 0x55, 0xF2, 0xA5,
    0x55, 0xB2, 0x85, 0x55, 0x84, 0x41, 0xE2, 0x2C, 0x2A, 0x66, 0x43, 0xE0, 0x09, 0x0A, 0xB3, 0x78,
    0x1E, 0x29, 0xFE, 0x3C, 0x41, 0x12, 0xEA, 0x66, 0xFB, 0xEC, 0x89, 0x21, 0x6A, 0x6F, 0xC0, 0x27,
    0xD3, 0x63, 0x11, 0x5C, 0x43, 0x46, 0x87, 0xB7, 0x8F, 0x65, 0x76, 0x78, 0xD4, 0x8F, 0xDD, 0x9A,
    0x6D, 0xBE, 0xDC, 0x9D, 0x62, 0xA8, 0x96, 0x9B, 0xBC, 0x27, 0xEC, 0x1E, 0x9C, 0x96, 0x24, 0x4B,
    0xE8, 0x9A, 0xB2, 0xB5, 0x95, 0x6A, 0x76, 0x84, 0xBE, 0xDC, 0x4B, 0x4B, 0x5D, 0x40, 0xF3, 0xED,
    0x8C, 0xC4, 0x43, 0xAB, 0xFC, 0x92, 0xF5, 0x0A, 0x8A, 0x0E, 0xA3, 0xCE, 0xFB, 0x44, 0x6D, 0x26,
    0xA9, 0x1A, 0xC3, 0x77, 0xD5, 0x8A, 0xB9, 0xA3, 0xC2, 0xDE, 0x75, 0x95, 0xFC, 0x98, 0xA2, 0x11,
    0xDD, 0x47, 0x6D, 0x65, 0xCE, 0xBB, 0x4D, 0x98, 0xBD, 0x8B, 0x89, 0x5C, 0x54, 0xCC, 0x28, 0x0B,
    0x75, 0x5F, 0xAF, 0xD5, 0xEC, 0x5D, 0x07, 0x16, 0x0F, 0x00, 0x26, 0x8D, 0xBB, 0x5D, 0x53, 0x39,
    0xB2, 0xA3, 0xF8, 0x1C, 0x2A, 0x4C, 0x0C, 0x06, 0x2D, 0x8A, 0x0F, 0x41, 0x63, 0x17, 0x5C, 0x15,
    0x9B, 0x2A, 0xD3, 0xC1, 0xD7, 0x81, 0x4F, 0x02, 0xC0, 0x37, 0xE6, 0xFB, 0xF2, 0x6D, 0x23, 0xBE,
    0xAB, 0xBE, 0xE9, 0xF0, 0x9E, 0x34, 0xEE, 0x0F, 0x27, 0x7A, 0x8A, 0x6C, 0xB4, 0xB2, 0xE0, 0x80,
    0xD3, 0x4F, 0xF4, 0xBC, 0xA9, 0x2E, 0xF4, 0xE3, 0x13, 0x3D, 0x7D, 0x01, 0x37, 0x49, 0x4C, 0x11,
    0x3D, 0xD1, 0x73, 0x89, 0x13, 0x3D, 0xDB, 0xE1, 0x44, 0xCF, 0x6B, 0xCA, 0xC8, 0x7A, 0xB5, 0x94,
    0x19, 0x59, 0x69, 0xE2, 0x91, 0x27, 0x4F, 0x0C, 0xC4, 0x7C, 0x8C, 0xC7, 0xE0, 0x1A, 0x04, 0xDF,
    0x3B, 0x9C, 0x66, 0xF1, 0x70, 0xBB, 0x3F, 0x18, 0x8C, 0x27, 0xAC, 0xA0, 0xDF, 0xA6, 0x92, 0xD1,
    0x91, 0xA6, 0x16, 0x64, 0x38, 0xA5, 0xC0, 0x8B, 0x84, 0xB1, 0xC4, 0x12, 0x76, 0x50, 0x41, 0xA7,
    0x5E, 0xC3, 0x19, 0x31, 0xF8, 0x4B, 0x6B, 0x8E, 0x44, 0xD1, 0x3C, 0xF3, 0x0E, 0x6F, 0x56, 0x89,
    0x67, 0x56, 0x49, 0xBD, 0xB3, 0xD1, 0x2E, 0x7A, 0xB1, 0xA5, 0x9C, 0x61, 0x95, 0xCE, 0x3E, 0x0A,
    0xBD, 0x6B, 0xD2, 0xC4, 0x9F, 0xE4, 0x33, 0xF5, 0x15, 0xE1, 0x1B, 0x96, 0x55, 0xDC, 0x3B, 0x98,
    0xEC, 0x6A, 0xE5, 0x35, 0x6C, 0x2E, 0xA8, 0x30, 0x55, 0x15, 0x2B, 0xE8, 0x5D, 0x1C, 0xE7, 0xDA,
    0x4E, 0x5B, 0x3B, 0xAB, 0xBB, 0xEA, 0x67, 0x4F, 0x50, 0x67, 0x62, 0x1E, 0x74, 0x2A, 0x4F, 0xD2,
    0xC1, 0x96, 0x12, 0x6D, 0x4E, 0xA7, 0x89, 0xFE, 0xA5, 0xDE, 0xC9, 0xD9, 0x2D, 0x50, 0x02, 0x90,
    0x03, 0x13, 0x9D, 0x8D, 0x79, 0x80, 0xFE, 0xAE, 0xAD, 0xCB, 0x75, 0x26, 0xA0, 0xD0, 0x43, 0x2A,
    0x48, 0xA5, 0xEF, 0xD1, 0x61, 0x9A, 0xF8, 0x5F, 0x98, 0xFC, 0x4D, 0xBD, 0x28, 0x55, 0xA1, 0x92,
    0xE3, 0x50, 0xA8, 0x09, 0x95, 0x98, 0x00, 0xA8, 0x65, 0x47, 0x44, 0x52, 0x7E, 0x8C, 0xC9, 0x87,
    0x02, 0x36, 0x61, 0x58, 0x7E, 0xBA, 0x92, 0xDD, 0x52, 0xE6, 0x59, 0xA8, 0xE1, 0x49, 0x02, 0x55,
    0x80, 0x83, 0x3F, 0x3D, 0x3A, 0x28, 0x0E, 0x51, 0x30, 0x09, 0x37, 0x55, 0xCD, 0xAC, 0xCA, 0x64,
    0x4C, 0xEF, 0x6A, 0x2A, 0x82, 0xC5, 0x26, 0xCE, 0x50, 0x52, 0xCA, 0xD2, 0x32, 0xD2, 0x5D, 0xDF,
    0xB1, 0xCF, 0x86, 0xF2, 0x1B, 0x2C, 0xBF, 0x7C, 0xE7, 0x38, 0x4C, 0x85, 0xBC, 0x35, 0x0E, 0xF3,
    0xAE, 0x4E, 0xB9, 0x8E, 0xC8, 0xA2, 0xA7, 0x54, 0xF0, 0xD5, 0x5B, 0x3D, 0xC1, 0x09, 0x7D, 0xA2,
    0xD8, 0x32, 0xC1, 0xFA, 0xAC, 0xF2, 0x53, 0x0C, 0xD3, 0x44, 0x44, 0x16, 0x49, 0x4D, 0x88, 0x6D,
    0x12, 0x09, 0x8E, 0x57, 0x4C, 0x69, 0xC9, 0x73, 0xC2, 0x8B, 0x51, 0x82, 0x15, 0xDD, 0xDD, 0x26,
    0x48, 0xF2, 0xCF, 0x5C, 0x19, 0x19, 0x4F, 0xD1, 0x85, 0x0F, 0x56, 0x49, 0xB8, 0xD2, 0xDC, 0x97,
    0x2B, 0xCE, 0x5E, 0x2B, 0x36, 0x83, 0xEF, 0xAA, 0xC1, 0x16, 0x28, 0x9D, 0x76, 0x06, 0xC3, 0xF3,
    0x65, 0x59, 0x2D, 0x38, 0x7E, 0x41, 0x13, 0xAB, 0xF2, 0x91, 0x2F, 0x8C, 0x8E, 0xC7, 0xB8, 0xA1,
    0x3A, 0xA7, 0xE8, 0x14, 0xB7, 0xBE, 0x23, 0xCB, 0x50, 0x16, 0x80, 0xA4, 0xD8, 0xF8, 0xDC, 0xD8,
    0x5F, 0x70, 0x90, 0x71, 0xCA, 0x91, 0x6D, 0x57, 0xD3, 0xC5, 0x6B, 0x9C, 0x45, 0x3A, 0x17, 0xF0,
    0xF4, 0x48, 0x92, 0xE8, 0x51, 0x6B, 0x77, 0x02, 0x9C, 0xEE, 0xCF, 0xE9, 0x53, 0x65, 0x25, 0x23,
    0xD9, 0x1A, 0x45, 0x68, 0x98, 0x3A, 0xB6, 0x26, 0x4A, 0x63, 0x69, 0x63, 0x05, 0x12, 0x10, 0x89,
    0x2D, 0xEE, 0x2C, 0xA3, 0x0A, 0x01, 0xAA, 0x0F, 0xE8, 0x5F, 0xA4, 0x63, 0xBD, 0xE7, 0xFB, 0x86,
    0xD9, 0x6C, 0xA6, 0xC4, 0x2C, 0x91, 0xDB, 0xFF, 0xF3, 0x80, 0x4D, 0xCE, 0x78, 0x87, 0xF1, 0x62,
    0xEB, 0x64, 0x9B, 0xA7, 0xF7, 0xF6, 0xE4, 0x31, 0x18, 0xD4, 0xFC, 0x7D, 0xC9, 0x93, 0xAB, 0x67,
    0x02, 0x41, 0x0F, 0x42, 0x51, 0x68, 0x42, 0x3F, 0xE4, 0x06, 0x8C, 0xB1, 0x08, 0xC4, 0xDF, 0xAA,
    0xF5, 0x7D, 0x73, 0x89, 0x0A, 0xEF, 0xAE, 0xE6, 0x64, 0xD2, 0x04, 0x4D, 0x8C, 0x39, 0x7F, 0xE7,
    0xE4, 0x3C, 0x05, 0x8F, 0x49, 0xFF, 0x75, 0x4C, 0x17, 0x87, 0x4C, 0xAC, 0x70, 0x81, 0x13, 0x27,
    0xAA, 0xF6, 0x18, 0x27, 0x7E, 0xB8, 0x5D, 0x8C, 0x7D, 0x27, 0x1D, 0x02, 0xA3, 0xBC, 0x53, 0xE6,
    0xA8, 0xD6, 0xF8, 0x54, 0x0C, 0xE1, 0xED, 0x83, 0xF7, 0xFF, 0x1D, 0xAF, 0xDD, 0xC4, 0x6B, 0xE3,
    0x99, 0xA2, 0xEF, 0x92, 0xBB, 0xB2, 0x18, 0xD3, 0xA4, 0xCE, 0xAD, 0x2B, 0xCF, 0x9C, 0x92, 0x0A,
    0xE1, 0x91, 0x3F, 0xFD, 0xF9, 0x02, 0x24, 0x90, 0x8A, 0xBA, 0x29, 0x35, 0x53, 0x08, 0xCF, 0x67,
    0x36, 0x8F, 0x57, 0x41, 0x70, 0x1C, 0x33, 0x9E, 0x02, 0xB7, 0xC1, 0x6C, 0xCC, 0x90, 0x57, 0x52,
    0x22, 0xE4, 0x64, 0x7D, 0x76, 0x71, 0x31, 0xCA, 0xBA, 0xCB, 0x82, 0xAB, 0xB0, 0x9C, 0xA9, 0x78,
    0x15, 0x63, 0x1B, 0x8A, 0x2D, 0x38, 0x6E, 0xE6, 0x83, 0xE3, 0xF8, 0x8D, 0xE9, 0x90, 0xFE, 0x56,
    0xF2, 0x9C, 0x31, 0x39, 0xA9, 0x0F, 0x8E, 0x43, 0xD6, 0x2A, 0xE6, 0x2A, 0xCC, 0x9B, 0xD8, 0xE1,
    0x84, 0xF3, 0xCA, 0x1F, 0x07, 0x3B, 0x69, 0x64, 0x0D, 0xB5, 0x48, 0x7F, 0x20, 0x53, 0x0A, 0xDA,
    0xD7, 0x38, 0xAD, 0xE3, 0x03, 0x3A, 0xC8, 0x7A, 0xEA, 0x0D, 0x3B, 0x2C, 0x9A, 0xF8, 0x17, 0x7B,
    0x97, 0x67, 0x31, 0x94, 0x8E, 0x58, 0xE5, 0x48, 0x22, 0x90, 0x84, 0x0B, 0x32, 0xAF, 0xAE, 0x72,
    0xDE, 0xC7, 0x3F, 0xE7, 0x6A, 0xBA, 0x41, 0xF9, 0x8F, 0xFE, 0xA0, 0x73, 0x9F, 0xB3, 0x23, 0x5E,
    0x7E, 0x92, 0xE0, 0xC0, 0xBD, 0x61, 0x85, 0x22, 0xBF, 0x9C, 0x2F, 0x20, 0xDD, 0x5C, 0x97, 0xE9,
    0x23, 0xF2, 0xCF, 0xE7, 0x15, 0x06, 0xA5, 0xBC, 0x75, 0x71, 0xA3, 0x2D, 0x5C, 0x7E, 0xC9, 0xCF,
    0xC9, 0x5C, 0x05, 0x6C, 0xFB, 0x03, 0x3A, 0x15, 0x6B, 0x88, 0x50, 0x55, 0x6C, 0x1E, 0x5D, 0xD6,
    0x78, 0xB8, 0x4B, 0xF3, 0x87, 0xB0, 0xA8, 0xBF, 0x81, 0x4F, 0x5F, 0x01, 0xBF, 0x2A, 0x69, 0xFA,
    0x6B, 0xA6, 0x38, 0x3A, 0x00, 0xCA, 0xA1, 0xBA, 0x64, 0x3F, 0xAD, 0x29, 0xB0, 0x4A, 0x5D, 0xBF,
    0xE5, 0x96, 0x15, 0x69, 0x9D, 0xDC, 0xC3, 0x88, 0x4F, 0xED, 0x61, 0x99, 0x33, 0xCC, 0x2B, 0x75,
    0x8D, 0x31, 0x9A, 0x8B, 0x42, 0xEC, 0x86, 0xA4, 0x1E, 0x96, 0xD3, 0xC3, 0x52, 0x7A, 0x58, 0x46,
    0x0F, 0x4B, 0xE8, 0x61, 0xF9, 0x3C, 0x2C, 0x9D, 0x87, 0x65, 0xF3, 0xB0, 0x64, 0x1E, 0x96, 0xCB,
    0xC3, 0x52, 0x79, 0x58, 0x26, 0x0F, 0x4B, 0xE4, 0x61, 0x79, 0x3C, 0x46, 0x4F, 0xC7, 0x59, 0x7C,
    0x4C, 0xE2, 0xA1, 0x39, 0x3C, 0x6E, 0x5A, 0x0A, 0x0F, 0xE9, 0xFA, 0x3D, 0x15, 0xE3, 0xEB, 0x51,
    0x92, 0xE2, 0x47, 0xE5, 0x48, 0x9F, 0x0B, 0x8A, 0x8A, 0xE4, 0x8A, 0xB1, 0x94, 0x4A, 0x72, 0x4D,
    0x1E, 0x7D, 0xE6, 0xD8, 0x41, 0x49, 0x8F, 0xF9, 0x48, 0x4C, 0x10, 0x15, 0xA2, 0x67, 0x5D, 0x6B,
    0x8C, 0xAE, 0x78, 0x2D, 0x29, 0x2A, 0x1B, 0x06, 0x8F, 0xD2, 0xA8, 0x88, 0x9B, 0x17, 0x19, 0x0C,
    0xDA, 0x16, 0x6B, 0x12, 0xE7, 0x96, 0x3C, 0xA2, 0x08, 0x8F, 0x65, 0xC0, 0xFA, 0x14, 0x39, 0xA0,
    0x51, 0xA2, 0x9F, 0xA2, 0x9E, 0x59, 0x08, 0x8F, 0x95, 0xF7, 0x31, 0x07, 0x74, 0x37, 0x69, 0x54,
    0xD0, 0xA1, 0xC3, 0x7F, 0xB4, 0x50, 0x5B, 0xF6, 0xF1, 0x53, 0x14, 0x47, 0x69, 0xA2, 0xC3, 0xAD,
    0x34, 0xD1, 0xD9, 0x28, 0x4D, 0x34, 0xB3, 0x9B, 0xAE, 0x0B, 0xE7, 0x8B, 0xBB, 0x4E, 0x13, 0x7D,
    0x9F, 0xBB, 0x8F, 0x27, 0x03, 0x58, 0x19, 0x3C, 0x80, 0xEE, 0xBB, 0xA7, 0x14, 0xDA, 0x7B, 0x7B,
    0x97, 0xE7, 0x2A, 0xB7, 0x8A, 0x1D, 0x63, 0xDD, 0x41, 0x77, 0xDF, 0x37, 0xD1, 0x1C, 0xD3, 0x6F,
    0x0A, 0xC8, 0x0D, 0x93, 0x10, 0xD9, 0x5F, 0x1F, 0xF0, 0xF4, 0x7B, 0xD0, 0xFD, 0x37, 0x16, 0xB6,
    0xBB, 0x93, 0x85, 0xED, 0x87, 0xDB, 0xC5, 0xBB, 0x16, 0x17, 0x4B, 0xB8, 0x9A, 0xF0, 0x3A, 0x65,
    0xA7, 0x13, 0x58, 0x2E, 0x1D, 0xCA, 0xF4, 0x00, 0x1C, 0x4A, 0x50, 0x01, 0x45, 0x28, 0xBC, 0xAC,
    0xBC, 0x49, 0x46, 0xDF, 0x9A, 0xB8, 0x30, 0x30, 0x4A, 0x4F, 0xBD, 0xDB, 0x54, 0x8A, 0x0B, 0x2B,
    0x63, 0xAA, 0x44, 0xB1, 0x77, 0x54, 0xDD, 0x28, 0xB7, 0xBF, 0x25, 0xF7, 0xA1, 0x4C, 0x05, 0xF8,
    0x17, 0x31, 0x62, 0xB4, 0xBF, 0xE5, 0x34, 0xBF, 0x49, 0xB4, 0x84, 0x8C, 0x47, 0xE2, 0xDE, 0x58,
    0x0D, 0x99, 0x6D, 0xF9, 0x42, 0x53, 0x61, 0xAD, 0x60, 0xA9, 0x22, 0x59, 0xD6, 0x92, 0xB7, 0x70,
    0xB6, 0xF1, 0x0E, 0x0F, 0xEA, 0x28, 0x5D, 0xD9, 0x59, 0x2F, 0xAD, 0xCF, 0x28, 0x3F, 0xE1, 0xA8,
    0x72, 0x62, 0x5E, 0xF2, 0xC6, 0x46, 0xB0, 0x11, 0xE1, 0x04, 0xAC, 0x9E, 0x72, 0x17, 0x58, 0xB1,
    0xE6, 0xE9, 0xD6, 0x44, 0xDD, 0x33, 0xCD, 0xD4, 0xAD, 0x5A, 0x49, 0xC6, 0xF4, 0x27, 0x01, 0x93,
    0x9D, 0xD2, 0x9F, 0xFF, 0x9A, 0x0A, 0x5D, 0x94, 0xA6, 0x57, 0xA1, 0x05, 0x68, 0x37, 0x63, 0x7F,
    0xFD, 0x7F, 0xE0, 0x4B, 0x67, 0xE6, 0xAF, 0xDF, 0x9F, 0xE4, 0xB6, 0xDF, 0x8D, 0x2D, 0x27, 0x66,
    0x7C, 0xD6, 0x0D, 0x28, 0xD7, 0xA1, 0xC8, 0xF5, 0x6B, 0xA9, 0x59, 0x5A, 0x74, 0x86, 0x9E, 0x85,
    0xDF, 0x53, 0x60, 0xA7, 0x52, 0x0E, 0x78, 0xF6, 0xF6, 0x29, 0x7B, 0x82, 0xBE, 0x6B, 0x2A, 0xE9,
    0xB5, 0xFF, 0xFE, 0x82, 0x56, 0x54, 0x9E, 0x02, 0x1D, 0x69, 0x1A, 0x2B, 0x68, 0x31, 0x05, 0xE3,
    0x11, 0xA8, 0x37, 0xA8, 0x42, 0xC5, 0x34, 0xD1, 0x32, 0xC4, 0x17, 0xD6, 0xA7, 0xEC, 0x21, 0x35,
    0xB4, 0x3F, 0x65, 0x6F, 0xD5, 0x8E, 0x4E, 0xD9, 0x6B, 0xB6, 0x4F, 0xD9, 0x1B, 0x9B, 0xA2, 0x2F,
    0xAE, 0x4D, 0x2E, 0x6A, 0x2B, 0x52, 0x36, 0xCF, 0x34, 0xCF, 0x29, 0x5F, 0xD0, 0x32, 0x40, 0x86,
    0x1D, 0xBB, 0x8E, 0x9B, 0x01, 0x08, 0x45, 0xFF, 0x68, 0xB1, 0xCE, 0x48, 0xF2, 0xFB, 0x38, 0x8C,
    0xAA, 0x5E, 0x23, 0x53, 0xB7, 0x57, 0xAB, 0x45, 0xA5, 0x2E, 0x6E, 0xAB, 0x4E, 0x3F, 0x66, 0x43,
    0x2A, 0x67, 0x59, 0x7E, 0x7D, 0x46, 0xE8, 0x44, 0x75, 0x82, 0xEF, 0xB1, 0xCB, 0xDE, 0x51, 0x94,
    0x5B, 0x47, 0x56, 0xCE, 0x44, 0xD1, 0x64, 0x73, 0x67, 0x7E, 0xCF, 0x46, 0x56, 0x4E, 0x4E, 0x40,
    0xE8, 0x4D, 0xF9, 0x7D, 0x46, 0xD8, 0xE2, 0x95, 0xE5, 0x9C, 0xA3, 0x39, 0xB6, 0x4D, 0xA4, 0x49,
    0x8F, 0x89, 0x55, 0x9C, 0xDD, 0xE6, 0xEC, 0x8F, 0xDB, 0xF8, 0x5E, 0x50, 0xEB, 0xBC, 0xD7, 0x14,
    0x66, 0x77, 0xD0, 0x14, 0x3E, 0x85, 0xEB, 0xF8, 0x49, 0xA4, 0xD8, 0x30, 0x7D, 0x37, 0x81, 0xBA,
    0x8E, 0x7F, 0xF3, 0x24, 0xD7, 0xF1, 0x4B, 0x9F, 0xCE, 0xF4, 0x4D, 0xD7, 0xF1, 0x29, 0x0F, 0x85,
    0xB2, 0x55, 0xCA, 0x73, 0xE6, 0xE2, 0x26, 0x9B, 0xDD, 0x16, 0xA8, 0xB9, 0x3B, 0x27, 0x73, 0x0E,
    0xED, 0xB8, 0x74, 0x2C, 0xAB, 0xE6, 0xFC, 0xB6, 0x93, 0xF9, 0xE6, 0xC1, 0x8F, 0xA3, 0xF2, 0x98,
    0x93, 0x39, 0xE3, 0xFA, 0x1D, 0xAC, 0x93, 0x01, 0x43, 0x59, 0x79, 0xD0, 0x21, 0xB2, 0x61, 0x58,
    0xF1, 0xDC, 0x03, 0x4A, 0x26, 0x57, 0x6C, 0x24, 0x93, 0x3B, 0xE7, 0x06, 0xA3, 0xD0, 0x49, 0x81,
    0x89, 0xF1, 0x50, 0xDC, 0x7B, 0x9E, 0xB0, 0xBB, 0x2C, 0x36, 0xD3, 0xAD, 0xDD, 0x65, 0xA4, 0xE4,
    0x7A, 0x27, 0xF2, 0x5B, 0x91, 0xDF, 0x8B, 0x4E, 0xDB, 0x8C, 0x3C, 0x46, 0x61, 0x7A, 0xB0, 0x57,
    0x84, 0x07, 0x4D, 0xD8, 0xAB, 0xC2, 0xF7, 0x44, 0xF7, 0x8C, 0x42, 0xA0, 0x06, 0x7D, 0xC3, 0xB5,
    0xFA, 0x39, 0xBC, 0xC2, 0x0A, 0xCD, 0x2B, 0x59, 0x99, 0x01, 0x5A, 0x29, 0xD3, 0xDE, 0xF3, 0x48,
    0xB1, 0xD3, 0xA9, 0xBF, 0xCE, 0xBE, 0x27, 0x53, 0x1E, 0xEA, 0x31, 0x38, 0x98, 0xA3, 0x55, 0xA4,
    0xA1, 0x82, 0x2C, 0x22, 0x15, 0x7B, 0x2E, 0x35, 0x3B, 0xB8, 0x82, 0xEC, 0x6B, 0x7A, 0x3B, 0xB8,
    0x7D, 0x5B, 0x63, 0xEE, 0x88, 0xA2, 0xC9, 0x32, 0x90, 0x39, 0x71, 0x4B, 0x9D, 0xB1, 0xF3, 0x46,
    0x97, 0x5B, 0x56, 0x6B, 0xA4, 0x4C, 0x7A, 0x0A, 0xC5, 0x79, 0xA4, 0x4A, 0x5D, 0xA1, 0x7F, 0x2F,
    0x1B, 0xA5, 0x49, 0xAB, 0x34, 0xBE, 0x03, 0xA5, 0x5E, 0x8F, 0x7C, 0x6A, 0x0D, 0x7D, 0x1F, 0x9C,
    0xFB, 0x63, 0x07, 0x2F, 0x33, 0x77, 0x03, 0xED, 0x7A, 0x1C, 0x32, 0x12, 0x4E, 0x8E, 0x95, 0xC4,
    0xDF, 0x60, 0x14, 0xA5, 0x33, 0xCC, 0x3A, 0x24, 0xE3, 0x52, 0xF0, 0xD0, 0x32, 0x18, 0x16, 0x3E,
    0x56, 0x6D, 0x5D, 0x60, 0x1B, 0xFA, 0x02, 0x2E, 0x4C, 0x7B, 0x7F, 0x42, 0x07, 0xEC, 0x08, 0x8F,
    0x68, 0x6C, 0xA6, 0x3B, 0x35, 0x36, 0xB3, 0xD0, 0xD8, 0xCC, 0x99, 0x1D, 0x7B, 0x31, 0x26, 0xE6,
    0x1C, 0xA3, 0x7E, 0x97, 0x5F, 0x30, 0xF4, 0xDE, 0x8C, 0xFD, 0xAB, 0x60, 0x63, 0x1C, 0x1E, 0x7A,
    0x6C, 0xE6, 0x21, 0x63, 0x33, 0xE7, 0x6B, 0x1F, 0xB4, 0x71, 0xA9, 0x12, 0xF6, 0xDF, 0xE8, 0x41,
    0x04, 0xF5, 0x3A, 0xA9, 0xD3, 0x53, 0x0F, 0x64, 0x88, 0x26, 0xE6, 0x18, 0xEC, 0x13, 0x9C, 0x3C,
    0xA8, 0x21, 0x2A, 0x3E, 0x59, 0x57, 0x4F, 0x98, 0x79, 0x53, 0xCB, 0x4F, 0xD1, 0xD5, 0xCD, 0xFF,
    0x07, 0xE5, 0x5C, 0xBD, 0x8F, 0xDC, 0xC6, 0x15, 0x7F, 0x24, 0x4F, 0x4B, 0x9C, 0x08, 0x88, 0x57,
    0x48, 0x40, 0xAC, 0x83, 0xC4, 0xC6, 0x85, 0x21, 0x5B, 0xDA, 0x56, 0x85, 0x4E, 0x64, 0xE2, 0x3F,
    0x20, 0x2A, 0x2C, 0xA4, 0x50, 0x91, 0x14, 0x2E, 0x12, 0x35, 0x97, 0xC2, 0x85, 0x0B, 0xE9, 0x96,
    0x46, 0x8A, 0x14, 0x2E, 0x72, 0x45, 0x90, 0x94, 0xB9, 0x04, 0x2A, 0x24, 0xA7, 0x50, 0x8A, 0x14,
    0x57, 0x9C, 0x8F, 0x1B, 0xE4, 0x0F, 0x08, 0x93, 0xC6, 0xA5, 0x37, 0x80, 0x60, 0x18, 0x69, 0xC2,
    0x00, 0xAB, 0x64, 0x0F, 0x5E, 0xEE, 0xE4, 0xBD, 0xDF, 0x9B, 0x21, 0xB9, 0xE7, 0x58, 0x52, 0x20,
    0xE3, 0x6E, 0x77, 0x6F, 0x71, 0x78, 0xB3, 0x1F, 0xE4, 0x9B, 0x99, 0xF7, 0x9B, 0xF7, 0x39, 0xC3,
    0x23, 0xA2, 0x09, 0xC9, 0xCB, 0xAF, 0xD1, 0x04, 0x33, 0x34, 0xA1, 0x41, 0x13, 0x15, 0x99, 0x34,
    0x71, 0x9A, 0x4B, 0x93, 0xF4, 0x87, 0xD2, 0x6C, 0x25, 0xA5, 0x34, 0xB7, 0xE2, 0x4A, 0x9A, 0x83,
    0x08, 0xCD, 0x38, 0x10, 0x36, 0x5E, 0x15, 0x4C, 0x85, 0xD7, 0x08, 0xDC, 0x82, 0x92, 0x84, 0x5B,
    0x38, 0x24, 0xE1, 0x16, 0xE7, 0x34, 0x60, 0x6E, 0xB1, 0x31, 0x86, 0xD9, 0xF4, 0xB5, 0xD9, 0x62,
    0xAE, 0xCC, 0xED, 0x01, 0x7F, 0xCF, 0x6C, 0xF6, 0xB9, 0x47, 0x6E, 0xC6, 0x7C, 0xCF, 0x84, 0x79,
    0x31, 0x87, 0x29, 0x05, 0xD2, 0xD4, 0x14, 0x4A, 0x63, 0xE8, 0xE9, 0x2C, 0xA7, 0xA7, 0xE6, 0x99,
    0xDC, 0x6B, 0xCC, 0x98, 0x8E, 0xBF, 0x1E, 0xE9, 0x1C, 0xA6, 0xDA, 0xD4, 0xDD, 0x4F, 0xF4, 0x47,
    0x21, 0xDE, 0x5D, 0x26, 0x85, 0x19, 0xF1, 0x3C, 0xEF, 0x4D, 0x29, 0x1C, 0x53, 0x2D, 0x3D, 0x16,
    0x14, 0x8C, 0x98, 0xD0, 0x1D, 0x1A, 0xC8, 0x45, 0x8E, 0x9C, 0xFB, 0xC4, 0x90, 0xC7, 0xE3, 0xA4,
    0xE8, 0x88, 0x3F, 0x26, 0x23, 0x26, 0xE9, 0x50, 0x48, 0xCE, 0x17, 0x3B, 0x62, 0xF8, 0x3B, 0xDF,
    0xF0, 0xAF, 0x49, 0x9A, 0xC5, 0x66, 0x9A, 0x3E, 0xF3, 0x4D, 0xD5, 0x9F, 0xD0, 0xA5, 0xF9, 0x41,
    0x61, 0x10, 0x2D, 0xF1, 0x30, 0xF4, 0x50, 0x65, 0xDD, 0x37, 0x10, 0xEB, 0xF5, 0xB0, 0xD4, 0xF1,
    0x8E, 0x54, 0xF4, 0xFA, 0xC9, 0x00, 0x00, 0xB2, 0x53, 0xAD, 0xB4, 0xD9, 0x9B, 0x9B, 0xF4, 0x12,
    0xE3, 0xD7, 0x7B, 0x82, 0xF9, 0xF3, 0xE8, 0xB6, 0x64, 0xBE, 0x1B, 0x10, 0x41, 0x24, 0xA3, 0x2C,
    0xF8, 0x3B, 0x4F, 0x87, 0x24, 0xC3, 0x1B, 0xB9, 0xC9, 0x9E, 0x3C, 0x80, 0x8F, 0x55, 0xBC, 0x8A,
    0x00, 0x06, 0x18, 0xD4, 0xB1, 0x88, 0x35, 0x32, 0xDF, 0x81, 0x54, 0x7F, 0x03, 0xA9, 0x3E, 0x54,
    0xDC, 0x2A, 0x11, 0xC2, 0xD7, 0x5E, 0xCB, 0xAD, 0x62, 0xEF, 0x49, 0x7F, 0x13, 0x5D, 0x9A, 0x3C,
    0xF7, 0x9C, 0x87, 0xFE, 0x06, 0x33, 0xFD, 0x9C, 0x99, 0xDF, 0x0E, 0x47, 0xC2, 0x8C, 0xB9, 0x66,
    0x74, 0x2A, 0x10, 0x79, 0x0A, 0x0F, 0x59, 0x25, 0x4F, 0xB5, 0x89, 0x7F, 0x06, 0x51, 0x7B, 0x1F,
    0xAB, 0x8C, 0x1B, 0x88, 0xAA, 0x55, 0x84, 0xE8, 0x6E, 0x33, 0xF1, 0x78, 0x88, 0xFE, 0xC4, 0x66,
    0xFC, 0x56, 0xF8, 0x86, 0xFF, 0xE1, 0xEB, 0xE3, 0x8F, 0x26, 0xD2, 0xC3, 0x0D, 0x56, 0xAF, 0x76,
    0xB6, 0x77, 0x33, 0xE9, 0x9C, 0x7F, 0x30, 0xBF, 0x62, 0xF9, 0xD7, 0x94, 0x66, 0xFE, 0x94, 0x78,
    0x62, 0x13, 0x21, 0x17, 0x29, 0x11, 0x46, 0x8E, 0x78, 0xF7, 0x0B, 0x46, 0x84, 0x3B, 0xF3, 0x67,
    0x59, 0x32, 0xE4, 0x31, 0x25, 0x43, 0x1E, 0x26, 0x93, 0x11, 0x5F, 0xEC, 0x48, 0x2A, 0xDF, 0x15,
    0xFC, 0x6B, 0xF8, 0x97, 0x32, 0x30, 0x26, 0x3E, 0xA2, 0x62, 0x1A, 0xCD, 0xE8, 0x9C, 0x5D, 0x16,
    0x56, 0x9B, 0xD4, 0xD2, 0xD1, 0xF7, 0xD4, 0xB6, 0x79, 0xD6, 0xD2, 0x61, 0xD4, 0xF5, 0x15, 0xBC,
    0x37, 0x6B, 0x67, 0x43, 0xA7, 0x20, 0x0D, 0x19, 0xDE, 0xAF, 0x4B, 0x27, 0x09, 0xEE, 0x30, 0xA8,
    0xAF, 0xCA, 0x24, 0xD6, 0x16, 0x45, 0xBB, 0xE4, 0x05, 0x40, 0xD2, 0xF2, 0x16, 0x46, 0x3C, 0x83,
    0xF7, 0xAA, 0x0A, 0x99, 0x83, 0x37, 0x3C, 0xBF, 0xDB, 0xC1, 0xC3, 0xBA, 0xDB, 0xE8, 0x98, 0xCA,
    0xAD, 0x30, 0x82, 0xFD, 0xDD, 0x77, 0x18, 0x8A, 0xFA, 0x80, 0xE8, 0x39, 0x7F, 0xE5, 0x95, 0x9B,
    0x65, 0x57, 0x14, 0x98, 0xC9, 0xA2, 0xC0, 0xE8, 0x3F, 0xEE, 0x0A, 0x39, 0xD6, 0xA8, 0xA2, 0xFF,
    0x0B, 0x88, 0x75, 0x47, 0xCD, 0xE2, 0x58, 0x31, 0xCA, 0xBA, 0x66, 0xE2, 0x8C, 0x05, 0x87, 0x22,
    0xA4, 0xC0, 0x38, 0x01, 0x41, 0x3C, 0xB7, 0x83, 0xEA, 0xF4, 0x55, 0xF0, 0x45, 0x41, 0xA4, 0x0B,
    0x14, 0x13, 0xA0, 0x40, 0xB7, 0xF5, 0x72, 0x55, 0xB7, 0x51, 0xF6, 0x81, 0x22, 0x0B, 0x14, 0x76,
    0x7E, 0x8F, 0x26, 0x55, 0x23, 0x6C, 0x83, 0xCF, 0x15, 0x52, 0xC9, 0xDE, 0xAE, 0x73, 0x81, 0x70,
    0x86, 0x0F, 0x24, 0x50, 0xBE, 0xF3, 0xA6, 0xB0, 0xE0, 0x1F, 0x77, 0x7E, 0x50, 0xC9, 0xD4, 0x4B,
    0x31, 0x50, 0x32, 0x8F, 0x8D, 0x53, 0x02, 0x73, 0x60, 0x4D, 0x47, 0xDE, 0xBA, 0x3E, 0x17, 0xE3,
    0xD2, 0x68, 0xE3, 0x0C, 0xC1, 0x75, 0xAD, 0x11, 0x03, 0x84, 0x00, 0x11, 0xEC, 0xFD, 0x68, 0xD1,
    0xE0, 0xB2, 0xAF, 0x50, 0xCD, 0xC4, 0xF9, 0x6D, 0x1B, 0x5E, 0x5A, 0x10, 0xA9, 0x93, 0x9B, 0x8D,
    0x76, 0xCF, 0x10, 0x78, 0xE8, 0x34, 0x7A, 0xDA, 0xC8, 0x22, 0x71, 0xF3, 0xD9, 0xDB, 0x5B, 0x3C,
    0x04, 0x6D, 0x00, 0xF3, 0x8E, 0x06, 0x30, 0x07, 0x88, 0x47, 0x34, 0x80, 0x29, 0x7B, 0xDD, 0x00,
    0x66, 0x44, 0x67, 0xC9, 0x5A, 0x62, 0x01, 0x97, 0xD7, 0x19, 0x0A, 0x11, 0xC9, 0xF3, 0x82, 0x6F,
    0x2B, 0x23, 0x97, 0x66, 0xEF, 0xD1, 0xA2, 0xC1, 0x68, 0xC1, 0xA9, 0x14, 0x9C, 0xC3, 0x7B, 0x16,
    0x9C, 0x52, 0x43, 0x4E, 0xF5, 0xCD, 0x1B, 0x74, 0x56, 0x23, 0x97, 0x4A, 0xA4, 0xB3, 0x78, 0x86,
    0xF3, 0x1B, 0x82, 0x16, 0xCE, 0x25, 0x4D, 0x6D, 0xA9, 0x8F, 0xF4, 0x53, 0x24, 0xB9, 0xD5, 0xA1,
    0xD7, 0x41, 0xAF, 0x80, 0xD2, 0x0B, 0x28, 0x84, 0xCD, 0x34, 0x7F, 0xE9, 0x95, 0x8E, 0xFA, 0x99,
    0xD0, 0x50, 0x46, 0x4F, 0x11, 0x68, 0x9C, 0x7B, 0x46, 0x3C, 0xD1, 0xB6, 0x11, 0x46, 0x85, 0x51,
    0x76, 0xDD, 0xD7, 0x0D, 0xF5, 0xDC, 0xF8, 0xB6, 0xC8, 0xDB, 0xF7, 0xF8, 0xFE, 0xDC, 0x1D, 0xC8,
    0x35, 0x63, 0xB9, 0x3E, 0xAD, 0x28, 0x1E, 0x05, 0x92, 0x42, 0x7B, 0x53, 0xCE, 0xA8, 0x79, 0x95,
    0x0C, 0xA4, 0x4F, 0x16, 0x6F, 0x21, 0x1D, 0x15, 0x32, 0x52, 0x63, 0x49, 0x33, 0x28, 0x90, 0x02,
    0x4C, 0x05, 0x2F, 0x16, 0xF3, 0x9A, 0x08, 0xFC, 0x0A, 0x8B, 0x9E, 0xB9, 0xF8, 0x58, 0x0E, 0x03,
    0x19, 0x91, 0xF7, 0x9E, 0x1B, 0x8F, 0x8F, 0x40, 0x47, 0xD6, 0x67, 0x3C, 0x76, 0xEF, 0x02, 0x2C,
    0xDE, 0x42, 0xA8, 0x6F, 0x20, 0xED, 0xE1, 0xA7, 0xB8, 0xF8, 0x61, 0x5B, 0x1E, 0x49, 0xB0, 0xB2,
    0x92, 0xAC, 0xB1, 0xD8, 0x74, 0xBE, 0x99, 0xE3, 0x12, 0x60, 0x72, 0xF9, 0x11, 0xC6, 0x29, 0x6B,
    0xBE, 0xCF, 0x73, 0xD8, 0x88, 0x73, 0x3B, 0x1B, 0x5F, 0xD4, 0x31, 0x78, 0x86, 0x49, 0x3B, 0x42,
    0x27, 0x8F, 0x8D, 0x07, 0x67, 0x92, 0xD4, 0x52, 0xAC, 0x4C, 0xCD, 0xDF, 0x18, 0x8A, 0x0F, 0x13,
    0x91, 0xC5, 0x4F, 0x7D, 0x33, 0x6F, 0x9E, 0x96, 0x40, 0xD6, 0xEF, 0x23, 0x13, 0xCA, 0x6F, 0xB1,
    0x5D, 0x1B, 0xEF, 0xD3, 0x85, 0xD0, 0x54, 0x3C, 0x9A, 0xA2, 0xEC, 0x6A, 0xC5, 0x89, 0x2F, 0xFC,
    0xCB, 0x79, 0x5B, 0xE1, 0x13, 0x2F, 0x9E, 0xFE, 0x49, 0x16, 0xBE, 0xF9, 0x17, 0xDF, 0x1D, 0xFC,
    0x1B, 0x01, 0xC9, 0x50, 0x16, 0xFB, 0x55, 0x8A, 0xB3, 0x39, 0xF5, 0x5D, 0x0A, 0x73, 0xE3, 0x89,
    0x34, 0xE1, 0x7F, 0x39, 0x91, 0x8B, 0x2B, 0x1E, 0x57, 0x7F, 0xCA, 0x20, 0x0C, 0x0E, 0xC5, 0x93,
    0xF1, 0x57, 0x41, 0xC9, 0x1A, 0xEE, 0xB5, 0x59, 0xE8, 0x89, 0x4A, 0xFF, 0x9A, 0x9A, 0x0C, 0x8D,
    0x84, 0x34, 0x46, 0x18, 0xA7, 0xF2, 0xE9, 0x4D, 0x23, 0x10, 0xF8, 0xCB, 0x2D, 0xFD, 0xBB, 0x8D,
    0xE7, 0x43, 0x0E, 0xCD, 0xF5, 0x53, 0xA6, 0xBF, 0x43, 0xFD, 0xF4, 0xAB, 0x51, 0x53, 0x3F, 0xDD,
    0x12, 0x05, 0x5E, 0x6B, 0xEA, 0xA7, 0x08, 0x3B, 0x58, 0x46, 0xE9, 0x3F, 0xF8, 0xEA, 0x19, 0xBB,
    0x43, 0xAE, 0x9F, 0x26, 0xC3, 0x60, 0xCC, 0x50, 0xB0, 0x4F, 0x8F, 0x2B, 0xF6, 0xAD, 0x51, 0x15,
    0x83, 0x70, 0x1F, 0x96, 0x54, 0x8D, 0xDD, 0x16, 0x82, 0x08, 0x23, 0x1C, 0x5B, 0xCF, 0x98, 0x79,
    0x33, 0x8E, 0xC0, 0xA8, 0xD8, 0x65, 0x31, 0x73, 0x14, 0x91, 0x71, 0xAC, 0x22, 0x52, 0xBD, 0x04,
    0x69, 0x7A, 0x0A, 0x00, 0x42, 0x9A, 0x35, 0x54, 0xE2, 0x08, 0x14, 0x3B, 0x24, 0xE9, 0x9F, 0x05,
    0x0A, 0x53, 0xAD, 0x84, 0x1E, 0x34, 0xC1, 0x9A, 0xFF, 0x43, 0xEC, 0xB1, 0x64, 0xEA, 0xAB, 0xE2,
    0x6A, 0x5F, 0x34, 0xE2, 0xCE, 0xA2, 0x68, 0x84, 0x56, 0xCA, 0x28, 0xAC, 0xC5, 0xD9, 0xC4, 0xE6,
    0x9F, 0xFC, 0xFE, 0xC6, 0xA6, 0x70, 0x78, 0xCB, 0xEE, 0x17, 0xE9, 0x6E, 0x04, 0x34, 0x06, 0x3A,
    0xB2, 0x12, 0xC8, 0xCC, 0x38, 0xD0, 0x0C, 0xCC, 0x17, 0x15, 0x85, 0x9F, 0x71, 0x84, 0x19, 0xD1,
    0xB6, 0x9B, 0x06, 0xD6, 0x73, 0x5F, 0x82, 0x8C, 0x45, 0x81, 0xE7, 0x5A, 0xDE, 0xC4, 0x43, 0x16,
    0x80, 0xE7, 0x00, 0xA0, 0x7C, 0x88, 0x05, 0x95, 0x20, 0x2F, 0xF4, 0x96, 0x4E, 0x35, 0x5E, 0x25,
    0x22, 0x3D, 0xBF, 0xE7, 0x6C, 0x45, 0x2A, 0xA9, 0xC2, 0xE1, 0x40, 0xA2, 0xEE, 0x78, 0x01, 0x14,
    0xE6, 0x9B, 0x23, 0x57, 0xDE, 0x59, 0x8A, 0xCD, 0xE8, 0x82, 0x5F, 0x49, 0x7A, 0xC4, 0xF6, 0x73,
    0x30, 0x24, 0x8E, 0x5E, 0x3F, 0x24, 0xC4, 0x21, 0xCC, 0xA4, 0xE6, 0x3F, 0xDF, 0x40, 0x50, 0xAF,
    0xF1, 0xC7, 0x1C, 0xB6, 0xCD, 0x97, 0x85, 0xA9, 0xBD, 0x4F, 0xB2, 0xC8, 0x8C, 0xE2, 0x77, 0xAB,
    0x35, 0x4E, 0x47, 0xB8, 0xD3, 0x7E, 0x49, 0x3B, 0xC8, 0xD6, 0x6E, 0x3A, 0xC5, 0x35, 0xB4, 0xA9,
    0x77, 0x15, 0xAF, 0xFC, 0x67, 0xB2, 0xB7, 0xCD, 0x51, 0x6A, 0x66, 0xDF, 0xFA, 0x68, 0xED, 0x98,
    0x7E, 0x2C, 0x5F, 0x7A, 0xFA, 0x2B, 0x0F, 0xF5, 0x62, 0xE7, 0xE2, 0xC3, 0xB9, 0xC5, 0xF1, 0x3A,
    0x83, 0xB7, 0x2C, 0x7E, 0xD2, 0x61, 0xFE, 0xB0, 0x01, 0xCF, 0xCC, 0xB0, 0x6B, 0x28, 0xB8, 0x9A,
    0x9C, 0x83, 0x6E, 0x71, 0x5B, 0x83, 0x3C, 0x1A, 0x4B, 0xB2, 0x1B, 0x8B, 0xA7, 0xAC, 0x58, 0x90,
    0xEC, 0xD1, 0xC4, 0xEC, 0x05, 0x53, 0x59, 0x91, 0xC1, 0x54, 0x56, 0xA7, 0x5F, 0x4B, 0xBE, 0xED,
    0xD7, 0x06, 0xB1, 0xBA, 0x50, 0xEF, 0x6B, 0xD4, 0x9F, 0xE9, 0x35, 0x7A, 0xBD, 0xDE, 0xAB, 0x7C,
    0x24, 0x3B, 0x0F, 0xC7, 0x09, 0xF8, 0x8B, 0xCB, 0x4C, 0x4A, 0xE9, 0x57, 0xF2, 0x4F, 0x71, 0x99,
    0x94, 0xCE, 0xB8, 0x74, 0x41, 0x3D, 0x55, 0x11, 0x2C, 0x69, 0xFB, 0xEA, 0xE5, 0x8D, 0x65, 0x9A,
    0xA3, 0xD8, 0xC2, 0xC7, 0x92, 0x2C, 0xD8, 0x88, 0xF1, 0xDA, 0x9F, 0xF0, 0xDA, 0x67, 0x4E, 0x7D,
    0x24, 0xB8, 0x19, 0x73, 0xE6, 0xB5, 0xDF, 0x1F, 0x16, 0xD2, 0x93, 0x28, 0x63, 0xC9, 0x9D, 0xC4,
    0xA3, 0x96, 0x18, 0x47, 0x4A, 0x5C, 0x82, 0x8B, 0x79, 0x34, 0x69, 0x0E, 0x06, 0x71, 0xC5, 0xAC,
    0xC0, 0x94, 0x97, 0xED, 0x6E, 0x77, 0xED, 0x7B, 0x7B, 0x2E, 0x07, 0x0E, 0xDB, 0x6C, 0x18, 0xC1,
    0x54, 0x7F, 0xAC, 0xA5, 0x29, 0xD4, 0x39, 0xB4, 0xA8, 0x98, 0xB4, 0xBB, 0xD9, 0x61, 0xDD, 0x8C,
    0x5A, 0xAC, 0x04, 0xC1, 0x62, 0x2C, 0x1B, 0x26, 0xBD, 0xC7, 0x58, 0x98, 0x99, 0x94, 0x59, 0xF8,
    0xDE, 0x0D, 0xD4, 0x7C, 0xA5, 0x56, 0xEF, 0xA1, 0x8B, 0x31, 0xAA, 0x2B, 0x28, 0xC9, 0x35, 0xE2,
    0x3A, 0x69, 0x84, 0xB4, 0x16, 0x88, 0xFD, 0x03, 0x54, 0x76, 0xE3, 0x4A, 0x76, 0x10, 0x52, 0x89,
    0x39, 0xA8, 0x16, 0x0D, 0xF3, 0x2B, 0x49, 0x36, 0xC3, 0x3C, 0x28, 0xE7, 0x8D, 0xF1, 0xF2, 0xE8,
    0x05, 0xA6, 0x8A, 0xDD, 0x3E, 0x9E, 0x66, 0x38, 0x91, 0xB8, 0xAA, 0x7E, 0x8B, 0x2F, 0x1D, 0xA0,
    0xE0, 0x35, 0x64, 0x08, 0x74, 0x27, 0x62, 0xE3, 0x34, 0x30, 0xD0, 0xCD, 0xE4, 0xB0, 0x6A, 0xE2,
    0x5A, 0x57, 0x8B, 0x5B, 0x4F, 0x51, 0xBD, 0x58, 0x05, 0x0C, 0x2E, 0xCD, 0x6F, 0x7A, 0xF8, 0x95,
    0x30, 0x7B, 0x5F, 0xAA, 0x75, 0x81, 0x1C, 0xD5, 0x88, 0x86, 0x07, 0xE2, 0xC3, 0xA1, 0xFC, 0x4D,
    0x6C, 0x22, 0x19, 0x40, 0x24, 0x5E, 0x80, 0x53, 0x8D, 0x9C, 0x3D, 0x73, 0x32, 0xE2, 0x54, 0x23,
    0xAC, 0x02, 0xA9, 0xC2, 0xB3, 0xB4, 0xFC, 0x29, 0x77, 0xEC, 0xD5, 0x22, 0xA9, 0x5A, 0x26, 0x3A,
    0xEB, 0x90, 0xCA, 0x92, 0x1A, 0x97, 0xE0, 0x62, 0x76, 0xF2, 0xC1, 0x04, 0x0C, 0x48, 0x4A, 0x77,
    0xCA, 0x34, 0x34, 0x47, 0x6D, 0xAA, 0x71, 0xA7, 0xAD, 0x77, 0x9F, 0x8B, 0x3B, 0xDB, 0x1D, 0x3B,
    0xD0, 0x89, 0x0A, 0x3A, 0xB1, 0xB1, 0x3A, 0x3A, 0xA1, 0xA3, 0x15, 0x7E, 0xF7, 0x9A, 0xE2, 0xD1,
    0x26, 0x8B, 0x64, 0xB2, 0x25, 0xDA, 0x71, 0x71, 0x51, 0xB4, 0xC3, 0x76, 0xEC, 0x99, 0x0C, 0x15,
    0xE3, 0xAF, 0xA4, 0xC0, 0xFB, 0x73, 0x89, 0x35, 0xCF, 0xEB, 0x4E, 0x5A, 0x27, 0x0E, 0xA7, 0xD5,
    0xD1, 0x17, 0x1B, 0x9D, 0x67, 0x37, 0x79, 0xE2, 0x47, 0xBC, 0xE0, 0xBF, 0xE0, 0x50, 0x3E, 0xC8,
    0xFB, 0x2E, 0x1A, 0x0E, 0xC5, 0x4C, 0xC4, 0xE2, 0x1F, 0x17, 0x05, 0x24, 0xC4, 0xDE, 0xD6, 0xA1,
    0x5B, 0x18, 0x76, 0x70, 0x7A, 0x10, 0x30, 0x0C, 0xC3, 0x21, 0x75, 0x23, 0xF0, 0x95, 0x0A, 0xA9,
    0x7C, 0x29, 0xCF, 0x46, 0x32, 0xE7, 0x44, 0x32, 0x83, 0x54, 0x50, 0x9A, 0x2E, 0x82, 0xDA, 0xBC,
    0x28, 0xF4, 0xB2, 0x79, 0xA2, 0x66, 0x30, 0x44, 0x1A, 0xFF, 0xFA, 0x93, 0xEE, 0x41, 0x5C, 0x9B,
    0xAB, 0xAF, 0xD9, 0x08, 0x85, 0xE7, 0x38, 0x01, 0x6E, 0x3C, 0x55, 0x01, 0x8E, 0x2F, 0x06, 0x72,
    0x63, 0x85, 0xAE, 0x02, 0x76, 0x9F, 0x0D, 0x01, 0xDE, 0x8C, 0x14, 0x3D, 0x52, 0xB1, 0x93, 0x62,
    0x40, 0x0A, 0x08, 0x29, 0x3A, 0xA4, 0x50, 0x91, 0xE2, 0xF6, 0x3F, 0x1A, 0xFE, 0xCD, 0x5E, 0x69,
    0xEF, 0xB3, 0x5C, 0x2C, 0x4F, 0xC5, 0x92, 0x14, 0x4C, 0x52, 0x34, 0xC9, 0xC2, 0x69, 0xF1, 0xB4,
    0x80, 0x3A, 0x44, 0x1D, 0xA4, 0xBD, 0x47, 0x2D, 0x82, 0xBA, 0x05, 0xD6, 0xD6, 0x56, 0x45, 0x3C,
    0xEB, 0xA8, 0x71, 0x68, 0x0D, 0x83, 0x29, 0x8B, 0x93, 0xAF, 0x62, 0xE0, 0xA2, 0xA1, 0x08, 0x39,
    0xCA, 0x05, 0xBA, 0x04, 0xD8, 0x4D, 0x00, 0x9E, 0x60, 0x80, 0x4B, 0x30, 0x04, 0xC0, 0x44, 0x80,
    0x6D, 0x8E, 0x9A, 0x86, 0x96, 0xF6, 0x4A, 0xBD, 0x0B, 0x38, 0xEA, 0x4A, 0x50, 0x24, 0x2D, 0x94,
    0x8A, 0xA5, 0x05, 0xB3, 0x37, 0xB7, 0x13, 0x66, 0xE1, 0x6A, 0x0E, 0x7D, 0x6A, 0xDD, 0xDF, 0x6F,
    0xCE, 0x0A, 0xAF, 0x14, 0x5E, 0xDE, 0x93, 0x4E, 0xD9, 0x40, 0x37, 0x2E, 0x75, 0xC2, 0x7A, 0x7A,
    0x8B, 0xF7, 0x01, 0xD7, 0xA1, 0x64, 0x0B, 0x85, 0x97, 0xB5, 0x84, 0x36, 0xB7, 0x71, 0xC9, 0x8D,
    0xCD, 0x6E, 0x2C, 0x6E, 0x9A, 0xDF, 0xD8, 0x04, 0xC7, 0x66, 0x38, 0x92, 0xE2, 0xAC, 0x96, 0xB6,
    0x21, 0x01, 0xD2, 0x0C, 0x48, 0x53, 0x20, 0x9B, 0x03, 0x29, 0x88, 0xC8, 0x82, 0xEC, 0x19, 0x73,
    0x1F, 0x9A, 0xC7, 0x89, 0xD0, 0x42, 0x21, 0xE9, 0xFD, 0xD2, 0x9D, 0xEE, 0xFC, 0x03, 0x2C, 0xFC,
    0xDF, 0x2B, 0xC4, 0xE7, 0x46, 0x40, 0xBA, 0xE9, 0xD9, 0xFA, 0xD4, 0xDA, 0x8A, 0x81, 0x76, 0x57,
    0x7D, 0xF4, 0xF0, 0x8A, 0x9C, 0x1C, 0x98, 0x70, 0x3A, 0x18, 0xF9, 0x52, 0x94, 0xBF, 0x40, 0x83,
    0xD1, 0x3A, 0x42, 0xF4, 0xC5, 0x52, 0x36, 0x5A, 0x39, 0x17, 0x35, 0x17, 0x77, 0x58, 0x57, 0x75,
    0xAC, 0x09, 0x5D, 0x64, 0xBB, 0xDE, 0x29, 0xB9, 0x2F, 0x10, 0x22, 0x36, 0xFA, 0xB0, 0x3E, 0x4B,
    0x0F, 0x92, 0xE9, 0x7B, 0x44, 0x20, 0x5C, 0x2A, 0x64, 0xAB, 0x30, 0xB6, 0x8D, 0x2F, 0xB3, 0xD7,
    0xE2, 0xB3, 0xB8, 0xE1, 0xD3, 0x68, 0xF6, 0xB5, 0xA6, 0x3B, 0x41, 0x49, 0x59, 0x22, 0xB7, 0xB4,
    0x84, 0x8B, 0x49, 0x8E, 0x14, 0x47, 0xA9, 0x01, 0x23, 0x80, 0x1B, 0x37, 0xA7, 0x4A, 0xDA, 0xD7,
    0x7E, 0xF7, 0xCC, 0x8D, 0x3F, 0xEB, 0x7E, 0xEA, 0x9C, 0x00, 0x4F, 0x67, 0x52, 0xA3, 0x7C, 0x7B,
    0x26, 0x65, 0x4A, 0x91, 0x1C, 0x76, 0xD0, 0xBE, 0x1D, 0x5A, 0xA0, 0x42, 0x3A, 0xC8, 0xE4, 0x14,
    0x6F, 0x5A, 0x26, 0x03, 0x31, 0x55, 0xF5, 0xE0, 0x4B, 0x1E, 0x76, 0x25, 0xE1, 0xF8, 0x25, 0x7A,
    0x85, 0x60, 0x16, 0x2B, 0xC8, 0x9A, 0xB4, 0x08, 0x7B, 0x07, 0x14, 0x7D, 0x77, 0x3C, 0x77, 0xA8,
    0x48, 0x97, 0x5E, 0xAA, 0x4B, 0x6F, 0x8B, 0xDA, 0x0D, 0x39, 0xD9, 0x00, 0xEA, 0x6C, 0xEB, 0xAC,
    0x02, 0xB6, 0x97, 0xF7, 0x5A, 0x0F, 0x3E, 0x86, 0xCB, 0xCE, 0x3A, 0xD5, 0xC9, 0x1E, 0xD0, 0xD5,
    0x83, 0x63, 0xEA, 0xBB, 0xC3, 0x63, 0x7B, 0x15, 0xA7, 0x8E, 0xB6, 0x3D, 0xFB, 0xAE, 0x5B, 0xAD,
    0x04, 0x7D, 0xEE, 0x9E, 0xC1, 0x75, 0x47, 0xA6, 0xDD, 0x33, 0x76, 0x92, 0x9D, 0xDD, 0xB0, 0x6F,
    0x8B, 0x1C, 0xE0, 0x4D, 0x8A, 0x21, 0xDA, 0x69, 0x3F, 0x07, 0x8A, 0xD3, 0x38, 0x53, 0xB1, 0x26,
    0x56, 0xBC, 0x0F, 0xB5, 0x2D, 0x2A, 0x6D, 0x3F, 0xA5, 0x46, 0xEC, 0x27, 0xD2, 0xEE, 0x53, 0x03,
    0xAC, 0x43, 0xD6, 0x41, 0xEB, 0xB0, 0x6D, 0xC0, 0x75, 0xE8, 0xB6, 0xAA, 0xEB, 0x52, 0xA0, 0xFC,
    0x45, 0x29, 0x50, 0x2F, 0x43, 0x0A, 0xA4, 0x67, 0xE4, 0xA8, 0xEF, 0x4C, 0x30, 0xC0, 0x0D, 0x46,
    0x40, 0x37, 0x18, 0x02, 0xDE, 0x28, 0x07, 0x3A, 0x87, 0x0A, 0xD2, 0xC8, 0x61, 0xF5, 0xBA, 0x8D,
    0x62, 0x6D, 0xC1, 0xB6, 0x68, 0x5B, 0xB8, 0x1D, 0xDE, 0x0E, 0xF0, 0xFB, 0x59, 0x77, 0xFB, 0xB5,
    0x05, 0xDC, 0x46, 0xCA, 0x4E, 0x8B, 0x1B, 0xCD, 0x95, 0x89, 0x9D, 0x21, 0xC4, 0xB5, 0x46, 0x41,
    0x91, 0x7E, 0xE9, 0xDB, 0x5C, 0xEA, 0x70, 0xEE, 0x4C, 0x33, 0x1B, 0x41, 0x41, 0x9C, 0x75, 0x61,
    0x29, 0x10, 0x77, 0x01, 0xA8, 0x35, 0xD7, 0xAD, 0xBD, 0x76, 0x50, 0x5B, 0x8B, 0xED, 0x4C, 0x76,
    0x83, 0xBC, 0x35, 0xDA, 0x62, 0xB5, 0xCF, 0x92, 0xCE, 0xAB, 0x4D, 0x77, 0x69, 0x99, 0x5A, 0x75,
    0x67, 0xD6, 0x6D, 0x5A, 0xD6, 0xB3, 0x8F, 0x73, 0x8D, 0x5C, 0x5A, 0xD6, 0x43, 0x21, 0x71, 0x39,
    0xD6, 0x43, 0xCF, 0x5A, 0x80, 0xC1, 0x38, 0xCC, 0x74, 0xA2, 0xDF, 0xC7, 0x2A, 0x28, 0x0B, 0xC8,
    0xC3, 0x1F, 0xC6, 0xD3, 0xC6, 0xD8, 0x9F, 0x21, 0xDC, 0x5F, 0x96, 0xC4, 0x41, 0x6C, 0x6B, 0xCB,
    0x01, 0x71, 0x7B, 0x0C, 0xE2, 0x8C, 0xB8, 0xE9, 0xF9, 0x18, 0xBB, 0x09, 0xAB, 0x6D, 0x94, 0xDD,
    0x7C, 0xEE, 0xC4, 0xD9, 0x56, 0x0B, 0x96, 0x06, 0xCE, 0x97, 0x65, 0x7A, 0x1A, 0x98, 0x3F, 0xA1,
    0x4E, 0x21, 0xCC, 0x56, 0xC2, 0x5C, 0xED, 0xCF, 0xC6, 0x2B, 0x2E, 0x94, 0xDB, 0xE8, 0x1E, 0x8A,
    0x98, 0xF2, 0x81, 0xF6, 0xCC, 0x36, 0x32, 0x9E, 0x68, 0x02, 0x26, 0x72, 0x9E, 0x91, 0xB3, 0x56,
    0x61, 0xCE, 0xF1, 0x82, 0x9C, 0x29, 0xE6, 0x3C, 0x35, 0xD1, 0x5E, 0xB7, 0x74, 0x8F, 0xE1, 0x81,
    0xBA, 0x49, 0xDD, 0xA5, 0xD7, 0x0C, 0xBB, 0x78, 0x57, 0xF3, 0xCC, 0x8F, 0xF5, 0x09, 0x82, 0xCF,
    0x75, 0x10, 0x75, 0xF7, 0x61, 0xA1, 0x60, 0xF2, 0xFF, 0x36, 0x7A, 0x1F, 0x4A, 0xE8, 0xE4, 0x17,
    0x06, 0xA7, 0xE7, 0x0D, 0x4E, 0x01, 0x5E, 0xDE, 0x6D, 0xE5, 0x10, 0x8C, 0x3B, 0x0F, 0xBC, 0xDF,
    0xEE, 0x94, 0xA8, 0xBD, 0x63, 0x0B, 0x85, 0x8F, 0x22, 0xF1, 0xBF, 0x96, 0xD8, 0x36, 0xF9, 0xA6,
    0xC9, 0x85, 0xE9, 0x14, 0x3D, 0x4C, 0xE0, 0xF1, 0x65, 0x53, 0x10, 0x4E, 0xD1, 0xE0, 0xFC, 0xCD,
    0x20, 0xC3, 0xFC, 0x73, 0x5E, 0x07, 0xF2, 0x38, 0xB7, 0x3C, 0xCF, 0x50, 0x26, 0x38, 0xA2, 0x78,
    0x03, 0x81, 0xF3, 0x16, 0x46, 0x29, 0x72, 0xF0, 0xA6, 0x58, 0x5F, 0x35, 0x86, 0x52, 0x54, 0xAD,
    0x4F, 0xD5, 0x0A, 0xB2, 0x9E, 0x11, 0xD5, 0x23, 0xE6, 0xFD, 0xCE, 0x08, 0x0F, 0xDA, 0x5D, 0x5D,
    0xDD, 0xE1, 0xDD, 0x2E, 0xB1, 0x14, 0xE4, 0xC2, 0xFE, 0xB3, 0xE5, 0x07, 0xE8, 0xD8, 0x4B, 0x53,
    0x7E, 0x77, 0x83, 0xEB, 0x6F, 0xDA, 0x7D, 0xEA, 0x7D, 0x81, 0x10, 0xC2, 0x68, 0x0F, 0xA4, 0x6B,
    0x6F, 0x22, 0x34, 0xC4, 0xE3, 0x2E, 0xDB, 0x25, 0x1F, 0x8E, 0xEA, 0x22, 0x44, 0xF2, 0x34, 0x88,
    0x42, 0x05, 0xA1, 0xDE, 0xB4, 0x4A, 0x67, 0x1F, 0x62, 0x4C, 0x6C, 0xDE, 0xDC, 0xFD, 0x77, 0x19,
    0x76, 0xAE, 0xDE, 0xEE, 0xAA, 0x28, 0x22, 0xDD, 0xCF, 0x51, 0x12, 0xC4, 0x7F, 0xC3, 0x28, 0xB1,
    0x8F, 0xD4, 0x7D, 0xC2, 0x62, 0x73, 0xDC, 0x3E, 0x8A, 0x7B, 0x95, 0x5A, 0xBA, 0xAC, 0x4A, 0x49,
    0xF4, 0x86, 0x1D, 0xF6, 0x28, 0x86, 0x10, 0x6A, 0xE9, 0x3A, 0xF8, 0x08, 0x4F, 0x98, 0x84, 0x99,
    0xAD, 0xEE, 0x7B, 0xAB, 0x82, 0xAE, 0xAE, 0xD3, 0x58, 0x8E, 0xB9, 0x72, 0xE1, 0xF4, 0xAF, 0x3C,
    0x84, 0x5B, 0x78, 0x82, 0xE3, 0x03, 0x5F, 0x9F, 0x30, 0x5B, 0x5B, 0x66, 0x2C, 0xFF, 0x0B, 0xBD,
    0x59, 0xBD, 0x93, 0xDC, 0x48, 0x15, 0x7F, 0x92, 0xBC, 0x2B, 0x38, 0x15, 0xC8, 0x81, 0x97, 0x3A,
    0x7F, 0xD4, 0xEA, 0x02, 0x07, 0xBE, 0x2D, 0x76, 0x95, 0x10, 0x38, 0xD8, 0x5D, 0x35, 0xE5, 0x80,
    0xD4, 0x81, 0xF7, 0x82, 0xA3, 0x0A, 0x13, 0x5C, 0xE4, 0xC4, 0x97, 0x5C, 0x95, 0x0B, 0xD6, 0xAB,
    0xE6, 0x2E, 0x20, 0x20, 0x60, 0xFF, 0x04, 0x07, 0xBE, 0x2A, 0x6E, 0xA9, 0x62, 0xAF, 0x0A, 0x57,
    0xE1, 0x02, 0xDB, 0x6A, 0x93, 0x92, 0xE8, 0xE0, 0x0F, 0x38, 0x05, 0x7C, 0x14, 0x38, 0x40, 0x18,
    0xC1, 0x8D, 0x97, 0x19, 0x35, 0xBF, 0xF7, 0x5A, 0x33, 0xA3, 0x99, 0x5D, 0x9B, 0x2D, 0x3C, 0xA0,
    0x51, 0x3F, 0xB5, 0xFA, 0xE3, 0xF5, 0xEB, 0xF7, 0xDD, 0x9A, 0xEB, 0xF5, 0x2B, 0xAE, 0x73, 0x9E,
    0x5A, 0x0F, 0x75, 0xF4, 0x1D, 0xF2, 0x07, 0xE4, 0x35, 0x14, 0x8E, 0x68, 0xF5, 0x5F, 0xEA, 0xEA,
    0x73, 0x43, 0x35, 0x2D, 0xE0, 0xBE, 0x4E, 0xF4, 0x80, 0x68, 0x9D, 0x6E, 0x1D, 0x2A, 0x6B, 0x75,
    0xBD, 0x4A, 0xF5, 0x1D, 0xAA, 0xEF, 0x2D, 0x00, 0xF1, 0x3D, 0x22, 0x4F, 0x51, 0xA8, 0x69, 0x95,
    0x68, 0xEF, 0x40, 0x15, 0xD6, 0xAC, 0x07, 0x26, 0xBA, 0x66, 0xFC, 0x8F, 0x0C, 0x05, 0xAF, 0x7F,
    0xEB, 0xB5, 0x83, 0xFB, 0x99, 0x1D, 0xE0, 0x26, 0xA2, 0x7E, 0x3D, 0xB7, 0xD6, 0x36, 0x05, 0x83,
    0x95, 0x9D, 0x9D, 0x1D, 0x6C, 0x0F, 0x57, 0x86, 0x57, 0x2B, 0x80, 0x66, 0x2F, 0x69, 0xE3, 0x6B,
    0x30, 0xAD, 0xD1, 0x09, 0xD7, 0xAB, 0xC7, 0x5D, 0x5E, 0xA6, 0xDD, 0x58, 0xFD, 0x3F, 0xEF, 0x09,
    0x51, 0x5A, 0xC0, 0x94, 0x94, 0xB5, 0x83, 0x83, 0x03, 0x25, 0x6D, 0x52, 0xA3, 0xB7, 0xFC, 0x3A,
    0xD6, 0xEB, 0xB4, 0x4B, 0x8F, 0xC8, 0x92, 0x35, 0xB6, 0xCC, 0xCD, 0x05, 0x15, 0xE9, 0xAC, 0xCA,
    0xEA, 0xAC, 0x89, 0x6A, 0xAF, 0xF6, 0xAA, 0xC0, 0x24, 0x6A, 0x44, 0xFB, 0x84, 0xD6, 0x3A, 0xAB,
    0xD3, 0x26, 0x9C, 0xB4, 0x0E, 0xD1, 0x7A, 0x41, 0xE5, 0x98, 0x85, 0x99, 0xC0, 0xB0, 0x0B, 0x3D,
    0x89, 0xB5, 0x5F, 0xD3, 0x5B, 0xF8, 0x7D, 0xD7, 0xAF, 0xC3, 0x2A, 0xD6, 0x89, 0x5A, 0xA7, 0x4D,
    0xF4, 0x34, 0xE8, 0x6F, 0xC8, 0x7A, 0x23, 0xB2, 0x4F, 0xAD, 0xB6, 0x9F, 0x59, 0x83, 0x79, 0xFA,
    0x82, 0xDA, 0x00, 0xDE, 0x0B, 0x2A, 0xAB, 0x72, 0x93, 0xD5, 0x45, 0x95, 0x35, 0x79, 0x1D, 0xD5,
    0x49, 0xE5, 0xD5, 0x41, 0xC5, 0x6B, 0x04, 0x26, 0x04, 0x86, 0x94, 0x46, 0xDE, 0x80, 0xF6, 0x3D,
    0x8D, 0xB1, 0x89, 0xCA, 0xEA, 0xBC, 0xE4, 0xB1, 0x69, 0x93, 0xD5, 0x61, 0x1D, 0xF3, 0xD8, 0x72,
    0x3A, 0x76, 0x83, 0x86, 0x32, 0x56, 0x11, 0xE3, 0xE6, 0x35, 0x78, 0x2D, 0x59, 0x13, 0x6B, 0x33,
    0x0D, 0x4C, 0x0B, 0xD3, 0xC4, 0xB4, 0x31, 0x8D, 0x4C, 0x2B, 0xBD, 0x01, 0x1E, 0x25, 0x86, 0x28,
    0xEE, 0x17, 0xB4, 0x45, 0x5C, 0x14, 0x5D, 0x0F, 0xD5, 0xD9, 0xC2, 0x16, 0xAC, 0x37, 0xCD, 0x8D,
    0x48, 0xBD, 0x27, 0xFD, 0x3C, 0x3E, 0x2D, 0x51, 0x2A, 0xD4, 0xCB, 0x13, 0xE6, 0x77, 0x38, 0x7A,
    0x78, 0x26, 0x25, 0xE4, 0x42, 0xB3, 0x85, 0x2F, 0xA6, 0xE3, 0x18, 0x0D, 0x8A, 0x54, 0x84, 0xF5,
    0x9F, 0x1D, 0xCA, 0xFA, 0x1F, 0x47, 0xDF, 0x9C, 0x5D, 0x9F, 0xEB, 0x8C, 0x9F, 0x71, 0x04, 0x5D,
    0x61, 0xFC, 0x3C, 0x57, 0xE8, 0x2A, 0x27, 0xB8, 0x9E, 0x7C, 0xFB, 0x1D, 0xC1, 0xC1, 0x4F, 0x47,
    0x4B, 0x47, 0xDF, 0x78, 0x3D, 0xC6, 0x89, 0xCB, 0xFB, 0x25, 0xC5, 0xB6, 0x4C, 0x6D, 0x9D, 0xD9,
    0xC6, 0x59, 0x8E, 0xBB, 0xD1, 0x12, 0xDB, 0xCA, 0xB7, 0xAA, 0x23, 0xF7, 0x1B, 0xAC, 0x66, 0x78,
    0xC9, 0x1A, 0x56, 0x37, 0x85, 0xD2, 0xB0, 0xDA, 0x41, 0xC3, 0x46, 0x78, 0x96, 0x94, 0x8D, 0xD0,
    0x8E, 0xE5, 0xB7, 0x30, 0xEE, 0x2C, 0x4A, 0x0A, 0x89, 0x14, 0xF8, 0xF1, 0x9C, 0x94, 0xE8, 0x61,
    0x61, 0x82, 0x16, 0xC5, 0xF2, 0x33, 0x53, 0xDE, 0x90, 0x71, 0x6E, 0x88, 0x17, 0xDB, 0xB7, 0x3A,
    0x18, 0x51, 0x52, 0x5B, 0x0D, 0x87, 0x96, 0xD6, 0xDD, 0x5B, 0x4E, 0xFE, 0x90, 0xE2, 0xAA, 0x5B,
    0x7D, 0xA3, 0x87, 0xED, 0xD6, 0x81, 0xB6, 0xD6, 0x2C, 0xC4, 0xE5, 0xB9, 0xFB, 0x53, 0x22, 0x18,
    0x08, 0x70, 0x2E, 0xC2, 0x1B, 0x4D, 0xDD, 0x52, 0x0E, 0x13, 0x3B, 0xE9, 0x5E, 0x08, 0xD1, 0xC0,
    0xF3, 0xBD, 0x03, 0xFD, 0x3E, 0xD1, 0xE4, 0xFE, 0x60, 0x47, 0x2D, 0x10, 0xF9, 0xDA, 0x01, 0x64,
    0x39, 0xBD, 0x57, 0x76, 0x16, 0x46, 0x79, 0xFF, 0xF2, 0x6C, 0xC5, 0x11, 0x47, 0xAE, 0xF0, 0x9F,
    0xD0, 0x89, 0x5D, 0x57, 0x8F, 0xCD, 0x1E, 0x51, 0xE7, 0x56, 0x53, 0x9D, 0x91, 0xD7, 0x4D, 0xCB,
    0x54, 0xAA, 0x83, 0x4E, 0x27, 0x32, 0x4A, 0x4D, 0x68, 0xC6, 0xF5, 0xC4, 0xC4, 0x9D, 0xEF, 0xCB,
    0x51, 0x4F, 0x68, 0x5A, 0xDF, 0xEE, 0xD5, 0x77, 0x69, 0x3A, 0x77, 0x40, 0xD0, 0x25, 0x4F, 0x70,
    0xFE, 0xA0, 0x4E, 0x5A, 0xA2, 0x62, 0xC0, 0x6B, 0x5D, 0xAB, 0x9E, 0xDC, 0x34, 0xFE, 0x8B, 0x02,
    0x34, 0x64, 0xA1, 0x19, 0x86, 0x55, 0x58, 0xA5, 0x3A, 0xAA, 0x86, 0xF1, 0x87, 0x4D, 0x50, 0xC7,
    0x65, 0x6C, 0x7C, 0xDB, 0x24, 0x41, 0xE3, 0x37, 0xB1, 0x89, 0x4B, 0x5A, 0x51, 0xDB, 0x41, 0xED,
    0x0F, 0xB0, 0x3A, 0x53, 0xB5, 0x1B, 0xD6, 0xFE, 0x30, 0x35, 0x11, 0xD7, 0x07, 0xD3, 0xBA, 0x57,
    0x4F, 0xEB, 0x41, 0x35, 0xAD, 0x87, 0x66, 0x3A, 0x37, 0xD6, 0xA8, 0x3B, 0x9C, 0x94, 0x90, 0xDF,
    0xAD, 0x45, 0x04, 0xEA, 0x85, 0x86, 0x44, 0x0B, 0x73, 0x9E, 0x24, 0x26, 0x18, 0xE4, 0x24, 0xCC,
    0x49, 0xAD, 0xD0, 0xEC, 0x18, 0x89, 0xE8, 0xB6, 0xA4, 0x8E, 0x05, 0xAB, 0x3E, 0x7F, 0xE7, 0x79,
    0x3C, 0xCF, 0xE7, 0x79, 0x5E, 0xCF, 0xF3, 0x7B, 0x9E, 0xE7, 0xF3, 0x7C, 0x9F, 0xE7, 0xFD, 0x3C,
    0xFF, 0xE7, 0x65, 0x30, 0x2F, 0x07, 0x3A, 0x33, 0x2B, 0x0B, 0x1F, 0xFA, 0x96, 0xAA, 0x9E, 0x3C,
    0xFE, 0x38, 0x98, 0x91, 0x49, 0xAA, 0x1F, 0x53, 0x5F, 0x2E, 0x19, 0xB0, 0xF7, 0x65, 0x93, 0x03,
    0x7B, 0x5F, 0x3E, 0x4F, 0xC4, 0x7D, 0x4D, 0x65, 0xD4, 0xBD, 0x4F, 0xE4, 0xD4, 0x52, 0xA6, 0xFB,
    0xB2, 0x72, 0xEF, 0x53, 0x79, 0xB9, 0xF1, 0x53, 0x99, 0xB9, 0xF7, 0xA9, 0xDC, 0x64, 0xBD, 0x9E,
    0xEC, 0x98, 0x9E, 0xBE, 0xFC, 0x52, 0xF5, 0x98, 0x26, 0x32, 0x6C, 0x72, 0x8A, 0x7F, 0x3B, 0x98,
    0x91, 0xA3, 0x6F, 0xAB, 0x59, 0x59, 0xAE, 0xC0, 0x67, 0x23, 0xE8, 0xC5, 0x25, 0x78, 0x8A, 0xC0,
    0xB8, 0x8D, 0x40, 0x76, 0x95, 0xB8, 0x2D, 0xC5, 0xEA, 0x19, 0x56, 0xCC, 0x54, 0x82, 0x55, 0x12,
    0x75, 0x17, 0x0E, 0xF6, 0x11, 0xFA, 0x07, 0x18, 0x51, 0x63, 0x8C, 0xC3, 0xC3, 0xE3, 0xC0, 0x35,
    0x8C, 0xB4, 0xC4, 0x63, 0xE1, 0x54, 0x31, 0x7A, 0xC8, 0xE3, 0x11, 0x36, 0x31, 0x03, 0xD1, 0x1B,
    0x73, 0xFC, 0x8A, 0x67, 0xC1, 0x61, 0x61, 0x5E, 0x30, 0x16, 0x6D, 0xA6, 0x53, 0x83, 0x3D, 0x96,
    0x61, 0x19, 0x54, 0x18, 0x56, 0xB3, 0x8B, 0xCC, 0x74, 0x4B, 0x8C, 0x91, 0xB1, 0x30, 0xBE, 0xB0,
    0x4C, 0xA0, 0x1B, 0x9C, 0x04, 0x40, 0x23, 0x18, 0xC1, 0xA7, 0x7E, 0xE9, 0xE6, 0xB6, 0x48, 0x4F,
    0x31, 0x12, 0xFE, 0xDB, 0xAD, 0xC8, 0xA3, 0x1F, 0x13, 0x8F, 0xDF, 0x23, 0x9E, 0x91, 0x11, 0xCF,
    0x81, 0x9E, 0x60, 0x56, 0x4C, 0x3C, 0x2F, 0x1A, 0xAB, 0xEE, 0x97, 0xC4, 0xD7, 0x93, 0xB0, 0xB2,
    0x00, 0xFB, 0xBF, 0x30, 0xE4, 0xFF, 0xBD, 0xA2, 0xE0, 0xB3, 0x1A, 0x9C, 0x6F, 0x08, 0x19, 0x0F,
    0x38, 0xBC, 0x85, 0x9F, 0xD3, 0xB2, 0x55, 0x66, 0x28, 0x76, 0x13, 0xD4, 0x1C, 0x2A, 0x32, 0x43,
    0x85, 0xA2, 0x5C, 0x63, 0x71, 0x7E, 0x45, 0x23, 0xB3, 0x77, 0x8B, 0x85, 0x82, 0x88, 0xB4, 0x29,
    0x71, 0x08, 0xDA, 0x0A, 0xD3, 0x0B, 0x90, 0x3F, 0x23, 0x5E, 0x59, 0xBE, 0x41, 0x66, 0x80, 0x08,
    0x59, 0x72, 0xD7, 0xC6, 0xD8, 0x3A, 0x1E, 0x08, 0x2D, 0x3E, 0xC6, 0x80, 0x5A, 0xC4, 0xA3, 0xA0,
    0x4A, 0x0C, 0xDE, 0x62, 0x13, 0xD6, 0xE8, 0x83, 0x91, 0x70, 0xFC, 0x1A, 0xB2, 0x42, 0xCB, 0x32,
    0xB0, 0x4E, 0x36, 0x56, 0x64, 0x18, 0x4C, 0x38, 0x08, 0x92, 0xF0, 0xB6, 0xC7, 0x5D, 0xE7, 0x29,
    0xF9, 0xB1, 0xF1, 0xF7, 0x73, 0x15, 0x5A, 0x88, 0xA4, 0xD0, 0x98, 0x19, 0x37, 0x85, 0x0A, 0x20,
    0x94, 0x66, 0x83, 0xE2, 0xCF, 0x0D, 0xDB, 0x57, 0x16, 0x8A, 0xD1, 0x0D, 0x05, 0x2D, 0x66, 0xE5,
    0x62, 0x9B, 0x12, 0xA2, 0x81, 0x90, 0x3B, 0xD1, 0x81, 0x4E, 0x74, 0xBD, 0x87, 0x4E, 0x38, 0x21,
    0xC7, 0x5B, 0x50, 0x16, 0x56, 0x97, 0x98, 0x4E, 0xCF, 0x38, 0x65, 0x42, 0x9A, 0x90, 0x54, 0x59,
    0x99, 0xD4, 0x52, 0xA0, 0x28, 0xE9, 0x6C, 0x29, 0x93, 0x7E, 0xD1, 0x50, 0x5C, 0x1D, 0x4D, 0x8B,
    0xE2, 0x12, 0x4E, 0xCA, 0x12, 0xE7, 0xED, 0xDD, 0x15, 0x69, 0x64, 0x85, 0x8C, 0xB3, 0x4A, 0xA5,
    0xA4, 0x26, 0x9E, 0x3A, 0x06, 0xAF, 0x40, 0x46, 0x10, 0x21, 0x6B, 0xA2, 0xAC, 0xF2, 0x5A, 0xC4,
    0x6A, 0xCA, 0x15, 0xF6, 0x90, 0xC1, 0x5C, 0x9B, 0xD4, 0xBC, 0x11, 0x36, 0x48, 0x4C, 0xC2, 0x1A,
    0x19, 0x4C, 0x80, 0x79, 0x00, 0x19, 0x03, 0xC8, 0x2A, 0xF8, 0x1B, 0x6C, 0x3D, 0xF8, 0x02, 0x74,
    0x07, 0xB0, 0x76, 0xDE, 0x0E, 0x5B, 0x1C, 0x80, 0x3F, 0x0B, 0xBC, 0x59, 0xD7, 0x26, 0x6D, 0x11,
    0xEF, 0x36, 0x1E, 0x8E, 0x41, 0xD8, 0xF4, 0xF2, 0xDE, 0xFB, 0x9C, 0xF7, 0x36, 0x5C, 0xBB, 0x37,
    0x9E, 0xB3, 0x29, 0x50, 0x14, 0x8E, 0xA7, 0x40, 0x1D, 0xF9, 0x79, 0x97, 0x40, 0x2E, 0xDB, 0x0A,
    0x18, 0xD7, 0x7E, 0xFC, 0x53, 0xCE, 0x9F, 0xFD, 0x71, 0x46, 0xBF, 0x7C, 0xF8, 0x89, 0x8C, 0xBD,
    0x60, 0x8F, 0x78, 0xF9, 0x10, 0xED, 0x4C, 0x5F, 0x76, 0xB4, 0xF3, 0x2E, 0x52, 0x05, 0xD6, 0x1F,
    0x5E, 0xD4, 0xB9, 0xC3, 0x2D, 0x56, 0x45, 0x46, 0xA4, 0xAE, 0x38, 0x0A, 0x75, 0xA7, 0xC8, 0x92,
    0x0F, 0xC1, 0x3A, 0x71, 0x31, 0x81, 0x3E, 0xCB, 0x39, 0xE0, 0xA5, 0x23, 0x9E, 0x27, 0xE9, 0x7B,
    0xFA, 0xB2, 0x61, 0x0C, 0xA2, 0x66, 0xBC, 0xC1, 0x94, 0x87, 0x6C, 0xB1, 0xDE, 0x3F, 0xE2, 0x69,
    0x0D, 0x10, 0xF8, 0xC8, 0x87, 0x81, 0x0D, 0xA3, 0xF1, 0xC2, 0xD6, 0x01, 0x0C, 0x29, 0x89, 0x7D,
    0x88, 0x4B, 0x70, 0xF8, 0xBD, 0x31, 0x0F, 0xFC, 0x7A, 0xAE, 0xF2, 0x15, 0xAF, 0xFE, 0xB2, 0x54,
    0x12, 0x53, 0xE5, 0xCE, 0xF0, 0x07, 0x7F, 0x72, 0x19, 0x1F, 0xB8, 0xF0, 0xFB, 0x4E, 0xF0, 0xA3,
    0x6E, 0x56, 0x61, 0xF7, 0x5D, 0x90, 0x18, 0x3D, 0x73, 0x87, 0xA7, 0xB4, 0xAA, 0x5C, 0xE5, 0xAB,
    0x5E, 0xBD, 0xDA, 0x29, 0xC2, 0xDC, 0x12, 0x4B, 0xCA, 0x6F, 0xE8, 0x06, 0x63, 0x29, 0x9D, 0xC1,
    0xB8, 0x7D, 0x83, 0xB4, 0xCB, 0xA1, 0xB9, 0xEC, 0xD3, 0xAE, 0xAF, 0xF6, 0x82, 0xA7, 0xF0, 0x90,
    0x77, 0x12, 0x53, 0xFC, 0xEE, 0x47, 0xA3, 0x78, 0x74, 0xB5, 0x30, 0x17, 0xB1, 0xB6, 0x57, 0x14,
    0xAD, 0xA2, 0xDB, 0xD8, 0xFD, 0x32, 0x08, 0xF2, 0x0A, 0x10, 0x71, 0x11, 0x2A, 0x72, 0xFB, 0x8B,
    0xC3, 0xC1, 0xB2, 0xFD, 0xBE, 0xD5, 0xC5, 0x47, 0x3F, 0x1C, 0x46, 0x83, 0xAB, 0xB9, 0xD9, 0x0A,
    0xCD, 0xC3, 0xA0, 0xBC, 0x13, 0xE9, 0xB3, 0x90, 0x84, 0x27, 0x2C, 0x1C, 0x2F, 0x41, 0x1C, 0x4C,
    0x09, 0x33, 0x57, 0x76, 0x6E, 0xF4, 0x53, 0x5B, 0xDC, 0x6B, 0x07, 0x3F, 0x71, 0xEE, 0xE3, 0xB5,
    0x04, 0xB4, 0x88, 0x61, 0x6B, 0x07, 0x48, 0x14, 0x4D, 0x5E, 0xB2, 0xDF, 0xCA, 0xD5, 0x29, 0xEE,
    0xBF, 0x20, 0xCD, 0xD3, 0xA7, 0x1A, 0xA9, 0xC5, 0x10, 0xAD, 0xC9, 0xAC, 0xB9, 0x25, 0xC7, 0x6E,
    0x0F, 0x7A, 0x9B, 0x9D, 0xEA, 0x5E, 0x2B, 0x78, 0xD6, 0x29, 0x07, 0x53, 0x61, 0x78, 0x0B, 0xBD,
    0xC3, 0xA7, 0x6F, 0x5F, 0x70, 0x5C, 0xDB, 0x87, 0x51, 0xF1, 0xAA, 0x7F, 0x1D, 0x82, 0x92, 0xA8,
    0x0E, 0x87, 0x54, 0xE0, 0x17, 0x0C, 0x60, 0x6E, 0x99, 0x7E, 0x02, 0x87, 0x06, 0x57, 0x9C, 0x18,
    0xD8, 0xE0, 0x08, 0xD6, 0x98, 0x94, 0x67, 0xD8, 0xA8, 0x94, 0x1C, 0x62, 0xC4, 0xBA, 0xB8, 0xE2,
    0x8B, 0xEA, 0x83, 0x79, 0x01, 0x57, 0x32, 0xD3, 0x59, 0x04, 0x7C, 0x07, 0x25, 0x9C, 0x5A, 0xB5,
    0x5D, 0xA0, 0x60, 0x6F, 0x20, 0x9A, 0x9A, 0xF3, 0x11, 0x88, 0xFD, 0x43, 0x2B, 0x66, 0xDE, 0x09,
    0x42, 0x2A, 0xF5, 0x89, 0x95, 0x25, 0xAE, 0x5C, 0x3F, 0xE9, 0xA8, 0x8F, 0x50, 0x49, 0x7C, 0x42,
    0x71, 0xEB, 0x0A, 0x01, 0x8C, 0x3D, 0x1C, 0xF5, 0x2B, 0x93, 0xAE, 0xD9, 0x8B, 0x39, 0xE0, 0xB5,
    0xBC, 0x7D, 0xBF, 0xE5, 0xBD, 0x7B, 0x2D, 0x6F, 0xDC, 0x6B, 0x79, 0xD7, 0xDE, 0x88, 0xB7, 0xEC,
    0x8D, 0x64, 0xBF, 0x23, 0xEA, 0x20, 0x76, 0x3A, 0x14, 0x54, 0x43, 0xD9, 0xE3, 0x50, 0x36, 0x38,
    0x94, 0xDD, 0x0D, 0x65, 0x6B, 0xEE, 0x38, 0xF4, 0x48, 0x28, 0xEF, 0xC3, 0x87, 0x02, 0xEF, 0xC8,
    0x46, 0xCE, 0x1D, 0xA3, 0xFF, 0x21, 0x53, 0xE8, 0xB7, 0x4C, 0x30, 0x62, 0x0E, 0xA0, 0x6F, 0xB9,
    0xC5, 0x73, 0x56, 0x7D, 0x76, 0x9C, 0xF8, 0x95, 0x5E, 0xD1, 0xF2, 0x01, 0x2E, 0x6E, 0x0B, 0x04,
    0xB1, 0x32, 0xAD, 0x10, 0x22, 0xE1, 0xBE, 0x35, 0x28, 0x4B, 0xF9, 0xD4, 0xC5, 0xB1, 0x1F, 0x9A,
    0x5B, 0xE0, 0xB1, 0xE4, 0x1E, 0xCC, 0x78, 0x77, 0x88, 0xB4, 0xF2, 0x80, 0x28, 0x12, 0xC7, 0x0B,
    0xCE, 0x55, 0xE3, 0x46, 0x0E, 0x9B, 0x99, 0x84, 0x55, 0x2C, 0xC9, 0x0F, 0x76, 0xD1, 0x30, 0x01,
    0xF6, 0x98, 0x27, 0x3E, 0x96, 0x8E, 0x39, 0x7A, 0x89, 0x3B, 0x72, 0x72, 0x05, 0xA2, 0x04, 0xD2,
    0xCA, 0x2A, 0x9C, 0x10, 0x27, 0x0F, 0x8E, 0xF3, 0xE5, 0xEC, 0xF0, 0x6D, 0xE5, 0xBD, 0x6B, 0xD8,
    0xFB, 0x3B, 0x10, 0x31, 0xA0, 0x9D, 0x1B, 0x92, 0xA4, 0x8A, 0xF9, 0x49, 0xE2, 0x90, 0x52, 0x97,
    0x63, 0xD0, 0xF6, 0xC4, 0x1A, 0x77, 0x27, 0x26, 0x39, 0x18, 0x03, 0x91, 0xBD, 0xB8, 0x34, 0x67,
    0xC8, 0xD5, 0xD8, 0x9A, 0xC3, 0xA9, 0x49, 0x0B, 0x38, 0x01, 0xFB, 0x9A, 0x44, 0xA2, 0x4F, 0x94,
    0xFB, 0x0A, 0x45, 0xE1, 0x8B, 0x9B, 0x1C, 0x3D, 0x9A, 0x98, 0x3F, 0x3C, 0x31, 0x54, 0x02, 0xF5,
    0x4B, 0xA0, 0xEA, 0x8D, 0x14, 0xE8, 0xE6, 0x36, 0x0C, 0x0F, 0xD8, 0xFB, 0x3B, 0xCD, 0x5E, 0x30,
    0x14, 0x75, 0xE7, 0xCD, 0x5C, 0x6C, 0xE2, 0x3F, 0x40, 0xC7, 0xB1, 0xE2, 0x84, 0xB1, 0xFC, 0x09,
    0x8D, 0x43, 0xA0, 0x8D, 0xED, 0xD1, 0x61, 0x85, 0xD3, 0x3F, 0xF2, 0x38, 0x00, 0x38, 0xA3, 0x97,
    0x00, 0xE9, 0x4D, 0x2D, 0xE7, 0xC6, 0x98, 0x75, 0xE4, 0xF1, 0x5C, 0x46, 0x22, 0x0C, 0xA9, 0xC2,
    0xA3, 0x43, 0x44, 0x59, 0x2C, 0x30, 0x64, 0xD0, 0xBA, 0x8D, 0x1E, 0x07, 0xD2, 0x31, 0xF2, 0x78,
    0xDC, 0x6D, 0xE6, 0x63, 0x2E, 0xDF, 0xB8, 0xFC, 0x7D, 0x27, 0x0C, 0x94, 0x4B, 0x41, 0x79, 0x29,
    0xFB, 0xD0, 0x8C, 0xF2, 0xE7, 0xBF, 0xB1, 0xCB, 0x1C, 0xB3, 0x92, 0x01, 0x67, 0x23, 0x3A, 0x3B,
    0xFA, 0xBC, 0xCD, 0x7E, 0xFD, 0xB4, 0x5D, 0x0F, 0xCA, 0xAF, 0x8B, 0xCC, 0xBA, 0xF1, 0x1E, 0xE7,
    0x4D, 0x15, 0xFF, 0x22, 0x7D, 0x92, 0xC9, 0x47, 0x1A, 0xE9, 0x0D, 0xFF, 0xF4, 0x16, 0xE2, 0x77,
    0xCC, 0x53, 0x87, 0xF4, 0x66, 0x2F, 0xCF, 0xE1, 0x18, 0x98, 0xB8, 0x4C, 0xA0, 0x10, 0x07, 0x8B,
    0x64, 0x97, 0x33, 0xB4, 0x2E, 0xC0, 0xB1, 0xC9, 0x41, 0xA9, 0x44, 0xA3, 0x62, 0x45, 0xFF, 0xBB,
    0x6B, 0xDD, 0xA5, 0x1B, 0xA9, 0x53, 0xB8, 0xD8, 0x85, 0x3C, 0x24, 0xB2, 0x52, 0x10, 0x3A, 0xE5,
    0x73, 0x55, 0x7B, 0xD8, 0xBA, 0x58, 0x2E, 0xA9, 0x9A, 0x77, 0x43, 0x3C, 0xD3, 0x7F, 0xCF, 0x3C,
    0x7A, 0xCD, 0xF9, 0x61, 0xB9, 0x1A, 0xD7, 0x1B, 0x71, 0xBD, 0x19, 0xD7, 0xBB, 0xBE, 0x7E, 0xC0,
    0xFE, 0x17, 0xD6, 0xC5, 0x39, 0x8C, 0xE1, 0xCF, 0xC3, 0xE0, 0x57, 0x2C, 0x59, 0xD3, 0x96, 0xA4,
    0x6B, 0x0F, 0xD9, 0x75, 0xA3, 0x1F, 0xD9, 0x1E, 0xF7, 0x1B, 0xF6, 0x03, 0x31, 0xA9, 0x24, 0xAC,
    0xD7, 0xA3, 0xC1, 0x66, 0xD4, 0xEC, 0x4A, 0xD2, 0xEC, 0xDF, 0xA3, 0x65, 0x1D, 0xB7, 0xFC, 0xCD,
    0xB2, 0x30, 0x91, 0x46, 0x63, 0x4C, 0x0F, 0xBD, 0x36, 0xC7, 0xDC, 0x0C, 0xBA, 0x45, 0x51, 0xEF,
    0xF8, 0x8A, 0x14, 0xA2, 0xED, 0xA7, 0x72, 0xF9, 0x9F, 0xAF, 0xBF, 0x53, 0xC0, 0x23, 0xBE, 0xE0,
    0x6C, 0xAF, 0x71, 0x06, 0x7D, 0x62, 0x2A, 0x77, 0xBF, 0x8B, 0x23, 0x9E, 0x69, 0xAE, 0x20, 0xE3,
    0xAE, 0x71, 0x8E, 0x69, 0x6A, 0x60, 0x78, 0xF4, 0x73, 0x4E, 0xFE, 0x7F, 0xA5, 0xE9, 0xED, 0x6F,
    0x8D, 0xBE, 0xB6, 0xCF, 0x1E, 0xA7, 0xCC, 0x9E, 0xB5, 0x87, 0x25, 0x72, 0x61, 0x56, 0x83, 0x5F,
    0x94, 0x38, 0x0B, 0x3C, 0x1F, 0x40, 0x3D, 0x6A, 0x78, 0x7F, 0xD3, 0x60, 0x53, 0xAA, 0x71, 0x07,
    0x04, 0x72, 0x07, 0x5E, 0x92, 0x43, 0x26, 0x02, 0xE8, 0x18, 0xE4, 0x66, 0x9C, 0x38, 0x76, 0xD7,
    0x79, 0xEA, 0xC2, 0x1D, 0x49, 0x7C, 0x15, 0x20, 0xAF, 0xE7, 0x8F, 0xA9, 0x84, 0x4C, 0x9B, 0xA2,
    0x12, 0x90, 0xA9, 0xEE, 0x30, 0x98, 0x5F, 0x1B, 0x70, 0xCA, 0x5E, 0x84, 0x4D, 0xA6, 0xE3, 0xB2,
    0x0D, 0x6B, 0x3E, 0xBB, 0x0F, 0x23, 0x1C, 0x5B, 0x13, 0x35, 0x88, 0xCD, 0x63, 0x4A, 0xD9, 0xF4,
    0x71, 0x8C, 0xC4, 0x67, 0x62, 0x6C, 0x75, 0xD3, 0x2F, 0x57, 0xF9, 0x30, 0x19, 0x98, 0x75, 0xAF,
    0xC7, 0xC1, 0x33, 0x2E, 0x13, 0x14, 0xE8, 0xE2, 0x7D, 0x07, 0x15, 0xCD, 0xD1, 0x3D, 0xA6, 0xFD,
    0x4D, 0xA1, 0xD6, 0x2A, 0x1E, 0x87, 0x2F, 0xB3, 0x02, 0x5D, 0x8B, 0xEB, 0x3D, 0x61, 0x0B, 0x1D,
    0xB6, 0x3E, 0xFE, 0x7C, 0x86, 0x82, 0x33, 0x9C, 0xDE, 0x80, 0x8A, 0x3E, 0x4E, 0x81, 0x6A, 0x83,
    0x66, 0xBE, 0x77, 0x4C, 0x39, 0xE8, 0x78, 0x36, 0x83, 0xD3, 0xB5, 0x9C, 0x3F, 0x81, 0x82, 0x0D,
    0x87, 0x79, 0x86, 0x66, 0xB7, 0xE2, 0xF4, 0x43, 0x06, 0xDA, 0xF1, 0xC5, 0x79, 0xFB, 0x14, 0x96,
    0xFA, 0x36, 0x1C, 0x05, 0x63, 0xC9, 0xD5, 0x99, 0xDE, 0xFC, 0x63, 0x1C, 0x14, 0xB8, 0x77, 0x4A,
    0xEB, 0xDF, 0x96, 0xB1, 0x1D, 0x95, 0x66, 0xBA, 0xFF, 0x7C, 0x86, 0x57, 0xAF, 0xBE, 0xFE, 0x33,
    0xAF, 0xDD, 0xB5, 0x07, 0x63, 0x7C, 0x82, 0x20, 0xBF, 0xC9, 0xFF, 0x1B, 0x28, 0x86, 0x85, 0xD4,
    0xCF, 0x01, 0x9E, 0x9B, 0x9C, 0xAC, 0xFA, 0x90, 0xBD, 0x9F, 0xFC, 0x33, 0xD2, 0xC1, 0x93, 0xC6,
    0x6C, 0x8A, 0xF4, 0x37, 0xE9, 0x4A, 0x87, 0xCD, 0x61, 0x76, 0xAB, 0xF0, 0x8A, 0x77, 0x5F, 0xCA,
    0xE5, 0xED, 0xAE, 0x35, 0x7F, 0x05, 0x97, 0x67, 0x67, 0x8E, 0xFB, 0x8A, 0x4E, 0x02, 0xE3, 0xDE,
    0x8D, 0x63, 0x33, 0xF9, 0xCB, 0xE7, 0x91, 0xEE, 0x7F, 0xAE, 0x5C, 0xF9, 0x87, 0x5A, 0xE8, 0x37,
    0xDB, 0xF2, 0x7D, 0x9A, 0xDE, 0x1F, 0x2C, 0xEE, 0xB3, 0x2A, 0xD2, 0xF5, 0xD4, 0x6A, 0x04, 0xEC,
    0xA8, 0xE5, 0x1C, 0x8C, 0xA3, 0xD2, 0x02, 0x3F, 0x91, 0x4B, 0xAE, 0x8C, 0x74, 0x08, 0x98, 0x91,
    0xF5, 0x62, 0x95, 0x94, 0xFF, 0x6F, 0x5A, 0xD8, 0x1F, 0x8F, 0xA0, 0x36, 0xFA, 0x19, 0xE1, 0xBF,
    0xCD, 0x4D, 0x1C, 0xD0, 0x6F, 0x4A, 0x3E, 0xBD, 0x20, 0xCA, 0xF3, 0x8A, 0xD6, 0x66, 0x5B, 0x16,
    0x28, 0xD0, 0x7F, 0x03, 0xED, 0x56, 0xBF, 0x8F, 0xE3, 0x44, 0x18, 0x7D, 0xB6, 0x51, 0x46, 0x5A,
    0x0B, 0xB9, 0x21, 0xCD, 0xC1, 0xE1, 0x16, 0x2D, 0xBB, 0x19, 0x8A, 0x2B, 0x28, 0x72, 0xF1, 0xDC,
    0xFD, 0x05, 0x14, 0x67, 0x28, 0xA9, 0x49, 0x13, 0x4A, 0x84, 0x72, 0x6B, 0x43, 0x43, 0x9B, 0x8A,
    0xE6, 0x0A, 0x52, 0xA4, 0xC8, 0xF9, 0x90, 0x00, 0x69, 0x8B, 0x14, 0x49, 0x6C, 0x51, 0xD0, 0x50,
    0x60, 0x21, 0x51, 0x21, 0x84, 0x25, 0x42, 0x73, 0x2B, 0xC1, 0x08, 0x19, 0xC9, 0xE8, 0x9C, 0x98,
    0x37, 0xDE, 0x2C, 0xDC, 0x0F, 0xD8, 0x2B, 0xA0, 0x3C, 0x4F, 0x9E, 0x33, 0x9E, 0x19, 0x7F, 0xDF,
    0x7C, 0xEF, 0x7B, 0xDF, 0x24, 0x48, 0x63, 0x88, 0x07, 0x25, 0xBC, 0xAC, 0x46, 0xA0, 0x22, 0x04,
    0x6C, 0xBC, 0xAB, 0x14, 0x41, 0xFC, 0x38, 0xCC, 0xB8, 0x99, 0x97, 0xEA, 0xA4, 0x5D, 0x2F, 0x1A,
    0x0D, 0x0C, 0x15, 0x9C, 0x58, 0xE4, 0x4E, 0x06, 0x5E, 0x41, 0xE6, 0x66, 0xCE, 0x63, 0x4D, 0xE4,
    0xD1, 0x96, 0x53, 0xD6, 0x0C, 0x70, 0x2A, 0xC0, 0x23, 0x24, 0xF1, 0x3E, 0xF1, 0x5B, 0x05, 0xFB,
    0xDB, 0x0A, 0xE2, 0xC3, 0x0A, 0x9E, 0x5D, 0xE1, 0x88, 0x88, 0x9A, 0x46, 0x0F, 0xEF, 0xED, 0xA6,
    0x60, 0xBF, 0x85, 0x53, 0xD3, 0x6C, 0x13, 0xA3, 0x1B, 0xAA, 0x83, 0x64, 0x0E, 0xAF, 0xD9, 0xB6,
    0xB8, 0x8A, 0xE7, 0xF1, 0x12, 0x9E, 0x23, 0x80, 0x23, 0x42, 0x36, 0x05, 0x7A, 0x6F, 0x19, 0x47,
    0xA9, 0xD9, 0x87, 0x32, 0x38, 0x22, 0xC6, 0x8C, 0x26, 0xB2, 0x76, 0x9C, 0xA7, 0xAF, 0x84, 0xC3,
    0x72, 0x03, 0x7B, 0xB7, 0x83, 0xC8, 0x03, 0xC6, 0x30, 0x80, 0x8C, 0x5F, 0x38, 0x5F, 0x7D, 0x45,
    0xD1, 0x4D, 0xC5, 0x28, 0xD7, 0x2D, 0x07, 0x81, 0x89, 0x55, 0x49, 0xB6, 0x40, 0xF9, 0x59, 0x00,
    0x37, 0x5F, 0xC3, 0xE6, 0x3C, 0x86, 0x31, 0x0E, 0x93, 0x84, 0x6B, 0x9B, 0x16, 0xAF, 0xE3, 0x65,
    0x5C, 0xC3, 0x31, 0x7D, 0xF6, 0x89, 0x53, 0x82, 0x9C, 0xD8, 0x05, 0xF7, 0x4D, 0x42, 0x04, 0xE1,
    0xD1, 0xB8, 0xCF, 0xE1, 0x01, 0x31, 0x26, 0x16, 0xC4, 0x1B, 0xA4, 0x23, 0x9D, 0xC0, 0x7B, 0x50,
    0xD3, 0xFF, 0xFA, 0x9C, 0x55, 0x83, 0xEC, 0x36, 0xFC, 0xDF, 0xC9, 0x47, 0x93, 0xC3, 0x6A, 0x4A,
    0xB8, 0xDF, 0xEF, 0x4C, 0x26, 0x4C, 0x56, 0xC8, 0xBD, 0x34, 0x50, 0xA6, 0x67, 0xDE, 0xB3, 0x92,
    0x09, 0xAC, 0xB5, 0x22, 0x17, 0x1A, 0xF2, 0x06, 0x73, 0x87, 0x2D, 0x4E, 0xD8, 0xD6, 0x26, 0xDE,
    0x7D, 0x04, 0xF2, 0x83, 0x06, 0x2E, 0xF7, 0x88, 0x5B, 0x11, 0x9D, 0x1A, 0xAC, 0xB8, 0xD7, 0x1A,
    0x7D, 0xA7, 0x84, 0x4F, 0x1F, 0x9D, 0xBB, 0x7B, 0xF2, 0x8E, 0x1F, 0x45, 0xB2, 0x4E, 0x54, 0xD3,
    0x90, 0xF3, 0xE3, 0x27, 0xE7, 0x48, 0x39, 0x92, 0x64, 0x3F, 0xCF, 0x2B, 0x0C, 0x43, 0x5C, 0xF4,
    0x1F, 0xBE, 0xD2, 0xA6, 0x51, 0x06, 0x30, 0xD1, 0xAF, 0x9C, 0xD2, 0xCB, 0xC9, 0xA2, 0x0A, 0xDA,
    0xDD, 0x45, 0xCC, 0x51, 0xBA, 0xEF, 0x71, 0x9F, 0xB1, 0x9F, 0xB9, 0xDA, 0xAE, 0xF9, 0xD0, 0x31,
    0x0C, 0x46, 0xF0, 0x73, 0xA1, 0x99, 0xFA, 0x9A, 0x21, 0x6D, 0x19, 0xD0, 0x45, 0xDB, 0xF1, 0xA9,
    0xB6, 0x6A, 0xA7, 0x74, 0x0B, 0x19, 0xAF, 0x30, 0x69, 0xFD, 0x04, 0x1F, 0x6D, 0xE1, 0xFE, 0x30,
    0x52, 0x8E, 0xA6, 0xF2, 0x72, 0xF1, 0x84, 0xFA, 0xFE, 0x56, 0xA1, 0x93, 0x07, 0xB5, 0x11, 0xA0,
    0xD9, 0xDC, 0x7F, 0xD7, 0x3C, 0x0E, 0xC8, 0xA8, 0x12, 0x8D, 0x8A, 0x22, 0xF5, 0x0A, 0x05, 0x74,
    0xE9, 0x47, 0x36, 0xDB, 0x6E, 0x18, 0xDA, 0xCD, 0x04, 0xFE, 0x59, 0xD5, 0xA6, 0x2A, 0x60, 0x34,
    0x57, 0x18, 0x13, 0x60, 0x24, 0x4B, 0x89, 0x5B, 0x46, 0xEA, 0x34, 0xED, 0x52, 0x32, 0xBD, 0x73,
    0x99, 0x30, 0x1C, 0xAA, 0xC7, 0x6D, 0x65, 0xC6, 0xB2, 0x60, 0x05, 0x84, 0x94, 0x60, 0x0C, 0x69,
    0x6C, 0x58, 0x5B, 0x2A, 0x6A, 0xC7, 0x8C, 0xEC, 0xDF, 0x67, 0x4A, 0xAD, 0xCF, 0x62, 0xCA, 0x26,
    0xA7, 0xFC, 0x2E, 0xCA, 0x20, 0x62, 0xBA, 0x23, 0xBC, 0xC7, 0xFE, 0x09, 0xD7, 0x4B, 0x4A, 0xAA,
    0x2D, 0x81, 0x67, 0xA5, 0xF8, 0xAC, 0x14, 0xFF, 0xE7, 0x52, 0xB4, 0xEE, 0xC2, 0xBF, 0x93, 0xF7,
    0x2C, 0x7D, 0xD5, 0x90, 0xAE, 0xF1, 0xA6, 0xF6, 0xEF, 0xEB, 0xDB, 0xD0, 0x0B, 0xE8, 0xCA, 0xD2,
    0x4B, 0x47, 0x07, 0x9F, 0x56, 0x6E, 0xF1, 0x0E, 0x97, 0x79, 0x67, 0x66, 0x59, 0x1F, 0xD5, 0x18,
    0x8B, 0x55, 0x58, 0xAF, 0x93, 0xF9, 0xB2, 0xCD, 0x06, 0x73, 0x26, 0xF1, 0x9A, 0x77, 0x5F, 0x93,
    0x4A, 0x2B, 0x51, 0xEE, 0x59, 0xD1, 0xC3, 0xA2, 0x8F, 0xFE, 0x18, 0x83, 0x25, 0x7A, 0x0B, 0xF4,
    0x78, 0x67, 0xBF, 0x8F, 0xEB, 0x3D, 0x8C, 0xBD, 0x8F, 0xCD, 0xB2, 0xEE, 0xAD, 0x50, 0xC9, 0x32,
    0x8D, 0x9D, 0xFC, 0x08, 0x96, 0x7E, 0x17, 0x58, 0x52, 0xFC, 0x32, 0x3E, 0x4F, 0xF4, 0xAB, 0xEC,
    0x7F, 0xA1, 0x61, 0x65, 0x4B, 0x08, 0x35, 0xC0, 0x68, 0x12, 0xE5, 0xC9, 0x34, 0x99, 0x76, 0xE6,
    0x90, 0x69, 0x7C, 0xCD, 0x29, 0x5A, 0x75, 0x94, 0x14, 0xC1, 0x30, 0xA9, 0x76, 0x49, 0xB5, 0x40,
    0xB5, 0x44, 0x79, 0xDD, 0xD6, 0xFE, 0x9D, 0xCC, 0xFE, 0xA3, 0xAD, 0x70, 0xB9, 0x97, 0xCD, 0x5F,
    0xF8, 0x72, 0x06, 0xF1, 0x63, 0x03, 0xA1, 0x3D, 0x25, 0xF8, 0x43, 0x27, 0x2E, 0x69, 0xFE, 0x46,
    0x6C, 0x86, 0xF3, 0xCE, 0xEC, 0x1F, 0xED, 0x64, 0x21, 0xDF, 0x4F, 0x63, 0x91, 0xF5, 0xD9, 0xFF,
    0x9C, 0x76, 0x33, 0x88, 0xAF, 0x15, 0xC4, 0xAF, 0xFC, 0xFE, 0x49, 0x73, 0x8C, 0xBA, 0xA3, 0xFE,
    0x04, 0xB5, 0xEE, 0x6F, 0xBC, 0x7C, 0x38, 0xB7, 0xA6, 0x43, 0x35, 0x7A, 0x8A, 0xBF, 0xE1, 0xBC,
    0x7B, 0x73, 0xD6, 0x99, 0x42, 0x7E, 0xD3, 0xC8, 0x2D, 0x8F, 0x12, 0xAF, 0x90, 0x70, 0x0A, 0x37,
    0xF3, 0x94, 0x39, 0x16, 0x79, 0xCF, 0x9E, 0x7E, 0xF7, 0x4B, 0x41, 0x7F, 0x87, 0xDC, 0xF7, 0xC1,
    0xB4, 0x7B, 0x63, 0x66, 0x6C, 0x19, 0x4B, 0xF1, 0x65, 0x07, 0xAB, 0x69, 0x7E, 0xE9, 0x6C, 0x0E,
    0xE7, 0xF6, 0x3C, 0xBC, 0x39, 0xC3, 0xE8, 0x93, 0x96, 0x21, 0x73, 0xE0, 0xD2, 0x66, 0xFB, 0x66,
    0xF1, 0x10, 0xF2, 0x76, 0x9C, 0x87, 0xB5, 0xF8, 0x25, 0x85, 0xF8, 0xAA, 0x7A, 0x84, 0x19, 0x97,
    0x39, 0x4B, 0x79, 0xC8, 0x74, 0x66, 0x18, 0x8C, 0x70, 0xEA, 0xAA, 0xD3, 0x0E, 0xA8, 0x8E, 0x20,
    0x87, 0xBB, 0x35, 0xC7, 0x2D, 0x4F, 0xC7, 0xA9, 0x93, 0x69, 0x11, 0xAF, 0xDE, 0xC6, 0x8B, 0x1B,
    0xA3, 0x6D, 0x3B, 0xE6, 0xBF, 0x0F, 0xF8, 0xDF, 0x21, 0xDA, 0xC1, 0x8D, 0xFF, 0xE5, 0x93, 0xC1,
    0xF9, 0x99, 0x15, 0x8A, 0x3F, 0x01, 0xA5, 0x58, 0x3D, 0x8C, 0xDD, 0xC6, 0x11, 0x1E, 0x3E, 0x5A,
    0x22, 0x6C, 0x22, 0xA0, 0x0B, 0x39, 0x85, 0x85, 0x98, 0x29, 0x5C, 0x24, 0x8E, 0x24, 0xA6, 0x70,
    0x71, 0xC5, 0xBB, 0x23, 0x63, 0x17, 0x2E, 0x52, 0xE4, 0x0A, 0x9F, 0x53, 0xB8, 0x50, 0xDA, 0xD8,
    0x81, 0xAF, 0x51, 0x71, 0x49, 0x64, 0x91, 0x81, 0x80, 0xB8, 0x48, 0x61, 0x35, 0xA9, 0xAD, 0xC2,
    0x06, 0x82, 0xE7, 0xE2, 0xAE, 0x08, 0x02, 0x05, 0xD0, 0x99, 0xB4, 0x0D, 0xD8, 0x45, 0x0A, 0x53,
    0x30, 0x94, 0x14, 0x06, 0x62, 0x3A, 0x51, 0xFE, 0x2E, 0x85, 0xA8, 0x98, 0x89, 0xA9, 0x13, 0xC9,
    0xCD, 0xF7, 0xCD, 0x92, 0x4F, 0x77, 0x92, 0x85, 0xC8, 0xCE, 0x03, 0xEE, 0x9B, 0x39, 0x72, 0x97,
    0xBB, 0x3B, 0x3B, 0xF3, 0xCD, 0xEC, 0x8A, 0xE8, 0x2F, 0x34, 0x25, 0xD0, 0xBC, 0xD9, 0x88, 0xB8,
    0xCD, 0xAC, 0x13, 0x09, 0x4A, 0x01, 0x86, 0x85, 0x5C, 0x14, 0x89, 0x33, 0x36, 0x89, 0x93, 0xDB,
    0x98, 0xCA, 0xC6, 0xC6, 0x46, 0x92, 0x3A, 0xC6, 0x98, 0x32, 0x95, 0xB0, 0xF4, 0xAA, 0x38, 0x09,
    0x4A, 0xA7, 0x8A, 0x33, 0xF4, 0xAB, 0xA2, 0x02, 0x88, 0xFF, 0x81, 0xE2, 0x35, 0x44, 0x67, 0x38,
    0xFD, 0x97, 0x0D, 0x91, 0xC8, 0x98, 0x41, 0xF4, 0xDB, 0xF7, 0xC2, 0x27, 0x15, 0xCF, 0x28, 0x62,
    0x2E, 0x9B, 0x7B, 0x98, 0x11, 0x47, 0x81, 0x7E, 0x74, 0x86, 0xA1, 0x7D, 0x0F, 0x10, 0xF8, 0x6C,
    0xFC, 0x3D, 0x91, 0x99, 0x31, 0x17, 0xF0, 0xD1, 0xBC, 0x75, 0xCC, 0x8F, 0xC2, 0xDE, 0x6D, 0xE7,
    0xA7, 0x86, 0xA0, 0x9E, 0x9F, 0x18, 0xA2, 0x72, 0x65, 0x7E, 0x39, 0x2E, 0xCE, 0xAC, 0xAC, 0xA7,
    0xD9, 0xCE, 0x96, 0xE4, 0xD9, 0xCE, 0x19, 0xC9, 0x93, 0x7A, 0x47, 0x4C, 0x52, 0xD5, 0x62, 0xBE,
    0x53, 0x02, 0x9E, 0x2A, 0x2B, 0xC0, 0xDB, 0xA5, 0xE4, 0xE7, 0xDF, 0x29, 0x24, 0x7D, 0xF7, 0x7C,
    0x21, 0xF1, 0xFB, 0x80, 0xE8, 0x6F, 0x4F, 0x67, 0x12, 0x18, 0x2F, 0x79, 0xD0, 0x37, 0xBE, 0x9C,
    0x9A, 0x99, 0xD7, 0x60, 0x8E, 0x9C, 0x33, 0x08, 0x8D, 0xC9, 0xE4, 0xC4, 0xA9, 0x75, 0x91, 0xF9,
    0x49, 0x4C, 0x60, 0x7E, 0x02, 0xB0, 0x32, 0x97, 0x83, 0x3F, 0x27, 0x47, 0x93, 0x90, 0x8D, 0xF3,
    0xCC, 0xEB, 0x67, 0x3D, 0x16, 0xEE, 0x61, 0xEA, 0x98, 0x95, 0xC8, 0x6E, 0x84, 0x45, 0xFE, 0x20,
    0x2E, 0x68, 0x44, 0x42, 0x4A, 0xAB, 0xE6, 0x4F, 0x2D, 0xBC, 0xC6, 0x3C, 0x6D, 0xA2, 0xDE, 0x24,
    0xF1, 0x6F, 0x07, 0x93, 0x44, 0xD5, 0x65, 0x40, 0xB1, 0x4E, 0xC0, 0x9C, 0x09, 0x59, 0x94, 0x49,
    0x5A, 0x00, 0x62, 0x42, 0x54, 0x02, 0xC2, 0x1A, 0xE0, 0xB7, 0x51, 0xF6, 0x15, 0x77, 0x88, 0xB2,
    0x35, 0x31, 0xE6, 0xE7, 0x9D, 0xC4, 0x1C, 0xF7, 0x28, 0x27, 0x29, 0x47, 0xD6, 0x25, 0xA5, 0xD5,
    0x14, 0x9C, 0x01, 0xBB, 0x20, 0x30, 0x7C, 0x4B, 0xB8, 0xB4, 0x84, 0x33, 0x04, 0xB9, 0x37, 0xA0,
    0x6F, 0x42, 0xB8, 0xF3, 0xC5, 0x13, 0x66, 0x91, 0x71, 0xB0, 0xE2, 0x1E, 0xDD, 0xF0, 0xF7, 0x2D,
    0xB3, 0x27, 0x9C, 0xC1, 0x64, 0x97, 0xA3, 0xA6, 0xC5, 0xAA, 0x6F, 0xE9, 0xA7, 0xD2, 0xC2, 0xE9,
    0xE0, 0x58, 0x6E, 0x23, 0x41, 0xE1, 0xD6, 0x12, 0x64, 0x80, 0x23, 0x02, 0xA0, 0xEB, 0x01, 0x66,
    0x2D, 0x0D, 0xD9, 0xB1, 0x5B, 0x4F, 0x5B, 0x19, 0x53, 0x5B, 0xB0, 0xBE, 0x87, 0x85, 0xCB, 0x13,
    0xDB, 0x7B, 0x17, 0xC7, 0x67, 0x21, 0x4D, 0x19, 0xD0, 0x94, 0x21, 0xDF, 0xC6, 0xEC, 0x76, 0x56,
    0xE4, 0x01, 0xE7, 0xD6, 0x4D, 0x39, 0xE1, 0x1B, 0xB3, 0xDF, 0x45, 0xB7, 0xD0, 0xF0, 0x9B, 0x72,
    0x9C, 0xF3, 0x95, 0x63, 0x76, 0x3E, 0xCB, 0x5D, 0xFB, 0xF5, 0xA4, 0xD4, 0xD3, 0x0E, 0x56, 0x56,
    0xAC, 0xBB, 0x57, 0xB1, 0xD1, 0x79, 0x13, 0x63, 0x73, 0xB0, 0xAC, 0xCD, 0xD6, 0x98, 0x8F, 0xB8,
    0x64, 0xF7, 0x56, 0x19, 0x9A, 0x2C, 0xAA, 0xE0, 0x7B, 0xE2, 0x1B, 0xC1, 0xC6, 0xCE, 0x06, 0x71,
    0x7B, 0xF1, 0xA0, 0x74, 0xE2, 0x76, 0x34, 0xB5, 0x55, 0xDC, 0xFF, 0xA5, 0x78, 0x93, 0x12, 0xDC,
    0xA5, 0x44, 0x93, 0x12, 0x4F, 0xCA, 0x4F, 0x27, 0xE5, 0x53, 0x55, 0xDC, 0xDE, 0xF9, 0x54, 0x3F,
    0xB5, 0x6D, 0xFE, 0xF4, 0xA1, 0xB9, 0xE0, 0x9A, 0xCC, 0x98, 0xCF, 0xDE, 0x35, 0xB5, 0xCB, 0x38,
    0xF6, 0xB3, 0x71, 0x31, 0xC1, 0xB4, 0xBA, 0xC7, 0x26, 0x65, 0x55, 0x0E, 0xFF, 0x42, 0x4C, 0xDE,
    0xF4, 0x70, 0xD9, 0x84, 0x42, 0xB0, 0x40, 0x1A, 0x34, 0x2D, 0x25, 0x80, 0x35, 0xD3, 0xDA, 0x8A,
    0xC6, 0x8A, 0x4E, 0xC5, 0x4F, 0x7A, 0x15, 0x5B, 0xC6, 0x8A, 0x34, 0x81, 0x40, 0x78, 0xD0, 0x59,
    0x46, 0x21, 0x5B, 0x41, 0xAD, 0xEF, 0x10, 0xFB, 0x89, 0x6C, 0xEC, 0x3E, 0xDF, 0x9F, 0xFE, 0xE5,
    0xD4, 0xE4, 0x91, 0xDD, 0x0D, 0x73, 0x1A, 0x4C, 0xB0, 0x25, 0xE9, 0xAB, 0x6C, 0x22, 0xF1, 0x07,
    0x2A, 0xC2, 0xEB, 0x2A, 0x02, 0xA3, 0xC2, 0xB3, 0xC2, 0xA5, 0x38, 0x8B, 0xF8, 0x87, 0x80, 0x3F,
    0x40, 0x1C, 0x37, 0x17, 0x25, 0x4D, 0x10, 0xF2, 0x35, 0x9D, 0x01, 0xBB, 0x7B, 0x61, 0x74, 0x54,
    0x7A, 0x0A, 0x8D, 0x42, 0xE7, 0x17, 0xC4, 0x5D, 0x4C, 0x42, 0x71, 0x7A, 0xEE, 0x8F, 0x4A, 0xBF,
    0x19, 0x65, 0x6B, 0xA5, 0xB7, 0x94, 0x47, 0x46, 0x19, 0x8C, 0xED, 0x82, 0xB1, 0x5F, 0xA4, 0x32,
    0xAC, 0x62, 0x95, 0xF1, 0x7B, 0x70, 0x66, 0xA7, 0xFF, 0xEA, 0x10, 0x52, 0x32, 0xD0, 0x52, 0xB2,
    0xDA, 0x1B, 0xA2, 0xB2, 0x97, 0x2F, 0x25, 0x5D, 0x63, 0x09, 0x75, 0xDB, 0xFC, 0x03, 0x7E, 0xBD,
    0x27, 0xCA, 0x8E, 0xC1, 0x14, 0x34, 0xCF, 0x22, 0x80, 0x06, 0x5D, 0x9F, 0xC6, 0xB2, 0xF2, 0x2E,
    0x9C, 0x2E, 0xB5, 0x0E, 0x6A, 0xEC, 0x92, 0xA8, 0xB8, 0xDD, 0xA8, 0xCC, 0x96, 0x0A, 0x88, 0xE7,
    0x59, 0x2A, 0x18, 0x29, 0x82, 0x47, 0xF0, 0x89, 0xD3, 0x3F, 0xDF, 0x68, 0x1B, 0xB7, 0x46, 0x3B,
    0xF4, 0x6A, 0x7D, 0x52, 0xBC, 0x81, 0xE7, 0xFA, 0xE4, 0x5A, 0x83, 0x9D, 0xF7, 0xF9, 0x6D, 0xB3,
    0x50, 0xBE, 0xA0, 0x59, 0x6B, 0xBB, 0x05, 0x06, 0x56, 0x73, 0x18, 0xC1, 0x86, 0x43, 0xC5, 0xB0,
    0xB1, 0x81, 0xD3, 0x63, 0x97, 0x40, 0xA3, 0x1A, 0xEE, 0x29, 0xBF, 0x93, 0xC3, 0xF4, 0x5E, 0x0F,
    0x45, 0xD9, 0x6D, 0xE0, 0x07, 0x6B, 0xB0, 0xF5, 0x39, 0x28, 0x41, 0x83, 0x08, 0xA5, 0xE2, 0x75,
    0x41, 0x21, 0xBB, 0x0E, 0x46, 0x1F, 0x82, 0xCA, 0xE9, 0x5E, 0x34, 0x7F, 0x17, 0xF3, 0xE7, 0x61,
    0xB3, 0xCE, 0xB1, 0x81, 0x51, 0x9D, 0x9B, 0xD1, 0x71, 0x41, 0x5F, 0x11, 0x6D, 0xF1, 0x3A, 0xC6,
    0x1F, 0x54, 0x05, 0x1F, 0x50, 0x75, 0xE0, 0xA0, 0x5C, 0x65, 0x88, 0xED, 0xC5, 0x78, 0x88, 0x3B,
    0x90, 0x88, 0x52, 0xA9, 0x4B, 0xD3, 0x25, 0x4A, 0xAD, 0x1E, 0xA6, 0x14, 0x92, 0x29, 0x4A, 0xF1,
    0x73, 0x38, 0x0B, 0xDD, 0xBC, 0x92, 0x00, 0x59, 0x6C, 0x8D, 0x31, 0x01, 0xA7, 0x06, 0xAB, 0xAE,
    0x5A, 0xF5, 0x31, 0xB8, 0x3B, 0xE8, 0x82, 0xC6, 0x3C, 0x89, 0x94, 0x73, 0x89, 0x5E, 0xD4, 0xCA,
    0x3C, 0xA8, 0x98, 0x7D, 0x9E, 0x78, 0x73, 0x58, 0xBC, 0xB5, 0xBD, 0xBF, 0xD8, 0x5F, 0x90, 0x6C,
    0xC6, 0x5F, 0x82, 0x6D, 0x97, 0xC6, 0x6D, 0xDD, 0xCA, 0x32, 0x5E, 0x3D, 0x6B, 0x5D, 0xCD, 0x5E,
    0xC6, 0xC1, 0x8A, 0xDC, 0x42, 0xF7, 0xEB, 0xA9, 0x52, 0x7A, 0x1B, 0x85, 0x31, 0x52, 0xCA, 0x10,
    0xD8, 0xD4, 0xF9, 0x2E, 0xC8, 0xDC, 0x86, 0x64, 0xF4, 0x3E, 0x18, 0x34, 0xB4, 0x11, 0xF8, 0x51,
    0x22, 0xF1, 0x4B, 0x36, 0x5C, 0xAF, 0xE3, 0xCD, 0xAE, 0xAA, 0x3E, 0xD7, 0x60, 0xB7, 0xD3, 0xE3,
    0x22, 0x5B, 0x55, 0x69, 0xFE, 0xA0, 0x59, 0xAA, 0x1E, 0x9D, 0x1B, 0x89, 0x18, 0x06, 0x4B, 0x30,
    0xB3, 0x16, 0x49, 0xD3, 0x6C, 0x3C, 0x07, 0x73, 0x97, 0x03, 0x0D, 0xA1, 0x82, 0x59, 0x98, 0xA2,
    0x56, 0xE1, 0x5B, 0xE1, 0x51, 0x38, 0xBF, 0x52, 0x31, 0xEB, 0xEE, 0x5F, 0xF0, 0x73, 0x83, 0xB5,
    0xBF, 0x15, 0x85, 0x8A, 0xC8, 0x8A, 0x38, 0xA1, 0xC0, 0xE6, 0x0E, 0xC8, 0xCB, 0xA6, 0xB3, 0x82,
    0x0E, 0x7C, 0x74, 0xC1, 0xF5, 0x07, 0x4A, 0xC0, 0x92, 0x2B, 0x46, 0x4B, 0x74, 0xD5, 0xA6, 0xB3,
    0xD1, 0xC3, 0x6F, 0x3F, 0x7F, 0xF4, 0x22, 0x70, 0x66, 0x06, 0x6C, 0x50, 0x60, 0xF2, 0xD7, 0x40,
    0x4C, 0xD5, 0x0C, 0x5F, 0xC0, 0xFE, 0xE2, 0x0B, 0xE0, 0x80, 0x14, 0x8A, 0x6E, 0xB7, 0x99, 0x10,
    0xED, 0x87, 0xBB, 0xD0, 0x3E, 0xB7, 0x2D, 0x2D, 0xC6, 0xCC, 0xA6, 0xDA, 0x05, 0xDF, 0x6C, 0xBC,
    0x8F, 0x4B, 0x38, 0x8C, 0x09, 0xE8, 0x5B, 0x1D, 0xE9, 0xE7, 0x48, 0x72, 0x07, 0x45, 0x46, 0xBA,
    0x18, 0x8B, 0x47, 0x60, 0xED, 0x67, 0xA7, 0x17, 0x9B, 0x83, 0xCE, 0x1B, 0xAE, 0x55, 0x21, 0x40,
    0xA2, 0x02, 0x5B, 0x12, 0x33, 0x7B, 0xE5, 0xE2, 0xD4, 0x36, 0x15, 0xF6, 0x53, 0x26, 0xD3, 0xC8,
    0xD4, 0x38, 0x4D, 0xB9, 0x4F, 0x2F, 0x0E, 0x8B, 0xD7, 0xED, 0xBF, 0xD3, 0xB3, 0xC2, 0x82, 0xB6,
    0xBB, 0x9D, 0xFB, 0xEC, 0x57, 0x72, 0x75, 0x9E, 0xCC, 0x7A, 0xF4, 0xE3, 0xF4, 0x85, 0x4B, 0x1C,
    0xB7, 0x66, 0x47, 0x3C, 0x45, 0xA4, 0x83, 0x94, 0x92, 0xD8, 0x14, 0xA3, 0x90, 0xBC, 0x64, 0x6E,
    0xE1, 0x12, 0x19, 0xD0, 0x10, 0xCC, 0x8F, 0x5C, 0xB9, 0x2D, 0x3D, 0x2E, 0xAB, 0x98, 0xD5, 0x2A,
    0x3C, 0x5B, 0x8F, 0xD8, 0xE4, 0x59, 0xBC, 0xAC, 0x43, 0x15, 0x9C, 0x80, 0x12, 0x76, 0x3D, 0x09,
    0x89, 0xAF, 0xEB, 0xF6, 0xC5, 0x9D, 0xF2, 0x4F, 0x5C, 0x47, 0x8D, 0xB6, 0x0C, 0x3A, 0x15, 0x8C,
    0x3E, 0x08, 0x65, 0x6A, 0x6B, 0x59, 0x1D, 0xAF, 0x56, 0x11, 0xB6, 0x76, 0x2E, 0xBD, 0x26, 0x16,
    0x30, 0xCA, 0x71, 0xB3, 0x8F, 0x70, 0x69, 0x22, 0x6E, 0xF9, 0xF1, 0x56, 0x43, 0xAB, 0x1E, 0x31,
    0x41, 0x2D, 0x59, 0xAF, 0xC2, 0xBF, 0x9C, 0x7A, 0xCE, 0x28, 0x1F, 0x71, 0x85, 0xB8, 0x63, 0xE3,
    0x9E, 0xF8, 0x75, 0xE2, 0xEF, 0x9B, 0x65, 0xE1, 0x1A, 0x6A, 0x7C, 0xE4, 0xE5, 0xF2, 0xC1, 0x70,
    0xBA, 0x44, 0x6A, 0xBF, 0x18, 0xFE, 0xD3, 0xB6, 0x51, 0xD7, 0xAA, 0x94, 0x40, 0xF9, 0x36, 0xBD,
    0x4E, 0xBC, 0xA9, 0x5F, 0x4B, 0xA6, 0x6F, 0xDE, 0x46, 0xCE, 0x5B, 0x1E, 0x32, 0x43, 0xC6, 0xAE,
    0xDA, 0xE1, 0xE0, 0xEF, 0x84, 0xDC, 0x59, 0x33, 0x88, 0xBB, 0x6C, 0x13, 0x8E, 0x0C, 0x36, 0xCB,
    0xB5, 0xD2, 0xC5, 0x6F, 0x6D, 0x7D, 0xF7, 0xB8, 0x7D, 0xFD, 0xB0, 0xD3, 0xCD, 0xDA, 0xB1, 0x43,
    0x23, 0x36, 0xCE, 0x19, 0xC3, 0xB1, 0xD5, 0xB0, 0x57, 0x91, 0xF5, 0x3D, 0x10, 0x91, 0x96, 0x35,
    0x5A, 0xDD, 0x04, 0x56, 0x83, 0x13, 0xDB, 0x22, 0x99, 0x9E, 0xE0, 0x8F, 0x5A, 0xA2, 0x1B, 0x6C,
    0x93, 0xC9, 0xA8, 0xC1, 0x59, 0x02, 0xAB, 0x0D, 0x53, 0x59, 0x4D, 0x57, 0x1A, 0x35, 0x46, 0x70,
    0xF1, 0xE8, 0x05, 0xEB, 0x63, 0x61, 0xC1, 0xB4, 0xC9, 0x29, 0xC5, 0xE7, 0x6B, 0x0C, 0x3D, 0x83,
    0xAD, 0xE2, 0x67, 0x0A, 0x0C, 0xC8, 0x62, 0x2C, 0x0F, 0x32, 0xBF, 0xF0, 0xFF, 0x06, 0xAD, 0xA7,
    0xB6, 0xBA, 0x89, 0x92, 0xA7, 0x0D, 0xA1, 0x3D, 0x89, 0x91, 0xFC, 0x1A, 0x35, 0x7E, 0xF1, 0xED,
    0x60, 0x17, 0xF3, 0x8A, 0xCB, 0x30, 0x59, 0x7D, 0x29, 0xD8, 0x1B, 0x24, 0xBE, 0xF9, 0x16, 0x88,
    0xD4, 0xC9, 0x2B, 0x39, 0x17, 0x5D, 0x1B, 0x0D, 0xB2, 0xBB, 0xB4, 0x56, 0x77, 0xB7, 0xE6, 0x2C,
    0xB5, 0xC9, 0x30, 0x62, 0x0B, 0xC1, 0xC9, 0x34, 0xB2, 0xCC, 0x07, 0xB7, 0x4B, 0x6C, 0x04, 0x1C,
    0x22, 0xB6, 0xE5, 0x4A, 0xCE, 0xD2, 0xE0, 0x60, 0xF2, 0x28, 0x39, 0x75, 0x18, 0x4E, 0xB2, 0x4E,
    0x9C, 0xD3, 0x6A, 0x73, 0xAE, 0xF3, 0x12, 0x0D, 0x80, 0xAF, 0x05, 0x37, 0xD0, 0xD7, 0xFF, 0x54,
    0x59, 0x27, 0x1B, 0xF3, 0x2F, 0x33, 0xD9, 0x03, 0xA4, 0x89, 0x13, 0x2C, 0x30, 0x56, 0xC9, 0x31,
    0xC6, 0x35, 0x70, 0xE5, 0x5F, 0x9C, 0xAE, 0xDC, 0x0F, 0xFE, 0x18, 0xD4, 0xDE, 0x33, 0x1D, 0xAA,
    0x02, 0x10, 0x7E, 0xFB, 0x35, 0xA7, 0x76, 0xBB, 0xB9, 0x94, 0x87, 0x03, 0xF4, 0x61, 0x79, 0x8B,
    0xAE, 0x70, 0x8E, 0x51, 0xFF, 0xB2, 0x38, 0x2D, 0x97, 0xD7, 0x73, 0x3D, 0x29, 0x67, 0xEA, 0x0F,
    0x09, 0x7C, 0xE8, 0x75, 0xF5, 0x24, 0x8E, 0x99, 0x17, 0x8C, 0x9C, 0xB8, 0xD0, 0x4C, 0x5A, 0x20,
    0x95, 0xA4, 0xEA, 0xF8, 0x1A, 0x66, 0x8D, 0x92, 0x54, 0x62, 0x71, 0x23, 0xBD, 0xBA, 0x61, 0x2E,
    0xD8, 0xE7, 0x8F, 0xA4, 0x57, 0x9F, 0x33, 0xEB, 0x0C, 0x5A, 0xED, 0xC5, 0xE2, 0x25, 0x7E, 0x1B,
    0xB1, 0x84, 0xB4, 0xA4, 0x81, 0xB7, 0xB7, 0x3E, 0x1D, 0x2A, 0xEE, 0x0B, 0x95, 0x82, 0x11, 0x84,
    0x99, 0x92, 0x9B, 0xF5, 0x2F, 0xEB, 0x79, 0x4E, 0x79, 0xB0, 0x08, 0x4E, 0xCD, 0x35, 0x4D, 0x45,
    0x5A, 0xC7, 0xA7, 0x57, 0xAE, 0xA0, 0xA9, 0x33, 0x38, 0x25, 0x6A, 0x2B, 0xB7, 0x75, 0x4A, 0xC4,
    0x4A, 0x50, 0x3B, 0x25, 0xDC, 0x05, 0xD1, 0x5A, 0x3E, 0xA8, 0xCB, 0x29, 0x65, 0x29, 0xD2, 0x4C,
    0x45, 0x9E, 0x1C, 0x14, 0xE6, 0x4E, 0x71, 0x15, 0xD9, 0x0B, 0x02, 0xA5, 0x35, 0x9B, 0x5C, 0xC9,
    0x1B, 0xED, 0x87, 0x50, 0xC5, 0x29, 0x81, 0x23, 0xC4, 0x56, 0x44, 0xE5, 0x72, 0x3C, 0x08, 0xDF,
    0x8E, 0x3E, 0x1B, 0x54, 0x48, 0x7E, 0xA5, 0xE4, 0xD1, 0x8A, 0x06, 0x2E, 0xE8, 0x1F, 0xE6, 0xA6,
    0x7A, 0xD4, 0xB5, 0x43, 0x2B, 0x1A, 0xC5, 0xED, 0xE4, 0x49, 0x07, 0xB3, 0xC2, 0xB7, 0x91, 0x1A,
    0xE4, 0x36, 0xE4, 0x52, 0x35, 0xC5, 0x49, 0x7B, 0xE8, 0x9D, 0xDB, 0x84, 0x74, 0xD6, 0x12, 0x43,
    0x63, 0x43, 0xAB, 0xF6, 0xE1, 0x4B, 0x2F, 0xBC, 0xB9, 0xBF, 0x3D, 0x2C, 0x2E, 0xDA, 0xBA, 0xB6,
    0x16, 0x4F, 0xF7, 0x46, 0xFC, 0x42, 0x8B, 0x3B, 0x24, 0x7C, 0x33, 0x52, 0xE8, 0xB8, 0xB7, 0x68,
    0xB2, 0x6A, 0xED, 0x7F, 0xD6, 0xE6, 0xB7, 0x4B, 0x5A, 0x95, 0xB0, 0xCC, 0x40, 0x19, 0x02, 0xD7,
    0x41, 0x4C, 0xA9, 0xEF, 0x23, 0x95, 0xD0, 0xF1, 0x7D, 0x94, 0xF6, 0x43, 0x86, 0xF3, 0xE4, 0x05,
    0xAC, 0x4A, 0xB3, 0x8C, 0xFD, 0x1D, 0x57, 0x2D, 0xBF, 0x35, 0xA8, 0xE7, 0xB2, 0xF0, 0x61, 0xDA,
    0x67, 0x4F, 0xF4, 0x07, 0xA7, 0xB3, 0xEF, 0xFA, 0x18, 0x3A, 0xBE, 0xA2, 0x96, 0xC0, 0x64, 0x3F,
    0x9D, 0x87, 0xBC, 0xB0, 0xC8, 0xCD, 0x82, 0x66, 0xD2, 0x93, 0x38, 0xA9, 0xFD, 0x85, 0xDC, 0xEC,
    0x2D, 0xC6, 0xB7, 0x5A, 0x79, 0x8F, 0xE5, 0x86, 0xED, 0xC8, 0x25, 0x27, 0x1C, 0x02, 0x73, 0x24,
    0x36, 0x64, 0x1A, 0x57, 0x27, 0x69, 0x8F, 0x3A, 0x21, 0x13, 0xD1, 0x5F, 0xE9, 0x53, 0xBE, 0xE5,
    0xBC, 0x47, 0xD4, 0x80, 0x8E, 0x1A, 0x9A, 0x46, 0x64, 0x4D, 0x74, 0xE0, 0x60, 0x7C, 0xFE, 0x15,
    0x1C, 0x8C, 0xDD, 0x9F, 0xE1, 0x60, 0xEC, 0x66, 0x38, 0x18, 0xBB, 0x19, 0x0E, 0xC6, 0x6E, 0x86,
    0x83, 0xB1, 0xCB, 0x13, 0x2E, 0x20, 0xCD, 0x00, 0x79, 0x02, 0x30, 0xF7, 0x02, 0x7D, 0x9B, 0xB3,
    0x5D, 0xBA, 0xEC, 0xC6, 0xAF, 0x60, 0x32, 0x2E, 0x0F, 0xC6, 0x2E, 0x0F, 0xC6, 0x2E, 0x0F, 0xC6,
    0x7F, 0x78, 0xEF, 0xD0, 0xC1, 0xD8, 0x2B, 0x97, 0xB3, 0xCA, 0x40, 0x3F, 0x8C, 0xE4, 0xFB, 0x41,
    0xDD, 0xC1, 0xD1, 0x44, 0xF7, 0xDF, 0xEB, 0x0B, 0x61, 0xAF, 0x74, 0x68, 0x14, 0xF3, 0xBD, 0xC4,
    0x61, 0xC9, 0x91, 0xE8, 0x49, 0x74, 0xA2, 0x43, 0x5E, 0x82, 0xA4, 0xB7, 0x10, 0x2D, 0x3D, 0x57,
    0x5D, 0xB3, 0xEC, 0x00, 0x13, 0x57, 0xD8, 0x14, 0x8F, 0x17, 0x2E, 0x8E, 0x25, 0x7E, 0xDD, 0x74,
    0xF5, 0x6C, 0xAD, 0xDD, 0xC5, 0x68, 0xA2, 0xE6, 0xDA, 0x7D, 0x92, 0x26, 0x16, 0xA1, 0xDF, 0xD2,
    0x1B, 0x08, 0x36, 0xD5, 0x7A, 0x52, 0x8F, 0x43, 0x6E, 0x1B, 0xFE, 0xEE, 0xD5, 0xF3, 0xED, 0xDA,
    0xFE, 0x67, 0x1F, 0xB6, 0x4F, 0xD6, 0x37, 0x3E, 0xAC, 0x57, 0xEA, 0x4F, 0x3E, 0xAA, 0x4E, 0xD6,
    0x9F, 0x98, 0x22, 0xB8, 0xF1, 0xAF, 0xC1, 0x1E, 0x7B, 0xE4, 0xC6, 0x7F, 0x60, 0xC2, 0xFA, 0x93,
    0x09, 0xD6, 0x13, 0x7B, 0xFC, 0x6B, 0x72, 0xAD, 0x40, 0x0F, 0xFF, 0xF4, 0x99, 0xC2, 0x65, 0x4C,
    0xBA, 0x6D, 0x00, 0x5B, 0x35, 0x60, 0xAE, 0xB0, 0x03, 0x58, 0xB1, 0x87, 0xA1, 0x2F, 0x09, 0xE4,
    0x6E, 0xD9, 0xC4, 0x21, 0x42, 0x58, 0x9C, 0x71, 0xA0, 0xCA, 0x86, 0xDA, 0x51, 0x3D, 0x44, 0xA5,
    0x5A, 0xB1, 0x94, 0xB6, 0xFE, 0xDF, 0xD8, 0xD8, 0xFC, 0xF7, 0xBA, 0xBE, 0x55, 0x6D, 0xCC, 0xF5,
    0xCB, 0x9B, 0x18, 0x94, 0xAD, 0xB2, 0xC8, 0x5B, 0xCE, 0x39, 0x1B, 0x1F, 0x6B, 0xC1, 0x60, 0xCD,
    0xA3, 0xE6, 0x1C, 0xC4, 0x36, 0xC3, 0x68, 0xD9, 0xF4, 0xE1, 0x48, 0x4D, 0xD8, 0xA9, 0x49, 0x59,
    0xEA, 0x22, 0xF7, 0x85, 0x5A, 0xC9, 0x5A, 0x64, 0xC1, 0xF3, 0xF9, 0x44, 0xFC, 0x36, 0x8F, 0x1A,
    0xF1, 0xC7, 0x5A, 0x4C, 0xF5, 0x07, 0x8A, 0x97, 0x02, 0x37, 0x14, 0xE7, 0xE2, 0x77, 0x30, 0x91,
    0xF5, 0x58, 0xAB, 0x94, 0xF8, 0xA6, 0x0E, 0x5B, 0x38, 0xBC, 0xE9, 0x2A, 0xC0, 0x0E, 0x3F, 0x46,
    0xD5, 0xD5, 0x6B, 0x05, 0x67, 0xA6, 0xAA, 0x0E, 0x18, 0xD9, 0x52, 0xEB, 0x80, 0xBE, 0x3A, 0x15,
    0x7B, 0x69, 0x09, 0x5E, 0x78, 0xC8, 0xEC, 0x23, 0x44, 0xC3, 0x91, 0x1C, 0xD5, 0x9F, 0x34, 0x58,
    0x6D, 0x55, 0xBE, 0xA6, 0x15, 0xCC, 0x9C, 0x34, 0x84, 0xBB, 0x11, 0xE2, 0x9A, 0xEC, 0xA3, 0x29,
    0x39, 0xD5, 0x64, 0xC8, 0x00, 0x6F, 0x6C, 0x57, 0xF2, 0x43, 0x4B, 0x50, 0x3B, 0xBC, 0x48, 0x22,
    0x6E, 0x29, 0x82, 0xCE, 0x76, 0x12, 0xEA, 0xBF, 0x79, 0xA7, 0xD8, 0x22, 0x33, 0x55, 0x2C, 0x1E,
    0xCC, 0x67, 0x58, 0x59, 0x3B, 0x27, 0x3F, 0x35, 0x8F, 0xAF, 0x4E, 0xA7, 0x96, 0x35, 0xBD, 0x6E,
    0x59, 0xD9, 0x9A, 0xEE, 0x60, 0x12, 0x8E, 0xC3, 0xE1, 0xC2, 0x84, 0x5F, 0x0E, 0xAE, 0x9D, 0xAE,
    0xF5, 0x40, 0x50, 0x4E, 0x7E, 0x6A, 0xBD, 0xDF, 0x91, 0x25, 0x97, 0xDC, 0x8D, 0xCE, 0xF6, 0x4D,
    0x35, 0x1C, 0x7D, 0xD3, 0xBC, 0xF2, 0x0A, 0xEE, 0x33, 0x3A, 0x37, 0xCB, 0x33, 0x1F, 0x44, 0xC0,
    0x7B, 0x48, 0x37, 0x0B, 0x2A, 0x5C, 0x36, 0xE1, 0xFF, 0x08, 0x74, 0xE1, 0x35, 0x31, 0x98, 0xC3,
    0x6D, 0x2D, 0xA6, 0xF8, 0xC2, 0xAC, 0xFB, 0xBF, 0x90, 0xA9, 0x9D, 0x19, 0x3C, 0x43, 0x26, 0xDF,
    0x64, 0xD5, 0xEF, 0xF1, 0x92, 0x0D, 0xAC, 0x38, 0xD0, 0x43, 0x07, 0x16, 0x08, 0x07, 0x41, 0x9F,
    0xE9, 0x5B, 0xBD, 0x91, 0x8B, 0x2A, 0x96, 0xBD, 0xA8, 0xD9, 0x99, 0x68, 0xBF, 0xC8, 0x25, 0x9B,
    0x73, 0xE7, 0x25, 0xDB, 0xB1, 0xC7, 0xD5, 0xA4, 0xF3, 0x3B, 0x31, 0x1F, 0x92, 0xC9, 0x38, 0xF9,
    0xD9, 0x35, 0x8E, 0x3D, 0x9F, 0xC7, 0x99, 0x57, 0xCF, 0xE7, 0x38, 0x18, 0x56, 0xF3, 0xB9, 0x5F,
    0x87, 0xC5, 0x7C, 0xEE, 0xA2, 0x9C, 0x03, 0x36, 0x71, 0x46, 0x9D, 0x38, 0xC3, 0x55, 0xEE, 0xB1,
    0x63, 0xCB, 0xAB, 0xDF, 0x03, 0x68, 0x13, 0xA2, 0xAD, 0x4F, 0x6D, 0x3A, 0xB4, 0xC9, 0x66, 0xAC,
    0xE0, 0x7A, 0x5B, 0xAD, 0x26, 0x63, 0x45, 0x2B, 0xF6, 0xE4, 0x5C, 0x1C, 0x44, 0x71, 0xB8, 0xA1,
    0xFE, 0x77, 0x47, 0x48, 0x49, 0xCC, 0x29, 0x03, 0xD8, 0xED, 0x66, 0x7A, 0x9B, 0x81, 0x04, 0xD0,
    0xD9, 0x12, 0x09, 0x9C, 0x7E, 0x08, 0x8A, 0xE9, 0x45, 0x9A, 0xB8, 0xA4, 0x4C, 0x97, 0x89, 0xD1,
    0x25, 0xF1, 0xE0, 0x19, 0x92, 0xC2, 0xD8, 0x24, 0xA8, 0x08, 0xF5, 0x04, 0x7E, 0x43, 0xAD, 0x39,
    0xF4, 0x2C, 0x64, 0x93, 0xB4, 0xD8, 0xE4, 0x9D, 0x4B, 0xAA, 0xE9, 0x75, 0x39, 0x21, 0x0B, 0xCE,
    0x86, 0x9E, 0xFD, 0x78, 0xFD, 0xFC, 0x7D, 0xDD, 0x2E, 0xC3, 0xE5, 0xA6, 0x49, 0xC8, 0x88, 0x43,
    0x60, 0x7D, 0xC3, 0xDA, 0x43, 0x21, 0xFD, 0x1C, 0xB0, 0x6F, 0x97, 0xB7, 0xBD, 0xE1, 0x48, 0x26,
    0x5E, 0x82, 0xB8, 0xDB, 0x24, 0x97, 0xF6, 0xFC, 0xFC, 0x35, 0xBD, 0xE8, 0x39, 0xF0, 0xA3, 0x89,
    0x2C, 0xE8, 0xEF, 0xBF, 0xDB, 0xFF, 0xFF, 0xFF, 0xFF, 0x0B, 0xFB, 0xE1, 0x04, 0x03, 0x08, 0x00,
    0x00, 0xCD, 0x54, 0x31, 0x6E, 0xDB, 0x40, 0x10, 0x1C, 0x91, 0x30, 0x58, 0xB0, 0x50, 0x9A, 0x54,
    0x2E, 0xF8, 0x80, 0x04, 0x60, 0x9B, 0xC6, 0x20, 0x9F, 0xE0, 0x26, 0xEF, 0xF0, 0x0F, 0x74, 0x7C,
    0x82, 0xAB, 0xFC, 0x21, 0x4C, 0xE1, 0xD6, 0x4D, 0x72, 0xF7, 0x04, 0x3D, 0x41, 0x85, 0x0D, 0x04,
    0x4E, 0xA3, 0xC2, 0x05, 0x23, 0x88, 0x1C, 0xEF, 0xEE, 0x1D, 0x63, 0x0B, 0x51, 0xE0, 0xC6, 0x0E,
    0x7C, 0xC5, 0xCE, 0x92, 0xBC, 0xDB, 0x9B, 0xDD, 0x9D, 0x25, 0xF0, 0xB9, 0x85, 0xBF, 0x01, 0x0A,
    0x0E, 0x05, 0x27, 0xA0, 0xFE, 0x32, 0x56, 0xC1, 0x03, 0x0E, 0x63, 0xD3, 0x36, 0xC0, 0x88, 0x6B,
    0x87, 0x4F, 0x8A, 0x90, 0xB7, 0x58, 0xEC, 0xFF, 0x46, 0x0A, 0xD2, 0x56, 0xC0, 0xB7, 0xA9, 0xF7,
    0xEC, 0xBB, 0xA3, 0xFB, 0x5E, 0x1B, 0x95, 0x47, 0x2E, 0x29, 0xB0, 0x05, 0xAE, 0x78, 0xF3, 0x81,
    0x3B, 0xE5, 0xB5, 0x77, 0xD4, 0x17, 0x69, 0x39, 0x5E, 0x4A, 0xAE, 0x93, 0x1F, 0x24, 0xD3, 0x50,
    0x8C, 0x9A, 0xE7, 0x42, 0xAC, 0x9C, 0xDA, 0x5B, 0x8E, 0xE7, 0x16, 0x09, 0x07, 0xD6, 0x52, 0xD3,
    0xCC, 0x7A, 0xA6, 0xFB, 0x5E, 0xDE, 0x32, 0x31, 0x37, 0xDE, 0x83, 0xB0, 0x6E, 0x28, 0x6C, 0x2E,
    0x76, 0x5F, 0xB5, 0x33, 0x72, 0x3B, 0xAA, 0x75, 0x41, 0x63, 0x4B, 0x63, 0x4B, 0x63, 0xCB, 0x74,
    0xF6, 0xA9, 0xD5, 0x36, 0x18, 0xDB, 0xEE, 0xD8, 0xD7, 0x97, 0xB2, 0x4F, 0xD8, 0xFE, 0x9C, 0xD9,
    0x3E, 0x2E, 0xD1, 0x54, 0xCD, 0x0D, 0x4C, 0x55, 0x19, 0xAF, 0x64, 0xAF, 0xEA, 0xAA, 0xDC, 0x64,
    0xDA, 0x22, 0x51, 0x56, 0x15, 0xAC, 0x69, 0xA2, 0xAD, 0xA6, 0xC5, 0xCA, 0x3C, 0x79, 0x8D, 0x77,
    0x8F, 0xFD, 0x3C, 0xEE, 0x31, 0xAD, 0x2E, 0x76, 0xA3, 0xEF, 0xFD, 0x1F, 0xA5, 0x35, 0x6F, 0xC5,
    0xA3, 0x79, 0x49, 0x87, 0x2E, 0x44, 0x25, 0xFE, 0x2E, 0x45, 0x8C, 0xA6, 0xC5, 0x69, 0xA9, 0xDD,
    0xD4, 0x0A, 0x9D, 0x4E, 0xFD, 0x5C, 0x21, 0x53, 0xA8, 0x56, 0x68, 0x9B, 0xA9, 0x97, 0x2A, 0xD4,
    0xCE, 0x15, 0x6A, 0xDA, 0xB9, 0x42, 0xE2, 0xCD, 0xB7, 0x1D, 0xF7, 0x62, 0x7D, 0x36, 0xE2, 0xC5,
    0x0A, 0x5D, 0x3E, 0x7B, 0xE2, 0xFF, 0x7B, 0x07, 0x15, 0xF2, 0xFF, 0xAA, 0x90, 0x1B, 0xB4, 0xE3,
    0x32, 0xAA, 0x9D, 0x40, 0x15, 0xCA, 0x2D, 0x34, 0x40, 0x3E, 0x98, 0x82, 0x32, 0x1D, 0xCC, 0x1F,
    0x71, 0x3E, 0xA7, 0x19, 0xB2, 0x08, 0x79, 0x84, 0x9A, 0x36, 0x29, 0x2E, 0x42, 0x76, 0xB0, 0xE5,
    0x35, 0x40, 0x49, 0xA4, 0xE1, 0xBC, 0xE0, 0x1D, 0xFC, 0x2F, 0x78, 0xB9, 0xBA, 0x66, 0x94, 0xF0,
    0xB9, 0x1A, 0xFD, 0xCF, 0x02, 0xE5, 0xCE, 0xFE, 0x47, 0x4D, 0xB7, 0xDC, 0x58, 0x2E, 0xC5, 0xBD,
    0xC0, 0x77, 0x58, 0x66, 0x63, 0x84, 0xF4, 0xB4, 0x32, 0x38, 0xF1, 0x28, 0x07, 0x09, 0xCD, 0xCE,
    0x71, 0x2C, 0x6F, 0x5D, 0x20, 0xC7, 0xBA, 0x5B, 0xAE, 0xE5, 0x5B, 0x83, 0x22, 0x41, 0x50, 0x90,
    0xB0, 0x0A, 0xC1, 0xA0, 0x1A, 0x0C, 0x4A, 0xAE, 0x15, 0x16, 0x8C, 0xA1, 0x6B, 0x76, 0x0A, 0x0B,
    0xAE, 0xED, 0x86, 0x6A, 0x6B, 0x50, 0x28, 0x7C, 0x44, 0x7E, 0x2F, 0x70, 0x86, 0x5C, 0x9F, 0x56,
    0x0A, 0x7B, 0x09, 0x2D, 0x53, 0x3B, 0xA2, 0xBE, 0x95, 0x36, 0xF0, 0xAE, 0xD0, 0x31, 0x77, 0x13,
    0xDE, 0xB7, 0x9A, 0xD2, 0x03, 0x4D, 0x90, 0xB1, 0x0D, 0x83, 0x30, 0x14, 0x44, 0x0F, 0x53, 0x50,
    0xD0, 0xA6, 0x77, 0x36, 0x60, 0x04, 0xCA, 0x8C, 0x90, 0x55, 0xD2, 0xC1, 0x26, 0x59, 0x24, 0x12,
    0x8C, 0x90, 0x11, 0x18, 0x81, 0x22, 0x05, 0x52, 0x88, 0x2F, 0x77, 0x36, 0x91, 0xE2, 0xE2, 0xFB,
    0xC9, 0x7A, 0xFF, 0xFE, 0x97, 0x81, 0xBF, 0x73, 0x3B, 0xEE, 0x2A, 0x1D, 0xD0, 0x70, 0x2C, 0x10,
    0xB9, 0x14, 0x18, 0xB8, 0x15, 0x85, 0x4C, 0x87, 0xC2, 0x22, 0xC5, 0x27, 0xBA, 0x2C, 0x0D, 0x38,
    0xD5, 0x96, 0xAA, 0x0F, 0x12, 0x2C, 0x35, 0x7B, 0x45, 0x0C, 0x92, 0x62, 0x0A, 0x44, 0xBF, 0x38,
    0xE5, 0x2D, 0xD8, 0x9C, 0x42, 0x41, 0xCA, 0x29, 0x09, 0x13, 0xC7, 0x28, 0xD8, 0x41, 0x2E, 0xBD,
    0xE0, 0x55, 0x93, 0x5B, 0xE7, 0x01, 0x7A, 0x5E, 0x5B, 0x81, 0x1B, 0xE6, 0xA0, 0x52, 0xBB, 0x51,
    0x0D, 0xBC, 0xD8, 0x87, 0xA4, 0xBB, 0x14, 0xC0, 0x92, 0x14, 0x20, 0x64, 0xF0, 0x3E, 0x53, 0xAA,
    0xAD, 0x48, 0xD2, 0x1E, 0xAB, 0xA1, 0xD5, 0x84, 0xD9, 0x10, 0xBC, 0x59, 0x3E, 0xD3, 0x75, 0x2F,
    0xD0, 0x15, 0xC5, 0x49, 0x73, 0x81, 0xC0, 0xDF, 0xFF, 0x3C, 0x7E, 0x70, 0x76, 0xFD, 0x02,
};

static const EpdGlyph notoserif_18_regularGlyphs[] = {
    { 0, 0, 0, 0, 0, 0, 0 }, // U+0000
    { 0, 0, 156, 0, 0, 0, 0 }, // U+000D
    { 0, 0, 156, 0, 0, 0, 0 }, // U+0020
    { 6, 28, 199, 3, 27, 42, 0 }, // !
    { 12, 10, 245, 2, 27, 30, 42 }, // "
    { 21, 27, 335, 0, 27, 142, 72 }, // #
    { 17, 32, 335, 2, 29, 136, 214 }, // $
    { 31, 29, 538, 1, 28, 225, 350 }, // %
    { 27, 29, 445, 1, 28, 196, 575 }, // &
    { 5, 10, 132, 2, 27, 13, 771 }, // '
    { 10, 34, 208, 2, 29, 85, 784 }, // (
    { 10, 34, 208, 1, 29, 85, 869 }, // )
    { 16, 15, 300, 1, 29, 60, 954 }, // *
    { 17, 17, 335, 2, 22, 73, 1014 }, // +
    { 7, 11, 150, 1, 5, 20, 1087 }, // ,
    { 11, 4, 186, 0, 12, 11, 1107 }, // -
    { 6, 6, 150, 2, 5, 9, 1118 }, // .
    { 11, 34, 173, 0, 29, 94, 1127 }, // /
    { 18, 29, 347, 2, 28, 131, 1221 }, // 0
    { 17, 27, 275, 0, 27, 115, 1352 }, // 1
    { 17, 28, 297, 1, 28, 119, 1467 }, // 2
    { 17, 29, 307, 1, 28, 124, 1586 }, // 3
    { 21, 27, 331, 0, 27, 142, 1710 }, // 4
    { 17, 28, 307, 1, 27, 119, 1852 }, // 5
    { 17, 29, 330, 2, 28, 124, 1971 }, // 6
    { 18, 27, 308, 1, 27, 122, 2095 }, // 7
    { 19, 29, 334, 1, 28, 138, 2217 }, // 8
    { 18, 29, 330, 1, 28, 131, 2355 }, // 9
    { 5, 22, 172, 3, 21, 28, 2486 }, // :
    { 7, 27, 172, 1, 21, 48, 2514 }, // ;
    { 17, 19, 335, 2, 23, 81, 2562 }, // <
    { 17, 11, 335, 2, 19, 47, 2643 }, // =
    { 17, 19, 335, 2, 23, 81, 2690 }, // >
    { 16, 29, 284, 1, 28, 116, 2771 }, // ?
    { 31, 33, 553, 2, 27, 256, 2887 }, // @
    { 27, 27, 423, 0, 27, 183, 3143 }, // A
    { 22, 27, 392, 1, 27, 149, 3326 }, // B
    { 20, 29, 368, 2, 28, 145, 3475 }, // C
    { 25, 27, 436, 1, 27, 169, 3620 }, // D
    { 21, 27, 374, 1, 27, 142, 3789 }, // E
    { 20, 27, 354, 1, 27, 135, 3931 }, // F
    { 25, 29, 428, 2, 28, 182, 4066 }, // G
    { 28, 27, 476, 1, 27, 189, 4248 }, // H
    { 12, 27, 220, 1, 27, 81, 4437 }, // I
    { 14, 36, 214, -1, 27, 126, 4518 }, // J
    { 26, 27, 420, 1, 27, 176, 4644 }, // K
    { 21, 27, 374, 1, 27, 142, 4820 }, // L
    { 33, 27, 563, 1, 27, 223, 4962 }, // M
    { 27, 27, 458, 1, 27, 183, 5185 }, // N
    { 24, 29, 445, 2, 28, 174, 5368 }, // O
    { 21, 27, 362, 1, 27, 142, 5542 }, // P
    { 24, 37, 445, 2, 28, 222, 5684 }, // Q
    { 24, 27, 394, 1, 27, 162, 5906 }, // R
    { 18, 29, 326, 1, 28, 131, 6068 }, // S
    { 23, 27, 368, 0, 27, 156, 6199 }, // T
    { 27, 28, 430, 0, 27, 189, 6355 }, // U
    { 26, 27, 405, 0, 27, 176, 6544 }, // V
    { 39, 27, 628, 0, 27, 264, 6720 }, // W
    { 25, 27, 396, 0, 27, 169, 6984 }, // X
    { 25, 27, 375, -1, 27, 169, 7153 }, // Y
    { 20, 27, 355, 1, 27, 135, 7322 }, // Z
    { 10, 34, 216, 3, 29, 85, 7457 }, // [
    { 11, 34, 173, 0, 29, 94, 7542 }, // <backslash>
    { 9, 34, 216, 1, 29, 77, 7636 }, // ]
    { 19, 18, 335, 1, 27, 86, 7713 }, // ^
    { 19, 3, 275, -1, -3, 15, 7799 }, // _
    { 8, 7, 164, 1, 29, 14, 7814 }, // `
    { 19, 22, 338, 1, 21, 105, 7828 }, // a
    { 21, 30, 368, 0, 29, 158, 7933 }, // b
    { 15, 22, 295, 2, 21, 83, 8091 }, // c
    { 21, 30, 368, 2, 29, 158, 8174 }, // d
    { 17, 22, 321, 2, 21, 94, 8332 }, // e
    { 16, 29, 221, 1, 29, 116, 8426 }, // f
    { 20, 31, 323, 0, 22, 155, 8542 }, // g
    { 23, 29, 381, 0, 29, 167, 8697 }, // h
    { 12, 29, 192, 0, 29, 87, 8864 }, // i
    { 9, 38, 180, -1, 29, 86, 8951 }, // j
    { 22, 29, 351, 0, 29, 160, 9037 }, // k
    { 12, 29, 186, 0, 29, 87, 9197 }, // l
    { 34, 21, 567, 1, 21, 179, 9284 }, // m
    { 23, 21, 387, 1, 21, 121, 9463 }, // n
    { 18, 22, 346, 2, 21, 99, 9584 }, // o
    { 21, 30, 368, 0, 21, 158, 9683 }, // p
    { 21, 30, 368, 2, 21, 158, 9841 }, // q
    { 17, 21, 283, 1, 21, 90, 9999 }, // r
    { 15, 22, 271, 1, 21, 83, 10089 }, // s
    { 13, 26, 211, 0, 25, 85, 10172 }, // t
    { 23, 22, 381, 0, 21, 127, 10257 }, // u
    { 22, 21, 347, 0, 21, 116, 10384 }, // v
    { 33, 21, 517, 0, 21, 174, 10500 }, // w
    { 22, 21, 347, 0, 21, 116, 10674 }, // x
    { 22, 30, 339, 0, 21, 165, 10790 }, // y
    { 17, 21, 307, 1, 21, 90, 10955 }, // z
    { 14, 34, 257, 1, 29, 119, 11045 }, // {
    { 3, 38, 335, 9, 29, 29, 11164 }, // |
    { 14, 34, 257, 1, 29, 119, 11193 }, // }
    { 17, 7, 335, 2, 17, 30, 11312 }, // ~
    { 0, 0, 156, 0, 0, 0, 0 }, // U+00A0
    { 6, 28, 199, 3, 21, 42, 0 }, // U+00A1
    { 17, 27, 335, 2, 27, 115, 42 }, // U+00A2
    { 19, 29, 335, 1, 28, 138, 157 }, // U+00A3
    { 17, 17, 335, 2, 22, 73, 295 }, // U+00A4
    { 21, 27, 335, 0, 27, 142, 368 }, // U+00A5
    { 3, 38, 335, 9, 29, 29, 510 }, // U+00A6
    { 17, 34, 326, 2, 29, 145, 539 }, // U+00A7
    { 12, 5, 346, 5, 28, 15, 684 }, // U+00A8
    { 28, 29, 507, 2, 28, 203, 699 }, // U+00A9
    { 13, 13, 229, 1, 27, 43, 902 }, // U+00AA
    { 15, 15, 308, 2, 18, 57, 945 }, // U+00AB
    { 17, 11, 335, 2, 15, 47, 1002 }, // U+00AC
    { 11, 4, 186, 0, 12, 11, 1049 }, // U+00AD
    { 28, 29, 507, 2, 28, 203, 1060 }, // U+00AE
    { 19, 3, 275, -1, 31, 15, 1263 }, // U+00AF
    { 13, 13, 240, 1, 28, 43, 1278 }, // U+00B0
    { 17, 22, 335, 2, 22, 94, 1321 }, // U+00B1
    { 13, 17, 240, 1, 31, 56, 1415 }, // U+00B2
    { 13, 17, 240, 1, 31, 56, 1471 }, // U+00B3
    { 8, 7, 164, 1, 29, 14, 1527 }, // U+00B4
    { 19, 30, 369, 3, 21, 143, 1541 }, // U+00B5
    { 21, 34, 370, 1, 29, 179, 1684 }, // U+00B6
    { 6, 6, 150, 2, 16, 9, 1863 }, // U+00B7
    { 9, 10, 200, 2, 1, 23, 1872 }, // U+00B8
    { 12, 17, 240, 1, 31, 51, 1895 }, // U+00B9
    { 13, 13, 238, 1, 27, 43, 1946 }, // U+00BA
    { 15, 15, 308, 2, 18, 57, 1989 }, // U+00BB
    { 31, 28, 504, 0, 27, 217, 2046 }, // U+00BC
    { 31, 28, 504, 0, 27, 217, 2263 }, // U+00BD
    { 30, 28, 504, 1, 27, 210, 2480 }, // U+00BE
    { 16, 29, 284, 1, 21, 116, 2690 }, // U+00BF
    { 27, 35, 423, 0, 35, 237, 2806 }, // U+00C0
    { 27, 35, 423, 0, 35, 237, 3043 }, // U+00C1
    { 27, 35, 423, 0, 35, 237, 3280 }, // U+00C2
    { 27, 34, 423, 0, 34, 230, 3517 }, // U+00C3
    { 27, 34, 423, 0, 34, 230, 3747 }, // U+00C4
    { 27, 34, 423, 0, 34, 230, 3977 }, // U+00C5
    { 35, 27, 571, 0, 27, 237, 4207 }, // U+00C6
    { 20, 37, 368, 2, 28, 185, 4444 }, // U+00C7
    { 21, 35, 374, 1, 35, 184, 4629 }, // U+00C8
    { 21, 35, 374, 1, 35, 184, 4813 }, // U+00C9
    { 21, 35, 374, 1, 35, 184, 4997 }, // U+00CA
    { 21, 34, 374, 1, 34, 179, 5181 }, // U+00CB
    { 12, 35, 220, 1, 35, 105, 5360 }, // U+00CC
    { 12, 35, 220, 1, 35, 105, 5465 }, // U+00CD
    { 12, 35, 220, 1, 35, 105, 5570 }, // U+00CE
    { 12, 34, 220, 1, 34, 102, 5675 }, // U+00CF
    { 25, 27, 436, 1, 27, 169, 5777 }, // U+00D0
    { 27, 34, 458, 1, 34, 230, 5946 }, // U+00D1
    { 24, 36, 445, 2, 35, 216, 6176 }, // U+00D2
    { 24, 36, 445, 2, 35, 216, 6392 }, // U+00D3
    { 24, 36, 445, 2, 35, 216, 6608 }, // U+00D4
    { 24, 35, 445, 2, 34, 210, 6824 }, // U+00D5
    { 24, 35, 445, 2, 34, 210, 7034 }, // U+00D6
    { 17, 17, 335, 2, 22, 73, 7244 }, // U+00D7
    { 24, 31, 445, 2, 29, 186, 7317 }, // U+00D8
    { 27, 36, 430, 0, 35, 243, 7503 }, // U+00D9
    { 27, 36, 430, 0, 35, 243, 7746 }, // U+00DA
    { 27, 36, 430, 0, 35, 243, 7989 }, // U+00DB
    { 27, 35, 430, 0, 34, 237, 8232 }, // U+00DC
    { 25, 35, 375, -1, 35, 219, 8469 }, // U+00DD
    { 21, 27, 362, 1, 27, 142, 8688 }, // U+00DE
    { 23, 30, 388, 0, 29, 173, 8830 }, // U+00DF
    { 19, 30, 338, 1, 29, 143, 9003 }, // U+00E0
    { 19, 30, 338, 1, 29, 143, 9146 }, // U+00E1
    { 19, 30, 338, 1, 29, 143, 9289 }, // U+00E2
    { 19, 29, 338, 1, 28, 138, 9432 }, // U+00E3
    { 19, 29, 338, 1, 28, 138, 9570 }, // U+00E4
    { 19, 32, 338, 1, 31, 152, 9708 }, // U+00E5
    { 29, 22, 505, 1, 21, 160, 9860 }, // U+00E6
    { 15, 30, 295, 2, 21, 113, 10020 }, // U+00E7
    { 17, 30, 321, 2, 29, 128, 10133 }, // U+00E8
    { 17, 30, 321, 2, 29, 128, 10261 }, // U+00E9
    { 17, 30, 321, 2, 29, 128, 10389 }, // U+00EA
    { 17, 29, 321, 2, 28, 124, 10517 }, // U+00EB
    { 12, 29, 192, 0, 29, 87, 10641 }, // U+00EC
    { 12, 29, 192, 0, 29, 87, 10728 }, // U+00ED
    { 12, 29, 192, 0, 29, 87, 10815 }, // U+00EE
    { 12, 28, 192, 0, 28, 84, 10902 }, // U+00EF
    { 18, 30, 346, 2, 29, 135, 10986 }, // U+00F0
    { 23, 28, 387, 1, 28, 161, 11121 }, // U+00F1
    { 18, 30, 346, 2, 29, 135, 11282 }, // U+00F2
    { 18, 30, 346, 2, 29, 135, 11417 }, // U+00F3
    { 18, 30, 346, 2, 29, 135, 11552 }, // U+00F4
    { 18, 29, 346, 2, 28, 131, 11687 }, // U+00F5
    { 18, 29, 346, 2, 28, 131, 11818 }, // U+00F6
    { 17, 19, 335, 2, 23, 81, 11949 }, // U+00F7
    { 18, 24, 346, 2, 22, 108, 12030 }, // U+00F8
    { 23, 30, 381, 0, 29, 173, 12138 }, // U+00F9
    { 23, 30, 381, 0, 29, 173, 12311 }, // U+00FA
    { 23, 30, 381, 0, 29, 173, 12484 }, // U+00FB
    { 23, 29, 381, 0, 28, 167, 12657 }, // U+00FC
    { 22, 38, 339, 0, 29, 209, 12824 }, // U+00FD
    { 21, 38, 368, 0, 29, 200, 13033 }, // U+00FE
    { 22, 37, 339, 0, 28, 204, 13233 }, // U+00FF
    { 27, 32, 423, 0, 32, 216, 0 }, // U+0100
    { 19, 27, 338, 1, 26, 129, 216 }, // U+0101
    { 27, 34, 423, 0, 34, 230, 345 }, // U+0102
    { 19, 29, 338, 1, 28, 138, 575 }, // U+0103
    { 27, 36, 423, 0, 27, 243, 713 }, // U+0104
    { 19, 30, 338, 1, 21, 143, 956 }, // U+0105
    { 20, 36, 368, 2, 35, 180, 1099 }, // U+0106
    { 15, 30, 295, 2, 29, 113, 1279 }, // U+0107
    { 20, 36, 368, 2, 35, 180, 1392 }, // U+0108
    { 15, 30, 295, 2, 29, 113, 1572 }, // U+0109
    { 20, 36, 368, 2, 35, 180, 1685 }, // U+010A
    { 15, 30, 295, 2, 29, 113, 1865 }, // U+010B
    { 20, 36, 368, 2, 35, 180, 1978 }, // U+010C
    { 15, 30, 295, 2, 29, 113, 2158 }, // U+010D
    { 25, 35, 436, 1, 35, 219, 2271 }, // U+010E
    { 24, 30, 368, 2, 29, 180, 2490 }, // U+010F
    { 25, 27, 436, 1, 27, 169, 2670 }, // U+0110
    { 21, 30, 368, 2, 29, 158, 2839 }, // U+0111
    { 21, 32, 374, 1, 32, 168, 2997 }, // U+0112
    { 17, 27, 321, 2, 26, 115, 3165 }, // U+0113
    { 21, 34, 374, 1, 34, 179, 3280 }, // U+0114
    { 17, 29, 321, 2, 28, 124, 3459 }, // U+0115
    { 21, 35, 374, 1, 35, 184, 3583 }, // U+0116
    { 17, 30, 321, 2, 29, 128, 3767 }, // U+0117
    { 21, 36, 374, 1, 27, 189, 3895 }, // U+0118
    { 17, 30, 321, 2, 21, 128, 4084 }, // U+0119
    { 21, 35, 374, 1, 35, 184, 4212 }, // U+011A
    { 17, 30, 321, 2, 29, 128, 4396 }, // U+011B
    { 25, 36, 428, 2, 35, 225, 4524 }, // U+011C
    { 20, 38, 323, 0, 29, 190, 4749 }, // U+011D
    { 25, 35, 428, 2, 34, 219, 4939 }, // U+011E
    { 20, 37, 323, 0, 28, 185, 5158 }, // U+011F
    { 25, 36, 428, 2, 35, 225, 5343 }, // U+0120
    { 20, 38, 323, 0, 29, 190, 5568 }, // U+0121
    { 25, 37, 428, 2, 28, 232, 5758 }, // U+0122
    { 20, 38, 323, 0, 29, 190, 5990 }, // U+0123
    { 28, 35, 476, 1, 35, 245, 6180 }, // U+0124
    { 23, 36, 381, 0, 36, 207, 6425 }, // U+0125
    { 28, 27, 476, 1, 27, 189, 6632 }, // U+0126
    { 23, 29, 381, 0, 29, 167, 6821 }, // U+0127
    { 14, 34, 220, 0, 34, 119, 6988 }, // U+0128
    { 14, 28, 192, -1, 28, 98, 7107 }, // U+0129
    { 12, 32, 220, 1, 32, 96, 7205 }, // U+012A
    { 12, 26, 192, 0, 26, 78, 7301 }, // U+012B
    { 12, 34, 220, 1, 34, 102, 7379 }, // U+012C
    { 12, 28, 192, 0, 28, 84, 7481 }, // U+012D
    { 12, 36, 220, 1, 27, 108, 7565 }, // U+012E
    { 12, 38, 192, 0, 29, 114, 7673 }, // U+012F
    { 12, 35, 220, 1, 35, 105, 7787 }, // U+0130
    { 12, 21, 192, 0, 21, 63, 7892 }, // U+0131
    { 25, 36, 418, 1, 27, 225, 7955 }, // U+0132
    { 20, 38, 372, 0, 29, 190, 8180 }, // U+0133
    { 14, 44, 214, -1, 35, 154, 8370 }, // U+0134
    { 12, 38, 180, -1, 29, 114, 8524 }, // U+0135
    { 26, 36, 420, 1, 27, 234, 8638 }, // U+0136
    { 22, 38, 351, 0, 29, 209, 8872 }, // U+0137
    { 22, 21, 351, 0, 21, 116, 9081 }, // U+0138
    { 21, 35, 374, 1, 35, 184, 9197 }, // U+0139
    { 12, 36, 186, 0, 36, 108, 9381 }, // U+013A
    { 21, 36, 374, 1, 27, 189, 9489 }, // U+013B
    { 12, 38, 186, 0, 29, 114, 9678 }, // U+013C
    { 21, 27, 374, 1, 27, 142, 9792 }, // U+013D
    { 15, 29, 186, 0, 29, 109, 9934 }, // U+013E
    { 21, 27, 374, 1, 27, 142, 10043 }, // U+013F
    { 15, 29, 222, 0, 29, 109, 10185 }, // U+0140
    { 21, 27, 374, 1, 27, 142, 10294 }, // U+0141
    { 11, 29, 194, 1, 29, 80, 10436 }, // U+0142
    { 27, 35, 458, 1, 35, 237, 10516 }, // U+0143
    { 23, 29, 387, 1, 29, 167, 10753 }, // U+0144
    { 27, 36, 458, 1, 27, 243, 10920 }, // U+0145
    { 23, 30, 387, 1, 21, 173, 11163 }, // U+0146
    { 27, 35, 458, 1, 35, 237, 11336 }, // U+0147
    { 23, 29, 387, 1, 29, 167, 11573 }, // U+0148
    { 29, 27, 468, 0, 27, 196, 11740 }, // U+0149
    { 27, 36, 458, 1, 27, 243, 11936 }, // U+014A
    { 20, 30, 381, 1, 21, 150, 12179 }, // U+014B
    { 24, 33, 445, 2, 32, 198, 12329 }, // U+014C
    { 18, 27, 346, 2, 26, 122, 12527 }, // U+014D
    { 24, 35, 445, 2, 34, 210, 12649 }, // U+014E
    { 18, 29, 346, 2, 28, 131, 12859 }, // U+014F
    { 24, 36, 445, 2, 35, 216, 12990 }, // U+0150
    { 18, 30, 346, 2, 29, 135, 13206 }, // U+0151
    { 33, 29, 575, 2, 28, 240, 13341 }, // U+0152
    { 31, 22, 543, 2, 21, 171, 13581 }, // U+0153
    { 24, 35, 394, 1, 35, 210, 13752 }, // U+0154
    { 17, 29, 283, 1, 29, 124, 13962 }, // U+0155
    { 24, 36, 394, 1, 27, 216, 14086 }, // U+0156
    { 17, 30, 283, 1, 21, 128, 14302 }, // U+0157
    { 24, 35, 394, 1, 35, 210, 14430 }, // U+0158
    { 17, 29, 283, 1, 29, 124, 14640 }, // U+0159
    { 18, 36, 326, 1, 35, 162, 14764 }, // U+015A
    { 15, 30, 271, 1, 29, 113, 14926 }, // U+015B
    { 18, 36, 326, 1, 35, 162, 15039 }, // U+015C
    { 15, 30, 271, 1, 29, 113, 15201 }, // U+015D
    { 18, 37, 326, 1, 28, 167, 15314 }, // U+015E
    { 15, 30, 271, 1, 21, 113, 15481 }, // U+015F
    { 18, 36, 326, 1, 35, 162, 15594 }, // U+0160
    { 15, 30, 271, 1, 29, 113, 15756 }, // U+0161
    { 23, 36, 368, 0, 27, 207, 15869 }, // U+0162
    { 13, 34, 211, 0, 25, 111, 16076 }, // U+0163
    { 23, 35, 368, 0, 35, 202, 16187 }, // U+0164
    { 15, 30, 211, 0, 29, 113, 16389 }, // U+0165
    { 23, 27, 368, 0, 27, 156, 16502 }, // U+0166
    { 13, 26, 211, 0, 25, 85, 16658 }, // U+0167
    { 27, 35, 430, 0, 34, 237, 16743 }, // U+0168
    { 23, 29, 381, 0, 28, 167, 16980 }, // U+0169
    { 27, 33, 430, 0, 32, 223, 17147 }, // U+016A
    { 23, 27, 381, 0, 26, 156, 17370 }, // U+016B
    { 27, 35, 430, 0, 34, 237, 17526 }, // U+016C
    { 23, 29, 381, 0, 28, 167, 17763 }, // U+016D
    { 27, 38, 430, 0, 37, 257, 17930 }, // U+016E
    { 23, 32, 381, 0, 31, 184, 18187 }, // U+016F
    { 27, 36, 430, 0, 35, 243, 18371 }, // U+0170
    { 23, 30, 381, 0, 29, 173, 18614 }, // U+0171
    { 27, 36, 435, 0, 27, 243, 18787 }, // U+0172
    { 23, 30, 381, 0, 21, 173, 19030 }, // U+0173
    { 39, 35, 628, 0, 35, 342, 19203 }, // U+0174
    { 33, 29, 517, 0, 29, 240, 19545 }, // U+0175
    { 25, 35, 375, -1, 35, 219, 19785 }, // U+0176
    { 22, 38, 339, 0, 29, 209, 20004 }, // U+0177
    { 25, 34, 375, -1, 34, 213, 20213 }, // U+0178
    { 20, 35, 355, 1, 35, 175, 20426 }, // U+0179
    { 17, 29, 307, 1, 29, 124, 20601 }, // U+017A
    { 20, 35, 355, 1, 35, 175, 20725 }, // U+017B
    { 17, 29, 307, 1, 29, 124, 20900 }, // U+017C
    { 20, 35, 355, 1, 35, 175, 21024 }, // U+017D
    { 17, 29, 307, 1, 29, 124, 21199 }, // U+017E
    { 16, 29, 213, 0, 29, 116, 21323 }, // U+017F
    { 27, 30, 467, 2, 29, 203, 0 }, // U+01A0
    { 22, 25, 364, 2, 24, 138, 203 }, // U+01A1
    { 29, 30, 467, 0, 29, 218, 341 }, // U+01AF
    { 26, 25, 406, 0, 24, 163, 559 }, // U+01B0
    { 47, 35, 791, 1, 35, 412, 722 }, // U+01C4
    { 44, 29, 743, 1, 29, 319, 1134 }, // U+01C5
    { 39, 30, 675, 2, 29, 293, 1453 }, // U+01C6
    { 35, 36, 588, 1, 27, 315, 1746 }, // U+01C7
    { 31, 38, 554, 1, 29, 295, 2061 }, // U+01C8
    { 20, 38, 366, 0, 29, 190, 2356 }, // U+01C9
    { 40, 36, 672, 1, 27, 360, 2546 }, // U+01CA
    { 36, 38, 638, 1, 29, 342, 2906 }, // U+01CB
    { 31, 38, 567, 1, 29, 295, 3248 }, // U+01CC
    { 27, 35, 423, 0, 35, 237, 3543 }, // U+01CD
    { 19, 30, 338, 1, 29, 143, 3780 }, // U+01CE
    { 12, 35, 220, 1, 35, 105, 3923 }, // U+01CF
    { 12, 29, 192, 0, 29, 87, 4028 }, // U+01D0
    { 24, 36, 445, 2, 35, 216, 4115 }, // U+01D1
    { 18, 30, 346, 2, 29, 135, 4331 }, // U+01D2
    { 27, 36, 430, 0, 35, 243, 4466 }, // U+01D3
    { 23, 30, 381, 0, 29, 173, 4709 }, // U+01D4
    { 27, 39, 430, 0, 38, 264, 4882 }, // U+01D5
    { 23, 33, 381, 0, 32, 190, 5146 }, // U+01D6
    { 27, 40, 430, 0, 39, 270, 5336 }, // U+01D7
    { 23, 34, 381, 0, 33, 196, 5606 }, // U+01D8
    { 27, 40, 430, 0, 39, 270, 5802 }, // U+01D9
    { 23, 34, 381, 0, 33, 196, 6072 }, // U+01DA
    { 27, 40, 430, 0, 39, 270, 6268 }, // U+01DB
    { 23, 34, 381, 0, 33, 196, 6538 }, // U+01DC
    { 17, 22, 321, 1, 21, 94, 6734 }, // U+01DD
    { 27, 38, 423, 0, 38, 257, 6828 }, // U+01DE
    { 19, 33, 338, 1, 32, 157, 7085 }, // U+01DF
    { 27, 37, 423, 0, 37, 250, 7242 }, // U+01E0
    { 19, 33, 338, 1, 32, 157, 7492 }, // U+01E1
    { 35, 33, 571, 0, 33, 289, 7649 }, // U+01E2
    { 29, 27, 505, 1, 26, 196, 7938 }, // U+01E3
    { 25, 29, 428, 2, 28, 182, 8134 }, // U+01E4
    { 21, 31, 323, 0, 22, 163, 8316 }, // U+01E5
    { 25, 36, 428, 2, 35, 225, 8479 }, // U+01E6
    { 20, 38, 323, 0, 29, 190, 8704 }, // U+01E7
    { 26, 35, 420, 1, 35, 228, 8894 }, // U+01E8
    { 22, 36, 351, 0, 36, 198, 9122 }, // U+01E9
    { 24, 37, 445, 2, 28, 222, 9320 }, // U+01EA
    { 18, 30, 346, 2, 21, 135, 9542 }, // U+01EB
    { 24, 41, 445, 2, 32, 246, 9677 }, // U+01EC
    { 18, 35, 346, 2, 26, 158, 9923 }, // U+01ED
    { 20, 36, 362, 1, 35, 180, 10081 }, // U+01EE
    { 18, 38, 328, 1, 29, 171, 10261 }, // U+01EF
    { 12, 38, 180, -1, 29, 114, 10432 }, // U+01F0
    { 47, 27, 791, 1, 27, 318, 10546 }, // U+01F1
    { 44, 27, 743, 1, 27, 297, 10864 }, // U+01F2
    { 39, 30, 675, 2, 29, 293, 11161 }, // U+01F3
    { 25, 37, 428, 2, 36, 232, 11454 }, // U+01F4
    { 20, 38, 323, 0, 29, 190, 11686 }, // U+01F5
    { 39, 28, 638, 1, 27, 273, 11876 }, // U+01F6
    { 25, 37, 416, 0, 28, 232, 12149 }, // U+01F7
    { 27, 36, 458, 1, 36, 243, 12381 }, // U+01F8
    { 23, 29, 387, 1, 29, 167, 12624 }, // U+01F9
    { 27, 36, 423, 0, 36, 243, 12791 }, // U+01FA
    { 19, 37, 338, 1, 36, 176, 13034 }, // U+01FB
    { 35, 35, 571, 0, 35, 307, 13210 }, // U+01FC
    { 29, 30, 505, 1, 29, 218, 13517 }, // U+01FD
    { 24, 37, 445, 2, 35, 222, 13735 }, // U+01FE
    { 18, 31, 346, 2, 29, 140, 13957 }, // U+01FF
    { 27, 35, 423, 0, 35, 237, 14097 }, // U+0200
    { 19, 30, 338, 1, 29, 143, 14334 }, // U+0201
    { 27, 34, 423, 0, 34, 230, 14477 }, // U+0202
    { 19, 29, 338, 1, 28, 138, 14707 }, // U+0203
    { 21, 35, 374, 1, 35, 184, 14845 }, // U+0204
    { 18, 30, 321, 1, 29, 135, 15029 }, // U+0205
    { 21, 34, 374, 1, 34, 179, 15164 }, // U+0206
    { 17, 29, 321, 2, 28, 124, 15343 }, // U+0207
    { 15, 35, 220, -2, 35, 132, 15467 }, // U+0208
    { 15, 29, 192, -3, 29, 109, 15599 }, // U+0209
    { 12, 34, 220, 1, 34, 102, 15708 }, // U+020A
    { 12, 28, 192, 0, 28, 84, 15810 }, // U+020B
    { 24, 36, 445, 2, 35, 216, 15894 }, // U+020C
    { 18, 30, 346, 2, 29, 135, 16110 }, // U+020D
    { 24, 35, 445, 2, 34, 210, 16245 }, // U+020E
    { 18, 29, 346, 2, 28, 131, 16455 }, // U+020F
    { 24, 35, 394, 1, 35, 210, 16586 }, // U+0210
    { 18, 29, 283, 0, 29, 131, 16796 }, // U+0211
    { 24, 34, 394, 1, 34, 204, 16927 }, // U+0212
    { 17, 28, 283, 1, 28, 119, 17131 }, // U+0213
    { 27, 36, 430, 0, 35, 243, 17250 }, // U+0214
    { 23, 30, 381, 0, 29, 173, 17493 }, // U+0215
    { 27, 35, 430, 0, 34, 237, 17666 }, // U+0216
    { 23, 29, 381, 0, 28, 167, 17903 }, // U+0217
    { 18, 37, 326, 1, 28, 167, 18070 }, // U+0218
    { 15, 30, 271, 1, 21, 113, 18237 }, // U+0219
    { 23, 36, 368, 0, 27, 207, 18350 }, // U+021A
    { 13, 34, 211, 0, 25, 111, 18557 }, // U+021B
    { 19, 34, 363, 2, 28, 162, 18668 }, // U+021C
    { 16, 30, 296, 1, 21, 120, 18830 }, // U+021D
    { 28, 36, 476, 1, 36, 252, 18950 }, // U+021E
    { 23, 36, 381, 0, 36, 207, 19202 }, // U+021F
    { 9, 7, 0, -17, 29, 16, 0 }, // U+0300
    { 8, 7, 0, -12, 29, 14, 16 }, // U+0301
    { 12, 7, 0, -17, 29, 21, 30 }, // U+0302
    { 14, 6, 0, -19, 28, 21, 51 }, // U+0303
    { 12, 3, 0, -6, 26, 9, 72 }, // U+0304
    { 16, 3, 0, -8, 31, 12, 81 }, // U+0305
    { 12, 6, 0, -6, 28, 18, 93 }, // U+0306
    { 6, 6, 0, -3, 29, 9, 111 }, // U+0307
    { 12, 5, 0, -6, 28, 15, 120 }, // U+0308
    { 10, 9, 0, -16, 31, 23, 135 }, // U+0309
    { 10, 9, 0, -5, 31, 23, 158 }, // U+030A
    { 15, 7, 0, -6, 29, 27, 181 }, // U+030B
    { 12, 7, 0, -17, 29, 21, 208 }, // U+030C
    { 4, 7, 0, -2, 29, 7, 229 }, // U+030D
    { 8, 7, 0, -4, 29, 14, 236 }, // U+030E
    { 15, 7, 0, -20, 29, 27, 250 }, // U+030F
    { 12, 10, 0, -6, 32, 30, 277 }, // U+0310
    { 12, 6, 0, -6, 28, 18, 307 }, // U+0311
    { 8, 11, 0, -4, 27, 22, 325 }, // U+0312
    { 8, 11, 0, -4, 27, 22, 347 }, // U+0313
    { 8, 11, 0, -4, 27, 22, 369 }, // U+0314
    { 8, 11, 0, -4, 27, 22, 391 }, // U+0315
    { 8, 7, 0, -4, -2, 14, 413 }, // U+0316
    { 8, 7, 0, -4, -2, 14, 427 }, // U+0317
    { 6, 7, 0, -3, -1, 11, 441 }, // U+0318
    { 6, 7, 0, -3, -1, 11, 452 }, // U+0319
    { 10, 10, 208, 0, 29, 25, 463 }, // U+031A
    { 7, 9, 0, -4, 29, 16, 488 }, // U+031B
    { 6, 9, 0, -3, 0, 14, 504 }, // U+031C
    { 8, 7, 0, -4, -1, 14, 518 }, // U+031D
    { 8, 7, 0, -4, -1, 14, 532 }, // U+031E
    { 8, 8, 0, -4, -1, 16, 546 }, // U+031F
    { 8, 3, 0, -4, -3, 6, 562 }, // U+0320
    { 7, 10, 0, -7, 2, 18, 568 }, // U+0321
    { 7, 10, 0, 0, 2, 18, 586 }, // U+0322
    { 5, 5, 0, -14, -2, 7, 604 }, // U+0323
    { 12, 5, 0, -6, -2, 15, 611 }, // U+0324
    { 10, 8, 0, -5, -1, 20, 626 }, // U+0325
    { 6, 7, 0, -3, -2, 11, 646 }, // U+0326
    { 8, 10, 0, -4, 1, 20, 657 }, // U+0327
    { 10, 9, 0, -5, 0, 23, 677 }, // U+0328
    { 4, 7, 0, -2, -1, 7, 700 }, // U+0329
    { 14, 7, 0, -7, -2, 25, 707 }, // U+032A
    { 12, 5, 0, -6, -2, 15, 732 }, // U+032B
    { 12, 7, 0, -6, -2, 21, 747 }, // U+032C
    { 12, 7, 0, -6, -2, 21, 768 }, // U+032D
    { 12, 6, 0, -6, -2, 18, 789 }, // U+032E
    { 12, 6, 0, -6, -2, 18, 807 }, // U+032F
    { 14, 5, 0, -7, -2, 18, 825 }, // U+0330
    { 12, 4, 0, -6, -2, 12, 843 }, // U+0331
    { 16, 4, 0, -8, -2, 16, 855 }, // U+0332
    { 16, 8, 0, -8, -1, 32, 871 }, // U+0333
    { 14, 6, 0, -7, 14, 21, 903 }, // U+0334
    { 14, 3, 0, -7, 12, 11, 924 }, // U+0335
    { 24, 3, 0, -12, 12, 18, 935 }, // U+0336
    { 14, 9, 0, -7, 15, 32, 953 }, // U+0337
    { 15, 32, 0, -8, 29, 120, 985 }, // U+0338
    { 6, 9, 0, -3, 0, 14, 1105 }, // U+0339
    { 14, 7, 0, -7, -2, 25, 1119 }, // U+033A
    { 14, 8, 0, -7, -1, 28, 1144 }, // U+033B
    { 12, 5, 0, -6, -2, 15, 1172 }, // U+033C
    { 8, 8, 0, -4, 29, 16, 1187 }, // U+033D
    { 6, 12, 0, -3, 33, 18, 1203 }, // U+033E
    { 16, 8, 0, -8, 36, 32, 1221 }, // U+033F
    { 8, 7, 0, -5, 29, 14, 1253 }, // U+0340
    { 8, 7, 0, -3, 29, 14, 1267 }, // U+0341
    { 14, 6, 0, -7, 28, 21, 1281 }, // U+0342
    { 5, 8, 0, -3, 30, 10, 1302 }, // U+0343
    { 16, 9, 0, -7, 30, 36, 1312 }, // U+0344
    { 7, 7, 0, 2, -2, 13, 1348 }, // U+0345
    { 14, 7, 0, -7, 29, 25, 1361 }, // U+0346
    { 16, 8, 0, -8, -1, 32, 1386 }, // U+0347
    { 8, 7, 0, -4, -1, 14, 1418 }, // U+0348
    { 6, 7, 0, -3, -2, 11, 1432 }, // U+0349
    { 14, 8, 0, -7, 29, 28, 1443 }, // U+034A
    { 14, 14, 0, -7, 35, 49, 1471 }, // U+034B
    { 14, 12, 0, -7, 33, 42, 1520 }, // U+034C
    { 12, 8, 0, -6, -1, 24, 1562 }, // U+034D
    { 8, 9, 0, -4, 0, 18, 1586 }, // U+034E
    { 28, 27, 0, -14, 27, 189, 1604 }, // U+034F
    { 8, 9, 0, -4, 30, 18, 1793 }, // U+0350
    { 6, 9, 0, -3, 31, 14, 1811 }, // U+0351
    { 12, 10, 0, -6, 32, 30, 1825 }, // U+0352
    { 8, 8, 0, -4, -1, 16, 1855 }, // U+0353
    { 8, 9, 0, -4, 0, 18, 1871 }, // U+0354
    { 8, 9, 0, -4, 0, 18, 1889 }, // U+0355
    { 16, 8, 0, -8, -1, 32, 1907 }, // U+0356
    { 6, 9, 0, -3, 31, 14, 1939 }, // U+0357
    { 5, 6, 0, 4, 29, 8, 1953 }, // U+0358
    { 10, 8, 0, -5, -1, 20, 1961 }, // U+0359
    { 14, 8, 0, -7, -1, 28, 1981 }, // U+035A
    { 8, 8, 0, -4, 30, 16, 2009 }, // U+035B
    { 30, 8, 0, -15, 0, 60, 2025 }, // U+035C
    { 30, 8, 0, -15, 30, 60, 2085 }, // U+035D
    { 24, 3, 0, -12, 25, 18, 2145 }, // U+035E
    { 24, 3, 0, -12, -3, 18, 2163 }, // U+035F
    { 30, 6, 0, -15, 29, 45, 2181 }, // U+0360
    { 30, 7, 0, -15, 31, 53, 2226 }, // U+0361
    { 24, 8, 0, -12, -1, 48, 2279 }, // U+0362
    { 9, 9, 0, -4, 32, 21, 2327 }, // U+0363
    { 9, 9, 0, -4, 32, 21, 2348 }, // U+0364
    { 5, 12, 0, -2, 35, 15, 2369 }, // U+0365
    { 9, 9, 0, -4, 32, 21, 2384 }, // U+0366
    { 11, 9, 0, -5, 32, 25, 2405 }, // U+0367
    { 7, 9, 0, -3, 32, 16, 2430 }, // U+0368
    { 10, 12, 0, -4, 35, 30, 2446 }, // U+0369
    { 11, 12, 0, -5, 35, 33, 2476 }, // U+036A
    { 16, 9, 0, -8, 32, 36, 2509 }, // U+036B
    { 9, 9, 0, -4, 32, 21, 2545 }, // U+036C
    { 6, 11, 0, -3, 34, 17, 2566 }, // U+036D
    { 11, 9, 0, -5, 32, 25, 2583 }, // U+036E
    { 11, 9, 0, -5, 32, 25, 2608 }, // U+036F
    { 21, 35, 377, 1, 35, 184, 0 }, // U+0400
    { 21, 35, 377, 1, 35, 184, 184 }, // U+0401
    { 29, 27, 475, 0, 27, 196, 368 }, // U+0402
    { 20, 35, 338, 1, 35, 175, 564 }, // U+0403
    { 20, 29, 368, 2, 28, 145, 739 }, // U+0404
    { 18, 29, 330, 1, 28, 131, 884 }, // U+0405
    { 12, 27, 223, 1, 27, 81, 1015 }, // U+0406
    { 12, 35, 223, 1, 35, 105, 1096 }, // U+0407
    { 14, 36, 217, -1, 27, 126, 1201 }, // U+0408
    { 35, 28, 578, 0, 27, 245, 1327 }, // U+0409
    { 36, 27, 611, 1, 27, 243, 1572 }, // U+040A
    { 31, 27, 511, 0, 27, 210, 1815 }, // U+040B
    { 26, 35, 422, 1, 35, 228, 2025 }, // U+040C
    { 28, 35, 484, 1, 35, 245, 2253 }, // U+040D
    { 25, 36, 390, 0, 35, 225, 2498 }, // U+040E
    { 28, 35, 472, 1, 27, 245, 2723 }, // U+040F
    { 27, 27, 423, 0, 27, 183, 2968 }, // U+0410
    { 21, 27, 378, 1, 27, 142, 3151 }, // U+0411
    { 22, 27, 393, 1, 27, 149, 3293 }, // U+0412
    { 20, 27, 338, 1, 27, 135, 3442 }, // U+0413
    { 27, 35, 445, 0, 27, 237, 3577 }, // U+0414
    { 21, 27, 377, 1, 27, 142, 3814 }, // U+0415
    { 39, 27, 588, -1, 27, 264, 3956 }, // U+0416
    { 20, 29, 357, 1, 28, 145, 4220 }, // U+0417
    { 28, 27, 484, 1, 27, 189, 4365 }, // U+0418
    { 28, 35, 484, 1, 35, 245, 4554 }, // U+0419
    { 26, 27, 422, 1, 27, 176, 4799 }, // U+041A
    { 26, 28, 439, 0, 27, 182, 4975 }, // U+041B
    { 34, 27, 573, 1, 27, 230, 5157 }, // U+041C
    { 28, 27, 478, 1, 27, 189, 5387 }, // U+041D
    { 24, 29, 444, 2, 28, 174, 5576 }, // U+041E
    { 28, 27, 472, 1, 27, 189, 5750 }, // U+041F
    { 21, 27, 366, 1, 27, 142, 5939 }, // U+0420
    { 20, 29, 368, 2, 28, 145, 6081 }, // U+0421
    { 23, 27, 374, 0, 27, 156, 6226 }, // U+0422
    { 25, 28, 390, 0, 27, 175, 6382 }, // U+0423
    { 30, 29, 515, 1, 28, 218, 6557 }, // U+0424
    { 25, 27, 398, 0, 27, 169, 6775 }, // U+0425
    { 28, 35, 472, 1, 27, 245, 6944 }, // U+0426
    { 27, 27, 454, 0, 27, 183, 7189 }, // U+0427
    { 38, 27, 644, 1, 27, 257, 7372 }, // U+0428
    { 38, 35, 644, 1, 27, 333, 7629 }, // U+0429
    { 26, 27, 431, 0, 27, 176, 7962 }, // U+042A
    { 32, 27, 549, 1, 27, 216, 8138 }, // U+042B
    { 21, 27, 372, 1, 27, 142, 8354 }, // U+042C
    { 21, 29, 376, 1, 28, 153, 8496 }, // U+042D
    { 36, 29, 612, 1, 28, 261, 8649 }, // U+042E
    { 25, 27, 395, -1, 27, 169, 8910 }, // U+042F
    { 19, 22, 342, 1, 21, 105, 9079 }, // U+0430
    { 20, 30, 350, 1, 29, 150, 9184 }, // U+0431
    { 19, 21, 332, 1, 21, 100, 9334 }, // U+0432
    { 16, 21, 285, 1, 21, 84, 9434 }, // U+0433
    { 22, 28, 370, 0, 21, 154, 9518 }, // U+0434
    { 18, 22, 321, 1, 21, 99, 9672 }, // U+0435
    { 30, 21, 480, 0, 21, 158, 9771 }, // U+0436
    { 16, 22, 285, 1, 21, 88, 9929 }, // U+0437
    { 23, 21, 405, 1, 21, 121, 10017 }, // U+0438
    { 23, 29, 405, 1, 29, 167, 10138 }, // U+0439
    { 22, 21, 355, 1, 21, 116, 10305 }, // U+043A
    { 22, 22, 368, 0, 21, 121, 10421 }, // U+043B
    { 29, 21, 495, 1, 21, 153, 10542 }, // U+043C
    { 23, 21, 402, 1, 21, 121, 10695 }, // U+043D
    { 19, 22, 347, 1, 21, 105, 10816 }, // U+043E
    { 23, 21, 396, 1, 21, 121, 10921 }, // U+043F
    { 22, 30, 382, 1, 21, 165, 11042 }, // U+0440
    { 17, 22, 295, 1, 21, 94, 11207 }, // U+0441
    { 19, 21, 318, 0, 21, 100, 11301 }, // U+0442
    { 22, 31, 342, 0, 21, 171, 11401 }, // U+0443
    { 25, 39, 434, 1, 29, 244, 11572 }, // U+0444
    { 22, 21, 347, 0, 21, 116, 11816 }, // U+0445
    { 23, 28, 396, 1, 21, 161, 11932 }, // U+0446
    { 23, 21, 379, 0, 21, 121, 12093 }, // U+0447
    { 33, 21, 565, 1, 21, 174, 12214 }, // U+0448
    { 34, 28, 565, 1, 21, 238, 12388 }, // U+0449
    { 23, 21, 372, 0, 21, 121, 12626 }, // U+044A
    { 29, 21, 492, 1, 21, 153, 12747 }, // U+044B
    { 19, 21, 322, 1, 21, 100, 12900 }, // U+044C
    { 16, 22, 297, 1, 21, 88, 13000 }, // U+044D
    { 29, 22, 496, 1, 21, 160, 13088 }, // U+044E
    { 20, 21, 342, 0, 21, 105, 13248 }, // U+044F
    { 18, 30, 321, 1, 29, 135, 13353 }, // U+0450
    { 18, 29, 321, 1, 28, 131, 13488 }, // U+0451
    { 20, 38, 362, 1, 29, 190, 13619 }, // U+0452
    { 16, 29, 285, 1, 29, 116, 13809 }, // U+0453
    { 17, 22, 295, 1, 21, 94, 13925 }, // U+0454
    { 15, 22, 271, 1, 21, 83, 14019 }, // U+0455
    { 11, 29, 206, 1, 29, 80, 14102 }, // U+0456
    { 11, 29, 206, 1, 29, 80, 14182 }, // U+0457
    { 9, 38, 194, 0, 29, 86, 14262 }, // U+0458
    { 29, 22, 473, 0, 21, 160, 14348 }, // U+0459
    { 30, 21, 509, 1, 21, 158, 14508 }, // U+045A
    { 23, 29, 396, 1, 29, 167, 14666 }, // U+045B
    { 22, 29, 355, 1, 29, 160, 14833 }, // U+045C
    { 23, 29, 405, 1, 29, 167, 14993 }, // U+045D
    { 22, 39, 342, 0, 29, 215, 15160 }, // U+045E
    { 23, 28, 396, 1, 21, 161, 15375 }, // U+045F
    { 36, 28, 589, 0, 28, 252, 15536 }, // U+0460
    { 29, 21, 488, 0, 21, 153, 15788 }, // U+0461
    { 24, 27, 400, 0, 27, 162, 15941 }, // U+0462
    { 21, 29, 357, 0, 29, 153, 16103 }, // U+0463
    { 32, 29, 547, 1, 28, 232, 16256 }, // U+0464
    { 29, 22, 476, 0, 21, 160, 16488 }, // U+0465
    { 26, 27, 415, 0, 27, 176, 16648 }, // U+0466
    { 22, 21, 353, 0, 21, 116, 16824 }, // U+0467
    { 39, 27, 629, 1, 27, 264, 16940 }, // U+0468
    { 32, 21, 499, 0, 21, 168, 17204 }, // U+0469
    { 30, 27, 472, 0, 27, 203, 17372 }, // U+046A
    { 27, 21, 421, 0, 21, 142, 17575 }, // U+046B
    { 42, 27, 682, 1, 27, 284, 17717 }, // U+046C
    { 36, 21, 566, 0, 21, 189, 18001 }, // U+046D
    { 19, 40, 362, 2, 32, 190, 18190 }, // U+046E
    { 17, 33, 293, 1, 25, 141, 18380 }, // U+046F
    { 31, 27, 497, 0, 27, 210, 18521 }, // U+0470
    { 24, 38, 416, 0, 29, 228, 18731 }, // U+0471
    { 24, 29, 445, 2, 28, 174, 18959 }, // U+0472
    { 18, 22, 346, 2, 21, 99, 19133 }, // U+0473
    { 27, 27, 416, 0, 27, 183, 19232 }, // U+0474
    { 23, 21, 352, 0, 21, 121, 19415 }, // U+0475
    { 27, 35, 416, 0, 35, 237, 19536 }, // U+0476
    { 23, 29, 352, 0, 29, 167, 19773 }, // U+0477
    { 45, 37, 737, 2, 28, 417, 19940 }, // U+0478
    { 38, 30, 626, 2, 21, 285, 20357 }, // U+0479
    { 26, 33, 469, 2, 30, 215, 20642 }, // U+047A
    { 20, 26, 382, 2, 23, 130, 20857 }, // U+047B
    { 33, 40, 589, 2, 39, 330, 20987 }, // U+047C
    { 27, 34, 473, 1, 33, 230, 21317 }, // U+047D
    { 36, 33, 589, 0, 33, 297, 21547 }, // U+047E
    { 29, 27, 488, 0, 27, 196, 21844 }, // U+047F
    { 20, 37, 368, 2, 28, 185, 22040 }, // U+0480
    { 15, 30, 295, 2, 21, 113, 22225 }, // U+0481
    { 20, 25, 365, 1, 24, 125, 22338 }, // U+0482
    { 14, 6, 0, -7, 27, 21, 22463 }, // U+0483
    { 14, 6, 0, -7, 28, 21, 22484 }, // U+0484
    { 6, 8, 0, -3, 30, 12, 22505 }, // U+0485
    { 6, 8, 0, -3, 30, 12, 22517 }, // U+0486
    { 14, 5, 0, -7, 33, 18, 22529 }, // U+0487
    { 48, 42, 0, -24, 31, 504, 22547 }, // U+0488
    { 46, 46, 0, -23, 33, 529, 23051 }, // U+0489
    { 29, 43, 485, 1, 35, 312, 23580 }, // U+048A
    { 24, 37, 405, 1, 29, 222, 23892 }, // U+048B
    { 21, 29, 362, 1, 29, 153, 24114 }, // U+048C
    { 21, 25, 357, 0, 25, 132, 24267 }, // U+048D
    { 21, 27, 362, 1, 27, 142, 24399 }, // U+048E
    { 21, 30, 368, 0, 21, 158, 24541 }, // U+048F
    { 19, 32, 326, 1, 32, 152, 24699 }, // U+0490
    { 16, 25, 267, 0, 25, 100, 24851 }, // U+0491
    { 21, 27, 337, 0, 27, 142, 24951 }, // U+0492
    { 17, 21, 275, 0, 21, 90, 25093 }, // U+0493
    { 23, 37, 395, 1, 27, 213, 25183 }, // U+0494
    { 20, 30, 329, 0, 21, 150, 25396 }, // U+0495
    { 38, 35, 621, 0, 27, 333, 25546 }, // U+0496
    { 34, 29, 552, 0, 21, 247, 25879 }, // U+0497
    { 20, 37, 362, 1, 28, 185, 26126 }, // U+0498
    { 16, 30, 293, 1, 21, 120, 26311 }, // U+0499
    { 26, 35, 445, 1, 27, 228, 26431 }, // U+049A
    { 24, 29, 385, 0, 21, 174, 26659 }, // U+049B
    { 26, 27, 438, 1, 27, 176, 26833 }, // U+049C
    { 24, 21, 387, 0, 21, 126, 27009 }, // U+049D
    { 25, 27, 420, 1, 27, 169, 27135 }, // U+049E
    { 23, 29, 369, 0, 29, 167, 27304 }, // U+049F
    { 29, 27, 471, 0, 27, 196, 27471 }, // U+04A0
    { 27, 21, 425, 0, 21, 142, 27667 }, // U+04A1
    { 28, 35, 476, 1, 27, 245, 27809 }, // U+04A2
    { 25, 29, 413, 0, 21, 182, 28054 }, // U+04A3
    { 32, 27, 527, 1, 27, 216, 28236 }, // U+04A4
    { 29, 21, 469, 0, 21, 153, 28452 }, // U+04A5
    { 38, 37, 632, 1, 27, 352, 28605 }, // U+04A6
    { 33, 30, 532, 0, 21, 248, 28957 }, // U+04A7
    { 25, 30, 444, 2, 28, 188, 29205 }, // U+04A8
    { 21, 23, 374, 2, 21, 121, 29393 }, // U+04A9
    { 20, 37, 368, 2, 28, 185, 29514 }, // U+04AA
    { 15, 30, 295, 2, 21, 113, 29699 }, // U+04AB
    { 23, 35, 368, 0, 27, 202, 29812 }, // U+04AC
    { 20, 29, 328, 0, 21, 145, 30014 }, // U+04AD
    { 25, 27, 375, -1, 27, 169, 30159 }, // U+04AE
    { 22, 30, 347, 0, 21, 165, 30328 }, // U+04AF
    { 25, 27, 375, -1, 27, 169, 30493 }, // U+04B0
    { 22, 30, 347, 0, 21, 165, 30662 }, // U+04B1
    { 26, 35, 425, 0, 27, 228, 30827 }, // U+04B2
    { 23, 29, 367, 0, 21, 167, 31055 }, // U+04B3
    { 33, 35, 536, 0, 27, 289, 31222 }, // U+04B4
    { 30, 29, 489, 0, 21, 218, 31511 }, // U+04B5
    { 28, 35, 454, 0, 27, 245, 31729 }, // U+04B6
    { 24, 29, 384, 0, 21, 174, 31974 }, // U+04B7
    { 27, 27, 454, 0, 27, 183, 32148 }, // U+04B8
    { 23, 21, 379, 0, 21, 121, 32331 }, // U+04B9
    { 27, 27, 454, 1, 27, 183, 32452 }, // U+04BA
    { 23, 29, 381, 0, 29, 167, 32635 }, // U+04BB
    { 29, 29, 485, 0, 28, 211, 32802 }, // U+04BC
    { 23, 22, 383, 0, 21, 127, 33013 }, // U+04BD
    { 29, 36, 485, 0, 28, 261, 33140 }, // U+04BE
    { 23, 29, 383, 0, 21, 167, 33401 }, // U+04BF
    { 12, 27, 220, 1, 27, 81, 33568 }, // U+04C0
    { 39, 35, 588, -1, 35, 342, 33649 }, // U+04C1
    { 30, 29, 480, 0, 29, 218, 33991 }, // U+04C2
    { 24, 37, 416, 1, 27, 222, 34209 }, // U+04C3
    { 23, 30, 367, 0, 21, 173, 34431 }, // U+04C4
    { 27, 35, 438, 0, 27, 237, 34604 }, // U+04C5
    { 22, 29, 368, 0, 21, 160, 34841 }, // U+04C6
    { 28, 36, 470, 1, 27, 252, 35001 }, // U+04C7
    { 25, 30, 407, 0, 21, 188, 35253 }, // U+04C8
    { 29, 35, 476, 1, 27, 254, 35441 }, // U+04C9
    { 23, 29, 402, 1, 21, 167, 35695 }, // U+04CA
    { 27, 35, 454, 0, 27, 237, 35862 }, // U+04CB
    { 24, 29, 384, 0, 21, 174, 36099 }, // U+04CC
    { 34, 35, 563, 1, 27, 298, 36273 }, // U+04CD
    { 29, 29, 495, 1, 21, 211, 36571 }, // U+04CE
    { 12, 27, 220, 1, 27, 81, 36782 }, // U+04CF
    { 27, 35, 423, 0, 35, 237, 36863 }, // U+04D0
    { 19, 30, 338, 1, 29, 143, 37100 }, // U+04D1
    { 27, 34, 423, 0, 34, 230, 37243 }, // U+04D2
    { 19, 29, 338, 1, 28, 138, 37473 }, // U+04D3
    { 35, 27, 571, 0, 27, 237, 37611 }, // U+04D4
    { 29, 22, 505, 1, 21, 160, 37848 }, // U+04D5
    { 21, 35, 374, 1, 35, 184, 38008 }, // U+04D6
    { 17, 30, 321, 2, 29, 128, 38192 }, // U+04D7
    { 22, 29, 414, 2, 28, 160, 38320 }, // U+04D8
    { 17, 22, 321, 1, 21, 94, 38480 }, // U+04D9
    { 22, 35, 414, 2, 34, 193, 38574 }, // U+04DA
    { 17, 29, 321, 1, 28, 124, 38767 }, // U+04DB
    { 39, 34, 588, -1, 34, 332, 38891 }, // U+04DC
    { 30, 28, 480, 0, 28, 210, 39223 }, // U+04DD
    { 20, 35, 357, 1, 34, 175, 39433 }, // U+04DE
    { 16, 29, 285, 1, 28, 116, 39608 }, // U+04DF
    { 20, 28, 362, 1, 27, 140, 39724 }, // U+04E0
    { 18, 30, 328, 1, 21, 135, 39864 }, // U+04E1
    { 28, 32, 484, 1, 32, 224, 39999 }, // U+04E2
    { 23, 26, 405, 1, 26, 150, 40223 }, // U+04E3
    { 28, 34, 484, 1, 34, 238, 40373 }, // U+04E4
    { 23, 28, 405, 1, 28, 161, 40611 }, // U+04E5
    { 24, 35, 445, 2, 34, 210, 40772 }, // U+04E6
    { 18, 29, 346, 2, 28, 131, 40982 }, // U+04E7
    { 24, 29, 445, 2, 28, 174, 41113 }, // U+04E8
    { 18, 22, 346, 2, 21, 99, 41287 }, // U+04E9
    { 24, 35, 445, 2, 34, 210, 41386 }, // U+04EA
    { 18, 29, 346, 2, 28, 131, 41596 }, // U+04EB
    { 21, 35, 376, 1, 34, 184, 41727 }, // U+04EC
    { 16, 29, 297, 1, 28, 116, 41911 }, // U+04ED
    { 25, 33, 390, 0, 32, 207, 42027 }, // U+04EE
    { 22, 35, 339, 0, 26, 193, 42234 }, // U+04EF
    { 25, 35, 390, 0, 34, 219, 42427 }, // U+04F0
    { 22, 37, 339, 0, 28, 204, 42646 }, // U+04F1
    { 25, 36, 390, 0, 35, 225, 42850 }, // U+04F2
    { 22, 38, 339, 0, 29, 209, 43075 }, // U+04F3
    { 27, 34, 454, 0, 34, 230, 43284 }, // U+04F4
    { 23, 28, 379, 0, 28, 161, 43514 }, // U+04F5
    { 20, 35, 337, 1, 27, 175, 43675 }, // U+04F6
    { 17, 29, 275, 0, 21, 124, 43850 }, // U+04F7
    { 32, 34, 549, 1, 34, 272, 43974 }, // U+04F8
    { 29, 28, 492, 1, 28, 203, 44246 }, // U+04F9
    { 21, 35, 337, 0, 27, 184, 44449 }, // U+04FA
    { 17, 29, 275, 0, 21, 124, 44633 }, // U+04FB
    { 25, 35, 396, 0, 27, 219, 44757 }, // U+04FC
    { 22, 29, 347, 0, 21, 160, 44976 }, // U+04FD
    { 25, 27, 396, 0, 27, 169, 45136 }, // U+04FE
    { 22, 21, 347, 0, 21, 116, 45305 }, // U+04FF
    { 27, 34, 423, 0, 27, 230, 0 }, // U+1EA0
    { 19, 28, 338, 1, 21, 133, 230 }, // U+1EA1
    { 27, 37, 423, 0, 37, 250, 363 }, // U+1EA2
    { 19, 32, 338, 1, 31, 152, 613 }, // U+1EA3
    { 27, 37, 423, 0, 37, 250, 765 }, // U+1EA4
    { 20, 32, 338, 1, 31, 160, 1015 }, // U+1EA5
    { 27, 37, 423, 0, 37, 250, 1175 }, // U+1EA6
    { 20, 32, 338, 0, 31, 160, 1425 }, // U+1EA7
    { 27, 39, 423, 0, 39, 264, 1585 }, // U+1EA8
    { 19, 34, 338, 1, 33, 162, 1849 }, // U+1EA9
    { 27, 40, 423, 0, 40, 270, 2011 }, // U+1EAA
    { 19, 35, 338, 1, 34, 167, 2281 }, // U+1EAB
    { 27, 42, 423, 0, 35, 284, 2448 }, // U+1EAC
    { 19, 36, 338, 1, 29, 171, 2732 }, // U+1EAD
    { 27, 38, 423, 0, 38, 257, 2903 }, // U+1EAE
    { 19, 33, 338, 1, 32, 157, 3160 }, // U+1EAF
    { 27, 38, 423, 0, 38, 257, 3317 }, // U+1EB0
    { 19, 33, 338, 1, 32, 157, 3574 }, // U+1EB1
    { 27, 40, 423, 0, 40, 270, 3731 }, // U+1EB2
    { 19, 34, 338, 1, 33, 162, 4001 }, // U+1EB3
    { 27, 40, 423, 0, 40, 270, 4163 }, // U+1EB4
    { 19, 35, 338, 1, 34, 167, 4433 }, // U+1EB5
    { 27, 41, 423, 0, 34, 277, 4600 }, // U+1EB6
    { 19, 35, 338, 1, 28, 167, 4877 }, // U+1EB7
    { 21, 34, 374, 1, 27, 179, 5044 }, // U+1EB8
    { 17, 28, 321, 2, 21, 119, 5223 }, // U+1EB9
    { 21, 37, 374, 1, 37, 195, 5342 }, // U+1EBA
    { 17, 32, 321, 2, 31, 136, 5537 }, // U+1EBB
    { 21, 34, 374, 1, 34, 179, 5673 }, // U+1EBC
    { 17, 29, 321, 2, 28, 124, 5852 }, // U+1EBD
    { 21, 37, 374, 1, 37, 195, 5976 }, // U+1EBE
    { 19, 32, 321, 2, 31, 152, 6171 }, // U+1EBF
    { 21, 37, 374, 1, 37, 195, 6323 }, // U+1EC0
    { 19, 32, 321, 0, 31, 152, 6518 }, // U+1EC1
    { 21, 39, 374, 1, 39, 205, 6670 }, // U+1EC2
    { 17, 34, 321, 2, 33, 145, 6875 }, // U+1EC3
    { 21, 40, 374, 1, 40, 210, 7020 }, // U+1EC4
    { 17, 35, 321, 2, 34, 149, 7230 }, // U+1EC5
    { 21, 42, 374, 1, 35, 221, 7379 }, // U+1EC6
    { 17, 36, 321, 2, 29, 153, 7600 }, // U+1EC7
    { 12, 37, 220, 1, 37, 111, 7753 }, // U+1EC8
    { 12, 31, 192, 0, 31, 93, 7864 }, // U+1EC9
    { 12, 34, 220, 1, 27, 102, 7957 }, // U+1ECA
    { 12, 36, 192, 0, 29, 108, 8059 }, // U+1ECB
    { 24, 35, 445, 2, 28, 210, 8167 }, // U+1ECC
    { 18, 28, 346, 2, 21, 126, 8377 }, // U+1ECD
    { 24, 38, 445, 2, 37, 228, 8503 }, // U+1ECE
    { 18, 32, 346, 2, 31, 144, 8731 }, // U+1ECF
    { 24, 38, 445, 2, 37, 228, 8875 }, // U+1ED0
    { 19, 32, 346, 2, 31, 152, 9103 }, // U+1ED1
    { 24, 38, 445, 2, 37, 228, 9255 }, // U+1ED2
    { 20, 32, 346, 0, 31, 160, 9483 }, // U+1ED3
    { 24, 40, 445, 2, 39, 240, 9643 }, // U+1ED4
    { 18, 34, 346, 2, 33, 153, 9883 }, // U+1ED5
    { 24, 41, 445, 2, 40, 246, 10036 }, // U+1ED6
    { 18, 35, 346, 2, 34, 158, 10282 }, // U+1ED7
    { 24, 42, 445, 2, 35, 252, 10440 }, // U+1ED8
    { 18, 36, 346, 2, 29, 162, 10692 }, // U+1ED9
    { 27, 36, 467, 2, 35, 243, 10854 }, // U+1EDA
    { 22, 30, 364, 2, 29, 165, 11097 }, // U+1EDB
    { 27, 36, 467, 2, 35, 243, 11262 }, // U+1EDC
    { 22, 30, 364, 2, 29, 165, 11505 }, // U+1EDD
    { 27, 38, 467, 2, 37, 257, 11670 }, // U+1EDE
    { 22, 32, 364, 2, 31, 176, 11927 }, // U+1EDF
    { 27, 35, 467, 2, 34, 237, 12103 }, // U+1EE0
    { 22, 29, 364, 2, 28, 160, 12340 }, // U+1EE1
    { 27, 36, 467, 2, 29, 243, 12500 }, // U+1EE2
    { 22, 31, 364, 2, 24, 171, 12743 }, // U+1EE3
    { 27, 34, 430, 0, 27, 230, 12914 }, // U+1EE4
    { 23, 28, 381, 0, 21, 161, 13144 }, // U+1EE5
    { 27, 38, 430, 0, 37, 257, 13305 }, // U+1EE6
    { 23, 32, 381, 0, 31, 184, 13562 }, // U+1EE7
    { 29, 36, 467, 0, 35, 261, 13746 }, // U+1EE8
    { 26, 30, 406, 0, 29, 195, 14007 }, // U+1EE9
    { 29, 36, 467, 0, 35, 261, 14202 }, // U+1EEA
    { 26, 30, 406, 0, 29, 195, 14463 }, // U+1EEB
    { 29, 38, 467, 0, 37, 276, 14658 }, // U+1EEC
    { 26, 32, 406, 0, 31, 208, 14934 }, // U+1EED
    { 29, 35, 467, 0, 34, 254, 15142 }, // U+1EEE
    { 26, 29, 406, 0, 28, 189, 15396 }, // U+1EEF
    { 29, 36, 467, 0, 29, 261, 15585 }, // U+1EF0
    { 26, 31, 406, 0, 24, 202, 15846 }, // U+1EF1
    { 25, 35, 375, -1, 35, 219, 16048 }, // U+1EF2
    { 22, 38, 339, 0, 29, 209, 16267 }, // U+1EF3
    { 25, 34, 375, -1, 27, 213, 16476 }, // U+1EF4
    { 22, 30, 339, 0, 21, 165, 16689 }, // U+1EF5
    { 25, 37, 375, -1, 37, 232, 16854 }, // U+1EF6
    { 22, 40, 339, 0, 31, 220, 17086 }, // U+1EF7
    { 25, 34, 375, -1, 34, 213, 17306 }, // U+1EF8
    { 22, 37, 339, 0, 28, 204, 17519 }, // U+1EF9
    { 0, 0, 300, 0, 0, 0, 0 }, // U+2000
    { 0, 0, 600, 0, 0, 0, 0 }, // U+2001
    { 0, 0, 300, 0, 0, 0, 0 }, // U+2002
    { 0, 0, 600, 0, 0, 0, 0 }, // U+2003
    { 0, 0, 200, 0, 0, 0, 0 }, // U+2004
    { 0, 0, 150, 0, 0, 0, 0 }, // U+2005
    { 0, 0, 100, 0, 0, 0, 0 }, // U+2006
    { 0, 0, 335, 0, 0, 0, 0 }, // U+2007
    { 0, 0, 150, 0, 0, 0, 0 }, // U+2008
    { 0, 0, 100, 0, 0, 0, 0 }, // U+2009
    { 0, 0, 60, 0, 0, 0, 0 }, // U+200A
    { 0, 0, 0, 0, 0, 0, 0 }, // U+200B
    { 2, 29, 0, -1, 24, 15, 0 }, // U+200C
    { 10, 31, 0, -5, 26, 78, 15 }, // U+200D
    { 9, 31, 0, -1, 26, 70, 93 }, // U+200E
    { 9, 31, 0, -8, 26, 70, 163 }, // U+200F
    { 11, 4, 186, 0, 12, 11, 233 }, // U+2010
    { 11, 4, 186, 0, 12, 11, 244 }, // U+2011
    { 19, 3, 335, 1, 15, 15, 255 }, // U+2012
    { 20, 4, 300, -1, 12, 20, 270 }, // U+2013
    { 39, 4, 600, -1, 12, 39, 290 }, // U+2014
    { 39, 4, 600, -1, 12, 39, 329 }, // U+2015
    { 9, 38, 335, 6, 29, 86, 368 }, // U+2016
    { 17, 8, 247, -1, 0, 34, 454 }, // U+2017
    { 7, 11, 150, 2, 27, 20, 488 }, // U+2018
    { 7, 11, 150, 1, 27, 20, 508 }, // U+2019
    { 7, 11, 150, 1, 5, 20, 528 }, // U+201A
    { 7, 11, 150, 2, 27, 20, 548 }, // U+201B
    { 14, 11, 270, 2, 27, 39, 568 }, // U+201C
    { 14, 11, 270, 1, 27, 39, 607 }, // U+201D
    { 14, 11, 270, 1, 5, 39, 646 }, // U+201E
    { 14, 11, 270, 2, 27, 39, 685 }, // U+201F
    { 15, 34, 269, 1, 29, 128, 724 }, // U+2020
    { 15, 34, 269, 1, 29, 128, 852 }, // U+2021
    { 11, 12, 217, 1, 19, 33, 980 }, // U+2022
    { 13, 13, 300, 3, 20, 43, 1013 }, // U+2023
    { 6, 6, 150, 2, 16, 9, 1056 }, // U+2024
    { 16, 6, 322, 2, 16, 24, 1065 }, // U+2025
    { 27, 6, 515, 3, 5, 41, 1089 }, // U+2026
    { 6, 6, 150, 2, 14, 9, 1130 }, // U+2027
    { 0, 0, 360, 0, 0, 0, 1139 }, // U+2028
    { 0, 0, 360, 0, 0, 0, 1139 }, // U+2029
    { 9, 28, 0, -1, 23, 63, 1139 }, // U+202A
    { 9, 28, 0, -8, 23, 63, 1202 }, // U+202B
    { 10, 31, 0, -5, 26, 78, 1265 }, // U+202C
    { 10, 31, 0, -5, 26, 78, 1343 }, // U+202D
    { 10, 31, 0, -5, 26, 78, 1421 }, // U+202E
    { 0, 0, 100, 0, 0, 0, 1499 }, // U+202F
    { 46, 29, 775, 1, 28, 334, 1499 }, // U+2030
    { 61, 29, 1012, 1, 28, 443, 1833 }, // U+2031
    { 7, 10, 113, 0, 27, 18, 2276 }, // U+2032
    { 14, 10, 226, 0, 27, 35, 2294 }, // U+2033
    { 21, 10, 338, 0, 27, 53, 2329 }, // U+2034
    { 7, 10, 113, 0, 27, 18, 2382 }, // U+2035
    { 14, 10, 226, 0, 27, 35, 2400 }, // U+2036
    { 21, 10, 338, 0, 27, 53, 2435 }, // U+2037
    { 13, 11, 240, 1, 2, 36, 2488 }, // U+2038
    { 9, 15, 200, 2, 18, 34, 2524 }, // U+2039
    { 9, 15, 200, 2, 18, 34, 2558 }, // U+203A
    { 27, 27, 491, 2, 27, 183, 2592 }, // U+203B
    { 15, 28, 335, 3, 27, 105, 2775 }, // U+203C
    { 18, 29, 324, 1, 28, 131, 2880 }, // U+203D
    { 19, 3, 275, -1, 31, 15, 3011 }, // U+203E
    { 30, 8, 0, -15, 0, 60, 3026 }, // U+203F
    { 30, 7, 0, -15, 31, 53, 3086 }, // U+2040
    { 17, 27, 270, 0, 27, 115, 3139 }, // U+2041
    { 34, 29, 600, 2, 29, 247, 3254 }, // U+2042
    { 11, 7, 217, 1, 17, 20, 3501 }, // U+2043
    { 17, 27, 37, -7, 27, 115, 3521 }, // U+2044
    { 10, 34, 216, 3, 29, 85, 3636 }, // U+2045
    { 9, 34, 216, 1, 29, 77, 3721 }, // U+2046
    { 34, 29, 573, 1, 28, 247, 3798 }, // U+2047
    { 24, 29, 461, 1, 28, 174, 4045 }, // U+2048
    { 25, 29, 455, 3, 28, 182, 4219 }, // U+2049
    { 18, 29, 335, 1, 22, 131, 4401 }, // U+204A
    { 21, 34, 370, 1, 29, 179, 4532 }, // U+204B
    { 20, 14, 358, 1, 21, 70, 4711 }, // U+204C
    { 20, 14, 358, 1, 21, 70, 4781 }, // U+204D
    { 16, 15, 300, 1, 21, 60, 4851 }, // U+204E
    { 7, 27, 172, 2, 21, 48, 4911 }, // U+204F
    { 25, 29, 438, 1, 28, 182, 4959 }, // U+2050
    { 16, 31, 300, 1, 29, 124, 5141 }, // U+2051
    { 12, 28, 197, 0, 27, 84, 5265 }, // U+2052
    { 17, 7, 335, 2, 17, 30, 5349 }, // U+2053
    { 30, 8, 0, -15, 0, 60, 5379 }, // U+2054
    { 18, 17, 324, 1, 22, 77, 5439 }, // U+2055
    { 18, 22, 368, 3, 21, 99, 5516 }, // U+2056
    { 26, 10, 415, 0, 27, 65, 5615 }, // U+2057
    { 21, 22, 425, 3, 21, 116, 5680 }, // U+2058
    { 21, 22, 425, 3, 21, 116, 5796 }, // U+2059
    { 5, 29, 172, 3, 28, 37, 5912 }, // U+205A
    { 21, 29, 425, 3, 28, 153, 5949 }, // U+205B
    { 21, 21, 418, 3, 21, 111, 6102 }, // U+205C
    { 5, 29, 172, 3, 28, 37, 6213 }, // U+205D
    { 5, 29, 172, 3, 28, 37, 6250 }, // U+205E
    { 0, 0, 133, 0, 0, 0, 6287 }, // U+205F
    { 0, 0, 360, 0, 0, 0, 6287 }, // U+2060
    { 0, 0, 360, 0, 0, 0, 6287 }, // U+2061
    { 0, 0, 360, 0, 0, 0, 6287 }, // U+2062
    { 0, 0, 360, 0, 0, 0, 6287 }, // U+2063
    { 0, 0, 360, 0, 0, 0, 6287 }, // U+2064
    { 0, 0, 0, 0, 0, 0, 6287 }, // U+2066
    { 0, 0, 0, 0, 0, 0, 6287 }, // U+2067
    { 0, 0, 0, 0, 0, 0, 6287 }, // U+2068
    { 0, 0, 0, 0, 0, 0, 6287 }, // U+2069
    { 10, 31, 0, -5, 26, 78, 6287 }, // U+206A
    { 10, 31, 0, -5, 26, 78, 6365 }, // U+206B
    { 10, 31, 0, -5, 26, 78, 6443 }, // U+206C
    { 10, 31, 0, -5, 26, 78, 6521 }, // U+206D
    { 10, 31, 0, -5, 26, 78, 6599 }, // U+206E
    { 10, 31, 0, -5, 26, 78, 6677 }, // U+206F
    { 13, 17, 240, 1, 31, 56, 0 }, // U+2070
    { 8, 18, 125, 0, 28, 36, 56 }, // U+2071
    { 15, 17, 240, 0, 31, 64, 92 }, // U+2074
    { 13, 17, 240, 1, 31, 56, 156 }, // U+2075
    { 13, 17, 240, 1, 31, 56, 212 }, // U+2076
    { 13, 17, 240, 1, 31, 56, 268 }, // U+2077
    { 13, 17, 240, 1, 31, 56, 324 }, // U+2078
    { 13, 17, 240, 1, 31, 56, 380 }, // U+2079
    { 13, 13, 236, 1, 28, 43, 436 }, // U+207A
    { 13, 3, 236, 1, 23, 10, 479 }, // U+207B
    { 13, 8, 236, 1, 26, 26, 489 }, // U+207C
    { 8, 23, 150, 2, 34, 46, 515 }, // U+207D
    { 8, 23, 150, -1, 34, 46, 561 }, // U+207E
    { 16, 14, 251, 0, 24, 56, 607 }, // U+207F
    { 13, 17, 240, 1, 13, 56, 663 }, // U+2080
    { 12, 17, 240, 1, 13, 51, 719 }, // U+2081
    { 13, 17, 240, 1, 13, 56, 770 }, // U+2082
    { 13, 17, 240, 1, 13, 56, 826 }, // U+2083
    { 15, 17, 240, 0, 13, 64, 882 }, // U+2084
    { 13, 17, 240, 1, 13, 56, 946 }, // U+2085
    { 13, 17, 240, 1, 13, 56, 1002 }, // U+2086
    { 13, 17, 240, 1, 13, 56, 1058 }, // U+2087
    { 13, 17, 240, 1, 13, 56, 1114 }, // U+2088
    { 13, 17, 240, 1, 13, 56, 1170 }, // U+2089
    { 13, 13, 236, 1, 10, 43, 1226 }, // U+208A
    { 13, 3, 236, 1, 5, 10, 1269 }, // U+208B
    { 13, 8, 236, 1, 8, 26, 1279 }, // U+208C
    { 8, 23, 150, 2, 16, 46, 1305 }, // U+208D
    { 8, 23, 150, -1, 16, 46, 1351 }, // U+208E
    { 12, 13, 220, 1, 9, 39, 1397 }, // U+2090
    { 11, 13, 209, 1, 9, 36, 1436 }, // U+2091
    { 12, 13, 225, 1, 9, 39, 1472 }, // U+2092
    { 14, 13, 226, 0, 9, 46, 1511 }, // U+2093
    { 11, 13, 209, 1, 9, 36, 1557 }, // U+2094
    { 15, 18, 248, 0, 14, 68, 1593 }, // U+2095
    { 15, 18, 228, 0, 14, 68, 1661 }, // U+2096
    { 8, 18, 121, 0, 14, 36, 1729 }, // U+2097
    { 23, 13, 368, 0, 9, 75, 1765 }, // U+2098
    { 16, 13, 251, 0, 9, 52, 1840 }, // U+2099
    { 14, 18, 239, 0, 9, 63, 1892 }, // U+209A
    { 9, 13, 176, 1, 9, 30, 1955 }, // U+209B
    { 9, 16, 137, 0, 12, 36, 1985 }, // U+209C
    { 23, 28, 397, 1, 28, 161, 0 }, // U+20A0
    { 20, 32, 368, 2, 29, 160, 161 }, // U+20A1
    { 20, 29, 368, 2, 28, 145, 321 }, // U+20A2
    { 19, 27, 335, 1, 27, 129, 466 }, // U+20A3
    { 19, 29, 335, 1, 28, 138, 595 }, // U+20A4
    { 34, 30, 567, 1, 25, 255, 733 }, // U+20A5
    { 25, 27, 398, 0, 27, 169, 988 }, // U+20A6
    { 29, 28, 491, 1, 27, 203, 1157 }, // U+20A7
    { 36, 28, 613, 1, 27, 252, 1360 }, // U+20A8
    { 41, 27, 628, -1, 27, 277, 1612 }, // U+20A9
    { 26, 23, 535, 4, 23, 150, 1889 }, // U+20AA
    { 21, 35, 368, 2, 29, 184, 2039 }, // U+20AB
    { 19, 29, 335, 1, 28, 138, 2223 }, // U+20AC
    { 27, 27, 420, 0, 27, 183, 2361 }, // U+20AD
    { 23, 27, 335, 0, 27, 156, 2544 }, // U+20AE
    { 38, 39, 600, 0, 31, 371, 2700 }, // U+20AF
    { 20, 37, 335, -1, 28, 185, 3071 }, // U+20B0
    { 23, 27, 362, 0, 27, 156, 3256 }, // U+20B1
    { 25, 33, 428, 2, 30, 207, 3412 }, // U+20B2
    { 27, 27, 423, 0, 27, 183, 3619 }, // U+20B3
    { 21, 29, 326, 0, 28, 153, 3802 }, // U+20B4
    { 20, 33, 368, 2, 30, 165, 3955 }, // U+20B5
    { 21, 28, 356, 1, 27, 147, 4120 }, // U+20B6
    { 19, 32, 335, 0, 28, 152, 4267 }, // U+20B7
    { 19, 27, 335, 1, 27, 129, 4419 }, // U+20B8
    { 18, 27, 335, 2, 27, 122, 4548 }, // U+20B9
    { 21, 27, 335, 0, 27, 142, 4670 }, // U+20BA
    { 23, 29, 392, 0, 28, 167, 4812 }, // U+20BB
    { 23, 26, 472, 3, 26, 150, 4979 }, // U+20BC
    { 20, 27, 354, 1, 27, 135, 5129 }, // U+20BD
    { 23, 29, 403, 1, 29, 167, 5264 }, // U+20BE
    { 19, 33, 335, 1, 30, 157, 5431 }, // U+20BF
    { 17, 27, 295, 1, 21, 115, 5588 }, // U+20C0
    { 18, 4, 347, 2, 15, 18, 0 }, // U+2212
    { 29, 29, 425, 1, 29, 211, 0 }, // U+FB00
    { 24, 30, 398, 1, 30, 180, 211 }, // U+FB01
    { 24, 29, 397, 1, 29, 174, 391 }, // U+FB02
    { 37, 30, 601, 1, 30, 278, 565 }, // U+FB03
    { 37, 29, 601, 1, 29, 269, 843 }, // U+FB04
    { 25, 30, 401, 0, 29, 188, 1112 }, // U+FB05
    { 28, 30, 474, 1, 29, 210, 1300 }, // U+FB06
    { 35, 35, 600, 1, 29, 307, 0 }, // U+FFFD
};

static const EpdUnicodeInterval notoserif_18_regularIntervals[] = {
    { 0x0, 0x0, 0x0 },
    { 0xD, 0xD, 0x1 },
    { 0x20, 0x7E, 0x2 },
    { 0xA0, 0x17F, 0x61 },
    { 0x1A0, 0x1A1, 0x141 },
    { 0x1AF, 0x1B0, 0x143 },
    { 0x1C4, 0x21F, 0x145 },
    { 0x300, 0x36F, 0x1A1 },
    { 0x400, 0x4FF, 0x211 },
    { 0x1EA0, 0x1EF9, 0x311 },
    { 0x2000, 0x2064, 0x36B },
    { 0x2066, 0x2071, 0x3D0 },
    { 0x2074, 0x208E, 0x3DC },
    { 0x2090, 0x209C, 0x3F7 },
    { 0x20A0, 0x20C0, 0x404 },
    { 0x2212, 0x2212, 0x425 },
    { 0xFB00, 0xFB06, 0x426 },
    { 0xFFFD, 0xFFFD, 0x42D },
};

static const EpdFontGroup notoserif_18_regularGroups[] = {
    { 0, 4845, 12382, 97, 0 },
    { 4845, 4115, 14348, 96, 97 },
    { 8960, 5054, 22835, 128, 193 },
    { 14014, 5131, 20312, 96, 321 },
    { 19145, 1607, 2849, 112, 417 },
    { 20752, 13777, 48055, 256, 529 },
    { 34529, 2942, 18922, 90, 785 },
    { 37471, 2693, 7597, 111, 875 },
    { 40164, 930, 2284, 42, 986 },
    { 41094, 2782, 6047, 33, 1028 },
    { 43876, 13, 20, 1, 1061 },
    { 43889, 468, 1596, 7, 1062 },
    { 44357, 170, 315, 1, 1069 },
};

static const EpdKernClassEntry notoserif_18_regularKernLeftClasses[] = {
    { 0x0022, 1 }, // "
    { 0x0026, 2 }, // &
    { 0x0027, 1 }, // '
    { 0x002A, 3 }, // *
    { 0x002C, 4 }, // ,
    { 0x002E, 4 }, // .
    { 0x0040, 5 }, // @
    { 0x0041, 6 }, // A
    { 0x0042, 7 }, // B
    { 0x0044, 8 }, // D
    { 0x0045, 9 }, // E
    { 0x0046, 10 }, // F
    { 0x0047, 11 }, // G
    { 0x004B, 12 }, // K
    { 0x004C, 13 }, // L
    { 0x004E, 14 }, // N
    { 0x004F, 8 }, // O
    { 0x0050, 3 }, // P
    { 0x0051, 8 }, // Q
    { 0x0052, 15 }, // R
    { 0x0053, 16 }, // S
    { 0x0054, 17 }, // T
    { 0x0055, 18 }, // U
    { 0x0056, 19 }, // V
    { 0x0057, 20 }, // W
    { 0x0058, 21 }, // X
    { 0x0059, 22 }, // Y
    { 0x0061, 23 }, // a
    { 0x0062, 24 }, // b
    { 0x0065, 25 }, // e
    { 0x0066, 26 }, // f
    { 0x0067, 27 }, // g
    { 0x0068, 23 }, // h
    { 0x006B, 28 }, // k
    { 0x006D, 23 }, // m
    { 0x006E, 23 }, // n
    { 0x006F, 24 }, // o
    { 0x0070, 24 }, // p
    { 0x0072, 29 }, // r
    { 0x0073, 30 }, // s
    { 0x0076, 31 }, // v
    { 0x0077, 32 }, // w
    { 0x0079, 33 }, // y
    { 0x00A1, 34 }, // U+00A1
    { 0x00BF, 35 }, // U+00BF
    { 0x00C0, 36 }, // U+00C0
    { 0x00C1, 36 }, // U+00C1
    { 0x00C2, 36 }, // U+00C2
    { 0x00C3, 36 }, // U+00C3
    { 0x00C4, 36 }, // U+00C4
    { 0x00C5, 36 }, // U+00C5
    { 0x00C6, 9 }, // U+00C6
    { 0x00C8, 9 }, // U+00C8
    { 0x00C9, 9 }, // U+00C9
    { 0x00CA, 9 }, // U+00CA
    { 0x00CB, 9 }, // U+00CB
    { 0x00D0, 8 }, // U+00D0
    { 0x00D1, 14 }, // U+00D1
    { 0x00D2, 8 }, // U+00D2
    { 0x00D3, 8 }, // U+00D3
    { 0x00D4, 8 }, // U+00D4
    { 0x00D5, 8 }, // U+00D5
    { 0x00D6, 8 }, // U+00D6
    { 0x00D8, 8 }, // U+00D8
    { 0x00D9, 18 }, // U+00D9
    { 0x00DA, 18 }, // U+00DA
    { 0x00DB, 18 }, // U+00DB
    { 0x00DC, 18 }, // U+00DC
    { 0x00DD, 22 }, // U+00DD
    { 0x00DE, 8 }, // U+00DE
    { 0x00DF, 24 }, // U+00DF
    { 0x00E0, 23 }, // U+00E0
    { 0x00E1, 23 }, // U+00E1
    { 0x00E2, 23 }, // U+00E2
    { 0x00E3, 23 }, // U+00E3
    { 0x00E4, 23 }, // U+00E4
    { 0x00E5, 23 }, // U+00E5
    { 0x00E6, 25 }, // U+00E6
    { 0x00E8, 25 }, // U+00E8
    { 0x00E9, 25 }, // U+00E9
    { 0x00EA, 25 }, // U+00EA
    { 0x00EB, 25 }, // U+00EB
    { 0x00F0, 24 }, // U+00F0
    { 0x00F1, 23 }, // U+00F1
    { 0x00F2, 24 }, // U+00F2
    { 0x00F3, 24 }, // U+00F3
    { 0x00F4, 24 }, // U+00F4
    { 0x00F5, 24 }, // U+00F5
    { 0x00F6, 24 }, // U+00F6
    { 0x00F8, 24 }, // U+00F8
    { 0x00FD, 33 }, // U+00FD
    { 0x00FE, 24 }, // U+00FE
    { 0x00FF, 33 }, // U+00FF
    { 0x0100, 6 }, // U+0100
    { 0x0102, 36 }, // U+0102
    { 0x0104, 36 }, // U+0104
    { 0x010E, 8 }, // U+010E
    { 0x010F, 37 }, // U+010F
    { 0x0110, 8 }, // U+0110
    { 0x0112, 9 }, // U+0112
    { 0x0113, 25 }, // U+0113
    { 0x0114, 9 }, // U+0114
    { 0x0115, 25 }, // U+0115
    { 0x0116, 9 }, // U+0116
    { 0x0117, 25 }, // U+0117
    { 0x0118, 9 }, // U+0118
    { 0x0119, 25 }, // U+0119
    { 0x011A, 9 }, // U+011A
    { 0x011B, 25 }, // U+011B
    { 0x011C, 11 }, // U+011C
    { 0x011E, 11 }, // U+011E
    { 0x0120, 11 }, // U+0120
    { 0x0122, 11 }, // U+0122
    { 0x0125, 23 }, // U+0125
    { 0x0127, 23 }, // U+0127
    { 0x0129, 38 }, // U+0129
    { 0x0136, 12 }, // U+0136
    { 0x0137, 28 }, // U+0137
    { 0x0138, 28 }, // U+0138
    { 0x0139, 13 }, // U+0139
    { 0x013B, 13 }, // U+013B
    { 0x013E, 37 }, // U+013E
    { 0x0141, 13 }, // U+0141
    { 0x0143, 14 }, // U+0143
    { 0x0144, 23 }, // U+0144
    { 0x0145, 14 }, // U+0145
    { 0x0146, 23 }, // U+0146
    { 0x0147, 14 }, // U+0147
    { 0x0148, 23 }, // U+0148
    { 0x0149, 23 }, // U+0149
    { 0x014B, 23 }, // U+014B
    { 0x014C, 8 }, // U+014C
    { 0x014D, 24 }, // U+014D
    { 0x014E, 8 }, // U+014E
    { 0x014F, 24 }, // U+014F
    { 0x0150, 8 }, // U+0150
    { 0x0151, 24 }, // U+0151
    { 0x0152, 9 }, // U+0152
    { 0x0153, 25 }, // U+0153
    { 0x0154, 15 }, // U+0154
    { 0x0155, 29 }, // U+0155
    { 0x0156, 15 }, // U+0156
    { 0x0157, 29 }, // U+0157
    { 0x0158, 15 }, // U+0158
    { 0x0159, 29 }, // U+0159
    { 0x015A, 16 }, // U+015A
    { 0x015B, 30 }, // U+015B
    { 0x015C, 16 }, // U+015C
    { 0x015D, 30 }, // U+015D
    { 0x015E, 16 }, // U+015E
    { 0x015F, 30 }, // U+015F
    { 0x0160, 16 }, // U+0160
    { 0x0161, 30 }, // U+0161
    { 0x0162, 17 }, // U+0162
    { 0x0164, 17 }, // U+0164
    { 0x0165, 39 }, // U+0165
    { 0x0166, 17 }, // U+0166
    { 0x0168, 18 }, // U+0168
    { 0x016A, 18 }, // U+016A
    { 0x016C, 18 }, // U+016C
    { 0x016E, 18 }, // U+016E
    { 0x0170, 18 }, // U+0170
    { 0x0172, 18 }, // U+0172
    { 0x0174, 20 }, // U+0174
    { 0x0175, 32 }, // U+0175
    { 0x0176, 22 }, // U+0176
    { 0x0177, 33 }, // U+0177
    { 0x0178, 22 }, // U+0178
    { 0x01A0, 40 }, // U+01A0
    { 0x01A1, 41 }, // U+01A1
    { 0x01AF, 42 }, // U+01AF
    { 0x01B0, 43 }, // U+01B0
    { 0x01FA, 6 }, // U+01FA
    { 0x01FC, 9 }, // U+01FC
    { 0x01FD, 25 }, // U+01FD
    { 0x01FE, 8 }, // U+01FE
    { 0x01FF, 24 }, // U+01FF
    { 0x0218, 16 }, // U+0218
    { 0x0219, 30 }, // U+0219
    { 0x021A, 17 }, // U+021A
    { 0x0402, 44 }, // U+0402
    { 0x0409, 45 }, // U+0409
    { 0x040A, 45 }, // U+040A
    { 0x040E, 46 }, // U+040E
    { 0x0423, 46 }, // U+0423
    { 0x042A, 45 }, // U+042A
    { 0x042C, 45 }, // U+042C
    { 0x0431, 47 }, // U+0431
    { 0x043E, 48 }, // U+043E
    { 0x0440, 48 }, // U+0440
    { 0x0444, 49 }, // U+0444
    { 0x044D, 49 }, // U+044D
    { 0x044E, 49 }, // U+044E
    { 0x0457, 50 }, // U+0457
    { 0x0460, 51 }, // U+0460
    { 0x0462, 52 }, // U+0462
    { 0x0465, 53 }, // U+0465
    { 0x0466, 54 }, // U+0466
    { 0x0468, 54 }, // U+0468
    { 0x046A, 55 }, // U+046A
    { 0x046C, 55 }, // U+046C
    { 0x046E, 56 }, // U+046E
    { 0x046F, 24 }, // U+046F
    { 0x0472, 51 }, // U+0472
    { 0x0473, 48 }, // U+0473
    { 0x0474, 57 }, // U+0474
    { 0x0476, 57 }, // U+0476
    { 0x0478, 33 }, // U+0478
    { 0x0479, 58 }, // U+0479
    { 0x047A, 51 }, // U+047A
    { 0x047B, 48 }, // U+047B
    { 0x047C, 51 }, // U+047C
    { 0x047D, 24 }, // U+047D
    { 0x047E, 51 }, // U+047E
    { 0x0481, 53 }, // U+0481
    { 0x048C, 52 }, // U+048C
    { 0x048D, 24 }, // U+048D
    { 0x048E, 59 }, // U+048E
    { 0x048F, 48 }, // U+048F
    { 0x0490, 60 }, // U+0490
    { 0x0491, 61 }, // U+0491
    { 0x0493, 61 }, // U+0493
    { 0x0494, 62 }, // U+0494
    { 0x0496, 55 }, // U+0496
    { 0x0497, 63 }, // U+0497
    { 0x0498, 56 }, // U+0498
    { 0x0499, 48 }, // U+0499
    { 0x049A, 55 }, // U+049A
    { 0x049B, 63 }, // U+049B
    { 0x049C, 55 }, // U+049C
    { 0x049D, 63 }, // U+049D
    { 0x049E, 55 }, // U+049E
    { 0x049F, 63 }, // U+049F
    { 0x04A0, 55 }, // U+04A0
    { 0x04A1, 63 }, // U+04A1
    { 0x04A3, 64 }, // U+04A3
    { 0x04A4, 60 }, // U+04A4
    { 0x04A5, 61 }, // U+04A5
    { 0x04A6, 62 }, // U+04A6
    { 0x04A8, 51 }, // U+04A8
    { 0x04AB, 53 }, // U+04AB
    { 0x04AC, 60 }, // U+04AC
    { 0x04AD, 61 }, // U+04AD
    { 0x04B2, 65 }, // U+04B2
    { 0x04B3, 63 }, // U+04B3
    { 0x04B5, 64 }, // U+04B5
    { 0x04B7, 64 }, // U+04B7
    { 0x04BA, 62 }, // U+04BA
    { 0x04BC, 51 }, // U+04BC
    { 0x04BD, 48 }, // U+04BD
    { 0x04BE, 51 }, // U+04BE
    { 0x04BF, 48 }, // U+04BF
    { 0x04C3, 62 }, // U+04C3
    { 0x04C6, 64 }, // U+04C6
    { 0x04D0, 54 }, // U+04D0
    { 0x04D1, 23 }, // U+04D1
    { 0x04D2, 54 }, // U+04D2
    { 0x04D3, 23 }, // U+04D3
    { 0x04D4, 66 }, // U+04D4
    { 0x04D5, 48 }, // U+04D5
    { 0x04D6, 66 }, // U+04D6
    { 0x04D7, 48 }, // U+04D7
    { 0x04D8, 51 }, // U+04D8
    { 0x04D9, 48 }, // U+04D9
    { 0x04DA, 51 }, // U+04DA
    { 0x04DB, 48 }, // U+04DB
    { 0x04E0, 56 }, // U+04E0
    { 0x04E6, 51 }, // U+04E6
    { 0x04E7, 48 }, // U+04E7
    { 0x04E8, 51 }, // U+04E8
    { 0x04E9, 48 }, // U+04E9
    { 0x04EA, 51 }, // U+04EA
    { 0x04EB, 48 }, // U+04EB
    { 0x04ED, 48 }, // U+04ED
    { 0x04EE, 46 }, // U+04EE
    { 0x04EF, 58 }, // U+04EF
    { 0x04F0, 46 }, // U+04F0
    { 0x04F1, 58 }, // U+04F1
    { 0x04F2, 46 }, // U+04F2
    { 0x04F3, 58 }, // U+04F3
    { 0x04F6, 60 }, // U+04F6
    { 0x04F7, 61 }, // U+04F7
    { 0x04FB, 61 }, // U+04FB
    { 0x04FC, 65 }, // U+04FC
    { 0x04FD, 63 }, // U+04FD
    { 0x04FE, 65 }, // U+04FE
    { 0x04FF, 63 }, // U+04FF
    { 0x1EA0, 36 }, // U+1EA0
    { 0x1EA1, 23 }, // U+1EA1
    { 0x1EA2, 36 }, // U+1EA2
    { 0x1EA3, 23 }, // U+1EA3
    { 0x1EA4, 36 }, // U+1EA4
    { 0x1EA5, 23 }, // U+1EA5
    { 0x1EA6, 36 }, // U+1EA6
    { 0x1EA7, 23 }, // U+1EA7
    { 0x1EA8, 36 }, // U+1EA8
    { 0x1EA9, 23 }, // U+1EA9
    { 0x1EAA, 36 }, // U+1EAA
    { 0x1EAB, 23 }, // U+1EAB
    { 0x1EAC, 36 }, // U+1EAC
    { 0x1EAD, 23 }, // U+1EAD
    { 0x1EAE, 36 }, // U+1EAE
    { 0x1EAF, 23 }, // U+1EAF
    { 0x1EB0, 36 }, // U+1EB0
    { 0x1EB1, 23 }, // U+1EB1
    { 0x1EB2, 36 }, // U+1EB2
    { 0x1EB3, 23 }, // U+1EB3
    { 0x1EB4, 36 }, // U+1EB4
    { 0x1EB5, 23 }, // U+1EB5
    { 0x1EB6, 36 }, // U+1EB6
    { 0x1EB7, 23 }, // U+1EB7
    { 0x1EB8, 9 }, // U+1EB8
    { 0x1EB9, 25 }, // U+1EB9
    { 0x1EBA, 9 }, // U+1EBA
    { 0x1EBB, 25 }, // U+1EBB
    { 0x1EBC, 9 }, // U+1EBC
    { 0x1EBD, 25 }, // U+1EBD
    { 0x1EBE, 9 }, // U+1EBE
    { 0x1EBF, 25 }, // U+1EBF
    { 0x1EC0, 9 }, // U+1EC0
    { 0x1EC1, 25 }, // U+1EC1
    { 0x1EC2, 9 }, // U+1EC2
    { 0x1EC3, 25 }, // U+1EC3
    { 0x1EC4, 9 }, // U+1EC4
    { 0x1EC5, 25 }, // U+1EC5
    { 0x1EC6, 9 }, // U+1EC6
    { 0x1EC7, 25 }, // U+1EC7
    { 0x1ECC, 8 }, // U+1ECC
    { 0x1ECD, 24 }, // U+1ECD
    { 0x1ECE, 8 }, // U+1ECE
    { 0x1ECF, 24 }, // U+1ECF
    { 0x1ED0, 8 }, // U+1ED0
    { 0x1ED1, 24 }, // U+1ED1
    { 0x1ED2, 8 }, // U+1ED2
    { 0x1ED3, 24 }, // U+1ED3
    { 0x1ED4, 8 }, // U+1ED4
    { 0x1ED5, 24 }, // U+1ED5
    { 0x1ED6, 8 }, // U+1ED6
    { 0x1ED7, 24 }, // U+1ED7
    { 0x1ED8, 8 }, // U+1ED8
    { 0x1ED9, 24 }, // U+1ED9
    { 0x1EDA, 40 }, // U+1EDA
    { 0x1EDB, 41 }, // U+1EDB
    { 0x1EDC, 40 }, // U+1EDC
    { 0x1EDD, 41 }, // U+1EDD
    { 0x1EDE, 40 }, // U+1EDE
    { 0x1EDF, 41 }, // U+1EDF
    { 0x1EE0, 40 }, // U+1EE0
    { 0x1EE1, 41 }, // U+1EE1
    { 0x1EE2, 40 }, // U+1EE2
    { 0x1EE3, 41 }, // U+1EE3
    { 0x1EE4, 18 }, // U+1EE4
    { 0x1EE6, 18 }, // U+1EE6
    { 0x1EE8, 42 }, // U+1EE8
    { 0x1EE9, 43 }, // U+1EE9
    { 0x1EEA, 42 }, // U+1EEA
    { 0x1EEB, 43 }, // U+1EEB
    { 0x1EEC, 42 }, // U+1EEC
    { 0x1EED, 43 }, // U+1EED
    { 0x1EEE, 42 }, // U+1EEE
    { 0x1EEF, 43 }, // U+1EEF
    { 0x1EF0, 42 }, // U+1EF0
    { 0x1EF1, 43 }, // U+1EF1
    { 0x1EF2, 22 }, // U+1EF2
    { 0x1EF3, 33 }, // U+1EF3
    { 0x1EF4, 22 }, // U+1EF4
    { 0x1EF5, 33 }, // U+1EF5
    { 0x1EF6, 22 }, // U+1EF6
    { 0x1EF7, 33 }, // U+1EF7
    { 0x1EF8, 22 }, // U+1EF8
    { 0x1EF9, 33 }, // U+1EF9
    { 0x2018, 67 }, // U+2018
    { 0x2019, 68 }, // U+2019
    { 0x201A, 4 }, // U+201A
    { 0x201C, 67 }, // U+201C
    { 0x201D, 68 }, // U+201D
    { 0x201E, 4 }, // U+201E
    { 0x2026, 4 }, // U+2026
    { 0x207D, 69 }, // U+207D
    { 0x208D, 70 }, // U+208D
    { 0xFB00, 26 }, // U+FB00
};

static const EpdKernClassEntry notoserif_18_regularKernRightClasses[] = {
    { 0x0021, 1 }, // !
    { 0x0022, 2 }, // "
    { 0x0026, 3 }, // &
    { 0x0027, 2 }, // '
    { 0x0029, 4 }, // )
    { 0x002A, 5 }, // *
    { 0x002C, 6 }, // ,
    { 0x002E, 7 }, // .
    { 0x003A, 8 }, // :
    { 0x003B, 8 }, // ;
    { 0x003F, 9 }, // ?
    { 0x0040, 10 }, // @
    { 0x0041, 11 }, // A
    { 0x0042, 12 }, // B
    { 0x0043, 13 }, // C
    { 0x0044, 12 }, // D
    { 0x0045, 12 }, // E
    { 0x0046, 12 }, // F
    { 0x0047, 13 }, // G
    { 0x0048, 12 }, // H
    { 0x0049, 12 }, // I
    { 0x004A, 14 }, // J
    { 0x004B, 12 }, // K
    { 0x004C, 12 }, // L
    { 0x004D, 12 }, // M
    { 0x004E, 12 }, // N
    { 0x004F, 13 }, // O
    { 0x0050, 12 }, // P
    { 0x0051, 13 }, // Q
    { 0x0052, 12 }, // R
    { 0x0053, 15 }, // S
    { 0x0054, 16 }, // T
    { 0x0055, 17 }, // U
    { 0x0056, 18 }, // V
    { 0x0057, 19 }, // W
    { 0x0058, 20 }, // X
    { 0x0059, 21 }, // Y
    { 0x005A, 22 }, // Z
    { 0x005D, 4 }, // ]
    { 0x0061, 23 }, // a
    { 0x0062, 24 }, // b
    { 0x0063, 25 }, // c
    { 0x0064, 25 }, // d
    { 0x0065, 25 }, // e
    { 0x0067, 26 }, // g
    { 0x0068, 24 }, // h
    { 0x0069, 27 }, // i
    { 0x006B, 24 }, // k
    { 0x006C, 24 }, // l
    { 0x006D, 27 }, // m
    { 0x006E, 27 }, // n
    { 0x006F, 25 }, // o
    { 0x0070, 27 }, // p
    { 0x0071, 25 }, // q
    { 0x0072, 27 }, // r
    { 0x0073, 28 }, // s
    { 0x0074, 29 }, // t
    { 0x0075, 30 }, // u
    { 0x0076, 31 }, // v
    { 0x0077, 32 }, // w
    { 0x0078, 33 }, // x
    { 0x0079, 34 }, // y
    { 0x007A, 35 }, // z
    { 0x007D, 4 }, // }
    { 0x00AB, 36 }, // U+00AB
    { 0x00B7, 37 }, // U+00B7
    { 0x00BB, 36 }, // U+00BB
    { 0x00C0, 11 }, // U+00C0
    { 0x00C1, 11 }, // U+00C1
    { 0x00C2, 11 }, // U+00C2
    { 0x00C3, 11 }, // U+00C3
    { 0x00C4, 11 }, // U+00C4
    { 0x00C5, 11 }, // U+00C5
    { 0x00C6, 38 }, // U+00C6
    { 0x00C7, 13 }, // U+00C7
    { 0x00C8, 12 }, // U+00C8
    { 0x00C9, 12 }, // U+00C9
    { 0x00CA, 12 }, // U+00CA
    { 0x00CB, 12 }, // U+00CB
    { 0x00CC, 12 }, // U+00CC
    { 0x00CD, 12 }, // U+00CD
    { 0x00CE, 12 }, // U+00CE
    { 0x00CF, 12 }, // U+00CF
    { 0x00D0, 12 }, // U+00D0
    { 0x00D1, 12 }, // U+00D1
    { 0x00D2, 13 }, // U+00D2
    { 0x00D3, 13 }, // U+00D3
    { 0x00D4, 13 }, // U+00D4
    { 0x00D5, 13 }, // U+00D5
    { 0x00D6, 13 }, // U+00D6
    { 0x00D8, 13 }, // U+00D8
    { 0x00D9, 17 }, // U+00D9
    { 0x00DA, 17 }, // U+00DA
    { 0x00DB, 17 }, // U+00DB
    { 0x00DC, 17 }, // U+00DC
    { 0x00DD, 21 }, // U+00DD
    { 0x00DE, 12 }, // U+00DE
    { 0x00E0, 23 }, // U+00E0
    { 0x00E1, 23 }, // U+00E1
    { 0x00E2, 23 }, // U+00E2
    { 0x00E3, 23 }, // U+00E3
    { 0x00E4, 23 }, // U+00E4
    { 0x00E5, 23 }, // U+00E5
    { 0x00E6, 23 }, // U+00E6
    { 0x00E7, 25 }, // U+00E7
    { 0x00E8, 25 }, // U+00E8
    { 0x00E9, 25 }, // U+00E9
    { 0x00EA, 25 }, // U+00EA
    { 0x00EB, 25 }, // U+00EB
    { 0x00EC, 39 }, // U+00EC
    { 0x00ED, 27 }, // U+00ED
    { 0x00EE, 39 }, // U+00EE
    { 0x00EF, 39 }, // U+00EF
    { 0x00F0, 25 }, // U+00F0
    { 0x00F1, 27 }, // U+00F1
    { 0x00F2, 25 }, // U+00F2
    { 0x00F3, 25 }, // U+00F3
    { 0x00F4, 25 }, // U+00F4
    { 0x00F5, 25 }, // U+00F5
    { 0x00F6, 25 }, // U+00F6
    { 0x00F8, 25 }, // U+00F8
    { 0x00F9, 30 }, // U+00F9
    { 0x00FA, 30 }, // U+00FA
    { 0x00FB, 30 }, // U+00FB
    { 0x00FC, 30 }, // U+00FC
    { 0x00FD, 34 }, // U+00FD
    { 0x00FE, 24 }, // U+00FE
    { 0x00FF, 34 }, // U+00FF
    { 0x0100, 11 }, // U+0100
    { 0x0101, 23 }, // U+0101
    { 0x0102, 11 }, // U+0102
    { 0x0103, 23 }, // U+0103
    { 0x0104, 11 }, // U+0104
    { 0x0105, 23 }, // U+0105
    { 0x0106, 13 }, // U+0106
    { 0x0107, 25 }, // U+0107
    { 0x0108, 13 }, // U+0108
    { 0x0109, 25 }, // U+0109
    { 0x010A, 13 }, // U+010A
    { 0x010B, 25 }, // U+010B
    { 0x010C, 13 }, // U+010C
    { 0x010D, 25 }, // U+010D
    { 0x010E, 12 }, // U+010E
    { 0x010F, 25 }, // U+010F
    { 0x0110, 12 }, // U+0110
    { 0x0111, 25 }, // U+0111
    { 0x0112, 12 }, // U+0112
    { 0x0113, 25 }, // U+0113
    { 0x0114, 12 }, // U+0114
    { 0x0115, 25 }, // U+0115
    { 0x0116, 12 }, // U+0116
    { 0x0117, 25 }, // U+0117
    { 0x0118, 12 }, // U+0118
    { 0x0119, 25 }, // U+0119
    { 0x011A, 12 }, // U+011A
    { 0x011B, 25 }, // U+011B
    { 0x011C, 13 }, // U+011C
    { 0x011D, 25 }, // U+011D
    { 0x011E, 13 }, // U+011E
    { 0x011F, 25 }, // U+011F
    { 0x0120, 13 }, // U+0120
    { 0x0121, 25 }, // U+0121
    { 0x0122, 13 }, // U+0122
    { 0x0123, 25 }, // U+0123
    { 0x0124, 12 }, // U+0124
    { 0x0125, 24 }, // U+0125
    { 0x0126, 12 }, // U+0126
    { 0x0127, 24 }, // U+0127
    { 0x0128, 12 }, // U+0128
    { 0x0129, 40 }, // U+0129
    { 0x012A, 12 }, // U+012A
    { 0x012B, 39 }, // U+012B
    { 0x012C, 12 }, // U+012C
    { 0x012D, 39 }, // U+012D
    { 0x012E, 12 }, // U+012E
    { 0x012F, 27 }, // U+012F
    { 0x0130, 12 }, // U+0130
    { 0x0132, 12 }, // U+0132
    { 0x0133, 27 }, // U+0133
    { 0x0134, 14 }, // U+0134
    { 0x0136, 12 }, // U+0136
    { 0x0137, 24 }, // U+0137
    { 0x0138, 27 }, // U+0138
    { 0x0139, 12 }, // U+0139
    { 0x013A, 24 }, // U+013A
    { 0x013B, 12 }, // U+013B
    { 0x013C, 24 }, // U+013C
    { 0x013D, 12 }, // U+013D
    { 0x013E, 24 }, // U+013E
    { 0x013F, 12 }, // U+013F
    { 0x0140, 24 }, // U+0140
    { 0x0141, 12 }, // U+0141
    { 0x0142, 24 }, // U+0142
    { 0x0143, 12 }, // U+0143
    { 0x0144, 27 }, // U+0144
    { 0x0145, 12 }, // U+0145
    { 0x0146, 27 }, // U+0146
    { 0x0147, 12 }, // U+0147
    { 0x0148, 27 }, // U+0148
    { 0x014A, 12 }, // U+014A
    { 0x014B, 27 }, // U+014B
    { 0x014C, 13 }, // U+014C
    { 0x014D, 25 }, // U+014D
    { 0x014E, 13 }, // U+014E
    { 0x014F, 25 }, // U+014F
    { 0x0150, 13 }, // U+0150
    { 0x0151, 25 }, // U+0151
    { 0x0152, 13 }, // U+0152
    { 0x0153, 25 }, // U+0153
    { 0x0154, 12 }, // U+0154
    { 0x0155, 27 }, // U+0155
    { 0x0156, 12 }, // U+0156
    { 0x0157, 27 }, // U+0157
    { 0x0158, 12 }, // U+0158
    { 0x015A, 15 }, // U+015A
    { 0x015B, 28 }, // U+015B
    { 0x015C, 15 }, // U+015C
    { 0x015D, 28 }, // U+015D
    { 0x015E, 15 }, // U+015E
    { 0x015F, 28 }, // U+015F
    { 0x0160, 15 }, // U+0160
    { 0x0161, 28 }, // U+0161
    { 0x0162, 16 }, // U+0162
    { 0x0163, 29 }, // U+0163
    { 0x0164, 16 }, // U+0164
    { 0x0165, 29 }, // U+0165
    { 0x0166, 16 }, // U+0166
    { 0x0167, 29 }, // U+0167
    { 0x0168, 17 }, // U+0168
    { 0x0169, 30 }, // U+0169
    { 0x016A, 17 }, // U+016A
    { 0x016B, 30 }, // U+016B
    { 0x016C, 17 }, // U+016C
    { 0x016D, 30 }, // U+016D
    { 0x016E, 17 }, // U+016E
    { 0x016F, 30 }, // U+016F
    { 0x0170, 17 }, // U+0170
    { 0x0171, 30 }, // U+0171
    { 0x0172, 17 }, // U+0172
    { 0x0173, 30 }, // U+0173
    { 0x0174, 19 }, // U+0174
    { 0x0175, 32 }, // U+0175
    { 0x0176, 21 }, // U+0176
    { 0x0177, 34 }, // U+0177
    { 0x0178, 21 }, // U+0178
    { 0x0179, 22 }, // U+0179
    { 0x017A, 35 }, // U+017A
    { 0x017B, 22 }, // U+017B
    { 0x017C, 35 }, // U+017C
    { 0x017D, 22 }, // U+017D
    { 0x017E, 35 }, // U+017E
    { 0x01A0, 13 }, // U+01A0
    { 0x01A1, 25 }, // U+01A1
    { 0x01AF, 17 }, // U+01AF
    { 0x01B0, 30 }, // U+01B0
    { 0x01FA, 11 }, // U+01FA
    { 0x01FB, 23 }, // U+01FB
    { 0x01FC, 38 }, // U+01FC
    { 0x01FD, 23 }, // U+01FD
    { 0x01FE, 13 }, // U+01FE
    { 0x01FF, 25 }, // U+01FF
    { 0x0218, 15 }, // U+0218
    { 0x0219, 28 }, // U+0219
    { 0x021A, 16 }, // U+021A
    { 0x021B, 29 }, // U+021B
    { 0x0402, 41 }, // U+0402
    { 0x040B, 41 }, // U+040B
    { 0x040E, 42 }, // U+040E
    { 0x0416, 41 }, // U+0416
    { 0x0422, 41 }, // U+0422
    { 0x0423, 42 }, // U+0423
    { 0x0425, 41 }, // U+0425
    { 0x0427, 43 }, // U+0427
    { 0x042A, 41 }, // U+042A
    { 0x042F, 44 }, // U+042F
    { 0x0431, 45 }, // U+0431
    { 0x0436, 46 }, // U+0436
    { 0x0443, 47 }, // U+0443
    { 0x0445, 46 }, // U+0445
    { 0x0447, 48 }, // U+0447
    { 0x0451, 49 }, // U+0451
    { 0x0456, 50 }, // U+0456
    { 0x0457, 51 }, // U+0457
    { 0x045E, 47 }, // U+045E
    { 0x0460, 52 }, // U+0460
    { 0x0462, 16 }, // U+0462
    { 0x0466, 53 }, // U+0466
    { 0x046A, 54 }, // U+046A
    { 0x046E, 55 }, // U+046E
    { 0x0472, 52 }, // U+0472
    { 0x0473, 56 }, // U+0473
    { 0x0478, 52 }, // U+0478
    { 0x0479, 56 }, // U+0479
    { 0x047A, 52 }, // U+047A
    { 0x047B, 56 }, // U+047B
    { 0x047C, 52 }, // U+047C
    { 0x047D, 25 }, // U+047D
    { 0x047E, 52 }, // U+047E
    { 0x0480, 52 }, // U+0480
    { 0x0481, 56 }, // U+0481
    { 0x0496, 54 }, // U+0496
    { 0x0498, 55 }, // U+0498
    { 0x0499, 57 }, // U+0499
    { 0x04A0, 58 }, // U+04A0
    { 0x04A1, 59 }, // U+04A1
    { 0x04A8, 52 }, // U+04A8
    { 0x04A9, 56 }, // U+04A9
    { 0x04AA, 52 }, // U+04AA
    { 0x04AB, 56 }, // U+04AB
    { 0x04AC, 58 }, // U+04AC
    { 0x04AD, 59 }, // U+04AD
    { 0x04B2, 54 }, // U+04B2
    { 0x04B4, 58 }, // U+04B4
    { 0x04B5, 59 }, // U+04B5
    { 0x04B6, 60 }, // U+04B6
    { 0x04B7, 61 }, // U+04B7
    { 0x04B8, 43 }, // U+04B8
    { 0x04B9, 48 }, // U+04B9
    { 0x04C1, 41 }, // U+04C1
    { 0x04C2, 46 }, // U+04C2
    { 0x04CB, 60 }, // U+04CB
    { 0x04CC, 61 }, // U+04CC
    { 0x04D0, 53 }, // U+04D0
    { 0x04D2, 53 }, // U+04D2
    { 0x04D4, 38 }, // U+04D4
    { 0x04D5, 62 }, // U+04D5
    { 0x04D7, 56 }, // U+04D7
    { 0x04D8, 52 }, // U+04D8
    { 0x04D9, 62 }, // U+04D9
    { 0x04DA, 52 }, // U+04DA
    { 0x04DC, 41 }, // U+04DC
    { 0x04DD, 46 }, // U+04DD
    { 0x04E0, 55 }, // U+04E0
    { 0x04E1, 35 }, // U+04E1
    { 0x04E6, 52 }, // U+04E6
    { 0x04E7, 56 }, // U+04E7
    { 0x04E8, 52 }, // U+04E8
    { 0x04E9, 56 }, // U+04E9
    { 0x04EA, 52 }, // U+04EA
    { 0x04EB, 56 }, // U+04EB
    { 0x04EE, 42 }, // U+04EE
    { 0x04EF, 63 }, // U+04EF
    { 0x04F0, 42 }, // U+04F0
    { 0x04F1, 63 }, // U+04F1
    { 0x04F2, 42 }, // U+04F2
    { 0x04F3, 63 }, // U+04F3
    { 0x04F4, 43 }, // U+04F4
    { 0x04F5, 48 }, // U+04F5
    { 0x04FC, 54 }, // U+04FC
    { 0x04FE, 54 }, // U+04FE
    { 0x1EA0, 11 }, // U+1EA0
    { 0x1EA1, 23 }, // U+1EA1
    { 0x1EA2, 11 }, // U+1EA2
    { 0x1EA3, 23 }, // U+1EA3
    { 0x1EA4, 11 }, // U+1EA4
    { 0x1EA5, 23 }, // U+1EA5
    { 0x1EA6, 11 }, // U+1EA6
    { 0x1EA7, 23 }, // U+1EA7
    { 0x1EA8, 11 }, // U+1EA8
    { 0x1EA9, 23 }, // U+1EA9
    { 0x1EAA, 11 }, // U+1EAA
    { 0x1EAB, 23 }, // U+1EAB
    { 0x1EAC, 11 }, // U+1EAC
    { 0x1EAD, 23 }, // U+1EAD
    { 0x1EAE, 11 }, // U+1EAE
    { 0x1EAF, 23 }, // U+1EAF
    { 0x1EB0, 11 }, // U+1EB0
    { 0x1EB1, 23 }, // U+1EB1
    { 0x1EB2, 11 }, // U+1EB2
    { 0x1EB3, 23 }, // U+1EB3
    { 0x1EB4, 11 }, // U+1EB4
    { 0x1EB5, 23 }, // U+1EB5
    { 0x1EB6, 11 }, // U+1EB6
    { 0x1EB7, 23 }, // U+1EB7
    { 0x1EB8, 12 }, // U+1EB8
    { 0x1EB9, 25 }, // U+1EB9
    { 0x1EBA, 12 }, // U+1EBA
    { 0x1EBB, 25 }, // U+1EBB
    { 0x1EBC, 12 }, // U+1EBC
    { 0x1EBD, 25 }, // U+1EBD
    { 0x1EBE, 12 }, // U+1EBE
    { 0x1EBF, 25 }, // U+1EBF
    { 0x1EC0, 12 }, // U+1EC0
    { 0x1EC1, 25 }, // U+1EC1
    { 0x1EC2, 12 }, // U+1EC2
    { 0x1EC3, 25 }, // U+1EC3
    { 0x1EC4, 12 }, // U+1EC4
    { 0x1EC5, 25 }, // U+1EC5
    { 0x1EC6, 12 }, // U+1EC6
    { 0x1EC7, 25 }, // U+1EC7
    { 0x1EC9, 27 }, // U+1EC9
    { 0x1ECB, 27 }, // U+1ECB
    { 0x1ECC, 13 }, // U+1ECC
    { 0x1ECD, 25 }, // U+1ECD
    { 0x1ECE, 13 }, // U+1ECE
    { 0x1ECF, 25 }, // U+1ECF
    { 0x1ED0, 13 }, // U+1ED0
    { 0x1ED1, 25 }, // U+1ED1
    { 0x1ED2, 13 }, // U+1ED2
    { 0x1ED3, 25 }, // U+1ED3
    { 0x1ED4, 13 }, // U+1ED4
    { 0x1ED5, 25 }, // U+1ED5
    { 0x1ED6, 13 }, // U+1ED6
    { 0x1ED7, 25 }, // U+1ED7
    { 0x1ED8, 13 }, // U+1ED8
    { 0x1ED9, 25 }, // U+1ED9
    { 0x1EDA, 13 }, // U+1EDA
    { 0x1EDB, 25 }, // U+1EDB
    { 0x1EDC, 13 }, // U+1EDC
    { 0x1EDD, 25 }, // U+1EDD
    { 0x1EDE, 13 }, // U+1EDE
    { 0x1EDF, 25 }, // U+1EDF
    { 0x1EE0, 13 }, // U+1EE0
    { 0x1EE1, 25 }, // U+1EE1
    { 0x1EE2, 13 }, // U+1EE2
    { 0x1EE3, 25 }, // U+1EE3
    { 0x1EE4, 17 }, // U+1EE4
    { 0x1EE5, 30 }, // U+1EE5
    { 0x1EE6, 17 }, // U+1EE6
    { 0x1EE7, 30 }, // U+1EE7
    { 0x1EE8, 17 }, // U+1EE8
    { 0x1EE9, 30 }, // U+1EE9
    { 0x1EEA, 17 }, // U+1EEA
    { 0x1EEB, 30 }, // U+1EEB
    { 0x1EEC, 17 }, // U+1EEC
    { 0x1EED, 30 }, // U+1EED
    { 0x1EEE, 17 }, // U+1EEE
    { 0x1EEF, 30 }, // U+1EEF
    { 0x1EF0, 17 }, // U+1EF0
    { 0x1EF1, 30 }, // U+1EF1
    { 0x1EF2, 21 }, // U+1EF2
    { 0x1EF3, 34 }, // U+1EF3
    { 0x1EF4, 21 }, // U+1EF4
    { 0x1EF5, 34 }, // U+1EF5
    { 0x1EF6, 21 }, // U+1EF6
    { 0x1EF7, 34 }, // U+1EF7
    { 0x1EF8, 21 }, // U+1EF8
    { 0x1EF9, 34 }, // U+1EF9
    { 0x2018, 64 }, // U+2018
    { 0x2019, 5 }, // U+2019
    { 0x201A, 7 }, // U+201A
    { 0x201C, 64 }, // U+201C
    { 0x201D, 5 }, // U+201D
    { 0x201E, 7 }, // U+201E
    { 0x2026, 7 }, // U+2026
    { 0x2039, 36 }, // U+2039
    { 0x203A, 36 }, // U+203A
    { 0x207E, 65 }, // U+207E
    { 0x208E, 66 }, // U+208E
};

static const int8_t notoserif_18_regularKernMatrix[] = {
       0,    0,    0,    0,    0,    0,    0,    0,    0,    0,  -48,    0,    0,    0,    0,    0,    0,    0,    0,    0,    0,    0,    0,    0,  -12,  -36,    0,    0,    0,    0,    0,    0,    0,    0,    0,    0,    0,  -72,    0,    0,    0,    0,    0,    0,    0,    0,    0,    0,    0,    0,    0,    0,  -48,    0,    0,    0,    0,    0,    0,    0,    0,    0,    0,    0,    0,    0,
       0,    0,    0,    0,    0,    0,    0,    0,  -18,    0,    0,    0,    0,    0,    0,  -18,    0,  -24,  -24,    0,  -18,    0,    0,    0,    0,    0,    0,    0,    0,    0,    0,    0,    0,    0,    0,    0,    0,    0,    0,    0,    0,    0,    0,    0,    0,    0,    0,    0,    0,    0,    0,    0,    0,    0,    0,    0,    0,    0,    0,    0,    0,    0,    0,    0,    0,    0,
       0,    0,   -6,    0,    0,  -72,  -72,    0,    0,    0,  -30,    0,    0,    0,    0,    0,    0,    0,    0,    0,    0,    0,    0,    0,    0,    0,    0,    0,    0,    0,    0,    0,    0,    0,    0,    0,    0,  -48,    0,    0,    0,    0,    0,    0,    0,    0,    0,    0,    0,    0,    0,    0,  -30,    0,    0,    0,    0,    0,    0,    0,    0,    0,    0,    0,    0,    0,
       0,    0,    0,    0,    0,    0,    0,    0,  -54,    0,    0,    0,  -12,    0,    0,  -54,  -12,  -66,  -54,    0,  -48,    0,    0,    0,    0,    0,    0,    0,    0,    0,  -42,  -36,    0,  -30,    0,    0,    0,    0,    0,    0,    0,    0,    0,    0,    0,    0,    0,    0,    0,    0,    0,  -12,    0,    0,    0,    0,    0,  -54,  -42,  -48,  -30,    0,  -30,    0,    0,    0,
       0,    0,    0,    0,    0,    0,    0,    0,    0,    0,  -18,    0,    0,    0,    0,    0,    0,    0,    0,    0,   -6,    0,    0,    0,    0,    0,    0,    0,    0,    0,    0,    0,    0,    0,    0,    0,    0,    0,    0,    0,    0,    0,    0,    0,    0,    0,    0,    0,    0,    0,    0,    0,    0,    0,    0,    0,    0,    0,    0,    0,    0,    0,    0,    0,    0,    0,
       0,  -48,    0,    0,  -42,    0,    0,    0,  -36,    0,    0,    0,  -12,    0,    0,  -36,  -12,  -48,  -42,    0,  -42,    0,    0,    0,  -12,  -12,    0,    0,    0,  -12,  -36,  -18,    0,  -30,    0,    0,    0,    0,    0,    0,    0,    0,    0,    0,    0,    0,    0,    0,    0,    0,    0,    0,    0,    0,    0,    0,    0,    0,    0,    0,    0,    0,    0,  -42,    0,    0,
       0,    0,    0,    0,  -12,    0,    0,    0,  -12,    0,  -12,    0,    0,    0,    0,  -12,    0,  -24,  -18,  -12,  -24,  -12,    0,    0,    0,    0,    0,    0,    0,    0,    0,   -6,    0,  -12,    0,    0,    0,  -18,    0,    0,    0,    0,    0,    0,    0,    0,    0,    0,    0,    0,    0,    0,  -12,    0,    0,    0,    0,  -12,    0,    0,    0,    0,    0,    0,    0,    0,
       0,    0,    0,    0,    0,  -12,  -12,    0,  -12,    0,  -12,    0,    0,    0,    0,  -12,    0,  -12,  -12,  -12,  -18,    0,    0,    0,    0,    0,    0,    0,    0,    0,    0,    0,    0,    0,    0,    0,    0,  -30,    0,    0,    0,    0,    0,    0,    0,    0,    0,    0,    0,    0,    0,    0,  -12,  -12,    0,    0,    0,  -12,    0,    0,    0,    0,    0,    0,    0,    0,
       0,    0,    0,    0,    0,    0,    0,    0,    0,    0,    0,    0,    0,    0,    0,    0,    0,  -12,  -12,    0,  -12,    0,    0,    0,    0,    0,    0,    0,    0,    0,    0,    0,    0,    0,    0,    0,    0,    0,    0,    0,    0,    0,    0,    0,    0,    0,    0,    0,    0,    0,    0,    0,    0,    0,    0,    0,    0,    0,    0,    0,    0,    0,    0,    0,    0,    0,
       0,    0,  -12,    0,    0,  -72,  -72,    0,    0,  -24,  -42,    0,    0,    0,    0,    0,    0,    0,    0,    0,    0,    0,  -24,    0,  -24,  -24,    0,    0,    0,    0,    0,    0,    0,    0,    0,    0,    0,  -66,    0,    0,    0,    0,    0,    0,    0,    0,    0,    0,    0,    0,    0,    0,    0,    0,    0,    0,    0,    0,    0,    0,    0,    0,    0,    0,    0,    0,
       0,    0,    0,    0,    0,    0,    0,    0,  -12,    0,    0,    0,    0,    0,    0,  -12,    0,  -12,  -12,    0,  -12,    0,    0,    0,    0,    0,    0,    0,    0,    0,    0,    0,    0,    0,    0,    0,    0,  -12,    0,    0,    0,    0,    0,    0,    0,    0,    0,    0,    0,    0,    0,    0,    0,    0,    0,    0,    0,    0,    0,    0,    0,    0,    0,    0,    0,    0,
       0,    0,    0,    0,    0,    0,    0,    0,    0,    0,    0,    0,  -12,    0,    0,    0,    0,    0,    0,    0,    0,    0,    0,    0,  -12,  -12,    0,    0,    0,  -12,    0,  -18,    0,  -18,    0,    0,    0,    0,    0,    0,    0,    0,    0,    0,    0,    0,    0,    0,    0,    0,    0,    0,    0,    0,    0,    0,    0,    0,    0,    0,    0,    0,    0,    0,    0,    0,
       0,  -36,    0,    0,  -48,    0,    0,    0,  -42,    0,    0,    0,    0,    0,    0,  -42,    0,  -30,  -30,    0,  -36,    0,    0,    0,    0,    0,    0,    0,    0,    0,  -12,   -6,    0,  -18,    0,    0,  -12,    0,    0,    0,    0,    0,    0,    0,    0,    0,    0,    0,    0,    0,    0,    0,    0,    0,    0,    0,    0,    0,    0,    0,    0,    0,    0,  -48,    0,    0,
       0,    0,    0,    0,    0,    0,    0,    0,    0,    0,    0,    0,    0,    0,    0,    0,    0,    0,    0,    0,    0,    0,    0,    0,    0,    0,    0,    0,    0,    0,    0,    0,    0,    0,    0,   -6,    0,    0,    0,    0,    0,    0,    0,    0,    0,    0,    0,    0,    0,    0,    0,    0,    0,    0,    0,    0,    0,    0,    0,    0,    0,    0,    0,    0,    0,    0,
       0,    0,    0,    0,  -12,    0,    0,    0,  -12,    0,    0,    0,  -12,    0,    0,  -12,   -6,  -18,  -18,    0,  -18,    0,    0,    0,    0,    0,    0,    0,    0,    0,   -6,   -6,    0,  -12,    0,    0,    0,    0,    0,    0,    0,    0,    0,    0,    0,    0,    0,    0,    0,    0,    0,    0,    0,    0,    0,    0,    0,    0,    0,    0,    0,    0,    0,    0,    0,    0,
       0,    0,    0,    0,    0,    0,    0,    0,  -12,    0,  -12,    0,    0,    0,    0,  -12,    0,  -12,  -12,  -12,  -12,    0,    0,    0,    0,    0,    0,    0,    0,    0,    0,   -6,    0,  -12,    0,    0,    0,  -12,    0,    0,    0,    0,    0,    0,    0,    0,    0,    0,    0,    0,    0,    0,  -12,    0,    0,    0,    0,  -12,    0,    0,    0,    0,    0,    0,    0,    0,
       0,    0,   -6,    0,    0,  -54,  -54,    0,    0,  -18,  -36,    0,  -12,    0,    0,    0,    0,    0,    0,    0,    0,    0,  -18,    0,  -30,  -30,    0,   -3,    0,    0,    0,    0,    0,    0,    0,    0,    0,  -48,    0,    0,    0,    0,    0,    0,    0,    0,    0,    0,    0,    0,    0,    0,    0,    0,    0,    0,    0,    0,    0,    0,    0,    0,    0,    0,    0,    0,
       0,    0,    0,    0,    0,  -12,  -12,    0,    0,   -6,  -12,    0,    0,    0,    0,    0,    0,    0,    0,    0,    0,    0,    0,    0,    0,    0,    0,    0,    0,    0,    0,    0,    0,    0,    0,    0,    0,  -24,    0,    0,    0,    0,    0,    0,    0,    0,    0,    0,    0,    0,    0,    0,    0,    0,    0,    0,    0,    0,    0,    0,    0,    0,    0,    0,    0,    0,
       0,    0,  -18,    0,    0,  -66,  -66,    0,    0,  -30,  -48,    0,  -12,    0,    0,    0,    0,    0,    0,    0,    0,    0,  -36,    0,  -36,  -36,    0,  -24,    0,    0,    0,    0,    0,    0,    0,    0,    0,  -78,    0,    0,    0,    0,    0,    0,    0,    0,    0,    0,    0,    0,    0,    0,  -48,    0,    0,    0,    0,    0,    0,    0,    0,    0,    0,    0,    0,    0,
       0,    0,    0,    0,    0,  -54,  -54,    0,    0,  -30,  -42,    0,  -12,    0,    0,    0,    0,    0,    0,    0,    0,    0,  -42,    0,  -36,  -36,    0,  -30,    0,    0,    0,    0,    0,    0,  -18,    0,    0,  -78,    0,    0,    0,    0,    0,    0,    0,    0,    0,    0,    0,    0,    0,    0,    0,    0,    0,    0,    0,    0,    0,    0,    0,    0,    0,    0,    0,    0,
       0,    0,    0,    0,    0,    0,    0,    0,    0,    0,    0,    0,  -12,    0,   -6,    0,    0,    0,    0,    0,    0,    0,    0,    0,    0,    0,    0,    0,    0,    0,    0,  -18,    0,  -30,    0,    0,    0,    0,    0,    0,    0,    0,    0,    0,    0,    0,    0,    0,    0,    0,    0,    0,    0,    0,    0,    0,    0,    0,    0,    0,    0,    0,    0,    0,    0,    0,
       0,    0,   -6,    0,    0,  -48,  -48,    0,    0,  -24,  -42,    0,  -18,    0,  -12,    0,    0,    0,    0,    0,    0,    0,  -36,    0,  -42,  -42,    0,  -36,    0,    0,    0,    0,    0,    0,  -12,    0,    0,  -54,    0,    0,    0,    0,    0,    0,    0,    0,    0,    0,    0,    0,    0,    0,  -42,    0,    0,    0,    0,    0,    0,    0,    0,    0,    0,    0,    0,    0,
       0,  -24,    0,    0,    0,    0,    0,    0,    0,    0,    0,    0,    0,    0,    0,    0,    0,    0,    0,    0,    0,    0,    0,    0,    0,    0,    0,    0,    0,    0,    0,    0,    0,  -12,    0,    0,    0,    0,    0,    0,    0,    0,    0,    0,    0,    0,    0,    0,    0,    0,    0,    0,    0,    0,    0,    0,    0,    0,    0,  -18,  -12,    0,  -12,    0,    0,    0,
       0,    0,    0,    0,    0,    0,    0,    0,    0,    0,    0,    0,    0,    0,    0,    0,    0,  -36,  -36,    0,  -42,    0,    0,    0,    0,    0,    0,    0,    0,    0,    0,    0,    0,  -12,    0,    0,    0,    0,    0,    0,    0,    0,    0,    0,    0,    0,    0,    0,    0,    0,    0,    0,    0,    0,    0,    0,    0,    0,    0,  -18,    0,    0,  -12,    0,    0,    0,
       0,    0,    0,    0,    0,    0,    0,    0,    0,    0,    0,    0,    0,    0,    0,    0,    0,  -36,  -36,    0,  -36,    0,    0,    0,    0,    0,    0,    0,    0,    0,    0,    0,    0,    0,    0,    0,    0,    0,    0,    0,    0,    0,    0,    0,    0,    0,    0,    0,    0,    0,    0,    0,    0,    0,    0,    0,    0,    0,    0,    0,    0,    0,    0,    0,    0,    0,
       0,   48,    0,   54,   48,    0,    0,    0,    0,    0,    0,    0,    0,    0,    0,    0,    0,    0,    0,    0,    0,    0,    0,    0,    0,    0,    0,    0,    0,    0,    0,    0,    0,    0,    0,    0,    0,    0,   24,   24,    0,    0,    0,    0,    0,    0,    0,    0,    0,    0,    0,    0,    0,    0,    0,    0,    0,    0,    0,    0,    0,    0,    0,    0,    0,    0,
       0,    0,    0,    0,    0,    0,    0,    0,    0,    0,    0,    0,    0,    0,    0,    0,    0,    0,  -12,    0,    0,    0,    0,    0,    0,    0,    0,    0,    0,    0,    0,    0,    0,    0,    0,    0,    0,    0,    0,    0,    0,    0,    0,    0,    0,    0,    0,    0,    0,    0,    0,    0,    0,    0,    0,    0,    0,    0,    0,    0,    0,    0,    0,    0,    0,    0,
       0,    0,    0,    0,    0,    0,    0,    0,    0,    0,    0,    0,    0,    0,    0,    0,    0,    0,    0,    0,    0,    0,    0,    0,  -12,  -12,    0,    0,    0,    0,    0,    0,    0,    0,    0,    0,    0,    0,    0,    0,    0,    0,    0,    0,    0,    0,    0,    0,    0,    0,    0,    0,    0,    0,    0,    0,    0,    0,    0,    0,    0,    0,    0,    0,    0,    0,
       0,    0,    0,    0,   18,  -78,  -78,    0,    0,    0,    0,    0,    0,    0,    0,    0,    0,    0,    0,    0,    0,    0,  -12,    0,    0,    0,    0,    0,    0,    0,    0,    0,    0,    0,    0,    0,    0,    0,    0,    0,    0,    0,    0,    0,    0,    0,    0,    0,    0,    0,    0,    0,    0,    0,    0,    0,    0,    0,    0,    0,    0,    0,    0,    0,    0,    0,
       0,    0,    0,    0,    0,    0,    0,    0,    0,    0,    0,    0,    0,    0,    0,    0,    0,    0,    0,    0,  -36,    0,    0,    0,    0,    0,    0,    0,    0,    0,    0,    0,    0,    0,    0,    0,    0,    0,    0,    0,    0,    0,    0,    0,    0,    0,    0,    0,    0,    0,    0,    0,    0,    0,    0,    0,    0,    0,    0,  -12,    0,    0,    0,    0,    0,    0,
       0,    0,    0,    0,    0,  -30,  -42,    0,    0,    0,  -36,    0,    0,    0,    0,    0,    0,    0,    0,    0,    0,    0,    0,    0,    0,    0,    0,    0,    0,    0,    0,    0,    0,    0,    0,    0,    0,    0,    0,    0,    0,    0,    0,    0,    0,    0,    0,    0,    0,    0,    0,    0,    0,    0,    0,    0,    0,    0,    0,    0,    0,    0,    0,    0,    0,    0,
       0,    0,    0,    0,    0,  -42,  -42,    0,    0,    0,  -18,    0,    0,    0,    0,    0,    0,    0,    0,    0,    0,    0,    0,    0,    0,    0,    0,    0,    0,    0,    0,    0,    0,    0,    0,    0,    0,    0,    0,    0,    0,    0,    0,    0,    0,    0,    0,    0,    0,    0,    0,    0,    0,    0,    0,    0,    0,    0,    0,    0,    0,    0,    0,    0,    0,    0,
       0,    0,    0,    0,    0,  -54,  -54,    0,    0,    0,  -30,    0,    0,    0,    0,    0,    0,    0,    0,    0,    0,    0,    0,    0,    0,    0,    0,    0,    0,    0,    0,    0,    0,    0,    0,    0,    0,    0,    0,    0,    0,    0,    0,    0,    0,    0,    0,    0,    0,    0,    0,    0,    0,    0,    0,    0,    0,    0,    0,    0,    0,    0,    0,    0,    0,    0,
       0,    0,    0,    0,    0,    0,    0,    0,    0,    0,    0,    0,    0,    0,    0,    0,    0,  -18,  -12,    0,  -18,    0,    0,    0,    0,    0,    0,    0,    0,    0,    0,    0,    0,    0,    0,    0,    0,    0,    0,    0,    0,    0,    0,    0,    0,    0,    0,    0,    0,    0,    0,    0,    0,    0,    0,    0,    0,    0,    0,    0,    0,    0,    0,    0,    0,    0,
       0,    0,    0,    0,    0,    0,    0,    0,  -12,    0,    0,    0,    0,    0,    0,  -12,    0,  -30,  -30,    0,  -30,    0,    0,    0,    0,    0,    0,    0,    0,    0,    0,    0,    0,    0,    0,    0,    0,    0,    0,    0,    0,    0,    0,    0,    0,    0,    0,    0,    0,    0,    0,    0,    0,    0,    0,    0,    0,    0,    0,    0,    0,    0,    0,    0,    0,    0,
       0,  -48,    0,    0,  -42,    0,    0,    0,  -36,    0,    0,    0,  -12,    0,    0,  -36,  -12,  -48,  -42,    0,  -42,    0,    0,    0,  -12,  -12,    0,    0,    0,  -12,  -30,  -18,    0,  -30,    0,    0,    0,    0,    0,    0,    0,    0,    0,    0,    0,    0,    0,    0,    0,    0,    0,    0,    0,    0,    0,    0,    0,    0,    0,    0,    0,    0,    0,  -42,    0,    0,
      12,   30,    0,   48,   24,    0,    0,    0,   66,    0,    0,   30,    0,   36,    0,   30,   42,   48,   42,   42,   60,   24,    0,   54,    0,    0,    0,    0,    0,    0,    0,    0,    0,    0,    0,    0,    0,    0,    0,    0,    0,    0,    0,    0,    0,    0,    0,    0,    0,    0,    0,    0,    0,    0,    0,    0,    0,    0,    0,    0,    0,    0,    0,    6,    0,    0,
       0,    0,    0,    0,    0,    0,    0,    0,    0,    0,    0,    0,    0,    0,    0,    0,    0,    0,    0,    0,    0,    0,    0,    0,    0,    0,    0,    0,    0,    0,    0,    0,    0,    0,    0,    0,    0,    0,    0,   36,    0,    0,    0,    0,    0,    0,    0,    0,    0,    0,    0,    0,    0,    0,    0,    0,    0,    0,    0,    0,    0,    0,    0,    0,    0,    0,
       0,   12,    0,   30,    0,    0,    0,    0,   12,    0,    0,    0,    0,    0,    0,    0,    0,    0,    0,    0,    0,    0,    0,   24,    0,    0,    0,    0,    0,    0,    0,    0,    0,    0,    0,    0,    0,    0,    0,    0,    0,    0,    0,    0,    0,    0,    0,    0,    0,    0,    0,    0,    0,    0,    0,    0,    0,    0,    0,    0,    0,    0,    0,    0,    0,    0,
       0,    0,    0,    0,    0,  -12,  -12,   -6,   12,    0,  -24,    0,    0,    0,    0,   12,    0,   12,   12,    0,   12,    0,  -12,    0,  -12,  -12,   -6,  -12,   -6,    0,  -12,  -12,  -12,  -12,    0,    0,    0,    0,    0,    0,    0,    0,    0,    0,    0,    0,    0,    0,    0,    0,    0,    0,    0,    0,    0,    0,    0,    0,    0,    0,    0,    0,    0,    0,    0,    0,
       0,    0,    0,    0,   12,  -12,  -12,    0,    0,    0,    0,    0,    0,    0,    0,    0,    0,    0,    0,    0,    0,    0,    0,    0,    0,    0,   12,    0,   18,   12,   18,   18,    0,   18,    0,    0,    0,    0,    0,    0,    0,    0,    0,    0,    0,    0,    0,    0,    0,    0,    0,    0,    0,    0,    0,    0,    0,    0,    0,    0,    0,    0,    0,    0,    0,    0,
       0,    0,    0,    0,    0,  -12,  -12,   -6,    0,    0,  -36,    0,  -12,    0,    0,    0,    0,    0,    0,    0,    0,    0,  -30,    0,  -30,  -30,  -18,  -36,   -6,  -18,  -12,  -12,    0,  -12,  -18,    0,    0,    0,    0,    0,    0,    0,    0,    0,    0,    0,    0,    0,    0,    0,    0,    0,    0,    0,    0,    0,    0,    0,    0,    0,    0,    0,    0,    0,    0,    0,
       0,    0,    0,    0,   12,   -6,   -6,    0,    0,    0,    0,    0,    0,    0,    0,    0,    0,    0,    0,    0,    0,    0,    0,    0,    0,    0,   12,    0,   18,    0,   18,    0,    0,    0,    0,    0,    0,    0,    0,    0,    0,    0,    0,    0,    0,    0,    0,    0,    0,    0,    0,    0,    0,    0,    0,    0,    0,    0,    0,    0,    0,    0,    0,    0,    0,    0,
       0,  -24,    0,    0,    0,    0,    0,    0,   -6,    0,    0,    0,    0,    0,    0,   -6,    0,    0,    0,    0,    0,    0,    0,    0,    0,    0,    0,    0,    0,    0,    0,    0,    0,    0,    0,    0,    0,    0,    0,    0,    0,    0,  -24,    0,    0,   -6,  -24,  -18,    0,    0,    0,    0,    0,    0,    0,    0,    0,  -18,    0,    0,    0,    0,    0,  -30,    0,    0,
       0,    0,    0,    0,    0,    0,    0,    0,    0,    0,    0,    0,    0,    0,    0,    0,    0,    0,    0,    0,    0,    0,    0,    0,    0,    0,    0,    0,    0,    0,    0,    0,    0,    0,    0,    0,    0,    0,    0,    0,    0,    0,    0,    0,    0,    0,    0,    0,    0,    0,    0,    0,    0,    0,    0,    0,    0,  -18,    0,    0,    0,    0,    0,    0,    0,    0,
       0,    0,    0,    0,    0,    0,    0,    0,    0,    0,    0,    0,    0,    0,    0,    0,    0,    0,    0,    0,    0,    0,    0,    0,    0,    0,    0,    0,    0,    0,    0,    0,    0,    0,    0,    0,    0,    0,    0,    0,    0,    0,    0,    0,    0,    0,    0,    0,  -33,  -18,    1,    0,    0,    0,    0,    0,    0,    0,    0,    0,    0,    0,    0,    0,    0,    0,
       0,    0,    0,    0,    0,    0,    0,    0,    0,    0,    0,    0,    0,    0,    0,    0,    0,    0,    0,    0,    0,    0,    0,    0,    0,    0,    0,    0,    0,    0,    0,    0,    0,    0,    0,    0,    0,    0,    0,    0,  -12,   -6,    0,    0,    0,    0,    0,    0,    0,    0,    0,    0,    0,    0,    0,    0,    0,  -18,    0,  -18,   -6,    0,    0,    0,    0,    0,
       0,    0,    0,    0,    0,    0,    0,    0,    0,    0,    0,    0,    0,    0,    0,    0,    0,    0,    0,    0,    0,    0,    0,    0,    0,    0,    0,    0,    0,    0,    0,    0,    0,    0,    0,    0,    0,    0,    0,    0,    0,    0,    0,    0,    0,    0,    0,    0,    0,    0,    0,    0,    0,    0,    0,    0,    0,  -18,    0,  -18,   -6,    0,    0,    0,    0,    0,
       0,    0,    0,    0,    0,    0,    0,    0,    0,    0,    0,    0,    0,    0,    0,    0,    0,    0,    0,    0,    0,    0,    0,    0,    0,    0,    0,    0,    0,    0,    0,    0,    0,    0,    0,    0,    0,    0,    0,    0,    0,    0,  -18,    0,    0,    0,    0,    0,    0,    0,    0,    0,    0,    0,    0,    0,    0,  -18,    0,  -18,   -6,    0,    0,    0,    0,    0,
       0,    0,    0,    0,    0,    0,    0,    0,    0,    0,    0,    0,    0,    0,    0,    0,    0,    0,    0,    0,    0,    0,    0,    0,    0,    0,    0,    0,    0,    0,    0,    0,    0,    0,    0,    0,    0,    0,    0,    0,    0,    0,   -6,    0,    0,    0,    0,    0,    0,    0,    0,    0,    0,    0,    0,    0,    0,    0,    0,    0,    0,    0,    0,   -6,    0,    0,
       0,    0,    0,    0,    0,  -12,  -12,    0,    0,    0,    0,    0,    0,    0,    0,    0,    0,    0,    0,    0,    0,    0,    0,    0,    0,    0,    0,    0,    0,    0,    0,    0,    0,    0,    0,    0,    0,  -30,    0,    0,    0,    0,    0,    0,    0,    0,    0,    0,    0,    0,    0,    0,  -12,  -12,    0,    0,    0,  -12,    0,  -12,    0,    0,    0,    0,    0,    0,
       0,  -18,    0,    0,  -30,    0,    0,    0,    0,    0,    0,    0,    0,    0,    0,    0,    0,    0,    0,    0,    0,    0,    0,    0,    0,    0,    0,    0,    0,    0,    0,    0,    0,    0,    0,    0,    0,    0,    0,    0,    0,    0,    0,    0,    0,    0,    0,    0,    0,    0,    0,    0,    0,    0,    0,    0,    0,  -18,    0,  -18,  -12,    0,    0,  -18,    0,    0,
       0,    0,    0,    0,    0,    0,    0,    0,    0,    0,    0,    0,    0,    0,    0,    0,    0,    0,    0,    0,    0,    0,    0,    0,    0,    0,    0,    0,    0,    0,    0,    0,    0,    0,    0,    0,    0,    0,    0,    0,    0,    0,    0,    0,    0,    0,    0,    0,    0,    0,    0,    0,    0,    0,    0,    0,    0,    0,    0,  -18,    0,    0,    0,    0,    0,    0,
       0,  -48,    0,    0,  -42,    0,    0,    0,  -36,    0,    0,    0,  -12,    0,    0,  -36,    0,  -48,    0,    0,  -42,    0,    0,    0,  -12,  -12,    0,    0,    0,  -12,    0,  -18,    0,  -30,    0,    0,    0,    0,    0,    0,    0,    0,    0,    0,    0,    0,    0,    0,    0,    0,    0,  -12,    0,    0,    0,    0,    0,  -36,  -24,  -54,  -24,    0,    0,  -42,    0,    0,
       0,    0,    0,    0,    0,    0,    0,    0,    0,    0,    0,    0,  -12,    0,    0,    0,    0,    0,    0,    0,    0,    0,    0,    0,  -12,  -12,    0,    0,    0,  -12,    0,  -18,    0,  -18,    0,    0,    0,    0,    0,    0,    0,    0,    0,    0,  -12,    0,    0,    0,    0,    0,    0,  -12,    0,    0,  -12,  -12,    0,    0,  -18,  -12,  -12,    0,  -12,    0,    0,    0,
       0,    0,    0,    0,    0,  -12,  -12,    0,    0,    0,    0,    0,    0,    0,    0,    0,    0,    0,    0,    0,    0,    0,    0,    0,    0,    0,    0,    0,    0,    0,    0,   -6,    0,  -12,    0,    0,    0,  -18,    0,    0,    0,    0,    0,    0,    0,    0,    0,    0,    0,    0,    0,    0,  -12,  -12,    0,    0,    0,    0,  -12,  -24,    0,    0,    0,    0,    0,    0,
       0,    0,    0,    0,    0,  -60,  -60,    0,    0,    0,    0,    0,  -12,    0,    0,    0,    0,    0,    0,    0,    0,    0,  -36,    0,  -36,  -36,    0,  -24,    0,    0,    0,    0,    0,    0,    0,    0,    0,  -78,    0,    0,    0,    0,    0,    0,    0,    0,    0,    0,    0,    0,    0,  -12,  -60,    0,  -12,  -24,  -18,    0,    0,    0,    0,  -24,    0,    0,    0,    0,
       0,    0,    0,    0,    0,  -54,  -54,    0,    0,    0,    0,    0,    0,    0,    0,    0,    0,    0,    0,    0,    0,    0,    0,    0,    0,    0,    0,    0,    0,    0,    0,    0,    0,    0,    0,    0,    0,    0,    0,    0,    0,    0,    0,    0,    0,    0,    0,    0,    0,    0,    0,    0,    0,    0,    0,    0,    0,    0,    0,    0,    0,    0,    0,    0,    0,    0,
       0,    0,    0,    0,    0,  -72,  -72,    0,    0,    0,    0,    0,    0,    0,    0,    0,    0,    0,    0,    0,    0,    0,    0,    0,    0,    0,    0,    0,    0,    0,    0,    0,    0,    0,    0,    0,    0,  -48,    0,    0,    0,    0,    0,    0,    0,    0,    0,    0,    0,    0,    0,    0,  -30,    0,    0,    0,    0,    0,    0,    0,    0,    0,    0,    0,    0,    0,
       0,    0,    0,    0,    0,  -54,  -54,    0,    0,    0,    0,    0,  -12,    0,    0,    0,    0,    0,    0,    0,    0,    0,  -18,    0,  -18,  -18,    0,   -6,    0,    0,    0,    0,    0,    0,    0,    0,    0,  -48,    0,    0,    0,    0,    0,  -12,    0,    0,    0,    0,    0,    0,    0,  -12,  -36,    0,    0,  -18,  -18,    0,    0,    0,    0,  -18,    0,    0,    0,    0,
       0,    0,    0,    0,   18,  -42,  -42,    0,    0,    0,    0,    0,    0,    0,    0,    0,    0,    0,    0,    0,    0,    0,    0,    0,    0,    0,    0,    0,    0,    0,    0,    0,    0,    0,    0,    0,    0,    0,    0,    0,    0,    0,    0,    0,    0,    0,    0,    0,    0,    0,    0,    0,  -18,    0,    0,    0,    0,    0,    0,    0,    0,    0,    0,    0,    0,    0,
       0,  -36,    0,    0,  -42,    0,    0,    0,  -42,    0,    0,    0,    0,    0,    0,  -42,    0,    0,    0,    0,    0,    0,    0,    0,    0,    0,    0,    0,    0,    0,    0,    0,    0,    0,    0,    0,    0,    0,    0,    0,    0,    0,    0,    0,    0,    0,    0,    0,    0,    0,    0,    0,    0,    0,    0,    0,    0,  -42,    0,  -42,    0,    0,  -18,    0,    0,    0,
       0,    0,    0,    0,    0,    0,    0,    0,    0,    0,    0,    0,    0,    0,    0,    0,    0,    0,    0,    0,    0,    0,    0,    0,  -12,  -12,    0,    0,    0,    0,    0,    0,    0,    0,    0,    0,    0,    0,    0,    0,    0,    0,    0,    0,    0,    0,    0,    0,    0,    0,    0,    0,    0,    0,    0,  -12,    0,    0,    0,    0,    0,  -12,    0,    0,    0,    0,
       0,    0,    0,   12,    0,    0,    0,    0,    0,    0,    0,    0,    0,    0,    0,    0,    0,    0,    0,    0,    0,    0,    0,    0,    0,    0,    0,    0,    0,    0,    0,    0,    0,    0,    0,    0,    0,    0,    0,    0,    0,    0,    0,    0,    0,    0,    0,    0,    0,    0,    0,    0,    0,    0,    0,    0,    0,    0,    0,    0,    0,    0,    0,    0,    0,    0,
       0,    0,    0,    0,    0,    0,    0,    0,    0,    0,    0,    0,  -12,    0,    0,    0,    0,    0,    0,    0,    0,    0,    0,    0,  -12,  -12,    0,    0,    0,  -12,    0,  -18,    0,  -30,    0,    0,    0,    0,    0,    0,    0,    0,    0,    0,    0,    0,    0,    0,    0,    0,    0,  -12,    0,    0,  -12,    0,    0,    0,  -24,  -12,    0,    0,  -18,    0,    0,    0,
       0,    0,    0,    0,    0,    0,    0,    0,    0,    0,    0,    0,    0,    0,    0,    0,    0,    0,    0,    0,    0,    0,    0,    0,    0,    0,    0,    0,    0,    0,    0,    0,    0,    0,    0,    0,    0,    0,    0,    0,    0,    0,    0,    0,    0,    0,    0,    0,    0,    0,    0,    0,    0,    0,    0,    0,    0,    0,  -12,    0,    0,    0,    0,    0,    0,    0,
       0,    0,    0,    0,    0,    0,    0,    0,    0,    0,  -42,    0,    0,    0,    0,    0,    0,    0,    0,    0,    0,    0,    0,    0,    0,    0,    0,    0,    0,    0,    0,    0,    0,    0,    0,    0,    0,  -84,    0,    0,    0,    0,    0,    0,    0,    0,    0,    0,    0,    0,    0,    0,  -42,    0,    0,    0,    0,    0,    0,    0,    0,    0,    0,    0,    0,    0,
       0,    0,    0,    0,    0,    0,    0,    0,    0,    0,  -60,    0,  -12,    0,    0,    0,    0,    0,    0,    0,    0,    0,  -18,    0,  -24,  -24,    0,  -30,    0,    0,    0,    0,    0,    0,    0,    0,    0,    0,    0,    6,    0,    0,    0,    0,    0,    0,    0,    0,    0,    0,    0,    0,    0,    0,    0,    0,    0,    0,    0,    0,    0,    0,    0,    0,    0,    0,
       0,    0,    0,    0,    0,    0,    0,    0,    0,    0,    0,    0,    0,    0,    0,    0,    0,    0,    0,    0,    0,    0,    0,    0,    0,    0,    0,    0,    0,    0,    0,    0,    0,    0,    0,    0,    0,    0,    0,    0,    0,    0,    0,    0,    0,    0,    0,    0,    0,    0,    0,    0,    0,    0,    0,    0,    0,    0,    0,    0,    0,    0,    0,    0,   30,    0,
       0,    0,    0,    0,    0,    0,    0,    0,    0,    0,    0,    0,    0,    0,    0,    0,    0,    0,    0,    0,    0,    0,    0,    0,    0,    0,    0,    0,    0,    0,    0,    0,    0,    0,    0,    0,    0,    0,    0,    0,    0,    0,    0,    0,    0,    0,    0,    0,    0,    0,    0,    0,    0,    0,    0,    0,    0,    0,    0,    0,    0,    0,    0,    0,    0,   30,
};

static const EpdLigaturePair notoserif_18_regularLigaturePairs[] = {
    { 0x00660066, 0xFB00 }, // f f -> U+FB00
    { 0x00660069, 0xFB01 }, // f i -> U+FB01
    { 0x0066006C, 0xFB02 }, // f l -> U+FB02
    { 0xFB000069, 0xFB03 }, // U+FB00 i -> U+FB03
    { 0xFB00006C, 0xFB04 }, // U+FB00 l -> U+FB04
};

static const EpdFontData notoserif_18_regular = {
    notoserif_18_regularBitmaps,
    notoserif_18_regularGlyphs,
    notoserif_18_regularIntervals,
    18,
    51,
    41,
    -11,
    true,
    notoserif_18_regularGroups,
    13,
    nullptr,
    notoserif_18_regularKernLeftClasses,
    notoserif_18_regularKernRightClasses,
    notoserif_18_regularKernMatrix,
    381,
    449,
    70,
    66,
    notoserif_18_regularLigaturePairs,
    5,
};
