/**
 * generated by fontconvert.py
 * name: notoserif_12_bolditalic
 * size: 12
 * mode: 2-bit  compressed: true
 * Command used: fontconvert.py notoserif_12_bolditalic 12 ../builtinFonts/source/NotoSerif/NotoSerif-BoldItalic.ttf --2bit --compress --pnum
 */
#pragma once
#include "EpdFontData.h"

static const uint8_t notoserif_12_bolditalicBitmaps[32790] = {
    0x8D, 0x59, 0x3D, 0x6C, 0xDE, 0xD6, 0x15, 0xBD, 0x24, 0x2D, 0xB1, 0x30, 0x11, 0xBD, 0x0E, 0x76,
    0x7E, 0xEC, 0xDA, 0xCC, 0xD0, 0x21, 0x48, 0x22, 0x33, 0x43, 0x0A, 0x18, 0xE8, 0x67, 0x91, 0x76,
    0x80, 0x66, 0x28, 0xD0, 0x68, 0xB0, 0x91, 0xA5, 0x80, 0x3B, 0x67, 0x51, 0x07, 0x0D, 0x0A, 0x60,
    0x9B, 0x74, 0x3C, 0x64, 0x08, 0xD0, 0x68, 0xA8, 0x9B, 0xA1, 0x28, 0xEC, 0xC1, 0x43, 0xEB, 0x16,
    0xB0, 0x0B, 0x18, 0x45, 0x06, 0x45, 0xA4, 0xED, 0xC1, 0x43, 0x16, 0x06, 0x29, 0x90, 0xC1, 0x43,
    0xD9, 0xD6, 0x49, 0x00, 0x07, 0xAD, 0x19, 0x94, 0x69, 0x28, 0x99, 0xE4, 0xEB, 0x39, 0x8F, 0xA4,
    0xF4, 0x49, 0xB6, 0x8B, 0x50, 0x1F, 0xDF, 0xF7, 0x43, 0xF2, 0xBE, 0x7B, 0xCF, 0xBB, 0xF7, 0xDC,
    0x7B, 0x9F, 0x24, 0x8D, 0x44, 0x0B, 0x5F, 0xAD, 0x58, 0x8D, 0x58, 0xB5, 0xD8, 0x95, 0xD8, 0xA5,
    0x38, 0x85, 0x38, 0xB9, 0x38, 0x99, 0x38, 0x89, 0x58, 0xC2, 0x43, 0x45, 0x12, 0x66, 0x7C, 0x05,
    0x09, 0xBF, 0x06, 0xB7, 0xAB, 0xE0, 0xDD, 0x32, 0x7C, 0xBD, 0x0C, 0xDD, 0x7C, 0xC1, 0xCB, 0x26,
    0x5E, 0x72, 0xD4, 0x33, 0xF7, 0x39, 0xEF, 0x64, 0xE2, 0xBE, 0x96, 0x89, 0xE7, 0x46, 0xA2, 0xF0,
    0xD3, 0x21, 0x25, 0x9E, 0xD6, 0x25, 0xCE, 0x42, 0x8E, 0x4E, 0x44, 0x96, 0x8F, 0x8A, 0x94, 0xCB,
    0x22, 0xC5, 0x75, 0x79, 0x69, 0x73, 0x33, 0x0A, 0xB5, 0x4E, 0x9C, 0x5B, 0x98, 0xE7, 0x02, 0x1E,
    0xC1, 0x64, 0x0A, 0x8F, 0xCD, 0x19, 0x49, 0xAF, 0xE2, 0xFC, 0x25, 0x26, 0xD2, 0x89, 0xB4, 0xBA,
    0xB0, 0xAB, 0xCF, 0x4A, 0xA7, 0xBC, 0x5D, 0x38, 0xDF, 0xDC, 0x8A, 0x1C, 0x9D, 0x89, 0x8D, 0x53,
    0xD2, 0x5A, 0xC4, 0xEF, 0x04, 0x13, 0xC8, 0x9E, 0xBD, 0x71, 0x72, 0xEC, 0xA9, 0x30, 0x39, 0xF7,
    0x54, 0x10, 0x85, 0x3F, 0x0F, 0x25, 0x68, 0x1B, 0x71, 0x31, 0xA5, 0x11, 0xF3, 0x4A, 0x2F, 0x6A,
    0x38, 0xD2, 0xC4, 0x82, 0x69, 0x5F, 0x16, 0xB0, 0x4E, 0xDD, 0x2C, 0x31, 0x97, 0x7F, 0xBC, 0x3C,
    0x24, 0x12, 0xDA, 0x25, 0x54, 0x5B, 0xB0, 0xCB, 0x12, 0xA3, 0xF3, 0x8F, 0x1C, 0xA3, 0xFB, 0xE9,
    0x3B, 0xB5, 0x2C, 0xA8, 0xF7, 0xFD, 0x54, 0x82, 0xA5, 0xF9, 0xB3, 0x2A, 0xF2, 0xAA, 0x95, 0x46,
    0xC1, 0xFE, 0xAF, 0x2B, 0x8C, 0xF6, 0xAD, 0xD2, 0x8F, 0xC4, 0xBD, 0x50, 0xFA, 0x40, 0xC7, 0x29,
    0x17, 0x44, 0x26, 0x76, 0x79, 0x06, 0x16, 0x5A, 0x55, 0x05, 0x1B, 0x25, 0xCD, 0x65, 0xFA, 0xB0,
    0xA9, 0x8D, 0xFA, 0x02, 0x2A, 0x07, 0x59, 0x83, 0xE9, 0x92, 0x35, 0x0E, 0xF8, 0x14, 0xDC, 0xC4,
    0xED, 0xFE, 0x03, 0xDC, 0xAD, 0x5A, 0xFB, 0x0F, 0x12, 0xD7, 0xEE, 0x86, 0xD3, 0xB5, 0x5E, 0xA6,
    0x0A, 0xAD, 0xA2, 0x30, 0x0B, 0xFF, 0x8D, 0xDB, 0xFC, 0x06, 0x83, 0x57, 0x63, 0x70, 0x5A, 0x3C,
    0xEF, 0x6A, 0x51, 0x1B, 0x69, 0x9A, 0xDB, 0xBA, 0x0A, 0x2B, 0x23, 0x3D, 0xC8, 0xC2, 0x24, 0x94,
    0x50, 0x8E, 0xC9, 0x44, 0x8E, 0x8E, 0x53, 0xDE, 0x10, 0xAF, 0xC4, 0x23, 0xD2, 0x89, 0x03, 0x34,
    0x2A, 0x51, 0xA5, 0x04, 0x39, 0xD7, 0x30, 0xCE, 0x80, 0x82, 0x6C, 0xAD, 0x7D, 0xFF, 0x4A, 0x45,
    0x62, 0xA8, 0x14, 0x89, 0x8F, 0xA5, 0x28, 0xC4, 0x02, 0x0E, 0xDF, 0x37, 0x62, 0x00, 0x4E, 0xFF,
    0x93, 0x03, 0xDF, 0x68, 0xF8, 0xB2, 0x5A, 0xB1, 0xC7, 0x17, 0x44, 0x53, 0x7A, 0x2D, 0x9E, 0x99,
    0xC0, 0x2F, 0xCC, 0x04, 0x11, 0x27, 0xAD, 0xC5, 0xCF, 0x65, 0x61, 0x14, 0x03, 0x17, 0x9A, 0x53,
    0x12, 0xFC, 0x6C, 0x8F, 0xF7, 0xAF, 0xB3, 0x33, 0xBA, 0x0B, 0x75, 0xB2, 0xF0, 0xE3, 0x4A, 0x56,
    0x1A, 0xA9, 0x5F, 0x91, 0x0F, 0xCD, 0x0D, 0xFB, 0x00, 0xE1, 0xF6, 0x2B, 0xD6, 0x2D, 0x5E, 0xD3,
    0xBF, 0xE0, 0x06, 0x37, 0x51, 0xA5, 0x82, 0x27, 0xD8, 0x58, 0xBE, 0x23, 0xF2, 0x3C, 0x1E, 0x8A,
    0x9B, 0xB4, 0x79, 0xEB, 0x8A, 0x4F, 0xA4, 0x80, 0x81, 0x71, 0x41, 0xB8, 0x86, 0x17, 0x61, 0x3E,
    0x7C, 0x9E, 0x17, 0xF3, 0x20, 0xA0, 0xE0, 0x92, 0x88, 0x9D, 0xEF, 0xBC, 0x7C, 0x68, 0xB8, 0xBC,
    0xD2, 0x5F, 0xB6, 0x8A, 0xFE, 0xB2, 0x9B, 0xF4, 0x97, 0x0F, 0x4F, 0x5D, 0xDE, 0x3A, 0x3C, 0x78,
    0x5C, 0x78, 0x2D, 0x93, 0xC6, 0xCB, 0x9D, 0xDA, 0x2D, 0x5D, 0x68, 0xA3, 0x0A, 0x9C, 0xB9, 0x5B,
    0xFA, 0x99, 0x5B, 0x06, 0x99, 0x57, 0x62, 0xAD, 0x8A, 0x30, 0x51, 0x79, 0x18, 0xA9, 0x2C, 0x8C,
    0x7C, 0x9C, 0xFC, 0x8B, 0x01, 0x63, 0x23, 0xEA, 0xCB, 0xAA, 0xF7, 0xDE, 0x3D, 0x90, 0x05, 0x20,
    0xBD, 0x46, 0xD2, 0xC6, 0xFB, 0xB6, 0x76, 0xEF, 0x54, 0xE2, 0x96, 0x5C, 0x31, 0xA0, 0xA8, 0x0A,
    0x42, 0x17, 0x98, 0x80, 0x83, 0x51, 0x78, 0x01, 0xD1, 0x54, 0x9E, 0xD6, 0xBF, 0x8E, 0x75, 0xD3,
    0x6B, 0xA1, 0x57, 0x25, 0xBE, 0x54, 0x49, 0x07, 0xF0, 0x9B, 0xE1, 0x7C, 0x16, 0x0B, 0x44, 0x19,
    0xA2, 0x20, 0x3E, 0xC4, 0x4D, 0x70, 0x36, 0x44, 0xB2, 0xC0, 0x4D, 0x05, 0x8E, 0x69, 0x17, 0x52,
    0x78, 0x89, 0x9D, 0x23, 0xE6, 0xB2, 0xE1, 0x34, 0x78, 0x21, 0x50, 0x30, 0xC5, 0x94, 0xAC, 0x0F,
    0x71, 0x72, 0x45, 0xA9, 0x09, 0x7D, 0x25, 0x68, 0x45, 0x0E, 0x68, 0x08, 0x81, 0x36, 0x5C, 0x60,
    0xA8, 0xB7, 0x17, 0xEF, 0x88, 0x32, 0x58, 0x18, 0x67, 0xC1, 0x7D, 0x0D, 0x11, 0xD5, 0x00, 0x0F,
    0xF4, 0x36, 0xF7, 0xC1, 0x44, 0x07, 0x72, 0xBD, 0x38, 0x91, 0x43, 0x50, 0x7E, 0x05, 0xEE, 0x55,
    0x68, 0xA0, 0xDB, 0x01, 0xD9, 0x56, 0xE6, 0xC1, 0x36, 0x6F, 0xBF, 0xD9, 0x46, 0x5A, 0xEB, 0xFC,
    0xD4, 0x9B, 0x1B, 0x11, 0xDD, 0x93, 0xB6, 0xCB, 0xD2, 0x06, 0xD0, 0x81, 0x37, 0xC6, 0x1A, 0x11,
    0x84, 0x13, 0xDC, 0x21, 0xD0, 0x1B, 0x21, 0xBB, 0xCA, 0x95, 0x01, 0x45, 0x88, 0x7B, 0x6D, 0x15,
    0xE6, 0x43, 0x27, 0x7A, 0x2D, 0x81, 0x21, 0x3E, 0x38, 0xF7, 0xC1, 0x79, 0xD7, 0x80, 0xD2, 0x1A,
    0x50, 0x8D, 0xFF, 0x58, 0x89, 0x3F, 0x98, 0x37, 0xD8, 0x08, 0x02, 0x3B, 0x9D, 0x5B, 0x8D, 0x87,
    0xB5, 0x72, 0x73, 0xAF, 0xB0, 0xE9, 0xD4, 0x84, 0x18, 0xA6, 0x17, 0x12, 0x3F, 0xC4, 0x33, 0x91,
    0xC6, 0xD3, 0xB1, 0x39, 0xD7, 0xCD, 0xC9, 0x4F, 0x9D, 0x84, 0xD0, 0xD5, 0xBF, 0x5B, 0x19, 0x98,
    0x7A, 0xE8, 0x75, 0xA5, 0xA0, 0x17, 0xCE, 0x62, 0x0E, 0x58, 0xFF, 0x40, 0x82, 0x68, 0x8F, 0x9C,
    0xC3, 0x15, 0xC0, 0x66, 0x4F, 0x2D, 0x41, 0x10, 0x99, 0x90, 0x32, 0x3F, 0xD7, 0xC3, 0xCF, 0x40,
    0x87, 0x0C, 0x1A, 0x8E, 0x7A, 0xF9, 0xD0, 0x4B, 0x9F, 0xCE, 0xED, 0xC6, 0x29, 0x9D, 0x6A, 0x38,
    0x6B, 0xB7, 0xB0, 0x1B, 0x08, 0xD0, 0xEB, 0x78, 0xBE, 0x12, 0x0B, 0xB6, 0xAA, 0xBF, 0xEB, 0x08,
    0x11, 0x9E, 0xC5, 0xD0, 0x78, 0x1D, 0x9A, 0xAF, 0xE3, 0x3D, 0x86, 0xBD, 0xC1, 0x27, 0xDD, 0x14,
    0xF6, 0x83, 0x77, 0xA6, 0x69, 0x66, 0x35, 0x2A, 0x77, 0x2A, 0xB7, 0xF4, 0xE0, 0x9F, 0xAA, 0xE0,
    0xE9, 0xE1, 0xC4, 0x5F, 0x19, 0xE4, 0x6E, 0xA7, 0x73, 0x4B, 0x5F, 0xCA, 0xB6, 0x35, 0x59, 0x97,
    0x17, 0xA0, 0xE4, 0x19, 0xB8, 0x0F, 0x20, 0x32, 0x94, 0xCA, 0xC3, 0x5A, 0x75, 0x2B, 0xAF, 0xF2,
    0x4A, 0x6B, 0x0A, 0xC6, 0x23, 0xC0, 0x44, 0xE3, 0x7E, 0x1C, 0xCF, 0x19, 0xEC, 0x53, 0xFA, 0xA5,
    0x3C, 0x2B, 0xBB, 0x0E, 0x04, 0x9A, 0x32, 0xCE, 0xEC, 0x94, 0x8C, 0x2A, 0x2C, 0x5D, 0x20, 0xF2,
    0xC3, 0xE1, 0x22, 0xA2, 0xEE, 0x23, 0xF2, 0x49, 0xCA, 0x55, 0x07, 0xE1, 0x40, 0x0C, 0xBE, 0x51,
    0x2A, 0xFC, 0x1E, 0x60, 0x9B, 0xB0, 0xE4, 0xD2, 0xEA, 0xF6, 0xC5, 0xAB, 0xBF, 0xEF, 0x3F, 0xEF,
    0x3F, 0x75, 0x12, 0x5F, 0x31, 0xE2, 0x33, 0xD2, 0x07, 0xD0, 0xE6, 0x23, 0x9D, 0xF1, 0x37, 0x66,
    0xAE, 0x86, 0xCF, 0xAE, 0x73, 0x46, 0x48, 0x5B, 0x1E, 0xD5, 0x98, 0xD5, 0x45, 0xF0, 0x55, 0x13,
    0x9F, 0x68, 0xB1, 0x8E, 0x47, 0x70, 0xB7, 0x65, 0xF8, 0x0A, 0x9A, 0xC5, 0x09, 0xD8, 0xA9, 0x4F,
    0x71, 0x7D, 0x7E, 0xF3, 0x12, 0xC3, 0x8D, 0xB9, 0xF1, 0x0A, 0x1E, 0x70, 0x44, 0xFC, 0xBA, 0xB1,
    0x94, 0x9B, 0xC9, 0x4C, 0x62, 0x04, 0xBB, 0xBA, 0xA4, 0x69, 0x30, 0x59, 0xFC, 0xD0, 0x8B, 0x02,
    0xBB, 0x5A, 0x70, 0x93, 0x63, 0x5E, 0xBE, 0xE0, 0x64, 0x67, 0x54, 0x76, 0xD6, 0xC9, 0xD6, 0xFC,
    0x64, 0xCD, 0xC9, 0x6A, 0xB8, 0xA1, 0x9B, 0xD4, 0x21, 0x18, 0x22, 0xE2, 0xA8, 0xA4, 0x0E, 0x4E,
    0x34, 0x87, 0x65, 0x4D, 0xDD, 0x5D, 0x58, 0x03, 0xCA, 0x0D, 0x42, 0x68, 0xA1, 0x5F, 0xFC, 0x7E,
    0x6A, 0xC8, 0x7C, 0x9E, 0xB9, 0x77, 0x16, 0x16, 0x05, 0x0F, 0x0D, 0xFA, 0x6F, 0x45, 0xE6, 0x52,
    0x67, 0x12, 0x07, 0x39, 0x8D, 0x83, 0x97, 0x92, 0x93, 0xE8, 0xF0, 0x13, 0x0E, 0xCB, 0x74, 0x7B,
    0x70, 0x0D, 0xC0, 0x46, 0xC0, 0x39, 0xE0, 0x3F, 0xF1, 0x2E, 0x22, 0x5C, 0x7D, 0xC4, 0x14, 0x54,
    0x85, 0x39, 0x2B, 0x8C, 0x56, 0xB2, 0x09, 0x42, 0x5F, 0x95, 0x07, 0x2B, 0x18, 0x15, 0xB6, 0xB6,
    0xEE, 0x10, 0x55, 0xB0, 0x6E, 0x69, 0x13, 0x0E, 0xAD, 0x4A, 0xD8, 0xAC, 0x8A, 0x00, 0x84, 0x53,
    0xE0, 0xE6, 0x20, 0x0F, 0x48, 0xE0, 0xA4, 0x9D, 0x9B, 0x26, 0x0A, 0x61, 0x75, 0xFC, 0x01, 0x7D,
    0x4A, 0xE8, 0xA8, 0xC0, 0xCD, 0x0C, 0x56, 0x87, 0x04, 0x02, 0xF2, 0xD7, 0x91, 0xD3, 0x58, 0x5A,
    0x0E, 0x76, 0xD7, 0x1A, 0xDC, 0x0B, 0x4A, 0x1A, 0x3C, 0x87, 0xD1, 0xE9, 0x7F, 0x41, 0x01, 0x11,
    0x6E, 0x46, 0xF2, 0x8A, 0x00, 0xF7, 0x31, 0xC3, 0x27, 0x86, 0x40, 0xA8, 0x5C, 0x4F, 0x13, 0xFD,
    0x10, 0x9B, 0x21, 0x19, 0x3F, 0xF5, 0x17, 0x72, 0x24, 0x6E, 0xBF, 0x46, 0x1E, 0x72, 0xB5, 0xC9,
    0xF6, 0xDD, 0xB8, 0xAA, 0xA3, 0xF6, 0xF4, 0x31, 0x1F, 0x59, 0xA7, 0xC0, 0x9A, 0xFA, 0x05, 0x33,
    0x63, 0x6E, 0x23, 0x5C, 0x33, 0x6B, 0x18, 0xE2, 0x04, 0x5F, 0xE3, 0x08, 0x43, 0x1A, 0xE1, 0xAA,
    0xE6, 0xDA, 0x6B, 0xE4, 0x29, 0x5C, 0xF2, 0x4B, 0x68, 0x1F, 0x66, 0xD4, 0x3E, 0x82, 0xF6, 0x35,
    0xB5, 0x4F, 0x28, 0x19, 0x59, 0x7A, 0x69, 0xF3, 0x1A, 0x25, 0x3B, 0xC4, 0x05, 0xFE, 0xE1, 0x17,
    0x76, 0xF6, 0x88, 0xBE, 0x06, 0x97, 0x8B, 0x8B, 0x26, 0x6B, 0xF6, 0x3C, 0x64, 0x06, 0x48, 0xDE,
    0xCB, 0xA4, 0x78, 0x98, 0x53, 0x1D, 0x03, 0x2E, 0x57, 0x0D, 0x2E, 0xCD, 0xB6, 0xE4, 0x62, 0x94,
    0x8C, 0x08, 0x79, 0xAC, 0xE4, 0xFB, 0x57, 0x06, 0xF1, 0x69, 0xB4, 0x4B, 0xB2, 0x50, 0xB2, 0x50,
    0xB2, 0x40, 0x32, 0xB9, 0x45, 0x67, 0xDB, 0x55, 0x0D, 0xEB, 0xA0, 0x4D, 0xD4, 0x1C, 0x71, 0x12,
    0x94, 0x70, 0x73, 0xA8, 0x5E, 0x8B, 0x4A, 0xB6, 0x11, 0x0F, 0xF3, 0x6D, 0xB0, 0xF7, 0x5E, 0xBD,
    0x1C, 0x27, 0xBE, 0x2E, 0xB1, 0x36, 0x5C, 0x4D, 0x03, 0x05, 0xD2, 0x3A, 0xF1, 0x00, 0x32, 0x4C,
    0xE7, 0xDD, 0x12, 0x08, 0x2B, 0xDD, 0x5A, 0x50, 0xAD, 0xDF, 0x85, 0x11, 0x4B, 0xDD, 0x4F, 0xF4,
    0x3D, 0x2E, 0x22, 0x54, 0x53, 0x0C, 0x5F, 0x4A, 0xD6, 0x66, 0x31, 0xB5, 0xF4, 0x90, 0x53, 0x50,
    0x2B, 0x83, 0xCD, 0xF1, 0xC5, 0x37, 0x1B, 0xDA, 0x01, 0x4D, 0x70, 0x83, 0x6B, 0x46, 0x54, 0x09,
    0xB8, 0x0D, 0x32, 0x70, 0x1B, 0x46, 0xB3, 0x72, 0xB0, 0xE6, 0x38, 0x78, 0x2E, 0xD6, 0xB7, 0xE1,
    0x9A, 0xC2, 0x85, 0x58, 0x82, 0x79, 0x54, 0x5D, 0x15, 0xBD, 0xF6, 0xC1, 0x90, 0x54, 0xCC, 0x99,
    0xF4, 0xA4, 0x4F, 0x7C, 0x74, 0x8F, 0x0E, 0x27, 0xE6, 0xB4, 0x84, 0x86, 0xC8, 0x18, 0x60, 0x1C,
    0x08, 0xB3, 0xD2, 0x8D, 0xA9, 0x87, 0x92, 0x47, 0x1E, 0x02, 0x50, 0x5B, 0x0F, 0x8E, 0x49, 0x0F,
    0x1A, 0xF6, 0x73, 0x0F, 0xA7, 0x99, 0x7F, 0x10, 0x01, 0x93, 0x8D, 0x49, 0xAB, 0x06, 0x93, 0xF7,
    0x30, 0xCD, 0x52, 0xF7, 0xBA, 0x89, 0x22, 0xA6, 0x5E, 0x10, 0xAD, 0x49, 0x90, 0xBE, 0x71, 0x70,
    0xD6, 0x34, 0xE1, 0x2D, 0x03, 0xFD, 0xC7, 0xBD, 0xCF, 0xE4, 0xD2, 0xE7, 0x35, 0x08, 0x78, 0x9F,
    0x94, 0xAD, 0x51, 0xD1, 0x61, 0x74, 0x1B, 0x2A, 0xE3, 0x18, 0x1B, 0x18, 0xEC, 0xF4, 0xD2, 0x84,
    0x76, 0xA4, 0x05, 0x2D, 0xF1, 0xCB, 0x1E, 0x13, 0x03, 0x4A, 0x1F, 0x42, 0x84, 0xE5, 0xF1, 0x71,
    0x94, 0x0C, 0x19, 0x71, 0x87, 0xF7, 0xD8, 0xB4, 0xD5, 0x33, 0x88, 0x53, 0xF8, 0x11, 0xFA, 0x65,
    0x3B, 0xFA, 0x25, 0x0A, 0x3A, 0x78, 0xDB, 0x52, 0x6B, 0xCA, 0x65, 0x85, 0x5B, 0xF0, 0xD0, 0x5C,
    0x27, 0x87, 0xA1, 0xCE, 0x21, 0x2D, 0x0B, 0x00, 0x67, 0x5E, 0xCB, 0x5F, 0x70, 0xE7, 0x24, 0x95,
    0xFF, 0xF0, 0x2D, 0xB6, 0x3F, 0x85, 0xDA, 0x2B, 0xF1, 0x6B, 0xEF, 0xD6, 0xE4, 0xA0, 0x9F, 0x12,
    0xAF, 0xEB, 0xE1, 0xAF, 0xA8, 0x58, 0x19, 0xFE, 0xA9, 0x7F, 0xAB, 0x49, 0xE4, 0x45, 0x50, 0x82,
    0x9C, 0x6D, 0x30, 0x4A, 0x40, 0x7A, 0xF2, 0xC9, 0x2A, 0x07, 0xEF, 0xF9, 0xC7, 0xD3, 0x7B, 0x28,
    0xDA, 0x94, 0x67, 0x66, 0x2F, 0x59, 0xC4, 0x2F, 0x61, 0x7E, 0xCC, 0xDD, 0xB0, 0xE6, 0x82, 0x06,
    0x73, 0x20, 0x39, 0xCD, 0xDA, 0xEB, 0xE5, 0x34, 0x42, 0xFD, 0x36, 0x09, 0x13, 0x56, 0x7F, 0x41,
    0x86, 0x71, 0x45, 0x15, 0xA8, 0x6E, 0x97, 0x3D, 0x76, 0x10, 0xD7, 0x9D, 0xFA, 0x3A, 0xE6, 0x72,
    0x1A, 0xCE, 0x68, 0x75, 0x26, 0xCF, 0xC0, 0x04, 0xC4, 0x55, 0x6C, 0x78, 0xDD, 0xCC, 0x46, 0x3A,
    0x8F, 0x1B, 0x93, 0x8D, 0x07, 0x66, 0x62, 0xB1, 0x7D, 0xDF, 0x94, 0xBB, 0x70, 0x58, 0x78, 0x5F,
    0xCE, 0x38, 0x29, 0x59, 0x73, 0x95, 0x3E, 0x83, 0x33, 0x60, 0xEC, 0xE3, 0x59, 0x55, 0x92, 0x4A,
    0x39, 0x04, 0x39, 0x60, 0x45, 0xEA, 0x65, 0x1D, 0x86, 0x0B, 0xE6, 0xC1, 0x16, 0xF0, 0x23, 0x79,
    0xB9, 0x2D, 0xF3, 0x43, 0xCA, 0xB0, 0xB4, 0xFA, 0x38, 0xB9, 0x67, 0x98, 0x49, 0x46, 0x19, 0x41,
    0x3E, 0xF2, 0xAA, 0x29, 0x8C, 0x47, 0x72, 0x8D, 0x13, 0x48, 0x8B, 0x7F, 0x43, 0x5E, 0xE5, 0x13,
    0x4F, 0x8E, 0xF2, 0x45, 0x7A, 0x4C, 0x21, 0x4F, 0xD6, 0xDE, 0xDD, 0xA9, 0x7D, 0xB8, 0x43, 0xFB,
    0x22, 0x4E, 0xA6, 0xB4, 0x8F, 0xA9, 0xBD, 0x7E, 0xBC, 0xF6, 0xBE, 0x71, 0xAB, 0xAD, 0xC1, 0x38,
    0xA6, 0x43, 0x7F, 0x33, 0x84, 0x3C, 0x12, 0xAE, 0xB1, 0xA8, 0xEC, 0x27, 0xF4, 0x0B, 0xD3, 0x4E,
    0x60, 0x08, 0x33, 0x7F, 0x34, 0xEB, 0xFC, 0x50, 0xB9, 0x49, 0x7A, 0x9A, 0x5E, 0x4B, 0xD7, 0xA0,
    0x7B, 0x5B, 0xAC, 0x2C, 0xE1, 0xDC, 0x6C, 0x44, 0x4C, 0xBA, 0x58, 0x4C, 0x73, 0x98, 0xE5, 0x17,
    0x5B, 0xA5, 0x6C, 0x7A, 0xA9, 0xB2, 0x50, 0x7A, 0x3A, 0x95, 0x5D, 0x3B, 0x95, 0x55, 0x98, 0x78,
    0xD4, 0x43, 0xD3, 0x44, 0x47, 0x09, 0x34, 0x4B, 0x38, 0x66, 0x81, 0xFC, 0x39, 0xCC, 0x7A, 0x0E,
    0x85, 0x54, 0x8A, 0x55, 0x8D, 0xA3, 0x20, 0x09, 0x3F, 0x4F, 0x21, 0xA2, 0x2F, 0x81, 0x14, 0xEB,
    0x49, 0xFF, 0x2B, 0x7D, 0x2D, 0x9B, 0x87, 0xB0, 0x6C, 0xC2, 0xE1, 0xA8, 0x5B, 0xA3, 0x6A, 0x64,
    0x7D, 0x69, 0x42, 0x7B, 0xCA, 0xCA, 0xED, 0x08, 0x0A, 0xB2, 0x47, 0xC3, 0x88, 0x11, 0x34, 0x4B,
    0x06, 0xF4, 0x29, 0x3C, 0xD4, 0xB9, 0xAE, 0x83, 0x2E, 0x5A, 0x2A, 0x88, 0x38, 0xC5, 0xCD, 0xB1,
    0xD8, 0x38, 0x44, 0x49, 0xF3, 0x1C, 0x26, 0x14, 0x37, 0xA1, 0xB8, 0xA3, 0x14, 0xB2, 0xCC, 0xE1,
    0x3A, 0x49, 0x83, 0xC5, 0x06, 0xDB, 0xC1, 0x08, 0xFE, 0x19, 0x47, 0xC6, 0x31, 0x59, 0x6C, 0x6C,
    0xAE, 0xCB, 0x54, 0xE5, 0x96, 0xEA, 0x13, 0xBA, 0x58, 0xDA, 0xB0, 0xD2, 0x55, 0x88, 0x32, 0x89,
    0xF2, 0x0C, 0xC5, 0x97, 0xCC, 0x56, 0x05, 0x66, 0xC3, 0x63, 0x6E, 0x8D, 0xC7, 0x9C, 0x5A, 0xD1,
    0x37, 0xE6, 0x39, 0x4C, 0x38, 0xDC, 0xA0, 0xBF, 0x14, 0xF4, 0x9C, 0x8C, 0xFE, 0x91, 0x8C, 0x51,
    0xCF, 0x45, 0x65, 0xE1, 0x09, 0xC9, 0xD1, 0x73, 0x08, 0x01, 0x94, 0x33, 0x0B, 0xB2, 0x74, 0x8F,
    0xE4, 0x8D, 0x5A, 0x07, 0x6F, 0x9A, 0x75, 0x4C, 0x09, 0xBE, 0x39, 0x82, 0x89, 0x80, 0xF5, 0x04,
    0x53, 0x79, 0x69, 0xB4, 0x82, 0x37, 0x15, 0x26, 0x48, 0xBA, 0xD5, 0x7C, 0x78, 0x1E, 0x53, 0xD7,
    0x93, 0xF0, 0x36, 0x27, 0xBF, 0x11, 0xDE, 0xE1, 0xF4, 0x65, 0xF0, 0x71, 0x24, 0xCE, 0x66, 0xEE,
    0xFF, 0x8D, 0x2B, 0x94, 0xF9, 0x24, 0x4F, 0x1D, 0xA9, 0x7E, 0xBD, 0x54, 0x25, 0x03, 0xAF, 0xB3,
    0x4B, 0x54, 0x06, 0x59, 0xE0, 0x56, 0xB0, 0xCA, 0x05, 0x67, 0x82, 0xE2, 0x8E, 0x99, 0x7A, 0x86,
    0xDD, 0x98, 0x3E, 0xC1, 0xCB, 0xE9, 0x7B, 0xF4, 0x31, 0xF4, 0xB8, 0x1C, 0x6B, 0x19, 0x3D, 0x51,
    0x7C, 0x03, 0x4C, 0x4C, 0x03, 0xAC, 0x7F, 0xD2, 0x16, 0xF7, 0x9D, 0xCE, 0x14, 0x4C, 0x34, 0xEE,
    0x0C, 0xBB, 0x57, 0xD4, 0x05, 0x70, 0xCD, 0x83, 0x35, 0x63, 0x22, 0x6C, 0x5D, 0x38, 0x89, 0xC1,
    0x30, 0xDE, 0xC6, 0x10, 0xCD, 0x25, 0x09, 0x9D, 0x49, 0x86, 0x3B, 0x19, 0xA8, 0xC6, 0xA0, 0xDC,
    0x1C, 0xAB, 0x2A, 0xF6, 0x74, 0x9A, 0x4A, 0xA4, 0xC5, 0x8E, 0xE2, 0x63, 0x67, 0xCA, 0x7D, 0x46,
    0x2F, 0x72, 0xDD, 0x4B, 0x63, 0x05, 0x67, 0xB9, 0x9F, 0x56, 0x80, 0x09, 0x21, 0xB6, 0x4C, 0x82,
    0xBE, 0x4E, 0x07, 0x5D, 0xF4, 0x9A, 0x51, 0xE7, 0x98, 0xF6, 0x70, 0x01, 0xC8, 0xE4, 0x62, 0x7E,
    0x0F, 0xB6, 0x7F, 0x8F, 0xDC, 0xC8, 0x61, 0xEB, 0x03, 0xA4, 0x7C, 0x2C, 0xFE, 0x55, 0x94, 0x28,
    0x9A, 0x55, 0x52, 0xC8, 0xCC, 0xF9, 0x79, 0x3F, 0xBF, 0xC9, 0x6A, 0xC3, 0xE4, 0x63, 0x72, 0x6A,
    0xB6, 0x93, 0x13, 0xD3, 0xE8, 0xD8, 0x26, 0x4D, 0x27, 0x27, 0x76, 0x5C, 0xC1, 0x98, 0x1C, 0xF1,
    0x39, 0x1E, 0x0A, 0xA5, 0xE5, 0xA3, 0x38, 0x26, 0x38, 0x5E, 0xC6, 0x71, 0x08, 0xC7, 0x1C, 0x0E,
    0xD5, 0xC7, 0xD2, 0xD3, 0xBB, 0x93, 0xE0, 0xEE, 0x39, 0xA6, 0xE7, 0xD9, 0x3D, 0xC7, 0x74, 0x12,
    0xA6, 0xD3, 0xE1, 0xEB, 0x58, 0x9B, 0xBD, 0x60, 0x1A, 0x66, 0xB8, 0xF6, 0x03, 0xB1, 0xEF, 0x24,
    0xCE, 0xED, 0xCC, 0x3B, 0x9E, 0x2B, 0xC1, 0xFE, 0xCA, 0xF2, 0x44, 0x26, 0x2B, 0x32, 0xBF, 0x28,
    0x33, 0x6C, 0x3B, 0x5F, 0xBC, 0x7A, 0xD5, 0xB4, 0x6D, 0x2A, 0x43, 0x7F, 0x7A, 0x5D, 0xF6, 0xAE,
    0x2E, 0xB2, 0xD9, 0x73, 0x6A, 0x90, 0x4A, 0xE1, 0xE7, 0x41, 0x66, 0xB6, 0x33, 0x10, 0xDD, 0x61,
    0x86, 0x16, 0x2C, 0x41, 0x5B, 0x86, 0xD6, 0x0C, 0x7F, 0x70, 0x1D, 0xED, 0xA6, 0x6C, 0xF9, 0xEB,
    0xA0, 0x0A, 0x8B, 0x9E, 0x3C, 0x22, 0x99, 0xD1, 0xBB, 0x41, 0x3B, 0x80, 0xBA, 0x54, 0x17, 0xCE,
    0xC3, 0x4B, 0xA5, 0xD3, 0xB9, 0x95, 0xDB, 0x38, 0xB5, 0x57, 0x21, 0x74, 0x4A, 0xB7, 0x62, 0x23,
    0xE4, 0x9B, 0x36, 0x48, 0xF5, 0xF3, 0xB0, 0x8D, 0xFA, 0xA2, 0x91, 0x73, 0x23, 0xCB, 0xCE, 0x5E,
    0x31, 0xC5, 0x94, 0x53, 0x82, 0x5F, 0x72, 0xB4, 0xB8, 0xD9, 0x31, 0xB6, 0x28, 0x5B, 0xEB, 0x32,
    0x7D, 0xC6, 0xC9, 0xAB, 0x12, 0x3E, 0x44, 0x8C, 0x6E, 0x35, 0x9A, 0x21, 0x0B, 0x90, 0x9D, 0x30,
    0x1E, 0xF8, 0xAD, 0x69, 0x62, 0xBF, 0xB3, 0x6D, 0xED, 0xB6, 0x6D, 0x3B, 0x75, 0x61, 0xEB, 0x07,
    0xDA, 0x8F, 0x5A, 0x49, 0x41, 0xCF, 0xAC, 0x08, 0xE8, 0x9F, 0x4F, 0xD6, 0xA5, 0xDF, 0x8E, 0x63,
    0xD1, 0xE1, 0x7F, 0x86, 0x55, 0x0C, 0x2F, 0xB0, 0x99, 0x3F, 0xD1, 0x17, 0x31, 0x58, 0xB4, 0x93,
    0x24, 0x36, 0xA8, 0x3A, 0xCB, 0x1C, 0xC3, 0xE5, 0xEF, 0x53, 0x4E, 0x3F, 0x30, 0x12, 0x7B, 0xC6,
    0xDC, 0xCE, 0x0B, 0xC5, 0xD0, 0xDC, 0x3F, 0xC2, 0x98, 0xA6, 0xDC, 0x18, 0x39, 0xE7, 0xA5, 0x6A,
    0x0C, 0x26, 0xCE, 0x82, 0xF7, 0xB7, 0xDE, 0x00, 0x89, 0xE8, 0x4D, 0x70, 0xC0, 0x85, 0x0A, 0x2D,
    0x38, 0x1B, 0xE1, 0x75, 0xCA, 0x6F, 0x59, 0x31, 0x7D, 0xC4, 0x9E, 0x38, 0x3E, 0xCD, 0x56, 0x94,
    0x1E, 0xF4, 0x36, 0x44, 0x71, 0xDF, 0x49, 0xEC, 0xEE, 0x0A, 0x75, 0xD4, 0x26, 0xF7, 0x14, 0xE2,
    0x7D, 0x7E, 0x0D, 0x69, 0x86, 0x0D, 0xF4, 0x39, 0x71, 0xC1, 0xA2, 0xCC, 0xE7, 0x88, 0x46, 0xF2,
    0xF3, 0xBD, 0xDE, 0x05, 0x66, 0x1F, 0x75, 0x81, 0xC4, 0x69, 0x52, 0x2C, 0xFF, 0x83, 0xCA, 0x41,
    0x1E, 0x72, 0x1B, 0xB0, 0x5B, 0x8D, 0x1E, 0xB8, 0xFF, 0x43, 0xEA, 0xC1, 0x52, 0x98, 0xC5, 0xA0,
    0x0B, 0x70, 0xE7, 0x28, 0xD0, 0x71, 0xA4, 0xEA, 0xA1, 0x7B, 0x65, 0x2A, 0x6A, 0x04, 0xC0, 0xEC,
    0x5F, 0x8C, 0xAB, 0xA9, 0x27, 0xCC, 0x9D, 0x4C, 0xDE, 0x61, 0x13, 0x6C, 0x35, 0xDD, 0xD3, 0xAE,
    0xB1, 0xAF, 0xFF, 0x69, 0x86, 0xE8, 0xB6, 0xBB, 0x42, 0x77, 0x77, 0xF8, 0x8E, 0x61, 0xF5, 0x98,
    0xDA, 0x56, 0xF7, 0x68, 0x1E, 0xAC, 0x7B, 0xFA, 0x78, 0xBC, 0x93, 0xCF, 0x9C, 0x72, 0x9A, 0x00,
    0x99, 0x15, 0x3B, 0x1A, 0xB5, 0x1F, 0xB9, 0x15, 0x32, 0xC6, 0xD7, 0x48, 0xCE, 0x70, 0x02, 0x05,
    0xB6, 0xF2, 0xBF, 0x6D, 0x24, 0xB8, 0x85, 0x9E, 0xE8, 0x26, 0x53, 0x3E, 0x77, 0x0F, 0xE2, 0x22,
    0x8E, 0x0E, 0x96, 0x41, 0xFB, 0x0C, 0xAD, 0xAB, 0xD1, 0xDB, 0x8F, 0x58, 0x6C, 0xDB, 0x15, 0xA5,
    0xB0, 0x26, 0x6D, 0xE8, 0x7E, 0x33, 0x27, 0x67, 0x93, 0x03, 0x89, 0xDF, 0xC6, 0x25, 0x50, 0x6C,
    0x1F, 0x6C, 0x22, 0x94, 0xB4, 0xDB, 0xA1, 0xD0, 0x6D, 0xDD, 0x06, 0x81, 0x04, 0x3C, 0x4D, 0x38,
    0xF5, 0x3B, 0x0B, 0x28, 0xF4, 0xF8, 0x09, 0x41, 0x65, 0xA4, 0xF5, 0x12, 0xB7, 0xB0, 0xCD, 0xC2,
    0x8E, 0xA3, 0xAA, 0x46, 0x70, 0x66, 0x57, 0xC5, 0x6F, 0x50, 0xF1, 0x43, 0x2E, 0xBA, 0x70, 0xCD,
    0x2D, 0xC4, 0x16, 0x10, 0xB9, 0x0D, 0x8B, 0x12, 0xEC, 0x39, 0x88, 0xD7, 0x97, 0x34, 0x66, 0x27,
    0xCC, 0xEC, 0x85, 0x99, 0xDD, 0x30, 0x53, 0x66, 0xF8, 0x34, 0xC7, 0x6B, 0xC7, 0x06, 0xFF, 0x32,
    0x40, 0xC1, 0x16, 0x48, 0x05, 0x2E, 0x29, 0x38, 0x9D, 0x8F, 0x72, 0xC7, 0xCF, 0xD3, 0x28, 0xC8,
    0x35, 0x9E, 0x30, 0xA6, 0xF7, 0x51, 0x26, 0x29, 0x50, 0x0B, 0xBF, 0xAA, 0xB6, 0x22, 0x64, 0xE6,
    0xD4, 0xEC, 0xAA, 0x6A, 0xC3, 0xDA, 0x6A, 0xBF, 0x6C, 0xA4, 0x3B, 0xDF, 0x82, 0xC7, 0x3A, 0x24,
    0x2F, 0x00, 0x6A, 0x41, 0x19, 0xBB, 0x41, 0xD9, 0x00, 0x23, 0x1D, 0xC0, 0x64, 0x0C, 0xCC, 0xB0,
    0xE3, 0x1A, 0xF9, 0xBA, 0xDE, 0xA6, 0xC1, 0x64, 0x58, 0xAF, 0xBF, 0xF6, 0x3B, 0xD1, 0x60, 0xB1,
    0x5F, 0x7C, 0xF7, 0x48, 0xC7, 0x06, 0x53, 0xD3, 0x49, 0x50, 0xC1, 0x10, 0xEE, 0x78, 0xD8, 0xC3,
    0x1E, 0x11, 0x1D, 0x05, 0xAD, 0x2A, 0xF7, 0x9A, 0x66, 0x4E, 0x1E, 0x88, 0xFC, 0x26, 0x45, 0x5F,
    0x7B, 0x17, 0xD0, 0x3B, 0x85, 0xD3, 0x39, 0x89, 0xBB, 0xBB, 0x47, 0x79, 0x8C, 0x0F, 0xC9, 0x81,
    0xCB, 0xC2, 0x1E, 0xDF, 0x2B, 0x62, 0xC3, 0x60, 0xAA, 0xD8, 0xC7, 0xAA, 0x1A, 0x22, 0xF3, 0xA1,
    0x80, 0x6C, 0xE4, 0x7B, 0x98, 0xEF, 0x0C, 0xCA, 0x83, 0x75, 0x9C, 0xF1, 0x07, 0x53, 0x5B, 0x65,
    0x7B, 0x0C, 0x7F, 0xAF, 0xA1, 0x34, 0x5C, 0x44, 0xBF, 0xE2, 0x7F, 0x13, 0x99, 0x75, 0x60, 0x9A,
    0x99, 0xDE, 0x8F, 0x34, 0xC5, 0x24, 0x53, 0x97, 0x6F, 0x02, 0x66, 0xFF, 0x49, 0x0B, 0x61, 0x42,
    0x67, 0xD8, 0x11, 0x60, 0x43, 0x88, 0x0D, 0x2E, 0x90, 0xA4, 0x09, 0xCA, 0xC3, 0x24, 0xBE, 0xC3,
    0xE0, 0x41, 0xF8, 0x94, 0x7D, 0x00, 0xED, 0x5F, 0xB4, 0xE1, 0x98, 0xDC, 0x98, 0x22, 0xCE, 0x36,
    0xB6, 0xAB, 0x2C, 0x94, 0xA6, 0x36, 0xAA, 0x72, 0x27, 0x03, 0x6B, 0x83, 0xC7, 0x15, 0xC0, 0x99,
    0x00, 0xA4, 0x1B, 0x48, 0x56, 0x85, 0xD9, 0x57, 0xEC, 0x53, 0x34, 0x9F, 0x85, 0x03, 0x44, 0x21,
    0x10, 0x57, 0x19, 0xF9, 0x1D, 0x1B, 0xB2, 0x08, 0x72, 0x3C, 0x57, 0xA9, 0x86, 0xE3, 0x7C, 0xE3,
    0x26, 0x4E, 0xF5, 0xA3, 0xC6, 0xC3, 0xCE, 0xF5, 0x9F, 0x9B, 0x39, 0x8C, 0x9F, 0x34, 0x2F, 0x8B,
    0xF3, 0xDF, 0x9B, 0xCD, 0xB2, 0x38, 0x0F, 0x8F, 0x37, 0xD8, 0x97, 0xD2, 0x16, 0xF7, 0x29, 0x59,
    0x94, 0x02, 0x7A, 0xAB, 0xD9, 0x2A, 0xB4, 0x4F, 0xC9, 0x7E, 0x16, 0x34, 0xDC, 0x13, 0x3F, 0x4F,
    0xF2, 0xBC, 0xCD, 0xC6, 0xEE, 0xAE, 0x98, 0xFE, 0x64, 0x28, 0x8F, 0xB9, 0x0E, 0x4C, 0xE7, 0xD8,
    0x16, 0x22, 0x77, 0xDD, 0x60, 0xB9, 0x0A, 0xC7, 0x13, 0x3F, 0x41, 0x12, 0x46, 0x52, 0xA9, 0x8C,
    0x82, 0x97, 0xF1, 0x81, 0xAE, 0x0D, 0x87, 0x22, 0x13, 0x98, 0xED, 0xF3, 0x0F, 0x19, 0xC0, 0x25,
    0x23, 0x99, 0xF6, 0xD8, 0xAC, 0x6A, 0xB9, 0xAF, 0x19, 0xBF, 0x41, 0x36, 0xFD, 0xDD, 0x58, 0x09,
    0x99, 0xE2, 0xC1, 0xD4, 0x50, 0xFC, 0x97, 0x03, 0xCA, 0x34, 0xE1, 0xC2, 0xF4, 0xDB, 0x88, 0x2F,
    0xA6, 0xC9, 0x70, 0x97, 0x75, 0xEA, 0x54, 0x84, 0x0D, 0xC9, 0x4C, 0x5D, 0xD4, 0xC9, 0x1C, 0xB2,
    0xF9, 0xB3, 0xA4, 0x1B, 0xBA, 0x06, 0x5D, 0x82, 0x65, 0x52, 0x47, 0x06, 0xB2, 0xB1, 0x8E, 0x2E,
    0x62, 0x42, 0x49, 0x0A, 0xDA, 0xD4, 0x6C, 0xB3, 0x69, 0xB8, 0xBB, 0x11, 0x6D, 0xB7, 0xB8, 0x8F,
    0xD2, 0x10, 0x51, 0xE1, 0x2A, 0xD1, 0x14, 0x8A, 0xB5, 0x77, 0x15, 0x24, 0xA3, 0x27, 0xF2, 0xE4,
    0x67, 0x5B, 0xF7, 0xBB, 0x56, 0xE5, 0x93, 0x8E, 0x3E, 0x47, 0xE2, 0xED, 0x99, 0xFF, 0x27, 0xAD,
    0xEC, 0x01, 0xA6, 0x34, 0x9E, 0xC6, 0x98, 0x27, 0xF7, 0xFE, 0x0C, 0x89, 0xE1, 0x9F, 0x20, 0xE8,
    0xC1, 0xF6, 0x04, 0xC5, 0xDC, 0xB9, 0xFA, 0xF0, 0x8D, 0xF0, 0x6C, 0xE9, 0xD5, 0x8B, 0xB2, 0xF8,
    0x3F, 0xBD, 0x59, 0x3F, 0x6C, 0xDD, 0xC6, 0x19, 0xFF, 0x8E, 0xB4, 0xC4, 0xC2, 0x4C, 0x75, 0x1E,
    0x2C, 0xB4, 0x80, 0x12, 0x5D, 0x87, 0x0C, 0x46, 0x62, 0x89, 0x19, 0x3C, 0xA8, 0xC0, 0x93, 0xC8,
    0x44, 0x83, 0x87, 0x0C, 0x79, 0x83, 0xD4, 0x8C, 0xCD, 0x9A, 0x2C, 0xCA, 0xA0, 0xC1, 0x83, 0x6D,
    0x32, 0x09, 0x50, 0x0F, 0x05, 0x5A, 0x15, 0xA8, 0xC7, 0xA2, 0x19, 0x3C, 0xA4, 0x29, 0x50, 0xA9,
    0x85, 0x06, 0x0D, 0xB6, 0x78, 0x8E, 0x81, 0x78, 0x08, 0xD0, 0x30, 0x69, 0xD1, 0x6E, 0x2D, 0x8B,
    0xFE, 0x09, 0x5A, 0xA3, 0xCD, 0x15, 0x65, 0x1A, 0x4A, 0xE1, 0x7B, 0xD7, 0xDF, 0x77, 0xE4, 0x7B,
    0x92, 0x0D, 0x07, 0x68, 0x21, 0xF5, 0x3D, 0xBD, 0x3B, 0x49, 0x3C, 0xF2, 0xFB, 0x77, 0xDF, 0x9F,
    0xDF, 0x7D, 0xA4, 0x0B, 0x64, 0xF1, 0x33, 0xA4, 0xF3, 0x44, 0xF4, 0x0A, 0x19, 0x32, 0x5E, 0xE9,
    0x97, 0x7E, 0x11, 0x16, 0x52, 0x2B, 0x1D, 0xE9, 0x58, 0xA7, 0x7A, 0x3D, 0x21, 0x7A, 0x1D, 0xCB,
    0x3B, 0x44, 0xE1, 0x90, 0x28, 0xB7, 0xDA, 0x3B, 0xF8, 0x7D, 0x11, 0xFE, 0xF3, 0x43, 0x2D, 0x3F,
    0x7E, 0x9F, 0xA2, 0x7B, 0x19, 0xC5, 0xF7, 0x12, 0x8A, 0x6F, 0x10, 0xA5, 0xDF, 0xC5, 0xF8, 0x3E,
    0x51, 0xFC, 0x4B, 0x41, 0xD1, 0xDF, 0xE7, 0x29, 0xB4, 0x0D, 0x89, 0xBC, 0x20, 0x5A, 0xA2, 0x76,
    0xF0, 0x47, 0xE4, 0x25, 0x85, 0x9F, 0x34, 0x14, 0x65, 0x43, 0x8A, 0xE9, 0x0E, 0xA5, 0x74, 0x0B,
    0x83, 0xDA, 0x91, 0xE0, 0x19, 0x9B, 0x4C, 0xA5, 0x37, 0x41, 0x24, 0xE9, 0x06, 0xAE, 0x5F, 0xC5,
    0x63, 0x7F, 0x26, 0x0A, 0xEC, 0xC1, 0x6E, 0x64, 0xAD, 0xF9, 0xE6, 0xB4, 0xCD, 0x3A, 0x6A, 0xAF,
    0xAF, 0xBD, 0x9E, 0x5A, 0x13, 0x5D, 0x2E, 0x7A, 0xA2, 0x5C, 0x22, 0x83, 0x6F, 0x8F, 0xCA, 0xC5,
    0xA0, 0xC0, 0xC5, 0x9F, 0xBF, 0xB3, 0x89, 0x1B, 0x22, 0xAB, 0x1A, 0x75, 0x10, 0x56, 0x41, 0xE5,
    0x6B, 0xBF, 0x0A, 0x13, 0xBF, 0x96, 0xE4, 0x35, 0x17, 0x49, 0x34, 0x58, 0x6D, 0x0C, 0xD1, 0x50,
    0xD3, 0x33, 0xF6, 0xAF, 0x14, 0x5B, 0xE8, 0x66, 0x89, 0x5E, 0xB3, 0xEF, 0x40, 0xC5, 0x06, 0xF7,
    0x10, 0xF9, 0x18, 0x73, 0x83, 0x84, 0xAC, 0xD5, 0x64, 0xC6, 0x1F, 0xC7, 0xF7, 0xD8, 0xBF, 0x01,
    0x1E, 0x8C, 0x37, 0x34, 0x35, 0x41, 0x49, 0x95, 0x5F, 0x50, 0xE5, 0x25, 0x84, 0x07, 0xC9, 0x26,
    0xE4, 0xD9, 0x8A, 0x82, 0x97, 0x86, 0x24, 0x85, 0x4D, 0x64, 0xA6, 0x32, 0x59, 0xCA, 0x2C, 0x18,
    0xCA, 0x44, 0xD8, 0x7F, 0x40, 0xB2, 0x1A, 0x1C, 0x30, 0x70, 0x73, 0x8F, 0x6E, 0x43, 0xC7, 0x3D,
    0xBA, 0x8E, 0x1D, 0x88, 0x1E, 0x14, 0x34, 0x3D, 0x74, 0x4C, 0x7A, 0xA1, 0xDE, 0x97, 0xFA, 0x8E,
    0xD4, 0xE7, 0x45, 0xA7, 0xEE, 0x9C, 0xDD, 0x82, 0xC4, 0xDF, 0x6A, 0x08, 0x7C, 0x54, 0x22, 0xC5,
    0xBB, 0xAB, 0x7A, 0x21, 0x7C, 0x50, 0x94, 0xBD, 0x45, 0x51, 0xEE, 0x6C, 0xF6, 0x28, 0xD9, 0xDC,
    0x81, 0xAD, 0x96, 0x76, 0xF6, 0xC6, 0x13, 0xFF, 0x8B, 0x05, 0xBA, 0xB4, 0xB4, 0x42, 0xAF, 0xEC,
    0x5C, 0x94, 0xBF, 0x29, 0x8C, 0xF4, 0x86, 0xAB, 0x3A, 0x28, 0x48, 0x26, 0x34, 0x58, 0xBF, 0x43,
    0xA4, 0x6C, 0xD1, 0x91, 0xCF, 0x77, 0x82, 0x8F, 0x8D, 0x7C, 0xCB, 0x44, 0x7E, 0x19, 0x07, 0x45,
    0x2C, 0x75, 0xFC, 0xAC, 0x8E, 0x7E, 0x5B, 0x4F, 0x89, 0x3E, 0x5D, 0x38, 0x4B, 0x54, 0x2D, 0x93,
    0x5F, 0xD6, 0xA4, 0xEE, 0x19, 0x8A, 0x65, 0x41, 0xA9, 0xD2, 0xF8, 0xAD, 0x49, 0x5D, 0x2E, 0x28,
    0x7C, 0xB3, 0x24, 0x5F, 0xC3, 0x36, 0xC9, 0x39, 0x4A, 0xED, 0x00, 0x5F, 0xA2, 0xA7, 0x8E, 0x7D,
    0xCF, 0x60, 0x73, 0x9B, 0xBC, 0x79, 0xED, 0xD6, 0x63, 0xF5, 0x58, 0x5F, 0xF3, 0xF5, 0x42, 0xF4,
    0xA9, 0x2E, 0x7B, 0xE1, 0x0B, 0xD0, 0x23, 0x7C, 0xDE, 0x6C, 0xEE, 0x84, 0xCF, 0x97, 0x4B, 0x3B,
    0xE1, 0x65, 0x8D, 0x69, 0x08, 0x3D, 0xC2, 0x97, 0xA0, 0x47, 0xF8, 0x62, 0x76, 0x69, 0x29, 0x5C,
    0x2D, 0x76, 0x2E, 0xAA, 0x1F, 0x54, 0x46, 0xCE, 0xF6, 0x5F, 0x7E, 0xAC, 0x1E, 0xB3, 0xEB, 0xEB,
    0x10, 0x02, 0xF6, 0x27, 0x55, 0x5D, 0xBF, 0x53, 0xCD, 0x1B, 0x69, 0xE4, 0xB5, 0x6B, 0x51, 0x2D,
    0x12, 0xF6, 0xF3, 0xDE, 0xD1, 0xB7, 0x93, 0xF4, 0xD8, 0x15, 0x17, 0x08, 0xA3, 0xEB, 0xAF, 0x92,
    0xFF, 0x45, 0x11, 0xDC, 0x33, 0xFE, 0x5B, 0x25, 0x05, 0x9A, 0xF9, 0xF4, 0x48, 0xC0, 0x7B, 0x13,
    0xBD, 0xF2, 0x53, 0x9D, 0xDA, 0x6C, 0x76, 0x1D, 0xFE, 0x92, 0xF8, 0x5F, 0x94, 0xC1, 0x7B, 0xC6,
    0x5B, 0x85, 0x27, 0x14, 0x88, 0x24, 0xDA, 0xC8, 0xF0, 0xC7, 0x85, 0xA0, 0xB8, 0x1A, 0xEA, 0xD8,
    0xD2, 0x54, 0x1F, 0xF4, 0xBC, 0x41, 0x60, 0x64, 0xB6, 0x0C, 0xC9, 0x92, 0xD9, 0x04, 0x5E, 0x0E,
    0x3F, 0xCF, 0x93, 0x1C, 0x13, 0x7B, 0x1C, 0x07, 0x20, 0x9E, 0x1B, 0x92, 0x18, 0x88, 0x01, 0xFC,
    0x0E, 0x9E, 0xE7, 0x37, 0x7E, 0x37, 0x05, 0x75, 0x58, 0x53, 0xD8, 0xA8, 0x9A, 0xA4, 0xFD, 0x97,
    0x2D, 0x66, 0xD2, 0xBB, 0x36, 0x99, 0x67, 0x11, 0x17, 0x79, 0x5A, 0xE1, 0x89, 0x83, 0x84, 0x62,
    0x56, 0x3D, 0xE2, 0xBF, 0x10, 0x40, 0x55, 0x64, 0xB7, 0xB7, 0x62, 0x2B, 0xA1, 0xC7, 0xD1, 0x88,
    0xBB, 0x21, 0x31, 0xE8, 0xDB, 0x18, 0xF2, 0xBF, 0x1C, 0xB9, 0x2C, 0xC9, 0x86, 0x66, 0x05, 0x22,
    0xDB, 0xE4, 0xBA, 0x33, 0xB0, 0x87, 0x50, 0x82, 0xDB, 0xDE, 0x7E, 0xB6, 0x8A, 0xB7, 0xE8, 0xBC,
    0x68, 0x54, 0xF3, 0x95, 0x9A, 0x2A, 0x61, 0x84, 0xF1, 0x0C, 0xA7, 0x8F, 0xBC, 0x59, 0x5F, 0xA3,
    0x3C, 0x0B, 0x3E, 0x31, 0xEA, 0x4D, 0x13, 0x7B, 0x66, 0xC5, 0xC7, 0xB7, 0x8C, 0x43, 0xAD, 0xA0,
    0x65, 0x9F, 0xFC, 0x84, 0x9D, 0xA5, 0x22, 0xCF, 0xDC, 0x26, 0x51, 0x83, 0x64, 0x13, 0xBB, 0xE1,
    0xD5, 0xFB, 0x14, 0x7C, 0x54, 0x91, 0x5C, 0x2D, 0xA8, 0x07, 0xCE, 0xE7, 0xE0, 0x35, 0x34, 0xE5,
    0x38, 0x22, 0x3B, 0xC0, 0xBE, 0xFB, 0xE4, 0x21, 0x38, 0x96, 0x29, 0xC8, 0x38, 0x27, 0xE0, 0x0E,
    0xC4, 0x0D, 0xAC, 0x8A, 0xC8, 0x81, 0xAF, 0x53, 0x4D, 0x1C, 0x9B, 0x88, 0xF3, 0x59, 0x12, 0x26,
    0x4C, 0xEE, 0x40, 0x5D, 0x05, 0x63, 0xCE, 0xAE, 0xF7, 0x82, 0xDB, 0x58, 0xD8, 0x7D, 0x12, 0x37,
    0x89, 0x72, 0x93, 0xC3, 0xEE, 0x6E, 0x51, 0x41, 0x39, 0xDF, 0xC2, 0xF2, 0x8B, 0xE2, 0xE5, 0xCF,
    0x98, 0x9A, 0x5F, 0x32, 0x8B, 0xA8, 0x71, 0x0E, 0xB4, 0x76, 0xC4, 0x17, 0x1B, 0x0E, 0xBE, 0xBE,
    0x66, 0xBE, 0xF0, 0x00, 0xDC, 0xB9, 0xE8, 0xF8, 0x5E, 0x75, 0x7C, 0x99, 0x63, 0xED, 0xB1, 0xF1,
    0xAB, 0xE0, 0x3B, 0xB7, 0xC0, 0x57, 0x46, 0xFB, 0xE0, 0xBB, 0xDC, 0x8B, 0xC0, 0x77, 0x6F, 0x29,
    0x02, 0x47, 0xC3, 0x22, 0xE2, 0x79, 0x70, 0x44, 0xFA, 0xC1, 0xAD, 0xF3, 0xC4, 0x3B, 0xD8, 0xA3,
    0xDD, 0x27, 0x58, 0xDA, 0xC3, 0xDB, 0x84, 0x9C, 0x6B, 0x99, 0xAF, 0x58, 0x87, 0xB3, 0xBC, 0xCA,
    0x6C, 0x83, 0x07, 0x9A, 0x76, 0x29, 0x7C, 0xAB, 0x04, 0x77, 0x6F, 0xB5, 0xC4, 0xD3, 0x14, 0x6A,
    0x70, 0x87, 0x83, 0x80, 0xBB, 0xD8, 0x48, 0x98, 0xBB, 0xE4, 0x78, 0x7B, 0x2E, 0x7C, 0xAF, 0x98,
    0xA5, 0x3D, 0x79, 0x23, 0x43, 0x2A, 0x1D, 0x4A, 0xE8, 0x3B, 0xD5, 0x5F, 0x76, 0xFA, 0xEE, 0xB1,
    0xBE, 0x64, 0x8E, 0xF4, 0x0D, 0x57, 0x59, 0x5F, 0xE5, 0xF4, 0xED, 0x39, 0x7D, 0xAB, 0x63, 0xFA,
    0x8A, 0x2D, 0x0A, 0x2A, 0x82, 0xB7, 0x61, 0x16, 0x89, 0xDB, 0xE5, 0xCC, 0x79, 0xBD, 0xC6, 0x4E,
    0xE2, 0x72, 0x54, 0x70, 0x7A, 0xB6, 0xD4, 0xB7, 0xD4, 0x58, 0xD1, 0xE4, 0xAB, 0x4D, 0x64, 0xCD,
    0xF4, 0xBB, 0x49, 0x97, 0x3A, 0x42, 0xB6, 0x04, 0xBC, 0xC2, 0xD9, 0x86, 0x5C, 0xCC, 0x77, 0x1F,
    0xCE, 0x65, 0x9E, 0xE5, 0x55, 0x9E, 0xC2, 0x1C, 0xD3, 0x3C, 0x28, 0x51, 0x8F, 0xA7, 0xCD, 0x18,
    0x5B, 0x69, 0x30, 0x79, 0x45, 0xAC, 0x61, 0x25, 0x4C, 0xE1, 0xCD, 0x14, 0x39, 0xC5, 0x22, 0x98,
    0x97, 0x99, 0xE9, 0x15, 0x52, 0x25, 0xCC, 0x2C, 0x4B, 0xAF, 0x24, 0x69, 0xE6, 0x2A, 0xDA, 0x38,
    0x88, 0x07, 0x9E, 0x1D, 0x8E, 0xC8, 0x73, 0x92, 0xA6, 0xB0, 0x1C, 0xB9, 0xFF, 0x95, 0x49, 0xF1,
    0xC5, 0xCD, 0x24, 0x38, 0xE3, 0x20, 0x65, 0xF2, 0x9E, 0xEE, 0x4E, 0x86, 0xAF, 0x57, 0x3F, 0xC1,
    0x31, 0x0E, 0x1B, 0xCF, 0xA4, 0xB0, 0xF6, 0xD7, 0x83, 0x62, 0x32, 0x7C, 0x43, 0xCD, 0x11, 0x73,
    0xB7, 0xEE, 0x26, 0x41, 0xFD, 0xC9, 0xF0, 0x15, 0x8E, 0xF2, 0x7D, 0x50, 0xF1, 0x5F, 0xD0, 0xDD,
    0x5F, 0xEE, 0xDA, 0xFF, 0x87, 0x25, 0xCA, 0x06, 0x2A, 0x17, 0x6D, 0xD8, 0x77, 0xD9, 0xAD, 0x96,
    0x87, 0x2E, 0xCC, 0x7F, 0xE1, 0x4A, 0x84, 0xF8, 0x63, 0x43, 0x97, 0xC0, 0xF2, 0x9E, 0x0B, 0x19,
    0xE9, 0xFC, 0x8E, 0x16, 0x02, 0xAE, 0xE0, 0x74, 0x25, 0xE4, 0xD0, 0x22, 0x23, 0x3F, 0x43, 0x49,
    0xF0, 0x0B, 0x69, 0xDA, 0x44, 0xCC, 0x5E, 0x39, 0xBF, 0xBE, 0x51, 0xBA, 0x70, 0x07, 0xE3, 0x2D,
    0x44, 0x5C, 0xAC, 0xBD, 0xC2, 0x43, 0x01, 0xD5, 0x81, 0x9E, 0xAB, 0x84, 0xFD, 0xDB, 0xB6, 0x8E,
    0x07, 0xD2, 0xDA, 0x11, 0xA2, 0x11, 0xCC, 0x5F, 0xFD, 0xC5, 0x32, 0x18, 0x4A, 0x33, 0xD1, 0x20,
    0xBD, 0x03, 0x24, 0x20, 0xF5, 0x30, 0x49, 0xE5, 0xDC, 0x9C, 0x77, 0x1C, 0x4A, 0x75, 0x53, 0xEA,
    0xA6, 0x6C, 0xF4, 0x57, 0xBB, 0x50, 0xD0, 0x73, 0xA4, 0x6A, 0xA4, 0x9E, 0x80, 0xB1, 0x0B, 0xE5,
    0xAC, 0xDA, 0x0C, 0x93, 0x57, 0xBC, 0x1C, 0x30, 0x19, 0x8E, 0x7F, 0xB1, 0x8D, 0x7F, 0xBD, 0xB1,
    0x4B, 0xB7, 0x7B, 0xE9, 0x90, 0x18, 0xC9, 0xCC, 0xE5, 0xF9, 0xEE, 0xBA, 0x65, 0x5D, 0x36, 0x0E,
    0xB7, 0x51, 0x6C, 0x0D, 0x52, 0x98, 0xE4, 0x8C, 0xA4, 0x4A, 0x2C, 0x3F, 0x2A, 0x0C, 0x00, 0x0F,
    0xA5, 0x37, 0xE1, 0x1B, 0xB9, 0x7B, 0x6C, 0x34, 0x89, 0x21, 0x9D, 0x45, 0x15, 0x44, 0x98, 0xC0,
    0x6C, 0xCB, 0x34, 0x37, 0x84, 0x79, 0x61, 0xEA, 0x66, 0xCC, 0xD8, 0x29, 0xC0, 0x96, 0xF7, 0x9D,
    0xE9, 0x92, 0x09, 0xF1, 0x0D, 0xF8, 0x2F, 0xC9, 0x5A, 0xAF, 0x28, 0x97, 0xC3, 0x93, 0xC9, 0xF0,
    0xAD, 0xC1, 0x4D, 0x34, 0x9C, 0xB0, 0x6A, 0x9E, 0xFA, 0x53, 0x13, 0xD1, 0x97, 0x03, 0x43, 0xEA,
    0x76, 0xEB, 0x19, 0xCE, 0xB7, 0x1C, 0x33, 0xDA, 0x18, 0x26, 0xCE, 0xBF, 0x50, 0xE8, 0x9D, 0x8B,
    0x31, 0x33, 0x66, 0xE3, 0x46, 0xE6, 0x60, 0x39, 0x8A, 0x7F, 0xCB, 0xC1, 0x3A, 0x26, 0xCC, 0xA3,
    0x85, 0xC7, 0x78, 0x34, 0xB5, 0x23, 0x37, 0x51, 0x45, 0x0B, 0x47, 0xB0, 0xE0, 0x15, 0xA7, 0x4F,
    0x9F, 0x3D, 0x35, 0xC4, 0x0D, 0x11, 0x9C, 0xF3, 0x4A, 0xE7, 0x9B, 0xA7, 0x49, 0x7F, 0x19, 0xE5,
    0x2E, 0x05, 0xB0, 0xBD, 0x0E, 0x23, 0x8D, 0x20, 0xF7, 0x69, 0xD1, 0xB7, 0xF6, 0x00, 0x69, 0xE5,
    0xD0, 0xF2, 0xCE, 0xAA, 0x8A, 0x77, 0xB6, 0x01, 0x2D, 0x7F, 0x00, 0x62, 0x50, 0x2B, 0xD6, 0xA2,
    0x9D, 0x10, 0xAF, 0xDE, 0x50, 0xE4, 0x37, 0x71, 0x2D, 0x4F, 0xB0, 0x6A, 0x99, 0x8A, 0xA5, 0xB0,
    0xC2, 0xBA, 0x32, 0xA0, 0x1A, 0x6B, 0xBF, 0xC1, 0x69, 0x62, 0x6E, 0xB8, 0x5D, 0xF3, 0xCE, 0x66,
    0xE3, 0x08, 0xF2, 0xAB, 0x27, 0xD9, 0x97, 0x2D, 0x17, 0xFD, 0x85, 0x94, 0xA3, 0xE8, 0x7C, 0x38,
    0x5E, 0xB5, 0x86, 0xF2, 0x9A, 0x36, 0x90, 0xE9, 0x90, 0xF1, 0x1A, 0x46, 0x4E, 0x72, 0xC0, 0x09,
    0x61, 0xDE, 0x32, 0x16, 0xB9, 0x98, 0x27, 0x0B, 0xC8, 0x50, 0x71, 0xC6, 0x10, 0x38, 0xD2, 0x98,
    0xAF, 0x48, 0x9C, 0xA6, 0x68, 0x33, 0x34, 0x38, 0x24, 0xED, 0xF8, 0x35, 0x7C, 0xC5, 0xF8, 0x7C,
    0x58, 0x32, 0x62, 0x68, 0x18, 0x11, 0xC1, 0x4B, 0xB1, 0xC1, 0x69, 0xC1, 0xB8, 0x06, 0x56, 0x98,
    0xFB, 0x13, 0x27, 0x96, 0xB4, 0x71, 0xDE, 0xD5, 0x6E, 0x95, 0x73, 0x39, 0x0E, 0x68, 0x8A, 0xE8,
    0x78, 0x44, 0x0B, 0xF6, 0x5C, 0xF5, 0x37, 0xCB, 0x9E, 0x0B, 0x85, 0x61, 0x84, 0x02, 0xF9, 0x0D,
    0x00, 0xDD, 0xB0, 0x61, 0x38, 0x1F, 0x47, 0x6C, 0x22, 0x10, 0x95, 0x86, 0x93, 0x36, 0x4F, 0x51,
    0x81, 0xF4, 0x80, 0xA3, 0x28, 0xA6, 0x0C, 0x0B, 0xEE, 0xC1, 0x01, 0xAC, 0x07, 0xA4, 0x12, 0x0C,
    0x36, 0xB0, 0x19, 0x39, 0x33, 0x12, 0x47, 0x69, 0xCC, 0x45, 0x85, 0x13, 0xC1, 0xA5, 0xBA, 0x19,
    0x9A, 0x24, 0x73, 0x97, 0xA9, 0x63, 0x2E, 0x0B, 0x75, 0x8F, 0xE3, 0x60, 0x66, 0x92, 0xCC, 0xF7,
    0x03, 0xAE, 0x8C, 0x9F, 0x42, 0xF1, 0x1F, 0x63, 0x65, 0x5A, 0x54, 0x13, 0x64, 0x2E, 0x0C, 0xB0,
    0xA9, 0x57, 0xC5, 0xDD, 0x44, 0xFD, 0x33, 0x13, 0x61, 0xFE, 0x0D, 0xCA, 0xF6, 0xBC, 0x72, 0x25,
    0xCC, 0xE4, 0xCF, 0xF8, 0x3C, 0xED, 0xE1, 0xBC, 0xB4, 0x4F, 0x8B, 0x32, 0xDB, 0xF3, 0x4B, 0x2C,
    0xF1, 0x4D, 0x05, 0x24, 0xF8, 0x3C, 0x7B, 0x48, 0x82, 0x94, 0x25, 0xB0, 0x90, 0xC0, 0xFF, 0x10,
    0x12, 0x84, 0x2C, 0xC1, 0x53, 0x2C, 0xC1, 0x12, 0x4B, 0x60, 0x20, 0xC1, 0x7B, 0x1A, 0x12, 0xDC,
    0x48, 0x20, 0xC1, 0xF7, 0x58, 0x82, 0x86, 0x1F, 0x34, 0x2C, 0x81, 0x19, 0x49, 0x20, 0x59, 0x82,
    0x8B, 0x47, 0xEA, 0x07, 0x6C, 0x6B, 0xE1, 0xFC, 0xFE, 0x1A, 0x4F, 0xF3, 0xDD, 0xF5, 0xD8, 0x16,
    0xB6, 0x8E, 0x86, 0xC9, 0x46, 0x09, 0xAC, 0x20, 0xF9, 0xB6, 0x19, 0x46, 0xCB, 0x4F, 0xB1, 0xA3,
    0x2C, 0xF0, 0xD4, 0xE3, 0xA4, 0xE2, 0xF0, 0xC1, 0x12, 0x07, 0xD3, 0x26, 0x4F, 0x3B, 0x9C, 0x58,
    0x0C, 0x97, 0x45, 0x44, 0x6E, 0x82, 0x88, 0x4B, 0x13, 0x17, 0x6A, 0x08, 0xE9, 0xE8, 0x70, 0x9F,
    0x5B, 0x21, 0x15, 0x3D, 0xF4, 0xE1, 0xA4, 0xD3, 0xE2, 0x6F, 0x17, 0x83, 0x0B, 0x13, 0x65, 0x1E,
    0x71, 0x94, 0x71, 0xCE, 0x11, 0x15, 0x80, 0x69, 0x90, 0x5D, 0x9C, 0x20, 0x73, 0xBF, 0xB8, 0xCA,
    0xF8, 0x1F, 0x76, 0x0F, 0x0A, 0x4C, 0x02, 0x0D, 0x88, 0x09, 0x6A, 0xEE, 0xE0, 0x9F, 0x74, 0xC5,
    0x99, 0xFF, 0x1D, 0x1D, 0x02, 0x72, 0xFB, 0x82, 0x2D, 0xD3, 0x03, 0x91, 0x6F, 0x49, 0x3E, 0xFE,
    0xC9, 0x0A, 0x98, 0x33, 0xE0, 0xF3, 0x29, 0x0E, 0xF5, 0xC0, 0xA4, 0x0D, 0xD2, 0xA1, 0x37, 0xE0,
    0xC4, 0x30, 0xEC, 0x71, 0x76, 0xE6, 0xC7, 0xF2, 0xF2, 0x21, 0x30, 0xC7, 0xF5, 0xE4, 0xA8, 0xAE,
    0x7F, 0xCD, 0xF6, 0x59, 0x23, 0xD3, 0x15, 0x24, 0x57, 0x91, 0xDA, 0x44, 0x23, 0x0F, 0xB9, 0xCD,
    0xC1, 0x15, 0x3E, 0xFA, 0xC8, 0x52, 0x17, 0x31, 0x8C, 0x79, 0x53, 0x0E, 0x9B, 0x34, 0x71, 0xB1,
    0x83, 0x6B, 0xAE, 0xCB, 0x60, 0x83, 0x01, 0x42, 0x81, 0x93, 0xF7, 0x70, 0xAD, 0x3B, 0x39, 0x71,
    0x81, 0x1A, 0x57, 0x40, 0x07, 0x43, 0x3C, 0xCB, 0x3A, 0xA9, 0x3F, 0x58, 0x87, 0x18, 0xB8, 0x9C,
    0xE7, 0xAE, 0xA8, 0x5B, 0x9E, 0xA7, 0x50, 0x9C, 0x12, 0x52, 0x83, 0xE8, 0x90, 0xC1, 0x13, 0x17,
    0x3E, 0xBF, 0xE1, 0x64, 0xEB, 0xD7, 0xB9, 0xB3, 0x06, 0x2B, 0x10, 0x54, 0x31, 0x9F, 0x36, 0x0D,
    0x4A, 0x0C, 0x64, 0x64, 0xB0, 0x2E, 0xCB, 0x04, 0xCB, 0xEA, 0x57, 0x1A, 0xD0, 0x32, 0xBA, 0x5F,
    0x60, 0x8E, 0xEF, 0x7F, 0x86, 0xD5, 0xF8, 0x2E, 0x43, 0xE4, 0xD8, 0x95, 0xA9, 0x34, 0x19, 0x23,
    0x99, 0x36, 0x88, 0xE6, 0xAA, 0x31, 0x30, 0xA4, 0x51, 0x0F, 0x00, 0x5D, 0x43, 0x3E, 0x8A, 0xF0,
    0x39, 0xBE, 0xBD, 0x76, 0x76, 0xAB, 0x0F, 0x63, 0x1B, 0xBF, 0x56, 0xA5, 0x2C, 0x55, 0x11, 0x71,
    0xCF, 0x12, 0x8A, 0xB3, 0xDE, 0xAC, 0xB6, 0xE5, 0xA6, 0x05, 0xEB, 0x8E, 0xD3, 0x82, 0x0D, 0x72,
    0xEE, 0x41, 0xD5, 0x51, 0x15, 0x97, 0xC7, 0x5C, 0xB7, 0x70, 0x84, 0x05, 0x9F, 0x92, 0xB3, 0xD3,
    0xA1, 0xC9, 0xA0, 0x52, 0x0D, 0x5A, 0x48, 0x39, 0x42, 0x94, 0x27, 0xA5, 0xA9, 0xF4, 0xDB, 0x14,
    0x1F, 0x16, 0xF4, 0x6F, 0xEC, 0xD4, 0xD6, 0xE2, 0xE9, 0xC8, 0xB9, 0x87, 0x86, 0x42, 0x03, 0x83,
    0x36, 0x2A, 0xA1, 0x73, 0x53, 0xA7, 0xA7, 0xBB, 0x44, 0xE6, 0xFB, 0x2A, 0x20, 0xC6, 0xCC, 0x7C,
    0x07, 0xB0, 0x4F, 0x48, 0xF7, 0xEC, 0xD6, 0xF4, 0x3B, 0x7C, 0x86, 0x49, 0x2D, 0x8E, 0x42, 0xAA,
    0x8E, 0xB5, 0x2C, 0x43, 0xC3, 0x14, 0x54, 0x01, 0x1A, 0x59, 0xC4, 0x14, 0x92, 0xF8, 0x7D, 0x4E,
    0xD1, 0x29, 0xFC, 0x09, 0xB4, 0x7E, 0xE8, 0xBA, 0x6A, 0xEC, 0xB3, 0x9E, 0xCD, 0xCE, 0x80, 0x62,
    0xAC, 0x9F, 0xA4, 0x74, 0xA0, 0x0E, 0xD1, 0xC6, 0xA8, 0x02, 0x3B, 0x16, 0x77, 0xFA, 0x96, 0x3B,
    0x1B, 0xF9, 0x26, 0x47, 0x0C, 0xC7, 0x14, 0xE9, 0x65, 0x6A, 0xFD, 0x7D, 0x8C, 0xE5, 0xC6, 0x23,
    0xCD, 0x2E, 0x51, 0xFC, 0x85, 0x01, 0xFE, 0x84, 0x97, 0x94, 0x7C, 0x0E, 0xEF, 0xF2, 0x3C, 0x9A,
    0x3B, 0xCF, 0x34, 0x5D, 0x0A, 0xFC, 0x32, 0x2F, 0x7D, 0x88, 0x4F, 0x4A, 0x2C, 0x71, 0x9C, 0x0C,
    0x28, 0x47, 0x5B, 0x85, 0xC3, 0x99, 0x83, 0xFB, 0xB1, 0x7C, 0xC6, 0x1F, 0x46, 0x9A, 0xF9, 0xC3,
    0x5E, 0x7A, 0x52, 0x9A, 0x23, 0x2F, 0xBD, 0x16, 0x41, 0xCC, 0xF0, 0x74, 0x68, 0x56, 0x0A, 0x22,
    0xC6, 0x09, 0xC6, 0x51, 0xF5, 0x3F, 0x11, 0xCD, 0x38, 0x53, 0xDC, 0xE1, 0x05, 0xFE, 0x9C, 0xED,
    0xA7, 0x15, 0x23, 0x06, 0x78, 0x8F, 0xF3, 0x1F, 0xE4, 0xB8, 0x2C, 0xC5, 0x4F, 0xDC, 0x44, 0x5D,
    0x4A, 0x46, 0x36, 0x8F, 0xB9, 0xF3, 0xDE, 0x9E, 0x3C, 0x66, 0xFB, 0x84, 0xFE, 0x88, 0x43, 0x18,
    0x8C, 0xDB, 0xB1, 0x88, 0xC3, 0x49, 0xE4, 0xD0, 0x2A, 0xF2, 0x4D, 0xEA, 0xBE, 0xA8, 0xEA, 0xD1,
    0x38, 0x9F, 0x03, 0x69, 0xDB, 0x4C, 0xDE, 0xD0, 0xCB, 0x82, 0x9F, 0x9F, 0x5A, 0x63, 0xE3, 0xB8,
    0x2E, 0x2C, 0x83, 0x8A, 0xC0, 0xB5, 0xC5, 0xC2, 0xE3, 0xD4, 0x00, 0x5B, 0x80, 0xCB, 0x07, 0xDD,
    0xD3, 0x57, 0x65, 0x36, 0x50, 0xBA, 0x91, 0x59, 0x1B, 0x48, 0xFF, 0x33, 0x77, 0xDA, 0xC3, 0x5B,
    0x83, 0x74, 0x9B, 0xB8, 0x01, 0xC7, 0x2B, 0xB4, 0x7B, 0xBD, 0x6D, 0xED, 0x46, 0xDB, 0x99, 0x87,
    0x33, 0x3C, 0x63, 0x13, 0xB8, 0x3C, 0x1C, 0x5E, 0x15, 0x39, 0x88, 0x59, 0x50, 0x43, 0x42, 0xE6,
    0xC1, 0xC1, 0x83, 0x1F, 0x1C, 0x0D, 0x1E, 0x54, 0x8F, 0xB8, 0x4D, 0x60, 0x2E, 0xF0, 0xF1, 0x16,
    0xE5, 0x65, 0x39, 0x47, 0xB1, 0x78, 0x7A, 0x74, 0x20, 0x98, 0x5A, 0x9B, 0xDE, 0x22, 0xD5, 0x40,
    0x44, 0x7F, 0xF0, 0x69, 0x0D, 0xC5, 0x59, 0xCB, 0x01, 0xEB, 0xD9, 0x30, 0xBA, 0xA9, 0x42, 0xD6,
    0xD5, 0x49, 0xEF, 0xE4, 0x67, 0x0D, 0x0A, 0xA7, 0x00, 0xDB, 0x58, 0x2B, 0x66, 0x3C, 0xD6, 0xFC,
    0x4B, 0x7D, 0xFE, 0x6D, 0xD8, 0x74, 0xC8, 0xC5, 0x00, 0xAF, 0x3D, 0x78, 0xBF, 0x14, 0x10, 0x1D,
    0x84, 0x4F, 0xA2, 0x63, 0xC2, 0xA7, 0xAD, 0xF0, 0xE2, 0x71, 0xC2, 0xF3, 0x49, 0xEB, 0x91, 0xC3,
    0xE4, 0x49, 0x69, 0x72, 0xC5, 0xE3, 0xD3, 0xFE, 0x0A, 0xB2, 0xD3, 0x6E, 0x17, 0x48, 0x27, 0xA5,
    0xF9, 0xB8, 0xCC, 0x7C, 0x52, 0x9A, 0x57, 0xB1, 0x51, 0x03, 0xE0, 0xB8, 0xDB, 0x18, 0xE7, 0xC4,
    0xA9, 0xD0, 0xEC, 0xB9, 0x6C, 0x75, 0x61, 0xB4, 0x61, 0xDD, 0x2B, 0x1A, 0xF7, 0xB9, 0xE0, 0x96,
    0xAE, 0x75, 0xFF, 0x3D, 0x4D, 0xE2, 0x27, 0x68, 0x4F, 0x59, 0xC0, 0x6D, 0x1C, 0x52, 0x6B, 0x05,
    0x17, 0x88, 0x2B, 0x55, 0x7E, 0x5E, 0x45, 0x1F, 0x7F, 0x50, 0xC5, 0x1F, 0xBC, 0x68, 0xE2, 0xDF,
    0xE1, 0x4A, 0xA3, 0xCA, 0x98, 0x73, 0x70, 0x91, 0x26, 0xF2, 0x10, 0xA8, 0xD8, 0x32, 0x94, 0x42,
    0xC7, 0x7E, 0x9C, 0xB0, 0x92, 0xB6, 0xD7, 0xE4, 0xDA, 0x93, 0xED, 0x2B, 0xB3, 0xD9, 0x35, 0x81,
    0x18, 0x0E, 0x10, 0xC5, 0xEC, 0x5B, 0xE3, 0x58, 0xE6, 0x68, 0x6E, 0xE3, 0xD9, 0xC5, 0x74, 0x9E,
    0xA5, 0x6F, 0xD8, 0x2C, 0xBD, 0xCF, 0x91, 0x8D, 0xD8, 0x36, 0xC7, 0x42, 0xC4, 0x01, 0x1E, 0x06,
    0x0B, 0x77, 0xC6, 0x5E, 0x76, 0x62, 0x9A, 0xDC, 0x52, 0x08, 0xB8, 0x2B, 0xFE, 0xA2, 0x1E, 0xB5,
    0x14, 0x4E, 0x4C, 0x53, 0xA1, 0xBF, 0x12, 0x5F, 0x86, 0x0D, 0xF1, 0xFB, 0x4C, 0xDB, 0x4A, 0x3F,
    0xB9, 0xEE, 0x5D, 0xF3, 0xCF, 0xBD, 0xEC, 0xE1, 0x9A, 0x3A, 0x0A, 0x09, 0x4E, 0x35, 0x70, 0xC0,
    0xCA, 0x25, 0x29, 0xF7, 0xEA, 0x88, 0xDC, 0xCB, 0xCB, 0x3D, 0x7E, 0x57, 0xC0, 0xAF, 0x37, 0xB9,
    0x58, 0x59, 0xD6, 0x2C, 0x67, 0x87, 0x4F, 0x5F, 0x62, 0x22, 0x3F, 0x1A, 0x9D, 0x50, 0x23, 0x33,
    0x82, 0xAF, 0xAE, 0xDF, 0xB7, 0x38, 0x6A, 0xDF, 0x07, 0xB8, 0xFE, 0x4C, 0x9E, 0x75, 0x77, 0x79,
    0xE8, 0x5A, 0x88, 0xF4, 0xD1, 0x86, 0x07, 0x52, 0x88, 0xC5, 0xF2, 0x10, 0xEF, 0x72, 0xED, 0x1B,
    0x03, 0xC0, 0xBC, 0x21, 0xDA, 0x13, 0x43, 0x74, 0x27, 0x90, 0x48, 0xBC, 0x26, 0xA8, 0x81, 0x72,
    0x2B, 0xBC, 0x71, 0x75, 0x1A, 0x2B, 0x2D, 0x0F, 0xF2, 0x44, 0x01, 0x59, 0x46, 0xC7, 0xC8, 0x38,
    0x52, 0xBF, 0x26, 0x6E, 0x4D, 0x8C, 0x3E, 0xDC, 0x82, 0x71, 0x3D, 0x18, 0xD7, 0x84, 0x19, 0x77,
    0x61, 0x26, 0xA1, 0xE5, 0x7F, 0x00, 0xC5, 0x5A, 0x3D, 0x6C, 0xDD, 0xD6, 0x15, 0xBE, 0x24, 0x23,
    0xB1, 0x35, 0x11, 0x33, 0x43, 0x8C, 0x34, 0x16, 0x62, 0x66, 0x28, 0x8A, 0xA2, 0xB1, 0xCD, 0x0C,
    0x29, 0xE0, 0xA2, 0x92, 0xC9, 0x64, 0x68, 0x46, 0xBF, 0x41, 0x42, 0x87, 0x0E, 0xCE, 0xDC, 0x21,
    0xEA, 0x20, 0x14, 0x6A, 0x21, 0x9B, 0x34, 0x32, 0x64, 0xE8, 0x50, 0x2D, 0x46, 0x87, 0xA2, 0xA8,
    0x87, 0x0C, 0xAD, 0x33, 0xD8, 0x05, 0x52, 0xC0, 0x05, 0x12, 0x93, 0x8E, 0x87, 0x0C, 0x59, 0xE8,
    0x14, 0x45, 0x86, 0x0E, 0x61, 0x50, 0x27, 0x83, 0x03, 0x34, 0x4C, 0xC1, 0xB4, 0x4F, 0x32, 0xC9,
    0xDB, 0xEF, 0x3B, 0x24, 0xDF, 0x8F, 0x6D, 0x21, 0x76, 0xF4, 0xF4, 0x22, 0xBD, 0x77, 0x25, 0x3D,
    0xBD, 0x77, 0xEF, 0x39, 0xE7, 0x9E, 0xFB, 0x9D, 0xEF, 0x9C, 0x73, 0x95, 0x92, 0x2F, 0x5B, 0x17,
    0x1C, 0x72, 0xD5, 0x7D, 0x35, 0x78, 0x9A, 0x1A, 0x83, 0xC5, 0xC1, 0x49, 0x30, 0x1C, 0x8B, 0x42,
    0xA5, 0x96, 0x39, 0x6C, 0x04, 0xB1, 0x52, 0x05, 0x06, 0x33, 0x0B, 0x52, 0x65, 0xA5, 0x18, 0x9C,
    0x8B, 0x51, 0xAA, 0x3C, 0xAD, 0x33, 0xB5, 0xA2, 0xFC, 0x4C, 0x6D, 0x2A, 0x2F, 0x57, 0x85, 0x72,
    0x73, 0x33, 0x57, 0x6E, 0xB1, 0x54, 0xAA, 0xF5, 0x9D, 0xA0, 0x36, 0x75, 0x23, 0x73, 0x07, 0xBA,
    0x7D, 0xF2, 0xEB, 0xD0, 0xF6, 0x40, 0x25, 0xBA, 0xB0, 0x86, 0x5E, 0xEE, 0xE6, 0x5E, 0xE6, 0xA7,
    0x7E, 0x1A, 0xC4, 0x41, 0x1A, 0x85, 0x41, 0x9A, 0xA8, 0x28, 0xD6, 0x2A, 0x09, 0xB5, 0xC2, 0x37,
    0x64, 0xD1, 0x36, 0x5E, 0xA9, 0x92, 0xA1, 0x5F, 0x06, 0x23, 0x31, 0x29, 0x79, 0xB8, 0x01, 0x29,
    0x3F, 0x2D, 0x28, 0x6F, 0x8A, 0xBF, 0xCF, 0xAB, 0x79, 0xE8, 0x70, 0xCA, 0x8A, 0xD5, 0xE9, 0x75,
    0xA5, 0xBC, 0x1A, 0x12, 0xE4, 0xB3, 0xD0, 0xE5, 0xE0, 0xA4, 0x5D, 0xC2, 0x04, 0xEA, 0x6D, 0xAE,
    0x51, 0xE2, 0x69, 0x0C, 0xF9, 0x1B, 0x3E, 0xA6, 0x14, 0x26, 0xF8, 0xDA, 0x32, 0x9F, 0xC0, 0x4C,
    0xB0, 0xB9, 0x95, 0x77, 0x4F, 0x8D, 0x45, 0x92, 0x91, 0xE9, 0x29, 0x6E, 0xAB, 0x11, 0x97, 0xB4,
    0xE3, 0xEE, 0x65, 0x43, 0xC3, 0x5C, 0xDE, 0xA7, 0x50, 0x30, 0x0A, 0xA3, 0xD8, 0xA8, 0x54, 0x10,
    0x5A, 0x43, 0xC8, 0xEF, 0x62, 0x26, 0xCA, 0xAF, 0xA8, 0x09, 0x3E, 0x9D, 0xF6, 0x43, 0x24, 0x43,
    0xDC, 0xFF, 0xD6, 0xFE, 0x23, 0x53, 0xCF, 0x2B, 0x6F, 0x88, 0xD5, 0x6D, 0xCD, 0x1D, 0x4F, 0x1A,
    0x35, 0xF9, 0xE5, 0x61, 0x86, 0x00, 0xC2, 0x54, 0x58, 0x3C, 0x6B, 0x5F, 0x5A, 0x7C, 0x43, 0xDE,
    0x65, 0x15, 0x89, 0x72, 0xB3, 0x40, 0xF9, 0xE9, 0x8A, 0xBC, 0x83, 0xE2, 0xEA, 0x7B, 0x9E, 0x51,
    0xFC, 0x82, 0x0A, 0xEE, 0x16, 0xCA, 0xD1, 0xF1, 0xE4, 0xA4, 0x22, 0x60, 0x40, 0xCB, 0x0D, 0xB7,
    0x38, 0xEF, 0xB1, 0xF9, 0x29, 0x64, 0x41, 0x11, 0x17, 0xAF, 0x9C, 0x76, 0x95, 0x7A, 0xCB, 0x8A,
    0x67, 0xA4, 0x90, 0x53, 0xF4, 0x5A, 0xB9, 0x94, 0xD2, 0x50, 0x73, 0x54, 0x08, 0x66, 0xB4, 0xA1,
    0x94, 0x45, 0xD7, 0x08, 0x67, 0xB5, 0x43, 0xA5, 0x8B, 0xF7, 0x9F, 0x3B, 0xC7, 0xD5, 0xCB, 0x5E,
    0xD4, 0x39, 0x29, 0xB4, 0xE9, 0xA4, 0xEA, 0x74, 0x80, 0xD9, 0xAA, 0xCE, 0xA4, 0x33, 0x51, 0x88,
    0xB3, 0xCA, 0xB4, 0x32, 0x6F, 0xBB, 0x61, 0x72, 0x72, 0xF5, 0x8E, 0x52, 0xEB, 0xBB, 0x38, 0xC0,
    0x6E, 0xE1, 0x95, 0xD8, 0x3E, 0x38, 0x88, 0x97, 0x5B, 0x35, 0xF4, 0x30, 0x1B, 0x88, 0x6B, 0x74,
    0x43, 0x14, 0xE3, 0xCF, 0x28, 0xC4, 0x90, 0x84, 0xF8, 0xAF, 0xA6, 0x23, 0x69, 0xE5, 0x94, 0xF8,
    0x97, 0x57, 0x98, 0x35, 0xDE, 0x64, 0x55, 0x86, 0x0E, 0x97, 0x9A, 0x2B, 0x43, 0x15, 0x69, 0x59,
    0x3B, 0xA8, 0xB8, 0xDC, 0x52, 0x75, 0x5A, 0x76, 0xE9, 0x1A, 0x4F, 0x6E, 0x49, 0x0B, 0x39, 0xB4,
    0xE8, 0xD1, 0xDF, 0x17, 0xB2, 0x3A, 0x0F, 0xFD, 0x90, 0x86, 0x23, 0x5E, 0xC0, 0x7A, 0x40, 0x0C,
    0x9E, 0x77, 0xDA, 0x89, 0xA8, 0x41, 0x1D, 0x69, 0x3D, 0x22, 0x07, 0x47, 0xD1, 0x52, 0x70, 0x8D,
    0xF8, 0x81, 0xF7, 0xD4, 0x09, 0xF6, 0x7F, 0x0A, 0xC3, 0x1F, 0x52, 0x23, 0x98, 0xDE, 0x6C, 0x8C,
    0xE4, 0xE2, 0xA3, 0x68, 0xE4, 0x72, 0xE1, 0x45, 0xDD, 0xE3, 0x2B, 0xD1, 0x52, 0xBD, 0xD9, 0x6C,
    0xB7, 0xA7, 0xCA, 0xB9, 0x8B, 0x21, 0xD1, 0x43, 0x65, 0x56, 0xD0, 0xD0, 0x2E, 0x1D, 0xC2, 0x27,
    0x36, 0xD0, 0xCB, 0x70, 0x26, 0xFC, 0x14, 0x3A, 0x06, 0x29, 0x9C, 0x23, 0x20, 0xDA, 0x02, 0x0E,
    0x31, 0xDC, 0xF8, 0x9C, 0x90, 0xEB, 0x37, 0xCA, 0xA9, 0xDD, 0xE1, 0x14, 0xEA, 0x88, 0x47, 0x24,
    0xF5, 0x48, 0x23, 0x44, 0xD2, 0xF5, 0xDD, 0x2B, 0xD4, 0xC8, 0xCA, 0xA8, 0x11, 0x3E, 0x97, 0x9B,
    0xE9, 0x7D, 0xBE, 0xA6, 0x61, 0xD9, 0xE8, 0xE2, 0xA0, 0x83, 0x4E, 0xDD, 0x0F, 0xD0, 0xE8, 0x90,
    0x82, 0x46, 0xC7, 0x28, 0xE7, 0x8A, 0x5A, 0x6A, 0x2E, 0x57, 0xD4, 0xA8, 0x52, 0xF7, 0xC5, 0xCF,
    0x29, 0x3F, 0x8B, 0x20, 0x75, 0x02, 0x3F, 0xAB, 0x55, 0xE2, 0x0C, 0x15, 0x2D, 0xA0, 0x07, 0x5F,
    0xE9, 0x67, 0x05, 0x70, 0x45, 0xFD, 0xED, 0x5C, 0x8F, 0x6F, 0xCE, 0xF6, 0x5C, 0x74, 0xD8, 0xB0,
    0x43, 0x89, 0x9F, 0x3E, 0xF7, 0x21, 0x9F, 0x95, 0x2E, 0x82, 0x65, 0x9E, 0xA0, 0x5A, 0x36, 0x89,
    0x6A, 0x07, 0xAB, 0x8B, 0x8D, 0x05, 0xDD, 0xB2, 0x3D, 0xA2, 0x46, 0xB8, 0x7F, 0x5D, 0x0E, 0x50,
    0x5A, 0x89, 0xC4, 0x27, 0xF9, 0xC6, 0x2D, 0x0E, 0xEF, 0x70, 0x88, 0x7A, 0x24, 0xFC, 0xBA, 0x32,
    0x9F, 0x6F, 0x99, 0x85, 0x49, 0x64, 0x10, 0x1A, 0x86, 0xD7, 0x92, 0x70, 0xEC, 0x5F, 0xF8, 0x75,
    0x6B, 0x0C, 0xCC, 0xD9, 0x5C, 0xF6, 0x64, 0xCB, 0xC6, 0x44, 0x3E, 0xF6, 0xA5, 0x1A, 0x43, 0xE7,
    0x0C, 0xFC, 0xAB, 0x14, 0x94, 0xC4, 0x50, 0xAD, 0x90, 0x06, 0x1C, 0x9E, 0x3C, 0xFE, 0xCE, 0x6E,
    0x92, 0xE1, 0x83, 0x7E, 0x61, 0xD4, 0xD4, 0x66, 0xA8, 0xDC, 0x78, 0x1C, 0x64, 0x82, 0x6C, 0x1C,
    0x5F, 0x0E, 0x5D, 0xBE, 0x14, 0xC5, 0x9E, 0x2E, 0x10, 0x8E, 0x34, 0x61, 0x9A, 0xC8, 0x65, 0x56,
    0x02, 0x5F, 0x70, 0x5E, 0x0C, 0x76, 0xB3, 0x3E, 0x24, 0x32, 0x6D, 0x4F, 0x41, 0x8C, 0x4C, 0x21,
    0xF0, 0x5B, 0xD0, 0xD9, 0xC2, 0x53, 0x12, 0xDE, 0x20, 0xDF, 0xCF, 0xCF, 0xE4, 0x88, 0x4B, 0xBB,
    0xB9, 0xF2, 0x5E, 0x2B, 0x43, 0x15, 0x98, 0xF8, 0xEC, 0x75, 0x06, 0xD9, 0x9A, 0x11, 0xF6, 0x1D,
    0x7A, 0x67, 0x74, 0x16, 0x2B, 0xFB, 0x84, 0xA8, 0x5F, 0x85, 0x2D, 0x6F, 0x53, 0x66, 0xF3, 0x06,
    0x83, 0x23, 0xA3, 0x19, 0x37, 0xC2, 0xF9, 0xE4, 0x4A, 0xA1, 0x02, 0xBA, 0xF2, 0x79, 0xF2, 0xD9,
    0x48, 0xB9, 0x80, 0xBB, 0x3B, 0x09, 0xC1, 0xF3, 0xF6, 0x48, 0x82, 0xAB, 0x0E, 0x86, 0x73, 0xAF,
    0xF6, 0x36, 0x70, 0xF2, 0x39, 0xAA, 0x6F, 0xA5, 0xCB, 0x10, 0xFA, 0x4B, 0x6E, 0x80, 0x64, 0x29,
    0x27, 0xC3, 0xB9, 0xAB, 0xBF, 0x17, 0x67, 0x9A, 0xCB, 0xEE, 0x7B, 0x69, 0x3F, 0x0F, 0xE3, 0xAD,
    0x5A, 0x50, 0x73, 0x57, 0xFF, 0x60, 0xB5, 0x5C, 0xE0, 0x7E, 0x7A, 0xC2, 0x42, 0xF8, 0xE7, 0x32,
    0x87, 0x57, 0x26, 0xC3, 0x14, 0x7D, 0x80, 0x0B, 0xB8, 0x5C, 0xC0, 0x9B, 0xFF, 0xEE, 0x43, 0xD8,
    0x58, 0xF5, 0x49, 0xA6, 0x73, 0x93, 0x0A, 0x1F, 0x53, 0x57, 0xC7, 0x11, 0xE6, 0x75, 0x40, 0xCF,
    0x7A, 0xF3, 0x13, 0x7C, 0x02, 0x16, 0x01, 0xFC, 0xC1, 0x47, 0x12, 0x31, 0x8C, 0x16, 0x8A, 0xC9,
    0x98, 0x4D, 0x26, 0x43, 0x3B, 0xD4, 0xAA, 0x43, 0xAA, 0xE8, 0xE2, 0x4F, 0x49, 0x41, 0xC8, 0x48,
    0xF1, 0x06, 0x5B, 0x46, 0x50, 0x11, 0xBC, 0x0D, 0x73, 0xE0, 0x6D, 0x18, 0x85, 0x0B, 0x01, 0xDD,
    0x5E, 0x8C, 0x4A, 0x7C, 0xE8, 0xA6, 0xEE, 0x99, 0x27, 0xC8, 0xA9, 0x01, 0x36, 0x63, 0xDF, 0x02,
    0x69, 0x51, 0x1B, 0xE2, 0x9E, 0x48, 0xC1, 0x16, 0x7B, 0x00, 0xC3, 0xDB, 0xB0, 0x45, 0x60, 0x36,
    0x47, 0x63, 0xAB, 0x4A, 0x0A, 0xAB, 0xF9, 0xBC, 0xB4, 0xB4, 0x53, 0xDA, 0x60, 0x3A, 0xCE, 0xD0,
    0x29, 0xDC, 0xF6, 0x3B, 0xF7, 0x98, 0xF3, 0x49, 0xD6, 0x87, 0xBC, 0x8F, 0xDF, 0xB1, 0xAF, 0xA3,
    0xB0, 0xE3, 0x36, 0x7B, 0xE8, 0x64, 0x01, 0xB9, 0x75, 0x69, 0x26, 0x77, 0x2E, 0xEB, 0x4B, 0xB3,
    0xD2, 0x69, 0x52, 0x76, 0x0F, 0x8C, 0x7D, 0xA9, 0xF9, 0x13, 0x64, 0x27, 0x4D, 0x8B, 0x32, 0xAB,
    0xD6, 0x85, 0xAD, 0xCF, 0x94, 0x76, 0xED, 0x14, 0xCE, 0xD0, 0x7D, 0x38, 0xD9, 0x05, 0xAD, 0xB3,
    0xAB, 0x2A, 0x80, 0x67, 0xFC, 0x15, 0x5B, 0xB6, 0x7D, 0xB2, 0xDF, 0xA7, 0x18, 0x1A, 0x85, 0x72,
    0x8C, 0x79, 0x8A, 0xE9, 0xB8, 0x0C, 0x38, 0x74, 0x5B, 0x79, 0xC6, 0xA4, 0xB1, 0xAA, 0x23, 0xAF,
    0xF2, 0xA4, 0x82, 0x54, 0x8F, 0x94, 0x71, 0x09, 0x1F, 0x8D, 0xC4, 0x03, 0x80, 0x7E, 0x2F, 0x78,
    0x4D, 0xB1, 0x92, 0xE4, 0xCF, 0x2E, 0xD1, 0x2F, 0x16, 0x56, 0x59, 0x0B, 0xC0, 0x7B, 0xF8, 0x18,
    0x52, 0x6F, 0xBB, 0x24, 0x62, 0xB8, 0x24, 0x95, 0x5C, 0x06, 0x0F, 0xB0, 0x51, 0xA7, 0x1E, 0xE3,
    0x39, 0x74, 0xEE, 0x69, 0xDC, 0xEC, 0xC4, 0xC2, 0x8C, 0xED, 0xA4, 0x47, 0x06, 0x0A, 0xE6, 0x75,
    0x27, 0x25, 0xC8, 0x88, 0x1D, 0x24, 0xB3, 0x31, 0x29, 0x3A, 0x1E, 0x80, 0x71, 0xBF, 0x1C, 0x09,
    0x74, 0x1C, 0xC1, 0xD7, 0x3B, 0x1B, 0x4A, 0xB6, 0x69, 0x96, 0xB3, 0x16, 0x6C, 0xD9, 0x4A, 0xFD,
    0xB3, 0x21, 0xE6, 0x36, 0x6F, 0x3F, 0xBA, 0x78, 0x33, 0x12, 0xC3, 0x60, 0xDA, 0x82, 0xB7, 0x7A,
    0x84, 0xD1, 0x2E, 0xB3, 0xB2, 0x3B, 0x87, 0x49, 0xE4, 0x53, 0x78, 0x3C, 0xA9, 0x1E, 0x69, 0x3B,
    0xED, 0x8C, 0x53, 0x81, 0x0E, 0x80, 0xE2, 0x04, 0xC5, 0x28, 0xF1, 0x6C, 0xBD, 0xB7, 0xCD, 0x76,
    0xFB, 0x2C, 0x77, 0x46, 0x5A, 0x1C, 0x19, 0x44, 0xE5, 0xC4, 0x11, 0x10, 0xD7, 0x8F, 0xF0, 0x1D,
    0x54, 0x62, 0x2D, 0xAD, 0x7F, 0x83, 0x9C, 0x66, 0x74, 0x6C, 0xB5, 0xAC, 0xC5, 0x73, 0x95, 0x73,
    0x32, 0xE4, 0x54, 0xB5, 0x6A, 0x71, 0xB8, 0x1F, 0x63, 0xCA, 0x18, 0x85, 0x50, 0x10, 0x2B, 0x33,
    0xD7, 0xD3, 0x22, 0xA1, 0x8C, 0xCC, 0xAD, 0x72, 0x4A, 0x00, 0x39, 0xF1, 0x66, 0x6C, 0x10, 0xA4,
    0x80, 0xAC, 0x90, 0x43, 0x90, 0xBE, 0xCD, 0x94, 0xBB, 0xCA, 0x4F, 0xD3, 0x2B, 0xAE, 0x8C, 0xB3,
    0x2D, 0xCC, 0xF6, 0x2C, 0xD0, 0xAC, 0xFA, 0x74, 0x0D, 0x03, 0xDE, 0x36, 0x50, 0x4F, 0xB4, 0xFF,
    0x38, 0x32, 0x80, 0xA5, 0xA3, 0x12, 0x69, 0x80, 0xCB, 0xA8, 0xD0, 0x0E, 0x0C, 0x2C, 0x5E, 0x0E,
    0x79, 0xBC, 0x0C, 0x26, 0xF7, 0x53, 0xC8, 0x11, 0xA4, 0x50, 0x22, 0x88, 0x21, 0x0B, 0xC2, 0x8A,
    0x84, 0xA0, 0x94, 0xE9, 0x6A, 0xCA, 0x4C, 0x52, 0x72, 0xF5, 0x50, 0x4D, 0x10, 0x44, 0x42, 0x9F,
    0x5A, 0xA2, 0xE5, 0xA3, 0xED, 0x69, 0xF2, 0xC6, 0x7C, 0x43, 0xBD, 0x4D, 0xF2, 0x96, 0xBB, 0x3D,
    0xB3, 0x20, 0xA6, 0x1A, 0xC9, 0xCE, 0x88, 0x75, 0xC6, 0xBD, 0x5A, 0x42, 0x62, 0x27, 0x09, 0x67,
    0x37, 0x33, 0x2D, 0x28, 0x3B, 0xD2, 0x0E, 0xE2, 0x41, 0x92, 0x23, 0xBB, 0xC5, 0xD4, 0xD0, 0x96,
    0x17, 0x46, 0x73, 0x52, 0x3C, 0x62, 0xA3, 0x4A, 0xB6, 0xC7, 0xE5, 0x16, 0x56, 0x5D, 0x43, 0xE5,
    0xBD, 0x9C, 0xAA, 0x65, 0xA3, 0xA5, 0xC6, 0x30, 0x88, 0x94, 0x15, 0xAD, 0x09, 0x0F, 0xE2, 0x12,
    0x76, 0x97, 0x62, 0x8C, 0xBC, 0x27, 0x7B, 0xB0, 0xF7, 0x50, 0xD6, 0xBA, 0x55, 0x3F, 0xCA, 0x3A,
    0x7F, 0x48, 0xE1, 0x0F, 0x2F, 0xC3, 0xFB, 0x60, 0xDF, 0x92, 0x9F, 0x06, 0x3B, 0x86, 0x74, 0x72,
    0x0C, 0x32, 0xE6, 0xF9, 0xC1, 0xBB, 0x12, 0xC0, 0xDF, 0x6F, 0x09, 0xB7, 0xD4, 0x06, 0xC9, 0x34,
    0x55, 0xF2, 0x5B, 0xF1, 0x28, 0x67, 0x28, 0xF9, 0x7B, 0x45, 0x23, 0x58, 0xE2, 0x91, 0xCC, 0xE8,
    0xB9, 0x9F, 0x31, 0xFD, 0x21, 0xC9, 0xE9, 0x0F, 0x5E, 0x31, 0xD2, 0x6A, 0x20, 0x76, 0x95, 0xBF,
    0x6D, 0xF1, 0x92, 0xD6, 0xD6, 0xDF, 0xEE, 0xC3, 0xD4, 0xC2, 0x7D, 0x61, 0x6A, 0x61, 0xCD, 0xAA,
    0xFC, 0xC6, 0xAA, 0x1C, 0xEC, 0xBD, 0x07, 0x57, 0xDC, 0x52, 0xCE, 0x17, 0x38, 0x6A, 0xA0, 0xE0,
    0x2E, 0xF8, 0xBF, 0xF7, 0x3F, 0xB8, 0xDE, 0xBB, 0x70, 0xC2, 0x1B, 0x40, 0xB7, 0x54, 0x87, 0xF0,
    0xF7, 0x3C, 0x0A, 0x97, 0xDA, 0x05, 0xD7, 0x94, 0x14, 0xFB, 0x24, 0x05, 0x81, 0xE4, 0x26, 0x4C,
    0x70, 0x64, 0x75, 0x61, 0x0D, 0xA7, 0xA1, 0x41, 0xB8, 0xCB, 0xED, 0x47, 0x9D, 0xAF, 0xDB, 0x4B,
    0x49, 0x54, 0x58, 0x09, 0x51, 0x6F, 0x8D, 0x83, 0x3C, 0x4C, 0xCC, 0x03, 0x3C, 0xC1, 0x02, 0x1F,
    0x58, 0x42, 0x1A, 0x7B, 0xE4, 0x84, 0x07, 0x99, 0xF4, 0x20, 0x47, 0x42, 0x20, 0x4D, 0x77, 0x92,
    0x29, 0x4B, 0x3D, 0x4E, 0x59, 0xC4, 0xF1, 0x95, 0x1F, 0xA2, 0x92, 0xCB, 0x19, 0x6B, 0xF5, 0xD4,
    0x08, 0x7C, 0x46, 0xC8, 0xD3, 0x82, 0xCF, 0x3D, 0x38, 0x19, 0xD2, 0xB1, 0xF8, 0x00, 0xBD, 0xCA,
    0x0F, 0x5E, 0xCE, 0x8E, 0xAA, 0x09, 0x0D, 0xF3, 0x47, 0x54, 0xED, 0x59, 0xA1, 0x46, 0x99, 0x11,
    0x8D, 0x24, 0x0B, 0xC7, 0x88, 0xDA, 0x70, 0x93, 0xCD, 0xFB, 0xB0, 0x94, 0x0F, 0x9D, 0x5A, 0x82,
    0x1A, 0x0B, 0x03, 0xCE, 0x08, 0x5A, 0x87, 0xBA, 0xF2, 0x77, 0x5B, 0xEE, 0x81, 0xEC, 0xB0, 0x39,
    0x93, 0xB2, 0x26, 0x44, 0x15, 0x8E, 0xCF, 0x48, 0x05, 0xBF, 0xF6, 0xC3, 0xA7, 0x50, 0xE1, 0xB2,
    0xAA, 0x2D, 0x08, 0x53, 0x4C, 0x9F, 0xAA, 0xC9, 0x93, 0x35, 0x79, 0xAA, 0x7A, 0x5C, 0xEE, 0x0E,
    0x71, 0x42, 0xD4, 0xCC, 0x1F, 0xC5, 0x29, 0x64, 0xAB, 0x60, 0x1B, 0x54, 0xC8, 0x62, 0x48, 0xFA,
    0xD8, 0xC3, 0x49, 0xBA, 0xB7, 0x0B, 0x7C, 0x50, 0xF9, 0x37, 0xAB, 0x00, 0x8F, 0x78, 0xF0, 0xA8,
    0x2E, 0x70, 0x8B, 0x4A, 0x7D, 0x84, 0xFF, 0x06, 0x44, 0x31, 0x41, 0x08, 0x9A, 0x8E, 0xC7, 0x52,
    0x3D, 0xFE, 0xD5, 0x52, 0xED, 0xB1, 0xC9, 0x4F, 0x20, 0x2B, 0x33, 0x74, 0x4C, 0x66, 0x57, 0xA9,
    0x1F, 0xEF, 0xB1, 0xC9, 0xE3, 0x9E, 0x4D, 0xA9, 0x46, 0xA5, 0x00, 0xA1, 0xFB, 0xE3, 0x33, 0xC6,
    0x0C, 0x17, 0x15, 0xC2, 0x75, 0x34, 0x30, 0x72, 0x66, 0xEF, 0x40, 0x0E, 0xB7, 0x56, 0x48, 0xB4,
    0x8F, 0x69, 0xF0, 0x6D, 0x75, 0x3C, 0x09, 0xE1, 0x21, 0xCB, 0x41, 0x0C, 0xAF, 0x5B, 0xF6, 0x99,
    0x13, 0x6E, 0xBA, 0x39, 0x32, 0xE1, 0x0D, 0xA7, 0x00, 0x09, 0xBE, 0x6A, 0x0D, 0xC1, 0xC8, 0x11,
    0x43, 0xA0, 0x73, 0x61, 0x34, 0x05, 0x03, 0x3E, 0xF8, 0x3D, 0x60, 0x01, 0x7A, 0x5A, 0x22, 0xF5,
    0xD2, 0x6D, 0xA6, 0x52, 0x51, 0xD5, 0x3A, 0xF0, 0xA8, 0x20, 0xDD, 0x5A, 0xC8, 0xA7, 0x0F, 0x6D,
    0xF6, 0x6E, 0xBE, 0xBA, 0xB8, 0x0D, 0x6D, 0xC0, 0x52, 0xAC, 0xFA, 0xF3, 0x21, 0xC2, 0x04, 0xB7,
    0xA2, 0xE6, 0x66, 0x54, 0xB6, 0x94, 0x0B, 0xA9, 0x9F, 0x6C, 0x89, 0x6C, 0x8A, 0x9C, 0x4C, 0x39,
    0x9B, 0x52, 0x38, 0xF4, 0x88, 0x2C, 0x23, 0xB6, 0x37, 0x7F, 0xA5, 0xD4, 0xAA, 0x20, 0xB1, 0x18,
    0xDA, 0xCA, 0xC7, 0x48, 0xBC, 0x38, 0x6B, 0xD5, 0x04, 0x0D, 0xC4, 0x70, 0x2B, 0xFC, 0x93, 0xD1,
    0x44, 0x0D, 0x26, 0x6B, 0x26, 0x92, 0x71, 0x39, 0x12, 0x5A, 0xA4, 0xB5, 0xD5, 0x86, 0xCF, 0x6F,
    0xC8, 0x2E, 0x4E, 0x8C, 0x46, 0x98, 0xF5, 0xAF, 0x9C, 0xA1, 0xB7, 0xEF, 0x51, 0xCD, 0xD8, 0x22,
    0x76, 0x36, 0xEA, 0x18, 0x75, 0x63, 0x1B, 0x09, 0xCD, 0x8F, 0xD7, 0x8C, 0x37, 0x94, 0xF5, 0x9E,
    0x3E, 0xDB, 0x20, 0xAE, 0x24, 0xBF, 0xD6, 0x00, 0xCD, 0x24, 0x93, 0x48, 0x18, 0xB7, 0xF1, 0x90,
    0xD1, 0xB0, 0x91, 0x78, 0x58, 0x93, 0x45, 0x99, 0x55, 0x4B, 0x01, 0x5A, 0x12, 0x20, 0x34, 0xA0,
    0xE4, 0xE8, 0x14, 0x96, 0xD4, 0xCA, 0x0D, 0x1D, 0x7E, 0x23, 0x66, 0x74, 0x85, 0xF2, 0xB9, 0xB2,
    0xB8, 0x44, 0x00, 0x52, 0x5F, 0xA5, 0xBE, 0x27, 0xBE, 0x46, 0xC2, 0x45, 0x63, 0xD2, 0x96, 0x34,
    0x25, 0x2D, 0x49, 0x43, 0xD2, 0x8E, 0xF6, 0x10, 0xD9, 0x67, 0xD1, 0x65, 0x9F, 0xD2, 0x6F, 0xEC,
    0x3A, 0x8E, 0xDD, 0xF7, 0x14, 0x87, 0x31, 0x26, 0x39, 0x4C, 0xAB, 0x25, 0xF9, 0x87, 0x1E, 0x8E,
    0xA8, 0x13, 0xD6, 0xF3, 0xEE, 0x68, 0x02, 0x1F, 0xB2, 0x50, 0x00, 0x4F, 0xC6, 0x7A, 0x44, 0xBB,
    0x49, 0x64, 0xE7, 0x85, 0x4F, 0x23, 0x05, 0x8C, 0x20, 0xEC, 0x94, 0x72, 0xF0, 0x33, 0x66, 0x15,
    0x29, 0x07, 0x36, 0x2C, 0xE4, 0x83, 0x75, 0x4B, 0x35, 0xED, 0x7A, 0x3D, 0xEB, 0x2A, 0xF8, 0xC6,
    0x38, 0x43, 0xC3, 0xF2, 0x9D, 0x87, 0x2C, 0x5E, 0x82, 0x00, 0x0D, 0x76, 0x20, 0x88, 0xDD, 0x9C,
    0x22, 0x7B, 0x19, 0x99, 0x68, 0x12, 0xFA, 0xD8, 0x42, 0x3F, 0x15, 0x1E, 0xD1, 0x36, 0x4C, 0x55,
    0x82, 0x39, 0x83, 0xCF, 0xCA, 0x7B, 0x8B, 0x87, 0x39, 0xAB, 0x85, 0x3B, 0xAC, 0xBB, 0x46, 0xB4,
    0xD4, 0xD2, 0xF6, 0xFC, 0x14, 0x99, 0xEC, 0x56, 0x2F, 0xE6, 0xB3, 0x52, 0xC8, 0xFD, 0x3B, 0x5C,
    0xC6, 0x47, 0x88, 0x56, 0x5B, 0x74, 0x83, 0x7C, 0x73, 0x7E, 0x0A, 0xD9, 0xFF, 0xC1, 0x84, 0xA8,
    0xC1, 0x9C, 0x84, 0x2F, 0x6E, 0x9C, 0x98, 0x95, 0x42, 0x2C, 0x09, 0x31, 0x70, 0x42, 0xF6, 0x3B,
    0x49, 0x28, 0x42, 0xB8, 0x21, 0xE4, 0x8F, 0x62, 0x97, 0x41, 0x22, 0x0A, 0x0F, 0x75, 0x75, 0x90,
    0xAE, 0xAC, 0xD3, 0xD5, 0x75, 0x28, 0x2B, 0x3B, 0x4B, 0x51, 0x6A, 0x36, 0x6B, 0x48, 0xD1, 0x24,
    0xAB, 0xC2, 0x87, 0x26, 0x7F, 0x04, 0x29, 0x22, 0xE2, 0xF7, 0x89, 0x12, 0xA5, 0xB4, 0xEA, 0x31,
    0x8F, 0x68, 0xB6, 0xFB, 0x66, 0xC1, 0x2A, 0x98, 0xB4, 0xD5, 0x8C, 0xBE, 0x4C, 0x6D, 0xFC, 0x99,
    0x9A, 0xF8, 0x3A, 0x86, 0x2E, 0x35, 0xBB, 0x51, 0x5E, 0x89, 0x26, 0x22, 0x08, 0xB6, 0x07, 0x03,
    0x79, 0x79, 0x10, 0x43, 0xA7, 0x5B, 0x0D, 0x96, 0xF6, 0x61, 0x69, 0xE8, 0xF5, 0x0F, 0x1E, 0x18,
    0x76, 0x2B, 0xA1, 0x5B, 0x6A, 0x40, 0x3B, 0x0D, 0x5F, 0x0B, 0x3E, 0xBB, 0xDB, 0xD4, 0xD0, 0xF0,
    0x82, 0x2E, 0xD5, 0xF4, 0x97, 0x24, 0x23, 0x92, 0xC2, 0x4C, 0x35, 0xE7, 0xFB, 0x36, 0x1C, 0xB7,
    0xC5, 0xEF, 0x90, 0x4E, 0x04, 0xF5, 0x33, 0x49, 0xC0, 0x04, 0xE9, 0x98, 0xFA, 0x5D, 0xD0, 0x5D,
    0x7A, 0x90, 0x30, 0xCB, 0xD3, 0x92, 0x31, 0x22, 0x37, 0x40, 0x6A, 0x50, 0x11, 0xB9, 0x50, 0x61,
    0x47, 0x1B, 0x0E, 0x94, 0x61, 0x90, 0x64, 0x91, 0xCE, 0xFB, 0x84, 0x98, 0xC7, 0xFB, 0x7A, 0x5B,
    0x58, 0xE8, 0x96, 0x5C, 0x58, 0x3D, 0x1A, 0x7A, 0x55, 0x82, 0x4E, 0xDF, 0x3F, 0x81, 0x68, 0x56,
    0x6E, 0x35, 0x56, 0x6C, 0x77, 0x19, 0x39, 0x27, 0xDD, 0x2B, 0xD1, 0x39, 0x68, 0x49, 0x8D, 0xD5,
    0x1E, 0xB3, 0xA5, 0xE0, 0xE8, 0x84, 0x5D, 0xEA, 0x62, 0xAC, 0x2D, 0x6E, 0xDB, 0xDA, 0x47, 0xB7,
    0xE0, 0x97, 0xC8, 0x7C, 0x52, 0xFC, 0x8C, 0x73, 0xE3, 0x9E, 0x1C, 0xDD, 0xEA, 0x13, 0xB5, 0x72,
    0x4C, 0x29, 0xFB, 0x28, 0x49, 0xF4, 0xF4, 0x3B, 0xC2, 0xFC, 0xEC, 0x44, 0x65, 0x93, 0xC5, 0xCC,
    0xAD, 0x77, 0x1E, 0xD0, 0x20, 0x39, 0x48, 0x2D, 0xAF, 0xB1, 0x69, 0x8D, 0xF4, 0xC6, 0x1B, 0x76,
    0xDC, 0x67, 0x1F, 0xFB, 0x31, 0xBA, 0xA7, 0x40, 0x22, 0x4D, 0x6D, 0x4E, 0x75, 0xC1, 0x16, 0xD5,
    0xDD, 0xE4, 0x8F, 0xA5, 0x81, 0x08, 0x66, 0x95, 0xE6, 0xD0, 0x2A, 0x8D, 0x5C, 0x6C, 0xA4, 0x99,
    0x2B, 0xE4, 0x2D, 0xA0, 0xFB, 0x92, 0x01, 0xB3, 0x6D, 0x9C, 0x3D, 0x8D, 0x59, 0xCF, 0xA3, 0x6A,
    0x87, 0xF6, 0x0C, 0x2E, 0xA0, 0xF8, 0x71, 0xF0, 0x49, 0x82, 0x29, 0x26, 0xBD, 0x97, 0xAB, 0x46,
    0xED, 0x15, 0x16, 0xAB, 0x33, 0xD3, 0xD1, 0x4B, 0x8A, 0xB7, 0x5C, 0x9C, 0x3C, 0x92, 0x46, 0xBB,
    0x9B, 0x3F, 0xC9, 0xD8, 0x87, 0x29, 0xB3, 0x0E, 0x87, 0x2A, 0xF5, 0x2D, 0x04, 0xD3, 0x2D, 0xA4,
    0x88, 0xD7, 0xF1, 0x8C, 0x7E, 0x87, 0xEC, 0x6F, 0xEA, 0xD4, 0xA3, 0xAA, 0xCB, 0x9A, 0x2E, 0x2B,
    0xBA, 0x7D, 0x3D, 0x77, 0xD6, 0x72, 0xD3, 0x88, 0x84, 0xDE, 0x73, 0x3E, 0x82, 0xAB, 0x33, 0x1B,
    0xB9, 0x67, 0x25, 0x23, 0xC1, 0x93, 0x37, 0x13, 0x78, 0xDB, 0x00, 0x0C, 0xD1, 0xBC, 0x12, 0x83,
    0xF7, 0xEC, 0x43, 0xBE, 0xAB, 0x1D, 0xB6, 0x04, 0x2D, 0x39, 0x38, 0xC4, 0xDB, 0x17, 0x7D, 0x11,
    0xDD, 0x0D, 0x81, 0x79, 0x1F, 0x66, 0x72, 0x59, 0xC8, 0x68, 0x0E, 0xC6, 0x47, 0x96, 0x1F, 0xD0,
    0xF8, 0xDB, 0x87, 0xAD, 0x5D, 0x40, 0x73, 0xE6, 0x7D, 0xA6, 0xAF, 0xA4, 0x27, 0x20, 0x60, 0xBA,
    0xCC, 0xE1, 0x94, 0x3D, 0x44, 0x3C, 0x95, 0x1C, 0xE6, 0x9E, 0xAA, 0xCF, 0x38, 0xEF, 0xF3, 0xD3,
    0xFB, 0xD3, 0x54, 0x06, 0x8E, 0x45, 0x36, 0x3C, 0x3C, 0x11, 0xF8, 0x17, 0x9C, 0xFF, 0xFA, 0x88,
    0x44, 0xB1, 0x18, 0x73, 0xE8, 0x7A, 0x5F, 0xA7, 0x62, 0x30, 0x70, 0xF9, 0x1F, 0x43, 0xAF, 0xE2,
    0xED, 0x76, 0x3D, 0x68, 0x6B, 0x91, 0x7B, 0x14, 0x22, 0x53, 0x1B, 0x75, 0xD5, 0x54, 0x40, 0xAB,
    0xE2, 0xE3, 0xB9, 0xB2, 0x2B, 0xCC, 0x75, 0x56, 0x17, 0xB3, 0xB7, 0x97, 0xB4, 0x7A, 0xC3, 0x1F,
    0xA4, 0x6A, 0x92, 0x0F, 0x00, 0x5C, 0x1E, 0x03, 0xDB, 0x59, 0x2E, 0xE4, 0xF2, 0x19, 0x34, 0x90,
    0xCA, 0x92, 0xF7, 0x65, 0x38, 0x02, 0x46, 0x6F, 0xAF, 0x5C, 0x3B, 0x6E, 0xB9, 0x97, 0x37, 0x7C,
    0x34, 0x49, 0x17, 0xAF, 0xEC, 0xC6, 0xF0, 0x06, 0x7A, 0xCA, 0xC3, 0x4A, 0xBA, 0x87, 0x99, 0x97,
    0x76, 0xC2, 0x40, 0xA7, 0x0F, 0x34, 0xF3, 0xF8, 0xAB, 0xB6, 0x69, 0xD2, 0x7F, 0x43, 0xB7, 0xB3,
    0x30, 0xFA, 0x82, 0xD9, 0x07, 0x3A, 0x9D, 0xE9, 0xA1, 0xDF, 0x84, 0xEB, 0x28, 0x3D, 0x61, 0x72,
    0x88, 0x78, 0x98, 0x1B, 0xF6, 0x0C, 0xE7, 0x3A, 0xC1, 0x61, 0x99, 0x93, 0x2D, 0x53, 0xC4, 0x53,
    0x14, 0x6C, 0x83, 0xC3, 0x55, 0x2A, 0x5F, 0x50, 0x44, 0x12, 0x0C, 0x50, 0xF0, 0x28, 0x14, 0xEE,
    0xED, 0xC4, 0xCA, 0xDF, 0xBD, 0x4E, 0x5F, 0x9D, 0x8A, 0xE2, 0x4E, 0xFE, 0x3C, 0x5A, 0x5A, 0x85,
    0xFA, 0x11, 0x2C, 0xFA, 0x4A, 0xDB, 0x0C, 0x3B, 0xB2, 0x6A, 0xA0, 0x2E, 0x6C, 0xA3, 0x32, 0x3C,
    0xD5, 0xDE, 0xE9, 0x9A, 0x24, 0x1D, 0xC5, 0x8E, 0x93, 0x18, 0xE1, 0x22, 0x8E, 0xDE, 0x63, 0xB5,
    0x18, 0x15, 0xB2, 0xC2, 0x9F, 0x84, 0xA9, 0xA9, 0x3B, 0xA0, 0xF3, 0x50, 0xC3, 0xC3, 0x56, 0xF9,
    0xED, 0x49, 0xDB, 0xBF, 0xF8, 0x56, 0x7C, 0xAA, 0xBB, 0x08, 0x6A, 0x48, 0x05, 0xF3, 0x55, 0x35,
    0x3F, 0x45, 0xA4, 0x75, 0xF2, 0xB3, 0x58, 0xEE, 0x1B, 0x75, 0xAD, 0x93, 0xFD, 0x2B, 0x24, 0xBE,
    0x6A, 0x7E, 0x00, 0xD7, 0x35, 0x6F, 0xA4, 0xDD, 0x6F, 0xAA, 0xCF, 0xF9, 0xE6, 0xA1, 0x15, 0xE3,
    0xD6, 0x61, 0x24, 0x90, 0x8F, 0xBB, 0xED, 0x4F, 0xBB, 0x9A, 0x95, 0x66, 0x01, 0x3B, 0xBD, 0xBC,
    0x67, 0x66, 0x16, 0x24, 0x4C, 0x17, 0xB2, 0xF9, 0x29, 0x65, 0x54, 0xD7, 0x95, 0xF5, 0x05, 0xA6,
    0x7F, 0x2D, 0x53, 0xCF, 0x38, 0xFB, 0x3E, 0x3A, 0x07, 0x28, 0xF2, 0xE9, 0xFE, 0xCA, 0xAE, 0x59,
    0xF4, 0x84, 0x54, 0xEE, 0xD6, 0x88, 0x5F, 0x7C, 0x7D, 0x99, 0x09, 0x17, 0xD7, 0xDA, 0xD2, 0x90,
    0x94, 0x87, 0x08, 0x97, 0xD1, 0x04, 0xB3, 0xE8, 0x28, 0x5D, 0x8B, 0x03, 0xD6, 0xC7, 0x12, 0x43,
    0x9D, 0x70, 0x73, 0xEC, 0x95, 0x3A, 0x7C, 0x1A, 0xC5, 0x80, 0xF5, 0x1D, 0x08, 0xB8, 0x7E, 0x9B,
    0x09, 0x11, 0xAA, 0x2A, 0xD2, 0x68, 0x72, 0xA1, 0x2F, 0x1A, 0x03, 0x27, 0xA5, 0x42, 0x01, 0x9D,
    0x91, 0xED, 0x27, 0xF8, 0xA0, 0x53, 0xBA, 0x41, 0xCC, 0x4A, 0xEB, 0x89, 0xE0, 0x02, 0x9A, 0xF5,
    0xC3, 0xE5, 0xE0, 0x66, 0x8A, 0x1F, 0x6F, 0x05, 0xEF, 0xC5, 0x2C, 0xC1, 0xFA, 0xEF, 0x87, 0xCA,
    0xDA, 0xCD, 0xBC, 0x8F, 0x88, 0xA6, 0xA9, 0x74, 0x3E, 0x74, 0xE8, 0xB6, 0x1C, 0x80, 0xB1, 0xB0,
    0xED, 0x19, 0xB3, 0x7E, 0xEC, 0x66, 0x63, 0x29, 0xCD, 0xA6, 0x65, 0x0F, 0x12, 0x6D, 0xA4, 0x22,
    0xB1, 0x69, 0xF6, 0x5C, 0x14, 0xBD, 0x45, 0xB5, 0x18, 0x06, 0xB8, 0xD5, 0xEC, 0x22, 0xDF, 0xB2,
    0x86, 0x4E, 0x66, 0xA1, 0xEB, 0x6D, 0xA5, 0x56, 0xE9, 0x56, 0x1C, 0x4F, 0x54, 0x76, 0x6C, 0x95,
    0x3F, 0xAC, 0x1C, 0x64, 0x40, 0x7F, 0xA9, 0x0E, 0x63, 0xBC, 0x55, 0x1D, 0x57, 0xD6, 0x7F, 0x6F,
    0x54, 0x1B, 0xCA, 0xBA, 0xFB, 0x62, 0x95, 0x63, 0x69, 0x03, 0x66, 0x11, 0xDE, 0x0C, 0x11, 0x8D,
    0xEA, 0x9E, 0x0C, 0xAA, 0xBD, 0xA6, 0x8D, 0x45, 0xDD, 0xD7, 0xB1, 0xE6, 0x8A, 0x91, 0xF7, 0x96,
    0x79, 0x49, 0xE7, 0xD1, 0x8E, 0x91, 0x6C, 0x43, 0xE0, 0x15, 0x0A, 0xBF, 0xC9, 0x80, 0xCD, 0x86,
    0xB7, 0xC5, 0xD9, 0xE0, 0x6D, 0x66, 0xCD, 0x2A, 0x40, 0xC3, 0x14, 0x40, 0xB3, 0xE6, 0x99, 0xE4,
    0x53, 0x57, 0x4E, 0xA7, 0x3B, 0x4E, 0x4F, 0xF1, 0x4A, 0x52, 0xA0, 0x8B, 0xBD, 0x17, 0xCE, 0x46,
    0x0A, 0xA3, 0x15, 0x5F, 0x4A, 0x71, 0xBD, 0xAD, 0xB3, 0x57, 0xB4, 0xD7, 0x35, 0x16, 0x51, 0x0A,
    0x16, 0xB9, 0x48, 0xA4, 0x68, 0x9E, 0x84, 0x17, 0x88, 0xA3, 0x33, 0xDC, 0xE5, 0x3F, 0xF4, 0x37,
    0xFE, 0xFC, 0xD1, 0x7D, 0x39, 0x77, 0x74, 0x3B, 0xEC, 0xED, 0xEE, 0x5A, 0xDB, 0x0F, 0x78, 0xE7,
    0x21, 0x18, 0xB7, 0xD4, 0x9D, 0x94, 0x79, 0xC0, 0x0D, 0x5E, 0x74, 0xBD, 0x31, 0x64, 0xF4, 0x1C,
    0xCC, 0x4B, 0x73, 0xF1, 0xCA, 0xFB, 0x6F, 0x94, 0xFB, 0xB8, 0x8A, 0xC0, 0xBB, 0x1A, 0x25, 0xDC,
    0x0D, 0xF7, 0x4F, 0x36, 0xD8, 0x91, 0xBA, 0x4A, 0xF2, 0x38, 0x70, 0xAA, 0xFE, 0x2E, 0x60, 0xDB,
    0x05, 0xC3, 0x27, 0xA4, 0x0A, 0x2D, 0xAF, 0xFB, 0xE3, 0xD7, 0x43, 0x3B, 0xC4, 0xEB, 0x2E, 0x09,
    0xA3, 0x87, 0xD3, 0x77, 0x19, 0x97, 0x4D, 0xB5, 0xAE, 0x27, 0x56, 0x4D, 0xBA, 0x84, 0xA3, 0x5D,
    0xD2, 0x58, 0x5B, 0x0B, 0x49, 0x31, 0xDC, 0x8B, 0x3A, 0x3E, 0x0C, 0x2E, 0xF5, 0x1D, 0xAB, 0xBB,
    0xF5, 0x4B, 0xC6, 0x01, 0x6B, 0x91, 0x5E, 0x59, 0x95, 0x19, 0xBA, 0x85, 0x8D, 0xC2, 0x83, 0xAB,
    0x12, 0xDC, 0x23, 0xD1, 0xA3, 0x5B, 0x1B, 0x2D, 0x61, 0x91, 0x3B, 0x0A, 0x42, 0x4E, 0xFB, 0xEB,
    0x82, 0x07, 0xAC, 0x07, 0x13, 0x7D, 0xA7, 0xCB, 0x4C, 0xBB, 0x66, 0xF4, 0x3E, 0xF5, 0xD8, 0xEB,
    0x76, 0xF2, 0xC1, 0xEA, 0xF1, 0x80, 0x5B, 0x7D, 0xFB, 0xDD, 0x0F, 0x52, 0x05, 0xEF, 0x43, 0xBC,
    0x3F, 0x78, 0x8D, 0x77, 0x85, 0x5E, 0x8A, 0x27, 0xEF, 0x19, 0x8E, 0x3B, 0xBE, 0xD5, 0x54, 0xC7,
    0x57, 0x3A, 0x06, 0x2D, 0xF7, 0x9C, 0xBE, 0x13, 0xF6, 0x40, 0x96, 0x3C, 0x6A, 0x4D, 0x73, 0xA6,
    0xE7, 0xCA, 0xBE, 0x69, 0xFE, 0x7F, 0xD5, 0x5A, 0x3F, 0x6C, 0xDC, 0xD6, 0x19, 0x7F, 0x24, 0x23,
    0xB1, 0x31, 0x11, 0x31, 0x43, 0xD2, 0xA0, 0xBE, 0x5A, 0xEC, 0x50, 0x14, 0x46, 0x61, 0x99, 0x4B,
    0x06, 0x0F, 0x92, 0xC9, 0xB6, 0x68, 0x32, 0x64, 0x88, 0x06, 0x09, 0x19, 0x3A, 0x64, 0xEF, 0xA2,
    0x0E, 0x1A, 0x5C, 0x40, 0x31, 0xD9, 0x76, 0xC8, 0x10, 0xA0, 0xD1, 0x50, 0xA3, 0x43, 0x86, 0x7A,
    0xC8, 0xD0, 0x68, 0xB1, 0x51, 0x64, 0xC8, 0xE0, 0x98, 0xB4, 0x03, 0x34, 0x83, 0x87, 0xB2, 0x09,
    0x82, 0x0E, 0x01, 0x0A, 0x06, 0x4E, 0x3A, 0x38, 0x43, 0xE8, 0x82, 0x46, 0x2E, 0x0E, 0x8F, 0xAF,
    0xBF, 0xDF, 0xF7, 0x1E, 0x75, 0x27, 0xD9, 0x59, 0xE2, 0xB3, 0x9C, 0x9E, 0x7D, 0x8F, 0xD4, 0xDD,
    0x91, 0xEF, 0xFB, 0xF7, 0xBE, 0xEF, 0xF7, 0xFD, 0x1E, 0x95, 0x1A, 0x5E, 0x5E, 0xA3, 0x1C, 0xDD,
    0x7A, 0xAD, 0x8A, 0x6E, 0x69, 0x9C, 0x17, 0x2A, 0xB9, 0x56, 0x3B, 0x9D, 0x8A, 0x3E, 0x2C, 0xBD,
    0xB1, 0x0A, 0x7B, 0x15, 0x36, 0xFC, 0x1F, 0xD5, 0x1C, 0xE3, 0x8A, 0x63, 0x52, 0x72, 0xCC, 0x4A,
    0x15, 0xC9, 0x88, 0x0F, 0xB3, 0x9C, 0x1F, 0x72, 0x94, 0x93, 0x42, 0x61, 0x74, 0x26, 0x0A, 0x57,
    0xF9, 0xAD, 0x52, 0xFE, 0x64, 0xAB, 0xC2, 0x44, 0xC5, 0x84, 0xD3, 0x39, 0x76, 0xDA, 0xC5, 0x14,
    0x43, 0x54, 0xAA, 0xC5, 0x8B, 0x18, 0x74, 0x1F, 0x96, 0x7E, 0x9B, 0xBC, 0xA6, 0xC2, 0x3A, 0x9E,
    0xE0, 0x5A, 0xCC, 0x96, 0xE5, 0x51, 0xA5, 0x8A, 0x14, 0x37, 0xD7, 0x2A, 0xC6, 0x2F, 0x78, 0x5F,
    0xCD, 0x29, 0x34, 0x6F, 0x5F, 0xF0, 0xEE, 0xC9, 0xE7, 0xB8, 0x79, 0xA0, 0x73, 0x75, 0xF8, 0x15,
    0x96, 0x89, 0xAE, 0xF4, 0x8B, 0x55, 0xDC, 0xA7, 0x5B, 0x41, 0xE9, 0x43, 0x0D, 0x1F, 0xB7, 0x57,
    0x4B, 0xA1, 0x0A, 0xA0, 0xC9, 0x3B, 0x94, 0xFE, 0x74, 0xCA, 0x71, 0x95, 0x22, 0x72, 0xC4, 0x34,
    0x67, 0x28, 0xB4, 0xDA, 0x96, 0xF1, 0xB2, 0xA2, 0x26, 0x8D, 0xE2, 0x7C, 0x18, 0x8B, 0xD4, 0xA9,
    0x71, 0x9E, 0x7A, 0x25, 0xBF, 0x0D, 0x30, 0x61, 0x7C, 0xF7, 0x2A, 0xE6, 0xF1, 0x75, 0x7B, 0x60,
    0xDE, 0x93, 0x1C, 0xAE, 0x3E, 0xBD, 0xE1, 0xAC, 0x5F, 0xCD, 0x5A, 0xBF, 0x5D, 0x0B, 0x9B, 0xA0,
    0x59, 0x0D, 0x9B, 0xF0, 0x76, 0x83, 0xA1, 0x4F, 0xA3, 0x1A, 0x93, 0x45, 0x15, 0xE6, 0x8A, 0x4B,
    0x4C, 0x92, 0xC8, 0x90, 0x17, 0xB9, 0xCA, 0x7E, 0x07, 0x25, 0xB2, 0xF7, 0x69, 0xBF, 0x2E, 0xE9,
    0x54, 0xDC, 0xC4, 0xAD, 0xBA, 0xFF, 0xAB, 0x89, 0x86, 0xB3, 0x2B, 0x57, 0x86, 0xB3, 0xA4, 0x19,
    0xCE, 0xA2, 0x6A, 0xF6, 0xB7, 0x5A, 0x7F, 0x05, 0xA1, 0xB5, 0xAE, 0xD5, 0xD6, 0x5D, 0x0D, 0x33,
    0xEE, 0x69, 0x7A, 0x2F, 0x6A, 0x55, 0xAB, 0x30, 0x5D, 0x58, 0x7B, 0x9D, 0x53, 0x7B, 0x9A, 0x16,
    0xF0, 0x26, 0x6E, 0x15, 0x74, 0xB4, 0x82, 0xDB, 0xAB, 0x14, 0xBF, 0xA0, 0xFB, 0x7A, 0x5C, 0x5C,
    0x0D, 0x67, 0x34, 0x72, 0x96, 0xE3, 0x5B, 0x5E, 0x00, 0x4B, 0xE0, 0x8C, 0x17, 0xC0, 0x32, 0xDE,
    0x04, 0xF2, 0x72, 0x36, 0xE5, 0x75, 0x72, 0x01, 0xCE, 0x02, 0xCC, 0x00, 0xF7, 0xE2, 0xC2, 0xA8,
    0xF1, 0x7A, 0xB5, 0xAC, 0x5C, 0x3A, 0x35, 0xEC, 0xD4, 0x0A, 0x7E, 0xE4, 0xE8, 0x14, 0x17, 0xEC,
    0xA8, 0x51, 0x7F, 0x69, 0xAC, 0xB2, 0x5B, 0x7B, 0x1D, 0x65, 0x84, 0x5B, 0xB5, 0x1E, 0x1F, 0xD6,
    0x76, 0xC7, 0x2F, 0x8D, 0x16, 0x71, 0xAC, 0x8C, 0x12, 0xB8, 0x87, 0xD1, 0x01, 0x8E, 0x14, 0x15,
    0x8C, 0xDE, 0xD0, 0xC0, 0xD9, 0xDC, 0x4C, 0x45, 0x01, 0x5F, 0xE3, 0x77, 0x94, 0x3A, 0xB8, 0x50,
    0x94, 0x72, 0x12, 0x42, 0x24, 0x91, 0xFE, 0x71, 0xFE, 0xDE, 0x08, 0xDF, 0x0E, 0xB2, 0xD7, 0x83,
    0xE8, 0xF9, 0x20, 0xF9, 0x20, 0x78, 0xE7, 0xA4, 0x22, 0x77, 0xD0, 0x7A, 0xB9, 0x11, 0xBB, 0x0E,
    0x52, 0x2B, 0x75, 0x61, 0x84, 0x2E, 0xB4, 0x9E, 0x11, 0x17, 0xAE, 0x6B, 0x43, 0xDC, 0x66, 0xD4,
    0xA9, 0xB5, 0xF3, 0x5C, 0x59, 0x63, 0x15, 0x53, 0x27, 0x84, 0x5E, 0x88, 0x69, 0x64, 0x52, 0xBC,
    0x8E, 0xBF, 0xD1, 0x2C, 0x50, 0x58, 0xAD, 0x9B, 0x50, 0x6B, 0xAC, 0x32, 0xC4, 0xC5, 0xA6, 0xC6,
    0x4F, 0xA2, 0x6A, 0x05, 0x13, 0xC6, 0x65, 0x5C, 0x9E, 0x0C, 0xC6, 0x88, 0x8C, 0xC4, 0xAC, 0xB0,
    0x54, 0x62, 0x05, 0x51, 0x2F, 0xC1, 0xCF, 0xF8, 0xA7, 0x5C, 0x38, 0x42, 0xDC, 0xB1, 0xAB, 0xB4,
    0xAB, 0x61, 0x80, 0x40, 0x69, 0x1F, 0x4B, 0xB7, 0x5C, 0x56, 0xD9, 0xA4, 0x18, 0xEB, 0x5B, 0xEF,
    0xAA, 0xB8, 0x4D, 0x3E, 0xD1, 0xBA, 0x9B, 0x8D, 0x07, 0x04, 0x99, 0x2E, 0xD5, 0x56, 0x9F, 0xCA,
    0x1B, 0xF1, 0x2F, 0x22, 0x51, 0x36, 0x9E, 0x47, 0xF6, 0x88, 0xF8, 0x94, 0x73, 0xCC, 0x29, 0xE7,
    0x72, 0x2C, 0x65, 0x2D, 0xC8, 0x79, 0x96, 0x9A, 0x63, 0x91, 0x2A, 0x6B, 0x35, 0x73, 0xAE, 0x95,
    0x6B, 0x8D, 0x17, 0xF0, 0x08, 0x19, 0xC5, 0xF0, 0xB0, 0xED, 0x69, 0x86, 0xD0, 0xA8, 0xDF, 0x9B,
    0x50, 0x6E, 0x18, 0xAE, 0xB3, 0x7E, 0x53, 0xC3, 0xD1, 0xB7, 0xAE, 0x0F, 0x9A, 0x03, 0x81, 0xFC,
    0x38, 0x6F, 0xCB, 0x3F, 0x3F, 0x3D, 0x14, 0x18, 0xF8, 0x9E, 0xDA, 0xC0, 0x79, 0x54, 0x24, 0x96,
    0x7C, 0xC4, 0xCC, 0x22, 0x66, 0x16, 0xE9, 0x1D, 0x89, 0x06, 0x84, 0x6B, 0x6E, 0x64, 0xCD, 0x07,
    0x91, 0x29, 0x71, 0x61, 0x94, 0xD0, 0x46, 0xEE, 0x5E, 0xCE, 0x1C, 0x31, 0xA9, 0xEB, 0x76, 0xA2,
    0x00, 0x04, 0xA3, 0xFC, 0x38, 0x50, 0x7C, 0x38, 0x92, 0xD2, 0xC3, 0x8F, 0x14, 0xDE, 0x0A, 0x19,
    0xDA, 0x43, 0x3D, 0x2B, 0x31, 0x27, 0x51, 0x6A, 0xC1, 0x44, 0x45, 0x38, 0x04, 0x34, 0x72, 0x9A,
    0x56, 0xCF, 0x74, 0x26, 0xD0, 0x7A, 0xC6, 0xC5, 0x93, 0x0C, 0x0A, 0xEA, 0xBB, 0xB0, 0x81, 0x1B,
    0xC5, 0x1D, 0x06, 0x7C, 0x25, 0x01, 0x1D, 0x55, 0x8C, 0x1B, 0xE6, 0x2B, 0x84, 0x1E, 0x92, 0x6D,
    0xCE, 0x5C, 0x9B, 0x63, 0x9A, 0x0C, 0x09, 0x04, 0xA2, 0x33, 0x2D, 0x52, 0xE5, 0xA2, 0x63, 0x5C,
    0xD4, 0x49, 0xAE, 0x8C, 0x36, 0xD4, 0xCA, 0x38, 0x83, 0xAA, 0xA8, 0x11, 0x27, 0xCF, 0x76, 0xF9,
    0x11, 0x92, 0xFA, 0x58, 0x63, 0x41, 0x6E, 0xB5, 0x6A, 0xAB, 0x2E, 0xB0, 0x9C, 0xB0, 0x8A, 0x42,
    0xE3, 0xEE, 0x89, 0x5A, 0x12, 0x1F, 0x2F, 0x6B, 0xAC, 0x52, 0x3A, 0xF9, 0x54, 0x91, 0xAE, 0x88,
    0x16, 0xAB, 0x49, 0xBE, 0x6A, 0x4E, 0xE2, 0x72, 0x55, 0xAC, 0x76, 0x2E, 0xAC, 0xCF, 0x88, 0xC1,
    0xB6, 0x83, 0x66, 0x5B, 0x26, 0xBA, 0xEC, 0x8D, 0x2F, 0xCB, 0x09, 0x84, 0x6F, 0x68, 0x47, 0xD5,
    0x38, 0x7D, 0x43, 0x67, 0x23, 0x5F, 0xEA, 0x9A, 0xDE, 0x76, 0x51, 0x1C, 0x2A, 0xBA, 0xD9, 0x63,
    0x10, 0xF3, 0x64, 0xF4, 0x29, 0xD2, 0x3E, 0x1D, 0x9E, 0x41, 0x8A, 0xD2, 0x1F, 0x32, 0xDD, 0xE0,
    0xFA, 0xC1, 0xAE, 0x33, 0xD9, 0x2C, 0xB1, 0x19, 0xFE, 0x27, 0xFD, 0xF0, 0x41, 0x7D, 0x4F, 0x62,
    0xC4, 0x6F, 0x44, 0x4F, 0xD4, 0x23, 0x51, 0x33, 0x49, 0x8D, 0x96, 0x8F, 0x59, 0x25, 0x95, 0xD1,
    0x71, 0x61, 0xD3, 0xA8, 0x18, 0x68, 0xAB, 0xA1, 0xB6, 0x0A, 0xF6, 0x46, 0x3F, 0x9A, 0x8E, 0xEA,
    0x21, 0x0C, 0x44, 0x3B, 0x0A, 0x4C, 0xE5, 0xE4, 0x08, 0xDD, 0xE0, 0x1A, 0x51, 0x0D, 0x62, 0x8B,
    0x66, 0x90, 0x5A, 0x14, 0x83, 0xD0, 0xA2, 0x17, 0xDD, 0x44, 0xB5, 0xA2, 0xFA, 0xA0, 0x0E, 0x71,
    0x79, 0x50, 0x95, 0xC2, 0x1C, 0xBE, 0x3F, 0xB1, 0x5F, 0xD7, 0xF7, 0x68, 0xC3, 0x57, 0x56, 0xCE,
    0xFE, 0xF5, 0xD8, 0xF0, 0xED, 0xC2, 0xC6, 0xE2, 0xAE, 0xB3, 0xA9, 0xA2, 0x2E, 0x6B, 0xA1, 0x87,
    0x37, 0xF9, 0x62, 0xCC, 0xC8, 0xD2, 0x9E, 0x04, 0xD8, 0xC4, 0x1B, 0xC3, 0x01, 0x7E, 0xE7, 0xB7,
    0xD0, 0xC5, 0x6F, 0x83, 0x16, 0xAA, 0x04, 0x8D, 0x09, 0x2F, 0x1E, 0x50, 0x0C, 0xEB, 0x90, 0xF2,
    0x47, 0x55, 0x54, 0x61, 0xF9, 0xC7, 0x90, 0x55, 0x6A, 0x7A, 0xA4, 0xE5, 0x10, 0x4C, 0x0E, 0x46,
    0xB4, 0x95, 0xDC, 0x04, 0xB6, 0x09, 0xB4, 0x41, 0xEC, 0x99, 0x65, 0xE9, 0xE7, 0x28, 0x47, 0xDE,
    0x4D, 0xAE, 0x42, 0x5D, 0x4E, 0xF5, 0x53, 0xB2, 0xBA, 0x94, 0xCB, 0x18, 0x91, 0xCA, 0x11, 0xF0,
    0x8B, 0x65, 0xDE, 0x65, 0x95, 0xC3, 0x36, 0x55, 0x6B, 0x30, 0xB8, 0x15, 0x26, 0xF0, 0x58, 0x10,
    0x83, 0x0B, 0x04, 0x16, 0xCC, 0xE1, 0x6B, 0x8C, 0xCC, 0x73, 0x8C, 0x53, 0x20, 0x90, 0xDA, 0x25,
    0x00, 0x19, 0xC1, 0xB5, 0x5F, 0x25, 0x13, 0x57, 0x9B, 0x48, 0x58, 0xF5, 0x2A, 0x15, 0x45, 0x29,
    0x3D, 0xAC, 0x86, 0x40, 0x3A, 0xB6, 0xBB, 0x8E, 0xB4, 0xDC, 0x30, 0xAB, 0x32, 0xA3, 0x32, 0x9B,
    0x32, 0x93, 0x32, 0x8B, 0x32, 0x83, 0x32, 0x7B, 0x32, 0x73, 0x32, 0x6B, 0x32, 0x63, 0x66, 0x5D,
    0x31, 0x46, 0xA6, 0x9C, 0xDA, 0x7F, 0xCD, 0x43, 0x8D, 0x7E, 0x39, 0x57, 0x41, 0x2F, 0x09, 0x7C,
    0x3F, 0x73, 0x0E, 0x19, 0x93, 0xD6, 0xA1, 0x77, 0x87, 0xCC, 0x28, 0xEF, 0xDC, 0x58, 0xC6, 0x64,
    0x41, 0x65, 0xB3, 0x20, 0x33, 0x88, 0x64, 0xB8, 0x11, 0x2E, 0xCD, 0xC4, 0x2C, 0x6A, 0xD5, 0x2F,
    0x51, 0xCB, 0x10, 0x99, 0xA6, 0x16, 0x3C, 0xBD, 0xAE, 0xB2, 0xD6, 0x22, 0x2C, 0xDC, 0x58, 0xE0,
    0x01, 0x2D, 0x2E, 0xC0, 0x80, 0x8B, 0x4E, 0x20, 0x81, 0x3A, 0x00, 0x07, 0x9A, 0x10, 0xB3, 0xEC,
    0xBC, 0x42, 0x9F, 0xB4, 0xB3, 0xAB, 0xC4, 0x21, 0x18, 0x01, 0x86, 0xA3, 0xF1, 0x51, 0xF5, 0x6C,
    0x22, 0xA1, 0xCF, 0x59, 0x31, 0x69, 0x3D, 0x41, 0x6F, 0x02, 0xDE, 0x04, 0xBB, 0x09, 0x74, 0x13,
    0xE4, 0x26, 0xC0, 0x4D, 0x4A, 0x8C, 0xC0, 0x36, 0x41, 0x6D, 0x06, 0xB4, 0x09, 0x66, 0x1B, 0x20,
    0x1B, 0xA4, 0x87, 0xBD, 0xE3, 0x83, 0xF6, 0x5E, 0xBC, 0x08, 0x7D, 0x11, 0x70, 0x2D, 0x12, 0x55,
    0x4D, 0x5C, 0x13, 0x55, 0x84, 0x6E, 0x44, 0x6E, 0x04, 0x6E, 0xC4, 0x6D, 0xDA, 0xD8, 0x5D, 0x40,
    0x1B, 0x31, 0xDB, 0x41, 0xC8, 0xE6, 0x55, 0x6B, 0x98, 0xE2, 0x0E, 0x6F, 0xA7, 0xA9, 0x4B, 0x66,
    0xBF, 0x24, 0x84, 0x1B, 0x13, 0xC1, 0xD5, 0x04, 0x70, 0x9C, 0x6F, 0x89, 0x49, 0xE2, 0x04, 0x6D,
    0xB5, 0x62, 0xC0, 0x9B, 0x60, 0x37, 0x81, 0x6E, 0x82, 0xDC, 0x04, 0xB8, 0x09, 0x6E, 0x13, 0xD8,
    0x26, 0xA8, 0x4D, 0x40, 0x9B, 0x60, 0x36, 0x81, 0x6C, 0x87, 0x10, 0xDB, 0xB2, 0x0B, 0xE3, 0xBC,
    0x5E, 0xE2, 0xE3, 0xFD, 0x5A, 0x44, 0xF4, 0x46, 0xF0, 0x46, 0xEC, 0x16, 0x9A, 0x7F, 0x35, 0x81,
    0x1B, 0x71, 0x1B, 0xD5, 0x93, 0x7F, 0x00, 0x6D, 0xC4, 0x6C, 0x84, 0x6C, 0x44, 0x6C, 0x53, 0xC0,
    0xF6, 0xF4, 0x06, 0xD5, 0xA0, 0xD1, 0x36, 0x79, 0xC6, 0xD5, 0xE2, 0x36, 0x5C, 0x1A, 0x1C, 0x9C,
    0xEA, 0xDC, 0xD1, 0xA9, 0x16, 0x02, 0xF7, 0x1D, 0xDB, 0x33, 0xB6, 0x8C, 0x81, 0xA3, 0x92, 0xA0,
    0x54, 0xCB, 0x7E, 0xFE, 0xE0, 0x2A, 0x2A, 0x09, 0x89, 0x56, 0x3C, 0x87, 0xE1, 0xB9, 0x47, 0xA4,
    0x62, 0x80, 0xC9, 0x09, 0xB6, 0xCE, 0xE2, 0x7C, 0x7B, 0xDE, 0x2A, 0xF2, 0x75, 0xF9, 0x34, 0xB3,
    0xC1, 0xFE, 0x12, 0xFB, 0x65, 0xFA, 0x48, 0xF4, 0x0C, 0xF0, 0xAD, 0xF7, 0x71, 0x2E, 0xF9, 0x44,
    0x6D, 0x4C, 0xF5, 0x3C, 0x3D, 0x07, 0x3D, 0x1D, 0x49, 0x6F, 0xD2, 0x47, 0x50, 0x57, 0xF5, 0xC2,
    0xA3, 0x71, 0x65, 0x04, 0x4D, 0xA0, 0x91, 0x72, 0x99, 0x84, 0x2F, 0xCF, 0xD7, 0x95, 0xC7, 0x77,
    0x51, 0x7C, 0x50, 0x07, 0x3F, 0xD2, 0x6A, 0x51, 0xD2, 0xB4, 0x4D, 0xD9, 0x23, 0x5D, 0xBA, 0xBA,
    0x40, 0xC6, 0x4A, 0xA4, 0x2E, 0x24, 0x29, 0x32, 0xD3, 0xCF, 0x81, 0xB9, 0x3F, 0xAE, 0xD9, 0xF2,
    0x0E, 0xAF, 0xCD, 0x75, 0x96, 0x2D, 0x58, 0xC9, 0xE1, 0x99, 0xF1, 0xC7, 0x35, 0xD6, 0x80, 0xEB,
    0x18, 0xFC, 0xB4, 0x3E, 0x8A, 0x1A, 0x17, 0xA1, 0x70, 0x1C, 0xB7, 0xEB, 0x78, 0x0D, 0xD6, 0x3B,
    0x1F, 0x96, 0x6A, 0x35, 0x48, 0xE7, 0x52, 0xEB, 0xAC, 0x76, 0xEE, 0xDE, 0x9B, 0x03, 0xBC, 0xC8,
    0xF6, 0x87, 0x95, 0x23, 0xA9, 0xE0, 0x31, 0xB4, 0xFB, 0xE9, 0x5E, 0x2A, 0x99, 0xD2, 0x6B, 0x4C,
    0x55, 0xF1, 0x6A, 0x35, 0x27, 0xED, 0xCC, 0x0C, 0xB9, 0x39, 0xA4, 0xD3, 0xCF, 0x80, 0xE2, 0x99,
    0xC4, 0xB6, 0xF4, 0x1E, 0x73, 0xFE, 0x5A, 0x8F, 0x6E, 0x54, 0xA9, 0xBF, 0x4D, 0x48, 0x04, 0x38,
    0x37, 0x3B, 0xF5, 0x2C, 0x64, 0x78, 0x4F, 0xAA, 0x41, 0x68, 0x8A, 0xC2, 0x8A, 0xE9, 0x4F, 0xCE,
    0x05, 0xD2, 0xEE, 0x35, 0xE1, 0x9D, 0x4D, 0x26, 0x3F, 0x01, 0xAA, 0x01, 0xFB, 0x6B, 0x18, 0x64,
    0x73, 0x8B, 0x07, 0x59, 0x04, 0xBB, 0x8A, 0xD0, 0xDD, 0xAD, 0x5C, 0xC2, 0x29, 0xBF, 0x1C, 0xB5,
    0x8E, 0xBE, 0x75, 0xA9, 0x4C, 0x26, 0x68, 0xF6, 0xA6, 0x85, 0x2F, 0x91, 0x16, 0x21, 0x9B, 0xC6,
    0xDA, 0xB1, 0xDD, 0xC5, 0xBF, 0xA2, 0xDE, 0xF6, 0x99, 0x4E, 0xA1, 0xF1, 0x18, 0x90, 0xB2, 0x0E,
    0x1A, 0xEA, 0x1C, 0x55, 0xD0, 0x3A, 0x8F, 0xA9, 0x73, 0x9A, 0xFC, 0xBD, 0x63, 0x1F, 0x88, 0x29,
    0xA1, 0xFD, 0x9F, 0xA4, 0x07, 0x24, 0xE4, 0x70, 0x75, 0xFE, 0x18, 0x6C, 0x90, 0x94, 0x3F, 0x44,
    0xF7, 0x17, 0xDD, 0x45, 0xFB, 0xD0, 0xFA, 0xFA, 0x90, 0x21, 0x0A, 0x4C, 0x15, 0xDC, 0x2D, 0xC8,
    0xD5, 0xC4, 0x0D, 0x0A, 0x31, 0x7A, 0x0D, 0xAC, 0xE6, 0x5C, 0x94, 0x10, 0xB4, 0x9A, 0x54, 0x03,
    0xCC, 0xCB, 0xCA, 0x63, 0x7B, 0x17, 0x51, 0xC4, 0x75, 0x93, 0xE5, 0x8E, 0x36, 0x7D, 0x3F, 0x6C,
    0xAE, 0xE1, 0xE1, 0x67, 0x26, 0x29, 0x3B, 0x63, 0xE5, 0xF7, 0x5B, 0x30, 0x49, 0xA1, 0x77, 0xF7,
    0xEF, 0xEF, 0x40, 0xB5, 0x5F, 0xBF, 0x58, 0x63, 0x61, 0xDF, 0x05, 0x8A, 0xF9, 0x43, 0x9B, 0xAA,
    0xC4, 0xC5, 0x4F, 0xAE, 0x12, 0x43, 0x4D, 0xC0, 0x2E, 0xA9, 0x77, 0x7D, 0xF2, 0x29, 0x2F, 0xB3,
    0x99, 0xA4, 0xD6, 0xBF, 0x25, 0x41, 0xC0, 0xC9, 0xDD, 0xFE, 0x4D, 0x82, 0x17, 0xE2, 0x23, 0xDA,
    0x32, 0xF8, 0xEC, 0x12, 0xEC, 0xE6, 0xFC, 0xEA, 0x8E, 0x3A, 0x8F, 0x4E, 0x1E, 0xB1, 0x18, 0xA2,
    0x9B, 0x47, 0xBF, 0xAD, 0x16, 0xF5, 0x14, 0x6E, 0xBE, 0x4D, 0x0E, 0x46, 0x7A, 0x6C, 0x69, 0xB0,
    0xC3, 0x7A, 0x2E, 0x5A, 0xB2, 0xD9, 0x07, 0x5A, 0x96, 0x36, 0xE5, 0x1B, 0xB4, 0xA4, 0xBC, 0x15,
    0x93, 0xE5, 0x1D, 0xCE, 0x5B, 0xD4, 0xFB, 0xE8, 0x7C, 0xBE, 0xEA, 0x2B, 0xFC, 0xF8, 0xBC, 0xF2,
    0x6B, 0xAA, 0x5F, 0xDE, 0xAB, 0xBE, 0x8A, 0xE4, 0xD2, 0xE0, 0x46, 0x39, 0xAC, 0x4A, 0xE5, 0x76,
    0x33, 0x7D, 0xFE, 0x6B, 0xD2, 0xE5, 0x3F, 0x4F, 0x96, 0xA7, 0xF1, 0xA4, 0xC3, 0x47, 0x4A, 0x85,
    0xFE, 0x24, 0x8F, 0xE2, 0xEA, 0x1D, 0x0A, 0x7D, 0x5D, 0x44, 0x97, 0x1B, 0x64, 0x06, 0x76, 0x69,
    0xDE, 0xB2, 0x78, 0x5D, 0x70, 0x58, 0x40, 0xED, 0xB4, 0xDF, 0x11, 0xC7, 0x7A, 0x82, 0x64, 0x5D,
    0x83, 0x90, 0x70, 0x4B, 0xA0, 0x59, 0xE8, 0x0D, 0x3C, 0x1B, 0xD9, 0x46, 0x2D, 0x00, 0xF6, 0xF7,
    0x6E, 0xA2, 0xE5, 0x66, 0x74, 0x9B, 0x80, 0x0E, 0x10, 0x96, 0x0B, 0x16, 0x09, 0xF3, 0x23, 0xB6,
    0x55, 0x6E, 0xB7, 0xB0, 0xE9, 0x75, 0x71, 0xEF, 0x75, 0x01, 0x9C, 0x12, 0xA5, 0x7E, 0xBB, 0xA3,
    0x82, 0xDB, 0x48, 0x0C, 0x5F, 0xE3, 0x8D, 0x6A, 0x10, 0x7D, 0x09, 0xA0, 0x7B, 0x1D, 0xFC, 0xC7,
    0x35, 0xC1, 0x8C, 0x69, 0x92, 0x67, 0x75, 0x96, 0x8E, 0x9A, 0x87, 0x8D, 0x6E, 0x19, 0x4A, 0xC8,
    0x54, 0x43, 0x25, 0x14, 0x3B, 0x8A, 0x63, 0x89, 0xF0, 0xBF, 0x2D, 0xBC, 0x25, 0x3E, 0xA2, 0xCD,
    0x89, 0xD5, 0x89, 0x52, 0xC2, 0xC9, 0x94, 0xEC, 0x18, 0x10, 0xE2, 0x3E, 0x37, 0xF3, 0xA8, 0x74,
    0x33, 0x79, 0x28, 0xB5, 0xB9, 0xE8, 0xE1, 0xE8, 0xEA, 0xE7, 0x3B, 0xA6, 0x2F, 0x64, 0x80, 0xDB,
    0xAE, 0xB0, 0xC0, 0x24, 0xCC, 0xC0, 0x60, 0xFC, 0xC0, 0x40, 0x56, 0x6E, 0x19, 0x92, 0xEB, 0x13,
    0xD2, 0x40, 0x24, 0x8E, 0x10, 0x31, 0x0B, 0x45, 0x39, 0x65, 0xA4, 0xC2, 0x66, 0x07, 0x6F, 0xF2,
    0x23, 0x64, 0x3E, 0x92, 0x8F, 0x74, 0x1A, 0xD0, 0x64, 0x4F, 0x0D, 0x50, 0x17, 0x09, 0xD7, 0x7F,
    0x9F, 0x64, 0x4F, 0x6A, 0xB8, 0x0F, 0x96, 0x6E, 0xE0, 0x6F, 0xDE, 0x5F, 0xEB, 0xD6, 0xFD, 0xEC,
    0xA5, 0xCA, 0xC3, 0x1C, 0x6E, 0x3A, 0x33, 0x47, 0x0C, 0x5D, 0x93, 0xDE, 0x32, 0x57, 0x03, 0xC3,
    0x65, 0xDE, 0x27, 0xF1, 0xF7, 0x15, 0x24, 0xDB, 0x09, 0x22, 0x37, 0x7B, 0x63, 0x3C, 0x6D, 0x57,
    0xEE, 0x37, 0x0F, 0xF8, 0x1B, 0x15, 0x59, 0x85, 0xE5, 0x3D, 0x36, 0x6C, 0x16, 0x0B, 0x99, 0x70,
    0x94, 0x43, 0xCB, 0x58, 0xDD, 0xBF, 0x65, 0xD4, 0x06, 0x50, 0x93, 0xAD, 0x31, 0xE4, 0xE9, 0xFF,
    0x21, 0x69, 0x2B, 0x32, 0xF3, 0x25, 0x22, 0x1B, 0x0E, 0x27, 0x6A, 0x2D, 0x3B, 0xF6, 0xDD, 0xA0,
    0x68, 0x13, 0x1B, 0x8F, 0xA3, 0x81, 0x78, 0xB4, 0x9D, 0xFD, 0xD0, 0xC5, 0x3E, 0x62, 0x6A, 0x76,
    0x48, 0x0B, 0x83, 0x64, 0x6C, 0x6E, 0xE0, 0x81, 0x23, 0xAC, 0x6A, 0x26, 0x73, 0x1F, 0x9E, 0xFC,
    0x88, 0xAA, 0x9A, 0xD6, 0xAF, 0x8A, 0x35, 0xB6, 0xFA, 0xE7, 0xE4, 0xEF, 0xB0, 0x91, 0x65, 0xC9,
    0x85, 0x53, 0x58, 0x3E, 0x57, 0x52, 0x94, 0x6C, 0x06, 0xA9, 0x21, 0xBC, 0x79, 0x74, 0x27, 0x16,
    0xCF, 0x75, 0x31, 0xA6, 0xC9, 0x2E, 0xBC, 0xD4, 0xF9, 0x08, 0x62, 0x84, 0xCD, 0x98, 0x71, 0xA4,
    0xB1, 0x14, 0xCD, 0x11, 0x01, 0x22, 0xC4, 0x6E, 0xD8, 0x60, 0x71, 0x92, 0xD9, 0x6D, 0xE0, 0x71,
    0xCF, 0x30, 0x63, 0xAC, 0x68, 0xDE, 0x04, 0xAB, 0x80, 0x1C, 0x4D, 0xD1, 0xDF, 0x4B, 0x2D, 0xB6,
    0x04, 0x19, 0xA3, 0x3B, 0x0C, 0x24, 0xEF, 0xEB, 0x1C, 0x92, 0x61, 0x79, 0x60, 0xFD, 0xFA, 0x34,
    0xAA, 0x62, 0x38, 0x08, 0xFF, 0x9C, 0xE4, 0xB2, 0x2B, 0x96, 0x2B, 0x61, 0x69, 0x85, 0xA2, 0x66,
    0x36, 0x91, 0x8D, 0x2A, 0x6E, 0xA5, 0x19, 0x26, 0x97, 0x2E, 0x14, 0x22, 0x9A, 0x8A, 0x15, 0x82,
    0x2B, 0xB5, 0x30, 0x1E, 0xB2, 0xFB, 0x61, 0xD4, 0x32, 0x4A, 0x99, 0x85, 0x63, 0xC6, 0xA8, 0x17,
    0x82, 0x57, 0x97, 0x07, 0x39, 0x70, 0x06, 0xB0, 0x40, 0x1F, 0xC7, 0x84, 0xEF, 0xB9, 0x69, 0x24,
    0x91, 0x0B, 0x35, 0x4C, 0xA8, 0xE1, 0x41, 0x2D, 0x0B, 0x2A, 0x3C, 0xAF, 0x21, 0x79, 0x0D, 0xFF,
    0x69, 0xD8, 0x4F, 0xC3, 0xED, 0x1A, 0x62, 0xD7, 0xB0, 0xBA, 0x86, 0xD2, 0x15, 0xCE, 0xD3, 0x30,
    0x9E, 0x86, 0xEF, 0x34, 0x6C, 0xA7, 0xE1, 0x3A, 0x0D, 0xD3, 0x39, 0x4B, 0xDF, 0xBA, 0xD3, 0x86,
    0xF2, 0xC4, 0x0C, 0x57, 0x29, 0x4C, 0xA5, 0xE1, 0x29, 0x85, 0xA5, 0x24, 0x47, 0x29, 0x0C, 0xA5,
    0xF0, 0x93, 0xC6, 0x07, 0xA6, 0xDA, 0xD5, 0x24, 0xC1, 0x2A, 0xE1, 0xC0, 0x60, 0x45, 0x72, 0x92,
    0xC2, 0x48, 0x4E, 0xB1, 0xD7, 0x78, 0x58, 0xB3, 0x51, 0x39, 0x54, 0xB6, 0x27, 0x07, 0xC6, 0xDB,
    0x7F, 0x03, 0x46, 0xF2, 0x3D, 0x0E, 0xCF, 0xA7, 0x16, 0x17, 0x11, 0xBC, 0xD8, 0x96, 0x85, 0xC3,
    0x2A, 0x5B, 0x9B, 0xB7, 0x99, 0x77, 0xC9, 0x9B, 0x9B, 0x6E, 0x85, 0x6B, 0x99, 0x8B, 0x5D, 0x9D,
    0xDD, 0x2B, 0xF6, 0xBB, 0x95, 0xE8, 0xBE, 0xDD, 0x8A, 0x64, 0xF6, 0x90, 0xF9, 0x95, 0xB7, 0xB1,
    0x1F, 0x71, 0x47, 0x0A, 0x36, 0x7D, 0x02, 0x36, 0x5E, 0x5A, 0x36, 0x7F, 0xCF, 0xAF, 0x7B, 0x19,
    0x78, 0x57, 0x33, 0xBF, 0xDB, 0xDA, 0x9A, 0xAA, 0xBE, 0x53, 0xBD, 0x8C, 0x15, 0xB2, 0x9F, 0x8A,
    0x38, 0x23, 0xE1, 0xC3, 0xEE, 0x6B, 0x24, 0x43, 0x08, 0xFA, 0x95, 0xA5, 0xB0, 0x64, 0xF2, 0x56,
    0x85, 0xE4, 0xF3, 0x65, 0x7E, 0x00, 0x54, 0x65, 0x04, 0x55, 0x9A, 0x14, 0xF8, 0x3F, 0x00, 0xAA,
    0x02, 0x82, 0xAA, 0x13, 0x04, 0x55, 0x67, 0x08, 0xAA, 0x1A, 0x80, 0xAA, 0xEB, 0x25, 0x40, 0xD5,
    0xAB, 0xF0, 0x4F, 0xF6, 0x47, 0x66, 0x78, 0x4A, 0x94, 0x30, 0xDB, 0x46, 0xCD, 0x00, 0xAA, 0x42,
    0x82, 0xAA, 0x53, 0xCE, 0x94, 0xF5, 0x3E, 0x1C, 0x0E, 0x3F, 0x56, 0xCE, 0x5B, 0xB0, 0x94, 0xC6,
    0xAA, 0x67, 0x8E, 0x8E, 0x30, 0x5B, 0xD2, 0x46, 0xF5, 0x97, 0x6D, 0xFC, 0xC1, 0x8D, 0x36, 0xB9,
    0xF1, 0x42, 0x93, 0xFC, 0x1B, 0x9F, 0x74, 0x51, 0x9D, 0xD0, 0x04, 0x55, 0x96, 0x86, 0x77, 0x71,
    0x7F, 0x2D, 0x5B, 0xD0, 0x12, 0xC8, 0xF6, 0xD5, 0x31, 0x4E, 0xCF, 0x83, 0x69, 0x55, 0x11, 0x99,
    0x11, 0xFF, 0xF7, 0xD5, 0x11, 0x34, 0xE3, 0x5E, 0x0B, 0x2B, 0x76, 0x68, 0xAA, 0xD6, 0xD0, 0x27,
    0x84, 0xD6, 0x85, 0x73, 0x08, 0x63, 0xA6, 0x37, 0x97, 0xC0, 0xC0, 0xFF, 0x27, 0x77, 0x1C, 0x49,
    0xF1, 0x3C, 0x7C, 0x62, 0x81, 0xC1, 0x8E, 0xEC, 0x21, 0xBA, 0x6C, 0xFB, 0x73, 0xA2, 0x4B, 0xE2,
    0xD7, 0x49, 0x3A, 0xBE, 0xD7, 0x90, 0xA3, 0x60, 0x9C, 0x5F, 0x5E, 0xDD, 0x6F, 0xB9, 0x04, 0xB0,
    0x5D, 0x22, 0x56, 0x03, 0x2B, 0x0A, 0xDF, 0x97, 0x4C, 0x21, 0xA5, 0xC1, 0xD9, 0xB2, 0x3C, 0x4C,
    0x75, 0x26, 0x6C, 0xCD, 0x2E, 0xAC, 0xCF, 0x6C, 0xD6, 0x99, 0x1D, 0xBB, 0x5E, 0x1D, 0x63, 0xDA,
    0x5F, 0xA6, 0xDC, 0x6B, 0xDC, 0x6C, 0x14, 0x80, 0x65, 0x52, 0x49, 0xF8, 0x7E, 0xA3, 0xFC, 0x4F,
    0x5A, 0x24, 0x79, 0x64, 0xD6, 0x73, 0x16, 0x15, 0x2C, 0xBE, 0x29, 0xB0, 0xC0, 0x6B, 0x0A, 0x44,
    0x60, 0xA6, 0x62, 0x4B, 0x62, 0x15, 0x28, 0x47, 0x02, 0xCC, 0xD6, 0xF7, 0x77, 0x22, 0xA0, 0xD9,
    0xB3, 0x2A, 0x41, 0x93, 0x75, 0xE8, 0x49, 0x09, 0x01, 0x0E, 0x05, 0xD5, 0x40, 0x23, 0xA6, 0xDC,
    0xF2, 0xD4, 0x51, 0xE8, 0x22, 0x4B, 0x86, 0xF8, 0x9E, 0x7E, 0xF9, 0x8D, 0xF5, 0xCB, 0x03, 0xEA,
    0xE2, 0xDD, 0xC6, 0xBD, 0xC7, 0xD8, 0x10, 0x79, 0x05, 0xF7, 0x5C, 0xB2, 0x71, 0x3B, 0xBF, 0x2D,
    0x9B, 0x24, 0x2A, 0xA3, 0xD7, 0x2A, 0xFF, 0x83, 0xC6, 0xA9, 0xB7, 0xA5, 0xB3, 0x48, 0x1D, 0x41,
    0xAF, 0x33, 0x9B, 0x34, 0x29, 0x4D, 0xA0, 0x19, 0xD0, 0x8E, 0xFC, 0x97, 0xF2, 0xBB, 0xBF, 0x64,
    0xF9, 0x01, 0x1B, 0xE2, 0xF0, 0xF9, 0x52, 0x9D, 0x72, 0xCB, 0x39, 0x8B, 0x87, 0xA9, 0x3D, 0x5D,
    0x86, 0xBF, 0xA8, 0x9E, 0x50, 0xD5, 0xB7, 0xDB, 0x51, 0x8A, 0x6E, 0xB0, 0x27, 0xFA, 0xB0, 0x21,
    0xF9, 0xCB, 0xDA, 0xF0, 0xF6, 0xA9, 0x23, 0xDB, 0x51, 0xF2, 0xFF, 0x3B, 0x36, 0x61, 0xBD, 0x83,
    0x07, 0x3C, 0x96, 0x2D, 0xAB, 0xF9, 0xC0, 0x3B, 0x4A, 0x66, 0x0B, 0x39, 0xEB, 0x6C, 0x68, 0x3B,
    0xD5, 0x89, 0xA3, 0xDB, 0x22, 0xBB, 0x6F, 0x7C, 0x3F, 0xA8, 0x42, 0x21, 0x9D, 0xE3, 0xDD, 0x1E,
    0x5B, 0x85, 0xD4, 0xEA, 0xF2, 0xEC, 0x23, 0x3E, 0xE8, 0xBA, 0x28, 0x70, 0x6C, 0x41, 0x94, 0x6C,
    0xE7, 0xC6, 0x95, 0xD9, 0xD3, 0xAD, 0xCD, 0x53, 0x46, 0xE0, 0xC6, 0x2D, 0xC3, 0x53, 0xBC, 0xCC,
    0x5E, 0x9C, 0xED, 0x0E, 0xE9, 0x1D, 0xB0, 0x3B, 0x7C, 0xD0, 0x81, 0x2D, 0x22, 0xBA, 0x27, 0x84,
    0xD5, 0x7A, 0x51, 0xA1, 0x0A, 0x9B, 0xDD, 0x6B, 0x3A, 0xC7, 0xA5, 0x73, 0xAE, 0x60, 0x8F, 0xE5,
    0x84, 0x71, 0xCE, 0xC2, 0xC6, 0xF1, 0x34, 0xEA, 0x0A, 0x34, 0x73, 0x1F, 0x37, 0xC0, 0x72, 0xB5,
    0xD7, 0x7B, 0x39, 0x11, 0x0F, 0xD5, 0x96, 0x67, 0x49, 0xBE, 0xA1, 0xDD, 0x55, 0x33, 0x6D, 0x96,
    0xF4, 0x62, 0xEF, 0x90, 0x5F, 0xAE, 0x97, 0x8E, 0x42, 0x0F, 0x11, 0x2E, 0xDE, 0xF7, 0x89, 0x7A,
    0x70, 0x3D, 0x26, 0x89, 0xE4, 0x05, 0x72, 0x1D, 0x58, 0xD3, 0xCA, 0xBB, 0x56, 0x1F, 0xD9, 0xBE,
    0x5E, 0x70, 0x13, 0x4F, 0x1E, 0x80, 0x0A, 0x11, 0xA7, 0xAC, 0x04, 0x6A, 0x4E, 0x9B, 0x5D, 0x92,
    0xDB, 0x69, 0x57, 0xB7, 0x06, 0x3D, 0xE8, 0xE5, 0x67, 0x8E, 0x6E, 0xA3, 0xD2, 0xB5, 0xE9, 0x71,
    0x19, 0xA6, 0x3C, 0x69, 0xD2, 0xE3, 0x03, 0x2B, 0x14, 0xA0, 0xB9, 0x2D, 0xFE, 0xD2, 0x3A, 0x78,
    0xD0, 0xC8, 0x6B, 0xDD, 0xB1, 0xD7, 0x3A, 0xC2, 0x43, 0x10, 0x67, 0xB8, 0x04, 0x90, 0xAC, 0x46,
    0xB1, 0xA6, 0x28, 0xEC, 0xC5, 0xAA, 0x1F, 0x40, 0x81, 0xF3, 0xA8, 0x3D, 0xA8, 0x3F, 0x40, 0x03,
    0x71, 0x9E, 0x7C, 0x56, 0xA8, 0x60, 0x90, 0x72, 0xC3, 0x10, 0x67, 0x6C, 0x6B, 0xB9, 0xE1, 0xE9,
    0x72, 0x1D, 0x1C, 0xBF, 0xA8, 0x08, 0x34, 0x82, 0x9A, 0xF4, 0x74, 0x82, 0x48, 0x79, 0xCA, 0xEC,
    0x89, 0xEB, 0xCA, 0xE6, 0x98, 0x4E, 0x7D, 0x0F, 0x98, 0x74, 0x07, 0x17, 0x5E, 0xC5, 0x3B, 0xFB,
    0x33, 0xE8, 0x4D, 0xBB, 0xA2, 0x9D, 0x0D, 0xBB, 0xD3, 0x81, 0x7B, 0x71, 0x4D, 0x3D, 0x2E, 0x7B,
    0xB5, 0x00, 0x35, 0xD1, 0xE7, 0xFA, 0x52, 0xB9, 0x02, 0x81, 0xCB, 0x55, 0x0E, 0x67, 0xD0, 0xBA,
    0xE6, 0xF6, 0x29, 0xA1, 0x76, 0xC8, 0x69, 0xD3, 0x8E, 0x5F, 0x1C, 0x16, 0x97, 0x07, 0x2B, 0x72,
    0x6E, 0xF9, 0xAC, 0x45, 0xF6, 0xF6, 0xD1, 0xD4, 0xCC, 0x1B, 0x03, 0xF9, 0xE7, 0xF2, 0x7A, 0x3E,
    0xC5, 0x88, 0x47, 0xB5, 0xEC, 0xC3, 0x98, 0x68, 0x5B, 0x62, 0x08, 0xBD, 0x81, 0x9F, 0xFB, 0x93,
    0x75, 0xF3, 0xC0, 0x13, 0x9C, 0xED, 0xCB, 0x23, 0x76, 0xD3, 0x22, 0x82, 0xE4, 0xA8, 0x4B, 0x5F,
    0xB0, 0xD5, 0x42, 0xCA, 0xB6, 0x2F, 0x62, 0x87, 0xA0, 0x7E, 0x34, 0x4C, 0xB1, 0xC8, 0xD9, 0xE2,
    0xFF, 0xF4, 0x4C, 0xAD, 0x9A, 0x94, 0x16, 0xE4, 0xB8, 0x62, 0xBA, 0x78, 0x3D, 0x00, 0x74, 0x0A,
    0xBE, 0x48, 0x60, 0x1F, 0x49, 0x71, 0x14, 0xB5, 0xA4, 0x29, 0x99, 0x0E, 0xD2, 0x3D, 0x85, 0xD2,
    0xE0, 0x09, 0x1D, 0x0D, 0x51, 0xF9, 0x20, 0x86, 0x43, 0xA7, 0x65, 0xCC, 0x7F, 0x6F, 0x19, 0xB9,
    0xB1, 0x65, 0x14, 0x7D, 0x51, 0xAB, 0xB3, 0x90, 0xF4, 0x0A, 0x2E, 0xDC, 0xE1, 0xC5, 0xBE, 0x7D,
    0x96, 0x0D, 0x75, 0x93, 0x2D, 0xE3, 0x69, 0x9A, 0x23, 0xB6, 0x2C, 0x62, 0x64, 0xD7, 0xB2, 0x7D,
    0x16, 0x8C, 0x6D, 0x21, 0x9A, 0x63, 0xB6, 0xD5, 0x67, 0x67, 0xF6, 0x85, 0x82, 0x94, 0xDC, 0xB8,
    0xF7, 0xAF, 0x5A, 0x80, 0x69, 0x3E, 0x6D, 0xBC, 0xD4, 0x3E, 0x49, 0x61, 0x28, 0x0A, 0x43, 0x50,
    0x18, 0x7A, 0xC2, 0x90, 0x13, 0x86, 0x9A, 0x30, 0xC4, 0x84, 0xA1, 0x25, 0x0C, 0xE6, 0x21, 0x25,
    0x21, 0x3C, 0xD6, 0xD8, 0xD0, 0x11, 0x96, 0xC1, 0x12, 0x2A, 0xC2, 0x10, 0x11, 0x54, 0x1C, 0xF7,
    0x18, 0xF5, 0x3F, 0xCB, 0xF8, 0x7C, 0xD9, 0x7B, 0x43, 0xAF, 0xE9, 0x95, 0x3B, 0xCA, 0xFD, 0xAF,
    0x65, 0x4E, 0xCD, 0x73, 0x37, 0x5C, 0x26, 0x8B, 0xF7, 0xD0, 0xEA, 0xC7, 0x41, 0x7D, 0x15, 0xA0,
    0xEC, 0xBE, 0x68, 0x3D, 0x24, 0x44, 0xBF, 0x0B, 0xDA, 0x60, 0x7C, 0x60, 0xDD, 0xC8, 0xAA, 0x11,
    0xB4, 0x2B, 0xEB, 0x26, 0xD6, 0xE8, 0x3B, 0x84, 0xFF, 0xFA, 0x1F, 0x65, 0x54, 0xBF, 0x8F, 0x1B,
    0x45, 0x14, 0xFE, 0xD6, 0x6B, 0x7B, 0x93, 0x5B, 0x29, 0x7B, 0x85, 0x0F, 0x8E, 0xE4, 0xEE, 0xF6,
    0x0A, 0x0B, 0x45, 0x39, 0xDB, 0x7B, 0xC5, 0x21, 0x39, 0xB0, 0xE7, 0x9D, 0x06, 0x21, 0x84, 0x10,
    0x16, 0xCA, 0x51, 0xBB, 0x48, 0x75, 0x29, 0x70, 0xB1, 0x91, 0x8C, 0x70, 0xD8, 0x81, 0x86, 0xD6,
    0x7F, 0x82, 0x8B, 0x03, 0x81, 0x85, 0x60, 0x8B, 0x4B, 0x74, 0x42, 0x49, 0x76, 0x44, 0x43, 0x41,
    0x33, 0xC9, 0x5F, 0xB0, 0x12, 0xA1, 0x08, 0xD5, 0x20, 0x1D, 0xC8, 0x02, 0xDB, 0xC3, 0x9B, 0xB5,
    0xC9, 0x0F, 0x31, 0xD6, 0x8C, 0xE7, 0xED, 0xCC, 0x7C, 0xEF, 0xCD, 0xF7, 0xBE, 0x37, 0x40, 0xC2,
    0x7C, 0xE1, 0x48, 0x2B, 0x07, 0xEC, 0xA9, 0x97, 0x07, 0x6C, 0x00, 0x6A, 0xA5, 0x05, 0x5C, 0x8D,
    0xC0, 0xE3, 0x83, 0x92, 0x20, 0xD3, 0x93, 0x69, 0xF4, 0x77, 0x7E, 0x57, 0x8B, 0x51, 0x8B, 0xAC,
    0x6C, 0x91, 0xCD, 0xE9, 0x2F, 0xD2, 0x2C, 0xD2, 0x66, 0x73, 0xEA, 0xE2, 0xCE, 0x1D, 0x44, 0x53,
    0xB8, 0x92, 0xAC, 0x84, 0x65, 0x3C, 0x41, 0xD9, 0x2C, 0xB4, 0x6C, 0x19, 0xB9, 0x79, 0xE4, 0xC8,
    0xB2, 0xC5, 0x2E, 0xB3, 0x4C, 0x7E, 0x98, 0xDB, 0xD2, 0x67, 0x0D, 0xB3, 0x84, 0x40, 0x9E, 0xA6,
    0x69, 0xFF, 0x34, 0x8D, 0x64, 0x61, 0xBA, 0xBF, 0x9E, 0x7B, 0x5F, 0xCA, 0x8E, 0xC7, 0x4E, 0x43,
    0x63, 0x0E, 0x1C, 0xD1, 0x89, 0xE0, 0xCD, 0xE0, 0x2A, 0x34, 0x1B, 0x61, 0x7B, 0xFD, 0xD2, 0xF6,
    0x76, 0xA3, 0x19, 0x86, 0x61, 0x6D, 0xDD, 0x78, 0xFE, 0x40, 0x78, 0x3F, 0xE7, 0xF6, 0x23, 0x05,
    0x65, 0xA2, 0xA5, 0xD8, 0x6D, 0x85, 0x52, 0x8E, 0xD8, 0x61, 0x9D, 0x8F, 0x11, 0xCC, 0x50, 0x1D,
    0x19, 0xC8, 0xF3, 0x60, 0x3E, 0x68, 0x8D, 0x5D, 0x8C, 0x5D, 0xD9, 0xC4, 0x10, 0x0F, 0x91, 0x21,
    0xC1, 0x6B, 0x70, 0xA4, 0xA7, 0x3C, 0x65, 0xAB, 0x52, 0x6E, 0x8B, 0x0E, 0x76, 0xE1, 0xB2, 0x48,
    0x24, 0xE2, 0x33, 0x0C, 0x10, 0xC2, 0x47, 0xE9, 0x7F, 0xEB, 0x74, 0x61, 0x04, 0xDC, 0x15, 0x16,
    0x45, 0x6A, 0xCF, 0xFE, 0xA3, 0xC8, 0x12, 0x7B, 0x22, 0xE2, 0x36, 0xB3, 0x68, 0xDE, 0xC6, 0x9B,
    0x2C, 0x62, 0x7D, 0x73, 0xF9, 0x45, 0x32, 0x27, 0x18, 0xF3, 0x1B, 0xE0, 0xA6, 0x21, 0xCE, 0xCB,
    0x9D, 0x02, 0xA7, 0x0B, 0x0B, 0x01, 0x7D, 0xEC, 0x53, 0xDF, 0x22, 0x2F, 0x36, 0x5C, 0x24, 0x84,
    0x78, 0xCC, 0xBF, 0xE7, 0x5B, 0xB8, 0x5A, 0x90, 0x60, 0xB3, 0x57, 0x59, 0x94, 0xAF, 0xE1, 0x22,
    0x8E, 0x47, 0x93, 0x11, 0x6A, 0x04, 0x7C, 0x80, 0x78, 0x43, 0x45, 0x79, 0xC0, 0xB1, 0x34, 0x30,
    0x60, 0x89, 0x08, 0x58, 0x05, 0x11, 0x4F, 0x78, 0x84, 0x25, 0x95, 0x44, 0xB3, 0x43, 0x34, 0xE7,
    0x44, 0xF3, 0xCB, 0xC4, 0x56, 0x98, 0xCF, 0x3B, 0x14, 0x4B, 0xCF, 0x80, 0x73, 0x47, 0x61, 0x8A,
    0xE9, 0x2D, 0x95, 0x70, 0x97, 0x1F, 0xE2, 0x3E, 0x66, 0xC8, 0xF2, 0x40, 0x6E, 0x37, 0xC2, 0xB0,
    0x20, 0x55, 0xAB, 0xC3, 0x23, 0xB5, 0x8F, 0xB4, 0x87, 0xEE, 0x3A, 0x63, 0xBD, 0x9F, 0xF8, 0xA7,
    0xFF, 0x60, 0xB3, 0x08, 0xEC, 0xCC, 0x35, 0xD9, 0xF0, 0x67, 0xF0, 0xD4, 0x0B, 0xE2, 0x78, 0x6F,
    0x25, 0x8E, 0x67, 0xAC, 0x3B, 0x79, 0xC1, 0x7A, 0x64, 0x58, 0x5F, 0xA3, 0xA9, 0x73, 0x7E, 0xD5,
    0x5B, 0x9C, 0x36, 0x13, 0x55, 0x77, 0xB9, 0xE1, 0x46, 0x13, 0x3D, 0xB8, 0x36, 0xF9, 0x26, 0xD1,
    0xB3, 0x8D, 0xA3, 0x1B, 0x91, 0x5E, 0xD0, 0xBC, 0xF8, 0x3E, 0x3B, 0x9E, 0x9C, 0x14, 0x2A, 0xEB,
    0x47, 0x8B, 0xFC, 0xB6, 0x16, 0x5D, 0x1F, 0x45, 0x40, 0xB3, 0xE5, 0x06, 0x33, 0xD5, 0x5A, 0x5C,
    0x9B, 0x4C, 0x26, 0xBC, 0x30, 0x87, 0x04, 0x4D, 0x3A, 0x73, 0xA6, 0x94, 0x97, 0x15, 0x75, 0xAB,
    0x66, 0x72, 0x40, 0x51, 0x98, 0xB8, 0x1C, 0xE2, 0xC2, 0x23, 0xB3, 0x59, 0x24, 0x08, 0xA0, 0xD0,
    0x8B, 0x0C, 0xD2, 0x92, 0x4B, 0xE6, 0x25, 0xEA, 0x46, 0x6A, 0xF1, 0x72, 0xA9, 0x38, 0xC1, 0x9F,
    0x9F, 0x08, 0x57, 0x60, 0xA6, 0x95, 0xE9, 0xAB, 0xCD, 0x6D, 0xEE, 0x17, 0x38, 0x94, 0x85, 0xFD,
    0x36, 0x52, 0xA2, 0xEB, 0x78, 0x32, 0xA2, 0xF1, 0x8D, 0xA3, 0xB4, 0x8F, 0xF1, 0xDD, 0x23, 0x99,
    0x69, 0x51, 0xA9, 0x98, 0xAA, 0xE8, 0x3F, 0x66, 0xDD, 0xCF, 0x51, 0xE6, 0x81, 0xF0, 0xF0, 0x16,
    0x5F, 0x47, 0x95, 0xB5, 0x0A, 0x45, 0xEC, 0x90, 0xD3, 0x21, 0x09, 0x61, 0xE3, 0xE8, 0x28, 0xD0,
    0x0B, 0x42, 0x22, 0x16, 0xE8, 0xF2, 0xCF, 0xF4, 0x65, 0x4A, 0x70, 0xE6, 0x2A, 0x9F, 0x17, 0x6E,
    0x1C, 0x55, 0xB0, 0x97, 0x2D, 0xD9, 0xEB, 0x90, 0x74, 0x7D, 0x6C, 0xE3, 0xA4, 0x88, 0xC8, 0x67,
    0x41, 0x30, 0x8C, 0x0E, 0x1F, 0x44, 0xED, 0x07, 0xE5, 0x7E, 0xED, 0x98, 0x00, 0x16, 0xD0, 0x3C,
    0x61, 0xCF, 0xD2, 0x48, 0x11, 0x75, 0xD1, 0xF5, 0xB5, 0xC6, 0xE5, 0xC9, 0xB7, 0x2B, 0x0A, 0xE7,
    0x86, 0x7B, 0xEC, 0x34, 0x4D, 0x19, 0x85, 0x83, 0x75, 0xCA, 0x79, 0x94, 0xEF, 0xC9, 0x92, 0x20,
    0x46, 0x2E, 0xC2, 0x9D, 0xD7, 0xA3, 0x85, 0xBA, 0xA7, 0xE5, 0x17, 0xBF, 0x33, 0xA3, 0xA2, 0x35,
    0xE3, 0x84, 0x3C, 0xA2, 0x7C, 0xC1, 0x9E, 0x37, 0x3C, 0x3D, 0x6D, 0x06, 0xB9, 0xA9, 0xBD, 0x21,
    0x48, 0x38, 0x4B, 0xCE, 0xED, 0xE9, 0x96, 0xA7, 0xCF, 0xB6, 0x13, 0x55, 0xAB, 0x72, 0x6B, 0xB4,
    0xEE, 0x4D, 0xE3, 0x40, 0xAB, 0x76, 0x20, 0x61, 0x4A, 0xE2, 0x42, 0xB9, 0x75, 0x3F, 0x99, 0xD7,
    0x76, 0x8B, 0x9B, 0x70, 0x9F, 0x98, 0xF0, 0xE8, 0xF6, 0x9A, 0xEA, 0x47, 0x3D, 0xB5, 0x4E, 0xAA,
    0xA9, 0xA9, 0xFA, 0xBE, 0xAC, 0x7C, 0x45, 0x24, 0x6F, 0x54, 0xC8, 0x5F, 0x0F, 0x23, 0x90, 0xDF,
    0x1A, 0x1E, 0xD1, 0xD0, 0x7F, 0x4C, 0x00, 0xCB, 0x81, 0xF6, 0x95, 0xFB, 0x25, 0x8E, 0x4D, 0x10,
    0x71, 0x5D, 0xE0, 0x86, 0xD5, 0x85, 0xBC, 0xF8, 0x35, 0xFA, 0x05, 0xC0, 0x6F, 0xD6, 0x8D, 0x4A,
    0x5A, 0x80, 0x02, 0xA7, 0x05, 0x89, 0x9F, 0x80, 0xC1, 0x0A, 0xE2, 0x94, 0x9E, 0x91, 0xD2, 0xD8,
    0x48, 0xB6, 0xF3, 0x10, 0xA9, 0x67, 0xB2, 0xEE, 0xC8, 0x22, 0xF7, 0x40, 0x8D, 0xB5, 0xA4, 0xC7,
    0x7D, 0x59, 0x1F, 0xA1, 0x77, 0x45, 0x46, 0xB8, 0x22, 0xD1, 0x3B, 0x40, 0x30, 0x72, 0x54, 0xC0,
    0x0F, 0x30, 0xB6, 0x59, 0xE7, 0x1D, 0xE1, 0xFE, 0x22, 0x3A, 0xEF, 0xE7, 0xE3, 0x46, 0xDF, 0xE4,
    0xDE, 0x61, 0x36, 0xF3, 0x71, 0xB8, 0xAC, 0x35, 0x11, 0xD1, 0xAF, 0x42, 0xB3, 0x4D, 0xB1, 0xF3,
    0xDD, 0xDE, 0x93, 0xD7, 0x63, 0x9B, 0x58, 0xF1, 0x7F, 0x60, 0xD7, 0xFF, 0x14, 0xFD, 0xB1, 0xA4,
    0x91, 0xE6, 0x35, 0xD2, 0x48, 0x24, 0x5E, 0x11, 0x25, 0xBE, 0x52, 0x50, 0x6A, 0x3A, 0x01, 0x38,
    0xC2, 0x7B, 0xFA, 0xD1, 0x02, 0x96, 0xD6, 0x94, 0x6B, 0xBA, 0x89, 0xB9, 0x11, 0xCA, 0xE6, 0x39,
    0x89, 0x5B, 0x8C, 0x22, 0x74, 0x17, 0x13, 0xD2, 0x45, 0xA6, 0x47, 0xCF, 0x15, 0x9D, 0x68, 0x3D,
    0xA7, 0x3E, 0x7B, 0x71, 0x6E, 0x65, 0xB4, 0x41, 0xBA, 0x5A, 0x8F, 0x1C, 0xD1, 0x7A, 0x3B, 0xD3,
    0x9A, 0xB5, 0x61, 0x65, 0x53, 0xBC, 0xD4, 0xCC, 0xB2, 0xC1, 0xA2, 0xA3, 0xCE, 0x13, 0x3A, 0x4B,
    0xF2, 0x33, 0xA9, 0x30, 0xA5, 0x0E, 0xB6, 0xDA, 0xB3, 0x7B, 0x3C, 0x99, 0x9C, 0x65, 0x4B, 0x74,
    0xF3, 0x46, 0x60, 0xED, 0xA4, 0x9D, 0xA6, 0x4A, 0xE5, 0xF7, 0xF2, 0x7A, 0xAF, 0x9A, 0x6E, 0xC5,
    0x87, 0x79, 0x1B, 0x61, 0xB7, 0xCA, 0xD0, 0xC0, 0x59, 0x3B, 0x4E, 0xCF, 0xEB, 0x6B, 0x79, 0x18,
    0xC7, 0x71, 0x9A, 0xDE, 0x96, 0x97, 0x31, 0x3C, 0x08, 0xE3, 0x76, 0x1A, 0xAB, 0x1F, 0xCF, 0xEB,
    0x37, 0x69, 0xF3, 0x7E, 0x88, 0xD5, 0x66, 0x23, 0x93, 0xF6, 0xDA, 0xF9, 0x73, 0x28, 0x8A, 0x86,
    0xB9, 0xF0, 0x86, 0x5E, 0x63, 0xA7, 0x41, 0xCF, 0xCD, 0xF5, 0xDA, 0x66, 0xF3, 0x2F, 0xD5, 0x1A,
    0xAA, 0x30, 0x56, 0xED, 0x34, 0x8F, 0xFF, 0xC8, 0x7B, 0xDD, 0x5E, 0xF3, 0xD4, 0xAF, 0x37, 0x61,
    0x30, 0xEA, 0x04, 0x50, 0xA5, 0x6C, 0x36, 0x0A, 0xEB, 0x3A, 0x3D, 0xD9, 0x83, 0xFD, 0x46, 0xBD,
    0xB1, 0xBF, 0x35, 0xF2, 0x18, 0x29, 0xF5, 0x5D, 0xFB, 0xA4, 0x24, 0x4B, 0xF9, 0x85, 0x74, 0xB7,
    0xFE, 0x2F, 0xD5, 0x7C, 0x4D, 0x8C, 0x1D, 0xD7, 0x95, 0xDE, 0xAD, 0x57, 0xEC, 0x2E, 0x8B, 0x65,
    0xB3, 0x14, 0x40, 0xB4, 0x26, 0x6C, 0x91, 0xE5, 0x45, 0x80, 0x38, 0x0E, 0xA9, 0xF2, 0x42, 0x01,
    0x7A, 0x92, 0x6E, 0x56, 0x91, 0x04, 0xC6, 0x0B, 0x01, 0x51, 0x2F, 0xD8, 0x16, 0x10, 0x23, 0xA0,
    0x17, 0xB3, 0x89, 0x26, 0x49, 0x6B, 0x41, 0x0C, 0x08, 0x0C, 0xC5, 0x2A, 0x51, 0x0B, 0x2D, 0x04,
    0x8C, 0x3B, 0x81, 0xE5, 0x59, 0x08, 0x03, 0x69, 0x21, 0x04, 0x23, 0x2A, 0x41, 0x13, 0x03, 0x62,
    0x42, 0x04, 0x14, 0xAB, 0x44, 0x02, 0x56, 0x00, 0x65, 0xA2, 0x27, 0xDB, 0xB2, 0x16, 0x42, 0xA2,
    0xB2, 0x44, 0x59, 0x33, 0x62, 0x32, 0x2C, 0x59, 0x25, 0xBB, 0xBA, 0x59, 0xAF, 0x6E, 0xBE, 0xEF,
    0xDC, 0x5B, 0xEF, 0xBD, 0x6E, 0x91, 0x92, 0xF8, 0xAB, 0x49, 0xCB, 0x7D, 0xCB, 0x24, 0xDF, 0xBB,
    0x75, 0xCF, 0xB9, 0xE7, 0xF7, 0x3B, 0xE7, 0x5E, 0xA5, 0xE4, 0x47, 0x73, 0x88, 0x13, 0x0C, 0x41,
    0x81, 0x61, 0x30, 0x54, 0xF6, 0xEF, 0xB5, 0x2E, 0x55, 0xCA, 0x21, 0xA8, 0xDC, 0xA1, 0x0A, 0xCB,
    0x41, 0xA1, 0xA2, 0xE1, 0x20, 0x53, 0x31, 0x3F, 0x26, 0x43, 0x2A, 0x83, 0xAE, 0x95, 0xCA, 0x4F,
    0xBD, 0x60, 0x67, 0xE2, 0xE0, 0x74, 0x9C, 0x68, 0xA4, 0xB6, 0xAB, 0x41, 0xAB, 0x76, 0x28, 0xB7,
    0x55, 0x8B, 0x2A, 0xEC, 0x4E, 0xB5, 0x2A, 0xD7, 0xBA, 0xC5, 0x3F, 0xD7, 0x0F, 0xE2, 0x9F, 0x9B,
    0x14, 0x43, 0x8D, 0x41, 0x25, 0xDB, 0xEE, 0xF4, 0x2B, 0x43, 0xCC, 0x5C, 0x44, 0x1C, 0x16, 0xDD,
    0xD6, 0x2B, 0x16, 0xBC, 0xC6, 0xCD, 0x1E, 0xF2, 0x6B, 0x37, 0xC3, 0x8B, 0x48, 0xB8, 0x0C, 0xBF,
    0x7D, 0x49, 0xF1, 0x83, 0x78, 0xE5, 0xA5, 0xB4, 0xC2, 0xDB, 0x82, 0x1A, 0x83, 0x5F, 0xAB, 0x34,
    0xE3, 0x90, 0x60, 0xC8, 0xF9, 0x49, 0x8D, 0x25, 0x79, 0xFA, 0x3F, 0xEA, 0x24, 0xD2, 0x9F, 0x34,
    0xAA, 0xFF, 0xC9, 0xF9, 0x7A, 0xD0, 0xA6, 0xBC, 0x12, 0xC3, 0x0E, 0x35, 0xA1, 0x68, 0x48, 0x8A,
    0x86, 0xA4, 0xA8, 0x00, 0x45, 0x2E, 0x29, 0xC2, 0x30, 0xA1, 0x28, 0xCE, 0x48, 0x11, 0x87, 0x3C,
    0x51, 0x5B, 0x29, 0x72, 0x46, 0xFD, 0xBC, 0x2E, 0x87, 0xB9, 0x0E, 0x1F, 0xC9, 0x75, 0xBF, 0x45,
    0x6A, 0x40, 0x46, 0x44, 0x97, 0x3B, 0x7E, 0x23, 0xE7, 0x47, 0x52, 0x85, 0x65, 0xCE, 0x1B, 0x82,
    0xA2, 0xE1, 0x98, 0x69, 0xBA, 0xE1, 0xD7, 0xC8, 0x34, 0x79, 0xCF, 0x78, 0x48, 0xED, 0x2A, 0x96,
    0x54, 0x54, 0x61, 0xE3, 0x7D, 0x52, 0xEF, 0xE8, 0x91, 0x9A, 0xFA, 0x99, 0xC5, 0x6E, 0x44, 0x97,
    0x5B, 0x75, 0x1E, 0x4B, 0x69, 0x55, 0xEB, 0xB4, 0xEA, 0x45, 0x2E, 0xCA, 0xD1, 0x58, 0x09, 0x67,
    0x4C, 0x3B, 0x72, 0x2D, 0xC3, 0x52, 0xF0, 0xBA, 0xB8, 0x74, 0xF0, 0xEE, 0x48, 0xF9, 0x55, 0x9C,
    0xF8, 0x25, 0x58, 0x58, 0x84, 0xEB, 0x69, 0x32, 0xD0, 0x4D, 0xCF, 0x8D, 0x44, 0xA5, 0x23, 0xC3,
    0xEF, 0xB0, 0x34, 0x2B, 0xE4, 0x02, 0xF9, 0x4B, 0x0E, 0xF0, 0x97, 0x4C, 0xD0, 0x86, 0x05, 0xE4,
    0x00, 0xB6, 0x54, 0xE8, 0x27, 0xF9, 0x21, 0xA8, 0xCF, 0xB1, 0x42, 0xF5, 0xA0, 0x0F, 0x91, 0x80,
    0xB4, 0xF2, 0x77, 0x9B, 0x73, 0x7B, 0xE7, 0x0E, 0x40, 0x94, 0x47, 0x5A, 0xA6, 0x3E, 0xE4, 0xB6,
    0x93, 0x5F, 0x0F, 0xB4, 0x80, 0xC7, 0xF2, 0x9E, 0xFE, 0x5D, 0xE1, 0xF0, 0xB3, 0xEF, 0xEB, 0xDF,
    0xD5, 0x99, 0xAF, 0xAD, 0xE1, 0x2B, 0x9A, 0x2C, 0x77, 0x21, 0x12, 0x15, 0xF9, 0xA7, 0xF5, 0x2A,
    0xFE, 0xB8, 0x20, 0xFB, 0xAA, 0x8E, 0x99, 0xC7, 0x19, 0x4F, 0x38, 0x55, 0x99, 0x47, 0xC9, 0xF7,
    0x28, 0x67, 0xC8, 0x25, 0xA9, 0x41, 0x11, 0x5C, 0xC5, 0x7C, 0x6E, 0x11, 0x96, 0xD8, 0x35, 0x2F,
    0x8B, 0x86, 0x78, 0x93, 0x9F, 0xC4, 0x45, 0x0C, 0xD9, 0xC2, 0x5B, 0xF1, 0xA7, 0xFD, 0xE6, 0x71,
    0x0E, 0xEF, 0xCF, 0xB3, 0xB8, 0x51, 0xF9, 0x01, 0xAD, 0xE2, 0x6A, 0x56, 0x5F, 0x69, 0x54, 0x54,
    0x40, 0xB2, 0x33, 0x35, 0x11, 0xCB, 0x47, 0x64, 0xEF, 0x46, 0x1E, 0x17, 0x11, 0x54, 0x22, 0x6B,
    0x50, 0xB7, 0x91, 0x88, 0x8D, 0xC8, 0x5B, 0x5C, 0xB8, 0x53, 0x8F, 0xF4, 0xA3, 0x97, 0xBB, 0x55,
    0x0A, 0x12, 0x7E, 0x48, 0x5B, 0x50, 0x61, 0x11, 0x9A, 0x7B, 0x3D, 0x94, 0x47, 0x58, 0x62, 0x8A,
    0xB0, 0x94, 0x29, 0xA2, 0xA1, 0x4C, 0xC1, 0xB5, 0xB8, 0x7C, 0xE8, 0x24, 0xEC, 0x0E, 0xE8, 0x2B,
    0x23, 0xF0, 0xF7, 0x0D, 0x12, 0x7D, 0x73, 0xCA, 0x68, 0x87, 0x34, 0xE3, 0x80, 0xF7, 0x43, 0xDE,
    0xC1, 0x7A, 0xA3, 0x8C, 0xAB, 0x71, 0x1D, 0xE9, 0x2A, 0x9E, 0xC8, 0xAD, 0x88, 0x3E, 0x3E, 0xC6,
    0x51, 0x58, 0x39, 0xB6, 0x6A, 0x86, 0x76, 0x8A, 0x8A, 0xDF, 0xF1, 0x5D, 0xAE, 0x6C, 0x21, 0xE4,
    0x09, 0xDF, 0x79, 0x50, 0xE8, 0x3D, 0xCB, 0xF1, 0x22, 0xB5, 0x38, 0x7D, 0xC3, 0x28, 0x0F, 0xBF,
    0x9B, 0xE7, 0xFC, 0x1B, 0x2D, 0x8B, 0xD3, 0x7E, 0x43, 0xD9, 0xF0, 0x5A, 0x4A, 0x87, 0x2B, 0x42,
    0xE4, 0x68, 0xD9, 0x66, 0x4C, 0x0C, 0x41, 0x4A, 0x87, 0x14, 0xA5, 0xB0, 0x1A, 0xBF, 0x32, 0xE0,
    0x77, 0x95, 0x6B, 0xFE, 0xC2, 0xE8, 0xC2, 0xDE, 0xA9, 0xF5, 0x7C, 0x0F, 0x16, 0x2A, 0x1D, 0xCD,
    0xEA, 0x4B, 0xA4, 0x1D, 0x72, 0x23, 0x74, 0x61, 0x3D, 0x9C, 0x14, 0x16, 0x48, 0xC6, 0xA8, 0xA3,
    0x58, 0xFD, 0x37, 0xBC, 0x2C, 0x7D, 0xEA, 0x7D, 0xBC, 0x38, 0x7F, 0xE4, 0x10, 0x46, 0xFD, 0x04,
    0x25, 0x45, 0xD7, 0x5E, 0x0D, 0x81, 0xA2, 0xAD, 0x1A, 0x70, 0x33, 0x28, 0xD4, 0x18, 0xB1, 0x1E,
    0xCC, 0x04, 0xDE, 0xA7, 0xB0, 0x5C, 0xFA, 0xA2, 0xE6, 0x1E, 0x2B, 0x98, 0xDA, 0x20, 0xC1, 0xCB,
    0xC3, 0xE2, 0x34, 0x65, 0x1D, 0x04, 0x3A, 0x2F, 0xF5, 0x26, 0x4C, 0x0F, 0x74, 0x99, 0x8E, 0x9C,
    0x7C, 0x15, 0x4B, 0x5F, 0xE4, 0x0C, 0x67, 0x15, 0x28, 0xAD, 0x94, 0xD7, 0xC2, 0x18, 0x63, 0xAB,
    0xA0, 0xE4, 0xA3, 0x80, 0xA2, 0xBB, 0x8F, 0xCB, 0x3E, 0xC6, 0xAF, 0x90, 0xA4, 0x74, 0xD8, 0x5B,
    0xB1, 0x88, 0xD3, 0x2C, 0xE2, 0xF7, 0x4F, 0x48, 0x64, 0x5A, 0xF5, 0xF6, 0x67, 0xC2, 0xF8, 0x46,
    0x08, 0x2D, 0x8D, 0x1D, 0x55, 0x22, 0x35, 0x24, 0x74, 0xC4, 0x0F, 0x0E, 0x46, 0xBD, 0xB8, 0xC5,
    0x19, 0xC7, 0x34, 0x23, 0x71, 0x39, 0x0D, 0x2F, 0x3E, 0xEC, 0x57, 0x4A, 0x24, 0x8D, 0x4A, 0x49,
    0x12, 0x47, 0x24, 0x0E, 0x84, 0x46, 0x5C, 0x1A, 0x5F, 0x03, 0x6B, 0x9F, 0x5F, 0xA2, 0xB9, 0xA7,
    0x8B, 0x19, 0x74, 0x53, 0xBC, 0xAE, 0xA6, 0xC6, 0x55, 0xB3, 0x16, 0x8A, 0x8A, 0xCB, 0xCF, 0x78,
    0xD4, 0xD1, 0x80, 0xD6, 0x7B, 0x1F, 0x87, 0x05, 0x0E, 0xA7, 0x21, 0x38, 0x4E, 0x89, 0xC1, 0x2D,
    0x40, 0x96, 0x97, 0x61, 0xF2, 0x60, 0x19, 0xF2, 0x1E, 0x51, 0x1E, 0x17, 0xF9, 0xFF, 0xCE, 0x70,
    0xD1, 0x15, 0x2D, 0x39, 0xBD, 0x54, 0x08, 0xF7, 0x50, 0xA7, 0xED, 0x00, 0x86, 0x93, 0x52, 0xAD,
    0xD2, 0x8D, 0x1C, 0xDF, 0xA8, 0x3C, 0xB1, 0xF7, 0x19, 0x25, 0x34, 0x99, 0xF6, 0x60, 0x1F, 0x88,
    0x50, 0x61, 0x39, 0xF9, 0xF7, 0xB8, 0x85, 0x8E, 0x58, 0x6F, 0x4D, 0xBA, 0x34, 0xC8, 0xC2, 0x63,
    0xD0, 0x42, 0xA8, 0xDC, 0x16, 0xBC, 0x0F, 0x3B, 0x88, 0x5D, 0x2E, 0x06, 0x59, 0x43, 0x3C, 0xA8,
    0x7F, 0x89, 0x12, 0xDD, 0x0B, 0x61, 0x5D, 0x95, 0xD8, 0x00, 0xD1, 0xF9, 0xB8, 0x80, 0xDC, 0xA4,
    0x3F, 0xA5, 0x78, 0x80, 0xBB, 0x2A, 0x7F, 0xB9, 0x35, 0x93, 0x72, 0x48, 0x30, 0x65, 0x9E, 0x80,
    0x61, 0x3A, 0x11, 0x41, 0x75, 0x5B, 0x50, 0x8E, 0x99, 0x1B, 0x32, 0x2B, 0xBB, 0xA3, 0x3E, 0x0A,
    0x53, 0xE3, 0x13, 0x2B, 0x9A, 0x0E, 0x20, 0x90, 0xA9, 0xF6, 0xC8, 0x34, 0xFB, 0x44, 0x37, 0x17,
    0x64, 0xB6, 0x05, 0x99, 0xE9, 0xA8, 0x8C, 0xC6, 0x10, 0x55, 0x62, 0x98, 0xC5, 0x0C, 0xB9, 0x22,
    0x0F, 0x9E, 0xC8, 0x43, 0x20, 0xB6, 0xF7, 0x41, 0xB1, 0xBE, 0xC7, 0x29, 0x03, 0xDB, 0xBB, 0x53,
    0x6B, 0x1B, 0x10, 0x62, 0xDA, 0xA4, 0x10, 0xB3, 0xC6, 0x8A, 0x1A, 0xBC, 0x07, 0x33, 0x72, 0x9C,
    0xC7, 0xB8, 0x5B, 0x3D, 0x84, 0xF1, 0x81, 0x3B, 0x19, 0xCC, 0xA4, 0x6D, 0xAC, 0x7F, 0x0E, 0x6A,
    0x57, 0x9A, 0xB0, 0x3B, 0x08, 0x76, 0x7A, 0x43, 0xD8, 0x05, 0x4A, 0x60, 0xE9, 0xD5, 0x03, 0xCA,
    0x5C, 0xE5, 0xD7, 0x34, 0x2F, 0xEA, 0x58, 0x50, 0x71, 0x79, 0x6A, 0x5F, 0x50, 0x9D, 0x95, 0x90,
    0x2B, 0x7C, 0xAF, 0xB2, 0x3C, 0xAA, 0xC5, 0x95, 0xE7, 0x97, 0x25, 0x7E, 0x68, 0xE3, 0x8B, 0xAD,
    0x98, 0xC1, 0xF8, 0x02, 0x19, 0x1B, 0x0F, 0xD3, 0x27, 0xB5, 0xF8, 0xEB, 0x3C, 0xA1, 0x4B, 0xE2,
    0xAE, 0xC2, 0x77, 0xE3, 0x25, 0x9A, 0xEB, 0x8E, 0x6A, 0x4F, 0x2F, 0x45, 0x0C, 0x52, 0x60, 0x01,
    0x7D, 0xEB, 0x67, 0x7D, 0xAC, 0x07, 0x22, 0xE0, 0x8C, 0x06, 0xDD, 0x80, 0x9F, 0x3B, 0xD3, 0x3B,
    0x33, 0xF1, 0x74, 0xA5, 0x08, 0xFD, 0x6C, 0x3E, 0x34, 0x8E, 0xCC, 0x38, 0xB6, 0xED, 0xF8, 0x8D,
    0xC1, 0xE0, 0x18, 0xF6, 0x35, 0xFA, 0x20, 0x87, 0x51, 0xED, 0xBE, 0x0A, 0xF3, 0x64, 0xCC, 0x65,
    0xF2, 0x80, 0xB2, 0x16, 0xCA, 0x98, 0xA8, 0x89, 0x8D, 0xBA, 0xBB, 0xEB, 0xB9, 0x9B, 0xAE, 0xC2,
    0xC4, 0x05, 0x36, 0x2C, 0x58, 0x10, 0xA1, 0x3B, 0x26, 0xFE, 0xF8, 0x8C, 0x68, 0x55, 0x25, 0x63,
    0xC9, 0xF5, 0x3B, 0x43, 0x5F, 0xE2, 0x01, 0x5A, 0x44, 0x97, 0x3E, 0x11, 0xFA, 0xC1, 0xD1, 0x4F,
    0x18, 0x8B, 0x04, 0xE2, 0xFC, 0xF6, 0x8B, 0x4C, 0x9F, 0xE3, 0x88, 0x40, 0x00, 0xA2, 0x1D, 0x57,
    0x33, 0xFA, 0x17, 0x08, 0x03, 0x02, 0x3D, 0x8E, 0x59, 0x61, 0x56, 0x18, 0x99, 0x21, 0x80, 0x73,
    0xC9, 0x4B, 0x98, 0x55, 0xAC, 0x6C, 0x8F, 0xE6, 0xFF, 0xD4, 0x3E, 0xAD, 0x16, 0xB1, 0x84, 0x05,
    0xAD, 0xFE, 0x78, 0x44, 0xAB, 0x98, 0x7C, 0x82, 0xD7, 0xCF, 0xE7, 0x07, 0x29, 0x9A, 0x47, 0xD3,
    0xA7, 0x9E, 0x6A, 0x68, 0x25, 0x9F, 0x01, 0x1F, 0x55, 0x15, 0xFF, 0x4F, 0x5F, 0x1E, 0xFF, 0x87,
    0xB6, 0xB9, 0x8C, 0x6B, 0x32, 0x74, 0x18, 0x57, 0xB4, 0xCE, 0x05, 0x43, 0x01, 0xAC, 0x31, 0x62,
    0x90, 0x32, 0x37, 0x0C, 0x0F, 0xD0, 0x40, 0x37, 0x7B, 0x5C, 0xEA, 0x8D, 0xD6, 0x0F, 0x5B, 0x6F,
    0x70, 0x69, 0xEC, 0x0D, 0xCC, 0x3E, 0x32, 0x64, 0x8A, 0x0B, 0xA7, 0xEB, 0x7D, 0x42, 0x2A, 0x36,
    0x20, 0x15, 0x6D, 0xCB, 0x4F, 0xBD, 0xDC, 0x88, 0x37, 0xE8, 0x7D, 0xC2, 0xD8, 0x1B, 0x98, 0x7D,
    0xC4, 0x1C, 0xAE, 0xF8, 0x04, 0xEC, 0x63, 0xCE, 0x7D, 0x7C, 0x6D, 0x1C, 0xCD, 0x0E, 0x68, 0x18,
    0xA3, 0xCB, 0x23, 0x89, 0x95, 0x13, 0xF1, 0x19, 0x98, 0x25, 0x1A, 0xE2, 0x8B, 0x51, 0x89, 0x6F,
    0x44, 0x62, 0x51, 0x19, 0x5C, 0x45, 0x25, 0x14, 0x2C, 0x1E, 0x72, 0x28, 0x30, 0x30, 0x9A, 0xC2,
    0x77, 0xD2, 0x0C, 0xEF, 0x12, 0xFF, 0x14, 0x0D, 0xF1, 0x62, 0x7F, 0x3D, 0x65, 0xAC, 0xBC, 0x3E,
    0x15, 0xE9, 0x93, 0x1E, 0xAD, 0x6F, 0xCA, 0xBB, 0x05, 0x5F, 0xEC, 0xDD, 0x84, 0x79, 0xFA, 0x75,
    0xC3, 0x3B, 0xF1, 0x05, 0x22, 0x95, 0x58, 0x9B, 0xF5, 0x05, 0xF8, 0xAC, 0x44, 0x83, 0xC6, 0x21,
    0x64, 0x58, 0x5E, 0x9A, 0x31, 0x58, 0x7B, 0x8E, 0x24, 0x93, 0x78, 0x86, 0xEC, 0xBD, 0x35, 0x9B,
    0xB6, 0xD8, 0xE1, 0x4D, 0x66, 0x15, 0x85, 0xFA, 0x4C, 0x42, 0xF1, 0x25, 0xB2, 0x8A, 0xAD, 0xE1,
    0x1F, 0xDC, 0x51, 0xF6, 0x10, 0x63, 0x40, 0xD9, 0xD4, 0xE9, 0x18, 0xB0, 0x52, 0x26, 0xBC, 0x9E,
    0x7A, 0xE7, 0x94, 0x37, 0x4A, 0xAC, 0x37, 0x9A, 0xA5, 0xC2, 0x84, 0xE2, 0x4F, 0xEF, 0x70, 0x00,
    0x63, 0x7F, 0x62, 0x31, 0x49, 0x1E, 0xE9, 0x99, 0x91, 0xA8, 0x18, 0x8E, 0x60, 0xA4, 0xBC, 0xCE,
    0xC7, 0x5E, 0x04, 0x35, 0x43, 0xE2, 0x78, 0x18, 0x94, 0xDC, 0x94, 0x10, 0xC2, 0x05, 0xC3, 0x5C,
    0x70, 0x97, 0xF0, 0x27, 0x19, 0x21, 0x61, 0x59, 0x9C, 0xC5, 0xF0, 0xDC, 0x69, 0xA2, 0xB3, 0xB0,
    0xCE, 0xBD, 0x4E, 0x74, 0x1F, 0xB4, 0xEF, 0xD2, 0x2F, 0x09, 0xF7, 0x25, 0x82, 0x95, 0xED, 0xD8,
    0xB9, 0x9C, 0x98, 0x17, 0x32, 0x09, 0xD3, 0x09, 0xB8, 0x0B, 0x1B, 0xB2, 0x28, 0xE1, 0x4D, 0x4D,
    0x3A, 0x5C, 0x7E, 0x48, 0x3F, 0xC3, 0x0F, 0xA5, 0xFF, 0x57, 0xD6, 0x26, 0xDA, 0x1D, 0x89, 0x63,
    0x89, 0x6A, 0x89, 0xEA, 0xF8, 0x37, 0x03, 0xDA, 0x40, 0xE5, 0x3F, 0xC5, 0xCD, 0x7F, 0x90, 0x06,
    0x08, 0x9C, 0x81, 0x34, 0xC0, 0x3F, 0x21, 0x52, 0x99, 0xAB, 0x1D, 0xC8, 0x53, 0xDC, 0xFA, 0x34,
    0x0D, 0x5F, 0x3E, 0x48, 0x4B, 0x6F, 0x36, 0x48, 0xFB, 0x9B, 0x3E, 0x48, 0x03, 0x05, 0x32, 0x2A,
    0xF1, 0x87, 0xEA, 0x98, 0x8C, 0x47, 0x65, 0x7C, 0x1C, 0xE2, 0xFD, 0x9A, 0x6E, 0x57, 0xBA, 0x3F,
    0xD0, 0x97, 0x98, 0x78, 0x27, 0xB2, 0x16, 0x19, 0xC4, 0x4C, 0xC8, 0xA2, 0xE0, 0xC0, 0xF9, 0x02,
    0xCC, 0x1C, 0xAC, 0xFF, 0xA0, 0x85, 0x57, 0x23, 0x01, 0x8F, 0x7D, 0x8F, 0x64, 0x6F, 0x11, 0x25,
    0x4A, 0x91, 0x93, 0xD2, 0xD9, 0x19, 0xB3, 0xBE, 0xA2, 0x3F, 0x14, 0x27, 0x32, 0xA7, 0x7F, 0x22,
    0xE6, 0x07, 0x53, 0x88, 0x23, 0xA1, 0x5D, 0x26, 0xAD, 0xA0, 0xC9, 0x38, 0x93, 0xDA, 0x98, 0xA1,
    0x40, 0x42, 0x12, 0xE6, 0x1E, 0x86, 0x66, 0xF3, 0xCC, 0x13, 0xF9, 0x86, 0x49, 0x42, 0xC4, 0x2C,
    0x89, 0x49, 0x11, 0x33, 0x61, 0xA8, 0x97, 0x6C, 0x05, 0xF4, 0x23, 0x61, 0x11, 0xC3, 0xC4, 0x6F,
    0x90, 0x07, 0xFA, 0x94, 0x18, 0x27, 0xFE, 0x8C, 0xFE, 0x9E, 0xAC, 0x67, 0xC3, 0xAE, 0xA7, 0x77,
    0xC3, 0xAF, 0xD8, 0xE7, 0xC2, 0x96, 0xE7, 0xBC, 0x7D, 0x3E, 0x64, 0xD3, 0x33, 0x0D, 0xE3, 0xB1,
    0x48, 0x76, 0x2F, 0x90, 0xD3, 0x0F, 0x4D, 0x29, 0xAD, 0x0C, 0xB4, 0x3B, 0x31, 0x03, 0x9B, 0xF8,
    0x55, 0xCD, 0x95, 0x42, 0xEA, 0xF2, 0x04, 0xB4, 0xD1, 0x06, 0xDB, 0x08, 0xD5, 0xD1, 0xC6, 0x43,
    0xDE, 0xAF, 0xA1, 0x8D, 0x31, 0xE7, 0x63, 0x32, 0xEF, 0x0B, 0x43, 0x94, 0x75, 0x0F, 0xE2, 0x2E,
    0x4B, 0x65, 0x1D, 0x84, 0x61, 0x86, 0x32, 0xBC, 0x10, 0x6B, 0x96, 0xEA, 0x55, 0xE1, 0xC4, 0x95,
    0x46, 0x18, 0x71, 0x70, 0x24, 0xF4, 0x3B, 0xDA, 0xB0, 0x41, 0x1B, 0x2E, 0x68, 0x61, 0x82, 0xD3,
    0x09, 0x0F, 0xDC, 0x56, 0x7C, 0x85, 0xDF, 0x88, 0xB3, 0xD0, 0x6F, 0xCA, 0x86, 0xAC, 0x7B, 0x66,
    0x3F, 0x3E, 0x07, 0x4A, 0x80, 0xB5, 0xC1, 0x5B, 0xF8, 0x0A, 0x59, 0xB9, 0x96, 0x00, 0x5E, 0x73,
    0x5A, 0xCE, 0xC9, 0x09, 0x31, 0xDB, 0x30, 0x1F, 0x3B, 0x06, 0x9F, 0xE6, 0x29, 0x7F, 0xAE, 0x61,
    0x98, 0xCC, 0xD0, 0x9E, 0x48, 0xD1, 0x19, 0x13, 0x4B, 0xA7, 0xC5, 0xD4, 0xE0, 0x92, 0x9B, 0x83,
    0x53, 0x7A, 0x53, 0x90, 0x8D, 0xA9, 0xB7, 0x8B, 0xE6, 0x28, 0xB8, 0xDA, 0x98, 0x9B, 0x85, 0xD8,
    0x2C, 0x51, 0xFE, 0xC4, 0x89, 0x8F, 0xBD, 0x4F, 0x22, 0x21, 0x0F, 0x22, 0xBE, 0x9C, 0x71, 0xBC,
    0x8F, 0xFF, 0xB0, 0xF6, 0xC8, 0xB8, 0xAB, 0xD4, 0xB8, 0x3B, 0x4D, 0xEB, 0x11, 0xBF, 0xDA, 0x89,
    0x24, 0x5C, 0x1C, 0xF1, 0x4F, 0x29, 0xB8, 0x8C, 0x07, 0xF3, 0x05, 0xCA, 0x1A, 0x76, 0x81, 0x81,
    0x25, 0xB8, 0xE6, 0x37, 0xD8, 0x93, 0x46, 0x51, 0xD0, 0x24, 0x30, 0x22, 0x71, 0xA2, 0xF8, 0x4C,
    0x26, 0x24, 0x72, 0xF9, 0x33, 0xE6, 0x0F, 0xC5, 0x9C, 0x5E, 0x9D, 0xAC, 0x62, 0x4E, 0x68, 0xD0,
    0xDC, 0x42, 0xBF, 0xA1, 0x4C, 0x84, 0x25, 0x79, 0x18, 0x0F, 0x65, 0x2C, 0xCC, 0x68, 0x38, 0x4A,
    0x9E, 0x06, 0x35, 0x39, 0x2A, 0x84, 0x2B, 0xBF, 0xA3, 0xEB, 0x80, 0xB9, 0x4C, 0x88, 0x22, 0x91,
    0x01, 0x79, 0x61, 0xA0, 0x1A, 0x86, 0x4B, 0x1D, 0xB7, 0x3A, 0x6C, 0xEE, 0xE7, 0xC6, 0x0C, 0x63,
    0xCA, 0xD4, 0xEC, 0x8B, 0xF7, 0x31, 0x58, 0x1F, 0xB4, 0x3E, 0xA2, 0x39, 0xBF, 0x0A, 0x4A, 0xDA,
    0xDD, 0x40, 0x6C, 0x6E, 0x0C, 0x8B, 0x0B, 0x1B, 0x8B, 0x8C, 0x28, 0x15, 0x1B, 0x9B, 0x3E, 0x85,
    0x3F, 0xE9, 0xB8, 0x0D, 0x9A, 0xB0, 0x9E, 0xAC, 0x75, 0x06, 0xBE, 0x41, 0x73, 0xCF, 0xCB, 0x01,
    0xA5, 0x6D, 0x9D, 0x61, 0x27, 0xE2, 0x9E, 0xB9, 0x4B, 0x6A, 0xA1, 0xD3, 0xEA, 0x5F, 0x94, 0x74,
    0xA0, 0x74, 0xFF, 0xD1, 0x10, 0xAC, 0x1D, 0x6A, 0x61, 0x9F, 0xFC, 0x66, 0x39, 0x18, 0x90, 0x22,
    0x83, 0x8C, 0xDE, 0x26, 0x52, 0x64, 0x41, 0x95, 0xD9, 0x97, 0x28, 0x1B, 0xC5, 0x00, 0xE2, 0xE4,
    0x21, 0xF6, 0x09, 0x86, 0x51, 0x21, 0xAB, 0xB8, 0xBC, 0x0E, 0x91, 0x6E, 0xC4, 0x13, 0xA7, 0x89,
    0x58, 0xFE, 0x8C, 0x96, 0x3F, 0xF8, 0xA0, 0x33, 0x6E, 0x96, 0x3F, 0x8F, 0xAD, 0x22, 0x22, 0x0A,
    0x0E, 0x76, 0xDB, 0x18, 0xF9, 0x60, 0x5B, 0x1A, 0xB5, 0xB2, 0x0A, 0xEE, 0xC1, 0x23, 0xE5, 0xCA,
    0xE4, 0x70, 0x8F, 0xE7, 0x97, 0xAB, 0x70, 0x82, 0xDF, 0x70, 0xFB, 0xFF, 0x93, 0xB6, 0xCE, 0x89,
    0xE0, 0x93, 0x05, 0xA3, 0xE6, 0x9E, 0x87, 0x29, 0x67, 0x78, 0x1B, 0xD6, 0x60, 0x48, 0x4D, 0xC7,
    0x43, 0xAE, 0x23, 0xA6, 0x87, 0xD3, 0x09, 0x87, 0x74, 0x45, 0x78, 0x3D, 0x30, 0xA3, 0x13, 0x2A,
    0xFC, 0x75, 0x63, 0x60, 0x2E, 0x59, 0xFC, 0x5F, 0x70, 0xF1, 0xD9, 0xA0, 0x89, 0x0B, 0xAF, 0xC2,
    0xB7, 0xE0, 0x9C, 0x64, 0xF1, 0x3F, 0x85, 0xE5, 0xC0, 0x22, 0xD3, 0xB7, 0x4C, 0xF2, 0x27, 0x3A,
    0x30, 0xDC, 0x81, 0xDD, 0x6F, 0x4D, 0x34, 0xC5, 0x9F, 0x7F, 0xA3, 0x76, 0x26, 0xB3, 0x20, 0x80,
    0xCC, 0x6A, 0xFC, 0x23, 0x55, 0x7C, 0xB2, 0x6E, 0x67, 0xBC, 0x2A, 0x3D, 0x54, 0x9E, 0x85, 0xD0,
    0xA6, 0xFE, 0xF0, 0x5E, 0xE5, 0xD6, 0x39, 0xA1, 0x65, 0xB7, 0xD3, 0xF0, 0x36, 0x34, 0xD3, 0xA4,
    0xC4, 0xFB, 0x78, 0x44, 0x97, 0xEB, 0xFF, 0xAC, 0xC5, 0x63, 0x6F, 0x70, 0xB1, 0xC5, 0xEC, 0xC7,
    0xC3, 0x43, 0x4D, 0x54, 0x14, 0x27, 0x4E, 0xB8, 0x75, 0x70, 0xB5, 0x40, 0x6A, 0x53, 0x79, 0x93,
    0xAC, 0xE0, 0xB1, 0x55, 0x0F, 0x5C, 0x2A, 0xBA, 0x20, 0xD1, 0xB3, 0x60, 0x14, 0x5C, 0xC7, 0x1F,
    0xC1, 0x13, 0x88, 0x19, 0x1B, 0x8C, 0x8E, 0x0E, 0x46, 0xD0, 0xFC, 0xEE, 0x48, 0x15, 0x09, 0x97,
    0x76, 0x2E, 0x39, 0x4B, 0x39, 0x54, 0x20, 0xE0, 0x7F, 0x25, 0x9C, 0xF1, 0x30, 0x94, 0x0D, 0x61,
    0x68, 0x24, 0x5B, 0x90, 0x61, 0x33, 0x12, 0x38, 0x54, 0x38, 0xDB, 0xFC, 0x61, 0x6C, 0x68, 0x9B,
    0x37, 0x71, 0x19, 0x97, 0xE3, 0x97, 0xED, 0x53, 0x80, 0xD3, 0x10, 0x92, 0xC4, 0x78, 0xBF, 0x7F,
    0x49, 0xFE, 0xEA, 0x56, 0xE6, 0x9C, 0x39, 0x3C, 0xB3, 0x1C, 0xB5, 0x01, 0x54, 0xC9, 0x2B, 0xDD,
    0x26, 0x48, 0xBC, 0x7A, 0x1F, 0x98, 0x73, 0x46, 0xF9, 0x57, 0xA1, 0x62, 0x50, 0xC1, 0xE0, 0x3D,
    0x38, 0xB2, 0x37, 0xE1, 0xD1, 0x20, 0x60, 0x51, 0xC1, 0x30, 0x01, 0xDF, 0xCC, 0xA0, 0xC2, 0x3B,
    0x97, 0x0F, 0x2B, 0x51, 0x52, 0x15, 0xB8, 0xFD, 0xB0, 0x03, 0x02, 0xA2, 0x76, 0x33, 0xF6, 0xDE,
    0x4B, 0x7F, 0x3B, 0xCF, 0xCD, 0x3F, 0x4A, 0x88, 0xA9, 0x82, 0x28, 0x0C, 0xB0, 0x2E, 0xB5, 0x86,
    0xA5, 0x01, 0x6D, 0x0C, 0x19, 0xBE, 0xF9, 0xAD, 0x25, 0x69, 0xE7, 0x61, 0x90, 0x80, 0x74, 0x95,
    0xE1, 0x4E, 0x00, 0x25, 0xE7, 0x38, 0x80, 0xEA, 0x61, 0x55, 0xD8, 0x96, 0xDD, 0x5D, 0xC0, 0x7D,
    0xE8, 0x76, 0x43, 0x01, 0xE7, 0xF3, 0x79, 0x08, 0xDE, 0xD1, 0xBC, 0x82, 0x88, 0x55, 0x29, 0x64,
    0x7F, 0x00, 0x31, 0xEA, 0x30, 0x6B, 0x0C, 0xBE, 0xEB, 0x6C, 0xBF, 0xD2, 0x55, 0x0E, 0x00, 0x2B,
    0xB5, 0xD2, 0x33, 0x73, 0x58, 0x1D, 0x8E, 0x5A, 0x63, 0xFD, 0xDC, 0xC6, 0x6D, 0xBC, 0xC6, 0x13,
    0x9D, 0xF4, 0x37, 0xD6, 0x2A, 0x24, 0xE7, 0xE5, 0x98, 0x59, 0xC2, 0x2E, 0x32, 0x2C, 0xEA, 0x20,
    0x92, 0xC6, 0x84, 0xCD, 0xBE, 0x68, 0x44, 0xAF, 0x0D, 0x87, 0xBE, 0x61, 0x6C, 0x35, 0x16, 0xDB,
    0x82, 0xD1, 0x93, 0x11, 0x5D, 0x6A, 0x0D, 0xF4, 0x06, 0x62, 0x0B, 0x43, 0x65, 0x45, 0x6F, 0xE6,
    0xF0, 0x76, 0x80, 0x2B, 0x2D, 0x9C, 0x86, 0xDB, 0xC1, 0x22, 0xBB, 0x34, 0x5B, 0x1E, 0x0D, 0xBF,
    0xD7, 0x82, 0x39, 0xC8, 0xBA, 0x2B, 0xC5, 0xBD, 0x52, 0x7C, 0xBF, 0xE2, 0x02, 0x60, 0x76, 0x38,
    0xC0, 0x44, 0xD0, 0x0C, 0x51, 0x95, 0x7B, 0xE6, 0x38, 0xCB, 0xB3, 0xAB, 0x7E, 0x17, 0xB7, 0x6A,
    0xF4, 0x5F, 0x61, 0xA5, 0x0B, 0x31, 0xEC, 0x62, 0xD6, 0xC1, 0x27, 0x9A, 0x3C, 0xB7, 0x19, 0x60,
    0x4E, 0x18, 0xF7, 0xCA, 0x1A, 0x9B, 0x75, 0x2C, 0x0C, 0xAE, 0x42, 0x80, 0xDF, 0x62, 0xE2, 0x1D,
    0xE2, 0x5F, 0x10, 0x10, 0x98, 0xD2, 0xA8, 0x36, 0x84, 0x46, 0x05, 0x05, 0xBE, 0x91, 0x8C, 0x3F,
    0x97, 0x4D, 0x00, 0x69, 0xA3, 0x51, 0xDF, 0xD8, 0xA4, 0x51, 0x24, 0x6B, 0x57, 0x42, 0xBA, 0x74,
    0x09, 0xC2, 0x7E, 0x77, 0xA5, 0x02, 0x65, 0xF0, 0x59, 0xDE, 0xC8, 0x6F, 0x31, 0xC2, 0xAE, 0x06,
    0x55, 0xCF, 0x2A, 0x32, 0x96, 0xBF, 0xA4, 0x29, 0x24, 0x63, 0x0D, 0x7B, 0x8D, 0x4C, 0x52, 0x2A,
    0x47, 0x94, 0xCB, 0xDE, 0xEC, 0x61, 0xA3, 0x5E, 0x08, 0xB8, 0x51, 0x23, 0x87, 0x66, 0xFC, 0x38,
    0x0C, 0xCB, 0x71, 0x48, 0xC8, 0x59, 0x58, 0x26, 0xA2, 0xAB, 0xA5, 0x8A, 0x2F, 0xC0, 0xA1, 0xFF,
    0x1C, 0x38, 0xEC, 0x65, 0x88, 0x1A, 0x1C, 0x20, 0xD9, 0xE3, 0x31, 0xCB, 0x1C, 0x32, 0xD3, 0x64,
    0x6E, 0xA9, 0xFE, 0x39, 0xE3, 0xBF, 0xBA, 0x47, 0x58, 0xA7, 0x7E, 0x84, 0x6C, 0x67, 0x74, 0x82,
    0x49, 0x45, 0xCD, 0x10, 0xDA, 0x93, 0x20, 0x54, 0xE2, 0x81, 0xED, 0xCF, 0xFF, 0xDA, 0x84, 0xC9,
    0xD8, 0xBC, 0x26, 0xFA, 0x6D, 0x87, 0x38, 0x91, 0x92, 0x8E, 0x6D, 0x15, 0x79, 0x8F, 0x33, 0x9A,
    0x56, 0xE8, 0x8E, 0x18, 0x57, 0x1A, 0x4A, 0x0D, 0x41, 0x4B, 0x13, 0x82, 0x17, 0xE9, 0x01, 0x30,
    0x1F, 0x0B, 0x1B, 0x61, 0x37, 0x11, 0x6B, 0xAC, 0x40, 0x5E, 0xAF, 0x4A, 0x8C, 0xE2, 0x8A, 0xFC,
    0x50, 0x0B, 0xD4, 0x36, 0xAA, 0x01, 0x70, 0x15, 0x09, 0xE3, 0xC5, 0xB3, 0xFA, 0xEB, 0x66, 0x57,
    0xD5, 0x4E, 0x97, 0x53, 0xE5, 0x27, 0x41, 0xDB, 0x6B, 0x48, 0x8A, 0xDE, 0x85, 0xB9, 0xA4, 0x1A,
    0xE1, 0x5B, 0x4C, 0xCC, 0xA1, 0x06, 0x6A, 0x3F, 0x08, 0xAA, 0x21, 0xE2, 0x25, 0x60, 0xEA, 0x22,
    0x1D, 0xE6, 0xC8, 0x94, 0x6F, 0x50, 0xD3, 0xB7, 0x41, 0xD3, 0x5B, 0xE8, 0x6B, 0x63, 0xA2, 0xA3,
    0xD9, 0xCA, 0x64, 0x0E, 0x74, 0x85, 0xEB, 0xCC, 0xD3, 0xA1, 0x79, 0xCE, 0x52, 0xDC, 0x40, 0x21,
    0xFA, 0x9D, 0xB3, 0xB3, 0x06, 0xF0, 0xCF, 0xC1, 0x86, 0x2E, 0x3C, 0x0D, 0xDF, 0x77, 0x98, 0x9E,
    0x8F, 0xBF, 0xF4, 0x7D, 0x64, 0xA6, 0xC4, 0x4F, 0x50, 0xD9, 0x19, 0xFC, 0x97, 0x5F, 0x63, 0xBF,
    0x37, 0xED, 0xB4, 0xAC, 0x2B, 0xC5, 0xBA, 0x62, 0x81, 0x89, 0xB0, 0x3A, 0x88, 0x70, 0x7E, 0x50,
    0x83, 0xFC, 0xFC, 0x99, 0xFC, 0x5F, 0x6A, 0xB1, 0x46, 0xBA, 0xA6, 0x3D, 0xEA, 0xD5, 0xF6, 0x36,
    0xCD, 0x7C, 0xAF, 0xCC, 0x2C, 0x96, 0x2E, 0x3D, 0x63, 0x63, 0xF7, 0xF1, 0xEE, 0x13, 0x63, 0x82,
    0x60, 0x67, 0xE3, 0xFD, 0x72, 0x13, 0x35, 0xB3, 0xBC, 0x4C, 0x24, 0x55, 0xED, 0x5F, 0x1E, 0xA9,
    0x05, 0x54, 0xCB, 0x1E, 0x8A, 0x32, 0x53, 0x25, 0xC1, 0xDF, 0xF9, 0x9F, 0xA6, 0x05, 0x8B, 0x09,
    0x4C, 0x9F, 0xC0, 0x75, 0x3C, 0x91, 0x6B, 0xAF, 0xE7, 0x59, 0x9F, 0x67, 0x2F, 0x2F, 0x51, 0x88,
    0x91, 0xEB, 0x85, 0x23, 0x9B, 0xEA, 0x87, 0x43, 0x9B, 0xF0, 0x63, 0x7E, 0x8C, 0x0C, 0x93, 0x74,
    0xC3, 0xF1, 0x27, 0xDA, 0x67, 0xA1, 0x40, 0x4B, 0xB9, 0x20, 0x7F, 0x04, 0x30, 0xAA, 0xD2, 0xF8,
    0x30, 0xFE, 0x86, 0xEA, 0xFF, 0x76, 0x0B, 0xB0, 0xC3, 0xD7, 0xE5, 0xC4, 0x3A, 0x2E, 0x99, 0x64,
    0x50, 0x3C, 0xE9, 0x74, 0x49, 0x07, 0xBE, 0x36, 0xFE, 0x25, 0x25, 0x53, 0x63, 0xCF, 0x73, 0xF9,
    0xA5, 0xBC, 0x46, 0xBF, 0x1C, 0xF1, 0xFB, 0xD6, 0x35, 0x25, 0xF0, 0x6A, 0xB0, 0xE4, 0xAF, 0x02,
    0x86, 0x00, 0x8F, 0x66, 0xA5, 0x1A, 0x88, 0x7D, 0x7C, 0x0C, 0xF1, 0x8A, 0x9E, 0x14, 0x9C, 0x8E,
    0x42, 0x9E, 0xB9, 0xB6, 0xEE, 0x08, 0xAC, 0x50, 0x37, 0xD6, 0xC9, 0x5D, 0xAB, 0xB0, 0x62, 0x03,
    0xEA, 0x46, 0x1B, 0x94, 0x39, 0x35, 0xA4, 0x60, 0x56, 0x45, 0x8E, 0x7B, 0xB5, 0xC4, 0xF0, 0x1B,
    0x1C, 0x03, 0x88, 0x3D, 0xAC, 0xCE, 0xAF, 0x08, 0xE6, 0xD2, 0x57, 0x60, 0x0D, 0x18, 0x47, 0xF4,
    0x19, 0xD4, 0x90, 0x22, 0x7D, 0x0E, 0x42, 0x0E, 0x9B, 0x9F, 0x8C, 0x2B, 0x77, 0xA7, 0x48, 0x13,
    0x51, 0x1E, 0x2A, 0x12, 0xAD, 0x33, 0x87, 0xC6, 0x0C, 0x08, 0x8D, 0x6B, 0x52, 0x47, 0x61, 0xBD,
    0x42, 0x69, 0x05, 0xD1, 0x83, 0x4E, 0xB2, 0x02, 0x46, 0x99, 0x35, 0xD8, 0x13, 0x4F, 0xB8, 0x23,
    0xE9, 0x24, 0xA3, 0x34, 0x70, 0x44, 0x40, 0xCD, 0xA3, 0xB7, 0x1E, 0x38, 0x48, 0xAA, 0x0D, 0x8C,
    0xFC, 0x04, 0xF4, 0xF6, 0x04, 0xE2, 0x83, 0xFB, 0x9C, 0x5B, 0x9E, 0xD3, 0x03, 0xF1, 0x8E, 0xE5,
    0x37, 0xD9, 0xB5, 0x1D, 0x09, 0xB5, 0x23, 0xA0, 0x1B, 0xF0, 0xEC, 0x56, 0xC3, 0x90, 0x3E, 0x53,
    0xBB, 0x1D, 0xBC, 0x13, 0x8C, 0x39, 0xFD, 0xC3, 0x66, 0x05, 0xDF, 0xAC, 0xE4, 0x56, 0x19, 0x6D,
    0x20, 0x6E, 0x8B, 0x80, 0x53, 0x11, 0x82, 0x59, 0xC5, 0xC8, 0x94, 0x75, 0xFC, 0xA4, 0x8F, 0x51,
    0x14, 0xC1, 0x2D, 0xC4, 0x72, 0x4A, 0x82, 0x39, 0xF9, 0x77, 0x08, 0xFE, 0xCA, 0xAA, 0x64, 0xA4,
    0x9C, 0xB5, 0x9F, 0x11, 0x41, 0x9D, 0x42, 0x54, 0xA7, 0xC6, 0x61, 0xDD, 0x56, 0x97, 0x31, 0xB4,
    0x2E, 0xE3, 0xAD, 0x44, 0x10, 0x87, 0xCF, 0x73, 0x19, 0x6A, 0x17, 0xBC, 0x28, 0xE8, 0x75, 0x51,
    0x7A, 0xF5, 0xCA, 0x00, 0xE6, 0x75, 0x9B, 0xF2, 0x44, 0xA5, 0x86, 0x06, 0x00, 0x80, 0xBA, 0x6C,
    0x03, 0x23, 0x16, 0xB0, 0x9E, 0xFD, 0x00, 0xA7, 0xE3, 0x9F, 0x34, 0x82, 0x11, 0x9B, 0x1F, 0xE3,
    0xB7, 0x55, 0x42, 0x25, 0x30, 0xE6, 0xC0, 0x98, 0x00, 0x63, 0xE8, 0x18, 0xED, 0x32, 0x90, 0x31,
    0x32, 0x70, 0x24, 0x8B, 0x57, 0x8A, 0x38, 0x4A, 0xB6, 0x6D, 0xB3, 0x4A, 0x93, 0xD3, 0xC9, 0x2A,
    0x71, 0xB0, 0x94, 0x10, 0x41, 0x9E, 0xF8, 0x3F, 0x30, 0x2F, 0x17, 0x62, 0xF1, 0xFA, 0x69, 0xAE,
    0xF5, 0xE4, 0x93, 0x39, 0xF7, 0x8E, 0x55, 0x00, 0x0A, 0x60, 0x81, 0xE8, 0xC6, 0xFC, 0x52, 0x38,
    0xFD, 0xAD, 0xEA, 0x58, 0x4C, 0x39, 0xDB, 0x6B, 0xEC, 0x4F, 0x33, 0xB5, 0x3F, 0x12, 0x37, 0x99,
    0xC0, 0x09, 0x41, 0x13, 0x4D, 0x4F, 0x20, 0x35, 0xD5, 0x1D, 0xE2, 0x30, 0x76, 0x0B, 0x3C, 0xB0,
    0x97, 0x22, 0x82, 0xF0, 0xE9, 0x53, 0x84, 0x3F, 0x47, 0xE9, 0x8B, 0x18, 0x40, 0x01, 0x53, 0x28,
    0xE9, 0x49, 0x19, 0x42, 0xC1, 0x3B, 0x65, 0xC1, 0xA7, 0x0C, 0xA2, 0xC6, 0x15, 0x6C, 0x2C, 0xD6,
    0x91, 0xE5, 0x1A, 0xD4, 0xDC, 0x2C, 0x97, 0x73, 0xC2, 0x2F, 0x13, 0x88, 0xAD, 0x05, 0x88, 0x45,
    0x84, 0xBB, 0xAE, 0x82, 0x8D, 0xB5, 0x0D, 0x7C, 0xBF, 0xE4, 0x3C, 0xD6, 0xA6, 0x5A, 0xCB, 0x6A,
    0xC2, 0x19, 0xCE, 0x1C, 0x67, 0x93, 0x99, 0x3D, 0x81, 0xE7, 0xC6, 0x65, 0x07, 0x59, 0x1C, 0x05,
    0xB8, 0xAF, 0xAF, 0x08, 0x86, 0x02, 0x7D, 0xA5, 0x10, 0x2B, 0x4A, 0xF1, 0xE7, 0xC4, 0x39, 0xC5,
    0x75, 0xE2, 0x1C, 0x8B, 0xC0, 0x0D, 0x0D, 0xF3, 0xDA, 0x71, 0x5D, 0xF4, 0xA6, 0xE3, 0x53, 0xD1,
    0x03, 0x0A, 0x06, 0x43, 0x79, 0x16, 0x13, 0xCB, 0x5B, 0x8E, 0x95, 0x4D, 0xD6, 0x9C, 0x7C, 0x57,
    0x05, 0x19, 0x20, 0x28, 0x76, 0x16, 0xAC, 0xDF, 0xB1, 0xE8, 0xE5, 0xA6, 0xD6, 0xF9, 0x2B, 0xAC,
    0xD3, 0xB3, 0x60, 0xA1, 0x36, 0xDB, 0xE3, 0x10, 0x8D, 0x9B, 0x00, 0x85, 0x1E, 0x61, 0x9A, 0x8E,
    0x42, 0xDD, 0x61, 0x43, 0xFF, 0xB1, 0x94, 0x6A, 0xA4, 0x00, 0xA7, 0xA2, 0x44, 0xCA, 0x7C, 0x11,
    0x15, 0x20, 0xE7, 0x83, 0xD2, 0xB5, 0x68, 0x20, 0xE9, 0x05, 0x53, 0xAD, 0x83, 0x13, 0x05, 0x8E,
    0x99, 0x10, 0xCF, 0x74, 0xF5, 0x41, 0x2A, 0x70, 0x90, 0x3E, 0x4D, 0xC3, 0xB1, 0x2F, 0xFE, 0x11,
    0x15, 0xE8, 0x78, 0xFC, 0x5F, 0x04, 0xB8, 0x94, 0x78, 0x03, 0xD9, 0xB0, 0x94, 0x1F, 0x0A, 0x83,
    0xC8, 0x02, 0x28, 0x80, 0xD0, 0x24, 0x3B, 0xD5, 0x3F, 0x44, 0xFA, 0x8C, 0xE5, 0xAB, 0x23, 0x65,
    0x94, 0x45, 0x89, 0x5F, 0x85, 0x05, 0xAA, 0x67, 0x18, 0x43, 0xD8, 0x88, 0xA0, 0xD8, 0x27, 0xE3,
    0x02, 0x02, 0xB5, 0xA0, 0x38, 0x83, 0x31, 0x1E, 0x02, 0x11, 0xA9, 0xF5, 0xCF, 0x10, 0xB1, 0xFC,
    0xEE, 0xF5, 0xB7, 0x81, 0x0B, 0x6A, 0x56, 0x3C, 0x06, 0xAC, 0x40, 0xC2, 0xDC, 0xFB, 0xA5, 0x14,
    0x87, 0xF1, 0x82, 0x15, 0x62, 0x33, 0x94, 0xF0, 0xED, 0x6B, 0x1B, 0x2F, 0x10, 0xFF, 0xA9, 0xD4,
    0xBE, 0x10, 0xDF, 0xFD, 0x76, 0x34, 0x7C, 0xA1, 0xC7, 0x66, 0x69, 0x92, 0xD2, 0x77, 0x08, 0xC9,
    0xB0, 0x5C, 0x95, 0xF7, 0x35, 0xC8, 0xE9, 0x12, 0x27, 0x00, 0x87, 0xB9, 0x0E, 0x0D, 0x11, 0x29,
    0x13, 0xC1, 0x99, 0xC3, 0xB3, 0xC4, 0x6F, 0x5B, 0x41, 0xE7, 0x46, 0x57, 0xA8, 0x50, 0x5A, 0x94,
    0x6B, 0x24, 0x76, 0xA0, 0x75, 0xA9, 0x5C, 0x28, 0x72, 0xAD, 0x2B, 0x66, 0x14, 0x50, 0xA8, 0x4A,
    0x32, 0x03, 0x09, 0x0D, 0x24, 0x84, 0x1A, 0x9A, 0x7C, 0x01, 0x6E, 0x72, 0x5D, 0x23, 0xB5, 0x75,
    0xAE, 0x81, 0x8D, 0x64, 0xB3, 0x70, 0x1C, 0x58, 0x7C, 0xFC, 0xA1, 0xD4, 0x09, 0xB8, 0x37, 0x01,
    0xE4, 0x5C, 0x9D, 0x37, 0x00, 0xC5, 0x59, 0x93, 0x18, 0x28, 0x83, 0x9C, 0xF3, 0x61, 0xE0, 0x19,
    0x83, 0xCA, 0xA6, 0xCF, 0xEA, 0x67, 0xE9, 0x48, 0x13, 0xAB, 0x9A, 0x53, 0x0F, 0xD2, 0x93, 0x08,
    0x9C, 0x0E, 0x00, 0x47, 0x9A, 0x1D, 0x4A, 0xAF, 0x40, 0xFD, 0x13, 0x59, 0x4F, 0x02, 0x30, 0x60,
    0x6A, 0x29, 0x10, 0x5E, 0xD8, 0xF7, 0x90, 0x80, 0x0B, 0xB0, 0x18, 0xA7, 0x21, 0x92, 0xC2, 0xFD,
    0x80, 0xB2, 0x0D, 0x59, 0xD7, 0x0C, 0x99, 0x18, 0x6F, 0xE4, 0x1F, 0xAD, 0x8A, 0xF1, 0x20, 0x82,
    0x43, 0x0B, 0x07, 0x3C, 0x23, 0xA3, 0xBA, 0xC6, 0xD9, 0x36, 0xA8, 0x5D, 0x34, 0x7C, 0x80, 0x05,
    0x9C, 0x8E, 0x38, 0xCC, 0x26, 0x2F, 0x9A, 0x1A, 0x32, 0x93, 0x49, 0xAC, 0xB5, 0xC6, 0x31, 0xA0,
    0xB1, 0x54, 0x7B, 0x64, 0x5C, 0x10, 0xFA, 0xCE, 0xC8, 0x28, 0xB5, 0x00, 0xF7, 0xDD, 0x77, 0x69,
    0xAF, 0x7E, 0xF4, 0x06, 0x0D, 0x6C, 0xF8, 0x0C, 0xC6, 0x7D, 0x11, 0x91, 0xD3, 0xE3, 0x31, 0xED,
    0x64, 0x15, 0x83, 0x3B, 0x83, 0xF2, 0x04, 0x48, 0x9A, 0xAB, 0xCE, 0xFB, 0xE0, 0x5C, 0xFD, 0x4A,
    0xCC, 0xA9, 0x67, 0x92, 0x1E, 0x12, 0x97, 0xD0, 0xEE, 0x5D, 0xCE, 0xF4, 0x3A, 0x4D, 0xDE, 0xF7,
    0x38, 0xCF, 0xCB, 0xB5, 0x09, 0x98, 0xD4, 0x1F, 0xB3, 0x5C, 0xF4, 0xFE, 0x6F, 0xE0, 0xA1, 0x2E,
    0x7E, 0x0C, 0x68, 0xFC, 0xE9, 0x12, 0x05, 0xE7, 0x67, 0x7E, 0x06, 0x28, 0xE6, 0xF5, 0xD7, 0x21,
    0x47, 0xC4, 0xD7, 0x48, 0xD8, 0x4A, 0x47, 0x94, 0xC7, 0x48, 0x94, 0xB4, 0xDE, 0x20, 0xFA, 0x78,
    0xD7, 0x20, 0x1A, 0xDE, 0xF3, 0xC6, 0xE0, 0x07, 0x34, 0xFE, 0x78, 0xDF, 0x3E, 0xFB, 0x3C, 0xCE,
    0xCF, 0x4A, 0x17, 0x0A, 0x9F, 0xCF, 0x3E, 0x7A, 0xE5, 0x32, 0xF5, 0x44, 0xB9, 0x6F, 0xBC, 0x66,
    0xF0, 0xE7, 0x47, 0x5E, 0x6B, 0xA8, 0x5A, 0x21, 0xF0, 0x04, 0x2A, 0xE6, 0x42, 0xF8, 0x14, 0xD1,
    0x01, 0x75, 0x2C, 0x3A, 0x24, 0x00, 0x57, 0x15, 0x0F, 0x28, 0x7B, 0xDF, 0xAB, 0x63, 0x8F, 0x3B,
    0xF4, 0x7C, 0x7B, 0x22, 0xD4, 0x05, 0xF6, 0x06, 0x36, 0x1D, 0x7B, 0xE3, 0xC9, 0x67, 0x02, 0x19,
    0xF7, 0x09, 0x0E, 0x33, 0xDF, 0xB1, 0xE6, 0x8C, 0x3C, 0xD8, 0xDB, 0x38, 0xB5, 0xA1, 0x65, 0x6F,
    0x34, 0xA0, 0xE8, 0x20, 0x26, 0xA4, 0xB2, 0x7B, 0x3F, 0x0D, 0xFB, 0xC2, 0x13, 0x34, 0x18, 0xA7,
    0x5F, 0x81, 0x1C, 0x5E, 0xA8, 0x21, 0xC5, 0xF1, 0x1B, 0x6D, 0x6B, 0x6A, 0x34, 0x93, 0x31, 0x97,
    0xEE, 0x83, 0x38, 0xA1, 0x15, 0xA2, 0x26, 0x92, 0xD4, 0x05, 0xE9, 0x08, 0x31, 0x95, 0xDF, 0x61,
    0xDF, 0xA3, 0xE5, 0x76, 0x5D, 0x4E, 0x7E, 0x8C, 0xD0, 0x8F, 0x17, 0xBE, 0xDA, 0xC2, 0xAA, 0xC6,
    0x27, 0x11, 0x0F, 0xA8, 0x7C, 0x40, 0x09, 0xE9, 0xA8, 0xAF, 0x30, 0x80, 0x75, 0x30, 0x9C, 0xAB,
    0xC3, 0x75, 0x1F, 0x7A, 0x9B, 0x33, 0x45, 0x75, 0x96, 0x11, 0x52, 0x0B, 0xAE, 0x82, 0x19, 0xD6,
    0x97, 0xCF, 0x11, 0x57, 0x77, 0x68, 0x9B, 0x3B, 0x29, 0x3C, 0xC7, 0xFF, 0x9E, 0xA2, 0x9A, 0x4B,
    0x6F, 0x0F, 0x65, 0x4B, 0xA5, 0xE1, 0x6B, 0xF8, 0xD7, 0x51, 0x74, 0x91, 0x38, 0x68, 0x74, 0x11,
    0x8E, 0xA4, 0x8E, 0x51, 0xD1, 0x0B, 0xCB, 0xFC, 0x67, 0x10, 0xD0, 0x83, 0xCC, 0xEE, 0x95, 0x48,
    0x30, 0x5C, 0x10, 0xF6, 0x48, 0x9E, 0xEC, 0xBF, 0x49, 0xA0, 0x29, 0x74, 0x31, 0xC5, 0x40, 0xDC,
    0xBD, 0x5F, 0xA2, 0xA0, 0x82, 0x3D, 0x72, 0xAB, 0xD0, 0xE0, 0xB0, 0xED, 0x71, 0x23, 0x1B, 0x5D,
    0xBF, 0x47, 0x44, 0x24, 0x9F, 0xFD, 0x7E, 0x97, 0xE7, 0x44, 0xB2, 0x0C, 0x0A, 0x44, 0x10, 0xFF,
    0x7C, 0xC0, 0x1A, 0x5F, 0x08, 0x28, 0x87, 0x45, 0x85, 0x38, 0x1B, 0xF9, 0x6C, 0x1B, 0x4A, 0x1D,
    0xA4, 0xD7, 0xE0, 0x3C, 0x82, 0x55, 0xAF, 0xC2, 0x1E, 0xB5, 0xF7, 0x8F, 0xDC, 0xF5, 0x54, 0xAF,
    0x95, 0xB1, 0x3E, 0xA0, 0xB1, 0x47, 0x20, 0x32, 0x09, 0xA5, 0xC3, 0x62, 0x48, 0xE4, 0x7A, 0xF9,
    0x88, 0x80, 0x9A, 0xD9, 0x22, 0xF7, 0x29, 0x2C, 0x6A, 0x6E, 0x94, 0xFF, 0x49, 0xC1, 0x9D, 0x7A,
    0x59, 0x1B, 0x35, 0xA2, 0xE3, 0xAA, 0x82, 0xF7, 0x5B, 0x28, 0x7D, 0x19, 0x5D, 0x6C, 0xCE, 0x53,
    0x93, 0x0E, 0xA1, 0xE3, 0x10, 0x1E, 0xCC, 0xAB, 0x62, 0x15, 0xFD, 0x74, 0x14, 0x36, 0xF1, 0x6A,
    0xFC, 0x46, 0x19, 0x8F, 0x4C, 0x87, 0x0E, 0xDC, 0xC4, 0x2B, 0xCA, 0xF9, 0xE4, 0x6F, 0x45, 0x99,
    0x18, 0x20, 0xA5, 0x7F, 0xD6, 0xD2, 0x5A, 0x38, 0xB4, 0xE0, 0x67, 0xFB, 0xB8, 0x85, 0x85, 0xB3,
    0x90, 0xD9, 0x68, 0xA2, 0x76, 0xF5, 0xE2, 0xEB, 0x35, 0x9B, 0x63, 0x17, 0xFC, 0xFB, 0x37, 0x75,
    0xE6, 0xEB, 0xBF, 0x91, 0xCE, 0xCA, 0x45, 0x44, 0x83, 0x8B, 0x0E, 0xDC, 0xE6, 0x1A, 0xAA, 0xCE,
    0xEB, 0x0F, 0x63, 0x53, 0x10, 0xEB, 0x7E, 0xCB, 0x49, 0x44, 0x2D, 0xC3, 0x27, 0xB0, 0xD7, 0x2C,
    0x45, 0x43, 0xCA, 0x60, 0xC7, 0x3C, 0x24, 0x85, 0x4E, 0x26, 0x50, 0xB3, 0x01, 0xFA, 0xC4, 0x88,
    0x74, 0x36, 0x74, 0xCA, 0xCD, 0xFF, 0x9F, 0x63, 0x4B, 0xE3, 0xAA, 0x3A, 0x91, 0x98, 0x16, 0x97,
    0x66, 0x16, 0xFD, 0x79, 0x39, 0xD2, 0xA0, 0x0F, 0xCE, 0x49, 0x58, 0x15, 0x37, 0xAC, 0x9E, 0x24,
    0x51, 0xB3, 0xD2, 0x3D, 0x0C, 0x09, 0x96, 0x48, 0x57, 0x19, 0xCC, 0x40, 0x09, 0x7C, 0x31, 0x64,
    0xB0, 0x00, 0xC4, 0x40, 0x99, 0x58, 0x4F, 0x11, 0xAE, 0x84, 0x46, 0x06, 0x52, 0x95, 0xE2, 0x23,
    0x23, 0xEE, 0x55, 0xC7, 0x87, 0xE8, 0x00, 0xC4, 0x20, 0x29, 0xD0, 0xF3, 0xE3, 0x49, 0xBF, 0xA8,
    0x59, 0x91, 0x8D, 0x4D, 0x94, 0xBA, 0xDF, 0x64, 0x1D, 0xB1, 0x8D, 0x29, 0x29, 0xE7, 0x66, 0xF0,
    0x38, 0x88, 0x14, 0x02, 0x5D, 0x9D, 0xCD, 0x82, 0x7B, 0xE0, 0x7E, 0xC3, 0x38, 0xFB, 0xA7, 0x4D,
    0x14, 0x15, 0x5E, 0xBD, 0xDF, 0x43, 0x29, 0x7B, 0xFF, 0x00, 0xC8, 0xCF, 0x13, 0xE8, 0x72, 0xAB,
    0xCE, 0x61, 0x28, 0x5B, 0x07, 0x4A, 0xD5, 0x0E, 0x8A, 0xF0, 0xCD, 0xC6, 0x4D, 0xC2, 0xF7, 0x9A,
    0x40, 0x05, 0xBF, 0xAB, 0x8F, 0x73, 0x3F, 0xA5, 0x3A, 0x9E, 0x98, 0xB8, 0xD0, 0xB4, 0x54, 0x49,
    0xC6, 0x2F, 0x36, 0x2D, 0x2A, 0x36, 0x95, 0xEA, 0x1C, 0x1A, 0xEE, 0xF0, 0x23, 0x71, 0x40, 0x70,
    0x09, 0x4C, 0x13, 0xDD, 0xC6, 0x46, 0x49, 0xAC, 0x4C, 0x03, 0x64, 0xBA, 0xBC, 0x0A, 0x1B, 0xAB,
    0x47, 0x47, 0xAA, 0xF4, 0xCD, 0x5C, 0x03, 0x67, 0xDA, 0xBE, 0x06, 0x7C, 0xD4, 0x98, 0x7E, 0x46,
    0x67, 0xE6, 0x8B, 0xCC, 0x32, 0x19, 0x68, 0x8D, 0x56, 0xE8, 0x87, 0x49, 0xAB, 0x24, 0x29, 0xB3,
    0x2F, 0x48, 0xB8, 0x0D, 0xB5, 0xC9, 0x98, 0xC3, 0xD3, 0x0C, 0x10, 0xA4, 0xCA, 0x3B, 0x80, 0x65,
    0xD8, 0x62, 0xED, 0xA4, 0x85, 0x16, 0xC8, 0x17, 0x11, 0x03, 0x25, 0xFC, 0x32, 0xC2, 0x34, 0x1B,
    0xE6, 0xE7, 0x68, 0xC2, 0xA9, 0xD3, 0x75, 0x38, 0x3C, 0xAC, 0x65, 0xFF, 0x31, 0x53, 0xA3, 0xAC,
    0x60, 0x1E, 0xFC, 0x1A, 0x48, 0x81, 0xC7, 0x2E, 0x38, 0x84, 0x92, 0x14, 0xA4, 0x3D, 0x0C, 0x30,
    0x17, 0x38, 0x1C, 0xE3, 0x50, 0xD1, 0xCF, 0xB0, 0x8C, 0xD5, 0x31, 0xCC, 0x92, 0xD9, 0x74, 0xDF,
    0xC9, 0xC4, 0x48, 0x8E, 0xC1, 0xF8, 0x8C, 0x4A, 0x4B, 0x53, 0xE3, 0xB9, 0x0A, 0x9F, 0x8F, 0x0D,
    0x00, 0x80, 0x9A, 0x30, 0x28, 0xE5, 0x7C, 0xBB, 0x39, 0xC8, 0x7C, 0x47, 0x29, 0xC3, 0xEC, 0x41,
    0x1C, 0x0D, 0x37, 0x4D, 0xD5, 0x6D, 0xF6, 0x9B, 0xE7, 0x29, 0xBA, 0x11, 0x91, 0x5B, 0x9F, 0x3D,
    0x0E, 0x83, 0xE1, 0x69, 0x75, 0x87, 0x49, 0x30, 0x7B, 0xD7, 0x9E, 0x67, 0xF9, 0x89, 0x91, 0x4C,
    0x14, 0x30, 0xAC, 0x3C, 0x58, 0x8C, 0x53, 0xF4, 0xDB, 0x4B, 0x60, 0xDF, 0x14, 0xC0, 0x37, 0x5D,
    0x6E, 0xD5, 0x94, 0x7B, 0x67, 0xCD, 0x3B, 0x31, 0x65, 0xC4, 0xF8, 0xD5, 0xC3, 0xEA, 0x45, 0x5A,
    0xBF, 0xD7, 0x11, 0x7B, 0x02, 0x93, 0x89, 0x5F, 0x45, 0xFC, 0x29, 0x55, 0x76, 0xC4, 0xA0, 0xD2,
    0x79, 0x85, 0x38, 0x94, 0xB5, 0xF6, 0x22, 0x57, 0xC7, 0x52, 0x76, 0x0B, 0xA4, 0x00, 0x4D, 0xD1,
    0x30, 0x90, 0xA4, 0x07, 0x4A, 0x3E, 0x55, 0xFC, 0x54, 0x21, 0x75, 0xD3, 0xF8, 0x69, 0x84, 0x27,
    0x84, 0x29, 0xDE, 0x50, 0x2C, 0x0C, 0x13, 0x89, 0x22, 0xB6, 0x41, 0x34, 0x4A, 0x22, 0x05, 0x8A,
    0xB4, 0xD3, 0xB7, 0x61, 0x53, 0xB0, 0xED, 0x1A, 0x9F, 0xB0, 0x4B, 0x35, 0x28, 0xDE, 0xAE, 0x35,
    0xF3, 0xCF, 0x91, 0x44, 0xC5, 0xBB, 0x56, 0x67, 0x96, 0x9C, 0x55, 0x14, 0xD7, 0x83, 0xC6, 0x45,
    0x4A, 0x9B, 0x33, 0x25, 0x81, 0x95, 0x83, 0xD7, 0x43, 0x6D, 0x25, 0xBE, 0x80, 0x07, 0x60, 0x04,
    0xC0, 0x12, 0x15, 0xC5, 0xB9, 0x73, 0x58, 0xC7, 0xC8, 0x3A, 0x57, 0xA4, 0x33, 0xF7, 0x12, 0x0A,
    0x68, 0x1A, 0x28, 0x41, 0xDB, 0x80, 0xE7, 0xB2, 0x69, 0x13, 0x04, 0x03, 0x0E, 0x40, 0x50, 0x49,
    0x81, 0x8D, 0xCC, 0xAB, 0x42, 0x93, 0xDD, 0x2E, 0xAA, 0xA9, 0x9E, 0x3A, 0x69, 0x73, 0x56, 0xDF,
    0x91, 0x4A, 0x95, 0x4A, 0xCD, 0xD2, 0x44, 0x37, 0x02, 0xD9, 0xDB, 0x91, 0xED, 0xDE, 0xCC, 0xFD,
    0x47, 0x2A, 0xA8, 0x1F, 0x84, 0x82, 0xB8, 0x83, 0x74, 0xD9, 0x08, 0x6E, 0x23, 0xC9, 0x0C, 0xB8,
    0x27, 0x83, 0xD7, 0xA6, 0x2C, 0xFE, 0xA7, 0x6C, 0x00, 0xE5, 0x20, 0xED, 0x0C, 0x0C, 0xC5, 0x52,
    0x18, 0x80, 0xFF, 0x00, 0xBF, 0xAC, 0xAF, 0xD6, 0x22, 0x76, 0x56, 0xF7, 0x9D, 0x44, 0xDA, 0x62,
    0x8D, 0xA5, 0x85, 0x49, 0xF0, 0x7E, 0xFB, 0xFC, 0x90, 0x18, 0x16, 0x42, 0x40, 0x7C, 0x1F, 0x65,
    0x78, 0xB8, 0x68, 0xFA, 0x19, 0xFC, 0x96, 0xAC, 0x85, 0xF6, 0x45, 0x9B, 0x18, 0x0E, 0x41, 0xD2,
    0xDE, 0x73, 0xE3, 0xE4, 0x73, 0xC6, 0x90, 0x16, 0xAF, 0xDB, 0x48, 0xD1, 0x74, 0xC0, 0x4B, 0x4D,
    0xCE, 0xD8, 0xAE, 0xF1, 0x63, 0x60, 0xF4, 0xF7, 0x9E, 0x4D, 0xC2, 0x93, 0xCD, 0xB1, 0x34, 0x7E,
    0xA5, 0xCC, 0xD7, 0xE8, 0x9D, 0xAB, 0x91, 0x07, 0x07, 0xE6, 0x96, 0xF0, 0xD0, 0x10, 0xCE, 0xEC,
    0x28, 0x82, 0xBB, 0x4A, 0x84, 0x49, 0x4C, 0x94, 0x90, 0x3A, 0x7E, 0x00, 0xDF, 0x11, 0xD3, 0xD8,
    0x48, 0xA8, 0x19, 0xD4, 0xF2, 0x08, 0x2B, 0x79, 0xB0, 0x45, 0x40, 0x99, 0x3E, 0x0E, 0x78, 0x5A,
    0xE0, 0x92, 0x25, 0x76, 0x17, 0xA0, 0x69, 0xD7, 0xA5, 0x39, 0x65, 0xA5, 0x0E, 0xA6, 0x5A, 0x79,
    0xD5, 0xE0, 0x05, 0xD3, 0x55, 0xC1, 0x3A, 0xDC, 0x7E, 0x86, 0x45, 0xEA, 0xF4, 0xA3, 0xC2, 0xA5,
    0xE9, 0xB6, 0x47, 0xB1, 0xCB, 0xB3, 0x93, 0x2F, 0xED, 0x5A, 0x1D, 0xFC, 0x05, 0xB3, 0x5A, 0x94,
    0x4B, 0xFC, 0xB2, 0x8D, 0x7D, 0xF8, 0x82, 0xB3, 0x8B, 0x70, 0x3F, 0xD9, 0xD2, 0xEF, 0xA1, 0x76,
    0xC3, 0x85, 0x31, 0x08, 0xC0, 0x28, 0xA9, 0x68, 0xD5, 0x89, 0xC5, 0x95, 0x26, 0x61, 0x70, 0xF3,
    0x01, 0x69, 0x37, 0x3C, 0x41, 0xD1, 0xBE, 0xAC, 0x2F, 0x13, 0x07, 0x3B, 0x39, 0x1D, 0x8E, 0xF6,
    0x5D, 0x12, 0xA2, 0x51, 0xBF, 0xF7, 0xED, 0xF9, 0xAD, 0xFF, 0xF2, 0xD5, 0x66, 0x47, 0x80, 0xC5,
    0x4E, 0x61, 0xD3, 0xBD, 0xB5, 0x35, 0xF2, 0x68, 0x66, 0xA6, 0x5F, 0xD5, 0x1D, 0xC9, 0x9A, 0xAC,
    0x33, 0xA2, 0x36, 0xFC, 0x9A, 0xE5, 0x6F, 0x54, 0x00, 0xA1, 0x0D, 0x08, 0x04, 0x1B, 0xD3, 0x9F,
    0x72, 0xED, 0xFE, 0x16, 0x53, 0x12, 0x9E, 0xEE, 0xA4, 0x21, 0xE4, 0xC3, 0x0F, 0x37, 0x82, 0x13,
    0xB4, 0x7D, 0x5B, 0x87, 0xF4, 0xFB, 0x6D, 0x69, 0x75, 0x58, 0xF9, 0x54, 0x5C, 0xB6, 0x2D, 0xAD,
    0xE4, 0x04, 0x85, 0x72, 0x7A, 0x74, 0x68, 0xD4, 0xA2, 0x04, 0x23, 0x13, 0x00, 0x6A, 0xF2, 0x2B,
    0xC0, 0xD2, 0x55, 0x28, 0xA1, 0x4E, 0x36, 0x41, 0x34, 0x92, 0xDB, 0xDA, 0x2E, 0x79, 0xA5, 0xBE,
    0x26, 0x85, 0x31, 0xB5, 0x8A, 0xAD, 0x68, 0xCE, 0x98, 0x2E, 0x13, 0x81, 0x3E, 0xD8, 0x93, 0xEA,
    0x67, 0x47, 0xF1, 0x4F, 0xE9, 0x71, 0xB3, 0x1E, 0xB6, 0xDF, 0xBA, 0xEF, 0x22, 0x44, 0x3C, 0x59,
    0x30, 0xED, 0xDE, 0xA4, 0x35, 0x08, 0xC2, 0x75, 0x75, 0xE2, 0xD4, 0xEA, 0x43, 0x22, 0x4D, 0x73,
    0x00, 0xA5, 0xD7, 0xCF, 0xFE, 0x13, 0xF5, 0x8F, 0xB6, 0x45, 0xF3, 0xF3, 0xF7, 0x6C, 0xDB, 0xBF,
    0x7B, 0xEF, 0x2A, 0x90, 0xA8, 0xA0, 0x4B, 0xF6, 0xE7, 0xED, 0x31, 0x79, 0xED, 0xAC, 0x95, 0xF5,
    0xD8, 0x56, 0x31, 0x8E, 0xDA, 0xD6, 0xE9, 0x7B, 0xBF, 0xA6, 0xB6, 0x80, 0x71, 0x4C, 0x1B, 0x37,
    0xD8, 0x02, 0xB7, 0x06, 0x6D, 0x05, 0x0A, 0xFD, 0x75, 0x37, 0x51, 0x5F, 0xF0, 0x23, 0xA6, 0x04,
    0xA3, 0x29, 0x91, 0x84, 0xF5, 0xEF, 0x1F, 0xE7, 0xF3, 0xF7, 0xFF, 0xED, 0x0F, 0xBF, 0xCE, 0xE7,
    0xB7, 0xEE, 0xF9, 0xA2, 0xEF, 0x2B, 0x91, 0x9F, 0x25, 0x93, 0xC7, 0xA0, 0x25, 0xC8, 0x79, 0x0B,
    0x4C, 0xD9, 0xF1, 0x03, 0xCC, 0xF8, 0x2D, 0xF0, 0x6B, 0xB0, 0x09, 0x75, 0xB1, 0x02, 0xB1, 0xDF,
    0x26, 0x85, 0x8F, 0x3F, 0xB0, 0xC5, 0x15, 0xD9, 0xC5, 0x7A, 0x49, 0x0F, 0x81, 0xD8, 0x6E, 0x48,
    0x19, 0xBF, 0x6B, 0xDD, 0xC1, 0x3C, 0x7B, 0x5C, 0x7F, 0x68, 0x8C, 0xB1, 0x04, 0x9A, 0xB6, 0x75,
    0x89, 0x9E, 0x52, 0xFE, 0xEE, 0xF3, 0x97, 0x9B, 0xD8, 0xD1, 0x54, 0xED, 0xCF, 0xDB, 0x22, 0x43,
    0x5E, 0x3A, 0x62, 0x44, 0x66, 0x4E, 0xAB, 0x2F, 0xF3, 0x43, 0xC6, 0xC3, 0xC9, 0x4B, 0xB7, 0x2D,
    0x45, 0x37, 0x94, 0x4C, 0x78, 0x26, 0x61, 0x9C, 0x87, 0xC8, 0x32, 0x93, 0xC8, 0x0F, 0xEB, 0x76,
    0x8A, 0xC9, 0xFA, 0xD9, 0x8B, 0xAB, 0xB6, 0x74, 0xBE, 0x5B, 0xA7, 0xE1, 0x88, 0x8B, 0xE1, 0x91,
    0x99, 0x30, 0x3B, 0x2E, 0xC8, 0x57, 0xB9, 0xB5, 0xE5, 0xF3, 0x69, 0xC8, 0xBC, 0xF4, 0x02, 0xD9,
    0x96, 0xCF, 0xA0, 0x34, 0x9D, 0x49, 0x03, 0xE9, 0x07, 0x99, 0xB4, 0x7C, 0xC6, 0xC5, 0x5F, 0x11,
    0x79, 0x38, 0xF9, 0x73, 0xF6, 0x82, 0x3C, 0xCC, 0x96, 0xCF, 0xFC, 0xDF, 0x31, 0x24, 0xD7, 0x72,
    0xB0, 0x42, 0xB3, 0x71, 0xD2, 0x61, 0x02, 0x67, 0x1B, 0x06, 0x4D, 0xCB, 0xE7, 0x1C, 0x5A, 0x3E,
    0x3F, 0x45, 0xB6, 0x73, 0xD1, 0x9E, 0x90, 0x30, 0x8C, 0x0F, 0xA7, 0x7C, 0x9E, 0x08, 0x85, 0x32,
    0xF2, 0xB7, 0x64, 0xBA, 0xE8, 0x9F, 0x00, 0x1D, 0x27, 0x60, 0x5C, 0xE3, 0x2B, 0x99, 0xAD, 0x36,
    0x49, 0x99, 0x27, 0xAD, 0xBD, 0x49, 0x91, 0xA7, 0x92, 0x32, 0x46, 0x69, 0x2A, 0x9F, 0x7D, 0x31,
    0x25, 0xCF, 0xD0, 0xCF, 0x9B, 0xA5, 0xAF, 0x01, 0xD1, 0x6E, 0xE3, 0x51, 0x54, 0x11, 0xF9, 0x94,
    0x06, 0x28, 0x46, 0x47, 0xA5, 0x45, 0xAA, 0x32, 0x11, 0x2C, 0x6F, 0xB3, 0x7A, 0x4B, 0x18, 0xBE,
    0xB6, 0xB1, 0x7A, 0x1D, 0xA3, 0x21, 0xC0, 0xCB, 0x73, 0x24, 0xD9, 0xD1, 0x93, 0xE6, 0xEF, 0xA9,
    0xB6, 0x72, 0xA9, 0x00, 0x58, 0xE0, 0xA5, 0x4B, 0x2C, 0xF4, 0x3B, 0x49, 0x59, 0x10, 0x05, 0xAB,
    0x23, 0x9F, 0x2E, 0x6D, 0x86, 0x5C, 0xD9, 0x18, 0x76, 0x55, 0x4B, 0x1F, 0xA4, 0x94, 0x60, 0x05,
    0x13, 0xCB, 0x93, 0xE8, 0xD7, 0x88, 0x7E, 0xFB, 0xF6, 0x05, 0xE9, 0x46, 0x5C, 0xD9, 0xD0, 0xD2,
    0xB3, 0x5C, 0x98, 0x33, 0x21, 0xA4, 0x9B, 0xA8, 0x4A, 0xC9, 0x8D, 0xC1, 0xF0, 0x3F, 0xE8, 0xCD,
    0xFF, 0x94, 0xE1, 0xD1, 0x73, 0x4C, 0xFA, 0xF9, 0x0D, 0x4D, 0xF1, 0xD0, 0xAA, 0xE4, 0x0A, 0x13,
    0xD3, 0x92, 0x68, 0xFB, 0xC7, 0x97, 0x2C, 0x35, 0x33, 0xA8, 0xCA, 0x06, 0xA3, 0xB8, 0x71, 0x46,
    0x1F, 0xC2, 0x57, 0x3C, 0x39, 0x02, 0x5D, 0x1D, 0x3E, 0xD7, 0x01, 0x40, 0x19, 0x49, 0x45, 0x16,
    0x25, 0x7F, 0x9C, 0x1B, 0xA9, 0xFD, 0x8F, 0x9F, 0x01, 0xB3, 0xAF, 0x14, 0x01, 0x00, 0xA0, 0x10,
    0x92, 0x12, 0x15, 0x3B, 0xF0, 0xDA, 0x19, 0xD1, 0x0B, 0x01, 0x8A, 0x7F, 0x61, 0xED, 0x65, 0xAF,
    0x69, 0xE3, 0xF4, 0x04, 0x12, 0xCB, 0x8C, 0x1E, 0xAB, 0x3F, 0xD5, 0xDB, 0xD0, 0xF2, 0x7A, 0x46,
    0x79, 0x53, 0xD3, 0xE1, 0x67, 0xDB, 0xC3, 0xA7, 0xBB, 0xDF, 0x53, 0x89, 0x23, 0x24, 0x64, 0xA0,
    0x9E, 0x78, 0xD9, 0xCC, 0xF2, 0x0A, 0x56, 0xC6, 0xFE, 0x9B, 0xE5, 0x09, 0xCF, 0x3F, 0x07, 0xE6,
    0xEE, 0xEB, 0xC9, 0xA6, 0x6F, 0x7D, 0x65, 0x63, 0xCD, 0xF6, 0xAD, 0x07, 0xEC, 0xCD, 0x0F, 0x87,
    0xD2, 0xBC, 0x3E, 0xBD, 0x3A, 0x9F, 0x06, 0x7F, 0x26, 0x7F, 0xD6, 0x66, 0x88, 0x9F, 0xB3, 0xBA,
    0x09, 0x6F, 0x97, 0xB9, 0x22, 0xC2, 0x50, 0x05, 0x3B, 0x30, 0xF1, 0x9B, 0x70, 0x45, 0x73, 0xEB,
    0x89, 0x84, 0x41, 0xB7, 0xBA, 0x22, 0x95, 0xFE, 0x5D, 0x66, 0x01, 0x78, 0x8B, 0x01, 0xC6, 0x12,
    0x0B, 0x17, 0x7D, 0xDF, 0x1E, 0x2B, 0x32, 0xF0, 0x6A, 0x58, 0x11, 0x72, 0x2E, 0x5D, 0xF6, 0xCD,
    0xA4, 0xAB, 0xF8, 0x90, 0x4B, 0x38, 0xC0, 0xE3, 0x21, 0x28, 0x77, 0x7D, 0xA5, 0x94, 0x54, 0xCB,
    0x1A, 0xDB, 0xCF, 0x2C, 0xDA, 0x31, 0x6C, 0xDC, 0x78, 0x51, 0x58, 0x60, 0x90, 0x41, 0x29, 0x86,
    0x4B, 0x3D, 0x87, 0x90, 0x3B, 0x01, 0x77, 0xE9, 0x27, 0xC6, 0x0E, 0x86, 0x0C, 0x02, 0xE1, 0xCF,
    0xA2, 0xCB, 0xB5, 0x81, 0xDB, 0xE1, 0xE6, 0x35, 0xD3, 0xE0, 0xB4, 0xC4, 0xBE, 0xA1, 0x6D, 0xFB,
    0x68, 0x05, 0xB9, 0x7A, 0x6F, 0xA8, 0xEE, 0x3D, 0xEA, 0xD6, 0x1E, 0x37, 0x7C, 0x1E, 0xA5, 0x18,
    0x31, 0x5A, 0x7E, 0x25, 0x76, 0x6B, 0xB7, 0x5F, 0x4A, 0xE9, 0x0B, 0xB8, 0x94, 0x58, 0xCE, 0xB9,
    0x2B, 0xE3, 0x83, 0x0E, 0xB5, 0x30, 0x39, 0x32, 0xCD, 0xFB, 0x75, 0x7C, 0x52, 0xF0, 0x96, 0x32,
    0x4E, 0x4C, 0x9F, 0x4E, 0x6C, 0x7C, 0x6D, 0x92, 0x92, 0xC8, 0x41, 0x27, 0xE9, 0x25, 0x32, 0x80,
    0x59, 0xD3, 0xBC, 0x5F, 0xA2, 0x7F, 0x75, 0xDC, 0x8B, 0xD0, 0x67, 0x42, 0xE7, 0xEC, 0xF3, 0x98,
    0x7D, 0xDA, 0x9A, 0x9B, 0xEA, 0x8D, 0xF4, 0xBD, 0x2C, 0x3C, 0x22, 0xFC, 0x7F, 0x09, 0x88, 0x69,
    0xE5, 0xE3, 0x94, 0x58, 0xE1, 0xFF, 0x00, 0x0D, 0x32, 0x69, 0x30, 0xFC, 0x1A, 0xDA, 0x5C, 0x8B,
    0x96, 0xC5, 0xBA, 0x51, 0x78, 0xB1, 0x21, 0x21, 0xA3, 0xE8, 0x69, 0x09, 0x04, 0xBB, 0xF4, 0x79,
    0x89, 0x0D, 0x65, 0x17, 0xE9, 0xD7, 0x63, 0x6E, 0xF2, 0x7D, 0x6E, 0x7D, 0x82, 0xCF, 0x73, 0x1E,
    0xB0, 0x19, 0x3C, 0x31, 0x0B, 0xEA, 0xED, 0xDF, 0xC0, 0xA7, 0x15, 0xCE, 0x8A, 0xB4, 0xEC, 0x2A,
    0x45, 0xDB, 0x7A, 0xBB, 0xA5, 0x03, 0xB0, 0x5F, 0x97, 0x3D, 0xE7, 0xF4, 0x68, 0x65, 0xA3, 0x9D,
    0xE1, 0xB8, 0x28, 0x6A, 0x9B, 0xC2, 0xB0, 0xF1, 0x47, 0x90, 0x00, 0x60, 0xC7, 0xAA, 0x41, 0x3B,
    0xA8, 0xFA, 0x23, 0x77, 0x14, 0x7E, 0xE4, 0xD5, 0xEC, 0xB4, 0x63, 0xA1, 0x54, 0x42, 0x1C, 0xD3,
    0xC8, 0xC4, 0xD3, 0x1D, 0xAD, 0x04, 0xEF, 0x60, 0xDC, 0x5B, 0xEC, 0x05, 0x6C, 0x0C, 0xDC, 0xCE,
    0x16, 0xAD, 0xC0, 0x78, 0x3B, 0x69, 0x93, 0x65, 0x91, 0xE7, 0x3B, 0x2F, 0x4A, 0x57, 0xA7, 0x8F,
    0x03, 0x3B, 0x01, 0x0C, 0xD4, 0x20, 0x63, 0x90, 0xD3, 0x09, 0x04, 0x20, 0x30, 0x00, 0x64, 0xE9,
    0x3E, 0xFC, 0xB9, 0xC1, 0x2F, 0xEC, 0x06, 0x0E, 0xDD, 0x00, 0x2E, 0xE2, 0x1A, 0x8F, 0x5B, 0xF3,
    0xCE, 0x79, 0xF7, 0x9B, 0x6A, 0x81, 0xB3, 0x64, 0xE0, 0x62, 0xE0, 0x6E, 0x2B, 0x38, 0xB2, 0x46,
    0x2D, 0x70, 0xDF, 0x66, 0x42, 0x12, 0x38, 0x34, 0x0A, 0x7B, 0xC5, 0x2A, 0xCC, 0xCB, 0x7E, 0x4A,
    0x6B, 0xF0, 0x05, 0x11, 0xF4, 0x2B, 0x59, 0x6F, 0x7E, 0x71, 0xCC, 0x80, 0x52, 0xC0, 0x36, 0x3A,
    0xA5, 0x04, 0xC5, 0x46, 0x57, 0xA0, 0x9C, 0x21, 0x9C, 0x34, 0xFD, 0x43, 0xD0, 0xD2, 0x4B, 0xB4,
    0x10, 0xA1, 0x29, 0x88, 0x8B, 0x11, 0xDD, 0x14, 0xAB, 0x97, 0x53, 0x63, 0xC2, 0xB6, 0x9D, 0x3F,
    0x8C, 0x51, 0xF4, 0xF0, 0xDA, 0xE0, 0x15, 0xAF, 0x59, 0x78, 0xC0, 0xAB, 0x91, 0x68, 0xFF, 0x06,
    0x4B, 0x63, 0xD4, 0xC5, 0x4A, 0x38, 0x7C, 0x5D, 0x74, 0x41, 0xCA, 0xC0, 0x72, 0xD6, 0x0E, 0x25,
    0x0B, 0xF4, 0xFB, 0xC9, 0xE1, 0x33, 0xFB, 0xEB, 0xC2, 0xC4, 0x1E, 0x61, 0x83, 0x61, 0xC6, 0x6E,
    0x2D, 0x18, 0x5F, 0x40, 0x15, 0x44, 0xC3, 0x53, 0x82, 0x21, 0xCE, 0xC7, 0xA5, 0xE8, 0x30, 0x26,
    0xFB, 0xC0, 0xA7, 0xE9, 0xFB, 0xDF, 0xF4, 0xD3, 0xD1, 0x5F, 0x0B, 0x95, 0xFF, 0xAB, 0x1A, 0x83,
    0x3A, 0x02, 0xEB, 0xAA, 0xF4, 0x4F, 0x24, 0xF6, 0xFC, 0x67, 0x54, 0x48, 0xFD, 0xB8, 0x04, 0x89,
    0x3F, 0x84, 0x39, 0x74, 0xD8, 0x59, 0xAA, 0xE4, 0xCC, 0x1F, 0xE9, 0x8B, 0x58, 0x84, 0x2F, 0xC0,
    0x50, 0xAC, 0x7D, 0x17, 0x1A, 0x8B, 0xD1, 0x33, 0xE4, 0xB5, 0x83, 0x2B, 0x99, 0xB7, 0xFE, 0xF0,
    0x21, 0xE5, 0xFD, 0xEE, 0xCF, 0xC1, 0xEC, 0x4F, 0xE0, 0xF1, 0x82, 0xAB, 0x8C, 0xD5, 0x28, 0x56,
    0xE1, 0x3B, 0x4C, 0xA3, 0xFE, 0x1A, 0xA6, 0x2B, 0xFA, 0xEF, 0x69, 0xD2, 0x37, 0xB0, 0xC3, 0x6F,
    0xE0, 0xD4, 0x6D, 0x3B, 0xD5, 0xE1, 0xC8, 0x6D, 0x71, 0xFA, 0x6D, 0x81, 0x0C, 0x63, 0x5B, 0x9C,
    0x95, 0x0F, 0x64, 0x5B, 0x8A, 0xA9, 0x6D, 0x39, 0xF9, 0x99, 0x6D, 0xF1, 0x27, 0xDB, 0xD2, 0xC9,
    0xB6, 0x8C, 0x64, 0x5B, 0xA6, 0xCE, 0x62, 0xCC, 0x8D, 0x26, 0xDB, 0xE2, 0x4F, 0x95, 0x91, 0x43,
    0x88, 0xD0, 0x5C, 0xF7, 0x02, 0x89, 0xFB, 0x43, 0x08, 0x30, 0xFC, 0x4E, 0xF0, 0x8A, 0x7B, 0x63,
    0xDB, 0xC0, 0x13, 0x4A, 0x30, 0x48, 0xE1, 0x65, 0x9D, 0xE5, 0xE5, 0x83, 0xB0, 0x59, 0xBF, 0x1A,
    0x2E, 0x10, 0x25, 0x49, 0xE6, 0xFD, 0x5A, 0xB0, 0xE0, 0x6A, 0xB7, 0x8C, 0xF3, 0xE2, 0x79, 0xAA,
    0x71, 0xF3, 0x77, 0x24, 0x26, 0xC5, 0x9C, 0x06, 0x8A, 0x2F, 0x74, 0xE2, 0x83, 0xE4, 0x24, 0x50,
    0x22, 0x67, 0x6F, 0xA5, 0xD7, 0x5E, 0xCE, 0x00, 0x99, 0x13, 0x40, 0x38, 0xFF, 0x83, 0x00, 0x74,
    0x66, 0x79, 0xC9, 0x79, 0x01, 0xDF, 0x0C, 0x9A, 0x45, 0xBF, 0xDA, 0xDF, 0xA0, 0x39, 0xEC, 0xCC,
    0x77, 0x8F, 0x06, 0xBF, 0x62, 0x94, 0xF6, 0x36, 0x4F, 0xAE, 0x74, 0xFD, 0x8E, 0xC6, 0x3F, 0x22,
    0x24, 0xFD, 0x34, 0x76, 0x35, 0x95, 0x38, 0xC9, 0x1E, 0x43, 0x4B, 0xA0, 0x26, 0x7D, 0x1D, 0xEE,
    0x9A, 0x71, 0x57, 0x3E, 0x75, 0x50, 0x43, 0x6F, 0x39, 0xA8, 0x61, 0x0E, 0x44, 0x3D, 0xFB, 0xA8,
    0xF4, 0x22, 0x4B, 0xDC, 0xA5, 0xBC, 0xFE, 0xB8, 0xC6, 0xF4, 0x41, 0x8D, 0x49, 0xDC, 0xC5, 0x58,
    0xA4, 0x3F, 0xFA, 0x33, 0x9A, 0x8A, 0xB5, 0x16, 0xA6, 0x2C, 0xCD, 0xBC, 0xB5, 0x76, 0xC4, 0x80,
    0x09, 0xD3, 0x33, 0x92, 0x71, 0x78, 0x40, 0x8E, 0x5D, 0x0D, 0xEC, 0xF7, 0xF5, 0x64, 0xD8, 0x78,
    0x99, 0x3B, 0x07, 0x9E, 0x31, 0xFE, 0xA2, 0xCE, 0x56, 0x06, 0x66, 0x61, 0x79, 0x48, 0x0E, 0xBE,
    0x20, 0x7E, 0x11, 0xA3, 0x6F, 0x02, 0x3C, 0x31, 0xEB, 0xD4, 0xFD, 0x9D, 0xEC, 0x74, 0x8E, 0xDB,
    0x1E, 0xD6, 0x03, 0xCD, 0x52, 0x2C, 0xFA, 0x03, 0x7D, 0x59, 0x4A, 0xDB, 0xF9, 0x81, 0xCA, 0x90,
    0x5D, 0x19, 0xBA, 0x4B, 0x4B, 0xB8, 0xA5, 0xDC, 0x92, 0x6E, 0x69, 0xB7, 0xC4, 0x5B, 0xEA, 0x2D,
    0xF9, 0xF6, 0xB8, 0x8A, 0x61, 0x80, 0xE5, 0x80, 0x65, 0x81, 0xE5, 0x41, 0xCF, 0x04, 0x41, 0xB9,
    0x0D, 0xC8, 0xCD, 0x4E, 0xDB, 0x91, 0x9F, 0x91, 0x48, 0x2F, 0x21, 0x95, 0x1E, 0xC9, 0x14, 0x5F,
    0xC7, 0x13, 0x30, 0x42, 0xA8, 0xA1, 0xD4, 0x90, 0x6A, 0x68, 0x35, 0xC4, 0x0A, 0xB5, 0x54, 0x23,
    0x6F, 0xA4, 0xA6, 0x8F, 0xA7, 0xB4, 0x0C, 0xD3, 0x4E, 0x31, 0xF6, 0x32, 0x9D, 0xFD, 0xFD, 0x03,
    0x0B, 0xE9, 0xC4, 0xB4, 0x4D, 0x13, 0xD4, 0x1F, 0xFC, 0xCD, 0xDC, 0xEE, 0x6F, 0x19, 0xF8, 0x78,
    0x0C, 0x3F, 0x73, 0x54, 0x86, 0x01, 0x57, 0x91, 0x20, 0x69, 0x4D, 0x67, 0x7B, 0xB0, 0xD0, 0x35,
    0xE8, 0xA4, 0x15, 0x7F, 0xD0, 0x49, 0x33, 0xCE, 0xA0, 0x9B, 0xE3, 0xF1, 0x1B, 0x77, 0x44, 0x18,
    0x7A, 0x64, 0x8E, 0x36, 0x2B, 0xD1, 0xBE, 0x7B, 0xA4, 0xF7, 0x0A, 0x89, 0xB8, 0x84, 0x58, 0xB1,
    0x8D, 0x17, 0x7E, 0xD9, 0x99, 0x4E, 0xE9, 0x4B, 0x6A, 0xE2, 0xE8, 0x71, 0xF2, 0x21, 0x14, 0xE4,
    0x19, 0x2C, 0x18, 0x99, 0x26, 0x05, 0xC6, 0x4D, 0x26, 0x5A, 0x95, 0xB4, 0xB3, 0xF6, 0x37, 0x7E,
    0xCC, 0xA2, 0xA0, 0x38, 0x7E, 0xD3, 0x2A, 0xD8, 0x3B, 0x7F, 0x53, 0xC5, 0x65, 0x00, 0x30, 0xE9,
    0x64, 0x52, 0x36, 0x32, 0x99, 0x91, 0x28, 0xEE, 0x41, 0xB3, 0x87, 0xE6, 0xC4, 0xF3, 0x95, 0xBA,
    0xAF, 0xBF, 0x1B, 0x17, 0x96, 0x33, 0xB1, 0x5A, 0x3F, 0x67, 0x42, 0x3D, 0x88, 0xDA, 0xBF, 0x42,
    0x68, 0x84, 0xAE, 0x43, 0x16, 0x13, 0x1A, 0x9C, 0xEB, 0xB8, 0x00, 0xFC, 0x2F, 0x3D, 0x09, 0x1C,
    0x07, 0x26, 0x3E, 0x95, 0x21, 0xE3, 0xF0, 0x24, 0x6A, 0xF2, 0x18, 0x18, 0x84, 0x74, 0xD2, 0x3C,
    0x20, 0x7D, 0xB7, 0x08, 0x94, 0x47, 0xA9, 0x84, 0xD7, 0x1B, 0xA7, 0x39, 0x75, 0xDF, 0x72, 0xCB,
    0xE4, 0xBC, 0x35, 0x29, 0x5C, 0xB1, 0x2B, 0x89, 0x9F, 0x04, 0x06, 0xED, 0x7D, 0xDC, 0xE6, 0xC1,
    0x9B, 0x6D, 0x17, 0xBC, 0xDA, 0x76, 0xE1, 0x05, 0xFC, 0x5E, 0x6C, 0x74, 0xF0, 0x5A, 0x95, 0xFA,
    0x57, 0x86, 0xD1, 0x87, 0x9A, 0x05, 0x9E, 0xD6, 0x08, 0xE9, 0xED, 0x44, 0x15, 0x90, 0x58, 0x36,
    0x70, 0x3F, 0x9E, 0x60, 0x5F, 0x79, 0x67, 0x9D, 0xAC, 0x41, 0xBD, 0xE4, 0x78, 0x89, 0x2F, 0x51,
    0x1F, 0xBF, 0x77, 0x9F, 0xBA, 0x51, 0x54, 0xE1, 0x21, 0x64, 0x0F, 0x95, 0xC1, 0xBE, 0x6B, 0xAB,
    0xDB, 0xC7, 0x4D, 0x64, 0x43, 0x31, 0x60, 0xF2, 0xCD, 0xD3, 0x9B, 0x34, 0x8D, 0x6B, 0xC5, 0x3E,
    0x6C, 0xB1, 0x9C, 0x06, 0x2A, 0xE6, 0xE5, 0x34, 0x90, 0x77, 0x9D, 0x73, 0x1C, 0x86, 0xAE, 0x09,
    0xE0, 0x3F, 0x89, 0xCE, 0xA7, 0x4E, 0x03, 0xD5, 0x7D, 0x0B, 0x9A, 0x74, 0x2B, 0x49, 0x57, 0x02,
    0x01, 0x43, 0x33, 0x30, 0x0B, 0x46, 0xD9, 0x39, 0xDB, 0x95, 0x85, 0xA3, 0xB4, 0xCA, 0x2B, 0x94,
    0x9D, 0x37, 0x9E, 0xB7, 0x5D, 0x96, 0xE2, 0x68, 0x2B, 0xAF, 0x65, 0xAF, 0x1E, 0x53, 0xB9, 0xA0,
    0x64, 0x32, 0x47, 0xE5, 0x62, 0xA9, 0x79, 0x73, 0x87, 0xDC, 0x38, 0xA9, 0xD3, 0x1C, 0x83, 0x6E,
    0x2A, 0xCD, 0x5D, 0x98, 0xD8, 0xB2, 0xEF, 0x8B, 0x9F, 0x97, 0x83, 0x46, 0x6A, 0x57, 0x96, 0xEB,
    0x83, 0x08, 0x76, 0xD7, 0x71, 0x46, 0x29, 0x90, 0x33, 0x4A, 0x35, 0xC2, 0x28, 0x96, 0x18, 0x29,
    0xE0, 0x84, 0x43, 0x7D, 0xA6, 0x42, 0xCC, 0x85, 0x3B, 0x4E, 0xA1, 0xCF, 0x48, 0x76, 0xBE, 0x69,
    0xF7, 0x36, 0xA7, 0x1F, 0xF7, 0xEB, 0x25, 0xDB, 0xC6, 0xB5, 0x73, 0x69, 0x90, 0xA5, 0x6C, 0xB6,
    0x95, 0xE6, 0xFF, 0x41, 0xE5, 0x55, 0x0E, 0x8F, 0xA0, 0xA2, 0xF0, 0x81, 0x43, 0xB4, 0x8D, 0x8F,
    0x6A, 0x59, 0x00, 0x2F, 0xB6, 0x80, 0xF8, 0xF2, 0x0C, 0x6C, 0x51, 0x69, 0x4A, 0xAE, 0x53, 0x38,
    0x4F, 0x1F, 0x96, 0xB9, 0x1D, 0xBB, 0xD9, 0x00, 0xDD, 0xDE, 0xC2, 0x4A, 0x63, 0xAD, 0xEF, 0xC0,
    0x4A, 0x99, 0x4D, 0x7C, 0x13, 0x19, 0xCC, 0xD6, 0x95, 0xD2, 0x5F, 0xC2, 0xCF, 0xA3, 0xF5, 0x2D,
    0x5F, 0xE5, 0xA9, 0xEE, 0x45, 0x39, 0x44, 0xC5, 0x05, 0x09, 0x42, 0x88, 0x3E, 0x45, 0xA9, 0x5A,
    0xFF, 0xDD, 0xE4, 0x80, 0x94, 0xF1, 0xCB, 0x06, 0xF4, 0x31, 0x8D, 0xAB, 0xEF, 0xD3, 0x10, 0x78,
    0x27, 0xC5, 0x1C, 0xCA, 0x72, 0x8F, 0xD3, 0xBF, 0x42, 0x31, 0x40, 0xCE, 0x5C, 0xC3, 0x40, 0x32,
    0x1E, 0x19, 0xE4, 0x0D, 0x37, 0x97, 0x4C, 0xC1, 0x01, 0xD5, 0x67, 0x46, 0xD3, 0x77, 0xAA, 0xD8,
    0x1F, 0x89, 0xC9, 0x9F, 0xA4, 0x97, 0xBD, 0xC8, 0xBA, 0xEF, 0x3B, 0xCA, 0xB4, 0xA5, 0x18, 0xD4,
    0x4E, 0x1C, 0x03, 0xFB, 0x4F, 0xE5, 0x9C, 0xA5, 0x3A, 0xA3, 0x89, 0x3B, 0xF3, 0xCC, 0x0F, 0x8E,
    0x86, 0x11, 0xA9, 0xAC, 0xC7, 0x91, 0xBE, 0x48, 0x31, 0x4B, 0x03, 0x3F, 0x90, 0xC3, 0x12, 0x14,
    0x81, 0xC7, 0x44, 0x6F, 0x46, 0x8C, 0x56, 0xAE, 0x74, 0xA3, 0xA8, 0x4B, 0x70, 0xA6, 0x18, 0xD7,
    0x28, 0xF0, 0x08, 0xCE, 0x02, 0x4F, 0xEA, 0xE1, 0x61, 0xCF, 0xAE, 0x88, 0x37, 0x18, 0x8A, 0xDE,
    0x30, 0xDF, 0x30, 0x07, 0x59, 0x22, 0xD3, 0x40, 0x65, 0x6F, 0xAA, 0xE0, 0x83, 0x87, 0xC7, 0x25,
    0x9A, 0xE8, 0xAF, 0xAD, 0xC8, 0x4D, 0xEA, 0xA8, 0x4D, 0xF2, 0xA8, 0xE9, 0xA8, 0x4E, 0x9D, 0xC2,
    0x06, 0xC6, 0xDA, 0x66, 0x0E, 0xB6, 0xF8, 0x66, 0x6D, 0x84, 0x4D, 0xA7, 0x27, 0x8F, 0xAC, 0x2F,
    0x08, 0xEC, 0x5C, 0x5E, 0x3E, 0x70, 0x18, 0xDF, 0x7A, 0xBA, 0x5E, 0x8C, 0x7F, 0xF4, 0x70, 0x7D,
    0x2C, 0x7D, 0xD8, 0xAF, 0x1E, 0xCF, 0x7D, 0x73, 0x9C, 0x4B, 0x4E, 0x72, 0xB1, 0x16, 0x1C, 0xB1,
    0xD4, 0x06, 0xC7, 0x03, 0x9F, 0x02, 0xB7, 0x33, 0xC8, 0x33, 0x77, 0xB4, 0x47, 0x7A, 0xA3, 0x70,
    0xA7, 0x83, 0x1E, 0x46, 0xA3, 0x31, 0x6E, 0xB4, 0xD0, 0x1F, 0x17, 0xFB, 0xBE, 0x44, 0x74, 0x95,
    0xD5, 0x29, 0xDC, 0x90, 0xB1, 0xD2, 0xCD, 0xD2, 0x42, 0x6F, 0x3A, 0x1B, 0x66, 0xEF, 0xA1, 0x70,
    0xC7, 0x03, 0x78, 0x14, 0x7F, 0x0A, 0xEB, 0x1E, 0x48, 0x35, 0xF1, 0xA5, 0xA9, 0x8C, 0x7F, 0x38,
    0x6D, 0x30, 0x1D, 0x1C, 0xB5, 0x54, 0xBE, 0xEC, 0xB6, 0x41, 0x3E, 0x65, 0xC7, 0xCF, 0x8C, 0xB7,
    0xE4, 0x74, 0xDF, 0x51, 0xEF, 0x1C, 0x8E, 0x0D, 0x06, 0xD1, 0xF8, 0x55, 0x0F, 0xFC, 0x88, 0xBD,
    0xA8, 0xD0, 0xD7, 0x5B, 0x7A, 0x1A, 0x5D, 0x0C, 0x4B, 0x9B, 0xFA, 0xC3, 0x09, 0x92, 0x74, 0x72,
    0x3C, 0x5D, 0xA0, 0x54, 0x5A, 0x88, 0x6F, 0x36, 0xC6, 0x3A, 0xEC, 0xCA, 0x3E, 0xE7, 0xC8, 0x5B,
    0xC2, 0x01, 0x27, 0x77, 0xA2, 0x37, 0x11, 0x63, 0x86, 0xEF, 0x21, 0x26, 0x0C, 0xAE, 0xBE, 0xD3,
    0x1F, 0x79, 0x5B, 0x61, 0xE3, 0x86, 0x4F, 0x53, 0xB9, 0x9D, 0x14, 0xED, 0xE0, 0xB0, 0x6D, 0xD3,
    0x91, 0xB7, 0x6B, 0x76, 0x20, 0xBF, 0x7F, 0x64, 0x18, 0x7C, 0xC8, 0x50, 0xC1, 0x76, 0x20, 0xFF,
    0x6B, 0xF8, 0xC5, 0xAF, 0xE3, 0x77, 0xDB, 0xE6, 0x0E, 0x64, 0x25, 0xB0, 0xD8, 0xB8, 0xF5, 0xE7,
    0xB3, 0x08, 0x09, 0x92, 0xB0, 0xF8, 0x8A, 0xB9, 0xF6, 0xC0, 0xDE, 0xCF, 0x31, 0xBD, 0x76, 0xB9,
    0x5C, 0xC4, 0xDE, 0x0B, 0x22, 0x7B, 0xC0, 0xD0, 0xE0, 0x12, 0x03, 0x9E, 0x96, 0x71, 0xF6, 0xAC,
    0x56, 0x5B, 0xAC, 0xD0, 0x2E, 0x04, 0x3D, 0xB0, 0xC9, 0xDD, 0x95, 0xDA, 0xC5, 0xB9, 0x2D, 0x5A,
    0x62, 0x9C, 0x25, 0x9A, 0x06, 0xD4, 0xA6, 0x0E, 0x12, 0x10, 0x91, 0x8A, 0x34, 0x12, 0xBF, 0xE9,
    0x9E, 0x1F, 0x39, 0xD6, 0x92, 0xBE, 0xCC, 0x13, 0x57, 0xC4, 0x11, 0x58, 0x6D, 0x08, 0x4A, 0x67,
    0x74, 0x9C, 0xF2, 0xD5, 0xB0, 0xB3, 0xB6, 0xC9, 0x93, 0x95, 0x32, 0x67, 0x7B, 0xC2, 0x2E, 0x7D,
    0xCA, 0x86, 0xFA, 0x93, 0xC1, 0x5A, 0xAC, 0x0C, 0x27, 0x40, 0xD8, 0xCE, 0xC3, 0x28, 0x24, 0x99,
    0x6A, 0x00, 0x14, 0x07, 0x08, 0x53, 0x24, 0x97, 0x17, 0x25, 0x33, 0xB8, 0xE5, 0x26, 0xDB, 0x8F,
    0xC6, 0xF1, 0x64, 0x51, 0xBA, 0xD8, 0x79, 0xA5, 0x83, 0x2F, 0x40, 0x5D, 0x7E, 0xB8, 0x07, 0x63,
    0x72, 0xDE, 0x6F, 0x14, 0x67, 0x90, 0xDF, 0x68, 0xA3, 0x56, 0x93, 0x53, 0x37, 0x77, 0x7C, 0xB9,
    0xB9, 0xB8, 0xC7, 0x31, 0x8C, 0xB9, 0x30, 0x0E, 0xA6, 0xEF, 0xBD, 0x7D, 0x74, 0x74, 0x63, 0xA4,
    0xE2, 0xCC, 0x26, 0x8B, 0x35, 0x96, 0x1C, 0x0A, 0xCE, 0x18, 0x4C, 0xDA, 0x72, 0x98, 0x6E, 0xDC,
    0xC5, 0xF9, 0xD9, 0x7B, 0x79, 0x68, 0xDF, 0x89, 0xA5, 0x59, 0x28, 0x6D, 0xBA, 0x2F, 0x50, 0x8C,
    0x4F, 0x66, 0x8D, 0x90, 0xAD, 0x84, 0x0D, 0xD6, 0x37, 0x9F, 0x45, 0xF8, 0xFB, 0x77, 0x27, 0x83,
    0xF1, 0x10, 0x9E, 0xA9, 0xE4, 0xEE, 0x1E, 0x37, 0x29, 0xF4, 0x5E, 0x5D, 0xDD, 0xE5, 0xD3, 0x54,
    0x37, 0x8E, 0x72, 0xAC, 0x8E, 0x1B, 0x6A, 0x4D, 0x2B, 0x9C, 0x90, 0x6A, 0x46, 0xB1, 0xB7, 0x4A,
    0x54, 0x5C, 0x4E, 0x2B, 0x0E, 0xB9, 0x75, 0xF4, 0x63, 0xDA, 0xC6, 0xDD, 0x4C, 0x55, 0x57, 0xE5,
    0x24, 0x5F, 0x29, 0xA5, 0x21, 0xB9, 0xE0, 0xC8, 0x1D, 0xAD, 0x48, 0x72, 0x3E, 0x59, 0xD4, 0xF5,
    0xB1, 0x0E, 0x00, 0x8D, 0x1B, 0x9D, 0x32, 0x67, 0xFB, 0xFA, 0xD0, 0x5E, 0xFE, 0x84, 0x24, 0xBB,
    0xC7, 0xF7, 0xF0, 0xA7, 0xAD, 0xF8, 0x9E, 0x41, 0x2B, 0xD5, 0xCA, 0xA3, 0x8C, 0x0A, 0x77, 0x48,
    0x22, 0xF2, 0x0D, 0xC9, 0xCC, 0xF6, 0x8A, 0xFF, 0x5D, 0x90, 0xF0, 0xD2, 0x9C, 0x59, 0x3D, 0x2D,
    0x63, 0x25, 0x66, 0x53, 0xBA, 0x01, 0x79, 0x7B, 0x01, 0x3D, 0x99, 0xE0, 0xAB, 0x42, 0xEB, 0x0E,
    0xD9, 0xAA, 0xBD, 0x14, 0xD7, 0x05, 0xE9, 0x06, 0xE2, 0xE5, 0x4A, 0x3F, 0x96, 0x1E, 0xDB, 0xD1,
    0x54, 0xD4, 0x77, 0x66, 0x82, 0xE8, 0x18, 0xE7, 0x28, 0x11, 0xB4, 0xA9, 0x8E, 0xB3, 0x51, 0x5B,
    0xF0, 0xCC, 0xC1, 0x9B, 0x14, 0xF2, 0x93, 0x58, 0x91, 0x6F, 0xCE, 0x74, 0x61, 0xD8, 0xCD, 0xA5,
    0xED, 0x65, 0xDC, 0x3B, 0xEF, 0xCB, 0x99, 0x2E, 0x0C, 0x6C, 0x59, 0xF9, 0x0D, 0x53, 0x3B, 0xCD,
    0x0C, 0x36, 0xB7, 0x64, 0x85, 0xCA, 0xFA, 0x0F, 0x13, 0x62, 0xD6, 0x7D, 0xA0, 0xAB, 0x92, 0xBB,
    0x90, 0xB5, 0x27, 0xA1, 0xEC, 0x6C, 0x34, 0xCE, 0xA8, 0xBE, 0x25, 0x7C, 0xA9, 0x45, 0x7D, 0x1B,
    0xC9, 0xA8, 0xBA, 0x23, 0xB5, 0x00, 0x18, 0xD9, 0x54, 0xFF, 0xE3, 0x72, 0xD8, 0x43, 0xF7, 0x6C,
    0xE2, 0x65, 0x46, 0xCB, 0x5F, 0x64, 0xB3, 0xCC, 0x65, 0xC5, 0x2D, 0x95, 0x12, 0x68, 0x97, 0xB6,
    0x13, 0x7F, 0x8C, 0xDC, 0xD2, 0x46, 0xF8, 0xBC, 0x7B, 0xED, 0x00, 0x96, 0x71, 0xB9, 0x31, 0x3D,
    0x8E, 0x77, 0x01, 0x9B, 0xB8, 0x91, 0x9A, 0xD0, 0x6D, 0xC1, 0x26, 0xD4, 0xE7, 0xEF, 0xEC, 0x1D,
    0x0C, 0x73, 0x24, 0x96, 0x93, 0xBC, 0x6F, 0xCF, 0xE6, 0x50, 0xEB, 0xA6, 0xC2, 0x1C, 0x42, 0xC0,
    0xBC, 0xB3, 0x8C, 0xB3, 0x06, 0x76, 0xCE, 0xBD, 0x53, 0x33, 0xEA, 0x56, 0xCE, 0xBE, 0xAE, 0xB0,
    0xB3, 0xA3, 0x64, 0x4C, 0xCC, 0x8B, 0x47, 0x76, 0x74, 0x6A, 0x0F, 0x76, 0x6B, 0xB7, 0x96, 0x13,
    0x59, 0xB8, 0x7F, 0xE4, 0xAF, 0x5A, 0xB9, 0x8E, 0x89, 0x9D, 0xA4, 0x0B, 0xE9, 0xE0, 0xE7, 0xD8,
    0xAB, 0x63, 0xE9, 0x21, 0xE2, 0x55, 0x47, 0xE3, 0x87, 0xA9, 0xB7, 0xA7, 0xE3, 0x3F, 0x15, 0x05,
    0x89, 0xFF, 0xB3, 0x79, 0x34, 0xA0, 0xD0, 0x29, 0x23, 0x39, 0x04, 0x39, 0xC4, 0x8D, 0x1E, 0x05,
    0xEF, 0x4A, 0xA3, 0xFD, 0x99, 0xBB, 0x84, 0x8B, 0x47, 0x3E, 0x80, 0x53, 0x08, 0xA4, 0x4C, 0xA2,
    0x7A, 0x2A, 0xC7, 0x0B, 0x32, 0xD7, 0x0F, 0xD8, 0xBD, 0x1C, 0x54, 0xE3, 0xC2, 0x30, 0xCC, 0xD1,
    0x0C, 0x42, 0xDE, 0x11, 0x2B, 0xDD, 0x3C, 0x39, 0x5D, 0xF1, 0x50, 0x05, 0x38, 0xEA, 0x77, 0x03,
    0x34, 0xBE, 0xEE, 0xC8, 0x5D, 0xD0, 0xFD, 0x40, 0xCE, 0x36, 0xDB, 0x85, 0x74, 0x1F, 0x5E, 0xF4,
    0x50, 0x7C, 0x0C, 0xD6, 0xF7, 0x74, 0xCC, 0x2E, 0x8E, 0x92, 0x9D, 0x74, 0x7F, 0x59, 0xC4, 0x38,
    0x2E, 0x04, 0x4B, 0x8B, 0x97, 0x9F, 0x47, 0xDB, 0x44, 0xD4, 0x4E, 0x0C, 0x84, 0x9A, 0x32, 0x10,
    0xA6, 0xC5, 0x24, 0xC8, 0x6C, 0x41, 0xF9, 0xF6, 0xBA, 0x4D, 0xFA, 0x1C, 0x87, 0x1E, 0xC7, 0xB4,
    0x23, 0xAF, 0x4C, 0xBC, 0x4D, 0xD7, 0xDF, 0x36, 0xE1, 0x72, 0xF0, 0xE9, 0xE4, 0xF7, 0xC8, 0xBD,
    0x4C, 0x1C, 0x8E, 0xF2, 0x2D, 0xEC, 0x42, 0x1E, 0xF0, 0x64, 0x84, 0x4B, 0x46, 0xFA, 0xCF, 0xA6,
    0x12, 0x5F, 0x0C, 0xA1, 0x02, 0x58, 0xCF, 0x31, 0x2E, 0x8C, 0xD2, 0x3C, 0x60, 0x9E, 0x31, 0x87,
    0x0D, 0x5D, 0x8F, 0x47, 0x03, 0x03, 0xE6, 0xF9, 0x48, 0xFD, 0x03, 0xB8, 0x0F, 0x5E, 0xDF, 0x33,
    0xE8, 0x51, 0xA8, 0xED, 0xAB, 0x4B, 0xAC, 0x32, 0xA2, 0x43, 0xA9, 0x34, 0x89, 0xB4, 0x1C, 0x47,
    0x06, 0x9F, 0xE0, 0xEC, 0x4C, 0xBB, 0x5C, 0x22, 0x07, 0xEA, 0xB1, 0x26, 0xED, 0xE1, 0x6F, 0xD0,
    0x6C, 0x1F, 0xD5, 0x9B, 0x8E, 0xDC, 0xF8, 0x05, 0x51, 0xAF, 0x57, 0x1B, 0x3B, 0x38, 0xA6, 0x1A,
    0x7B, 0x87, 0x69, 0x51, 0x67, 0xA1, 0x19, 0xEC, 0xC5, 0x6D, 0xD1, 0x08, 0x75, 0xEF, 0xCC, 0xED,
    0xA0, 0x25, 0x95, 0x7B, 0x1F, 0x70, 0x31, 0xD6, 0x29, 0x9B, 0x01, 0x52, 0xD9, 0xFF, 0x92, 0x07,
    0x74, 0x90, 0x89, 0xB6, 0xBC, 0xB4, 0xCA, 0x95, 0x80, 0xC3, 0x1C, 0xF8, 0x85, 0x3A, 0x98, 0x0B,
    0x01, 0x8F, 0x19, 0x01, 0xAE, 0x82, 0x4F, 0x97, 0x29, 0x3A, 0xA2, 0xD7, 0xBE, 0xC9, 0xC7, 0xF6,
    0x2C, 0x8B, 0x33, 0x5D, 0x20, 0x31, 0xAB, 0x8A, 0x37, 0x57, 0xE2, 0x02, 0x2D, 0x9E, 0x8B, 0x40,
    0x43, 0x3A, 0x0E, 0x85, 0x7F, 0xB4, 0x56, 0xA0, 0xC9, 0x55, 0x62, 0x85, 0xED, 0xAB, 0x3C, 0x69,
    0x84, 0x5E, 0x45, 0x74, 0xA2, 0x37, 0x68, 0x80, 0x2D, 0x08, 0x71, 0x44, 0xFD, 0xB1, 0x14, 0xF8,
    0x57, 0xAC, 0x36, 0x89, 0x7F, 0xCA, 0x8B, 0x0A, 0x88, 0x9E, 0x83, 0x92, 0x1F, 0x5B, 0x64, 0x98,
    0xD4, 0xA0, 0x13, 0x5D, 0x7B, 0x71, 0xF1, 0x00, 0xCA, 0x36, 0xE1, 0x46, 0x23, 0xA1, 0xCE, 0xE6,
    0xD6, 0x9F, 0x3D, 0xEC, 0x35, 0x8A, 0x07, 0x36, 0xD9, 0x31, 0x00, 0xCE, 0xE4, 0x72, 0x4F, 0x14,
    0x0E, 0x87, 0xD3, 0x85, 0xC3, 0xF2, 0x1A, 0x85, 0x43, 0xD3, 0x74, 0xBF, 0x74, 0x8D, 0x52, 0xE6,
    0x76, 0xCA, 0xD2, 0x1E, 0x73, 0x05, 0xD7, 0x1C, 0xAF, 0xE0, 0xB2, 0xA8, 0x2B, 0xCD, 0xCC, 0xE3,
    0x2A, 0x3C, 0x30, 0x94, 0xD3, 0x54, 0xB3, 0xCD, 0x54, 0xA4, 0x3E, 0x86, 0xAA, 0xA4, 0xED, 0x17,
    0x50, 0x15, 0x2A, 0x40, 0x08, 0xC9, 0xC8, 0x08, 0xE2, 0x11, 0xD7, 0x84, 0xAA, 0xFA, 0x9F, 0x15,
    0x9E, 0xD1, 0x87, 0x7D, 0x1B, 0x86, 0x8D, 0xDC, 0xC2, 0x20, 0x6D, 0x2D, 0xCE, 0x04, 0xE1, 0x72,
    0x1E, 0x03, 0x73, 0x74, 0xE7, 0xAF, 0xBB, 0x23, 0x1A, 0x5E, 0x82, 0xA3, 0xA6, 0xED, 0x8C, 0x45,
    0x00, 0xA0, 0x72, 0x6F, 0xB7, 0x12, 0xB9, 0xD8, 0x86, 0x2B, 0xC5, 0xFB, 0xE1, 0xBC, 0xB7, 0x78,
    0x3C, 0x30, 0xCE, 0xC6, 0xCA, 0x3C, 0x87, 0x3B, 0x03, 0x90, 0x7C, 0xA1, 0xE7, 0x4D, 0x24, 0x87,
    0xEB, 0x8B, 0x0F, 0xC2, 0x7C, 0xBF, 0x53, 0xAA, 0x60, 0xBA, 0x5D, 0x31, 0x00, 0x0C, 0x1D, 0xA2,
    0x55, 0x3B, 0x7C, 0xAA, 0x82, 0x89, 0x48, 0x6E, 0xFB, 0xFA, 0xAE, 0x27, 0xE7, 0xB7, 0xBA, 0x6E,
    0xBB, 0xFA, 0x83, 0xC6, 0xAA, 0x46, 0x4F, 0xD9, 0xE7, 0xA1, 0xCA, 0x76, 0xCF, 0x24, 0xFF, 0x3F,
    0x84, 0xED, 0x75, 0x68, 0x0A, 0xB3, 0x72, 0x4B, 0x2E, 0x0E, 0x6F, 0x18, 0xA7, 0xBF, 0xED, 0x2B,
    0x08, 0xDB, 0x8D, 0xB7, 0x40, 0x1B, 0xFE, 0x10, 0xF9, 0x59, 0x81, 0xD6, 0x7F, 0xDB, 0xC7, 0x78,
    0x3B, 0x6F, 0x7C, 0x13, 0x8A, 0x23, 0xC0, 0x5C, 0x31, 0xFC, 0x46, 0x3C, 0x21, 0x14, 0x87, 0x1B,
    0x89, 0x80, 0xE1, 0x0A, 0x06, 0x7B, 0xCA, 0xB5, 0x33, 0xC5, 0xEA, 0x3F, 0x22, 0x42, 0x57, 0x9A,
    0x69, 0xA1, 0x9F, 0xB8, 0x8A, 0x41, 0x31, 0xE8, 0xC1, 0x65, 0x0C, 0x93, 0x08, 0x10, 0x62, 0xA8,
    0xB4, 0xDC, 0x8F, 0xD8, 0x38, 0xA5, 0x8B, 0x76, 0x81, 0xC0, 0x44, 0x38, 0x44, 0x66, 0xB9, 0xA5,
    0x21, 0xAB, 0x1F, 0x64, 0x8C, 0x5C, 0x61, 0xB6, 0xA9, 0x08, 0x9C, 0xB3, 0x17, 0x54, 0x8A, 0xC0,
    0xB5, 0x81, 0xA0, 0x97, 0x71, 0xB6, 0x8F, 0xF3, 0x60, 0xB3, 0x07, 0x1F, 0x3C, 0x8A, 0x8B, 0x0A,
    0x81, 0x16, 0x26, 0x53, 0x73, 0x45, 0x3C, 0x8B, 0xD4, 0x59, 0xFC, 0x31, 0x2E, 0x26, 0x07, 0x07,
    0xA3, 0xE2, 0xDB, 0xF8, 0x33, 0xAE, 0x47, 0x4D, 0x18, 0xA8, 0xA5, 0xCF, 0x35, 0x9B, 0xD4, 0xDD,
    0xD3, 0x95, 0x65, 0xA4, 0xFA, 0x6A, 0x6E, 0xBE, 0x0B, 0xE5, 0x3A, 0x9D, 0xEC, 0x26, 0x5B, 0x89,
    0x5A, 0xB4, 0x12, 0xD5, 0x9B, 0x74, 0xEE, 0x49, 0x41, 0xCC, 0x2F, 0x08, 0x82, 0x7E, 0xB2, 0x16,
    0x6D, 0x5B, 0xFA, 0xCA, 0x68, 0x43, 0x11, 0x3A, 0xC6, 0x19, 0xA1, 0x18, 0xCF, 0x6D, 0xA6, 0xE9,
    0xEE, 0xD6, 0x69, 0x74, 0x68, 0x05, 0x06, 0x14, 0x51, 0x19, 0x26, 0x1A, 0xF9, 0x25, 0xDA, 0xFF,
    0x87, 0x7D, 0xB3, 0x12, 0xC3, 0x00, 0x0E, 0xD1, 0x97, 0x6F, 0xFF, 0x97, 0xE8, 0x1C, 0x92, 0x86,
    0x26, 0x0B, 0x75, 0x0E, 0xBF, 0xF7, 0xF6, 0x27, 0x97, 0xAF, 0x73, 0x2C, 0x40, 0xEE, 0x8F, 0xB1,
    0x85, 0xE1, 0xEB, 0x1C, 0x0B, 0xB8, 0xB1, 0x75, 0xF3, 0xF8, 0x53, 0xFA, 0xD6, 0xF2, 0xCA, 0x0D,
    0xAE, 0xFB, 0x7A, 0xEB, 0xFB, 0x28, 0x1F, 0xE2, 0x02, 0xA8, 0x2F, 0xB3, 0xBE, 0x5B, 0x65, 0xF8,
    0x4D, 0x2E, 0xFC, 0x46, 0x19, 0xFE, 0xA5, 0x09, 0xF2, 0x0A, 0x86, 0x92, 0x6F, 0xB6, 0x9F, 0x89,
    0x27, 0xEF, 0xFC, 0xAD, 0x4D, 0xE4, 0x25, 0x7A, 0x88, 0x79, 0xB7, 0xCA, 0xE4, 0x06, 0xF4, 0x5B,
    0xB8, 0x48, 0x60, 0xCA, 0x88, 0x8D, 0x6D, 0xD8, 0xDD, 0xB9, 0x10, 0x4F, 0x62, 0x88, 0x40, 0x4F,
    0x4E, 0x69, 0xBC, 0x80, 0xF2, 0x05, 0xB6, 0xDF, 0x6B, 0xE4, 0xDA, 0x01, 0x78, 0x70, 0x3C, 0xCF,
    0x92, 0x93, 0x15, 0xE3, 0x74, 0x7A, 0x0B, 0x86, 0x87, 0x39, 0x8B, 0x04, 0xE9, 0x23, 0x9C, 0xF1,
    0xCF, 0xFB, 0xC2, 0x8C, 0x5C, 0x5C, 0x67, 0x92, 0x51, 0xBE, 0xFD, 0xC1, 0x1E, 0x5C, 0x64, 0x29,
    0xEF, 0x3B, 0x04, 0x91, 0xE2, 0x09, 0x0B, 0xFD, 0x8C, 0xB9, 0xC0, 0x05, 0x6E, 0x20, 0x6D, 0xDC,
    0x78, 0xEF, 0xEE, 0x0E, 0xD1, 0xBC, 0xB9, 0x00, 0x67, 0x27, 0xF0, 0x1D, 0xDE, 0x5D, 0x30, 0xBE,
    0xBC, 0xE0, 0xEE, 0x91, 0x6F, 0x8E, 0xE7, 0x34, 0x4F, 0x10, 0x53, 0x23, 0xFC, 0x7F, 0xA8, 0xB8,
    0x9B, 0xE4, 0xA3, 0x47, 0x4C, 0x6E, 0x7A, 0xA9, 0xA4, 0x45, 0x55, 0xAE, 0x40, 0xDD, 0xE3, 0x8D,
    0x63, 0x39, 0x61, 0x82, 0xE1, 0x82, 0x61, 0x83, 0xE1, 0x83, 0x61, 0x84, 0xE5, 0x84, 0x61, 0x85,
    0xE1, 0x85, 0x61, 0x86, 0xE1, 0x86, 0x61, 0xC7, 0xA6, 0x8B, 0x0C, 0x4D, 0xA5, 0xC9, 0xA4, 0xC7,
    0x0F, 0x4E, 0x5A, 0xE3, 0xA4, 0xBE, 0x2B, 0x6C, 0xD9, 0xC4, 0x97, 0xEB, 0xC9, 0xC5, 0x1D, 0xBC,
    0x50, 0x50, 0x96, 0x0A, 0xEE, 0xC6, 0x38, 0x15, 0xC3, 0xDF, 0x29, 0x0F, 0x77, 0xB3, 0xF7, 0xBE,
    0x5C, 0xBB, 0xCF, 0xF2, 0x5A, 0xE9, 0xD2, 0xA4, 0x2F, 0xF5, 0xCB, 0x75, 0x7E, 0x1A, 0x76, 0x4E,
    0x8E, 0xE8, 0x99, 0x21, 0xB3, 0xB6, 0x16, 0x67, 0x49, 0x97, 0x3C, 0xC2, 0x46, 0xDA, 0xA9, 0xA4,
    0xDB, 0xA5, 0x53, 0xD2, 0x16, 0xB2, 0xA9, 0x42, 0xDC, 0x77, 0xAE, 0x92, 0xD1, 0xBC, 0x38, 0x4D,
    0xAB, 0x09, 0xD0, 0x03, 0xC1, 0xD9, 0xD9, 0x9A, 0x1D, 0xD9, 0xBE, 0x3A, 0x2D, 0x30, 0x8D, 0x0D,
    0xA2, 0x23, 0x73, 0x2B, 0xBB, 0x79, 0x2C, 0xCD, 0x6C, 0xBA, 0xC3, 0xEE, 0x2B, 0xBC, 0xF4, 0x6F,
    0x12, 0xF8, 0x2A, 0x09, 0x7D, 0x7B, 0x1F, 0x37, 0x15, 0xE7, 0xDF, 0xB9, 0xDB, 0x67, 0xEE, 0x5C,
    0x9F, 0xAF, 0x39, 0xFA, 0x23, 0x6D, 0x0F, 0x8F, 0x8E, 0x1B, 0x39, 0xCE, 0xAB, 0x1B, 0x6C, 0x00,
    0x66, 0x4A, 0x7F, 0xC9, 0x76, 0x49, 0x59, 0x24, 0x6F, 0xDB, 0x59, 0xA3, 0x9E, 0xA2, 0x96, 0x77,
    0xB7, 0x00, 0x6F, 0x8F, 0x10, 0x08, 0x7A, 0xB7, 0xED, 0xCC, 0x94, 0x9D, 0xC8, 0x6E, 0x4B, 0xE9,
    0xBD, 0x19, 0x37, 0xDB, 0xB2, 0x9A, 0xF5, 0x0F, 0xAA, 0xFE, 0xF4, 0x0D, 0x25, 0xF6, 0x46, 0x09,
    0x0D, 0x25, 0x23, 0x9D, 0x59, 0x59, 0x5F, 0xDA, 0x4A, 0x68, 0xF7, 0x45, 0x84, 0x7E, 0x3E, 0x29,
    0x2E, 0x27, 0x76, 0x1E, 0x1D, 0x2D, 0x7D, 0x41, 0x17, 0xC1, 0xFF, 0x03, 0xC5, 0x9A, 0x3F, 0x8C,
    0xE4, 0x56, 0x1D, 0xC7, 0x7F, 0xF6, 0x64, 0xCF, 0xCA, 0x8E, 0x14, 0x9F, 0xD0, 0x46, 0x70, 0x1C,
    0x89, 0x29, 0x28, 0xA2, 0x53, 0x6E, 0xDD, 0x50, 0x1C, 0x62, 0x77, 0x6D, 0x8E, 0x02, 0x24, 0x10,
    0xD9, 0x22, 0x3D, 0x4D, 0x9A, 0x20, 0xC4, 0x52, 0x1C, 0x52, 0x84, 0xEE, 0xB0, 0xA9, 0x69, 0x8E,
    0x22, 0x25, 0xCA, 0x15, 0x57, 0x44, 0x34, 0x5C, 0x71, 0x48, 0x5B, 0x1C, 0x67, 0x07, 0x21, 0xA5,
    0xA0, 0x31, 0x47, 0x91, 0x82, 0xC6, 0x50, 0x80, 0x44, 0x24, 0xE2, 0x20, 0x27, 0x9A, 0xCB, 0xCD,
    0xCC, 0xE3, 0xFB, 0xFD, 0xFD, 0xEC, 0x99, 0xD9, 0xE3, 0xAF, 0xD8, 0x19, 0xCF, 0xCC, 0xFA, 0xAD,
    0x67, 0xD6, 0x7E, 0xEF, 0x7D, 0x7E, 0xBF, 0xF7, 0x7E, 0xFF, 0xBC, 0x22, 0x32, 0x17, 0x11, 0xDF,
    0xA1, 0x19, 0xB1, 0x19, 0x17, 0x68, 0x5E, 0xCC, 0x52, 0x91, 0x03, 0x36, 0x37, 0x92, 0x5C, 0xA4,
    0x41, 0xE3, 0x57, 0x49, 0x29, 0xA3, 0x12, 0xCD, 0xF8, 0xCD, 0xAC, 0x94, 0xC8, 0xB9, 0x4A, 0x0E,
    0x25, 0xAE, 0xE4, 0x0D, 0x89, 0x6A, 0x69, 0x24, 0xAC, 0xFD, 0x5A, 0xC2, 0xE6, 0x72, 0x2B, 0x27,
    0x8F, 0x93, 0x99, 0xEF, 0xD8, 0x6B, 0xFF, 0x1A, 0x4D, 0xD0, 0x04, 0xD3, 0xFE, 0x4C, 0xD0, 0xAF,
    0xEC, 0xDE, 0x3E, 0x96, 0xC2, 0x35, 0xA3, 0x49, 0x54, 0x87, 0x75, 0x54, 0xC5, 0x65, 0x5C, 0x26,
    0x79, 0x52, 0x66, 0x69, 0x52, 0x16, 0x92, 0xE5, 0x4E, 0x8A, 0xD4, 0x09, 0xDE, 0x98, 0x99, 0x0B,
    0xF0, 0xCD, 0xB4, 0x98, 0xC4, 0x6D, 0x52, 0x2F, 0xFA, 0x44, 0xFF, 0x9E, 0xB3, 0xDF, 0x72, 0x51,
    0xBF, 0xB9, 0xC2, 0xE6, 0x49, 0x89, 0xE6, 0xAB, 0x15, 0x41, 0x78, 0x76, 0xC4, 0xEF, 0xAE, 0xAD,
    0xDE, 0xB4, 0x11, 0x54, 0xEF, 0x2E, 0xF8, 0xD0, 0xF9, 0x4E, 0x84, 0x1E, 0x0F, 0x31, 0xB3, 0x16,
    0x47, 0x69, 0x63, 0x9E, 0x13, 0xD4, 0xA3, 0xB0, 0x24, 0x60, 0x67, 0xD9, 0xB7, 0xF8, 0xD9, 0x11,
    0x2E, 0x78, 0xC4, 0x0B, 0x76, 0xE5, 0x8E, 0x9C, 0x61, 0x33, 0x38, 0xA3, 0x33, 0x3C, 0xE3, 0x33,
    0x40, 0x23, 0x54, 0x44, 0x63, 0x34, 0x48, 0xA3, 0x34, 0x4C, 0xE3, 0x34, 0x50, 0x25, 0x15, 0x45,
    0x15, 0x65, 0x95, 0x85, 0x5E, 0x9F, 0x51, 0x4C, 0xFF, 0x2E, 0xAE, 0x98, 0xA5, 0x72, 0x14, 0xE3,
    0xDA, 0x71, 0x7A, 0x7E, 0xDA, 0x63, 0x36, 0x37, 0xD9, 0xBC, 0xC0, 0xF9, 0x7A, 0xAE, 0xEC, 0x48,
    0x57, 0x40, 0x37, 0xA4, 0x42, 0x8F, 0x3D, 0x62, 0x38, 0xEF, 0x11, 0x54, 0x19, 0x61, 0xA9, 0xAE,
    0x0D, 0x4A, 0xE4, 0x59, 0x6D, 0xBF, 0x9C, 0xAB, 0x6A, 0xF2, 0xA5, 0x22, 0x7F, 0xB3, 0x7D, 0x45,
    0x42, 0xE2, 0xA3, 0x07, 0xEC, 0xD6, 0x94, 0x39, 0xCD, 0xD7, 0xC8, 0x7D, 0x8C, 0x55, 0xE2, 0xCF,
    0xBF, 0x0B, 0xC6, 0xB7, 0xB8, 0x1D, 0x3C, 0x6A, 0x77, 0x68, 0xB5, 0x0A, 0xF5, 0x1A, 0xFD, 0xB1,
    0x92, 0x2F, 0x61, 0xD0, 0x8B, 0x97, 0x30, 0x06, 0xD4, 0x1B, 0xAE, 0x57, 0xBD, 0x7C, 0x51, 0xEE,
    0xBA, 0x33, 0x83, 0x47, 0x0D, 0x66, 0x2E, 0xF7, 0x37, 0xCD, 0xB5, 0x7C, 0x79, 0x33, 0x0E, 0xA1,
    0xE3, 0x4C, 0x17, 0x9B, 0xA8, 0xB3, 0xB7, 0x11, 0xFE, 0x76, 0x04, 0x9B, 0xD4, 0x06, 0xEB, 0x21,
    0xFD, 0x67, 0xA3, 0xAB, 0x2F, 0x9F, 0x57, 0x50, 0x98, 0xFE, 0xD7, 0x3F, 0x0F, 0xD2, 0x77, 0xEA,
    0x4E, 0xC9, 0xF2, 0xBA, 0x0C, 0x22, 0x07, 0x5A, 0xDD, 0x37, 0x44, 0xF6, 0x7E, 0x8A, 0xFE, 0x42,
    0xA3, 0x0E, 0x6A, 0x59, 0x97, 0x6E, 0x55, 0x97, 0x07, 0xB2, 0x2D, 0xBA, 0x71, 0x6E, 0x96, 0x69,
    0x43, 0x74, 0x31, 0x2D, 0xC9, 0xA7, 0xCA, 0x5E, 0x81, 0xDF, 0xDC, 0x06, 0xA2, 0x87, 0xA8, 0xC0,
    0x7B, 0xB9, 0x53, 0xE2, 0xEF, 0xD6, 0x8D, 0xB9, 0x47, 0x6F, 0xE5, 0x60, 0x87, 0x46, 0x7F, 0xE0,
    0x38, 0xDC, 0x20, 0x7E, 0x3A, 0x34, 0x26, 0xED, 0x50, 0xF8, 0x51, 0x25, 0xFB, 0x45, 0x29, 0x7B,
    0x9F, 0xC5, 0xA4, 0xBC, 0x4D, 0x68, 0x33, 0x48, 0x6F, 0x60, 0xE6, 0x7F, 0x6E, 0xC8, 0x40, 0xAE,
    0x1F, 0x0D, 0xB3, 0xFF, 0xD4, 0xE6, 0x8C, 0xA6, 0x8B, 0x20, 0xAF, 0x5D, 0x5D, 0x60, 0xD7, 0xE0,
    0xF2, 0x8E, 0x4E, 0xD6, 0x47, 0xFA, 0x9A, 0x19, 0xBA, 0xD1, 0xCC, 0xD6, 0x8D, 0xBE, 0x9C, 0x73,
    0xB5, 0x9C, 0x7C, 0xF2, 0x8B, 0x0A, 0x93, 0x1B, 0xA1, 0xA9, 0xB1, 0x61, 0xA2, 0xDA, 0x2F, 0xD5,
    0x07, 0x0A, 0x5D, 0xA3, 0x35, 0x99, 0xC3, 0xD4, 0xB2, 0x37, 0x31, 0x5D, 0x75, 0xA9, 0xAE, 0x6F,
    0xBC, 0x39, 0x7C, 0x91, 0x3F, 0x83, 0xE1, 0x06, 0xC5, 0xA1, 0x5C, 0x9E, 0xFF, 0x7C, 0x8A, 0x6B,
    0xDD, 0xB4, 0xEB, 0x7E, 0x47, 0x16, 0x1D, 0x68, 0x57, 0x69, 0xCF, 0x76, 0x01, 0xDE, 0xA4, 0x98,
    0xCB, 0xA8, 0x29, 0x24, 0xAC, 0x32, 0x89, 0x31, 0xFB, 0x24, 0x9D, 0x49, 0x31, 0x9E, 0x60, 0x4A,
    0xB9, 0xB8, 0x63, 0xEB, 0x9E, 0x47, 0x96, 0x7F, 0x51, 0x92, 0x27, 0x8D, 0x8C, 0x5D, 0x6E, 0x36,
    0x13, 0x9D, 0xD0, 0x37, 0xC7, 0x38, 0xC2, 0x72, 0xD1, 0xE1, 0x6D, 0x34, 0xFB, 0x2A, 0xBF, 0x53,
    0x36, 0x3C, 0x0B, 0xF8, 0xDD, 0x58, 0x36, 0x8E, 0xEA, 0x63, 0x9C, 0x08, 0x12, 0x7D, 0xE6, 0xA6,
    0x8D, 0x3E, 0xAA, 0xB9, 0xA0, 0x44, 0x97, 0xEE, 0x39, 0x40, 0xBB, 0x57, 0x72, 0x1D, 0x1F, 0xDD,
    0xFB, 0x58, 0x63, 0xEF, 0x39, 0xD2, 0x9F, 0x0E, 0xA2, 0xBA, 0xE4, 0x2B, 0xA5, 0xB8, 0x27, 0x39,
    0xC7, 0xF4, 0xFA, 0x21, 0xCF, 0xC9, 0xB2, 0xD7, 0x29, 0x27, 0xF8, 0x10, 0x13, 0x8C, 0x1F, 0xE3,
    0xC3, 0x03, 0x46, 0xFC, 0xB7, 0x77, 0x07, 0x00, 0xDA, 0xD3, 0xF8, 0xD8, 0xBF, 0x53, 0x6B, 0xDC,
    0x7D, 0xEB, 0x48, 0xBC, 0x7A, 0x7C, 0x7E, 0xA8, 0x9D, 0xDE, 0xCD, 0x88, 0xFF, 0x2E, 0x4C, 0x87,
    0x9C, 0x4C, 0x86, 0x83, 0xE2, 0xE2, 0x0A, 0x18, 0xC6, 0xFE, 0x1A, 0xA1, 0xE0, 0xB7, 0x01, 0xB9,
    0x2E, 0x28, 0xCE, 0x9E, 0x7D, 0xAB, 0xF7, 0xBE, 0xD1, 0xAB, 0x6B, 0x32, 0xA8, 0xBA, 0x18, 0x5D,
    0x9F, 0x6A, 0x02, 0xAA, 0x2A, 0x9B, 0xAE, 0x4F, 0x65, 0xD0, 0x19, 0x76, 0x66, 0xF2, 0x17, 0xCC,
    0xEC, 0x97, 0xBC, 0x20, 0xE5, 0xCA, 0x08, 0xA8, 0xBC, 0x41, 0x11, 0xA9, 0xBD, 0xF8, 0x51, 0x29,
    0x3F, 0xC4, 0xBC, 0x8E, 0x19, 0x5D, 0xDF, 0xB1, 0xE8, 0x7A, 0x7D, 0x4A, 0xEC, 0x23, 0x59, 0x09,
    0xE9, 0x6B, 0x18, 0xCB, 0x2E, 0x82, 0xD9, 0xAD, 0x59, 0xFD, 0xD5, 0xE8, 0xFA, 0x56, 0xBC, 0x16,
    0xD2, 0x7F, 0xE9, 0x0D, 0xBC, 0xB7, 0x31, 0x0E, 0xA6, 0xEC, 0x91, 0x7A, 0xDF, 0xBC, 0x81, 0x57,
    0xF5, 0xEC, 0xB9, 0x9C, 0xCC, 0x53, 0xA6, 0x74, 0x4C, 0xEE, 0xEC, 0xE6, 0xCA, 0xE6, 0xAB, 0x47,
    0x6E, 0xC9, 0x56, 0x91, 0x2E, 0x06, 0x05, 0x2E, 0x69, 0xD5, 0x51, 0x5F, 0xC6, 0xAD, 0x19, 0x43,
    0x84, 0xBB, 0x0C, 0x08, 0xFC, 0x50, 0x63, 0x68, 0xAC, 0x9C, 0x9A, 0xC5, 0x99, 0xE7, 0x8F, 0x25,
    0x6B, 0xD9, 0x73, 0xA8, 0x89, 0x23, 0xBA, 0x8E, 0x2A, 0xD0, 0xB0, 0x5F, 0x74, 0x9B, 0xE9, 0x4F,
    0x32, 0x95, 0xB8, 0x5D, 0xEB, 0x4C, 0xBA, 0x5A, 0x87, 0x76, 0x83, 0x63, 0x5C, 0x2D, 0x85, 0x5D,
    0xE8, 0x5D, 0xAE, 0xB3, 0xBD, 0x3B, 0xAF, 0x52, 0xF2, 0xB8, 0x97, 0x3F, 0x13, 0x09, 0xF0, 0xD3,
    0xCA, 0x78, 0x75, 0xB6, 0xD8, 0x6B, 0x4E, 0xC6, 0xCC, 0x8B, 0xE4, 0x92, 0x0E, 0xEC, 0xD2, 0x95,
    0x50, 0x88, 0x41, 0x1F, 0xA6, 0x1E, 0xFD, 0xD5, 0xB1, 0xE7, 0xA4, 0xF4, 0xA6, 0xE0, 0x43, 0x47,
    0x61, 0xA3, 0xC8, 0xBC, 0xBB, 0x89, 0xB9, 0xA6, 0x30, 0xFB, 0xB0, 0x61, 0x18, 0xC4, 0x26, 0xAE,
    0x48, 0x5D, 0xB2, 0x41, 0xA4, 0x62, 0x37, 0xCE, 0x30, 0x14, 0xC6, 0x0E, 0x66, 0x27, 0x98, 0x6C,
    0xC1, 0xF1, 0xBC, 0xFF, 0x1C, 0x2E, 0x60, 0x7B, 0x20, 0x66, 0x0A, 0xDA, 0x24, 0x0F, 0x6B, 0x84,
    0x3C, 0x65, 0x84, 0x4E, 0xA3, 0xAA, 0x48, 0xE3, 0xCA, 0x41, 0xC0, 0x0E, 0x37, 0x39, 0x0B, 0x7F,
    0xA4, 0x40, 0xE7, 0xC9, 0xFB, 0xED, 0x72, 0x2B, 0xC0, 0x98, 0x81, 0x54, 0x8F, 0x51, 0xF3, 0xBF,
    0x87, 0x0B, 0x1B, 0x46, 0x65, 0xE1, 0x8B, 0x82, 0xDE, 0xD9, 0x5F, 0x16, 0xBE, 0xFC, 0xF2, 0xFC,
    0xB4, 0xBD, 0x9F, 0x45, 0x77, 0xE3, 0x3F, 0x95, 0x9D, 0x9F, 0x9D, 0xDC, 0x64, 0x90, 0xB2, 0x3B,
    0x0C, 0x59, 0xA7, 0x46, 0x70, 0xF9, 0x6F, 0xDF, 0x27, 0x24, 0xB4, 0xB8, 0xCF, 0x8D, 0x78, 0x3F,
    0xC8, 0x57, 0xD4, 0x49, 0x42, 0x45, 0x14, 0x32, 0x0A, 0x21, 0x85, 0x94, 0x42, 0x4C, 0x21, 0xA7,
    0x10, 0x54, 0x48, 0x2A, 0x44, 0x55, 0x56, 0x85, 0x5D, 0xA5, 0xD5, 0xB1, 0x42, 0x2E, 0x94, 0xD1,
    0x6F, 0x19, 0xE6, 0x66, 0xED, 0xC0, 0xBC, 0xDC, 0x7A, 0x23, 0x6E, 0xB9, 0xBF, 0xC3, 0xE8, 0x5C,
    0x9E, 0x19, 0x6B, 0x8F, 0x7A, 0x3E, 0x4D, 0xAA, 0x1F, 0xDE, 0xBD, 0xC7, 0xD3, 0x7B, 0x54, 0x27,
    0xFD, 0xF0, 0x47, 0xC3, 0xAB, 0x13, 0xD6, 0xD7, 0xA3, 0x69, 0xFF, 0x9C, 0x2A, 0x94, 0xFA, 0x5C,
    0x1B, 0xA2, 0x6A, 0x2F, 0x7B, 0x0F, 0x1F, 0x3F, 0x5E, 0x38, 0xE3, 0x31, 0xD5, 0x18, 0x0F, 0xAD,
    0x46, 0xCB, 0x33, 0xDB, 0x5A, 0x0E, 0x91, 0x67, 0x5E, 0xDC, 0xE5, 0xE2, 0xB5, 0x0D, 0xBA, 0x3E,
    0x75, 0xEA, 0x4A, 0xA5, 0x05, 0x4A, 0x18, 0x69, 0x4C, 0x0E, 0x58, 0x82, 0x7C, 0x6E, 0xCB, 0x86,
    0x55, 0xBA, 0xFC, 0x93, 0x41, 0xC2, 0x11, 0x9C, 0xD9, 0xFD, 0x51, 0xBE, 0x19, 0x83, 0xBB, 0x74,
    0x48, 0x7D, 0xB9, 0xCD, 0x52, 0xDA, 0x5E, 0x00, 0xB8, 0x12, 0x32, 0x40, 0x02, 0x0C, 0x21, 0xE0,
    0x1C, 0x30, 0xEF, 0xD4, 0x14, 0xC3, 0xEF, 0x4B, 0xCA, 0x61, 0xDE, 0x39, 0x55, 0x95, 0x84, 0xA8,
    0x28, 0x44, 0x65, 0x21, 0x2A, 0x0C, 0x51, 0x69, 0xA8, 0x77, 0x2D, 0xB5, 0xD5, 0x93, 0x42, 0x4C,
    0x22, 0x26, 0x92, 0x4E, 0x26, 0x26, 0x94, 0x7E, 0x69, 0x5B, 0x11, 0xAC, 0xEE, 0x45, 0xC2, 0x79,
    0xF9, 0xD5, 0x05, 0x9E, 0x46, 0x25, 0x64, 0x80, 0xC6, 0xCD, 0xC3, 0x12, 0x52, 0xF8, 0x09, 0xAD,
    0xD4, 0x8C, 0x56, 0xAA, 0xFE, 0x7F, 0xAC, 0x54, 0x57, 0xED, 0xB3, 0x00, 0x69, 0x66, 0xE5, 0x23,
    0xAB, 0x51, 0xA5, 0xDB, 0xC6, 0xCF, 0x16, 0xB5, 0x2C, 0x7D, 0xEE, 0xE3, 0xD5, 0x9B, 0xC0, 0x57,
    0x77, 0xDB, 0xF9, 0x5B, 0x73, 0xB8, 0xEA, 0x71, 0xCD, 0xE5, 0x2E, 0x7C, 0xEE, 0x56, 0x84, 0x40,
    0x47, 0x6C, 0x21, 0x8F, 0xBA, 0x62, 0xFA, 0x62, 0x75, 0xC6, 0xF0, 0xC6, 0x1B, 0x5B, 0x08, 0xF2,
    0x30, 0xD0, 0xAA, 0xD2, 0x07, 0x14, 0xC1, 0x5B, 0x1C, 0xFB, 0x82, 0xD7, 0x6E, 0x7B, 0x21, 0xC4,
    0x39, 0xBE, 0xCE, 0xF8, 0x18, 0xF0, 0x63, 0xCE, 0x37, 0xFF, 0xDE, 0xE6, 0xF0, 0xB7, 0x84, 0xA9,
    0x40, 0x0C, 0xC9, 0xC5, 0xF2, 0x05, 0x9C, 0x9F, 0x99, 0xD9, 0x06, 0x80, 0x5F, 0x13, 0x0B, 0xD8,
    0xB5, 0xEA, 0xB6, 0x2C, 0xBB, 0x49, 0xE2, 0x2A, 0x37, 0x89, 0xE7, 0xE9, 0x49, 0x0D, 0x33, 0x19,
    0x32, 0x0E, 0x7F, 0x8E, 0x91, 0xF8, 0x0B, 0x64, 0xBC, 0xCA, 0xE6, 0x80, 0xF0, 0x07, 0xC4, 0xBC,
    0xC6, 0x61, 0x6E, 0xB0, 0xB9, 0x47, 0xD2, 0x86, 0x03, 0x42, 0x62, 0xA9, 0x87, 0x09, 0xA5, 0x23,
    0x46, 0x4E, 0xA8, 0x40, 0xC4, 0x9F, 0x3C, 0x04, 0xB2, 0x6B, 0xFF, 0xDB, 0xB8, 0xCF, 0xBF, 0xEA,
    0x1D, 0x67, 0x6D, 0xD0, 0x86, 0xCD, 0xB8, 0x09, 0xED, 0x5D, 0x47, 0x7C, 0x57, 0x71, 0x45, 0x33,
    0xAF, 0xEF, 0xBC, 0xC8, 0xB3, 0x1F, 0xBB, 0x3C, 0x7B, 0x37, 0xCB, 0x93, 0x69, 0x32, 0x8D, 0x9B,
    0x2E, 0x61, 0xB9, 0x24, 0x5D, 0x32, 0x92, 0xAE, 0x14, 0x48, 0xAF, 0x50, 0x68, 0x4F, 0x28, 0xD3,
    0xEB, 0x75, 0xFF, 0xBC, 0x55, 0x37, 0xD2, 0xCB, 0x03, 0xA1, 0x22, 0x13, 0xD3, 0xDA, 0x2C, 0x73,
    0x31, 0xB5, 0xAA, 0x84, 0xAD, 0xF5, 0x61, 0xF9, 0xB9, 0x68, 0x7B, 0xCF, 0xAC, 0xA5, 0x5A, 0xAB,
    0xCC, 0x5A, 0x82, 0x79, 0xB5, 0xF7, 0xE5, 0x25, 0xD1, 0x5E, 0xA9, 0xC8, 0x36, 0x2E, 0x09, 0x17,
    0x94, 0xA4, 0x0B, 0x89, 0x17, 0x9D, 0x12, 0x6D, 0x3F, 0x35, 0x40, 0x23, 0x34, 0x44, 0x63, 0x34,
    0x48, 0xA3, 0x34, 0x4C, 0xE3, 0x34, 0x50, 0x23, 0x35, 0xD4, 0x33, 0xAC, 0x67, 0xC2, 0x08, 0xAE,
    0xB2, 0x5F, 0xA9, 0xCD, 0x96, 0x97, 0xD4, 0xAA, 0x90, 0xF7, 0x21, 0x81, 0x0F, 0x49, 0x7C, 0x00,
    0xDC, 0x0F, 0xC9, 0x3C, 0x4F, 0x09, 0x2D, 0xA4, 0x16, 0x62, 0x4B, 0xA2, 0x0D, 0xC0, 0x85, 0xE4,
    0x42, 0x74, 0x21, 0xBB, 0x3C, 0x0D, 0x4F, 0x6D, 0x49, 0x17, 0xFE, 0x21, 0x65, 0xD7, 0xF6, 0xC5,
    0xAD, 0xE3, 0x17, 0x4F, 0xBB, 0xAC, 0x4D, 0xE0, 0xEB, 0xBA, 0xB6, 0x85, 0x6D, 0x2B, 0xDB, 0x96,
    0xB6, 0xAD, 0xED, 0xC5, 0xE2, 0xDE, 0x8E, 0x10, 0xEE, 0xF6, 0x8F, 0x23, 0x74, 0xCD, 0x5B, 0x28,
    0xA1, 0x5B, 0x5C, 0x25, 0x91, 0x6E, 0x62, 0x21, 0xC8, 0x2C, 0xD0, 0x41, 0xFF, 0xC6, 0xC9, 0xB0,
    0xDC, 0x28, 0x3B, 0x7E, 0xBD, 0xED, 0x85, 0x10, 0x56, 0xDF, 0xC7, 0x25, 0x73, 0x5C, 0xFD, 0x03,
    0x16, 0x42, 0x8E, 0xF7, 0x37, 0xB6, 0x0F, 0xB6, 0x85, 0x69, 0xFF, 0x01, 0x91, 0xA9, 0x3F, 0x29,
    0xB4, 0x4D, 0xCE, 0xCE, 0x6A, 0xFD, 0xC0, 0xCF, 0x2E, 0x46, 0xD4, 0xE6, 0xA9, 0xF1, 0xE2, 0xB2,
    0x4F, 0xD1, 0xFC, 0xA6, 0x2B, 0x10, 0xDB, 0x9E, 0x74, 0xD7, 0x5D, 0x9D, 0x3D, 0xF6, 0x8A, 0xDB,
    0x90, 0xC0, 0x21, 0x32, 0x29, 0x3C, 0xF9, 0x82, 0x8C, 0x1A, 0x64, 0x17, 0x00, 0x1C, 0x4D, 0x11,
    0xE8, 0xFA, 0x33, 0x06, 0xFB, 0x73, 0x3E, 0x10, 0x76, 0x2C, 0x2E, 0x17, 0x75, 0x9F, 0x8F, 0xE8,
    0x40, 0xF4, 0x2C, 0xCB, 0x12, 0xE3, 0xA7, 0x59, 0xF4, 0x4B, 0xDC, 0x32, 0x7F, 0xD0, 0xEC, 0x25,
    0xAC, 0xA4, 0x4F, 0x2A, 0xFA, 0x7F, 0x14, 0x40, 0xCD, 0xED, 0x8E, 0x24, 0xAD, 0xD6, 0xB3, 0x7C,
    0x2D, 0x6D, 0x4D, 0x19, 0x68, 0x9F, 0xF2, 0xF1, 0x7E, 0xC3, 0xC7, 0x77, 0x18, 0xC5, 0xB1, 0xB2,
    0x52, 0x30, 0xB5, 0xC9, 0x5E, 0x61, 0x57, 0x3F, 0xEB, 0x93, 0xB0, 0xB8, 0xE9, 0x3B, 0x0D, 0xF3,
    0x7E, 0x6F, 0x3F, 0xE8, 0x0A, 0xC2, 0x57, 0x28, 0x6F, 0xBD, 0x6A, 0xD3, 0x6C, 0x5A, 0x6E, 0xE7,
    0x40, 0xE3, 0x89, 0x9C, 0xC9, 0x99, 0xD6, 0xCA, 0xF6, 0x19, 0xB2, 0x15, 0x64, 0x73, 0x64, 0x7B,
    0x68, 0x57, 0x89, 0x7C, 0x87, 0x26, 0xF4, 0x03, 0x5E, 0xF2, 0xB5, 0xB2, 0xBF, 0xF8, 0x70, 0x30,
    0xD5, 0xBE, 0xAE, 0xC9, 0x2F, 0x1F, 0x96, 0x7D, 0x23, 0xEF, 0x2B, 0x39, 0xB7, 0xBA, 0x8A, 0xC7,
    0x50, 0xFA, 0xED, 0x5D, 0xDD, 0x4B, 0xCC, 0x83, 0x31, 0xFD, 0xAB, 0x19, 0xFE, 0xFC, 0x85, 0x71,
    0x3E, 0xD0, 0xCA, 0xFE, 0x77, 0x03, 0x0F, 0x40, 0xFE, 0x0F, 0xAD, 0x57, 0xCF, 0x6F, 0x1D, 0x57,
    0x15, 0xFE, 0x66, 0xC6, 0xC9, 0x50, 0x0F, 0xF8, 0x7A, 0x11, 0x10, 0x6D, 0x53, 0x0F, 0x0B, 0x90,
    0x42, 0x94, 0x78, 0xBA, 0x28, 0x92, 0x25, 0x5E, 0x3C, 0x43, 0xBA, 0xC8, 0x22, 0x8B, 0x7A, 0x81,
    0x11, 0x12, 0x0B, 0xB2, 0x60, 0x41, 0xBB, 0x20, 0x59, 0x44, 0xC2, 0x42, 0xB6, 0x67, 0x68, 0x16,
    0x2C, 0x58, 0xC4, 0x8B, 0xFE, 0x01, 0x96, 0x88, 0x58, 0xB8, 0x12, 0x0E, 0x52, 0x90, 0x8C, 0x70,
    0x3C, 0xB7, 0xF1, 0x82, 0x45, 0x16, 0x1D, 0xA8, 0x10, 0x3B, 0x98, 0xB6, 0x94, 0x2E, 0xD2, 0xD2,
    0xDB, 0x68, 0x40, 0x13, 0x6B, 0xDE, 0x1B, 0xBE, 0x73, 0x67, 0x9E, 0xF3, 0x92, 0x86, 0xD4, 0x0B,
    0xEE, 0xBC, 0x33, 0xBF, 0xEE, 0x9D, 0x7B, 0x7E, 0xDC, 0xEF, 0x7C, 0xE7, 0xBE, 0xA5, 0xCD, 0xCF,
    0x34, 0x00, 0x97, 0x36, 0x4E, 0x67, 0x0A, 0x51, 0xF6, 0xDA, 0xC6, 0x34, 0x9E, 0x76, 0x48, 0xF3,
    0x12, 0x14, 0xB9, 0xD9, 0x2C, 0x7E, 0x85, 0xCD, 0xA7, 0x1E, 0xD2, 0x7C, 0x9C, 0x44, 0x5C, 0x9F,
    0x3C, 0xE5, 0x9F, 0xC2, 0xD3, 0x0F, 0xB6, 0xB4, 0xC9, 0x9B, 0xD7, 0x6E, 0x8C, 0xAF, 0x71, 0xDB,
    0x96, 0x22, 0xA7, 0xB7, 0xB6, 0x36, 0xE4, 0x2A, 0x23, 0x78, 0xCF, 0xB6, 0xC9, 0x47, 0x36, 0x83,
    0xAE, 0x3D, 0xF1, 0xE5, 0x42, 0xF0, 0x7F, 0xFB, 0x7D, 0x79, 0x79, 0x39, 0xE1, 0xE4, 0x5A, 0xA6,
    0xE5, 0x3D, 0xD2, 0xB6, 0xED, 0x74, 0x5C, 0xF2, 0x4A, 0x85, 0x79, 0xC4, 0x88, 0x75, 0xAC, 0xA7,
    0x11, 0x64, 0x61, 0xA9, 0x4A, 0xBF, 0xF4, 0x74, 0x90, 0xAD, 0x61, 0x09, 0x7E, 0xA6, 0x8C, 0x32,
    0x9E, 0x71, 0xF9, 0x66, 0x1E, 0x97, 0x10, 0x22, 0xCD, 0xF2, 0x64, 0x88, 0x5B, 0xB8, 0xCA, 0xAF,
    0x8E, 0xF3, 0xFB, 0x67, 0xBD, 0x72, 0x47, 0xB1, 0x33, 0xC8, 0x62, 0x55, 0xC4, 0x6F, 0x9B, 0xF8,
    0xAE, 0x99, 0x76, 0x37, 0x82, 0x9F, 0x97, 0xE1, 0xFB, 0xB5, 0x7A, 0xBF, 0xF1, 0xDF, 0xAD, 0x3D,
    0x5D, 0xF1, 0x71, 0x2D, 0xCC, 0x96, 0x4E, 0xC0, 0x2D, 0x6E, 0xA9, 0xFB, 0x4D, 0xF0, 0xE9, 0xD0,
    0x33, 0xB7, 0x9D, 0x72, 0xD5, 0xD3, 0xB7, 0xA2, 0xA0, 0xF8, 0xFA, 0x33, 0xD4, 0xB3, 0x13, 0xBD,
    0xD3, 0xC4, 0xFB, 0x4D, 0x7C, 0xA1, 0x1C, 0x78, 0xFA, 0x8C, 0xA7, 0x55, 0x52, 0x39, 0xC9, 0xD7,
    0xA0, 0xB4, 0xFD, 0x25, 0x50, 0xC0, 0x0C, 0xA2, 0x7F, 0xED, 0xC5, 0xED, 0xF0, 0x1B, 0x83, 0xEF,
    0x63, 0x15, 0x18, 0x02, 0x8D, 0xFC, 0x9C, 0x0A, 0x8E, 0x81, 0x53, 0x72, 0x72, 0xB8, 0x1A, 0x1E,
    0x7F, 0x99, 0xAC, 0xAF, 0x0F, 0x31, 0xD0, 0x0E, 0x42, 0x4D, 0x61, 0x58, 0xDF, 0x78, 0xF7, 0x92,
    0xC3, 0xF8, 0xBA, 0x07, 0xF7, 0x4A, 0x78, 0x05, 0x57, 0x96, 0x2B, 0x12, 0x14, 0x16, 0x0D, 0xF0,
    0xEC, 0x4A, 0x43, 0x14, 0x21, 0xE6, 0x73, 0x0C, 0xCC, 0x9E, 0x9D, 0x02, 0xF5, 0x51, 0x1A, 0xCC,
    0x2E, 0x9C, 0x00, 0x76, 0xBA, 0xA9, 0x1C, 0x8A, 0x5B, 0x41, 0x8D, 0x10, 0xB5, 0xEC, 0x64, 0x64,
    0x79, 0x46, 0x34, 0x42, 0x50, 0x89, 0xC2, 0x25, 0x60, 0x8D, 0x08, 0x28, 0x90, 0x0E, 0x91, 0x8E,
    0x90, 0x96, 0x58, 0x67, 0xA0, 0x6C, 0xB8, 0x17, 0x91, 0x27, 0x6D, 0xB2, 0x6E, 0xEF, 0x76, 0xF2,
    0xF3, 0xC3, 0xF6, 0xFC, 0x70, 0xDD, 0x11, 0x03, 0xBF, 0x49, 0xF8, 0xDC, 0xC8, 0x31, 0x72, 0x9A,
    0x16, 0x23, 0xB7, 0x59, 0x47, 0x63, 0x5F, 0x03, 0x61, 0x22, 0x2B, 0x13, 0x67, 0x72, 0x9F, 0x57,
    0x9B, 0xD8, 0x3C, 0x02, 0x60, 0xD3, 0x1A, 0xA7, 0x70, 0x04, 0xB0, 0xB6, 0x66, 0x7C, 0x7C, 0x7E,
    0xC2, 0xB4, 0xA5, 0x86, 0x1C, 0x47, 0x19, 0x9B, 0x1B, 0xBC, 0x28, 0xC7, 0x51, 0xC6, 0xF6, 0x2D,
    0xCF, 0x9C, 0x42, 0xD2, 0xF2, 0x43, 0x02, 0x4D, 0x16, 0xE1, 0x2D, 0x13, 0x58, 0xEF, 0xBF, 0x63,
    0x5E, 0x90, 0x6B, 0xEC, 0x9A, 0x05, 0x1B, 0x3F, 0xD7, 0xD8, 0xEC, 0x58, 0xF4, 0xDE, 0x2B, 0xEC,
    0xD5, 0x7F, 0xE7, 0xF5, 0x9A, 0x29, 0xBF, 0xA8, 0xAE, 0x87, 0xB9, 0x73, 0x60, 0xA2, 0xCB, 0x67,
    0xD7, 0xD4, 0xCB, 0x45, 0x15, 0x54, 0x2B, 0x8D, 0xFA, 0xA5, 0xE6, 0x3A, 0x7D, 0x5A, 0xA9, 0xEB,
    0x59, 0x0D, 0xF7, 0x8E, 0x09, 0x7F, 0x98, 0xD4, 0xF0, 0xAF, 0x99, 0x30, 0x22, 0x62, 0x94, 0x67,
    0x16, 0x23, 0xD7, 0x60, 0xE0, 0x9A, 0xD5, 0x88, 0x50, 0xB8, 0xEA, 0x54, 0x55, 0xF8, 0x4A, 0x46,
    0x90, 0xE4, 0x85, 0x3F, 0xC4, 0x93, 0x5A, 0x6F, 0xE2, 0x84, 0x95, 0x13, 0x86, 0x4E, 0xD8, 0x3A,
    0x61, 0xEE, 0x84, 0xC5, 0x13, 0x46, 0x4F, 0xD8, 0xED, 0xD6, 0x10, 0xD3, 0xB7, 0x69, 0xBA, 0xDA,
    0xC6, 0xD8, 0xFA, 0x45, 0x95, 0x8D, 0x1D, 0xD8, 0x25, 0xFA, 0x7B, 0x1F, 0x6A, 0xDE, 0x76, 0x6E,
    0x3C, 0xA8, 0x54, 0xD6, 0x7B, 0xF2, 0xEF, 0x4A, 0x72, 0xC3, 0x3A, 0x73, 0xDF, 0x44, 0xE8, 0xFD,
    0xF9, 0x93, 0x59, 0xC4, 0xD8, 0xA5, 0x7A, 0x17, 0x63, 0xAF, 0xD2, 0x72, 0xD2, 0x9F, 0xB0, 0x88,
    0x74, 0x9C, 0xC4, 0x18, 0x60, 0x05, 0x37, 0xE5, 0xF9, 0xCF, 0x4D, 0xB4, 0x5F, 0xC7, 0x2F, 0x9B,
    0xD8, 0x2F, 0x06, 0x81, 0x5E, 0x51, 0xC9, 0x4D, 0x85, 0xEE, 0x7D, 0x9C, 0x49, 0x4F, 0xC2, 0xBE,
    0x14, 0xEC, 0xDD, 0x05, 0xFB, 0x6B, 0x70, 0x84, 0xC1, 0x4D, 0xE5, 0xF4, 0xB3, 0x72, 0x90, 0x0E,
    0xB5, 0xD2, 0x81, 0xF6, 0xB4, 0x84, 0x27, 0xFE, 0x45, 0x15, 0xED, 0x57, 0xE1, 0x1D, 0xDA, 0x5D,
    0x73, 0xB8, 0xA7, 0x57, 0x3C, 0x2D, 0x51, 0xE1, 0xFB, 0x1C, 0xEC, 0x49, 0xC1, 0xBE, 0x98, 0xE9,
    0x5D, 0x47, 0x09, 0xFB, 0x55, 0xE2, 0x89, 0x4E, 0x8E, 0xF1, 0x93, 0x43, 0x1B, 0x99, 0xDD, 0x43,
    0x78, 0x9F, 0xC0, 0x7F, 0x3B, 0x51, 0x17, 0x74, 0xE8, 0x95, 0xE7, 0x98, 0xEA, 0xA7, 0x50, 0x91,
    0xB5, 0x74, 0x0C, 0x1A, 0xC3, 0xFC, 0x08, 0x32, 0x6A, 0x4B, 0x3C, 0x7E, 0xE9, 0x1A, 0xAE, 0x6C,
    0x83, 0xC6, 0xAD, 0xFD, 0x42, 0x25, 0x03, 0xCC, 0x72, 0x86, 0x5B, 0x12, 0x93, 0xC6, 0x2D, 0x22,
    0xB7, 0x09, 0x68, 0x5A, 0x1D, 0x81, 0xAB, 0xCE, 0x90, 0xEC, 0xF2, 0x82, 0x28, 0xD0, 0x98, 0x0F,
    0x3E, 0xF1, 0x8B, 0xF4, 0x7C, 0xA3, 0x8C, 0x3D, 0xC5, 0xF2, 0x68, 0x3B, 0xEC, 0x10, 0x3B, 0x38,
    0x20, 0x4D, 0xC1, 0x4E, 0x60, 0xA7, 0x12, 0x0E, 0x48, 0x90, 0x5F, 0xAC, 0xD1, 0xAA, 0x8A, 0x62,
    0x30, 0x54, 0xA5, 0xD3, 0xA8, 0xC2, 0xA9, 0x43, 0xED, 0x56, 0x61, 0xE6, 0x72, 0x25, 0xBC, 0x92,
    0x52, 0x2C, 0x92, 0x8E, 0x06, 0xE4, 0xA3, 0x01, 0x1C, 0x6B, 0x0D, 0x01, 0x93, 0xEC, 0x20, 0xBE,
    0xD3, 0x80, 0x5C, 0x87, 0xE8, 0xF5, 0xFA, 0xD0, 0xD3, 0xA0, 0xFD, 0x07, 0xE2, 0x7F, 0x92, 0x2D,
    0x90, 0x26, 0x8B, 0xAF, 0xC6, 0xD9, 0xD4, 0x5E, 0xAC, 0x71, 0x9B, 0x79, 0xDF, 0xE4, 0xC0, 0x83,
    0x46, 0x12, 0x10, 0x18, 0x75, 0x34, 0x66, 0xA5, 0x0F, 0x92, 0x2B, 0x14, 0x56, 0x75, 0xE2, 0xF7,
    0x48, 0xEB, 0x19, 0x3E, 0x11, 0x8D, 0x53, 0x12, 0xF2, 0x41, 0x98, 0xD0, 0x13, 0xFF, 0xE0, 0x7B,
    0x39, 0xED, 0xA6, 0x22, 0xCB, 0x51, 0x7D, 0x7B, 0x9E, 0x03, 0x41, 0x56, 0x6C, 0x99, 0x14, 0x05,
    0x9C, 0xDB, 0x38, 0x67, 0x49, 0x50, 0xBE, 0x75, 0x28, 0x2F, 0x41, 0xC0, 0xD1, 0x31, 0x6B, 0x82,
    0x40, 0x58, 0x18, 0x67, 0x58, 0x9B, 0x20, 0x41, 0xFC, 0x18, 0xEE, 0x5D, 0x78, 0x17, 0x92, 0xC0,
    0xD3, 0x5F, 0x72, 0x8A, 0x33, 0x20, 0xEA, 0xAF, 0xDE, 0x24, 0xA0, 0xFA, 0x66, 0x91, 0xE1, 0xBC,
    0x25, 0x56, 0x79, 0xF7, 0x0B, 0x31, 0x78, 0xEF, 0xAE, 0xE4, 0xCD, 0x65, 0x29, 0x44, 0x41, 0x2B,
    0x64, 0xE9, 0xFF, 0x75, 0xDD, 0x7A, 0x1F, 0x0A, 0xC1, 0x29, 0xE1, 0xDF, 0xB9, 0x00, 0x33, 0xC9,
    0x17, 0x43, 0x4C, 0xAB, 0x24, 0x7E, 0x61, 0x2A, 0xBC, 0x8E, 0xF0, 0xA3, 0xD5, 0xE0, 0x6F, 0xF3,
    0x0E, 0x79, 0x38, 0x6F, 0xD3, 0xF6, 0xBB, 0x71, 0xFB, 0xC6, 0xE2, 0xB7, 0xCB, 0xF9, 0x9F, 0x54,
    0xB3, 0xBF, 0xAB, 0x67, 0x07, 0x43, 0x54, 0x57, 0xB0, 0xBA, 0x80, 0xCA, 0xDA, 0xD3, 0xE1, 0xBA,
    0x4D, 0xC2, 0xD6, 0x32, 0xF3, 0x68, 0x5C, 0x48, 0xBB, 0x90, 0xC9, 0xCA, 0xF9, 0xBA, 0x63, 0xF8,
    0xB3, 0x94, 0x95, 0xEE, 0xB5, 0x14, 0x82, 0x80, 0xEA, 0x43, 0x09, 0x54, 0x87, 0x18, 0x31, 0x5C,
    0x20, 0xCC, 0xDC, 0x62, 0x99, 0x83, 0x54, 0x1B, 0x08, 0xC5, 0x23, 0xFE, 0x80, 0xEC, 0xCA, 0xB1,
    0x29, 0x3B, 0x72, 0x61, 0x45, 0xD8, 0x45, 0x21, 0x48, 0xE1, 0x52, 0x3C, 0xAE, 0x93, 0x37, 0xDA,
    0x84, 0xC7, 0xC5, 0xF2, 0x65, 0x51, 0x38, 0xBD, 0x1A, 0x4B, 0x29, 0x29, 0x47, 0xCC, 0x49, 0x6A,
    0x88, 0xF0, 0x3E, 0x1D, 0x5B, 0x28, 0x73, 0x7F, 0xA5, 0xED, 0x26, 0x74, 0xC6, 0x13, 0x36, 0xFD,
    0x84, 0x04, 0x89, 0xDF, 0xAD, 0xB0, 0xBB, 0x6D, 0x38, 0xF7, 0x93, 0x26, 0x13, 0x79, 0x68, 0x97,
    0x23, 0xA6, 0x8E, 0x1E, 0x61, 0xAF, 0xE3, 0x34, 0x29, 0x27, 0xE5, 0xDC, 0x6B, 0xFC, 0x07, 0x2D,
    0xD2, 0xF3, 0x84, 0x6C, 0x9A, 0xA5, 0x18, 0x31, 0x8F, 0x58, 0xD9, 0x47, 0x01, 0x2F, 0x56, 0x2B,
    0x67, 0x11, 0xA5, 0xB9, 0x35, 0x5A, 0x7C, 0xA2, 0xBB, 0xA1, 0xB1, 0x46, 0x10, 0x27, 0x9E, 0x05,
    0xBF, 0x8D, 0x8D, 0xE9, 0xF0, 0x31, 0xFB, 0x10, 0xC1, 0x99, 0x05, 0x63, 0x54, 0xC0, 0xAF, 0xAD,
    0x7B, 0x01, 0x2F, 0xA1, 0x3E, 0x44, 0xE5, 0x84, 0x25, 0x7E, 0x4D, 0x3B, 0x82, 0x4A, 0xAC, 0x30,
    0x62, 0x43, 0x49, 0x0B, 0x04, 0x7C, 0x43, 0x52, 0x9C, 0xD7, 0x10, 0x0B, 0xCA, 0x10, 0xB1, 0x69,
    0x16, 0x89, 0xDE, 0x79, 0xD1, 0x3A, 0x10, 0x9D, 0x92, 0x45, 0x63, 0x85, 0xD4, 0xB6, 0x43, 0x5D,
    0xB4, 0x30, 0x2E, 0xBC, 0x21, 0xF5, 0xF4, 0xF5, 0xF2, 0x90, 0xAD, 0xCF, 0x0B, 0xBE, 0x5A, 0xF5,
    0x1F, 0x86, 0xA1, 0x8D, 0x34, 0x03, 0x32, 0x8C, 0xB9, 0x75, 0x61, 0x9A, 0x26, 0x3C, 0x8B, 0x37,
    0x52, 0xC2, 0x19, 0x6B, 0x66, 0x38, 0xED, 0xF5, 0x4A, 0x31, 0xDC, 0x2B, 0x24, 0xF8, 0x9E, 0x76,
    0x04, 0x16, 0x99, 0xA0, 0xC0, 0x39, 0x4C, 0x34, 0x41, 0x03, 0x99, 0x81, 0xA1, 0x96, 0xD5, 0xEC,
    0xCE, 0x51, 0xA6, 0x8A, 0x49, 0xA5, 0xBF, 0x5F, 0x7E, 0x13, 0xCC, 0x24, 0x2B, 0xB2, 0xC5, 0x0A,
    0xDA, 0xDF, 0xF4, 0x58, 0x1B, 0xF4, 0xB2, 0xD2, 0x01, 0x6C, 0x9C, 0xC5, 0xA2, 0x42, 0x60, 0x29,
    0x01, 0x15, 0xF1, 0xB3, 0x0E, 0x74, 0xC7, 0x20, 0xDF, 0x67, 0xCF, 0xDF, 0x6B, 0x4B, 0x6F, 0xBF,
    0x35, 0x94, 0x6A, 0x42, 0x4C, 0x2F, 0xDA, 0xDB, 0xFF, 0x0B, 0xBC, 0x7D, 0x7D, 0x24, 0x21, 0x83,
    0x23, 0xBE, 0xD6, 0xE0, 0xF8, 0xD6, 0x56, 0x16, 0x71, 0xEE, 0xBC, 0x19, 0xA0, 0x7D, 0x4C, 0xD2,
    0xE6, 0x1C, 0xD3, 0xA7, 0x2D, 0xC0, 0xED, 0xE2, 0xD6, 0xD6, 0x0D, 0x6C, 0x93, 0x1B, 0x02, 0xBF,
    0xD5, 0x94, 0x62, 0x42, 0xB4, 0xBA, 0xD8, 0xEA, 0xB6, 0x1D, 0x71, 0x58, 0xC7, 0x23, 0xF3, 0x38,
    0x19, 0x21, 0x3E, 0x3B, 0x15, 0x7C, 0xB4, 0x7B, 0xBC, 0x6D, 0xF2, 0x36, 0x59, 0xFB, 0x69, 0x89,
    0xDF, 0xD6, 0x30, 0x57, 0x6C, 0x65, 0x81, 0xB3, 0xE1, 0xB3, 0x24, 0x07, 0xC6, 0xC9, 0x26, 0x60,
    0xC0, 0x18, 0xA6, 0x3A, 0x67, 0x44, 0x16, 0xF8, 0xBD, 0x7F, 0xF8, 0xFE, 0x72, 0x4B, 0x04, 0x8E,
    0xDE, 0xAC, 0xC1, 0x1A, 0x97, 0x0A, 0x19, 0x05, 0xD9, 0x8F, 0x19, 0xA4, 0x0C, 0x47, 0x6C, 0x3F,
    0x92, 0xC1, 0xF2, 0x99, 0x26, 0x8E, 0x08, 0xA0, 0x83, 0x1F, 0xD4, 0x12, 0xCC, 0x8D, 0xC9, 0x31,
    0xDC, 0xC7, 0x5D, 0xA1, 0x34, 0x37, 0x67, 0x91, 0xFE, 0xDA, 0x90, 0x02, 0x8D, 0x4B, 0x7A, 0x71,
    0x3E, 0xF8, 0x3B, 0x55, 0xFF, 0x91, 0xF8, 0xBD, 0x93, 0xE1, 0xF8, 0xB8, 0xC0, 0x93, 0xF4, 0x28,
    0xE4, 0x21, 0xF8, 0x1F, 0xAF, 0xE3, 0x58, 0x2B, 0x7B, 0xBD, 0x0C, 0xF3, 0xF3, 0x44, 0xD7, 0x40,
    0xEA, 0xC8, 0x4B, 0x3D, 0x3D, 0x48, 0x7D, 0xCF, 0xF2, 0x8B, 0x49, 0xFE, 0x0A, 0xE2, 0x19, 0xBB,
    0xE8, 0x03, 0xFB, 0xBB, 0x6A, 0x17, 0x9A, 0x1B, 0xD4, 0xC2, 0x6E, 0x4D, 0x99, 0x0F, 0x2C, 0xD8,
    0x41, 0xA6, 0xA2, 0x62, 0x2E, 0x2A, 0x06, 0x52, 0xDE, 0x09, 0xB2, 0xA9, 0xA8, 0x9C, 0x59, 0xAF,
    0xE7, 0x6E, 0xC5, 0x6B, 0x26, 0xA8, 0x97, 0x84, 0x9D, 0x97, 0x13, 0x09, 0xC5, 0x08, 0xDE, 0x83,
    0xE5, 0xCB, 0x05, 0x93, 0x01, 0xD5, 0xD5, 0x1E, 0x42, 0x6C, 0xA7, 0x30, 0x35, 0x98, 0x9D, 0x1F,
    0x54, 0xE1, 0xCF, 0x8C, 0xD7, 0x66, 0x07, 0xED, 0x1E, 0x17, 0xC3, 0x6D, 0x13, 0xF5, 0x87, 0x32,
    0x5A, 0xA8, 0xBE, 0x30, 0xB8, 0x64, 0xC7, 0x3D, 0x8B, 0x9E, 0x0F, 0x28, 0xA9, 0x54, 0x02, 0xFB,
    0x46, 0x58, 0xEB, 0xE1, 0x9B, 0x6E, 0xF1, 0xBA, 0x37, 0x79, 0xB7, 0xE9, 0x15, 0x9F, 0xDF, 0x6B,
    0xA4, 0x72, 0xB3, 0xE4, 0x5F, 0x30, 0xD1, 0x35, 0x96, 0xC4, 0x82, 0x45, 0xFF, 0xB6, 0xD2, 0xE7,
    0x6C, 0x99, 0x5E, 0x65, 0xD9, 0x0F, 0x6D, 0xDD, 0x3F, 0x73, 0x48, 0xF4, 0x12, 0x5D, 0xDF, 0xF2,
    0x79, 0x3D, 0xBE, 0x13, 0x27, 0x9E, 0x93, 0x8D, 0x2D, 0x19, 0x25, 0x17, 0x82, 0xCA, 0x93, 0x58,
    0x56, 0x74, 0xCA, 0xEA, 0x15, 0xA6, 0x98, 0xF8, 0xC2, 0x1B, 0x73, 0x04, 0x81, 0xFF, 0xD5, 0x47,
    0xBF, 0xC8, 0xE5, 0xDD, 0x89, 0xCF, 0xE8, 0xF0, 0xAC, 0x0E, 0x9A, 0x3C, 0x27, 0xB1, 0x1E, 0x7F,
    0xC1, 0xBD, 0x78, 0x62, 0x5D, 0xB3, 0x2D, 0xB2, 0x7B, 0xE7, 0xE8, 0x89, 0x30, 0x99, 0xE3, 0x37,
    0xEC, 0x3D, 0x4C, 0x6E, 0x6B, 0x41, 0x67, 0x7D, 0xDD, 0x97, 0xD5, 0xC7, 0x5A, 0x94, 0x70, 0xD3,
    0xDE, 0x59, 0x25, 0x27, 0xFB, 0xF8, 0x78, 0xFB, 0x5F, 0x6E, 0xCD, 0x1E, 0x73, 0xD0, 0xCC, 0x04,
    0xC5, 0x70, 0x46, 0x15, 0xBB, 0x33, 0x2C, 0x42, 0x44, 0x88, 0xC8, 0xD6, 0xF6, 0xD6, 0x46, 0x2B,
    0x09, 0x37, 0xD7, 0x3D, 0x9F, 0x98, 0x71, 0x92, 0x47, 0xC6, 0x61, 0x8F, 0x44, 0xD5, 0xCA, 0xFF,
    0x09, 0xDB, 0xD6, 0xEC, 0xD3, 0x7A, 0xFF, 0xF4, 0xAA, 0x7D, 0xDA, 0x1B, 0xFB, 0x9A, 0xC5, 0xD9,
    0x73, 0xF6, 0xCF, 0x8B, 0xDC, 0x1D, 0x63, 0xD8, 0xE4, 0x1A, 0x27, 0x53, 0x78, 0xA6, 0xBF, 0xB3,
    0xBC, 0x58, 0x76, 0x7B, 0xEF, 0x23, 0xED, 0xF9, 0x8D, 0x7E, 0x51, 0x8E, 0x23, 0xED, 0xF9, 0xCB,
    0x58, 0x87, 0x89, 0xC2, 0x34, 0x3E, 0x7F, 0xEC, 0x31, 0xC8, 0xDF, 0xF4, 0x58, 0x8F, 0x6D, 0x79,
    0xDA, 0x58, 0x85, 0x6F, 0xE9, 0xCD, 0xCD, 0xD3, 0xD9, 0x51, 0xE6, 0xDD, 0xC3, 0x51, 0x7D, 0xFB,
    0x2F, 0x5D, 0x54, 0x31, 0x6F, 0xDB, 0x46, 0x14, 0xFE, 0xC8, 0xB3, 0x44, 0x24, 0x57, 0xE4, 0x32,
    0x58, 0x45, 0x92, 0x06, 0xBD, 0xB9, 0x86, 0xA1, 0x5B, 0x32, 0x74, 0x10, 0xC9, 0x87, 0x08, 0x68,
    0x81, 0x66, 0xD1, 0x60, 0x4E, 0x19, 0xBA, 0x78, 0x68, 0x0B, 0x14, 0xED, 0xD0, 0xA1, 0x28, 0x68,
    0xF9, 0x90, 0x0C, 0x19, 0xB2, 0xF8, 0x1F, 0xC4, 0x43, 0xA7, 0x7A, 0x50, 0x46, 0x25, 0x60, 0xA2,
    0x8B, 0xFB, 0x03, 0xCA, 0x02, 0x01, 0x32, 0x74, 0x30, 0x93, 0x38, 0xE8, 0x90, 0xC1, 0x04, 0x2A,
    0xA0, 0x06, 0x6A, 0x9B, 0x7D, 0x47, 0x59, 0x69, 0x50, 0xE9, 0x51, 0xA0, 0xEE, 0xDE, 0xF1, 0x7D,
    0xEF, 0xFB, 0xBE, 0x47, 0x7C, 0x0D, 0x71, 0x64, 0xD5, 0xE7, 0xCE, 0x08, 0x97, 0x44, 0x6E, 0x4B,
    0xBA, 0x5C, 0xBA, 0x42, 0xD9, 0x5C, 0x23, 0x8F, 0xD1, 0x3F, 0x46, 0x87, 0xD0, 0x25, 0x65, 0x3B,
    0x00, 0xB6, 0x61, 0x90, 0x20, 0x46, 0x8E, 0x02, 0x4F, 0x28, 0x05, 0x02, 0x82, 0x72, 0x30, 0x0E,
    0x33, 0x1B, 0xFE, 0x46, 0x52, 0xD1, 0x75, 0x8D, 0xED, 0xA6, 0xEA, 0x6D, 0x8F, 0x38, 0x4B, 0x34,
    0x36, 0xC8, 0x10, 0x64, 0x24, 0x1B, 0xA7, 0xF6, 0xEC, 0x07, 0x01, 0x5D, 0x01, 0xD2, 0x53, 0xAC,
    0x1A, 0x40, 0xD3, 0x43, 0x4D, 0x73, 0x83, 0xED, 0x13, 0xFF, 0x7C, 0x5C, 0xA3, 0xF0, 0xEF, 0x52,
    0xDE, 0x29, 0x15, 0x60, 0x56, 0x91, 0x36, 0x88, 0x19, 0x80, 0xB2, 0x03, 0x0E, 0x0D, 0x5D, 0x20,
    0x18, 0xA1, 0x97, 0x51, 0xDA, 0xB8, 0x9F, 0x26, 0xB4, 0x7B, 0x09, 0x58, 0x07, 0x7E, 0x00, 0x2A,
    0x08, 0x07, 0x49, 0xF8, 0x18, 0x18, 0x00, 0x97, 0x19, 0xE0, 0x37, 0x24, 0xFE, 0xA9, 0xE4, 0xB3,
    0xDA, 0xC7, 0x6B, 0x17, 0x36, 0x90, 0x33, 0xD7, 0x97, 0xE5, 0x40, 0x94, 0x83, 0xC8, 0xE9, 0x09,
    0x05, 0x1B, 0xC0, 0x26, 0xE4, 0x01, 0x69, 0x6E, 0xB6, 0xED, 0xD7, 0x48, 0xA7, 0x1A, 0x07, 0x65,
    0xA1, 0xF1, 0x7D, 0x8C, 0xF1, 0xBC, 0xC5, 0x53, 0x9E, 0x47, 0xEF, 0x0D, 0xCD, 0x1A, 0xD7, 0x7B,
    0xF3, 0xDE, 0x4A, 0xD6, 0xAE, 0x64, 0x5C, 0x0C, 0xED, 0x0D, 0x67, 0x23, 0x6B, 0x17, 0xB1, 0xF8,
    0x68, 0x60, 0x0A, 0x51, 0x41, 0x3A, 0xEE, 0x92, 0x09, 0x63, 0xC6, 0x98, 0x8C, 0xF3, 0xE0, 0x7B,
    0x5E, 0x51, 0xE4, 0x91, 0xC3, 0x1F, 0x0D, 0x1C, 0xE6, 0xCC, 0x67, 0xCC, 0x3B, 0x8B, 0xEF, 0x16,
    0x73, 0x3B, 0x17, 0xB5, 0x74, 0xB1, 0xEF, 0x28, 0x20, 0x7D, 0x50, 0xC9, 0x57, 0xB5, 0xDA, 0xAF,
    0xD5, 0xB0, 0xD2, 0xA2, 0x34, 0x11, 0xA3, 0x7E, 0x1E, 0x8B, 0x39, 0xBE, 0x42, 0x74, 0x40, 0x4A,
    0x5A, 0x6E, 0x22, 0xF6, 0x8A, 0x79, 0xD1, 0x8E, 0x35, 0x4D, 0x0D, 0xA6, 0x03, 0x24, 0x8B, 0x3E,
    0x3A, 0x5E, 0xB3, 0xE8, 0x29, 0xBA, 0x5C, 0x3A, 0x07, 0x3F, 0x99, 0xA1, 0xE1, 0x18, 0x5C, 0x32,
    0xA8, 0x3D, 0xCD, 0xBE, 0x0F, 0xAF, 0xBF, 0x93, 0x77, 0xAB, 0x68, 0x58, 0x7A, 0xCC, 0x2C, 0xC1,
    0x8F, 0x08, 0x4B, 0xA8, 0xC0, 0x8D, 0xF7, 0xEC, 0xAC, 0xA1, 0x6C, 0x91, 0xF3, 0xB6, 0x94, 0xBF,
    0x56, 0xE1, 0xD0, 0xF7, 0x15, 0x9C, 0x02, 0xDF, 0x11, 0xDF, 0xDC, 0x68, 0x9D, 0x92, 0x9E, 0xA1,
    0x33, 0x5A, 0x7A, 0x21, 0xB5, 0x38, 0x22, 0xF1, 0x00, 0x97, 0x34, 0xD6, 0x0D, 0x33, 0x54, 0x65,
    0x63, 0xE2, 0xD2, 0xA2, 0x21, 0xF6, 0x02, 0x32, 0x12, 0x4D, 0x25, 0x7E, 0x29, 0x23, 0xD8, 0x8B,
    0x4C, 0x43, 0x43, 0x2B, 0x7C, 0x44, 0xBA, 0x4F, 0xA5, 0x63, 0xA9, 0xCD, 0x99, 0xD7, 0x19, 0x6B,
    0x08, 0xFF, 0x74, 0x6A, 0xE8, 0x98, 0xC7, 0x64, 0x03, 0xE9, 0x0C, 0xB9, 0xA2, 0x42, 0x11, 0xFF,
    0xE6, 0x06, 0xFD, 0xC2, 0xD7, 0xEA, 0x64, 0xA4, 0x9B, 0xAA, 0xBF, 0xE7, 0x6E, 0x08, 0xF2, 0x80,
    0x17, 0x76, 0xA8, 0xCF, 0xED, 0xC0, 0x07, 0x57, 0x71, 0x8E, 0x59, 0xED, 0x57, 0x3E, 0x5E, 0x38,
    0x71, 0xC6, 0x5E, 0xB0, 0xB1, 0x72, 0x79, 0xE4, 0x0D, 0x6E, 0x66, 0xBE, 0x56, 0xF0, 0x33, 0x7B,
    0x01, 0x26, 0xB2, 0x71, 0xCB, 0x61, 0xA2, 0x9C, 0x3E, 0xB2, 0x5E, 0x1D, 0x83, 0xDD, 0x01, 0x1E,
    0xD7, 0xE8, 0xB5, 0x5E, 0x08, 0xDA, 0xF8, 0x70, 0xE9, 0x85, 0xC5, 0xDF, 0xFF, 0x79, 0xA1, 0x69,
    0x5C, 0xB6, 0xF4, 0x42, 0xF3, 0xCE, 0x0B, 0xD2, 0x73, 0x1E, 0xD6, 0x88, 0x5A, 0x87, 0xB1, 0xF2,
    0xE9, 0xD2, 0x0E, 0xC9, 0x7B, 0x5E, 0xE0, 0x5D, 0x58, 0xCE, 0x0E, 0x2D, 0xAB, 0x52, 0xB0, 0x97,
    0x17, 0x6E, 0xF0, 0x73, 0x76, 0xC2, 0x5E, 0xA8, 0x18, 0x19, 0x18, 0xEC, 0xA3, 0x1D, 0x79, 0xDF,
    0x99, 0x16, 0x29, 0xCF, 0x46, 0xA1, 0xA9, 0x48, 0x91, 0x1E, 0x54, 0x17, 0xBA, 0x14, 0x3C, 0x82,
    0xFC, 0x12, 0x7D, 0x85, 0x41, 0x1F, 0xB3, 0x43, 0x2F, 0x73, 0xBE, 0x82, 0xB4, 0x40, 0x77, 0x87,
    0x4F, 0x41, 0x3D, 0xB0, 0xFD, 0xC8, 0xF7, 0x5D, 0x2C, 0x07, 0x3B, 0xE1, 0xAD, 0x11, 0x2E, 0xDA,
    0x4D, 0xF1, 0xB2, 0x0C, 0xFE, 0x02, 0x4E, 0x3D, 0x4C, 0x56, 0x35, 0x32, 0x58, 0xD7, 0xF6, 0x72,
    0x87, 0xBA, 0x87, 0xF8, 0x64, 0xDC, 0x5A, 0xD9, 0x40, 0xB3, 0x02, 0x7D, 0x1C, 0x0F, 0xF0, 0xA4,
    0xC6, 0x55, 0xF8, 0x61, 0x97, 0x6D, 0x37, 0xEA, 0x36, 0xE9, 0x89, 0x33, 0xB7, 0x5C, 0xCA, 0x5E,
    0xF5, 0xE3, 0x4A, 0x85, 0xC6, 0x54, 0x55, 0xA3, 0x2E, 0xFD, 0x97, 0xF3, 0xC5, 0xAE, 0x96, 0xD6,
    0x5C, 0x47, 0xF2, 0x10, 0xE9, 0x1C, 0x5B, 0x05, 0x8A, 0x04, 0x53, 0x63, 0x47, 0x01, 0xE7, 0xF0,
    0xE4, 0x59, 0x45, 0xFA, 0xDD, 0x3B, 0x25, 0xC7, 0xD8, 0x5E, 0xC5, 0xDA, 0xED, 0xCF, 0x4A, 0x3D,
    0xF9, 0xA3, 0xD6, 0xF7, 0x5E, 0xD6, 0x46, 0xEE, 0xD7, 0x89, 0xBA, 0x5B, 0xC5, 0x6A, 0x58, 0xE6,
    0xFE, 0xD2, 0xE2, 0x64, 0xA3, 0x83, 0xD1, 0xDA, 0x47, 0x56, 0xEF, 0x95, 0xFA, 0x5E, 0x3B, 0x0D,
    0xCB, 0xEA, 0xB9, 0xAA, 0x37, 0x42, 0xBA, 0x76, 0xDF, 0xCA, 0xB7, 0xB5, 0xFC, 0xBD, 0x56, 0xCF,
    0x6A, 0x75, 0xB3, 0xD6, 0xA2, 0xE2, 0x1C, 0x33, 0x41, 0xB2, 0xE9, 0xDF, 0x11, 0x3C, 0x03, 0x33,
    0x42, 0xF0, 0x14, 0xF2, 0x96, 0x55, 0x37, 0xA1, 0x2A, 0x84, 0xA7, 0x58, 0x49, 0x31, 0x50, 0x48,
    0xBE, 0xF5, 0x74, 0x81, 0x42, 0xA7, 0x0F, 0xF5, 0xCE, 0x12, 0x55, 0x8C, 0x74, 0xE7, 0x02, 0xFE,
    0x05, 0x65, 0x57, 0x4D, 0x68, 0x1D, 0xD7, 0x15, 0x3E, 0x33, 0x53, 0xBD, 0xA1, 0x9E, 0xD8, 0x97,
    0x82, 0x21, 0xC5, 0x52, 0x3C, 0x59, 0x96, 0x20, 0x33, 0x81, 0xBA, 0x20, 0x83, 0xAA, 0x3B, 0xA5,
    0x8B, 0xAE, 0x42, 0x5C, 0xB0, 0xBA, 0xE9, 0xC2, 0x9B, 0xEE, 0x0A, 0x7D, 0x2E, 0x08, 0x1A, 0x42,
    0xC9, 0x1D, 0x25, 0x50, 0x2F, 0x4C, 0xC1, 0x8B, 0xA6, 0x14, 0xBA, 0x88, 0x16, 0x29, 0x6D, 0xE5,
    0x85, 0x44, 0x30, 0x24, 0x8B, 0xF8, 0xCD, 0x95, 0xB5, 0xD0, 0xA2, 0xA1, 0xBE, 0x8D, 0x28, 0x85,
    0x6E, 0x32, 0x4E, 0x2C, 0x1B, 0x92, 0x85, 0x6E, 0xDC, 0x79, 0xF8, 0x3D, 0x69, 0x66, 0x6E, 0xBF,
    0x73, 0xE7, 0xC9, 0xB5, 0xE9, 0xC0, 0x9C, 0x79, 0x9A, 0x9F, 0x7B, 0xCF, 0xF9, 0xCE, 0x77, 0xBE,
    0x73, 0x44, 0xC4, 0xC7, 0xB0, 0x23, 0x0A, 0xA7, 0x2A, 0x27, 0x51, 0x65, 0x44, 0x99, 0xFE, 0x36,
    0x91, 0xCC, 0x71, 0x5F, 0x05, 0xAB, 0xAB, 0x79, 0x19, 0x3B, 0xA7, 0x47, 0xD4, 0x45, 0xBA, 0xA4,
    0x36, 0xD2, 0x2A, 0x68, 0xF0, 0xCA, 0xA7, 0x30, 0xB8, 0x0F, 0x1B, 0x4D, 0xF0, 0x62, 0x54, 0xC3,
    0xC4, 0x76, 0x8E, 0x28, 0xB1, 0x82, 0x48, 0x8C, 0x7F, 0x41, 0x54, 0xBA, 0x16, 0x37, 0x5F, 0xB8,
    0x46, 0xB4, 0x58, 0x51, 0x30, 0xAA, 0x48, 0xB9, 0x26, 0x6C, 0xF7, 0x3B, 0x31, 0xDE, 0xEB, 0xD2,
    0x2F, 0x7E, 0xFB, 0xB1, 0xDC, 0x5D, 0xB8, 0xAC, 0x6E, 0x2C, 0x51, 0xF9, 0xDA, 0xAB, 0x54, 0x2E,
    0x6E, 0x93, 0xBB, 0x68, 0xA8, 0xFC, 0x40, 0x53, 0xF9, 0x45, 0x4E, 0xF2, 0x5F, 0xB4, 0x91, 0x75,
    0xB1, 0x49, 0x9C, 0xCB, 0x13, 0xF5, 0x80, 0x4E, 0x5F, 0x24, 0x5A, 0xD8, 0x26, 0x3A, 0x7B, 0x99,
    0x66, 0x47, 0xC0, 0xAB, 0xA7, 0x0F, 0x1D, 0x9C, 0xCC, 0x55, 0x01, 0x9F, 0x64, 0x0E, 0x4F, 0xBE,
    0x4F, 0xC2, 0xE2, 0x61, 0x5A, 0xC1, 0x64, 0xFB, 0x93, 0x3B, 0x24, 0xEF, 0x3A, 0x47, 0x52, 0xB7,
    0x2B, 0xA4, 0x76, 0x26, 0x67, 0x49, 0xBD, 0x0D, 0x47, 0xD5, 0x5D, 0xBC, 0x23, 0x77, 0xD9, 0xEC,
    0x57, 0xAF, 0x52, 0x7A, 0x7C, 0xDF, 0x72, 0x2C, 0x1A, 0x2E, 0x77, 0x27, 0xCB, 0x97, 0xCE, 0x15,
    0x34, 0x3C, 0x2A, 0x01, 0x89, 0x15, 0x8C, 0x0B, 0xA2, 0x4A, 0x4D, 0x02, 0xA3, 0x79, 0x69, 0x36,
    0xD2, 0x9B, 0x2F, 0x0B, 0x2C, 0xE8, 0xBF, 0xE5, 0xCF, 0xE0, 0x0E, 0x9D, 0x72, 0x7F, 0x21, 0x9A,
    0x67, 0x13, 0x30, 0x00, 0x21, 0x30, 0xA2, 0xF9, 0x2E, 0xE7, 0xD7, 0xAA, 0x13, 0xE7, 0xCB, 0x8A,
    0x92, 0x47, 0x0D, 0x65, 0x45, 0x47, 0x92, 0xEE, 0x90, 0xA2, 0xF7, 0x71, 0x52, 0x7F, 0xE6, 0xC4,
    0x51, 0xCF, 0xA9, 0x77, 0x7D, 0x12, 0x04, 0xFC, 0x9F, 0x53, 0xAB, 0x44, 0x1F, 0xE3, 0xB3, 0x03,
    0x06, 0x7D, 0x7A, 0x3B, 0x73, 0xCE, 0x5E, 0x1A, 0xC0, 0xC1, 0xD9, 0xF1, 0x1D, 0x6F, 0xD7, 0xBC,
    0xAD, 0x68, 0xEE, 0xCA, 0xE0, 0x9D, 0x7F, 0x17, 0x69, 0xAB, 0x8E, 0x9D, 0x8D, 0xDA, 0x43, 0xF7,
    0x9E, 0x8D, 0x5C, 0xDC, 0x09, 0xFC, 0x8E, 0x1B, 0x61, 0xE3, 0x26, 0xA9, 0x61, 0x71, 0x8A, 0x0A,
    0xB9, 0xB2, 0xA9, 0xC1, 0x59, 0x65, 0x46, 0x54, 0xD2, 0x64, 0x3A, 0x35, 0x4A, 0x4B, 0x9D, 0x69,
    0x07, 0x2B, 0x77, 0x61, 0x3B, 0xB9, 0xA7, 0xB4, 0xA8, 0xE9, 0x8C, 0x5F, 0x7C, 0xF9, 0x99, 0x8D,
    0xFA, 0xC3, 0x59, 0x2A, 0x27, 0x34, 0xAC, 0x69, 0x58, 0x91, 0x68, 0x88, 0x73, 0xDF, 0xF2, 0xCB,
    0xE7, 0x1D, 0x9D, 0x47, 0xE2, 0xCB, 0xFC, 0x02, 0x85, 0xA3, 0xF2, 0xCB, 0xD1, 0x4D, 0x00, 0xEC,
    0x10, 0xFF, 0x1B, 0xA2, 0x5A, 0xA2, 0x53, 0xDD, 0xD6, 0x51, 0x57, 0x08, 0xBE, 0xA3, 0xC9, 0x46,
    0x0D, 0x32, 0x61, 0x83, 0xCE, 0x52, 0x50, 0x11, 0x5E, 0x09, 0x0D, 0x29, 0x43, 0x91, 0x66, 0x80,
    0xE7, 0x1F, 0x30, 0xE0, 0x0A, 0x0B, 0x6B, 0x64, 0xDC, 0xDD, 0xE4, 0xCC, 0x1C, 0xB7, 0x3E, 0xC3,
    0x0E, 0x88, 0x66, 0x70, 0x97, 0x13, 0x21, 0x67, 0x16, 0xC4, 0x29, 0xE4, 0x0E, 0x3E, 0x28, 0xD4,
    0x3B, 0x20, 0x52, 0xEE, 0xF0, 0x99, 0xFB, 0x69, 0x0B, 0xAA, 0x60, 0x6F, 0xF5, 0xBB, 0x00, 0xE9,
    0x95, 0x14, 0xB6, 0xDE, 0x22, 0x2D, 0x6F, 0x51, 0x04, 0x3B, 0xF2, 0xF6, 0x0E, 0xA5, 0x6D, 0x4E,
    0xEA, 0x0A, 0xBB, 0x94, 0xD5, 0x27, 0xD1, 0xB9, 0x07, 0x7D, 0x7D, 0x1C, 0xF1, 0x6E, 0x88, 0xCD,
    0xF2, 0x7E, 0x7C, 0x95, 0x86, 0xBC, 0x17, 0xD2, 0x0C, 0xFE, 0xCA, 0x7E, 0x48, 0xC3, 0x24, 0x80,
    0x0F, 0x3B, 0x8D, 0x30, 0xB8, 0x96, 0x3F, 0xAC, 0x13, 0xF8, 0xF1, 0x9B, 0x36, 0x6A, 0x06, 0x9C,
    0x79, 0x13, 0xF2, 0x0A, 0xE5, 0xD0, 0x90, 0xC3, 0xE2, 0x2E, 0xB5, 0x24, 0xE1, 0x8C, 0x13, 0xCC,
    0x3C, 0x0A, 0xBA, 0x64, 0x12, 0xC2, 0xDD, 0x90, 0x33, 0x94, 0x83, 0xC8, 0x4D, 0xD4, 0xA6, 0x85,
    0x04, 0x6B, 0x7E, 0xEC, 0x5E, 0x3F, 0x68, 0x99, 0x38, 0xC3, 0x3D, 0x57, 0x3F, 0x05, 0x3D, 0x73,
    0x66, 0x90, 0xA7, 0x8E, 0x59, 0x25, 0x8A, 0xF9, 0x29, 0xFB, 0x9F, 0xE9, 0xB0, 0xE2, 0xAB, 0xD4,
    0x00, 0x0E, 0xD7, 0x52, 0x27, 0x05, 0xC7, 0xE8, 0x34, 0x52, 0x12, 0xB6, 0xE1, 0xA1, 0x41, 0x3A,
    0x7E, 0xEE, 0x6E, 0x1D, 0x1E, 0x8D, 0x36, 0x98, 0xDC, 0x3E, 0x19, 0x41, 0x27, 0x84, 0x05, 0xF8,
    0x41, 0x77, 0x41, 0x7C, 0xCD, 0xDC, 0xEC, 0x96, 0x93, 0xC7, 0x1C, 0x58, 0x77, 0x3B, 0x7E, 0xA2,
    0x7D, 0x76, 0x63, 0x1F, 0xB8, 0x33, 0x91, 0xF3, 0x78, 0xE8, 0xA8, 0xF5, 0xD5, 0x91, 0x33, 0x64,
    0xCC, 0x79, 0x5F, 0xF8, 0xA5, 0x9B, 0x06, 0x0D, 0x16, 0x5D, 0x6F, 0x46, 0x94, 0xFE, 0x03, 0x26,
    0xB9, 0xCF, 0xE6, 0xEB, 0x66, 0x74, 0xEE, 0x06, 0x4C, 0xF6, 0xB7, 0xE7, 0xCD, 0x1E, 0x9E, 0xC2,
    0x5F, 0x6F, 0x26, 0x30, 0x71, 0x3D, 0x02, 0xA3, 0x2B, 0x36, 0xD8, 0x4C, 0xF0, 0x4E, 0x03, 0xBF,
    0x5D, 0xE7, 0x53, 0x00, 0x87, 0x6E, 0x75, 0xC8, 0x3C, 0x6F, 0x99, 0x1C, 0x37, 0xBC, 0xDD, 0x04,
    0xA1, 0x25, 0x35, 0xC5, 0x75, 0x62, 0xB9, 0x34, 0x2D, 0x4A, 0x53, 0x54, 0xC0, 0x00, 0x75, 0x0F,
    0xF6, 0x9A, 0x9E, 0x11, 0x48, 0x02, 0xCC, 0xCE, 0xA1, 0xA6, 0xD4, 0x65, 0x1D, 0x25, 0xAD, 0x98,
    0x3C, 0x43, 0xDC, 0x94, 0x17, 0x3E, 0xB7, 0xB9, 0x79, 0x52, 0x44, 0x5C, 0x91, 0x5F, 0x01, 0xC7,
    0xF5, 0x16, 0x51, 0x35, 0xD4, 0x52, 0xCD, 0x0C, 0x89, 0xA7, 0x57, 0x80, 0x76, 0x43, 0xC9, 0xF8,
    0x8A, 0x57, 0x16, 0x24, 0x92, 0xD2, 0x31, 0xEB, 0x01, 0xF5, 0x27, 0xEE, 0xC5, 0x93, 0x28, 0x0F,
    0xDD, 0x16, 0x1E, 0x4E, 0x4E, 0x58, 0x73, 0x03, 0x5C, 0x18, 0x76, 0x3F, 0x42, 0x85, 0xA2, 0xEC,
    0x6A, 0x7E, 0x35, 0xD6, 0xCC, 0x96, 0xF3, 0x9C, 0x3C, 0xF3, 0x11, 0xEB, 0xC6, 0x2E, 0xE3, 0x2C,
    0xEF, 0x69, 0x0E, 0xD8, 0x21, 0xA0, 0xB9, 0x72, 0x6B, 0x0C, 0x71, 0x2B, 0x05, 0x03, 0xEA, 0x12,
    0x5E, 0xCA, 0xC5, 0x0D, 0xE7, 0x26, 0xEA, 0x7C, 0x06, 0x9D, 0x47, 0x00, 0x4B, 0x22, 0xEB, 0x25,
    0x8B, 0xA9, 0x06, 0x89, 0xF8, 0x5B, 0x93, 0x7E, 0xE5, 0xB6, 0xF4, 0x05, 0x90, 0x46, 0x2F, 0xB3,
    0x59, 0x82, 0x43, 0x05, 0xB0, 0xD9, 0x00, 0x5C, 0x0C, 0x9E, 0x98, 0xB2, 0xAA, 0xB0, 0xA3, 0xEE,
    0x91, 0xA6, 0x53, 0x19, 0x4B, 0x91, 0x84, 0xEF, 0x21, 0xAB, 0x56, 0x0A, 0x8C, 0xE8, 0xAC, 0x2A,
    0x7C, 0x52, 0x19, 0xF7, 0x9B, 0x0C, 0x4D, 0xFD, 0x0C, 0x50, 0x64, 0xBD, 0x8D, 0x3D, 0xE1, 0x83,
    0xA1, 0xE9, 0xD5, 0xD1, 0x2B, 0x9B, 0x69, 0x33, 0xFE, 0x30, 0x60, 0xCA, 0x73, 0x23, 0x48, 0xAC,
    0x6F, 0x05, 0xB1, 0xF5, 0xCD, 0xC0, 0x53, 0x23, 0xB1, 0xBE, 0x3F, 0x88, 0xAA, 0xBF, 0x18, 0x7F,
    0x49, 0x91, 0xF2, 0x39, 0x56, 0xD1, 0xD8, 0x96, 0x28, 0x04, 0x9D, 0x3C, 0x1E, 0x83, 0xB9, 0x85,
    0xD8, 0xB7, 0xAD, 0x74, 0x94, 0xED, 0xD9, 0x76, 0x4D, 0x91, 0x4C, 0x6C, 0xB3, 0xE6, 0x1E, 0xB6,
    0x62, 0x3C, 0xC9, 0xAA, 0xB2, 0x12, 0xAE, 0xAF, 0x38, 0xDD, 0x57, 0x40, 0x9F, 0x36, 0xD9, 0x5F,
    0xD4, 0x2C, 0x85, 0x4F, 0xC5, 0xBB, 0xA0, 0xE8, 0x89, 0xA5, 0xC4, 0xD4, 0xD8, 0x71, 0x76, 0xDE,
    0xC7, 0xF9, 0x39, 0xEE, 0xFD, 0xA7, 0x02, 0x0E, 0x28, 0x11, 0x50, 0x8D, 0x21, 0xD5, 0x8E, 0xC2,
    0xCA, 0x51, 0xFC, 0xC4, 0xB1, 0x1E, 0xE9, 0xB4, 0xBC, 0x5A, 0x2D, 0xAF, 0x08, 0xFB, 0xD1, 0x02,
    0xE8, 0xC5, 0xE4, 0xFE, 0x26, 0x1C, 0x96, 0x61, 0x4D, 0x32, 0xB2, 0x94, 0x1D, 0xE2, 0x5B, 0xA0,
    0xE7, 0x55, 0x01, 0x92, 0xE0, 0x75, 0x40, 0x07, 0x5B, 0x47, 0xE5, 0x34, 0x74, 0xDC, 0x0B, 0x33,
    0x93, 0x56, 0x61, 0x79, 0x54, 0x4E, 0x58, 0xEC, 0x6A, 0x56, 0xA1, 0x82, 0xD4, 0xEF, 0x3B, 0xC6,
    0xEB, 0x41, 0xDF, 0x1B, 0xBC, 0x61, 0x19, 0xF2, 0x2A, 0xE4, 0x29, 0x8D, 0x7C, 0x5E, 0x7E, 0xB6,
    0x37, 0xE0, 0xAE, 0xCF, 0x46, 0xC7, 0xE9, 0x83, 0xA7, 0xEA, 0x7A, 0x66, 0x83, 0xF6, 0x14, 0x23,
    0x78, 0x46, 0x14, 0xC2, 0x9E, 0x66, 0x22, 0x2D, 0x20, 0x76, 0xB3, 0xC8, 0xA2, 0x07, 0xED, 0x57,
    0x7A, 0x65, 0x73, 0x43, 0x15, 0xD2, 0x59, 0x55, 0xFC, 0xD2, 0x61, 0xDB, 0x0F, 0x5A, 0x3C, 0xF8,
    0x9C, 0xC5, 0x60, 0xBF, 0xC1, 0xCB, 0xBB, 0x0D, 0xDC, 0x3E, 0x9C, 0xB0, 0x1B, 0x37, 0x67, 0xAB,
    0x87, 0xFD, 0x4E, 0xBE, 0xDD, 0x85, 0xDE, 0xB1, 0xBE, 0xC0, 0x13, 0x8F, 0xE1, 0x79, 0xC5, 0x45,
    0xBF, 0xEC, 0xED, 0x1A, 0x63, 0xBC, 0x3A, 0x56, 0xFF, 0xCC, 0x39, 0x46, 0xD0, 0x2F, 0xE6, 0xDA,
    0x0A, 0xAE, 0xBE, 0xAB, 0x0E, 0xC8, 0x6B, 0x3A, 0x77, 0x85, 0x0C, 0xCE, 0xBF, 0xE1, 0xBB, 0x2E,
    0xD7, 0x23, 0x10, 0xE5, 0xC2, 0x98, 0x47, 0x53, 0x98, 0x92, 0x04, 0x73, 0x4F, 0xBA, 0xEA, 0x80,
    0x83, 0xCC, 0x1E, 0x36, 0xDC, 0xD8, 0xDE, 0x62, 0x11, 0x96, 0x44, 0x2F, 0xF9, 0xB4, 0x01, 0x92,
    0x94, 0xA9, 0x3C, 0xF7, 0x13, 0x37, 0xCD, 0xF1, 0x13, 0x75, 0xCC, 0xCD, 0xE1, 0x45, 0x77, 0xB0,
    0x8A, 0xC2, 0xA5, 0xBE, 0xD0, 0xB8, 0x09, 0x78, 0x73, 0x0D, 0x26, 0x84, 0x72, 0x8E, 0x87, 0xCF,
    0xF5, 0xEC, 0xFE, 0x88, 0x9F, 0x0E, 0x07, 0x87, 0x3C, 0x1C, 0xBC, 0xC6, 0xC3, 0xC1, 0x0B, 0x3C,
    0x1C, 0x2C, 0xF0, 0x70, 0xB0, 0xC8, 0xE8, 0x2D, 0x71, 0x15, 0x5E, 0x64, 0xF4, 0xAE, 0xCD, 0x8C,
    0xD2, 0xA8, 0x16, 0x55, 0x54, 0xFC, 0x0B, 0x3C, 0xE3, 0x1E, 0x42, 0xF2, 0x53, 0xCD, 0xC3, 0xC1,
    0xFA, 0x73, 0xC3, 0x41, 0xCC, 0x98, 0x0C, 0x78, 0x9F, 0x11, 0xD3, 0xBC, 0x63, 0xCA, 0xB7, 0x08,
    0x19, 0x35, 0x50, 0xD1, 0xA0, 0x1D, 0x1E, 0xF8, 0x38, 0x50, 0x0B, 0x18, 0x11, 0xA2, 0x1A, 0xD8,
    0xC5, 0x16, 0x4D, 0x3C, 0xB1, 0x7E, 0xB6, 0x52, 0x5C, 0x01, 0x25, 0x93, 0xB8, 0x63, 0xF6, 0xC3,
    0xC7, 0x6C, 0x87, 0xC1, 0x58, 0x67, 0xF3, 0x03, 0x04, 0xAD, 0xA8, 0x67, 0xF9, 0xEC, 0x48, 0x90,
    0xAF, 0xF2, 0xBD, 0x3A, 0x68, 0x50, 0xD6, 0x75, 0x38, 0x89, 0xEA, 0xA0, 0x62, 0xC6, 0x70, 0xAA,
    0x42, 0x86, 0x92, 0xC7, 0xAF, 0xCC, 0x91, 0x27, 0x34, 0x7A, 0xE6, 0x37, 0xBE, 0x95, 0x1A, 0xE9,
    0xEE, 0x99, 0x3F, 0x5F, 0xBA, 0xA7, 0x3F, 0xFC, 0xDE, 0x67, 0xB9, 0xFA, 0x55, 0xEB, 0xA1, 0x3C,
    0xFD, 0x61, 0x4E, 0x0B, 0x8F, 0xFA, 0x25, 0x41, 0xF2, 0x49, 0xEA, 0xFA, 0x02, 0x7F, 0x65, 0x73,
    0x73, 0x03, 0x30, 0xDB, 0x5F, 0x67, 0x77, 0xAB, 0xDB, 0x72, 0xC7, 0x58, 0xF9, 0xB6, 0xE6, 0xF1,
    0xC3, 0x67, 0xC4, 0xCD, 0xCE, 0xAE, 0x1F, 0x63, 0x58, 0x0C, 0x79, 0xEF, 0xF9, 0x96, 0xB9, 0x5A,
    0x30, 0x24, 0x76, 0x50, 0x1E, 0x6D, 0xCC, 0x14, 0xD0, 0xCB, 0xE9, 0xB9, 0xAD, 0xAE, 0xF0, 0x7F,
    0x43, 0x5D, 0x78, 0x3A, 0x61, 0x3D, 0xF4, 0xFD, 0x99, 0xB3, 0x8E, 0xDB, 0x2C, 0x6D, 0x09, 0x8B,
    0x6A, 0xCB, 0x31, 0x80, 0x56, 0xAC, 0x3D, 0x25, 0x36, 0x01, 0x4D, 0x88, 0x25, 0x44, 0x20, 0x0B,
    0xE9, 0x67, 0x86, 0xB2, 0x29, 0xD7, 0x70, 0x11, 0xBB, 0xAB, 0x7A, 0x4E, 0xE2, 0xE5, 0x72, 0x3D,
    0x4F, 0xBA, 0xD8, 0x9E, 0x69, 0x81, 0x76, 0x13, 0xD4, 0x90, 0x67, 0x1B, 0x34, 0x81, 0x05, 0x22,
    0x66, 0xBE, 0x1D, 0xE6, 0xCA, 0xF5, 0xC2, 0xCB, 0xFC, 0x5B, 0xC1, 0x1E, 0xDB, 0xC8, 0xEF, 0xF6,
    0xA5, 0xCD, 0x1C, 0x1D, 0xA9, 0x92, 0xEE, 0x96, 0x9D, 0xDB, 0xA6, 0xDB, 0xB4, 0x8D, 0xB1, 0xE5,
    0x4F, 0x2F, 0x63, 0xCA, 0xAC, 0x31, 0x64, 0x38, 0x1D, 0xEF, 0xAE, 0x78, 0x2D, 0x79, 0x13, 0x67,
    0xA8, 0x63, 0x0A, 0x6B, 0x0C, 0xBE, 0xCC, 0x1A, 0x75, 0xA2, 0x7D, 0x21, 0x93, 0x2D, 0xD2, 0xB3,
    0x7A, 0x0C, 0xCA, 0xA9, 0xEF, 0x19, 0x05, 0x95, 0xAF, 0x67, 0x26, 0x68, 0xCE, 0x40, 0xD8, 0xEA,
    0x97, 0x62, 0x1B, 0xDB, 0x0B, 0xB1, 0x4D, 0xEC, 0x22, 0x46, 0xA9, 0x6A, 0x39, 0xA9, 0x84, 0x59,
    0x12, 0x55, 0xAA, 0xD7, 0x04, 0x66, 0xA9, 0xED, 0x54, 0xCB, 0xC2, 0x66, 0x5A, 0xE6, 0x36, 0x2B,
    0x64, 0x5E, 0x81, 0x0C, 0xCA, 0x2B, 0xC7, 0x71, 0xE7, 0x27, 0x09, 0x60, 0x55, 0xA1, 0x94, 0x90,
    0x33, 0x4C, 0x1C, 0x7D, 0xC3, 0xC2, 0x3D, 0x59, 0x30, 0x6B, 0xAF, 0x37, 0x8C, 0xB0, 0x01, 0x91,
    0x2F, 0xCF, 0xF2, 0x20, 0x38, 0xC8, 0xC4, 0xBD, 0xFF, 0x7F, 0xCA, 0x81, 0xB2, 0x67, 0x77, 0xBF,
    0xDB, 0x9F, 0x01, 0xF2, 0x9D, 0x82, 0x17, 0xEA, 0xEF, 0x6D, 0xD0, 0x7E, 0xD2, 0x44, 0x93, 0x4F,
    0xEA, 0x78, 0xFC, 0x07, 0x4A, 0x1E, 0xFF, 0x8C, 0xC4, 0xE3, 0x97, 0xFF, 0xD7, 0xB7, 0x2A, 0x96,
    0xE6, 0x7E, 0x78, 0xF7, 0x53, 0x2A, 0x04, 0xF5, 0x95, 0x2D, 0x97, 0x83, 0x0E, 0x70, 0x92, 0xF7,
    0x5B, 0x40, 0x55, 0x10, 0xA6, 0x72, 0xFC, 0x69, 0xD9, 0xE7, 0x86, 0x3F, 0x72, 0x33, 0x02, 0x0B,
    0xA3, 0x98, 0xC5, 0xE5, 0x8C, 0xC5, 0xF2, 0x7A, 0xCD, 0x7E, 0x70, 0xAA, 0xFF, 0xC8, 0x4D, 0x92,
    0x57, 0x2D, 0xF9, 0xDF, 0x84, 0x8E, 0x4D, 0x0B, 0xEE, 0x80, 0xC2, 0xDC, 0xB3, 0x51, 0x32, 0x2F,
    0x76, 0x25, 0xFA, 0xB3, 0x97, 0x84, 0x45, 0xD4, 0x1C, 0x2D, 0x9D, 0xE8, 0xDE, 0x7F, 0x01, 0x63,
    0x60, 0xA8, 0xFF, 0xB3, 0xFF, 0x4F, 0xD6, 0x12, 0x00, 0xA5, 0x93, 0x31, 0x4E, 0xC3, 0x40, 0x10,
    0x45, 0xC7, 0xB6, 0xC0, 0x48, 0x2E, 0xB6, 0xA1, 0xA2, 0xF1, 0x01, 0x28, 0x72, 0x03, 0x1C, 0x6E,
    0x90, 0x82, 0x70, 0x1A, 0x88, 0x0D, 0xB9, 0x02, 0x12, 0xB7, 0xC1, 0x7B, 0x04, 0x77, 0xB4, 0x6E,
    0xA8, 0x68, 0x5C, 0x04, 0xC9, 0x52, 0xD6, 0x1E, 0xFE, 0xCC, 0xEE, 0x06, 0x42, 0x05, 0xC2, 0x91,
    0xF6, 0x47, 0xD9, 0xAC, 0xE7, 0xFD, 0x99, 0xBF, 0x44, 0xE1, 0x49, 0xF9, 0x91, 0x3B, 0x22, 0xF3,
    0xCE, 0xAF, 0x03, 0x51, 0xB5, 0xE5, 0x2D, 0xA4, 0xBE, 0x6E, 0xAF, 0x1B, 0xA2, 0x16, 0x1F, 0xA2,
    0x84, 0xD7, 0x7C, 0x43, 0x54, 0x32, 0xB3, 0x23, 0x3A, 0x9D, 0x6F, 0xE7, 0x15, 0x8E, 0xB9, 0x64,
    0xC2, 0x5E, 0xE6, 0x52, 0xA7, 0x92, 0xA9, 0x8C, 0xD9, 0x08, 0xC9, 0x77, 0xF9, 0x0E, 0x52, 0x0C,
    0x85, 0x88, 0x19, 0xCC, 0x20, 0xD2, 0xAB, 0x94, 0x9D, 0xE9, 0x21, 0x8B, 0xAE, 0xEC, 0x44, 0xEC,
    0xC2, 0x42, 0x2A, 0x5B, 0xA9, 0x2C, 0x2B, 0x14, 0x45, 0xCD, 0x5A, 0xC0, 0x26, 0x92, 0x02, 0x97,
    0xBB, 0x4B, 0x79, 0x65, 0xDD, 0xE8, 0x56, 0x7C, 0x12, 0x96, 0x3D, 0xF3, 0xC6, 0x4B, 0x39, 0xDC,
    0x62, 0xAD, 0x97, 0xF7, 0x7A, 0xD4, 0xF3, 0xAE, 0x15, 0x77, 0x56, 0xDA, 0x49, 0x60, 0x85, 0xD2,
    0x43, 0x86, 0x55, 0x49, 0x3D, 0x28, 0x38, 0x87, 0x88, 0xE9, 0x29, 0x01, 0x39, 0x08, 0xA3, 0xC1,
    0xFB, 0x17, 0x36, 0x9F, 0xA4, 0x08, 0x29, 0x20, 0xC5, 0x22, 0x0A, 0x07, 0x3A, 0x52, 0x38, 0x3A,
    0x62, 0xDB, 0x5B, 0x65, 0xB3, 0xCA, 0x66, 0x85, 0xAD, 0xD6, 0x66, 0xD6, 0x4B, 0x6C, 0xDE, 0xB4,
    0xC2, 0x36, 0xB2, 0xB0, 0xAD, 0xE6, 0xD8, 0x48, 0xF4, 0x71, 0xFA, 0xC6, 0xE6, 0x84, 0x4D, 0x08,
    0x8B, 0x41, 0x08, 0x8D, 0x27, 0x3C, 0x62, 0x2B, 0xB8, 0x01, 0x5B, 0x36, 0xFF, 0x89, 0x4D, 0xC6,
    0xFD, 0x20, 0x7D, 0x91, 0x79, 0x7F, 0xE0, 0x0D, 0x32, 0x70, 0x2B, 0xFF, 0xC1, 0xC4, 0x9B, 0x0D,
    0xC5, 0x91, 0xEB, 0xCC, 0x43, 0x17, 0xF1, 0x08, 0xEB, 0x1A, 0x1F, 0x4F, 0x1B, 0x78, 0x0F, 0x3D,
    0x8D, 0xFD, 0x8C, 0x1D, 0xCD, 0x47, 0x3F, 0xFB, 0x48, 0x1E, 0xD9, 0x03, 0x7D, 0xEF, 0xF9, 0xF1,
    0x4D, 0x1D, 0x44, 0x0F, 0xD1, 0x85, 0x9F, 0x73, 0xC8, 0x00, 0x9C, 0xCC, 0xF4, 0x95, 0x82, 0x9F,
    0x31, 0x08, 0x7E, 0xF6, 0x5D, 0xF0, 0x63, 0x83, 0x1F, 0xEB, 0xFD, 0x54, 0x21, 0xC2, 0xDA, 0x77,
    0x64, 0x18, 0x39, 0x11, 0x3F, 0x63, 0xF0, 0xB3, 0xE2, 0xD0, 0xFD, 0xD9, 0xFB, 0x49, 0xC2, 0x04,
    0xD2, 0xE8, 0xC7, 0x79, 0x3F, 0xA2, 0xEA, 0x67, 0xF4, 0x7E, 0xD4, 0x57, 0xEF, 0x67, 0x22, 0x7E,
    0x8A, 0xE0, 0xA7, 0x40, 0xFD, 0x7F, 0xFA, 0x49, 0x59, 0x7E, 0x2E, 0xDF, 0x58, 0x8E, 0x36, 0x95,
    0xE6, 0x5A, 0x56, 0xF5, 0x40, 0x4C, 0xFC, 0x44, 0x34, 0x1B, 0x5C, 0xC3, 0x64, 0x3A, 0xC1, 0x2D,
    0x3C, 0x64, 0xC7, 0xFD, 0x32, 0x3B, 0x7D, 0xCC, 0x4E, 0x2F, 0xD9, 0x41, 0xBA, 0xFF, 0x90, 0x9D,
    0x34, 0xDC, 0x39, 0xB9, 0x6D, 0x15, 0xC9, 0xBD, 0xBD, 0xD2, 0x75, 0x03, 0x52, 0xBA, 0x78, 0xA1,
    0xF6, 0x29, 0x65, 0xCE, 0x79, 0x2A, 0xFA, 0x1A, 0x29, 0x37, 0x5D, 0x05, 0x5E, 0xD3, 0x9F, 0xC3,
    0xB0, 0x99, 0xC0, 0x4B, 0x39, 0x77, 0xE0, 0x4C, 0x58, 0xFB, 0x59, 0x3A, 0x10, 0x9E, 0xA5, 0x0E,
    0x3D, 0xBD, 0x23, 0x07, 0xCE, 0x17, 0x5D, 0xEB, 0xE7, 0x5D, 0xC6, 0x43, 0xC9, 0x4D, 0xC2, 0xA1,
    0xF6, 0x27, 0x45, 0x8D, 0xB1, 0x0D, 0xC3, 0x40, 0x0C, 0x03, 0x85, 0x7C, 0xE1, 0x22, 0x85, 0x46,
    0xF1, 0x04, 0x86, 0xE2, 0xD1, 0x3C, 0x89, 0x47, 0x89, 0x46, 0xF9, 0x11, 0xBE, 0xF8, 0x00, 0x89,
    0xF1, 0xF0, 0x59, 0x42, 0x0A, 0xB3, 0x60, 0xC1, 0x03, 0x49, 0x91, 0x22, 0x29, 0xF5, 0x74, 0x6B,
    0xE9, 0x8C, 0xB0, 0x02, 0x19, 0xBF, 0x9E, 0x01, 0x96, 0x69, 0x0B, 0x30, 0xD4, 0x47, 0xC4, 0xBB,
    0x23, 0x0A, 0x8E, 0x1B, 0xAC, 0xB4, 0x37, 0xE7, 0xC4, 0xD7, 0xE8, 0x33, 0x4D, 0xE9, 0x41, 0x0A,
    0xBF, 0x2C, 0x43, 0x0E, 0xD9, 0x87, 0xE8, 0x6A, 0xB5, 0xD8, 0x29, 0xD5, 0x72, 0xFF, 0x18, 0xF7,
    0xD7, 0xFF, 0xF7, 0x21, 0x22, 0x17,
};

static const EpdGlyph notoserif_12_bolditalicGlyphs[] = {
    { 0, 0, 0, 0, 0, 0, 0 }, // U+0000
    { 0, 0, 104, 0, 0, 0, 0 }, // U+000D
    { 0, 0, 104, 0, 0, 0, 0 }, // U+0020
    { 9, 19, 158, 1, 18, 43, 0 }, // !
    { 11, 8, 203, 3, 18, 22, 43 }, // "
    { 15, 18, 224, 0, 18, 68, 65 }, // #
    { 14, 21, 224, 0, 19, 74, 133 }, // $
    { 21, 20, 358, 1, 19, 105, 207 }, // %
    { 20, 20, 320, 0, 19, 100, 312 }, // &
    { 6, 8, 116, 3, 18, 12, 412 }, // '
    { 11, 24, 160, 1, 20, 66, 424 }, // (
    { 12, 24, 160, -2, 20, 72, 490 }, // )
    { 12, 12, 247, 3, 20, 36, 562 }, // *
    { 12, 12, 224, 1, 15, 36, 598 }, // +
    { 7, 8, 122, -1, 4, 14, 634 }, // ,
    { 8, 4, 124, 0, 9, 8, 648 }, // -
    { 6, 5, 122, 0, 4, 8, 656 }, // .
    { 14, 23, 115, -3, 19, 81, 664 }, // /
    { 15, 20, 224, 0, 19, 75, 745 }, // 0
    { 12, 18, 206, 0, 18, 54, 820 }, // 1
    { 16, 19, 224, -1, 19, 76, 874 }, // 2
    { 15, 20, 224, -1, 19, 75, 950 }, // 3
    { 14, 18, 224, 0, 18, 63, 1025 }, // 4
    { 15, 19, 224, 0, 18, 72, 1088 }, // 5
    { 14, 20, 224, 1, 19, 70, 1160 }, // 6
    { 15, 18, 224, 1, 18, 68, 1230 }, // 7
    { 15, 20, 224, 0, 19, 75, 1298 }, // 8
    { 14, 20, 224, 0, 19, 70, 1373 }, // 9
    { 7, 15, 143, 1, 14, 27, 1443 }, // :
    { 9, 18, 143, -1, 14, 41, 1470 }, // ;
    { 12, 14, 224, 1, 16, 42, 1511 }, // <
    { 12, 8, 224, 1, 13, 24, 1553 }, // =
    { 12, 14, 224, 1, 16, 42, 1577 }, // >
    { 12, 20, 214, 2, 19, 60, 1619 }, // ?
    { 21, 22, 368, 1, 18, 116, 1679 }, // @
    { 20, 18, 301, -2, 18, 90, 1795 }, // A
    { 18, 18, 269, -1, 18, 81, 1885 }, // B
    { 17, 20, 267, 1, 19, 85, 1966 }, // C
    { 20, 18, 307, -1, 18, 90, 2051 }, // D
    { 18, 18, 253, -1, 18, 81, 2141 }, // E
    { 18, 18, 248, -1, 18, 81, 2222 }, // F
    { 19, 20, 318, 1, 19, 95, 2303 }, // G
    { 24, 18, 328, -1, 18, 108, 2398 }, // H
    { 13, 18, 160, -1, 18, 59, 2506 }, // I
    { 16, 24, 160, -4, 18, 96, 2565 }, // J
    { 22, 18, 296, -1, 18, 99, 2661 }, // K
    { 17, 18, 262, -1, 18, 77, 2760 }, // L
    { 27, 18, 381, -1, 18, 122, 2837 }, // M
    { 23, 18, 315, -1, 18, 104, 2959 }, // N
    { 19, 20, 317, 1, 19, 95, 3063 }, // O
    { 18, 18, 265, -1, 18, 81, 3158 }, // P
    { 19, 25, 315, 1, 19, 119, 3239 }, // Q
    { 19, 18, 283, -1, 18, 86, 3358 }, // R
    { 15, 20, 234, 0, 19, 75, 3444 }, // S
    { 18, 18, 261, 1, 18, 81, 3519 }, // T
    { 19, 19, 299, 2, 18, 91, 3600 }, // U
    { 18, 18, 279, 2, 18, 81, 3691 }, // V
    { 28, 18, 427, 2, 18, 126, 3772 }, // W
    { 22, 18, 293, -2, 18, 99, 3898 }, // X
    { 18, 18, 277, 2, 18, 81, 3997 }, // Y
    { 19, 18, 266, -1, 18, 86, 4078 }, // Z
    { 13, 23, 166, 0, 19, 75, 4164 }, // [
    { 4, 23, 115, 2, 19, 23, 4239 }, // <backslash>
    { 13, 23, 166, -2, 19, 75, 4262 }, // ]
    { 12, 12, 224, 1, 18, 36, 4337 }, // ^
    { 13, 2, 184, -3, -2, 7, 4373 }, // _
    { 7, 5, 134, 3, 20, 9, 4380 }, // `
    { 15, 15, 266, 1, 14, 57, 4389 }, // a
    { 15, 20, 249, 0, 19, 75, 4446 }, // b
    { 13, 15, 211, 1, 14, 49, 4521 }, // c
    { 16, 20, 266, 1, 19, 80, 4570 }, // d
    { 13, 15, 214, 1, 14, 49, 4650 }, // e
    { 19, 26, 162, -4, 20, 124, 4699 }, // f
    { 18, 21, 232, -2, 15, 95, 4823 }, // g
    { 16, 20, 262, 0, 19, 80, 4918 }, // h
    { 8, 21, 142, 1, 20, 42, 4998 }, // i
    { 13, 26, 135, -4, 20, 85, 5040 }, // j
    { 16, 19, 239, 0, 19, 76, 5125 }, // k
    { 8, 20, 142, 1, 19, 40, 5201 }, // l
    { 24, 15, 388, 0, 14, 90, 5241 }, // m
    { 17, 15, 269, 0, 14, 64, 5331 }, // n
    { 14, 15, 247, 1, 14, 53, 5395 }, // o
    { 16, 20, 249, -1, 14, 80, 5448 }, // p
    { 15, 20, 252, 1, 14, 75, 5528 }, // q
    { 14, 14, 220, 0, 14, 49, 5603 }, // r
    { 13, 15, 206, 0, 14, 49, 5652 }, // s
    { 10, 18, 167, 1, 17, 45, 5701 }, // t
    { 16, 15, 269, 1, 14, 60, 5746 }, // u
    { 14, 15, 234, 0, 14, 53, 5806 }, // v
    { 22, 15, 350, 0, 14, 83, 5859 }, // w
    { 17, 14, 242, -1, 14, 60, 5942 }, // x
    { 19, 20, 234, -5, 14, 95, 6002 }, // y
    { 14, 14, 223, 0, 14, 49, 6097 }, // z
    { 14, 23, 177, 0, 19, 81, 6146 }, // {
    { 2, 25, 224, 6, 19, 13, 6227 }, // |
    { 13, 24, 177, -2, 20, 78, 6240 }, // }
    { 12, 6, 224, 1, 12, 18, 6318 }, // ~
    { 0, 0, 104, 0, 0, 0, 0 }, // U+00A0
    { 8, 19, 158, 0, 14, 38, 0 }, // U+00A1
    { 14, 18, 224, 1, 18, 63, 38 }, // U+00A2
    { 16, 20, 224, -1, 19, 80, 101 }, // U+00A3
    { 11, 12, 224, 2, 15, 33, 181 }, // U+00A4
    { 16, 18, 224, 1, 18, 72, 214 }, // U+00A5
    { 2, 25, 224, 6, 19, 13, 286 }, // U+00A6
    { 14, 22, 218, 0, 19, 77, 299 }, // U+00A7
    { 10, 5, 231, 4, 20, 13, 376 }, // U+00A8
    { 19, 20, 338, 1, 19, 95, 389 }, // U+00A9
    { 11, 9, 172, 1, 18, 25, 484 }, // U+00AA
    { 13, 11, 222, 1, 12, 36, 509 }, // U+00AB
    { 12, 7, 224, 1, 10, 21, 545 }, // U+00AC
    { 8, 4, 124, 0, 9, 8, 566 }, // U+00AD
    { 19, 20, 338, 1, 19, 95, 574 }, // U+00AE
    { 13, 2, 184, 2, 21, 7, 669 }, // U+00AF
    { 8, 9, 160, 3, 19, 18, 676 }, // U+00B0
    { 12, 15, 224, 1, 15, 45, 694 }, // U+00B1
    { 10, 12, 160, 1, 21, 30, 739 }, // U+00B2
    { 10, 12, 160, 1, 21, 30, 769 }, // U+00B3
    { 8, 5, 130, 2, 20, 10, 799 }, // U+00B4
    { 18, 20, 271, -1, 14, 90, 809 }, // U+00B5
    { 15, 22, 251, 1, 19, 83, 899 }, // U+00B6
    { 5, 5, 122, 2, 11, 7, 982 }, // U+00B7
    { 7, 7, 133, 0, 1, 13, 989 }, // U+00B8
    { 8, 12, 160, 2, 21, 24, 1002 }, // U+00B9
    { 11, 9, 163, 1, 18, 25, 1026 }, // U+00BA
    { 13, 11, 222, 0, 12, 36, 1051 }, // U+00BB
    { 21, 20, 353, 1, 19, 105, 1087 }, // U+00BC
    { 21, 20, 353, 1, 19, 105, 1192 }, // U+00BD
    { 21, 20, 353, 1, 19, 105, 1297 }, // U+00BE
    { 12, 19, 214, 0, 14, 57, 1402 }, // U+00BF
    { 20, 24, 301, -2, 24, 120, 1459 }, // U+00C0
    { 20, 24, 301, -2, 24, 120, 1579 }, // U+00C1
    { 20, 24, 301, -2, 24, 120, 1699 }, // U+00C2
    { 20, 24, 301, -2, 24, 120, 1819 }, // U+00C3
    { 20, 24, 301, -2, 24, 120, 1939 }, // U+00C4
    { 20, 23, 301, -2, 23, 115, 2059 }, // U+00C5
    { 28, 18, 397, -2, 18, 126, 2174 }, // U+00C6
    { 17, 25, 267, 1, 19, 107, 2300 }, // U+00C7
    { 18, 24, 253, -1, 24, 108, 2407 }, // U+00C8
    { 18, 24, 253, -1, 24, 108, 2515 }, // U+00C9
    { 18, 24, 253, -1, 24, 108, 2623 }, // U+00CA
    { 18, 24, 253, -1, 24, 108, 2731 }, // U+00CB
    { 13, 24, 160, -1, 24, 78, 2839 }, // U+00CC
    { 14, 24, 160, -1, 24, 84, 2917 }, // U+00CD
    { 14, 24, 160, -1, 24, 84, 3001 }, // U+00CE
    { 14, 24, 160, -1, 24, 84, 3085 }, // U+00CF
    { 20, 18, 307, -1, 18, 90, 3169 }, // U+00D0
    { 23, 24, 315, -1, 24, 138, 3259 }, // U+00D1
    { 19, 25, 317, 1, 24, 119, 3397 }, // U+00D2
    { 19, 25, 317, 1, 24, 119, 3516 }, // U+00D3
    { 19, 25, 317, 1, 24, 119, 3635 }, // U+00D4
    { 19, 25, 317, 1, 24, 119, 3754 }, // U+00D5
    { 19, 25, 317, 1, 24, 119, 3873 }, // U+00D6
    { 10, 10, 224, 2, 14, 25, 3992 }, // U+00D7
    { 19, 20, 317, 1, 19, 95, 4017 }, // U+00D8
    { 19, 25, 299, 2, 24, 119, 4112 }, // U+00D9
    { 19, 25, 299, 2, 24, 119, 4231 }, // U+00DA
    { 19, 25, 299, 2, 24, 119, 4350 }, // U+00DB
    { 19, 25, 299, 2, 24, 119, 4469 }, // U+00DC
    { 18, 24, 277, 2, 24, 108, 4588 }, // U+00DD
    { 17, 18, 255, -1, 18, 77, 4696 }, // U+00DE
    { 21, 26, 278, -4, 20, 137, 4773 }, // U+00DF
    { 15, 21, 266, 1, 20, 79, 4910 }, // U+00E0
    { 15, 21, 266, 1, 20, 79, 4989 }, // U+00E1
    { 15, 21, 266, 1, 20, 79, 5068 }, // U+00E2
    { 15, 21, 266, 1, 20, 79, 5147 }, // U+00E3
    { 15, 21, 266, 1, 20, 79, 5226 }, // U+00E4
    { 15, 22, 266, 1, 21, 83, 5305 }, // U+00E5
    { 21, 15, 352, 1, 14, 79, 5388 }, // U+00E6
    { 13, 20, 211, 1, 14, 65, 5467 }, // U+00E7
    { 13, 21, 214, 1, 20, 69, 5532 }, // U+00E8
    { 14, 21, 214, 1, 20, 74, 5601 }, // U+00E9
    { 13, 21, 214, 1, 20, 69, 5675 }, // U+00EA
    { 13, 21, 214, 1, 20, 69, 5744 }, // U+00EB
    { 8, 21, 142, 1, 20, 42, 5813 }, // U+00EC
    { 11, 21, 142, 1, 20, 58, 5855 }, // U+00ED
    { 10, 21, 142, 0, 20, 53, 5913 }, // U+00EE
    { 9, 21, 142, 1, 20, 48, 5966 }, // U+00EF
    { 14, 21, 246, 1, 20, 74, 6014 }, // U+00F0
    { 17, 21, 269, 0, 20, 90, 6088 }, // U+00F1
    { 14, 21, 247, 1, 20, 74, 6178 }, // U+00F2
    { 15, 21, 247, 1, 20, 79, 6252 }, // U+00F3
    { 14, 21, 247, 1, 20, 74, 6331 }, // U+00F4
    { 14, 21, 247, 1, 20, 74, 6405 }, // U+00F5
    { 14, 21, 247, 1, 20, 74, 6479 }, // U+00F6
    { 12, 14, 224, 1, 16, 42, 6553 }, // U+00F7
    { 15, 17, 247, 0, 15, 64, 6595 }, // U+00F8
    { 16, 21, 269, 1, 20, 84, 6659 }, // U+00F9
    { 16, 21, 269, 1, 20, 84, 6743 }, // U+00FA
    { 16, 21, 269, 1, 20, 84, 6827 }, // U+00FB
    { 16, 21, 269, 1, 20, 84, 6911 }, // U+00FC
    { 19, 26, 234, -5, 20, 124, 6995 }, // U+00FD
    { 16, 25, 249, -1, 19, 100, 7119 }, // U+00FE
    { 19, 26, 234, -5, 20, 124, 7219 }, // U+00FF
    { 20, 22, 301, -2, 22, 110, 0 }, // U+0100
    { 15, 19, 266, 1, 18, 72, 110 }, // U+0101
    { 20, 24, 301, -2, 24, 120, 182 }, // U+0102
    { 15, 21, 266, 1, 20, 79, 302 }, // U+0103
    { 20, 24, 301, -2, 18, 120, 381 }, // U+0104
    { 15, 20, 266, 1, 14, 75, 501 }, // U+0105
    { 18, 25, 267, 1, 24, 113, 576 }, // U+0106
    { 14, 21, 211, 1, 20, 74, 689 }, // U+0107
    { 17, 25, 267, 1, 24, 107, 763 }, // U+0108
    { 13, 21, 211, 1, 20, 69, 870 }, // U+0109
    { 17, 25, 267, 1, 24, 107, 939 }, // U+010A
    { 13, 21, 211, 1, 20, 69, 1046 }, // U+010B
    { 17, 25, 267, 1, 24, 107, 1115 }, // U+010C
    { 14, 21, 211, 1, 20, 74, 1222 }, // U+010D
    { 20, 24, 307, -1, 24, 120, 1296 }, // U+010E
    { 21, 20, 266, 1, 19, 105, 1416 }, // U+010F
    { 20, 18, 307, -1, 18, 90, 1521 }, // U+0110
    { 18, 20, 266, 0, 19, 90, 1611 }, // U+0111
    { 18, 22, 253, -1, 22, 99, 1701 }, // U+0112
    { 13, 19, 214, 1, 18, 62, 1800 }, // U+0113
    { 18, 24, 253, -1, 24, 108, 1862 }, // U+0114
    { 13, 21, 214, 1, 20, 69, 1970 }, // U+0115
    { 18, 24, 253, -1, 24, 108, 2039 }, // U+0116
    { 13, 21, 214, 1, 20, 69, 2147 }, // U+0117
    { 18, 24, 253, -1, 18, 108, 2216 }, // U+0118
    { 13, 20, 214, 1, 14, 65, 2324 }, // U+0119
    { 18, 24, 253, -1, 24, 108, 2389 }, // U+011A
    { 14, 21, 214, 1, 20, 74, 2497 }, // U+011B
    { 19, 25, 318, 1, 24, 119, 2571 }, // U+011C
    { 18, 26, 232, -2, 20, 117, 2690 }, // U+011D
    { 19, 25, 318, 1, 24, 119, 2807 }, // U+011E
    { 18, 26, 232, -2, 20, 117, 2926 }, // U+011F
    { 19, 25, 318, 1, 24, 119, 3043 }, // U+0120
    { 18, 26, 232, -2, 20, 117, 3162 }, // U+0121
    { 19, 25, 318, 1, 19, 119, 3279 }, // U+0122
    { 18, 26, 232, -2, 20, 117, 3398 }, // U+0123
    { 24, 24, 328, -1, 24, 144, 3515 }, // U+0124
    { 16, 26, 262, 0, 25, 104, 3659 }, // U+0125
    { 24, 18, 328, -1, 18, 108, 3763 }, // U+0126
    { 16, 20, 262, 0, 19, 80, 3871 }, // U+0127
    { 15, 24, 160, -1, 24, 90, 3951 }, // U+0128
    { 11, 21, 142, 0, 20, 58, 4041 }, // U+0129
    { 13, 22, 160, -1, 22, 72, 4099 }, // U+012A
    { 9, 19, 142, 1, 18, 43, 4171 }, // U+012B
    { 14, 24, 160, -1, 24, 84, 4214 }, // U+012C
    { 10, 21, 142, 1, 20, 53, 4298 }, // U+012D
    { 13, 24, 160, -1, 18, 78, 4351 }, // U+012E
    { 9, 26, 142, 0, 20, 59, 4429 }, // U+012F
    { 13, 24, 160, -1, 24, 78, 4488 }, // U+0130
    { 8, 15, 142, 1, 14, 30, 4566 }, // U+0131
    { 23, 24, 321, -1, 18, 138, 4596 }, // U+0132
    { 17, 26, 277, 1, 20, 111, 4734 }, // U+0133
    { 17, 30, 160, -4, 24, 128, 4845 }, // U+0134
    { 14, 26, 135, -4, 20, 91, 4973 }, // U+0135
    { 22, 24, 296, -1, 18, 132, 5064 }, // U+0136
    { 16, 25, 239, 0, 19, 100, 5196 }, // U+0137
    { 16, 14, 239, 0, 14, 56, 5296 }, // U+0138
    { 17, 24, 262, -1, 24, 102, 5352 }, // U+0139
    { 12, 26, 142, 1, 25, 78, 5454 }, // U+013A
    { 17, 24, 262, -1, 18, 102, 5532 }, // U+013B
    { 10, 25, 142, -1, 19, 63, 5634 }, // U+013C
    { 18, 18, 262, -1, 18, 81, 5697 }, // U+013D
    { 13, 20, 142, 1, 19, 65, 5778 }, // U+013E
    { 17, 18, 262, -1, 18, 77, 5843 }, // U+013F
    { 12, 20, 185, 1, 19, 60, 5920 }, // U+0140
    { 17, 18, 262, -1, 18, 77, 5980 }, // U+0141
    { 10, 20, 142, -1, 19, 50, 6057 }, // U+0142
    { 23, 24, 315, -1, 24, 138, 6107 }, // U+0143
    { 17, 21, 269, 0, 20, 90, 6245 }, // U+0144
    { 23, 24, 315, -1, 18, 138, 6335 }, // U+0145
    { 17, 20, 269, 0, 14, 85, 6473 }, // U+0146
    { 23, 24, 315, -1, 24, 138, 6558 }, // U+0147
    { 17, 21, 269, 0, 20, 90, 6696 }, // U+0148
    { 22, 19, 352, 0, 18, 105, 6786 }, // U+0149
    { 23, 24, 305, -1, 18, 138, 6891 }, // U+014A
    { 15, 20, 261, 0, 14, 75, 7029 }, // U+014B
    { 19, 23, 317, 1, 22, 110, 7104 }, // U+014C
    { 14, 19, 247, 1, 18, 67, 7214 }, // U+014D
    { 19, 25, 317, 1, 24, 119, 7281 }, // U+014E
    { 14, 21, 247, 1, 20, 74, 7400 }, // U+014F
    { 19, 25, 317, 1, 24, 119, 7474 }, // U+0150
    { 16, 21, 247, 1, 20, 84, 7593 }, // U+0151
    { 25, 20, 396, 1, 19, 125, 7677 }, // U+0152
    { 22, 15, 360, 1, 14, 83, 7802 }, // U+0153
    { 19, 24, 283, -1, 24, 114, 7885 }, // U+0154
    { 14, 20, 220, 0, 20, 70, 7999 }, // U+0155
    { 19, 24, 283, -1, 18, 114, 8069 }, // U+0156
    { 15, 20, 220, -1, 14, 75, 8183 }, // U+0157
    { 19, 24, 283, -1, 24, 114, 8258 }, // U+0158
    { 14, 20, 220, 0, 20, 70, 8372 }, // U+0159
    { 16, 25, 234, 0, 24, 100, 8442 }, // U+015A
    { 14, 21, 206, 0, 20, 74, 8542 }, // U+015B
    { 15, 25, 234, 0, 24, 94, 8616 }, // U+015C
    { 13, 21, 206, 0, 20, 69, 8710 }, // U+015D
    { 15, 25, 234, 0, 19, 94, 8779 }, // U+015E
    { 13, 20, 206, 0, 14, 65, 8873 }, // U+015F
    { 15, 25, 234, 0, 24, 94, 8938 }, // U+0160
    { 14, 21, 206, 0, 20, 74, 9032 }, // U+0161
    { 18, 24, 261, 1, 18, 108, 9106 }, // U+0162
    { 11, 23, 167, 0, 17, 64, 9214 }, // U+0163
    { 18, 24, 261, 1, 24, 108, 9278 }, // U+0164
    { 13, 20, 167, 1, 19, 65, 9386 }, // U+0165
    { 18, 18, 261, 1, 18, 81, 9451 }, // U+0166
    { 11, 18, 167, 0, 17, 50, 9532 }, // U+0167
    { 19, 25, 299, 2, 24, 119, 9582 }, // U+0168
    { 16, 21, 269, 1, 20, 84, 9701 }, // U+0169
    { 19, 23, 299, 2, 22, 110, 9785 }, // U+016A
    { 16, 19, 269, 1, 18, 76, 9895 }, // U+016B
    { 19, 25, 299, 2, 24, 119, 9971 }, // U+016C
    { 16, 21, 269, 1, 20, 84, 10090 }, // U+016D
    { 19, 26, 299, 2, 25, 124, 10174 }, // U+016E
    { 16, 22, 269, 1, 21, 88, 10298 }, // U+016F
    { 19, 25, 299, 2, 24, 119, 10386 }, // U+0170
    { 16, 21, 269, 1, 20, 84, 10505 }, // U+0171
    { 19, 24, 299, 2, 18, 114, 10589 }, // U+0172
    { 16, 20, 269, 1, 14, 80, 10703 }, // U+0173
    { 28, 24, 427, 2, 24, 168, 10783 }, // U+0174
    { 22, 21, 350, 0, 20, 116, 10951 }, // U+0175
    { 18, 24, 277, 2, 24, 108, 11067 }, // U+0176
    { 19, 26, 234, -5, 20, 124, 11175 }, // U+0177
    { 18, 24, 277, 2, 24, 108, 11299 }, // U+0178
    { 19, 24, 266, -1, 24, 114, 11407 }, // U+0179
    { 14, 20, 223, 0, 20, 70, 11521 }, // U+017A
    { 19, 24, 266, -1, 24, 114, 11591 }, // U+017B
    { 14, 20, 223, 0, 20, 70, 11705 }, // U+017C
    { 19, 24, 266, -1, 24, 114, 11775 }, // U+017D
    { 14, 20, 223, 0, 20, 70, 11889 }, // U+017E
    { 19, 26, 162, -4, 20, 124, 11959 }, // U+017F
    { 23, 21, 337, 1, 20, 121, 0 }, // U+01A0
    { 18, 17, 268, 1, 16, 77, 121 }, // U+01A1
    { 22, 21, 341, 2, 20, 116, 198 }, // U+01AF
    { 20, 17, 311, 1, 16, 85, 314 }, // U+01B0
    { 38, 24, 574, -1, 24, 228, 399 }, // U+01C4
    { 34, 20, 530, -1, 20, 170, 627 }, // U+01C5
    { 29, 21, 489, 1, 20, 153, 797 }, // U+01C6
    { 30, 24, 422, -1, 18, 180, 950 }, // U+01C7
    { 26, 26, 397, -1, 20, 169, 1130 }, // U+01C8
    { 17, 26, 277, 1, 20, 111, 1299 }, // U+01C9
    { 33, 24, 476, -1, 18, 198, 1410 }, // U+01CA
    { 29, 26, 450, -1, 20, 189, 1608 }, // U+01CB
    { 26, 26, 404, 0, 20, 169, 1797 }, // U+01CC
    { 20, 24, 301, -2, 24, 120, 1966 }, // U+01CD
    { 15, 21, 266, 1, 20, 79, 2086 }, // U+01CE
    { 14, 24, 160, -1, 24, 84, 2165 }, // U+01CF
    { 10, 21, 142, 1, 20, 53, 2249 }, // U+01D0
    { 19, 25, 317, 1, 24, 119, 2302 }, // U+01D1
    { 14, 21, 247, 1, 20, 74, 2421 }, // U+01D2
    { 19, 25, 299, 2, 24, 119, 2495 }, // U+01D3
    { 16, 21, 269, 1, 20, 84, 2614 }, // U+01D4
    { 19, 27, 299, 2, 26, 129, 2698 }, // U+01D5
    { 16, 23, 269, 1, 22, 92, 2827 }, // U+01D6
    { 19, 27, 299, 2, 26, 129, 2919 }, // U+01D7
    { 16, 23, 269, 1, 22, 92, 3048 }, // U+01D8
    { 19, 28, 299, 2, 27, 133, 3140 }, // U+01D9
    { 16, 23, 269, 1, 22, 92, 3273 }, // U+01DA
    { 19, 27, 299, 2, 26, 129, 3365 }, // U+01DB
    { 16, 23, 269, 1, 22, 92, 3494 }, // U+01DC
    { 13, 15, 224, 0, 14, 49, 3586 }, // U+01DD
    { 20, 26, 301, -2, 26, 130, 3635 }, // U+01DE
    { 15, 23, 266, 1, 22, 87, 3765 }, // U+01DF
    { 20, 26, 301, -2, 26, 130, 3852 }, // U+01E0
    { 15, 23, 266, 1, 22, 87, 3982 }, // U+01E1
    { 28, 22, 397, -2, 22, 154, 4069 }, // U+01E2
    { 21, 19, 352, 1, 18, 100, 4223 }, // U+01E3
    { 19, 20, 318, 1, 19, 95, 4323 }, // U+01E4
    { 18, 21, 232, -2, 15, 95, 4418 }, // U+01E5
    { 19, 25, 318, 1, 24, 119, 4513 }, // U+01E6
    { 18, 26, 232, -2, 20, 117, 4632 }, // U+01E7
    { 22, 24, 296, -1, 24, 132, 4749 }, // U+01E8
    { 16, 25, 239, 0, 25, 100, 4881 }, // U+01E9
    { 19, 25, 317, 1, 19, 119, 4981 }, // U+01EA
    { 14, 20, 247, 1, 14, 70, 5100 }, // U+01EB
    { 19, 28, 317, 1, 22, 133, 5170 }, // U+01EC
    { 14, 24, 247, 1, 18, 84, 5303 }, // U+01ED
    { 16, 25, 243, 0, 24, 100, 5387 }, // U+01EE
    { 15, 26, 224, -1, 20, 98, 5487 }, // U+01EF
    { 15, 26, 135, -4, 20, 98, 5585 }, // U+01F0
    { 38, 18, 574, -1, 18, 171, 5683 }, // U+01F1
    { 34, 18, 530, -1, 18, 153, 5854 }, // U+01F2
    { 29, 20, 489, 1, 19, 145, 6007 }, // U+01F3
    { 19, 25, 318, 1, 24, 119, 6152 }, // U+01F4
    { 18, 26, 232, -2, 20, 117, 6271 }, // U+01F5
    { 30, 19, 456, -1, 18, 143, 6388 }, // U+01F6
    { 21, 25, 300, -2, 19, 132, 6531 }, // U+01F7
    { 23, 24, 315, -1, 24, 138, 6663 }, // U+01F8
    { 17, 21, 269, 0, 20, 90, 6801 }, // U+01F9
    { 20, 25, 301, -2, 25, 125, 6891 }, // U+01FA
    { 16, 27, 266, 1, 26, 108, 7016 }, // U+01FB
    { 28, 24, 397, -2, 24, 168, 7124 }, // U+01FC
    { 21, 21, 352, 1, 20, 111, 7292 }, // U+01FD
    { 19, 25, 317, 1, 24, 119, 7403 }, // U+01FE
    { 16, 22, 247, 0, 20, 88, 7522 }, // U+01FF
    { 20, 24, 301, -2, 24, 120, 7610 }, // U+0200
    { 15, 21, 266, 1, 20, 79, 7730 }, // U+0201
    { 20, 24, 301, -2, 24, 120, 7809 }, // U+0202
    { 15, 21, 266, 1, 20, 79, 7929 }, // U+0203
    { 18, 24, 253, -1, 24, 108, 8008 }, // U+0204
    { 13, 21, 214, 1, 20, 69, 8116 }, // U+0205
    { 18, 24, 253, -1, 24, 108, 8185 }, // U+0206
    { 13, 21, 214, 1, 20, 69, 8293 }, // U+0207
    { 13, 24, 160, -1, 24, 78, 8362 }, // U+0208
    { 11, 21, 142, -2, 20, 58, 8440 }, // U+0209
    { 14, 24, 160, -1, 24, 84, 8498 }, // U+020A
    { 10, 21, 142, 1, 20, 53, 8582 }, // U+020B
    { 19, 25, 317, 1, 24, 119, 8635 }, // U+020C
    { 14, 21, 247, 1, 20, 74, 8754 }, // U+020D
    { 19, 25, 317, 1, 24, 119, 8828 }, // U+020E
    { 14, 21, 247, 1, 20, 74, 8947 }, // U+020F
    { 19, 24, 283, -1, 24, 114, 9021 }, // U+0210
    { 14, 20, 220, 0, 20, 70, 9135 }, // U+0211
    { 19, 24, 283, -1, 24, 114, 9205 }, // U+0212
    { 14, 20, 220, 0, 20, 70, 9319 }, // U+0213
    { 19, 25, 299, 2, 24, 119, 9389 }, // U+0214
    { 16, 21, 269, 1, 20, 84, 9508 }, // U+0215
    { 19, 25, 299, 2, 24, 119, 9592 }, // U+0216
    { 16, 21, 269, 1, 20, 84, 9711 }, // U+0217
    { 15, 25, 234, 0, 19, 94, 9795 }, // U+0218
    { 13, 20, 206, 0, 14, 65, 9889 }, // U+0219
    { 18, 24, 261, 1, 18, 108, 9954 }, // U+021A
    { 11, 23, 167, 0, 17, 64, 10062 }, // U+021B
    { 17, 23, 245, -1, 19, 98, 10126 }, // U+021C
    { 15, 20, 204, -3, 14, 75, 10224 }, // U+021D
    { 24, 24, 328, -1, 24, 144, 10299 }, // U+021E
    { 16, 26, 262, 0, 25, 104, 10443 }, // U+021F
    { 6, 5, 0, -12, 20, 8, 0 }, // U+0300
    { 8, 5, 0, -8, 20, 10, 8 }, // U+0301
    { 10, 5, 0, -3, 20, 13, 18 }, // U+0302
    { 11, 5, 0, -12, 20, 14, 31 }, // U+0303
    { 8, 3, 0, -2, 18, 6, 45 }, // U+0304
    { 9, 3, 0, -2, 22, 7, 51 }, // U+0305
    { 9, 5, 0, -2, 20, 12, 58 }, // U+0306
    { 5, 5, 0, 0, 20, 7, 70 }, // U+0307
    { 10, 5, 0, -3, 20, 13, 77 }, // U+0308
    { 6, 7, 0, -9, 21, 11, 90 }, // U+0309
    { 7, 7, 0, -1, 21, 13, 101 }, // U+030A
    { 11, 5, 0, -3, 20, 14, 114 }, // U+030B
    { 10, 5, 0, -2, 20, 13, 128 }, // U+030C
    { 4, 5, 0, 0, 19, 5, 141 }, // U+030D
    { 8, 5, 0, -2, 19, 10, 146 }, // U+030E
    { 11, 5, 0, -12, 20, 14, 156 }, // U+030F
    { 9, 8, 0, -2, 23, 18, 170 }, // U+0310
    { 8, 5, 0, -2, 20, 10, 188 }, // U+0311
    { 6, 8, 0, -1, 18, 12, 198 }, // U+0312
    { 7, 8, 0, -2, 18, 14, 210 }, // U+0313
    { 5, 8, 0, -1, 18, 10, 224 }, // U+0314
    { 7, 8, 0, -2, 18, 14, 234 }, // U+0315
    { 6, 5, 0, -5, -1, 8, 248 }, // U+0316
    { 8, 5, 0, -6, -1, 10, 256 }, // U+0317
    { 6, 6, 0, -4, 0, 9, 266 }, // U+0318
    { 5, 6, 0, -4, 0, 8, 275 }, // U+0319
    { 8, 7, 150, 2, 19, 14, 283 }, // U+031A
    { 6, 7, 0, -2, 20, 11, 297 }, // U+031B
    { 5, 6, 0, -4, 0, 8, 308 }, // U+031C
    { 6, 5, 0, -5, -1, 8, 316 }, // U+031D
    { 6, 5, 0, -4, -1, 8, 324 }, // U+031E
    { 6, 6, 0, -5, 0, 9, 332 }, // U+031F
    { 6, 2, 0, -5, -2, 3, 341 }, // U+0320
    { 7, 7, 0, -7, 2, 13, 344 }, // U+0321
    { 6, 7, 0, -3, 2, 11, 357 }, // U+0322
    { 5, 5, 0, -12, -1, 7, 368 }, // U+0323
    { 10, 5, 0, -7, 0, 13, 375 }, // U+0324
    { 7, 7, 0, -5, 0, 13, 388 }, // U+0325
    { 6, 5, 0, -5, -1, 8, 401 }, // U+0326
    { 7, 7, 0, -5, 1, 13, 409 }, // U+0327
    { 6, 6, 0, -5, 0, 9, 422 }, // U+0328
    { 4, 5, 0, -4, -1, 5, 431 }, // U+0329
    { 11, 5, 0, -7, -1, 14, 436 }, // U+032A
    { 9, 4, 0, -6, -1, 9, 450 }, // U+032B
    { 10, 5, 0, -6, -1, 13, 459 }, // U+032C
    { 10, 5, 0, -7, -1, 13, 472 }, // U+032D
    { 9, 5, 0, -6, 0, 12, 485 }, // U+032E
    { 8, 5, 0, -6, 0, 10, 497 }, // U+032F
    { 11, 5, 0, -8, -1, 14, 507 }, // U+0330
    { 9, 3, 0, -6, -1, 7, 521 }, // U+0331
    { 12, 3, 0, -13, -2, 9, 528 }, // U+0332
    { 12, 5, 0, -13, -1, 15, 537 }, // U+0333
    { 11, 5, 0, -5, 10, 14, 552 }, // U+0334
    { 12, 3, 0, -6, 9, 9, 566 }, // U+0335
    { 18, 3, 0, -9, 9, 14, 575 }, // U+0336
    { 12, 8, 0, -6, 11, 24, 589 }, // U+0337
    { 15, 23, 0, -7, 20, 87, 613 }, // U+0338
    { 5, 6, 0, -4, 0, 8, 700 }, // U+0339
    { 11, 5, 0, -7, -1, 14, 708 }, // U+033A
    { 11, 5, 0, -7, -1, 14, 722 }, // U+033B
    { 9, 4, 0, -6, -1, 9, 736 }, // U+033C
    { 6, 5, 0, -1, 19, 8, 745 }, // U+033D
    { 5, 8, 0, 0, 22, 10, 753 }, // U+033E
    { 12, 5, 0, -3, 24, 15, 763 }, // U+033F
    { 6, 5, 0, -2, 20, 8, 778 }, // U+0340
    { 8, 5, 0, -1, 20, 10, 786 }, // U+0341
    { 11, 5, 0, -4, 20, 14, 796 }, // U+0342
    { 5, 6, 0, 1, 21, 8, 810 }, // U+0343
    { 12, 6, 0, -4, 20, 18, 818 }, // U+0344
    { 5, 5, 0, -1, -1, 7, 836 }, // U+0345
    { 11, 5, 0, -3, 20, 14, 843 }, // U+0346
    { 13, 5, 0, -8, -1, 17, 857 }, // U+0347
    { 8, 5, 0, -6, -1, 10, 874 }, // U+0348
    { 6, 5, 0, -4, -1, 8, 884 }, // U+0349
    { 11, 6, 0, -3, 20, 17, 892 }, // U+034A
    { 12, 11, 0, -4, 25, 33, 909 }, // U+034B
    { 12, 10, 0, -4, 24, 30, 942 }, // U+034C
    { 8, 6, 0, -6, 0, 12, 972 }, // U+034D
    { 6, 6, 0, -5, 0, 9, 984 }, // U+034E
    { 18, 18, 0, -9, 18, 81, 993 }, // U+034F
    { 5, 6, 0, -1, 20, 8, 1074 }, // U+0350
    { 4, 7, 0, 0, 21, 7, 1082 }, // U+0351
    { 9, 8, 0, -2, 22, 18, 1089 }, // U+0352
    { 6, 5, 0, -5, -1, 8, 1107 }, // U+0353
    { 6, 5, 0, -5, -1, 8, 1115 }, // U+0354
    { 6, 5, 0, -5, -1, 8, 1123 }, // U+0355
    { 11, 5, 0, -7, -1, 14, 1131 }, // U+0356
    { 5, 7, 0, -1, 21, 9, 1145 }, // U+0357
    { 6, 5, 0, 3, 20, 8, 1154 }, // U+0358
    { 8, 7, 0, -4, 0, 14, 1162 }, // U+0359
    { 10, 5, 0, -7, -1, 13, 1176 }, // U+035A
    { 6, 6, 0, -1, 20, 9, 1189 }, // U+035B
    { 19, 6, 0, -11, 0, 29, 1198 }, // U+035C
    { 20, 6, 0, -7, 20, 30, 1227 }, // U+035D
    { 16, 3, 0, -6, 18, 12, 1257 }, // U+035E
    { 16, 3, 0, -10, -1, 12, 1269 }, // U+035F
    { 22, 5, 0, -9, 19, 28, 1281 }, // U+0360
    { 22, 6, 0, -9, 22, 33, 1309 }, // U+0361
    { 16, 6, 0, -10, 0, 24, 1342 }, // U+0362
    { 7, 6, 0, -1, 21, 11, 1366 }, // U+0363
    { 7, 6, 0, -1, 21, 11, 1377 }, // U+0364
    { 4, 9, 0, 1, 24, 9, 1388 }, // U+0365
    { 7, 6, 0, -1, 21, 11, 1397 }, // U+0366
    { 8, 6, 0, -1, 21, 12, 1408 }, // U+0367
    { 7, 6, 0, -1, 21, 11, 1420 }, // U+0368
    { 7, 9, 0, -1, 24, 16, 1431 }, // U+0369
    { 8, 9, 0, -2, 24, 18, 1447 }, // U+036A
    { 11, 6, 0, -3, 21, 17, 1465 }, // U+036B
    { 7, 6, 0, -1, 21, 11, 1482 }, // U+036C
    { 5, 8, 0, 0, 23, 10, 1493 }, // U+036D
    { 7, 6, 0, -1, 21, 11, 1503 }, // U+036E
    { 8, 6, 0, -2, 21, 12, 1514 }, // U+036F
    { 18, 24, 261, -1, 24, 108, 0 }, // U+0400
    { 18, 23, 261, -1, 23, 104, 108 }, // U+0401
    { 19, 18, 329, 1, 18, 86, 212 }, // U+0402
    { 18, 24, 237, -1, 24, 108, 298 }, // U+0403
    { 17, 20, 263, 1, 19, 85, 406 }, // U+0404
    { 16, 20, 234, -1, 19, 80, 491 }, // U+0405
    { 13, 18, 160, -1, 18, 59, 571 }, // U+0406
    { 14, 23, 160, -1, 23, 81, 630 }, // U+0407
    { 15, 24, 158, -3, 18, 90, 711 }, // U+0408
    { 26, 19, 389, -2, 18, 124, 801 }, // U+0409
    { 26, 18, 413, -1, 18, 117, 925 }, // U+040A
    { 20, 18, 355, 1, 18, 90, 1042 }, // U+040B
    { 21, 24, 292, -1, 24, 126, 1132 }, // U+040C
    { 24, 24, 328, -1, 24, 144, 1258 }, // U+040D
    { 18, 25, 280, 2, 24, 113, 1402 }, // U+040E
    { 23, 23, 322, -1, 18, 133, 1515 }, // U+040F
    { 20, 18, 300, -2, 18, 90, 1648 }, // U+0410
    { 18, 18, 255, -1, 18, 81, 1738 }, // U+0411
    { 18, 18, 270, -1, 18, 81, 1819 }, // U+0412
    { 18, 18, 237, -1, 18, 81, 1900 }, // U+0413
    { 24, 23, 308, -3, 18, 138, 1981 }, // U+0414
    { 18, 18, 261, -1, 18, 81, 2119 }, // U+0415
    { 30, 18, 414, -2, 18, 135, 2200 }, // U+0416
    { 16, 20, 248, -1, 19, 80, 2335 }, // U+0417
    { 24, 18, 330, -1, 18, 108, 2415 }, // U+0418
    { 24, 24, 330, -1, 24, 144, 2523 }, // U+0419
    { 21, 18, 292, -1, 18, 95, 2667 }, // U+041A
    { 23, 19, 300, -2, 18, 110, 2762 }, // U+041B
    { 27, 18, 388, -1, 18, 122, 2872 }, // U+041C
    { 23, 18, 326, -1, 18, 104, 2994 }, // U+041D
    { 18, 20, 307, 1, 19, 90, 3098 }, // U+041E
    { 23, 18, 322, -1, 18, 104, 3188 }, // U+041F
    { 18, 18, 255, -1, 18, 81, 3292 }, // U+0420
    { 17, 20, 263, 1, 19, 85, 3373 }, // U+0421
    { 18, 18, 265, 1, 18, 81, 3458 }, // U+0422
    { 18, 19, 280, 2, 18, 86, 3539 }, // U+0423
    { 22, 20, 378, 1, 19, 110, 3625 }, // U+0424
    { 22, 18, 293, -2, 18, 99, 3735 }, // U+0425
    { 23, 23, 324, -1, 18, 133, 3834 }, // U+0426
    { 20, 18, 314, 2, 18, 90, 3967 }, // U+0427
    { 32, 18, 456, -1, 18, 144, 4057 }, // U+0428
    { 32, 23, 458, -1, 18, 184, 4201 }, // U+0429
    { 17, 18, 296, 1, 18, 77, 4385 }, // U+042A
    { 27, 18, 391, -1, 18, 122, 4462 }, // U+042B
    { 16, 18, 255, -1, 18, 72, 4584 }, // U+042C
    { 17, 20, 263, -1, 19, 85, 4656 }, // U+042D
    { 28, 20, 432, -1, 19, 140, 4741 }, // U+042E
    { 22, 18, 282, -2, 18, 99, 4881 }, // U+042F
    { 16, 15, 250, 0, 14, 60, 4980 }, // U+0430
    { 15, 21, 244, 1, 20, 79, 5040 }, // U+0431
    { 14, 15, 228, 0, 14, 53, 5119 }, // U+0432
    { 12, 15, 192, 0, 14, 45, 5172 }, // U+0433
    { 15, 21, 240, 0, 20, 79, 5217 }, // U+0434
    { 14, 15, 213, 0, 14, 53, 5296 }, // U+0435
    { 27, 15, 410, -1, 14, 102, 5349 }, // U+0436
    { 12, 15, 205, 0, 14, 45, 5451 }, // U+0437
    { 15, 15, 259, 1, 14, 57, 5496 }, // U+0438
    { 15, 21, 259, 1, 20, 79, 5553 }, // U+0439
    { 16, 14, 245, 0, 14, 56, 5632 }, // U+043A
    { 17, 15, 246, -1, 14, 64, 5688 }, // U+043B
    { 23, 15, 346, -1, 14, 87, 5752 }, // U+043C
    { 16, 15, 259, 0, 14, 60, 5839 }, // U+043D
    { 15, 15, 240, 0, 14, 57, 5899 }, // U+043E
    { 17, 15, 260, 0, 14, 64, 5956 }, // U+043F
    { 16, 20, 249, -1, 14, 80, 6020 }, // U+0440
    { 14, 15, 208, 0, 14, 53, 6100 }, // U+0441
    { 24, 15, 379, 0, 14, 90, 6153 }, // U+0442
    { 16, 21, 232, -1, 14, 84, 6243 }, // U+0443
    { 21, 26, 332, 0, 20, 137, 6327 }, // U+0444
    { 16, 14, 238, -1, 14, 56, 6464 }, // U+0445
    { 15, 20, 260, 1, 14, 75, 6520 }, // U+0446
    { 16, 15, 246, 0, 14, 60, 6595 }, // U+0447
    { 23, 15, 380, 1, 14, 87, 6655 }, // U+0448
    { 23, 20, 382, 1, 14, 115, 6742 }, // U+0449
    { 14, 15, 236, 0, 14, 53, 6857 }, // U+044A
    { 21, 15, 344, 1, 14, 79, 6910 }, // U+044B
    { 13, 15, 231, 1, 14, 49, 6989 }, // U+044C
    { 13, 15, 210, 0, 14, 49, 7038 }, // U+044D
    { 21, 15, 346, 0, 14, 79, 7087 }, // U+044E
    { 17, 15, 251, -1, 14, 64, 7166 }, // U+044F
    { 14, 21, 213, 0, 20, 74, 7230 }, // U+0450
    { 14, 21, 213, 0, 20, 74, 7304 }, // U+0451
    { 15, 26, 248, 0, 19, 98, 7378 }, // U+0452
    { 14, 21, 192, 0, 20, 74, 7476 }, // U+0453
    { 14, 15, 208, 0, 14, 53, 7550 }, // U+0454
    { 13, 15, 192, -1, 14, 49, 7603 }, // U+0455
    { 8, 21, 131, 1, 20, 42, 7652 }, // U+0456
    { 9, 21, 131, 1, 20, 48, 7694 }, // U+0457
    { 13, 27, 126, -4, 20, 88, 7742 }, // U+0458
    { 22, 15, 342, -1, 14, 83, 7830 }, // U+0459
    { 22, 15, 355, 0, 14, 83, 7913 }, // U+045A
    { 17, 20, 260, 0, 19, 85, 7996 }, // U+045B
    { 16, 20, 245, 0, 20, 80, 8081 }, // U+045C
    { 15, 21, 259, 1, 20, 79, 8161 }, // U+045D
    { 16, 27, 232, -1, 20, 108, 8240 }, // U+045E
    { 15, 20, 259, 1, 14, 75, 8348 }, // U+045F
    { 25, 19, 410, 1, 19, 119, 8423 }, // U+0460
    { 21, 14, 328, 0, 14, 74, 8542 }, // U+0461
    { 17, 18, 285, 0, 18, 77, 8616 }, // U+0462
    { 22, 15, 358, 0, 14, 83, 8693 }, // U+0463
    { 28, 20, 413, -1, 19, 140, 8776 }, // U+0464
    { 21, 15, 335, 0, 14, 79, 8916 }, // U+0465
    { 21, 18, 317, -2, 18, 95, 8995 }, // U+0466
    { 18, 14, 259, -2, 14, 63, 9090 }, // U+0467
    { 30, 18, 465, -1, 18, 135, 9153 }, // U+0468
    { 24, 14, 382, 0, 14, 84, 9288 }, // U+0469
    { 24, 18, 360, -2, 18, 108, 9372 }, // U+046A
    { 21, 14, 313, -2, 14, 74, 9480 }, // U+046B
    { 32, 18, 514, -1, 18, 144, 9554 }, // U+046C
    { 26, 14, 434, 0, 14, 91, 9698 }, // U+046D
    { 16, 28, 243, -1, 22, 112, 9789 }, // U+046E
    { 14, 23, 206, -1, 17, 81, 9901 }, // U+046F
    { 25, 18, 390, 2, 18, 113, 9982 }, // U+0470
    { 18, 25, 288, 1, 19, 113, 10095 }, // U+0471
    { 19, 20, 317, 1, 19, 95, 10208 }, // U+0472
    { 14, 15, 247, 1, 14, 53, 10303 }, // U+0473
    { 19, 18, 297, 2, 18, 86, 10356 }, // U+0474
    { 17, 15, 252, 0, 14, 64, 10442 }, // U+0475
    { 19, 24, 297, 2, 24, 114, 10506 }, // U+0476
    { 17, 21, 252, 0, 20, 90, 10620 }, // U+0477
    { 32, 25, 522, 1, 19, 200, 10710 }, // U+0478
    { 27, 20, 447, 1, 14, 135, 10910 }, // U+0479
    { 20, 22, 333, 1, 20, 110, 11045 }, // U+047A
    { 15, 17, 259, 1, 15, 64, 11155 }, // U+047B
    { 27, 28, 458, 1, 27, 189, 11219 }, // U+047C
    { 23, 24, 386, 1, 23, 138, 11408 }, // U+047D
    { 25, 23, 410, 1, 23, 144, 11546 }, // U+047E
    { 21, 18, 328, 0, 18, 95, 11690 }, // U+047F
    { 17, 25, 267, 1, 19, 107, 11785 }, // U+0480
    { 13, 20, 211, 1, 14, 65, 11892 }, // U+0481
    { 13, 17, 244, 1, 16, 56, 11957 }, // U+0482
    { 11, 5, 0, -4, 19, 14, 12013 }, // U+0483
    { 11, 4, 0, -4, 19, 11, 12027 }, // U+0484
    { 4, 5, 0, 0, 20, 5, 12038 }, // U+0485
    { 4, 5, 0, 0, 20, 5, 12043 }, // U+0486
    { 12, 4, 0, -3, 23, 12, 12048 }, // U+0487
    { 32, 29, 0, -16, 21, 232, 12060 }, // U+0488
    { 30, 31, 0, -15, 22, 233, 12292 }, // U+0489
    { 24, 30, 335, -1, 24, 180, 12525 }, // U+048A
    { 16, 26, 269, 1, 20, 104, 12705 }, // U+048B
    { 17, 19, 266, -1, 19, 81, 12809 }, // U+048C
    { 13, 18, 238, 1, 17, 59, 12890 }, // U+048D
    { 18, 18, 265, -1, 18, 81, 12949 }, // U+048E
    { 16, 20, 249, -1, 14, 80, 13030 }, // U+048F
    { 18, 22, 217, -1, 22, 99, 13110 }, // U+0490
    { 13, 17, 193, 0, 17, 56, 13209 }, // U+0491
    { 18, 18, 236, -1, 18, 81, 13265 }, // U+0492
    { 14, 14, 203, 0, 14, 49, 13346 }, // U+0493
    { 18, 25, 288, -1, 18, 113, 13395 }, // U+0494
    { 14, 20, 240, 0, 14, 70, 13508 }, // U+0495
    { 30, 24, 424, -2, 18, 180, 13578 }, // U+0496
    { 30, 20, 471, 0, 14, 150, 13758 }, // U+0497
    { 16, 25, 245, 0, 19, 100, 13908 }, // U+0498
    { 13, 20, 208, 0, 14, 65, 14008 }, // U+0499
    { 21, 24, 302, -1, 18, 126, 14073 }, // U+049A
    { 16, 20, 242, 0, 14, 80, 14199 }, // U+049B
    { 22, 18, 311, -1, 18, 99, 14279 }, // U+049C
    { 17, 15, 263, 0, 14, 64, 14378 }, // U+049D
    { 21, 18, 297, -1, 18, 95, 14442 }, // U+049E
    { 16, 20, 242, 0, 19, 80, 14537 }, // U+049F
    { 22, 18, 341, 1, 18, 99, 14617 }, // U+04A0
    { 19, 15, 295, 0, 14, 72, 14716 }, // U+04A1
    { 24, 24, 328, -1, 18, 144, 14788 }, // U+04A2
    { 17, 20, 273, 0, 14, 85, 14932 }, // U+04A3
    { 27, 18, 374, -1, 18, 122, 15017 }, // U+04A4
    { 21, 15, 327, 0, 14, 79, 15139 }, // U+04A5
    { 28, 25, 451, -1, 18, 175, 15218 }, // U+04A6
    { 22, 20, 366, 0, 14, 110, 15393 }, // U+04A7
    { 20, 21, 337, 1, 19, 105, 15503 }, // U+04A8
    { 16, 15, 274, 1, 14, 60, 15608 }, // U+04A9
    { 17, 25, 267, 1, 19, 107, 15668 }, // U+04AA
    { 13, 20, 211, 1, 14, 65, 15775 }, // U+04AB
    { 18, 24, 261, 1, 18, 108, 15840 }, // U+04AC
    { 24, 20, 388, 0, 14, 120, 15948 }, // U+04AD
    { 18, 18, 277, 2, 18, 81, 16068 }, // U+04AE
    { 14, 20, 234, 0, 14, 70, 16149 }, // U+04AF
    { 18, 18, 277, 2, 18, 81, 16219 }, // U+04B0
    { 14, 20, 234, 0, 14, 70, 16300 }, // U+04B1
    { 22, 24, 301, -2, 18, 132, 16370 }, // U+04B2
    { 17, 20, 242, -1, 14, 85, 16502 }, // U+04B3
    { 26, 24, 393, 1, 18, 156, 16587 }, // U+04B4
    { 20, 20, 319, 0, 14, 100, 16743 }, // U+04B5
    { 19, 24, 302, 2, 18, 114, 16843 }, // U+04B6
    { 16, 20, 261, 0, 14, 80, 16957 }, // U+04B7
    { 20, 18, 314, 2, 18, 90, 17037 }, // U+04B8
    { 16, 15, 246, 0, 14, 60, 17127 }, // U+04B9
    { 19, 18, 312, -1, 18, 86, 17187 }, // U+04BA
    { 16, 20, 262, 0, 19, 80, 17273 }, // U+04BB
    { 20, 20, 328, 1, 19, 100, 17353 }, // U+04BC
    { 17, 15, 266, 0, 14, 64, 17453 }, // U+04BD
    { 20, 25, 328, 1, 19, 125, 17517 }, // U+04BE
    { 17, 20, 266, 0, 14, 85, 17642 }, // U+04BF
    { 13, 18, 160, -1, 18, 59, 17727 }, // U+04C0
    { 30, 24, 414, -2, 24, 180, 17786 }, // U+04C1
    { 27, 21, 410, -1, 20, 142, 17966 }, // U+04C2
    { 21, 25, 291, -1, 18, 132, 18108 }, // U+04C3
    { 16, 20, 246, 0, 14, 80, 18240 }, // U+04C4
    { 22, 24, 296, -2, 18, 132, 18320 }, // U+04C5
    { 17, 20, 274, 0, 14, 85, 18452 }, // U+04C6
    { 24, 25, 328, -1, 18, 150, 18537 }, // U+04C7
    { 16, 20, 267, 0, 14, 80, 18687 }, // U+04C8
    { 24, 24, 335, -1, 18, 144, 18767 }, // U+04C9
    { 17, 20, 273, 0, 14, 85, 18911 }, // U+04CA
    { 19, 24, 302, 2, 18, 114, 18996 }, // U+04CB
    { 16, 20, 261, 0, 14, 80, 19110 }, // U+04CC
    { 27, 24, 389, -1, 18, 162, 19190 }, // U+04CD
    { 24, 20, 379, 0, 14, 120, 19352 }, // U+04CE
    { 13, 18, 160, -1, 18, 59, 19472 }, // U+04CF
    { 20, 24, 301, -2, 24, 120, 19531 }, // U+04D0
    { 15, 21, 266, 1, 20, 79, 19651 }, // U+04D1
    { 20, 24, 301, -2, 24, 120, 19730 }, // U+04D2
    { 15, 21, 266, 1, 20, 79, 19850 }, // U+04D3
    { 28, 18, 397, -2, 18, 126, 19929 }, // U+04D4
    { 21, 15, 352, 1, 14, 79, 20055 }, // U+04D5
    { 18, 24, 253, -1, 24, 108, 20134 }, // U+04D6
    { 13, 21, 214, 1, 20, 69, 20242 }, // U+04D7
    { 16, 20, 281, 1, 19, 80, 20311 }, // U+04D8
    { 13, 15, 224, 0, 14, 49, 20391 }, // U+04D9
    { 16, 25, 281, 1, 24, 100, 20440 }, // U+04DA
    { 13, 21, 224, 0, 20, 69, 20540 }, // U+04DB
    { 30, 24, 414, -2, 24, 180, 20609 }, // U+04DC
    { 27, 21, 410, -1, 20, 142, 20789 }, // U+04DD
    { 16, 25, 248, -1, 24, 100, 20931 }, // U+04DE
    { 13, 21, 205, 0, 20, 69, 21031 }, // U+04DF
    { 16, 19, 243, 0, 18, 76, 21100 }, // U+04E0
    { 15, 20, 224, -1, 14, 75, 21176 }, // U+04E1
    { 24, 22, 330, -1, 22, 132, 21251 }, // U+04E2
    { 16, 19, 269, 1, 18, 76, 21383 }, // U+04E3
    { 24, 24, 330, -1, 24, 144, 21459 }, // U+04E4
    { 16, 21, 269, 1, 20, 84, 21603 }, // U+04E5
    { 19, 25, 317, 1, 24, 119, 21687 }, // U+04E6
    { 14, 21, 247, 1, 20, 74, 21806 }, // U+04E7
    { 19, 20, 317, 1, 19, 95, 21880 }, // U+04E8
    { 14, 15, 247, 1, 14, 53, 21975 }, // U+04E9
    { 19, 25, 317, 1, 24, 119, 22028 }, // U+04EA
    { 14, 21, 247, 1, 20, 74, 22147 }, // U+04EB
    { 17, 25, 263, -1, 24, 107, 22221 }, // U+04EC
    { 13, 21, 210, 0, 20, 69, 22328 }, // U+04ED
    { 18, 23, 280, 2, 22, 104, 22397 }, // U+04EE
    { 19, 24, 234, -5, 18, 114, 22501 }, // U+04EF
    { 18, 25, 280, 2, 24, 113, 22615 }, // U+04F0
    { 19, 26, 234, -5, 20, 124, 22728 }, // U+04F1
    { 18, 25, 280, 2, 24, 113, 22852 }, // U+04F2
    { 21, 26, 234, -5, 20, 137, 22965 }, // U+04F3
    { 20, 24, 314, 2, 24, 120, 23102 }, // U+04F4
    { 16, 21, 246, 0, 20, 84, 23222 }, // U+04F5
    { 18, 24, 236, -1, 18, 108, 23306 }, // U+04F6
    { 15, 20, 203, -1, 14, 75, 23414 }, // U+04F7
    { 27, 24, 391, -1, 24, 162, 23489 }, // U+04F8
    { 21, 21, 344, 1, 20, 111, 23651 }, // U+04F9
    { 18, 23, 236, -1, 18, 104, 23762 }, // U+04FA
    { 14, 19, 203, 0, 14, 67, 23866 }, // U+04FB
    { 22, 23, 297, -2, 18, 127, 23933 }, // U+04FC
    { 17, 19, 242, -1, 14, 81, 24060 }, // U+04FD
    { 22, 18, 293, -2, 18, 99, 24141 }, // U+04FE
    { 17, 14, 242, -1, 14, 60, 24240 }, // U+04FF
    { 20, 24, 301, -2, 18, 120, 0 }, // U+1EA0
    { 15, 20, 266, 1, 14, 75, 120 }, // U+1EA1
    { 20, 25, 301, -2, 25, 125, 195 }, // U+1EA2
    { 15, 22, 266, 1, 21, 83, 320 }, // U+1EA3
    { 22, 25, 301, -2, 25, 138, 403 }, // U+1EA4
    { 16, 22, 266, 1, 21, 88, 541 }, // U+1EA5
    { 20, 25, 301, -2, 25, 125, 629 }, // U+1EA6
    { 15, 22, 266, 1, 21, 83, 754 }, // U+1EA7
    { 21, 26, 301, -2, 26, 137, 837 }, // U+1EA8
    { 15, 23, 266, 1, 22, 87, 974 }, // U+1EA9
    { 20, 27, 301, -2, 27, 135, 1061 }, // U+1EAA
    { 15, 24, 266, 1, 23, 90, 1196 }, // U+1EAB
    { 20, 30, 301, -2, 24, 150, 1286 }, // U+1EAC
    { 15, 26, 266, 1, 20, 98, 1436 }, // U+1EAD
    { 20, 26, 301, -2, 26, 130, 1534 }, // U+1EAE
    { 15, 23, 266, 1, 22, 87, 1664 }, // U+1EAF
    { 20, 26, 301, -2, 26, 130, 1751 }, // U+1EB0
    { 15, 23, 266, 1, 22, 87, 1881 }, // U+1EB1
    { 20, 27, 301, -2, 27, 135, 1968 }, // U+1EB2
    { 15, 24, 266, 1, 23, 90, 2103 }, // U+1EB3
    { 20, 27, 301, -2, 27, 135, 2193 }, // U+1EB4
    { 15, 24, 266, 1, 23, 90, 2328 }, // U+1EB5
    { 20, 30, 301, -2, 24, 150, 2418 }, // U+1EB6
    { 15, 26, 266, 1, 20, 98, 2568 }, // U+1EB7
    { 18, 24, 253, -1, 18, 108, 2666 }, // U+1EB8
    { 13, 20, 214, 1, 14, 65, 2774 }, // U+1EB9
    { 18, 25, 253, -1, 25, 113, 2839 }, // U+1EBA
    { 13, 22, 214, 1, 21, 72, 2952 }, // U+1EBB
    { 18, 24, 253, -1, 24, 108, 3024 }, // U+1EBC
    { 14, 21, 214, 1, 20, 74, 3132 }, // U+1EBD
    { 20, 25, 253, -1, 25, 125, 3206 }, // U+1EBE
    { 16, 22, 214, 1, 21, 88, 3331 }, // U+1EBF
    { 18, 25, 253, -1, 25, 113, 3419 }, // U+1EC0
    { 13, 22, 214, 1, 21, 72, 3532 }, // U+1EC1
    { 19, 26, 253, -1, 26, 124, 3604 }, // U+1EC2
    { 15, 23, 214, 1, 22, 87, 3728 }, // U+1EC3
    { 18, 27, 253, -1, 27, 122, 3815 }, // U+1EC4
    { 14, 24, 214, 1, 23, 84, 3937 }, // U+1EC5
    { 18, 30, 253, -1, 24, 135, 4021 }, // U+1EC6
    { 13, 26, 214, 1, 20, 85, 4156 }, // U+1EC7
    { 13, 25, 160, -1, 25, 82, 4241 }, // U+1EC8
    { 9, 22, 142, 1, 21, 50, 4323 }, // U+1EC9
    { 13, 24, 160, -1, 18, 78, 4373 }, // U+1ECA
    { 9, 26, 142, 0, 20, 59, 4451 }, // U+1ECB
    { 19, 25, 317, 1, 19, 119, 4510 }, // U+1ECC
    { 14, 20, 247, 1, 14, 70, 4629 }, // U+1ECD
    { 19, 26, 317, 1, 25, 124, 4699 }, // U+1ECE
    { 14, 22, 247, 1, 21, 77, 4823 }, // U+1ECF
    { 20, 26, 317, 1, 25, 130, 4900 }, // U+1ED0
    { 17, 22, 247, 1, 21, 94, 5030 }, // U+1ED1
    { 19, 26, 317, 1, 25, 124, 5124 }, // U+1ED2
    { 14, 22, 247, 1, 21, 77, 5248 }, // U+1ED3
    { 19, 27, 317, 1, 26, 129, 5325 }, // U+1ED4
    { 16, 23, 247, 1, 22, 92, 5454 }, // U+1ED5
    { 19, 28, 317, 1, 27, 133, 5546 }, // U+1ED6
    { 14, 24, 247, 1, 23, 84, 5679 }, // U+1ED7
    { 19, 30, 317, 1, 24, 143, 5763 }, // U+1ED8
    { 14, 26, 247, 1, 20, 91, 5906 }, // U+1ED9
    { 23, 25, 337, 1, 24, 144, 5997 }, // U+1EDA
    { 18, 21, 268, 1, 20, 95, 6141 }, // U+1EDB
    { 23, 25, 337, 1, 24, 144, 6236 }, // U+1EDC
    { 18, 21, 268, 1, 20, 95, 6380 }, // U+1EDD
    { 23, 26, 337, 1, 25, 150, 6475 }, // U+1EDE
    { 18, 22, 268, 1, 21, 99, 6625 }, // U+1EDF
    { 23, 25, 337, 1, 24, 144, 6724 }, // U+1EE0
    { 18, 21, 268, 1, 20, 95, 6868 }, // U+1EE1
    { 23, 26, 337, 1, 20, 150, 6963 }, // U+1EE2
    { 18, 22, 268, 1, 16, 99, 7113 }, // U+1EE3
    { 19, 24, 299, 2, 18, 114, 7212 }, // U+1EE4
    { 16, 20, 269, 1, 14, 80, 7326 }, // U+1EE5
    { 19, 26, 299, 2, 25, 124, 7406 }, // U+1EE6
    { 16, 22, 269, 1, 21, 88, 7530 }, // U+1EE7
    { 22, 25, 341, 2, 24, 138, 7618 }, // U+1EE8
    { 20, 21, 311, 1, 20, 105, 7756 }, // U+1EE9
    { 22, 25, 341, 2, 24, 138, 7861 }, // U+1EEA
    { 20, 21, 311, 1, 20, 105, 7999 }, // U+1EEB
    { 22, 26, 341, 2, 25, 143, 8104 }, // U+1EEC
    { 20, 22, 311, 1, 21, 110, 8247 }, // U+1EED
    { 22, 25, 341, 2, 24, 138, 8357 }, // U+1EEE
    { 20, 21, 311, 1, 20, 105, 8495 }, // U+1EEF
    { 22, 26, 341, 2, 20, 143, 8600 }, // U+1EF0
    { 20, 22, 311, 1, 16, 110, 8743 }, // U+1EF1
    { 18, 24, 277, 2, 24, 108, 8853 }, // U+1EF2
    { 19, 26, 234, -5, 20, 124, 8961 }, // U+1EF3
    { 18, 24, 277, 2, 18, 108, 9085 }, // U+1EF4
    { 19, 20, 234, -5, 14, 95, 9193 }, // U+1EF5
    { 18, 25, 277, 2, 25, 113, 9288 }, // U+1EF6
    { 19, 27, 234, -5, 21, 129, 9401 }, // U+1EF7
    { 18, 24, 277, 2, 24, 108, 9530 }, // U+1EF8
    { 19, 26, 234, -5, 20, 124, 9638 }, // U+1EF9
    { 0, 0, 200, 0, 0, 0, 0 }, // U+2000
    { 0, 0, 400, 0, 0, 0, 0 }, // U+2001
    { 0, 0, 200, 0, 0, 0, 0 }, // U+2002
    { 0, 0, 400, 0, 0, 0, 0 }, // U+2003
    { 0, 0, 133, 0, 0, 0, 0 }, // U+2004
    { 0, 0, 100, 0, 0, 0, 0 }, // U+2005
    { 0, 0, 67, 0, 0, 0, 0 }, // U+2006
    { 0, 0, 224, 0, 0, 0, 0 }, // U+2007
    { 0, 0, 122, 0, 0, 0, 0 }, // U+2008
    { 0, 0, 66, 0, 0, 0, 0 }, // U+2009
    { 0, 0, 40, 0, 0, 0, 0 }, // U+200A
    { 0, 0, 0, 0, 0, 0, 0 }, // U+200B
    { 2, 20, 0, -1, 16, 10, 0 }, // U+200C
    { 6, 22, 0, -3, 18, 33, 10 }, // U+200D
    { 7, 22, 0, -1, 18, 39, 43 }, // U+200E
    { 7, 22, 0, -6, 18, 39, 82 }, // U+200F
    { 8, 4, 124, 0, 9, 8, 121 }, // U+2010
    { 8, 4, 124, 0, 9, 8, 129 }, // U+2011
    { 14, 2, 224, 0, 10, 7, 137 }, // U+2012
    { 14, 3, 200, -1, 8, 11, 144 }, // U+2013
    { 27, 3, 400, -1, 8, 21, 155 }, // U+2014
    { 27, 3, 400, -1, 8, 21, 176 }, // U+2015
    { 9, 25, 224, 3, 19, 57, 197 }, // U+2016
    { 14, 6, 164, -3, 0, 21, 254 }, // U+2017
    { 7, 8, 112, 2, 18, 14, 275 }, // U+2018
    { 6, 8, 112, 2, 18, 12, 289 }, // U+2019
    { 7, 8, 112, -1, 4, 14, 301 }, // U+201A
    { 5, 8, 112, 3, 18, 10, 315 }, // U+201B
    { 12, 8, 196, 2, 18, 24, 325 }, // U+201C
    { 11, 8, 196, 2, 18, 22, 349 }, // U+201D
    { 12, 8, 196, -1, 4, 24, 371 }, // U+201E
    { 12, 8, 196, 2, 18, 24, 395 }, // U+201F
    { 12, 22, 191, 1, 19, 66, 419 }, // U+2020
    { 15, 22, 191, -1, 19, 83, 485 }, // U+2021
    { 9, 9, 160, 1, 13, 21, 568 }, // U+2022
    { 9, 9, 200, 3, 13, 21, 589 }, // U+2023
    { 5, 5, 122, 2, 11, 7, 610 }, // U+2024
    { 12, 5, 236, 2, 11, 15, 617 }, // U+2025
    { 20, 5, 366, 1, 4, 25, 632 }, // U+2026
    { 6, 5, 122, 1, 9, 8, 657 }, // U+2027
    { 0, 0, 240, 0, 0, 0, 665 }, // U+2028
    { 0, 0, 240, 0, 0, 0, 665 }, // U+2029
    { 7, 20, 0, -1, 16, 35, 665 }, // U+202A
    { 7, 20, 0, -6, 16, 35, 700 }, // U+202B
    { 6, 22, 0, -3, 18, 33, 735 }, // U+202C
    { 6, 22, 0, -3, 18, 33, 768 }, // U+202D
    { 6, 22, 0, -3, 18, 33, 801 }, // U+202E
    { 0, 0, 66, 0, 0, 0, 834 }, // U+202F
    { 31, 20, 521, 1, 19, 155, 834 }, // U+2030
    { 41, 20, 682, 1, 19, 205, 989 }, // U+2031
    { 6, 8, 116, 3, 18, 12, 1194 }, // U+2032
    { 12, 8, 207, 3, 18, 24, 1206 }, // U+2033
    { 18, 8, 298, 3, 18, 36, 1230 }, // U+2034
    { 6, 8, 116, 3, 18, 12, 1266 }, // U+2035
    { 11, 8, 207, 3, 18, 22, 1278 }, // U+2036
    { 17, 8, 298, 3, 18, 34, 1300 }, // U+2037
    { 11, 8, 176, -1, 2, 22, 1334 }, // U+2038
    { 8, 11, 141, 1, 12, 22, 1356 }, // U+2039
    { 8, 11, 141, 0, 12, 22, 1378 }, // U+203A
    { 18, 18, 328, 1, 18, 81, 1400 }, // U+203B
    { 15, 19, 252, 1, 18, 72, 1481 }, // U+203C
    { 13, 20, 232, 2, 19, 65, 1553 }, // U+203D
    { 13, 2, 184, 2, 21, 7, 1618 }, // U+203E
    { 20, 6, 0, -18, 0, 30, 1625 }, // U+203F
    { 21, 6, 0, -16, 22, 32, 1655 }, // U+2040
    { 12, 18, 180, -1, 18, 54, 1687 }, // U+2041
    { 24, 21, 400, 0, 20, 126, 1741 }, // U+2042
    { 9, 5, 145, 0, 11, 12, 1867 }, // U+2043
    { 16, 18, 25, -7, 18, 72, 1879 }, // U+2044
    { 13, 23, 166, 0, 19, 75, 1951 }, // U+2045
    { 13, 23, 166, -2, 19, 75, 2026 }, // U+2046
    { 25, 20, 426, 2, 19, 125, 2101 }, // U+2047
    { 19, 20, 338, 2, 19, 95, 2226 }, // U+2048
    { 21, 20, 336, 1, 19, 105, 2321 }, // U+2049
    { 13, 20, 244, 1, 15, 65, 2426 }, // U+204A
    { 15, 22, 251, 2, 19, 83, 2491 }, // U+204B
    { 14, 10, 247, 1, 14, 35, 2574 }, // U+204C
    { 14, 10, 247, 1, 14, 35, 2609 }, // U+204D
    { 12, 12, 201, 1, 15, 36, 2644 }, // U+204E
    { 7, 19, 143, 1, 14, 34, 2680 }, // U+204F
    { 18, 20, 308, 1, 19, 90, 2714 }, // U+2050
    { 15, 23, 201, -1, 20, 87, 2804 }, // U+2051
    { 10, 19, 176, 1, 18, 48, 2891 }, // U+2052
    { 12, 6, 224, 1, 12, 18, 2939 }, // U+2053
    { 20, 6, 0, -7, 0, 30, 2957 }, // U+2054
    { 12, 12, 216, 1, 15, 36, 2987 }, // U+2055
    { 13, 15, 252, 1, 14, 49, 3023 }, // U+2056
    { 23, 8, 389, 3, 18, 46, 3072 }, // U+2057
    { 17, 15, 306, 1, 14, 64, 3118 }, // U+2058
    { 17, 15, 306, 1, 14, 64, 3182 }, // U+2059
    { 5, 20, 122, 1, 19, 25, 3246 }, // U+205A
    { 17, 20, 306, 1, 19, 85, 3271 }, // U+205B
    { 14, 14, 279, 2, 14, 49, 3356 }, // U+205C
    { 5, 20, 122, 2, 19, 25, 3405 }, // U+205D
    { 5, 20, 122, 1, 19, 25, 3430 }, // U+205E
    { 0, 0, 89, 0, 0, 0, 3455 }, // U+205F
    { 0, 0, 240, 0, 0, 0, 3455 }, // U+2060
    { 0, 0, 240, 0, 0, 0, 3455 }, // U+2061
    { 0, 0, 240, 0, 0, 0, 3455 }, // U+2062
    { 0, 0, 240, 0, 0, 0, 3455 }, // U+2063
    { 0, 0, 240, 0, 0, 0, 3455 }, // U+2064
    { 0, 0, 240, 0, 0, 0, 3455 }, // U+2066
    { 0, 0, 240, 0, 0, 0, 3455 }, // U+2067
    { 0, 0, 240, 0, 0, 0, 3455 }, // U+2068
    { 0, 0, 240, 0, 0, 0, 3455 }, // U+2069
    { 6, 22, 0, -3, 18, 33, 3455 }, // U+206A
    { 6, 22, 0, -3, 18, 33, 3488 }, // U+206B
    { 6, 22, 0, -3, 18, 33, 3521 }, // U+206C
    { 6, 22, 0, -3, 18, 33, 3554 }, // U+206D
    { 6, 22, 0, -3, 18, 33, 3587 }, // U+206E
    { 6, 22, 0, -3, 18, 33, 3620 }, // U+206F
    { 10, 12, 160, 2, 21, 30, 0 }, // U+2070
    { 5, 12, 92, 2, 19, 15, 30 }, // U+2071
    { 10, 12, 160, 1, 21, 30, 45 }, // U+2074
    { 9, 12, 160, 2, 21, 27, 75 }, // U+2075
    { 10, 12, 160, 2, 21, 30, 102 }, // U+2076
    { 9, 12, 160, 3, 21, 27, 132 }, // U+2077
    { 10, 12, 160, 1, 21, 30, 159 }, // U+2078
    { 10, 12, 160, 2, 21, 30, 189 }, // U+2079
    { 9, 9, 160, 2, 19, 21, 219 }, // U+207A
    { 9, 3, 160, 2, 16, 7, 240 }, // U+207B
    { 9, 7, 160, 2, 18, 16, 247 }, // U+207C
    { 9, 16, 100, 2, 23, 36, 263 }, // U+207D
    { 8, 16, 100, -1, 23, 32, 299 }, // U+207E
    { 11, 9, 175, 1, 16, 25, 331 }, // U+207F
    { 9, 12, 160, 0, 9, 27, 356 }, // U+2080
    { 9, 12, 160, -1, 9, 27, 383 }, // U+2081
    { 10, 12, 160, -1, 9, 30, 410 }, // U+2082
    { 10, 12, 160, -1, 9, 30, 440 }, // U+2083
    { 10, 12, 160, -1, 9, 30, 470 }, // U+2084
    { 10, 12, 160, -1, 9, 30, 500 }, // U+2085
    { 10, 12, 160, 0, 9, 30, 530 }, // U+2086
    { 10, 12, 160, 0, 9, 30, 560 }, // U+2087
    { 10, 12, 160, -1, 9, 30, 590 }, // U+2088
    { 9, 12, 160, 0, 9, 27, 620 }, // U+2089
    { 9, 9, 160, 0, 7, 21, 647 }, // U+208A
    { 9, 3, 160, 0, 4, 7, 668 }, // U+208B
    { 9, 7, 160, 0, 6, 16, 675 }, // U+208C
    { 9, 16, 100, 0, 11, 36, 691 }, // U+208D
    { 8, 16, 100, -3, 11, 32, 727 }, // U+208E
    { 10, 9, 173, -1, 6, 23, 759 }, // U+2090
    { 9, 9, 139, -1, 6, 21, 782 }, // U+2091
    { 10, 9, 161, -1, 6, 23, 803 }, // U+2092
    { 11, 9, 157, -2, 6, 25, 826 }, // U+2093
    { 9, 9, 146, -1, 6, 21, 851 }, // U+2094
    { 11, 12, 170, -1, 9, 33, 872 }, // U+2095
    { 11, 12, 155, -1, 9, 33, 905 }, // U+2096
    { 6, 12, 92, -1, 9, 18, 938 }, // U+2097
    { 16, 9, 252, -1, 6, 36, 956 }, // U+2098
    { 11, 9, 175, -1, 6, 25, 992 }, // U+2099
    { 11, 12, 162, -2, 6, 33, 1017 }, // U+209A
    { 9, 9, 134, -2, 6, 21, 1050 }, // U+209B
    { 7, 11, 108, -1, 8, 20, 1071 }, // U+209C
    { 18, 19, 308, 1, 19, 86, 0 }, // U+20A0
    { 16, 21, 267, 1, 19, 84, 86 }, // U+20A1
    { 17, 20, 267, 1, 19, 85, 170 }, // U+20A2
    { 17, 18, 224, -1, 18, 77, 255 }, // U+20A3
    { 16, 20, 224, -1, 19, 80, 332 }, // U+20A4
    { 24, 21, 388, 0, 17, 126, 412 }, // U+20A5
    { 23, 18, 315, -1, 18, 104, 538 }, // U+20A6
    { 24, 19, 368, -1, 18, 114, 642 }, // U+20A7
    { 30, 19, 464, -1, 18, 143, 756 }, // U+20A8
    { 29, 18, 427, 1, 18, 131, 899 }, // U+20A9
    { 19, 15, 357, 2, 15, 72, 1030 }, // U+20AA
    { 18, 23, 266, 0, 19, 104, 1102 }, // U+20AB
    { 16, 20, 224, 0, 19, 80, 1206 }, // U+20AC
    { 22, 18, 296, -1, 18, 99, 1286 }, // U+20AD
    { 18, 18, 261, 1, 18, 81, 1385 }, // U+20AE
    { 28, 26, 443, -1, 21, 182, 1466 }, // U+20AF
    { 15, 25, 254, -1, 19, 94, 1648 }, // U+20B0
    { 20, 18, 271, -1, 18, 90, 1742 }, // U+20B1
    { 19, 22, 318, 1, 20, 105, 1832 }, // U+20B2
    { 21, 18, 301, -2, 18, 95, 1937 }, // U+20B3
    { 18, 20, 246, -1, 19, 90, 2032 }, // U+20B4
    { 17, 22, 267, 1, 20, 94, 2122 }, // U+20B5
    { 17, 19, 239, 0, 18, 81, 2216 }, // U+20B6
    { 15, 22, 224, 0, 19, 83, 2297 }, // U+20B7
    { 15, 18, 224, 1, 18, 68, 2380 }, // U+20B8
    { 15, 18, 224, 1, 18, 68, 2448 }, // U+20B9
    { 15, 18, 224, -1, 18, 68, 2516 }, // U+20BA
    { 15, 20, 261, 2, 19, 75, 2584 }, // U+20BB
    { 18, 17, 314, 0, 17, 77, 2659 }, // U+20BC
    { 18, 18, 236, -1, 18, 81, 2736 }, // U+20BD
    { 16, 20, 224, 0, 20, 80, 2817 }, // U+20BE
    { 17, 23, 224, -2, 20, 98, 2897 }, // U+20BF
    { 8, 4, 124, 0, 9, 8, 0 }, // U+2212
    { 27, 26, 292, -4, 20, 176, 0 }, // U+FB00
    { 21, 26, 274, -4, 20, 137, 176 }, // U+FB01
    { 22, 26, 284, -4, 20, 143, 313 }, // U+FB02
    { 29, 26, 405, -4, 20, 189, 456 }, // U+FB03
    { 30, 26, 414, -4, 20, 195, 645 }, // U+FB04
    { 24, 26, 302, -4, 20, 156, 840 }, // U+FB05
    { 24, 21, 372, 0, 20, 126, 996 }, // U+FB06
    { 23, 23, 400, 1, 19, 133, 0 }, // U+FFFD
};

static const EpdUnicodeInterval notoserif_12_bolditalicIntervals[] = {
    { 0x0, 0x0, 0x0 },
    { 0xD, 0xD, 0x1 },
    { 0x20, 0x7E, 0x2 },
    { 0xA0, 0x17F, 0x61 },
    { 0x1A0, 0x1A1, 0x141 },
    { 0x1AF, 0x1B0, 0x143 },
    { 0x1C4, 0x21F, 0x145 },
    { 0x300, 0x36F, 0x1A1 },
    { 0x400, 0x4FF, 0x211 },
    { 0x1EA0, 0x1EF9, 0x311 },
    { 0x2000, 0x2064, 0x36B },
    { 0x2066, 0x2071, 0x3D0 },
    { 0x2074, 0x208E, 0x3DC },
    { 0x2090, 0x209C, 0x3F7 },
    { 0x20A0, 0x20BF, 0x404 },
    { 0x2212, 0x2212, 0x424 },
    { 0xFB00, 0xFB06, 0x425 },
    { 0xFFFD, 0xFFFD, 0x42C },
};

static const EpdFontGroup notoserif_12_bolditalicGroups[] = {
    { 0, 3553, 6881, 97, 0 },
    { 3553, 2933, 7948, 96, 97 },
    { 6486, 3728, 13178, 128, 193 },
    { 10214, 3717, 11269, 96, 321 },
    { 13931, 1159, 1726, 112, 417 },
    { 15090, 10186, 26085, 256, 529 },
    { 25276, 2046, 10437, 90, 785 },
    { 27322, 2023, 4161, 111, 875 },
    { 29345, 880, 1316, 42, 986 },
    { 30225, 1966, 3210, 32, 1028 },
    { 32191, 10, 8, 1, 1060 },
    { 32201, 489, 1192, 7, 1061 },
    { 32690, 100, 138, 1, 1068 },
};

static const EpdKernClassEntry notoserif_12_bolditalicKernLeftClasses[] = {
    { 0x0022, 1 }, // "
    { 0x0026, 2 }, // &
    { 0x0027, 1 }, // '
    { 0x0028, 3 }, // (
    { 0x002A, 4 }, // *
    { 0x002C, 5 }, // ,
    { 0x002D, 6 }, // -
    { 0x002E, 5 }, // .
    { 0x0041, 7 }, // A
    { 0x0042, 8 }, // B
    { 0x0043, 9 }, // C
    { 0x0044, 10 }, // D
    { 0x0045, 11 }, // E
    { 0x0046, 12 }, // F
    { 0x0047, 13 }, // G
    { 0x004A, 14 }, // J
    { 0x004B, 15 }, // K
    { 0x004C, 16 }, // L
    { 0x004E, 17 }, // N
    { 0x004F, 10 }, // O
    { 0x0050, 18 }, // P
    { 0x0051, 10 }, // Q
    { 0x0052, 19 }, // R
    { 0x0053, 20 }, // S
    { 0x0054, 21 }, // T
    { 0x0055, 22 }, // U
    { 0x0056, 23 }, // V
    { 0x0057, 24 }, // W
    { 0x0058, 25 }, // X
    { 0x0059, 26 }, // Y
    { 0x005B, 3 }, // [
    { 0x005F, 27 }, // _
    { 0x0061, 28 }, // a
    { 0x0062, 29 }, // b
    { 0x0063, 30 }, // c
    { 0x0065, 30 }, // e
    { 0x0066, 31 }, // f
    { 0x0068, 28 }, // h
    { 0x006B, 32 }, // k
    { 0x006D, 28 }, // m
    { 0x006E, 28 }, // n
    { 0x006F, 29 }, // o
    { 0x0070, 29 }, // p
    { 0x0071, 33 }, // q
    { 0x0072, 34 }, // r
    { 0x0073, 35 }, // s
    { 0x0076, 36 }, // v
    { 0x0077, 37 }, // w
    { 0x0079, 38 }, // y
    { 0x007A, 39 }, // z
    { 0x007B, 3 }, // {
    { 0x00A1, 40 }, // U+00A1
    { 0x00AB, 41 }, // U+00AB
    { 0x00BF, 42 }, // U+00BF
    { 0x00C0, 43 }, // U+00C0
    { 0x00C1, 43 }, // U+00C1
    { 0x00C2, 43 }, // U+00C2
    { 0x00C3, 43 }, // U+00C3
    { 0x00C4, 43 }, // U+00C4
    { 0x00C5, 43 }, // U+00C5
    { 0x00C6, 11 }, // U+00C6
    { 0x00C7, 9 }, // U+00C7
    { 0x00C8, 11 }, // U+00C8
    { 0x00C9, 11 }, // U+00C9
    { 0x00CA, 11 }, // U+00CA
    { 0x00CB, 11 }, // U+00CB
    { 0x00D0, 10 }, // U+00D0
    { 0x00D1, 17 }, // U+00D1
    { 0x00D2, 10 }, // U+00D2
    { 0x00D3, 10 }, // U+00D3
    { 0x00D4, 10 }, // U+00D4
    { 0x00D5, 10 }, // U+00D5
    { 0x00D6, 10 }, // U+00D6
    { 0x00D8, 10 }, // U+00D8
    { 0x00D9, 22 }, // U+00D9
    { 0x00DA, 22 }, // U+00DA
    { 0x00DB, 22 }, // U+00DB
    { 0x00DC, 22 }, // U+00DC
    { 0x00DD, 26 }, // U+00DD
    { 0x00DE, 10 }, // U+00DE
    { 0x00DF, 35 }, // U+00DF
    { 0x00E0, 28 }, // U+00E0
    { 0x00E1, 28 }, // U+00E1
    { 0x00E2, 28 }, // U+00E2
    { 0x00E3, 28 }, // U+00E3
    { 0x00E4, 28 }, // U+00E4
    { 0x00E5, 28 }, // U+00E5
    { 0x00E6, 30 }, // U+00E6
    { 0x00E7, 30 }, // U+00E7
    { 0x00E8, 30 }, // U+00E8
    { 0x00E9, 30 }, // U+00E9
    { 0x00EA, 30 }, // U+00EA
    { 0x00EB, 30 }, // U+00EB
    { 0x00F0, 29 }, // U+00F0
    { 0x00F1, 28 }, // U+00F1
    { 0x00F2, 29 }, // U+00F2
    { 0x00F3, 29 }, // U+00F3
    { 0x00F4, 29 }, // U+00F4
    { 0x00F5, 29 }, // U+00F5
    { 0x00F6, 29 }, // U+00F6
    { 0x00F8, 29 }, // U+00F8
    { 0x00F9, 28 }, // U+00F9
    { 0x00FA, 28 }, // U+00FA
    { 0x00FB, 28 }, // U+00FB
    { 0x00FC, 28 }, // U+00FC
    { 0x00FD, 38 }, // U+00FD
    { 0x00FE, 29 }, // U+00FE
    { 0x00FF, 38 }, // U+00FF
    { 0x0100, 7 }, // U+0100
    { 0x0101, 28 }, // U+0101
    { 0x0102, 43 }, // U+0102
    { 0x0103, 28 }, // U+0103
    { 0x0104, 43 }, // U+0104
    { 0x0105, 28 }, // U+0105
    { 0x0106, 9 }, // U+0106
    { 0x0107, 30 }, // U+0107
    { 0x0108, 9 }, // U+0108
    { 0x0109, 30 }, // U+0109
    { 0x010A, 9 }, // U+010A
    { 0x010B, 30 }, // U+010B
    { 0x010C, 9 }, // U+010C
    { 0x010D, 30 }, // U+010D
    { 0x010E, 10 }, // U+010E
    { 0x010F, 44 }, // U+010F
    { 0x0110, 10 }, // U+0110
    { 0x0112, 11 }, // U+0112
    { 0x0113, 30 }, // U+0113
    { 0x0114, 11 }, // U+0114
    { 0x0115, 30 }, // U+0115
    { 0x0116, 11 }, // U+0116
    { 0x0117, 30 }, // U+0117
    { 0x0118, 11 }, // U+0118
    { 0x0119, 30 }, // U+0119
    { 0x011A, 11 }, // U+011A
    { 0x011B, 30 }, // U+011B
    { 0x011C, 13 }, // U+011C
    { 0x011E, 13 }, // U+011E
    { 0x0120, 13 }, // U+0120
    { 0x0122, 13 }, // U+0122
    { 0x0125, 28 }, // U+0125
    { 0x0127, 28 }, // U+0127
    { 0x0132, 14 }, // U+0132
    { 0x0134, 14 }, // U+0134
    { 0x0136, 15 }, // U+0136
    { 0x0137, 32 }, // U+0137
    { 0x0138, 32 }, // U+0138
    { 0x0139, 16 }, // U+0139
    { 0x013B, 16 }, // U+013B
    { 0x013D, 45 }, // U+013D
    { 0x013E, 44 }, // U+013E
    { 0x0141, 16 }, // U+0141
    { 0x0143, 17 }, // U+0143
    { 0x0144, 28 }, // U+0144
    { 0x0145, 17 }, // U+0145
    { 0x0146, 28 }, // U+0146
    { 0x0147, 17 }, // U+0147
    { 0x0148, 28 }, // U+0148
    { 0x0149, 28 }, // U+0149
    { 0x014A, 14 }, // U+014A
    { 0x014B, 28 }, // U+014B
    { 0x014C, 10 }, // U+014C
    { 0x014D, 29 }, // U+014D
    { 0x014E, 10 }, // U+014E
    { 0x014F, 29 }, // U+014F
    { 0x0150, 10 }, // U+0150
    { 0x0151, 29 }, // U+0151
    { 0x0152, 11 }, // U+0152
    { 0x0153, 30 }, // U+0153
    { 0x0154, 19 }, // U+0154
    { 0x0155, 34 }, // U+0155
    { 0x0156, 19 }, // U+0156
    { 0x0157, 34 }, // U+0157
    { 0x0158, 19 }, // U+0158
    { 0x0159, 34 }, // U+0159
    { 0x015A, 20 }, // U+015A
    { 0x015B, 35 }, // U+015B
    { 0x015C, 20 }, // U+015C
    { 0x015D, 35 }, // U+015D
    { 0x015E, 20 }, // U+015E
    { 0x015F, 35 }, // U+015F
    { 0x0160, 20 }, // U+0160
    { 0x0161, 35 }, // U+0161
    { 0x0162, 21 }, // U+0162
    { 0x0164, 21 }, // U+0164
    { 0x0166, 21 }, // U+0166
    { 0x0168, 22 }, // U+0168
    { 0x0169, 28 }, // U+0169
    { 0x016A, 22 }, // U+016A
    { 0x016B, 28 }, // U+016B
    { 0x016C, 22 }, // U+016C
    { 0x016D, 28 }, // U+016D
    { 0x016E, 22 }, // U+016E
    { 0x016F, 28 }, // U+016F
    { 0x0170, 22 }, // U+0170
    { 0x0171, 28 }, // U+0171
    { 0x0172, 22 }, // U+0172
    { 0x0173, 28 }, // U+0173
    { 0x0174, 24 }, // U+0174
    { 0x0175, 37 }, // U+0175
    { 0x0176, 26 }, // U+0176
    { 0x0177, 38 }, // U+0177
    { 0x0178, 26 }, // U+0178
    { 0x017A, 39 }, // U+017A
    { 0x017C, 39 }, // U+017C
    { 0x017E, 39 }, // U+017E
    { 0x01A0, 46 }, // U+01A0
    { 0x01A1, 47 }, // U+01A1
    { 0x01AF, 48 }, // U+01AF
    { 0x01B0, 49 }, // U+01B0
    { 0x01FA, 7 }, // U+01FA
    { 0x01FB, 28 }, // U+01FB
    { 0x01FC, 11 }, // U+01FC
    { 0x01FD, 30 }, // U+01FD
    { 0x01FE, 10 }, // U+01FE
    { 0x01FF, 29 }, // U+01FF
    { 0x0218, 20 }, // U+0218
    { 0x0219, 35 }, // U+0219
    { 0x021A, 21 }, // U+021A
    { 0x0400, 50 }, // U+0400
    { 0x0401, 50 }, // U+0401
    { 0x0402, 51 }, // U+0402
    { 0x0403, 52 }, // U+0403
    { 0x0404, 53 }, // U+0404
    { 0x0405, 54 }, // U+0405
    { 0x0406, 55 }, // U+0406
    { 0x0407, 55 }, // U+0407
    { 0x0408, 56 }, // U+0408
    { 0x0409, 57 }, // U+0409
    { 0x040A, 57 }, // U+040A
    { 0x040B, 58 }, // U+040B
    { 0x040C, 59 }, // U+040C
    { 0x040D, 55 }, // U+040D
    { 0x040E, 60 }, // U+040E
    { 0x040F, 55 }, // U+040F
    { 0x0410, 61 }, // U+0410
    { 0x0411, 62 }, // U+0411
    { 0x0412, 63 }, // U+0412
    { 0x0413, 52 }, // U+0413
    { 0x0414, 64 }, // U+0414
    { 0x0415, 50 }, // U+0415
    { 0x0416, 59 }, // U+0416
    { 0x0417, 63 }, // U+0417
    { 0x0418, 55 }, // U+0418
    { 0x0419, 55 }, // U+0419
    { 0x041A, 59 }, // U+041A
    { 0x041B, 55 }, // U+041B
    { 0x041C, 55 }, // U+041C
    { 0x041D, 55 }, // U+041D
    { 0x041E, 65 }, // U+041E
    { 0x041F, 55 }, // U+041F
    { 0x0420, 66 }, // U+0420
    { 0x0421, 53 }, // U+0421
    { 0x0422, 52 }, // U+0422
    { 0x0423, 60 }, // U+0423
    { 0x0424, 67 }, // U+0424
    { 0x0425, 68 }, // U+0425
    { 0x0426, 64 }, // U+0426
    { 0x0427, 55 }, // U+0427
    { 0x0428, 55 }, // U+0428
    { 0x0429, 64 }, // U+0429
    { 0x042A, 57 }, // U+042A
    { 0x042B, 55 }, // U+042B
    { 0x042C, 57 }, // U+042C
    { 0x042D, 65 }, // U+042D
    { 0x042E, 65 }, // U+042E
    { 0x042F, 55 }, // U+042F
    { 0x0430, 69 }, // U+0430
    { 0x0431, 70 }, // U+0431
    { 0x0432, 71 }, // U+0432
    { 0x0433, 72 }, // U+0433
    { 0x0434, 73 }, // U+0434
    { 0x0435, 74 }, // U+0435
    { 0x0436, 75 }, // U+0436
    { 0x0437, 71 }, // U+0437
    { 0x0438, 69 }, // U+0438
    { 0x0439, 69 }, // U+0439
    { 0x043A, 76 }, // U+043A
    { 0x043B, 69 }, // U+043B
    { 0x043C, 69 }, // U+043C
    { 0x043D, 69 }, // U+043D
    { 0x043E, 77 }, // U+043E
    { 0x043F, 78 }, // U+043F
    { 0x0440, 77 }, // U+0440
    { 0x0441, 79 }, // U+0441
    { 0x0442, 78 }, // U+0442
    { 0x0443, 80 }, // U+0443
    { 0x0444, 77 }, // U+0444
    { 0x0445, 76 }, // U+0445
    { 0x0446, 81 }, // U+0446
    { 0x0447, 69 }, // U+0447
    { 0x0448, 69 }, // U+0448
    { 0x0449, 81 }, // U+0449
    { 0x044A, 82 }, // U+044A
    { 0x044B, 69 }, // U+044B
    { 0x044C, 82 }, // U+044C
    { 0x044D, 77 }, // U+044D
    { 0x044E, 77 }, // U+044E
    { 0x044F, 69 }, // U+044F
    { 0x0450, 74 }, // U+0450
    { 0x0451, 74 }, // U+0451
    { 0x0452, 83 }, // U+0452
    { 0x0453, 72 }, // U+0453
    { 0x0454, 79 }, // U+0454
    { 0x0455, 84 }, // U+0455
    { 0x0456, 69 }, // U+0456
    { 0x0457, 85 }, // U+0457
    { 0x0458, 86 }, // U+0458
    { 0x0459, 82 }, // U+0459
    { 0x045A, 82 }, // U+045A
    { 0x045B, 78 }, // U+045B
    { 0x045C, 76 }, // U+045C
    { 0x045D, 69 }, // U+045D
    { 0x045E, 80 }, // U+045E
    { 0x045F, 69 }, // U+045F
    { 0x0460, 65 }, // U+0460
    { 0x0461, 87 }, // U+0461
    { 0x0462, 57 }, // U+0462
    { 0x0464, 53 }, // U+0464
    { 0x0465, 72 }, // U+0465
    { 0x0466, 61 }, // U+0466
    { 0x0468, 61 }, // U+0468
    { 0x046A, 88 }, // U+046A
    { 0x046C, 88 }, // U+046C
    { 0x046E, 63 }, // U+046E
    { 0x046F, 72 }, // U+046F
    { 0x0470, 89 }, // U+0470
    { 0x0471, 90 }, // U+0471
    { 0x0472, 65 }, // U+0472
    { 0x0473, 71 }, // U+0473
    { 0x0474, 60 }, // U+0474
    { 0x0475, 90 }, // U+0475
    { 0x0476, 60 }, // U+0476
    { 0x0477, 90 }, // U+0477
    { 0x0478, 91 }, // U+0478
    { 0x0479, 80 }, // U+0479
    { 0x047A, 65 }, // U+047A
    { 0x047B, 71 }, // U+047B
    { 0x047C, 65 }, // U+047C
    { 0x047D, 71 }, // U+047D
    { 0x047E, 65 }, // U+047E
    { 0x047F, 87 }, // U+047F
    { 0x0480, 53 }, // U+0480
    { 0x0481, 72 }, // U+0481
    { 0x048A, 64 }, // U+048A
    { 0x048B, 81 }, // U+048B
    { 0x048C, 57 }, // U+048C
    { 0x048E, 66 }, // U+048E
    { 0x048F, 71 }, // U+048F
    { 0x0490, 92 }, // U+0490
    { 0x0491, 93 }, // U+0491
    { 0x0492, 92 }, // U+0492
    { 0x0493, 93 }, // U+0493
    { 0x0494, 58 }, // U+0494
    { 0x0496, 59 }, // U+0496
    { 0x0497, 79 }, // U+0497
    { 0x0498, 63 }, // U+0498
    { 0x0499, 72 }, // U+0499
    { 0x049A, 59 }, // U+049A
    { 0x049B, 79 }, // U+049B
    { 0x049C, 59 }, // U+049C
    { 0x049D, 79 }, // U+049D
    { 0x049E, 59 }, // U+049E
    { 0x049F, 79 }, // U+049F
    { 0x04A0, 59 }, // U+04A0
    { 0x04A1, 79 }, // U+04A1
    { 0x04A2, 64 }, // U+04A2
    { 0x04A3, 81 }, // U+04A3
    { 0x04A4, 92 }, // U+04A4
    { 0x04A6, 58 }, // U+04A6
    { 0x04AA, 53 }, // U+04AA
    { 0x04AB, 72 }, // U+04AB
    { 0x04AC, 92 }, // U+04AC
    { 0x04AD, 81 }, // U+04AD
    { 0x04AE, 89 }, // U+04AE
    { 0x04AF, 90 }, // U+04AF
    { 0x04B0, 89 }, // U+04B0
    { 0x04B1, 90 }, // U+04B1
    { 0x04B2, 68 }, // U+04B2
    { 0x04B3, 76 }, // U+04B3
    { 0x04B4, 64 }, // U+04B4
    { 0x04B5, 81 }, // U+04B5
    { 0x04B6, 64 }, // U+04B6
    { 0x04B7, 81 }, // U+04B7
    { 0x04B8, 55 }, // U+04B8
    { 0x04B9, 69 }, // U+04B9
    { 0x04BA, 58 }, // U+04BA
    { 0x04BB, 82 }, // U+04BB
    { 0x04BC, 94 }, // U+04BC
    { 0x04BD, 74 }, // U+04BD
    { 0x04BE, 94 }, // U+04BE
    { 0x04BF, 74 }, // U+04BF
    { 0x04C1, 59 }, // U+04C1
    { 0x04C2, 79 }, // U+04C2
    { 0x04C3, 58 }, // U+04C3
    { 0x04C5, 64 }, // U+04C5
    { 0x04C6, 81 }, // U+04C6
    { 0x04C7, 56 }, // U+04C7
    { 0x04C9, 64 }, // U+04C9
    { 0x04CA, 81 }, // U+04CA
    { 0x04CC, 81 }, // U+04CC
    { 0x04CD, 64 }, // U+04CD
    { 0x04CE, 81 }, // U+04CE
    { 0x04D0, 61 }, // U+04D0
    { 0x04D1, 81 }, // U+04D1
    { 0x04D2, 61 }, // U+04D2
    { 0x04D3, 81 }, // U+04D3
    { 0x04D4, 50 }, // U+04D4
    { 0x04D5, 74 }, // U+04D5
    { 0x04D6, 50 }, // U+04D6
    { 0x04D7, 74 }, // U+04D7
    { 0x04D8, 65 }, // U+04D8
    { 0x04D9, 71 }, // U+04D9
    { 0x04DA, 65 }, // U+04DA
    { 0x04DB, 71 }, // U+04DB
    { 0x04DC, 59 }, // U+04DC
    { 0x04DD, 79 }, // U+04DD
    { 0x04DE, 63 }, // U+04DE
    { 0x04DF, 71 }, // U+04DF
    { 0x04E0, 63 }, // U+04E0
    { 0x04E1, 95 }, // U+04E1
    { 0x04E2, 55 }, // U+04E2
    { 0x04E3, 81 }, // U+04E3
    { 0x04E4, 55 }, // U+04E4
    { 0x04E5, 81 }, // U+04E5
    { 0x04E6, 65 }, // U+04E6
    { 0x04E7, 71 }, // U+04E7
    { 0x04E8, 65 }, // U+04E8
    { 0x04E9, 71 }, // U+04E9
    { 0x04EA, 65 }, // U+04EA
    { 0x04EB, 71 }, // U+04EB
    { 0x04EC, 65 }, // U+04EC
    { 0x04ED, 77 }, // U+04ED
    { 0x04EE, 60 }, // U+04EE
    { 0x04EF, 80 }, // U+04EF
    { 0x04F0, 60 }, // U+04F0
    { 0x04F1, 80 }, // U+04F1
    { 0x04F2, 60 }, // U+04F2
    { 0x04F3, 80 }, // U+04F3
    { 0x04F4, 55 }, // U+04F4
    { 0x04F5, 69 }, // U+04F5
    { 0x04F6, 92 }, // U+04F6
    { 0x04F7, 93 }, // U+04F7
    { 0x04F8, 55 }, // U+04F8
    { 0x04F9, 69 }, // U+04F9
    { 0x04FA, 92 }, // U+04FA
    { 0x04FB, 93 }, // U+04FB
    { 0x04FC, 68 }, // U+04FC
    { 0x04FD, 76 }, // U+04FD
    { 0x04FE, 68 }, // U+04FE
    { 0x04FF, 96 }, // U+04FF
    { 0x1EA0, 43 }, // U+1EA0
    { 0x1EA1, 28 }, // U+1EA1
    { 0x1EA2, 43 }, // U+1EA2
    { 0x1EA3, 28 }, // U+1EA3
    { 0x1EA4, 43 }, // U+1EA4
    { 0x1EA5, 28 }, // U+1EA5
    { 0x1EA6, 43 }, // U+1EA6
    { 0x1EA7, 28 }, // U+1EA7
    { 0x1EA8, 43 }, // U+1EA8
    { 0x1EA9, 28 }, // U+1EA9
    { 0x1EAA, 43 }, // U+1EAA
    { 0x1EAB, 28 }, // U+1EAB
    { 0x1EAC, 43 }, // U+1EAC
    { 0x1EAD, 28 }, // U+1EAD
    { 0x1EAE, 43 }, // U+1EAE
    { 0x1EAF, 28 }, // U+1EAF
    { 0x1EB0, 43 }, // U+1EB0
    { 0x1EB1, 28 }, // U+1EB1
    { 0x1EB2, 43 }, // U+1EB2
    { 0x1EB3, 28 }, // U+1EB3
    { 0x1EB4, 43 }, // U+1EB4
    { 0x1EB5, 28 }, // U+1EB5
    { 0x1EB6, 43 }, // U+1EB6
    { 0x1EB7, 28 }, // U+1EB7
    { 0x1EB8, 11 }, // U+1EB8
    { 0x1EB9, 30 }, // U+1EB9
    { 0x1EBA, 11 }, // U+1EBA
    { 0x1EBB, 30 }, // U+1EBB
    { 0x1EBC, 11 }, // U+1EBC
    { 0x1EBD, 30 }, // U+1EBD
    { 0x1EBE, 11 }, // U+1EBE
    { 0x1EBF, 30 }, // U+1EBF
    { 0x1EC0, 11 }, // U+1EC0
    { 0x1EC1, 30 }, // U+1EC1
    { 0x1EC2, 11 }, // U+1EC2
    { 0x1EC3, 30 }, // U+1EC3
    { 0x1EC4, 11 }, // U+1EC4
    { 0x1EC5, 30 }, // U+1EC5
    { 0x1EC6, 11 }, // U+1EC6
    { 0x1EC7, 30 }, // U+1EC7
    { 0x1ECC, 10 }, // U+1ECC
    { 0x1ECD, 29 }, // U+1ECD
    { 0x1ECE, 10 }, // U+1ECE
    { 0x1ECF, 29 }, // U+1ECF
    { 0x1ED0, 10 }, // U+1ED0
    { 0x1ED1, 29 }, // U+1ED1
    { 0x1ED2, 10 }, // U+1ED2
    { 0x1ED3, 29 }, // U+1ED3
    { 0x1ED4, 10 }, // U+1ED4
    { 0x1ED5, 29 }, // U+1ED5
    { 0x1ED6, 10 }, // U+1ED6
    { 0x1ED7, 29 }, // U+1ED7
    { 0x1ED8, 10 }, // U+1ED8
    { 0x1ED9, 97 }, // U+1ED9
    { 0x1EDA, 46 }, // U+1EDA
    { 0x1EDB, 47 }, // U+1EDB
    { 0x1EDC, 46 }, // U+1EDC
    { 0x1EDD, 47 }, // U+1EDD
    { 0x1EDE, 46 }, // U+1EDE
    { 0x1EDF, 47 }, // U+1EDF
    { 0x1EE0, 46 }, // U+1EE0
    { 0x1EE1, 47 }, // U+1EE1
    { 0x1EE2, 46 }, // U+1EE2
    { 0x1EE3, 47 }, // U+1EE3
    { 0x1EE4, 22 }, // U+1EE4
    { 0x1EE5, 28 }, // U+1EE5
    { 0x1EE6, 22 }, // U+1EE6
    { 0x1EE7, 28 }, // U+1EE7
    { 0x1EE8, 48 }, // U+1EE8
    { 0x1EE9, 49 }, // U+1EE9
    { 0x1EEA, 48 }, // U+1EEA
    { 0x1EEB, 49 }, // U+1EEB
    { 0x1EEC, 48 }, // U+1EEC
    { 0x1EED, 49 }, // U+1EED
    { 0x1EEE, 48 }, // U+1EEE
    { 0x1EEF, 49 }, // U+1EEF
    { 0x1EF0, 48 }, // U+1EF0
    { 0x1EF1, 49 }, // U+1EF1
    { 0x1EF2, 26 }, // U+1EF2
    { 0x1EF3, 38 }, // U+1EF3
    { 0x1EF4, 26 }, // U+1EF4
    { 0x1EF5, 38 }, // U+1EF5
    { 0x1EF6, 26 }, // U+1EF6
    { 0x1EF7, 38 }, // U+1EF7
    { 0x1EF8, 26 }, // U+1EF8
    { 0x1EF9, 38 }, // U+1EF9
    { 0x2013, 6 }, // U+2013
    { 0x2014, 6 }, // U+2014
    { 0x2015, 6 }, // U+2015
    { 0x2018, 98 }, // U+2018
    { 0x2019, 99 }, // U+2019
    { 0x201A, 5 }, // U+201A
    { 0x201C, 98 }, // U+201C
    { 0x201D, 99 }, // U+201D
    { 0x201E, 5 }, // U+201E
    { 0x2039, 41 }, // U+2039
    { 0x207D, 100 }, // U+207D
    { 0x208D, 101 }, // U+208D
    { 0x2090, 102 }, // U+2090
    { 0x2092, 103 }, // U+2092
    { 0xFB00, 31 }, // U+FB00
};

static const EpdKernClassEntry notoserif_12_bolditalicKernRightClasses[] = {
    { 0x0022, 1 }, // "
    { 0x0026, 2 }, // &
    { 0x0027, 1 }, // '
    { 0x0029, 3 }, // )
    { 0x002A, 4 }, // *
    { 0x002C, 5 }, // ,
    { 0x002D, 6 }, // -
    { 0x002E, 7 }, // .
    { 0x003A, 8 }, // :
    { 0x003B, 8 }, // ;
    { 0x003F, 9 }, // ?
    { 0x0041, 10 }, // A
    { 0x0042, 11 }, // B
    { 0x0043, 12 }, // C
    { 0x0044, 11 }, // D
    { 0x0045, 11 }, // E
    { 0x0046, 11 }, // F
    { 0x0047, 12 }, // G
    { 0x0048, 11 }, // H
    { 0x0049, 11 }, // I
    { 0x004A, 11 }, // J
    { 0x004B, 11 }, // K
    { 0x004C, 11 }, // L
    { 0x004D, 11 }, // M
    { 0x004E, 11 }, // N
    { 0x004F, 12 }, // O
    { 0x0050, 11 }, // P
    { 0x0051, 12 }, // Q
    { 0x0052, 11 }, // R
    { 0x0053, 13 }, // S
    { 0x0054, 14 }, // T
    { 0x0055, 15 }, // U
    { 0x0056, 16 }, // V
    { 0x0057, 17 }, // W
    { 0x0058, 18 }, // X
    { 0x0059, 19 }, // Y
    { 0x005A, 20 }, // Z
    { 0x005C, 21 }, // <backslash>
    { 0x005D, 3 }, // ]
    { 0x005F, 22 }, // _
    { 0x0061, 23 }, // a
    { 0x0062, 24 }, // b
    { 0x0063, 25 }, // c
    { 0x0064, 25 }, // d
    { 0x0065, 25 }, // e
    { 0x0067, 26 }, // g
    { 0x0068, 24 }, // h
    { 0x0069, 27 }, // i
    { 0x006B, 24 }, // k
    { 0x006C, 28 }, // l
    { 0x006D, 29 }, // m
    { 0x006E, 29 }, // n
    { 0x006F, 25 }, // o
    { 0x0070, 29 }, // p
    { 0x0071, 25 }, // q
    { 0x0072, 29 }, // r
    { 0x0073, 30 }, // s
    { 0x0074, 31 }, // t
    { 0x0075, 32 }, // u
    { 0x0076, 33 }, // v
    { 0x0077, 34 }, // w
    { 0x0078, 35 }, // x
    { 0x0079, 36 }, // y
    { 0x007A, 37 }, // z
    { 0x007D, 3 }, // }
    { 0x00A9, 38 }, // U+00A9
    { 0x00AE, 38 }, // U+00AE
    { 0x00BB, 39 }, // U+00BB
    { 0x00C0, 10 }, // U+00C0
    { 0x00C1, 10 }, // U+00C1
    { 0x00C2, 10 }, // U+00C2
    { 0x00C3, 10 }, // U+00C3
    { 0x00C4, 10 }, // U+00C4
    { 0x00C5, 10 }, // U+00C5
    { 0x00C6, 40 }, // U+00C6
    { 0x00C7, 12 }, // U+00C7
    { 0x00C8, 11 }, // U+00C8
    { 0x00C9, 11 }, // U+00C9
    { 0x00CA, 11 }, // U+00CA
    { 0x00CB, 11 }, // U+00CB
    { 0x00CC, 11 }, // U+00CC
    { 0x00CD, 11 }, // U+00CD
    { 0x00CE, 11 }, // U+00CE
    { 0x00CF, 11 }, // U+00CF
    { 0x00D0, 11 }, // U+00D0
    { 0x00D1, 11 }, // U+00D1
    { 0x00D2, 12 }, // U+00D2
    { 0x00D3, 12 }, // U+00D3
    { 0x00D4, 12 }, // U+00D4
    { 0x00D5, 12 }, // U+00D5
    { 0x00D6, 12 }, // U+00D6
    { 0x00D8, 12 }, // U+00D8
    { 0x00D9, 15 }, // U+00D9
    { 0x00DA, 15 }, // U+00DA
    { 0x00DB, 15 }, // U+00DB
    { 0x00DC, 15 }, // U+00DC
    { 0x00DD, 19 }, // U+00DD
    { 0x00DE, 11 }, // U+00DE
    { 0x00E0, 23 }, // U+00E0
    { 0x00E1, 23 }, // U+00E1
    { 0x00E2, 23 }, // U+00E2
    { 0x00E3, 23 }, // U+00E3
    { 0x00E4, 23 }, // U+00E4
    { 0x00E5, 23 }, // U+00E5
    { 0x00E6, 23 }, // U+00E6
    { 0x00E7, 25 }, // U+00E7
    { 0x00E8, 25 }, // U+00E8
    { 0x00E9, 25 }, // U+00E9
    { 0x00EA, 25 }, // U+00EA
    { 0x00EB, 25 }, // U+00EB
    { 0x00EC, 27 }, // U+00EC
    { 0x00ED, 27 }, // U+00ED
    { 0x00EE, 27 }, // U+00EE
    { 0x00EF, 27 }, // U+00EF
    { 0x00F0, 25 }, // U+00F0
    { 0x00F1, 29 }, // U+00F1
    { 0x00F2, 25 }, // U+00F2
    { 0x00F3, 25 }, // U+00F3
    { 0x00F4, 25 }, // U+00F4
    { 0x00F5, 25 }, // U+00F5
    { 0x00F6, 25 }, // U+00F6
    { 0x00F8, 25 }, // U+00F8
    { 0x00F9, 32 }, // U+00F9
    { 0x00FA, 32 }, // U+00FA
    { 0x00FB, 32 }, // U+00FB
    { 0x00FC, 32 }, // U+00FC
    { 0x00FD, 36 }, // U+00FD
    { 0x00FE, 24 }, // U+00FE
    { 0x00FF, 36 }, // U+00FF
    { 0x0100, 10 }, // U+0100
    { 0x0101, 23 }, // U+0101
    { 0x0102, 10 }, // U+0102
    { 0x0103, 23 }, // U+0103
    { 0x0104, 10 }, // U+0104
    { 0x0105, 23 }, // U+0105
    { 0x0106, 12 }, // U+0106
    { 0x0107, 25 }, // U+0107
    { 0x0108, 12 }, // U+0108
    { 0x0109, 25 }, // U+0109
    { 0x010A, 12 }, // U+010A
    { 0x010B, 25 }, // U+010B
    { 0x010C, 12 }, // U+010C
    { 0x010D, 25 }, // U+010D
    { 0x010E, 11 }, // U+010E
    { 0x010F, 25 }, // U+010F
    { 0x0110, 11 }, // U+0110
    { 0x0111, 25 }, // U+0111
    { 0x0112, 11 }, // U+0112
    { 0x0113, 25 }, // U+0113
    { 0x0114, 11 }, // U+0114
    { 0x0115, 25 }, // U+0115
    { 0x0116, 11 }, // U+0116
    { 0x0117, 25 }, // U+0117
    { 0x0118, 11 }, // U+0118
    { 0x0119, 25 }, // U+0119
    { 0x011A, 11 }, // U+011A
    { 0x011B, 25 }, // U+011B
    { 0x011C, 12 }, // U+011C
    { 0x011D, 25 }, // U+011D
    { 0x011E, 12 }, // U+011E
    { 0x011F, 25 }, // U+011F
    { 0x0120, 12 }, // U+0120
    { 0x0121, 25 }, // U+0121
    { 0x0122, 12 }, // U+0122
    { 0x0123, 25 }, // U+0123
    { 0x0124, 11 }, // U+0124
    { 0x0125, 24 }, // U+0125
    { 0x0126, 11 }, // U+0126
    { 0x0127, 24 }, // U+0127
    { 0x0128, 11 }, // U+0128
    { 0x0129, 27 }, // U+0129
    { 0x012A, 11 }, // U+012A
    { 0x012B, 27 }, // U+012B
    { 0x012C, 11 }, // U+012C
    { 0x012D, 27 }, // U+012D
    { 0x012E, 11 }, // U+012E
    { 0x012F, 27 }, // U+012F
    { 0x0130, 11 }, // U+0130
    { 0x0132, 11 }, // U+0132
    { 0x0133, 27 }, // U+0133
    { 0x0134, 11 }, // U+0134
    { 0x0136, 11 }, // U+0136
    { 0x0137, 24 }, // U+0137
    { 0x0138, 29 }, // U+0138
    { 0x0139, 11 }, // U+0139
    { 0x013A, 28 }, // U+013A
    { 0x013B, 11 }, // U+013B
    { 0x013C, 28 }, // U+013C
    { 0x013D, 11 }, // U+013D
    { 0x013E, 28 }, // U+013E
    { 0x013F, 11 }, // U+013F
    { 0x0140, 28 }, // U+0140
    { 0x0141, 11 }, // U+0141
    { 0x0142, 28 }, // U+0142
    { 0x0143, 11 }, // U+0143
    { 0x0144, 29 }, // U+0144
    { 0x0145, 11 }, // U+0145
    { 0x0146, 29 }, // U+0146
    { 0x0147, 11 }, // U+0147
    { 0x0148, 29 }, // U+0148
    { 0x0149, 41 }, // U+0149
    { 0x014A, 11 }, // U+014A
    { 0x014B, 29 }, // U+014B
    { 0x014C, 12 }, // U+014C
    { 0x014D, 25 }, // U+014D
    { 0x014E, 12 }, // U+014E
    { 0x014F, 25 }, // U+014F
    { 0x0150, 12 }, // U+0150
    { 0x0151, 25 }, // U+0151
    { 0x0152, 12 }, // U+0152
    { 0x0153, 25 }, // U+0153
    { 0x0154, 11 }, // U+0154
    { 0x0155, 29 }, // U+0155
    { 0x0156, 11 }, // U+0156
    { 0x0157, 29 }, // U+0157
    { 0x0158, 11 }, // U+0158
    { 0x0159, 29 }, // U+0159
    { 0x015A, 13 }, // U+015A
    { 0x015B, 30 }, // U+015B
    { 0x015C, 13 }, // U+015C
    { 0x015D, 30 }, // U+015D
    { 0x015E, 13 }, // U+015E
    { 0x015F, 30 }, // U+015F
    { 0x0160, 13 }, // U+0160
    { 0x0161, 30 }, // U+0161
    { 0x0163, 31 }, // U+0163
    { 0x0165, 31 }, // U+0165
    { 0x0167, 31 }, // U+0167
    { 0x0168, 15 }, // U+0168
    { 0x0169, 32 }, // U+0169
    { 0x016A, 15 }, // U+016A
    { 0x016B, 32 }, // U+016B
    { 0x016C, 15 }, // U+016C
    { 0x016D, 32 }, // U+016D
    { 0x016E, 15 }, // U+016E
    { 0x016F, 32 }, // U+016F
    { 0x0170, 15 }, // U+0170
    { 0x0171, 32 }, // U+0171
    { 0x0172, 15 }, // U+0172
    { 0x0173, 32 }, // U+0173
    { 0x0174, 17 }, // U+0174
    { 0x0175, 34 }, // U+0175
    { 0x0176, 19 }, // U+0176
    { 0x0177, 36 }, // U+0177
    { 0x0178, 19 }, // U+0178
    { 0x0179, 20 }, // U+0179
    { 0x017A, 37 }, // U+017A
    { 0x017B, 20 }, // U+017B
    { 0x017C, 37 }, // U+017C
    { 0x017D, 20 }, // U+017D
    { 0x017E, 37 }, // U+017E
    { 0x01A0, 12 }, // U+01A0
    { 0x01A1, 25 }, // U+01A1
    { 0x01AF, 15 }, // U+01AF
    { 0x01B0, 32 }, // U+01B0
    { 0x01FA, 10 }, // U+01FA
    { 0x01FB, 23 }, // U+01FB
    { 0x01FC, 40 }, // U+01FC
    { 0x01FD, 23 }, // U+01FD
    { 0x01FE, 12 }, // U+01FE
    { 0x01FF, 25 }, // U+01FF
    { 0x0218, 13 }, // U+0218
    { 0x0219, 30 }, // U+0219
    { 0x021B, 31 }, // U+021B
    { 0x021E, 11 }, // U+021E
    { 0x0400, 42 }, // U+0400
    { 0x0401, 42 }, // U+0401
    { 0x0402, 43 }, // U+0402
    { 0x0403, 42 }, // U+0403
    { 0x0404, 44 }, // U+0404
    { 0x0405, 45 }, // U+0405
    { 0x0406, 42 }, // U+0406
    { 0x0407, 42 }, // U+0407
    { 0x0408, 46 }, // U+0408
    { 0x0409, 47 }, // U+0409
    { 0x040A, 42 }, // U+040A
    { 0x040B, 43 }, // U+040B
    { 0x040C, 42 }, // U+040C
    { 0x040D, 42 }, // U+040D
    { 0x040E, 48 }, // U+040E
    { 0x040F, 42 }, // U+040F
    { 0x0410, 49 }, // U+0410
    { 0x0411, 42 }, // U+0411
    { 0x0412, 42 }, // U+0412
    { 0x0413, 42 }, // U+0413
    { 0x0414, 50 }, // U+0414
    { 0x0415, 42 }, // U+0415
    { 0x0416, 51 }, // U+0416
    { 0x0417, 52 }, // U+0417
    { 0x0418, 42 }, // U+0418
    { 0x0419, 42 }, // U+0419
    { 0x041A, 42 }, // U+041A
    { 0x041B, 47 }, // U+041B
    { 0x041C, 42 }, // U+041C
    { 0x041D, 42 }, // U+041D
    { 0x041E, 44 }, // U+041E
    { 0x041F, 42 }, // U+041F
    { 0x0420, 42 }, // U+0420
    { 0x0421, 44 }, // U+0421
    { 0x0422, 43 }, // U+0422
    { 0x0423, 48 }, // U+0423
    { 0x0424, 53 }, // U+0424
    { 0x0425, 54 }, // U+0425
    { 0x0426, 42 }, // U+0426
    { 0x0427, 55 }, // U+0427
    { 0x0428, 42 }, // U+0428
    { 0x0429, 42 }, // U+0429
    { 0x042A, 43 }, // U+042A
    { 0x042B, 42 }, // U+042B
    { 0x042C, 42 }, // U+042C
    { 0x042D, 52 }, // U+042D
    { 0x042E, 42 }, // U+042E
    { 0x042F, 56 }, // U+042F
    { 0x0430, 57 }, // U+0430
    { 0x0431, 58 }, // U+0431
    { 0x0432, 57 }, // U+0432
    { 0x0433, 59 }, // U+0433
    { 0x0434, 60 }, // U+0434
    { 0x0435, 57 }, // U+0435
    { 0x0436, 61 }, // U+0436
    { 0x0437, 62 }, // U+0437
    { 0x0438, 63 }, // U+0438
    { 0x0439, 63 }, // U+0439
    { 0x043A, 64 }, // U+043A
    { 0x043B, 65 }, // U+043B
    { 0x043C, 65 }, // U+043C
    { 0x043D, 64 }, // U+043D
    { 0x043E, 57 }, // U+043E
    { 0x043F, 64 }, // U+043F
    { 0x0440, 66 }, // U+0440
    { 0x0441, 57 }, // U+0441
    { 0x0442, 64 }, // U+0442
    { 0x0443, 67 }, // U+0443
    { 0x0444, 57 }, // U+0444
    { 0x0445, 68 }, // U+0445
    { 0x0446, 63 }, // U+0446
    { 0x0447, 69 }, // U+0447
    { 0x0448, 63 }, // U+0448
    { 0x0449, 63 }, // U+0449
    { 0x044A, 70 }, // U+044A
    { 0x044B, 63 }, // U+044B
    { 0x044C, 63 }, // U+044C
    { 0x044D, 61 }, // U+044D
    { 0x044E, 64 }, // U+044E
    { 0x044F, 71 }, // U+044F
    { 0x0450, 57 }, // U+0450
    { 0x0451, 57 }, // U+0451
    { 0x0452, 72 }, // U+0452
    { 0x0453, 59 }, // U+0453
    { 0x0454, 57 }, // U+0454
    { 0x0455, 73 }, // U+0455
    { 0x0456, 74 }, // U+0456
    { 0x0457, 75 }, // U+0457
    { 0x0458, 76 }, // U+0458
    { 0x0459, 65 }, // U+0459
    { 0x045A, 64 }, // U+045A
    { 0x045B, 72 }, // U+045B
    { 0x045C, 64 }, // U+045C
    { 0x045D, 63 }, // U+045D
    { 0x045E, 67 }, // U+045E
    { 0x045F, 63 }, // U+045F
    { 0x0460, 77 }, // U+0460
    { 0x0461, 78 }, // U+0461
    { 0x0466, 49 }, // U+0466
    { 0x046A, 79 }, // U+046A
    { 0x046E, 52 }, // U+046E
    { 0x0470, 80 }, // U+0470
    { 0x0471, 63 }, // U+0471
    { 0x0472, 77 }, // U+0472
    { 0x0473, 81 }, // U+0473
    { 0x0474, 80 }, // U+0474
    { 0x0475, 82 }, // U+0475
    { 0x0476, 80 }, // U+0476
    { 0x0477, 82 }, // U+0477
    { 0x0478, 77 }, // U+0478
    { 0x0479, 81 }, // U+0479
    { 0x047A, 77 }, // U+047A
    { 0x047B, 81 }, // U+047B
    { 0x047C, 77 }, // U+047C
    { 0x047D, 81 }, // U+047D
    { 0x047E, 77 }, // U+047E
    { 0x047F, 78 }, // U+047F
    { 0x0480, 77 }, // U+0480
    { 0x0481, 81 }, // U+0481
    { 0x048B, 63 }, // U+048B
    { 0x048F, 66 }, // U+048F
    { 0x0496, 51 }, // U+0496
    { 0x0497, 61 }, // U+0497
    { 0x0498, 52 }, // U+0498
    { 0x0499, 61 }, // U+0499
    { 0x049F, 72 }, // U+049F
    { 0x04A0, 83 }, // U+04A0
    { 0x04A1, 70 }, // U+04A1
    { 0x04A8, 77 }, // U+04A8
    { 0x04A9, 81 }, // U+04A9
    { 0x04AA, 77 }, // U+04AA
    { 0x04AB, 81 }, // U+04AB
    { 0x04AC, 83 }, // U+04AC
    { 0x04AE, 80 }, // U+04AE
    { 0x04AF, 82 }, // U+04AF
    { 0x04B0, 80 }, // U+04B0
    { 0x04B1, 82 }, // U+04B1
    { 0x04B2, 54 }, // U+04B2
    { 0x04B3, 68 }, // U+04B3
    { 0x04B4, 83 }, // U+04B4
    { 0x04B5, 70 }, // U+04B5
    { 0x04B6, 55 }, // U+04B6
    { 0x04B7, 69 }, // U+04B7
    { 0x04B8, 55 }, // U+04B8
    { 0x04B9, 69 }, // U+04B9
    { 0x04C1, 51 }, // U+04C1
    { 0x04C2, 61 }, // U+04C2
    { 0x04C5, 50 }, // U+04C5
    { 0x04C6, 65 }, // U+04C6
    { 0x04CB, 55 }, // U+04CB
    { 0x04CC, 69 }, // U+04CC
    { 0x04CE, 84 }, // U+04CE
    { 0x04D0, 49 }, // U+04D0
    { 0x04D1, 81 }, // U+04D1
    { 0x04D2, 49 }, // U+04D2
    { 0x04D3, 81 }, // U+04D3
    { 0x04D4, 85 }, // U+04D4
    { 0x04D5, 81 }, // U+04D5
    { 0x04D7, 81 }, // U+04D7
    { 0x04D9, 81 }, // U+04D9
    { 0x04DB, 81 }, // U+04DB
    { 0x04DC, 51 }, // U+04DC
    { 0x04DD, 61 }, // U+04DD
    { 0x04DE, 52 }, // U+04DE
    { 0x04DF, 61 }, // U+04DF
    { 0x04E0, 52 }, // U+04E0
    { 0x04E2, 42 }, // U+04E2
    { 0x04E3, 63 }, // U+04E3
    { 0x04E4, 42 }, // U+04E4
    { 0x04E5, 63 }, // U+04E5
    { 0x04E6, 77 }, // U+04E6
    { 0x04E7, 81 }, // U+04E7
    { 0x04E8, 77 }, // U+04E8
    { 0x04E9, 81 }, // U+04E9
    { 0x04EA, 77 }, // U+04EA
    { 0x04EB, 81 }, // U+04EB
    { 0x04EC, 52 }, // U+04EC
    { 0x04ED, 61 }, // U+04ED
    { 0x04EE, 48 }, // U+04EE
    { 0x04EF, 67 }, // U+04EF
    { 0x04F0, 48 }, // U+04F0
    { 0x04F1, 67 }, // U+04F1
    { 0x04F2, 48 }, // U+04F2
    { 0x04F3, 67 }, // U+04F3
    { 0x04F4, 55 }, // U+04F4
    { 0x04F5, 69 }, // U+04F5
    { 0x04F8, 42 }, // U+04F8
    { 0x04F9, 63 }, // U+04F9
    { 0x04FC, 54 }, // U+04FC
    { 0x04FD, 68 }, // U+04FD
    { 0x04FE, 54 }, // U+04FE
    { 0x1EA0, 10 }, // U+1EA0
    { 0x1EA1, 23 }, // U+1EA1
    { 0x1EA2, 10 }, // U+1EA2
    { 0x1EA3, 23 }, // U+1EA3
    { 0x1EA4, 10 }, // U+1EA4
    { 0x1EA5, 23 }, // U+1EA5
    { 0x1EA6, 10 }, // U+1EA6
    { 0x1EA7, 23 }, // U+1EA7
    { 0x1EA8, 10 }, // U+1EA8
    { 0x1EA9, 23 }, // U+1EA9
    { 0x1EAA, 10 }, // U+1EAA
    { 0x1EAB, 23 }, // U+1EAB
    { 0x1EAC, 10 }, // U+1EAC
    { 0x1EAD, 23 }, // U+1EAD
    { 0x1EAE, 10 }, // U+1EAE
    { 0x1EAF, 23 }, // U+1EAF
    { 0x1EB0, 10 }, // U+1EB0
    { 0x1EB1, 23 }, // U+1EB1
    { 0x1EB2, 10 }, // U+1EB2
    { 0x1EB3, 23 }, // U+1EB3
    { 0x1EB4, 10 }, // U+1EB4
    { 0x1EB5, 23 }, // U+1EB5
    { 0x1EB6, 10 }, // U+1EB6
    { 0x1EB7, 23 }, // U+1EB7
    { 0x1EB8, 11 }, // U+1EB8
    { 0x1EB9, 25 }, // U+1EB9
    { 0x1EBA, 11 }, // U+1EBA
    { 0x1EBB, 25 }, // U+1EBB
    { 0x1EBC, 11 }, // U+1EBC
    { 0x1EBD, 25 }, // U+1EBD
    { 0x1EBE, 11 }, // U+1EBE
    { 0x1EBF, 25 }, // U+1EBF
    { 0x1EC0, 11 }, // U+1EC0
    { 0x1EC1, 25 }, // U+1EC1
    { 0x1EC2, 11 }, // U+1EC2
    { 0x1EC3, 25 }, // U+1EC3
    { 0x1EC4, 11 }, // U+1EC4
    { 0x1EC5, 25 }, // U+1EC5
    { 0x1EC6, 11 }, // U+1EC6
    { 0x1EC7, 25 }, // U+1EC7
    { 0x1EC9, 86 }, // U+1EC9
    { 0x1ECB, 86 }, // U+1ECB
    { 0x1ECC, 12 }, // U+1ECC
    { 0x1ECD, 25 }, // U+1ECD
    { 0x1ECE, 12 }, // U+1ECE
    { 0x1ECF, 25 }, // U+1ECF
    { 0x1ED0, 12 }, // U+1ED0
    { 0x1ED1, 25 }, // U+1ED1
    { 0x1ED2, 12 }, // U+1ED2
    { 0x1ED3, 25 }, // U+1ED3
    { 0x1ED4, 12 }, // U+1ED4
    { 0x1ED5, 25 }, // U+1ED5
    { 0x1ED6, 12 }, // U+1ED6
    { 0x1ED7, 25 }, // U+1ED7
    { 0x1ED8, 12 }, // U+1ED8
    { 0x1ED9, 25 }, // U+1ED9
    { 0x1EDA, 12 }, // U+1EDA
    { 0x1EDB, 25 }, // U+1EDB
    { 0x1EDC, 12 }, // U+1EDC
    { 0x1EDD, 25 }, // U+1EDD
    { 0x1EDE, 12 }, // U+1EDE
    { 0x1EDF, 25 }, // U+1EDF
    { 0x1EE0, 12 }, // U+1EE0
    { 0x1EE1, 25 }, // U+1EE1
    { 0x1EE2, 12 }, // U+1EE2
    { 0x1EE3, 25 }, // U+1EE3
    { 0x1EE4, 15 }, // U+1EE4
    { 0x1EE5, 32 }, // U+1EE5
    { 0x1EE6, 15 }, // U+1EE6
    { 0x1EE7, 32 }, // U+1EE7
    { 0x1EE8, 15 }, // U+1EE8
    { 0x1EE9, 32 }, // U+1EE9
    { 0x1EEA, 15 }, // U+1EEA
    { 0x1EEB, 32 }, // U+1EEB
    { 0x1EEC, 15 }, // U+1EEC
    { 0x1EED, 32 }, // U+1EED
    { 0x1EEE, 15 }, // U+1EEE
    { 0x1EEF, 32 }, // U+1EEF
    { 0x1EF0, 15 }, // U+1EF0
    { 0x1EF1, 32 }, // U+1EF1
    { 0x1EF2, 19 }, // U+1EF2
    { 0x1EF3, 36 }, // U+1EF3
    { 0x1EF4, 19 }, // U+1EF4
    { 0x1EF5, 36 }, // U+1EF5
    { 0x1EF6, 19 }, // U+1EF6
    { 0x1EF7, 36 }, // U+1EF7
    { 0x1EF8, 19 }, // U+1EF8
    { 0x1EF9, 36 }, // U+1EF9
    { 0x2013, 6 }, // U+2013
    { 0x2014, 6 }, // U+2014
    { 0x2015, 6 }, // U+2015
    { 0x2018, 87 }, // U+2018
    { 0x2019, 4 }, // U+2019
    { 0x201A, 88 }, // U+201A
    { 0x201C, 87 }, // U+201C
    { 0x201D, 4 }, // U+201D
    { 0x201E, 88 }, // U+201E
    { 0x2026, 88 }, // U+2026
    { 0x203A, 39 }, // U+203A
    { 0x207E, 89 }, // U+207E
    { 0x208E, 90 }, // U+208E
};

static const int8_t notoserif_12_bolditalicKernMatrix[] = {
       0,    0,    0,    0,    0,    0,    0,    0,    0,  -32,    0,    0,    0,    0,    0,    0,    0,    0,    0,    0,    0,    0,    0,    0,    0,  -16,    8,    0,    0,    0,    0,    0,    0,    0,    0,    0,    0,    0,    0,  -48,    0,    0,    0,    0,    0,    0,    0,    0,  -32,  -32,    0,    0,    0,    0,    0,    0,    0,    0,    0,    0,    0,    0,    0,    0,  -24,    0,    0,    0,    0,    0,    0,    0,    0,    0,    0,    0,    0,    0,    0,    0,    0,    0,    0,    0,  -48,    0,    0,    0,    0,    0,
       0,    0,    0,    0,    0,    0,    0,    0,    0,    0,    0,    0,    0,  -16,   -4,  -20,  -16,    0,  -18,    0,    0,    0,    0,    0,    0,    0,    0,    0,    0,    0,    0,    0,    0,    0,    0,    0,    0,    0,    0,    0,    0,    0,    0,    0,    0,    0,    0,    0,    0,    0,    0,    0,    0,    0,    0,    0,    0,    0,    0,    0,    0,    0,    0,    0,    0,    0,    0,    0,    0,    0,    0,    0,    0,    0,    0,    0,    0,    0,    0,    0,    0,    0,    0,    0,    0,    0,    0,    0,    0,    0,
       0,    0,    0,    0,    0,    0,    0,    0,    0,    0,    0,    0,    0,    0,    0,    0,    0,    0,    0,    0,    0,    0,    0,    0,    0,    0,    0,    0,    0,    0,    0,    0,    0,    0,    0,    0,    0,    0,    0,    0,    0,    0,    0,   -8,    0,   12,   -8,    8,    0,    4,    0,    0,   -8,    0,    0,    0,    0,    0,    0,    0,    0,    0,    0,    0,   -8,    0,    0,    0,   -4,    0,    0,    0,    0,    0,   12,   16,    0,    0,    0,    0,    0,    0,    0,    0,    0,    0,    0,    0,    0,    0,
       0,   -8,    0,    0,  -48,    0,  -48,    0,    0,  -20,    0,    0,    0,    0,    0,    0,    0,    0,    0,    0,    0,    0,    0,    0,    0,    0,    0,    0,    0,    0,    0,    0,    0,    0,    0,    0,    0,    0,    0,  -32,    0,    0,    0,    0,    0,    0,    0,   -8,  -20,  -28,    0,    0,    0,    0,    0,    0,    0,    0,    0,    0,    0,    0,    0,    0,  -20,    0,    0,    0,    0,    0,    0,    0,    0,    0,    0,    0,    0,    0,    0,    0,  -20,    0,    0,    0,  -32,    0,    0,  -48,    0,    0,
       0,    0,    0,    0,    0,    0,    0,    0,    0,    0,    0,   -8,    0,  -28,   -4,  -36,  -32,    0,  -28,    0,    0,    0,    0,    0,    0,    0,    0,    0,    0,    0,    0,    0,  -20,   -8,    0,   -8,    0,    0,    0,    0,    0,    0,  -24,   -8,    0,    0,    4,   -8,    0,    8,    0,    0,  -12,    0,  -52,    0,    0,    0,    0,    0,    0,    0,    0,    0,    0,    0,   -8,    0,  -28,  -28,    0,    0,    0,    0,    0,    0,   -8,    0,    0,    0,    0,    0,  -28,    0,    0,    0,    0,    0,    0,    0,
       0,    0,    0,    0,    0,    0,    0,    0,    0,    0,    0,    0,    0,    0,    0,    0,    0,    0,    0,    0,    0,    0,    0,    0,    0,    0,    0,    0,    0,    0,    0,    0,    0,    0,    0,    0,    0,    0,    0,    0,    0,    0,  -16,    0,    0,    0,    0,   -8,   -4,   -4,    0,    0,    0,   -4,  -16,    0,    0,    0,    0,    0,    0,    0,    0,    0,    0,    0,    0,   -8,    0,    0,    0,    0,    0,    0,    0,    0,    0,    0,    0,    0,    0,    0,    0,    0,    0,    0,    0,    0,    0,    0,
     -32,   -8,    0,  -28,    0,    0,    0,    0,    0,    0,    0,   -8,    0,  -24,   -8,  -32,  -28,    0,  -28,    0,    0,    0,    0,    0,   -8,   -8,    0,    0,    0,    0,    0,   -8,  -24,  -12,    0,  -20,    0,  -20,    0,    0,  -20,    0,    0,    0,    0,    0,    0,    0,    0,    0,    0,    0,    0,    0,    0,    0,    0,    0,    0,    0,    0,    0,    0,    0,    0,    0,    0,    0,    0,    0,    0,    0,    0,    0,    0,    0,    0,    0,    0,    0,    0,    0,    0,    0,    0,    0,  -36,    0,    0,    0,
       0,    0,    0,   -8,    0,    0,    0,    0,    0,   -8,    0,    0,    0,   -8,    0,  -16,  -12,   -8,  -16,   -8,    0,    0,    0,    0,    0,    0,    0,    0,    0,    0,    0,    0,    0,   -4,    0,   -8,    0,    0,    0,  -12,    0,    0,    0,    0,    0,    0,    0,    0,    0,    0,    0,    0,    0,    0,    0,    0,    0,    0,    0,    0,    0,    0,    0,    0,    0,    0,    0,    0,    0,    0,    0,    0,    0,    0,    0,    0,    0,    0,    0,    0,    0,    0,    0,    0,    0,    0,    0,    0,    0,    0,
       0,   -8,    0,    0,    0,    0,    0,    0,    0,    0,    0,    0,    0,    0,    0,    0,    0,    0,    0,    0,    0,    0,    0,    0,    0,    0,    0,    0,    0,    0,    0,    0,    0,    0,    0,    0,    0,    0,    0,    0,    0,    0,    0,    0,    0,    0,    0,    0,    0,    0,    0,    0,    0,    0,    0,    0,    0,    0,    0,    0,    0,    0,    0,    0,    0,    0,    0,    0,    0,    0,    0,    0,    0,    0,    0,    0,    0,    0,    0,    0,    0,    0,    0,    0,    0,    0,    0,    0,    0,    0,
     -12,    0,    0,    0,   -8,    0,  -16,    0,    0,   -8,    0,    0,    0,   -8,    0,   -8,   -8,   -8,  -12,    0,    0,    0,    0,    0,    0,    0,    0,    0,    0,    0,    0,    0,    0,    0,    0,    0,    0,    0,    0,  -20,    0,    0,    0,    0,    0,    0,    0,    0,    0,    0,    0,    0,    0,    0,    0,    0,    0,    0,    0,    0,    0,    0,    0,    0,    0,    0,    0,    0,    0,    0,    0,    0,    0,    0,    0,    0,    0,    0,    0,    0,    0,    0,    0,    0,    0,    0,    0,   -8,    0,    0,
       0,    0,    0,    0,    0,    0,    0,    0,    0,    0,    0,    0,    0,    0,    0,   -8,   -8,    0,   -8,    0,    0,    0,    0,    0,    0,    0,    0,    0,    0,    0,    0,    0,    0,    0,    0,    0,    0,    0,    0,    0,    0,    0,    0,    0,    0,    0,    0,    0,    0,    0,    0,    0,    0,    0,    0,    0,    0,    0,    0,    0,    0,    0,    0,    0,    0,    0,    0,    0,    0,    0,    0,    0,    0,    0,    0,    0,    0,    0,    0,    0,    0,    0,    0,    0,    0,    0,    0,    0,    0,    0,
       0,  -16,    0,    0,  -32,    0,  -32,    0,    0,  -28,    0,    0,    0,    0,    0,    0,    0,    0,    0,    0,    0,    0,  -16,    0,  -16,  -16,    0,    0,    0,    0,    0,    0,    0,    0,    0,    0,    0,    0,    0,  -44,    0,    0,    0,    0,    0,    0,    0,    0,    0,    0,    0,    0,    0,    0,    0,    0,    0,    0,    0,    0,    0,    0,    0,    0,    0,    0,    0,    0,    0,    0,    0,    0,    0,    0,    0,    0,    0,    0,    0,    0,    0,    0,    0,    0,    0,    0,    0,  -32,    0,    0,
       0,    0,    0,    0,    0,    0,    0,    0,    0,    0,    0,    0,    0,   -8,    0,   -8,   -8,    0,   -8,    0,    0,    0,    0,    0,    0,    0,    0,    0,    0,    0,    0,    0,    0,    0,    0,    0,    0,    0,    0,   -8,    0,    0,    0,    0,    0,    0,    0,    0,    0,    0,    0,    0,    0,    0,    0,    0,    0,    0,    0,    0,    0,    0,    0,    0,    0,    0,    0,    0,    0,    0,    0,    0,    0,    0,    0,    0,    0,    0,    0,    0,    0,    0,    0,    0,    0,    0,    0,    0,    0,    0,
       0,    0,    0,    0,   -8,    0,   -8,    0,    0,   -8,    0,    0,    0,    0,    0,    0,    0,    0,    0,    0,    0,    0,    0,    0,    0,    0,    0,    0,    0,    0,    0,    0,    0,    0,    0,    0,    0,    0,    0,    0,    0,    0,    0,    0,    0,    0,    0,    0,    0,    0,    0,    0,    0,    0,    0,    0,    0,    0,    0,    0,    0,    0,    0,    0,    0,    0,    0,    0,    0,    0,    0,    0,    0,    0,    0,    0,    0,    0,    0,    0,    0,    0,    0,    0,    0,    0,    0,   -8,    0,    0,
       0,   -8,    0,    0,    0,    0,    0,    0,    0,    0,    0,   -8,    0,    0,    0,    0,    0,    0,    0,    0,    0,    0,    0,    0,   -8,   -8,    0,    0,    0,    0,    0,   -8,    0,  -12,    0,  -12,    0,    0,    0,    0,    0,    0,    0,    0,    0,    0,    0,    0,    0,    0,    0,    0,    0,    0,    0,    0,    0,    0,    0,    0,    0,    0,    0,    0,    0,    0,    0,    0,    0,    0,    0,    0,    0,    0,    0,    0,    0,    0,    0,    0,    0,    0,    0,    0,    0,    0,    0,    0,    0,    0,
     -24,    0,    0,  -32,    0,    0,    0,    0,    0,    0,    0,    0,    0,  -28,   -8,  -32,  -20,    0,  -24,    0,    0,    0,    0,    0,    0,    0,    0,    0,    0,    0,    0,    0,  -12,    0,    0,    0,    0,    0,    0,    0,    0,    0,    0,    0,    0,    0,    0,    0,    0,    0,    0,    0,    0,    0,    0,    0,    0,    0,    0,    0,    0,    0,    0,    0,    0,    0,    0,    0,    0,    0,    0,    0,    0,    0,    0,    0,    0,    0,    0,    0,    0,    0,    0,    0,    0,    0,  -36,    0,    0,    0,
       0,   -8,    0,    0,   -8,    0,   -8,    0,    0,    0,    0,    0,    0,    0,    0,    0,    0,    0,    0,    0,    0,    0,    0,    0,    0,    0,    0,    0,    0,    0,    0,    0,    0,    0,    0,    0,    0,    0,    0,    0,    0,    0,    0,    0,    0,    0,    0,    0,    0,    0,    0,    0,    0,    0,    0,    0,    0,    0,    0,    0,    0,    0,    0,    0,    0,    0,    0,    0,    0,    0,    0,    0,    0,    0,    0,    0,    0,    0,    0,    0,    0,    0,    0,    0,    0,    0,    0,   -8,    0,    0,
       0,   -8,    0,    0,  -48,    0,  -48,    0,    0,  -20,    0,    0,    0,    0,    0,    0,    0,    0,    0,    0,    0,    0,    0,    0,    0,    0,    0,    0,    0,    0,    0,    0,    0,    0,    0,    0,    0,    0,    0,  -32,    0,    0,    0,    0,    0,    0,    0,    0,    0,    0,    0,    0,    0,    0,    0,    0,    0,    0,    0,    0,    0,    0,    0,    0,    0,    0,    0,    0,    0,    0,    0,    0,    0,    0,    0,    0,    0,    0,    0,    0,    0,    0,    0,    0,    0,    0,    0,  -48,    0,    0,
       0,   -8,    0,   -8,    0,    0,    0,    0,    0,    0,    0,   -8,    0,   -8,   -4,  -12,  -12,    0,  -12,    0,    0,    0,    0,    0,    0,    0,    0,    0,    0,    0,    0,    0,    0,   -8,    0,   -8,    0,    0,    0,    0,    0,    0,    0,    0,    0,    0,    0,    0,    0,    0,    0,    0,    0,    0,    0,    0,    0,    0,    0,    0,    0,    0,    0,    0,    0,    0,    0,    0,    0,    0,    0,    0,    0,    0,    0,    0,    0,    0,    0,    0,    0,    0,    0,    0,    0,    0,    0,    0,    0,    0,
       0,    0,    0,    0,    0,    0,    0,    0,    0,   -8,    0,    0,    0,   -8,    0,   -8,   -8,   -8,   -8,    0,    0,    0,    0,    0,    0,    0,    0,    0,    0,    0,    0,    0,    0,   -4,    0,   -8,    0,    0,    0,   -8,    0,    0,    0,    0,    0,    0,    0,    0,    0,    0,    0,    0,    0,    0,    0,    0,    0,    0,    0,    0,    0,    0,    0,    0,    0,    0,    0,    0,    0,    0,    0,    0,    0,    0,    0,    0,    0,    0,    0,    0,    0,    0,    0,    0,    0,    0,    0,    0,    0,    0,
       0,   -8,    0,    0,  -36,    0,  -36,    0,    0,  -24,    0,   -8,    0,    0,    0,    0,    0,    0,    0,    0,    0,    0,  -12,    0,  -12,  -12,    0,    0,    0,    0,    0,    0,    0,    0,    0,    0,    0,    0,    0,  -32,   20,    0,    0,    0,    0,    0,    0,    0,    0,    0,    0,    0,    0,    0,    0,    0,    0,    0,    0,    0,    0,    0,    0,    0,    0,    0,    0,    0,    0,    0,    0,    0,    0,    0,    0,    0,    0,    0,    0,    0,    0,    0,    0,    0,    0,    0,    0,  -36,    0,    0,
       0,   -8,    0,    0,   -8,    0,   -8,    0,    0,   -8,    0,    0,    0,    0,    0,    0,    0,    0,    0,    0,    0,    0,    0,    0,    0,    0,    0,    0,    0,    0,    0,    0,    0,    0,    0,    0,    0,    0,    0,   -8,    0,    0,    0,    0,    0,    0,    0,    0,    0,    0,    0,    0,    0,    0,    0,    0,    0,    0,    0,    0,    0,    0,    0,    0,    0,    0,    0,    0,    0,    0,    0,    0,    0,    0,    0,    0,    0,    0,    0,    0,    0,    0,    0,    0,    0,    0,    0,   -8,    0,    0,
       0,  -12,    0,    0,  -44,    0,  -44,    0,    0,  -32,    0,   -8,    0,    0,    0,    0,    0,    0,    0,    0,    0,    0,  -24,    0,  -24,  -24,    0,    0,    0,  -16,    0,    0,    0,    0,    0,    0,    0,    0,    0,  -52,    0,    0,    0,    0,    0,    0,    0,    0,    0,    0,    0,    0,    0,    0,    0,    0,    0,    0,    0,    0,    0,    0,    0,    0,    0,    0,    0,    0,    0,    0,    0,    0,    0,    0,    0,    0,    0,    0,    0,    0,    0,    0,    0,    0,    0,    0,    0,  -44,    0,    0,
       0,  -12,    0,    0,  -36,    0,  -36,    0,    0,  -24,    0,   -8,    0,    0,    0,    0,    0,    0,    0,    0,    0,    0,  -20,    0,  -24,  -24,    0,    0,    0,  -12,    0,    0,    0,    0,   -8,    0,    0,    0,    0,  -52,    0,    0,    0,    0,    0,    0,    0,    0,    0,    0,    0,    0,    0,    0,    0,    0,    0,    0,    0,    0,    0,    0,    0,    0,    0,    0,    0,    0,    0,    0,    0,    0,    0,    0,    0,    0,    0,    0,    0,    0,    0,    0,    0,    0,    0,    0,    0,  -36,    0,    0,
       0,    0,    0,    0,    0,    0,    0,    0,    0,    0,    0,   -8,   -4,    0,    0,    0,    0,    0,    0,    0,    0,    0,    0,    0,   -4,   -4,    0,    0,    0,    0,    0,    0,    0,  -12,    0,  -20,    0,  -16,    0,    0,    0,    0,    0,    0,    0,    0,    0,    0,    0,    0,    0,    0,    0,    0,    0,    0,    0,    0,    0,    0,    0,    0,    0,    0,    0,    0,    0,    0,    0,    0,    0,    0,    0,    0,    0,    0,    0,    0,    0,    0,    0,    0,    0,    0,    0,    0,    0,    0,    0,    0,
       0,  -12,    0,    0,  -32,    0,  -32,    0,    0,  -28,    0,  -12,   -8,    0,    0,    0,    0,    0,    0,    0,    0,    0,  -24,    0,  -28,  -28,    0,    0,    0,  -24,    0,    0,    0,    0,   -4,    0,   -4,    0,    0,  -36,    0,    0,    0,    0,    0,    0,    0,    0,    0,    0,    0,    0,    0,    0,    0,    0,    0,    0,    0,    0,    0,    0,    0,    0,    0,    0,    0,    0,    0,    0,    0,    0,    0,    0,    0,    0,    0,    0,    0,    0,    0,    0,    0,    0,    0,    0,    0,  -32,    0,    0,
       0,    0,    0,    0,    0,    0,    0,    0,    0,    0,    0,    0,    0,    0,    0,    0,    0,    0,    0,    0,    0,    0,    0,    0,    0,    0,    0,    0,    0,    0,    0,    0,    0,    0,    0,    0,    0,    0,    0,    0,    0,    0,  -16,   -8,    0,   24,    0,  -12,    0,   20,    0,    0,  -16,    0,  -44,    0,   -8,   -8,    0,   -8,    0,    0,    0,    0,    0,    0,   16,    0,  -32,   -8,    0,    0,    0,    0,    0,   24,    0,    0,    0,    0,    0,    0,    0,    0,    0,    0,    0,    0,    0,    0,
     -16,    0,    0,    0,    0,    0,    0,    0,    0,    0,    0,    0,    0,   -8,    0,  -20,  -16,    0,  -20,    0,    0,    0,    0,    0,    0,    0,    0,    0,    0,    0,    0,    0,    0,    0,    0,   -8,    0,    0,    0,    0,    0,    0,    0,    0,    0,    0,    0,    0,    0,    0,    0,    0,    0,    0,    0,    0,    0,    0,    0,    0,    0,    0,    0,    0,    0,    0,    0,    0,    0,    0,    0,    0,    0,    0,    0,    0,    0,    0,    0,    0,    0,    0,    0,    0,    0,    0,  -16,    0,    0,    0,
       0,    0,    0,    0,    0,    0,    0,    0,    0,    0,    0,    0,    0,  -12,    0,  -24,  -24,    0,  -28,    0,    0,    0,    0,    0,    0,    0,    0,    0,    0,    0,    0,    0,    0,    0,    0,   -8,    0,    0,    0,    0,    0,    0,    0,    0,    0,    0,    0,    0,    0,    0,    0,    0,    0,    0,    0,    0,    0,    0,    0,    0,    0,    0,    0,    0,    0,    0,    0,    0,    0,    0,    0,    0,    0,    0,    0,    0,    0,    0,    0,    0,    0,    0,    0,    0,    0,    0,    0,    0,    0,    0,
       0,    0,    0,    0,    0,    0,    0,    0,    0,    0,    0,    0,    0,    0,    0,  -20,  -20,    0,  -28,    0,    0,    0,    0,    0,    0,    0,    0,    0,    0,    0,    0,    0,    0,    0,    0,    0,    0,    0,    0,    0,    0,    0,    0,    0,    0,    0,    0,    0,    0,    0,    0,    0,    0,    0,    0,    0,    0,    0,    0,    0,    0,    0,    0,    0,    0,    0,    0,    0,    0,    0,    0,    0,    0,    0,    0,    0,    0,    0,    0,    0,    0,    0,    0,    0,    0,    0,    0,    0,    0,    0,
      32,    0,   36,   32,    0,    0,    0,    0,    0,    0,    0,    0,    0,    0,    0,    0,    0,    0,    0,    0,   40,    0,    0,    0,    0,    0,    0,    0,    0,    0,    0,    0,    0,    0,    0,    0,    0,    0,    0,    0,    0,    0,    0,    0,    0,    0,    0,    0,    0,    0,    0,    0,    0,    0,    0,    0,    0,    0,    0,    0,    0,    0,    0,    0,    0,    0,    0,    0,    0,    0,    0,    0,    0,    0,    0,    0,    0,    0,    0,    0,    0,    0,    0,    0,    0,    0,   24,    0,    0,    0,
       0,    0,    0,    0,    0,    0,    0,    0,    0,    0,    0,    0,    0,    0,    0,    0,    0,    0,    0,    0,    0,    0,    0,    0,   -8,   -8,    0,    0,    0,    0,    0,    0,    0,    0,    0,    0,    0,    0,    0,    0,    0,    0,    0,    0,    0,    0,    0,    0,    0,    0,    0,    0,    0,    0,    0,    0,    0,    0,    0,    0,    0,    0,    0,    0,    0,    0,    0,    0,    0,    0,    0,    0,    0,    0,    0,    0,    0,    0,    0,    0,    0,    0,    0,    0,    0,    0,    0,    0,    0,    0,
       0,    0,    0,    0,    0,    0,    0,    0,    0,    0,    0,    0,    0,    0,    0,    0,  -16,    0,   -8,    0,    0,    0,    0,    0,    0,    0,    0,    0,    0,    0,    0,    0,    0,    0,    0,    0,    0,    0,    0,    0,    0,    0,    0,    0,    0,    0,    0,    0,    0,    0,    0,    0,    0,    0,    0,    0,    0,    0,    0,    0,    0,    0,    0,    0,    0,    0,    0,    0,    0,    0,    0,    0,    0,    0,    0,    0,    0,    0,    0,    0,    0,    0,    0,    0,    0,    0,    0,    0,    0,    0,
       0,    0,    0,   12,  -84,    0,  -84,    0,    0,    0,    0,    0,    0,    0,    0,  -12,  -16,  -20,  -12,    0,    0,    0,   -8,    0,   -8,   -8,    0,    0,    0,    0,    0,    0,    0,    0,    0,    0,    0,    0,    0,    0,    0,    0,    0,    0,    0,    0,    0,    0,    0,    0,    0,    0,    0,    0,    0,    0,    0,    0,    0,    0,    0,    0,    0,    0,    0,    0,    0,    0,    0,    0,    0,    0,    0,    0,    0,    0,    0,    0,    0,    0,    0,    0,    0,    0,    0,    0,    0,  -84,    0,    0,
      -8,    0,    0,    0,    0,    0,    0,    0,    0,    0,    0,    0,    0,    0,    0,  -12,  -12,    0,  -20,    0,    0,    0,    0,    0,    0,    0,    0,    0,    0,    0,    0,    0,    0,    0,    0,    0,    0,    0,    0,    0,    0,    0,    0,    0,    0,    0,    0,    0,    0,    0,    0,    0,    0,    0,    0,    0,    0,    0,    0,    0,    0,    0,    0,    0,    0,    0,    0,    0,    0,    0,    0,    0,    0,    0,    0,    0,    0,    0,    0,    0,    0,    0,    0,    0,    0,    0,    0,    0,    0,    0,
       0,    0,    0,    0,  -20,    0,  -28,    0,    0,    0,    0,    0,    0,    0,    0,  -12,   -8,    0,  -12,    0,    0,    0,    0,    0,    0,    0,    0,    0,    0,    0,    0,    0,    0,    0,    0,    0,    0,    0,    0,    0,    0,    0,    0,    0,    0,    0,    0,    0,    0,    0,    0,    0,    0,    0,    0,    0,    0,    0,    0,    0,    0,    0,    0,    0,    0,    0,    0,    0,    0,    0,    0,    0,    0,    0,    0,    0,    0,    0,    0,    0,    0,    0,    0,    0,    0,    0,    0,  -28,    0,    0,
       0,    0,    0,    0,  -28,    0,  -28,    0,    0,    0,    0,    0,    0,    0,    0,   -8,   -8,    0,  -12,    0,    0,    0,    0,    0,    0,    0,    0,    0,    0,    0,    0,    0,    0,    0,    0,    0,    0,    0,    0,    0,    0,    0,    0,    0,    0,    0,    0,    0,    0,    0,    0,    0,    0,    0,    0,    0,    0,    0,    0,    0,    0,    0,    0,    0,    0,    0,    0,    0,    0,    0,    0,    0,    0,    0,    0,    0,    0,    0,    0,    0,    0,    0,    0,    0,    0,    0,    0,  -28,    0,    0,
       0,    0,    0,    0,  -36,    0,  -36,    0,    0,    0,    0,    0,    0,    0,    0,    0,   -8,    0,    0,    0,    0,    0,    0,    0,    0,    0,    0,    0,    0,    0,    0,    0,    0,    0,    0,    0,    0,    0,    0,    0,    0,    0,    0,    0,    0,    0,    0,    0,    0,    0,    0,    0,    0,    0,    0,    0,    0,    0,    0,    0,    0,    0,    0,    0,    0,    0,    0,    0,    0,    0,    0,    0,    0,    0,    0,    0,    0,    0,    0,    0,    0,    0,    0,    0,    0,    0,    0,  -36,    0,    0,
       0,    0,    0,   -8,    0,    0,    0,    0,    0,    0,    0,    0,    0,    0,    0,  -16,  -12,    0,  -12,    0,    0,    0,    0,    0,    0,    0,    0,    0,    0,    0,    0,    0,    0,    0,    0,    0,    0,    0,    0,    0,    0,    0,    0,    0,    0,    0,    0,    0,    0,    0,    0,    0,    0,    0,    0,    0,    0,    0,    0,    0,    0,    0,    0,    0,    0,    0,    0,    0,    0,    0,    0,    0,    0,    0,    0,    0,    0,    0,    0,    0,    0,    0,    0,    0,    0,    0,   -8,    0,    0,    0,
       0,    0,    0,    0,    0,    0,    0,    0,    0,    0,    0,    0,    0,   -8,   -4,  -20,    0,    0,  -24,    0,    0,    0,    0,    0,    0,    0,    0,    0,    0,    0,    0,    0,    0,    0,    0,    0,    0,    0,    0,    0,    0,    0,    0,    0,    0,    0,    0,    0,    0,    0,    0,    0,    0,    0,    0,    0,    0,    0,    0,    0,    0,    0,    0,    0,    0,    0,    0,    0,    0,    0,    0,    0,    0,    0,    0,    0,    0,    0,    0,    0,    0,    0,    0,    0,    0,    0,    0,    0,    0,    0,
       0,    0,    0,    0,    0,    0,    0,    0,    0,    0,    0,    0,    0,    0,    0,    0,    0,    0,    0,    0,    0,    0,    0,    0,    0,    0,    0,    0,    0,    0,    0,    0,    0,    0,    0,    0,    0,    0,    0,    0,    0,    0,  -20,    0,    0,    0,    0,  -16,   -8,    0,    0,    0,   -4,    0,  -16,    0,    0,    0,    0,    0,    0,    0,    0,    0,    0,    0,    0,    0,    0,    0,    0,    0,    0,    0,    0,    0,    0,    0,    0,    0,    0,    0,    0,    0,    0,    0,    0,    0,    0,    0,
       0,    0,    0,    0,    0,    0,    0,    0,    0,    0,    0,    0,    0,  -12,   -4,  -20,  -20,    0,  -20,    0,    0,    0,    0,    0,    0,    0,    0,    0,    0,    0,    0,    0,    0,    0,    0,    0,    0,    0,    0,    0,    0,    0,    0,    0,    0,    0,    0,    0,    0,    0,    0,    0,    0,    0,    0,    0,    0,    0,    0,    0,    0,    0,    0,    0,    0,    0,    0,    0,    0,    0,    0,    0,    0,    0,    0,    0,    0,    0,    0,    0,    0,    0,    0,    0,    0,    0,    0,    0,    0,    0,
     -32,   -8,    0,  -28,    0,    0,    0,    0,    0,    0,    0,   -8,    0,  -24,   -8,  -32,  -28,    0,  -28,    0,    0,    0,    0,    0,   -8,   -8,    0,    0,    0,    0,    0,   -8,  -20,  -12,    0,  -20,    0,  -20,    0,    0,  -20,    0,    0,    0,    0,    0,    0,    0,    0,    0,    0,    0,    0,    0,    0,    0,    0,    0,    0,    0,    0,    0,    0,    0,    0,    0,    0,    0,    0,    0,    0,    0,    0,    0,    0,    0,    0,    0,    0,    0,    0,    0,    0,    0,    0,    0,  -36,    0,    0,    0,
      12,    0,   28,   16,    0,    0,    0,    0,   12,    0,   20,    0,    0,   28,   28,   36,   28,   28,   40,   32,    0,    0,    0,   36,    0,    0,    0,   36,    0,    0,    0,    0,    0,    0,    0,    0,    0,    0,    0,    0,    0,    0,    0,    0,    0,    0,    0,    0,    0,    0,    0,    0,    0,    0,    0,    0,    0,    0,    0,    0,    0,    0,    0,    0,    0,    0,    0,    0,    0,    0,    0,    0,    0,    0,    0,    0,    0,    0,    0,    0,    0,    0,    0,    0,    0,    0,   12,    0,    0,    0,
       0,    0,    0,  -12,    0,    0,    0,    0,    0,    0,    0,    0,    0,  -12,    0,  -20,    0,    0,    0,    0,    0,    0,    0,    0,    0,    0,    0,    0,    0,    0,    0,    0,    0,    0,    0,    0,    0,    0,    0,    0,    0,    0,    0,    0,    0,    0,    0,    0,    0,    0,    0,    0,    0,    0,    0,    0,    0,    0,    0,    0,    0,    0,    0,    0,    0,    0,    0,    0,    0,    0,    0,    0,    0,    0,    0,    0,    0,    0,    0,    0,    0,    0,    0,    0,    0,    0,    0,    0,    0,    0,
       0,    0,    0,    0,  -12,    0,  -12,    0,    0,  -16,    0,    0,    0,    8,    0,    8,    8,    0,    8,    0,    0,    0,   -8,    0,   -8,   -8,    0,    0,    0,   -8,   -8,    0,    0,   -8,   -8,   -8,    0,    0,    0,    0,    0,    0,    0,    0,    0,    0,    0,    0,    0,    0,    0,    0,    0,    0,    0,    0,    0,    0,    0,    0,    0,    0,    0,    0,    0,    0,    0,    0,    0,    0,    0,    0,    0,    0,    0,    0,    0,    0,    0,    0,    0,    0,    0,    0,    0,    0,    0,  -12,    0,    0,
       0,    0,    0,    8,   -4,    0,   -4,    0,    0,    0,    0,    0,    0,    0,    0,    0,    0,    0,    0,    0,    0,    0,    0,    0,    0,    0,    4,    0,    8,    0,   12,    8,    0,   12,    0,   12,    0,    0,    0,    0,    0,    0,    0,    0,    0,    0,    0,    0,    0,    0,    0,    0,    0,    0,    0,    0,    0,    0,    0,    0,    0,    0,    0,    0,    0,    0,    0,    0,    0,    0,    0,    0,    0,    0,    0,    0,    0,    0,    0,    0,    0,    0,    0,    0,    0,    4,    0,   -4,    0,    0,
       0,    0,    0,    0,  -12,    0,  -12,    0,    0,  -24,    0,   -8,    0,    0,    4,   12,    0,    0,   12,    0,    0,    0,  -20,    4,  -24,  -24,    0,    0,  -12,  -24,   -8,  -12,    0,   -8,    0,   -8,  -12,    0,    0,    0,    0,    0,    0,    0,    0,    0,    0,    0,    0,    0,    0,    0,    0,    0,    0,    0,    0,    0,    0,    0,    0,    0,    0,    0,    0,    0,    0,    0,    0,    0,    0,    0,    0,    0,    0,    0,    0,    0,    0,    0,    0,    0,    0,    0,    0,    0,    0,  -12,    0,    0,
       0,    0,    0,    8,    0,    0,    0,    0,    0,    0,    0,    0,    0,    0,    0,    0,    0,    0,    0,    0,    0,    0,    0,    0,    0,    0,    4,    0,    8,    0,    0,    0,    0,    0,    0,    0,    0,    0,    0,    0,    0,    0,    0,    0,    0,    0,    0,    0,    0,    0,    0,    0,    0,    0,    0,    0,    0,    0,    0,    0,    0,    0,    0,    0,    0,    0,    0,    0,    0,    0,    0,    0,    0,    0,    0,    0,    0,    0,    0,    0,    0,    0,    0,    0,    0,    4,    0,    0,    0,    0,
       0,    0,    0,    0,    0,    0,    0,    0,    0,    0,    0,    0,    0,    0,    0,    0,    0,    0,    0,    0,    0,    0,    0,    0,    0,    0,    0,    0,    0,    0,    0,    0,    0,    0,    0,    0,    0,    0,    0,    0,    0,    0,   -8,    0,    0,    0,    0,   -8,    0,    0,    0,    0,   -6,    0,    0,    0,    0,    0,    0,    0,    0,    0,    0,    0,   -8,    0,    0,    0,    0,   -8,   -8,    0,    0,    0,    0,    0,    0,    0,    0,    0,    0,    0,    0,   -8,    0,    0,    0,    0,    0,    0,
     -68,    0,   -8,  -32,    0,    0,    0,   -4,    0,    0,    0,    0,    0,    0,    0,    0,    0,    0,    0,    0,    0,   -4,    0,    0,    0,    0,    0,    0,    0,    0,    0,    0,    0,    0,    0,    0,    0,    0,    0,    0,    0,    0,  -32,    0,    0,   -6,    0,  -72,   -4,   -4,   -4,    0,   -8,   -8,  -24,   -4,    0,    0,    0,    0,    0,    0,    0,    0,   -6,    0,   -4,   -4,  -12,    0,    0,    0,    0,    0,    0,    0,    0,    0,    0,    0,    0,    0,  -28,    0,    0,    0,  -60,    0,    0,    0,
       0,    0,    0,   12,  -24,  -16,  -24,  -12,    0,    0,    0,    0,    0,    0,    0,    0,    0,    0,    0,    0,    0,  -16,    0,    0,    0,    0,    0,    0,    0,    0,    0,    0,    0,    0,    0,    0,    0,    0,  -20,    0,    0,    0,    0,   -8,   -4,    0,  -12,    0,  -24,  -16,    0,    0,  -10,    0,    0,   -6,  -12,    0,   -4,  -12,    0,    0,    8,    0,  -24,    0,   16,    0,    4,    0,  -12,    0,   -6,    8,    8,    0,    0,    0,    0,    0,    0,    0,    0,    0,    0,    0,    0,  -24,    0,    0,
       0,    0,    0,    0,    0,    0,    0,    0,    0,    0,    0,    0,    0,    0,    0,    0,    0,    0,    0,    0,    0,    0,    0,    0,    0,    0,    0,    0,    0,    0,    0,    0,    0,    0,    0,    0,    0,    0,    0,    0,    0,    0,    0,    0,    0,    0,    0,   -4,    0,    0,    0,    0,   -4,    0,    0,    0,    0,    0,    0,    0,    0,    0,    0,    0,   -4,    0,    0,   -4,    0,    0,    0,    0,    0,    0,    0,    0,    0,    0,    0,    0,    0,    0,    0,    0,    0,    0,    0,    0,    0,    0,
       0,    0,    0,    0,    0,    0,    0,    0,    0,    0,    0,    0,    0,    0,    0,    0,    0,    0,    0,    0,    0,    0,    0,    0,    0,    0,    0,    0,    0,    0,    0,    0,    0,    0,    0,    0,    0,    0,    0,    0,    0,    0,   -4,    0,    0,    0,    0,   -4,   -4,   -4,    0,    0,  -10,   -4,  -12,    0,    0,    0,    0,    0,    0,    0,    0,    0,    0,    0,    0,    0,    0,    0,    0,    0,    0,    0,    0,    0,    0,    0,   -8,    0,    0,    0,   -8,    0,    0,    0,    0,    0,    0,    0,
       0,    0,    0,    0,    0,    0,    0,    0,    0,    0,    0,    0,    0,    0,    0,    0,    0,    0,    0,    0,    0,    0,    0,    0,    0,    0,    0,    0,    0,    0,    0,    0,    0,    0,    0,    0,    0,    0,    0,    0,    0,    0,    0,    0,    0,    0,    0,    0,    0,    0,    0,    0,   -4,    0,    0,    0,    0,    0,    0,    0,    0,    0,    0,    0,   -8,    0,    0,    0,    0,    0,    0,    0,    0,    0,    0,    0,    0,    0,    0,    0,    0,    0,    0,    0,    0,    0,    0,    0,    0,    0,
       0,    0,    0,    0,    0,    0,    0,    0,    0,    0,    0,    0,    0,    0,    0,    0,    0,    0,    0,    0,    0,    0,    0,    0,    0,    0,    0,    0,    0,    0,    0,    0,    0,    0,    0,    0,    0,    0,    0,    0,    0,    0,    0,    0,    0,    0,   -8,    0,   -8,   -6,    0,    0,   -8,    0,    0,    0,    0,    0,    0,    0,    0,    0,   12,    0,   -8,    0,    0,    0,    0,    0,    0,    0,    0,   12,   12,    0,    0,    0,    0,    0,    0,    0,    0,    0,    0,    0,    0,    0,    0,    0,
     -40,    0,   -8,  -20,    0,    0,    0,   -4,    0,    0,    0,    0,    0,    0,    0,    0,    0,    0,    0,    0,    0,   -4,    0,    0,    0,    0,    0,    0,    0,    0,    0,    0,    0,    0,    0,    0,    0,    0,    0,    0,    0,    0,  -32,    0,    0,   -6,    0,  -36,   -4,   -4,   -4,    0,   -8,   -8,  -24,   -4,    0,    0,    0,    0,    0,    0,    0,    0,   -6,    0,   -4,   -4,  -12,    0,    0,    0,    0,    0,    0,    0,    0,    0,    0,    0,    0,    0,  -16,    0,    0,    0,  -36,    0,    0,    0,
     -48,    0,  -16,  -28,    0,   -8,    0,   -8,    0,    0,    0,    0,    0,    0,    0,    0,    0,    0,    0,    0,    0,    0,    0,    0,    0,    0,    0,    0,    0,    0,    0,    0,    0,    0,    0,    0,    0,    0,  -20,    0,    0,    0,  -36,  -24,  -16,  -12,    0,  -56,    0,    0,    0,  -16,  -32,    0,  -52,    0,   -8,    0,   -4,   -8,    0,   -4,   -8,    0,   -8,    0,  -16,    0,  -20,    0,    0,    0,    0,   -8,   -8,   -8,   -4,   -8,    0,  -20,    0,  -12,  -28,    0,    0,    0,  -40,    0,    0,    0,
       0,    0,    0,    0,    0,   -8,    0,    0,    0,    0,    0,    0,    0,    0,    0,    0,    0,    0,    0,    0,    0,    0,    0,    0,    0,    0,    0,    0,    0,    0,    0,    0,    0,    0,    0,    0,    0,    0,  -12,    0,    0,    0,    0,  -12,   -4,    0,    4,    0,    0,    8,    0,   -4,  -20,    0,   -8,    0,   -8,   -4,    0,   -8,    0,    0,   -4,    0,    0,    0,   -4,    0,  -12,  -12,    0,    0,    0,   -4,    2,    0,   -4,    0,    0,    0,   -8,    0,    0,  -12,    0,    0,   -8,    0,    0,    0,
       0,    0,    4,   16,  -44,   -8,  -44,   -8,    0,    0,    0,    0,    0,    0,    0,    0,    0,    0,    0,    0,    8,  -32,    0,    0,    0,    0,    0,    0,    0,    0,    0,    0,    0,    0,    0,    0,    0,    0,  -16,    0,    0,    0,    0,  -20,   -4,    0,  -24,    0,  -56,  -32,    0,    0,  -24,    0,    0,  -16,  -20,    0,  -12,  -32,  -16,   -4,   -4,   -8,  -48,    0,    0,   -4,    0,    0,   -8,    0,  -16,   -4,   12,    0,    0,    0,    0,    0,  -16,    0,    0,    0,    0,    0,    0,  -44,    0,    0,
     -32,    0,    0,  -28,    0,   -4,    0,    0,    0,    0,    0,    0,    0,    0,    0,    0,    0,    0,    0,    0,    0,    0,    0,    0,    0,    0,    0,    0,    0,    0,    0,    0,    0,    0,    0,    0,    0,    0,   -8,    0,    0,    0,  -24,  -12,   -4,    0,    0,  -32,    0,    6,    0,   -4,  -20,    0,  -48,    0,  -12,   -8,    0,  -12,    0,    0,   -8,    0,   -4,    0,  -24,    0,  -28,  -16,    0,    0,   -4,   -8,   -8,    0,   -8,    0,    0,    0,    0,    0,  -24,  -16,    0,    0,  -36,    0,    0,    0,
       0,    0,    0,   -4,    0,    0,    0,   -8,    0,    0,    0,    0,    0,    0,    0,    0,    0,    0,    0,    0,    0,   -4,    0,    0,    0,    0,    0,    0,    0,    0,    0,    0,    0,    0,    0,    0,    0,    0,    0,    0,    0,    0,  -10,    0,   -4,  -12,    0,  -12,   -4,   -8,   -4,    0,   -8,   -4,  -16,   -4,    0,    0,    0,    0,    0,    0,    0,    0,   -8,   -4,   -6,  -10,   -8,   -4,   -8,    0,    0,    0,    0,    0,    0,    0,    0,    0,    0,    0,    0,    0,    0,    0,   -8,    0,    0,    0,
       0,    0,    0,   -4,    0,    0,    0,   -8,    0,    0,    0,    0,    0,    0,    0,    0,    0,    0,    0,    0,    0,   -4,    0,    0,    0,    0,    0,    0,    0,    0,    0,    0,    0,    0,    0,    0,    0,    0,    0,    0,    0,    0,  -14,    0,   -4,    0,    0,  -20,   -4,   -6,   -6,    0,   -4,   -4,  -20,    0,    0,    0,    0,    0,    0,    0,    0,    0,   -8,    0,    0,   -4,    0,   -8,   -4,    0,    0,    0,    0,    0,    0,    0,   -8,    0,    0,    0,   -8,   -8,  -12,    0,   -8,    0,    0,    0,
       0,    0,    4,    0,    0,    0,    0,    0,    0,    0,    0,    0,    0,    0,    0,    0,    0,    0,    0,    0,    0,   12,    0,    0,    0,    0,    0,    0,    0,    0,    0,    0,    0,    0,    0,    0,    0,    0,    0,    0,    0,    0,    0,   -4,    0,    8,    0,    0,    0,    0,    0,    0,   -8,    0,    0,    0,   -6,    0,   -4,   -6,    0,   -4,   -4,    0,   -4,    0,    0,    0,    0,   -4,   -4,    0,    0,   -4,    4,    8,    0,    0,    0,    0,    0,    0,    0,    0,    0,    0,    0,    0,    0,    0,
       0,    0,   -8,    0,   -8,    0,   -8,   -8,    0,    0,    0,    0,    0,    0,    0,    0,    0,    0,    0,    0,    0,   -8,    0,    0,    0,    0,    0,    0,    0,    0,    0,    0,    0,    0,    0,    0,    0,    0,    0,    0,    0,    0,   -8,    0,    0,   -6,   -6,  -30,   -8,  -14,   -8,    0,    0,   -8,   -4,   -4,    0,    0,    0,    0,    0,    0,    0,    0,  -16,    0,    0,   -4,    0,    0,    0,    0,    0,    0,    0,    0,    0,    0,   -8,    0,    0,    0,   -8,    0,    0,    0,    0,   -8,    0,    0,
       0,    0,   -8,    0,  -48,    0,  -48,   -8,    0,    0,    0,    0,    0,    0,    0,    0,    0,    0,    0,    0,    0,  -16,    0,    0,    0,    0,    0,    0,    0,    0,    0,    0,    0,    0,    0,    0,    0,    0,   -4,    0,    0,    0,    0,    0,    0,    0,  -20,   -8,  -20,  -28,  -16,   -6,    0,  -16,  -10,   -4,    0,    0,    0,    0,    0,    0,    0,    0,  -20,    0,   12,   -4,    0,    0,   -4,    0,    0,    0,    0,    0,    0,    0,    0,    0,    0,    0,    0,    0,    0,    0,    0,  -48,    0,    0,
       0,    0,   -8,   -4,  -12,    0,  -12,  -12,    0,    0,    0,    0,    0,    0,    0,    0,    0,    0,    0,    0,    0,  -16,    0,    0,    0,    0,    0,    0,    0,    0,    0,    0,    0,    0,    0,    0,    0,    0,   -4,    0,    0,   -4,  -16,    0,   -8,   -8,  -12,  -36,  -12,  -20,  -16,   -8,    0,  -16,  -12,  -12,    0,    0,    0,    0,    0,    0,    0,    0,  -16,    0,    0,   -8,    0,    0,   -2,    0,    0,    0,    0,    0,    0,    0,   -8,    0,    0,    0,    0,    0,    0,    0,  -12,  -12,    0,    0,
       0,    0,    0,    0,    0,   -8,    0,    0,    0,    0,    0,    0,    0,    0,    0,    0,    0,    0,    0,    0,    0,    0,    0,    0,    0,    0,    0,    0,    0,    0,    0,    0,    0,    0,    0,    0,    0,    0,   -8,    0,    0,    0,    0,   -8,   -4,    0,    0,    0,    0,    0,    0,    0,  -16,    0,   -8,    0,   -6,    0,   -4,   -6,    0,    0,   -2,    0,   -4,    0,   -4,    0,   -6,  -16,    0,    0,    0,   -2,    8,    0,   -8,    0,    0,    0,    0,    0,    0,  -12,    0,    0,    0,    0,    0,    0,
       0,    0,    0,    0,    0,    0,    0,    0,    0,    0,    0,    0,    0,    0,    0,    0,    0,    0,    0,    0,    0,    0,    0,    0,    0,    0,    0,    0,    0,    0,    0,    0,    0,    0,    0,    0,    0,    0,    0,    0,    0,   10,   -8,    0,    0,    0,   20,  -16,   18,   20,   24,    0,    0,   16,  -20,   20,    0,    0,    0,    0,    4,    0,    0,    0,   12,    0,    0,    6,   -4,   -6,    2,    0,    0,    0,    0,    0,    0,    0,    0,    0,    0,    0,    0,    0,    0,    0,    0,    0,    0,    0,
       0,    0,    0,    0,   -8,    0,   -8,    0,    0,    0,    0,    0,    0,    0,    0,    0,    0,    0,    0,    0,    0,   -8,    0,    0,    0,    0,    0,    0,    0,    0,    0,    0,    0,    0,    0,    0,    0,    0,    0,    0,    0,    0,  -16,    0,    0,    0,    0,  -40,   -8,    0,   -4,    0,    0,   -6,  -14,    0,    0,    0,    0,    0,   -4,   -4,    0,    0,   -8,    0,   -6,  -14,   -6,   -2,   -4,    0,    0,    0,    0,   -4,    0,    0,    0,    0,    0,    0,    0,    0,    0,    0,    0,   -8,    0,    0,
       0,    0,    0,   -4,   -4,    0,   -4,    0,    0,    0,    0,    0,    0,    0,    0,    0,    0,    0,    0,    0,    0,    0,    0,    0,    0,    0,    0,    0,    0,    0,    0,    0,    0,    0,    0,    0,    0,    0,    0,    0,    0,    0,  -12,    0,    0,    0,    0,  -24,    0,    0,    0,    0,    0,    0,  -20,    0,    0,    0,    0,    0,    0,    0,   -6,    0,   -6,    0,   -4,   -6,   -6,    0,    0,    0,    0,   -6,   -6,    0,    0,    0,    0,    0,    0,    0,   -8,    0,    0,    0,    0,   -4,    0,    0,
       0,    0,    0,    8,   -8,    0,   -8,    0,    0,    0,    0,    0,    0,    0,    0,    0,    0,    0,    0,    0,    0,    0,    0,    0,    0,    0,    0,    0,    0,    0,    0,    0,    0,    0,    0,    0,    0,    0,    0,    0,    0,    0,   -4,    0,    0,    0,    0,  -16,    0,    0,    0,    0,    0,    0,   -8,    0,    0,    0,    0,    0,    0,    0,    0,    0,  -12,    0,    0,   -4,    0,    0,   -4,    0,    0,    0,    0,    0,    0,    0,    0,    0,    0,    0,   -8,    0,    0,    0,    0,   -8,    0,    0,
       0,    0,    0,    0,   -8,    0,   -8,    0,    0,    0,    0,    0,    0,    0,    0,    0,    0,    0,    0,    0,    0,   -8,    0,    0,    0,    0,    0,    0,    0,    0,    0,    0,    0,    0,    0,    0,    0,    0,    0,    0,    0,    0,    0,    0,    0,    0,    0,  -20,   -8,    0,   -4,    0,    0,   -4,   -6,    0,    0,    0,    0,    0,    0,    0,    0,    0,  -12,    0,    0,   -6,    0,    0,   -6,    0,    0,    0,    0,    0,    0,    0,    0,    0,    0,    0,    0,    0,    0,    0,    0,   -8,    0,    0,
       0,    0,    0,    0,    0,    0,    0,    0,    0,    0,    0,    0,    0,    0,    0,    0,    0,    0,    0,    0,    0,    0,    0,    0,    0,    0,    0,    0,    0,    0,    0,    0,    0,    0,    0,    0,    0,    0,    0,    0,    0,    0,   -4,    0,    0,    0,    0,  -16,    0,    0,    0,    0,    0,    0,   -8,    0,    0,    0,    0,    0,    0,    0,    0,    0,   -4,    0,    0,   -4,    0,    0,    0,    0,    0,    0,    0,    0,    0,    0,    0,    0,    0,    0,    0,    0,    0,    0,    0,    0,    0,    0,
       0,    0,    0,    0,    0,    0,    0,    0,    0,    0,    0,    0,    0,    0,    0,    0,    0,    0,    0,    0,    0,    0,    0,    0,    0,    0,    0,    0,    0,    0,    0,    0,    0,    0,    0,    0,    0,    0,    0,    0,    0,    0,   -4,    0,    0,    0,    0,  -16,    0,    0,    0,    0,    0,    0,   -6,    2,   -4,    0,    0,   -4,    0,    0,    0,    0,   -4,    0,    8,   -2,    0,    0,    0,    0,    0,    0,    0,    0,    0,    0,    0,    0,   -8,    0,    0,    0,    0,    0,    0,    0,    0,    0,
       0,    0,    0,    0,    0,  -12,    0,    0,    0,    0,    0,    0,    0,    0,    0,    0,    0,    0,    0,    0,    0,    0,    0,    0,    0,    0,    0,    0,    0,    0,    0,    0,    0,    0,    0,    0,    0,    0,    0,    0,    0,    0,   -6,   -4,    0,    0,    4,  -20,    0,    8,    0,   -4,   -4,    0,  -20,    0,   -8,   -2,   -4,   -8,    0,    0,    0,    0,    0,    0,    0,    0,    0,    0,    0,    0,    0,    0,    0,    0,    0,    0,    0,    0,    0,    0,    0,    0,    0,    0,    0,    0,    0,    0,
       0,    0,    0,    0,   -8,    0,   -8,    0,    0,    0,    0,    0,    0,    0,    0,    0,    0,    0,    0,    0,    0,   -8,    0,    0,    0,    0,    0,    0,    0,    0,    0,    0,    0,    0,    0,    0,    0,    0,    0,    0,    0,    0,  -16,    0,    0,    0,    0,  -28,   -8,    0,   -4,    0,    0,   -6,  -14,    0,    0,    0,    0,    0,   -4,   -4,    0,    0,   -8,    0,   -6,  -14,   -6,   -2,   -4,    0,    0,    0,    0,   -4,    0,    0,    0,    0,    0,    0,    0,    0,    0,    0,    0,   -8,    0,    0,
       0,    0,    0,   12,    0,    0,    0,    0,    0,    0,    0,    0,    0,    0,    0,    0,    0,    0,    0,    0,    0,    0,    0,    0,    0,    0,    0,    0,    0,    0,    0,    0,    0,    0,    0,    0,    0,    0,    0,    0,    0,   16,  -16,    0,    0,    0,   20,  -12,   20,   22,   24,    0,    0,   18,  -24,   20,    0,    0,    0,    0,   10,    2,    0,    0,   14,    0,   -4,    6,   -8,    0,    6,    0,    0,    0,    0,    0,    0,    0,    0,    0,    0,    0,    0,    0,    0,    0,  -12,    0,    0,    0,
       0,    0,    0,    0,    0,    0,    0,    0,    0,    0,    0,    0,    0,    0,    0,    0,    0,    0,    0,    0,    0,    0,    0,    0,    0,    0,    0,    0,    0,    0,    0,    0,    0,    0,    0,    0,    0,    0,    0,    0,    0,    0,   -4,    0,    0,    0,    0,  -16,    0,    0,    0,    0,    0,    0,   -6,    2,   -4,    0,    0,   -4,    0,    0,    0,    0,   -4,    0,    0,   -2,    0,    0,    0,    0,    0,    0,    0,    0,    0,    0,    0,    0,   -8,    0,    0,    0,    0,    0,    0,    0,    0,    0,
       0,    0,   -4,    0,   -8,    0,   -8,    0,    0,    0,    0,    0,    0,    0,    0,    0,    0,    0,    0,    0,    0,   -8,    0,    0,    0,    0,    0,    0,    0,    0,    0,    0,    0,    0,    0,    0,    0,    0,    0,    0,    0,    0,   -4,    0,    0,    0,   -6,  -12,   -8,   -8,   -4,   -8,    0,   -4,  -12,    0,    0,    0,   -4,    0,   -8,   -4,    0,    0,  -28,    0,    0,  -14,    0,    0,   -4,    0,    0,    0,    0,    0,    0,    0,    0,    0,    0,    0,    0,    0,    0,    0,    0,   -8,    0,    0,
       0,    0,   16,   -8,    0,    0,    0,    0,    0,    0,    0,    0,    0,    0,    0,    0,    0,    0,    0,    0,    0,   32,    0,    0,    0,    0,    0,    0,    0,    0,    0,    0,    0,    0,    0,    0,    0,    0,    6,    0,    0,   16,   -8,    0,    0,   24,   22,   -6,   24,   24,   28,    0,   -4,   24,  -20,   26,    0,    0,    0,    0,   10,    4,    0,    0,   16,    0,    0,   10,   -4,   -6,    8,    0,    8,    0,    0,   12,    0,    0,    0,    0,    0,    0,    0,    0,    0,    0,   -8,    0,    0,    0,
     -28,    0,    0,  -24,    0,    0,    0,    0,    0,    0,    0,    0,    0,    0,    0,    0,    0,    0,    0,    0,    0,    0,    0,    0,    0,    0,    0,    0,    0,    0,    0,    0,    0,    0,    0,    0,    0,    0,    0,    0,    0,    0,  -28,    0,    0,    0,    4,  -28,    0,    0,    0,    0,   -4,    0,  -44,    0,    0,    0,    0,    0,    0,    0,   -4,    0,    0,    0,  -14,    0,  -18,  -20,   -4,    0,    0,   -4,   -4,    0,    0,    0,    0,    0,    0,    0,    0,    0,    0,    0,  -24,    0,    0,    0,
       0,    0,    0,    0,    0,    0,    0,    0,    0,    0,    0,    0,    0,    0,    0,    0,    0,    0,    0,    0,    0,    0,    0,    0,    0,    0,    0,    0,    0,    0,    0,    0,    0,    0,    0,    0,    0,    0,    0,    0,    0,    0,   -8,    0,    0,    0,    0,  -40,    0,    0,    0,    0,    0,    0,  -22,    0,    0,    0,    0,    0,    0,    0,    0,    0,  -12,    0,    0,    0,   -4,    0,    0,    0,    0,    0,    0,    0,    0,    0,    0,    0,    0,    0,    0,    0,    0,    0,   -8,    0,    0,    0,
       0,    0,    0,    0,   -8,    0,   -8,    0,    0,    0,    0,    0,    0,    0,    0,    0,    0,    0,    0,    0,    0,    0,    0,    0,    0,    0,    0,    0,    0,    0,    0,    0,    0,    0,    0,    0,    0,    0,    0,    0,    0,    0,   -8,    0,    0,    0,    0,  -24,    0,    0,    0,    0,    0,    0,  -20,    0,    0,    0,    0,    0,    0,    0,    0,    0,    0,    0,    0,   -6,    0,    0,    0,    0,    0,    0,    0,    0,    0,    0,    0,    0,    0,    0,    0,    0,    0,    0,    0,   -8,    0,    0,
       0,    0,    0,    0,    0,    0,    0,    0,    0,    0,    0,    0,    0,    0,    0,    0,    0,    0,    0,    0,    0,    0,    0,    0,    0,    0,    0,    0,    0,    0,    0,    0,    0,    0,    0,    0,    0,    0,    0,    0,    0,   10,  -10,    0,    0,    0,   20,  -12,   18,   20,   24,    0,    0,   16,  -20,   20,    0,    0,    0,    0,    4,    0,    0,    0,   12,    0,    0,    6,   -4,   -6,    2,    4,    0,    0,    0,    0,    0,    0,    0,    0,    0,    0,    0,    0,    0,    0,    0,    0,    0,    0,
       0,    0,    0,    0,    0,    0,    0,    0,    0,    0,    0,    0,    0,    0,    0,    0,    0,    0,    0,    0,    0,    0,    0,    0,    0,    0,    0,    0,    0,    0,    0,    0,    0,    0,    0,    0,    0,    0,    0,    0,    0,    0,    0,    0,    0,    0,    0,    0,    0,    0,    0,    0,    0,    0,   -8,    0,    0,    0,    0,    0,    0,    0,    0,    0,  -20,    0,    0,    0,    0,    0,   -8,    0,    0,    0,    0,    0,    0,    0,    0,    0,    0,    0,    0,    0,    0,    0,    0,    0,    0,    0,
       0,    0,    0,    0,    0,    0,    0,    0,    0,    0,    0,    0,    0,    0,    0,    0,    0,    0,    0,    0,    0,    0,    0,    0,    0,    0,    0,    0,    0,    0,    0,    0,    0,    0,    0,    0,    0,    0,    0,    0,    0,    0,    0,    0,    0,    0,    0,    0,    0,    0,    0,    0,    0,    0,    0,    0,    0,    0,    0,    0,    0,    0,    0,    0,  -16,    0,    0,    0,    0,    0,    0,    0,    0,    0,    0,    0,    0,    0,    0,    0,    0,    0,    0,    0,    0,    0,    0,    0,    0,    0,
       0,    0,    0,    0,    0,    0,    0,    0,    0,    0,    0,    0,    0,    0,    0,    0,    0,    0,    0,    0,    0,    0,    0,    0,    0,    0,    0,    0,    0,    0,    0,    0,    0,    0,    0,    0,    0,    0,    0,    0,    0,    0,    0,    0,    0,    0,    0,    0,    0,    0,    0,    0,    0,    0,   -8,    0,    0,    0,    0,    0,    0,    0,    0,    0,    0,    0,    0,    0,    0,  -12,    0,    0,    0,    0,    0,    0,    0,    0,    0,    0,    0,    0,    0,  -12,    0,    0,    0,    0,    0,    0,
       0,    0,    0,    0,    0,    0,    0,    0,    0,    0,    0,    0,    0,    0,    0,    0,    0,    0,    0,    0,    0,    0,    0,    0,    0,    0,    0,    0,    0,    0,    0,    0,    0,    0,    0,    0,    0,    0,    0,    0,    0,    0,    0,    0,    0,    0,    0,    0,    0,  -24,    0,    0,    0,    0,    0,    0,    0,    0,    0,    0,    0,    0,    0,    0,  -28,    0,    0,    0,    0,    0,    0,    0,    0,    0,    0,    0,    0,    0,    0,    0,    0,    0,    0,    0,    0,    0,    0,    0,    0,    0,
       0,    0,    0,    0,    0,    0,    0,    0,    0,    0,    0,    0,    0,    0,    0,    0,    0,    0,    0,    0,    0,    0,    0,    0,    0,    0,    0,    0,    0,    0,    0,    0,    0,    0,    0,    0,    0,    0,    0,    0,    0,    0,    0,    0,    0,    0,    0,    0,    0,    0,    0,    0,    0,    0,    0,    0,    0,    0,    0,    0,    0,    0,    0,    0,  -28,    0,    0,    0,    0,    0,    0,    0,    0,    0,    0,    0,    0,    0,    0,    0,    0,    0,    0,    0,    0,    0,    0,    0,    0,    0,
       0,    0,    0,    0,  -36,    0,  -36,    0,    0,    0,    0,    0,    0,    0,    0,    0,    0,    0,    0,    0,    0,    0,    0,    0,    0,    0,    0,    0,    0,    0,    0,    0,    0,    0,    0,    0,    0,    0,    0,    0,    0,    0,    0,    0,    0,    0,    0,    0,    0,    0,    0,    0,    0,    0,    0,    0,    0,    0,    0,    0,    0,    0,    0,    0,    0,    0,    0,    0,    0,    0,    0,    0,    0,    0,    0,    0,    0,    0,    0,    0,    0,    0,    0,    0,    0,    0,    0,  -36,    0,    0,
       0,    0,    0,    0,  -28,    0,  -28,    0,    0,    0,    0,    0,    0,    0,    0,    0,    0,    0,    0,    0,    0,    0,    0,    0,    0,    0,    0,    0,    0,    0,    0,    0,    0,    0,    0,    0,    0,    0,    0,    0,    0,    0,    0,   -8,    0,    0,    0,    0,  -24,  -24,    0,    0,    0,    0,    0,    0,    0,    0,    0,    0,    0,    0,    0,    0,  -24,    0,    0,    0,    0,    0,    0,    0,    0,    0,    0,    0,   -8,    0,    0,    0,   -8,    0,    0,    0,    0,    0,    0,  -28,    0,    0,
       0,    0,    0,   12,  -28,    0,  -28,    0,    0,    0,    0,    0,    0,    0,    0,    0,    0,    0,    0,    0,    0,    0,    0,    0,    0,    0,    0,    0,    0,    0,    0,    0,    0,    0,    0,    0,    0,    0,    0,    0,    0,    0,    0,    0,    0,    0,    0,    0,  -24,  -16,    0,    0,    0,    0,    0,    0,    0,    0,    0,    0,    0,    0,    0,    0,  -24,    0,    0,    0,    0,    0,    0,    0,    0,    0,    0,    0,    0,    0,    0,    0,  -16,    0,    0,    0,    0,    0,    0,  -28,    0,    0,
       0,    0,    0,    0,    0,    0,    0,    0,    0,    0,    0,    0,    0,    0,    0,    0,    0,    0,    0,    0,    0,    0,    0,    0,    0,    0,    0,    0,    0,    0,    0,    0,    0,    0,    0,    0,    0,    0,    0,    0,    0,    0,    0,    0,    0,    0,    0,   -8,    0,  -20,    0,    0,    0,    0,    0,    0,    0,    0,    0,    0,    0,    0,    0,    0,  -16,    0,    0,    0,    0,    0,    0,    0,    0,    0,    0,    0,    0,    0,   -8,    0,    0,    0,    0,    0,    0,    0,    0,    0,    0,    0,
       0,    0,    0,   -8,    0,    0,    0,    0,    0,    0,    0,    0,    0,    0,    0,    0,    0,    0,    0,    0,    0,    0,    0,    0,    0,    0,    0,    0,    0,    0,    0,    0,    0,    0,    0,    0,    0,    0,    0,    0,    0,    0,    0,    0,    0,    0,    0,    0,    0,    0,    0,    0,    0,    0,    0,    0,    0,    0,    0,    0,    0,    0,    0,    0,    0,    0,    0,    0,    0,    0,    0,    0,    0,    0,    0,    0,    0,    0,    0,    0,    0,    0,    0,    0,    0,    0,   -8,    0,    0,    0,
       0,    0,    0,    0,    0,    0,    0,    0,    0,    0,    0,    0,    0,    0,    0,    0,    0,    0,    0,    0,    0,    0,    0,    0,    0,    0,    0,    0,    0,    0,    0,    0,    0,    0,    0,    0,    0,    0,    0,    0,    0,    0,    0,    0,    0,    0,    0,    0,    0,    0,    0,    0,    0,    0,    0,    0,    0,    0,    0,    0,    0,    0,    0,    0,    0,    0,    0,    0,    0,    0,    0,    0,    0,    0,    0,    0,    0,    0,    0,    0,   -8,    0,    0,    0,    0,    0,    0,    0,    0,    0,
       0,    0,    0,    0,    0,    0,    0,    0,    0,    0,    0,    0,    0,    0,    0,    0,    0,    0,    0,    0,    0,    0,    0,    0,    0,    0,    0,    0,    0,    0,    0,    0,    0,    0,    0,   -8,    0,    0,    0,    0,    0,    0,    0,    0,    0,    0,    0,    0,    0,    0,    0,    0,    0,    0,    0,    0,    0,    0,    0,    0,    0,    0,    0,    0,    0,    0,    0,    0,    0,    0,    0,    0,    0,    0,    0,    0,    0,    0,    0,    0,    0,    0,    0,    0,    0,    0,    0,    0,    0,    0,
       0,    0,    0,    0,    0,    0,    0,    0,    0,  -28,    0,    0,    0,    0,    0,    0,    0,    0,    0,    0,    0,    0,    0,    0,    0,    0,    4,    0,    0,    0,    0,    0,    0,    0,    0,    8,    0,    0,    0,  -56,    0,    0,    0,    0,    0,    0,  -12,    0,  -28,  -24,    0,    0,    0,    0,    0,    0,    0,    0,    0,    0,    0,    0,    8,    0,  -12,    0,   28,    0,   16,    0,    0,   12,    0,   16,   16,   12,    0,    0,    0,    0,  -16,    0,    0,    0,  -56,    0,    0,    0,    0,    0,
       0,    0,    0,    0,    0,    0,    0,    0,    0,  -36,    0,    0,    0,    0,    0,    0,    0,    0,    0,    0,    0,    0,   -4,    0,   -4,   -4,    0,    0,    0,  -20,    0,    0,    0,    0,    0,    0,    0,    0,    0,  -56,    0,    0,    0,    0,    0,    0,  -16,    8,  -28,  -24,    0,    0,    0,    0,    0,    0,   -4,    0,    0,   -4,    0,    0,   16,   16,   -8,   16,   20,    0,   24,   20,    0,   20,    0,   16,   16,    8,    0,    0,    0,    0,    0,    0,    0,    0,  -56,    0,    0,    0,    0,    0,
       0,    0,    0,    0,    0,    0,    0,    0,    0,    0,    0,    0,    0,    0,    0,    0,    0,    0,    0,    0,    0,    0,    0,    0,    0,    0,    0,    0,    0,    0,    0,    0,    0,    0,    0,    0,    0,    0,    0,    0,    0,    0,    0,    0,    0,    0,    0,    0,    0,    0,    0,    0,    0,    0,    0,    0,    0,    0,    0,    0,    0,    0,    0,    0,    0,    0,    0,    0,    0,    0,    0,    0,    0,    0,    0,    0,    0,    0,    0,    0,    0,    0,    0,    0,    0,    0,    0,    0,   28,    0,
       0,    0,    0,    0,    0,    0,    0,    0,    0,    0,    0,    0,    0,    0,    0,    0,    0,    0,    0,    0,    0,    0,    0,    0,    0,    0,    0,    0,    0,    0,    0,    0,    0,    0,    0,    0,    0,    0,    0,    0,    0,    0,    0,    0,    0,    0,    0,    0,    0,    0,    0,    0,    0,    0,    0,    0,    0,    0,    0,    0,    0,    0,    0,    0,    0,    0,    0,    0,    0,    0,    0,    0,    0,    0,    0,    0,    0,    0,    0,    0,    0,    0,    0,    0,    0,    0,    0,    0,    0,   32,
     -12,    0,    0,    0,    0,    0,    0,    0,    0,    0,    0,    0,    0,    0,    0,    0,    0,    0,    0,    0,    0,    0,    0,    0,    0,    0,    0,    0,    0,    0,    0,    0,    0,    0,    0,   -6,    0,    0,    0,    0,    0,    0,    0,    0,    0,    0,    0,    0,    0,    0,    0,    0,    0,    0,    0,    0,    0,    0,    0,    0,    0,    0,    0,    0,    0,    0,    0,    0,    0,    0,    0,    0,    0,    0,    0,    0,    0,    0,    0,    0,    0,    0,    0,    0,    0,    0,    0,    0,    0,    0,
       0,    0,    0,    0,    0,    0,    0,    0,    0,    0,    0,    0,    0,    0,    0,    0,    0,    0,    0,    0,    0,    0,    0,    0,    0,    0,    0,    0,    0,    0,    0,    0,    0,    0,    0,   -6,    0,    0,    0,    0,    0,    0,    0,    0,    0,    0,    0,    0,    0,    0,    0,    0,    0,    0,    0,    0,    0,    0,    0,    0,    0,    0,    0,    0,    0,    0,    0,    0,    0,    0,    0,    0,    0,    0,    0,    0,    0,    0,    0,    0,    0,    0,    0,    0,    0,    0,    0,    0,    0,    0,
};

static const EpdLigaturePair notoserif_12_bolditalicLigaturePairs[] = {
    { 0x00660066, 0xFB00 }, // f f -> U+FB00
    { 0x00660069, 0xFB01 }, // f i -> U+FB01
    { 0x0066006C, 0xFB02 }, // f l -> U+FB02
    { 0xFB000069, 0xFB03 }, // U+FB00 i -> U+FB03
    { 0xFB00006C, 0xFB04 }, // U+FB00 l -> U+FB04
};

static const EpdFontData notoserif_12_bolditalic = {
    notoserif_12_bolditalicBitmaps,
    notoserif_12_bolditalicGlyphs,
    notoserif_12_bolditalicIntervals,
    18,
    34,
    27,
    -8,
    true,
    notoserif_12_bolditalicGroups,
    13,
    nullptr,
    notoserif_12_bolditalicKernLeftClasses,
    notoserif_12_bolditalicKernRightClasses,
    notoserif_12_bolditalicKernMatrix,
    551,
    557,
    103,
    90,
    notoserif_12_bolditalicLigaturePairs,
    5,
};
