/**
 * generated by fontconvert.py
 * name: notoserif_12_bold
 * size: 12
 * mode: 2-bit  compressed: true
 * Command used: fontconvert.py notoserif_12_bold 12 ../builtinFonts/source/NotoSerif/NotoSerif-Bold.ttf --2bit --compress --pnum
 */
#pragma once
#include "EpdFontData.h"

static const uint8_t notoserif_12_boldBitmaps[28709] = {
    0xB5, 0x58, 0x3D, 0x6C, 0xDD, 0xD6, 0x15, 0x3E, 0x7C, 0xD7, 0x32, 0x91, 0x5C, 0x54, 0xF4, 0x10,
    0x35, 0x69, 0x15, 0x89, 0x4B, 0x86, 0xC0, 0x95, 0x74, 0x97, 0xA2, 0xF0, 0xF0, 0x2C, 0xD2, 0xC9,
    0x90, 0x21, 0x43, 0x34, 0x48, 0xCD, 0xD0, 0xC1, 0x59, 0xA3, 0x02, 0xD5, 0xA2, 0x41, 0x05, 0x64,
    0x5F, 0xF6, 0x07, 0xC8, 0x68, 0x2F, 0xCD, 0xDA, 0x0E, 0x1D, 0xDC, 0x67, 0x34, 0xF6, 0x90, 0xC1,
    0x83, 0xED, 0x4B, 0xDB, 0x43, 0x86, 0x0C, 0x61, 0x9D, 0x02, 0x99, 0x0A, 0x13, 0x88, 0x92, 0x00,
    0x36, 0x9A, 0xB0, 0x29, 0xDD, 0x50, 0x16, 0xC9, 0xDB, 0xEF, 0x5C, 0xF2, 0xE9, 0xC7, 0x95, 0x6A,
    0x27, 0x45, 0x1F, 0x79, 0xCE, 0x7B, 0x8F, 0xBC, 0xF7, 0xDC, 0x73, 0xCF, 0xFF, 0xB9, 0x3A, 0xD5,
    0x69, 0x94, 0xE0, 0x8A, 0xA3, 0x58, 0xC5, 0x8A, 0x42, 0x77, 0x4D, 0xD2, 0x31, 0x22, 0x9A, 0x25,
    0x3C, 0x4F, 0xA3, 0x98, 0x28, 0x7A, 0xBD, 0xE0, 0xDB, 0xCF, 0x71, 0x2B, 0x91, 0xCD, 0x8A, 0x14,
    0x37, 0x46, 0xD0, 0x8B, 0x93, 0x44, 0x73, 0x80, 0xE1, 0x0C, 0xD1, 0xA9, 0x39, 0xA2, 0x8D, 0x39,
    0x0A, 0xAD, 0xCD, 0x18, 0xA8, 0x58, 0x27, 0x07, 0xF9, 0x55, 0xF2, 0xB2, 0x82, 0x7E, 0xF4, 0xE8,
    0x51, 0x1C, 0x59, 0x9B, 0x88, 0x5B, 0x19, 0x89, 0x5F, 0xA7, 0xE4, 0xBF, 0x9A, 0x92, 0x14, 0x0C,
    0x09, 0x68, 0xF0, 0x3D, 0xB0, 0x79, 0xF0, 0x5E, 0x1D, 0xCD, 0xE1, 0xBE, 0x16, 0xCD, 0x51, 0x54,
    0x53, 0xD8, 0x90, 0x04, 0x25, 0x53, 0x91, 0x6A, 0x9E, 0x9B, 0x6B, 0x37, 0xE7, 0xF4, 0xF5, 0xB9,
    0xC5, 0xF3, 0x73, 0xD7, 0xD5, 0x7B, 0xE5, 0x71, 0x9B, 0x74, 0xB3, 0xF8, 0x76, 0x1F, 0xD1, 0x92,
    0x1F, 0x53, 0x70, 0x21, 0x0D, 0x88, 0x94, 0x9F, 0xCD, 0x83, 0x6D, 0x91, 0x0F, 0x89, 0x16, 0x05,
    0x73, 0x01, 0x5C, 0x30, 0xFE, 0x47, 0xC6, 0xCF, 0x3F, 0xBD, 0xBD, 0x8D, 0x31, 0x9F, 0x5C, 0xB8,
    0x97, 0x04, 0xBF, 0xBF, 0xA0, 0xFC, 0x74, 0xD0, 0xCE, 0x62, 0x30, 0xF6, 0xB1, 0xC8, 0x78, 0x03,
    0x83, 0xC1, 0x3B, 0x63, 0x2F, 0xE7, 0x27, 0x22, 0x05, 0x41, 0xF2, 0x93, 0xF0, 0xF5, 0x94, 0x02,
    0xF2, 0x5B, 0xDA, 0xFF, 0xD1, 0x15, 0xD1, 0xA0, 0xB9, 0x09, 0x06, 0x0A, 0x45, 0xE4, 0x17, 0x2A,
    0x66, 0x84, 0xBF, 0xD5, 0x22, 0x5E, 0xB4, 0x78, 0x4B, 0x36, 0x3B, 0xF9, 0x87, 0x81, 0x4D, 0x75,
    0x1E, 0xDE, 0x2B, 0xCE, 0x91, 0x7E, 0xAD, 0xDE, 0x24, 0xE3, 0xD9, 0x6B, 0x64, 0x49, 0x17, 0x40,
    0x21, 0x23, 0x59, 0x93, 0x4E, 0x02, 0x4B, 0x6A, 0xFB, 0x86, 0xC9, 0x7C, 0x9B, 0xAB, 0xCA, 0x51,
    0x67, 0xC5, 0x44, 0x14, 0x91, 0x82, 0x3A, 0x66, 0xFB, 0x15, 0x25, 0x16, 0x25, 0xAF, 0xC6, 0x32,
    0x14, 0xE4, 0x14, 0xA6, 0x14, 0xE1, 0x4E, 0x30, 0x9D, 0x6F, 0x13, 0xF7, 0x37, 0x7E, 0xE3, 0x21,
    0x5E, 0x29, 0x30, 0x9D, 0xF1, 0x60, 0x0F, 0x24, 0xCF, 0xBB, 0xE9, 0xEE, 0x73, 0x8A, 0xA9, 0xF3,
    0x2B, 0x51, 0xD2, 0xA0, 0x26, 0xC2, 0xB6, 0x2C, 0x91, 0x21, 0x37, 0x7F, 0x4C, 0xAE, 0xA7, 0xE8,
    0x5E, 0xB5, 0xBC, 0x28, 0x06, 0xCB, 0x9C, 0xB0, 0xC9, 0x53, 0xBB, 0x12, 0x58, 0xA4, 0x63, 0xA7,
    0x8F, 0x2D, 0xCC, 0x0D, 0xA3, 0xBF, 0xB7, 0xC7, 0xED, 0xC5, 0xE3, 0x76, 0x2B, 0xFA, 0x73, 0x33,
    0x33, 0x37, 0xA4, 0xD3, 0xFC, 0x8A, 0x9E, 0x83, 0x58, 0xF7, 0x6E, 0x6D, 0x1B, 0x6D, 0xDB, 0xFD,
    0x4F, 0xE8, 0x05, 0x9A, 0x27, 0x1D, 0xEB, 0x44, 0x25, 0x32, 0x0E, 0xE8, 0x3A, 0x5D, 0x64, 0xA1,
    0xD6, 0xBA, 0x3E, 0x79, 0x69, 0x01, 0xCB, 0xEB, 0x84, 0x2D, 0x10, 0x5A, 0x1E, 0x62, 0xC5, 0x75,
    0xBA, 0x4A, 0x05, 0xE5, 0x5E, 0x36, 0x48, 0x45, 0x2A, 0x12, 0x3F, 0x96, 0xD0, 0xC7, 0x24, 0xCD,
    0x1C, 0x78, 0xDD, 0x7D, 0x3C, 0x18, 0x8E, 0xDC, 0x29, 0x21, 0x9E, 0x1A, 0x72, 0x68, 0xB1, 0x82,
    0x81, 0xD4, 0x0C, 0x2E, 0xF7, 0x2B, 0xB6, 0x3D, 0x98, 0x5D, 0xE8, 0x30, 0x8F, 0x55, 0x98, 0x13,
    0x7C, 0x01, 0xA9, 0x80, 0x86, 0xFB, 0x40, 0x84, 0x64, 0x61, 0xB3, 0x00, 0xAD, 0x53, 0x3A, 0x0D,
    0xA9, 0xD2, 0xB7, 0x80, 0x09, 0xFD, 0x19, 0x05, 0xD6, 0x3A, 0x52, 0xB0, 0x72, 0x0A, 0xBF, 0xE8,
    0x78, 0x8A, 0x20, 0xD5, 0x08, 0xEB, 0x1E, 0x67, 0xE9, 0xB2, 0xFC, 0x21, 0x5F, 0x16, 0x30, 0x49,
    0xAC, 0x0B, 0x11, 0xD3, 0x39, 0x3C, 0xC2, 0x5F, 0x3F, 0x13, 0x49, 0x48, 0x32, 0x61, 0xFF, 0x19,
    0xC3, 0x1E, 0xAD, 0x06, 0xB4, 0xAC, 0xA3, 0xA5, 0x40, 0xCB, 0x73, 0xB4, 0x1A, 0x4C, 0x2A, 0x9D,
    0x0C, 0xE8, 0x72, 0x4D, 0x4E, 0x7B, 0xAC, 0x4A, 0x30, 0xF3, 0x02, 0x00, 0x6A, 0x48, 0xCE, 0xF3,
    0xDA, 0x0F, 0xD8, 0xC1, 0xF2, 0x6E, 0x8F, 0x6C, 0x02, 0x3E, 0x20, 0x00, 0x2C, 0x00, 0x7E, 0x02,
    0xF8, 0xBA, 0x26, 0xEF, 0x2E, 0x74, 0x7E, 0xBB, 0x26, 0x89, 0xF7, 0x93, 0x80, 0x21, 0xE0, 0x97,
    0x6F, 0x36, 0xB1, 0xB1, 0x36, 0x9F, 0xC2, 0xB7, 0x9B, 0x27, 0x00, 0xD3, 0x2D, 0x6C, 0xCE, 0x66,
    0xD2, 0x36, 0xD8, 0x6B, 0xEB, 0x60, 0xD2, 0x5D, 0xCF, 0xD0, 0xF7, 0x40, 0x7E, 0x86, 0x23, 0xCA,
    0xCD, 0x04, 0xF1, 0x81, 0xFD, 0xA5, 0x1D, 0xF3, 0x14, 0x33, 0x1C, 0x03, 0x0C, 0xC1, 0xFB, 0x69,
    0xC8, 0x20, 0x02, 0xBF, 0x72, 0x2C, 0x77, 0xFE, 0x98, 0x92, 0xFC, 0x7F, 0x81, 0x66, 0x7A, 0x93,
    0x54, 0x72, 0x1A, 0xFB, 0x7C, 0x09, 0x7A, 0x74, 0x76, 0x4A, 0x66, 0x2D, 0x23, 0xBB, 0x53, 0x83,
    0x52, 0x8B, 0xCB, 0xB0, 0x3F, 0xB1, 0x16, 0xDD, 0x15, 0x41, 0x97, 0x2A, 0xC5, 0xBC, 0x2F, 0xAA,
    0x5D, 0x3D, 0x82, 0x67, 0x77, 0x37, 0x05, 0x5D, 0x2F, 0xA8, 0x5A, 0x82, 0x6C, 0xE1, 0xE3, 0x7E,
    0x4E, 0x12, 0x2E, 0x92, 0xB0, 0xC4, 0x23, 0xE7, 0x21, 0x75, 0x6F, 0xE8, 0x78, 0x29, 0xF3, 0x5E,
    0x6B, 0x19, 0x85, 0x9F, 0x8F, 0xB5, 0xD6, 0xAF, 0x90, 0xDC, 0xA4, 0x28, 0x83, 0xA5, 0xEC, 0x20,
    0x42, 0x38, 0xEB, 0x40, 0x9C, 0x7A, 0x07, 0x96, 0xE6, 0xF8, 0xD1, 0x71, 0xD3, 0x8D, 0x8E, 0xDD,
    0xD8, 0xBB, 0x0D, 0xDE, 0xE7, 0xBB, 0x9B, 0x1A, 0xD8, 0x98, 0xC2, 0x07, 0x05, 0x45, 0xAF, 0x54,
    0xE0, 0xB8, 0x76, 0xFC, 0xF3, 0x0E, 0xBA, 0x5D, 0x74, 0xF6, 0x19, 0x3D, 0x40, 0x54, 0x68, 0x4C,
    0xBF, 0x57, 0x96, 0x58, 0x4D, 0x3F, 0x06, 0x63, 0x43, 0x70, 0x16, 0x9D, 0x05, 0x3F, 0x36, 0x76,
    0xB4, 0x7E, 0xD8, 0xC5, 0xE9, 0x64, 0x62, 0x5F, 0x50, 0xDA, 0x8B, 0xDD, 0x47, 0xBF, 0x55, 0xA9,
    0x4C, 0x02, 0x98, 0xD8, 0xD2, 0xF8, 0x21, 0xAC, 0x06, 0xDB, 0x35, 0x24, 0x4B, 0xD6, 0x0B, 0x84,
    0xCC, 0x9B, 0x47, 0x60, 0x0B, 0x73, 0xF2, 0x1A, 0x37, 0x80, 0xA6, 0x56, 0x96, 0x8D, 0x6D, 0x81,
    0xF7, 0xD4, 0x63, 0xDB, 0xD5, 0xD1, 0x9F, 0xF0, 0x63, 0xDD, 0x69, 0x53, 0x16, 0x6E, 0x4A, 0xD0,
    0x4D, 0xB9, 0xD1, 0x11, 0x84, 0x29, 0x82, 0x95, 0xF5, 0xDD, 0x39, 0x3E, 0xA4, 0xA9, 0x58, 0x9A,
    0x29, 0x76, 0x99, 0x18, 0x9A, 0x88, 0x11, 0x63, 0x88, 0xB7, 0x63, 0x39, 0x96, 0x12, 0x73, 0xC0,
    0xC1, 0x8B, 0x23, 0x08, 0x47, 0x08, 0x97, 0x8E, 0xF8, 0x33, 0xDF, 0x9B, 0x0D, 0xC3, 0xCD, 0x31,
    0xB5, 0x9F, 0x6F, 0x33, 0xC9, 0x47, 0x57, 0x32, 0x17, 0xCF, 0xAE, 0x11, 0xC1, 0xC0, 0x16, 0x48,
    0xE0, 0x6F, 0x00, 0xAD, 0xEA, 0x1D, 0xC4, 0xED, 0x41, 0x19, 0x89, 0x64, 0x11, 0xF9, 0x4B, 0xA4,
    0xC3, 0x20, 0x5D, 0x14, 0xE9, 0x66, 0x98, 0x9E, 0x03, 0x56, 0xC9, 0x39, 0x91, 0x5C, 0x53, 0xF1,
    0x75, 0x3F, 0x06, 0xAE, 0x25, 0x6D, 0x86, 0xBF, 0xAA, 0x27, 0x69, 0x33, 0xF8, 0x64, 0x71, 0x13,
    0x96, 0xDE, 0x60, 0x1B, 0x0B, 0x6E, 0x8D, 0xC0, 0x89, 0x1A, 0x49, 0x80, 0xDE, 0xE2, 0x8D, 0xF1,
    0x0F, 0x65, 0x5D, 0x1E, 0x58, 0xE5, 0x37, 0xBC, 0x57, 0xE8, 0x94, 0xB3, 0x10, 0x23, 0x9F, 0xB7,
    0x13, 0xB0, 0xF3, 0x4F, 0x72, 0xE4, 0x98, 0x0F, 0x39, 0xB5, 0x04, 0x90, 0xCC, 0x06, 0x8B, 0xE7,
    0x7D, 0x1F, 0x0C, 0x3E, 0x7C, 0x13, 0x46, 0x66, 0xE1, 0x2B, 0x83, 0xCC, 0x6B, 0x91, 0x60, 0xB0,
    0x25, 0x9F, 0x43, 0x2D, 0x16, 0xD2, 0xE9, 0x5A, 0xE6, 0xD9, 0x2D, 0x5B, 0xF9, 0xB6, 0xD6, 0x76,
    0x1B, 0x8E, 0x65, 0x72, 0x51, 0xCB, 0x4A, 0xD4, 0xFB, 0x2F, 0x1F, 0xFF, 0xC3, 0x42, 0x70, 0x46,
    0x6D, 0xCE, 0x16, 0xDD, 0x33, 0xAF, 0x05, 0xD8, 0x1E, 0xF0, 0x5B, 0x34, 0xD3, 0xED, 0x95, 0x52,
    0xF7, 0xD1, 0x02, 0x1C, 0x27, 0x5E, 0x7B, 0xA5, 0xF0, 0x4B, 0x51, 0x05, 0xF9, 0xA0, 0x52, 0xA9,
    0x97, 0x33, 0x8F, 0x1C, 0x17, 0xCC, 0x63, 0xA0, 0xC7, 0xC1, 0x0B, 0x1B, 0x45, 0x7A, 0x7A, 0x41,
    0x56, 0x74, 0x6D, 0x60, 0x6D, 0x41, 0x6B, 0x1D, 0x2D, 0xC4, 0x70, 0x18, 0x70, 0x0B, 0xDF, 0x14,
    0x35, 0x9C, 0x19, 0xFE, 0x6F, 0x62, 0xC1, 0x0A, 0x65, 0x94, 0x01, 0x29, 0xB0, 0x0C, 0xC3, 0x61,
    0x54, 0x8C, 0x91, 0x7B, 0xA6, 0xB2, 0xF1, 0x38, 0xCD, 0xC8, 0x62, 0x1A, 0x34, 0xCE, 0x7C, 0x76,
    0x44, 0xC1, 0x6D, 0x35, 0xDD, 0x5E, 0xC6, 0xEE, 0x68, 0x03, 0x70, 0xAA, 0x07, 0xDA, 0x05, 0x6B,
    0x53, 0xD1, 0xAC, 0xC4, 0x07, 0x9E, 0xD5, 0xF4, 0x0C, 0x60, 0x16, 0x30, 0x3F, 0xDD, 0x8E, 0x6E,
    0x80, 0x06, 0xB2, 0x8C, 0x2D, 0xC3, 0x8E, 0xCE, 0xB5, 0x43, 0xE9, 0xB4, 0xA3, 0xD8, 0xD1, 0x3A,
    0x48, 0x67, 0x17, 0xA6, 0xDB, 0x25, 0xF0, 0x32, 0xCE, 0x26, 0xD3, 0xEC, 0xBB, 0xF6, 0x32, 0x34,
    0x5F, 0x41, 0x53, 0x50, 0xA5, 0xC6, 0x46, 0x68, 0xC3, 0xC9, 0xC8, 0x09, 0xCB, 0x49, 0x6D, 0x8C,
    0x26, 0x56, 0x62, 0x93, 0x84, 0x36, 0xD3, 0x29, 0x6C, 0x22, 0x62, 0xDD, 0x42, 0x8E, 0xE3, 0x3C,
    0xCF, 0x04, 0x3C, 0xFB, 0x6E, 0xCB, 0xFA, 0xD8, 0xEA, 0x4B, 0x08, 0x7B, 0xCB, 0xB6, 0xA1, 0x3D,
    0x63, 0xB6, 0x0F, 0x48, 0xE9, 0x3F, 0x91, 0x45, 0x61, 0x85, 0xCD, 0xAF, 0x65, 0x47, 0x0F, 0x61,
    0x84, 0x50, 0xAC, 0x1F, 0x6A, 0x7B, 0xDB, 0x5A, 0xCD, 0xC5, 0x18, 0xCB, 0xEA, 0x29, 0x6F, 0x9E,
    0x69, 0xB3, 0xC0, 0xA2, 0xBE, 0x62, 0x8E, 0xBF, 0xC3, 0xED, 0x39, 0x6B, 0x50, 0xA5, 0x2B, 0x21,
    0xEC, 0xC7, 0x36, 0x9F, 0x6E, 0x5F, 0xB1, 0x17, 0xF1, 0xA8, 0xE1, 0xE7, 0x05, 0x10, 0x3C, 0x53,
    0xD4, 0xB0, 0x73, 0x51, 0x9F, 0x66, 0x51, 0x5F, 0x67, 0x5D, 0xB4, 0x4E, 0xB1, 0x40, 0x8D, 0x49,
    0xF1, 0x2C, 0xE2, 0x21, 0x21, 0x0F, 0x0E, 0x2A, 0x20, 0x9F, 0xE7, 0x42, 0x94, 0xE0, 0x0E, 0x42,
    0xB5, 0x99, 0x82, 0x4D, 0x23, 0xFE, 0xB5, 0x31, 0x1D, 0xA5, 0xBD, 0x43, 0x80, 0x2D, 0x64, 0x12,
    0x30, 0xD3, 0x5B, 0x49, 0xD3, 0x59, 0x09, 0x78, 0xAE, 0x21, 0x22, 0x38, 0x9C, 0xB0, 0x09, 0x8A,
    0x34, 0x44, 0x72, 0x61, 0x52, 0x71, 0x2F, 0xF3, 0x61, 0x9F, 0x1F, 0xE5, 0x12, 0xA6, 0xFA, 0x51,
    0x31, 0x09, 0xFC, 0x41, 0x39, 0x03, 0x7C, 0xA7, 0x9E, 0x03, 0xBE, 0x5D, 0x9F, 0x02, 0xBE, 0xD5,
    0xAC, 0x03, 0xA7, 0xF6, 0x2A, 0x63, 0x93, 0x33, 0xD6, 0x19, 0x63, 0xC4, 0x5B, 0x60, 0x85, 0x18,
    0x3B, 0xBD, 0x15, 0x9E, 0x31, 0x5B, 0xBA, 0x0E, 0x04, 0x7C, 0x19, 0x51, 0xB0, 0x99, 0x86, 0x8C,
    0x4B, 0x04, 0x09, 0x94, 0x2F, 0xF0, 0x5C, 0xA0, 0x4C, 0xF0, 0x02, 0x40, 0x1F, 0xD4, 0x40, 0x77,
    0x1A, 0xC1, 0x14, 0x19, 0xE9, 0x3B, 0x4C, 0xE3, 0x53, 0xA0, 0xE0, 0x1B, 0xAE, 0x76, 0xC0, 0x57,
    0xCA, 0xFC, 0xC1, 0x9C, 0x18, 0x31, 0x6D, 0x14, 0x37, 0xBA, 0xE6, 0xE4, 0xD5, 0xBB, 0x37, 0x92,
    0x31, 0xFC, 0x1B, 0xD1, 0x73, 0xC0, 0xBE, 0x47, 0xCE, 0xF6, 0x74, 0xCC, 0xD5, 0x61, 0xCA, 0xD5,
    0x60, 0x6A, 0xC6, 0x28, 0xDB, 0x45, 0xDD, 0x0B, 0x37, 0xC4, 0x0D, 0x76, 0xD3, 0x64, 0x81, 0x80,
    0x36, 0x68, 0x7F, 0x86, 0x28, 0xDC, 0xFB, 0x3B, 0xDB, 0xE8, 0xA3, 0xC7, 0x22, 0xD1, 0xA0, 0xD9,
    0x83, 0x3E, 0x22, 0x35, 0x6B, 0xB9, 0x80, 0x13, 0x3F, 0xD9, 0x9F, 0xFE, 0x7F, 0xBC, 0x0A, 0x17,
    0x8A, 0x1B, 0x57, 0x01, 0xF2, 0x4A, 0x2E, 0x49, 0xBA, 0x62, 0xFA, 0x78, 0x7D, 0x20, 0x6C, 0x39,
    0x83, 0x77, 0xB1, 0x0B, 0x03, 0x7B, 0xE4, 0xFE, 0xBA, 0x17, 0x61, 0xC9, 0x06, 0x99, 0x80, 0x9C,
    0x66, 0x83, 0x54, 0xCE, 0x66, 0xD9, 0x20, 0x25, 0x1B, 0xA4, 0x38, 0x68, 0x90, 0xA9, 0xEA, 0xF6,
    0x85, 0x46, 0xC5, 0x7F, 0x68, 0xE3, 0x00, 0xEC, 0xA9, 0x24, 0x44, 0x41, 0x3B, 0xC9, 0x51, 0x82,
    0x42, 0xAC, 0x1E, 0x30, 0x2D, 0x2E, 0x7D, 0x0C, 0xB8, 0x92, 0xA8, 0x16, 0xC8, 0x64, 0x13, 0xD8,
    0xF8, 0x22, 0x0A, 0xF0, 0x88, 0x21, 0x0E, 0x53, 0xF5, 0x19, 0x52, 0xA5, 0x2D, 0xC7, 0xA5, 0x0A,
    0xEA, 0x80, 0x2B, 0x8F, 0x0C, 0xBD, 0x1F, 0x14, 0x01, 0x5D, 0xED, 0x11, 0x6A, 0x77, 0xCE, 0x23,
    0xDF, 0x01, 0xAD, 0x35, 0x2C, 0x11, 0x70, 0x61, 0x6C, 0x6A, 0xCB, 0x35, 0xF8, 0x79, 0x86, 0x6A,
    0x2F, 0xE0, 0x80, 0xF6, 0xF4, 0x48, 0x38, 0x54, 0x77, 0x68, 0x96, 0xCB, 0x38, 0xB8, 0xB0, 0xBD,
    0x8F, 0x6D, 0x85, 0xE3, 0x92, 0xCD, 0x5A, 0xD4, 0x4A, 0x7A, 0xDB, 0x33, 0x09, 0x96, 0x9D, 0xE7,
    0x4C, 0x3E, 0xE4, 0xC1, 0x1B, 0x8C, 0xDE, 0x67, 0xC5, 0x80, 0x99, 0xD6, 0xE3, 0x68, 0x3A, 0x60,
    0x21, 0xBC, 0xCA, 0x49, 0xE6, 0x1D, 0xAE, 0x4C, 0x3F, 0xC4, 0xE4, 0xF0, 0x1E, 0xB3, 0xFB, 0x25,
    0x75, 0x55, 0xA8, 0x2B, 0x47, 0x5D, 0x3D, 0x4C, 0x83, 0x82, 0x29, 0xC7, 0x2F, 0x43, 0xC4, 0xBA,
    0x45, 0x57, 0xB1, 0xB6, 0x15, 0x20, 0x5F, 0xA0, 0x24, 0x06, 0x7D, 0x83, 0xEC, 0xCC, 0x61, 0x39,
    0x09, 0x9C, 0x1A, 0xD3, 0x59, 0xA7, 0x1B, 0x34, 0x80, 0x48, 0x81, 0x1F, 0x71, 0x07, 0x68, 0xC5,
    0x85, 0x82, 0xBF, 0xE4, 0x6B, 0x25, 0x9A, 0x16, 0xF3, 0x86, 0xA8, 0xB9, 0x56, 0xB9, 0x20, 0xEA,
    0xAB, 0x58, 0xF6, 0x6F, 0x1E, 0xAA, 0x41, 0x52, 0xC8, 0x44, 0xE0, 0x29, 0x44, 0x1E, 0xE3, 0xBA,
    0xA1, 0x72, 0x31, 0x1D, 0x1B, 0xE0, 0xF8, 0x8E, 0xCE, 0x49, 0xC1, 0xF0, 0x10, 0xA3, 0x33, 0x64,
    0x50, 0x93, 0x08, 0xDE, 0x35, 0xCC, 0x65, 0x83, 0x43, 0x3D, 0xE6, 0x46, 0x1F, 0x63, 0x50, 0xB8,
    0x03, 0x3B, 0x93, 0x5C, 0x11, 0x38, 0x03, 0x74, 0x65, 0x80, 0x64, 0x7B, 0x9C, 0x65, 0x12, 0xC3,
    0x90, 0x1B, 0x4A, 0x90, 0x1D, 0x70, 0x80, 0xF6, 0x39, 0x2D, 0xAC, 0xE5, 0xA8, 0x82, 0x6C, 0x15,
    0xD8, 0xC2, 0xDA, 0x57, 0x21, 0xB1, 0x96, 0x25, 0x56, 0x62, 0x6B, 0x30, 0xB0, 0x61, 0x27, 0x2C,
    0x84, 0x52, 0xDE, 0xF6, 0x00, 0x1C, 0xE9, 0xDF, 0xB0, 0x9C, 0x3E, 0xC4, 0x1A, 0xE1, 0x57, 0x2C,
    0x9D, 0x66, 0x2C, 0x1D, 0xAE, 0x25, 0xF6, 0x23, 0x7E, 0x76, 0xB6, 0xE5, 0x4A, 0x0A, 0x0A, 0x41,
    0x84, 0x2B, 0xF4, 0xC8, 0x14, 0x9B, 0x70, 0xA0, 0x0D, 0x30, 0xBB, 0x0E, 0xAE, 0x4F, 0x30, 0x7F,
    0xB2, 0xEE, 0xAC, 0x22, 0xCA, 0xBB, 0xEC, 0xE5, 0xBC, 0xB1, 0x2F, 0xFF, 0x4B, 0xDA, 0x80, 0x39,
    0x6F, 0x80, 0xED, 0xCA, 0xDE, 0xBF, 0x5C, 0xC2, 0x0E, 0x4B, 0xD3, 0x98, 0xBF, 0x9A, 0xF8, 0x29,
    0xAE, 0xD4, 0x80, 0x78, 0x81, 0x2E, 0x6C, 0x1D, 0xDD, 0xD8, 0x10, 0x5D, 0xD9, 0x0C, 0xEA, 0xFF,
    0x00, 0x1D, 0xA7, 0x1F, 0x0B, 0x44, 0xBB, 0x41, 0xEA, 0x65, 0x94, 0x1F, 0x18, 0x00, 0xB9, 0x7E,
    0xDF, 0xD2, 0x53, 0x5C, 0x03, 0x1B, 0xB1, 0x4C, 0x5F, 0x76, 0x05, 0x21, 0x6A, 0xBF, 0xAF, 0x68,
    0xF0, 0x41, 0x22, 0xEE, 0xA4, 0xF2, 0x4C, 0x16, 0x50, 0x31, 0x43, 0xEB, 0x43, 0x1A, 0x6E, 0xD0,
    0xFC, 0x12, 0x4D, 0x70, 0x77, 0x74, 0x72, 0x34, 0x8A, 0xB9, 0x91, 0x55, 0x29, 0xAA, 0xFB, 0xAB,
    0xDE, 0xA8, 0xEB, 0x3B, 0x22, 0xF4, 0x31, 0xEA, 0x4C, 0x43, 0x13, 0xAE, 0x9A, 0x6E, 0xE9, 0x38,
    0x4A, 0xB8, 0xE8, 0x73, 0xD4, 0xDC, 0x71, 0xEB, 0x6A, 0x76, 0x0B, 0x89, 0x1B, 0xA8, 0x57, 0x7F,
    0x69, 0xE3, 0xB0, 0x32, 0x69, 0xDF, 0x7E, 0x50, 0x58, 0x76, 0x25, 0xE9, 0x1E, 0xAC, 0x92, 0xFC,
    0x06, 0xBD, 0x4E, 0x1B, 0x16, 0x12, 0x71, 0x8F, 0x23, 0xA2, 0x2C, 0x0F, 0x81, 0x4A, 0x54, 0x12,
    0xBF, 0xC2, 0x07, 0xA6, 0x30, 0x77, 0xFB, 0x48, 0x3A, 0x4A, 0xA4, 0xAD, 0xD4, 0xED, 0x3A, 0x8A,
    0x6B, 0x43, 0xA5, 0xD9, 0x97, 0x3C, 0x8D, 0xEB, 0x85, 0xA2, 0xF4, 0xC5, 0xF0, 0x51, 0x3D, 0xE8,
    0x9A, 0x05, 0x1F, 0x93, 0x3C, 0x9E, 0x18, 0xED, 0x82, 0x77, 0x29, 0xC2, 0x39, 0x01, 0xDA, 0xE2,
    0xBF, 0x58, 0x34, 0xC7, 0x06, 0xE5, 0x33, 0x70, 0xD7, 0x02, 0xEE, 0x02, 0xFF, 0xE7, 0x96, 0x1A,
    0x05, 0x76, 0xAA, 0x76, 0xBE, 0xDA, 0x02, 0xA3, 0x35, 0xF5, 0xD5, 0xAA, 0x44, 0x84, 0x51, 0xB7,
    0xFA, 0xA6, 0xD8, 0x35, 0xC4, 0x68, 0x39, 0x10, 0x6C, 0xEC, 0x68, 0xE4, 0xEA, 0x6A, 0xE3, 0x5A,
    0x45, 0x0F, 0x26, 0x03, 0xD5, 0xB5, 0x37, 0x50, 0xD6, 0x96, 0x7B, 0x67, 0x1D, 0x8D, 0xD7, 0x68,
    0x51, 0x2F, 0x8A, 0xEA, 0x04, 0x42, 0xC1, 0x74, 0xB3, 0x84, 0x88, 0xFE, 0xFC, 0xF6, 0x12, 0x7E,
    0x1F, 0x7A, 0xC3, 0x24, 0x91, 0xA4, 0x0D, 0x6F, 0xC5, 0x8B, 0x69, 0xF4, 0x46, 0x21, 0x6D, 0x5B,
    0xA0, 0x21, 0x8F, 0x15, 0x37, 0x46, 0xDC, 0x3E, 0x01, 0x5C, 0x93, 0x86, 0x26, 0x93, 0x77, 0xEC,
    0xFF, 0x96, 0x8B, 0x76, 0x08, 0xFC, 0xFE, 0x1F, 0xB9, 0x61, 0x8E, 0x7D, 0x14, 0x68, 0xD1, 0xEF,
    0x34, 0xB7, 0xE3, 0x0E, 0x1A, 0xF4, 0x68, 0xD1, 0x7D, 0x56, 0xDC, 0x45, 0xA7, 0x18, 0xA7, 0x19,
    0xA7, 0x92, 0x03, 0x68, 0x95, 0x9C, 0x7A, 0xE0, 0x8F, 0x6B, 0xC8, 0x30, 0x1C, 0xB7, 0x65, 0x85,
    0x57, 0xB2, 0x7C, 0x22, 0x0A, 0x1B, 0xD9, 0x20, 0x42, 0x4A, 0x97, 0x3A, 0xF8, 0x7C, 0xA5, 0x74,
    0x1D, 0x8D, 0xAB, 0xFE, 0xA7, 0x96, 0x78, 0x4D, 0x7E, 0x72, 0xF4, 0x1D, 0xF2, 0xEC, 0x98, 0x1B,
    0x79, 0xD1, 0x20, 0xB1, 0x9D, 0x20, 0x9A, 0x58, 0x56, 0x0D, 0x7E, 0x1F, 0x75, 0xB9, 0xBC, 0xB9,
    0x56, 0xDC, 0x8C, 0x0F, 0xB7, 0xB3, 0xA9, 0x65, 0x59, 0x6A, 0x58, 0x50, 0x90, 0xC9, 0x52, 0xE1,
    0xFF, 0x26, 0xC9, 0x87, 0x58, 0xE8, 0x9B, 0x8A, 0xB8, 0xCF, 0x96, 0x0D, 0xF2, 0x5F, 0x69, 0x10,
    0x04, 0x23, 0xBC, 0x0F, 0x0B, 0xE6, 0xDE, 0xD8, 0x33, 0x16, 0xB4, 0xC2, 0xFF, 0xCA, 0xE6, 0x51,
    0x8C, 0x4F, 0x2D, 0xAD, 0xD2, 0x08, 0x6A, 0xFE, 0xA7, 0xFD, 0x04, 0x29, 0x0A, 0xE2, 0xEB, 0x05,
    0xE8, 0x44, 0x08, 0xF9, 0xC8, 0xFE, 0xAB, 0xFC, 0x16, 0x5F, 0xCC, 0x54, 0x2F, 0x54, 0x88, 0x95,
    0x57, 0x60, 0xFA, 0x19, 0x6C, 0xEB, 0x7F, 0x50, 0xCE, 0x6A, 0x02, 0x01, 0xA0, 0xDD, 0x76, 0x0D,
    0x24, 0x5A, 0x6C, 0x14, 0x0E, 0xC6, 0xB5, 0x93, 0xAA, 0x87, 0xEE, 0x3F, 0x9E, 0xE3, 0x70, 0x53,
    0x53, 0xF0, 0x79, 0xB3, 0x6B, 0xC7, 0x53, 0xF1, 0xDB, 0xA4, 0x3F, 0xB5, 0x69, 0xD0, 0x9E, 0x65,
    0xE7, 0x05, 0x61, 0x38, 0x29, 0x3B, 0x6B, 0xB1, 0x0F, 0xF6, 0x39, 0xAF, 0xB4, 0x57, 0x72, 0xF9,
    0xB5, 0x4D, 0x64, 0x71, 0xC2, 0xD9, 0x02, 0x03, 0x8C, 0x80, 0x34, 0xA2, 0xEC, 0x2A, 0xA2, 0x8C,
    0x77, 0x69, 0x62, 0x39, 0xB0, 0x67, 0xEB, 0xE8, 0x2E, 0x4E, 0xF8, 0x9E, 0xEC, 0x8F, 0x89, 0xDA,
    0x81, 0xC2, 0xDA, 0xE8, 0x80, 0x4F, 0xBB, 0x66, 0xEB, 0x59, 0x6C, 0xE8, 0xD9, 0xD1, 0xA5, 0xA9,
    0xA5, 0xB7, 0x59, 0x40, 0x71, 0xC0, 0xE3, 0x6A, 0x15, 0xCB, 0xEA, 0x07, 0x8F, 0x19, 0xC5, 0x41,
    0x08, 0x71, 0x06, 0x63, 0xB8, 0xA0, 0x18, 0xC5, 0xD2, 0x16, 0xEA, 0x4C, 0x15, 0x51, 0xC9, 0x07,
    0x7F, 0xF0, 0x3D, 0x9B, 0x72, 0x39, 0xA1, 0xEB, 0x63, 0x83, 0x7A, 0x48, 0xA8, 0xB6, 0xEB, 0xE8,
    0xDD, 0xB2, 0x3F, 0x5B, 0x79, 0x8B, 0xE3, 0x34, 0xB2, 0xAA, 0xDC, 0xE6, 0x82, 0x7F, 0xFA, 0x61,
    0xCC, 0xAA, 0x3D, 0xEC, 0x86, 0x0F, 0x0B, 0x9B, 0xBB, 0x93, 0x24, 0x28, 0x0F, 0x3E, 0xA0, 0x0B,
    0x1C, 0x5A, 0xA2, 0x1C, 0xE1, 0xB7, 0xF2, 0x89, 0xA8, 0xC4, 0x38, 0xDF, 0x95, 0xF2, 0x76, 0x07,
    0x7D, 0x3A, 0x1A, 0x82, 0x2E, 0x92, 0xAC, 0xAC, 0x4C, 0x2C, 0xA3, 0xE7, 0xE1, 0x16, 0x36, 0x0F,
    0x50, 0xFE, 0x42, 0xE2, 0xA9, 0xA8, 0x90, 0x26, 0xD0, 0x84, 0x7B, 0x0D, 0x8E, 0x94, 0x5B, 0x1C,
    0x18, 0x19, 0x84, 0x7A, 0x8D, 0x34, 0x1B, 0x61, 0x9B, 0x5C, 0x62, 0xA1, 0x1D, 0x9F, 0x5A, 0x21,
    0x58, 0x69, 0x64, 0x5F, 0xC9, 0x75, 0x09, 0x0D, 0x15, 0x92, 0x67, 0x95, 0x92, 0xE7, 0x55, 0x12,
    0x67, 0x51, 0x01, 0xDA, 0x77, 0xAF, 0x99, 0x69, 0x30, 0xBB, 0x9D, 0x6B, 0x91, 0x5F, 0xCC, 0x29,
    0x83, 0xA4, 0xAF, 0xD7, 0x23, 0xE4, 0xFC, 0xA8, 0x88, 0x5C, 0xD2, 0x63, 0x5A, 0x61, 0x1A, 0x70,
    0xA6, 0x4F, 0x83, 0x14, 0x34, 0x27, 0x96, 0x23, 0x7B, 0xB6, 0x91, 0xB5, 0xC8, 0x07, 0x0D, 0xDA,
    0x70, 0xFB, 0x06, 0xF1, 0xF1, 0x33, 0x37, 0x6C, 0x5C, 0x0B, 0xD0, 0x02, 0xB2, 0xDA, 0x3A, 0x5A,
    0x1B, 0x57, 0xE2, 0x87, 0x85, 0xCA, 0xD7, 0x1A, 0x53, 0x59, 0xBB, 0xB2, 0x3C, 0xB5, 0x64, 0xEB,
    0xA8, 0x54, 0x85, 0x9F, 0x06, 0xB9, 0x0F, 0x0B, 0x41, 0xA2, 0x2B, 0xB9, 0x0A, 0x99, 0x01, 0x27,
    0x58, 0xBB, 0xE5, 0x72, 0x83, 0x6B, 0x8D, 0x3E, 0xD5, 0x86, 0x6E, 0x45, 0xE2, 0xB3, 0x26, 0x9C,
    0xB2, 0xBB, 0xD3, 0x51, 0x3E, 0xF1, 0xE3, 0xED, 0x9D, 0x44, 0xD0, 0x98, 0x58, 0x59, 0x41, 0x61,
    0x6C, 0x69, 0xE1, 0xA7, 0x38, 0x20, 0x45, 0x05, 0xF0, 0x12, 0x9B, 0x1A, 0x9F, 0x1D, 0x70, 0x09,
    0x61, 0xBB, 0x53, 0x06, 0x51, 0x0D, 0x20, 0x7C, 0x11, 0xAB, 0x4C, 0x22, 0x12, 0x1A, 0x3E, 0x86,
    0x8B, 0x5D, 0xB7, 0x75, 0x91, 0x8F, 0x67, 0x1F, 0xBB, 0x5D, 0xCB, 0x85, 0x85, 0x71, 0xE3, 0x07,
    0xFE, 0x3E, 0x36, 0xC0, 0x1D, 0xF9, 0xBA, 0xE9, 0xB0, 0x86, 0xA3, 0x3E, 0x3A, 0xA7, 0xE7, 0x6B,
    0x2E, 0xDC, 0x1E, 0xBB, 0x99, 0x1B, 0xEB, 0xF4, 0xA2, 0xB8, 0xAF, 0xF5, 0x9A, 0x43, 0xC6, 0xA0,
    0xA0, 0xD0, 0x2E, 0x8F, 0x79, 0xB8, 0x54, 0x1E, 0xD0, 0xF9, 0x1A, 0x65, 0x6C, 0xF4, 0x0B, 0x82,
    0xE7, 0xE1, 0xDC, 0x69, 0x89, 0xFE, 0x0D, 0xBD, 0x59, 0x3F, 0x6C, 0xDD, 0xC6, 0x19, 0xFF, 0x48,
    0x4A, 0x62, 0xEC, 0x43, 0x74, 0x19, 0xA4, 0xC6, 0x85, 0x2C, 0x33, 0x43, 0x06, 0x23, 0xD0, 0x33,
    0x17, 0x0F, 0xAF, 0xC0, 0xB3, 0x48, 0xD9, 0x28, 0x3A, 0x18, 0x68, 0x34, 0x48, 0xC9, 0xD0, 0xC1,
    0x01, 0x32, 0xC5, 0x40, 0x21, 0x0F, 0x2E, 0xA0, 0x02, 0x8E, 0x49, 0xDB, 0x43, 0x86, 0x02, 0x81,
    0xF7, 0x0E, 0xC9, 0xE0, 0xA1, 0x95, 0x07, 0x6B, 0xD0, 0x60, 0x20, 0x96, 0x79, 0x91, 0x87, 0x0E,
    0x05, 0x12, 0x3A, 0x1D, 0x3A, 0x96, 0x46, 0x1D, 0x17, 0x4D, 0xD0, 0x84, 0x4D, 0x99, 0x98, 0x8E,
    0x48, 0x5E, 0x7F, 0xDF, 0xF1, 0x3D, 0xE9, 0xC9, 0x6E, 0x1A, 0x27, 0x92, 0xF5, 0x1E, 0xEF, 0x7B,
    0x7C, 0xE4, 0xF1, 0xFB, 0x73, 0xF7, 0xFD, 0xF9, 0xDD, 0xF1, 0x00, 0x05, 0x71, 0xA4, 0x82, 0x78,
    0x94, 0x88, 0x0E, 0x90, 0x24, 0x0F, 0x5F, 0x1F, 0xDF, 0x20, 0xC4, 0x37, 0xE6, 0x6F, 0xA4, 0x5E,
    0x09, 0xE9, 0x20, 0x6E, 0x8F, 0x13, 0x59, 0xC9, 0x7D, 0x12, 0xBA, 0x21, 0xFF, 0xA3, 0x88, 0x82,
    0x77, 0x03, 0x8A, 0x7E, 0x79, 0x14, 0x8D, 0x28, 0xE9, 0x37, 0x3E, 0x8F, 0xDE, 0x25, 0x0A, 0x3E,
    0xB2, 0xC9, 0xFF, 0xC2, 0x43, 0xDF, 0x1A, 0xCF, 0x64, 0xE6, 0x59, 0xD3, 0xF8, 0x13, 0x95, 0xE4,
    0x3C, 0xD2, 0x24, 0xF2, 0x20, 0x96, 0x99, 0x1F, 0xCA, 0xF4, 0xA7, 0x24, 0xD1, 0x45, 0xE4, 0x44,
    0x6E, 0x81, 0xDB, 0xBA, 0xA4, 0x9F, 0xD4, 0xF3, 0x44, 0x15, 0x6D, 0x35, 0x0B, 0xD7, 0x9D, 0xFB,
    0x14, 0x4A, 0xFD, 0x20, 0x0D, 0xB4, 0x56, 0x3F, 0x1B, 0xD3, 0x61, 0x9F, 0xDB, 0xD1, 0x89, 0x19,
    0x5F, 0x57, 0xF2, 0x72, 0x3E, 0x4E, 0x6B, 0x87, 0xA9, 0x3B, 0x43, 0xDD, 0x23, 0x74, 0x5E, 0xCE,
    0xE5, 0xBE, 0x2E, 0x7B, 0x6F, 0xCD, 0xA0, 0x43, 0x52, 0x05, 0x79, 0x54, 0xFA, 0xA9, 0x97, 0x89,
    0x50, 0xE6, 0x02, 0x32, 0xC6, 0xC9, 0x29, 0x67, 0xC8, 0xAA, 0xBA, 0x44, 0xCD, 0x39, 0x74, 0xC8,
    0xE8, 0x60, 0xF2, 0x19, 0x78, 0xEB, 0x98, 0x7C, 0xB5, 0xE3, 0x9C, 0x02, 0x05, 0xFD, 0x0B, 0x72,
    0x60, 0x47, 0xBE, 0xF5, 0x31, 0x72, 0xB7, 0xFF, 0x5A, 0x3A, 0x96, 0x7F, 0xCD, 0x7D, 0xAB, 0x9C,
    0xA5, 0x22, 0xA0, 0xAB, 0x7E, 0x4C, 0xB2, 0x20, 0x4F, 0x87, 0xBD, 0x24, 0xBF, 0x20, 0xAA, 0x8B,
    0x54, 0x07, 0x6A, 0x56, 0x96, 0xB3, 0xB6, 0xBE, 0x45, 0x51, 0x41, 0x6E, 0x09, 0x8B, 0x3A, 0x74,
    0x61, 0x96, 0x2E, 0x04, 0xB4, 0x26, 0x3F, 0xCF, 0xEC, 0xDB, 0xE1, 0xF2, 0x11, 0xAA, 0x82, 0xB0,
    0xF2, 0xE9, 0x85, 0xD1, 0xBE, 0x55, 0x53, 0xFA, 0x2A, 0x94, 0x7B, 0xAD, 0x22, 0x27, 0x25, 0x2F,
    0x94, 0xB4, 0xE2, 0xA8, 0x8E, 0xF8, 0x3C, 0xCD, 0x7A, 0xC7, 0xAC, 0x6C, 0xF5, 0x7C, 0x8F, 0xC2,
    0xF3, 0xAB, 0x17, 0x88, 0xBA, 0xAB, 0xB7, 0xB6, 0x08, 0xFF, 0xC5, 0x0D, 0x3A, 0xDE, 0x3D, 0x46,
    0x6F, 0xAC, 0xCE, 0xC8, 0x07, 0x69, 0x2E, 0xAD, 0xDB, 0x8E, 0x72, 0x53, 0x92, 0x21, 0x35, 0x8B,
    0x35, 0x41, 0xA7, 0xB4, 0xE5, 0x2E, 0x30, 0x83, 0x67, 0xE2, 0x83, 0x52, 0x59, 0x37, 0x94, 0xFF,
    0x1E, 0xB4, 0x53, 0x81, 0xA7, 0x82, 0x87, 0xF9, 0xE8, 0xDC, 0x3C, 0xBD, 0x7F, 0xD4, 0xCE, 0x6E,
    0x8A, 0x8D, 0xDC, 0x7B, 0x27, 0x0B, 0xA4, 0x8A, 0x70, 0xFD, 0xD5, 0x54, 0xDE, 0xC9, 0x9D, 0xB4,
    0xA0, 0xBC, 0x47, 0x2F, 0x8C, 0x44, 0xBA, 0xC6, 0x41, 0x34, 0x3D, 0x74, 0x3C, 0x87, 0x59, 0xAB,
    0xA2, 0xEA, 0x95, 0x3F, 0xFC, 0x4F, 0xE5, 0x27, 0x17, 0x1C, 0x85, 0x39, 0x8A, 0xB3, 0xAE, 0x3C,
    0x99, 0xAE, 0x62, 0x6E, 0xB2, 0xE3, 0xAB, 0xF2, 0x64, 0xD6, 0x5D, 0x95, 0xAF, 0x2B, 0x90, 0x06,
    0xCA, 0xCB, 0x57, 0xA1, 0xBC, 0x3C, 0x1D, 0x1F, 0xEF, 0xCA, 0x53, 0xE9, 0xB9, 0x19, 0xFF, 0x6E,
    0x91, 0xCB, 0xC9, 0xF9, 0xD7, 0x94, 0xAB, 0x58, 0xF9, 0x47, 0x3F, 0x5F, 0x1F, 0x52, 0x7E, 0x72,
    0x71, 0x31, 0x0C, 0x78, 0x7E, 0xE0, 0x2E, 0x35, 0x8F, 0xF3, 0x09, 0x57, 0xF5, 0x1C, 0x3E, 0x8E,
    0x89, 0x58, 0x6A, 0xB2, 0xAE, 0x11, 0x4D, 0x10, 0xF5, 0xB6, 0x0F, 0xA3, 0x72, 0x33, 0x7C, 0x85,
    0x0E, 0x19, 0x47, 0x34, 0xD7, 0xED, 0x6B, 0xE4, 0x25, 0x34, 0x2B, 0xC3, 0x69, 0x88, 0xF2, 0x88,
    0x4E, 0x10, 0xAD, 0x91, 0x8D, 0x51, 0x23, 0x35, 0x7B, 0x5D, 0x05, 0x5A, 0x4D, 0x2E, 0x86, 0xD6,
    0xA0, 0xCF, 0x21, 0xF4, 0xF1, 0xE1, 0x3E, 0x64, 0x2D, 0x11, 0x49, 0xF5, 0x92, 0x50, 0x5D, 0x19,
    0x07, 0x0D, 0x8D, 0xC2, 0x5F, 0x49, 0xE6, 0xBE, 0xBA, 0x88, 0x87, 0x17, 0xF1, 0x4D, 0xBE, 0xF7,
    0xAB, 0x29, 0x09, 0x35, 0xE9, 0x0D, 0x34, 0x1D, 0xA4, 0x0F, 0x2B, 0x69, 0x1C, 0x8B, 0x1B, 0x3C,
    0x84, 0x1A, 0xF6, 0x5C, 0xD8, 0x38, 0x4B, 0x6C, 0xBA, 0xCE, 0xA2, 0x26, 0x09, 0x93, 0xBA, 0x43,
    0x7A, 0xA8, 0xF1, 0xFF, 0x08, 0xCD, 0x47, 0xB3, 0x7E, 0xDD, 0xC1, 0x54, 0x3C, 0x45, 0xEB, 0xA0,
    0xEF, 0xBA, 0x7F, 0xD5, 0xAE, 0xBD, 0xEC, 0x18, 0x45, 0x71, 0x14, 0x07, 0x26, 0x92, 0x9E, 0x27,
    0x4F, 0x39, 0xB9, 0x9D, 0x5F, 0xCF, 0x92, 0xD8, 0x0A, 0x45, 0xFA, 0x41, 0xFA, 0x66, 0xEA, 0x0C,
    0x7D, 0xA3, 0x7A, 0x72, 0x61, 0xAC, 0x21, 0xEF, 0xF7, 0x2A, 0x70, 0xF2, 0xAD, 0xC3, 0x77, 0x33,
    0x81, 0x99, 0x58, 0xA0, 0xEE, 0x38, 0x75, 0x30, 0xFA, 0xA7, 0x52, 0xF1, 0x49, 0xE1, 0xE4, 0x15,
    0x0E, 0xF7, 0x5E, 0x09, 0xB7, 0xF1, 0x30, 0x37, 0x12, 0x5E, 0x43, 0x96, 0x91, 0x22, 0x52, 0xCE,
    0x02, 0x1F, 0xA4, 0x04, 0x45, 0xDE, 0x4C, 0x79, 0x22, 0xE0, 0x22, 0x6B, 0x86, 0xE6, 0x4C, 0x31,
    0xEC, 0xA0, 0x8E, 0x62, 0x2A, 0xC2, 0x05, 0x50, 0x69, 0x95, 0x6C, 0x23, 0x46, 0x7C, 0x72, 0xA1,
    0x37, 0xCE, 0x23, 0xB3, 0x36, 0xC3, 0x34, 0x3F, 0x07, 0x6A, 0xA7, 0x29, 0xA8, 0xB3, 0xA1, 0x91,
    0x0D, 0xC4, 0x1C, 0xBB, 0xB8, 0x34, 0xA3, 0xD7, 0x21, 0x57, 0xB3, 0x38, 0x6B, 0x91, 0xAC, 0x79,
    0x23, 0x37, 0x63, 0x37, 0x8D, 0x32, 0x96, 0xF8, 0x66, 0x46, 0xE7, 0xF1, 0x50, 0x66, 0x24, 0x66,
    0x16, 0x4B, 0xCC, 0x8C, 0xC4, 0xCC, 0x0D, 0x99, 0xCA, 0xB1, 0xF7, 0x41, 0xA7, 0x67, 0xD7, 0x29,
    0x6A, 0x7A, 0x17, 0x7C, 0xC8, 0x5D, 0x9B, 0xF1, 0xCD, 0xCC, 0xCC, 0xB2, 0x44, 0x42, 0xA0, 0xA1,
    0x3B, 0x1E, 0x16, 0xA1, 0x13, 0xB3, 0xC4, 0x69, 0x3B, 0x84, 0xC4, 0x8B, 0xD7, 0x43, 0x70, 0x4F,
    0x4C, 0x5E, 0x9A, 0x5C, 0x34, 0x5E, 0x48, 0xEC, 0x34, 0x82, 0xD8, 0x6F, 0xA0, 0x17, 0x5C, 0x07,
    0x56, 0xC3, 0x7B, 0xD8, 0xEA, 0x92, 0xAD, 0x86, 0x0F, 0xF1, 0x74, 0xCB, 0x0D, 0xE8, 0xF0, 0x92,
    0xB8, 0xA3, 0x30, 0x8C, 0xF2, 0x77, 0x73, 0x25, 0x05, 0x8D, 0x44, 0x87, 0xD1, 0xF9, 0x8E, 0xB1,
    0xB7, 0x67, 0xEC, 0x5D, 0x3B, 0x67, 0xAC, 0x66, 0x7B, 0xED, 0x4F, 0xD8, 0x5E, 0xE7, 0x43, 0xB6,
    0x57, 0x84, 0x6C, 0xAF, 0xDC, 0xB6, 0x97, 0x90, 0x41, 0x30, 0xA3, 0x51, 0x8C, 0xBC, 0x4E, 0x6D,
    0x36, 0x39, 0x40, 0x74, 0x84, 0xE5, 0x5A, 0x0D, 0x3C, 0x94, 0x33, 0x1A, 0x6E, 0x26, 0x21, 0x8E,
    0x9B, 0x51, 0xD8, 0x04, 0x1F, 0x36, 0x72, 0xB3, 0xB2, 0x6E, 0x5C, 0x6D, 0x83, 0x0B, 0x77, 0xC9,
    0x64, 0x63, 0xB2, 0x4D, 0x9A, 0x5B, 0xEE, 0xE7, 0x23, 0xB2, 0x6A, 0xBE, 0xC6, 0x52, 0x1C, 0x26,
    0x2E, 0x18, 0x90, 0xE4, 0xDE, 0xE3, 0x9C, 0x26, 0x3B, 0x1E, 0x1E, 0xE9, 0x81, 0x3B, 0x2D, 0x73,
    0x1A, 0x5F, 0xE3, 0x24, 0xF7, 0xF5, 0xEB, 0x15, 0x59, 0x1A, 0xA9, 0xC2, 0x4E, 0x21, 0x19, 0x43,
    0xA6, 0xC9, 0x65, 0xC1, 0x88, 0xA0, 0x48, 0x2D, 0xA5, 0x96, 0xBE, 0xAF, 0x4B, 0x57, 0x57, 0x7D,
    0xFE, 0xFC, 0x2C, 0xF9, 0x1C, 0xD4, 0x17, 0xA9, 0x1F, 0x06, 0xFB, 0x21, 0xD7, 0xE6, 0x38, 0x73,
    0x79, 0xD2, 0xE4, 0x2F, 0x98, 0x9F, 0x95, 0xED, 0x8F, 0x5C, 0x99, 0xC2, 0x07, 0x83, 0x06, 0xCF,
    0xFE, 0x56, 0x83, 0xD5, 0x1B, 0x53, 0xF1, 0x33, 0x97, 0x7B, 0x84, 0xBD, 0x35, 0x38, 0x0D, 0x06,
    0xFE, 0x69, 0x38, 0xDC, 0xA8, 0x15, 0x3E, 0x73, 0x91, 0x86, 0xB3, 0xF3, 0x37, 0x66, 0xEA, 0x80,
    0xA9, 0x7B, 0x2A, 0xEC, 0xCB, 0x30, 0xC3, 0xFE, 0x98, 0x34, 0xB9, 0xEB, 0x81, 0xD5, 0xDA, 0x0C,
    0x6F, 0xA2, 0x57, 0xF8, 0xE7, 0x44, 0xCD, 0x91, 0x46, 0xBF, 0xA9, 0x89, 0x51, 0xC0, 0xBF, 0x6B,
    0x3A, 0x0C, 0xB9, 0x77, 0x59, 0x23, 0xC4, 0x8E, 0xF9, 0x11, 0x73, 0x8D, 0x99, 0x0B, 0x30, 0xC7,
    0x80, 0xCC, 0x58, 0xCD, 0x22, 0x74, 0xE9, 0xD9, 0xE6, 0x1E, 0xCB, 0xC3, 0xD0, 0x7C, 0xFA, 0x9A,
    0x31, 0x41, 0xC1, 0x92, 0x31, 0x48, 0xC5, 0x8F, 0x44, 0x45, 0xB2, 0xF9, 0x27, 0x4A, 0x5F, 0xD4,
    0x2B, 0x48, 0xE3, 0x05, 0x8A, 0x91, 0x6E, 0x47, 0x12, 0x45, 0xCE, 0x6A, 0x6E, 0xE4, 0x6E, 0xE1,
    0x94, 0x32, 0xB3, 0x4B, 0x5F, 0x59, 0x19, 0x5B, 0x86, 0x78, 0x33, 0xB9, 0x7C, 0xB8, 0x45, 0x2D,
    0xB8, 0xA0, 0x00, 0x92, 0xBD, 0x9C, 0x0E, 0x89, 0x92, 0x6E, 0xDA, 0x5A, 0xE7, 0xB4, 0x84, 0x7C,
    0xCA, 0x49, 0xC9, 0x2E, 0xFB, 0xB1, 0x80, 0xAC, 0x73, 0x90, 0x33, 0x5B, 0xD1, 0xCA, 0x60, 0x51,
    0x08, 0x6D, 0x4E, 0xA5, 0x64, 0xB5, 0x61, 0x12, 0x69, 0x5D, 0x4E, 0x35, 0xD7, 0x4B, 0xA7, 0xA2,
    0x65, 0xB4, 0x6E, 0xBF, 0xD1, 0x56, 0x03, 0x62, 0x72, 0xEA, 0xC5, 0x70, 0xC7, 0xB5, 0x8A, 0x0E,
    0x38, 0xEC, 0x14, 0x15, 0x75, 0xA6, 0x9A, 0x95, 0xF5, 0xA8, 0x35, 0x98, 0x87, 0x0F, 0x83, 0x80,
    0x53, 0x87, 0xE1, 0x58, 0xBC, 0xF7, 0xFC, 0x79, 0x6E, 0x03, 0x74, 0xB8, 0x35, 0x4B, 0x56, 0x26,
    0xF6, 0x96, 0xFF, 0x32, 0x8A, 0xCB, 0x3A, 0x92, 0xC8, 0xBA, 0x1F, 0xD2, 0xC4, 0xE8, 0x5E, 0xEB,
    0x8E, 0xE9, 0x42, 0x66, 0xE4, 0xBC, 0xB8, 0xDC, 0x72, 0x4E, 0x01, 0x3E, 0xD0, 0xE7, 0x29, 0x8F,
    0xA9, 0x26, 0x8C, 0x5A, 0x0C, 0xC3, 0x29, 0x98, 0xEB, 0x94, 0x9D, 0xEE, 0x8A, 0x0F, 0xCE, 0x01,
    0x77, 0x7C, 0x19, 0x77, 0x0D, 0xA3, 0x1F, 0xC7, 0xA7, 0xE3, 0xC6, 0x80, 0x79, 0x38, 0x46, 0xAC,
    0x1F, 0xAF, 0x0C, 0x50, 0x14, 0xA0, 0x53, 0xC3, 0x40, 0xB9, 0x42, 0x68, 0xE3, 0x7A, 0xC2, 0x3C,
    0x02, 0xC5, 0x24, 0x05, 0xF1, 0x33, 0x10, 0x2F, 0x0B, 0x74, 0xEE, 0xE5, 0x2F, 0xD6, 0xF3, 0x5E,
    0x3E, 0xB8, 0xE6, 0xA7, 0x83, 0x7E, 0x11, 0x13, 0x16, 0x8D, 0xE0, 0x9A, 0x6A, 0x6E, 0x14, 0x64,
    0x98, 0xB6, 0x1F, 0xB7, 0x40, 0x08, 0x7B, 0x0D, 0x70, 0x6E, 0x07, 0x08, 0x9A, 0x5E, 0x16, 0x7D,
    0x28, 0x88, 0x3F, 0x41, 0x3D, 0x05, 0x2D, 0x0A, 0xE4, 0x12, 0x47, 0x39, 0x3A, 0x66, 0x02, 0xFC,
    0xE0, 0x7C, 0x9C, 0x83, 0xFC, 0xA9, 0x02, 0xB9, 0x53, 0x83, 0x28, 0xCD, 0x24, 0xBA, 0x03, 0xE2,
    0xFF, 0x1D, 0x44, 0x3E, 0x54, 0xDC, 0x13, 0xC4, 0x66, 0x42, 0x86, 0x04, 0x6A, 0xEA, 0x3E, 0x50,
    0x50, 0x54, 0x91, 0x50, 0x7D, 0xFE, 0xEC, 0xFF, 0x1E, 0xFF, 0x71, 0x4C, 0xA4, 0xAD, 0x0D, 0xAA,
    0x92, 0x8F, 0x8A, 0x61, 0x23, 0xD2, 0x49, 0x14, 0x36, 0x1B, 0x86, 0xA8, 0xE4, 0x49, 0x0D, 0x03,
    0xE6, 0xC2, 0xB5, 0x57, 0x25, 0x03, 0x92, 0x6E, 0x91, 0xF6, 0x86, 0xE9, 0x62, 0x3A, 0x9B, 0xC7,
    0x44, 0x8E, 0x9C, 0x62, 0x37, 0xBF, 0x82, 0x59, 0x4B, 0x7A, 0x50, 0x04, 0x86, 0x6A, 0x71, 0x44,
    0x7D, 0x40, 0x68, 0xA7, 0xFB, 0x29, 0x9C, 0xC3, 0x80, 0x24, 0xA7, 0x47, 0x80, 0x17, 0x38, 0xBC,
    0xAD, 0xF6, 0x51, 0xB8, 0x1F, 0xA3, 0x08, 0x24, 0x9B, 0x30, 0xF8, 0x1B, 0x0D, 0xB9, 0x57, 0x8F,
    0xED, 0x93, 0xE5, 0x33, 0x40, 0x53, 0x74, 0x91, 0xE7, 0xFB, 0xA2, 0xC4, 0xB5, 0x89, 0xD1, 0x7D,
    0x1B, 0xF1, 0x43, 0xF4, 0xF2, 0x31, 0xBA, 0x25, 0x2E, 0xE7, 0xF6, 0xE7, 0x0A, 0x4B, 0x03, 0xBA,
    0x4D, 0xF6, 0x66, 0x2C, 0x36, 0x32, 0x9F, 0x6E, 0x1E, 0xA6, 0xA3, 0x6D, 0x9F, 0x2E, 0xEB, 0xB1,
    0xB6, 0x43, 0x0F, 0x87, 0xF5, 0x10, 0x09, 0xF4, 0x18, 0x67, 0x71, 0x33, 0xAC, 0x42, 0x97, 0xC9,
    0x2A, 0x54, 0xB8, 0x94, 0x82, 0x5C, 0x81, 0xEC, 0xE8, 0x1D, 0x74, 0x08, 0x3E, 0x66, 0x3D, 0xFE,
    0xC5, 0x7A, 0x54, 0xAC, 0x47, 0x31, 0xD0, 0xC3, 0xFE, 0x12, 0x7A, 0x38, 0xDB, 0xAA, 0x70, 0x01,
    0x26, 0xD7, 0xB8, 0xBB, 0xC1, 0x2A, 0x9D, 0xFE, 0xF5, 0x44, 0x2B, 0x5D, 0x2C, 0x21, 0xDC, 0x53,
    0xB7, 0x62, 0xC0, 0x59, 0xFE, 0x00, 0xE2, 0x18, 0x52, 0xB5, 0xE4, 0x08, 0x57, 0x7F, 0x2C, 0xB2,
    0xF4, 0x67, 0xE5, 0xD0, 0xAA, 0xEE, 0xFF, 0xC3, 0xC0, 0xFD, 0x11, 0xDE, 0x42, 0x20, 0x4C, 0xBF,
    0xB8, 0x93, 0x31, 0x66, 0x5E, 0xDD, 0x1F, 0xE1, 0xE2, 0x12, 0xA4, 0x61, 0xAD, 0xD4, 0x27, 0x16,
    0x85, 0xFB, 0x69, 0xB4, 0xCF, 0x7F, 0xCD, 0x1A, 0x90, 0xA7, 0x7B, 0x0B, 0xFF, 0x6A, 0x7D, 0x0A,
    0x79, 0xBD, 0xB1, 0x92, 0x18, 0xC0, 0x63, 0x96, 0x00, 0x4F, 0x7A, 0xCC, 0x6A, 0x8D, 0x57, 0x11,
    0x50, 0x52, 0x73, 0x3A, 0x8A, 0xAE, 0x30, 0x80, 0xF9, 0x33, 0x9E, 0xF5, 0xBE, 0xE4, 0xB9, 0xE3,
    0x22, 0xE9, 0x32, 0x17, 0x46, 0x6D, 0xC3, 0x84, 0xAF, 0x9D, 0xE1, 0x6C, 0xCE, 0x40, 0x8B, 0x8B,
    0x97, 0xC7, 0x0B, 0x18, 0xAE, 0xB4, 0xCD, 0xB5, 0xB6, 0x02, 0x63, 0xF5, 0xEB, 0x54, 0x6E, 0xE5,
    0x3C, 0xF1, 0x05, 0x96, 0xAA, 0xD8, 0xD1, 0x51, 0x19, 0xB0, 0x27, 0xC4, 0xCF, 0xA0, 0xE4, 0x50,
    0xB4, 0x65, 0x84, 0xCF, 0x51, 0xD4, 0x00, 0x2B, 0x3A, 0x25, 0x10, 0x93, 0x5B, 0x58, 0x15, 0x6F,
    0x22, 0x71, 0x49, 0x18, 0xAB, 0x29, 0x29, 0x82, 0x7F, 0xE2, 0x8C, 0xD7, 0x49, 0x45, 0xC5, 0xC4,
    0x9C, 0xE1, 0x09, 0x51, 0xA0, 0x74, 0x88, 0xC2, 0x6B, 0x38, 0x92, 0x74, 0x28, 0x50, 0x47, 0x62,
    0xF1, 0x75, 0xEA, 0xC7, 0xE2, 0x1B, 0xEC, 0x48, 0x9D, 0xF9, 0xFA, 0x51, 0x04, 0x5C, 0x17, 0x95,
    0x3B, 0xFD, 0xD2, 0x66, 0x33, 0xDE, 0x26, 0xB3, 0xC8, 0x34, 0xB8, 0x79, 0x25, 0x86, 0x21, 0x58,
    0xAE, 0x6D, 0xA0, 0x8E, 0xCD, 0xD5, 0x58, 0x6D, 0x35, 0x66, 0xE1, 0x3E, 0x86, 0xBD, 0x86, 0xE0,
    0x41, 0x83, 0x1A, 0xD8, 0xC0, 0xA5, 0xD0, 0x30, 0x64, 0x89, 0xD3, 0x50, 0xF4, 0x85, 0x0E, 0xBD,
    0x32, 0x51, 0xDB, 0x49, 0xB6, 0x6C, 0xD7, 0x5A, 0x40, 0x2B, 0x1C, 0xDD, 0x7B, 0xC2, 0x93, 0x4B,
    0x16, 0x06, 0xC7, 0xB9, 0x8B, 0x24, 0x11, 0x2E, 0xEF, 0x09, 0x4F, 0xA7, 0x7C, 0x1E, 0x40, 0xE3,
    0x16, 0xC9, 0xA5, 0x92, 0x9E, 0x1B, 0xCB, 0x76, 0xCD, 0xD3, 0x89, 0x57, 0x49, 0x7C, 0x52, 0x92,
    0xB8, 0x5B, 0x60, 0x5B, 0x60, 0x7E, 0xF7, 0x3A, 0x8E, 0xB4, 0x7B, 0x25, 0xD6, 0xDD, 0x94, 0x2C,
    0x05, 0xFD, 0x1E, 0xA4, 0xFD, 0xD2, 0xBD, 0x3B, 0xBE, 0xD6, 0x4A, 0xB8, 0x12, 0x7A, 0x7A, 0x53,
    0xE7, 0xC1, 0x65, 0x7D, 0xA5, 0xF2, 0xE7, 0xB4, 0x55, 0x8F, 0x9A, 0xDE, 0xFC, 0xC0, 0x18, 0x50,
    0xBF, 0x0E, 0x1E, 0xE8, 0x95, 0x3F, 0x32, 0x0F, 0x5C, 0x46, 0xF6, 0xD0, 0x96, 0xA6, 0x91, 0x04,
    0x29, 0x64, 0x3A, 0xFA, 0xF2, 0xBD, 0x6F, 0x2B, 0xAF, 0x76, 0x75, 0x3F, 0x9E, 0x56, 0x62, 0xA1,
    0x4B, 0x7F, 0x83, 0x77, 0xF9, 0x12, 0x2A, 0x12, 0x93, 0x6B, 0xDA, 0x03, 0xE7, 0x51, 0x38, 0x12,
    0xA8, 0xC3, 0xDE, 0xB7, 0x95, 0xAD, 0xCD, 0x0E, 0x05, 0xA2, 0x11, 0x08, 0xC4, 0xE5, 0xDD, 0x39,
    0xAB, 0xE9, 0x03, 0x20, 0xA8, 0x53, 0xF5, 0xE1, 0x80, 0xE8, 0xE7, 0x87, 0xB3, 0xE8, 0xA6, 0x0B,
    0xF2, 0x3F, 0x04, 0x82, 0x8A, 0xA1, 0xFA, 0x60, 0x5F, 0x09, 0xAB, 0x11, 0xBD, 0xB2, 0x62, 0xB2,
    0x59, 0x62, 0x3C, 0xC2, 0x42, 0x45, 0x1A, 0x47, 0x35, 0x5F, 0xC7, 0x2A, 0xAF, 0xD8, 0x59, 0xE3,
    0xD9, 0xFD, 0xBC, 0xD0, 0x6C, 0x89, 0xED, 0x09, 0x4F, 0x9E, 0x86, 0xC7, 0xDC, 0x6F, 0x37, 0x3C,
    0xB7, 0x5D, 0xA5, 0xDC, 0x72, 0x95, 0x5D, 0xEA, 0x88, 0x5A, 0x8C, 0x6C, 0xC1, 0x1B, 0xCA, 0xC6,
    0xE6, 0xD1, 0x05, 0x6C, 0x9F, 0x91, 0x83, 0x62, 0xF8, 0xDD, 0x07, 0xF6, 0x07, 0xFC, 0x36, 0xE1,
    0x44, 0x21, 0x96, 0x46, 0x4E, 0xD1, 0x5F, 0x18, 0x4D, 0xCE, 0x23, 0xC3, 0xF0, 0xC2, 0x4C, 0x7C,
    0xF7, 0xE1, 0xD5, 0xFD, 0x3D, 0x21, 0x8C, 0xB6, 0x18, 0x42, 0xEB, 0x4F, 0x2F, 0xF7, 0x31, 0x84,
    0xFE, 0xC3, 0x14, 0x76, 0xAF, 0x1E, 0x22, 0xB7, 0x29, 0xCC, 0x3A, 0xD3, 0xC2, 0xEA, 0xD2, 0xBE,
    0xC4, 0x5E, 0x04, 0x78, 0xA1, 0x13, 0x92, 0x9B, 0x3A, 0x06, 0x58, 0x50, 0x8C, 0x63, 0x12, 0x8C,
    0x0B, 0xB4, 0xDB, 0x6A, 0xFC, 0x3F, 0x32, 0x2F, 0x00, 0x22, 0x92, 0x9F, 0x82, 0xE9, 0xC0, 0x91,
    0xDB, 0x24, 0x73, 0x12, 0x01, 0xA2, 0x37, 0x15, 0xD9, 0xFF, 0x80, 0x6D, 0x56, 0xFC, 0x76, 0xFF,
    0xFA, 0xE4, 0xFC, 0x59, 0xDC, 0xFC, 0x0F, 0x44, 0xCB, 0x66, 0x09, 0x1E, 0x80, 0xAC, 0x8E, 0xCA,
    0x61, 0x06, 0xE2, 0x7B, 0x89, 0x57, 0x0B, 0x1E, 0x2A, 0xA1, 0xBF, 0x33, 0xDF, 0xD2, 0x59, 0x24,
    0x6E, 0xC4, 0x32, 0x6B, 0x08, 0xCD, 0xC2, 0x27, 0xF5, 0x0E, 0x76, 0xEA, 0xFD, 0xA0, 0x7E, 0xD2,
    0xE1, 0x19, 0xD9, 0x48, 0xB5, 0x0D, 0x6B, 0x76, 0xCB, 0x73, 0x90, 0x6F, 0xEF, 0xC1, 0x8C, 0xB0,
    0xB7, 0x27, 0x3C, 0x6D, 0xE4, 0x5B, 0xA1, 0xD7, 0x91, 0x6F, 0x2B, 0x7A, 0xCE, 0xCE, 0x76, 0xCD,
    0xD3, 0x56, 0x6B, 0x24, 0xEE, 0xA1, 0x2E, 0xDE, 0x1B, 0x0E, 0xA2, 0x5D, 0xE8, 0x38, 0x62, 0x36,
    0xC9, 0x31, 0x33, 0x47, 0x07, 0x83, 0xD0, 0x6E, 0xB0, 0xB7, 0x9F, 0x09, 0x73, 0xEB, 0x84, 0x39,
    0x01, 0x98, 0xA1, 0xB3, 0xEF, 0x99, 0xD7, 0x40, 0xAD, 0x24, 0x1D, 0x46, 0x73, 0x5A, 0x25, 0x4E,
    0xA2, 0xB4, 0xC0, 0x95, 0x69, 0xB4, 0x1E, 0xBC, 0x6D, 0x15, 0x92, 0x32, 0x48, 0x52, 0xAD, 0x24,
    0x09, 0x49, 0x33, 0x5B, 0xC3, 0x61, 0xF6, 0x0D, 0x12, 0x83, 0x4D, 0xE3, 0xE1, 0x85, 0xD0, 0xE4,
    0x3C, 0x02, 0x30, 0xCA, 0xA3, 0x1C, 0xDE, 0xC2, 0x8E, 0x96, 0x8B, 0xEF, 0x25, 0x05, 0xFA, 0xB9,
    0x15, 0xF6, 0x5B, 0x1C, 0xBD, 0xF9, 0x08, 0x13, 0xF7, 0x17, 0xBD, 0x03, 0x0B, 0xF1, 0xD6, 0x07,
    0xD5, 0x83, 0xE5, 0x9E, 0x1B, 0x3F, 0x2B, 0x41, 0x2D, 0xCA, 0x65, 0xF7, 0xBE, 0xC5, 0xFB, 0xFB,
    0xD9, 0x20, 0xA3, 0xEF, 0xA5, 0x20, 0xBC, 0x53, 0x02, 0xA4, 0x0B, 0x06, 0xE4, 0x85, 0x91, 0x67,
    0x64, 0x0C, 0x57, 0x28, 0x06, 0x32, 0xBC, 0x26, 0xEF, 0xBF, 0xE1, 0x5B, 0x5C, 0x98, 0x9C, 0xD7,
    0x55, 0x50, 0xF8, 0xB9, 0xAB, 0x64, 0xE6, 0xC6, 0xC2, 0xBC, 0x75, 0x63, 0x28, 0x3A, 0x8D, 0xA0,
    0xC6, 0xC4, 0x36, 0x40, 0x3B, 0x09, 0x36, 0x40, 0x23, 0xDE, 0x0B, 0xE2, 0x0A, 0x94, 0xB6, 0x41,
    0xC9, 0xAB, 0x2E, 0xAF, 0xDD, 0xF2, 0xE2, 0x6A, 0x17, 0xC0, 0xDF, 0xF0, 0xEE, 0xD1, 0x74, 0xF3,
    0xF2, 0xF6, 0x0D, 0xE1, 0x76, 0x7B, 0x8B, 0xC4, 0x43, 0xAD, 0x44, 0x73, 0x26, 0x17, 0x40, 0x89,
    0x02, 0x7B, 0x6E, 0x68, 0x95, 0xC8, 0x87, 0x1A, 0xFF, 0x2F, 0x71, 0x1D, 0x67, 0x42, 0xDF, 0xC8,
    0xC4, 0x57, 0x1A, 0xBA, 0x4C, 0x6C, 0xF3, 0x00, 0x7F, 0xE4, 0xE7, 0x36, 0x41, 0xAF, 0xE2, 0xBD,
    0x48, 0x19, 0x11, 0xBF, 0xC5, 0xA3, 0xF9, 0x89, 0x67, 0x62, 0xC7, 0x7F, 0x01, 0xBD, 0x5A, 0x3D,
    0x8C, 0xDC, 0xC6, 0x15, 0x7E, 0x4B, 0x4A, 0x26, 0x8C, 0x01, 0x8E, 0x2E, 0x22, 0xC4, 0xF1, 0x45,
    0x62, 0x93, 0xC2, 0x30, 0x24, 0xB1, 0x8C, 0x8A, 0x93, 0x48, 0x49, 0x85, 0x4B, 0x5D, 0x21, 0x25,
    0x85, 0x0B, 0xB9, 0x8D, 0x5D, 0x5C, 0x0A, 0x15, 0x17, 0x40, 0x32, 0x19, 0x38, 0x40, 0x8A, 0x14,
    0x56, 0x63, 0xA7, 0x70, 0x11, 0x17, 0x29, 0x82, 0x73, 0x21, 0x15, 0x57, 0x38, 0x80, 0x2C, 0xD2,
    0x52, 0xE1, 0x22, 0x85, 0x69, 0x07, 0x48, 0xAA, 0x00, 0x04, 0x7C, 0x51, 0x00, 0x15, 0x31, 0xE1,
    0xF0, 0xA0, 0xB5, 0x44, 0x72, 0xF2, 0x7D, 0x33, 0xE4, 0xDE, 0x8F, 0xEF, 0xCE, 0xBA, 0xBB, 0xDD,
    0xDB, 0xDB, 0x79, 0xB7, 0x4B, 0x72, 0x67, 0xDE, 0x7B, 0x33, 0xEF, 0xBD, 0xEF, 0xBD, 0x19, 0x11,
    0xBE, 0x02, 0x9D, 0x8B, 0xF8, 0x24, 0xE6, 0x35, 0x6A, 0x41, 0x1C, 0x0D, 0xE2, 0x92, 0x78, 0x59,
    0x8C, 0xBB, 0x11, 0xEE, 0xCE, 0x85, 0x20, 0x67, 0x82, 0x52, 0x64, 0xC1, 0xAF, 0x44, 0x96, 0x15,
    0xC8, 0xAA, 0x37, 0x16, 0x59, 0xFF, 0x65, 0x23, 0x23, 0xAD, 0x5B, 0x71, 0x8A, 0x51, 0x27, 0x6E,
    0x2E, 0x5A, 0xBC, 0x54, 0xB2, 0xD8, 0x8F, 0x25, 0xC9, 0x97, 0x8A, 0x91, 0x5E, 0xD3, 0x63, 0x4F,
    0x37, 0x62, 0xBA, 0xAC, 0x4C, 0x33, 0x03, 0xAD, 0xA4, 0x18, 0x7B, 0x2C, 0xD1, 0x83, 0x46, 0xC2,
    0x8B, 0xAD, 0x1C, 0x97, 0x0E, 0x57, 0x3B, 0x79, 0x41, 0x77, 0x12, 0x3D, 0xEA, 0xD0, 0x41, 0x87,
    0x9E, 0xD0, 0xD0, 0x69, 0xE6, 0x76, 0x92, 0xFC, 0x57, 0xC7, 0xC1, 0x38, 0x1B, 0xF8, 0xC4, 0xEB,
    0xE4, 0xA8, 0x00, 0x6F, 0x1F, 0xE2, 0x8A, 0xD2, 0x29, 0x3A, 0xFC, 0xAB, 0x1C, 0x85, 0x0C, 0xBE,
    0x54, 0xA2, 0xFE, 0x41, 0x39, 0xD0, 0xD7, 0x7D, 0x39, 0xBC, 0x2C, 0xB3, 0xE4, 0x36, 0xE0, 0x00,
    0x37, 0x49, 0xC6, 0x24, 0x46, 0x80, 0x8C, 0xFA, 0x0F, 0xCB, 0x03, 0xF3, 0xEC, 0x80, 0x21, 0x95,
    0xDA, 0xBE, 0x03, 0xF2, 0x0A, 0xFE, 0xBD, 0xB6, 0x57, 0x3D, 0xF9, 0x4E, 0xEC, 0x48, 0x4E, 0x61,
    0x2F, 0x85, 0x3A, 0x1D, 0x75, 0x77, 0x2A, 0xAF, 0x76, 0xC7, 0x7E, 0xE9, 0x8C, 0xC3, 0x7C, 0x54,
    0x9A, 0xA7, 0xD0, 0x45, 0xB6, 0xAD, 0x25, 0xB9, 0xED, 0x21, 0xC2, 0x4F, 0x83, 0x4A, 0x5E, 0x56,
    0x63, 0xF9, 0xC4, 0xD1, 0x58, 0x30, 0x4B, 0x9C, 0x60, 0xFB, 0xF2, 0x6A, 0xF1, 0x0B, 0x89, 0x62,
    0x59, 0x36, 0x5F, 0x57, 0x52, 0xA5, 0xC7, 0xE1, 0x83, 0x26, 0x8A, 0x9B, 0x4C, 0xEA, 0x4C, 0xC0,
    0x73, 0xFF, 0xC6, 0xE7, 0x24, 0x3E, 0x16, 0xE5, 0x3F, 0x0D, 0x9E, 0x36, 0x8E, 0x2E, 0x87, 0xDF,
    0xA3, 0x4F, 0x09, 0xC0, 0xEE, 0xF9, 0x80, 0xDA, 0x4C, 0x67, 0xC1, 0xA2, 0x8E, 0x1D, 0x9D, 0x7B,
    0x0F, 0x2A, 0x5F, 0x56, 0x0F, 0xC4, 0xA2, 0x5B, 0x43, 0x4C, 0x68, 0xD0, 0xE5, 0xA4, 0xC5, 0x33,
    0xD1, 0x22, 0xB9, 0x88, 0x49, 0x8F, 0x1D, 0x4C, 0x8B, 0x9F, 0x60, 0x05, 0x5C, 0x88, 0x30, 0xF9,
    0x8D, 0x99, 0x91, 0x19, 0xB0, 0xE8, 0xC7, 0xB5, 0xFB, 0x75, 0x39, 0x82, 0x95, 0x65, 0x07, 0x63,
    0x51, 0xCE, 0xBB, 0xF4, 0x0F, 0x57, 0xD0, 0xA1, 0xC7, 0xA5, 0xED, 0x34, 0xFD, 0xF5, 0x44, 0x77,
    0xB1, 0x04, 0x5D, 0x56, 0x8B, 0xDB, 0x38, 0xB0, 0x9F, 0x06, 0x6B, 0x1D, 0x24, 0xCA, 0x49, 0x0A,
    0x90, 0xB0, 0x04, 0x09, 0x0C, 0xA9, 0x06, 0x62, 0xAE, 0x85, 0xC5, 0xF0, 0x5C, 0x42, 0xA2, 0xF1,
    0x33, 0xA7, 0x95, 0xF9, 0xEE, 0x4E, 0x6D, 0x3B, 0x15, 0x4F, 0xBF, 0x5B, 0xC1, 0x34, 0x7F, 0x8F,
    0x81, 0xA3, 0x3F, 0x60, 0xE0, 0xE8, 0x3D, 0xDA, 0x44, 0x2A, 0xA3, 0xBF, 0x80, 0xF8, 0x1A, 0xAA,
    0x88, 0xBE, 0x84, 0x84, 0x49, 0x0A, 0x25, 0x64, 0xD4, 0x4C, 0xC6, 0xBB, 0x7A, 0x2B, 0x31, 0xD7,
    0x92, 0x98, 0x0F, 0xE7, 0x10, 0x3F, 0x7C, 0xF6, 0xCD, 0x9A, 0xA8, 0x2E, 0x68, 0xF6, 0xC7, 0x7D,
    0xA4, 0xAB, 0xA0, 0xFA, 0x71, 0xBB, 0xB8, 0x2F, 0xEE, 0xC1, 0x29, 0x27, 0x00, 0xE3, 0x47, 0x70,
    0x0D, 0xAF, 0x65, 0x6B, 0xFC, 0xEC, 0xB4, 0x51, 0x1A, 0xE8, 0x2C, 0x05, 0x37, 0x69, 0x12, 0x67,
    0x29, 0x19, 0x27, 0xA3, 0x43, 0x23, 0xBF, 0x19, 0xD8, 0xC5, 0xB7, 0x9C, 0xCC, 0x6E, 0xF0, 0x6A,
    0xD8, 0x45, 0xEB, 0xFA, 0x8F, 0x7A, 0x3C, 0xDF, 0x7D, 0x3C, 0xC6, 0xD8, 0xCB, 0x68, 0xE7, 0xFA,
    0x26, 0x93, 0xA6, 0x75, 0xEE, 0xB6, 0xD7, 0xE2, 0x2D, 0xD7, 0x1A, 0x79, 0x11, 0xED, 0x14, 0xDA,
    0x99, 0xF9, 0x6E, 0xE5, 0xD3, 0x84, 0x6E, 0x6F, 0x5B, 0x24, 0x91, 0xB7, 0x62, 0x44, 0x80, 0x5A,
    0xC2, 0xCF, 0x20, 0x5E, 0x0A, 0x4F, 0x05, 0x0D, 0xF2, 0x4F, 0x6B, 0x2D, 0x7A, 0x65, 0x85, 0x4B,
    0xC4, 0xAC, 0xA1, 0x24, 0x1D, 0x41, 0x43, 0x73, 0xE2, 0x77, 0x9F, 0xC2, 0xDF, 0xD6, 0x1B, 0x81,
    0xE4, 0xAE, 0x8A, 0xE5, 0xD6, 0x12, 0x16, 0x30, 0x3D, 0xD9, 0xDA, 0xD4, 0x79, 0x55, 0xF1, 0xAA,
    0x78, 0x8F, 0x2A, 0x8C, 0x89, 0x65, 0xF1, 0x4E, 0x3C, 0x1D, 0x9E, 0x3D, 0xC8, 0xEE, 0xE3, 0x3B,
    0x83, 0x42, 0xEF, 0x23, 0xA6, 0xC9, 0xB3, 0x71, 0xE2, 0xC6, 0x52, 0xE3, 0xC1, 0x47, 0x1C, 0x8A,
    0xE7, 0xE9, 0xF1, 0xE6, 0xE5, 0x36, 0xF4, 0x5C, 0xE8, 0x5B, 0xD8, 0x18, 0x9F, 0xFE, 0xDC, 0xBC,
    0x89, 0xE5, 0xED, 0x69, 0x6B, 0x79, 0x63, 0x24, 0x3B, 0x4B, 0x67, 0x81, 0x76, 0x8B, 0xC6, 0x0A,
    0x9F, 0xAB, 0x7A, 0x3D, 0xD7, 0x08, 0xA8, 0x17, 0x30, 0x06, 0x97, 0xB3, 0xAA, 0xA6, 0xAE, 0x63,
    0x78, 0x38, 0x81, 0x8B, 0x13, 0xFA, 0xB8, 0xDE, 0xC9, 0x1D, 0x7E, 0x5D, 0x88, 0xCB, 0xBE, 0x15,
    0x9F, 0x0B, 0x14, 0xFA, 0x5D, 0x18, 0xF5, 0x61, 0x58, 0xE6, 0xE9, 0x1A, 0xF5, 0xC7, 0xAD, 0x00,
    0x42, 0x68, 0x01, 0xA2, 0x48, 0xE0, 0x11, 0x10, 0x45, 0xE9, 0x87, 0x8D, 0x43, 0x36, 0xF3, 0x3D,
    0x90, 0xE3, 0xD7, 0x60, 0xE9, 0x81, 0x2E, 0x92, 0x1C, 0xD0, 0x24, 0x22, 0xC4, 0x80, 0xAF, 0xD6,
    0x74, 0xD6, 0x9A, 0xEA, 0xD6, 0xE0, 0xFA, 0x83, 0x8E, 0x3E, 0x7F, 0x6D, 0xD3, 0xD8, 0x19, 0xFD,
    0x47, 0x21, 0xEE, 0x97, 0x80, 0x48, 0x31, 0xE3, 0xF3, 0x28, 0x96, 0x95, 0x2B, 0x95, 0xD2, 0x5D,
    0x15, 0xE4, 0x4D, 0x1C, 0x42, 0xA0, 0x28, 0xBD, 0x6F, 0x5A, 0x98, 0xB7, 0xE2, 0x7F, 0xD5, 0x08,
    0x1D, 0xB6, 0xF7, 0x3B, 0xC2, 0x2A, 0x30, 0xFC, 0xF8, 0xCF, 0x70, 0x92, 0x3A, 0xF6, 0xA0, 0xC4,
    0xE8, 0xFD, 0x24, 0x6F, 0xC4, 0x37, 0xAD, 0x95, 0x30, 0x8E, 0x1E, 0x13, 0x9A, 0xDC, 0xEE, 0x07,
    0x3A, 0xED, 0x70, 0x15, 0xBC, 0x61, 0x90, 0x2B, 0x16, 0xE8, 0x68, 0x2C, 0x47, 0x26, 0xA4, 0x8A,
    0x6F, 0x88, 0xBB, 0xC5, 0x9A, 0x67, 0x25, 0xA4, 0x09, 0x58, 0x66, 0x3A, 0x6D, 0xE8, 0x7A, 0xE9,
    0xE8, 0x84, 0xFC, 0xBE, 0xF9, 0xCF, 0x4A, 0xC8, 0x59, 0xCB, 0x72, 0x95, 0xEA, 0xA3, 0xED, 0xBA,
    0x04, 0x06, 0x2E, 0x3B, 0x74, 0x26, 0xA6, 0x92, 0x5B, 0xFB, 0x87, 0x99, 0x4B, 0x38, 0x4B, 0x21,
    0x89, 0xB5, 0xF0, 0x53, 0x0C, 0xE7, 0x7D, 0x45, 0xBF, 0x2D, 0x37, 0x86, 0xE0, 0xF8, 0x99, 0xEE,
    0x02, 0x7D, 0x31, 0xFB, 0x6E, 0x4B, 0x8C, 0xFE, 0x3E, 0x81, 0xF9, 0x17, 0x70, 0x2B, 0x4B, 0xC5,
    0xEE, 0x8F, 0x90, 0xCC, 0x77, 0x71, 0xB2, 0x9E, 0xE8, 0x07, 0x5A, 0xDB, 0xCC, 0xC2, 0x26, 0x15,
    0x94, 0x90, 0x88, 0xE4, 0xA4, 0x54, 0x83, 0x9D, 0xD2, 0x61, 0x04, 0x24, 0x6A, 0x3B, 0x79, 0x0B,
    0xE4, 0x09, 0x96, 0xB6, 0xEA, 0x96, 0x60, 0xC4, 0x0D, 0x26, 0x44, 0x8D, 0x71, 0x4B, 0xD5, 0x3F,
    0x48, 0x82, 0x56, 0xB5, 0x92, 0x69, 0xB8, 0x1E, 0x23, 0x96, 0x18, 0xB9, 0xC4, 0x08, 0x66, 0x68,
    0x41, 0xE7, 0x09, 0xCE, 0xDE, 0xEE, 0x56, 0xB2, 0xC7, 0xFD, 0x95, 0x9E, 0x52, 0x3C, 0x31, 0xF2,
    0x6D, 0xBD, 0xBE, 0x0B, 0x35, 0x62, 0x8A, 0x95, 0x73, 0x9B, 0x28, 0x19, 0x31, 0xC1, 0xD2, 0xD3,
    0x8F, 0x26, 0xF2, 0xDC, 0x8F, 0x07, 0x79, 0xC2, 0x41, 0x9E, 0xFD, 0x88, 0xC2, 0x00, 0x93, 0x7F,
    0x94, 0x3C, 0x2D, 0xD7, 0x75, 0x7E, 0xFB, 0xAC, 0x9D, 0xB3, 0x22, 0x20, 0x74, 0x92, 0xE7, 0x7C,
    0x93, 0x59, 0xBA, 0x0A, 0x09, 0x8A, 0x5F, 0x47, 0x5D, 0xF5, 0x1B, 0x5D, 0xBC, 0xC9, 0xAC, 0x49,
    0x8E, 0x5F, 0x25, 0xDE, 0x80, 0x79, 0x3B, 0xBB, 0xBF, 0x3D, 0x1D, 0x87, 0xE6, 0xB7, 0x80, 0xD6,
    0xA1, 0x41, 0xC6, 0x07, 0x1E, 0x3D, 0xEB, 0xF8, 0xC6, 0xEB, 0xC4, 0x22, 0x75, 0xE6, 0x53, 0xD2,
    0x5D, 0xDF, 0x01, 0xA5, 0x27, 0x93, 0x0B, 0x6E, 0x1E, 0x5E, 0x4F, 0x7D, 0x2D, 0xCE, 0xF8, 0x50,
    0xB2, 0xDF, 0x55, 0x04, 0x58, 0x11, 0x24, 0x2A, 0xF7, 0xC7, 0xC3, 0x01, 0x47, 0x5C, 0xA5, 0xB9,
    0x03, 0x29, 0x78, 0x5C, 0x5C, 0xF1, 0xC8, 0xC8, 0x02, 0xC4, 0xC4, 0x11, 0xAB, 0x1E, 0x2E, 0x3D,
    0x3F, 0x0F, 0xA3, 0x52, 0x10, 0x49, 0xE1, 0x24, 0x7C, 0x60, 0xF8, 0x8E, 0xF3, 0x22, 0x26, 0x37,
    0xB3, 0x23, 0xCA, 0xE2, 0xC1, 0x35, 0xB3, 0x1F, 0x3D, 0xFC, 0x5D, 0xB7, 0xB4, 0xA8, 0x7A, 0x82,
    0xF5, 0x0F, 0x45, 0x30, 0x7E, 0x94, 0x83, 0x03, 0xE3, 0x66, 0x37, 0x11, 0xAE, 0x31, 0xAE, 0x7A,
    0x45, 0x21, 0x83, 0xB2, 0x87, 0x9A, 0x4E, 0xE3, 0x63, 0x5C, 0x85, 0xFF, 0xD0, 0xDD, 0xA2, 0xD5,
    0xDE, 0x89, 0xAB, 0x59, 0x1D, 0xDA, 0xEB, 0xB5, 0xF3, 0x83, 0x2D, 0x68, 0x9D, 0x26, 0xD3, 0x97,
    0x1A, 0x1B, 0xCB, 0x06, 0x64, 0xC4, 0xCC, 0x71, 0x09, 0x83, 0xDC, 0x37, 0x33, 0xA2, 0xE9, 0x22,
    0xD5, 0xC3, 0x72, 0xCE, 0xA4, 0xCD, 0xBE, 0xAE, 0x5F, 0xD0, 0xC5, 0x46, 0x96, 0xB7, 0x9F, 0xF7,
    0xC8, 0xE4, 0x45, 0x61, 0x6D, 0xC3, 0x06, 0x3F, 0x63, 0xDE, 0x42, 0x3F, 0x5D, 0x26, 0x6C, 0x78,
    0x2E, 0xCB, 0xDB, 0x78, 0x9B, 0xE9, 0x42, 0x70, 0x82, 0x3B, 0x04, 0x9B, 0x9C, 0x87, 0x72, 0xBE,
    0xBB, 0xA4, 0x6F, 0xE3, 0x6A, 0xCB, 0x5B, 0xC8, 0x43, 0x1A, 0x97, 0x9E, 0x09, 0x0B, 0xC4, 0x6D,
    0xCE, 0x73, 0xB4, 0x7B, 0x20, 0x5D, 0x67, 0xC0, 0x20, 0x03, 0x38, 0x6A, 0x26, 0x6E, 0x13, 0xF1,
    0x91, 0x80, 0x0F, 0xFB, 0x5C, 0x39, 0x1E, 0x7F, 0x8B, 0x18, 0x86, 0x79, 0x40, 0x34, 0xD3, 0x45,
    0x38, 0x40, 0xB8, 0x13, 0xD2, 0x03, 0x51, 0xF9, 0x84, 0xC4, 0x78, 0xEC, 0xD4, 0x7A, 0x6C, 0x7A,
    0x39, 0xB5, 0xA5, 0x9D, 0xB8, 0xAA, 0xEA, 0x04, 0xFA, 0xF5, 0x0B, 0x55, 0x87, 0xF8, 0x7E, 0x53,
    0xD4, 0x3A, 0x16, 0xCD, 0x93, 0x31, 0x00, 0x60, 0x8B, 0x39, 0x44, 0x50, 0xAC, 0xB3, 0x54, 0xD5,
    0x11, 0xEE, 0x07, 0x15, 0xBD, 0x5A, 0xA6, 0x2F, 0xF6, 0xB1, 0x01, 0xD3, 0xE8, 0xA2, 0x77, 0xE6,
    0xC8, 0xAC, 0x82, 0xBC, 0x30, 0xCC, 0x69, 0x82, 0x39, 0xDD, 0xDC, 0x1F, 0x1C, 0xE6, 0x13, 0xF4,
    0x89, 0x72, 0x92, 0x82, 0x4C, 0xAA, 0xD6, 0x31, 0xC6, 0xCC, 0x71, 0x1F, 0xFD, 0xF9, 0xE8, 0xEF,
    0x92, 0xED, 0x8F, 0x76, 0x15, 0x30, 0xA3, 0xC7, 0xE7, 0xD5, 0x21, 0xBA, 0x15, 0x48, 0x54, 0x63,
    0xD9, 0x86, 0x85, 0xF7, 0x6A, 0xC4, 0xC9, 0x73, 0x68, 0x27, 0x7B, 0xAC, 0xDC, 0x0E, 0x58, 0x19,
    0x0B, 0xB3, 0x93, 0x51, 0x6D, 0x03, 0x38, 0xB5, 0x11, 0xEC, 0x69, 0x34, 0x7B, 0xB8, 0x93, 0xA9,
    0xB1, 0x64, 0x55, 0x58, 0xDA, 0x8C, 0x04, 0x19, 0x24, 0x2A, 0x68, 0x07, 0x67, 0xCC, 0x76, 0x67,
    0x9D, 0x16, 0x16, 0xD2, 0x8B, 0x46, 0x7B, 0xF7, 0xC0, 0x2A, 0x32, 0x8D, 0x11, 0x32, 0x78, 0xA7,
    0x38, 0x28, 0xAB, 0x59, 0x7D, 0x2B, 0xA8, 0xEF, 0xA9, 0xBA, 0x56, 0xEB, 0xE5, 0x14, 0x75, 0xB5,
    0xF9, 0x4F, 0x16, 0xF7, 0x66, 0x60, 0xA7, 0xA5, 0xBB, 0xBD, 0x65, 0xFD, 0xD2, 0xE2, 0xFF, 0x1F,
    0x7D, 0xEF, 0x3E, 0x0B, 0x76, 0xD4, 0xD2, 0xCE, 0x3C, 0xBD, 0x8C, 0x06, 0xA3, 0x22, 0x86, 0xE8,
    0x6C, 0xE5, 0x8C, 0x49, 0xE1, 0xCF, 0xF7, 0xE6, 0x69, 0xE7, 0x79, 0x02, 0x0B, 0x5C, 0xE4, 0x12,
    0xA1, 0x26, 0xB2, 0xCB, 0x3C, 0xF5, 0xDE, 0x1F, 0x1E, 0x8A, 0xEE, 0x31, 0xE4, 0xA5, 0x73, 0x03,
    0x6A, 0xC6, 0x0F, 0xDB, 0x79, 0x78, 0xF7, 0x1A, 0xA5, 0x5C, 0x37, 0x07, 0xF4, 0x22, 0x29, 0x40,
    0xBE, 0xA8, 0x40, 0x3E, 0x6F, 0x40, 0x1E, 0xB6, 0x20, 0xB9, 0x26, 0x49, 0x1E, 0x82, 0x84, 0x5F,
    0x83, 0xF8, 0x4F, 0x72, 0x3E, 0x09, 0xE2, 0x90, 0x88, 0x21, 0xF0, 0xD2, 0x6B, 0xB0, 0xA9, 0xA4,
    0x61, 0xF8, 0xE9, 0xCB, 0xAB, 0xA9, 0xA9, 0xD1, 0x0A, 0x4D, 0xA1, 0x47, 0xB3, 0xD6, 0x1B, 0x03,
    0xB6, 0x25, 0xFF, 0x83, 0x02, 0xFC, 0xC3, 0xC0, 0xB6, 0x59, 0x73, 0xBF, 0xE1, 0xDB, 0xEE, 0x4D,
    0x7C, 0xDB, 0xED, 0x69, 0x71, 0x2F, 0x13, 0x9B, 0xB4, 0x50, 0x9F, 0x56, 0x69, 0xCC, 0x92, 0x76,
    0x39, 0xD4, 0x14, 0x53, 0x38, 0x55, 0xA6, 0xDC, 0x08, 0x12, 0x26, 0xBF, 0x88, 0x8F, 0x66, 0xDE,
    0x58, 0x2D, 0x35, 0xE5, 0x52, 0x53, 0x2F, 0x9D, 0x14, 0x4C, 0xA7, 0x24, 0xF9, 0xD9, 0x8D, 0xA5,
    0x61, 0xA3, 0xB8, 0x71, 0xC4, 0x18, 0xE6, 0xFD, 0xAB, 0xAF, 0x01, 0xB4, 0x84, 0x2D, 0x30, 0xF1,
    0x4D, 0x57, 0xFF, 0x69, 0x0C, 0x3B, 0xED, 0x06, 0xEB, 0xDD, 0x0F, 0x9D, 0xEF, 0x2E, 0xC3, 0xE6,
    0x22, 0xFD, 0x10, 0xF5, 0x3F, 0xA3, 0xA9, 0x76, 0x4F, 0x4D, 0x3D, 0xE8, 0x8C, 0xA6, 0x2E, 0x83,
    0x44, 0xD4, 0x54, 0x40, 0x4D, 0xA9, 0x89, 0xA6, 0x46, 0x46, 0x49, 0xD9, 0x44, 0x53, 0x3E, 0x35,
    0x65, 0x66, 0xCB, 0xDD, 0x4A, 0x54, 0xDA, 0x27, 0xA2, 0xD8, 0xBC, 0xA0, 0xA6, 0xA8, 0x28, 0xEA,
    0x89, 0x6A, 0xA2, 0x96, 0xF6, 0xFA, 0x83, 0x76, 0x6A, 0x28, 0x67, 0x70, 0x21, 0x4C, 0xBA, 0x2A,
    0x6B, 0xB1, 0xDC, 0x75, 0x99, 0xEC, 0x56, 0xD0, 0xA0, 0xC3, 0x89, 0x55, 0xF3, 0x93, 0x83, 0x0A,
    0xB6, 0x10, 0xB1, 0x10, 0xFD, 0x98, 0x1C, 0x33, 0x01, 0x52, 0xC2, 0x7F, 0x53, 0x8E, 0xCD, 0x06,
    0x52, 0x4C, 0x88, 0xBD, 0x61, 0x1E, 0x31, 0x0F, 0x9B, 0x9F, 0xA9, 0x0A, 0xBB, 0x3A, 0x4E, 0xF7,
    0x06, 0xF1, 0xCD, 0x46, 0xD1, 0x7D, 0x7B, 0xD9, 0x32, 0x85, 0xBF, 0x19, 0x23, 0xBF, 0x60, 0x11,
    0x35, 0x8A, 0x39, 0x4E, 0xC6, 0x92, 0xAF, 0xB9, 0x62, 0xAE, 0x9A, 0xEF, 0xB8, 0x8E, 0xD2, 0x6A,
    0x22, 0xFE, 0xA3, 0x76, 0x5B, 0xA9, 0xE7, 0x9C, 0xCB, 0x65, 0x75, 0x1D, 0xEC, 0x07, 0xA6, 0xC0,
    0x3D, 0xB9, 0x37, 0x7B, 0x41, 0x3C, 0x94, 0x77, 0x58, 0x05, 0x19, 0x31, 0x7D, 0x5F, 0x8A, 0xA7,
    0x24, 0x90, 0xF7, 0x2D, 0xFC, 0xAA, 0xFF, 0x10, 0x5D, 0x02, 0xAC, 0x21, 0xFB, 0x38, 0x75, 0x74,
    0x02, 0xC9, 0x7D, 0x6C, 0x29, 0x8D, 0xDF, 0x01, 0x26, 0x1A, 0x8B, 0xF7, 0xDB, 0x62, 0x4A, 0x02,
    0x81, 0x71, 0x14, 0x0C, 0xC1, 0x79, 0xB7, 0x02, 0x98, 0x06, 0x5B, 0xBA, 0x69, 0xB6, 0x15, 0x16,
    0x0C, 0x0A, 0x7F, 0xD5, 0x50, 0x94, 0xF2, 0x48, 0xB3, 0x81, 0xA2, 0x98, 0x00, 0xDA, 0xB2, 0xD0,
    0xB1, 0x71, 0xD7, 0x3E, 0x69, 0xE8, 0x8B, 0xA6, 0x87, 0x39, 0xC5, 0xB2, 0xFE, 0x59, 0x08, 0xD2,
    0xAD, 0xDC, 0x87, 0x24, 0x5A, 0x77, 0x93, 0x02, 0xE2, 0x2B, 0xB7, 0x59, 0x42, 0x04, 0x48, 0x01,
    0x87, 0xB5, 0xE1, 0x0D, 0xFB, 0x30, 0x59, 0x1C, 0x15, 0x21, 0xB9, 0x2D, 0xC2, 0x42, 0x93, 0x2D,
    0xD2, 0xC7, 0x2B, 0xA9, 0x51, 0x24, 0xB7, 0x1C, 0x0A, 0xBA, 0xC3, 0xA8, 0x14, 0x3C, 0x9F, 0xD4,
    0xF0, 0x6C, 0x8F, 0x3A, 0x7D, 0x07, 0xFB, 0x58, 0x65, 0xD2, 0xCA, 0x96, 0xD7, 0x24, 0x04, 0x99,
    0xE5, 0xE6, 0xA6, 0x3B, 0x6C, 0xAA, 0x98, 0x14, 0xC7, 0xEC, 0x4D, 0xA0, 0x02, 0xD1, 0x13, 0xF3,
    0xD5, 0xDC, 0x40, 0xE0, 0x85, 0x90, 0x29, 0x80, 0x71, 0x42, 0x60, 0x6C, 0xB2, 0x7A, 0x9F, 0xC0,
    0x58, 0x11, 0x18, 0xBB, 0x5B, 0x81, 0x71, 0x1E, 0x56, 0xC3, 0xAE, 0x1F, 0xB7, 0xFD, 0x4C, 0xB8,
    0x5D, 0x1E, 0x9C, 0xE7, 0xAF, 0xE8, 0x12, 0x62, 0xFF, 0x19, 0x20, 0x6E, 0x13, 0xC6, 0x6A, 0xFC,
    0x93, 0x3D, 0x31, 0x46, 0xD0, 0x62, 0xC3, 0x0B, 0x6E, 0x7F, 0xC6, 0x9C, 0xEE, 0x5A, 0x72, 0x3A,
    0x28, 0xBF, 0x5B, 0xD0, 0x7A, 0x5F, 0xB1, 0xDA, 0x08, 0x69, 0xAC, 0x51, 0xCB, 0x79, 0x16, 0xC2,
    0x83, 0xB1, 0x4C, 0xCA, 0xD4, 0xB3, 0x9E, 0x0F, 0x2F, 0xBD, 0x29, 0xCE, 0xB7, 0x95, 0x0D, 0xA3,
    0x51, 0x7C, 0xA8, 0xF9, 0xE8, 0x2B, 0x64, 0x10, 0xB2, 0xB1, 0x42, 0xAA, 0xDE, 0x9D, 0x64, 0xB0,
    0xC4, 0x75, 0xF4, 0x07, 0xEB, 0x0D, 0xD3, 0x20, 0x0D, 0xD3, 0x39, 0x16, 0x7F, 0x8C, 0x9C, 0x3E,
    0xF9, 0x85, 0x65, 0xA2, 0x03, 0x16, 0xBB, 0xB9, 0x82, 0x8B, 0xE3, 0xF0, 0x0B, 0x17, 0xB0, 0x48,
    0x22, 0xB6, 0x38, 0xC8, 0xC3, 0x7F, 0x67, 0x28, 0xA0, 0x6C, 0x58, 0x23, 0x30, 0x1B, 0xFC, 0x3F,
    0x16, 0x90, 0x45, 0x6B, 0x2B, 0xB1, 0xD2, 0x55, 0x78, 0x71, 0x1C, 0x49, 0xCD, 0xED, 0xAE, 0x31,
    0x0F, 0x42, 0xF0, 0xF1, 0xA4, 0x39, 0xE6, 0x34, 0x0B, 0x82, 0x4C, 0xAE, 0x89, 0x3E, 0xA8, 0x95,
    0x2E, 0x26, 0xA6, 0x5C, 0x1A, 0xA0, 0x20, 0xF5, 0x3D, 0x6C, 0x6D, 0x9F, 0x9A, 0x09, 0x8B, 0x26,
    0x03, 0xF6, 0x86, 0x0C, 0x78, 0xFF, 0x2C, 0x4E, 0x8B, 0x9D, 0x39, 0xB1, 0xD6, 0xC6, 0x55, 0xCC,
    0xF6, 0x76, 0x69, 0x2B, 0xB0, 0xCF, 0xCF, 0xD0, 0xB2, 0x89, 0xDC, 0x7E, 0x0E, 0x08, 0xE4, 0xDC,
    0x49, 0x1D, 0xEB, 0x9C, 0x9C, 0x12, 0x50, 0x65, 0x4C, 0x47, 0xC6, 0x64, 0xB1, 0x98, 0x85, 0x0A,
    0xB1, 0xA7, 0xE2, 0xFD, 0xB3, 0xE0, 0x26, 0x66, 0xB6, 0xEF, 0x59, 0xCE, 0x58, 0x9D, 0xCC, 0xEE,
    0x3C, 0xCD, 0x64, 0xD5, 0xC7, 0xDE, 0xFD, 0xDD, 0x9E, 0x28, 0x8B, 0x1D, 0x0E, 0x40, 0x96, 0x5A,
    0xD6, 0x60, 0x19, 0x65, 0x8C, 0x9B, 0x74, 0xEB, 0x09, 0xF4, 0xE5, 0x91, 0x8C, 0x57, 0x9A, 0xA1,
    0xC4, 0xF2, 0x26, 0xB1, 0x30, 0xF4, 0xAC, 0xBE, 0x63, 0xD2, 0x35, 0xBF, 0x1E, 0xC3, 0x8A, 0x77,
    0x7C, 0x7B, 0xCC, 0x72, 0x4A, 0x6E, 0xB1, 0x9C, 0xDB, 0x49, 0xBF, 0xBB, 0x7B, 0x83, 0x19, 0x8A,
    0x46, 0x40, 0x7F, 0x4F, 0xDE, 0xAC, 0xA5, 0x2E, 0x11, 0x11, 0x36, 0x44, 0xD8, 0x25, 0xB7, 0x1C,
    0x44, 0x28, 0xF7, 0xC1, 0x95, 0x73, 0xE7, 0xE9, 0x6D, 0x4C, 0x32, 0x7F, 0xB3, 0x37, 0x57, 0xD7,
    0xBF, 0xA3, 0x11, 0x11, 0xCF, 0xED, 0xA2, 0x52, 0x7C, 0x80, 0x0F, 0xDB, 0x59, 0xA5, 0x1B, 0x07,
    0x4C, 0x4E, 0x13, 0x50, 0x21, 0x53, 0x38, 0x9F, 0xA0, 0xD3, 0x9F, 0xA9, 0xDB, 0x83, 0x0E, 0x11,
    0x4E, 0x97, 0x50, 0xB7, 0x2B, 0x90, 0x61, 0xFA, 0xFC, 0xE1, 0xF3, 0x13, 0xD7, 0x90, 0xC6, 0x92,
    0x53, 0xC0, 0x1F, 0xDC, 0x6F, 0xD4, 0x8F, 0x79, 0x14, 0x65, 0xD3, 0xC8, 0x74, 0xDB, 0x17, 0xB1,
    0xCA, 0xF5, 0x33, 0x9C, 0xB2, 0xF9, 0x0F, 0xC4, 0x18, 0xA5, 0xB7, 0x26, 0x99, 0x02, 0x6A, 0x85,
    0x49, 0x05, 0x86, 0xA0, 0x24, 0x32, 0xAE, 0x7E, 0x90, 0xD4, 0x78, 0xCE, 0x33, 0x25, 0x27, 0xFD,
    0x0C, 0x7A, 0x41, 0xE1, 0x6A, 0xF3, 0x40, 0x8A, 0xDA, 0xF4, 0x86, 0xD3, 0x12, 0x47, 0x22, 0x9B,
    0xA9, 0x3F, 0x67, 0xDD, 0xAC, 0x24, 0x9A, 0x63, 0x42, 0xE9, 0xFF, 0xB1, 0x10, 0x7B, 0x34, 0x6B,
    0x38, 0x9B, 0x75, 0x34, 0xB2, 0x71, 0xD1, 0x9A, 0x33, 0x04, 0x12, 0xD1, 0xAC, 0x55, 0x39, 0x0B,
    0x29, 0xB9, 0x01, 0x68, 0x4C, 0xDD, 0x7B, 0x9D, 0xA7, 0x35, 0xE8, 0x54, 0xDC, 0x0F, 0xE3, 0xFE,
    0x04, 0xD9, 0x51, 0x88, 0x3A, 0x8A, 0x87, 0xCD, 0x96, 0x85, 0x05, 0xE6, 0x1F, 0xA7, 0xB9, 0x71,
    0x7E, 0x73, 0xB0, 0xBE, 0x99, 0xCC, 0xAA, 0x34, 0x09, 0xA1, 0x66, 0xD3, 0x6F, 0x9D, 0xA9, 0xCB,
    0xF9, 0x11, 0xCE, 0xAA, 0xFF, 0x39, 0x86, 0x0C, 0xAF, 0xE4, 0xF6, 0xB4, 0x98, 0xAC, 0x2E, 0x4C,
    0x5F, 0x4A, 0x78, 0x27, 0x5D, 0x63, 0xEB, 0x60, 0x69, 0x8D, 0x0C, 0x71, 0x07, 0x41, 0xC9, 0x7E,
    0x89, 0xCF, 0x2A, 0xB5, 0xCF, 0xED, 0x3E, 0xC4, 0xD7, 0xEC, 0x71, 0x33, 0xC8, 0x71, 0x6B, 0xA8,
    0xB2, 0x58, 0x34, 0x6A, 0x3E, 0x19, 0xD3, 0x40, 0x0E, 0x3C, 0x2D, 0x11, 0xB8, 0x11, 0x2A, 0x0B,
    0x93, 0x7A, 0xF5, 0xE6, 0x13, 0x86, 0x9B, 0x14, 0x69, 0x85, 0xB5, 0x83, 0x8B, 0xF7, 0xB0, 0xB4,
    0xF6, 0xBA, 0xBA, 0x71, 0x5F, 0xC7, 0xAF, 0x02, 0x09, 0xE0, 0xA0, 0xD0, 0x05, 0x59, 0x5A, 0xC3,
    0x86, 0x48, 0x02, 0x98, 0x8B, 0x68, 0x91, 0x41, 0x25, 0xDC, 0x18, 0x4E, 0x7D, 0x83, 0x5B, 0xF3,
    0x53, 0x06, 0x8C, 0x16, 0x67, 0x50, 0xE1, 0x77, 0xBF, 0x28, 0x31, 0xAC, 0x76, 0xDF, 0xAB, 0xF8,
    0x4F, 0xBD, 0x5E, 0x23, 0x24, 0x66, 0x57, 0xDC, 0x06, 0x5B, 0xAB, 0xC9, 0x7B, 0x6E, 0x73, 0x17,
    0x96, 0xF8, 0xAF, 0x51, 0x5B, 0x99, 0x5A, 0x20, 0xDD, 0x1C, 0x0E, 0x71, 0x64, 0x3C, 0x0F, 0x36,
    0x36, 0xBB, 0xCA, 0x10, 0x85, 0x79, 0x0F, 0xF6, 0x84, 0xC2, 0x8D, 0x24, 0x50, 0x99, 0x4D, 0xAE,
    0xC0, 0x58, 0x93, 0x99, 0xF0, 0xC9, 0x01, 0x41, 0x4C, 0xF9, 0x35, 0x89, 0x4F, 0x2C, 0x46, 0xFA,
    0x52, 0x99, 0xD4, 0x6A, 0xEC, 0x56, 0x2A, 0x77, 0xC7, 0x5E, 0xAD, 0x62, 0xC2, 0x64, 0x05, 0xFD,
    0xFB, 0xCD, 0x1C, 0xEC, 0xF0, 0x64, 0x7B, 0x12, 0xC9, 0xD1, 0xE9, 0x0E, 0x86, 0x91, 0x9D, 0xCB,
    0x18, 0xA4, 0x6F, 0x44, 0x37, 0x88, 0x77, 0x88, 0x78, 0xA2, 0x32, 0x34, 0x45, 0x72, 0x22, 0x2B,
    0x3F, 0xF7, 0x07, 0xE4, 0xCB, 0x7A, 0x25, 0xF7, 0x27, 0x90, 0xCA, 0x73, 0x63, 0x70, 0x79, 0xA8,
    0xEA, 0x69, 0x7D, 0x19, 0x88, 0xBB, 0x1B, 0x65, 0x29, 0xF4, 0x71, 0x81, 0xCC, 0x2D, 0x70, 0xB2,
    0x57, 0xB9, 0xBB, 0x41, 0xE4, 0xCD, 0xF3, 0x95, 0xC9, 0xBB, 0xC4, 0xDF, 0x7F, 0x63, 0x05, 0xE0,
    0x1B, 0xB1, 0x47, 0x31, 0x6D, 0x7F, 0x3C, 0x26, 0xBA, 0x99, 0xF0, 0xDA, 0x75, 0x9E, 0xF1, 0xD2,
    0xC3, 0x0A, 0x27, 0xC8, 0x62, 0x7C, 0x03, 0x9C, 0x75, 0x73, 0x0B, 0x67, 0xAF, 0x5D, 0x3D, 0xB1,
    0xA8, 0x9B, 0x08, 0xA5, 0x7D, 0x2F, 0xF7, 0x4B, 0x2F, 0xC5, 0xB4, 0x23, 0x1A, 0x52, 0xF5, 0x27,
    0x21, 0x21, 0x64, 0xEA, 0xA8, 0xE3, 0x1B, 0xF6, 0x77, 0x51, 0x69, 0x31, 0x1C, 0xE5, 0xF0, 0xD3,
    0xC9, 0x99, 0x1C, 0x82, 0x78, 0x14, 0x4F, 0xE5, 0x35, 0xBA, 0x8A, 0x33, 0xCC, 0x55, 0x22, 0x3E,
    0x61, 0xC8, 0xB1, 0x91, 0x1C, 0x89, 0x68, 0xA3, 0xCE, 0x56, 0x68, 0x15, 0xBE, 0x9F, 0x1A, 0xCC,
    0x4C, 0x57, 0xC9, 0x4A, 0x56, 0xDD, 0x44, 0xA2, 0xBB, 0x0C, 0x2C, 0x7B, 0x03, 0xC6, 0xF2, 0x12,
    0xCF, 0x56, 0xA8, 0xC6, 0x7A, 0x2F, 0x8A, 0xC3, 0x85, 0x61, 0x0A, 0x0D, 0xB6, 0x57, 0xF0, 0xB6,
    0x8C, 0x19, 0x5B, 0xC6, 0x42, 0x19, 0xEB, 0xC7, 0x1F, 0xD7, 0x40, 0x2B, 0x16, 0x67, 0x9A, 0xAD,
    0xAB, 0xCA, 0x8A, 0x7D, 0xC6, 0xF6, 0x7F, 0xFC, 0xDA, 0x35, 0x26, 0xD5, 0x72, 0xF6, 0x17, 0x1D,
    0x36, 0x4D, 0x1B, 0xA0, 0x86, 0xCA, 0x82, 0x3B, 0xAE, 0x32, 0x6D, 0x5D, 0xB4, 0x3B, 0x76, 0x30,
    0x94, 0x1B, 0x87, 0x85, 0xC2, 0xF9, 0x80, 0x2C, 0xCE, 0x74, 0x5F, 0x79, 0x62, 0x59, 0x2A, 0xE8,
    0xCB, 0x53, 0xA3, 0x19, 0xF0, 0x1B, 0xF6, 0xA7, 0x2D, 0xF9, 0xFF, 0xF8, 0xE1, 0xF9, 0x35, 0x30,
    0x9E, 0x9B, 0x5C, 0x9B, 0x60, 0xFC, 0x34, 0xF9, 0x75, 0xF3, 0x05, 0x19, 0x61, 0x1F, 0x4B, 0xB2,
    0x72, 0x28, 0x6B, 0x1E, 0x8A, 0xDF, 0x04, 0xC7, 0x1C, 0xEF, 0xBB, 0xF5, 0x79, 0xD4, 0x10, 0xBC,
    0xE7, 0xDB, 0x00, 0xB9, 0xDE, 0xC6, 0x5A, 0x17, 0xFF, 0x07, 0xD5, 0x5A, 0x31, 0x93, 0xD5, 0xD6,
    0x15, 0x3E, 0x7A, 0x62, 0x79, 0x63, 0x6B, 0x66, 0xE5, 0xCC, 0x78, 0x27, 0xF1, 0xAC, 0x41, 0x7F,
    0x00, 0xAC, 0x94, 0x14, 0x80, 0xB4, 0x4E, 0xE1, 0xC2, 0x85, 0xB7, 0x60, 0xE3, 0x22, 0x05, 0x14,
    0x6E, 0x42, 0xB3, 0x8D, 0x33, 0x43, 0x66, 0x16, 0x24, 0xDB, 0x99, 0x71, 0x91, 0x22, 0xDB, 0xC4,
    0x4D, 0x0A, 0xA7, 0x48, 0x11, 0x3F, 0x17, 0xDE, 0x82, 0x62, 0x0B, 0x40, 0x02, 0x0A, 0x17, 0x29,
    0x2C, 0xEC, 0xC2, 0x45, 0x9A, 0x37, 0x01, 0x53, 0x90, 0x49, 0x2C, 0x12, 0x31, 0x7E, 0x18, 0x49,
    0xD7, 0xDF, 0x77, 0xAE, 0xF4, 0xF6, 0x2D, 0x2C, 0x18, 0x1B, 0x76, 0x49, 0x76, 0x9F, 0xCE, 0xD5,
    0x7B, 0x4F, 0xD2, 0x3D, 0xE7, 0xDE, 0x73, 0xCF, 0xF9, 0xCE, 0x77, 0x9F, 0x48, 0xFF, 0x77, 0x4E,
    0x24, 0x34, 0x71, 0x22, 0x83, 0xF6, 0x93, 0x32, 0x12, 0xAF, 0x1A, 0xD4, 0xBE, 0x04, 0x63, 0x31,
    0x87, 0x25, 0xCA, 0x25, 0xA9, 0x28, 0x79, 0x92, 0x52, 0x66, 0x53, 0x59, 0xCC, 0xC8, 0xFE, 0xDB,
    0xE9, 0x2B, 0x89, 0xF5, 0x09, 0x22, 0x5E, 0xE9, 0x34, 0x82, 0x27, 0xFF, 0xAA, 0x42, 0x47, 0xAB,
    0x26, 0x95, 0xAD, 0xBF, 0xB7, 0x70, 0x34, 0x72, 0x3A, 0x6D, 0x3D, 0x33, 0x39, 0x1E, 0xE6, 0xE6,
    0x50, 0x94, 0x46, 0x55, 0x12, 0x47, 0x79, 0x86, 0x27, 0x18, 0x09, 0xBB, 0xC3, 0xBE, 0xC7, 0xE7,
    0x29, 0xA4, 0xF8, 0x37, 0x1B, 0x19, 0x98, 0x4A, 0xB6, 0xFF, 0x05, 0x69, 0x66, 0x72, 0x13, 0xE4,
    0x27, 0xDB, 0x78, 0xD5, 0xCF, 0x87, 0xB5, 0xF8, 0x6E, 0x3E, 0x9C, 0x88, 0xEF, 0xC5, 0x94, 0x17,
    0x85, 0x72, 0x5D, 0xA5, 0x7C, 0x8F, 0x74, 0xAD, 0xAC, 0x3B, 0x39, 0x4F, 0xDD, 0xE5, 0x18, 0xBA,
    0x30, 0xB7, 0x26, 0xEC, 0xC8, 0x14, 0x72, 0x9F, 0x09, 0x52, 0x2F, 0x2C, 0x2F, 0x2C, 0x37, 0x49,
    0x99, 0x94, 0x6B, 0x7E, 0xE9, 0x97, 0x47, 0xBD, 0xD2, 0xBB, 0xBD, 0x01, 0x61, 0x52, 0x88, 0x52,
    0x76, 0x14, 0x95, 0x5F, 0xCA, 0xB0, 0x0E, 0x4A, 0x71, 0xCD, 0xBD, 0xBB, 0x78, 0xF8, 0x17, 0x46,
    0x76, 0xF8, 0x73, 0xCA, 0xA0, 0x3B, 0x3B, 0x7B, 0xB6, 0x3B, 0x09, 0x7B, 0xD3, 0xFD, 0xF1, 0xD6,
    0x75, 0x89, 0x69, 0x63, 0x89, 0x8C, 0x29, 0x83, 0x36, 0xC3, 0x74, 0x8D, 0xB2, 0xD2, 0xAD, 0xA1,
    0xF6, 0x51, 0x89, 0xC6, 0xB0, 0x21, 0x8B, 0xCF, 0x48, 0x96, 0xE3, 0x24, 0xCA, 0xCF, 0x88, 0x89,
    0x79, 0x52, 0xBC, 0xE0, 0xB6, 0x34, 0x2F, 0x1C, 0x43, 0x0B, 0x9E, 0x60, 0xB2, 0xFC, 0x4A, 0x4F,
    0x4A, 0x7E, 0x68, 0x4F, 0x92, 0xBC, 0xBB, 0x06, 0xD3, 0xC6, 0x93, 0x62, 0x60, 0x74, 0x50, 0xA2,
    0xDC, 0x6D, 0xF4, 0x24, 0xC9, 0xFD, 0x89, 0x1C, 0xC1, 0x89, 0x89, 0x71, 0xF9, 0x19, 0x74, 0xDA,
    0xD0, 0x23, 0x36, 0x17, 0xDB, 0x4F, 0x2A, 0xC9, 0x6E, 0x7D, 0x3C, 0x51, 0xC5, 0x8C, 0x31, 0x93,
    0x6D, 0x66, 0xF9, 0x71, 0xA9, 0x5F, 0x0C, 0xBF, 0x2C, 0x54, 0x61, 0xC7, 0xA4, 0xAA, 0xAF, 0x64,
    0xA2, 0xEA, 0x4A, 0xD7, 0xCB, 0xC2, 0xCA, 0x09, 0x55, 0x36, 0x31, 0x8D, 0xEA, 0x71, 0xF1, 0xCD,
    0x5A, 0x55, 0xDD, 0xF0, 0x4B, 0x55, 0xF0, 0x54, 0x58, 0x58, 0x45, 0xA3, 0xB4, 0xD3, 0xB3, 0x53,
    0xB3, 0xB1, 0xF7, 0x63, 0x46, 0xAD, 0x92, 0xE5, 0x9C, 0xEA, 0x18, 0xE6, 0xF3, 0xAA, 0x62, 0x92,
    0x1E, 0x54, 0x0D, 0xCD, 0xA8, 0xA5, 0x1E, 0x8E, 0x31, 0x6D, 0xAF, 0xDA, 0xD0, 0xA4, 0xBE, 0x94,
    0xD4, 0x08, 0xCA, 0x09, 0x1E, 0x3C, 0xA0, 0xCB, 0x46, 0xA9, 0xF0, 0x8A, 0x88, 0xDE, 0xEB, 0xFC,
    0x35, 0x4A, 0xA1, 0x98, 0x6F, 0x92, 0x14, 0x7A, 0x45, 0xD7, 0x4C, 0x0A, 0xB5, 0x92, 0x34, 0x4B,
    0xA1, 0x55, 0x86, 0x47, 0x9F, 0x0A, 0x8A, 0x8C, 0x57, 0x46, 0xA9, 0x61, 0x63, 0x84, 0x0D, 0x3A,
    0x65, 0x03, 0x85, 0xF8, 0x1D, 0xF4, 0x49, 0xE2, 0x24, 0x0D, 0x8B, 0x79, 0xF8, 0x79, 0x0E, 0x6D,
    0xC2, 0x7B, 0x5F, 0xDF, 0x80, 0x32, 0x5E, 0x1B, 0x34, 0x5B, 0xBA, 0x24, 0x70, 0xB5, 0xC8, 0x8C,
    0x03, 0x0C, 0xD4, 0xA2, 0x59, 0x87, 0x01, 0x62, 0xED, 0x7A, 0xC2, 0xE6, 0x39, 0xDB, 0xCC, 0xDB,
    0xE6, 0x80, 0x6D, 0x0E, 0xA3, 0x59, 0x6C, 0x47, 0x0D, 0x07, 0xC7, 0x18, 0x36, 0xFC, 0xDB, 0xDE,
    0xF0, 0x11, 0xF8, 0xF3, 0xAC, 0x03, 0x26, 0xD6, 0xFD, 0xDA, 0xD9, 0x79, 0x75, 0x2B, 0xEA, 0x0C,
    0xB7, 0x86, 0xCA, 0x6E, 0xA5, 0xD7, 0xC7, 0xF6, 0x2E, 0xCA, 0x05, 0x4E, 0xA6, 0x44, 0x13, 0x4A,
    0x4F, 0xA5, 0xFB, 0x28, 0xF9, 0x9C, 0xCA, 0x79, 0x95, 0x07, 0x54, 0x1E, 0x76, 0x27, 0xD4, 0xD1,
    0x9D, 0x50, 0x45, 0x57, 0x5D, 0xCA, 0xCA, 0xA1, 0x95, 0xAA, 0x18, 0xD6, 0x15, 0xFE, 0xB2, 0x7C,
    0x4B, 0xB9, 0x0C, 0xF1, 0x2C, 0x80, 0x36, 0x8C, 0x6B, 0x50, 0x7E, 0x99, 0x06, 0x78, 0xD5, 0xC2,
    0x09, 0xAF, 0x0A, 0xF1, 0xBE, 0xFF, 0xFC, 0xD1, 0x47, 0xD0, 0x0C, 0xEA, 0xCC, 0xBC, 0xCA, 0x41,
    0xAC, 0xAD, 0x35, 0x3C, 0xD8, 0xE3, 0x2A, 0xC6, 0xE1, 0x52, 0xCC, 0x20, 0xD9, 0x24, 0x26, 0x5F,
    0xAC, 0x65, 0xB1, 0x42, 0x10, 0x72, 0xE1, 0x89, 0x0C, 0x43, 0x2E, 0x3C, 0x9B, 0x2B, 0xCF, 0x35,
    0x85, 0x6D, 0x3F, 0x2B, 0x6D, 0xFB, 0x69, 0x6D, 0xDB, 0xAB, 0x8D, 0x6D, 0x73, 0xD3, 0xB5, 0xC9,
    0x55, 0xDB, 0x86, 0xD7, 0x6D, 0xEB, 0x7F, 0x63, 0x5B, 0xD7, 0xD8, 0x76, 0xD0, 0xB5, 0xD2, 0xB7,
    0x11, 0xDB, 0xC5, 0x1B, 0x12, 0xB0, 0x4D, 0x6A, 0xF1, 0xF2, 0x6E, 0xA2, 0xBA, 0xC1, 0xE9, 0x87,
    0x67, 0x3A, 0x73, 0xDD, 0x10, 0x89, 0x63, 0x07, 0x49, 0xDC, 0xBB, 0xDB, 0x83, 0x8E, 0x5F, 0xAA,
    0x35, 0x7E, 0xA9, 0xC6, 0x60, 0xA9, 0xD1, 0x16, 0x27, 0x56, 0x53, 0xC4, 0x5A, 0xB2, 0xB2, 0xAC,
    0x86, 0x98, 0x52, 0xED, 0xC0, 0x25, 0x34, 0xC3, 0x2F, 0xD5, 0x0A, 0x36, 0x30, 0x82, 0x0D, 0x6C,
    0x60, 0x03, 0x13, 0xD8, 0xC0, 0x02, 0x36, 0x03, 0xDB, 0x48, 0xD7, 0x44, 0x68, 0x54, 0x7B, 0x74,
    0x4B, 0xE5, 0x3B, 0xE5, 0xEE, 0x6B, 0xAC, 0xB3, 0x85, 0x1A, 0x7B, 0x1D, 0x13, 0xCF, 0x5A, 0x37,
    0xE3, 0x9B, 0xB3, 0x52, 0x96, 0xED, 0x37, 0x0B, 0xCB, 0xA7, 0xE1, 0x79, 0xC9, 0x7F, 0x4D, 0x11,
    0xD5, 0x7E, 0xBB, 0x8A, 0xC0, 0xE1, 0xD5, 0x0C, 0x1F, 0xDE, 0xC4, 0xCE, 0xFD, 0xE3, 0xCA, 0xA0,
    0xF1, 0x10, 0x84, 0x32, 0xE3, 0x99, 0x07, 0xFB, 0xB2, 0xAA, 0x78, 0xAA, 0x6B, 0x52, 0xCC, 0x2E,
    0x8B, 0x57, 0x06, 0xD0, 0xDC, 0xFF, 0x83, 0x8E, 0x1B, 0x55, 0x6F, 0xA6, 0x91, 0x9D, 0x67, 0x0C,
    0xA7, 0xF6, 0x8B, 0x21, 0x83, 0x9E, 0x8F, 0xBC, 0x29, 0xF3, 0x21, 0xC4, 0x61, 0x84, 0x63, 0x39,
    0x4A, 0xE3, 0xCF, 0xF0, 0xA9, 0xE7, 0x39, 0x83, 0x77, 0xDE, 0xAC, 0x61, 0xBA, 0x41, 0xF6, 0x2B,
    0x9C, 0x56, 0x1D, 0x40, 0x86, 0x29, 0x82, 0xA5, 0x1F, 0x23, 0xC2, 0xAD, 0x16, 0x8E, 0xB9, 0x61,
    0x26, 0x43, 0xA3, 0xFA, 0x78, 0xE9, 0xA6, 0xB8, 0xD7, 0x71, 0xA3, 0xC1, 0xB3, 0x92, 0xD8, 0x76,
    0x38, 0x4A, 0x91, 0xBC, 0x26, 0x12, 0x5D, 0x41, 0x84, 0x5C, 0x6A, 0x64, 0x4E, 0x75, 0x6C, 0x65,
    0x3F, 0xE2, 0x4D, 0x74, 0xB3, 0xC5, 0x83, 0x5A, 0x3C, 0x11, 0x07, 0x1E, 0x9E, 0x21, 0x39, 0x24,
    0xFF, 0x46, 0x4C, 0x9F, 0x74, 0x2E, 0x02, 0x65, 0xDC, 0x3C, 0x38, 0x19, 0x7B, 0xAD, 0xFA, 0xBF,
    0xC6, 0xA6, 0x40, 0x33, 0xC9, 0x63, 0xBE, 0x16, 0xDB, 0x38, 0xD1, 0xCC, 0xB9, 0x36, 0xCC, 0x83,
    0x40, 0xBC, 0xA6, 0x1B, 0xB3, 0xB9, 0x13, 0x12, 0xE2, 0xBC, 0x61, 0x8C, 0x79, 0xD8, 0x6B, 0x88,
    0xC0, 0xDD, 0x67, 0x5D, 0xDC, 0x8E, 0x1C, 0xCC, 0xA4, 0xE8, 0x35, 0xDB, 0x7C, 0x00, 0xF8, 0x45,
    0xE1, 0x8B, 0xA2, 0x17, 0x0B, 0x3D, 0x14, 0x85, 0x28, 0x1A, 0x51, 0x6C, 0x92, 0xF5, 0xA2, 0x98,
    0x0A, 0xFB, 0x85, 0x5E, 0xA2, 0x17, 0xEB, 0x6D, 0x0A, 0x58, 0x2C, 0x5E, 0xD9, 0x06, 0x57, 0xBC,
    0x74, 0x4D, 0x06, 0xFF, 0xE9, 0x06, 0x35, 0xB2, 0x83, 0x0A, 0xF0, 0x22, 0x00, 0x2F, 0x16, 0xA6,
    0xA4, 0x51, 0xFC, 0x48, 0xF0, 0x92, 0xEE, 0x04, 0x5E, 0x90, 0x0A, 0x45, 0x34, 0xD5, 0x38, 0xDA,
    0x59, 0xD6, 0x7D, 0x4E, 0x38, 0x53, 0xAD, 0x62, 0xD4, 0x0A, 0x82, 0x19, 0x8B, 0x4D, 0x1E, 0x57,
    0x28, 0x84, 0x51, 0x04, 0x03, 0x71, 0xB0, 0xC3, 0x2F, 0x0A, 0x5F, 0xB6, 0xA3, 0x17, 0x8B, 0x2E,
    0x2E, 0xAC, 0xF5, 0xA8, 0x62, 0x8A, 0x28, 0x88, 0x67, 0x84, 0x78, 0x46, 0x88, 0x67, 0xE4, 0xE1,
    0x28, 0xE6, 0x31, 0xF0, 0xCC, 0xDC, 0x0A, 0x16, 0xA2, 0x67, 0xC6, 0xDD, 0xD9, 0x7E, 0x67, 0x1D,
    0x1D, 0x5D, 0x2D, 0x3B, 0xE1, 0x48, 0xBC, 0x37, 0xF6, 0x2E, 0x9C, 0x60, 0x27, 0x74, 0xF9, 0xD3,
    0x1F, 0x41, 0xBC, 0xB0, 0x8F, 0xB8, 0x2D, 0xEA, 0xC5, 0xA9, 0xE7, 0x76, 0xC1, 0x72, 0x71, 0x18,
    0x82, 0x86, 0x8C, 0x0A, 0x3E, 0xA7, 0xF6, 0xB0, 0x3C, 0x3B, 0xF3, 0x65, 0x41, 0x57, 0xAD, 0xA2,
    0x55, 0x06, 0x1E, 0xCE, 0xF4, 0x4F, 0xF6, 0x60, 0x0C, 0xE6, 0x18, 0x86, 0x87, 0x57, 0x0B, 0xC6,
    0x3A, 0x9A, 0xAA, 0x41, 0x90, 0x46, 0x6F, 0x8D, 0xC1, 0x7E, 0x59, 0xDF, 0x9B, 0x31, 0x58, 0x9E,
    0x83, 0xD8, 0x24, 0x94, 0x0F, 0x27, 0x7D, 0x6A, 0x51, 0x3F, 0x98, 0x4C, 0xC7, 0xE0, 0xAD, 0x97,
    0x76, 0x61, 0x0C, 0x16, 0x68, 0xB8, 0x4F, 0x2D, 0x5C, 0xCD, 0x10, 0x9B, 0xCF, 0xD0, 0x0F, 0xB8,
    0x0A, 0x44, 0x93, 0x50, 0xA4, 0x31, 0x2D, 0xDE, 0x9B, 0xB5, 0x30, 0x18, 0x31, 0x42, 0x8F, 0xE5,
    0x98, 0x57, 0xCB, 0xCF, 0x15, 0x4E, 0xB6, 0x9D, 0x33, 0x18, 0x56, 0x07, 0x00, 0xE2, 0x46, 0x81,
    0x72, 0x86, 0xCF, 0x93, 0x25, 0x24, 0xA8, 0xBF, 0x57, 0x08, 0xFB, 0x45, 0x1F, 0x41, 0xE8, 0x2F,
    0x7C, 0xA7, 0x67, 0xCF, 0x3B, 0x58, 0x4C, 0xC1, 0x7B, 0xF0, 0xE0, 0xE0, 0x17, 0x8C, 0x2A, 0x4E,
    0xBC, 0xDB, 0x29, 0xD5, 0x41, 0xE0, 0x72, 0x4D, 0x09, 0x2B, 0xFE, 0x2C, 0x4E, 0xBC, 0x2C, 0xDE,
    0xE5, 0x4A, 0xBC, 0x6B, 0x95, 0x0C, 0xE2, 0xF5, 0x27, 0x4F, 0xAD, 0x9D, 0x75, 0x79, 0x77, 0x26,
    0x2F, 0xF4, 0x6B, 0xD4, 0x62, 0x85, 0x4D, 0xD9, 0x0B, 0xEB, 0x86, 0x9D, 0x75, 0xB2, 0xAF, 0x8B,
    0x12, 0x7C, 0xFA, 0x71, 0x79, 0x1A, 0xC0, 0xA1, 0xCF, 0x67, 0x1D, 0x16, 0x6F, 0x66, 0x3E, 0xC3,
    0xCC, 0xD7, 0xEA, 0xF3, 0x23, 0x36, 0xC7, 0x1A, 0xD4, 0xAB, 0x22, 0xBF, 0x69, 0xE4, 0x10, 0x9A,
    0xDB, 0x8D, 0xBC, 0x0C, 0x7B, 0xAF, 0xE9, 0xF5, 0xEE, 0x65, 0x6D, 0xBC, 0x25, 0x7D, 0x88, 0x0F,
    0xA3, 0xE0, 0x0C, 0x87, 0x9C, 0x96, 0x03, 0x76, 0xD4, 0x56, 0x27, 0xB4, 0x13, 0xBA, 0x7E, 0xF5,
    0x4B, 0x85, 0x05, 0x39, 0x46, 0x6B, 0x3F, 0xAC, 0x45, 0xE3, 0x23, 0xC5, 0x0E, 0xD8, 0x24, 0xC5,
    0x4F, 0xCD, 0x28, 0x13, 0x53, 0x45, 0xF4, 0xB8, 0x0E, 0x36, 0x32, 0x17, 0xBB, 0x7D, 0x42, 0x76,
    0x46, 0xF1, 0x28, 0x0E, 0xCC, 0x3D, 0x53, 0x46, 0xEF, 0x9A, 0xF7, 0xEA, 0x70, 0xC9, 0x38, 0xCD,
    0x9C, 0xDA, 0x46, 0xF3, 0xF6, 0xE3, 0x36, 0x13, 0xDD, 0x34, 0xA3, 0x8F, 0x68, 0xB1, 0xBA, 0x2B,
    0x6C, 0x36, 0xB2, 0x2F, 0x03, 0xB0, 0x3D, 0x90, 0x7C, 0xFD, 0xE1, 0xB7, 0xC0, 0x88, 0x43, 0x33,
    0x53, 0x95, 0xA3, 0x6C, 0xC3, 0x3B, 0xF3, 0x71, 0xC3, 0xF5, 0x69, 0x18, 0x70, 0x12, 0x42, 0xD8,
    0x33, 0x44, 0x26, 0xC2, 0xE2, 0x5A, 0xC8, 0x9D, 0x4C, 0xC5, 0xF3, 0xA3, 0xF5, 0x2C, 0xF5, 0x50,
    0x0F, 0xE6, 0x0E, 0x71, 0xC3, 0x82, 0x89, 0x81, 0x52, 0x50, 0xFF, 0x95, 0x78, 0xEB, 0xF1, 0x01,
    0x8E, 0xF9, 0xA0, 0xE5, 0x3A, 0xBA, 0x31, 0xF5, 0x89, 0x58, 0x46, 0x6F, 0x80, 0x67, 0x68, 0xCB,
    0x20, 0xAF, 0xE3, 0x30, 0xC5, 0x84, 0xA4, 0x97, 0xF4, 0x08, 0x73, 0x98, 0xFC, 0x79, 0x0D, 0x87,
    0x41, 0x81, 0xFF, 0x3B, 0x21, 0x99, 0x21, 0xC1, 0xAD, 0xBF, 0xC0, 0xD1, 0xE0, 0x04, 0xC6, 0xE4,
    0xD1, 0x1F, 0x93, 0xBC, 0x9E, 0x3B, 0x59, 0xD4, 0xBE, 0xA9, 0x1A, 0x09, 0xE3, 0x68, 0xD4, 0xDA,
    0x24, 0x3D, 0x83, 0x5A, 0x7F, 0xFF, 0x20, 0x6A, 0xFD, 0x61, 0x06, 0xC1, 0xA1, 0xB3, 0x14, 0xB1,
    0x27, 0x01, 0xE6, 0xE7, 0x25, 0x86, 0xDC, 0x80, 0x61, 0xBD, 0xFE, 0x30, 0x83, 0x76, 0x82, 0xAE,
    0x3F, 0xCA, 0xC8, 0x78, 0x6A, 0xA4, 0xF8, 0x7A, 0xA8, 0x91, 0xB7, 0xE8, 0xB5, 0xEB, 0x3D, 0x65,
    0xE4, 0xA0, 0x17, 0xEF, 0x6F, 0x6A, 0x64, 0x3C, 0x03, 0xD9, 0x13, 0x44, 0xAD, 0xF1, 0x62, 0xFB,
    0xAA, 0x96, 0xDC, 0x5A, 0x1C, 0x23, 0x9C, 0xD5, 0x6E, 0x01, 0x81, 0x95, 0xE3, 0xD6, 0xC7, 0x88,
    0xFA, 0x2F, 0x40, 0xB4, 0x2D, 0x6F, 0x25, 0x23, 0xD2, 0x64, 0x24, 0x4A, 0x22, 0x5E, 0xC2, 0xD8,
    0x57, 0xFB, 0xE4, 0x1D, 0x86, 0xBC, 0x17, 0x86, 0x03, 0xFA, 0x62, 0x08, 0x4C, 0xD1, 0x11, 0x37,
    0x95, 0x97, 0xCA, 0x71, 0x2C, 0x2D, 0xBF, 0xEE, 0xB0, 0x01, 0x0B, 0x54, 0x68, 0x53, 0xD9, 0xFA,
    0x6C, 0xEB, 0x60, 0x81, 0x9A, 0xA0, 0xF8, 0xF0, 0x0B, 0x14, 0xAA, 0x78, 0xBF, 0x26, 0xDE, 0x1D,
    0xC4, 0x9D, 0x6F, 0x26, 0x98, 0xA8, 0x06, 0xF0, 0x17, 0x63, 0x58, 0xC1, 0x5F, 0xAA, 0x08, 0xDF,
    0x07, 0x25, 0xCB, 0x93, 0xCC, 0x2C, 0x99, 0xDD, 0x46, 0xC3, 0x8A, 0x1C, 0xBC, 0x54, 0x91, 0x6B,
    0x0F, 0x6C, 0xFC, 0xB6, 0x27, 0x09, 0x7E, 0x2C, 0x1C, 0x66, 0x52, 0xAE, 0x08, 0x48, 0xF1, 0x1C,
    0xA6, 0x43, 0x9D, 0xFC, 0x3E, 0x82, 0x44, 0x9C, 0x9E, 0xC8, 0xC4, 0xF2, 0x6C, 0x6D, 0xEB, 0xC2,
    0x05, 0x13, 0xC1, 0x13, 0x41, 0xFF, 0x47, 0xD8, 0xAA, 0x80, 0xFC, 0x02, 0x7C, 0x2B, 0xAA, 0xA6,
    0x68, 0xDC, 0x43, 0xB0, 0xF3, 0xED, 0x91, 0x83, 0x95, 0x05, 0x21, 0xB9, 0x66, 0x6F, 0x66, 0x31,
    0x4E, 0x3D, 0x43, 0x68, 0x38, 0x97, 0x15, 0x16, 0xD0, 0x78, 0xD5, 0x1C, 0xD6, 0xE6, 0x71, 0x30,
    0x13, 0xE4, 0x71, 0xC9, 0x34, 0x05, 0x5F, 0x65, 0xF9, 0x90, 0xC1, 0x71, 0xAE, 0x23, 0x03, 0xF2,
    0x35, 0x71, 0x6E, 0xE3, 0xD2, 0xAC, 0xE8, 0x08, 0x2D, 0x66, 0x9E, 0x15, 0x84, 0x78, 0x84, 0x6D,
    0x1C, 0x07, 0x57, 0xCE, 0x21, 0x00, 0x6F, 0xCA, 0x8B, 0x1C, 0x0D, 0xAD, 0xB6, 0x48, 0x10, 0xA3,
    0x9F, 0x6C, 0xD2, 0xE5, 0x1F, 0xE6, 0x06, 0x2E, 0x78, 0x7B, 0xFC, 0x0C, 0xC7, 0x59, 0xD4, 0x43,
    0xE7, 0xC8, 0x6C, 0x7D, 0x59, 0x23, 0xBA, 0xAC, 0x77, 0x85, 0x1A, 0xEB, 0xC5, 0x1F, 0x52, 0xE7,
    0x6D, 0xBD, 0xB4, 0x64, 0x44, 0x88, 0x59, 0x2D, 0x41, 0xAD, 0xFC, 0x1F, 0x90, 0x9B, 0x7A, 0xC2,
    0x90, 0x42, 0x05, 0x95, 0x15, 0x18, 0xB4, 0x1D, 0x3B, 0xF0, 0x6C, 0xC8, 0xCC, 0xA1, 0x2D, 0x5C,
    0x9D, 0xAE, 0x7E, 0x8D, 0x1E, 0x6C, 0xF6, 0x8C, 0xC5, 0xEC, 0x17, 0x71, 0xDE, 0x15, 0xB7, 0x0E,
    0xFD, 0xC1, 0x2D, 0xF6, 0x2E, 0xA3, 0x68, 0x38, 0x25, 0xFC, 0x26, 0xB8, 0x3D, 0x23, 0xBB, 0x92,
    0x51, 0x12, 0xF3, 0xB9, 0x1A, 0xBC, 0xD8, 0x2E, 0x65, 0x77, 0xED, 0x84, 0x87, 0xE3, 0xAE, 0x2D,
    0x1E, 0xA7, 0x85, 0x17, 0x5D, 0x43, 0x1F, 0x6E, 0xB3, 0xB2, 0x5A, 0x9C, 0xBC, 0x6B, 0x3F, 0xF7,
    0xCB, 0x9D, 0xDA, 0xA0, 0x6F, 0xC7, 0xB6, 0xC5, 0x0A, 0x1F, 0x33, 0xC7, 0x0C, 0xEF, 0x62, 0xB4,
    0xC8, 0xB1, 0x6C, 0x83, 0x58, 0x96, 0x91, 0xCA, 0xC6, 0x12, 0x5E, 0x67, 0xD2, 0xE0, 0x34, 0x62,
    0x4D, 0x26, 0x31, 0x70, 0x78, 0x94, 0x62, 0xC4, 0xA2, 0xDC, 0xAB, 0x66, 0x05, 0xF2, 0x09, 0x26,
    0x1F, 0x22, 0xE3, 0xB0, 0x31, 0xC5, 0x20, 0x44, 0x82, 0xFE, 0x9A, 0x58, 0x6C, 0x8F, 0x8C, 0x84,
    0xA8, 0x77, 0xAF, 0x61, 0x58, 0x5A, 0xEF, 0x08, 0xC5, 0xFB, 0x44, 0xD0, 0x28, 0xA4, 0x4B, 0xB7,
    0xD8, 0xC4, 0x29, 0x4F, 0x73, 0x51, 0xD7, 0x48, 0xAF, 0x15, 0x39, 0x46, 0x65, 0x18, 0x95, 0x5F,
    0xB4, 0x44, 0xA9, 0xB2, 0xA4, 0x4A, 0x91, 0x2A, 0x3F, 0xAA, 0xE4, 0xA8, 0x32, 0xA3, 0x4A, 0x8B,
    0x2A, 0x27, 0xAA, 0x84, 0xA8, 0xB2, 0xA1, 0x4A, 0x85, 0x2A, 0x0F, 0xCA, 0xB0, 0xAE, 0x1C, 0xA2,
    0x32, 0x88, 0xDD, 0xF3, 0xB9, 0xF0, 0x82, 0xBC, 0xAF, 0xC0, 0xE5, 0xBC, 0x6C, 0xF1, 0x81, 0x42,
    0x3A, 0x50, 0xC8, 0x06, 0x0A, 0xC9, 0x40, 0x21, 0x17, 0x28, 0xA4, 0xF9, 0xBE, 0x47, 0x30, 0xC9,
    0x0A, 0x29, 0xC0, 0x9E, 0x2C, 0xD1, 0xA5, 0xB4, 0xD9, 0xB3, 0x8D, 0x8A, 0x93, 0x86, 0x7F, 0x42,
    0xC7, 0x43, 0x97, 0xE2, 0xB5, 0xB8, 0x03, 0x50, 0x9D, 0xC0, 0x5B, 0x8F, 0x77, 0xF8, 0x44, 0xEC,
    0x07, 0x82, 0x62, 0x8A, 0xD8, 0xAB, 0x0E, 0xB1, 0x13, 0x0F, 0x0F, 0xBE, 0xC5, 0x62, 0xB0, 0x60,
    0x3D, 0xEF, 0xC0, 0x7A, 0x3A, 0xC3, 0xEE, 0x71, 0x24, 0xD9, 0xF5, 0x2B, 0x5D, 0xA9, 0x40, 0x33,
    0x6F, 0x16, 0xE2, 0xE4, 0x63, 0x71, 0xAE, 0x15, 0x96, 0xF8, 0x9E, 0xBB, 0x0F, 0xB4, 0xBF, 0x03,
    0xD0, 0x1E, 0xFF, 0x18, 0xD0, 0xEE, 0xB4, 0xB3, 0x3C, 0xB2, 0x67, 0x17, 0xED, 0xBC, 0xFC, 0x4F,
    0x41, 0x78, 0x4B, 0xC1, 0x2A, 0xF7, 0x1A, 0x70, 0x36, 0x8E, 0xC9, 0x2E, 0x81, 0xF9, 0x2E, 0x24,
    0xF1, 0x8C, 0xE3, 0x31, 0xB0, 0xA3, 0x71, 0x84, 0xD1, 0xE6, 0xFC, 0x36, 0x40, 0xE2, 0x32, 0x34,
    0x79, 0x19, 0xF0, 0xC0, 0x3C, 0x71, 0xC7, 0x21, 0x62, 0x91, 0x23, 0x14, 0x1B, 0xC0, 0x22, 0xEF,
    0x14, 0x10, 0xEF, 0x01, 0x84, 0x24, 0xEF, 0xE3, 0x82, 0xE8, 0x33, 0x02, 0x92, 0x7F, 0x11, 0x90,
    0xD4, 0xFD, 0x6A, 0x53, 0x40, 0x32, 0xF8, 0x9A, 0x59, 0x29, 0x9D, 0xB5, 0x91, 0x6E, 0xEC, 0xE7,
    0x96, 0x46, 0x02, 0x61, 0x20, 0xA7, 0x3F, 0x54, 0x20, 0x68, 0xF1, 0x07, 0x76, 0x6F, 0x97, 0x4C,
    0x9E, 0xB9, 0x59, 0x6E, 0x3C, 0x7C, 0x72, 0x00, 0xC7, 0xD1, 0x30, 0xCF, 0x36, 0xD0, 0xCF, 0x78,
    0x6B, 0xDF, 0x14, 0x60, 0x5F, 0x67, 0xA6, 0xDB, 0xAC, 0xE1, 0xC0, 0xD5, 0xD8, 0xFB, 0x95, 0xE3,
    0x01, 0x8B, 0xC9, 0x61, 0xBA, 0x17, 0xDC, 0xF4, 0xA5, 0x30, 0x96, 0xF0, 0x8D, 0x5C, 0xBC, 0xAB,
    0x63, 0x5C, 0xBD, 0xF1, 0x94, 0x4A, 0x4C, 0xCD, 0xB7, 0x1E, 0xA3, 0x4E, 0xF0, 0x1A, 0x3E, 0x7E,
    0xD9, 0x29, 0xF6, 0xC2, 0x16, 0xA6, 0x25, 0x4D, 0x15, 0xD7, 0x40, 0x7B, 0xC8, 0xDB, 0x4F, 0xC5,
    0x16, 0xFF, 0x0B, 0x84, 0xF5, 0xDB, 0xD0, 0x63, 0x82, 0x1D, 0xDF, 0xA3, 0x07, 0xBB, 0x92, 0xC4,
    0x60, 0xE7, 0xEB, 0x63, 0xEE, 0x81, 0x01, 0x86, 0x28, 0x26, 0x39, 0xE2, 0xCE, 0xEC, 0x43, 0x21,
    0x7D, 0x00, 0xB4, 0xAC, 0xC4, 0xDB, 0x3E, 0xE3, 0x0E, 0x1A, 0x78, 0x20, 0xEE, 0x9B, 0x61, 0xD7,
    0xEC, 0x62, 0x62, 0x97, 0x97, 0x5C, 0x02, 0x75, 0x1D, 0xC2, 0x8F, 0x7C, 0x1D, 0xFF, 0x1E, 0xCB,
    0xC6, 0x18, 0xBC, 0x4A, 0xC2, 0xCB, 0x4C, 0x0B, 0xD0, 0x09, 0xE1, 0x9F, 0xFF, 0x96, 0x9A, 0x19,
    0x29, 0x51, 0xC3, 0xDC, 0x9D, 0xA4, 0x0E, 0x12, 0xEE, 0x3C, 0x22, 0xE7, 0xC5, 0xED, 0x34, 0x36,
    0xD0, 0x15, 0xA2, 0x39, 0x42, 0x61, 0x28, 0xB2, 0xE1, 0x3D, 0x75, 0x9D, 0x39, 0xCE, 0xEE, 0x7D,
    0xE3, 0xFC, 0x84, 0x3A, 0x27, 0x61, 0x1A, 0xBC, 0x9E, 0x7B, 0x57, 0x4A, 0x67, 0x7C, 0x5E, 0xB7,
    0x7D, 0x1B, 0xC7, 0x54, 0xDB, 0x7E, 0xC1, 0xF0, 0xC8, 0x97, 0x93, 0xDD, 0x50, 0x50, 0x2D, 0x51,
    0x90, 0x07, 0xEF, 0x17, 0xC3, 0xCF, 0xF1, 0x1C, 0xD5, 0x6B, 0x25, 0x1E, 0x70, 0xDB, 0xB6, 0x60,
    0x5E, 0x7F, 0xD8, 0x2B, 0xA9, 0x06, 0x7A, 0xEF, 0x90, 0x2B, 0x52, 0x5E, 0xF1, 0xD2, 0x23, 0x83,
    0xFC, 0x49, 0xF6, 0x54, 0x7C, 0xA6, 0x52, 0xD9, 0x0C, 0xBA, 0xA1, 0x07, 0x6B, 0x07, 0x18, 0xEA,
    0x33, 0x67, 0x3D, 0xF4, 0x15, 0x30, 0x8F, 0xD9, 0x8A, 0xCA, 0xBD, 0x5D, 0x13, 0x95, 0x31, 0x39,
    0xAF, 0x61, 0xFA, 0xE4, 0xA0, 0x17, 0xEF, 0xD9, 0x9E, 0x0A, 0x66, 0x41, 0xC2, 0xD7, 0x11, 0x0C,
    0xAE, 0x60, 0xCB, 0xBD, 0x38, 0xFF, 0x94, 0xF6, 0x54, 0x86, 0xB5, 0xFE, 0x50, 0x83, 0xC9, 0x80,
    0xD5, 0xDC, 0x91, 0x69, 0x1C, 0xDD, 0x7D, 0x83, 0xF8, 0x33, 0x98, 0x01, 0x2A, 0x44, 0x17, 0xF4,
    0xE0, 0x30, 0x3E, 0xF2, 0x74, 0x0C, 0xF2, 0xAE, 0x93, 0xA5, 0x2A, 0x69, 0xD5, 0x84, 0xE9, 0xED,
    0x90, 0x3F, 0xFB, 0xB3, 0x0F, 0x2D, 0x3A, 0xDC, 0x5A, 0x7D, 0x62, 0xC0, 0xBA, 0xC7, 0x31, 0xBD,
    0xD0, 0xB7, 0xFA, 0x45, 0xC0, 0xC2, 0x95, 0x29, 0xA5, 0xD1, 0xB2, 0x27, 0x54, 0x36, 0x83, 0xF8,
    0xD1, 0x63, 0x55, 0xE1, 0x6E, 0xA7, 0x2A, 0xF2, 0x50, 0xC3, 0x42, 0x84, 0x28, 0xED, 0x7F, 0x8A,
    0x72, 0x09, 0xAB, 0x4E, 0xCA, 0x33, 0x1D, 0x7A, 0xFA, 0x35, 0xC1, 0x53, 0xEC, 0xDF, 0x03, 0xF5,
    0x50, 0x87, 0xB1, 0x37, 0x79, 0xE9, 0x3E, 0xDA, 0x62, 0xFB, 0x11, 0x34, 0x31, 0x39, 0x6D, 0x99,
    0xD9, 0x88, 0x0E, 0x75, 0x62, 0x98, 0x71, 0xDE, 0xEE, 0x27, 0x66, 0x77, 0xED, 0xD8, 0x69, 0x4E,
    0x9E, 0xCC, 0x8E, 0x9A, 0x28, 0xE0, 0x1C, 0x12, 0x99, 0x04, 0x84, 0x9B, 0xC3, 0x77, 0x8B, 0xBD,
    0xDB, 0xB4, 0xF3, 0x3F, 0xE5, 0x86, 0xE1, 0x3F, 0x94, 0x41, 0xB8, 0xC0, 0x8A, 0xE6, 0xF0, 0x6E,
    0x6C, 0x5D, 0x59, 0x70, 0xA7, 0xF8, 0x15, 0x9D, 0x7B, 0xEF, 0xA2, 0xCF, 0xE7, 0x65, 0x63, 0xEF,
    0xAC, 0xB4, 0xB5, 0x44, 0xC4, 0xD4, 0x79, 0x96, 0x15, 0xC3, 0xC6, 0x30, 0xDE, 0x1D, 0x2B, 0xC1,
    0x6A, 0x0C, 0xEF, 0xC0, 0x0F, 0xB0, 0xB6, 0x91, 0x11, 0xD2, 0x30, 0x9D, 0xD7, 0x8A, 0x2C, 0x20,
    0xCC, 0xA6, 0x9F, 0xF1, 0x97, 0x4B, 0x19, 0x7F, 0xC6, 0xC6, 0xC9, 0xCF, 0x8A, 0x39, 0x44, 0x8D,
    0xE3, 0xA8, 0x26, 0x23, 0x1E, 0x71, 0x90, 0x87, 0x5F, 0x65, 0xC8, 0x1D, 0xD5, 0xD6, 0x1E, 0x5B,
    0xD4, 0x41, 0x50, 0x2E, 0x97, 0x53, 0x38, 0x46, 0xB1, 0x67, 0xCA, 0x70, 0x09, 0x5B, 0x4C, 0x15,
    0xAB, 0xE9, 0x09, 0xEC, 0xCC, 0x79, 0x43, 0x52, 0xEF, 0x1B, 0xD4, 0x47, 0x05, 0x6C, 0x62, 0x1D,
    0x7D, 0x50, 0x79, 0xD6, 0xF8, 0x17, 0xC1, 0xFE, 0x28, 0x39, 0x84, 0xE1, 0x06, 0xE4, 0x60, 0x2A,
    0xCB, 0x3E, 0xF9, 0x36, 0x93, 0xF3, 0xB0, 0x55, 0x36, 0x3A, 0xE1, 0x75, 0x35, 0xD5, 0x0F, 0x17,
    0xAB, 0x0D, 0x29, 0x81, 0x69, 0xB8, 0xB2, 0xDB, 0x93, 0xEC, 0x58, 0x6B, 0x26, 0x0D, 0x2A, 0xBA,
    0xF7, 0x73, 0x8A, 0x0A, 0x80, 0x9B, 0xF2, 0xEE, 0x32, 0xC1, 0x2C, 0xDE, 0x89, 0x75, 0x28, 0x77,
    0x78, 0x91, 0x92, 0x30, 0x63, 0xC7, 0x2A, 0x7F, 0x82, 0xB8, 0x18, 0xC4, 0x14, 0x80, 0x71, 0xB7,
    0x25, 0xB3, 0x1F, 0x65, 0x78, 0x08, 0xC8, 0x93, 0xA0, 0x68, 0x07, 0xA7, 0x90, 0x1F, 0xD7, 0x82,
    0x1E, 0xAB, 0x91, 0xC9, 0x19, 0xC9, 0x4F, 0x50, 0x97, 0x3A, 0xFF, 0x6C, 0x66, 0x29, 0xA5, 0xC2,
    0xFE, 0xC8, 0x83, 0x07, 0xDF, 0x23, 0xFE, 0x3A, 0x1C, 0x7C, 0x3C, 0x18, 0x74, 0x55, 0x82, 0xB9,
    0xF8, 0x2D, 0x9F, 0xFB, 0x11, 0x7F, 0x17, 0x75, 0x71, 0x58, 0x21, 0x26, 0xAC, 0xD9, 0x5C, 0x88,
    0x5F, 0xE2, 0x04, 0x20, 0x70, 0x62, 0xF7, 0x43, 0xA5, 0x77, 0x50, 0x2D, 0x38, 0x4D, 0xF7, 0x7B,
    0x27, 0x28, 0x19, 0x8E, 0xF1, 0x15, 0xA2, 0xCB, 0xDD, 0xAD, 0x5D, 0x77, 0x46, 0xD4, 0xEB, 0xE3,
    0x8E, 0x7E, 0x9B, 0xEE, 0xBA, 0x27, 0xE6, 0xB2, 0x69, 0x03, 0x83, 0x22, 0x5E, 0x2B, 0x78, 0x2D,
    0xBB, 0x77, 0x14, 0x98, 0x9A, 0x42, 0x8B, 0xF5, 0x87, 0x5F, 0x42, 0xC1, 0x14, 0x7D, 0x27, 0x31,
    0x57, 0xFA, 0x6A, 0x85, 0xE4, 0xAF, 0xB2, 0xBF, 0x4A, 0xFF, 0xF6, 0xFC, 0xAF, 0x65, 0x80, 0x95,
    0x02, 0x7E, 0xB0, 0xA4, 0x46, 0xB5, 0xEA, 0x7D, 0x83, 0x11, 0xF6, 0x9E, 0xA0, 0x5A, 0xFD, 0x0E,
    0x7D, 0x55, 0x41, 0x6F, 0x1B, 0x45, 0x14, 0xFE, 0x76, 0xD7, 0xCE, 0xB6, 0x59, 0x9A, 0xB5, 0x50,
    0x52, 0x25, 0x05, 0x7B, 0x7D, 0xC8, 0xA1, 0x0D, 0xB1, 0x97, 0x43, 0x90, 0x7C, 0xB0, 0xBD, 0x23,
    0x7E, 0x81, 0x0F, 0x31, 0x12, 0x27, 0x72, 0xC8, 0x05, 0x57, 0xA8, 0x3E, 0xE4, 0x90, 0x4A, 0x21,
    0x3B, 0x12, 0xDC, 0x6B, 0xF1, 0x0B, 0x7C, 0x48, 0x51, 0x31, 0x87, 0xF8, 0x90, 0xA0, 0x20, 0xD2,
    0xEE, 0x88, 0xFC, 0x81, 0x81, 0x5F, 0xB0, 0x17, 0x0E, 0x05, 0x09, 0x0D, 0xC8, 0x41, 0xA1, 0xB2,
    0x77, 0x78, 0x63, 0x37, 0x69, 0x9A, 0x03, 0xF3, 0x56, 0xE3, 0x37, 0x6F, 0x66, 0xDE, 0xBC, 0xF7,
    0xBD, 0x6F, 0xC6, 0x40, 0x24, 0x7C, 0x69, 0x2B, 0xEC, 0x02, 0xCE, 0xD8, 0x4B, 0x03, 0x5E, 0x07,
    0x35, 0x77, 0x0C, 0x3F, 0x43, 0x33, 0x60, 0x3B, 0x8E, 0xA0, 0x61, 0x20, 0x87, 0xF1, 0xAB, 0xF4,
    0x58, 0x8B, 0x5E, 0xC8, 0x80, 0x24, 0x4B, 0xB2, 0x76, 0xBB, 0xAD, 0xB5, 0x06, 0x94, 0xFF, 0x7C,
    0x3F, 0xA2, 0x7D, 0x20, 0x3F, 0x46, 0xF2, 0xA8, 0xB8, 0x3C, 0xF2, 0x05, 0x7D, 0x39, 0x0B, 0xF7,
    0x78, 0xAC, 0xCA, 0x23, 0x8C, 0x5C, 0xE9, 0xC2, 0x42, 0x1E, 0xB1, 0x54, 0x2A, 0x1D, 0x9E, 0xAB,
    0xC8, 0x38, 0xA5, 0x03, 0xFF, 0xBA, 0xF0, 0xCF, 0x54, 0xE0, 0x89, 0xFA, 0x82, 0x19, 0x36, 0x1C,
    0xE9, 0x3F, 0xE1, 0xAE, 0x86, 0x3D, 0x86, 0xA2, 0xD6, 0x52, 0xAF, 0x5B, 0xAB, 0x45, 0xB3, 0x2F,
    0x22, 0x16, 0xFA, 0xC2, 0x3F, 0x4B, 0x6D, 0xA9, 0x68, 0x68, 0x8D, 0x28, 0x5E, 0xD8, 0x17, 0xA8,
    0xD9, 0xA2, 0xE9, 0x09, 0x5F, 0x1B, 0x9D, 0x22, 0x1D, 0x45, 0xE3, 0x93, 0x6A, 0xEA, 0x81, 0x7B,
    0xA2, 0x88, 0x3A, 0x22, 0x66, 0xA2, 0x9A, 0x67, 0x3E, 0xFD, 0x86, 0xC2, 0x17, 0x8E, 0x70, 0x59,
    0x13, 0x65, 0xF8, 0x53, 0x7B, 0x44, 0x2B, 0x8A, 0xF0, 0x04, 0xB8, 0x3F, 0x8D, 0xFF, 0xCD, 0xBC,
    0xC9, 0xC7, 0x53, 0xF6, 0x88, 0x16, 0xBC, 0xC1, 0xC5, 0x7D, 0x98, 0xB8, 0x16, 0xE4, 0xCB, 0x4C,
    0x32, 0x3D, 0x4E, 0xC6, 0x34, 0x37, 0x93, 0x55, 0x20, 0x24, 0xEF, 0x9E, 0x70, 0xC9, 0x63, 0x01,
    0xB9, 0xC6, 0x4E, 0xB7, 0x56, 0xCC, 0x63, 0x9E, 0x24, 0x96, 0x40, 0xA7, 0xF7, 0xA8, 0x67, 0x74,
    0xD3, 0xE6, 0x11, 0xB0, 0x58, 0xCE, 0xE3, 0x36, 0x59, 0x3B, 0x3D, 0x32, 0xA4, 0x46, 0xEE, 0xCA,
    0x58, 0x18, 0x64, 0x87, 0x24, 0x5D, 0x3C, 0x66, 0x91, 0x0C, 0xF8, 0x0A, 0x62, 0x9E, 0xF0, 0x88,
    0x96, 0x5C, 0x47, 0xF4, 0x12, 0xC3, 0xE3, 0x34, 0xE4, 0x4B, 0xCD, 0xBD, 0x23, 0x42, 0xE6, 0x0E,
    0x02, 0xE1, 0x28, 0x5B, 0x7D, 0x2F, 0x13, 0x16, 0x60, 0x0F, 0x17, 0x18, 0x23, 0x51, 0x61, 0x3A,
    0x45, 0x8E, 0xB6, 0x27, 0x3A, 0xFD, 0xF1, 0x93, 0x74, 0x88, 0xB4, 0x85, 0x16, 0xB3, 0xCE, 0xBE,
    0xFA, 0xE9, 0xCF, 0xFB, 0xDB, 0xDB, 0x56, 0xAF, 0x3A, 0x05, 0x8D, 0x30, 0xB4, 0x36, 0x61, 0x1D,
    0xC0, 0x9D, 0xC0, 0x3F, 0x44, 0xC3, 0x15, 0x8B, 0x16, 0x5B, 0xB5, 0x38, 0x29, 0x81, 0x66, 0xDE,
    0x04, 0x68, 0x99, 0x59, 0x22, 0x43, 0x78, 0xC8, 0xEA, 0x8E, 0x28, 0x80, 0xCD, 0xB1, 0x42, 0x94,
    0xAA, 0x44, 0x4B, 0x95, 0x70, 0xE4, 0xD0, 0xF9, 0x2E, 0xC9, 0x96, 0x36, 0xD7, 0x06, 0xCF, 0x62,
    0x3D, 0x59, 0x6A, 0x6F, 0x46, 0x7A, 0x4C, 0xBA, 0xC1, 0xEF, 0x52, 0x99, 0x91, 0xE7, 0x9C, 0xC8,
    0x53, 0xA5, 0x14, 0xA1, 0xB5, 0x1A, 0x0C, 0xFA, 0x53, 0x30, 0x22, 0xA2, 0x90, 0x58, 0x1B, 0x0C,
    0x06, 0xDC, 0x8C, 0x6C, 0x49, 0x89, 0x58, 0x14, 0x46, 0x8A, 0x7D, 0x60, 0x03, 0x57, 0x6D, 0xC3,
    0x00, 0x03, 0x05, 0x4B, 0x82, 0xD8, 0xE8, 0x70, 0x78, 0x80, 0x0F, 0x2A, 0x9C, 0x29, 0x4E, 0xED,
    0xFF, 0x26, 0xEF, 0x4F, 0xF7, 0x17, 0xF6, 0x8A, 0x77, 0xD6, 0x77, 0x48, 0xE9, 0xA3, 0x4F, 0x30,
    0x10, 0x1E, 0x9D, 0x41, 0x2F, 0xD6, 0xF2, 0x69, 0xBB, 0x4F, 0x96, 0xE3, 0x76, 0x4A, 0x7A, 0x6E,
    0x31, 0xCE, 0x7E, 0x3E, 0xE3, 0x1F, 0x97, 0x39, 0xB1, 0x80, 0x6A, 0x5F, 0x16, 0x2B, 0xBB, 0xC3,
    0xDD, 0xCA, 0x42, 0xA5, 0x4C, 0x39, 0x51, 0x66, 0xB4, 0xFB, 0x52, 0x49, 0x58, 0x28, 0xDC, 0x14,
    0x47, 0xC4, 0x87, 0x0B, 0x3F, 0x0D, 0xD9, 0x2E, 0x6E, 0x26, 0xF9, 0x65, 0x12, 0x14, 0xB7, 0x8D,
    0xF5, 0x14, 0xDB, 0x93, 0xFE, 0xF8, 0x1F, 0x75, 0xFA, 0xB7, 0x2A, 0x08, 0xB6, 0x86, 0x98, 0x24,
    0x12, 0x01, 0xBF, 0x51, 0x95, 0x1B, 0x98, 0x5D, 0xA7, 0x7D, 0x2C, 0x3F, 0x90, 0x36, 0x09, 0xA5,
    0x12, 0x9C, 0x74, 0xE3, 0x4C, 0xFD, 0xA0, 0xE5, 0x37, 0xBF, 0x33, 0x8B, 0x99, 0xC2, 0x10, 0xE3,
    0x0D, 0xE9, 0xFB, 0x85, 0x40, 0xAA, 0x58, 0xA7, 0xE7, 0x09, 0xEF, 0xCD, 0x8C, 0x63, 0x93, 0xEB,
    0x8D, 0xA8, 0xDE, 0x2E, 0x43, 0xAE, 0xD0, 0x3C, 0x8D, 0x27, 0xCB, 0xAB, 0x66, 0x95, 0x8F, 0x90,
    0xF8, 0x6F, 0x44, 0x3B, 0x63, 0x5F, 0xBD, 0xB4, 0x0E, 0xE6, 0x86, 0x44, 0x5B, 0x74, 0x65, 0xFE,
    0x29, 0xD1, 0x71, 0x29, 0x4F, 0xEB, 0xB7, 0xD0, 0x03, 0x1D, 0xBA, 0x88, 0x5F, 0xA8, 0xEB, 0xFE,
    0x0A, 0xDC, 0x9A, 0x75, 0xB4, 0x2E, 0xD7, 0xB5, 0x39, 0x96, 0x4D, 0x3C, 0x14, 0xEF, 0xA6, 0xD5,
    0x82, 0xBC, 0xFD, 0x2D, 0xBA, 0x53, 0x07, 0xBF, 0x59, 0x9B, 0xF9, 0xE1, 0xD4, 0xA9, 0x29, 0x54,
    0x40, 0x77, 0xB2, 0x71, 0x79, 0x3F, 0x4A, 0x53, 0x5A, 0x69, 0x84, 0x9F, 0x71, 0xA2, 0xD5, 0xD5,
    0x6D, 0x26, 0x1F, 0x57, 0x25, 0x20, 0x98, 0x6C, 0xBA, 0x16, 0x4D, 0xB8, 0x02, 0xEC, 0xBA, 0x03,
    0x7A, 0x4D, 0x5E, 0x78, 0xCC, 0x7F, 0x22, 0x9E, 0x17, 0xA5, 0xDC, 0x18, 0x4E, 0xEB, 0x7B, 0x64,
    0x30, 0x85, 0x66, 0x09, 0xC5, 0x08, 0xBC, 0xFB, 0x75, 0xF3, 0xD4, 0x4B, 0x9B, 0xA7, 0x36, 0x0F,
    0x0E, 0xD9, 0x47, 0xE7, 0xA2, 0xDB, 0x97, 0xD4, 0x93, 0xBE, 0x48, 0x6C, 0x8A, 0xC4, 0x5D, 0x41,
    0x21, 0x93, 0x23, 0x0A, 0xDE, 0x3C, 0x77, 0x75, 0x9F, 0xC1, 0x52, 0x4E, 0xD6, 0x4E, 0x04, 0x1E,
    0xE9, 0x7F, 0xC9, 0xB2, 0xF8, 0xD6, 0x2C, 0x87, 0xAD, 0xEC, 0x6C, 0x40, 0x74, 0x0F, 0xF5, 0xC5,
    0x1B, 0x5E, 0xC6, 0xDA, 0x30, 0xDE, 0xB0, 0x42, 0x4F, 0x88, 0xC5, 0xCF, 0xD0, 0x26, 0x23, 0xF3,
    0xC8, 0x81, 0x23, 0x82, 0x3F, 0x74, 0x96, 0xB0, 0x3A, 0xDE, 0xD3, 0x99, 0xF1, 0x94, 0x27, 0x68,
    0xAC, 0xC1, 0xC1, 0x6C, 0x13, 0x31, 0x35, 0x6B, 0x3F, 0xA4, 0x17, 0x96, 0x92, 0x0A, 0xA7, 0x1C,
    0x75, 0xF8, 0x6B, 0x97, 0xE5, 0xCE, 0x60, 0x70, 0x42, 0x4B, 0xA8, 0x80, 0xF8, 0xD0, 0x18, 0x42,
    0x51, 0x96, 0xF7, 0xD2, 0xA3, 0xF4, 0x38, 0x5D, 0xDE, 0x2A, 0x89, 0x0D, 0xB5, 0xAF, 0x76, 0x50,
    0xDF, 0x9A, 0xA3, 0x9D, 0xEB, 0x34, 0xBB, 0x47, 0xFD, 0x4C, 0x3A, 0xA8, 0x8A, 0xAE, 0x1A, 0x52,
    0xDB, 0x48, 0xE7, 0x59, 0x65, 0xB7, 0x58, 0x37, 0x52, 0xDA, 0x9B, 0xFB, 0xB4, 0x24, 0x6B, 0xFD,
    0x1A, 0x81, 0x47, 0xBB, 0xE8, 0x14, 0x4B, 0x41, 0x35, 0xD5, 0x70, 0xCA, 0xAF, 0x63, 0xB5, 0x42,
    0x2C, 0xAD, 0xD0, 0x5D, 0x29, 0x8D, 0x4A, 0xF5, 0xD9, 0x8E, 0xB5, 0x95, 0xEA, 0x2B, 0xB5, 0x50,
    0xA9, 0x2D, 0xAC, 0x9B, 0xAF, 0xB4, 0x4E, 0x86, 0x07, 0x0D, 0x55, 0xD9, 0x9A, 0x9D, 0xB2, 0x46,
    0x67, 0xBE, 0x4F, 0xB7, 0x73, 0xF6, 0xEC, 0x35, 0xE8, 0x35, 0xAB, 0x16, 0x17, 0x6E, 0x79, 0xAB,
    0x6E, 0xD7, 0x91, 0x16, 0x0F, 0xBF, 0xF0, 0xCA, 0x0E, 0xFD, 0x97, 0xBC, 0x53, 0x7F, 0xF0, 0xF9,
    0x7F, 0xCD, 0x7C, 0x4D, 0x8C, 0xDD, 0x56, 0x96, 0xDE, 0x25, 0xA9, 0x12, 0xDB, 0xE6, 0x44, 0xAC,
    0x00, 0xAA, 0xF1, 0x8C, 0xAB, 0x25, 0xF6, 0x22, 0x9B, 0xE9, 0x91, 0xFC, 0x66, 0xE1, 0x60, 0x6A,
    0x80, 0x92, 0x48, 0xC9, 0x48, 0xB4, 0x10, 0x10, 0x69, 0xA1, 0xEA, 0x5E, 0x18, 0x88, 0xBC, 0xE8,
    0x4D, 0x8C, 0x99, 0x94, 0x17, 0x1A, 0x40, 0x40, 0x64, 0x93, 0xB6, 0x16, 0xBD, 0xE8, 0x45, 0x6B,
    0x93, 0x99, 0x45, 0x10, 0xD8, 0x0B, 0x2F, 0xD2, 0xA5, 0x49, 0x24, 0x60, 0x0A, 0x18, 0x25, 0x91,
    0x45, 0x4A, 0x5A, 0x68, 0xD1, 0x0B, 0x53, 0xB6, 0xBB, 0x1B, 0x98, 0x46, 0xC6, 0xB4, 0x5B, 0xF6,
    0x8C, 0xDD, 0x40, 0xC4, 0x76, 0x53, 0x6D, 0xBE, 0x12, 0xC9, 0x9B, 0xEF, 0x3B, 0x97, 0xEF, 0xD5,
    0xAB, 0x3F, 0xFD, 0x56, 0x39, 0x53, 0x55, 0xF7, 0xB0, 0x1E, 0xF9, 0x78, 0x79, 0xEF, 0xB9, 0xE7,
    0xFF, 0x9C, 0x4B, 0x75, 0x4A, 0x29, 0xA5, 0xD1, 0x06, 0x89, 0x52, 0x6E, 0x8E, 0x7F, 0xDE, 0x51,
    0xFC, 0x89, 0xB5, 0xAE, 0x66, 0xB5, 0xAE, 0x9D, 0x46, 0x5D, 0x41, 0x9B, 0x43, 0x7B, 0x11, 0x4D,
    0x8D, 0x9B, 0xD6, 0x99, 0xD3, 0x2D, 0x45, 0x6B, 0xCE, 0x35, 0xEA, 0x19, 0xB4, 0x7D, 0x68, 0x87,
    0x66, 0xBB, 0xA5, 0x16, 0x7D, 0xB4, 0x81, 0x93, 0xAB, 0xF0, 0x87, 0xA5, 0x1A, 0x1C, 0x2B, 0xD4,
    0x2E, 0x15, 0x6D, 0x6B, 0xDF, 0x68, 0x5A, 0xA5, 0x04, 0x57, 0xFC, 0xD2, 0x57, 0x97, 0xFD, 0xD2,
    0x33, 0x40, 0xF9, 0xA5, 0x1A, 0x81, 0xDF, 0x2C, 0x45, 0xCA, 0xC7, 0x03, 0x95, 0x3F, 0x9C, 0x6D,
    0x70, 0xCE, 0xEE, 0x00, 0x2C, 0xBD, 0x16, 0xF0, 0x1C, 0x7A, 0x5E, 0x1C, 0x06, 0x95, 0xA5, 0x35,
    0x51, 0xC1, 0x9F, 0x14, 0xC3, 0x6D, 0xF1, 0x68, 0xF4, 0xE3, 0x9A, 0x53, 0xA1, 0xD6, 0x65, 0xD0,
    0x5D, 0xE4, 0x77, 0x2B, 0xB4, 0x65, 0xB4, 0x33, 0xEB, 0x46, 0xF9, 0xC0, 0x36, 0xDB, 0x45, 0xE8,
    0xA3, 0x30, 0xDD, 0x0F, 0x74, 0x62, 0x77, 0x97, 0x4A, 0xAF, 0x74, 0xAB, 0x20, 0x77, 0xAA, 0x30,
    0xB3, 0xF3, 0x38, 0x31, 0x4F, 0xD5, 0x6C, 0xBA, 0x34, 0x2D, 0x32, 0xE7, 0x78, 0x2D, 0xCC, 0x70,
    0x5B, 0xA1, 0xBE, 0xE3, 0xD7, 0x78, 0xBE, 0x46, 0x47, 0xB1, 0x36, 0x28, 0x95, 0xE1, 0xD6, 0xCA,
    0x1D, 0xA6, 0x91, 0x9F, 0x0D, 0xB2, 0x41, 0x02, 0x98, 0xEC, 0x51, 0x03, 0x2C, 0x68, 0x50, 0x03,
    0x0B, 0xFA, 0x02, 0xB0, 0x8A, 0x01, 0xA4, 0xF8, 0xBE, 0xA7, 0xD1, 0x4B, 0x9C, 0xEF, 0x52, 0x41,
    0xF1, 0x82, 0xF2, 0x8B, 0x50, 0xF9, 0x79, 0x88, 0xBB, 0x82, 0xCF, 0x62, 0xE5, 0xEA, 0xBA, 0x9F,
    0x67, 0x16, 0x68, 0xE2, 0xFF, 0x11, 0xFF, 0x30, 0x2F, 0xDC, 0xF2, 0x82, 0x97, 0x84, 0x7E, 0x86,
    0xBF, 0x5D, 0xD6, 0x93, 0x77, 0x12, 0xE8, 0x6A, 0x37, 0x46, 0xAB, 0xD5, 0x13, 0xFC, 0x61, 0x1D,
    0xD1, 0x4F, 0x5C, 0xA9, 0x38, 0x22, 0x11, 0x01, 0x3F, 0x16, 0xC8, 0xE3, 0xA4, 0x52, 0xF3, 0x36,
    0xD6, 0xF1, 0x01, 0x50, 0x03, 0x2D, 0x67, 0xED, 0x2E, 0x2D, 0x01, 0x5B, 0xB7, 0x21, 0x74, 0x5A,
    0xB5, 0x6C, 0xB7, 0xA0, 0x96, 0x8A, 0xD0, 0x2A, 0x01, 0x5B, 0x17, 0xD0, 0x69, 0x74, 0x81, 0xFF,
    0x6A, 0x9D, 0x3D, 0xA7, 0xD3, 0x22, 0xC5, 0x90, 0xBB, 0x7E, 0x09, 0x62, 0x7D, 0x4B, 0xCB, 0x1A,
    0x1F, 0xD1, 0x77, 0x64, 0xB9, 0xB9, 0x5A, 0x0F, 0x3C, 0x74, 0x4B, 0xE9, 0x97, 0x66, 0xA4, 0xC0,
    0x3B, 0x4F, 0x5E, 0xD7, 0xE6, 0x5A, 0x9C, 0xC8, 0x21, 0xCC, 0x36, 0x39, 0xF4, 0xD7, 0x34, 0x1F,
    0x94, 0xDE, 0x6D, 0xF1, 0xD8, 0x5F, 0x18, 0x4A, 0x00, 0x1F, 0x18, 0x6E, 0x30, 0xEC, 0xD0, 0xB3,
    0x82, 0x81, 0x86, 0x19, 0x46, 0x90, 0x3C, 0x41, 0xA6, 0xC0, 0x27, 0x7F, 0x18, 0x34, 0xCA, 0x50,
    0x3F, 0x99, 0xA3, 0xDD, 0x1A, 0x2E, 0x0E, 0x6D, 0x1D, 0x81, 0x3B, 0x8E, 0x8E, 0xE8, 0xD7, 0xF4,
    0x16, 0x60, 0x22, 0xEA, 0x30, 0x3F, 0x2E, 0xAB, 0x11, 0x1E, 0x6E, 0xEA, 0x62, 0xB6, 0x3B, 0xAA,
    0x2F, 0xA0, 0x53, 0x59, 0xD9, 0x12, 0x00, 0x72, 0xC0, 0x69, 0x7C, 0xCC, 0xB6, 0x39, 0x48, 0x04,
    0xBC, 0x27, 0x6C, 0x4E, 0x1C, 0xE8, 0x04, 0x1F, 0xE3, 0x0C, 0x00, 0x94, 0x8D, 0xAF, 0x54, 0x00,
    0x1E, 0x6F, 0xC3, 0x0A, 0x38, 0x8D, 0xC5, 0x79, 0x46, 0x3A, 0x8F, 0x75, 0x1E, 0x54, 0x6A, 0x2A,
    0x1A, 0x3D, 0xD6, 0x11, 0x42, 0x7D, 0x8F, 0xE0, 0xF9, 0xFE, 0xB9, 0xA1, 0x7E, 0x53, 0x77, 0x41,
    0x17, 0xA5, 0x43, 0x3C, 0x32, 0x28, 0x46, 0x60, 0x40, 0x90, 0x16, 0xEC, 0x0A, 0xC0, 0x7D, 0x1B,
    0x20, 0xE0, 0x85, 0x79, 0x82, 0x12, 0x00, 0x34, 0x07, 0xC0, 0x2F, 0xB7, 0x13, 0xB7, 0x05, 0x98,
    0x42, 0x14, 0xDF, 0x0B, 0xF5, 0x75, 0x0E, 0x93, 0x3F, 0x87, 0x6C, 0x3C, 0xF8, 0x0D, 0xA7, 0x52,
    0x86, 0x85, 0x77, 0xFF, 0xA4, 0x7F, 0xAE, 0xD6, 0x2F, 0x61, 0x7C, 0x9D, 0x95, 0x26, 0x60, 0xCB,
    0xC3, 0x0A, 0x63, 0x9F, 0x57, 0xE8, 0xEA, 0xAC, 0xC2, 0xD8, 0x71, 0x87, 0x3E, 0x82, 0x2F, 0xC7,
    0x37, 0xC0, 0x89, 0xE1, 0x87, 0xC0, 0x55, 0x70, 0x5F, 0x70, 0x8F, 0xFB, 0x5C, 0xD2, 0x1E, 0xF1,
    0xAE, 0x2C, 0x99, 0x0C, 0xBE, 0x6B, 0x09, 0x6E, 0xC9, 0x9F, 0x2A, 0x55, 0xE3, 0x69, 0xBD, 0x05,
    0x31, 0x8A, 0xB5, 0xAE, 0x65, 0xDD, 0x9F, 0x1A, 0x40, 0x7A, 0xA6, 0x15, 0x04, 0x99, 0x6E, 0x8D,
    0x9C, 0x51, 0xAF, 0xF3, 0x29, 0xF3, 0x63, 0xB0, 0x97, 0x03, 0xE2, 0xA8, 0x9C, 0x8E, 0x80, 0x23,
    0xF5, 0x28, 0x7F, 0x7C, 0x0A, 0xA0, 0xFD, 0xA4, 0xDB, 0x03, 0x14, 0x2B, 0xF3, 0x01, 0xC6, 0x7B,
    0x96, 0x6B, 0x51, 0x7A, 0x18, 0xFE, 0xBD, 0x97, 0x1B, 0x05, 0x36, 0xC2, 0xBA, 0xFD, 0xEC, 0x7B,
    0xE0, 0xC2, 0x0C, 0xDC, 0xE8, 0x45, 0xE8, 0x1F, 0x2B, 0x9E, 0x66, 0x8B, 0x17, 0x30, 0x31, 0x5D,
    0x41, 0xBA, 0x80, 0x4A, 0x4B, 0x88, 0x7E, 0x92, 0xDB, 0xA8, 0x5D, 0x1E, 0x0B, 0xC8, 0xEE, 0x5D,
    0x23, 0xFA, 0x9B, 0x00, 0xE7, 0xDD, 0xC6, 0xD9, 0xF0, 0xEB, 0x55, 0xB3, 0x1D, 0x49, 0xA1, 0x03,
    0x52, 0x56, 0x22, 0x15, 0x90, 0x61, 0xF9, 0x4D, 0x12, 0xCB, 0x98, 0x62, 0x9C, 0xF1, 0xC7, 0xA0,
    0x60, 0x7F, 0x20, 0xAF, 0x76, 0x91, 0x44, 0x65, 0xF3, 0xAA, 0xD2, 0x1B, 0x01, 0x2E, 0xCC, 0x76,
    0x97, 0x6A, 0x4A, 0xF7, 0x64, 0xDB, 0x44, 0x3C, 0xB9, 0xBA, 0xB4, 0xAE, 0x5D, 0x84, 0x2C, 0x9B,
    0xA7, 0x74, 0xDA, 0x0C, 0xCC, 0x8D, 0xC1, 0x19, 0x82, 0xCB, 0x04, 0x25, 0x41, 0x41, 0x61, 0x96,
    0x73, 0x70, 0x44, 0x24, 0x94, 0x8F, 0x56, 0x8B, 0x4B, 0x4B, 0xFA, 0x1D, 0x4A, 0x8A, 0x52, 0x54,
    0x52, 0x45, 0x82, 0x29, 0x47, 0xE0, 0x32, 0x64, 0x9C, 0xFA, 0xCE, 0xB6, 0xE9, 0xD5, 0x86, 0xA2,
    0x2C, 0x1B, 0xD4, 0x01, 0x98, 0x38, 0x71, 0x88, 0x0A, 0xAC, 0x30, 0xB0, 0x61, 0x83, 0x3A, 0xE7,
    0x81, 0x70, 0x92, 0x31, 0x38, 0x95, 0x94, 0x71, 0xBE, 0x39, 0x44, 0x52, 0xFE, 0x90, 0x0C, 0x4D,
    0x91, 0x22, 0xA6, 0xC4, 0xFD, 0x8E, 0x84, 0x15, 0xDE, 0x24, 0x5B, 0xAB, 0xF4, 0x7C, 0x13, 0xE2,
    0x3E, 0xCD, 0x65, 0x55, 0x76, 0x87, 0xFB, 0x6A, 0x59, 0x20, 0x2C, 0x9B, 0x8F, 0xA1, 0x82, 0xCA,
    0xE2, 0x92, 0x2C, 0x7E, 0x41, 0x27, 0x31, 0x1E, 0x2A, 0x12, 0xCA, 0xD6, 0x43, 0x15, 0xAC, 0x68,
    0x88, 0xBC, 0x41, 0x11, 0x46, 0x41, 0x19, 0x08, 0xD3, 0x63, 0x3D, 0xD5, 0x80, 0xBA, 0x0B, 0x7D,
    0x63, 0x40, 0xDF, 0xC5, 0x6A, 0x29, 0x52, 0x21, 0x44, 0x86, 0xF2, 0xEA, 0x7D, 0xCA, 0xAB, 0x0E,
    0xE3, 0xFF, 0x10, 0xE7, 0x06, 0x9F, 0xA5, 0x99, 0x4B, 0x02, 0xFF, 0x06, 0xC4, 0x42, 0xA0, 0xAE,
    0xD2, 0x7A, 0xA2, 0xFC, 0xA4, 0xF6, 0xB4, 0x96, 0xA2, 0x9D, 0x16, 0x47, 0x3B, 0x27, 0x60, 0x0D,
    0xD1, 0x42, 0x89, 0x8C, 0x89, 0xB6, 0xDB, 0x1C, 0x9C, 0x5D, 0x0B, 0x96, 0x09, 0x2A, 0x00, 0xAB,
    0x04, 0x70, 0x09, 0x74, 0x01, 0x6D, 0xAC, 0xB3, 0xDD, 0xFA, 0x64, 0x1A, 0x0D, 0x74, 0xD9, 0x6B,
    0x06, 0x48, 0x83, 0x76, 0x16, 0x03, 0xD2, 0xF7, 0x30, 0x4F, 0x4B, 0xE7, 0xCE, 0xDD, 0x1C, 0xFF,
    0x38, 0x1F, 0x17, 0x4E, 0x9A, 0x39, 0xEF, 0x97, 0x6E, 0x9C, 0x39, 0x3F, 0xAD, 0x7C, 0x48, 0xAA,
    0x5B, 0xCD, 0x1E, 0xC0, 0x9B, 0xCD, 0x01, 0xC0, 0x1B, 0xED, 0x3C, 0xE0, 0x75, 0x3D, 0x07, 0x98,
    0xE9, 0xCB, 0x84, 0x69, 0x49, 0x18, 0x17, 0x84, 0xA2, 0x19, 0x61, 0xF4, 0x40, 0xB4, 0xDD, 0x09,
    0x8E, 0xC4, 0x77, 0xE2, 0xC6, 0x77, 0x74, 0x47, 0xF4, 0x8B, 0xD8, 0x24, 0xFA, 0x07, 0xF9, 0xD6,
    0x00, 0x53, 0xCE, 0x9D, 0x76, 0x21, 0xCE, 0x1F, 0xFC, 0x3D, 0xA2, 0x1F, 0x62, 0xF3, 0x86, 0xEE,
    0xCC, 0xF2, 0x2E, 0x62, 0x2E, 0x76, 0xB7, 0x58, 0x52, 0x3B, 0xF2, 0x3A, 0xD0, 0x05, 0xD9, 0x98,
    0x46, 0x90, 0x92, 0x71, 0x92, 0x26, 0xD4, 0xD0, 0xD1, 0x46, 0x20, 0x17, 0xE4, 0x2B, 0xF2, 0x65,
    0xB9, 0x4D, 0x3A, 0x70, 0xDA, 0x97, 0x2B, 0x22, 0x28, 0x19, 0x11, 0x0F, 0x6D, 0x67, 0x48, 0xEA,
    0x6D, 0x13, 0xFA, 0x47, 0x28, 0xF4, 0x6F, 0xD2, 0x68, 0x1E, 0xAA, 0x59, 0x4E, 0x19, 0x84, 0xB0,
    0x95, 0x94, 0x75, 0x5A, 0x10, 0x28, 0x6C, 0x22, 0xA7, 0xDD, 0x4C, 0xBE, 0x9D, 0xC4, 0x30, 0xCB,
    0x47, 0x33, 0x61, 0x27, 0xDA, 0x16, 0x26, 0x6C, 0x39, 0x9A, 0xB3, 0xD8, 0x2F, 0xF1, 0xA5, 0x2E,
    0x55, 0xE7, 0xBC, 0xCA, 0x57, 0x67, 0xBC, 0xCA, 0x33, 0x00, 0x6C, 0xAD, 0x9E, 0x04, 0x9C, 0x6E,
    0xC5, 0x88, 0xCE, 0x76, 0x5A, 0x3F, 0xF7, 0x3F, 0x2E, 0x6D, 0x3F, 0x74, 0xC4, 0x6B, 0xCF, 0xA7,
    0x5F, 0x18, 0xB3, 0xAE, 0x56, 0x41, 0x15, 0xBE, 0x45, 0xCA, 0x08, 0x41, 0x13, 0x69, 0x12, 0x26,
    0xA4, 0x83, 0x30, 0x19, 0xE4, 0x38, 0x97, 0x0C, 0x8A, 0x1E, 0xCA, 0x19, 0x73, 0xD5, 0x7C, 0xD3,
    0xDC, 0xE5, 0x4A, 0x0F, 0xA6, 0xB7, 0xBE, 0x67, 0xF3, 0x14, 0x6B, 0xE1, 0x14, 0x49, 0xE4, 0xBA,
    0xCE, 0xB1, 0x00, 0x69, 0x02, 0x11, 0x7A, 0x88, 0x93, 0x39, 0x8B, 0x51, 0x25, 0xE5, 0xE4, 0x3C,
    0x3C, 0x51, 0xE1, 0xED, 0x58, 0x8F, 0x6B, 0x51, 0xE1, 0x23, 0xED, 0x5D, 0x02, 0x1F, 0x36, 0xA9,
    0xDB, 0xCD, 0x6C, 0x28, 0x98, 0xC2, 0xD5, 0xB9, 0xAE, 0x7D, 0x5D, 0xEE, 0x84, 0xC5, 0xF1, 0x05,
    0x29, 0x5A, 0x58, 0xE7, 0x1A, 0xC1, 0x0B, 0x04, 0xFB, 0x09, 0xF6, 0x10, 0x3C, 0x93, 0xEA, 0x1F,
    0xE9, 0x66, 0xB1, 0xFB, 0x37, 0xFA, 0x0E, 0x8C, 0x89, 0x38, 0x71, 0xAB, 0x4D, 0x00, 0x2F, 0xD0,
    0xBC, 0x4F, 0x1C, 0xFD, 0x3D, 0x8A, 0x10, 0x6A, 0xEB, 0xDF, 0x7F, 0x97, 0x34, 0xA5, 0x36, 0x01,
    0x96, 0xFE, 0x88, 0x13, 0x86, 0x2A, 0x7B, 0x5F, 0xFF, 0x4E, 0x77, 0xB3, 0xDD, 0xBF, 0xD5, 0xB7,
    0x45, 0x16, 0xE8, 0xC8, 0x88, 0x60, 0x15, 0xE4, 0x3B, 0x70, 0x80, 0x5C, 0x5E, 0xD2, 0x5F, 0xA6,
    0xF7, 0x48, 0xCE, 0x9A, 0xA2, 0xFA, 0x1B, 0x7D, 0x7A, 0x6E, 0x9E, 0xBE, 0xD2, 0x3F, 0xBD, 0xB7,
    0xC7, 0x47, 0x7A, 0xCA, 0x18, 0xED, 0x6B, 0x0E, 0xBB, 0x69, 0x4C, 0xC1, 0x6B, 0x18, 0xC2, 0x69,
    0xA0, 0x7A, 0xBD, 0x3C, 0x06, 0x6A, 0x02, 0xC0, 0x7B, 0xA6, 0x3A, 0xE6, 0x47, 0xB0, 0x6F, 0x50,
    0x40, 0x6C, 0x05, 0x05, 0x2E, 0x4D, 0x02, 0x39, 0x17, 0x67, 0x56, 0x7C, 0x5F, 0x93, 0xF4, 0xEF,
    0x80, 0xA1, 0x73, 0x8B, 0x33, 0x87, 0xC8, 0xE7, 0xC4, 0x55, 0x20, 0x3E, 0x86, 0x28, 0xB3, 0xF5,
    0x10, 0x63, 0x00, 0xEC, 0xD2, 0x82, 0x67, 0xBC, 0x8A, 0x90, 0xD6, 0xDB, 0xD6, 0xD0, 0xAF, 0x88,
    0x68, 0x70, 0x35, 0xF0, 0xDC, 0x59, 0x44, 0x73, 0x2E, 0x86, 0xD7, 0xA6, 0x46, 0x19, 0x7A, 0x67,
    0xDF, 0x22, 0xD8, 0x9A, 0xCD, 0x7E, 0xFD, 0xB1, 0x59, 0x69, 0x6C, 0x8F, 0x1A, 0x5E, 0x11, 0x64,
    0x73, 0x16, 0xD0, 0x2F, 0x86, 0x27, 0x05, 0xCA, 0x9B, 0xEC, 0x31, 0x84, 0x61, 0xF1, 0xFC, 0xC5,
    0x35, 0xA2, 0x71, 0xBF, 0x72, 0x61, 0x77, 0xF8, 0x25, 0x6C, 0x95, 0x1C, 0xB6, 0x47, 0x34, 0xF2,
    0xA3, 0xC7, 0x1E, 0x51, 0xE6, 0x41, 0xA5, 0x62, 0x84, 0xE9, 0xC5, 0xDA, 0x18, 0x9C, 0xB4, 0x3B,
    0x7B, 0x8A, 0x86, 0x69, 0x43, 0x46, 0xC1, 0x81, 0xAA, 0x06, 0x8C, 0xC9, 0x19, 0x42, 0x44, 0x02,
    0x61, 0x74, 0xEC, 0x70, 0xC0, 0xE8, 0x05, 0x7D, 0x41, 0x7F, 0x30, 0x5F, 0xE9, 0x6F, 0xE8, 0x6F,
    0x47, 0x67, 0x21, 0x3A, 0xB3, 0x69, 0xD2, 0xF2, 0x41, 0x7F, 0xDD, 0x70, 0x05, 0x02, 0x9D, 0x8F,
    0x47, 0xB1, 0x5B, 0xDC, 0xC4, 0xFB, 0x1A, 0xC6, 0x38, 0x54, 0xB3, 0xDD, 0x8A, 0xB7, 0xBC, 0x06,
    0xC0, 0xCF, 0x05, 0x0E, 0xF4, 0x9B, 0x1D, 0x25, 0x7B, 0xC7, 0x35, 0x07, 0x08, 0x6F, 0x03, 0xC4,
    0xD7, 0x79, 0xE1, 0x08, 0x14, 0x3C, 0xEF, 0x75, 0x78, 0x6F, 0x50, 0xBB, 0x10, 0x5C, 0x90, 0x40,
    0x85, 0x7A, 0xF5, 0x82, 0xA2, 0xB5, 0xE5, 0x43, 0xAA, 0xF9, 0x59, 0x1C, 0x59, 0x49, 0x4C, 0x61,
    0x1F, 0xC1, 0x90, 0x88, 0xFC, 0x15, 0x6A, 0xB9, 0x38, 0x82, 0xD6, 0x43, 0x83, 0xBB, 0x0C, 0xF9,
    0x37, 0xB8, 0x9F, 0xE6, 0x5E, 0x37, 0x28, 0x57, 0x11, 0x34, 0x9B, 0x50, 0x0D, 0x40, 0xDE, 0x89,
    0x0D, 0x15, 0xDE, 0x31, 0x4E, 0xC9, 0x32, 0xFA, 0xFD, 0x5B, 0xF4, 0x7B, 0x3F, 0x4B, 0x15, 0x65,
    0xA4, 0x16, 0xB7, 0x77, 0x30, 0x6E, 0x29, 0x75, 0xA9, 0xC8, 0xD6, 0x38, 0xF2, 0x3F, 0xC3, 0xF0,
    0x49, 0xA7, 0xF8, 0x99, 0x59, 0x38, 0x49, 0x47, 0x38, 0xF1, 0xAA, 0x41, 0xE1, 0x56, 0x7E, 0x69,
    0x5A, 0x90, 0xBB, 0xDD, 0x35, 0xAC, 0x8C, 0x8E, 0xCC, 0x67, 0xAF, 0x72, 0x2B, 0x42, 0xAF, 0x0C,
    0x56, 0xE0, 0xC8, 0xC3, 0x8D, 0x9F, 0x59, 0x58, 0xE0, 0x7D, 0x50, 0x1F, 0x01, 0xD6, 0xD3, 0xED,
    0x9B, 0x85, 0xA6, 0x36, 0x34, 0xAA, 0x98, 0x00, 0x1A, 0x26, 0x85, 0x32, 0x98, 0x5A, 0x58, 0x38,
    0x05, 0xD3, 0xB7, 0xB1, 0x60, 0x94, 0x28, 0xB6, 0xC2, 0x34, 0x2B, 0x37, 0xCD, 0xCE, 0x8C, 0x99,
    0xE2, 0x42, 0xBE, 0x7B, 0xC0, 0xC0, 0xA5, 0xA5, 0xF4, 0x9F, 0xC0, 0x9D, 0x0D, 0x48, 0xE7, 0x2A,
    0x90, 0x30, 0x8F, 0x76, 0x00, 0x7C, 0xF6, 0x6D, 0x20, 0xED, 0x5B, 0xEA, 0xF9, 0x0B, 0x98, 0x47,
    0xAB, 0xBC, 0x22, 0x86, 0x6B, 0x1D, 0x8A, 0x59, 0x03, 0x98, 0x43, 0x7C, 0xE6, 0xE1, 0x97, 0x4B,
    0x34, 0x1B, 0x8C, 0x0A, 0xCD, 0xC5, 0x6B, 0x4F, 0xDC, 0x0E, 0x8A, 0x35, 0x6D, 0xCC, 0xBC, 0x4F,
    0x2E, 0x9C, 0x5C, 0x80, 0x91, 0xA8, 0xEF, 0xE9, 0xDC, 0xC3, 0x73, 0x5F, 0x57, 0x16, 0x46, 0x81,
    0x81, 0x5E, 0x09, 0xA9, 0xDE, 0x0E, 0x85, 0xB7, 0x78, 0x73, 0x7A, 0x37, 0x93, 0x38, 0x01, 0x6D,
    0xF2, 0xF0, 0x7D, 0x1A, 0x83, 0xE1, 0x2D, 0xA8, 0x80, 0x3A, 0xBC, 0xD1, 0x92, 0x82, 0x81, 0xD9,
    0xB8, 0x00, 0x3E, 0x72, 0x7D, 0x44, 0x57, 0x41, 0x09, 0x73, 0x16, 0xEC, 0x1F, 0x3A, 0xCD, 0x61,
    0xAB, 0x9D, 0xB2, 0x5A, 0x05, 0xFA, 0xBA, 0x04, 0xA3, 0xA5, 0x50, 0x0C, 0x09, 0xE8, 0x03, 0x4A,
    0x1F, 0x52, 0x5D, 0x78, 0xAC, 0xF1, 0x44, 0x31, 0xCE, 0x2C, 0xCC, 0x10, 0x83, 0xA1, 0x8E, 0xBC,
    0x1A, 0x72, 0x9C, 0xF8, 0x55, 0x44, 0x31, 0xC0, 0x80, 0xE0, 0x7F, 0x03, 0x7C, 0xFD, 0x0B, 0x00,
    0x7D, 0x0C, 0xA0, 0x91, 0xAB, 0x00, 0x5C, 0x09, 0x20, 0x33, 0x68, 0xE5, 0xDE, 0xDE, 0x02, 0x5A,
    0x86, 0x29, 0xAB, 0x6A, 0x1F, 0x63, 0xED, 0x28, 0xCE, 0x67, 0x87, 0x3D, 0xA9, 0x6C, 0xCF, 0x33,
    0xD0, 0xCB, 0x29, 0xFC, 0xD3, 0x78, 0x78, 0x02, 0xC8, 0x01, 0xDF, 0x99, 0x47, 0x2B, 0x25, 0x00,
    0x46, 0x1D, 0xEB, 0xDE, 0x83, 0xFA, 0xAD, 0x48, 0x2A, 0x58, 0x32, 0x90, 0x51, 0xD0, 0xFA, 0x75,
    0xAA, 0xED, 0x6E, 0xB4, 0xD4, 0xAA, 0xC4, 0x02, 0x94, 0x70, 0x46, 0x26, 0x5B, 0x31, 0xC8, 0x2C,
    0x34, 0x3B, 0x1F, 0x64, 0x2E, 0x1A, 0x9C, 0x99, 0x0C, 0x3E, 0xCD, 0x9D, 0x6B, 0x96, 0x31, 0x0D,
    0x66, 0x4E, 0x81, 0x52, 0xA2, 0x14, 0xB1, 0x46, 0x8A, 0x03, 0x85, 0xB8, 0x0B, 0x19, 0x08, 0x30,
    0xCE, 0xFE, 0x14, 0x70, 0x31, 0xFF, 0x5B, 0xC0, 0xD3, 0xC5, 0xAF, 0x00, 0x4F, 0x7C, 0x75, 0x13,
    0xF0, 0xD8, 0xFD, 0xF3, 0x80, 0x2F, 0xE9, 0x97, 0x00, 0x8F, 0xC2, 0x7F, 0x82, 0x47, 0xDD, 0xD2,
    0x15, 0xC8, 0xAF, 0xCE, 0xB6, 0x51, 0x5A, 0x9E, 0x45, 0xB4, 0x6C, 0x73, 0x6C, 0x8C, 0x41, 0x77,
    0x89, 0x88, 0xD0, 0xD5, 0xFA, 0x0B, 0x6B, 0xB1, 0x11, 0x19, 0xA2, 0xEB, 0x94, 0x57, 0x52, 0xE8,
    0xF9, 0x18, 0x3B, 0x09, 0x81, 0xCD, 0xEB, 0x9B, 0xF9, 0x8C, 0xF3, 0x85, 0x5F, 0x04, 0xC0, 0x58,
    0x4C, 0x43, 0xBE, 0x5F, 0x0F, 0xC3, 0x35, 0x64, 0x1B, 0x59, 0x05, 0xAF, 0x7C, 0x14, 0x40, 0xBE,
    0xE3, 0x08, 0x86, 0x32, 0x02, 0xB5, 0x10, 0xFD, 0x07, 0x95, 0xFE, 0xA3, 0xCE, 0xFD, 0xEE, 0x74,
    0xE5, 0x41, 0x96, 0x51, 0x54, 0x7B, 0x95, 0xDD, 0x78, 0x08, 0x3D, 0xF5, 0x4D, 0xC4, 0xB7, 0x57,
    0xD3, 0x77, 0xC1, 0x75, 0x0D, 0xAB, 0xF3, 0x2B, 0xB0, 0x38, 0x78, 0x67, 0xB2, 0xA1, 0x3F, 0x74,
    0x08, 0x7A, 0xE9, 0x67, 0xE4, 0x97, 0x71, 0x44, 0x31, 0x3E, 0xC8, 0x0E, 0xA9, 0x11, 0xEB, 0x4C,
    0xB6, 0x41, 0x6E, 0xE1, 0x3B, 0x6E, 0x04, 0x36, 0x82, 0x68, 0xAB, 0x47, 0x33, 0x8A, 0x30, 0xA1,
    0x9C, 0x5C, 0x03, 0x67, 0x83, 0xAD, 0xD8, 0xF4, 0xE6, 0xBE, 0x59, 0xE9, 0x47, 0x12, 0x5C, 0x5D,
    0x58, 0x98, 0x3A, 0xA5, 0x3B, 0x9F, 0xD1, 0x8B, 0x02, 0xAC, 0x99, 0xB9, 0xB5, 0x03, 0x81, 0xEC,
    0x45, 0x76, 0x0B, 0x65, 0xDB, 0xC1, 0xCE, 0x49, 0x0F, 0xE0, 0xFB, 0x70, 0x16, 0xC3, 0xAA, 0xF7,
    0x5B, 0xC1, 0x33, 0xF4, 0xA5, 0xE1, 0xE4, 0x2B, 0x37, 0x12, 0x9D, 0xBC, 0x07, 0x62, 0xD6, 0x6F,
    0xCC, 0x5C, 0x8C, 0x9E, 0xD6, 0x22, 0xB9, 0x55, 0x1F, 0xA5, 0x5F, 0x05, 0x0C, 0x92, 0xD2, 0x06,
    0x8A, 0xDC, 0x3A, 0xC5, 0x9A, 0x15, 0x29, 0xE8, 0x3F, 0x4B, 0xC1, 0xCC, 0x59, 0x6A, 0x0B, 0x68,
    0xD7, 0x00, 0x68, 0x8D, 0x3C, 0x75, 0x6A, 0xBF, 0x4C, 0x89, 0x4E, 0x0D, 0x63, 0x72, 0x51, 0xFC,
    0xE3, 0x4D, 0x7A, 0x9E, 0x62, 0xCF, 0x30, 0x03, 0x81, 0x88, 0xA9, 0x53, 0xA1, 0x7E, 0xBB, 0xF5,
    0x5A, 0xA7, 0xB0, 0x3B, 0x46, 0x21, 0x4E, 0x60, 0xF0, 0x8D, 0x71, 0xB8, 0x61, 0x3B, 0xAA, 0x10,
    0x3D, 0x2C, 0x6B, 0x65, 0x43, 0xCA, 0xB8, 0xF0, 0xD4, 0x17, 0x8B, 0xB8, 0xD5, 0xB5, 0xD6, 0x63,
    0xA2, 0x84, 0x57, 0xEE, 0x3F, 0x2E, 0x49, 0xAC, 0x5C, 0x5A, 0x11, 0x72, 0xA2, 0xC9, 0x3B, 0x90,
    0x70, 0x1F, 0x01, 0xD1, 0xA3, 0x1C, 0x02, 0x5B, 0x2D, 0x9C, 0x9A, 0x59, 0x48, 0xDB, 0xB8, 0x83,
    0x6A, 0xDE, 0xF0, 0xEB, 0xB6, 0x8B, 0xA5, 0x4D, 0xAF, 0x62, 0x86, 0x01, 0x83, 0x51, 0x5B, 0x1C,
    0x12, 0x55, 0xE4, 0xF9, 0x05, 0x70, 0x7D, 0xDA, 0x6A, 0xD0, 0x51, 0x50, 0x86, 0x39, 0x38, 0x1F,
    0xFC, 0xFA, 0xE8, 0xD0, 0x13, 0xC8, 0x21, 0xA6, 0x77, 0x38, 0x46, 0xDD, 0x6E, 0x6B, 0x9F, 0xFF,
    0x64, 0xFA, 0x54, 0xE3, 0xC8, 0xA6, 0x3A, 0x28, 0x70, 0x9F, 0xC0, 0x7F, 0x21, 0x70, 0xD7, 0x0C,
    0x6D, 0xFF, 0x94, 0xA4, 0x7A, 0x85, 0x1E, 0xC1, 0xE5, 0x30, 0xE9, 0x81, 0x0A, 0x2F, 0x88, 0xE3,
    0xC8, 0xF8, 0xE4, 0x5F, 0xA3, 0x13, 0xEA, 0xCB, 0x75, 0xC0, 0x4A, 0x7F, 0x4D, 0xA1, 0x03, 0x59,
    0x8D, 0x05, 0xA2, 0x2C, 0x82, 0x7E, 0x86, 0xAA, 0x80, 0x17, 0xD0, 0x51, 0xA9, 0x41, 0xBC, 0xF7,
    0xF0, 0x9E, 0x40, 0x98, 0x56, 0x80, 0xC3, 0xF8, 0x3A, 0xCF, 0x07, 0x9F, 0x10, 0xFA, 0xBF, 0x11,
    0x88, 0xFF, 0xA1, 0x24, 0x6F, 0x23, 0x40, 0xB1, 0x92, 0xDE, 0xD2, 0xE8, 0xA7, 0x45, 0x3F, 0xE8,
    0xD3, 0xE4, 0x17, 0xEA, 0x09, 0x55, 0x79, 0x8F, 0x3E, 0x4B, 0xC7, 0x5E, 0x30, 0xDF, 0x60, 0xA4,
    0x8E, 0x0B, 0xDC, 0x9D, 0xE3, 0xDE, 0x0C, 0x77, 0x22, 0x62, 0x42, 0x13, 0x13, 0x56, 0x0C, 0x74,
    0xCB, 0x61, 0x44, 0x0E, 0x9E, 0x11, 0x2A, 0x44, 0x5B, 0x60, 0x50, 0xBF, 0xFF, 0x1F, 0xED, 0x00,
    0xAE, 0x1D, 0x42, 0x64, 0x32, 0x84, 0x60, 0xF7, 0x7B, 0x35, 0x81, 0x67, 0xBE, 0x4A, 0x25, 0xEC,
    0x61, 0xDA, 0x5E, 0x3D, 0x90, 0x91, 0x86, 0x51, 0x0A, 0x98, 0xC2, 0x00, 0x81, 0x04, 0xA7, 0xE3,
    0xD0, 0xD1, 0xCD, 0xA2, 0x71, 0x01, 0x68, 0xCE, 0xF4, 0x57, 0x63, 0xD8, 0xCC, 0x5E, 0x15, 0x26,
    0x1D, 0x25, 0xD1, 0xCF, 0x61, 0x41, 0x6B, 0x7B, 0x1C, 0xDC, 0x46, 0xD7, 0xA7, 0x60, 0x7F, 0x81,
    0x80, 0x45, 0xFD, 0x26, 0x50, 0xC4, 0x09, 0x8F, 0x90, 0x84, 0xEC, 0x2B, 0xB1, 0x3A, 0x38, 0x5E,
    0x4D, 0x98, 0xF0, 0x7E, 0x4A, 0xC7, 0xF8, 0x7A, 0xFA, 0x51, 0xE7, 0x18, 0x49, 0x6F, 0x37, 0xBD,
    0x83, 0x18, 0x60, 0x94, 0x76, 0x66, 0xFA, 0x7B, 0x0A, 0xC5, 0x6E, 0x15, 0x67, 0x11, 0xF2, 0x43,
    0xB4, 0xA6, 0xC4, 0xE7, 0x68, 0xFA, 0xA9, 0xFB, 0x8B, 0x29, 0x80, 0xFA, 0x15, 0x8A, 0x81, 0xB9,
    0xD9, 0xE1, 0xC9, 0x7E, 0xC5, 0x60, 0xBA, 0xDE, 0xD7, 0x85, 0xDB, 0x05, 0xA5, 0xDB, 0x78, 0x63,
    0x23, 0x69, 0xB3, 0xDF, 0xA0, 0x05, 0xFE, 0xA8, 0x63, 0x8D, 0x39, 0xD4, 0x73, 0x1A, 0xFD, 0x05,
    0x2E, 0xCD, 0xBB, 0x66, 0x8C, 0x8C, 0xD2, 0x53, 0xCA, 0x91, 0x91, 0xE7, 0x46, 0x68, 0x7D, 0x32,
    0x23, 0x6B, 0x55, 0xA2, 0x87, 0xBD, 0x44, 0xFF, 0x23, 0x23, 0x80, 0x7F, 0xC6, 0x78, 0x6B, 0xF6,
    0x40, 0x89, 0x0E, 0x1A, 0xF1, 0x74, 0x39, 0x38, 0x52, 0x87, 0x0A, 0xAB, 0xC5, 0xE0, 0x61, 0xA0,
    0x11, 0x1F, 0x84, 0x57, 0xD9, 0xEC, 0xB2, 0x9B, 0x79, 0x85, 0x18, 0x66, 0x13, 0x1E, 0xAD, 0xBC,
    0x91, 0xB1, 0x8C, 0x00, 0x16, 0xE4, 0x16, 0xE7, 0x14, 0x19, 0xBB, 0x4A, 0xA5, 0xD4, 0x99, 0xCA,
    0xDD, 0xE2, 0xCF, 0xA3, 0x32, 0x15, 0xDA, 0x47, 0x82, 0x20, 0x54, 0x69, 0x18, 0x01, 0xEE, 0xDA,
    0xF5, 0xB8, 0xF7, 0x5A, 0x88, 0xC8, 0x81, 0x74, 0xB0, 0xBE, 0x53, 0xA7, 0x06, 0x48, 0x37, 0x59,
    0x5B, 0xFC, 0xDA, 0x8C, 0x9E, 0xD6, 0x8B, 0xC5, 0xB5, 0x88, 0xE6, 0x88, 0x84, 0x5D, 0xB9, 0xAE,
    0xB4, 0x3C, 0xD7, 0xC3, 0x8F, 0x04, 0x52, 0x26, 0x14, 0xE1, 0xCF, 0x3B, 0xB1, 0x07, 0x53, 0xF8,
    0xFC, 0xB4, 0xC6, 0xDD, 0x9C, 0xF6, 0x38, 0x63, 0xAC, 0x1A, 0x4B, 0x96, 0xFE, 0xBA, 0x55, 0xD7,
    0x6C, 0x3D, 0x26, 0x7F, 0x91, 0xE1, 0x46, 0x88, 0x1B, 0x29, 0x6E, 0x64, 0xF4, 0x5A, 0x08, 0x69,
    0x35, 0x54, 0x2E, 0x44, 0x17, 0x6C, 0x77, 0x9C, 0x19, 0xE4, 0x84, 0x64, 0x72, 0x42, 0x4F, 0xCE,
    0x80, 0xB1, 0x70, 0x95, 0xFD, 0x0C, 0x89, 0x08, 0x43, 0x77, 0x26, 0x40, 0x93, 0x32, 0x8A, 0xB4,
    0xB8, 0xF2, 0x8E, 0x59, 0x6B, 0x21, 0x3E, 0x98, 0x6E, 0x58, 0x03, 0xB7, 0x85, 0x76, 0x74, 0xA1,
    0xAB, 0x1E, 0xAE, 0x30, 0x88, 0x3C, 0x8F, 0x36, 0xC4, 0x71, 0x3D, 0xF2, 0xB5, 0x4C, 0xD2, 0xD6,
    0xAE, 0xC6, 0x49, 0xDB, 0x27, 0xB5, 0xF5, 0xFA, 0xEC, 0x8E, 0x84, 0xE3, 0xD8, 0x93, 0x47, 0xEA,
    0xB0, 0xCA, 0x6D, 0xB5, 0x43, 0x7B, 0x53, 0x57, 0x59, 0x95, 0x9F, 0x28, 0x72, 0xE8, 0xAC, 0xA1,
    0xD8, 0x9D, 0xB0, 0x25, 0x9E, 0x52, 0x2D, 0x0F, 0xFB, 0xE4, 0xA2, 0xAC, 0x9D, 0x43, 0x3A, 0xB1,
    0x89, 0x10, 0x23, 0xDE, 0x56, 0xB3, 0xD0, 0xE2, 0xD4, 0x63, 0x76, 0x95, 0x38, 0xB9, 0x6F, 0x33,
    0xBE, 0x1C, 0x32, 0x90, 0x08, 0xD7, 0x0E, 0xB1, 0x42, 0x84, 0x01, 0x7D, 0x66, 0x33, 0xE2, 0xC4,
    0x67, 0x76, 0x08, 0x46, 0x25, 0x63, 0x56, 0x61, 0xEE, 0x93, 0x79, 0xC3, 0x62, 0x3F, 0x0F, 0x69,
    0x79, 0x88, 0x6C, 0xAC, 0x4B, 0xA4, 0xA3, 0x82, 0x4F, 0x7F, 0x59, 0x22, 0xAF, 0xE8, 0xFF, 0xEA,
    0x56, 0xC5, 0x49, 0x7E, 0x7D, 0x7E, 0x25, 0x67, 0x54, 0xC7, 0x21, 0xE6, 0xDC, 0xCE, 0xD6, 0x12,
    0xA1, 0xB3, 0x3A, 0x23, 0x6A, 0x30, 0xD7, 0x67, 0xA3, 0x99, 0x68, 0x77, 0x84, 0x40, 0x42, 0xE6,
    0x67, 0xA7, 0x2B, 0x1F, 0x6E, 0x90, 0x53, 0x7B, 0x85, 0x93, 0xDB, 0x8D, 0x0B, 0x2C, 0xAA, 0xD6,
    0xA9, 0x00, 0x3B, 0xBB, 0x06, 0x69, 0xC0, 0x4C, 0x42, 0x86, 0x2A, 0x76, 0x88, 0xD1, 0xF0, 0xC4,
    0x35, 0x28, 0xD9, 0xC1, 0xDF, 0xC4, 0x73, 0x24, 0xD0, 0x50, 0x84, 0x19, 0xC3, 0x64, 0xC8, 0xA2,
    0x47, 0x26, 0xE6, 0x66, 0x31, 0xA7, 0x2B, 0x02, 0xE6, 0xD5, 0xF4, 0xCB, 0x84, 0xA8, 0xC8, 0xD5,
    0x72, 0x78, 0xA3, 0x50, 0x62, 0x1D, 0xCA, 0x05, 0x88, 0x21, 0x7C, 0x27, 0xFC, 0xB5, 0x56, 0xA3,
    0x40, 0x6F, 0x48, 0xB1, 0x84, 0x7E, 0x46, 0x20, 0x93, 0x0B, 0x56, 0xFA, 0x73, 0x89, 0xED, 0xDD,
    0x11, 0x86, 0x08, 0x7A, 0x39, 0x37, 0xD9, 0xC8, 0x19, 0x2F, 0x43, 0x26, 0xAF, 0x39, 0xDF, 0xFD,
    0x04, 0x13, 0x87, 0xB6, 0x86, 0x06, 0x25, 0xE1, 0x9B, 0x5F, 0xBF, 0x0C, 0x86, 0x69, 0x9E, 0x8E,
    0x73, 0xD0, 0x0C, 0x35, 0x50, 0xEA, 0x21, 0x02, 0x00, 0xBE, 0x63, 0xA6, 0x07, 0x6E, 0x77, 0x02,
    0xDC, 0x74, 0x48, 0x51, 0x38, 0x35, 0xA4, 0xCB, 0x7E, 0x60, 0x4A, 0x82, 0x9A, 0x4E, 0xED, 0x4E,
    0x1E, 0xB4, 0x36, 0xA9, 0xB2, 0x97, 0xDB, 0x05, 0x39, 0x59, 0x4F, 0x7E, 0xA5, 0xBF, 0x41, 0xB2,
    0xE5, 0xE8, 0x0C, 0x96, 0x04, 0x23, 0x71, 0x69, 0xE2, 0x26, 0xF0, 0x44, 0x06, 0x0C, 0xDC, 0xEA,
    0xCC, 0x5E, 0x8D, 0x79, 0x80, 0xCE, 0x9E, 0x7F, 0x17, 0xB3, 0xB0, 0xE8, 0xD0, 0xD7, 0xF4, 0x16,
    0xBC, 0x12, 0x85, 0x06, 0x80, 0x41, 0xFE, 0x82, 0x22, 0xC4, 0x7C, 0x56, 0xD2, 0x2F, 0x2F, 0x70,
    0x46, 0x10, 0x39, 0x14, 0x14, 0x6A, 0x74, 0xBE, 0x24, 0x29, 0x7B, 0x98, 0xA3, 0x13, 0x05, 0x2D,
    0x42, 0x1F, 0xE8, 0x67, 0xA4, 0xB7, 0x54, 0xAF, 0x56, 0x2D, 0x4A, 0x4B, 0x9B, 0x34, 0xE0, 0xD0,
    0x99, 0x75, 0x4F, 0x73, 0xA9, 0xA8, 0x7E, 0xF6, 0x90, 0xD6, 0x0F, 0x72, 0xEC, 0x21, 0x17, 0xED,
    0x3F, 0xAD, 0x60, 0xC0, 0x5F, 0x55, 0x1D, 0x01, 0xCC, 0xD4, 0x0F, 0x2A, 0x84, 0x5B, 0x6E, 0x80,
    0xCB, 0xDD, 0xB7, 0xAA, 0x41, 0xEE, 0x1F, 0x85, 0x3D, 0xB2, 0x78, 0xA3, 0x8A, 0x87, 0xFA, 0xD3,
    0x0A, 0xCF, 0x98, 0x62, 0x0E, 0xCD, 0x17, 0x11, 0xC5, 0x89, 0x1C, 0xE6, 0x23, 0xCF, 0x92, 0xB2,
    0x2E, 0xF3, 0x91, 0x10, 0x62, 0xCC, 0x6F, 0x22, 0x8B, 0xF2, 0xF1, 0xDB, 0x90, 0x50, 0xA7, 0x7F,
    0x0C, 0x15, 0x11, 0xFC, 0xB0, 0x52, 0xFB, 0x03, 0xF8, 0x68, 0x71, 0xF0, 0x23, 0xE4, 0x3A, 0xDE,
    0xFE, 0xB1, 0x64, 0xB0, 0x14, 0x67, 0x21, 0x59, 0xC0, 0xC2, 0x84, 0x87, 0xE2, 0xD2, 0x28, 0xC2,
    0xBF, 0xAB, 0xCC, 0xF1, 0xB7, 0x8D, 0x1C, 0xAD, 0x4F, 0xCD, 0xD1, 0x61, 0x68, 0x05, 0x47, 0x37,
    0xD3, 0xFD, 0x32, 0x60, 0x76, 0x48, 0x48, 0x2C, 0xA6, 0xCC, 0xD9, 0xD4, 0x6A, 0x7F, 0x1C, 0xCA,
    0x71, 0x3E, 0x66, 0x3E, 0x93, 0x47, 0xCC, 0x14, 0xC7, 0xE5, 0x18, 0x64, 0x81, 0x63, 0x19, 0xBB,
    0x8C, 0x29, 0x59, 0x65, 0xCC, 0x1A, 0x8A, 0xF6, 0x58, 0x15, 0x7B, 0x3A, 0x8A, 0xF5, 0xDD, 0x26,
    0x0E, 0xE8, 0x1F, 0x32, 0x67, 0x8E, 0xD9, 0x21, 0x9E, 0x04, 0x8B, 0x1D, 0x94, 0x0D, 0x0C, 0xFD,
    0x9D, 0xE8, 0x36, 0x0C, 0xC3, 0x2B, 0x2D, 0xD8, 0x70, 0xDE, 0xCA, 0xC5, 0x2F, 0xB5, 0xAC, 0x04,
    0x64, 0x59, 0xE9, 0x85, 0xF4, 0xF8, 0xF6, 0x84, 0xB0, 0x4C, 0xCB, 0x03, 0x21, 0x2C, 0xB5, 0x72,
    0x3E, 0x04, 0x95, 0x95, 0xEF, 0x85, 0x41, 0x9B, 0x7E, 0xA5, 0x43, 0x88, 0x0F, 0x2D, 0xFA, 0xC6,
    0x40, 0xF8, 0xE6, 0xCB, 0xA2, 0x74, 0x0B, 0x31, 0x33, 0xA4, 0xB8, 0x81, 0xB1, 0x45, 0xAB, 0x13,
    0xDB, 0x35, 0xBD, 0x22, 0x61, 0x67, 0x2E, 0x55, 0x7C, 0xF7, 0x2E, 0x10, 0xA0, 0x7D, 0x78, 0xB6,
    0x56, 0xEB, 0x5F, 0x67, 0xEE, 0xC9, 0xCF, 0x28, 0x79, 0x19, 0x32, 0xC2, 0xAA, 0xC3, 0xBE, 0x82,
    0x77, 0x09, 0x3B, 0x26, 0xCE, 0x16, 0xEF, 0xF8, 0x90, 0xC7, 0x9A, 0x29, 0x42, 0x78, 0x97, 0x2C,
    0x3A, 0x60, 0x18, 0x7F, 0xE1, 0x34, 0x05, 0xF1, 0x21, 0xCA, 0x3A, 0x3C, 0xD2, 0xFD, 0x1D, 0xD1,
    0x0C, 0x26, 0xE2, 0x55, 0xE0, 0xA1, 0xC3, 0xB2, 0x56, 0x1D, 0x3C, 0xA1, 0xB2, 0x43, 0x37, 0xB9,
    0xF6, 0xCA, 0xF8, 0x86, 0x3E, 0xDF, 0x76, 0xAE, 0xCE, 0xD2, 0x98, 0x65, 0x25, 0x1C, 0x04, 0xD9,
    0xC2, 0xD0, 0x39, 0x4B, 0x81, 0x28, 0x24, 0x1D, 0x29, 0xBC, 0x98, 0x37, 0x2B, 0xD2, 0x71, 0x2E,
    0x5C, 0xA2, 0x94, 0x39, 0x01, 0xFE, 0x13, 0xDE, 0xCC, 0x7A, 0x2B, 0x46, 0x8F, 0x98, 0x44, 0x8A,
    0x3B, 0xDA, 0x85, 0xD3, 0xF7, 0x3B, 0xB3, 0x6E, 0xC1, 0x07, 0x35, 0xCB, 0x4D, 0x80, 0xDC, 0x1B,
    0xB5, 0x59, 0xA9, 0xF8, 0x68, 0x0D, 0x1A, 0x20, 0x9F, 0xD8, 0xB5, 0x59, 0x2B, 0x48, 0x1C, 0x8F,
    0x39, 0x3A, 0xBB, 0xB1, 0x6B, 0x7C, 0x9C, 0x6D, 0x8F, 0xD7, 0x2E, 0x6B, 0x4B, 0xB0, 0x4C, 0x85,
    0x84, 0xF0, 0x67, 0x16, 0x2C, 0xE3, 0x47, 0xF3, 0x11, 0x58, 0x29, 0xAB, 0x5B, 0xF8, 0x8F, 0x5C,
    0xA4, 0x14, 0x41, 0x7D, 0x1C, 0x06, 0xD7, 0x65, 0xE1, 0xFC, 0xDF, 0x66, 0x58, 0xAD, 0x25, 0xE6,
    0x94, 0x65, 0xB9, 0xE8, 0xB1, 0xBB, 0xBF, 0x69, 0x04, 0x7D, 0x9F, 0x34, 0x5C, 0xB7, 0xE0, 0x76,
    0xC3, 0x85, 0x0B, 0xAF, 0xB7, 0xF0, 0xD3, 0xCB, 0xF4, 0x98, 0x3E, 0x5E, 0xA7, 0x5F, 0xC1, 0x38,
    0x7F, 0x4B, 0xBC, 0x0A, 0x37, 0x43, 0x00, 0xE7, 0xB7, 0x5F, 0x48, 0x32, 0x66, 0x37, 0xE6, 0x31,
    0xF8, 0x1C, 0x9C, 0xCB, 0x74, 0x15, 0xE4, 0xD2, 0x61, 0x63, 0x41, 0x25, 0x12, 0x2F, 0x66, 0xAA,
    0x9C, 0x31, 0x9E, 0x8B, 0x5D, 0x9F, 0x78, 0x90, 0x42, 0x22, 0xE0, 0x84, 0xB4, 0xCD, 0xFF, 0x71,
    0xEE, 0x65, 0x58, 0xCD, 0xF8, 0x4E, 0x18, 0x31, 0x58, 0x37, 0x85, 0x96, 0x66, 0xE1, 0x5D, 0x9D,
    0xEF, 0x5E, 0x39, 0x86, 0xEF, 0x5B, 0x6A, 0x37, 0x0A, 0x09, 0x1C, 0x50, 0x97, 0xFA, 0xFA, 0x23,
    0x2C, 0x11, 0x07, 0x8C, 0xC8, 0x05, 0x22, 0x8B, 0x41, 0x04, 0x56, 0x63, 0xBA, 0x90, 0x46, 0x32,
    0xCD, 0x8D, 0x4B, 0xE4, 0xB6, 0xAE, 0xE7, 0xEC, 0xD4, 0x68, 0xDC, 0x97, 0x41, 0x95, 0xB8, 0x87,
    0x7D, 0x33, 0xBD, 0x7C, 0x08, 0x4A, 0x64, 0x70, 0x09, 0x1A, 0x7A, 0x68, 0xC2, 0xD6, 0x69, 0xA9,
    0xB5, 0x8F, 0xDC, 0xDB, 0x62, 0xE7, 0x0F, 0x3D, 0xFA, 0x7D, 0xC5, 0x56, 0xD0, 0x25, 0x44, 0x66,
    0x0A, 0x14, 0x9C, 0xD3, 0xFB, 0x45, 0x94, 0x06, 0x7E, 0x63, 0xCC, 0xF8, 0xA6, 0x24, 0x6B, 0x17,
    0x87, 0xD1, 0xFA, 0xE2, 0x18, 0x81, 0x8B, 0x43, 0x53, 0xD9, 0x41, 0x38, 0xB7, 0x39, 0x98, 0x39,
    0x39, 0xB7, 0x17, 0xA1, 0xB2, 0x39, 0x64, 0x94, 0x8A, 0xB9, 0x81, 0x72, 0x8B, 0x39, 0x9F, 0xC0,
    0x8B, 0x00, 0x5C, 0x02, 0x67, 0xFC, 0x1F, 0x2C, 0xDC, 0x72, 0xCE, 0x83, 0xF9, 0x3E, 0xB7, 0x47,
    0xD9, 0xF5, 0x1C, 0xA8, 0x4D, 0x5F, 0xAB, 0x24, 0x7B, 0xB6, 0x75, 0xF7, 0x63, 0x83, 0x99, 0xDF,
    0x63, 0xAA, 0xF1, 0x12, 0x55, 0xB1, 0xCD, 0x4C, 0xB0, 0x49, 0x35, 0x32, 0x9E, 0x6A, 0x92, 0x89,
    0x50, 0x2A, 0x6F, 0xC3, 0xDE, 0x47, 0x14, 0x3F, 0xCE, 0xD3, 0xDB, 0xD0, 0x11, 0x69, 0xF2, 0x7C,
    0x6C, 0x2E, 0x18, 0x0D, 0xC4, 0x2F, 0xCB, 0x6D, 0x60, 0x78, 0x50, 0x40, 0xC7, 0x54, 0xE3, 0xE2,
    0x28, 0xD0, 0xC6, 0xE8, 0x2D, 0x17, 0x07, 0x19, 0x28, 0x2C, 0x3F, 0x63, 0xA9, 0xB4, 0x11, 0x11,
    0xBA, 0xEA, 0xE2, 0x5C, 0x63, 0x41, 0xB5, 0xB5, 0x98, 0xF3, 0x33, 0xCF, 0xD3, 0x6E, 0x9C, 0x8C,
    0xB4, 0x02, 0x41, 0x6E, 0x19, 0x23, 0x57, 0x4F, 0x3A, 0x3F, 0x7C, 0x05, 0x02, 0xE9, 0xEC, 0x34,
    0x45, 0x92, 0xC9, 0x49, 0xC3, 0x82, 0xC5, 0xFA, 0x76, 0xB4, 0x10, 0x34, 0x25, 0x43, 0xFA, 0x12,
    0xF3, 0x7F, 0x3F, 0x62, 0x69, 0xC0, 0xFB, 0x14, 0xB3, 0xFF, 0x40, 0x74, 0x93, 0x30, 0x69, 0xA5,
    0x28, 0xA3, 0x71, 0xD8, 0x2F, 0xEB, 0x6C, 0xC0, 0x0C, 0x7F, 0xA8, 0x40, 0xE0, 0x88, 0x93, 0x95,
    0xF6, 0x7D, 0x23, 0x5A, 0x60, 0x40, 0x91, 0xD1, 0x7C, 0xD2, 0x0E, 0x80, 0xD5, 0xD2, 0x31, 0x46,
    0x0C, 0x12, 0x3D, 0xB3, 0x72, 0x25, 0x3C, 0x4B, 0x20, 0x35, 0x49, 0x52, 0xF9, 0x37, 0x32, 0x65,
    0xED, 0x9A, 0xCF, 0xB8, 0x1A, 0x12, 0x93, 0x30, 0x3E, 0x94, 0x77, 0x34, 0x53, 0x3B, 0x3C, 0x7A,
    0x13, 0xBA, 0xB9, 0x45, 0x1B, 0xF9, 0x13, 0x9C, 0xB3, 0xAA, 0xAB, 0x5C, 0xCF, 0xFD, 0xFD, 0x85,
    0x6D, 0x9C, 0x9B, 0xD0, 0x6A, 0x9F, 0xB7, 0xE8, 0x2E, 0x89, 0xFB, 0x42, 0xB7, 0x4D, 0x0C, 0xB1,
    0x5C, 0xDC, 0x50, 0x92, 0x4A, 0x27, 0x91, 0x1C, 0x88, 0xD0, 0x50, 0x9F, 0x60, 0x34, 0x55, 0x7B,
    0x8D, 0x55, 0xC1, 0x42, 0x41, 0x64, 0xD1, 0x2A, 0x70, 0x4C, 0x8F, 0x36, 0x76, 0xCE, 0x63, 0xD4,
    0x39, 0xB4, 0x5C, 0x20, 0x7B, 0x9D, 0x24, 0x16, 0x3B, 0xED, 0x38, 0xEF, 0x07, 0xBD, 0xFD, 0x58,
    0xFA, 0x51, 0x83, 0xFF, 0x63, 0xFA, 0xF5, 0xA9, 0x3C, 0x80, 0x2B, 0x24, 0x53, 0x91, 0x04, 0x2F,
    0x8C, 0x27, 0xC9, 0x04, 0x4C, 0x3F, 0x79, 0xA7, 0x1F, 0xA0, 0xD3, 0xA3, 0xDA, 0xEF, 0x8F, 0x03,
    0x63, 0xA7, 0xEC, 0x6E, 0xFB, 0xD3, 0x34, 0xAA, 0x5E, 0x4D, 0x38, 0x3C, 0x8F, 0xC5, 0x41, 0x3E,
    0xA4, 0x97, 0x46, 0x5E, 0x1A, 0x3E, 0x36, 0xBC, 0x7C, 0x87, 0x34, 0x77, 0xB3, 0x76, 0x18, 0xE8,
    0xBF, 0xD1, 0xB8, 0x10, 0x1C, 0x70, 0xF0, 0x3D, 0x25, 0xE1, 0x7F, 0x5F, 0x98, 0x20, 0xDE, 0xA7,
    0x28, 0xBB, 0xC2, 0xBF, 0x11, 0x33, 0x67, 0xC0, 0x14, 0x48, 0x4C, 0x1D, 0xEE, 0x7F, 0xCE, 0x58,
    0xB6, 0x90, 0xA9, 0x6B, 0x46, 0xE2, 0x9A, 0x01, 0x78, 0xE6, 0x10, 0x98, 0x61, 0xBC, 0x61, 0x3E,
    0x34, 0x23, 0x7F, 0x1A, 0x3F, 0xD3, 0xA3, 0xEA, 0xA7, 0x01, 0xE4, 0x8F, 0x45, 0x15, 0xE7, 0x55,
    0xCB, 0xCC, 0xEB, 0x19, 0x3E, 0x82, 0xE7, 0x99, 0x31, 0xA8, 0x48, 0x00, 0x44, 0x19, 0x50, 0x8D,
    0x41, 0x19, 0x27, 0x12, 0x43, 0x37, 0x00, 0x21, 0x0E, 0xDE, 0xE6, 0x55, 0xEF, 0xA6, 0x91, 0x2D,
    0x81, 0x9D, 0x01, 0x3D, 0x4C, 0xE9, 0x5E, 0xBD, 0x82, 0xF6, 0x2C, 0xA5, 0x6B, 0x2E, 0xB9, 0x93,
    0xC1, 0xDF, 0xA3, 0x24, 0x20, 0x09, 0x90, 0xCF, 0x40, 0x28, 0x0F, 0xB7, 0xEB, 0x89, 0x86, 0xCF,
    0x85, 0x84, 0x31, 0xA1, 0x1C, 0x7D, 0x9D, 0x4A, 0x86, 0x4A, 0xA6, 0x20, 0x65, 0x96, 0x53, 0x66,
    0x2E, 0x83, 0x61, 0x6F, 0xFF, 0xC9, 0x0A, 0x5C, 0x0E, 0xCC, 0x42, 0xF4, 0xCB, 0x61, 0xB8, 0x55,
    0xFD, 0x89, 0x89, 0x26, 0xE4, 0x13, 0xC4, 0x93, 0xD6, 0xCC, 0x69, 0xBB, 0x2B, 0x9D, 0x07, 0x5B,
    0x09, 0x8F, 0xF1, 0x85, 0xD7, 0x59, 0xC6, 0x09, 0x89, 0x32, 0xCF, 0xCC, 0x85, 0xE4, 0x9D, 0x07,
    0x92, 0xD7, 0x87, 0x15, 0x91, 0x4E, 0x1C, 0x82, 0x35, 0x87, 0x41, 0xD1, 0x7F, 0x45, 0x6E, 0x08,
    0x89, 0xA8, 0x77, 0x14, 0x0B, 0x78, 0x30, 0x08, 0xA4, 0xDE, 0x2B, 0x29, 0x35, 0x71, 0x74, 0x7A,
    0xFA, 0x2E, 0xEB, 0x50, 0xDB, 0x89, 0x48, 0x8B, 0x52, 0x52, 0x4A, 0xE7, 0xE8, 0xCF, 0xB8, 0x50,
    0x77, 0x25, 0x53, 0x3D, 0x95, 0xAE, 0xE6, 0x2C, 0x3D, 0x99, 0xA1, 0xAB, 0x46, 0xD5, 0x69, 0x23,
    0xB9, 0x15, 0x3D, 0xCB, 0xBC, 0x53, 0x81, 0x88, 0x7A, 0x70, 0xB3, 0x6C, 0x06, 0x49, 0x78, 0xB4,
    0x84, 0x8B, 0x17, 0x5B, 0xC9, 0xBF, 0x22, 0x0E, 0x95, 0x60, 0x6F, 0x3D, 0x94, 0xF3, 0xC0, 0xE6,
    0xB3, 0xB2, 0x94, 0x01, 0x26, 0xE9, 0xAF, 0x68, 0xA4, 0x36, 0x31, 0x9C, 0x74, 0x35, 0x67, 0x97,
    0x1A, 0xF9, 0xF6, 0xAF, 0xFF, 0xF2, 0xB2, 0xD0, 0xC4, 0xF4, 0xF4, 0x3F, 0x13, 0xF7, 0x46, 0x3D,
    0xBB, 0xB4, 0xC4, 0x09, 0x5C, 0xFA, 0x1F, 0x5C, 0xF8, 0x5D, 0xDF, 0x1A, 0x8D, 0x6A, 0x27, 0xDC,
    0x9E, 0x51, 0x81, 0x87, 0x05, 0xCD, 0xE3, 0x56, 0x10, 0x4D, 0x85, 0x5D, 0x33, 0xC1, 0x41, 0x33,
    0x41, 0x8A, 0x3C, 0xD6, 0xB5, 0x78, 0x14, 0x11, 0xCF, 0x8D, 0x90, 0x62, 0x18, 0xD0, 0xA6, 0x06,
    0x1D, 0xAC, 0x86, 0xF0, 0xC6, 0x8D, 0xD1, 0x6B, 0xA6, 0x95, 0x97, 0x12, 0xF0, 0xFD, 0xE0, 0x46,
    0x13, 0x46, 0x4D, 0xAA, 0x10, 0x95, 0x5B, 0xAD, 0xE6, 0x4D, 0xC5, 0x95, 0x27, 0x17, 0xAD, 0xA0,
    0x30, 0x81, 0x19, 0x66, 0x4A, 0xBD, 0xC9, 0x3F, 0xF5, 0x2D, 0x13, 0x21, 0xBD, 0x00, 0x44, 0xD6,
    0x34, 0x42, 0xCB, 0x3E, 0x72, 0x04, 0x75, 0xE9, 0x7B, 0xC9, 0x19, 0x5C, 0x8A, 0xCF, 0x19, 0xE7,
    0x89, 0xCE, 0xBC, 0xF3, 0x71, 0xAE, 0xBC, 0xB7, 0x32, 0xC9, 0x7C, 0x3F, 0x33, 0xC1, 0x01, 0x76,
    0x11, 0xEB, 0xE2, 0xDA, 0x52, 0x72, 0x06, 0x9C, 0x91, 0x46, 0x97, 0x74, 0xA6, 0x3F, 0x2F, 0xFE,
    0x9B, 0x7A, 0x67, 0xEF, 0xB9, 0x33, 0x73, 0xCF, 0xEC, 0x3D, 0xB4, 0xEF, 0xC0, 0x2B, 0x70, 0x6E,
    0xFD, 0x4E, 0x1D, 0x4E, 0x9B, 0x79, 0x8B, 0x62, 0x7C, 0xF7, 0xA8, 0x44, 0xA7, 0x67, 0xAA, 0x33,
    0x07, 0xCC, 0x71, 0xFA, 0x5B, 0x6B, 0x52, 0xBE, 0x89, 0x31, 0xFE, 0x57, 0x68, 0x17, 0x5F, 0x52,
    0x76, 0xF2, 0x9A, 0x52, 0xBF, 0xE7, 0x44, 0xEA, 0x21, 0x3F, 0x56, 0x64, 0x60, 0x60, 0x44, 0x78,
    0xF5, 0x67, 0xE7, 0x78, 0xFC, 0xB3, 0x3F, 0x7F, 0xE5, 0xF7, 0x78, 0xFC, 0xCE, 0x33, 0x0F, 0xBB,
    0x1F, 0xA6, 0x15, 0x7E, 0xE0, 0xC9, 0xA4, 0x99, 0x14, 0xB0, 0x58, 0x3F, 0xA3, 0x57, 0xF4, 0x32,
    0x7A, 0xFC, 0x0E, 0xF0, 0x65, 0x4F, 0x7E, 0x33, 0xE8, 0xF9, 0xEF, 0x70, 0x4F, 0xF6, 0xAF, 0x7D,
    0x7B, 0x6D, 0x4F, 0x76, 0x3F, 0x58, 0xB7, 0x3F, 0x7A, 0xD1, 0x64, 0xE5, 0xC0, 0x9F, 0xF4, 0xBC,
    0x39, 0xC7, 0x52, 0x8E, 0x57, 0x8C, 0x99, 0x46, 0xE4, 0x07, 0x7D, 0xB4, 0x84, 0x8A, 0xF6, 0xD0,
    0x98, 0x6B, 0xB7, 0xFC, 0x89, 0x7A, 0xA8, 0x2F, 0x98, 0xD2, 0x90, 0x81, 0x0C, 0x2A, 0x2D, 0x2C,
    0xD9, 0x85, 0x30, 0x75, 0x59, 0x3D, 0xCA, 0x0F, 0x11, 0xEF, 0x24, 0xA6, 0xA8, 0x44, 0x0C, 0x55,
    0xBA, 0x1F, 0x90, 0x8B, 0x1E, 0xCE, 0xE5, 0x18, 0x89, 0x51, 0x42, 0x08, 0xB2, 0x64, 0x13, 0x95,
    0x0F, 0x7D, 0x54, 0x1D, 0xA9, 0xD7, 0x4D, 0x7A, 0xF4, 0x22, 0xE2, 0xDF, 0x67, 0x51, 0x9F, 0xF2,
    0xEE, 0xF3, 0xFF, 0x71, 0x59, 0x5F, 0x5F, 0xD8, 0xA7, 0xA4, 0xB2, 0x4F, 0x49, 0x65, 0xDE, 0x2A,
    0x94, 0x02, 0x3B, 0x0C, 0x5F, 0xEA, 0xEA, 0x08, 0x51, 0xDF, 0xA7, 0xA4, 0xC0, 0x4F, 0x49, 0x85,
    0x9F, 0x92, 0x12, 0x3F, 0x25, 0x35, 0x7E, 0x4A, 0x8A, 0xFC, 0x94, 0x54, 0xF9, 0xAD, 0xE9, 0x87,
    0x95, 0x66, 0x43, 0x29, 0xEF, 0x31, 0xC5, 0xFD, 0xFE, 0x04, 0xDA, 0x5F, 0x30, 0x95, 0xC8, 0x02,
    0xCF, 0xA9, 0x91, 0xC2, 0xE2, 0xCF, 0x15, 0x6F, 0x67, 0xF2, 0xA5, 0xD1, 0x28, 0x4E, 0x25, 0x74,
    0xE0, 0x8F, 0xA5, 0xF2, 0x0B, 0xE3, 0x81, 0xEC, 0x5D, 0x53, 0x6E, 0x11, 0x42, 0x39, 0xFD, 0x31,
    0x2B, 0x79, 0x37, 0x94, 0x61, 0xA0, 0x94, 0x14, 0xD9, 0x99, 0x89, 0x9A, 0xB3, 0xB6, 0x6F, 0x12,
    0xCE, 0x9C, 0xC5, 0xB5, 0xB8, 0x8F, 0x63, 0x3C, 0x65, 0x2C, 0x44, 0x49, 0x8D, 0x5B, 0x97, 0x6E,
    0x51, 0xE3, 0x76, 0x1E, 0xED, 0x3E, 0x6B, 0xDC, 0x72, 0x29, 0x0D, 0x69, 0x3C, 0x96, 0x42, 0x46,
    0x9B, 0xD5, 0xB8, 0xCD, 0x20, 0x2B, 0x19, 0xFF, 0x4A, 0x67, 0xC8, 0x4A, 0x96, 0xC8, 0x3A, 0xE2,
    0x19, 0x8E, 0xC9, 0x4C, 0x96, 0x13, 0xAD, 0x7A, 0x09, 0x91, 0xC5, 0xAF, 0x6B, 0xAF, 0x89, 0x11,
    0x40, 0x4E, 0x0B, 0x93, 0x95, 0x7C, 0x0E, 0xCD, 0xCE, 0xBC, 0xBE, 0x38, 0x95, 0x96, 0xD1, 0xAB,
    0x86, 0x80, 0x12, 0xA3, 0x7F, 0x19, 0x3A, 0x73, 0x50, 0x72, 0x82, 0x0A, 0x8D, 0x6E, 0x29, 0x79,
    0x9C, 0xFA, 0xE2, 0xCD, 0x6B, 0xF1, 0xBE, 0x2D, 0x92, 0xF0, 0xD0, 0xCC, 0xC2, 0x7B, 0xCC, 0xC5,
    0x48, 0x54, 0x79, 0xAB, 0x3F, 0x09, 0x3D, 0x26, 0xAC, 0x15, 0x46, 0x99, 0x73, 0xD5, 0x97, 0x39,
    0x9F, 0xE9, 0xEB, 0x85, 0x27, 0x96, 0xB1, 0xDA, 0x7C, 0x19, 0xD7, 0xA3, 0xA8, 0x0F, 0xE7, 0xFB,
    0xD5, 0x40, 0xB1, 0x6E, 0xCF, 0x34, 0x0B, 0xF4, 0xC7, 0xB0, 0x43, 0xBE, 0x21, 0xB4, 0x85, 0xA7,
    0x4B, 0x82, 0x96, 0xCF, 0x47, 0x27, 0x17, 0x59, 0x7F, 0xA0, 0x04, 0x9C, 0x21, 0x98, 0x33, 0x05,
    0x77, 0x13, 0xA0, 0xFB, 0x42, 0x68, 0xA7, 0x18, 0x15, 0x7A, 0x9B, 0xB2, 0xED, 0x54, 0x42, 0x5B,
    0x6B, 0x6A, 0xCC, 0x4E, 0xC2, 0x54, 0xD1, 0x26, 0xEE, 0x0D, 0xF0, 0x0A, 0x25, 0x70, 0x05, 0x2D,
    0x62, 0x35, 0x16, 0x2B, 0x15, 0x5E, 0x1E, 0xFB, 0x5B, 0x13, 0x39, 0x08, 0x5F, 0x06, 0xEB, 0xC9,
    0x80, 0x65, 0x80, 0x2B, 0xEF, 0x92, 0xAE, 0x22, 0x44, 0x81, 0x7B, 0xDA, 0x92, 0x0C, 0x48, 0x8D,
    0x38, 0x14, 0x22, 0xC2, 0xE7, 0x6B, 0x31, 0xF3, 0xA7, 0x91, 0xAD, 0x40, 0xC5, 0xA3, 0x0D, 0x35,
    0x8B, 0x88, 0x6D, 0x42, 0xC3, 0x2B, 0x94, 0x8D, 0x2B, 0x28, 0x47, 0x65, 0xE1, 0x4D, 0xFE, 0x22,
    0x2B, 0xDA, 0x3F, 0xC9, 0xB0, 0xAD, 0xA4, 0xA6, 0xE4, 0xD9, 0x07, 0xB5, 0xCB, 0x80, 0xAC, 0x4D,
    0xE3, 0x1E, 0x89, 0xFC, 0x9A, 0x82, 0xC7, 0xBE, 0x51, 0xD3, 0xBD, 0xB3, 0xEE, 0x77, 0xD5, 0x6A,
    0xDD, 0xB4, 0x09, 0x20, 0xC0, 0x1A, 0xAF, 0x25, 0x8D, 0x22, 0xC1, 0x03, 0x46, 0x0C, 0xF0, 0x50,
    0xB7, 0xB6, 0x19, 0x7D, 0x93, 0x7D, 0x1A, 0x2C, 0xD0, 0x78, 0x0E, 0x7C, 0x99, 0x6B, 0x3E, 0x76,
    0x60, 0xD4, 0x90, 0x5D, 0xAD, 0xB1, 0xF4, 0xCE, 0xAC, 0x39, 0xBC, 0xD8, 0x6B, 0xA8, 0x3F, 0x44,
    0xEE, 0xD4, 0xBA, 0x10, 0x67, 0x1A, 0x35, 0xD8, 0xFF, 0xB3, 0x1C, 0x14, 0x07, 0xCF, 0x4E, 0x9F,
    0x09, 0xF2, 0x33, 0xD3, 0xEA, 0x40, 0x90, 0x53, 0x4F, 0x05, 0x1F, 0x64, 0xA3, 0x68, 0x4D, 0xC8,
    0xF5, 0x51, 0x3A, 0xF8, 0x10, 0x06, 0x7E, 0x1B, 0xDC, 0x26, 0x9F, 0x04, 0x2C, 0xEF, 0x41, 0xDE,
    0x0E, 0xF1, 0x99, 0x22, 0x86, 0xF0, 0x90, 0x08, 0x8D, 0xF1, 0x3D, 0x64, 0xFF, 0x87, 0xA9, 0xE7,
    0x33, 0x05, 0x7D, 0x6B, 0xA0, 0xD1, 0x6C, 0x90, 0x96, 0xDE, 0x30, 0x05, 0x9A, 0x50, 0x2B, 0x86,
    0x5A, 0x02, 0x3F, 0xF1, 0xFB, 0xB0, 0x35, 0x63, 0x0A, 0x08, 0x48, 0xD0, 0xA8, 0x5D, 0x1A, 0x95,
    0x74, 0x7B, 0xD5, 0x14, 0xE6, 0x7C, 0x58, 0xCA, 0xAA, 0x4C, 0x86, 0x2D, 0x18, 0x95, 0x74, 0x53,
    0xAA, 0x3B, 0xB9, 0x89, 0xC4, 0xD3, 0xD7, 0xA2, 0xCA, 0x98, 0xA2, 0x80, 0x7E, 0x78, 0x8C, 0x61,
    0x17, 0xE8, 0xE1, 0x10, 0x3D, 0x06, 0x3A, 0x0F, 0x7F, 0xC5, 0x18, 0x43, 0x61, 0x04, 0x19, 0x73,
    0xCC, 0xF4, 0x10, 0xE8, 0x1E, 0xB0, 0x50, 0x75, 0xAF, 0x04, 0x52, 0x83, 0x4C, 0xD6, 0x53, 0x56,
    0xD3, 0xE1, 0x5A, 0x3A, 0xF5, 0xC8, 0x49, 0x73, 0xB8, 0x8A, 0x0E, 0xD7, 0xD0, 0xE1, 0x0A, 0x9A,
    0x4A, 0xEB, 0x5A, 0x02, 0x76, 0xD4, 0x01, 0x26, 0xEC, 0xC3, 0xB8, 0x5C, 0x3D, 0x2E, 0xB2, 0x6E,
    0xA5, 0xC8, 0xDA, 0xAC, 0x97, 0x38, 0x8A, 0x66, 0xAD, 0x96, 0xC7, 0xEB, 0x24, 0x60, 0x1A, 0xD2,
    0xFA, 0x07, 0x8C, 0x03, 0x21, 0xD3, 0x55, 0xFB, 0xFF, 0x1E, 0x93, 0xDF, 0xB7, 0x0B, 0x60, 0x8E,
    0x28, 0x21, 0x5E, 0x38, 0x62, 0x4F, 0xD0, 0x50, 0x49, 0x2C, 0x1E, 0x04, 0x08, 0xFC, 0x20, 0x2C,
    0x54, 0x0D, 0x58, 0x4F, 0xE1, 0xB7, 0x12, 0x43, 0x1A, 0x97, 0xFD, 0xF9, 0x63, 0xE0, 0x8D, 0x81,
    0x25, 0xF5, 0x68, 0xA4, 0xD5, 0x01, 0x59, 0xFF, 0xEC, 0x6B, 0xC6, 0xE7, 0x1D, 0xBE, 0x89, 0x98,
    0xD5, 0xF0, 0x26, 0x62, 0x63, 0xC3, 0x9F, 0x62, 0x84, 0xC3, 0x7F, 0xE0, 0xB4, 0x5A, 0xB3, 0x6B,
    0x00, 0x1F, 0x3F, 0xE6, 0x57, 0x7E, 0x5A, 0xF1, 0x2B, 0x60, 0xC3, 0xE1, 0x5B, 0x9D, 0x09, 0x04,
    0x93, 0x17, 0x33, 0xCC, 0x2D, 0xAC, 0xD8, 0x69, 0x33, 0x43, 0xD7, 0x96, 0x81, 0xDF, 0x08, 0xB5,
    0xFD, 0xBF, 0x8C, 0xBC, 0xDF, 0x1D, 0x07, 0x67, 0x7D, 0xFD, 0x5F, 0xF1, 0xE4, 0xAF, 0xAF, 0x70,
    0xE0, 0x95, 0xD0, 0x17, 0x3F, 0xA2, 0x53, 0xEF, 0xEB, 0x14, 0x02, 0xE2, 0x77, 0x27, 0x24, 0xC7,
    0x80, 0x40, 0x1A, 0xA2, 0xBD, 0x11, 0x83, 0xBD, 0xD9, 0x3A, 0xDC, 0xFF, 0x71, 0x77, 0x3E, 0x83,
    0x30, 0xFA, 0xE1, 0xD3, 0xE0, 0x3E, 0x25, 0xEE, 0x11, 0x11, 0x5B, 0x9F, 0x82, 0x02, 0x3A, 0x4F,
    0x43, 0xBB, 0xF0, 0xE3, 0x0F, 0x00, 0x80, 0x76, 0x30, 0xFE, 0xC3, 0xD1, 0x1E, 0x0B, 0xDA, 0x29,
    0xDE, 0x58, 0x8C, 0x87, 0x0A, 0x09, 0xC9, 0x1D, 0x2B, 0x2A, 0x9F, 0x6B, 0x2A, 0xBD, 0x34, 0x74,
    0xB8, 0x27, 0xB1, 0x70, 0x7F, 0x84, 0xED, 0x57, 0xF9, 0x1E, 0x6E, 0xC2, 0xCA, 0x69, 0x66, 0xF8,
    0xF9, 0x9C, 0x40, 0x9A, 0x35, 0xFE, 0xED, 0x5C, 0x38, 0xDF, 0x40, 0x8A, 0x3A, 0xFF, 0x83, 0x4E,
    0xAE, 0x52, 0xEB, 0xFB, 0x39, 0xCD, 0x69, 0x54, 0xE2, 0xD0, 0x1A, 0xCF, 0x4D, 0x66, 0x95, 0x06,
    0xF5, 0xE2, 0x3D, 0xE0, 0x88, 0x56, 0x75, 0x9A, 0x2D, 0x90, 0x97, 0x53, 0xB2, 0xF2, 0x95, 0xA0,
    0x7C, 0xE1, 0xEC, 0xE5, 0x20, 0x3F, 0x3B, 0x0D, 0xC0, 0xAF, 0x92, 0x8D, 0x03, 0x61, 0x25, 0xA9,
    0xDC, 0xFC, 0x90, 0x55, 0x96, 0xB7, 0x59, 0xBE, 0xC9, 0xBE, 0x59, 0xA5, 0xA9, 0xC8, 0xBF, 0x16,
    0x03, 0xAC, 0x31, 0xCC, 0x8C, 0x2E, 0xD0, 0x7D, 0x99, 0x7C, 0xF1, 0xD0, 0x32, 0xF9, 0xC5, 0x07,
    0x97, 0xC9, 0x9B, 0x5D, 0x0A, 0x31, 0xCA, 0xE4, 0x4D, 0xDE, 0x6C, 0x2B, 0x1A, 0x14, 0xB3, 0x04,
    0x8B, 0x3D, 0x80, 0x72, 0x65, 0x92, 0x81, 0x5A, 0x75, 0x12, 0xAC, 0x5C, 0x6C, 0x48, 0x28, 0x1B,
    0x2F, 0x10, 0x04, 0x2D, 0x69, 0x83, 0xF7, 0x8E, 0x22, 0x0B, 0xE2, 0xDD, 0x3B, 0x6B, 0x01, 0x59,
    0x18, 0x26, 0x54, 0xCD, 0xC9, 0xAD, 0x34, 0x32, 0xC2, 0xF9, 0x09, 0x78, 0x40, 0xA0, 0x5A, 0x03,
    0x39, 0x47, 0x09, 0xBD, 0xAF, 0x3B, 0xBF, 0x05, 0x94, 0xB9, 0x2A, 0x33, 0x59, 0xCE, 0x87, 0x4A,
    0x65, 0x60, 0x52, 0x1E, 0x8D, 0x2F, 0x43, 0x35, 0xD0, 0x33, 0xC3, 0x36, 0xB3, 0x32, 0xD3, 0x1A,
    0x9D, 0xD9, 0x00, 0x65, 0x6E, 0xCA, 0x4C, 0x2E, 0x36, 0xD5, 0x20, 0x2C, 0x9F, 0xBE, 0x67, 0x2A,
    0x4F, 0xF3, 0x47, 0xDB, 0x57, 0x88, 0x43, 0x77, 0xC1, 0x94, 0xAA, 0x76, 0xFD, 0x86, 0xC2, 0x5C,
    0x0E, 0xA2, 0x3F, 0x42, 0x66, 0x13, 0x8D, 0xE2, 0x34, 0x87, 0xB6, 0x3F, 0x60, 0x93, 0x40, 0x7C,
    0xC7, 0xC1, 0x0E, 0x81, 0x0F, 0x75, 0xE7, 0x98, 0x08, 0x8D, 0xE8, 0x60, 0x3B, 0x92, 0xDD, 0x76,
    0x7E, 0x22, 0x3C, 0xE3, 0x67, 0x12, 0x7D, 0x42, 0x89, 0x6C, 0xD2, 0xEF, 0xD4, 0x19, 0x5B, 0x9A,
    0x0B, 0x0B, 0xAA, 0xAF, 0xDD, 0xF1, 0xC9, 0xD0, 0x26, 0x41, 0xBB, 0x1E, 0x52, 0xC7, 0x56, 0x46,
    0xCB, 0x1A, 0x3D, 0x3B, 0xB2, 0xE2, 0xA4, 0x18, 0x53, 0xB4, 0x2D, 0x6A, 0x0B, 0x6A, 0x9A, 0x9D,
    0xC7, 0xC4, 0x35, 0x91, 0x70, 0xD6, 0x34, 0x21, 0xF5, 0x2E, 0x55, 0x9D, 0x4F, 0xA6, 0xE9, 0x4C,
    0xD4, 0x61, 0xF4, 0x78, 0x24, 0x3B, 0x10, 0xAF, 0xF9, 0xAB, 0xDC, 0x44, 0xE2, 0xB0, 0xA7, 0xF7,
    0x5D, 0x2C, 0x11, 0xCA, 0x44, 0xE0, 0x77, 0xFF, 0x18, 0x91, 0x09, 0x94, 0x3D, 0xA5, 0x89, 0x46,
    0xB7, 0x00, 0x4D, 0xFA, 0xE6, 0x08, 0xC4, 0xFC, 0x88, 0x0C, 0x38, 0xCA, 0x1F, 0xB3, 0xF4, 0x38,
    0x6C, 0xF3, 0xF0, 0x7D, 0xD6, 0xA6, 0x70, 0x5B, 0xC3, 0x69, 0xA9, 0x82, 0xD5, 0xFF, 0x7D, 0x94,
    0x10, 0xEA, 0x43, 0x44, 0xB6, 0xEE, 0xD5, 0x16, 0xDC, 0x9C, 0xEF, 0xC2, 0x91, 0xE6, 0xE7, 0xD4,
    0xFB, 0x14, 0xB2, 0xD0, 0xBF, 0xDD, 0x18, 0x90, 0x1A, 0x80, 0xFC, 0x4E, 0x78, 0xFC, 0xAB, 0x5A,
    0x0D, 0x6E, 0x7E, 0x0D, 0x09, 0x37, 0x94, 0xF1, 0x09, 0x5B, 0xB0, 0xE0, 0xE5, 0xE9, 0x9C, 0xEB,
    0x3F, 0x00, 0x76, 0xAF, 0x48, 0x9D, 0x13, 0xC3, 0xB8, 0xDC, 0x96, 0x25, 0xCA, 0xE4, 0xAA, 0x69,
    0x44, 0x34, 0x1D, 0xC9, 0x87, 0x38, 0xD7, 0xBB, 0xC2, 0xEC, 0xDB, 0xC1, 0x4A, 0xC3, 0x40, 0xCC,
    0x21, 0x61, 0x50, 0xF8, 0x6C, 0x12, 0xBD, 0x80, 0xFA, 0x93, 0x54, 0x6F, 0x8A, 0x9A, 0x24, 0x24,
    0xA7, 0xCD, 0xD6, 0x6A, 0x7F, 0xE3, 0xD6, 0xEA, 0xC7, 0x01, 0x8B, 0x2D, 0xD3, 0x76, 0x62, 0x80,
    0x05, 0xE2, 0x4D, 0x24, 0xBD, 0xD3, 0x36, 0x01, 0xFA, 0xDA, 0x3B, 0x90, 0x7D, 0x71, 0x0E, 0xA9,
    0xD5, 0x33, 0xC8, 0xAC, 0xBE, 0xF6, 0xD0, 0xDA, 0xBB, 0x3B, 0x66, 0x63, 0xB3, 0x44, 0x47, 0xE6,
    0x27, 0x1A, 0xE5, 0xED, 0xAE, 0xC9, 0xBD, 0x1F, 0x15, 0xF7, 0x7E, 0xD4, 0xDC, 0xFB, 0x81, 0x5D,
    0x7D, 0x74, 0x10, 0xB9, 0xF7, 0x83, 0x76, 0x78, 0x7C, 0x9E, 0x7D, 0xFD, 0x14, 0x08, 0x0B, 0xEE,
    0x8E, 0x62, 0xBA, 0xEE, 0x38, 0xA6, 0x3B, 0x01, 0x78, 0xEE, 0x74, 0x27, 0xBB, 0x4A, 0xF2, 0x3E,
    0x43, 0x1F, 0x20, 0x43, 0x6F, 0x4B, 0x86, 0x1E, 0xEC, 0x9B, 0xD1, 0x3E, 0x20, 0xBB, 0x5B, 0x92,
    0xA5, 0xDF, 0x67, 0xB2, 0xF4, 0x31, 0x46, 0x13, 0xF6, 0xE1, 0x89, 0x51, 0xA6, 0x7E, 0xB2, 0xC5,
    0x2C, 0x4E, 0xEB, 0x9E, 0x6A, 0xA4, 0x8E, 0x18, 0x6B, 0x13, 0x63, 0xDE, 0x96, 0x91, 0xBA, 0x54,
    0xFC, 0xC1, 0xC6, 0x91, 0x3E, 0xF9, 0xC6, 0x93, 0xEC, 0xC1, 0x1B, 0x4F, 0xC4, 0xCF, 0x5E, 0x67,
    0x14, 0xBD, 0x38, 0x06, 0xD3, 0x8C, 0x12, 0x2B, 0xD6, 0x23, 0x22, 0xEA, 0xEC, 0xB0, 0x00, 0x99,
    0x34, 0xA4, 0xFF, 0x9D, 0x32, 0x35, 0x89, 0x7D, 0x60, 0x9C, 0xD3, 0x7F, 0x81, 0xCF, 0x3D, 0xA3,
    0x95, 0x94, 0xBB, 0x40, 0x19, 0xE0, 0x0A, 0x8A, 0x13, 0xA1, 0xA2, 0xEB, 0x4D, 0xB5, 0x92, 0x3F,
    0x61, 0x19, 0x81, 0xEE, 0x4B, 0x52, 0x7E, 0x7A, 0x9F, 0x89, 0x81, 0xE5, 0x41, 0x8E, 0x1C, 0xB1,
    0xBA, 0x3C, 0xC8, 0x97, 0xCD, 0xE1, 0x8C, 0x6C, 0x41, 0xCC, 0xD5, 0xB6, 0x1D, 0xAC, 0xF8, 0xCB,
    0xA5, 0x4B, 0xF7, 0xFA, 0xC4, 0xE2, 0x9A, 0xED, 0x1A, 0x6B, 0xF7, 0x69, 0x78, 0x6B, 0x0E, 0x16,
    0xF9, 0x64, 0x4A, 0x38, 0x05, 0x62, 0xEF, 0x5C, 0x7A, 0x82, 0xEE, 0x53, 0x7A, 0x1C, 0xF0, 0x35,
    0x81, 0xC6, 0x3D, 0x7A, 0x14, 0x68, 0xE9, 0xFF, 0xFC, 0xFD, 0x2E, 0x92, 0x64, 0x62, 0xB6, 0x1A,
    0x1F, 0x37, 0xFA, 0xD3, 0xDE, 0x00, 0x15, 0x9E, 0x78, 0x4C, 0xD7, 0x8B, 0xD8, 0xCD, 0xC2, 0x7D,
    0x3A, 0x29, 0xF7, 0xE4, 0x6C, 0x0E, 0xA4, 0x3A, 0xC0, 0xC1, 0xF7, 0xFA, 0x7D, 0x3A, 0xB3, 0x5F,
    0x88, 0xB4, 0xDE, 0x04, 0x8C, 0xF6, 0xE9, 0xA8, 0x9E, 0x87, 0x27, 0x76, 0x22, 0x1F, 0x58, 0x0D,
    0xCF, 0x98, 0x28, 0x06, 0x36, 0xF5, 0x81, 0x3B, 0x3C, 0xE6, 0x6E, 0xF1, 0x94, 0x55, 0xE0, 0x71,
    0x0B, 0x32, 0x0A, 0xBE, 0x60, 0xF3, 0xE9, 0x7F, 0x04, 0x05, 0x2C, 0xAC, 0xE3, 0x5C, 0xD6, 0x90,
    0x99, 0x22, 0xB2, 0x07, 0x99, 0x0B, 0x0F, 0xD8, 0x83, 0x34, 0x4D, 0xF0, 0x22, 0xF7, 0x20, 0xBD,
    0xC8, 0x1D, 0x1B, 0x04, 0xFA, 0x7F, 0x8D, 0xF7, 0x20, 0x5D, 0xA1, 0xC4, 0x7E, 0x71, 0x2D, 0x98,
    0x9E, 0xDC, 0x83, 0xB4, 0x69, 0xC5, 0xEA, 0x57, 0xEF, 0x4B, 0x73, 0xF5, 0x5D, 0x53, 0xB1, 0xFA,
    0xDC, 0xFB, 0xF0, 0xF6, 0xD0, 0xAC, 0x13, 0xE3, 0x8A, 0x55, 0x6E, 0x6B, 0x91, 0x52, 0x82, 0x0D,
    0x5E, 0xB1, 0x01, 0x33, 0xB2, 0xCB, 0x8C, 0xB9, 0xDA, 0x8B, 0xC6, 0x12, 0x4F, 0x1E, 0xBE, 0x0B,
    0xF0, 0x0E, 0xDF, 0x17, 0xD0, 0xAC, 0xB3, 0x83, 0x27, 0xC1, 0xAB, 0x62, 0x9D, 0xC3, 0xB4, 0xE5,
    0xE6, 0x46, 0x8F, 0xDB, 0x4B, 0x10, 0x38, 0xAA, 0x8C, 0xFE, 0x7E, 0x30, 0xE8, 0xED, 0x60, 0x4F,
    0x8F, 0x9D, 0xBE, 0x01, 0xC7, 0x0E, 0x1D, 0xC7, 0xE2, 0xA4, 0xCA, 0x95, 0x62, 0x40, 0x0E, 0x1D,
    0xE5, 0x02, 0xAD, 0x3A, 0x87, 0xCD, 0x11, 0x1D, 0xD2, 0x72, 0x4C, 0x2F, 0x5D, 0x8D, 0x25, 0xC9,
    0x24, 0x4C, 0xB0, 0x5B, 0x7F, 0xC9, 0x20, 0xB7, 0x64, 0x11, 0x4C, 0x5D, 0x4D, 0x0F, 0x07, 0x79,
    0x9F, 0x9F, 0xDD, 0x25, 0xA1, 0xCD, 0x83, 0xCA, 0xE4, 0x67, 0xFA, 0xAC, 0xCA, 0x28, 0x29, 0xC0,
    0xC8, 0x39, 0x5D, 0x49, 0x3F, 0xEF, 0xF8, 0x88, 0x14, 0x4F, 0x40, 0x4A, 0xF3, 0x6A, 0x8C, 0x8D,
    0x99, 0xEC, 0x3F, 0xD9, 0xAD, 0x97, 0x10, 0x89, 0x89, 0xA3, 0xD1, 0x5E, 0x31, 0x8C, 0x82, 0x3E,
    0x24, 0x35, 0x5B, 0x77, 0x4D, 0xAD, 0x96, 0x0C, 0xAE, 0x4E, 0x41, 0x4D, 0x4C, 0xA1, 0x5A, 0x9D,
    0x82, 0xFD, 0x34, 0x53, 0x50, 0x13, 0x53, 0xA8, 0xD5, 0x28, 0x34, 0x21, 0x3B, 0x0E, 0xFB, 0xDD,
    0x86, 0x6A, 0x32, 0x81, 0x33, 0x11, 0x07, 0x7D, 0x8A, 0x09, 0x7A, 0x9C, 0xA0, 0x29, 0xD3, 0x91,
    0xE1, 0x04, 0xD1, 0x46, 0x39, 0x28, 0x66, 0x73, 0xFE, 0xB8, 0xEF, 0xED, 0x88, 0x27, 0x56, 0x60,
    0xDE, 0x94, 0xDD, 0x5D, 0x95, 0x72, 0x39, 0xEC, 0xE8, 0x34, 0x72, 0x65, 0x38, 0x11, 0x1A, 0xFF,
    0xFF, 0xBE, 0xBD, 0x5C, 0x78, 0x7E, 0x4E, 0x4A, 0xFA, 0xB8, 0xCF, 0xC8, 0x5D, 0x11, 0xC1, 0x93,
    0xBE, 0x33, 0xB6, 0x64, 0x77, 0x60, 0x23, 0xCD, 0xA3, 0xC7, 0x13, 0x86, 0xA3, 0x80, 0x17, 0x1D,
    0x23, 0xA7, 0x66, 0xD6, 0xAC, 0xA6, 0xB4, 0xAE, 0x19, 0xF0, 0xAA, 0xC7, 0xBC, 0xDC, 0x72, 0x4F,
    0x15, 0xCB, 0x37, 0xD7, 0x04, 0xBC, 0xF4, 0x16, 0x01, 0x2F, 0xF5, 0x03, 0xC4, 0x05, 0x50, 0xD8,
    0xE8, 0xFF, 0x05, 0x5D, 0x5B, 0x7A, 0xB6, 0x74, 0x6C, 0x3D, 0x58, 0xEF, 0x1E, 0x02, 0xA5, 0x26,
    0x80, 0x2A, 0x5B, 0x2E, 0x5A, 0x04, 0xC3, 0x3A, 0x44, 0xE9, 0x3A, 0x78, 0xE2, 0x1D, 0x13, 0xD1,
    0x6A, 0x1A, 0x94, 0xCE, 0xEC, 0x1D, 0x4B, 0x58, 0x34, 0x3C, 0x76, 0x98, 0xDC, 0x3B, 0xB6, 0x4F,
    0xBC, 0x1A, 0x53, 0x7B, 0x29, 0xA9, 0x19, 0x65, 0x62, 0x3D, 0x46, 0x62, 0x5B, 0xEA, 0x09, 0xB7,
    0xDF, 0xB4, 0x13, 0x76, 0xE1, 0x15, 0x63, 0x2B, 0x4B, 0x1D, 0x67, 0xB4, 0xCD, 0xDE, 0x2F, 0x37,
    0x89, 0x0F, 0x24, 0xC8, 0xC3, 0x31, 0x63, 0x48, 0xD3, 0x5C, 0x99, 0x2B, 0x4C, 0x88, 0x34, 0x62,
    0x76, 0x7F, 0x9F, 0x1E, 0xDE, 0x28, 0xF1, 0x39, 0xB3, 0x20, 0x25, 0xF8, 0x01, 0x5D, 0x60, 0xA7,
    0x7D, 0x5C, 0x17, 0x98, 0xE2, 0x5E, 0xAF, 0xD5, 0x08, 0x73, 0x74, 0xD3, 0xAE, 0x02, 0xAB, 0x2A,
    0x3E, 0xCD, 0xB8, 0x9A, 0x1E, 0xBF, 0x98, 0xE6, 0x3A, 0x13, 0x16, 0x9C, 0xE6, 0x6A, 0x92, 0xE2,
    0x41, 0xDE, 0xED, 0x63, 0xF9, 0xC1, 0xC5, 0x1A, 0x3F, 0x78, 0x55, 0x90, 0xEC, 0xDF, 0x90, 0xAA,
    0x30, 0x72, 0xED, 0xA4, 0xDA, 0x96, 0x4D, 0x4B, 0xC9, 0x28, 0x25, 0xB5, 0x9A, 0x92, 0x90, 0x28,
    0xE4, 0xEB, 0x26, 0x25, 0xF1, 0xC4, 0x86, 0xCA, 0x9D, 0xAD, 0x0C, 0x95, 0x29, 0x2A, 0x73, 0x89,
    0xD4, 0x88, 0xFB, 0xE9, 0x6F, 0x2E, 0x3C, 0x9F, 0xD6, 0x50, 0x51, 0xFD, 0xFE, 0x25, 0xD9, 0xFF,
    0x71, 0x65, 0x6C, 0x0B, 0x5F, 0x1E, 0x83, 0x69, 0xAE, 0x27, 0xF8, 0xBB, 0x09, 0xF8, 0x36, 0x9E,
    0x3B, 0x48, 0x15, 0xDB, 0x78, 0x81, 0x02, 0xFE, 0xF0, 0x02, 0x85, 0x8F, 0x73, 0xBE, 0x40, 0x01,
    0x1E, 0x6C, 0xC8, 0x97, 0x29, 0xF0, 0x05, 0x0A, 0xB7, 0xAA, 0x7D, 0xAB, 0xAF, 0x51, 0x68, 0xF8,
    0x02, 0x85, 0xEB, 0xED, 0x99, 0x89, 0xD7, 0x28, 0xC8, 0x0B, 0x14, 0xE2, 0x7C, 0xE2, 0x35, 0x0A,
    0x89, 0x79, 0x8D, 0x42, 0xDA, 0xBF, 0x46, 0x61, 0x62, 0x1B, 0xCA, 0xFC, 0x86, 0xA5, 0x34, 0xC1,
    0xE6, 0x93, 0xDB, 0xB9, 0xB1, 0xAD, 0xEB, 0x37, 0xB6, 0xA9, 0xB1, 0x53, 0xE8, 0x4D, 0x24, 0xC1,
    0x82, 0x89, 0x68, 0xF3, 0xDE, 0xA7, 0x52, 0x54, 0xFB, 0xE9, 0x4F, 0x85, 0x2C, 0x57, 0x19, 0xFC,
    0x17, 0xBE, 0xCC, 0x67, 0x5C, 0x40, 0x4B, 0xE1, 0xA9, 0x4C, 0xE6, 0x5D, 0x5E, 0x02, 0x20, 0xAF,
    0xBE, 0xA1, 0x90, 0xDD, 0xC3, 0x57, 0x8F, 0x1C, 0xA4, 0xE9, 0x3E, 0x4F, 0x05, 0x7E, 0x96, 0xA1,
    0x88, 0x65, 0xAE, 0xDA, 0xBD, 0xEF, 0xD3, 0x8E, 0x86, 0x90, 0xB1, 0x73, 0xAB, 0x1B, 0xBF, 0xB1,
    0x25, 0xE5, 0xAB, 0x6F, 0x10, 0x2A, 0xC7, 0x26, 0xE8, 0x3B, 0xBA, 0xEE, 0xDF, 0x0E, 0xE0, 0x25,
    0xCB, 0x92, 0x55, 0xF4, 0xB1, 0xF8, 0x56, 0x7A, 0xC1, 0x3C, 0x70, 0x29, 0x01, 0x6F, 0xB2, 0x7C,
    0x10, 0xCC, 0x74, 0xA4, 0x35, 0x81, 0x6B, 0xB4, 0xDD, 0x74, 0xB5, 0x3E, 0x67, 0x49, 0x01, 0x2B,
    0x85, 0xD0, 0xD0, 0x79, 0x4A, 0x75, 0xF6, 0x7F, 0x75, 0x14, 0xD4, 0xA9, 0xB1, 0x59, 0xF7, 0x13,
    0x47, 0xE1, 0x71, 0xFA, 0x13, 0xC7, 0x31, 0xA1, 0x29, 0x6B, 0xC7, 0xA7, 0xE1, 0x24, 0x97, 0x95,
    0xF7, 0x01, 0x48, 0xF9, 0x36, 0xB6, 0x0A, 0x45, 0x27, 0x9F, 0x7E, 0x0A, 0x7D, 0x21, 0x29, 0xC8,
    0x7E, 0x89, 0x87, 0x43, 0xAD, 0x10, 0xDA, 0x5F, 0xB6, 0x62, 0xF9, 0x63, 0xBB, 0x11, 0x52, 0x5B,
    0xF6, 0x6D, 0x31, 0x8C, 0x40, 0xBB, 0x82, 0xC4, 0x23, 0x42, 0x95, 0xBE, 0x45, 0x29, 0xA5, 0x0E,
    0xA0, 0x54, 0x32, 0x1A, 0xBD, 0xC9, 0x4B, 0x99, 0xED, 0x53, 0xD6, 0x67, 0xDF, 0x13, 0xD7, 0x33,
    0x03, 0x16, 0x76, 0x63, 0x16, 0x38, 0xF8, 0x60, 0x58, 0x26, 0x50, 0x50, 0x6F, 0xF3, 0x9C, 0x5E,
    0xC2, 0x7E, 0x62, 0x79, 0x05, 0x12, 0xD3, 0xBA, 0xDC, 0xE0, 0x7A, 0x1F, 0x89, 0xA3, 0xB7, 0xF4,
    0xF9, 0x66, 0x70, 0x44, 0x63, 0x9B, 0xAB, 0x8C, 0x95, 0xC3, 0xDD, 0x4D, 0x6B, 0x2E, 0xFC, 0x5C,
    0x2F, 0xFD, 0x84, 0x33, 0xC0, 0x69, 0x32, 0x1E, 0xF4, 0xF1, 0xAE, 0x14, 0x0C, 0xB7, 0x2F, 0xBE,
    0xFB, 0xF6, 0x4A, 0x83, 0x50, 0xD5, 0x64, 0x21, 0xCB, 0x26, 0xA5, 0xFC, 0x70, 0xD2, 0x6A, 0x24,
    0xBA, 0x18, 0x72, 0x3B, 0xDB, 0x67, 0xD9, 0xE6, 0x36, 0xBC, 0x95, 0xA7, 0x5D, 0xD8, 0xEC, 0xAD,
    0x3C, 0xFB, 0xD1, 0x0E, 0x22, 0xFC, 0xF7, 0x5E, 0xDC, 0x6F, 0x0B, 0xDB, 0x8C, 0x7E, 0xB8, 0x01,
    0x8A, 0x81, 0xF5, 0xC1, 0x75, 0x98, 0x05, 0xD8, 0xCA, 0xC4, 0x4D, 0x4D, 0xFC, 0xE5, 0xF4, 0x60,
    0x0A, 0x4A, 0xC5, 0x45, 0x2A, 0xC6, 0xA0, 0x85, 0xF0, 0xD1, 0x1E, 0x98, 0xB9, 0xEF, 0x8D, 0xEB,
    0xF7, 0x46, 0xFB, 0xDD, 0x51, 0x14, 0x9B, 0x1C, 0x86, 0x28, 0x9F, 0x16, 0x27, 0x40, 0x46, 0xD0,
    0x9A, 0xAA, 0x09, 0xAB, 0x7B, 0x15, 0xF5, 0xA6, 0x0C, 0x07, 0xA1, 0x70, 0x1D, 0x99, 0x65, 0x9B,
    0xAD, 0xA5, 0x0D, 0x32, 0xC8, 0x18, 0xB6, 0x82, 0x58, 0xC3, 0xD6, 0xAE, 0xD1, 0x66, 0x50, 0x7B,
    0x89, 0x46, 0x47, 0xA1, 0x5E, 0x87, 0xE8, 0x7B, 0x4D, 0x56, 0xA4, 0x1B, 0xD7, 0x7C, 0x98, 0xF1,
    0x68, 0xC1, 0x62, 0x8A, 0xF3, 0xF1, 0x11, 0x10, 0xCB, 0x2F, 0x29, 0xEA, 0xF3, 0x7E, 0x93, 0x13,
    0x92, 0x7F, 0x15, 0xC6, 0x56, 0x42, 0xF6, 0x9D, 0xDC, 0xBB, 0xED, 0x63, 0xF3, 0x8E, 0xE6, 0xAC,
    0x13, 0x52, 0xFE, 0xF9, 0x12, 0x04, 0x1A, 0x3D, 0xF5, 0x78, 0xC1, 0x45, 0x9E, 0x08, 0xA8, 0xD0,
    0x14, 0xB7, 0xF5, 0x07, 0xF3, 0xEE, 0xBB, 0x7F, 0x16, 0x96, 0xAE, 0x9D, 0xB3, 0x6A, 0x50, 0x36,
    0x8D, 0xF5, 0x70, 0xBC, 0x79, 0x6C, 0x67, 0x6C, 0x5C, 0x75, 0xF9, 0x20, 0xBC, 0x97, 0x18, 0xED,
    0xF0, 0xC4, 0x12, 0x6E, 0xDF, 0xAB, 0x9C, 0xDC, 0xA4, 0xF0, 0x3F, 0xA8, 0xBC, 0x1B, 0x95, 0x11,
    0x3C, 0x8F, 0xB5, 0x37, 0x9D, 0xF5, 0x02, 0xBE, 0x69, 0xA8, 0xCA, 0x0A, 0x90, 0x9A, 0x3C, 0x67,
    0xAC, 0x40, 0x7A, 0xFF, 0x54, 0xE6, 0x74, 0xF4, 0xA6, 0xD2, 0xDC, 0xB8, 0x67, 0x0F, 0xC8, 0x3F,
    0x22, 0xD7, 0x08, 0x33, 0x94, 0x64, 0xC9, 0x5A, 0xF2, 0x68, 0xFF, 0xC2, 0x1B, 0x90, 0x54, 0x57,
    0xD4, 0x5E, 0xBB, 0xDF, 0x81, 0x43, 0x1D, 0xF5, 0x46, 0x24, 0xAF, 0x63, 0x34, 0x02, 0x98, 0xA2,
    0x77, 0x35, 0x64, 0xF9, 0x07, 0x8A, 0xB8, 0xC6, 0x0E, 0x31, 0xE6, 0x21, 0x7F, 0x41, 0x55, 0x79,
    0x61, 0xFC, 0x06, 0x99, 0xB2, 0x07, 0xDF, 0xC4, 0x6B, 0xAB, 0x42, 0x3D, 0x02, 0xDB, 0xB8, 0x9B,
    0xC9, 0x7D, 0x93, 0xA1, 0xC2, 0x0F, 0xB8, 0x88, 0x37, 0x68, 0x64, 0xAB, 0x93, 0x3B, 0x3E, 0x99,
    0x39, 0xC6, 0xC4, 0xAE, 0xF1, 0x95, 0x9D, 0xEF, 0x31, 0xB0, 0xBC, 0x77, 0x6A, 0x7B, 0x67, 0x74,
    0x80, 0xE6, 0xC7, 0x1B, 0x7C, 0xC9, 0xE1, 0x1B, 0xFE, 0x64, 0xF7, 0x8F, 0x52, 0x94, 0x3D, 0x02,
    0xF9, 0x18, 0x3C, 0x72, 0x51, 0xB6, 0x9D, 0x2D, 0x2B, 0xEF, 0x13, 0x50, 0xC7, 0x27, 0xF5, 0x58,
    0xCB, 0xD2, 0xF5, 0x47, 0x40, 0x5F, 0x5E, 0x7E, 0x81, 0xEA, 0xCC, 0xC8, 0x14, 0x6A, 0x4F, 0xBE,
    0x12, 0xC3, 0x7C, 0x66, 0x29, 0xAC, 0xD4, 0xC1, 0xA2, 0x08, 0x76, 0x52, 0xD0, 0x3F, 0xFA, 0x98,
    0x69, 0xFF, 0xA7, 0x3F, 0xC3, 0x2B, 0xB1, 0x1E, 0x6B, 0xCC, 0x5B, 0x8E, 0x6F, 0x29, 0xCD, 0x18,
    0x5F, 0x7C, 0xE0, 0xF8, 0x9E, 0x1A, 0xCF, 0x4F, 0x36, 0xE6, 0xC7, 0xC2, 0xF3, 0xA3, 0xCC, 0x03,
    0x12, 0xD0, 0xAE, 0xDF, 0x80, 0x04, 0x7C, 0x63, 0x8D, 0x12, 0xDB, 0xAE, 0x17, 0xCA, 0x78, 0xD8,
    0x98, 0xE2, 0x53, 0x89, 0xA1, 0x59, 0xBD, 0x12, 0x7B, 0x9A, 0xFD, 0xD3, 0xE3, 0x44, 0x94, 0x41,
    0xF4, 0x37, 0xF1, 0x3E, 0x4B, 0xF3, 0x8C, 0xC6, 0x34, 0x56, 0xC3, 0x9F, 0x9A, 0x39, 0xA9, 0x9B,
    0x10, 0xF5, 0x0B, 0x2E, 0x32, 0x8B, 0x2E, 0x0A, 0xA7, 0x3C, 0x6E, 0x0A, 0x42, 0x4F, 0xFB, 0x20,
    0xD1, 0x61, 0x04, 0x76, 0x88, 0x8A, 0xA4, 0x67, 0xCC, 0x3E, 0xAA, 0xB0, 0xAF, 0x17, 0xA1, 0xAE,
    0x25, 0x9D, 0x04, 0xC6, 0x1D, 0x60, 0x49, 0x35, 0xEB, 0x31, 0xBF, 0xCB, 0x29, 0x1C, 0x64, 0x00,
    0x4A, 0xB4, 0xB1, 0x80, 0xB1, 0x42, 0xDE, 0xE1, 0x79, 0xC9, 0x26, 0xED, 0x91, 0xFD, 0x12, 0xED,
    0xDD, 0x99, 0xB9, 0x19, 0x45, 0xF1, 0x29, 0xC3, 0x7F, 0xB7, 0x8A, 0x7E, 0x3F, 0xC3, 0x78, 0x5F,
    0xC1, 0x37, 0xB1, 0x70, 0xE1, 0x89, 0x4C, 0xBD, 0x8E, 0xEA, 0xE0, 0x1A, 0xF6, 0x42, 0xBE, 0xBC,
    0x33, 0x93, 0xDC, 0xC3, 0x6C, 0xC3, 0xE0, 0x87, 0x9C, 0xDF, 0xB1, 0x62, 0xC2, 0xA9, 0xD9, 0xB9,
    0x97, 0x84, 0xA9, 0x65, 0xE0, 0xB0, 0x09, 0x4D, 0x9B, 0xDE, 0x35, 0x9A, 0xD6, 0x13, 0xBD, 0x66,
    0x42, 0xDE, 0xC2, 0xF9, 0x80, 0xCA, 0xBA, 0x47, 0x79, 0x81, 0xA8, 0xB8, 0xA9, 0x5E, 0x6E, 0x82,
    0x5F, 0xF4, 0x54, 0xAD, 0xBE, 0x81, 0xE5, 0x37, 0x16, 0xAF, 0xB9, 0x1B, 0xAA, 0xEC, 0x36, 0xAB,
    0xB8, 0x93, 0x37, 0x7C, 0x13, 0xE5, 0xEE, 0x44, 0xB3, 0xC6, 0xB2, 0xD7, 0x08, 0x5F, 0x40, 0xE2,
    0x66, 0x55, 0xFC, 0x7E, 0x93, 0x6F, 0xF1, 0xC2, 0x26, 0xF5, 0x03, 0xB2, 0x5F, 0xE7, 0x9A, 0x14,
    0xB4, 0xC9, 0xEE, 0x8C, 0x93, 0x7B, 0x27, 0x36, 0x95, 0x6E, 0xFB, 0x2B, 0x2B, 0xB6, 0xAB, 0x0A,
    0xD2, 0x84, 0x2B, 0xD1, 0xFE, 0x65, 0x61, 0x72, 0xF4, 0x83, 0x64, 0x5D, 0xA1, 0xE1, 0xA3, 0x56,
    0x47, 0xF6, 0x2F, 0x3B, 0x60, 0xA9, 0xB2, 0xDD, 0x6F, 0xE7, 0x4E, 0x93, 0x71, 0x52, 0x70, 0x47,
    0x53, 0xAF, 0x26, 0xE1, 0xFA, 0xDA, 0x28, 0xF8, 0x2A, 0xA1, 0xF2, 0x7E, 0xDF, 0x4E, 0x9F, 0x7A,
    0x3D, 0xBD, 0x36, 0xF5, 0x7A, 0xE2, 0xF1, 0x53, 0xAF, 0xE3, 0x0A, 0x20, 0x2B, 0x50, 0xC6, 0x89,
    0xEB, 0xB7, 0xC3, 0x3C, 0xFA, 0xDC, 0x24, 0xE3, 0x65, 0x7D, 0x5F, 0x9F, 0x7A, 0xD8, 0xDC, 0xF2,
    0xD1, 0xFB, 0x0C, 0xCD, 0x7B, 0x6C, 0x4E, 0xB7, 0x1C, 0xBB, 0x0C, 0xBD, 0x7F, 0x8F, 0x0D, 0xDF,
    0x80, 0x3D, 0x75, 0xBA, 0x3D, 0x29, 0xA3, 0xC6, 0xA0, 0x2D, 0x89, 0x86, 0xC1, 0xE5, 0xC0, 0x88,
    0x39, 0xE0, 0xFF, 0x07, 0xC5, 0x59, 0xBF, 0x6F, 0x14, 0x47, 0x14, 0x7E, 0xBB, 0x8B, 0x6F, 0x81,
    0x15, 0x5E, 0x0A, 0xA3, 0x84, 0x20, 0xBC, 0x44, 0x4A, 0x81, 0x90, 0xCD, 0xB6, 0x48, 0xB1, 0xBD,
    0x8B, 0x28, 0x52, 0x50, 0xC4, 0x05, 0x28, 0x45, 0x0A, 0x52, 0xD0, 0xC4, 0x8D, 0x9B, 0x14, 0x96,
    0x62, 0xD8, 0x4D, 0xF8, 0x07, 0xAE, 0x4F, 0x11, 0x17, 0x29, 0x88, 0x53, 0x98, 0x48, 0x28, 0x22,
    0x12, 0xCE, 0x6E, 0x52, 0x45, 0x4A, 0xB3, 0x11, 0x51, 0x9A, 0x34, 0x07, 0x8A, 0x40, 0x42, 0x4A,
    0xB8, 0x48, 0x47, 0x74, 0x8E, 0x77, 0x77, 0xF2, 0xBD, 0x99, 0xB9, 0xF3, 0x1D, 0xD8, 0x60, 0xB8,
    0xBD, 0xBB, 0xBD, 0x9B, 0xD1, 0xDD, 0xFE, 0x98, 0x79, 0xDF, 0x7B, 0x6F, 0xBE, 0xF7, 0xE6, 0x2D,
    0x19, 0x05, 0x11, 0x99, 0x02, 0x9D, 0xC5, 0x9D, 0x9D, 0x84, 0x44, 0x6E, 0x90, 0x12, 0x4D, 0xFA,
    0xE8, 0x66, 0xBD, 0x06, 0xD1, 0x9C, 0xDB, 0x24, 0x5A, 0x71, 0xD0, 0xDD, 0xB6, 0xDB, 0x44, 0x4F,
    0x3F, 0xC8, 0xC9, 0x10, 0xA2, 0x20, 0x33, 0x33, 0x4A, 0xB2, 0x52, 0x12, 0x64, 0xC7, 0x94, 0x84,
    0x6E, 0x48, 0x51, 0xBA, 0x9C, 0x19, 0xE2, 0x4F, 0xD1, 0xB6, 0x45, 0x4E, 0xEA, 0x58, 0xE4, 0x91,
    0xF3, 0x4E, 0x67, 0xB4, 0xF5, 0x69, 0x63, 0x3D, 0x26, 0x4F, 0xB4, 0x29, 0xF8, 0x29, 0x27, 0xFF,
    0x7C, 0x41, 0x13, 0x54, 0xE2, 0x6C, 0x49, 0x35, 0x51, 0x52, 0xF0, 0xB0, 0xC4, 0x70, 0x25, 0xC6,
    0x45, 0xC3, 0x14, 0x89, 0x55, 0x52, 0xF4, 0xB7, 0x08, 0xBD, 0x76, 0x92, 0xCA, 0x87, 0xA7, 0xD0,
    0x84, 0x6E, 0xD7, 0x3B, 0x03, 0x7E, 0xCD, 0x73, 0x3C, 0x81, 0xF4, 0x86, 0x13, 0xE3, 0x27, 0xA4,
    0x21, 0xBA, 0xC6, 0x57, 0x3E, 0xA1, 0xCE, 0x2D, 0x43, 0x83, 0xFA, 0x31, 0x06, 0x17, 0x29, 0x19,
    0x17, 0x30, 0x8E, 0x8D, 0x76, 0x16, 0xC3, 0xCF, 0x54, 0x00, 0x94, 0x70, 0x3B, 0x0E, 0x8F, 0x65,
    0x3F, 0xC7, 0x62, 0x43, 0x9B, 0xEE, 0x7B, 0xB8, 0x76, 0x9A, 0xD6, 0x86, 0x0E, 0x8A, 0x8C, 0x50,
    0xA2, 0x39, 0xF3, 0x3E, 0x34, 0xFD, 0x1B, 0x59, 0xF7, 0x9B, 0xE4, 0x84, 0x2B, 0x03, 0x83, 0xE2,
    0x51, 0xC9, 0xCA, 0xF8, 0xE7, 0xB7, 0x2C, 0xFB, 0x1B, 0x2C, 0xF6, 0xA8, 0x40, 0xB1, 0xE7, 0xCC,
    0xF3, 0x7C, 0x87, 0xEB, 0x64, 0x44, 0x78, 0xB8, 0xBD, 0x8A, 0x27, 0xA6, 0xD5, 0xAC, 0x4B, 0x6B,
    0x64, 0x03, 0x80, 0xDB, 0x4C, 0xC8, 0xC9, 0xA2, 0xD0, 0x08, 0x03, 0x38, 0x52, 0x10, 0x1B, 0x89,
    0x88, 0xDD, 0xAD, 0x24, 0xF6, 0xB3, 0x20, 0x0E, 0x52, 0x6E, 0x51, 0xEC, 0xA7, 0x22, 0xF6, 0xB6,
    0x93, 0xCC, 0x2E, 0xFD, 0xA6, 0x96, 0xF9, 0x2A, 0xCB, 0xFD, 0x17, 0xFF, 0x9A, 0x1C, 0x8F, 0xB9,
    0xD8, 0x55, 0x3E, 0xC5, 0x70, 0x56, 0xAC, 0x4C, 0xF6, 0x73, 0x65, 0x26, 0x83, 0xCD, 0x8E, 0xC2,
    0x0B, 0xB7, 0x20, 0xD2, 0x7C, 0x02, 0xCB, 0x1D, 0xAD, 0x85, 0x1A, 0x89, 0x35, 0x4A, 0xE3, 0x31,
    0x97, 0x58, 0xC5, 0x0C, 0xB9, 0x1B, 0x6D, 0x9A, 0x30, 0xEB, 0x44, 0x67, 0x30, 0x32, 0x96, 0x5D,
    0x65, 0x30, 0xE5, 0x61, 0xF2, 0x03, 0xB6, 0x08, 0x35, 0xAE, 0x59, 0xA3, 0x31, 0x7C, 0xD3, 0xC9,
    0xE1, 0xEB, 0x3C, 0x28, 0xF3, 0xA3, 0x2D, 0xE9, 0xB2, 0x45, 0x3D, 0x47, 0x04, 0x4F, 0x14, 0x19,
    0x59, 0xBF, 0x56, 0x84, 0x74, 0x37, 0x06, 0x55, 0x87, 0xCB, 0xDD, 0x1C, 0xDA, 0xA1, 0xB7, 0x63,
    0xAD, 0x02, 0xA9, 0x0C, 0xC9, 0xAF, 0x23, 0xD0, 0x03, 0xD3, 0x27, 0x64, 0xA8, 0xBD, 0xF9, 0x11,
    0xD9, 0x9F, 0x35, 0x30, 0x05, 0xFE, 0xFF, 0x40, 0x15, 0xD9, 0x96, 0x07, 0x27, 0x69, 0xD0, 0xF1,
    0xA0, 0x33, 0x79, 0xEA, 0x5B, 0xC3, 0x42, 0x67, 0xC8, 0x39, 0x8E, 0x8C, 0xD9, 0x80, 0x0C, 0xE7,
    0xA2, 0x72, 0xA4, 0xDA, 0xE9, 0x8A, 0x61, 0x1A, 0x21, 0x44, 0x75, 0x9E, 0x82, 0x82, 0x26, 0x23,
    0x9C, 0x39, 0xC0, 0x94, 0x77, 0xC8, 0xE8, 0x83, 0x49, 0x37, 0x87, 0x0F, 0x93, 0x49, 0xB6, 0x7D,
    0x8B, 0x9C, 0x8D, 0x06, 0x4D, 0x80, 0x0A, 0x0D, 0x10, 0x53, 0xF5, 0xD6, 0x3C, 0x69, 0x00, 0xA6,
    0xFB, 0x05, 0xCE, 0x38, 0x02, 0x08, 0x8D, 0xEF, 0x47, 0x63, 0xBE, 0x3D, 0x33, 0x36, 0x45, 0x0E,
    0xE0, 0x9F, 0xDF, 0x9B, 0xD5, 0x21, 0xDD, 0x85, 0x87, 0x22, 0x21, 0xDA, 0x27, 0xCA, 0x6F, 0xDA,
    0x98, 0x7D, 0x05, 0xED, 0x9C, 0x6E, 0xD4, 0x6D, 0x42, 0xA4, 0x56, 0x71, 0x39, 0xEC, 0x3B, 0x97,
    0xD3, 0x21, 0xB4, 0x69, 0xB4, 0xD9, 0x13, 0xE5, 0xFA, 0x66, 0xC4, 0x60, 0xA5, 0x70, 0xD0, 0x1C,
    0xAB, 0xC1, 0x05, 0x9B, 0xDA, 0x3A, 0x52, 0x2F, 0x85, 0xD0, 0x68, 0x8B, 0xFC, 0x1F, 0x73, 0x04,
    0x77, 0xC8, 0x43, 0x89, 0xFC, 0x08, 0x21, 0x48, 0xAC, 0xAF, 0x4B, 0x51, 0x12, 0x49, 0xB9, 0x06,
    0x05, 0xD9, 0x24, 0xB9, 0xE5, 0x26, 0xB4, 0xAD, 0xD9, 0xF8, 0x38, 0x5F, 0x80, 0xBE, 0x13, 0xCE,
    0x0C, 0xB4, 0x52, 0x6A, 0x08, 0x7C, 0xD3, 0x77, 0xE1, 0x8D, 0xF3, 0x6A, 0xE1, 0xF1, 0x22, 0x37,
    0xD2, 0x6A, 0xB1, 0xE8, 0x04, 0x93, 0x6E, 0xC0, 0x27, 0xAC, 0xFE, 0x04, 0x73, 0x20, 0x3C, 0x52,
    0xC8, 0xF3, 0x70, 0x88, 0xED, 0xD4, 0x7C, 0x24, 0x42, 0x23, 0xBE, 0x56, 0xB9, 0x0D, 0xAC, 0xF6,
    0x11, 0x72, 0xC5, 0x5D, 0x72, 0x97, 0xDB, 0x74, 0xB0, 0xD6, 0xA8, 0x42, 0xE6, 0x4B, 0x68, 0x2D,
    0x72, 0x1E, 0x64, 0xE4, 0x6F, 0x11, 0xDD, 0x5D, 0x20, 0x63, 0xED, 0x70, 0xC5, 0x72, 0xEB, 0xDC,
    0x77, 0x49, 0xE7, 0xBE, 0x0F, 0x76, 0xE2, 0xEE, 0x20, 0xB2, 0x4F, 0xA9, 0x64, 0x9E, 0xEC, 0x8B,
    0xD0, 0x03, 0xF4, 0x31, 0x0C, 0xD9, 0x5F, 0x98, 0xE2, 0xBE, 0x55, 0x87, 0x2C, 0x05, 0x96, 0x44,
    0x44, 0x6E, 0x23, 0x88, 0xBD, 0xD4, 0x97, 0x9F, 0x00, 0x63, 0x07, 0x8F, 0xD7, 0x63, 0x66, 0x11,
    0x26, 0x11, 0x70, 0x48, 0xE8, 0xB6, 0xAC, 0xD8, 0x12, 0x1B, 0x21, 0x25, 0x45, 0x27, 0x33, 0x82,
    0x4E, 0x26, 0x9B, 0x32, 0x82, 0x0D, 0x55, 0xF7, 0x53, 0x3B, 0x89, 0xEC, 0x92, 0x4E, 0x64, 0x2B,
    0xD2, 0x3F, 0x1D, 0x33, 0x30, 0xDE, 0x1F, 0xA1, 0xF1, 0x08, 0x77, 0x85, 0xC8, 0xD8, 0x1D, 0xD8,
    0xC1, 0x87, 0x1D, 0xEE, 0xEC, 0x8A, 0xE3, 0xCE, 0x40, 0x38, 0xF6, 0x91, 0xAD, 0xBE, 0x3A, 0x96,
    0xA2, 0x7F, 0xED, 0x32, 0xCF, 0x07, 0xB9, 0xB2, 0x43, 0xC3, 0x19, 0x0D, 0x7F, 0xF2, 0x01, 0xFE,
    0x33, 0x9E, 0xC9, 0x47, 0x07, 0xE7, 0xD5, 0xB8, 0x8F, 0x57, 0xCD, 0x9B, 0xE4, 0x24, 0x34, 0x81,
    0x34, 0xC2, 0x87, 0x0F, 0x13, 0x35, 0x15, 0xB8, 0xCC, 0x13, 0x2C, 0xFA, 0x3E, 0xBF, 0x27, 0xCA,
    0x10, 0x8F, 0xD4, 0xEA, 0xE4, 0xE7, 0x34, 0x05, 0x6E, 0x5E, 0x25, 0xAB, 0x21, 0x09, 0x14, 0xAE,
    0xB0, 0x48, 0x49, 0x8B, 0x81, 0x39, 0x7B, 0x7F, 0xBD, 0x82, 0x12, 0x11, 0xBE, 0xDE, 0xA4, 0x2A,
    0x94, 0xAA, 0x33, 0x66, 0x27, 0x88, 0x42, 0x87, 0x3C, 0x23, 0xB0, 0x84, 0xAF, 0x26, 0x83, 0xDA,
    0x20, 0x38, 0xF2, 0xE6, 0x5E, 0x43, 0xF8, 0xB8, 0x64, 0x96, 0x1B, 0x30, 0x43, 0xCB, 0xCC, 0x79,
    0xDD, 0x0A, 0xC2, 0x22, 0x8E, 0x42, 0x74, 0xBC, 0x4F, 0x45, 0x97, 0x74, 0xBA, 0xAC, 0xDB, 0xA9,
    0x0B, 0xF2, 0x16, 0x79, 0xB3, 0x7C, 0xCC, 0x69, 0x22, 0xB1, 0x30, 0xCB, 0x0F, 0x61, 0x91, 0x65,
    0x4E, 0x38, 0xD4, 0x51, 0xEF, 0xE4, 0x01, 0x72, 0x53, 0x62, 0x76, 0x5D, 0x6F, 0x29, 0x86, 0xB1,
    0xDB, 0x20, 0x0B, 0xCC, 0x17, 0x07, 0x21, 0x4F, 0x98, 0x60, 0x38, 0x21, 0xCF, 0xC8, 0xB3, 0xF2,
    0x3F, 0xCE, 0xC7, 0x41, 0x0C, 0xB2, 0x79, 0x58, 0x3C, 0x6F, 0x6C, 0x4E, 0xE1, 0x82, 0x50, 0x5B,
    0xFB, 0x2B, 0xF6, 0x66, 0x4E, 0x29, 0x0E, 0x30, 0x41, 0xCA, 0x00, 0x47, 0xF2, 0xFE, 0xC6, 0x88,
    0xA0, 0xCA, 0xE5, 0x09, 0xAB, 0x7D, 0x8E, 0x09, 0xE1, 0x24, 0xB2, 0x80, 0xC4, 0xB9, 0xF4, 0x81,
    0x01, 0xD1, 0xC2, 0xCA, 0x3A, 0x23, 0xE7, 0x9C, 0x11, 0x6E, 0x8F, 0x71, 0xCF, 0xF2, 0xE0, 0x57,
    0xCD, 0x78, 0x44, 0x46, 0xE4, 0x60, 0x66, 0x3D, 0x53, 0xC8, 0x39, 0x37, 0xB0, 0x1D, 0x65, 0x69,
    0x4A, 0xD6, 0xDA, 0x8C, 0x7B, 0xEC, 0xDF, 0x1E, 0xE7, 0x7D, 0x23, 0x45, 0xD6, 0x09, 0x75, 0x4E,
    0x5F, 0xA8, 0x73, 0x75, 0xA8, 0x5B, 0x83, 0xA4, 0x25, 0x9E, 0x0B, 0x52, 0xB7, 0xE1, 0x66, 0x5E,
    0xE6, 0x36, 0xFD, 0xD4, 0xC5, 0x3F, 0x47, 0x37, 0xF5, 0x1F, 0xE7, 0x1B, 0x6E, 0xC3, 0x4B, 0xAD,
    0xAD, 0xA4, 0x27, 0xD4, 0xC9, 0xCD, 0xB8, 0x75, 0xB7, 0xCF, 0x70, 0xC5, 0xE8, 0x0D, 0xC7, 0x2A,
    0x7E, 0x37, 0x7E, 0xBE, 0xA4, 0x33, 0xB8, 0xF1, 0x30, 0x34, 0x90, 0x04, 0x0F, 0xB1, 0x04, 0xBF,
    0xE3, 0xF9, 0x16, 0x8F, 0xCB, 0x54, 0x8D, 0x17, 0x61, 0x31, 0x6A, 0x33, 0xCA, 0x48, 0x59, 0xCE,
    0x60, 0x3F, 0xD5, 0x1F, 0x29, 0xCD, 0xD7, 0xC5, 0x9A, 0x3E, 0xB7, 0x04, 0x3B, 0x2C, 0xE6, 0xB2,
    0x8F, 0x2E, 0x30, 0xB8, 0x15, 0x33, 0x1D, 0x33, 0x85, 0xF6, 0xD6, 0x75, 0xEE, 0x83, 0xEA, 0xC3,
    0xB9, 0xE1, 0x50, 0xAB, 0x3E, 0x02, 0x89, 0x37, 0x92, 0xBF, 0x65, 0x38, 0x32, 0x33, 0x7D, 0xE5,
    0xBA, 0xD4, 0x41, 0x24, 0x95, 0x10, 0x48, 0x2D, 0xB8, 0x52, 0x0D, 0xB3, 0x52, 0x0F, 0x2D, 0x92,
    0x28, 0x49, 0x02, 0xA6, 0xA4, 0xDB, 0x67, 0x3D, 0x7D, 0xE7, 0x6A, 0xF7, 0x8B, 0x3D, 0x92, 0xD4,
    0x88, 0x52, 0x89, 0xD6, 0x49, 0xAF, 0x52, 0xBA, 0x26, 0xE1, 0x60, 0xE6, 0xF2, 0xBE, 0x55, 0x16,
    0x50, 0x0B, 0xA0, 0x2F, 0x81, 0x7E, 0x01, 0x38, 0x67, 0x80, 0xAF, 0xF5, 0xEA, 0x76, 0x96, 0xF8,
    0xC1, 0x46, 0x12, 0xAE, 0xA5, 0x42, 0xE5, 0xED, 0x31, 0x23, 0xE5, 0x34, 0xCD, 0xCC, 0xF5, 0x0B,
    0x09, 0xB7, 0x02, 0xA4, 0x32, 0x5C, 0xAA, 0x78, 0xA9, 0x03, 0xA6, 0x8A, 0x98, 0x2A, 0x64, 0x76,
    0x63, 0xE6, 0x58, 0xF0, 0xEE, 0x1E, 0x48, 0xAF, 0x22, 0x90, 0x56, 0x61, 0x5D, 0x3F, 0x66, 0x70,
    0xC9, 0x36, 0x3B, 0xEF, 0xBF, 0xBC, 0x25, 0xA6, 0xFA, 0xD9, 0x31, 0x5B, 0xD7, 0xC4, 0x0E, 0xD7,
    0x11, 0x9B, 0xD8, 0xE1, 0xE6, 0x74, 0xD0, 0x6C, 0x54, 0xE5, 0xC7, 0x63, 0x43, 0x54, 0xEF, 0xD2,
    0xA5, 0xA2, 0xAC, 0x67, 0x38, 0x6B, 0x70, 0x7C, 0xBB, 0xB0, 0x54, 0x22, 0x52, 0xD1, 0x5A, 0x46,
    0xE2, 0x9C, 0x61, 0x4A, 0x97, 0xEB, 0xE0, 0xFB, 0xEF, 0x2C, 0xD9, 0xE5, 0xAA, 0x9B, 0xE6, 0x02,
    0x3E, 0x92, 0x02, 0xF1, 0x18, 0x24, 0xE7, 0x89, 0xAC, 0x57, 0x6A, 0xA3, 0xEC, 0xD4, 0xF7, 0xA9,
    0x13, 0xE8, 0x8F, 0x2D, 0x22, 0x07, 0x8F, 0x9A, 0x48, 0x1E, 0xDC, 0x26, 0x56, 0xA9, 0xD3, 0x74,
    0x5E, 0xDA, 0xB5, 0x70, 0x9F, 0x9D, 0x7B, 0x5C, 0x05, 0xDB, 0xC6, 0x16, 0x58, 0xDC, 0x13, 0xBD,
    0x49, 0x83, 0xCD, 0x18, 0x9D, 0xF6, 0x0E, 0xF7, 0xEC, 0xEB, 0xDD, 0xE4, 0xB0, 0xE1, 0xD7, 0x58,
    0xB4, 0x80, 0xA5, 0x3A, 0xB5, 0xCA, 0xFF, 0xEF, 0x90, 0x5A, 0x9B, 0x9C, 0x59, 0x54, 0xAF, 0x88,
    0x1E, 0xD6, 0xE3, 0x05, 0x4B, 0xDD, 0xE2, 0x5E, 0x47, 0x23, 0x5E, 0xCC, 0x80, 0xBD, 0xF4, 0x4A,
    0x19, 0x2E, 0xBB, 0x29, 0x43, 0xB6, 0x52, 0xC6, 0xE2, 0x84, 0xDC, 0x6F, 0x4A, 0x5C, 0x75, 0x85,
    0xEE, 0x25, 0xBD, 0xA5, 0xFA, 0x5C, 0xF7, 0x93, 0xA4, 0xF1, 0x2B, 0x05, 0xF4, 0x3A, 0x40, 0x47,
    0xD3, 0xA1, 0xB6, 0xBE, 0x34, 0x0F, 0xCA, 0xA0, 0xEC, 0x18, 0x94, 0x33, 0xFC, 0x82, 0xE1, 0xAF,
    0x32, 0xFC, 0x39, 0x00, 0xFC, 0xE7, 0x16, 0x3A, 0x11, 0xBF, 0x36, 0x7C, 0xAF, 0xA1, 0x37, 0x7C,
    0x72, 0x7C, 0xD9, 0xCF, 0x8E, 0x1B, 0xBE, 0x29, 0xDD, 0x3E, 0x51, 0x32, 0xA8, 0x14, 0xA0, 0x7A,
    0xF8, 0xEA, 0x45, 0x83, 0x74, 0x77, 0x32, 0xA5, 0xBF, 0x2B, 0x87, 0x57, 0x1E, 0xDF, 0x75, 0xF9,
    0xB1, 0x28, 0xE1, 0x45, 0xEB, 0x60, 0x58, 0x8E, 0x60, 0xB7, 0x66, 0xE4, 0xEE, 0x88, 0xE7, 0x9A,
    0xE7, 0x5D, 0x0A, 0xBD, 0xE3, 0xD4, 0xC7, 0xBD, 0x0E, 0xB8, 0xE8, 0xCB, 0x55, 0x5F, 0xE2, 0xB2,
    0x2F, 0x71, 0xDD, 0x77, 0x58, 0xF0, 0xC7, 0x06, 0x53, 0x02, 0x92, 0x94, 0xAF, 0x39, 0xBF, 0x4B,
    0xFA, 0x3D, 0xD7, 0xAB, 0xF5, 0xFC, 0xBD, 0x02, 0xC0, 0x4E, 0x02, 0xEE, 0x36, 0xBA, 0xF1, 0x74,
    0x55, 0x9F, 0x17, 0xE2, 0x82, 0xC8, 0xA2, 0xD2, 0x48, 0x62, 0xD4, 0x76, 0x16, 0xF8, 0xD1, 0x39,
    0xC6, 0x76, 0x9B, 0x65, 0xC7, 0x08, 0x82, 0xF3, 0xF4, 0xE8, 0x06, 0x87, 0xCA, 0x5F, 0xB0, 0x8C,
    0xBC, 0x27, 0x9D, 0x3D, 0x9A, 0x8C, 0xCD, 0xEA, 0x85, 0x71, 0xBB, 0xEF, 0xD5, 0xF1, 0x15, 0x2E,
    0x31, 0x08, 0xAD, 0x0A, 0x99, 0x76, 0x26, 0x7A, 0xC1, 0xAB, 0xCA, 0x17, 0x5D, 0xBE, 0x74, 0x6C,
    0x51, 0xE4, 0x41, 0xCB, 0x6F, 0xDA, 0xD8, 0x1B, 0xDB, 0x0C, 0x15, 0x62, 0x73, 0xFC, 0x38, 0x89,
    0xFB, 0xE1, 0xAD, 0x25, 0x36, 0x5D, 0x09, 0x16, 0x2A, 0x7B, 0x6B, 0x00, 0x89, 0xBD, 0x4C, 0x25,
    0xE9, 0x6E, 0xAC, 0xEA, 0xD7, 0x0B, 0xEA, 0x65, 0x63, 0xD0, 0xD2, 0xD9, 0xDE, 0x50, 0x11, 0xEC,
    0xFD, 0x6A, 0x7C, 0x30, 0x1C, 0x78, 0x73, 0xB7, 0xE0, 0x67, 0x46, 0x1E, 0x64, 0x41, 0xCB, 0x4B,
    0xCF, 0x84, 0xAA, 0xE6, 0x48, 0x5C, 0x75, 0x24, 0x59, 0x77, 0x94, 0x95, 0x47, 0xBD, 0x59, 0x6A,
    0x0E, 0xDF, 0x58, 0x87, 0xB9, 0xF6, 0x89, 0x31, 0x4E, 0xDD, 0x51, 0x79, 0xBC, 0x8D, 0x73, 0x36,
    0xE7, 0x0C, 0xD5, 0x1B, 0x4C, 0xA7, 0xD2, 0x29, 0xDE, 0x5C, 0x45, 0xFF, 0xE1, 0xF6, 0xA7, 0x9C,
    0x48, 0x77, 0xF3, 0xE8, 0xE1, 0x9A, 0xD3, 0x28, 0x6C, 0x2C, 0x9C, 0x27, 0x64, 0x7F, 0x59, 0x50,
    0xCD, 0x68, 0x0D, 0xC5, 0x21, 0xFF, 0x07, 0x95, 0x57, 0x3F, 0x6C, 0x64, 0x47, 0x19, 0xFF, 0xDE,
    0xBE, 0xB5, 0x1F, 0xDC, 0x13, 0x9E, 0x2B, 0x2E, 0x28, 0x0A, 0xB9, 0x7D, 0x14, 0x20, 0x1D, 0xD6,
    0xDA, 0x2F, 0x45, 0x90, 0x5C, 0xEC, 0xEE, 0x4C, 0x4C, 0x71, 0xC5, 0x15, 0x5C, 0x11, 0x4B, 0x48,
    0x14, 0x5C, 0x41, 0x03, 0x48, 0xB8, 0x49, 0x61, 0x21, 0x5F, 0xDE, 0x90, 0x2B, 0xAE, 0x48, 0xE1,
    0xAD, 0x91, 0xA2, 0xAC, 0x44, 0x0A, 0x70, 0x04, 0x77, 0x45, 0x0A, 0x04, 0xB6, 0xDF, 0x70, 0x57,
    0x52, 0xE4, 0x5D, 0x84, 0x44, 0x05, 0x79, 0xC0, 0x89, 0x06, 0x9D, 0x32, 0x88, 0x8D, 0xB4, 0x46,
    0x6F, 0x77, 0xF8, 0x7D, 0xF3, 0x76, 0xED, 0xB5, 0x9D, 0x9C, 0x37, 0xF3, 0x7F, 0xBE, 0xF9, 0x66,
    0xE6, 0xFB, 0x3F, 0xEF, 0xDD, 0x1E, 0x5C, 0x48, 0x44, 0x74, 0xA7, 0xBF, 0xAA, 0x05, 0xA5, 0xFA,
    0xC7, 0xFD, 0x2B, 0xF4, 0xBC, 0xCC, 0x29, 0x54, 0x54, 0xE4, 0x76, 0x50, 0xFC, 0x92, 0x06, 0xCF,
    0xCD, 0x9C, 0x22, 0x7A, 0x99, 0xE4, 0xE8, 0xE5, 0x1B, 0xD1, 0x0D, 0x7A, 0x7E, 0x46, 0xCA, 0xAA,
    0xAC, 0x5A, 0xFD, 0xD5, 0xAC, 0x77, 0xCE, 0xE5, 0x6E, 0xB2, 0xBA, 0xBF, 0xDF, 0x97, 0xCE, 0x95,
    0xBC, 0x8E, 0x31, 0xD2, 0x00, 0x53, 0x24, 0x4B, 0x75, 0x7A, 0x61, 0x8B, 0xD3, 0xED, 0xB3, 0xC0,
    0x8D, 0xF6, 0x17, 0xCD, 0x2F, 0x6C, 0xBD, 0x2E, 0xDD, 0xD8, 0x9F, 0x37, 0x1D, 0x04, 0x5A, 0xE8,
    0x0E, 0xED, 0xD0, 0x11, 0xE5, 0x2A, 0x53, 0x2D, 0x5A, 0xA3, 0x4C, 0x65, 0x3A, 0xD5, 0xB1, 0x12,
    0x74, 0x40, 0xFD, 0x0B, 0xF3, 0x16, 0xE6, 0xB9, 0x3A, 0xC2, 0x8E, 0x0E, 0x09, 0x1D, 0x20, 0xDF,
    0x11, 0x6F, 0x95, 0x9D, 0x58, 0xED, 0x08, 0x3A, 0x4A, 0x4C, 0xFE, 0x83, 0x32, 0xFB, 0x6E, 0xD9,
    0x5A, 0xD6, 0x6B, 0xB1, 0xC6, 0x20, 0xDB, 0xB3, 0xE9, 0x7D, 0x1B, 0x6F, 0x96, 0x22, 0x34, 0x07,
    0x09, 0xF5, 0xAF, 0xD1, 0x29, 0xFC, 0xED, 0x13, 0xB8, 0x02, 0xBC, 0x15, 0x31, 0x1C, 0xDB, 0x71,
    0x08, 0x8E, 0xC2, 0x81, 0xE2, 0x2D, 0x1B, 0xE8, 0xAF, 0xD3, 0x5D, 0xE2, 0xD2, 0x99, 0x16, 0x79,
    0x54, 0x49, 0x57, 0x7D, 0xB3, 0xF3, 0x3D, 0x06, 0x1E, 0xF9, 0x72, 0x78, 0x06, 0x61, 0x5A, 0x36,
    0x88, 0x85, 0x8D, 0xF2, 0x8D, 0xD3, 0x55, 0xEC, 0xC2, 0x5E, 0x9C, 0xC0, 0xD3, 0x7A, 0x7B, 0x67,
    0x86, 0xD6, 0xF1, 0xD3, 0xBB, 0x74, 0xB5, 0xD3, 0x64, 0x1C, 0x57, 0x61, 0x30, 0x45, 0xBB, 0x4B,
    0x71, 0x29, 0xAB, 0x6C, 0x9C, 0x4F, 0xF2, 0x49, 0x36, 0x96, 0x95, 0x80, 0xF8, 0x6F, 0xFB, 0x95,
    0xAC, 0xA0, 0x6C, 0x4C, 0xD9, 0x84, 0xB2, 0x92, 0xDE, 0x84, 0x71, 0x79, 0xA5, 0xAC, 0x53, 0xA6,
    0x33, 0x2D, 0x15, 0x8F, 0x7E, 0x97, 0xFD, 0x7C, 0x82, 0x22, 0x15, 0x4B, 0xBA, 0x05, 0xC0, 0x8F,
    0x48, 0xEA, 0x5C, 0x39, 0x92, 0xC6, 0xB7, 0x2A, 0xE3, 0x5B, 0xCF, 0x6D, 0x23, 0xCA, 0x87, 0x03,
    0x1A, 0x2C, 0x60, 0x75, 0xD9, 0x88, 0x6E, 0xD0, 0x02, 0x16, 0xE7, 0xEC, 0x2C, 0x5F, 0x6E, 0xF5,
    0xAE, 0x34, 0xC4, 0x79, 0x11, 0xDC, 0xDC, 0xD2, 0x2B, 0x9C, 0x17, 0xC1, 0xAD, 0x53, 0x38, 0xA1,
    0x88, 0x59, 0x14, 0x7B, 0x46, 0xF0, 0x3C, 0x8D, 0x8A, 0x35, 0xEE, 0x65, 0x58, 0x76, 0xB8, 0xEF,
    0x85, 0xF6, 0x8D, 0x69, 0x6F, 0xEB, 0xFE, 0x3F, 0x45, 0xBD, 0xFE, 0xCF, 0x47, 0xC7, 0x94, 0xF6,
    0xD3, 0xE8, 0x2F, 0x7B, 0x1F, 0xEB, 0xF1, 0x48, 0xBC, 0xBB, 0x97, 0x46, 0x7F, 0xB4, 0x77, 0x1B,
    0x93, 0x16, 0x96, 0x6C, 0x0F, 0x0A, 0xEC, 0xA1, 0x97, 0x44, 0x3B, 0xBD, 0xF0, 0xBF, 0x25, 0x7A,
    0x5B, 0xF7, 0x41, 0xD9, 0xF3, 0xEB, 0xA1, 0x49, 0xA3, 0x8F, 0x6C, 0x97, 0x22, 0x9D, 0xDC, 0x32,
    0xC3, 0x03, 0x12, 0x14, 0x41, 0x6D, 0x96, 0x2E, 0xA6, 0x19, 0x89, 0x73, 0x54, 0xCE, 0x11, 0x3A,
    0x47, 0xEB, 0x1C, 0xB9, 0x73, 0x14, 0xCF, 0x11, 0x7D, 0x42, 0xF7, 0xD7, 0x8A, 0xE0, 0x88, 0x6A,
    0xD2, 0x0F, 0xAB, 0xE8, 0xDF, 0xA6, 0xA6, 0x7E, 0xD8, 0x15, 0xF7, 0xAC, 0x67, 0xE0, 0x1F, 0x56,
    0x26, 0x9B, 0x76, 0xC6, 0x43, 0xFA, 0xDA, 0xB0, 0x66, 0x03, 0xC3, 0x60, 0x58, 0x73, 0x52, 0x0F,
    0x99, 0x99, 0x29, 0x2E, 0xF3, 0xF3, 0xC4, 0xF6, 0xE0, 0x23, 0x35, 0x4B, 0xA3, 0xDD, 0xF8, 0x71,
    0x51, 0x73, 0x25, 0x87, 0x0D, 0xA7, 0xE6, 0x18, 0x4A, 0x8A, 0xD4, 0x48, 0x2D, 0xA9, 0x4B, 0xBB,
    0x3C, 0x7B, 0x32, 0x4E, 0x1F, 0x55, 0xF2, 0xDE, 0x48, 0x86, 0xB6, 0x1B, 0x16, 0xBB, 0x91, 0xA9,
    0x81, 0xC0, 0x7A, 0x54, 0x01, 0x11, 0x0B, 0x1A, 0x4B, 0x40, 0x0F, 0x0B, 0xEC, 0x88, 0xCC, 0xEE,
    0x94, 0x13, 0x2D, 0x8D, 0x30, 0x71, 0x11, 0x96, 0x0D, 0x44, 0x29, 0x46, 0x7B, 0x5C, 0x09, 0x53,
    0xC5, 0xC5, 0x61, 0x58, 0xF6, 0x1A, 0xE5, 0x3A, 0xD5, 0x40, 0x0D, 0x30, 0x23, 0x56, 0x8C, 0x7B,
    0xC8, 0xE8, 0x3D, 0xDE, 0xB1, 0xDE, 0x28, 0x4F, 0xE8, 0xA9, 0x28, 0x18, 0x53, 0xF8, 0x09, 0x45,
    0x1F, 0x2A, 0x71, 0xD3, 0x24, 0x61, 0xD9, 0x0D, 0x2C, 0x0D, 0x1A, 0x65, 0x6C, 0x12, 0x50, 0x99,
    0xC1, 0x2B, 0x84, 0x09, 0x0B, 0xB2, 0x74, 0x75, 0x03, 0xD1, 0x47, 0x28, 0x1C, 0x62, 0x43, 0x1B,
    0x95, 0xC2, 0x24, 0xF0, 0xC8, 0xAB, 0x38, 0xE1, 0x03, 0x88, 0xAA, 0x51, 0x35, 0x8A, 0xB4, 0x51,
    0xC5, 0x26, 0x36, 0xA3, 0x94, 0x1A, 0x16, 0xC1, 0x89, 0x0E, 0xD0, 0x51, 0x1A, 0x1B, 0x5A, 0x8F,
    0x3F, 0x89, 0x8A, 0x6C, 0x13, 0xAE, 0xEA, 0x1B, 0xC9, 0x53, 0xBF, 0xE0, 0x51, 0x3C, 0x72, 0x6C,
    0x3E, 0x48, 0xC9, 0x1F, 0xE0, 0x8F, 0x22, 0x1A, 0x91, 0xCA, 0x1E, 0x57, 0x28, 0xF2, 0x9E, 0x2F,
    0xDF, 0x19, 0xC9, 0xCD, 0x51, 0xBA, 0x39, 0x84, 0xE0, 0x93, 0xC0, 0x26, 0xC4, 0x65, 0x85, 0x6C,
    0x93, 0x7D, 0x9F, 0x5A, 0xC1, 0x7B, 0x8C, 0x03, 0xE4, 0xCD, 0xD1, 0x94, 0xAD, 0x65, 0x37, 0xA2,
    0xF4, 0xD3, 0x5C, 0x49, 0x93, 0x14, 0xF2, 0x17, 0x7B, 0x76, 0x29, 0xFD, 0xD0, 0x52, 0xC2, 0xF5,
    0xDD, 0x92, 0x92, 0xCC, 0x90, 0x98, 0xC0, 0xA2, 0x20, 0x06, 0x01, 0xE5, 0xB0, 0x59, 0x05, 0xD3,
    0x8D, 0x2D, 0x16, 0x9D, 0x99, 0x56, 0x3D, 0x8B, 0xF6, 0x0A, 0xA1, 0x5E, 0x33, 0xB3, 0x4D, 0x36,
    0xB6, 0x0E, 0x36, 0x05, 0x36, 0x9C, 0x6C, 0xE5, 0x86, 0xB6, 0xDD, 0x31, 0x20, 0xD7, 0xF8, 0x84,
    0xFD, 0xF7, 0x38, 0x0A, 0x38, 0x57, 0xC0, 0x6A, 0xB7, 0x7E, 0x52, 0xF9, 0xA3, 0x53, 0xEF, 0xF3,
    0x21, 0x0E, 0x7A, 0x95, 0xE8, 0x21, 0x51, 0x41, 0x0D, 0xC3, 0x6F, 0x59, 0x4C, 0xB4, 0x42, 0xD4,
    0xF6, 0xA1, 0x11, 0xB2, 0x7A, 0x46, 0x8D, 0x3F, 0x51, 0x78, 0x53, 0xC5, 0xA1, 0xF9, 0x4A, 0x50,
    0xB4, 0xC9, 0x6E, 0xD0, 0x1B, 0x0F, 0x39, 0xE2, 0x85, 0xB5, 0x19, 0x6F, 0x96, 0x6C, 0x43, 0xC1,
    0xDF, 0x3F, 0x62, 0xFB, 0x68, 0x8C, 0x3F, 0xF6, 0xFA, 0xDB, 0x9E, 0xA8, 0xD3, 0xAE, 0x71, 0x5C,
    0x03, 0x9F, 0x78, 0x14, 0xAA, 0x35, 0x0C, 0x53, 0x48, 0xD0, 0x75, 0x61, 0x53, 0x44, 0xD7, 0xDB,
    0xED, 0x95, 0x95, 0xEB, 0x24, 0xDF, 0x19, 0x27, 0x7F, 0xCD, 0x29, 0x76, 0x4F, 0x97, 0x41, 0xFA,
    0xB2, 0xEB, 0x07, 0xF9, 0x53, 0x92, 0xCF, 0xC6, 0xC9, 0xDF, 0x1C, 0xB5, 0xDA, 0x1D, 0xB1, 0x02,
    0xCF, 0xEA, 0x36, 0x9B, 0xBC, 0xAF, 0xC7, 0xF4, 0x53, 0x5E, 0x39, 0x9F, 0xF9, 0x40, 0x50, 0xB4,
    0x03, 0x1F, 0x80, 0xED, 0xC3, 0xE6, 0x61, 0xEB, 0x2C, 0xBA, 0xD6, 0x25, 0xE0, 0x7C, 0x9C, 0xFF,
    0x39, 0x57, 0xE7, 0xF2, 0xAF, 0x01, 0x3D, 0x0F, 0x33, 0x39, 0x02, 0xB3, 0x74, 0x5F, 0x75, 0x74,
    0x2E, 0xAF, 0x3A, 0x79, 0x01, 0xD6, 0x60, 0xD8, 0x2C, 0x45, 0xAE, 0x08, 0xDC, 0x90, 0xD2, 0x7F,
    0x55, 0xF1, 0x31, 0x87, 0x73, 0x27, 0x4A, 0x09, 0x2F, 0xCB, 0x05, 0x9C, 0x6D, 0x49, 0xE5, 0xAF,
    0xA9, 0x14, 0x26, 0x05, 0x37, 0x64, 0xA5, 0x3A, 0xAF, 0xDB, 0xC6, 0xD8, 0x03, 0xE2, 0xA1, 0x1F,
    0x41, 0xD1, 0xA2, 0xF0, 0x72, 0x12, 0x35, 0x93, 0xDC, 0x35, 0x89, 0x96, 0x4E, 0xFD, 0x16, 0x52,
    0x79, 0x49, 0xCD, 0x76, 0xCF, 0x3A, 0x3C, 0x17, 0xA9, 0x3E, 0x13, 0xAF, 0x40, 0x49, 0x3C, 0x64,
    0x3A, 0x86, 0xA0, 0x02, 0x8D, 0xCE, 0x23, 0x0B, 0x0A, 0x6E, 0x42, 0x8D, 0xCE, 0x37, 0x50, 0x68,
    0x63, 0x1C, 0x96, 0xB8, 0x19, 0x8D, 0xD4, 0x68, 0xBA, 0x04, 0x83, 0xEF, 0x70, 0x83, 0x1B, 0xD5,
    0xEC, 0x36, 0x28, 0xD0, 0x31, 0x79, 0xBE, 0x39, 0xA2, 0x68, 0x2E, 0x38, 0x66, 0x26, 0x1F, 0x51,
    0xF6, 0x78, 0x9C, 0x6B, 0xF9, 0xF6, 0x10, 0xE6, 0x7D, 0xDF, 0x82, 0x5D, 0x75, 0x07, 0x9E, 0xA5,
    0x28, 0x29, 0x53, 0x45, 0x69, 0x91, 0x32, 0x7D, 0x09, 0x05, 0x13, 0x28, 0x1E, 0xFB, 0xD1, 0x18,
    0xD8, 0x1B, 0x14, 0xD3, 0x9C, 0x33, 0xF4, 0x58, 0x83, 0x80, 0xA4, 0x64, 0xCC, 0xD2, 0xFB, 0xF9,
    0xE9, 0x15, 0xBF, 0xDF, 0x7A, 0x9F, 0xF0, 0x69, 0xE3, 0x2B, 0x2C, 0x9A, 0x12, 0xF7, 0xDB, 0x5A,
    0x06, 0xD4, 0x99, 0xD6, 0x9D, 0xDA, 0xF3, 0xC9, 0xD6, 0x15, 0x9A, 0x67, 0x0E, 0x58, 0xFD, 0xBE,
    0xE2, 0x2A, 0x6F, 0xFF, 0x90, 0xA0, 0x73, 0x13, 0xDA, 0x7E, 0xE0, 0x4C, 0x1C, 0x43, 0x36, 0xB1,
    0x2B, 0xE7, 0x2A, 0xCF, 0x19, 0xAE, 0xE2, 0xF8, 0x75, 0x8A, 0xE1, 0x13, 0x97, 0x55, 0x81, 0xFA,
    0x20, 0x86, 0x68, 0xC0, 0xD4, 0xF2, 0xFE, 0xBE, 0x4E, 0xE1, 0x96, 0x79, 0xD5, 0x21, 0x77, 0xAE,
    0x66, 0x55, 0x17, 0x34, 0xC3, 0x13, 0xE1, 0xBA, 0xFB, 0xF0, 0xCB, 0x07, 0x0E, 0x77, 0x44, 0xB8,
    0x8B, 0xF5, 0x73, 0x5A, 0x8D, 0xB8, 0xE5, 0x0C, 0xD3, 0x87, 0x8F, 0xB9, 0xFA, 0xB1, 0xA0, 0x66,
    0xB7, 0xB9, 0xDE, 0xEE, 0xC8, 0x67, 0x13, 0x78, 0xC6, 0xB2, 0x7B, 0x2A, 0x7F, 0x33, 0xBE, 0xDE,
    0xEE, 0xB0, 0x65, 0xF4, 0xE8, 0x25, 0x1F, 0x76, 0xA5, 0x9E, 0xB3, 0x0A, 0x3C, 0xA7, 0x80, 0x18,
    0x09, 0x91, 0x5C, 0x67, 0x19, 0x4F, 0x8D, 0x61, 0x1B, 0xA6, 0x15, 0x4D, 0xDE, 0x87, 0xE0, 0x35,
    0x3E, 0x45, 0xD8, 0xAC, 0xD4, 0x0F, 0x21, 0x1F, 0x4D, 0x0B, 0x26, 0x8F, 0x8C, 0x50, 0x2F, 0x74,
    0xA2, 0x70, 0x40, 0x74, 0xFC, 0x7D, 0xC4, 0xB5, 0xDC, 0xCD, 0xED, 0x7F, 0x2E, 0xA1, 0x97, 0x22,
    0xA4, 0xA1, 0xCE, 0xEE, 0xAB, 0x6C, 0x8F, 0x64, 0xED, 0xA8, 0xED, 0x99, 0xAF, 0x3E, 0x9C, 0x7A,
    0x31, 0x07, 0x29, 0xEF, 0xC8, 0xF1, 0x2D, 0x2D, 0x92, 0xA2, 0x95, 0x96, 0x6B, 0xDE, 0x3C, 0x02,
    0xE4, 0xB4, 0x14, 0xF4, 0x66, 0x25, 0xE8, 0xA1, 0xFC, 0x29, 0xD9, 0xB8, 0x42, 0x04, 0x86, 0xEC,
    0x82, 0x2D, 0xC5, 0xB1, 0x6F, 0x0C, 0x5A, 0xB7, 0xB6, 0x0B, 0x0E, 0x1E, 0x43, 0x44, 0x36, 0x3E,
    0x98, 0xD3, 0x0D, 0x6A, 0xEE, 0xD2, 0xFA, 0x86, 0x4D, 0x7E, 0x66, 0x43, 0xA7, 0xFF, 0xE7, 0x0E,
    0x9D, 0x1B, 0xE3, 0x59, 0x14, 0x7F, 0x28, 0x7B, 0x1B, 0xC3, 0x2F, 0xED, 0xDE, 0xF6, 0xD6, 0x74,
    0xE5, 0x5C, 0xE4, 0x5D, 0x82, 0xC0, 0xEB, 0xD1, 0x29, 0x84, 0x13, 0xBB, 0xE1, 0x0C, 0xAF, 0xF6,
    0x3E, 0x7E, 0x30, 0xFD, 0x43, 0x3A, 0x7D, 0x4B, 0xFD, 0x73, 0x5A, 0xBF, 0xA8, 0xF5, 0xA3, 0x5A,
    0xBF, 0xAB, 0x9C, 0x82, 0x3E, 0x3B, 0xE9, 0x90, 0x9B, 0xD1, 0x6C, 0xC4, 0xF4, 0xE3, 0xAA, 0x6F,
    0xF1, 0x1D, 0x39, 0x1F, 0x8B, 0x67, 0x43, 0xE3, 0xE9, 0x6B, 0xFA, 0x18, 0xE0, 0x23, 0xE9, 0xE9,
    0x8E, 0x70, 0xE6, 0x88, 0x20, 0xE6, 0xC5, 0xB3, 0x3B, 0x72, 0x86, 0x5D, 0xBB, 0x70, 0x47, 0xE8,
    0xEF, 0x50, 0x5E, 0xD0, 0x6B, 0x27, 0x3B, 0x9C, 0x82, 0xB7, 0x66, 0x33, 0x75, 0xA6, 0x8A, 0xCD,
    0x28, 0xFD, 0x4C, 0x63, 0x68, 0xD5, 0x66, 0x77, 0xF2, 0x11, 0xE1, 0x29, 0xA8, 0xA9, 0x1F, 0x9D,
    0x44, 0xFA, 0x33, 0x09, 0x21, 0xA0, 0x37, 0xA5, 0x8A, 0x1B, 0x3F, 0x3D, 0x9F, 0x3E, 0x8F, 0xAD,
    0xAB, 0x4B, 0x01, 0x55, 0x2B, 0x71, 0x31, 0x5E, 0x11, 0xC5, 0xC1, 0x4A, 0xC4, 0x61, 0xC3, 0x3F,
    0x55, 0xFB, 0x0F, 0xF6, 0xFB, 0x8E, 0x3D, 0xAA, 0x55, 0xCF, 0xAF, 0xAD, 0x04, 0xEA, 0x0C, 0xDE,
    0x39, 0x1E, 0xA6, 0x33, 0x75, 0x91, 0x07, 0xAC, 0x68, 0xA9, 0xBD, 0xB6, 0xFD, 0x68, 0x09, 0x62,
    0xE3, 0x5E, 0xAA, 0x26, 0x7D, 0x79, 0x3A, 0xF2, 0xDF, 0xB3, 0x65, 0xFD, 0xBD, 0xBA, 0xD0, 0x77,
    0xB2, 0x35, 0xAF, 0x70, 0x5E, 0xE8, 0x3B, 0x19, 0x6F, 0x43, 0x82, 0xFF, 0xA7, 0x2B, 0x74, 0x39,
    0xEE, 0x12, 0xF1, 0xFF, 0x29, 0xFE, 0x0F, 0xCA, 0xCB, 0x71, 0x05, 0x7D, 0xDB, 0x0C, 0x06, 0xAB,
    0x7A, 0x91, 0x73, 0x8F, 0x68, 0x51, 0xDE, 0xFE, 0x0F, 0xED, 0x54, 0x31, 0x6C, 0xD3, 0x40, 0x14,
    0x7D, 0x67, 0x2B, 0xB1, 0xA8, 0x81, 0xEB, 0x50, 0x4B, 0x20, 0x51, 0x7D, 0xC6, 0x0E, 0x90, 0x63,
    0x60, 0x00, 0x29, 0x3E, 0x1F, 0x42, 0xA8, 0x03, 0x4B, 0x86, 0x7A, 0xEE, 0xC0, 0x44, 0x97, 0x32,
    0x56, 0xA8, 0x89, 0x4F, 0x62, 0x60, 0xCD, 0xC4, 0x9C, 0xA1, 0x13, 0x0C, 0x61, 0x60, 0x88, 0x44,
    0x45, 0x4E, 0x62, 0x60, 0x3D, 0x89, 0x91, 0xA1, 0x1E, 0xD8, 0x9B, 0x21, 0xA0, 0x0C, 0x4D, 0xCD,
    0x37, 0x4D, 0x5B, 0x2A, 0x84, 0x84, 0x98, 0xF1, 0x7F, 0xB6, 0xEE, 0xFE, 0xFF, 0xFE, 0xF7, 0xFE,
    0x7F, 0x96, 0xC5, 0x1E, 0x64, 0x85, 0x4C, 0x5A, 0x1D, 0xBB, 0x5E, 0xEC, 0xCF, 0xC0, 0x5B, 0x25,
    0x2D, 0x87, 0xC4, 0x06, 0x96, 0xA0, 0xD0, 0x00, 0x50, 0x80, 0xCE, 0x4C, 0x99, 0xB1, 0x47, 0x02,
    0xF4, 0x80, 0x63, 0x84, 0x1F, 0x10, 0x69, 0x5C, 0xD6, 0xB8, 0xAB, 0x31, 0xAE, 0xCA, 0xA4, 0x30,
    0xD0, 0x10, 0x95, 0x43, 0x6E, 0x1A, 0x39, 0xA8, 0x62, 0x98, 0x1B, 0x01, 0xD6, 0x00, 0x75, 0x8C,
    0x15, 0x65, 0x21, 0xDD, 0x9A, 0x74, 0x6D, 0xB2, 0xD9, 0x31, 0x1A, 0x1D, 0x88, 0x3D, 0xEA, 0xB6,
    0x57, 0x47, 0x98, 0x9A, 0xEA, 0x68, 0xDA, 0x9A, 0xD2, 0x88, 0x76, 0x5B, 0x6A, 0x5F, 0x74, 0x92,
    0xDC, 0x64, 0x95, 0x63, 0xDC, 0x09, 0xCD, 0xB2, 0x04, 0x56, 0x81, 0x36, 0xB0, 0x03, 0x4C, 0x10,
    0x94, 0x08, 0x3D, 0x84, 0xE1, 0x77, 0x41, 0x43, 0x93, 0xC5, 0x8E, 0xA1, 0x0E, 0x4C, 0x3C, 0x47,
    0x5C, 0x59, 0x2D, 0x7D, 0x37, 0xF2, 0x3A, 0x72, 0x7C, 0x2E, 0xF3, 0x6F, 0xF6, 0xF5, 0x68, 0x94,
    0x4E, 0xD5, 0x8C, 0xF6, 0x55, 0x76, 0xC8, 0xE4, 0x6F, 0x0F, 0xDA, 0xCF, 0x27, 0x0D, 0x83, 0x41,
    0x5D, 0x8A, 0x91, 0x7C, 0x33, 0x45, 0xE5, 0xF9, 0x79, 0xB2, 0x65, 0x3F, 0x1F, 0x5D, 0x7B, 0x72,
    0x53, 0xB7, 0x7D, 0xBA, 0x38, 0x71, 0xE2, 0xE7, 0xF5, 0x36, 0x72, 0xD2, 0x68, 0xA4, 0xE8, 0x2E,
    0x2C, 0xE5, 0x96, 0x15, 0xA4, 0x0D, 0x26, 0x58, 0x06, 0xDE, 0xF1, 0x4E, 0xDA, 0xC8, 0x85, 0x3E,
    0x2C, 0x17, 0xE6, 0x23, 0x17, 0x5B, 0x62, 0xFA, 0x5C, 0x2A, 0x41, 0x31, 0xB6, 0xF4, 0xD2, 0x51,
    0xE8, 0xCF, 0xA0, 0x42, 0x3F, 0xFE, 0x3C, 0x15, 0x7F, 0xA1, 0x87, 0x30, 0xB1, 0x7F, 0xEF, 0x9F,
    0xF8, 0xF0, 0x17, 0x2B, 0xE6, 0xC9, 0x46, 0xC0, 0xB3, 0x18, 0x43, 0x4B, 0xB3, 0x2A, 0x0D, 0x77,
    0xC9, 0x94, 0x98, 0x47, 0xE0, 0x21, 0xE1, 0xF4, 0x9B, 0x7A, 0x8E, 0xDC, 0x80, 0x38, 0xCD, 0xB9,
    0xC6, 0x39, 0x0A, 0xE1, 0x0C, 0x62, 0x1B, 0xAC, 0xC7, 0xCD, 0xD8, 0xDD, 0x93, 0x0B, 0x3D, 0xFE,
    0xEB, 0xFA, 0x8F, 0xBA, 0x2E, 0xCD, 0xA0, 0x14, 0x2E, 0x51, 0x3D, 0x53, 0x35, 0x44, 0x4A, 0x35,
    0xB2, 0xA1, 0x6D, 0x3E, 0x32, 0xCD, 0x19, 0x68, 0x13, 0x29, 0xD7, 0xDE, 0xB4, 0xFA, 0xB5, 0x61,
    0x69, 0xB4, 0x80, 0x3C, 0xAC, 0xFB, 0xAC, 0x43, 0xD2, 0xA4, 0xB1, 0x4B, 0xA3, 0x05, 0x58, 0x6C,
    0x39, 0xAC, 0x43, 0x5B, 0xAF, 0x06, 0xF4, 0xD1, 0x45, 0x9F, 0x10, 0x1C, 0x01, 0x47, 0x08, 0x7B,
    0xB8, 0x2A, 0x6D, 0x8F, 0xCA, 0x3C, 0xE9, 0xC4, 0x5F, 0x71, 0xBF, 0x87, 0x65, 0x32, 0xCC, 0x27,
    0xAB, 0x2C, 0x57, 0x4E, 0x25, 0xA8, 0x0B, 0xD1, 0xC7, 0x18, 0xB5, 0xFA, 0x35, 0x5A, 0xA0, 0x03,
    0x47, 0xEB, 0x17, 0xBE, 0xB3, 0xE2, 0x45, 0x99, 0x3F, 0xE8, 0x9C, 0xE7, 0x2C, 0xF5, 0x89, 0xF9,
    0x5F, 0x01, 0xED, 0x80, 0xE6, 0x20, 0xC5, 0x64, 0x5C, 0xF1, 0xB2, 0xCC, 0x0D, 0xE7, 0xD0, 0x6F,
    0x56, 0xD8, 0xDC, 0x6C, 0xB5, 0x1E, 0x7B, 0x75, 0xF0, 0x7D, 0x42, 0xEB, 0x7E, 0xCA, 0x05, 0x2F,
    0xDC, 0x5C, 0x7D, 0xCE, 0xE5, 0x37, 0xB6, 0x5A, 0x50, 0x7F, 0x38, 0xFA, 0x29, 0x87, 0xBE, 0x38,
    0x7A, 0xC8, 0x9E, 0x72, 0x01, 0x5E, 0x1F, 0x3A, 0xBA, 0x5E, 0xF3, 0x51, 0x00, 0xFF, 0x59, 0xE2,
    0xB2, 0xDD, 0xDE, 0x5D, 0xC9, 0xFA, 0x34, 0xC3, 0xFE, 0xB3, 0x5B, 0xDD, 0x9D, 0x66, 0x27, 0x40,
    0x8C, 0xED, 0xC1, 0x76, 0xE7, 0x9C, 0x8A, 0x2C, 0x45, 0xFF, 0x07, 0x85, 0x56, 0x41, 0x8C, 0xDE,
    0x46, 0x15, 0x7E, 0xB6, 0x9B, 0x5A, 0xD4, 0x0A, 0x13, 0x24, 0x16, 0x55, 0xFD, 0x1B, 0x2C, 0x24,
    0x0E, 0x28, 0xAC, 0x30, 0x12, 0x1C, 0x82, 0x94, 0x64, 0x9C, 0xF6, 0x80, 0x84, 0x28, 0xAC, 0x04,
    0xAB, 0x1C, 0xF7, 0xDE, 0x04, 0xFD, 0x2B, 0x1A, 0xA9, 0x1C, 0x16, 0x6C, 0xD4, 0x03, 0xDC, 0xB2,
    0x52, 0xC5, 0xAD, 0x87, 0x1E, 0x38, 0xC0, 0x5F, 0xD0, 0xAE, 0xAA, 0x22, 0xE5, 0xD0, 0x74, 0x26,
    0x70, 0xC8, 0x31, 0x93, 0xFE, 0x14, 0x0E, 0x08, 0x61, 0x25, 0x4B, 0x0F, 0x3D, 0x90, 0xA1, 0xF5,
    0xB2, 0xFE, 0xB3, 0xB6, 0x1F, 0xDF, 0xB3, 0xF7, 0xDF, 0xB0, 0x88, 0x52, 0x5B, 0xEF, 0xCD, 0x78,
    0x66, 0x3C, 0xF3, 0xE6, 0xBD, 0xEF, 0x7D, 0x33, 0x44, 0xF2, 0x98, 0x86, 0x28, 0xDE, 0x37, 0x44,
    0xCA, 0x6A, 0xA2, 0xAC, 0xFC, 0x22, 0x91, 0xCE, 0xD1, 0xAE, 0x2F, 0xAF, 0xAF, 0xAF, 0xE9, 0xE7,
    0x98, 0x2B, 0x9D, 0xEB, 0xCB, 0x55, 0x56, 0xEA, 0xBC, 0x52, 0x0E, 0x5D, 0xF1, 0xA2, 0x40, 0xBF,
    0x61, 0x86, 0x2E, 0x86, 0x91, 0xA3, 0x3A, 0x23, 0xEA, 0x2D, 0xB4, 0xFD, 0xC2, 0x53, 0xC4, 0xEC,
    0x89, 0xE6, 0xE8, 0xB8, 0x43, 0x34, 0xE1, 0x3C, 0xC4, 0x77, 0x72, 0x70, 0xA3, 0xC9, 0xE6, 0xDF,
    0x69, 0xF4, 0x9D, 0xB3, 0xBE, 0xF8, 0xD9, 0x2A, 0x99, 0x6F, 0x9D, 0x27, 0x7E, 0xE1, 0xEB, 0xC4,
    0xDF, 0xFE, 0x2A, 0x99, 0xD7, 0x36, 0xA9, 0xF8, 0xCD, 0xEB, 0xA4, 0x9B, 0x8A, 0xB2, 0xDA, 0x7D,
    0x49, 0xF5, 0xB7, 0x6B, 0xFC, 0x53, 0x91, 0xE9, 0x73, 0x7A, 0x80, 0x69, 0xE6, 0x58, 0xE2, 0x32,
    0x8D, 0x4F, 0xC6, 0x65, 0xD0, 0xEF, 0xF8, 0xC4, 0x47, 0x4D, 0xEA, 0xC2, 0x46, 0xDB, 0xA0, 0xD2,
    0x25, 0xD6, 0x85, 0x98, 0x1B, 0x73, 0x6F, 0xBE, 0xC9, 0x8D, 0x79, 0xBE, 0x6E, 0xCC, 0x2B, 0x7E,
    0xAD, 0x78, 0xC5, 0x53, 0xF1, 0x07, 0x4F, 0x1A, 0x92, 0x3E, 0xF0, 0x4F, 0x27, 0x87, 0xFE, 0xA6,
    0xD8, 0x42, 0x05, 0x97, 0x32, 0x95, 0x66, 0x76, 0x93, 0x7E, 0xC7, 0x45, 0x6D, 0x08, 0x09, 0x20,
    0x24, 0x42, 0xC7, 0xC2, 0x3D, 0x45, 0xFD, 0xAF, 0x8F, 0xBF, 0x35, 0x7E, 0xFD, 0x72, 0xFF, 0xFA,
    0xF1, 0xF7, 0x04, 0xE6, 0x69, 0x98, 0x39, 0x3C, 0x45, 0x47, 0x61, 0x67, 0xF2, 0xD8, 0xEB, 0x32,
    0x81, 0xBF, 0x54, 0x75, 0x96, 0x12, 0x74, 0xC5, 0xF0, 0x44, 0x5C, 0xA3, 0x9B, 0x5B, 0xFA, 0x5C,
    0xF7, 0x7D, 0xA2, 0x76, 0xAC, 0xAF, 0x48, 0x1D, 0xED, 0xD1, 0x1E, 0xAD, 0x29, 0x7E, 0xDF, 0x89,
    0x2D, 0xDF, 0x78, 0x72, 0xB4, 0x0B, 0x4F, 0x38, 0x56, 0xE2, 0x7C, 0x28, 0x12, 0xC8, 0xCA, 0xDA,
    0x8B, 0x6A, 0x86, 0x7F, 0x3F, 0x62, 0x66, 0x4B, 0x49, 0x3F, 0xED, 0xA7, 0x9E, 0x92, 0x56, 0xB5,
    0x0A, 0x45, 0x8D, 0xF7, 0xA8, 0xA8, 0x3F, 0xA1, 0x50, 0x63, 0x91, 0x4A, 0x91, 0x76, 0xBA, 0x4B,
    0x3A, 0x44, 0xB3, 0xE0, 0x84, 0xB1, 0xC6, 0xEE, 0xB8, 0xB8, 0x1F, 0x74, 0xE0, 0xE8, 0xF1, 0x53,
    0xD4, 0xA4, 0xDB, 0x49, 0x4B, 0x93, 0xBD, 0x88, 0x29, 0xB2, 0x11, 0x97, 0xA2, 0x1C, 0xD4, 0x5D,
    0x1F, 0xD9, 0x2B, 0x7F, 0x5B, 0x5C, 0xF9, 0x23, 0xEC, 0xE2, 0x3E, 0xB2, 0xFC, 0xBC, 0xBD, 0xF2,
    0x9E, 0xF9, 0xF3, 0xF2, 0x53, 0x1D, 0x58, 0x19, 0x09, 0x15, 0x8A, 0xA2, 0x41, 0x69, 0x3B, 0xD9,
    0xA3, 0xD4, 0x16, 0x2D, 0x25, 0xB6, 0xE0, 0x85, 0x44, 0xB5, 0x37, 0x16, 0xCE, 0x68, 0xB0, 0x19,
    0x68, 0x71, 0x58, 0xD4, 0x44, 0xCD, 0xA8, 0xCF, 0x88, 0xAE, 0xCF, 0x4B, 0xBB, 0xBF, 0x29, 0x63,
    0xEE, 0x37, 0x14, 0x2D, 0x8A, 0xBB, 0x58, 0x9E, 0xBB, 0x27, 0x17, 0x39, 0xC6, 0x85, 0x68, 0xF9,
    0x18, 0x8D, 0x20, 0x05, 0x7D, 0x5E, 0xB0, 0x23, 0xB3, 0x8C, 0xD4, 0xB0, 0x22, 0xA5, 0xFD, 0xD0,
    0x10, 0x35, 0x70, 0xC4, 0xB0, 0x50, 0xBB, 0x2C, 0x5E, 0xDC, 0x96, 0x22, 0x3A, 0x6C, 0x65, 0x75,
    0x65, 0x6F, 0xC9, 0xC2, 0x69, 0xB9, 0x15, 0xB5, 0xA9, 0x4B, 0xDD, 0x19, 0xA0, 0x9B, 0x54, 0x07,
    0x00, 0x98, 0x3C, 0xE1, 0x2A, 0x02, 0x02, 0x43, 0xC6, 0xC8, 0xCC, 0x61, 0x46, 0xD9, 0xC0, 0xA9,
    0x80, 0xF1, 0x43, 0x93, 0x52, 0x21, 0xB3, 0x64, 0x74, 0x69, 0xD2, 0x5D, 0xE6, 0x8D, 0x7B, 0x6D,
    0xC1, 0x76, 0x7A, 0x67, 0x89, 0x16, 0xE0, 0xC6, 0x3D, 0x95, 0x67, 0x7D, 0xCA, 0x65, 0x6A, 0x27,
    0x8B, 0xA8, 0xA3, 0xCC, 0x86, 0x55, 0xD8, 0x91, 0xAE, 0x22, 0x17, 0xF4, 0xA4, 0xBD, 0xF8, 0x8A,
    0x5E, 0x1E, 0x8B, 0x37, 0xEB, 0xB8, 0x24, 0x53, 0x7E, 0xD8, 0xA8, 0x5C, 0xF3, 0xF0, 0xAC, 0x14,
    0x7F, 0x7A, 0xAF, 0xDF, 0x58, 0xA7, 0x6C, 0x6E, 0xDF, 0x39, 0x8B, 0xBD, 0x3C, 0x28, 0xF5, 0x2A,
    0x92, 0xF8, 0x20, 0xD7, 0x17, 0x00, 0x97, 0x43, 0xCA, 0x6E, 0x02, 0x3C, 0x3D, 0xA5, 0xE2, 0xC8,
    0x8E, 0x06, 0xAF, 0xB6, 0x43, 0x11, 0xB4, 0x02, 0x4B, 0x0D, 0x64, 0x77, 0x02, 0xB9, 0x4E, 0x53,
    0xE2, 0xA1, 0xA2, 0x41, 0xD5, 0x9D, 0x7E, 0xEA, 0x55, 0x28, 0x35, 0x3F, 0xA9, 0xDE, 0x15, 0xE5,
    0xE8, 0x58, 0x85, 0xAD, 0x56, 0xCC, 0xB5, 0xA8, 0x92, 0x62, 0x48, 0x20, 0xC0, 0x45, 0x1A, 0x6A,
    0x6E, 0xE8, 0x9C, 0xD9, 0x93, 0x7A, 0xD8, 0xE9, 0x32, 0x65, 0x53, 0x6A, 0xCB, 0x65, 0x91, 0x9B,
    0xD2, 0x20, 0x45, 0x19, 0xED, 0x4B, 0x31, 0x22, 0x79, 0x51, 0xE2, 0xCB, 0x66, 0x87, 0x0F, 0xF7,
    0x92, 0x3E, 0x6D, 0x97, 0x68, 0x4B, 0x01, 0xF1, 0x67, 0x66, 0xB3, 0x31, 0x07, 0x26, 0x3D, 0x32,
    0xDB, 0xD8, 0xA0, 0x55, 0x2E, 0xAA, 0x13, 0x17, 0xFB, 0x24, 0x07, 0xD6, 0x29, 0xDD, 0x5F, 0x43,
    0x24, 0xEB, 0xA1, 0x54, 0x95, 0x44, 0x15, 0x01, 0xD8, 0xCF, 0x49, 0xFA, 0xE2, 0x01, 0x45, 0xD8,
    0x6C, 0x47, 0x08, 0xFB, 0x43, 0x8B, 0x09, 0xF3, 0x31, 0xF2, 0x73, 0xAE, 0x26, 0xFD, 0x73, 0xBC,
    0x0D, 0x6F, 0x48, 0x08, 0x01, 0x75, 0x04, 0xDA, 0x41, 0xA9, 0x1C, 0xEA, 0xA2, 0xB8, 0xE9, 0x6D,
    0x22, 0xF1, 0xB0, 0xBB, 0xCA, 0x3C, 0x2B, 0xA3, 0x0E, 0xB8, 0x8C, 0x5A, 0x2D, 0x43, 0x52, 0x19,
    0xAC, 0x80, 0xAB, 0x36, 0x96, 0x7F, 0x43, 0x16, 0x6C, 0xB1, 0xC3, 0xC2, 0x59, 0x0D, 0x42, 0x64,
    0x32, 0x3B, 0x8F, 0x0C, 0xBD, 0xA5, 0xBC, 0xA2, 0xDD, 0x23, 0x85, 0xC4, 0x55, 0x1E, 0xDB, 0x50,
    0x30, 0x8E, 0x54, 0x2F, 0x5B, 0x83, 0x69, 0x21, 0xFF, 0x13, 0xF3, 0xDD, 0x10, 0x9F, 0x61, 0x3A,
    0x98, 0x25, 0xE6, 0x0A, 0x65, 0x86, 0xDF, 0x95, 0xD4, 0x93, 0x30, 0xD1, 0xB4, 0x83, 0xF9, 0x7C,
    0xCC, 0x07, 0x8F, 0xD3, 0x32, 0x1E, 0xD2, 0x32, 0x98, 0x0E, 0x85, 0xE1, 0x4E, 0xC8, 0xC2, 0x75,
    0x99, 0x0C, 0x14, 0x17, 0x8D, 0x88, 0x96, 0xA1, 0x51, 0x2D, 0x6E, 0x80, 0x2F, 0x22, 0xC1, 0xB7,
    0xF0, 0xA5, 0xCC, 0x5D, 0x8D, 0x85, 0x1B, 0x8A, 0xD4, 0xC6, 0xF5, 0x29, 0x24, 0x9F, 0x8D, 0xBD,
    0x01, 0x4D, 0xDA, 0xE4, 0xC3, 0xFD, 0x16, 0x61, 0x51, 0x73, 0xA0, 0x81, 0x29, 0xBB, 0xE3, 0xBB,
    0xEB, 0x05, 0xE9, 0xC4, 0xB7, 0xD7, 0xF9, 0xFD, 0x4E, 0xED, 0x37, 0x59, 0x65, 0xAA, 0x61, 0x2B,
    0xF2, 0xEB, 0xC8, 0xC6, 0xA3, 0x81, 0x7A, 0x2C, 0x8A, 0xD1, 0x50, 0xB3, 0xB4, 0x18, 0xE6, 0x47,
    0x07, 0xE0, 0xA5, 0x7B, 0x1E, 0xE7, 0x4B, 0x8D, 0x55, 0x21, 0x52, 0xBF, 0x8F, 0xB6, 0x8F, 0x1C,
    0x90, 0x03, 0xDF, 0x22, 0x32, 0xF0, 0x24, 0xDD, 0x06, 0xD5, 0x56, 0x4C, 0xF1, 0x01, 0x97, 0x40,
    0x95, 0xFD, 0x0A, 0x6F, 0xB8, 0x0B, 0x97, 0x94, 0xBF, 0xB9, 0x2A, 0x7B, 0xC1, 0x0E, 0x3E, 0x05,
    0xB9, 0x04, 0xD1, 0x91, 0xA7, 0xEC, 0x21, 0xFE, 0x95, 0x9C, 0x5E, 0x20, 0x02, 0xC6, 0x22, 0x28,
    0xFE, 0x6A, 0xBF, 0xD3, 0x4B, 0x0C, 0x10, 0x9B, 0xF6, 0x6A, 0xFF, 0xC6, 0x51, 0x5D, 0xF9, 0xA8,
    0x2B, 0xEC, 0x40, 0xE3, 0xFF, 0x49, 0xEB, 0xC7, 0xF4, 0x2D, 0x08, 0x12, 0x1F, 0xAD, 0xD1, 0x11,
    0xF9, 0x4D, 0x24, 0x3F, 0xF9, 0xB0, 0xA3, 0xB8, 0xD9, 0x45, 0x96, 0xFB, 0xDD, 0x82, 0x32, 0xB7,
    0xFB, 0x23, 0xB8, 0x06, 0xBD, 0x85, 0x28, 0x53, 0x3E, 0x56, 0xBF, 0x5B, 0x17, 0x5C, 0x03, 0x01,
    0xF6, 0x4D, 0x96, 0x21, 0x50, 0x0E, 0x2A, 0xF5, 0x50, 0x89, 0x4C, 0x10, 0xF0, 0xBF, 0x7A, 0x39,
    0xB1, 0xF6, 0x96, 0xDC, 0x2A, 0x2A, 0x14, 0xCF, 0x0F, 0x64, 0x13, 0x0B, 0x20, 0x94, 0x78, 0xEB,
    0xD3, 0xE2, 0xB9, 0xB3, 0x72, 0x94, 0x5E, 0xD0, 0x70, 0xEC, 0x16, 0xC8, 0x44, 0x76, 0x50, 0xAF,
    0xEC, 0x6F, 0x00, 0xDE, 0x38, 0xEC, 0xE8, 0xEA, 0xA3, 0x9D, 0xFE, 0x97, 0x85, 0xB4, 0x81, 0x4E,
    0x5B, 0x8A, 0x91, 0x5F, 0xA4, 0xC0, 0x6C, 0x34, 0x75, 0x31, 0x6F, 0x73, 0x93, 0xF2, 0x08, 0x8F,
    0x62, 0x81, 0x23, 0x6B, 0x5A, 0x22, 0x4B, 0x5C, 0x5C, 0x45, 0x3E, 0x70, 0x02, 0x02, 0xE5, 0xCF,
    0xCD, 0x4C, 0x83, 0x7C, 0xEF, 0xE4, 0xE8, 0x3B, 0xC7, 0xFC, 0x2B, 0xA9, 0xAB, 0x56, 0xF0, 0x40,
    0xA5, 0x72, 0x81, 0x57, 0x36, 0x6C, 0x30, 0xBE, 0x0E, 0x17, 0x1B, 0x9E, 0xA6, 0x4B, 0xD8, 0x49,
    0xD2, 0xB8, 0xA3, 0x23, 0x97, 0x7D, 0x5C, 0xCF, 0x1B, 0x55, 0xBD, 0xDB, 0x64, 0xF6, 0x5E, 0xA5,
    0xAD, 0x43, 0x3E, 0xC3, 0xCA, 0xFF, 0x92, 0x02, 0xED, 0xD2, 0xA7, 0x1D, 0xB2, 0xD1, 0xBB, 0xA7,
    0x93, 0xC6, 0x8D, 0x47, 0xEE, 0x30, 0x67, 0x35, 0xCC, 0x97, 0xDA, 0x0E, 0xD2, 0x1F, 0xCB, 0xF4,
    0xEF, 0xFD, 0x9A, 0x6C, 0x2C, 0xBB, 0xD7, 0x9F, 0x68, 0xFF, 0x78, 0xE1, 0x3A, 0xB5, 0xBA, 0x3E,
    0x4E, 0x0C, 0x5C, 0x62, 0xE2, 0x7D, 0xCE, 0x71, 0x85, 0x29, 0x33, 0x79, 0xED, 0xE7, 0x11, 0x35,
    0x40, 0xB4, 0x19, 0x13, 0x2F, 0xE2, 0xE1, 0xCC, 0xA5, 0x81, 0xA9, 0x60, 0xE1, 0x13, 0x9F, 0xC1,
    0x48, 0xBE, 0x6B, 0x5F, 0xBA, 0xF6, 0x17, 0xFB, 0xB5, 0x6B, 0x0F, 0x73, 0xFD, 0xDB, 0x9E, 0x12,
    0x30, 0x49, 0xF4, 0x03, 0x8C, 0xBD, 0xE6, 0x8E, 0xCE, 0x08, 0x1E, 0x8E, 0x64, 0xA9, 0x9F, 0x9B,
    0xCD, 0xB6, 0xF1, 0x5D, 0x6D, 0xE9, 0xDF, 0x57, 0xD7, 0xF5, 0x6D, 0x88, 0x05, 0x83, 0x22, 0x4C,
    0xFF, 0x47, 0x82, 0x62, 0x6F, 0x58, 0xD7, 0x70, 0xFF, 0x06, 0xCF, 0xE0, 0x1A, 0xAC, 0x8B, 0xFA,
    0x8C, 0x3F, 0x40, 0x85, 0x38, 0x07, 0xA9, 0x01, 0x15, 0xE0, 0x16, 0x5D, 0x09, 0x25, 0x20, 0x14,
    0xA0, 0x69, 0xC9, 0x03, 0x2C, 0x99, 0xD5, 0x1A, 0x89, 0x21, 0x97, 0x8B, 0x11, 0xA9, 0x9F, 0x45,
    0x44, 0x61, 0x1D, 0x8C, 0x4F, 0xDA, 0x27, 0xC8, 0x74, 0x35, 0x7D, 0x8F, 0xB7, 0x51, 0x3F, 0x45,
    0xA6, 0x4D, 0xED, 0xAB, 0x6D, 0x5A, 0x81, 0xC3, 0x20, 0x41, 0x35, 0x5E, 0x64, 0x22, 0x3B, 0xE9,
    0xA6, 0x03, 0x15, 0x0F, 0x89, 0x8A, 0x3D, 0x5C, 0x02, 0x06, 0x36, 0xCF, 0x13, 0x5D, 0xBF, 0x38,
    0x93, 0x03, 0xC4, 0x67, 0xFC, 0x41, 0x1B, 0x5C, 0xA3, 0x0B, 0xB4, 0x4A, 0xCF, 0xD2, 0xEA, 0xCF,
    0x9F, 0xA5, 0xEC, 0x1F, 0xAB, 0x88, 0x72, 0x4D, 0x5B, 0x2F, 0xB9, 0x40, 0xD6, 0x7C, 0x4D, 0x30,
    0x49, 0xE7, 0x49, 0xFD, 0xF4, 0x6D, 0x78, 0xAD, 0x06, 0x90, 0x8F, 0xCE, 0xAD, 0xEA, 0x84, 0x12,
    0x1B, 0x41, 0x52, 0x35, 0x6E, 0x38, 0xF7, 0x71, 0xBC, 0xB8, 0xCA, 0x20, 0x38, 0x15, 0x72, 0xA6,
    0x94, 0x6B, 0x23, 0x94, 0x5C, 0x1B, 0x3F, 0x49, 0x15, 0x70, 0x44, 0xDA, 0x73, 0x19, 0xD7, 0x99,
    0x8B, 0x6B, 0xE5, 0x4F, 0x4A, 0xEA, 0xE2, 0xA6, 0xC0, 0x98, 0x8E, 0x26, 0x8B, 0xE5, 0x4D, 0xAA,
    0xC2, 0x2D, 0x6C, 0x7B, 0xA8, 0xC7, 0xD8, 0x63, 0xDA, 0xE5, 0x43, 0x1B, 0x9D, 0xDE, 0x1C, 0x05,
    0x71, 0x07, 0xE4, 0xAC, 0xFA, 0xEB, 0xCB, 0x75, 0xF6, 0xC2, 0x66, 0xAB, 0x4F, 0x6F, 0xDE, 0x7A,
    0xE7, 0xF4, 0xE6, 0x8F, 0x6F, 0x9D, 0xDE, 0xDC, 0x12, 0xB6, 0x14, 0xB9, 0x05, 0xF9, 0x89, 0xF0,
    0x96, 0x38, 0x08, 0x28, 0x4F, 0xEC, 0x70, 0xA7, 0xAD, 0x01, 0xC3, 0x46, 0x84, 0xBE, 0x00, 0xA4,
    0xFC, 0xD0, 0x0E, 0xB7, 0xBB, 0x0C, 0x74, 0x90, 0x78, 0x03, 0xD1, 0xF9, 0x63, 0x29, 0xE4, 0xDC,
    0x04, 0x6C, 0xC0, 0x64, 0xFB, 0xFD, 0x51, 0x5F, 0x66, 0x4F, 0x0A, 0x0E, 0xC0, 0x47, 0xE0, 0x04,
    0xF8, 0x47, 0xE6, 0x1A, 0xE4, 0x99, 0x6D, 0xD8, 0xD6, 0x23, 0x21, 0x8B, 0x3C, 0xC5, 0x75, 0x3A,
    0xB3, 0x17, 0xFF, 0x27, 0x82, 0x32, 0x17, 0x60, 0x4C, 0x9C, 0xC7, 0xBD, 0x81, 0x83, 0x9B, 0x63,
    0xA4, 0xE3, 0x50, 0x94, 0x5B, 0x2B, 0xAD, 0xAC, 0xAF, 0xD3, 0xBF, 0x01, 0xAB, 0xFF, 0xFF, 0xAF,
    0xFE, 0xFF, 0x7F, 0x06, 0x06, 0x06, 0x00, 0xA5, 0x92, 0x31, 0x4E, 0xC3, 0x40, 0x10, 0x45, 0xC7,
    0x76, 0xB1, 0x48, 0x5B, 0x84, 0x02, 0x89, 0x22, 0x45, 0x8E, 0xE0, 0x0B, 0x10, 0xBC, 0xA1, 0xA1,
    0x75, 0x24, 0x4C, 0x43, 0xE1, 0x23, 0xE4, 0x06, 0xD8, 0x1D, 0x37, 0x48, 0xCB, 0x11, 0xB8, 0x81,
    0xED, 0x1B, 0xE0, 0x1B, 0x00, 0x15, 0x6D, 0x8A, 0x8D, 0xB4, 0x88, 0x5D, 0x0F, 0x33, 0x63, 0x07,
    0x51, 0x06, 0x70, 0xF1, 0x3D, 0x9A, 0xF5, 0xEC, 0xFB, 0xFB, 0xD7, 0x00, 0xF2, 0xA4, 0x4E, 0xA3,
    0x81, 0xA1, 0xC9, 0x36, 0x5D, 0xEC, 0x97, 0xCD, 0xAC, 0x4E, 0xDC, 0xD9, 0x00, 0x90, 0xB8, 0x28,
    0x00, 0xCC, 0xC3, 0xED, 0x70, 0x03, 0x15, 0x22, 0x7A, 0x38, 0xFF, 0xE0, 0x7A, 0xEC, 0x1F, 0xAF,
    0xCA, 0x45, 0xB4, 0xDB, 0x62, 0xB8, 0xC6, 0x1C, 0x5A, 0x7C, 0x41, 0x3B, 0x52, 0x61, 0xC1, 0xD5,
    0x70, 0xE7, 0x21, 0xF6, 0x89, 0xA7, 0x6F, 0x63, 0x4B, 0x02, 0x4C, 0x2C, 0x04, 0x18, 0x98, 0x17,
    0xC6, 0x4D, 0x8E, 0x10, 0xC1, 0x30, 0xC5, 0x30, 0xE4, 0xF5, 0xC0, 0x20, 0x03, 0x4D, 0x19, 0x98,
    0xF1, 0xF3, 0xE3, 0x79, 0x58, 0x07, 0x62, 0xBC, 0x31, 0x63, 0xF5, 0x37, 0xC6, 0xF3, 0x81, 0x31,
    0x06, 0x48, 0xCE, 0x29, 0xC1, 0x07, 0x24, 0xD2, 0xB2, 0x05, 0x04, 0xC9, 0xD0, 0x4F, 0x11, 0x48,
    0x8A, 0x45, 0x21, 0x31, 0x22, 0x1A, 0xCE, 0xB1, 0x68, 0x8D, 0xAC, 0x55, 0xBF, 0x7F, 0x89, 0x8B,
    0xD6, 0xB0, 0x8F, 0x35, 0xF6, 0x7C, 0xDA, 0xCF, 0xEF, 0x50, 0xC5, 0x0B, 0xDD, 0x66, 0xB8, 0xCF,
    0xB6, 0x68, 0x46, 0x2F, 0x34, 0x77, 0xCA, 0x03, 0xD3, 0x38, 0x7B, 0xC9, 0x2B, 0xC3, 0x5E, 0x5C,
    0x25, 0x5E, 0xF2, 0xEA, 0xDF, 0x5E, 0x82, 0xC2, 0x15, 0x7B, 0x79, 0xC4, 0x77, 0xF6, 0x92, 0xB3,
    0x13, 0xAC, 0x21, 0x0A, 0xDA, 0x51, 0x06, 0x74, 0xBF, 0xCA, 0xC6, 0x2C, 0x54, 0x69, 0xAB, 0x42,
    0xAE, 0x6D, 0x86, 0xBB, 0xA9, 0x92, 0xDE, 0x71, 0x52, 0x86, 0x2B, 0xB4, 0x48, 0xA0, 0xDD, 0x74,
    0xDC, 0xC8, 0xB0, 0x22, 0xFD, 0x60, 0x90, 0xD8, 0xAA, 0x07, 0xD0, 0xFD, 0x8C, 0xD6, 0x74, 0xC7,
    0xAA, 0xA4, 0x7E, 0xDA, 0xA5, 0x7B, 0xA3, 0x79, 0xAC, 0x4B, 0x57, 0xAE, 0xDC, 0x9B, 0x0C, 0x2C,
    0xF5, 0xB3, 0xDA, 0xB0, 0x3A, 0x20, 0x5D, 0x60, 0x4D, 0xAA, 0x90, 0xFB, 0xB0, 0xF1, 0xA4, 0x27,
    0x31, 0xEB, 0x05, 0xB0, 0x5E, 0x8A, 0x66, 0x5B, 0xAB, 0xB1, 0xD3, 0xD8, 0xC7, 0xD8, 0x8D, 0xF0,
    0x2F, 0x45, 0x8D, 0xB1, 0x0D, 0xC3, 0x40, 0x0C, 0x03, 0x85, 0x7C, 0xE1, 0x22, 0x85, 0x46, 0xF1,
    0x04, 0x86, 0xE2, 0xD1, 0x3C, 0x89, 0x47, 0x89, 0x46, 0xF9, 0x11, 0xBE, 0xF8, 0x00, 0x89, 0xF1,
    0xF0, 0x59, 0x42, 0x0A, 0xB3, 0x60, 0xC1, 0x03, 0x49, 0x91, 0x22, 0x29, 0xF5, 0x74, 0x6B, 0xE9,
    0x8C, 0xB0, 0x02, 0x19, 0xBF, 0x9E, 0x01, 0x96, 0x69, 0x0B, 0x30, 0xD4, 0x47, 0xC4, 0xBB, 0x23,
    0x0A, 0x8E, 0x1B, 0xAC, 0xB4, 0x37, 0xE7, 0xC4, 0xD7, 0xE8, 0x33, 0x4D, 0xE9, 0x41, 0x0A, 0xBF,
    0x2C, 0x43, 0x0E, 0xD9, 0x87, 0xE8, 0x6A, 0xB5, 0xD8, 0x29, 0xD5, 0x72, 0xFF, 0x18, 0xF7, 0xD7,
    0xFF, 0xF7, 0x21, 0x22, 0x17,
};

static const EpdGlyph notoserif_12_boldGlyphs[] = {
    { 0, 0, 0, 0, 0, 0, 0 }, // U+0000
    { 0, 0, 104, 0, 0, 0, 0 }, // U+000D
    { 0, 0, 104, 0, 0, 0, 0 }, // U+0020
    { 5, 19, 153, 2, 18, 24, 0 }, // !
    { 11, 8, 204, 1, 18, 22, 24 }, // "
    { 14, 18, 226, 0, 18, 63, 46 }, // #
    { 12, 21, 226, 1, 19, 63, 109 }, // $
    { 22, 20, 362, 0, 19, 110, 172 }, // %
    { 19, 20, 320, 1, 19, 95, 282 }, // &
    { 5, 8, 116, 1, 18, 10, 377 }, // '
    { 9, 24, 160, 1, 20, 54, 387 }, // (
    { 9, 24, 160, 0, 20, 54, 441 }, // )
    { 12, 11, 201, 0, 20, 33, 495 }, // *
    { 12, 12, 226, 1, 15, 36, 528 }, // +
    { 5, 8, 118, 1, 4, 10, 564 }, // ,
    { 8, 4, 124, 0, 9, 8, 574 }, // -
    { 5, 5, 118, 1, 4, 7, 582 }, // .
    { 8, 23, 115, 0, 19, 46, 589 }, // /
    { 13, 20, 233, 1, 19, 65, 635 }, // 0
    { 13, 18, 202, 0, 18, 59, 700 }, // 1
    { 13, 19, 212, 0, 19, 62, 759 }, // 2
    { 13, 20, 216, 0, 19, 65, 821 }, // 3
    { 14, 18, 222, 0, 18, 63, 886 }, // 4
    { 13, 19, 212, 0, 18, 62, 949 }, // 5
    { 13, 20, 224, 1, 19, 65, 1011 }, // 6
    { 12, 18, 217, 1, 18, 54, 1076 }, // 7
    { 13, 20, 232, 1, 19, 65, 1130 }, // 8
    { 13, 20, 224, 1, 19, 65, 1195 }, // 9
    { 5, 15, 122, 1, 14, 19, 1260 }, // :
    { 5, 18, 122, 1, 14, 23, 1279 }, // ;
    { 12, 14, 226, 1, 16, 42, 1302 }, // <
    { 12, 8, 226, 1, 13, 24, 1344 }, // =
    { 12, 14, 226, 1, 16, 42, 1368 }, // >
    { 13, 20, 220, 0, 19, 65, 1410 }, // ?
    { 21, 22, 368, 1, 18, 116, 1475 }, // @
    { 19, 18, 301, 0, 18, 86, 1591 }, // A
    { 16, 18, 269, 0, 18, 72, 1677 }, // B
    { 15, 20, 268, 1, 19, 75, 1749 }, // C
    { 18, 18, 307, 0, 18, 81, 1824 }, // D
    { 16, 18, 261, 0, 18, 72, 1905 }, // E
    { 15, 18, 248, 0, 18, 68, 1977 }, // F
    { 18, 20, 308, 1, 19, 90, 2045 }, // G
    { 20, 18, 328, 0, 18, 90, 2135 }, // H
    { 10, 18, 160, 0, 18, 45, 2225 }, // I
    { 11, 24, 158, -1, 18, 66, 2270 }, // J
    { 19, 18, 294, 0, 18, 86, 2336 }, // K
    { 16, 18, 262, 0, 18, 72, 2422 }, // L
    { 24, 18, 381, 0, 18, 108, 2494 }, // M
    { 20, 18, 315, 0, 18, 90, 2602 }, // N
    { 18, 20, 315, 1, 19, 90, 2692 }, // O
    { 16, 18, 255, 0, 18, 72, 2782 }, // P
    { 18, 25, 315, 1, 19, 113, 2854 }, // Q
    { 18, 18, 285, 0, 18, 81, 2967 }, // R
    { 14, 20, 232, 0, 19, 70, 3048 }, // S
    { 17, 18, 261, 0, 18, 77, 3118 }, // T
    { 19, 19, 299, 0, 18, 91, 3195 }, // U
    { 18, 18, 279, 0, 18, 81, 3286 }, // V
    { 27, 18, 427, 0, 18, 122, 3367 }, // W
    { 19, 18, 293, 0, 18, 86, 3489 }, // X
    { 18, 18, 277, 0, 18, 81, 3575 }, // Y
    { 15, 18, 267, 1, 18, 68, 3656 }, // Z
    { 8, 23, 166, 2, 19, 46, 3724 }, // [
    { 8, 23, 115, 0, 19, 46, 3770 }, // <backslash>
    { 8, 23, 166, 0, 19, 46, 3816 }, // ]
    { 12, 12, 224, 1, 18, 36, 3862 }, // ^
    { 13, 2, 184, -1, -2, 7, 3898 }, // _
    { 7, 5, 134, 1, 20, 9, 3905 }, // `
    { 14, 15, 240, 1, 14, 53, 3914 }, // a
    { 16, 20, 260, 0, 19, 80, 3967 }, // b
    { 12, 15, 211, 1, 14, 45, 4047 }, // c
    { 15, 20, 260, 1, 19, 75, 4092 }, // d
    { 13, 15, 229, 1, 14, 49, 4167 }, // e
    { 12, 20, 163, 0, 20, 60, 4216 }, // f
    { 14, 21, 224, 0, 15, 74, 4276 }, // g
    { 17, 19, 267, 0, 19, 81, 4350 }, // h
    { 9, 20, 141, 0, 20, 45, 4431 }, // i
    { 8, 26, 138, -1, 20, 52, 4476 }, // j
    { 16, 19, 255, 0, 19, 76, 4528 }, // k
    { 9, 19, 141, 0, 19, 43, 4604 }, // l
    { 25, 14, 394, 0, 14, 88, 4647 }, // m
    { 17, 14, 267, 0, 14, 60, 4735 }, // n
    { 14, 15, 246, 1, 14, 53, 4795 }, // o
    { 15, 20, 258, 0, 14, 75, 4848 }, // p
    { 15, 20, 259, 1, 14, 75, 4923 }, // q
    { 13, 14, 209, 0, 14, 46, 4998 }, // r
    { 12, 15, 192, 0, 14, 45, 5044 }, // s
    { 10, 18, 162, 0, 17, 45, 5089 }, // t
    { 17, 15, 267, 0, 14, 64, 5134 }, // u
    { 16, 14, 242, 0, 14, 56, 5198 }, // v
    { 23, 14, 342, -1, 14, 81, 5254 }, // w
    { 16, 14, 258, 0, 14, 56, 5335 }, // x
    { 15, 20, 232, 0, 14, 75, 5391 }, // y
    { 13, 14, 212, 0, 14, 46, 5466 }, // z
    { 11, 23, 177, 0, 19, 64, 5512 }, // {
    { 2, 25, 226, 6, 19, 13, 5576 }, // |
    { 11, 23, 177, 0, 19, 64, 5589 }, // }
    { 13, 6, 226, 1, 12, 20, 5653 }, // ~
    { 0, 0, 104, 0, 0, 0, 0 }, // U+00A0
    { 5, 19, 153, 2, 14, 24, 0 }, // U+00A1
    { 13, 18, 226, 1, 18, 59, 24 }, // U+00A2
    { 14, 20, 224, 0, 19, 70, 83 }, // U+00A3
    { 12, 12, 226, 1, 15, 36, 153 }, // U+00A4
    { 14, 18, 226, 0, 18, 63, 189 }, // U+00A5
    { 2, 25, 226, 6, 19, 13, 252 }, // U+00A6
    { 12, 22, 218, 1, 19, 66, 265 }, // U+00A7
    { 9, 4, 231, 3, 19, 9, 331 }, // U+00A8
    { 19, 20, 338, 1, 19, 95, 340 }, // U+00A9
    { 10, 9, 168, 0, 18, 23, 435 }, // U+00AA
    { 12, 11, 222, 1, 12, 33, 458 }, // U+00AB
    { 12, 7, 226, 1, 10, 21, 491 }, // U+00AC
    { 8, 4, 124, 0, 9, 8, 512 }, // U+00AD
    { 19, 20, 338, 1, 19, 95, 520 }, // U+00AE
    { 13, 2, 184, -1, 21, 7, 615 }, // U+00AF
    { 9, 9, 160, 0, 19, 21, 622 }, // U+00B0
    { 12, 15, 226, 1, 15, 45, 643 }, // U+00B1
    { 9, 12, 160, 0, 21, 27, 688 }, // U+00B2
    { 9, 12, 160, 0, 21, 27, 715 }, // U+00B3
    { 7, 5, 134, 1, 20, 9, 742 }, // U+00B4
    { 14, 20, 266, 2, 14, 70, 751 }, // U+00B5
    { 14, 22, 251, 1, 19, 77, 821 }, // U+00B6
    { 5, 5, 118, 1, 11, 7, 898 }, // U+00B7
    { 6, 7, 133, 1, 1, 11, 905 }, // U+00B8
    { 8, 12, 160, 1, 21, 24, 916 }, // U+00B9
    { 11, 9, 175, 0, 18, 25, 940 }, // U+00BA
    { 12, 11, 222, 1, 12, 33, 965 }, // U+00BB
    { 21, 20, 336, 0, 19, 105, 998 }, // U+00BC
    { 21, 20, 336, 0, 19, 105, 1103 }, // U+00BD
    { 21, 20, 336, 0, 19, 105, 1208 }, // U+00BE
    { 12, 19, 220, 1, 14, 57, 1313 }, // U+00BF
    { 19, 24, 301, 0, 24, 114, 1370 }, // U+00C0
    { 19, 24, 301, 0, 24, 114, 1484 }, // U+00C1
    { 19, 24, 301, 0, 24, 114, 1598 }, // U+00C2
    { 19, 24, 301, 0, 24, 114, 1712 }, // U+00C3
    { 19, 23, 301, 0, 23, 110, 1826 }, // U+00C4
    { 19, 22, 301, 0, 22, 105, 1936 }, // U+00C5
    { 25, 18, 397, 0, 18, 113, 2041 }, // U+00C6
    { 15, 25, 268, 1, 19, 94, 2154 }, // U+00C7
    { 16, 24, 261, 0, 24, 96, 2248 }, // U+00C8
    { 16, 24, 261, 0, 24, 96, 2344 }, // U+00C9
    { 16, 24, 261, 0, 24, 96, 2440 }, // U+00CA
    { 16, 23, 261, 0, 23, 92, 2536 }, // U+00CB
    { 10, 24, 160, 0, 24, 60, 2628 }, // U+00CC
    { 10, 24, 160, 0, 24, 60, 2688 }, // U+00CD
    { 10, 24, 160, 0, 24, 60, 2748 }, // U+00CE
    { 10, 23, 160, 0, 23, 58, 2808 }, // U+00CF
    { 18, 18, 307, 0, 18, 81, 2866 }, // U+00D0
    { 20, 24, 315, 0, 24, 120, 2947 }, // U+00D1
    { 18, 25, 315, 1, 24, 113, 3067 }, // U+00D2
    { 18, 25, 315, 1, 24, 113, 3180 }, // U+00D3
    { 18, 25, 315, 1, 24, 113, 3293 }, // U+00D4
    { 18, 25, 315, 1, 24, 113, 3406 }, // U+00D5
    { 18, 24, 315, 1, 23, 108, 3519 }, // U+00D6
    { 12, 12, 226, 1, 15, 36, 3627 }, // U+00D7
    { 18, 20, 315, 1, 19, 90, 3663 }, // U+00D8
    { 19, 25, 299, 0, 24, 119, 3753 }, // U+00D9
    { 19, 25, 299, 0, 24, 119, 3872 }, // U+00DA
    { 19, 25, 299, 0, 24, 119, 3991 }, // U+00DB
    { 19, 24, 299, 0, 23, 114, 4110 }, // U+00DC
    { 18, 24, 277, 0, 24, 108, 4224 }, // U+00DD
    { 16, 18, 255, 0, 18, 72, 4332 }, // U+00DE
    { 17, 21, 282, 0, 20, 90, 4404 }, // U+00DF
    { 14, 21, 240, 1, 20, 74, 4494 }, // U+00E0
    { 14, 21, 240, 1, 20, 74, 4568 }, // U+00E1
    { 14, 21, 240, 1, 20, 74, 4642 }, // U+00E2
    { 14, 21, 240, 1, 20, 74, 4716 }, // U+00E3
    { 14, 20, 240, 1, 19, 70, 4790 }, // U+00E4
    { 14, 22, 240, 1, 21, 77, 4860 }, // U+00E5
    { 20, 15, 350, 1, 14, 75, 4937 }, // U+00E6
    { 12, 20, 211, 1, 14, 60, 5012 }, // U+00E7
    { 13, 21, 229, 1, 20, 69, 5072 }, // U+00E8
    { 13, 21, 229, 1, 20, 69, 5141 }, // U+00E9
    { 13, 21, 229, 1, 20, 69, 5210 }, // U+00EA
    { 13, 20, 229, 1, 19, 65, 5279 }, // U+00EB
    { 10, 20, 141, -1, 20, 50, 5344 }, // U+00EC
    { 9, 20, 141, 0, 20, 45, 5394 }, // U+00ED
    { 10, 20, 141, -1, 20, 50, 5439 }, // U+00EE
    { 10, 19, 141, -1, 19, 48, 5489 }, // U+00EF
    { 14, 21, 246, 1, 20, 74, 5537 }, // U+00F0
    { 17, 20, 267, 0, 20, 85, 5611 }, // U+00F1
    { 14, 21, 246, 1, 20, 74, 5696 }, // U+00F2
    { 14, 21, 246, 1, 20, 74, 5770 }, // U+00F3
    { 14, 21, 246, 1, 20, 74, 5844 }, // U+00F4
    { 14, 21, 246, 1, 20, 74, 5918 }, // U+00F5
    { 14, 20, 246, 1, 19, 70, 5992 }, // U+00F6
    { 12, 14, 226, 1, 16, 42, 6062 }, // U+00F7
    { 14, 16, 246, 1, 15, 56, 6104 }, // U+00F8
    { 17, 21, 267, 0, 20, 90, 6160 }, // U+00F9
    { 17, 21, 267, 0, 20, 90, 6250 }, // U+00FA
    { 17, 21, 267, 0, 20, 90, 6340 }, // U+00FB
    { 17, 20, 267, 0, 19, 85, 6430 }, // U+00FC
    { 15, 26, 232, 0, 20, 98, 6515 }, // U+00FD
    { 15, 25, 258, 0, 19, 94, 6613 }, // U+00FE
    { 15, 25, 232, 0, 19, 94, 6707 }, // U+00FF
    { 19, 22, 301, 0, 22, 105, 0 }, // U+0100
    { 14, 19, 240, 1, 18, 67, 105 }, // U+0101
    { 19, 24, 301, 0, 24, 114, 172 }, // U+0102
    { 14, 21, 240, 1, 20, 74, 286 }, // U+0103
    { 19, 24, 301, 0, 18, 114, 360 }, // U+0104
    { 14, 20, 240, 1, 14, 70, 474 }, // U+0105
    { 15, 25, 268, 1, 24, 94, 544 }, // U+0106
    { 12, 21, 211, 1, 20, 63, 638 }, // U+0107
    { 15, 25, 268, 1, 24, 94, 701 }, // U+0108
    { 12, 21, 211, 1, 20, 63, 795 }, // U+0109
    { 15, 25, 268, 1, 24, 94, 858 }, // U+010A
    { 12, 21, 211, 1, 20, 63, 952 }, // U+010B
    { 15, 25, 268, 1, 24, 94, 1015 }, // U+010C
    { 12, 21, 211, 1, 20, 63, 1109 }, // U+010D
    { 18, 24, 307, 0, 24, 108, 1172 }, // U+010E
    { 18, 20, 260, 1, 19, 90, 1280 }, // U+010F
    { 18, 18, 307, 0, 18, 81, 1370 }, // U+0110
    { 15, 20, 260, 1, 19, 75, 1451 }, // U+0111
    { 16, 22, 261, 0, 22, 88, 1526 }, // U+0112
    { 13, 19, 229, 1, 18, 62, 1614 }, // U+0113
    { 16, 24, 261, 0, 24, 96, 1676 }, // U+0114
    { 13, 21, 229, 1, 20, 69, 1772 }, // U+0115
    { 16, 24, 261, 0, 24, 96, 1841 }, // U+0116
    { 13, 21, 229, 1, 20, 69, 1937 }, // U+0117
    { 16, 24, 261, 0, 18, 96, 2006 }, // U+0118
    { 13, 20, 228, 1, 14, 65, 2102 }, // U+0119
    { 16, 24, 261, 0, 24, 96, 2167 }, // U+011A
    { 13, 21, 229, 1, 20, 69, 2263 }, // U+011B
    { 18, 25, 308, 1, 24, 113, 2332 }, // U+011C
    { 14, 26, 224, 0, 20, 91, 2445 }, // U+011D
    { 18, 25, 308, 1, 24, 113, 2536 }, // U+011E
    { 14, 26, 224, 0, 20, 91, 2649 }, // U+011F
    { 18, 25, 308, 1, 24, 113, 2740 }, // U+0120
    { 14, 26, 224, 0, 20, 91, 2853 }, // U+0121
    { 18, 25, 308, 1, 19, 113, 2944 }, // U+0122
    { 14, 26, 224, 0, 20, 91, 3057 }, // U+0123
    { 20, 24, 328, 0, 24, 120, 3148 }, // U+0124
    { 17, 25, 267, 0, 25, 107, 3268 }, // U+0125
    { 21, 18, 328, 0, 18, 95, 3375 }, // U+0126
    { 17, 19, 267, 0, 19, 81, 3470 }, // U+0127
    { 10, 24, 160, 0, 24, 60, 3551 }, // U+0128
    { 11, 20, 141, -1, 20, 55, 3611 }, // U+0129
    { 10, 22, 160, 0, 22, 55, 3666 }, // U+012A
    { 9, 18, 141, 0, 18, 41, 3721 }, // U+012B
    { 10, 24, 160, 0, 24, 60, 3762 }, // U+012C
    { 9, 20, 141, 0, 20, 45, 3822 }, // U+012D
    { 10, 24, 160, 0, 18, 60, 3867 }, // U+012E
    { 9, 26, 141, 0, 20, 59, 3927 }, // U+012F
    { 10, 24, 160, 0, 24, 60, 3986 }, // U+0130
    { 9, 14, 141, 0, 14, 32, 4046 }, // U+0131
    { 20, 24, 319, 0, 18, 120, 4078 }, // U+0132
    { 16, 26, 279, 0, 20, 104, 4198 }, // U+0133
    { 11, 30, 158, -1, 24, 83, 4302 }, // U+0134
    { 10, 26, 138, -1, 20, 65, 4385 }, // U+0135
    { 19, 24, 294, 0, 18, 114, 4450 }, // U+0136
    { 16, 25, 255, 0, 19, 100, 4564 }, // U+0137
    { 16, 14, 255, 0, 14, 56, 4664 }, // U+0138
    { 16, 24, 262, 0, 24, 96, 4720 }, // U+0139
    { 10, 25, 141, 0, 25, 63, 4816 }, // U+013A
    { 16, 24, 262, 0, 18, 96, 4879 }, // U+013B
    { 9, 25, 141, 0, 19, 57, 4975 }, // U+013C
    { 16, 18, 262, 0, 18, 72, 5032 }, // U+013D
    { 12, 19, 141, 0, 19, 57, 5104 }, // U+013E
    { 16, 18, 262, 0, 18, 72, 5161 }, // U+013F
    { 13, 19, 188, 0, 19, 62, 5233 }, // U+0140
    { 16, 18, 262, 0, 18, 72, 5295 }, // U+0141
    { 9, 19, 141, 0, 19, 43, 5367 }, // U+0142
    { 20, 24, 315, 0, 24, 120, 5410 }, // U+0143
    { 17, 20, 267, 0, 20, 85, 5530 }, // U+0144
    { 20, 24, 315, 0, 18, 120, 5615 }, // U+0145
    { 17, 20, 267, 0, 14, 85, 5735 }, // U+0146
    { 20, 24, 315, 0, 24, 120, 5820 }, // U+0147
    { 17, 20, 267, 0, 20, 85, 5940 }, // U+0148
    { 21, 18, 342, 0, 18, 95, 6025 }, // U+0149
    { 20, 24, 315, 0, 18, 120, 6120 }, // U+014A
    { 15, 20, 267, 0, 14, 75, 6240 }, // U+014B
    { 18, 23, 315, 1, 22, 104, 6315 }, // U+014C
    { 14, 19, 246, 1, 18, 67, 6419 }, // U+014D
    { 18, 25, 315, 1, 24, 113, 6486 }, // U+014E
    { 14, 21, 246, 1, 20, 74, 6599 }, // U+014F
    { 18, 25, 315, 1, 24, 113, 6673 }, // U+0150
    { 14, 21, 246, 1, 20, 74, 6786 }, // U+0151
    { 24, 20, 408, 1, 19, 120, 6860 }, // U+0152
    { 22, 15, 374, 1, 14, 83, 6980 }, // U+0153
    { 18, 24, 285, 0, 24, 108, 7063 }, // U+0154
    { 13, 20, 209, 0, 20, 65, 7171 }, // U+0155
    { 18, 24, 285, 0, 18, 108, 7236 }, // U+0156
    { 13, 20, 209, 0, 14, 65, 7344 }, // U+0157
    { 18, 24, 285, 0, 24, 108, 7409 }, // U+0158
    { 13, 20, 209, 0, 20, 65, 7517 }, // U+0159
    { 14, 25, 232, 0, 24, 88, 7582 }, // U+015A
    { 12, 21, 192, 0, 20, 63, 7670 }, // U+015B
    { 14, 25, 232, 0, 24, 88, 7733 }, // U+015C
    { 12, 21, 192, 0, 20, 63, 7821 }, // U+015D
    { 14, 25, 232, 0, 19, 88, 7884 }, // U+015E
    { 12, 20, 192, 0, 14, 60, 7972 }, // U+015F
    { 14, 25, 232, 0, 24, 88, 8032 }, // U+0160
    { 12, 21, 192, 0, 20, 63, 8120 }, // U+0161
    { 17, 24, 261, 0, 18, 102, 8183 }, // U+0162
    { 10, 23, 162, 0, 17, 58, 8285 }, // U+0163
    { 17, 24, 261, 0, 24, 102, 8343 }, // U+0164
    { 12, 20, 162, 0, 19, 60, 8445 }, // U+0165
    { 17, 18, 261, 0, 18, 77, 8505 }, // U+0166
    { 10, 18, 162, 0, 17, 45, 8582 }, // U+0167
    { 19, 25, 299, 0, 24, 119, 8627 }, // U+0168
    { 17, 21, 267, 0, 20, 90, 8746 }, // U+0169
    { 19, 23, 299, 0, 22, 110, 8836 }, // U+016A
    { 17, 19, 267, 0, 18, 81, 8946 }, // U+016B
    { 19, 25, 299, 0, 24, 119, 9027 }, // U+016C
    { 17, 21, 267, 0, 20, 90, 9146 }, // U+016D
    { 19, 26, 299, 0, 25, 124, 9236 }, // U+016E
    { 17, 22, 267, 0, 21, 94, 9360 }, // U+016F
    { 19, 25, 299, 0, 24, 119, 9454 }, // U+0170
    { 17, 21, 267, 0, 20, 90, 9573 }, // U+0171
    { 19, 24, 303, 0, 18, 114, 9663 }, // U+0172
    { 17, 20, 267, 0, 14, 85, 9777 }, // U+0173
    { 27, 24, 427, 0, 24, 162, 9862 }, // U+0174
    { 23, 20, 342, -1, 20, 115, 10024 }, // U+0175
    { 18, 24, 277, 0, 24, 108, 10139 }, // U+0176
    { 15, 26, 232, 0, 20, 98, 10247 }, // U+0177
    { 18, 23, 277, 0, 23, 104, 10345 }, // U+0178
    { 15, 24, 267, 1, 24, 90, 10449 }, // U+0179
    { 13, 20, 212, 0, 20, 65, 10539 }, // U+017A
    { 15, 24, 267, 1, 24, 90, 10604 }, // U+017B
    { 13, 20, 212, 0, 20, 65, 10694 }, // U+017C
    { 15, 24, 267, 1, 24, 90, 10759 }, // U+017D
    { 13, 20, 212, 0, 20, 65, 10849 }, // U+017E
    { 12, 20, 157, 0, 20, 60, 10914 }, // U+017F
    { 21, 21, 337, 1, 20, 111, 0 }, // U+01A0
    { 16, 17, 268, 1, 16, 68, 111 }, // U+01A1
    { 22, 21, 341, 0, 20, 116, 179 }, // U+01AF
    { 20, 17, 311, 0, 16, 85, 295 }, // U+01B0
    { 35, 24, 574, 0, 24, 210, 380 }, // U+01C4
    { 32, 20, 519, 0, 20, 160, 590 }, // U+01C5
    { 28, 21, 471, 1, 20, 147, 750 }, // U+01C6
    { 26, 24, 409, 0, 18, 156, 897 }, // U+01C7
    { 23, 26, 400, 0, 20, 150, 1053 }, // U+01C8
    { 16, 26, 279, 0, 20, 104, 1203 }, // U+01C9
    { 30, 24, 463, 0, 18, 180, 1307 }, // U+01CA
    { 27, 26, 454, 0, 20, 176, 1487 }, // U+01CB
    { 24, 26, 405, 0, 20, 156, 1663 }, // U+01CC
    { 19, 24, 301, 0, 24, 114, 1819 }, // U+01CD
    { 14, 21, 240, 1, 20, 74, 1933 }, // U+01CE
    { 10, 24, 160, 0, 24, 60, 2007 }, // U+01CF
    { 10, 20, 141, -1, 20, 50, 2067 }, // U+01D0
    { 18, 25, 315, 1, 24, 113, 2117 }, // U+01D1
    { 14, 21, 246, 1, 20, 74, 2230 }, // U+01D2
    { 19, 25, 299, 0, 24, 119, 2304 }, // U+01D3
    { 17, 21, 267, 0, 20, 90, 2423 }, // U+01D4
    { 19, 27, 299, 0, 26, 129, 2513 }, // U+01D5
    { 17, 23, 267, 0, 22, 98, 2642 }, // U+01D6
    { 19, 28, 299, 0, 27, 133, 2740 }, // U+01D7
    { 17, 24, 267, 0, 23, 102, 2873 }, // U+01D8
    { 19, 28, 299, 0, 27, 133, 2975 }, // U+01D9
    { 17, 24, 267, 0, 23, 102, 3108 }, // U+01DA
    { 19, 28, 299, 0, 27, 133, 3210 }, // U+01DB
    { 17, 24, 267, 0, 23, 102, 3343 }, // U+01DC
    { 13, 15, 229, 1, 14, 49, 3445 }, // U+01DD
    { 19, 26, 301, 0, 26, 124, 3494 }, // U+01DE
    { 14, 23, 240, 1, 22, 81, 3618 }, // U+01DF
    { 19, 26, 301, 0, 26, 124, 3699 }, // U+01E0
    { 14, 23, 240, 1, 22, 81, 3823 }, // U+01E1
    { 25, 22, 397, 0, 22, 138, 3904 }, // U+01E2
    { 20, 19, 350, 1, 18, 95, 4042 }, // U+01E3
    { 18, 20, 308, 1, 19, 90, 4137 }, // U+01E4
    { 15, 21, 224, 0, 15, 79, 4227 }, // U+01E5
    { 18, 25, 308, 1, 24, 113, 4306 }, // U+01E6
    { 14, 26, 224, 0, 20, 91, 4419 }, // U+01E7
    { 19, 24, 294, 0, 24, 114, 4510 }, // U+01E8
    { 16, 25, 255, 0, 25, 100, 4624 }, // U+01E9
    { 18, 25, 315, 1, 19, 113, 4724 }, // U+01EA
    { 14, 20, 246, 1, 14, 70, 4837 }, // U+01EB
    { 18, 28, 315, 1, 22, 126, 4907 }, // U+01EC
    { 14, 24, 246, 1, 18, 84, 5033 }, // U+01ED
    { 15, 25, 247, 0, 24, 94, 5117 }, // U+01EE
    { 13, 26, 224, 0, 20, 85, 5211 }, // U+01EF
    { 10, 26, 138, -1, 20, 65, 5296 }, // U+01F0
    { 35, 18, 574, 0, 18, 158, 5361 }, // U+01F1
    { 32, 18, 519, 0, 18, 144, 5519 }, // U+01F2
    { 28, 20, 471, 1, 19, 140, 5663 }, // U+01F3
    { 18, 25, 308, 1, 24, 113, 5803 }, // U+01F4
    { 14, 26, 224, 0, 20, 91, 5916 }, // U+01F5
    { 29, 19, 457, 0, 18, 138, 6007 }, // U+01F6
    { 17, 25, 292, 0, 19, 107, 6145 }, // U+01F7
    { 20, 24, 315, 0, 24, 120, 6252 }, // U+01F8
    { 17, 20, 267, 0, 20, 85, 6372 }, // U+01F9
    { 19, 24, 301, 0, 24, 114, 6457 }, // U+01FA
    { 14, 25, 240, 1, 24, 88, 6571 }, // U+01FB
    { 25, 24, 397, 0, 24, 150, 6659 }, // U+01FC
    { 20, 21, 350, 1, 20, 105, 6809 }, // U+01FD
    { 18, 25, 315, 1, 24, 113, 6914 }, // U+01FE
    { 14, 21, 246, 1, 20, 74, 7027 }, // U+01FF
    { 19, 24, 301, 0, 24, 114, 7101 }, // U+0200
    { 14, 21, 240, 1, 20, 74, 7215 }, // U+0201
    { 19, 24, 301, 0, 24, 114, 7289 }, // U+0202
    { 14, 21, 240, 1, 20, 74, 7403 }, // U+0203
    { 16, 24, 261, 0, 24, 96, 7477 }, // U+0204
    { 13, 21, 229, 1, 20, 69, 7573 }, // U+0205
    { 16, 24, 261, 0, 24, 96, 7642 }, // U+0206
    { 13, 21, 229, 1, 20, 69, 7738 }, // U+0207
    { 12, 24, 160, -2, 24, 72, 7807 }, // U+0208
    { 12, 20, 141, -3, 20, 60, 7879 }, // U+0209
    { 10, 24, 160, 0, 24, 60, 7939 }, // U+020A
    { 9, 20, 141, 0, 20, 45, 7999 }, // U+020B
    { 18, 25, 315, 1, 24, 113, 8044 }, // U+020C
    { 14, 21, 246, 1, 20, 74, 8157 }, // U+020D
    { 18, 25, 315, 1, 24, 113, 8231 }, // U+020E
    { 14, 21, 246, 1, 20, 74, 8344 }, // U+020F
    { 18, 24, 283, 0, 24, 108, 8418 }, // U+0210
    { 13, 20, 209, 0, 20, 65, 8526 }, // U+0211
    { 18, 24, 283, 0, 24, 108, 8591 }, // U+0212
    { 13, 20, 209, 0, 20, 65, 8699 }, // U+0213
    { 19, 25, 299, 0, 24, 119, 8764 }, // U+0214
    { 17, 21, 267, 0, 20, 90, 8883 }, // U+0215
    { 19, 25, 299, 0, 24, 119, 8973 }, // U+0216
    { 17, 21, 267, 0, 20, 90, 9092 }, // U+0217
    { 14, 25, 232, 0, 19, 88, 9182 }, // U+0218
    { 12, 20, 192, 0, 14, 60, 9270 }, // U+0219
    { 17, 24, 261, 0, 18, 102, 9330 }, // U+021A
    { 10, 23, 162, 0, 17, 58, 9432 }, // U+021B
    { 14, 23, 246, 1, 19, 81, 9490 }, // U+021C
    { 12, 20, 216, 1, 14, 60, 9571 }, // U+021D
    { 20, 24, 328, 0, 24, 120, 9631 }, // U+021E
    { 17, 25, 267, 0, 25, 107, 9751 }, // U+021F
    { 7, 5, 0, -12, 20, 9, 0 }, // U+0300
    { 8, 5, 0, -9, 20, 10, 9 }, // U+0301
    { 10, 5, 0, -12, 20, 13, 19 }, // U+0302
    { 10, 5, 0, -13, 20, 13, 32 }, // U+0303
    { 8, 3, 0, -4, 18, 6, 45 }, // U+0304
    { 12, 2, 0, -6, 21, 6, 51 }, // U+0305
    { 8, 5, 0, -4, 20, 10, 57 }, // U+0306
    { 6, 5, 0, -3, 20, 8, 67 }, // U+0307
    { 10, 4, 0, -5, 19, 10, 75 }, // U+0308
    { 7, 7, 0, -11, 21, 13, 85 }, // U+0309
    { 6, 7, 0, -3, 21, 11, 98 }, // U+030A
    { 12, 5, 0, -6, 20, 15, 109 }, // U+030B
    { 10, 5, 0, -13, 20, 13, 124 }, // U+030C
    { 2, 5, 0, -1, 19, 3, 137 }, // U+030D
    { 6, 5, 0, -3, 19, 8, 140 }, // U+030E
    { 11, 5, 0, -14, 20, 14, 148 }, // U+030F
    { 10, 8, 0, -5, 23, 20, 162 }, // U+0310
    { 8, 5, 0, -4, 20, 10, 182 }, // U+0311
    { 6, 8, 0, -3, 18, 12, 192 }, // U+0312
    { 6, 8, 0, -3, 18, 12, 204 }, // U+0313
    { 6, 8, 0, -3, 18, 12, 216 }, // U+0314
    { 6, 8, 0, -3, 18, 12, 228 }, // U+0315
    { 8, 5, 0, -4, -1, 10, 240 }, // U+0316
    { 8, 5, 0, -4, -1, 10, 250 }, // U+0317
    { 4, 6, 0, -2, 0, 6, 260 }, // U+0318
    { 4, 6, 0, -2, 0, 6, 266 }, // U+0319
    { 7, 7, 148, 0, 19, 13, 272 }, // U+031A
    { 6, 7, 0, -3, 20, 11, 285 }, // U+031B
    { 4, 6, 0, -2, 0, 6, 296 }, // U+031C
    { 6, 5, 0, -3, -1, 8, 302 }, // U+031D
    { 6, 5, 0, -3, -1, 8, 310 }, // U+031E
    { 6, 6, 0, -3, 0, 9, 318 }, // U+031F
    { 6, 2, 0, -3, -2, 3, 327 }, // U+0320
    { 6, 7, 0, -3, 2, 11, 330 }, // U+0321
    { 6, 7, 0, -3, 2, 11, 341 }, // U+0322
    { 5, 5, 0, -10, -1, 7, 352 }, // U+0323
    { 10, 4, 0, -5, -1, 10, 359 }, // U+0324
    { 6, 6, 0, -3, 0, 9, 369 }, // U+0325
    { 4, 5, 0, -2, -1, 5, 378 }, // U+0326
    { 6, 7, 0, -3, 1, 11, 383 }, // U+0327
    { 6, 6, 0, -3, 0, 9, 394 }, // U+0328
    { 2, 5, 0, -1, -1, 3, 403 }, // U+0329
    { 10, 5, 0, -5, -1, 13, 406 }, // U+032A
    { 8, 4, 0, -4, -1, 8, 419 }, // U+032B
    { 10, 5, 0, -5, -1, 13, 427 }, // U+032C
    { 10, 5, 0, -5, -1, 13, 440 }, // U+032D
    { 9, 5, 0, -5, -1, 12, 453 }, // U+032E
    { 9, 5, 0, -5, -1, 12, 465 }, // U+032F
    { 10, 5, 0, -5, -1, 13, 477 }, // U+0330
    { 8, 3, 0, -4, -2, 6, 490 }, // U+0331
    { 12, 3, 0, -6, -2, 9, 496 }, // U+0332
    { 12, 5, 0, -6, -1, 15, 505 }, // U+0333
    { 10, 5, 0, -5, 10, 13, 520 }, // U+0334
    { 10, 3, 0, -5, 9, 8, 533 }, // U+0335
    { 18, 3, 0, -9, 9, 14, 541 }, // U+0336
    { 10, 8, 0, -5, 11, 20, 555 }, // U+0337
    { 11, 23, 0, -6, 20, 64, 575 }, // U+0338
    { 4, 6, 0, -2, 0, 6, 639 }, // U+0339
    { 10, 5, 0, -5, -1, 13, 645 }, // U+033A
    { 10, 5, 0, -5, -1, 13, 658 }, // U+033B
    { 8, 4, 0, -4, -1, 8, 671 }, // U+033C
    { 6, 5, 0, -3, 19, 8, 679 }, // U+033D
    { 4, 8, 0, -2, 22, 8, 687 }, // U+033E
    { 12, 5, 0, -6, 24, 15, 695 }, // U+033F
    { 7, 5, 0, -4, 20, 9, 710 }, // U+0340
    { 7, 5, 0, -3, 20, 9, 719 }, // U+0341
    { 10, 5, 0, -5, 20, 13, 728 }, // U+0342
    { 4, 6, 0, -2, 21, 6, 741 }, // U+0343
    { 11, 6, 0, -5, 20, 17, 747 }, // U+0344
    { 6, 5, 0, 1, -1, 8, 764 }, // U+0345
    { 10, 5, 0, -5, 20, 13, 772 }, // U+0346
    { 12, 5, 0, -6, -1, 15, 785 }, // U+0347
    { 6, 5, 0, -3, -2, 8, 800 }, // U+0348
    { 6, 5, 0, -3, -1, 8, 808 }, // U+0349
    { 10, 6, 0, -5, 20, 15, 816 }, // U+034A
    { 10, 11, 0, -5, 25, 28, 831 }, // U+034B
    { 10, 9, 0, -5, 24, 23, 859 }, // U+034C
    { 8, 6, 0, -4, 0, 12, 882 }, // U+034D
    { 6, 6, 0, -3, 0, 9, 894 }, // U+034E
    { 18, 18, 0, -9, 18, 81, 903 }, // U+034F
    { 6, 6, 0, -3, 20, 9, 984 }, // U+0350
    { 4, 7, 0, -2, 21, 7, 993 }, // U+0351
    { 10, 8, 0, -5, 22, 20, 1000 }, // U+0352
    { 6, 5, 0, -3, -1, 8, 1020 }, // U+0353
    { 6, 6, 0, -3, 0, 9, 1028 }, // U+0354
    { 6, 6, 0, -3, 0, 9, 1037 }, // U+0355
    { 10, 5, 0, -5, -1, 13, 1046 }, // U+0356
    { 4, 7, 0, -2, 21, 7, 1059 }, // U+0357
    { 5, 5, 0, 2, 20, 7, 1066 }, // U+0358
    { 8, 6, 0, -4, 0, 12, 1073 }, // U+0359
    { 10, 5, 0, -5, -1, 13, 1085 }, // U+035A
    { 6, 6, 0, -3, 20, 9, 1098 }, // U+035B
    { 20, 6, 0, -10, 0, 30, 1107 }, // U+035C
    { 20, 6, 0, -10, 20, 30, 1137 }, // U+035D
    { 16, 3, 0, -8, 18, 12, 1167 }, // U+035E
    { 16, 2, 0, -8, -2, 8, 1179 }, // U+035F
    { 22, 5, 0, -11, 20, 28, 1187 }, // U+0360
    { 22, 5, 0, -11, 21, 28, 1215 }, // U+0361
    { 16, 6, 0, -8, 0, 24, 1243 }, // U+0362
    { 7, 6, 0, -3, 21, 11, 1267 }, // U+0363
    { 6, 6, 0, -3, 21, 9, 1278 }, // U+0364
    { 5, 9, 0, -2, 24, 12, 1287 }, // U+0365
    { 7, 6, 0, -3, 21, 11, 1299 }, // U+0366
    { 8, 6, 0, -4, 21, 12, 1310 }, // U+0367
    { 6, 6, 0, -3, 21, 9, 1322 }, // U+0368
    { 7, 9, 0, -3, 24, 16, 1331 }, // U+0369
    { 8, 9, 0, -4, 24, 18, 1347 }, // U+036A
    { 12, 6, 0, -6, 21, 18, 1365 }, // U+036B
    { 7, 6, 0, -3, 21, 11, 1383 }, // U+036C
    { 5, 8, 0, -2, 23, 10, 1394 }, // U+036D
    { 8, 6, 0, -4, 21, 12, 1404 }, // U+036E
    { 8, 6, 0, -4, 21, 12, 1416 }, // U+036F
    { 16, 24, 261, 0, 24, 96, 0 }, // U+0400
    { 16, 23, 261, 0, 23, 92, 96 }, // U+0401
    { 20, 18, 329, 0, 18, 90, 188 }, // U+0402
    { 15, 24, 238, 0, 24, 90, 278 }, // U+0403
    { 15, 20, 263, 1, 19, 75, 368 }, // U+0404
    { 14, 20, 233, 0, 19, 70, 443 }, // U+0405
    { 10, 18, 158, 0, 18, 45, 513 }, // U+0406
    { 10, 23, 158, 0, 23, 58, 558 }, // U+0407
    { 11, 24, 158, -1, 18, 66, 616 }, // U+0408
    { 24, 19, 389, 0, 18, 114, 682 }, // U+0409
    { 26, 18, 413, 0, 18, 117, 796 }, // U+040A
    { 22, 18, 355, 0, 18, 99, 913 }, // U+040B
    { 19, 24, 292, 0, 24, 114, 1012 }, // U+040C
    { 20, 24, 329, 0, 24, 120, 1126 }, // U+040D
    { 18, 25, 280, 0, 24, 113, 1246 }, // U+040E
    { 20, 23, 322, 0, 18, 115, 1359 }, // U+040F
    { 19, 18, 300, 0, 18, 86, 1474 }, // U+0410
    { 16, 18, 255, 0, 18, 72, 1560 }, // U+0411
    { 17, 18, 277, 0, 18, 77, 1632 }, // U+0412
    { 15, 18, 238, 0, 18, 68, 1709 }, // U+0413
    { 19, 23, 301, 0, 18, 110, 1777 }, // U+0414
    { 16, 18, 261, 0, 18, 72, 1887 }, // U+0415
    { 26, 18, 414, 0, 18, 117, 1959 }, // U+0416
    { 15, 20, 248, 0, 19, 75, 2076 }, // U+0417
    { 20, 18, 329, 0, 18, 90, 2151 }, // U+0418
    { 20, 24, 329, 0, 24, 120, 2241 }, // U+0419
    { 19, 18, 292, 0, 18, 86, 2361 }, // U+041A
    { 19, 19, 300, 0, 18, 91, 2447 }, // U+041B
    { 24, 18, 388, 0, 18, 108, 2538 }, // U+041C
    { 20, 18, 325, 0, 18, 90, 2646 }, // U+041D
    { 18, 20, 309, 1, 19, 90, 2736 }, // U+041E
    { 20, 18, 322, 0, 18, 90, 2826 }, // U+041F
    { 16, 18, 255, 0, 18, 72, 2916 }, // U+0420
    { 15, 20, 263, 1, 19, 75, 2988 }, // U+0421
    { 17, 18, 269, 0, 18, 77, 3063 }, // U+0422
    { 18, 19, 280, 0, 18, 86, 3140 }, // U+0423
    { 22, 20, 378, 1, 19, 110, 3226 }, // U+0424
    { 19, 18, 293, 0, 18, 86, 3336 }, // U+0425
    { 20, 23, 323, 0, 18, 115, 3422 }, // U+0426
    { 19, 18, 314, 0, 18, 86, 3537 }, // U+0427
    { 28, 18, 456, 0, 18, 126, 3623 }, // U+0428
    { 28, 23, 458, 0, 18, 161, 3749 }, // U+0429
    { 18, 18, 296, 0, 18, 81, 3910 }, // U+042A
    { 24, 18, 394, 0, 18, 108, 3991 }, // U+042B
    { 16, 18, 255, 0, 18, 72, 4099 }, // U+042C
    { 16, 20, 263, 0, 19, 80, 4171 }, // U+042D
    { 26, 20, 432, 0, 19, 130, 4251 }, // U+042E
    { 18, 18, 280, -1, 18, 81, 4381 }, // U+042F
    { 14, 15, 237, 0, 14, 53, 4462 }, // U+0430
    { 14, 21, 242, 1, 20, 74, 4515 }, // U+0431
    { 15, 14, 242, 0, 14, 53, 4589 }, // U+0432
    { 13, 14, 201, 0, 14, 46, 4642 }, // U+0433
    { 16, 19, 250, 0, 14, 76, 4688 }, // U+0434
    { 14, 15, 226, 0, 14, 53, 4764 }, // U+0435
    { 23, 14, 353, 0, 14, 81, 4817 }, // U+0436
    { 12, 15, 203, 0, 14, 45, 4898 }, // U+0437
    { 17, 14, 272, 0, 14, 60, 4943 }, // U+0438
    { 17, 20, 272, 0, 20, 85, 5003 }, // U+0439
    { 16, 14, 248, 0, 14, 56, 5088 }, // U+043A
    { 16, 15, 250, 0, 14, 60, 5144 }, // U+043B
    { 21, 14, 341, 0, 14, 74, 5204 }, // U+043C
    { 17, 14, 270, 0, 14, 60, 5278 }, // U+043D
    { 15, 15, 242, 0, 14, 57, 5338 }, // U+043E
    { 17, 14, 266, 0, 14, 60, 5395 }, // U+043F
    { 16, 20, 258, 0, 14, 80, 5455 }, // U+0440
    { 13, 15, 209, 0, 14, 49, 5535 }, // U+0441
    { 14, 14, 222, 0, 14, 49, 5584 }, // U+0442
    { 16, 21, 242, 0, 14, 84, 5633 }, // U+0443
    { 20, 25, 324, 0, 19, 125, 5717 }, // U+0444
    { 16, 14, 259, 0, 14, 56, 5842 }, // U+0445
    { 17, 19, 268, 0, 14, 81, 5898 }, // U+0446
    { 16, 14, 264, 0, 14, 56, 5979 }, // U+0447
    { 24, 14, 379, 0, 14, 84, 6035 }, // U+0448
    { 24, 19, 381, 0, 14, 114, 6119 }, // U+0449
    { 17, 14, 265, 0, 14, 60, 6233 }, // U+044A
    { 22, 14, 350, 0, 14, 77, 6293 }, // U+044B
    { 14, 14, 228, 0, 14, 49, 6370 }, // U+044C
    { 13, 15, 210, 0, 14, 49, 6419 }, // U+044D
    { 21, 15, 345, 0, 14, 79, 6468 }, // U+044E
    { 15, 14, 244, 0, 14, 53, 6547 }, // U+044F
    { 14, 21, 226, 0, 20, 74, 6600 }, // U+0450
    { 14, 20, 226, 0, 19, 70, 6674 }, // U+0451
    { 15, 25, 252, 0, 19, 94, 6744 }, // U+0452
    { 13, 20, 202, 0, 20, 65, 6838 }, // U+0453
    { 13, 15, 209, 0, 14, 49, 6903 }, // U+0454
    { 12, 15, 192, 0, 14, 45, 6952 }, // U+0455
    { 9, 20, 141, 0, 20, 45, 6997 }, // U+0456
    { 9, 20, 141, 0, 20, 45, 7042 }, // U+0457
    { 8, 26, 133, -1, 20, 52, 7087 }, // U+0458
    { 21, 15, 334, 0, 14, 79, 7139 }, // U+0459
    { 22, 14, 353, 0, 14, 77, 7218 }, // U+045A
    { 17, 19, 264, 0, 19, 81, 7295 }, // U+045B
    { 16, 20, 250, 0, 20, 80, 7376 }, // U+045C
    { 17, 20, 272, 0, 20, 85, 7456 }, // U+045D
    { 16, 27, 242, 0, 20, 108, 7541 }, // U+045E
    { 17, 19, 266, 0, 14, 81, 7649 }, // U+045F
    { 25, 19, 411, 0, 19, 119, 7730 }, // U+0460
    { 22, 14, 359, 0, 14, 77, 7849 }, // U+0461
    { 18, 18, 286, 0, 18, 81, 7926 }, // U+0462
    { 15, 19, 241, 0, 19, 72, 8007 }, // U+0463
    { 25, 20, 413, 0, 19, 125, 8079 }, // U+0464
    { 21, 15, 343, 0, 14, 79, 8204 }, // U+0465
    { 20, 18, 317, 0, 18, 90, 8283 }, // U+0466
    { 17, 14, 267, 0, 14, 60, 8373 }, // U+0467
    { 30, 18, 468, 0, 18, 135, 8433 }, // U+0468
    { 24, 14, 384, 0, 14, 84, 8568 }, // U+0469
    { 23, 18, 368, 0, 18, 104, 8652 }, // U+046A
    { 20, 14, 318, 0, 14, 70, 8756 }, // U+046B
    { 33, 18, 520, 0, 18, 149, 8826 }, // U+046C
    { 28, 14, 438, 0, 14, 98, 8975 }, // U+046D
    { 14, 28, 247, 1, 22, 98, 9073 }, // U+046E
    { 13, 23, 212, 0, 17, 75, 9171 }, // U+046F
    { 24, 18, 391, 0, 18, 108, 9246 }, // U+0470
    { 17, 25, 283, 0, 19, 107, 9354 }, // U+0471
    { 18, 20, 315, 1, 19, 90, 9461 }, // U+0472
    { 14, 15, 248, 1, 14, 53, 9551 }, // U+0473
    { 19, 18, 297, 0, 18, 86, 9604 }, // U+0474
    { 17, 14, 256, 0, 14, 60, 9690 }, // U+0475
    { 19, 24, 297, 0, 24, 114, 9750 }, // U+0476
    { 17, 20, 256, 0, 20, 85, 9864 }, // U+0477
    { 32, 25, 521, 1, 19, 200, 9949 }, // U+0478
    { 28, 20, 450, 1, 14, 140, 10149 }, // U+0479
    { 19, 22, 331, 1, 20, 105, 10289 }, // U+047A
    { 14, 17, 257, 1, 15, 60, 10394 }, // U+047B
    { 26, 28, 450, 1, 27, 182, 10454 }, // U+047C
    { 22, 24, 386, 1, 23, 132, 10636 }, // U+047D
    { 25, 22, 411, 0, 22, 138, 10768 }, // U+047E
    { 22, 18, 359, 0, 18, 99, 10906 }, // U+047F
    { 15, 25, 268, 1, 19, 94, 11005 }, // U+0480
    { 12, 20, 211, 1, 14, 60, 11099 }, // U+0481
    { 13, 17, 244, 1, 16, 56, 11159 }, // U+0482
    { 10, 5, 0, -5, 19, 13, 11215 }, // U+0483
    { 10, 4, 0, -5, 19, 10, 11228 }, // U+0484
    { 4, 5, 0, -2, 20, 5, 11238 }, // U+0485
    { 4, 5, 0, -2, 20, 5, 11243 }, // U+0486
    { 12, 4, 0, -6, 23, 12, 11248 }, // U+0487
    { 32, 29, 0, -16, 21, 232, 11260 }, // U+0488
    { 30, 31, 0, -15, 22, 233, 11492 }, // U+0489
    { 21, 30, 330, 0, 24, 158, 11725 }, // U+048A
    { 17, 26, 272, 0, 20, 111, 11883 }, // U+048B
    { 16, 19, 255, 0, 19, 76, 11994 }, // U+048C
    { 15, 17, 241, 0, 17, 64, 12070 }, // U+048D
    { 16, 18, 255, 0, 18, 72, 12134 }, // U+048E
    { 15, 20, 258, 0, 14, 75, 12206 }, // U+048F
    { 14, 22, 219, 0, 22, 77, 12281 }, // U+0490
    { 12, 17, 183, 0, 17, 51, 12358 }, // U+0491
    { 15, 18, 236, 0, 18, 68, 12409 }, // U+0492
    { 13, 14, 203, 0, 14, 46, 12477 }, // U+0493
    { 18, 25, 288, 0, 18, 113, 12523 }, // U+0494
    { 15, 20, 246, 0, 14, 75, 12636 }, // U+0495
    { 27, 24, 433, 0, 18, 162, 12711 }, // U+0496
    { 24, 20, 383, 0, 14, 120, 12873 }, // U+0497
    { 15, 25, 247, 0, 19, 94, 12993 }, // U+0498
    { 13, 20, 212, 0, 14, 65, 13087 }, // U+0499
    { 19, 24, 302, 0, 18, 114, 13152 }, // U+049A
    { 17, 20, 265, 0, 14, 85, 13266 }, // U+049B
    { 19, 18, 302, 0, 18, 86, 13351 }, // U+049C
    { 17, 14, 269, 0, 14, 60, 13437 }, // U+049D
    { 18, 18, 288, 0, 18, 81, 13497 }, // U+049E
    { 17, 19, 257, 0, 19, 81, 13578 }, // U+049F
    { 21, 18, 332, 0, 18, 95, 13659 }, // U+04A0
    { 20, 14, 308, 0, 14, 70, 13754 }, // U+04A1
    { 20, 24, 328, 0, 18, 120, 13824 }, // U+04A2
    { 17, 20, 276, 0, 14, 85, 13944 }, // U+04A3
    { 23, 18, 371, 0, 18, 104, 14029 }, // U+04A4
    { 21, 14, 327, 0, 14, 74, 14133 }, // U+04A5
    { 28, 25, 451, 0, 18, 175, 14207 }, // U+04A6
    { 23, 20, 374, 0, 14, 115, 14382 }, // U+04A7
    { 20, 21, 339, 1, 19, 105, 14497 }, // U+04A8
    { 17, 15, 286, 1, 14, 64, 14602 }, // U+04A9
    { 15, 25, 268, 1, 19, 94, 14666 }, // U+04AA
    { 12, 20, 211, 1, 14, 60, 14760 }, // U+04AB
    { 17, 24, 261, 0, 18, 102, 14820 }, // U+04AC
    { 14, 20, 227, 0, 14, 70, 14922 }, // U+04AD
    { 18, 18, 277, 0, 18, 81, 14992 }, // U+04AE
    { 16, 20, 242, 0, 14, 80, 15073 }, // U+04AF
    { 18, 18, 277, 0, 18, 81, 15153 }, // U+04B0
    { 16, 20, 242, 0, 14, 80, 15234 }, // U+04B1
    { 19, 24, 301, 0, 18, 114, 15314 }, // U+04B2
    { 17, 20, 258, 0, 14, 85, 15428 }, // U+04B3
    { 25, 24, 397, 0, 18, 150, 15513 }, // U+04B4
    { 22, 20, 348, 0, 14, 110, 15663 }, // U+04B5
    { 19, 24, 312, 0, 18, 114, 15773 }, // U+04B6
    { 17, 20, 272, 0, 14, 85, 15887 }, // U+04B7
    { 19, 18, 313, 0, 18, 86, 15972 }, // U+04B8
    { 16, 14, 264, 0, 14, 56, 16058 }, // U+04B9
    { 20, 18, 312, 0, 18, 90, 16114 }, // U+04BA
    { 17, 19, 267, 0, 19, 81, 16204 }, // U+04BB
    { 21, 20, 342, 0, 19, 105, 16285 }, // U+04BC
    { 17, 15, 282, 0, 14, 64, 16390 }, // U+04BD
    { 21, 25, 342, 0, 19, 132, 16454 }, // U+04BE
    { 17, 20, 282, 0, 14, 85, 16586 }, // U+04BF
    { 10, 18, 160, 0, 18, 45, 16671 }, // U+04C0
    { 26, 24, 414, 0, 24, 156, 16716 }, // U+04C1
    { 23, 20, 353, 0, 20, 115, 16872 }, // U+04C2
    { 18, 25, 291, 0, 18, 113, 16987 }, // U+04C3
    { 16, 20, 264, 0, 14, 80, 17100 }, // U+04C4
    { 19, 24, 300, 0, 18, 114, 17180 }, // U+04C5
    { 16, 20, 250, 0, 14, 80, 17294 }, // U+04C6
    { 20, 25, 328, 0, 18, 125, 17374 }, // U+04C7
    { 17, 21, 276, 0, 14, 90, 17499 }, // U+04C8
    { 21, 24, 328, 0, 18, 126, 17589 }, // U+04C9
    { 17, 20, 270, 0, 14, 85, 17715 }, // U+04CA
    { 19, 24, 312, 0, 18, 114, 17800 }, // U+04CB
    { 17, 20, 272, 0, 14, 85, 17914 }, // U+04CC
    { 24, 24, 388, 0, 18, 144, 17999 }, // U+04CD
    { 22, 20, 341, 0, 14, 110, 18143 }, // U+04CE
    { 10, 18, 160, 0, 18, 45, 18253 }, // U+04CF
    { 19, 24, 301, 0, 24, 114, 18298 }, // U+04D0
    { 14, 21, 240, 1, 20, 74, 18412 }, // U+04D1
    { 19, 23, 301, 0, 23, 110, 18486 }, // U+04D2
    { 14, 20, 240, 1, 19, 70, 18596 }, // U+04D3
    { 25, 18, 397, 0, 18, 113, 18666 }, // U+04D4
    { 20, 15, 350, 1, 14, 75, 18779 }, // U+04D5
    { 16, 24, 261, 0, 24, 96, 18854 }, // U+04D6
    { 13, 21, 229, 1, 20, 69, 18950 }, // U+04D7
    { 16, 20, 291, 1, 19, 80, 19019 }, // U+04D8
    { 13, 15, 229, 1, 14, 49, 19099 }, // U+04D9
    { 16, 24, 291, 1, 23, 96, 19148 }, // U+04DA
    { 13, 20, 229, 1, 19, 65, 19244 }, // U+04DB
    { 26, 23, 414, 0, 23, 150, 19309 }, // U+04DC
    { 23, 19, 353, 0, 19, 110, 19459 }, // U+04DD
    { 15, 24, 251, 0, 23, 90, 19569 }, // U+04DE
    { 12, 20, 203, 0, 19, 60, 19659 }, // U+04DF
    { 15, 19, 247, 0, 18, 72, 19719 }, // U+04E0
    { 13, 20, 224, 0, 14, 65, 19791 }, // U+04E1
    { 20, 22, 329, 0, 22, 110, 19856 }, // U+04E2
    { 17, 18, 272, 0, 18, 77, 19966 }, // U+04E3
    { 20, 23, 329, 0, 23, 115, 20043 }, // U+04E4
    { 17, 19, 272, 0, 19, 81, 20158 }, // U+04E5
    { 18, 24, 315, 1, 23, 108, 20239 }, // U+04E6
    { 14, 20, 246, 1, 19, 70, 20347 }, // U+04E7
    { 18, 20, 315, 1, 19, 90, 20417 }, // U+04E8
    { 14, 15, 246, 1, 14, 53, 20507 }, // U+04E9
    { 18, 24, 315, 1, 23, 108, 20560 }, // U+04EA
    { 14, 20, 246, 1, 19, 70, 20668 }, // U+04EB
    { 16, 24, 263, 0, 23, 96, 20738 }, // U+04EC
    { 13, 20, 210, 0, 19, 65, 20834 }, // U+04ED
    { 18, 23, 280, 0, 22, 104, 20899 }, // U+04EE
    { 15, 24, 232, 0, 18, 90, 21003 }, // U+04EF
    { 18, 24, 280, 0, 23, 108, 21093 }, // U+04F0
    { 15, 25, 232, 0, 19, 94, 21201 }, // U+04F1
    { 18, 25, 280, 0, 24, 113, 21295 }, // U+04F2
    { 15, 26, 232, 0, 20, 98, 21408 }, // U+04F3
    { 19, 23, 313, 0, 23, 110, 21506 }, // U+04F4
    { 16, 19, 264, 0, 19, 76, 21616 }, // U+04F5
    { 15, 24, 236, 0, 18, 90, 21692 }, // U+04F6
    { 13, 20, 203, 0, 14, 65, 21782 }, // U+04F7
    { 24, 23, 394, 0, 23, 138, 21847 }, // U+04F8
    { 22, 19, 350, 0, 19, 105, 21985 }, // U+04F9
    { 15, 24, 236, 0, 18, 90, 22090 }, // U+04FA
    { 13, 20, 203, 0, 14, 65, 22180 }, // U+04FB
    { 19, 24, 293, 0, 18, 114, 22245 }, // U+04FC
    { 17, 20, 258, 0, 14, 85, 22359 }, // U+04FD
    { 19, 18, 293, 0, 18, 86, 22444 }, // U+04FE
    { 16, 14, 258, 0, 14, 56, 22530 }, // U+04FF
    { 19, 24, 301, 0, 18, 114, 0 }, // U+1EA0
    { 14, 20, 240, 1, 14, 70, 114 }, // U+1EA1
    { 19, 25, 301, 0, 25, 119, 184 }, // U+1EA2
    { 14, 22, 240, 1, 21, 77, 303 }, // U+1EA3
    { 19, 25, 301, 0, 25, 119, 380 }, // U+1EA4
    { 14, 22, 240, 1, 21, 77, 499 }, // U+1EA5
    { 19, 25, 301, 0, 25, 119, 576 }, // U+1EA6
    { 15, 22, 240, 0, 21, 83, 695 }, // U+1EA7
    { 19, 26, 301, 0, 26, 124, 778 }, // U+1EA8
    { 14, 23, 240, 1, 22, 81, 902 }, // U+1EA9
    { 19, 27, 301, 0, 27, 129, 983 }, // U+1EAA
    { 14, 24, 240, 1, 23, 84, 1112 }, // U+1EAB
    { 19, 30, 301, 0, 24, 143, 1196 }, // U+1EAC
    { 14, 26, 240, 1, 20, 91, 1339 }, // U+1EAD
    { 19, 26, 301, 0, 26, 124, 1430 }, // U+1EAE
    { 14, 23, 240, 1, 22, 81, 1554 }, // U+1EAF
    { 19, 26, 301, 0, 26, 124, 1635 }, // U+1EB0
    { 14, 23, 240, 1, 22, 81, 1759 }, // U+1EB1
    { 19, 27, 301, 0, 27, 129, 1840 }, // U+1EB2
    { 14, 24, 240, 1, 23, 84, 1969 }, // U+1EB3
    { 19, 27, 301, 0, 27, 129, 2053 }, // U+1EB4
    { 14, 24, 240, 1, 23, 84, 2182 }, // U+1EB5
    { 19, 30, 301, 0, 24, 143, 2266 }, // U+1EB6
    { 14, 26, 240, 1, 20, 91, 2409 }, // U+1EB7
    { 16, 24, 261, 0, 18, 96, 2500 }, // U+1EB8
    { 13, 20, 229, 1, 14, 65, 2596 }, // U+1EB9
    { 16, 25, 261, 0, 25, 100, 2661 }, // U+1EBA
    { 13, 22, 229, 1, 21, 72, 2761 }, // U+1EBB
    { 16, 24, 261, 0, 24, 96, 2833 }, // U+1EBC
    { 13, 21, 229, 1, 20, 69, 2929 }, // U+1EBD
    { 16, 25, 261, 0, 25, 100, 2998 }, // U+1EBE
    { 14, 22, 229, 1, 21, 77, 3098 }, // U+1EBF
    { 16, 25, 261, 0, 25, 100, 3175 }, // U+1EC0
    { 14, 22, 229, 0, 21, 77, 3275 }, // U+1EC1
    { 16, 26, 261, 0, 26, 104, 3352 }, // U+1EC2
    { 13, 23, 229, 1, 22, 75, 3456 }, // U+1EC3
    { 16, 27, 261, 0, 27, 108, 3531 }, // U+1EC4
    { 13, 24, 229, 1, 23, 78, 3639 }, // U+1EC5
    { 16, 30, 261, 0, 24, 120, 3717 }, // U+1EC6
    { 13, 26, 229, 1, 20, 85, 3837 }, // U+1EC7
    { 10, 25, 160, 0, 25, 63, 3922 }, // U+1EC8
    { 9, 21, 141, 0, 21, 48, 3985 }, // U+1EC9
    { 10, 24, 160, 0, 18, 60, 4033 }, // U+1ECA
    { 9, 26, 141, 0, 20, 59, 4093 }, // U+1ECB
    { 18, 25, 315, 1, 19, 113, 4152 }, // U+1ECC
    { 14, 20, 246, 1, 14, 70, 4265 }, // U+1ECD
    { 18, 26, 315, 1, 25, 117, 4335 }, // U+1ECE
    { 14, 22, 246, 1, 21, 77, 4452 }, // U+1ECF
    { 18, 26, 315, 1, 25, 117, 4529 }, // U+1ED0
    { 14, 22, 246, 1, 21, 77, 4646 }, // U+1ED1
    { 18, 26, 315, 1, 25, 117, 4723 }, // U+1ED2
    { 15, 22, 246, 0, 21, 83, 4840 }, // U+1ED3
    { 18, 27, 315, 1, 26, 122, 4923 }, // U+1ED4
    { 14, 23, 246, 1, 22, 81, 5045 }, // U+1ED5
    { 18, 28, 315, 1, 27, 126, 5126 }, // U+1ED6
    { 14, 24, 246, 1, 23, 84, 5252 }, // U+1ED7
    { 18, 30, 315, 1, 24, 135, 5336 }, // U+1ED8
    { 14, 26, 246, 1, 20, 91, 5471 }, // U+1ED9
    { 21, 25, 337, 1, 24, 132, 5562 }, // U+1EDA
    { 16, 21, 268, 1, 20, 84, 5694 }, // U+1EDB
    { 21, 25, 337, 1, 24, 132, 5778 }, // U+1EDC
    { 16, 21, 268, 1, 20, 84, 5910 }, // U+1EDD
    { 21, 26, 337, 1, 25, 137, 5994 }, // U+1EDE
    { 16, 22, 268, 1, 21, 88, 6131 }, // U+1EDF
    { 21, 25, 337, 1, 24, 132, 6219 }, // U+1EE0
    { 16, 21, 268, 1, 20, 84, 6351 }, // U+1EE1
    { 21, 26, 337, 1, 20, 137, 6435 }, // U+1EE2
    { 16, 22, 268, 1, 16, 88, 6572 }, // U+1EE3
    { 19, 24, 299, 0, 18, 114, 6660 }, // U+1EE4
    { 17, 20, 267, 0, 14, 85, 6774 }, // U+1EE5
    { 19, 26, 299, 0, 25, 124, 6859 }, // U+1EE6
    { 17, 22, 267, 0, 21, 94, 6983 }, // U+1EE7
    { 22, 25, 341, 0, 24, 138, 7077 }, // U+1EE8
    { 20, 21, 311, 0, 20, 105, 7215 }, // U+1EE9
    { 22, 25, 341, 0, 24, 138, 7320 }, // U+1EEA
    { 20, 21, 311, 0, 20, 105, 7458 }, // U+1EEB
    { 22, 26, 341, 0, 25, 143, 7563 }, // U+1EEC
    { 20, 22, 311, 0, 21, 110, 7706 }, // U+1EED
    { 22, 25, 341, 0, 24, 138, 7816 }, // U+1EEE
    { 20, 21, 311, 0, 20, 105, 7954 }, // U+1EEF
    { 22, 26, 341, 0, 20, 143, 8059 }, // U+1EF0
    { 20, 22, 311, 0, 16, 110, 8202 }, // U+1EF1
    { 18, 24, 277, 0, 24, 108, 8312 }, // U+1EF2
    { 15, 26, 232, 0, 20, 98, 8420 }, // U+1EF3
    { 18, 24, 277, 0, 18, 108, 8518 }, // U+1EF4
    { 15, 20, 232, 0, 14, 75, 8626 }, // U+1EF5
    { 18, 25, 277, 0, 25, 113, 8701 }, // U+1EF6
    { 15, 27, 232, 0, 21, 102, 8814 }, // U+1EF7
    { 18, 24, 277, 0, 24, 108, 8916 }, // U+1EF8
    { 15, 26, 232, 0, 20, 98, 9024 }, // U+1EF9
    { 0, 0, 200, 0, 0, 0, 0 }, // U+2000
    { 0, 0, 400, 0, 0, 0, 0 }, // U+2001
    { 0, 0, 200, 0, 0, 0, 0 }, // U+2002
    { 0, 0, 400, 0, 0, 0, 0 }, // U+2003
    { 0, 0, 133, 0, 0, 0, 0 }, // U+2004
    { 0, 0, 100, 0, 0, 0, 0 }, // U+2005
    { 0, 0, 67, 0, 0, 0, 0 }, // U+2006
    { 0, 0, 226, 0, 0, 0, 0 }, // U+2007
    { 0, 0, 118, 0, 0, 0, 0 }, // U+2008
    { 0, 0, 66, 0, 0, 0, 0 }, // U+2009
    { 0, 0, 40, 0, 0, 0, 0 }, // U+200A
    { 0, 0, 0, 0, 0, 0, 0 }, // U+200B
    { 2, 20, 0, -1, 16, 10, 0 }, // U+200C
    { 6, 22, 0, -3, 18, 33, 10 }, // U+200D
    { 7, 22, 0, -1, 18, 39, 43 }, // U+200E
    { 7, 22, 0, -6, 18, 39, 82 }, // U+200F
    { 8, 4, 124, 0, 9, 8, 121 }, // U+2010
    { 8, 4, 124, 0, 9, 8, 129 }, // U+2011
    { 12, 2, 226, 1, 10, 6, 137 }, // U+2012
    { 14, 3, 200, -1, 8, 11, 143 }, // U+2013
    { 27, 3, 400, -1, 8, 21, 154 }, // U+2014
    { 27, 3, 400, -1, 8, 21, 175 }, // U+2015
    { 8, 25, 224, 3, 19, 50, 196 }, // U+2016
    { 12, 6, 164, -1, 0, 18, 246 }, // U+2017
    { 5, 8, 112, 1, 18, 10, 264 }, // U+2018
    { 5, 8, 112, 1, 18, 10, 274 }, // U+2019
    { 5, 8, 118, 1, 4, 10, 284 }, // U+201A
    { 5, 8, 112, 1, 18, 10, 294 }, // U+201B
    { 11, 8, 196, 1, 18, 22, 304 }, // U+201C
    { 10, 8, 196, 1, 18, 20, 326 }, // U+201D
    { 10, 8, 196, 1, 4, 20, 346 }, // U+201E
    { 11, 8, 196, 1, 18, 22, 366 }, // U+201F
    { 12, 22, 191, 0, 19, 66, 388 }, // U+2020
    { 12, 22, 191, 0, 19, 66, 454 }, // U+2021
    { 8, 9, 160, 1, 13, 18, 520 }, // U+2022
    { 9, 9, 200, 2, 13, 21, 538 }, // U+2023
    { 5, 5, 118, 1, 11, 7, 559 }, // U+2024
    { 12, 5, 230, 1, 11, 15, 566 }, // U+2025
    { 21, 5, 365, 1, 4, 27, 581 }, // U+2026
    { 5, 5, 118, 1, 10, 7, 608 }, // U+2027
    { 0, 0, 240, 0, 0, 0, 615 }, // U+2028
    { 0, 0, 240, 0, 0, 0, 615 }, // U+2029
    { 7, 20, 0, -1, 16, 35, 615 }, // U+202A
    { 7, 20, 0, -6, 16, 35, 650 }, // U+202B
    { 6, 22, 0, -3, 18, 33, 685 }, // U+202C
    { 6, 22, 0, -3, 18, 33, 718 }, // U+202D
    { 6, 22, 0, -3, 18, 33, 751 }, // U+202E
    { 0, 0, 66, 0, 0, 0, 784 }, // U+202F
    { 32, 20, 524, 0, 19, 160, 784 }, // U+2030
    { 43, 20, 692, 0, 19, 215, 944 }, // U+2031
    { 6, 7, 100, 0, 18, 11, 1159 }, // U+2032
    { 12, 7, 196, 0, 18, 21, 1170 }, // U+2033
    { 18, 7, 292, 0, 18, 32, 1191 }, // U+2034
    { 6, 7, 100, 0, 18, 11, 1223 }, // U+2035
    { 12, 7, 196, 0, 18, 21, 1234 }, // U+2036
    { 18, 7, 292, 0, 18, 32, 1255 }, // U+2037
    { 11, 8, 176, 0, 2, 22, 1287 }, // U+2038
    { 7, 11, 141, 1, 12, 20, 1309 }, // U+2039
    { 7, 11, 141, 1, 12, 20, 1329 }, // U+203A
    { 18, 18, 328, 1, 18, 81, 1349 }, // U+203B
    { 12, 19, 252, 2, 18, 57, 1430 }, // U+203C
    { 15, 20, 246, 0, 19, 75, 1487 }, // U+203D
    { 13, 2, 184, -1, 21, 7, 1562 }, // U+203E
    { 20, 6, 0, -10, 0, 30, 1569 }, // U+203F
    { 22, 5, 0, -11, 21, 28, 1599 }, // U+2040
    { 12, 18, 180, 0, 18, 54, 1627 }, // U+2041
    { 25, 19, 400, 0, 19, 119, 1681 }, // U+2042
    { 7, 5, 145, 1, 11, 9, 1800 }, // U+2043
    { 12, 18, 25, -5, 18, 54, 1809 }, // U+2044
    { 8, 23, 166, 2, 19, 46, 1863 }, // U+2045
    { 8, 23, 166, 0, 19, 46, 1909 }, // U+2046
    { 26, 20, 426, 0, 19, 130, 1955 }, // U+2047
    { 19, 20, 338, 0, 19, 95, 2085 }, // U+2048
    { 18, 20, 340, 2, 19, 90, 2180 }, // U+2049
    { 13, 20, 244, 1, 15, 65, 2270 }, // U+204A
    { 14, 22, 251, 1, 19, 77, 2335 }, // U+204B
    { 14, 10, 247, 1, 14, 35, 2412 }, // U+204C
    { 14, 10, 247, 1, 14, 35, 2447 }, // U+204D
    { 12, 11, 201, 0, 15, 33, 2482 }, // U+204E
    { 6, 18, 122, 1, 14, 27, 2515 }, // U+204F
    { 18, 20, 308, 1, 19, 90, 2542 }, // U+2050
    { 12, 22, 201, 0, 20, 66, 2632 }, // U+2051
    { 10, 19, 161, 0, 18, 48, 2698 }, // U+2052
    { 13, 6, 224, 1, 12, 20, 2746 }, // U+2053
    { 20, 6, 0, -10, 0, 30, 2766 }, // U+2054
    { 12, 12, 216, 1, 15, 36, 2796 }, // U+2055
    { 13, 15, 252, 1, 14, 49, 2832 }, // U+2056
    { 24, 7, 388, 0, 18, 42, 2881 }, // U+2057
    { 17, 15, 306, 1, 14, 64, 2923 }, // U+2058
    { 17, 15, 306, 1, 14, 64, 2987 }, // U+2059
    { 5, 20, 122, 1, 19, 25, 3051 }, // U+205A
    { 17, 20, 306, 1, 19, 85, 3076 }, // U+205B
    { 14, 14, 279, 2, 14, 49, 3161 }, // U+205C
    { 5, 20, 122, 1, 19, 25, 3210 }, // U+205D
    { 5, 20, 122, 1, 19, 25, 3235 }, // U+205E
    { 0, 0, 89, 0, 0, 0, 3260 }, // U+205F
    { 0, 0, 240, 0, 0, 0, 3260 }, // U+2060
    { 0, 0, 240, 0, 0, 0, 3260 }, // U+2061
    { 0, 0, 240, 0, 0, 0, 3260 }, // U+2062
    { 0, 0, 240, 0, 0, 0, 3260 }, // U+2063
    { 0, 0, 240, 0, 0, 0, 3260 }, // U+2064
    { 0, 0, 0, 0, 0, 0, 3260 }, // U+2066
    { 0, 0, 0, 0, 0, 0, 3260 }, // U+2067
    { 0, 0, 0, 0, 0, 0, 3260 }, // U+2068
    { 0, 0, 0, 0, 0, 0, 3260 }, // U+2069
    { 6, 22, 0, -3, 18, 33, 3260 }, // U+206A
    { 6, 22, 0, -3, 18, 33, 3293 }, // U+206B
    { 6, 22, 0, -3, 18, 33, 3326 }, // U+206C
    { 6, 22, 0, -3, 18, 33, 3359 }, // U+206D
    { 6, 22, 0, -3, 18, 33, 3392 }, // U+206E
    { 6, 22, 0, -3, 18, 33, 3425 }, // U+206F
    { 10, 12, 160, 0, 21, 30, 0 }, // U+2070
    { 6, 12, 92, 0, 19, 18, 30 }, // U+2071
    { 10, 12, 160, 0, 21, 30, 48 }, // U+2074
    { 9, 12, 160, 0, 21, 27, 78 }, // U+2075
    { 8, 12, 160, 1, 21, 24, 105 }, // U+2076
    { 9, 12, 160, 0, 21, 27, 129 }, // U+2077
    { 10, 12, 160, 0, 21, 30, 156 }, // U+2078
    { 8, 12, 160, 1, 21, 24, 186 }, // U+2079
    { 10, 9, 160, 0, 19, 23, 210 }, // U+207A
    { 10, 3, 160, 0, 16, 8, 233 }, // U+207B
    { 10, 7, 160, 0, 18, 18, 241 }, // U+207C
    { 6, 16, 100, 1, 23, 24, 259 }, // U+207D
    { 6, 16, 100, -1, 23, 24, 283 }, // U+207E
    { 11, 9, 174, 0, 16, 25, 307 }, // U+207F
    { 10, 12, 160, 0, 9, 30, 332 }, // U+2080
    { 8, 12, 160, 1, 9, 24, 362 }, // U+2081
    { 9, 12, 160, 0, 9, 27, 386 }, // U+2082
    { 9, 12, 160, 0, 9, 27, 413 }, // U+2083
    { 10, 12, 160, 0, 9, 30, 440 }, // U+2084
    { 9, 12, 160, 0, 9, 27, 470 }, // U+2085
    { 8, 12, 160, 1, 9, 24, 497 }, // U+2086
    { 9, 12, 160, 0, 9, 27, 521 }, // U+2087
    { 10, 12, 160, 0, 9, 30, 548 }, // U+2088
    { 8, 12, 160, 1, 9, 24, 578 }, // U+2089
    { 10, 9, 160, 0, 7, 23, 602 }, // U+208A
    { 10, 3, 160, 0, 4, 8, 625 }, // U+208B
    { 10, 7, 160, 0, 6, 18, 633 }, // U+208C
    { 6, 16, 100, 1, 11, 24, 651 }, // U+208D
    { 6, 16, 100, -1, 11, 24, 675 }, // U+208E
    { 10, 9, 156, 0, 6, 23, 699 }, // U+2090
    { 9, 9, 149, 0, 6, 21, 722 }, // U+2091
    { 10, 9, 160, 0, 6, 23, 743 }, // U+2092
    { 11, 9, 168, 0, 6, 25, 766 }, // U+2093
    { 9, 9, 149, 0, 6, 21, 791 }, // U+2094
    { 11, 12, 174, 0, 9, 33, 812 }, // U+2095
    { 11, 12, 166, 0, 9, 33, 845 }, // U+2096
    { 6, 12, 92, 0, 9, 18, 878 }, // U+2097
    { 16, 9, 256, 0, 6, 36, 896 }, // U+2098
    { 11, 9, 174, 0, 6, 25, 932 }, // U+2099
    { 10, 12, 168, 0, 6, 30, 957 }, // U+209A
    { 8, 9, 125, 0, 6, 18, 987 }, // U+209B
    { 7, 11, 106, 0, 8, 20, 1005 }, // U+209C
    { 19, 19, 308, 0, 19, 91, 0 }, // U+20A0
    { 15, 21, 268, 1, 19, 79, 91 }, // U+20A1
    { 15, 20, 268, 1, 19, 75, 170 }, // U+20A2
    { 14, 18, 226, 0, 18, 63, 245 }, // U+20A3
    { 14, 20, 226, 0, 19, 70, 308 }, // U+20A4
    { 25, 21, 394, 0, 17, 132, 378 }, // U+20A5
    { 20, 18, 315, 0, 18, 90, 510 }, // U+20A6
    { 22, 19, 360, 0, 18, 105, 600 }, // U+20A7
    { 28, 19, 461, 0, 18, 133, 705 }, // U+20A8
    { 28, 18, 427, -1, 18, 126, 838 }, // U+20A9
    { 20, 15, 357, 1, 15, 75, 964 }, // U+20AA
    { 15, 23, 260, 1, 19, 87, 1039 }, // U+20AB
    { 14, 20, 224, 0, 19, 70, 1126 }, // U+20AC
    { 19, 18, 294, 0, 18, 86, 1196 }, // U+20AD
    { 17, 18, 261, 0, 18, 77, 1282 }, // U+20AE
    { 28, 26, 443, 0, 21, 182, 1359 }, // U+20AF
    { 15, 25, 254, 0, 19, 94, 1541 }, // U+20B0
    { 16, 18, 255, 0, 18, 72, 1635 }, // U+20B1
    { 18, 22, 308, 1, 20, 99, 1707 }, // U+20B2
    { 19, 18, 301, 0, 18, 86, 1806 }, // U+20B3
    { 16, 20, 232, -1, 19, 80, 1892 }, // U+20B4
    { 15, 22, 268, 1, 20, 83, 1972 }, // U+20B5
    { 15, 19, 237, 0, 18, 72, 2055 }, // U+20B6
    { 14, 22, 226, 0, 19, 77, 2127 }, // U+20B7
    { 14, 18, 226, 0, 18, 63, 2204 }, // U+20B8
    { 12, 18, 224, 1, 18, 54, 2267 }, // U+20B9
    { 14, 18, 226, 0, 18, 63, 2321 }, // U+20BA
    { 16, 20, 261, 0, 19, 80, 2384 }, // U+20BB
    { 17, 17, 314, 1, 17, 73, 2464 }, // U+20BC
    { 15, 18, 236, 0, 18, 68, 2537 }, // U+20BD
    { 16, 19, 280, 1, 19, 76, 2605 }, // U+20BE
    { 14, 22, 226, 0, 20, 77, 2681 }, // U+20BF
    { 13, 19, 211, 0, 14, 62, 2758 }, // U+20C0
    { 12, 3, 229, 1, 10, 9, 0 }, // U+2212
    { 21, 20, 305, 0, 20, 105, 0 }, // U+FB00
    { 18, 20, 288, 0, 20, 90, 105 }, // U+FB01
    { 18, 20, 288, 0, 20, 90, 195 }, // U+FB02
    { 27, 20, 430, 0, 20, 135, 285 }, // U+FB03
    { 27, 20, 430, 0, 20, 135, 420 }, // U+FB04
    { 19, 21, 301, 0, 20, 100, 555 }, // U+FB05
    { 22, 21, 348, 0, 20, 116, 655 }, // U+FB06
    { 23, 23, 400, 1, 19, 133, 0 }, // U+FFFD
};

static const EpdUnicodeInterval notoserif_12_boldIntervals[] = {
    { 0x0, 0x0, 0x0 },
    { 0xD, 0xD, 0x1 },
    { 0x20, 0x7E, 0x2 },
    { 0xA0, 0x17F, 0x61 },
    { 0x1A0, 0x1A1, 0x141 },
    { 0x1AF, 0x1B0, 0x143 },
    { 0x1C4, 0x21F, 0x145 },
    { 0x300, 0x36F, 0x1A1 },
    { 0x400, 0x4FF, 0x211 },
    { 0x1EA0, 0x1EF9, 0x311 },
    { 0x2000, 0x2064, 0x36B },
    { 0x2066, 0x2071, 0x3D0 },
    { 0x2074, 0x208E, 0x3DC },
    { 0x2090, 0x209C, 0x3F7 },
    { 0x20A0, 0x20C0, 0x404 },
    { 0x2212, 0x2212, 0x425 },
    { 0xFB00, 0xFB06, 0x426 },
    { 0xFFFD, 0xFFFD, 0x42D },
};

static const EpdFontGroup notoserif_12_boldGroups[] = {
    { 0, 3095, 6272, 97, 0 },
    { 3095, 2694, 7532, 96, 97 },
    { 5789, 3277, 12064, 128, 193 },
    { 9066, 3302, 10730, 96, 321 },
    { 12368, 1057, 1624, 112, 417 },
    { 13425, 8835, 24348, 256, 529 },
    { 22260, 1907, 9942, 90, 785 },
    { 24167, 1762, 3898, 111, 875 },
    { 25929, 578, 1215, 42, 986 },
    { 26507, 1745, 3009, 33, 1028 },
    { 28252, 11, 9, 1, 1061 },
    { 28263, 346, 831, 7, 1062 },
    { 28609, 100, 138, 1, 1069 },
};

static const EpdKernClassEntry notoserif_12_boldKernLeftClasses[] = {
    { 0x0022, 1 }, // "
    { 0x0026, 2 }, // &
    { 0x0027, 1 }, // '
    { 0x002A, 3 }, // *
    { 0x002C, 4 }, // ,
    { 0x002E, 4 }, // .
    { 0x0040, 5 }, // @
    { 0x0041, 6 }, // A
    { 0x0042, 7 }, // B
    { 0x0044, 8 }, // D
    { 0x0045, 9 }, // E
    { 0x0046, 10 }, // F
    { 0x0047, 11 }, // G
    { 0x004B, 12 }, // K
    { 0x004C, 13 }, // L
    { 0x004E, 14 }, // N
    { 0x004F, 8 }, // O
    { 0x0050, 3 }, // P
    { 0x0051, 8 }, // Q
    { 0x0052, 15 }, // R
    { 0x0053, 16 }, // S
    { 0x0054, 17 }, // T
    { 0x0055, 18 }, // U
    { 0x0056, 19 }, // V
    { 0x0057, 20 }, // W
    { 0x0058, 21 }, // X
    { 0x0059, 22 }, // Y
    { 0x0061, 23 }, // a
    { 0x0062, 24 }, // b
    { 0x0065, 25 }, // e
    { 0x0066, 26 }, // f
    { 0x0067, 27 }, // g
    { 0x0068, 23 }, // h
    { 0x006B, 28 }, // k
    { 0x006D, 23 }, // m
    { 0x006E, 23 }, // n
    { 0x006F, 24 }, // o
    { 0x0070, 24 }, // p
    { 0x0072, 29 }, // r
    { 0x0073, 30 }, // s
    { 0x0076, 31 }, // v
    { 0x0077, 32 }, // w
    { 0x0079, 33 }, // y
    { 0x00A1, 34 }, // U+00A1
    { 0x00BF, 35 }, // U+00BF
    { 0x00C0, 36 }, // U+00C0
    { 0x00C1, 36 }, // U+00C1
    { 0x00C2, 36 }, // U+00C2
    { 0x00C3, 36 }, // U+00C3
    { 0x00C4, 36 }, // U+00C4
    { 0x00C5, 36 }, // U+00C5
    { 0x00C6, 9 }, // U+00C6
    { 0x00C8, 9 }, // U+00C8
    { 0x00C9, 9 }, // U+00C9
    { 0x00CA, 9 }, // U+00CA
    { 0x00CB, 9 }, // U+00CB
    { 0x00D0, 8 }, // U+00D0
    { 0x00D1, 14 }, // U+00D1
    { 0x00D2, 8 }, // U+00D2
    { 0x00D3, 8 }, // U+00D3
    { 0x00D4, 8 }, // U+00D4
    { 0x00D5, 8 }, // U+00D5
    { 0x00D6, 8 }, // U+00D6
    { 0x00D8, 8 }, // U+00D8
    { 0x00D9, 18 }, // U+00D9
    { 0x00DA, 18 }, // U+00DA
    { 0x00DB, 18 }, // U+00DB
    { 0x00DC, 18 }, // U+00DC
    { 0x00DD, 22 }, // U+00DD
    { 0x00DE, 8 }, // U+00DE
    { 0x00DF, 24 }, // U+00DF
    { 0x00E0, 23 }, // U+00E0
    { 0x00E1, 23 }, // U+00E1
    { 0x00E2, 23 }, // U+00E2
    { 0x00E3, 23 }, // U+00E3
    { 0x00E4, 23 }, // U+00E4
    { 0x00E5, 23 }, // U+00E5
    { 0x00E6, 25 }, // U+00E6
    { 0x00E8, 25 }, // U+00E8
    { 0x00E9, 25 }, // U+00E9
    { 0x00EA, 25 }, // U+00EA
    { 0x00EB, 25 }, // U+00EB
    { 0x00F0, 24 }, // U+00F0
    { 0x00F1, 23 }, // U+00F1
    { 0x00F2, 24 }, // U+00F2
    { 0x00F3, 24 }, // U+00F3
    { 0x00F4, 24 }, // U+00F4
    { 0x00F5, 24 }, // U+00F5
    { 0x00F6, 24 }, // U+00F6
    { 0x00F8, 24 }, // U+00F8
    { 0x00FD, 33 }, // U+00FD
    { 0x00FE, 24 }, // U+00FE
    { 0x00FF, 33 }, // U+00FF
    { 0x0100, 6 }, // U+0100
    { 0x0102, 36 }, // U+0102
    { 0x0104, 36 }, // U+0104
    { 0x010E, 8 }, // U+010E
    { 0x010F, 37 }, // U+010F
    { 0x0110, 8 }, // U+0110
    { 0x0112, 9 }, // U+0112
    { 0x0113, 25 }, // U+0113
    { 0x0114, 9 }, // U+0114
    { 0x0115, 25 }, // U+0115
    { 0x0116, 9 }, // U+0116
    { 0x0117, 25 }, // U+0117
    { 0x0118, 9 }, // U+0118
    { 0x0119, 25 }, // U+0119
    { 0x011A, 9 }, // U+011A
    { 0x011B, 25 }, // U+011B
    { 0x011C, 11 }, // U+011C
    { 0x011E, 11 }, // U+011E
    { 0x0120, 11 }, // U+0120
    { 0x0122, 11 }, // U+0122
    { 0x0125, 23 }, // U+0125
    { 0x0127, 23 }, // U+0127
    { 0x0129, 38 }, // U+0129
    { 0x0136, 12 }, // U+0136
    { 0x0137, 28 }, // U+0137
    { 0x0138, 28 }, // U+0138
    { 0x0139, 13 }, // U+0139
    { 0x013B, 13 }, // U+013B
    { 0x013E, 37 }, // U+013E
    { 0x0141, 13 }, // U+0141
    { 0x0143, 14 }, // U+0143
    { 0x0144, 23 }, // U+0144
    { 0x0145, 14 }, // U+0145
    { 0x0146, 23 }, // U+0146
    { 0x0147, 14 }, // U+0147
    { 0x0148, 23 }, // U+0148
    { 0x0149, 23 }, // U+0149
    { 0x014B, 23 }, // U+014B
    { 0x014C, 8 }, // U+014C
    { 0x014D, 24 }, // U+014D
    { 0x014E, 8 }, // U+014E
    { 0x014F, 24 }, // U+014F
    { 0x0150, 8 }, // U+0150
    { 0x0151, 24 }, // U+0151
    { 0x0152, 9 }, // U+0152
    { 0x0153, 25 }, // U+0153
    { 0x0154, 15 }, // U+0154
    { 0x0155, 29 }, // U+0155
    { 0x0156, 15 }, // U+0156
    { 0x0157, 29 }, // U+0157
    { 0x0158, 15 }, // U+0158
    { 0x0159, 29 }, // U+0159
    { 0x015A, 16 }, // U+015A
    { 0x015B, 30 }, // U+015B
    { 0x015C, 16 }, // U+015C
    { 0x015D, 30 }, // U+015D
    { 0x015E, 16 }, // U+015E
    { 0x015F, 30 }, // U+015F
    { 0x0160, 16 }, // U+0160
    { 0x0161, 30 }, // U+0161
    { 0x0162, 17 }, // U+0162
    { 0x0164, 17 }, // U+0164
    { 0x0165, 39 }, // U+0165
    { 0x0166, 17 }, // U+0166
    { 0x0168, 18 }, // U+0168
    { 0x016A, 18 }, // U+016A
    { 0x016C, 18 }, // U+016C
    { 0x016E, 18 }, // U+016E
    { 0x0170, 18 }, // U+0170
    { 0x0172, 18 }, // U+0172
    { 0x0174, 20 }, // U+0174
    { 0x0175, 32 }, // U+0175
    { 0x0176, 22 }, // U+0176
    { 0x0177, 33 }, // U+0177
    { 0x0178, 22 }, // U+0178
    { 0x01A0, 40 }, // U+01A0
    { 0x01A1, 41 }, // U+01A1
    { 0x01AF, 42 }, // U+01AF
    { 0x01B0, 43 }, // U+01B0
    { 0x01FA, 6 }, // U+01FA
    { 0x01FC, 9 }, // U+01FC
    { 0x01FD, 25 }, // U+01FD
    { 0x01FE, 8 }, // U+01FE
    { 0x01FF, 24 }, // U+01FF
    { 0x0218, 16 }, // U+0218
    { 0x0219, 30 }, // U+0219
    { 0x021A, 17 }, // U+021A
    { 0x0402, 44 }, // U+0402
    { 0x0409, 45 }, // U+0409
    { 0x040A, 45 }, // U+040A
    { 0x040E, 46 }, // U+040E
    { 0x0423, 46 }, // U+0423
    { 0x042A, 45 }, // U+042A
    { 0x042C, 45 }, // U+042C
    { 0x0431, 47 }, // U+0431
    { 0x043E, 48 }, // U+043E
    { 0x0440, 48 }, // U+0440
    { 0x0444, 49 }, // U+0444
    { 0x044D, 49 }, // U+044D
    { 0x044E, 49 }, // U+044E
    { 0x0457, 50 }, // U+0457
    { 0x0460, 51 }, // U+0460
    { 0x0462, 52 }, // U+0462
    { 0x0465, 53 }, // U+0465
    { 0x0466, 54 }, // U+0466
    { 0x0468, 54 }, // U+0468
    { 0x046A, 55 }, // U+046A
    { 0x046C, 55 }, // U+046C
    { 0x046E, 56 }, // U+046E
    { 0x046F, 24 }, // U+046F
    { 0x0472, 51 }, // U+0472
    { 0x0473, 48 }, // U+0473
    { 0x0474, 57 }, // U+0474
    { 0x0476, 57 }, // U+0476
    { 0x0478, 33 }, // U+0478
    { 0x0479, 58 }, // U+0479
    { 0x047A, 51 }, // U+047A
    { 0x047B, 48 }, // U+047B
    { 0x047C, 51 }, // U+047C
    { 0x047D, 24 }, // U+047D
    { 0x047E, 51 }, // U+047E
    { 0x0481, 53 }, // U+0481
    { 0x048C, 52 }, // U+048C
    { 0x048D, 24 }, // U+048D
    { 0x048E, 59 }, // U+048E
    { 0x048F, 48 }, // U+048F
    { 0x0490, 60 }, // U+0490
    { 0x0491, 61 }, // U+0491
    { 0x0493, 61 }, // U+0493
    { 0x0494, 62 }, // U+0494
    { 0x0496, 55 }, // U+0496
    { 0x0497, 63 }, // U+0497
    { 0x0498, 56 }, // U+0498
    { 0x0499, 48 }, // U+0499
    { 0x049A, 55 }, // U+049A
    { 0x049B, 63 }, // U+049B
    { 0x049C, 55 }, // U+049C
    { 0x049D, 63 }, // U+049D
    { 0x049E, 55 }, // U+049E
    { 0x049F, 63 }, // U+049F
    { 0x04A0, 55 }, // U+04A0
    { 0x04A1, 63 }, // U+04A1
    { 0x04A3, 64 }, // U+04A3
    { 0x04A4, 60 }, // U+04A4
    { 0x04A5, 61 }, // U+04A5
    { 0x04A6, 62 }, // U+04A6
    { 0x04A8, 51 }, // U+04A8
    { 0x04AB, 53 }, // U+04AB
    { 0x04AC, 60 }, // U+04AC
    { 0x04AD, 61 }, // U+04AD
    { 0x04B2, 65 }, // U+04B2
    { 0x04B3, 63 }, // U+04B3
    { 0x04B5, 64 }, // U+04B5
    { 0x04B7, 64 }, // U+04B7
    { 0x04BA, 62 }, // U+04BA
    { 0x04BC, 51 }, // U+04BC
    { 0x04BD, 48 }, // U+04BD
    { 0x04BE, 51 }, // U+04BE
    { 0x04BF, 48 }, // U+04BF
    { 0x04C3, 62 }, // U+04C3
    { 0x04C6, 64 }, // U+04C6
    { 0x04D0, 54 }, // U+04D0
    { 0x04D1, 23 }, // U+04D1
    { 0x04D2, 54 }, // U+04D2
    { 0x04D3, 23 }, // U+04D3
    { 0x04D4, 66 }, // U+04D4
    { 0x04D5, 48 }, // U+04D5
    { 0x04D6, 66 }, // U+04D6
    { 0x04D7, 48 }, // U+04D7
    { 0x04D8, 51 }, // U+04D8
    { 0x04D9, 48 }, // U+04D9
    { 0x04DA, 51 }, // U+04DA
    { 0x04DB, 48 }, // U+04DB
    { 0x04E0, 56 }, // U+04E0
    { 0x04E6, 51 }, // U+04E6
    { 0x04E7, 48 }, // U+04E7
    { 0x04E8, 51 }, // U+04E8
    { 0x04E9, 48 }, // U+04E9
    { 0x04EA, 51 }, // U+04EA
    { 0x04EB, 48 }, // U+04EB
    { 0x04ED, 48 }, // U+04ED
    { 0x04EE, 46 }, // U+04EE
    { 0x04EF, 58 }, // U+04EF
    { 0x04F0, 46 }, // U+04F0
    { 0x04F1, 58 }, // U+04F1
    { 0x04F2, 46 }, // U+04F2
    { 0x04F3, 58 }, // U+04F3
    { 0x04F6, 60 }, // U+04F6
    { 0x04F7, 61 }, // U+04F7
    { 0x04FB, 61 }, // U+04FB
    { 0x04FC, 65 }, // U+04FC
    { 0x04FD, 63 }, // U+04FD
    { 0x04FE, 65 }, // U+04FE
    { 0x04FF, 63 }, // U+04FF
    { 0x1EA0, 36 }, // U+1EA0
    { 0x1EA1, 23 }, // U+1EA1
    { 0x1EA2, 36 }, // U+1EA2
    { 0x1EA3, 23 }, // U+1EA3
    { 0x1EA4, 36 }, // U+1EA4
    { 0x1EA5, 23 }, // U+1EA5
    { 0x1EA6, 36 }, // U+1EA6
    { 0x1EA7, 23 }, // U+1EA7
    { 0x1EA8, 36 }, // U+1EA8
    { 0x1EA9, 23 }, // U+1EA9
    { 0x1EAA, 36 }, // U+1EAA
    { 0x1EAB, 23 }, // U+1EAB
    { 0x1EAC, 36 }, // U+1EAC
    { 0x1EAD, 23 }, // U+1EAD
    { 0x1EAE, 36 }, // U+1EAE
    { 0x1EAF, 23 }, // U+1EAF
    { 0x1EB0, 36 }, // U+1EB0
    { 0x1EB1, 23 }, // U+1EB1
    { 0x1EB2, 36 }, // U+1EB2
    { 0x1EB3, 23 }, // U+1EB3
    { 0x1EB4, 36 }, // U+1EB4
    { 0x1EB5, 23 }, // U+1EB5
    { 0x1EB6, 36 }, // U+1EB6
    { 0x1EB7, 23 }, // U+1EB7
    { 0x1EB8, 9 }, // U+1EB8
    { 0x1EB9, 25 }, // U+1EB9
    { 0x1EBA, 9 }, // U+1EBA
    { 0x1EBB, 25 }, // U+1EBB
    { 0x1EBC, 9 }, // U+1EBC
    { 0x1EBD, 25 }, // U+1EBD
    { 0x1EBE, 9 }, // U+1EBE
    { 0x1EBF, 25 }, // U+1EBF
    { 0x1EC0, 9 }, // U+1EC0
    { 0x1EC1, 25 }, // U+1EC1
    { 0x1EC2, 9 }, // U+1EC2
    { 0x1EC3, 25 }, // U+1EC3
    { 0x1EC4, 9 }, // U+1EC4
    { 0x1EC5, 25 }, // U+1EC5
    { 0x1EC6, 9 }, // U+1EC6
    { 0x1EC7, 25 }, // U+1EC7
    { 0x1ECC, 8 }, // U+1ECC
    { 0x1ECD, 24 }, // U+1ECD
    { 0x1ECE, 8 }, // U+1ECE
    { 0x1ECF, 24 }, // U+1ECF
    { 0x1ED0, 8 }, // U+1ED0
    { 0x1ED1, 24 }, // U+1ED1
    { 0x1ED2, 8 }, // U+1ED2
    { 0x1ED3, 24 }, // U+1ED3
    { 0x1ED4, 8 }, // U+1ED4
    { 0x1ED5, 24 }, // U+1ED5
    { 0x1ED6, 8 }, // U+1ED6
    { 0x1ED7, 24 }, // U+1ED7
    { 0x1ED8, 8 }, // U+1ED8
    { 0x1ED9, 24 }, // U+1ED9
    { 0x1EDA, 40 }, // U+1EDA
    { 0x1EDB, 41 }, // U+1EDB
    { 0x1EDC, 40 }, // U+1EDC
    { 0x1EDD, 41 }, // U+1EDD
    { 0x1EDE, 40 }, // U+1EDE
    { 0x1EDF, 41 }, // U+1EDF
    { 0x1EE0, 40 }, // U+1EE0
    { 0x1EE1, 41 }, // U+1EE1
    { 0x1EE2, 40 }, // U+1EE2
    { 0x1EE3, 41 }, // U+1EE3
    { 0x1EE4, 18 }, // U+1EE4
    { 0x1EE6, 18 }, // U+1EE6
    { 0x1EE8, 42 }, // U+1EE8
    { 0x1EE9, 43 }, // U+1EE9
    { 0x1EEA, 42 }, // U+1EEA
    { 0x1EEB, 43 }, // U+1EEB
    { 0x1EEC, 42 }, // U+1EEC
    { 0x1EED, 43 }, // U+1EED
    { 0x1EEE, 42 }, // U+1EEE
    { 0x1EEF, 43 }, // U+1EEF
    { 0x1EF0, 42 }, // U+1EF0
    { 0x1EF1, 43 }, // U+1EF1
    { 0x1EF2, 22 }, // U+1EF2
    { 0x1EF3, 33 }, // U+1EF3
    { 0x1EF4, 22 }, // U+1EF4
    { 0x1EF5, 33 }, // U+1EF5
    { 0x1EF6, 22 }, // U+1EF6
    { 0x1EF7, 33 }, // U+1EF7
    { 0x1EF8, 22 }, // U+1EF8
    { 0x1EF9, 33 }, // U+1EF9
    { 0x2018, 67 }, // U+2018
    { 0x2019, 68 }, // U+2019
    { 0x201A, 4 }, // U+201A
    { 0x201C, 67 }, // U+201C
    { 0x201D, 68 }, // U+201D
    { 0x201E, 4 }, // U+201E
    { 0x2026, 4 }, // U+2026
    { 0x207D, 69 }, // U+207D
    { 0x208D, 70 }, // U+208D
    { 0xFB00, 26 }, // U+FB00
};

static const EpdKernClassEntry notoserif_12_boldKernRightClasses[] = {
    { 0x0021, 1 }, // !
    { 0x0022, 2 }, // "
    { 0x0026, 3 }, // &
    { 0x0027, 2 }, // '
    { 0x0029, 4 }, // )
    { 0x002A, 5 }, // *
    { 0x002C, 6 }, // ,
    { 0x002E, 7 }, // .
    { 0x003A, 8 }, // :
    { 0x003B, 8 }, // ;
    { 0x003F, 9 }, // ?
    { 0x0040, 10 }, // @
    { 0x0041, 11 }, // A
    { 0x0042, 12 }, // B
    { 0x0043, 13 }, // C
    { 0x0044, 12 }, // D
    { 0x0045, 12 }, // E
    { 0x0046, 12 }, // F
    { 0x0047, 13 }, // G
    { 0x0048, 12 }, // H
    { 0x0049, 12 }, // I
    { 0x004A, 14 }, // J
    { 0x004B, 12 }, // K
    { 0x004C, 12 }, // L
    { 0x004D, 12 }, // M
    { 0x004E, 12 }, // N
    { 0x004F, 13 }, // O
    { 0x0050, 12 }, // P
    { 0x0051, 13 }, // Q
    { 0x0052, 12 }, // R
    { 0x0053, 15 }, // S
    { 0x0054, 16 }, // T
    { 0x0055, 17 }, // U
    { 0x0056, 18 }, // V
    { 0x0057, 19 }, // W
    { 0x0058, 20 }, // X
    { 0x0059, 21 }, // Y
    { 0x005A, 22 }, // Z
    { 0x005D, 4 }, // ]
    { 0x0061, 23 }, // a
    { 0x0062, 24 }, // b
    { 0x0063, 25 }, // c
    { 0x0064, 25 }, // d
    { 0x0065, 25 }, // e
    { 0x0067, 26 }, // g
    { 0x0068, 24 }, // h
    { 0x0069, 27 }, // i
    { 0x006B, 24 }, // k
    { 0x006C, 24 }, // l
    { 0x006D, 27 }, // m
    { 0x006E, 27 }, // n
    { 0x006F, 25 }, // o
    { 0x0070, 27 }, // p
    { 0x0071, 25 }, // q
    { 0x0072, 27 }, // r
    { 0x0073, 28 }, // s
    { 0x0074, 29 }, // t
    { 0x0075, 30 }, // u
    { 0x0076, 31 }, // v
    { 0x0077, 32 }, // w
    { 0x0078, 33 }, // x
    { 0x0079, 34 }, // y
    { 0x007A, 35 }, // z
    { 0x007D, 4 }, // }
    { 0x00AB, 36 }, // U+00AB
    { 0x00B7, 37 }, // U+00B7
    { 0x00BB, 36 }, // U+00BB
    { 0x00C0, 11 }, // U+00C0
    { 0x00C1, 11 }, // U+00C1
    { 0x00C2, 11 }, // U+00C2
    { 0x00C3, 11 }, // U+00C3
    { 0x00C4, 11 }, // U+00C4
    { 0x00C5, 11 }, // U+00C5
    { 0x00C6, 38 }, // U+00C6
    { 0x00C7, 13 }, // U+00C7
    { 0x00C8, 12 }, // U+00C8
    { 0x00C9, 12 }, // U+00C9
    { 0x00CA, 12 }, // U+00CA
    { 0x00CB, 12 }, // U+00CB
    { 0x00CC, 12 }, // U+00CC
    { 0x00CD, 12 }, // U+00CD
    { 0x00CE, 12 }, // U+00CE
    { 0x00CF, 12 }, // U+00CF
    { 0x00D0, 12 }, // U+00D0
    { 0x00D1, 12 }, // U+00D1
    { 0x00D2, 13 }, // U+00D2
    { 0x00D3, 13 }, // U+00D3
    { 0x00D4, 13 }, // U+00D4
    { 0x00D5, 13 }, // U+00D5
    { 0x00D6, 13 }, // U+00D6
    { 0x00D8, 13 }, // U+00D8
    { 0x00D9, 17 }, // U+00D9
    { 0x00DA, 17 }, // U+00DA
    { 0x00DB, 17 }, // U+00DB
    { 0x00DC, 17 }, // U+00DC
    { 0x00DD, 21 }, // U+00DD
    { 0x00DE, 12 }, // U+00DE
    { 0x00E0, 23 }, // U+00E0
    { 0x00E1, 23 }, // U+00E1
    { 0x00E2, 23 }, // U+00E2
    { 0x00E3, 23 }, // U+00E3
    { 0x00E4, 23 }, // U+00E4
    { 0x00E5, 23 }, // U+00E5
    { 0x00E6, 23 }, // U+00E6
    { 0x00E7, 25 }, // U+00E7
    { 0x00E8, 25 }, // U+00E8
    { 0x00E9, 25 }, // U+00E9
    { 0x00EA, 25 }, // U+00EA
    { 0x00EB, 25 }, // U+00EB
    { 0x00EC, 39 }, // U+00EC
    { 0x00ED, 27 }, // U+00ED
    { 0x00EE, 39 }, // U+00EE
    { 0x00EF, 39 }, // U+00EF
    { 0x00F0, 25 }, // U+00F0
    { 0x00F1, 27 }, // U+00F1
    { 0x00F2, 25 }, // U+00F2
    { 0x00F3, 25 }, // U+00F3
    { 0x00F4, 25 }, // U+00F4
    { 0x00F5, 25 }, // U+00F5
    { 0x00F6, 25 }, // U+00F6
    { 0x00F8, 25 }, // U+00F8
    { 0x00F9, 30 }, // U+00F9
    { 0x00FA, 30 }, // U+00FA
    { 0x00FB, 30 }, // U+00FB
    { 0x00FC, 30 }, // U+00FC
    { 0x00FD, 34 }, // U+00FD
    { 0x00FE, 24 }, // U+00FE
    { 0x00FF, 34 }, // U+00FF
    { 0x0100, 11 }, // U+0100
    { 0x0101, 23 }, // U+0101
    { 0x0102, 11 }, // U+0102
    { 0x0103, 23 }, // U+0103
    { 0x0104, 11 }, // U+0104
    { 0x0105, 23 }, // U+0105
    { 0x0106, 13 }, // U+0106
    { 0x0107, 25 }, // U+0107
    { 0x0108, 13 }, // U+0108
    { 0x0109, 25 }, // U+0109
    { 0x010A, 13 }, // U+010A
    { 0x010B, 25 }, // U+010B
    { 0x010C, 13 }, // U+010C
    { 0x010D, 25 }, // U+010D
    { 0x010E, 12 }, // U+010E
    { 0x010F, 25 }, // U+010F
    { 0x0110, 12 }, // U+0110
    { 0x0111, 25 }, // U+0111
    { 0x0112, 12 }, // U+0112
    { 0x0113, 25 }, // U+0113
    { 0x0114, 12 }, // U+0114
    { 0x0115, 25 }, // U+0115
    { 0x0116, 12 }, // U+0116
    { 0x0117, 25 }, // U+0117
    { 0x0118, 12 }, // U+0118
    { 0x0119, 25 }, // U+0119
    { 0x011A, 12 }, // U+011A
    { 0x011B, 25 }, // U+011B
    { 0x011C, 13 }, // U+011C
    { 0x011D, 25 }, // U+011D
    { 0x011E, 13 }, // U+011E
    { 0x011F, 25 }, // U+011F
    { 0x0120, 13 }, // U+0120
    { 0x0121, 25 }, // U+0121
    { 0x0122, 13 }, // U+0122
    { 0x0123, 25 }, // U+0123
    { 0x0124, 12 }, // U+0124
    { 0x0125, 24 }, // U+0125
    { 0x0126, 12 }, // U+0126
    { 0x0127, 24 }, // U+0127
    { 0x0128, 12 }, // U+0128
    { 0x0129, 40 }, // U+0129
    { 0x012A, 12 }, // U+012A
    { 0x012B, 39 }, // U+012B
    { 0x012C, 12 }, // U+012C
    { 0x012D, 39 }, // U+012D
    { 0x012E, 12 }, // U+012E
    { 0x012F, 27 }, // U+012F
    { 0x0130, 12 }, // U+0130
    { 0x0132, 12 }, // U+0132
    { 0x0133, 27 }, // U+0133
    { 0x0134, 14 }, // U+0134
    { 0x0136, 12 }, // U+0136
    { 0x0137, 24 }, // U+0137
    { 0x0138, 27 }, // U+0138
    { 0x0139, 12 }, // U+0139
    { 0x013A, 24 }, // U+013A
    { 0x013B, 12 }, // U+013B
    { 0x013C, 24 }, // U+013C
    { 0x013D, 12 }, // U+013D
    { 0x013E, 24 }, // U+013E
    { 0x013F, 12 }, // U+013F
    { 0x0140, 24 }, // U+0140
    { 0x0141, 12 }, // U+0141
    { 0x0142, 24 }, // U+0142
    { 0x0143, 12 }, // U+0143
    { 0x0144, 27 }, // U+0144
    { 0x0145, 12 }, // U+0145
    { 0x0146, 27 }, // U+0146
    { 0x0147, 12 }, // U+0147
    { 0x0148, 27 }, // U+0148
    { 0x014A, 12 }, // U+014A
    { 0x014B, 27 }, // U+014B
    { 0x014C, 13 }, // U+014C
    { 0x014D, 25 }, // U+014D
    { 0x014E, 13 }, // U+014E
    { 0x014F, 25 }, // U+014F
    { 0x0150, 13 }, // U+0150
    { 0x0151, 25 }, // U+0151
    { 0x0152, 13 }, // U+0152
    { 0x0153, 25 }, // U+0153
    { 0x0154, 12 }, // U+0154
    { 0x0155, 27 }, // U+0155
    { 0x0156, 12 }, // U+0156
    { 0x0157, 27 }, // U+0157
    { 0x0158, 12 }, // U+0158
    { 0x015A, 15 }, // U+015A
    { 0x015B, 28 }, // U+015B
    { 0x015C, 15 }, // U+015C
    { 0x015D, 28 }, // U+015D
    { 0x015E, 15 }, // U+015E
    { 0x015F, 28 }, // U+015F
    { 0x0160, 15 }, // U+0160
    { 0x0161, 28 }, // U+0161
    { 0x0162, 16 }, // U+0162
    { 0x0163, 29 }, // U+0163
    { 0x0164, 16 }, // U+0164
    { 0x0165, 29 }, // U+0165
    { 0x0166, 16 }, // U+0166
    { 0x0167, 29 }, // U+0167
    { 0x0168, 17 }, // U+0168
    { 0x0169, 30 }, // U+0169
    { 0x016A, 17 }, // U+016A
    { 0x016B, 30 }, // U+016B
    { 0x016C, 17 }, // U+016C
    { 0x016D, 30 }, // U+016D
    { 0x016E, 17 }, // U+016E
    { 0x016F, 30 }, // U+016F
    { 0x0170, 17 }, // U+0170
    { 0x0171, 30 }, // U+0171
    { 0x0172, 17 }, // U+0172
    { 0x0173, 30 }, // U+0173
    { 0x0174, 19 }, // U+0174
    { 0x0175, 32 }, // U+0175
    { 0x0176, 21 }, // U+0176
    { 0x0177, 34 }, // U+0177
    { 0x0178, 21 }, // U+0178
    { 0x0179, 22 }, // U+0179
    { 0x017A, 35 }, // U+017A
    { 0x017B, 22 }, // U+017B
    { 0x017C, 35 }, // U+017C
    { 0x017D, 22 }, // U+017D
    { 0x017E, 35 }, // U+017E
    { 0x01A0, 13 }, // U+01A0
    { 0x01A1, 25 }, // U+01A1
    { 0x01AF, 17 }, // U+01AF
    { 0x01B0, 30 }, // U+01B0
    { 0x01FA, 11 }, // U+01FA
    { 0x01FB, 23 }, // U+01FB
    { 0x01FC, 38 }, // U+01FC
    { 0x01FD, 23 }, // U+01FD
    { 0x01FE, 13 }, // U+01FE
    { 0x01FF, 25 }, // U+01FF
    { 0x0218, 15 }, // U+0218
    { 0x0219, 28 }, // U+0219
    { 0x021A, 16 }, // U+021A
    { 0x021B, 29 }, // U+021B
    { 0x0402, 41 }, // U+0402
    { 0x040B, 41 }, // U+040B
    { 0x040E, 42 }, // U+040E
    { 0x0416, 41 }, // U+0416
    { 0x0422, 41 }, // U+0422
    { 0x0423, 42 }, // U+0423
    { 0x0425, 41 }, // U+0425
    { 0x0427, 43 }, // U+0427
    { 0x042A, 41 }, // U+042A
    { 0x042F, 44 }, // U+042F
    { 0x0431, 45 }, // U+0431
    { 0x0436, 46 }, // U+0436
    { 0x0443, 47 }, // U+0443
    { 0x0445, 46 }, // U+0445
    { 0x0447, 48 }, // U+0447
    { 0x0451, 49 }, // U+0451
    { 0x0456, 50 }, // U+0456
    { 0x045E, 47 }, // U+045E
    { 0x0460, 51 }, // U+0460
    { 0x0462, 16 }, // U+0462
    { 0x0466, 52 }, // U+0466
    { 0x046A, 53 }, // U+046A
    { 0x046E, 54 }, // U+046E
    { 0x0472, 51 }, // U+0472
    { 0x0473, 55 }, // U+0473
    { 0x0478, 51 }, // U+0478
    { 0x0479, 55 }, // U+0479
    { 0x047A, 51 }, // U+047A
    { 0x047B, 55 }, // U+047B
    { 0x047C, 51 }, // U+047C
    { 0x047D, 25 }, // U+047D
    { 0x047E, 51 }, // U+047E
    { 0x0480, 51 }, // U+0480
    { 0x0481, 55 }, // U+0481
    { 0x0496, 53 }, // U+0496
    { 0x0498, 54 }, // U+0498
    { 0x0499, 56 }, // U+0499
    { 0x04A0, 57 }, // U+04A0
    { 0x04A1, 58 }, // U+04A1
    { 0x04A8, 51 }, // U+04A8
    { 0x04A9, 55 }, // U+04A9
    { 0x04AA, 51 }, // U+04AA
    { 0x04AB, 55 }, // U+04AB
    { 0x04AC, 57 }, // U+04AC
    { 0x04AD, 58 }, // U+04AD
    { 0x04B2, 53 }, // U+04B2
    { 0x04B4, 57 }, // U+04B4
    { 0x04B5, 58 }, // U+04B5
    { 0x04B6, 59 }, // U+04B6
    { 0x04B7, 60 }, // U+04B7
    { 0x04B8, 43 }, // U+04B8
    { 0x04B9, 48 }, // U+04B9
    { 0x04C1, 41 }, // U+04C1
    { 0x04C2, 46 }, // U+04C2
    { 0x04CB, 59 }, // U+04CB
    { 0x04CC, 60 }, // U+04CC
    { 0x04D0, 52 }, // U+04D0
    { 0x04D2, 52 }, // U+04D2
    { 0x04D4, 38 }, // U+04D4
    { 0x04D5, 61 }, // U+04D5
    { 0x04D7, 55 }, // U+04D7
    { 0x04D8, 51 }, // U+04D8
    { 0x04D9, 61 }, // U+04D9
    { 0x04DA, 51 }, // U+04DA
    { 0x04DC, 41 }, // U+04DC
    { 0x04DD, 46 }, // U+04DD
    { 0x04E0, 54 }, // U+04E0
    { 0x04E1, 35 }, // U+04E1
    { 0x04E6, 51 }, // U+04E6
    { 0x04E7, 55 }, // U+04E7
    { 0x04E8, 51 }, // U+04E8
    { 0x04E9, 55 }, // U+04E9
    { 0x04EA, 51 }, // U+04EA
    { 0x04EB, 55 }, // U+04EB
    { 0x04EE, 42 }, // U+04EE
    { 0x04EF, 62 }, // U+04EF
    { 0x04F0, 42 }, // U+04F0
    { 0x04F1, 62 }, // U+04F1
    { 0x04F2, 42 }, // U+04F2
    { 0x04F3, 62 }, // U+04F3
    { 0x04F4, 43 }, // U+04F4
    { 0x04F5, 48 }, // U+04F5
    { 0x04FC, 53 }, // U+04FC
    { 0x04FE, 53 }, // U+04FE
    { 0x1EA0, 11 }, // U+1EA0
    { 0x1EA1, 23 }, // U+1EA1
    { 0x1EA2, 11 }, // U+1EA2
    { 0x1EA3, 23 }, // U+1EA3
    { 0x1EA4, 11 }, // U+1EA4
    { 0x1EA5, 23 }, // U+1EA5
    { 0x1EA6, 11 }, // U+1EA6
    { 0x1EA7, 23 }, // U+1EA7
    { 0x1EA8, 11 }, // U+1EA8
    { 0x1EA9, 23 }, // U+1EA9
    { 0x1EAA, 11 }, // U+1EAA
    { 0x1EAB, 23 }, // U+1EAB
    { 0x1EAC, 11 }, // U+1EAC
    { 0x1EAD, 23 }, // U+1EAD
    { 0x1EAE, 11 }, // U+1EAE
    { 0x1EAF, 23 }, // U+1EAF
    { 0x1EB0, 11 }, // U+1EB0
    { 0x1EB1, 23 }, // U+1EB1
    { 0x1EB2, 11 }, // U+1EB2
    { 0x1EB3, 23 }, // U+1EB3
    { 0x1EB4, 11 }, // U+1EB4
    { 0x1EB5, 23 }, // U+1EB5
    { 0x1EB6, 11 }, // U+1EB6
    { 0x1EB7, 23 }, // U+1EB7
    { 0x1EB8, 12 }, // U+1EB8
    { 0x1EB9, 25 }, // U+1EB9
    { 0x1EBA, 12 }, // U+1EBA
    { 0x1EBB, 25 }, // U+1EBB
    { 0x1EBC, 12 }, // U+1EBC
    { 0x1EBD, 25 }, // U+1EBD
    { 0x1EBE, 12 }, // U+1EBE
    { 0x1EBF, 25 }, // U+1EBF
    { 0x1EC0, 12 }, // U+1EC0
    { 0x1EC1, 25 }, // U+1EC1
    { 0x1EC2, 12 }, // U+1EC2
    { 0x1EC3, 25 }, // U+1EC3
    { 0x1EC4, 12 }, // U+1EC4
    { 0x1EC5, 25 }, // U+1EC5
    { 0x1EC6, 12 }, // U+1EC6
    { 0x1EC7, 25 }, // U+1EC7
    { 0x1EC9, 27 }, // U+1EC9
    { 0x1ECB, 27 }, // U+1ECB
    { 0x1ECC, 13 }, // U+1ECC
    { 0x1ECD, 25 }, // U+1ECD
    { 0x1ECE, 13 }, // U+1ECE
    { 0x1ECF, 25 }, // U+1ECF
    { 0x1ED0, 13 }, // U+1ED0
    { 0x1ED1, 25 }, // U+1ED1
    { 0x1ED2, 13 }, // U+1ED2
    { 0x1ED3, 25 }, // U+1ED3
    { 0x1ED4, 13 }, // U+1ED4
    { 0x1ED5, 25 }, // U+1ED5
    { 0x1ED6, 13 }, // U+1ED6
    { 0x1ED7, 25 }, // U+1ED7
    { 0x1ED8, 13 }, // U+1ED8
    { 0x1ED9, 25 }, // U+1ED9
    { 0x1EDA, 13 }, // U+1EDA
    { 0x1EDB, 25 }, // U+1EDB
    { 0x1EDC, 13 }, // U+1EDC
    { 0x1EDD, 25 }, // U+1EDD
    { 0x1EDE, 13 }, // U+1EDE
    { 0x1EDF, 25 }, // U+1EDF
    { 0x1EE0, 13 }, // U+1EE0
    { 0x1EE1, 25 }, // U+1EE1
    { 0x1EE2, 13 }, // U+1EE2
    { 0x1EE3, 25 }, // U+1EE3
    { 0x1EE4, 17 }, // U+1EE4
    { 0x1EE5, 30 }, // U+1EE5
    { 0x1EE6, 17 }, // U+1EE6
    { 0x1EE7, 30 }, // U+1EE7
    { 0x1EE8, 17 }, // U+1EE8
    { 0x1EE9, 30 }, // U+1EE9
    { 0x1EEA, 17 }, // U+1EEA
    { 0x1EEB, 30 }, // U+1EEB
    { 0x1EEC, 17 }, // U+1EEC
    { 0x1EED, 30 }, // U+1EED
    { 0x1EEE, 17 }, // U+1EEE
    { 0x1EEF, 30 }, // U+1EEF
    { 0x1EF0, 17 }, // U+1EF0
    { 0x1EF1, 30 }, // U+1EF1
    { 0x1EF2, 21 }, // U+1EF2
    { 0x1EF3, 34 }, // U+1EF3
    { 0x1EF4, 21 }, // U+1EF4
    { 0x1EF5, 34 }, // U+1EF5
    { 0x1EF6, 21 }, // U+1EF6
    { 0x1EF7, 34 }, // U+1EF7
    { 0x1EF8, 21 }, // U+1EF8
    { 0x1EF9, 34 }, // U+1EF9
    { 0x2018, 63 }, // U+2018
    { 0x2019, 5 }, // U+2019
    { 0x201A, 7 }, // U+201A
    { 0x201C, 63 }, // U+201C
    { 0x201D, 5 }, // U+201D
    { 0x201E, 7 }, // U+201E
    { 0x2026, 7 }, // U+2026
    { 0x2039, 36 }, // U+2039
    { 0x203A, 36 }, // U+203A
    { 0x207E, 64 }, // U+207E
    { 0x208E, 65 }, // U+208E
};

static const int8_t notoserif_12_boldKernMatrix[] = {
       0,    0,    0,    0,    0,    0,    0,    0,    0,    0,  -32,    0,    0,    0,    0,    0,    0,    0,    0,    0,    0,    0,    0,    0,   -8,  -24,    0,    0,    0,    0,    0,    0,    0,    0,    0,    0,    0,  -48,    0,    0,    0,    0,    0,    0,    0,    0,    0,    0,    0,    0,    0,  -32,    0,    0,    0,    0,    0,    0,    0,    0,    0,    0,    0,    0,    0,
       0,    0,    0,    0,    0,    0,    0,    0,  -12,    0,    0,    0,    0,    0,    0,  -12,    0,  -16,  -16,    0,  -12,    0,    0,    0,    0,    0,    0,    0,    0,    0,    0,    0,    0,    0,    0,    0,    0,    0,    0,    0,    0,    0,    0,    0,    0,    0,    0,    0,    0,    0,    0,    0,    0,    0,    0,    0,    0,    0,    0,    0,    0,    0,    0,    0,    0,
       0,    0,   -4,    0,    0,  -48,  -48,    0,    0,    0,  -20,    0,    0,    0,    0,    0,    0,    0,    0,    0,    0,    0,    0,    0,    0,    0,    0,    0,    0,    0,    0,    0,    0,    0,    0,    0,    0,  -32,    0,    0,    0,    0,    0,    0,    0,    0,    0,    0,    0,    0,    0,  -20,    0,    0,    0,    0,    0,    0,    0,    0,    0,    0,    0,    0,    0,
       0,    0,    0,    0,    0,    0,    0,    0,  -36,    0,    0,    0,   -8,    0,    0,  -36,   -8,  -44,  -36,    0,  -32,    0,    0,    0,    0,    0,    0,    0,    0,    0,  -28,  -24,    0,  -20,    0,    0,    0,    0,    0,    0,    0,    0,    0,    0,    0,    0,    0,    0,    0,    0,   -8,    0,    0,    0,    0,    0,  -36,  -28,  -32,  -20,    0,  -20,    0,    0,    0,
       0,    0,    0,    0,    0,    0,    0,    0,    0,    0,  -12,    0,    0,    0,    0,    0,    0,    0,    0,    0,   -4,    0,    0,    0,    0,    0,    0,    0,    0,    0,    0,    0,    0,    0,    0,    0,    0,    0,    0,    0,    0,    0,    0,    0,    0,    0,    0,    0,    0,    0,    0,    0,    0,    0,    0,    0,    0,    0,    0,    0,    0,    0,    0,    0,    0,
       0,  -32,    0,    0,  -28,    0,    0,    0,  -24,    0,    0,    0,   -8,    0,    0,  -24,   -8,  -32,  -28,    0,  -28,    0,    0,    0,   -8,   -8,    0,    0,    0,   -8,  -24,  -12,    0,  -20,    0,    0,    0,    0,    0,    0,    0,    0,    0,    0,    0,    0,    0,    0,    0,    0,    0,    0,    0,    0,    0,    0,    0,    0,    0,    0,    0,    0,  -28,    0,    0,
       0,    0,    0,    0,   -8,    0,    0,    0,   -8,    0,   -8,    0,    0,    0,    0,   -8,    0,  -16,  -12,   -8,  -16,   -8,    0,    0,    0,    0,    0,    0,    0,    0,    0,   -4,    0,   -8,    0,    0,    0,  -12,    0,    0,    0,    0,    0,    0,    0,    0,    0,    0,    0,    0,    0,   -8,    0,    0,    0,    0,   -8,    0,    0,    0,    0,    0,    0,    0,    0,
       0,    0,    0,    0,    0,   -8,   -8,    0,   -8,    0,   -8,    0,    0,    0,    0,   -8,    0,   -8,   -8,   -8,  -12,    0,    0,    0,    0,    0,    0,    0,    0,    0,    0,    0,    0,    0,    0,    0,    0,  -20,    0,    0,    0,    0,    0,    0,    0,    0,    0,    0,    0,    0,    0,   -8,   -8,    0,    0,    0,   -8,    0,    0,    0,    0,    0,    0,    0,    0,
       0,    0,    0,    0,    0,    0,    0,    0,    0,    0,    0,    0,    0,    0,    0,    0,    0,   -8,   -8,    0,   -8,    0,    0,    0,    0,    0,    0,    0,    0,    0,    0,    0,    0,    0,    0,    0,    0,    0,    0,    0,    0,    0,    0,    0,    0,    0,    0,    0,    0,    0,    0,    0,    0,    0,    0,    0,    0,    0,    0,    0,    0,    0,    0,    0,    0,
       0,    0,   -8,    0,    0,  -48,  -48,    0,    0,  -16,  -28,    0,    0,    0,    0,    0,    0,    0,    0,    0,    0,    0,  -16,    0,  -16,  -16,    0,    0,    0,    0,    0,    0,    0,    0,    0,    0,    0,  -44,    0,    0,    0,    0,    0,    0,    0,    0,    0,    0,    0,    0,    0,    0,    0,    0,    0,    0,    0,    0,    0,    0,    0,    0,    0,    0,    0,
       0,    0,    0,    0,    0,    0,    0,    0,   -8,    0,    0,    0,    0,    0,    0,   -8,    0,   -8,   -8,    0,   -8,    0,    0,    0,    0,    0,    0,    0,    0,    0,    0,    0,    0,    0,    0,    0,    0,   -8,    0,    0,    0,    0,    0,    0,    0,    0,    0,    0,    0,    0,    0,    0,    0,    0,    0,    0,    0,    0,    0,    0,    0,    0,    0,    0,    0,
       0,    0,    0,    0,    0,    0,    0,    0,    0,    0,    0,    0,   -8,    0,    0,    0,    0,    0,    0,    0,    0,    0,    0,    0,   -8,   -8,    0,    0,    0,   -8,    0,  -12,    0,  -12,    0,    0,    0,    0,    0,    0,    0,    0,    0,    0,    0,    0,    0,    0,    0,    0,    0,    0,    0,    0,    0,    0,    0,    0,    0,    0,    0,    0,    0,    0,    0,
       0,  -24,    0,    0,  -32,    0,    0,    0,  -28,    0,    0,    0,    0,    0,    0,  -28,    0,  -20,  -20,    0,  -24,    0,    0,    0,    0,    0,    0,    0,    0,    0,   -8,   -4,    0,  -12,    0,    0,   -8,    0,    0,    0,    0,    0,    0,    0,    0,    0,    0,    0,    0,    0,    0,    0,    0,    0,    0,    0,    0,    0,    0,    0,    0,    0,  -32,    0,    0,
       0,    0,    0,    0,    0,    0,    0,    0,    0,    0,    0,    0,    0,    0,    0,    0,    0,    0,    0,    0,    0,    0,    0,    0,    0,    0,    0,    0,    0,    0,    0,    0,    0,    0,    0,   -4,    0,    0,    0,    0,    0,    0,    0,    0,    0,    0,    0,    0,    0,    0,    0,    0,    0,    0,    0,    0,    0,    0,    0,    0,    0,    0,    0,    0,    0,
       0,    0,    0,    0,   -8,    0,    0,    0,   -8,    0,    0,    0,   -8,    0,    0,   -8,   -4,  -12,  -12,    0,  -12,    0,    0,    0,    0,    0,    0,    0,    0,    0,   -4,   -4,    0,   -8,    0,    0,    0,    0,    0,    0,    0,    0,    0,    0,    0,    0,    0,    0,    0,    0,    0,    0,    0,    0,    0,    0,    0,    0,    0,    0,    0,    0,    0,    0,    0,
       0,    0,    0,    0,    0,    0,    0,    0,   -8,    0,   -8,    0,    0,    0,    0,   -8,    0,   -8,   -8,   -8,   -8,    0,    0,    0,    0,    0,    0,    0,    0,    0,    0,   -4,    0,   -8,    0,    0,    0,   -8,    0,    0,    0,    0,    0,    0,    0,    0,    0,    0,    0,    0,    0,   -8,    0,    0,    0,    0,   -8,    0,    0,    0,    0,    0,    0,    0,    0,
       0,    0,   -4,    0,    0,  -36,  -36,    0,    0,  -12,  -24,    0,   -8,    0,    0,    0,    0,    0,    0,    0,    0,    0,  -12,    0,  -15,  -15,    0,   -2,    0,    0,    0,    0,    0,    0,    0,    0,    0,  -32,    0,    0,    0,    0,    0,    0,    0,    0,    0,    0,    0,    0,    0,    0,    0,    0,    0,    0,    0,    0,    0,    0,    0,    0,    0,    0,    0,
       0,    0,    0,    0,    0,   -8,   -8,    0,    0,   -4,   -8,    0,    0,    0,    0,    0,    0,    0,    0,    0,    0,    0,    0,    0,    0,    0,    0,    0,    0,    0,    0,    0,    0,    0,    0,    0,    0,  -16,    0,    0,    0,    0,    0,    0,    0,    0,    0,    0,    0,    0,    0,    0,    0,    0,    0,    0,    0,    0,    0,    0,    0,    0,    0,    0,    0,
       0,    0,  -12,    0,    0,  -44,  -44,    0,    0,  -20,  -32,    0,   -8,    0,    0,    0,    0,    0,    0,    0,    0,    0,  -24,    0,  -24,  -24,    0,  -16,    0,    0,    0,    0,    0,    0,    0,    0,    0,  -52,    0,    0,    0,    0,    0,    0,    0,    0,    0,    0,    0,    0,    0,  -32,    0,    0,    0,    0,    0,    0,    0,    0,    0,    0,    0,    0,    0,
       0,    0,    0,    0,    0,  -36,  -36,    0,    0,  -20,  -28,    0,   -8,    0,    0,    0,    0,    0,    0,    0,    0,    0,  -26,    0,  -24,  -24,    0,  -20,    0,    0,    0,    0,    0,    0,  -12,    0,    0,  -52,    0,    0,    0,    0,    0,    0,    0,    0,    0,    0,    0,    0,    0,    0,    0,    0,    0,    0,    0,    0,    0,    0,    0,    0,    0,    0,    0,
       0,    0,    0,    0,    0,    0,    0,    0,    0,    0,    0,    0,   -8,    0,   -4,    0,    0,    0,    0,    0,    0,    0,    0,    0,    0,    0,    0,    0,    0,    0,    0,  -12,    0,  -20,    0,    0,    0,    0,    0,    0,    0,    0,    0,    0,    0,    0,    0,    0,    0,    0,    0,    0,    0,    0,    0,    0,    0,    0,    0,    0,    0,    0,    0,    0,    0,
       0,    0,   -4,    0,    0,  -32,  -32,    0,    0,  -16,  -28,    0,  -12,    0,   -8,    0,    0,    0,    0,    0,    0,    0,  -24,    0,  -28,  -28,    0,  -24,    0,    0,    0,    0,    0,    0,   -8,    0,    0,  -36,    0,    0,    0,    0,    0,    0,    0,    0,    0,    0,    0,    0,    0,  -28,    0,    0,    0,    0,    0,    0,    0,    0,    0,    0,    0,    0,    0,
       0,  -16,    0,    0,    0,    0,    0,    0,    0,    0,    0,    0,    0,    0,    0,    0,    0,    0,    0,    0,    0,    0,    0,    0,    0,    0,    0,    0,    0,    0,    0,    0,    0,   -8,    0,    0,    0,    0,    0,    0,    0,    0,    0,    0,    0,    0,    0,    0,    0,    0,    0,    0,    0,    0,    0,    0,    0,    0,  -12,   -8,    0,   -8,    0,    0,    0,
       0,    0,    0,    0,    0,    0,    0,    0,    0,    0,    0,    0,    0,    0,    0,    0,    0,  -24,  -24,    0,  -28,    0,    0,    0,    0,    0,    0,    0,    0,    0,    0,    0,    0,   -8,    0,    0,    0,    0,    0,    0,    0,    0,    0,    0,    0,    0,    0,    0,    0,    0,    0,    0,    0,    0,    0,    0,    0,    0,  -12,    0,    0,   -8,    0,    0,    0,
       0,    0,    0,    0,    0,    0,    0,    0,    0,    0,    0,    0,    0,    0,    0,    0,    0,  -24,  -24,    0,  -24,    0,    0,    0,    0,    0,    0,    0,    0,    0,    0,    0,    0,    0,    0,    0,    0,    0,    0,    0,    0,    0,    0,    0,    0,    0,    0,    0,    0,    0,    0,    0,    0,    0,    0,    0,    0,    0,    0,    0,    0,    0,    0,    0,    0,
       0,   32,    0,   36,   32,    0,    0,    0,    0,    0,    0,    0,    0,    0,    0,    0,    0,    0,    0,    0,    0,    0,    0,    0,    0,    0,    0,    0,    0,    0,    0,    0,    0,    0,    0,    0,    0,    0,   16,   16,    0,    0,    0,    0,    0,    0,    0,    0,    0,    0,    0,    0,    0,    0,    0,    0,    0,    0,    0,    0,    0,    0,    0,    0,    0,
       0,    0,    0,    0,    0,    0,    0,    0,    0,    0,    0,    0,    0,    0,    0,    0,    0,    0,   -8,    0,    0,    0,    0,    0,    0,    0,    0,    0,    0,    0,    0,    0,    0,    0,    0,    0,    0,    0,    0,    0,    0,    0,    0,    0,    0,    0,    0,    0,    0,    0,    0,    0,    0,    0,    0,    0,    0,    0,    0,    0,    0,    0,    0,    0,    0,
       0,    0,    0,    0,    0,    0,    0,    0,    0,    0,    0,    0,    0,    0,    0,    0,    0,    0,    0,    0,    0,    0,    0,    0,   -8,   -8,    0,    0,    0,    0,    0,    0,    0,    0,    0,    0,    0,    0,    0,    0,    0,    0,    0,    0,    0,    0,    0,    0,    0,    0,    0,    0,    0,    0,    0,    0,    0,    0,    0,    0,    0,    0,    0,    0,    0,
       0,    0,    0,    0,   12,  -57,  -57,    0,    0,    0,    0,    0,    0,    0,    0,    0,    0,    0,    0,    0,    0,    0,   -8,    0,    0,    0,    0,    0,    0,    0,    0,    0,    0,    0,    0,    0,    0,    0,    0,    0,    0,    0,    0,    0,    0,    0,    0,    0,    0,    0,    0,    0,    0,    0,    0,    0,    0,    0,    0,    0,    0,    0,    0,    0,    0,
       0,    0,    0,    0,    0,    0,    0,    0,    0,    0,    0,    0,    0,    0,    0,    0,    0,    0,    0,    0,  -24,    0,    0,    0,    0,    0,    0,    0,    0,    0,    0,    0,    0,    0,    0,    0,    0,    0,    0,    0,    0,    0,    0,    0,    0,    0,    0,    0,    0,    0,    0,    0,    0,    0,    0,    0,    0,    0,   -8,    0,    0,    0,    0,    0,    0,
       0,    0,    0,    0,    0,  -20,  -28,    0,    0,    0,  -24,    0,    0,    0,    0,    0,    0,    0,    0,    0,    0,    0,    0,    0,    0,    0,    0,    0,    0,    0,    0,    0,    0,    0,    0,    0,    0,    0,    0,    0,    0,    0,    0,    0,    0,    0,    0,    0,    0,    0,    0,    0,    0,    0,    0,    0,    0,    0,    0,    0,    0,    0,    0,    0,    0,
       0,    0,    0,    0,    0,  -28,  -28,    0,    0,    0,  -12,    0,    0,    0,    0,    0,    0,    0,    0,    0,    0,    0,    0,    0,    0,    0,    0,    0,    0,    0,    0,    0,    0,    0,    0,    0,    0,    0,    0,    0,    0,    0,    0,    0,    0,    0,    0,    0,    0,    0,    0,    0,    0,    0,    0,    0,    0,    0,    0,    0,    0,    0,    0,    0,    0,
       0,    0,    0,    0,    0,  -36,  -36,    0,    0,    0,  -20,    0,    0,    0,    0,    0,    0,    0,    0,    0,    0,    0,    0,    0,    0,    0,    0,    0,    0,    0,    0,    0,    0,    0,    0,    0,    0,    0,    0,    0,    0,    0,    0,    0,    0,    0,    0,    0,    0,    0,    0,    0,    0,    0,    0,    0,    0,    0,    0,    0,    0,    0,    0,    0,    0,
       0,    0,    0,    0,    0,    0,    0,    0,    0,    0,    0,    0,    0,    0,    0,    0,    0,  -12,   -8,    0,  -12,    0,    0,    0,    0,    0,    0,    0,    0,    0,    0,    0,    0,    0,    0,    0,    0,    0,    0,    0,    0,    0,    0,    0,    0,    0,    0,    0,    0,    0,    0,    0,    0,    0,    0,    0,    0,    0,    0,    0,    0,    0,    0,    0,    0,
       0,    0,    0,    0,    0,    0,    0,    0,   -8,    0,    0,    0,    0,    0,    0,   -8,    0,  -20,  -20,    0,  -20,    0,    0,    0,    0,    0,    0,    0,    0,    0,    0,    0,    0,    0,    0,    0,    0,    0,    0,    0,    0,    0,    0,    0,    0,    0,    0,    0,    0,    0,    0,    0,    0,    0,    0,    0,    0,    0,    0,    0,    0,    0,    0,    0,    0,
       0,  -32,    0,    0,  -28,    0,    0,    0,  -24,    0,    0,    0,   -8,    0,    0,  -24,   -8,  -32,  -28,    0,  -28,    0,    0,    0,   -8,   -8,    0,    0,    0,   -8,  -20,  -12,    0,  -20,    0,    0,    0,    0,    0,    0,    0,    0,    0,    0,    0,    0,    0,    0,    0,    0,    0,    0,    0,    0,    0,    0,    0,    0,    0,    0,    0,    0,  -28,    0,    0,
      24,   32,    0,   50,   16,    0,    0,    0,   52,    0,    0,   20,    0,   24,    0,   20,   28,   32,   28,   28,   40,   16,    0,   36,    0,    0,    0,    0,    0,    0,    0,    0,    0,    0,    0,    0,    0,    0,    0,    0,    0,    0,    0,    0,    0,    0,    0,    0,    0,    0,    0,    0,    0,    0,    0,    0,    0,    0,    0,    0,    0,    0,   11,    0,    0,
       0,    0,    0,    0,    0,    0,    0,    0,    0,    0,    0,    0,    0,    0,    0,    0,    0,    0,    0,    0,    0,    0,    0,    0,    0,    0,    0,    0,    0,    0,    0,    0,    0,    0,    0,    0,    0,    0,    0,   24,    0,    0,    0,    0,    0,    0,    0,    0,    0,    0,    0,    0,    0,    0,    0,    0,    0,    0,    0,    0,    0,    0,    0,    0,    0,
       9,   17,    0,   34,    0,    0,    0,    0,   15,    0,    0,    0,    0,    0,    0,    0,    0,    0,    0,    0,    0,    0,    0,   16,    0,    0,    0,    0,    0,    0,    0,    0,    0,    0,    0,    0,    0,    0,    0,    0,    0,    0,    0,    0,    0,    0,    0,    0,    0,    0,    0,    0,    0,    0,    0,    0,    0,    0,    0,    0,    0,    0,    2,    0,    0,
       0,    0,    0,    0,    0,   -8,   -8,   -4,    8,    0,  -16,    0,    0,    0,    0,    8,    0,    8,    8,    0,    8,    0,   -8,    0,   -8,   -8,   -4,   -8,   -4,    0,   -8,   -8,   -8,   -8,    0,    0,    0,    0,    0,    0,    0,    0,    0,    0,    0,    0,    0,    0,    0,    0,    0,    0,    0,    0,    0,    0,    0,    0,    0,    0,    0,    0,    0,    0,    0,
       0,    0,    0,    0,    8,   -8,   -8,    0,    0,    0,    0,    0,    0,    0,    0,    0,    0,    0,    0,    0,    0,    0,    0,    0,    0,    0,    8,    0,   12,    8,   12,   12,    0,   12,    0,    0,    0,    0,    0,    0,    0,    0,    0,    0,    0,    0,    0,    0,    0,    0,    0,    0,    0,    0,    0,    0,    0,    0,    0,    0,    0,    0,    0,    0,    0,
       0,    0,    0,    0,    0,   -8,   -8,   -4,    0,    0,  -24,    0,   -8,    0,    0,    0,    0,    0,    0,    0,    0,    0,  -20,    0,  -20,  -20,  -12,  -24,   -4,  -12,   -8,   -8,    0,   -8,  -12,    0,    0,    0,    0,    0,    0,    0,    0,    0,    0,    0,    0,    0,    0,    0,    0,    0,    0,    0,    0,    0,    0,    0,    0,    0,    0,    0,    0,    0,    0,
       0,    0,    0,    0,    8,   -4,   -4,    0,    0,    0,    0,    0,    0,    0,    0,    0,    0,    0,    0,    0,    0,    0,    0,    0,    0,    0,    8,    0,   12,    0,   12,    0,    0,    0,    0,    0,    0,    0,    0,    0,    0,    0,    0,    0,    0,    0,    0,    0,    0,    0,    0,    0,    0,    0,    0,    0,    0,    0,    0,    0,    0,    0,    0,    0,    0,
       0,  -23,    0,    0,    0,    0,    0,    0,   -2,    0,    0,    0,    0,    0,    0,   -2,    0,    0,    0,    0,    0,    0,    0,    0,    0,    0,    0,    0,    0,    0,    0,    0,    0,    0,    0,    0,    0,    0,    0,    0,    0,  -21,  -16,    0,    0,   -4,  -16,  -12,    0,    0,    0,    0,    0,    0,    0,    0,  -12,    0,    0,    0,    0,    0,   -8,    0,    0,
       0,    0,    0,    0,    0,    0,    0,    0,    0,    0,    0,    0,    0,    0,    0,    0,    0,    0,    0,    0,    0,    0,    0,    0,    0,    0,    0,    0,    0,    0,    0,    0,    0,    0,    0,    0,    0,    0,    0,    0,    0,    0,    0,    0,    0,    0,    0,    0,    0,    0,    0,    0,    0,    0,    0,    0,  -12,    0,    0,    0,    0,    0,    0,    0,    0,
       0,    0,    0,    0,    0,    0,    0,    0,    0,    0,    0,    0,    0,    0,    0,    0,    0,    0,    0,    0,    0,    0,    0,    0,    0,    0,    0,    0,    0,    0,    0,    0,    0,    0,    0,    0,    0,    0,    0,    0,    0,    0,    0,    0,    0,    0,    0,    0,  -22,   -7,    0,    0,    0,    0,    0,    0,    0,    0,    0,    0,    0,    0,    0,    0,    0,
       0,    0,    0,    0,    0,    0,    0,    0,   -7,    0,    0,    0,    0,    0,    0,   -7,    0,    0,    0,    0,    0,    0,    0,    0,    0,    0,    0,    0,    0,    0,    0,    0,    0,    0,    0,    0,    0,    0,    0,    0,   -8,   -4,    0,    0,    0,    0,    0,    0,    0,    0,    0,    0,    0,    0,    0,    0,  -12,    0,  -12,   -4,    0,    0,    0,    0,    0,
       0,    0,    0,    0,    0,    0,    0,    0,    0,    0,    0,    0,    0,    0,    0,    0,    0,    0,    0,    0,    0,    0,    0,    0,    0,    0,    0,    0,    0,    0,    0,    0,    0,    0,    0,    0,    0,    0,    0,    0,    0,    0,    0,    0,    0,    0,    0,    0,    0,    0,    0,    0,    0,    0,    0,    0,  -12,    0,  -12,   -4,    0,    0,    0,    0,    0,
       0,    0,    0,    0,    0,    0,    0,    0,    0,    0,    0,    0,    0,    0,    0,    0,    0,    0,    0,    0,    0,    0,    0,    0,    0,    0,    0,    0,    0,    0,    0,    0,    0,    0,    0,    0,    0,    0,    0,    0,    0,    0,  -12,    0,    0,    0,    0,    0,    0,    0,    0,    0,    0,    0,    0,    0,  -12,    0,  -12,   -4,    0,    0,    0,    0,    0,
       0,    0,    0,    0,    0,    0,    0,    0,    0,    0,    0,    0,    0,    0,    0,    0,    0,    0,    0,    0,    0,    0,    0,    0,    0,    0,    0,    0,    0,    0,    0,    0,    0,    0,    0,    0,    0,    0,    0,    0,    0,    0,   -4,    0,    0,    0,    0,    0,    0,    0,    0,    0,    0,    0,    0,    0,    0,    0,    0,    0,    0,    0,   -2,    0,    0,
       0,    0,    0,    0,    0,   -8,   -8,    0,    0,    0,    0,    0,    0,    0,    0,    0,    0,    0,    0,    0,    0,    0,    0,    0,    0,    0,    0,    0,    0,    0,    0,    0,    0,    0,    0,    0,    0,  -20,    0,    0,    0,    0,    0,    0,    0,    0,    0,    0,    0,    0,    0,   -8,   -8,    0,    0,    0,   -8,    0,   -8,    0,    0,    0,    0,    0,    0,
       0,  -12,    0,    0,  -20,    0,    0,    0,    0,    0,    0,    0,    0,    0,    0,    0,    0,    0,    0,    0,    0,    0,    0,    0,    0,    0,    0,    0,    0,    0,    0,    0,    0,    0,    0,    0,    0,    0,    0,    0,    0,    0,    0,    0,    0,    0,    0,    0,    0,    0,    0,    0,    0,    0,    0,    0,  -12,    0,  -12,   -8,    0,    0,  -12,    0,    0,
       0,    0,    0,    0,    0,    0,    0,    0,    0,    0,    0,    0,    0,    0,    0,    0,    0,    0,    0,    0,    0,    0,    0,    0,    0,    0,    0,    0,    0,    0,    0,    0,    0,    0,    0,    0,    0,    0,    0,    0,    0,    0,    0,    0,    0,    0,    0,    0,    0,    0,    0,    0,    0,    0,    0,    0,    0,    0,  -12,    0,    0,    0,    0,    0,    0,
       0,  -32,    0,    0,  -28,    0,    0,    0,  -24,    0,    0,    0,   -8,    0,    0,  -24,    0,  -32,    0,    0,  -28,    0,    0,    0,   -8,   -8,    0,    0,    0,   -8,    0,  -12,    0,  -20,    0,    0,    0,    0,    0,    0,    0,    0,    0,    0,    0,    0,    0,    0,    0,    0,   -8,    0,    0,    0,    0,    0,  -24,  -16,  -36,  -16,    0,    0,  -28,    0,    0,
       0,    0,    0,    0,    0,    0,    0,    0,    0,    0,    0,    0,   -8,    0,    0,    0,    0,    0,    0,    0,    0,    0,    0,    0,   -8,   -8,    0,    0,    0,   -8,    0,  -12,    0,  -12,    0,    0,    0,    0,    0,    0,    0,    0,    0,    0,   -8,    0,    0,    0,    0,    0,   -8,    0,    0,   -8,   -8,    0,    0,  -12,   -8,   -8,    0,   -8,    0,    0,    0,
       0,    0,    0,    0,    0,   -8,   -8,    0,    0,    0,    0,    0,    0,    0,    0,    0,    0,    0,    0,    0,    0,    0,    0,    0,    0,    0,    0,    0,    0,    0,    0,   -4,    0,   -8,    0,    0,    0,  -12,    0,    0,    0,    0,    0,    0,    0,    0,    0,    0,    0,    0,    0,   -8,   -8,    0,    0,    0,    0,   -8,  -16,    0,    0,    0,    0,    0,    0,
       0,    0,    0,    0,    0,  -40,  -40,    0,    0,    0,    0,    0,   -8,    0,    0,    0,    0,    0,    0,    0,    0,    0,  -24,    0,  -24,  -24,    0,  -16,    0,    0,    0,    0,    0,    0,    0,    0,    0,  -52,    0,    0,    0,    0,    0,    0,    0,    0,    0,    0,    0,    0,   -8,  -40,    0,   -8,  -16,  -12,    0,    0,    0,    0,  -16,    0,    0,    0,    0,
       0,    0,    0,    0,    0,  -36,  -36,    0,    0,    0,    0,    0,    0,    0,    0,    0,    0,    0,    0,    0,    0,    0,    0,    0,    0,    0,    0,    0,    0,    0,    0,    0,    0,    0,    0,    0,    0,    0,    0,    0,    0,    0,    0,    0,    0,    0,    0,    0,    0,    0,    0,    0,    0,    0,    0,    0,    0,    0,    0,    0,    0,    0,    0,    0,    0,
       0,    0,    0,    0,    0,  -48,  -48,    0,    0,    0,    0,    0,    0,    0,    0,    0,    0,    0,    0,    0,    0,    0,    0,    0,    0,    0,    0,    0,    0,    0,    0,    0,    0,    0,    0,    0,    0,  -32,    0,    0,    0,    0,    0,    0,    0,    0,    0,    0,    0,    0,    0,  -20,    0,    0,    0,    0,    0,    0,    0,    0,    0,    0,    0,    0,    0,
       0,    0,    0,    0,    0,  -36,  -36,    0,    0,    0,    0,    0,   -8,    0,    0,    0,    0,    0,    0,    0,    0,    0,  -12,    0,  -12,  -12,    0,   -4,    0,    0,    0,    0,    0,    0,    0,    0,    0,  -32,    0,    0,    0,    0,    0,   -8,    0,    0,    0,    0,    0,    0,   -8,  -24,    0,    0,  -12,  -12,    0,    0,    0,    0,  -12,    0,    0,    0,    0,
       0,    0,    0,    0,   12,  -28,  -28,    0,    0,    0,    0,    0,    0,    0,    0,    0,    0,    0,    0,    0,    0,    0,    0,    0,    0,    0,    0,    0,    0,    0,    0,    0,    0,    0,    0,    0,    0,    0,    0,    0,    0,    0,    0,    0,    0,    0,    0,    0,    0,    0,    0,  -12,    0,    0,    0,    0,    0,    0,    0,    0,    0,    0,    0,    0,    0,
       0,  -24,    0,    0,  -28,    0,    0,    0,  -28,    0,    0,    0,    0,    0,    0,  -28,    0,    0,    0,    0,    0,    0,    0,    0,    0,    0,    0,    0,    0,    0,    0,    0,    0,    0,    0,    0,    0,    0,    0,    0,    0,    0,    0,    0,    0,    0,    0,    0,    0,    0,    0,    0,    0,    0,    0,    0,  -28,    0,  -28,    0,    0,  -12,    0,    0,    0,
       0,    0,    0,    0,    0,    0,    0,    0,    0,    0,    0,    0,    0,    0,    0,    0,    0,    0,    0,    0,    0,    0,    0,    0,   -8,   -8,    0,    0,    0,    0,    0,    0,    0,    0,    0,    0,    0,    0,    0,    0,    0,    0,    0,    0,    0,    0,    0,    0,    0,    0,    0,    0,    0,    0,   -8,    0,    0,    0,    0,    0,   -8,    0,    0,    0,    0,
       0,    0,    0,    8,    0,    0,    0,    0,    0,    0,    0,    0,    0,    0,    0,    0,    0,    0,    0,    0,    0,    0,    0,    0,    0,    0,    0,    0,    0,    0,    0,    0,    0,    0,    0,    0,    0,    0,    0,    0,    0,    0,    0,    0,    0,    0,    0,    0,    0,    0,    0,    0,    0,    0,    0,    0,    0,    0,    0,    0,    0,    0,    0,    0,    0,
       0,    0,    0,    0,    0,    0,    0,    0,    0,    0,    0,    0,   -8,    0,    0,    0,    0,    0,    0,    0,    0,    0,    0,    0,   -8,   -8,    0,    0,    0,   -8,    0,  -12,    0,  -20,    0,    0,    0,    0,    0,    0,    0,    0,    0,    0,    0,    0,    0,    0,    0,    0,   -8,    0,    0,   -8,    0,    0,    0,  -16,   -8,    0,    0,  -12,    0,    0,    0,
       0,    0,    0,    0,    0,    0,    0,    0,    0,    0,    0,    0,    0,    0,    0,    0,    0,    0,    0,    0,    0,    0,    0,    0,    0,    0,    0,    0,    0,    0,    0,    0,    0,    0,    0,    0,    0,    0,    0,    0,    0,    0,    0,    0,    0,    0,    0,    0,    0,    0,    0,    0,    0,    0,    0,    0,    0,   -8,    0,    0,    0,    0,    0,    0,    0,
       0,    0,    0,    0,    0,    0,    0,    0,    0,    0,  -28,    0,    0,    0,    0,    0,    0,    0,    0,    0,    0,    0,    0,    0,    0,    0,    0,    0,    0,    0,    0,    0,    0,    0,    0,    0,    0,  -56,    0,    0,    0,    0,    0,    0,    0,    0,    0,    0,    0,    0,    0,  -28,    0,    0,    0,    0,    0,    0,    0,    0,    0,    0,    0,    0,    0,
       0,    0,    0,    0,    0,    0,    0,    0,    0,    0,  -40,    0,   -8,    0,    0,    0,    0,    0,    0,    0,    0,    0,  -12,    0,  -16,  -16,    0,  -20,    0,    0,    0,    0,    0,    0,    0,    0,    0,    0,    0,    4,    0,    0,    0,    0,    0,    0,    0,    0,    0,    0,    0,    0,    0,    0,    0,    0,    0,    0,    0,    0,    0,    0,    0,    0,    0,
       0,    0,    0,    0,    0,    0,    0,    0,    0,    0,    0,    0,    0,    0,    0,    0,    0,    0,    0,    0,    0,    0,    0,    0,    0,    0,    0,    0,    0,    0,    0,    0,    0,    0,    0,    0,    0,    0,    0,    0,    0,    0,    0,    0,    0,    0,    0,    0,    0,    0,    0,    0,    0,    0,    0,    0,    0,    0,    0,    0,    0,    0,    0,   32,    0,
       0,    0,    0,    0,    0,    0,    0,    0,    0,    0,    0,    0,    0,    0,    0,    0,    0,    0,    0,    0,    0,    0,    0,    0,    0,    0,    0,    0,    0,    0,    0,    0,    0,    0,    0,    0,    0,    0,    0,    0,    0,    0,    0,    0,    0,    0,    0,    0,    0,    0,    0,    0,    0,    0,    0,    0,    0,    0,    0,    0,    0,    0,    0,    0,   32,
};

static const EpdLigaturePair notoserif_12_boldLigaturePairs[] = {
    { 0x00660066, 0xFB00 }, // f f -> U+FB00
    { 0x00660069, 0xFB01 }, // f i -> U+FB01
    { 0x0066006C, 0xFB02 }, // f l -> U+FB02
    { 0xFB000069, 0xFB03 }, // U+FB00 i -> U+FB03
    { 0xFB00006C, 0xFB04 }, // U+FB00 l -> U+FB04
};

static const EpdFontData notoserif_12_bold = {
    notoserif_12_boldBitmaps,
    notoserif_12_boldGlyphs,
    notoserif_12_boldIntervals,
    18,
    34,
    27,
    -8,
    true,
    notoserif_12_boldGroups,
    13,
    nullptr,
    notoserif_12_boldKernLeftClasses,
    notoserif_12_boldKernRightClasses,
    notoserif_12_boldKernMatrix,
    381,
    448,
    70,
    65,
    notoserif_12_boldLigaturePairs,
    5,
};
