/**
 * generated by fontconvert.py
 * name: notosans_8_regular
 * size: 8
 * mode: 1-bit
 * Command used: lib/EpdFont/scripts/fontconvert.py notosans_8_regular 8 lib/EpdFont/builtinFonts/source/NotoSans/NotoSans-Regular.ttf C:/Windows/Fonts/NotoSansSC-VF.ttf C:/Windows/Fonts/NotoSansJP-VF.ttf --additional-characters lib/EpdFont/scripts/ui_zh_cn_chars.txt --additional-characters lib/EpdFont/scripts/ui_ja_chars.txt --exclude-intervals 0x0590,0x05FF --exclude-intervals 0x01A0,0x01A1 --exclude-intervals 0x01AF,0x01B0 --exclude-intervals 0x1EA0,0x1EF9 --additional-intervals 0x3000,0x303F --additional-intervals 0x3040,0x309F --additional-intervals 0x30A0,0x30FF --additional-intervals 0x31F0,0x31FF --additional-intervals 0xFF00,0xFFEF
 */
#pragma once
#include "EpdFontData.h"

static const uint8_t notosans_8_regularBitmaps[44685] = {
    0xDB, 0x6D, 0xB6, 0xC3, 0xF4, 0xDE, 0xF7, 0xBD, 0x80, 0x0D, 0x83, 0x30, 0x66, 0x3F, 0xF7, 0xFE,
    0x36, 0x04, 0xC7, 0xFE, 0xFF, 0xC6, 0x40, 0xD8, 0x1B, 0x00, 0x18, 0x18, 0xFE, 0xFE, 0xD8, 0xF8,
    0xFC, 0x3E, 0x1F, 0x1B, 0xFF, 0xFE, 0x38, 0x18, 0x00, 0x01, 0xE1, 0x86, 0xCC, 0x13, 0x30, 0xCD,
    0x83, 0x36, 0x86, 0xFF, 0x9F, 0xF6, 0x36, 0xD8, 0x1B, 0x60, 0xCD, 0x87, 0x36, 0x18, 0x78, 0x00,
    0x80, 0x00, 0x01, 0xF8, 0x0F, 0xC0, 0x66, 0x03, 0x30, 0x1F, 0x80, 0x70, 0x0F, 0xCE, 0x67, 0x63,
    0x1F, 0x18, 0x70, 0xFF, 0xC3, 0xF7, 0x04, 0x00, 0xFF, 0xC0, 0x39, 0x9C, 0xC6, 0x73, 0x9C, 0xE7,
    0x18, 0xC7, 0x18, 0x60, 0xE3, 0x1C, 0x63, 0x1C, 0xE7, 0x39, 0xCC, 0x67, 0x33, 0x00, 0x1C, 0x0E,
    0x13, 0x5F, 0xF7, 0xF1, 0xF0, 0xD8, 0x6C, 0x0C, 0x06, 0x03, 0x0F, 0xFF, 0xF8, 0x60, 0x30, 0x18,
    0x08, 0x00, 0x66, 0x6C, 0x40, 0x77, 0xDE, 0x1F, 0xA0, 0x0C, 0x18, 0x70, 0xC1, 0x86, 0x0C, 0x38,
    0x60, 0xC3, 0x86, 0x00, 0x00, 0x1F, 0x1F, 0xCC, 0x76, 0x1B, 0x0F, 0x87, 0xC3, 0x61, 0xB0, 0xD8,
    0xEE, 0xE3, 0xE0, 0x40, 0x1B, 0xFE, 0xB1, 0x8C, 0x63, 0x18, 0xC6, 0x30, 0x00, 0x3F, 0x1F, 0xC0,
    0x70, 0x38, 0x18, 0x1C, 0x0C, 0x0C, 0x0C, 0x0C, 0x0F, 0xFF, 0xF8, 0x00, 0x3F, 0x9F, 0xC0, 0x70,
    0x38, 0x38, 0xF8, 0x7E, 0x03, 0x80, 0xC0, 0xFC, 0xEF, 0xF0, 0xC0, 0x07, 0x03, 0xC0, 0xF0, 0x6C,
    0x3B, 0x0C, 0xC6, 0x33, 0x8C, 0xFF, 0xFF, 0xE0, 0x30, 0x0C, 0xFE, 0xFE, 0xC0, 0xC0, 0xF8, 0xFE,
    0x0F, 0x03, 0x03, 0x07, 0xEE, 0xFC, 0x30, 0x00, 0x0F, 0x8F, 0xCE, 0x06, 0x03, 0x71, 0xFC, 0xE7,
    0x61, 0xB0, 0xD8, 0x6E, 0xF3, 0xF0, 0x60, 0xFF, 0xBF, 0xC0, 0xE0, 0x60, 0x70, 0x30, 0x38, 0x18,
    0x1C, 0x0C, 0x06, 0x07, 0x00, 0x00, 0x1F, 0x9F, 0xCC, 0x76, 0x3B, 0xB8, 0xF8, 0x7E, 0x63, 0xF0,
    0xF8, 0x6E, 0x73, 0xF0, 0x40, 0x00, 0x1F, 0x1F, 0xCC, 0x7E, 0x1F, 0x0D, 0x8E, 0xFF, 0x3D, 0x81,
    0xC0, 0xC1, 0xE7, 0xE1, 0x80, 0x1F, 0x80, 0x00, 0xFD, 0x00, 0x07, 0x60, 0x00, 0x00, 0x66, 0x6C,
    0x00, 0x00, 0x00, 0xC1, 0xE3, 0xC7, 0x83, 0x80, 0xF8, 0x1F, 0x01, 0x80, 0x00, 0x7F, 0x3F, 0xC0,
    0x00, 0x07, 0xFB, 0xFC, 0x00, 0x70, 0x1E, 0x03, 0xC0, 0x78, 0x3C, 0x7C, 0xF0, 0xE0, 0x00, 0x00,
    0x01, 0xFB, 0xF8, 0x30, 0x61, 0xC7, 0x1C, 0x30, 0x60, 0x01, 0x83, 0x00, 0x00, 0x07, 0xE0, 0x3F,
    0xF0, 0xE0, 0x63, 0x9F, 0x66, 0x7E, 0xCD, 0x8D, 0x9B, 0x1B, 0x36, 0x76, 0x6C, 0xEC, 0xCF, 0xF1,
    0x88, 0x41, 0xC1, 0x01, 0xFE, 0x00, 0xF8, 0x00, 0x0E, 0x01, 0xC0, 0x78, 0x0D, 0x81, 0xB0, 0x67,
    0x0C, 0x63, 0xFC, 0x7F, 0xCC, 0x1B, 0x03, 0x60, 0x30, 0xFF, 0x7F, 0xF8, 0xFC, 0x3E, 0x3F, 0xFB,
    0xFF, 0xC3, 0xE1, 0xF0, 0xFF, 0xFF, 0xE0, 0x00, 0x0F, 0xE7, 0xFB, 0x80, 0xC0, 0x30, 0x0C, 0x03,
    0x00, 0xC0, 0x30, 0x0E, 0x01, 0xFE, 0x3F, 0x81, 0x80, 0xFF, 0x1F, 0xF3, 0x87, 0x70, 0x6E, 0x0D,
    0xC1, 0xF8, 0x3F, 0x06, 0xE0, 0xDC, 0x3B, 0xFE, 0x7F, 0x80, 0xFF, 0xFE, 0xE0, 0xE0, 0xE0, 0xFE,
    0xFE, 0xE0, 0xE0, 0xE0, 0xFE, 0xFF, 0xFF, 0xFE, 0xE0, 0xE0, 0xE0, 0xFE, 0xFE, 0xE0, 0xE0, 0xE0,
    0xE0, 0xE0, 0x00, 0x07, 0xF7, 0xFD, 0x80, 0xE0, 0x30, 0x0C, 0x3F, 0x1F, 0xC0, 0xF0, 0x3E, 0x0D,
    0xFF, 0x3F, 0xC1, 0x80, 0xC0, 0xF8, 0x3E, 0x0F, 0x83, 0xE0, 0xFF, 0xFF, 0xFF, 0x83, 0xE0, 0xF8,
    0x3E, 0x0F, 0x83, 0xFB, 0x8C, 0x63, 0x18, 0xC6, 0x31, 0x8D, 0xF0, 0x18, 0x61, 0x86, 0x18, 0x61,
    0x86, 0x18, 0x61, 0x86, 0x19, 0xEF, 0x90, 0xC1, 0xB8, 0xCE, 0x63, 0xB8, 0xFC, 0x3E, 0x0F, 0xC3,
    0xB0, 0xE6, 0x39, 0xCE, 0x3B, 0x86, 0xC0, 0xE0, 0xE0, 0xE0, 0xE0, 0xE0, 0xE0, 0xE0, 0xE0, 0xE0,
    0xFE, 0xFF, 0xE0, 0x3F, 0x83, 0xFC, 0x1F, 0xE0, 0xFD, 0x8D, 0xEC, 0x6F, 0x77, 0x79, 0xB3, 0xCD,
    0x9E, 0x38, 0xF1, 0xC7, 0x8E, 0x30, 0xE0, 0xDE, 0x1B, 0xC3, 0x7C, 0x6D, 0xCD, 0x99, 0xB3, 0xB6,
    0x3E, 0xC3, 0xD8, 0x7B, 0x07, 0x60, 0x60, 0x00, 0x07, 0xF1, 0xFF, 0x70, 0x7C, 0x07, 0x80, 0xF0,
    0x1E, 0x03, 0xC0, 0x78, 0x0F, 0x83, 0xBF, 0xE3, 0xF8, 0x08, 0x00, 0xFE, 0x7F, 0xB8, 0xDC, 0x7E,
    0x37, 0x3B, 0xF9, 0xF0, 0xE0, 0x70, 0x38, 0x1C, 0x00, 0x00, 0x07, 0xF1, 0xFF, 0x70, 0x7C, 0x07,
    0x80, 0xF0, 0x1E, 0x03, 0xC0, 0x78, 0x0F, 0x83, 0xBF, 0xE3, 0xF8, 0x0F, 0x00, 0x70, 0x0E, 0xFE,
    0x3F, 0xCE, 0x33, 0x8E, 0xE3, 0x3F, 0xCF, 0xE3, 0xB8, 0xE6, 0x39, 0xCE, 0x3B, 0x86, 0x00, 0x1F,
    0x9F, 0xCC, 0x06, 0x03, 0x80, 0xF0, 0x3E, 0x03, 0x81, 0xC0, 0xFF, 0xE7, 0xE0, 0xC0, 0xFF, 0xBF,
    0xE0, 0xC0, 0x30, 0x0C, 0x03, 0x00, 0xC0, 0x30, 0x0C, 0x03, 0x00, 0xC0, 0x30, 0xC0, 0xF0, 0x3C,
    0x0F, 0x03, 0xC0, 0xF0, 0x3C, 0x0F, 0x03, 0xC0, 0xF8, 0x77, 0xF8, 0xFC, 0x0C, 0x00, 0xC0, 0xF0,
    0x3E, 0x1D, 0x86, 0x63, 0x8C, 0xC3, 0x30, 0xFC, 0x1E, 0x07, 0x81, 0xE0, 0x30, 0xC3, 0x87, 0xE3,
    0x86, 0xE3, 0xC6, 0x63, 0xCE, 0x66, 0xCC, 0x76, 0xCC, 0x36, 0x6C, 0x3E, 0x7C, 0x3C, 0x78, 0x3C,
    0x78, 0x1C, 0x38, 0x18, 0x38, 0xE1, 0xD8, 0x67, 0x30, 0xFC, 0x1E, 0x07, 0x01, 0xE0, 0x78, 0x37,
    0x1C, 0xE6, 0x1B, 0x07, 0xC1, 0xF8, 0x66, 0x39, 0xCC, 0x36, 0x07, 0x81, 0xC0, 0x30, 0x0C, 0x03,
    0x00, 0xC0, 0x30, 0xFF, 0xBF, 0xC0, 0xC0, 0xE0, 0xE0, 0x60, 0x70, 0x70, 0x30, 0x38, 0x3F, 0xFF,
    0xF0, 0xF7, 0xB1, 0x8C, 0x63, 0x18, 0xC6, 0x31, 0x8C, 0x7B, 0xC0, 0xC1, 0xC1, 0x83, 0x07, 0x06,
    0x0C, 0x0C, 0x18, 0x30, 0x30, 0x60, 0xFF, 0xCE, 0x73, 0x9C, 0xE7, 0x39, 0xCE, 0x73, 0xFF, 0xC0,
    0x0C, 0x0E, 0x07, 0x86, 0xC3, 0x33, 0x19, 0x87, 0x83, 0x7F, 0xBF, 0xC0, 0xE3, 0x8C, 0x00, 0x3F,
    0x37, 0x03, 0x1F, 0x7F, 0x63, 0xE3, 0x67, 0x7F, 0x10, 0xC0, 0x60, 0x30, 0x18, 0x0F, 0xE7, 0xFB,
    0x8D, 0x87, 0xC3, 0xE1, 0xF8, 0xDE, 0xEF, 0xE0, 0x40, 0x00, 0x3F, 0x7E, 0x60, 0x60, 0x60, 0x60,
    0x60, 0x7F, 0x3F, 0x0C, 0x01, 0x80, 0xC0, 0x60, 0x33, 0xFB, 0xFD, 0x86, 0xC3, 0x61, 0xB0, 0xD8,
    0x6E, 0xF3, 0xF8, 0x40, 0x00, 0x1F, 0x9F, 0xCC, 0x77, 0xFB, 0xFD, 0x80, 0xC0, 0x7B, 0x1F, 0x81,
    0x00, 0x1E, 0x7C, 0xC3, 0x8F, 0xDF, 0x1C, 0x38, 0x70, 0xE1, 0xC3, 0x87, 0x00, 0x00, 0x1F, 0xDF,
    0xEC, 0x36, 0x1B, 0x0D, 0x86, 0xC3, 0x73, 0x9F, 0xC2, 0x60, 0x37, 0xFB, 0xF8, 0xC0, 0xC0, 0xC0,
    0xC0, 0xFE, 0xFF, 0xE3, 0xC3, 0xC3, 0xC3, 0xC3, 0xC3, 0xC3, 0x5B, 0x0D, 0xB6, 0xDB, 0x6C, 0x11,
    0x8C, 0x03, 0x18, 0xC6, 0x31, 0x8C, 0x63, 0x18, 0xDE, 0xF0, 0xC0, 0xC0, 0xC0, 0xC0, 0xC7, 0xCE,
    0xDC, 0xF8, 0xF8, 0xFC, 0xCC, 0xCE, 0xC7, 0xFF, 0xFF, 0xFF, 0xC0, 0x00, 0x03, 0xFB, 0xEF, 0xFF,
    0xB8, 0xC7, 0xC3, 0x1F, 0x0C, 0x7C, 0x31, 0xF0, 0xC7, 0xC3, 0x1F, 0x0C, 0x70, 0x00, 0xFE, 0xFF,
    0xE3, 0xC3, 0xC3, 0xC3, 0xC3, 0xC3, 0xC3, 0x00, 0x0F, 0xC7, 0xF9, 0x86, 0x61, 0x98, 0x76, 0x19,
    0x86, 0x73, 0x8F, 0xC0, 0xC0, 0x00, 0x7F, 0x3F, 0xDC, 0x6C, 0x3E, 0x1F, 0x0F, 0xC6, 0xF7, 0x7F,
    0x32, 0x18, 0x0C, 0x06, 0x00, 0x00, 0x1F, 0xDF, 0xEC, 0x36, 0x1B, 0x0D, 0x86, 0xC3, 0x73, 0x9F,
    0xC2, 0x60, 0x30, 0x18, 0x0C, 0x03, 0xFF, 0xF8, 0xC3, 0x0C, 0x30, 0xC3, 0x00, 0x00, 0x7E, 0x7E,
    0xE0, 0x78, 0x3E, 0x0E, 0x07, 0x66, 0x7E, 0x10, 0x21, 0x8F, 0xFE, 0x61, 0x86, 0x18, 0x61, 0xC3,
    0xC2, 0xC3, 0xC3, 0xC3, 0xC3, 0xC3, 0xC3, 0xC3, 0xEF, 0x7F, 0x10, 0xC3, 0xE1, 0x98, 0xCC, 0xE7,
    0x61, 0xB0, 0xF0, 0x78, 0x1C, 0x00, 0xC7, 0x1E, 0x38, 0xF9, 0xCE, 0xDB, 0x66, 0xDB, 0x36, 0xD8,
    0xE3, 0xC7, 0x1C, 0x38, 0xE0, 0xE3, 0x3B, 0x8D, 0x87, 0x81, 0xC1, 0xE0, 0xD8, 0xCE, 0xE3, 0x80,
    0xC3, 0xF1, 0x98, 0xCC, 0xE7, 0x61, 0xB0, 0xF0, 0x38, 0x1C, 0x0C, 0x06, 0x1E, 0x0F, 0x00, 0x7E,
    0x7E, 0x0E, 0x1C, 0x18, 0x30, 0x70, 0x7E, 0xFF, 0x1C, 0xF3, 0x0C, 0x30, 0xCF, 0x38, 0x70, 0xC3,
    0x0C, 0x30, 0x70, 0xC0, 0x6D, 0xB6, 0xDB, 0x6D, 0xB6, 0xDB, 0x60, 0xE3, 0xC3, 0x0C, 0x30, 0xC3,
    0xC7, 0x38, 0xC3, 0x0C, 0x33, 0xCE, 0x00, 0x7D, 0xFF, 0xC0, 0x80, 0x1F, 0x8D, 0xB6, 0xDB, 0x6C,
    0x00, 0x00, 0x18, 0x3E, 0x7E, 0x60, 0xE0, 0xC0, 0xC0, 0xE0, 0x60, 0x7E, 0x3E, 0x18, 0x08, 0x00,
    0x0F, 0xCF, 0xE6, 0x03, 0x01, 0x83, 0xF9, 0xFC, 0x30, 0x18, 0x0C, 0x1F, 0xFF, 0xF8, 0x49, 0x3F,
    0xCC, 0xCC, 0x66, 0x13, 0x99, 0xFC, 0xDB, 0xC1, 0x98, 0x66, 0x30, 0xCC, 0x36, 0x07, 0x87, 0xF1,
    0xFC, 0x3F, 0x1F, 0xC0, 0xC0, 0x30, 0x6D, 0xB6, 0xD8, 0x01, 0x36, 0xDB, 0x60, 0x3E, 0x7E, 0x60,
    0x78, 0x3E, 0x6F, 0x63, 0x73, 0x3E, 0x0E, 0x03, 0x67, 0x7E, 0x00, 0x03, 0x6C, 0x80, 0x00, 0x00,
    0x7F, 0x03, 0x87, 0x1D, 0xEC, 0x6F, 0x99, 0x30, 0x2C, 0xC0, 0xB3, 0x02, 0x4C, 0x09, 0xBE, 0x66,
    0x7B, 0x0E, 0x1C, 0x1F, 0xE0, 0x0C, 0x00, 0x01, 0xE0, 0x9F, 0xCF, 0xF7, 0x80, 0x1B, 0x37, 0x7E,
    0xEC, 0x6E, 0x37, 0x1B, 0x00, 0x7F, 0xFF, 0xC0, 0x60, 0x30, 0x18, 0x77, 0xDE, 0x00, 0x00, 0x7F,
    0x03, 0x87, 0x1F, 0xEC, 0x6F, 0xD9, 0x33, 0x2C, 0xFC, 0xB3, 0xE2, 0x4D, 0x89, 0xB3, 0x66, 0xCF,
    0x0E, 0x1C, 0x1F, 0xE0, 0x0C, 0x00, 0x7F, 0xDF, 0xF0, 0x00, 0xF9, 0xB2, 0x36, 0xCF, 0x80, 0x00,
    0x0C, 0x06, 0x03, 0x0F, 0xF7, 0xF8, 0x60, 0x30, 0x18, 0x7F, 0xFF, 0xC0, 0x33, 0xE5, 0x86, 0x18,
    0xC6, 0x3E, 0x00, 0x33, 0xE1, 0x86, 0x78, 0x30, 0xFE, 0x20, 0x33, 0xB8, 0xC3, 0xC3, 0xC3, 0xC3,
    0xC3, 0xC3, 0xC3, 0xE7, 0xFF, 0xD0, 0xC0, 0xC0, 0xC0, 0x3F, 0x9F, 0xF7, 0xED, 0xFB, 0x7E, 0xDF,
    0xB7, 0xED, 0xFB, 0x3E, 0xC1, 0xB0, 0x6C, 0x1B, 0x06, 0xC1, 0xB0, 0x6C, 0x00, 0x1F, 0xA0, 0x67,
    0x3E, 0x07, 0xF3, 0x33, 0x33, 0x00, 0x01, 0xEC, 0xF3, 0xCD, 0xF7, 0x80, 0x4C, 0x6E, 0x36, 0x3B,
    0x37, 0x6E, 0x6C, 0x00, 0x30, 0x67, 0x86, 0x1C, 0x70, 0x63, 0x03, 0x32, 0x19, 0xB8, 0xDB, 0xC3,
    0xDE, 0x0D, 0xB0, 0xDF, 0xC6, 0x7C, 0x60, 0x60, 0x70, 0xC7, 0x86, 0x0C, 0x60, 0x66, 0x03, 0x36,
    0x1B, 0xF8, 0xDA, 0x43, 0x86, 0x18, 0x30, 0xC3, 0x0C, 0x30, 0xE3, 0xF0, 0x00, 0x07, 0xC3, 0x36,
    0x18, 0x31, 0x87, 0x8C, 0x0E, 0xC8, 0x3C, 0xDF, 0x6E, 0x76, 0xF0, 0x37, 0x83, 0x7E, 0x33, 0xF1,
    0x83, 0x00, 0x00, 0x38, 0x70, 0x01, 0x83, 0x06, 0x38, 0x61, 0x83, 0x07, 0x77, 0xE3, 0x00, 0x18,
    0x01, 0x80, 0x18, 0x00, 0x00, 0xE0, 0x1C, 0x07, 0x80, 0xD8, 0x1B, 0x06, 0x70, 0xC6, 0x3F, 0xC7,
    0xFC, 0xC1, 0xB0, 0x36, 0x03, 0x07, 0x00, 0xC0, 0x30, 0x00, 0x00, 0xE0, 0x1C, 0x07, 0x80, 0xD8,
    0x1B, 0x06, 0x70, 0xC6, 0x3F, 0xC7, 0xFC, 0xC1, 0xB0, 0x36, 0x03, 0x0E, 0x03, 0xC0, 0xEC, 0x00,
    0x00, 0xE0, 0x1C, 0x07, 0x80, 0xD8, 0x1B, 0x06, 0x70, 0xC6, 0x3F, 0xC7, 0xFC, 0xC1, 0xB0, 0x36,
    0x03, 0x09, 0x07, 0xF0, 0xDC, 0x00, 0x00, 0xE0, 0x1C, 0x07, 0x80, 0xD8, 0x1B, 0x06, 0x70, 0xC6,
    0x3F, 0xC7, 0xFC, 0xC1, 0xB0, 0x36, 0x03, 0x00, 0x03, 0x60, 0x6C, 0x00, 0x00, 0xE0, 0x1C, 0x07,
    0x80, 0xD8, 0x1B, 0x06, 0x70, 0xC6, 0x3F, 0xC7, 0xFC, 0xC1, 0xB0, 0x36, 0x03, 0x0E, 0x03, 0xC0,
    0x68, 0x07, 0x00, 0xE0, 0x3C, 0x06, 0xC0, 0xD8, 0x33, 0x86, 0x31, 0xFE, 0x3F, 0xE6, 0x0D, 0x81,
    0xB0, 0x18, 0x03, 0xFE, 0x07, 0xFC, 0x1B, 0x00, 0x36, 0x00, 0xCC, 0x01, 0x9F, 0xC7, 0x3F, 0x8F,
    0xE0, 0x3F, 0xC0, 0x61, 0x81, 0xC3, 0xFB, 0x07, 0xF0, 0x00, 0x0F, 0xE7, 0xFB, 0x80, 0xC0, 0x30,
    0x0C, 0x03, 0x00, 0xC0, 0x30, 0x0E, 0x01, 0xFE, 0x3F, 0x83, 0x80, 0xE0, 0x18, 0x1E, 0x00, 0x30,
    0x38, 0x18, 0x00, 0xFF, 0xFE, 0xE0, 0xE0, 0xE0, 0xFE, 0xFE, 0xE0, 0xE0, 0xE0, 0xFE, 0xFF, 0x0E,
    0x0C, 0x18, 0x00, 0xFF, 0xFE, 0xE0, 0xE0, 0xE0, 0xFE, 0xFE, 0xE0, 0xE0, 0xE0, 0xFE, 0xFF, 0x18,
    0x3C, 0x66, 0x00, 0xFF, 0xFE, 0xE0, 0xE0, 0xE0, 0xFE, 0xFE, 0xE0, 0xE0, 0xE0, 0xFE, 0xFF, 0x00,
    0x76, 0x24, 0x00, 0xFF, 0xFE, 0xE0, 0xE0, 0xE0, 0xFE, 0xFE, 0xE0, 0xE0, 0xE0, 0xFE, 0xFF, 0xE3,
    0x8C, 0x0F, 0xB8, 0xC6, 0x31, 0x8C, 0x63, 0x18, 0xDF, 0x18, 0xE3, 0x00, 0xF9, 0xC3, 0x0C, 0x30,
    0xC3, 0x0C, 0x30, 0xC3, 0x3E, 0x71, 0xED, 0xC0, 0xF9, 0xC3, 0x0C, 0x30, 0xC3, 0x0C, 0x30, 0xC3,
    0x3E, 0x03, 0x74, 0x80, 0xF9, 0xC3, 0x0C, 0x30, 0xC3, 0x0C, 0x30, 0xC3, 0x3E, 0x7F, 0x87, 0xFC,
    0x70, 0xE7, 0x06, 0x70, 0x6F, 0xC7, 0xFE, 0x77, 0x06, 0x70, 0x67, 0x0E, 0x7F, 0xC7, 0xF8, 0x08,
    0x07, 0xF0, 0xDC, 0x00, 0x0E, 0x0D, 0xE1, 0xBC, 0x37, 0xC6, 0xDC, 0xD9, 0x9B, 0x3B, 0x63, 0xEC,
    0x3D, 0x87, 0xB0, 0x76, 0x06, 0x1C, 0x01, 0x80, 0x18, 0x00, 0x03, 0xF8, 0xFF, 0xB8, 0x3E, 0x03,
    0xC0, 0x78, 0x0F, 0x01, 0xE0, 0x3C, 0x07, 0xC1, 0xDF, 0xF1, 0xFC, 0x04, 0x00, 0x03, 0x00, 0xE0,
    0x38, 0x00, 0x03, 0xF8, 0xFF, 0xB8, 0x3E, 0x03, 0xC0, 0x78, 0x0F, 0x01, 0xE0, 0x3C, 0x07, 0xC1,
    0xDF, 0xF1, 0xFC, 0x04, 0x00, 0x0E, 0x03, 0xE0, 0x6C, 0x00, 0x03, 0xF8, 0xFF, 0xB8, 0x3E, 0x03,
    0xC0, 0x78, 0x0F, 0x01, 0xE0, 0x3C, 0x07, 0xC1, 0xDF, 0xF1, 0xFC, 0x04, 0x00, 0x08, 0x83, 0xF0,
    0xDC, 0x00, 0x03, 0xF8, 0xFF, 0xB8, 0x3E, 0x03, 0xC0, 0x78, 0x0F, 0x01, 0xE0, 0x3C, 0x07, 0xC1,
    0xDF, 0xF1, 0xFC, 0x04, 0x00, 0x00, 0x03, 0x60, 0x6C, 0x00, 0x03, 0xF8, 0xFF, 0xB8, 0x3E, 0x03,
    0xC0, 0x78, 0x0F, 0x01, 0xE0, 0x3C, 0x07, 0xC1, 0xDF, 0xF1, 0xFC, 0x04, 0x00, 0xC2, 0xC7, 0x6E,
    0x3C, 0x38, 0x7C, 0xE6, 0xC2, 0x00, 0x47, 0xF9, 0xFF, 0x70, 0xFC, 0x3F, 0x8E, 0xF1, 0x9E, 0x63,
    0xDC, 0x7F, 0x0F, 0xC3, 0xBF, 0xEF, 0xF8, 0x88, 0x00, 0x18, 0x07, 0x00, 0xC0, 0x00, 0xC0, 0xF0,
    0x3C, 0x0F, 0x03, 0xC0, 0xF0, 0x3C, 0x0F, 0x03, 0xC0, 0xF8, 0x77, 0xF8, 0xFC, 0x0C, 0x00, 0x07,
    0x01, 0x80, 0xC0, 0x00, 0xC0, 0xF0, 0x3C, 0x0F, 0x03, 0xC0, 0xF0, 0x3C, 0x0F, 0x03, 0xC0, 0xF8,
    0x77, 0xF8, 0xFC, 0x0C, 0x00, 0x0C, 0x07, 0x83, 0x30, 0x00, 0xC0, 0xF0, 0x3C, 0x0F, 0x03, 0xC0,
    0xF0, 0x3C, 0x0F, 0x03, 0xC0, 0xF8, 0x77, 0xF8, 0xFC, 0x0C, 0x00, 0x00, 0x0E, 0xC1, 0x20, 0x00,
    0xC0, 0xF0, 0x3C, 0x0F, 0x03, 0xC0, 0xF0, 0x3C, 0x0F, 0x03, 0xC0, 0xF8, 0x77, 0xF8, 0xFC, 0x0C,
    0x00, 0x06, 0x03, 0x80, 0xC0, 0x00, 0xC1, 0xF8, 0x66, 0x39, 0xCC, 0x36, 0x07, 0x81, 0xC0, 0x30,
    0x0C, 0x03, 0x00, 0xC0, 0x30, 0xC0, 0x70, 0x3F, 0x9F, 0xEE, 0x37, 0x1F, 0x8F, 0xCE, 0xFE, 0x7E,
    0x38, 0x1C, 0x00, 0x7E, 0x7F, 0xB0, 0xD8, 0x6C, 0xE6, 0x63, 0x31, 0x9C, 0xC7, 0x61, 0xF0, 0x7B,
    0x7D, 0xF0, 0x20, 0x38, 0x18, 0x0C, 0x00, 0x3F, 0x37, 0x03, 0x1F, 0x7F, 0x63, 0xE3, 0x67, 0x7F,
    0x10, 0x06, 0x0E, 0x0C, 0x00, 0x3F, 0x37, 0x03, 0x1F, 0x7F, 0x63, 0xE3, 0x67, 0x7F, 0x10, 0x1C,
    0x3E, 0x37, 0x00, 0x3F, 0x37, 0x03, 0x1F, 0x7F, 0x63, 0xE3, 0x67, 0x7F, 0x10, 0x11, 0x3F, 0x6E,
    0x00, 0x3F, 0x37, 0x03, 0x1F, 0x7F, 0x63, 0xE3, 0x67, 0x7F, 0x10, 0x00, 0x36, 0x36, 0x00, 0x3F,
    0x37, 0x03, 0x1F, 0x7F, 0x63, 0xE3, 0x67, 0x7F, 0x10, 0x1C, 0x1E, 0x16, 0x1C, 0x00, 0x3F, 0x37,
    0x03, 0x1F, 0x7F, 0x63, 0xE3, 0x67, 0x7F, 0x10, 0x00, 0x01, 0xFB, 0xE7, 0x7F, 0x80, 0xC7, 0x1F,
    0xFD, 0xFF, 0xF6, 0x30, 0x38, 0xE0, 0x67, 0xD9, 0xF3, 0xE1, 0x02, 0x00, 0x00, 0x3F, 0x7E, 0x60,
    0x60, 0x60, 0x60, 0x60, 0x7F, 0x3F, 0x0C, 0x0C, 0x06, 0x1C, 0x38, 0x0E, 0x03, 0x00, 0x03, 0xF3,
    0xF9, 0x8E, 0xFF, 0x7F, 0xB0, 0x18, 0x0F, 0x63, 0xF0, 0x20, 0x06, 0x07, 0x03, 0x00, 0x03, 0xF3,
    0xF9, 0x8E, 0xFF, 0x7F, 0xB0, 0x18, 0x0F, 0x63, 0xF0, 0x20, 0x1C, 0x0F, 0x0D, 0xC0, 0x03, 0xF3,
    0xF9, 0x8E, 0xFF, 0x7F, 0xB0, 0x18, 0x0F, 0x63, 0xF0, 0x20, 0x00, 0x1B, 0x0C, 0x80, 0x03, 0xF3,
    0xF9, 0x8E, 0xFF, 0x7F, 0xB0, 0x18, 0x0F, 0x63, 0xF0, 0x20, 0x63, 0x8E, 0x03, 0x18, 0xC6, 0x31,
    0x8C, 0x63, 0x00, 0x76, 0xC0, 0xCC, 0xCC, 0xCC, 0xCC, 0xC0, 0x31, 0xEC, 0xC0, 0x30, 0xC3, 0x0C,
    0x30, 0xC3, 0x0C, 0x30, 0x03, 0xB4, 0x80, 0x30, 0xC3, 0x0C, 0x30, 0xC3, 0x0C, 0x30, 0x19, 0x07,
    0xC1, 0xE0, 0xEC, 0x03, 0x8F, 0xE7, 0xF9, 0x87, 0x61, 0xD8, 0x66, 0x19, 0xCE, 0x3F, 0x03, 0x00,
    0x22, 0x7E, 0x7E, 0x00, 0xFE, 0xFF, 0xE3, 0xC3, 0xC3, 0xC3, 0xC3, 0xC3, 0xC3, 0x18, 0x07, 0x00,
    0xC0, 0x00, 0x3F, 0x1F, 0xE6, 0x19, 0x86, 0x61, 0xD8, 0x66, 0x19, 0xCE, 0x3F, 0x03, 0x00, 0x07,
    0x01, 0x80, 0xC0, 0x00, 0x3F, 0x1F, 0xE6, 0x19, 0x86, 0x61, 0xD8, 0x66, 0x19, 0xCE, 0x3F, 0x03,
    0x00, 0x0C, 0x07, 0x83, 0x30, 0x00, 0x3F, 0x1F, 0xE6, 0x19, 0x86, 0x61, 0xD8, 0x66, 0x19, 0xCE,
    0x3F, 0x03, 0x00, 0x11, 0x0F, 0xC2, 0xF0, 0x00, 0x3F, 0x1F, 0xE6, 0x19, 0x86, 0x61, 0xD8, 0x66,
    0x19, 0xCE, 0x3F, 0x03, 0x00, 0x00, 0x0E, 0xC1, 0x20, 0x00, 0x3F, 0x1F, 0xE6, 0x19, 0x86, 0x61,
    0xD8, 0x66, 0x19, 0xCE, 0x3F, 0x03, 0x00, 0x0C, 0x0E, 0x02, 0x0F, 0xFF, 0xF8, 0x00, 0x30, 0x18,
    0x00, 0x0F, 0xE7, 0xF9, 0x9E, 0x67, 0x9B, 0x77, 0xD9, 0xE6, 0x73, 0x9F, 0xC6, 0xC0, 0x30, 0x38,
    0x1C, 0x00, 0xC3, 0xC3, 0xC3, 0xC3, 0xC3, 0xC3, 0xC3, 0xEF, 0x7F, 0x10, 0x0E, 0x0C, 0x18, 0x00,
    0xC3, 0xC3, 0xC3, 0xC3, 0xC3, 0xC3, 0xC3, 0xEF, 0x7F, 0x10, 0x18, 0x3C, 0x66, 0x00, 0xC3, 0xC3,
    0xC3, 0xC3, 0xC3, 0xC3, 0xC3, 0xEF, 0x7F, 0x10, 0x00, 0x76, 0x24, 0x00, 0xC3, 0xC3, 0xC3, 0xC3,
    0xC3, 0xC3, 0xC3, 0xEF, 0x7F, 0x10, 0x0E, 0x06, 0x06, 0x00, 0x0C, 0x3F, 0x19, 0x8C, 0xCE, 0x76,
    0x1B, 0x0F, 0x03, 0x81, 0xC0, 0xC0, 0x61, 0xE0, 0xF0, 0x00, 0xC0, 0x60, 0x30, 0x18, 0x0F, 0xE7,
    0xFB, 0x8D, 0x87, 0xC3, 0xE1, 0xF8, 0xDE, 0xEF, 0xE6, 0x43, 0x01, 0x80, 0xC0, 0x00, 0x00, 0x1B,
    0x09, 0x80, 0x0C, 0x3F, 0x19, 0x8C, 0xCE, 0x76, 0x1B, 0x0F, 0x03, 0x81, 0xC0, 0xC0, 0x61, 0xE0,
    0xF0, 0x00, 0x1F, 0x07, 0xE0, 0x00, 0x07, 0x00, 0xE0, 0x3C, 0x06, 0xC0, 0xD8, 0x33, 0x86, 0x31,
    0xFE, 0x3F, 0xE6, 0x0D, 0x81, 0xB0, 0x18, 0x3E, 0x3F, 0x00, 0x3F, 0x37, 0x03, 0x1F, 0x7F, 0x63,
    0xE3, 0x67, 0x7F, 0x10, 0x11, 0x03, 0xE0, 0x78, 0x00, 0x00, 0xE0, 0x1C, 0x07, 0x80, 0xD8, 0x1B,
    0x06, 0x70, 0xC6, 0x3F, 0xC7, 0xFC, 0xC1, 0xB0, 0x36, 0x03, 0x22, 0x3E, 0x1E, 0x00, 0x3F, 0x37,
    0x03, 0x1F, 0x7F, 0x63, 0xE3, 0x67, 0x7F, 0x10, 0x0E, 0x01, 0xC0, 0x78, 0x0D, 0x81, 0xB0, 0x67,
    0x0C, 0x63, 0xFC, 0x7F, 0xCC, 0x1B, 0x03, 0x60, 0x30, 0x0C, 0x01, 0x80, 0x38, 0x07, 0x00, 0x1F,
    0x8D, 0xC0, 0x61, 0xF3, 0xF9, 0x8D, 0xC6, 0x67, 0x3F, 0x84, 0xC0, 0xC0, 0x78, 0x1C, 0x07, 0x01,
    0x80, 0xC0, 0x00, 0x3F, 0x9F, 0xEE, 0x03, 0x00, 0xC0, 0x30, 0x0C, 0x03, 0x00, 0xC0, 0x38, 0x07,
    0xF8, 0xFE, 0x06, 0x00, 0x06, 0x0E, 0x0C, 0x00, 0x3F, 0x7E, 0x60, 0x60, 0x60, 0x60, 0x60, 0x7F,
    0x3F, 0x0C, 0x0E, 0x07, 0xC3, 0xB0, 0x00, 0x3F, 0x9F, 0xEE, 0x03, 0x00, 0xC0, 0x30, 0x0C, 0x03,
    0x00, 0xC0, 0x38, 0x07, 0xF8, 0xFE, 0x06, 0x00, 0x1C, 0x1E, 0x37, 0x00, 0x3F, 0x7E, 0x60, 0x60,
    0x60, 0x60, 0x60, 0x7F, 0x3F, 0x0C, 0x04, 0x03, 0x80, 0xC0, 0x00, 0x3F, 0x9F, 0xEE, 0x03, 0x00,
    0xC0, 0x30, 0x0C, 0x03, 0x00, 0xC0, 0x38, 0x07, 0xF8, 0xFE, 0x06, 0x00, 0x08, 0x0C, 0x0C, 0x00,
    0x3F, 0x7E, 0x60, 0x60, 0x60, 0x60, 0x60, 0x7F, 0x3F, 0x0C, 0x33, 0x07, 0xC0, 0xE0, 0x00, 0x3F,
    0x9F, 0xEE, 0x03, 0x00, 0xC0, 0x30, 0x0C, 0x03, 0x00, 0xC0, 0x38, 0x07, 0xF8, 0xFE, 0x06, 0x00,
    0x33, 0x3E, 0x1C, 0x00, 0x3F, 0x7E, 0x60, 0x60, 0x60, 0x60, 0x60, 0x7F, 0x3F, 0x0C, 0x33, 0x03,
    0xC0, 0x30, 0x00, 0x0F, 0xF1, 0xFF, 0x38, 0x77, 0x06, 0xE0, 0xDC, 0x1F, 0x83, 0xF0, 0x6E, 0x0D,
    0xC3, 0xBF, 0xE7, 0xF8, 0x01, 0xB0, 0x1E, 0x01, 0xE0, 0x18, 0x3F, 0x87, 0xF8, 0x61, 0x86, 0x18,
    0x61, 0x86, 0x18, 0x61, 0x87, 0x78, 0x3F, 0x80, 0x80, 0x7F, 0x87, 0xFC, 0x70, 0xE7, 0x06, 0x70,
    0x6F, 0xC7, 0xFE, 0x77, 0x06, 0x70, 0x67, 0x0E, 0x7F, 0xC7, 0xF8, 0x01, 0x81, 0xF8, 0x7F, 0x00,
    0xC3, 0xF8, 0xFF, 0x18, 0x63, 0x0C, 0x61, 0x8C, 0x31, 0x86, 0x39, 0xC3, 0xF8, 0x10, 0x00, 0x3E,
    0x7E, 0x00, 0xFF, 0xFE, 0xE0, 0xE0, 0xE0, 0xFE, 0xFE, 0xE0, 0xE0, 0xE0, 0xFE, 0xFF, 0x3E, 0x1F,
    0x80, 0x07, 0xE7, 0xF3, 0x1D, 0xFE, 0xFF, 0x60, 0x30, 0x1E, 0xC7, 0xE0, 0x40, 0x62, 0x7E, 0x3C,
    0x00, 0xFF, 0xFE, 0xE0, 0xE0, 0xE0, 0xFE, 0xFE, 0xE0, 0xE0, 0xE0, 0xFE, 0xFF, 0x22, 0x1F, 0x87,
    0x80, 0x03, 0xF3, 0xF9, 0x8E, 0xFF, 0x7F, 0xB0, 0x18, 0x0F, 0x63, 0xF0, 0x20, 0x08, 0x18, 0x18,
    0x00, 0xFF, 0xFE, 0xE0, 0xE0, 0xE0, 0xFE, 0xFE, 0xE0, 0xE0, 0xE0, 0xFE, 0xFF, 0x08, 0x06, 0x03,
    0x00, 0x03, 0xF3, 0xF9, 0x8E, 0xFF, 0x7F, 0xB0, 0x18, 0x0F, 0x63, 0xF0, 0x20, 0xFF, 0xFE, 0xE0,
    0xE0, 0xE0, 0xFE, 0xFE, 0xE0, 0xE0, 0xE0, 0xFE, 0xFF, 0x06, 0x0C, 0x0E, 0x06, 0x00, 0x1F, 0x9F,
    0xCC, 0x77, 0xFB, 0xFD, 0x80, 0xC0, 0x7B, 0x1F, 0x81, 0xC0, 0xC0, 0x70, 0x38, 0x66, 0x3C, 0x1C,
    0x00, 0xFF, 0xFE, 0xE0, 0xE0, 0xE0, 0xFE, 0xFE, 0xE0, 0xE0, 0xE0, 0xFE, 0xFF, 0x33, 0x1F, 0x07,
    0x00, 0x03, 0xF3, 0xF9, 0x8E, 0xFF, 0x7F, 0xB0, 0x18, 0x0F, 0x63, 0xF0, 0x20, 0x0E, 0x03, 0xC1,
    0xB8, 0x00, 0x1F, 0xDF, 0xF6, 0x03, 0x80, 0xC0, 0x30, 0xFC, 0x7F, 0x03, 0xC0, 0xF8, 0x37, 0xFC,
    0xFF, 0x06, 0x00, 0x0C, 0x0F, 0x0C, 0xC0, 0x03, 0xFB, 0xFD, 0x86, 0xC3, 0x61, 0xB0, 0xD8, 0x6E,
    0x73, 0xF8, 0x4C, 0x06, 0xFF, 0x7F, 0x00, 0x11, 0x07, 0xE0, 0xF0, 0x00, 0x1F, 0xDF, 0xF6, 0x03,
    0x80, 0xC0, 0x30, 0xFC, 0x7F, 0x03, 0xC0, 0xF8, 0x37, 0xFC, 0xFF, 0x06, 0x00, 0x23, 0x1F, 0x87,
    0x80, 0x03, 0xFB, 0xFD, 0x86, 0xC3, 0x61, 0xB0, 0xD8, 0x6E, 0x73, 0xF8, 0x4C, 0x06, 0xFF, 0x7F,
    0x00, 0x04, 0x01, 0x80, 0x60, 0x00, 0x1F, 0xDF, 0xF6, 0x03, 0x80, 0xC0, 0x30, 0xFC, 0x7F, 0x03,
    0xC0, 0xF8, 0x37, 0xFC, 0xFF, 0x06, 0x00, 0x08, 0x06, 0x03, 0x00, 0x03, 0xFB, 0xFD, 0x86, 0xC3,
    0x61, 0xB0, 0xD8, 0x6E, 0x73, 0xF8, 0x4C, 0x06, 0xFF, 0x7F, 0x00, 0x00, 0x07, 0xF7, 0xFD, 0x80,
    0xE0, 0x30, 0x0C, 0x3F, 0x1F, 0xC0, 0xF0, 0x3E, 0x0D, 0xFF, 0x3F, 0xC1, 0x80, 0x60, 0x18, 0x0C,
    0x00, 0x04, 0x06, 0x03, 0x00, 0x03, 0xFB, 0xFD, 0x86, 0xC3, 0x61, 0xB0, 0xD8, 0x6E, 0x73, 0xF8,
    0x4C, 0x06, 0xFF, 0x7F, 0x00, 0x0E, 0x07, 0x83, 0x30, 0x00, 0xC0, 0xF8, 0x3E, 0x0F, 0x83, 0xE0,
    0xFF, 0xFF, 0xFF, 0x83, 0xE0, 0xF8, 0x3E, 0x0F, 0x83, 0x38, 0x1E, 0x0C, 0xC0, 0x00, 0x30, 0x0C,
    0x03, 0x00, 0xC0, 0x3F, 0x8F, 0xF3, 0x8C, 0xC3, 0x30, 0xCC, 0x33, 0x0C, 0xC3, 0x30, 0xC0, 0x60,
    0x63, 0x83, 0x3F, 0xFF, 0xFF, 0xE7, 0x06, 0x3F, 0xF1, 0xFF, 0x8E, 0x0C, 0x70, 0x63, 0x83, 0x1C,
    0x18, 0xE0, 0xC0, 0x60, 0x7E, 0x3F, 0x8C, 0x06, 0xF3, 0xFD, 0xC6, 0xC3, 0x61, 0xB0, 0xD8, 0x6C,
    0x36, 0x18, 0x22, 0xFF, 0x78, 0x07, 0xC7, 0x06, 0x0C, 0x18, 0x30, 0x60, 0xC1, 0x83, 0x06, 0x3E,
    0x45, 0xFB, 0xF0, 0x03, 0x06, 0x0C, 0x18, 0x30, 0x60, 0xC1, 0x83, 0x00, 0xFB, 0xF0, 0x3E, 0x70,
    0xC3, 0x0C, 0x30, 0xC3, 0x0C, 0x30, 0xCF, 0x80, 0x7F, 0xF0, 0x0C, 0x30, 0xC3, 0x0C, 0x30, 0xC3,
    0x0C, 0x8F, 0xF7, 0x80, 0xF9, 0xC3, 0x0C, 0x30, 0xC3, 0x0C, 0x30, 0xC3, 0x3E, 0xC7, 0xF7, 0x80,
    0x30, 0xC3, 0x0C, 0x30, 0xC3, 0x0C, 0x30, 0xFB, 0x8C, 0x63, 0x18, 0xC6, 0x31, 0x8D, 0xF3, 0x98,
    0xE7, 0x26, 0x60, 0x66, 0x66, 0x66, 0x66, 0x66, 0xCE, 0x60, 0x21, 0x8C, 0x0F, 0xB8, 0xC6, 0x31,
    0x8C, 0x63, 0x18, 0xDF, 0xFF, 0xFF, 0xC0, 0xF9, 0xB8, 0xCC, 0x66, 0x33, 0x19, 0x8C, 0xC6, 0x63,
    0x31, 0x98, 0xCC, 0x7F, 0x30, 0x18, 0x7C, 0x3C, 0x08, 0x45, 0x9F, 0x10, 0x0C, 0xF9, 0xF3, 0xE7,
    0xCF, 0x9F, 0x3E, 0x7C, 0xE1, 0xC3, 0x9E, 0x3C, 0x1C, 0x3C, 0x76, 0x00, 0x18, 0x18, 0x18, 0x18,
    0x18, 0x18, 0x18, 0x18, 0x18, 0x18, 0x18, 0x18, 0x18, 0x78, 0xF8, 0x40, 0x31, 0xEC, 0xC0, 0x30,
    0xC3, 0x0C, 0x30, 0xC3, 0x0C, 0x30, 0xC3, 0x3C, 0xF0, 0xC1, 0xB8, 0xCE, 0x63, 0xB8, 0xFC, 0x3E,
    0x0F, 0xC3, 0xB0, 0xE6, 0x39, 0xCE, 0x3B, 0x86, 0x00, 0x03, 0x01, 0x80, 0x60, 0xC0, 0xC0, 0xC0,
    0xC0, 0xC7, 0xCE, 0xDC, 0xF8, 0xF8, 0xFC, 0xCC, 0xCE, 0xC7, 0x00, 0x18, 0x30, 0x30, 0xC7, 0xCE,
    0xDC, 0xF8, 0xF8, 0xFC, 0xCC, 0xCE, 0xC7, 0x70, 0x60, 0xC0, 0x00, 0xC0, 0xE0, 0xE0, 0xE0, 0xE0,
    0xE0, 0xE0, 0xE0, 0xE0, 0xE0, 0xFE, 0xFF, 0x76, 0xC0, 0xCC, 0xCC, 0xCC, 0xCC, 0xCC, 0xCC, 0xC0,
    0xC0, 0xE0, 0xE0, 0xE0, 0xE0, 0xE0, 0xE0, 0xE0, 0xE0, 0xE0, 0xFE, 0xFF, 0x00, 0x18, 0x18, 0x10,
    0xDB, 0x6D, 0xB6, 0xDB, 0x6C, 0x36, 0x80, 0xC7, 0xE6, 0xE6, 0xE0, 0xE0, 0xE0, 0xE0, 0xE0, 0xE0,
    0xE0, 0xFE, 0xFF, 0xDE, 0xFD, 0x8C, 0x63, 0x18, 0xC6, 0x31, 0x8C, 0x00, 0xC0, 0xE0, 0xE0, 0xE0,
    0xE4, 0xEE, 0xEC, 0xE0, 0xE0, 0xE0, 0xFE, 0xFF, 0xC6, 0x31, 0x8C, 0x6B, 0xFE, 0xC6, 0x31, 0x8C,
    0x00, 0x60, 0x38, 0x1C, 0x0E, 0x07, 0xC3, 0xE1, 0xE1, 0xE0, 0x70, 0x38, 0x1F, 0xCF, 0xF0, 0x30,
    0xC3, 0x0C, 0x30, 0xE3, 0xDC, 0x70, 0xC3, 0x0C, 0x30, 0x07, 0x00, 0xC0, 0x30, 0x00, 0x0E, 0x0D,
    0xE1, 0xBC, 0x37, 0xC6, 0xDC, 0xD9, 0x9B, 0x3B, 0x63, 0xEC, 0x3D, 0x87, 0xB0, 0x76, 0x06, 0x0E,
    0x0C, 0x18, 0x00, 0xFE, 0xFF, 0xE3, 0xC3, 0xC3, 0xC3, 0xC3, 0xC3, 0xC3, 0xE0, 0xDE, 0x1B, 0xC3,
    0x7C, 0x6D, 0xCD, 0x99, 0xB3, 0xB6, 0x3E, 0xC3, 0xD8, 0x7B, 0x07, 0x60, 0x60, 0x00, 0x1C, 0x03,
    0x00, 0x60, 0x00, 0xFE, 0xFF, 0xE3, 0xC3, 0xC3, 0xC3, 0xC3, 0xC3, 0xC3, 0x00, 0x18, 0x18, 0x10,
    0x33, 0x03, 0xE0, 0x38, 0x00, 0x0E, 0x0D, 0xE1, 0xBC, 0x37, 0xC6, 0xDC, 0xD9, 0x9B, 0x3B, 0x63,
    0xEC, 0x3D, 0x87, 0xB0, 0x76, 0x06, 0x66, 0x3C, 0x1C, 0x00, 0xFE, 0xFF, 0xE3, 0xC3, 0xC3, 0xC3,
    0xC3, 0xC3, 0xC3, 0xE0, 0x1C, 0x03, 0x00, 0x7F, 0xEB, 0xFC, 0x71, 0x8C, 0x39, 0x87, 0x30, 0xE6,
    0x1C, 0xC3, 0x98, 0x70, 0xE0, 0xDE, 0x1B, 0xC3, 0x7C, 0x6D, 0xCD, 0x99, 0xB3, 0xB6, 0x3E, 0xC3,
    0xD8, 0x3B, 0x07, 0x60, 0x60, 0x0C, 0x07, 0x81, 0xF0, 0x10, 0x00, 0xFE, 0xFF, 0xE3, 0xC3, 0xC3,
    0xC3, 0xC3, 0xC3, 0xC3, 0x03, 0x03, 0x0F, 0x0F, 0x1F, 0x03, 0xE0, 0x00, 0x1F, 0xC7, 0xFD, 0xC1,
    0xF0, 0x1E, 0x03, 0xC0, 0x78, 0x0F, 0x01, 0xE0, 0x3E, 0x0E, 0xFF, 0x8F, 0xE0, 0x20, 0x1F, 0x0F,
    0xC0, 0x00, 0xFC, 0x7F, 0x98, 0x66, 0x19, 0x87, 0x61, 0x98, 0x67, 0x38, 0xFC, 0x0C, 0x00, 0x11,
    0x03, 0xE0, 0x7C, 0x00, 0x03, 0xF8, 0xFF, 0xB8, 0x3E, 0x03, 0xC0, 0x78, 0x0F, 0x01, 0xE0, 0x3C,
    0x07, 0xC1, 0xDF, 0xF1, 0xFC, 0x04, 0x00, 0x31, 0x0F, 0xC1, 0xE0, 0x00, 0x3F, 0x1F, 0xE6, 0x19,
    0x86, 0x61, 0xD8, 0x66, 0x19, 0xCE, 0x3F, 0x03, 0x00, 0x1F, 0x83, 0x60, 0xD8, 0x00, 0x03, 0xF8,
    0xFF, 0xB8, 0x3E, 0x03, 0xC0, 0x78, 0x0F, 0x01, 0xE0, 0x3C, 0x07, 0xC1, 0xDF, 0xF1, 0xFC, 0x04,
    0x00, 0x1B, 0x0F, 0xC3, 0x60, 0x00, 0x3F, 0x1F, 0xE6, 0x19, 0x86, 0x61, 0xD8, 0x66, 0x19, 0xCE,
    0x3F, 0x03, 0x00, 0x00, 0x00, 0xFF, 0xF7, 0xFF, 0xF8, 0x60, 0xC1, 0x83, 0x06, 0x0C, 0x1F, 0xF0,
    0x7E, 0xC1, 0x83, 0x06, 0x0E, 0x18, 0x1F, 0xFF, 0x3F, 0xFC, 0x10, 0x00, 0x00, 0x00, 0x7E, 0xF9,
    0xFF, 0xFB, 0x0E, 0x36, 0x1F, 0xEC, 0x3F, 0xD8, 0x60, 0x30, 0xE0, 0x73, 0xEE, 0x7E, 0xFC, 0x20,
    0x40, 0x0E, 0x03, 0x01, 0x80, 0x00, 0xFE, 0x3F, 0xCE, 0x33, 0x8E, 0xE3, 0x3F, 0xCF, 0xE3, 0xB8,
    0xE6, 0x39, 0xCE, 0x3B, 0x86, 0x1C, 0x63, 0x00, 0xFF, 0xFE, 0x30, 0xC3, 0x0C, 0x30, 0xC0, 0xFE,
    0x3F, 0xCE, 0x33, 0x8E, 0xE3, 0x3F, 0xCF, 0xE3, 0xB8, 0xE6, 0x39, 0xCE, 0x3B, 0x86, 0x00, 0x03,
    0x01, 0x80, 0x60, 0x03, 0xFF, 0xF8, 0xC3, 0x0C, 0x30, 0xC3, 0x00, 0x30, 0xC2, 0x00, 0x66, 0x0F,
    0x01, 0xC0, 0x00, 0xFE, 0x3F, 0xCE, 0x33, 0x8E, 0xE3, 0x3F, 0xCF, 0xE3, 0xB8, 0xE6, 0x39, 0xCE,
    0x3B, 0x86, 0xCD, 0xE3, 0x00, 0xFF, 0xFE, 0x30, 0xC3, 0x0C, 0x30, 0xC0, 0x06, 0x07, 0x03, 0x00,
    0x03, 0xF3, 0xF9, 0x80, 0xC0, 0x70, 0x1E, 0x07, 0xC0, 0x70, 0x38, 0x1F, 0xFC, 0xFC, 0x18, 0x00,
    0x0E, 0x0C, 0x18, 0x00, 0x7E, 0x7E, 0xE0, 0x78, 0x3E, 0x0E, 0x07, 0x66, 0x7E, 0x10, 0x1C, 0x0F,
    0x0D, 0xC0, 0x03, 0xF3, 0xF9, 0x80, 0xC0, 0x70, 0x1E, 0x07, 0xC0, 0x70, 0x38, 0x1F, 0xFC, 0xFC,
    0x18, 0x00, 0x18, 0x3C, 0x66, 0x00, 0x7E, 0x7E, 0xE0, 0x78, 0x3E, 0x0E, 0x07, 0x66, 0x7E, 0x10,
    0x00, 0x1F, 0x9F, 0xCC, 0x06, 0x03, 0x80, 0xF0, 0x3E, 0x03, 0x81, 0xC0, 0xFF, 0xE7, 0xE0, 0xC0,
    0x70, 0x18, 0x3C, 0x00, 0x00, 0x7E, 0x7E, 0xE0, 0x78, 0x3E, 0x0E, 0x07, 0x66, 0x7E, 0x18, 0x1C,
    0x0C, 0x3C, 0x33, 0x1F, 0x07, 0x00, 0x03, 0xF3, 0xF9, 0x80, 0xC0, 0x70, 0x1E, 0x07, 0xC0, 0x70,
    0x38, 0x1F, 0xFC, 0xFC, 0x18, 0x00, 0x66, 0x3C, 0x18, 0x00, 0x7E, 0x7E, 0xE0, 0x78, 0x3E, 0x0E,
    0x07, 0x66, 0x7E, 0x10, 0xFF, 0xBF, 0xE0, 0xC0, 0x30, 0x0C, 0x03, 0x00, 0xC0, 0x30, 0x0C, 0x03,
    0x00, 0xC0, 0x30, 0x08, 0x07, 0x00, 0x60, 0x70, 0x21, 0x8F, 0xFE, 0x61, 0x86, 0x18, 0x61, 0xC3,
    0xC6, 0x38, 0x33, 0x80, 0x37, 0x0F, 0x81, 0xC0, 0x00, 0xFF, 0xBF, 0xE0, 0xC0, 0x30, 0x0C, 0x03,
    0x00, 0xC0, 0x30, 0x0C, 0x03, 0x00, 0xC0, 0x30, 0x03, 0x03, 0x22, 0x60, 0xFC, 0xF8, 0x60, 0x60,
    0x60, 0x60, 0x60, 0x70, 0x3C, 0x08, 0xFF, 0xBF, 0xE1, 0xC0, 0x70, 0x1C, 0x1F, 0xC7, 0xF0, 0x70,
    0x1C, 0x07, 0x01, 0xC0, 0x70, 0x21, 0x8F, 0xFE, 0x63, 0xFF, 0xD8, 0x61, 0xC3, 0xC2, 0x11, 0x0F,
    0xC2, 0xF0, 0x00, 0xC0, 0xF0, 0x3C, 0x0F, 0x03, 0xC0, 0xF0, 0x3C, 0x0F, 0x03, 0xC0, 0xF8, 0x77,
    0xF8, 0xFC, 0x0C, 0x00, 0x22, 0x7E, 0x7E, 0x00, 0xC3, 0xC3, 0xC3, 0xC3, 0xC3, 0xC3, 0xC3, 0xEF,
    0x7F, 0x10, 0x1F, 0x0F, 0xC0, 0x03, 0x03, 0xC0, 0xF0, 0x3C, 0x0F, 0x03, 0xC0, 0xF0, 0x3C, 0x0F,
    0x03, 0xE1, 0xDF, 0xE3, 0xF0, 0x30, 0x3E, 0x7E, 0x00, 0xC3, 0xC3, 0xC3, 0xC3, 0xC3, 0xC3, 0xC3,
    0xEF, 0x7F, 0x10, 0x31, 0x0F, 0xC1, 0xE0, 0x00, 0xC0, 0xF0, 0x3C, 0x0F, 0x03, 0xC0, 0xF0, 0x3C,
    0x0F, 0x03, 0xC0, 0xF8, 0x77, 0xF8, 0xFC, 0x0C, 0x00, 0x62, 0x7E, 0x3C, 0x00, 0xC3, 0xC3, 0xC3,
    0xC3, 0xC3, 0xC3, 0xC3, 0xEF, 0x7F, 0x10, 0x0E, 0x07, 0x81, 0xA0, 0x78, 0x00, 0x30, 0x3C, 0x0F,
    0x03, 0xC0, 0xF0, 0x3C, 0x0F, 0x03, 0xC0, 0xF0, 0x3E, 0x1D, 0xFE, 0x3F, 0x03, 0x00, 0x1C, 0x3C,
    0x34, 0x3C, 0x00, 0xC3, 0xC3, 0xC3, 0xC3, 0xC3, 0xC3, 0xC3, 0xEF, 0x7F, 0x10, 0x1B, 0x0F, 0xC3,
    0x60, 0x00, 0xC0, 0xF0, 0x3C, 0x0F, 0x03, 0xC0, 0xF0, 0x3C, 0x0F, 0x03, 0xC0, 0xF8, 0x77, 0xF8,
    0xFC, 0x0C, 0x00, 0x36, 0x3E, 0x6C, 0x00, 0xC3, 0xC3, 0xC3, 0xC3, 0xC3, 0xC3, 0xC3, 0xEF, 0x7F,
    0x10, 0xC0, 0xF0, 0x3C, 0x0F, 0x03, 0xC0, 0xF0, 0x3C, 0x0F, 0x03, 0xC0, 0xF8, 0x77, 0xF8, 0xFC,
    0x0F, 0x01, 0x80, 0x78, 0x0E, 0xC3, 0x61, 0xB0, 0xD8, 0x6C, 0x36, 0x1B, 0x0D, 0xDE, 0x7F, 0x09,
    0x81, 0x80, 0xE0, 0x70, 0x03, 0x80, 0x03, 0xC0, 0x06, 0xE0, 0x00, 0x00, 0xC3, 0x87, 0xE3, 0x86,
    0xE3, 0xC6, 0x63, 0xCE, 0x66, 0xCC, 0x76, 0xCC, 0x36, 0x6C, 0x3E, 0x7C, 0x3C, 0x78, 0x3C, 0x78,
    0x1C, 0x38, 0x18, 0x38, 0x07, 0x00, 0x7C, 0x03, 0x70, 0x00, 0x0C, 0x71, 0xE3, 0x8F, 0x9C, 0xED,
    0xB6, 0x6D, 0xB3, 0x6D, 0x8E, 0x3C, 0x71, 0xC3, 0x8E, 0x00, 0x1C, 0x07, 0x83, 0x70, 0x00, 0xC1,
    0xF8, 0x66, 0x39, 0xCC, 0x36, 0x07, 0x81, 0xC0, 0x30, 0x0C, 0x03, 0x00, 0xC0, 0x30, 0x1C, 0x1E,
    0x1D, 0x80, 0x0C, 0x3F, 0x19, 0x8C, 0xCE, 0x76, 0x1B, 0x0F, 0x03, 0x81, 0xC0, 0xC0, 0x61, 0xE0,
    0xF0, 0x00, 0x00, 0x0D, 0x83, 0x20, 0x00, 0xC1, 0xF8, 0x66, 0x39, 0xCC, 0x36, 0x07, 0x81, 0xC0,
    0x30, 0x0C, 0x03, 0x00, 0xC0, 0x30, 0x06, 0x07, 0x03, 0x00, 0x0F, 0xFB, 0xFC, 0x0C, 0x0E, 0x0E,
    0x06, 0x07, 0x07, 0x03, 0x03, 0x83, 0xFF, 0xFF, 0x0E, 0x1C, 0x18, 0x00, 0x7E, 0x7E, 0x0E, 0x1C,
    0x18, 0x30, 0x70, 0x7E, 0xFF, 0x08, 0x06, 0x03, 0x00, 0x0F, 0xFB, 0xFC, 0x0C, 0x0E, 0x0E, 0x06,
    0x07, 0x07, 0x03, 0x03, 0x83, 0xFF, 0xFF, 0x10, 0x18, 0x18, 0x00, 0x7E, 0x7E, 0x0E, 0x1C, 0x18,
    0x30, 0x70, 0x7E, 0xFF, 0x33, 0x1F, 0x07, 0x00, 0x0F, 0xFB, 0xFC, 0x0C, 0x0E, 0x0E, 0x06, 0x07,
    0x07, 0x03, 0x03, 0x83, 0xFF, 0xFF, 0x66, 0x3C, 0x38, 0x00, 0x7E, 0x7E, 0x0E, 0x1C, 0x18, 0x30,
    0x70, 0x7E, 0xFF, 0x7B, 0xEC, 0x30, 0xC3, 0x0C, 0x30, 0xC3, 0x0C, 0x30, 0xC0, 0x00, 0x06, 0x60,
    0x00, 0x3C, 0x00, 0x03, 0x80, 0x00, 0x00, 0xFF, 0x1F, 0xFF, 0xF8, 0xFF, 0xE1, 0xC0, 0x6E, 0x0C,
    0x0E, 0xE0, 0xC1, 0xCE, 0x0E, 0x18, 0xE0, 0xE3, 0x8E, 0x0C, 0x70, 0xE0, 0xC6, 0x0E, 0x1C, 0xE0,
    0xFF, 0x9F, 0xFF, 0xF1, 0xFF, 0x00, 0x0C, 0xDF, 0xE0, 0xF3, 0xFE, 0x0E, 0x70, 0xE0, 0x0E, 0x0C,
    0xFF, 0xC1, 0x9F, 0xB8, 0x38, 0x77, 0x07, 0x0C, 0xE0, 0xC3, 0x1C, 0x18, 0xE3, 0x87, 0x38, 0x7F,
    0xC7, 0xEF, 0xF1, 0xFE, 0x01, 0x99, 0x80, 0x63, 0xC0, 0x18, 0x70, 0x06, 0x00, 0x3F, 0x9F, 0xDF,
    0xE7, 0xE6, 0x18, 0x39, 0x86, 0x0C, 0x61, 0x86, 0x18, 0x63, 0x86, 0x18, 0xC1, 0xDE, 0x7E, 0x3F,
    0x9F, 0xC2, 0x00, 0x00, 0xC0, 0x7C, 0x0F, 0x81, 0xF0, 0x3E, 0x07, 0xC0, 0xF8, 0x1F, 0x03, 0xE0,
    0x7C, 0x0F, 0xF9, 0xFF, 0xB0, 0x06, 0x07, 0xC0, 0xF0, 0x08, 0x00, 0x58, 0x0F, 0x81, 0xF0, 0x0E,
    0x07, 0xC0, 0xF8, 0x1F, 0x03, 0xE0, 0x7C, 0x0F, 0x81, 0xFF, 0x3F, 0xF6, 0x00, 0xC0, 0x18, 0x0F,
    0x03, 0xC0, 0xC5, 0x9F, 0x16, 0x0C, 0xF9, 0xF3, 0xE7, 0xCF, 0x9F, 0x3E, 0x7C, 0xE1, 0xC3, 0x9E,
    0x3C, 0xE0, 0xC7, 0xE1, 0x8F, 0xC3, 0x1F, 0xC6, 0x3D, 0xCC, 0x79, 0x98, 0xF3, 0xB1, 0xE3, 0xE3,
    0xC3, 0xC7, 0x87, 0x8F, 0x07, 0x1E, 0x06, 0x30, 0x00, 0x60, 0x07, 0xC0, 0x0F, 0x00, 0x08, 0x00,
    0x05, 0xC1, 0x8F, 0xC3, 0x1F, 0x86, 0x0F, 0x8C, 0x7B, 0x98, 0xF3, 0x31, 0xE7, 0x63, 0xC7, 0xC7,
    0x87, 0x8F, 0x0F, 0x1E, 0x0E, 0x3C, 0x0C, 0x60, 0x00, 0xC0, 0x01, 0x80, 0x0F, 0x00, 0x3C, 0x00,
    0x10, 0x01, 0xC0, 0x04, 0x00, 0x0F, 0xE3, 0xFF, 0x9F, 0x8C, 0xF8, 0x67, 0xC3, 0x3E, 0x19, 0xF0,
    0xCF, 0x86, 0x7C, 0x33, 0x80, 0x1C, 0x00, 0xE0, 0x1E, 0x00, 0xF0, 0x33, 0x03, 0xE0, 0x38, 0x00,
    0x00, 0xE0, 0x1C, 0x07, 0x80, 0xD8, 0x1B, 0x06, 0x70, 0xC6, 0x3F, 0xC7, 0xFC, 0xC1, 0xB0, 0x36,
    0x03, 0x33, 0x3E, 0x1C, 0x00, 0x3F, 0x37, 0x03, 0x1F, 0x7F, 0x63, 0xE3, 0x67, 0x7F, 0x10, 0xCF,
    0xE7, 0x00, 0xF9, 0xC3, 0x0C, 0x30, 0xC3, 0x0C, 0x30, 0xC3, 0x3E, 0xCD, 0xE3, 0x80, 0x30, 0xC3,
    0x0C, 0x30, 0xC3, 0x0C, 0x30, 0x1B, 0x83, 0xE0, 0x38, 0x00, 0x03, 0xF8, 0xFF, 0xB8, 0x3E, 0x03,
    0xC0, 0x78, 0x0F, 0x01, 0xE0, 0x3C, 0x07, 0xC1, 0xDF, 0xF1, 0xFC, 0x04, 0x00, 0x33, 0x07, 0x80,
    0xC0, 0x00, 0x3F, 0x1F, 0xE6, 0x19, 0x86, 0x61, 0xD8, 0x66, 0x19, 0xCE, 0x3F, 0x03, 0x00, 0x33,
    0x07, 0x80, 0xE0, 0x00, 0xC0, 0xF0, 0x3C, 0x0F, 0x03, 0xC0, 0xF0, 0x3C, 0x0F, 0x03, 0xC0, 0xF8,
    0x77, 0xF8, 0xFC, 0x0C, 0x00, 0x66, 0x3C, 0x1C, 0x00, 0xC3, 0xC3, 0xC3, 0xC3, 0xC3, 0xC3, 0xC3,
    0xEF, 0x7F, 0x10, 0x3F, 0x07, 0xC1, 0x30, 0xEC, 0x00, 0x30, 0x3C, 0x0F, 0x03, 0xC0, 0xF0, 0x3C,
    0x0F, 0x03, 0xC0, 0xF0, 0x3E, 0x1D, 0xFE, 0x3F, 0x03, 0x00, 0x7E, 0x3E, 0x26, 0x36, 0x00, 0xC3,
    0xC3, 0xC3, 0xC3, 0xC3, 0xC3, 0xC3, 0xEF, 0x7F, 0x10, 0x07, 0x01, 0x80, 0xC0, 0x4C, 0x3B, 0x00,
    0x0C, 0x0F, 0x03, 0xC0, 0xF0, 0x3C, 0x0F, 0x03, 0xC0, 0xF0, 0x3C, 0x0F, 0x87, 0x7F, 0x8F, 0xC0,
    0xC0, 0x0E, 0x0C, 0x18, 0x26, 0x36, 0x00, 0xC3, 0xC3, 0xC3, 0xC3, 0xC3, 0xC3, 0xC3, 0xEF, 0x7F,
    0x10, 0x33, 0x07, 0x80, 0xE0, 0x4C, 0x3B, 0x00, 0x0C, 0x0F, 0x03, 0xC0, 0xF0, 0x3C, 0x0F, 0x03,
    0xC0, 0xF0, 0x3C, 0x0F, 0x87, 0x7F, 0x8F, 0xC0, 0xC0, 0x66, 0x3C, 0x1C, 0x26, 0x36, 0x00, 0xC3,
    0xC3, 0xC3, 0xC3, 0xC3, 0xC3, 0xC3, 0xEF, 0x7F, 0x10, 0x38, 0x06, 0x00, 0xC0, 0x4C, 0x3B, 0x00,
    0x0C, 0x0F, 0x03, 0xC0, 0xF0, 0x3C, 0x0F, 0x03, 0xC0, 0xF0, 0x3C, 0x0F, 0x87, 0x7F, 0x8F, 0xC0,
    0xC0, 0x30, 0x38, 0x18, 0x26, 0x36, 0x00, 0xC3, 0xC3, 0xC3, 0xC3, 0xC3, 0xC3, 0xC3, 0xEF, 0x7F,
    0x10, 0x00, 0x3F, 0x1F, 0xC0, 0x70, 0x1B, 0xFF, 0xFE, 0xC7, 0x77, 0x1F, 0x02, 0x00, 0x3F, 0x03,
    0xE0, 0x6C, 0x0D, 0x80, 0x00, 0x1C, 0x03, 0x80, 0xF0, 0x1B, 0x03, 0x60, 0xCE, 0x18, 0xC7, 0xF8,
    0xFF, 0x98, 0x36, 0x06, 0xC0, 0x60, 0x3F, 0x3E, 0x36, 0x36, 0x00, 0x3F, 0x37, 0x03, 0x1F, 0x7F,
    0x63, 0xE3, 0x67, 0x7F, 0x10, 0x3F, 0x03, 0xE0, 0x30, 0x06, 0x00, 0x00, 0x1C, 0x03, 0x80, 0xF0,
    0x1B, 0x03, 0x60, 0xCE, 0x18, 0xC7, 0xF8, 0xFF, 0x98, 0x36, 0x06, 0xC0, 0x60, 0x3F, 0x3E, 0x0C,
    0x0C, 0x00, 0x3F, 0x37, 0x03, 0x1F, 0x7F, 0x63, 0xE3, 0x67, 0x7F, 0x10, 0x01, 0xF0, 0x07, 0xE0,
    0x00, 0x00, 0x1F, 0xF0, 0x3F, 0xE0, 0xD8, 0x01, 0xB0, 0x06, 0x60, 0x0C, 0xFE, 0x39, 0xFC, 0x7F,
    0x01, 0xFE, 0x03, 0x0C, 0x0E, 0x1F, 0xD8, 0x3F, 0x80, 0x07, 0xC0, 0x3F, 0x00, 0x00, 0x1F, 0xBE,
    0x77, 0xF8, 0x0C, 0x71, 0xFF, 0xDF, 0xFF, 0x63, 0x03, 0x8E, 0x06, 0x7D, 0x9F, 0x3E, 0x10, 0x20,
    0x00, 0x03, 0xF9, 0xFF, 0x30, 0x0C, 0x01, 0x80, 0x30, 0xF6, 0x3E, 0xC0, 0xD8, 0x7F, 0x8F, 0xBF,
    0xE3, 0xFC, 0x0C, 0x00, 0x00, 0x0F, 0xE7, 0xF9, 0x86, 0x61, 0x98, 0x66, 0x19, 0x86, 0x7F, 0x8F,
    0xE0, 0xFC, 0x3F, 0x7F, 0x9F, 0xC0, 0x19, 0x87, 0xC0, 0xE0, 0x00, 0x1F, 0xDF, 0xF6, 0x03, 0x80,
    0xC0, 0x30, 0xFC, 0x7F, 0x03, 0xC0, 0xF8, 0x37, 0xFC, 0xFF, 0x06, 0x00, 0x33, 0x0F, 0x07, 0x00,
    0x03, 0xFB, 0xFD, 0x86, 0xC3, 0x61, 0xB0, 0xD8, 0x6E, 0x73, 0xF8, 0x4C, 0x06, 0xFF, 0x7F, 0x00,
    0x33, 0x0F, 0x81, 0xC0, 0x00, 0xC1, 0xB8, 0xCE, 0x63, 0xB8, 0xFC, 0x3E, 0x0F, 0xC3, 0xB0, 0xE6,
    0x39, 0xCE, 0x3B, 0x86, 0xCC, 0x1E, 0x03, 0x80, 0x00, 0x30, 0x0C, 0x03, 0x00, 0xC0, 0x31, 0xCC,
    0xE3, 0x70, 0xF8, 0x3E, 0x0F, 0xC3, 0x30, 0xCE, 0x31, 0xC0, 0x00, 0x07, 0xF1, 0xFF, 0x70, 0x7C,
    0x07, 0x80, 0xF0, 0x1E, 0x03, 0xC0, 0x78, 0x0F, 0x83, 0xBF, 0xE3, 0xF8, 0x1C, 0x03, 0x00, 0x70,
    0x0E, 0x00, 0x00, 0x0F, 0xC7, 0xF9, 0x86, 0x61, 0x98, 0x76, 0x19, 0x86, 0x73, 0x8F, 0xC0, 0xC0,
    0x30, 0x0E, 0x03, 0x80, 0x1F, 0x03, 0xE0, 0x00, 0x1F, 0xC7, 0xFD, 0xC1, 0xF0, 0x1E, 0x03, 0xC0,
    0x78, 0x0F, 0x01, 0xE0, 0x3E, 0x0E, 0xFF, 0x8F, 0xE0, 0x30, 0x0C, 0x01, 0xC0, 0x18, 0x00, 0x1F,
    0x0F, 0xC0, 0x00, 0xFC, 0x7F, 0x98, 0x66, 0x19, 0x87, 0x61, 0x98, 0x67, 0x38, 0xFC, 0x0C, 0x03,
    0x00, 0xE0, 0x38, 0x37, 0x1F, 0x07, 0x00, 0x07, 0xFB, 0xFC, 0x1C, 0x1C, 0x18, 0x1F, 0x0F, 0xE0,
    0x70, 0x18, 0x0F, 0x9F, 0xFE, 0x18, 0x00, 0x66, 0x3C, 0x38, 0x00, 0xFF, 0xFE, 0x0E, 0x1C, 0x38,
    0x3C, 0x3E, 0x07, 0x03, 0x03, 0x07, 0xFE, 0xFC, 0xCD, 0xE3, 0x80, 0x30, 0xC3, 0x0C, 0x30, 0xC3,
    0x0C, 0x30, 0xC3, 0x3C, 0xF0, 0xFF, 0x1F, 0xFF, 0xF8, 0xFF, 0xE1, 0xC0, 0x6E, 0x0C, 0x0E, 0xE0,
    0xC1, 0xCE, 0x0E, 0x18, 0xE0, 0xE3, 0x8E, 0x0C, 0x70, 0xE0, 0xC6, 0x0E, 0x1C, 0xE0, 0xFF, 0x9F,
    0xFF, 0xF1, 0xFF, 0xFF, 0x00, 0x1F, 0xF0, 0x03, 0x87, 0x00, 0x70, 0x67, 0xFE, 0x0C, 0xFD, 0xC1,
    0xC3, 0xB8, 0x38, 0x67, 0x06, 0x18, 0xE0, 0xC7, 0x1C, 0x39, 0xC3, 0xFE, 0x3F, 0x7F, 0x8F, 0xF0,
    0x01, 0x80, 0x00, 0x60, 0x00, 0x18, 0x00, 0x06, 0x00, 0x3F, 0x9F, 0xDF, 0xE7, 0xE6, 0x18, 0x39,
    0x86, 0x0C, 0x61, 0x86, 0x18, 0x63, 0x86, 0x18, 0xC1, 0xDE, 0x7E, 0x3F, 0x9F, 0xC2, 0x00, 0x00,
    0x03, 0x01, 0xC0, 0x60, 0x00, 0x1F, 0xDF, 0xF6, 0x03, 0x80, 0xC0, 0x30, 0xFC, 0x7F, 0x03, 0xC0,
    0xF8, 0x37, 0xFC, 0xFF, 0x06, 0x00, 0x07, 0x07, 0x03, 0x00, 0x03, 0xFB, 0xFD, 0x86, 0xC3, 0x61,
    0xB0, 0xD8, 0x6E, 0x73, 0xF8, 0x4C, 0x06, 0xFF, 0x7F, 0x00, 0xC1, 0x83, 0x86, 0x0E, 0x18, 0x38,
    0x67, 0xE1, 0x9F, 0xFE, 0x7F, 0xF9, 0xF8, 0x67, 0xE1, 0x9F, 0x86, 0x6E, 0x1F, 0xB8, 0x7E, 0x00,
    0x20, 0x00, 0x37, 0xCF, 0xFB, 0x86, 0xE1, 0xB8, 0x6E, 0x1B, 0x86, 0xE3, 0xB9, 0xCE, 0xE3, 0xF0,
    0xF0, 0x38, 0x0E, 0x03, 0x80, 0xE0, 0x00, 0x18, 0x01, 0x80, 0x18, 0x00, 0x0E, 0x0D, 0xE1, 0xBC,
    0x37, 0xC6, 0xDC, 0xD9, 0x9B, 0x3B, 0x63, 0xEC, 0x3D, 0x87, 0xB0, 0x76, 0x06, 0x30, 0x38, 0x1C,
    0x00, 0xFE, 0xFF, 0xE3, 0xC3, 0xC3, 0xC3, 0xC3, 0xC3, 0xC3, 0x07, 0x01, 0xC0, 0x30, 0x0F, 0x01,
    0xB0, 0x3C, 0x03, 0x80, 0xF0, 0x1B, 0x07, 0x60, 0xC6, 0x1F, 0xC7, 0xFC, 0xC1, 0xB8, 0x36, 0x03,
    0x0E, 0x0C, 0x1C, 0x1E, 0x16, 0x1C, 0x00, 0x3F, 0x37, 0x03, 0x1F, 0x7F, 0x63, 0xE3, 0x67, 0x7F,
    0x10, 0x00, 0x70, 0x00, 0xC0, 0x03, 0x00, 0x00, 0x00, 0x3F, 0xE0, 0x7F, 0xC1, 0xB0, 0x03, 0x60,
    0x0C, 0xC0, 0x19, 0xFC, 0x73, 0xF8, 0xFE, 0x03, 0xFC, 0x06, 0x18, 0x1C, 0x3F, 0xB0, 0x7F, 0x01,
    0xC0, 0x06, 0x00, 0x30, 0x00, 0x00, 0x7E, 0xF9, 0xDF, 0xE0, 0x31, 0xC7, 0xFF, 0x7F, 0xFD, 0x8C,
    0x0E, 0x38, 0x19, 0xF6, 0x7C, 0xF8, 0x40, 0x80, 0x03, 0x00, 0xE0, 0x38, 0x00, 0x23, 0xFC, 0xFF,
    0xB8, 0x7E, 0x1F, 0xC7, 0x78, 0xCF, 0x31, 0xEE, 0x3F, 0x87, 0xE1, 0xDF, 0xF7, 0xFC, 0x44, 0x00,
    0x07, 0x01, 0x80, 0xC0, 0x00, 0x3F, 0x9F, 0xE6, 0x79, 0x9E, 0x6D, 0xDF, 0x67, 0x99, 0xCE, 0x7F,
    0x1B, 0x00, 0x7E, 0x06, 0xC0, 0x6C, 0x00, 0x00, 0xE0, 0x1C, 0x07, 0x80, 0xD8, 0x1B, 0x06, 0x70,
    0xC6, 0x3F, 0xC7, 0xFC, 0xC1, 0xB0, 0x36, 0x03, 0x6C, 0x7E, 0x36, 0x00, 0x3F, 0x37, 0x03, 0x1F,
    0x7F, 0x63, 0xE3, 0x67, 0x7F, 0x10, 0x0E, 0x03, 0xE0, 0xCC, 0x00, 0x00, 0xE0, 0x1C, 0x07, 0x80,
    0xD8, 0x1B, 0x06, 0x70, 0xC6, 0x3F, 0xC7, 0xFC, 0xC1, 0xB0, 0x36, 0x03, 0x0C, 0x3E, 0x33, 0x00,
    0x3F, 0x37, 0x03, 0x1F, 0x7F, 0x63, 0xE3, 0x67, 0x7F, 0x10, 0xF8, 0x6C, 0x36, 0x00, 0xFF, 0xFE,
    0xE0, 0xE0, 0xE0, 0xFE, 0xFE, 0xE0, 0xE0, 0xE0, 0xFE, 0xFF, 0x6C, 0x3F, 0x0D, 0x80, 0x03, 0xF3,
    0xF9, 0x8E, 0xFF, 0x7F, 0xB0, 0x18, 0x0F, 0x63, 0xF0, 0x20, 0x18, 0x3E, 0x66, 0x00, 0xFF, 0xFE,
    0xE0, 0xE0, 0xE0, 0xFE, 0xFE, 0xE0, 0xE0, 0xE0, 0xFE, 0xFF, 0x0C, 0x1F, 0x0C, 0xC0, 0x03, 0xF3,
    0xF9, 0x8E, 0xFF, 0x7F, 0xB0, 0x18, 0x0F, 0x63, 0xF0, 0x20, 0xD9, 0xF9, 0xB0, 0x07, 0xC7, 0x06,
    0x0C, 0x18, 0x30, 0x60, 0xC1, 0x83, 0x06, 0x3E, 0xFC, 0xD8, 0xD8, 0x01, 0x83, 0x06, 0x0C, 0x18,
    0x30, 0x60, 0xC1, 0x80, 0x33, 0xEC, 0xC0, 0xF9, 0xC3, 0x0C, 0x30, 0xC3, 0x0C, 0x30, 0xC3, 0x3E,
    0x31, 0xFC, 0xC0, 0x30, 0xC3, 0x0C, 0x30, 0xC3, 0x0C, 0x30, 0x36, 0x06, 0xC0, 0x6C, 0x00, 0x03,
    0xF8, 0xFF, 0xB8, 0x3E, 0x03, 0xC0, 0x78, 0x0F, 0x01, 0xE0, 0x3C, 0x07, 0xC1, 0xDF, 0xF1, 0xFC,
    0x04, 0x00, 0x6C, 0x0D, 0x81, 0xA0, 0x00, 0x3F, 0x1F, 0xE6, 0x19, 0x86, 0x61, 0xD8, 0x66, 0x19,
    0xCE, 0x3F, 0x03, 0x00, 0x0E, 0x03, 0xE0, 0x44, 0x00, 0x03, 0xF8, 0xFF, 0xB8, 0x3E, 0x03, 0xC0,
    0x78, 0x0F, 0x01, 0xE0, 0x3C, 0x07, 0xC1, 0xDF, 0xF1, 0xFC, 0x04, 0x00, 0x0C, 0x07, 0xC3, 0x30,
    0x00, 0x3F, 0x1F, 0xE6, 0x19, 0x86, 0x61, 0xD8, 0x66, 0x19, 0xCE, 0x3F, 0x03, 0x00, 0xFC, 0x1B,
    0x03, 0x60, 0x00, 0xFE, 0x3F, 0xCE, 0x33, 0x8E, 0xE3, 0x3F, 0xCF, 0xE3, 0xB8, 0xE6, 0x39, 0xCE,
    0x3B, 0x86, 0xD8, 0xD8, 0xF0, 0x07, 0xEF, 0xDC, 0x30, 0x60, 0xC1, 0x83, 0x06, 0x00, 0x18, 0x0F,
    0x86, 0x60, 0x00, 0xFE, 0x3F, 0xCE, 0x33, 0x8E, 0xE3, 0x3F, 0xCF, 0xE3, 0xB8, 0xE6, 0x39, 0xCE,
    0x3B, 0x86, 0x31, 0xFC, 0xC0, 0xFF, 0xFE, 0x30, 0xC3, 0x0C, 0x30, 0xC0, 0x7C, 0x0D, 0x81, 0xB0,
    0x00, 0xC0, 0xF0, 0x3C, 0x0F, 0x03, 0xC0, 0xF0, 0x3C, 0x0F, 0x03, 0xC0, 0xF8, 0x77, 0xF8, 0xFC,
    0x0C, 0x00, 0xFC, 0x6C, 0x36, 0x00, 0xC3, 0xC3, 0xC3, 0xC3, 0xC3, 0xC3, 0xC3, 0xEF, 0x7F, 0x10,
    0x0C, 0x07, 0xC3, 0x30, 0x00, 0xC0, 0xF0, 0x3C, 0x0F, 0x03, 0xC0, 0xF0, 0x3C, 0x0F, 0x03, 0xC0,
    0xF8, 0x77, 0xF8, 0xFC, 0x0C, 0x00, 0x18, 0x3E, 0x66, 0x00, 0xC3, 0xC3, 0xC3, 0xC3, 0xC3, 0xC3,
    0xC3, 0xEF, 0x7F, 0x10, 0x00, 0x1F, 0x9F, 0xCC, 0x06, 0x03, 0x80, 0xF0, 0x3E, 0x03, 0x81, 0xC0,
    0xFF, 0xE7, 0xE0, 0xC0, 0x70, 0x30, 0x18, 0x00, 0x00, 0x7E, 0x7E, 0xE0, 0x78, 0x3E, 0x0E, 0x07,
    0x66, 0x7E, 0x10, 0x18, 0x18, 0x10, 0xFF, 0xBF, 0xE0, 0xC0, 0x30, 0x0C, 0x03, 0x00, 0xC0, 0x30,
    0x0C, 0x03, 0x00, 0xC0, 0x30, 0x00, 0x03, 0x00, 0xC0, 0x60, 0x21, 0x8F, 0xFE, 0x61, 0x86, 0x18,
    0x61, 0xC3, 0xC2, 0x18, 0xC3, 0x00, 0x00, 0x3F, 0xBF, 0xE0, 0x70, 0x38, 0x38, 0x7C, 0x7E, 0x03,
    0x80, 0xC0, 0x60, 0x70, 0x70, 0xFB, 0xF1, 0xE0, 0x00, 0x7E, 0x6E, 0x07, 0x06, 0x1E, 0x3E, 0x27,
    0x03, 0x07, 0x06, 0x1E, 0xFC, 0xF0, 0x33, 0x07, 0x80, 0xE0, 0x00, 0xC0, 0xF8, 0x3E, 0x0F, 0x83,
    0xE0, 0xFF, 0xFF, 0xFF, 0x83, 0xE0, 0xF8, 0x3E, 0x0F, 0x83, 0xCC, 0x1E, 0x03, 0x80, 0x00, 0x30,
    0x0C, 0x03, 0x00, 0xC0, 0x3F, 0x8F, 0xF3, 0x8C, 0xC3, 0x30, 0xCC, 0x33, 0x0C, 0xC3, 0x30, 0xC0,
    0x63, 0x8C, 0x37, 0xE0, 0x31, 0xEC, 0xC0, 0x22, 0xFD, 0x78, 0xFF, 0xF0, 0x00, 0xFF, 0x7E, 0x8F,
    0xF7, 0x80, 0xFC, 0x03, 0xF4, 0x80, 0xF7, 0x76, 0x00, 0x6F, 0xFF, 0x36, 0xFD, 0xB0, 0xCD, 0xE3,
    0x00, 0xFC, 0xFF, 0xF0, 0xF8, 0xD8, 0xD8, 0x00, 0xCB, 0xFF, 0x78, 0x31, 0xFC, 0xC0, 0x26, 0x6E,
    0x40, 0x76, 0x64, 0x40, 0xE6, 0x66, 0x20, 0x76, 0x66, 0x40, 0xE6, 0x30, 0x76, 0xC0, 0x3F, 0xF3,
    0xCF, 0xFC, 0xFF, 0xC6, 0x31, 0x80, 0x33, 0xEC, 0xFF, 0x06, 0xFF, 0xFF, 0x66, 0x6F, 0xF6, 0xFF,
    0x6D, 0xFE, 0xDB, 0x7E, 0xF0, 0x03, 0xF4, 0x80, 0x6F, 0xFF, 0x66, 0x40, 0x67, 0x3F, 0x26, 0xCF,
    0x70, 0xFC, 0xFF, 0xFC, 0xE1, 0x5A, 0x7E, 0xCD, 0xE3, 0x00, 0x31, 0xEC, 0xC0, 0x8F, 0xF7, 0x80,
    0x31, 0xFC, 0xC0, 0x22, 0x7E, 0x5E, 0xFF, 0xF0, 0xFF, 0xFF, 0xFF, 0xFF, 0xFF, 0xFF, 0x45, 0xFA,
    0xF0, 0x00, 0xFF, 0x7E, 0xFF, 0xFF, 0xFF, 0x08, 0xF7, 0x38, 0x02, 0x06, 0x06, 0x0C, 0x0C, 0x0C,
    0x18, 0x18, 0x30, 0x30, 0x30, 0x60, 0x60, 0x60, 0xFF, 0x87, 0x3F, 0xFF, 0x7E, 0xFF, 0xC3, 0xFF,
    0x7E, 0x5A, 0xFE, 0xF2, 0x26, 0x66, 0x64, 0xFF, 0xFF, 0xFF, 0xFF, 0xE6, 0x30, 0x76, 0xC0, 0x22,
    0x7E, 0x5E, 0xE6, 0x60, 0x19, 0xFF, 0xD0, 0xDB, 0x80, 0xFF, 0xFF, 0xC3, 0x00, 0xFF, 0xFF, 0xFF,
    0xFF, 0xFF, 0xF0, 0xF3, 0x30, 0x2A, 0x7E, 0x5E, 0x10, 0x18, 0x18, 0x32, 0x7E, 0x5C, 0x18, 0x18,
    0x67, 0xF9, 0xBF, 0xFC, 0x03, 0xFF, 0xD2, 0x6F, 0x66, 0xEF, 0x78, 0x01, 0x8F, 0x11, 0x08, 0xA0,
    0x5A, 0x05, 0xA0, 0x5A, 0x05, 0x10, 0x88, 0xF1, 0x80, 0x1E, 0xF7, 0x0E, 0x7E, 0x00, 0x1B, 0x64,
    0x7B, 0xFB, 0x4C, 0x6F, 0xF7, 0x0F, 0xE7, 0x0E, 0x7E, 0x40, 0x7E, 0x7E, 0x6A, 0x19, 0x68, 0x7C,
    0x6F, 0xFF, 0x7E, 0x7E, 0xDB, 0x7E, 0x0C, 0xF3, 0x00, 0x40, 0x09, 0x80, 0x63, 0xFF, 0x07, 0xF8,
    0x40, 0x09, 0x80, 0x63, 0xFF, 0x07, 0xF8, 0xFF, 0xFF, 0xF0, 0xFF, 0xFF, 0xF0, 0x18, 0x09, 0xFF,
    0xFC, 0x3F, 0x80, 0x00, 0x00, 0x7F, 0x87, 0xCF, 0xB8, 0x07, 0x00, 0x00, 0x00, 0x01, 0xFF, 0xF7,
    0xFF, 0xC0, 0x06, 0x77, 0xDF, 0x7F, 0xC7, 0x1F, 0xD0, 0xF4, 0xB4, 0xE0, 0x99, 0xDF, 0x7C, 0xC7,
    0x11, 0xF9, 0x9F, 0x8C, 0xFD, 0xD9, 0xFD, 0x6A, 0xD4, 0xA0, 0xF2, 0x40, 0x67, 0x66, 0x70, 0xD7,
    0x98, 0xC0, 0xF3, 0x1D, 0xA0, 0x30, 0x38, 0x18, 0x00, 0xFF, 0xFE, 0xE0, 0xE0, 0xE0, 0xFE, 0xFE,
    0xE0, 0xE0, 0xE0, 0xFE, 0xFF, 0x24, 0x3E, 0x34, 0x00, 0xFF, 0xFE, 0xE0, 0xE0, 0xE0, 0xFE, 0xFE,
    0xE0, 0xE0, 0xE0, 0xFE, 0xFF, 0xFF, 0x8F, 0xF8, 0x18, 0x01, 0x80, 0x1B, 0x01, 0xFC, 0x1C, 0xE1,
    0x86, 0x18, 0x61, 0x86, 0x1B, 0xE1, 0xBC, 0x01, 0x00, 0x0E, 0x1C, 0x18, 0x00, 0xFE, 0xFE, 0xE0,
    0xE0, 0xE0, 0xE0, 0xE0, 0xE0, 0xE0, 0xE0, 0xE0, 0xE0, 0x00, 0x1F, 0xDF, 0xFC, 0x0C, 0x06, 0x03,
    0xFD, 0xFE, 0xC0, 0x60, 0x38, 0x0F, 0xF3, 0xF8, 0x20, 0x00, 0x1F, 0x9F, 0xCC, 0x06, 0x03, 0x80,
    0xF0, 0x3E, 0x03, 0x81, 0xC0, 0xFF, 0xE7, 0xE0, 0xC0, 0xDF, 0xFF, 0xFF, 0xFF, 0xF0, 0x07, 0xFC,
    0x06, 0x39, 0xCE, 0x73, 0x9C, 0xE7, 0x39, 0xCE, 0x18, 0x61, 0x86, 0x18, 0x61, 0x86, 0x18, 0x61,
    0x86, 0x19, 0xEF, 0x90, 0x1F, 0xC0, 0x3F, 0xC0, 0x38, 0xC0, 0x38, 0xC0, 0x30, 0xF8, 0x30, 0xFE,
    0x30, 0xC7, 0x30, 0xC3, 0x30, 0xC3, 0x30, 0xC3, 0xF0, 0xFF, 0xE0, 0xFE, 0x40, 0x00, 0xC1, 0x80,
    0xE1, 0xC0, 0xE1, 0xC0, 0xE1, 0xC0, 0xE1, 0xC0, 0xFF, 0xFC, 0xFF, 0xFE, 0xE1, 0xC7, 0xE1, 0xC7,
    0xE1, 0xC6, 0xE1, 0xFE, 0xE1, 0xFC, 0xFF, 0x9F, 0xF0, 0x60, 0x0C, 0x01, 0xB0, 0x3F, 0x87, 0x38,
    0xC3, 0x18, 0x63, 0x0C, 0x61, 0x8C, 0x30, 0x06, 0x03, 0x01, 0x80, 0x00, 0xC1, 0xB8, 0xCE, 0x73,
    0x98, 0xEC, 0x3F, 0x0F, 0xC3, 0xB8, 0xE6, 0x39, 0xCE, 0x3B, 0x86, 0x1C, 0x03, 0x00, 0x60, 0x00,
    0xC0, 0xF8, 0x7E, 0x3F, 0x8F, 0xE6, 0xFB, 0xBE, 0xCF, 0x73, 0xF8, 0xFC, 0x3F, 0x0F, 0x83, 0x00,
    0x03, 0x60, 0x7C, 0x00, 0x0C, 0x0D, 0xC1, 0x98, 0x73, 0x8C, 0x33, 0x87, 0x60, 0x7C, 0x0F, 0x00,
    0xE0, 0x18, 0x1F, 0x03, 0xC0, 0x20, 0x00, 0xC0, 0xF8, 0x3E, 0x0F, 0x83, 0xE0, 0xF8, 0x3E, 0x0F,
    0x83, 0xE0, 0xF8, 0x3F, 0xFF, 0xFF, 0x0C, 0x03, 0x00, 0xC0, 0x0E, 0x01, 0xC0, 0x78, 0x0D, 0x81,
    0xB0, 0x67, 0x0C, 0x63, 0xFC, 0x7F, 0xCC, 0x1B, 0x03, 0x60, 0x30, 0xFF, 0x7F, 0xB8, 0x1C, 0x0F,
    0x87, 0xFB, 0x9D, 0xC7, 0xE3, 0xF1, 0xFF, 0xDF, 0xC0, 0xFF, 0x7F, 0xF8, 0xFC, 0x3E, 0x3F, 0xFB,
    0xFF, 0xC3, 0xE1, 0xF0, 0xFF, 0xFF, 0xE0, 0xFE, 0xFE, 0xE0, 0xE0, 0xE0, 0xE0, 0xE0, 0xE0, 0xE0,
    0xE0, 0xE0, 0xE0, 0x1F, 0xE1, 0xFE, 0x18, 0x61, 0x86, 0x18, 0x61, 0x86, 0x18, 0x63, 0x86, 0x30,
    0x63, 0x06, 0xFF, 0xFF, 0xFF, 0xC0, 0x3C, 0x03, 0xC0, 0x30, 0xFF, 0xFE, 0xE0, 0xE0, 0xE0, 0xFE,
    0xFE, 0xE0, 0xE0, 0xE0, 0xFE, 0xFF, 0xE3, 0x8E, 0x63, 0x8C, 0x33, 0x9C, 0x3B, 0xB8, 0x1B, 0xB0,
    0x0F, 0xF0, 0x1F, 0xF0, 0x3B, 0xB8, 0x33, 0x98, 0x73, 0x9C, 0x63, 0x8C, 0xC3, 0x86, 0x00, 0x3F,
    0x9F, 0xC0, 0x70, 0x38, 0x38, 0xF8, 0x7E, 0x03, 0x80, 0xC0, 0xFF, 0xFF, 0xF0, 0xC0, 0xC0, 0xF8,
    0x7E, 0x3F, 0x8F, 0xE6, 0xFB, 0xBE, 0xCF, 0x73, 0xF8, 0xFC, 0x3F, 0x0F, 0x83, 0x00, 0x0E, 0xC1,
    0xF0, 0x00, 0xC0, 0xF8, 0x7E, 0x3F, 0x8F, 0xE6, 0xFB, 0xBE, 0xCF, 0x73, 0xF8, 0xFC, 0x3F, 0x0F,
    0x83, 0xC1, 0xB8, 0xCE, 0x73, 0x98, 0xEC, 0x3F, 0x0F, 0xC3, 0xB8, 0xE6, 0x39, 0xCE, 0x3B, 0x86,
    0x1F, 0xC7, 0xF8, 0xE3, 0x1C, 0x63, 0x0C, 0x61, 0x8C, 0x31, 0x86, 0x30, 0xC6, 0x1B, 0xC3, 0x70,
    0x64, 0x00, 0xE0, 0x3F, 0x83, 0xFC, 0x1F, 0xE0, 0xFD, 0x8D, 0xEC, 0x6F, 0x77, 0x79, 0xB3, 0xCD,
    0x9E, 0x38, 0xF1, 0xC7, 0x8E, 0x30, 0xC0, 0xF8, 0x3E, 0x0F, 0x83, 0xE0, 0xFF, 0xFF, 0xFF, 0x83,
    0xE0, 0xF8, 0x3E, 0x0F, 0x83, 0x00, 0x07, 0xF1, 0xFF, 0x70, 0x6C, 0x0F, 0x80, 0xF0, 0x1E, 0x03,
    0xC0, 0x78, 0x1F, 0x83, 0x3F, 0xE3, 0xF8, 0x08, 0x00, 0xFF, 0xFF, 0xFE, 0x0F, 0x83, 0xE0, 0xF8,
    0x3E, 0x0F, 0x83, 0xE0, 0xF8, 0x3E, 0x0F, 0x83, 0xFE, 0x7F, 0xB8, 0xDC, 0x7E, 0x37, 0x3B, 0xF9,
    0xF0, 0xE0, 0x70, 0x38, 0x1C, 0x00, 0x00, 0x1F, 0xDF, 0xFC, 0x0C, 0x06, 0x03, 0x01, 0x80, 0xC0,
    0x60, 0x38, 0x0F, 0xF3, 0xF8, 0x20, 0xFF, 0xBF, 0xE0, 0xC0, 0x30, 0x0C, 0x03, 0x00, 0xC0, 0x30,
    0x0C, 0x03, 0x00, 0xC0, 0x30, 0xC0, 0xDC, 0x19, 0x87, 0x38, 0xC3, 0x38, 0x76, 0x07, 0xC0, 0xF0,
    0x0E, 0x01, 0x81, 0xF0, 0x3C, 0x02, 0x00, 0x00, 0x00, 0x18, 0x03, 0xF0, 0x7F, 0xE7, 0x33, 0xB1,
    0x8D, 0x8C, 0x6C, 0x63, 0x63, 0x1B, 0x99, 0xCF, 0xFC, 0x1F, 0x80, 0x30, 0x01, 0x00, 0xE1, 0xD8,
    0x67, 0x30, 0xFC, 0x1E, 0x07, 0x01, 0xE0, 0x78, 0x37, 0x1C, 0xE6, 0x1B, 0x07, 0xC0, 0xCE, 0x0C,
    0xE0, 0xCE, 0x0C, 0xE0, 0xCE, 0x0C, 0xE0, 0xCE, 0x0C, 0xE0, 0xCE, 0x0C, 0xFF, 0xEF, 0xFF, 0x00,
    0x70, 0x07, 0x00, 0x60, 0xC1, 0xE0, 0xF0, 0x78, 0x3C, 0x1F, 0x1D, 0xFE, 0x7F, 0x01, 0x80, 0xC0,
    0x60, 0x30, 0xC1, 0x87, 0xC7, 0x0F, 0x8E, 0x1F, 0x1C, 0x3E, 0x38, 0x7C, 0x70, 0xF8, 0xE1, 0xF1,
    0xC3, 0xE3, 0x87, 0xC7, 0x0F, 0xFF, 0xFF, 0xFF, 0xF0, 0xC3, 0x8E, 0xE3, 0x8E, 0xE3, 0x8E, 0xE3,
    0x8E, 0xE3, 0x8E, 0xE3, 0x8E, 0xE3, 0x8E, 0xE3, 0x8E, 0xE3, 0x8E, 0xE3, 0x8E, 0xFF, 0xFF, 0xFF,
    0xFF, 0x00, 0x03, 0x00, 0x03, 0x00, 0x03, 0xF8, 0x1F, 0x00, 0x60, 0x0C, 0x01, 0xF0, 0x3F, 0x86,
    0x78, 0xC3, 0x18, 0x63, 0x1C, 0x7F, 0x0F, 0xC0, 0xC0, 0x3C, 0x03, 0xC0, 0x3C, 0x03, 0xF8, 0x3F,
    0xF3, 0xE7, 0x3E, 0x3B, 0xE3, 0xBE, 0x33, 0xFF, 0x3F, 0xE3, 0xE0, 0x70, 0x38, 0x1C, 0x0F, 0x87,
    0xFB, 0x9D, 0xC7, 0xE3, 0xF1, 0xBF, 0xDF, 0xC0, 0x00, 0x1F, 0xC7, 0xF8, 0x06, 0x01, 0xC0, 0x33,
    0xFC, 0xFF, 0x00, 0xC0, 0x70, 0x19, 0xFE, 0x7F, 0x06, 0x00, 0x00, 0x01, 0x87, 0xF3, 0x9F, 0xF7,
    0x30, 0x6E, 0xE0, 0xFD, 0x80, 0xFF, 0x01, 0xFE, 0x03, 0xEC, 0x07, 0xDC, 0x1F, 0x98, 0x37, 0x3F,
    0xEE, 0x3F, 0x80, 0x08, 0x00, 0x3F, 0x9F, 0xE6, 0x19, 0x86, 0x61, 0x9F, 0xE3, 0xF8, 0x7E, 0x39,
    0x8C, 0x67, 0x1B, 0x86, 0x00, 0x7E, 0x7F, 0x03, 0x1F, 0x7F, 0x63, 0xE3, 0x67, 0x7F, 0x10, 0x0F,
    0x8F, 0xE3, 0x81, 0x80, 0x7F, 0x1F, 0xE6, 0x19, 0x86, 0x61, 0xD8, 0x66, 0x19, 0xCE, 0x3F, 0x03,
    0x00, 0xFE, 0xFF, 0xC7, 0xFE, 0xFE, 0xC7, 0xC3, 0xFF, 0xFE, 0xFF, 0xFC, 0x30, 0xC3, 0x0C, 0x30,
    0xC0, 0x3F, 0x8F, 0xE3, 0x18, 0xC6, 0x31, 0x8C, 0x67, 0x1B, 0xFF, 0xFF, 0xF0, 0x3C, 0x0F, 0x03,
    0x00, 0x1F, 0x1F, 0xCC, 0x77, 0xFF, 0xFF, 0x80, 0xC0, 0x7B, 0x1F, 0x83, 0x00, 0xE6, 0x33, 0x33,
    0x8D, 0x98, 0x7F, 0x81, 0xFC, 0x1F, 0x71, 0xD9, 0x8C, 0xCE, 0xE6, 0x38, 0x00, 0xFE, 0x7E, 0x06,
    0x3E, 0x3E, 0x06, 0x07, 0xCF, 0xFE, 0x10, 0xC7, 0xC7, 0xCF, 0xCF, 0xDB, 0xDB, 0xF3, 0xF3, 0xE3,
    0x26, 0x7E, 0x3C, 0x00, 0xC7, 0xC7, 0xCF, 0xCF, 0xDB, 0xDB, 0xF3, 0xF3, 0xE3, 0xC7, 0xC6, 0xCC,
    0xFC, 0xF8, 0xDC, 0xCC, 0xC6, 0xC7, 0x3F, 0x9F, 0xCC, 0x66, 0x33, 0x19, 0x8D, 0xC7, 0xC3, 0xE1,
    0x80, 0x00, 0xE0, 0xFC, 0x3F, 0xC7, 0xF8, 0xFD, 0xB7, 0xB6, 0xF7, 0x9E, 0x73, 0xCE, 0x60, 0xC3,
    0xC3, 0xC3, 0xFF, 0xFF, 0xC3, 0xC3, 0xC3, 0xC3, 0x00, 0x0F, 0xC7, 0xF9, 0x86, 0x61, 0xB8, 0x66,
    0x19, 0x86, 0x73, 0x8F, 0xC0, 0xC0, 0xFF, 0xFF, 0xC3, 0xC3, 0xC3, 0xC3, 0xC3, 0xC3, 0xC3, 0x00,
    0x7F, 0x3F, 0xDC, 0x6C, 0x3E, 0x1F, 0x0F, 0xC6, 0xF7, 0x7F, 0x32, 0x18, 0x0C, 0x06, 0x00, 0x00,
    0x3F, 0x7E, 0x60, 0x60, 0xE0, 0xE0, 0x60, 0x7B, 0x3F, 0x0C, 0xFF, 0xFF, 0x18, 0x18, 0x18, 0x18,
    0x18, 0x18, 0x18, 0xC3, 0xE1, 0x98, 0xCC, 0xE7, 0x61, 0xB0, 0xF0, 0x38, 0x1C, 0x0C, 0x06, 0x1E,
    0x0F, 0x00, 0x06, 0x00, 0x60, 0x06, 0x00, 0x60, 0x3F, 0xC7, 0xFE, 0x66, 0x66, 0x67, 0xE6, 0x36,
    0x67, 0x66, 0x77, 0xEE, 0x3F, 0xC0, 0xF0, 0x06, 0x00, 0x60, 0x06, 0x00, 0xE3, 0x33, 0x8F, 0x87,
    0x81, 0xC1, 0xE1, 0xD8, 0xCE, 0xE3, 0x00, 0xC3, 0x30, 0xCC, 0x33, 0x0C, 0xC3, 0x30, 0xCC, 0x33,
    0xFE, 0xFF, 0x80, 0x60, 0x18, 0x02, 0xC3, 0xC3, 0xC3, 0xC3, 0xFF, 0x7F, 0x03, 0x03, 0x03, 0xC7,
    0x1E, 0x38, 0xF1, 0xC7, 0x8E, 0x3C, 0x71, 0xE3, 0x8F, 0x1C, 0x7F, 0xFF, 0xFF, 0xF8, 0xC7, 0x1B,
    0x1C, 0x6C, 0x71, 0xB1, 0xC6, 0xC7, 0x1B, 0x1C, 0x6C, 0x71, 0xBF, 0xFF, 0xFF, 0xFC, 0x00, 0x30,
    0x00, 0xC0, 0x03, 0xF8, 0x3E, 0x03, 0x80, 0xFC, 0x3F, 0xCE, 0x33, 0x8C, 0xFF, 0x3F, 0x80, 0xC0,
    0xF8, 0x1F, 0x03, 0xFE, 0x7F, 0xEF, 0x8F, 0xF1, 0xFF, 0xF7, 0xFE, 0xE0, 0xC0, 0xC0, 0xC0, 0xFC,
    0xFE, 0xC7, 0xC7, 0xFE, 0xFE, 0x00, 0xFC, 0x7E, 0x07, 0x3F, 0x7F, 0x07, 0x07, 0xCE, 0xFC, 0x30,
    0x00, 0x0C, 0x7C, 0xCF, 0xED, 0xC7, 0xFC, 0x3F, 0x83, 0xDC, 0x3D, 0xC7, 0xCE, 0xEC, 0x7C, 0x01,
    0x00, 0x3F, 0xBF, 0xD8, 0xEC, 0x77, 0xF9, 0xFC, 0xCE, 0xE7, 0xE3, 0x80, 0x38, 0x0E, 0x03, 0x00,
    0x03, 0xE3, 0xF9, 0x8E, 0xFF, 0xFF, 0xF0, 0x18, 0x0F, 0x63, 0xF0, 0x60, 0x00, 0x1B, 0x0D, 0x80,
    0x03, 0xE3, 0xF9, 0x8E, 0xFF, 0xFF, 0xF0, 0x18, 0x0F, 0x63, 0xF0, 0x60, 0x60, 0x7E, 0x3F, 0x0C,
    0x06, 0xF3, 0xFD, 0xC6, 0xC3, 0x61, 0xB0, 0xD8, 0x6C, 0x36, 0x18, 0x0C, 0x06, 0x0F, 0x0F, 0x00,
    0x1C, 0x63, 0x00, 0xFF, 0xFC, 0x30, 0xC3, 0x0C, 0x30, 0xC0, 0x00, 0x3F, 0x7E, 0x60, 0x7E, 0xFE,
    0xE0, 0x60, 0x7B, 0x3F, 0x0C, 0x00, 0x7E, 0xFE, 0xE0, 0x70, 0x3C, 0x0E, 0x06, 0xEE, 0xFE, 0x10,
    0x5B, 0x0D, 0xB6, 0xDB, 0x6C, 0x5F, 0xF0, 0x66, 0x66, 0x66, 0x66, 0x60, 0x11, 0x8C, 0x03, 0x18,
    0xC6, 0x31, 0x8C, 0x63, 0x18, 0xDE, 0xF0, 0x3F, 0x80, 0xFE, 0x03, 0x38, 0x0C, 0xFC, 0x33, 0xFC,
    0xCE, 0x37, 0x38, 0xF8, 0xFF, 0xE3, 0xF8, 0x00, 0x00, 0xC3, 0x03, 0x0C, 0x0C, 0x30, 0x3F, 0xF8,
    0xFF, 0xFB, 0x0C, 0x6C, 0x31, 0xB0, 0xFE, 0xC3, 0xF0, 0x60, 0x7E, 0x3F, 0x8C, 0x06, 0xF3, 0xFD,
    0xC6, 0xC3, 0x61, 0xB0, 0xD8, 0x6C, 0x36, 0x18, 0x0E, 0x0C, 0x18, 0x00, 0xC7, 0xC6, 0xCC, 0xFC,
    0xF8, 0xDC, 0xCC, 0xC6, 0xC7, 0x30, 0x18, 0x0C, 0x00, 0xC7, 0xC7, 0xCF, 0xCF, 0xDB, 0xDB, 0xF3,
    0xF3, 0xE3, 0x26, 0x1B, 0x0F, 0x00, 0x0C, 0x3E, 0x19, 0x8C, 0xCE, 0x76, 0x1B, 0x0F, 0x03, 0x81,
    0xC0, 0xC0, 0x61, 0xE0, 0xF0, 0x00, 0xC3, 0xC3, 0xC3, 0xC3, 0xC3, 0xC3, 0xC3, 0xFF, 0xFF, 0x18,
    0x18, 0x18, 0xC3, 0x87, 0x87, 0x0F, 0x86, 0x1F, 0x0C, 0x36, 0x38, 0x6C, 0x79, 0xDC, 0xF3, 0x1B,
    0x66, 0x36, 0xEC, 0x7C, 0xF0, 0x71, 0xE0, 0xE1, 0x80, 0x00, 0x00, 0xC6, 0x1E, 0x38, 0xF1, 0xC7,
    0xC6, 0x76, 0x73, 0x33, 0xD8, 0xF7, 0xC7, 0xBC, 0x18, 0xC0, 0x38, 0x1F, 0xC3, 0xFC, 0x1C, 0x03,
    0x80, 0x7F, 0x0F, 0xF1, 0xC7, 0x38, 0xE7, 0x1C, 0xFF, 0x1F, 0xC0, 0x30, 0x0C, 0x0F, 0xE3, 0xF0,
    0x30, 0x0F, 0x83, 0xF8, 0xC7, 0x30, 0xCF, 0xF3, 0xF8, 0x00, 0x03, 0x07, 0xFE, 0x3F, 0xF9, 0xC0,
    0xE6, 0x03, 0x98, 0x0F, 0xFF, 0x3F, 0xFC, 0xE6, 0x03, 0x98, 0x0E, 0x70, 0x38, 0xFF, 0xE1, 0xFC,
    0x00, 0x80, 0x00, 0x18, 0xFF, 0x1F, 0xE6, 0x0F, 0xFD, 0xFF, 0xB3, 0x06, 0x60, 0xCF, 0x78, 0xFC,
    0x02, 0x00, 0x0E, 0x00, 0xE0, 0x0F, 0x01, 0xB0, 0x1B, 0x83, 0xF8, 0x3F, 0x87, 0x6C, 0x66, 0xC6,
    0x6E, 0xE6, 0x6C, 0x67, 0x1C, 0x07, 0x83, 0xE0, 0xFC, 0x3F, 0x1B, 0xC6, 0xDB, 0xB6, 0xCD, 0xC0,
    0xC0, 0xC1, 0xC3, 0xC3, 0x87, 0x87, 0x1F, 0x0E, 0x37, 0x1F, 0xFE, 0x3F, 0xFE, 0x73, 0x6C, 0xEE,
    0xD9, 0xD9, 0xBB, 0xF3, 0x37, 0xC6, 0x70, 0xC3, 0x8C, 0x78, 0xC7, 0xCF, 0xFC, 0xFF, 0xCC, 0xF6,
    0xDB, 0x6D, 0xB7, 0xFB, 0x30, 0x7F, 0xE7, 0xFE, 0x30, 0xC1, 0x98, 0x0F, 0x81, 0xFC, 0x3F, 0xC7,
    0x66, 0x66, 0x66, 0x67, 0xE6, 0x3C, 0x63, 0x7F, 0xCF, 0xF0, 0xEC, 0x0F, 0x83, 0xF8, 0xDB, 0x9B,
    0x37, 0x66, 0xCC, 0xE0, 0xCF, 0xFE, 0xEF, 0xFC, 0xE7, 0x1C, 0xE3, 0xB8, 0xE1, 0xF0, 0xFF, 0xF8,
    0xFF, 0xFC, 0xE6, 0xEC, 0xEE, 0xEE, 0xEC, 0xE6, 0xEC, 0xE6, 0xFC, 0xE7, 0xDF, 0xF3, 0x3F, 0xCC,
    0x66, 0x3F, 0xF0, 0xFF, 0xE3, 0x36, 0xCD, 0x9B, 0x36, 0x66, 0xF9, 0x98, 0x21, 0x1B, 0x87, 0x8F,
    0xE7, 0xF8, 0x0C, 0x06, 0x07, 0x3E, 0x1F, 0x80, 0xE0, 0x30, 0x18, 0x7D, 0xFD, 0xE0, 0xE6, 0x3F,
    0xCF, 0xE0, 0x00, 0x6E, 0x3C, 0xFE, 0x7E, 0x06, 0x3E, 0x3E, 0x07, 0x03, 0x0F, 0xFE, 0xE0, 0xFE,
    0xFF, 0x00, 0xC6, 0x7C, 0x67, 0xC6, 0x7C, 0x67, 0xC6, 0x7E, 0x66, 0x66, 0x67, 0xFE, 0x3F, 0x80,
    0x60, 0x06, 0x00, 0x60, 0x0C, 0x01, 0x80, 0x30, 0x06, 0x0C, 0xCD, 0x99, 0xB3, 0x3E, 0x63, 0xCC,
    0x79, 0x9F, 0x33, 0x3F, 0xE7, 0xF8, 0x18, 0x03, 0x00, 0x60, 0x0C, 0x00, 0x00, 0x07, 0xF1, 0xFF,
    0x70, 0x7C, 0x07, 0x80, 0xFF, 0xFF, 0xFF, 0xC0, 0x78, 0x0F, 0x83, 0xBF, 0xE3, 0xF8, 0x08, 0x00,
    0x00, 0x0F, 0xC7, 0xF9, 0x86, 0x7F, 0x9F, 0xF6, 0x19, 0x86, 0x73, 0x8F, 0xC0, 0xC0, 0xC0, 0xEC,
    0x0E, 0xE1, 0x86, 0x18, 0x71, 0x83, 0x30, 0x33, 0x03, 0xB0, 0x1E, 0x01, 0xE0, 0x1E, 0x00, 0xE0,
    0x00, 0x61, 0xF0, 0xEC, 0x66, 0x63, 0xB0, 0xD8, 0x78, 0x3C, 0x0E, 0x00, 0x7E, 0x03, 0x60, 0x1B,
    0x00, 0x00, 0xC0, 0xEC, 0x0E, 0xE1, 0x86, 0x18, 0x71, 0x83, 0x30, 0x33, 0x03, 0xB0, 0x1E, 0x01,
    0xE0, 0x1E, 0x00, 0xE0, 0xFC, 0x36, 0x0D, 0x80, 0x0C, 0x3E, 0x1D, 0x8C, 0xCC, 0x76, 0x1B, 0x0F,
    0x07, 0x81, 0xC0, 0x00, 0x00, 0x03, 0xF0, 0x00, 0x7F, 0x80, 0x0E, 0x1C, 0x00, 0xC0, 0xD8, 0x6C,
    0x0D, 0x86, 0xC0, 0xFC, 0xEC, 0x0E, 0xCC, 0xC0, 0xCC, 0xCC, 0x0C, 0x7C, 0xE1, 0xC7, 0x87, 0xF8,
    0x78, 0x3F, 0x03, 0x00, 0xC0, 0x30, 0x00, 0x07, 0x00, 0x01, 0xE0, 0x00, 0x1C, 0x00, 0x00, 0x00,
    0x07, 0xE6, 0x19, 0xFE, 0xC3, 0x30, 0xDC, 0xE6, 0x19, 0x98, 0xC3, 0xB3, 0x18, 0x63, 0xE3, 0x0C,
    0x78, 0x73, 0x8F, 0x07, 0xE0, 0xC0, 0x30, 0x18, 0x00, 0x07, 0x00, 0x03, 0xC0, 0x00, 0x70, 0x00,
    0x0E, 0x03, 0xF8, 0x7F, 0xCE, 0x06, 0xC0, 0x7C, 0x03, 0xC0, 0x3C, 0x03, 0xC0, 0x3C, 0x07, 0xE0,
    0x67, 0xFE, 0x3F, 0x80, 0xE0, 0x0E, 0x07, 0xF1, 0xFF, 0x30, 0x66, 0x0C, 0xC1, 0x98, 0x33, 0x06,
    0x7F, 0xC7, 0xF0, 0x38, 0x00, 0x02, 0x00, 0x0F, 0xE0, 0x0D, 0xE0, 0x03, 0x80, 0x03, 0x00, 0x02,
    0x00, 0x3E, 0xF8, 0x7E, 0xFC, 0xE0, 0x0E, 0xC0, 0x06, 0xC0, 0x06, 0xC0, 0x06, 0xC1, 0x86, 0xC3,
    0x86, 0xC3, 0x86, 0xE3, 0x8E, 0x7F, 0xFC, 0x3F, 0xF8, 0x08, 0x20, 0x07, 0x80, 0x1F, 0xC0, 0x3F,
    0x80, 0x0C, 0x00, 0x30, 0x00, 0x00, 0x0F, 0xBE, 0x3E, 0x3E, 0x60, 0x0C, 0xC0, 0x19, 0x86, 0x33,
    0x1C, 0x66, 0x38, 0xCE, 0xFB, 0x8F, 0xFE, 0x04, 0x10, 0x0F, 0xE0, 0x1B, 0xC0, 0x00, 0x06, 0x1C,
    0x3C, 0x38, 0x7C, 0x30, 0xF8, 0x61, 0xB1, 0xC3, 0x63, 0xCE, 0xE7, 0x98, 0xDB, 0x31, 0xB7, 0x63,
    0xE7, 0x83, 0x8F, 0x07, 0x0C, 0x00, 0x00, 0x1F, 0xC0, 0xD6, 0x00, 0x01, 0x8C, 0x3C, 0x71, 0xE3,
    0x8F, 0x8C, 0xEC, 0xE6, 0x67, 0xB1, 0xEF, 0x8F, 0x78, 0x31, 0x80, 0x00, 0x0F, 0xE7, 0xFB, 0x80,
    0xE0, 0x30, 0x0C, 0x03, 0x00, 0xC0, 0x30, 0x0E, 0x01, 0xF8, 0x3F, 0x01, 0xC0, 0x70, 0x1C, 0x07,
    0x00, 0x00, 0x3F, 0x7F, 0x60, 0x60, 0x60, 0x60, 0x60, 0x7A, 0x3E, 0x06, 0x06, 0x06, 0x06, 0x01,
    0x00, 0xE1, 0xF0, 0x3C, 0x07, 0x93, 0x67, 0xC0, 0xE0, 0x3E, 0x0D, 0x82, 0x00, 0x00, 0x7F, 0xFF,
    0x00, 0x09, 0xFF, 0x98, 0xD9, 0x80, 0xCF, 0x00, 0x78, 0xFD, 0x18, 0x00, 0x00, 0x00, 0x0F, 0x00,
    0x00, 0x90, 0x00, 0x80, 0x10, 0x3C, 0x07, 0xC2, 0x60, 0x6C, 0x00, 0x00, 0x00, 0x00, 0x00, 0x70,
    0x00, 0xEF, 0x80, 0x1F, 0xC8, 0x01, 0x30, 0x00, 0x00, 0x00, 0x00, 0x01, 0xC0, 0x38, 0x3E, 0x07,
    0xC2, 0x40, 0x44, 0x00, 0xF0, 0x00, 0x0F, 0x00, 0x00, 0x00, 0x00, 0x00, 0x20, 0x00, 0x06, 0x00,
    0x08, 0x60, 0x01, 0x86, 0x18, 0x0C, 0x07, 0x80, 0xC0, 0x70, 0x04, 0x00, 0x00, 0x00, 0x00, 0x60,
    0x01, 0x87, 0x80, 0x1E, 0x18, 0x00, 0x60, 0x00, 0x00, 0x00, 0x00, 0x00, 0x40, 0x30, 0x0E, 0x03,
    0x01, 0xC6, 0x30, 0x00, 0x61, 0x80, 0x06, 0x00, 0x00, 0x40, 0x00, 0x31, 0x83, 0x38, 0x1F, 0x00,
    0x40, 0xC0, 0xEC, 0x1E, 0xC3, 0xEC, 0x3E, 0xC7, 0xEC, 0x6E, 0xCC, 0xED, 0xCE, 0xD8, 0xEF, 0x0E,
    0xF0, 0xFE, 0x0F, 0x00, 0x30, 0x06, 0x00, 0x60, 0x04, 0x63, 0x1F, 0xC3, 0xE0, 0x00, 0xC3, 0xB1,
    0xEC, 0x7B, 0x36, 0xDD, 0xB6, 0x6F, 0x1B, 0xC7, 0xE1, 0xC0, 0x30, 0x1C, 0x06, 0x00, 0x00, 0x60,
    0x3F, 0x0F, 0xC1, 0xC0, 0x70, 0x1F, 0xC7, 0xF9, 0xC7, 0x71, 0xDC, 0x77, 0xF9, 0xFC, 0x60, 0x18,
    0x0F, 0xC3, 0xF0, 0x60, 0x18, 0x06, 0x01, 0xF8, 0x7F, 0x98, 0x66, 0x19, 0xFE, 0x7F, 0x00, 0xFE,
    0x7F, 0xB8, 0xFC, 0x7E, 0xBF, 0x7B, 0xFD, 0xFE, 0xE2, 0x70, 0x38, 0x1C, 0x00, 0x00, 0x7F, 0x3F,
    0xDC, 0x6C, 0x3E, 0x1F, 0x0F, 0xDE, 0xFF, 0x7F, 0x32, 0xD8, 0x0C, 0x06, 0x00, 0x03, 0x03, 0x03,
    0xFF, 0xFF, 0xE0, 0xE0, 0xE0, 0xE0, 0xE0, 0xE0, 0xE0, 0xE0, 0xE0, 0xE0, 0x0C, 0x30, 0xFF, 0xFF,
    0x0C, 0x30, 0xC3, 0x0C, 0x30, 0x7F, 0xBF, 0xDC, 0x0E, 0x07, 0x07, 0xF3, 0xF8, 0xE0, 0x70, 0x38,
    0x1C, 0x0E, 0x00, 0x7E, 0xFD, 0x83, 0x0F, 0xCC, 0x18, 0x30, 0x60, 0xFF, 0x3F, 0xCE, 0x03, 0x80,
    0xE0, 0x3F, 0x0F, 0xF3, 0x8E, 0xE1, 0xB8, 0x7E, 0x1F, 0x87, 0x01, 0x80, 0x63, 0xF8, 0xFC, 0x08,
    0x00, 0xFC, 0xFC, 0xC0, 0xF0, 0xFC, 0xFE, 0xC7, 0xC7, 0xC3, 0x07, 0x07, 0x7E, 0x7C, 0x00, 0xE3,
    0x0C, 0xC6, 0x30, 0xCC, 0xE1, 0xDB, 0x81, 0xFE, 0x01, 0xF8, 0x03, 0xF0, 0x0F, 0xB0, 0x3B, 0x70,
    0x66, 0x71, 0x8C, 0x7F, 0x18, 0x70, 0x00, 0x60, 0x00, 0xC0, 0x01, 0x80, 0x00, 0xE6, 0x33, 0xB3,
    0x0D, 0xB8, 0x3F, 0x81, 0xF8, 0x0F, 0xE0, 0xDB, 0x8C, 0xCF, 0xE6, 0x38, 0x00, 0xC0, 0x06, 0x00,
    0x30, 0x00, 0x00, 0x00, 0x3F, 0x9F, 0xC0, 0x70, 0x38, 0x38, 0xF8, 0x7E, 0x03, 0x80, 0xC0, 0xFF,
    0xFF, 0xF0, 0xE0, 0x30, 0x38, 0x1C, 0x00, 0x00, 0xFE, 0x7E, 0x06, 0x3E, 0x3E, 0x06, 0x07, 0xCF,
    0xFE, 0x18, 0x08, 0x38, 0x38, 0xC1, 0xB8, 0xCE, 0x63, 0xB8, 0xFC, 0x3E, 0x0F, 0x83, 0xF0, 0xEE,
    0x39, 0xCE, 0x3F, 0x87, 0x00, 0xC0, 0x30, 0x0C, 0x01, 0xC6, 0x66, 0x37, 0x1F, 0x0F, 0x07, 0xC3,
    0x71, 0x9E, 0xC7, 0x01, 0x80, 0xC0, 0x60, 0x00, 0xC1, 0xB8, 0xCF, 0xE3, 0xF8, 0xFC, 0x3E, 0x0F,
    0x83, 0xF0, 0xFE, 0x3D, 0xCE, 0x33, 0x86, 0xD6, 0xFC, 0xFC, 0xF8, 0xF0, 0xF8, 0xFC, 0xFE, 0xD7,
    0x60, 0xDF, 0x33, 0xEE, 0x39, 0x87, 0x60, 0xFC, 0x1F, 0x83, 0xB8, 0x73, 0x0E, 0x71, 0xC7, 0x38,
    0x60, 0x60, 0x7E, 0x3F, 0x0C, 0x06, 0x33, 0x31, 0xB8, 0xF8, 0x78, 0x3E, 0x1B, 0x8C, 0xE6, 0x38,
    0xF8, 0x6F, 0x8E, 0x39, 0xC3, 0xB8, 0x3F, 0x03, 0xE0, 0x3E, 0x03, 0xF0, 0x3B, 0x83, 0x9C, 0x38,
    0xE3, 0x87, 0xF8, 0xDF, 0x30, 0x6C, 0x0F, 0x01, 0xE0, 0x3E, 0x06, 0xE0, 0xCC, 0x18, 0xC0, 0xC0,
    0xCE, 0x0C, 0xE0, 0xCE, 0x0C, 0xE0, 0xCF, 0xFC, 0xFF, 0xCE, 0x0C, 0xE0, 0xCE, 0x0C, 0xE0, 0xEE,
    0x0F, 0x00, 0x70, 0x07, 0x00, 0x70, 0x02, 0xC3, 0xB0, 0xEC, 0x3B, 0xFE, 0xFF, 0xB0, 0xEC, 0x3B,
    0x0E, 0xC3, 0xC0, 0x30, 0x0C, 0x03, 0x00, 0x00, 0xC0, 0xFF, 0x07, 0xF8, 0x31, 0xC1, 0x8E, 0x0C,
    0x7F, 0xE3, 0xFF, 0x1C, 0x18, 0xE0, 0xC7, 0x06, 0x38, 0x31, 0xC1, 0x80, 0xC3, 0xEC, 0x3E, 0xC3,
    0x8F, 0xF8, 0xFF, 0x8C, 0x38, 0xC3, 0x8C, 0x38, 0xC3, 0x80, 0xFF, 0xC0, 0xFF, 0xC0, 0xE1, 0xC0,
    0xE1, 0xC0, 0xE1, 0xC0, 0xE1, 0xF8, 0xE1, 0xFE, 0xE1, 0xCF, 0xE1, 0xC3, 0xE1, 0xC3, 0xE1, 0xC3,
    0xE1, 0xC3, 0x00, 0x03, 0x00, 0x07, 0x00, 0x7E, 0x00, 0x7E, 0x00, 0x10, 0xFF, 0x07, 0xF8, 0x30,
    0xC1, 0x87, 0x0C, 0x3F, 0x61, 0xBF, 0x0C, 0x78, 0x63, 0xC3, 0x18, 0x00, 0xC0, 0x06, 0x03, 0xF0,
    0x1F, 0x00, 0x00, 0x00, 0x03, 0xE0, 0x7E, 0x0E, 0x3C, 0xC7, 0xEC, 0x66, 0xCE, 0x6C, 0xE6, 0xC6,
    0x6C, 0x66, 0xE7, 0xE7, 0xFC, 0x3F, 0xF0, 0x4F, 0x00, 0x07, 0x81, 0xF0, 0x33, 0xC6, 0x7C, 0xDD,
    0x9B, 0xB3, 0x36, 0x77, 0x87, 0xF8, 0x37, 0x00, 0x00, 0x0F, 0xE7, 0xFB, 0x80, 0xC0, 0x30, 0x0C,
    0x03, 0x00, 0xC0, 0x30, 0x0E, 0x01, 0xFE, 0x3F, 0x83, 0x80, 0x60, 0x38, 0x0C, 0x00, 0x00, 0x3F,
    0x7E, 0x60, 0x60, 0x60, 0x60, 0x60, 0x7F, 0x3F, 0x0C, 0x04, 0x1C, 0x1C, 0xFF, 0xBF, 0xE1, 0xC0,
    0x70, 0x1C, 0x07, 0x01, 0xC0, 0x70, 0x1C, 0x07, 0x01, 0xE0, 0x78, 0x06, 0x01, 0x80, 0x60, 0x00,
    0xFF, 0xFF, 0x18, 0x18, 0x18, 0x18, 0x18, 0x1C, 0x1C, 0x0C, 0x0C, 0x0C, 0x00, 0xC1, 0xF8, 0x66,
    0x39, 0xCC, 0x36, 0x07, 0x81, 0xC0, 0x30, 0x0C, 0x03, 0x00, 0xC0, 0x30, 0xC3, 0xE1, 0x98, 0xCC,
    0xE7, 0x61, 0xB0, 0xF0, 0x38, 0x1C, 0x0C, 0x06, 0x03, 0x01, 0x80, 0xC1, 0xF8, 0x66, 0x39, 0xCC,
    0x36, 0x07, 0x81, 0xC0, 0xFC, 0x7F, 0x0F, 0xC0, 0xC0, 0x30, 0xC3, 0xE1, 0x98, 0xCC, 0xE7, 0x61,
    0xB0, 0xF0, 0x38, 0x1C, 0x3F, 0x86, 0x03, 0x01, 0x80, 0xE1, 0xCC, 0x31, 0xCC, 0x1F, 0x81, 0xE0,
    0x38, 0x07, 0x80, 0xF0, 0x37, 0x0E, 0x71, 0x87, 0x60, 0xF0, 0x0E, 0x01, 0xC0, 0x38, 0x02, 0xE3,
    0x3B, 0x8D, 0x87, 0x81, 0xC1, 0xE0, 0xD8, 0xCF, 0xE3, 0x80, 0xC0, 0x60, 0x30, 0x00, 0xFF, 0x9B,
    0xFE, 0x61, 0x81, 0x86, 0x06, 0x18, 0x18, 0x60, 0x61, 0x81, 0x86, 0x06, 0x18, 0x18, 0x60, 0x61,
    0xFF, 0xC7, 0xFF, 0x00, 0x0C, 0x00, 0x30, 0x00, 0xC0, 0x01, 0xFF, 0x6F, 0xE6, 0x18, 0x61, 0x86,
    0x18, 0x61, 0x86, 0x18, 0x61, 0xFF, 0x1F, 0xF0, 0x03, 0x00, 0x30, 0x03, 0x00, 0x00, 0xC1, 0x98,
    0x33, 0x06, 0x60, 0xCC, 0x19, 0x83, 0x3F, 0xE3, 0xFC, 0x01, 0x80, 0x30, 0x07, 0x80, 0xF0, 0x06,
    0x00, 0xC0, 0x18, 0x02, 0xC3, 0x30, 0xCC, 0x33, 0x0C, 0xFF, 0x1F, 0xC0, 0x30, 0x0E, 0x03, 0xC0,
    0x70, 0x1C, 0x07, 0x00, 0x00, 0xC1, 0xB0, 0x6C, 0x1B, 0x26, 0xCD, 0xB3, 0x6F, 0xF9, 0xFE, 0x0D,
    0x83, 0x60, 0x98, 0x06, 0xC3, 0xC3, 0xDB, 0xDB, 0xFF, 0x7F, 0x1B, 0x1B, 0x03, 0xC0, 0x38, 0x0E,
    0x03, 0x80, 0xFF, 0x3F, 0xEE, 0x1F, 0x87, 0xE1, 0xF8, 0x7E, 0x1F, 0x87, 0xC0, 0xC0, 0xC0, 0xC0,
    0xFE, 0xFF, 0xE3, 0xC3, 0xC3, 0xC3, 0xC3, 0xC3, 0xC3, 0x00, 0x00, 0x1F, 0x80, 0xFF, 0x07, 0x0E,
    0xD8, 0x1B, 0x60, 0x6F, 0xFF, 0xDF, 0xFE, 0x18, 0x00, 0x60, 0x01, 0xC0, 0x03, 0xFE, 0x07, 0xF8,
    0x03, 0x00, 0x00, 0x01, 0xF0, 0x7F, 0x6C, 0x6F, 0xFE, 0xFF, 0xCE, 0x00, 0xC0, 0x1C, 0xC1, 0xF8,
    0x0C, 0x00, 0x00, 0x00, 0x1F, 0x80, 0xFF, 0x07, 0x0E, 0xD8, 0x1B, 0x60, 0x6F, 0xFF, 0xDF, 0xFE,
    0x18, 0x00, 0x60, 0x01, 0xC0, 0x03, 0xFE, 0x07, 0xF8, 0x07, 0x00, 0x18, 0x00, 0x60, 0x00, 0x80,
    0x00, 0x01, 0xF0, 0x7F, 0x6C, 0x6F, 0xFE, 0xFF, 0xCE, 0x01, 0xC0, 0x1C, 0xC1, 0xF8, 0x0C, 0x01,
    0x80, 0x30, 0x00, 0x00, 0xFB, 0x8C, 0x63, 0x18, 0xC6, 0x31, 0x8D, 0xF0, 0x00, 0x00, 0x06, 0xC0,
    0x07, 0xC0, 0x00, 0x00, 0xE3, 0x8E, 0x63, 0x8C, 0x33, 0x9C, 0x3B, 0xB8, 0x1B, 0xB0, 0x0F, 0xF0,
    0x1F, 0xF0, 0x3B, 0xB8, 0x33, 0x98, 0x73, 0x9C, 0x63, 0x8C, 0xC3, 0x86, 0x09, 0x80, 0x6C, 0x03,
    0xC0, 0x00, 0x0E, 0x63, 0x33, 0x38, 0xD9, 0x87, 0xF8, 0x1F, 0xC1, 0xF7, 0x1D, 0x98, 0xCC, 0xEE,
    0x63, 0x80, 0xC3, 0xB8, 0xCE, 0x63, 0xB0, 0xFC, 0x3F, 0x0F, 0xF3, 0x8E, 0xE1, 0xF8, 0x3E, 0x0F,
    0x83, 0x00, 0xC0, 0x71, 0xF8, 0x7C, 0x0C, 0x00, 0xC6, 0xCE, 0xDC, 0xF8, 0xFC, 0xFE, 0xC7, 0xC3,
    0xC3, 0x03, 0x03, 0x3E, 0x3E, 0x00, 0x1F, 0xE1, 0xFE, 0x18, 0xE1, 0x8E, 0x18, 0xE1, 0x8E, 0x38,
    0xE3, 0x0E, 0x30, 0xE3, 0x0E, 0xF0, 0xFE, 0x0F, 0x40, 0x30, 0x06, 0x00, 0x60, 0x04, 0x3F, 0x8F,
    0xE3, 0x38, 0xCE, 0x33, 0x8C, 0xE7, 0x39, 0x8F, 0xE3, 0xC0, 0x30, 0x18, 0x06, 0x00, 0x00, 0xC0,
    0xF8, 0x3E, 0x0F, 0x83, 0xE0, 0xFF, 0xFF, 0xFF, 0x83, 0xE0, 0xF8, 0x3E, 0x0F, 0x83, 0x00, 0xC0,
    0x71, 0xF8, 0x7C, 0x0C, 0x00, 0xC3, 0xE1, 0xF0, 0xFF, 0xFF, 0xFE, 0x1F, 0x0F, 0x87, 0xC3, 0x81,
    0xC0, 0xC3, 0xE1, 0xE0, 0x00, 0xC0, 0xCE, 0x0C, 0xE0, 0xCE, 0x0C, 0xE0, 0xCF, 0xFC, 0xFF, 0xCE,
    0x0C, 0xE0, 0xCE, 0x0C, 0xE0, 0xEE, 0x0F, 0x00, 0x60, 0x06, 0x00, 0xE0, 0x04, 0xC3, 0xB0, 0xEC,
    0x3B, 0xFE, 0xFF, 0xB0, 0xEC, 0x3B, 0x0F, 0xC3, 0xC0, 0x30, 0x18, 0x06, 0x00, 0x00, 0xC1, 0xB0,
    0x6C, 0x1B, 0x06, 0xC1, 0xB0, 0x6F, 0xF9, 0xFE, 0x01, 0x80, 0x60, 0x38, 0x0E, 0x03, 0x00, 0xC0,
    0x30, 0x00, 0xC3, 0xC3, 0xC3, 0xC3, 0xFF, 0x7F, 0x03, 0x07, 0x07, 0x06, 0x06, 0x06, 0x00, 0xE0,
    0x39, 0xE0, 0xF3, 0xC1, 0xE7, 0x83, 0xCD, 0x8D, 0x9B, 0x1B, 0x37, 0x76, 0x66, 0xCC, 0xCD, 0x99,
    0x8E, 0x33, 0x1C, 0x76, 0x38, 0xE0, 0x00, 0xC0, 0x03, 0x80, 0x06, 0x00, 0x04, 0xE1, 0xCE, 0x1C,
    0xF1, 0xCF, 0x3C, 0xF3, 0xCD, 0xFC, 0xDE, 0xCC, 0xEE, 0xCC, 0xF0, 0x06, 0x00, 0x60, 0x06, 0x00,
    0x00, 0xFB, 0x8C, 0x63, 0x18, 0xC6, 0x31, 0x8D, 0xF0, 0x00, 0x07, 0x60, 0x7C, 0x00, 0x00, 0xE0,
    0x1C, 0x07, 0x80, 0xD8, 0x1B, 0x06, 0x70, 0xC6, 0x3F, 0xC7, 0xFC, 0xC1, 0xB0, 0x36, 0x03, 0x32,
    0x3F, 0x1E, 0x00, 0x3F, 0x37, 0x03, 0x1F, 0x7F, 0x63, 0xE3, 0x67, 0x7F, 0x10, 0x00, 0x03, 0x60,
    0x6C, 0x00, 0x00, 0xE0, 0x1C, 0x07, 0x80, 0xD8, 0x1B, 0x06, 0x70, 0xC6, 0x3F, 0xC7, 0xFC, 0xC1,
    0xB0, 0x36, 0x03, 0x00, 0x36, 0x36, 0x00, 0x3F, 0x37, 0x03, 0x1F, 0x7F, 0x63, 0xE3, 0x67, 0x7F,
    0x10, 0x03, 0xFE, 0x07, 0xFC, 0x1B, 0x00, 0x36, 0x00, 0xCC, 0x01, 0x9F, 0xC7, 0x3F, 0x8F, 0xE0,
    0x3F, 0xC0, 0x61, 0x81, 0xC3, 0xFB, 0x07, 0xF0, 0x00, 0x01, 0xFB, 0xE7, 0x7F, 0x80, 0xC7, 0x1F,
    0xFD, 0xFF, 0xF6, 0x30, 0x38, 0xE0, 0x67, 0xD9, 0xF3, 0xE1, 0x02, 0x00, 0x00, 0x66, 0x3C, 0x00,
    0xFF, 0xFE, 0xE0, 0xE0, 0xE0, 0xFE, 0xFE, 0xE0, 0xE0, 0xE0, 0xFE, 0xFF, 0x33, 0x1F, 0x87, 0x80,
    0x03, 0xF3, 0xF9, 0x8E, 0xFF, 0x7F, 0xB0, 0x18, 0x0F, 0x63, 0xF0, 0x20, 0x00, 0x07, 0xF8, 0x7F,
    0xC0, 0x0E, 0x00, 0x60, 0x07, 0x7F, 0xF7, 0xFF, 0x60, 0x76, 0x06, 0x70, 0xE3, 0xFC, 0x1F, 0x80,
    0x60, 0x00, 0x3F, 0x1F, 0xC0, 0x70, 0x1B, 0xFF, 0xFE, 0xC7, 0x77, 0x1F, 0x02, 0x00, 0x00, 0x01,
    0xB0, 0x19, 0x00, 0x00, 0x7F, 0x87, 0xFC, 0x00, 0xE0, 0x06, 0x00, 0x77, 0xFF, 0x7F, 0xF6, 0x07,
    0x60, 0x67, 0x0E, 0x3F, 0xC1, 0xF8, 0x06, 0x00, 0x00, 0x1B, 0x0D, 0x80, 0x07, 0xE3, 0xF8, 0x0E,
    0x03, 0x7F, 0xFF, 0xD8, 0xEE, 0xE3, 0xE0, 0x40, 0x00, 0x00, 0x06, 0xC0, 0x06, 0xC0, 0x00, 0x00,
    0xE3, 0x8E, 0x63, 0x8C, 0x33, 0x9C, 0x3B, 0xB8, 0x1B, 0xB0, 0x0F, 0xF0, 0x1F, 0xF0, 0x3B, 0xB8,
    0x33, 0x98, 0x73, 0x9C, 0x63, 0x8C, 0xC3, 0x86, 0x00, 0x00, 0x6C, 0x03, 0x60, 0x00, 0x0E, 0x63,
    0x33, 0x38, 0xD9, 0x87, 0xF8, 0x1F, 0xC1, 0xF7, 0x1D, 0x98, 0xCC, 0xEE, 0x63, 0x80, 0x00, 0x1B,
    0x09, 0x80, 0x07, 0xF3, 0xF8, 0x0E, 0x07, 0x07, 0x1F, 0x0F, 0xC0, 0x70, 0x18, 0x1F, 0xFF, 0xFE,
    0x18, 0x00, 0x00, 0x6E, 0x24, 0x00, 0xFE, 0x7E, 0x06, 0x3E, 0x3E, 0x06, 0x07, 0xCF, 0xFE, 0x10,
    0x7F, 0xBF, 0xC1, 0xC1, 0xC1, 0x81, 0xF0, 0xFE, 0x07, 0x01, 0x80, 0xF9, 0xFF, 0xE1, 0x80, 0xFF,
    0xFE, 0x0E, 0x1C, 0x38, 0x3C, 0x3E, 0x07, 0x03, 0x03, 0x07, 0xFE, 0xFC, 0x1F, 0x0F, 0xC0, 0x03,
    0x03, 0xE1, 0xF8, 0xFE, 0x3F, 0x9B, 0xEE, 0xFB, 0x3D, 0xCF, 0xE3, 0xF0, 0xFC, 0x3E, 0x0C, 0x3E,
    0x7E, 0x00, 0xC7, 0xC7, 0xCF, 0xCF, 0xDB, 0xDB, 0xF3, 0xF3, 0xE3, 0x00, 0x06, 0xC1, 0xB0, 0x00,
    0xC0, 0xF8, 0x7E, 0x3F, 0x8F, 0xE6, 0xFB, 0xBE, 0xCF, 0x73, 0xF8, 0xFC, 0x3F, 0x0F, 0x83, 0x00,
    0x36, 0x26, 0x00, 0xC7, 0xC7, 0xCF, 0xCF, 0xDB, 0xDB, 0xF3, 0xF3, 0xE3, 0x00, 0x03, 0x60, 0x6C,
    0x00, 0x03, 0xF8, 0xFF, 0xB8, 0x3E, 0x03, 0xC0, 0x78, 0x0F, 0x01, 0xE0, 0x3C, 0x07, 0xC1, 0xDF,
    0xF1, 0xFC, 0x04, 0x00, 0x00, 0x0E, 0xC1, 0x20, 0x00, 0x3F, 0x1F, 0xE6, 0x19, 0x86, 0x61, 0xD8,
    0x66, 0x19, 0xCE, 0x3F, 0x03, 0x00, 0x00, 0x07, 0xF1, 0xFF, 0x70, 0x7C, 0x07, 0x80, 0xFF, 0xFF,
    0xFF, 0xC0, 0x78, 0x0F, 0x83, 0xBF, 0xE3, 0xF8, 0x08, 0x00, 0x00, 0x0F, 0xC7, 0xF9, 0x86, 0x7F,
    0x9F, 0xF6, 0x19, 0x86, 0x73, 0x8F, 0xC0, 0xC0, 0x00, 0x03, 0x60, 0x6C, 0x00, 0x03, 0xF8, 0xFF,
    0xB8, 0x3E, 0x03, 0xC0, 0x7F, 0xFF, 0xFF, 0xE0, 0x3C, 0x07, 0xC1, 0xDF, 0xF1, 0xFC, 0x04, 0x00,
    0x00, 0x0E, 0xC1, 0x20, 0x00, 0x3F, 0x1F, 0xE6, 0x19, 0xFE, 0x7F, 0xD8, 0x66, 0x19, 0xCE, 0x3F,
    0x03, 0x00, 0x00, 0x0D, 0x82, 0x60, 0x00, 0x7F, 0x1F, 0xE0, 0x18, 0x07, 0x00, 0xCF, 0xF3, 0xFC,
    0x03, 0x01, 0xC0, 0x67, 0xF9, 0xFC, 0x18, 0x00, 0x00, 0x6C, 0x6C, 0x00, 0xFC, 0x7E, 0x07, 0x3F,
    0x7F, 0x07, 0x07, 0xCE, 0xFC, 0x30, 0x1F, 0x07, 0xE0, 0x00, 0x60, 0x6E, 0x0C, 0xC3, 0x9C, 0x61,
    0x9C, 0x3B, 0x03, 0xE0, 0x78, 0x07, 0x00, 0xC0, 0xF8, 0x1E, 0x01, 0x00, 0x3E, 0x3F, 0x00, 0x18,
    0x7C, 0x33, 0x19, 0x9C, 0xEC, 0x36, 0x1E, 0x07, 0x03, 0x81, 0x80, 0xC3, 0xC1, 0xE0, 0x00, 0x03,
    0x60, 0x4C, 0x00, 0x0C, 0x0D, 0xC1, 0x98, 0x73, 0x8C, 0x33, 0x87, 0x60, 0x7C, 0x0F, 0x00, 0xE0,
    0x18, 0x1F, 0x03, 0xC0, 0x20, 0x00, 0x00, 0x1B, 0x09, 0x80, 0x0C, 0x3E, 0x19, 0x8C, 0xCE, 0x76,
    0x1B, 0x0F, 0x03, 0x81, 0xC0, 0xC0, 0x61, 0xE0, 0xF0, 0x00, 0x0F, 0xC1, 0xB0, 0x6C, 0x00, 0x0C,
    0x0D, 0xC1, 0x98, 0x73, 0x8C, 0x33, 0x87, 0x60, 0x7C, 0x0F, 0x00, 0xE0, 0x18, 0x1F, 0x03, 0xC0,
    0x20, 0x00, 0x1B, 0x0F, 0x8D, 0x80, 0x0C, 0x3F, 0x19, 0x8C, 0xCE, 0x76, 0x1B, 0x0F, 0x03, 0x81,
    0xC0, 0xC0, 0x61, 0xE0, 0xF0, 0x00, 0x00, 0x1B, 0x0D, 0x80, 0x0C, 0x1E, 0x0F, 0x07, 0x83, 0xC1,
    0xF1, 0xDF, 0xE7, 0xF0, 0x18, 0x0C, 0x06, 0x03, 0x00, 0x6C, 0x64, 0x00, 0xC3, 0xC3, 0xC3, 0xC3,
    0xFF, 0x7F, 0x03, 0x03, 0x03, 0xFF, 0xFF, 0xE0, 0xE0, 0xE0, 0xE0, 0xE0, 0xE0, 0xE0, 0xE0, 0xF0,
    0xF0, 0x30, 0x30, 0x30, 0x20, 0xFF, 0xFC, 0x30, 0xC3, 0x0C, 0x38, 0xF1, 0xC7, 0x1C, 0x00, 0x00,
    0x01, 0xD8, 0x09, 0x00, 0x00, 0xC0, 0x3C, 0x03, 0xC0, 0x3C, 0x03, 0xF8, 0x3F, 0xF3, 0xE7, 0x3E,
    0x3B, 0xE3, 0xBE, 0x33, 0xFF, 0x3F, 0xE3, 0x00, 0x03, 0x60, 0x6C, 0x00, 0x0C, 0x0F, 0x81, 0xF0,
    0x3F, 0xE7, 0xFE, 0xF8, 0xFF, 0x1F, 0xFF, 0x7F, 0xEE, 0x7F, 0xBF, 0xDC, 0x0E, 0x07, 0x07, 0xF3,
    0xF8, 0xE0, 0x70, 0x38, 0x1E, 0x0F, 0x01, 0x80, 0xC1, 0xC0, 0x40, 0x7E, 0xFD, 0x83, 0x0F, 0xCC,
    0x18, 0x38, 0x78, 0x70, 0xC3, 0x86, 0x00, 0xE1, 0xCC, 0x31, 0xCC, 0x1F, 0x81, 0xE0, 0x38, 0x07,
    0x80, 0xF0, 0x37, 0x0E, 0x71, 0x87, 0x60, 0xF0, 0x0E, 0x01, 0x80, 0x70, 0x0C, 0xE3, 0x3B, 0x8D,
    0x87, 0x81, 0xC1, 0xE0, 0xD8, 0xCF, 0xE3, 0x80, 0xC0, 0x60, 0x70, 0x30, 0xE1, 0xD8, 0x67, 0x30,
    0xFC, 0x1E, 0x1F, 0xE7, 0xF8, 0xF8, 0x37, 0x1C, 0xE6, 0x1B, 0x07, 0xE3, 0x3B, 0x8D, 0x8F, 0xE7,
    0xF1, 0xE0, 0xD8, 0xCE, 0xE3, 0x80, 0x21, 0xBF, 0xEC, 0x63, 0x18, 0xC6, 0x31, 0x8C, 0x60, 0x00,
    0x23, 0x3E, 0xF1, 0x8C, 0x63, 0x18, 0xC6, 0x31, 0x8C, 0x00, 0x77, 0xDE, 0x77, 0xDE, 0xFF, 0xFF,
    0xC0, 0x7E, 0xFF, 0x7F, 0x7F, 0xFF, 0xFF, 0xFF, 0x7F, 0xFF, 0x7F, 0xFF, 0xFF, 0xFF, 0x7F, 0xFF,
    0xDB, 0x6D, 0xB6, 0xDB, 0x6D, 0xB6, 0xDB, 0x6D, 0xB6, 0xDB, 0x6D, 0xB6, 0xD8, 0x00, 0x7F, 0x7F,
    0x7F, 0x7F, 0x6F, 0xEC, 0x7F, 0x68, 0x66, 0x6C, 0x00, 0xDD, 0xB2, 0x6D, 0xBF, 0xF6, 0xD8, 0x6F,
    0xFD, 0xB6, 0x90, 0x6C, 0xD9, 0xB6, 0xC0, 0x80, 0xDB, 0x76, 0xDB, 0x24, 0x30, 0x60, 0xC7, 0xFF,
    0xE6, 0x0C, 0x18, 0x30, 0x60, 0xC1, 0x83, 0x00, 0x30, 0x60, 0xC7, 0xFF, 0xE6, 0x0C, 0x18, 0xF7,
    0xFC, 0xC1, 0x83, 0x00, 0x0F, 0xFF, 0xF0, 0x87, 0x3D, 0xEC, 0x00, 0x1B, 0xA0, 0x01, 0xDF, 0xBA,
    0x20, 0x00, 0x1D, 0xCF, 0xB9, 0xA2, 0x20, 0x1F, 0xA0, 0x07, 0xF1, 0x8C, 0x63, 0x18, 0xC6, 0x31,
    0x8C, 0x00, 0x07, 0xC6, 0x31, 0x8C, 0x63, 0x18, 0xC6, 0x31, 0x80, 0xFF, 0xFF, 0x66, 0x66, 0x66,
    0x66, 0x66, 0x00, 0xFF, 0x8F, 0x66, 0x66, 0x66, 0x66, 0x66, 0x00, 0xFF, 0x1F, 0x66, 0x66, 0x66,
    0x66, 0x66, 0x00, 0x00, 0x00, 0x0F, 0x0C, 0x01, 0xB3, 0x00, 0x26, 0x60, 0x0C, 0xD8, 0x01, 0x9B,
    0x43, 0x1B, 0xFE, 0xF3, 0xFE, 0xDB, 0x36, 0xDB, 0x60, 0xDB, 0xCC, 0x33, 0x6D, 0x8E, 0x6D, 0xB1,
    0x87, 0xBC, 0x00, 0x41, 0x00, 0x00, 0x00, 0x00, 0x3C, 0x30, 0x00, 0x1B, 0x18, 0x00, 0x1D, 0x98,
    0x00, 0x0C, 0xD8, 0x00, 0x06, 0x6D, 0x84, 0x11, 0xBF, 0xEF, 0xBE, 0xFF, 0xB6, 0xDB, 0x36, 0xCF,
    0x7D, 0x83, 0x67, 0xBE, 0xC3, 0x33, 0xDB, 0x61, 0x9B, 0x6D, 0xB1, 0x87, 0x9E, 0xF8, 0x01, 0x04,
    0x10, 0x31, 0x98, 0xC4, 0x00, 0x36, 0x36, 0x6C, 0x6C, 0x48, 0x36, 0xC6, 0xD9, 0xB6, 0x36, 0x85,
    0xB0, 0xE3, 0x0C, 0x61, 0x00, 0xF8, 0xD8, 0xF1, 0xB1, 0x20, 0xFB, 0x1B, 0xE3, 0xD8, 0xDB, 0x12,
    0xC0, 0x10, 0x60, 0xE3, 0x44, 0xD8, 0x80, 0x19, 0x9D, 0xC6, 0x18, 0x60, 0x43, 0x0C, 0x73, 0x31,
    0x80, 0x00, 0x01, 0x8C, 0x67, 0x33, 0x8E, 0x1C, 0x1C, 0xE0, 0x3F, 0x06, 0x79, 0x99, 0xE6, 0x0F,
    0xC0, 0x73, 0x83, 0x87, 0x1C, 0xCE, 0x63, 0x18, 0x08, 0x00, 0xCD, 0x9B, 0x36, 0x6C, 0xD9, 0xB3,
    0x66, 0xCC, 0x03, 0xB7, 0x64, 0x40, 0x01, 0xFB, 0xF9, 0xB3, 0x66, 0xCF, 0x1C, 0x30, 0x60, 0x01,
    0x83, 0x00, 0x00, 0x7F, 0xDF, 0xF0, 0x80, 0x70, 0x37, 0x18, 0xFC, 0x0C, 0x0F, 0xC6, 0x1B, 0x03,
    0x00, 0x00, 0x0C, 0x30, 0x86, 0x18, 0xC3, 0x1C, 0x79, 0x2C, 0xC0, 0x00, 0xC0, 0x00, 0x18, 0x00,
    0x0B, 0x20, 0x03, 0xFC, 0x00, 0x3F, 0x80, 0x03, 0xC0, 0x00, 0xEC, 0x00, 0x4D, 0x90, 0x18, 0x07,
    0x03, 0x00, 0xC3, 0xFC, 0xFB, 0xFF, 0x9F, 0xF3, 0xC0, 0x70, 0x7C, 0x1F, 0x1D, 0x83, 0x61, 0x20,
    0x00, 0x77, 0xDE, 0x01, 0x80, 0x60, 0x30, 0x0C, 0x06, 0x03, 0x00, 0xC0, 0x60, 0x18, 0x0C, 0x06,
    0x01, 0x80, 0xFF, 0xCC, 0xCC, 0xFF, 0xCC, 0xCC, 0xCF, 0xF0, 0xFF, 0xCE, 0x73, 0x9F, 0xFF, 0x39,
    0xCE, 0x73, 0xFF, 0xC0, 0x00, 0x03, 0xF7, 0xEF, 0xFF, 0xC1, 0x83, 0x06, 0x0C, 0x38, 0x71, 0xC3,
    0x8E, 0x1C, 0x30, 0x60, 0xC1, 0x80, 0x00, 0x0C, 0x18, 0x30, 0x60, 0x00, 0x00, 0x00, 0x1F, 0x9B,
    0xFB, 0x03, 0x60, 0x6C, 0x1D, 0x87, 0x31, 0xC6, 0x30, 0xC6, 0x18, 0x00, 0x18, 0x63, 0x0C, 0x00,
    0x80, 0x00, 0x37, 0xED, 0xFF, 0x03, 0xC0, 0xF0, 0x7C, 0x3B, 0x1C, 0xC6, 0x31, 0x80, 0x03, 0x98,
    0xE6, 0x10, 0x80, 0xFF, 0xBF, 0xC0, 0xC0, 0xC0, 0x60, 0x60, 0x70, 0x30, 0x30, 0x00, 0xFE, 0x7F,
    0xB7, 0xFB, 0xFD, 0xFE, 0xFF, 0x7F, 0xBE, 0xDE, 0x6C, 0x36, 0x1B, 0x0D, 0x86, 0xC3, 0x60, 0x00,
    0x3F, 0xDF, 0xF7, 0xED, 0xFB, 0x7E, 0xDF, 0xB7, 0xED, 0xFF, 0x1F, 0x80, 0xFF, 0x7F, 0xF7, 0xFB,
    0xFD, 0xFE, 0xFF, 0x7F, 0xFE, 0xFE, 0x00, 0x1C, 0x0E, 0x13, 0x5F, 0xF7, 0xF1, 0xF0, 0xD8, 0x6C,
    0x0E, 0xE0, 0x00, 0x00, 0x66, 0x63, 0x00, 0x0C, 0x0F, 0xC6, 0x1B, 0x03, 0x00, 0x00, 0x00, 0x00,
    0x00, 0x00, 0x00, 0x00, 0x00, 0x00, 0x00, 0x00, 0x08, 0x07, 0x03, 0x71, 0x8F, 0xC0, 0x1C, 0x0E,
    0x13, 0x5F, 0xF7, 0xF1, 0xF0, 0xD8, 0x6C, 0x1C, 0x0E, 0x13, 0x5F, 0xF7, 0xF1, 0xF0, 0xD8, 0x6C,
    0x01, 0x9B, 0x30, 0xE1, 0x83, 0x0C, 0x18, 0x70, 0xC1, 0x86, 0x6C, 0xC0, 0x00, 0x18, 0x00, 0xFF,
    0x0F, 0x1F, 0xF4, 0x03, 0xC0, 0x1E, 0x1F, 0xE6, 0x0F, 0x03, 0x08, 0x16, 0x9F, 0xC7, 0xCF, 0xFF,
    0xFC, 0xFC, 0xDE, 0x0C, 0x00, 0x00, 0x00, 0x03, 0x03, 0x00, 0x00, 0x00, 0x60, 0x60, 0x00, 0x00,
    0x00, 0x03, 0x07, 0x02, 0x36, 0xD9, 0xBF, 0x9B, 0x6C, 0xD6, 0xC5, 0xB4, 0x00, 0x00, 0x00, 0x38,
    0x00, 0xC0, 0x00, 0x00, 0x00, 0x00, 0x01, 0x80, 0x6C, 0x03, 0x00, 0x00, 0x00, 0x00, 0x00, 0x06,
    0x00, 0x70, 0x01, 0x00, 0x00, 0x03, 0x00, 0xD8, 0x06, 0x00, 0x00, 0x00, 0x00, 0x00, 0x0C, 0x00,
    0x60, 0x00, 0x00, 0x00, 0x00, 0x00, 0xC0, 0x36, 0x01, 0xA0, 0x08, 0x0D, 0x80, 0x00, 0x00, 0x36,
    0x00, 0x04, 0x01, 0xC0, 0x30, 0x00, 0x00, 0x00, 0x00, 0x18, 0x33, 0x06, 0x00, 0x00, 0x00, 0x00,
    0x07, 0x00, 0xE0, 0x08, 0x00, 0x02, 0x00, 0x18, 0x0C, 0xDC, 0x66, 0xE2, 0x32, 0x01, 0x83, 0xFF,
    0xFF, 0xFF, 0x03, 0x00, 0x18, 0x0C, 0xD8, 0x66, 0xC0, 0x30, 0x01, 0x00, 0xDF, 0x01, 0xBE, 0x03,
    0xF4, 0x1F, 0x8D, 0xF6, 0xF8, 0x7E, 0x80, 0xFF, 0x6F, 0x66, 0x66, 0x66, 0x66, 0x66, 0x00, 0xFF,
    0x9F, 0x66, 0x66, 0x66, 0x66, 0x66, 0x00, 0xFF, 0x66, 0x66, 0x66, 0x66, 0x66, 0x66, 0x00, 0x06,
    0xFF, 0x66, 0x66, 0x66, 0x66, 0x66, 0x00, 0x6F, 0xF6, 0x66, 0x66, 0x66, 0x66, 0x66, 0x00, 0xEE,
    0x6F, 0x66, 0x66, 0x66, 0x66, 0x66, 0x00, 0x21, 0xEC, 0xF3, 0xCF, 0x3C, 0xDE, 0x20, 0x15, 0x55,
    0x40, 0x00, 0x63, 0x9E, 0xDB, 0xFF, 0xC6, 0x00, 0x01, 0xEC, 0x3C, 0xF8, 0x30, 0xFE, 0x20, 0x19,
    0xEE, 0x3E, 0xFF, 0x3C, 0xDE, 0x30, 0x03, 0xF1, 0x86, 0x18, 0xC3, 0x18, 0x00, 0x31, 0xEC, 0xFE,
    0x7B, 0x7C, 0xFE, 0x30, 0x33, 0xEC, 0xF3, 0xFD, 0xF1, 0x9E, 0x60, 0x20, 0xCF, 0xBE, 0x30, 0x80,
    0xFB, 0xE0, 0x7B, 0xEF, 0xBE, 0x0F, 0x69, 0x36, 0xCC, 0x19, 0xB6, 0xDB, 0x58, 0x19, 0xF4, 0xD1,
    0x45, 0x14, 0x40, 0x21, 0xEC, 0xF3, 0xCF, 0x3C, 0xDE, 0x20, 0x07, 0xF3, 0x33, 0x33, 0x00, 0x33,
    0xE5, 0x86, 0x18, 0xC6, 0x3E, 0x00, 0x33, 0xE1, 0x86, 0x78, 0x30, 0xFE, 0x20, 0x00, 0x63, 0x9E,
    0xDB, 0xFF, 0xC6, 0x00, 0x01, 0xEC, 0x3C, 0xF8, 0x30, 0xFE, 0x20, 0x19, 0xEE, 0x3E, 0xFF, 0x3C,
    0xDE, 0x30, 0x03, 0xF1, 0x86, 0x18, 0xC3, 0x18, 0x00, 0x31, 0xEC, 0xFE, 0x7B, 0x7C, 0xFE, 0x30,
    0x33, 0xEC, 0xF3, 0xFD, 0xF1, 0x9E, 0x60, 0x20, 0xCF, 0xBE, 0x30, 0x80, 0xFB, 0xE0, 0x7B, 0xEF,
    0xBE, 0x0F, 0x69, 0x36, 0xCC, 0x19, 0xB6, 0xDB, 0x58, 0x78, 0x37, 0xFB, 0xDD, 0xE0, 0x79, 0x3F,
    0xF0, 0x69, 0xE0, 0x7B, 0x3C, 0x71, 0x6D, 0xE0, 0xCD, 0xE3, 0x1C, 0x7B, 0x30, 0x78, 0x37, 0xFF,
    0xDD, 0xE0, 0x41, 0x07, 0xDB, 0x45, 0x14, 0x51, 0x41, 0x04, 0xD6, 0x71, 0xC5, 0x93, 0x55, 0x55,
    0x7F, 0x9B, 0x34, 0xCD, 0x33, 0x4C, 0xD3, 0x30, 0x7D, 0xB4, 0x51, 0x45, 0x10, 0x7C, 0xD9, 0x12,
    0x26, 0xCF, 0x10, 0x20, 0x7E, 0x1C, 0x7D, 0xF8, 0x4F, 0x44, 0x46, 0x70, 0x00, 0x1F, 0x1D, 0x1C,
    0x0C, 0xFE, 0x7F, 0xB0, 0xD8, 0x7F, 0x8F, 0xC3, 0x01, 0x80, 0xF8, 0x05, 0x83, 0xE3, 0xF8, 0xFE,
    0x6F, 0x1A, 0xCF, 0xB3, 0xE8, 0x7E, 0x1F, 0x87, 0x60, 0xFE, 0x3F, 0x0F, 0x00, 0x00, 0x0F, 0xCF,
    0xEE, 0x06, 0x03, 0x2D, 0xBE, 0xDC, 0x6C, 0x36, 0x1F, 0x07, 0xB1, 0xF8, 0x30, 0x3F, 0x9F, 0xCC,
    0x06, 0x03, 0x01, 0xF8, 0xFE, 0x60, 0x7C, 0x7E, 0x0C, 0x06, 0x00, 0x00, 0x0F, 0xCF, 0xE6, 0x03,
    0x03, 0xF3, 0xF8, 0x60, 0xFE, 0x3F, 0x0C, 0x1F, 0xFF, 0xF8, 0x00, 0x00, 0x03, 0x00, 0x0C, 0x3F,
    0xFE, 0xFF, 0xFB, 0x8C, 0x7C, 0x31, 0xF1, 0xC7, 0xC7, 0x1F, 0x3C, 0x7C, 0xF1, 0xF6, 0xC7, 0x18,
    0x00, 0x40, 0x00, 0x73, 0x1C, 0xC7, 0xB1, 0xEC, 0xFF, 0xFF, 0xEF, 0xFF, 0xFF, 0x67, 0x19, 0xC6,
    0x71, 0x8C, 0xFC, 0x0F, 0xE0, 0xC6, 0x0C, 0x6C, 0xC6, 0xCC, 0xFF, 0xFD, 0xEF, 0x0C, 0xC0, 0xCC,
    0x0C, 0xC0, 0xCC, 0x0F, 0x00, 0x00, 0xFC, 0x07, 0xE0, 0x33, 0x81, 0x8D, 0xEC, 0xFF, 0x7E, 0xC3,
    0xF7, 0x1B, 0x1E, 0xCC, 0x76, 0x61, 0xF3, 0xED, 0x8F, 0xE0, 0x04, 0x00, 0xCE, 0x79, 0xCF, 0x39,
    0xB7, 0x36, 0xFF, 0xFF, 0xFF, 0xFB, 0xDE, 0x7B, 0xC7, 0x38, 0xE7, 0x18, 0xC0, 0xFE, 0x7F, 0xEF,
    0x0D, 0xED, 0xBD, 0xB7, 0xB6, 0xF6, 0xDE, 0xDB, 0xDB, 0x7B, 0x0F, 0x7F, 0xEF, 0xE0, 0x01, 0x81,
    0xF8, 0x7F, 0x00, 0xC3, 0xF8, 0xFF, 0x18, 0x63, 0x0C, 0x61, 0x8C, 0x31, 0x86, 0x39, 0xC3, 0xF8,
    0x10, 0x0F, 0xF1, 0xFE, 0x00, 0x07, 0xE3, 0xF8, 0xC0, 0x30, 0x3F, 0xCF, 0xF1, 0xF8, 0xFE, 0x1C,
    0x03, 0x00, 0xFE, 0x1F, 0x80, 0x80, 0x61, 0x9C, 0xE7, 0x71, 0xD8, 0x7C, 0x3F, 0xEF, 0xF9, 0xF8,
    0x76, 0x1C, 0xC7, 0x39, 0xC7, 0xFF, 0xFF, 0xE0, 0xC0, 0x3C, 0x0F, 0x07, 0x07, 0xF0, 0xB8, 0x1C,
    0x1F, 0x02, 0xC0, 0x30, 0x00, 0x00, 0xFE, 0x00, 0xFF, 0x00, 0x33, 0x80, 0x31, 0x80, 0x31, 0xC0,
    0x31, 0xC0, 0x31, 0xDE, 0x71, 0xBF, 0x63, 0xB3, 0x67, 0x73, 0x7F, 0x77, 0xFC, 0x7E, 0x00, 0x68,
    0x00, 0x60, 0x00, 0xE0, 0x00, 0xC0, 0x00, 0x07, 0x83, 0xE1, 0xB0, 0xD8, 0x6C, 0x3C, 0x0E, 0x06,
    0x1F, 0x9F, 0xCF, 0x6D, 0xB8, 0x0C, 0x06, 0x0F, 0x0F, 0x00, 0x7E, 0x1F, 0xCF, 0xFF, 0xFF, 0xFF,
    0xBF, 0xF7, 0xF1, 0xF8, 0x60, 0x18, 0x06, 0x01, 0x80, 0x06, 0x07, 0xF7, 0xFD, 0x98, 0xE6, 0x31,
    0x8C, 0x7F, 0x1F, 0xC6, 0xF1, 0xBE, 0x6D, 0xFF, 0x3F, 0xC1, 0x80, 0x40, 0x0C, 0x03, 0xC0, 0x78,
    0x0F, 0x0F, 0xFD, 0xFF, 0x8C, 0xE7, 0xFE, 0x61, 0x8C, 0x3B, 0x03, 0x60, 0x60, 0x00, 0x3F, 0x9F,
    0xC0, 0x70, 0x3F, 0xFC, 0x7D, 0xFF, 0xFF, 0xF0, 0x38, 0x0F, 0xF7, 0xF8, 0x60, 0x04, 0x0F, 0xE7,
    0xFB, 0x90, 0xE4, 0x31, 0x0C, 0x43, 0x10, 0xC4, 0x31, 0x0E, 0x41, 0xFE, 0x3F, 0x81, 0x80, 0x40,
    0x22, 0x19, 0x8F, 0xFF, 0xFF, 0x66, 0x19, 0x86, 0x61, 0x98, 0x66, 0x19, 0xD6, 0x3C, 0x02, 0x00,
    0x00, 0x7E, 0x0F, 0xE0, 0xC0, 0x0C, 0x00, 0xE0, 0x07, 0x80, 0x3E, 0x00, 0xEF, 0xFF, 0xED, 0xFE,
    0xDE, 0x7F, 0xC2, 0xF8, 0x24, 0x80, 0xFF, 0xFF, 0xFF, 0xFF, 0xF1, 0xC0, 0xE0, 0x70, 0x38, 0x1C,
    0x0E, 0x07, 0x03, 0x80, 0xFF, 0x7E, 0x18, 0xFF, 0x18, 0xF8, 0xF0, 0xE0, 0x60, 0x30, 0x38, 0x18,
    0x30, 0x0C, 0x83, 0xE3, 0xE0, 0xFE, 0x1F, 0x0F, 0x18, 0xC6, 0x31, 0x8C, 0xE3, 0xF0, 0xF8, 0x00,
    0x00, 0x00, 0x07, 0x80, 0x36, 0x01, 0xB0, 0x0F, 0xFF, 0x1F, 0xFC, 0x60, 0x63, 0xDB, 0x1F, 0xF8,
    0xE9, 0x8F, 0x00, 0x5F, 0x80, 0x7E, 0x00, 0x40, 0x03, 0x00, 0x18, 0x00, 0xC0, 0x1F, 0x03, 0xFE,
    0x3D, 0xB9, 0x8C, 0xCC, 0x67, 0x63, 0x1B, 0x10, 0xD8, 0x06, 0xC0, 0x30, 0x7F, 0x1F, 0xE7, 0x19,
    0xC6, 0x71, 0x9D, 0xEF, 0xF3, 0xE0, 0xFC, 0x3F, 0x07, 0x01, 0xC0, 0x1B, 0x03, 0xE1, 0xFF, 0x3D,
    0xED, 0xBF, 0xB6, 0xF6, 0xDE, 0x53, 0xC0, 0x1C, 0x01, 0x80, 0x3F, 0xE7, 0xFC, 0x3C, 0x3C, 0xFE,
    0xFF, 0xE3, 0xE3, 0xE7, 0xFE, 0xFF, 0xE3, 0xE3, 0xE3, 0xFF, 0xFE, 0x3C, 0x3C, 0x00, 0x3F, 0x7E,
    0x60, 0x60, 0xE0, 0xE0, 0x60, 0x7E, 0x3F, 0x0C, 0x7F, 0x7E, 0x00, 0x00, 0x08, 0x00, 0x10, 0x00,
    0x30, 0x00, 0xFF, 0xFF, 0x60, 0x00, 0x30, 0x00, 0x18, 0x00, 0x08, 0x00, 0x08, 0x0C, 0x0F, 0x0D,
    0xCC, 0x90, 0x40, 0x20, 0x10, 0x08, 0x04, 0x02, 0x01, 0x00, 0x80, 0x40, 0x20, 0x10, 0x00, 0x00,
    0x00, 0x0C, 0x00, 0x03, 0x00, 0x00, 0xCF, 0xFF, 0xF0, 0x00, 0x30, 0x00, 0x30, 0x00, 0x30, 0x00,
    0x10, 0x00, 0x08, 0x04, 0x02, 0x01, 0x00, 0x80, 0x40, 0x20, 0x10, 0x08, 0x04, 0x02, 0x19, 0x26,
    0xE1, 0xE0, 0x60, 0x10, 0x00, 0x00, 0x04, 0x0C, 0x04, 0x03, 0x06, 0x00, 0xCF, 0xFF, 0xF3, 0x00,
    0x30, 0xC0, 0x30, 0x30, 0x10, 0x08, 0x10, 0x00, 0x00, 0x04, 0x07, 0x07, 0xC6, 0xB6, 0x48, 0x20,
    0x10, 0x08, 0x04, 0x02, 0x01, 0x0C, 0x93, 0x70, 0xF0, 0x30, 0x08, 0x00, 0x00, 0x07, 0xF0, 0x18,
    0x00, 0xE0, 0x05, 0x80, 0x22, 0x01, 0x08, 0x00, 0x20, 0x00, 0x80, 0x02, 0x00, 0x08, 0x00, 0x20,
    0x00, 0x00, 0x00, 0x00, 0x1F, 0x80, 0x0C, 0x00, 0xA0, 0x09, 0x00, 0x88, 0x08, 0x40, 0x80, 0x08,
    0x00, 0x80, 0x08, 0x00, 0x80, 0x00, 0x00, 0x00, 0x00, 0x02, 0x00, 0x18, 0x00, 0x60, 0x01, 0x80,
    0x06, 0x00, 0x18, 0x40, 0x62, 0x01, 0x90, 0x06, 0x80, 0x1C, 0x07, 0xE0, 0x01, 0x00, 0x00, 0x00,
    0x00, 0x80, 0x08, 0x00, 0x80, 0x08, 0x00, 0x81, 0x08, 0x08, 0x80, 0x48, 0x02, 0x80, 0x18, 0x01,
    0xFC, 0x04, 0x00, 0x00, 0x00, 0x01, 0xFF, 0xFC, 0x00, 0x03, 0xF8, 0x03, 0x00, 0x07, 0x00, 0x0B,
    0x00, 0x11, 0x00, 0x21, 0x00, 0x01, 0x00, 0x01, 0x00, 0x01, 0x00, 0x01, 0x00, 0x01, 0x00, 0x00,
    0x00, 0x84, 0x00, 0x88, 0x00, 0x90, 0x00, 0xE0, 0x00, 0xFF, 0xFF, 0xB0, 0x00, 0x98, 0x00, 0x8C,
    0x01, 0x00, 0x11, 0x00, 0x09, 0x00, 0x07, 0xFF, 0xFF, 0x00, 0x0D, 0x00, 0x19, 0x00, 0x31, 0x00,
    0x00, 0x00, 0x00, 0x00, 0x0C, 0x00, 0x03, 0x00, 0x00, 0xCF, 0xFF, 0xF0, 0x00, 0x38, 0x00, 0x30,
    0x00, 0x10, 0x08, 0x10, 0x0C, 0x00, 0x0C, 0x00, 0x0C, 0x00, 0x0F, 0xFF, 0xF1, 0x80, 0x00, 0x40,
    0x00, 0x10, 0x00, 0x00, 0x00, 0x00, 0x08, 0x10, 0x0C, 0x10, 0x1C, 0x10, 0x3A, 0x10, 0x49, 0x10,
    0x08, 0x10, 0x08, 0x10, 0x08, 0x10, 0x08, 0x10, 0x08, 0x10, 0x08, 0x10, 0x08, 0x91, 0x08, 0xD6,
    0x08, 0x7C, 0x08, 0x38, 0x08, 0x18, 0x00, 0x00, 0x00, 0x00, 0x04, 0x00, 0x04, 0x00, 0x04, 0x00,
    0x0F, 0xFF, 0xF3, 0x00, 0x00, 0xC0, 0x00, 0x30, 0x00, 0x08, 0x10, 0x00, 0x04, 0x00, 0x03, 0x00,
    0x00, 0xEF, 0xFF, 0xF0, 0x00, 0x30, 0x00, 0x30, 0x00, 0x30, 0x00, 0x00, 0x00, 0x00, 0x00, 0x06,
    0x00, 0x06, 0x00, 0x06, 0x00, 0x07, 0xFF, 0xF0, 0x00, 0x00, 0x00, 0x00, 0x00, 0x00, 0x00, 0x00,
    0x00, 0x00, 0x3F, 0xFF, 0xC0, 0x00, 0xC0, 0x00, 0xC0, 0x00, 0xC0, 0x00, 0x40, 0x00, 0x00, 0x00,
    0x0C, 0x00, 0x03, 0x00, 0x00, 0xCF, 0xFF, 0xF0, 0x00, 0x00, 0x00, 0x00, 0x00, 0x00, 0x00, 0x00,
    0x00, 0x00, 0x1F, 0xFF, 0xC6, 0x00, 0x01, 0x80, 0x00, 0x60, 0x00, 0x10, 0x00, 0x04, 0x00, 0x04,
    0x00, 0x08, 0x00, 0x1F, 0xFF, 0x30, 0x00, 0xE0, 0x00, 0x60, 0x00, 0x30, 0x00, 0x1F, 0xFF, 0x0C,
    0x00, 0x04, 0x00, 0x04, 0x00, 0x00, 0x20, 0x00, 0x08, 0x00, 0x06, 0x1F, 0xFF, 0x80, 0x00, 0x60,
    0x00, 0x18, 0x00, 0x0C, 0x00, 0x0C, 0xFF, 0xFC, 0x00, 0x0C, 0x00, 0x0C, 0x00, 0x04, 0x00, 0x04,
    0x20, 0x02, 0x08, 0x02, 0x06, 0x03, 0xFF, 0x83, 0x00, 0x67, 0x00, 0x19, 0x80, 0x0C, 0x60, 0x0C,
    0x1F, 0xFC, 0x06, 0x0C, 0x01, 0x0C, 0x00, 0x84, 0x00, 0x02, 0x00, 0x06, 0x00, 0x0A, 0x00, 0x33,
    0xFF, 0x60, 0x01, 0xC0, 0x01, 0xC0, 0x01, 0x20, 0x01, 0x13, 0xFF, 0x0E, 0x00, 0x06, 0x00, 0x02,
    0x00, 0x00, 0x00, 0x60, 0x0F, 0x01, 0x98, 0x10, 0xC2, 0x04, 0x40, 0x2F, 0x0F, 0x10, 0x81, 0x08,
    0x10, 0x81, 0x08, 0x10, 0x81, 0x08, 0x10, 0x81, 0xF8, 0x00, 0x40, 0x00, 0x60, 0x00, 0x50, 0xFF,
    0xCC, 0x80, 0x06, 0x80, 0x03, 0x80, 0x03, 0x80, 0x04, 0xFF, 0xC8, 0x00, 0x70, 0x00, 0x60, 0x00,
    0x40, 0x1F, 0x81, 0x08, 0x10, 0x81, 0x08, 0x10, 0x81, 0x08, 0x10, 0x81, 0x08, 0x10, 0x8F, 0x0F,
    0x60, 0x22, 0x04, 0x10, 0x80, 0x98, 0x07, 0x00, 0x60, 0x08, 0x10, 0x08, 0x18, 0x08, 0x3C, 0x08,
    0x76, 0x08, 0xD3, 0x08, 0x10, 0x08, 0x10, 0x08, 0x10, 0x08, 0x10, 0x08, 0x10, 0x08, 0x10, 0x49,
    0x10, 0x6B, 0x10, 0x3E, 0x10, 0x1C, 0x10, 0x08, 0x10, 0x00, 0x00, 0x40, 0x05, 0x00, 0x36, 0x00,
    0x88, 0x06, 0x30, 0x10, 0x7F, 0xC1, 0x82, 0x02, 0x18, 0x0C, 0x40, 0x13, 0x00, 0x68, 0x00, 0xE0,
    0x03, 0x00, 0x00, 0x00, 0x1E, 0x1D, 0x88, 0x60, 0x10, 0x09, 0xE5, 0x9B, 0x87, 0x81, 0x40, 0xA0,
    0xD8, 0xC7, 0xC0, 0xFF, 0xC0, 0x10, 0x04, 0x01, 0x00, 0x7F, 0xF0, 0x04, 0x01, 0x00, 0x40, 0x10,
    0x07, 0xFF, 0x0F, 0x81, 0xCF, 0x98, 0x1D, 0x80, 0xEC, 0x09, 0xC0, 0x8E, 0x08, 0x30, 0x81, 0xC8,
    0x1A, 0x80, 0x98, 0x0C, 0xF1, 0xC0, 0xFC, 0x00, 0x02, 0x00, 0x60, 0x07, 0x00, 0xD0, 0x09, 0x80,
    0x88, 0x18, 0xC1, 0x04, 0x30, 0x62, 0x02, 0x60, 0x24, 0x01, 0xFF, 0xF0, 0xFF, 0xF4, 0x01, 0x60,
    0x32, 0x02, 0x30, 0x61, 0x04, 0x10, 0xC0, 0x88, 0x09, 0x80, 0xD0, 0x05, 0x00, 0x60, 0x02, 0x00,
    0x1F, 0xF9, 0xC0, 0x18, 0x01, 0x80, 0x08, 0x00, 0x7F, 0xFE, 0x00, 0x18, 0x00, 0x40, 0x03, 0x80,
    0x07, 0xFE, 0x02, 0x00, 0xFF, 0xCE, 0x80, 0xC4, 0x0C, 0x20, 0x41, 0x03, 0xFF, 0xF0, 0x40, 0xC2,
    0x02, 0x10, 0x1C, 0x80, 0x3F, 0xF0, 0x20, 0x01, 0x00, 0x1F, 0x38, 0x10, 0x18, 0x0F, 0xE4, 0x03,
    0x00, 0xC0, 0x7E, 0x00, 0xFF, 0xC0, 0x07, 0x00, 0x0C, 0x00, 0x30, 0x00, 0xFF, 0xFC, 0x00, 0x20,
    0x03, 0x00, 0x10, 0x03, 0xBF, 0xF0, 0xFF, 0xC0, 0x60, 0x30, 0x18, 0x0C, 0x06, 0x03, 0x01, 0x80,
    0xC0, 0x60, 0x30, 0x18, 0x0C, 0x06, 0x02, 0xFF, 0xD0, 0x02, 0x00, 0x40, 0x08, 0x01, 0x00, 0x40,
    0x20, 0x10, 0x08, 0x04, 0x03, 0xFF, 0x7F, 0xFF, 0xC0, 0xFF, 0xF8, 0x00, 0x00, 0x80, 0x04, 0x00,
    0x20, 0x01, 0x00, 0x08, 0x1F, 0xFF, 0x02, 0x00, 0x10, 0x00, 0x80, 0x04, 0x00, 0x20, 0x00, 0x00,
    0x01, 0x00, 0x02, 0x00, 0x04, 0x00, 0x08, 0x00, 0x10, 0x00, 0x20, 0x00, 0x40, 0x00, 0x80, 0x01,
    0x00, 0x02, 0x00, 0x04, 0x00, 0x08, 0x00, 0x10, 0x00, 0x20, 0x00, 0x40, 0x00, 0x00, 0x00, 0x00,
    0x7F, 0x80, 0x20, 0x00, 0x30, 0x00, 0x10, 0x00, 0x08, 0x00, 0x0C, 0x00, 0x04, 0x00, 0x02, 0x00,
    0x03, 0x00, 0x01, 0x00, 0x09, 0x80, 0x0E, 0xC0, 0x07, 0x40, 0x00, 0xE0, 0x00, 0x60, 0x00, 0x30,
    0x00, 0x3C, 0x3D, 0xB9, 0xCC, 0x3C, 0x20, 0x60, 0xC1, 0xC3, 0x19, 0x87, 0xC3, 0xC0, 0x3C, 0x3C,
    0x6E, 0x76, 0xC3, 0xC3, 0x81, 0x81, 0xC3, 0xC3, 0xC6, 0x63, 0x7C, 0x3E, 0x80, 0x04, 0x00, 0x20,
    0x01, 0x00, 0x08, 0x00, 0x40, 0x02, 0x00, 0x10, 0x00, 0x80, 0x04, 0x00, 0x20, 0x01, 0x00, 0x0F,
    0xFF, 0x80, 0x00, 0x10, 0x00, 0xC0, 0x06, 0x00, 0x30, 0x01, 0x80, 0x0C, 0x00, 0x60, 0x03, 0x00,
    0x18, 0x00, 0xC0, 0x06, 0x00, 0x1F, 0xFF, 0xFF, 0xF8, 0x02, 0x01, 0x80, 0x44, 0x33, 0x08, 0x86,
    0x61, 0x10, 0xCC, 0x22, 0x19, 0x84, 0x41, 0x30, 0x08, 0x00, 0x00, 0x02, 0x01, 0x82, 0x44, 0xF3,
    0x18, 0x86, 0x61, 0xD0, 0xDC, 0x23, 0x19, 0xE4, 0x49, 0x30, 0x08, 0x00, 0x00, 0x01, 0x00, 0x0C,
    0x00, 0x38, 0x01, 0xA0, 0x04, 0xC0, 0x31, 0x00, 0x86, 0x06, 0x08, 0x10, 0x30, 0xC0, 0x42, 0x01,
    0x98, 0x02, 0x40, 0x0C, 0x00, 0x00, 0x40, 0x05, 0x00, 0x36, 0x00, 0x88, 0x06, 0x30, 0x10, 0x40,
    0xC1, 0x82, 0x02, 0x18, 0x0C, 0x40, 0x13, 0x00, 0x68, 0x00, 0xE0, 0x03, 0x00, 0x00, 0x00, 0x1F,
    0x0F, 0x71, 0x83, 0x60, 0x38, 0x03, 0x00, 0x60, 0x0C, 0x01, 0x80, 0x30, 0x06, 0x00, 0xC0, 0x18,
    0x02, 0x80, 0x30, 0x06, 0x00, 0xC0, 0x18, 0x03, 0x00, 0x60, 0x0C, 0x01, 0x80, 0x38, 0x0F, 0x01,
    0x38, 0xE3, 0xF0, 0x0E, 0x30, 0x40, 0x81, 0x02, 0x04, 0x08, 0x10, 0x20, 0x40, 0x83, 0x06, 0x38,
    0x00, 0x0E, 0x38, 0xC3, 0x04, 0x18, 0x20, 0x81, 0x04, 0x08, 0x20, 0x41, 0x02, 0x08, 0x10, 0x40,
    0x82, 0x04, 0x10, 0x20, 0x83, 0x04, 0x18, 0x63, 0x8E, 0x00, 0x0E, 0x77, 0x0C, 0x63, 0x06, 0x23,
    0x02, 0x11, 0x81, 0x08, 0xC0, 0x84, 0x60, 0x42, 0x30, 0x21, 0x18, 0x10, 0x8C, 0x08, 0x46, 0x04,
    0x23, 0x02, 0x11, 0x81, 0x18, 0xC1, 0x8C, 0x43, 0x9C, 0xE0, 0x0E, 0x30, 0x40, 0x81, 0x07, 0x15,
    0x2A, 0x54, 0x70, 0x40, 0x81, 0x06, 0x38, 0x00, 0x06, 0x00, 0x60, 0x00, 0x00, 0x00, 0x00, 0x00,
    0x00, 0x00, 0x00, 0x00, 0xC0, 0x3C, 0x03, 0xC0, 0x3C, 0x03, 0x00, 0x00, 0x00, 0x00, 0x00, 0x00,
    0x00, 0x00, 0x00, 0x06, 0x00, 0x60, 0xF0, 0x00, 0xF0, 0xC0, 0x78, 0x0C, 0x00, 0x00, 0x00, 0x00,
    0x00, 0x00, 0x00, 0x00, 0xC0, 0x78, 0x0C, 0x38, 0x3C, 0x60, 0x66, 0xC0, 0xC3, 0x81, 0x81, 0xC1,
    0x03, 0xC6, 0x03, 0x7C, 0x1E, 0x3E, 0x0D, 0xDC, 0x64, 0x1F, 0x00, 0x00, 0x00, 0x00, 0x00, 0x07,
    0xFF, 0xC0, 0x3E, 0x0D, 0xDC, 0x64, 0x1F, 0x00, 0x00, 0x00, 0x01, 0xFF, 0xF0, 0x00, 0x1F, 0xFF,
    0x3C, 0x0F, 0x39, 0xE0, 0xFC, 0x00, 0x07, 0xC1, 0xF3, 0x9A, 0x07, 0x80, 0x78, 0x3E, 0xC0, 0xE3,
    0x80, 0x81, 0x81, 0x01, 0xC7, 0x03, 0x7C, 0x1E, 0x00, 0x00, 0x00, 0x00, 0x7F, 0xFE, 0x00, 0x00,
    0x7F, 0xFE, 0x00, 0x00, 0x0C, 0x00, 0x40, 0x02, 0x00, 0x30, 0x7F, 0xFC, 0x08, 0x00, 0xC0, 0xFF,
    0xF8, 0x20, 0x03, 0x00, 0x10, 0x00, 0x80, 0x00, 0xFF, 0xF8, 0x00, 0x00, 0x01, 0xFF, 0xF0, 0x00,
    0x00, 0x00, 0x00, 0x1F, 0xFF, 0x00, 0x00, 0x0C, 0x00, 0x41, 0xFF, 0xF0, 0x30, 0x01, 0x03, 0xFF,
    0xE0, 0xC0, 0x04, 0x00, 0x20, 0x3F, 0xFE, 0x10, 0x00, 0x80, 0x00, 0x00, 0x00, 0x00, 0x00, 0x70,
    0x0F, 0x00, 0xF0, 0x0E, 0x01, 0xE0, 0x07, 0x00, 0x07, 0x80, 0x43, 0x81, 0xC3, 0xC1, 0xE1, 0xC0,
    0xE0, 0x00, 0xF0, 0x00, 0x70, 0x00, 0x00, 0x00, 0x07, 0x00, 0x0E, 0x00, 0x1E, 0x00, 0x1C, 0x00,
    0x3C, 0x01, 0xE0, 0x38, 0x0F, 0x09, 0xC1, 0xF8, 0x78, 0x0E, 0x03, 0xC0, 0x70, 0x00, 0x00, 0x00,
    0x00, 0x00, 0x00, 0xF0, 0x0E, 0x01, 0xE0, 0x3C, 0x01, 0xC0, 0x03, 0x80, 0x03, 0xC0, 0x01, 0xE0,
    0x01, 0xE0, 0x00, 0xC0, 0x00, 0x7F, 0xFC, 0x00, 0x00, 0x00, 0x1F, 0xFF, 0x40, 0x01, 0xC0, 0x01,
    0xE0, 0x00, 0xE0, 0x00, 0xF0, 0x00, 0x70, 0x07, 0x80, 0xF0, 0x0E, 0x01, 0xE0, 0x04, 0x00, 0x00,
    0x00, 0x7F, 0xFC, 0x00, 0x00, 0x00, 0x1F, 0xFF, 0x00, 0x46, 0x03, 0x18, 0x0C, 0xE0, 0x73, 0x01,
    0x9C, 0x0E, 0x60, 0x31, 0x80, 0x33, 0x00, 0x31, 0x80, 0x19, 0x80, 0x19, 0xC0, 0x1C, 0xC0, 0x0C,
    0xC0, 0x00, 0x00, 0x84, 0x00, 0xCC, 0x00, 0xC6, 0x00, 0xE6, 0x00, 0x67, 0x00, 0x73, 0x00, 0x33,
    0x00, 0xC6, 0x03, 0x38, 0x1C, 0xC0, 0x67, 0x03, 0x98, 0x0C, 0x60, 0x00, 0x00, 0x00, 0x02, 0x00,
    0x08, 0x70, 0x27, 0x00, 0xF0, 0x07, 0x00, 0x78, 0x07, 0x20, 0x1C, 0x80, 0x1E, 0x00, 0x1C, 0x00,
    0x3C, 0x00, 0x9C, 0x02, 0x1C, 0x08, 0x00, 0x01, 0x03, 0x84, 0x03, 0x90, 0x03, 0xC0, 0x03, 0x80,
    0x07, 0x80, 0x13, 0xC0, 0x4F, 0x01, 0xE0, 0x0E, 0x00, 0xF0, 0x0E, 0x40, 0xE1, 0x00, 0x04, 0x00,
    0x00, 0x08, 0x03, 0xC0, 0x78, 0x0E, 0x03, 0xC0, 0x70, 0x01, 0xC0, 0x03, 0xC0, 0x03, 0x80, 0x07,
    0x80, 0x06, 0x00, 0x03, 0xC0, 0xF3, 0x8E, 0x0F, 0xC0, 0x80, 0x07, 0x00, 0x0F, 0x00, 0x0E, 0x00,
    0x1E, 0x00, 0x1C, 0x03, 0xC0, 0x70, 0x1E, 0x03, 0x80, 0x30, 0x00, 0x00, 0x03, 0xC0, 0xF3, 0x8E,
    0x0F, 0xC0, 0x00, 0x1C, 0x03, 0xC0, 0x78, 0x0F, 0x00, 0x70, 0x00, 0x78, 0x04, 0x7C, 0x1E, 0x3C,
    0x0F, 0x1C, 0x07, 0x80, 0x03, 0xC0, 0x1E, 0x01, 0xE0, 0x3C, 0x07, 0x80, 0x10, 0x00, 0x70, 0x00,
    0x78, 0x00, 0x7C, 0x00, 0x3C, 0x00, 0x1C, 0x03, 0xC0, 0x78, 0xCF, 0x1E, 0x63, 0xC0, 0x78, 0x07,
    0x80, 0x1E, 0x00, 0x0F, 0x00, 0x07, 0x80, 0x03, 0xC0, 0x00, 0x1F, 0xF9, 0xC0, 0x18, 0x01, 0x80,
    0x08, 0x00, 0x40, 0x02, 0x00, 0x18, 0x00, 0x40, 0x03, 0x80, 0x07, 0xFE, 0xFF, 0xC0, 0x07, 0x00,
    0x0C, 0x00, 0x30, 0x01, 0x80, 0x04, 0x00, 0x20, 0x03, 0x00, 0x30, 0x03, 0xBF, 0xF0, 0x00, 0x30,
    0xFF, 0xCE, 0x18, 0xC0, 0x8C, 0x0C, 0x40, 0x42, 0x06, 0x10, 0x20, 0xC2, 0x02, 0x30, 0x1D, 0x00,
    0x3F, 0xF0, 0x80, 0x00, 0x00, 0x00, 0x87, 0xFE, 0x00, 0x78, 0x04, 0x60, 0x61, 0x82, 0x0C, 0x30,
    0x21, 0x01, 0x18, 0x18, 0x81, 0x8C, 0x1D, 0xFF, 0x86, 0x00, 0x00, 0x00, 0x3F, 0xFB, 0x80, 0x30,
    0x01, 0x00, 0x08, 0x00, 0x40, 0x03, 0x00, 0x0C, 0x00, 0x3F, 0xF8, 0x00, 0x00, 0x00, 0x00, 0x0F,
    0xFF, 0x80, 0xFF, 0xC0, 0x03, 0x80, 0x04, 0x00, 0x30, 0x01, 0x80, 0x0C, 0x00, 0x40, 0x0E, 0xFF,
    0xE0, 0x00, 0x00, 0x00, 0x00, 0x0F, 0xFF, 0x80, 0x3F, 0xFB, 0x80, 0x30, 0x01, 0x00, 0x08, 0x00,
    0x40, 0x03, 0x00, 0x0C, 0x00, 0x3F, 0xF8, 0x00, 0x00, 0x40, 0x06, 0x0F, 0xFF, 0x82, 0x00, 0x00,
    0x00, 0xFF, 0xC0, 0x03, 0x80, 0x04, 0x00, 0x30, 0x01, 0x80, 0x0C, 0x00, 0x40, 0x0E, 0xFF, 0xE0,
    0x00, 0x00, 0x40, 0x06, 0x0F, 0xFF, 0x82, 0x00, 0x00, 0x00, 0x0F, 0x81, 0xCF, 0x18, 0x8C, 0x84,
    0x2C, 0x21, 0xC1, 0x0E, 0xFF, 0xB0, 0x41, 0xC2, 0x1E, 0x10, 0x98, 0x8C, 0x71, 0xC1, 0xF8, 0x00,
    0x0F, 0x81, 0xCF, 0x18, 0x0C, 0x80, 0x2C, 0x01, 0xC0, 0x0E, 0xFF, 0xB0, 0x01, 0xC0, 0x1E, 0x00,
    0x98, 0x0C, 0x71, 0xC1, 0xF8, 0x00, 0x0F, 0x81, 0xCF, 0x18, 0x0C, 0xA0, 0xAD, 0x89, 0xC6, 0x8E,
    0x1C, 0x30, 0xE1, 0xC9, 0x9E, 0x86, 0x98, 0x0C, 0x71, 0xC1, 0xF8, 0x00, 0x0F, 0x81, 0xCF, 0x18,
    0x0C, 0x80, 0xAC, 0x09, 0xC0, 0x8E, 0x08, 0x30, 0x81, 0xC8, 0x1E, 0x80, 0x98, 0x0C, 0x71, 0xC1,
    0xF8, 0x00, 0x0F, 0x81, 0xCF, 0x18, 0x0C, 0x80, 0x2C, 0x01, 0xC0, 0x0E, 0x18, 0x30, 0xC1, 0xC0,
    0x1E, 0x00, 0x98, 0x0C, 0x71, 0xC1, 0xF8, 0x00, 0xFF, 0xFE, 0x00, 0x18, 0x00, 0x66, 0x19, 0x8C,
    0xC6, 0x1E, 0x18, 0x30, 0x60, 0xC1, 0x84, 0x86, 0x21, 0x19, 0x02, 0x60, 0x01, 0x80, 0x07, 0xFF,
    0xF0, 0x02, 0x00, 0x10, 0x00, 0x80, 0x04, 0x00, 0x20, 0x01, 0x00, 0x08, 0x00, 0x40, 0x02, 0x00,
    0x10, 0x00, 0x81, 0xFF, 0xF0, 0x00, 0x08, 0x00, 0xC0, 0x0E, 0x00, 0xD0, 0x0C, 0x80, 0xC4, 0x0C,
    0x20, 0xC1, 0x0C, 0x08, 0xC0, 0x4C, 0x02, 0xC0, 0x1F, 0xFF, 0x80, 0x00, 0x00, 0x00, 0xF0, 0x3E,
    0x0F, 0x80, 0x78, 0x00, 0x7C, 0x00, 0x1F, 0x00, 0x07, 0x7F, 0xFF, 0x00, 0x07, 0xC0, 0x01, 0xF0,
    0x00, 0xF8, 0x03, 0xE0, 0xF8, 0x3E, 0x00, 0xC0, 0x00, 0x00, 0x01, 0xE0, 0x01, 0xF8, 0x00, 0x7C,
    0x00, 0x3C, 0x0F, 0x83, 0xF0, 0x1C, 0x00, 0x7F, 0xFC, 0x00, 0x30, 0x0F, 0x81, 0xF0, 0x7C, 0x00,
    0xF8, 0x00, 0x7C, 0x00, 0x1F, 0x00, 0x04, 0xC6, 0x16, 0x31, 0xC0, 0x86, 0x18, 0x61, 0x00, 0x76,
    0xE3, 0xB7, 0x00, 0x11, 0x18, 0x8C, 0xC4, 0x66, 0x22, 0x31, 0x11, 0x88, 0x84, 0x00, 0x0F, 0x00,
    0x38, 0x30, 0xC0, 0x73, 0x00, 0xEC, 0x01, 0x78, 0x36, 0xE0, 0x7C, 0xC0, 0xA1, 0x87, 0x03, 0x1E,
    0x0F, 0x24, 0x1E, 0x60, 0x66, 0x61, 0xC6, 0xCF, 0x07, 0x78, 0x00, 0x04, 0x00, 0x60, 0x02, 0x00,
    0x1F, 0xE1, 0x03, 0x18, 0x18, 0x81, 0x8C, 0x08, 0xC8, 0xC4, 0x3C, 0x00, 0xC0, 0x01, 0x80, 0x06,
    0x00, 0x00, 0x00, 0x10, 0x01, 0x80, 0x08, 0x20, 0x81, 0xC8, 0x03, 0xC0, 0x0C, 0x00, 0x58, 0x04,
    0x62, 0x41, 0x96, 0x00, 0xA0, 0x06, 0x00, 0x20, 0x00, 0x0F, 0xE0, 0x38, 0xE0, 0xC0, 0x63, 0x00,
    0x6C, 0x00, 0x70, 0x00, 0x60, 0x00, 0xC0, 0x01, 0x80, 0x03, 0x00, 0x07, 0x00, 0x1B, 0x00, 0x67,
    0x01, 0xC7, 0x07, 0x03, 0xF8, 0x00, 0x04, 0x21, 0x84, 0x21, 0x84, 0x20, 0xC1, 0x82, 0x0C, 0x18,
    0x20, 0xC1, 0x40, 0xC0, 0x80, 0x81, 0x81, 0x01, 0x03, 0x04, 0x18, 0x60, 0x83, 0x0C, 0x10, 0x00,
    0x1A, 0x2C, 0xD1, 0x66, 0x8A, 0x34, 0x50, 0xB0, 0xA1, 0x61, 0x42, 0x42, 0x86, 0x81, 0x50, 0x58,
    0x28, 0x24, 0x14, 0x1A, 0x0A, 0x09, 0x0B, 0x1A, 0x16, 0x34, 0x28, 0x68, 0x50, 0x00, 0xFE, 0x08,
    0x20, 0x82, 0x08, 0x20, 0x82, 0x08, 0x00, 0x00, 0x10, 0x41, 0x04, 0x10, 0x41, 0x04, 0x10, 0x7F,
    0xFF, 0x06, 0xFD, 0x0A, 0x14, 0x28, 0x50, 0xA1, 0x43, 0x80, 0x0E, 0x14, 0x28, 0x50, 0xA1, 0x42,
    0x85, 0x0B, 0xF7, 0xF8, 0xFF, 0xFD, 0xCE, 0x63, 0x18, 0xC6, 0x31, 0x8E, 0x73, 0xDF, 0x00, 0x7D,
    0xF3, 0xCF, 0x1C, 0x71, 0xC3, 0x0C, 0x31, 0xC7, 0x1C, 0xF3, 0xDF, 0xFF, 0xF0, 0x00, 0x00, 0x0F,
    0xFF, 0x02, 0x00, 0x20, 0x02, 0x00, 0x20, 0x02, 0x00, 0x20, 0x02, 0x00, 0x20, 0xFF, 0xFF, 0xFF,
    0xFF, 0xFF, 0xFF, 0xFF, 0xFF, 0xFC, 0x00, 0x00, 0x00, 0x00, 0x00, 0xFF, 0xFF, 0xFF, 0xFF, 0xFF,
    0xFF, 0xFF, 0xFF, 0xFC, 0x03, 0xE8, 0x88, 0x88, 0x88, 0x88, 0x88, 0xC7, 0x10, 0x03, 0x0E, 0x10,
    0x84, 0x21, 0x08, 0x42, 0x10, 0x84, 0x6E, 0x40, 0xFD, 0x12, 0x45, 0x0A, 0x18, 0x30, 0x60, 0xC1,
    0x82, 0x85, 0x09, 0x11, 0x3F, 0x00, 0xFE, 0x44, 0x48, 0x50, 0xE1, 0xC1, 0x83, 0x06, 0x1C, 0x38,
    0x51, 0x24, 0x7F, 0x80, 0x08, 0xEE, 0xEE, 0xA2, 0x8A, 0x28, 0xA2, 0x8A, 0x28, 0xA2, 0xCD, 0xDF,
    0x18, 0x43, 0xCD, 0xDD, 0x14, 0x51, 0x45, 0x14, 0x51, 0x45, 0x14, 0xDC, 0xFE, 0x60, 0xFD, 0x29,
    0x4A, 0x52, 0x94, 0xA5, 0x29, 0x4A, 0x53, 0xE0, 0xF9, 0x4A, 0x52, 0x94, 0xA5, 0x29, 0x4A, 0x52,
    0x97, 0xE0, 0x3F, 0x00, 0x61, 0x83, 0x40, 0xE6, 0x00, 0x7C, 0xC3, 0x87, 0x87, 0x0C, 0x18, 0xE6,
    0x06, 0x31, 0x80, 0x41, 0xC1, 0x92, 0x70, 0x60, 0x00, 0x1F, 0xFC, 0x3F, 0xFC, 0x3F, 0xFC, 0x3F,
    0xFC, 0x3F, 0xFC, 0x7F, 0xFE, 0xFD, 0xFF, 0x95, 0xFD, 0xDD, 0xDF, 0x64, 0x16, 0x37, 0x6C, 0x1D,
    0xF8, 0x0F, 0xF0, 0xFF, 0xFE, 0x08, 0x63, 0x18, 0xC6, 0x31, 0x8C, 0x63, 0x18, 0x84, 0x20, 0x00,
    0xC0, 0x62, 0x31, 0x18, 0x8C, 0x46, 0x23, 0x11, 0x88, 0xC4, 0x62, 0x31, 0x18, 0x08, 0x04, 0x02,
    0x00, 0x21, 0x01, 0x0C, 0x18, 0x30, 0x80, 0x44, 0x01, 0x40, 0x06, 0x00, 0x30, 0x02, 0xC0, 0x23,
    0x06, 0x0C, 0xE0, 0x2C, 0x00, 0x00, 0x20, 0x11, 0x18, 0xC8, 0x2C, 0x33, 0xF0, 0xF8, 0xC6, 0xC1,
    0xC0, 0x60, 0x38, 0x37, 0x71, 0xF0, 0x01, 0x00, 0x0C, 0x00, 0x30, 0x00, 0x40, 0xFF, 0xFC, 0x03,
    0x00, 0x0C, 0x00, 0x30, 0x00, 0x00, 0xFF, 0xFC, 0x00, 0x00, 0x00, 0x00, 0x00, 0x00, 0x00, 0xFF,
    0xC0, 0x01, 0x00, 0x0C, 0x00, 0x30, 0x00, 0x40, 0xFF, 0xFC, 0x00, 0x00, 0x00, 0x00, 0x00, 0x3F,
    0xF0, 0x00, 0x00, 0x00, 0x00, 0x00, 0x00, 0x03, 0xFF, 0xF0, 0x01, 0x00, 0x04, 0x00, 0x10, 0x1F,
    0xFC, 0x3F, 0xF0, 0x00, 0xC1, 0x02, 0x06, 0x18, 0x0C, 0x40, 0x1A, 0x00, 0x38, 0x01, 0xB0, 0x1C,
    0x31, 0xC0, 0x30, 0xF7, 0x80, 0xFF, 0x80, 0xF7, 0x80, 0xF7, 0x80, 0xF0, 0xF3, 0xC0, 0xC1, 0xC1,
    0xE1, 0xB1, 0x98, 0x88, 0x86, 0xC6, 0xC3, 0xC1, 0xC0, 0x01, 0x01, 0x80, 0x80, 0xC0, 0x40, 0x60,
    0x20, 0x30, 0x10, 0x18, 0x18, 0x0C, 0x0C, 0x06, 0x02, 0x01, 0x80, 0xC0, 0x20, 0x18, 0x04, 0x03,
    0x00, 0x80, 0x60, 0x18, 0x04, 0x03, 0x00, 0x80, 0x60, 0x10, 0x0C, 0x02, 0x00, 0x01, 0x00, 0x60,
    0x08, 0x03, 0x00, 0x40, 0x18, 0x02, 0x10, 0xCA, 0x11, 0xA6, 0x11, 0x80, 0x30, 0x0C, 0x01, 0x80,
    0x20, 0x06, 0x00, 0xC0, 0x08, 0x01, 0x80, 0x10, 0x03, 0x00, 0x20, 0x06, 0x00, 0x60, 0x04, 0x00,
    0xC0, 0x08, 0x01, 0x80, 0x10, 0x03, 0x00, 0x20, 0x00, 0x01, 0x03, 0x02, 0x06, 0x04, 0x0C, 0x08,
    0x18, 0x10, 0x30, 0x20, 0x60, 0x40, 0xC0, 0x80, 0x80, 0x01, 0x00, 0x60, 0x08, 0x03, 0x00, 0x40,
    0x18, 0x02, 0x10, 0xCA, 0x11, 0x66, 0x10, 0x80, 0x30, 0x04, 0x01, 0x80, 0x20, 0x04, 0x00, 0x40,
    0x20, 0x18, 0x04, 0x03, 0x00, 0x80, 0x60, 0x10, 0x0C, 0x02, 0x01, 0x80, 0x40, 0x30, 0x08, 0x06,
    0x01, 0x0F, 0xF0, 0x1C, 0x38, 0x30, 0x0C, 0x60, 0x06, 0x5F, 0xFB, 0xC0, 0x03, 0x80, 0x01, 0x9F,
    0xF9, 0x81, 0x81, 0xC1, 0x83, 0x41, 0x83, 0x61, 0x86, 0x31, 0x8C, 0x1D, 0xB8, 0x0F, 0xF0, 0x01,
    0x01, 0x42, 0x42, 0x22, 0x22, 0x26, 0x26, 0x14, 0x34, 0x14, 0x14, 0x1C, 0x1C, 0x08, 0x08, 0x0C,
    0x0C, 0x14, 0x14, 0x14, 0x14, 0x26, 0x22, 0x22, 0x22, 0x43, 0x43, 0xC1, 0xC1, 0x00, 0x00, 0x01,
    0x00, 0x02, 0x00, 0x04, 0x00, 0x08, 0x00, 0x10, 0x1F, 0xFF, 0xC0, 0x40, 0x00, 0x80, 0x01, 0x00,
    0x02, 0x00, 0x04, 0x00, 0x08, 0x00, 0x10, 0x00, 0x20, 0x00, 0x40, 0x00, 0x04, 0x40, 0x08, 0x80,
    0x11, 0x00, 0x22, 0x00, 0x44, 0x1F, 0xFF, 0xC1, 0x10, 0x02, 0x20, 0x04, 0x40, 0x08, 0x80, 0x11,
    0x00, 0x22, 0x00, 0x44, 0x00, 0x88, 0x01, 0x10, 0x00, 0x08, 0x08, 0x08, 0x88, 0x08, 0x88, 0x08,
    0x88, 0x08, 0x88, 0x7F, 0xFF, 0x08, 0x88, 0x08, 0x88, 0x08, 0x88, 0x18, 0x88, 0x18, 0x88, 0x10,
    0x88, 0x10, 0x88, 0x30, 0x88, 0x20, 0x08, 0x00, 0x00, 0x40, 0x30, 0x0C, 0x03, 0x00, 0xC0, 0x3A,
    0xF1, 0xC0, 0x60, 0x10, 0x06, 0x01, 0xC0, 0x70, 0xE0, 0xC0, 0x00, 0xFF, 0xFC, 0x00, 0xE0, 0x0F,
    0x00, 0xD8, 0x0C, 0xC0, 0xC6, 0x0C, 0x30, 0xC1, 0x88, 0x0C, 0x80, 0x68, 0x03, 0x80, 0x1F, 0xFF,
    0x80, 0x13, 0x80, 0xFD, 0x03, 0x33, 0x04, 0x02, 0x00, 0x06, 0x00, 0x04, 0x00, 0x0C, 0x00, 0x08,
    0x00, 0x18, 0x00, 0x18, 0x00, 0x10, 0x00, 0x30, 0xDF, 0xDF, 0x00, 0x04, 0x00, 0x04, 0x00, 0x18,
    0xF2, 0x31, 0x3C, 0x60, 0x20, 0x87, 0xF0, 0x87, 0xE3, 0x1F, 0xC4, 0x04, 0x04, 0x10, 0x18, 0x00,
    0x30, 0x00, 0x77, 0xF7, 0x80, 0xFF, 0xC0, 0x78, 0xF4, 0x5B, 0x4C, 0xE6, 0x63, 0x31, 0x94, 0xDB,
    0x68, 0xB8, 0x78, 0x0F, 0xFC, 0x0C, 0x01, 0xFB, 0xFE, 0x04, 0xC1, 0xFC, 0x73, 0xDA, 0xCE, 0x71,
    0x8C, 0x33, 0x8F, 0xD3, 0x01, 0xC0, 0x04, 0x00, 0x67, 0x3F, 0xF0, 0x10, 0x80, 0x84, 0x07, 0xF0,
    0xF2, 0xCD, 0x33, 0x49, 0x0E, 0x70, 0x63, 0x07, 0x38, 0x2F, 0x46, 0x00, 0xE0, 0x80, 0x10, 0x12,
    0x01, 0x40, 0x28, 0x07, 0x80, 0x71, 0x0E, 0x61, 0x68, 0x0F, 0x00, 0x80, 0x04, 0x03, 0x20, 0x09,
    0x00, 0x28, 0x01, 0x40, 0x0F, 0x00, 0x38, 0x01, 0xC2, 0x0A, 0x30, 0x19, 0x00, 0x70, 0x00, 0x30,
    0x1F, 0x80, 0x00, 0x07, 0xF7, 0x0C, 0x02, 0x01, 0x01, 0x80, 0x81, 0xC7, 0x80, 0x00, 0x3E, 0x00,
    0xF8, 0x00, 0x00, 0x01, 0xFC, 0xE0, 0xC0, 0x08, 0x01, 0x00, 0x20, 0x0C, 0x01, 0x00, 0x60, 0x70,
    0x38, 0x00, 0x10, 0x03, 0xE0, 0x00, 0x00, 0x87, 0xF0, 0x04, 0x01, 0x00, 0x60, 0x1E, 0x04, 0x41,
    0x0C, 0xC0, 0xF0, 0x1E, 0x00, 0x1E, 0x00, 0x00, 0x01, 0x87, 0xFC, 0x00, 0xC0, 0x0C, 0x00, 0xC0,
    0x0E, 0x00, 0xD8, 0x0C, 0x40, 0xC2, 0x0C, 0x18, 0xC0, 0x7C, 0x00, 0x01, 0x00, 0x16, 0xCF, 0xE3,
    0x10, 0x11, 0x00, 0x1F, 0xC7, 0x86, 0xD0, 0x29, 0x06, 0xD1, 0xC7, 0x78, 0x08, 0x00, 0x20, 0x00,
    0x80, 0x02, 0xEC, 0xFE, 0x18, 0x20, 0x30, 0x80, 0x03, 0xF8, 0x3E, 0x71, 0xE0, 0x4C, 0x81, 0x22,
    0x04, 0xC8, 0x71, 0xE7, 0x00, 0x04, 0x00, 0x08, 0x00, 0x30, 0x00, 0x60, 0xC3, 0xF8, 0x9F, 0x19,
    0x82, 0x11, 0x0C, 0x23, 0x10, 0x42, 0x20, 0x80, 0xC1, 0x01, 0x06, 0x06, 0x0C, 0x08, 0xB0, 0x13,
    0xE0, 0x00, 0x00, 0x00, 0x00, 0x0E, 0x0C, 0x0A, 0x0C, 0x0C, 0x08, 0x10, 0x3F, 0x98, 0xF8, 0xC8,
    0x18, 0x44, 0x10, 0x44, 0x10, 0x46, 0x10, 0x42, 0x20, 0xC0, 0x20, 0xC0, 0x60, 0xC0, 0x49, 0x80,
    0xCF, 0x00, 0x00, 0x00, 0x18, 0x00, 0x58, 0xFF, 0x80, 0x10, 0x00, 0x5B, 0xFF, 0x80, 0x18, 0x00,
    0x41, 0x0F, 0x18, 0x18, 0x80, 0x06, 0x00, 0x3C, 0x20, 0x7F, 0x00, 0x00, 0x0C, 0x06, 0x28, 0x05,
    0xFB, 0xFE, 0x40, 0x10, 0x00, 0x16, 0x3F, 0xF8, 0x00, 0x60, 0x00, 0x40, 0x43, 0xC1, 0x83, 0x82,
    0x00, 0x06, 0x00, 0x0F, 0x08, 0x07, 0xF0, 0x00, 0x00, 0x00, 0x80, 0xC0, 0x81, 0x81, 0x81, 0x80,
    0x80, 0x60, 0x18, 0x06, 0x01, 0x80, 0x60, 0x18, 0x06, 0x00, 0x00, 0x20, 0x08, 0x06, 0x01, 0x84,
    0x62, 0xD8, 0x2E, 0x00, 0x40, 0x06, 0x00, 0x60, 0x06, 0x00, 0x60, 0x06, 0x00, 0x60, 0x40, 0x21,
    0x00, 0x84, 0x02, 0x30, 0x0F, 0xC7, 0xFA, 0x00, 0x88, 0x02, 0x20, 0x08, 0xA0, 0x22, 0x81, 0x8E,
    0x06, 0x30, 0x10, 0x40, 0xC0, 0x04, 0x00, 0x00, 0x08, 0x80, 0xA9, 0x01, 0x52, 0x02, 0x0C, 0x05,
    0x99, 0xFF, 0x20, 0x10, 0x40, 0x20, 0x80, 0x41, 0x00, 0x83, 0x81, 0x06, 0x06, 0x0C, 0x0C, 0x08,
    0x30, 0x00, 0xC0, 0x00, 0x00, 0x00, 0x0F, 0xF8, 0x00, 0x00, 0x00, 0x00, 0x00, 0x00, 0x06, 0x00,
    0x80, 0x10, 0x03, 0x80, 0xBF, 0xF0, 0x00, 0x10, 0x00, 0xA0, 0x03, 0x9F, 0xF4, 0x00, 0x00, 0x00,
    0x00, 0x00, 0x00, 0x00, 0x00, 0x02, 0x00, 0x08, 0x00, 0x20, 0x00, 0x80, 0x03, 0x81, 0x83, 0xFC,
    0x00, 0x00, 0x00, 0x08, 0x00, 0x40, 0x02, 0xFF, 0xFE, 0x00, 0x40, 0x03, 0x00, 0x08, 0x00, 0x61,
    0x0F, 0x18, 0x00, 0x80, 0x06, 0x00, 0x1C, 0x30, 0x7F, 0x00, 0x00, 0x00, 0x00, 0xB0, 0x11, 0x40,
    0x44, 0x01, 0x3B, 0xFF, 0x80, 0x08, 0x00, 0x30, 0x00, 0x40, 0x01, 0x82, 0x1E, 0x18, 0x00, 0x40,
    0x01, 0x80, 0x03, 0x86, 0x07, 0xF0, 0x80, 0x10, 0x02, 0x00, 0x40, 0x08, 0x01, 0x00, 0x20, 0x04,
    0x00, 0x80, 0x10, 0x06, 0x01, 0xE0, 0x6E, 0x78, 0xFC, 0x00, 0x80, 0x10, 0x12, 0x0B, 0x41, 0xA8,
    0x11, 0x00, 0x20, 0x04, 0x00, 0x80, 0x10, 0x02, 0x01, 0xC0, 0x6C, 0x38, 0xFC, 0x00, 0x00, 0x80,
    0x01, 0x00, 0x02, 0x07, 0xFF, 0xF0, 0x08, 0x00, 0xF0, 0x03, 0x20, 0x06, 0x60, 0x08, 0xC0, 0x19,
    0x80, 0x1F, 0x00, 0x04, 0x00, 0x18, 0x00, 0xE0, 0x03, 0x00, 0x00, 0x00, 0x0C, 0x01, 0x28, 0x02,
    0x6F, 0xFF, 0xFC, 0x08, 0x00, 0x10, 0x01, 0xE0, 0x06, 0x40, 0x08, 0x80, 0x19, 0x00, 0x3E, 0x00,
    0x04, 0x00, 0x10, 0x00, 0xC0, 0x03, 0x00, 0x00, 0x00, 0x20, 0x10, 0x40, 0x20, 0x80, 0x41, 0x00,
    0xFF, 0xFF, 0x84, 0x02, 0x08, 0x04, 0x10, 0x09, 0xE0, 0x10, 0x00, 0x20, 0x00, 0x60, 0x00, 0xFF,
    0x80, 0x00, 0x00, 0x00, 0x00, 0x00, 0x0B, 0x82, 0x05, 0x41, 0x02, 0x60, 0x81, 0x00, 0x4F, 0xFB,
    0xFF, 0x40, 0x10, 0x20, 0x08, 0x10, 0x04, 0x18, 0x02, 0x3C, 0x01, 0x00, 0x00, 0xC0, 0x00, 0x3F,
    0xE0, 0x00, 0x00, 0x00, 0x20, 0x7F, 0x80, 0x0C, 0x00, 0x60, 0x02, 0x00, 0x3F, 0xF7, 0xFC, 0x00,
    0xC0, 0x06, 0x00, 0x10, 0x00, 0x40, 0x01, 0x80, 0x03, 0x80, 0x07, 0xC0, 0x00, 0x20, 0x3F, 0xC0,
    0x03, 0x50, 0x0C, 0xF0, 0x30, 0x81, 0xFF, 0x9F, 0xF0, 0x01, 0x80, 0x06, 0x00, 0x08, 0x00, 0x10,
    0x00, 0x30, 0x00, 0x38, 0x00, 0x3E, 0x00, 0x00, 0x00, 0x08, 0x00, 0x10, 0x00, 0x7C, 0x0F, 0xF0,
    0x01, 0x00, 0x02, 0x3F, 0x0C, 0x00, 0x10, 0x00, 0x20, 0x00, 0xC4, 0x01, 0x08, 0x02, 0x18, 0x0C,
    0x3F, 0x90, 0x00, 0x00, 0x04, 0x06, 0x04, 0x0A, 0x05, 0xCD, 0x7F, 0x80, 0x0C, 0x00, 0x08, 0xFC,
    0x08, 0x00, 0x08, 0x00, 0x18, 0x00, 0x11, 0x00, 0x11, 0x00, 0x31, 0x00, 0x21, 0xC4, 0x60, 0xFE,
    0x00, 0x00, 0x00, 0x00, 0x60, 0x02, 0x0C, 0xFF, 0xC0, 0x80, 0x04, 0x00, 0x60, 0x02, 0x7E, 0x1E,
    0x39, 0xC0, 0x4C, 0x02, 0x00, 0x10, 0x01, 0x80, 0x78, 0x3F, 0x00, 0x00, 0x04, 0x08, 0x1E, 0x08,
    0x0A, 0x09, 0xF8, 0xFF, 0xC0, 0x08, 0x00, 0x18, 0x00, 0x13, 0xE0, 0x1E, 0x38, 0x30, 0x18, 0x20,
    0x08, 0x00, 0x18, 0x00, 0x18, 0x00, 0x70, 0x0F, 0xC0, 0x0F, 0xE7, 0xC3, 0x40, 0x10, 0x01, 0x00,
    0x10, 0x03, 0x01, 0xE0, 0xF8, 0x00, 0x00, 0x03, 0xF0, 0x7C, 0xEF, 0x00, 0xC0, 0x01, 0x00, 0x04,
    0x00, 0x10, 0x00, 0xC0, 0x02, 0x00, 0x38, 0x0F, 0x80, 0xF8, 0x00, 0x00, 0x00, 0x00, 0x38, 0x00,
    0x58, 0x00, 0x40, 0x7F, 0x07, 0x83, 0x38, 0x03, 0x00, 0x02, 0x00, 0x04, 0x00, 0x18, 0x00, 0x20,
    0x01, 0xC0, 0x1E, 0x01, 0xF0, 0x00, 0x07, 0xFF, 0xFF, 0x00, 0x18, 0x00, 0xC0, 0x02, 0x00, 0x18,
    0x00, 0x40, 0x01, 0x00, 0x06, 0x00, 0x18, 0x00, 0x30, 0x00, 0x78, 0x00, 0x70, 0x03, 0xFD, 0xFF,
    0xC0, 0x06, 0x00, 0x19, 0x60, 0x21, 0x40, 0xC3, 0x01, 0x00, 0x02, 0x00, 0x06, 0x00, 0x0C, 0x00,
    0x0C, 0x00, 0x0F, 0x00, 0x07, 0x00, 0x00, 0x08, 0x01, 0x80, 0x10, 0x62, 0x38, 0x3C, 0x06, 0x01,
    0x00, 0x40, 0x18, 0x02, 0x00, 0x60, 0x0E, 0x00, 0x7F, 0xC0, 0x00, 0x00, 0x51, 0x00, 0xA6, 0x03,
    0x88, 0x30, 0x23, 0x00, 0x70, 0x01, 0x80, 0x18, 0x00, 0x40, 0x03, 0x00, 0x08, 0x00, 0x30, 0x00,
    0x60, 0x60, 0xFF, 0x80, 0x00, 0x00, 0x08, 0x00, 0x10, 0x00, 0x79, 0x0F, 0xE3, 0x81, 0x01, 0x84,
    0x10, 0x08, 0x20, 0x20, 0x40, 0xC0, 0x81, 0x1F, 0x00, 0x73, 0x80, 0x85, 0xC1, 0x98, 0x01, 0xE0,
    0x00, 0x40, 0x01, 0x00, 0x04, 0x3F, 0xB0, 0x00, 0xC0, 0x03, 0x00, 0x08, 0x00, 0x20, 0x00, 0xA4,
    0x02, 0x90, 0x0C, 0x40, 0x31, 0xC6, 0xC3, 0xF9, 0x00, 0x00, 0x00, 0x00, 0x01, 0x80, 0x01, 0x80,
    0x43, 0xE0, 0x6F, 0x38, 0x39, 0x08, 0x31, 0x0C, 0x72, 0x04, 0xD2, 0x04, 0xDE, 0x0C, 0x8D, 0xFC,
    0x89, 0x9C, 0xF1, 0x1E, 0x01, 0xF0, 0x00, 0x00, 0x0C, 0x00, 0x0C, 0x00, 0x0C, 0xF0, 0xFF, 0x98,
    0x1E, 0x0C, 0x1C, 0x0C, 0x18, 0x04, 0x38, 0x04, 0x78, 0x04, 0x59, 0xFC, 0x99, 0x0E, 0x19, 0x8B,
    0x18, 0xF0, 0x18, 0x00, 0x0F, 0xC1, 0xF7, 0x98, 0x8C, 0x84, 0x3C, 0x20, 0xC3, 0x06, 0x10, 0x30,
    0x81, 0x88, 0x1E, 0xC0, 0x9C, 0x0C, 0x03, 0x80, 0x10, 0x00, 0x00, 0x01, 0x01, 0x04, 0x04, 0x30,
    0x10, 0xCF, 0xFA, 0x01, 0x08, 0x04, 0x20, 0x10, 0x80, 0x42, 0x81, 0x0E, 0x7E, 0x33, 0x1C, 0xC8,
    0x4F, 0x33, 0x0C, 0x78, 0x00, 0x00, 0x00, 0x80, 0xB9, 0x01, 0x56, 0x02, 0x6C, 0x05, 0x91, 0xFF,
    0x20, 0x10, 0x40, 0x20, 0x80, 0x41, 0x00, 0x83, 0x9F, 0x86, 0x63, 0x8C, 0x84, 0xD9, 0x98, 0x31,
    0xE0, 0x00, 0x00, 0x1C, 0x80, 0xAF, 0x01, 0x5C, 0x02, 0xE8, 0x05, 0x91, 0xFF, 0x20, 0x10, 0x40,
    0x20, 0x80, 0x41, 0x00, 0x83, 0x1F, 0x86, 0x63, 0x8C, 0x84, 0xD9, 0x98, 0x21, 0xE0, 0x00, 0x00,
    0x01, 0xF8, 0x8F, 0x82, 0x04, 0x08, 0x30, 0x30, 0x80, 0xC6, 0x03, 0x90, 0x0B, 0x40, 0x25, 0x01,
    0x84, 0x04, 0x18, 0x30, 0x73, 0x80, 0x7C, 0x00, 0x00, 0x04, 0x00, 0x28, 0x38, 0xFF, 0xE1, 0x41,
    0x82, 0x06, 0x06, 0x08, 0x0C, 0x30, 0x1C, 0x40, 0x2C, 0x80, 0x49, 0x00, 0x82, 0x03, 0x06, 0x04,
    0x0E, 0x30, 0x0F, 0xC0, 0x00, 0x00, 0x1C, 0x00, 0x2D, 0xF9, 0xCF, 0xC3, 0xF1, 0x02, 0x06, 0x04,
    0x08, 0x0C, 0x30, 0x1C, 0x40, 0x28, 0x80, 0x49, 0x01, 0x82, 0x02, 0x06, 0x0C, 0x0E, 0x30, 0x0F,
    0xC0, 0x00, 0x03, 0x00, 0x00, 0xC0, 0x00, 0x60, 0x00, 0x60, 0x00, 0x00, 0x03, 0x00, 0x01, 0x80,
    0x00, 0xC4, 0x0C, 0x46, 0x18, 0x62, 0x30, 0x21, 0x40, 0x61, 0x07, 0xC0, 0x00, 0x00, 0x03, 0x00,
    0x01, 0xCA, 0x00, 0x4F, 0x00, 0xC4, 0x00, 0x00, 0x02, 0x00, 0x01, 0x08, 0x01, 0x8C, 0x18, 0xC4,
    0x30, 0x46, 0xE0, 0x42, 0x8C, 0xC2, 0x0F, 0x80, 0x06, 0x00, 0x03, 0x8E, 0x00, 0xCB, 0x00, 0xCB,
    0x00, 0x8F, 0x00, 0x00, 0x02, 0x00, 0x01, 0x08, 0x01, 0x8C, 0x18, 0xC4, 0x30, 0x42, 0xE0, 0x42,
    0x8C, 0xC2, 0x0F, 0x80, 0x00, 0x00, 0x1E, 0x00, 0x24, 0x00, 0x84, 0x02, 0x04, 0x0C, 0x0C, 0x30,
    0x0C, 0x00, 0x0C, 0x00, 0x0C, 0x00, 0x0C, 0x00, 0x00, 0x00, 0x08, 0x00, 0x58, 0x18, 0xD0, 0x58,
    0x81, 0x18, 0x06, 0x18, 0x18, 0x18, 0x60, 0x10, 0x80, 0x10, 0x00, 0x10, 0x00, 0x10, 0x00, 0x00,
    0x00, 0x38, 0x00, 0x78, 0x38, 0x90, 0x49, 0xE1, 0x08, 0x06, 0x08, 0x18, 0x18, 0x60, 0x18, 0x80,
    0x18, 0x00, 0x18, 0x00, 0x18, 0x00, 0x00, 0x40, 0x19, 0x1F, 0xE4, 0x04, 0x30, 0x10, 0xC0, 0x42,
    0x3F, 0xF8, 0x04, 0x20, 0x10, 0xA0, 0x43, 0x9F, 0x8C, 0xC7, 0xB3, 0x13, 0xC7, 0xC0, 0x00, 0x00,
    0x00, 0x00, 0x00, 0x29, 0x1F, 0xFA, 0x3F, 0xDC, 0x04, 0x10, 0x08, 0x23, 0xFE, 0x40, 0x20, 0x80,
    0x41, 0x00, 0x83, 0x9F, 0x06, 0x73, 0x8C, 0x85, 0x99, 0x98, 0xB1, 0xE0, 0x00, 0x00, 0x00, 0x1E,
    0x00, 0x25, 0x1F, 0xFA, 0x02, 0x0C, 0x04, 0x10, 0x08, 0x23, 0xFE, 0x40, 0x20, 0x80, 0x41, 0x00,
    0x83, 0x9F, 0x06, 0x73, 0x8C, 0x85, 0x99, 0x98, 0xB1, 0xE0, 0x00, 0x00, 0x00, 0x00, 0x10, 0x00,
    0x84, 0xFF, 0xE0, 0x20, 0x01, 0x01, 0x09, 0xCF, 0xFE, 0x02, 0x00, 0x10, 0x0F, 0xC0, 0xC7, 0x84,
    0x23, 0x33, 0x08, 0xF0, 0x00, 0x00, 0x00, 0x7F, 0x00, 0x04, 0x00, 0x08, 0x00, 0x20, 0x80, 0x41,
    0x0F, 0xF6, 0x3A, 0x3C, 0xC8, 0x1D, 0x10, 0x2F, 0x40, 0xC7, 0x83, 0x00, 0x0C, 0x00, 0x30, 0x00,
    0x08, 0x00, 0x10, 0x00, 0x24, 0xC7, 0xF8, 0xC0, 0x80, 0xC1, 0x00, 0x8E, 0x00, 0x34, 0x00, 0x48,
    0x00, 0x90, 0x01, 0xE0, 0x23, 0x80, 0x41, 0x01, 0x83, 0x07, 0x03, 0xFC, 0x00, 0x00, 0x81, 0x04,
    0x08, 0x20, 0x5F, 0xC3, 0x97, 0x38, 0x8D, 0x68, 0x39, 0x41, 0x8C, 0x0C, 0x70, 0x66, 0x87, 0xE0,
    0x60, 0x1E, 0x00, 0x80, 0x00, 0x00, 0x20, 0x01, 0x00, 0xE8, 0x03, 0xFC, 0x02, 0x00, 0x30, 0x09,
    0x82, 0x7F, 0x98, 0x40, 0x42, 0x02, 0x10, 0x10, 0xC1, 0x83, 0x38, 0x0F, 0x80, 0x00, 0x00, 0x60,
    0x22, 0x02, 0x7E, 0x3E, 0x3F, 0x01, 0x98, 0x30, 0xBE, 0x0C, 0x00, 0x40, 0x04, 0x00, 0x60, 0x00,
    0x00, 0x02, 0x00, 0x0C, 0x00, 0x18, 0x08, 0x3E, 0x17, 0x9C, 0x70, 0x17, 0x80, 0x72, 0x01, 0x0C,
    0x9C, 0x13, 0xE0, 0x60, 0x00, 0x80, 0x02, 0x00, 0x0C, 0x00, 0x10, 0x00, 0x00, 0x04, 0x08, 0xC3,
    0x3E, 0x6F, 0x6B, 0x27, 0xC4, 0x70, 0x8E, 0x93, 0xDE, 0xF9, 0xF8, 0x30, 0x0C, 0x00, 0x00, 0x00,
    0x00, 0x18, 0x10, 0x41, 0x8F, 0xCC, 0xF7, 0x68, 0x8E, 0x84, 0x38, 0x21, 0xC1, 0x0E, 0xC8, 0xF3,
    0xCC, 0x8F, 0xC0, 0x20, 0x02, 0x00, 0x20, 0x00, 0x04, 0x01, 0x80, 0x30, 0x07, 0xE0, 0xC0, 0x18,
    0x03, 0x00, 0x20, 0x7F, 0x18, 0xF3, 0x31, 0x3E, 0x00, 0x02, 0x00, 0x10, 0x00, 0x80, 0x07, 0xE0,
    0x20, 0x01, 0x00, 0x08, 0x00, 0x40, 0x02, 0x03, 0xF8, 0x30, 0xF1, 0x04, 0x6E, 0x61, 0x3E, 0x00,
    0x38, 0x03, 0xF0, 0x00, 0x20, 0x04, 0x01, 0x80, 0x37, 0xF5, 0x83, 0xC0, 0x30, 0x04, 0x00, 0x80,
    0x30, 0x1C, 0x7E, 0x00, 0x40, 0x13, 0xC5, 0x99, 0xC3, 0x60, 0x70, 0x1C, 0x07, 0x01, 0x40, 0x50,
    0x30, 0x08, 0x06, 0x06, 0x07, 0x00, 0x00, 0x03, 0xFC, 0x01, 0x80, 0x30, 0x06, 0x00, 0xFC, 0x3C,
    0xE6, 0x03, 0xC0, 0x10, 0xE1, 0x1B, 0x11, 0x1B, 0x18, 0xE0, 0xF8, 0x00, 0x00, 0x0C, 0x00, 0x0C,
    0x00, 0x0C, 0x70, 0xFD, 0x98, 0x0E, 0x08, 0x1C, 0x18, 0x18, 0x18, 0x38, 0x10, 0x78, 0x10, 0x58,
    0x10, 0xD8, 0x10, 0x18, 0x13, 0x18, 0x1E, 0x08, 0x00, 0x00, 0x03, 0xFC, 0x01, 0x80, 0x30, 0x06,
    0x00, 0xFC, 0x1C, 0xE6, 0x03, 0xC0, 0x18, 0x01, 0x00, 0x30, 0x06, 0x1F, 0xC1, 0xF0, 0x08, 0x00,
    0x80, 0x18, 0x0F, 0xBE, 0x1C, 0x31, 0x81, 0x30, 0x17, 0x01, 0x50, 0x39, 0x06, 0x11, 0xC1, 0x00,
    0x00, 0x00, 0x18, 0x00, 0x30, 0x00, 0x60, 0x0F, 0xCF, 0x81, 0x61, 0x87, 0x81, 0x8C, 0x01, 0x38,
    0x02, 0xF0, 0x0D, 0x60, 0x1E, 0xC0, 0x61, 0x83, 0x83, 0x1C, 0x02, 0x00, 0x00, 0x00, 0x01, 0xF8,
    0x00, 0xC0, 0x04, 0x00, 0xFE, 0x0F, 0x18, 0xD0, 0x6C, 0x83, 0xC8, 0x0C, 0x40, 0x67, 0xF3, 0x28,
    0xBE, 0x67, 0x01, 0xF0, 0x1F, 0xE0, 0x01, 0x80, 0x0C, 0x00, 0x7F, 0x01, 0xC3, 0x0E, 0xE2, 0x03,
    0x64, 0x06, 0xF8, 0x0F, 0xE0, 0x18, 0x00, 0xC3, 0xC3, 0x1C, 0xCC, 0x30, 0xD0, 0x20, 0x80, 0x00,
    0x00, 0x10, 0x00, 0x4E, 0x1F, 0xF8, 0x08, 0x00, 0x20, 0x01, 0xF1, 0x8E, 0x78, 0x61, 0x81, 0x1E,
    0x00, 0xD8, 0x02, 0x60, 0x08, 0x00, 0x30, 0x40, 0x7F, 0x80, 0x01, 0x00, 0x06, 0x00, 0x08, 0x00,
    0x20, 0x00, 0xC0, 0x01, 0x00, 0x07, 0xE0, 0x0C, 0xC0, 0x30, 0x80, 0x41, 0x05, 0x82, 0x1A, 0x04,
    0x24, 0x0D, 0x98, 0x1E, 0x00, 0x3E, 0x00, 0x1E, 0x20, 0x02, 0xC0, 0x05, 0x3F, 0xD3, 0xC3, 0x80,
    0x06, 0x00, 0x08, 0x00, 0x20, 0x01, 0x80, 0x04, 0x00, 0x60, 0x07, 0x00, 0x70, 0x00, 0x00, 0x00,
    0x30, 0x00, 0x82, 0x03, 0xCC, 0xFF, 0x90, 0x62, 0x61, 0x08, 0x84, 0x22, 0x30, 0x80, 0x86, 0x06,
    0x18, 0x13, 0xC0, 0x40, 0x8C, 0x08, 0xC0, 0xF8, 0xFE, 0x80, 0x88, 0x08, 0x80, 0x8C, 0x08, 0xC1,
    0x8C, 0x10, 0x43, 0x00, 0x40, 0x22, 0x9C, 0x00, 0xEF, 0x9F, 0x24, 0x96, 0xC0, 0x7D, 0x9F, 0x00,
    0x60, 0x30, 0x10, 0x08, 0x04, 0x06, 0x06, 0x38, 0x20, 0x00, 0x05, 0x02, 0x58, 0xA6, 0x41, 0x80,
    0x40, 0x10, 0x04, 0x03, 0x0E, 0x0C, 0x00, 0x00, 0x00, 0x04, 0x00, 0x60, 0x02, 0x00, 0x3E, 0x01,
    0x1C, 0x08, 0x00, 0x80, 0x0F, 0xC0, 0x73, 0x06, 0x08, 0x20, 0x42, 0x02, 0x30, 0x33, 0x63, 0x01,
    0xF0, 0x7F, 0x00, 0x7F, 0xFF, 0xE0, 0x02, 0x04, 0x40, 0x48, 0x05, 0x00, 0xC0, 0x0C, 0x00, 0x80,
    0x10, 0x06, 0x00, 0x00, 0x00, 0xFF, 0xF8, 0x00, 0x20, 0x01, 0x00, 0x8C, 0x02, 0x60, 0x0B, 0x00,
    0x60, 0x01, 0x80, 0x04, 0x00, 0x30, 0x01, 0x80, 0x1C, 0x00, 0x00, 0x00, 0x00, 0x20, 0x08, 0x06,
    0x01, 0x80, 0xE0, 0xF4, 0x30, 0x80, 0x10, 0x02, 0x00, 0x40, 0x08, 0x00, 0x00, 0x00, 0x10, 0x01,
    0x80, 0x18, 0x01, 0x80, 0x30, 0x07, 0x80, 0xE4, 0x1C, 0x20, 0x01, 0x00, 0x08, 0x00, 0x40, 0x02,
    0x00, 0x10, 0x00, 0x80, 0x04, 0x00, 0x80, 0x10, 0x7F, 0xF8, 0x03, 0x00, 0xA0, 0x14, 0x02, 0x00,
    0x80, 0x20, 0x18, 0x0E, 0x00, 0x00, 0x04, 0x00, 0x40, 0x04, 0x0F, 0xFF, 0xFF, 0xF8, 0x01, 0x80,
    0x28, 0x02, 0x80, 0x20, 0x04, 0x00, 0xC0, 0x18, 0x03, 0x01, 0xC0, 0x10, 0x00, 0x7F, 0xF3, 0xFF,
    0x80, 0x80, 0x04, 0x00, 0x20, 0x01, 0x00, 0x08, 0x00, 0x40, 0xFF, 0xF8, 0x00, 0x00, 0x00, 0x00,
    0xFF, 0xF8, 0x04, 0x00, 0x08, 0x00, 0x10, 0x00, 0x20, 0x00, 0x40, 0x00, 0x80, 0x01, 0x00, 0x02,
    0x03, 0xFF, 0xFB, 0xFF, 0xE0, 0x01, 0x00, 0x10, 0x7F, 0xEF, 0xFF, 0x03, 0x00, 0x70, 0x0D, 0x01,
    0x90, 0x31, 0x0C, 0x10, 0x01, 0x00, 0xF0, 0x00, 0x00, 0x00, 0x40, 0x00, 0x80, 0x01, 0x03, 0xFF,
    0xE7, 0xFF, 0xE0, 0x18, 0x00, 0x70, 0x01, 0xA0, 0x06, 0x40, 0x18, 0xC0, 0x61, 0x83, 0x03, 0x04,
    0x06, 0x00, 0x78, 0x00, 0x00, 0x00, 0x04, 0x00, 0x40, 0x04, 0x0F, 0xFF, 0x04, 0x10, 0xC1, 0x0C,
    0x10, 0x81, 0x08, 0x11, 0x83, 0x30, 0x36, 0x03, 0xC3, 0xE0, 0x00, 0x00, 0x04, 0x04, 0x28, 0x08,
    0x68, 0x10, 0x47, 0xFF, 0x80, 0xC1, 0x01, 0x82, 0x02, 0x04, 0x04, 0x08, 0x18, 0x30, 0x20, 0x60,
    0xC0, 0xC3, 0x01, 0x0C, 0x3E, 0x00, 0x00, 0x00, 0x0C, 0x00, 0x20, 0x01, 0x3C, 0x7F, 0x8F, 0x60,
    0x03, 0x00, 0x08, 0x20, 0x7F, 0xFF, 0x06, 0x18, 0x00, 0xC0, 0x02, 0x00, 0x10, 0x00, 0x80, 0x00,
    0x1C, 0x08, 0x28, 0x18, 0x28, 0x31, 0x80, 0xFF, 0x0F, 0xC0, 0x00, 0x80, 0x01, 0x00, 0x03, 0x7C,
    0x7F, 0x83, 0xC4, 0x00, 0x08, 0x00, 0x18, 0x00, 0x30, 0x00, 0x20, 0x00, 0x00, 0x00, 0x20, 0x01,
    0x00, 0x1F, 0xE1, 0x81, 0x18, 0x09, 0x80, 0x98, 0x04, 0x00, 0x40, 0x06, 0x00, 0x60, 0x06, 0x00,
    0x60, 0x1C, 0x00, 0x80, 0x00, 0x00, 0x00, 0x04, 0x28, 0x18, 0x78, 0x20, 0x40, 0xFF, 0x03, 0x02,
    0x0C, 0x04, 0x30, 0x10, 0xC0, 0x20, 0x00, 0x80, 0x03, 0x00, 0x0C, 0x00, 0x30, 0x01, 0xC0, 0x0E,
    0x00, 0x10, 0x00, 0x00, 0x00, 0x18, 0x00, 0x20, 0x00, 0x40, 0x01, 0xFF, 0xE2, 0x08, 0x08, 0x30,
    0x30, 0x60, 0x40, 0x80, 0x01, 0x00, 0x06, 0x00, 0x18, 0x00, 0x20, 0x01, 0x80, 0x02, 0x00, 0x00,
    0x00, 0x00, 0x04, 0x0A, 0x0C, 0x0F, 0x08, 0x04, 0x0F, 0xFE, 0x1F, 0xFE, 0x10, 0x40, 0x20, 0x40,
    0x60, 0xC0, 0x40, 0xC0, 0x00, 0x80, 0x01, 0x80, 0x01, 0x00, 0x02, 0x00, 0x0C, 0x00, 0x00, 0x00,
    0x00, 0x03, 0xFF, 0x80, 0x04, 0x00, 0x20, 0x01, 0x00, 0x08, 0x00, 0x40, 0x02, 0x00, 0x10, 0x00,
    0xBF, 0xFC, 0x00, 0x20, 0x00, 0x00, 0x00, 0x58, 0x00, 0xD0, 0x00, 0x87, 0xFF, 0x00, 0x02, 0x00,
    0x04, 0x00, 0x08, 0x00, 0x10, 0x00, 0x20, 0x00, 0x40, 0x00, 0x80, 0x01, 0x00, 0x02, 0x3F, 0xFC,
    0x00, 0x08, 0x08, 0x20, 0x10, 0x40, 0x20, 0x80, 0x41, 0x0F, 0xFF, 0xE1, 0x04, 0x02, 0x08, 0x04,
    0x10, 0x08, 0x60, 0x00, 0xC0, 0x01, 0x00, 0x06, 0x00, 0x18, 0x00, 0x40, 0x00, 0x00, 0x00, 0x08,
    0x2A, 0x08, 0x2E, 0x08, 0x25, 0x08, 0x20, 0xFF, 0xFE, 0x08, 0x20, 0x08, 0x20, 0x08, 0x20, 0x08,
    0x20, 0x08, 0x60, 0x00, 0x60, 0x00, 0xC0, 0x01, 0x80, 0x03, 0x00, 0x00, 0x00, 0xC0, 0x03, 0x00,
    0x00, 0x0C, 0x00, 0x30, 0x04, 0xC0, 0x40, 0x06, 0x00, 0x60, 0x0C, 0x00, 0xC0, 0x1C, 0x07, 0x00,
    0x00, 0x00, 0x00, 0x08, 0x38, 0x68, 0x18, 0x58, 0x10, 0x84, 0x00, 0x0E, 0x01, 0x86, 0x02, 0x00,
    0x08, 0x00, 0x30, 0x01, 0x80, 0x06, 0x00, 0x38, 0x03, 0xC0, 0x04, 0x00, 0x00, 0x00, 0x03, 0xFF,
    0x00, 0x18, 0x00, 0x80, 0x0C, 0x00, 0x40, 0x04, 0x00, 0x70, 0x06, 0xC0, 0x63, 0x0C, 0x0D, 0xC0,
    0x28, 0x00, 0x80, 0x00, 0x04, 0x00, 0x28, 0x00, 0x69, 0xFF, 0xC0, 0x02, 0x00, 0x04, 0x00, 0x10,
    0x00, 0x60, 0x00, 0x80, 0x03, 0x00, 0x09, 0x00, 0x61, 0x01, 0x81, 0x0E, 0x03, 0x10, 0x02, 0x00,
    0x04, 0x00, 0x08, 0x00, 0x10, 0x00, 0x21, 0xF0, 0x7E, 0x4F, 0x81, 0x01, 0x06, 0x02, 0x18, 0x04,
    0x20, 0x08, 0x00, 0x10, 0x00, 0x30, 0x00, 0x7F, 0xC0, 0x00, 0x00, 0x00, 0x0A, 0x04, 0x0F, 0x04,
    0x05, 0x04, 0x00, 0x04, 0x3C, 0x0F, 0xE4, 0x7C, 0x08, 0x04, 0x18, 0x04, 0x30, 0x04, 0x20, 0x04,
    0x00, 0x04, 0x00, 0x06, 0x00, 0x07, 0xFC, 0x00, 0x00, 0x80, 0x14, 0x03, 0x60, 0x32, 0x02, 0x30,
    0x21, 0x04, 0x00, 0x40, 0x08, 0x01, 0x80, 0x30, 0x0E, 0x01, 0x80, 0x00, 0x00, 0x00, 0x78, 0x00,
    0xA0, 0x03, 0x30, 0x0C, 0x40, 0x21, 0x80, 0x82, 0x06, 0x04, 0x10, 0x00, 0xC0, 0x02, 0x00, 0x18,
    0x00, 0xC0, 0x06, 0x00, 0x60, 0x03, 0x00, 0x00, 0x00, 0x00, 0x20, 0x01, 0x00, 0x1F, 0xE1, 0x81,
    0x18, 0x19, 0x80, 0x99, 0xCC, 0x03, 0x40, 0x06, 0x00, 0x78, 0x06, 0x40, 0xE0, 0x1C, 0x00, 0x80,
    0x00, 0x00, 0x00, 0x00, 0x28, 0x08, 0x78, 0x20, 0x50, 0xFF, 0x81, 0x02, 0x04, 0x04, 0x18, 0x18,
    0x66, 0x21, 0x06, 0xC0, 0x07, 0x00, 0x07, 0x00, 0x13, 0x00, 0xC0, 0x07, 0x00, 0x18, 0x00, 0x00,
    0x00, 0x07, 0xE0, 0xFF, 0x00, 0x08, 0x00, 0x10, 0x00, 0x20, 0x3F, 0xFF, 0x00, 0x80, 0x01, 0x00,
    0x06, 0x00, 0x08, 0x00, 0x30, 0x00, 0xC0, 0x03, 0x00, 0x00, 0x00, 0x00, 0x07, 0xE1, 0xFE, 0x10,
    0x08, 0xB0, 0x10, 0xA0, 0x20, 0x3F, 0xFF, 0x00, 0x80, 0x03, 0x00, 0x06, 0x00, 0x08, 0x00, 0x30,
    0x00, 0xC0, 0x02, 0x00, 0x00, 0x00, 0x11, 0x07, 0x31, 0xA2, 0x24, 0x44, 0x01, 0x80, 0x60, 0x08,
    0x06, 0x01, 0x80, 0xE0, 0x00, 0x00, 0x00, 0x20, 0x61, 0x07, 0x8C, 0x24, 0x21, 0x31, 0x18, 0x80,
    0x80, 0x0C, 0x00, 0xC0, 0x04, 0x00, 0xC0, 0x0C, 0x01, 0xC0, 0x00, 0x00, 0x00, 0x14, 0x00, 0x2C,
    0x10, 0x2A, 0x10, 0x44, 0x20, 0x8C, 0x61, 0x08, 0x44, 0x10, 0x08, 0x00, 0x30, 0x00, 0xC0, 0x03,
    0x00, 0x0C, 0x00, 0x30, 0x01, 0xC0, 0x06, 0x00, 0x00, 0x3F, 0xF0, 0x00, 0x00, 0x00, 0x00, 0x00,
    0x0F, 0xFF, 0xC0, 0x20, 0x00, 0x40, 0x00, 0x80, 0x01, 0x00, 0x04, 0x00, 0x18, 0x00, 0x60, 0x01,
    0x80, 0x00, 0x00, 0x00, 0x00, 0x14, 0x00, 0x1A, 0x3F, 0xEA, 0x00, 0x00, 0x00, 0x00, 0x00, 0x00,
    0xFF, 0xFC, 0x01, 0x00, 0x01, 0x00, 0x03, 0x00, 0x02, 0x00, 0x02, 0x00, 0x04, 0x00, 0x1C, 0x00,
    0x10, 0x00, 0xC0, 0x30, 0x0C, 0x03, 0x00, 0xC0, 0x3E, 0x0C, 0xF3, 0x06, 0xC0, 0x30, 0x0C, 0x03,
    0x00, 0xC0, 0x00, 0xC0, 0xB0, 0xBC, 0x17, 0x04, 0xE0, 0x3F, 0x0C, 0x73, 0x06, 0xC0, 0x30, 0x0C,
    0x03, 0x00, 0xC0, 0x00, 0x01, 0x00, 0x02, 0x00, 0x04, 0x00, 0x08, 0x0F, 0xFF, 0xE0, 0x20, 0x00,
    0x40, 0x00, 0x80, 0x03, 0x00, 0x06, 0x00, 0x18, 0x00, 0x60, 0x01, 0x80, 0x02, 0x00, 0x00, 0x7F,
    0xF0, 0x00, 0x00, 0x00, 0x00, 0x00, 0x00, 0x00, 0x00, 0x00, 0x00, 0x00, 0x00, 0x07, 0xFF, 0xC0,
    0x00, 0x07, 0xFE, 0x00, 0x20, 0x06, 0x20, 0x43, 0x84, 0x0C, 0x80, 0x38, 0x03, 0x80, 0x6C, 0x0C,
    0x23, 0x00, 0x60, 0x00, 0x01, 0x00, 0x02, 0x00, 0x04, 0x03, 0xFF, 0xC0, 0x01, 0x00, 0x04, 0x00,
    0x30, 0x00, 0xC0, 0x07, 0x20, 0x3A, 0x73, 0x84, 0x30, 0x08, 0x00, 0x10, 0x00, 0x20, 0x00, 0x40,
    0x00, 0x00, 0x20, 0x0C, 0x01, 0x00, 0x20, 0x0C, 0x01, 0x00, 0x40, 0x18, 0x06, 0x01, 0x80, 0xC0,
    0x30, 0x00, 0x00, 0x00, 0x31, 0x00, 0x86, 0x02, 0x08, 0x08, 0x30, 0x60, 0x41, 0x01, 0x84, 0x02,
    0x20, 0x09, 0x80, 0x34, 0x00, 0x50, 0x01, 0x00, 0x00, 0x00, 0x28, 0x00, 0x78, 0x62, 0x40, 0x84,
    0x01, 0x04, 0x02, 0x08, 0x0C, 0x08, 0x10, 0x10, 0x20, 0x30, 0x80, 0x23, 0x00, 0x44, 0x00, 0xD8,
    0x00, 0x80, 0x00, 0x1E, 0x00, 0x24, 0x21, 0x78, 0x42, 0x60, 0x86, 0x01, 0x04, 0x04, 0x0C, 0x08,
    0x08, 0x30, 0x18, 0x40, 0x11, 0x80, 0x22, 0x00, 0x6C, 0x00, 0x40, 0x00, 0x00, 0x40, 0x04, 0x00,
    0x40, 0x04, 0x0E, 0x47, 0x87, 0xC0, 0x40, 0x04, 0x00, 0x40, 0x04, 0x00, 0x40, 0x06, 0x03, 0x7F,
    0xE0, 0x00, 0x16, 0x02, 0xB0, 0x1B, 0x80, 0x4C, 0x0C, 0x63, 0xC3, 0xF0, 0x18, 0x00, 0xC0, 0x06,
    0x00, 0x30, 0x01, 0x80, 0x0C, 0x00, 0x3F, 0xF0, 0x00, 0x00, 0x00, 0x7E, 0x02, 0x70, 0x1F, 0x80,
    0xEC, 0x1C, 0x6F, 0x83, 0xC0, 0x18, 0x00, 0xC0, 0x06, 0x00, 0x30, 0x01, 0x80, 0x07, 0xFE, 0x00,
    0x00, 0xFF, 0xF0, 0x01, 0x00, 0x10, 0x02, 0x00, 0x20, 0x06, 0x00, 0x40, 0x0C, 0x01, 0x80, 0x30,
    0x0C, 0x03, 0x80, 0x00, 0x00, 0x00, 0xA0, 0x03, 0x40, 0x04, 0xFF, 0xF0, 0x00, 0x40, 0x03, 0x00,
    0x08, 0x00, 0x20, 0x01, 0x80, 0x04, 0x00, 0x20, 0x01, 0x00, 0x18, 0x01, 0xC0, 0x0C, 0x00, 0x00,
    0x1C, 0x00, 0x3D, 0xFF, 0xDB, 0xFF, 0xF0, 0x01, 0x00, 0x06, 0x00, 0x08, 0x00, 0x10, 0x00, 0x40,
    0x01, 0x80, 0x02, 0x00, 0x18, 0x00, 0x60, 0x07, 0x80, 0x00, 0x00, 0x00, 0x00, 0x00, 0x1E, 0x00,
    0x26, 0x00, 0x86, 0x02, 0x04, 0x0C, 0x04, 0x30, 0x04, 0x00, 0x04, 0x00, 0x0C, 0x00, 0x0C, 0x00,
    0x08, 0x00, 0x58, 0x18, 0xD0, 0x58, 0x81, 0x18, 0x06, 0x18, 0x18, 0x18, 0x60, 0x18, 0x80, 0x18,
    0x00, 0x18, 0x00, 0x18, 0x00, 0x00, 0x00, 0x3C, 0x00, 0x48, 0x18, 0x90, 0x49, 0xE1, 0x08, 0x06,
    0x08, 0x18, 0x08, 0x60, 0x08, 0x00, 0x18, 0x00, 0x18, 0x00, 0x18, 0x00, 0x00, 0x01, 0x00, 0x02,
    0x00, 0x04, 0x03, 0xFF, 0xE0, 0x10, 0x00, 0x20, 0x06, 0x44, 0x08, 0x8C, 0x21, 0x0C, 0xC2, 0x09,
    0x04, 0x10, 0x08, 0x00, 0xF0, 0x00, 0x00, 0x00, 0x00, 0x04, 0x02, 0x2C, 0x04, 0x28, 0x08, 0x4F,
    0xFF, 0xC0, 0x20, 0x00, 0x40, 0x08, 0x88, 0x11, 0x10, 0x62, 0x11, 0x84, 0x36, 0x08, 0x20, 0x10,
    0x00, 0x20, 0x03, 0xC0, 0x00, 0x00, 0x1E, 0x02, 0x24, 0x04, 0x78, 0x08, 0x6F, 0xFF, 0xC0, 0x20,
    0x00, 0x40, 0x08, 0x80, 0x11, 0x10, 0x62, 0x31, 0x84, 0x36, 0x08, 0x20, 0x10, 0x00, 0x20, 0x03,
    0xC0, 0x00, 0x00, 0x00, 0xFF, 0xF8, 0x00, 0x30, 0x00, 0x40, 0x01, 0x02, 0x04, 0x06, 0x10, 0x02,
    0x60, 0x03, 0x00, 0x03, 0x00, 0x02, 0x00, 0x02, 0x00, 0x02, 0x00, 0x00, 0x01, 0xF0, 0x01, 0xE0,
    0x00, 0x00, 0x03, 0xC0, 0x07, 0xC0, 0x04, 0x00, 0x00, 0x00, 0x78, 0x00, 0xF8, 0x00, 0xE0, 0x00,
    0x02, 0x00, 0x04, 0x00, 0x08, 0x00, 0x20, 0x00, 0x40, 0x00, 0x80, 0x02, 0x08, 0x04, 0x18, 0x08,
    0x10, 0x20, 0x10, 0x4F, 0xE7, 0xF8, 0x20, 0x00, 0x40, 0x00, 0x00, 0x00, 0x00, 0x01, 0x00, 0x18,
    0x40, 0x81, 0x8C, 0x06, 0x40, 0x0E, 0x00, 0x70, 0x06, 0xC0, 0x63, 0x06, 0x0C, 0x60, 0x2E, 0x00,
    0x00, 0x00, 0x00, 0x00, 0x7F, 0xF0, 0x08, 0x00, 0x10, 0x00, 0x20, 0x00, 0x40, 0x1F, 0xFF, 0x01,
    0x00, 0x02, 0x00, 0x04, 0x00, 0x08, 0x00, 0x18, 0x00, 0x3F, 0xC0, 0x00, 0x00, 0x18, 0x00, 0x40,
    0x02, 0x7C, 0x7F, 0x66, 0xC2, 0x02, 0x20, 0x12, 0x00, 0xC0, 0x02, 0x00, 0x10, 0x00, 0x80, 0x00,
    0x00, 0x18, 0x00, 0x20, 0x00, 0x81, 0xC3, 0xFF, 0xFE, 0x0B, 0x10, 0x40, 0x42, 0x01, 0x98, 0x02,
    0x00, 0x08, 0x00, 0x20, 0x00, 0xC0, 0x01, 0x00, 0x04, 0x00, 0x00, 0x03, 0xFC, 0x00, 0x40, 0x04,
    0x00, 0x40, 0x0C, 0x00, 0x80, 0x08, 0xFF, 0xF0, 0x00, 0x3F, 0xF0, 0x00, 0xC0, 0x02, 0x00, 0x08,
    0x00, 0x20, 0x00, 0x80, 0x02, 0x00, 0x18, 0x00, 0x63, 0xFF, 0xF0, 0x00, 0x40, 0x7F, 0xC0, 0x10,
    0x04, 0x01, 0x7F, 0xC0, 0x10, 0x04, 0x01, 0xFF, 0xC0, 0x10, 0x00, 0x07, 0xFF, 0x00, 0x10, 0x01,
    0x00, 0x17, 0xFF, 0x00, 0x10, 0x01, 0x00, 0x10, 0x01, 0x00, 0x1F, 0xFF, 0x00, 0x10, 0x00, 0x01,
    0xFF, 0x80, 0x00, 0x00, 0x0F, 0xFF, 0x00, 0x08, 0x00, 0x40, 0x06, 0x00, 0x20, 0x02, 0x00, 0x20,
    0x06, 0x01, 0xC0, 0x00, 0x00, 0x00, 0x40, 0x60, 0x30, 0x18, 0x0C, 0x06, 0x03, 0x01, 0x81, 0x80,
    0xC0, 0xC0, 0xC0, 0xC0, 0xC0, 0x08, 0x80, 0x11, 0x00, 0x22, 0x00, 0x44, 0x00, 0x88, 0x01, 0x10,
    0x02, 0x20, 0x0C, 0x40, 0x18, 0x86, 0x21, 0x18, 0xC2, 0x63, 0x05, 0x8C, 0x0C, 0x00, 0x00, 0x00,
    0x00, 0x10, 0x02, 0x00, 0x40, 0x08, 0x01, 0x00, 0x20, 0x0C, 0x03, 0x80, 0xD0, 0x72, 0x18, 0x5C,
    0x0E, 0x00, 0x00, 0x07, 0xFF, 0xF0, 0x07, 0x80, 0x3C, 0x01, 0xE0, 0x0F, 0x00, 0x78, 0x03, 0xC0,
    0x1E, 0x00, 0xFF, 0xFF, 0x80, 0x30, 0xFF, 0xF0, 0x0E, 0x01, 0x40, 0x28, 0x04, 0x01, 0x00, 0x60,
    0x18, 0x06, 0x03, 0x80, 0x00, 0x00, 0xFF, 0xF4, 0x00, 0xA0, 0x05, 0x00, 0x28, 0x03, 0x40, 0x10,
    0x00, 0x80, 0x08, 0x00, 0xC0, 0x0C, 0x01, 0xC0, 0x38, 0x00, 0x00, 0x00, 0x00, 0x20, 0x00, 0x40,
    0x00, 0x83, 0xFF, 0xF0, 0x82, 0x01, 0x04, 0x02, 0x08, 0x04, 0x10, 0x08, 0x21, 0xFF, 0xFC, 0x00,
    0x80, 0x01, 0x00, 0x02, 0x00, 0x04, 0x00, 0x00, 0x00, 0xFF, 0xF8, 0x04, 0x30, 0x08, 0xC0, 0x13,
    0x00, 0x24, 0x00, 0x40, 0x00, 0x80, 0x01, 0x00, 0x02, 0x03, 0xFF, 0xFB, 0xFF, 0xF0, 0x7F, 0xF0,
    0x00, 0x80, 0x04, 0x00, 0x27, 0xFF, 0x00, 0x10, 0x00, 0x80, 0x08, 0x00, 0xC0, 0x0C, 0x01, 0xC0,
    0x38, 0x00, 0x00, 0x00, 0x60, 0x00, 0xC0, 0x01, 0x80, 0x03, 0x02, 0x00, 0x18, 0x00, 0x40, 0x02,
    0x00, 0x18, 0x01, 0x80, 0x0C, 0x01, 0xC0, 0x1C, 0x00, 0x00, 0x00, 0x00, 0x10, 0x10, 0xA0, 0x42,
    0xC1, 0x04, 0xFF, 0xF3, 0xFF, 0xC8, 0x01, 0x20, 0x08, 0x80, 0x22, 0x00, 0x80, 0x04, 0x00, 0x30,
    0x01, 0x80, 0x0C, 0x01, 0xC0, 0x04, 0x00, 0x08, 0x01, 0x00, 0x20, 0x7F, 0xE0, 0x84, 0x10, 0x86,
    0x10, 0x82, 0x10, 0x44, 0x09, 0x83, 0x63, 0xC0, 0x18, 0x00, 0x80, 0x07, 0xFC, 0x7F, 0xE6, 0x10,
    0x20, 0x82, 0x0C, 0x00, 0x60, 0x06, 0x00, 0x20, 0x06, 0x00, 0x20, 0x00, 0x00, 0x00, 0x00, 0xA0,
    0x03, 0xC0, 0x04, 0xFF, 0xF2, 0x00, 0x48, 0x01, 0x20, 0x0C, 0x80, 0x22, 0x00, 0x80, 0x06, 0x00,
    0x10, 0x00, 0x80, 0x0C, 0x00, 0xE0, 0x06, 0x00, 0x00, 0x04, 0x00, 0xB8, 0x01, 0x28, 0x02, 0x47,
    0xFF, 0xC1, 0x08, 0x02, 0x10, 0x04, 0x20, 0x08, 0x40, 0x10, 0x83, 0xFF, 0xF0, 0x02, 0x00, 0x04,
    0x00, 0x08, 0x00, 0x10, 0x00, 0x00, 0x00, 0x00, 0x1E, 0x00, 0x0A, 0x00, 0x08, 0x3F, 0xFC, 0x01,
    0x0C, 0x01, 0x18, 0x01, 0x30, 0x01, 0x20, 0x01, 0x00, 0x01, 0x00, 0x01, 0x00, 0x01, 0x00, 0x7F,
    0xFE, 0x7F, 0xFE, 0x00, 0x00, 0x00, 0xA0, 0x02, 0xC0, 0x04, 0xFF, 0xF0, 0x00, 0x40, 0x03, 0x00,
    0x08, 0x7F, 0xE0, 0x00, 0x80, 0x04, 0x00, 0x30, 0x01, 0x80, 0x0C, 0x00, 0xE0, 0x0E, 0x00, 0xFF,
    0x80, 0xFF, 0xF8, 0x00, 0x00, 0x01, 0x81, 0x81, 0x81, 0x81, 0x81, 0x81, 0x01, 0x01, 0x60, 0x29,
    0x88, 0x30, 0x06, 0x00, 0x80, 0x10, 0x02, 0x00, 0xC0, 0xFF, 0xC0, 0x10, 0x04, 0x01, 0x00, 0x40,
    0x10, 0x04, 0x01, 0x00, 0x40, 0x10, 0x04, 0x01, 0x00, 0x40, 0x10, 0x08, 0x02, 0x01, 0xFC, 0xC1,
    0x60, 0xF0, 0x28, 0x18, 0x04, 0x02, 0x03, 0x03, 0x81, 0x80, 0x30, 0x03, 0x00, 0x10, 0x60, 0x17,
    0x06, 0x00, 0x80, 0x60, 0x18, 0x0E, 0x0F, 0x01, 0x00, 0x00, 0x00, 0x0F, 0xF0, 0x02, 0x00, 0x80,
    0x30, 0x04, 0x01, 0x80, 0x48, 0x30, 0x8C, 0x0A, 0x00, 0x80, 0xC0, 0xC0, 0xC0, 0xC0, 0xF0, 0xDE,
    0xC3, 0xC0, 0xC0, 0xC0, 0xC0, 0x00, 0x1F, 0xE0, 0x08, 0x06, 0x31, 0x06, 0xC0, 0x60, 0x1C, 0x19,
    0x8C, 0x2E, 0x00, 0x11, 0x02, 0x20, 0x42, 0x18, 0x42, 0x0C, 0x40, 0x90, 0x1E, 0x01, 0x80, 0x20,
    0x00, 0x40, 0x30, 0x0C, 0x03, 0x0E, 0xDE, 0x3C, 0x0C, 0x03, 0x00, 0xC0, 0x30, 0x07, 0xFC, 0x00,
    0x00, 0x1F, 0xF8, 0x01, 0x00, 0x20, 0x08, 0x01, 0x00, 0x60, 0x18, 0x06, 0x03, 0x80, 0xC0, 0x00,
    0x0C, 0x00, 0xD8, 0x0C, 0x60, 0x41, 0x04, 0x04, 0x00, 0x10, 0x00, 0x40, 0x02, 0x02, 0x00, 0x20,
    0x02, 0x07, 0xFF, 0x02, 0x01, 0x24, 0x32, 0x66, 0x23, 0xC2, 0x10, 0x20, 0x0E, 0x00, 0x00, 0x06,
    0x00, 0x30, 0x01, 0x00, 0x08, 0x00, 0xC0, 0x04, 0x20, 0x21, 0x83, 0x04, 0x17, 0xF3, 0xF8, 0x80,
    0x06, 0x7F, 0x80, 0x00, 0x03, 0xFF, 0x00, 0x40, 0x30, 0x08, 0x04, 0x03, 0x03, 0x03, 0x00, 0x82,
    0x82, 0x82, 0x82, 0x82, 0x82, 0x82, 0x06, 0x06, 0x0C, 0x38, 0x00, 0x11, 0x00, 0x88, 0x04, 0x40,
    0x22, 0x01, 0x10, 0x08, 0x80, 0xC4, 0x66, 0x26, 0x61, 0x66, 0x0C, 0x00, 0x00, 0x80, 0x20, 0x08,
    0x02, 0x00, 0x80, 0x20, 0x28, 0x1A, 0x1C, 0x9C, 0x3C, 0x08, 0x00, 0xFF, 0xF8, 0x0F, 0x01, 0xE0,
    0x3C, 0x07, 0x80, 0xF0, 0x1E, 0x03, 0xFF, 0xF8, 0x0C, 0x7F, 0xFF, 0x04, 0x00, 0x04, 0x00, 0x04,
    0x00, 0x04, 0x00, 0x04, 0x07, 0x05, 0xFE, 0x3F, 0x80, 0xE4, 0x00, 0x04, 0x00, 0x04, 0x00, 0x04,
    0x00, 0x04, 0x02, 0x04, 0x02, 0x04, 0x06, 0x07, 0xFC, 0x7F, 0xFC, 0x00, 0x00, 0x00, 0x00, 0x00,
    0x00, 0x00, 0x07, 0xFF, 0x00, 0x00, 0x00, 0x00, 0x00, 0x00, 0x00, 0x00, 0x00, 0x07, 0xFF, 0xF0,
    0x01, 0x00, 0x01, 0x00, 0x01, 0x00, 0x01, 0x00, 0x01, 0x00, 0x01, 0x00, 0x01, 0xFE, 0x01, 0x00,
    0x01, 0x00, 0x01, 0x00, 0x01, 0x00, 0x01, 0x00, 0x01, 0x00, 0x01, 0x00, 0xFF, 0xFF, 0x00, 0x00,
    0xFF, 0xFF, 0x01, 0x00, 0x01, 0x00, 0x01, 0x00, 0x01, 0xC0, 0x01, 0x60, 0x01, 0x18, 0x01, 0x0C,
    0x01, 0x00, 0x01, 0x00, 0x01, 0x00, 0x01, 0x00, 0x01, 0x00, 0x01, 0x00, 0x7F, 0xFF, 0x00, 0x40,
    0x00, 0x80, 0x01, 0x80, 0x03, 0xE0, 0x07, 0xB0, 0x0D, 0x8C, 0x19, 0x86, 0x61, 0x83, 0x01, 0x80,
    0x01, 0x80, 0x01, 0x80, 0x01, 0x80, 0x01, 0x80, 0x10, 0x00, 0x40, 0x01, 0xFF, 0xCC, 0x00, 0x20,
    0x00, 0x80, 0x02, 0x00, 0x0F, 0xFF, 0x00, 0x0C, 0x00, 0x2F, 0xFE, 0x80, 0x02, 0x00, 0x08, 0x00,
    0x60, 0x1F, 0x00, 0x00, 0x02, 0x00, 0x04, 0x01, 0xFF, 0xE0, 0x20, 0x00, 0x40, 0x1F, 0xFF, 0xC2,
    0x00, 0x04, 0x00, 0x1F, 0xF8, 0x00, 0x60, 0x01, 0x80, 0x06, 0x00, 0xF8, 0x00, 0x70, 0x00, 0x38,
    0x00, 0x00, 0x00, 0x00, 0x08, 0x80, 0x11, 0x00, 0x22, 0x00, 0x44, 0x18, 0x88, 0x91, 0x11, 0x32,
    0x24, 0x24, 0x58, 0x68, 0xA0, 0x51, 0x40, 0x22, 0x00, 0x44, 0x00, 0x88, 0x3F, 0xFF, 0xFF, 0xFF,
    0xFF, 0xFE, 0x02, 0x00, 0x04, 0x03, 0xFF, 0xE4, 0x10, 0x49, 0x24, 0x96, 0x4D, 0x2C, 0x9A, 0x59,
    0x34, 0xB2, 0x69, 0x7F, 0xD2, 0xFF, 0x24, 0x00, 0x48, 0x07, 0x80, 0x00, 0x3C, 0x3F, 0xF0, 0x00,
    0x80, 0x00, 0x80, 0x3F, 0xFE, 0x00, 0x80, 0x00, 0x80, 0x00, 0x80, 0x7F, 0xFF, 0x03, 0x00, 0x02,
    0x10, 0x04, 0x18, 0x0C, 0x0C, 0x18, 0xFE, 0x3F, 0xF2, 0x00, 0x02, 0xFF, 0xFE, 0x04, 0x40, 0x04,
    0x40, 0x04, 0x40, 0x7F, 0xFE, 0x4C, 0x46, 0x4C, 0x46, 0x4E, 0xE6, 0x4A, 0xB6, 0x59, 0x96, 0x71,
    0x0E, 0x40, 0x06, 0x40, 0x06, 0x40, 0x3E, 0x00, 0x00, 0x00, 0x40, 0x00, 0x70, 0x00, 0x68, 0x00,
    0x62, 0x00, 0x64, 0xC0, 0x62, 0x30, 0xC1, 0x0E, 0x40, 0x81, 0x00, 0x40, 0x00, 0x20, 0x00, 0x10,
    0x00, 0x08, 0x00, 0x04, 0x00, 0x02, 0x00, 0x01, 0x00, 0x01, 0x00, 0x02, 0x00, 0x04, 0x07, 0xFF,
    0xFC, 0x10, 0x78, 0x20, 0xF0, 0x41, 0xE0, 0x83, 0xC1, 0x07, 0xFF, 0xFF, 0x04, 0x18, 0x08, 0x00,
    0x10, 0x00, 0x20, 0x00, 0x40, 0x00, 0x01, 0x00, 0x04, 0x03, 0xFF, 0x88, 0x42, 0x21, 0x08, 0x84,
    0x23, 0xFF, 0x80, 0x40, 0xFF, 0xFF, 0x04, 0x1C, 0x10, 0x7F, 0xFF, 0xC1, 0x04, 0x04, 0x00, 0x10,
    0x00, 0x11, 0x00, 0x19, 0x00, 0x09, 0x00, 0x01, 0x00, 0x7F, 0xFE, 0x03, 0x02, 0x03, 0x02, 0x02,
    0x42, 0x02, 0x62, 0x06, 0x26, 0x04, 0x16, 0x08, 0x06, 0x18, 0x06, 0x30, 0x06, 0x40, 0x7C, 0x00,
    0x00, 0x01, 0x00, 0x01, 0x80, 0x00, 0xC0, 0x3F, 0xFE, 0x7F, 0xFE, 0x00, 0x80, 0x00, 0x80, 0x00,
    0x80, 0x3F, 0xFE, 0x00, 0x80, 0x00, 0x80, 0x00, 0x80, 0x00, 0x80, 0x00, 0x80, 0x7F, 0xFF, 0x00,
    0x00, 0x01, 0x00, 0x00, 0x84, 0x10, 0x84, 0x10, 0xCC, 0x08, 0x08, 0x08, 0x18, 0x04, 0x10, 0x06,
    0x20, 0x03, 0x60, 0x01, 0xC0, 0x01, 0xC0, 0x03, 0x60, 0x0E, 0x30, 0x18, 0x1C, 0x60, 0x07, 0x00,
    0x00, 0xFF, 0xF8, 0x00, 0x40, 0x02, 0x60, 0x10, 0xC0, 0x83, 0x04, 0x08, 0x20, 0x09, 0x03, 0xC8,
    0xF0, 0x7C, 0x07, 0x00, 0x30, 0x01, 0x80, 0x78, 0x00, 0x00, 0x01, 0x00, 0x01, 0x0C, 0x01, 0x06,
    0x3F, 0xF9, 0x01, 0x08, 0x01, 0x08, 0x01, 0x08, 0xFF, 0xFF, 0x7F, 0xFF, 0x01, 0x03, 0x01, 0x03,
    0x01, 0x02, 0x01, 0x06, 0x01, 0x1E, 0x01, 0x00, 0xFF, 0xFC, 0x00, 0x60, 0x03, 0x00, 0x18, 0x01,
    0x80, 0x04, 0x00, 0x10, 0x00, 0x40, 0x01, 0x00, 0x04, 0x00, 0x10, 0x00, 0x40, 0x01, 0x00, 0x7C,
    0x00, 0x00, 0x80, 0x00, 0x40, 0x1F, 0xFF, 0xC0, 0x10, 0x01, 0xFF, 0xC0, 0x84, 0x20, 0x7F, 0xF0,
    0x01, 0x00, 0x3F, 0xFE, 0x00, 0x43, 0x00, 0x21, 0x8F, 0xFF, 0xE0, 0x08, 0x61, 0xFF, 0xF0, 0x02,
    0x10, 0x0F, 0x00, 0x00, 0x00, 0x00, 0x7F, 0xFC, 0x00, 0x00, 0x00, 0x00, 0x00, 0x00, 0x00, 0x00,
    0x00, 0x00, 0x00, 0x00, 0x00, 0x00, 0x00, 0x00, 0x03, 0xFF, 0xF8, 0x3F, 0xFE, 0x00, 0x80, 0x00,
    0x80, 0x00, 0x80, 0x00, 0x80, 0x00, 0x80, 0x7F, 0xFF, 0x00, 0x80, 0x00, 0x80, 0x00, 0x80, 0x00,
    0x80, 0x00, 0x80, 0x00, 0x80, 0x0F, 0x80, 0x7F, 0xF8, 0xFF, 0xF8, 0x08, 0x00, 0x10, 0x00, 0x60,
    0x07, 0xFE, 0x01, 0x04, 0x02, 0x08, 0x04, 0x10, 0x08, 0x20, 0x30, 0xC0, 0x41, 0x8F, 0xFF, 0xFF,
    0xFF, 0xC0, 0x01, 0x00, 0x01, 0x00, 0x00, 0x80, 0x7F, 0xFE, 0x00, 0x00, 0x0C, 0x30, 0x18, 0x08,
    0x30, 0x04, 0x64, 0x32, 0x06, 0x20, 0x02, 0x40, 0x01, 0xC0, 0x01, 0x80, 0x07, 0x60, 0x1C, 0x38,
    0xF0, 0x07, 0x00, 0x00, 0x00, 0x00, 0x01, 0x80, 0x00, 0x80, 0x3F, 0xFE, 0x04, 0x10, 0x04, 0x10,
    0x02, 0x30, 0x3F, 0xFF, 0x20, 0x00, 0x20, 0x00, 0x20, 0x00, 0x20, 0x00, 0x20, 0x00, 0x60, 0x00,
    0x40, 0x00, 0x40, 0x00, 0x00, 0x00, 0x00, 0x80, 0x00, 0x40, 0x00, 0x20, 0x00, 0x30, 0x00, 0x18,
    0x00, 0x0E, 0x00, 0x05, 0x00, 0x02, 0x80, 0x03, 0x60, 0x01, 0x10, 0x01, 0x8C, 0x01, 0x83, 0x01,
    0x80, 0x81, 0x80, 0x31, 0x80, 0x0C, 0x00, 0x00, 0x04, 0x00, 0x0C, 0x00, 0x0B, 0xFE, 0x19, 0x02,
    0x11, 0x06, 0x31, 0x84, 0x70, 0x84, 0xD0, 0x8C, 0x10, 0x48, 0x10, 0x50, 0x10, 0x30, 0x10, 0x70,
    0x10, 0xD8, 0x13, 0x8C, 0x16, 0x03, 0x00, 0x00, 0x00, 0x00, 0x00, 0x40, 0x00, 0x70, 0x00, 0x64,
    0x00, 0x41, 0x00, 0xC8, 0x60, 0xC2, 0x1C, 0x80, 0xC2, 0x00, 0x00, 0x0F, 0xFE, 0x00, 0x03, 0x00,
    0x03, 0x00, 0x01, 0x00, 0x01, 0x00, 0x01, 0x80, 0x01, 0x80, 0x00, 0x00, 0x00, 0x00, 0x00, 0x00,
    0x40, 0x00, 0x70, 0x00, 0x6C, 0x00, 0x63, 0x00, 0x60, 0xC0, 0xC0, 0x18, 0xC8, 0x22, 0x04, 0x10,
    0x02, 0x08, 0x01, 0x04, 0x01, 0x82, 0x00, 0xC1, 0x00, 0x40, 0x80, 0xC0, 0x40, 0xC0, 0x20, 0x08,
    0x10, 0x08, 0x30, 0x08, 0x30, 0x08, 0x30, 0x08, 0x20, 0x08, 0x20, 0x1C, 0x20, 0x1C, 0x30, 0x16,
    0x70, 0x13, 0x50, 0x11, 0x48, 0x20, 0xC8, 0x20, 0x84, 0x61, 0x06, 0xC2, 0x03, 0x00, 0x00, 0x0C,
    0x20, 0x09, 0x20, 0x09, 0x20, 0x11, 0x26, 0x31, 0x3E, 0x71, 0xE2, 0xD7, 0xA2, 0x9D, 0x22, 0x11,
    0x22, 0x11, 0x22, 0x11, 0x2E, 0x11, 0x20, 0x11, 0x01, 0x11, 0x01, 0x11, 0xFF, 0x00, 0x10, 0x88,
    0x21, 0x10, 0x42, 0x11, 0x84, 0x33, 0x08, 0x26, 0x10, 0x08, 0x20, 0x10, 0x40, 0x20, 0x80, 0x81,
    0x31, 0x03, 0xC5, 0x8E, 0x19, 0x80, 0x61, 0x83, 0x01, 0x00, 0x00, 0x00, 0x00, 0x09, 0x20, 0x09,
    0x20, 0x13, 0x20, 0x13, 0xFE, 0x32, 0x20, 0x76, 0x20, 0xD4, 0x20, 0x10, 0x20, 0x17, 0xFF, 0x10,
    0x20, 0x10, 0x20, 0x10, 0x20, 0x10, 0x20, 0x10, 0x20, 0x10, 0x20, 0x04, 0x02, 0x04, 0x3F, 0x03,
    0xF8, 0x02, 0x04, 0x03, 0x02, 0x03, 0x81, 0x01, 0x40, 0x81, 0x3F, 0xFE, 0x10, 0x20, 0x08, 0x10,
    0x04, 0x08, 0x02, 0x04, 0x01, 0x02, 0x00, 0xBF, 0xF8, 0x5F, 0xFC, 0x04, 0x20, 0x04, 0x10, 0x02,
    0x08, 0x02, 0x04, 0x03, 0xFF, 0xF1, 0x83, 0x81, 0x43, 0xC1, 0x21, 0x70, 0x11, 0xA8, 0x08, 0x96,
    0x04, 0x89, 0x82, 0xC4, 0x61, 0xC2, 0x10, 0x81, 0x00, 0x40, 0x80, 0x01, 0x80, 0x01, 0xC0, 0x02,
    0x60, 0x0C, 0x30, 0x18, 0x18, 0x7F, 0xFE, 0x40, 0x03, 0x00, 0x00, 0x7F, 0xFE, 0x02, 0x00, 0x06,
    0x20, 0x0C, 0x10, 0x18, 0x08, 0x3F, 0xFC, 0x3C, 0x06, 0x0C, 0x20, 0x08, 0x60, 0x1B, 0xFF, 0x10,
    0x40, 0x30, 0x40, 0x77, 0xFF, 0xD0, 0x80, 0x90, 0x80, 0x11, 0xFE, 0x10, 0x04, 0x10, 0x08, 0x10,
    0xD8, 0x10, 0x70, 0x10, 0x30, 0x10, 0x18, 0x00, 0x00, 0x04, 0x20, 0x0C, 0x20, 0x08, 0x20, 0x1B,
    0xFF, 0x30, 0x00, 0x31, 0x04, 0x71, 0x84, 0xD0, 0x84, 0x10, 0x8C, 0x10, 0x88, 0x10, 0x88, 0x10,
    0xC8, 0x10, 0xD8, 0x10, 0x10, 0x17, 0xFF, 0x00, 0x40, 0x0C, 0x40, 0x08, 0x20, 0x18, 0x20, 0x17,
    0xFF, 0x30, 0x20, 0x30, 0x20, 0x50, 0x20, 0x10, 0x20, 0x13, 0xFF, 0x10, 0x20, 0x10, 0x20, 0x10,
    0x20, 0x10, 0x20, 0x10, 0x20, 0x1F, 0xFF, 0x00, 0x00, 0x08, 0x20, 0x04, 0x10, 0x06, 0x08, 0x02,
    0x04, 0x03, 0xFF, 0xF1, 0x83, 0x81, 0xC2, 0xE0, 0xA1, 0x50, 0x11, 0x2C, 0x09, 0x92, 0x05, 0x88,
    0x83, 0xFF, 0xE1, 0x02, 0x00, 0x81, 0x00, 0x40, 0x80, 0x08, 0x00, 0x05, 0xFF, 0x87, 0xFF, 0xE2,
    0x00, 0x43, 0x00, 0x21, 0x9F, 0x11, 0x48, 0x88, 0xA4, 0x44, 0x12, 0x22, 0x09, 0x11, 0x04, 0xF8,
    0x82, 0x40, 0x41, 0x20, 0x20, 0x80, 0x10, 0x40, 0xF8, 0x00, 0x00, 0x00, 0x00, 0x00, 0xC0, 0x00,
    0x50, 0x00, 0xCC, 0x00, 0xC3, 0x00, 0xC0, 0x61, 0xFF, 0xFD, 0x81, 0x02, 0x00, 0x80, 0x3F, 0xFF,
    0x80, 0x20, 0x01, 0x13, 0x01, 0x88, 0xC1, 0x84, 0x31, 0x82, 0x0C, 0x0F, 0x00, 0x04, 0xC0, 0x06,
    0x40, 0x02, 0x3F, 0xC3, 0x3F, 0xF3, 0x16, 0x01, 0x93, 0x01, 0x59, 0xFD, 0xA0, 0xC0, 0x10, 0x60,
    0x08, 0x30, 0x04, 0x1F, 0xE2, 0x0C, 0x01, 0x06, 0x00, 0x83, 0x00, 0x41, 0x80, 0x00, 0x00, 0x06,
    0x10, 0x02, 0x08, 0x03, 0xFF, 0xE1, 0x02, 0x01, 0x81, 0x01, 0xCF, 0xFD, 0xA4, 0x42, 0x92, 0x21,
    0x09, 0xFF, 0x84, 0x88, 0x02, 0x6C, 0x01, 0x1C, 0x00, 0x86, 0x00, 0x4E, 0xE0, 0x3C, 0x1E, 0x00,
    0x00, 0x00, 0x0C, 0x88, 0x08, 0x88, 0x18, 0x88, 0x10, 0x88, 0x37, 0xFF, 0x70, 0x88, 0x50, 0x88,
    0x90, 0x88, 0x10, 0x88, 0x17, 0xFF, 0x17, 0xFE, 0x10, 0x88, 0x11, 0x8C, 0x13, 0x06, 0x16, 0x03,
    0x00, 0x00, 0x18, 0x02, 0x2F, 0x84, 0x51, 0x29, 0xAA, 0x52, 0x54, 0xAC, 0xA9, 0x79, 0x52, 0xD2,
    0xA5, 0x25, 0x4A, 0x4A, 0x94, 0x9D, 0x29, 0x3A, 0x52, 0x28, 0x24, 0xC8, 0x4B, 0x1B, 0x80, 0x00,
    0x0C, 0x00, 0x05, 0xFF, 0x06, 0x80, 0x82, 0x40, 0x43, 0x20, 0x23, 0x9F, 0xF3, 0x40, 0x81, 0x20,
    0x40, 0x1F, 0xFF, 0x08, 0x38, 0x04, 0x2E, 0x02, 0x35, 0x81, 0x32, 0x60, 0xE1, 0x18, 0x40, 0x80,
    0x08, 0x40, 0x08, 0x60, 0x10, 0x20, 0x17, 0xFF, 0x30, 0x00, 0x73, 0xFC, 0x50, 0x00, 0x13, 0xFC,
    0x10, 0x00, 0x10, 0x00, 0x13, 0xFE, 0x12, 0x06, 0x12, 0x06, 0x12, 0x06, 0x13, 0xFE, 0x00, 0x00,
    0x08, 0x60, 0x04, 0x20, 0x04, 0x3F, 0xC2, 0x18, 0x43, 0x16, 0x61, 0xB1, 0xE1, 0x50, 0xF1, 0xAF,
    0x8E, 0x14, 0x18, 0x0A, 0x32, 0x05, 0x23, 0x02, 0x86, 0x21, 0x4C, 0x60, 0x80, 0xE0, 0x47, 0x80,
    0x08, 0x01, 0x1F, 0xE9, 0x13, 0x09, 0x12, 0x49, 0x36, 0x69, 0x77, 0xE9, 0x55, 0x29, 0x91, 0x09,
    0x17, 0xE9, 0x17, 0xE9, 0x11, 0x09, 0x11, 0x21, 0x13, 0xE1, 0x1E, 0x01, 0x10, 0x0F, 0x00, 0x00,
    0x0C, 0x30, 0x08, 0x30, 0x0F, 0xFF, 0x10, 0x20, 0x30, 0xFE, 0x32, 0xFE, 0x56, 0x82, 0xD6, 0xFE,
    0x16, 0x82, 0x16, 0xFE, 0x16, 0x82, 0x16, 0xFE, 0x16, 0x00, 0x16, 0x00, 0x17, 0xFF, 0x08, 0x00,
    0x05, 0x3F, 0x85, 0x82, 0x02, 0xC7, 0xC3, 0x67, 0xF1, 0xBE, 0x19, 0x59, 0x2D, 0xAC, 0x96, 0x16,
    0x4B, 0x0B, 0x25, 0x85, 0xF2, 0xC2, 0xCB, 0x41, 0x01, 0xC0, 0x81, 0xB0, 0x43, 0x04, 0x00, 0x00,
    0x0C, 0x60, 0x08, 0x20, 0x0F, 0xFE, 0x16, 0x02, 0x36, 0x02, 0x37, 0xFE, 0x77, 0xFF, 0xD7, 0xFF,
    0x17, 0x4B, 0x17, 0x4B, 0x17, 0xFF, 0x17, 0x4B, 0x17, 0x4B, 0x15, 0x4B, 0x15, 0x4F, 0x00, 0x00,
    0x06, 0x30, 0x03, 0xFF, 0xC3, 0x00, 0x01, 0x3F, 0xE1, 0x98, 0x10, 0xCC, 0x08, 0xE7, 0xFC, 0x50,
    0x00, 0x0B, 0xFF, 0x85, 0x7F, 0x42, 0xFF, 0xE1, 0x02, 0x00, 0x81, 0x00, 0x40, 0x80, 0x23, 0xC0,
    0x00, 0x00, 0x00, 0x08, 0x01, 0x0B, 0xE1, 0x1A, 0x29, 0x12, 0x29, 0x33, 0xE9, 0x32, 0x29, 0x72,
    0x29, 0xD3, 0xE9, 0x13, 0xE9, 0x12, 0x29, 0x12, 0x29, 0x13, 0xE9, 0x13, 0x41, 0x16, 0x21, 0x14,
    0x07, 0x00, 0x00, 0x08, 0x00, 0x0C, 0x7F, 0x85, 0x06, 0x02, 0x8F, 0xE3, 0x44, 0x11, 0xBE, 0x09,
    0x51, 0xFD, 0xA8, 0x82, 0x14, 0x41, 0x0A, 0x3F, 0x85, 0xD0, 0x43, 0x8F, 0xE1, 0x02, 0x40, 0x83,
    0x30, 0x46, 0x04, 0x00, 0x00, 0x0C, 0x80, 0x04, 0xFC, 0x06, 0xC4, 0x02, 0xFF, 0xC3, 0xE2, 0x21,
    0x93, 0x11, 0x4F, 0xF8, 0xA1, 0x80, 0x13, 0xE6, 0x0B, 0x3E, 0x04, 0x6F, 0x02, 0xCE, 0x81, 0x1D,
    0x20, 0xB8, 0x88, 0x43, 0xC0, 0x7F, 0xF8, 0x00, 0x00, 0x00, 0x00, 0x00, 0x00, 0x00, 0x1F, 0xFF,
    0xC2, 0x30, 0x04, 0x60, 0x08, 0xC0, 0x31, 0x80, 0x43, 0x09, 0x86, 0x12, 0x0C, 0x78, 0x0F, 0xC0,
    0x00, 0x00, 0x08, 0x80, 0x04, 0x40, 0x06, 0x20, 0x03, 0xFF, 0xC3, 0x08, 0x01, 0x04, 0x00, 0x02,
    0x00, 0xFF, 0xFE, 0x06, 0x20, 0x02, 0x10, 0x01, 0x08, 0x00, 0x84, 0x20, 0x82, 0x10, 0xC1, 0x09,
    0xC0, 0xFC, 0x80, 0x00, 0x00, 0x80, 0x18, 0x42, 0x04, 0x21, 0x01, 0x11, 0x00, 0x88, 0x80, 0x04,
    0x01, 0xFF, 0xFC, 0xFF, 0xFE, 0x04, 0x20, 0x02, 0x10, 0x01, 0x08, 0x01, 0x84, 0x20, 0x82, 0x11,
    0x81, 0x09, 0x80, 0xFC, 0x00, 0x00, 0x0C, 0x00, 0x0F, 0xE0, 0x10, 0x40, 0x30, 0x80, 0x7F, 0xFC,
    0xA1, 0x04, 0x21, 0x04, 0x21, 0x04, 0x3F, 0xFC, 0x03, 0x80, 0x02, 0x80, 0x06, 0x80, 0x0C, 0x83,
    0x38, 0x82, 0xE0, 0xFE, 0x00, 0x00, 0x00, 0x00, 0x06, 0x00, 0x03, 0x00, 0x01, 0x80, 0x00, 0x80,
    0x01, 0xC0, 0x01, 0x40, 0x01, 0x60, 0x03, 0x20, 0x02, 0x30, 0x04, 0x10, 0x0C, 0x08, 0x18, 0x0C,
    0x30, 0x06, 0x60, 0x03, 0x00, 0x00, 0x00, 0x80, 0x00, 0x40, 0x00, 0x50, 0x00, 0x4C, 0x00, 0x43,
    0x00, 0x40, 0x40, 0xC0, 0x18, 0xFF, 0xFE, 0x00, 0x81, 0x00, 0x40, 0x00, 0x20, 0x03, 0xFF, 0x80,
    0x08, 0x00, 0x04, 0x00, 0x02, 0x00, 0xFF, 0xFE, 0x01, 0x00, 0x01, 0x00, 0x00, 0x80, 0x00, 0x80,
    0x00, 0x00, 0x7F, 0xFF, 0x00, 0x00, 0x00, 0x00, 0x04, 0x30, 0x0C, 0x10, 0x08, 0x08, 0x18, 0x0C,
    0x30, 0x04, 0x20, 0x02, 0x60, 0x03, 0x40, 0x01, 0x08, 0x08, 0x0C, 0x18, 0x04, 0x10, 0x3F, 0xFC,
    0x3F, 0xFE, 0x00, 0x80, 0x00, 0x80, 0x00, 0x80, 0x7F, 0xFF, 0x01, 0xC0, 0x01, 0x40, 0x02, 0x60,
    0x06, 0x30, 0x18, 0x18, 0x70, 0x06, 0x40, 0x00, 0x08, 0x08, 0x04, 0x04, 0x1F, 0xFF, 0xC1, 0x01,
    0x00, 0x80, 0x80, 0x7F, 0xC0, 0x20, 0x20, 0x10, 0x10, 0x0F, 0xF8, 0x04, 0x04, 0x02, 0x02, 0x1F,
    0xFF, 0xF7, 0xFF, 0xF0, 0x70, 0xC0, 0xE0, 0x1D, 0x80, 0x02, 0x02, 0x40, 0x02, 0x40, 0x3F, 0xFE,
    0x22, 0x46, 0x22, 0x46, 0x22, 0x46, 0x3F, 0xFE, 0x22, 0x46, 0x22, 0x46, 0x22, 0x46, 0xFF, 0xFF,
    0xFF, 0xFF, 0x0C, 0x30, 0x18, 0x0C, 0x60, 0x03, 0x00, 0x00, 0x02, 0x00, 0x08, 0x00, 0x20, 0x3F,
    0xFF, 0x82, 0x0E, 0x08, 0x38, 0x60, 0xE1, 0x43, 0x8C, 0x8E, 0x61, 0x3B, 0x02, 0xE8, 0x03, 0x80,
    0x0E, 0x00, 0x38, 0x07, 0x80, 0x3F, 0x7E, 0x19, 0xA3, 0x0C, 0xD1, 0x86, 0x68, 0xC3, 0x34, 0x61,
    0x9A, 0x33, 0xFF, 0xFE, 0x67, 0x8C, 0x33, 0xC6, 0x19, 0xE3, 0x0C, 0xF1, 0x8C, 0x78, 0xC6, 0x38,
    0x62, 0x7C, 0xF0, 0x00, 0x00, 0x7F, 0xFF, 0x00, 0x40, 0x00, 0x20, 0x07, 0xFF, 0xC3, 0x08, 0x61,
    0x84, 0x30, 0xFF, 0xF8, 0x61, 0x0C, 0x30, 0x86, 0x7F, 0xFF, 0xDF, 0xFF, 0xC6, 0x00, 0xC3, 0x00,
    0x61, 0x81, 0xE0, 0x00, 0x00, 0xFF, 0xFE, 0x20, 0x18, 0x80, 0x47, 0xFC, 0x10, 0x00, 0x40, 0x01,
    0x00, 0x0F, 0xFE, 0x00, 0x13, 0xFF, 0x40, 0x01, 0x00, 0x04, 0x00, 0x30, 0x07, 0x80, 0x00, 0x00,
    0x01, 0x20, 0x41, 0x10, 0x63, 0x10, 0x23, 0xFF, 0x16, 0x10, 0x0E, 0x10, 0x1B, 0xFF, 0x02, 0x10,
    0x12, 0x10, 0x12, 0x10, 0x23, 0xFF, 0x22, 0x10, 0x42, 0x10, 0x43, 0xFF, 0x03, 0xFF, 0x00, 0x40,
    0xC0, 0x40, 0x4F, 0xFE, 0x20, 0x80, 0x27, 0xFC, 0x01, 0x80, 0x0F, 0xFE, 0x03, 0x18, 0x37, 0xFC,
    0x28, 0x43, 0x20, 0xC0, 0x47, 0xFE, 0x41, 0xE0, 0xC3, 0x38, 0x8E, 0x0C, 0x08, 0x00, 0x0F, 0xF0,
    0x08, 0x10, 0x08, 0x10, 0x08, 0x10, 0x08, 0x10, 0x08, 0x10, 0x08, 0x10, 0x18, 0x10, 0x18, 0x10,
    0x18, 0x10, 0x10, 0x11, 0x30, 0x11, 0x20, 0x13, 0xC0, 0x1F, 0x80, 0x00, 0x0C, 0x0E, 0x05, 0xFC,
    0x04, 0x08, 0x06, 0x04, 0x07, 0x7F, 0xF4, 0x81, 0x00, 0x40, 0x80, 0x2F, 0xFE, 0x10, 0x00, 0x07,
    0xF8, 0x03, 0x04, 0x01, 0x82, 0x00, 0xC1, 0x10, 0xC0, 0x89, 0xC0, 0x7C, 0x80, 0x00, 0x02, 0x00,
    0x10, 0x10, 0x85, 0x84, 0x2C, 0x21, 0x61, 0x0B, 0x08, 0x5F, 0xFE, 0x02, 0x04, 0x10, 0x60, 0x83,
    0x04, 0x18, 0x20, 0xC1, 0x07, 0xFF, 0xFF, 0xFF, 0x01, 0x00, 0x02, 0x00, 0x04, 0x03, 0xFF, 0xE0,
    0x10, 0x00, 0x20, 0x00, 0x40, 0x7F, 0xFF, 0x21, 0x04, 0x42, 0x08, 0x84, 0x11, 0x08, 0x22, 0x10,
    0x47, 0xFF, 0x87, 0xFF, 0x00, 0x04, 0x20, 0x08, 0x10, 0x08, 0x10, 0x10, 0x08, 0x30, 0x0C, 0x60,
    0x06, 0xFF, 0xFF, 0x02, 0x0C, 0x06, 0x0C, 0x04, 0x08, 0x04, 0x08, 0x0C, 0x08, 0x18, 0x18, 0x30,
    0x18, 0x41, 0xF8, 0x00, 0x00, 0x10, 0x00, 0x11, 0xFF, 0x11, 0xFF, 0x10, 0x21, 0x16, 0x21, 0x7C,
    0x21, 0x10, 0x21, 0x10, 0x61, 0x10, 0x61, 0x10, 0x63, 0x16, 0x43, 0x38, 0xC3, 0x20, 0x83, 0x01,
    0x03, 0x06, 0x1E, 0x00, 0x00, 0x10, 0x02, 0x2C, 0x04, 0x4C, 0x48, 0xC8, 0x91, 0xFD, 0x2F, 0xC2,
    0x42, 0x64, 0x84, 0x89, 0x0B, 0x12, 0x1C, 0x24, 0x30, 0x48, 0x60, 0x13, 0x64, 0x2C, 0x78, 0x70,
    0x77, 0x80, 0x00, 0x00, 0x00, 0x00, 0x1F, 0xF0, 0x4C, 0x09, 0x20, 0x24, 0xFC, 0x97, 0xF2, 0x50,
    0xC9, 0xC2, 0x26, 0xC8, 0x91, 0xE2, 0x43, 0x09, 0x08, 0x04, 0x60, 0x13, 0x00, 0x70, 0x07, 0x00,
    0x00, 0x7F, 0x04, 0xFE, 0x49, 0x24, 0x92, 0x49, 0x24, 0x92, 0x49, 0x24, 0x92, 0x49, 0x24, 0x92,
    0x49, 0x24, 0x92, 0x49, 0x64, 0x90, 0xE0, 0x23, 0x60, 0x4C, 0x60, 0xB0, 0x0F, 0x00, 0x00, 0x04,
    0x02, 0x18, 0x04, 0x68, 0x48, 0x88, 0x92, 0x09, 0x28, 0x0A, 0x6F, 0xC4, 0x90, 0x89, 0x21, 0x12,
    0x42, 0x24, 0x8C, 0x49, 0x78, 0x92, 0x08, 0x24, 0x10, 0x4F, 0xE7, 0x80, 0x20, 0x00, 0x13, 0xFE,
    0x0B, 0xFE, 0xFC, 0x42, 0x0C, 0x42, 0x08, 0x42, 0x1C, 0x42, 0x3C, 0xC2, 0x78, 0xC2, 0xD4, 0x86,
    0x90, 0x86, 0x11, 0x86, 0x11, 0x06, 0x12, 0x06, 0x16, 0x7C, 0x00, 0x00, 0x39, 0xC2, 0xDE, 0xC5,
    0xBD, 0xAB, 0x7B, 0x56, 0xF6, 0xAD, 0xED, 0x7F, 0xFA, 0xBF, 0xF5, 0x6F, 0x6A, 0xDE, 0xD5, 0xBD,
    0xAB, 0x7B, 0x16, 0xF6, 0x29, 0xCC, 0x77, 0xB1, 0x80, 0x00, 0x3F, 0x81, 0x3F, 0x81, 0x20, 0xA1,
    0x20, 0xA1, 0x20, 0xA1, 0x3F, 0xA1, 0x08, 0x21, 0x18, 0x21, 0x1F, 0xA1, 0x18, 0xA1, 0x10, 0xA1,
    0x11, 0x81, 0x31, 0x81, 0x21, 0x81, 0x6F, 0x0F, 0x00, 0x00, 0x03, 0x03, 0xFC, 0x04, 0x20, 0x88,
    0x41, 0x10, 0x82, 0x3F, 0xF4, 0x46, 0x08, 0x8E, 0x11, 0x3E, 0x22, 0x56, 0x45, 0x20, 0x8E, 0x40,
    0x10, 0x80, 0x21, 0x00, 0x42, 0x07, 0x80, 0x00, 0x00, 0x01, 0xFE, 0x17, 0xFA, 0x44, 0x89, 0x23,
    0x25, 0xFE, 0x97, 0x0A, 0x42, 0x09, 0x08, 0x25, 0xFE, 0x90, 0x82, 0x42, 0x09, 0x0F, 0x87, 0xF0,
    0x10, 0x01, 0xC0, 0x00, 0x14, 0x01, 0x34, 0x01, 0x3F, 0x89, 0x3F, 0xC9, 0x64, 0x09, 0x7F, 0xE9,
    0x04, 0x09, 0x04, 0x09, 0x3F, 0xC9, 0x24, 0x49, 0x24, 0x49, 0x24, 0x41, 0x24, 0x41, 0x25, 0xC1,
    0x04, 0x0F, 0x00, 0x00, 0x00, 0x02, 0xFF, 0x85, 0x81, 0x4B, 0x02, 0x97, 0xFD, 0x2C, 0x42, 0x58,
    0x84, 0xBF, 0xE9, 0x72, 0x52, 0xE4, 0xA5, 0xC9, 0x4B, 0x92, 0x15, 0x3C, 0x38, 0x40, 0x60, 0x83,
    0x80, 0x00, 0x00, 0x00, 0x60, 0x10, 0x80, 0x7F, 0xE9, 0x10, 0x24, 0xCC, 0x96, 0x22, 0x7F, 0x89,
    0x0C, 0xA4, 0x64, 0x93, 0x32, 0x71, 0x89, 0x0E, 0x24, 0x64, 0x17, 0x08, 0x70, 0x07, 0x00, 0x00,
    0x08, 0x83, 0x93, 0x05, 0x24, 0x8B, 0x51, 0x17, 0xF2, 0x3F, 0xE4, 0x70, 0x48, 0xFF, 0x91, 0xC1,
    0x23, 0x82, 0x47, 0xFC, 0x8E, 0x08, 0x1C, 0x10, 0x38, 0x20, 0x71, 0xC7, 0x80, 0x00, 0x10, 0x10,
    0x30, 0x60, 0x20, 0x87, 0xFF, 0xF0, 0x00, 0x0F, 0xC9, 0x90, 0x93, 0x3F, 0x26, 0x7E, 0x4C, 0x84,
    0x99, 0xF9, 0x32, 0x12, 0x64, 0x20, 0xC8, 0x41, 0x93, 0x8F, 0x00, 0x00, 0x08, 0x10, 0x04, 0x10,
    0x7F, 0xFF, 0x3F, 0x24, 0x21, 0x24, 0x3F, 0x24, 0x21, 0x24, 0x3F, 0x24, 0x23, 0x0C, 0x02, 0x0C,
    0x7F, 0xFE, 0x01, 0x06, 0x02, 0x04, 0x0C, 0x04, 0x78, 0x7C, 0x00, 0x00, 0x00, 0x00, 0x20, 0x1F,
    0xF8, 0x60, 0x29, 0x88, 0xA5, 0xFC, 0x90, 0x82, 0x5F, 0xC9, 0x08, 0x27, 0xFE, 0x90, 0x82, 0x5F,
    0xE9, 0x41, 0x85, 0x06, 0x17, 0xF8, 0x50, 0x67, 0x01, 0x00, 0x01, 0x00, 0x01, 0x00, 0x01, 0x00,
    0x7F, 0xFF, 0x01, 0x02, 0x03, 0x02, 0x03, 0x02, 0x02, 0x02, 0x02, 0x06, 0x04, 0x06, 0x0C, 0x06,
    0x18, 0x06, 0x30, 0x06, 0x60, 0x7C, 0x00, 0x00, 0x00, 0x00, 0x01, 0x00, 0x01, 0x00, 0x01, 0x00,
    0x7F, 0xF8, 0x01, 0x18, 0x03, 0x18, 0x13, 0x1E, 0x32, 0x1A, 0x22, 0x12, 0x66, 0x13, 0x44, 0x11,
    0x08, 0x10, 0x18, 0x30, 0x30, 0x30, 0x41, 0xF0, 0x00, 0x00, 0x00, 0x40, 0x00, 0x40, 0xFE, 0x40,
    0x10, 0x40, 0x13, 0xFF, 0x10, 0x43, 0x10, 0x42, 0x10, 0xC2, 0x10, 0xC2, 0x16, 0x82, 0x7C, 0x86,
    0xC1, 0x06, 0x03, 0x06, 0x06, 0x06, 0x0C, 0x7C, 0x00, 0x00, 0x10, 0x00, 0x10, 0x00, 0x10, 0x7E,
    0xFF, 0x42, 0x11, 0x42, 0x11, 0x42, 0x11, 0x42, 0x11, 0x42, 0x31, 0x42, 0x31, 0x42, 0x21, 0x42,
    0x21, 0x42, 0x63, 0x42, 0x43, 0x7E, 0x8F, 0x42, 0x03, 0x00, 0x06, 0x00, 0x0F, 0xFC, 0x1C, 0x08,
    0x36, 0x30, 0x01, 0xE0, 0x07, 0xF0, 0x7C, 0x1F, 0x00, 0x80, 0x3F, 0xFE, 0x01, 0x06, 0x03, 0x04,
    0x02, 0x04, 0x0C, 0x04, 0x70, 0x7C, 0x00, 0x00, 0x00, 0x20, 0xFE, 0x20, 0x00, 0x20, 0x00, 0x20,
    0x01, 0xFE, 0xFF, 0x22, 0x20, 0x22, 0x20, 0x22, 0x64, 0x62, 0x46, 0x42, 0x42, 0x46, 0xFE, 0x46,
    0xE3, 0x86, 0x00, 0x86, 0x01, 0x3C, 0x00, 0x00, 0x00, 0x00, 0x08, 0x00, 0x08, 0xFF, 0x7F, 0x62,
    0x11, 0x26, 0x33, 0x34, 0x3E, 0x18, 0x0E, 0x3C, 0x3B, 0xE7, 0x60, 0x80, 0x01, 0x80, 0x3F, 0xFE,
    0x01, 0x02, 0x03, 0x06, 0x06, 0x04, 0x38, 0x3C, 0x60, 0x00, 0x10, 0x20, 0x18, 0x20, 0xFF, 0x20,
    0x00, 0x20, 0x26, 0xFE, 0x22, 0x22, 0x41, 0x22, 0xC7, 0x22, 0x34, 0x62, 0x1C, 0x62, 0x0C, 0x46,
    0x1E, 0x46, 0x32, 0xC6, 0x60, 0x86, 0xC1, 0x3C, 0x00, 0x00, 0x0F, 0x90, 0x3F, 0x08, 0x02, 0x04,
    0x1F, 0xF2, 0x00, 0x87, 0xF3, 0xFC, 0x89, 0x22, 0x44, 0xFF, 0x62, 0x48, 0xB1, 0x3F, 0xD0, 0x82,
    0x08, 0xCF, 0xFC, 0x60, 0x84, 0x33, 0xFE, 0x19, 0x06, 0x78, 0x00, 0x00, 0x08, 0x00, 0x08, 0x00,
    0x18, 0x00, 0x1F, 0xFF, 0x31, 0x33, 0x23, 0x33, 0x62, 0x23, 0xC6, 0x22, 0x04, 0x62, 0x0C, 0x42,
    0x08, 0x42, 0x10, 0x86, 0x21, 0x86, 0x01, 0x06, 0x02, 0x3C, 0x00, 0x00, 0x08, 0x80, 0x08, 0x80,
    0x18, 0x80, 0x10, 0x84, 0x30, 0x88, 0x70, 0x98, 0xD0, 0xB0, 0x90, 0xC0, 0x11, 0x80, 0x13, 0x80,
    0x14, 0x82, 0x10, 0x82, 0x10, 0x82, 0x10, 0x82, 0x10, 0xFE, 0x00, 0x01, 0xFF, 0xFE, 0x21, 0x04,
    0x42, 0x08, 0x84, 0x11, 0x08, 0x22, 0x10, 0x44, 0x22, 0x98, 0x45, 0x20, 0x8A, 0xC1, 0xF7, 0x00,
    0x08, 0x00, 0x1F, 0xFF, 0x80, 0xFF, 0xFD, 0x00, 0x02, 0x00, 0x84, 0xC2, 0x08, 0xCC, 0x10, 0xF0,
    0x20, 0xC0, 0x41, 0xC0, 0x84, 0xC1, 0x10, 0xC2, 0xC0, 0xC5, 0x00, 0x88, 0x00, 0x1F, 0xFF, 0x80,
    0x00, 0x00, 0x08, 0x18, 0x04, 0x10, 0x3F, 0xFC, 0x3F, 0xFC, 0x20, 0x84, 0x20, 0x84, 0x3F, 0xFC,
    0x20, 0x84, 0x20, 0x84, 0x3F, 0xFC, 0x00, 0x80, 0x7F, 0xFF, 0x00, 0x80, 0x00, 0x80, 0x00, 0x80,
    0x00, 0x00, 0x31, 0x0C, 0x11, 0x88, 0x18, 0x98, 0x3F, 0xFC, 0x20, 0x84, 0x20, 0x84, 0x3F, 0xFC,
    0x20, 0x84, 0x20, 0x84, 0x3F, 0xFC, 0x00, 0x80, 0x7F, 0xFF, 0x00, 0x80, 0x00, 0x80, 0x00, 0x80,
    0x02, 0x00, 0x18, 0x00, 0x60, 0x01, 0x80, 0x07, 0xFC, 0x18, 0x00, 0x60, 0x01, 0x80, 0x06, 0x03,
    0xFF, 0xCC, 0x01, 0x30, 0x04, 0xC0, 0x13, 0x00, 0x4F, 0xFF, 0x30, 0x04, 0x00, 0x00, 0x01, 0x00,
    0x01, 0x00, 0x01, 0x00, 0x01, 0xFC, 0x01, 0x00, 0x01, 0x00, 0xFF, 0xFF, 0x01, 0x00, 0x01, 0x00,
    0x01, 0xE0, 0x01, 0x38, 0x01, 0x0C, 0x01, 0x00, 0x01, 0x00, 0x01, 0x00, 0x00, 0x01, 0xFC, 0xFB,
    0x09, 0x16, 0x12, 0x2F, 0xE4, 0x58, 0x48, 0xB0, 0x91, 0x61, 0x22, 0xFE, 0x45, 0x80, 0x8B, 0x31,
    0x16, 0x22, 0xED, 0xE4, 0x1E, 0x68, 0x20, 0x10, 0x00, 0x3F, 0xFF, 0x20, 0x00, 0x20, 0x80, 0x20,
    0x80, 0x20, 0x80, 0x2F, 0xFE, 0x20, 0x82, 0x61, 0x82, 0x61, 0x86, 0x61, 0x06, 0x61, 0x06, 0x42,
    0x06, 0x46, 0x06, 0xDC, 0x7C, 0x00, 0x00, 0x3F, 0xFF, 0x20, 0x40, 0x20, 0xC0, 0x2F, 0xFC, 0x28,
    0x04, 0x2F, 0xFC, 0x28, 0x04, 0x68, 0x04, 0x6F, 0xFC, 0x60, 0x48, 0x64, 0x4C, 0x4C, 0x46, 0xD8,
    0x42, 0x83, 0xC0, 0x00, 0x80, 0x00, 0x80, 0x00, 0x80, 0x3F, 0xFE, 0x00, 0x80, 0x00, 0x80, 0x00,
    0x80, 0x7F, 0xFF, 0x7F, 0xFF, 0x02, 0x00, 0x04, 0x10, 0x0C, 0x18, 0x18, 0x0C, 0x13, 0xFC, 0x3F,
    0x82, 0x00, 0x00, 0x3F, 0xF0, 0x7F, 0xF0, 0x04, 0x10, 0x04, 0x10, 0x04, 0x30, 0x06, 0x3F, 0x0E,
    0x02, 0x0F, 0x02, 0x0D, 0x06, 0x09, 0x84, 0x18, 0xC8, 0x10, 0x70, 0x30, 0x70, 0x61, 0xDC, 0x47,
    0x07, 0x00, 0x00, 0x00, 0x00, 0x00, 0x7C, 0x1F, 0xE0, 0x10, 0x00, 0x10, 0x00, 0x10, 0x00, 0x1F,
    0xFC, 0x16, 0x04, 0x12, 0x08, 0x33, 0x08, 0x31, 0x10, 0x30, 0xB0, 0x30, 0xE0, 0x21, 0xF0, 0x67,
    0x1C, 0x4C, 0x07, 0x00, 0x00, 0x01, 0x90, 0x11, 0x18, 0x11, 0x0C, 0x31, 0x00, 0x3F, 0xFE, 0x02,
    0x00, 0x02, 0x00, 0x07, 0xF8, 0x06, 0x08, 0x0F, 0x18, 0x19, 0x30, 0x10, 0xE0, 0x60, 0xE0, 0x41,
    0xB0, 0x07, 0x1C, 0x08, 0x03, 0xFF, 0x80, 0x23, 0xFF, 0x23, 0x42, 0x3F, 0x66, 0x23, 0x26, 0x23,
    0x26, 0x23, 0x24, 0x3F, 0x3C, 0x23, 0x18, 0x23, 0x18, 0x3F, 0x18, 0xF3, 0x3C, 0x03, 0x66, 0x03,
    0xC3, 0x00, 0x00, 0x00, 0xF9, 0xFF, 0x80, 0x8C, 0x21, 0x88, 0x81, 0x13, 0x1F, 0xFF, 0xE0, 0x00,
    0xC0, 0x01, 0xBF, 0xF2, 0x20, 0x20, 0x20, 0x80, 0x26, 0x00, 0x38, 0x01, 0xF8, 0x1E, 0x1F, 0x60,
    0x07, 0x03, 0x00, 0x03, 0x03, 0xFF, 0xF8, 0x22, 0x01, 0x45, 0x04, 0x89, 0x19, 0x13, 0x22, 0x22,
    0x7F, 0xF8, 0x20, 0x20, 0x60, 0x80, 0x26, 0x00, 0x38, 0x03, 0xDC, 0x3C, 0x0F, 0x80, 0x00, 0xFF,
    0xF8, 0x01, 0x80, 0x18, 0x01, 0x80, 0x18, 0x01, 0x80, 0x18, 0x01, 0x80, 0x18, 0x01, 0xFF, 0xF8,
    0x01, 0x80, 0x10, 0xFF, 0xFE, 0x00, 0x10, 0x00, 0x20, 0x00, 0x47, 0xF8, 0x8C, 0x11, 0x18, 0x22,
    0x30, 0x44, 0x60, 0x88, 0xFF, 0x11, 0x80, 0x21, 0x00, 0x40, 0x00, 0x80, 0x1F, 0x00, 0x02, 0x00,
    0x0C, 0x00, 0x31, 0x00, 0xC3, 0x03, 0x03, 0x0C, 0x0F, 0x3F, 0xFF, 0x00, 0x02, 0x3F, 0xF8, 0x40,
    0x30, 0x80, 0x61, 0x00, 0xC2, 0x01, 0x87, 0xFF, 0x08, 0x06, 0x00, 0x00, 0x00, 0x80, 0x00, 0x80,
    0x00, 0x80, 0x3F, 0xFE, 0x20, 0x86, 0x20, 0x86, 0x20, 0x86, 0x3F, 0xFE, 0x00, 0x80, 0x11, 0x80,
    0x09, 0x00, 0x0F, 0x00, 0x06, 0x00, 0x1F, 0x80, 0x70, 0x7E, 0x00, 0x07, 0x01, 0x00, 0x01, 0x00,
    0x03, 0x00, 0x7F, 0xFF, 0x02, 0x00, 0x04, 0x00, 0x04, 0x00, 0x08, 0x00, 0x1F, 0xFE, 0x3C, 0x06,
    0x6C, 0x06, 0x4C, 0x06, 0x0C, 0x06, 0x0F, 0xFE, 0x0C, 0x06, 0x3F, 0xF8, 0x40, 0x30, 0x80, 0x61,
    0xFF, 0xC0, 0x00, 0x00, 0x00, 0x3F, 0xFF, 0x88, 0x00, 0x10, 0x00, 0x7F, 0xE0, 0x00, 0x40, 0x00,
    0x80, 0x03, 0x00, 0x7C, 0x00, 0x00, 0x00, 0x00, 0x00, 0x01, 0x80, 0x01, 0xC0, 0x02, 0x60, 0x0C,
    0x30, 0x18, 0x1C, 0x7F, 0xF7, 0xC0, 0x01, 0x00, 0x00, 0x1F, 0xFC, 0x10, 0x0C, 0x10, 0x0C, 0x10,
    0x0C, 0x10, 0x0C, 0x1F, 0xFC, 0x10, 0x0C, 0x00, 0x00, 0xFF, 0xFE, 0x00, 0x18, 0x00, 0x67, 0xFD,
    0x80, 0x06, 0x3F, 0x98, 0x82, 0x62, 0x09, 0x88, 0x26, 0x20, 0x98, 0xFE, 0x62, 0x01, 0x80, 0x06,
    0x00, 0xF0, 0x01, 0x00, 0x04, 0x00, 0x1F, 0xF0, 0x40, 0x43, 0x41, 0x0C, 0xCC, 0x00, 0x70, 0x01,
    0xC0, 0x0F, 0xFC, 0xF0, 0x09, 0x20, 0x10, 0x40, 0x20, 0x80, 0x41, 0xFF, 0x82, 0x01, 0x00, 0x00,
    0x00, 0x00, 0x00, 0x7F, 0x0F, 0xF8, 0x06, 0x00, 0x03, 0x00, 0x01, 0x80, 0x00, 0xFF, 0xFE, 0x60,
    0x00, 0x30, 0x00, 0x1B, 0xFF, 0x0D, 0x00, 0x86, 0x80, 0x42, 0x40, 0x23, 0x20, 0x11, 0x9F, 0xF8,
    0x88, 0x04, 0x00, 0x00, 0x18, 0x00, 0x40, 0x01, 0x00, 0xFF, 0xFE, 0x00, 0x38, 0x00, 0xE7, 0xF3,
    0x90, 0x4E, 0x41, 0x39, 0x04, 0xE4, 0x13, 0x9F, 0xCE, 0x40, 0x38, 0x00, 0xE0, 0x1E, 0x7F, 0xFF,
    0x00, 0xC0, 0x01, 0x80, 0x03, 0xF0, 0x0C, 0x9C, 0x38, 0x86, 0x40, 0x81, 0x00, 0x80, 0x1F, 0xFC,
    0x10, 0x04, 0x10, 0x04, 0x10, 0x04, 0x1F, 0xFC, 0x10, 0x04, 0x00, 0x00, 0x00, 0x00, 0x01, 0x00,
    0x03, 0x01, 0xFF, 0xF3, 0x00, 0x26, 0x00, 0x4C, 0x00, 0x9F, 0xFF, 0x30, 0x00, 0x60, 0x00, 0xFF,
    0xF9, 0xC0, 0x13, 0x80, 0x25, 0x00, 0x5B, 0xFF, 0xA4, 0x01, 0x00, 0x00, 0x08, 0x80, 0x08, 0x80,
    0x18, 0x80, 0x1F, 0xFE, 0x20, 0x80, 0x40, 0x80, 0xFF, 0xFF, 0x7F, 0xFF, 0x00, 0x00, 0x1F, 0xFC,
    0x30, 0x04, 0x30, 0x04, 0x30, 0x04, 0x30, 0x04, 0x3F, 0xFC, 0x00, 0x00, 0x01, 0x80, 0x03, 0xC0,
    0x06, 0x60, 0x0C, 0x38, 0x3F, 0xFC, 0xE0, 0x07, 0x00, 0x00, 0x3E, 0x7E, 0x22, 0x46, 0x22, 0x46,
    0x22, 0x46, 0x3E, 0x46, 0x3E, 0x5C, 0x20, 0x40, 0x00, 0x40, 0x07, 0x00, 0xF9, 0xFC, 0x23, 0x08,
    0x46, 0x10, 0x8C, 0x3F, 0xF8, 0x47, 0x30, 0x8F, 0x61, 0x2B, 0xC2, 0xD3, 0x85, 0x23, 0x0E, 0x46,
    0x10, 0x8F, 0xE1, 0x18, 0x42, 0x10, 0x80, 0x00, 0x40, 0x00, 0xC3, 0xC2, 0x84, 0x8C, 0x89, 0x31,
    0x92, 0xFF, 0xA7, 0x01, 0xC8, 0x00, 0x93, 0xF9, 0x24, 0x1B, 0xC8, 0x34, 0x10, 0x68, 0x20, 0xC0,
    0x7F, 0x80, 0x83, 0x00, 0x00, 0x03, 0x00, 0x02, 0x03, 0xFF, 0xF8, 0x41, 0x00, 0xC6, 0x0F, 0xFF,
    0x91, 0x11, 0x26, 0x32, 0x58, 0x34, 0xBF, 0xC9, 0x21, 0x92, 0x43, 0x24, 0xFE, 0x49, 0x00, 0x90,
    0x0F, 0x00, 0x3E, 0x7E, 0x22, 0x42, 0x22, 0x42, 0x3E, 0x7E, 0x01, 0x30, 0x03, 0x18, 0x7F, 0xFF,
    0x0C, 0x30, 0x38, 0x0C, 0x7E, 0x7F, 0x22, 0x42, 0x22, 0x42, 0x22, 0x42, 0x3E, 0x7E, 0x7F, 0xFD,
    0xFF, 0xFF, 0x11, 0x1E, 0x22, 0x3C, 0x44, 0x78, 0x88, 0xF3, 0x11, 0xE4, 0x23, 0xD8, 0x7F, 0xE0,
    0x0F, 0x00, 0x1F, 0xFF, 0xFC, 0x00, 0x68, 0x00, 0x80, 0x7F, 0xFE, 0x40, 0x02, 0x40, 0x02, 0x47,
    0xE2, 0x44, 0x22, 0x44, 0x22, 0x44, 0x22, 0x44, 0x22, 0x44, 0x22, 0x47, 0xE2, 0x40, 0x02, 0x40,
    0x02, 0x7F, 0xFE, 0x40, 0x02, 0x7F, 0xFE, 0x40, 0x82, 0x40, 0x82, 0x41, 0x82, 0x5F, 0xFA, 0x41,
    0x02, 0x41, 0x82, 0x43, 0x42, 0x42, 0x22, 0x46, 0x32, 0x4C, 0x1A, 0x50, 0x0A, 0x7F, 0xFE, 0x40,
    0x02, 0xFF, 0xFD, 0x08, 0x8A, 0x11, 0x14, 0x22, 0x2B, 0xFF, 0xD0, 0x88, 0xA1, 0x11, 0x5F, 0xFE,
    0x8C, 0x45, 0x10, 0x8A, 0x61, 0x15, 0x82, 0x28, 0x00, 0x5F, 0xFF, 0x80, 0x7F, 0xFE, 0x41, 0x02,
    0x7F, 0xFA, 0x41, 0x02, 0x41, 0x02, 0x5F, 0xF2, 0x41, 0x02, 0x7F, 0xFA, 0x41, 0x0A, 0x41, 0x1A,
    0x41, 0x72, 0x41, 0x02, 0x7F, 0xFE, 0x40, 0x02, 0xFF, 0xFF, 0x82, 0x0F, 0x04, 0x1F, 0xFF, 0xFC,
    0x10, 0x78, 0x20, 0xF3, 0xF9, 0xE7, 0xF3, 0xC8, 0x27, 0x90, 0x4F, 0x3F, 0x9E, 0x00, 0x3C, 0x00,
    0x7F, 0xFF, 0xC0, 0xFF, 0xFE, 0x10, 0x18, 0xFE, 0x66, 0x11, 0xB5, 0x86, 0x8C, 0x19, 0xCC, 0x7C,
    0x0D, 0x87, 0x86, 0x02, 0x19, 0xF0, 0x60, 0x71, 0x80, 0x07, 0xFF, 0xF0, 0x03, 0x00, 0x02, 0x00,
    0x02, 0x00, 0x7F, 0xFF, 0x04, 0x20, 0x08, 0x20, 0x18, 0x20, 0x10, 0x20, 0x33, 0xFE, 0x50, 0x20,
    0x10, 0x20, 0x10, 0x20, 0x10, 0x20, 0x10, 0x20, 0x17, 0xFF, 0x10, 0x10, 0x11, 0x10, 0x11, 0x10,
    0x11, 0x16, 0xFD, 0x1E, 0x11, 0xF2, 0x13, 0x92, 0x17, 0x12, 0x11, 0x12, 0x15, 0x12, 0x1D, 0x1E,
    0xE1, 0x11, 0x01, 0x01, 0x01, 0x01, 0x01, 0xFF, 0x10, 0x10, 0x08, 0x08, 0x04, 0x04, 0x02, 0x22,
    0x0F, 0xF1, 0x00, 0x88, 0x80, 0x44, 0x7C, 0x22, 0x20, 0x11, 0x10, 0x09, 0x88, 0x07, 0x44, 0x0E,
    0x22, 0x00, 0x11, 0x00, 0x08, 0x80, 0x1F, 0xFC, 0x00, 0x00, 0x10, 0x00, 0x09, 0xFF, 0x84, 0x04,
    0x02, 0x06, 0x07, 0xC2, 0x00, 0x83, 0xC0, 0x42, 0xB0, 0x23, 0x44, 0x16, 0x21, 0x08, 0x10, 0x07,
    0x88, 0x0E, 0x04, 0x04, 0x02, 0x00, 0x01, 0x00, 0x00, 0x80, 0x13, 0xFE, 0x13, 0xFE, 0x12, 0x22,
    0x12, 0x22, 0x7F, 0xFE, 0x12, 0x22, 0x12, 0x22, 0x13, 0xFE, 0x10, 0x20, 0x1C, 0x20, 0x3B, 0xFF,
    0xE0, 0x20, 0x00, 0x20, 0x00, 0x20, 0x0F, 0xFF, 0x00, 0x00, 0x08, 0x02, 0x04, 0x7F, 0x9F, 0xF0,
    0xC1, 0x18, 0x67, 0xFC, 0xF3, 0xFE, 0x00, 0x8B, 0xFC, 0x7D, 0xC6, 0x7F, 0xF2, 0x04, 0x69, 0x02,
    0x37, 0x9F, 0xF9, 0x80, 0x8C, 0xC0, 0x46, 0xB0, 0x23, 0x84, 0x00, 0x00, 0x00, 0x80, 0x00, 0x80,
    0x7F, 0xFF, 0x00, 0x80, 0x00, 0x80, 0x3F, 0xFE, 0x1F, 0xFE, 0x3F, 0xFE, 0x30, 0x82, 0x30, 0x82,
    0x30, 0x82, 0x3F, 0xFE, 0x3F, 0xFE, 0x20, 0x00, 0x60, 0x00, 0x40, 0x00, 0x40, 0x00, 0x08, 0x10,
    0x04, 0x08, 0x07, 0xE4, 0x02, 0x32, 0x01, 0x11, 0x81, 0xC8, 0xE0, 0xA4, 0x58, 0xD6, 0x24, 0x0A,
    0x11, 0x03, 0x08, 0x01, 0x84, 0x01, 0xC2, 0x01, 0x98, 0x01, 0x87, 0x81, 0x80, 0xFE, 0x00, 0x00,
    0x06, 0x00, 0x0F, 0xF8, 0x1C, 0x18, 0x36, 0x70, 0x43, 0xC0, 0x03, 0xC0, 0x1C, 0x3C, 0xFF, 0xFF,
    0x1F, 0xFC, 0x11, 0x84, 0x11, 0x84, 0x1F, 0xFC, 0x11, 0x84, 0x11, 0x84, 0x1F, 0xFC, 0x00, 0x00,
    0x03, 0x00, 0x03, 0x83, 0xFF, 0xF8, 0x22, 0x01, 0x45, 0x04, 0x89, 0x19, 0x11, 0x62, 0x21, 0x06,
    0x00, 0x1F, 0xE0, 0x60, 0xC3, 0x63, 0x00, 0x7C, 0x00, 0xF8, 0x1F, 0x1E, 0x60, 0x07, 0x04, 0x00,
    0x04, 0x00, 0x07, 0xFF, 0xC6, 0x00, 0x06, 0xFF, 0xC0, 0x40, 0x20, 0x3F, 0xF0, 0x10, 0x08, 0x0F,
    0xFC, 0x03, 0x00, 0x03, 0xFF, 0x03, 0x83, 0x03, 0x37, 0x00, 0x1F, 0x00, 0xFC, 0xFC, 0xE0, 0x06,
    0x08, 0x20, 0x08, 0x20, 0x18, 0x20, 0x1F, 0xA0, 0x11, 0x20, 0x21, 0x30, 0x21, 0x38, 0x5B, 0x26,
    0x0E, 0x23, 0x06, 0x21, 0x04, 0x20, 0x0C, 0x20, 0x18, 0x20, 0x30, 0x20, 0x60, 0x20, 0x00, 0x00,
    0x00, 0x80, 0x00, 0x80, 0x00, 0x80, 0x01, 0x80, 0x01, 0x80, 0x7F, 0xFF, 0x01, 0xC0, 0x01, 0x40,
    0x03, 0x40, 0x02, 0x20, 0x06, 0x30, 0x04, 0x10, 0x08, 0x08, 0x10, 0x0C, 0x60, 0x03, 0x00, 0x00,
    0x7F, 0xFE, 0x00, 0x80, 0x00, 0x80, 0x00, 0x80, 0x00, 0x80, 0x01, 0x80, 0x7F, 0xFF, 0x01, 0xC0,
    0x03, 0x40, 0x02, 0x60, 0x04, 0x20, 0x18, 0x10, 0x30, 0x0C, 0x40, 0x07, 0x00, 0x00, 0x00, 0x80,
    0x00, 0x40, 0x00, 0x20, 0x00, 0x10, 0x00, 0x18, 0x03, 0xFF, 0xF8, 0x07, 0x00, 0x02, 0x80, 0x01,
    0x60, 0x01, 0x10, 0x00, 0x8C, 0x00, 0xC2, 0x00, 0xF0, 0x80, 0xCC, 0x21, 0xC3, 0x0C, 0x80, 0x00,
    0x00, 0x80, 0x00, 0x40, 0x00, 0x20, 0x03, 0xFF, 0x81, 0x08, 0x40, 0x84, 0x20, 0x42, 0x10, 0x21,
    0x08, 0x10, 0x84, 0x3F, 0xFF, 0x80, 0x70, 0x00, 0x28, 0x00, 0x32, 0x00, 0x31, 0x80, 0x30, 0x60,
    0x60, 0x0C, 0x40, 0x01, 0x00, 0x08, 0x80, 0x04, 0x40, 0x06, 0x20, 0x03, 0xFF, 0xC3, 0x08, 0x01,
    0x04, 0x01, 0x82, 0x00, 0x03, 0x00, 0x7F, 0xFF, 0x00, 0xE0, 0x00, 0x50, 0x00, 0x4C, 0x00, 0x63,
    0x00, 0x60, 0xC0, 0xC0, 0x38, 0x80, 0x02, 0x00, 0x80, 0x00, 0x80, 0x00, 0x80, 0x7F, 0xFE, 0x10,
    0x88, 0x18, 0x88, 0x08, 0x90, 0x0D, 0xA0, 0x7F, 0xFF, 0x01, 0xC0, 0x01, 0x40, 0x02, 0x60, 0x06,
    0x30, 0x0C, 0x18, 0x70, 0x07, 0x40, 0x00, 0x08, 0x00, 0x18, 0x00, 0x18, 0x7E, 0x10, 0xC3, 0xFF,
    0xC3, 0x13, 0xC3, 0x33, 0xC3, 0x22, 0xC3, 0x22, 0xC3, 0x22, 0xC3, 0x36, 0xC3, 0x1C, 0xC3, 0x0E,
    0xC3, 0x1B, 0xC3, 0x31, 0xFF, 0x60, 0xC3, 0x40, 0x00, 0x00, 0x00, 0x30, 0x20, 0x20, 0x60, 0x20,
    0x48, 0xFC, 0x84, 0x25, 0x86, 0x67, 0x06, 0x47, 0xFF, 0x4C, 0x01, 0x49, 0xFE, 0x69, 0x02, 0x39,
    0x02, 0x19, 0x02, 0x35, 0x02, 0x63, 0x02, 0xC1, 0xFE, 0x00, 0x00, 0x00, 0x00, 0x04, 0x00, 0x0C,
    0x07, 0xFF, 0xE8, 0x00, 0x50, 0x00, 0xAF, 0xFD, 0x00, 0x30, 0x01, 0x80, 0x06, 0x03, 0xFF, 0xF8,
    0x18, 0x00, 0x30, 0x00, 0x60, 0x00, 0xC0, 0x07, 0x00, 0x02, 0x00, 0x02, 0x00, 0x7F, 0xFF, 0x04,
    0x00, 0x0C, 0x00, 0x09, 0xFE, 0x18, 0x0C, 0x30, 0x30, 0x70, 0x20, 0x57, 0xFF, 0x10, 0x20, 0x10,
    0x20, 0x10, 0x20, 0x10, 0x20, 0x11, 0xE0, 0x00, 0x00, 0x84, 0x30, 0x88, 0x41, 0x89, 0x8F, 0xFF,
    0xD0, 0x00, 0xAF, 0xF9, 0x40, 0x32, 0x03, 0x80, 0x04, 0x03, 0xFF, 0xF8, 0x10, 0x00, 0x20, 0x00,
    0x40, 0x00, 0x80, 0x0F, 0x00, 0x00, 0x00, 0x00, 0x00, 0x06, 0x00, 0x04, 0x07, 0xFF, 0xF8, 0x00,
    0x70, 0x00, 0xE4, 0x01, 0x08, 0x18, 0x10, 0xE0, 0x2E, 0x00, 0x70, 0x00, 0x80, 0x01, 0x00, 0x42,
    0x00, 0x84, 0x03, 0x0F, 0xFE, 0x02, 0x00, 0x02, 0x03, 0xFF, 0xFC, 0x00, 0x18, 0x00, 0x37, 0xFF,
    0x40, 0x40, 0x00, 0x80, 0x01, 0x01, 0xFF, 0xFC, 0x04, 0x00, 0x08, 0x00, 0x10, 0x00, 0x20, 0x03,
    0xC0, 0x00, 0x01, 0x00, 0x00, 0x80, 0x7F, 0xFE, 0x40, 0x22, 0x40, 0x22, 0x40, 0x22, 0xFF, 0xFF,
    0x00, 0x20, 0x10, 0x20, 0x08, 0x20, 0x0C, 0x20, 0x06, 0x20, 0x00, 0x20, 0x00, 0x20, 0x01, 0xE0,
    0x00, 0x00, 0x02, 0x00, 0x06, 0x03, 0xFF, 0xF4, 0x00, 0x28, 0x60, 0x50, 0x80, 0xBF, 0xFF, 0x04,
    0x30, 0x10, 0x40, 0x61, 0x80, 0x7E, 0x00, 0x1C, 0x00, 0x6E, 0x07, 0x07, 0x38, 0x03, 0x00, 0x00,
    0x00, 0x01, 0x00, 0x00, 0x80, 0x7F, 0xFE, 0x40, 0x02, 0x40, 0x02, 0x5F, 0xFA, 0x00, 0x00, 0x00,
    0x00, 0x7F, 0xFF, 0x06, 0x60, 0x04, 0x60, 0x04, 0x60, 0x0C, 0x61, 0x18, 0x61, 0x60, 0x3F, 0x03,
    0x00, 0x04, 0x0F, 0xFF, 0xE0, 0x01, 0xBF, 0xF4, 0x80, 0x42, 0x01, 0x0F, 0xFC, 0x20, 0x00, 0x80,
    0x03, 0xFF, 0x88, 0x02, 0x20, 0x08, 0x80, 0x23, 0xFF, 0x80, 0x00, 0x00, 0x06, 0x00, 0x04, 0x07,
    0xFF, 0xF8, 0x10, 0x70, 0x20, 0xE0, 0x40, 0x3F, 0xFC, 0x61, 0x08, 0xC2, 0x11, 0x84, 0x23, 0xFF,
    0xC6, 0x10, 0x8C, 0x21, 0x1F, 0xFE, 0x3F, 0xFC, 0x00, 0x00, 0x01, 0x00, 0x00, 0x80, 0x7F, 0xFE,
    0x40, 0x02, 0x40, 0x02, 0x5F, 0xFE, 0x01, 0x80, 0x01, 0x80, 0x19, 0x80, 0x11, 0xFC, 0x11, 0x80,
    0x39, 0x80, 0x2D, 0x80, 0x67, 0x80, 0xC1, 0xFF, 0x00, 0x00, 0x02, 0x00, 0x02, 0x03, 0xFF, 0xF4,
    0x00, 0x29, 0x10, 0x51, 0x20, 0x81, 0x40, 0x30, 0x80, 0x31, 0x00, 0x06, 0x03, 0xFF, 0xF8, 0x14,
    0x00, 0x46, 0x03, 0x07, 0x3C, 0x03, 0x40, 0x00, 0x03, 0x00, 0x02, 0x03, 0xFF, 0xFC, 0x08, 0x38,
    0x10, 0x6F, 0xFF, 0x00, 0x40, 0x1F, 0xFC, 0x01, 0x00, 0x06, 0x03, 0xFF, 0xF8, 0x34, 0x00, 0xCC,
    0x07, 0x0E, 0x38, 0x07, 0x80, 0x03, 0x00, 0x80, 0x00, 0x40, 0x1F, 0xFF, 0x88, 0x40, 0x44, 0x7F,
    0xA0, 0x70, 0xC0, 0xCC, 0xC0, 0x43, 0xC0, 0x01, 0xE0, 0x07, 0x1E, 0x1F, 0xFF, 0xC1, 0x01, 0x00,
    0x80, 0x80, 0x40, 0x40, 0x3F, 0xE0, 0x01, 0x80, 0x00, 0x80, 0x7F, 0xFE, 0x40, 0x22, 0x46, 0x32,
    0x0C, 0x8C, 0x19, 0xC6, 0x22, 0x60, 0x0C, 0x38, 0x3F, 0xFC, 0xF8, 0x0B, 0x18, 0x08, 0x18, 0x08,
    0x18, 0x08, 0x1F, 0xF8, 0x01, 0x00, 0x01, 0x00, 0xFF, 0xFE, 0x84, 0x42, 0xBF, 0xFA, 0x04, 0x40,
    0x04, 0x40, 0x3F, 0xF0, 0x21, 0x10, 0x21, 0x10, 0x21, 0x10, 0x23, 0x90, 0x26, 0x93, 0x0C, 0x83,
    0x78, 0xFE, 0xC0, 0x00, 0x00, 0x80, 0x00, 0x40, 0x1F, 0xFF, 0xC8, 0x62, 0x24, 0x5B, 0x12, 0xA7,
    0x68, 0x96, 0x38, 0x8E, 0x12, 0x3F, 0xF8, 0x30, 0x40, 0x04, 0x21, 0x02, 0x10, 0x81, 0x08, 0x40,
    0xFF, 0xE0, 0x7F, 0xF0, 0x00, 0x00, 0x00, 0x08, 0x00, 0x08, 0xFE, 0x08, 0x06, 0x08, 0x07, 0xFF,
    0x06, 0x08, 0x64, 0x08, 0x34, 0x88, 0x1C, 0xC8, 0x0C, 0x48, 0x1C, 0x48, 0x12, 0x08, 0x22, 0x08,
    0x40, 0x08, 0x80, 0x78, 0x08, 0x00, 0x08, 0x04, 0x08, 0x04, 0x7F, 0x04, 0x08, 0x04, 0x08, 0xFF,
    0x08, 0x04, 0xFF, 0x84, 0x08, 0x44, 0x08, 0x24, 0x7F, 0x24, 0x08, 0x14, 0x08, 0x04, 0x0B, 0x04,
    0x7E, 0x04, 0x00, 0x3C, 0x0C, 0x04, 0x08, 0x04, 0x3F, 0x04, 0x21, 0x04, 0x3F, 0xFF, 0x21, 0x04,
    0x21, 0x04, 0x3F, 0x44, 0x21, 0x24, 0xFF, 0x34, 0x03, 0x14, 0x0D, 0x04, 0x19, 0x04, 0x71, 0x04,
    0x4F, 0x3C, 0x00, 0x00, 0x00, 0x00, 0x08, 0x20, 0x08, 0x7F, 0x48, 0xC2, 0x6B, 0x44, 0x38, 0x78,
    0x18, 0x74, 0x09, 0xC4, 0x0A, 0x04, 0x1B, 0xFF, 0x38, 0x04, 0x69, 0x84, 0x48, 0xC4, 0x08, 0x44,
    0x08, 0x04, 0x08, 0x3C, 0x00, 0x00, 0x04, 0x08, 0x03, 0x0C, 0x1F, 0xFF, 0xE0, 0x24, 0x01, 0xFF,
    0xE0, 0x99, 0x10, 0x58, 0xF8, 0x3F, 0xFC, 0x1F, 0xFE, 0x0F, 0xFF, 0x00, 0x02, 0x0F, 0xFF, 0xF0,
    0x60, 0x80, 0x18, 0x40, 0x01, 0xE0, 0x00, 0x00, 0x00, 0x40, 0x00, 0x20, 0x00, 0x10, 0x00, 0x08,
    0x00, 0x84, 0x60, 0x42, 0x10, 0x21, 0x0C, 0x20, 0x82, 0x10, 0x41, 0x98, 0x20, 0x58, 0x10, 0x20,
    0x08, 0x10, 0x04, 0x00, 0x02, 0x00, 0x0F, 0x00, 0x00, 0x00, 0x00, 0x00, 0x00, 0x10, 0x50, 0x86,
    0xC4, 0x22, 0x22, 0x01, 0x03, 0xFF, 0xF0, 0x01, 0x80, 0x0C, 0xFE, 0x64, 0x13, 0x20, 0x99, 0x04,
    0xCF, 0xE6, 0x40, 0x30, 0x0F, 0x10, 0x20, 0x18, 0x28, 0xFF, 0x2C, 0x00, 0x24, 0x7F, 0xFE, 0x42,
    0x60, 0x42, 0x60, 0x7E, 0x70, 0x7E, 0x70, 0x18, 0x50, 0x7E, 0x50, 0x5A, 0xD0, 0xDA, 0x92, 0x99,
    0x92, 0x3B, 0x1E, 0x00, 0x00, 0x3F, 0xFC, 0x60, 0x08, 0xC0, 0x11, 0xFF, 0xE3, 0x00, 0x07, 0xFF,
    0xCC, 0x00, 0x98, 0x01, 0x37, 0xF2, 0x48, 0x25, 0x90, 0x4B, 0x3F, 0x9C, 0x40, 0x60, 0x07, 0x80,
    0x00, 0x00, 0x3F, 0xFE, 0x20, 0x02, 0x3F, 0xFE, 0x3F, 0xFE, 0x20, 0x40, 0x20, 0x40, 0x3F, 0xFF,
    0x20, 0x40, 0x60, 0x40, 0x6F, 0xFE, 0x68, 0x06, 0x48, 0x06, 0xC8, 0x06, 0x8F, 0xFE, 0x00, 0x00,
    0x3F, 0xFE, 0x20, 0x02, 0x20, 0x02, 0x3F, 0xFE, 0x24, 0x08, 0x22, 0x18, 0x3F, 0xFE, 0x62, 0x10,
    0x62, 0x10, 0x7F, 0xFF, 0x62, 0x10, 0x46, 0x10, 0xCC, 0x10, 0x98, 0x10, 0x3F, 0xFE, 0x20, 0x02,
    0x20, 0x02, 0x3F, 0xFE, 0x22, 0x10, 0x3F, 0xFE, 0x22, 0x10, 0x22, 0x10, 0x7F, 0xFF, 0x64, 0x46,
    0x64, 0x6C, 0x44, 0x30, 0x45, 0xD8, 0xCF, 0x07, 0x00, 0x01, 0x3F, 0xFE, 0x40, 0x0C, 0xFF, 0xF9,
    0x07, 0xC2, 0xFF, 0x04, 0x08, 0x0B, 0xFF, 0x36, 0x22, 0x67, 0xFC, 0xDF, 0xFD, 0xA1, 0x4A, 0x7F,
    0xDC, 0xFE, 0xB1, 0x01, 0xC0, 0x3F, 0xFE, 0x10, 0x01, 0x0F, 0xFF, 0x84, 0x98, 0x02, 0xCF, 0xF1,
    0xDF, 0xF0, 0x9A, 0x08, 0x59, 0xFC, 0x78, 0xFE, 0x34, 0x7E, 0x1A, 0x3F, 0x89, 0x39, 0x8C, 0xA3,
    0x84, 0x4F, 0x78, 0x00, 0x00, 0x00, 0x00, 0x41, 0x04, 0x82, 0x09, 0x04, 0x13, 0xFF, 0xE0, 0x00,
    0x0F, 0xDF, 0x91, 0xA1, 0x23, 0x42, 0x7E, 0xFC, 0x8D, 0x09, 0x1A, 0x17, 0xF7, 0xEC, 0x68, 0x50,
    0xF0, 0xE7, 0xC7, 0x00, 0x00, 0x00, 0x80, 0x10, 0x41, 0x08, 0x20, 0x87, 0xFF, 0xC3, 0xFF, 0xE1,
    0x11, 0x00, 0x8D, 0xFD, 0xFF, 0xFE, 0x23, 0x4B, 0x11, 0xE5, 0x0F, 0xE2, 0x04, 0x63, 0x02, 0x31,
    0xC1, 0x19, 0xA0, 0xFD, 0x88, 0x47, 0x82, 0x00, 0x00, 0x7F, 0xFF, 0x00, 0x80, 0x00, 0x80, 0x00,
    0x80, 0x00, 0x80, 0x00, 0x80, 0x00, 0x80, 0x00, 0x80, 0x00, 0x80, 0x00, 0x80, 0x00, 0x80, 0x7F,
    0xFF, 0x00, 0x00, 0x02, 0x00, 0x02, 0x00, 0x02, 0x00, 0x7F, 0xFE, 0x04, 0x00, 0x04, 0x00, 0x04,
    0x00, 0x0F, 0xFC, 0x0F, 0xFE, 0x18, 0x40, 0x10, 0x40, 0x20, 0x40, 0x60, 0x40, 0xC0, 0x40, 0x1F,
    0xFF, 0xFF, 0xFC, 0x00, 0x0C, 0x20, 0x0C, 0x60, 0x0C, 0x60, 0x0C, 0x60, 0x0C, 0x7F, 0xFC, 0x60,
    0x08, 0x60, 0x00, 0x60, 0x00, 0x60, 0x03, 0x60, 0x02, 0x60, 0x02, 0x3F, 0xFE, 0x01, 0x00, 0x03,
    0x00, 0x02, 0x00, 0x7F, 0xFF, 0x04, 0xC0, 0x0C, 0xC0, 0x18, 0xC0, 0x1F, 0xFE, 0x78, 0xC2, 0x58,
    0xC2, 0x18, 0xC2, 0x18, 0xC2, 0x18, 0xC2, 0x18, 0xDE, 0x00, 0xC0, 0x00, 0x04, 0x1C, 0x18, 0x07,
    0xF0, 0x03, 0xE0, 0x1F, 0x1C, 0x33, 0x04, 0x7F, 0xFF, 0x04, 0xC0, 0x0C, 0xC0, 0x1F, 0xFE, 0x38,
    0xC6, 0x68, 0xC6, 0x48, 0xC6, 0x08, 0xC6, 0x08, 0xDE, 0x00, 0xC0, 0x21, 0x08, 0xC4, 0x41, 0x12,
    0x3F, 0xFF, 0xFF, 0xFE, 0x7F, 0xD9, 0x01, 0x47, 0xFC, 0x1F, 0xF0, 0x04, 0x07, 0xFF, 0x90, 0x42,
    0x41, 0x09, 0x04, 0x24, 0x17, 0x80, 0x00, 0x00, 0x02, 0x08, 0x1F, 0xFF, 0xC0, 0x82, 0x01, 0xFF,
    0xC0, 0x80, 0x20, 0x7F, 0xF0, 0x20, 0x08, 0x1F, 0xFC, 0x3F, 0xFF, 0x9F, 0xFF, 0xC3, 0x11, 0x83,
    0xFF, 0xF2, 0xC4, 0x68, 0x62, 0x30, 0x31, 0x38, 0x7F, 0xFE, 0x00, 0x80, 0x10, 0x84, 0x18, 0x88,
    0x08, 0x88, 0x0C, 0x90, 0x00, 0x80, 0x7F, 0xFF, 0x00, 0x80, 0x00, 0x80, 0x00, 0x80, 0x00, 0x80,
    0x00, 0x80, 0x00, 0x80, 0x00, 0x00, 0x08, 0x00, 0x18, 0x00, 0x1F, 0xFE, 0x30, 0x80, 0x60, 0x80,
    0x40, 0x80, 0x9F, 0xFE, 0x10, 0x80, 0x10, 0x80, 0x10, 0x80, 0xFF, 0xFF, 0xFF, 0xFE, 0x00, 0x80,
    0x00, 0x80, 0x00, 0x80, 0x08, 0x08, 0x0C, 0x18, 0x04, 0x10, 0x3F, 0xFE, 0x7F, 0xFF, 0x04, 0x10,
    0x04, 0x10, 0x04, 0x10, 0x7F, 0xFF, 0x04, 0x10, 0x0C, 0x10, 0x0C, 0x10, 0x18, 0x10, 0x30, 0x10,
    0x60, 0x10, 0x00, 0x00, 0x00, 0x00, 0x00, 0x80, 0x00, 0x40, 0x3F, 0xFF, 0x20, 0x00, 0x20, 0xC0,
    0x20, 0x80, 0x20, 0x80, 0x21, 0x00, 0x21, 0x10, 0x22, 0x18, 0x62, 0x08, 0x66, 0x04, 0x64, 0x1E,
    0x4F, 0xFA, 0xC8, 0x03, 0x00, 0x00, 0x00, 0x00, 0x00, 0x60, 0x00, 0x10, 0x07, 0xFF, 0xE2, 0x00,
    0x01, 0x00, 0x00, 0x83, 0x08, 0x48, 0x84, 0x24, 0x44, 0x13, 0x22, 0x18, 0x9B, 0x0C, 0x45, 0x06,
    0x20, 0x83, 0x00, 0x81, 0x00, 0x41, 0xBF, 0xFE, 0x80, 0x00, 0x00, 0x00, 0x80, 0x00, 0x40, 0x3F,
    0xFF, 0x20, 0x0C, 0x27, 0xFC, 0x24, 0x20, 0x24, 0x20, 0x24, 0x20, 0x67, 0xFF, 0x64, 0x30, 0x64,
    0x10, 0x64, 0x50, 0x64, 0xF9, 0x4F, 0xAD, 0xCC, 0x17, 0x00, 0x00, 0x00, 0x80, 0x00, 0xC0, 0x3F,
    0xFF, 0x22, 0x08, 0x22, 0x08, 0x3F, 0xFF, 0x22, 0x08, 0x23, 0xF8, 0x20, 0x00, 0x3F, 0xFC, 0x66,
    0x0C, 0x63, 0x18, 0x61, 0xF0, 0x43, 0xF0, 0xDE, 0x1F, 0x00, 0x00, 0x00, 0x20, 0x3C, 0x10, 0x02,
    0xFF, 0x83, 0x04, 0x41, 0x7F, 0xF1, 0x81, 0x11, 0xFF, 0xF8, 0x10, 0x40, 0x6B, 0xFE, 0x14, 0x10,
    0x0E, 0x08, 0x02, 0xFF, 0xE1, 0x82, 0x01, 0x79, 0x01, 0x8F, 0xFC, 0x80, 0x00, 0x7F, 0xFF, 0x04,
    0x10, 0x04, 0x10, 0x04, 0x10, 0x04, 0x10, 0x04, 0x10, 0x7F, 0xFF, 0x04, 0x10, 0x0C, 0x10, 0x0C,
    0x10, 0x08, 0x10, 0x18, 0x10, 0x30, 0x10, 0x60, 0x10, 0x00, 0x00, 0x00, 0x00, 0x3F, 0xFC, 0x20,
    0x04, 0x20, 0x04, 0x3F, 0xFC, 0x20, 0x02, 0x30, 0x02, 0x3F, 0xFE, 0x08, 0x10, 0x08, 0x10, 0xFF,
    0xFF, 0x18, 0x10, 0x18, 0x10, 0x30, 0x10, 0x60, 0x10, 0x00, 0x00, 0x00, 0x00, 0x01, 0xA0, 0x03,
    0x20, 0x02, 0x2F, 0xFF, 0xE0, 0x08, 0x00, 0x10, 0x3F, 0xA0, 0xFF, 0x40, 0x10, 0x80, 0x21, 0x80,
    0x41, 0x00, 0x82, 0x21, 0xF6, 0x5F, 0x06, 0xE0, 0x07, 0x00, 0x0F, 0xF8, 0x40, 0x42, 0x02, 0x10,
    0x10, 0xBF, 0x85, 0x00, 0x28, 0x01, 0xFF, 0x08, 0x08, 0x40, 0x42, 0x02, 0x10, 0x10, 0x81, 0x84,
    0x78, 0x20, 0x00, 0x00, 0x00, 0x7C, 0xFF, 0x0C, 0x80, 0x0C, 0xFE, 0x7C, 0x80, 0x40, 0xFE, 0x40,
    0x80, 0x43, 0xFF, 0x7F, 0xFF, 0x0D, 0x22, 0x0D, 0x14, 0x0D, 0x18, 0x09, 0x0C, 0x19, 0xE6, 0x79,
    0x83, 0x00, 0x00, 0x00, 0x84, 0x7C, 0x84, 0x04, 0x48, 0x05, 0xFE, 0x05, 0xFE, 0xFD, 0x22, 0xC1,
    0xFE, 0xC1, 0x22, 0xFD, 0x22, 0x05, 0xFE, 0x04, 0x20, 0x0F, 0xFF, 0x0C, 0x20, 0x0C, 0x20, 0x78,
    0x20, 0x00, 0x00, 0x00, 0x00, 0x10, 0x30, 0x84, 0x84, 0x66, 0x22, 0x11, 0x20, 0x08, 0x1F, 0xFF,
    0x00, 0x18, 0x00, 0xC0, 0x07, 0xFF, 0xF0, 0x01, 0x80, 0x0C, 0x00, 0x7F, 0xFF, 0x7F, 0xF8, 0x00,
    0x30, 0x00, 0x63, 0xFF, 0xC0, 0x01, 0x1F, 0xFF, 0xC0, 0x40, 0x30, 0x8C, 0x19, 0xB0, 0x17, 0x80,
    0x75, 0x83, 0x88, 0xCC, 0x10, 0xE1, 0xE0, 0x00, 0x00, 0x00, 0x00, 0x02, 0x3F, 0xE3, 0x04, 0x43,
    0x02, 0x27, 0x01, 0x12, 0x00, 0x88, 0x08, 0x44, 0x09, 0xFF, 0x98, 0x11, 0x18, 0x08, 0x90, 0x0C,
    0x40, 0x46, 0x20, 0x42, 0x10, 0xC3, 0x08, 0xC1, 0x05, 0x80, 0x00, 0x00, 0x00, 0x00, 0x04, 0x10,
    0x04, 0x08, 0x04, 0x7F, 0xC4, 0x02, 0x00, 0x41, 0x00, 0x5F, 0xFC, 0x6F, 0xFF, 0x70, 0x04, 0x69,
    0xFF, 0xC4, 0x01, 0x02, 0x30, 0x81, 0x08, 0x40, 0x82, 0x20, 0x40, 0x10, 0x20, 0x78, 0x00, 0x00,
    0x00, 0x08, 0x20, 0x08, 0x10, 0x0C, 0xFF, 0x8D, 0x04, 0x40, 0xFF, 0xF0, 0x81, 0x10, 0xC0, 0x88,
    0xE7, 0xFC, 0xD0, 0x20, 0x09, 0xFF, 0x04, 0x08, 0x02, 0x04, 0x01, 0x7F, 0xF0, 0x81, 0x00, 0x40,
    0x80, 0x08, 0x60, 0x0C, 0x60, 0x0C, 0x23, 0x0C, 0xE7, 0x00, 0xBE, 0x80, 0xC6, 0x20, 0xCF, 0xF8,
    0xEF, 0x86, 0x50, 0x81, 0x08, 0xFE, 0x05, 0xA3, 0x02, 0x8B, 0x01, 0x07, 0x00, 0x8E, 0xE0, 0x5C,
    0x1C, 0x00, 0x00, 0x19, 0xFE, 0x31, 0x02, 0x61, 0x02, 0xC1, 0xFE, 0x09, 0x02, 0x11, 0xFE, 0x33,
    0xFE, 0x77, 0xFF, 0xD0, 0x08, 0x10, 0x08, 0x17, 0xFF, 0x11, 0x88, 0x10, 0xC8, 0x10, 0x48, 0x10,
    0x38, 0x00, 0x00, 0x08, 0x80, 0x0C, 0xC0, 0x0C, 0x7F, 0xCC, 0xE0, 0x00, 0xFF, 0xE0, 0xC8, 0x10,
    0xC7, 0xF8, 0xE2, 0x04, 0xD1, 0xFE, 0x08, 0x60, 0x04, 0x7F, 0x82, 0x79, 0x81, 0x67, 0x80, 0x87,
    0xC0, 0x5E, 0x1C, 0x00, 0x00, 0x08, 0x84, 0x0C, 0x46, 0x0C, 0xAB, 0x0C, 0x55, 0x04, 0xAA, 0xF8,
    0xDF, 0x4C, 0x4F, 0xA4, 0x60, 0x32, 0x77, 0xFD, 0x28, 0x02, 0x84, 0xF9, 0x82, 0x44, 0xC1, 0x23,
    0x60, 0x91, 0xB0, 0x59, 0x24, 0x28, 0x63, 0x00, 0x00, 0x00, 0x00, 0x00, 0x01, 0x80, 0x00, 0x60,
    0x00, 0x18, 0x00, 0x46, 0x00, 0x20, 0x00, 0x90, 0x18, 0x48, 0x04, 0x24, 0x02, 0x12, 0x01, 0x91,
    0x02, 0x48, 0x81, 0x24, 0x40, 0x80, 0x20, 0x40, 0x1F, 0xE0, 0x00, 0x00, 0x03, 0x00, 0x00, 0xC1,
    0x00, 0x19, 0x80, 0x04, 0x80, 0x20, 0xC0, 0x90, 0xD0, 0x48, 0x48, 0x24, 0x42, 0x32, 0x41, 0x11,
    0x40, 0x58, 0xC0, 0x20, 0xC0, 0x81, 0xA0, 0x41, 0x90, 0x20, 0x0F, 0xF0, 0x10, 0x00, 0x10, 0x00,
    0x13, 0xFE, 0x5C, 0x04, 0x54, 0x0C, 0x54, 0x18, 0x50, 0x30, 0xD0, 0x60, 0x10, 0x40, 0x10, 0x80,
    0x11, 0x81, 0x13, 0x01, 0x12, 0x01, 0x13, 0x03, 0x13, 0xFE, 0x00, 0x00, 0x01, 0x80, 0x00, 0x80,
    0x7F, 0xFF, 0x10, 0x00, 0x10, 0x00, 0x10, 0x00, 0x10, 0x00, 0x1F, 0xFE, 0x00, 0x00, 0x01, 0x80,
    0x2C, 0xC4, 0x2C, 0x42, 0x4C, 0x0B, 0x4C, 0x09, 0x07, 0xF8, 0x10, 0x20, 0x08, 0x10, 0x04, 0x08,
    0x0B, 0x7F, 0xC5, 0x42, 0x22, 0xA1, 0x11, 0x40, 0x89, 0x20, 0x44, 0x17, 0xFF, 0x88, 0x30, 0x04,
    0x14, 0x02, 0x1B, 0x01, 0x18, 0x80, 0x98, 0x30, 0x58, 0x0C, 0x00, 0x00, 0x04, 0x00, 0x08, 0x00,
    0x1F, 0xFE, 0x33, 0x26, 0x66, 0x64, 0x4C, 0x44, 0x18, 0x84, 0x11, 0x84, 0x03, 0x3C, 0x01, 0x00,
    0x28, 0x84, 0x28, 0x46, 0x68, 0x4A, 0x48, 0x19, 0x0F, 0xF8, 0x00, 0x80, 0x00, 0x80, 0x01, 0x80,
    0x7F, 0xFF, 0x01, 0x80, 0x03, 0x40, 0x02, 0x60, 0x06, 0x30, 0x1D, 0x98, 0x70, 0xCF, 0x41, 0x00,
    0x38, 0x84, 0x28, 0x44, 0x28, 0x0A, 0x48, 0x0A, 0x4F, 0xFA, 0x00, 0x00, 0x0C, 0x00, 0x31, 0x80,
    0x81, 0x87, 0xFF, 0x8F, 0x00, 0x8F, 0xFE, 0x10, 0x04, 0x20, 0x08, 0x7F, 0xF0, 0x10, 0x00, 0x18,
    0x05, 0x98, 0x8B, 0x02, 0xB6, 0x05, 0xC7, 0xF8, 0x10, 0x20, 0x11, 0x20, 0x11, 0x20, 0x59, 0x20,
    0x5F, 0xFF, 0x56, 0x20, 0xD6, 0x20, 0x90, 0x20, 0x13, 0xFE, 0x10, 0x20, 0x10, 0x20, 0x10, 0x20,
    0x10, 0x20, 0x10, 0x20, 0x17, 0xFF, 0x00, 0x00, 0x04, 0x10, 0x06, 0x30, 0x02, 0x20, 0x1F, 0xFC,
    0x10, 0x04, 0x10, 0x04, 0x10, 0x04, 0x10, 0x04, 0x1F, 0xFC, 0x01, 0x00, 0x24, 0xC4, 0x24, 0x46,
    0x64, 0x0B, 0x44, 0x09, 0x07, 0xF8, 0x10, 0xC0, 0x08, 0x40, 0x04, 0x20, 0x03, 0x7F, 0xE7, 0x48,
    0x82, 0xA4, 0x41, 0x46, 0xA4, 0xA2, 0x56, 0x11, 0x7A, 0x09, 0xAF, 0x04, 0x86, 0x02, 0xC3, 0x81,
    0xC2, 0x40, 0x83, 0x30, 0x47, 0x0C, 0x00, 0x00, 0x00, 0x80, 0x01, 0x80, 0x1F, 0xFC, 0x10, 0x04,
    0x1F, 0xFC, 0x10, 0x04, 0x1F, 0xFC, 0x10, 0x04, 0x10, 0x04, 0x1F, 0xFC, 0x01, 0x80, 0x28, 0xC6,
    0x68, 0x4A, 0x48, 0x19, 0x0F, 0xF8, 0x0D, 0x80, 0x09, 0x00, 0x13, 0xFF, 0x32, 0x22, 0x74, 0x2C,
    0x51, 0x24, 0x11, 0x26, 0x12, 0x22, 0x12, 0x22, 0x10, 0xE0, 0x01, 0x80, 0x28, 0x86, 0x28, 0x4A,
    0x48, 0x0B, 0x4F, 0xF8, 0x20, 0x20, 0x27, 0xFF, 0x30, 0x20, 0x6F, 0xFE, 0xE8, 0x20, 0xE7, 0xFF,
    0xA7, 0xFF, 0xA7, 0xFE, 0x26, 0x06, 0x27, 0xFE, 0x26, 0x06, 0x26, 0x06, 0x27, 0xFE, 0x26, 0x06,
    0x26, 0x1E, 0x00, 0x00, 0x11, 0xFE, 0x11, 0xFE, 0x11, 0x32, 0x5F, 0xFF, 0x5D, 0x22, 0x55, 0xFE,
    0x51, 0xFC, 0x53, 0xFE, 0x13, 0x02, 0x13, 0x22, 0x13, 0x22, 0x13, 0x22, 0x12, 0x72, 0x10, 0xCC,
    0x17, 0x03, 0x00, 0x00, 0x00, 0x00, 0x10, 0x40, 0x13, 0xFF, 0x18, 0x80, 0x5C, 0xFE, 0x55, 0x10,
    0x57, 0x10, 0x57, 0xFF, 0xD0, 0x00, 0x11, 0xFE, 0x11, 0x02, 0x11, 0xFE, 0x11, 0x02, 0x11, 0xFE,
    0x11, 0x02, 0x11, 0x1E, 0x02, 0x00, 0x06, 0x03, 0xFF, 0xF0, 0x81, 0x00, 0x86, 0x1F, 0xFF, 0xC0,
    0x00, 0x1F, 0xFC, 0x20, 0x18, 0x7F, 0xF0, 0x80, 0x61, 0xFF, 0x82, 0xB1, 0x0B, 0x35, 0x36, 0x09,
    0x47, 0xF0, 0x00, 0x00, 0x08, 0x46, 0x1B, 0x5C, 0x7F, 0x70, 0x60, 0xC3, 0x7F, 0x7E, 0x61, 0x40,
    0x7F, 0x46, 0x61, 0x7C, 0x7F, 0x60, 0x61, 0x43, 0x67, 0x7E, 0x24, 0x84, 0x64, 0xC2, 0x44, 0x12,
    0x07, 0xF0, 0x31, 0xFC, 0x31, 0xFC, 0x3F, 0xFF, 0x7B, 0x24, 0x7B, 0xFC, 0x79, 0xFC, 0xF3, 0xFE,
    0xB2, 0x06, 0x33, 0xFE, 0x32, 0x06, 0x33, 0xFE, 0x32, 0x06, 0x33, 0xFE, 0x31, 0x8C, 0x37, 0x07,
    0x00, 0x00, 0x00, 0x00, 0x01, 0x84, 0x1F, 0x84, 0x01, 0x1F, 0xE7, 0xFC, 0x30, 0x47, 0xF8, 0xA3,
    0x0C, 0xFF, 0xFE, 0x61, 0xC3, 0x3F, 0xFF, 0x98, 0xB0, 0xC0, 0x30, 0x03, 0x4C, 0xC1, 0x20, 0x51,
    0x10, 0x24, 0x0F, 0xF0, 0x00, 0x50, 0x00, 0x4C, 0x00, 0x46, 0x3F, 0xFF, 0x20, 0x60, 0x20, 0x62,
    0x3F, 0x66, 0x23, 0x64, 0x23, 0x2C, 0x23, 0x28, 0x62, 0x30, 0x62, 0x31, 0x7E, 0x71, 0x40, 0xCB,
    0xC1, 0x0F, 0x00, 0x00, 0x03, 0xA8, 0x1F, 0x16, 0x19, 0x09, 0x80, 0x84, 0x40, 0x42, 0x03, 0xFF,
    0xF8, 0x10, 0x88, 0x08, 0x6C, 0x05, 0xB4, 0x1F, 0x8C, 0x19, 0x04, 0x00, 0x87, 0x20, 0x4C, 0x90,
    0x2C, 0x68, 0xF0, 0x1C, 0x00, 0x00, 0x00, 0x58, 0x00, 0x4C, 0x00, 0x42, 0x7F, 0xFE, 0x00, 0x40,
    0x3F, 0x42, 0x21, 0x64, 0x21, 0x64, 0x21, 0x2C, 0x21, 0x28, 0x3F, 0x30, 0x00, 0x30, 0x3F, 0x71,
    0x61, 0xDB, 0x03, 0x0E, 0x00, 0x00, 0x04, 0x20, 0x04, 0x2C, 0x7F, 0xE6, 0x04, 0x22, 0xFF, 0xFF,
    0x16, 0x20, 0x12, 0x22, 0x3F, 0xF6, 0x62, 0x34, 0x7F, 0xB4, 0x22, 0x18, 0x3F, 0x99, 0x22, 0x19,
    0x3F, 0xEB, 0x20, 0x47, 0x00, 0x00, 0x00, 0x80, 0x02, 0x00, 0x08, 0x07, 0xFF, 0x10, 0x04, 0x40,
    0x11, 0x00, 0x47, 0xFF, 0x30, 0x04, 0xC0, 0x13, 0x00, 0x0C, 0x00, 0x20, 0x01, 0x80, 0x0C, 0x00,
    0x20, 0x00, 0x00, 0x00, 0x01, 0x00, 0x01, 0x80, 0x3F, 0xFC, 0x20, 0x04, 0x20, 0x04, 0x3F, 0xFC,
    0x20, 0x80, 0x20, 0x80, 0x60, 0x80, 0x7F, 0xFE, 0x61, 0xC0, 0x61, 0x60, 0x42, 0x30, 0xCC, 0x18,
    0xB8, 0x07, 0x00, 0x00, 0x03, 0x03, 0x1F, 0x3E, 0x18, 0x30, 0x0C, 0x18, 0x07, 0xEC, 0x03, 0x17,
    0xF9, 0x8B, 0xFC, 0xC5, 0x88, 0x7E, 0xC4, 0x30, 0x62, 0x18, 0x31, 0x0C, 0x18, 0x86, 0x08, 0x42,
    0x0C, 0x23, 0x04, 0x10, 0x00, 0x00, 0x00, 0x1C, 0x3F, 0xF8, 0x38, 0x80, 0x00, 0x80, 0x00, 0x80,
    0x3F, 0xFE, 0x00, 0x80, 0x00, 0x80, 0x00, 0x80, 0x7F, 0xFF, 0x00, 0x80, 0x00, 0x80, 0x00, 0x80,
    0x00, 0x80, 0x0F, 0x80, 0x00, 0x00, 0x10, 0x00, 0x08, 0x00, 0x04, 0x7F, 0xC2, 0x7F, 0xEF, 0xE0,
    0x80, 0x80, 0x40, 0x40, 0x20, 0x20, 0x10, 0x1E, 0x08, 0x3C, 0x04, 0x34, 0x02, 0x02, 0x01, 0x01,
    0x00, 0x80, 0x80, 0x40, 0x40, 0x20, 0xE1, 0xF0, 0x00, 0x00, 0x00, 0x10, 0x00, 0x08, 0x08, 0x04,
    0x04, 0x02, 0x3F, 0xE7, 0xF0, 0x00, 0x98, 0x00, 0x4C, 0x00, 0x26, 0x00, 0x1F, 0x00, 0x3D, 0x80,
    0x14, 0xC0, 0x02, 0x60, 0x01, 0x30, 0x00, 0x90, 0x00, 0x58, 0x00, 0xE8, 0x00, 0x00, 0x00, 0x00,
    0x10, 0x00, 0x20, 0x00, 0x4F, 0xF8, 0x80, 0x1F, 0xE0, 0x22, 0x00, 0x44, 0x00, 0x88, 0x01, 0x11,
    0xFE, 0x7C, 0x07, 0xC0, 0x08, 0x80, 0x11, 0x00, 0x22, 0x00, 0x44, 0xFF, 0xB8, 0x01, 0x00, 0x00,
    0x10, 0x40, 0x08, 0x28, 0x04, 0x13, 0x02, 0x08, 0x8F, 0xE4, 0x00, 0x8F, 0xF8, 0x4F, 0x80, 0x20,
    0xCC, 0x1E, 0x24, 0x3C, 0x16, 0x34, 0x0E, 0x02, 0x06, 0x01, 0x07, 0x10, 0x86, 0xC8, 0x4E, 0x34,
    0xE0, 0x0E, 0x00, 0x00, 0x00, 0x1F, 0xFC, 0x00, 0x18, 0x00, 0x60, 0x38, 0xD0, 0x7C, 0x93, 0x0F,
    0xFE, 0x08, 0x8C, 0x0F, 0xF8, 0x18, 0x8C, 0x10, 0x84, 0x37, 0xF6, 0x60, 0x83, 0x40, 0x81, 0x07,
    0x80, 0x00, 0x00, 0x10, 0x20, 0x10, 0x20, 0x13, 0xFE, 0x7C, 0x20, 0x10, 0x20, 0x10, 0x20, 0x13,
    0xFE, 0x11, 0xFE, 0x3D, 0x84, 0xF0, 0x8C, 0x10, 0x58, 0x10, 0x70, 0x10, 0x70, 0x11, 0xDC, 0x77,
    0x07, 0x00, 0x00, 0x10, 0x00, 0x10, 0x00, 0x10, 0xF8, 0x10, 0x88, 0xFE, 0x88, 0x11, 0x88, 0x11,
    0x0F, 0x12, 0x00, 0x1F, 0xFE, 0x7D, 0x04, 0xD1, 0x8C, 0x10, 0x98, 0x10, 0x70, 0x10, 0x70, 0x11,
    0x9C, 0x76, 0x07, 0x00, 0x00, 0x10, 0x40, 0x10, 0x60, 0x10, 0x20, 0x13, 0xFE, 0xFF, 0xFF, 0x10,
    0x00, 0x10, 0x00, 0x10, 0xF8, 0x10, 0x88, 0x1C, 0x88, 0xF0, 0x88, 0x10, 0x88, 0x11, 0x89, 0x11,
    0x09, 0x13, 0x09, 0x76, 0x0F, 0x00, 0x00, 0x10, 0x80, 0x10, 0x80, 0x10, 0x80, 0xFF, 0xFF, 0x10,
    0x80, 0x10, 0x80, 0x10, 0xFE, 0x15, 0x86, 0x39, 0xC4, 0xF1, 0xC4, 0x11, 0x28, 0x13, 0x38, 0x12,
    0x38, 0x16, 0x6C, 0x75, 0x87, 0x00, 0x00, 0x10, 0x00, 0x08, 0x00, 0x04, 0x7F, 0x82, 0x20, 0x4F,
    0xF0, 0x20, 0x88, 0x10, 0x44, 0x08, 0x22, 0x04, 0x11, 0xFE, 0x0F, 0x88, 0x3C, 0xC6, 0x02, 0x61,
    0x01, 0x30, 0x80, 0x90, 0x20, 0x58, 0x18, 0xE8, 0x06, 0x00, 0x00, 0x00, 0x10, 0x00, 0x10, 0x20,
    0x10, 0x30, 0x11, 0xFE, 0xFF, 0x03, 0x11, 0x03, 0x11, 0x03, 0x11, 0x03, 0x11, 0xFF, 0x3D, 0x03,
    0xF1, 0x02, 0x13, 0x00, 0x13, 0x00, 0x13, 0x00, 0x12, 0x00, 0x76, 0x00, 0x00, 0x00, 0x13, 0xFE,
    0x13, 0x06, 0x13, 0x06, 0xFF, 0x04, 0x13, 0x3C, 0x13, 0x00, 0x13, 0xFE, 0x17, 0x42, 0x3F, 0x46,
    0xF3, 0x24, 0x13, 0x3C, 0x13, 0x18, 0x13, 0x38, 0x13, 0x66, 0xF3, 0xC3, 0x00, 0x00, 0x10, 0x00,
    0x13, 0xFF, 0x13, 0x11, 0x7F, 0x11, 0x7F, 0x11, 0x13, 0xFF, 0x13, 0x11, 0x13, 0x11, 0x1F, 0x11,
    0x73, 0xFF, 0x13, 0x11, 0x10, 0x10, 0x10, 0x10, 0x10, 0x10, 0x70, 0x10, 0x10, 0x00, 0x10, 0x00,
    0x11, 0xFE, 0x11, 0x02, 0xFF, 0x02, 0x11, 0x02, 0x11, 0x02, 0x11, 0xFE, 0x15, 0x02, 0x7D, 0x02,
    0xD1, 0x02, 0x11, 0xFE, 0x10, 0x00, 0x10, 0x00, 0x10, 0x00, 0x73, 0xFF, 0x00, 0x00, 0x10, 0x00,
    0x10, 0x20, 0x10, 0x20, 0x10, 0x30, 0x7D, 0xFF, 0x10, 0x00, 0x10, 0x84, 0x10, 0x84, 0x14, 0x84,
    0x3C, 0xC4, 0x70, 0xCC, 0x10, 0x48, 0x10, 0x48, 0x10, 0x48, 0x10, 0x18, 0x73, 0xFF, 0x00, 0x00,
    0x10, 0x00, 0x10, 0x20, 0x10, 0x20, 0x13, 0xFF, 0xFE, 0x00, 0x12, 0x00, 0x12, 0x20, 0x12, 0x20,
    0x1E, 0x20, 0x7A, 0x6C, 0xD6, 0x44, 0x16, 0x46, 0x16, 0x42, 0x16, 0xDF, 0x14, 0xF1, 0x74, 0x00,
    0x00, 0x00, 0x10, 0x00, 0x08, 0x00, 0x04, 0x7F, 0x82, 0x10, 0xCF, 0xEC, 0xC0, 0x83, 0xC0, 0x41,
    0xE0, 0x23, 0x9C, 0x17, 0x13, 0x1E, 0x08, 0x3C, 0x7F, 0x82, 0x02, 0x01, 0x3F, 0xF0, 0x80, 0x80,
    0x40, 0x40, 0xE0, 0x20, 0x00, 0x00, 0x00, 0x10, 0x00, 0x08, 0x10, 0x04, 0x08, 0x02, 0x7F, 0xCF,
    0xC2, 0x00, 0x81, 0x00, 0x5F, 0xFC, 0x2F, 0xFE, 0x14, 0x04, 0x1D, 0xFF, 0xB4, 0x01, 0x02, 0x30,
    0x81, 0x08, 0x40, 0x82, 0x20, 0x40, 0x10, 0xE0, 0x78, 0x00, 0x00, 0x00, 0x10, 0x00, 0x11, 0x00,
    0x11, 0x0E, 0x11, 0xF8, 0xFF, 0x01, 0x11, 0x01, 0x11, 0x01, 0x11, 0xFF, 0x16, 0x00, 0x3D, 0xFF,
    0xF1, 0x03, 0x11, 0x03, 0x11, 0xFF, 0x11, 0x03, 0x11, 0x03, 0x71, 0xFF, 0x00, 0x00, 0x10, 0x20,
    0x10, 0x20, 0x10, 0x30, 0x13, 0xFF, 0xFE, 0x21, 0x12, 0x61, 0x12, 0x41, 0x10, 0x40, 0x13, 0xFF,
    0x1C, 0x84, 0x79, 0x0C, 0xD0, 0xC8, 0x10, 0x78, 0x10, 0x38, 0x10, 0xE6, 0x73, 0x83, 0x00, 0x00,
    0x10, 0x10, 0x08, 0x48, 0x04, 0x27, 0xCF, 0x92, 0x01, 0x09, 0x00, 0x9F, 0xFC, 0x4F, 0xFE, 0x21,
    0x22, 0x1C, 0x93, 0x38, 0xC9, 0x04, 0xC5, 0x82, 0x01, 0x81, 0x01, 0x80, 0x87, 0x01, 0xCE, 0x00,
    0x00, 0x00, 0x10, 0x00, 0x11, 0xFC, 0x11, 0x84, 0x7D, 0x84, 0x7D, 0xFC, 0x10, 0x00, 0x11, 0xFE,
    0x11, 0x02, 0x1D, 0x22, 0xF1, 0x22, 0x11, 0x22, 0x11, 0x62, 0x11, 0xD8, 0x11, 0x86, 0x72, 0x03,
    0x00, 0x00, 0x10, 0x40, 0x10, 0xF8, 0x11, 0x88, 0x7D, 0x10, 0x13, 0xFC, 0x11, 0x24, 0x11, 0x24,
    0x11, 0x24, 0x1D, 0x24, 0x77, 0xFF, 0x10, 0x60, 0x10, 0xD0, 0x11, 0x98, 0x13, 0x0C, 0x76, 0x03,
    0x00, 0x00, 0x10, 0x00, 0x09, 0xFF, 0x04, 0xC0, 0x9F, 0xFF, 0xC1, 0x3F, 0xE0, 0x98, 0x80, 0x4C,
    0x40, 0x27, 0xFE, 0x1F, 0x10, 0x79, 0x88, 0x04, 0xFF, 0x82, 0x70, 0x41, 0x28, 0x20, 0xB4, 0x11,
    0xD3, 0xF8, 0x10, 0x1E, 0x09, 0xFC, 0x04, 0x48, 0x8F, 0xA4, 0xC7, 0xDB, 0x40, 0x9F, 0xF8, 0x48,
    0x04, 0x2C, 0x02, 0x3D, 0xFE, 0x78, 0x42, 0x04, 0x33, 0x02, 0x0B, 0x01, 0x03, 0x00, 0x86, 0xC1,
    0xDE, 0x1C, 0x00, 0x02, 0x10, 0x78, 0x08, 0x3C, 0x04, 0x7F, 0xCF, 0xFF, 0xE1, 0x07, 0x80, 0x83,
    0xC0, 0x4F, 0xFC, 0x28, 0xF0, 0x3C, 0x78, 0x38, 0x3C, 0x04, 0xFF, 0xC2, 0x0F, 0x01, 0x07, 0x80,
    0x83, 0xC1, 0xC1, 0xE0, 0x00, 0x00, 0x10, 0x00, 0x08, 0x10, 0x04, 0xFF, 0x82, 0x3F, 0xCF, 0xC8,
    0x40, 0x86, 0x40, 0x41, 0x60, 0x27, 0xFE, 0x10, 0x60, 0x0E, 0x20, 0x1D, 0xFF, 0xC2, 0x10, 0x81,
    0x1C, 0x80, 0x81, 0xC0, 0x43, 0xB8, 0xEE, 0x06, 0x00, 0x00, 0x00, 0x10, 0x00, 0x10, 0x20, 0x13,
    0xFF, 0x13, 0xFF, 0xFE, 0x01, 0x12, 0xC9, 0x10, 0x84, 0x11, 0x02, 0x1A, 0x00, 0x3B, 0xFE, 0xD0,
    0x20, 0x10, 0x20, 0x10, 0x20, 0x10, 0x20, 0x10, 0x20, 0x77, 0xFF, 0x00, 0x00, 0x10, 0x00, 0x11,
    0x84, 0x10, 0x8C, 0x10, 0xC8, 0xFF, 0xFF, 0x10, 0x00, 0x13, 0xE3, 0x12, 0x6B, 0x1E, 0x6B, 0x7B,
    0xEB, 0x52, 0x6B, 0x13, 0xEB, 0x13, 0xEB, 0x12, 0x63, 0x12, 0x63, 0x72, 0xEF, 0x00, 0x00, 0x10,
    0x84, 0x08, 0x42, 0x04, 0xFF, 0xDF, 0x90, 0x81, 0x08, 0x40, 0x84, 0x20, 0x47, 0xF8, 0x27, 0xFC,
    0x1F, 0x22, 0x79, 0x91, 0x04, 0xFF, 0x82, 0x64, 0x41, 0x32, 0x20, 0x9F, 0xF1, 0xCF, 0xF8, 0x00,
    0x00, 0x10, 0x00, 0x08, 0xFF, 0x04, 0x40, 0x82, 0x3F, 0xCF, 0xD0, 0x20, 0x88, 0x10, 0x47, 0xF8,
    0x20, 0x00, 0x1F, 0xFF, 0x3E, 0x10, 0x3C, 0x48, 0x02, 0x27, 0xC1, 0x12, 0x00, 0x9D, 0x00, 0x4B,
    0x80, 0xE8, 0xFE, 0x00, 0x00, 0x00, 0x10, 0x1C, 0x08, 0xFC, 0x04, 0x04, 0x0F, 0x82, 0x03, 0xBF,
    0xF8, 0x80, 0x80, 0x43, 0x40, 0x27, 0x3E, 0x1F, 0x13, 0x39, 0x89, 0x84, 0xF7, 0xC2, 0x62, 0x61,
    0x31, 0x30, 0x9F, 0xF9, 0xCF, 0xFC, 0x00, 0x00, 0x10, 0x60, 0x08, 0xDF, 0x84, 0xC8, 0xCF, 0xE4,
    0x61, 0x3F, 0xF0, 0x99, 0x18, 0x4C, 0x8C, 0x27, 0xFE, 0x1C, 0x20, 0x39, 0xFF, 0x04, 0xFF, 0x82,
    0x19, 0x81, 0x07, 0x80, 0x87, 0xE1, 0xDE, 0x1C, 0x00, 0x00, 0x10, 0xFE, 0x09, 0xF2, 0x04, 0x69,
    0x1F, 0x95, 0x81, 0x7F, 0xF0, 0x83, 0xC0, 0x42, 0xB0, 0x3A, 0x4C, 0x77, 0xFF, 0x69, 0xFF, 0x04,
    0xC8, 0x82, 0x7F, 0xC1, 0x32, 0x20, 0x9F, 0xF1, 0xCF, 0xF8, 0x00, 0x00, 0x10, 0x00, 0x08, 0x7E,
    0x04, 0x21, 0x0F, 0x1F, 0x87, 0x8F, 0xC0, 0x9E, 0xF8, 0x49, 0x44, 0x3C, 0xA2, 0x3B, 0xFF, 0x38,
    0x10, 0x05, 0xFF, 0xC2, 0x1F, 0x01, 0x1A, 0xC0, 0xB1, 0x19, 0xC0, 0x80, 0x00, 0x00, 0x01, 0x00,
    0x02, 0x00, 0x04, 0x07, 0xFF, 0xF0, 0x10, 0x00, 0x20, 0x1F, 0xFE, 0x3F, 0xFC, 0x10, 0x10, 0x10,
    0x60, 0x31, 0x80, 0x3E, 0x00, 0x38, 0x03, 0x9C, 0x3C, 0x07, 0x80, 0x00, 0x00, 0x00, 0x09, 0x81,
    0x12, 0x02, 0x24, 0x04, 0x4F, 0xE8, 0xB1, 0x11, 0x62, 0x22, 0xC4, 0x46, 0xD8, 0x88, 0xA1, 0x31,
    0xC3, 0xE1, 0x0C, 0x47, 0x00, 0x9B, 0x01, 0x63, 0x03, 0x83, 0x00, 0x00, 0x08, 0x20, 0x08, 0x20,
    0x08, 0x20, 0xFF, 0xFF, 0x30, 0x42, 0x30, 0x66, 0x3F, 0xE4, 0x33, 0xA4, 0x33, 0x24, 0x33, 0x18,
    0x33, 0x18, 0x32, 0x18, 0x22, 0x3C, 0x62, 0x66, 0xCF, 0x83, 0x00, 0x00, 0x10, 0x00, 0x10, 0x40,
    0x10, 0x40, 0x10, 0xC0, 0xFF, 0xFF, 0x10, 0x8C, 0x11, 0x88, 0x11, 0x88, 0xFF, 0x48, 0xFE, 0x58,
    0xC2, 0x70, 0xC2, 0x30, 0xC2, 0x70, 0xFE, 0xD0, 0xC1, 0x8C, 0x47, 0x06, 0x00, 0x00, 0x18, 0x20,
    0x08, 0x20, 0x7F, 0x20, 0x00, 0x3F, 0x32, 0x42, 0x23, 0x66, 0x61, 0xE6, 0x62, 0xA4, 0x34, 0x24,
    0x1C, 0x18, 0x0C, 0x18, 0x1E, 0x18, 0x12, 0x3C, 0x62, 0x66, 0x41, 0xC3, 0x00, 0x00, 0x00, 0x40,
    0x3F, 0x20, 0x10, 0x90, 0x08, 0x4F, 0xE7, 0xEC, 0x62, 0x16, 0x21, 0x0F, 0x90, 0xFE, 0x48, 0x42,
    0x2C, 0x21, 0x1C, 0x1F, 0x86, 0x04, 0x83, 0x02, 0x62, 0xC3, 0x12, 0x33, 0x06, 0x0C, 0x00, 0x00,
    0x24, 0x10, 0x12, 0x98, 0x05, 0xCC, 0x0F, 0xF7, 0xE0, 0xE2, 0x60, 0xFB, 0x21, 0xD3, 0xD0, 0x91,
    0xA8, 0x08, 0x1C, 0x3F, 0x8C, 0x04, 0x46, 0x06, 0x43, 0x01, 0xE3, 0x40, 0x7B, 0x31, 0xC7, 0x0C,
    0x80, 0x02, 0x00, 0x00, 0x08, 0x30, 0x7F, 0xA0, 0x08, 0x3F, 0x7F, 0x62, 0x49, 0xF4, 0x7F, 0x1C,
    0x1C, 0x18, 0x3B, 0x3C, 0xC8, 0xE3, 0x3F, 0xFE, 0x00, 0x80, 0x10, 0x80, 0x10, 0xFC, 0x10, 0x80,
    0xFF, 0xFF, 0x00, 0x00, 0x01, 0x80, 0x00, 0x80, 0x00, 0x80, 0x7F, 0xFF, 0x18, 0x08, 0x08, 0x18,
    0x0C, 0x10, 0x04, 0x30, 0x02, 0x60, 0x03, 0x40, 0x01, 0x80, 0x03, 0xC0, 0x06, 0x30, 0x18, 0x1C,
    0x70, 0x07, 0x00, 0x00, 0x00, 0x00, 0x0C, 0x04, 0x0C, 0x64, 0x13, 0x34, 0x21, 0x9C, 0xFE, 0x84,
    0x7F, 0x04, 0x08, 0x64, 0xFF, 0xB4, 0x08, 0x04, 0x2A, 0x0F, 0x69, 0xFC, 0x49, 0x84, 0xC8, 0x84,
    0x08, 0x04, 0x38, 0x04, 0x04, 0x06, 0xF5, 0x78, 0xD5, 0xC0, 0xD6, 0xC0, 0xC4, 0xC0, 0xFF, 0xFE,
    0xCC, 0xFE, 0xCE, 0xC8, 0xDF, 0xC8, 0xF5, 0xC8, 0xE4, 0xC8, 0xC4, 0xC8, 0xC0, 0xC8, 0xFF, 0x88,
    0x01, 0x88, 0x08, 0x06, 0x08, 0x7E, 0x7F, 0xC0, 0x22, 0xC0, 0x32, 0xC0, 0x7F, 0xFF, 0x7F, 0xFF,
    0x08, 0xC4, 0x7F, 0xC4, 0x08, 0xC4, 0x2A, 0xC4, 0x6B, 0xC4, 0x49, 0xC4, 0x08, 0x84, 0x19, 0x84,
    0x00, 0x00, 0x00, 0x00, 0x00, 0x80, 0x00, 0x80, 0x00, 0x40, 0x7F, 0xFF, 0x02, 0x00, 0x02, 0x00,
    0x06, 0x00, 0x07, 0xFC, 0x06, 0x04, 0x04, 0x04, 0x0C, 0x0C, 0x0C, 0x0C, 0x18, 0x0C, 0x30, 0x0C,
    0x60, 0xF8, 0x00, 0x00, 0x3F, 0xFF, 0x00, 0x40, 0x00, 0x20, 0x00, 0x10, 0x00, 0x18, 0x03, 0xFF,
    0xF8, 0x07, 0x00, 0x02, 0x80, 0x03, 0x40, 0x01, 0x20, 0x01, 0x90, 0x41, 0x88, 0x21, 0x84, 0x13,
    0x83, 0xF9, 0x00, 0x00, 0x7C, 0x01, 0xFB, 0xFF, 0x10, 0xC6, 0x25, 0x8F, 0xCB, 0x18, 0xB4, 0x31,
    0x48, 0x7E, 0xFF, 0xC0, 0x21, 0x90, 0xE3, 0x21, 0xC6, 0x67, 0x8F, 0xFB, 0x3C, 0x66, 0x40, 0x87,
    0x80, 0x7F, 0xF2, 0x00, 0x90, 0x04, 0x80, 0x24, 0x01, 0x20, 0x09, 0xFF, 0xC8, 0x02, 0x40, 0x12,
    0x00, 0x90, 0x04, 0x80, 0x27, 0xFF, 0x20, 0x08, 0x3F, 0xFC, 0x20, 0x04, 0x20, 0x04, 0x3F, 0xFC,
    0x20, 0x04, 0x3F, 0xFC, 0x3F, 0xFC, 0x01, 0x00, 0x01, 0x00, 0xFF, 0xFF, 0x01, 0x00, 0x01, 0x00,
    0x01, 0x00, 0x01, 0x00, 0x00, 0x08, 0x00, 0x08, 0xFC, 0x08, 0xC4, 0x08, 0xC7, 0xFF, 0xC4, 0x08,
    0xC5, 0x08, 0xFD, 0x88, 0xC4, 0x88, 0xC4, 0x48, 0xC4, 0x68, 0xC4, 0x08, 0xFC, 0x08, 0xC0, 0x08,
    0x40, 0x08, 0x00, 0x78, 0x00, 0xFE, 0x7E, 0xFF, 0x46, 0x83, 0x46, 0x83, 0x46, 0x83, 0x46, 0xFF,
    0x7E, 0x83, 0x46, 0x83, 0x47, 0x83, 0x47, 0xFF, 0x7F, 0x83, 0x41, 0x03, 0x43, 0x03, 0x06, 0x03,
    0x04, 0x1E, 0x00, 0x00, 0x3F, 0xF8, 0x40, 0x10, 0xFF, 0xE1, 0x00, 0x42, 0x00, 0x87, 0xFF, 0x0C,
    0x40, 0x1F, 0xFE, 0x41, 0x01, 0x82, 0x00, 0xFF, 0xE0, 0x08, 0x00, 0x10, 0x1F, 0xFF, 0xC0, 0x00,
    0x20, 0x78, 0x20, 0x4C, 0x20, 0x4D, 0xFE, 0x4D, 0x22, 0x4D, 0x22, 0x7D, 0x22, 0x4D, 0x22, 0x4F,
    0xFF, 0x4F, 0xFF, 0x4C, 0x70, 0x7C, 0x50, 0x40, 0xC8, 0x41, 0x8C, 0x06, 0x06, 0x00, 0x00, 0x1F,
    0xFC, 0x08, 0x02, 0x07, 0xFF, 0x02, 0x00, 0x81, 0xFF, 0xC0, 0x00, 0x00, 0x00, 0x00, 0xFF, 0xFE,
    0x08, 0x80, 0x04, 0x7F, 0x07, 0x20, 0x02, 0x90, 0x03, 0x78, 0x03, 0x0F, 0xF9, 0x00, 0x00, 0x1F,
    0xFC, 0x08, 0x02, 0x04, 0x01, 0x03, 0xFF, 0x81, 0x00, 0x40, 0xFF, 0xE0, 0x08, 0x80, 0x44, 0x44,
    0x32, 0x26, 0x0D, 0x16, 0x02, 0x8E, 0x00, 0x44, 0x0F, 0xFF, 0xFB, 0xFF, 0xF8, 0x00, 0x20, 0x3E,
    0x10, 0x11, 0xFF, 0x88, 0x84, 0x04, 0x42, 0x02, 0x3F, 0xF9, 0xF0, 0x10, 0x88, 0x08, 0x47, 0xFF,
    0x22, 0x02, 0x11, 0x61, 0x0F, 0x90, 0x84, 0x04, 0x42, 0x00, 0x20, 0x01, 0xF0, 0x10, 0x00, 0x7E,
    0xFD, 0xFD, 0xFA, 0x62, 0x17, 0xFC, 0x21, 0x88, 0x47, 0x9F, 0x98, 0x80, 0x5F, 0xFC, 0x20, 0x18,
    0x40, 0x30, 0xFF, 0xE1, 0x00, 0xC2, 0x01, 0x87, 0xFF, 0x00, 0x00, 0x00, 0x00, 0x20, 0x3B, 0xFF,
    0xE3, 0x44, 0x04, 0x8F, 0xFF, 0xFF, 0xC2, 0x22, 0x1F, 0xC4, 0xF8, 0x88, 0x12, 0x10, 0xFF, 0xE1,
    0x00, 0x43, 0xFF, 0x84, 0x01, 0x08, 0x02, 0x1F, 0xFC, 0x00, 0x00, 0x00, 0x20, 0x78, 0x30, 0x4F,
    0xFF, 0x4C, 0x84, 0x4C, 0x84, 0x4C, 0x4C, 0x7F, 0xFF, 0x4C, 0x00, 0x4D, 0xFE, 0x4D, 0x02, 0x4D,
    0x02, 0x7D, 0xFE, 0x41, 0x02, 0x41, 0x02, 0x01, 0xFE, 0x00, 0x00, 0x00, 0x00, 0xFF, 0xFE, 0x01,
    0x00, 0x3F, 0xFC, 0x21, 0x04, 0x21, 0x04, 0x3F, 0xFC, 0x21, 0x04, 0x21, 0x04, 0x3F, 0xFC, 0x13,
    0x00, 0x1A, 0x00, 0x0E, 0x00, 0x3B, 0xE0, 0xE0, 0xFE, 0x00, 0x00, 0x00, 0x00, 0x02, 0x00, 0xFF,
    0xE0, 0x08, 0x4F, 0xFF, 0xE0, 0x21, 0x1F, 0xFE, 0x3F, 0xFE, 0x7F, 0xFD, 0xFF, 0xFF, 0xFF, 0xF9,
    0xFF, 0xC2, 0x00, 0x87, 0xFF, 0x08, 0x02, 0x1F, 0xFC, 0x00, 0x00, 0x08, 0x10, 0x08, 0x10, 0x7F,
    0x7E, 0x08, 0x10, 0x7F, 0xFE, 0x1C, 0x38, 0x16, 0x6C, 0x23, 0xC6, 0x5F, 0xFE, 0x10, 0x0C, 0x10,
    0x0C, 0x1F, 0xFC, 0x10, 0x0C, 0x10, 0x0C, 0x1F, 0xFC, 0x00, 0x00, 0x1F, 0xFC, 0x0C, 0x02, 0x06,
    0x01, 0x03, 0xFF, 0x81, 0x80, 0x40, 0xFF, 0xE1, 0xFF, 0xFC, 0xFF, 0xFF, 0x31, 0x00, 0x1F, 0xFF,
    0x8C, 0x48, 0x87, 0xE6, 0xC3, 0x11, 0xC3, 0xFD, 0xE1, 0x07, 0x8E, 0x00, 0x00, 0x1F, 0xFC, 0x30,
    0x08, 0x60, 0x10, 0xC0, 0x21, 0xFF, 0xC3, 0x00, 0x86, 0x01, 0x0C, 0x02, 0x1F, 0xFC, 0x30, 0x08,
    0x40, 0x11, 0x80, 0x26, 0x00, 0x48, 0x0F, 0x80, 0x00, 0x00, 0x03, 0x00, 0x02, 0x00, 0x7F, 0xFF,
    0x06, 0x00, 0x04, 0x00, 0x0F, 0xFC, 0x18, 0x04, 0x38, 0x04, 0x6F, 0xFC, 0x48, 0x04, 0x08, 0x04,
    0x0F, 0xFC, 0x08, 0x04, 0x08, 0x04, 0x08, 0x3C, 0x22, 0x00, 0x7E, 0xFF, 0x62, 0x83, 0x62, 0x83,
    0x62, 0x8F, 0x7E, 0x80, 0x62, 0xFF, 0x62, 0xA3, 0x62, 0xA2, 0x7E, 0xB6, 0x62, 0x94, 0x62, 0x8C,
    0x42, 0x9C, 0x42, 0xB6, 0xCE, 0xE3, 0x00, 0x00, 0x00, 0x00, 0x23, 0x7E, 0x23, 0x7F, 0xFF, 0xC3,
    0x23, 0x43, 0x23, 0x7F, 0x3F, 0x7F, 0x23, 0x43, 0x23, 0x43, 0x3F, 0x43, 0x23, 0x7F, 0xFF, 0xC3,
    0xFF, 0xC3, 0x36, 0xC3, 0x63, 0xC3, 0xC0, 0x8E, 0x00, 0x00, 0x00, 0x80, 0x00, 0x40, 0x00, 0x20,
    0x07, 0xFF, 0xC0, 0x08, 0x00, 0x04, 0x00, 0x02, 0x00, 0xFF, 0xFE, 0x01, 0xC0, 0x01, 0x50, 0x01,
    0x24, 0x01, 0x11, 0x03, 0x08, 0x63, 0x04, 0x18, 0x02, 0x00, 0x00, 0x80, 0x00, 0x40, 0x00, 0x20,
    0x0F, 0xFF, 0xE0, 0x08, 0x00, 0x04, 0x00, 0x02, 0x00, 0x7F, 0xFC, 0x01, 0xC0, 0x01, 0x70, 0x01,
    0x2C, 0x01, 0x11, 0x03, 0x08, 0x63, 0x04, 0x18, 0x02, 0x00, 0x00, 0x80, 0x00, 0x80, 0x00, 0x80,
    0x00, 0x80, 0x7F, 0xFF, 0x03, 0xC0, 0x02, 0xA0, 0x04, 0xB0, 0x0C, 0x90, 0x18, 0x88, 0x30, 0x84,
    0x7F, 0xFB, 0x40, 0x81, 0x00, 0x80, 0x00, 0x80, 0x00, 0x00, 0x00, 0xA0, 0x00, 0x98, 0x00, 0x8C,
    0x00, 0x80, 0x7F, 0xFF, 0x01, 0xC0, 0x03, 0xC0, 0x02, 0xA0, 0x04, 0xB0, 0x0C, 0x98, 0x18, 0x8C,
    0x30, 0x86, 0x40, 0x83, 0x00, 0x80, 0x00, 0x80, 0x08, 0x00, 0x04, 0x7E, 0x02, 0x21, 0x01, 0x10,
    0x87, 0xF8, 0x40, 0xC4, 0x20, 0x62, 0x10, 0x79, 0x08, 0x2F, 0x84, 0x35, 0xC2, 0x12, 0x61, 0x19,
    0x30, 0xA0, 0x90, 0x50, 0x58, 0x28, 0x28, 0x1C, 0x00, 0x00, 0x08, 0x00, 0x04, 0x00, 0x02, 0x7F,
    0xC1, 0x10, 0x67, 0xF8, 0x20, 0xC4, 0x10, 0x71, 0x08, 0x7C, 0x88, 0x2B, 0x64, 0x34, 0x14, 0x12,
    0x0E, 0x19, 0x07, 0x00, 0x86, 0xC0, 0x46, 0x30, 0x2E, 0x0C, 0x04, 0x00, 0x00, 0x80, 0x00, 0x40,
    0x1F, 0xFF, 0xC0, 0x10, 0x00, 0x08, 0x01, 0xFF, 0xE0, 0x82, 0x10, 0x41, 0x08, 0x3F, 0xFC, 0x00,
    0xE0, 0x00, 0xF8, 0x00, 0x96, 0x01, 0x88, 0xC3, 0x84, 0x38, 0x02, 0x04, 0x02, 0x00, 0x06, 0x00,
    0x0F, 0xF8, 0x1C, 0x30, 0x72, 0x60, 0x01, 0x80, 0x0F, 0xE0, 0x78, 0xBE, 0x00, 0x87, 0x3F, 0xFC,
    0x00, 0xA0, 0x0C, 0x98, 0x18, 0x8C, 0x30, 0x84, 0x23, 0x80, 0x00, 0x80, 0x00, 0x40, 0x1F, 0xFF,
    0x82, 0x10, 0x81, 0x88, 0xC0, 0x44, 0x40, 0x12, 0x40, 0xFF, 0xFE, 0x01, 0xC0, 0x01, 0x50, 0x01,
    0x2C, 0x01, 0x13, 0x03, 0x08, 0x63, 0x04, 0x18, 0x02, 0x00, 0x08, 0x00, 0x04, 0x32, 0x02, 0x11,
    0x01, 0x08, 0xC7, 0xEC, 0x20, 0xC4, 0x18, 0x76, 0xC4, 0x3E, 0x42, 0x2A, 0x20, 0x14, 0x30, 0x1A,
    0x11, 0x09, 0x08, 0xC0, 0x8C, 0x20, 0x47, 0xF8, 0x26, 0x04, 0x08, 0x06, 0x08, 0xFC, 0x08, 0xC0,
    0x08, 0x80, 0x7F, 0x80, 0x18, 0xFF, 0x1C, 0xFF, 0x1E, 0x88, 0x2A, 0x88, 0x28, 0x88, 0x49, 0x88,
    0x49, 0x88, 0x09, 0x88, 0x09, 0x08, 0x09, 0x08, 0x3F, 0xF8, 0x3F, 0xFC, 0x21, 0x04, 0x21, 0x04,
    0x3F, 0xFC, 0x21, 0x04, 0x3F, 0xFC, 0x01, 0x00, 0x01, 0x00, 0xFF, 0xFE, 0x07, 0xC0, 0x0D, 0x20,
    0x19, 0x18, 0x61, 0x0E, 0xC1, 0x02, 0x08, 0x00, 0x08, 0x7E, 0x7F, 0x42, 0x19, 0x42, 0x11, 0x42,
    0x33, 0x42, 0x6F, 0x7E, 0x40, 0x80, 0x00, 0x80, 0x7F, 0xFF, 0x03, 0xC0, 0x06, 0xA0, 0x0C, 0x98,
    0x38, 0x8E, 0x60, 0x83, 0x00, 0x00, 0x01, 0x80, 0x01, 0x80, 0x7F, 0xFF, 0x03, 0xC0, 0x05, 0xB0,
    0x19, 0x98, 0x71, 0x86, 0xDF, 0xF9, 0x10, 0x08, 0x10, 0x08, 0x1F, 0xF8, 0x10, 0x08, 0x1F, 0xF8,
    0x00, 0x00, 0x7F, 0xFE, 0x08, 0x00, 0x08, 0xFF, 0x08, 0x00, 0x7E, 0x00, 0x18, 0x00, 0x1D, 0xFF,
    0x1E, 0x10, 0x3A, 0x10, 0x28, 0xD4, 0x48, 0x92, 0x48, 0x92, 0x09, 0x93, 0x09, 0x11, 0x08, 0x10,
    0x08, 0xF0, 0x00, 0x00, 0x10, 0x0C, 0x10, 0x88, 0x10, 0xC8, 0xFC, 0x50, 0x33, 0xFE, 0x38, 0x00,
    0x3C, 0x00, 0x74, 0x00, 0x51, 0xFC, 0xD0, 0x00, 0x90, 0x00, 0x10, 0x00, 0x10, 0x00, 0x17, 0xFE,
    0x10, 0x00, 0x10, 0x40, 0x10, 0x60, 0x13, 0xFE, 0x13, 0xFE, 0x7C, 0x98, 0x11, 0x8C, 0x39, 0x04,
    0x3E, 0x8A, 0x34, 0xC8, 0x50, 0x50, 0x50, 0x70, 0x90, 0x30, 0x10, 0x58, 0x10, 0x8C, 0x13, 0x03,
    0x00, 0x00, 0x00, 0x00, 0x11, 0x06, 0x10, 0x84, 0x10, 0x8C, 0x7F, 0xFE, 0x10, 0x20, 0x18, 0x20,
    0x38, 0x20, 0x3F, 0xFE, 0x70, 0x20, 0x50, 0x20, 0xD7, 0xFF, 0x10, 0x20, 0x10, 0x20, 0x10, 0x20,
    0x10, 0x20, 0x08, 0x00, 0x04, 0xFF, 0x02, 0x60, 0x8F, 0xF0, 0x41, 0x9F, 0xE0, 0xCC, 0x10, 0x76,
    0x08, 0x7F, 0xFC, 0x2B, 0x90, 0x34, 0xC9, 0x92, 0x63, 0x81, 0x31, 0x80, 0x98, 0x40, 0x4D, 0xD8,
    0x27, 0x86, 0x00, 0x00, 0x08, 0x20, 0x04, 0x30, 0x02, 0x1F, 0x81, 0x18, 0x47, 0xFE, 0x40, 0xC9,
    0xE0, 0x70, 0x60, 0x3C, 0xF8, 0x2A, 0xC7, 0x15, 0xFF, 0xDA, 0x60, 0xC9, 0x30, 0x60, 0x98, 0x30,
    0x4C, 0x18, 0x27, 0xFC, 0x00, 0x00, 0x00, 0x00, 0x00, 0xC0, 0x1F, 0xFF, 0x88, 0x00, 0x44, 0x20,
    0x23, 0xFF, 0xF8, 0x30, 0xC0, 0x3C, 0xC0, 0x07, 0xF0, 0x3F, 0xCF, 0x00, 0x60, 0x0F, 0xFF, 0xE0,
    0x3E, 0x00, 0x6D, 0x80, 0xE6, 0x31, 0xC3, 0x06, 0x10, 0x20, 0x12, 0x22, 0x13, 0x22, 0x11, 0x24,
    0xFF, 0xA4, 0x38, 0xA8, 0x3B, 0xFE, 0x34, 0x02, 0x70, 0x02, 0x53, 0xFE, 0xD0, 0x02, 0x90, 0x02,
    0x10, 0x02, 0x13, 0xFE, 0x10, 0x02, 0x00, 0x00, 0x10, 0x20, 0x10, 0x30, 0x10, 0x50, 0x7C, 0xC8,
    0x11, 0x84, 0x3B, 0xFF, 0x3E, 0x01, 0x34, 0x22, 0x71, 0x22, 0x51, 0x36, 0xD1, 0xB4, 0x10, 0x8C,
    0x10, 0x08, 0x13, 0xFF, 0x10, 0x00, 0x00, 0x00, 0x10, 0x00, 0x13, 0xFF, 0x12, 0x73, 0xFE, 0x73,
    0x12, 0x73, 0x33, 0xFF, 0x3A, 0x73, 0x3E, 0x73, 0x76, 0x73, 0x57, 0xFF, 0x56, 0x73, 0x16, 0x73,
    0x14, 0x73, 0x14, 0x73, 0x1D, 0xEE, 0x10, 0x30, 0x08, 0x2C, 0x04, 0x23, 0x1F, 0xF0, 0xE7, 0xFF,
    0xF1, 0x81, 0x00, 0xEF, 0xF8, 0x7C, 0x44, 0x76, 0x22, 0x29, 0x11, 0x34, 0xFF, 0x92, 0x0E, 0x01,
    0x0D, 0x80, 0x8C, 0x60, 0x5C, 0x1C, 0x00, 0x00, 0x13, 0xFF, 0x09, 0xFF, 0x84, 0x12, 0x02, 0x7F,
    0xCF, 0xE4, 0xA1, 0x92, 0x50, 0xEF, 0xF8, 0x7F, 0xFC, 0x77, 0xFE, 0x28, 0x00, 0x34, 0xFF, 0xD2,
    0x14, 0x81, 0x12, 0x60, 0xB1, 0x18, 0x43, 0x80, 0x00, 0x00, 0x10, 0x88, 0x10, 0x88, 0x17, 0xFF,
    0x10, 0x88, 0x7F, 0xFE, 0x1B, 0x06, 0x3B, 0xFE, 0x3F, 0x06, 0x33, 0xFE, 0x70, 0x20, 0x50, 0x60,
    0xD7, 0xFE, 0x10, 0xD0, 0x11, 0x9C, 0x16, 0x07, 0x00, 0x00, 0x10, 0x88, 0x10, 0x88, 0x13, 0xFF,
    0x7C, 0x88, 0x17, 0xFF, 0x30, 0x20, 0x3B, 0xFE, 0x3A, 0x22, 0x7E, 0x22, 0x57, 0xFE, 0xD2, 0x22,
    0x93, 0xFE, 0x13, 0xFE, 0x11, 0x8E, 0x17, 0x03, 0x00, 0x00, 0x00, 0x00, 0x08, 0x10, 0x04, 0x69,
    0x02, 0x2D, 0xC7, 0xFB, 0xE1, 0xBD, 0xF0, 0xC7, 0xBC, 0x77, 0xFE, 0x3F, 0xFD, 0x3C, 0x9B, 0x15,
    0xFF, 0xCA, 0x72, 0x41, 0x3D, 0xC0, 0x92, 0xC0, 0x58, 0xF4, 0x38, 0x8E, 0x00, 0x00, 0x00, 0x01,
    0x00, 0xC3, 0x00, 0x62, 0x00, 0x33, 0xFE, 0x06, 0x06, 0x04, 0x46, 0x0C, 0x4C, 0x08, 0xC8, 0x10,
    0xC0, 0x30, 0xC0, 0x20, 0xA0, 0x41, 0xA0, 0xC3, 0x10, 0x86, 0x08, 0x1C, 0x06, 0x10, 0x00, 0x00,
    0xC0, 0x00, 0x60, 0x00, 0x30, 0x00, 0x18, 0x01, 0x0C, 0x00, 0x86, 0x00, 0x43, 0xFC, 0x21, 0x80,
    0x10, 0xC0, 0x08, 0x60, 0x04, 0x30, 0x02, 0x18, 0x01, 0x0C, 0x07, 0xFF, 0xFD, 0xFF, 0xFC, 0x7F,
    0xFF, 0x00, 0x80, 0x00, 0x80, 0x00, 0x80, 0x10, 0x80, 0x10, 0x80, 0x10, 0xFE, 0x10, 0x80, 0x10,
    0x80, 0x10, 0x80, 0x10, 0x80, 0x10, 0x80, 0xFF, 0xFF, 0x7F, 0xFF, 0x00, 0x00, 0x02, 0x10, 0x01,
    0x08, 0x00, 0x84, 0x02, 0x42, 0x21, 0x21, 0x30, 0x9E, 0xB0, 0x48, 0x60, 0x24, 0x20, 0x12, 0x10,
    0x09, 0x08, 0x04, 0x84, 0x02, 0x42, 0x11, 0x21, 0x08, 0xBE, 0x84, 0xF0, 0x7E, 0x00, 0x00, 0x00,
    0x01, 0x00, 0x22, 0x00, 0x47, 0xE0, 0x88, 0x01, 0x10, 0x1F, 0xFF, 0xC0, 0x40, 0x04, 0x84, 0x19,
    0x18, 0x62, 0x61, 0x85, 0x82, 0x0E, 0x00, 0x38, 0x03, 0xC0, 0x3C, 0x00, 0x00, 0x00, 0x3F, 0xFF,
    0x11, 0x04, 0x08, 0x82, 0x07, 0xFF, 0xE2, 0x61, 0xC1, 0x7D, 0x70, 0xAB, 0xAC, 0x65, 0x12, 0x22,
    0xC8, 0x32, 0x60, 0x19, 0x3F, 0x0C, 0x98, 0x04, 0x4C, 0x07, 0xFF, 0xFA, 0x00, 0x00, 0x00, 0x00,
    0x3F, 0xFF, 0x82, 0x08, 0x01, 0x04, 0x01, 0x02, 0x20, 0xFD, 0x30, 0x84, 0xB0, 0xC2, 0x60, 0x5B,
    0x20, 0x07, 0x10, 0x01, 0x88, 0x01, 0x84, 0x21, 0x82, 0x11, 0x81, 0x09, 0x00, 0xFC, 0x00, 0x20,
    0x3F, 0x96, 0x04, 0x08, 0x82, 0x07, 0xC3, 0xFF, 0x01, 0x31, 0x00, 0x90, 0xBC, 0xCB, 0xF8, 0x7D,
    0x33, 0x06, 0x19, 0x02, 0x07, 0x03, 0x03, 0x01, 0x07, 0x91, 0x0E, 0x49, 0x88, 0x1C, 0x00, 0x00,
    0x02, 0x00, 0x1E, 0x7C, 0x30, 0x4C, 0x20, 0x4C, 0x20, 0x4C, 0x3E, 0x4C, 0x20, 0x8F, 0x21, 0x80,
    0x20, 0x00, 0x3E, 0xFE, 0x20, 0xC4, 0x20, 0x4C, 0x7F, 0x68, 0xE0, 0x30, 0x20, 0x78, 0x21, 0xC6,
    0x00, 0x01, 0x08, 0x00, 0x08, 0x00, 0x1F, 0xFF, 0x30, 0x00, 0x2F, 0xFC, 0x5B, 0x04, 0x11, 0xC4,
    0x10, 0x44, 0x7F, 0xFF, 0x12, 0x04, 0x11, 0x84, 0x10, 0xCC, 0x3F, 0xFF, 0x00, 0x08, 0x00, 0x78,
    0x00, 0x00, 0x00, 0x00, 0x81, 0x01, 0x02, 0x02, 0x04, 0x04, 0x08, 0x88, 0x13, 0x1F, 0xBC, 0x20,
    0x60, 0x40, 0x80, 0x81, 0x01, 0x02, 0x02, 0x04, 0x24, 0x08, 0x48, 0x10, 0x9F, 0xA1, 0x78, 0x7E,
    0x00, 0x00, 0x01, 0x20, 0x02, 0x30, 0x04, 0x27, 0xFF, 0xF0, 0x10, 0x0C, 0x31, 0x8C, 0x66, 0x0C,
    0xF8, 0x09, 0x60, 0x0E, 0xC0, 0x34, 0xC1, 0x88, 0xCC, 0x10, 0xC0, 0x20, 0xC3, 0xC0, 0x00, 0x00,
    0x60, 0x20, 0x32, 0x20, 0x02, 0x20, 0x02, 0x26, 0x02, 0x3E, 0xC2, 0xE2, 0x37, 0x22, 0x0E, 0x22,
    0x02, 0x22, 0x12, 0x22, 0x12, 0x2E, 0x22, 0x20, 0x62, 0x01, 0x42, 0x01, 0xC3, 0xFF, 0x40, 0x40,
    0x70, 0x40, 0x10, 0x40, 0x07, 0xFC, 0x00, 0x44, 0xC0, 0x44, 0x60, 0x44, 0x00, 0x44, 0x0F, 0xFF,
    0x10, 0xC0, 0x30, 0xE0, 0x21, 0xA0, 0x61, 0x10, 0x43, 0x08, 0xCC, 0x06, 0x18, 0x00, 0x40, 0x00,
    0x31, 0xF8, 0x19, 0x08, 0x01, 0x08, 0x01, 0x08, 0x63, 0x0F, 0x16, 0x00, 0x07, 0xFE, 0x03, 0x04,
    0x09, 0x0C, 0x10, 0x98, 0x10, 0xF0, 0x20, 0xF0, 0x63, 0x9C, 0x4E, 0x07, 0x00, 0x00, 0x00, 0x00,
    0x60, 0x20, 0x18, 0x20, 0x08, 0x20, 0x03, 0xFE, 0x00, 0x20, 0x60, 0x20, 0x10, 0x20, 0x07, 0xFF,
    0x03, 0xFE, 0x08, 0x40, 0x18, 0xC8, 0x10, 0x8C, 0x31, 0x04, 0x23, 0xFE, 0x43, 0x83, 0x00, 0x00,
    0x00, 0x00, 0x38, 0x30, 0x06, 0x08, 0x00, 0x06, 0x00, 0x7F, 0xF0, 0x01, 0x01, 0x80, 0x80, 0x60,
    0x40, 0x00, 0x20, 0x01, 0xFF, 0x02, 0x08, 0x03, 0x04, 0x01, 0x02, 0x01, 0x81, 0x00, 0x80, 0x80,
    0xDF, 0xFE, 0x00, 0x00, 0x00, 0x20, 0x88, 0x30, 0x88, 0x08, 0x88, 0x00, 0x88, 0x07, 0xFF, 0x60,
    0x88, 0x30, 0x88, 0x00, 0x88, 0x00, 0x88, 0x0F, 0xFF, 0x18, 0x00, 0x10, 0x88, 0x31, 0x8C, 0x23,
    0x06, 0x66, 0x03, 0x04, 0x01, 0x00, 0x00, 0x60, 0x40, 0x30, 0x20, 0x1F, 0xFF, 0x00, 0x80, 0x01,
    0x08, 0x63, 0x04, 0x37, 0xFE, 0x00, 0x02, 0x02, 0x6C, 0x0A, 0x6C, 0x1A, 0x6C, 0x12, 0x6C, 0x22,
    0x6D, 0x66, 0x6D, 0x4C, 0x47, 0x00, 0x00, 0x00, 0x80, 0x60, 0xB0, 0x30, 0x98, 0x00, 0x88, 0x03,
    0xFE, 0xC7, 0xC0, 0x60, 0xC0, 0x10, 0x7F, 0x07, 0xF0, 0x00, 0x42, 0x10, 0x64, 0x30, 0x38, 0x20,
    0x31, 0x61, 0xF1, 0x47, 0x1B, 0x40, 0x0F, 0x42, 0x05, 0x88, 0x13, 0x13, 0x43, 0xFD, 0x00, 0xB6,
    0x26, 0xD6, 0x53, 0x49, 0xCD, 0x03, 0x34, 0x8C, 0xD2, 0x3B, 0x59, 0xA1, 0x44, 0x87, 0x20, 0x19,
    0x81, 0xC0, 0x00, 0x40, 0x20, 0x32, 0x23, 0x13, 0x26, 0x01, 0x2C, 0x00, 0x20, 0xC3, 0xFE, 0x22,
    0x02, 0x12, 0x02, 0x03, 0xFE, 0x12, 0x02, 0x13, 0xFE, 0x32, 0x02, 0x22, 0x02, 0x62, 0x02, 0x42,
    0x1E, 0x40, 0x00, 0x37, 0xFE, 0x14, 0x02, 0x04, 0x92, 0x01, 0x08, 0xE3, 0x04, 0x36, 0x42, 0x00,
    0x40, 0x0F, 0xFE, 0x10, 0xE0, 0x31, 0xD0, 0x23, 0x58, 0x66, 0x4C, 0x4C, 0x46, 0x80, 0x40, 0x40,
    0x00, 0x3F, 0xFE, 0x10, 0x80, 0x00, 0x80, 0x9F, 0xFE, 0xE1, 0x10, 0x22, 0x18, 0x06, 0x8C, 0x1C,
    0x8E, 0x22, 0xAC, 0x24, 0xB6, 0x6C, 0x92, 0x48, 0x92, 0xC0, 0x80, 0x83, 0x80, 0x00, 0x00, 0x00,
    0x20, 0x10, 0x10, 0x07, 0xFF, 0xC0, 0x04, 0x00, 0x7F, 0xE2, 0x01, 0x01, 0xBF, 0xFC, 0x6F, 0xFE,
    0x07, 0xFE, 0x03, 0x03, 0x07, 0xFF, 0x82, 0xC0, 0xC1, 0x60, 0x61, 0x3F, 0xF0, 0x98, 0x18, 0x8C,
    0x3C, 0x00, 0x00, 0x00, 0x40, 0x40, 0x30, 0x60, 0x17, 0xFF, 0x01, 0x0C, 0x00, 0xD8, 0xC0, 0x70,
    0x23, 0xDF, 0x07, 0x04, 0x01, 0x04, 0x11, 0xFC, 0x13, 0x04, 0x33, 0xFC, 0x22, 0x04, 0x66, 0x04,
    0x44, 0x04, 0x00, 0x00, 0x60, 0x20, 0x33, 0xFE, 0x0A, 0x26, 0x03, 0xFE, 0x00, 0x20, 0x6F, 0xFF,
    0x37, 0xFF, 0x03, 0xFC, 0x03, 0x04, 0x03, 0x24, 0x1B, 0x24, 0x13, 0x24, 0x32, 0x64, 0x20, 0xDC,
    0x47, 0x86, 0x04, 0x00, 0x20, 0x00, 0x1B, 0xFF, 0xC7, 0x84, 0x00, 0xC6, 0x00, 0x6F, 0xE3, 0x34,
    0x10, 0xDB, 0xF8, 0x0D, 0x04, 0x06, 0xFE, 0x07, 0x7F, 0x05, 0x85, 0x02, 0x92, 0xC2, 0xD9, 0x33,
    0x48, 0x89, 0x61, 0xC0, 0x00, 0x00, 0x00, 0x00, 0x31, 0x60, 0x1B, 0xFE, 0x07, 0xFE, 0x66, 0x20,
    0x3F, 0xFE, 0x06, 0x20, 0x1F, 0xFE, 0x16, 0x20, 0x27, 0xFF, 0x47, 0xFE, 0x00, 0x80, 0x7F, 0xFF,
    0x00, 0x80, 0x00, 0x80, 0x00, 0x80, 0x00, 0x00, 0x20, 0x60, 0x30, 0x7F, 0x08, 0x60, 0x07, 0xFF,
    0x07, 0xFF, 0x66, 0x5E, 0x37, 0xF8, 0x06, 0x42, 0x06, 0x3E, 0x06, 0x00, 0x16, 0x30, 0x17, 0xD2,
    0x25, 0x43, 0x6F, 0x43, 0x4A, 0x7E, 0x00, 0x00, 0x00, 0x90, 0x33, 0x48, 0x07, 0xA4, 0x00, 0xD7,
    0xE0, 0x6A, 0x02, 0x37, 0xC1, 0x9A, 0x30, 0x21, 0x04, 0x00, 0x00, 0x0B, 0xFF, 0x05, 0x24, 0x86,
    0x92, 0x42, 0x49, 0x23, 0x24, 0x91, 0x3F, 0xFC, 0x00, 0x00, 0x01, 0x80, 0x01, 0x80, 0x01, 0xFF,
    0x01, 0x80, 0x01, 0x80, 0x1F, 0xFC, 0x10, 0x04, 0x10, 0x04, 0x10, 0x04, 0x1F, 0xFC, 0x00, 0x00,
    0x12, 0x24, 0x32, 0x26, 0x22, 0x23, 0x42, 0x31, 0x08, 0x20, 0x04, 0x10, 0x02, 0x08, 0x0F, 0xFF,
    0x80, 0x82, 0x40, 0x41, 0x20, 0x2D, 0x90, 0x7F, 0xC8, 0x68, 0x66, 0x04, 0x7B, 0x02, 0x21, 0xC7,
    0x60, 0xE3, 0x00, 0x30, 0x91, 0x20, 0x88, 0x88, 0xC4, 0x66, 0x42, 0x01, 0x00, 0x00, 0x00, 0x08,
    0x00, 0x18, 0x00, 0x1F, 0xFE, 0x32, 0x48, 0x52, 0x48, 0x12, 0x48, 0x7F, 0xFE, 0x12, 0x48, 0x12,
    0x48, 0x12, 0x48, 0xFF, 0xFF, 0x00, 0x00, 0x32, 0x44, 0x22, 0x26, 0x62, 0x23, 0x42, 0x21, 0x08,
    0x10, 0x1F, 0x14, 0x11, 0x12, 0x31, 0x10, 0x2E, 0xFF, 0x46, 0x10, 0xF4, 0x38, 0x1C, 0x28, 0x18,
    0x6C, 0x30, 0xC6, 0x61, 0x83, 0x00, 0x00, 0x32, 0x44, 0x22, 0x26, 0x42, 0x23, 0x42, 0x21, 0x00,
    0x00, 0x7F, 0xFE, 0x62, 0x22, 0x62, 0x62, 0x62, 0xCE, 0x7F, 0x8C, 0x63, 0xFE, 0x63, 0x82, 0x63,
    0x82, 0x7F, 0x82, 0x61, 0xFE, 0x10, 0x04, 0x12, 0x66, 0x20, 0x22, 0x60, 0x23, 0x00, 0x00, 0x00,
    0x40, 0x10, 0x40, 0x10, 0x40, 0x10, 0x40, 0x10, 0x40, 0x1F, 0xFF, 0x1F, 0xFE, 0x10, 0x00, 0x10,
    0x00, 0x3F, 0xF0, 0x30, 0x10, 0x30, 0x10, 0x30, 0x10, 0x20, 0x10, 0x60, 0x10, 0xC0, 0x10, 0x00,
    0x00, 0x64, 0x0F, 0x64, 0xF8, 0x64, 0x80, 0x64, 0x80, 0x7F, 0x80, 0x7F, 0xFF, 0x60, 0xE1, 0x60,
    0xA3, 0x7F, 0xA2, 0x67, 0xA6, 0x67, 0x94, 0x67, 0x9C, 0x47, 0x98, 0x47, 0xB4, 0xC7, 0x63, 0x00,
    0x00, 0x10, 0x20, 0x50, 0x20, 0x53, 0xFE, 0x50, 0x20, 0x7C, 0x20, 0x53, 0xFE, 0xD7, 0xFF, 0x90,
    0x08, 0x1F, 0xFF, 0xF0, 0x08, 0x11, 0x88, 0x10, 0x88, 0x10, 0x48, 0x10, 0x08, 0x10, 0x78, 0x00,
    0x80, 0x00, 0x98, 0x00, 0x8C, 0x00, 0x84, 0x00, 0x80, 0x7F, 0xFF, 0x01, 0x80, 0x01, 0x40, 0x01,
    0x40, 0x03, 0x60, 0x02, 0x20, 0x06, 0x30, 0x0C, 0x18, 0x18, 0x0C, 0x70, 0x07, 0x40, 0x00, 0x08,
    0x20, 0x04, 0x12, 0x12, 0x09, 0x8D, 0x04, 0x43, 0x82, 0x00, 0xFF, 0xF8, 0x21, 0x80, 0x10, 0xC0,
    0x18, 0x70, 0x14, 0x28, 0x12, 0x36, 0x11, 0x11, 0x00, 0x98, 0xC0, 0x58, 0x30, 0x38, 0x0C, 0x00,
    0x00, 0x44, 0x3E, 0x6D, 0xF8, 0x39, 0x28, 0x31, 0x2C, 0x79, 0x2C, 0xC9, 0x2C, 0x09, 0x2C, 0x19,
    0x2C, 0x3B, 0x24, 0x6B, 0x34, 0xCB, 0x74, 0x0A, 0x7E, 0x0A, 0x5E, 0x1E, 0xFA, 0x7C, 0x0F, 0x00,
    0x00, 0x00, 0x20, 0x4C, 0x20, 0x38, 0x20, 0x33, 0xFF, 0x78, 0x20, 0x59, 0x26, 0x09, 0x24, 0x09,
    0xAC, 0x18, 0xA8, 0x3F, 0xFF, 0x68, 0x70, 0xC8, 0x50, 0x08, 0xD8, 0x09, 0x88, 0x1B, 0x06, 0x7E,
    0x03, 0x00, 0x00, 0x02, 0x00, 0x06, 0x00, 0x04, 0x07, 0xFF, 0xF0, 0x60, 0x01, 0x84, 0x02, 0x18,
    0x08, 0x20, 0x3F, 0x80, 0x06, 0x00, 0x18, 0xC0, 0x60, 0xC1, 0x83, 0x8F, 0xFF, 0x98, 0x01, 0x00,
    0x01, 0x00, 0x00, 0x80, 0x7F, 0xFF, 0x41, 0x24, 0x32, 0xCC, 0x1F, 0xD8, 0x09, 0xD8, 0x3B, 0xEC,
    0x47, 0xB6, 0x01, 0x80, 0x7F, 0xFF, 0x01, 0x80, 0x01, 0x80, 0x01, 0x80, 0x01, 0x80, 0x01, 0xFC,
    0xFF, 0x04, 0x11, 0x04, 0x11, 0x24, 0x11, 0x24, 0x11, 0x24, 0x7D, 0x24, 0x11, 0x24, 0x11, 0x24,
    0x11, 0x74, 0x10, 0x70, 0x1E, 0x51, 0x70, 0xD1, 0x01, 0x93, 0x03, 0x1F, 0x00, 0x00, 0x7D, 0xFE,
    0x7F, 0xFF, 0x04, 0x40, 0x82, 0x20, 0x41, 0x1F, 0xE3, 0xE8, 0x10, 0x47, 0xF8, 0x22, 0x04, 0x11,
    0x02, 0x08, 0xFF, 0x07, 0x92, 0x1E, 0x19, 0x00, 0x08, 0x90, 0x0C, 0x48, 0x1C, 0x3C, 0x00, 0x00,
    0xFD, 0x22, 0x11, 0x22, 0x11, 0x22, 0x11, 0xFE, 0x11, 0x22, 0x7D, 0x22, 0x11, 0xFE, 0x10, 0x20,
    0x10, 0x20, 0x13, 0xFF, 0x1C, 0x20, 0xF0, 0x20, 0x00, 0x20, 0x0F, 0xFF, 0x00, 0x00, 0x00, 0x80,
    0x08, 0x80, 0x08, 0x80, 0x10, 0x80, 0x1F, 0xFE, 0x30, 0x80, 0x20, 0x80, 0x40, 0x80, 0x00, 0x80,
    0x3F, 0xFE, 0x00, 0x80, 0x00, 0x80, 0x00, 0x80, 0x00, 0x80, 0x00, 0x80, 0x7F, 0xFF, 0x3F, 0xFE,
    0x30, 0x82, 0x30, 0x82, 0x30, 0x82, 0x3F, 0xFE, 0x30, 0x82, 0x30, 0x82, 0x30, 0x82, 0x3F, 0xFE,
    0x30, 0x82, 0x30, 0x82, 0x20, 0x82, 0x60, 0x82, 0x40, 0x9E, 0x00, 0x00, 0x00, 0x00, 0x04, 0x00,
    0x10, 0x00, 0x40, 0x7F, 0xFD, 0x04, 0x14, 0x10, 0x50, 0x41, 0x41, 0x05, 0xFF, 0xF4, 0x10, 0x50,
    0x41, 0x41, 0x05, 0x04, 0x17, 0xFF, 0xDF, 0xFF, 0x01, 0x00, 0x02, 0x00, 0x04, 0x03, 0xFF, 0xE4,
    0x10, 0xC8, 0x21, 0x90, 0x43, 0x3F, 0xFE, 0x41, 0x0C, 0x82, 0x19, 0x04, 0x33, 0xFF, 0xE4, 0x10,
    0x20, 0x20, 0x40, 0x41, 0x80, 0xFF, 0xFF, 0xFC, 0x00, 0x00, 0x00, 0x0F, 0xF8, 0xA2, 0x26, 0x88,
    0x9B, 0xFE, 0x68, 0x89, 0xA2, 0x26, 0x88, 0x9B, 0xFE, 0x60, 0x01, 0x80, 0x07, 0xFF, 0xF0, 0x3F,
    0xF8, 0x3F, 0xF8, 0x21, 0x08, 0x3F, 0xF8, 0x21, 0x08, 0x21, 0x08, 0x3F, 0xF8, 0x3F, 0xF8, 0x0C,
    0x30, 0x3C, 0x3C, 0xE4, 0x26, 0x0C, 0x20, 0x0C, 0x20, 0x18, 0x20, 0x70, 0x20, 0x00, 0x00, 0x0C,
    0x00, 0xF3, 0xF9, 0x01, 0x12, 0x42, 0x24, 0x44, 0x49, 0xD8, 0xBE, 0xE1, 0x61, 0x9E, 0x3F, 0xFC,
    0x42, 0x18, 0x84, 0x31, 0xFF, 0xE2, 0x10, 0xC4, 0x21, 0x8F, 0xFF, 0x00, 0x00, 0x00, 0x20, 0x3F,
    0x30, 0x14, 0x9F, 0x8A, 0x58, 0xC5, 0x3A, 0x42, 0x99, 0xC1, 0xF8, 0x60, 0xA4, 0xD8, 0x52, 0xC7,
    0x29, 0xFF, 0x94, 0xE0, 0x8F, 0xF0, 0x44, 0x18, 0x22, 0x0C, 0x10, 0x07, 0xF8, 0x00, 0x00, 0x00,
    0x0C, 0x1F, 0xFC, 0x0A, 0x22, 0x01, 0x93, 0x00, 0x49, 0x03, 0xFF, 0xF8, 0x0B, 0x80, 0x19, 0x30,
    0x1F, 0xFE, 0x3F, 0xFF, 0x84, 0x21, 0x03, 0xFF, 0x81, 0x08, 0x40, 0x84, 0x20, 0x7F, 0xF0, 0x00,
    0x00, 0x00, 0xCC, 0x7F, 0x58, 0x22, 0x72, 0x16, 0x36, 0x0C, 0x1C, 0x1F, 0xFC, 0x30, 0x07, 0xDF,
    0xF9, 0x18, 0x08, 0x18, 0x08, 0x1F, 0xF8, 0x04, 0x10, 0x04, 0x30, 0x06, 0x20, 0x7F, 0xFF, 0x02,
    0x00, 0x20, 0x01, 0x01, 0xFF, 0xFC, 0x01, 0xE0, 0x0F, 0x00, 0x78, 0x03, 0xFF, 0xFE, 0x00, 0xF0,
    0x07, 0x80, 0x3C, 0x01, 0xFF, 0xFF, 0x00, 0x60, 0xFF, 0xFE, 0x06, 0x00, 0x08, 0x01, 0xFF, 0xC2,
    0x00, 0x84, 0x01, 0x08, 0x02, 0x10, 0x04, 0x3F, 0xF8, 0x40, 0x10, 0x80, 0x21, 0x00, 0x43, 0xFF,
    0x84, 0x01, 0x00, 0x10, 0x40, 0x10, 0x40, 0x10, 0xC0, 0xFE, 0xFE, 0xC6, 0x82, 0xC7, 0x02, 0xC7,
    0x42, 0xFE, 0x62, 0xC6, 0x22, 0xC6, 0x16, 0xC6, 0x16, 0xC6, 0x06, 0xC6, 0x06, 0xFE, 0x06, 0xC0,
    0x3C, 0x00, 0x00, 0x00, 0x80, 0x0F, 0xFC, 0x19, 0x04, 0x19, 0x84, 0x18, 0x44, 0x7F, 0xFF, 0x11,
    0x04, 0x30, 0xC4, 0x60, 0x1C, 0x1F, 0xFE, 0x12, 0x22, 0x12, 0x22, 0x12, 0x22, 0x12, 0x22, 0x7F,
    0xFF, 0xFF, 0xFC, 0x01, 0xC0, 0x1C, 0x01, 0xFF, 0xFC, 0x01, 0xC0, 0x1C, 0x01, 0xFF, 0xFC, 0x01,
    0xC0, 0x1C, 0x01, 0xFF, 0xFC, 0x01, 0x08, 0x00, 0x08, 0xFF, 0x08, 0x83, 0x7F, 0x83, 0x7F, 0x83,
    0x18, 0xFF, 0x18, 0x83, 0x3C, 0x83, 0x2F, 0x83, 0x6B, 0xFF, 0x48, 0x83, 0xC8, 0x83, 0x08, 0x83,
    0x08, 0xFF, 0x08, 0x83, 0x00, 0x00, 0x00, 0x80, 0x0C, 0x88, 0x18, 0x86, 0x30, 0x9B, 0x60, 0xB1,
    0x41, 0xC0, 0x1F, 0x00, 0x7F, 0xFC, 0x08, 0x04, 0x0F, 0xFC, 0x08, 0x04, 0x0F, 0xFC, 0x08, 0x04,
    0x0F, 0xFC, 0x08, 0x04, 0x00, 0x00, 0x00, 0x7C, 0x3F, 0xF0, 0x01, 0x00, 0x3F, 0xFE, 0x02, 0x00,
    0x7F, 0xFF, 0x04, 0x00, 0x0F, 0xFC, 0x18, 0x04, 0x3F, 0xFC, 0x68, 0x04, 0x08, 0x04, 0x0F, 0xFC,
    0x08, 0x04, 0x0F, 0xFC, 0x03, 0xFD, 0xFF, 0xFA, 0x78, 0x14, 0xF0, 0x2F, 0xFF, 0xD3, 0xC4, 0x27,
    0x88, 0x4F, 0x10, 0xFF, 0xFF, 0x3C, 0x62, 0x78, 0xC4, 0xF0, 0x8F, 0xE1, 0x30, 0xC3, 0x61, 0xF3,
    0x80, 0x00, 0x20, 0x00, 0x40, 0x00, 0x83, 0xFB, 0xFE, 0x14, 0x8C, 0x29, 0x18, 0x62, 0x30, 0x84,
    0x61, 0xFF, 0xC2, 0x11, 0x84, 0x23, 0x08, 0xE6, 0x11, 0x6C, 0x26, 0x78, 0x58, 0x7F, 0xE0, 0x61,
    0x80, 0x00, 0x20, 0x00, 0x10, 0xFF, 0x8F, 0x80, 0x05, 0x1F, 0xC4, 0x88, 0x32, 0x44, 0x19, 0xFA,
    0x0C, 0xFD, 0x06, 0x18, 0xFE, 0x0C, 0x01, 0x07, 0x11, 0x82, 0xC8, 0x83, 0x22, 0x43, 0x01, 0x61,
    0x07, 0xFC, 0x7F, 0xFC, 0x10, 0x04, 0x10, 0x84, 0x30, 0x84, 0x20, 0x84, 0x3C, 0x84, 0x64, 0xFF,
    0xE4, 0x01, 0x24, 0x03, 0x25, 0xFF, 0x24, 0x02, 0x3C, 0x02, 0x20, 0x02, 0x20, 0x1E, 0x7F, 0xFF,
    0x08, 0x22, 0x04, 0x11, 0x06, 0x08, 0x82, 0x04, 0x41, 0xF2, 0x21, 0x9F, 0xFC, 0xCC, 0x88, 0x26,
    0x44, 0x13, 0x62, 0x09, 0xB1, 0x07, 0xD0, 0x82, 0x18, 0x41, 0x08, 0x20, 0x00, 0x00, 0x00, 0x10,
    0x7E, 0x10, 0x10, 0x10, 0x11, 0xFF, 0x31, 0x13, 0x21, 0x12, 0x3D, 0xFE, 0x65, 0xFE, 0x65, 0xC6,
    0x27, 0x44, 0x27, 0x6C, 0x27, 0x38, 0x3F, 0x38, 0x22, 0x6C, 0x27, 0x87, 0x00, 0x00, 0x00, 0x00,
    0x00, 0x40, 0x7E, 0xFC, 0x10, 0x88, 0x31, 0x9A, 0x23, 0xFF, 0x23, 0x13, 0x3F, 0x13, 0x65, 0xFF,
    0x65, 0x13, 0x27, 0x13, 0x27, 0xFF, 0x27, 0x13, 0x3F, 0x13, 0x22, 0x13, 0x26, 0x1F, 0x00, 0x00,
    0x00, 0x20, 0x7E, 0x20, 0x13, 0xFE, 0x33, 0x62, 0x33, 0xD2, 0x21, 0xFE, 0x3D, 0x90, 0x67, 0x90,
    0x65, 0xFE, 0xE5, 0x90, 0x25, 0x90, 0x25, 0xFE, 0x3D, 0x90, 0x21, 0x90, 0x21, 0xFF, 0x3F, 0xFC,
    0x00, 0x00, 0x00, 0x00, 0x00, 0x00, 0x7F, 0xFF, 0x01, 0x80, 0x01, 0x80, 0x09, 0x98, 0x11, 0x88,
    0x11, 0x84, 0x21, 0x86, 0x41, 0x82, 0x01, 0x80, 0x07, 0x80, 0x00, 0x08, 0x06, 0x02, 0x00, 0x80,
    0x80, 0x10, 0x20, 0x7F, 0x08, 0x01, 0x82, 0x00, 0x4F, 0xF8, 0x30, 0x20, 0x1C, 0x08, 0x0E, 0x82,
    0x04, 0xB0, 0x80, 0x20, 0x20, 0x08, 0x08, 0x02, 0x02, 0x00, 0x80, 0x80, 0x27, 0xFE, 0x08, 0x10,
    0x08, 0x10, 0x7F, 0xFF, 0x1C, 0x38, 0x3E, 0x74, 0x29, 0xD6, 0x49, 0x93, 0x08, 0x10, 0x1F, 0xFC,
    0x00, 0x00, 0x7F, 0xFF, 0x08, 0x98, 0x18, 0x8C, 0x30, 0x86, 0x67, 0x82, 0x00, 0x00, 0x06, 0x10,
    0x3E, 0x08, 0x02, 0x04, 0x01, 0x1A, 0xC7, 0xE9, 0x23, 0xF4, 0x88, 0x72, 0x44, 0x3A, 0x22, 0x2A,
    0x12, 0x14, 0x09, 0x12, 0x05, 0x09, 0x01, 0x80, 0x81, 0x80, 0x43, 0x00, 0x2E, 0x00, 0x00, 0x00,
    0x06, 0x40, 0x78, 0x40, 0x08, 0xFF, 0x08, 0x93, 0x08, 0x92, 0x7F, 0x92, 0x19, 0x54, 0x1C, 0x56,
    0x2E, 0xD2, 0x2A, 0x92, 0x48, 0x93, 0x49, 0x11, 0x08, 0x10, 0x08, 0x10, 0x08, 0x70, 0x0C, 0x20,
    0x78, 0x60, 0x50, 0xFE, 0x11, 0x8C, 0x12, 0xD8, 0xFE, 0x70, 0x3B, 0xD0, 0x3C, 0x3F, 0x34, 0x62,
    0x50, 0xC2, 0xD3, 0xE4, 0x90, 0x3C, 0x10, 0x30, 0x10, 0xE0, 0x13, 0x80, 0x00, 0x00, 0x02, 0x00,
    0x1E, 0x7F, 0x1A, 0x20, 0x81, 0x10, 0x47, 0xE8, 0x23, 0xF7, 0xF0, 0x60, 0x00, 0x3B, 0xFE, 0x3E,
    0x10, 0x15, 0x08, 0x1A, 0x04, 0x19, 0x3F, 0xE0, 0x81, 0x00, 0x40, 0x80, 0x2F, 0xFE, 0x00, 0x00,
    0x0C, 0xC0, 0x78, 0xFC, 0x11, 0x88, 0x13, 0x18, 0x13, 0xFE, 0x7C, 0x02, 0x19, 0xFE, 0x38, 0x02,
    0x3C, 0x02, 0x77, 0xFE, 0x50, 0x20, 0xD2, 0xB2, 0x12, 0x96, 0x14, 0x85, 0x10, 0xFC, 0x00, 0x00,
    0x01, 0x00, 0x01, 0x80, 0x7F, 0xFE, 0x42, 0x22, 0x4C, 0x3A, 0x38, 0x0C, 0x22, 0x02, 0x02, 0x00,
    0x7F, 0xF8, 0x02, 0x18, 0x02, 0x18, 0x06, 0x18, 0x0C, 0x19, 0x18, 0x19, 0x70, 0x1F, 0x40, 0x00,
    0x00, 0x00, 0x06, 0x00, 0x04, 0x07, 0xFF, 0xE8, 0x00, 0x50, 0x98, 0xA6, 0x0D, 0x38, 0x0C, 0xC0,
    0x04, 0xFF, 0xF0, 0x04, 0x00, 0x08, 0x00, 0x10, 0x00, 0x20, 0x00, 0x40, 0x7F, 0xFF, 0x02, 0x00,
    0x06, 0x03, 0xFF, 0xFC, 0x20, 0x38, 0x86, 0x66, 0x43, 0x11, 0x81, 0x3F, 0xFC, 0x64, 0x08, 0xCF,
    0xD1, 0xB1, 0x23, 0x3E, 0x46, 0x18, 0x8D, 0xCD, 0x1A, 0x02, 0x3F, 0xFC, 0x00, 0x00, 0x04, 0x00,
    0x04, 0x00, 0x08, 0x0F, 0xFF, 0xC0, 0x00, 0x04, 0x0C, 0x08, 0x10, 0x18, 0x20, 0x10, 0x40, 0x21,
    0x80, 0x42, 0x00, 0xC4, 0x00, 0x98, 0x00, 0x20, 0x7F, 0xFF, 0x0B, 0xFC, 0x92, 0x19, 0x24, 0x22,
    0x44, 0xC4, 0x8F, 0x09, 0x0C, 0x12, 0x7C, 0x25, 0x87, 0x03, 0x02, 0x02, 0x01, 0xFF, 0xF0, 0x81,
    0x80, 0x82, 0x01, 0x04, 0x3F, 0xFF, 0x80, 0x01, 0x80, 0x00, 0x80, 0x3F, 0xFE, 0x04, 0x10, 0x7F,
    0xFF, 0x00, 0x00, 0x1F, 0xFC, 0x10, 0x04, 0x1F, 0xFC, 0x10, 0x04, 0x1F, 0xFC, 0x00, 0x80, 0x7F,
    0xFF, 0x00, 0x80, 0x00, 0x80, 0x10, 0x30, 0x11, 0x32, 0x19, 0x32, 0x7F, 0x32, 0x01, 0xFE, 0x64,
    0x00, 0x27, 0xFF, 0x24, 0x20, 0x2D, 0xFE, 0x29, 0xFF, 0x29, 0x4B, 0x2F, 0x4B, 0x7D, 0x4B, 0x01,
    0x4B, 0x01, 0x4F, 0x00, 0x00, 0x20, 0xC0, 0x20, 0x80, 0x7F, 0xFE, 0x49, 0x30, 0x8A, 0x10, 0x18,
    0x08, 0x10, 0x08, 0x3F, 0xFF, 0x70, 0x08, 0xF2, 0x08, 0x31, 0x08, 0x31, 0x88, 0x30, 0x08, 0x30,
    0x08, 0x30, 0xF8, 0x00, 0x00, 0x10, 0x40, 0x10, 0x40, 0x1F, 0xFE, 0x2C, 0x90, 0x64, 0x98, 0x5F,
    0xFC, 0x3F, 0xFC, 0x00, 0x84, 0x3F, 0xFC, 0x20, 0x80, 0x20, 0x80, 0x3F, 0xFE, 0x03, 0x86, 0x06,
    0x84, 0x18, 0x84, 0x70, 0xBC, 0x00, 0x00, 0x10, 0x40, 0x20, 0xC0, 0x7F, 0xFF, 0x49, 0x90, 0x00,
    0x80, 0x3F, 0xFE, 0x00, 0x80, 0x7F, 0xFF, 0x7F, 0xFF, 0x00, 0x10, 0x7F, 0xFF, 0x0C, 0x10, 0x06,
    0x10, 0x02, 0x10, 0x00, 0xF0, 0x10, 0x40, 0x10, 0x40, 0x3F, 0xFF, 0x64, 0x98, 0x44, 0x88, 0x01,
    0xC0, 0x06, 0x60, 0x0C, 0x38, 0x3F, 0xFE, 0x40, 0x03, 0x1F, 0xFC, 0x18, 0x0C, 0x18, 0x0C, 0x18,
    0x0C, 0x1F, 0xFC, 0x10, 0x40, 0x30, 0xC0, 0x3F, 0xFF, 0x6D, 0x98, 0x45, 0x88, 0x03, 0x60, 0x0C,
    0x38, 0x3F, 0xFE, 0x60, 0x03, 0x11, 0x0C, 0x18, 0x88, 0x08, 0x98, 0x0C, 0x90, 0x00, 0x20, 0x7F,
    0xFF, 0x20, 0xC0, 0x82, 0x07, 0xFF, 0xF2, 0x44, 0xA0, 0x10, 0xBF, 0xF5, 0x00, 0x53, 0xF9, 0x48,
    0x65, 0x21, 0x94, 0xFE, 0x52, 0x19, 0x4F, 0xE5, 0x00, 0x14, 0x03, 0xC0, 0x00, 0x00, 0x30, 0x40,
    0x3F, 0xFF, 0x69, 0x90, 0x5F, 0xFC, 0x10, 0x04, 0x1F, 0xFC, 0x10, 0x04, 0x1F, 0xFC, 0x1F, 0xFC,
    0x1F, 0xFC, 0x04, 0x10, 0x7F, 0xFF, 0x0C, 0x10, 0x18, 0x10, 0x70, 0x10, 0x00, 0x00, 0x00, 0x00,
    0x20, 0x40, 0x3F, 0x7E, 0x64, 0x98, 0x45, 0x88, 0x3F, 0xFE, 0x20, 0x02, 0x3F, 0xFA, 0x38, 0x0A,
    0x18, 0x08, 0x1F, 0xF8, 0x18, 0x00, 0x1F, 0xFC, 0x18, 0x04, 0x18, 0x04, 0x1F, 0xFC, 0x00, 0x00,
    0x00, 0x00, 0x20, 0x40, 0x3F, 0xFF, 0x59, 0x90, 0xCB, 0x10, 0x7F, 0xFE, 0x7F, 0xC2, 0x7F, 0xC2,
    0x49, 0xC2, 0x7F, 0xC2, 0x49, 0xCE, 0x7F, 0xCC, 0x08, 0xC0, 0xFF, 0xC1, 0x08, 0xC1, 0x08, 0x7F,
    0x00, 0x00, 0x10, 0x40, 0x1F, 0x7E, 0x24, 0xD0, 0x6C, 0xCC, 0x48, 0x44, 0x7E, 0xFF, 0x3E, 0x44,
    0x09, 0xFF, 0x7E, 0xFE, 0x7E, 0xFE, 0x1C, 0x82, 0x3E, 0x82, 0x2B, 0xFE, 0x48, 0x82, 0x48, 0xFE,
    0x08, 0x00, 0x24, 0x7F, 0x1A, 0xE0, 0x85, 0x50, 0x42, 0xE8, 0x20, 0x47, 0xF1, 0xFE, 0x08, 0x31,
    0x04, 0x1C, 0x82, 0x1F, 0x7F, 0x0A, 0xA0, 0x8D, 0x10, 0x44, 0x88, 0x20, 0x44, 0x10, 0x2F, 0xFE,
    0x10, 0x80, 0x08, 0x4F, 0x95, 0x24, 0x4B, 0x92, 0x27, 0xFF, 0x10, 0xC4, 0xF9, 0xF2, 0x44, 0x77,
    0xE2, 0x3B, 0xF1, 0x1F, 0x1F, 0x95, 0x8C, 0x4A, 0x46, 0x29, 0x3F, 0x10, 0x91, 0x88, 0x48, 0x9C,
    0x00, 0x00, 0x00, 0x78, 0xFF, 0x80, 0x18, 0x00, 0x61, 0x01, 0x8C, 0x07, 0xF0, 0x09, 0x8C, 0x0E,
    0x1C, 0x7F, 0xFC, 0xFA, 0x0C, 0x24, 0xC0, 0x88, 0xC2, 0x10, 0xD8, 0x20, 0xC3, 0xC0, 0x00, 0x00,
    0x80, 0x00, 0x80, 0x3F, 0xFE, 0x00, 0x80, 0x1F, 0xFC, 0x00, 0x80, 0x7F, 0xFF, 0x7F, 0xFE, 0x0E,
    0x70, 0x1F, 0xC0, 0x07, 0x3C, 0x3F, 0xFE, 0x3C, 0x92, 0x0C, 0x9C, 0x30, 0x86, 0x67, 0x81, 0x00,
    0x00, 0x01, 0x00, 0x02, 0x03, 0xFF, 0xF8, 0x08, 0x0F, 0xFF, 0xF0, 0xC0, 0x63, 0x18, 0xDF, 0xE1,
    0x23, 0x30, 0x3D, 0xF1, 0xFF, 0xF2, 0x09, 0x21, 0x91, 0x8C, 0x20, 0xF1, 0xC0, 0x80, 0x00, 0x08,
    0x00, 0x97, 0xF9, 0x24, 0x22, 0x44, 0x84, 0x8E, 0x09, 0x3E, 0x13, 0xC7, 0x03, 0x20, 0x3F, 0x80,
    0x5C, 0x41, 0xFF, 0xE7, 0xFF, 0xE0, 0x93, 0x43, 0x23, 0x19, 0xC1, 0x00, 0x00, 0x3F, 0xF8, 0xFF,
    0xF9, 0x04, 0x13, 0xFF, 0xE4, 0x10, 0x4F, 0xFF, 0x9F, 0xFF, 0x0C, 0xE0, 0x3F, 0x90, 0x1C, 0xF1,
    0xFF, 0xF3, 0xC9, 0x21, 0x93, 0x8C, 0x21, 0xF1, 0xC0, 0x80, 0x00, 0x00, 0x04, 0x7F, 0x86, 0x7F,
    0xC2, 0x32, 0x22, 0x59, 0x13, 0x6C, 0x89, 0xE6, 0x44, 0x3B, 0x22, 0x37, 0xFF, 0x3F, 0xC8, 0x9C,
    0xE4, 0x4A, 0xB2, 0x25, 0xF9, 0x12, 0xDC, 0x89, 0x2F, 0xFC, 0x93, 0x02, 0x18, 0x40, 0x10, 0x40,
    0x30, 0xFE, 0x25, 0xC4, 0x4B, 0x48, 0xFA, 0x38, 0x18, 0x30, 0x24, 0x78, 0x7D, 0x86, 0xFF, 0x63,
    0x04, 0x18, 0x54, 0x00, 0xD5, 0x80, 0xD4, 0x70, 0x90, 0x1C, 0x00, 0x02, 0x08, 0x00, 0x0C, 0xFF,
    0x04, 0x21, 0x86, 0xC8, 0x82, 0x46, 0x83, 0xC1, 0x80, 0x71, 0xF0, 0x6B, 0x2E, 0x7E, 0x10, 0x31,
    0x08, 0x01, 0x7F, 0x8B, 0x42, 0x05, 0xA1, 0x02, 0x50, 0x83, 0x27, 0xFC, 0x00, 0x00, 0x08, 0x40,
    0x10, 0x60, 0x10, 0x20, 0x27, 0xFE, 0x6C, 0x40, 0x48, 0x88, 0x79, 0x84, 0x3B, 0xFE, 0x25, 0x02,
    0x7C, 0x90, 0x64, 0x90, 0x58, 0x90, 0x5C, 0x90, 0x54, 0x93, 0x55, 0x13, 0xD3, 0x1E, 0x04, 0x00,
    0x10, 0x20, 0x30, 0x20, 0x23, 0xFF, 0x68, 0x20, 0x4B, 0xFE, 0xF1, 0xFC, 0x3B, 0xFE, 0x2A, 0x02,
    0x7E, 0x4A, 0xE6, 0x4A, 0x48, 0x48, 0x5C, 0xC8, 0x54, 0x89, 0xD5, 0x89, 0x83, 0x0F, 0x00, 0x00,
    0x18, 0x10, 0x10, 0x20, 0x31, 0xFE, 0x25, 0x02, 0x69, 0xFE, 0xF9, 0x02, 0x1D, 0xFE, 0x25, 0xFE,
    0x7C, 0x12, 0x75, 0xF6, 0x58, 0x5C, 0x54, 0xD8, 0x55, 0x94, 0xD3, 0x13, 0x00, 0x71, 0x11, 0xC2,
    0x31, 0x22, 0x23, 0x26, 0x6E, 0xFE, 0x49, 0xFF, 0xF1, 0x08, 0x3B, 0x08, 0x2F, 0x48, 0x7D, 0x4F,
    0xE5, 0x48, 0x49, 0x48, 0x55, 0x68, 0x55, 0xE8, 0xD5, 0xF8, 0x91, 0x9F, 0x00, 0x00, 0x18, 0x20,
    0x13, 0xFE, 0x30, 0x20, 0x2B, 0xFE, 0x68, 0x20, 0xF7, 0xFF, 0x39, 0xFE, 0x6D, 0x02, 0x7D, 0xFE,
    0xE5, 0x02, 0x09, 0xFE, 0x59, 0x02, 0x5D, 0xFE, 0xD4, 0xC8, 0x93, 0x06, 0x84, 0x02, 0x00, 0x00,
    0x04, 0x14, 0x04, 0x09, 0x82, 0x04, 0x02, 0x4F, 0xE1, 0x2D, 0x01, 0xE0, 0x80, 0xF0, 0x7E, 0x11,
    0xF0, 0x10, 0x19, 0x9F, 0x0D, 0x88, 0x03, 0x80, 0x01, 0x81, 0xE3, 0xC9, 0x87, 0x34, 0x06, 0x0E,
    0x00, 0x00, 0x19, 0xFE, 0x11, 0xFF, 0x31, 0x13, 0x21, 0x13, 0x47, 0x13, 0xFD, 0x13, 0xF9, 0x13,
    0x11, 0xFF, 0x21, 0x13, 0x7F, 0x13, 0xE1, 0x13, 0x01, 0x13, 0x1F, 0x13, 0xF1, 0xFF, 0x01, 0x03,
    0x08, 0x60, 0x08, 0x20, 0x04, 0x3F, 0x84, 0x18, 0x82, 0x76, 0xC2, 0x71, 0xC3, 0xE0, 0xC0, 0x20,
    0xD8, 0x31, 0x86, 0x37, 0x38, 0x9E, 0x06, 0x00, 0x00, 0x00, 0x6C, 0x03, 0xE3, 0x80, 0x00, 0x38,
    0x00, 0x04, 0x08, 0x00, 0x19, 0xFE, 0x10, 0x0C, 0x30, 0x18, 0x24, 0x38, 0x7C, 0x6E, 0x49, 0x83,
    0x13, 0x00, 0x31, 0xFF, 0x7C, 0x30, 0x60, 0x30, 0x00, 0x30, 0x3E, 0x30, 0x60, 0x30, 0x03, 0xFF,
    0x00, 0x10, 0x08, 0x10, 0x10, 0x10, 0x11, 0xFF, 0x30, 0x10, 0x26, 0x10, 0x7C, 0x10, 0x79, 0xFF,
    0x18, 0xFF, 0x30, 0x00, 0x7F, 0xFF, 0x71, 0x83, 0x01, 0x83, 0x0F, 0x83, 0x79, 0x83, 0x01, 0xFF,
    0x00, 0x00, 0x08, 0x60, 0x08, 0x20, 0x04, 0x3F, 0xC4, 0x38, 0x42, 0x74, 0x62, 0x71, 0x63, 0xE0,
    0x60, 0x20, 0xDC, 0x31, 0xC3, 0x3E, 0xFF, 0x38, 0x60, 0x80, 0x30, 0x43, 0xD8, 0x27, 0x0F, 0xF0,
    0x06, 0x08, 0x08, 0x20, 0x18, 0x30, 0x11, 0xFF, 0x31, 0xFF, 0x26, 0x40, 0x44, 0xCC, 0x79, 0x86,
    0x19, 0xFE, 0x10, 0xC9, 0x3C, 0xC8, 0x70, 0xC8, 0x00, 0x88, 0x1C, 0x89, 0x71, 0x89, 0x07, 0x0F,
    0x00, 0x00, 0x00, 0x10, 0x19, 0x10, 0x11, 0x92, 0x31, 0x56, 0x25, 0x54, 0x65, 0x50, 0x79, 0xFF,
    0x79, 0x38, 0x11, 0x3C, 0x21, 0x74, 0x7D, 0x52, 0x41, 0x90, 0x01, 0x10, 0x3F, 0x10, 0x61, 0xFF,
    0x18, 0x20, 0x10, 0x20, 0x11, 0xFE, 0x20, 0x20, 0x6F, 0xFE, 0x78, 0x92, 0xF0, 0xD6, 0x31, 0x70,
    0x21, 0x90, 0x7C, 0x10, 0xE3, 0xFF, 0x00, 0x20, 0x3C, 0x78, 0xE0, 0xCC, 0x03, 0x02, 0x02, 0x00,
    0x18, 0x50, 0x08, 0x64, 0x04, 0x22, 0x04, 0x3F, 0xE2, 0x78, 0x83, 0xFC, 0x41, 0xE7, 0xFC, 0x23,
    0x10, 0x31, 0x88, 0x16, 0xC4, 0x1E, 0x7F, 0xC0, 0x31, 0x01, 0xD8, 0x83, 0x8F, 0xFC, 0x06, 0x00,
    0x08, 0x3E, 0x0D, 0xFC, 0x04, 0x48, 0x86, 0x36, 0xC2, 0x7F, 0xF3, 0x3F, 0xF9, 0xE3, 0x00, 0x37,
    0xFE, 0x30, 0x80, 0x3F, 0x7F, 0x1C, 0x31, 0x00, 0x29, 0x80, 0xF3, 0x83, 0xD1, 0xC0, 0x1F, 0x3C,
    0x08, 0x02, 0x18, 0x20, 0x10, 0x10, 0x13, 0xFF, 0x23, 0x01, 0x2F, 0x01, 0x4B, 0xFF, 0x7B, 0xFF,
    0x13, 0xFF, 0x23, 0xA9, 0x7F, 0xA9, 0x73, 0xA9, 0x03, 0xFF, 0x1E, 0xA9, 0x76, 0xA9, 0x04, 0xAF,
    0x00, 0x00, 0x08, 0x20, 0x18, 0x20, 0x13, 0xFF, 0x32, 0x01, 0x26, 0xFF, 0x7D, 0x18, 0x79, 0x10,
    0x13, 0x7F, 0x37, 0x43, 0x7D, 0x43, 0x61, 0x7F, 0x01, 0x43, 0x1D, 0x43, 0x61, 0x43, 0x01, 0x7F,
    0x00, 0x00, 0xFF, 0xFD, 0x00, 0x0A, 0x08, 0x55, 0x39, 0xAB, 0x5A, 0x53, 0x94, 0xA3, 0x19, 0x46,
    0x32, 0x8C, 0x65, 0x25, 0x6A, 0xC6, 0x55, 0x08, 0x28, 0x00, 0x50, 0x07, 0x80, 0x7F, 0xFC, 0x88,
    0x89, 0xFF, 0xF0, 0x18, 0x0F, 0xFF, 0xC7, 0xFE, 0x0F, 0xFC, 0x1F, 0xF8, 0x20, 0x10, 0x7F, 0xE0,
    0x80, 0x41, 0xFF, 0x82, 0x01, 0x1F, 0xFF, 0xC0, 0xFF, 0xFD, 0x08, 0x17, 0xAE, 0x43, 0x8F, 0x3A,
    0x77, 0x8B, 0x10, 0x30, 0x4F, 0xFE, 0x20, 0x18, 0x80, 0x63, 0xFF, 0x88, 0x06, 0x20, 0x18, 0xFF,
    0xE0, 0x0F, 0x00, 0xFD, 0xFF, 0x6A, 0x33, 0x2E, 0xB3, 0xFF, 0xBB, 0x1C, 0xFB, 0x3E, 0x7F, 0xC9,
    0x33, 0xFF, 0x33, 0xCB, 0x77, 0xCB, 0xBF, 0xFF, 0xBB, 0xCB, 0x33, 0xFF, 0x33, 0xFF, 0xEE, 0x00,
    0x00, 0x00, 0x80, 0x00, 0x41, 0x87, 0xFF, 0x80, 0x11, 0x80, 0x09, 0x81, 0xFF, 0xFC, 0xFF, 0xFE,
    0x03, 0x00, 0x07, 0xFE, 0x1F, 0x01, 0x09, 0x80, 0x80, 0xFF, 0xC0, 0x60, 0x20, 0x30, 0x10, 0x1F,
    0xF8, 0x00, 0x00, 0x00, 0x00, 0x04, 0x7F, 0xC4, 0x0C, 0x04, 0x08, 0x04, 0x3F, 0xFF, 0x7F, 0x84,
    0x5A, 0x84, 0x5A, 0xE4, 0x5A, 0xA4, 0x5A, 0x94, 0x5A, 0x94, 0x5A, 0x84, 0x5A, 0x84, 0x5A, 0x84,
    0x41, 0x9C, 0x00, 0x00, 0x10, 0x80, 0x38, 0x80, 0x24, 0x8C, 0x46, 0xF0, 0xFE, 0xC0, 0xC1, 0x82,
    0x00, 0x82, 0xFE, 0xC2, 0xC2, 0xFC, 0xFE, 0x80, 0xC2, 0x8C, 0xC2, 0xF8, 0xFE, 0xC0, 0xC2, 0x82,
    0xC2, 0x82, 0xCE, 0xFE, 0x3C, 0x80, 0x7C, 0x8F, 0x64, 0x89, 0x67, 0xE9, 0x64, 0x89, 0x7C, 0x89,
    0x64, 0x89, 0x67, 0xF9, 0x65, 0x89, 0x7D, 0xA9, 0x65, 0x29, 0x65, 0x29, 0x67, 0xFF, 0x47, 0x08,
    0xDC, 0x08, 0x00, 0x00, 0x00, 0x00, 0x10, 0x01, 0x01, 0xFF, 0xFC, 0x01, 0xE0, 0x0F, 0x00, 0x7F,
    0xFF, 0xC0, 0x1E, 0x00, 0xF0, 0x07, 0xFF, 0xFC, 0x01, 0xE0, 0x0F, 0xFF, 0xF8, 0x03, 0x00, 0x00,
    0x04, 0x3E, 0x0F, 0xD1, 0x04, 0x68, 0x82, 0xB4, 0x41, 0x5A, 0x20, 0xAF, 0x1E, 0x46, 0x00, 0xFF,
    0xFF, 0x11, 0xA1, 0x1A, 0xD0, 0x8D, 0x64, 0x86, 0x33, 0xC3, 0x18, 0xC1, 0x0C, 0xF1, 0x9F, 0xCE,
    0x00, 0x00, 0x00, 0x02, 0x00, 0x04, 0x00, 0x0F, 0xE0, 0x18, 0x60, 0x3F, 0xFC, 0x7F, 0xFE, 0xD0,
    0x86, 0x10, 0x86, 0x10, 0x86, 0x1F, 0xFE, 0x10, 0x06, 0x10, 0x00, 0x10, 0x01, 0x10, 0x01, 0x1F,
    0xFF, 0x04, 0x10, 0x02, 0x08, 0x1F, 0xFF, 0xC0, 0x82, 0x00, 0x41, 0x01, 0xFF, 0xE1, 0xFF, 0xF0,
    0x04, 0x08, 0x02, 0x04, 0x01, 0x02, 0x00, 0x81, 0x00, 0x40, 0x80, 0x23, 0xC0, 0x10, 0x00, 0x08,
    0x00, 0x00, 0x00, 0x02, 0x08, 0x01, 0x04, 0x0F, 0xFF, 0xE0, 0x41, 0x00, 0x20, 0x80, 0x06, 0x00,
    0x01, 0x00, 0x04, 0x40, 0x1A, 0x23, 0x09, 0x18, 0x84, 0x80, 0x46, 0x40, 0x92, 0x20, 0x49, 0x10,
    0x24, 0x0F, 0xF0, 0x04, 0x10, 0x04, 0x10, 0x7F, 0xFF, 0x04, 0x10, 0x05, 0x10, 0x03, 0x00, 0x7F,
    0xFF, 0x06, 0x00, 0x04, 0x00, 0x0F, 0xFE, 0x18, 0x06, 0x68, 0x06, 0x48, 0x06, 0x08, 0x06, 0x0F,
    0xFE, 0x00, 0x00, 0x04, 0x10, 0x02, 0x08, 0x1F, 0xFF, 0xC0, 0x92, 0x00, 0x49, 0x00, 0xFF, 0xE0,
    0x42, 0x10, 0x21, 0x08, 0x10, 0x84, 0x3F, 0xFF, 0x9F, 0xFF, 0xC0, 0x68, 0x00, 0x62, 0x00, 0xE0,
    0xC1, 0x80, 0x3C, 0x00, 0x02, 0x04, 0x10, 0x04, 0x10, 0x7F, 0xFF, 0x04, 0x10, 0x04, 0x10, 0x33,
    0xFE, 0x0F, 0x06, 0x03, 0x06, 0x63, 0x06, 0x1B, 0x06, 0x03, 0x3C, 0x0F, 0x00, 0x1B, 0x01, 0x33,
    0x01, 0x61, 0xFF, 0x00, 0x00, 0x04, 0x10, 0x04, 0x10, 0x7F, 0xFF, 0x0C, 0x10, 0x0C, 0x10, 0x08,
    0x3E, 0x7F, 0xE3, 0x19, 0xE3, 0x19, 0xE3, 0x19, 0xE3, 0x19, 0x63, 0x11, 0x63, 0x31, 0x63, 0x21,
    0x7F, 0x67, 0x63, 0x00, 0x00, 0x08, 0x20, 0x08, 0x20, 0xFF, 0xFE, 0x09, 0x20, 0x0B, 0xA0, 0x06,
    0xC0, 0x0D, 0x30, 0x31, 0x1C, 0xE1, 0x06, 0x3F, 0xF8, 0x01, 0x20, 0x11, 0x18, 0x31, 0x0C, 0x61,
    0x04, 0x87, 0x00, 0x00, 0x00, 0x04, 0x20, 0x04, 0x20, 0x7F, 0xFE, 0x05, 0x20, 0x7F, 0xFE, 0xFF,
    0xFF, 0x10, 0x00, 0x10, 0x00, 0x1F, 0xFC, 0x19, 0x10, 0x19, 0x10, 0x19, 0x10, 0x11, 0x11, 0x31,
    0x11, 0x61, 0x1F, 0x00, 0x00, 0x00, 0x00, 0x02, 0x10, 0x7F, 0xFF, 0x02, 0x10, 0x02, 0x30, 0x36,
    0x28, 0x1C, 0x26, 0x38, 0x22, 0x6F, 0xFF, 0x0C, 0x20, 0x0C, 0x30, 0x34, 0x70, 0x64, 0x58, 0x04,
    0xC8, 0x0D, 0x84, 0x3B, 0x03, 0x00, 0x00, 0x00, 0x00, 0x02, 0x08, 0x1F, 0xFF, 0xC0, 0x82, 0x00,
    0x43, 0xC3, 0xFF, 0xC0, 0x84, 0x08, 0x63, 0x0C, 0x10, 0x84, 0x0C, 0x44, 0x00, 0x20, 0x0F, 0xFF,
    0xE0, 0x3E, 0x00, 0x35, 0xC0, 0x62, 0x38, 0xE1, 0x06, 0x40, 0x00, 0x00, 0x04, 0x20, 0x04, 0x20,
    0x7F, 0xFF, 0x04, 0x20, 0x7F, 0xFE, 0x40, 0x02, 0x4F, 0xFA, 0x48, 0x0A, 0x08, 0x08, 0x0F, 0xF8,
    0x00, 0x00, 0x3F, 0xFC, 0x30, 0x04, 0x30, 0x04, 0x3F, 0xFC, 0x00, 0x00, 0x00, 0x00, 0x02, 0x08,
    0x1F, 0xFF, 0xC0, 0x82, 0x02, 0x45, 0x01, 0x87, 0xF0, 0x26, 0x10, 0x07, 0x90, 0x64, 0x70, 0x08,
    0x3C, 0x00, 0xE1, 0xC1, 0xFF, 0xE1, 0x10, 0x61, 0x88, 0x31, 0x84, 0x18, 0x83, 0xFC, 0x04, 0x10,
    0x3F, 0xFF, 0x81, 0x05, 0x00, 0x82, 0x43, 0xFF, 0xF3, 0x00, 0x81, 0xFF, 0x58, 0xF4, 0x28, 0x7F,
    0xDC, 0x3C, 0x2E, 0x1F, 0xF6, 0x0F, 0xFB, 0x07, 0xFF, 0xC2, 0x7F, 0x38, 0x03, 0x1C, 0x00, 0x00,
    0x00, 0x00, 0x04, 0x10, 0x7F, 0xFF, 0x04, 0x18, 0x34, 0x36, 0x1F, 0xFF, 0x03, 0xFE, 0x42, 0x23,
    0x33, 0xFF, 0x12, 0x23, 0x03, 0xFF, 0x12, 0x2A, 0x1F, 0xFF, 0x21, 0x88, 0x60, 0xC8, 0x40, 0x38,
    0x00, 0x00, 0x02, 0x08, 0x1F, 0xFF, 0xC0, 0x82, 0x80, 0x41, 0x63, 0x7F, 0xF9, 0xAF, 0xE0, 0xDF,
    0xF4, 0x7E, 0x9E, 0x37, 0xF6, 0x1F, 0x8B, 0x05, 0xFD, 0x83, 0xE8, 0x83, 0xFF, 0xE9, 0xFF, 0xD4,
    0xA4, 0xCE, 0x00, 0x00, 0x00, 0x08, 0x00, 0x19, 0xFF, 0x30, 0x00, 0x40, 0x00, 0x0C, 0x00, 0x09,
    0xFF, 0x13, 0xFF, 0x30, 0x08, 0xD0, 0x08, 0x10, 0x08, 0x10, 0x08, 0x10, 0x08, 0x10, 0x08, 0x10,
    0x08, 0x10, 0x78, 0x00, 0x80, 0x00, 0x80, 0x7F, 0xFE, 0x00, 0x80, 0x3F, 0xFE, 0x00, 0x80, 0x00,
    0x80, 0x7F, 0xFF, 0x03, 0xC0, 0x0E, 0x46, 0x18, 0x2C, 0x68, 0x30, 0x08, 0x18, 0x08, 0xCE, 0x0F,
    0x03, 0x08, 0x00, 0x04, 0x20, 0x02, 0x1E, 0x0F, 0xFD, 0x80, 0x86, 0x40, 0x43, 0x03, 0xFF, 0xF8,
    0x10, 0x48, 0xFF, 0xA4, 0x0C, 0x14, 0x0E, 0x4A, 0x0C, 0xC6, 0x0A, 0x33, 0x21, 0x2B, 0x90, 0xE3,
    0x68, 0x03, 0x1C, 0x00, 0x00, 0x04, 0x30, 0x64, 0x30, 0x37, 0xFE, 0x07, 0xFE, 0x0C, 0x30, 0x74,
    0x30, 0x45, 0xFE, 0x05, 0x80, 0x00, 0x80, 0x7F, 0xFF, 0x03, 0xC6, 0x0C, 0x6C, 0x78, 0x30, 0x08,
    0xD8, 0x0F, 0x87, 0x08, 0x00, 0x30, 0x2C, 0x10, 0x26, 0x0B, 0xFF, 0x7C, 0x20, 0x0C, 0x20, 0x0B,
    0xFF, 0x1F, 0x23, 0x3F, 0x23, 0x3B, 0xFF, 0x57, 0x23, 0x93, 0x23, 0x13, 0xFF, 0x13, 0x23, 0x13,
    0x23, 0x13, 0x2F, 0x00, 0x00, 0x20, 0x00, 0x09, 0x3F, 0x84, 0xD8, 0xDF, 0xAF, 0xE1, 0x86, 0x30,
    0xC3, 0x18, 0xDD, 0xFC, 0x72, 0xC2, 0x79, 0x6B, 0x6E, 0xB2, 0x04, 0x5A, 0x82, 0x2E, 0x61, 0x3C,
    0x00, 0x9E, 0x00, 0x51, 0xFE, 0x00, 0x00, 0x3F, 0xFE, 0x7F, 0xFF, 0x02, 0x20, 0x3F, 0xFE, 0x22,
    0x22, 0x22, 0x22, 0x3F, 0xFE, 0x3F, 0xFC, 0x02, 0x00, 0x7F, 0xFF, 0x0C, 0x10, 0x08, 0x30, 0x1F,
    0x60, 0x03, 0xF0, 0x7E, 0x1E, 0x40, 0x02, 0x10, 0x00, 0x04, 0x7F, 0x9F, 0xA0, 0x4F, 0xDF, 0xE0,
    0x68, 0x10, 0x64, 0x08, 0x33, 0xFC, 0x39, 0x02, 0x3E, 0x81, 0x35, 0xFF, 0x82, 0x09, 0x01, 0x04,
    0x80, 0x86, 0x48, 0x46, 0x24, 0x26, 0x1E, 0x00, 0x00, 0x7E, 0x60, 0xFF, 0x7E, 0xFE, 0xFC, 0xC2,
    0xA0, 0xFE, 0x10, 0xFF, 0x08, 0x7F, 0x00, 0x3F, 0xF8, 0x3F, 0xF8, 0x30, 0x08, 0x3F, 0xF8, 0x3F,
    0xF8, 0x1F, 0xF8, 0x08, 0x42, 0xF0, 0x7E, 0x00, 0x00, 0x10, 0x00, 0x11, 0xFC, 0x11, 0x04, 0xFF,
    0x24, 0x11, 0x24, 0x11, 0x24, 0x11, 0x24, 0xFF, 0x24, 0x11, 0x24, 0x39, 0x34, 0x38, 0x70, 0x24,
    0x50, 0x26, 0xD3, 0x41, 0x93, 0xC3, 0x1E, 0x02, 0x00, 0x08, 0x40, 0x91, 0x81, 0x23, 0xFA, 0x4D,
    0x04, 0x91, 0x09, 0x01, 0x02, 0x00, 0x1F, 0xFC, 0x21, 0x08, 0x42, 0x10, 0x84, 0x21, 0x1C, 0x42,
    0x28, 0x81, 0x90, 0x4E, 0x3F, 0xF0, 0x00, 0x10, 0x00, 0x0F, 0x7F, 0x89, 0x84, 0xC4, 0x84, 0x47,
    0xF6, 0x27, 0x4E, 0x71, 0xA6, 0xA0, 0xFE, 0xD0, 0x69, 0x7F, 0x34, 0xE4, 0x1F, 0xE2, 0x0D, 0x3F,
    0xE6, 0x90, 0x82, 0x48, 0x43, 0x3C, 0x20, 0x00, 0x00, 0x02, 0x00, 0x02, 0x00, 0x06, 0x07, 0xFF,
    0xF0, 0x00, 0x07, 0xFE, 0x00, 0x00, 0x1F, 0xF8, 0x00, 0x00, 0x00, 0x00, 0xFF, 0xE1, 0x00, 0xC2,
    0x01, 0x84, 0x03, 0x0F, 0xFE, 0x00, 0x00, 0x20, 0x20, 0x20, 0x40, 0x40, 0x87, 0xF1, 0x00, 0x02,
    0x0F, 0xC4, 0x00, 0xFF, 0xBF, 0x10, 0x00, 0x20, 0xFC, 0x41, 0x18, 0x82, 0x31, 0x04, 0x62, 0x0F,
    0xC4, 0x10, 0x08, 0x00, 0x00, 0x00, 0x08, 0x00, 0x06, 0x3F, 0x81, 0x00, 0x47, 0xF0, 0x20, 0x00,
    0x11, 0xF8, 0x08, 0x01, 0xFC, 0x7E, 0x82, 0x00, 0x40, 0x1F, 0xA0, 0x08, 0x50, 0x04, 0x28, 0x12,
    0x14, 0x09, 0xFA, 0x04, 0x81, 0xFE, 0x10, 0x00, 0x0C, 0x7E, 0x02, 0x31, 0x0F, 0xD8, 0x80, 0x0C,
    0x43, 0xFC, 0x3C, 0x04, 0x00, 0xFF, 0xFE, 0x00, 0x82, 0x3F, 0x63, 0x10, 0x91, 0x08, 0x45, 0x04,
    0x23, 0x83, 0xF7, 0x61, 0x06, 0x1E, 0x00, 0x00, 0x00, 0x00, 0x20, 0x00, 0x23, 0xFE, 0x30, 0x20,
    0xFC, 0x20, 0x00, 0x20, 0xFD, 0x20, 0x01, 0x20, 0xFD, 0x3E, 0x01, 0x20, 0xFD, 0x20, 0xCD, 0x20,
    0xCD, 0x20, 0xCD, 0x20, 0xFD, 0x20, 0xFF, 0xFE, 0x30, 0x0C, 0x08, 0x07, 0x00, 0x02, 0x8F, 0xFF,
    0xE0, 0x1F, 0xF3, 0xE0, 0x40, 0x00, 0x20, 0xFF, 0xD0, 0x00, 0x88, 0x3E, 0x46, 0x11, 0x23, 0x08,
    0x93, 0xA4, 0x5F, 0x53, 0xF8, 0x39, 0x00, 0x0C, 0x00, 0x00, 0x21, 0x04, 0x11, 0x8C, 0xFC, 0x88,
    0xFF, 0xFE, 0x00, 0x20, 0xFC, 0x20, 0x00, 0x20, 0xFD, 0xFE, 0x00, 0x20, 0xFC, 0x20, 0xC4, 0x20,
    0xC7, 0xFF, 0xC4, 0x20, 0xFC, 0x20, 0xC0, 0x20, 0x21, 0xFE, 0x33, 0xFE, 0x11, 0x22, 0xFD, 0x22,
    0x03, 0x66, 0xFC, 0x46, 0x00, 0x9E, 0xFF, 0x1C, 0x00, 0x40, 0xFC, 0xA4, 0xCF, 0xB6, 0xCE, 0x82,
    0xCE, 0x8F, 0xFE, 0x8C, 0xC0, 0xF8, 0x20, 0x00, 0x47, 0xFC, 0x41, 0x07, 0xFF, 0xC0, 0x3F, 0x9F,
    0x19, 0x00, 0x22, 0x7F, 0xFF, 0x00, 0x01, 0xF7, 0xFA, 0x2C, 0x14, 0x58, 0x28, 0xB0, 0x5F, 0x60,
    0xBE, 0xFF, 0x00, 0x00, 0x30, 0x10, 0x08, 0x08, 0x00, 0x7F, 0xDF, 0x82, 0x00, 0x1F, 0xF3, 0xE0,
    0x00, 0x07, 0xFC, 0xFA, 0x02, 0x01, 0x49, 0x3E, 0x26, 0x11, 0x13, 0x08, 0x99, 0x84, 0x4C, 0xDB,
    0xEC, 0x6D, 0x0C, 0x3C, 0x00, 0x00, 0x20, 0x20, 0x30, 0x20, 0x18, 0x20, 0x08, 0x20, 0x00, 0x20,
    0xF0, 0x20, 0x1F, 0xFF, 0x18, 0x20, 0x18, 0x20, 0x18, 0x20, 0x18, 0x20, 0x18, 0x20, 0x1C, 0x20,
    0x18, 0x20, 0x20, 0x20, 0x00, 0x00, 0x18, 0xFF, 0x86, 0xFF, 0xC1, 0x01, 0x00, 0x00, 0x87, 0xC0,
    0x40, 0x20, 0x20, 0x10, 0x10, 0x08, 0x08, 0x04, 0x04, 0x02, 0x02, 0x01, 0x61, 0x00, 0xE0, 0x80,
    0xC0, 0x40, 0x41, 0xE0, 0x00, 0x00, 0x00, 0x00, 0x08, 0x08, 0x06, 0x04, 0x01, 0x82, 0x00, 0x01,
    0x00, 0x00, 0x81, 0xE0, 0xC0, 0x10, 0x60, 0x08, 0x30, 0x04, 0x1C, 0x02, 0x0A, 0x01, 0x05, 0x00,
    0xB6, 0x40, 0x72, 0x30, 0x63, 0x08, 0x03, 0x03, 0x00, 0x00, 0x00, 0x20, 0x00, 0x33, 0xFE, 0x18,
    0x06, 0x08, 0x06, 0x00, 0x06, 0xF0, 0x06, 0x18, 0x06, 0x1B, 0xFE, 0x1B, 0x06, 0x1B, 0x00, 0x1B,
    0x00, 0x1B, 0x01, 0x1F, 0x01, 0x1B, 0x03, 0x31, 0xFF, 0x00, 0x00, 0x30, 0xFC, 0x18, 0x8C, 0x08,
    0x8C, 0x00, 0x8C, 0xF9, 0x0F, 0x1E, 0x00, 0x1B, 0xFE, 0x19, 0x04, 0x19, 0x8C, 0x18, 0x88, 0x18,
    0x50, 0x1C, 0x70, 0x18, 0xD8, 0x33, 0x0F, 0x00, 0x00, 0x60, 0x00, 0x37, 0xFF, 0x18, 0x20, 0x00,
    0x20, 0x00, 0x20, 0xF1, 0x20, 0x11, 0x20, 0x11, 0x3E, 0x11, 0x20, 0x11, 0x20, 0x11, 0x20, 0x11,
    0x20, 0x1D, 0x20, 0x19, 0x20, 0x37, 0xFF, 0x00, 0x00, 0x27, 0xFE, 0x10, 0x20, 0x0B, 0x26, 0x01,
    0x24, 0xF1, 0x24, 0x19, 0x2C, 0x18, 0x20, 0x1F, 0xFF, 0x18, 0x20, 0x18, 0x20, 0x18, 0x20, 0x1C,
    0x20, 0x18, 0x20, 0x30, 0x20, 0x40, 0x00, 0x31, 0xFE, 0x19, 0x02, 0x09, 0x02, 0x01, 0x02, 0xF1,
    0x02, 0x11, 0x02, 0x11, 0x02, 0x11, 0xFE, 0x10, 0x00, 0x10, 0x80, 0x10, 0x8C, 0x15, 0x84, 0x1D,
    0x02, 0x33, 0x03, 0x02, 0x01, 0x00, 0x00, 0x37, 0xFF, 0x18, 0x03, 0x03, 0xFB, 0x00, 0x03, 0xF8,
    0x03, 0x19, 0xF3, 0x19, 0x13, 0x19, 0x13, 0x19, 0x13, 0x19, 0x13, 0x19, 0xF3, 0x1D, 0x03, 0x38,
    0x03, 0x20, 0x0E, 0x20, 0x14, 0x30, 0x16, 0x08, 0x12, 0x07, 0xFF, 0x07, 0xFF, 0xF8, 0x10, 0x18,
    0x18, 0x1B, 0xF8, 0x18, 0x98, 0x18, 0x98, 0x18, 0x88, 0x18, 0xA8, 0x1F, 0xED, 0x3A, 0x0D, 0x00,
    0x07, 0x00, 0x00, 0x00, 0x80, 0x18, 0x40, 0x06, 0x60, 0x01, 0x3F, 0xE0, 0x30, 0x17, 0xFF, 0xC8,
    0x64, 0x64, 0x32, 0x32, 0x19, 0xF9, 0x0C, 0x8D, 0x86, 0x46, 0xC3, 0xBF, 0x61, 0x90, 0x31, 0x80,
    0x18, 0x00, 0xF8, 0x00, 0x00, 0x00, 0x00, 0x20, 0x60, 0x30, 0x20, 0x1F, 0xFE, 0x0F, 0xFE, 0x00,
    0xC0, 0xF9, 0x88, 0x1B, 0x10, 0x1B, 0xF0, 0x18, 0x66, 0x18, 0x84, 0x1B, 0x08, 0x1E, 0x10, 0x18,
    0x78, 0x1C, 0xCC, 0x3B, 0x06, 0x04, 0x02, 0x00, 0x00, 0x21, 0x86, 0x30, 0x84, 0x18, 0x88, 0x03,
    0xFE, 0x00, 0x20, 0xF8, 0x20, 0x18, 0x20, 0x1B, 0xFE, 0x18, 0x20, 0x18, 0x20, 0x1F, 0xFF, 0x18,
    0x20, 0x1C, 0x20, 0x18, 0x20, 0x20, 0x20, 0x00, 0x00, 0x23, 0xFF, 0x18, 0x40, 0x09, 0xFC, 0x01,
    0xFC, 0xF8, 0xC4, 0x18, 0x84, 0x1F, 0xFF, 0x18, 0x00, 0x19, 0xFE, 0x19, 0x02, 0x1B, 0x02, 0x1F,
    0x02, 0x19, 0x02, 0x11, 0xFE, 0x00, 0x00, 0x00, 0x00, 0x21, 0xFE, 0x11, 0x02, 0x09, 0x02, 0x01,
    0xFE, 0xF8, 0x00, 0x19, 0xFE, 0x1B, 0xFF, 0x18, 0x20, 0x18, 0x20, 0x1B, 0xFF, 0x18, 0x30, 0x1E,
    0x58, 0x18, 0xCC, 0x13, 0x86, 0x06, 0x01, 0x00, 0x20, 0x20, 0x20, 0x33, 0xFF, 0x18, 0x20, 0x03,
    0xFE, 0x00, 0x20, 0xFF, 0xFF, 0x1B, 0xFE, 0x1B, 0xFE, 0x1B, 0x06, 0x1B, 0xFE, 0x1B, 0x06, 0x1B,
    0x06, 0x1F, 0xFE, 0x1B, 0x06, 0x33, 0x1E, 0x00, 0x00, 0x00, 0x20, 0x20, 0x20, 0x19, 0xFE, 0x08,
    0x20, 0x03, 0xFF, 0xF8, 0x12, 0x18, 0xD2, 0x1B, 0x70, 0x19, 0x90, 0x18, 0x90, 0x1B, 0xFF, 0x18,
    0x20, 0x1C, 0x78, 0x18, 0xC6, 0x33, 0x03, 0x02, 0x01, 0x00, 0x00, 0x02, 0x01, 0xFF, 0xF0, 0x08,
    0x07, 0xFF, 0xC0, 0x20, 0x3F, 0xFF, 0xFF, 0xFE, 0x3F, 0xF0, 0x42, 0x20, 0x84, 0x41, 0x08, 0x82,
    0x31, 0x04, 0xDA, 0x03, 0x1E, 0x78, 0x07, 0x00, 0x00, 0x00, 0x40, 0x7E, 0x40, 0x42, 0x40, 0x4A,
    0x7E, 0x4A, 0x84, 0x4A, 0x8C, 0x4B, 0x88, 0x4B, 0xC8, 0x4A, 0x48, 0x5A, 0x78, 0x5A, 0x30, 0x5A,
    0x30, 0x34, 0x38, 0x26, 0x4C, 0xE3, 0x86, 0x81, 0x02, 0x00, 0x80, 0x7C, 0x86, 0x44, 0x84, 0x54,
    0x88, 0x54, 0x90, 0x54, 0xB0, 0x54, 0x80, 0x57, 0xFF, 0x54, 0x90, 0x54, 0x98, 0x54, 0x88, 0x7C,
    0x8C, 0x38, 0x84, 0x64, 0xB2, 0xC6, 0xE1, 0x01, 0x80, 0x00, 0x00, 0x28, 0x50, 0x3F, 0x7E, 0x48,
    0x50, 0x7F, 0xFF, 0x34, 0x28, 0x37, 0x49, 0x6C, 0xCF, 0x1F, 0xF8, 0x10, 0x08, 0x10, 0x88, 0x10,
    0x88, 0x11, 0x88, 0x11, 0xE8, 0x06, 0x38, 0x3C, 0x0E, 0x00, 0x00, 0x08, 0x00, 0x04, 0x3F, 0x9F,
    0xC0, 0xC1, 0x00, 0x60, 0x80, 0x33, 0xFC, 0x18, 0x31, 0xFC, 0x58, 0x84, 0x2C, 0x40, 0x17, 0xA0,
    0x1B, 0x10, 0x6D, 0x88, 0x27, 0xC7, 0xF2, 0xE0, 0x03, 0x3F, 0xFD, 0x00, 0x00, 0x00, 0x00, 0x04,
    0x00, 0x02, 0x3F, 0xCF, 0xE6, 0x60, 0x83, 0x30, 0x41, 0x19, 0xFD, 0x88, 0xFF, 0x9C, 0x28, 0x7E,
    0x14, 0x21, 0x0B, 0xD0, 0x8D, 0x08, 0x46, 0x84, 0x23, 0xC3, 0xF1, 0x70, 0x00, 0x9F, 0xFE, 0x40,
    0x00, 0x00, 0x08, 0x0C, 0x04, 0x05, 0x1F, 0xC2, 0x81, 0x1F, 0xF0, 0x88, 0x83, 0xFC, 0x4B, 0xFE,
    0x28, 0x59, 0x14, 0x2C, 0x8E, 0x17, 0xDE, 0x1B, 0x33, 0x4D, 0xB3, 0xA7, 0xC3, 0x32, 0xE3, 0x01,
    0x3F, 0xFC, 0x00, 0x00, 0x1F, 0xFC, 0x08, 0x02, 0x04, 0x01, 0x02, 0x00, 0x81, 0xFF, 0xC0, 0xFF,
    0xE0, 0x02, 0x00, 0x11, 0x00, 0x08, 0xFE, 0x0C, 0x40, 0x07, 0x20, 0x02, 0xD0, 0x02, 0x38, 0x03,
    0x0F, 0xF8, 0x00, 0x00, 0x3C, 0x00, 0x3F, 0x7F, 0x90, 0xA0, 0x08, 0x50, 0x04, 0x2F, 0xC3, 0xF7,
    0xE0, 0x62, 0x10, 0xB1, 0x08, 0x5F, 0x84, 0x2C, 0x7E, 0x16, 0x20, 0x0B, 0x10, 0x05, 0xF8, 0x07,
    0xC4, 0x02, 0x03, 0xFC, 0x7F, 0xFE, 0x21, 0x81, 0x10, 0xC0, 0x88, 0x7F, 0xC7, 0xF0, 0x20, 0x48,
    0x10, 0x27, 0xF8, 0x9F, 0xFC, 0x4F, 0x33, 0x24, 0x8F, 0x12, 0x46, 0x09, 0xE1, 0x87, 0x93, 0x66,
    0x0F, 0x18, 0x0C, 0x00, 0x00, 0x48, 0x7C, 0x48, 0x46, 0x49, 0x45, 0x4A, 0x45, 0x4A, 0x7C, 0xCC,
    0x10, 0x48, 0x50, 0x48, 0x5C, 0xCC, 0x51, 0xCA, 0x53, 0x49, 0x50, 0xC8, 0x7E, 0x89, 0xE1, 0x89,
    0x03, 0x0F, 0x00, 0x00, 0x08, 0x00, 0x08, 0x7E, 0xFF, 0x00, 0x08, 0x00, 0x7F, 0x00, 0x7F, 0x00,
    0x49, 0xFF, 0x7F, 0xFF, 0x49, 0x30, 0x7F, 0x20, 0x08, 0x64, 0xFF, 0x46, 0x08, 0x42, 0x08, 0xFF,
    0x08, 0xC1, 0x18, 0x10, 0x10, 0x10, 0x7F, 0xFE, 0x10, 0x20, 0x38, 0x20, 0x29, 0xFF, 0x28, 0x40,
    0x7E, 0x40, 0x08, 0xFE, 0x08, 0x04, 0x0F, 0x0C, 0x78, 0x58, 0x08, 0x30, 0x08, 0x18, 0x08, 0x0C,
    0x00, 0x00, 0x10, 0x10, 0x10, 0x30, 0x7E, 0x38, 0x30, 0x4C, 0x28, 0x84, 0x29, 0x83, 0x6A, 0x41,
    0x7E, 0x4C, 0x08, 0x58, 0x08, 0x70, 0x0E, 0x40, 0x78, 0x40, 0x08, 0x42, 0x08, 0x42, 0x08, 0x7E,
    0x04, 0x20, 0x04, 0x28, 0x7F, 0xE4, 0x04, 0x22, 0x04, 0x20, 0xFF, 0xFF, 0x08, 0x32, 0x7F, 0xF2,
    0x12, 0x36, 0x12, 0x34, 0x3F, 0xDC, 0x22, 0x18, 0x02, 0xD9, 0x7F, 0xF9, 0x02, 0x2D, 0x02, 0x47,
    0x00, 0x00, 0x00, 0x00, 0x08, 0x7F, 0x04, 0x20, 0x8F, 0xD0, 0x43, 0x0F, 0xE1, 0x40, 0x00, 0xA7,
    0xFE, 0xD1, 0x84, 0x7E, 0xFE, 0x04, 0x61, 0x02, 0x30, 0x81, 0xDF, 0xC7, 0x8C, 0x20, 0x46, 0x38,
    0x27, 0xFC, 0x10, 0x04, 0x10, 0x30, 0x10, 0x30, 0x7C, 0x58, 0x20, 0x86, 0x2B, 0xFF, 0x2A, 0x22,
    0x6B, 0xFA, 0x7F, 0x3A, 0x0B, 0xFA, 0x0F, 0x3A, 0x3F, 0xFA, 0x6B, 0x3A, 0x0B, 0x32, 0x0B, 0x32,
    0x0B, 0x7E, 0x00, 0x00, 0x06, 0x20, 0xFC, 0x10, 0x11, 0xFF, 0x10, 0x86, 0x10, 0x44, 0xFE, 0x44,
    0x11, 0xFF, 0x11, 0xFF, 0x10, 0x10, 0x7E, 0x10, 0x43, 0xFF, 0x42, 0x10, 0x42, 0x10, 0x7E, 0x10,
    0x42, 0x10, 0x40, 0x40, 0x18, 0x20, 0x04, 0x10, 0x01, 0xFF, 0xE0, 0x04, 0x30, 0x02, 0x1B, 0xC3,
    0x08, 0x21, 0x84, 0x10, 0x82, 0x08, 0xC3, 0x04, 0xC1, 0x82, 0xC0, 0xC3, 0xC3, 0xC3, 0x60, 0x03,
    0x1F, 0xFC, 0x00, 0x00, 0x40, 0x80, 0x60, 0xC0, 0x10, 0x40, 0x18, 0x20, 0x00, 0x60, 0x00, 0x50,
    0x00, 0x50, 0xF0, 0xD8, 0x10, 0x88, 0x11, 0x8C, 0x11, 0x04, 0x12, 0x03, 0x3C, 0x00, 0x6E, 0x00,
    0xC7, 0xFF, 0x00, 0x00, 0x40, 0x60, 0x20, 0x60, 0x30, 0x60, 0x17, 0xFF, 0x00, 0x40, 0x00, 0x60,
    0xF0, 0x60, 0x10, 0x90, 0x10, 0x88, 0x11, 0x0C, 0x13, 0x06, 0x16, 0x02, 0x38, 0x00, 0x6E, 0x00,
    0xC7, 0xFF, 0x40, 0x08, 0x20, 0x08, 0x10, 0x08, 0x0F, 0xFF, 0x00, 0x08, 0x02, 0x08, 0xF1, 0x08,
    0x11, 0x88, 0x10, 0x88, 0x10, 0x08, 0x10, 0x08, 0x10, 0x08, 0x38, 0x78, 0x6E, 0x00, 0xC3, 0xFF,
    0x63, 0xFE, 0x18, 0x00, 0x06, 0x00, 0x00, 0x00, 0x00, 0x7F, 0xF7, 0x86, 0x00, 0x42, 0x20, 0x21,
    0x18, 0x11, 0x04, 0x09, 0x8F, 0x04, 0xFF, 0x87, 0x00, 0x06, 0xC0, 0x02, 0x3F, 0xF8, 0x00, 0x00,
    0x40, 0x3E, 0x23, 0xF0, 0x13, 0x00, 0x0B, 0x00, 0x03, 0x00, 0x03, 0xFF, 0xF3, 0x10, 0x13, 0x10,
    0x13, 0x10, 0x13, 0x10, 0x12, 0x10, 0x16, 0x10, 0x3E, 0x10, 0x6E, 0x10, 0xC7, 0xFF, 0x00, 0x1E,
    0x23, 0xF8, 0x12, 0x00, 0x12, 0x00, 0x03, 0xFE, 0x02, 0x04, 0xF2, 0x84, 0x12, 0xC8, 0x16, 0x30,
    0x16, 0x38, 0x14, 0xCC, 0x1F, 0x86, 0x3A, 0x00, 0x7E, 0x00, 0xC7, 0xFF, 0x00, 0x00, 0x27, 0xFE,
    0x10, 0x30, 0x08, 0x20, 0x00, 0x60, 0x00, 0xF0, 0xF1, 0xE8, 0x13, 0x64, 0x16, 0x62, 0x14, 0x60,
    0x10, 0x60, 0x10, 0x60, 0x38, 0x60, 0x7C, 0x00, 0xC7, 0xFF, 0x00, 0x00, 0x00, 0x40, 0x60, 0x60,
    0x30, 0x24, 0x17, 0xFF, 0x06, 0x08, 0x03, 0x08, 0xF1, 0x90, 0x10, 0x70, 0x10, 0x70, 0x10, 0xD8,
    0x13, 0x8C, 0x16, 0x06, 0x38, 0x00, 0x7C, 0x00, 0x47, 0xFF, 0x00, 0x00, 0x40, 0x88, 0x20, 0x88,
    0x10, 0x88, 0x0F, 0xFF, 0x00, 0x88, 0x00, 0x88, 0xF0, 0x88, 0x17, 0xFF, 0x11, 0x88, 0x11, 0x88,
    0x11, 0x08, 0x13, 0x08, 0x3E, 0x08, 0x6E, 0x00, 0xC7, 0xFF, 0x63, 0xFE, 0x30, 0x00, 0x18, 0x00,
    0x00, 0x00, 0x07, 0xFF, 0xF0, 0x90, 0x10, 0x90, 0x11, 0x90, 0x11, 0x11, 0x11, 0x11, 0x12, 0x1F,
    0x3C, 0x0E, 0x6C, 0x00, 0x47, 0xFF, 0x00, 0x00, 0x40, 0x40, 0x10, 0x60, 0x05, 0xFF, 0x81, 0x34,
    0x00, 0x12, 0x03, 0x99, 0x03, 0xCF, 0xF8, 0x20, 0x40, 0x10, 0x20, 0x0B, 0xFF, 0x84, 0x08, 0x02,
    0x04, 0x03, 0x82, 0x03, 0xE1, 0x01, 0x1F, 0xFC, 0x00, 0x00, 0x00, 0x00, 0x40, 0x28, 0x60, 0x2C,
    0x30, 0x22, 0x17, 0xFF, 0x00, 0x70, 0x00, 0x78, 0xF0, 0xA8, 0x11, 0xA4, 0x11, 0x26, 0x13, 0x22,
    0x16, 0x21, 0x10, 0x20, 0x38, 0x20, 0x7E, 0x01, 0xC7, 0xFF, 0x00, 0x60, 0x60, 0x40, 0x33, 0xFC,
    0x12, 0x04, 0x02, 0x04, 0x03, 0xFC, 0xF2, 0x00, 0x12, 0x00, 0x13, 0xFE, 0x12, 0x02, 0x12, 0x02,
    0x13, 0xFE, 0x3B, 0xFC, 0x7C, 0x00, 0xC7, 0xFF, 0x00, 0x00, 0x00, 0x00, 0x63, 0xFC, 0x12, 0x04,
    0x0B, 0xFC, 0x02, 0x04, 0x72, 0x04, 0x73, 0xFC, 0x12, 0x42, 0x12, 0x2C, 0x12, 0x18, 0x12, 0x4C,
    0x17, 0xC6, 0x3E, 0x02, 0x7E, 0x00, 0xC7, 0xFF, 0x00, 0x04, 0x10, 0x82, 0x0C, 0x63, 0x03, 0x11,
    0x00, 0x7F, 0xF0, 0x01, 0x01, 0x80, 0x80, 0xE0, 0x40, 0x17, 0xFF, 0x08, 0x30, 0x04, 0x14, 0x02,
    0x19, 0x01, 0x18, 0x41, 0xF8, 0x11, 0xB0, 0x01, 0x8F, 0xFF, 0x00, 0x00, 0x00, 0x40, 0x1E, 0x67,
    0xF8, 0x30, 0x20, 0x10, 0x20, 0x0F, 0xFF, 0x00, 0x20, 0x70, 0x20, 0x13, 0xFE, 0x12, 0x02, 0x12,
    0x02, 0x12, 0x02, 0x13, 0xFE, 0x38, 0x00, 0x7E, 0x00, 0x47, 0xFF, 0x00, 0x00, 0x00, 0x82, 0x18,
    0x62, 0x06, 0x13, 0x01, 0x7F, 0xF0, 0x01, 0x00, 0x08, 0x89, 0xE4, 0x44, 0x12, 0x22, 0x09, 0x11,
    0x04, 0xFF, 0x82, 0x0C, 0x01, 0x0C, 0x01, 0xCC, 0x01, 0xFC, 0x00, 0x8F, 0xFE, 0x00, 0x00, 0x00,
    0x00, 0x20, 0x20, 0x90, 0x08, 0x48, 0x02, 0x3F, 0xC1, 0xA2, 0x00, 0x11, 0x00, 0x00, 0x80, 0xEF,
    0xFE, 0x10, 0x90, 0x08, 0x48, 0x04, 0x64, 0x42, 0x62, 0x21, 0x61, 0xF1, 0xC0, 0x01, 0xF0, 0x00,
    0x8F, 0xFE, 0x00, 0x00, 0x00, 0x00, 0x20, 0x38, 0x38, 0x06, 0x36, 0x01, 0x31, 0x80, 0x3F, 0xF0,
    0x2F, 0xE1, 0xC0, 0x80, 0x2F, 0xFE, 0x10, 0x20, 0x08, 0x92, 0x04, 0x89, 0x82, 0xC4, 0x61, 0x42,
    0x13, 0xE7, 0x01, 0x1F, 0xFC, 0x00, 0x00, 0x00, 0x00, 0x31, 0xFF, 0x0C, 0x33, 0x03, 0x07, 0x00,
    0x3F, 0xE0, 0x11, 0x13, 0xC8, 0x88, 0x27, 0xFC, 0x12, 0x22, 0x09, 0xFF, 0x04, 0x88, 0x82, 0x44,
    0x43, 0xA2, 0xE3, 0x60, 0x03, 0x1F, 0xFC, 0x00, 0x00, 0x00, 0x20, 0x30, 0x10, 0x0D, 0xFF, 0xC2,
    0x04, 0x00, 0x3F, 0xE0, 0x11, 0x13, 0xC8, 0x88, 0x24, 0x44, 0x13, 0xFE, 0x08, 0x3C, 0x04, 0x39,
    0x02, 0x34, 0x43, 0xE2, 0x03, 0xE1, 0x03, 0x1F, 0xFC, 0x00, 0x00, 0x40, 0x20, 0x10, 0x10, 0x05,
    0xFF, 0xC3, 0x04, 0x00, 0x3F, 0xE0, 0x11, 0x11, 0xCF, 0xF8, 0x24, 0x44, 0x13, 0xFE, 0x08, 0x10,
    0x05, 0xFF, 0xC2, 0x04, 0x03, 0x82, 0x03, 0x61, 0x03, 0x1F, 0xFE, 0x00, 0x00, 0x41, 0xA0, 0x10,
    0x88, 0x04, 0xFF, 0xC3, 0x7F, 0xE0, 0x61, 0x00, 0x7F, 0xF1, 0xC8, 0x40, 0x24, 0x20, 0x13, 0xFF,
    0x09, 0x08, 0x04, 0x84, 0x02, 0x7F, 0xE3, 0x80, 0x03, 0xE0, 0x01, 0x1F, 0xFE, 0x00, 0x00, 0x20,
    0x00, 0x18, 0xFE, 0x06, 0x41, 0x01, 0x3C, 0x80, 0x12, 0x40, 0x09, 0x23, 0xCF, 0xFC, 0x24, 0x06,
    0x12, 0xFB, 0x09, 0x45, 0x84, 0xA2, 0xC2, 0x5F, 0x63, 0xA8, 0xE3, 0x60, 0x03, 0x1F, 0xFC, 0x00,
    0x00, 0x01, 0x88, 0x60, 0x98, 0x37, 0xFF, 0x17, 0xFE, 0x06, 0xD2, 0x06, 0xDE, 0xF7, 0xFE, 0x17,
    0xFE, 0x17, 0xFE, 0x10, 0x08, 0x1F, 0xFF, 0x11, 0x88, 0x10, 0x48, 0x7C, 0x38, 0x47, 0xFF, 0x00,
    0x00, 0x67, 0xFE, 0x34, 0x72, 0x1F, 0xFE, 0x04, 0x71, 0x07, 0xDF, 0x70, 0x88, 0x17, 0xFE, 0x10,
    0x88, 0x10, 0x88, 0x1F, 0xFF, 0x10, 0x9C, 0x3B, 0x06, 0x7E, 0x00, 0x47, 0xFF, 0x00, 0x00, 0x18,
    0x00, 0x10, 0xFF, 0xFF, 0x19, 0x1A, 0x62, 0x24, 0xC4, 0x49, 0x0D, 0x96, 0x7F, 0xE6, 0x00, 0x46,
    0xFE, 0x8D, 0x05, 0x0A, 0x0A, 0x34, 0x15, 0xCF, 0xE8, 0x10, 0x50, 0x00, 0x04, 0x40, 0x02, 0x5F,
    0x9F, 0xE8, 0xC0, 0xA4, 0x40, 0x62, 0x67, 0xFF, 0x21, 0xFE, 0xB0, 0x30, 0x4C, 0x7F, 0xA3, 0x78,
    0x50, 0x8F, 0xE8, 0x46, 0x14, 0x23, 0x0A, 0xF1, 0xFD, 0x00, 0xC2, 0x80, 0x00, 0x00, 0xFF, 0xFE,
    0x14, 0x02, 0x7F, 0x02, 0xFF, 0x02, 0xD5, 0x02, 0xD5, 0xFE, 0xF5, 0xC2, 0xE7, 0xC2, 0xC1, 0xC0,
    0xFF, 0xC0, 0xC1, 0xC1, 0xC1, 0xC1, 0xFF, 0xC1, 0xC1, 0x7F, 0x03, 0x00, 0x7E, 0xFE, 0x49, 0xC2,
    0x6B, 0xC2, 0x2A, 0xC2, 0x2A, 0xC2, 0x7F, 0xC2, 0x7F, 0xFE, 0x18, 0xD0, 0x3E, 0xD8, 0x2B, 0xC8,
    0x48, 0x8C, 0xC9, 0x84, 0x09, 0x86, 0x0B, 0x03, 0x00, 0x00, 0x01, 0xFC, 0x7F, 0xE0, 0x01, 0x00,
    0xFF, 0xFE, 0x01, 0x00, 0x3F, 0xFC, 0x21, 0x04, 0x3F, 0xFC, 0x21, 0x04, 0x3F, 0xFC, 0x01, 0x00,
    0x7F, 0xFC, 0x01, 0x00, 0x01, 0x00, 0xFF, 0xFF, 0x00, 0x00, 0x1F, 0xFC, 0x10, 0x04, 0x1F, 0xFC,
    0x10, 0x04, 0x1F, 0xFC, 0x7F, 0xFF, 0x1F, 0xFC, 0x3F, 0xFE, 0x3F, 0xFE, 0x3F, 0xFE, 0x3F, 0xFE,
    0x00, 0x80, 0x3F, 0xFE, 0x00, 0x80, 0xFF, 0xFF, 0x08, 0x00, 0x0E, 0xFF, 0x05, 0x80, 0x84, 0x1F,
    0xC7, 0xE0, 0x20, 0x40, 0x10, 0x27, 0xFC, 0xFE, 0x20, 0x08, 0x93, 0x35, 0x2B, 0x0A, 0x8F, 0x05,
    0x8E, 0x80, 0xF9, 0x33, 0xE8, 0x8C, 0x01, 0xC0, 0x00, 0x00, 0x10, 0x10, 0x30, 0x10, 0x3F, 0x10,
    0x60, 0x10, 0x40, 0x10, 0x3E, 0x10, 0x09, 0xFF, 0x08, 0x10, 0x7F, 0x10, 0x08, 0x10, 0x08, 0x10,
    0x08, 0x10, 0x0A, 0x10, 0x1C, 0x10, 0x18, 0x10, 0x20, 0x20, 0x40, 0x41, 0xF8, 0x86, 0x0F, 0xF8,
    0x3F, 0xEF, 0xE4, 0x44, 0xC8, 0x89, 0x91, 0xFF, 0x22, 0x27, 0xFC, 0x4C, 0x88, 0x81, 0x01, 0x62,
    0x03, 0x84, 0x0C, 0x08, 0x00, 0x20, 0x10, 0x11, 0x08, 0x1F, 0x7F, 0xC8, 0x25, 0x0C, 0x06, 0x83,
    0xE2, 0x40, 0x5D, 0xFC, 0x22, 0x10, 0x7D, 0x08, 0x3C, 0xFF, 0x84, 0x42, 0x02, 0x21, 0x01, 0xF8,
    0x80, 0xFE, 0x40, 0xD9, 0xFE, 0x00, 0x00, 0x00, 0x00, 0x08, 0x08, 0x0C, 0x24, 0x87, 0xFA, 0xC6,
    0x05, 0x42, 0xE7, 0xF0, 0xFB, 0xF8, 0x11, 0x24, 0x08, 0x92, 0x3F, 0xC9, 0x02, 0x24, 0x81, 0x12,
    0x40, 0x8B, 0x20, 0x55, 0xD0, 0x39, 0xB8, 0x33, 0x06, 0x00, 0x00, 0x00, 0x30, 0xFE, 0x20, 0xFE,
    0x7E, 0x82, 0x40, 0x82, 0xC0, 0xFE, 0x7E, 0x10, 0x10, 0x10, 0x11, 0xFF, 0xFF, 0x31, 0x11, 0x39,
    0x11, 0x6D, 0x11, 0xC5, 0x17, 0x01, 0x1D, 0x01, 0x11, 0x0F, 0x00, 0x08, 0x20, 0xC8, 0x60, 0xC8,
    0x7F, 0xFE, 0xC0, 0xC8, 0x80, 0xC8, 0x7C, 0xC8, 0x13, 0xFF, 0x10, 0x00, 0xFF, 0xFC, 0x11, 0x04,
    0x11, 0x04, 0x11, 0xFC, 0x15, 0x04, 0x1D, 0x04, 0x31, 0xFC, 0x00, 0x00, 0x30, 0x08, 0x11, 0xFF,
    0x0F, 0x22, 0x88, 0x31, 0x4C, 0x17, 0xF3, 0xF8, 0x50, 0x4F, 0xF8, 0x21, 0x10, 0x7E, 0xFF, 0x09,
    0x44, 0x04, 0x7F, 0xC2, 0x31, 0x01, 0xD8, 0x81, 0xD3, 0x40, 0xD8, 0xFC, 0x00, 0x00, 0x11, 0xFE,
    0x21, 0xFF, 0x3F, 0x03, 0x41, 0x03, 0xC1, 0xFF, 0x7D, 0x10, 0x11, 0x10, 0x11, 0xFF, 0x7F, 0x10,
    0x7F, 0x10, 0x13, 0xFF, 0x13, 0x83, 0x13, 0x83, 0x1E, 0x83, 0x32, 0xFF, 0x00, 0x00, 0x00, 0x00,
    0x30, 0x10, 0x21, 0xFF, 0x7C, 0x44, 0x40, 0x44, 0x81, 0xFF, 0x7C, 0x00, 0x10, 0xFE, 0x10, 0x82,
    0xFE, 0xFE, 0x10, 0xFE, 0x10, 0xFE, 0x10, 0x68, 0x16, 0x49, 0x1C, 0xC9, 0x33, 0x8F, 0x00, 0x00,
    0x1F, 0xFC, 0x10, 0x00, 0x1F, 0xF8, 0x10, 0x00, 0x10, 0x00, 0x1F, 0xF8, 0x10, 0x00, 0xFF, 0xFE,
    0xFF, 0xFC, 0x11, 0x9C, 0x10, 0xF0, 0x10, 0x60, 0x13, 0x98, 0x3E, 0x06, 0x30, 0x00, 0x08, 0x04,
    0x08, 0x08, 0x08, 0x10, 0x08, 0x60, 0x08, 0xC0, 0x0B, 0x00, 0x08, 0x00, 0xFF, 0xFF, 0x08, 0xC0,
    0x08, 0x40, 0x08, 0x60, 0x08, 0x30, 0x08, 0x18, 0x08, 0xCE, 0x0F, 0x03, 0x08, 0x00, 0xFE, 0xFE,
    0xC2, 0x82, 0xFE, 0xFE, 0xC2, 0x82, 0xC2, 0x82, 0xFE, 0xFE, 0xDF, 0xF2, 0xC4, 0x42, 0xC4, 0x42,
    0xFF, 0xF2, 0xC4, 0x42, 0xCC, 0x42, 0xD8, 0x42, 0xD8, 0x5E, 0x00, 0x00, 0xFE, 0xFE, 0xC2, 0x82,
    0xFE, 0xFE, 0xC2, 0x82, 0xC2, 0x82, 0xFE, 0xFE, 0xC0, 0x02, 0xCF, 0xE2, 0xC8, 0x22, 0xCF, 0xE2,
    0xC8, 0x22, 0xC8, 0x22, 0xCF, 0xE2, 0xC8, 0x1E, 0x00, 0x00, 0xFE, 0xFE, 0xC2, 0xC2, 0xFE, 0xFE,
    0xC2, 0xC2, 0xFE, 0xFE, 0xC4, 0x42, 0xC6, 0x42, 0xCF, 0xE2, 0xC8, 0x22, 0xCF, 0xE2, 0xCF, 0xE2,
    0xC6, 0x82, 0xDC, 0x92, 0xD0, 0xFE, 0x00, 0x00, 0x40, 0x00, 0xBF, 0xF3, 0x00, 0x60, 0x01, 0x80,
    0x06, 0x00, 0x18, 0x00, 0x60, 0x01, 0x80, 0x06, 0x00, 0x18, 0x00, 0x60, 0x01, 0x80, 0x06, 0x00,
    0x18, 0x07, 0xC0, 0xC0, 0x01, 0x3F, 0xF2, 0x00, 0xE0, 0x23, 0x80, 0x8E, 0xFF, 0xF8, 0x18, 0xE0,
    0xE3, 0x86, 0x8E, 0x32, 0x39, 0x88, 0xE8, 0x23, 0x80, 0x8E, 0x1E, 0x38, 0x03, 0x80, 0x00, 0x80,
    0x01, 0x3F, 0xF2, 0x00, 0xE0, 0x03, 0x80, 0x0E, 0x7F, 0x39, 0x84, 0xE6, 0x13, 0x98, 0x4E, 0x61,
    0x39, 0xFC, 0xE6, 0x03, 0x88, 0x0E, 0x00, 0x38, 0x03, 0x80, 0x00, 0x80, 0x01, 0x3F, 0xF2, 0x00,
    0xE0, 0x03, 0x80, 0x0E, 0x7F, 0x39, 0x04, 0xE4, 0x13, 0x9F, 0xCE, 0x41, 0x39, 0x04, 0xE7, 0xF3,
    0x80, 0x0E, 0x00, 0x38, 0x03, 0x80, 0xC0, 0x01, 0x3F, 0xF2, 0x00, 0xE2, 0x23, 0x85, 0x8E, 0x7F,
    0x39, 0x04, 0xE4, 0x13, 0x9F, 0xCE, 0x7F, 0x38, 0x50, 0xE2, 0x43, 0x99, 0x2E, 0xC7, 0xB8, 0x03,
    0x80, 0x00, 0xF8, 0x01, 0xF7, 0xFA, 0x68, 0x14, 0x90, 0x2B, 0x20, 0x54, 0x40, 0xA4, 0x81, 0x4D,
    0xFE, 0x8A, 0x05, 0x14, 0x0B, 0xE8, 0x14, 0x10, 0x28, 0x20, 0x50, 0x7F, 0xA0, 0x81, 0x00, 0x00,
    0x41, 0xF0, 0xC2, 0x62, 0x84, 0x8D, 0x8A, 0x31, 0x94, 0xC1, 0xA5, 0x45, 0xCC, 0x88, 0x89, 0x11,
    0x12, 0x22, 0xE4, 0x44, 0x08, 0x88, 0x31, 0x10, 0x42, 0x21, 0x04, 0x00, 0x00, 0x01, 0x09, 0xF2,
    0x12, 0x68, 0x24, 0x90, 0x4B, 0x7F, 0xF4, 0xC1, 0x27, 0x82, 0x4D, 0x44, 0x8A, 0x49, 0x14, 0x92,
    0xE8, 0xA5, 0x90, 0x48, 0x20, 0x90, 0x41, 0x20, 0x9E, 0x00, 0x00, 0x00, 0x01, 0xFF, 0xFA, 0x78,
    0x34, 0xB0, 0x6B, 0x7F, 0xD4, 0xC1, 0xA5, 0x83, 0x4F, 0xFE, 0x8E, 0x81, 0x1D, 0x9A, 0xF9, 0x64,
    0x33, 0x08, 0x62, 0x10, 0xFF, 0x21, 0xC3, 0x00, 0x00, 0x61, 0xF0, 0xC2, 0x42, 0xC4, 0x88, 0xCA,
    0x60, 0xF4, 0xFF, 0x24, 0x10, 0x4C, 0x20, 0x8F, 0xFF, 0x30, 0x83, 0xE9, 0x64, 0x32, 0x68, 0xC4,
    0x51, 0x08, 0x60, 0xF0, 0x00, 0x00, 0x00, 0x40, 0xF8, 0x60, 0x98, 0xB0, 0x91, 0x98, 0xB3, 0x0C,
    0xA7, 0xFE, 0x94, 0x02, 0x98, 0x44, 0x8A, 0x4C, 0x9A, 0x48, 0xBB, 0x48, 0x81, 0x10, 0x80, 0x10,
    0x87, 0xFE, 0x80, 0x00, 0x00, 0x00, 0xFE, 0x20, 0x8E, 0x26, 0x97, 0xFC, 0x96, 0x30, 0xA6, 0x20,
    0xB6, 0xE3, 0x97, 0xFE, 0x98, 0x40, 0x8B, 0xFC, 0x8A, 0x04, 0xBA, 0x04, 0x83, 0xFC, 0x82, 0x04,
    0x82, 0x04, 0x83, 0xFC, 0x00, 0x00, 0xF0, 0x20, 0xF8, 0x20, 0x95, 0xFE, 0xA2, 0x40, 0xA0, 0xFE,
    0xA0, 0xC6, 0xBF, 0xC6, 0x9E, 0xFE, 0x92, 0xC6, 0x92, 0xFE, 0xB2, 0xC6, 0x82, 0xC6, 0x87, 0xDC,
    0x8D, 0x80, 0x88, 0xFE, 0x00, 0x00, 0xF8, 0x81, 0x33, 0xF2, 0x4C, 0x44, 0xB1, 0x0B, 0x7F, 0xD4,
    0x00, 0xA4, 0xFF, 0x4C, 0x02, 0x88, 0x05, 0x1F, 0xFA, 0xE3, 0x05, 0x2B, 0x68, 0x50, 0xD1, 0xA1,
    0x62, 0x7E, 0x00, 0x00, 0xF8, 0x01, 0xFF, 0xFE, 0x60, 0x04, 0x9F, 0xEA, 0x20, 0x56, 0x7F, 0xA4,
    0x00, 0x4F, 0xFF, 0x8D, 0x1B, 0x39, 0x66, 0xFF, 0xEC, 0x22, 0x18, 0x44, 0x30, 0x88, 0x61, 0x13,
    0x80, 0x00, 0x00, 0x01, 0xF1, 0x82, 0x3F, 0xF4, 0x88, 0x89, 0x13, 0x17, 0xFF, 0xE8, 0x00, 0x49,
    0xFC, 0x9A, 0x09, 0x17, 0xF2, 0x2F, 0xE4, 0xDF, 0xCB, 0x04, 0x11, 0xFF, 0xE0, 0x10, 0x40, 0x20,
    0xF8, 0x7D, 0xFF, 0xE2, 0x7B, 0x34, 0x92, 0x4B, 0x25, 0x14, 0xFF, 0xA4, 0x01, 0x4F, 0xFE, 0x88,
    0x05, 0x1F, 0xFA, 0xE3, 0x05, 0x2B, 0x48, 0x51, 0x51, 0x22, 0x62, 0x7C, 0x00, 0x00, 0x00, 0x80,
    0x00, 0x80, 0x3F, 0xFC, 0x00, 0x84, 0x7F, 0xFF, 0x00, 0x84, 0x00, 0x84, 0x3F, 0xFC, 0x20, 0x82,
    0x18, 0xC4, 0x0C, 0xF8, 0x03, 0xB0, 0x1C, 0x8C, 0x70, 0x87, 0x07, 0x80, 0x00, 0x00, 0x00, 0x00,
    0x04, 0x40, 0x07, 0xFF, 0x07, 0xFF, 0xC3, 0x08, 0x03, 0xFF, 0xE0, 0xC2, 0x00, 0x7F, 0xF8, 0x30,
    0x80, 0x1F, 0xFF, 0x84, 0x20, 0x0F, 0xFF, 0xE0, 0x3E, 0x00, 0x65, 0xC0, 0xE2, 0x38, 0xC1, 0x06,
    0x00, 0x00, 0x22, 0x30, 0x7F, 0x68, 0x22, 0x4C, 0x3E, 0x7F, 0x7F, 0xC8, 0x49, 0xC8, 0x49, 0x7F,
    0x7F, 0x7F, 0x08, 0x48, 0x7F, 0x48, 0x08, 0x7F, 0x7F, 0xC8, 0x1C, 0x48, 0x32, 0x7F, 0x61, 0x7F,
    0x3F, 0xF8, 0xFF, 0xF9, 0xFF, 0xE7, 0xFF, 0xEB, 0xDF, 0xD0, 0x20, 0x9F, 0x7E, 0x00, 0x80, 0x7F,
    0xF8, 0xC2, 0x11, 0xFF, 0xE3, 0x08, 0x47, 0xFF, 0xAC, 0x20, 0x40, 0x7F, 0x80, 0x3F, 0xF8, 0xFF,
    0xF9, 0xFF, 0xF7, 0xFF, 0xEB, 0xDF, 0xD0, 0x20, 0x9F, 0x7E, 0x00, 0x80, 0xFF, 0xFE, 0x06, 0x01,
    0xFF, 0xF2, 0x22, 0x24, 0x44, 0x48, 0x88, 0x91, 0x17, 0x00, 0x00, 0x02, 0x60, 0x01, 0xB0, 0x00,
    0xD8, 0x0F, 0xEF, 0xE0, 0x36, 0x00, 0x1B, 0x01, 0xFD, 0xFC, 0x06, 0xC0, 0x03, 0x60, 0x01, 0xB0,
    0x1F, 0xDF, 0xC0, 0x6C, 0x00, 0x36, 0x00, 0x1B, 0x00, 0x0D, 0x80, 0xFF, 0xFE, 0x06, 0x00, 0x08,
    0x03, 0xFF, 0xE4, 0x84, 0x49, 0x08, 0x93, 0xF1, 0x24, 0x22, 0x48, 0x44, 0x9F, 0x89, 0x21, 0x12,
    0x42, 0x27, 0xFF, 0xCF, 0xFF, 0x80, 0x03, 0x00, 0x02, 0x01, 0xFF, 0xF0, 0xC1, 0x80, 0x82, 0x01,
    0x0C, 0x3F, 0xFF, 0x80, 0x00, 0x3F, 0xF8, 0x40, 0x30, 0x80, 0x61, 0xFF, 0xC2, 0x01, 0x84, 0x03,
    0x0F, 0xFE, 0x00, 0x00, 0x03, 0xFF, 0x3F, 0x18, 0x04, 0x7F, 0xC2, 0x20, 0x61, 0x10, 0x30, 0x8F,
    0xF8, 0x44, 0x0C, 0x22, 0x06, 0x17, 0xFF, 0x3C, 0x81, 0xB0, 0x7F, 0xC0, 0x09, 0x00, 0x1C, 0x60,
    0x38, 0x08, 0x08, 0x00, 0x14, 0x7F, 0x8B, 0xC2, 0x05, 0x0F, 0xE2, 0x84, 0x17, 0xFE, 0x08, 0x21,
    0xFC, 0x52, 0x82, 0x2B, 0x41, 0x35, 0x3F, 0x93, 0x90, 0x41, 0x8F, 0xE0, 0x82, 0x41, 0x83, 0x19,
    0x87, 0x04, 0x00, 0x00, 0x7F, 0xFE, 0x01, 0x00, 0x01, 0x00, 0x1F, 0xFC, 0x10, 0x0C, 0x11, 0x8C,
    0x11, 0x8C, 0x11, 0x8C, 0x11, 0x8C, 0x11, 0x8C, 0x11, 0x0C, 0x03, 0x60, 0x0E, 0x18, 0x78, 0x06,
    0x40, 0x02, 0x00, 0xFF, 0x3F, 0xFF, 0x82, 0x04, 0x01, 0x1F, 0xE0, 0x88, 0x30, 0x44, 0x98, 0x22,
    0x6C, 0x11, 0x36, 0x08, 0x9B, 0x04, 0x49, 0x82, 0x24, 0xC1, 0x02, 0x00, 0x83, 0x80, 0x41, 0x31,
    0xE3, 0x0C, 0x03, 0x02, 0x03, 0xFF, 0x7C, 0x20, 0x11, 0xFE, 0x11, 0x02, 0x11, 0x32, 0x11, 0x32,
    0x11, 0x32, 0x11, 0x32, 0x15, 0x32, 0x3D, 0x22, 0xC1, 0x22, 0x00, 0x6C, 0x01, 0xC6, 0x03, 0x03,
    0x00, 0x00, 0x00, 0x00, 0x22, 0xFF, 0x2A, 0x18, 0x2A, 0x7E, 0x2A, 0x7F, 0x2A, 0x43, 0x2A, 0x5B,
    0x2A, 0x5B, 0x2A, 0x5B, 0x2A, 0x5B, 0x6A, 0x5B, 0x6A, 0x52, 0x6A, 0x1C, 0x42, 0x26, 0x42, 0xC3,
    0x00, 0x80, 0x00, 0x00, 0x7E, 0xFF, 0x06, 0x10, 0x2C, 0xFF, 0x18, 0xC3, 0x0C, 0xD3, 0xFF, 0xDB,
    0x1A, 0xDB, 0x1A, 0xDB, 0x1C, 0xD3, 0x18, 0xD3, 0x18, 0x18, 0x18, 0x36, 0x18, 0x63, 0x71, 0x81,
    0x0C, 0x00, 0x16, 0x3F, 0x8B, 0xC2, 0x05, 0xE3, 0x02, 0xC7, 0xF3, 0xFA, 0x5B, 0xFF, 0x2C, 0x10,
    0x96, 0x29, 0x4B, 0x34, 0xA5, 0x92, 0x92, 0xC1, 0xCB, 0x60, 0x41, 0x80, 0x41, 0xB0, 0xC1, 0x8C,
    0xC3, 0x02, 0x00, 0x00, 0x1F, 0xFF, 0x88, 0x46, 0x07, 0xEF, 0xC2, 0x14, 0x21, 0xFA, 0x50, 0x01,
    0x29, 0xFF, 0xB4, 0x08, 0x5A, 0x14, 0x2D, 0x0B, 0xF6, 0x85, 0x06, 0xC3, 0x86, 0x32, 0x74, 0x0B,
    0x1F, 0xFC, 0x00, 0x00, 0x00, 0x00, 0x04, 0x3F, 0x9F, 0xFF, 0xC8, 0x11, 0x05, 0x0F, 0xF0, 0xF2,
    0x18, 0x89, 0x2C, 0xE8, 0x96, 0x0C, 0x4B, 0x1B, 0xA5, 0x98, 0x52, 0xC7, 0xEB, 0x62, 0x35, 0x31,
    0x18, 0xE0, 0x8C, 0x98, 0x7F, 0x82, 0x00, 0x00, 0x00, 0x3F, 0xFC, 0x18, 0x02, 0x0C, 0x09, 0x06,
    0x84, 0x83, 0x26, 0x61, 0x8A, 0x30, 0xC7, 0x18, 0x61, 0x8C, 0x31, 0x66, 0x19, 0x93, 0x0D, 0x8D,
    0x85, 0x83, 0xE6, 0x00, 0x72, 0x00, 0x18, 0x00, 0x00, 0x3F, 0xF2, 0x03, 0x8A, 0x07, 0x47, 0x0E,
    0x21, 0xC1, 0x10, 0x90, 0x88, 0x29, 0xFF, 0xCC, 0x22, 0x24, 0x11, 0x14, 0x08, 0x8E, 0x04, 0x47,
    0x84, 0x21, 0x06, 0x10, 0xD2, 0x08, 0x38, 0x00, 0x00, 0x10, 0x02, 0x30, 0xFE, 0x21, 0xC0, 0x3F,
    0x00, 0x27, 0x00, 0x45, 0xFE, 0x55, 0x42, 0x11, 0x46, 0x11, 0x64, 0x11, 0x2C, 0x11, 0x38, 0x11,
    0x18, 0x1F, 0x38, 0x1A, 0x6C, 0x37, 0xC3, 0x00, 0x00, 0x30, 0x20, 0x21, 0xFE, 0x21, 0x22, 0x3D,
    0x32, 0x65, 0xFE, 0x4F, 0xFF, 0xD9, 0xFE, 0x11, 0xFE, 0x11, 0x02, 0x11, 0x22, 0x11, 0x22, 0x11,
    0x22, 0x1D, 0x62, 0x38, 0xDC, 0x33, 0x86, 0x00, 0x00, 0x00, 0x10, 0x3F, 0x18, 0x01, 0x1A, 0x04,
    0x89, 0x82, 0x48, 0x63, 0x2F, 0xF9, 0xB8, 0x04, 0xD8, 0x40, 0x7E, 0x92, 0x01, 0x4B, 0x00, 0xA5,
    0x0F, 0x5A, 0x8C, 0x60, 0x80, 0x20, 0x40, 0xF7, 0xFC, 0x00, 0x00, 0x04, 0x10, 0x02, 0x08, 0x0F,
    0xFF, 0x80, 0x82, 0x0F, 0xFF, 0xF0, 0x04, 0x00, 0x7F, 0xF0, 0x21, 0x08, 0x10, 0x84, 0x0F, 0xFE,
    0x04, 0x21, 0x03, 0xFF, 0x81, 0xFF, 0xC0, 0x70, 0xC1, 0xE0, 0x1C, 0x80, 0x02, 0x7F, 0x10, 0x3F,
    0x8C, 0x1A, 0xC5, 0x0F, 0xE2, 0x45, 0xD7, 0xF3, 0xFB, 0xF0, 0x20, 0x60, 0x10, 0x30, 0x7F, 0x18,
    0x04, 0x9C, 0x1F, 0xEF, 0x0E, 0x04, 0x85, 0x76, 0x62, 0xAA, 0x13, 0x57, 0x04, 0x01, 0x00, 0x01,
    0x80, 0x00, 0x80, 0x7F, 0xFF, 0x04, 0x30, 0x06, 0x60, 0x01, 0xC0, 0x03, 0xE0, 0x3E, 0x3E, 0x6C,
    0x13, 0x0C, 0x10, 0x0C, 0x10, 0x08, 0x10, 0x08, 0x10, 0x18, 0x10, 0x30, 0x10, 0x01, 0x00, 0x11,
    0x00, 0x11, 0xFC, 0x11, 0x00, 0x11, 0x00, 0xFF, 0xFF, 0xFF, 0xFE, 0x41, 0x04, 0x43, 0x04, 0x42,
    0xC4, 0x44, 0x64, 0x58, 0x34, 0x50, 0x14, 0x7F, 0xFC, 0x00, 0x04, 0x1E, 0xF1, 0xF7, 0x8C, 0x70,
    0xE3, 0x0F, 0xFF, 0x7D, 0xF1, 0xC6, 0x0E, 0x30, 0x71, 0x83, 0x8C, 0x1C, 0x60, 0xE3, 0x07, 0x18,
    0x00, 0x1F, 0x1F, 0xCC, 0x6E, 0x0F, 0xDF, 0xCD, 0xC6, 0xE3, 0x71, 0xB8, 0xDC, 0x6E, 0x37, 0x18,
    0x1F, 0x9F, 0xCC, 0x6E, 0x3F, 0xDF, 0xCD, 0xC6, 0xE3, 0x71, 0xB8, 0xDC, 0x6E, 0x37, 0x18, 0x1E,
    0xF4, 0x7D, 0xFC, 0xC7, 0x1B, 0x8C, 0x0F, 0xFF, 0x7F, 0x7C, 0xDC, 0x61, 0xB8, 0xC3, 0x71, 0x86,
    0xE3, 0x0D, 0xC6, 0x1B, 0x8C, 0x37, 0x18, 0x60, 0x1E, 0xFE, 0x7D, 0xEC, 0xC7, 0x1B, 0x8C, 0x3F,
    0xFF, 0x7F, 0x7C, 0xDC, 0x61, 0xB8, 0xC3, 0x71, 0x86, 0xE3, 0x0D, 0xC6, 0x1B, 0x8C, 0x37, 0x18,
    0x60, 0x7C, 0x1F, 0x8C, 0x73, 0x1C, 0xCF, 0xF1, 0xFC, 0x73, 0x1C, 0xC7, 0x31, 0xCC, 0x73, 0x1C,
    0xC3, 0xC0, 0x20, 0x03, 0xC0, 0x1F, 0x80, 0x66, 0x01, 0x98, 0x7E, 0xFD, 0xFB, 0xEE, 0x06, 0x1E,
    0x18, 0x3E, 0x60, 0x39, 0x80, 0x76, 0x19, 0x9C, 0x7E, 0x3C, 0x40, 0x20, 0x49, 0x24, 0x92, 0x40,
    0x2C, 0x94, 0xA5, 0x29, 0x00, 0x04, 0x40, 0xCC, 0x0C, 0xC0, 0x88, 0x7F, 0xF0, 0x88, 0x08, 0x80,
    0x88, 0x7F, 0xF1, 0x98, 0x19, 0x81, 0x10, 0x11, 0x00, 0x04, 0x02, 0x0F, 0x8F, 0xE6, 0x1A, 0x01,
    0x80, 0x60, 0x0E, 0x00, 0x80, 0x20, 0x1C, 0x0B, 0xFC, 0xFC, 0x08, 0x04, 0x00, 0x70, 0x46, 0xC2,
    0x22, 0x21, 0x11, 0x08, 0x90, 0x45, 0xBB, 0x6B, 0x6E, 0xD1, 0x04, 0x88, 0x64, 0x42, 0x22, 0x31,
    0xB1, 0x07, 0x00, 0x1C, 0x06, 0xC0, 0x88, 0x11, 0x02, 0x40, 0x70, 0x0E, 0x13, 0x42, 0xC4, 0xD0,
    0xD3, 0x06, 0x71, 0xE7, 0xE6, 0x00, 0x00, 0x49, 0x24, 0x03, 0x26, 0x4C, 0x88, 0x88, 0x8C, 0xC4,
    0x63, 0x10, 0x02, 0x18, 0x61, 0x0C, 0x61, 0x08, 0x46, 0x31, 0x18, 0x8C, 0x40, 0x02, 0x00, 0x10,
    0x00, 0x80, 0x84, 0x27, 0x26, 0x0F, 0xE0, 0x1C, 0x01, 0xF0, 0x32, 0xE3, 0x11, 0x80, 0x80, 0x04,
    0x00, 0x20, 0x00, 0x02, 0x00, 0x10, 0x00, 0x80, 0x04, 0x00, 0x20, 0x01, 0x03, 0xFF, 0xE0, 0xC0,
    0x02, 0x00, 0x10, 0x00, 0x80, 0x04, 0x00, 0x20, 0x00, 0x37, 0x13, 0x60, 0xFF, 0xF8, 0xF0, 0x00,
    0x01, 0x00, 0x02, 0x00, 0x04, 0x00, 0x08, 0x00, 0x10, 0x00, 0x20, 0x00, 0x40, 0x00, 0x80, 0x01,
    0x00, 0x02, 0x00, 0x04, 0x00, 0x08, 0x00, 0x10, 0x00, 0x20, 0x00, 0x40, 0x00, 0x00, 0x00, 0x3E,
    0x3B, 0x90, 0x58, 0x38, 0x1C, 0x06, 0x03, 0x01, 0x81, 0xE0, 0xF0, 0x4C, 0x63, 0xE0, 0x10, 0xF8,
    0x18, 0x18, 0x18, 0x18, 0x18, 0x18, 0x18, 0x18, 0x18, 0x18, 0xFF, 0x1E, 0x1C, 0xC4, 0x18, 0x06,
    0x01, 0x80, 0x40, 0x10, 0x08, 0x06, 0x03, 0x01, 0x80, 0x80, 0x7F, 0x80, 0x1F, 0x0C, 0xE4, 0x08,
    0x02, 0x00, 0x80, 0xE0, 0xF0, 0x0E, 0x00, 0x80, 0x34, 0x0D, 0x86, 0x3F, 0x00, 0x00, 0x00, 0xC0,
    0x70, 0x14, 0x0D, 0x06, 0x43, 0x10, 0x84, 0x61, 0x1F, 0xF0, 0x10, 0x04, 0x01, 0x00, 0x40, 0x7F,
    0xA0, 0x10, 0x08, 0x07, 0xE3, 0x18, 0x06, 0x01, 0x00, 0x80, 0xF0, 0xCF, 0xC0, 0x1F, 0x1D, 0xDC,
    0x0C, 0x06, 0x07, 0xF3, 0xCF, 0x81, 0xC0, 0xB0, 0x58, 0x2E, 0x33, 0xF0, 0xFF, 0x80, 0x80, 0x80,
    0xC0, 0x40, 0x60, 0x20, 0x30, 0x18, 0x08, 0x04, 0x02, 0x01, 0x00, 0x3E, 0x33, 0x90, 0x58, 0x24,
    0x13, 0x19, 0xF9, 0x8E, 0x81, 0x40, 0xE0, 0x7C, 0x67, 0xE0, 0x3C, 0x37, 0xB0, 0xD0, 0x38, 0x1C,
    0x0F, 0x06, 0xCF, 0x3D, 0x81, 0x80, 0xD8, 0xC7, 0xC0, 0xF0, 0x00, 0xF0, 0x66, 0x00, 0x00, 0x06,
    0x72, 0x26, 0x80, 0x00, 0x0C, 0x00, 0xE0, 0x0E, 0x00, 0xE0, 0x0E, 0x00, 0x60, 0x06, 0x00, 0x1C,
    0x00, 0x1C, 0x00, 0x1C, 0x00, 0x1C, 0x00, 0x1C, 0x00, 0x1C, 0x00, 0x00, 0xFF, 0xF8, 0x00, 0x00,
    0x00, 0x00, 0x0F, 0xFF, 0x80, 0x80, 0x07, 0x00, 0x0E, 0x00, 0x1C, 0x00, 0x38, 0x00, 0x70, 0x00,
    0xE0, 0x0E, 0x01, 0xC0, 0x18, 0x03, 0x00, 0x60, 0x0C, 0x00, 0x00, 0x00, 0x3C, 0xCE, 0x08, 0x10,
    0x60, 0x82, 0x0C, 0x10, 0x20, 0x00, 0x81, 0x00, 0x0F, 0xC0, 0xE7, 0x8C, 0x0C, 0xC0, 0x3C, 0x78,
    0xE6, 0xC6, 0x62, 0x33, 0x11, 0x91, 0x9C, 0xDC, 0xA3, 0xBD, 0x80, 0x06, 0x00, 0x38, 0x60, 0x7E,
    0x00, 0x02, 0x00, 0x60, 0x07, 0x00, 0xD0, 0x09, 0x00, 0x98, 0x18, 0x81, 0x0C, 0x3F, 0xC2, 0x04,
    0x20, 0x66, 0x02, 0x40, 0x30, 0x00, 0xFF, 0x20, 0x68, 0x0A, 0x06, 0x83, 0xBF, 0xC8, 0x1A, 0x03,
    0x80, 0x60, 0x38, 0x1B, 0xFC, 0x1F, 0x87, 0x39, 0x80, 0x20, 0x0C, 0x01, 0x00, 0x20, 0x04, 0x00,
    0xC0, 0x18, 0x01, 0x80, 0x18, 0x61, 0xF8, 0xFE, 0x20, 0xC8, 0x1A, 0x03, 0x80, 0xE0, 0x18, 0x06,
    0x03, 0x80, 0xE0, 0x68, 0x33, 0xF8, 0xFF, 0x80, 0x80, 0x80, 0x80, 0xFE, 0x80, 0x80, 0x80, 0x80,
    0x80, 0xFF, 0xFF, 0x80, 0x80, 0x80, 0x80, 0xFE, 0x80, 0x80, 0x80, 0x80, 0x80, 0x80, 0x80, 0x1F,
    0x8E, 0x76, 0x03, 0x00, 0xC0, 0x20, 0x08, 0x02, 0x1F, 0x80, 0x70, 0x16, 0x04, 0xC3, 0x1F, 0x80,
    0x00, 0x20, 0x18, 0x06, 0x01, 0x80, 0x60, 0x1F, 0xFE, 0x01, 0x80, 0x60, 0x18, 0x06, 0x01, 0x80,
    0x40, 0xFF, 0x08, 0x08, 0x08, 0x08, 0x08, 0x08, 0x08, 0x08, 0x08, 0x08, 0xFF, 0x02, 0x04, 0x08,
    0x10, 0x20, 0x40, 0x81, 0x02, 0x04, 0x0E, 0x37, 0xC0, 0x00, 0x20, 0x68, 0x32, 0x18, 0x8C, 0x26,
    0x0B, 0xC3, 0x90, 0xC2, 0x20, 0xC8, 0x12, 0x02, 0x80, 0xC0, 0x80, 0x80, 0x80, 0x80, 0x80, 0x80,
    0x80, 0x80, 0x80, 0x80, 0x80, 0x80, 0xFF, 0x00, 0x18, 0x0F, 0x01, 0xF0, 0x7A, 0x0B, 0x63, 0x64,
    0x4C, 0x99, 0x9A, 0x31, 0x46, 0x38, 0xC2, 0x18, 0x02, 0x00, 0x30, 0x1C, 0x06, 0x81, 0xB0, 0x66,
    0x18, 0x86, 0x31, 0x86, 0x60, 0xD8, 0x16, 0x07, 0x80, 0xC0, 0x1F, 0x83, 0x9C, 0x60, 0x64, 0x03,
    0xC0, 0x38, 0x01, 0x80, 0x18, 0x01, 0xC0, 0x3C, 0x03, 0x60, 0x63, 0x0C, 0x1F, 0x80, 0xFF, 0x41,
    0xE0, 0x70, 0x18, 0x1C, 0x3B, 0xF9, 0x00, 0x80, 0x40, 0x20, 0x10, 0x08, 0x00, 0x1F, 0x83, 0x9C,
    0x60, 0x64, 0x03, 0xC0, 0x38, 0x01, 0x80, 0x18, 0x01, 0xC0, 0x3C, 0x03, 0x60, 0x63, 0x0C, 0x1F,
    0x80, 0x60, 0x03, 0x80, 0x1F, 0xFF, 0x41, 0xE0, 0x30, 0x18, 0x1C, 0x3B, 0xF9, 0x18, 0x86, 0x41,
    0x20, 0xD0, 0x38, 0x08, 0x1F, 0x0C, 0xE6, 0x01, 0x00, 0x60, 0x0E, 0x00, 0xE0, 0x06, 0x00, 0xC0,
    0x18, 0x0D, 0x87, 0x3F, 0x80, 0xFF, 0xC3, 0x00, 0xC0, 0x30, 0x0C, 0x03, 0x00, 0xC0, 0x30, 0x0C,
    0x03, 0x00, 0xC0, 0x30, 0x00, 0x00, 0x80, 0x60, 0x18, 0x06, 0x01, 0x80, 0x60, 0x18, 0x06, 0x01,
    0x80, 0x60, 0x3C, 0x0D, 0x86, 0x3F, 0x00, 0x00, 0x18, 0x0D, 0x01, 0x20, 0x66, 0x08, 0x41, 0x0C,
    0x60, 0x88, 0x13, 0x03, 0x40, 0x28, 0x07, 0x00, 0xC0, 0x00, 0x00, 0x41, 0x81, 0x41, 0xC3, 0x61,
    0x43, 0x63, 0x42, 0x23, 0x62, 0x22, 0x66, 0x32, 0x24, 0x36, 0x34, 0x14, 0x34, 0x14, 0x1C, 0x1C,
    0x18, 0x08, 0x18, 0x00, 0x18, 0x32, 0x18, 0xC4, 0x1B, 0x03, 0x80, 0xC0, 0x38, 0x1A, 0x04, 0xC2,
    0x19, 0x82, 0x40, 0xC0, 0x00, 0x10, 0x16, 0x08, 0x86, 0x31, 0x06, 0xC0, 0xA0, 0x30, 0x04, 0x01,
    0x00, 0x40, 0x10, 0x04, 0x00, 0x7F, 0xC0, 0x18, 0x06, 0x01, 0x80, 0x20, 0x08, 0x03, 0x00, 0xC0,
    0x10, 0x04, 0x01, 0x80, 0x7F, 0xE0, 0xFC, 0x21, 0x08, 0x42, 0x10, 0x84, 0x21, 0x08, 0x43, 0xE0,
    0x40, 0x00, 0x60, 0x00, 0x30, 0x00, 0x18, 0x00, 0x0C, 0x00, 0x06, 0x00, 0x03, 0x00, 0x01, 0x80,
    0x00, 0xC0, 0x00, 0x60, 0x00, 0x30, 0x00, 0x18, 0x00, 0x0C, 0x00, 0x06, 0x00, 0x03, 0x00, 0x00,
    0xF8, 0x42, 0x10, 0x84, 0x21, 0x08, 0x42, 0x10, 0x87, 0xE0, 0x23, 0xB6, 0xFF, 0xFF, 0x80, 0xCC,
    0x3E, 0x63, 0x01, 0x0F, 0x7D, 0xC1, 0x81, 0xC7, 0x7D, 0x80, 0x40, 0x20, 0x10, 0x08, 0x05, 0xF3,
    0x8D, 0x03, 0x80, 0xC0, 0x60, 0x70, 0x3C, 0x35, 0xF0, 0x3F, 0x30, 0xB0, 0x18, 0x08, 0x06, 0x03,
    0x00, 0xC3, 0x3F, 0x00, 0x00, 0x80, 0x40, 0x20, 0x10, 0x09, 0xFD, 0x87, 0x81, 0x80, 0xC0, 0x60,
    0x38, 0x1E, 0x3B, 0xF4, 0x3E, 0x31, 0xB0, 0x70, 0x1F, 0xFC, 0x03, 0x00, 0xC2, 0x3F, 0x00, 0x0F,
    0x0C, 0x8C, 0x06, 0x03, 0x07, 0xF8, 0xC0, 0x60, 0x30, 0x18, 0x0C, 0x06, 0x03, 0x01, 0x80, 0x00,
    0x00, 0x0F, 0xF6, 0x31, 0x04, 0x41, 0x18, 0xC7, 0xE1, 0x00, 0x40, 0x1F, 0xEC, 0x1A, 0x03, 0xC1,
    0x9F, 0xC0, 0x80, 0x80, 0x80, 0x80, 0x80, 0xBE, 0xC3, 0x81, 0x81, 0x81, 0x81, 0x81, 0x81, 0x81,
    0xD8, 0x04, 0x92, 0x49, 0x24, 0x02, 0x07, 0x00, 0x00, 0x02, 0x02, 0x02, 0x02, 0x02, 0x02, 0x02,
    0x02, 0x02, 0x02, 0x02, 0x46, 0x7C, 0x80, 0x80, 0x80, 0x80, 0x80, 0x82, 0x84, 0x88, 0x98, 0xB8,
    0xEC, 0xC4, 0x82, 0x83, 0x84, 0x21, 0x08, 0x42, 0x10, 0x84, 0x21, 0x0C, 0x7C, 0xBC, 0xFB, 0x1E,
    0x28, 0x20, 0xE0, 0x83, 0x82, 0x0E, 0x08, 0x38, 0x20, 0xE0, 0x83, 0x82, 0x0C, 0xBE, 0xC3, 0x81,
    0x81, 0x81, 0x81, 0x81, 0x81, 0x81, 0x3E, 0x31, 0xB0, 0x70, 0x18, 0x0C, 0x07, 0x06, 0xC6, 0x3E,
    0x00, 0x00, 0x5F, 0x30, 0x50, 0x38, 0x0C, 0x06, 0x07, 0x03, 0xC3, 0x7F, 0x22, 0x10, 0x08, 0x04,
    0x00, 0x00, 0x1F, 0xD8, 0x78, 0x18, 0x0C, 0x06, 0x03, 0x01, 0xC1, 0xBF, 0x42, 0x20, 0x10, 0x08,
    0x04, 0xBF, 0xC3, 0x04, 0x08, 0x10, 0x20, 0x40, 0x80, 0x7F, 0x31, 0x90, 0x0E, 0x01, 0xE0, 0x0C,
    0x03, 0xC3, 0x7F, 0x00, 0x10, 0x18, 0x0C, 0x1F, 0xE3, 0x01, 0x80, 0xC0, 0x60, 0x30, 0x18, 0x04,
    0x03, 0xF0, 0x81, 0x81, 0x81, 0x81, 0x81, 0x81, 0x81, 0xC3, 0xC7, 0x7D, 0x81, 0xE0, 0x90, 0x4C,
    0x62, 0x21, 0x30, 0x50, 0x38, 0x18, 0x00, 0xC3, 0x05, 0x0E, 0x14, 0x28, 0xD9, 0xA2, 0x24, 0xC8,
    0xD1, 0x61, 0xC5, 0x06, 0x1C, 0x18, 0x30, 0x41, 0x31, 0x0D, 0x83, 0x81, 0x80, 0xE0, 0x98, 0xC6,
    0xC1, 0x00, 0x00, 0x40, 0xF0, 0x48, 0x26, 0x31, 0x10, 0xD8, 0x28, 0x1C, 0x06, 0x02, 0x03, 0x03,
    0x07, 0x00, 0xFF, 0x01, 0x81, 0x81, 0x81, 0x81, 0x81, 0x81, 0x80, 0xFF, 0x80, 0x19, 0x88, 0x42,
    0x10, 0x84, 0xE3, 0x08, 0x42, 0x10, 0xC7, 0xFF, 0xFF, 0x80, 0xE3, 0x08, 0x42, 0x10, 0x86, 0x39,
    0x88, 0x42, 0x10, 0x9C, 0x3F, 0x00, 0x61, 0x83, 0x40, 0xE6, 0x00, 0x7C, 0x00, 0x79, 0xA2, 0xCD,
    0x1E, 0x2C, 0x50, 0xA1, 0x42, 0x87, 0x8D, 0x0B, 0x1A, 0x16, 0x14, 0x00, 0xB0, 0xA1, 0xA1, 0x43,
    0xC6, 0x85, 0x0A, 0x14, 0x68, 0xF1, 0x66, 0x8B, 0x34, 0x50, 0x76, 0xE3, 0xB7, 0x00, 0xFE, 0x08,
    0x20, 0x82, 0x08, 0x20, 0x82, 0x08, 0x00, 0x00, 0x10, 0x41, 0x04, 0x10, 0x41, 0x04, 0x10, 0x7F,
    0x03, 0x0C, 0x30, 0x80, 0x1B, 0x00, 0x01, 0xF8, 0x10, 0x20, 0x5F, 0x83, 0x04, 0x08, 0x30, 0xC3,
    0x04, 0x00, 0xFE, 0x08, 0x50, 0xE1, 0x86, 0x0C, 0x18, 0x20, 0x80, 0x00, 0x20, 0x84, 0x31, 0xC9,
    0x04, 0x10, 0x41, 0x00, 0x00, 0x41, 0x1F, 0x45, 0x14, 0x51, 0x0C, 0x21, 0x8C, 0x01, 0xF8, 0x40,
    0x81, 0x02, 0x04, 0x08, 0xFE, 0x00, 0x18, 0x33, 0xF7, 0xE3, 0x87, 0x1E, 0x2C, 0xD8, 0x30, 0xC0,
    0x41, 0x86, 0xDF, 0xEC, 0xA2, 0x88, 0x30, 0xC1, 0x00, 0x78, 0x10, 0x20, 0x40, 0x81, 0x06, 0x7F,
    0xFC, 0x03, 0xE0, 0x82, 0xF8, 0x20, 0x82, 0xF8, 0x20, 0x22, 0x9F, 0x57, 0x48, 0x21, 0x84, 0x31,
    0x80, 0xFE, 0x00, 0x01, 0xFC, 0x08, 0xB1, 0x43, 0x86, 0x18, 0x30, 0x60, 0x83, 0x04, 0x00, 0x02,
    0x04, 0x18, 0x60, 0x83, 0x1A, 0x24, 0x08, 0x10, 0x20, 0x40, 0x81, 0x00, 0x10, 0x20, 0x47, 0xE8,
    0x50, 0xA1, 0x42, 0x0C, 0x18, 0x20, 0xC3, 0x04, 0x00, 0x00, 0x3F, 0x82, 0x01, 0x00, 0x80, 0x40,
    0x20, 0x10, 0x08, 0x04, 0x3F, 0xC0, 0x00, 0x04, 0x03, 0x01, 0x8F, 0xF7, 0xF8, 0x70, 0x78, 0x3C,
    0x36, 0x33, 0x11, 0x80, 0xC1, 0xC0, 0x10, 0x10, 0x10, 0xFE, 0x12, 0x12, 0x12, 0x32, 0x32, 0x22,
    0x22, 0x66, 0xCE, 0x00, 0x10, 0x10, 0x12, 0x3E, 0x78, 0x18, 0x18, 0x1F, 0x78, 0x08, 0x08, 0x08,
    0x08, 0x08, 0x00, 0x60, 0xC1, 0xE2, 0x48, 0x91, 0x46, 0x08, 0x10, 0x40, 0x82, 0x08, 0x00, 0x00,
    0x10, 0x30, 0x20, 0x3F, 0x24, 0x64, 0x4C, 0x4C, 0x0C, 0x08, 0x08, 0x18, 0x30, 0x00, 0xFC, 0x08,
    0x10, 0x20, 0x40, 0x81, 0x02, 0x05, 0xF8, 0x10, 0x24, 0x24, 0x24, 0x24, 0xFF, 0x24, 0x24, 0x24,
    0x24, 0x04, 0x0C, 0x08, 0x18, 0x10, 0x40, 0xC0, 0xC0, 0x08, 0x18, 0xD9, 0x02, 0x0C, 0x10, 0x41,
    0x8C, 0x00, 0x00, 0x01, 0xF8, 0x10, 0x60, 0x81, 0x06, 0x0C, 0x38, 0x59, 0x16, 0x30, 0x00, 0x20,
    0x20, 0x20, 0x26, 0x3E, 0xE6, 0x24, 0x24, 0x20, 0x20, 0x20, 0x32, 0x3E, 0x85, 0x0B, 0x12, 0x24,
    0x49, 0x82, 0x04, 0x18, 0x20, 0x83, 0x00, 0x00, 0x00, 0x18, 0x10, 0x1E, 0x32, 0x22, 0x62, 0x54,
    0x4C, 0x0C, 0x0E, 0x18, 0x10, 0x30, 0x60, 0x00, 0x1E, 0x78, 0x08, 0x08, 0x08, 0xFF, 0x08, 0x18,
    0x18, 0x10, 0x10, 0x30, 0x20, 0x10, 0xD3, 0x52, 0x5A, 0x4A, 0x42, 0x06, 0x04, 0x0C, 0x08, 0x10,
    0x30, 0x00, 0x3E, 0x00, 0x00, 0x00, 0xFF, 0x08, 0x08, 0x08, 0x08, 0x18, 0x10, 0x30, 0x20, 0x84,
    0x21, 0x08, 0x62, 0xD3, 0x84, 0x21, 0x08, 0x00, 0x08, 0x08, 0x08, 0x08, 0x7F, 0x08, 0x08, 0x08,
    0x18, 0x18, 0x10, 0x30, 0x20, 0x20, 0xFC, 0x00, 0x00, 0x00, 0x00, 0x00, 0x00, 0x01, 0xFC, 0x03,
    0xF0, 0xC3, 0x09, 0x22, 0x8C, 0x18, 0xE6, 0xF0, 0x80, 0x00, 0x08, 0x08, 0x7E, 0x02, 0x04, 0x04,
    0x08, 0x1C, 0x3A, 0x4B, 0x08, 0x08, 0x08, 0x08, 0x04, 0x30, 0x82, 0x08, 0x61, 0x04, 0x30, 0x84,
    0x30, 0x00, 0x00, 0x24, 0x24, 0x24, 0x26, 0x22, 0x62, 0x42, 0x42, 0x43, 0xC1, 0x81, 0x41, 0x83,
    0x06, 0x2C, 0xDE, 0x38, 0x60, 0xC1, 0x83, 0x06, 0x07, 0xE0, 0x00, 0xFC, 0x08, 0x10, 0x20, 0x41,
    0x82, 0x04, 0x18, 0x61, 0x82, 0x00, 0x00, 0x30, 0x38, 0x28, 0x4C, 0x44, 0xC6, 0x02, 0x03, 0x01,
    0x00, 0x08, 0x08, 0x08, 0x7F, 0x08, 0x08, 0x2A, 0x2A, 0x4B, 0x49, 0x49, 0x08, 0x38, 0x7F, 0x03,
    0x02, 0x02, 0x04, 0x24, 0x38, 0x18, 0x08, 0x0C, 0x04, 0x00, 0x01, 0xC1, 0xC1, 0x01, 0x83, 0x82,
    0x00, 0x0C, 0x1C, 0x0C, 0x00, 0x00, 0x10, 0x10, 0x10, 0x10, 0x30, 0x34, 0x24, 0x22, 0x22, 0x62,
    0x7F, 0xC1, 0x01, 0x00, 0x30, 0x82, 0x49, 0xE3, 0x04, 0x38, 0xB6, 0x50, 0x80, 0x00, 0x7E, 0x7E,
    0x10, 0x10, 0x10, 0xFF, 0x10, 0x10, 0x10, 0x10, 0x10, 0x1F, 0x20, 0x20, 0x21, 0x3F, 0x7A, 0xF2,
    0x16, 0x14, 0x10, 0x10, 0x18, 0x18, 0x08, 0x00, 0x7E, 0x06, 0x06, 0x06, 0x06, 0x04, 0x04, 0x04,
    0x04, 0x7F, 0x7F, 0x01, 0xF8, 0x10, 0x20, 0x5F, 0x81, 0x02, 0x04, 0x0B, 0xF0, 0x20, 0x7C, 0x00,
    0x00, 0x0F, 0xC0, 0x81, 0x02, 0x08, 0x10, 0x61, 0x86, 0x00, 0x01, 0x14, 0x51, 0x45, 0x14, 0x51,
    0x44, 0x30, 0xC6, 0x30, 0x80, 0x28, 0x14, 0x0A, 0x05, 0x02, 0x81, 0x40, 0xA0, 0xD2, 0x69, 0x25,
    0x13, 0x99, 0x80, 0x00, 0x40, 0x81, 0x02, 0x04, 0x08, 0x51, 0xA2, 0x4C, 0xB1, 0xC3, 0x00, 0x01,
    0xFA, 0x14, 0x28, 0x50, 0xA1, 0x42, 0x85, 0x0B, 0xF4, 0x20, 0x01, 0xFA, 0x14, 0x28, 0x50, 0xA3,
    0x06, 0x08, 0x30, 0x41, 0x82, 0x00, 0x81, 0x81, 0x81, 0x30, 0x40, 0x83, 0x04, 0x18, 0x61, 0x86,
    0x00, 0x0A, 0xF5, 0x40, 0xFB, 0xF7, 0xFF, 0xC0, 0x10, 0x04, 0x01, 0x00, 0x40, 0x10, 0x04, 0x01,
    0xFF, 0xF0, 0x41, 0x04, 0x10, 0x41, 0x04, 0x10, 0x41, 0x04, 0x10, 0x41, 0x00, 0x8F, 0x88, 0x08,
    0x80, 0x88, 0x08, 0xC0, 0x8C, 0x09, 0xC0, 0xB6, 0x0A, 0x30, 0x80, 0x20, 0x08, 0x02, 0x00, 0x80,
    0x20, 0x08, 0x03, 0xFF, 0x00, 0x00, 0x00, 0x11, 0xFE, 0x04, 0x40, 0x88, 0x11, 0x06, 0x20, 0xE4,
    0xF6, 0xFC, 0x60, 0x00, 0x00, 0x10, 0x22, 0x3F, 0x43, 0xE8, 0x39, 0x0D, 0xA1, 0x14, 0xF6, 0xF7,
    0x80, 0xFF, 0xE0, 0x08, 0x02, 0x00, 0x80, 0x20, 0x08, 0x03, 0xFF, 0xFF, 0xE1, 0x08, 0x42, 0x10,
    0x84, 0x21, 0x09, 0xC3, 0xFF, 0xFF, 0x80, 0x20, 0x0B, 0xFE, 0x80, 0x20, 0x08, 0x03, 0xFF, 0x00,
    0x00, 0x7F, 0xE0, 0x84, 0x10, 0xBE, 0x14, 0x02, 0x80, 0x51, 0x8B, 0xF1, 0x7F, 0xE0, 0xC4, 0x18,
    0xBF, 0x14, 0x22, 0x84, 0x51, 0x8B, 0xFF, 0x00, 0x0F, 0xC4, 0x18, 0x83, 0x17, 0xFE, 0x84, 0x50,
    0x8A, 0x31, 0x7F, 0xE0, 0x00, 0x07, 0xC8, 0x04, 0x80, 0x48, 0x7C, 0xC4, 0x0C, 0x41, 0xC4, 0xD6,
    0x7F, 0x30, 0x7F, 0xE0, 0x60, 0x06, 0x07, 0xFE, 0x42, 0x04, 0x20, 0x4E, 0x07, 0xFF, 0x7F, 0xE0,
    0x54, 0x05, 0x47, 0xD4, 0x41, 0x44, 0x14, 0x4D, 0x47, 0xFF, 0x78, 0x87, 0x88, 0x0F, 0xE0, 0xFE,
    0x7B, 0xC4, 0x26, 0x42, 0x24, 0xE6, 0x7D, 0xC0, 0xFF, 0xE0, 0x18, 0x06, 0x01, 0x80, 0x60, 0x18,
    0x07, 0xFF, 0x80, 0xC0, 0x60, 0x30, 0x1F, 0xFC, 0x06, 0x03, 0x01, 0xFF, 0x80, 0x00, 0x23, 0x18,
    0xC6, 0x31, 0xFF, 0xE3, 0x18, 0xC6, 0x31, 0xFF, 0xC0, 0x01, 0x11, 0x22, 0x24, 0x44, 0x8F, 0x99,
    0x13, 0x22, 0xE4, 0x76, 0xFC, 0x60, 0x04, 0x00, 0x80, 0x10, 0x02, 0x00, 0x60, 0x1C, 0x06, 0xC3,
    0x8E, 0xC0, 0x60, 0x10, 0x81, 0x08, 0x10, 0x81, 0x0C, 0x38, 0xC3, 0x9C, 0x6F, 0x78, 0x61, 0x3E,
    0x31, 0xF0, 0x70, 0x18, 0x0E, 0x0D, 0x8C, 0x7C, 0x7F, 0xCF, 0xF8, 0x10, 0x02, 0x00, 0x60, 0x1C,
    0x06, 0xC1, 0x8C, 0x60, 0xE0, 0x7F, 0xE7, 0xFE, 0x10, 0x81, 0x08, 0x10, 0xC3, 0x0C, 0x39, 0xC6,
    0xB6, 0xC6, 0x30, 0x00, 0x04, 0x00, 0x80, 0x18, 0x3F, 0xF0, 0x40, 0x0C, 0x03, 0x80, 0x58, 0x39,
    0x8C, 0x1C, 0x00, 0x00, 0x7F, 0xE0, 0x0C, 0x01, 0xFF, 0xF6, 0x06, 0x00, 0xC0, 0x18, 0x03, 0xFF,
    0xE0, 0x08, 0x03, 0xFF, 0x80, 0x20, 0x08, 0x03, 0xFF, 0x7F, 0xDF, 0xFC, 0x44, 0x08, 0x81, 0x10,
    0x22, 0x04, 0x40, 0x88, 0xFF, 0xE0, 0x00, 0x04, 0x00, 0x83, 0xFF, 0xBF, 0xE1, 0xF0, 0x73, 0x08,
    0x21, 0x84, 0x3B, 0x83, 0xE0, 0x43, 0x0C, 0x30, 0xC3, 0x0C, 0x3F, 0xC3, 0x0C, 0x30, 0xC3, 0x0C,
    0x00, 0x03, 0x3C, 0xF3, 0xCF, 0x3C, 0xFF, 0xCF, 0x3C, 0xF3, 0xCF, 0x3C, 0xC0, 0x41, 0x04, 0x10,
    0x41, 0xF4, 0x10, 0x41, 0xF4, 0x10, 0x41, 0x04, 0x00, 0x4B, 0x3C, 0xF3, 0xCF, 0xFC, 0xF3, 0xCF,
    0xFC, 0xF3, 0xCF, 0x3C, 0xC0, 0x08, 0x42, 0x10, 0x84, 0x3F, 0x08, 0x42, 0x10, 0x84, 0x20, 0x01,
    0x09, 0x09, 0x09, 0x09, 0x09, 0x09, 0xF9, 0x09, 0x09, 0x09, 0x09, 0x09, 0x09, 0x09, 0x08, 0x42,
    0x10, 0xFC, 0x21, 0x0F, 0xC2, 0x10, 0x84, 0x20, 0x01, 0x09, 0x09, 0x09, 0x09, 0xF9, 0x09, 0x09,
    0x09, 0xF9, 0x09, 0x09, 0x09, 0x09, 0x09, 0x00, 0x01, 0x00, 0x02, 0x00, 0x04, 0x00, 0x08, 0x00,
    0x10, 0x00, 0x20, 0x00, 0x40, 0x3F, 0xFF, 0x00, 0x10, 0x00, 0x60, 0x00, 0xC0, 0x01, 0x80, 0x03,
    0x00, 0x86, 0x01, 0x0C, 0x02, 0x1F, 0x04, 0x30, 0x08, 0x61, 0xFF, 0xC3, 0xE1, 0x80, 0x03, 0x00,
    0x06, 0x00, 0x0C, 0x00, 0x00, 0xD0, 0x06, 0x80, 0x34, 0x01, 0xA0, 0x0D, 0x04, 0x68, 0x23, 0xC1,
    0x1A, 0x08, 0xD0, 0x4E, 0xBF, 0xF4, 0x01, 0xA0, 0x0D, 0x00, 0x68, 0x01, 0x40, 0x00, 0x10, 0x01,
    0x00, 0x10, 0x01, 0x00, 0x10, 0x41, 0x04, 0x10, 0x41, 0x04, 0x10, 0x45, 0x7F, 0xD7, 0x81, 0x00,
    0x10, 0x01, 0x00, 0x10, 0x08, 0x40, 0x21, 0x00, 0x84, 0x02, 0x10, 0x08, 0x40, 0x21, 0x00, 0x84,
    0x3F, 0xFF, 0x00, 0x00, 0x7F, 0xFE, 0x02, 0x00, 0x04, 0x00, 0x08, 0x00, 0x10, 0x00, 0x20, 0x00,
    0x40, 0x00, 0x80, 0x00, 0x10, 0x00, 0xC0, 0x06, 0x00, 0x30, 0x01, 0x80, 0x0C, 0x07, 0x7F, 0xFB,
    0x48, 0x18, 0x40, 0xC2, 0x7E, 0x10, 0x30, 0x81, 0x84, 0x0C, 0x00, 0x60, 0x00, 0x08, 0x02, 0x40,
    0x1A, 0x00, 0xD0, 0x06, 0x80, 0x34, 0x0D, 0xBF, 0xED, 0x08, 0x68, 0x43, 0x42, 0xFA, 0x10, 0xD0,
    0x86, 0x84, 0x34, 0x21, 0xA0, 0x00, 0x10, 0x01, 0x00, 0x10, 0x01, 0x00, 0x10, 0x01, 0x03, 0xFF,
    0xFD, 0x04, 0x10, 0x41, 0x04, 0x10, 0x41, 0x04, 0x10, 0x41, 0x04, 0x10, 0xFF, 0xFC, 0x21, 0x00,
    0x84, 0x02, 0x10, 0x08, 0x40, 0x21, 0x00, 0x84, 0x02, 0x10, 0xFF, 0xFC, 0x00, 0x10, 0x01, 0x00,
    0x10, 0x01, 0x00, 0x10, 0x01, 0x00, 0x10, 0x01, 0x00, 0x1F, 0xFD, 0x40, 0x10, 0x01, 0x00, 0x10,
    0x01, 0x00, 0x10, 0xFF, 0xFE, 0x08, 0x04, 0x0F, 0x8F, 0x74, 0x86, 0x42, 0x21, 0x10, 0xC8, 0x64,
    0x1E, 0xE7, 0xC0, 0x80, 0x40, 0x3F, 0x30, 0xD0, 0x08, 0x04, 0x03, 0x03, 0xFC, 0x40, 0x20, 0x10,
    0x10, 0x1F, 0xF0, 0x7F, 0xFC, 0x00, 0x10, 0x00, 0x40, 0x01, 0x00, 0x04, 0x00, 0x10, 0xFF, 0xFF,
    0x80, 0xFE, 0xFE, 0x00, 0x18, 0x09, 0x83, 0x10, 0xC3, 0x10, 0x36, 0x03, 0x83, 0xFC, 0x04, 0x0F,
    0xF0, 0x10, 0x02, 0x00, 0x40, 0x00, 0x00, 0x60, 0x0D, 0x84, 0x32, 0x38, 0x88, 0xE2, 0x32, 0x88,
    0xCA, 0x67, 0xFF, 0xC5, 0xB4, 0x14, 0x50, 0x71, 0x41, 0xC7, 0x03, 0x18, 0x08, 0x20, 0xFF, 0xFF,
    0xE0, 0x00, 0x10, 0x30, 0x60, 0xFF, 0x60, 0x20, 0x10, 0x10, 0x00, 0x60, 0xE3, 0xED, 0x62, 0x04,
    0x08, 0x10, 0x20, 0x40, 0x81, 0x02, 0x04, 0x08, 0x00, 0x06, 0x01, 0x00, 0xCF, 0xF0, 0x18, 0x18,
    0x18, 0x08, 0x00, 0x00, 0x20, 0x40, 0x81, 0x02, 0x04, 0x08, 0x10, 0x20, 0x40, 0x8D, 0x4F, 0x8E,
    0x18, 0x00, 0xFF, 0xFF, 0xFF, 0xFF, 0xF0, 0x7B, 0x38, 0x61, 0x87, 0x37, 0x80, 0x00, 0x80, 0x01,
    0xC0, 0x03, 0xE0, 0x07, 0xF0, 0x0C, 0x38, 0x1F, 0xDC, 0x3F, 0xDE, 0x7F, 0xBF, 0x7F, 0x7F, 0x3F,
    0x7E, 0x1F, 0xFC, 0x0F, 0xF8, 0x06, 0x70, 0x03, 0xE0, 0x01, 0xC0, 0x00, 0x80,
};

static const EpdGlyph notosans_8_regularGlyphs[] = {
    { 0, 0, 0, 0, 0, 0, 0 }, // U+0000
    { 0, 0, 69, 0, 0, 0, 0 }, // U+000D
    { 0, 0, 69, 0, 0, 0, 0 }, // U+0020
    { 3, 13, 72, 1, 12, 5, 0 }, // !
    { 5, 5, 109, 1, 12, 4, 5 }, // "
    { 11, 12, 172, 0, 12, 17, 9 }, // #
    { 8, 14, 153, 1, 13, 14, 26 }, // $
    { 14, 14, 222, 0, 13, 25, 40 }, // %
    { 13, 14, 195, 0, 13, 23, 65 }, // &
    { 2, 5, 60, 1, 12, 2, 88 }, // '
    { 5, 15, 80, 0, 12, 10, 90 }, // (
    { 5, 15, 80, 0, 12, 10, 100 }, // )
    { 9, 8, 147, 0, 13, 9, 110 }, // *
    { 9, 9, 153, 0, 10, 11, 119 }, // +
    { 4, 5, 71, 0, 2, 3, 130 }, // ,
    { 5, 3, 86, 0, 6, 2, 133 }, // -
    { 3, 4, 71, 1, 3, 2, 135 }, // .
    { 7, 12, 99, 0, 12, 11, 137 }, // /
    { 9, 14, 153, 0, 13, 16, 148 }, // 0
    { 5, 12, 153, 1, 12, 8, 164 }, // 1
    { 9, 13, 153, 0, 13, 15, 172 }, // 2
    { 9, 14, 153, 0, 13, 16, 187 }, // 3
    { 10, 12, 153, 0, 12, 15, 203 }, // 4
    { 8, 13, 153, 1, 12, 13, 218 }, // 5
    { 9, 14, 153, 0, 13, 16, 231 }, // 6
    { 9, 12, 153, 0, 12, 14, 247 }, // 7
    { 9, 14, 153, 0, 13, 16, 261 }, // 8
    { 9, 14, 153, 0, 13, 16, 277 }, // 9
    { 3, 11, 71, 1, 10, 5, 293 }, // :
    { 4, 13, 71, 0, 10, 7, 298 }, // ;
    { 9, 10, 153, 0, 11, 12, 305 }, // <
    { 9, 6, 153, 0, 9, 7, 317 }, // =
    { 9, 10, 153, 0, 11, 12, 324 }, // >
    { 7, 14, 116, 0, 13, 13, 336 }, // ?
    { 15, 14, 240, 0, 12, 27, 349 }, // @
    { 11, 12, 170, 0, 12, 17, 376 }, // A
    { 9, 12, 173, 1, 12, 14, 393 }, // B
    { 10, 14, 169, 1, 13, 18, 407 }, // C
    { 11, 12, 195, 1, 12, 17, 425 }, // D
    { 8, 12, 148, 1, 12, 12, 442 }, // E
    { 8, 12, 138, 1, 12, 12, 454 }, // F
    { 10, 14, 194, 1, 13, 18, 466 }, // G
    { 10, 12, 198, 1, 12, 15, 484 }, // H
    { 5, 12, 90, 0, 12, 8, 499 }, // I
    { 6, 16, 73, -2, 12, 12, 507 }, // J
    { 10, 12, 165, 1, 12, 15, 519 }, // K
    { 8, 12, 140, 1, 12, 12, 534 }, // L
    { 13, 12, 242, 1, 12, 20, 546 }, // M
    { 11, 12, 203, 1, 12, 17, 566 }, // N
    { 11, 14, 208, 1, 13, 20, 583 }, // O
    { 9, 12, 161, 1, 12, 14, 603 }, // P
    { 11, 16, 208, 1, 13, 22, 617 }, // Q
    { 10, 12, 166, 1, 12, 15, 639 }, // R
    { 9, 14, 146, 0, 13, 16, 654 }, // S
    { 10, 12, 148, 0, 12, 15, 670 }, // T
    { 10, 13, 195, 1, 12, 17, 685 }, // U
    { 10, 12, 160, 0, 12, 15, 702 }, // V
    { 16, 12, 248, 0, 12, 24, 717 }, // W
    { 10, 12, 156, 0, 12, 15, 741 }, // X
    { 10, 12, 151, 0, 12, 15, 756 }, // Y
    { 9, 12, 153, 0, 12, 14, 771 }, // Z
    { 5, 15, 88, 1, 12, 10, 785 }, // [
    { 7, 12, 99, 0, 12, 11, 795 }, // <backslash>
    { 5, 15, 88, 0, 12, 10, 806 }, // ]
    { 9, 8, 153, 0, 12, 9, 816 }, // ^
    { 9, 2, 118, -1, -1, 3, 825 }, // _
    { 5, 3, 75, 0, 13, 2, 828 }, // `
    { 8, 11, 150, 0, 10, 11, 830 }, // a
    { 9, 14, 164, 1, 13, 16, 841 }, // b
    { 8, 11, 128, 0, 10, 11, 857 }, // c
    { 9, 14, 164, 0, 13, 16, 868 }, // d
    { 9, 11, 150, 0, 10, 13, 884 }, // e
    { 7, 13, 92, 0, 13, 12, 897 }, // f
    { 9, 14, 164, 0, 10, 16, 909 }, // g
    { 8, 13, 165, 1, 13, 13, 925 }, // h
    { 3, 13, 69, 1, 13, 5, 938 }, // i
    { 5, 17, 69, -1, 13, 11, 943 }, // j
    { 8, 13, 142, 1, 13, 13, 954 }, // k
    { 2, 13, 69, 1, 13, 4, 967 }, // l
    { 14, 10, 249, 1, 10, 18, 971 }, // m
    { 8, 10, 165, 1, 10, 10, 989 }, // n
    { 10, 11, 161, 0, 10, 14, 999 }, // o
    { 9, 14, 164, 1, 10, 16, 1013 }, // p
    { 9, 14, 164, 0, 10, 16, 1029 }, // q
    { 6, 10, 110, 1, 10, 8, 1045 }, // r
    { 8, 11, 128, 0, 10, 11, 1053 }, // s
    { 6, 12, 96, 0, 11, 9, 1064 }, // t
    { 8, 10, 165, 1, 9, 10, 1073 }, // u
    { 9, 9, 136, 0, 9, 11, 1083 }, // v
    { 13, 9, 210, 0, 9, 15, 1094 }, // w
    { 9, 9, 141, 0, 9, 11, 1109 }, // x
    { 9, 13, 136, 0, 9, 15, 1120 }, // y
    { 8, 9, 125, 0, 9, 9, 1135 }, // z
    { 6, 15, 101, 0, 12, 12, 1144 }, // {
    { 3, 18, 147, 3, 13, 7, 1156 }, // |
    { 6, 15, 101, 0, 12, 12, 1163 }, // }
    { 9, 3, 153, 0, 7, 4, 1175 }, // ~
    { 0, 0, 69, 0, 0, 0, 1179 }, // U+00A0
    { 3, 14, 72, 1, 10, 6, 1179 }, // U+00A1
    { 8, 14, 153, 1, 13, 14, 1185 }, // U+00A2
    { 9, 13, 153, 0, 13, 15, 1199 }, // U+00A3
    { 9, 8, 153, 0, 10, 9, 1214 }, // U+00A4
    { 10, 12, 153, 0, 12, 15, 1223 }, // U+00A5
    { 3, 18, 147, 3, 13, 7, 1238 }, // U+00A6
    { 8, 14, 137, 0, 13, 14, 1245 }, // U+00A7
    { 6, 3, 155, 2, 13, 3, 1259 }, // U+00A8
    { 14, 14, 222, 0, 13, 25, 1262 }, // U+00A9
    { 6, 7, 95, 0, 13, 6, 1287 }, // U+00AA
    { 8, 8, 136, 0, 8, 8, 1293 }, // U+00AB
    { 9, 5, 153, 0, 7, 6, 1301 }, // U+00AC
    { 5, 3, 86, 0, 6, 2, 1307 }, // U+00AD
    { 14, 14, 222, 0, 13, 25, 1309 }, // U+00AE
    { 10, 2, 133, -1, 14, 3, 1334 }, // U+00AF
    { 7, 7, 114, 0, 13, 7, 1337 }, // U+00B0
    { 9, 10, 153, 0, 10, 12, 1344 }, // U+00B1
    { 6, 9, 93, 0, 15, 7, 1356 }, // U+00B2
    { 6, 9, 93, 0, 15, 7, 1363 }, // U+00B3
    { 5, 3, 75, 0, 13, 2, 1370 }, // U+00B4
    { 8, 13, 166, 1, 9, 13, 1372 }, // U+00B5
    { 10, 16, 175, 0, 13, 20, 1385 }, // U+00B6
    { 3, 4, 71, 1, 8, 2, 1405 }, // U+00B7
    { 4, 4, 60, 0, 0, 2, 1407 }, // U+00B8
    { 4, 9, 93, 0, 15, 5, 1409 }, // U+00B9
    { 6, 7, 100, 0, 13, 6, 1414 }, // U+00BA
    { 8, 8, 136, 0, 8, 8, 1420 }, // U+00BB
    { 13, 12, 199, 0, 12, 20, 1428 }, // U+00BC
    { 13, 12, 206, 0, 12, 20, 1448 }, // U+00BD
    { 13, 13, 208, 0, 13, 22, 1468 }, // U+00BE
    { 7, 14, 116, 0, 10, 13, 1490 }, // U+00BF
    { 11, 16, 170, 0, 16, 22, 1503 }, // U+00C0
    { 11, 16, 170, 0, 16, 22, 1525 }, // U+00C1
    { 11, 16, 170, 0, 16, 22, 1547 }, // U+00C2
    { 11, 16, 170, 0, 16, 22, 1569 }, // U+00C3
    { 11, 16, 170, 0, 16, 22, 1591 }, // U+00C4
    { 11, 15, 170, 0, 15, 21, 1613 }, // U+00C5
    { 15, 12, 235, -1, 12, 23, 1634 }, // U+00C6
    { 10, 17, 169, 1, 13, 22, 1657 }, // U+00C7
    { 8, 16, 148, 1, 16, 16, 1679 }, // U+00C8
    { 8, 16, 148, 1, 16, 16, 1695 }, // U+00C9
    { 8, 16, 148, 1, 16, 16, 1711 }, // U+00CA
    { 8, 16, 148, 1, 16, 16, 1727 }, // U+00CB
    { 5, 16, 90, 0, 16, 10, 1743 }, // U+00CC
    { 6, 16, 90, 0, 16, 12, 1753 }, // U+00CD
    { 6, 16, 90, 0, 16, 12, 1765 }, // U+00CE
    { 6, 16, 90, 0, 16, 12, 1777 }, // U+00CF
    { 12, 12, 195, 0, 12, 18, 1789 }, // U+00D0
    { 11, 16, 203, 1, 16, 22, 1807 }, // U+00D1
    { 11, 17, 208, 1, 16, 24, 1829 }, // U+00D2
    { 11, 17, 208, 1, 16, 24, 1853 }, // U+00D3
    { 11, 17, 208, 1, 16, 24, 1877 }, // U+00D4
    { 11, 17, 208, 1, 16, 24, 1901 }, // U+00D5
    { 11, 17, 208, 1, 16, 24, 1925 }, // U+00D6
    { 8, 8, 153, 1, 10, 8, 1949 }, // U+00D7
    { 11, 14, 208, 1, 13, 20, 1957 }, // U+00D8
    { 10, 17, 195, 1, 16, 22, 1977 }, // U+00D9
    { 10, 17, 195, 1, 16, 22, 1999 }, // U+00DA
    { 10, 17, 195, 1, 16, 22, 2021 }, // U+00DB
    { 10, 17, 195, 1, 16, 22, 2043 }, // U+00DC
    { 10, 16, 151, 0, 16, 20, 2065 }, // U+00DD
    { 9, 12, 161, 1, 12, 14, 2085 }, // U+00DE
    { 9, 14, 168, 1, 13, 16, 2099 }, // U+00DF
    { 8, 14, 150, 0, 13, 14, 2115 }, // U+00E0
    { 8, 14, 150, 0, 13, 14, 2129 }, // U+00E1
    { 8, 14, 150, 0, 13, 14, 2143 }, // U+00E2
    { 8, 14, 150, 0, 13, 14, 2157 }, // U+00E3
    { 8, 14, 150, 0, 13, 14, 2171 }, // U+00E4
    { 8, 15, 150, 0, 14, 15, 2185 }, // U+00E5
    { 14, 11, 230, 0, 10, 20, 2200 }, // U+00E6
    { 8, 14, 128, 0, 10, 14, 2220 }, // U+00E7
    { 9, 14, 150, 0, 13, 16, 2234 }, // U+00E8
    { 9, 14, 150, 0, 13, 16, 2250 }, // U+00E9
    { 9, 14, 150, 0, 13, 16, 2266 }, // U+00EA
    { 9, 14, 150, 0, 13, 16, 2282 }, // U+00EB
    { 5, 13, 69, -1, 13, 9, 2298 }, // U+00EC
    { 4, 13, 69, 1, 13, 7, 2307 }, // U+00ED
    { 6, 13, 69, -1, 13, 10, 2314 }, // U+00EE
    { 6, 13, 69, -1, 13, 10, 2324 }, // U+00EF
    { 10, 14, 161, 0, 13, 18, 2334 }, // U+00F0
    { 8, 13, 165, 1, 13, 13, 2352 }, // U+00F1
    { 10, 14, 161, 0, 13, 18, 2365 }, // U+00F2
    { 10, 14, 161, 0, 13, 18, 2383 }, // U+00F3
    { 10, 14, 161, 0, 13, 18, 2401 }, // U+00F4
    { 10, 14, 161, 0, 13, 18, 2419 }, // U+00F5
    { 10, 14, 161, 0, 13, 18, 2437 }, // U+00F6
    { 9, 8, 153, 0, 10, 9, 2455 }, // U+00F7
    { 10, 11, 161, 0, 10, 14, 2464 }, // U+00F8
    { 8, 14, 165, 1, 13, 14, 2478 }, // U+00F9
    { 8, 14, 165, 1, 13, 14, 2492 }, // U+00FA
    { 8, 14, 165, 1, 13, 14, 2506 }, // U+00FB
    { 8, 14, 165, 1, 13, 14, 2520 }, // U+00FC
    { 9, 17, 136, 0, 13, 20, 2534 }, // U+00FD
    { 9, 17, 164, 1, 13, 20, 2554 }, // U+00FE
    { 9, 17, 136, 0, 13, 20, 2574 }, // U+00FF
    { 11, 15, 170, 0, 15, 21, 2594 }, // U+0100
    { 8, 13, 150, 0, 12, 13, 2615 }, // U+0101
    { 11, 16, 170, 0, 16, 22, 2628 }, // U+0102
    { 8, 14, 150, 0, 13, 14, 2650 }, // U+0103
    { 11, 16, 170, 0, 12, 22, 2664 }, // U+0104
    { 9, 14, 150, 0, 10, 16, 2686 }, // U+0105
    { 10, 17, 169, 1, 16, 22, 2702 }, // U+0106
    { 8, 14, 128, 0, 13, 14, 2724 }, // U+0107
    { 10, 17, 169, 1, 16, 22, 2738 }, // U+0108
    { 8, 14, 128, 0, 13, 14, 2760 }, // U+0109
    { 10, 17, 169, 1, 16, 22, 2774 }, // U+010A
    { 8, 14, 128, 0, 13, 14, 2796 }, // U+010B
    { 10, 17, 169, 1, 16, 22, 2810 }, // U+010C
    { 8, 14, 128, 0, 13, 14, 2832 }, // U+010D
    { 11, 16, 195, 1, 16, 22, 2846 }, // U+010E
    { 12, 14, 164, 0, 13, 21, 2868 }, // U+010F
    { 12, 12, 195, 0, 12, 18, 2889 }, // U+0110
    { 11, 14, 165, 0, 13, 20, 2907 }, // U+0111
    { 8, 15, 148, 1, 15, 15, 2927 }, // U+0112
    { 9, 13, 150, 0, 12, 15, 2942 }, // U+0113
    { 8, 16, 148, 1, 16, 16, 2957 }, // U+0114
    { 9, 14, 150, 0, 13, 16, 2973 }, // U+0115
    { 8, 16, 148, 1, 16, 16, 2989 }, // U+0116
    { 9, 14, 150, 0, 13, 16, 3005 }, // U+0117
    { 8, 16, 148, 1, 12, 16, 3021 }, // U+0118
    { 9, 14, 150, 0, 10, 16, 3037 }, // U+0119
    { 8, 16, 148, 1, 16, 16, 3053 }, // U+011A
    { 9, 14, 150, 0, 13, 16, 3069 }, // U+011B
    { 10, 17, 194, 1, 16, 22, 3085 }, // U+011C
    { 9, 17, 164, 0, 13, 20, 3107 }, // U+011D
    { 10, 17, 194, 1, 16, 22, 3127 }, // U+011E
    { 9, 17, 164, 0, 13, 20, 3149 }, // U+011F
    { 10, 17, 194, 1, 16, 22, 3169 }, // U+0120
    { 9, 17, 164, 0, 13, 20, 3191 }, // U+0121
    { 10, 17, 194, 1, 13, 22, 3211 }, // U+0122
    { 9, 17, 164, 0, 13, 20, 3233 }, // U+0123
    { 10, 16, 198, 1, 16, 20, 3253 }, // U+0124
    { 10, 17, 165, -1, 17, 22, 3273 }, // U+0125
    { 13, 12, 198, 0, 12, 20, 3295 }, // U+0126
    { 9, 13, 165, 0, 13, 15, 3315 }, // U+0127
    { 7, 16, 90, -1, 16, 14, 3330 }, // U+0128
    { 7, 13, 69, -1, 13, 12, 3344 }, // U+0129
    { 6, 15, 90, 0, 15, 12, 3356 }, // U+012A
    { 6, 12, 69, -1, 12, 9, 3368 }, // U+012B
    { 6, 16, 90, 0, 16, 12, 3377 }, // U+012C
    { 6, 13, 69, -1, 13, 10, 3389 }, // U+012D
    { 5, 16, 90, 0, 12, 10, 3399 }, // U+012E
    { 4, 17, 69, 0, 13, 9, 3409 }, // U+012F
    { 5, 16, 90, 0, 16, 10, 3418 }, // U+0130
    { 2, 9, 69, 1, 9, 3, 3428 }, // U+0131
    { 9, 16, 163, 0, 12, 18, 3431 }, // U+0132
    { 7, 17, 138, 1, 13, 15, 3449 }, // U+0133
    { 8, 20, 73, -2, 16, 20, 3464 }, // U+0134
    { 6, 17, 69, -1, 13, 13, 3484 }, // U+0135
    { 10, 16, 165, 1, 12, 20, 3497 }, // U+0136
    { 8, 17, 142, 1, 13, 17, 3517 }, // U+0137
    { 8, 9, 142, 1, 9, 9, 3534 }, // U+0138
    { 8, 16, 140, 1, 16, 16, 3543 }, // U+0139
    { 4, 17, 69, 1, 17, 9, 3559 }, // U+013A
    { 8, 16, 140, 1, 12, 16, 3568 }, // U+013B
    { 3, 17, 69, 1, 13, 7, 3584 }, // U+013C
    { 8, 12, 140, 1, 12, 12, 3591 }, // U+013D
    { 5, 13, 69, 1, 13, 9, 3603 }, // U+013E
    { 8, 12, 140, 1, 12, 12, 3612 }, // U+013F
    { 5, 13, 71, 1, 13, 9, 3624 }, // U+0140
    { 9, 12, 140, 0, 12, 14, 3633 }, // U+0141
    { 6, 13, 69, -1, 13, 10, 3647 }, // U+0142
    { 11, 16, 203, 1, 16, 22, 3657 }, // U+0143
    { 8, 13, 165, 1, 13, 13, 3679 }, // U+0144
    { 11, 16, 203, 1, 12, 22, 3692 }, // U+0145
    { 8, 14, 165, 1, 10, 14, 3714 }, // U+0146
    { 11, 16, 203, 1, 16, 22, 3728 }, // U+0147
    { 8, 13, 165, 1, 13, 13, 3750 }, // U+0148
    { 11, 12, 184, 0, 12, 17, 3763 }, // U+0149
    { 11, 16, 203, 1, 12, 22, 3780 }, // U+014A
    { 8, 14, 165, 1, 10, 14, 3802 }, // U+014B
    { 11, 16, 208, 1, 15, 22, 3816 }, // U+014C
    { 10, 13, 161, 0, 12, 17, 3838 }, // U+014D
    { 11, 17, 208, 1, 16, 24, 3855 }, // U+014E
    { 10, 14, 161, 0, 13, 18, 3879 }, // U+014F
    { 11, 17, 208, 1, 16, 24, 3897 }, // U+0150
    { 10, 14, 161, 0, 13, 18, 3921 }, // U+0151
    { 14, 14, 248, 1, 13, 25, 3939 }, // U+0152
    { 15, 11, 252, 0, 10, 21, 3964 }, // U+0153
    { 10, 16, 166, 1, 16, 20, 3985 }, // U+0154
    { 6, 13, 110, 1, 13, 10, 4005 }, // U+0155
    { 10, 16, 166, 1, 12, 20, 4015 }, // U+0156
    { 6, 14, 110, 1, 10, 11, 4035 }, // U+0157
    { 10, 16, 166, 1, 16, 20, 4046 }, // U+0158
    { 6, 13, 110, 1, 13, 10, 4066 }, // U+0159
    { 9, 17, 146, 0, 16, 20, 4076 }, // U+015A
    { 8, 14, 128, 0, 13, 14, 4096 }, // U+015B
    { 9, 17, 146, 0, 16, 20, 4110 }, // U+015C
    { 8, 14, 128, 0, 13, 14, 4130 }, // U+015D
    { 9, 17, 146, 0, 13, 20, 4144 }, // U+015E
    { 8, 14, 128, 0, 10, 14, 4164 }, // U+015F
    { 9, 17, 146, 0, 16, 20, 4178 }, // U+0160
    { 8, 14, 128, 0, 13, 14, 4198 }, // U+0161
    { 10, 16, 148, 0, 12, 20, 4212 }, // U+0162
    { 6, 15, 96, 0, 11, 12, 4232 }, // U+0163
    { 10, 16, 148, 0, 16, 20, 4244 }, // U+0164
    { 8, 14, 96, 0, 13, 14, 4264 }, // U+0165
    { 10, 12, 148, 0, 12, 15, 4278 }, // U+0166
    { 6, 12, 96, 0, 11, 9, 4293 }, // U+0167
    { 10, 17, 195, 1, 16, 22, 4302 }, // U+0168
    { 8, 14, 165, 1, 13, 14, 4324 }, // U+0169
    { 10, 16, 195, 1, 15, 20, 4338 }, // U+016A
    { 8, 13, 165, 1, 12, 13, 4358 }, // U+016B
    { 10, 17, 195, 1, 16, 22, 4371 }, // U+016C
    { 8, 14, 165, 1, 13, 14, 4393 }, // U+016D
    { 10, 18, 195, 1, 17, 23, 4407 }, // U+016E
    { 8, 15, 165, 1, 14, 15, 4430 }, // U+016F
    { 10, 17, 195, 1, 16, 22, 4445 }, // U+0170
    { 8, 14, 165, 1, 13, 14, 4467 }, // U+0171
    { 10, 16, 195, 1, 12, 20, 4481 }, // U+0172
    { 9, 13, 165, 1, 9, 15, 4501 }, // U+0173
    { 16, 16, 248, 0, 16, 32, 4516 }, // U+0174
    { 13, 13, 210, 0, 13, 22, 4548 }, // U+0175
    { 10, 16, 151, 0, 16, 20, 4570 }, // U+0176
    { 9, 17, 136, 0, 13, 20, 4590 }, // U+0177
    { 10, 16, 151, 0, 16, 20, 4610 }, // U+0178
    { 9, 16, 153, 0, 16, 18, 4630 }, // U+0179
    { 8, 13, 125, 0, 13, 13, 4648 }, // U+017A
    { 9, 16, 153, 0, 16, 18, 4661 }, // U+017B
    { 8, 13, 125, 0, 13, 13, 4679 }, // U+017C
    { 9, 16, 153, 0, 16, 18, 4692 }, // U+017D
    { 8, 13, 125, 0, 13, 13, 4710 }, // U+017E
    { 6, 13, 87, 1, 13, 10, 4723 }, // U+017F
    { 20, 16, 345, 1, 16, 40, 4733 }, // U+01C4
    { 19, 13, 320, 1, 13, 31, 4773 }, // U+01C5
    { 18, 14, 289, 0, 13, 32, 4804 }, // U+01C6
    { 11, 16, 213, 1, 12, 22, 4836 }, // U+01C7
    { 11, 17, 209, 1, 13, 24, 4858 }, // U+01C8
    { 7, 17, 138, 1, 13, 15, 4882 }, // U+01C9
    { 15, 16, 276, 1, 12, 30, 4897 }, // U+01CA
    { 15, 17, 272, 1, 13, 32, 4927 }, // U+01CB
    { 13, 17, 234, 1, 13, 28, 4959 }, // U+01CC
    { 11, 16, 170, 0, 16, 22, 4987 }, // U+01CD
    { 8, 14, 150, 0, 13, 14, 5009 }, // U+01CE
    { 6, 16, 90, 0, 16, 12, 5023 }, // U+01CF
    { 6, 13, 69, -1, 13, 10, 5035 }, // U+01D0
    { 11, 17, 208, 1, 16, 24, 5045 }, // U+01D1
    { 10, 14, 161, 0, 13, 18, 5069 }, // U+01D2
    { 10, 17, 195, 1, 16, 22, 5087 }, // U+01D3
    { 8, 14, 165, 1, 13, 14, 5109 }, // U+01D4
    { 10, 18, 195, 1, 17, 23, 5123 }, // U+01D5
    { 8, 15, 165, 1, 14, 15, 5146 }, // U+01D6
    { 10, 19, 195, 1, 18, 24, 5161 }, // U+01D7
    { 8, 16, 165, 1, 15, 16, 5185 }, // U+01D8
    { 10, 19, 195, 1, 18, 24, 5201 }, // U+01D9
    { 8, 16, 165, 1, 15, 16, 5225 }, // U+01DA
    { 10, 19, 195, 1, 18, 24, 5241 }, // U+01DB
    { 8, 16, 165, 1, 15, 16, 5265 }, // U+01DC
    { 9, 11, 150, 0, 10, 13, 5281 }, // U+01DD
    { 11, 17, 170, 0, 17, 24, 5294 }, // U+01DE
    { 8, 15, 150, 0, 14, 15, 5318 }, // U+01DF
    { 11, 17, 170, 0, 17, 24, 5333 }, // U+01E0
    { 8, 15, 150, 0, 14, 15, 5357 }, // U+01E1
    { 15, 15, 235, -1, 15, 29, 5372 }, // U+01E2
    { 14, 13, 230, 0, 12, 23, 5401 }, // U+01E3
    { 11, 14, 194, 1, 13, 20, 5424 }, // U+01E4
    { 10, 14, 164, 0, 10, 18, 5444 }, // U+01E5
    { 10, 17, 194, 1, 16, 22, 5462 }, // U+01E6
    { 9, 17, 164, 0, 13, 20, 5484 }, // U+01E7
    { 10, 16, 165, 1, 16, 20, 5504 }, // U+01E8
    { 10, 17, 142, -1, 17, 22, 5524 }, // U+01E9
    { 11, 17, 208, 1, 13, 24, 5546 }, // U+01EA
    { 10, 14, 161, 0, 10, 18, 5570 }, // U+01EB
    { 11, 19, 208, 1, 15, 27, 5588 }, // U+01EC
    { 10, 16, 161, 0, 12, 20, 5615 }, // U+01ED
    { 9, 17, 156, 0, 16, 20, 5635 }, // U+01EE
    { 8, 17, 133, 0, 13, 17, 5655 }, // U+01EF
    { 6, 17, 69, -1, 13, 13, 5672 }, // U+01F0
    { 20, 12, 345, 1, 12, 30, 5685 }, // U+01F1
    { 19, 12, 320, 1, 12, 29, 5715 }, // U+01F2
    { 18, 14, 289, 0, 13, 32, 5744 }, // U+01F3
    { 10, 17, 194, 1, 16, 22, 5776 }, // U+01F4
    { 9, 17, 164, 0, 13, 20, 5798 }, // U+01F5
    { 14, 13, 250, 1, 12, 23, 5818 }, // U+01F6
    { 10, 17, 176, 1, 13, 22, 5841 }, // U+01F7
    { 11, 16, 203, 1, 16, 22, 5863 }, // U+01F8
    { 8, 13, 165, 1, 13, 13, 5885 }, // U+01F9
    { 11, 16, 171, 0, 16, 22, 5898 }, // U+01FA
    { 8, 17, 150, 0, 16, 17, 5920 }, // U+01FB
    { 15, 16, 235, -1, 16, 30, 5937 }, // U+01FC
    { 14, 14, 230, 0, 13, 25, 5967 }, // U+01FD
    { 11, 17, 208, 1, 16, 24, 5992 }, // U+01FE
    { 10, 14, 161, 0, 13, 18, 6016 }, // U+01FF
    { 11, 16, 170, 0, 16, 22, 6034 }, // U+0200
    { 8, 14, 150, 0, 13, 14, 6056 }, // U+0201
    { 11, 16, 170, 0, 16, 22, 6070 }, // U+0202
    { 8, 14, 150, 0, 13, 14, 6092 }, // U+0203
    { 8, 16, 148, 1, 16, 16, 6106 }, // U+0204
    { 9, 14, 150, 0, 13, 16, 6122 }, // U+0205
    { 8, 16, 148, 1, 16, 16, 6138 }, // U+0206
    { 9, 14, 150, 0, 13, 16, 6154 }, // U+0207
    { 7, 16, 90, -1, 16, 14, 6170 }, // U+0208
    { 7, 13, 69, -2, 13, 12, 6184 }, // U+0209
    { 6, 16, 90, 0, 16, 12, 6196 }, // U+020A
    { 6, 13, 69, -1, 13, 10, 6208 }, // U+020B
    { 11, 17, 208, 1, 16, 24, 6218 }, // U+020C
    { 10, 14, 161, 0, 13, 18, 6242 }, // U+020D
    { 11, 17, 208, 1, 16, 24, 6260 }, // U+020E
    { 10, 14, 161, 0, 13, 18, 6284 }, // U+020F
    { 10, 16, 166, 1, 16, 20, 6302 }, // U+0210
    { 7, 13, 110, 0, 13, 12, 6322 }, // U+0211
    { 10, 16, 166, 1, 16, 20, 6334 }, // U+0212
    { 6, 13, 110, 1, 13, 10, 6354 }, // U+0213
    { 10, 17, 195, 1, 16, 22, 6364 }, // U+0214
    { 8, 14, 165, 1, 13, 14, 6386 }, // U+0215
    { 10, 17, 195, 1, 16, 22, 6400 }, // U+0216
    { 8, 14, 165, 1, 13, 14, 6422 }, // U+0217
    { 9, 17, 146, 0, 13, 20, 6436 }, // U+0218
    { 8, 14, 128, 0, 10, 14, 6456 }, // U+0219
    { 10, 16, 148, 0, 12, 20, 6470 }, // U+021A
    { 6, 15, 96, 0, 11, 12, 6490 }, // U+021B
    { 9, 16, 153, 0, 13, 18, 6502 }, // U+021C
    { 8, 14, 132, 0, 10, 14, 6520 }, // U+021D
    { 10, 16, 198, 1, 16, 20, 6534 }, // U+021E
    { 10, 17, 165, -1, 17, 22, 6554 }, // U+021F
    { 5, 3, 0, -9, 13, 2, 6576 }, // U+0300
    { 4, 3, 0, -6, 13, 2, 6578 }, // U+0301
    { 6, 3, 0, -3, 13, 3, 6580 }, // U+0302
    { 7, 3, 0, -9, 13, 3, 6583 }, // U+0303
    { 6, 2, 0, -3, 12, 2, 6586 }, // U+0304
    { 8, 3, 0, -4, 15, 3, 6588 }, // U+0305
    { 6, 3, 0, -3, 13, 3, 6591 }, // U+0306
    { 2, 3, 0, -1, 13, 1, 6594 }, // U+0307
    { 6, 3, 0, -3, 13, 3, 6595 }, // U+0308
    { 4, 5, 0, -7, 14, 3, 6598 }, // U+0309
    { 4, 4, 0, -2, 14, 2, 6601 }, // U+030A
    { 7, 3, 0, -3, 13, 3, 6603 }, // U+030B
    { 6, 3, 0, -3, 13, 3, 6606 }, // U+030C
    { 2, 4, 0, -1, 13, 1, 6609 }, // U+030D
    { 4, 4, 0, -2, 13, 2, 6610 }, // U+030E
    { 7, 3, 0, -9, 13, 3, 6612 }, // U+030F
    { 6, 5, 0, -3, 15, 4, 6615 }, // U+0310
    { 6, 3, 0, -3, 13, 3, 6619 }, // U+0311
    { 4, 5, 0, -2, 12, 3, 6622 }, // U+0312
    { 4, 5, 0, -2, 12, 3, 6625 }, // U+0313
    { 4, 5, 0, -2, 12, 3, 6628 }, // U+0314
    { 4, 5, 0, -2, 12, 3, 6631 }, // U+0315
    { 4, 3, 0, -2, 0, 2, 6634 }, // U+0316
    { 4, 3, 0, -2, 0, 2, 6636 }, // U+0317
    { 4, 4, 0, -2, 0, 2, 6638 }, // U+0318
    { 4, 4, 0, -2, 0, 2, 6640 }, // U+0319
    { 5, 5, 83, 0, 13, 4, 6642 }, // U+031A
    { 4, 4, 0, -2, 13, 2, 6646 }, // U+031B
    { 2, 4, 0, -1, 0, 1, 6648 }, // U+031C
    { 4, 4, 0, -2, 0, 2, 6649 }, // U+031D
    { 4, 4, 0, -2, 0, 2, 6651 }, // U+031E
    { 4, 4, 0, -2, 0, 2, 6653 }, // U+031F
    { 4, 2, 0, -2, -1, 1, 6655 }, // U+0320
    { 3, 5, 0, -3, 1, 2, 6656 }, // U+0321
    { 3, 5, 0, 0, 1, 2, 6658 }, // U+0322
    { 2, 2, 0, -6, -1, 1, 6660 }, // U+0323
    { 6, 3, 0, -3, 0, 3, 6661 }, // U+0324
    { 4, 4, 0, -2, 0, 2, 6664 }, // U+0325
    { 4, 3, 0, -2, -1, 2, 6666 }, // U+0326
    { 4, 4, 0, -2, 0, 2, 6668 }, // U+0327
    { 4, 5, 0, -2, 1, 3, 6670 }, // U+0328
    { 2, 4, 0, -1, 0, 1, 6673 }, // U+0329
    { 6, 4, 0, -3, 0, 3, 6674 }, // U+032A
    { 8, 2, 0, -4, -1, 2, 6677 }, // U+032B
    { 6, 3, 0, -3, 0, 3, 6679 }, // U+032C
    { 6, 3, 0, -3, 0, 3, 6682 }, // U+032D
    { 6, 3, 0, -3, 0, 3, 6685 }, // U+032E
    { 6, 3, 0, -3, 0, 3, 6688 }, // U+032F
    { 8, 3, 0, -4, 0, 3, 6691 }, // U+0330
    { 6, 2, 0, -3, -1, 2, 6694 }, // U+0331
    { 8, 2, 0, -4, -1, 2, 6696 }, // U+0332
    { 8, 4, 0, -4, 0, 4, 6698 }, // U+0333
    { 7, 3, 0, -3, 6, 3, 6702 }, // U+0334
    { 8, 3, 0, -4, 6, 3, 6705 }, // U+0335
    { 12, 2, 0, -6, 6, 3, 6708 }, // U+0336
    { 6, 4, 0, -3, 7, 3, 6711 }, // U+0337
    { 8, 14, 0, -4, 13, 14, 6714 }, // U+0338
    { 2, 4, 0, -1, 0, 1, 6728 }, // U+0339
    { 6, 4, 0, -3, 0, 3, 6729 }, // U+033A
    { 8, 4, 0, -4, 0, 4, 6732 }, // U+033B
    { 8, 2, 0, -4, -1, 2, 6736 }, // U+033C
    { 4, 4, 0, -2, 13, 2, 6738 }, // U+033D
    { 4, 6, 0, -2, 15, 3, 6740 }, // U+033E
    { 8, 4, 0, -4, 16, 4, 6743 }, // U+033F
    { 4, 3, 0, -3, 13, 2, 6747 }, // U+0340
    { 4, 3, 0, -1, 13, 2, 6749 }, // U+0341
    { 8, 3, 0, -4, 13, 3, 6751 }, // U+0342
    { 4, 3, 0, -2, 13, 2, 6754 }, // U+0343
    { 7, 3, 0, -3, 13, 3, 6756 }, // U+0344
    { 3, 3, 0, -1, -1, 2, 6759 }, // U+0345
    { 8, 4, 0, -4, 13, 4, 6761 }, // U+0346
    { 8, 4, 0, -4, 0, 4, 6765 }, // U+0347
    { 4, 4, 0, -2, 0, 2, 6769 }, // U+0348
    { 4, 3, 0, -2, -1, 2, 6771 }, // U+0349
    { 8, 4, 0, -4, 13, 4, 6773 }, // U+034A
    { 8, 7, 0, -4, 16, 7, 6777 }, // U+034B
    { 6, 5, 0, -3, 15, 4, 6784 }, // U+034C
    { 6, 4, 0, -3, 0, 3, 6788 }, // U+034D
    { 4, 4, 0, -2, 0, 2, 6791 }, // U+034E
    { 12, 12, 0, -6, 12, 18, 6793 }, // U+034F
    { 4, 5, 0, -2, 14, 3, 6811 }, // U+0350
    { 3, 5, 0, -1, 14, 2, 6814 }, // U+0351
    { 6, 4, 0, -3, 14, 3, 6816 }, // U+0352
    { 4, 4, 0, -2, 0, 2, 6819 }, // U+0353
    { 4, 4, 0, -2, 0, 2, 6821 }, // U+0354
    { 4, 4, 0, -2, 0, 2, 6823 }, // U+0355
    { 8, 4, 0, -4, 0, 4, 6825 }, // U+0356
    { 3, 5, 0, -1, 14, 2, 6829 }, // U+0357
    { 2, 3, 0, 2, 13, 1, 6831 }, // U+0358
    { 4, 4, 0, -2, 0, 2, 6832 }, // U+0359
    { 8, 4, 0, -4, 0, 4, 6834 }, // U+035A
    { 4, 5, 0, -2, 14, 3, 6838 }, // U+035B
    { 14, 4, 0, -7, 0, 7, 6841 }, // U+035C
    { 14, 4, 0, -7, 14, 7, 6848 }, // U+035D
    { 10, 2, 0, -5, 12, 3, 6855 }, // U+035E
    { 10, 2, 0, -5, 0, 3, 6858 }, // U+035F
    { 14, 3, 0, -7, 13, 6, 6861 }, // U+0360
    { 14, 5, 0, -7, 15, 9, 6867 }, // U+0361
    { 14, 4, 0, -7, 0, 7, 6876 }, // U+0362
    { 4, 4, 0, -2, 14, 2, 6883 }, // U+0363
    { 4, 4, 0, -2, 14, 2, 6885 }, // U+0364
    { 2, 6, 0, -1, 16, 2, 6887 }, // U+0365
    { 5, 4, 0, -2, 14, 3, 6889 }, // U+0366
    { 4, 4, 0, -2, 14, 2, 6892 }, // U+0367
    { 4, 4, 0, -2, 14, 2, 6894 }, // U+0368
    { 4, 6, 0, -2, 16, 3, 6896 }, // U+0369
    { 4, 6, 0, -2, 16, 3, 6899 }, // U+036A
    { 7, 4, 0, -3, 14, 4, 6902 }, // U+036B
    { 3, 4, 0, -1, 14, 2, 6906 }, // U+036C
    { 4, 5, 0, -2, 15, 3, 6908 }, // U+036D
    { 5, 4, 0, -2, 14, 3, 6911 }, // U+036E
    { 5, 4, 0, -2, 14, 3, 6914 }, // U+036F
    { 8, 16, 148, 1, 16, 16, 6917 }, // U+0400
    { 8, 16, 148, 1, 16, 16, 6933 }, // U+0401
    { 12, 13, 191, 0, 12, 20, 6949 }, // U+0402
    { 8, 16, 136, 1, 16, 16, 6969 }, // U+0403
    { 9, 14, 170, 1, 13, 16, 6985 }, // U+0404
    { 9, 14, 146, 0, 13, 16, 7001 }, // U+0405
    { 3, 12, 76, 1, 12, 5, 7017 }, // U+0406
    { 5, 16, 76, 0, 16, 10, 7022 }, // U+0407
    { 6, 16, 73, -2, 12, 12, 7032 }, // U+0408
    { 16, 13, 269, 0, 12, 26, 7044 }, // U+0409
    { 16, 12, 274, 1, 12, 24, 7070 }, // U+040A
    { 11, 12, 191, 0, 12, 17, 7094 }, // U+040B
    { 10, 16, 167, 1, 16, 20, 7111 }, // U+040C
    { 10, 16, 202, 1, 16, 20, 7131 }, // U+040D
    { 11, 17, 164, 0, 16, 24, 7151 }, // U+040E
    { 10, 15, 195, 1, 12, 19, 7175 }, // U+040F
    { 11, 12, 170, 0, 12, 17, 7194 }, // U+0410
    { 9, 12, 164, 1, 12, 14, 7211 }, // U+0411
    { 9, 12, 173, 1, 12, 14, 7225 }, // U+0412
    { 8, 12, 136, 1, 12, 12, 7239 }, // U+0413
    { 12, 15, 194, 0, 12, 23, 7251 }, // U+0414
    { 8, 12, 148, 1, 12, 12, 7274 }, // U+0415
    { 16, 12, 241, 0, 12, 24, 7286 }, // U+0416
    { 9, 14, 154, 0, 13, 16, 7310 }, // U+0417
    { 10, 12, 202, 1, 12, 15, 7326 }, // U+0418
    { 10, 16, 202, 1, 16, 20, 7341 }, // U+0419
    { 10, 12, 167, 1, 12, 15, 7361 }, // U+041A
    { 11, 13, 186, 0, 12, 18, 7376 }, // U+041B
    { 13, 12, 242, 1, 12, 20, 7394 }, // U+041C
    { 10, 12, 198, 1, 12, 15, 7414 }, // U+041D
    { 11, 14, 203, 1, 13, 20, 7429 }, // U+041E
    { 10, 12, 196, 1, 12, 15, 7449 }, // U+041F
    { 9, 12, 161, 1, 12, 14, 7464 }, // U+0420
    { 9, 14, 171, 1, 13, 16, 7478 }, // U+0421
    { 10, 12, 148, 0, 12, 15, 7494 }, // U+0422
    { 11, 13, 164, 0, 12, 18, 7509 }, // U+0423
    { 13, 14, 218, 0, 13, 23, 7527 }, // U+0424
    { 10, 12, 157, 0, 12, 15, 7550 }, // U+0425
    { 12, 15, 197, 1, 12, 23, 7565 }, // U+0426
    { 9, 12, 180, 1, 12, 14, 7588 }, // U+0427
    { 15, 12, 276, 1, 12, 23, 7602 }, // U+0428
    { 16, 15, 274, 1, 12, 30, 7625 }, // U+0429
    { 11, 12, 183, 0, 12, 17, 7655 }, // U+042A
    { 12, 12, 226, 1, 12, 18, 7672 }, // U+042B
    { 9, 12, 162, 1, 12, 14, 7690 }, // U+042C
    { 10, 14, 173, 0, 13, 18, 7704 }, // U+042D
    { 15, 14, 266, 1, 13, 27, 7722 }, // U+042E
    { 10, 12, 170, 0, 12, 15, 7749 }, // U+042F
    { 8, 11, 148, 0, 10, 11, 7764 }, // U+0430
    { 10, 14, 159, 0, 13, 18, 7775 }, // U+0431
    { 8, 9, 150, 1, 9, 9, 7793 }, // U+0432
    { 6, 9, 117, 1, 9, 7, 7802 }, // U+0433
    { 10, 12, 162, 0, 9, 15, 7809 }, // U+0434
    { 9, 11, 147, 0, 10, 13, 7824 }, // U+0435
    { 13, 9, 202, 0, 9, 15, 7837 }, // U+0436
    { 8, 11, 130, 0, 10, 11, 7852 }, // U+0437
    { 8, 9, 166, 1, 9, 9, 7863 }, // U+0438
    { 8, 13, 166, 1, 13, 13, 7872 }, // U+0439
    { 8, 9, 142, 1, 9, 9, 7885 }, // U+043A
    { 9, 10, 157, 0, 9, 12, 7894 }, // U+043B
    { 11, 9, 205, 1, 9, 13, 7906 }, // U+043C
    { 8, 9, 164, 1, 9, 9, 7919 }, // U+043D
    { 10, 11, 158, 0, 10, 14, 7928 }, // U+043E
    { 8, 9, 162, 1, 9, 9, 7942 }, // U+043F
    { 9, 14, 162, 1, 10, 16, 7951 }, // U+0440
    { 8, 11, 132, 0, 10, 11, 7967 }, // U+0441
    { 8, 9, 124, 0, 9, 9, 7978 }, // U+0442
    { 9, 13, 136, 0, 9, 15, 7987 }, // U+0443
    { 12, 17, 197, 0, 13, 26, 8002 }, // U+0444
    { 9, 9, 136, 0, 9, 11, 8028 }, // U+0445
    { 10, 12, 163, 1, 9, 15, 8039 }, // U+0446
    { 8, 9, 157, 1, 9, 9, 8054 }, // U+0447
    { 13, 9, 238, 1, 9, 15, 8063 }, // U+0448
    { 14, 12, 239, 1, 9, 21, 8078 }, // U+0449
    { 10, 9, 166, 0, 9, 12, 8099 }, // U+044A
    { 11, 9, 202, 1, 9, 13, 8111 }, // U+044B
    { 8, 9, 145, 1, 9, 9, 8124 }, // U+044C
    { 8, 11, 132, 0, 10, 11, 8133 }, // U+044D
    { 12, 11, 213, 1, 10, 17, 8144 }, // U+044E
    { 9, 9, 154, 0, 9, 11, 8161 }, // U+044F
    { 9, 14, 147, 0, 13, 16, 8172 }, // U+0450
    { 9, 14, 147, 0, 13, 16, 8188 }, // U+0451
    { 9, 17, 165, 0, 13, 20, 8204 }, // U+0452
    { 6, 13, 117, 1, 13, 10, 8224 }, // U+0453
    { 8, 11, 132, 0, 10, 11, 8234 }, // U+0454
    { 8, 11, 125, 0, 10, 11, 8245 }, // U+0455
    { 3, 13, 69, 1, 13, 5, 8256 }, // U+0456
    { 4, 13, 69, 0, 13, 7, 8261 }, // U+0457
    { 5, 17, 69, -1, 13, 11, 8268 }, // U+0458
    { 14, 10, 229, 0, 9, 18, 8279 }, // U+0459
    { 14, 9, 237, 1, 9, 16, 8297 }, // U+045A
    { 9, 13, 166, 0, 13, 15, 8313 }, // U+045B
    { 8, 13, 142, 1, 13, 13, 8328 }, // U+045C
    { 8, 13, 166, 1, 13, 13, 8341 }, // U+045D
    { 9, 17, 136, 0, 13, 20, 8354 }, // U+045E
    { 8, 12, 162, 1, 9, 12, 8374 }, // U+045F
    { 15, 13, 245, 0, 12, 25, 8386 }, // U+0460
    { 13, 9, 210, 0, 9, 15, 8411 }, // U+0461
    { 11, 12, 180, 0, 12, 17, 8426 }, // U+0462
    { 10, 11, 169, 0, 11, 14, 8443 }, // U+0463
    { 14, 14, 246, 1, 13, 25, 8457 }, // U+0464
    { 11, 11, 198, 1, 10, 16, 8482 }, // U+0465
    { 12, 12, 182, 0, 12, 18, 8498 }, // U+0466
    { 10, 9, 153, 0, 9, 12, 8516 }, // U+0467
    { 15, 12, 248, 1, 12, 23, 8528 }, // U+0468
    { 12, 9, 208, 1, 9, 14, 8551 }, // U+0469
    { 12, 12, 194, 0, 12, 18, 8565 }, // U+046A
    { 11, 9, 171, 0, 9, 13, 8583 }, // U+046B
    { 16, 12, 262, 1, 12, 24, 8596 }, // U+046C
    { 14, 9, 226, 1, 9, 16, 8620 }, // U+046D
    { 9, 19, 157, 0, 15, 22, 8636 }, // U+046E
    { 8, 16, 131, 0, 12, 16, 8658 }, // U+046F
    { 12, 12, 214, 1, 12, 18, 8674 }, // U+0470
    { 11, 17, 203, 1, 13, 24, 8692 }, // U+0471
    { 11, 14, 209, 1, 13, 20, 8716 }, // U+0472
    { 10, 11, 161, 0, 10, 14, 8736 }, // U+0473
    { 12, 12, 169, 0, 12, 18, 8750 }, // U+0474
    { 9, 10, 138, 0, 10, 12, 8768 }, // U+0475
    { 12, 16, 169, 0, 16, 24, 8780 }, // U+0476
    { 9, 13, 138, 0, 13, 15, 8804 }, // U+0477
    { 20, 17, 325, 1, 13, 43, 8819 }, // U+0478
    { 19, 14, 292, 0, 10, 34, 8862 }, // U+0479
    { 12, 14, 219, 1, 13, 21, 8896 }, // U+047A
    { 11, 11, 176, 0, 10, 16, 8917 }, // U+047B
    { 16, 19, 274, 1, 18, 38, 8933 }, // U+047C
    { 15, 16, 241, 0, 15, 30, 8971 }, // U+047D
    { 15, 16, 245, 0, 15, 30, 9001 }, // U+047E
    { 13, 12, 210, 0, 12, 20, 9031 }, // U+047F
    { 10, 17, 172, 1, 13, 22, 9051 }, // U+0480
    { 8, 14, 131, 0, 10, 14, 9073 }, // U+0481
    { 10, 12, 162, 0, 11, 15, 9087 }, // U+0482
    { 7, 3, 0, -8, 12, 3, 9102 }, // U+0483
    { 7, 3, 0, -8, 13, 3, 9105 }, // U+0484
    { 3, 3, 0, -6, 13, 2, 9108 }, // U+0485
    { 3, 3, 0, -6, 13, 2, 9110 }, // U+0486
    { 7, 3, 0, -4, 15, 3, 9112 }, // U+0487
    { 20, 19, 0, -10, 14, 48, 9115 }, // U+0488
    { 20, 19, 0, -10, 14, 48, 9163 }, // U+0489
    { 12, 20, 209, 1, 16, 30, 9211 }, // U+048A
    { 10, 17, 176, 1, 13, 22, 9241 }, // U+048B
    { 10, 12, 164, 0, 12, 15, 9263 }, // U+048C
    { 10, 13, 158, 0, 13, 17, 9278 }, // U+048D
    { 9, 12, 164, 1, 12, 14, 9295 }, // U+048E
    { 9, 14, 164, 1, 10, 16, 9309 }, // U+048F
    { 8, 15, 142, 1, 15, 15, 9325 }, // U+0490
    { 6, 12, 116, 1, 12, 9, 9340 }, // U+0491
    { 9, 12, 141, 0, 12, 14, 9349 }, // U+0492
    { 7, 9, 116, 0, 9, 8, 9363 }, // U+0493
    { 10, 17, 174, 1, 12, 22, 9371 }, // U+0494
    { 8, 14, 142, 1, 9, 14, 9393 }, // U+0495
    { 15, 16, 241, 0, 12, 30, 9407 }, // U+0496
    { 13, 13, 212, 0, 9, 22, 9437 }, // U+0497
    { 9, 17, 154, 0, 13, 20, 9459 }, // U+0498
    { 8, 14, 130, 0, 10, 14, 9479 }, // U+0499
    { 10, 16, 179, 1, 12, 20, 9493 }, // U+049A
    { 9, 13, 149, 1, 9, 15, 9513 }, // U+049B
    { 10, 12, 167, 1, 12, 15, 9528 }, // U+049C
    { 8, 9, 141, 1, 9, 9, 9543 }, // U+049D
    { 11, 12, 167, 0, 12, 17, 9552 }, // U+049E
    { 9, 13, 142, 0, 13, 15, 9569 }, // U+049F
    { 12, 12, 185, 0, 12, 18, 9584 }, // U+04A0
    { 11, 9, 166, 0, 9, 13, 9602 }, // U+04A1
    { 12, 16, 201, 1, 12, 24, 9615 }, // U+04A2
    { 10, 13, 175, 1, 9, 17, 9639 }, // U+04A3
    { 13, 12, 217, 1, 12, 20, 9656 }, // U+04A4
    { 12, 9, 197, 1, 9, 14, 9676 }, // U+04A5
    { 16, 17, 282, 1, 12, 34, 9690 }, // U+04A6
    { 13, 14, 230, 1, 9, 23, 9724 }, // U+04A7
    { 12, 14, 208, 1, 13, 21, 9747 }, // U+04A8
    { 11, 11, 171, 0, 10, 16, 9768 }, // U+04A9
    { 10, 17, 169, 1, 13, 22, 9784 }, // U+04AA
    { 8, 14, 128, 0, 10, 14, 9806 }, // U+04AB
    { 10, 16, 148, 0, 12, 20, 9820 }, // U+04AC
    { 8, 13, 127, 0, 9, 13, 9840 }, // U+04AD
    { 10, 12, 151, 0, 12, 15, 9853 }, // U+04AE
    { 9, 13, 136, 0, 9, 15, 9868 }, // U+04AF
    { 10, 12, 151, 0, 12, 15, 9883 }, // U+04B0
    { 9, 13, 136, 0, 9, 15, 9898 }, // U+04B1
    { 11, 16, 168, 0, 12, 22, 9913 }, // U+04B2
    { 9, 13, 147, 0, 9, 15, 9935 }, // U+04B3
    { 14, 16, 230, 0, 12, 28, 9950 }, // U+04B4
    { 12, 13, 193, 0, 9, 20, 9978 }, // U+04B5
    { 11, 16, 188, 1, 12, 22, 9998 }, // U+04B6
    { 10, 13, 166, 1, 9, 17, 10020 }, // U+04B7
    { 10, 12, 186, 1, 12, 15, 10037 }, // U+04B8
    { 8, 9, 162, 1, 9, 9, 10052 }, // U+04B9
    { 10, 12, 186, 1, 12, 15, 10061 }, // U+04BA
    { 8, 13, 165, 1, 13, 13, 10076 }, // U+04BB
    { 14, 14, 226, 0, 13, 25, 10089 }, // U+04BC
    { 11, 11, 177, 0, 10, 16, 10114 }, // U+04BD
    { 14, 17, 226, 0, 13, 30, 10130 }, // U+04BE
    { 11, 14, 177, 0, 10, 20, 10160 }, // U+04BF
    { 5, 12, 90, 0, 12, 8, 10180 }, // U+04C0
    { 16, 16, 241, 0, 16, 32, 10188 }, // U+04C1
    { 13, 13, 202, 0, 13, 22, 10220 }, // U+04C2
    { 10, 17, 186, 1, 12, 22, 10242 }, // U+04C3
    { 8, 14, 149, 1, 9, 14, 10264 }, // U+04C4
    { 12, 16, 192, 0, 12, 24, 10278 }, // U+04C5
    { 10, 13, 157, 0, 9, 17, 10302 }, // U+04C6
    { 10, 17, 195, 1, 12, 22, 10319 }, // U+04C7
    { 9, 14, 166, 1, 9, 16, 10341 }, // U+04C8
    { 12, 16, 202, 1, 12, 24, 10357 }, // U+04C9
    { 10, 13, 177, 1, 9, 17, 10381 }, // U+04CA
    { 10, 16, 186, 1, 12, 20, 10398 }, // U+04CB
    { 8, 13, 164, 1, 9, 13, 10418 }, // U+04CC
    { 15, 16, 245, 1, 12, 30, 10431 }, // U+04CD
    { 12, 13, 201, 1, 9, 20, 10461 }, // U+04CE
    { 5, 12, 90, 0, 12, 8, 10481 }, // U+04CF
    { 11, 16, 170, 0, 16, 22, 10489 }, // U+04D0
    { 8, 14, 150, 0, 13, 14, 10511 }, // U+04D1
    { 11, 16, 170, 0, 16, 22, 10525 }, // U+04D2
    { 8, 14, 150, 0, 13, 14, 10547 }, // U+04D3
    { 15, 12, 235, -1, 12, 23, 10561 }, // U+04D4
    { 14, 11, 230, 0, 10, 20, 10584 }, // U+04D5
    { 8, 16, 148, 1, 16, 16, 10604 }, // U+04D6
    { 9, 14, 150, 0, 13, 16, 10620 }, // U+04D7
    { 12, 14, 197, 0, 13, 21, 10636 }, // U+04D8
    { 9, 11, 150, 0, 10, 13, 10657 }, // U+04D9
    { 12, 17, 197, 0, 16, 26, 10670 }, // U+04DA
    { 9, 14, 150, 0, 13, 16, 10696 }, // U+04DB
    { 16, 16, 241, 0, 16, 32, 10712 }, // U+04DC
    { 13, 13, 202, 0, 13, 22, 10744 }, // U+04DD
    { 9, 17, 154, 0, 16, 20, 10766 }, // U+04DE
    { 8, 14, 130, 0, 13, 14, 10786 }, // U+04DF
    { 9, 13, 156, 0, 12, 15, 10800 }, // U+04E0
    { 8, 13, 133, 0, 9, 13, 10815 }, // U+04E1
    { 10, 15, 202, 1, 15, 19, 10828 }, // U+04E2
    { 8, 12, 166, 1, 12, 12, 10847 }, // U+04E3
    { 10, 16, 202, 1, 16, 20, 10859 }, // U+04E4
    { 8, 13, 166, 1, 13, 13, 10879 }, // U+04E5
    { 11, 17, 208, 1, 16, 24, 10892 }, // U+04E6
    { 10, 14, 161, 0, 13, 18, 10916 }, // U+04E7
    { 11, 14, 209, 1, 13, 20, 10934 }, // U+04E8
    { 10, 11, 161, 0, 10, 14, 10954 }, // U+04E9
    { 11, 17, 209, 1, 16, 24, 10968 }, // U+04EA
    { 10, 14, 161, 0, 13, 18, 10992 }, // U+04EB
    { 10, 17, 173, 0, 16, 22, 11010 }, // U+04EC
    { 8, 14, 132, 0, 13, 14, 11032 }, // U+04ED
    { 11, 16, 164, 0, 15, 22, 11046 }, // U+04EE
    { 9, 16, 136, 0, 12, 18, 11068 }, // U+04EF
    { 11, 17, 164, 0, 16, 24, 11086 }, // U+04F0
    { 9, 17, 136, 0, 13, 20, 11110 }, // U+04F1
    { 11, 17, 164, 0, 16, 24, 11130 }, // U+04F2
    { 9, 17, 136, 0, 13, 20, 11154 }, // U+04F3
    { 9, 16, 180, 1, 16, 18, 11174 }, // U+04F4
    { 8, 13, 157, 1, 13, 13, 11192 }, // U+04F5
    { 8, 16, 141, 1, 12, 16, 11205 }, // U+04F6
    { 6, 13, 116, 1, 9, 10, 11221 }, // U+04F7
    { 12, 16, 226, 1, 16, 24, 11231 }, // U+04F8
    { 11, 13, 202, 1, 13, 18, 11255 }, // U+04F9
    { 9, 16, 141, 0, 12, 18, 11273 }, // U+04FA
    { 7, 13, 116, 0, 9, 12, 11291 }, // U+04FB
    { 11, 16, 169, 0, 12, 22, 11303 }, // U+04FC
    { 9, 13, 147, 0, 9, 15, 11325 }, // U+04FD
    { 10, 12, 156, 0, 12, 15, 11340 }, // U+04FE
    { 9, 9, 141, 0, 9, 11, 11355 }, // U+04FF
    { 0, 0, 133, 0, 0, 0, 11366 }, // U+2000
    { 0, 0, 267, 0, 0, 0, 11366 }, // U+2001
    { 0, 0, 133, 0, 0, 0, 11366 }, // U+2002
    { 0, 0, 267, 0, 0, 0, 11366 }, // U+2003
    { 0, 0, 89, 0, 0, 0, 11366 }, // U+2004
    { 0, 0, 67, 0, 0, 0, 11366 }, // U+2005
    { 0, 0, 45, 0, 0, 0, 11366 }, // U+2006
    { 0, 0, 153, 0, 0, 0, 11366 }, // U+2007
    { 0, 0, 71, 0, 0, 0, 11366 }, // U+2008
    { 0, 0, 44, 0, 0, 0, 11366 }, // U+2009
    { 0, 0, 27, 0, 0, 0, 11366 }, // U+200A
    { 0, 0, 0, 0, 0, 0, 11366 }, // U+200B
    { 0, 0, 0, 0, 0, 0, 11366 }, // U+200C
    { 0, 0, 0, 0, 0, 0, 11366 }, // U+200D
    { 5, 15, 0, -1, 12, 10, 11366 }, // U+200E
    { 5, 15, 0, -4, 12, 10, 11376 }, // U+200F
    { 5, 3, 86, 0, 6, 2, 11386 }, // U+2010
    { 5, 3, 86, 0, 6, 2, 11388 }, // U+2011
    { 9, 2, 153, 0, 7, 3, 11390 }, // U+2012
    { 8, 3, 133, 0, 6, 3, 11393 }, // U+2013
    { 16, 3, 267, 0, 6, 6, 11396 }, // U+2014
    { 16, 3, 267, 0, 6, 6, 11402 }, // U+2015
    { 6, 18, 147, 2, 13, 14, 11408 }, // U+2016
    { 8, 4, 110, -1, 0, 4, 11422 }, // U+2017
    { 3, 5, 47, 0, 12, 2, 11426 }, // U+2018
    { 3, 5, 47, 0, 12, 2, 11428 }, // U+2019
    { 4, 5, 67, 0, 2, 3, 11430 }, // U+201A
    { 3, 5, 47, 0, 12, 2, 11433 }, // U+201B
    { 6, 5, 96, 0, 12, 4, 11435 }, // U+201C
    { 6, 5, 96, 0, 12, 4, 11439 }, // U+201D
    { 7, 5, 111, 0, 2, 5, 11443 }, // U+201E
    { 6, 5, 96, 0, 12, 4, 11448 }, // U+201F
    { 7, 13, 137, 1, 13, 12, 11452 }, // U+2020
    { 7, 13, 137, 1, 13, 12, 11464 }, // U+2021
    { 4, 5, 100, 1, 9, 3, 11476 }, // U+2022
    { 5, 6, 98, 1, 9, 4, 11479 }, // U+2023
    { 3, 4, 133, 3, 3, 2, 11483 }, // U+2024
    { 7, 4, 143, 1, 3, 4, 11485 }, // U+2025
    { 11, 4, 211, 1, 3, 6, 11489 }, // U+2026
    { 3, 4, 71, 1, 6, 2, 11495 }, // U+2027
    { 0, 0, 160, 0, 0, 0, 11497 }, // U+2028
    { 0, 0, 160, 0, 0, 0, 11497 }, // U+2029
    { 5, 14, 0, -1, 11, 9, 11497 }, // U+202A
    { 5, 14, 0, -4, 11, 9, 11506 }, // U+202B
    { 4, 15, 0, -2, 12, 8, 11515 }, // U+202C
    { 4, 15, 0, -2, 12, 8, 11523 }, // U+202D
    { 4, 15, 0, -2, 12, 8, 11531 }, // U+202E
    { 0, 0, 44, 0, 0, 0, 11539 }, // U+202F
    { 19, 14, 314, 0, 13, 34, 11539 }, // U+2030
    { 25, 14, 412, 0, 13, 44, 11573 }, // U+2031
    { 5, 5, 62, 0, 12, 4, 11617 }, // U+2032
    { 8, 5, 109, 0, 12, 5, 11621 }, // U+2033
    { 11, 5, 156, 0, 12, 7, 11626 }, // U+2034
    { 5, 5, 62, -1, 12, 4, 11633 }, // U+2035
    { 7, 5, 117, -1, 12, 5, 11637 }, // U+2036
    { 10, 5, 161, -1, 12, 7, 11642 }, // U+2037
    { 7, 6, 106, 0, 2, 6, 11649 }, // U+2038
    { 5, 8, 83, 0, 8, 5, 11655 }, // U+2039
    { 5, 8, 83, 0, 8, 5, 11660 }, // U+203A
    { 14, 14, 223, 0, 13, 25, 11665 }, // U+203B
    { 7, 13, 133, 1, 12, 12, 11690 }, // U+203C
    { 7, 14, 118, 0, 13, 13, 11702 }, // U+203D
    { 10, 2, 133, -1, 14, 3, 11715 }, // U+203E
    { 10, 4, 162, 0, 0, 5, 11718 }, // U+203F
    { 10, 5, 162, 0, 14, 7, 11723 }, // U+2040
    { 6, 11, 100, 0, 7, 9, 11730 }, // U+2041
    { 19, 16, 298, 0, 13, 38, 11739 }, // U+2042
    { 5, 3, 86, 0, 6, 2, 11777 }, // U+2043
    { 10, 12, 35, -4, 12, 15, 11779 }, // U+2044
    { 4, 15, 86, 1, 12, 8, 11794 }, // U+2045
    { 5, 15, 86, 0, 12, 10, 11802 }, // U+2046
    { 14, 14, 228, 0, 13, 25, 11812 }, // U+2047
    { 11, 14, 181, 0, 13, 20, 11837 }, // U+2048
    { 10, 14, 182, 1, 13, 18, 11857 }, // U+2049
    { 9, 9, 153, 0, 9, 11, 11875 }, // U+204A
    { 9, 16, 175, 1, 13, 18, 11886 }, // U+204B
    { 10, 9, 170, 0, 9, 12, 11904 }, // U+204C
    { 9, 9, 170, 1, 9, 11, 11916 }, // U+204D
    { 9, 8, 147, 0, 5, 9, 11927 }, // U+204E
    { 4, 13, 63, 0, 10, 7, 11936 }, // U+204F
    { 10, 18, 161, 0, 14, 23, 11943 }, // U+2050
    { 9, 16, 147, 0, 13, 18, 11966 }, // U+2051
    { 7, 14, 99, 0, 13, 13, 11984 }, // U+2052
    { 15, 4, 267, 1, 7, 8, 11997 }, // U+2053
    { 10, 4, 161, 0, 0, 5, 12005 }, // U+2054
    { 9, 10, 153, 0, 9, 12, 12010 }, // U+2055
    { 8, 14, 138, 0, 13, 14, 12022 }, // U+2056
    { 13, 5, 198, 0, 12, 9, 12036 }, // U+2057
    { 13, 14, 219, 0, 13, 23, 12045 }, // U+2058
    { 13, 14, 221, 0, 13, 23, 12068 }, // U+2059
    { 3, 14, 59, 0, 13, 6, 12091 }, // U+205A
    { 11, 14, 174, 0, 13, 20, 12097 }, // U+205B
    { 13, 14, 212, 0, 13, 23, 12117 }, // U+205C
    { 3, 13, 71, 1, 12, 5, 12140 }, // U+205D
    { 3, 14, 71, 1, 13, 6, 12145 }, // U+205E
    { 0, 0, 59, 0, 0, 0, 12151 }, // U+205F
    { 0, 0, 160, 0, 0, 0, 12151 }, // U+2060
    { 0, 0, 160, 0, 0, 0, 12151 }, // U+2061
    { 0, 0, 160, 0, 0, 0, 12151 }, // U+2062
    { 0, 0, 160, 0, 0, 0, 12151 }, // U+2063
    { 0, 0, 160, 0, 0, 0, 12151 }, // U+2064
    { 0, 0, 0, 0, 0, 0, 12151 }, // U+2066
    { 0, 0, 0, 0, 0, 0, 12151 }, // U+2067
    { 0, 0, 0, 0, 0, 0, 12151 }, // U+2068
    { 0, 0, 0, 0, 0, 0, 12151 }, // U+2069
    { 4, 15, 0, -2, 12, 8, 12151 }, // U+206A
    { 4, 15, 0, -2, 12, 8, 12159 }, // U+206B
    { 4, 15, 0, -2, 12, 8, 12167 }, // U+206C
    { 4, 15, 0, -2, 12, 8, 12175 }, // U+206D
    { 4, 15, 0, -2, 12, 8, 12183 }, // U+206E
    { 4, 15, 0, -2, 12, 8, 12191 }, // U+206F
    { 6, 9, 93, 0, 15, 7, 12199 }, // U+2070
    { 2, 9, 45, 0, 13, 3, 12206 }, // U+2071
    { 6, 9, 93, 0, 15, 7, 12209 }, // U+2074
    { 6, 9, 93, 0, 15, 7, 12216 }, // U+2075
    { 6, 9, 93, 0, 15, 7, 12223 }, // U+2076
    { 6, 9, 93, 0, 15, 7, 12230 }, // U+2077
    { 6, 9, 93, 0, 15, 7, 12237 }, // U+2078
    { 6, 9, 93, 0, 15, 7, 12244 }, // U+2079
    { 6, 6, 90, 0, 13, 5, 12251 }, // U+207A
    { 6, 2, 90, 0, 11, 2, 12256 }, // U+207B
    { 6, 4, 90, 0, 12, 3, 12258 }, // U+207C
    { 3, 10, 60, 1, 16, 4, 12261 }, // U+207D
    { 3, 10, 60, 0, 16, 4, 12265 }, // U+207E
    { 6, 7, 107, 0, 11, 6, 12269 }, // U+207F
    { 6, 9, 93, 0, 6, 7, 12275 }, // U+2080
    { 4, 9, 93, 0, 6, 5, 12282 }, // U+2081
    { 6, 9, 93, 0, 6, 7, 12287 }, // U+2082
    { 6, 9, 93, 0, 6, 7, 12294 }, // U+2083
    { 6, 9, 93, 0, 6, 7, 12301 }, // U+2084
    { 6, 9, 93, 0, 6, 7, 12308 }, // U+2085
    { 6, 9, 93, 0, 6, 7, 12315 }, // U+2086
    { 6, 9, 93, 0, 6, 7, 12322 }, // U+2087
    { 6, 9, 93, 0, 6, 7, 12329 }, // U+2088
    { 6, 9, 93, 0, 6, 7, 12336 }, // U+2089
    { 6, 6, 90, 0, 4, 5, 12343 }, // U+208A
    { 6, 2, 90, 0, 2, 2, 12348 }, // U+208B
    { 6, 4, 90, 0, 3, 3, 12350 }, // U+208C
    { 3, 10, 60, 1, 7, 4, 12353 }, // U+208D
    { 3, 10, 60, 0, 7, 4, 12357 }, // U+208E
    { 6, 6, 97, 0, 4, 5, 12361 }, // U+2090
    { 6, 6, 98, 0, 4, 5, 12366 }, // U+2091
    { 6, 6, 105, 0, 4, 5, 12371 }, // U+2092
    { 6, 6, 92, 0, 4, 5, 12376 }, // U+2093
    { 6, 6, 98, 0, 4, 5, 12381 }, // U+2094
    { 6, 8, 107, 0, 6, 6, 12386 }, // U+2095
    { 6, 8, 93, 0, 6, 6, 12392 }, // U+2096
    { 2, 8, 45, 0, 6, 2, 12398 }, // U+2097
    { 10, 6, 162, 0, 4, 8, 12400 }, // U+2098
    { 6, 6, 107, 0, 4, 5, 12408 }, // U+2099
    { 7, 8, 107, 0, 4, 7, 12413 }, // U+209A
    { 5, 6, 83, 0, 4, 4, 12420 }, // U+209B
    { 4, 7, 63, 0, 5, 4, 12424 }, // U+209C
    { 9, 13, 153, 0, 13, 15, 12428 }, // U+20A0
    { 10, 14, 153, 0, 13, 18, 12443 }, // U+20A1
    { 9, 14, 153, 0, 13, 16, 12461 }, // U+20A2
    { 9, 12, 153, 0, 12, 14, 12477 }, // U+20A3
    { 9, 13, 153, 0, 13, 15, 12491 }, // U+20A4
    { 14, 14, 249, 1, 12, 25, 12506 }, // U+20A5
    { 10, 12, 153, 0, 12, 15, 12531 }, // U+20A6
    { 12, 13, 207, 1, 12, 20, 12546 }, // U+20A7
    { 13, 13, 222, 1, 12, 22, 12566 }, // U+20A8
    { 11, 12, 179, 0, 12, 17, 12588 }, // U+20A9
    { 11, 12, 213, 1, 12, 17, 12605 }, // U+20AA
    { 11, 16, 165, 0, 13, 22, 12622 }, // U+20AB
    { 10, 14, 153, 0, 13, 18, 12644 }, // U+20AC
    { 10, 12, 153, 0, 12, 15, 12662 }, // U+20AD
    { 10, 12, 153, 0, 12, 15, 12677 }, // U+20AE
    { 16, 17, 259, 0, 13, 34, 12692 }, // U+20AF
    { 9, 17, 153, 0, 13, 20, 12726 }, // U+20B0
    { 10, 12, 153, 0, 12, 15, 12746 }, // U+20B1
    { 10, 15, 194, 1, 13, 19, 12761 }, // U+20B2
    { 11, 12, 162, 0, 12, 17, 12780 }, // U+20B3
    { 9, 14, 146, 0, 13, 16, 12797 }, // U+20B4
    { 10, 15, 169, 1, 13, 19, 12813 }, // U+20B5
    { 10, 12, 166, 0, 11, 15, 12832 }, // U+20B6
    { 12, 15, 194, 0, 13, 23, 12847 }, // U+20B7
    { 9, 12, 146, 0, 12, 14, 12870 }, // U+20B8
    { 8, 12, 153, 1, 12, 12, 12884 }, // U+20B9
    { 10, 13, 153, 0, 12, 17, 12896 }, // U+20BA
    { 13, 14, 208, 0, 13, 23, 12913 }, // U+20BB
    { 13, 12, 216, 0, 12, 20, 12936 }, // U+20BC
    { 10, 12, 155, 0, 12, 15, 12956 }, // U+20BD
    { 11, 13, 206, 1, 13, 18, 12971 }, // U+20BE
    { 8, 16, 153, 1, 14, 16, 12989 }, // U+20BF
    { 8, 13, 132, 0, 10, 13, 13005 }, // U+20C0
    { 16, 9, 267, 0, 11, 18, 13018 }, // U+2190
    { 9, 16, 267, 4, 15, 18, 13036 }, // U+2191
    { 17, 9, 267, 0, 11, 20, 13054 }, // U+2192
    { 9, 16, 267, 4, 14, 18, 13074 }, // U+2193
    { 17, 9, 267, 0, 11, 20, 13092 }, // U+2194
    { 9, 17, 267, 4, 15, 20, 13112 }, // U+2195
    { 13, 13, 267, 2, 13, 22, 13132 }, // U+2196
    { 13, 13, 267, 2, 13, 22, 13154 }, // U+2197
    { 13, 13, 267, 2, 13, 22, 13176 }, // U+2198
    { 13, 13, 267, 2, 13, 22, 13198 }, // U+2199
    { 15, 15, 267, 1, 15, 29, 13220 }, // U+21B8
    { 16, 16, 267, 0, 14, 32, 13249 }, // U+21B9
    { 17, 17, 267, 0, 15, 37, 13281 }, // U+21C4
    { 16, 17, 267, 0, 15, 34, 13318 }, // U+21C5
    { 17, 17, 267, 0, 15, 37, 13352 }, // U+21C6
    { 17, 15, 267, 0, 14, 32, 13389 }, // U+21CB
    { 17, 15, 267, 0, 14, 32, 13421 }, // U+21CC
    { 16, 12, 267, 0, 12, 24, 13453 }, // U+21D0
    { 17, 12, 267, 0, 12, 26, 13477 }, // U+21D2
    { 17, 12, 267, 0, 12, 26, 13503 }, // U+21D4
    { 16, 12, 267, 0, 12, 24, 13529 }, // U+21E6
    { 12, 16, 267, 2, 15, 24, 13553 }, // U+21E7
    { 16, 12, 267, 1, 12, 24, 13577 }, // U+21E8
    { 12, 16, 267, 2, 14, 24, 13601 }, // U+21E9
    { 16, 17, 267, 0, 15, 34, 13625 }, // U+21F5
    { 14, 14, 267, 1, 13, 25, 13659 }, // U+2200
    { 9, 13, 267, 4, 13, 15, 13684 }, // U+2202
    { 10, 12, 267, 3, 12, 15, 13699 }, // U+2203
    { 13, 13, 267, 2, 13, 22, 13714 }, // U+2205
    { 12, 13, 267, 2, 13, 20, 13736 }, // U+2206
    { 12, 13, 267, 2, 12, 20, 13756 }, // U+2207
    { 13, 11, 267, 2, 12, 18, 13776 }, // U+2208
    { 13, 14, 267, 2, 13, 23, 13794 }, // U+2209
    { 9, 9, 267, 4, 9, 11, 13817 }, // U+220A
    { 13, 11, 267, 2, 12, 18, 13828 }, // U+220B
    { 9, 15, 267, 4, 12, 17, 13846 }, // U+220F
    { 10, 12, 267, 3, 12, 15, 13863 }, // U+2211
    { 9, 2, 153, 0, 7, 3, 13878 }, // U+2212
    { 13, 13, 267, 2, 13, 22, 13881 }, // U+2213
    { 16, 16, 267, 0, 14, 32, 13903 }, // U+2215
    { 17, 16, 267, 0, 15, 34, 13935 }, // U+221A
    { 14, 7, 267, 0, 10, 13, 13969 }, // U+221D
    { 16, 7, 267, 0, 10, 14, 13982 }, // U+221E
    { 13, 13, 267, 2, 13, 22, 13996 }, // U+221F
    { 14, 12, 267, 1, 12, 21, 14018 }, // U+2220
    { 1, 13, 267, 8, 13, 2, 14039 }, // U+2223
    { 10, 14, 267, 3, 13, 18, 14041 }, // U+2225
    { 10, 14, 267, 3, 13, 18, 14059 }, // U+2226
    { 14, 14, 267, 1, 13, 25, 14077 }, // U+2227
    { 14, 14, 267, 1, 13, 25, 14102 }, // U+2228
    { 11, 13, 267, 3, 13, 18, 14127 }, // U+2229
    { 11, 13, 267, 3, 13, 18, 14145 }, // U+222A
    { 7, 15, 267, 5, 14, 14, 14163 }, // U+222B
    { 13, 15, 267, 2, 14, 25, 14177 }, // U+222C
    { 17, 15, 267, 0, 14, 32, 14202 }, // U+222D
    { 7, 15, 267, 5, 14, 14, 14234 }, // U+222E
    { 12, 10, 267, 3, 11, 15, 14248 }, // U+2234
    { 12, 10, 267, 3, 11, 15, 14263 }, // U+2235
    { 2, 10, 267, 7, 11, 3, 14278 }, // U+2236
    { 11, 10, 267, 3, 11, 14, 14281 }, // U+2237
    { 16, 7, 267, 0, 10, 14, 14295 }, // U+223D
    { 14, 7, 267, 1, 10, 13, 14309 }, // U+2243
    { 14, 8, 267, 1, 10, 14, 14322 }, // U+2245
    { 13, 7, 267, 2, 10, 12, 14336 }, // U+2248
    { 16, 11, 267, 0, 12, 22, 14348 }, // U+224C
    { 13, 13, 267, 2, 13, 22, 14370 }, // U+2260
    { 13, 8, 267, 2, 10, 13, 14392 }, // U+2261
    { 13, 14, 267, 2, 13, 23, 14405 }, // U+2262
    { 14, 15, 267, 1, 14, 27, 14428 }, // U+2264
    { 13, 15, 267, 2, 14, 25, 14455 }, // U+2265
    { 14, 16, 267, 1, 15, 28, 14480 }, // U+2266
    { 14, 16, 267, 1, 15, 28, 14508 }, // U+2267
    { 15, 14, 267, 1, 13, 27, 14536 }, // U+226A
    { 15, 14, 267, 1, 13, 27, 14563 }, // U+226B
    { 14, 14, 267, 1, 13, 25, 14590 }, // U+226E
    { 14, 14, 267, 1, 13, 25, 14615 }, // U+226F
    { 13, 15, 267, 2, 14, 25, 14640 }, // U+2272
    { 13, 15, 267, 2, 14, 25, 14665 }, // U+2273
    { 14, 16, 267, 1, 14, 28, 14690 }, // U+2276
    { 14, 16, 267, 1, 14, 28, 14718 }, // U+2277
    { 13, 11, 267, 2, 12, 18, 14746 }, // U+2282
    { 13, 11, 267, 2, 12, 18, 14764 }, // U+2283
    { 13, 14, 267, 2, 13, 23, 14782 }, // U+2284
    { 13, 14, 267, 2, 13, 23, 14805 }, // U+2285
    { 13, 13, 267, 2, 13, 22, 14828 }, // U+2286
    { 13, 13, 267, 2, 13, 22, 14850 }, // U+2287
    { 13, 15, 267, 2, 13, 25, 14872 }, // U+228A
    { 13, 15, 267, 2, 13, 25, 14897 }, // U+228B
    { 13, 13, 267, 2, 13, 22, 14922 }, // U+2295
    { 13, 13, 267, 2, 13, 22, 14944 }, // U+2296
    { 13, 13, 267, 2, 13, 22, 14966 }, // U+2297
    { 13, 13, 267, 2, 13, 22, 14988 }, // U+2298
    { 13, 13, 267, 2, 13, 22, 15010 }, // U+2299
    { 14, 14, 267, 1, 13, 25, 15032 }, // U+22A0
    { 13, 12, 267, 2, 13, 20, 15057 }, // U+22A5
    { 13, 13, 267, 2, 13, 22, 15077 }, // U+22BF
    { 14, 17, 267, 1, 15, 30, 15099 }, // U+22DA
    { 14, 17, 267, 1, 15, 30, 15129 }, // U+22DB
    { 13, 2, 267, 2, 8, 4, 15159 }, // U+22EF
    { 0, 0, 267, 0, 0, 0, 15163 }, // U+3000
    { 5, 5, 267, 1, 4, 4, 15163 }, // U+3001
    { 5, 5, 267, 1, 4, 4, 15167 }, // U+3002
    { 9, 9, 267, 4, 11, 11, 15171 }, // U+3003
    { 15, 15, 267, 1, 14, 29, 15182 }, // U+3004
    { 13, 14, 267, 2, 13, 23, 15211 }, // U+3005
    { 13, 14, 267, 2, 13, 23, 15234 }, // U+3006
    { 15, 15, 267, 1, 14, 29, 15257 }, // U+3007
    { 6, 16, 267, 10, 14, 12, 15286 }, // U+3008
    { 7, 16, 267, 0, 14, 14, 15298 }, // U+3009
    { 7, 16, 267, 9, 14, 14, 15312 }, // U+300A
    { 8, 16, 267, 0, 14, 16, 15326 }, // U+300B
    { 6, 12, 267, 11, 14, 9, 15342 }, // U+300C
    { 6, 12, 267, 0, 11, 9, 15351 }, // U+300D
    { 7, 11, 267, 10, 14, 10, 15360 }, // U+300E
    { 7, 11, 267, 0, 10, 10, 15370 }, // U+300F
    { 5, 17, 267, 11, 15, 11, 15380 }, // U+3010
    { 6, 16, 267, 0, 15, 12, 15391 }, // U+3011
    { 12, 12, 267, 2, 12, 18, 15403 }, // U+3012
    { 14, 13, 267, 1, 13, 23, 15421 }, // U+3013
    { 4, 17, 267, 12, 15, 9, 15444 }, // U+3014
    { 5, 17, 267, 0, 15, 11, 15453 }, // U+3015
    { 7, 15, 267, 10, 14, 14, 15464 }, // U+3016
    { 7, 15, 267, 0, 14, 14, 15478 }, // U+3017
    { 6, 17, 267, 11, 15, 13, 15492 }, // U+3018
    { 6, 17, 267, 0, 15, 13, 15505 }, // U+3019
    { 5, 15, 267, 12, 14, 10, 15518 }, // U+301A
    { 5, 15, 267, 0, 14, 10, 15528 }, // U+301B
    { 16, 4, 267, 0, 8, 8, 15538 }, // U+301C
    { 5, 6, 267, 11, 14, 4, 15546 }, // U+301D
    { 6, 6, 267, 0, 14, 5, 15550 }, // U+301E
    { 6, 7, 267, 0, 5, 6, 15555 }, // U+301F
    { 16, 13, 267, 0, 13, 26, 15561 }, // U+3020
    { 1, 15, 267, 8, 14, 2, 15587 }, // U+3021
    { 5, 15, 267, 6, 14, 10, 15589 }, // U+3022
    { 9, 15, 267, 4, 14, 17, 15599 }, // U+3023
    { 13, 13, 267, 2, 13, 22, 15616 }, // U+3024
    { 9, 14, 267, 4, 13, 16, 15638 }, // U+3025
    { 14, 5, 267, 1, 13, 9, 15654 }, // U+3026
    { 14, 10, 267, 1, 13, 18, 15663 }, // U+3027
    { 14, 14, 267, 1, 14, 25, 15681 }, // U+3028
    { 14, 14, 267, 1, 14, 25, 15706 }, // U+3029
    { 3, 3, 0, -17, -2, 2, 15731 }, // U+302A
    { 3, 3, 0, -17, 18, 2, 15733 }, // U+302B
    { 3, 3, 0, -3, 18, 2, 15735 }, // U+302C
    { 3, 3, 0, -3, -2, 2, 15737 }, // U+302D
    { 2, 2, 67, 1, 7, 1, 15739 }, // U+302E
    { 2, 5, 67, 1, 9, 2, 15740 }, // U+302F
    { 17, 5, 267, 0, 9, 11, 15742 }, // U+3030
    { 9, 32, 267, 3, 22, 36, 15753 }, // U+3031
    { 11, 32, 267, 3, 22, 44, 15789 }, // U+3032
    { 8, 16, 267, 3, 14, 16, 15833 }, // U+3033
    { 11, 16, 267, 3, 14, 22, 15849 }, // U+3034
    { 9, 16, 267, 3, 15, 18, 15871 }, // U+3035
    { 16, 15, 267, 0, 14, 30, 15889 }, // U+3036
    { 16, 16, 267, 0, 14, 32, 15919 }, // U+3037
    { 15, 15, 267, 1, 14, 29, 15951 }, // U+3038
    { 15, 15, 267, 1, 14, 29, 15980 }, // U+3039
    { 16, 16, 267, 0, 14, 32, 16009 }, // U+303A
    { 9, 16, 267, 4, 14, 18, 16041 }, // U+303B
    { 13, 13, 267, 2, 13, 22, 16059 }, // U+303C
    { 15, 12, 267, 1, 12, 23, 16081 }, // U+303D
    { 15, 15, 267, 1, 14, 29, 16104 }, // U+303E
    { 9, 14, 267, 4, 13, 16, 16133 }, // U+303F
    { 11, 12, 267, 3, 11, 17, 16149 }, // U+3041
    { 13, 14, 267, 2, 13, 23, 16166 }, // U+3042
    { 11, 10, 267, 3, 10, 14, 16189 }, // U+3043
    { 13, 12, 267, 2, 12, 20, 16203 }, // U+3044
    { 9, 13, 267, 4, 11, 15, 16223 }, // U+3045
    { 11, 14, 267, 2, 13, 20, 16238 }, // U+3046
    { 11, 12, 267, 3, 11, 17, 16258 }, // U+3047
    { 13, 14, 267, 2, 13, 23, 16275 }, // U+3048
    { 12, 12, 267, 3, 11, 18, 16298 }, // U+3049
    { 14, 14, 267, 2, 14, 25, 16316 }, // U+304A
    { 15, 15, 267, 1, 14, 29, 16341 }, // U+304B
    { 16, 16, 267, 1, 15, 32, 16370 }, // U+304C
    { 13, 15, 267, 2, 14, 25, 16402 }, // U+304D
    { 15, 15, 267, 1, 14, 29, 16427 }, // U+304E
    { 9, 15, 267, 3, 14, 17, 16456 }, // U+304F
    { 11, 15, 267, 3, 14, 21, 16473 }, // U+3050
    { 14, 14, 267, 2, 13, 25, 16494 }, // U+3051
    { 15, 16, 267, 2, 14, 30, 16519 }, // U+3052
    { 11, 12, 267, 3, 12, 17, 16549 }, // U+3053
    { 14, 15, 267, 3, 14, 27, 16566 }, // U+3054
    { 13, 15, 267, 2, 14, 25, 16593 }, // U+3055
    { 14, 16, 267, 2, 15, 28, 16618 }, // U+3056
    { 11, 14, 267, 4, 13, 20, 16646 }, // U+3057
    { 11, 14, 267, 4, 13, 20, 16666 }, // U+3058
    { 15, 15, 267, 1, 14, 29, 16686 }, // U+3059
    { 15, 15, 267, 1, 14, 29, 16715 }, // U+305A
    { 15, 14, 267, 1, 13, 27, 16744 }, // U+305B
    { 17, 15, 267, 0, 14, 32, 16771 }, // U+305C
    { 14, 14, 267, 1, 13, 25, 16803 }, // U+305D
    { 15, 14, 267, 0, 13, 27, 16828 }, // U+305E
    { 15, 15, 267, 1, 14, 29, 16855 }, // U+305F
    { 16, 15, 267, 0, 13, 30, 16884 }, // U+3060
    { 13, 15, 267, 1, 14, 25, 16914 }, // U+3061
    { 16, 15, 267, 1, 14, 30, 16939 }, // U+3062
    { 12, 9, 267, 2, 8, 14, 16969 }, // U+3063
    { 14, 11, 267, 1, 11, 20, 16983 }, // U+3064
    { 15, 14, 267, 1, 14, 27, 17003 }, // U+3065
    { 14, 13, 267, 1, 12, 23, 17030 }, // U+3066
    { 15, 13, 267, 1, 12, 25, 17053 }, // U+3067
    { 11, 15, 267, 3, 14, 21, 17078 }, // U+3068
    { 14, 14, 267, 3, 13, 25, 17099 }, // U+3069
    { 15, 15, 267, 1, 14, 29, 17124 }, // U+306A
    { 14, 14, 267, 2, 13, 25, 17153 }, // U+306B
    { 16, 14, 267, 1, 14, 28, 17178 }, // U+306C
    { 16, 15, 267, 1, 14, 30, 17206 }, // U+306D
    { 13, 13, 267, 2, 12, 22, 17236 }, // U+306E
    { 14, 15, 267, 2, 14, 27, 17258 }, // U+306F
    { 15, 15, 267, 2, 14, 29, 17285 }, // U+3070
    { 15, 15, 267, 2, 14, 29, 17314 }, // U+3071
    { 14, 14, 267, 2, 13, 25, 17343 }, // U+3072
    { 15, 15, 267, 2, 14, 29, 17368 }, // U+3073
    { 15, 15, 267, 2, 14, 29, 17397 }, // U+3074
    { 16, 13, 267, 0, 13, 26, 17426 }, // U+3075
    { 16, 14, 267, 0, 13, 28, 17452 }, // U+3076
    { 16, 14, 267, 0, 13, 28, 17480 }, // U+3077
    { 15, 11, 267, 1, 11, 21, 17508 }, // U+3078
    { 15, 12, 267, 1, 12, 23, 17529 }, // U+3079
    { 15, 12, 267, 1, 12, 23, 17552 }, // U+307A
    { 14, 14, 267, 2, 13, 25, 17575 }, // U+307B
    { 15, 16, 267, 2, 14, 30, 17600 }, // U+307C
    { 15, 16, 267, 2, 14, 30, 17630 }, // U+307D
    { 13, 15, 267, 2, 14, 25, 17660 }, // U+307E
    { 15, 14, 267, 1, 13, 27, 17685 }, // U+307F
    { 15, 15, 267, 1, 14, 29, 17712 }, // U+3080
    { 13, 14, 267, 2, 13, 23, 17741 }, // U+3081
    { 13, 15, 267, 1, 14, 25, 17764 }, // U+3082
    { 12, 13, 267, 2, 11, 20, 17789 }, // U+3083
    { 14, 16, 267, 1, 14, 28, 17809 }, // U+3084
    { 11, 13, 267, 3, 11, 18, 17837 }, // U+3085
    { 13, 15, 267, 2, 14, 25, 17855 }, // U+3086
    { 11, 12, 267, 3, 11, 17, 17880 }, // U+3087
    { 13, 14, 267, 2, 13, 23, 17897 }, // U+3088
    { 11, 14, 267, 3, 13, 20, 17920 }, // U+3089
    { 10, 14, 267, 3, 13, 18, 17940 }, // U+308A
    { 12, 14, 267, 2, 13, 21, 17958 }, // U+308B
    { 16, 15, 267, 1, 14, 30, 17979 }, // U+308C
    { 12, 14, 267, 2, 13, 21, 18009 }, // U+308D
    { 12, 12, 267, 2, 11, 18, 18030 }, // U+308E
    { 15, 15, 267, 1, 14, 29, 18048 }, // U+308F
    { 13, 14, 267, 2, 13, 23, 18077 }, // U+3090
    { 15, 14, 267, 1, 13, 27, 18100 }, // U+3091
    { 14, 15, 267, 1, 14, 27, 18127 }, // U+3092
    { 15, 14, 267, 1, 13, 27, 18154 }, // U+3093
    { 14, 14, 267, 2, 13, 25, 18181 }, // U+3094
    { 14, 12, 267, 2, 11, 21, 18206 }, // U+3095
    { 12, 12, 267, 3, 10, 18, 18227 }, // U+3096
    { 5, 4, 0, -5, 14, 3, 18245 }, // U+3099
    { 4, 4, 0, -4, 15, 2, 18248 }, // U+309A
    { 5, 4, 267, 0, 14, 3, 18250 }, // U+309B
    { 4, 4, 267, 0, 14, 2, 18253 }, // U+309C
    { 8, 10, 267, 5, 11, 10, 18255 }, // U+309D
    { 9, 12, 267, 5, 13, 14, 18265 }, // U+309E
    { 13, 16, 267, 1, 15, 26, 18279 }, // U+309F
    { 8, 3, 267, 4, 8, 3, 18305 }, // U+30A0
    { 12, 11, 267, 3, 9, 17, 18308 }, // U+30A1
    { 14, 13, 267, 2, 12, 23, 18325 }, // U+30A2
    { 11, 12, 267, 2, 10, 17, 18348 }, // U+30A3
    { 13, 14, 267, 2, 13, 23, 18365 }, // U+30A4
    { 11, 13, 267, 3, 11, 18, 18388 }, // U+30A5
    { 12, 15, 267, 2, 14, 23, 18406 }, // U+30A6
    { 13, 10, 267, 2, 9, 17, 18429 }, // U+30A7
    { 15, 12, 267, 1, 12, 23, 18446 }, // U+30A8
    { 12, 13, 267, 3, 11, 20, 18469 }, // U+30A9
    { 15, 15, 267, 1, 14, 29, 18489 }, // U+30AA
    { 12, 14, 267, 2, 13, 21, 18518 }, // U+30AB
    { 15, 15, 267, 1, 14, 29, 18539 }, // U+30AC
    { 13, 14, 267, 2, 13, 23, 18568 }, // U+30AD
    { 15, 15, 267, 1, 14, 29, 18591 }, // U+30AE
    { 13, 15, 267, 2, 14, 25, 18620 }, // U+30AF
    { 15, 16, 267, 1, 14, 30, 18645 }, // U+30B0
    { 15, 15, 267, 1, 14, 29, 18675 }, // U+30B1
    { 16, 16, 267, 0, 14, 32, 18704 }, // U+30B2
    { 13, 12, 267, 2, 12, 20, 18736 }, // U+30B3
    { 15, 16, 267, 2, 15, 30, 18756 }, // U+30B4
    { 15, 14, 267, 1, 13, 27, 18786 }, // U+30B5
    { 16, 15, 267, 0, 14, 30, 18813 }, // U+30B6
    { 13, 14, 267, 2, 13, 23, 18843 }, // U+30B7
    { 15, 14, 267, 1, 13, 27, 18866 }, // U+30B8
    { 13, 13, 267, 2, 12, 22, 18893 }, // U+30B9
    { 15, 15, 267, 1, 14, 29, 18915 }, // U+30BA
    { 15, 14, 267, 0, 13, 27, 18944 }, // U+30BB
    { 16, 15, 267, 0, 14, 30, 18971 }, // U+30BC
    { 12, 13, 267, 2, 12, 20, 19001 }, // U+30BD
    { 14, 15, 267, 2, 14, 27, 19021 }, // U+30BE
    { 13, 15, 267, 2, 14, 25, 19048 }, // U+30BF
    { 15, 16, 267, 1, 15, 30, 19073 }, // U+30C0
    { 15, 14, 267, 1, 13, 27, 19103 }, // U+30C1
    { 15, 14, 267, 1, 13, 27, 19130 }, // U+30C2
    { 11, 11, 267, 3, 10, 16, 19157 }, // U+30C3
    { 13, 14, 267, 2, 13, 23, 19173 }, // U+30C4
    { 15, 15, 267, 1, 14, 29, 19196 }, // U+30C5
    { 15, 13, 267, 1, 12, 25, 19225 }, // U+30C6
    { 16, 16, 267, 1, 15, 32, 19250 }, // U+30C7
    { 10, 13, 267, 5, 13, 17, 19282 }, // U+30C8
    { 10, 13, 267, 4, 12, 17, 19299 }, // U+30C9
    { 15, 14, 267, 1, 13, 27, 19316 }, // U+30CA
    { 13, 10, 267, 2, 11, 17, 19343 }, // U+30CB
    { 12, 13, 267, 2, 12, 20, 19360 }, // U+30CC
    { 15, 15, 267, 1, 14, 29, 19380 }, // U+30CD
    { 11, 12, 267, 2, 12, 17, 19409 }, // U+30CE
    { 14, 12, 267, 1, 12, 21, 19426 }, // U+30CF
    { 15, 14, 267, 1, 14, 27, 19447 }, // U+30D0
    { 15, 14, 267, 1, 13, 27, 19474 }, // U+30D1
    { 12, 13, 267, 3, 13, 20, 19501 }, // U+30D2
    { 13, 15, 267, 3, 14, 25, 19521 }, // U+30D3
    { 13, 14, 267, 3, 13, 23, 19546 }, // U+30D4
    { 12, 12, 267, 2, 12, 18, 19569 }, // U+30D5
    { 14, 16, 267, 2, 15, 28, 19587 }, // U+30D6
    { 15, 15, 267, 2, 14, 29, 19615 }, // U+30D7
    { 15, 10, 267, 1, 11, 19, 19644 }, // U+30D8
    { 15, 12, 267, 1, 12, 23, 19663 }, // U+30D9
    { 15, 12, 267, 1, 12, 23, 19686 }, // U+30DA
    { 15, 14, 267, 1, 13, 27, 19709 }, // U+30DB
    { 15, 15, 267, 1, 14, 29, 19736 }, // U+30DC
    { 15, 15, 267, 1, 14, 29, 19765 }, // U+30DD
    { 15, 13, 267, 1, 12, 25, 19794 }, // U+30DE
    { 12, 14, 267, 2, 13, 21, 19819 }, // U+30DF
    { 15, 14, 267, 1, 13, 27, 19840 }, // U+30E0
    { 13, 14, 267, 2, 13, 23, 19867 }, // U+30E1
    { 15, 14, 267, 1, 13, 27, 19890 }, // U+30E2
    { 13, 12, 267, 2, 10, 20, 19917 }, // U+30E3
    { 14, 14, 267, 1, 13, 25, 19937 }, // U+30E4
    { 12, 10, 267, 2, 9, 15, 19962 }, // U+30E5
    { 14, 11, 267, 1, 11, 20, 19977 }, // U+30E6
    { 10, 10, 267, 3, 9, 13, 19997 }, // U+30E7
    { 12, 13, 267, 2, 12, 20, 20010 }, // U+30E8
    { 13, 14, 267, 2, 13, 23, 20030 }, // U+30E9
    { 9, 14, 267, 4, 13, 16, 20053 }, // U+30EA
    { 15, 14, 267, 1, 13, 27, 20069 }, // U+30EB
    { 11, 13, 267, 4, 13, 18, 20096 }, // U+30EC
    { 13, 12, 267, 2, 12, 20, 20114 }, // U+30ED
    { 11, 11, 267, 3, 9, 16, 20134 }, // U+30EE
    { 13, 13, 267, 2, 12, 22, 20150 }, // U+30EF
    { 15, 14, 267, 1, 13, 27, 20172 }, // U+30F0
    { 15, 12, 267, 1, 12, 23, 20199 }, // U+30F1
    { 13, 13, 267, 2, 12, 22, 20222 }, // U+30F2
    { 14, 13, 267, 2, 12, 23, 20244 }, // U+30F3
    { 14, 16, 267, 2, 15, 28, 20267 }, // U+30F4
    { 11, 12, 267, 3, 11, 17, 20295 }, // U+30F5
    { 13, 12, 267, 2, 10, 20, 20312 }, // U+30F6
    { 14, 16, 267, 2, 15, 28, 20332 }, // U+30F7
    { 15, 15, 267, 1, 14, 29, 20360 }, // U+30F8
    { 16, 15, 267, 0, 15, 30, 20389 }, // U+30F9
    { 14, 16, 267, 2, 15, 28, 20419 }, // U+30FA
    { 3, 3, 267, 7, 8, 2, 20447 }, // U+30FB
    { 13, 2, 267, 2, 7, 4, 20449 }, // U+30FC
    { 7, 8, 267, 5, 10, 7, 20453 }, // U+30FD
    { 10, 10, 267, 4, 12, 13, 20460 }, // U+30FE
    { 10, 14, 267, 3, 13, 18, 20473 }, // U+30FF
    { 10, 12, 267, 3, 11, 15, 20491 }, // U+31F0
    { 11, 11, 267, 3, 10, 16, 20506 }, // U+31F1
    { 11, 11, 267, 3, 10, 16, 20522 }, // U+31F2
    { 8, 11, 267, 6, 10, 11, 20538 }, // U+31F3
    { 10, 11, 267, 3, 10, 14, 20549 }, // U+31F4
    { 11, 10, 267, 3, 9, 14, 20563 }, // U+31F5
    { 10, 12, 267, 4, 11, 15, 20577 }, // U+31F6
    { 11, 11, 267, 3, 10, 16, 20592 }, // U+31F7
    { 13, 8, 267, 2, 8, 13, 20608 }, // U+31F8
    { 12, 12, 267, 2, 11, 18, 20621 }, // U+31F9
    { 13, 11, 267, 2, 10, 18, 20639 }, // U+31FA
    { 10, 11, 267, 3, 10, 14, 20657 }, // U+31FB
    { 8, 12, 267, 4, 10, 12, 20671 }, // U+31FC
    { 13, 11, 267, 2, 10, 18, 20683 }, // U+31FD
    { 10, 11, 267, 5, 10, 14, 20701 }, // U+31FE
    { 11, 10, 267, 3, 9, 14, 20715 }, // U+31FF
    { 16, 1, 267, 0, 7, 2, 20729 }, // U+4E00
    { 16, 15, 267, 1, 14, 30, 20731 }, // U+4E03
    { 15, 12, 267, 1, 12, 23, 20761 }, // U+4E09
    { 16, 16, 267, 0, 14, 32, 20784 }, // U+4E0A
    { 16, 14, 267, 1, 13, 28, 20816 }, // U+4E0B
    { 16, 14, 267, 0, 13, 28, 20844 }, // U+4E0D
    { 14, 16, 267, 1, 14, 28, 20872 }, // U+4E0E
    { 15, 16, 267, 1, 14, 30, 20900 }, // U+4E13
    { 15, 16, 267, 1, 15, 30, 20930 }, // U+4E1A
    { 15, 14, 267, 1, 13, 27, 20960 }, // U+4E21
    { 16, 16, 267, 0, 14, 32, 20987 }, // U+4E22
    { 16, 14, 267, 1, 13, 28, 21019 }, // U+4E24
    { 17, 16, 267, 0, 15, 34, 21047 }, // U+4E2A
    { 15, 15, 267, 1, 14, 29, 21081 }, // U+4E2D
    { 14, 15, 267, 1, 14, 27, 21110 }, // U+4E32
    { 16, 16, 267, 0, 14, 32, 21137 }, // U+4E3A
    { 16, 16, 267, 0, 14, 32, 21169 }, // U+4E3B
    { 16, 16, 267, 0, 14, 32, 21201 }, // U+4E49
    { 13, 15, 267, 2, 13, 25, 21233 }, // U+4E60
    { 16, 15, 267, 0, 14, 30, 21258 }, // U+4E66
    { 14, 14, 267, 1, 13, 25, 21288 }, // U+4E86
    { 17, 17, 267, 0, 15, 37, 21313 }, // U+4E8B
    { 15, 11, 267, 1, 12, 21, 21350 }, // U+4E8C
    { 16, 14, 267, 0, 13, 28, 21371 }, // U+4E8E
    { 15, 14, 267, 1, 13, 27, 21399 }, // U+4E94
    { 16, 17, 267, 0, 15, 34, 21426 }, // U+4EA4
    { 16, 17, 267, 0, 15, 34, 21460 }, // U+4EA7
    { 17, 16, 267, 0, 14, 34, 21494 }, // U+4EBA
    { 16, 16, 267, 0, 14, 32, 21528 }, // U+4EC5
    { 17, 17, 267, 0, 15, 37, 21560 }, // U+4ECA
    { 17, 16, 267, 0, 15, 34, 21597 }, // U+4ECB
    { 16, 16, 267, 0, 14, 32, 21631 }, // U+4ECE
    { 16, 15, 267, 0, 14, 30, 21663 }, // U+4ED6
    { 15, 16, 267, 2, 14, 30, 21693 }, // U+4EE5
    { 16, 16, 267, 0, 15, 32, 21723 }, // U+4EF6
    { 17, 15, 267, 0, 14, 32, 21755 }, // U+4EFB
    { 17, 15, 267, 0, 14, 32, 21787 }, // U+4F11
    { 16, 15, 267, 0, 14, 30, 21819 }, // U+4F1A
    { 16, 16, 267, 0, 14, 32, 21849 }, // U+4F20
    { 16, 15, 267, 0, 14, 30, 21881 }, // U+4F4D
    { 16, 17, 267, 0, 15, 34, 21911 }, // U+4F4F
    { 17, 15, 267, 0, 14, 32, 21945 }, // U+4F53
    { 17, 16, 267, 0, 14, 34, 21977 }, // U+4F55
    { 17, 16, 267, 0, 15, 34, 22011 }, // U+4F59
    { 17, 15, 267, 0, 14, 32, 22045 }, // U+4F5C
    { 17, 17, 267, 0, 15, 37, 22077 }, // U+4F7F
    { 16, 16, 267, 0, 14, 32, 22114 }, // U+4F9B
    { 15, 16, 267, 0, 14, 30, 22146 }, // U+4FA7
    { 17, 15, 267, 0, 14, 32, 22176 }, // U+4FDD
    { 16, 16, 267, 0, 14, 32, 22208 }, // U+4FE1
    { 17, 15, 267, 0, 14, 32, 22240 }, // U+4FEE
    { 16, 16, 267, 0, 14, 32, 22272 }, // U+5012
    { 16, 15, 267, 0, 14, 30, 22304 }, // U+5024
    { 17, 16, 267, 0, 14, 34, 22334 }, // U+503E
    { 16, 15, 267, 0, 14, 30, 22368 }, // U+504F
    { 17, 17, 267, 0, 15, 37, 22398 }, // U+505C
    { 16, 16, 267, 0, 14, 32, 22435 }, // U+5074
    { 17, 16, 267, 0, 14, 34, 22467 }, // U+50BE
    { 17, 15, 267, 0, 14, 32, 22501 }, // U+50CF
    { 15, 15, 267, 1, 13, 29, 22533 }, // U+5143
    { 17, 16, 267, 0, 14, 34, 22562 }, // U+5148
    { 17, 15, 267, 0, 14, 32, 22596 }, // U+5149
    { 16, 17, 267, 1, 15, 34, 22628 }, // U+514D
    { 16, 16, 267, 0, 14, 32, 22662 }, // U+5165
    { 17, 16, 267, 0, 15, 34, 22694 }, // U+5168
    { 16, 16, 267, 0, 14, 32, 22728 }, // U+516D
    { 16, 16, 267, 0, 14, 32, 22760 }, // U+5173
    { 17, 16, 267, 0, 14, 34, 22792 }, // U+5176
    { 16, 16, 267, 0, 14, 32, 22826 }, // U+5178
    { 14, 15, 267, 2, 14, 27, 22858 }, // U+5185
    { 17, 15, 267, 0, 13, 32, 22885 }, // U+518C
    { 17, 15, 267, 0, 13, 32, 22917 }, // U+518D
    { 14, 15, 267, 1, 13, 27, 22949 }, // U+5199
    { 16, 15, 267, 0, 14, 30, 22976 }, // U+51C6
    { 16, 16, 267, 1, 14, 32, 23006 }, // U+51D1
    { 16, 15, 267, 0, 13, 30, 23038 }, // U+51E0
    { 17, 16, 267, 0, 14, 34, 23068 }, // U+51ED
    { 13, 16, 267, 2, 15, 26, 23102 }, // U+51FA
    { 15, 15, 267, 0, 14, 29, 23128 }, // U+51FB
    { 16, 16, 267, 0, 14, 32, 23157 }, // U+5206
    { 16, 16, 267, 0, 14, 32, 23189 }, // U+5207
    { 15, 16, 267, 0, 14, 30, 23221 }, // U+5212
    { 14, 16, 267, 1, 15, 28, 23251 }, // U+5217
    { 15, 17, 267, 0, 15, 32, 23279 }, // U+5219
    { 15, 15, 267, 0, 14, 29, 23311 }, // U+521B
    { 16, 16, 267, 0, 14, 32, 23340 }, // U+521D
    { 15, 16, 267, 0, 14, 30, 23372 }, // U+5220
    { 16, 16, 267, 0, 14, 32, 23402 }, // U+5225
    { 15, 16, 267, 0, 14, 30, 23434 }, // U+5229
    { 14, 16, 267, 1, 14, 28, 23464 }, // U+5230
    { 16, 16, 267, 0, 14, 32, 23492 }, // U+5236
    { 15, 16, 267, 0, 14, 30, 23524 }, // U+5237
    { 14, 17, 267, 1, 15, 30, 23554 }, // U+523B
    { 15, 16, 267, 1, 14, 30, 23584 }, // U+524A
    { 15, 16, 267, 1, 14, 30, 23614 }, // U+524D
    { 16, 16, 267, 0, 14, 32, 23644 }, // U+526A
    { 14, 16, 267, 1, 15, 28, 23676 }, // U+5272
    { 16, 16, 267, 0, 14, 32, 23704 }, // U+529B
    { 16, 17, 267, 0, 15, 34, 23736 }, // U+529E
    { 16, 16, 267, 1, 14, 32, 23770 }, // U+529F
    { 16, 15, 267, 0, 14, 30, 23802 }, // U+52A0
    { 16, 16, 267, 0, 14, 32, 23832 }, // U+52A1
    { 16, 16, 267, 1, 14, 32, 23864 }, // U+52A8
    { 16, 17, 267, 0, 15, 34, 23896 }, // U+52AA
    { 16, 16, 267, 1, 14, 32, 23930 }, // U+52B9
    { 17, 16, 267, 0, 14, 34, 23962 }, // U+52D5
    { 16, 16, 267, 0, 14, 32, 23996 }, // U+52FF
    { 16, 15, 267, 1, 14, 30, 24028 }, // U+5316
    { 15, 14, 267, 2, 14, 27, 24058 }, // U+5339
    { 15, 14, 267, 2, 13, 27, 24085 }, // U+533A
    { 16, 16, 267, 0, 15, 32, 24112 }, // U+5355
    { 16, 16, 267, 0, 15, 32, 24144 }, // U+5358
    { 14, 17, 267, 2, 15, 30, 24176 }, // U+5360
    { 16, 15, 267, 1, 14, 30, 24206 }, // U+5361
    { 15, 15, 267, 1, 14, 29, 24236 }, // U+5373
    { 16, 15, 267, 0, 13, 30, 24265 }, // U+5386
    { 16, 14, 267, 0, 13, 28, 24295 }, // U+539F
    { 16, 16, 267, 0, 14, 32, 24323 }, // U+53BB
    { 16, 16, 267, 0, 14, 32, 24355 }, // U+53CA
    { 16, 17, 267, 0, 15, 34, 24387 }, // U+53CD
    { 16, 16, 267, 0, 14, 32, 24421 }, // U+53D1
    { 16, 15, 267, 0, 13, 30, 24453 }, // U+53D6
    { 15, 16, 267, 1, 14, 30, 24483 }, // U+53D7
    { 15, 16, 267, 1, 14, 30, 24513 }, // U+53D8
    { 12, 13, 267, 2, 12, 20, 24543 }, // U+53E3
    { 15, 14, 267, 1, 13, 27, 24563 }, // U+53EF
    { 15, 16, 267, 1, 14, 30, 24590 }, // U+53F0
    { 16, 16, 267, 0, 14, 32, 24620 }, // U+53F2
    { 16, 15, 267, 0, 14, 30, 24652 }, // U+53F3
    { 15, 15, 267, 1, 13, 29, 24682 }, // U+53F7
    { 16, 17, 267, 0, 15, 34, 24711 }, // U+5408
    { 14, 14, 267, 1, 13, 25, 24745 }, // U+540C
    { 15, 16, 267, 0, 14, 30, 24770 }, // U+540D
    { 17, 16, 267, 0, 15, 34, 24800 }, // U+540E
    { 14, 16, 267, 2, 15, 28, 24834 }, // U+5411
    { 16, 15, 267, 0, 13, 30, 24862 }, // U+5426
    { 15, 17, 267, 0, 15, 32, 24892 }, // U+542F
    { 16, 15, 267, 0, 14, 30, 24924 }, // U+544A
    { 16, 16, 267, 0, 15, 32, 24954 }, // U+547D
    { 15, 15, 267, 0, 14, 29, 24986 }, // U+548C
    { 15, 16, 267, 1, 14, 30, 25015 }, // U+54C8
    { 15, 15, 267, 1, 14, 29, 25045 }, // U+5546
    { 16, 14, 267, 0, 13, 28, 25074 }, // U+5668
    { 15, 14, 267, 1, 13, 27, 25102 }, // U+56DB
    { 16, 14, 267, 0, 13, 28, 25129 }, // U+56DE
    { 16, 14, 267, 0, 13, 28, 25157 }, // U+56E0
    { 15, 14, 267, 1, 13, 27, 25185 }, // U+56F2
    { 16, 14, 267, 0, 13, 28, 25212 }, // U+56F4
    { 15, 14, 267, 1, 13, 27, 25240 }, // U+56FA
    { 14, 14, 267, 1, 13, 25, 25267 }, // U+56FE
    { 16, 15, 267, 0, 14, 30, 25292 }, // U+5728
    { 16, 15, 267, 0, 14, 30, 25322 }, // U+5730
    { 17, 16, 267, 0, 14, 34, 25352 }, // U+5740
    { 17, 15, 267, 0, 14, 32, 25386 }, // U+574F
    { 16, 16, 267, 0, 14, 32, 25418 }, // U+57CB
    { 17, 16, 267, 0, 14, 34, 25450 }, // U+5831
    { 16, 17, 267, 0, 15, 34, 25484 }, // U+58F0
    { 17, 15, 267, 0, 14, 32, 25518 }, // U+5904
    { 16, 17, 267, 0, 15, 34, 25550 }, // U+5907
    { 15, 16, 267, 1, 14, 30, 25584 }, // U+5909
    { 17, 16, 267, 0, 14, 34, 25614 }, // U+590D
    { 16, 16, 267, 0, 14, 32, 25648 }, // U+5916
    { 16, 16, 267, 0, 14, 32, 25680 }, // U+5927
    { 16, 15, 267, 0, 13, 30, 25712 }, // U+5929
    { 17, 16, 267, 0, 14, 34, 25742 }, // U+592A
    { 17, 17, 267, 0, 15, 37, 25776 }, // U+592E
    { 17, 16, 267, 0, 14, 34, 25813 }, // U+5931
    { 16, 16, 267, 0, 14, 32, 25847 }, // U+5939
    { 16, 17, 267, 0, 15, 34, 25879 }, // U+5982
    { 16, 17, 267, 0, 15, 34, 25913 }, // U+59CB
    { 15, 16, 267, 1, 15, 30, 25947 }, // U+5B57
    { 16, 15, 267, 0, 14, 30, 25977 }, // U+5B58
    { 15, 17, 267, 1, 15, 32, 26007 }, // U+5B66
    { 15, 16, 267, 1, 15, 30, 26039 }, // U+5B83
    { 15, 15, 267, 1, 14, 29, 26069 }, // U+5B87
    { 16, 16, 267, 0, 14, 32, 26098 }, // U+5B88
    { 15, 15, 267, 1, 14, 29, 26130 }, // U+5B89
    { 16, 16, 267, 0, 15, 32, 26159 }, // U+5B8C
    { 14, 15, 267, 1, 14, 27, 26191 }, // U+5B98
    { 15, 16, 267, 1, 15, 30, 26218 }, // U+5B99
    { 16, 17, 267, 0, 15, 34, 26248 }, // U+5B9A
    { 15, 16, 267, 1, 14, 30, 26282 }, // U+5B9E
    { 15, 16, 267, 1, 14, 30, 26312 }, // U+5B9F
    { 17, 15, 267, 0, 14, 32, 26342 }, // U+5BA2
    { 16, 15, 267, 0, 14, 30, 26374 }, // U+5BB9
    { 16, 16, 267, 1, 14, 32, 26404 }, // U+5BBD
    { 17, 15, 267, 0, 14, 32, 26436 }, // U+5BC6
    { 16, 16, 267, 1, 15, 32, 26468 }, // U+5BF9
    { 16, 16, 267, 0, 15, 32, 26500 }, // U+5C01
    { 16, 16, 267, 0, 14, 32, 26532 }, // U+5C04
    { 16, 16, 267, 0, 15, 32, 26564 }, // U+5C06
    { 17, 16, 267, 0, 15, 34, 26596 }, // U+5C0A
    { 17, 17, 267, 0, 15, 37, 26630 }, // U+5C0F
    { 13, 16, 267, 2, 15, 26, 26667 }, // U+5C1A
    { 16, 16, 267, 1, 14, 32, 26693 }, // U+5C31
    { 15, 15, 267, 0, 13, 29, 26725 }, // U+5C40
    { 16, 15, 267, 0, 13, 30, 26754 }, // U+5C45
    { 16, 14, 267, 0, 13, 28, 26784 }, // U+5C4F
    { 16, 15, 267, 0, 13, 30, 26812 }, // U+5C55
    { 15, 14, 267, 0, 13, 27, 26842 }, // U+5C5E
    { 17, 15, 267, 0, 13, 32, 26869 }, // U+5C65
    { 15, 17, 267, 0, 15, 32, 26901 }, // U+5D29
    { 17, 16, 267, 0, 15, 34, 26933 }, // U+5D4C
    { 16, 14, 267, 0, 13, 28, 26967 }, // U+5DE5
    { 16, 15, 267, 0, 14, 30, 26995 }, // U+5DE6
    { 16, 14, 267, 1, 13, 28, 27025 }, // U+5DF2
    { 16, 15, 267, 0, 14, 30, 27053 }, // U+5E03
    { 16, 16, 267, 0, 15, 32, 27083 }, // U+5E0C
    { 14, 15, 267, 1, 14, 27, 27115 }, // U+5E38
    { 17, 16, 267, 0, 15, 34, 27142 }, // U+5E55
    { 16, 14, 267, 0, 13, 28, 27176 }, // U+5E73
    { 16, 16, 267, 1, 15, 32, 27204 }, // U+5E74
    { 16, 16, 267, 0, 14, 32, 27236 }, // U+5E76
    { 16, 17, 267, 0, 15, 34, 27268 }, // U+5E83
    { 17, 17, 267, 0, 15, 37, 27302 }, // U+5E94
    { 16, 16, 267, 0, 14, 32, 27339 }, // U+5E95
    { 16, 16, 267, 0, 14, 32, 27371 }, // U+5EA6
    { 17, 16, 267, 0, 14, 34, 27403 }, // U+5EFA
    { 16, 15, 267, 0, 13, 30, 27437 }, // U+5F00
    { 16, 16, 267, 0, 14, 32, 27467 }, // U+5F02
    { 15, 16, 267, 1, 15, 30, 27499 }, // U+5F0F
    { 13, 16, 267, 1, 14, 26, 27529 }, // U+5F15
    { 16, 16, 267, 0, 14, 32, 27555 }, // U+5F35
    { 16, 16, 267, 0, 14, 32, 27587 }, // U+5F39
    { 13, 16, 267, 2, 15, 26, 27619 }, // U+5F53
    { 15, 15, 267, 1, 13, 29, 27645 }, // U+5F55
    { 17, 16, 267, 0, 14, 34, 27674 }, // U+5F62
    { 17, 17, 267, 0, 15, 37, 27708 }, // U+5F85
    { 17, 15, 267, 0, 14, 32, 27745 }, // U+5F8B
    { 17, 15, 267, 0, 14, 32, 27777 }, // U+5F8C
    { 16, 17, 267, 0, 15, 34, 27809 }, // U+5F97
    { 17, 16, 267, 0, 14, 34, 27843 }, // U+5FA9
    { 17, 17, 267, -1, 15, 37, 27877 }, // U+5FAE
    { 17, 15, 267, 0, 14, 32, 27914 }, // U+5FC3
    { 17, 16, 267, 0, 15, 34, 27946 }, // U+5FC5
    { 16, 15, 267, 0, 14, 30, 27980 }, // U+5FC6
    { 16, 16, 267, 0, 15, 32, 28010 }, // U+5FD8
    { 17, 16, 267, 0, 14, 34, 28042 }, // U+5FEB
    { 16, 15, 267, 0, 14, 30, 28076 }, // U+5FFD
    { 16, 16, 267, 0, 15, 32, 28106 }, // U+6001
    { 15, 16, 267, 1, 15, 30, 28138 }, // U+6020
    { 16, 15, 267, 0, 14, 30, 28168 }, // U+6027
    { 16, 16, 267, 0, 15, 32, 28198 }, // U+603B
    { 17, 16, 267, 0, 14, 34, 28230 }, // U+6062
    { 16, 15, 267, 0, 14, 30, 28264 }, // U+606F
    { 16, 15, 267, 0, 14, 30, 28294 }, // U+60A8
    { 16, 16, 267, 0, 14, 32, 28324 }, // U+60C5
    { 16, 16, 267, 0, 14, 32, 28356 }, // U+60EF
    { 16, 16, 267, 0, 15, 32, 28388 }, // U+60F0
    { 15, 16, 267, 1, 15, 30, 28420 }, // U+610F
    { 16, 16, 267, 0, 15, 32, 28450 }, // U+614B
    { 16, 16, 267, 0, 14, 32, 28482 }, // U+6163
    { 17, 16, 267, 0, 15, 34, 28514 }, // U+61A9
    { 16, 16, 267, 0, 14, 32, 28548 }, // U+6210
    { 17, 16, 267, 0, 14, 34, 28580 }, // U+6211
    { 16, 16, 267, 0, 14, 32, 28614 }, // U+6216
    { 16, 16, 267, 0, 14, 32, 28646 }, // U+622A
    { 14, 16, 267, 0, 14, 28, 28678 }, // U+6237
    { 16, 17, 267, 0, 15, 34, 28706 }, // U+623B
    { 17, 16, 267, 0, 14, 34, 28740 }, // U+6240
    { 16, 16, 267, 0, 14, 32, 28774 }, // U+624B
    { 17, 17, 267, 0, 15, 37, 28806 }, // U+6253
    { 17, 17, 267, 0, 15, 37, 28843 }, // U+6269
    { 15, 17, 267, 0, 15, 32, 28880 }, // U+626B
    { 17, 17, 267, 0, 15, 37, 28912 }, // U+627E
    { 16, 15, 267, 0, 13, 30, 28949 }, // U+627F
    { 16, 16, 267, 0, 14, 32, 28979 }, // U+6280
    { 16, 17, 267, 0, 15, 34, 29011 }, // U+6295
    { 16, 17, 267, 0, 15, 34, 29045 }, // U+6297
    { 16, 16, 267, 0, 14, 32, 29079 }, // U+629C
    { 17, 17, 267, 0, 15, 37, 29111 }, // U+629E
    { 16, 17, 267, 0, 15, 34, 29148 }, // U+62A4
    { 16, 16, 267, 0, 14, 32, 29182 }, // U+62A5
    { 16, 15, 267, 0, 14, 30, 29214 }, // U+62BC
    { 16, 17, 267, 0, 15, 34, 29244 }, // U+62C5
    { 16, 17, 267, 0, 15, 34, 29278 }, // U+62C9
    { 16, 17, 267, 0, 15, 34, 29312 }, // U+62E1
    { 17, 17, 267, 0, 15, 37, 29346 }, // U+62E9
    { 17, 17, 267, 0, 15, 37, 29383 }, // U+6301
    { 16, 17, 267, 0, 15, 34, 29420 }, // U+6307
    { 16, 17, 267, 0, 15, 34, 29454 }, // U+6309
    { 17, 16, 267, 0, 14, 34, 29488 }, // U+6357
    { 16, 16, 267, 0, 14, 32, 29522 }, // U+635F
    { 16, 16, 267, 0, 14, 32, 29554 }, // U+6362
    { 17, 15, 267, 0, 14, 32, 29586 }, // U+636E
    { 17, 16, 267, 0, 14, 34, 29618 }, // U+6388
    { 17, 16, 267, 0, 14, 34, 29652 }, // U+6392
    { 17, 17, 267, 0, 15, 37, 29686 }, // U+63A5
    { 16, 17, 267, 0, 15, 34, 29723 }, // U+63A7
    { 16, 17, 267, 0, 15, 34, 29757 }, // U+63C3
    { 17, 16, 267, 0, 14, 34, 29791 }, // U+63CF
    { 17, 17, 267, 0, 15, 37, 29825 }, // U+63D0
    { 17, 16, 267, 0, 14, 34, 29862 }, // U+63D2
    { 17, 16, 267, 0, 14, 34, 29896 }, // U+641C
    { 17, 16, 267, 0, 14, 34, 29930 }, // U+64AD
    { 17, 16, 267, 0, 14, 34, 29964 }, // U+64CD
    { 15, 16, 267, 1, 14, 30, 29998 }, // U+652F
    { 15, 17, 267, 1, 15, 32, 30028 }, // U+6536
    { 16, 16, 267, 0, 14, 32, 30060 }, // U+653E
    { 16, 17, 267, 1, 15, 34, 30092 }, // U+6545
    { 16, 16, 267, 0, 14, 32, 30126 }, // U+6548
    { 17, 16, 267, 0, 14, 34, 30158 }, // U+6557
    { 17, 16, 267, 0, 14, 34, 30192 }, // U+6570
    { 16, 16, 267, 0, 15, 32, 30226 }, // U+6574
    { 16, 17, 267, 0, 15, 34, 30258 }, // U+6587
    { 16, 16, 267, 0, 15, 32, 30292 }, // U+659C
    { 16, 15, 267, 1, 14, 30, 30324 }, // U+65AD
    { 16, 16, 267, 0, 14, 32, 30354 }, // U+65B0
    { 16, 17, 267, 0, 15, 34, 30386 }, // U+65B9
    { 17, 15, 267, 0, 13, 32, 30420 }, // U+65E0
    { 15, 15, 267, 1, 14, 29, 30452 }, // U+65E2
    { 13, 14, 267, 2, 13, 23, 30481 }, // U+65E5
    { 16, 14, 267, 0, 13, 28, 30504 }, // U+65E9
    { 16, 16, 267, 1, 15, 32, 30532 }, // U+65F6
    { 16, 16, 267, 0, 14, 32, 30564 }, // U+660E
    { 15, 14, 267, 1, 13, 27, 30596 }, // U+661F
    { 16, 16, 267, 0, 14, 32, 30623 }, // U+6620
    { 17, 15, 267, 0, 13, 32, 30655 }, // U+662F
    { 17, 14, 267, 0, 13, 30, 30687 }, // U+663E
    { 17, 15, 267, 0, 14, 32, 30717 }, // U+6642
    { 15, 16, 267, 0, 14, 30, 30749 }, // U+667A
    { 15, 17, 267, 1, 15, 32, 30779 }, // U+6682
    { 16, 16, 267, 0, 14, 32, 30811 }, // U+6697
    { 16, 16, 267, 1, 14, 32, 30843 }, // U+66F4
    { 15, 17, 267, 1, 15, 32, 30875 }, // U+66F8
    { 16, 16, 267, 0, 14, 32, 30907 }, // U+66FF
    { 17, 16, 267, 0, 14, 34, 30939 }, // U+6700
    { 15, 15, 267, 0, 13, 29, 30973 }, // U+6708
    { 16, 15, 267, 0, 14, 30, 31002 }, // U+6709
    { 16, 16, 267, 0, 14, 32, 31032 }, // U+670D
    { 16, 17, 267, 0, 15, 34, 31064 }, // U+671F
    { 17, 15, 267, 0, 14, 32, 31098 }, // U+672A
    { 17, 15, 267, 0, 14, 32, 31130 }, // U+672B
    { 16, 15, 267, 0, 14, 30, 31162 }, // U+672C
    { 16, 16, 267, 0, 15, 32, 31192 }, // U+672F
    { 17, 16, 267, 0, 14, 34, 31224 }, // U+673A
    { 17, 16, 267, 0, 14, 34, 31258 }, // U+6743
    { 17, 15, 267, 0, 14, 32, 31292 }, // U+675F
    { 16, 15, 267, 0, 14, 30, 31324 }, // U+6761
    { 17, 15, 267, 0, 14, 32, 31354 }, // U+6765
    { 17, 15, 267, 0, 14, 32, 31386 }, // U+677E
    { 16, 15, 267, 0, 14, 30, 31418 }, // U+6790
    { 16, 15, 267, 1, 14, 30, 31448 }, // U+679C
    { 16, 15, 267, 0, 14, 30, 31478 }, // U+67B6
    { 16, 16, 267, 0, 15, 32, 31508 }, // U+67E5
    { 16, 16, 267, 0, 14, 32, 31540 }, // U+6807
    { 16, 15, 267, 1, 14, 30, 31572 }, // U+680F
    { 16, 16, 267, 0, 14, 32, 31602 }, // U+6821
    { 16, 16, 267, 0, 15, 32, 31634 }, // U+6837
    { 17, 16, 267, 0, 14, 34, 31666 }, // U+6839
    { 17, 16, 267, 0, 14, 34, 31700 }, // U+683C
    { 17, 16, 267, 0, 15, 34, 31734 }, // U+6848
    { 16, 15, 267, 0, 14, 30, 31768 }, // U+6863
    { 16, 16, 267, 0, 15, 32, 31798 }, // U+68C0
    { 16, 16, 267, 0, 15, 32, 31830 }, // U+68DA
    { 17, 16, 267, 0, 14, 34, 31862 }, // U+691C
    { 17, 16, 267, 0, 14, 34, 31896 }, // U+6A19
    { 16, 16, 267, 0, 14, 32, 31930 }, // U+6A21
    { 16, 16, 267, 0, 14, 32, 31962 }, // U+6A2A
    { 17, 17, 267, 0, 15, 37, 31994 }, // U+6A5F
    { 16, 16, 267, 1, 14, 32, 32031 }, // U+6B21
    { 17, 15, 267, 0, 14, 32, 32063 }, // U+6B62
    { 16, 14, 267, 0, 13, 28, 32095 }, // U+6B63
    { 17, 17, 267, 0, 15, 37, 32123 }, // U+6B64
    { 15, 16, 267, 1, 14, 30, 32160 }, // U+6B65
    { 17, 15, 267, 0, 13, 32, 32190 }, // U+6B74
    { 17, 15, 267, 0, 14, 32, 32222 }, // U+6B7B
    { 17, 16, 267, 0, 14, 34, 32254 }, // U+6B8B
    { 16, 17, 267, 0, 15, 34, 32288 }, // U+6BB5
    { 16, 16, 267, 0, 14, 32, 32322 }, // U+6BCF
    { 15, 17, 267, 1, 15, 32, 32354 }, // U+6BD4
    { 15, 16, 267, 1, 14, 30, 32386 }, // U+6C42
    { 16, 15, 267, 1, 14, 30, 32416 }, // U+6C60
    { 16, 16, 267, 1, 14, 32, 32446 }, // U+6C7A
    { 16, 16, 267, 0, 14, 32, 32478 }, // U+6CA1
    { 16, 17, 267, 0, 15, 34, 32510 }, // U+6CD5
    { 17, 17, 267, 0, 15, 37, 32544 }, // U+6CE8
    { 16, 16, 267, 0, 14, 32, 32581 }, // U+6D2A
    { 16, 17, 267, 0, 15, 34, 32613 }, // U+6D41
    { 16, 16, 267, 0, 15, 32, 32647 }, // U+6D45
    { 14, 16, 267, 1, 14, 28, 32679 }, // U+6D4F
    { 16, 15, 267, 0, 14, 30, 32707 }, // U+6D88
    { 16, 15, 267, 0, 14, 30, 32737 }, // U+6DF1
    { 16, 16, 267, 1, 14, 32, 32767 }, // U+6DFB
    { 17, 17, 267, 0, 15, 37, 32799 }, // U+6E05
    { 16, 16, 267, 0, 14, 32, 32836 }, // U+6E08
    { 16, 16, 267, 0, 14, 32, 32868 }, // U+6E83
    { 17, 16, 267, 0, 14, 34, 32900 }, // U+6E90
    { 16, 16, 267, 0, 15, 32, 32934 }, // U+6E96
    { 16, 17, 267, 0, 15, 34, 32966 }, // U+6EE4
    { 17, 16, 267, 0, 14, 34, 33000 }, // U+6EE5
    { 16, 15, 267, 0, 14, 30, 33034 }, // U+70B9
    { 17, 17, 267, 0, 15, 37, 33064 }, // U+70ED
    { 16, 17, 267, 0, 15, 34, 33101 }, // U+7121
    { 16, 16, 267, 0, 14, 32, 33135 }, // U+7136
    { 16, 16, 267, 0, 14, 32, 33167 }, // U+7167
    { 16, 16, 267, 0, 15, 32, 33199 }, // U+7247
    { 16, 17, 267, 0, 15, 34, 33231 }, // U+7248
    { 16, 15, 267, 0, 14, 30, 33265 }, // U+7279
    { 16, 16, 267, 0, 14, 32, 33295 }, // U+72AC
    { 17, 16, 267, 0, 14, 34, 33327 }, // U+72B6
    { 16, 16, 267, 0, 14, 32, 33361 }, // U+72D0
    { 16, 17, 267, 0, 15, 34, 33393 }, // U+72ED
    { 15, 15, 267, 1, 14, 29, 33427 }, // U+7384
    { 16, 15, 267, 0, 14, 30, 33456 }, // U+7387
    { 16, 16, 267, 0, 14, 32, 33486 }, // U+73B0
    { 17, 16, 267, 0, 14, 34, 33518 }, // U+73FE
    { 16, 15, 267, 0, 13, 30, 33552 }, // U+7406
    { 16, 16, 267, 0, 15, 32, 33582 }, // U+751F
    { 16, 15, 267, 0, 13, 30, 33614 }, // U+7528
    { 14, 16, 267, 1, 15, 28, 33644 }, // U+7531
    { 15, 16, 267, 1, 15, 30, 33672 }, // U+7535
    { 14, 14, 267, 2, 13, 25, 33702 }, // U+753B
    { 16, 16, 267, 1, 14, 32, 33727 }, // U+754C
    { 15, 16, 267, 1, 14, 30, 33759 }, // U+7559
    { 17, 16, 267, 0, 14, 34, 33789 }, // U+7565
    { 17, 16, 267, 0, 14, 34, 33823 }, // U+756A
    { 16, 15, 267, 0, 14, 30, 33857 }, // U+767B
    { 13, 15, 267, 2, 14, 25, 33887 }, // U+767D
    { 15, 14, 267, 1, 13, 27, 33912 }, // U+767E
    { 16, 15, 267, 1, 14, 30, 33939 }, // U+7684
    { 16, 16, 267, 0, 15, 32, 33969 }, // U+76D8
    { 12, 14, 267, 2, 13, 21, 34001 }, // U+76EE
    { 16, 16, 267, 0, 14, 32, 34022 }, // U+76F8
    { 16, 16, 267, 0, 14, 32, 34054 }, // U+7701
    { 16, 15, 267, 0, 14, 30, 34086 }, // U+770B
    { 15, 16, 267, 1, 14, 30, 34116 }, // U+7720
    { 15, 17, 267, 0, 15, 32, 34146 }, // U+77E5
    { 17, 15, 267, 0, 14, 32, 34178 }, // U+77ED
    { 16, 14, 267, 0, 13, 28, 34210 }, // U+7801
    { 17, 15, 267, 0, 13, 32, 34238 }, // U+7814
    { 16, 16, 267, 0, 14, 32, 34270 }, // U+7834
    { 16, 17, 267, 0, 15, 34, 34302 }, // U+786E
    { 16, 15, 267, 0, 14, 30, 34336 }, // U+78BA
    { 16, 14, 267, 0, 13, 28, 34366 }, // U+793A
    { 18, 16, 267, -1, 15, 36, 34394 }, // U+793E
    { 16, 16, 267, 0, 14, 32, 34430 }, // U+7981
    { 17, 16, 267, 0, 14, 34, 34462 }, // U+79D2
    { 16, 15, 267, 0, 14, 30, 34496 }, // U+79F0
    { 16, 16, 267, 0, 14, 32, 34526 }, // U+79FB
    { 17, 15, 267, 0, 14, 32, 34558 }, // U+7A0B
    { 16, 16, 267, 0, 15, 32, 34590 }, // U+7A33
    { 16, 17, 267, 0, 15, 34, 34622 }, // U+7A76
    { 15, 16, 267, 1, 15, 30, 34656 }, // U+7A7A
    { 15, 16, 267, 1, 15, 30, 34686 }, // U+7A97
    { 15, 16, 267, 1, 15, 30, 34716 }, // U+7ACB
    { 15, 15, 267, 1, 14, 29, 34746 }, // U+7AD6
    { 16, 15, 267, 0, 14, 30, 34775 }, // U+7AE0
    { 16, 16, 267, 0, 14, 32, 34805 }, // U+7AEF
    { 16, 16, 267, 1, 14, 32, 34837 }, // U+7B26
    { 16, 17, 267, 0, 15, 34, 34869 }, // U+7B2C
    { 16, 15, 267, 0, 14, 30, 34903 }, // U+7B49
    { 16, 15, 267, 0, 14, 30, 34933 }, // U+7B54
    { 16, 15, 267, 0, 14, 30, 34963 }, // U+7B7E
    { 14, 15, 267, 1, 14, 27, 34993 }, // U+7B80
    { 16, 17, 267, 0, 15, 34, 35020 }, // U+7B97
    { 16, 17, 267, 0, 15, 34, 35054 }, // U+7BA1
    { 16, 16, 267, 0, 15, 32, 35088 }, // U+7BC4
    { 16, 16, 267, 0, 15, 32, 35120 }, // U+7C4D
    { 17, 15, 267, 0, 14, 32, 35152 }, // U+7C97
    { 17, 16, 267, 0, 14, 34, 35184 }, // U+7CCA
    { 15, 15, 267, 1, 14, 29, 35218 }, // U+7CFB
    { 16, 17, 267, 0, 15, 34, 35247 }, // U+7D20
    { 15, 16, 267, 1, 14, 30, 35281 }, // U+7D22
    { 15, 16, 267, 1, 14, 30, 35311 }, // U+7D27
    { 15, 15, 267, 1, 14, 29, 35341 }, // U+7D2F
    { 17, 16, 267, 0, 15, 34, 35370 }, // U+7D30
    { 16, 16, 267, 0, 14, 32, 35404 }, // U+7D42
    { 17, 16, 267, 0, 14, 34, 35436 }, // U+7D4C
    { 16, 17, 267, 0, 15, 34, 35470 }, // U+7D71
    { 16, 16, 267, 0, 14, 32, 35504 }, // U+7D9A
    { 16, 15, 267, 0, 14, 30, 35536 }, // U+7DDA
    { 16, 16, 267, 0, 14, 32, 35566 }, // U+7E26
    { 16, 16, 267, 0, 14, 32, 35598 }, // U+7E3E
    { 17, 16, 267, 0, 15, 34, 35630 }, // U+7EBF
    { 16, 16, 267, 0, 15, 32, 35664 }, // U+7EC6
    { 17, 16, 267, 0, 14, 34, 35696 }, // U+7EC8
    { 16, 15, 267, 0, 14, 30, 35730 }, // U+7ECF
    { 16, 17, 267, 0, 15, 34, 35760 }, // U+7ED3
    { 17, 15, 267, 0, 14, 32, 35794 }, // U+7EDC
    { 16, 16, 267, 0, 14, 32, 35826 }, // U+7EDF
    { 16, 15, 267, 0, 15, 30, 35858 }, // U+7EE7
    { 16, 16, 267, 0, 14, 32, 35888 }, // U+7EED
    { 17, 15, 267, 0, 14, 32, 35920 }, // U+7EF4
    { 17, 16, 267, 0, 14, 34, 35952 }, // U+7F13
    { 16, 16, 267, 0, 14, 32, 35986 }, // U+7F16
    { 16, 16, 267, 0, 14, 32, 36018 }, // U+7F29
    { 15, 14, 267, 1, 13, 27, 36050 }, // U+7F51
    { 15, 14, 267, 1, 13, 27, 36077 }, // U+7F6E
    { 14, 14, 267, 1, 13, 25, 36104 }, // U+7FD2
    { 16, 15, 267, 1, 14, 30, 36129 }, // U+7FFB
    { 17, 17, 267, 0, 15, 37, 36159 }, // U+8005
    { 16, 16, 267, 0, 14, 32, 36196 }, // U+8010
    { 16, 16, 267, 1, 15, 32, 36228 }, // U+80FD
    { 16, 16, 267, 0, 14, 32, 36260 }, // U+811A
    { 13, 16, 267, 2, 15, 26, 36292 }, // U+81EA
    { 17, 17, 267, 0, 15, 37, 36318 }, // U+822C
    { 16, 15, 267, 0, 14, 30, 36355 }, // U+8272
    { 17, 15, 267, 0, 14, 32, 36385 }, // U+8282
    { 17, 16, 267, 0, 15, 34, 36417 }, // U+82AF
    { 16, 16, 267, 0, 14, 32, 36451 }, // U+82E5
    { 17, 16, 267, 0, 14, 34, 36483 }, // U+82F1
    { 16, 16, 267, 0, 14, 32, 36517 }, // U+8303
    { 16, 16, 267, 0, 14, 32, 36549 }, // U+8304
    { 16, 16, 267, 1, 14, 32, 36581 }, // U+8336
    { 16, 16, 267, 0, 14, 32, 36613 }, // U+8352
    { 16, 17, 267, 0, 15, 34, 36645 }, // U+83B7
    { 17, 17, 267, 0, 15, 37, 36679 }, // U+83DC
    { 16, 16, 267, 0, 14, 32, 36716 }, // U+8425
    { 17, 16, 267, 0, 15, 34, 36748 }, // U+843D
    { 17, 16, 267, 0, 14, 34, 36782 }, // U+8535
    { 16, 16, 267, 0, 15, 32, 36816 }, // U+8584
    { 17, 17, 267, 0, 15, 37, 36848 }, // U+85CF
    { 16, 15, 267, 0, 14, 30, 36885 }, // U+884C
    { 16, 16, 267, 0, 14, 32, 36915 }, // U+8868
    { 17, 16, 267, 0, 14, 34, 36947 }, // U+88C1
    { 16, 16, 267, 0, 14, 32, 36981 }, // U+88C5
    { 16, 16, 267, 0, 14, 32, 37013 }, // U+88DC
    { 17, 16, 267, 0, 14, 34, 37045 }, // U+892A
    { 16, 16, 267, 0, 14, 32, 37079 }, // U+8981
    { 17, 16, 267, -1, 14, 34, 37111 }, // U+8996
    { 16, 16, 267, 1, 14, 32, 37145 }, // U+89A7
    { 16, 16, 267, 1, 14, 32, 37177 }, // U+89C4
    { 15, 16, 267, 1, 14, 30, 37209 }, // U+89C8
    { 17, 16, 267, 0, 14, 34, 37239 }, // U+89E3
    { 15, 16, 267, 1, 14, 30, 37273 }, // U+8A00
    { 15, 15, 267, 1, 14, 29, 37303 }, // U+8A08
    { 17, 16, 267, 0, 15, 34, 37332 }, // U+8A18
    { 17, 16, 267, 0, 14, 34, 37366 }, // U+8A2D
    { 16, 16, 267, 1, 15, 32, 37400 }, // U+8A3C
    { 17, 15, 267, 0, 14, 32, 37432 }, // U+8A66
    { 16, 16, 267, 1, 15, 32, 37464 }, // U+8A73
    { 16, 15, 267, 1, 14, 30, 37496 }, // U+8A8D
    { 15, 16, 267, 1, 14, 30, 37526 }, // U+8A9E
    { 17, 16, 267, 0, 14, 34, 37556 }, // U+8AAD
    { 16, 15, 267, 0, 14, 30, 37590 }, // U+8BA1
    { 17, 16, 267, 0, 14, 34, 37620 }, // U+8BA2
    { 17, 17, 267, 0, 15, 37, 37654 }, // U+8BA4
    { 16, 15, 267, 0, 14, 30, 37691 }, // U+8BB0
    { 16, 16, 267, 0, 14, 32, 37721 }, // U+8BBE
    { 16, 15, 267, 0, 14, 30, 37753 }, // U+8BC1
    { 16, 15, 267, 0, 14, 30, 37783 }, // U+8BC4
    { 16, 16, 267, 0, 14, 32, 37813 }, // U+8BC6
    { 16, 15, 267, 0, 14, 30, 37845 }, // U+8BCD
    { 16, 16, 267, 0, 14, 32, 37875 }, // U+8BD5
    { 17, 16, 267, 0, 14, 34, 37907 }, // U+8BE2
    { 16, 17, 267, 0, 15, 34, 37941 }, // U+8BE5
    { 16, 16, 267, 0, 15, 32, 37975 }, // U+8BE6
    { 16, 16, 267, 0, 14, 32, 38007 }, // U+8BED
    { 16, 16, 267, 0, 14, 32, 38039 }, // U+8BEF
    { 16, 17, 267, 0, 15, 34, 38071 }, // U+8BF7
    { 16, 16, 267, 0, 14, 32, 38105 }, // U+8BFB
    { 15, 17, 267, 1, 15, 32, 38137 }, // U+8D23
    { 16, 16, 267, 0, 14, 32, 38169 }, // U+8D25
    { 16, 16, 267, 0, 14, 32, 38201 }, // U+8D26
    { 16, 17, 267, 0, 15, 34, 38233 }, // U+8D5E
    { 17, 16, 267, 0, 14, 34, 38267 }, // U+8D77
    { 17, 17, 267, 0, 15, 37, 38301 }, // U+8D85
    { 17, 16, 267, 0, 14, 34, 38338 }, // U+8D8A
    { 17, 15, 267, 0, 13, 32, 38372 }, // U+8DB3
    { 17, 15, 267, 0, 14, 32, 38404 }, // U+8DDD
    { 17, 15, 267, 0, 13, 32, 38436 }, // U+8DDF
    { 16, 16, 267, 0, 14, 32, 38468 }, // U+8DF3
    { 16, 15, 267, 0, 14, 30, 38500 }, // U+8EE2
    { 16, 16, 267, 0, 14, 32, 38530 }, // U+8F6C
    { 16, 15, 267, 0, 14, 30, 38562 }, // U+8F6E
    { 16, 17, 267, 0, 15, 34, 38592 }, // U+8F7D
    { 17, 16, 267, 0, 15, 34, 38626 }, // U+8F91
    { 16, 16, 267, 0, 14, 32, 38660 }, // U+8F93
    { 16, 15, 267, 0, 14, 30, 38692 }, // U+8F9E
    { 17, 16, 267, 0, 14, 34, 38722 }, // U+8FB9
    { 16, 15, 267, 0, 14, 30, 38756 }, // U+8FBC
    { 16, 16, 267, 0, 15, 32, 38786 }, // U+8FBE
    { 16, 15, 267, 0, 14, 30, 38818 }, // U+8FC7
    { 17, 15, 267, 0, 13, 32, 38848 }, // U+8FD0
    { 16, 15, 267, 0, 14, 30, 38880 }, // U+8FD1
    { 16, 15, 267, 0, 14, 30, 38910 }, // U+8FD4
    { 16, 16, 267, 0, 14, 32, 38940 }, // U+8FD8
    { 16, 16, 267, 0, 14, 32, 38972 }, // U+8FD9
    { 16, 15, 267, 0, 14, 30, 39004 }, // U+8FDB
    { 16, 15, 267, 0, 13, 30, 39034 }, // U+8FDC
    { 17, 16, 267, 0, 14, 34, 39064 }, // U+8FDE
    { 16, 16, 267, 0, 15, 32, 39098 }, // U+8FF0
    { 16, 16, 267, 0, 14, 32, 39130 }, // U+8FFD
    { 16, 15, 267, 0, 14, 30, 39162 }, // U+9000
    { 17, 17, 267, 0, 15, 37, 39192 }, // U+9001
    { 16, 15, 267, 0, 14, 30, 39229 }, // U+9002
    { 17, 17, 267, 0, 15, 37, 39259 }, // U+9006
    { 17, 17, 267, 0, 15, 37, 39296 }, // U+9009
    { 17, 16, 267, 0, 14, 34, 39333 }, // U+9014
    { 17, 16, 267, 0, 14, 34, 39367 }, // U+901A
    { 17, 16, 267, 0, 14, 34, 39401 }, // U+901F
    { 17, 16, 267, 0, 14, 34, 39435 }, // U+9023
    { 17, 16, 267, 0, 14, 34, 39469 }, // U+9032
    { 17, 16, 267, 0, 14, 34, 39503 }, // U+904E
    { 16, 16, 267, 0, 14, 32, 39537 }, // U+9075
    { 16, 15, 267, 0, 13, 30, 39569 }, // U+9078
    { 15, 15, 267, 1, 14, 29, 39599 }, // U+90E8
    { 17, 15, 267, 0, 14, 32, 39628 }, // U+90FD
    { 16, 15, 267, 1, 14, 30, 39660 }, // U+914D
    { 16, 16, 267, 0, 14, 32, 39690 }, // U+91C8
    { 16, 16, 267, 0, 14, 32, 39722 }, // U+91CD
    { 16, 15, 267, 0, 14, 30, 39754 }, // U+91CF
    { 17, 16, 267, 0, 14, 34, 39784 }, // U+9332
    { 16, 15, 267, 0, 14, 30, 39818 }, // U+9488
    { 15, 15, 267, 1, 14, 29, 39848 }, // U+949F
    { 17, 16, 267, 0, 14, 34, 39877 }, // U+94FE
    { 17, 17, 267, 0, 15, 37, 39911 }, // U+9501
    { 16, 15, 267, 0, 14, 30, 39948 }, // U+9505
    { 16, 17, 267, 1, 15, 34, 39978 }, // U+9519
    { 17, 16, 267, 0, 14, 34, 40012 }, // U+952E
    { 16, 16, 267, 0, 14, 32, 40046 }, // U+952F
    { 16, 17, 267, 0, 15, 34, 40078 }, // U+955C
    { 16, 15, 267, 1, 13, 30, 40112 }, // U+9577
    { 16, 16, 267, 0, 14, 32, 40142 }, // U+957F
    { 16, 15, 267, 1, 13, 30, 40174 }, // U+958B
    { 16, 15, 267, 1, 13, 30, 40204 }, // U+9593
    { 16, 15, 267, 1, 13, 30, 40234 }, // U+95B2
    { 14, 15, 267, 1, 14, 27, 40264 }, // U+95E8
    { 14, 16, 267, 2, 14, 28, 40291 }, // U+95ED
    { 14, 16, 267, 2, 14, 28, 40319 }, // U+95EE
    { 14, 15, 267, 2, 14, 27, 40347 }, // U+95F4
    { 14, 16, 267, 2, 14, 28, 40374 }, // U+9605
    { 15, 15, 267, 1, 14, 29, 40402 }, // U+9633
    { 15, 16, 267, 1, 14, 30, 40431 }, // U+9636
    { 15, 16, 267, 1, 14, 30, 40461 }, // U+9644
    { 15, 15, 267, 2, 14, 29, 40491 }, // U+9650
    { 15, 16, 267, 1, 14, 30, 40520 }, // U+9664
    { 16, 15, 267, 1, 14, 30, 40550 }, // U+9669
    { 16, 17, 267, 1, 15, 34, 40580 }, // U+968E
    { 16, 16, 267, 1, 14, 32, 40614 }, // U+968F
    { 15, 16, 267, 1, 14, 30, 40646 }, // U+9690
    { 15, 16, 267, 1, 14, 30, 40676 }, // U+9694
    { 15, 16, 267, 1, 15, 30, 40706 }, // U+969C
    { 15, 16, 267, 1, 14, 30, 40736 }, // U+96A0
    { 16, 16, 267, 0, 14, 32, 40766 }, // U+96B6
    { 17, 16, 267, 0, 15, 34, 40798 }, // U+96C6
    { 16, 16, 267, 0, 15, 32, 40832 }, // U+96E3
    { 15, 15, 267, 1, 14, 29, 40864 }, // U+96FB
    { 15, 16, 267, 1, 14, 30, 40893 }, // U+9700
    { 17, 15, 267, 0, 14, 32, 40923 }, // U+975E
    { 15, 14, 267, 1, 13, 27, 40955 }, // U+9762
    { 15, 16, 267, 1, 14, 30, 40982 }, // U+97F3
    { 17, 14, 267, 0, 13, 30, 41012 }, // U+9805
    { 17, 16, 267, 0, 14, 34, 41042 }, // U+983B
    { 16, 15, 267, 0, 13, 30, 41076 }, // U+9875
    { 17, 16, 267, 0, 14, 34, 41106 }, // U+9876
    { 16, 15, 267, 0, 13, 30, 41140 }, // U+9879
    { 16, 16, 267, 0, 14, 32, 41170 }, // U+987A
    { 16, 15, 267, 0, 14, 30, 41202 }, // U+9884
    { 17, 16, 267, 0, 14, 34, 41232 }, // U+9891
    { 17, 16, 267, 0, 14, 34, 41266 }, // U+9898
    { 17, 17, 267, 0, 15, 37, 41300 }, // U+989D
    { 17, 15, 267, 0, 13, 32, 41337 }, // U+98CE
    { 17, 15, 267, 0, 13, 32, 41369 }, // U+98DB
    { 16, 16, 267, 0, 14, 32, 41401 }, // U+996D
    { 16, 16, 267, 0, 14, 32, 41433 }, // U+9988
    { 17, 16, 267, 0, 14, 34, 41465 }, // U+9A8C
    { 17, 16, 267, 0, 14, 34, 41499 }, // U+9EC4
    { 17, 16, 267, 0, 14, 34, 41533 }, // U+9ED8
    { 16, 15, 267, 0, 14, 30, 41567 }, // U+9F50
    { 16, 15, 267, 1, 14, 30, 41597 }, // U+9F7F
    { 13, 13, 184, 0, 13, 22, 41627 }, // U+FB00
    { 9, 13, 161, 0, 13, 15, 41649 }, // U+FB01
    { 9, 13, 161, 0, 13, 15, 41664 }, // U+FB02
    { 15, 13, 252, 0, 13, 25, 41679 }, // U+FB03
    { 15, 13, 252, 0, 13, 25, 41704 }, // U+FB04
    { 10, 14, 180, 1, 13, 18, 41729 }, // U+FB05
    { 14, 14, 224, 0, 13, 25, 41747 }, // U+FB06
    { 3, 13, 267, 3, 13, 5, 41772 }, // U+FF01
    { 5, 5, 267, 6, 15, 4, 41777 }, // U+FF02
    { 12, 13, 267, 2, 13, 20, 41781 }, // U+FF03
    { 9, 17, 267, 3, 15, 20, 41801 }, // U+FF04
    { 13, 13, 267, 2, 13, 22, 41821 }, // U+FF05
    { 11, 14, 267, 3, 13, 20, 41843 }, // U+FF06
    { 3, 5, 267, 7, 15, 2, 41863 }, // U+FF07
    { 4, 17, 267, 12, 15, 9, 41865 }, // U+FF08
    { 5, 17, 267, 0, 15, 11, 41874 }, // U+FF09
    { 13, 13, 267, 2, 13, 22, 41885 }, // U+FF0A
    { 13, 13, 267, 2, 13, 22, 41907 }, // U+FF0B
    { 4, 6, 267, 1, 4, 3, 41929 }, // U+FF0C
    { 13, 1, 267, 2, 7, 2, 41932 }, // U+FF0D
    { 2, 2, 267, 2, 2, 1, 41934 }, // U+FF0E
    { 16, 16, 267, 0, 14, 32, 41935 }, // U+FF0F
    { 9, 13, 267, 4, 13, 15, 41967 }, // U+FF10
    { 8, 13, 267, 5, 13, 13, 41982 }, // U+FF11
    { 10, 13, 267, 3, 13, 17, 41995 }, // U+FF12
    { 10, 13, 267, 3, 13, 17, 42012 }, // U+FF13
    { 10, 14, 267, 3, 13, 18, 42029 }, // U+FF14
    { 9, 12, 267, 4, 12, 14, 42047 }, // U+FF15
    { 9, 13, 267, 3, 13, 15, 42061 }, // U+FF16
    { 9, 13, 267, 4, 12, 15, 42076 }, // U+FF17
    { 9, 13, 267, 4, 13, 15, 42091 }, // U+FF18
    { 9, 13, 267, 4, 13, 15, 42106 }, // U+FF19
    { 2, 10, 267, 3, 10, 3, 42121 }, // U+FF1A
    { 4, 13, 267, 2, 10, 7, 42124 }, // U+FF1B
    { 14, 14, 267, 1, 13, 25, 42131 }, // U+FF1C
    { 13, 5, 267, 2, 9, 9, 42156 }, // U+FF1D
    { 13, 14, 267, 2, 13, 23, 42165 }, // U+FF1E
    { 7, 13, 267, 0, 13, 12, 42188 }, // U+FF1F
    { 13, 15, 267, 2, 14, 25, 42200 }, // U+FF20
    { 12, 14, 267, 2, 13, 21, 42225 }, // U+FF21
    { 10, 12, 267, 4, 12, 15, 42246 }, // U+FF22
    { 11, 13, 267, 3, 13, 18, 42261 }, // U+FF23
    { 10, 12, 267, 4, 12, 15, 42279 }, // U+FF24
    { 8, 12, 267, 5, 12, 12, 42294 }, // U+FF25
    { 8, 13, 267, 5, 12, 13, 42306 }, // U+FF26
    { 10, 13, 267, 3, 13, 17, 42319 }, // U+FF27
    { 10, 13, 267, 4, 13, 17, 42336 }, // U+FF28
    { 8, 12, 267, 4, 12, 12, 42353 }, // U+FF29
    { 7, 13, 267, 4, 13, 12, 42365 }, // U+FF2A
    { 10, 13, 267, 4, 13, 17, 42377 }, // U+FF2B
    { 8, 13, 267, 5, 13, 13, 42394 }, // U+FF2C
    { 11, 13, 267, 3, 13, 18, 42407 }, // U+FF2D
    { 10, 13, 267, 4, 13, 17, 42425 }, // U+FF2E
    { 12, 13, 267, 2, 13, 20, 42442 }, // U+FF2F
    { 9, 13, 267, 4, 12, 15, 42462 }, // U+FF30
    { 12, 16, 267, 2, 13, 24, 42477 }, // U+FF31
    { 9, 13, 267, 4, 12, 15, 42501 }, // U+FF32
    { 10, 13, 267, 3, 13, 17, 42516 }, // U+FF33
    { 10, 13, 267, 3, 12, 17, 42533 }, // U+FF34
    { 10, 13, 267, 4, 13, 17, 42550 }, // U+FF35
    { 11, 13, 267, 3, 13, 18, 42567 }, // U+FF36
    { 16, 13, 267, 0, 13, 26, 42585 }, // U+FF37
    { 10, 13, 267, 3, 13, 17, 42611 }, // U+FF38
    { 10, 13, 267, 3, 13, 17, 42628 }, // U+FF39
    { 11, 12, 267, 3, 12, 17, 42645 }, // U+FF3A
    { 5, 15, 267, 12, 14, 10, 42662 }, // U+FF3B
    { 16, 16, 267, 0, 14, 32, 42672 }, // U+FF3C
    { 5, 15, 267, 0, 14, 10, 42704 }, // U+FF3D
    { 5, 3, 267, 6, 16, 2, 42714 }, // U+FF3E
    { 17, 1, 267, 0, -1, 3, 42716 }, // U+FF3F
    { 3, 2, 267, 6, 15, 1, 42719 }, // U+FF40
    { 8, 9, 267, 4, 9, 9, 42720 }, // U+FF41
    { 9, 14, 267, 4, 14, 16, 42729 }, // U+FF42
    { 9, 9, 267, 4, 9, 11, 42745 }, // U+FF43
    { 9, 14, 267, 4, 14, 16, 42756 }, // U+FF44
    { 9, 9, 267, 4, 9, 11, 42772 }, // U+FF45
    { 9, 15, 267, 5, 14, 17, 42783 }, // U+FF46
    { 10, 14, 267, 4, 10, 18, 42800 }, // U+FF47
    { 8, 14, 267, 5, 14, 14, 42818 }, // U+FF48
    { 3, 13, 267, 7, 13, 5, 42832 }, // U+FF49
    { 8, 17, 267, 3, 13, 17, 42837 }, // U+FF4A
    { 8, 14, 267, 5, 14, 14, 42854 }, // U+FF4B
    { 5, 14, 267, 8, 14, 9, 42868 }, // U+FF4C
    { 14, 9, 267, 2, 9, 16, 42877 }, // U+FF4D
    { 8, 9, 267, 5, 9, 9, 42893 }, // U+FF4E
    { 9, 9, 267, 4, 9, 11, 42902 }, // U+FF4F
    { 9, 14, 267, 4, 10, 16, 42913 }, // U+FF50
    { 9, 14, 267, 4, 10, 16, 42929 }, // U+FF51
    { 7, 9, 267, 6, 9, 8, 42945 }, // U+FF52
    { 9, 9, 267, 4, 9, 11, 42953 }, // U+FF53
    { 9, 12, 267, 4, 12, 14, 42964 }, // U+FF54
    { 8, 10, 267, 4, 10, 10, 42978 }, // U+FF55
    { 9, 9, 267, 4, 9, 11, 42988 }, // U+FF56
    { 14, 9, 267, 1, 9, 16, 42999 }, // U+FF57
    { 9, 9, 267, 4, 9, 11, 43015 }, // U+FF58
    { 9, 14, 267, 4, 10, 16, 43026 }, // U+FF59
    { 9, 9, 267, 4, 9, 11, 43042 }, // U+FF5A
    { 5, 16, 267, 11, 15, 10, 43053 }, // U+FF5B
    { 1, 17, 267, 8, 15, 3, 43063 }, // U+FF5C
    { 5, 16, 267, 0, 15, 10, 43066 }, // U+FF5D
    { 16, 4, 267, 0, 8, 8, 43076 }, // U+FF5E
    { 7, 17, 267, 10, 15, 15, 43084 }, // U+FF5F
    { 7, 17, 267, 0, 15, 15, 43099 }, // U+FF60
    { 5, 5, 133, 0, 4, 4, 43114 }, // U+FF61
    { 6, 12, 133, 2, 14, 9, 43118 }, // U+FF62
    { 6, 12, 133, 0, 11, 9, 43127 }, // U+FF63
    { 5, 5, 133, 0, 4, 4, 43136 }, // U+FF64
    { 3, 3, 133, 3, 8, 2, 43140 }, // U+FF65
    { 7, 13, 133, 1, 12, 12, 43142 }, // U+FF66
    { 7, 10, 133, 1, 9, 9, 43154 }, // U+FF67
    { 6, 11, 133, 1, 10, 9, 43163 }, // U+FF68
    { 6, 12, 133, 1, 11, 9, 43172 }, // U+FF69
    { 7, 10, 133, 1, 9, 9, 43181 }, // U+FF6A
    { 7, 11, 133, 1, 10, 10, 43190 }, // U+FF6B
    { 6, 11, 133, 1, 10, 9, 43200 }, // U+FF6C
    { 7, 9, 133, 1, 8, 8, 43209 }, // U+FF6D
    { 6, 10, 133, 1, 9, 8, 43217 }, // U+FF6E
    { 6, 10, 133, 1, 9, 8, 43225 }, // U+FF6F
    { 7, 2, 133, 1, 7, 2, 43233 }, // U+FF70
    { 7, 13, 133, 1, 12, 12, 43235 }, // U+FF71
    { 7, 14, 133, 0, 13, 13, 43247 }, // U+FF72
    { 7, 14, 133, 1, 13, 13, 43260 }, // U+FF73
    { 9, 12, 133, 0, 12, 14, 43273 }, // U+FF74
    { 9, 13, 133, 0, 13, 15, 43287 }, // U+FF75
    { 8, 14, 133, 0, 13, 14, 43302 }, // U+FF76
    { 8, 14, 133, 0, 13, 14, 43316 }, // U+FF77
    { 7, 14, 133, 1, 14, 13, 43330 }, // U+FF78
    { 8, 15, 133, 0, 14, 15, 43343 }, // U+FF79
    { 7, 11, 133, 1, 11, 10, 43358 }, // U+FF7A
    { 8, 14, 133, 0, 13, 14, 43368 }, // U+FF7B
    { 7, 14, 133, 1, 13, 13, 43382 }, // U+FF7C
    { 7, 13, 133, 1, 12, 12, 43395 }, // U+FF7D
    { 8, 13, 133, 0, 13, 13, 43407 }, // U+FF7E
    { 7, 13, 133, 1, 12, 12, 43420 }, // U+FF7F
    { 8, 15, 133, 0, 14, 15, 43432 }, // U+FF80
    { 8, 14, 133, 0, 13, 14, 43447 }, // U+FF81
    { 8, 13, 133, 0, 12, 13, 43461 }, // U+FF82
    { 8, 13, 133, 0, 12, 13, 43474 }, // U+FF83
    { 5, 13, 133, 2, 13, 9, 43487 }, // U+FF84
    { 8, 14, 133, 0, 13, 14, 43496 }, // U+FF85
    { 7, 10, 133, 1, 11, 9, 43510 }, // U+FF86
    { 6, 13, 133, 1, 12, 10, 43519 }, // U+FF87
    { 8, 15, 133, 0, 14, 15, 43529 }, // U+FF88
    { 6, 13, 133, 1, 12, 10, 43544 }, // U+FF89
    { 8, 12, 133, 0, 12, 12, 43554 }, // U+FF8A
    { 7, 14, 133, 1, 13, 13, 43566 }, // U+FF8B
    { 7, 12, 133, 1, 11, 11, 43579 }, // U+FF8C
    { 8, 11, 133, 0, 11, 11, 43590 }, // U+FF8D
    { 8, 13, 133, 0, 13, 13, 43601 }, // U+FF8E
    { 8, 12, 133, 0, 11, 12, 43614 }, // U+FF8F
    { 6, 14, 133, 1, 13, 11, 43626 }, // U+FF90
    { 8, 14, 133, 0, 13, 14, 43637 }, // U+FF91
    { 6, 14, 133, 1, 13, 11, 43651 }, // U+FF92
    { 8, 12, 133, 0, 12, 12, 43662 }, // U+FF93
    { 8, 14, 133, 0, 13, 14, 43674 }, // U+FF94
    { 8, 11, 133, 0, 11, 11, 43688 }, // U+FF95
    { 7, 12, 133, 1, 12, 11, 43699 }, // U+FF96
    { 7, 13, 133, 1, 12, 12, 43710 }, // U+FF97
    { 6, 14, 133, 1, 13, 11, 43722 }, // U+FF98
    { 9, 13, 133, 0, 12, 15, 43733 }, // U+FF99
    { 7, 12, 133, 1, 12, 11, 43748 }, // U+FF9A
    { 7, 12, 133, 1, 12, 11, 43759 }, // U+FF9B
    { 7, 13, 133, 1, 12, 12, 43770 }, // U+FF9C
    { 7, 12, 133, 1, 12, 11, 43782 }, // U+FF9D
    { 4, 5, 133, 0, 15, 3, 43793 }, // U+FF9E
    { 4, 4, 133, 0, 14, 2, 43796 }, // U+FF9F
    { 10, 8, 245, 2, 10, 10, 43798 }, // U+FFA1
    { 12, 8, 245, 2, 10, 12, 43808 }, // U+FFA2
    { 12, 9, 245, 2, 11, 14, 43820 }, // U+FFA3
    { 10, 9, 245, 3, 10, 12, 43834 }, // U+FFA4
    { 11, 10, 245, 3, 11, 14, 43846 }, // U+FFA5
    { 11, 9, 245, 3, 11, 13, 43860 }, // U+FFA6
    { 10, 8, 245, 3, 10, 10, 43873 }, // U+FFA7
    { 10, 8, 245, 3, 10, 10, 43883 }, // U+FFA8
    { 10, 9, 245, 3, 10, 12, 43893 }, // U+FFA9
    { 11, 8, 245, 2, 10, 11, 43905 }, // U+FFAA
    { 11, 8, 245, 2, 10, 11, 43916 }, // U+FFAB
    { 11, 9, 245, 2, 11, 13, 43927 }, // U+FFAC
    { 12, 9, 245, 2, 11, 14, 43940 }, // U+FFAD
    { 12, 8, 245, 2, 10, 12, 43954 }, // U+FFAE
    { 12, 8, 245, 2, 10, 12, 43966 }, // U+FFAF
    { 12, 9, 245, 2, 11, 14, 43978 }, // U+FFB0
    { 10, 8, 245, 3, 10, 10, 43992 }, // U+FFB1
    { 9, 9, 245, 3, 11, 11, 44002 }, // U+FFB2
    { 10, 9, 245, 3, 11, 12, 44013 }, // U+FFB3
    { 11, 9, 245, 3, 11, 13, 44025 }, // U+FFB4
    { 11, 9, 245, 2, 11, 13, 44038 }, // U+FFB5
    { 12, 8, 245, 2, 10, 12, 44051 }, // U+FFB6
    { 9, 8, 245, 3, 10, 9, 44063 }, // U+FFB7
    { 11, 9, 245, 2, 11, 13, 44072 }, // U+FFB8
    { 12, 10, 245, 2, 11, 15, 44085 }, // U+FFB9
    { 11, 11, 245, 2, 12, 16, 44100 }, // U+FFBA
    { 11, 8, 245, 2, 10, 11, 44116 }, // U+FFBB
    { 10, 8, 245, 3, 10, 10, 44127 }, // U+FFBC
    { 11, 10, 245, 2, 11, 14, 44137 }, // U+FFBD
    { 11, 10, 245, 2, 11, 14, 44151 }, // U+FFBE
    { 6, 15, 245, 6, 14, 12, 44165 }, // U+FFC2
    { 6, 15, 245, 5, 14, 12, 44177 }, // U+FFC3
    { 6, 15, 245, 5, 14, 12, 44189 }, // U+FFC4
    { 6, 15, 245, 5, 14, 12, 44201 }, // U+FFC5
    { 5, 15, 245, 5, 14, 10, 44213 }, // U+FFC6
    { 8, 15, 245, 3, 14, 15, 44223 }, // U+FFC7
    { 5, 15, 245, 5, 14, 10, 44238 }, // U+FFCA
    { 8, 16, 245, 3, 14, 16, 44248 }, // U+FFCB
    { 15, 8, 245, 0, 11, 15, 44264 }, // U+FFCC
    { 15, 15, 245, 0, 14, 29, 44279 }, // U+FFCD
    { 13, 15, 245, 1, 14, 25, 44308 }, // U+FFCE
    { 12, 15, 245, 1, 14, 23, 44333 }, // U+FFCF
    { 14, 9, 245, 1, 11, 16, 44356 }, // U+FFD2
    { 15, 8, 245, 0, 9, 15, 44372 }, // U+FFD3
    { 13, 15, 245, 1, 14, 25, 44387 }, // U+FFD4
    { 13, 15, 245, 1, 14, 25, 44412 }, // U+FFD5
    { 12, 15, 245, 1, 14, 23, 44437 }, // U+FFD6
    { 14, 8, 245, 1, 9, 14, 44460 }, // U+FFD7
    { 14, 1, 245, 1, 7, 2, 44474 }, // U+FFDA
    { 12, 15, 245, 1, 14, 23, 44476 }, // U+FFDB
    { 1, 15, 245, 7, 14, 2, 44499 }, // U+FFDC
    { 9, 14, 267, 4, 13, 16, 44501 }, // U+FFE0
    { 9, 12, 267, 4, 12, 14, 44517 }, // U+FFE1
    { 14, 6, 267, 1, 9, 11, 44531 }, // U+FFE2
    { 17, 1, 267, 0, 15, 3, 44542 }, // U+FFE3
    { 1, 15, 267, 8, 14, 2, 44545 }, // U+FFE4
    { 11, 14, 267, 3, 13, 20, 44547 }, // U+FFE5
    { 14, 13, 267, 1, 12, 23, 44567 }, // U+FFE6
    { 1, 19, 133, 4, 14, 3, 44590 }, // U+FFE8
    { 8, 9, 133, 0, 11, 9, 44593 }, // U+FFE9
    { 7, 16, 133, 1, 15, 14, 44602 }, // U+FFEA
    { 9, 9, 133, 0, 11, 11, 44616 }, // U+FFEB
    { 7, 17, 133, 1, 15, 15, 44627 }, // U+FFEC
    { 6, 6, 133, 1, 9, 5, 44642 }, // U+FFED
    { 6, 7, 133, 1, 10, 6, 44647 }, // U+FFEE
    { 16, 16, 267, 0, 13, 32, 44653 }, // U+FFFD
};

static const EpdUnicodeInterval notosans_8_regularIntervals[] = {
    { 0x0, 0x0, 0x0 },
    { 0xD, 0xD, 0x1 },
    { 0x20, 0x7E, 0x2 },
    { 0xA0, 0x17F, 0x61 },
    { 0x1C4, 0x21F, 0x141 },
    { 0x300, 0x36F, 0x19D },
    { 0x400, 0x4FF, 0x20D },
    { 0x2000, 0x2064, 0x30D },
    { 0x2066, 0x2071, 0x372 },
    { 0x2074, 0x208E, 0x37E },
    { 0x2090, 0x209C, 0x399 },
    { 0x20A0, 0x20C0, 0x3A6 },
    { 0x2190, 0x2199, 0x3C7 },
    { 0x21B8, 0x21B9, 0x3D1 },
    { 0x21C4, 0x21C6, 0x3D3 },
    { 0x21CB, 0x21CC, 0x3D6 },
    { 0x21D0, 0x21D0, 0x3D8 },
    { 0x21D2, 0x21D2, 0x3D9 },
    { 0x21D4, 0x21D4, 0x3DA },
    { 0x21E6, 0x21E9, 0x3DB },
    { 0x21F5, 0x21F5, 0x3DF },
    { 0x2200, 0x2200, 0x3E0 },
    { 0x2202, 0x2203, 0x3E1 },
    { 0x2205, 0x220B, 0x3E3 },
    { 0x220F, 0x220F, 0x3EA },
    { 0x2211, 0x2213, 0x3EB },
    { 0x2215, 0x2215, 0x3EE },
    { 0x221A, 0x221A, 0x3EF },
    { 0x221D, 0x2220, 0x3F0 },
    { 0x2223, 0x2223, 0x3F4 },
    { 0x2225, 0x222E, 0x3F5 },
    { 0x2234, 0x2237, 0x3FF },
    { 0x223D, 0x223D, 0x403 },
    { 0x2243, 0x2243, 0x404 },
    { 0x2245, 0x2245, 0x405 },
    { 0x2248, 0x2248, 0x406 },
    { 0x224C, 0x224C, 0x407 },
    { 0x2260, 0x2262, 0x408 },
    { 0x2264, 0x2267, 0x40B },
    { 0x226A, 0x226B, 0x40F },
    { 0x226E, 0x226F, 0x411 },
    { 0x2272, 0x2273, 0x413 },
    { 0x2276, 0x2277, 0x415 },
    { 0x2282, 0x2287, 0x417 },
    { 0x228A, 0x228B, 0x41D },
    { 0x2295, 0x2299, 0x41F },
    { 0x22A0, 0x22A0, 0x424 },
    { 0x22A5, 0x22A5, 0x425 },
    { 0x22BF, 0x22BF, 0x426 },
    { 0x22DA, 0x22DB, 0x427 },
    { 0x22EF, 0x22EF, 0x429 },
    { 0x3000, 0x303F, 0x42A },
    { 0x3041, 0x3096, 0x46A },
    { 0x3099, 0x30FF, 0x4C0 },
    { 0x31F0, 0x31FF, 0x527 },
    { 0x4E00, 0x4E00, 0x537 },
    { 0x4E03, 0x4E03, 0x538 },
    { 0x4E09, 0x4E0B, 0x539 },
    { 0x4E0D, 0x4E0E, 0x53C },
    { 0x4E13, 0x4E13, 0x53E },
    { 0x4E1A, 0x4E1A, 0x53F },
    { 0x4E21, 0x4E22, 0x540 },
    { 0x4E24, 0x4E24, 0x542 },
    { 0x4E2A, 0x4E2A, 0x543 },
    { 0x4E2D, 0x4E2D, 0x544 },
    { 0x4E32, 0x4E32, 0x545 },
    { 0x4E3A, 0x4E3B, 0x546 },
    { 0x4E49, 0x4E49, 0x548 },
    { 0x4E60, 0x4E60, 0x549 },
    { 0x4E66, 0x4E66, 0x54A },
    { 0x4E86, 0x4E86, 0x54B },
    { 0x4E8B, 0x4E8C, 0x54C },
    { 0x4E8E, 0x4E8E, 0x54E },
    { 0x4E94, 0x4E94, 0x54F },
    { 0x4EA4, 0x4EA4, 0x550 },
    { 0x4EA7, 0x4EA7, 0x551 },
    { 0x4EBA, 0x4EBA, 0x552 },
    { 0x4EC5, 0x4EC5, 0x553 },
    { 0x4ECA, 0x4ECB, 0x554 },
    { 0x4ECE, 0x4ECE, 0x556 },
    { 0x4ED6, 0x4ED6, 0x557 },
    { 0x4EE5, 0x4EE5, 0x558 },
    { 0x4EF6, 0x4EF6, 0x559 },
    { 0x4EFB, 0x4EFB, 0x55A },
    { 0x4F11, 0x4F11, 0x55B },
    { 0x4F1A, 0x4F1A, 0x55C },
    { 0x4F20, 0x4F20, 0x55D },
    { 0x4F4D, 0x4F4D, 0x55E },
    { 0x4F4F, 0x4F4F, 0x55F },
    { 0x4F53, 0x4F53, 0x560 },
    { 0x4F55, 0x4F55, 0x561 },
    { 0x4F59, 0x4F59, 0x562 },
    { 0x4F5C, 0x4F5C, 0x563 },
    { 0x4F7F, 0x4F7F, 0x564 },
    { 0x4F9B, 0x4F9B, 0x565 },
    { 0x4FA7, 0x4FA7, 0x566 },
    { 0x4FDD, 0x4FDD, 0x567 },
    { 0x4FE1, 0x4FE1, 0x568 },
    { 0x4FEE, 0x4FEE, 0x569 },
    { 0x5012, 0x5012, 0x56A },
    { 0x5024, 0x5024, 0x56B },
    { 0x503E, 0x503E, 0x56C },
    { 0x504F, 0x504F, 0x56D },
    { 0x505C, 0x505C, 0x56E },
    { 0x5074, 0x5074, 0x56F },
    { 0x50BE, 0x50BE, 0x570 },
    { 0x50CF, 0x50CF, 0x571 },
    { 0x5143, 0x5143, 0x572 },
    { 0x5148, 0x5149, 0x573 },
    { 0x514D, 0x514D, 0x575 },
    { 0x5165, 0x5165, 0x576 },
    { 0x5168, 0x5168, 0x577 },
    { 0x516D, 0x516D, 0x578 },
    { 0x5173, 0x5173, 0x579 },
    { 0x5176, 0x5176, 0x57A },
    { 0x5178, 0x5178, 0x57B },
    { 0x5185, 0x5185, 0x57C },
    { 0x518C, 0x518D, 0x57D },
    { 0x5199, 0x5199, 0x57F },
    { 0x51C6, 0x51C6, 0x580 },
    { 0x51D1, 0x51D1, 0x581 },
    { 0x51E0, 0x51E0, 0x582 },
    { 0x51ED, 0x51ED, 0x583 },
    { 0x51FA, 0x51FB, 0x584 },
    { 0x5206, 0x5207, 0x586 },
    { 0x5212, 0x5212, 0x588 },
    { 0x5217, 0x5217, 0x589 },
    { 0x5219, 0x5219, 0x58A },
    { 0x521B, 0x521B, 0x58B },
    { 0x521D, 0x521D, 0x58C },
    { 0x5220, 0x5220, 0x58D },
    { 0x5225, 0x5225, 0x58E },
    { 0x5229, 0x5229, 0x58F },
    { 0x5230, 0x5230, 0x590 },
    { 0x5236, 0x5237, 0x591 },
    { 0x523B, 0x523B, 0x593 },
    { 0x524A, 0x524A, 0x594 },
    { 0x524D, 0x524D, 0x595 },
    { 0x526A, 0x526A, 0x596 },
    { 0x5272, 0x5272, 0x597 },
    { 0x529B, 0x529B, 0x598 },
    { 0x529E, 0x52A1, 0x599 },
    { 0x52A8, 0x52A8, 0x59D },
    { 0x52AA, 0x52AA, 0x59E },
    { 0x52B9, 0x52B9, 0x59F },
    { 0x52D5, 0x52D5, 0x5A0 },
    { 0x52FF, 0x52FF, 0x5A1 },
    { 0x5316, 0x5316, 0x5A2 },
    { 0x5339, 0x533A, 0x5A3 },
    { 0x5355, 0x5355, 0x5A5 },
    { 0x5358, 0x5358, 0x5A6 },
    { 0x5360, 0x5361, 0x5A7 },
    { 0x5373, 0x5373, 0x5A9 },
    { 0x5386, 0x5386, 0x5AA },
    { 0x539F, 0x539F, 0x5AB },
    { 0x53BB, 0x53BB, 0x5AC },
    { 0x53CA, 0x53CA, 0x5AD },
    { 0x53CD, 0x53CD, 0x5AE },
    { 0x53D1, 0x53D1, 0x5AF },
    { 0x53D6, 0x53D8, 0x5B0 },
    { 0x53E3, 0x53E3, 0x5B3 },
    { 0x53EF, 0x53F0, 0x5B4 },
    { 0x53F2, 0x53F3, 0x5B6 },
    { 0x53F7, 0x53F7, 0x5B8 },
    { 0x5408, 0x5408, 0x5B9 },
    { 0x540C, 0x540E, 0x5BA },
    { 0x5411, 0x5411, 0x5BD },
    { 0x5426, 0x5426, 0x5BE },
    { 0x542F, 0x542F, 0x5BF },
    { 0x544A, 0x544A, 0x5C0 },
    { 0x547D, 0x547D, 0x5C1 },
    { 0x548C, 0x548C, 0x5C2 },
    { 0x54C8, 0x54C8, 0x5C3 },
    { 0x5546, 0x5546, 0x5C4 },
    { 0x5668, 0x5668, 0x5C5 },
    { 0x56DB, 0x56DB, 0x5C6 },
    { 0x56DE, 0x56DE, 0x5C7 },
    { 0x56E0, 0x56E0, 0x5C8 },
    { 0x56F2, 0x56F2, 0x5C9 },
    { 0x56F4, 0x56F4, 0x5CA },
    { 0x56FA, 0x56FA, 0x5CB },
    { 0x56FE, 0x56FE, 0x5CC },
    { 0x5728, 0x5728, 0x5CD },
    { 0x5730, 0x5730, 0x5CE },
    { 0x5740, 0x5740, 0x5CF },
    { 0x574F, 0x574F, 0x5D0 },
    { 0x57CB, 0x57CB, 0x5D1 },
    { 0x5831, 0x5831, 0x5D2 },
    { 0x58F0, 0x58F0, 0x5D3 },
    { 0x5904, 0x5904, 0x5D4 },
    { 0x5907, 0x5907, 0x5D5 },
    { 0x5909, 0x5909, 0x5D6 },
    { 0x590D, 0x590D, 0x5D7 },
    { 0x5916, 0x5916, 0x5D8 },
    { 0x5927, 0x5927, 0x5D9 },
    { 0x5929, 0x592A, 0x5DA },
    { 0x592E, 0x592E, 0x5DC },
    { 0x5931, 0x5931, 0x5DD },
    { 0x5939, 0x5939, 0x5DE },
    { 0x5982, 0x5982, 0x5DF },
    { 0x59CB, 0x59CB, 0x5E0 },
    { 0x5B57, 0x5B58, 0x5E1 },
    { 0x5B66, 0x5B66, 0x5E3 },
    { 0x5B83, 0x5B83, 0x5E4 },
    { 0x5B87, 0x5B89, 0x5E5 },
    { 0x5B8C, 0x5B8C, 0x5E8 },
    { 0x5B98, 0x5B9A, 0x5E9 },
    { 0x5B9E, 0x5B9F, 0x5EC },
    { 0x5BA2, 0x5BA2, 0x5EE },
    { 0x5BB9, 0x5BB9, 0x5EF },
    { 0x5BBD, 0x5BBD, 0x5F0 },
    { 0x5BC6, 0x5BC6, 0x5F1 },
    { 0x5BF9, 0x5BF9, 0x5F2 },
    { 0x5C01, 0x5C01, 0x5F3 },
    { 0x5C04, 0x5C04, 0x5F4 },
    { 0x5C06, 0x5C06, 0x5F5 },
    { 0x5C0A, 0x5C0A, 0x5F6 },
    { 0x5C0F, 0x5C0F, 0x5F7 },
    { 0x5C1A, 0x5C1A, 0x5F8 },
    { 0x5C31, 0x5C31, 0x5F9 },
    { 0x5C40, 0x5C40, 0x5FA },
    { 0x5C45, 0x5C45, 0x5FB },
    { 0x5C4F, 0x5C4F, 0x5FC },
    { 0x5C55, 0x5C55, 0x5FD },
    { 0x5C5E, 0x5C5E, 0x5FE },
    { 0x5C65, 0x5C65, 0x5FF },
    { 0x5D29, 0x5D29, 0x600 },
    { 0x5D4C, 0x5D4C, 0x601 },
    { 0x5DE5, 0x5DE6, 0x602 },
    { 0x5DF2, 0x5DF2, 0x604 },
    { 0x5E03, 0x5E03, 0x605 },
    { 0x5E0C, 0x5E0C, 0x606 },
    { 0x5E38, 0x5E38, 0x607 },
    { 0x5E55, 0x5E55, 0x608 },
    { 0x5E73, 0x5E74, 0x609 },
    { 0x5E76, 0x5E76, 0x60B },
    { 0x5E83, 0x5E83, 0x60C },
    { 0x5E94, 0x5E95, 0x60D },
    { 0x5EA6, 0x5EA6, 0x60F },
    { 0x5EFA, 0x5EFA, 0x610 },
    { 0x5F00, 0x5F00, 0x611 },
    { 0x5F02, 0x5F02, 0x612 },
    { 0x5F0F, 0x5F0F, 0x613 },
    { 0x5F15, 0x5F15, 0x614 },
    { 0x5F35, 0x5F35, 0x615 },
    { 0x5F39, 0x5F39, 0x616 },
    { 0x5F53, 0x5F53, 0x617 },
    { 0x5F55, 0x5F55, 0x618 },
    { 0x5F62, 0x5F62, 0x619 },
    { 0x5F85, 0x5F85, 0x61A },
    { 0x5F8B, 0x5F8C, 0x61B },
    { 0x5F97, 0x5F97, 0x61D },
    { 0x5FA9, 0x5FA9, 0x61E },
    { 0x5FAE, 0x5FAE, 0x61F },
    { 0x5FC3, 0x5FC3, 0x620 },
    { 0x5FC5, 0x5FC6, 0x621 },
    { 0x5FD8, 0x5FD8, 0x623 },
    { 0x5FEB, 0x5FEB, 0x624 },
    { 0x5FFD, 0x5FFD, 0x625 },
    { 0x6001, 0x6001, 0x626 },
    { 0x6020, 0x6020, 0x627 },
    { 0x6027, 0x6027, 0x628 },
    { 0x603B, 0x603B, 0x629 },
    { 0x6062, 0x6062, 0x62A },
    { 0x606F, 0x606F, 0x62B },
    { 0x60A8, 0x60A8, 0x62C },
    { 0x60C5, 0x60C5, 0x62D },
    { 0x60EF, 0x60F0, 0x62E },
    { 0x610F, 0x610F, 0x630 },
    { 0x614B, 0x614B, 0x631 },
    { 0x6163, 0x6163, 0x632 },
    { 0x61A9, 0x61A9, 0x633 },
    { 0x6210, 0x6211, 0x634 },
    { 0x6216, 0x6216, 0x636 },
    { 0x622A, 0x622A, 0x637 },
    { 0x6237, 0x6237, 0x638 },
    { 0x623B, 0x623B, 0x639 },
    { 0x6240, 0x6240, 0x63A },
    { 0x624B, 0x624B, 0x63B },
    { 0x6253, 0x6253, 0x63C },
    { 0x6269, 0x6269, 0x63D },
    { 0x626B, 0x626B, 0x63E },
    { 0x627E, 0x6280, 0x63F },
    { 0x6295, 0x6295, 0x642 },
    { 0x6297, 0x6297, 0x643 },
    { 0x629C, 0x629C, 0x644 },
    { 0x629E, 0x629E, 0x645 },
    { 0x62A4, 0x62A5, 0x646 },
    { 0x62BC, 0x62BC, 0x648 },
    { 0x62C5, 0x62C5, 0x649 },
    { 0x62C9, 0x62C9, 0x64A },
    { 0x62E1, 0x62E1, 0x64B },
    { 0x62E9, 0x62E9, 0x64C },
    { 0x6301, 0x6301, 0x64D },
    { 0x6307, 0x6307, 0x64E },
    { 0x6309, 0x6309, 0x64F },
    { 0x6357, 0x6357, 0x650 },
    { 0x635F, 0x635F, 0x651 },
    { 0x6362, 0x6362, 0x652 },
    { 0x636E, 0x636E, 0x653 },
    { 0x6388, 0x6388, 0x654 },
    { 0x6392, 0x6392, 0x655 },
    { 0x63A5, 0x63A5, 0x656 },
    { 0x63A7, 0x63A7, 0x657 },
    { 0x63C3, 0x63C3, 0x658 },
    { 0x63CF, 0x63D0, 0x659 },
    { 0x63D2, 0x63D2, 0x65B },
    { 0x641C, 0x641C, 0x65C },
    { 0x64AD, 0x64AD, 0x65D },
    { 0x64CD, 0x64CD, 0x65E },
    { 0x652F, 0x652F, 0x65F },
    { 0x6536, 0x6536, 0x660 },
    { 0x653E, 0x653E, 0x661 },
    { 0x6545, 0x6545, 0x662 },
    { 0x6548, 0x6548, 0x663 },
    { 0x6557, 0x6557, 0x664 },
    { 0x6570, 0x6570, 0x665 },
    { 0x6574, 0x6574, 0x666 },
    { 0x6587, 0x6587, 0x667 },
    { 0x659C, 0x659C, 0x668 },
    { 0x65AD, 0x65AD, 0x669 },
    { 0x65B0, 0x65B0, 0x66A },
    { 0x65B9, 0x65B9, 0x66B },
    { 0x65E0, 0x65E0, 0x66C },
    { 0x65E2, 0x65E2, 0x66D },
    { 0x65E5, 0x65E5, 0x66E },
    { 0x65E9, 0x65E9, 0x66F },
    { 0x65F6, 0x65F6, 0x670 },
    { 0x660E, 0x660E, 0x671 },
    { 0x661F, 0x6620, 0x672 },
    { 0x662F, 0x662F, 0x674 },
    { 0x663E, 0x663E, 0x675 },
    { 0x6642, 0x6642, 0x676 },
    { 0x667A, 0x667A, 0x677 },
    { 0x6682, 0x6682, 0x678 },
    { 0x6697, 0x6697, 0x679 },
    { 0x66F4, 0x66F4, 0x67A },
    { 0x66F8, 0x66F8, 0x67B },
    { 0x66FF, 0x6700, 0x67C },
    { 0x6708, 0x6709, 0x67E },
    { 0x670D, 0x670D, 0x680 },
    { 0x671F, 0x671F, 0x681 },
    { 0x672A, 0x672C, 0x682 },
    { 0x672F, 0x672F, 0x685 },
    { 0x673A, 0x673A, 0x686 },
    { 0x6743, 0x6743, 0x687 },
    { 0x675F, 0x675F, 0x688 },
    { 0x6761, 0x6761, 0x689 },
    { 0x6765, 0x6765, 0x68A },
    { 0x677E, 0x677E, 0x68B },
    { 0x6790, 0x6790, 0x68C },
    { 0x679C, 0x679C, 0x68D },
    { 0x67B6, 0x67B6, 0x68E },
    { 0x67E5, 0x67E5, 0x68F },
    { 0x6807, 0x6807, 0x690 },
    { 0x680F, 0x680F, 0x691 },
    { 0x6821, 0x6821, 0x692 },
    { 0x6837, 0x6837, 0x693 },
    { 0x6839, 0x6839, 0x694 },
    { 0x683C, 0x683C, 0x695 },
    { 0x6848, 0x6848, 0x696 },
    { 0x6863, 0x6863, 0x697 },
    { 0x68C0, 0x68C0, 0x698 },
    { 0x68DA, 0x68DA, 0x699 },
    { 0x691C, 0x691C, 0x69A },
    { 0x6A19, 0x6A19, 0x69B },
    { 0x6A21, 0x6A21, 0x69C },
    { 0x6A2A, 0x6A2A, 0x69D },
    { 0x6A5F, 0x6A5F, 0x69E },
    { 0x6B21, 0x6B21, 0x69F },
    { 0x6B62, 0x6B65, 0x6A0 },
    { 0x6B74, 0x6B74, 0x6A4 },
    { 0x6B7B, 0x6B7B, 0x6A5 },
    { 0x6B8B, 0x6B8B, 0x6A6 },
    { 0x6BB5, 0x6BB5, 0x6A7 },
    { 0x6BCF, 0x6BCF, 0x6A8 },
    { 0x6BD4, 0x6BD4, 0x6A9 },
    { 0x6C42, 0x6C42, 0x6AA },
    { 0x6C60, 0x6C60, 0x6AB },
    { 0x6C7A, 0x6C7A, 0x6AC },
    { 0x6CA1, 0x6CA1, 0x6AD },
    { 0x6CD5, 0x6CD5, 0x6AE },
    { 0x6CE8, 0x6CE8, 0x6AF },
    { 0x6D2A, 0x6D2A, 0x6B0 },
    { 0x6D41, 0x6D41, 0x6B1 },
    { 0x6D45, 0x6D45, 0x6B2 },
    { 0x6D4F, 0x6D4F, 0x6B3 },
    { 0x6D88, 0x6D88, 0x6B4 },
    { 0x6DF1, 0x6DF1, 0x6B5 },
    { 0x6DFB, 0x6DFB, 0x6B6 },
    { 0x6E05, 0x6E05, 0x6B7 },
    { 0x6E08, 0x6E08, 0x6B8 },
    { 0x6E83, 0x6E83, 0x6B9 },
    { 0x6E90, 0x6E90, 0x6BA },
    { 0x6E96, 0x6E96, 0x6BB },
    { 0x6EE4, 0x6EE5, 0x6BC },
    { 0x70B9, 0x70B9, 0x6BE },
    { 0x70ED, 0x70ED, 0x6BF },
    { 0x7121, 0x7121, 0x6C0 },
    { 0x7136, 0x7136, 0x6C1 },
    { 0x7167, 0x7167, 0x6C2 },
    { 0x7247, 0x7248, 0x6C3 },
    { 0x7279, 0x7279, 0x6C5 },
    { 0x72AC, 0x72AC, 0x6C6 },
    { 0x72B6, 0x72B6, 0x6C7 },
    { 0x72D0, 0x72D0, 0x6C8 },
    { 0x72ED, 0x72ED, 0x6C9 },
    { 0x7384, 0x7384, 0x6CA },
    { 0x7387, 0x7387, 0x6CB },
    { 0x73B0, 0x73B0, 0x6CC },
    { 0x73FE, 0x73FE, 0x6CD },
    { 0x7406, 0x7406, 0x6CE },
    { 0x751F, 0x751F, 0x6CF },
    { 0x7528, 0x7528, 0x6D0 },
    { 0x7531, 0x7531, 0x6D1 },
    { 0x7535, 0x7535, 0x6D2 },
    { 0x753B, 0x753B, 0x6D3 },
    { 0x754C, 0x754C, 0x6D4 },
    { 0x7559, 0x7559, 0x6D5 },
    { 0x7565, 0x7565, 0x6D6 },
    { 0x756A, 0x756A, 0x6D7 },
    { 0x767B, 0x767B, 0x6D8 },
    { 0x767D, 0x767E, 0x6D9 },
    { 0x7684, 0x7684, 0x6DB },
    { 0x76D8, 0x76D8, 0x6DC },
    { 0x76EE, 0x76EE, 0x6DD },
    { 0x76F8, 0x76F8, 0x6DE },
    { 0x7701, 0x7701, 0x6DF },
    { 0x770B, 0x770B, 0x6E0 },
    { 0x7720, 0x7720, 0x6E1 },
    { 0x77E5, 0x77E5, 0x6E2 },
    { 0x77ED, 0x77ED, 0x6E3 },
    { 0x7801, 0x7801, 0x6E4 },
    { 0x7814, 0x7814, 0x6E5 },
    { 0x7834, 0x7834, 0x6E6 },
    { 0x786E, 0x786E, 0x6E7 },
    { 0x78BA, 0x78BA, 0x6E8 },
    { 0x793A, 0x793A, 0x6E9 },
    { 0x793E, 0x793E, 0x6EA },
    { 0x7981, 0x7981, 0x6EB },
    { 0x79D2, 0x79D2, 0x6EC },
    { 0x79F0, 0x79F0, 0x6ED },
    { 0x79FB, 0x79FB, 0x6EE },
    { 0x7A0B, 0x7A0B, 0x6EF },
    { 0x7A33, 0x7A33, 0x6F0 },
    { 0x7A76, 0x7A76, 0x6F1 },
    { 0x7A7A, 0x7A7A, 0x6F2 },
    { 0x7A97, 0x7A97, 0x6F3 },
    { 0x7ACB, 0x7ACB, 0x6F4 },
    { 0x7AD6, 0x7AD6, 0x6F5 },
    { 0x7AE0, 0x7AE0, 0x6F6 },
    { 0x7AEF, 0x7AEF, 0x6F7 },
    { 0x7B26, 0x7B26, 0x6F8 },
    { 0x7B2C, 0x7B2C, 0x6F9 },
    { 0x7B49, 0x7B49, 0x6FA },
    { 0x7B54, 0x7B54, 0x6FB },
    { 0x7B7E, 0x7B7E, 0x6FC },
    { 0x7B80, 0x7B80, 0x6FD },
    { 0x7B97, 0x7B97, 0x6FE },
    { 0x7BA1, 0x7BA1, 0x6FF },
    { 0x7BC4, 0x7BC4, 0x700 },
    { 0x7C4D, 0x7C4D, 0x701 },
    { 0x7C97, 0x7C97, 0x702 },
    { 0x7CCA, 0x7CCA, 0x703 },
    { 0x7CFB, 0x7CFB, 0x704 },
    { 0x7D20, 0x7D20, 0x705 },
    { 0x7D22, 0x7D22, 0x706 },
    { 0x7D27, 0x7D27, 0x707 },
    { 0x7D2F, 0x7D30, 0x708 },
    { 0x7D42, 0x7D42, 0x70A },
    { 0x7D4C, 0x7D4C, 0x70B },
    { 0x7D71, 0x7D71, 0x70C },
    { 0x7D9A, 0x7D9A, 0x70D },
    { 0x7DDA, 0x7DDA, 0x70E },
    { 0x7E26, 0x7E26, 0x70F },
    { 0x7E3E, 0x7E3E, 0x710 },
    { 0x7EBF, 0x7EBF, 0x711 },
    { 0x7EC6, 0x7EC6, 0x712 },
    { 0x7EC8, 0x7EC8, 0x713 },
    { 0x7ECF, 0x7ECF, 0x714 },
    { 0x7ED3, 0x7ED3, 0x715 },
    { 0x7EDC, 0x7EDC, 0x716 },
    { 0x7EDF, 0x7EDF, 0x717 },
    { 0x7EE7, 0x7EE7, 0x718 },
    { 0x7EED, 0x7EED, 0x719 },
    { 0x7EF4, 0x7EF4, 0x71A },
    { 0x7F13, 0x7F13, 0x71B },
    { 0x7F16, 0x7F16, 0x71C },
    { 0x7F29, 0x7F29, 0x71D },
    { 0x7F51, 0x7F51, 0x71E },
    { 0x7F6E, 0x7F6E, 0x71F },
    { 0x7FD2, 0x7FD2, 0x720 },
    { 0x7FFB, 0x7FFB, 0x721 },
    { 0x8005, 0x8005, 0x722 },
    { 0x8010, 0x8010, 0x723 },
    { 0x80FD, 0x80FD, 0x724 },
    { 0x811A, 0x811A, 0x725 },
    { 0x81EA, 0x81EA, 0x726 },
    { 0x822C, 0x822C, 0x727 },
    { 0x8272, 0x8272, 0x728 },
    { 0x8282, 0x8282, 0x729 },
    { 0x82AF, 0x82AF, 0x72A },
    { 0x82E5, 0x82E5, 0x72B },
    { 0x82F1, 0x82F1, 0x72C },
    { 0x8303, 0x8304, 0x72D },
    { 0x8336, 0x8336, 0x72F },
    { 0x8352, 0x8352, 0x730 },
    { 0x83B7, 0x83B7, 0x731 },
    { 0x83DC, 0x83DC, 0x732 },
    { 0x8425, 0x8425, 0x733 },
    { 0x843D, 0x843D, 0x734 },
    { 0x8535, 0x8535, 0x735 },
    { 0x8584, 0x8584, 0x736 },
    { 0x85CF, 0x85CF, 0x737 },
    { 0x884C, 0x884C, 0x738 },
    { 0x8868, 0x8868, 0x739 },
    { 0x88C1, 0x88C1, 0x73A },
    { 0x88C5, 0x88C5, 0x73B },
    { 0x88DC, 0x88DC, 0x73C },
    { 0x892A, 0x892A, 0x73D },
    { 0x8981, 0x8981, 0x73E },
    { 0x8996, 0x8996, 0x73F },
    { 0x89A7, 0x89A7, 0x740 },
    { 0x89C4, 0x89C4, 0x741 },
    { 0x89C8, 0x89C8, 0x742 },
    { 0x89E3, 0x89E3, 0x743 },
    { 0x8A00, 0x8A00, 0x744 },
    { 0x8A08, 0x8A08, 0x745 },
    { 0x8A18, 0x8A18, 0x746 },
    { 0x8A2D, 0x8A2D, 0x747 },
    { 0x8A3C, 0x8A3C, 0x748 },
    { 0x8A66, 0x8A66, 0x749 },
    { 0x8A73, 0x8A73, 0x74A },
    { 0x8A8D, 0x8A8D, 0x74B },
    { 0x8A9E, 0x8A9E, 0x74C },
    { 0x8AAD, 0x8AAD, 0x74D },
    { 0x8BA1, 0x8BA2, 0x74E },
    { 0x8BA4, 0x8BA4, 0x750 },
    { 0x8BB0, 0x8BB0, 0x751 },
    { 0x8BBE, 0x8BBE, 0x752 },
    { 0x8BC1, 0x8BC1, 0x753 },
    { 0x8BC4, 0x8BC4, 0x754 },
    { 0x8BC6, 0x8BC6, 0x755 },
    { 0x8BCD, 0x8BCD, 0x756 },
    { 0x8BD5, 0x8BD5, 0x757 },
    { 0x8BE2, 0x8BE2, 0x758 },
    { 0x8BE5, 0x8BE6, 0x759 },
    { 0x8BED, 0x8BED, 0x75B },
    { 0x8BEF, 0x8BEF, 0x75C },
    { 0x8BF7, 0x8BF7, 0x75D },
    { 0x8BFB, 0x8BFB, 0x75E },
    { 0x8D23, 0x8D23, 0x75F },
    { 0x8D25, 0x8D26, 0x760 },
    { 0x8D5E, 0x8D5E, 0x762 },
    { 0x8D77, 0x8D77, 0x763 },
    { 0x8D85, 0x8D85, 0x764 },
    { 0x8D8A, 0x8D8A, 0x765 },
    { 0x8DB3, 0x8DB3, 0x766 },
    { 0x8DDD, 0x8DDD, 0x767 },
    { 0x8DDF, 0x8DDF, 0x768 },
    { 0x8DF3, 0x8DF3, 0x769 },
    { 0x8EE2, 0x8EE2, 0x76A },
    { 0x8F6C, 0x8F6C, 0x76B },
    { 0x8F6E, 0x8F6E, 0x76C },
    { 0x8F7D, 0x8F7D, 0x76D },
    { 0x8F91, 0x8F91, 0x76E },
    { 0x8F93, 0x8F93, 0x76F },
    { 0x8F9E, 0x8F9E, 0x770 },
    { 0x8FB9, 0x8FB9, 0x771 },
    { 0x8FBC, 0x8FBC, 0x772 },
    { 0x8FBE, 0x8FBE, 0x773 },
    { 0x8FC7, 0x8FC7, 0x774 },
    { 0x8FD0, 0x8FD1, 0x775 },
    { 0x8FD4, 0x8FD4, 0x777 },
    { 0x8FD8, 0x8FD9, 0x778 },
    { 0x8FDB, 0x8FDC, 0x77A },
    { 0x8FDE, 0x8FDE, 0x77C },
    { 0x8FF0, 0x8FF0, 0x77D },
    { 0x8FFD, 0x8FFD, 0x77E },
    { 0x9000, 0x9002, 0x77F },
    { 0x9006, 0x9006, 0x782 },
    { 0x9009, 0x9009, 0x783 },
    { 0x9014, 0x9014, 0x784 },
    { 0x901A, 0x901A, 0x785 },
    { 0x901F, 0x901F, 0x786 },
    { 0x9023, 0x9023, 0x787 },
    { 0x9032, 0x9032, 0x788 },
    { 0x904E, 0x904E, 0x789 },
    { 0x9075, 0x9075, 0x78A },
    { 0x9078, 0x9078, 0x78B },
    { 0x90E8, 0x90E8, 0x78C },
    { 0x90FD, 0x90FD, 0x78D },
    { 0x914D, 0x914D, 0x78E },
    { 0x91C8, 0x91C8, 0x78F },
    { 0x91CD, 0x91CD, 0x790 },
    { 0x91CF, 0x91CF, 0x791 },
    { 0x9332, 0x9332, 0x792 },
    { 0x9488, 0x9488, 0x793 },
    { 0x949F, 0x949F, 0x794 },
    { 0x94FE, 0x94FE, 0x795 },
    { 0x9501, 0x9501, 0x796 },
    { 0x9505, 0x9505, 0x797 },
    { 0x9519, 0x9519, 0x798 },
    { 0x952E, 0x952F, 0x799 },
    { 0x955C, 0x955C, 0x79B },
    { 0x9577, 0x9577, 0x79C },
    { 0x957F, 0x957F, 0x79D },
    { 0x958B, 0x958B, 0x79E },
    { 0x9593, 0x9593, 0x79F },
    { 0x95B2, 0x95B2, 0x7A0 },
    { 0x95E8, 0x95E8, 0x7A1 },
    { 0x95ED, 0x95EE, 0x7A2 },
    { 0x95F4, 0x95F4, 0x7A4 },
    { 0x9605, 0x9605, 0x7A5 },
    { 0x9633, 0x9633, 0x7A6 },
    { 0x9636, 0x9636, 0x7A7 },
    { 0x9644, 0x9644, 0x7A8 },
    { 0x9650, 0x9650, 0x7A9 },
    { 0x9664, 0x9664, 0x7AA },
    { 0x9669, 0x9669, 0x7AB },
    { 0x968E, 0x9690, 0x7AC },
    { 0x9694, 0x9694, 0x7AF },
    { 0x969C, 0x969C, 0x7B0 },
    { 0x96A0, 0x96A0, 0x7B1 },
    { 0x96B6, 0x96B6, 0x7B2 },
    { 0x96C6, 0x96C6, 0x7B3 },
    { 0x96E3, 0x96E3, 0x7B4 },
    { 0x96FB, 0x96FB, 0x7B5 },
    { 0x9700, 0x9700, 0x7B6 },
    { 0x975E, 0x975E, 0x7B7 },
    { 0x9762, 0x9762, 0x7B8 },
    { 0x97F3, 0x97F3, 0x7B9 },
    { 0x9805, 0x9805, 0x7BA },
    { 0x983B, 0x983B, 0x7BB },
    { 0x9875, 0x9876, 0x7BC },
    { 0x9879, 0x987A, 0x7BE },
    { 0x9884, 0x9884, 0x7C0 },
    { 0x9891, 0x9891, 0x7C1 },
    { 0x9898, 0x9898, 0x7C2 },
    { 0x989D, 0x989D, 0x7C3 },
    { 0x98CE, 0x98CE, 0x7C4 },
    { 0x98DB, 0x98DB, 0x7C5 },
    { 0x996D, 0x996D, 0x7C6 },
    { 0x9988, 0x9988, 0x7C7 },
    { 0x9A8C, 0x9A8C, 0x7C8 },
    { 0x9EC4, 0x9EC4, 0x7C9 },
    { 0x9ED8, 0x9ED8, 0x7CA },
    { 0x9F50, 0x9F50, 0x7CB },
    { 0x9F7F, 0x9F7F, 0x7CC },
    { 0xFB00, 0xFB06, 0x7CD },
    { 0xFF01, 0xFF9F, 0x7D4 },
    { 0xFFA1, 0xFFBE, 0x873 },
    { 0xFFC2, 0xFFC7, 0x891 },
    { 0xFFCA, 0xFFCF, 0x897 },
    { 0xFFD2, 0xFFD7, 0x89D },
    { 0xFFDA, 0xFFDC, 0x8A3 },
    { 0xFFE0, 0xFFE6, 0x8A6 },
    { 0xFFE8, 0xFFEE, 0x8AD },
    { 0xFFFD, 0xFFFD, 0x8B4 },
};

static const EpdKernClassEntry notosans_8_regularKernLeftClasses[] = {
    { 0x0022, 1 }, // "
    { 0x0026, 2 }, // &
    { 0x0027, 1 }, // '
    { 0x0028, 3 }, // (
    { 0x002C, 4 }, // ,
    { 0x002D, 5 }, // -
    { 0x002E, 4 }, // .
    { 0x003A, 6 }, // :
    { 0x0041, 7 }, // A
    { 0x0042, 8 }, // B
    { 0x0043, 9 }, // C
    { 0x0044, 10 }, // D
    { 0x0045, 11 }, // E
    { 0x0046, 12 }, // F
    { 0x004B, 9 }, // K
    { 0x004C, 13 }, // L
    { 0x004F, 10 }, // O
    { 0x0050, 14 }, // P
    { 0x0051, 10 }, // Q
    { 0x0052, 15 }, // R
    { 0x0054, 16 }, // T
    { 0x0055, 17 }, // U
    { 0x0056, 18 }, // V
    { 0x0057, 18 }, // W
    { 0x0058, 9 }, // X
    { 0x0059, 19 }, // Y
    { 0x005A, 20 }, // Z
    { 0x005B, 3 }, // [
    { 0x005F, 21 }, // _
    { 0x0061, 22 }, // a
    { 0x0062, 23 }, // b
    { 0x0063, 24 }, // c
    { 0x0065, 23 }, // e
    { 0x0066, 25 }, // f
    { 0x0068, 22 }, // h
    { 0x006D, 22 }, // m
    { 0x006E, 22 }, // n
    { 0x006F, 23 }, // o
    { 0x0070, 23 }, // p
    { 0x0072, 26 }, // r
    { 0x0074, 24 }, // t
    { 0x0076, 27 }, // v
    { 0x0077, 27 }, // w
    { 0x0078, 28 }, // x
    { 0x0079, 27 }, // y
    { 0x007B, 3 }, // {
    { 0x00A1, 29 }, // U+00A1
    { 0x00AB, 30 }, // U+00AB
    { 0x00BB, 31 }, // U+00BB
    { 0x00BF, 32 }, // U+00BF
    { 0x00C0, 7 }, // U+00C0
    { 0x00C1, 7 }, // U+00C1
    { 0x00C2, 7 }, // U+00C2
    { 0x00C3, 7 }, // U+00C3
    { 0x00C4, 7 }, // U+00C4
    { 0x00C5, 7 }, // U+00C5
    { 0x00C6, 11 }, // U+00C6
    { 0x00C7, 9 }, // U+00C7
    { 0x00C8, 11 }, // U+00C8
    { 0x00C9, 11 }, // U+00C9
    { 0x00CA, 11 }, // U+00CA
    { 0x00CB, 11 }, // U+00CB
    { 0x00D0, 10 }, // U+00D0
    { 0x00D2, 10 }, // U+00D2
    { 0x00D3, 10 }, // U+00D3
    { 0x00D4, 10 }, // U+00D4
    { 0x00D5, 10 }, // U+00D5
    { 0x00D6, 10 }, // U+00D6
    { 0x00D8, 10 }, // U+00D8
    { 0x00D9, 17 }, // U+00D9
    { 0x00DA, 17 }, // U+00DA
    { 0x00DB, 17 }, // U+00DB
    { 0x00DC, 17 }, // U+00DC
    { 0x00DD, 19 }, // U+00DD
    { 0x00DE, 14 }, // U+00DE
    { 0x00E0, 22 }, // U+00E0
    { 0x00E1, 22 }, // U+00E1
    { 0x00E2, 22 }, // U+00E2
    { 0x00E3, 22 }, // U+00E3
    { 0x00E4, 22 }, // U+00E4
    { 0x00E5, 22 }, // U+00E5
    { 0x00E6, 23 }, // U+00E6
    { 0x00E8, 23 }, // U+00E8
    { 0x00E9, 23 }, // U+00E9
    { 0x00EA, 23 }, // U+00EA
    { 0x00EB, 23 }, // U+00EB
    { 0x00EE, 33 }, // U+00EE
    { 0x00EF, 33 }, // U+00EF
    { 0x00F0, 23 }, // U+00F0
    { 0x00F2, 23 }, // U+00F2
    { 0x00F3, 23 }, // U+00F3
    { 0x00F4, 23 }, // U+00F4
    { 0x00F5, 23 }, // U+00F5
    { 0x00F6, 23 }, // U+00F6
    { 0x00F8, 23 }, // U+00F8
    { 0x00FD, 27 }, // U+00FD
    { 0x00FE, 23 }, // U+00FE
    { 0x00FF, 27 }, // U+00FF
    { 0x0100, 7 }, // U+0100
    { 0x0101, 22 }, // U+0101
    { 0x0102, 7 }, // U+0102
    { 0x0103, 22 }, // U+0103
    { 0x0104, 34 }, // U+0104
    { 0x0105, 22 }, // U+0105
    { 0x0106, 9 }, // U+0106
    { 0x0108, 9 }, // U+0108
    { 0x010A, 9 }, // U+010A
    { 0x010C, 9 }, // U+010C
    { 0x010E, 10 }, // U+010E
    { 0x010F, 35 }, // U+010F
    { 0x0110, 10 }, // U+0110
    { 0x0112, 11 }, // U+0112
    { 0x0113, 23 }, // U+0113
    { 0x0114, 11 }, // U+0114
    { 0x0115, 23 }, // U+0115
    { 0x0116, 11 }, // U+0116
    { 0x0117, 23 }, // U+0117
    { 0x0118, 11 }, // U+0118
    { 0x0119, 23 }, // U+0119
    { 0x011A, 11 }, // U+011A
    { 0x011B, 23 }, // U+011B
    { 0x0125, 22 }, // U+0125
    { 0x0129, 36 }, // U+0129
    { 0x012B, 33 }, // U+012B
    { 0x012E, 37 }, // U+012E
    { 0x0136, 9 }, // U+0136
    { 0x0138, 28 }, // U+0138
    { 0x0139, 13 }, // U+0139
    { 0x013B, 13 }, // U+013B
    { 0x013D, 13 }, // U+013D
    { 0x013E, 35 }, // U+013E
    { 0x013F, 13 }, // U+013F
    { 0x0141, 13 }, // U+0141
    { 0x0144, 22 }, // U+0144
    { 0x0146, 22 }, // U+0146
    { 0x0149, 22 }, // U+0149
    { 0x014B, 22 }, // U+014B
    { 0x014C, 10 }, // U+014C
    { 0x014D, 23 }, // U+014D
    { 0x014E, 10 }, // U+014E
    { 0x014F, 23 }, // U+014F
    { 0x0150, 10 }, // U+0150
    { 0x0151, 23 }, // U+0151
    { 0x0152, 11 }, // U+0152
    { 0x0153, 23 }, // U+0153
    { 0x0155, 26 }, // U+0155
    { 0x0157, 26 }, // U+0157
    { 0x0159, 26 }, // U+0159
    { 0x0162, 16 }, // U+0162
    { 0x0163, 24 }, // U+0163
    { 0x0164, 16 }, // U+0164
    { 0x0165, 38 }, // U+0165
    { 0x0166, 16 }, // U+0166
    { 0x0167, 24 }, // U+0167
    { 0x0168, 17 }, // U+0168
    { 0x016A, 17 }, // U+016A
    { 0x016C, 17 }, // U+016C
    { 0x016E, 17 }, // U+016E
    { 0x0170, 17 }, // U+0170
    { 0x0172, 17 }, // U+0172
    { 0x0174, 18 }, // U+0174
    { 0x0175, 27 }, // U+0175
    { 0x0176, 19 }, // U+0176
    { 0x0177, 27 }, // U+0177
    { 0x0178, 19 }, // U+0178
    { 0x0179, 20 }, // U+0179
    { 0x017B, 20 }, // U+017B
    { 0x017D, 20 }, // U+017D
    { 0x01FA, 7 }, // U+01FA
    { 0x01FB, 22 }, // U+01FB
    { 0x01FC, 11 }, // U+01FC
    { 0x01FD, 23 }, // U+01FD
    { 0x01FE, 10 }, // U+01FE
    { 0x020B, 33 }, // U+020B
    { 0x021A, 16 }, // U+021A
    { 0x021B, 24 }, // U+021B
    { 0x0400, 39 }, // U+0400
    { 0x0401, 39 }, // U+0401
    { 0x0402, 40 }, // U+0402
    { 0x0403, 41 }, // U+0403
    { 0x0404, 42 }, // U+0404
    { 0x0405, 43 }, // U+0405
    { 0x0409, 44 }, // U+0409
    { 0x040A, 44 }, // U+040A
    { 0x040B, 40 }, // U+040B
    { 0x040C, 45 }, // U+040C
    { 0x040E, 46 }, // U+040E
    { 0x0410, 47 }, // U+0410
    { 0x0411, 48 }, // U+0411
    { 0x0412, 49 }, // U+0412
    { 0x0413, 41 }, // U+0413
    { 0x0414, 50 }, // U+0414
    { 0x0415, 39 }, // U+0415
    { 0x0416, 45 }, // U+0416
    { 0x0417, 49 }, // U+0417
    { 0x041A, 45 }, // U+041A
    { 0x041E, 51 }, // U+041E
    { 0x0420, 52 }, // U+0420
    { 0x0421, 42 }, // U+0421
    { 0x0422, 41 }, // U+0422
    { 0x0423, 46 }, // U+0423
    { 0x0424, 53 }, // U+0424
    { 0x0425, 45 }, // U+0425
    { 0x0426, 50 }, // U+0426
    { 0x0429, 50 }, // U+0429
    { 0x042A, 44 }, // U+042A
    { 0x042C, 44 }, // U+042C
    { 0x042D, 51 }, // U+042D
    { 0x042E, 51 }, // U+042E
    { 0x0430, 54 }, // U+0430
    { 0x0431, 55 }, // U+0431
    { 0x0432, 56 }, // U+0432
    { 0x0433, 57 }, // U+0433
    { 0x0434, 58 }, // U+0434
    { 0x0435, 59 }, // U+0435
    { 0x0436, 60 }, // U+0436
    { 0x0437, 56 }, // U+0437
    { 0x0438, 61 }, // U+0438
    { 0x0439, 61 }, // U+0439
    { 0x043A, 60 }, // U+043A
    { 0x043B, 61 }, // U+043B
    { 0x043C, 61 }, // U+043C
    { 0x043D, 61 }, // U+043D
    { 0x043E, 59 }, // U+043E
    { 0x043F, 61 }, // U+043F
    { 0x0440, 59 }, // U+0440
    { 0x0441, 62 }, // U+0441
    { 0x0442, 57 }, // U+0442
    { 0x0443, 63 }, // U+0443
    { 0x0444, 59 }, // U+0444
    { 0x0445, 60 }, // U+0445
    { 0x0446, 58 }, // U+0446
    { 0x0447, 61 }, // U+0447
    { 0x0448, 61 }, // U+0448
    { 0x0449, 58 }, // U+0449
    { 0x044A, 64 }, // U+044A
    { 0x044B, 61 }, // U+044B
    { 0x044C, 64 }, // U+044C
    { 0x044D, 59 }, // U+044D
    { 0x044E, 59 }, // U+044E
    { 0x044F, 61 }, // U+044F
    { 0x0450, 59 }, // U+0450
    { 0x0451, 59 }, // U+0451
    { 0x0452, 65 }, // U+0452
    { 0x0453, 57 }, // U+0453
    { 0x0454, 62 }, // U+0454
    { 0x0455, 66 }, // U+0455
    { 0x0457, 67 }, // U+0457
    { 0x0458, 68 }, // U+0458
    { 0x0459, 64 }, // U+0459
    { 0x045A, 64 }, // U+045A
    { 0x045B, 69 }, // U+045B
    { 0x045C, 60 }, // U+045C
    { 0x045D, 61 }, // U+045D
    { 0x045E, 63 }, // U+045E
    { 0x045F, 61 }, // U+045F
    { 0x0460, 51 }, // U+0460
    { 0x0461, 70 }, // U+0461
    { 0x0462, 71 }, // U+0462
    { 0x0463, 64 }, // U+0463
    { 0x0464, 42 }, // U+0464
    { 0x0465, 62 }, // U+0465
    { 0x0466, 47 }, // U+0466
    { 0x0467, 72 }, // U+0467
    { 0x0468, 47 }, // U+0468
    { 0x0469, 72 }, // U+0469
    { 0x046E, 73 }, // U+046E
    { 0x0471, 59 }, // U+0471
    { 0x0472, 51 }, // U+0472
    { 0x0473, 59 }, // U+0473
    { 0x0474, 46 }, // U+0474
    { 0x0475, 70 }, // U+0475
    { 0x0476, 46 }, // U+0476
    { 0x0477, 70 }, // U+0477
    { 0x0478, 63 }, // U+0478
    { 0x0479, 63 }, // U+0479
    { 0x047A, 51 }, // U+047A
    { 0x047B, 59 }, // U+047B
    { 0x047C, 51 }, // U+047C
    { 0x047D, 59 }, // U+047D
    { 0x047E, 51 }, // U+047E
    { 0x047F, 70 }, // U+047F
    { 0x0480, 42 }, // U+0480
    { 0x048A, 50 }, // U+048A
    { 0x048B, 58 }, // U+048B
    { 0x048C, 71 }, // U+048C
    { 0x048D, 64 }, // U+048D
    { 0x048E, 52 }, // U+048E
    { 0x048F, 59 }, // U+048F
    { 0x0490, 74 }, // U+0490
    { 0x0491, 75 }, // U+0491
    { 0x0492, 76 }, // U+0492
    { 0x0493, 77 }, // U+0493
    { 0x0496, 78 }, // U+0496
    { 0x0497, 79 }, // U+0497
    { 0x0498, 73 }, // U+0498
    { 0x0499, 56 }, // U+0499
    { 0x049A, 78 }, // U+049A
    { 0x049B, 79 }, // U+049B
    { 0x049C, 45 }, // U+049C
    { 0x049D, 60 }, // U+049D
    { 0x049E, 45 }, // U+049E
    { 0x049F, 60 }, // U+049F
    { 0x04A0, 45 }, // U+04A0
    { 0x04A1, 60 }, // U+04A1
    { 0x04A2, 50 }, // U+04A2
    { 0x04A3, 58 }, // U+04A3
    { 0x04A4, 76 }, // U+04A4
    { 0x04A5, 75 }, // U+04A5
    { 0x04A9, 59 }, // U+04A9
    { 0x04AA, 42 }, // U+04AA
    { 0x04AB, 62 }, // U+04AB
    { 0x04AC, 74 }, // U+04AC
    { 0x04AD, 75 }, // U+04AD
    { 0x04AE, 80 }, // U+04AE
    { 0x04AF, 81 }, // U+04AF
    { 0x04B0, 80 }, // U+04B0
    { 0x04B1, 81 }, // U+04B1
    { 0x04B2, 78 }, // U+04B2
    { 0x04B3, 79 }, // U+04B3
    { 0x04B4, 50 }, // U+04B4
    { 0x04B5, 58 }, // U+04B5
    { 0x04B6, 50 }, // U+04B6
    { 0x04B7, 58 }, // U+04B7
    { 0x04BC, 82 }, // U+04BC
    { 0x04BD, 83 }, // U+04BD
    { 0x04BE, 82 }, // U+04BE
    { 0x04BF, 83 }, // U+04BF
    { 0x04C1, 45 }, // U+04C1
    { 0x04C2, 60 }, // U+04C2
    { 0x04C5, 50 }, // U+04C5
    { 0x04C6, 58 }, // U+04C6
    { 0x04C9, 50 }, // U+04C9
    { 0x04CA, 58 }, // U+04CA
    { 0x04CD, 50 }, // U+04CD
    { 0x04CE, 58 }, // U+04CE
    { 0x04D0, 47 }, // U+04D0
    { 0x04D1, 54 }, // U+04D1
    { 0x04D2, 47 }, // U+04D2
    { 0x04D3, 54 }, // U+04D3
    { 0x04D4, 39 }, // U+04D4
    { 0x04D5, 83 }, // U+04D5
    { 0x04D6, 39 }, // U+04D6
    { 0x04D7, 83 }, // U+04D7
    { 0x04D8, 51 }, // U+04D8
    { 0x04D9, 59 }, // U+04D9
    { 0x04DA, 51 }, // U+04DA
    { 0x04DB, 59 }, // U+04DB
    { 0x04DC, 45 }, // U+04DC
    { 0x04DD, 60 }, // U+04DD
    { 0x04DE, 73 }, // U+04DE
    { 0x04DF, 56 }, // U+04DF
    { 0x04E3, 61 }, // U+04E3
    { 0x04E5, 61 }, // U+04E5
    { 0x04E6, 51 }, // U+04E6
    { 0x04E7, 59 }, // U+04E7
    { 0x04E8, 51 }, // U+04E8
    { 0x04E9, 59 }, // U+04E9
    { 0x04EA, 51 }, // U+04EA
    { 0x04EB, 59 }, // U+04EB
    { 0x04EC, 51 }, // U+04EC
    { 0x04ED, 59 }, // U+04ED
    { 0x04EE, 46 }, // U+04EE
    { 0x04EF, 63 }, // U+04EF
    { 0x04F0, 46 }, // U+04F0
    { 0x04F1, 63 }, // U+04F1
    { 0x04F2, 46 }, // U+04F2
    { 0x04F3, 63 }, // U+04F3
    { 0x04F5, 61 }, // U+04F5
    { 0x04F6, 74 }, // U+04F6
    { 0x04F7, 75 }, // U+04F7
    { 0x04F9, 61 }, // U+04F9
    { 0x04FA, 76 }, // U+04FA
    { 0x04FB, 77 }, // U+04FB
    { 0x04FC, 78 }, // U+04FC
    { 0x04FD, 79 }, // U+04FD
    { 0x04FE, 45 }, // U+04FE
    { 0x04FF, 79 }, // U+04FF
    { 0x2013, 5 }, // U+2013
    { 0x2014, 5 }, // U+2014
    { 0x2015, 5 }, // U+2015
    { 0x2018, 1 }, // U+2018
    { 0x2019, 1 }, // U+2019
    { 0x201A, 4 }, // U+201A
    { 0x201C, 1 }, // U+201C
    { 0x201D, 1 }, // U+201D
    { 0x201E, 4 }, // U+201E
    { 0x2039, 30 }, // U+2039
    { 0x203A, 31 }, // U+203A
    { 0x3041, 84 }, // U+3041
    { 0x3042, 85 }, // U+3042
    { 0x3043, 86 }, // U+3043
    { 0x3044, 87 }, // U+3044
    { 0x3046, 88 }, // U+3046
    { 0x3048, 89 }, // U+3048
    { 0x304B, 90 }, // U+304B
    { 0x304C, 91 }, // U+304C
    { 0x304D, 92 }, // U+304D
    { 0x304E, 93 }, // U+304E
    { 0x304F, 94 }, // U+304F
    { 0x3050, 95 }, // U+3050
    { 0x3051, 96 }, // U+3051
    { 0x3052, 97 }, // U+3052
    { 0x3053, 98 }, // U+3053
    { 0x3054, 99 }, // U+3054
    { 0x3056, 100 }, // U+3056
    { 0x3057, 101 }, // U+3057
    { 0x3059, 102 }, // U+3059
    { 0x305A, 103 }, // U+305A
    { 0x305C, 104 }, // U+305C
    { 0x305D, 105 }, // U+305D
    { 0x305E, 105 }, // U+305E
    { 0x305F, 106 }, // U+305F
    { 0x3060, 107 }, // U+3060
    { 0x3062, 108 }, // U+3062
    { 0x3063, 109 }, // U+3063
    { 0x3064, 110 }, // U+3064
    { 0x3065, 111 }, // U+3065
    { 0x3066, 112 }, // U+3066
    { 0x3067, 113 }, // U+3067
    { 0x3068, 114 }, // U+3068
    { 0x3069, 115 }, // U+3069
    { 0x306B, 116 }, // U+306B
    { 0x306C, 117 }, // U+306C
    { 0x306D, 118 }, // U+306D
    { 0x306E, 119 }, // U+306E
    { 0x306F, 120 }, // U+306F
    { 0x3070, 121 }, // U+3070
    { 0x3071, 121 }, // U+3071
    { 0x3072, 122 }, // U+3072
    { 0x3073, 123 }, // U+3073
    { 0x3074, 124 }, // U+3074
    { 0x3075, 125 }, // U+3075
    { 0x3076, 126 }, // U+3076
    { 0x3077, 126 }, // U+3077
    { 0x3078, 127 }, // U+3078
    { 0x3079, 128 }, // U+3079
    { 0x307A, 129 }, // U+307A
    { 0x307D, 130 }, // U+307D
    { 0x307E, 131 }, // U+307E
    { 0x307F, 132 }, // U+307F
    { 0x3081, 108 }, // U+3081
    { 0x3082, 133 }, // U+3082
    { 0x3083, 134 }, // U+3083
    { 0x3084, 135 }, // U+3084
    { 0x3086, 136 }, // U+3086
    { 0x3088, 137 }, // U+3088
    { 0x3089, 138 }, // U+3089
    { 0x308A, 139 }, // U+308A
    { 0x308B, 140 }, // U+308B
    { 0x308C, 141 }, // U+308C
    { 0x308E, 118 }, // U+308E
    { 0x308F, 142 }, // U+308F
    { 0x3091, 143 }, // U+3091
    { 0x3093, 144 }, // U+3093
    { 0x30A1, 96 }, // U+30A1
    { 0x30A2, 145 }, // U+30A2
    { 0x30A4, 146 }, // U+30A4
    { 0x30A6, 147 }, // U+30A6
    { 0x30A9, 96 }, // U+30A9
    { 0x30AA, 148 }, // U+30AA
    { 0x30AB, 149 }, // U+30AB
    { 0x30AC, 149 }, // U+30AC
    { 0x30AD, 150 }, // U+30AD
    { 0x30AE, 151 }, // U+30AE
    { 0x30AF, 152 }, // U+30AF
    { 0x30B0, 153 }, // U+30B0
    { 0x30B1, 154 }, // U+30B1
    { 0x30B2, 155 }, // U+30B2
    { 0x30B3, 156 }, // U+30B3
    { 0x30B4, 157 }, // U+30B4
    { 0x30B5, 158 }, // U+30B5
    { 0x30B6, 159 }, // U+30B6
    { 0x30B7, 160 }, // U+30B7
    { 0x30B8, 161 }, // U+30B8
    { 0x30B9, 162 }, // U+30B9
    { 0x30BB, 163 }, // U+30BB
    { 0x30BC, 164 }, // U+30BC
    { 0x30BD, 165 }, // U+30BD
    { 0x30BE, 166 }, // U+30BE
    { 0x30BF, 167 }, // U+30BF
    { 0x30C0, 168 }, // U+30C0
    { 0x30C1, 169 }, // U+30C1
    { 0x30C2, 170 }, // U+30C2
    { 0x30C3, 171 }, // U+30C3
    { 0x30C4, 172 }, // U+30C4
    { 0x30C5, 173 }, // U+30C5
    { 0x30C6, 174 }, // U+30C6
    { 0x30C7, 175 }, // U+30C7
    { 0x30C8, 176 }, // U+30C8
    { 0x30C9, 177 }, // U+30C9
    { 0x30CA, 178 }, // U+30CA
    { 0x30CC, 179 }, // U+30CC
    { 0x30CD, 180 }, // U+30CD
    { 0x30CE, 181 }, // U+30CE
    { 0x30CF, 182 }, // U+30CF
    { 0x30D0, 183 }, // U+30D0
    { 0x30D1, 184 }, // U+30D1
    { 0x30D3, 185 }, // U+30D3
    { 0x30D5, 186 }, // U+30D5
    { 0x30D6, 187 }, // U+30D6
    { 0x30D7, 188 }, // U+30D7
    { 0x30D9, 157 }, // U+30D9
    { 0x30DE, 189 }, // U+30DE
    { 0x30E0, 190 }, // U+30E0
    { 0x30E1, 191 }, // U+30E1
    { 0x30E3, 84 }, // U+30E3
    { 0x30E4, 192 }, // U+30E4
    { 0x30E5, 193 }, // U+30E5
    { 0x30E8, 194 }, // U+30E8
    { 0x30E9, 195 }, // U+30E9
    { 0x30EA, 196 }, // U+30EA
    { 0x30EB, 197 }, // U+30EB
    { 0x30EC, 198 }, // U+30EC
    { 0x30EF, 199 }, // U+30EF
    { 0x30F0, 200 }, // U+30F0
    { 0x30F2, 201 }, // U+30F2
    { 0x30F3, 202 }, // U+30F3
    { 0x30F4, 203 }, // U+30F4
    { 0x30F7, 84 }, // U+30F7
    { 0x30FA, 204 }, // U+30FA
    { 0x30FC, 205 }, // U+30FC
    { 0xFB00, 25 }, // U+FB00
};

static const EpdKernClassEntry notosans_8_regularKernRightClasses[] = {
    { 0x0021, 1 }, // !
    { 0x0022, 2 }, // "
    { 0x0026, 3 }, // &
    { 0x0027, 2 }, // '
    { 0x0029, 4 }, // )
    { 0x002C, 5 }, // ,
    { 0x002D, 6 }, // -
    { 0x002E, 5 }, // .
    { 0x003A, 7 }, // :
    { 0x003B, 7 }, // ;
    { 0x003F, 8 }, // ?
    { 0x0041, 9 }, // A
    { 0x0043, 10 }, // C
    { 0x0047, 10 }, // G
    { 0x004A, 11 }, // J
    { 0x004F, 10 }, // O
    { 0x0051, 10 }, // Q
    { 0x0054, 12 }, // T
    { 0x0055, 13 }, // U
    { 0x0056, 14 }, // V
    { 0x0057, 14 }, // W
    { 0x0058, 15 }, // X
    { 0x0059, 16 }, // Y
    { 0x005A, 17 }, // Z
    { 0x005D, 4 }, // ]
    { 0x0061, 18 }, // a
    { 0x0062, 19 }, // b
    { 0x0063, 20 }, // c
    { 0x0064, 20 }, // d
    { 0x0065, 20 }, // e
    { 0x0067, 21 }, // g
    { 0x0068, 19 }, // h
    { 0x006A, 22 }, // j
    { 0x006B, 19 }, // k
    { 0x006C, 19 }, // l
    { 0x006D, 23 }, // m
    { 0x006E, 23 }, // n
    { 0x006F, 20 }, // o
    { 0x0070, 23 }, // p
    { 0x0071, 20 }, // q
    { 0x0072, 23 }, // r
    { 0x0073, 24 }, // s
    { 0x0075, 23 }, // u
    { 0x0076, 25 }, // v
    { 0x0077, 25 }, // w
    { 0x0078, 25 }, // x
    { 0x0079, 25 }, // y
    { 0x007A, 26 }, // z
    { 0x007D, 4 }, // }
    { 0x00AB, 27 }, // U+00AB
    { 0x00BB, 28 }, // U+00BB
    { 0x00C0, 9 }, // U+00C0
    { 0x00C1, 9 }, // U+00C1
    { 0x00C2, 9 }, // U+00C2
    { 0x00C3, 9 }, // U+00C3
    { 0x00C4, 9 }, // U+00C4
    { 0x00C5, 9 }, // U+00C5
    { 0x00C6, 29 }, // U+00C6
    { 0x00C7, 10 }, // U+00C7
    { 0x00D2, 10 }, // U+00D2
    { 0x00D3, 10 }, // U+00D3
    { 0x00D4, 10 }, // U+00D4
    { 0x00D5, 10 }, // U+00D5
    { 0x00D6, 10 }, // U+00D6
    { 0x00D8, 10 }, // U+00D8
    { 0x00D9, 13 }, // U+00D9
    { 0x00DA, 13 }, // U+00DA
    { 0x00DB, 13 }, // U+00DB
    { 0x00DC, 13 }, // U+00DC
    { 0x00DD, 16 }, // U+00DD
    { 0x00E0, 20 }, // U+00E0
    { 0x00E1, 18 }, // U+00E1
    { 0x00E2, 18 }, // U+00E2
    { 0x00E3, 18 }, // U+00E3
    { 0x00E4, 18 }, // U+00E4
    { 0x00E5, 18 }, // U+00E5
    { 0x00E6, 18 }, // U+00E6
    { 0x00E7, 20 }, // U+00E7
    { 0x00E8, 20 }, // U+00E8
    { 0x00E9, 20 }, // U+00E9
    { 0x00EA, 20 }, // U+00EA
    { 0x00EB, 20 }, // U+00EB
    { 0x00F2, 20 }, // U+00F2
    { 0x00F3, 20 }, // U+00F3
    { 0x00F4, 20 }, // U+00F4
    { 0x00F5, 20 }, // U+00F5
    { 0x00F6, 20 }, // U+00F6
    { 0x00F8, 20 }, // U+00F8
    { 0x00F9, 23 }, // U+00F9
    { 0x00FA, 23 }, // U+00FA
    { 0x00FB, 23 }, // U+00FB
    { 0x00FC, 23 }, // U+00FC
    { 0x00FD, 25 }, // U+00FD
    { 0x00FE, 19 }, // U+00FE
    { 0x00FF, 25 }, // U+00FF
    { 0x0100, 9 }, // U+0100
    { 0x0101, 18 }, // U+0101
    { 0x0102, 9 }, // U+0102
    { 0x0103, 18 }, // U+0103
    { 0x0104, 9 }, // U+0104
    { 0x0105, 18 }, // U+0105
    { 0x0106, 10 }, // U+0106
    { 0x0107, 20 }, // U+0107
    { 0x0108, 10 }, // U+0108
    { 0x0109, 20 }, // U+0109
    { 0x010A, 10 }, // U+010A
    { 0x010B, 20 }, // U+010B
    { 0x010C, 10 }, // U+010C
    { 0x010D, 20 }, // U+010D
    { 0x010F, 20 }, // U+010F
    { 0x0111, 20 }, // U+0111
    { 0x0113, 20 }, // U+0113
    { 0x0115, 20 }, // U+0115
    { 0x0117, 20 }, // U+0117
    { 0x0119, 20 }, // U+0119
    { 0x011B, 20 }, // U+011B
    { 0x011C, 10 }, // U+011C
    { 0x011D, 21 }, // U+011D
    { 0x011E, 10 }, // U+011E
    { 0x011F, 21 }, // U+011F
    { 0x0120, 10 }, // U+0120
    { 0x0121, 21 }, // U+0121
    { 0x0122, 10 }, // U+0122
    { 0x0123, 21 }, // U+0123
    { 0x0125, 19 }, // U+0125
    { 0x0127, 30 }, // U+0127
    { 0x0129, 31 }, // U+0129
    { 0x0137, 19 }, // U+0137
    { 0x0138, 23 }, // U+0138
    { 0x013A, 19 }, // U+013A
    { 0x013C, 19 }, // U+013C
    { 0x013E, 19 }, // U+013E
    { 0x0140, 19 }, // U+0140
    { 0x0144, 23 }, // U+0144
    { 0x0146, 23 }, // U+0146
    { 0x014B, 23 }, // U+014B
    { 0x014C, 10 }, // U+014C
    { 0x014D, 20 }, // U+014D
    { 0x014E, 10 }, // U+014E
    { 0x014F, 20 }, // U+014F
    { 0x0150, 10 }, // U+0150
    { 0x0151, 20 }, // U+0151
    { 0x0152, 10 }, // U+0152
    { 0x0153, 20 }, // U+0153
    { 0x0155, 23 }, // U+0155
    { 0x0157, 23 }, // U+0157
    { 0x015B, 24 }, // U+015B
    { 0x015F, 24 }, // U+015F
    { 0x0162, 12 }, // U+0162
    { 0x0164, 12 }, // U+0164
    { 0x0166, 12 }, // U+0166
    { 0x0168, 13 }, // U+0168
    { 0x0169, 23 }, // U+0169
    { 0x016A, 13 }, // U+016A
    { 0x016B, 23 }, // U+016B
    { 0x016C, 13 }, // U+016C
    { 0x016D, 23 }, // U+016D
    { 0x016E, 13 }, // U+016E
    { 0x016F, 23 }, // U+016F
    { 0x0170, 13 }, // U+0170
    { 0x0171, 23 }, // U+0171
    { 0x0172, 13 }, // U+0172
    { 0x0173, 23 }, // U+0173
    { 0x0174, 14 }, // U+0174
    { 0x0175, 25 }, // U+0175
    { 0x0176, 16 }, // U+0176
    { 0x0177, 25 }, // U+0177
    { 0x0178, 16 }, // U+0178
    { 0x0179, 17 }, // U+0179
    { 0x017A, 26 }, // U+017A
    { 0x017B, 17 }, // U+017B
    { 0x017C, 26 }, // U+017C
    { 0x017D, 17 }, // U+017D
    { 0x017E, 26 }, // U+017E
    { 0x01FA, 9 }, // U+01FA
    { 0x01FB, 18 }, // U+01FB
    { 0x01FC, 29 }, // U+01FC
    { 0x01FD, 18 }, // U+01FD
    { 0x01FE, 10 }, // U+01FE
    { 0x01FF, 20 }, // U+01FF
    { 0x0219, 24 }, // U+0219
    { 0x021A, 12 }, // U+021A
    { 0x0402, 32 }, // U+0402
    { 0x0404, 33 }, // U+0404
    { 0x0405, 34 }, // U+0405
    { 0x0408, 35 }, // U+0408
    { 0x0409, 36 }, // U+0409
    { 0x040B, 32 }, // U+040B
    { 0x040E, 37 }, // U+040E
    { 0x0410, 38 }, // U+0410
    { 0x0414, 39 }, // U+0414
    { 0x0416, 40 }, // U+0416
    { 0x0417, 41 }, // U+0417
    { 0x041B, 36 }, // U+041B
    { 0x041E, 33 }, // U+041E
    { 0x0421, 33 }, // U+0421
    { 0x0422, 32 }, // U+0422
    { 0x0423, 37 }, // U+0423
    { 0x0424, 42 }, // U+0424
    { 0x0425, 40 }, // U+0425
    { 0x0427, 43 }, // U+0427
    { 0x042A, 32 }, // U+042A
    { 0x042D, 41 }, // U+042D
    { 0x042F, 44 }, // U+042F
    { 0x0430, 45 }, // U+0430
    { 0x0431, 46 }, // U+0431
    { 0x0432, 47 }, // U+0432
    { 0x0433, 47 }, // U+0433
    { 0x0434, 48 }, // U+0434
    { 0x0435, 49 }, // U+0435
    { 0x0436, 50 }, // U+0436
    { 0x0437, 51 }, // U+0437
    { 0x0438, 47 }, // U+0438
    { 0x0439, 47 }, // U+0439
    { 0x043A, 47 }, // U+043A
    { 0x043B, 52 }, // U+043B
    { 0x043C, 47 }, // U+043C
    { 0x043D, 47 }, // U+043D
    { 0x043E, 49 }, // U+043E
    { 0x043F, 47 }, // U+043F
    { 0x0440, 47 }, // U+0440
    { 0x0441, 49 }, // U+0441
    { 0x0442, 53 }, // U+0442
    { 0x0443, 54 }, // U+0443
    { 0x0444, 49 }, // U+0444
    { 0x0445, 50 }, // U+0445
    { 0x0446, 47 }, // U+0446
    { 0x0447, 55 }, // U+0447
    { 0x0448, 47 }, // U+0448
    { 0x0449, 47 }, // U+0449
    { 0x044A, 53 }, // U+044A
    { 0x044B, 47 }, // U+044B
    { 0x044C, 47 }, // U+044C
    { 0x044D, 51 }, // U+044D
    { 0x044E, 47 }, // U+044E
    { 0x044F, 56 }, // U+044F
    { 0x0450, 49 }, // U+0450
    { 0x0451, 49 }, // U+0451
    { 0x0452, 57 }, // U+0452
    { 0x0453, 47 }, // U+0453
    { 0x0454, 49 }, // U+0454
    { 0x0455, 58 }, // U+0455
    { 0x0457, 59 }, // U+0457
    { 0x0458, 60 }, // U+0458
    { 0x0459, 52 }, // U+0459
    { 0x045A, 47 }, // U+045A
    { 0x045B, 57 }, // U+045B
    { 0x045C, 47 }, // U+045C
    { 0x045D, 47 }, // U+045D
    { 0x045E, 54 }, // U+045E
    { 0x045F, 47 }, // U+045F
    { 0x0460, 61 }, // U+0460
    { 0x0461, 62 }, // U+0461
    { 0x0462, 63 }, // U+0462
    { 0x0465, 64 }, // U+0465
    { 0x0466, 38 }, // U+0466
    { 0x0467, 48 }, // U+0467
    { 0x0469, 64 }, // U+0469
    { 0x046D, 64 }, // U+046D
    { 0x046E, 41 }, // U+046E
    { 0x0470, 43 }, // U+0470
    { 0x0472, 61 }, // U+0472
    { 0x0473, 45 }, // U+0473
    { 0x0474, 65 }, // U+0474
    { 0x0475, 62 }, // U+0475
    { 0x0476, 65 }, // U+0476
    { 0x0477, 62 }, // U+0477
    { 0x0478, 61 }, // U+0478
    { 0x0479, 45 }, // U+0479
    { 0x047A, 61 }, // U+047A
    { 0x047B, 45 }, // U+047B
    { 0x047C, 61 }, // U+047C
    { 0x047D, 45 }, // U+047D
    { 0x047E, 61 }, // U+047E
    { 0x047F, 62 }, // U+047F
    { 0x0480, 61 }, // U+0480
    { 0x0481, 45 }, // U+0481
    { 0x048B, 64 }, // U+048B
    { 0x048C, 63 }, // U+048C
    { 0x048D, 57 }, // U+048D
    { 0x048F, 64 }, // U+048F
    { 0x0491, 64 }, // U+0491
    { 0x0492, 63 }, // U+0492
    { 0x0495, 64 }, // U+0495
    { 0x0496, 40 }, // U+0496
    { 0x0497, 50 }, // U+0497
    { 0x0498, 41 }, // U+0498
    { 0x0499, 51 }, // U+0499
    { 0x049B, 64 }, // U+049B
    { 0x049D, 64 }, // U+049D
    { 0x049F, 57 }, // U+049F
    { 0x04A0, 66 }, // U+04A0
    { 0x04A1, 53 }, // U+04A1
    { 0x04A3, 64 }, // U+04A3
    { 0x04A5, 64 }, // U+04A5
    { 0x04A7, 64 }, // U+04A7
    { 0x04A8, 61 }, // U+04A8
    { 0x04A9, 45 }, // U+04A9
    { 0x04AA, 61 }, // U+04AA
    { 0x04AB, 45 }, // U+04AB
    { 0x04AC, 32 }, // U+04AC
    { 0x04AD, 53 }, // U+04AD
    { 0x04AE, 67 }, // U+04AE
    { 0x04AF, 68 }, // U+04AF
    { 0x04B0, 67 }, // U+04B0
    { 0x04B1, 68 }, // U+04B1
    { 0x04B2, 40 }, // U+04B2
    { 0x04B3, 50 }, // U+04B3
    { 0x04B4, 66 }, // U+04B4
    { 0x04B5, 53 }, // U+04B5
    { 0x04B6, 43 }, // U+04B6
    { 0x04B7, 55 }, // U+04B7
    { 0x04B8, 43 }, // U+04B8
    { 0x04B9, 55 }, // U+04B9
    { 0x04BB, 64 }, // U+04BB
    { 0x04BC, 69 }, // U+04BC
    { 0x04BD, 70 }, // U+04BD
    { 0x04BE, 69 }, // U+04BE
    { 0x04BF, 70 }, // U+04BF
    { 0x04C1, 40 }, // U+04C1
    { 0x04C2, 50 }, // U+04C2
    { 0x04C4, 64 }, // U+04C4
    { 0x04C5, 71 }, // U+04C5
    { 0x04C6, 48 }, // U+04C6
    { 0x04C8, 64 }, // U+04C8
    { 0x04CA, 64 }, // U+04CA
    { 0x04CB, 43 }, // U+04CB
    { 0x04CC, 55 }, // U+04CC
    { 0x04CE, 64 }, // U+04CE
    { 0x04D0, 38 }, // U+04D0
    { 0x04D1, 72 }, // U+04D1
    { 0x04D2, 38 }, // U+04D2
    { 0x04D3, 72 }, // U+04D3
    { 0x04D4, 38 }, // U+04D4
    { 0x04D5, 72 }, // U+04D5
    { 0x04D7, 45 }, // U+04D7
    { 0x04D8, 73 }, // U+04D8
    { 0x04D9, 72 }, // U+04D9
    { 0x04DA, 73 }, // U+04DA
    { 0x04DB, 72 }, // U+04DB
    { 0x04DC, 40 }, // U+04DC
    { 0x04DD, 50 }, // U+04DD
    { 0x04DE, 41 }, // U+04DE
    { 0x04DF, 51 }, // U+04DF
    { 0x04E3, 47 }, // U+04E3
    { 0x04E5, 47 }, // U+04E5
    { 0x04E6, 61 }, // U+04E6
    { 0x04E7, 45 }, // U+04E7
    { 0x04E8, 61 }, // U+04E8
    { 0x04E9, 45 }, // U+04E9
    { 0x04EA, 61 }, // U+04EA
    { 0x04EB, 45 }, // U+04EB
    { 0x04EC, 41 }, // U+04EC
    { 0x04ED, 51 }, // U+04ED
    { 0x04EE, 37 }, // U+04EE
    { 0x04EF, 54 }, // U+04EF
    { 0x04F0, 37 }, // U+04F0
    { 0x04F1, 54 }, // U+04F1
    { 0x04F2, 37 }, // U+04F2
    { 0x04F3, 54 }, // U+04F3
    { 0x04F4, 43 }, // U+04F4
    { 0x04F5, 55 }, // U+04F5
    { 0x04F7, 64 }, // U+04F7
    { 0x04F9, 47 }, // U+04F9
    { 0x04FA, 63 }, // U+04FA
    { 0x04FC, 40 }, // U+04FC
    { 0x04FD, 50 }, // U+04FD
    { 0x04FE, 40 }, // U+04FE
    { 0x04FF, 50 }, // U+04FF
    { 0x2013, 6 }, // U+2013
    { 0x2014, 6 }, // U+2014
    { 0x2015, 6 }, // U+2015
    { 0x2018, 74 }, // U+2018
    { 0x2019, 2 }, // U+2019
    { 0x201A, 5 }, // U+201A
    { 0x201C, 74 }, // U+201C
    { 0x201D, 2 }, // U+201D
    { 0x201E, 5 }, // U+201E
    { 0x2026, 5 }, // U+2026
    { 0x2039, 27 }, // U+2039
    { 0x203A, 28 }, // U+203A
    { 0x3001, 75 }, // U+3001
    { 0x3002, 76 }, // U+3002
    { 0x3042, 77 }, // U+3042
    { 0x3043, 78 }, // U+3043
    { 0x3044, 79 }, // U+3044
    { 0x3045, 80 }, // U+3045
    { 0x3046, 81 }, // U+3046
    { 0x3047, 82 }, // U+3047
    { 0x3049, 83 }, // U+3049
    { 0x304A, 84 }, // U+304A
    { 0x304B, 85 }, // U+304B
    { 0x304C, 86 }, // U+304C
    { 0x304D, 87 }, // U+304D
    { 0x304E, 88 }, // U+304E
    { 0x304F, 89 }, // U+304F
    { 0x3050, 90 }, // U+3050
    { 0x3053, 91 }, // U+3053
    { 0x3054, 91 }, // U+3054
    { 0x3055, 91 }, // U+3055
    { 0x3056, 91 }, // U+3056
    { 0x3059, 92 }, // U+3059
    { 0x305A, 93 }, // U+305A
    { 0x305B, 94 }, // U+305B
    { 0x305C, 94 }, // U+305C
    { 0x305D, 95 }, // U+305D
    { 0x305E, 95 }, // U+305E
    { 0x305F, 96 }, // U+305F
    { 0x3060, 97 }, // U+3060
    { 0x3061, 98 }, // U+3061
    { 0x3062, 99 }, // U+3062
    { 0x3063, 100 }, // U+3063
    { 0x3064, 101 }, // U+3064
    { 0x3065, 102 }, // U+3065
    { 0x3066, 103 }, // U+3066
    { 0x3067, 104 }, // U+3067
    { 0x3068, 105 }, // U+3068
    { 0x3069, 106 }, // U+3069
    { 0x306A, 107 }, // U+306A
    { 0x306E, 108 }, // U+306E
    { 0x306F, 109 }, // U+306F
    { 0x3070, 110 }, // U+3070
    { 0x3071, 110 }, // U+3071
    { 0x3072, 111 }, // U+3072
    { 0x3073, 111 }, // U+3073
    { 0x3074, 111 }, // U+3074
    { 0x3075, 112 }, // U+3075
    { 0x3076, 113 }, // U+3076
    { 0x3077, 114 }, // U+3077
    { 0x3078, 115 }, // U+3078
    { 0x3079, 115 }, // U+3079
    { 0x307A, 115 }, // U+307A
    { 0x307E, 116 }, // U+307E
    { 0x307F, 117 }, // U+307F
    { 0x3082, 118 }, // U+3082
    { 0x3083, 119 }, // U+3083
    { 0x3084, 120 }, // U+3084
    { 0x3085, 121 }, // U+3085
    { 0x3087, 122 }, // U+3087
    { 0x3088, 123 }, // U+3088
    { 0x308A, 124 }, // U+308A
    { 0x308B, 125 }, // U+308B
    { 0x308C, 126 }, // U+308C
    { 0x308D, 127 }, // U+308D
    { 0x3092, 110 }, // U+3092
    { 0x30A1, 128 }, // U+30A1
    { 0x30A2, 129 }, // U+30A2
    { 0x30A3, 130 }, // U+30A3
    { 0x30A4, 131 }, // U+30A4
    { 0x30A5, 128 }, // U+30A5
    { 0x30A6, 132 }, // U+30A6
    { 0x30A7, 133 }, // U+30A7
    { 0x30A8, 134 }, // U+30A8
    { 0x30A9, 135 }, // U+30A9
    { 0x30AB, 136 }, // U+30AB
    { 0x30AC, 136 }, // U+30AC
    { 0x30AF, 137 }, // U+30AF
    { 0x30B0, 138 }, // U+30B0
    { 0x30B2, 139 }, // U+30B2
    { 0x30B3, 140 }, // U+30B3
    { 0x30B4, 140 }, // U+30B4
    { 0x30B5, 141 }, // U+30B5
    { 0x30B6, 142 }, // U+30B6
    { 0x30B7, 143 }, // U+30B7
    { 0x30B8, 143 }, // U+30B8
    { 0x30B9, 144 }, // U+30B9
    { 0x30BA, 145 }, // U+30BA
    { 0x30BB, 146 }, // U+30BB
    { 0x30BC, 146 }, // U+30BC
    { 0x30BD, 147 }, // U+30BD
    { 0x30BE, 148 }, // U+30BE
    { 0x30BF, 149 }, // U+30BF
    { 0x30C0, 150 }, // U+30C0
    { 0x30C1, 146 }, // U+30C1
    { 0x30C3, 128 }, // U+30C3
    { 0x30C4, 151 }, // U+30C4
    { 0x30C5, 151 }, // U+30C5
    { 0x30C6, 152 }, // U+30C6
    { 0x30C7, 153 }, // U+30C7
    { 0x30C8, 154 }, // U+30C8
    { 0x30C9, 155 }, // U+30C9
    { 0x30CA, 156 }, // U+30CA
    { 0x30CB, 146 }, // U+30CB
    { 0x30CD, 157 }, // U+30CD
    { 0x30CE, 158 }, // U+30CE
    { 0x30CF, 159 }, // U+30CF
    { 0x30D0, 160 }, // U+30D0
    { 0x30D1, 161 }, // U+30D1
    { 0x30D5, 162 }, // U+30D5
    { 0x30D6, 163 }, // U+30D6
    { 0x30D7, 164 }, // U+30D7
    { 0x30D8, 165 }, // U+30D8
    { 0x30D9, 166 }, // U+30D9
    { 0x30DA, 167 }, // U+30DA
    { 0x30DE, 168 }, // U+30DE
    { 0x30DF, 169 }, // U+30DF
    { 0x30E0, 170 }, // U+30E0
    { 0x30E1, 171 }, // U+30E1
    { 0x30E3, 172 }, // U+30E3
    { 0x30E4, 173 }, // U+30E4
    { 0x30E5, 174 }, // U+30E5
    { 0x30E6, 175 }, // U+30E6
    { 0x30E9, 176 }, // U+30E9
    { 0x30EB, 177 }, // U+30EB
    { 0x30EC, 178 }, // U+30EC
    { 0x30F3, 179 }, // U+30F3
    { 0x30FB, 180 }, // U+30FB
    { 0x30FC, 181 }, // U+30FC
    { 0xFF0C, 182 }, // U+FF0C
    { 0xFF0E, 183 }, // U+FF0E
};

static const int8_t notosans_8_regularKernMatrix[] = {
       0,    0,    0,    0,    0,    0,    0,    0,  -19,    0,    0,    5,    0,    5,    0,    3,    0,  -11,    0,  -16,   -8,    0,   -8,   -8,    0,    0,    0,    0,  -21,    0,   19,    5,    0,    0,    0,   -8,    5,  -19,  -16,    5,    0,   -3,    0,    0,  -11,    0,    0,  -19,    0,    0,    5,  -13,    8,    5,    0,    0,    8,    0,    8,    0,    0,    0,    0,    0,    0,    5,    0,    0,    0,    0,  -16,   -5,    0,    0,    0,    0,    0,    0,    0,    0,    0,    0,    0,    0,    0,    0,    0,    0,    0,    0,    0,    0,    0,    0,    0,    0,    0,    0,    0,    0,    0,    0,    0,    0,    0,    0,    0,    0,    0,    0,    0,    0,    0,    0,    0,    0,    0,    0,    0,    0,    0,    0,    0,    0,    0,    0,    0,    0,    0,    0,    0,    0,    0,    0,    0,    0,    0,    0,    0,    0,    0,    0,    0,    0,    0,    0,    0,    0,    0,    0,    0,    0,    0,    0,    0,    0,    0,    0,    0,    0,    0,    0,    0,    0,    0,    0,    0,    0,    0,    0,    0,    0,    0,    0,    0,    0,    0,    0,    0,    0,    0,    0,    0,
       0,    0,    0,    0,    0,    0,    0,    0,    0,    0,    0,  -16,    0,   -5,    0,   -8,    0,    0,    0,    0,    0,    0,    0,    0,    0,    0,    0,    0,    0,    0,    0,    0,    0,    0,    0,    0,    0,    0,    0,    0,    0,    0,    0,    0,    0,    0,    0,    0,    0,    0,    0,    0,    0,    0,    0,    0,    0,    0,    0,    0,    0,    0,    0,    0,    0,    0,    0,    0,    0,    0,    0,    0,    0,    0,    0,    0,    0,    0,    0,    0,    0,    0,    0,    0,    0,    0,    0,    0,    0,    0,    0,    0,    0,    0,    0,    0,    0,    0,    0,    0,    0,    0,    0,    0,    0,    0,    0,    0,    0,    0,    0,    0,    0,    0,    0,    0,    0,    0,    0,    0,    0,    0,    0,    0,    0,    0,    0,    0,    0,    0,    0,    0,    0,    0,    0,    0,    0,    0,    0,    0,    0,    0,    0,    0,    0,    0,    0,    0,    0,    0,    0,    0,    0,    0,    0,    0,    0,    0,    0,    0,    0,    0,    0,    0,    0,    0,    0,    0,    0,    0,    0,    0,    0,    0,    0,    0,    0,    0,    0,    0,    0,    0,    0,
       0,    0,    0,    0,    0,    0,    0,    0,    0,    0,   24,    0,    0,    0,    0,    0,    0,    0,    0,    0,    0,   11,    0,    0,    0,    0,    0,    0,    0,    0,    0,    0,    0,    0,   27,    0,    0,    0,    0,    0,    0,   -8,    0,    0,    0,    0,    0,    0,    0,    0,    0,    0,    0,    0,    0,    0,    0,    0,    0,   16,    0,    0,    0,    0,    0,    0,    0,    0,    0,    0,    0,    0,    0,    0,    0,    0,    0,    0,    0,    0,    0,    0,    0,    0,    0,    0,    0,    0,    0,    0,    0,    0,    0,    0,    0,    0,    0,    0,    0,    0,    0,    0,    0,    0,    0,    0,    0,    0,    0,    0,    0,    0,    0,    0,    0,    0,    0,    0,    0,    0,    0,    0,    0,    0,    0,    0,    0,    0,    0,    0,    0,    0,    0,    0,    0,    0,    0,    0,    0,    0,    0,    0,    0,    0,    0,    0,    0,    0,    0,    0,    0,    0,    0,    0,    0,    0,    0,    0,    0,    0,    0,    0,    0,    0,    0,    0,    0,    0,    0,    0,    0,    0,    0,    0,    0,    0,    0,    0,    0,    0,    0,    0,    0,
       0,    0,    0,    0,    0,    0,    0,    0,    0,  -13,    0,  -19,   -5,  -16,    0,  -16,    0,    0,    0,    0,    0,    0,    0,    0,    0,    0,    0,    0,    0,    0,    0,  -13,    0,    0,   16,    0,   -5,    0,    0,    0,    0,  -11,  -21,    0,    0,    0,    0,    0,    0,    0,    0,    0,  -11,    0,  -16,    0,    0,    0,    0,    0,  -13,    0,    0,    0,  -16,  -19,  -16,    0,  -16,    0,    0,    0,    0,    0,    0,    0,    0,    0,    0,    0,    0,    0,    0,    0,    0,    0,    0,    0,    0,    0,    0,    0,    0,    0,    0,    0,    0,    0,    0,    0,    0,    0,    0,    0,    0,    0,    0,    0,    0,    0,    0,    0,    0,    0,    0,    0,    0,    0,    0,    0,    0,    0,    0,    0,    0,    0,    0,    0,    0,    0,    0,    0,    0,    0,    0,    0,    0,    0,    0,    0,    0,    0,    0,    0,    0,    0,    0,    0,    0,    0,    0,    0,    0,    0,    0,    0,    0,    0,    0,    0,    0,    0,    0,    0,    0,    0,    0,    0,    0,    0,    0,    0,    0,    0,    0,    0,    0,    0,    0,    0,    0,    0,    0,
       0,    0,    0,    0,    0,    0,    0,    0,    0,    0,    0,  -11,    0,    0,    0,    0,    0,    0,    0,    0,    0,    0,    0,    0,    0,    0,    0,    0,    0,    0,    0,  -11,    0,    0,    0,    0,   -5,    0,    0,   -3,    0,    0,    0,    0,    0,    0,    0,    0,    0,   -3,    0,    0,   -5,    0,    0,    0,    0,    0,    0,    0,    0,    0,    0,    0,    0,  -11,    0,    0,    0,    0,    0,    0,    0,    0,    0,    0,    0,    0,    0,    0,    0,    0,    0,    0,    0,    0,    0,    0,    0,    0,    0,    0,    0,    0,    0,    0,    0,    0,    0,    0,    0,    0,    0,    0,    0,    0,    0,    0,    0,    0,    0,    0,    0,    0,    0,    0,    0,    0,    0,    0,    0,    0,    0,    0,    0,    0,    0,    0,    0,    0,    0,    0,    0,    0,    0,    0,    0,    0,    0,    0,    0,    0,    0,    0,    0,    0,    0,    0,    0,    0,    0,    0,    0,    0,    0,    0,    0,    0,    0,    0,    0,    0,    0,    0,    0,    0,    0,    0,    0,    0,    0,    0,    0,    0,    0,    0,    0,    0,    0,    0,    0,    0,    0,
       0,    0,    0,    0,    0,    0,    0,    0,    0,    0,    0,    0,    0,    0,    0,    0,    0,    0,    0,    0,    0,    0,    0,    0,    0,    0,    0,    0,    0,    0,    0,   -8,    0,    0,    0,    0,    0,    0,    0,   -3,    0,   -3,   -3,    0,    0,    0,    0,    0,    0,    0,    0,    0,    0,    0,   -3,    0,    0,    0,    0,    0,    0,    0,    0,    0,    0,    0,    0,    0,    0,    0,    0,    0,    0,    0,    0,    0,    0,    0,    0,    0,    0,    0,    0,    0,    0,    0,    0,    0,    0,    0,    0,    0,    0,    0,    0,    0,    0,    0,    0,    0,    0,    0,    0,    0,    0,    0,    0,    0,    0,    0,    0,    0,    0,    0,    0,    0,    0,    0,    0,    0,    0,    0,    0,    0,    0,    0,    0,    0,    0,    0,    0,    0,    0,    0,    0,    0,    0,    0,    0,    0,    0,    0,    0,    0,    0,    0,    0,    0,    0,    0,    0,    0,    0,    0,    0,    0,    0,    0,    0,    0,    0,    0,    0,    0,    0,    0,    0,    0,    0,    0,    0,    0,    0,    0,    0,    0,    0,    0,    0,    0,    0,    0,    0,
       0,  -19,    0,    0,    0,    0,    0,    0,    0,   -5,   13,  -19,    0,  -11,    0,  -16,    0,    0,    0,    0,    0,    0,    0,    0,    0,    0,    0,    0,    0,    0,    0,    0,    0,    0,    0,    0,    0,    0,    0,    0,    0,    0,    0,    0,    0,    0,    0,    0,    0,    0,    0,    0,    0,    0,    0,    0,    0,    0,    0,    0,    0,    0,    0,    0,    0,    0,    0,    0,    0,    0,    0,    0,    0,    0,    0,    0,    0,    0,    0,    0,    0,    0,    0,    0,    0,    0,    0,    0,    0,    0,    0,    0,    0,    0,    0,    0,    0,    0,    0,    0,    0,    0,    0,    0,    0,    0,    0,    0,    0,    0,    0,    0,    0,    0,    0,    0,    0,    0,    0,    0,    0,    0,    0,    0,    0,    0,    0,    0,    0,    0,    0,    0,    0,    0,    0,    0,    0,    0,    0,    0,    0,    0,    0,    0,    0,    0,    0,    0,    0,    0,    0,    0,    0,    0,    0,    0,    0,    0,    0,    0,    0,    0,    0,    0,    0,    0,    0,    0,    0,    0,    0,    0,    0,    0,    0,    0,    0,    0,    0,    0,    0,    0,    0,
       0,    0,    0,    0,   -3,    0,    0,    0,    0,    0,    0,    0,    0,    0,    0,    0,    0,    0,    0,    0,    0,    0,    0,    0,    0,    0,    0,    0,    0,    0,    0,    0,    0,    0,    0,    0,    0,    0,    0,    0,    0,    0,    0,    0,    0,    0,    0,    0,    0,    0,    0,    0,    0,    0,    0,    0,    0,    0,    0,    0,    0,    0,    0,    0,    0,    0,    0,    0,    0,    0,    0,    0,    0,    0,    0,    0,    0,    0,    0,    0,    0,    0,    0,    0,    0,    0,    0,    0,    0,    0,    0,    0,    0,    0,    0,    0,    0,    0,    0,    0,    0,    0,    0,    0,    0,    0,    0,    0,    0,    0,    0,    0,    0,    0,    0,    0,    0,    0,    0,    0,    0,    0,    0,    0,    0,    0,    0,    0,    0,    0,    0,    0,    0,    0,    0,    0,    0,    0,    0,    0,    0,    0,    0,    0,    0,    0,    0,    0,    0,    0,    0,    0,    0,    0,    0,    0,    0,    0,    0,    0,    0,    0,    0,    0,    0,    0,    0,    0,    0,    0,    0,    0,    0,    0,    0,    0,    0,    0,    0,    0,    0,    0,    0,
       0,    0,    0,    0,    0,    0,    0,    0,    0,   -5,    0,    0,    0,    0,    0,    0,    0,    0,    0,    0,    0,    0,    0,    0,    0,    0,   -5,    0,    0,    0,    0,    0,    0,    0,    0,    0,    0,    0,    0,    0,    0,    0,    0,    0,    0,    0,    0,    0,    0,    0,    0,    0,    0,    0,    0,    0,    0,    0,    0,    0,    0,    0,    0,    0,    0,    0,    0,    0,    0,    0,    0,    0,    0,    0,    0,    0,    0,    0,    0,    0,    0,    0,    0,    0,    0,    0,    0,    0,    0,    0,    0,    0,    0,    0,    0,    0,    0,    0,    0,    0,    0,    0,    0,    0,    0,    0,    0,    0,    0,    0,    0,    0,    0,    0,    0,    0,    0,    0,    0,    0,    0,    0,    0,    0,    0,    0,    0,    0,    0,    0,    0,    0,    0,    0,    0,    0,    0,    0,    0,    0,    0,    0,    0,    0,    0,    0,    0,    0,    0,    0,    0,    0,    0,    0,    0,    0,    0,    0,    0,    0,    0,    0,    0,    0,    0,    0,    0,    0,    0,    0,    0,    0,    0,    0,    0,    0,    0,    0,    0,    0,    0,    0,    0,
       0,    0,    0,    0,  -11,    0,    0,    0,   -5,    0,    0,   -8,    0,   -3,   -5,   -3,   -3,    0,    0,    0,    0,    0,    0,    0,    0,    0,    0,    0,    0,    0,    0,    0,    0,    0,    0,    0,    0,    0,    0,    0,    0,    0,    0,    0,    0,    0,    0,    0,    0,    0,    0,    0,    0,    0,    0,    0,    0,    0,    0,    0,    0,    0,    0,    0,    0,    0,    0,    0,    0,    0,    0,    0,    0,    0,    0,    0,    0,    0,    0,    0,    0,    0,    0,    0,    0,    0,    0,    0,    0,    0,    0,    0,    0,    0,    0,    0,    0,    0,    0,    0,    0,    0,    0,    0,    0,    0,    0,    0,    0,    0,    0,    0,    0,    0,    0,    0,    0,    0,    0,    0,    0,    0,    0,    0,    0,    0,    0,    0,    0,    0,    0,    0,    0,    0,    0,    0,    0,    0,    0,    0,    0,    0,    0,    0,    0,    0,    0,    0,    0,    0,    0,    0,    0,    0,    0,    0,    0,    0,    0,    0,    0,    0,    0,    0,    0,    0,    0,    0,    0,    0,    0,    0,    0,    0,    0,    0,    0,    0,    0,    0,    0,    0,    0,
       0,    0,    0,    0,    0,    0,    0,    0,    0,    0,   16,    0,    0,    0,    0,    0,    0,    0,    0,    0,    0,    0,    0,    0,    0,    0,    0,    0,    0,    0,    0,    0,    0,    0,    0,    0,    0,    0,    0,    0,    0,    0,    0,    0,    0,    0,    0,    0,    0,    0,    0,    0,    0,    0,    0,    0,    0,    0,    0,    0,    0,    0,    0,    0,    0,    0,    0,    0,    0,    0,    0,    0,    0,    0,    0,    0,    0,    0,    0,    0,    0,    0,    0,    0,    0,    0,    0,    0,    0,    0,    0,    0,    0,    0,    0,    0,    0,    0,    0,    0,    0,    0,    0,    0,    0,    0,    0,    0,    0,    0,    0,    0,    0,    0,    0,    0,    0,    0,    0,    0,    0,    0,    0,    0,    0,    0,    0,    0,    0,    0,    0,    0,    0,    0,    0,    0,    0,    0,    0,    0,    0,    0,    0,    0,    0,    0,    0,    0,    0,    0,    0,    0,    0,    0,    0,    0,    0,    0,    0,    0,    0,    0,    0,    0,    0,    0,    0,    0,    0,    0,    0,    0,    0,    0,    0,    0,    0,    0,    0,    0,    0,    0,    0,
       0,    0,    0,    5,  -16,    0,    0,    5,   -5,    0,    0,    0,    0,    0,    0,    0,    0,    0,    0,    0,    0,    0,    0,    0,    0,    0,    0,    0,    0,    0,    0,    0,    0,    0,    0,    0,    0,    0,    0,    0,    0,    0,    0,    0,    0,    0,    0,    0,    0,    0,    0,    0,    0,    0,    0,    0,    0,    0,    0,    0,    0,    0,    0,    0,    0,    0,    0,    0,    0,    0,    0,    0,    0,    0,    0,    0,    0,    0,    0,    0,    0,    0,    0,    0,    0,    0,    0,    0,    0,    0,    0,    0,    0,    0,    0,    0,    0,    0,    0,    0,    0,    0,    0,    0,    0,    0,    0,    0,    0,    0,    0,    0,    0,    0,    0,    0,    0,    0,    0,    0,    0,    0,    0,    0,    0,    0,    0,    0,    0,    0,    0,    0,    0,    0,    0,    0,    0,    0,    0,    0,    0,    0,    0,    0,    0,    0,    0,    0,    0,    0,    0,    0,    0,    0,    0,    0,    0,    0,    0,    0,    0,    0,    0,    0,    0,    0,    0,    0,    0,    0,    0,    0,    0,    0,    0,    0,    0,    0,    0,    0,    0,    0,    0,
       0,  -21,    0,    0,    0,    0,    0,    0,    0,   -5,    0,   -5,   -3,   -5,    0,   -8,    0,    0,    0,    0,    0,    0,    0,    0,    0,    0,    0,    0,    0,    0,    0,    0,    0,    0,    0,    0,    0,    0,    0,    0,    0,    0,    0,    0,    0,    0,    0,    0,    0,    0,    0,    0,    0,    0,    0,    0,    0,    0,    0,    0,    0,    0,    0,    0,    0,    0,    0,    0,    0,    0,    0,    0,    0,    0,    0,    0,    0,    0,    0,    0,    0,    0,    0,    0,    0,    0,    0,    0,    0,    0,    0,    0,    0,    0,    0,    0,    0,    0,    0,    0,    0,    0,    0,    0,    0,    0,    0,    0,    0,    0,    0,    0,    0,    0,    0,    0,    0,    0,    0,    0,    0,    0,    0,    0,    0,    0,    0,    0,    0,    0,    0,    0,    0,    0,    0,    0,    0,    0,    0,    0,    0,    0,    0,    0,    0,    0,    0,    0,    0,    0,    0,    0,    0,    0,    0,    0,    0,    0,    0,    0,    0,    0,    0,    0,    0,    0,    0,    0,    0,    0,    0,    0,    0,    0,    0,    0,    0,    0,    0,    0,    0,    0,    0,
       0,    0,   -3,    0,  -35,    0,    0,    0,  -13,    0,    0,    0,    0,    0,   -5,    0,   -3,    0,    0,    0,    0,    0,    0,    0,    0,    0,   -5,    0,   -8,    0,    0,    0,    0,    0,    0,    0,    0,    0,    0,    0,    0,    0,    0,    0,    0,    0,    0,    0,    0,    0,    0,    0,    0,    0,    0,    0,    0,    0,    0,    0,    0,    0,    0,    0,    0,    0,    0,    0,    0,    0,    0,    0,    0,    0,    0,    0,    0,    0,    0,    0,    0,    0,    0,    0,    0,    0,    0,    0,    0,    0,    0,    0,    0,    0,    0,    0,    0,    0,    0,    0,    0,    0,    0,    0,    0,    0,    0,    0,    0,    0,    0,    0,    0,    0,    0,    0,    0,    0,    0,    0,    0,    0,    0,    0,    0,    0,    0,    0,    0,    0,    0,    0,    0,    0,    0,    0,    0,    0,    0,    0,    0,    0,    0,    0,    0,    0,    0,    0,    0,    0,    0,    0,    0,    0,    0,    0,    0,    0,    0,    0,    0,    0,    0,    0,    0,    0,    0,    0,    0,    0,    0,    0,    0,    0,    0,    0,    0,    0,    0,    0,    0,    0,    0,
       0,    0,    0,    0,    0,    0,    0,    0,    0,    0,    0,    0,    0,    0,    0,    0,    0,    0,    0,    0,    0,    0,    0,    0,    0,    0,   -3,    0,    0,    0,    0,    0,    0,    0,    0,    0,    0,    0,    0,    0,    0,    0,    0,    0,    0,    0,    0,    0,    0,    0,    0,    0,    0,    0,    0,    0,    0,    0,    0,    0,    0,    0,    0,    0,    0,    0,    0,    0,    0,    0,    0,    0,    0,    0,    0,    0,    0,    0,    0,    0,    0,    0,    0,    0,    0,    0,    0,    0,    0,    0,    0,    0,    0,    0,    0,    0,    0,    0,    0,    0,    0,    0,    0,    0,    0,    0,    0,    0,    0,    0,    0,    0,    0,    0,    0,    0,    0,    0,    0,    0,    0,    0,    0,    0,    0,    0,    0,    0,    0,    0,    0,    0,    0,    0,    0,    0,    0,    0,    0,    0,    0,    0,    0,    0,    0,    0,    0,    0,    0,    0,    0,    0,    0,    0,    0,    0,    0,    0,    0,    0,    0,    0,    0,    0,    0,    0,    0,    0,    0,    0,    0,    0,    0,    0,    0,    0,    0,    0,    0,    0,    0,    0,    0,
       0,    0,   -5,    0,  -16,  -11,    0,    5,  -19,   -5,    0,    5,    0,    0,    0,    0,    0,  -21,    0,  -19,  -19,    0,  -13,  -16,   -5,  -11,  -16,   -8,    0,    0,    0,    0,    0,    0,    0,    0,    0,    0,    0,    0,    0,    0,    0,    0,    0,    0,    0,    0,    0,    0,    0,    0,    0,    0,    0,    0,    0,    0,    0,    0,    0,    0,    0,    0,    0,    0,    0,    0,    0,    0,    0,    0,    0,    0,    0,    0,    0,    0,    0,    0,    0,    0,    0,    0,    0,    0,    0,    0,    0,    0,    0,    0,    0,    0,    0,    0,    0,    0,    0,    0,    0,    0,    0,    0,    0,    0,    0,    0,    0,    0,    0,    0,    0,    0,    0,    0,    0,    0,    0,    0,    0,    0,    0,    0,    0,    0,    0,    0,    0,    0,    0,    0,    0,    0,    0,    0,    0,    0,    0,    0,    0,    0,    0,    0,    0,    0,    0,    0,    0,    0,    0,    0,    0,    0,    0,    0,    0,    0,    0,    0,    0,    0,    0,    0,    0,    0,    0,    0,    0,    0,    0,    0,    0,    0,    0,    0,    0,    0,    0,    0,    0,    0,    0,
       0,    0,    0,    0,   -5,    0,    0,    0,   -3,    0,    0,    0,    0,    0,    0,    0,    0,    0,    0,    0,    0,    0,    0,    0,    0,    0,    0,    0,    0,    0,    0,    0,    0,    0,    0,    0,    0,    0,    0,    0,    0,    0,    0,    0,    0,    0,    0,    0,    0,    0,    0,    0,    0,    0,    0,    0,    0,    0,    0,    0,    0,    0,    0,    0,    0,    0,    0,    0,    0,    0,    0,    0,    0,    0,    0,    0,    0,    0,    0,    0,    0,    0,    0,    0,    0,    0,    0,    0,    0,    0,    0,    0,    0,    0,    0,    0,    0,    0,    0,    0,    0,    0,    0,    0,    0,    0,    0,    0,    0,    0,    0,    0,    0,    0,    0,    0,    0,    0,    0,    0,    0,    0,    0,    0,    0,    0,    0,    0,    0,    0,    0,    0,    0,    0,    0,    0,    0,    0,    0,    0,    0,    0,    0,    0,    0,    0,    0,    0,    0,    0,    0,    0,    0,    0,    0,    0,    0,    0,    0,    0,    0,    0,    0,    0,    0,    0,    0,    0,    0,    0,    0,    0,    0,    0,    0,    0,    0,    0,    0,    0,    0,    0,    0,
       0,    0,    0,    0,  -13,    0,    0,    5,  -11,   -3,    0,    0,    0,    0,    0,    0,    0,   -5,    0,   -5,   -3,    0,   -3,   -3,    0,    0,   -8,   -3,    0,    0,    0,    0,    0,    0,    0,    0,    0,    0,    0,    0,    0,    0,    0,    0,    0,    0,    0,    0,    0,    0,    0,    0,    0,    0,    0,    0,    0,    0,    0,    0,    0,    0,    0,    0,    0,    0,    0,    0,    0,    0,    0,    0,    0,    0,    0,    0,    0,    0,    0,    0,    0,    0,    0,    0,    0,    0,    0,    0,    0,    0,    0,    0,    0,    0,    0,    0,    0,    0,    0,    0,    0,    0,    0,    0,    0,    0,    0,    0,    0,    0,    0,    0,    0,    0,    0,    0,    0,    0,    0,    0,    0,    0,    0,    0,    0,    0,    0,    0,    0,    0,    0,    0,    0,    0,    0,    0,    0,    0,    0,    0,    0,    0,    0,    0,    0,    0,    0,    0,    0,    0,    0,    0,    0,    0,    0,    0,    0,    0,    0,    0,    0,    0,    0,    0,    0,    0,    0,    0,    0,    0,    0,    0,    0,    0,    0,    0,    0,    0,    0,    0,    0,    0,    0,
       0,    0,   -8,    0,  -16,    0,    0,    5,  -16,   -5,    0,    0,    0,    0,    0,    0,    0,  -13,    0,  -13,  -13,    0,   -8,  -11,    0,   -5,  -21,   -8,    0,    0,    0,    0,    0,    0,    0,    0,    0,    0,    0,    0,    0,    0,    0,    0,    0,    0,    0,    0,    0,    0,    0,    0,    0,    0,    0,    0,    0,    0,    0,    0,    0,    0,    0,    0,    0,    0,    0,    0,    0,    0,    0,    0,    0,    0,    0,    0,    0,    0,    0,    0,    0,    0,    0,    0,    0,    0,    0,    0,    0,    0,    0,    0,    0,    0,    0,    0,    0,    0,    0,    0,    0,    0,    0,    0,    0,    0,    0,    0,    0,    0,    0,    0,    0,    0,    0,    0,    0,    0,    0,    0,    0,    0,    0,    0,    0,    0,    0,    0,    0,    0,    0,    0,    0,    0,    0,    0,    0,    0,    0,    0,    0,    0,    0,    0,    0,    0,    0,    0,    0,    0,    0,    0,    0,    0,    0,    0,    0,    0,    0,    0,    0,    0,    0,    0,    0,    0,    0,    0,    0,    0,    0,    0,    0,    0,    0,    0,    0,    0,    0,    0,    0,    0,    0,
       0,    0,    0,    0,    0,    0,    0,    0,    0,   -3,    0,    0,    0,    0,    0,    0,    0,    0,    0,    0,    0,    0,    0,    0,    0,    0,   -5,    0,    0,    0,    0,    0,    0,    0,    0,    0,    0,    0,    0,    0,    0,    0,    0,    0,    0,    0,    0,    0,    0,    0,    0,    0,    0,    0,    0,    0,    0,    0,    0,    0,    0,    0,    0,    0,    0,    0,    0,    0,    0,    0,    0,    0,    0,    0,    0,    0,    0,    0,    0,    0,    0,    0,    0,    0,    0,    0,    0,    0,    0,    0,    0,    0,    0,    0,    0,    0,    0,    0,    0,    0,    0,    0,    0,    0,    0,    0,    0,    0,    0,    0,    0,    0,    0,    0,    0,    0,    0,    0,    0,    0,    0,    0,    0,    0,    0,    0,    0,    0,    0,    0,    0,    0,    0,    0,    0,    0,    0,    0,    0,    0,    0,    0,    0,    0,    0,    0,    0,    0,    0,    0,    0,    0,    0,    0,    0,    0,    0,    0,    0,    0,    0,    0,    0,    0,    0,    0,    0,    0,    0,    0,    0,    0,    0,    0,    0,    0,    0,    0,    0,    0,    0,    0,    0,
       0,    0,    0,    0,    0,    0,    0,    0,    0,    0,   25,    0,    0,    0,    0,    0,    0,    0,    0,    0,    0,    0,    0,    0,    0,    0,    0,    0,    0,    0,    0,    0,    0,    0,    0,    0,    0,    0,    0,    0,    0,    0,    0,    0,    0,    0,    0,    0,    0,    0,    0,    0,    0,    0,    0,    0,    0,    0,    0,    0,    0,    0,    0,    0,    0,    0,    0,    0,    0,    0,    0,    0,    0,    0,    0,    0,    0,    0,    0,    0,    0,    0,    0,    0,    0,    0,    0,    0,    0,    0,    0,    0,    0,    0,    0,    0,    0,    0,    0,    0,    0,    0,    0,    0,    0,    0,    0,    0,    0,    0,    0,    0,    0,    0,    0,    0,    0,    0,    0,    0,    0,    0,    0,    0,    0,    0,    0,    0,    0,    0,    0,    0,    0,    0,    0,    0,    0,    0,    0,    0,    0,    0,    0,    0,    0,    0,    0,    0,    0,    0,    0,    0,    0,    0,    0,    0,    0,    0,    0,    0,    0,    0,    0,    0,    0,    0,    0,    0,    0,    0,    0,    0,    0,    0,    0,    0,    0,    0,    0,    0,    0,    0,    0,
       0,   -3,    0,    0,    0,    0,    0,    0,    0,    0,    0,    0,    0,    0,    0,    0,    0,    0,    0,    0,    0,    0,    0,    0,    0,    0,    0,    0,    0,    0,    0,    0,    0,    0,    0,    0,    0,    0,    0,    0,    0,    0,    0,    0,    0,    0,    0,    0,    0,    0,    0,    0,    0,    0,    0,    0,    0,    0,    0,    0,    0,    0,    0,    0,    0,    0,    0,    0,    0,    0,    0,    0,    0,    0,    0,    0,    0,    0,    0,    0,    0,    0,    0,    0,    0,    0,    0,    0,    0,    0,    0,    0,    0,    0,    0,    0,    0,    0,    0,    0,    0,    0,    0,    0,    0,    0,    0,    0,    0,    0,    0,    0,    0,    0,    0,    0,    0,    0,    0,    0,    0,    0,    0,    0,    0,    0,    0,    0,    0,    0,    0,    0,    0,    0,    0,    0,    0,    0,    0,    0,    0,    0,    0,    0,    0,    0,    0,    0,    0,    0,    0,    0,    0,    0,    0,    0,    0,    0,    0,    0,    0,    0,    0,    0,    0,    0,    0,    0,    0,    0,    0,    0,    0,    0,    0,    0,    0,    0,    0,    0,    0,    0,    0,
       0,   -3,    0,    0,    0,    0,    0,    0,    0,    0,    0,    0,    0,    0,    0,    0,    0,    0,    0,    0,    0,    0,    0,    0,   -5,   -3,    0,    0,    0,    0,    0,    0,    0,    0,    0,    0,    0,    0,    0,    0,    0,    0,    0,    0,    0,    0,    0,    0,    0,    0,    0,    0,    0,    0,    0,    0,    0,    0,    0,    0,    0,    0,    0,    0,    0,    0,    0,    0,    0,    0,    0,    0,    0,    0,    0,    0,    0,    0,    0,    0,    0,    0,    0,    0,    0,    0,    0,    0,    0,    0,    0,    0,    0,    0,    0,    0,    0,    0,    0,    0,    0,    0,    0,    0,    0,    0,    0,    0,    0,    0,    0,    0,    0,    0,    0,    0,    0,    0,    0,    0,    0,    0,    0,    0,    0,    0,    0,    0,    0,    0,    0,    0,    0,    0,    0,    0,    0,    0,    0,    0,    0,    0,    0,    0,    0,    0,    0,    0,    0,    0,    0,    0,    0,    0,    0,    0,    0,    0,    0,    0,    0,    0,    0,    0,    0,    0,    0,    0,    0,    0,    0,    0,    0,    0,    0,    0,    0,    0,    0,    0,    0,    0,    0,
       0,    5,    0,    0,    0,    0,    0,    0,    0,    0,    0,    0,    0,    0,    0,    0,    0,    0,    0,    0,    0,    0,    0,    0,    0,    0,    0,    0,    0,    0,    0,    0,    0,    0,    0,    0,    0,    0,    0,    0,    0,    0,    0,    0,    0,    0,    0,    0,    0,    0,    0,    0,    0,    0,    0,    0,    0,    0,    0,    0,    0,    0,    0,    0,    0,    0,    0,    0,    0,    0,    0,    0,    0,    0,    0,    0,    0,    0,    0,    0,    0,    0,    0,    0,    0,    0,    0,    0,    0,    0,    0,    0,    0,    0,    0,    0,    0,    0,    0,    0,    0,    0,    0,    0,    0,    0,    0,    0,    0,    0,    0,    0,    0,    0,    0,    0,    0,    0,    0,    0,    0,    0,    0,    0,    0,    0,    0,    0,    0,    0,    0,    0,    0,    0,    0,    0,    0,    0,    0,    0,    0,    0,    0,    0,    0,    0,    0,    0,    0,    0,    0,    0,    0,    0,    0,    0,    0,    0,    0,    0,    0,    0,    0,    0,    0,    0,    0,    0,    0,    0,    0,    0,    0,    0,    0,    0,    0,    0,    0,    0,    0,    0,    0,
       0,   16,    0,   11,   -5,    0,    0,    0,    0,    0,    0,    0,    0,    0,    0,    0,    0,    0,    0,    0,    0,    0,    0,    0,    0,    0,    0,    0,    0,    0,    0,    0,    0,    0,    0,    0,    0,    0,    0,    0,    0,    0,    0,    0,    0,    0,    0,    0,    0,    0,    0,    0,    0,    0,    0,    0,    0,    0,    0,    0,    0,    0,    0,    0,    0,    0,    0,    0,    0,    0,    0,    0,    0,    0,    0,    0,    0,    0,    0,    0,    0,    0,    0,    0,    0,    0,    0,    0,    0,    0,    0,    0,    0,    0,    0,    0,    0,    0,    0,    0,    0,    0,    0,    0,    0,    0,    0,    0,    0,    0,    0,    0,    0,    0,    0,    0,    0,    0,    0,    0,    0,    0,    0,    0,    0,    0,    0,    0,    0,    0,    0,    0,    0,    0,    0,    0,    0,    0,    0,    0,    0,    0,    0,    0,    0,    0,    0,    0,    0,    0,    0,    0,    0,    0,    0,    0,    0,    0,    0,    0,    0,    0,    0,    0,    0,    0,    0,    0,    0,    0,    0,    0,    0,    0,    0,    0,    0,    0,    0,    0,    0,    0,    0,
       0,   11,    0,    0,  -43,    0,    0,    0,    0,    0,    0,    0,    0,    0,    0,    0,    0,   -5,    0,   -5,   -3,    0,    0,    0,    0,    0,    0,    0,    0,    0,    0,    0,    0,    0,    0,    0,    0,    0,    0,    0,    0,    0,    0,    0,    0,    0,    0,    0,    0,    0,    0,    0,    0,    0,    0,    0,    0,    0,    0,    0,    0,    0,    0,    0,    0,    0,    0,    0,    0,    0,    0,    0,    0,    0,    0,    0,    0,    0,    0,    0,    0,    0,    0,    0,    0,    0,    0,    0,    0,    0,    0,    0,    0,    0,    0,    0,    0,    0,    0,    0,    0,    0,    0,    0,    0,    0,    0,    0,    0,    0,    0,    0,    0,    0,    0,    0,    0,    0,    0,    0,    0,    0,    0,    0,    0,    0,    0,    0,    0,    0,    0,    0,    0,    0,    0,    0,    0,    0,    0,    0,    0,    0,    0,    0,    0,    0,    0,    0,    0,    0,    0,    0,    0,    0,    0,    0,    0,    0,    0,    0,    0,    0,    0,    0,    0,    0,    0,    0,    0,    0,    0,    0,    0,    0,    0,    0,    0,    0,    0,    0,    0,    0,    0,
       0,   11,    0,    0,  -11,    0,    0,    5,    0,    0,    0,    0,    0,    0,    0,    0,    0,    0,    0,    0,    0,    0,    0,    0,    0,    0,    0,    0,    0,    0,    0,    0,    0,    0,    0,    0,    0,    0,    0,    0,    0,    0,    0,    0,    0,    0,    0,    0,    0,    0,    0,    0,    0,    0,    0,    0,    0,    0,    0,    0,    0,    0,    0,    0,    0,    0,    0,    0,    0,    0,    0,    0,    0,    0,    0,    0,    0,    0,    0,    0,    0,    0,    0,    0,    0,    0,    0,    0,    0,    0,    0,    0,    0,    0,    0,    0,    0,    0,    0,    0,    0,    0,    0,    0,    0,    0,    0,    0,    0,    0,    0,    0,    0,    0,    0,    0,    0,    0,    0,    0,    0,    0,    0,    0,    0,    0,    0,    0,    0,    0,    0,    0,    0,    0,    0,    0,    0,    0,    0,    0,    0,    0,    0,    0,    0,    0,    0,    0,    0,    0,    0,    0,    0,    0,    0,    0,    0,    0,    0,    0,    0,    0,    0,    0,    0,    0,    0,    0,    0,    0,    0,    0,    0,    0,    0,    0,    0,    0,    0,    0,    0,    0,    0,
       0,    0,    0,    0,    0,    0,    0,    0,    0,    0,    0,    0,    0,    0,    0,    0,    0,    0,    0,   -5,    0,    0,    0,    0,    0,    0,    0,    0,    0,    0,    0,    0,    0,    0,    0,    0,    0,    0,    0,    0,    0,    0,    0,    0,    0,    0,    0,    0,    0,    0,    0,    0,    0,    0,    0,    0,    0,    0,    0,    0,    0,    0,    0,    0,    0,    0,    0,    0,    0,    0,    0,    0,    0,    0,    0,    0,    0,    0,    0,    0,    0,    0,    0,    0,    0,    0,    0,    0,    0,    0,    0,    0,    0,    0,    0,    0,    0,    0,    0,    0,    0,    0,    0,    0,    0,    0,    0,    0,    0,    0,    0,    0,    0,    0,    0,    0,    0,    0,    0,    0,    0,    0,    0,    0,    0,    0,    0,    0,    0,    0,    0,    0,    0,    0,    0,    0,    0,    0,    0,    0,    0,    0,    0,    0,    0,    0,    0,    0,    0,    0,    0,    0,    0,    0,    0,    0,    0,    0,    0,    0,    0,    0,    0,    0,    0,    0,    0,    0,    0,    0,    0,    0,    0,    0,    0,    0,    0,    0,    0,    0,    0,    0,    0,
       0,    0,    0,    0,    0,    0,    0,    0,    0,    0,   13,   -5,    0,   -3,    0,   -8,    0,    0,    0,    0,    0,    0,    0,    0,    0,    0,    0,    0,    0,    0,    0,    0,    0,    0,    0,    0,    0,    0,    0,    0,    0,    0,    0,    0,    0,    0,    0,    0,    0,    0,    0,    0,    0,    0,    0,    0,    0,    0,    0,    0,    0,    0,    0,    0,    0,    0,    0,    0,    0,    0,    0,    0,    0,    0,    0,    0,    0,    0,    0,    0,    0,    0,    0,    0,    0,    0,    0,    0,    0,    0,    0,    0,    0,    0,    0,    0,    0,    0,    0,    0,    0,    0,    0,    0,    0,    0,    0,    0,    0,    0,    0,    0,    0,    0,    0,    0,    0,    0,    0,    0,    0,    0,    0,    0,    0,    0,    0,    0,    0,    0,    0,    0,    0,    0,    0,    0,    0,    0,    0,    0,    0,    0,    0,    0,    0,    0,    0,    0,    0,    0,    0,    0,    0,    0,    0,    0,    0,    0,    0,    0,    0,    0,    0,    0,    0,    0,    0,    0,    0,    0,    0,    0,    0,    0,    0,    0,    0,    0,    0,    0,    0,    0,    0,
       0,    0,    0,    0,    0,    0,    0,    0,    0,    0,    0,   -8,    0,   -3,    0,   -8,    0,    0,    0,    0,    0,    0,    0,    0,    0,    0,    0,    0,    0,    0,    0,   -8,    0,    0,    0,    0,    0,   -3,    0,    0,    0,    0,    0,    0,    0,    0,    0,    0,    0,    0,    0,    0,    0,    0,    0,    0,    0,    0,    0,    0,    0,    0,    0,    0,    0,   -3,    0,    0,    0,    0,    0,    0,    0,    0,    0,    0,    0,    0,    0,    0,    0,    0,    0,    0,    0,    0,    0,    0,    0,    0,    0,    0,    0,    0,    0,    0,    0,    0,    0,    0,    0,    0,    0,    0,    0,    0,    0,    0,    0,    0,    0,    0,    0,    0,    0,    0,    0,    0,    0,    0,    0,    0,    0,    0,    0,    0,    0,    0,    0,    0,    0,    0,    0,    0,    0,    0,    0,    0,    0,    0,    0,    0,    0,    0,    0,    0,    0,    0,    0,    0,    0,    0,    0,    0,    0,    0,    0,    0,    0,    0,    0,    0,    0,    0,    0,    0,    0,    0,    0,    0,    0,    0,    0,    0,    0,    0,    0,    0,    0,    0,    0,    0,    0,
       0,    0,    0,    0,    0,    0,    0,    0,    0,    0,    0,  -16,    0,   -8,   -5,  -21,    0,    0,    0,    0,    0,    0,    0,    0,    0,    0,    0,    0,    0,    0,    0,  -16,    0,    0,    0,    0,   -5,    0,    0,   -5,    0,    0,   -5,    0,    0,    0,    0,    0,    0,    0,    0,    0,    0,    0,    0,    0,    0,    0,    0,    0,    0,    0,    0,    0,    0,  -11,    0,    0,    0,    0,    0,    0,    0,    0,    0,    0,    0,    0,    0,    0,    0,    0,    0,    0,    0,    0,    0,    0,    0,    0,    0,    0,    0,    0,    0,    0,    0,    0,    0,    0,    0,    0,    0,    0,    0,    0,    0,    0,    0,    0,    0,    0,    0,    0,    0,    0,    0,    0,    0,    0,    0,    0,    0,    0,    0,    0,    0,    0,    0,    0,    0,    0,    0,    0,    0,    0,    0,    0,    0,    0,    0,    0,    0,    0,    0,    0,    0,    0,    0,    0,    0,    0,    0,    0,    0,    0,    0,    0,    0,    0,    0,    0,    0,    0,    0,    0,    0,    0,    0,    0,    0,    0,    0,    0,    0,    0,    0,    0,    0,    0,    0,    0,    0,
       0,    0,    0,    0,    0,    0,    0,    0,    0,    0,   27,  -11,    0,   -8,    0,  -11,    0,    0,    0,    0,    0,    0,    0,    0,    0,    0,    0,    0,    0,    0,    0,    0,    0,    0,    0,    0,    0,    0,    0,    0,    0,    0,    0,    0,    0,    0,    0,    0,    0,    0,    0,    0,    0,    0,    0,    0,    0,    0,    0,    0,    0,    0,    0,    0,    0,    0,    0,    0,    0,    0,    0,    0,    0,    0,    0,    0,    0,    0,    0,    0,    0,    0,    0,    0,    0,    0,    0,    0,    0,    0,    0,    0,    0,    0,    0,    0,    0,    0,    0,    0,    0,    0,    0,    0,    0,    0,    0,    0,    0,    0,    0,    0,    0,    0,    0,    0,    0,    0,    0,    0,    0,    0,    0,    0,    0,    0,    0,    0,    0,    0,    0,    0,    0,    0,    0,    0,    0,    0,    0,    0,    0,    0,    0,    0,    0,    0,    0,    0,    0,    0,    0,    0,    0,    0,    0,    0,    0,    0,    0,    0,    0,    0,    0,    0,    0,    0,    0,    0,    0,    0,    0,    0,    0,    0,    0,    0,    0,    0,    0,    0,    0,    0,    0,
       0,    0,    0,   13,    0,    0,    0,    0,    0,    0,    0,    0,    0,    0,    0,    0,    0,    0,    0,    0,    0,    0,    0,    0,    0,    0,    0,    0,    0,    0,    0,    0,    0,    0,    0,    0,    0,    0,    0,    0,    0,    0,    0,    0,    0,    0,    0,    0,    0,    0,    0,    0,    0,    0,    0,    0,    0,    0,    0,    0,    0,    0,    0,    0,    0,    0,    0,    0,    0,    0,    0,    0,    0,    0,    0,    0,    0,    0,    0,    0,    0,    0,    0,    0,    0,    0,    0,    0,    0,    0,    0,    0,    0,    0,    0,    0,    0,    0,    0,    0,    0,    0,    0,    0,    0,    0,    0,    0,    0,    0,    0,    0,    0,    0,    0,    0,    0,    0,    0,    0,    0,    0,    0,    0,    0,    0,    0,    0,    0,    0,    0,    0,    0,    0,    0,    0,    0,    0,    0,    0,    0,    0,    0,    0,    0,    0,    0,    0,    0,    0,    0,    0,    0,    0,    0,    0,    0,    0,    0,    0,    0,    0,    0,    0,    0,    0,    0,    0,    0,    0,    0,    0,    0,    0,    0,    0,    0,    0,    0,    0,    0,    0,    0,
       0,  -19,    0,    0,    0,    0,    0,    0,    0,   -5,   29,  -19,    0,  -11,    0,  -16,    0,    0,    0,    0,    0,    0,    0,    0,    0,    0,    0,    0,    0,    0,    0,    0,    0,    0,    0,    0,    0,    0,    0,    0,    0,    0,    0,    0,    0,    0,    0,    0,    0,    0,    0,    0,    0,    0,    0,    0,    0,    0,    0,    0,    0,    0,    0,    0,    0,    0,    0,    0,    0,    0,    0,    0,    0,    0,    0,    0,    0,    0,    0,    0,    0,    0,    0,    0,    0,    0,    0,    0,    0,    0,    0,    0,    0,    0,    0,    0,    0,    0,    0,    0,    0,    0,    0,    0,    0,    0,    0,    0,    0,    0,    0,    0,    0,    0,    0,    0,    0,    0,    0,    0,    0,    0,    0,    0,    0,    0,    0,    0,    0,    0,    0,    0,    0,    0,    0,    0,    0,    0,    0,    0,    0,    0,    0,    0,    0,    0,    0,    0,    0,    0,    0,    0,    0,    0,    0,    0,    0,    0,    0,    0,    0,    0,    0,    0,    0,    0,    0,    0,    0,    0,    0,    0,    0,    0,    0,    0,    0,    0,    0,    0,    0,    0,    0,
      13,   13,    0,   24,    0,    0,    0,   24,    0,    0,    0,    0,    0,    0,    0,    0,    0,    0,    8,    0,    0,    0,    0,    0,    0,    0,    0,    0,    0,   19,    0,    0,    0,    0,    0,    0,    0,    0,    0,    0,    0,    0,    0,    0,    0,    0,    0,    0,    0,    0,    0,    0,    0,    0,    0,    0,    0,    0,    0,    0,    0,    0,    0,    0,    0,    0,    0,    0,    0,    0,    0,    0,    0,   19,    0,    0,    0,    0,    0,    0,    0,    0,    0,    0,    0,    0,    0,    0,    0,    0,    0,    0,    0,    0,    0,    0,    0,    0,    0,    0,    0,    0,    0,    0,    0,    0,    0,    0,    0,    0,    0,    0,    0,    0,    0,    0,    0,    0,    0,    0,    0,    0,    0,    0,    0,    0,    0,    0,    0,    0,    0,    0,    0,    0,    0,    0,    0,    0,    0,    0,    0,    0,    0,    0,    0,    0,    0,    0,    0,    0,    0,    0,    0,    0,    0,    0,    0,    0,    0,    0,    0,    0,    0,    0,    0,    0,    0,    0,    0,    0,    0,    0,    0,    0,    0,    0,    0,    0,    0,    0,    0,    0,    0,
       0,    0,    0,   13,    0,    0,    0,    0,    0,    0,    0,    0,    0,    0,    0,    0,    0,    0,    0,    0,    0,    0,    0,    0,    0,    0,    0,    0,    0,    0,   35,    0,    0,    0,    0,    0,    0,    0,    0,    0,    0,    0,    0,    0,    0,    0,    0,    0,    0,    0,    0,    0,    0,    0,    0,    0,    0,    0,    0,    0,    0,    0,    0,    0,    0,    0,    0,    0,    0,    0,    0,    0,    0,    0,    0,    0,    0,    0,    0,    0,    0,    0,    0,    0,    0,    0,    0,    0,    0,    0,    0,    0,    0,    0,    0,    0,    0,    0,    0,    0,    0,    0,    0,    0,    0,    0,    0,    0,    0,    0,    0,    0,    0,    0,    0,    0,    0,    0,    0,    0,    0,    0,    0,    0,    0,    0,    0,    0,    0,    0,    0,    0,    0,    0,    0,    0,    0,    0,    0,    0,    0,    0,    0,    0,    0,    0,    0,    0,    0,    0,    0,    0,    0,    0,    0,    0,    0,    0,    0,    0,    0,    0,    0,    0,    0,    0,    0,    0,    0,    0,    0,    0,    0,    0,    0,    0,    0,    0,    0,    0,    0,    0,    0,
       0,    0,    0,    0,    0,    0,    0,    0,    0,    0,   13,    0,    0,    0,    0,    0,    0,    0,    0,    0,    0,    0,    0,    0,    0,    0,    0,    0,    0,    0,    0,    0,    0,    0,    0,    0,    0,    0,    0,    0,    0,    0,    0,    0,    0,    0,    0,    0,    0,    0,    0,    0,    0,    0,    0,    0,    0,    0,    0,    0,    0,    0,    0,    0,    0,    0,    0,    0,    0,    0,    0,    0,    0,    0,    0,    0,    0,    0,    0,    0,    0,    0,    0,    0,    0,    0,    0,    0,    0,    0,    0,    0,    0,    0,    0,    0,    0,    0,    0,    0,    0,    0,    0,    0,    0,    0,    0,    0,    0,    0,    0,    0,    0,    0,    0,    0,    0,    0,    0,    0,    0,    0,    0,    0,    0,    0,    0,    0,    0,    0,    0,    0,    0,    0,    0,    0,    0,    0,    0,    0,    0,    0,    0,    0,    0,    0,    0,    0,    0,    0,    0,    0,    0,    0,    0,    0,    0,    0,    0,    0,    0,    0,    0,    0,    0,    0,    0,    0,    0,    0,    0,    0,    0,    0,    0,    0,    0,    0,    0,    0,    0,    0,    0,
      19,   29,    0,   32,    0,    0,    0,   29,    0,    0,    0,    0,    0,    0,    0,    0,    0,    0,    0,    0,    0,    0,    0,    0,    0,    0,    0,    0,    0,    0,    0,    0,    0,    0,    0,    0,    0,    0,    0,    0,    0,    0,    0,    0,    0,    0,    0,    0,    0,    0,    0,    0,    0,    0,    0,    0,    0,    0,    0,    0,    0,    0,    0,    0,    0,    0,    0,    0,    0,    0,    0,    0,    0,   19,    0,    0,    0,    0,    0,    0,    0,    0,    0,    0,    0,    0,    0,    0,    0,    0,    0,    0,    0,    0,    0,    0,    0,    0,    0,    0,    0,    0,    0,    0,    0,    0,    0,    0,    0,    0,    0,    0,    0,    0,    0,    0,    0,    0,    0,    0,    0,    0,    0,    0,    0,    0,    0,    0,    0,    0,    0,    0,    0,    0,    0,    0,    0,    0,    0,    0,    0,    0,    0,    0,    0,    0,    0,    0,    0,    0,    0,    0,    0,    0,    0,    0,    0,    0,    0,    0,    0,    0,    0,    0,    0,    0,    0,    0,    0,    0,    0,    0,    0,    0,    0,    0,    0,    0,    0,    0,    0,    0,    0,
       0,    0,    0,    0,    0,    0,    0,    0,    0,    0,    0,    0,    0,    0,    0,    0,    0,    0,    0,    0,    0,    0,    0,    0,    0,    0,    0,    0,    0,    0,    0,    0,    0,    0,   13,    0,    0,    0,    0,    0,    0,    0,    0,    0,    0,    0,    0,    0,    0,    0,    0,    0,    0,    0,    0,    0,    0,    0,    0,    0,    0,    0,    0,    0,    0,    0,    0,    0,    0,    0,    0,    0,    0,    0,    0,    0,    0,    0,    0,    0,    0,    0,    0,    0,    0,    0,    0,    0,    0,    0,    0,    0,    0,    0,    0,    0,    0,    0,    0,    0,    0,    0,    0,    0,    0,    0,    0,    0,    0,    0,    0,    0,    0,    0,    0,    0,    0,    0,    0,    0,    0,    0,    0,    0,    0,    0,    0,    0,    0,    0,    0,    0,    0,    0,    0,    0,    0,    0,    0,    0,    0,    0,    0,    0,    0,    0,    0,    0,    0,    0,    0,    0,    0,    0,    0,    0,    0,    0,    0,    0,    0,    0,    0,    0,    0,    0,    0,    0,    0,    0,    0,    0,    0,    0,    0,    0,    0,    0,    0,    0,    0,    0,    0,
       0,  -19,    0,    0,    0,    0,    0,    0,    0,    0,    0,    0,    0,    0,    0,    0,    0,    0,    0,    0,    0,    0,    0,    0,    0,    0,    0,    0,    0,    0,    0,  -13,    0,    0,    0,    0,   -5,    0,    0,    0,    0,    0,   -8,    0,    0,    0,    0,    0,    0,    0,    0,    0,   -5,   -5,   -5,    0,    0,    0,    0,    0,    0,    0,   -5,    0,  -11,  -16,  -13,   -5,    0,    0,    0,    0,    0,   -8,    0,    0,    0,    0,    0,    0,    0,    0,    0,    0,    0,    0,    0,    0,    0,    0,    0,    0,    0,    0,    0,    0,    0,    0,    0,    0,    0,    0,    0,    0,    0,    0,    0,    0,    0,    0,    0,    0,    0,    0,    0,    0,    0,    0,    0,    0,    0,    0,    0,    0,    0,    0,    0,    0,    0,    0,    0,    0,    0,    0,    0,    0,    0,    0,    0,    0,    0,    0,    0,    0,    0,    0,    0,    0,    0,    0,    0,    0,    0,    0,    0,    0,    0,    0,    0,    0,    0,    0,    0,    0,    0,    0,    0,    0,    0,    0,    0,    0,    0,    0,    0,    0,    0,    0,    0,    0,    0,    0,    0,
       0,    5,    0,    0,  -13,  -11,   -8,    0,    0,    0,    0,    0,    0,    0,    0,    0,    0,    0,    0,    0,    0,    0,    0,    0,    0,    0,    0,   -8,    0,    0,    0,    5,   -5,    0,    0,   -7,    0,  -19,   -7,    0,    0,   -9,    0,    0,  -11,   -5,   -8,  -11,  -11,   -3,   -3,   -8,   -3,   -5,   -8,  -11,    0,   -5,    0,    0,    0,    0,    0,    0,    0,    3,    0,    0,    0,    0,    0,    0,    0,    0,    0,    0,    0,    0,    0,    0,    0,    0,    0,    0,    0,    0,    0,    0,    0,    0,    0,    0,    0,    0,    0,    0,    0,    0,    0,    0,    0,    0,    0,    0,    0,    0,    0,    0,    0,    0,    0,    0,    0,    0,    0,    0,    0,    0,    0,    0,    0,    0,    0,    0,    0,    0,    0,    0,    0,    0,    0,    0,    0,    0,    0,    0,    0,    0,    0,    0,    0,    0,    0,    0,    0,    0,    0,    0,    0,    0,    0,    0,    0,    0,    0,    0,    0,    0,    0,    0,    0,    0,    0,    0,    0,    0,    0,    0,    0,    0,    0,    0,    0,    0,    0,    0,    0,    0,    0,    0,    0,    0,    0,
       0,    0,    0,    0,    0,    0,    0,    0,    0,    0,    0,    0,    0,    0,    0,    0,    0,    0,    0,    0,    0,    0,    0,    0,    0,    0,   -5,    0,    0,    0,    0,    0,   -5,    0,    0,    0,    0,    0,    0,    0,    0,   -8,    0,    0,    0,    0,    0,    0,    0,    0,    0,    0,    0,    0,   -5,    0,    0,    0,    0,    0,   -5,    0,    0,    0,    0,    0,    0,    0,   -5,    0,    0,    0,    0,    0,    0,    0,    0,    0,    0,    0,    0,    0,    0,    0,    0,    0,    0,    0,    0,    0,    0,    0,    0,    0,    0,    0,    0,    0,    0,    0,    0,    0,    0,    0,    0,    0,    0,    0,    0,    0,    0,    0,    0,    0,    0,    0,    0,    0,    0,    0,    0,    0,    0,    0,    0,    0,    0,    0,    0,    0,    0,    0,    0,    0,    0,    0,    0,    0,    0,    0,    0,    0,    0,    0,    0,    0,    0,    0,    0,    0,    0,    0,    0,    0,    0,    0,    0,    0,    0,    0,    0,    0,    0,    0,    0,    0,    0,    0,    0,    0,    0,    0,    0,    0,    0,    0,    0,    0,    0,    0,    0,    0,    0,
       0,    0,    0,    0,   -5,    0,    0,    0,    0,    0,    0,    0,    0,    0,    0,    0,    0,    0,    0,    0,    0,    0,    0,    0,    0,    0,    0,    0,    0,    0,    0,    0,    0,    0,    0,    0,    0,    0,    0,    0,    0,   -3,    0,    0,    0,    0,    0,    0,    0,    0,    0,    0,    0,    0,    0,    0,    0,    0,    0,    0,    0,    0,    0,    0,    0,    0,    0,    0,    0,    0,    0,    0,    0,    0,    0,    0,    0,    0,    0,    0,    0,    0,    0,    0,    0,    0,    0,    0,    0,    0,    0,    0,    0,    0,    0,    0,    0,    0,    0,    0,    0,    0,    0,    0,    0,    0,    0,    0,    0,    0,    0,    0,    0,    0,    0,    0,    0,    0,    0,    0,    0,    0,    0,    0,    0,    0,    0,    0,    0,    0,    0,    0,    0,    0,    0,    0,    0,    0,    0,    0,    0,    0,    0,    0,    0,    0,    0,    0,    0,    0,    0,    0,    0,    0,    0,    0,    0,    0,    0,    0,    0,    0,    0,    0,    0,    0,    0,    0,    0,    0,    0,    0,    0,    0,    0,    0,    0,    0,    0,    0,    0,    0,    0,
       0,  -24,    0,    0,   -3,    0,    0,    0,    0,    0,    0,    0,    0,    0,    0,    0,    0,    0,    0,    0,    0,    0,    0,    0,    0,    0,    0,    0,    0,    0,    0,  -16,    0,    0,    0,    0,   -5,    0,    0,    0,    0,    0,   -8,    0,    0,    0,    0,    0,    0,   -5,    0,    0,   -5,   -5,    0,   -5,    0,    0,    0,    0,    0,    0,    0,    0,    0,   -8,    0,    0,    0,    0,    0,    0,    0,  -16,    0,    0,    0,    0,    0,    0,    0,    0,    0,    0,    0,    0,    0,    0,    0,    0,    0,    0,    0,    0,    0,    0,    0,    0,    0,    0,    0,    0,    0,    0,    0,    0,    0,    0,    0,    0,    0,    0,    0,    0,    0,    0,    0,    0,    0,    0,    0,    0,    0,    0,    0,    0,    0,    0,    0,    0,    0,    0,    0,    0,    0,    0,    0,    0,    0,    0,    0,    0,    0,    0,    0,    0,    0,    0,    0,    0,    0,    0,    0,    0,    0,    0,    0,    0,    0,    0,    0,    0,    0,    0,    0,    0,    0,    0,    0,    0,    0,    0,    0,    0,    0,    0,    0,    0,    0,    0,    0,    0,    0,
       0,    5,    0,    0,    0,   -3,   -3,    0,    0,    0,    0,    0,    0,    0,    0,    0,    0,    0,    0,    0,    0,    0,    0,    0,    0,    0,   -5,    0,    0,    0,    0,    0,   -5,    0,    0,    0,    0,    0,    0,    0,    0,  -11,   -3,    0,   -3,   -5,    0,    0,   -5,    0,    0,    0,   -3,   -3,   -5,    0,    0,    0,    0,    0,   -5,    0,    0,    0,    0,    0,    0,    0,  -13,    0,    0,    0,    0,    0,    0,    0,    0,    0,    0,    0,    0,    0,    0,    0,    0,    0,    0,    0,    0,    0,    0,    0,    0,    0,    0,    0,    0,    0,    0,    0,    0,    0,    0,    0,    0,    0,    0,    0,    0,    0,    0,    0,    0,    0,    0,    0,    0,    0,    0,    0,    0,    0,    0,    0,    0,    0,    0,    0,    0,    0,    0,    0,    0,    0,    0,    0,    0,    0,    0,    0,    0,    0,    0,    0,    0,    0,    0,    0,    0,    0,    0,    0,    0,    0,    0,    0,    0,    0,    0,    0,    0,    0,    0,    0,    0,    0,    0,    0,    0,    0,    0,    0,    0,    0,    0,    0,    0,    0,    0,    0,    0,    0,    0,
       0,    5,    0,    0,  -19,   -5,   -3,    0,    0,    0,    0,    0,    0,    0,    0,    0,    0,    0,    0,    0,    0,    0,    0,    0,    0,    0,  -13,   -5,    0,    0,    0,    0,  -11,   -5,    0,  -24,    0,  -32,  -27,    0,    0,   -8,    0,   -8,  -13,  -11,   -3,  -27,  -16,   -8,   -5,  -13,    0,    0,   -5,  -13,   13,   -8,    0,    0,   -3,    0,    0,    0,    0,    0,    0,    0,   -5,   -8,  -13,    0,    0,    0,    0,    0,    0,    0,    0,    0,    0,    0,    0,    0,    0,    0,    0,    0,    0,    0,    0,    0,    0,    0,    0,    0,    0,    0,    0,    0,    0,    0,    0,    0,    0,    0,    0,    0,    0,    0,    0,    0,    0,    0,    0,    0,    0,    0,    0,    0,    0,    0,    0,    0,    0,    0,    0,    0,    0,    0,    0,    0,    0,    0,    0,    0,    0,    0,    0,    0,    0,    0,    0,    0,    0,    0,    0,    0,    0,    0,    0,    0,    0,    0,    0,    0,    0,    0,    0,    0,    0,    0,    0,    0,    0,    0,    0,    0,    0,    0,    0,    0,    0,    0,    0,    0,    0,    0,    0,    0,    0,    0,    0,
       0,  -19,    0,    0,    0,    0,    0,    0,    0,    0,    0,    0,    0,    0,    0,    0,    0,    0,    0,    0,    0,    0,    0,    0,    0,    0,    0,   -3,    0,    0,    0,  -19,   -5,    0,   13,    0,   -8,    0,    0,    0,    0,   -9,  -16,    0,    0,    0,    0,    0,   -3,    0,    0,    0,   -8,   -5,   -8,    0,    0,    0,    0,    0,    0,    0,   -5,    0,  -11,  -13,  -16,    0,  -13,    0,    0,    0,   -3,  -11,    0,    0,    0,    0,    0,    0,    0,    0,    0,    0,    0,    0,    0,    0,    0,    0,    0,    0,    0,    0,    0,    0,    0,    0,    0,    0,    0,    0,    0,    0,    0,    0,    0,    0,    0,    0,    0,    0,    0,    0,    0,    0,    0,    0,    0,    0,    0,    0,    0,    0,    0,    0,    0,    0,    0,    0,    0,    0,    0,    0,    0,    0,    0,    0,    0,    0,    0,    0,    0,    0,    0,    0,    0,    0,    0,    0,    0,    0,    0,    0,    0,    0,    0,    0,    0,    0,    0,    0,    0,    0,    0,    0,    0,    0,    0,    0,    0,    0,    0,    0,    0,    0,    0,    0,    0,    0,    0,    0,    0,
       0,    0,    0,    0,    0,    0,    0,    0,    0,    0,    0,    0,    0,    0,    0,    0,    0,    0,    0,    0,    0,    0,    0,    0,    0,    0,    0,    0,    0,    0,    0,    0,    0,    0,    0,    0,    0,    0,    0,    0,    0,    0,    0,    0,    0,    0,    0,    0,    0,   -3,    0,    0,    0,   -3,    0,    0,    0,    0,    0,    0,    0,    0,    0,    0,    0,    0,    0,    0,    0,    0,    0,    0,    0,    0,    0,    0,    0,    0,    0,    0,    0,    0,    0,    0,    0,    0,    0,    0,    0,    0,    0,    0,    0,    0,    0,    0,    0,    0,    0,    0,    0,    0,    0,    0,    0,    0,    0,    0,    0,    0,    0,    0,    0,    0,    0,    0,    0,    0,    0,    0,    0,    0,    0,    0,    0,    0,    0,    0,    0,    0,    0,    0,    0,    0,    0,    0,    0,    0,    0,    0,    0,    0,    0,    0,    0,    0,    0,    0,    0,    0,    0,    0,    0,    0,    0,    0,    0,    0,    0,    0,    0,    0,    0,    0,    0,    0,    0,    0,    0,    0,    0,    0,    0,    0,    0,    0,    0,    0,    0,    0,    0,    0,    0,
       0,    0,    0,   -7,    0,    0,    0,    0,    0,    0,    0,    0,    0,    0,    0,    0,    0,    0,    0,    0,    0,    0,    0,    0,    0,    0,    0,    0,    0,    0,    0,    0,    0,    0,    0,    0,    0,    0,    0,    0,    0,    0,    0,    0,    0,    0,    0,    0,    0,   -3,    0,    0,    0,    0,   -4,   -3,    0,    0,    0,    0,    0,    0,    0,    0,    0,    0,    0,    0,    0,    0,    0,    0,    0,    0,    0,    0,    0,    0,    0,    0,    0,    0,    0,    0,    0,    0,    0,    0,    0,    0,    0,    0,    0,    0,    0,    0,    0,    0,    0,    0,    0,    0,    0,    0,    0,    0,    0,    0,    0,    0,    0,    0,    0,    0,    0,    0,    0,    0,    0,    0,    0,    0,    0,    0,    0,    0,    0,    0,    0,    0,    0,    0,    0,    0,    0,    0,    0,    0,    0,    0,    0,    0,    0,    0,    0,    0,    0,    0,    0,    0,    0,    0,    0,    0,    0,    0,    0,    0,    0,    0,    0,    0,    0,    0,    0,    0,    0,    0,    0,    0,    0,    0,    0,    0,    0,    0,    0,    0,    0,    0,    0,    0,    0,
       0,    0,    0,    0,    8,    0,    0,    0,    0,    0,    0,    0,    0,    0,    0,    0,    0,    0,    0,    0,    0,    0,    0,    0,    0,    0,    0,    0,    0,    0,    0,    0,    0,    0,   24,    8,    0,    0,   11,    0,    0,   -3,   -7,    0,    0,    0,    0,    8,    0,    0,    0,    8,   -3,    8,   -5,    0,    0,    0,    0,   19,    0,    0,    0,    0,    0,    0,    0,    0,    0,    0,    0,    0,    0,    0,    0,    0,    0,    0,    0,    0,    0,    0,    0,    0,    0,    0,    0,    0,    0,    0,    0,    0,    0,    0,    0,    0,    0,    0,    0,    0,    0,    0,    0,    0,    0,    0,    0,    0,    0,    0,    0,    0,    0,    0,    0,    0,    0,    0,    0,    0,    0,    0,    0,    0,    0,    0,    0,    0,    0,    0,    0,    0,    0,    0,    0,    0,    0,    0,    0,    0,    0,    0,    0,    0,    0,    0,    0,    0,    0,    0,    0,    0,    0,    0,    0,    0,    0,    0,    0,    0,    0,    0,    0,    0,    0,    0,    0,    0,    0,    0,    0,    0,    0,    0,    0,    0,    0,    0,    0,    0,    0,    0,    0,
       0,    0,    0,    0,  -11,    0,    0,    0,    0,    0,    0,    0,    0,    0,    0,    0,    0,    0,    0,    0,    0,    0,    0,    0,    0,    0,    0,    0,    0,    0,    0,   -5,    0,    0,    0,   -3,  -11,   -5,   -3,   -5,   -3,    0,    0,    0,    0,    0,    0,   -3,    0,   -4,    0,   -3,    0,    0,    0,   -3,    0,    0,    0,    0,    0,    0,    0,    0,   -3,   -3,   -3,    0,    0,    0,   -5,    0,    0,    0,    0,    0,    0,    0,    0,    0,    0,    0,    0,    0,    0,    0,    0,    0,    0,    0,    0,    0,    0,    0,    0,    0,    0,    0,    0,    0,    0,    0,    0,    0,    0,    0,    0,    0,    0,    0,    0,    0,    0,    0,    0,    0,    0,    0,    0,    0,    0,    0,    0,    0,    0,    0,    0,    0,    0,    0,    0,    0,    0,    0,    0,    0,    0,    0,    0,    0,    0,    0,    0,    0,    0,    0,    0,    0,    0,    0,    0,    0,    0,    0,    0,    0,    0,    0,    0,    0,    0,    0,    0,    0,    0,    0,    0,    0,    0,    0,    0,    0,    0,    0,    0,    0,    0,    0,    0,    0,    0,    0,    0,
       0,    0,    0,    0,  -35,   -3,   -3,    0,    0,    0,    0,    0,    0,    0,    0,    0,    0,    0,    0,    0,    0,    0,    0,    0,    0,    0,   -5,   -3,    0,    0,    0,    0,    0,    0,    0,  -16,   -5,  -13,  -16,   -5,    0,   -3,    0,    0,   -7,    0,    0,  -13,   -3,    0,    0,  -11,    0,    0,    0,   -3,    0,    0,    0,    0,    0,    0,    0,    0,    0,    0,    0,    0,    0,    0,  -16,    0,    0,    0,    0,    0,    0,    0,    0,    0,    0,    0,    0,    0,    0,    0,    0,    0,    0,    0,    0,    0,    0,    0,    0,    0,    0,    0,    0,    0,    0,    0,    0,    0,    0,    0,    0,    0,    0,    0,    0,    0,    0,    0,    0,    0,    0,    0,    0,    0,    0,    0,    0,    0,    0,    0,    0,    0,    0,    0,    0,    0,    0,    0,    0,    0,    0,    0,    0,    0,    0,    0,    0,    0,    0,    0,    0,    0,    0,    0,    0,    0,    0,    0,    0,    0,    0,    0,    0,    0,    0,    0,    0,    0,    0,    0,    0,    0,    0,    0,    0,    0,    0,    0,    0,    0,    0,    0,    0,    0,    0,    0,    0,
       0,   -3,    0,   -8,  -11,    0,   -3,    0,    0,    0,    0,    0,    0,    0,    0,    0,    0,    0,    0,    0,    0,    0,    0,    0,    0,    0,    0,    0,    0,    0,    0,   -9,    0,   -3,    0,   -7,   -8,   -9,   -8,  -11,   -8,    0,    0,   -3,    0,    0,    0,   -7,    0,   -4,    0,   -4,    0,    0,    0,   -3,    0,    0,    0,    0,    0,    0,    0,    0,    0,   -5,    0,    0,    0,    0,    0,    0,    0,    0,    0,    0,    0,    0,    0,    0,    0,    0,    0,    0,    0,    0,    0,    0,    0,    0,    0,    0,    0,    0,    0,    0,    0,    0,    0,    0,    0,    0,    0,    0,    0,    0,    0,    0,    0,    0,    0,    0,    0,    0,    0,    0,    0,    0,    0,    0,    0,    0,    0,    0,    0,    0,    0,    0,    0,    0,    0,    0,    0,    0,    0,    0,    0,    0,    0,    0,    0,    0,    0,    0,    0,    0,    0,    0,    0,    0,    0,    0,    0,    0,    0,    0,    0,    0,    0,    0,    0,    0,    0,    0,    0,    0,    0,    0,    0,    0,    0,    0,    0,    0,    0,    0,    0,    0,    0,    0,    0,    0,    0,
       0,   -3,    0,    0,    0,    0,    0,    0,    0,    0,    0,    0,    0,    0,    0,    0,    0,    0,    0,    0,    0,    0,    0,    0,    0,    0,    0,    0,    0,    0,    0,  -11,    0,    0,    0,    0,  -11,    0,    0,    0,    0,    0,    0,    0,    0,    0,    0,    0,    0,   -5,    0,    0,   -3,   -3,    0,    0,    0,    0,    0,    0,    0,    0,    0,    0,    0,    0,    0,    0,    0,    0,    0,    0,    0,    0,    0,    0,    0,    0,    0,    0,    0,    0,    0,    0,    0,    0,    0,    0,    0,    0,    0,    0,    0,    0,    0,    0,    0,    0,    0,    0,    0,    0,    0,    0,    0,    0,    0,    0,    0,    0,    0,    0,    0,    0,    0,    0,    0,    0,    0,    0,    0,    0,    0,    0,    0,    0,    0,    0,    0,    0,    0,    0,    0,    0,    0,    0,    0,    0,    0,    0,    0,    0,    0,    0,    0,    0,    0,    0,    0,    0,    0,    0,    0,    0,    0,    0,    0,    0,    0,    0,    0,    0,    0,    0,    0,    0,    0,    0,    0,    0,    0,    0,    0,    0,    0,    0,    0,    0,    0,    0,    0,    0,    0,
       0,    0,    0,    0,    0,    0,    0,    0,    0,    0,    0,    0,    0,    0,    0,    0,    0,    0,    0,    0,    0,    0,    0,    0,    0,    0,    0,    0,    0,    0,    0,  -16,    0,    0,    0,    0,  -11,   -3,    0,   -8,    0,    0,    0,   -5,    0,    0,    0,   -3,    0,   -5,    0,    0,   -3,   -8,   -3,   -3,    0,    0,    0,    0,    0,    0,    0,    0,    0,    0,    0,    0,    0,    0,    0,    0,    0,    0,    0,    0,    0,    0,    0,    0,    0,    0,    0,    0,    0,    0,    0,    0,    0,    0,    0,    0,    0,    0,    0,    0,    0,    0,    0,    0,    0,    0,    0,    0,    0,    0,    0,    0,    0,    0,    0,    0,    0,    0,    0,    0,    0,    0,    0,    0,    0,    0,    0,    0,    0,    0,    0,    0,    0,    0,    0,    0,    0,    0,    0,    0,    0,    0,    0,    0,    0,    0,    0,    0,    0,    0,    0,    0,    0,    0,    0,    0,    0,    0,    0,    0,    0,    0,    0,    0,    0,    0,    0,    0,    0,    0,    0,    0,    0,    0,    0,    0,    0,    0,    0,    0,    0,    0,    0,    0,    0,    0,    0,
       0,    0,    0,   -3,    0,    0,    0,    0,    0,    0,    0,    0,    0,    0,    0,    0,    0,    0,    0,    0,    0,    0,    0,    0,    0,    0,    0,    0,    0,    0,    0,   -8,    0,    0,    0,    0,   -3,    0,    0,   -3,    0,    0,    0,   -3,    0,    0,    0,    0,    0,   -5,    0,    0,   -3,   -3,    0,    0,    0,    0,    0,    0,    0,    0,    0,    0,    0,    0,    0,    0,    0,    0,    0,    0,    0,    0,    0,    0,    0,    0,    0,    0,    0,    0,    0,    0,    0,    0,    0,    0,    0,    0,    0,    0,    0,    0,    0,    0,    0,    0,    0,    0,    0,    0,    0,    0,    0,    0,    0,    0,    0,    0,    0,    0,    0,    0,    0,    0,    0,    0,    0,    0,    0,    0,    0,    0,    0,    0,    0,    0,    0,    0,    0,    0,    0,    0,    0,    0,    0,    0,    0,    0,    0,    0,    0,    0,    0,    0,    0,    0,    0,    0,    0,    0,    0,    0,    0,    0,    0,    0,    0,    0,    0,    0,    0,    0,    0,    0,    0,    0,    0,    0,    0,    0,    0,    0,    0,    0,    0,    0,    0,    0,    0,    0,    0,
       0,    8,    0,    0,  -11,   -5,    0,    0,    0,    0,    0,    0,    0,    0,    0,    0,    0,    0,    0,    0,    0,    0,    0,    0,    0,    0,    0,    0,    0,    0,    0,    0,    0,    0,    0,   -5,    0,   -8,   -8,   -3,    0,    0,    0,    0,    0,    0,    0,  -11,   -3,    0,    0,   -8,    0,    0,    0,    0,    0,    0,    0,    0,    0,    0,    0,    0,    0,    0,    0,    0,    0,    0,    0,    0,    0,   11,    0,    0,    0,    0,    0,    0,    0,    0,    0,    0,    0,    0,    0,    0,    0,    0,    0,    0,    0,    0,    0,    0,    0,    0,    0,    0,    0,    0,    0,    0,    0,    0,    0,    0,    0,    0,    0,    0,    0,    0,    0,    0,    0,    0,    0,    0,    0,    0,    0,    0,    0,    0,    0,    0,    0,    0,    0,    0,    0,    0,    0,    0,    0,    0,    0,    0,    0,    0,    0,    0,    0,    0,    0,    0,    0,    0,    0,    0,    0,    0,    0,    0,    0,    0,    0,    0,    0,    0,    0,    0,    0,    0,    0,    0,    0,    0,    0,    0,    0,    0,    0,    0,    0,    0,    0,    0,    0,    0,    0,
       0,   -3,    0,    0,    5,    0,    0,    0,    0,    0,    0,    0,    0,    0,    0,    0,    0,    0,    0,    0,    0,    0,    0,    0,    0,    0,    0,    0,    0,    0,    0,   -8,    0,    0,   27,    5,    0,    0,    8,    0,    0,    0,   -4,    0,    0,    0,    0,    5,    0,    0,    0,    7,   -4,    0,   -8,    0,    0,    0,    0,   16,    0,    0,    0,    0,    0,    0,    0,    0,    0,    0,    0,    0,    0,    0,    0,    0,    0,    0,    0,    0,    0,    0,    0,    0,    0,    0,    0,    0,    0,    0,    0,    0,    0,    0,    0,    0,    0,    0,    0,    0,    0,    0,    0,    0,    0,    0,    0,    0,    0,    0,    0,    0,    0,    0,    0,    0,    0,    0,    0,    0,    0,    0,    0,    0,    0,    0,    0,    0,    0,    0,    0,    0,    0,    0,    0,    0,    0,    0,    0,    0,    0,    0,    0,    0,    0,    0,    0,    0,    0,    0,    0,    0,    0,    0,    0,    0,    0,    0,    0,    0,    0,    0,    0,    0,    0,    0,    0,    0,    0,    0,    0,    0,    0,    0,    0,    0,    0,    0,    0,    0,    0,    0,    0,
       0,    0,    0,    0,    0,    0,    0,    0,    0,    0,    0,    0,    0,    0,    0,    0,    0,    0,    0,    0,    0,    0,    0,    0,    0,    0,    0,    0,    0,    0,    0,  -11,    0,    0,    0,    0,  -11,   -3,    0,   -5,    0,    0,    0,   -5,    0,    0,    0,   -3,    0,   -5,    0,    0,   -3,   -8,   -3,   -3,    0,    0,    0,    0,    0,    0,    0,    0,    0,    0,    0,    0,    0,    0,    0,    0,    0,    0,    0,    0,    0,    0,    0,    0,    0,    0,    0,    0,    0,    0,    0,    0,    0,    0,    0,    0,    0,    0,    0,    0,    0,    0,    0,    0,    0,    0,    0,    0,    0,    0,    0,    0,    0,    0,    0,    0,    0,    0,    0,    0,    0,    0,    0,    0,    0,    0,    0,    0,    0,    0,    0,    0,    0,    0,    0,    0,    0,    0,    0,    0,    0,    0,    0,    0,    0,    0,    0,    0,    0,    0,    0,    0,    0,    0,    0,    0,    0,    0,    0,    0,    0,    0,    0,    0,    0,    0,    0,    0,    0,    0,    0,    0,    0,    0,    0,    0,    0,    0,    0,    0,    0,    0,    0,    0,    0,    0,    0,
       0,    0,    0,    0,    0,   -3,    0,    0,    0,    0,    0,    0,    0,    0,    0,    0,    0,    0,    0,    0,    0,    0,    0,    0,    0,    0,    0,    0,    0,    0,    0,   -3,   -4,    0,    0,    0,   -3,    0,    0,    0,    0,   -4,   -3,    0,   -5,    0,    0,    0,   -5,    0,    0,    0,    0,    0,   -5,   -3,    0,    0,    0,    0,    0,    0,    0,    0,    0,    0,    0,    0,    0,   -5,    0,    0,    0,    8,    0,    0,    0,    0,    0,    0,    0,    0,    0,    0,    0,    0,    0,    0,    0,    0,    0,    0,    0,    0,    0,    0,    0,    0,    0,    0,    0,    0,    0,    0,    0,    0,    0,    0,    0,    0,    0,    0,    0,    0,    0,    0,    0,    0,    0,    0,    0,    0,    0,    0,    0,    0,    0,    0,    0,    0,    0,    0,    0,    0,    0,    0,    0,    0,    0,    0,    0,    0,    0,    0,    0,    0,    0,    0,    0,    0,    0,    0,    0,    0,    0,    0,    0,    0,    0,    0,    0,    0,    0,    0,    0,    0,    0,    0,    0,    0,    0,    0,    0,    0,    0,    0,    0,    0,    0,    0,    0,    0,    0,
       0,    0,    0,    0,    0,    0,    0,    0,    0,    0,    0,    0,    0,    0,    0,    0,    0,    0,    0,    0,    0,    0,    0,    0,    0,    0,    0,    0,    0,    0,    0,   -8,    0,    0,    0,    0,    0,    0,    0,    0,    0,    0,    0,    0,    0,    0,    0,    0,    0,    0,    0,    0,    0,    0,    0,    0,   -1,    0,    0,    0,    0,    0,    0,    0,    0,    0,    0,    0,    0,    0,    0,    0,    0,    0,    0,    0,    0,    0,    0,    0,    0,    0,    0,    0,    0,    0,    0,    0,    0,    0,    0,    0,    0,    0,    0,    0,    0,    0,    0,    0,    0,    0,    0,    0,    0,    0,    0,    0,    0,    0,    0,    0,    0,    0,    0,    0,    0,    0,    0,    0,    0,    0,    0,    0,    0,    0,    0,    0,    0,    0,    0,    0,    0,    0,    0,    0,    0,    0,    0,    0,    0,    0,    0,    0,    0,    0,    0,    0,    0,    0,    0,    0,    0,    0,    0,    0,    0,    0,    0,    0,    0,    0,    0,    0,    0,    0,    0,    0,    0,    0,    0,    0,    0,    0,    0,    0,    0,    0,    0,    0,    0,    0,    0,
       0,    5,    0,    0,    0,    0,    0,    0,    0,    0,    0,    0,    0,    0,    0,    0,    0,    0,    0,    0,    0,    0,    0,    0,    0,    0,    0,    0,    0,    0,    0,   -5,    0,    0,    0,    0,    0,    0,    0,    0,    0,    0,    0,    0,    0,    0,    0,    0,   -3,    0,    0,    0,    0,    0,    0,   -3,    0,    0,    0,    0,    0,    0,    0,    0,    0,    0,    0,    0,    0,    0,    0,    0,    0,    0,    0,    0,    0,    0,    0,    0,    0,    0,    0,    0,    0,    0,    0,    0,    0,    0,    0,    0,    0,    0,    0,    0,    0,    0,    0,    0,    0,    0,    0,    0,    0,    0,    0,    0,    0,    0,    0,    0,    0,    0,    0,    0,    0,    0,    0,    0,    0,    0,    0,    0,    0,    0,    0,    0,    0,    0,    0,    0,    0,    0,    0,    0,    0,    0,    0,    0,    0,    0,    0,    0,    0,    0,    0,    0,    0,    0,    0,    0,    0,    0,    0,    0,    0,    0,    0,    0,    0,    0,    0,    0,    0,    0,    0,    0,    0,    0,    0,    0,    0,    0,    0,    0,    0,    0,    0,    0,    0,    0,    0,
       0,    5,    0,    0,  -11,    0,    0,    0,    0,    0,    0,    0,    0,    0,    0,    0,    0,    0,    0,    0,    0,    0,    0,    0,    0,    0,    0,    0,    0,    0,    0,    0,    0,    0,    0,   -5,    0,   -5,   -8,   -3,    0,    0,    0,    0,   -3,    0,    0,  -13,   -8,    0,    0,  -13,    0,    0,    0,   -8,    0,    0,    0,    0,    0,    0,    0,    0,    0,    0,    0,    0,    0,    0,    0,    0,    0,   11,    0,    0,    0,    0,    0,    0,    0,    0,    0,    0,    0,    0,    0,    0,    0,    0,    0,    0,    0,    0,    0,    0,    0,    0,    0,    0,    0,    0,    0,    0,    0,    0,    0,    0,    0,    0,    0,    0,    0,    0,    0,    0,    0,    0,    0,    0,    0,    0,    0,    0,    0,    0,    0,    0,    0,    0,    0,    0,    0,    0,    0,    0,    0,    0,    0,    0,    0,    0,    0,    0,    0,    0,    0,    0,    0,    0,    0,    0,    0,    0,    0,    0,    0,    0,    0,    0,    0,    0,    0,    0,    0,    0,    0,    0,    0,    0,    0,    0,    0,    0,    0,    0,    0,    0,    0,    0,    0,    0,    0,
       0,  -21,    0,    0,    0,    0,   -3,    0,    0,    0,    0,    0,    0,    0,    0,    0,    0,    0,    0,    0,    0,    0,    0,    0,    0,    0,    0,    0,    0,    0,    0,  -16,    0,    0,    0,    0,   -5,   -3,    0,   -3,    0,   -3,  -19,   -5,    0,    0,    0,    0,    0,   -5,    0,    0,  -16,  -12,  -11,   -5,    0,    0,    0,    0,    0,   -5,    0,    0,    0,    0,    0,   -8,    0,   -5,    0,    0,    0,   -8,    0,    0,    0,    0,    0,    0,    0,    0,    0,    0,    0,    0,    0,    0,    0,    0,    0,    0,    0,    0,    0,    0,    0,    0,    0,    0,    0,    0,    0,    0,    0,    0,    0,    0,    0,    0,    0,    0,    0,    0,    0,    0,    0,    0,    0,    0,    0,    0,    0,    0,    0,    0,    0,    0,    0,    0,    0,    0,    0,    0,    0,    0,    0,    0,    0,    0,    0,    0,    0,    0,    0,    0,    0,    0,    0,    0,    0,    0,    0,    0,    0,    0,    0,    0,    0,    0,    0,    0,    0,    0,    0,    0,    0,    0,    0,    0,    0,    0,    0,    0,    0,    0,    0,    0,    0,    0,    0,    0,    0,
       0,   -3,    0,    0,    0,    0,    0,    0,    0,    0,    0,    0,    0,    0,    0,    0,    0,    0,    0,    0,    0,    0,    0,    0,    0,    0,    0,    0,    0,    0,    0,  -11,    0,    0,   21,    0,    0,    0,    0,    0,    0,    0,    0,    0,    0,    0,    0,    0,    0,    0,    0,    0,   -8,  -13,    0,    0,    0,    0,    0,    5,    0,    0,    0,    0,    0,    0,    0,    0,    0,    0,    0,    0,    0,    0,    0,    0,    0,    0,    0,    0,    0,    0,    0,    0,    0,    0,    0,    0,    0,    0,    0,    0,    0,    0,    0,    0,    0,    0,    0,    0,    0,    0,    0,    0,    0,    0,    0,    0,    0,    0,    0,    0,    0,    0,    0,    0,    0,    0,    0,    0,    0,    0,    0,    0,    0,    0,    0,    0,    0,    0,    0,    0,    0,    0,    0,    0,    0,    0,    0,    0,    0,    0,    0,    0,    0,    0,    0,    0,    0,    0,    0,    0,    0,    0,    0,    0,    0,    0,    0,    0,    0,    0,    0,    0,    0,    0,    0,    0,    0,    0,    0,    0,    0,    0,    0,    0,    0,    0,    0,    0,    0,    0,    0,
       0,    0,    0,    0,    0,    0,    0,    0,    0,    0,    0,    0,    0,    0,    0,    0,    0,    0,    0,    0,    0,    0,    0,    0,    0,    0,    0,    0,    0,    0,    0,   -5,    0,    0,    0,    0,   -8,    0,    0,    0,    0,    0,    0,   -3,    0,    0,    0,    0,    0,    0,    0,    0,    0,    0,    0,   -5,    0,    0,    0,    0,    0,    0,    0,    0,    0,    0,    0,    0,    0,    0,    0,    0,    0,    0,    0,    0,    0,    0,    0,    0,    0,    0,    0,    0,    0,    0,    0,    0,    0,    0,    0,    0,    0,    0,    0,    0,    0,    0,    0,    0,    0,    0,    0,    0,    0,    0,    0,    0,    0,    0,    0,    0,    0,    0,    0,    0,    0,    0,    0,    0,    0,    0,    0,    0,    0,    0,    0,    0,    0,    0,    0,    0,    0,    0,    0,    0,    0,    0,    0,    0,    0,    0,    0,    0,    0,    0,    0,    0,    0,    0,    0,    0,    0,    0,    0,    0,    0,    0,    0,    0,    0,    0,    0,    0,    0,    0,    0,    0,    0,    0,    0,    0,    0,    0,    0,    0,    0,    0,    0,    0,    0,    0,    0,
       0,    8,    0,    0,    0,    0,    0,    0,    0,    0,    0,    0,    0,    0,    0,    0,    0,    0,    0,    0,    0,    0,    0,    0,    0,    0,    0,    0,    0,    0,    0,    5,    0,    0,    0,    0,    0,    0,    0,    0,    0,    0,    0,    0,    0,    0,    0,    0,    0,    0,    0,    0,    0,    0,    0,    0,    8,    0,    3,    0,    0,    0,    0,    0,    0,    0,    0,    0,    0,    0,    0,    0,    0,    0,    0,    0,    0,    0,    0,    0,    0,    0,    0,    0,    0,    0,    0,    0,    0,    0,    0,    0,    0,    0,    0,    0,    0,    0,    0,    0,    0,    0,    0,    0,    0,    0,    0,    0,    0,    0,    0,    0,    0,    0,    0,    0,    0,    0,    0,    0,    0,    0,    0,    0,    0,    0,    0,    0,    0,    0,    0,    0,    0,    0,    0,    0,    0,    0,    0,    0,    0,    0,    0,    0,    0,    0,    0,    0,    0,    0,    0,    0,    0,    0,    0,    0,    0,    0,    0,    0,    0,    0,    0,    0,    0,    0,    0,    0,    0,    0,    0,    0,    0,    0,    0,    0,    0,    0,    0,    0,    0,    0,    0,
       0,    0,    0,    0,    0,    0,    0,    0,    0,    0,    0,    0,    0,    0,    0,    0,    0,    0,    0,    0,    0,    0,    0,    0,    0,    0,    0,    0,    0,    0,    0,    0,    0,    0,    8,    0,    0,    0,    0,    0,    0,    0,    0,    0,    0,    0,    0,    0,    0,    0,    0,    0,    0,    0,    0,    0,    0,    0,    0,    5,    0,    0,    0,    0,    0,    0,    0,    0,    0,    0,    0,    0,    0,    0,    0,    0,    0,    0,    0,    0,    0,    0,    0,    0,    0,    0,    0,    0,    0,    0,    0,    0,    0,    0,    0,    0,    0,    0,    0,    0,    0,    0,    0,    0,    0,    0,    0,    0,    0,    0,    0,    0,    0,    0,    0,    0,    0,    0,    0,    0,    0,    0,    0,    0,    0,    0,    0,    0,    0,    0,    0,    0,    0,    0,    0,    0,    0,    0,    0,    0,    0,    0,    0,    0,    0,    0,    0,    0,    0,    0,    0,    0,    0,    0,    0,    0,    0,    0,    0,    0,    0,    0,    0,    0,    0,    0,    0,    0,    0,    0,    0,    0,    0,    0,    0,    0,    0,    0,    0,    0,    0,    0,    0,
       0,   -3,    0,    0,    0,    0,    0,    0,    0,    0,    0,    0,    0,    0,    0,    0,    0,    0,    0,    0,    0,    0,    0,    0,    0,    0,    0,    0,    0,    0,    0,  -11,    0,    0,   11,    0,    0,    0,    0,    0,    0,    0,    0,    0,    0,    0,    0,    0,    0,    0,    0,    0,   -8,  -13,    0,    0,    0,    0,    0,    0,    0,    0,    0,    0,    0,    0,    0,    0,    0,    0,    0,    0,    0,    0,    0,    0,    0,    0,    0,    0,    0,    0,    0,    0,    0,    0,    0,    0,    0,    0,    0,    0,    0,    0,    0,    0,    0,    0,    0,    0,    0,    0,    0,    0,    0,    0,    0,    0,    0,    0,    0,    0,    0,    0,    0,    0,    0,    0,    0,    0,    0,    0,    0,    0,    0,    0,    0,    0,    0,    0,    0,    0,    0,    0,    0,    0,    0,    0,    0,    0,    0,    0,    0,    0,    0,    0,    0,    0,    0,    0,    0,    0,    0,    0,    0,    0,    0,    0,    0,    0,    0,    0,    0,    0,    0,    0,    0,    0,    0,    0,    0,    0,    0,    0,    0,    0,    0,    0,    0,    0,    0,    0,    0,
       0,    0,    0,    0,  -11,    0,    0,    0,    0,    0,    0,    0,    0,    0,    0,    0,    0,    0,    0,    0,    0,    0,    0,    0,    0,    0,    0,    0,    0,    0,    0,    0,    0,    0,    0,    0,    0,    0,    0,    0,    0,    0,    0,    0,    0,    0,    0,   -5,    0,    0,    0,    0,    0,    0,    0,    0,    0,    0,    0,    0,    0,    0,    0,    0,    0,    0,    0,    0,    0,    0,    0,    0,    0,    0,    0,    0,    0,    0,    0,    0,    0,    0,    0,    0,    0,    0,    0,    0,    0,    0,    0,    0,    0,    0,    0,    0,    0,    0,    0,    0,    0,    0,    0,    0,    0,    0,    0,    0,    0,    0,    0,    0,    0,    0,    0,    0,    0,    0,    0,    0,    0,    0,    0,    0,    0,    0,    0,    0,    0,    0,    0,    0,    0,    0,    0,    0,    0,    0,    0,    0,    0,    0,    0,    0,    0,    0,    0,    0,    0,    0,    0,    0,    0,    0,    0,    0,    0,    0,    0,    0,    0,    0,    0,    0,    0,    0,    0,    0,    0,    0,    0,    0,    0,    0,    0,    0,    0,    0,    0,    0,    0,    0,    0,
       0,  -11,    0,    0,    0,    0,    0,    0,    0,    0,    0,    0,    0,    0,    0,    0,    0,    0,    0,    0,    0,    0,    0,    0,    0,    0,    0,    0,    0,    0,    0,  -11,    0,    0,    0,    0,    0,    0,    0,    0,    0,    0,  -11,    0,    0,    0,    0,    0,    0,    0,    0,    0,   -5,    0,    0,    0,    0,    0,    0,    0,    0,    0,    0,    0,   -8,   -5,   -8,    0,    0,    0,    0,    0,    0,    0,    0,    0,    0,    0,    0,    0,    0,    0,    0,    0,    0,    0,    0,    0,    0,    0,    0,    0,    0,    0,    0,    0,    0,    0,    0,    0,    0,    0,    0,    0,    0,    0,    0,    0,    0,    0,    0,    0,    0,    0,    0,    0,    0,    0,    0,    0,    0,    0,    0,    0,    0,    0,    0,    0,    0,    0,    0,    0,    0,    0,    0,    0,    0,    0,    0,    0,    0,    0,    0,    0,    0,    0,    0,    0,    0,    0,    0,    0,    0,    0,    0,    0,    0,    0,    0,    0,    0,    0,    0,    0,    0,    0,    0,    0,    0,    0,    0,    0,    0,    0,    0,    0,    0,    0,    0,    0,    0,    0,    0,
       0,  -19,    0,    0,    0,    0,    0,    0,    0,    0,    0,    0,    0,    0,    0,    0,    0,    0,    0,    0,    0,    0,    0,    0,    0,    0,    0,    0,    0,    0,    0,    0,    0,    0,    0,    0,    0,    0,    0,    0,    0,    0,    0,    0,   -5,    0,    0,    0,    0,    0,    0,    0,  -13,   -8,   -8,    0,    0,    0,    0,    0,    0,   -5,    0,    0,    0,    0,    0,   -5,    0,   -5,    0,    0,    0,    0,    0,    0,    0,    0,    0,    0,    0,    0,    0,    0,    0,    0,    0,    0,    0,    0,    0,    0,    0,    0,    0,    0,    0,    0,    0,    0,    0,    0,    0,    0,    0,    0,    0,    0,    0,    0,    0,    0,    0,    0,    0,    0,    0,    0,    0,    0,    0,    0,    0,    0,    0,    0,    0,    0,    0,    0,    0,    0,    0,    0,    0,    0,    0,    0,    0,    0,    0,    0,    0,    0,    0,    0,    0,    0,    0,    0,    0,    0,    0,    0,    0,    0,    0,    0,    0,    0,    0,    0,    0,    0,    0,    0,    0,    0,    0,    0,    0,    0,    0,    0,    0,    0,    0,    0,    0,    0,    0,    0,    0,
       0,    0,    0,    0,  -11,    0,    0,    0,    0,    0,    0,    0,    0,    0,    0,    0,    0,    0,    0,    0,    0,    0,    0,    0,    0,    0,    0,    0,    0,    0,    0,    0,    0,    0,    0,    0,    0,    0,    0,    0,    0,    0,    0,    0,    0,    0,    0,    0,    0,    0,    0,    0,    0,    0,    0,    0,    0,    0,    0,    0,    0,    0,    0,    0,   -3,    0,   -3,    0,    0,    0,    0,    0,    0,    0,    0,    0,    0,    0,    0,    0,    0,    0,    0,    0,    0,    0,    0,    0,    0,    0,    0,    0,    0,    0,    0,    0,    0,    0,    0,    0,    0,    0,    0,    0,    0,    0,    0,    0,    0,    0,    0,    0,    0,    0,    0,    0,    0,    0,    0,    0,    0,    0,    0,    0,    0,    0,    0,    0,    0,    0,    0,    0,    0,    0,    0,    0,    0,    0,    0,    0,    0,    0,    0,    0,    0,    0,    0,    0,    0,    0,    0,    0,    0,    0,    0,    0,    0,    0,    0,    0,    0,    0,    0,    0,    0,    0,    0,    0,    0,    0,    0,    0,    0,    0,    0,    0,    0,    0,    0,    0,    0,    0,    0,
       0,    0,    0,    0,  -16,  -11,    0,    0,    0,    0,    0,    0,    0,    0,    0,    0,    0,    0,    0,    0,    0,    0,    0,    0,    0,    0,  -16,   -8,    0,    0,    0,    5,   -5,    0,    0,  -11,    0,  -19,  -13,    0,    0,   -9,    0,    0,  -19,    0,    0,  -16,    0,   -5,   -5,    0,  -11,  -11,  -13,    0,    0,    0,    0,    0,   -5,   -5,    0,  -13,    0,    0,    0,  -11,  -13,  -19,  -13,  -21,    0,    0,    0,    0,    0,    0,    0,    0,    0,    0,    0,    0,    0,    0,    0,    0,    0,    0,    0,    0,    0,    0,    0,    0,    0,    0,    0,    0,    0,    0,    0,    0,    0,    0,    0,    0,    0,    0,    0,    0,    0,    0,    0,    0,    0,    0,    0,    0,    0,    0,    0,    0,    0,    0,    0,    0,    0,    0,    0,    0,    0,    0,    0,    0,    0,    0,    0,    0,    0,    0,    0,    0,    0,    0,    0,    0,    0,    0,    0,    0,    0,    0,    0,    0,    0,    0,    0,    0,    0,    0,    0,    0,    0,    0,    0,    0,    0,    0,    0,    0,    0,    0,    0,    0,    0,    0,    0,    0,    0,    0,    0,
       0,    0,    0,    0,  -13,   -5,    0,    0,    0,    0,    0,    0,    0,    0,    0,    0,    0,    0,    0,    0,    0,    0,    0,    0,    0,    0,    0,    0,    0,    0,    0,    0,    0,    0,    0,    0,    0,   -8,    0,    0,    0,    0,    0,    0,   -3,    0,    0,  -11,   -3,    0,    0,   -8,    0,    0,    0,    0,    0,    0,    0,    0,    0,    0,    0,    0,    0,    0,    0,    0,    0,    0,    0,    0,    0,    0,    0,    0,    0,    0,    0,    0,    0,    0,    0,    0,    0,    0,    0,    0,    0,    0,    0,    0,    0,    0,    0,    0,    0,    0,    0,    0,    0,    0,    0,    0,    0,    0,    0,    0,    0,    0,    0,    0,    0,    0,    0,    0,    0,    0,    0,    0,    0,    0,    0,    0,    0,    0,    0,    0,    0,    0,    0,    0,    0,    0,    0,    0,    0,    0,    0,    0,    0,    0,    0,    0,    0,    0,    0,    0,    0,    0,    0,    0,    0,    0,    0,    0,    0,    0,    0,    0,    0,    0,    0,    0,    0,    0,    0,    0,    0,    0,    0,    0,    0,    0,    0,    0,    0,    0,    0,    0,    0,    0,    0,
       0,    0,    0,    0,  -13,   -5,    0,    0,    0,    0,    0,    0,    0,    0,    0,    0,    0,    0,    0,    0,    0,    0,    0,    0,    0,    0,    0,    0,    0,    0,    0,    5,    0,    0,    0,    0,    0,  -16,    0,    0,    0,    0,    0,    0,  -11,    0,    0,  -13,    0,   -5,   -5,    0,    0,    0,  -13,    0,    5,    0,    0,    0,   -5,    0,    0,   -8,    0,    5,    0,    0,   -5,   -8,  -11,    0,    0,    0,    0,    0,    0,    0,    0,    0,    0,    0,    0,    0,    0,    0,    0,    0,    0,    0,    0,    0,    0,    0,    0,    0,    0,    0,    0,    0,    0,    0,    0,    0,    0,    0,    0,    0,    0,    0,    0,    0,    0,    0,    0,    0,    0,    0,    0,    0,    0,    0,    0,    0,    0,    0,    0,    0,    0,    0,    0,    0,    0,    0,    0,    0,    0,    0,    0,    0,    0,    0,    0,    0,    0,    0,    0,    0,    0,    0,    0,    0,    0,    0,    0,    0,    0,    0,    0,    0,    0,    0,    0,    0,    0,    0,    0,    0,    0,    0,    0,    0,    0,    0,    0,    0,    0,    0,    0,    0,    0,    0,    0,
       0,    0,    0,    0,   -8,    0,    0,    0,    0,    0,    0,    0,    0,    0,    0,    0,    0,    0,    0,    0,    0,    0,    0,    0,    0,    0,    0,    0,    0,    0,    0,    0,    0,    0,    0,    0,    0,    0,    0,    0,    0,    0,    0,    0,   -5,    0,    0,   -8,    0,    0,    0,    0,    0,    0,    0,    0,    0,    0,    0,    0,    0,    0,    0,    0,    0,    0,    0,    0,    0,    0,    0,    0,    0,    0,    0,    0,    0,    0,    0,    0,    0,    0,    0,    0,    0,    0,    0,    0,    0,    0,    0,    0,    0,    0,    0,    0,    0,    0,    0,    0,    0,    0,    0,    0,    0,    0,    0,    0,    0,    0,    0,    0,    0,    0,    0,    0,    0,    0,    0,    0,    0,    0,    0,    0,    0,    0,    0,    0,    0,    0,    0,    0,    0,    0,    0,    0,    0,    0,    0,    0,    0,    0,    0,    0,    0,    0,    0,    0,    0,    0,    0,    0,    0,    0,    0,    0,    0,    0,    0,    0,    0,    0,    0,    0,    0,    0,    0,    0,    0,    0,    0,    0,    0,    0,    0,    0,    0,    0,    0,    0,    0,    0,    0,
       0,    0,    0,    0,    0,    0,    0,    0,    0,    0,    0,    0,    0,    0,    0,    0,    0,    0,    0,    0,    0,    0,    0,    0,    0,    0,    0,    0,    0,    0,    0,    0,    0,    0,    0,    0,    0,    0,    0,    0,    0,    0,    0,    0,    0,    0,    0,    0,    0,    0,    0,    0,   -5,    0,  -13,    0,    0,    0,    0,    0,   -5,    0,    0,    0,    0,    0,    0,    0,  -13,   -5,    0,    0,    0,    0,    0,    0,    0,    0,    0,    0,    0,    0,    0,    0,    0,    0,    0,    0,    0,    0,    0,    0,    0,    0,    0,    0,    0,    0,    0,    0,    0,    0,    0,    0,    0,    0,    0,    0,    0,    0,    0,    0,    0,    0,    0,    0,    0,    0,    0,    0,    0,    0,    0,    0,    0,    0,    0,    0,    0,    0,    0,    0,    0,    0,    0,    0,    0,    0,    0,    0,    0,    0,    0,    0,    0,    0,    0,    0,    0,    0,    0,    0,    0,    0,    0,    0,    0,    0,    0,    0,    0,    0,    0,    0,    0,    0,    0,    0,    0,    0,    0,    0,    0,    0,    0,    0,    0,    0,    0,    0,    0,    0,    0,
       0,    0,    0,    0,    0,    0,    0,    0,    0,    0,    0,    0,    0,    0,    0,    0,    0,    0,    0,    0,    0,    0,    0,    0,    0,    0,    0,    0,    0,    0,    0,    0,    0,    0,    0,    0,    0,    0,    0,    0,    0,    0,    0,    0,   -3,    0,    0,    0,    0,    0,    0,    0,    0,    0,   -3,    0,    0,    0,    0,    0,    0,    0,    0,    0,    0,    0,    0,    0,    0,    0,    0,    0,    0,    0,    0,    0,    0,    0,    0,    0,    0,    0,    0,    0,    0,    0,    0,    0,    0,    0,    0,    0,    0,    0,    0,    0,    0,    0,    0,    0,    0,    0,    0,    0,    0,    0,    0,    0,    0,    0,    0,    0,    0,    0,    0,    0,    0,    0,    0,    0,    0,    0,    0,    0,    0,    0,    0,    0,    0,    0,    0,    0,    0,    0,    0,    0,    0,    0,    0,    0,    0,    0,    0,    0,    0,    0,    0,    0,    0,    0,    0,    0,    0,    0,    0,    0,    0,    0,    0,    0,    0,    0,    0,    0,    0,    0,    0,    0,    0,    0,    0,    0,    0,    0,    0,    0,    0,    0,    0,    0,    0,    0,    0,
       0,    0,    0,    0,  -16,    0,    0,    0,    0,    0,    0,    0,    0,    0,    0,    0,    0,    0,    0,    0,    0,    0,    0,    0,    0,    0,    0,    0,    0,    0,    0,    0,    0,    0,    0,    0,    0,  -16,    0,    0,    0,    0,    0,    0,  -13,    0,    0,  -13,    0,    0,    0,    0,    0,    0,  -11,    0,    5,    0,    0,    0,   -5,    0,    0,   -8,    0,    0,    0,    0,    0,  -11,  -11,  -11,   -3,    0,    0,    0,    0,    0,    0,    0,    0,    0,    0,    0,    0,    0,    0,    0,    0,    0,    0,    0,    0,    0,    0,    0,    0,    0,    0,    0,    0,    0,    0,    0,    0,    0,    0,    0,    0,    0,    0,    0,    0,    0,    0,    0,    0,    0,    0,    0,    0,    0,    0,    0,    0,    0,    0,    0,    0,    0,    0,    0,    0,    0,    0,    0,    0,    0,    0,    0,    0,    0,    0,    0,    0,    0,    0,    0,    0,    0,    0,    0,    0,    0,    0,    0,    0,    0,    0,    0,    0,    0,    0,    0,    0,    0,    0,    0,    0,    0,    0,    0,    0,    0,    0,    0,    0,    0,    0,    0,    0,    0,    0,
       0,    0,    0,    0,  -11,    0,    0,    0,    0,    0,    0,    0,    0,    0,    0,    0,    0,    0,    0,    0,    0,    0,    0,    0,    0,    0,    0,    0,    0,    0,    0,    0,    0,    0,    0,    0,    0,    0,    0,    0,    0,    0,    0,    0,    0,    0,    0,   -3,    0,    0,    0,    0,    0,    0,    0,    0,    0,    0,    0,    0,    0,    0,    0,    0,    0,    0,    0,    0,    0,    0,    0,    0,    0,    0,    0,    0,    0,    0,    0,    0,    0,    0,    0,    0,    0,    0,    0,    0,    0,    0,    0,    0,    0,    0,    0,    0,    0,    0,    0,    0,    0,    0,    0,    0,    0,    0,    0,    0,    0,    0,    0,    0,    0,    0,    0,    0,    0,    0,    0,    0,    0,    0,    0,    0,    0,    0,    0,    0,    0,    0,    0,    0,    0,    0,    0,    0,    0,    0,    0,    0,    0,    0,    0,    0,    0,    0,    0,    0,    0,    0,    0,    0,    0,    0,    0,    0,    0,    0,    0,    0,    0,    0,    0,    0,    0,    0,    0,    0,    0,    0,    0,    0,    0,    0,    0,    0,    0,    0,    0,    0,    0,    0,    0,
       0,    0,    0,    0,    0,    0,    0,    0,    0,    0,    0,    0,    0,    0,    0,    0,    0,    0,    0,    0,    0,    0,    0,    0,    0,    0,    0,    0,    0,    0,    0,   -5,    0,    0,    0,    0,    0,    0,    0,    0,    0,    0,    0,    0,    0,    0,    0,    0,    0,    0,    0,    0,    0,    0,    0,    0,    0,    0,    0,    0,    0,    0,    0,    0,   -3,    0,   -3,    0,    0,    0,    0,    0,    0,    0,    0,    0,    0,    0,    0,    0,    0,    0,    0,    0,    0,    0,    0,    0,    0,    0,    0,    0,    0,    0,    0,    0,    0,    0,    0,    0,    0,    0,    0,    0,    0,    0,    0,    0,    0,    0,    0,    0,    0,    0,    0,    0,    0,    0,    0,    0,    0,    0,    0,    0,    0,    0,    0,    0,    0,    0,    0,    0,    0,    0,    0,    0,    0,    0,    0,    0,    0,    0,    0,    0,    0,    0,    0,    0,    0,    0,    0,    0,    0,    0,    0,    0,    0,    0,    0,    0,    0,    0,    0,    0,    0,    0,    0,    0,    0,    0,    0,    0,    0,    0,    0,    0,    0,    0,    0,    0,    0,    0,    0,
       0,   -3,    0,    0,    0,    0,    0,    0,    0,    0,    0,    0,    0,    0,    0,    0,    0,    0,    0,    0,    0,    0,    0,    0,    0,    0,    0,    0,    0,    0,    0,    0,    0,    0,    0,    0,    0,    0,    0,    0,    0,    0,    0,    0,    0,    0,    0,    0,    0,   -5,    0,    0,    0,   -3,    0,    0,    0,    0,    0,    0,    0,    0,    0,    0,    0,    0,    0,    0,    0,    0,    0,    0,    0,    0,    0,    0,    0,    0,    0,    0,    0,    0,    0,    0,    0,    0,    0,    0,    0,    0,    0,    0,    0,    0,    0,    0,    0,    0,    0,    0,    0,    0,    0,    0,    0,    0,    0,    0,    0,    0,    0,    0,    0,    0,    0,    0,    0,    0,    0,    0,    0,    0,    0,    0,    0,    0,    0,    0,    0,    0,    0,    0,    0,    0,    0,    0,    0,    0,    0,    0,    0,    0,    0,    0,    0,    0,    0,    0,    0,    0,    0,    0,    0,    0,    0,    0,    0,    0,    0,    0,    0,    0,    0,    0,    0,    0,    0,    0,    0,    0,    0,    0,    0,    0,    0,    0,    0,    0,    0,    0,    0,    0,    0,
       0,    0,    0,    0,    0,    0,    0,    0,    0,    0,    0,    0,    0,    0,    0,    0,    0,    0,    0,    0,    0,    0,    0,    0,    0,    0,    0,    0,    0,    0,    0,    0,    0,    0,    0,    0,    0,    0,    0,    0,    0,    0,    0,    0,    0,    0,    0,    0,    0,    0,    0,    0,    0,    0,    0,    0,    0,    0,    0,    0,    0,    0,    0,    0,    0,    0,    0,    0,    0,    0,    0,    0,    0,    0,   -5,   -5,    0,    0,    0,    0,    0,    0,    0,    0,    0,    0,    0,    0,    0,    0,    0,    0,    0,    0,    0,    0,    0,    0,    0,    0,    0,    0,    0,    0,    0,    0,    0,    0,    0,    0,    0,    0,    0,    0,    0,    0,    0,    0,    0,    0,    0,    0,    0,    0,    0,    0,    0,    0,    0,    0,    0,    0,    0,    0,    0,    0,    0,    0,    0,    0,    0,    0,    0,    0,    0,    0,    0,    0,    0,    0,    0,    0,    0,    0,    0,    0,    0,    0,    0,    0,    0,    0,    0,    0,    0,    0,    0,    0,    0,    0,    0,    0,    0,    0,    0,    0,    0,    0,    0,    0,    0,    0,    0,
       0,    0,    0,    0,    0,    0,    0,    0,    0,    0,    0,    0,    0,    0,    0,    0,    0,    0,    0,    0,    0,    0,    0,    0,    0,    0,    0,    0,    0,    0,    0,    0,    0,    0,    0,    0,    0,    0,    0,    0,    0,    0,    0,    0,    0,    0,    0,    0,    0,    0,    0,    0,    0,    0,    0,    0,    0,    0,    0,    0,    0,    0,    0,    0,    0,    0,    0,    0,    0,    0,    0,    0,    0,    0,    0,    0,    0,    0,    0,    0,    0,    0,    0,    0,    0,    0,    0,    0,    0,    0,    0,    0,    0,    0,    0,    0,    0,    0,    0,    0,    0,    0,   -5,   -5,    0,    0,    0,    0,    0,    0,    0,    0,    0,    0,    0,    0,    0,    0,    0,    0,    0,    0,    0,    0,    0,    0,    0,    0,    0,    0,    0,    0,    0,    0,    0,    0,    0,    0,    0,    0,    0,    0,    0,    0,    0,    0,   -3,   -3,    0,    0,    0,    0,    0,    0,    0,    0,    0,    0,    0,    0,    0,   -5,    0,    0,    0,    0,    0,    0,    0,    0,    0,    0,    0,    0,    0,    0,    0,    0,    0,    0,    0,    0,    0,
       0,    0,    0,    0,    0,    0,    0,    0,    0,    0,    0,    0,    0,    0,    0,    0,    0,    0,    0,    0,    0,    0,    0,    0,    0,    0,    0,    0,    0,    0,    0,    0,    0,    0,    0,    0,    0,    0,    0,    0,    0,    0,    0,    0,    0,    0,    0,    0,    0,    0,    0,    0,    0,    0,    0,    0,    0,    0,    0,    0,    0,    0,    0,    0,    0,    0,    0,    0,    0,    0,    0,    0,    0,    0,    0,    0,    0,    0,    0,    0,    0,    0,    0,    0,    0,    0,    0,    0,    0,    0,    0,    0,    0,    0,    0,    0,    0,    0,    0,    0,    0,    0,   -5,   -5,    0,    0,    0,    0,    0,    0,    0,    0,    0,    0,    0,    0,    0,    0,    0,    0,    0,    0,    0,    0,    0,    0,    0,    0,    0,    0,    0,    0,    0,    0,    0,    0,    0,    0,    0,    0,    0,    0,    0,    0,    0,    0,    0,    0,    0,    0,    0,    0,    0,    0,    0,    0,    0,    0,    0,    0,    0,    0,    0,    0,    0,    0,    0,    0,    0,    0,    0,    0,    0,    0,    0,    0,    0,    0,    0,    0,    0,    0,    0,
       0,    0,    0,    0,    0,    0,    0,    0,    0,    0,    0,    0,    0,    0,    0,    0,    0,    0,    0,    0,    0,    0,    0,    0,    0,    0,    0,    0,    0,    0,    0,    0,    0,    0,    0,    0,    0,    0,    0,    0,    0,    0,    0,    0,    0,    0,    0,    0,    0,    0,    0,    0,    0,    0,    0,    0,    0,    0,    0,    0,    0,    0,    0,    0,    0,    0,    0,    0,    0,    0,    0,    0,    0,    0,    0,    0,    0,    0,    0,    0,    0,    0,    0,    0,    0,    0,    0,    0,    0,    0,    0,    0,    0,    0,    0,    0,    0,    0,    0,    0,    0,    0,   -8,   -8,    0,    0,    0,    0,    0,    0,    0,    0,    0,    0,    0,    0,    0,    0,    0,    0,    0,    0,   -5,    0,    0,    0,    0,    0,    0,    0,    0,    0,    0,    0,    0,    0,    0,    0,    0,    0,    0,    0,    0,    0,    0,    0,    0,    0,    0,    0,    0,    0,    0,    0,    0,    0,    0,    0,    0,    0,    0,    0,    0,    0,    0,    0,    0,    0,    0,    0,    0,    0,    0,    0,    0,    0,    0,    0,    0,    0,    0,    0,    0,
       0,    0,    0,    0,    0,    0,    0,    0,    0,    0,    0,    0,    0,    0,    0,    0,    0,    0,    0,    0,    0,    0,    0,    0,    0,    0,    0,    0,    0,    0,    0,    0,    0,    0,    0,    0,    0,    0,    0,    0,    0,    0,    0,    0,    0,    0,    0,    0,    0,    0,    0,    0,    0,    0,    0,    0,    0,    0,    0,    0,    0,    0,    0,    0,    0,    0,    0,    0,    0,    0,    0,    0,    0,    0,    0,  -16,    0,    0,    0,    0,    0,    0,    0,    0,    0,    0,    0,    0,    0,    0,    0,    0,    0,    0,    0,    0,    0,    0,    0,    0,    0,    0,    0,    0,    0,    0,    0,    0,    0,    0,    0,    0,    0,    0,    0,    0,    0,    0,    0,    0,    0,    0,    0,    0,    0,    0,    0,    0,    0,    0,    0,    0,    0,    0,    0,    0,    0,    0,    0,    0,    0,    0,    0,    0,    0,    0,    0,    0,    0,    0,    0,    0,    0,    0,    0,    0,    0,    0,    0,    0,    0,   -5,   -5,   -5,    0,    0,    0,    0,    0,    0,    0,    0,    0,    0,    0,    0,    0,    0,    0,    0,    0,  -27,  -21,
       0,    0,    0,    0,    0,    0,    0,    0,    0,    0,    0,    0,    0,    0,    0,    0,    0,    0,    0,    0,    0,    0,    0,    0,    0,    0,    0,    0,    0,    0,    0,    0,    0,    0,    0,    0,    0,    0,    0,    0,    0,    0,    0,    0,    0,    0,    0,    0,    0,    0,    0,    0,    0,    0,    0,    0,    0,    0,    0,    0,    0,    0,    0,    0,    0,    0,    0,    0,    0,    0,    0,    0,    0,    0,    0,    0,    0,    0,    0,    0,    0,    0,    0,    0,    0,    0,   -8,   -8,   -8,   -8,    0,    0,    0,    0,    0,    0,    0,    0,    0,    0,   -8,   -8,  -13,   -8,    0,    0,    0,    0,    0,    0,    0,    0,    0,    0,  -19,    0,    0,    0,    0,    0,    0,    0,    0,    0,   -8,    0,    0,    0,    0,    0,    0,    0,    0,    0,    0,    0,    0,    0,    0,    0,   -8,    0,    0,    0,    0,    0,    0,    0,    0,    0,    0,    0,    0,    0,    0,    0,    0,    0,    0,    0,    0,   -5,   -5,    0,   -5,   -5,   -5,    0,    0,    0,    0,    0,    0,    0,    0,    0,    0,    0,    0,    0,    0,    0,    0,
       0,    0,    0,    0,    0,    0,    0,    0,    0,    0,    0,    0,    0,    0,    0,    0,    0,    0,    0,    0,    0,    0,    0,    0,    0,    0,    0,    0,    0,    0,    0,    0,    0,    0,    0,    0,    0,    0,    0,    0,    0,    0,    0,    0,    0,    0,    0,    0,    0,    0,    0,    0,    0,    0,    0,    0,    0,    0,    0,    0,    0,    0,    0,    0,    0,    0,    0,    0,    0,    0,    0,    0,    0,    0,   -5,   -5,    0,    0,    0,    0,    0,    0,    0,    0,    0,    0,    0,    0,    0,    0,    0,    0,    0,    0,    0,    0,    0,    0,    0,    0,    0,    0,    0,    0,    0,    0,    0,    0,  -11,    0,    0,    0,    0,    0,    0,    0,    0,    0,    0,    0,    0,    0,  -13,    0,    0,    0,    0,    0,    0,    0,    0,    0,    0,    0,    0,    0,    0,    0,    0,    0,    0,    0,    0,    0,    0,    0,    0,    0,    0,    0,    0,    0,    0,    0,    0,    0,    0,    0,    0,    0,    0,    0,    0,    0,    0,    0,    0,    0,    0,    0,    0,    0,    0,    0,    0,    0,    0,    0,    0,    0,    0,  -16,  -13,
       0,    0,    0,    0,    0,    0,    0,    0,    0,    0,    0,    0,    0,    0,    0,    0,    0,    0,    0,    0,    0,    0,    0,    0,    0,    0,    0,    0,    0,    0,    0,    0,    0,    0,    0,    0,    0,    0,    0,    0,    0,    0,    0,    0,    0,    0,    0,    0,    0,    0,    0,    0,    0,    0,    0,    0,    0,    0,    0,    0,    0,    0,    0,    0,    0,    0,    0,    0,    0,    0,    0,    0,    0,    0,   -5,   -5,    0,    0,    0,    0,    0,    0,    0,    0,    0,    0,    0,    0,    0,    0,    0,    0,    0,    0,    0,    0,    0,    0,    0,    0,    0,    0,    0,    0,    0,    0,    0,    0,    0,    0,    0,    0,    0,    0,    0,    0,    0,    0,    0,    0,    0,    0,  -13,    0,    0,    0,    0,    0,    0,    0,    0,    0,    0,    0,    0,    0,    0,    0,    0,    0,    0,    0,    0,    0,    0,    0,    0,    0,    0,    0,    0,    0,    0,    0,    0,    0,    0,    0,    0,    0,    0,    0,    0,    0,    0,    0,    0,    0,    0,    0,    0,    0,    0,    0,    0,    0,    0,    0,    0,    0,    0,  -16,  -16,
       0,    0,    0,    0,    0,    0,    0,    0,    0,    0,    0,    0,    0,    0,    0,    0,    0,    0,    0,    0,    0,    0,    0,    0,    0,    0,    0,    0,    0,    0,    0,    0,    0,    0,    0,    0,    0,    0,    0,    0,    0,    0,    0,    0,    0,    0,    0,    0,    0,    0,    0,    0,    0,    0,    0,    0,    0,    0,    0,    0,    0,    0,    0,    0,    0,    0,    0,    0,    0,    0,    0,    0,    0,    0,  -19,  -13,    0,  -11,    0,  -11,   -5,   -8,   -8,    0,    0,    0,    0,    0,    0,    0,    0,    0,    0,    0,    0,    0,    0,    0,    0,  -11,    0,    0,    0,    0,    0,    0,    0,    0,    0,    0,    0,    0,    0,    0,    0,    0,    0,    0,    0,    0,    0,    0,    0,    0,   -5,    0,    0,    0,    0,    0,    0,    0,    0,    0,    0,    0,    0,    0,    0,    0,    0,    0,    0,    0,    0,    0,    0,    0,    0,    0,    0,    0,    0,    0,    0,    0,    0,    0,    0,    0,    0,    0,    0,    0,    0,    0,    0,    0,    0,    0,    0,    0,    0,    0,    0,    0,    0,    0,    0,    0,    0,   -8,   -8,
       0,    0,    0,    0,    0,    0,    0,    0,    0,    0,    0,    0,    0,    0,    0,    0,    0,    0,    0,    0,    0,    0,    0,    0,    0,    0,    0,    0,    0,    0,    0,    0,    0,    0,    0,    0,    0,    0,    0,    0,    0,    0,    0,    0,    0,    0,    0,    0,    0,    0,    0,    0,    0,    0,    0,    0,    0,    0,    0,    0,    0,    0,    0,    0,    0,    0,    0,    0,    0,    0,    0,    0,    0,    0,  -13,  -13,    0,   -5,    0,   -8,    0,   -5,  -11,    0,    0,    0,    0,    0,    5,    5,    0,    0,    0,    0,    0,    0,    0,    0,    0,  -11,    0,    0,    0,    0,    0,    0,    0,    0,    0,    0,    0,    0,    0,    0,    0,    0,    0,    0,   -5,    0,   -8,  -13,    0,    0,    0,    0,    0,    0,    0,    0,    0,    0,    0,    0,    0,    0,    0,    0,    0,    0,    0,    0,    0,    0,    0,    0,    0,    0,    0,    0,    0,    0,    0,    0,    0,    0,    0,    0,    0,    0,    0,    0,    0,    0,    0,    0,    0,    0,    0,    0,    0,    0,    0,    0,    0,    0,    0,    0,    0,    0,    0,  -16,  -11,
       0,    0,    0,    0,    0,    0,    0,    0,    0,    0,    0,    0,    0,    0,    0,    0,    0,    0,    0,    0,    0,    0,    0,    0,    0,    0,    0,    0,    0,    0,    0,    0,    0,    0,    0,    0,    0,    0,    0,    0,    0,    0,    0,    0,    0,    0,    0,    0,    0,    0,    0,    0,    0,    0,    0,    0,    0,    0,    0,    0,    0,    0,    0,    0,    0,    0,    0,    0,    0,    0,    0,    0,    0,    0,    0,    0,    0,    0,    0,    0,   -5,    0,    0,    0,    0,    0,    0,    0,    0,    0,    0,    0,    0,    0,    0,    0,    0,    0,    0,    0,    0,    0,   -8,   -8,    0,    0,    0,    0,    0,    0,    0,    0,    0,    0,    0,    0,   11,    0,    0,    0,    0,    0,    0,    0,   -5,    0,    0,    0,    0,    0,    0,    0,    0,    0,    0,    0,    0,    0,    0,    0,    0,    0,    0,    0,    0,    0,    0,    0,    0,    0,    0,    0,    0,    0,    0,    0,    0,    0,    0,    0,    0,    0,    0,    0,    0,    0,    0,    0,    0,    0,    0,    0,    0,    0,    0,    0,    0,    0,    0,    0,    0,   -8,    0,
       0,    0,    0,    0,    0,    0,    0,    0,    0,    0,    0,    0,    0,    0,    0,    0,    0,    0,    0,    0,    0,    0,    0,    0,    0,    0,    0,    0,    0,    0,    0,    0,    0,    0,    0,    0,    0,    0,    0,    0,    0,    0,    0,    0,    0,    0,    0,    0,    0,    0,    0,    0,    0,    0,    0,    0,    0,    0,    0,    0,    0,    0,    0,    0,    0,    0,    0,    0,    0,    0,    0,    0,    0,    0,   -8,    0,    0,    0,    0,    0,   -5,    0,    0,    0,    0,    0,    0,    0,    0,    0,    0,    0,    0,    0,    0,    0,    0,    0,    0,    0,    0,    0,    3,    3,    0,    0,    0,    0,    0,    0,    0,    0,    0,    0,    0,    0,    8,    0,    0,    0,    0,    0,    0,    0,   -5,    0,    0,    0,    0,    0,    0,    0,    0,    0,    0,    0,    0,    0,    0,    0,    0,    0,    0,    0,    0,    0,    0,    0,    0,    0,    0,    0,    0,    0,    0,    0,    0,    0,    0,    0,    0,    0,    0,    0,    0,    0,    0,    0,    0,    0,    0,    0,    0,    0,    0,    0,    0,    0,    0,    0,    0,  -13,   -8,
       0,    0,    0,    0,    0,    0,    0,    0,    0,    0,    0,    0,    0,    0,    0,    0,    0,    0,    0,    0,    0,    0,    0,    0,    0,    0,    0,    0,    0,    0,    0,    0,    0,    0,    0,    0,    0,    0,    0,    0,    0,    0,    0,    0,    0,    0,    0,    0,    0,    0,    0,    0,    0,    0,    0,    0,    0,    0,    0,    0,    0,    0,    0,    0,    0,    0,    0,    0,    0,    0,    0,    0,    0,    0,  -13,  -13,    0,    0,    0,    0,    0,    0,    0,    0,    0,    0,    0,    0,    0,    0,    0,    0,    0,    0,    0,    0,    0,    0,    0,    0,    0,    0,    0,    0,    0,    0,    0,    0,    0,    0,    0,    0,    0,    0,    0,    0,    0,    0,    0,    0,    0,    0,    0,    0,    0,    0,    0,    0,    0,    0,    0,    0,    0,    0,    0,    0,    0,    0,    0,    0,    0,    0,    0,    0,    0,    0,    0,    0,    0,    0,    0,    0,    0,    0,    0,    0,    0,    0,    0,    0,    0,    0,    0,    0,    0,    0,    0,    0,    0,    0,    0,    0,    0,    0,    0,    0,    0,    0,    0,    0,    0,  -13,  -13,
       0,    0,    0,    0,    0,    0,    0,    0,    0,    0,    0,    0,    0,    0,    0,    0,    0,    0,    0,    0,    0,    0,    0,    0,    0,    0,    0,    0,    0,    0,    0,    0,    0,    0,    0,    0,    0,    0,    0,    0,    0,    0,    0,    0,    0,    0,    0,    0,    0,    0,    0,    0,    0,    0,    0,    0,    0,    0,    0,    0,    0,    0,    0,    0,    0,    0,    0,    0,    0,    0,    0,    0,    0,    0,  -19,  -13,    0,    0,    0,    0,    0,    0,    0,    0,    0,    0,    0,    0,    0,    0,    0,    0,    0,    0,    0,    0,    0,    0,    0,    0,    0,    0,    0,    0,    0,    0,    0,    0,    0,    0,    0,    0,    0,    0,    0,    0,    0,    0,    0,    0,    0,    0,    0,    0,    0,    0,    0,    0,    0,    0,    0,    0,    0,    0,    0,    0,    0,    0,    0,    0,    0,    0,    0,    0,    0,    0,    0,    0,    0,    0,    0,    0,    0,    0,    0,    0,    0,    0,    0,    0,    0,    0,    0,    0,    0,    0,    0,    0,    0,    0,    0,    0,    0,    0,    0,    0,    0,    0,    0,    0,    0,  -27,  -13,
       0,    0,    0,    0,    0,    0,    0,    0,    0,    0,    0,    0,    0,    0,    0,    0,    0,    0,    0,    0,    0,    0,    0,    0,    0,    0,    0,    0,    0,    0,    0,    0,    0,    0,    0,    0,    0,    0,    0,    0,    0,    0,    0,    0,    0,    0,    0,    0,    0,    0,    0,    0,    0,    0,    0,    0,    0,    0,    0,    0,    0,    0,    0,    0,    0,    0,    0,    0,    0,    0,    0,    0,    0,    0,   -5,    0,    0,    0,    0,    0,    0,    0,    0,    0,    0,    0,    0,    0,    0,    0,    0,   -5,   -5,    0,    0,    0,    0,    0,    0,  -19,    0,    0,    0,    0,    0,    0,    0,    0,    0,    0,    0,    0,    0,    0,    0,    0,    0,    0,    0,    0,    0,    0,    0,    0,    0,    0,    0,    0,    0,    0,    0,    0,    0,    0,    0,    0,    0,    0,    0,    0,    0,    0,    0,    0,    0,    0,    0,    0,    0,    0,    0,    0,    0,    0,    0,    0,    0,    0,    0,    0,    0,    0,    0,    0,    0,    0,    0,    0,    0,    0,    0,    0,    0,    0,    0,    0,    0,    0,    0,    0,    0,  -13,   -8,
       0,    0,    0,    0,    0,    0,    0,    0,    0,    0,    0,    0,    0,    0,    0,    0,    0,    0,    0,    0,    0,    0,    0,    0,    0,    0,    0,    0,    0,    0,    0,    0,    0,    0,    0,    0,    0,    0,    0,    0,    0,    0,    0,    0,    0,    0,    0,    0,    0,    0,    0,    0,    0,    0,    0,    0,    0,    0,    0,    0,    0,    0,    0,    0,    0,    0,    0,    0,    0,    0,    0,    0,    0,    0,    0,    0,    0,    0,    0,    0,    0,    0,    0,    0,    0,    0,    0,    0,    0,    0,    0,    3,    3,    0,    0,    0,    0,    0,    0,    0,    0,    0,    3,    3,    0,    0,    0,    0,    0,    0,    0,    0,    0,    0,    0,    0,    0,    0,    0,    0,    0,    0,    0,    0,    0,    0,    0,    0,    0,    0,    0,    0,    0,    0,    0,    0,    0,    0,    0,    0,    0,    0,    0,    0,    0,    0,    0,    0,    0,    0,    0,    0,    0,    0,    0,    0,    0,    0,    0,    0,    0,    0,    0,    0,    0,    0,    0,    0,    0,    0,    0,    0,    0,    0,    0,    0,    0,    0,    0,    0,    0,    3,    0,
       0,    0,    0,    0,    0,    0,    0,    0,    0,    0,    0,    0,    0,    0,    0,    0,    0,    0,    0,    0,    0,    0,    0,    0,    0,    0,    0,    0,    0,    0,    0,    0,    0,    0,    0,    0,    0,    0,    0,    0,    0,    0,    0,    0,    0,    0,    0,    0,    0,    0,    0,    0,    0,    0,    0,    0,    0,    0,    0,    0,    0,    0,    0,    0,    0,    0,    0,    0,    0,    0,    0,    0,    0,    0,    0,    0,    0,    0,    0,    0,    0,    0,    0,    0,    0,    0,    0,    0,    0,    0,    0,    0,    0,    0,    0,    0,    0,    0,    0,    0,    0,    0,    0,    0,    0,    0,    0,    0,    0,    0,    0,    0,    0,    0,    0,    0,    0,    0,    0,    0,    0,    0,  -11,    0,    0,    0,    0,    0,    0,    0,    0,    0,    0,    0,    0,    0,    0,    0,    0,    0,    0,    0,    0,    0,    0,    0,    0,    0,    0,    0,    0,    0,    0,    0,    0,    0,    0,    0,    0,    0,    0,    0,    0,    0,    0,    0,    0,    0,    0,    0,    0,    0,    0,    0,    0,    0,    0,    0,    0,    0,    0,    0,    0,
       0,    0,    0,    0,    0,    0,    0,    0,    0,    0,    0,    0,    0,    0,    0,    0,    0,    0,    0,    0,    0,    0,    0,    0,    0,    0,    0,    0,    0,    0,    0,    0,    0,    0,    0,    0,    0,    0,    0,    0,    0,    0,    0,    0,    0,    0,    0,    0,    0,    0,    0,    0,    0,    0,    0,    0,    0,    0,    0,    0,    0,    0,    0,    0,    0,    0,    0,    0,    0,    0,    0,    0,    0,    0,    0,    0,    0,    0,    0,    0,    0,    0,    0,    0,    0,    0,    0,    0,    0,    0,    0,   -5,   -5,    0,    0,    0,    0,    0,    0,    0,  -16,  -16,   -8,   -8,    0,    0,    0,    0,    0,    0,    0,    0,    0,    0,    0,    0,    0,    0,    0,   -3,    0,    0,    0,    0,    0,    0,    0,    0,    0,    0,    0,    0,    0,    0,    0,    0,    0,    0,    0,    0,   -5,    0,    0,    0,    0,    0,    0,    0,    0,    0,    0,    0,    0,    0,    0,    0,    0,    0,    0,    0,    0,    0,    0,    0,    0,    0,    0,    0,    0,    0,    0,    0,    0,    0,    0,    0,    0,    0,    0,    0,    0,    0,    0,
       0,    0,    0,    0,    0,    0,    0,    0,    0,    0,    0,    0,    0,    0,    0,    0,    0,    0,    0,    0,    0,    0,    0,    0,    0,    0,    0,    0,    0,    0,    0,    0,    0,    0,    0,    0,    0,    0,    0,    0,    0,    0,    0,    0,    0,    0,    0,    0,    0,    0,    0,    0,    0,    0,    0,    0,    0,    0,    0,    0,    0,    0,    0,    0,    0,    0,    0,    0,    0,    0,    0,    0,    0,    0,  -21,  -27,    0,   -5,    0,   -8,    0,  -11,   -5,    0,    0,    0,    0,    0,    0,    0,    0,    0,    0,    0,    0,    0,    0,    0,    0,  -11,    0,    0,    3,    3,    0,    0,    0,    0,    0,    0,    0,   -5,   -5,   -5,  -19,    0,    0,    0,   -5,    0,    0,    0,    0,    0,    0,    0,    0,    0,    0,    0,    0,    0,    0,    0,    0,    0,   -8,    0,    0,    0,    0,    0,    0,    0,    0,    0,    0,    0,    0,    0,    0,    0,    0,    0,    0,    0,    0,  -16,    0,    0,    0,    0,    0,    0,  -24,  -19,  -24,    0,    0,    0,    0,    0,    0,    0,    0,    0,    0,    0,    0,    0,    0,  -11,  -11,
       0,    0,    0,    0,    0,    0,    0,    0,    0,    0,    0,    0,    0,    0,    0,    0,    0,    0,    0,    0,    0,    0,    0,    0,    0,    0,    0,    0,    0,    0,    0,    0,    0,    0,    0,    0,    0,    0,    0,    0,    0,    0,    0,    0,    0,    0,    0,    0,    0,    0,    0,    0,    0,    0,    0,    0,    0,    0,    0,    0,    0,    0,    0,    0,    0,    0,    0,    0,    0,    0,    0,    0,    0,    0,  -19,  -27,    0,    0,    0,    0,    0,    0,    0,    0,    0,    0,    0,    0,    0,    0,    0,    0,    0,    0,    0,    0,   -3,    0,    0,    0,    0,    0,    0,    0,    0,    0,    0,    0,    0,    0,    0,    0,    0,    0,  -13,    0,    0,    0,    0,    0,    0,    0,    0,    0,    0,    0,    0,    0,    0,    0,    0,    0,    0,    0,    0,    0,    0,    0,    0,    0,    0,    0,    0,    0,    0,    0,    0,    0,    0,    0,    0,    0,    0,    0,    0,    0,    0,  -19,    0,    0,    0,    0,    0,    0,  -19,  -19,  -19,    0,    0,    0,    0,    0,    0,    0,    0,    0,    0,    0,    0,    0,    0,  -13,  -11,
       0,    0,    0,    0,    0,    0,    0,    0,    0,    0,    0,    0,    0,    0,    0,    0,    0,    0,    0,    0,    0,    0,    0,    0,    0,    0,    0,    0,    0,    0,    0,    0,    0,    0,    0,    0,    0,    0,    0,    0,    0,    0,    0,    0,    0,    0,    0,    0,    0,    0,    0,    0,    0,    0,    0,    0,    0,    0,    0,    0,    0,    0,    0,    0,    0,    0,    0,    0,    0,    0,    0,    0,    0,    0,    0,    0,    0,    0,    0,    0,    0,    0,    0,    0,    0,    0,    0,    0,    0,    0,    0,    5,    5,    0,    0,    0,    0,    0,    0,    0,    0,    0,    8,    8,    0,    0,    0,    0,    0,    0,    0,    0,    0,    0,  -13,    0,    0,    0,    0,    0,    0,    0,    0,    0,    0,    0,    0,    0,    0,    0,    0,    0,    0,    0,    0,    0,    0,    0,    0,    0,    0,    0,    0,    0,    0,    0,    0,    0,    0,    0,    0,    0,    0,    0,    0,    0,    0,    0,    0,    0,    0,    0,    0,    0,    0,    0,    0,    0,    0,    0,    0,    0,    0,    0,    0,    0,    0,    0,    0,    0,    0,    0,    0,
       0,    0,    0,    0,    0,    0,    0,    0,    0,    0,    0,    0,    0,    0,    0,    0,    0,    0,    0,    0,    0,    0,    0,    0,    0,    0,    0,    0,    0,    0,    0,    0,    0,    0,    0,    0,    0,    0,    0,    0,    0,    0,    0,    0,    0,    0,    0,    0,    0,    0,    0,    0,    0,    0,    0,    0,    0,    0,    0,    0,    0,    0,    0,    0,    0,    0,    0,    0,    0,    0,    0,    0,    0,    0,    0,    0,    0,    0,    0,    0,    0,    0,    0,    0,    0,    0,    0,    0,    0,    0,    0,    0,    0,    0,    0,    0,    0,    0,    0,    0,    0,    0,    0,    0,    0,    0,    0,    0,    0,    0,    0,    0,    0,    0,    0,    0,    0,    0,    0,    0,    0,    0,    0,    0,    0,    0,    0,    0,    0,    0,    0,    0,    0,    0,    0,    0,    0,    0,    0,    0,    0,    0,    0,    0,    0,    0,    0,    0,    0,    0,    0,    0,    0,    0,    0,    0,    0,    0,    0,    0,    0,    0,    0,    0,    0,    0,    0,    0,    0,    0,    0,    0,    0,    0,    0,    0,    0,    0,    0,    0,    0,  -13,   -5,
       0,    0,    0,    0,    0,    0,    0,    0,    0,    0,    0,    0,    0,    0,    0,    0,    0,    0,    0,    0,    0,    0,    0,    0,    0,    0,    0,    0,    0,    0,    0,    0,    0,    0,    0,    0,    0,    0,    0,    0,    0,    0,    0,    0,    0,    0,    0,    0,    0,    0,    0,    0,    0,    0,    0,    0,    0,    0,    0,    0,    0,    0,    0,    0,    0,    0,    0,    0,    0,    0,    0,    0,    0,    0,    0,    0,    0,    0,    0,    0,    0,    0,    0,    0,    0,    0,    0,    0,    0,    0,    0,    0,    0,    0,    0,    0,    0,    0,    0,    0,    0,    0,    0,    0,    0,    0,    0,    0,    0,    0,    0,    0,    0,    0,    0,   -8,    0,    0,    0,    0,    0,    0,    0,    0,    0,    0,  -16,    0,    0,    0,    0,    0,    0,    0,    0,    0,    0,    0,    0,    0,    0,    0,    0,    0,    0,    0,    0,    0,    0,    0,    0,    0,    0,    0,    0,    0,    0,    0,    0,    0,    0,    0,    0,    0,    0,    0,    0,    0,    0,    0,    0,    0,    0,    0,    0,    0,    0,    0,    0,    0,    0,   -5,    0,
       0,    0,    0,    0,    0,    0,    0,    0,    0,    0,    0,    0,    0,    0,    0,    0,    0,    0,    0,    0,    0,    0,    0,    0,    0,    0,    0,    0,    0,    0,    0,    0,    0,    0,    0,    0,    0,    0,    0,    0,    0,    0,    0,    0,    0,    0,    0,    0,    0,    0,    0,    0,    0,    0,    0,    0,    0,    0,    0,    0,    0,    0,    0,    0,    0,    0,    0,    0,    0,    0,    0,    0,    0,    0,   -8,   -8,    0,    0,    0,    0,    0,    0,    0,    0,    0,    0,    0,    0,    0,    0,    0,    0,    0,    0,    0,    0,    0,    0,    0,    0,    0,    0,    0,    0,    0,    0,    0,    0,    0,    0,    0,    0,    0,    0,    0,   -5,    0,    0,    0,    0,    0,    0,    0,    0,    0,    0,  -16,    0,    0,    0,    0,    0,    0,    0,    0,    0,    0,    0,    0,    0,    0,    0,    0,    0,    0,    0,    0,    0,    0,    0,    0,    0,    0,    0,    0,    0,    0,    0,    0,    0,    0,    0,    0,    0,    0,    0,    0,    0,    0,    0,    0,    0,    0,    0,    0,    0,    0,    0,    0,    0,    0,  -13,   -8,
       0,    0,    0,    0,    0,    0,    0,    0,    0,    0,    0,    0,    0,    0,    0,    0,    0,    0,    0,    0,    0,    0,    0,    0,    0,    0,    0,    0,    0,    0,    0,    0,    0,    0,    0,    0,    0,    0,    0,    0,    0,    0,    0,    0,    0,    0,    0,    0,    0,    0,    0,    0,    0,    0,    0,    0,    0,    0,    0,    0,    0,    0,    0,    0,    0,    0,    0,    0,    0,    0,    0,    0,    0,    0,    0,    0,    0,    0,    0,    0,    0,    0,    0,    0,    0,    0,    0,    0,    0,    0,    0,    0,    0,    0,    0,    0,    0,    0,    0,    0,    0,    0,    0,    0,    0,    0,    0,    0,    0,    0,    0,    0,    0,    0,    0,    0,    0,    0,    0,    0,    0,    0,    0,    0,    0,    0,    0,    0,    0,    0,    0,    0,    0,    0,    0,    0,    0,    0,    0,    0,    0,    0,    0,    0,    0,    0,    0,    0,    0,    0,    0,    0,    0,    0,    0,    0,    0,    0,    0,    0,    0,    0,    0,    0,    0,    0,    0,    0,    0,    0,    0,    0,    0,    0,    0,    0,    0,    0,    0,    0,    0,  -13,  -11,
       0,    0,    0,    0,    0,    0,    0,    0,    0,    0,    0,    0,    0,    0,    0,    0,    0,    0,    0,    0,    0,    0,    0,    0,    0,    0,    0,    0,    0,    0,    0,    0,    0,    0,    0,    0,    0,    0,    0,    0,    0,    0,    0,    0,    0,    0,    0,    0,    0,    0,    0,    0,    0,    0,    0,    0,    0,    0,    0,    0,    0,    0,    0,    0,    0,    0,    0,    0,    0,    0,    0,    0,    0,    0,    0,    0,    0,    0,    0,    0,    0,    0,    0,    0,    0,    0,    0,    0,    0,    0,    0,    0,    0,    0,    0,    0,    0,    0,    0,    0,    0,    0,  -13,    0,    0,    0,    0,    8,    0,    0,    0,    0,    0,    0,    0,    0,    0,    0,    0,    0,    0,    0,    0,    0,    0,    0,    0,    0,    0,    0,    0,    0,    0,    0,    0,    0,    0,    0,    0,    0,    0,    0,    0,    0,    0,    0,    0,    0,    0,    0,    0,    0,    0,    0,    0,    0,    0,    0,    0,    0,    0,    0,    0,    0,    0,    0,    0,    0,    0,    0,    0,    0,    0,    0,    0,    0,    0,    0,    0,    0,    0,    0,    0,
       0,    0,    0,    0,    0,    0,    0,    0,    0,    0,    0,    0,    0,    0,    0,    0,    0,    0,    0,    0,    0,    0,    0,    0,    0,    0,    0,    0,    0,    0,    0,    0,    0,    0,    0,    0,    0,    0,    0,    0,    0,    0,    0,    0,    0,    0,    0,    0,    0,    0,    0,    0,    0,    0,    0,    0,    0,    0,    0,    0,    0,    0,    0,    0,    0,    0,    0,    0,    0,    0,    0,    0,    0,    0,  -11,  -11,    0,    0,    0,    0,    0,    0,    0,    0,    0,    0,    0,    0,    0,    0,    0,    0,    0,    0,    0,    0,    0,    0,    0,    0,    0,    0,    0,    0,    0,    0,    0,    0,    0,    0,    0,    0,    0,    0,    0,    0,    0,    0,    0,    0,    0,    0,    0,    0,    0,    0,    0,    0,    0,    0,    0,    0,    0,    0,    0,    0,    0,    0,    0,    0,    0,    0,    0,    0,    0,    0,    0,    0,    0,    0,    0,    0,    0,    0,    0,    0,    0,    0,    0,    0,    0,    0,    0,    0,    0,    0,    0,    0,    0,    0,    0,    0,    0,    0,    0,    0,    0,    0,    0,    0,    0,  -13,  -13,
       0,    0,    0,    0,    0,    0,    0,    0,    0,    0,    0,    0,    0,    0,    0,    0,    0,    0,    0,    0,    0,    0,    0,    0,    0,    0,    0,    0,    0,    0,    0,    0,    0,    0,    0,    0,    0,    0,    0,    0,    0,    0,    0,    0,    0,    0,    0,    0,    0,    0,    0,    0,    0,    0,    0,    0,    0,    0,    0,    0,    0,    0,    0,    0,    0,    0,    0,    0,    0,    0,    0,    0,    0,    0,   -8,   -8,    0,    0,    0,    0,    0,    0,    0,    0,    0,    0,    0,    0,    0,    0,    0,    0,    0,    0,    0,    0,    0,    0,    0,    0,    0,    0,    0,    0,    0,    0,    0,    0,    0,    0,    0,    0,    0,    0,    0,    0,    0,    0,    0,    0,    0,    0,    0,    0,    0,    0,    0,    0,    0,    0,    0,    0,    0,    0,    0,    0,    0,    0,    0,    0,    0,    0,    0,    0,    0,    0,    0,    0,    0,    0,    0,    0,    0,    0,    0,    0,    0,    0,    0,    0,    0,    0,    0,    0,    0,    0,    0,    0,    0,    0,    0,    0,    0,    0,    0,    0,    0,    0,    0,    0,    0,  -11,   -8,
       0,    0,    0,    0,    0,    0,    0,    0,    0,    0,    0,    0,    0,    0,    0,    0,    0,    0,    0,    0,    0,    0,    0,    0,    0,    0,    0,    0,    0,    0,    0,    0,    0,    0,    0,    0,    0,    0,    0,    0,    0,    0,    0,    0,    0,    0,    0,    0,    0,    0,    0,    0,    0,    0,    0,    0,    0,    0,    0,    0,    0,    0,    0,    0,    0,    0,    0,    0,    0,    0,    0,    0,    0,    0,  -13,   -8,   -8,    0,    0,    0,    0,    0,    0,   -8,    0,    0,   -8,   -8,   -8,   -8,    0,    0,    0,    0,   -8,    0,    0,    0,    0,  -16,   -5,   -5,    0,    0,    0,    0,    0,    0,   -5,   -5,    0,    0,    0,    0,    0,  -13,    0,  -13,    0,    0,    0,    0,    0,    0,    0,    0,    0,    0,    0,    0,    0,    0,    0,    0,    0,    0,    0,    0,    0,    0,    0,    0,    0,    0,    0,    0,    0,    0,    0,    0,    0,    0,    0,    0,    0,    0,    0,    0,    0,    0,    0,    0,    0,    0,    0,    0,    0,    0,    0,    0,    0,    0,    0,    0,    0,    0,    0,    0,    0,    0,    0,  -19,  -13,
       0,    0,    0,    0,    0,    0,    0,    0,    0,    0,    0,    0,    0,    0,    0,    0,    0,    0,    0,    0,    0,    0,    0,    0,    0,    0,    0,    0,    0,    0,    0,    0,    0,    0,    0,    0,    0,    0,    0,    0,    0,    0,    0,    0,    0,    0,    0,    0,    0,    0,    0,    0,    0,    0,    0,    0,    0,    0,    0,    0,    0,    0,    0,    0,    0,    0,    0,    0,    0,    0,    0,    0,    0,    0,  -11,  -11,   -3,    0,    0,    0,    0,    0,    0,    0,    0,    0,    0,    0,    0,    5,    0,    0,    0,    0,    0,    0,    0,    0,    0,    0,    0,    0,    0,    0,    0,    0,    0,    0,    0,    0,    0,    0,    0,    0,    0,    0,    0,    0,    0,    0,    0,    0,    0,    0,    0,    0,    0,    0,    0,    0,    0,    0,    0,    0,    0,    0,    0,    0,    0,    0,    0,    0,    0,    0,    0,    0,    0,    0,    0,    0,    0,    0,    0,    0,    0,    0,    0,    0,    0,    0,    0,    0,    0,    0,    0,    0,    0,    0,    0,    0,    0,    0,    0,    0,    0,    0,    0,    0,    0,    0,    0,  -11,  -11,
       0,    0,    0,    0,    0,    0,    0,    0,    0,    0,    0,    0,    0,    0,    0,    0,    0,    0,    0,    0,    0,    0,    0,    0,    0,    0,    0,    0,    0,    0,    0,    0,    0,    0,    0,    0,    0,    0,    0,    0,    0,    0,    0,    0,    0,    0,    0,    0,    0,    0,    0,    0,    0,    0,    0,    0,    0,    0,    0,    0,    0,    0,    0,    0,    0,    0,    0,    0,    0,    0,    0,    0,    0,    0,  -11,    0,    0,    0,    0,    0,    0,    0,    0,    0,    0,    0,    0,    0,   -8,    0,    0,   -8,   -8,    0,   -8,    0,    0,    0,    0,   -8,  -11,  -11,   -8,   -8,    0,    0,   -8,   -3,    0,    0,    0,    0,    0,    0,  -13,    0,    0,    0,    0,    0,    0,    0,    0,    0,    0,    0,    0,    0,    0,    0,    0,    0,    0,    0,    0,    0,    0,    0,    0,    0,    0,    0,    0,    0,    0,    0,    0,    0,    0,    0,    0,    0,    0,    0,    0,    0,    0,    0,    0,    0,    0,    0,    0,    0,    0,    0,    0,    0,    0,    0,    0,    0,    0,    0,    0,    0,    0,    0,    0,    0,    0,  -11,   -8,
       0,    0,    0,    0,    0,    0,    0,    0,    0,    0,    0,    0,    0,    0,    0,    0,    0,    0,    0,    0,    0,    0,    0,    0,    0,    0,    0,    0,    0,    0,    0,    0,    0,    0,    0,    0,    0,    0,    0,    0,    0,    0,    0,    0,    0,    0,    0,    0,    0,    0,    0,    0,    0,    0,    0,    0,    0,    0,    0,    0,    0,    0,    0,    0,    0,    0,    0,    0,    0,    0,    0,    0,    0,    0,  -13,  -13,    0,    0,    0,    0,    0,    0,    0,    0,    0,    0,   -8,   -8,   -8,   -8,   -8,    0,    0,    0,   -8,    0,    0,    0,    0,    0,   -8,   -8,   -5,   -5,    0,    0,   -5,    0,    0,    0,    0,    0,    0,    0,  -13,    0,   -8,    0,    0,    0,    0,    0,    0,    0,    0,    0,    0,    0,    0,    0,    0,    0,    0,    0,    0,    0,    0,    0,    0,    0,    0,    0,    0,    0,    0,    0,    0,    0,    0,    0,    0,    0,    0,    0,    0,    0,    0,    0,    0,    0,    0,    0,    0,    0,    0,    0,    0,    0,    0,    0,    0,    0,    0,    0,    0,    0,    0,    0,    0,    0,    0,  -13,  -13,
       0,    0,    0,    0,    0,    0,    0,    0,    0,    0,    0,    0,    0,    0,    0,    0,    0,    0,    0,    0,    0,    0,    0,    0,    0,    0,    0,    0,    0,    0,    0,    0,    0,    0,    0,    0,    0,    0,    0,    0,    0,    0,    0,    0,    0,    0,    0,    0,    0,    0,    0,    0,    0,    0,    0,    0,    0,    0,    0,    0,    0,    0,    0,    0,    0,    0,    0,    0,    0,    0,    0,    0,    0,    0,   -8,    0,    0,    0,    0,    0,    0,    0,    0,    0,    0,   -5,    0,    0,   -5,   -5,   -5,    3,    3,    0,   -5,    0,    0,    0,    0,    0,    0,    0,    0,    0,    0,    0,    0,    0,    0,    0,    0,    0,    0,    0,    0,    0,    0,    0,    0,    0,    0,    0,    0,    0,    0,    0,    0,    0,    0,    0,    0,    0,    0,    0,    0,    0,    0,    0,    0,    0,    0,    0,    0,    0,    0,    0,    0,    0,    0,    0,    0,    0,    0,    0,    0,    0,    0,    0,    0,    0,    0,    0,    0,    0,    0,    0,    0,    0,    0,    0,    0,    0,    0,    0,    0,    0,    0,    0,    0,    0,    0,  -13,   -8,
       0,    0,    0,    0,    0,    0,    0,    0,    0,    0,    0,    0,    0,    0,    0,    0,    0,    0,    0,    0,    0,    0,    0,    0,    0,    0,    0,    0,    0,    0,    0,    0,    0,    0,    0,    0,    0,    0,    0,    0,    0,    0,    0,    0,    0,    0,    0,    0,    0,    0,    0,    0,    0,    0,    0,    0,    0,    0,    0,    0,    0,    0,    0,    0,    0,    0,    0,    0,    0,    0,    0,    0,    0,    0,    0,    0,    0,    0,    0,    0,    0,    0,    0,    0,    0,    0,   -5,   -5,    0,    0,    0,    0,    0,    0,    0,    0,    0,   -8,    0,    0,    0,    0,    0,    0,    0,    0,    0,    0,    0,    0,   -5,    0,    0,    0,    0,    0,    0,    0,    0,    0,    0,    0,    0,    0,    0,    0,    0,    0,    0,    0,    0,    0,    0,    0,    0,    0,    0,    0,    0,    0,    0,    0,    0,    0,    0,    0,    0,    0,    0,    0,    0,    0,    0,    0,    0,    0,    0,    0,    0,    0,    0,    0,    0,    0,    0,    0,    0,    0,    0,    0,    0,    0,    0,    0,    0,    0,    0,    0,    0,    0,    0,   -3,    3,
       0,    0,    0,    0,    0,    0,    0,    0,    0,    0,    0,    0,    0,    0,    0,    0,    0,    0,    0,    0,    0,    0,    0,    0,    0,    0,    0,    0,    0,    0,    0,    0,    0,    0,    0,    0,    0,    0,    0,    0,    0,    0,    0,    0,    0,    0,    0,    0,    0,    0,    0,    0,    0,    0,    0,    0,    0,    0,    0,    0,    0,    0,    0,    0,    0,    0,    0,    0,    0,    0,    0,    0,    0,    0,    0,    0,    0,    0,    0,    0,    0,    0,    0,    0,    0,    0,    0,    0,    0,    0,    0,    0,    0,    0,    0,    0,    0,    0,    0,    0,    0,    0,    0,    0,    0,    0,    0,    0,    0,    0,    0,    0,    0,    0,    0,    0,    0,    0,    0,    0,    0,    0,    0,    0,    0,    0,    0,    0,    0,    0,    0,    0,    0,    0,    0,    0,    0,    0,    0,    0,    0,    0,    0,    0,    0,    0,    0,    0,    0,    0,    0,    0,    0,    0,    0,    0,    0,    0,    0,    0,    0,    0,    0,    0,    0,    0,    0,    0,    0,    0,    0,    0,    0,    0,    0,    0,    0,    0,    0,    0,    0,  -11,    0,
       0,    0,    0,    0,    0,    0,    0,    0,    0,    0,    0,    0,    0,    0,    0,    0,    0,    0,    0,    0,    0,    0,    0,    0,    0,    0,    0,    0,    0,    0,    0,    0,    0,    0,    0,    0,    0,    0,    0,    0,    0,    0,    0,    0,    0,    0,    0,    0,    0,    0,    0,    0,    0,    0,    0,    0,    0,    0,    0,    0,    0,    0,    0,    0,    0,    0,    0,    0,    0,    0,    0,    0,    0,    0,    0,    0,    0,    0,    0,    0,    0,    0,    0,    0,    0,    0,   -8,    0,    0,    0,    0,    0,    0,    0,    0,    0,    0,    0,    0,    0,    0,    0,    0,    0,    0,    0,    0,    0,    0,    0,    0,    0,    0,    0,    0,    0,    0,    0,    0,    0,    0,    0,    0,    0,    0,    0,    0,    0,    0,    0,    0,    0,    0,    0,    0,    0,    0,    0,    0,    0,    0,    0,    0,    0,    0,    0,    0,    0,    0,    0,    0,    0,    0,    0,    0,    0,    0,    0,    0,    0,    0,    0,    0,    0,    0,    0,    0,    0,    0,    0,    0,    0,    0,    0,    0,    0,    0,    0,    0,    0,    0,  -16,   -8,
       0,    0,    0,    0,    0,    0,    0,    0,    0,    0,    0,    0,    0,    0,    0,    0,    0,    0,    0,    0,    0,    0,    0,    0,    0,    0,    0,    0,    0,    0,    0,    0,    0,    0,    0,    0,    0,    0,    0,    0,    0,    0,    0,    0,    0,    0,    0,    0,    0,    0,    0,    0,    0,    0,    0,    0,    0,    0,    0,    0,    0,    0,    0,    0,    0,    0,    0,    0,    0,    0,    0,    0,    0,    0,    0,    0,    0,    0,    0,    0,    0,    0,    0,    0,    0,    0,    0,    0,    0,    0,    0,    0,    0,    0,    0,   -5,   -5,    0,    0,    0,    0,    0,    0,    0,    0,    0,    0,    0,    0,    0,    0,    0,    0,    0,    0,    0,    0,    0,    0,    0,    0,    0,    0,    0,    0,    0,    0,    0,    0,    0,    0,    0,    0,    0,    0,    0,    0,    0,    0,    0,    0,    0,    0,    0,    0,    0,    0,    0,    0,    0,    0,    0,    0,    0,    0,    0,    0,    0,    0,    0,    0,    0,    0,    0,    0,    0,    0,    0,    0,    0,    0,    0,    0,    0,    0,    0,    0,    0,    0,    0,    0,    0,    0,
       0,    0,    0,    0,    0,    0,    0,    0,    0,    0,    0,    0,    0,    0,    0,    0,    0,    0,    0,    0,    0,    0,    0,    0,    0,    0,    0,    0,    0,    0,    0,    0,    0,    0,    0,    0,    0,    0,    0,    0,    0,    0,    0,    0,    0,    0,    0,    0,    0,    0,    0,    0,    0,    0,    0,    0,    0,    0,    0,    0,    0,    0,    0,    0,    0,    0,    0,    0,    0,    0,    0,    0,    0,    0,    0,    0,    0,    0,    0,    0,    0,    0,    0,    0,    5,    0,    0,    0,    0,    0,    0,    0,    0,    0,    0,    0,    0,    0,    0,    0,    0,    0,    0,    0,    0,    0,    0,    0,    0,    0,    0,    0,    0,    0,    0,    0,    0,    0,    0,    0,    0,    0,    0,    0,    0,    0,    0,    0,    0,    0,    0,    0,    0,    0,    0,    0,    0,    0,    0,    0,    0,    0,    0,    0,    0,    0,    0,    0,    0,    0,    0,    0,    0,    0,    0,    0,    0,    0,    0,    0,    0,    0,    0,    0,    0,    0,    0,    0,    0,    0,    0,    0,    0,    0,    0,    0,    0,    0,    0,    0,    0,    0,    0,
       0,    0,    0,    0,    0,    0,    0,    0,    0,    0,    0,    0,    0,    0,    0,    0,    0,    0,    0,    0,    0,    0,    0,    0,    0,    0,    0,    0,    0,    0,    0,    0,    0,    0,    0,    0,    0,    0,    0,    0,    0,    0,    0,    0,    0,    0,    0,    0,    0,    0,    0,    0,    0,    0,    0,    0,    0,    0,    0,    0,    0,    0,    0,    0,    0,    0,    0,    0,    0,    0,    0,    0,    0,    0,    0,    0,    0,    0,    0,    0,    0,    0,    0,    0,    0,    0,    0,    0,    0,    0,    0,    0,    0,    0,    0,    0,    0,    0,    0,    0,    0,    0,    0,    0,   -8,   -8,    0,    0,    0,    0,    0,    0,    0,    0,    0,    0,    0,    0,    0,    0,    0,    0,    0,    0,    0,    0,    0,    0,    0,    0,    0,    0,    0,    0,    0,    0,    0,    0,    0,    0,    0,    0,    0,    0,    0,    0,    0,    0,    0,    0,    0,    0,    0,    0,    0,    0,    0,    0,    0,    0,    0,    0,    0,    0,    0,    0,    0,    0,    0,    0,    0,    0,    0,    0,    0,    0,    0,    0,    0,    0,    0,  -13,  -11,
       0,    0,    0,    0,    0,    0,    0,    0,    0,    0,    0,    0,    0,    0,    0,    0,    0,    0,    0,    0,    0,    0,    0,    0,    0,    0,    0,    0,    0,    0,    0,    0,    0,    0,    0,    0,    0,    0,    0,    0,    0,    0,    0,    0,    0,    0,    0,    0,    0,    0,    0,    0,    0,    0,    0,    0,    0,    0,    0,    0,    0,    0,    0,    0,    0,    0,    0,    0,    0,    0,    0,    0,    0,    0,    0,    0,    0,    0,    0,    0,    0,    0,    0,    0,    0,    0,    0,    0,    0,    0,    0,    0,    0,    0,    0,    0,    0,    0,    0,    0,    0,    0,    0,    0,    0,    0,    0,    0,    0,    0,    0,    0,    0,    0,    0,    0,    0,    0,    0,    0,    0,    0,    0,    0,    0,    0,    0,    0,    0,    0,    0,    0,    0,    0,    0,    0,    0,    0,    0,    0,    0,    0,    0,    0,    0,    0,    0,    0,    0,    0,    0,    0,    0,    0,    0,    0,    0,    0,    0,    0,    0,    0,    0,    0,    0,    0,    0,    0,    0,    0,    0,    0,    0,    0,    0,    0,    0,    0,    0,    0,    0,    0,  -13,
       0,    0,    0,    0,    0,    0,    0,    0,    0,    0,    0,    0,    0,    0,    0,    0,    0,    0,    0,    0,    0,    0,    0,    0,    0,    0,    0,    0,    0,    0,    0,    0,    0,    0,    0,    0,    0,    0,    0,    0,    0,    0,    0,    0,    0,    0,    0,    0,    0,    0,    0,    0,    0,    0,    0,    0,    0,    0,    0,    0,    0,    0,    0,    0,    0,    0,    0,    0,    0,    0,    0,    0,    0,    0,    0,    0,    0,    0,    0,    0,    0,    0,    0,    0,    0,    0,    0,    0,    0,    0,    0,    0,    0,    0,    0,    0,    0,    0,    0,    0,    0,    0,    0,    0,    0,    0,    0,    0,    0,    0,    0,    0,    0,    0,    0,    0,    0,    0,    0,    0,    0,    0,    0,    0,    0,    0,    0,    0,    0,    0,    0,    0,    0,    0,    0,    0,    0,    0,    0,    0,    0,    0,    0,    0,    0,    0,    0,    0,    0,    0,    0,    0,    0,    0,    0,    0,    0,    0,    0,    0,    0,    0,    0,    0,    0,    0,    0,    0,    0,    0,    0,    0,    0,    0,    0,    0,    0,    0,    0,    0,    0,  -19,  -13,
       0,    0,    0,    0,    0,    0,    0,    0,    0,    0,    0,    0,    0,    0,    0,    0,    0,    0,    0,    0,    0,    0,    0,    0,    0,    0,    0,    0,    0,    0,    0,    0,    0,    0,    0,    0,    0,    0,    0,    0,    0,    0,    0,    0,    0,    0,    0,    0,    0,    0,    0,    0,    0,    0,    0,    0,    0,    0,    0,    0,    0,    0,    0,    0,    0,    0,    0,    0,    0,    0,    0,    0,    0,    0,    0,    0,    0,    0,    0,    0,    0,    0,    0,    0,    0,    0,    0,    0,    0,    0,    0,    0,    0,    0,    0,    0,    0,   -8,   -8,    0,    0,    0,    0,    0,    0,    0,    0,    0,    0,    0,    0,    0,    0,    0,    0,    0,    0,    0,    0,    0,    0,    0,    0,    0,    0,    0,    0,    0,    0,    0,    0,    0,    0,    0,    0,    0,    0,    0,    0,    0,    0,    0,    0,    0,    0,    0,    0,    0,    0,    0,    0,    0,    0,    0,    0,    0,    0,    0,    0,    0,    0,    0,    0,    0,    0,    0,    0,    0,    0,    0,    0,    0,    0,    0,    0,    0,    0,    0,    0,    0,    0,   -5,    0,
       0,    0,    0,    0,    0,    0,    0,    0,    0,    0,    0,    0,    0,    0,    0,    0,    0,    0,    0,    0,    0,    0,    0,    0,    0,    0,    0,    0,    0,    0,    0,    0,    0,    0,    0,    0,    0,    0,    0,    0,    0,    0,    0,    0,    0,    0,    0,    0,    0,    0,    0,    0,    0,    0,    0,    0,    0,    0,    0,    0,    0,    0,    0,    0,    0,    0,    0,    0,    0,    0,    0,    0,    0,    0,    0,    0,    0,    0,    0,    0,    0,    0,    0,    0,    0,    0,    0,    0,    0,    0,    0,    0,    0,    0,    0,    0,    0,    3,    3,    0,    0,    0,    0,    0,    0,    0,    0,    0,    0,    0,    0,    0,    0,    0,    0,    0,    0,    0,    0,    0,    0,    0,    0,    0,    0,    0,    0,    0,    0,    0,    0,    0,    0,    0,    0,    0,    0,    0,    0,    0,    0,    0,    0,    0,    0,    0,    0,    0,    0,    0,    0,    0,    0,    0,    0,    0,    0,    0,    0,    0,    0,    0,    0,    0,    0,    0,    0,    0,    0,    0,    0,    0,    0,    0,    0,    0,    0,    0,    0,    0,    0,  -13,   -5,
       0,    0,    0,    0,    0,    0,    0,    0,    0,    0,    0,    0,    0,    0,    0,    0,    0,    0,    0,    0,    0,    0,    0,    0,    0,    0,    0,    0,    0,    0,    0,    0,    0,    0,    0,    0,    0,    0,    0,    0,    0,    0,    0,    0,    0,    0,    0,    0,    0,    0,    0,    0,    0,    0,    0,    0,    0,    0,    0,    0,    0,    0,    0,    0,    0,    0,    0,    0,    0,    0,    0,    0,    0,    0,    0,    0,    0,    0,    0,    0,    0,    0,    0,    0,    0,    0,    0,    0,    0,    0,    0,    0,    0,    0,    0,    0,    0,    0,    0,    0,    0,    0,  -19,  -19,  -13,  -13,    0,    0,    0,    0,    0,    0,    0,    0,    0,    0,    0,    0,    0,    0,    0,    0,    0,    0,    0,    0,    0,    0,    0,    0,    0,    0,    0,    0,    0,    0,    0,    0,    0,    0,    0,    0,    0,    0,    0,    0,    0,    0,    0,    0,    0,    0,    0,    0,    0,    0,    0,    0,    0,    0,    0,    0,    0,    0,    0,    0,    0,    0,    0,    0,    0,    0,    0,    0,    0,    0,    0,    0,    0,    0,    0,   -8,    0,
       0,    0,    0,    0,    0,    0,    0,    0,    0,    0,    0,    0,    0,    0,    0,    0,    0,    0,    0,    0,    0,    0,    0,    0,    0,    0,    0,    0,    0,    0,    0,    0,    0,    0,    0,    0,    0,    0,    0,    0,    0,    0,    0,    0,    0,    0,    0,    0,    0,    0,    0,    0,    0,    0,    0,    0,    0,    0,    0,    0,    0,    0,    0,    0,    0,    0,    0,    0,    0,    0,    0,    0,    0,    0,    0,    0,    0,    0,    0,    0,    0,    0,    0,    0,    0,    0,    0,    0,    0,    0,    0,    0,    0,    0,    0,    0,    0,    0,    0,    0,    0,    0,  -11,  -11,    0,  -11,    0,    0,    0,    0,    0,    0,    0,    0,    0,    0,    0,    0,    0,    0,    0,    0,    0,    0,    0,    0,    0,    0,    0,    0,    0,    0,    0,    0,    0,    0,    0,    0,    0,    0,    0,    0,    0,    0,    0,    0,    0,    0,    0,    0,    0,    0,    0,    0,    0,    0,    0,    0,    0,    0,    0,    0,    0,    0,    0,    0,    0,    0,    0,    0,    0,    0,    0,    0,    0,    0,    0,    0,    0,    0,    0,   -8,    0,
       0,    0,    0,    0,    0,    0,    0,    0,    0,    0,    0,    0,    0,    0,    0,    0,    0,    0,    0,    0,    0,    0,    0,    0,    0,    0,    0,    0,    0,    0,    0,    0,    0,    0,    0,    0,    0,    0,    0,    0,    0,    0,    0,    0,    0,    0,    0,    0,    0,    0,    0,    0,    0,    0,    0,    0,    0,    0,    0,    0,    0,    0,    0,    0,    0,    0,    0,    0,    0,    0,    0,    0,    0,    0,    0,    0,    0,    0,    0,    0,    0,    0,    0,    0,    0,    0,    0,    0,    0,    0,    0,    0,    0,    0,    0,    0,    0,    0,    0,    0,    0,    0,  -11,  -11,  -11,  -11,    0,    0,    0,    0,    0,    0,    0,    0,    0,    0,    0,    0,    0,    0,    0,    0,    0,    0,    0,    0,    0,    0,    0,    0,    0,    0,    0,    0,    0,    0,    0,    0,    0,    0,    0,    0,    0,    0,    0,    0,    0,    0,    0,    0,    0,    0,    0,    0,    0,    0,    0,    0,    0,    0,    0,    0,    0,    0,    0,    0,    0,    0,    0,    0,    0,    0,    0,    0,    0,    0,    0,    0,    0,    0,    0,   -8,    0,
       0,    0,    0,    0,    0,    0,    0,    0,    0,    0,    0,    0,    0,    0,    0,    0,    0,    0,    0,    0,    0,    0,    0,    0,    0,    0,    0,    0,    0,    0,    0,    0,    0,    0,    0,    0,    0,    0,    0,    0,    0,    0,    0,    0,    0,    0,    0,    0,    0,    0,    0,    0,    0,    0,    0,    0,    0,    0,    0,    0,    0,    0,    0,    0,    0,    0,    0,    0,    0,    0,    0,    0,    0,    0,    0,    0,    0,    0,    0,    0,    0,    0,    0,    0,    0,    0,    0,    0,    0,    0,    0,    0,    0,    0,    0,    0,    0,    0,    0,    0,    0,    0,    0,    0,    0,    0,    0,    0,    0,    0,    0,    0,    0,    3,    0,    0,    0,    0,    0,    0,    0,    0,    0,    0,    0,    0,    0,    0,    0,    0,    0,    0,    0,    0,    0,    0,    0,    0,    0,    0,    0,    0,    0,    0,    0,    0,    0,    0,    0,    0,    0,    0,    0,    0,    0,    0,    0,    0,    0,    0,    0,    0,    0,    0,    0,    0,    0,    0,    0,    0,    0,    0,    0,    0,    0,    0,    0,    0,    0,    0,    0,    0,    0,
       0,    0,    0,    0,    0,    0,    0,    0,    0,    0,    0,    0,    0,    0,    0,    0,    0,    0,    0,    0,    0,    0,    0,    0,    0,    0,    0,    0,    0,    0,    0,    0,    0,    0,    0,    0,    0,    0,    0,    0,    0,    0,    0,    0,    0,    0,    0,    0,    0,    0,    0,    0,    0,    0,    0,    0,    0,    0,    0,    0,    0,    0,    0,    0,    0,    0,    0,    0,    0,    0,    0,    0,    0,    0,  -11,  -11,    0,    0,    0,    0,    0,    0,    0,    0,    0,    0,    0,    0,    0,    0,    0,    0,    0,   -8,    0,    0,    0,    0,    0,  -11,    0,    0,    0,    0,    0,    0,    0,    0,    0,    0,    0,    0,    0,    0,    0,    0,    0,    0,    0,    0,    0,    0,    0,    0,    0,    0,    0,    0,    0,    0,    0,    0,    0,    0,    0,    0,    0,    0,    0,    0,    0,    0,    0,    0,    0,    0,    0,    0,    0,    0,    0,    0,    0,    0,    0,    0,    0,    0,    0,    0,    0,    0,    0,    0,    0,    0,    0,    0,    0,    0,    0,    0,    0,    0,    0,    0,    0,    0,    0,    0,    0,  -13,  -11,
       0,    0,    0,    0,    0,    0,    0,    0,    0,    0,    0,    0,    0,    0,    0,    0,    0,    0,    0,    0,    0,    0,    0,    0,    0,    0,    0,    0,    0,    0,    0,    0,    0,    0,    0,    0,    0,    0,    0,    0,    0,    0,    0,    0,    0,    0,    0,    0,    0,    0,    0,    0,    0,    0,    0,    0,    0,    0,    0,    0,    0,    0,    0,    0,    0,    0,    0,    0,    0,    0,    0,    0,    0,    0,    0,    0,    0,    0,    0,    0,    0,    0,    0,    0,    0,    0,    0,    0,    0,    0,    0,    0,    0,    0,    0,    0,    0,    0,    0,    0,    0,    0,    0,    0,    0,    0,    0,    0,    0,    0,    0,    0,    0,    0,    0,    0,    0,    0,    0,    0,    0,    0,    0,    0,    0,    0,    0,    0,    0,    0,    0,    0,    0,    0,    0,    0,    0,    0,    0,    0,    0,    0,    0,    0,    0,    0,    0,    0,    0,    0,    0,    0,    0,    0,    0,    0,    0,    0,    0,    0,    0,    0,    0,    0,    0,    0,    0,    0,    0,    0,    0,    0,    0,    0,    0,    0,    0,    0,    0,    0,    0,  -11,  -11,
       0,    0,    0,    0,    0,    0,    0,    0,    0,    0,    0,    0,    0,    0,    0,    0,    0,    0,    0,    0,    0,    0,    0,    0,    0,    0,    0,    0,    0,    0,    0,    0,    0,    0,    0,    0,    0,    0,    0,    0,    0,    0,    0,    0,    0,    0,    0,    0,    0,    0,    0,    0,    0,    0,    0,    0,    0,    0,    0,    0,    0,    0,    0,    0,    0,    0,    0,    0,    0,    0,    0,    0,    0,    0,   -8,    0,    0,    0,   -5,    0,   -8,    0,    0,    0,    0,    0,    0,    0,    0,    0,    0,    0,    0,    0,   -5,    0,    0,    0,    0,    0,  -11,    0,  -11,  -11,   -5,   -5,    0,    0,    0,    0,    0,    0,    0,    0,    0,    0,    0,    0,    0,    0,    0,    0,    0,    0,    0,    0,    0,    0,    0,    0,    0,    0,    0,    0,    0,    0,    0,    0,    0,    0,    0,    0,    0,    0,    0,    0,    0,    0,    0,    0,    0,    0,    0,    0,    0,    0,    0,    0,    0,    0,    0,    0,    0,    0,    0,    0,    0,    0,    0,    0,    0,    0,    0,    0,    0,    0,    0,    0,    0,    0,    0,  -11,   -8,
       0,    0,    0,    0,    0,    0,    0,    0,    0,    0,    0,    0,    0,    0,    0,    0,    0,    0,    0,    0,    0,    0,    0,    0,    0,    0,    0,    0,    0,    0,    0,    0,    0,    0,    0,    0,    0,    0,    0,    0,    0,    0,    0,    0,    0,    0,    0,    0,    0,    0,    0,    0,    0,    0,    0,    0,    0,    0,    0,    0,    0,    0,    0,    0,    0,    0,    0,    0,    0,    0,    0,    0,    0,    0,    0,   -5,    0,    0,    0,    0,    0,    0,    0,    0,    0,    0,    0,    0,    0,    0,    0,    0,    0,    0,    0,    0,    0,    0,    0,    0,    0,    0,    0,    0,    0,    0,    0,    0,    0,    0,    0,    0,    0,    0,    0,    0,    0,    0,    0,    0,    0,    0,    0,    0,    0,    0,    0,    0,    0,    0,    0,    0,    0,    0,    0,    0,    0,    0,    0,    0,    0,    0,    0,    0,    0,    0,    0,    0,    0,    0,    0,    0,    0,    0,    0,    0,    0,    0,    0,    0,    0,    0,    0,    0,    0,    0,    0,    0,    0,    0,    0,    0,    0,    0,    0,    0,    0,    0,    0,    0,    0,  -13,    0,
       0,    0,    0,    0,    0,    0,    0,    0,    0,    0,    0,    0,    0,    0,    0,    0,    0,    0,    0,    0,    0,    0,    0,    0,    0,    0,    0,    0,    0,    0,    0,    0,    0,    0,    0,    0,    0,    0,    0,    0,    0,    0,    0,    0,    0,    0,    0,    0,    0,    0,    0,    0,    0,    0,    0,    0,    0,    0,    0,    0,    0,    0,    0,    0,    0,    0,    0,    0,    0,    0,    0,    0,    0,    0,   -8,   -3,    0,    0,    0,    0,    0,    0,    0,    0,    0,    0,    0,    0,    0,    0,    0,    0,    0,    0,    0,    0,    0,    0,    0,    0,    0,    0,    0,    0,    0,    0,    0,    0,    0,    0,    0,    0,    0,    0,    0,    0,    0,    0,    0,    0,    0,    0,    0,    0,    0,    0,    0,    0,    0,    0,    0,    0,    0,    0,    0,    0,    0,    0,    0,    0,    0,    0,    0,    0,    0,    0,    0,    0,    0,    0,    0,    0,    0,    0,    0,    0,    0,    0,    0,    0,    0,    0,    0,    0,    0,    0,    0,    0,    0,    0,    0,    0,    0,    0,    0,    0,    0,    0,    0,    0,    0,  -11,   -8,
       0,    0,    0,    0,    0,    0,    0,    0,    0,    0,    0,    0,    0,    0,    0,    0,    0,    0,    0,    0,    0,    0,    0,    0,    0,    0,    0,    0,    0,    0,    0,    0,    0,    0,    0,    0,    0,    0,    0,    0,    0,    0,    0,    0,    0,    0,    0,    0,    0,    0,    0,    0,    0,    0,    0,    0,    0,    0,    0,    0,    0,    0,    0,    0,    0,    0,    0,    0,    0,    0,    0,    0,    0,    0,   -5,  -13,    0,    0,    0,    0,    0,    0,    0,    0,    0,    0,    0,    0,    0,    0,    0,    0,    0,    0,    0,    0,    0,    0,    0,    0,    0,    0,    0,    0,    0,    0,    0,    0,    0,    0,    0,   -5,   -8,   -8,    0,    0,    0,    0,    0,    0,    0,    0,    0,    0,    0,    0,    0,    0,    0,    0,    0,    0,    0,    0,    0,    0,    0,    0,    0,    0,    0,    0,    0,    0,    0,    0,    0,    0,    0,    0,    0,    0,    0,    0,    0,    0,    0,    0,    0,    0,    0,    0,    0,    0,    0,    0,    0,    0,    0,    0,    0,    0,    0,    0,    0,    0,    0,    0,    0,    0,    0,  -13,   -8,
       0,    0,    0,    0,    0,    0,    0,    0,    0,    0,    0,    0,    0,    0,    0,    0,    0,    0,    0,    0,    0,    0,    0,    0,    0,    0,    0,    0,    0,    0,    0,    0,    0,    0,    0,    0,    0,    0,    0,    0,    0,    0,    0,    0,    0,    0,    0,    0,    0,    0,    0,    0,    0,    0,    0,    0,    0,    0,    0,    0,    0,    0,    0,    0,    0,    0,    0,    0,    0,    0,    0,    0,    0,    0,    0,    0,    0,    0,    0,  -11,    0,    0,    0,    0,    0,    0,    0,    0,    0,    0,    0,    0,    0,    0,    0,    0,    0,    0,    0,   -8,    0,    0,    0,    0,    0,    0,    0,    0,    0,    0,    0,    0,    0,    0,    0,    0,    0,    0,    0,    0,    0,    0,    0,   -5,   -8,    0,    0,    0,    0,    0,    0,    0,    0,    0,    0,    0,    0,    0,    0,    0,    0,    0,    0,    0,    0,    0,    0,    0,    0,    0,    0,    0,    0,    0,    0,    0,    0,    0,    0,    0,    0,    0,    0,    0,    0,    0,    0,    0,    0,    0,    0,    0,    0,    0,    0,    0,    0,    0,    0,    0,    0,    0,    0,
       0,    0,    0,    0,    0,    0,    0,    0,    0,    0,    0,    0,    0,    0,    0,    0,    0,    0,    0,    0,    0,    0,    0,    0,    0,    0,    0,    0,    0,    0,    0,    0,    0,    0,    0,    0,    0,    0,    0,    0,    0,    0,    0,    0,    0,    0,    0,    0,    0,    0,    0,    0,    0,    0,    0,    0,    0,    0,    0,    0,    0,    0,    0,    0,    0,    0,    0,    0,    0,    0,    0,    0,    0,    0,    0,    0,    0,    0,    0,    0,    0,    0,    0,    0,    0,    0,    0,    0,    0,    0,    0,   -5,   -5,   -5,    0,    0,    0,    0,    0,    0,    0,    0,   -8,   -8,    0,    0,    0,    0,    0,    0,    0,    0,    0,    0,    0,    0,    0,    0,    0,    0,    0,    0,    0,    0,    0,    0,    0,    0,    0,    0,    0,    0,    0,    0,    0,    0,    0,    0,    0,    0,    0,    0,    0,    0,    0,    0,    0,    0,    0,    0,    0,    0,    0,    0,    0,    0,    0,    0,    0,    0,    0,    0,    0,    0,    0,    0,    0,    0,    0,    0,    0,    0,    0,    0,    0,    0,    0,    0,    0,    0,    0,   -8,    0,
       0,    0,    0,    0,    0,    0,    0,    0,    0,    0,    0,    0,    0,    0,    0,    0,    0,    0,    0,    0,    0,    0,    0,    0,    0,    0,    0,    0,    0,    0,    0,    0,    0,    0,    0,    0,    0,    0,    0,    0,    0,    0,    0,    0,    0,    0,    0,    0,    0,    0,    0,    0,    0,    0,    0,    0,    0,    0,    0,    0,    0,    0,    0,    0,    0,    0,    0,    0,    0,    0,    0,    0,    0,    0,  -11,   -5,    0,    0,    0,    0,    0,    0,    0,    0,    0,    0,    0,    0,    0,    0,    0,    0,    0,    0,    0,    0,    0,    0,    0,    0,    3,    0,    0,    0,    0,    0,    0,    0,    0,    0,    0,    0,    0,    0,    0,    0,    0,    0,    0,    0,    0,    0,    0,    0,    0,    0,    0,    0,    0,    0,    0,    0,    0,    0,    0,    0,    0,    0,    0,    0,    0,    0,    0,    0,    0,    0,    0,    0,    0,    0,    0,    0,    0,    0,    0,    0,    0,    0,    0,    0,    0,    0,    0,    0,    0,    0,    0,    0,    0,    0,    0,    0,    0,    0,    0,    0,    0,    0,    0,    0,    0,  -19,  -11,
       0,    0,    0,    0,    0,    0,    0,    0,    0,    0,    0,    0,    0,    0,    0,    0,    0,    0,    0,    0,    0,    0,    0,    0,    0,    0,    0,    0,    0,    0,    0,    0,    0,    0,    0,    0,    0,    0,    0,    0,    0,    0,    0,    0,    0,    0,    0,    0,    0,    0,    0,    0,    0,    0,    0,    0,    0,    0,    0,    0,    0,    0,    0,    0,    0,    0,    0,    0,    0,    0,    0,    0,    0,    0,    0,    0,    0,    0,    0,    0,    0,    0,    0,    0,    0,    0,    0,    0,    0,    0,    0,    0,    0,    0,    0,    0,    0,    0,    0,    0,  -11,  -11,    0,    0,    0,    0,    0,    0,    0,    0,    0,    0,    0,    0,    0,    0,    0,    0,    0,    0,    0,    0,    0,    0,    0,    0,    0,    0,    0,    0,    0,    0,    0,    0,    0,    0,    0,    0,    0,    0,    0,    0,    0,    0,    0,    0,    0,    0,    0,    0,   -5,    0,    0,    0,    0,    0,    0,    0,    0,    0,    0,    0,    0,    0,    0,    0,    0,  -11,    0,    0,    0,    0,    0,    0,    0,    0,    0,    0,    0,    0,    0,    0,    0,
       0,    0,    0,    0,    0,    0,    0,    0,    0,    0,    0,    0,    0,    0,    0,    0,    0,    0,    0,    0,    0,    0,    0,    0,    0,    0,    0,    0,    0,    0,    0,    0,    0,    0,    0,    0,    0,    0,    0,    0,    0,    0,    0,    0,    0,    0,    0,    0,    0,    0,    0,    0,    0,    0,    0,    0,    0,    0,    0,    0,    0,    0,    0,    0,    0,    0,    0,    0,    0,    0,    0,    0,    0,    0,    3,    3,    0,    0,    0,    0,    0,    0,    0,    0,    0,    0,    0,    0,    0,    0,    0,    0,    0,    0,    0,    0,    0,    0,    0,    0,   -5,   -5,   -8,   -8,    0,    0,    0,    0,    0,    0,    0,    3,    3,    3,    0,    0,    0,    0,    0,    0,    0,    0,    0,    0,    0,    0,    0,    0,    0,    0,    0,    0,    0,    0,    0,    0,    0,    0,    0,    0,    0,    0,    0,    0,    0,    0,    0,    0,    0,    0,    0,    0,    0,    0,    0,    0,    0,    0,    0,    0,    0,    0,    0,    0,    0,    0,    0,    0,    0,    0,    0,    0,    0,    0,    0,    0,    0,    0,    0,    0,    0,    0,    0,
       0,    0,    0,    0,    0,    0,    0,    0,    0,    0,    0,    0,    0,    0,    0,    0,    0,    0,    0,    0,    0,    0,    0,    0,    0,    0,    0,    0,    0,    0,    0,    0,    0,    0,    0,    0,    0,    0,    0,    0,    0,    0,    0,    0,    0,    0,    0,    0,    0,    0,    0,    0,    0,    0,    0,    0,    0,    0,    0,    0,    0,    0,    0,    0,    0,    0,    0,    0,    0,    0,    0,    0,    0,    0,    0,    0,    0,    0,    0,    0,    0,    0,    0,    0,    0,    0,    0,    0,    0,    0,    0,    0,    0,    0,    0,    0,    0,    0,    0,    0,    0,    0,    0,    0,    0,    0,    0,    0,    0,    0,    0,    0,    0,    0,    0,    0,    0,    0,    0,    0,    0,    0,    0,    0,    0,  -13,    0,    0,    0,    0,    0,    0,    0,    0,    0,    0,    0,    0,    0,    0,    0,    0,    0,    0,    0,    0,    0,    0,    0,    0,    0,    0,    0,    0,    0,    0,    0,    0,    0,    0,    0,    0,    0,    0,    0,    0,    0,    0,    0,    0,    0,    0,    0,    0,    0,    0,    0,    0,    0,    0,    0,    0,    0,
       0,    0,    0,    0,    0,    0,    0,    0,    0,    0,    0,    0,    0,    0,    0,    0,    0,    0,    0,    0,    0,    0,    0,    0,    0,    0,    0,    0,    0,    0,    0,    0,    0,    0,    0,    0,    0,    0,    0,    0,    0,    0,    0,    0,    0,    0,    0,    0,    0,    0,    0,    0,    0,    0,    0,    0,    0,    0,    0,    0,    0,    0,    0,    0,    0,    0,    0,    0,    0,    0,    0,    0,    0,    0,   -5,    0,    0,    0,    0,    0,    0,    0,    0,    0,    0,    0,    0,    0,    0,    0,    0,    0,    0,    0,    0,    0,    0,    0,    0,    0,    0,    0,    0,    0,    0,    0,    0,    0,    0,    0,    0,    0,    0,    0,    0,    0,    0,    0,    0,    0,    0,    0,    0,    0,    0,    0,    0,    0,    0,    0,    0,    0,    0,    0,    0,    0,    0,    0,    0,    0,    0,    0,    0,    0,    0,    0,    0,    0,    0,    0,    0,    0,    0,    0,    0,    0,    0,    0,    0,    0,    0,    0,    0,    0,    0,    0,    0,    0,    0,    0,    0,    0,    0,    0,    0,    0,    0,    0,    0,    0,    0,    0,    0,
       0,    0,    0,    0,    0,    0,    0,    0,    0,    0,    0,    0,    0,    0,    0,    0,    0,    0,    0,    0,    0,    0,    0,    0,    0,    0,    0,    0,    0,    0,    0,    0,    0,    0,    0,    0,    0,    0,    0,    0,    0,    0,    0,    0,    0,    0,    0,    0,    0,    0,    0,    0,    0,    0,    0,    0,    0,    0,    0,    0,    0,    0,    0,    0,    0,    0,    0,    0,    0,    0,    0,    0,    0,    0,    0,    0,    0,    0,    0,    0,    0,    0,    0,    0,    0,    0,    0,    0,    0,    0,    0,   -5,    0,    0,    0,    0,    0,    0,    0,    0,    0,    0,  -13,  -13,    0,   -8,    0,    0,    0,    0,    0,    0,    0,    0,    0,    0,    0,    0,    0,    0,    0,    0,    0,    0,    0,    0,    0,    0,    0,    0,    0,    0,    0,    0,    0,    0,    0,    0,    0,    0,    0,    0,    0,    0,    0,    0,    0,    0,    0,    0,    0,    0,    0,    0,    0,    0,    0,    0,    0,    0,    0,    0,    0,    0,    0,    0,    0,    0,    0,    0,    0,    0,    0,    0,    0,    0,    0,    0,    0,    0,    0,    0,    0,
       0,    0,    0,    0,    0,    0,    0,    0,    0,    0,    0,    0,    0,    0,    0,    0,    0,    0,    0,    0,    0,    0,    0,    0,    0,    0,    0,    0,    0,    0,    0,    0,    0,    0,    0,    0,    0,    0,    0,    0,    0,    0,    0,    0,    0,    0,    0,    0,    0,    0,    0,    0,    0,    0,    0,    0,    0,    0,    0,    0,    0,    0,    0,    0,    0,    0,    0,    0,    0,    0,    0,    0,    0,    0,  -27,  -27,    0,    0,    0,    0,    0,    0,    0,    0,    0,    0,    0,    0,    0,    0,    0,    0,    0,    0,    0,    0,    0,    0,    0,    0,    0,    0,    0,    0,   -5,   -8,    0,    0,    0,    0,    0,   -8,   -5,   -5,    0,    0,    0,    0,    0,    0,    0,    0,    0,    0,    0,    0,    0,    0,    0,    0,  -13,    0,    0,    0,    0,    0,  -13,  -13,    0,    0,    0,    0,  -11,    0,    0,   -5,    0,    0,    0,    0,    0,    0,    0,    0,    0,   -5,    0,  -24,  -11,  -11,   -5,    0,    0,    0,   -5,   -5,   -5,    0,   -5,  -19,  -13,    0,    0,    0,    0,    0,   -3,    0,  -11,    0,  -16,  -27,  -27,
       0,    0,    0,    0,    0,    0,    0,    0,    0,    0,    0,    0,    0,    0,    0,    0,    0,    0,    0,    0,    0,    0,    0,    0,    0,    0,    0,    0,    0,    0,    0,    0,    0,    0,    0,    0,    0,    0,    0,    0,    0,    0,    0,    0,    0,    0,    0,    0,    0,    0,    0,    0,    0,    0,    0,    0,    0,    0,    0,    0,    0,    0,    0,    0,    0,    0,    0,    0,    0,    0,    0,    0,    0,    0,   -5,   -5,    0,    0,    0,    0,    0,    0,    0,    0,    0,    0,    0,    0,    0,    0,    0,    0,    0,    0,    0,    0,    0,    0,    0,    0,    0,    0,    0,    0,    0,    0,    0,    0,    0,    0,    0,   -3,   -3,   -3,    0,    0,    0,    0,    0,    0,    0,    0,    0,    0,    0,    0,    0,    0,    0,    0,    0,    0,    0,   -3,    0,    0,   -5,   -5,    0,    0,    0,    0,    0,   -8,   -8,    0,    0,    0,  -11,  -11,    0,   -5,    0,    0,    0,   -5,    0,    0,   -5,   -5,   -5,    0,    0,    0,    0,    0,    0,    0,    0,   -5,    0,    0,   -8,    0,   -5,    0,    0,    0,    0,    0,    0,    0,    0,
       0,    0,    0,    0,    0,    0,    0,    0,    0,    0,    0,    0,    0,    0,    0,    0,    0,    0,    0,    0,    0,    0,    0,    0,    0,    0,    0,    0,    0,    0,    0,    0,    0,    0,    0,    0,    0,    0,    0,    0,    0,    0,    0,    0,    0,    0,    0,    0,    0,    0,    0,    0,    0,    0,    0,    0,    0,    0,    0,    0,    0,    0,    0,    0,    0,    0,    0,    0,    0,    0,    0,    0,    0,    0,   -8,   -5,    0,    0,    0,    0,    0,    0,    0,    0,    0,    0,    0,    0,    0,    0,    0,    0,    0,    0,    0,    0,    0,    0,    0,    0,    0,    0,    0,    0,    0,    0,    0,    0,    0,    0,    0,    0,    0,    0,    0,    0,    0,    0,    0,    0,    0,    0,    0,    0,    0,    0,    0,    0,    0,    0,    0,    0,    0,    0,    0,    0,    0,    0,    0,    0,    0,    0,    0,    0,    0,    0,    0,    0,    0,    0,    0,    0,    0,    0,    0,    0,    0,    0,    0,    0,    0,    0,    0,    0,    0,    0,    0,    0,    0,    0,    0,    0,    0,    0,    0,    0,    0,    0,    0,    0,    0,    0,    0,
       0,    0,    0,    0,    0,    0,    0,    0,    0,    0,    0,    0,    0,    0,    0,    0,    0,    0,    0,    0,    0,    0,    0,    0,    0,    0,    0,    0,    0,    0,    0,    0,    0,    0,    0,    0,    0,    0,    0,    0,    0,    0,    0,    0,    0,    0,    0,    0,    0,    0,    0,    0,    0,    0,    0,    0,    0,    0,    0,    0,    0,    0,    0,    0,    0,    0,    0,    0,    0,    0,    0,    0,    0,    0,  -16,  -16,    0,    0,    0,    0,    0,    0,    0,    0,    0,    0,    0,    0,    0,    0,    0,    0,    0,    0,    0,    0,    0,    0,    0,    0,    0,    0,    0,    0,    0,    0,    0,    0,    0,    0,    0,    0,    0,    0,    0,    0,    0,    0,    0,    0,    0,    0,    0,    0,    0,    0,    0,    0,    0,    0,    0,    0,    0,    0,    0,    0,   -5,   -5,    0,    0,    0,    0,    0,    0,    0,    0,    0,    0,    0,    0,    0,    0,    0,    0,    0,    0,    0,    0,    0,    0,    0,    0,    0,    0,    0,    0,    0,    0,    0,   -8,    0,    0,    0,    0,    0,    0,    0,    0,    0,    0,    0,  -13,  -11,
       0,    0,    0,    0,    0,    0,    0,    0,    0,    0,    0,    0,    0,    0,    0,    0,    0,    0,    0,    0,    0,    0,    0,    0,    0,    0,    0,    0,    0,    0,    0,    0,    0,    0,    0,    0,    0,    0,    0,    0,    0,    0,    0,    0,    0,    0,    0,    0,    0,    0,    0,    0,    0,    0,    0,    0,    0,    0,    0,    0,    0,    0,    0,    0,    0,    0,    0,    0,    0,    0,    0,    0,    0,    0,   -5,    0,    0,    0,    0,    0,    0,    0,    0,    0,    0,    0,    0,    0,    0,    0,    0,    0,    0,    0,    0,    0,    0,    0,    0,    0,    0,    0,    0,    0,    0,    0,    0,    0,    0,    0,    0,    0,    0,    0,    0,    0,    0,    0,    0,    0,    0,    0,    0,    0,    0,    0,    0,    0,    0,    0,    0,    0,    0,    0,    0,    0,    0,    0,    0,    0,    0,    0,    0,    0,    0,    0,    0,    0,    0,    0,    0,    0,    0,    0,    0,    0,    0,    0,    0,    0,    0,    0,    0,    0,    0,    0,    0,    0,    0,    0,    0,    0,    0,    0,    0,    0,    0,    0,    0,    0,    0,   -8,    0,
       0,    0,    0,    0,    0,    0,    0,    0,    0,    0,    0,    0,    0,    0,    0,    0,    0,    0,    0,    0,    0,    0,    0,    0,    0,    0,    0,    0,    0,    0,    0,    0,    0,    0,    0,    0,    0,    0,    0,    0,    0,    0,    0,    0,    0,    0,    0,    0,    0,    0,    0,    0,    0,    0,    0,    0,    0,    0,    0,    0,    0,    0,    0,    0,    0,    0,    0,    0,    0,    0,    0,    0,    0,    0,  -11,  -11,    0,    0,    0,    0,    0,    0,    0,    0,    0,    0,    0,    0,    0,    0,    0,    0,    0,    0,    0,    0,    0,    0,    0,    0,    0,    0,    0,    0,    0,    0,    0,    0,    0,    0,    0,    0,    0,    0,    0,    0,    0,    0,    0,    0,    0,    0,    0,    0,    0,    0,    0,    0,    0,    0,    0,    0,    0,    0,    0,    0,    0,    0,    0,    0,    0,    0,    0,   -8,    0,    0,    0,    0,    0,    0,    0,    0,    0,    0,    0,    0,    0,  -19,    0,    0,    0,    0,    0,    0,    0,    0,    0,    0,    0,    0,    0,    0,    0,    0,    0,    0,    0,    0,   -8,    0,    0,   -8,   -8,
       0,    0,    0,    0,    0,    0,    0,    0,    0,    0,    0,    0,    0,    0,    0,    0,    0,    0,    0,    0,    0,    0,    0,    0,    0,    0,    0,    0,    0,    0,    0,    0,    0,    0,    0,    0,    0,    0,    0,    0,    0,    0,    0,    0,    0,    0,    0,    0,    0,    0,    0,    0,    0,    0,    0,    0,    0,    0,    0,    0,    0,    0,    0,    0,    0,    0,    0,    0,    0,    0,    0,    0,    0,    0,   -8,   -8,    0,    0,    0,    0,    0,    0,    0,    0,    0,    0,    0,    0,    0,    0,    0,    0,    0,    0,    0,    0,    0,    0,    0,    0,    0,    0,    0,    0,    0,    0,    0,    0,    0,    0,    0,    0,    0,    0,    0,    0,    0,    0,    0,    0,    0,    0,    0,    0,    0,    0,    0,    0,    0,    0,    0,    0,    0,    0,    0,    0,    0,    0,    0,    0,    0,    0,    0,    0,    0,    0,    0,    0,    0,    0,    0,    0,    0,    0,    0,    0,    0,  -11,    0,    0,    0,    0,    0,    0,    0,    0,    0,    0,    0,    0,    0,    0,    0,    0,    0,    0,    0,    0,    0,    0,    0,  -19,  -13,
       0,    0,    0,    0,    0,    0,    0,    0,    0,    0,    0,    0,    0,    0,    0,    0,    0,    0,    0,    0,    0,    0,    0,    0,    0,    0,    0,    0,    0,    0,    0,    0,    0,    0,    0,    0,    0,    0,    0,    0,    0,    0,    0,    0,    0,    0,    0,    0,    0,    0,    0,    0,    0,    0,    0,    0,    0,    0,    0,    0,    0,    0,    0,    0,    0,    0,    0,    0,    0,    0,    0,    0,    0,    0,  -24,  -21,    0,    0,    0,    0,    0,    0,    0,    0,    0,    0,    0,    0,    0,    0,    0,    0,    0,    0,    0,    0,    0,    0,    0,    0,    0,    0,    0,    0,    0,    0,    0,    0,    0,    0,    0,    0,    0,    0,    0,    0,    0,    0,    0,    0,    0,    0,    0,    0,    0,    0,    0,    0,    0,    0,    0,    0,   -3,    0,    0,    0,  -11,  -11,    0,    0,    0,    0,    0,   -8,   -5,    0,    0,    0,  -11,  -11,    0,    0,    0,    0,    0,    0,    0,  -16,  -13,  -13,  -13,    0,    0,    0,    0,    0,    0,    0,    0,  -21,  -11,    0,    0,    0,    0,    0,   -8,    0,    0,   -5,    0,  -24,  -13,
       0,    0,    0,    0,    0,    0,    0,    0,    0,    0,    0,    0,    0,    0,    0,    0,    0,    0,    0,    0,    0,    0,    0,    0,    0,    0,    0,    0,    0,    0,    0,    0,    0,    0,    0,    0,    0,    0,    0,    0,    0,    0,    0,    0,    0,    0,    0,    0,    0,    0,    0,    0,    0,    0,    0,    0,    0,    0,    0,    0,    0,    0,    0,    0,    0,    0,    0,    0,    0,    0,    0,    0,    0,    0,  -19,  -21,    0,    0,    0,    0,    0,    0,    0,    0,    0,    0,    0,    0,    0,    0,    0,    0,    0,    0,    0,    0,    0,    0,    0,    0,    0,    0,    0,    0,    0,    0,    0,    0,    0,    0,    0,    0,    0,    0,    0,    0,    0,    0,    0,    0,    0,    0,    0,    0,    0,    0,    0,    0,    0,    0,    0,    0,    0,    0,    0,    0,   -5,   -5,    0,    0,    0,    0,    0,    0,    0,    0,    0,    3,    0,    0,    0,    0,    0,    0,    0,    0,    0,   -5,    0,    0,    0,    0,    0,    0,    0,    0,    0,    0,    0,   -5,    0,    0,    0,    0,    0,    0,    0,    0,    0,    0,    0,  -19,  -13,
       0,    0,    0,    0,    0,    0,    0,    0,    0,    0,    0,    0,    0,    0,    0,    0,    0,    0,    0,    0,    0,    0,    0,    0,    0,    0,    0,    0,    0,    0,    0,    0,    0,    0,    0,    0,    0,    0,    0,    0,    0,    0,    0,    0,    0,    0,    0,    0,    0,    0,    0,    0,    0,    0,    0,    0,    0,    0,    0,    0,    0,    0,    0,    0,    0,    0,    0,    0,    0,    0,    0,    0,    0,    0,  -21,  -24,    0,    0,    0,    0,    0,    0,    0,    0,    0,    0,    0,    0,    0,    0,    0,    0,    0,    0,    0,    0,    0,    0,    0,    0,    0,    0,    0,    0,    0,    0,    0,    0,    0,    0,    0,    0,    0,    0,    0,    0,    0,    0,    0,    0,    0,    0,    0,    0,    0,    0,    0,    0,    0,    0,   -5,    0,    0,    0,    0,    0,    0,    0,    0,    0,    0,    0,    0,    0,    0,    0,    0,    0,    0,    0,    0,   -5,   -5,    0,    0,    0,    0,  -16,  -11,  -11,  -11,    0,    0,    0,   -8,   -8,   -8,    0,   -8,  -19,   -8,    0,    0,    0,    0,    0,    0,   -5,   -8,    0,    0,  -27,  -13,
       0,    0,    0,    0,    0,    0,    0,    0,    0,    0,    0,    0,    0,    0,    0,    0,    0,    0,    0,    0,    0,    0,    0,    0,    0,    0,    0,    0,    0,    0,    0,    0,    0,    0,    0,    0,    0,    0,    0,    0,    0,    0,    0,    0,    0,    0,    0,    0,    0,    0,    0,    0,    0,    0,    0,    0,    0,    0,    0,    0,    0,    0,    0,    0,    0,    0,    0,    0,    0,    0,    0,    0,    0,    0,  -21,  -21,    0,    0,    0,    0,    0,    0,    0,    0,    0,    0,    0,    0,    0,    0,    0,    0,    0,    0,    0,    0,    0,    0,    0,    0,    0,    0,    0,    0,    0,    0,    0,    0,    0,    0,    0,    0,    0,    0,    0,    0,    0,    0,    0,    0,    0,    0,    0,    0,    0,    0,    0,    0,    0,   -8,   -5,    0,   -5,    0,    0,    0,    0,    0,    0,    0,    0,    0,    0,    0,    0,    0,    0,    0,    0,    0,    0,    0,    0,    0,    0,    0,    0,   -8,   -5,   -5,   -5,    0,    0,    0,    0,    0,    0,    0,   -3,  -13,   -8,    0,    0,    0,    0,    0,    0,    0,    0,    0,    0,  -19,  -13,
       0,    0,    0,    0,    0,    0,    0,    0,    0,    0,    0,    0,    0,    0,    0,    0,    0,    0,    0,    0,    0,    0,    0,    0,    0,    0,    0,    0,    0,    0,    0,    0,    0,    0,    0,    0,    0,    0,    0,    0,    0,    0,    0,    0,    0,    0,    0,    0,    0,    0,    0,    0,    0,    0,    0,    0,    0,    0,    0,    0,    0,    0,    0,    0,    0,    0,    0,    0,    0,    0,    0,    0,    0,    0,    0,    0,    0,    0,    0,    0,    0,    0,    0,    0,    0,    0,    0,    0,    0,    0,    0,    0,    0,    0,    0,    0,    0,    0,    0,    0,    0,    0,    0,    0,    0,    0,    0,    0,    0,    0,    0,    0,    0,    0,    0,    0,    0,    0,    0,    0,    0,    0,    0,    0,    0,    0,    0,    0,    0,    0,    0,  -11,    0,    0,    0,    0,    0,    0,    0,    0,    0,    0,    0,    0,    0,    0,    0,    0,    0,    0,    0,    0,    0,    0,    0,    0,    0,    0,    0,    0,    0,    0,    0,    0,    0,    0,    0,    0,    0,    0,    0,    0,    0,    0,    0,    0,    0,    0,    0,    0,    0,    0,    0,
       0,    0,    0,    0,    0,    0,    0,    0,    0,    0,    0,    0,    0,    0,    0,    0,    0,    0,    0,    0,    0,    0,    0,    0,    0,    0,    0,    0,    0,    0,    0,    0,    0,    0,    0,    0,    0,    0,    0,    0,    0,    0,    0,    0,    0,    0,    0,    0,    0,    0,    0,    0,    0,    0,    0,    0,    0,    0,    0,    0,    0,    0,    0,    0,    0,    0,    0,    0,    0,    0,    0,    0,    0,    0,    0,    0,    0,    0,    0,    0,    0,    0,    0,    0,    0,    0,    0,    0,    0,    0,    0,    0,    0,    0,    0,    0,    0,    0,    0,    0,    0,    0,    0,    0,    0,    0,    0,    0,    0,    0,    0,    0,    0,    0,    0,    0,    0,    0,    0,    0,    0,    0,    0,    0,    0,    0,    0,    0,    0,    0,    0,    0,    0,    0,    0,    0,    0,    0,    0,    0,    0,    0,    0,    5,    5,    0,    0,    0,    0,    0,    0,    0,    0,    0,    0,    0,    0,    0,    0,    0,    0,    0,    0,    0,    0,    0,    0,    0,    0,    0,    0,    0,    0,    0,    0,    0,    0,    0,    0,    0,    0,    0,    0,
       0,    0,    0,    0,    0,    0,    0,    0,    0,    0,    0,    0,    0,    0,    0,    0,    0,    0,    0,    0,    0,    0,    0,    0,    0,    0,    0,    0,    0,    0,    0,    0,    0,    0,    0,    0,    0,    0,    0,    0,    0,    0,    0,    0,    0,    0,    0,    0,    0,    0,    0,    0,    0,    0,    0,    0,    0,    0,    0,    0,    0,    0,    0,    0,    0,    0,    0,    0,    0,    0,    0,    0,    0,    0,  -24,  -24,    0,    0,    0,    0,    0,    0,    0,    0,    0,    0,    0,    0,    0,    0,    0,    0,    0,    0,    0,    0,    0,    0,    0,    0,    0,    0,    0,    0,    0,    0,    0,    0,    0,    0,    0,    0,    0,    0,    0,    0,    0,    0,    0,    0,    0,    0,    0,    0,    0,    0,    0,    0,    0,    0,    0,    0,    0,    0,    0,    0,    0,    0,    0,    0,    0,    0,    0,   -5,    0,    0,    0,    0,    0,    0,    0,    0,    0,    0,    0,    0,    0,   -5,  -11,  -11,  -11,    0,    0,    0,    0,    0,    0,    0,    0,   -5,    0,    0,    0,    0,    0,    0,    0,    0,    0,    0,    0,  -19,  -13,
       0,    0,    0,    0,    0,    0,    0,    0,    0,    0,    0,    0,    0,    0,    0,    0,    0,    0,    0,    0,    0,    0,    0,    0,    0,    0,    0,    0,    0,    0,    0,    0,    0,    0,    0,    0,    0,    0,    0,    0,    0,    0,    0,    0,    0,    0,    0,    0,    0,    0,    0,    0,    0,    0,    0,    0,    0,    0,    0,    0,    0,    0,    0,    0,    0,    0,    0,    0,    0,    0,    0,    0,    0,    0,  -21,  -19,    0,    0,    0,    0,    0,    0,    0,    0,    0,    0,    0,    0,    0,    0,    0,    0,    0,    0,    0,    0,    0,    0,    0,    0,    0,    0,    0,    0,    0,    0,    0,    0,    0,    0,    0,    0,    0,    0,    0,    0,    0,    0,    0,    0,    0,    0,    0,    0,    0,    0,    0,    0,    0,    0,    0,    0,    0,    0,    0,    0,    0,    0,    0,    0,    0,    0,    0,   -3,    0,    0,    0,    0,    0,    0,    0,    0,    0,    0,    0,    0,    0,   -5,    0,    0,    0,    0,    0,    0,    0,    0,    0,    0,    0,   -5,    0,    0,    0,    0,    0,    0,    0,    0,    0,    0,    0,  -16,  -11,
       0,    0,    0,    0,    0,    0,    0,    0,    0,    0,    0,    0,    0,    0,    0,    0,    0,    0,    0,    0,    0,    0,    0,    0,    0,    0,    0,    0,    0,    0,    0,    0,    0,    0,    0,    0,    0,    0,    0,    0,    0,    0,    0,    0,    0,    0,    0,    0,    0,    0,    0,    0,    0,    0,    0,    0,    0,    0,    0,    0,    0,    0,    0,    0,    0,    0,    0,    0,    0,    0,    0,    0,    0,    0,   -5,   -5,    0,    0,    0,    0,    0,    0,    0,    0,    0,    0,    0,    0,    0,    0,    0,    0,    0,    0,    0,    0,    0,    0,    0,    0,    0,    0,    0,    0,    0,    0,    0,    0,    0,    0,    0,    0,    0,    0,    0,    0,    0,    0,    0,    0,    0,    0,    0,    0,    0,    0,    0,    0,    0,    0,    0,    0,    0,    0,    0,    0,    0,    0,    0,    0,    0,    0,    0,    0,    0,    0,    0,    0,    0,    0,    0,    0,    0,    0,    0,    0,    0,    0,   -8,   -8,   -8,    0,    0,    0,    0,    0,    0,    0,    0,    0,    0,    0,    0,    0,    0,    0,    0,    0,    0,    0,    0,   -8,   -5,
       0,    0,    0,    0,    0,    0,    0,    0,    0,    0,    0,    0,    0,    0,    0,    0,    0,    0,    0,    0,    0,    0,    0,    0,    0,    0,    0,    0,    0,    0,    0,    0,    0,    0,    0,    0,    0,    0,    0,    0,    0,    0,    0,    0,    0,    0,    0,    0,    0,    0,    0,    0,    0,    0,    0,    0,    0,    0,    0,    0,    0,    0,    0,    0,    0,    0,    0,    0,    0,    0,    0,    0,    0,    0,   -8,   -8,    0,    0,    0,    0,    0,    0,    0,    0,    0,    0,    0,    0,    0,    0,    0,    0,    0,    0,    0,    0,    0,    0,    0,    0,    0,    0,    0,    0,    0,    0,    0,    0,    0,    0,    0,    0,    0,    0,    0,    0,    0,    0,    0,    0,    0,    0,    0,    0,    0,    0,    0,    0,    0,    0,    0,    0,    0,    0,    0,    0,    0,    0,    0,    0,    0,    0,    0,    0,    0,    0,    0,    0,   -5,   -5,    0,    0,    0,    0,    0,    0,    0,   -5,  -16,  -16,  -16,    0,    0,    0,    0,    0,    0,    0,    0,    0,    0,  -13,    0,  -19,    0,    0,    0,    0,    0,    0,    0,   -8,   -5,
       0,    0,    0,    0,    0,    0,    0,    0,    0,    0,    0,    0,    0,    0,    0,    0,    0,    0,    0,    0,    0,    0,    0,    0,    0,    0,    0,    0,    0,    0,    0,    0,    0,    0,    0,    0,    0,    0,    0,    0,    0,    0,    0,    0,    0,    0,    0,    0,    0,    0,    0,    0,    0,    0,    0,    0,    0,    0,    0,    0,    0,    0,    0,    0,    0,    0,    0,    0,    0,    0,    0,    0,    0,    0,    0,    0,    0,    0,    0,    0,    0,    0,    0,    0,    0,    0,    0,    0,    0,    0,    0,    0,    0,    0,    0,    0,    0,    0,    0,    0,    0,    0,    0,    0,    0,    0,    0,    0,    0,    0,    0,    0,    0,    0,    0,    0,    0,    0,    0,    0,    0,    0,    0,    0,    0,    0,    0,    0,    0,    0,    0,    0,    0,    0,    0,    0,    0,    0,    0,    0,    0,    0,    0,    0,    0,    0,    0,    0,    0,    0,    0,    0,    0,    0,    0,    0,    0,    0,    0,    0,    0,    0,    0,    0,  -19,  -19,  -19,   -8,    0,    0,    0,    0,    0,    0,    0,    0,    0,    0,    0,    0,    0,    0,    0,
       0,    0,    0,    0,    0,    0,    0,    0,    0,    0,    0,    0,    0,    0,    0,    0,    0,    0,    0,    0,    0,    0,    0,    0,    0,    0,    0,    0,    0,    0,    0,    0,    0,    0,    0,    0,    0,    0,    0,    0,    0,    0,    0,    0,    0,    0,    0,    0,    0,    0,    0,    0,    0,    0,    0,    0,    0,    0,    0,    0,    0,    0,    0,    0,    0,    0,    0,    0,    0,    0,    0,    0,    0,    0,    0,    0,    0,    0,    0,    0,    0,    0,    0,    0,    0,    0,    0,    0,    0,    0,    0,    0,    0,    0,    0,    0,    0,    0,    0,    0,    0,    0,    0,    0,    0,    0,    0,    0,    0,    0,    0,    0,    0,    0,    0,    0,    0,    0,    0,    0,    0,    0,    0,    0,    0,    0,    0,    0,    0,    0,    0,    0,    0,    0,    0,    0,    0,    0,    0,    0,    0,    0,    0,    0,    0,    0,    0,    0,    0,    0,    0,    0,    0,    0,    0,    0,    0,    0,    0,    0,    0,    0,    0,    0,   -5,    0,    0,    0,    0,    0,   -5,    0,    0,    0,    0,    0,    0,    0,    0,    0,    0,    0,    0,
       0,    0,    0,    0,    0,    0,    0,    0,    0,    0,    0,    0,    0,    0,    0,    0,    0,    0,    0,    0,    0,    0,    0,    0,    0,    0,    0,    0,    0,    0,    0,    0,    0,    0,    0,    0,    0,    0,    0,    0,    0,    0,    0,    0,    0,    0,    0,    0,    0,    0,    0,    0,    0,    0,    0,    0,    0,    0,    0,    0,    0,    0,    0,    0,    0,    0,    0,    0,    0,    0,    0,    0,    0,    0,   -3,   -3,    0,    0,    0,    0,    0,    0,    0,    0,    0,    0,    0,    0,    0,    0,    0,    0,    0,    0,    0,    0,    0,    0,    0,    0,    0,    0,    0,    0,    0,    0,    0,    0,    0,    0,    0,    0,    0,    0,    0,    0,    0,    0,    0,    0,    0,    0,    0,    0,    0,    0,    0,    0,    0,    0,    0,    0,    0,    0,    0,    0,    0,    0,    0,    0,    0,    0,    0,    0,    0,    0,    0,    0,    0,    0,    0,    0,    0,    0,    0,    0,    0,   -8,    0,    0,    0,    0,    0,    0,   -3,    0,    0,    0,    0,    0,    0,    0,    0,    0,    0,    0,    0,    0,    0,    0,    0,    0,    0,
       0,    0,    0,    0,    0,    0,    0,    0,    0,    0,    0,    0,    0,    0,    0,    0,    0,    0,    0,    0,    0,    0,    0,    0,    0,    0,    0,    0,    0,    0,    0,    0,    0,    0,    0,    0,    0,    0,    0,    0,    0,    0,    0,    0,    0,    0,    0,    0,    0,    0,    0,    0,    0,    0,    0,    0,    0,    0,    0,    0,    0,    0,    0,    0,    0,    0,    0,    0,    0,    0,    0,    0,    0,    0,  -16,  -16,    0,    0,    0,    0,    0,    0,    0,    0,    0,    0,    0,    0,    0,    0,    0,    0,    0,    0,    0,    0,    0,    0,    0,    0,    0,    0,    0,    0,    0,    0,    0,    0,    0,    0,    0,    0,    0,    0,    0,    0,    0,    0,    0,    0,    0,    0,    0,    0,    0,    0,    0,    0,    0,    0,    0,    0,    0,    0,    0,    0,    0,    0,    0,    0,    0,    0,    0,    0,    0,    0,    0,    0,    0,    0,    0,    0,    0,    0,    0,    0,    0,   -8,    0,    0,    0,    0,    0,    0,    0,    0,    0,    0,    0,   -5,    0,    0,    0,    0,    0,    0,    0,    0,    0,    0,    0,  -19,  -13,
       0,    0,    0,    0,    0,    0,    0,    0,    0,    0,    0,    0,    0,    0,    0,    0,    0,    0,    0,    0,    0,    0,    0,    0,    0,    0,    0,    0,    0,    0,    0,    0,    0,    0,    0,    0,    0,    0,    0,    0,    0,    0,    0,    0,    0,    0,    0,    0,    0,    0,    0,    0,    0,    0,    0,    0,    0,    0,    0,    0,    0,    0,    0,    0,    0,    0,    0,    0,    0,    0,    0,    0,    0,    0,  -16,  -16,    0,    0,    0,    0,    0,    0,    0,    0,    0,    0,    0,    0,    0,    0,    0,    0,    0,    0,    0,    0,    0,    0,    0,    0,    0,    0,    0,    0,    0,    0,    0,    0,    0,    0,    0,    0,    0,    0,    0,    0,    0,    0,    0,    0,    0,    0,    0,    0,    0,    0,    0,    0,    0,    0,    0,    0,    0,    0,    0,    0,    0,    0,    0,    0,    0,    0,    0,    0,    0,    0,    0,    0,    0,    0,    0,    0,    0,    0,    0,    0,    0,   -8,    0,    0,    0,    0,    0,    0,    0,    0,    0,    0,    0,    0,    0,    0,    0,    0,    0,    0,    0,    0,    0,    0,    0,  -19,  -13,
       0,    0,    0,    0,    0,    0,    0,    0,    0,    0,    0,    0,    0,    0,    0,    0,    0,    0,    0,    0,    0,    0,    0,    0,    0,    0,    0,    0,    0,    0,    0,    0,    0,    0,    0,    0,    0,    0,    0,    0,    0,    0,    0,    0,    0,    0,    0,    0,    0,    0,    0,    0,    0,    0,    0,    0,    0,    0,    0,    0,    0,    0,    0,    0,    0,    0,    0,    0,    0,    0,    0,    0,    0,    0,   -8,   -8,    0,    0,    0,    0,    0,    0,    0,    0,    0,    0,    0,    0,    0,    0,    0,    0,    0,    0,    0,    0,    0,    0,    0,    0,    0,    0,    0,    0,    0,    0,    0,    0,    0,    0,    0,    0,    0,    0,    0,    0,    0,    0,    0,    0,    0,    0,    0,    0,    0,    0,    0,    0,    0,    0,    0,    0,    0,    0,    0,    0,    0,    0,    0,    0,    0,    0,    0,    0,    0,    0,    0,    0,    0,    0,    0,    0,    0,    0,    0,    0,    0,   -8,    0,    0,    0,    0,    0,    0,    0,    0,    0,    0,    0,    0,   -8,    0,    0,    0,    0,    0,    0,    0,    0,    0,    0,  -13,   -8,
       0,    0,    0,    0,    0,    0,    0,    0,    0,    0,    0,    0,    0,    0,    0,    0,    0,    0,    0,    0,    0,    0,    0,    0,    0,    0,    0,    0,    0,    0,    0,    0,    0,    0,    0,    0,    0,    0,    0,    0,    0,    0,    0,    0,    0,    0,    0,    0,    0,    0,    0,    0,    0,    0,    0,    0,    0,    0,    0,    0,    0,    0,    0,    0,    0,    0,    0,    0,    0,    0,    0,    0,    0,    0,  -13,   -8,    0,    0,    0,    0,    0,    0,    0,    0,    0,    0,    0,    0,    0,    0,    0,    0,    0,    0,    0,    0,    0,    0,    0,    0,    0,    0,    0,    0,    0,    0,    0,    0,    0,    0,    0,    0,    0,    0,    0,    0,    0,    0,    0,    0,    0,    0,    0,    0,    0,    0,    0,    0,    0,    0,    0,    0,    0,    0,    0,    0,    0,    0,    0,    0,    0,    0,    5,    0,    0,    0,    0,    0,    0,    0,    0,    0,    0,    0,    0,    0,    0,   -8,    0,    0,    0,    0,    0,    0,    0,    0,    0,    0,    0,    0,   -8,    0,    0,    0,    0,    0,    0,    0,    0,    0,    0,  -13,    0,
       0,    0,    0,    0,    0,    0,    0,    0,    0,    0,    0,    0,    0,    0,    0,    0,    0,    0,    0,    0,    0,    0,    0,    0,    0,    0,    0,    0,    0,    0,    0,    0,    0,    0,    0,    0,    0,    0,    0,    0,    0,    0,    0,    0,    0,    0,    0,    0,    0,    0,    0,    0,    0,    0,    0,    0,    0,    0,    0,    0,    0,    0,    0,    0,    0,    0,    0,    0,    0,    0,    0,    0,    0,    0,  -16,  -13,    0,    0,    0,    0,    0,    0,    0,    0,    0,    0,    0,    0,    0,    0,    0,    0,    0,    0,    0,    0,    0,    0,    0,    0,    0,    0,    0,    0,    0,    0,    0,    0,    0,    0,    0,    0,    0,    0,    0,    0,    0,    0,    0,    0,    0,    0,    0,    0,    0,    0,    0,    0,    0,    0,    0,    0,    0,    0,    0,    0,    0,    0,    0,    0,    0,    0,    0,    0,    0,    0,    0,    0,    0,    0,    0,    0,    0,    0,    0,    0,    0,   -8,    0,    0,    0,    0,    0,    0,    0,    0,    0,    0,    0,   -5,    0,   -3,    0,    0,    0,    0,    0,    0,    0,    0,    0,   -8,   -8,
       0,    0,    0,    0,    0,    0,    0,    0,    0,    0,    0,    0,    0,    0,    0,    0,    0,    0,    0,    0,    0,    0,    0,    0,    0,    0,    0,    0,    0,    0,    0,    0,    0,    0,    0,    0,    0,    0,    0,    0,    0,    0,    0,    0,    0,    0,    0,    0,    0,    0,    0,    0,    0,    0,    0,    0,    0,    0,    0,    0,    0,    0,    0,    0,    0,    0,    0,    0,    0,    0,    0,    0,    0,    0,  -13,   -8,    0,    0,    0,    0,    0,    0,    0,    0,    0,    0,    0,    0,    0,    0,    0,    0,    0,    0,    0,    0,    0,    0,    0,    0,    0,    0,    0,    0,    0,    0,    0,    0,    0,    0,    0,    0,    0,    0,    0,    0,    0,    0,    0,    0,    0,    0,    0,    0,    0,    0,    0,    0,    0,    0,    0,    0,   -5,    0,    0,    0,    0,    0,    0,    0,    0,    0,    0,    0,    0,    0,    0,    0,    0,    0,    0,    0,    0,    0,    0,    0,    0,   -8,    0,    0,    0,    0,    0,    0,    0,    0,    0,    0,    0,    0,    0,    0,    0,    0,    0,    0,    0,    0,    0,    0,    0,  -19,   -5,
       0,    0,    0,    0,    0,    0,    0,    0,    0,    0,    0,    0,    0,    0,    0,    0,    0,    0,    0,    0,    0,    0,    0,    0,    0,    0,    0,    0,    0,    0,    0,    0,    0,    0,    0,    0,    0,    0,    0,    0,    0,    0,    0,    0,    0,    0,    0,    0,    0,    0,    0,    0,    0,    0,    0,    0,    0,    0,    0,    0,    0,    0,    0,    0,    0,    0,    0,    0,    0,    0,    0,    0,    0,    0,   -3,   -3,    0,    0,    0,    0,    0,    0,    0,    0,    0,    0,    0,    0,    0,    0,    0,    0,    0,    0,    0,    0,    0,    0,    0,    0,    0,    0,    0,    0,    0,    0,    0,    0,    0,    0,    0,    0,    0,    0,    0,    0,    0,    0,    0,    0,    0,    0,    0,    0,    0,    0,    0,    0,    0,    0,    0,    0,    0,    0,    0,    0,    0,    0,    0,    0,    0,    0,    0,    0,    0,    0,    0,    0,    0,    0,    0,    0,    0,    0,    0,    0,    0,    0,    0,    0,    0,    0,    0,    0,    0,    0,    0,    0,    0,    0,    0,    0,    0,    0,    0,    0,    0,    0,    0,    0,    0,  -13,    0,
       0,    0,    0,    0,    0,    0,    0,    0,    0,    0,    0,    0,    0,    0,    0,    0,    0,    0,    0,    0,    0,    0,    0,    0,    0,    0,    0,    0,    0,    0,    0,    0,    0,    0,    0,    0,    0,    0,    0,    0,    0,    0,    0,    0,    0,    0,    0,    0,    0,    0,    0,    0,    0,    0,    0,    0,    0,    0,    0,    0,    0,    0,    0,    0,    0,    0,    0,    0,    0,    0,    0,    0,    0,    0,  -21,   -8,    0,    0,    0,    0,    0,    0,    0,    0,    0,    0,    0,    0,    0,    0,    0,    0,    0,    0,    0,    0,    0,    0,    0,    0,    0,    0,    0,    0,    0,    0,    0,    0,    0,    0,    0,    0,    0,    0,    0,    0,    0,    0,    0,    0,    0,    0,    0,    0,    0,    0,    0,    0,    0,    0,    0,    0,    0,    0,    0,    0,    0,    0,    0,    0,    0,    0,    0,    0,    0,    0,    0,    0,    0,    0,    0,    0,    0,    0,    0,    0,    0,    0,    0,    0,    0,    0,    0,    0,    0,    0,    0,    0,    0,   -5,    0,    0,    0,    0,    0,    0,    0,    0,    0,    0,    0,  -13,   -5,
       0,    0,    0,    0,    0,    0,    0,    0,    0,    0,    0,    0,    0,    0,    0,    0,    0,    0,    0,    0,    0,    0,    0,    0,    0,    0,    0,    0,    0,    0,    0,    0,    0,    0,    0,    0,    0,    0,    0,    0,    0,    0,    0,    0,    0,    0,    0,    0,    0,    0,    0,    0,    0,    0,    0,    0,    0,    0,    0,    0,    0,    0,    0,    0,    0,    0,    0,    0,    0,    0,    0,    0,    0,    0,   -8,   -8,    0,    0,    0,    0,    0,    0,    0,    0,    0,    0,    0,    0,    0,    0,    0,    0,    0,    0,    0,    0,    0,    0,    0,    0,    0,    0,    0,    0,    0,    0,    0,    0,    0,    0,    0,    0,    0,    0,    0,    0,    0,    0,    0,    0,    0,    0,    0,    0,    0,    0,    0,    0,    0,    0,    0,    0,    0,    0,    0,    0,    0,    0,    0,    0,    0,    0,    0,    0,    0,    0,    0,    0,    0,    0,    0,    0,    0,    0,    0,    0,    0,   -8,    0,    0,    0,    0,    0,    0,    0,    0,    0,    0,    0,   -5,    0,    0,    0,    0,    0,    0,    0,    0,    0,    0,    0,  -11,   -5,
       0,    0,    0,    0,    0,    0,    0,    0,    0,    0,    0,    0,    0,    0,    0,    0,    0,    0,    0,    0,    0,    0,    0,    0,    0,    0,    0,    0,    0,    0,    0,    0,    0,    0,    0,    0,    0,    0,    0,    0,    0,    0,    0,    0,    0,    0,    0,    0,    0,    0,    0,    0,    0,    0,    0,    0,    0,    0,    0,    0,    0,    0,    0,    0,    0,    0,    0,    0,    0,    0,    0,    0,    0,    0,   -8,   -8,    0,    0,    0,    0,    0,    0,    0,    0,    0,    0,    0,    0,    0,    0,    0,    0,    0,    0,    0,    0,    0,    0,    0,    0,    0,    0,    0,    0,    0,    0,    0,    0,    0,    0,    0,    0,    0,    0,    0,    0,    0,    0,    0,    0,    0,    0,    0,    0,    0,    0,    0,    0,    0,  -16,    0,    0,    0,    0,    0,    0,    0,    0,    0,    0,    0,    0,    0,    0,    0,    0,    0,    0,    0,    0,    0,    0,    0,    0,    0,    0,    0,   -8,   -5,    0,    0,    0,    0,    0,    0,    0,    0,    0,    0,   -8,    0,    0,    0,    0,    0,    0,    0,    0,    0,    0,    0,  -11,   -5,
       0,    0,    0,    0,    0,    0,    0,    0,    0,    0,    0,    0,    0,    0,    0,    0,    0,    0,    0,    0,    0,    0,    0,    0,    0,    0,    0,    0,    0,    0,    0,    0,    0,    0,    0,    0,    0,    0,    0,    0,    0,    0,    0,    0,    0,    0,    0,    0,    0,    0,    0,    0,    0,    0,    0,    0,    0,    0,    0,    0,    0,    0,    0,    0,    0,    0,    0,    0,    0,    0,    0,    0,    0,    0,   -8,   -8,    0,    0,    0,    0,    0,    0,    0,    0,    0,    0,    0,    0,    0,    0,    0,    0,    0,    0,    0,    0,    0,    0,    0,    0,    0,    0,    0,    0,    0,    0,    0,    0,    0,    0,    0,    0,    0,    0,    0,    0,    0,    0,    0,    0,    0,    0,    0,    0,    0,    0,    0,    0,    0,  -19,    0,    0,    0,    0,    0,    0,    0,    0,    0,    0,    0,    0,    0,    0,    0,    0,    0,    0,    0,    0,    0,    0,    0,    0,    0,    0,    0,    0,    0,    0,    0,    0,    0,    0,    0,    0,    0,    0,    0,   -5,    0,    0,    0,    0,    0,    0,    0,    0,    0,    0,    0,  -13,  -11,
       0,    0,    0,    0,    0,    0,    0,    0,    0,    0,    0,    0,    0,    0,    0,    0,    0,    0,    0,    0,    0,    0,    0,    0,    0,    0,    0,    0,    0,    0,    0,    0,    0,    0,    0,    0,    0,    0,    0,    0,    0,    0,    0,    0,    0,    0,    0,    0,    0,    0,    0,    0,    0,    0,    0,    0,    0,    0,    0,    0,    0,    0,    0,    0,    0,    0,    0,    0,    0,    0,    0,    0,    0,    0,   -5,   -5,    0,    0,    0,    0,    0,    0,    0,    0,    0,    0,    0,    0,    0,    0,    0,    0,    0,    0,    0,    0,    0,    0,    0,    0,    0,    0,    0,    0,    0,    0,    0,    0,    0,    0,    0,    0,    0,    0,    0,    0,    0,    0,    0,    0,    0,    0,    0,    0,    0,    0,    0,    0,    0,    0,    0,    0,    0,    0,    0,    0,    0,    0,    0,    0,    0,    0,    0,    0,    0,    0,    0,    0,    0,    0,    0,    0,    0,    0,    0,    0,    0,    0,    0,    0,    0,    0,    0,    0,    0,    0,    0,    0,    0,    0,    0,    0,    0,    0,    0,    0,    0,    0,    0,    0,    0,   -8,    0,
       0,    0,    0,    0,    0,    0,    0,    0,    0,    0,    0,    0,    0,    0,    0,    0,    0,    0,    0,    0,    0,    0,    0,    0,    0,    0,    0,    0,    0,    0,    0,    0,    0,    0,    0,    0,    0,    0,    0,    0,    0,    0,    0,    0,    0,    0,    0,    0,    0,    0,    0,    0,    0,    0,    0,    0,    0,    0,    0,    0,    0,    0,    0,    0,    0,    0,    0,    0,    0,    0,    0,    0,    0,    0,  -11,   -5,    0,    0,    0,    0,    0,    0,    0,    0,    0,    0,    0,    0,    0,    0,    0,    0,    0,    0,    0,    0,    0,    0,    0,    0,    0,    0,    0,    0,    0,    0,    0,    0,    0,    0,    0,    0,    0,    0,    0,    0,    0,    0,    0,    0,    0,    0,    0,    0,    0,    0,    0,    0,    0,    0,    0,    0,    0,    0,    0,    0,    0,    0,    0,    0,    0,    0,    0,    0,    0,    0,    0,    0,    0,    0,    0,    0,    0,    0,    0,    0,    0,   -5,    0,    0,    0,    0,    0,    0,    0,    0,    0,    0,    0,    0,    0,    0,    0,    0,    0,    0,    0,    0,    0,    0,    0,   -5,    0,
       0,    0,    0,    0,    0,    0,    0,    0,    0,    0,    0,    0,    0,    0,    0,    0,    0,    0,    0,    0,    0,    0,    0,    0,    0,    0,    0,    0,    0,    0,    0,    0,    0,    0,    0,    0,    0,    0,    0,    0,    0,    0,    0,    0,    0,    0,    0,    0,    0,    0,    0,    0,    0,    0,    0,    0,    0,    0,    0,    0,    0,    0,    0,    0,    0,    0,    0,    0,    0,    0,    0,    0,    0,    0,  -13,  -13,    0,    0,    0,    0,    0,    0,    0,    0,    0,    0,    0,    0,    0,    0,    0,    0,    0,    0,    0,    0,    0,    0,    0,    0,    0,    0,    0,    0,    0,    0,    0,    0,    0,    0,    0,    0,    0,    0,    0,    0,    0,    0,    0,    0,    0,    0,    0,    0,    0,    0,    0,    0,    0,    0,    0,    0,    0,    0,    0,    0,    0,    0,    0,    0,    0,    0,    0,    0,    0,    0,    0,    0,    0,    0,    0,    0,    0,    0,    0,    0,    0,  -13,    0,    0,    0,    0,    0,    0,    0,    0,    0,    0,    0,   -8,    0,    0,    0,    0,    0,    0,    0,    0,    0,    0,    0,  -21,  -21,
       0,    0,    0,    0,    0,    0,    0,    0,    0,    0,    0,    0,    0,    0,    0,    0,    0,    0,    0,    0,    0,    0,    0,    0,    0,    0,    0,    0,    0,    0,    0,    0,    0,    0,    0,    0,    0,    0,    0,    0,    0,    0,    0,    0,    0,    0,    0,    0,    0,    0,    0,    0,    0,    0,    0,    0,    0,    0,    0,    0,    0,    0,    0,    0,    0,    0,    0,    0,    0,    0,    0,    0,    0,    0,   -5,   -5,    0,    0,    0,    0,    0,    0,    0,    0,    0,    0,    0,    0,    0,    0,    0,    0,    0,    0,    0,    0,    0,    0,    0,    0,    0,    0,    0,    0,    0,    0,    0,    0,    0,    0,    0,    0,    0,    0,    0,    0,    0,    0,    0,    0,    0,    0,    0,    0,    0,    0,    0,    0,    0,    0,    0,    0,    0,    0,    0,    0,    0,    0,    0,    0,    0,    0,    0,    0,    0,    0,    0,    0,    0,    0,    0,    0,    0,    0,    0,    0,    0,   -5,    0,    0,    0,    0,    0,    0,    0,    0,    0,    0,    0,    0,    0,    0,    0,    0,    0,    0,    0,    0,    0,    0,    0,    0,    0,
       0,    0,    0,    0,    0,    0,    0,    0,    0,    0,    0,    0,    0,    0,    0,    0,    0,    0,    0,    0,    0,    0,    0,    0,    0,    0,    0,    0,    0,    0,    0,    0,    0,    0,    0,    0,    0,    0,    0,    0,    0,    0,    0,    0,    0,    0,    0,    0,    0,    0,    0,    0,    0,    0,    0,    0,    0,    0,    0,    0,    0,    0,    0,    0,    0,    0,    0,    0,    0,    0,    0,    0,    0,    0,    0,    0,    0,    0,    0,    0,    0,    0,    0,    0,    0,    0,    0,    0,    0,    0,    0,    0,    0,    0,    0,    0,    0,    0,    0,    0,    0,    0,    0,    0,    0,    0,    0,    0,    0,    0,    0,    0,    0,    0,    0,    0,    0,    0,    0,    0,    0,    0,    0,    0,    0,    0,    0,    0,    0,    0,    0,    0,    0,    0,    0,    0,    0,    0,    0,   -5,    0,    0,    0,    0,    0,    0,    0,    0,    0,    0,    0,    0,    0,    0,    0,    0,    0,    0,    0,    0,    0,    0,    0,    0,    0,    0,    0,    0,    0,    0,    0,    0,    0,    0,    0,    0,    0,    0,    0,    0,    0,    0,    0,
       0,    0,    0,    0,    0,    0,    0,    0,    0,    0,    0,    0,    0,    0,    0,    0,    0,    0,    0,    0,    0,    0,    0,    0,    0,    0,    0,    0,    0,    0,    0,    0,    0,    0,    0,    0,    0,    0,    0,    0,    0,    0,    0,    0,    0,    0,    0,    0,    0,    0,    0,    0,    0,    0,    0,    0,    0,    0,    0,    0,    0,    0,    0,    0,    0,    0,    0,    0,    0,    0,    0,    0,    0,    0,   -5,   -5,    0,    0,    0,    0,    0,    0,    0,    0,    0,    0,    0,    0,    0,    0,    0,    0,    0,    0,    0,    0,    0,    0,    0,    0,    0,    0,    0,    0,    0,    0,    0,    0,    0,    0,    0,    0,    0,    0,    0,    0,    0,    0,    0,    0,    0,    0,    0,    0,    0,    0,    0,   -5,    0,  -11,    0,    0,   -5,    0,   -8,    0,    0,    0,    0,    0,    0,    0,    0,    0,    0,    0,    0,    0,   -5,    0,    0,    0,    0,    0,    0,    0,    0,    0,    0,    0,    0,    0,    0,    0,    0,    0,    0,    0,    0,    0,    0,    0,    0,   -5,    0,    0,    0,    0,    0,    0,    0,    0,    0,
       0,    0,    0,    0,    0,    0,    0,    0,    0,    0,    0,    0,    0,    0,    0,    0,    0,    0,    0,    0,    0,    0,    0,    0,    0,    0,    0,    0,    0,    0,    0,    0,    0,    0,    0,    0,    0,    0,    0,    0,    0,    0,    0,    0,    0,    0,    0,    0,    0,    0,    0,    0,    0,    0,    0,    0,    0,    0,    0,    0,    0,    0,    0,    0,    0,    0,    0,    0,    0,    0,    0,    0,    0,    0,    0,    0,    0,    0,    0,    0,    0,    0,    0,    0,    0,    0,    0,    0,    0,    0,    0,    0,    0,    0,    0,    0,    0,    0,    0,    0,    0,    0,    0,    0,    0,    0,    0,    0,    0,    0,    0,    0,    0,    0,    0,    0,    0,    0,    0,    0,    0,    0,    0,    0,    0,    0,    0,    0,    0,    0,   -5,    0,    0,    0,    0,    0,    0,    0,    0,    0,    0,    0,    0,    0,    0,    0,    0,    0,    0,    0,    0,    0,    0,    8,    0,    0,    0,    0,    0,    0,    0,    0,    0,    0,    0,    0,    0,    0,    0,    0,    0,    0,    0,    0,    0,    0,    0,    0,    0,    0,    0,    0,    0,
       0,    0,    0,    0,    0,    0,    0,    0,    0,    0,    0,    0,    0,    0,    0,    0,    0,    0,    0,    0,    0,    0,    0,    0,    0,    0,    0,    0,    0,    0,    0,    0,    0,    0,    0,    0,    0,    0,    0,    0,    0,    0,    0,    0,    0,    0,    0,    0,    0,    0,    0,    0,    0,    0,    0,    0,    0,    0,    0,    0,    0,    0,    0,    0,    0,    0,    0,    0,    0,    0,    0,    0,    0,    0,    0,    0,    0,    0,    0,    0,    0,    0,    0,    0,    0,    0,    0,    0,    0,    0,    0,    0,    0,    0,    0,    0,    0,    0,    0,    0,    0,    0,    0,    0,    0,    0,    0,    0,    0,    0,    0,    0,    0,    0,    0,    0,    0,    0,    0,    0,    0,    0,    0,    0,    0,    0,    0,    0,    0,    0,    0,    0,    0,    0,    0,    0,    0,    0,    0,    0,    0,    0,    0,    0,    0,    0,    0,    0,    0,    0,    0,    0,    0,    8,    8,    0,    0,    0,    0,    0,    0,    0,    0,    0,    0,    0,    0,    0,    0,    0,    0,    0,    0,    0,    0,    0,    0,    0,   13,    0,    0,    3,    3,
       0,    0,    0,    0,    0,    0,    0,    0,    0,    0,    0,    0,    0,    0,    0,    0,    0,    0,    0,    0,    0,    0,    0,    0,    0,    0,    0,    0,    0,    0,    0,    0,    0,    0,    0,    0,    0,    0,    0,    0,    0,    0,    0,    0,    0,    0,    0,    0,    0,    0,    0,    0,    0,    0,    0,    0,    0,    0,    0,    0,    0,    0,    0,    0,    0,    0,    0,    0,    0,    0,    0,    0,    0,    0,    0,    0,    0,    0,    0,    0,    0,    0,    0,    0,    0,    0,    0,    0,    0,    0,    0,    0,    0,    0,    0,    0,    0,    0,    0,    0,    0,    0,    0,    0,    0,    0,    0,    0,    0,    0,    0,    0,    0,    0,    0,    0,    0,    0,    0,    0,    0,    0,    0,    0,    0,    0,    0,    0,    0,    0,    0,    0,    0,    0,    0,    0,    0,    0,    0,    0,    0,    0,    0,    0,    0,    0,    0,    0,    0,    0,    0,    0,    0,    8,    8,    0,    0,    0,    0,    0,    0,    0,    0,    0,    0,    0,    0,    0,    0,    0,    0,    0,    0,    0,    0,    0,    0,    0,   13,    0,    0,    0,    0,
       0,    0,    0,    0,    0,    0,    0,    0,    0,    0,    0,    0,    0,    0,    0,    0,    0,    0,    0,    0,    0,    0,    0,    0,    0,    0,    0,    0,    0,    0,    0,    0,    0,    0,    0,    0,    0,    0,    0,    0,    0,    0,    0,    0,    0,    0,    0,    0,    0,    0,    0,    0,    0,    0,    0,    0,    0,    0,    0,    0,    0,    0,    0,    0,    0,    0,    0,    0,    0,    0,    0,    0,    0,    0,    0,    0,    0,    0,    0,    0,    0,    0,    0,    0,    0,    0,    0,    0,    0,    0,    0,    0,    0,    0,    0,    0,    0,    0,    0,    0,    0,    0,    0,    0,    0,    0,    0,    0,    0,    0,    0,    0,    0,    0,    0,    0,    0,    0,    0,    0,    0,    0,    0,    0,    0,    0,    0,    0,    0,   -5,    0,    0,    0,    0,    0,    0,    0,    0,    0,    0,    0,    0,    0,    0,    0,    0,    0,    0,    0,    0,    0,    0,    0,    0,    0,    0,    0,    0,    0,    0,    0,    0,    0,    0,    0,    0,    0,    0,    0,    0,    0,    0,    0,    0,    0,    0,    0,    0,    0,    0,    0,    0,    0,
       0,    0,    0,    0,    0,    0,    0,    0,    0,    0,    0,    0,    0,    0,    0,    0,    0,    0,    0,    0,    0,    0,    0,    0,    0,    0,    0,    0,    0,    0,    0,    0,    0,    0,    0,    0,    0,    0,    0,    0,    0,    0,    0,    0,    0,    0,    0,    0,    0,    0,    0,    0,    0,    0,    0,    0,    0,    0,    0,    0,    0,    0,    0,    0,    0,    0,    0,    0,    0,    0,    0,    0,    0,    0,  -11,  -11,    0,    0,    0,    0,    0,    0,    0,    0,    0,    0,    0,    0,    0,    0,    0,    0,    0,    0,    0,    0,    0,    0,    0,    0,    0,    0,    0,    0,    0,    0,    0,    0,    0,    0,    0,    0,    0,    0,    0,    0,    0,    0,    0,    0,    0,    0,    0,    0,    0,    0,    0,    0,    0,   -5,    0,    0,    0,    0,    0,    0,    0,    0,   -3,    0,    0,    0,    0,    0,    0,    0,    0,    0,    0,    0,    0,    0,    0,    0,    0,    0,    0,    0,    0,    0,    0,    0,    0,    0,    0,    0,    0,    0,    0,   -8,    0,    0,    0,    0,    0,    0,    0,    0,    5,    0,    0,   -5,   -5,
       0,    0,    0,    0,    0,    0,    0,    0,    0,    0,    0,    0,    0,    0,    0,    0,    0,    0,    0,    0,    0,    0,    0,    0,    0,    0,    0,    0,    0,    0,    0,    0,    0,    0,    0,    0,    0,    0,    0,    0,    0,    0,    0,    0,    0,    0,    0,    0,    0,    0,    0,    0,    0,    0,    0,    0,    0,    0,    0,    0,    0,    0,    0,    0,    0,    0,    0,    0,    0,    0,    0,    0,    0,    0,   -8,   -8,    0,    0,    0,    0,    0,    0,    0,    0,    0,    0,    0,    0,    0,    0,    0,    0,    0,    0,    0,    0,    0,    0,    0,    0,    0,    0,    0,    0,    0,    0,    0,    0,    0,    0,    0,    0,    0,    0,    0,    0,    0,    0,    0,    0,    0,    0,    0,    0,    0,    0,    0,    0,    0,   -8,    0,    0,    0,    0,    0,    0,    0,    0,    0,    0,    0,    0,    0,    0,    0,    0,    0,    0,    0,    0,    0,    0,    0,    0,    0,    0,    0,    0,    0,    0,    0,    0,    0,    0,    0,    0,    0,    0,    0,    0,    0,    0,    0,    0,    0,    0,    0,    0,    0,    0,    0,  -13,   -5,
       0,    0,    0,    0,    0,    0,    0,    0,    0,    0,    0,    0,    0,    0,    0,    0,    0,    0,    0,    0,    0,    0,    0,    0,    0,    0,    0,    0,    0,    0,    0,    0,    0,    0,    0,    0,    0,    0,    0,    0,    0,    0,    0,    0,    0,    0,    0,    0,    0,    0,    0,    0,    0,    0,    0,    0,    0,    0,    0,    0,    0,    0,    0,    0,    0,    0,    0,    0,    0,    0,    0,    0,    0,    0,   -8,   -8,    0,    0,    0,    0,    0,    0,    0,    0,    0,    0,    0,    0,    0,    0,    0,    0,    0,    0,    0,    0,    0,    0,    0,    0,    0,    0,    0,    0,    0,    0,    0,    0,    0,    0,    0,    0,    0,    0,    0,    0,    0,    0,    0,    0,    0,    0,    0,    0,    0,    0,    0,    0,    0,   -8,    0,    0,    0,    0,    0,    0,    0,    0,    0,    0,    0,    0,    0,    0,    0,    0,    0,    0,    0,    0,    0,    0,    0,    0,    0,    0,    0,    0,    0,    0,    0,    0,    0,    0,    0,    0,    0,    0,    0,    0,    0,    0,    0,   -5,    0,    0,    0,    0,    0,    0,    0,  -13,   -5,
       0,    0,    0,    0,    0,    0,    0,    0,    0,    0,    0,    0,    0,    0,    0,    0,    0,    0,    0,    0,    0,    0,    0,    0,    0,    0,    0,    0,    0,    0,    0,    0,    0,    0,    0,    0,    0,    0,    0,    0,    0,    0,    0,    0,    0,    0,    0,    0,    0,    0,    0,    0,    0,    0,    0,    0,    0,    0,    0,    0,    0,    0,    0,    0,    0,    0,    0,    0,    0,    0,    0,    0,    0,    0,  -13,   -8,    0,    0,    0,    0,    0,    0,    0,    0,    0,    0,    0,    0,    0,    0,    0,    0,    0,    0,    0,    0,    0,    0,    0,    0,    0,    0,    0,    0,    0,    0,    0,    0,    0,    0,    0,    0,    0,    0,    0,    0,    0,    0,    0,    0,    0,    0,    0,    0,    0,    0,    0,    0,    0,    0,    0,    0,    0,    0,    0,    0,    0,    0,    0,    0,    0,    0,    0,    0,    0,    0,    0,    0,    0,    0,    0,    0,    0,    0,    0,    0,    0,   -8,    0,    0,    0,    0,    0,    0,    0,    0,    0,    0,    0,    0,    0,    0,    0,    0,    0,    0,    0,    0,    0,    0,    0,  -13,   -8,
       0,    0,    0,    0,    0,    0,    0,    0,    0,    0,    0,    0,    0,    0,    0,    0,    0,    0,    0,    0,    0,    0,    0,    0,    0,    0,    0,    0,    0,    0,    0,    0,    0,    0,    0,    0,    0,    0,    0,    0,    0,    0,    0,    0,    0,    0,    0,    0,    0,    0,    0,    0,    0,    0,    0,    0,    0,    0,    0,    0,    0,    0,    0,    0,    0,    0,    0,    0,    0,    0,    0,    0,    0,    0,    0,    0,    0,    0,    0,    0,    0,    0,    0,    0,    0,    0,    0,    0,    0,    0,    0,    0,    0,    0,    0,    0,    0,    0,    0,    0,    0,    0,    0,    0,    0,    0,    0,    0,    0,    0,    0,    0,    0,    0,    0,    0,    0,    0,    0,    0,    0,    0,    0,    0,    0,    0,    0,    0,    0,    0,    0,    0,    0,    0,    0,    0,    0,    0,    0,    0,    0,    0,    0,    0,    0,    0,    0,    0,    0,    0,    0,    0,    0,    0,    0,    0,    0,    0,    0,    0,    0,  -16,  -16,  -16,    0,    0,    0,    0,    0,    0,    0,    0,    0,    0,    0,  -13,    0,    0,    0,    0,    0,    0,    0,
       0,    0,    0,    0,    0,    0,    0,    0,    0,    0,    0,    0,    0,    0,    0,    0,    0,    0,    0,    0,    0,    0,    0,    0,    0,    0,    0,    0,    0,    0,    0,    0,    0,    0,    0,    0,    0,    0,    0,    0,    0,    0,    0,    0,    0,    0,    0,    0,    0,    0,    0,    0,    0,    0,    0,    0,    0,    0,    0,    0,    0,    0,    0,    0,    0,    0,    0,    0,    0,    0,    0,    0,    0,    0,    0,    0,    0,    0,    0,    0,    0,    0,    0,    0,    0,    0,    0,    0,    0,    0,    0,    0,    0,    0,    0,    0,    0,    0,    0,    0,    0,    0,    0,    0,    0,    0,    0,    0,    0,    0,    0,    0,    0,    0,    0,    0,    0,    0,    0,    0,    0,    0,    0,    0,    0,    0,    0,    0,    0,    0,    0,    0,    0,    0,    0,    0,    0,    0,    0,    0,    0,    0,    0,    0,    0,    0,    0,    0,    0,    0,    0,    0,    0,    0,    0,    0,    0,    0,    0,    0,    0,    0,    0,    0,    0,    0,    0,    0,    0,    0,    0,    0,    0,    0,    0,    0,    0,    0,    0,    0,    0,   -8,    0,
       0,    0,    0,    0,    0,    0,    0,    0,    0,    0,    0,    0,    0,    0,    0,    0,    0,    0,    0,    0,    0,    0,    0,    0,    0,    0,    0,    0,    0,    0,    0,    0,    0,    0,    0,    0,    0,    0,    0,    0,    0,    0,    0,    0,    0,    0,    0,    0,    0,    0,    0,    0,    0,    0,    0,    0,    0,    0,    0,    0,    0,    0,    0,    0,    0,    0,    0,    0,    0,    0,    0,    0,    0,    0,  -21,  -21,    0,    0,    0,    0,    0,    0,    0,    0,    0,    0,    0,    0,    0,    0,    0,    0,    0,    0,    0,    0,    0,    0,    0,    0,    0,    0,    0,    0,    0,    0,    0,    0,    0,    0,    0,    0,    0,    0,    0,    0,    0,    0,    0,    0,    0,    0,    0,    0,    0,    0,    0,    0,    0,    0,   -5,    0,    0,    0,    0,    0,    0,    0,    0,    0,    0,    0,    0,    0,    0,    0,    0,    0,    0,    0,    0,    0,    0,    0,    0,    0,    0,  -21,   -5,   -5,   -5,    0,    0,    0,    0,    0,    0,    0,    0,   -8,   -5,    0,    0,    0,    0,    0,    0,    0,    0,    0,    0,  -19,  -13,
       0,    0,    0,    0,    0,    0,    0,    0,    0,    0,    0,    0,    0,    0,    0,    0,    0,    0,    0,    0,    0,    0,    0,    0,    0,    0,    0,    0,    0,    0,    0,    0,    0,    0,    0,    0,    0,    0,    0,    0,    0,    0,    0,    0,    0,    0,    0,    0,    0,    0,    0,    0,    0,    0,    0,    0,    0,    0,    0,    0,    0,    0,    0,    0,    0,    0,    0,    0,    0,    0,    0,    0,    0,    0,   -5,    0,    0,    0,    0,    0,    0,    0,    0,    0,    0,    0,    0,    0,    0,    0,    0,    0,    0,    0,    0,    0,    0,    0,    0,    0,    0,    0,    0,    0,    0,    0,    0,    0,    0,    0,    0,    0,    0,    0,    0,    0,    0,    0,    0,    0,    0,    0,    0,    0,    0,    0,    0,    0,   -5,    0,    0,    0,    0,    0,    0,    0,    0,    0,    0,    0,    0,    0,    0,    0,    0,    0,    0,    0,    0,    0,    0,    0,    0,    0,    0,    0,    0,    0,    0,    0,    0,    0,    0,    0,    0,    0,    0,    0,    0,    0,    0,    0,    0,    0,    0,    0,    0,   -5,    0,    0,    0,    0,    0,
       0,    0,    0,    0,    0,    0,    0,    0,    0,    0,    0,    0,    0,    0,    0,    0,    0,    0,    0,    0,    0,    0,    0,    0,    0,    0,    0,    0,    0,    0,    0,    0,    0,    0,    0,    0,    0,    0,    0,    0,    0,    0,    0,    0,    0,    0,    0,    0,    0,    0,    0,    0,    0,    0,    0,    0,    0,    0,    0,    0,    0,    0,    0,    0,    0,    0,    0,    0,    0,    0,    0,    0,    0,    0,    0,    0,    0,    0,    0,    0,    0,    0,    0,    0,    0,    0,    0,    0,    0,    0,    0,    0,    0,    0,    0,    0,    0,    0,    0,    0,    0,    0,    0,    0,    0,    0,    0,    0,    0,    0,    0,   -5,   -5,   -5,    0,    0,    0,    0,    0,    0,    0,    0,    0,    0,    0,    0,    0,    0,    0,    0,    0,    0,    0,    0,    0,    0,    0,    0,    0,    0,    0,    0,    0,    0,    0,    0,    0,    0,    0,    0,    0,    0,    0,    0,    0,    0,    0,    0,    0,    0,    0,    0,    0,    0,    0,    0,    0,    0,    0,    0,    0,    0,    0,    0,    0,    0,    0,    0,    0,    0,    0,    0,    0,
       0,    0,    0,    0,    0,    0,    0,    0,    0,    0,    0,    0,    0,    0,    0,    0,    0,    0,    0,    0,    0,    0,    0,    0,    0,    0,    0,    0,    0,    0,    0,    0,    0,    0,    0,    0,    0,    0,    0,    0,    0,    0,    0,    0,    0,    0,    0,    0,    0,    0,    0,    0,    0,    0,    0,    0,    0,    0,    0,    0,    0,    0,    0,    0,    0,    0,    0,    0,    0,    0,    0,    0,    0,    0,   -5,   -5,    0,    0,    0,    0,    0,    0,    0,    0,    0,    0,    0,    0,    0,    0,    0,    0,    0,    0,    0,    0,    0,    0,    0,    0,    0,    0,    0,    0,    0,    0,    0,    0,    0,    0,    0,    0,    0,    0,    0,    0,    0,    0,    0,    0,    0,    0,    0,    0,    0,    0,    0,    0,    0,    0,    0,    0,    0,    0,    0,    0,    0,    0,    0,    0,    0,    0,   -5,   -5,   -5,    0,    0,    0,    0,    0,    0,    0,    0,    0,    0,    0,    0,   -5,   -3,   -3,   -3,    0,    0,    0,    0,    0,    0,    0,    0,   -8,   -8,    0,    0,    0,    0,    0,    0,    0,    0,    0,    0,  -13,   -5,
       0,    0,    0,    0,    0,    0,    0,    0,    0,    0,    0,    0,    0,    0,    0,    0,    0,    0,    0,    0,    0,    0,    0,    0,    0,    0,    0,    0,    0,    0,    0,    0,    0,    0,    0,    0,    0,    0,    0,    0,    0,    0,    0,    0,    0,    0,    0,    0,    0,    0,    0,    0,    0,    0,    0,    0,    0,    0,    0,    0,    0,    0,    0,    0,    0,    0,    0,    0,    0,    0,    0,    0,    0,    0,  -16,  -11,    0,    0,    0,    0,    0,    0,    0,    0,    0,    0,    0,    0,    0,    0,    0,    0,    0,    0,    0,    0,    0,    0,    0,    0,    0,    0,    0,    0,    0,    0,    0,    0,    0,    0,    0,    0,    0,    0,    0,    0,    0,    0,    0,    0,    0,    0,    0,    0,    0,    0,    0,    0,    0,    0,    0,    0,    0,    0,    0,    0,    0,    0,    0,    0,    0,    0,    0,    0,    0,    0,    0,    0,    0,    0,    0,    0,    0,    0,    0,    0,    0,    0,    0,    0,    0,    0,    0,    0,    0,    0,    0,    0,    0,    0,    0,    0,    0,    0,    0,    0,    0,    0,    0,    0,    0,   -8,  -11,
       0,    0,    0,    0,    0,    0,    0,    0,    0,    0,    0,    0,    0,    0,    0,    0,    0,    0,    0,    0,    0,    0,    0,    0,    0,    0,    0,    0,    0,    0,    0,    0,    0,    0,    0,    0,    0,    0,    0,    0,    0,    0,    0,    0,    0,    0,    0,    0,    0,    0,    0,    0,    0,    0,    0,    0,    0,    0,    0,    0,    0,    0,    0,    0,    0,    0,    0,    0,    0,    0,    0,    0,    0,    0,    0,    0,    0,    0,    0,    0,    0,    0,    0,    0,    0,    0,    0,    0,    0,    0,    0,    0,    0,    0,    0,    0,    0,    0,    0,    0,    0,    0,    0,    0,    0,    0,    0,    0,    0,    0,    0,    0,    0,    0,    0,    0,    0,    0,    0,    0,    0,    0,    0,    0,    0,    0,    0,    0,    0,    0,    0,    0,    0,    0,    0,   -8,    0,    0,    0,   -5,    0,    0,    0,    0,    0,    0,    0,    0,    0,    0,    0,    0,    0,    0,    0,    0,    0,    0,    0,    0,    0,    0,    0,    0,    0,    0,    0,    0,    0,   -5,    0,    0,    0,    0,    0,    0,    0,    0,   -5,    0,    0,    0,    0,
       0,    0,    0,    0,    0,    0,    0,    0,    0,    0,    0,    0,    0,    0,    0,    0,    0,    0,    0,    0,    0,    0,    0,    0,    0,    0,    0,    0,    0,    0,    0,    0,    0,    0,    0,    0,    0,    0,    0,    0,    0,    0,    0,    0,    0,    0,    0,    0,    0,    0,    0,    0,    0,    0,    0,    0,    0,    0,    0,    0,    0,    0,    0,    0,    0,    0,    0,    0,    0,    0,    0,    0,    0,    0,    0,    0,    0,    0,    0,    0,    0,    0,    0,    0,    0,    0,    0,    0,    0,    0,    0,    0,    0,    0,    0,    0,    0,    0,    0,    0,    0,    0,    0,    0,    0,    0,    0,    0,    0,    0,    0,    0,    0,    0,    0,    0,    0,    0,    0,    0,    0,    0,    0,    0,    0,    0,    0,    0,    0,    0,    0,    0,    0,    0,    0,    0,    0,    0,    0,    0,    0,    0,    0,    0,    0,    0,    0,    0,    0,    0,    0,    0,    0,    0,    0,    0,    0,    0,    0,    0,    0,    0,    0,    0,    0,    0,    0,    0,    0,   -5,    0,    0,    0,    0,    0,    0,    0,    0,    0,    0,    0,    0,    0,
       0,    0,    0,    0,    0,    0,    0,    0,    0,    0,    0,    0,    0,    0,    0,    0,    0,    0,    0,    0,    0,    0,    0,    0,    0,    0,    0,    0,    0,    0,    0,    0,    0,    0,    0,    0,    0,    0,    0,    0,    0,    0,    0,    0,    0,    0,    0,    0,    0,    0,    0,    0,    0,    0,    0,    0,    0,    0,    0,    0,    0,    0,    0,    0,    0,    0,    0,    0,    0,    0,    0,    0,    0,    0,  -16,  -16,    0,    0,    0,    0,    0,    0,    0,    0,    0,    0,    0,    0,    0,    0,    0,    0,    0,    0,    0,    0,    0,    0,    0,    0,    0,    0,    0,    0,    0,    0,    0,    0,    0,    0,    0,    0,    0,    0,    0,    0,    0,    0,    0,    0,    0,    0,    0,    0,    0,    0,    0,    0,    0,   -8,    0,    0,    0,    0,    0,    0,    0,    0,    0,    0,    0,    0,    0,    0,    0,    0,    0,    0,    0,    0,    0,    0,    0,    0,    0,    0,    0,  -13,   -3,   -5,   -5,    0,    0,    0,    0,    0,    0,    0,    0,    0,    0,    0,    0,    0,    0,    0,    0,    0,    0,    0,    0,  -13,    0,
       0,    0,    0,    0,    0,    0,    0,    0,    0,    0,    0,    0,    0,    0,    0,    0,    0,    0,    0,    0,    0,    0,    0,    0,    0,    0,    0,    0,    0,    0,    0,    0,    0,    0,    0,    0,    0,    0,    0,    0,    0,    0,    0,    0,    0,    0,    0,    0,    0,    0,    0,    0,    0,    0,    0,    0,    0,    0,    0,    0,    0,    0,    0,    0,    0,    0,    0,    0,    0,    0,    0,    0,    0,    0,    0,    0,    0,    0,    0,    0,    0,    0,    0,    0,    0,    0,    0,    0,    0,    0,    0,    0,    0,    0,    0,    0,    0,    0,    0,    0,    0,    0,    0,    0,    0,    0,    0,    0,    0,    0,    0,    0,    0,    0,    0,    0,    0,    0,    0,    0,    0,    0,    0,    0,    0,    0,    0,    0,    0,    0,    0,    0,    0,    0,    0,    0,    0,    0,    0,    0,    0,    0,    0,    0,    0,    0,    0,    0,    0,    0,    0,    0,    0,    0,    0,    0,    0,  -13,    0,    0,    0,    0,    0,    0,    0,    0,    0,    0,    0,    0,    0,    0,    0,    0,    0,    0,    0,    0,    0,    0,    0,    0,    0,
       0,    0,    0,    0,    0,    0,    0,    0,    0,    0,    0,    0,    0,    0,    0,    0,    0,    0,    0,    0,    0,    0,    0,    0,    0,    0,    0,    0,    0,    0,    0,    0,    0,    0,    0,    0,    0,    0,    0,    0,    0,    0,    0,    0,    0,    0,    0,    0,    0,    0,    0,    0,    0,    0,    0,    0,    0,    0,    0,    0,    0,    0,    0,    0,    0,    0,    0,    0,    0,    0,    0,    0,    0,    0,  -21,  -16,    0,    0,    0,    0,    0,    0,    0,    0,    0,    0,    0,    0,    0,    0,    0,    0,    0,    0,    0,    0,    0,    0,    0,    0,    0,    0,    0,    0,    0,    0,    0,    0,    0,    0,    0,    0,    0,    0,    0,    0,    0,    0,    0,    0,    0,    0,    0,    0,    0,    0,    0,    0,    0,    0,    0,    0,    0,    0,    0,    0,    0,    0,    0,    0,    0,    0,    0,    0,    0,    0,    0,    0,    0,    0,    0,    0,    0,    0,    0,    0,    0,    0,    0,    0,    0,    0,    0,    0,    0,    0,    0,    0,    0,    0,    0,    0,    0,    0,    0,    0,    0,    0,    0,    0,    0,  -13,  -13,
       0,    0,    0,    0,    0,    0,    0,    0,    0,    0,    0,    0,    0,    0,    0,    0,    0,    0,    0,    0,    0,    0,    0,    0,    0,    0,    0,    0,    0,    0,    0,    0,    0,    0,    0,    0,    0,    0,    0,    0,    0,    0,    0,    0,    0,    0,    0,    0,    0,    0,    0,    0,    0,    0,    0,    0,    0,    0,    0,    0,    0,    0,    0,    0,    0,    0,    0,    0,    0,    0,    0,    0,    0,    0,  -16,  -16,    0,    0,    0,    0,    0,    0,    0,    0,    0,    0,    0,    0,    0,    0,    0,    0,    0,    0,    0,    0,    0,    0,    0,    0,    0,    0,    0,    0,    0,    0,    0,    0,    0,    0,    0,    0,    0,    0,    0,    0,    0,    0,    0,    0,    0,    0,    0,    0,    0,    0,    0,    0,    0,    0,    0,    0,    0,    0,    0,    0,    0,    0,    0,    0,    0,    0,    0,   -5,   -5,    0,    0,    0,    0,    0,    0,    0,    0,    0,    0,    0,   -5,  -13,    0,    0,    0,   -8,   -8,   -8,    0,    0,    0,    0,    0,   -5,   -8,    0,    0,    0,    0,    0,    0,    0,    0,    0,    0,  -13,  -13,
       0,    0,    0,    0,    0,    0,    0,    0,    0,    0,    0,    0,    0,    0,    0,    0,    0,    0,    0,    0,    0,    0,    0,    0,    0,    0,    0,    0,    0,    0,    0,    0,    0,    0,    0,    0,    0,    0,    0,    0,    0,    0,    0,    0,    0,    0,    0,    0,    0,    0,    0,    0,    0,    0,    0,    0,    0,    0,    0,    0,    0,    0,    0,    0,    0,    0,    0,    0,    0,    0,    0,    0,    0,    0,  -13,  -13,    0,    0,    0,    0,    0,    0,    0,    0,    0,    0,    0,    0,    0,    0,    0,    0,    0,    0,    0,    0,    0,    0,    0,    0,    0,    0,    0,    0,    0,    0,    0,    0,    0,    0,    0,    0,    0,    0,    0,    0,    0,    0,    0,    0,    0,    0,    0,    0,    0,    0,    0,    0,    0,    0,    0,    0,    0,    0,    0,    0,    0,    0,    0,    0,    0,    0,    0,    0,    0,    0,    0,    0,    0,    0,    0,    0,    0,    0,    0,    0,    0,    0,    0,    0,    0,    0,    0,    0,    0,    0,    0,    0,    0,    0,    0,    0,    0,    0,    0,    0,    0,    0,    0,    0,    0,    0,    0,
       0,    0,    0,    0,    0,    0,    0,    0,    0,    0,    0,    0,    0,    0,    0,    0,    0,    0,    0,    0,    0,    0,    0,    0,    0,    0,    0,    0,    0,    0,    0,    0,    0,    0,    0,    0,    0,    0,    0,    0,    0,    0,    0,    0,    0,    0,    0,    0,    0,    0,    0,    0,    0,    0,    0,    0,    0,    0,    0,    0,    0,    0,    0,    0,    0,    0,    0,    0,    0,    0,    0,    0,    0,    0,   -5,    0,    0,    0,    0,    0,    0,    0,    0,    0,    0,    0,    0,    0,    0,    0,    0,    0,    0,    0,    0,    0,    0,    0,    0,    0,    0,    0,    0,    0,    0,    0,    0,    0,    0,    0,    0,    0,   -5,    0,    0,    0,    0,    0,    0,    0,    0,    0,    0,    0,    0,    0,    0,    0,    0,    0,    0,    0,    0,    0,    0,    0,    0,    0,    0,    0,    0,    0,    0,    0,    0,    0,    0,    0,    0,    0,    0,    0,    0,    0,    0,    0,    0,    0,    0,    0,    0,    0,    0,    0,    0,    0,    0,    0,    0,    0,    0,    0,    0,    0,    0,    0,    0,    0,    0,    0,    0,    0,    0,
       0,    0,    0,    0,    0,    0,    0,    0,    0,    0,    0,    0,    0,    0,    0,    0,    0,    0,    0,    0,    0,    0,    0,    0,    0,    0,    0,    0,    0,    0,    0,    0,    0,    0,    0,    0,    0,    0,    0,    0,    0,    0,    0,    0,    0,    0,    0,    0,    0,    0,    0,    0,    0,    0,    0,    0,    0,    0,    0,    0,    0,    0,    0,    0,    0,    0,    0,    0,    0,    0,    0,    0,    0,    0,   -3,   -3,    0,    0,    0,    0,    0,    0,    0,    0,    0,    0,    0,    0,    0,    0,    0,    0,    0,    0,    0,    0,    0,    0,    0,    0,    0,    0,  -16,  -16,    0,    0,    0,    0,    0,    0,    0,  -11,  -11,  -11,    0,    0,    0,    0,    0,    0,    0,    0,    0,    0,    0,    0,    0,    0,  -11,  -11,    0,    0,    0,    0,    0,    0,    0,    0,    0,    0,   -5,   -5,   -5,  -13,  -13,    0,    0,    0,    0,    0,   -5,    0,    0,    0,    0,    0,    0,  -16,   -5,   -3,   -3,  -16,  -16,  -16,    0,    0,    0,    0,    0,   -8,  -11,    0,    0,    0,    0,    0,    0,    0,  -13,    0,    0,    0,    0,
};

static const EpdLigaturePair notosans_8_regularLigaturePairs[] = {
    { 0x00660066, 0xFB00 }, // f f -> U+FB00
    { 0x00660069, 0xFB01 }, // f i -> U+FB01
    { 0x0066006C, 0xFB02 }, // f l -> U+FB02
    { 0xFB000069, 0xFB03 }, // U+FB00 i -> U+FB03
    { 0xFB00006C, 0xFB04 }, // U+FB00 l -> U+FB04
};

static const EpdFontData notosans_8_regular = {
    notosans_8_regularBitmaps,
    notosans_8_regularGlyphs,
    notosans_8_regularIntervals,
    659,
    23,
    18,
    -5,
    false,
    nullptr,
    0,
    nullptr,
    notosans_8_regularKernLeftClasses,
    notosans_8_regularKernRightClasses,
    notosans_8_regularKernMatrix,
    523,
    510,
    205,
    183,
    notosans_8_regularLigaturePairs,
    5,
};
