/**
 * generated by fontconvert.py
 * name: ubuntu_12_regular
 * size: 12
 * mode: 1-bit
 * Command used: fontconvert.py ubuntu_12_regular 12 ../builtinFonts/source/Ubuntu/Ubuntu-Regular.ttf ../../../../NotoSansSC-VF.ttf C:/Windows/Fonts/NotoSansJP-VF.ttf --exclude-intervals 0x0590,0x05FF --exclude-intervals 0x01A0,0x01A1 --exclude-intervals 0x01AF,0x01B0 --exclude-intervals 0x1EA0,0x1EF9 --additional-characters ui_zh_cn_chars.txt --additional-characters ui_ja_chars.txt --additional-intervals 0x3000,0x303F --additional-intervals 0xFF00,0xFF65 --additional-intervals 0xFFA0,0xFFEF
 */
#pragma once
#include "EpdFontData.h"

static const uint8_t ubuntu_12_regularBitmaps[74021] = {
    0x73, 0x9C, 0xE7, 0x39, 0xCE, 0x73, 0x9C, 0xE0, 0x01, 0xDE, 0x70, 0xF7, 0xF7, 0xF7, 0x67, 0x67,
    0x67, 0x0E, 0x18, 0x1C, 0x70, 0x38, 0xE0, 0x71, 0xC0, 0xC3, 0x9F, 0xFF, 0xFF, 0xFF, 0x8E, 0x38,
    0x1C, 0x70, 0x30, 0xE3, 0xFF, 0xFF, 0xFF, 0xF3, 0x8E, 0x07, 0x1C, 0x0E, 0x38, 0x38, 0x60, 0x71,
    0xC0, 0x06, 0x00, 0x60, 0x06, 0x01, 0xFE, 0x7F, 0xE7, 0x8E, 0x70, 0x07, 0x00, 0x70, 0x07, 0x80,
    0x3E, 0x01, 0xF8, 0x03, 0xC0, 0x1E, 0x00, 0xF0, 0x07, 0x00, 0xF7, 0x1F, 0xFF, 0xE7, 0xFC, 0x06,
    0x00, 0x60, 0x06, 0x00, 0x3E, 0x07, 0x07, 0xF0, 0xE0, 0xF7, 0x0E, 0x0E, 0x31, 0xC0, 0xE3, 0xBC,
    0x0E, 0x3B, 0x80, 0xE3, 0x70, 0x0F, 0x77, 0x7C, 0x7F, 0xEF, 0xE3, 0xEF, 0xEE, 0x01, 0xDC, 0x60,
    0x3D, 0xC7, 0x03, 0x9C, 0x70, 0x71, 0xC6, 0x07, 0x1E, 0xE0, 0xE0, 0xFE, 0x0E, 0x07, 0xC0, 0x0F,
    0x80, 0x3F, 0xC0, 0x3D, 0xE0, 0x38, 0xE0, 0x38, 0xE0, 0x38, 0xE0, 0x3B, 0xC0, 0x1F, 0x80, 0x3F,
    0x00, 0x7F, 0x0C, 0xF3, 0x9C, 0xE1, 0xDC, 0xE0, 0xF8, 0xE0, 0x78, 0xF9, 0xF8, 0x7F, 0xFE, 0x3F,
    0x8E, 0xFF, 0xF6, 0x66, 0x06, 0x1C, 0x70, 0xE3, 0x87, 0x1E, 0x38, 0x70, 0xE1, 0xC3, 0x87, 0x0E,
    0x1C, 0x38, 0x70, 0xE1, 0xE1, 0xC3, 0x83, 0x87, 0x07, 0x06, 0xE1, 0xC1, 0xC3, 0x83, 0x87, 0x07,
    0x0E, 0x1C, 0x38, 0x70, 0xE1, 0xE3, 0x87, 0x0E, 0x1C, 0x38, 0x71, 0xC3, 0x8E, 0x1C, 0x70, 0xE0,
    0x06, 0x00, 0x60, 0x66, 0x67, 0xFE, 0x7F, 0xE0, 0xF0, 0x1F, 0x81, 0xF8, 0x39, 0xC1, 0x98, 0x06,
    0x00, 0x60, 0x06, 0x00, 0x60, 0x06, 0x0F, 0xFF, 0xFF, 0xF0, 0x60, 0x06, 0x00, 0x60, 0x06, 0x00,
    0x60, 0x39, 0xDE, 0xE7, 0x39, 0x80, 0xFF, 0xFC, 0xFF, 0xF0, 0x00, 0xE0, 0x0E, 0x00, 0xE0, 0x1C,
    0x01, 0xC0, 0x1C, 0x03, 0x80, 0x38, 0x03, 0x80, 0x70, 0x07, 0x00, 0x70, 0x0E, 0x00, 0xE0, 0x0E,
    0x01, 0xC0, 0x1C, 0x01, 0xC0, 0x38, 0x03, 0x80, 0x38, 0x07, 0x00, 0x70, 0x07, 0x00, 0xE0, 0x00,
    0x1F, 0x83, 0xFC, 0x79, 0xE7, 0x0E, 0xF0, 0x7E, 0x07, 0xE0, 0x7E, 0x07, 0xE0, 0x7E, 0x07, 0xE0,
    0x7E, 0x07, 0xF0, 0x77, 0x0E, 0x79, 0xE3, 0xFC, 0x1F, 0x80, 0x0F, 0x1F, 0x7F, 0xFF, 0xE7, 0x07,
    0x07, 0x07, 0x07, 0x07, 0x07, 0x07, 0x07, 0x07, 0x07, 0x07, 0x07, 0x3F, 0x87, 0xFC, 0xF3, 0xE4,
    0x0E, 0x00, 0xE0, 0x0E, 0x01, 0xE0, 0x3C, 0x07, 0x80, 0xF0, 0x1E, 0x01, 0xC0, 0x38, 0x07, 0x00,
    0x70, 0x0F, 0xFF, 0xFF, 0xF0, 0x3F, 0x87, 0xFC, 0x73, 0xC0, 0x1E, 0x00, 0xE0, 0x1E, 0x03, 0xC1,
    0xF8, 0x1F, 0xC0, 0x7E, 0x00, 0xE0, 0x0F, 0x00, 0xF0, 0x0E, 0xE3, 0xEF, 0xFC, 0xFF, 0x80, 0x01,
    0xC0, 0x1E, 0x01, 0xF0, 0x1F, 0x80, 0xFC, 0x0E, 0xE0, 0xE7, 0x07, 0x38, 0x71, 0xC3, 0x0E, 0x38,
    0x71, 0xFF, 0xEF, 0xFF, 0x00, 0xE0, 0x07, 0x00, 0x38, 0x01, 0xC0, 0x3F, 0xE3, 0xFE, 0x38, 0x03,
    0x80, 0x30, 0x03, 0x00, 0x7F, 0x07, 0xFC, 0x0F, 0xE0, 0x1E, 0x00, 0xF0, 0x0F, 0x00, 0xF0, 0x0E,
    0x63, 0xEF, 0xFC, 0x7F, 0x80, 0x03, 0xE0, 0xFE, 0x1F, 0xC3, 0xC0, 0x78, 0x07, 0x00, 0x7F, 0xCF,
    0xFE, 0xF9, 0xFE, 0x07, 0xE0, 0x7F, 0x07, 0xF0, 0x77, 0x0F, 0x7D, 0xE3, 0xFE, 0x1F, 0x80, 0xFF,
    0xFF, 0xFF, 0x00, 0xF0, 0x1E, 0x01, 0xC0, 0x3C, 0x03, 0x80, 0x70, 0x07, 0x00, 0x70, 0x0E, 0x00,
    0xE0, 0x0E, 0x01, 0xC0, 0x1C, 0x01, 0xC0, 0x1C, 0x00, 0x1F, 0x83, 0xFE, 0x79, 0xE7, 0x0F, 0xF0,
    0x77, 0x0E, 0x78, 0xE7, 0xFC, 0x3F, 0xC7, 0xFE, 0x71, 0xFE, 0x07, 0xE0, 0x7E, 0x07, 0xF9, 0xF7,
    0xFE, 0x3F, 0xC0, 0x1F, 0x87, 0xFC, 0x79, 0xEF, 0x0E, 0xE0, 0xFE, 0x07, 0xE0, 0x7F, 0x9F, 0x7F,
    0xF3, 0xFF, 0x00, 0xE0, 0x0E, 0x01, 0xE0, 0x3C, 0x1F, 0x87, 0xF0, 0x7C, 0x00, 0xFF, 0xF0, 0x00,
    0x00, 0x00, 0xFF, 0xF0, 0x7B, 0xDE, 0x00, 0x00, 0x00, 0x00, 0x0E, 0x77, 0xB9, 0xCE, 0x60, 0x00,
    0x70, 0x1F, 0x0F, 0xE3, 0xF8, 0xFC, 0x0F, 0x00, 0xFC, 0x03, 0xF8, 0x0F, 0xE0, 0x1F, 0x00, 0x70,
    0xFF, 0xFF, 0xFF, 0x00, 0x00, 0x00, 0x00, 0x0F, 0xFF, 0xFF, 0xF0, 0xE0, 0x0F, 0x80, 0x7F, 0x00,
    0xFC, 0x03, 0xF0, 0x0F, 0x03, 0xF0, 0xFC, 0x7F, 0x0F, 0x80, 0xE0, 0x00, 0x7F, 0x3F, 0xE6, 0x7C,
    0x0F, 0x01, 0xC0, 0xE0, 0x78, 0x3C, 0x0E, 0x07, 0x01, 0xC0, 0x60, 0x00, 0x00, 0x01, 0xC0, 0xF0,
    0x1C, 0x00, 0x01, 0xFE, 0x00, 0x1F, 0xFE, 0x00, 0xFC, 0xFC, 0x07, 0x80, 0x78, 0x3C, 0x00, 0x71,
    0xE3, 0xFD, 0xE7, 0x1F, 0xF3, 0x9C, 0xF9, 0xCE, 0xE3, 0x87, 0x3B, 0x8E, 0x1C, 0x6E, 0x78, 0x71,
    0xB9, 0xE1, 0xCE, 0xE3, 0x87, 0x3B, 0x8E, 0x1C, 0xE7, 0x3C, 0xF7, 0x9C, 0x7F, 0xFC, 0x78, 0xFF,
    0xE0, 0xF0, 0x00, 0x01, 0xE0, 0x00, 0x07, 0xF0, 0x80, 0x07, 0xFF, 0x00, 0x07, 0xFC, 0x00, 0x01,
    0xC0, 0x01, 0xF0, 0x00, 0xF8, 0x00, 0xFC, 0x00, 0x77, 0x00, 0x73, 0x80, 0x39, 0xE0, 0x3C, 0x70,
    0x1C, 0x3C, 0x0E, 0x0E, 0x0F, 0x07, 0x07, 0xFF, 0xC3, 0xFF, 0xE3, 0x80, 0x71, 0xC0, 0x3D, 0xE0,
    0x0E, 0xE0, 0x07, 0x80, 0xFF, 0xC7, 0xFF, 0x38, 0xFD, 0xC0, 0xEE, 0x07, 0x70, 0x3B, 0x87, 0xDF,
    0xFC, 0xFF, 0xF7, 0x0F, 0xB8, 0x1F, 0xC0, 0x7E, 0x03, 0xF0, 0x3F, 0x87, 0xDF, 0xFE, 0xFF, 0xC0,
    0x07, 0xF8, 0x7F, 0xF3, 0xF3, 0xDE, 0x00, 0x78, 0x01, 0xC0, 0x0F, 0x00, 0x38, 0x00, 0xE0, 0x03,
    0x80, 0x0F, 0x00, 0x3C, 0x00, 0x70, 0x01, 0xE0, 0x03, 0xF1, 0xC7, 0xFF, 0x07, 0xF8, 0xFF, 0xC1,
    0xFF, 0xC3, 0x87, 0xE7, 0x03, 0xCE, 0x03, 0xDC, 0x03, 0xB8, 0x07, 0xF0, 0x0F, 0xE0, 0x1F, 0xC0,
    0x3F, 0x80, 0x7F, 0x00, 0xEE, 0x03, 0xDC, 0x0F, 0x38, 0x7E, 0x7F, 0xF0, 0xFF, 0xC0, 0xFF, 0xEF,
    0xFE, 0xE0, 0x0E, 0x00, 0xE0, 0x0E, 0x00, 0xE0, 0x0F, 0xFC, 0xFF, 0xCE, 0x00, 0xE0, 0x0E, 0x00,
    0xE0, 0x0E, 0x00, 0xE0, 0x0F, 0xFF, 0xFF, 0xF0, 0xFF, 0xFF, 0xFF, 0x80, 0x70, 0x0E, 0x01, 0xC0,
    0x38, 0x07, 0xFE, 0xFF, 0xDC, 0x03, 0x80, 0x70, 0x0E, 0x01, 0xC0, 0x38, 0x07, 0x00, 0xE0, 0x00,
    0x07, 0xF8, 0x3F, 0xF8, 0xFC, 0xF3, 0xC0, 0x07, 0x80, 0x0E, 0x00, 0x3C, 0x00, 0x70, 0x00, 0xE0,
    0x01, 0xC0, 0x3F, 0xC0, 0x7F, 0x80, 0xF7, 0x01, 0xEF, 0x03, 0xCF, 0xC7, 0x8F, 0xFF, 0x07, 0xFC,
    0xE0, 0x1F, 0x80, 0x7E, 0x01, 0xF8, 0x07, 0xE0, 0x1F, 0x80, 0x7E, 0x01, 0xFF, 0xFF, 0xFF, 0xFF,
    0x80, 0x7E, 0x01, 0xF8, 0x07, 0xE0, 0x1F, 0x80, 0x7E, 0x01, 0xF8, 0x07, 0xE0, 0x1C, 0xFF, 0xFF,
    0xFF, 0xFF, 0xFF, 0xFF, 0xE0, 0x00, 0xE0, 0x1C, 0x03, 0x80, 0x70, 0x0E, 0x01, 0xC0, 0x38, 0x07,
    0x00, 0xE0, 0x1C, 0x03, 0x80, 0x70, 0x0E, 0x03, 0xF9, 0xF7, 0xFE, 0x7F, 0x00, 0xE0, 0x7B, 0x83,
    0xCE, 0x1E, 0x38, 0xF0, 0xE7, 0x83, 0xBC, 0x0F, 0xE0, 0x3F, 0x00, 0xFE, 0x03, 0xFC, 0x0E, 0xF8,
    0x39, 0xF0, 0xE3, 0xE3, 0x87, 0xCE, 0x0F, 0x38, 0x1E, 0xE0, 0x3C, 0xE0, 0x1C, 0x03, 0x80, 0x70,
    0x0E, 0x01, 0xC0, 0x38, 0x07, 0x00, 0xE0, 0x1C, 0x03, 0x80, 0x70, 0x0E, 0x01, 0xC0, 0x38, 0x07,
    0xFF, 0xFF, 0xE0, 0x38, 0x01, 0xC7, 0x80, 0x1C, 0x7C, 0x03, 0xC7, 0xC0, 0x3E, 0x7E, 0x06, 0xE7,
    0x60, 0x6E, 0x77, 0x0C, 0xE7, 0x30, 0xCE, 0x73, 0x1C, 0xE7, 0x39, 0x8E, 0x71, 0x98, 0xE7, 0x1F,
    0x8E, 0x70, 0xF0, 0xEF, 0x0F, 0x0E, 0xF0, 0xE0, 0xEE, 0x00, 0x0E, 0xE0, 0x00, 0xE0, 0xE0, 0x1D,
    0xE0, 0x3B, 0xE0, 0x77, 0xE0, 0xEF, 0xC1, 0xDD, 0xC3, 0xBB, 0xC7, 0x73, 0xCE, 0xE3, 0x9D, 0xC3,
    0xBB, 0x87, 0xF7, 0x07, 0xEE, 0x07, 0xDC, 0x0F, 0xB8, 0x0F, 0x70, 0x0E, 0xE0, 0x1C, 0x07, 0xF8,
    0x0F, 0xFE, 0x0F, 0xCF, 0x8F, 0x01, 0xE7, 0x00, 0x7B, 0x80, 0x3F, 0xC0, 0x0F, 0xC0, 0x07, 0xE0,
    0x03, 0xF0, 0x01, 0xFC, 0x00, 0xEE, 0x00, 0xF7, 0x00, 0x7B, 0xC0, 0x78, 0xFC, 0xF8, 0x3F, 0xF8,
    0x07, 0xF8, 0x00, 0xFF, 0x87, 0xFF, 0x38, 0xFD, 0xC0, 0xEE, 0x07, 0xF0, 0x3F, 0x81, 0xFC, 0x0E,
    0xE3, 0xF7, 0xFF, 0x3F, 0xF1, 0xC0, 0x0E, 0x00, 0x70, 0x03, 0x80, 0x1C, 0x00, 0xE0, 0x00, 0x07,
    0xF8, 0x0F, 0xFE, 0x0F, 0xCF, 0x8F, 0x01, 0xE7, 0x00, 0x7B, 0x80, 0x3F, 0xC0, 0x0F, 0xC0, 0x07,
    0xE0, 0x03, 0xF0, 0x01, 0xFC, 0x00, 0xEE, 0x00, 0xF7, 0x00, 0x7B, 0xC0, 0x78, 0xFC, 0xF8, 0x3F,
    0xF8, 0x07, 0xF8, 0x00, 0x70, 0x00, 0x3C, 0x00, 0x0F, 0xC0, 0x03, 0xF0, 0x00, 0x78, 0xFF, 0xC3,
    0xFF, 0x8E, 0x3F, 0x38, 0x1C, 0xE0, 0x7B, 0x81, 0xEE, 0x07, 0x38, 0x7C, 0xFF, 0xE3, 0xFF, 0x0E,
    0x3C, 0x38, 0x70, 0xE0, 0xE3, 0x83, 0xCE, 0x07, 0x38, 0x1E, 0xE0, 0x38, 0x1F, 0xE1, 0xFF, 0x9F,
    0x1C, 0xE0, 0x07, 0x00, 0x3C, 0x00, 0xF8, 0x03, 0xE0, 0x07, 0xC0, 0x0F, 0x80, 0x3C, 0x00, 0xF0,
    0x03, 0x80, 0x3D, 0xE7, 0xCF, 0xFE, 0x3F, 0xC0, 0xFF, 0xFF, 0xFF, 0xF0, 0x78, 0x01, 0xE0, 0x07,
    0x80, 0x1E, 0x00, 0x78, 0x01, 0xE0, 0x07, 0x80, 0x1E, 0x00, 0x78, 0x01, 0xE0, 0x07, 0x80, 0x1E,
    0x00, 0x78, 0x01, 0xE0, 0x07, 0x80, 0xE0, 0x3F, 0x80, 0xFE, 0x03, 0xF8, 0x0F, 0xE0, 0x3F, 0x80,
    0xFE, 0x03, 0xF8, 0x0F, 0xE0, 0x3F, 0x80, 0xFE, 0x03, 0xF8, 0x0E, 0xE0, 0x3B, 0xC1, 0xE7, 0xCF,
    0x0F, 0xFC, 0x1F, 0xC0, 0xE0, 0x07, 0x78, 0x03, 0x9C, 0x03, 0xCF, 0x01, 0xC7, 0x80, 0xE1, 0xC0,
    0xF0, 0xF0, 0x70, 0x38, 0x78, 0x1C, 0x38, 0x0F, 0x1C, 0x03, 0x9E, 0x01, 0xEE, 0x00, 0x7F, 0x00,
    0x3F, 0x00, 0x0F, 0x80, 0x07, 0x80, 0x03, 0xC0, 0x00, 0xF0, 0x00, 0x0E, 0xE0, 0x00, 0x3D, 0xC0,
    0xE0, 0x73, 0x81, 0xE0, 0xE7, 0x07, 0xC1, 0xCF, 0x0F, 0x83, 0x8E, 0x1F, 0x8F, 0x1C, 0x77, 0x1C,
    0x38, 0xEE, 0x38, 0x79, 0xCE, 0x70, 0x77, 0x1C, 0xE0, 0xEE, 0x3B, 0x81, 0xDC, 0x3F, 0x03, 0xF0,
    0x7E, 0x03, 0xE0, 0x78, 0x07, 0x80, 0xF0, 0x0F, 0x01, 0xE0, 0x70, 0x1E, 0x78, 0x1C, 0x3C, 0x3C,
    0x1C, 0x78, 0x1E, 0x70, 0x0F, 0xF0, 0x07, 0xE0, 0x03, 0xC0, 0x03, 0xC0, 0x07, 0xE0, 0x0F, 0xE0,
    0x0E, 0xF0, 0x1E, 0x78, 0x3C, 0x3C, 0x38, 0x1C, 0x78, 0x1E, 0xF0, 0x0E, 0xF0, 0x1E, 0xE0, 0x39,
    0xE0, 0xF1, 0xC1, 0xC3, 0xC7, 0x83, 0xDE, 0x03, 0xB8, 0x07, 0xF0, 0x07, 0xC0, 0x07, 0x00, 0x0E,
    0x00, 0x1C, 0x00, 0x38, 0x00, 0x70, 0x00, 0xE0, 0x01, 0xC0, 0x03, 0x80, 0x7F, 0xFD, 0xFF, 0xF0,
    0x07, 0x80, 0x3C, 0x00, 0xE0, 0x07, 0x80, 0x3C, 0x01, 0xE0, 0x07, 0x00, 0x3C, 0x01, 0xE0, 0x07,
    0x00, 0x3C, 0x01, 0xE0, 0x07, 0x00, 0x3F, 0xFF, 0xFF, 0xFC, 0xFD, 0xFB, 0x87, 0x0E, 0x1C, 0x38,
    0x70, 0xE1, 0xC3, 0x87, 0x0E, 0x1C, 0x38, 0x70, 0xE1, 0xC3, 0x87, 0x0E, 0x1C, 0x38, 0x7E, 0xFC,
    0xE0, 0x07, 0x00, 0x70, 0x07, 0x00, 0x38, 0x03, 0x80, 0x38, 0x01, 0xC0, 0x1C, 0x01, 0xC0, 0x0E,
    0x00, 0xE0, 0x0E, 0x00, 0x70, 0x07, 0x00, 0x70, 0x03, 0x80, 0x38, 0x03, 0x80, 0x1C, 0x01, 0xC0,
    0x1C, 0x00, 0xE0, 0x0E, 0x00, 0xE0, 0xFF, 0xF1, 0xC7, 0x1C, 0x71, 0xC7, 0x1C, 0x71, 0xC7, 0x1C,
    0x71, 0xC7, 0x1C, 0x71, 0xC7, 0x1C, 0x71, 0xFF, 0xFC, 0x0F, 0x00, 0xF0, 0x1F, 0x81, 0xDC, 0x39,
    0xC7, 0x0E, 0x70, 0xEE, 0x07, 0xE0, 0x70, 0x7F, 0xFD, 0xFF, 0xF0, 0x63, 0xC7, 0x0E, 0x18, 0x7F,
    0x8F, 0xF9, 0x8F, 0x00, 0xE0, 0x0E, 0x7F, 0xDF, 0xFF, 0xCF, 0xE0, 0xFC, 0x1F, 0xC7, 0xFF, 0xF3,
    0xFC, 0xE0, 0x0E, 0x00, 0xE0, 0x0E, 0x00, 0xE0, 0x0E, 0x00, 0xFF, 0x8F, 0xFC, 0xF3, 0xEE, 0x0E,
    0xE0, 0xFE, 0x07, 0xE0, 0x7E, 0x07, 0xE0, 0xFE, 0x0E, 0xE3, 0xEF, 0xFC, 0xFF, 0x80, 0x1F, 0xC7,
    0xF9, 0xF3, 0x38, 0x0E, 0x01, 0xC0, 0x38, 0x07, 0x00, 0xE0, 0x1E, 0x01, 0xF3, 0x1F, 0xE1, 0xFC,
    0x00, 0x70, 0x07, 0x00, 0x70, 0x07, 0x00, 0x70, 0x07, 0x1F, 0xF3, 0xFF, 0x79, 0xFF, 0x07, 0xE0,
    0x7E, 0x07, 0xE0, 0x7E, 0x07, 0xE0, 0x7F, 0x07, 0x7C, 0x73, 0xFF, 0x1F, 0xF0, 0x1F, 0x83, 0xFE,
    0x79, 0xEF, 0x0F, 0xE0, 0x7F, 0xFF, 0xFF, 0xFE, 0x00, 0xE0, 0x0F, 0x00, 0x7C, 0x63, 0xFE, 0x1F,
    0xE0, 0x3F, 0x7F, 0xF3, 0xE0, 0xE0, 0xE0, 0xFF, 0xFF, 0xE0, 0xE0, 0xE0, 0xE0, 0xE0, 0xE0, 0xE0,
    0xE0, 0xE0, 0xE0, 0xE0, 0x1F, 0xF3, 0xFF, 0x7C, 0xF7, 0x07, 0xE0, 0x7E, 0x07, 0xE0, 0x7E, 0x07,
    0xE0, 0x7F, 0x07, 0x7D, 0xF3, 0xFF, 0x1F, 0xF0, 0x07, 0x00, 0xF7, 0x1E, 0x7F, 0xE7, 0xF8, 0xE0,
    0x1C, 0x03, 0x80, 0x70, 0x0E, 0x01, 0xC0, 0x3F, 0xE7, 0xFE, 0xF3, 0xDC, 0x3F, 0x83, 0xF0, 0x7E,
    0x0F, 0xC1, 0xF8, 0x3F, 0x07, 0xE0, 0xFC, 0x1F, 0x83, 0x80, 0xFF, 0x00, 0x07, 0x77, 0x77, 0x77,
    0x77, 0x77, 0x77, 0x1E, 0x3C, 0x00, 0x00, 0x01, 0xC3, 0x87, 0x0E, 0x1C, 0x38, 0x70, 0xE1, 0xC3,
    0x87, 0x0E, 0x1C, 0x38, 0xF3, 0xDF, 0xBE, 0x00, 0xE0, 0x1C, 0x03, 0x80, 0x70, 0x0E, 0x01, 0xC0,
    0x38, 0x77, 0x1C, 0xEF, 0x1F, 0xC3, 0xF0, 0x7C, 0x0F, 0xC1, 0xFC, 0x3B, 0xC7, 0x3C, 0xE3, 0xDC,
    0x3B, 0x87, 0x80, 0x71, 0xC7, 0x1C, 0x71, 0xC7, 0x1C, 0x71, 0xC7, 0x1C, 0x71, 0xC7, 0x1C, 0x79,
    0xF3, 0x80, 0xFF, 0x7F, 0x3F, 0xFF, 0xEE, 0x3E, 0x7F, 0x87, 0x07, 0xE1, 0xC1, 0xF8, 0x70, 0x7E,
    0x1C, 0x1F, 0x87, 0x07, 0xE1, 0xC1, 0xF8, 0x70, 0x7E, 0x1C, 0x1F, 0x87, 0x07, 0xE1, 0xC1, 0xC0,
    0xFF, 0x9F, 0xFB, 0x8F, 0x70, 0xFE, 0x0F, 0xC1, 0xF8, 0x3F, 0x07, 0xE0, 0xFC, 0x1F, 0x83, 0xF0,
    0x7E, 0x0E, 0x1F, 0xC1, 0xFF, 0x1E, 0x7C, 0xE0, 0xEE, 0x07, 0xF0, 0x1F, 0x80, 0xFC, 0x07, 0xE0,
    0x7B, 0x83, 0x9E, 0x7C, 0x7F, 0xC1, 0xFC, 0x00, 0xFF, 0x8F, 0xFC, 0xE3, 0xEE, 0x0E, 0xE0, 0xFE,
    0x07, 0xE0, 0x7E, 0x07, 0xE0, 0xFE, 0x0E, 0xF3, 0xEF, 0xFC, 0xFF, 0x8E, 0x00, 0xE0, 0x0E, 0x00,
    0xE0, 0x0E, 0x00, 0x1F, 0xF3, 0xFF, 0x7C, 0x7F, 0x07, 0xE0, 0x7E, 0x07, 0xE0, 0x7E, 0x07, 0xE0,
    0x7F, 0x07, 0x79, 0xF3, 0xFF, 0x1F, 0xF0, 0x07, 0x00, 0x70, 0x07, 0x00, 0x70, 0x07, 0xFF, 0xFF,
    0xE2, 0xE0, 0xE0, 0xE0, 0xE0, 0xE0, 0xE0, 0xE0, 0xE0, 0xE0, 0xE0, 0x3F, 0xBF, 0xEF, 0x33, 0x80,
    0xF0, 0x3F, 0x03, 0xF0, 0x3E, 0x03, 0x80, 0xFE, 0x7B, 0xFE, 0xFF, 0x00, 0x70, 0x78, 0x3C, 0x1E,
    0x0F, 0xF7, 0xFB, 0xC1, 0xE0, 0xF0, 0x78, 0x3C, 0x1E, 0x0F, 0x03, 0x81, 0xE4, 0xFF, 0x3F, 0x80,
    0xF0, 0x7F, 0x07, 0xF0, 0x7F, 0x07, 0xF0, 0x7F, 0x07, 0xF0, 0x7F, 0x07, 0x70, 0x77, 0x07, 0x78,
    0xF3, 0xFF, 0x1F, 0xF0, 0xE0, 0x77, 0x83, 0x9C, 0x1C, 0xE1, 0xC7, 0x8E, 0x1C, 0x70, 0xE7, 0x03,
    0xB8, 0x1F, 0xC0, 0xFC, 0x03, 0xE0, 0x1E, 0x00, 0x70, 0x00, 0xE0, 0xE0, 0xFE, 0x1C, 0x1D, 0xC3,
    0xC3, 0xB8, 0x78, 0xE7, 0x1F, 0x1C, 0x73, 0xF3, 0x8E, 0x6E, 0xE1, 0xDD, 0xDC, 0x1F, 0x9B, 0x83,
    0xE3, 0xE0, 0x7C, 0x7C, 0x07, 0x87, 0x80, 0xE0, 0xE0, 0x70, 0x73, 0xC7, 0x0E, 0x78, 0x3B, 0x81,
    0xF8, 0x07, 0x80, 0x3C, 0x01, 0xF0, 0x1F, 0xC1, 0xEF, 0x0E, 0x38, 0xE1, 0xEF, 0x07, 0x00, 0xE0,
    0x7F, 0x07, 0x70, 0x77, 0x0E, 0x78, 0xE3, 0x8E, 0x38, 0xC1, 0xDC, 0x1D, 0xC1, 0xF8, 0x0F, 0x80,
    0xF8, 0x07, 0x00, 0x70, 0x07, 0x09, 0xE0, 0xFC, 0x0F, 0x80, 0x7F, 0xEF, 0xFC, 0x07, 0x81, 0xE0,
    0x78, 0x1E, 0x03, 0x80, 0xF0, 0x3C, 0x0F, 0x01, 0xC0, 0x3F, 0xF7, 0xFE, 0x0E, 0x1F, 0x3C, 0x38,
    0x38, 0x38, 0x38, 0x38, 0x38, 0x38, 0x38, 0x70, 0xE0, 0xF0, 0x78, 0x38, 0x38, 0x38, 0x38, 0x38,
    0x38, 0x38, 0x3C, 0x1F, 0x1F, 0xFF, 0xFF, 0xFF, 0xFF, 0xFF, 0xFF, 0xFF, 0xFF, 0xFF, 0xE0, 0xF0,
    0xF8, 0x78, 0x38, 0x38, 0x38, 0x38, 0x38, 0x38, 0x18, 0x1C, 0x1E, 0x0F, 0x1F, 0x1E, 0x1C, 0x38,
    0x38, 0x38, 0x38, 0x38, 0x38, 0x78, 0xF8, 0xF0, 0x7C, 0x3F, 0xF7, 0xEF, 0xFC, 0x3E, 0x77, 0x9C,
    0x00, 0x39, 0xCE, 0x73, 0x9C, 0xE7, 0x39, 0xCE, 0x73, 0x80, 0x06, 0x01, 0x80, 0x60, 0x7F, 0x3F,
    0xDF, 0x3F, 0x03, 0x80, 0xE0, 0x38, 0x0E, 0x03, 0x80, 0xF0, 0x1F, 0x33, 0xFC, 0x7F, 0x06, 0x01,
    0x80, 0x60, 0x07, 0xF0, 0xFF, 0x1E, 0x61, 0xC0, 0x1C, 0x03, 0xC0, 0x3C, 0x03, 0xC0, 0xFF, 0xCF,
    0xFC, 0x3C, 0x03, 0x80, 0x38, 0x03, 0x80, 0x38, 0x03, 0xFF, 0x3F, 0xF0, 0x60, 0x7F, 0xFF, 0x7F,
    0xE7, 0x9E, 0x70, 0xE7, 0x06, 0x70, 0x67, 0x0E, 0x79, 0xE7, 0xFE, 0xFF, 0xF6, 0x07, 0xF0, 0x3D,
    0xC0, 0xE7, 0x87, 0x8E, 0x1C, 0x1C, 0xE0, 0x7B, 0x80, 0xFC, 0x01, 0xF0, 0x7F, 0xF9, 0xFF, 0xE0,
    0x38, 0x00, 0xE0, 0x7F, 0xF9, 0xFF, 0xE0, 0x38, 0x00, 0xE0, 0x03, 0x80, 0xFF, 0xFF, 0xFF, 0xFC,
    0x00, 0x07, 0xFF, 0xFF, 0xFF, 0xE0, 0x3F, 0xCF, 0xF9, 0xE7, 0x38, 0x07, 0x00, 0xF8, 0x1F, 0xC7,
    0xFE, 0xE3, 0xDC, 0x1F, 0x83, 0xF8, 0xE7, 0xFC, 0x7F, 0x01, 0xF0, 0x0E, 0x01, 0xDC, 0x7B, 0xFE,
    0x7F, 0x80, 0x73, 0xBB, 0xDC, 0xE0, 0x07, 0xF8, 0x03, 0xFF, 0x81, 0xF3, 0xF0, 0xE0, 0x1E, 0x73,
    0xFB, 0x9D, 0xFE, 0x7E, 0x7B, 0x1F, 0xB8, 0x07, 0xEE, 0x00, 0xFB, 0x80, 0x7E, 0x79, 0x9D, 0xDF,
    0xE7, 0x73, 0xFB, 0x8E, 0x01, 0xE1, 0xF1, 0xF0, 0x3F, 0xF8, 0x07, 0xF8, 0x00, 0x3F, 0x1F, 0x88,
    0xE7, 0xF7, 0xFB, 0x9D, 0xCE, 0xFF, 0x3F, 0x80, 0x0C, 0x61, 0xCF, 0x3C, 0xE3, 0x9C, 0x7B, 0xC7,
    0x38, 0x7B, 0xC3, 0x9C, 0x3C, 0xE1, 0xCF, 0x0C, 0x60, 0xFF, 0xFF, 0xFF, 0x00, 0x70, 0x07, 0x00,
    0x70, 0x07, 0x00, 0x70, 0x07, 0x00, 0x70, 0xFF, 0xFC, 0x07, 0xF8, 0x03, 0xFF, 0x81, 0xF3, 0xF0,
    0xE0, 0x1E, 0x77, 0xF3, 0x9D, 0xFE, 0x7E, 0x73, 0x9F, 0x9C, 0xE7, 0xE7, 0xF8, 0xF9, 0xFC, 0x7E,
    0x77, 0x1D, 0xDC, 0xE7, 0x77, 0x1F, 0x8E, 0x01, 0xE1, 0xF1, 0xF0, 0x3F, 0xF8, 0x07, 0xF8, 0x00,
    0xFF, 0xFF, 0x3E, 0x7E, 0xF7, 0xE3, 0xF7, 0x7E, 0x3E, 0x06, 0x00, 0x60, 0x06, 0x00, 0x60, 0x06,
    0x0F, 0xFF, 0xFF, 0xF0, 0x60, 0x06, 0x00, 0x60, 0x06, 0x00, 0x60, 0x00, 0x0F, 0xFF, 0xFF, 0xF0,
    0x7E, 0x7F, 0x67, 0x07, 0x0E, 0x1C, 0x38, 0x70, 0x7F, 0x7F, 0x7E, 0x7E, 0x6F, 0x3E, 0x3E, 0x0F,
    0x07, 0x67, 0x7F, 0x7E, 0x19, 0xDD, 0xCC, 0x00, 0xE0, 0xFC, 0x1F, 0x83, 0xF0, 0x7E, 0x0F, 0xC1,
    0xF8, 0x3F, 0x07, 0xE0, 0xFC, 0x1F, 0xE7, 0xFF, 0xFF, 0xFF, 0xC0, 0x38, 0x07, 0x00, 0xE0, 0x1C,
    0x00, 0x1F, 0xF9, 0xFF, 0xDF, 0xCF, 0xFE, 0x7F, 0xF3, 0xFF, 0x9F, 0xFC, 0xFF, 0xE7, 0xFF, 0x3B,
    0xF9, 0xC7, 0xCE, 0x06, 0x70, 0x33, 0x81, 0x9C, 0x0C, 0xE0, 0x67, 0x03, 0x38, 0x19, 0xC0, 0xCE,
    0x06, 0x70, 0x33, 0x81, 0x9C, 0xFF, 0xF0, 0x38, 0xE3, 0x87, 0x7F, 0xE0, 0x3B, 0xFF, 0xF1, 0x8C,
    0x63, 0x18, 0xC0, 0x3E, 0x1F, 0xCF, 0x7B, 0x86, 0xC1, 0xB8, 0x6F, 0x79, 0xFC, 0x3E, 0x00, 0xC7,
    0x1C, 0xE1, 0xCE, 0x3D, 0xE3, 0x9C, 0x7B, 0xCE, 0x73, 0xDE, 0x73, 0x9C, 0xE3, 0x1C, 0x00, 0x38,
    0x00, 0x03, 0xC0, 0x38, 0x3E, 0x03, 0x81, 0xF0, 0x1C, 0x01, 0x81, 0xC0, 0x0C, 0x0E, 0x00, 0x60,
    0xE0, 0x03, 0x07, 0x00, 0x18, 0x70, 0xE0, 0xC7, 0x0F, 0x00, 0x38, 0x78, 0x03, 0x87, 0xC0, 0x1C,
    0x76, 0x01, 0xC3, 0x30, 0x0E, 0x3F, 0xE0, 0xE1, 0xFF, 0x0E, 0x00, 0x60, 0x70, 0x03, 0x00, 0x38,
    0x00, 0x07, 0x80, 0xE0, 0xF8, 0x0E, 0x0F, 0x81, 0xC0, 0x18, 0x1C, 0x01, 0x83, 0x80, 0x18, 0x38,
    0x01, 0x87, 0x00, 0x18, 0xE7, 0xE1, 0x8E, 0xFE, 0x01, 0xC6, 0x70, 0x1C, 0x06, 0x03, 0x80, 0xE0,
    0x38, 0x1C, 0x07, 0x03, 0x80, 0xE0, 0x70, 0x0E, 0x07, 0xF1, 0xC0, 0x7F, 0x7E, 0x00, 0x01, 0xF8,
    0x0E, 0x06, 0xF0, 0x38, 0x0F, 0x81, 0xC0, 0x3E, 0x07, 0x00, 0x3C, 0x38, 0x00, 0x71, 0xC0, 0x19,
    0xC7, 0x00, 0x7F, 0x38, 0x71, 0xF8, 0xE3, 0xC0, 0x07, 0x0F, 0x00, 0x1C, 0x7C, 0x00, 0xE3, 0xB0,
    0x07, 0x0C, 0xC0, 0x1C, 0x7F, 0xC0, 0xE1, 0xFF, 0x03, 0x80, 0x30, 0x1C, 0x00, 0xC0, 0x0E, 0x03,
    0xC0, 0xE0, 0x00, 0x00, 0x01, 0x80, 0xE0, 0x38, 0x1E, 0x0F, 0x03, 0x81, 0xC0, 0x70, 0x3C, 0x0F,
    0x01, 0xE6, 0x7F, 0xCF, 0xE0, 0x07, 0x00, 0x03, 0x80, 0x00, 0xE0, 0x00, 0x38, 0x00, 0x0C, 0x00,
    0x00, 0x00, 0x00, 0x00, 0x03, 0x80, 0x03, 0xE0, 0x01, 0xF0, 0x01, 0xF8, 0x00, 0xEE, 0x00, 0xE7,
    0x00, 0x73, 0xC0, 0x78, 0xE0, 0x38, 0x78, 0x1C, 0x1C, 0x1E, 0x0E, 0x0F, 0xFF, 0x87, 0xFF, 0xC7,
    0x00, 0xE3, 0x80, 0x7B, 0xC0, 0x1D, 0xC0, 0x0F, 0x00, 0x60, 0x00, 0x70, 0x00, 0x78, 0x00, 0x38,
    0x00, 0x18, 0x00, 0x00, 0x00, 0x00, 0x00, 0x03, 0x80, 0x03, 0xE0, 0x01, 0xF0, 0x01, 0xF8, 0x00,
    0xEE, 0x00, 0xE7, 0x00, 0x73, 0xC0, 0x78, 0xE0, 0x38, 0x78, 0x1C, 0x1C, 0x1E, 0x0E, 0x0F, 0xFF,
    0x87, 0xFF, 0xC7, 0x00, 0xE3, 0x80, 0x7B, 0xC0, 0x1D, 0xC0, 0x0F, 0x01, 0x80, 0x01, 0xE0, 0x00,
    0xF8, 0x00, 0xEE, 0x00, 0x63, 0x00, 0x00, 0x00, 0x00, 0x00, 0x03, 0x80, 0x03, 0xE0, 0x01, 0xF0,
    0x01, 0xF8, 0x00, 0xEE, 0x00, 0xE7, 0x00, 0x73, 0xC0, 0x78, 0xE0, 0x38, 0x78, 0x1C, 0x1C, 0x1E,
    0x0E, 0x0F, 0xFF, 0x87, 0xFF, 0xC7, 0x00, 0xE3, 0x80, 0x7B, 0xC0, 0x1D, 0xC0, 0x0F, 0x07, 0xB8,
    0x07, 0xF8, 0x03, 0x7C, 0x00, 0x00, 0x00, 0x00, 0x00, 0x00, 0x00, 0x07, 0x00, 0x07, 0xC0, 0x03,
    0xE0, 0x03, 0xF0, 0x01, 0xDC, 0x01, 0xCE, 0x00, 0xE7, 0x80, 0xF1, 0xC0, 0x70, 0xF0, 0x38, 0x38,
    0x3C, 0x1C, 0x1F, 0xFF, 0x0F, 0xFF, 0x8E, 0x01, 0xC7, 0x00, 0xF7, 0x80, 0x3B, 0x80, 0x1E, 0x0E,
    0x70, 0x07, 0xB8, 0x03, 0x9C, 0x00, 0x00, 0x00, 0x00, 0x00, 0x0E, 0x00, 0x0F, 0x80, 0x07, 0xC0,
    0x07, 0xE0, 0x03, 0xB8, 0x03, 0x9C, 0x01, 0xCF, 0x01, 0xE3, 0x80, 0xE1, 0xE0, 0x70, 0x70, 0x78,
    0x38, 0x3F, 0xFE, 0x1F, 0xFF, 0x1C, 0x03, 0x8E, 0x01, 0xEF, 0x00, 0x77, 0x00, 0x3C, 0x03, 0xC0,
    0x01, 0xB0, 0x01, 0x98, 0x00, 0xEC, 0x00, 0x3E, 0x00, 0x1E, 0x00, 0x0F, 0x80, 0x0F, 0xC0, 0x07,
    0x70, 0x07, 0x38, 0x03, 0x9E, 0x03, 0xC7, 0x01, 0xC3, 0xC0, 0xE0, 0xE0, 0xF0, 0x70, 0x7F, 0xFC,
    0x7F, 0xFE, 0x38, 0x07, 0x1C, 0x03, 0xDE, 0x00, 0xEE, 0x00, 0x78, 0x00, 0x3F, 0xFC, 0x00, 0xFF,
    0xF8, 0x03, 0xF8, 0x00, 0x07, 0x70, 0x00, 0x1E, 0xE0, 0x00, 0x39, 0xC0, 0x00, 0xE3, 0x80, 0x03,
    0xC7, 0xFC, 0x07, 0x0F, 0xF8, 0x1C, 0x1C, 0x00, 0x78, 0x38, 0x00, 0xFF, 0xF0, 0x03, 0xFF, 0xE0,
    0x07, 0x01, 0xC0, 0x1E, 0x03, 0x80, 0x38, 0x07, 0xFF, 0xE0, 0x0F, 0xFE, 0x07, 0xF8, 0x7F, 0xF3,
    0xF3, 0xDE, 0x00, 0x78, 0x01, 0xC0, 0x0F, 0x00, 0x38, 0x00, 0xE0, 0x03, 0x80, 0x0F, 0x00, 0x3C,
    0x00, 0x70, 0x01, 0xE0, 0x03, 0xF1, 0xC7, 0xFF, 0x07, 0xF8, 0x06, 0x00, 0x3C, 0x00, 0x70, 0x01,
    0xC0, 0x1F, 0x00, 0x7C, 0x00, 0x18, 0x01, 0xC0, 0x0E, 0x00, 0x70, 0x03, 0x00, 0x00, 0x00, 0x0F,
    0xFE, 0xFF, 0xEE, 0x00, 0xE0, 0x0E, 0x00, 0xE0, 0x0E, 0x00, 0xFF, 0xCF, 0xFC, 0xE0, 0x0E, 0x00,
    0xE0, 0x0E, 0x00, 0xE0, 0x0E, 0x00, 0xFF, 0xFF, 0xFF, 0x01, 0x80, 0x38, 0x07, 0x00, 0xE0, 0x0C,
    0x00, 0x00, 0x00, 0x0F, 0xFE, 0xFF, 0xEE, 0x00, 0xE0, 0x0E, 0x00, 0xE0, 0x0E, 0x00, 0xFF, 0xCF,
    0xFC, 0xE0, 0x0E, 0x00, 0xE0, 0x0E, 0x00, 0xE0, 0x0E, 0x00, 0xFF, 0xFF, 0xFF, 0x0C, 0x00, 0xE0,
    0x1F, 0x03, 0xB8, 0x31, 0x80, 0x00, 0x00, 0x0F, 0xFE, 0xFF, 0xEE, 0x00, 0xE0, 0x0E, 0x00, 0xE0,
    0x0E, 0x00, 0xFF, 0xCF, 0xFC, 0xE0, 0x0E, 0x00, 0xE0, 0x0E, 0x00, 0xE0, 0x0E, 0x00, 0xFF, 0xFF,
    0xFF, 0x3B, 0x87, 0xBC, 0x3B, 0x80, 0x00, 0x00, 0x0F, 0xFE, 0xFF, 0xEE, 0x00, 0xE0, 0x0E, 0x00,
    0xE0, 0x0E, 0x00, 0xFF, 0xCF, 0xFC, 0xE0, 0x0E, 0x00, 0xE0, 0x0E, 0x00, 0xE0, 0x0E, 0x00, 0xFF,
    0xFF, 0xFF, 0xE3, 0xC7, 0x0E, 0x18, 0x00, 0x0E, 0x38, 0xE3, 0x8E, 0x38, 0xE3, 0x8E, 0x38, 0xE3,
    0x8E, 0x38, 0xE3, 0x8E, 0x18, 0xE7, 0x9C, 0x60, 0x00, 0x1C, 0x71, 0xC7, 0x1C, 0x71, 0xC7, 0x1C,
    0x71, 0xC7, 0x1C, 0x71, 0xC7, 0x1C, 0x18, 0x1C, 0x3E, 0x77, 0x63, 0x00, 0x00, 0x1C, 0x1C, 0x1C,
    0x1C, 0x1C, 0x1C, 0x1C, 0x1C, 0x1C, 0x1C, 0x1C, 0x1C, 0x1C, 0x1C, 0x1C, 0x1C, 0x1C, 0x67, 0x7B,
    0xD9, 0xC0, 0x00, 0x00, 0xE0, 0x70, 0x38, 0x1C, 0x0E, 0x07, 0x03, 0x81, 0xC0, 0xE0, 0x70, 0x38,
    0x1C, 0x0E, 0x07, 0x03, 0x81, 0xC0, 0xE0, 0x3F, 0xF0, 0x1F, 0xFE, 0x0E, 0x1F, 0x87, 0x01, 0xE3,
    0x80, 0x71, 0xC0, 0x3C, 0xE0, 0x0F, 0xFF, 0x07, 0xFF, 0x83, 0x9C, 0x01, 0xCE, 0x00, 0xE7, 0x00,
    0xF3, 0x80, 0x71, 0xC0, 0x78, 0xE1, 0xF8, 0x7F, 0xF8, 0x3F, 0xF0, 0x00, 0x0F, 0x60, 0x3F, 0xC0,
    0x6F, 0x00, 0x00, 0x00, 0x00, 0x00, 0x00, 0x38, 0x07, 0x78, 0x0E, 0xF8, 0x1D, 0xF8, 0x3B, 0xF0,
    0x77, 0x70, 0xEE, 0xF1, 0xDC, 0xF3, 0xB8, 0xE7, 0x70, 0xEE, 0xE1, 0xFD, 0xC1, 0xFB, 0x81, 0xF7,
    0x03, 0xEE, 0x03, 0xDC, 0x03, 0xB8, 0x07, 0x00, 0x03, 0x00, 0x01, 0xC0, 0x00, 0x70, 0x00, 0x38,
    0x00, 0x0C, 0x00, 0x00, 0x00, 0x00, 0x00, 0x0F, 0xF0, 0x1F, 0xFC, 0x1F, 0x9F, 0x1E, 0x03, 0xCE,
    0x00, 0xF7, 0x00, 0x7F, 0x80, 0x1F, 0x80, 0x0F, 0xC0, 0x07, 0xE0, 0x03, 0xF8, 0x01, 0xDC, 0x01,
    0xEE, 0x00, 0xF7, 0x80, 0xF1, 0xF9, 0xF0, 0x7F, 0xF0, 0x0F, 0xF0, 0x00, 0x70, 0x00, 0x38, 0x00,
    0x38, 0x00, 0x38, 0x00, 0x18, 0x00, 0x00, 0x00, 0x00, 0x00, 0x0F, 0xF0, 0x1F, 0xFC, 0x1F, 0x9F,
    0x1E, 0x03, 0xCE, 0x00, 0xF7, 0x00, 0x7F, 0x80, 0x1F, 0x80, 0x0F, 0xC0, 0x07, 0xE0, 0x03, 0xF8,
    0x01, 0xDC, 0x01, 0xEE, 0x00, 0xF7, 0x80, 0xF1, 0xF9, 0xF0, 0x7F, 0xF0, 0x0F, 0xF0, 0x00, 0xC0,
    0x00, 0xF0, 0x00, 0xF8, 0x00, 0xEE, 0x00, 0x63, 0x00, 0x00, 0x00, 0x00, 0x00, 0x0F, 0xF0, 0x1F,
    0xFC, 0x1F, 0x9F, 0x1E, 0x03, 0xCE, 0x00, 0xF7, 0x00, 0x7F, 0x80, 0x1F, 0x80, 0x0F, 0xC0, 0x07,
    0xE0, 0x03, 0xF8, 0x01, 0xDC, 0x01, 0xEE, 0x00, 0xF7, 0x80, 0xF1, 0xF9, 0xF0, 0x7F, 0xF0, 0x0F,
    0xF0, 0x07, 0xD8, 0x03, 0xFC, 0x03, 0xBC, 0x00, 0x00, 0x00, 0x00, 0x00, 0x00, 0x00, 0x1F, 0xE0,
    0x3F, 0xF8, 0x3F, 0x3E, 0x3C, 0x07, 0x9C, 0x01, 0xEE, 0x00, 0xFF, 0x00, 0x3F, 0x00, 0x1F, 0x80,
    0x0F, 0xC0, 0x07, 0xF0, 0x03, 0xB8, 0x03, 0xDC, 0x01, 0xEF, 0x01, 0xE3, 0xF3, 0xE0, 0xFF, 0xE0,
    0x1F, 0xE0, 0x07, 0x38, 0x03, 0xBC, 0x01, 0xCE, 0x00, 0x00, 0x00, 0x00, 0x00, 0x3F, 0xC0, 0x7F,
    0xF0, 0x7E, 0x7C, 0x78, 0x0F, 0x38, 0x03, 0xDC, 0x01, 0xFE, 0x00, 0x7E, 0x00, 0x3F, 0x00, 0x1F,
    0x80, 0x0F, 0xE0, 0x07, 0x70, 0x07, 0xB8, 0x03, 0xDE, 0x03, 0xC7, 0xE7, 0xC1, 0xFF, 0xC0, 0x3F,
    0xC0, 0x40, 0x9C, 0x3B, 0xCF, 0x3F, 0xC3, 0xF0, 0x3C, 0x0F, 0xC3, 0xFC, 0xF3, 0xDC, 0x39, 0x02,
    0x00, 0x00, 0x03, 0x03, 0xFD, 0xC7, 0xFF, 0xC7, 0xE7, 0xC7, 0x81, 0xF3, 0x81, 0xF9, 0xC0, 0xFF,
    0xE0, 0xE7, 0xE0, 0xE3, 0xF0, 0xE1, 0xF8, 0xF0, 0xFE, 0xF0, 0x77, 0x70, 0x3B, 0xF0, 0x3D, 0xF0,
    0x3C, 0x7E, 0x7C, 0x7F, 0xFC, 0x3B, 0xFC, 0x18, 0x00, 0x00, 0x0C, 0x00, 0x38, 0x00, 0xF0, 0x01,
    0xC0, 0x03, 0x00, 0x00, 0x00, 0x00, 0x38, 0x0F, 0xE0, 0x3F, 0x80, 0xFE, 0x03, 0xF8, 0x0F, 0xE0,
    0x3F, 0x80, 0xFE, 0x03, 0xF8, 0x0F, 0xE0, 0x3F, 0x80, 0xFE, 0x03, 0xB8, 0x0E, 0xF0, 0x79, 0xF3,
    0xC3, 0xFF, 0x07, 0xF0, 0x01, 0xC0, 0x0F, 0x00, 0x38, 0x01, 0xC0, 0x06, 0x00, 0x00, 0x00, 0x00,
    0x38, 0x0F, 0xE0, 0x3F, 0x80, 0xFE, 0x03, 0xF8, 0x0F, 0xE0, 0x3F, 0x80, 0xFE, 0x03, 0xF8, 0x0F,
    0xE0, 0x3F, 0x80, 0xFE, 0x03, 0xB8, 0x0E, 0xF0, 0x79, 0xF3, 0xC3, 0xFF, 0x07, 0xF0, 0x03, 0x00,
    0x1C, 0x00, 0xF8, 0x07, 0x70, 0x18, 0xC0, 0x00, 0x00, 0x00, 0x38, 0x0F, 0xE0, 0x3F, 0x80, 0xFE,
    0x03, 0xF8, 0x0F, 0xE0, 0x3F, 0x80, 0xFE, 0x03, 0xF8, 0x0F, 0xE0, 0x3F, 0x80, 0xFE, 0x03, 0xB8,
    0x0E, 0xF0, 0x79, 0xF3, 0xC3, 0xFF, 0x07, 0xF0, 0x1D, 0xC0, 0xF7, 0x81, 0xDC, 0x00, 0x00, 0x00,
    0x03, 0x80, 0xFE, 0x03, 0xF8, 0x0F, 0xE0, 0x3F, 0x80, 0xFE, 0x03, 0xF8, 0x0F, 0xE0, 0x3F, 0x80,
    0xFE, 0x03, 0xF8, 0x0F, 0xE0, 0x3B, 0x80, 0xEF, 0x07, 0x9F, 0x3C, 0x3F, 0xF0, 0x7F, 0x00, 0x00,
    0xC0, 0x03, 0xC0, 0x07, 0x00, 0x1C, 0x00, 0x30, 0x00, 0x00, 0x00, 0x00, 0x78, 0x0F, 0x70, 0x1C,
    0xF0, 0x78, 0xE0, 0xE1, 0xE3, 0xC1, 0xEF, 0x01, 0xDC, 0x03, 0xF8, 0x03, 0xE0, 0x03, 0x80, 0x07,
    0x00, 0x0E, 0x00, 0x1C, 0x00, 0x38, 0x00, 0x70, 0x00, 0xE0, 0x01, 0xC0, 0xE0, 0x07, 0x00, 0x38,
    0x01, 0xFF, 0x0F, 0xFE, 0x71, 0xFB, 0x81, 0xDC, 0x0F, 0xE0, 0x7F, 0x03, 0xF8, 0x1D, 0xC7, 0xEF,
    0xFE, 0x7F, 0xE3, 0x80, 0x1C, 0x00, 0xE0, 0x00, 0x3F, 0x83, 0xFE, 0x3E, 0xF9, 0xC1, 0xCE, 0x0E,
    0x70, 0xE3, 0x87, 0x1C, 0x70, 0xE7, 0x07, 0x38, 0x39, 0xE1, 0xCF, 0xCE, 0x3F, 0x70, 0x7F, 0x80,
    0xFC, 0x07, 0xEE, 0x7F, 0x7F, 0xBB, 0xF8, 0x18, 0x03, 0x80, 0x78, 0x07, 0x00, 0x60, 0x00, 0x00,
    0x03, 0xFC, 0x7F, 0xCC, 0x78, 0x07, 0x00, 0x73, 0xFE, 0xFF, 0xFE, 0x7F, 0x07, 0xE0, 0xFE, 0x3F,
    0xFF, 0x9F, 0xE0, 0x03, 0x00, 0xF0, 0x1C, 0x07, 0x00, 0xC0, 0x00, 0x00, 0x03, 0xFC, 0x7F, 0xCC,
    0x78, 0x07, 0x00, 0x73, 0xFE, 0xFF, 0xFE, 0x7F, 0x07, 0xE0, 0xFE, 0x3F, 0xFF, 0x9F, 0xE0, 0x04,
    0x01, 0xC0, 0x7C, 0x1D, 0xC3, 0x18, 0x00, 0x00, 0x03, 0xFC, 0x7F, 0xCC, 0x78, 0x07, 0x00, 0x73,
    0xFE, 0xFF, 0xFE, 0x7F, 0x07, 0xE0, 0xFE, 0x3F, 0xFF, 0x9F, 0xE0, 0x3E, 0xC7, 0xF9, 0xDE, 0x00,
    0x00, 0x00, 0x00, 0x1F, 0xE3, 0xFE, 0x63, 0xC0, 0x38, 0x03, 0x9F, 0xF7, 0xFF, 0xF3, 0xF8, 0x3F,
    0x07, 0xF1, 0xFF, 0xFC, 0xFF, 0x00, 0x3B, 0x8F, 0x78, 0xEE, 0x00, 0x00, 0x00, 0xFF, 0x1F, 0xF3,
    0x1E, 0x01, 0xC0, 0x1C, 0xFF, 0xBF, 0xFF, 0x9F, 0xC1, 0xF8, 0x3F, 0x8F, 0xFF, 0xE7, 0xF8, 0x1F,
    0x03, 0x60, 0x6C, 0x0D, 0x81, 0xF0, 0x00, 0x00, 0x03, 0xFC, 0x7F, 0xCC, 0x78, 0x07, 0x00, 0x73,
    0xFE, 0xFF, 0xFE, 0x7F, 0x07, 0xE0, 0xFE, 0x3F, 0xFF, 0x9F, 0xE0, 0x7F, 0x1F, 0x87, 0xFB, 0xFC,
    0x63, 0xFB, 0xE0, 0x1E, 0x0E, 0x00, 0xE0, 0xE3, 0xFF, 0xFE, 0x7F, 0xFF, 0xEF, 0x9E, 0x00, 0xE0,
    0xE0, 0x0E, 0x0F, 0x00, 0xF1, 0xF8, 0xCF, 0xFF, 0xFC, 0x3F, 0x9F, 0xC0, 0x1F, 0xC7, 0xF9, 0xF3,
    0x38, 0x0E, 0x01, 0xC0, 0x38, 0x07, 0x00, 0xE0, 0x1E, 0x01, 0xF3, 0x1F, 0xE1, 0xFC, 0x0C, 0x01,
    0xC0, 0x38, 0x07, 0x03, 0xE0, 0x7C, 0x00, 0x1C, 0x01, 0xC0, 0x0E, 0x00, 0x70, 0x03, 0x00, 0x00,
    0x00, 0x01, 0xF8, 0x3F, 0xE7, 0x9E, 0xF0, 0xFE, 0x07, 0xFF, 0xFF, 0xFF, 0xE0, 0x0E, 0x00, 0xF0,
    0x07, 0xC6, 0x3F, 0xE1, 0xFE, 0x01, 0x80, 0x38, 0x07, 0x00, 0xE0, 0x06, 0x00, 0x00, 0x00, 0x01,
    0xF8, 0x3F, 0xE7, 0x9E, 0xF0, 0xFE, 0x07, 0xFF, 0xFF, 0xFF, 0xE0, 0x0E, 0x00, 0xF0, 0x07, 0xC6,
    0x3F, 0xE1, 0xFE, 0x06, 0x00, 0xF0, 0x1F, 0x81, 0x9C, 0x18, 0x80, 0x00, 0x00, 0x01, 0xF8, 0x3F,
    0xE7, 0x9E, 0xF0, 0xFE, 0x07, 0xFF, 0xFF, 0xFF, 0xE0, 0x0E, 0x00, 0xF0, 0x07, 0xC6, 0x3F, 0xE1,
    0xFE, 0x39, 0xC3, 0xDC, 0x39, 0xC0, 0x00, 0x00, 0x01, 0xF8, 0x3F, 0xE7, 0x9E, 0xF0, 0xFE, 0x07,
    0xFF, 0xFF, 0xFF, 0xE0, 0x0E, 0x00, 0xF0, 0x07, 0xC6, 0x3F, 0xE1, 0xFE, 0xE7, 0x1C, 0x71, 0x80,
    0x07, 0x39, 0xCE, 0x73, 0x9C, 0xE7, 0x39, 0xCE, 0x70, 0x18, 0xE7, 0x38, 0x60, 0x00, 0x1C, 0x71,
    0xC7, 0x1C, 0x71, 0xC7, 0x1C, 0x71, 0xC7, 0x1C, 0x18, 0x3C, 0x7E, 0x67, 0x62, 0x00, 0x00, 0x1C,
    0x1C, 0x1C, 0x1C, 0x1C, 0x1C, 0x1C, 0x1C, 0x1C, 0x1C, 0x1C, 0x1C, 0x1C, 0xE7, 0xF7, 0xE7, 0x00,
    0x00, 0x1C, 0x1C, 0x1C, 0x1C, 0x1C, 0x1C, 0x1C, 0x1C, 0x1C, 0x1C, 0x1C, 0x1C, 0x1C, 0x03, 0x00,
    0x1E, 0xE0, 0x3F, 0x81, 0xF8, 0x07, 0xE0, 0x01, 0xC0, 0x07, 0x07, 0xFC, 0x7F, 0xF9, 0xE7, 0xEF,
    0x03, 0xB8, 0x0E, 0xE0, 0x7B, 0x81, 0xCE, 0x07, 0x3C, 0x1C, 0x79, 0xE0, 0xFF, 0x81, 0xF8, 0x00,
    0x3D, 0xCF, 0xF1, 0xBE, 0x00, 0x00, 0x00, 0x00, 0x3F, 0xE7, 0xFE, 0xE3, 0xDC, 0x3F, 0x83, 0xF0,
    0x7E, 0x0F, 0xC1, 0xF8, 0x3F, 0x07, 0xE0, 0xFC, 0x1F, 0x83, 0x80, 0x1C, 0x00, 0xF0, 0x03, 0x80,
    0x0E, 0x00, 0x30, 0x00, 0x00, 0x00, 0x03, 0xF8, 0x3F, 0xE3, 0xCF, 0x9C, 0x1D, 0xC0, 0xFE, 0x03,
    0xF0, 0x1F, 0x80, 0xFC, 0x0F, 0x70, 0x73, 0xCF, 0x8F, 0xF8, 0x3F, 0x80, 0x01, 0x80, 0x1C, 0x01,
    0xE0, 0x0E, 0x00, 0x60, 0x00, 0x00, 0x00, 0x03, 0xF8, 0x3F, 0xE3, 0xCF, 0x9C, 0x1D, 0xC0, 0xFE,
    0x03, 0xF0, 0x1F, 0x80, 0xFC, 0x0F, 0x70, 0x73, 0xCF, 0x8F, 0xF8, 0x3F, 0x80, 0x06, 0x00, 0x38,
    0x03, 0xE0, 0x3B, 0x81, 0x8C, 0x00, 0x00, 0x00, 0x03, 0xF8, 0x3F, 0xE3, 0xCF, 0x9C, 0x1D, 0xC0,
    0xFE, 0x03, 0xF0, 0x1F, 0x80, 0xFC, 0x0F, 0x70, 0x73, 0xCF, 0x8F, 0xF8, 0x3F, 0x80, 0x1E, 0xE1,
    0xFE, 0x0D, 0xF0, 0x00, 0x00, 0x00, 0x00, 0x00, 0x7F, 0x07, 0xFC, 0x79, 0xF3, 0x83, 0xB8, 0x1F,
    0xC0, 0x7E, 0x03, 0xF0, 0x1F, 0x81, 0xEE, 0x0E, 0x79, 0xF1, 0xFF, 0x07, 0xF0, 0x19, 0xC1, 0xEF,
    0x06, 0x70, 0x00, 0x00, 0x00, 0x0F, 0xE0, 0xFF, 0x8F, 0x3E, 0x70, 0x77, 0x03, 0xF8, 0x0F, 0xC0,
    0x7E, 0x03, 0xF0, 0x3D, 0xC1, 0xCF, 0x3E, 0x3F, 0xE0, 0xFE, 0x00, 0x0F, 0x00, 0xF0, 0x0F, 0x00,
    0x00, 0x00, 0x0F, 0xFF, 0xFF, 0xF0, 0x00, 0x00, 0x00, 0xF0, 0x0F, 0x00, 0xF0, 0x00, 0x30, 0xFF,
    0x8F, 0xFC, 0xF3, 0xEF, 0x1F, 0x70, 0xFF, 0x8E, 0xFC, 0xE7, 0xEE, 0x3F, 0xE3, 0xDE, 0x1C, 0xFB,
    0xE7, 0xFE, 0x7F, 0xE3, 0x00, 0x00, 0x18, 0x01, 0xC0, 0x0E, 0x00, 0x70, 0x03, 0x00, 0x00, 0x00,
    0x0F, 0x07, 0xF0, 0x7F, 0x07, 0xF0, 0x7F, 0x07, 0xF0, 0x7F, 0x07, 0xF0, 0x77, 0x07, 0x70, 0x77,
    0x8F, 0x3F, 0xF1, 0xFF, 0x01, 0x80, 0x38, 0x07, 0x00, 0xE0, 0x0E, 0x00, 0x00, 0x00, 0x0F, 0x07,
    0xF0, 0x7F, 0x07, 0xF0, 0x7F, 0x07, 0xF0, 0x7F, 0x07, 0xF0, 0x77, 0x07, 0x70, 0x77, 0x8F, 0x3F,
    0xF1, 0xFF, 0x06, 0x00, 0xF0, 0x1F, 0x81, 0x9C, 0x18, 0x80, 0x00, 0x00, 0x0F, 0x07, 0xF0, 0x7F,
    0x07, 0xF0, 0x7F, 0x07, 0xF0, 0x7F, 0x07, 0xF0, 0x77, 0x07, 0x70, 0x77, 0x8F, 0x3F, 0xF1, 0xFF,
    0x39, 0xC3, 0xDC, 0x39, 0xC0, 0x00, 0x00, 0x0F, 0x07, 0xF0, 0x7F, 0x07, 0xF0, 0x7F, 0x07, 0xF0,
    0x7F, 0x07, 0xF0, 0x77, 0x07, 0x70, 0x77, 0x8F, 0x3F, 0xF1, 0xFF, 0x01, 0x80, 0x3C, 0x03, 0x80,
    0x70, 0x06, 0x00, 0x00, 0x00, 0x0E, 0x07, 0xF0, 0x77, 0x07, 0x70, 0xE7, 0x8E, 0x38, 0xE3, 0x8C,
    0x1D, 0xC1, 0xDC, 0x1F, 0x80, 0xF8, 0x0F, 0x80, 0x70, 0x07, 0x00, 0x70, 0x9E, 0x0F, 0xC0, 0xF8,
    0x00, 0xE0, 0x0E, 0x00, 0xE0, 0x0E, 0x00, 0xE0, 0x0E, 0x00, 0xFF, 0x8F, 0xFC, 0xF3, 0xEE, 0x0E,
    0xE0, 0xFE, 0x07, 0xE0, 0x7E, 0x07, 0xE0, 0xFE, 0x0E, 0xF3, 0xEF, 0xFC, 0xFF, 0x8E, 0x00, 0xE0,
    0x0E, 0x00, 0xE0, 0x0E, 0x00, 0x1D, 0xC3, 0xDE, 0x1D, 0xC0, 0x00, 0x00, 0x0E, 0x07, 0xF0, 0x77,
    0x07, 0x70, 0xE7, 0x8E, 0x38, 0xE3, 0x8C, 0x1D, 0xC1, 0xDC, 0x1F, 0x80, 0xF8, 0x0F, 0x80, 0x70,
    0x07, 0x00, 0x70, 0x9E, 0x0F, 0xC0, 0xF8, 0x00, 0x0F, 0xF0, 0x07, 0xF8, 0x00, 0x00, 0x00, 0x00,
    0x00, 0x00, 0x00, 0x0E, 0x00, 0x0F, 0x80, 0x07, 0xC0, 0x07, 0xE0, 0x03, 0xB8, 0x03, 0x9C, 0x01,
    0xCF, 0x01, 0xE3, 0x80, 0xE1, 0xE0, 0x70, 0x70, 0x78, 0x38, 0x3F, 0xFE, 0x1F, 0xFF, 0x1C, 0x03,
    0x8E, 0x01, 0xEF, 0x00, 0x77, 0x00, 0x3C, 0x3F, 0xC7, 0xF8, 0x00, 0x00, 0x00, 0x00, 0xFF, 0x1F,
    0xF3, 0x1E, 0x01, 0xC0, 0x1C, 0xFF, 0xBF, 0xFF, 0x9F, 0xC1, 0xF8, 0x3F, 0x8F, 0xFF, 0xE7, 0xF8,
    0x06, 0x30, 0x03, 0xB8, 0x01, 0xF8, 0x00, 0x7C, 0x00, 0x00, 0x00, 0x00, 0x00, 0x07, 0x00, 0x07,
    0xC0, 0x03, 0xE0, 0x03, 0xF0, 0x01, 0xDC, 0x01, 0xCE, 0x00, 0xE7, 0x80, 0xF1, 0xC0, 0x70, 0xF0,
    0x38, 0x38, 0x3C, 0x1C, 0x1F, 0xFF, 0x0F, 0xFF, 0x8E, 0x01, 0xC7, 0x00, 0xF7, 0x80, 0x3B, 0x80,
    0x1E, 0x31, 0x87, 0x70, 0x7E, 0x0F, 0x80, 0x00, 0x00, 0x1F, 0xE3, 0xFE, 0x63, 0xC0, 0x38, 0x03,
    0x9F, 0xF7, 0xFF, 0xF3, 0xF8, 0x3F, 0x07, 0xF1, 0xFF, 0xFC, 0xFF, 0x00, 0x01, 0xC0, 0x01, 0xF0,
    0x00, 0xF8, 0x00, 0xFC, 0x00, 0x77, 0x00, 0x73, 0x80, 0x39, 0xE0, 0x3C, 0x70, 0x1C, 0x3C, 0x0E,
    0x0E, 0x0F, 0x07, 0x07, 0xFF, 0xC3, 0xFF, 0xE3, 0x80, 0x71, 0xC0, 0x3D, 0xE0, 0x0E, 0xE0, 0x07,
    0x80, 0x03, 0x80, 0x03, 0x80, 0x01, 0xC0, 0x00, 0xF8, 0x00, 0x7C, 0x7F, 0x8F, 0xF9, 0x8F, 0x00,
    0xE0, 0x0E, 0x7F, 0xDF, 0xFF, 0xCF, 0xE0, 0xFC, 0x1F, 0xC7, 0xFF, 0xF3, 0xFC, 0x07, 0x80, 0xE0,
    0x3C, 0x03, 0xC0, 0x7C, 0x00, 0x60, 0x03, 0x80, 0x1C, 0x00, 0xE0, 0x01, 0x80, 0x00, 0x00, 0x00,
    0x01, 0xFE, 0x1F, 0xFC, 0xFC, 0xF7, 0x80, 0x1E, 0x00, 0x70, 0x03, 0xC0, 0x0E, 0x00, 0x38, 0x00,
    0xE0, 0x03, 0xC0, 0x0F, 0x00, 0x1C, 0x00, 0x78, 0x00, 0xFC, 0x71, 0xFF, 0xC1, 0xFE, 0x01, 0x80,
    0x70, 0x1C, 0x07, 0x00, 0x60, 0x00, 0x00, 0x00, 0xFE, 0x3F, 0xCF, 0x99, 0xC0, 0x70, 0x0E, 0x01,
    0xC0, 0x38, 0x07, 0x00, 0xF0, 0x0F, 0x98, 0xFF, 0x0F, 0xE0, 0x01, 0x80, 0x0F, 0x00, 0x7E, 0x01,
    0x9C, 0x06, 0x20, 0x00, 0x00, 0x00, 0x01, 0xFE, 0x1F, 0xFC, 0xFC, 0xF7, 0x80, 0x1E, 0x00, 0x70,
    0x03, 0xC0, 0x0E, 0x00, 0x38, 0x00, 0xE0, 0x03, 0xC0, 0x0F, 0x00, 0x1C, 0x00, 0x78, 0x00, 0xFC,
    0x71, 0xFF, 0xC1, 0xFE, 0x06, 0x01, 0xE0, 0x7E, 0x0C, 0xE1, 0x88, 0x00, 0x00, 0x00, 0xFE, 0x3F,
    0xCF, 0x99, 0xC0, 0x70, 0x0E, 0x01, 0xC0, 0x38, 0x07, 0x00, 0xF0, 0x0F, 0x98, 0xFF, 0x0F, 0xE0,
    0x01, 0xC0, 0x0F, 0x00, 0x1C, 0x00, 0x00, 0x00, 0x00, 0x1F, 0xE1, 0xFF, 0xCF, 0xCF, 0x78, 0x01,
    0xE0, 0x07, 0x00, 0x3C, 0x00, 0xE0, 0x03, 0x80, 0x0E, 0x00, 0x3C, 0x00, 0xF0, 0x01, 0xC0, 0x07,
    0x80, 0x0F, 0xC7, 0x1F, 0xFC, 0x1F, 0xE0, 0x07, 0x01, 0xE0, 0x1C, 0x00, 0x00, 0x00, 0x3F, 0x8F,
    0xF3, 0xE6, 0x70, 0x1C, 0x03, 0x80, 0x70, 0x0E, 0x01, 0xC0, 0x3C, 0x03, 0xE6, 0x3F, 0xC3, 0xF8,
    0x06, 0x20, 0x19, 0xC0, 0x7E, 0x00, 0xF0, 0x01, 0x80, 0x00, 0x00, 0x00, 0x01, 0xFE, 0x1F, 0xFC,
    0xFC, 0xF7, 0x80, 0x1E, 0x00, 0x70, 0x03, 0xC0, 0x0E, 0x00, 0x38, 0x00, 0xE0, 0x03, 0xC0, 0x0F,
    0x00, 0x1C, 0x00, 0x78, 0x00, 0xFC, 0x71, 0xFF, 0xC1, 0xFE, 0x18, 0x83, 0x38, 0x7E, 0x07, 0x80,
    0x60, 0x00, 0x00, 0x00, 0xFE, 0x3F, 0xCF, 0x99, 0xC0, 0x70, 0x0E, 0x01, 0xC0, 0x38, 0x07, 0x00,
    0xF0, 0x0F, 0x98, 0xFF, 0x0F, 0xE0, 0x18, 0xC0, 0x3B, 0x80, 0x3E, 0x00, 0x78, 0x00, 0x60, 0x00,
    0x00, 0x00, 0x00, 0x7F, 0xE0, 0xFF, 0xE1, 0xC3, 0xF3, 0x81, 0xE7, 0x01, 0xEE, 0x01, 0xDC, 0x03,
    0xF8, 0x07, 0xF0, 0x0F, 0xE0, 0x1F, 0xC0, 0x3F, 0x80, 0x77, 0x01, 0xEE, 0x07, 0x9C, 0x3F, 0x3F,
    0xF8, 0x7F, 0xE0, 0x00, 0x77, 0x00, 0x77, 0x00, 0x77, 0x00, 0x77, 0x00, 0x77, 0x00, 0x76, 0x1F,
    0xF0, 0x3F, 0xF0, 0x79, 0xF0, 0xF0, 0x70, 0xE0, 0x70, 0xE0, 0x70, 0xE0, 0x70, 0xE0, 0x70, 0xE0,
    0x70, 0xF0, 0x70, 0x7C, 0x70, 0x3F, 0xF0, 0x1F, 0xF0, 0x3F, 0xF0, 0x1F, 0xFE, 0x0E, 0x1F, 0x87,
    0x01, 0xE3, 0x80, 0x71, 0xC0, 0x3C, 0xE0, 0x0F, 0xFF, 0x07, 0xFF, 0x83, 0x9C, 0x01, 0xCE, 0x00,
    0xE7, 0x00, 0xF3, 0x80, 0x71, 0xC0, 0x78, 0xE1, 0xF8, 0x7F, 0xF8, 0x3F, 0xF0, 0x00, 0x00, 0x70,
    0x01, 0xC0, 0x7F, 0xC1, 0xFF, 0x00, 0x70, 0x01, 0xC1, 0xFF, 0x0F, 0xFC, 0x79, 0xF3, 0xC1, 0xCE,
    0x07, 0x38, 0x1C, 0xE0, 0x73, 0x81, 0xCE, 0x07, 0x3C, 0x1C, 0x7C, 0x70, 0xFF, 0xC1, 0xFF, 0x00,
    0x7F, 0x87, 0xF8, 0x00, 0x00, 0x00, 0x00, 0x0F, 0xFE, 0xFF, 0xEE, 0x00, 0xE0, 0x0E, 0x00, 0xE0,
    0x0E, 0x00, 0xFF, 0xCF, 0xFC, 0xE0, 0x0E, 0x00, 0xE0, 0x0E, 0x00, 0xE0, 0x0E, 0x00, 0xFF, 0xFF,
    0xFF, 0x3F, 0xC3, 0xFC, 0x00, 0x00, 0x00, 0x00, 0x01, 0xF8, 0x3F, 0xE7, 0x9E, 0xF0, 0xFE, 0x07,
    0xFF, 0xFF, 0xFF, 0xE0, 0x0E, 0x00, 0xF0, 0x07, 0xC6, 0x3F, 0xE1, 0xFE, 0x31, 0x83, 0xB8, 0x3F,
    0x01, 0xE0, 0x00, 0x00, 0x00, 0xFF, 0xEF, 0xFE, 0xE0, 0x0E, 0x00, 0xE0, 0x0E, 0x00, 0xE0, 0x0F,
    0xFC, 0xFF, 0xCE, 0x00, 0xE0, 0x0E, 0x00, 0xE0, 0x0E, 0x00, 0xE0, 0x0F, 0xFF, 0xFF, 0xF0, 0x39,
    0xC1, 0xDC, 0x1F, 0x80, 0xF0, 0x00, 0x00, 0x00, 0x1F, 0x83, 0xFE, 0x79, 0xEF, 0x0F, 0xE0, 0x7F,
    0xFF, 0xFF, 0xFE, 0x00, 0xE0, 0x0F, 0x00, 0x7C, 0x63, 0xFE, 0x1F, 0xE0, 0x0E, 0x00, 0xE0, 0x0E,
    0x00, 0x00, 0x00, 0x0F, 0xFE, 0xFF, 0xEE, 0x00, 0xE0, 0x0E, 0x00, 0xE0, 0x0E, 0x00, 0xFF, 0xCF,
    0xFC, 0xE0, 0x0E, 0x00, 0xE0, 0x0E, 0x00, 0xE0, 0x0E, 0x00, 0xFF, 0xFF, 0xFF, 0x07, 0x00, 0xF0,
    0x07, 0x00, 0x00, 0x00, 0x01, 0xF8, 0x3F, 0xE7, 0x9E, 0xF0, 0xFE, 0x07, 0xFF, 0xFF, 0xFF, 0xE0,
    0x0E, 0x00, 0xF0, 0x07, 0xC6, 0x3F, 0xE1, 0xFE, 0xFF, 0xEF, 0xFE, 0xE0, 0x0E, 0x00, 0xE0, 0x0E,
    0x00, 0xE0, 0x0F, 0xFC, 0xFF, 0xCE, 0x00, 0xE0, 0x0E, 0x00, 0xE0, 0x0E, 0x00, 0xE0, 0x0F, 0xFF,
    0xFF, 0xF0, 0x0E, 0x01, 0xC0, 0x1C, 0x01, 0xF0, 0x1F, 0x1F, 0x83, 0xFE, 0x79, 0xEF, 0x0F, 0xE0,
    0x7F, 0xFF, 0xFF, 0xFE, 0x00, 0xE0, 0x0F, 0x00, 0x7C, 0x63, 0xFE, 0x1F, 0xE0, 0x1C, 0x03, 0x80,
    0x38, 0x03, 0xE0, 0x3E, 0x31, 0x03, 0x38, 0x1F, 0x01, 0xE0, 0x0C, 0x00, 0x00, 0x00, 0x0F, 0xFE,
    0xFF, 0xEE, 0x00, 0xE0, 0x0E, 0x00, 0xE0, 0x0E, 0x00, 0xFF, 0xCF, 0xFC, 0xE0, 0x0E, 0x00, 0xE0,
    0x0E, 0x00, 0xE0, 0x0E, 0x00, 0xFF, 0xFF, 0xFF, 0x18, 0x81, 0x9C, 0x1F, 0x80, 0xF0, 0x06, 0x00,
    0x00, 0x00, 0x00, 0x00, 0x1F, 0x83, 0xFE, 0x79, 0xEF, 0x0F, 0xE0, 0x7F, 0xFF, 0xFF, 0xFE, 0x00,
    0xE0, 0x0F, 0x00, 0x7C, 0x63, 0xFE, 0x1F, 0xE0, 0x01, 0x80, 0x03, 0x80, 0x0F, 0x80, 0x3B, 0x80,
    0x63, 0x00, 0x00, 0x00, 0x00, 0x03, 0xFC, 0x1F, 0xFC, 0x7E, 0x79, 0xE0, 0x03, 0xC0, 0x07, 0x00,
    0x1E, 0x00, 0x38, 0x00, 0x70, 0x00, 0xE0, 0x1F, 0xE0, 0x3F, 0xC0, 0x7B, 0x80, 0xF7, 0x81, 0xE7,
    0xE3, 0xC7, 0xFF, 0x83, 0xFE, 0x02, 0x00, 0x70, 0x0F, 0x81, 0xDC, 0x18, 0xC0, 0x00, 0x00, 0x01,
    0xFF, 0x3F, 0xF7, 0xCF, 0x70, 0x7E, 0x07, 0xE0, 0x7E, 0x07, 0xE0, 0x7E, 0x07, 0xF0, 0x77, 0xDF,
    0x3F, 0xF1, 0xFF, 0x00, 0x70, 0x0F, 0x71, 0xE7, 0xFE, 0x7F, 0x80, 0x06, 0x30, 0x0E, 0xE0, 0x1F,
    0x80, 0x1F, 0x00, 0x00, 0x00, 0x00, 0x01, 0xFE, 0x0F, 0xFE, 0x3F, 0x3C, 0xF0, 0x01, 0xE0, 0x03,
    0x80, 0x0F, 0x00, 0x1C, 0x00, 0x38, 0x00, 0x70, 0x0F, 0xF0, 0x1F, 0xE0, 0x3D, 0xC0, 0x7B, 0xC0,
    0xF3, 0xF1, 0xE3, 0xFF, 0xC1, 0xFF, 0x00, 0x18, 0xC1, 0xDC, 0x0F, 0xC0, 0xF8, 0x00, 0x00, 0x00,
    0x1F, 0xF3, 0xFF, 0x7C, 0xF7, 0x07, 0xE0, 0x7E, 0x07, 0xE0, 0x7E, 0x07, 0xE0, 0x7F, 0x07, 0x7D,
    0xF3, 0xFF, 0x1F, 0xF0, 0x07, 0x00, 0xF7, 0x1E, 0x7F, 0xE7, 0xF8, 0x01, 0xC0, 0x03, 0x80, 0x07,
    0x00, 0x00, 0x00, 0x00, 0x00, 0xFF, 0x07, 0xFF, 0x1F, 0x9E, 0x78, 0x00, 0xF0, 0x01, 0xC0, 0x07,
    0x80, 0x0E, 0x00, 0x1C, 0x00, 0x38, 0x07, 0xF8, 0x0F, 0xF0, 0x1E, 0xE0, 0x3D, 0xE0, 0x79, 0xF8,
    0xF1, 0xFF, 0xE0, 0xFF, 0x80, 0x07, 0x00, 0x70, 0x07, 0x00, 0x00, 0x00, 0x01, 0xFF, 0x3F, 0xF7,
    0xCF, 0x70, 0x7E, 0x07, 0xE0, 0x7E, 0x07, 0xE0, 0x7E, 0x07, 0xF0, 0x77, 0xDF, 0x3F, 0xF1, 0xFF,
    0x00, 0x70, 0x0F, 0x71, 0xE7, 0xFE, 0x7F, 0x80, 0x07, 0xF8, 0x3F, 0xF8, 0xFC, 0xF3, 0xC0, 0x07,
    0x80, 0x0E, 0x00, 0x3C, 0x00, 0x70, 0x00, 0xE0, 0x01, 0xC0, 0x3F, 0xC0, 0x7F, 0x80, 0xF7, 0x01,
    0xEF, 0x03, 0xCF, 0xC7, 0x8F, 0xFF, 0x07, 0xFC, 0x00, 0x00, 0x07, 0x00, 0x3E, 0x00, 0x78, 0x00,
    0x03, 0x80, 0x38, 0x07, 0x00, 0x70, 0x00, 0x00, 0x00, 0x1F, 0xF3, 0xFF, 0x7C, 0xF7, 0x07, 0xE0,
    0x7E, 0x07, 0xE0, 0x7E, 0x07, 0xE0, 0x7F, 0x07, 0x7D, 0xF3, 0xFF, 0x1F, 0xF0, 0x07, 0x00, 0xF7,
    0x1E, 0x7F, 0xE7, 0xF8, 0x03, 0x00, 0x1E, 0x00, 0xF8, 0x07, 0x30, 0x18, 0xC0, 0x00, 0x00, 0x00,
    0x38, 0x07, 0xE0, 0x1F, 0x80, 0x7E, 0x01, 0xF8, 0x07, 0xE0, 0x1F, 0x80, 0x7F, 0xFF, 0xFF, 0xFF,
    0xE0, 0x1F, 0x80, 0x7E, 0x01, 0xF8, 0x07, 0xE0, 0x1F, 0x80, 0x7E, 0x01, 0xF8, 0x07, 0x30, 0x07,
    0xC0, 0xFE, 0x0C, 0xC0, 0x00, 0x00, 0x00, 0x70, 0x07, 0x00, 0x70, 0x07, 0x00, 0x70, 0x07, 0x00,
    0x7F, 0xC7, 0xFE, 0x79, 0xE7, 0x0F, 0x70, 0x77, 0x07, 0x70, 0x77, 0x07, 0x70, 0x77, 0x07, 0x70,
    0x77, 0x07, 0x70, 0x70, 0x38, 0x07, 0x0E, 0x01, 0xCF, 0xFF, 0xFF, 0xFF, 0xFF, 0x38, 0x07, 0x0E,
    0x01, 0xC3, 0x80, 0x70, 0xFF, 0xFC, 0x3F, 0xFF, 0x0E, 0x01, 0xC3, 0x80, 0x70, 0xE0, 0x1C, 0x38,
    0x07, 0x0E, 0x01, 0xC3, 0x80, 0x70, 0xE0, 0x1C, 0x38, 0x07, 0x00, 0x38, 0x01, 0xC0, 0x3F, 0xE1,
    0xFF, 0x03, 0x80, 0x1C, 0x00, 0xFF, 0x87, 0xFE, 0x3C, 0xF1, 0xC3, 0xCE, 0x0E, 0x70, 0x73, 0x83,
    0x9C, 0x1C, 0xE0, 0xE7, 0x07, 0x38, 0x39, 0xC1, 0xCE, 0x0E, 0x7B, 0xFF, 0xB7, 0xC0, 0x00, 0x00,
    0x00, 0x70, 0x38, 0x1C, 0x0E, 0x07, 0x03, 0x81, 0xC0, 0xE0, 0x70, 0x38, 0x1C, 0x0E, 0x07, 0x03,
    0x81, 0xC0, 0xE0, 0x70, 0x7B, 0x7F, 0xB7, 0xC0, 0x00, 0x00, 0x00, 0x70, 0x38, 0x1C, 0x0E, 0x07,
    0x03, 0x81, 0xC0, 0xE0, 0x70, 0x38, 0x1C, 0x0E, 0x07, 0x00, 0xFF, 0xFF, 0x00, 0x00, 0x00, 0x1C,
    0x1C, 0x1C, 0x1C, 0x1C, 0x1C, 0x1C, 0x1C, 0x1C, 0x1C, 0x1C, 0x1C, 0x1C, 0x1C, 0x1C, 0x1C, 0x1C,
    0xFF, 0xFF, 0x00, 0x00, 0x00, 0x1C, 0x1C, 0x1C, 0x1C, 0x1C, 0x1C, 0x1C, 0x1C, 0x1C, 0x1C, 0x1C,
    0x1C, 0x1C, 0xC7, 0xDF, 0xF3, 0xE0, 0x00, 0x0E, 0x1C, 0x38, 0x70, 0xE1, 0xC3, 0x87, 0x0E, 0x1C,
    0x38, 0x70, 0xE1, 0xC3, 0x87, 0x0E, 0x00, 0x63, 0x77, 0x7E, 0x3C, 0x00, 0x00, 0x1C, 0x1C, 0x1C,
    0x1C, 0x1C, 0x1C, 0x1C, 0x1C, 0x1C, 0x1C, 0x1C, 0x1C, 0x1C, 0x39, 0xCE, 0x73, 0x9C, 0xE7, 0x39,
    0xCE, 0x73, 0x9C, 0xE7, 0x3B, 0x99, 0xCF, 0xBC, 0x7B, 0xC0, 0x00, 0x1C, 0xE7, 0x39, 0xCE, 0x73,
    0x9C, 0xE7, 0x39, 0xDD, 0xCE, 0x7F, 0xE0, 0x77, 0x70, 0x07, 0x77, 0x77, 0x77, 0x77, 0x77, 0x77,
    0x77, 0x77, 0xFF, 0xFF, 0xFF, 0xFF, 0xFE, 0xE0, 0x0F, 0xE0, 0x0F, 0xE0, 0x0F, 0xE0, 0x0F, 0xE0,
    0x0F, 0xE0, 0x0F, 0xE0, 0x0F, 0xE0, 0x0F, 0xE0, 0x0F, 0xE0, 0x0F, 0xE0, 0x0F, 0xE0, 0x0F, 0xE0,
    0x0F, 0xE0, 0x0E, 0xE7, 0x3E, 0xE7, 0xFC, 0xE3, 0xF8, 0xF1, 0xDE, 0x38, 0x00, 0x00, 0x00, 0x00,
    0xE3, 0x9C, 0x73, 0x8E, 0x71, 0xCE, 0x39, 0xC7, 0x38, 0xE7, 0x1C, 0xE3, 0x9C, 0x73, 0x8E, 0x71,
    0xCE, 0x38, 0x07, 0x00, 0xE0, 0x3C, 0x1F, 0x07, 0xC0, 0x00, 0xC0, 0x0F, 0x00, 0x7C, 0x06, 0x70,
    0x31, 0x80, 0x00, 0x00, 0x00, 0x1C, 0x00, 0xE0, 0x07, 0x00, 0x38, 0x01, 0xC0, 0x0E, 0x00, 0x70,
    0x03, 0x80, 0x1C, 0x00, 0xE0, 0x07, 0x00, 0x38, 0x01, 0xC0, 0x1E, 0x73, 0xE3, 0xFF, 0x0F, 0xE0,
    0x0C, 0x0F, 0x0F, 0xC6, 0x73, 0x10, 0x00, 0x00, 0x1C, 0x0E, 0x07, 0x03, 0x81, 0xC0, 0xE0, 0x70,
    0x38, 0x1C, 0x0E, 0x07, 0x03, 0x81, 0xC0, 0xE0, 0xF0, 0xF1, 0xF8, 0xF8, 0x00, 0xE0, 0x7B, 0x83,
    0xCE, 0x1E, 0x38, 0xF0, 0xE7, 0x83, 0xBC, 0x0F, 0xE0, 0x3F, 0x00, 0xFE, 0x03, 0xFC, 0x0E, 0xF8,
    0x39, 0xF0, 0xE3, 0xE3, 0x87, 0xCE, 0x0F, 0x38, 0x1E, 0xE0, 0x3C, 0x00, 0x00, 0x70, 0x07, 0xC0,
    0x1E, 0x00, 0xE0, 0x1C, 0x03, 0x80, 0x70, 0x0E, 0x01, 0xC0, 0x38, 0x77, 0x1C, 0xEF, 0x1F, 0xC3,
    0xF0, 0x7C, 0x0F, 0xC1, 0xFC, 0x3B, 0xC7, 0x3C, 0xE3, 0xDC, 0x3B, 0x87, 0x80, 0x01, 0xC0, 0x78,
    0x0F, 0x00, 0xE1, 0xEE, 0x3C, 0xE7, 0x8E, 0xF0, 0xFE, 0x0F, 0xC0, 0xFC, 0x0F, 0xE0, 0xEF, 0x0E,
    0x78, 0xE3, 0xCE, 0x1C, 0xE0, 0xE0, 0x18, 0x07, 0x01, 0xC0, 0x70, 0x0C, 0x00, 0x00, 0x00, 0x07,
    0x00, 0xE0, 0x1C, 0x03, 0x80, 0x70, 0x0E, 0x01, 0xC0, 0x38, 0x07, 0x00, 0xE0, 0x1C, 0x03, 0x80,
    0x70, 0x0E, 0x01, 0xC0, 0x3F, 0xFF, 0xFF, 0x19, 0xEF, 0x80, 0x71, 0xC7, 0x1C, 0x71, 0xC7, 0x1C,
    0x71, 0xC7, 0x1C, 0x71, 0xC7, 0x1C, 0x79, 0xF3, 0x80, 0xE0, 0x1C, 0x03, 0x80, 0x70, 0x0E, 0x01,
    0xC0, 0x38, 0x07, 0x00, 0xE0, 0x1C, 0x03, 0x80, 0x70, 0x0E, 0x01, 0xC0, 0x38, 0x07, 0xFF, 0xFF,
    0xE0, 0x00, 0x38, 0x1F, 0x03, 0xC0, 0x38, 0x70, 0xE1, 0xC3, 0x87, 0x0E, 0x1C, 0x38, 0x70, 0xE1,
    0xC3, 0x87, 0x0E, 0x1C, 0x3C, 0x7C, 0x70, 0x03, 0x8F, 0x1C, 0x00, 0xEE, 0x1D, 0xC3, 0xB8, 0x77,
    0x0E, 0xE1, 0xDC, 0x38, 0x07, 0x00, 0xE0, 0x1C, 0x03, 0x80, 0x70, 0x0E, 0x01, 0xC0, 0x38, 0x07,
    0xFF, 0xFF, 0xE0, 0x77, 0x76, 0x76, 0x76, 0x76, 0x76, 0x70, 0x70, 0x70, 0x70, 0x70, 0x70, 0x70,
    0x70, 0x70, 0x70, 0x78, 0x7C, 0x38, 0xE0, 0x1C, 0x03, 0x80, 0x70, 0x0E, 0x01, 0xC0, 0x38, 0x07,
    0x1C, 0xE3, 0xDC, 0x73, 0x80, 0x70, 0x0E, 0x01, 0xC0, 0x38, 0x07, 0xFF, 0xFF, 0xE0, 0x70, 0x38,
    0x1C, 0x0E, 0x07, 0x03, 0x81, 0xC0, 0xE0, 0x70, 0x3B, 0x9D, 0xEE, 0xE7, 0x03, 0x81, 0xC0, 0xE0,
    0x78, 0x3E, 0x0E, 0x00, 0x1C, 0x00, 0x38, 0x00, 0x70, 0x00, 0xE0, 0x01, 0xC0, 0x03, 0x90, 0x07,
    0xF0, 0x0F, 0xC0, 0x3E, 0x00, 0xF8, 0x01, 0xF0, 0x00, 0xE0, 0x01, 0xC0, 0x03, 0x80, 0x07, 0x00,
    0x0F, 0xFE, 0x1F, 0xFC, 0x38, 0x38, 0x38, 0x38, 0x38, 0x38, 0x3A, 0x3E, 0x3E, 0xF8, 0xF8, 0x38,
    0x38, 0x38, 0x38, 0x38, 0x3C, 0x3E, 0x1E, 0x00, 0xC0, 0x03, 0x80, 0x0E, 0x00, 0x38, 0x00, 0x70,
    0x00, 0x00, 0x00, 0x00, 0x70, 0x0E, 0xF0, 0x1D, 0xF0, 0x3B, 0xF0, 0x77, 0xE0, 0xEE, 0xE1, 0xDD,
    0xE3, 0xB9, 0xE7, 0x71, 0xCE, 0xE1, 0xDD, 0xC3, 0xFB, 0x83, 0xF7, 0x03, 0xEE, 0x07, 0xDC, 0x07,
    0xB8, 0x07, 0x70, 0x0E, 0x03, 0x00, 0xE0, 0x38, 0x07, 0x00, 0xC0, 0x00, 0x00, 0x07, 0xFC, 0xFF,
    0xDC, 0x7B, 0x87, 0xF0, 0x7E, 0x0F, 0xC1, 0xF8, 0x3F, 0x07, 0xE0, 0xFC, 0x1F, 0x83, 0xF0, 0x70,
    0xE0, 0x1D, 0xE0, 0x3B, 0xE0, 0x77, 0xE0, 0xEF, 0xC1, 0xDD, 0xC3, 0xBB, 0xC7, 0x73, 0xCE, 0xE3,
    0x9D, 0xC3, 0xBB, 0x87, 0xF7, 0x07, 0xEE, 0x07, 0xDC, 0x0F, 0xB8, 0x0F, 0x70, 0x0E, 0xE0, 0x1C,
    0x00, 0x00, 0x1E, 0x00, 0x78, 0x00, 0xF0, 0x00, 0xFF, 0x9F, 0xFB, 0x8F, 0x70, 0xFE, 0x0F, 0xC1,
    0xF8, 0x3F, 0x07, 0xE0, 0xFC, 0x1F, 0x83, 0xF0, 0x7E, 0x0E, 0x00, 0x03, 0x81, 0xF0, 0x3C, 0x00,
    0x0C, 0x40, 0x19, 0xC0, 0x3F, 0x00, 0x3C, 0x00, 0x30, 0x00, 0x00, 0x00, 0x00, 0x70, 0x0E, 0xF0,
    0x1D, 0xF0, 0x3B, 0xF0, 0x77, 0xE0, 0xEE, 0xE1, 0xDD, 0xE3, 0xB9, 0xE7, 0x71, 0xCE, 0xE1, 0xDD,
    0xC3, 0xFB, 0x83, 0xF7, 0x03, 0xEE, 0x07, 0xDC, 0x07, 0xB8, 0x07, 0x70, 0x0E, 0x31, 0x86, 0x70,
    0x7C, 0x0F, 0x00, 0xC0, 0x00, 0x00, 0x07, 0xFC, 0xFF, 0xDC, 0x7B, 0x87, 0xF0, 0x7E, 0x0F, 0xC1,
    0xF8, 0x3F, 0x07, 0xE0, 0xFC, 0x1F, 0x83, 0xF0, 0x70, 0x70, 0x03, 0x80, 0x38, 0x01, 0xC0, 0x0E,
    0x00, 0x00, 0x00, 0xFF, 0x87, 0xFE, 0x38, 0xF1, 0xC3, 0xCE, 0x0E, 0x70, 0x73, 0x83, 0x9C, 0x1C,
    0xE0, 0xE7, 0x07, 0x38, 0x39, 0xC1, 0xCE, 0x0E, 0xE0, 0x1D, 0xE0, 0x3B, 0xE0, 0x77, 0xE0, 0xEF,
    0xC1, 0xDD, 0xC3, 0xBB, 0xC7, 0x73, 0xCE, 0xE3, 0x9D, 0xC3, 0xBB, 0x83, 0xF7, 0x07, 0xEE, 0x07,
    0xDC, 0x07, 0xB8, 0x07, 0x70, 0x0E, 0xE0, 0x1C, 0x00, 0x38, 0x00, 0x70, 0x00, 0xE0, 0x07, 0xC0,
    0x0F, 0x00, 0xFF, 0x9F, 0xFB, 0x8F, 0x70, 0xFE, 0x0F, 0xC1, 0xF8, 0x3F, 0x07, 0xE0, 0xFC, 0x1F,
    0x83, 0xF0, 0x7E, 0x0E, 0x01, 0xC0, 0x38, 0x0F, 0x07, 0xC0, 0xF8, 0x07, 0xF8, 0x03, 0xFC, 0x00,
    0x00, 0x00, 0x00, 0x00, 0x00, 0x00, 0x3F, 0xC0, 0x7F, 0xF0, 0x7E, 0x7C, 0x78, 0x0F, 0x38, 0x03,
    0xDC, 0x01, 0xFE, 0x00, 0x7E, 0x00, 0x3F, 0x00, 0x1F, 0x80, 0x0F, 0xE0, 0x07, 0x70, 0x07, 0xB8,
    0x03, 0xDE, 0x03, 0xC7, 0xE7, 0xC1, 0xFF, 0xC0, 0x3F, 0xC0, 0x3F, 0xC1, 0xFE, 0x00, 0x00, 0x00,
    0x00, 0x00, 0x0F, 0xE0, 0xFF, 0x8F, 0x3E, 0x70, 0x77, 0x03, 0xF8, 0x0F, 0xC0, 0x7E, 0x03, 0xF0,
    0x3D, 0xC1, 0xCF, 0x3E, 0x3F, 0xE0, 0xFE, 0x00, 0x06, 0x30, 0x03, 0xB8, 0x00, 0xFC, 0x00, 0x7C,
    0x00, 0x00, 0x00, 0x00, 0x00, 0x1F, 0xE0, 0x3F, 0xF8, 0x3F, 0x3E, 0x3C, 0x07, 0x9C, 0x01, 0xEE,
    0x00, 0xFF, 0x00, 0x3F, 0x00, 0x1F, 0x80, 0x0F, 0xC0, 0x07, 0xF0, 0x03, 0xB8, 0x03, 0xDC, 0x01,
    0xEF, 0x01, 0xE3, 0xF3, 0xE0, 0xFF, 0xE0, 0x1F, 0xE0, 0x18, 0xC0, 0xEE, 0x07, 0xE0, 0x1F, 0x00,
    0x00, 0x00, 0x00, 0x7F, 0x07, 0xFC, 0x79, 0xF3, 0x83, 0xB8, 0x1F, 0xC0, 0x7E, 0x03, 0xF0, 0x1F,
    0x81, 0xEE, 0x0E, 0x79, 0xF1, 0xFF, 0x07, 0xF0, 0x00, 0xCC, 0x00, 0xEE, 0x00, 0xEE, 0x00, 0x66,
    0x00, 0x33, 0x00, 0x00, 0x00, 0x00, 0x00, 0x0F, 0xF0, 0x1F, 0xFC, 0x1F, 0x9F, 0x1E, 0x03, 0xCE,
    0x00, 0xF7, 0x00, 0x7F, 0x80, 0x1F, 0x80, 0x0F, 0xC0, 0x07, 0xE0, 0x03, 0xF8, 0x01, 0xDC, 0x01,
    0xEE, 0x00, 0xF7, 0x80, 0xF1, 0xF9, 0xF0, 0x7F, 0xF0, 0x0F, 0xF0, 0x06, 0x70, 0x3B, 0x83, 0xB8,
    0x3B, 0x81, 0x98, 0x00, 0x00, 0x00, 0x03, 0xF8, 0x3F, 0xE3, 0xCF, 0x9C, 0x1D, 0xC0, 0xFE, 0x03,
    0xF0, 0x1F, 0x80, 0xFC, 0x0F, 0x70, 0x73, 0xCF, 0x8F, 0xF8, 0x3F, 0x80, 0x07, 0xFF, 0xFE, 0x3F,
    0xFF, 0xFC, 0xFC, 0x38, 0x01, 0xE0, 0x70, 0x07, 0x80, 0xE0, 0x0E, 0x01, 0xC0, 0x3C, 0x03, 0x80,
    0x70, 0x07, 0xFE, 0xE0, 0x0F, 0xFD, 0xC0, 0x1C, 0x03, 0xC0, 0x38, 0x03, 0x80, 0x70, 0x07, 0x80,
    0xE0, 0x0F, 0x81, 0xC0, 0x0F, 0xC3, 0x80, 0x0F, 0xFF, 0xFF, 0x07, 0xFF, 0xFE, 0x1F, 0x87, 0xE0,
    0xFF, 0xBF, 0xC7, 0x9F, 0xE7, 0x9C, 0x1E, 0x0E, 0xE0, 0x78, 0x3F, 0x80, 0xFF, 0xFE, 0x03, 0xFF,
    0xF8, 0x0E, 0x00, 0xE0, 0x78, 0x01, 0xC1, 0xF0, 0x07, 0x9F, 0xF3, 0x0F, 0xFB, 0xFE, 0x1F, 0x87,
    0xF8, 0x03, 0x00, 0x1C, 0x00, 0xF0, 0x03, 0x80, 0x0C, 0x00, 0x00, 0x00, 0x00, 0x3F, 0xF0, 0xFF,
    0xE3, 0x8F, 0xCE, 0x07, 0x38, 0x1E, 0xE0, 0x7B, 0x81, 0xCE, 0x1F, 0x3F, 0xF8, 0xFF, 0xC3, 0x8F,
    0x0E, 0x1C, 0x38, 0x38, 0xE0, 0xF3, 0x81, 0xCE, 0x07, 0xB8, 0x0E, 0x0E, 0x0E, 0x1C, 0x38, 0x30,
    0x00, 0x00, 0xFF, 0xFF, 0xE2, 0xE0, 0xE0, 0xE0, 0xE0, 0xE0, 0xE0, 0xE0, 0xE0, 0xE0, 0xE0, 0xFF,
    0xC3, 0xFF, 0x8E, 0x3F, 0x38, 0x1C, 0xE0, 0x7B, 0x81, 0xEE, 0x07, 0x38, 0x7C, 0xFF, 0xE3, 0xFF,
    0x0E, 0x3C, 0x38, 0x70, 0xE0, 0xE3, 0x83, 0xCE, 0x07, 0x38, 0x1E, 0xE0, 0x38, 0x00, 0x00, 0x70,
    0x07, 0xC0, 0x1E, 0x00, 0x3F, 0xCF, 0xF3, 0x88, 0xE0, 0x38, 0x0E, 0x03, 0x80, 0xE0, 0x38, 0x0E,
    0x03, 0x80, 0xE0, 0x38, 0x00, 0x07, 0x83, 0xC0, 0xF0, 0x00, 0x31, 0x80, 0xEE, 0x01, 0xF0, 0x03,
    0x80, 0x0C, 0x00, 0x00, 0x00, 0x00, 0x3F, 0xF0, 0xFF, 0xE3, 0x8F, 0xCE, 0x07, 0x38, 0x1E, 0xE0,
    0x7B, 0x81, 0xCE, 0x1F, 0x3F, 0xF8, 0xFF, 0xC3, 0x8F, 0x0E, 0x1C, 0x38, 0x38, 0xE0, 0xF3, 0x81,
    0xCE, 0x07, 0xB8, 0x0E, 0xC6, 0xEE, 0x7C, 0x3C, 0x18, 0x00, 0x00, 0xFF, 0xFF, 0xE2, 0xE0, 0xE0,
    0xE0, 0xE0, 0xE0, 0xE0, 0xE0, 0xE0, 0xE0, 0xE0, 0x00, 0xC0, 0x0E, 0x00, 0xE0, 0x0E, 0x00, 0x60,
    0x00, 0x00, 0x00, 0x03, 0xFC, 0x3F, 0xF3, 0xE3, 0x9C, 0x00, 0xE0, 0x07, 0x80, 0x1F, 0x00, 0x7C,
    0x00, 0xF8, 0x01, 0xF0, 0x07, 0x80, 0x1E, 0x00, 0x70, 0x07, 0xBC, 0xF9, 0xFF, 0xC7, 0xF8, 0x07,
    0x01, 0xC0, 0xE0, 0x70, 0x18, 0x00, 0x00, 0x00, 0xFE, 0xFF, 0xBC, 0xCE, 0x03, 0xC0, 0xFC, 0x0F,
    0xC0, 0xF8, 0x0E, 0x03, 0xF9, 0xEF, 0xFB, 0xFC, 0x03, 0x00, 0x3C, 0x03, 0xF0, 0x39, 0x80, 0x8C,
    0x00, 0x00, 0x00, 0x03, 0xFC, 0x3F, 0xF3, 0xE3, 0x9C, 0x00, 0xE0, 0x07, 0x80, 0x1F, 0x00, 0x7C,
    0x00, 0xF8, 0x01, 0xF0, 0x07, 0x80, 0x1E, 0x00, 0x70, 0x07, 0xBC, 0xF9, 0xFF, 0xC7, 0xF8, 0x0C,
    0x07, 0x03, 0xE1, 0xDC, 0x63, 0x00, 0x00, 0x00, 0xFE, 0xFF, 0xBC, 0xCE, 0x03, 0xC0, 0xFC, 0x0F,
    0xC0, 0xF8, 0x0E, 0x03, 0xF9, 0xEF, 0xFB, 0xFC, 0x1F, 0xE1, 0xFF, 0x9F, 0x1C, 0xE0, 0x07, 0x00,
    0x3C, 0x00, 0xF8, 0x03, 0xE0, 0x07, 0xC0, 0x0F, 0x80, 0x3C, 0x00, 0xF0, 0x03, 0x80, 0x3D, 0xE7,
    0xCF, 0xFE, 0x3F, 0xC0, 0x38, 0x01, 0xC0, 0x07, 0x00, 0xF8, 0x07, 0x80, 0x3F, 0xBF, 0xEF, 0x33,
    0x80, 0xF0, 0x3F, 0x03, 0xF0, 0x3E, 0x03, 0x80, 0xFE, 0x7B, 0xFE, 0xFF, 0x07, 0x01, 0xC0, 0x38,
    0x3E, 0x1F, 0x00, 0x08, 0xC0, 0xE6, 0x03, 0xF0, 0x0F, 0x00, 0x30, 0x00, 0x00, 0x00, 0x03, 0xFC,
    0x3F, 0xF3, 0xE3, 0x9C, 0x00, 0xE0, 0x07, 0x80, 0x1F, 0x00, 0x7C, 0x00, 0xF8, 0x01, 0xF0, 0x07,
    0x80, 0x1E, 0x00, 0x70, 0x07, 0xBC, 0xF9, 0xFF, 0xC7, 0xF8, 0x63, 0x1D, 0xC3, 0xE0, 0x70, 0x08,
    0x00, 0x00, 0x00, 0xFE, 0xFF, 0xBC, 0xCE, 0x03, 0xC0, 0xFC, 0x0F, 0xC0, 0xF8, 0x0E, 0x03, 0xF9,
    0xEF, 0xFB, 0xFC, 0xFF, 0xFF, 0xFF, 0xF0, 0x78, 0x01, 0xE0, 0x07, 0x80, 0x1E, 0x00, 0x78, 0x01,
    0xE0, 0x07, 0x80, 0x1E, 0x00, 0x78, 0x01, 0xE0, 0x07, 0x80, 0x1E, 0x00, 0x78, 0x01, 0xE0, 0x07,
    0x80, 0x0C, 0x00, 0x70, 0x00, 0xE0, 0x03, 0x80, 0x3E, 0x00, 0xF0, 0x00, 0x70, 0x78, 0x3C, 0x1E,
    0x0F, 0xF7, 0xFB, 0xC1, 0xE0, 0xF0, 0x78, 0x3C, 0x1E, 0x07, 0x03, 0x81, 0xE4, 0xFF, 0x3F, 0x86,
    0x03, 0x81, 0xC3, 0xE1, 0xF0, 0x08, 0x40, 0x33, 0x80, 0xFC, 0x01, 0xE0, 0x03, 0x00, 0x00, 0x00,
    0x00, 0x3F, 0xFF, 0xFF, 0xFC, 0x1E, 0x00, 0x78, 0x01, 0xE0, 0x07, 0x80, 0x1E, 0x00, 0x78, 0x01,
    0xE0, 0x07, 0x80, 0x1E, 0x00, 0x78, 0x01, 0xE0, 0x07, 0x80, 0x1E, 0x00, 0x78, 0x01, 0xE0, 0x06,
    0x03, 0x01, 0x8E, 0xCF, 0x67, 0x83, 0xC1, 0xFE, 0xFF, 0x78, 0x3C, 0x1E, 0x0F, 0x07, 0x83, 0xC1,
    0xE0, 0x70, 0x3C, 0x9F, 0xE7, 0xF0, 0xFF, 0xFF, 0xFF, 0xF0, 0x78, 0x01, 0xE0, 0x07, 0x80, 0x1E,
    0x00, 0x78, 0x0F, 0xFC, 0x3F, 0xF0, 0x1E, 0x00, 0x78, 0x01, 0xE0, 0x07, 0x80, 0x1E, 0x00, 0x78,
    0x01, 0xE0, 0x07, 0x80, 0x70, 0x78, 0x3C, 0x1E, 0x0F, 0xF7, 0xFB, 0xC1, 0xE0, 0xF0, 0x7F, 0xBF,
    0xDE, 0x0F, 0x03, 0x81, 0xE4, 0xFF, 0x3F, 0x80, 0x1F, 0x60, 0x7F, 0x83, 0xBC, 0x00, 0x00, 0x00,
    0x00, 0x00, 0x0E, 0x03, 0xF8, 0x0F, 0xE0, 0x3F, 0x80, 0xFE, 0x03, 0xF8, 0x0F, 0xE0, 0x3F, 0x80,
    0xFE, 0x03, 0xF8, 0x0F, 0xE0, 0x3F, 0x80, 0xEE, 0x03, 0xBC, 0x1E, 0x7C, 0xF0, 0xFF, 0xC1, 0xFC,
    0x00, 0x1E, 0xC3, 0xFC, 0x37, 0x80, 0x00, 0x00, 0x00, 0x00, 0xF0, 0x7F, 0x07, 0xF0, 0x7F, 0x07,
    0xF0, 0x7F, 0x07, 0xF0, 0x7F, 0x07, 0x70, 0x77, 0x07, 0x78, 0xF3, 0xFF, 0x1F, 0xF0, 0x1F, 0xE0,
    0x7F, 0x80, 0x00, 0x00, 0x00, 0x00, 0x03, 0x80, 0xFE, 0x03, 0xF8, 0x0F, 0xE0, 0x3F, 0x80, 0xFE,
    0x03, 0xF8, 0x0F, 0xE0, 0x3F, 0x80, 0xFE, 0x03, 0xF8, 0x0F, 0xE0, 0x3B, 0x80, 0xEF, 0x07, 0x9F,
    0x3C, 0x3F, 0xF0, 0x7F, 0x00, 0x3F, 0xC3, 0xFC, 0x00, 0x00, 0x00, 0x00, 0x0F, 0x07, 0xF0, 0x7F,
    0x07, 0xF0, 0x7F, 0x07, 0xF0, 0x7F, 0x07, 0xF0, 0x77, 0x07, 0x70, 0x77, 0x8F, 0x3F, 0xF1, 0xFF,
    0x18, 0xC0, 0x77, 0x00, 0xFC, 0x03, 0xE0, 0x00, 0x00, 0x00, 0x0E, 0x03, 0xF8, 0x0F, 0xE0, 0x3F,
    0x80, 0xFE, 0x03, 0xF8, 0x0F, 0xE0, 0x3F, 0x80, 0xFE, 0x03, 0xF8, 0x0F, 0xE0, 0x3F, 0x80, 0xEE,
    0x03, 0xBC, 0x1E, 0x7C, 0xF0, 0xFF, 0xC1, 0xFC, 0x00, 0x39, 0xC1, 0xDC, 0x1F, 0x80, 0xF0, 0x00,
    0x00, 0x00, 0xF0, 0x7F, 0x07, 0xF0, 0x7F, 0x07, 0xF0, 0x7F, 0x07, 0xF0, 0x7F, 0x07, 0x70, 0x77,
    0x07, 0x78, 0xF3, 0xFF, 0x1F, 0xF0, 0x07, 0x80, 0x36, 0x00, 0xCC, 0x03, 0x60, 0x07, 0x80, 0x00,
    0x00, 0x00, 0x38, 0x0F, 0xE0, 0x3F, 0x80, 0xFE, 0x03, 0xF8, 0x0F, 0xE0, 0x3F, 0x80, 0xFE, 0x03,
    0xF8, 0x0F, 0xE0, 0x3F, 0x80, 0xFE, 0x03, 0xB8, 0x0E, 0xF0, 0x79, 0xF3, 0xC3, 0xFF, 0x07, 0xF0,
    0x0F, 0x01, 0xD8, 0x19, 0x81, 0xD8, 0x0F, 0x00, 0x00, 0x00, 0x0F, 0x07, 0xF0, 0x7F, 0x07, 0xF0,
    0x7F, 0x07, 0xF0, 0x7F, 0x07, 0xF0, 0x77, 0x07, 0x70, 0x77, 0x8F, 0x3F, 0xF1, 0xFF, 0x03, 0x30,
    0x1D, 0xC0, 0xEE, 0x07, 0x30, 0x18, 0xC0, 0x00, 0x00, 0x00, 0x38, 0x0F, 0xE0, 0x3F, 0x80, 0xFE,
    0x03, 0xF8, 0x0F, 0xE0, 0x3F, 0x80, 0xFE, 0x03, 0xF8, 0x0F, 0xE0, 0x3F, 0x80, 0xFE, 0x03, 0xB8,
    0x0E, 0xF0, 0x79, 0xF3, 0xC3, 0xFF, 0x07, 0xF0, 0x06, 0x60, 0xEE, 0x0E, 0xE1, 0xDC, 0x19, 0x80,
    0x00, 0x00, 0x0F, 0x07, 0xF0, 0x7F, 0x07, 0xF0, 0x7F, 0x07, 0xF0, 0x7F, 0x07, 0xF0, 0x77, 0x07,
    0x70, 0x77, 0x8F, 0x3F, 0xF1, 0xFF, 0xE0, 0x3F, 0x80, 0xFE, 0x03, 0xF8, 0x0F, 0xE0, 0x3F, 0x80,
    0xFE, 0x03, 0xF8, 0x0F, 0xE0, 0x3F, 0x80, 0xFE, 0x03, 0xF8, 0x0E, 0xE0, 0x3B, 0xC1, 0xE7, 0xCF,
    0x8F, 0xFC, 0x1F, 0xE0, 0x0E, 0x00, 0x70, 0x01, 0xC0, 0x07, 0xC0, 0x0F, 0x00, 0xF0, 0x7F, 0x07,
    0xF0, 0x7F, 0x07, 0xF0, 0x7F, 0x07, 0xF0, 0x7F, 0x07, 0x70, 0x77, 0x07, 0x78, 0xF3, 0xFF, 0x1F,
    0xF0, 0x0E, 0x01, 0xC0, 0x1C, 0x01, 0xF0, 0x1F, 0x00, 0x18, 0x00, 0x00, 0x70, 0x00, 0x01, 0xF0,
    0x00, 0x07, 0x70, 0x00, 0x0C, 0x60, 0x00, 0x00, 0x00, 0x00, 0x00, 0x00, 0x78, 0x00, 0x07, 0x70,
    0x00, 0x1E, 0xE0, 0x70, 0x39, 0xC0, 0xF0, 0x73, 0x83, 0xE0, 0xE7, 0x87, 0xC1, 0xC7, 0x0F, 0xC7,
    0x8E, 0x3B, 0x8E, 0x1C, 0x77, 0x1C, 0x3C, 0xE7, 0x38, 0x3B, 0x8E, 0x70, 0x77, 0x1D, 0xC0, 0xEE,
    0x1F, 0x81, 0xF8, 0x3F, 0x01, 0xF0, 0x3C, 0x03, 0xC0, 0x78, 0x07, 0x80, 0xF0, 0x00, 0x60, 0x00,
    0x1C, 0x00, 0x07, 0xC0, 0x01, 0xDC, 0x00, 0x31, 0x80, 0x00, 0x00, 0x00, 0x00, 0x07, 0x07, 0x07,
    0xF0, 0xE0, 0xEE, 0x1E, 0x1D, 0xC3, 0xC7, 0x38, 0xF8, 0xE3, 0x9F, 0x9C, 0x73, 0x77, 0x0E, 0xEE,
    0xE0, 0xFC, 0xDC, 0x1F, 0x1F, 0x03, 0xE3, 0xE0, 0x3C, 0x3C, 0x07, 0x07, 0x00, 0x01, 0x00, 0x07,
    0x00, 0x1F, 0x00, 0x77, 0x00, 0xC6, 0x00, 0x00, 0x00, 0x00, 0x78, 0x0F, 0x70, 0x1C, 0xF0, 0x78,
    0xE0, 0xE1, 0xE3, 0xC1, 0xEF, 0x01, 0xDC, 0x03, 0xF8, 0x03, 0xE0, 0x03, 0x80, 0x07, 0x00, 0x0E,
    0x00, 0x1C, 0x00, 0x38, 0x00, 0x70, 0x00, 0xE0, 0x01, 0xC0, 0x02, 0x00, 0x70, 0x0F, 0x81, 0xDC,
    0x18, 0xC0, 0x00, 0x00, 0x0E, 0x07, 0xF0, 0x77, 0x07, 0x70, 0xE7, 0x8E, 0x38, 0xE3, 0x8C, 0x1D,
    0xC1, 0xDC, 0x1F, 0x80, 0xF8, 0x0F, 0x80, 0x70, 0x07, 0x00, 0x70, 0x9E, 0x0F, 0xC0, 0xF8, 0x00,
    0x0E, 0xE0, 0x3D, 0xE0, 0x3B, 0x80, 0x00, 0x00, 0x00, 0x1E, 0x03, 0xDC, 0x07, 0x3C, 0x1E, 0x38,
    0x38, 0x78, 0xF0, 0x7B, 0xC0, 0x77, 0x00, 0xFE, 0x00, 0xF8, 0x00, 0xE0, 0x01, 0xC0, 0x03, 0x80,
    0x07, 0x00, 0x0E, 0x00, 0x1C, 0x00, 0x38, 0x00, 0x70, 0x00, 0x00, 0xC0, 0x07, 0x00, 0x38, 0x00,
    0xE0, 0x03, 0x00, 0x00, 0x00, 0x00, 0x1F, 0xFF, 0x7F, 0xFC, 0x01, 0xE0, 0x0F, 0x00, 0x38, 0x01,
    0xE0, 0x0F, 0x00, 0x78, 0x01, 0xC0, 0x0F, 0x00, 0x78, 0x01, 0xC0, 0x0F, 0x00, 0x78, 0x01, 0xC0,
    0x0F, 0xFF, 0xFF, 0xFF, 0x03, 0x80, 0x70, 0x1C, 0x07, 0x00, 0xC0, 0x00, 0x00, 0x03, 0xFF, 0x7F,
    0xE0, 0x3C, 0x0F, 0x03, 0xC0, 0xF0, 0x1C, 0x07, 0x81, 0xE0, 0x78, 0x0E, 0x01, 0xFF, 0xBF, 0xF0,
    0x03, 0x80, 0x1E, 0x00, 0x38, 0x00, 0x00, 0x00, 0x01, 0xFF, 0xF7, 0xFF, 0xC0, 0x1E, 0x00, 0xF0,
    0x03, 0x80, 0x1E, 0x00, 0xF0, 0x07, 0x80, 0x1C, 0x00, 0xF0, 0x07, 0x80, 0x1C, 0x00, 0xF0, 0x07,
    0x80, 0x1C, 0x00, 0xFF, 0xFF, 0xFF, 0xF0, 0x0E, 0x01, 0xE0, 0x38, 0x00, 0x00, 0x00, 0xFF, 0xDF,
    0xF8, 0x0F, 0x03, 0xC0, 0xF0, 0x3C, 0x07, 0x01, 0xE0, 0x78, 0x1E, 0x03, 0x80, 0x7F, 0xEF, 0xFC,
    0x0C, 0x60, 0x3B, 0x80, 0x7C, 0x01, 0xE0, 0x03, 0x00, 0x00, 0x00, 0x00, 0x1F, 0xFF, 0x7F, 0xFC,
    0x01, 0xE0, 0x0F, 0x00, 0x38, 0x01, 0xE0, 0x0F, 0x00, 0x78, 0x01, 0xC0, 0x0F, 0x00, 0x78, 0x01,
    0xC0, 0x0F, 0x00, 0x78, 0x01, 0xC0, 0x0F, 0xFF, 0xFF, 0xFF, 0x31, 0x87, 0x30, 0x7C, 0x07, 0x80,
    0x60, 0x00, 0x00, 0x03, 0xFF, 0x7F, 0xE0, 0x3C, 0x0F, 0x03, 0xC0, 0xF0, 0x1C, 0x07, 0x81, 0xE0,
    0x78, 0x0E, 0x01, 0xFF, 0xBF, 0xF0, 0x3F, 0x7F, 0xF0, 0xE0, 0xE0, 0xE0, 0xE0, 0xE0, 0xE0, 0xE0,
    0xE0, 0xE0, 0xE0, 0xE0, 0xE0, 0xE0, 0xE0, 0xE0, 0xE0, 0x00, 0x00, 0x0C, 0x60, 0x00, 0x00, 0x33,
    0x80, 0x00, 0x00, 0x7C, 0x00, 0x00, 0x01, 0xE0, 0x00, 0x00, 0x03, 0x00, 0x00, 0x00, 0x00, 0x00,
    0x00, 0x00, 0x00, 0x3F, 0xF0, 0x1F, 0xFE, 0xFF, 0xE0, 0x7F, 0xFB, 0x87, 0xE0, 0x01, 0xEE, 0x07,
    0x80, 0x0F, 0x38, 0x0F, 0x00, 0x38, 0xE0, 0x1C, 0x01, 0xC3, 0x80, 0x78, 0x0F, 0x0E, 0x01, 0xE0,
    0x78, 0x38, 0x07, 0x81, 0xC0, 0xE0, 0x1E, 0x0F, 0x03, 0x80, 0x78, 0x78, 0x0E, 0x01, 0xC1, 0xC0,
    0x38, 0x0F, 0x0E, 0x00, 0xE0, 0x78, 0x78, 0x03, 0x87, 0xE1, 0xC0, 0x0F, 0xFE, 0x0F, 0xFF, 0xFF,
    0xF0, 0x3F, 0xFF, 0x00, 0x00, 0x31, 0x80, 0x00, 0x07, 0x70, 0x00, 0x00, 0x7C, 0x7F, 0xE0, 0x07,
    0x8F, 0xFE, 0x00, 0x61, 0xC3, 0xF0, 0x00, 0x38, 0x1E, 0x00, 0x07, 0x01, 0xE3, 0xFF, 0xE0, 0x1C,
    0x7F, 0xFC, 0x03, 0xC0, 0x3F, 0x80, 0x78, 0x0F, 0x70, 0x0F, 0x03, 0xCE, 0x01, 0xE0, 0xF1, 0xC0,
    0x3C, 0x3C, 0x38, 0x07, 0x07, 0x07, 0x01, 0xE1, 0xE0, 0xE0, 0x78, 0x78, 0x1C, 0x3F, 0x0E, 0x03,
    0xFF, 0x83, 0xFF, 0xFF, 0xE0, 0x7F, 0xF0, 0x00, 0x00, 0xC6, 0x00, 0x38, 0x77, 0x00, 0x1C, 0x1F,
    0x00, 0x0E, 0x07, 0x00, 0x07, 0x01, 0x80, 0x03, 0x80, 0x00, 0x01, 0xC0, 0x00, 0x3F, 0xE3, 0xFF,
    0x3F, 0xF1, 0xFF, 0xBC, 0xF8, 0x03, 0xBC, 0x1C, 0x03, 0xDC, 0x0E, 0x03, 0xCE, 0x07, 0x03, 0xC7,
    0x03, 0x83, 0xC3, 0x81, 0xC1, 0xC1, 0xC0, 0xE1, 0xE0, 0xF0, 0x71, 0xE0, 0x3E, 0x38, 0xE0, 0x0F,
    0xFC, 0xFF, 0xE3, 0xFE, 0x7F, 0xF0, 0xE0, 0x00, 0x1F, 0x80, 0x00, 0x7E, 0x00, 0x01, 0xF8, 0x00,
    0x07, 0xE0, 0x00, 0x1F, 0x80, 0x00, 0x7E, 0x00, 0x01, 0xF8, 0x00, 0x07, 0xE0, 0x00, 0x1F, 0x80,
    0x00, 0x7E, 0x00, 0x01, 0xF8, 0x00, 0x07, 0xE0, 0x00, 0x1F, 0x80, 0x00, 0xFE, 0x01, 0xE7, 0xBF,
    0xFF, 0xFE, 0xFF, 0xEF, 0xE0, 0x00, 0x07, 0xE0, 0x07, 0xE0, 0x00, 0xE0, 0x00, 0xE0, 0x00, 0xE0,
    0x07, 0xE0, 0x07, 0xE0, 0x07, 0xE0, 0x07, 0xE0, 0x07, 0xE0, 0x07, 0xE0, 0x07, 0xE0, 0x07, 0xE0,
    0x07, 0xE0, 0x07, 0xE0, 0x07, 0xFF, 0xE7, 0xFF, 0xE7, 0x00, 0x07, 0x00, 0x0F, 0x00, 0x0E, 0x00,
    0x7E, 0x00, 0x7C, 0x70, 0x0E, 0x3D, 0xC7, 0xB8, 0x07, 0x00, 0xE0, 0x1C, 0x3B, 0x87, 0x70, 0xEE,
    0x1D, 0xC3, 0xB8, 0x77, 0x0E, 0xE1, 0xDC, 0x3B, 0x87, 0x78, 0xEF, 0x9C, 0xE3, 0x80, 0x70, 0x1C,
    0x07, 0x83, 0xF0, 0x7C, 0xE0, 0x1C, 0x00, 0xFE, 0x03, 0x80, 0x1F, 0xE0, 0x70, 0x03, 0xFE, 0x0E,
    0x00, 0x7F, 0xC1, 0xC0, 0x0F, 0xDC, 0x38, 0x01, 0xFB, 0xC7, 0x00, 0x3F, 0x3C, 0xE0, 0x07, 0xE3,
    0x9C, 0x00, 0xFC, 0x3B, 0x80, 0x1F, 0x87, 0xF0, 0x03, 0xF0, 0x7E, 0x00, 0x7E, 0x07, 0xC0, 0x0F,
    0xC0, 0xF8, 0x01, 0xF8, 0x0F, 0x1C, 0xF7, 0x00, 0xE7, 0xFE, 0xE0, 0x1C, 0x7F, 0x80, 0x00, 0x00,
    0x3F, 0x00, 0xE1, 0xFC, 0x07, 0x01, 0xF0, 0x38, 0x0F, 0xC1, 0xC0, 0x7E, 0x0E, 0x1F, 0xB8, 0x70,
    0xFD, 0xE3, 0x87, 0xE7, 0x9C, 0x3F, 0x1C, 0xE1, 0xF8, 0x77, 0x0F, 0xC3, 0xF8, 0x7E, 0x0F, 0xC3,
    0xF0, 0x3E, 0x1F, 0x81, 0xF0, 0xFC, 0x07, 0x87, 0xE0, 0x1C, 0x3F, 0x00, 0xE1, 0xC0, 0x00, 0x0E,
    0x00, 0x00, 0x70, 0x00, 0x07, 0x80, 0x01, 0xF8, 0x00, 0x0F, 0x80, 0x00, 0x03, 0x80, 0x00, 0xE0,
    0x00, 0x00, 0x00, 0x00, 0x00, 0x00, 0x3F, 0xE0, 0xEF, 0xFC, 0x3B, 0x8F, 0x0E, 0xE1, 0xE3, 0xB8,
    0x38, 0xEE, 0x0E, 0x3B, 0x83, 0x8E, 0xE0, 0xE3, 0xB8, 0x38, 0xEE, 0x0E, 0x3B, 0x83, 0x8E, 0xE0,
    0xE3, 0xB8, 0x38, 0xE0, 0x00, 0x38, 0x00, 0x0E, 0x00, 0x07, 0x80, 0x07, 0xC0, 0x03, 0xE0, 0x06,
    0x30, 0x03, 0xB8, 0x00, 0xF8, 0x00, 0x78, 0x00, 0x18, 0x00, 0x00, 0x00, 0x00, 0x00, 0x03, 0x80,
    0x03, 0xE0, 0x01, 0xF0, 0x01, 0xF8, 0x00, 0xEE, 0x00, 0xE7, 0x00, 0x73, 0xC0, 0x78, 0xE0, 0x38,
    0x78, 0x1C, 0x1C, 0x1E, 0x0E, 0x0F, 0xFF, 0x87, 0xFF, 0xC7, 0x00, 0xE3, 0x80, 0x7B, 0xC0, 0x1D,
    0xC0, 0x0F, 0x31, 0x87, 0x70, 0x7C, 0x07, 0x00, 0x40, 0x00, 0x00, 0x03, 0xFC, 0x7F, 0xCC, 0x78,
    0x07, 0x00, 0x73, 0xFE, 0xFF, 0xFE, 0x7F, 0x07, 0xE0, 0xFE, 0x3F, 0xFF, 0x9F, 0xE0, 0xC7, 0xDD,
    0xF1, 0xC3, 0x00, 0x00, 0x1C, 0x38, 0x70, 0xE1, 0xC3, 0x87, 0x0E, 0x1C, 0x38, 0x70, 0xE1, 0xC3,
    0x87, 0x0E, 0x1C, 0x63, 0x67, 0x3E, 0x3C, 0x18, 0x00, 0x00, 0x1C, 0x1C, 0x1C, 0x1C, 0x1C, 0x1C,
    0x1C, 0x1C, 0x1C, 0x1C, 0x1C, 0x1C, 0x1C, 0x06, 0x30, 0x03, 0xB8, 0x00, 0xF8, 0x00, 0x3C, 0x00,
    0x0C, 0x00, 0x00, 0x00, 0x00, 0x00, 0x0F, 0xF0, 0x1F, 0xFC, 0x1F, 0x9F, 0x1E, 0x03, 0xCE, 0x00,
    0xF7, 0x00, 0x7F, 0x80, 0x1F, 0x80, 0x0F, 0xC0, 0x07, 0xE0, 0x03, 0xF8, 0x01, 0xDC, 0x01, 0xEE,
    0x00, 0xF7, 0x80, 0xF1, 0xF9, 0xF0, 0x7F, 0xF0, 0x0F, 0xF0, 0x18, 0xC0, 0xEE, 0x03, 0xE0, 0x0E,
    0x00, 0x60, 0x00, 0x00, 0x00, 0x03, 0xF8, 0x3F, 0xE3, 0xCF, 0x9C, 0x1D, 0xC0, 0xFE, 0x03, 0xF0,
    0x1F, 0x80, 0xFC, 0x0F, 0x70, 0x73, 0xCF, 0x8F, 0xF8, 0x3F, 0x80, 0x18, 0xC0, 0x77, 0x00, 0xF8,
    0x01, 0xC0, 0x03, 0x00, 0x00, 0x00, 0x00, 0x38, 0x0F, 0xE0, 0x3F, 0x80, 0xFE, 0x03, 0xF8, 0x0F,
    0xE0, 0x3F, 0x80, 0xFE, 0x03, 0xF8, 0x0F, 0xE0, 0x3F, 0x80, 0xFE, 0x03, 0xB8, 0x0E, 0xF0, 0x79,
    0xF3, 0xC3, 0xFF, 0x07, 0xF0, 0x18, 0x81, 0x9C, 0x1F, 0x80, 0xF0, 0x06, 0x00, 0x00, 0x00, 0x0F,
    0x07, 0xF0, 0x7F, 0x07, 0xF0, 0x7F, 0x07, 0xF0, 0x7F, 0x07, 0xF0, 0x77, 0x07, 0x70, 0x77, 0x8F,
    0x3F, 0xF1, 0xFF, 0x1F, 0xC0, 0x7F, 0x00, 0x00, 0x07, 0x38, 0x3D, 0xE0, 0x73, 0x80, 0x00, 0x00,
    0x00, 0xE0, 0x3F, 0x80, 0xFE, 0x03, 0xF8, 0x0F, 0xE0, 0x3F, 0x80, 0xFE, 0x03, 0xF8, 0x0F, 0xE0,
    0x3F, 0x80, 0xFE, 0x03, 0xF8, 0x0E, 0xE0, 0x3B, 0xC1, 0xE7, 0xCF, 0x0F, 0xFC, 0x1F, 0xC0, 0x1F,
    0xC1, 0xFC, 0x00, 0x03, 0x9C, 0x39, 0xC3, 0x9C, 0x00, 0x00, 0x00, 0xF0, 0x7F, 0x07, 0xF0, 0x7F,
    0x07, 0xF0, 0x7F, 0x07, 0xF0, 0x7F, 0x07, 0x70, 0x77, 0x07, 0x78, 0xF3, 0xFF, 0x1F, 0xF0, 0x01,
    0x80, 0x0E, 0x03, 0xF6, 0x0F, 0xBC, 0x38, 0x60, 0x00, 0x00, 0x00, 0x38, 0x0F, 0xE0, 0x3F, 0x80,
    0xFE, 0x03, 0xF8, 0x0F, 0xE0, 0x3F, 0x80, 0xFE, 0x03, 0xF8, 0x0F, 0xE0, 0x3F, 0x80, 0xFE, 0x03,
    0xB8, 0x0E, 0xF0, 0x79, 0xF3, 0xC3, 0xFF, 0x07, 0xF0, 0x01, 0x80, 0x38, 0x07, 0x03, 0xFC, 0x39,
    0xC3, 0x9C, 0x00, 0x00, 0x00, 0xF0, 0x7F, 0x07, 0xF0, 0x7F, 0x07, 0xF0, 0x7F, 0x07, 0xF0, 0x7F,
    0x07, 0x70, 0x77, 0x07, 0x78, 0xF3, 0xFF, 0x1F, 0xF0, 0x18, 0xC0, 0x3F, 0x00, 0x78, 0x0E, 0xD8,
    0x38, 0xF0, 0xE1, 0x80, 0x00, 0x00, 0x00, 0xE0, 0x3F, 0x80, 0xFE, 0x03, 0xF8, 0x0F, 0xE0, 0x3F,
    0x80, 0xFE, 0x03, 0xF8, 0x0F, 0xE0, 0x3F, 0x80, 0xFE, 0x03, 0xF8, 0x0E, 0xE0, 0x3B, 0xC1, 0xE7,
    0xCF, 0x0F, 0xFC, 0x1F, 0xC0, 0x19, 0x81, 0xF8, 0x0F, 0x00, 0x60, 0x39, 0xC3, 0x9C, 0x39, 0xC0,
    0x00, 0x00, 0x0F, 0x07, 0xF0, 0x7F, 0x07, 0xF0, 0x7F, 0x07, 0xF0, 0x7F, 0x07, 0xF0, 0x77, 0x07,
    0x70, 0x77, 0x8F, 0x3F, 0xF1, 0xFF, 0x0C, 0x00, 0x38, 0x03, 0xF6, 0x0E, 0xFC, 0x38, 0x60, 0x00,
    0x00, 0x00, 0x38, 0x0F, 0xE0, 0x3F, 0x80, 0xFE, 0x03, 0xF8, 0x0F, 0xE0, 0x3F, 0x80, 0xFE, 0x03,
    0xF8, 0x0F, 0xE0, 0x3F, 0x80, 0xFE, 0x03, 0xB8, 0x0E, 0xF0, 0x79, 0xF3, 0xC3, 0xFF, 0x07, 0xF0,
    0x0C, 0x01, 0xC0, 0x0E, 0x03, 0xFC, 0x39, 0xC3, 0x9C, 0x00, 0x00, 0x00, 0xF0, 0x7F, 0x07, 0xF0,
    0x7F, 0x07, 0xF0, 0x7F, 0x07, 0xF0, 0x7F, 0x07, 0x70, 0x77, 0x07, 0x78, 0xF3, 0xFF, 0x1F, 0xF0,
    0x7F, 0x87, 0xFC, 0x63, 0xE0, 0x0E, 0x00, 0xF0, 0x07, 0xFF, 0xFF, 0xFF, 0xE0, 0x7E, 0x0E, 0x7B,
    0xE7, 0xFC, 0x3F, 0x80, 0x07, 0xF0, 0x03, 0xF8, 0x00, 0x00, 0x01, 0xCE, 0x00, 0xE7, 0x00, 0x73,
    0x80, 0x00, 0x00, 0x00, 0x00, 0x01, 0xC0, 0x01, 0xF0, 0x00, 0xF8, 0x00, 0xFC, 0x00, 0x77, 0x00,
    0x73, 0x80, 0x39, 0xE0, 0x3C, 0x70, 0x1C, 0x3C, 0x0E, 0x0E, 0x0F, 0x07, 0x07, 0xFF, 0xC3, 0xFF,
    0xE3, 0x80, 0x71, 0xC0, 0x3D, 0xE0, 0x0E, 0xE0, 0x07, 0x80, 0x3F, 0x87, 0xF0, 0x00, 0x18, 0xE7,
    0xBC, 0x63, 0x80, 0x00, 0x00, 0x7F, 0x8F, 0xF9, 0x8F, 0x00, 0xE0, 0x0E, 0x7F, 0xDF, 0xFF, 0xCF,
    0xE0, 0xFC, 0x1F, 0xC7, 0xFF, 0xF3, 0xFC, 0x07, 0xF0, 0x03, 0xF8, 0x00, 0x00, 0x00, 0x38, 0x00,
    0x1C, 0x00, 0x0E, 0x00, 0x00, 0x00, 0x00, 0x00, 0x01, 0xC0, 0x01, 0xF0, 0x00, 0xF8, 0x00, 0xFC,
    0x00, 0x77, 0x00, 0x73, 0x80, 0x39, 0xE0, 0x3C, 0x70, 0x1C, 0x3C, 0x0E, 0x0E, 0x0F, 0x07, 0x07,
    0xFF, 0xC3, 0xFF, 0xE3, 0x80, 0x71, 0xC0, 0x3D, 0xE0, 0x0E, 0xE0, 0x07, 0x80, 0x3F, 0x87, 0xF0,
    0x00, 0x07, 0x00, 0xE0, 0x1C, 0x00, 0x00, 0x00, 0x7F, 0x8F, 0xF9, 0x8F, 0x00, 0xE0, 0x0E, 0x7F,
    0xDF, 0xFF, 0xCF, 0xE0, 0xFC, 0x1F, 0xC7, 0xFF, 0xF3, 0xFC, 0x00, 0x1F, 0xC0, 0x00, 0x3F, 0x80,
    0x00, 0x00, 0x00, 0x00, 0x00, 0x00, 0x00, 0x00, 0x00, 0x07, 0xFF, 0x80, 0x1F, 0xFF, 0x00, 0x7F,
    0x00, 0x00, 0xEE, 0x00, 0x03, 0xDC, 0x00, 0x07, 0x38, 0x00, 0x1C, 0x70, 0x00, 0x78, 0xFF, 0x80,
    0xE1, 0xFF, 0x03, 0x83, 0x80, 0x0F, 0x07, 0x00, 0x1F, 0xFE, 0x00, 0x7F, 0xFC, 0x00, 0xE0, 0x38,
    0x03, 0xC0, 0x70, 0x07, 0x00, 0xFF, 0xFC, 0x01, 0xFF, 0xC0, 0x03, 0xFC, 0x00, 0x3F, 0xC0, 0x00,
    0x00, 0x00, 0x00, 0x00, 0x00, 0x00, 0x07, 0xF1, 0xF8, 0x7F, 0xBF, 0xC6, 0x3F, 0xBE, 0x01, 0xE0,
    0xE0, 0x0E, 0x0E, 0x3F, 0xFF, 0xE7, 0xFF, 0xFE, 0xF9, 0xE0, 0x0E, 0x0E, 0x00, 0xE0, 0xF0, 0x0F,
    0x1F, 0x8C, 0xFF, 0xFF, 0xC3, 0xF9, 0xFC, 0x07, 0xF8, 0x0F, 0xFE, 0x0F, 0xCF, 0x0F, 0x00, 0x07,
    0x00, 0x03, 0x80, 0x03, 0xC0, 0x01, 0xC0, 0x00, 0xE0, 0x1E, 0x70, 0x0F, 0x3C, 0x1F, 0xFE, 0x0F,
    0xF7, 0x01, 0xE3, 0xC0, 0xF0, 0xFC, 0x78, 0x3F, 0xFC, 0x07, 0xFC, 0x00, 0x1F, 0xF0, 0xFF, 0xC7,
    0xCF, 0x1C, 0x1C, 0xE0, 0x73, 0x8F, 0xFE, 0x3F, 0xF8, 0x1C, 0xE0, 0x73, 0xC1, 0xC7, 0xDF, 0x0F,
    0xFC, 0x1F, 0xF0, 0x01, 0xC0, 0x0F, 0x1C, 0x78, 0x7F, 0xC1, 0xFE, 0x00, 0x06, 0x30, 0x0E, 0xE0,
    0x0F, 0x80, 0x0E, 0x00, 0x18, 0x00, 0x00, 0x00, 0x00, 0x03, 0xFC, 0x1F, 0xFC, 0x7E, 0x79, 0xE0,
    0x03, 0xC0, 0x07, 0x00, 0x1E, 0x00, 0x38, 0x00, 0x70, 0x00, 0xE0, 0x1F, 0xE0, 0x3F, 0xC0, 0x7B,
    0x80, 0xF7, 0x81, 0xE7, 0xE3, 0xC7, 0xFF, 0x83, 0xFE, 0x18, 0xC1, 0x9C, 0x0F, 0x80, 0xF0, 0x06,
    0x00, 0x00, 0x00, 0x01, 0xFF, 0x3F, 0xF7, 0xCF, 0x70, 0x7E, 0x07, 0xE0, 0x7E, 0x07, 0xE0, 0x7E,
    0x07, 0xF0, 0x77, 0xDF, 0x3F, 0xF1, 0xFF, 0x00, 0x70, 0x0F, 0x71, 0xE7, 0xFE, 0x7F, 0x80, 0x10,
    0x80, 0xE7, 0x01, 0xF8, 0x03, 0xC0, 0x06, 0x00, 0x00, 0x00, 0x00, 0x38, 0x1E, 0xE0, 0xF3, 0x87,
    0x8E, 0x3C, 0x39, 0xE0, 0xEF, 0x03, 0xF8, 0x0F, 0xC0, 0x3F, 0x80, 0xFF, 0x03, 0xBE, 0x0E, 0x7C,
    0x38, 0xF8, 0xE1, 0xF3, 0x83, 0xCE, 0x07, 0xB8, 0x0F, 0xCC, 0x0F, 0xE0, 0x7C, 0x03, 0x80, 0x00,
    0x00, 0x00, 0x70, 0x07, 0x00, 0x70, 0x07, 0x00, 0x70, 0x07, 0x00, 0x70, 0xE7, 0x1C, 0x77, 0x87,
    0xF0, 0x7E, 0x07, 0xC0, 0x7E, 0x07, 0xF0, 0x77, 0x87, 0x3C, 0x71, 0xE7, 0x0E, 0x70, 0xF0, 0x07,
    0xF8, 0x0F, 0xFE, 0x0F, 0xCF, 0x8F, 0x01, 0xE7, 0x00, 0x7B, 0x80, 0x3F, 0xC0, 0x0F, 0xC0, 0x07,
    0xE0, 0x03, 0xF0, 0x01, 0xFC, 0x00, 0xEE, 0x00, 0xF7, 0x00, 0x7B, 0xC0, 0x78, 0xFC, 0xF8, 0x3F,
    0xF8, 0x07, 0xF8, 0x00, 0x70, 0x00, 0x70, 0x00, 0x38, 0x00, 0x1F, 0x00, 0x07, 0x80, 0x1F, 0xC1,
    0xFF, 0x1E, 0x7C, 0xE0, 0xEE, 0x07, 0xF0, 0x1F, 0x80, 0xFC, 0x07, 0xE0, 0x7B, 0x83, 0x9E, 0x7C,
    0x7F, 0xC1, 0xFC, 0x03, 0x80, 0x38, 0x01, 0xC0, 0x0F, 0x80, 0x3C, 0x00, 0x07, 0xF8, 0x03, 0xFC,
    0x00, 0x00, 0x00, 0x00, 0x00, 0x00, 0x00, 0x3F, 0xC0, 0x7F, 0xF0, 0x7E, 0x7C, 0x78, 0x0F, 0x38,
    0x03, 0xDC, 0x01, 0xFE, 0x00, 0x7E, 0x00, 0x3F, 0x00, 0x1F, 0x80, 0x0F, 0xE0, 0x07, 0x70, 0x07,
    0xB8, 0x03, 0xDE, 0x03, 0xC7, 0xE7, 0xC1, 0xFF, 0xC0, 0x3F, 0xC0, 0x03, 0x80, 0x03, 0x80, 0x01,
    0xC0, 0x00, 0xF8, 0x00, 0x3C, 0x00, 0x3F, 0xC1, 0xFE, 0x00, 0x00, 0x00, 0x00, 0x00, 0x0F, 0xE0,
    0xFF, 0x8F, 0x3E, 0x70, 0x77, 0x03, 0xF8, 0x0F, 0xC0, 0x7E, 0x03, 0xF0, 0x3D, 0xC1, 0xCF, 0x3E,
    0x3F, 0xE0, 0xFE, 0x01, 0xC0, 0x1C, 0x00, 0xE0, 0x07, 0xC0, 0x1E, 0x00, 0x08, 0x40, 0xE7, 0x03,
    0xF0, 0x0F, 0x00, 0x30, 0x00, 0x00, 0x00, 0x0F, 0xFF, 0x7F, 0xF8, 0x03, 0x80, 0x38, 0x03, 0x80,
    0x38, 0x03, 0x80, 0x3F, 0x81, 0xFE, 0x01, 0xF8, 0x03, 0xC0, 0x0E, 0x00, 0x70, 0x03, 0xBC, 0xFF,
    0xFF, 0xCF, 0xF8, 0x10, 0x81, 0x9C, 0x1F, 0x80, 0xF0, 0x06, 0x00, 0x00, 0x00, 0x07, 0xFF, 0x7F,
    0xE0, 0x0E, 0x01, 0xC0, 0x38, 0x07, 0x00, 0xF0, 0x0F, 0x80, 0xFE, 0x03, 0xF0, 0x0F, 0x00, 0x70,
    0x07, 0x00, 0x70, 0x0F, 0x73, 0xE7, 0xFE, 0x7F, 0x80, 0x31, 0x99, 0xC7, 0xC3, 0xC0, 0xC0, 0x00,
    0x00, 0x1C, 0x0E, 0x07, 0x03, 0x81, 0xC0, 0xE0, 0x70, 0x38, 0x1C, 0x0E, 0x07, 0x03, 0x81, 0xC0,
    0xE0, 0xF0, 0xF1, 0xF8, 0xF8, 0x00, 0xFF, 0xC0, 0x7F, 0xFB, 0xFF, 0x81, 0xFF, 0xEE, 0x1F, 0x80,
    0x07, 0xB8, 0x1E, 0x00, 0x3C, 0xE0, 0x3C, 0x00, 0xE3, 0x80, 0x70, 0x07, 0x0E, 0x01, 0xE0, 0x3C,
    0x38, 0x07, 0x81, 0xE0, 0xE0, 0x1E, 0x07, 0x03, 0x80, 0x78, 0x3C, 0x0E, 0x01, 0xE1, 0xE0, 0x38,
    0x07, 0x07, 0x00, 0xE0, 0x3C, 0x38, 0x03, 0x81, 0xE1, 0xE0, 0x0E, 0x1F, 0x87, 0x00, 0x3F, 0xF8,
    0x3F, 0xFF, 0xFF, 0xC0, 0xFF, 0xFC, 0xFF, 0xC0, 0x00, 0x1F, 0xFC, 0x00, 0x03, 0x87, 0xE0, 0x00,
    0x70, 0x3C, 0x00, 0x0E, 0x03, 0xC7, 0xFF, 0xC0, 0x38, 0xFF, 0xF8, 0x07, 0x80, 0x7F, 0x00, 0xF0,
    0x1E, 0xE0, 0x1E, 0x07, 0x9C, 0x03, 0xC1, 0xE3, 0x80, 0x78, 0x78, 0x70, 0x0E, 0x0E, 0x0E, 0x03,
    0xC3, 0xC1, 0xC0, 0xF0, 0xF0, 0x38, 0x7E, 0x1C, 0x07, 0xFF, 0x07, 0xFF, 0xFF, 0xC0, 0xFF, 0xE0,
    0x00, 0x70, 0x00, 0x00, 0x38, 0x00, 0x00, 0x1C, 0x00, 0x00, 0x0E, 0x00, 0x00, 0x07, 0x00, 0x00,
    0x03, 0x80, 0x00, 0x7F, 0xC7, 0xFE, 0x7F, 0xE3, 0xFF, 0x79, 0xF0, 0x07, 0x78, 0x38, 0x07, 0xB8,
    0x1C, 0x07, 0x9C, 0x0E, 0x07, 0x8E, 0x07, 0x07, 0x87, 0x03, 0x83, 0x83, 0x81, 0xC3, 0xC1, 0xE0,
    0xE3, 0xC0, 0x7C, 0x71, 0xC0, 0x1F, 0xF9, 0xFF, 0xC7, 0xFC, 0xFF, 0xE0, 0x00, 0x60, 0x01, 0xE0,
    0x03, 0x80, 0x0E, 0x00, 0x18, 0x00, 0x00, 0x00, 0x00, 0x03, 0xFC, 0x1F, 0xFC, 0x7E, 0x79, 0xE0,
    0x03, 0xC0, 0x07, 0x00, 0x1E, 0x00, 0x38, 0x00, 0x70, 0x00, 0xE0, 0x1F, 0xE0, 0x3F, 0xC0, 0x7B,
    0x80, 0xF7, 0x81, 0xE7, 0xE3, 0xC7, 0xFF, 0x83, 0xFE, 0x01, 0x80, 0x38, 0x07, 0x80, 0x70, 0x06,
    0x00, 0x00, 0x00, 0x01, 0xFF, 0x3F, 0xF7, 0xCF, 0x70, 0x7E, 0x07, 0xE0, 0x7E, 0x07, 0xE0, 0x7E,
    0x07, 0xF0, 0x77, 0xDF, 0x3F, 0xF1, 0xFF, 0x00, 0x70, 0x0F, 0x71, 0xE7, 0xFE, 0x7F, 0x80, 0xE0,
    0x1C, 0x01, 0xC0, 0x38, 0x03, 0x80, 0x70, 0x07, 0x00, 0xE0, 0x0E, 0x01, 0xC0, 0xFC, 0x03, 0x81,
    0xF8, 0x07, 0x03, 0xFF, 0xFE, 0x07, 0xFF, 0xFC, 0x0F, 0xC0, 0x38, 0x1F, 0x80, 0x70, 0x3F, 0x00,
    0xE0, 0x7E, 0x01, 0xC0, 0xFC, 0x03, 0x83, 0xF8, 0x07, 0xCF, 0x70, 0x07, 0xFE, 0xE0, 0x07, 0xF0,
    0x7F, 0xC7, 0xFF, 0x3C, 0x7D, 0xC0, 0xFE, 0x03, 0xF0, 0x1F, 0x80, 0xFC, 0x07, 0xE0, 0x3F, 0x03,
    0xF8, 0x1D, 0xC1, 0xEE, 0x1E, 0x73, 0xE3, 0xFC, 0x1F, 0xC0, 0xF8, 0x07, 0x00, 0x38, 0x01, 0xC0,
    0x0E, 0x00, 0x70, 0x00, 0x0C, 0x00, 0x1C, 0x00, 0x1C, 0x00, 0x1C, 0x00, 0x18, 0x00, 0x00, 0x00,
    0x00, 0x70, 0x0E, 0xF0, 0x1D, 0xF0, 0x3B, 0xF0, 0x77, 0xE0, 0xEE, 0xE1, 0xDD, 0xE3, 0xB9, 0xE7,
    0x71, 0xCE, 0xE1, 0xDD, 0xC3, 0xFB, 0x83, 0xF7, 0x03, 0xEE, 0x07, 0xDC, 0x07, 0xB8, 0x07, 0x70,
    0x0E, 0x38, 0x07, 0x00, 0x70, 0x07, 0x00, 0x60, 0x00, 0x00, 0x07, 0xFC, 0xFF, 0xDC, 0x7B, 0x87,
    0xF0, 0x7E, 0x0F, 0xC1, 0xF8, 0x3F, 0x07, 0xE0, 0xFC, 0x1F, 0x83, 0xF0, 0x70, 0x00, 0xC0, 0x01,
    0xF0, 0x00, 0xF0, 0x00, 0x78, 0x00, 0x36, 0x00, 0x1B, 0x00, 0x0F, 0x80, 0x07, 0x80, 0x03, 0xE0,
    0x03, 0xF0, 0x01, 0xDC, 0x01, 0xCE, 0x00, 0xE7, 0x80, 0xF1, 0xC0, 0x70, 0xF0, 0x38, 0x38, 0x3C,
    0x1C, 0x1F, 0xFF, 0x1F, 0xFF, 0x8E, 0x01, 0xC7, 0x00, 0xF7, 0x80, 0x3B, 0x80, 0x1E, 0x07, 0x03,
    0xE0, 0x78, 0x07, 0x81, 0xB0, 0x36, 0x03, 0xC0, 0x00, 0x7F, 0x8F, 0xF9, 0x8F, 0x00, 0xE0, 0x0E,
    0x7F, 0xDF, 0xFF, 0xCF, 0xE0, 0xFC, 0x1F, 0xC7, 0xFF, 0xF3, 0xFC, 0x00, 0x01, 0x80, 0x00, 0x07,
    0x00, 0x00, 0x1C, 0x00, 0x00, 0x78, 0x00, 0x00, 0x60, 0x00, 0x00, 0x00, 0x00, 0x00, 0x00, 0x00,
    0x1F, 0xFE, 0x00, 0x7F, 0xFC, 0x01, 0xFC, 0x00, 0x03, 0xB8, 0x00, 0x0F, 0x70, 0x00, 0x1C, 0xE0,
    0x00, 0x71, 0xC0, 0x01, 0xE3, 0xFE, 0x03, 0x87, 0xFC, 0x0E, 0x0E, 0x00, 0x3C, 0x1C, 0x00, 0x7F,
    0xF8, 0x01, 0xFF, 0xF0, 0x03, 0x80, 0xE0, 0x0F, 0x01, 0xC0, 0x1C, 0x03, 0xFF, 0xF0, 0x07, 0xFF,
    0x00, 0x30, 0x00, 0x07, 0x80, 0x00, 0x70, 0x00, 0x0E, 0x00, 0x00, 0xC0, 0x00, 0x00, 0x00, 0x00,
    0x00, 0x07, 0xF1, 0xF8, 0x7F, 0xBF, 0xC6, 0x3F, 0xBE, 0x01, 0xE0, 0xE0, 0x0E, 0x0E, 0x3F, 0xFF,
    0xE7, 0xFF, 0xFE, 0xF9, 0xE0, 0x0E, 0x0E, 0x00, 0xE0, 0xF0, 0x0F, 0x1F, 0x8C, 0xFF, 0xFF, 0xC3,
    0xF9, 0xFC, 0x00, 0x70, 0x00, 0x38, 0x00, 0x38, 0x00, 0x38, 0x00, 0x18, 0x00, 0x00, 0x00, 0x00,
    0x0C, 0x0F, 0xF7, 0x1F, 0xFF, 0x1F, 0x9F, 0x1E, 0x07, 0xCE, 0x07, 0xE7, 0x03, 0xFF, 0x83, 0x9F,
    0x83, 0x8F, 0xC3, 0x87, 0xE3, 0xC3, 0xFB, 0xC1, 0xDD, 0xC0, 0xEF, 0xC0, 0xF7, 0xC0, 0xF1, 0xF9,
    0xF1, 0xFF, 0xF0, 0xEF, 0xF0, 0x60, 0x00, 0x00, 0x01, 0x80, 0x1C, 0x01, 0xE0, 0x0E, 0x00, 0x60,
    0x00, 0x00, 0x00, 0xC3, 0xFE, 0x3F, 0xF3, 0xCF, 0xBC, 0x7D, 0xC3, 0xFE, 0x3B, 0xF3, 0x9F, 0xB8,
    0xFF, 0x8F, 0x78, 0x73, 0xEF, 0x9F, 0xF9, 0xFF, 0x8C, 0x00, 0x00, 0x19, 0x80, 0x0E, 0xE0, 0x03,
    0xB8, 0x00, 0xEE, 0x00, 0x63, 0x00, 0x00, 0x00, 0x00, 0x00, 0x03, 0x80, 0x03, 0xE0, 0x01, 0xF0,
    0x01, 0xF8, 0x00, 0xEE, 0x00, 0xE7, 0x00, 0x73, 0xC0, 0x78, 0xE0, 0x38, 0x78, 0x1C, 0x1C, 0x1E,
    0x0E, 0x0F, 0xFF, 0x87, 0xFF, 0xC7, 0x00, 0xE3, 0x80, 0x7B, 0xC0, 0x1D, 0xC0, 0x0F, 0xE6, 0x1D,
    0xC1, 0xDC, 0x1D, 0xC1, 0x98, 0x00, 0x00, 0x03, 0xFC, 0x7F, 0xCC, 0x78, 0x07, 0x00, 0x73, 0xFE,
    0xFF, 0xFE, 0x7F, 0x07, 0xE0, 0xFE, 0x3F, 0xFF, 0x9F, 0xE0, 0x03, 0xC0, 0x03, 0xF0, 0x01, 0xDC,
    0x01, 0xC6, 0x00, 0x00, 0x00, 0x00, 0x00, 0x07, 0x00, 0x07, 0xC0, 0x03, 0xE0, 0x03, 0xF0, 0x01,
    0xDC, 0x01, 0xCE, 0x00, 0xE7, 0x80, 0xF1, 0xC0, 0x70, 0xF0, 0x38, 0x38, 0x3C, 0x1C, 0x1F, 0xFF,
    0x0F, 0xFF, 0x8E, 0x01, 0xC7, 0x00, 0xF7, 0x80, 0x3B, 0x80, 0x1E, 0x1F, 0x07, 0xF0, 0xEE, 0x18,
    0xC0, 0x00, 0x00, 0x1F, 0xE3, 0xFE, 0x63, 0xC0, 0x38, 0x03, 0x9F, 0xF7, 0xFF, 0xF3, 0xF8, 0x3F,
    0x07, 0xF1, 0xFF, 0xFC, 0xFF, 0x00, 0x66, 0x07, 0x70, 0x73, 0x83, 0xB8, 0x19, 0x80, 0x00, 0x00,
    0x0F, 0xFE, 0xFF, 0xEE, 0x00, 0xE0, 0x0E, 0x00, 0xE0, 0x0E, 0x00, 0xFF, 0xCF, 0xFC, 0xE0, 0x0E,
    0x00, 0xE0, 0x0E, 0x00, 0xE0, 0x0E, 0x00, 0xFF, 0xFF, 0xFF, 0x66, 0x07, 0x70, 0x3B, 0x83, 0x98,
    0x19, 0x80, 0x00, 0x00, 0x01, 0xF8, 0x3F, 0xE7, 0x9E, 0xF0, 0xFE, 0x07, 0xFF, 0xFF, 0xFF, 0xE0,
    0x0E, 0x00, 0xF0, 0x07, 0xC6, 0x3F, 0xE1, 0xFE, 0x1F, 0x03, 0xF0, 0x3B, 0x83, 0x18, 0x00, 0x00,
    0x00, 0xFF, 0xEF, 0xFE, 0xE0, 0x0E, 0x00, 0xE0, 0x0E, 0x00, 0xE0, 0x0F, 0xFC, 0xFF, 0xCE, 0x00,
    0xE0, 0x0E, 0x00, 0xE0, 0x0E, 0x00, 0xE0, 0x0F, 0xFF, 0xFF, 0xF0, 0x0F, 0x01, 0xF8, 0x1D, 0xC3,
    0x8C, 0x00, 0x00, 0x00, 0x1F, 0x83, 0xFE, 0x79, 0xEF, 0x0F, 0xE0, 0x7F, 0xFF, 0xFF, 0xFE, 0x00,
    0xE0, 0x0F, 0x00, 0x7C, 0x63, 0xFE, 0x1F, 0xE0, 0xCC, 0x77, 0x1D, 0xC7, 0x73, 0x18, 0x00, 0x00,
    0x1C, 0x0E, 0x07, 0x03, 0x81, 0xC0, 0xE0, 0x70, 0x38, 0x1C, 0x0E, 0x07, 0x03, 0x81, 0xC0, 0xE0,
    0x70, 0x38, 0x1C, 0x66, 0x1D, 0xC3, 0xB8, 0xE6, 0x19, 0x80, 0x00, 0x00, 0x1C, 0x07, 0x01, 0xC0,
    0x70, 0x1C, 0x07, 0x01, 0xC0, 0x70, 0x1C, 0x07, 0x01, 0xC0, 0x70, 0x1C, 0x7D, 0xFB, 0xBE, 0x30,
    0x00, 0x0E, 0x1C, 0x38, 0x70, 0xE1, 0xC3, 0x87, 0x0E, 0x1C, 0x38, 0x70, 0xE1, 0xC3, 0x87, 0x0E,
    0x00, 0x3C, 0x7E, 0x77, 0x63, 0x00, 0x00, 0x1C, 0x1C, 0x1C, 0x1C, 0x1C, 0x1C, 0x1C, 0x1C, 0x1C,
    0x1C, 0x1C, 0x1C, 0x1C, 0x0C, 0xC0, 0x0E, 0x70, 0x03, 0xB8, 0x00, 0xEE, 0x00, 0x33, 0x00, 0x00,
    0x00, 0x00, 0x00, 0x0F, 0xF0, 0x1F, 0xFC, 0x1F, 0x9F, 0x1E, 0x03, 0xCE, 0x00, 0xF7, 0x00, 0x7F,
    0x80, 0x1F, 0x80, 0x0F, 0xC0, 0x07, 0xE0, 0x03, 0xF8, 0x01, 0xDC, 0x01, 0xEE, 0x00, 0xF7, 0x80,
    0xF1, 0xF9, 0xF0, 0x7F, 0xF0, 0x0F, 0xF0, 0x66, 0x03, 0xB8, 0x0E, 0xE0, 0x33, 0x81, 0x98, 0x00,
    0x00, 0x00, 0x03, 0xF8, 0x3F, 0xE3, 0xCF, 0x9C, 0x1D, 0xC0, 0xFE, 0x03, 0xF0, 0x1F, 0x80, 0xFC,
    0x0F, 0x70, 0x73, 0xCF, 0x8F, 0xF8, 0x3F, 0x80, 0x01, 0xE0, 0x01, 0xF8, 0x01, 0xDC, 0x00, 0xC6,
    0x00, 0x00, 0x00, 0x00, 0x00, 0x1F, 0xE0, 0x3F, 0xF8, 0x3F, 0x3E, 0x3C, 0x07, 0x9C, 0x01, 0xEE,
    0x00, 0xFF, 0x00, 0x3F, 0x00, 0x1F, 0x80, 0x0F, 0xC0, 0x07, 0xF0, 0x03, 0xB8, 0x03, 0xDC, 0x01,
    0xEF, 0x01, 0xE3, 0xF3, 0xE0, 0xFF, 0xE0, 0x1F, 0xE0, 0x0F, 0x80, 0xFC, 0x07, 0x70, 0x31, 0x80,
    0x00, 0x00, 0x00, 0x7F, 0x07, 0xFC, 0x79, 0xF3, 0x83, 0xB8, 0x1F, 0xC0, 0x7E, 0x03, 0xF0, 0x1F,
    0x81, 0xEE, 0x0E, 0x79, 0xF1, 0xFF, 0x07, 0xF0, 0xCC, 0x03, 0xB8, 0x07, 0x70, 0x0C, 0xE0, 0x33,
    0x00, 0x00, 0x00, 0x00, 0x3F, 0xF0, 0xFF, 0xE3, 0x8F, 0xCE, 0x07, 0x38, 0x1E, 0xE0, 0x7B, 0x81,
    0xCE, 0x1F, 0x3F, 0xF8, 0xFF, 0xC3, 0x8F, 0x0E, 0x1C, 0x38, 0x38, 0xE0, 0xF3, 0x81, 0xCE, 0x07,
    0xB8, 0x0E, 0x66, 0x39, 0xC7, 0x70, 0xEE, 0x19, 0x80, 0x00, 0x00, 0xFF, 0x3F, 0xCE, 0x23, 0x80,
    0xE0, 0x38, 0x0E, 0x03, 0x80, 0xE0, 0x38, 0x0E, 0x03, 0x80, 0xE0, 0x1F, 0x00, 0xFC, 0x03, 0xB8,
    0x0C, 0x60, 0x00, 0x00, 0x00, 0x0F, 0xFC, 0x3F, 0xF8, 0xE3, 0xF3, 0x81, 0xCE, 0x07, 0xB8, 0x1E,
    0xE0, 0x73, 0x87, 0xCF, 0xFE, 0x3F, 0xF0, 0xE3, 0xC3, 0x87, 0x0E, 0x0E, 0x38, 0x3C, 0xE0, 0x73,
    0x81, 0xEE, 0x03, 0x80, 0x3C, 0x7E, 0xEE, 0xC6, 0x00, 0x00, 0xFF, 0xFF, 0xE2, 0xE0, 0xE0, 0xE0,
    0xE0, 0xE0, 0xE0, 0xE0, 0xE0, 0xE0, 0xE0, 0x73, 0x01, 0xDC, 0x03, 0xB8, 0x07, 0x70, 0x0C, 0xC0,
    0x00, 0x00, 0x00, 0x38, 0x0F, 0xE0, 0x3F, 0x80, 0xFE, 0x03, 0xF8, 0x0F, 0xE0, 0x3F, 0x80, 0xFE,
    0x03, 0xF8, 0x0F, 0xE0, 0x3F, 0x80, 0xFE, 0x03, 0xB8, 0x0E, 0xF0, 0x79, 0xF3, 0xC3, 0xFF, 0x07,
    0xF0, 0x66, 0x07, 0x70, 0x33, 0x83, 0xB8, 0x19, 0x80, 0x00, 0x00, 0x0F, 0x07, 0xF0, 0x7F, 0x07,
    0xF0, 0x7F, 0x07, 0xF0, 0x7F, 0x07, 0xF0, 0x77, 0x07, 0x70, 0x77, 0x8F, 0x3F, 0xF1, 0xFF, 0x0F,
    0x80, 0x3F, 0x01, 0xDC, 0x06, 0x30, 0x00, 0x00, 0x00, 0x0E, 0x03, 0xF8, 0x0F, 0xE0, 0x3F, 0x80,
    0xFE, 0x03, 0xF8, 0x0F, 0xE0, 0x3F, 0x80, 0xFE, 0x03, 0xF8, 0x0F, 0xE0, 0x3F, 0x80, 0xEE, 0x03,
    0xBC, 0x1E, 0x7C, 0xF0, 0xFF, 0xC1, 0xFC, 0x00, 0x0F, 0x01, 0xF8, 0x1D, 0xC3, 0x9C, 0x00, 0x00,
    0x00, 0xF0, 0x7F, 0x07, 0xF0, 0x7F, 0x07, 0xF0, 0x7F, 0x07, 0xF0, 0x7F, 0x07, 0x70, 0x77, 0x07,
    0x78, 0xF3, 0xFF, 0x1F, 0xF0, 0x1F, 0xE1, 0xFF, 0x9F, 0x1C, 0xE0, 0x07, 0x00, 0x3C, 0x00, 0xF8,
    0x03, 0xE0, 0x07, 0xC0, 0x0F, 0x80, 0x3C, 0x00, 0xF0, 0x03, 0x80, 0x3D, 0xE7, 0xCF, 0xFE, 0x3F,
    0xC0, 0x00, 0x01, 0xC0, 0x1E, 0x00, 0xE0, 0x00, 0x3F, 0xBF, 0xEF, 0x33, 0x80, 0xF0, 0x3F, 0x03,
    0xF0, 0x3E, 0x03, 0x80, 0xFE, 0x7B, 0xFE, 0xFF, 0x00, 0x01, 0xC1, 0xF0, 0x78, 0x00, 0xFF, 0xFF,
    0xFF, 0xF0, 0x78, 0x01, 0xE0, 0x07, 0x80, 0x1E, 0x00, 0x78, 0x01, 0xE0, 0x07, 0x80, 0x1E, 0x00,
    0x78, 0x01, 0xE0, 0x07, 0x80, 0x1E, 0x00, 0x78, 0x01, 0xE0, 0x07, 0x80, 0x00, 0x00, 0x78, 0x03,
    0xC0, 0x0F, 0x00, 0x70, 0x78, 0x3C, 0x1E, 0x0F, 0xF7, 0xFB, 0xC1, 0xE0, 0xF0, 0x78, 0x3C, 0x1E,
    0x0F, 0x03, 0x81, 0xE4, 0xFF, 0x3F, 0x80, 0x07, 0x07, 0x83, 0x80, 0x7F, 0x87, 0xFE, 0x1C, 0xF8,
    0x01, 0xC0, 0x0F, 0x00, 0x78, 0x03, 0x80, 0x3C, 0x07, 0xC0, 0xFC, 0x07, 0xF0, 0x0F, 0xC0, 0x0F,
    0x00, 0x38, 0x01, 0xC0, 0x0E, 0x00, 0x70, 0x07, 0x80, 0x78, 0x1F, 0xCF, 0xFC, 0x7F, 0x80, 0xFF,
    0x3F, 0xEE, 0x78, 0x0F, 0x03, 0xC0, 0xE0, 0xF8, 0xFC, 0x3F, 0x83, 0xE0, 0x1C, 0x07, 0x01, 0xC0,
    0x70, 0x7C, 0xFE, 0xFF, 0x3F, 0x00, 0x18, 0xC0, 0x73, 0x00, 0xF8, 0x01, 0xE0, 0x03, 0x00, 0x00,
    0x00, 0x00, 0x38, 0x07, 0xE0, 0x1F, 0x80, 0x7E, 0x01, 0xF8, 0x07, 0xE0, 0x1F, 0x80, 0x7F, 0xFF,
    0xFF, 0xFF, 0xE0, 0x1F, 0x80, 0x7E, 0x01, 0xF8, 0x07, 0xE0, 0x1F, 0x80, 0x7E, 0x01, 0xF8, 0x07,
    0xCC, 0x0F, 0xE0, 0x7C, 0x03, 0x80, 0x00, 0x00, 0x00, 0x70, 0x07, 0x00, 0x70, 0x07, 0x00, 0x70,
    0x07, 0x00, 0x7F, 0xC7, 0xFE, 0x79, 0xE7, 0x0F, 0x70, 0x77, 0x07, 0x70, 0x77, 0x07, 0x70, 0x77,
    0x07, 0x70, 0x77, 0x07, 0x70, 0x70, 0x40, 0x0E, 0x00, 0x60, 0x06, 0x00, 0x60, 0x03, 0x00, 0x30,
    0x02, 0x00, 0x80, 0xC0, 0xC0, 0xC0, 0xC0, 0xC1, 0xC1, 0xC0, 0xC0, 0x00, 0xFF, 0xFF, 0xFF, 0x40,
    0x36, 0x03, 0x30, 0x61, 0x04, 0x18, 0xC0, 0x88, 0x0D, 0x80, 0x70, 0x02, 0x00, 0x00, 0x7C, 0x7E,
    0xEE, 0xC6, 0x18, 0x01, 0xC0, 0x0E, 0x00, 0x70, 0x03, 0x00, 0x00, 0x00, 0x0F, 0xFE, 0xFF, 0xEE,
    0x00, 0xE0, 0x0E, 0x00, 0xE0, 0x0E, 0x00, 0xFF, 0xCF, 0xFC, 0xE0, 0x0E, 0x00, 0xE0, 0x0E, 0x00,
    0xE0, 0x0E, 0x00, 0xFF, 0xFF, 0xFF, 0x3B, 0x87, 0xBC, 0x3B, 0x80, 0x00, 0x00, 0x0F, 0xFE, 0xFF,
    0xEE, 0x00, 0xE0, 0x0E, 0x00, 0xE0, 0x0E, 0x00, 0xFF, 0xCF, 0xFC, 0xE0, 0x0E, 0x00, 0xE0, 0x0E,
    0x00, 0xE0, 0x0E, 0x00, 0xFF, 0xFF, 0xFF, 0xFF, 0xFC, 0x3F, 0xFF, 0x00, 0x70, 0x00, 0x1C, 0x00,
    0x07, 0x00, 0x01, 0xC0, 0x00, 0x7F, 0xE0, 0x1F, 0xFE, 0x07, 0x8F, 0x81, 0xC0, 0xF0, 0x70, 0x1C,
    0x1C, 0x07, 0x07, 0x01, 0xC1, 0xC0, 0xF0, 0x70, 0x7C, 0x1C, 0x7E, 0x07, 0x1F, 0x00, 0x03, 0x00,
    0xE0, 0x38, 0x0F, 0x00, 0xC0, 0x00, 0x00, 0x07, 0xFF, 0xFF, 0xFC, 0x03, 0x80, 0x70, 0x0E, 0x01,
    0xC0, 0x38, 0x07, 0x00, 0xE0, 0x1C, 0x03, 0x80, 0x70, 0x0E, 0x01, 0xC0, 0x38, 0x07, 0x00, 0x07,
    0xF8, 0x7F, 0xF3, 0xF1, 0xDE, 0x00, 0x70, 0x01, 0xC0, 0x0F, 0x00, 0x3F, 0xF8, 0xFF, 0xE3, 0x80,
    0x0F, 0x00, 0x1C, 0x00, 0x70, 0x01, 0xE0, 0x03, 0xF1, 0xC7, 0xFF, 0x07, 0xF8, 0x1F, 0xE1, 0xFF,
    0x9F, 0x1C, 0xE0, 0x07, 0x00, 0x3C, 0x00, 0xF8, 0x03, 0xE0, 0x07, 0xC0, 0x0F, 0x80, 0x3C, 0x00,
    0xF0, 0x03, 0x80, 0x3D, 0xE7, 0xCF, 0xFE, 0x3F, 0xC0, 0xFF, 0xFF, 0xFF, 0xFF, 0xFF, 0xFF, 0xE0,
    0x67, 0x7B, 0xD9, 0xC0, 0x00, 0x00, 0xE0, 0x70, 0x38, 0x1C, 0x0E, 0x07, 0x03, 0x81, 0xC0, 0xE0,
    0x70, 0x38, 0x1C, 0x0E, 0x07, 0x03, 0x81, 0xC0, 0xE0, 0x00, 0xE0, 0x1C, 0x03, 0x80, 0x70, 0x0E,
    0x01, 0xC0, 0x38, 0x07, 0x00, 0xE0, 0x1C, 0x03, 0x80, 0x70, 0x0E, 0x03, 0xF9, 0xF7, 0xFE, 0x7F,
    0x00, 0x07, 0xFF, 0x00, 0x01, 0xFF, 0xC0, 0x00, 0x70, 0x70, 0x00, 0x1C, 0x1C, 0x00, 0x07, 0x07,
    0x00, 0x01, 0xC1, 0xC0, 0x00, 0x70, 0x7F, 0xC0, 0x1C, 0x1F, 0xFC, 0x07, 0x07, 0x1F, 0x81, 0xC1,
    0xC0, 0xE0, 0xF0, 0x70, 0x38, 0x38, 0x1C, 0x0F, 0x0E, 0x07, 0x03, 0x87, 0x81, 0xC0, 0xE7, 0xC0,
    0x71, 0xFB, 0xE0, 0x1F, 0xFC, 0xF0, 0x07, 0xFC, 0x00, 0x00, 0x00, 0x00, 0xE0, 0x38, 0x01, 0xC0,
    0x70, 0x03, 0x80, 0xE0, 0x07, 0x01, 0xC0, 0x0E, 0x03, 0x80, 0x1C, 0x07, 0x00, 0x3F, 0xFF, 0xFC,
    0x7F, 0xFF, 0xFE, 0xE0, 0x3C, 0x7D, 0xC0, 0x70, 0x3F, 0x80, 0xE0, 0x3F, 0x01, 0xC0, 0x7E, 0x03,
    0x80, 0xFC, 0x07, 0x03, 0xF8, 0x0F, 0x1F, 0x70, 0x1F, 0xFC, 0xE0, 0x3F, 0xF0, 0xFF, 0xFC, 0x3F,
    0xFF, 0x00, 0x70, 0x00, 0x1C, 0x00, 0x07, 0x00, 0x01, 0xC0, 0x00, 0x7F, 0xE0, 0x1F, 0xFC, 0x07,
    0x8F, 0x81, 0xC0, 0xE0, 0x70, 0x38, 0x1C, 0x0E, 0x07, 0x03, 0x81, 0xC0, 0xE0, 0x70, 0x38, 0x1C,
    0x0E, 0x07, 0x03, 0x80, 0x01, 0x80, 0x0E, 0x00, 0x70, 0x03, 0x80, 0x0E, 0x00, 0x00, 0x00, 0x00,
    0x38, 0x1E, 0xE0, 0xF3, 0x87, 0x8E, 0x3C, 0x39, 0xE0, 0xEF, 0x03, 0xF8, 0x0F, 0xC0, 0x3F, 0x80,
    0xFF, 0x03, 0xBE, 0x0E, 0x7C, 0x38, 0xF8, 0xE1, 0xF3, 0x83, 0xCE, 0x07, 0xB8, 0x0F, 0x0C, 0x00,
    0x1C, 0x00, 0x1C, 0x00, 0x1C, 0x00, 0x18, 0x00, 0x00, 0x00, 0x00, 0x70, 0x0E, 0xE0, 0x3D, 0xC0,
    0xFB, 0x81, 0xF7, 0x07, 0xEE, 0x1F, 0xDC, 0x7B, 0xB8, 0xE7, 0x73, 0x8E, 0xEF, 0x1D, 0xFC, 0x3B,
    0xF0, 0x77, 0xE0, 0xEF, 0x81, 0xDE, 0x03, 0xBC, 0x07, 0x70, 0x0E, 0x0C, 0x70, 0x1D, 0xC0, 0x3F,
    0x80, 0x3E, 0x00, 0x00, 0x00, 0x00, 0x3C, 0x07, 0xB8, 0x0E, 0x78, 0x1C, 0x70, 0x78, 0xF0, 0xE0,
    0xE1, 0xC1, 0xE7, 0x01, 0xCE, 0x03, 0xFC, 0x03, 0xF0, 0x03, 0xE0, 0x07, 0x80, 0x07, 0x00, 0x1C,
    0x04, 0xF8, 0x0F, 0xE0, 0x1F, 0x80, 0x00, 0xE0, 0x1F, 0x80, 0x7E, 0x01, 0xF8, 0x07, 0xE0, 0x1F,
    0x80, 0x7E, 0x01, 0xF8, 0x07, 0xE0, 0x1F, 0x80, 0x7E, 0x01, 0xF8, 0x07, 0xE0, 0x1F, 0x80, 0x7E,
    0x01, 0xFF, 0xFF, 0xFF, 0xFC, 0x1C, 0x00, 0x70, 0x01, 0xC0, 0x07, 0x00, 0x1C, 0x00, 0x01, 0xC0,
    0x01, 0xF0, 0x00, 0xF8, 0x00, 0xFC, 0x00, 0x77, 0x00, 0x73, 0x80, 0x39, 0xE0, 0x3C, 0x70, 0x1C,
    0x3C, 0x0E, 0x0E, 0x0F, 0x07, 0x07, 0xFF, 0xC3, 0xFF, 0xE3, 0x80, 0x71, 0xC0, 0x3D, 0xE0, 0x0E,
    0xE0, 0x07, 0x80, 0xFF, 0xE7, 0xFF, 0x38, 0x01, 0xC0, 0x0E, 0x00, 0x70, 0x03, 0xFF, 0x1F, 0xFC,
    0xE3, 0xF7, 0x03, 0xF8, 0x1F, 0xC0, 0x7E, 0x07, 0xF0, 0x3B, 0x87, 0xDF, 0xFC, 0xFF, 0xC0, 0xFF,
    0xC7, 0xFF, 0x38, 0xFD, 0xC0, 0xEE, 0x07, 0x70, 0x3B, 0x87, 0xDF, 0xFC, 0xFF, 0xF7, 0x0F, 0xB8,
    0x1F, 0xC0, 0x7E, 0x03, 0xF0, 0x3F, 0x87, 0xDF, 0xFE, 0xFF, 0xC0, 0xFF, 0xFF, 0xFF, 0x80, 0x70,
    0x0E, 0x01, 0xC0, 0x38, 0x07, 0x00, 0xE0, 0x1C, 0x03, 0x80, 0x70, 0x0E, 0x01, 0xC0, 0x38, 0x07,
    0x00, 0xE0, 0x00, 0x07, 0xFF, 0x01, 0xFF, 0xC0, 0x70, 0x70, 0x1C, 0x1C, 0x07, 0x07, 0x01, 0xC1,
    0xC0, 0x70, 0x70, 0x1C, 0x1C, 0x07, 0x07, 0x01, 0xC1, 0xC0, 0xE0, 0x70, 0x38, 0x1C, 0x1E, 0x07,
    0x07, 0x01, 0xC3, 0xC0, 0x73, 0xFF, 0xFF, 0xFF, 0xFF, 0xF8, 0x00, 0x7E, 0x00, 0x1F, 0x80, 0x07,
    0xE0, 0x01, 0xF8, 0x00, 0x70, 0xFF, 0xEF, 0xFE, 0xE0, 0x0E, 0x00, 0xE0, 0x0E, 0x00, 0xE0, 0x0F,
    0xFC, 0xFF, 0xCE, 0x00, 0xE0, 0x0E, 0x00, 0xE0, 0x0E, 0x00, 0xE0, 0x0F, 0xFF, 0xFF, 0xF0, 0x78,
    0x38, 0x3C, 0x78, 0x70, 0xF0, 0x70, 0xE3, 0xC0, 0x71, 0xCF, 0x00, 0xF3, 0xBC, 0x00, 0xF7, 0xF0,
    0x00, 0xFF, 0xC0, 0x00, 0xFF, 0x80, 0x03, 0xFF, 0x00, 0x0F, 0x77, 0x00, 0x1C, 0xE7, 0x00, 0x71,
    0xCF, 0x01, 0xC3, 0x8F, 0x07, 0x87, 0x0E, 0x0E, 0x0E, 0x1E, 0x3C, 0x1C, 0x1E, 0xF0, 0x38, 0x1C,
    0x3F, 0xC1, 0xFF, 0xC3, 0x9F, 0x00, 0x1E, 0x00, 0x78, 0x01, 0xC0, 0x1F, 0x07, 0xF8, 0x1F, 0xF0,
    0x07, 0xE0, 0x03, 0x80, 0x0E, 0x00, 0x38, 0x00, 0xE7, 0x9F, 0x9F, 0xFC, 0x3F, 0xE0, 0xE0, 0x1D,
    0xC0, 0x7B, 0x81, 0xF7, 0x03, 0xEE, 0x0F, 0xDC, 0x3F, 0xB8, 0xF7, 0x71, 0xCE, 0xE7, 0x1D, 0xDE,
    0x3B, 0xF8, 0x77, 0xE0, 0xEF, 0xC1, 0xDF, 0x03, 0xBC, 0x07, 0x78, 0x0E, 0xE0, 0x1C, 0x1C, 0x60,
    0x3D, 0xC0, 0x3F, 0x00, 0x3E, 0x00, 0x00, 0x00, 0x00, 0x38, 0x07, 0x70, 0x1E, 0xE0, 0x7D, 0xC0,
    0xFB, 0x83, 0xF7, 0x0F, 0xEE, 0x3D, 0xDC, 0x73, 0xB9, 0xC7, 0x77, 0x8E, 0xFE, 0x1D, 0xF8, 0x3B,
    0xF0, 0x77, 0xC0, 0xEF, 0x01, 0xDE, 0x03, 0xB8, 0x07, 0x00, 0xE0, 0x7B, 0x83, 0xCE, 0x1E, 0x38,
    0xF0, 0xE7, 0x83, 0xBC, 0x0F, 0xE0, 0x3F, 0x00, 0xFE, 0x03, 0xFC, 0x0E, 0xF8, 0x39, 0xF0, 0xE3,
    0xE3, 0x87, 0xCE, 0x0F, 0x38, 0x1E, 0xE0, 0x3C, 0x07, 0xFF, 0x07, 0xFF, 0x07, 0x07, 0x07, 0x07,
    0x07, 0x07, 0x07, 0x07, 0x07, 0x07, 0x07, 0x07, 0x07, 0x07, 0x07, 0x07, 0x0F, 0x07, 0x0E, 0x07,
    0x0E, 0x07, 0x1E, 0x07, 0x7C, 0x07, 0xF8, 0x07, 0xF0, 0x07, 0x38, 0x01, 0xC7, 0x80, 0x1C, 0x7C,
    0x03, 0xC7, 0xC0, 0x3E, 0x7E, 0x06, 0xE7, 0x60, 0x6E, 0x77, 0x0C, 0xE7, 0x30, 0xCE, 0x73, 0x1C,
    0xE7, 0x39, 0x8E, 0x71, 0x98, 0xE7, 0x1F, 0x8E, 0x70, 0xF0, 0xEF, 0x0F, 0x0E, 0xF0, 0xE0, 0xEE,
    0x00, 0x0E, 0xE0, 0x00, 0xE0, 0xE0, 0x1F, 0x80, 0x7E, 0x01, 0xF8, 0x07, 0xE0, 0x1F, 0x80, 0x7E,
    0x01, 0xFF, 0xFF, 0xFF, 0xFF, 0x80, 0x7E, 0x01, 0xF8, 0x07, 0xE0, 0x1F, 0x80, 0x7E, 0x01, 0xF8,
    0x07, 0xE0, 0x1C, 0x07, 0xF8, 0x0F, 0xFE, 0x0F, 0xCF, 0x8F, 0x01, 0xE7, 0x00, 0x7B, 0x80, 0x3F,
    0xC0, 0x0F, 0xC0, 0x07, 0xE0, 0x03, 0xF0, 0x01, 0xFC, 0x00, 0xEE, 0x00, 0xF7, 0x00, 0x7B, 0xC0,
    0x78, 0xFC, 0xF8, 0x3F, 0xF8, 0x07, 0xF8, 0x00, 0xFF, 0xFF, 0xFF, 0xFE, 0x01, 0xF8, 0x07, 0xE0,
    0x1F, 0x80, 0x7E, 0x01, 0xF8, 0x07, 0xE0, 0x1F, 0x80, 0x7E, 0x01, 0xF8, 0x07, 0xE0, 0x1F, 0x80,
    0x7E, 0x01, 0xF8, 0x07, 0xE0, 0x1C, 0xFF, 0x87, 0xFF, 0x38, 0xFD, 0xC0, 0xEE, 0x07, 0xF0, 0x3F,
    0x81, 0xFC, 0x0E, 0xE3, 0xF7, 0xFF, 0x3F, 0xF1, 0xC0, 0x0E, 0x00, 0x70, 0x03, 0x80, 0x1C, 0x00,
    0xE0, 0x00, 0x07, 0xF8, 0x7F, 0xF3, 0xF3, 0xDE, 0x00, 0x78, 0x01, 0xC0, 0x0F, 0x00, 0x38, 0x00,
    0xE0, 0x03, 0x80, 0x0F, 0x00, 0x3C, 0x00, 0x70, 0x01, 0xE0, 0x03, 0xF1, 0xC7, 0xFF, 0x07, 0xF8,
    0xFF, 0xFF, 0xFF, 0xF0, 0x78, 0x01, 0xE0, 0x07, 0x80, 0x1E, 0x00, 0x78, 0x01, 0xE0, 0x07, 0x80,
    0x1E, 0x00, 0x78, 0x01, 0xE0, 0x07, 0x80, 0x1E, 0x00, 0x78, 0x01, 0xE0, 0x07, 0x80, 0xF0, 0x1E,
    0xE0, 0x39, 0xE0, 0x71, 0xC1, 0xE3, 0xC3, 0x83, 0x87, 0x07, 0x9C, 0x07, 0x38, 0x0F, 0xF0, 0x0F,
    0xC0, 0x0F, 0x80, 0x1E, 0x00, 0x1C, 0x00, 0x70, 0x13, 0xE0, 0x3F, 0x80, 0x7E, 0x00, 0x00, 0xE0,
    0x00, 0x0E, 0x00, 0x07, 0xFE, 0x01, 0xFF, 0xF8, 0x3E, 0xEF, 0xC7, 0x8E, 0x1E, 0x70, 0xE0, 0xEF,
    0x0E, 0x0E, 0xE0, 0xE0, 0xFE, 0x0E, 0x0F, 0xF0, 0xE0, 0xE7, 0x0E, 0x0E, 0x78, 0xE1, 0xE3, 0xEE,
    0xFC, 0x1F, 0xFF, 0x80, 0xFF, 0xE0, 0x00, 0xE0, 0x00, 0x0E, 0x00, 0x70, 0x1E, 0x78, 0x1C, 0x3C,
    0x3C, 0x1C, 0x78, 0x1E, 0x70, 0x0F, 0xF0, 0x07, 0xE0, 0x03, 0xC0, 0x03, 0xC0, 0x07, 0xE0, 0x0F,
    0xE0, 0x0E, 0xF0, 0x1E, 0x78, 0x3C, 0x3C, 0x38, 0x1C, 0x78, 0x1E, 0xF0, 0x0E, 0xE0, 0x1C, 0xE0,
    0x1C, 0xE0, 0x1C, 0xE0, 0x1C, 0xE0, 0x1C, 0xE0, 0x1C, 0xE0, 0x1C, 0xE0, 0x1C, 0xE0, 0x1C, 0xE0,
    0x1C, 0xE0, 0x1C, 0xE0, 0x1C, 0xE0, 0x1C, 0xE0, 0x1C, 0xE0, 0x1C, 0xFF, 0xFF, 0xFF, 0xFF, 0x00,
    0x07, 0x00, 0x07, 0x00, 0x07, 0x00, 0x07, 0x00, 0x07, 0xE0, 0x3F, 0x01, 0xF8, 0x0F, 0xC0, 0x7E,
    0x03, 0xF0, 0x1F, 0x80, 0xFE, 0x07, 0x78, 0x7B, 0xFF, 0xC7, 0xFE, 0x00, 0x70, 0x03, 0x80, 0x1C,
    0x00, 0xE0, 0x07, 0x00, 0x38, 0xE0, 0x70, 0x3F, 0x03, 0x81, 0xF8, 0x1C, 0x0F, 0xC0, 0xE0, 0x7E,
    0x07, 0x03, 0xF0, 0x38, 0x1F, 0x81, 0xC0, 0xFC, 0x0E, 0x07, 0xE0, 0x70, 0x3F, 0x03, 0x81, 0xF8,
    0x1C, 0x0F, 0xC0, 0xE0, 0x7E, 0x07, 0x03, 0xF0, 0x38, 0x1F, 0x81, 0xC0, 0xFF, 0xFF, 0xFF, 0xFF,
    0xFF, 0xF8, 0xE0, 0x70, 0x39, 0xC0, 0xE0, 0x73, 0x81, 0xC0, 0xE7, 0x03, 0x81, 0xCE, 0x07, 0x03,
    0x9C, 0x0E, 0x07, 0x38, 0x1C, 0x0E, 0x70, 0x38, 0x1C, 0xE0, 0x70, 0x39, 0xC0, 0xE0, 0x73, 0x81,
    0xC0, 0xE7, 0x03, 0x81, 0xCE, 0x07, 0x03, 0x9C, 0x0E, 0x07, 0x38, 0x1C, 0x0E, 0x7F, 0xFF, 0xFF,
    0xFF, 0xFF, 0xFE, 0x00, 0x00, 0x1C, 0x00, 0x00, 0x38, 0x00, 0x00, 0x70, 0x00, 0x00, 0xE0, 0x00,
    0x01, 0xC0, 0xFF, 0x00, 0x3F, 0xC0, 0x00, 0x70, 0x00, 0x1C, 0x00, 0x07, 0x00, 0x01, 0xC0, 0x00,
    0x7F, 0xC0, 0x1F, 0xFC, 0x07, 0x1F, 0x81, 0xC0, 0xE0, 0x70, 0x38, 0x1C, 0x0F, 0x07, 0x03, 0x81,
    0xC0, 0xE0, 0x71, 0xF8, 0x1F, 0xFC, 0x07, 0xFC, 0x00, 0xE0, 0x03, 0xF8, 0x00, 0xFE, 0x00, 0x3F,
    0x80, 0x0F, 0xE0, 0x03, 0xF8, 0x00, 0xFF, 0xF8, 0x3F, 0xFF, 0x8F, 0xE3, 0xF3, 0xF8, 0x1C, 0xFE,
    0x07, 0x3F, 0x81, 0xEF, 0xE0, 0x73, 0xF8, 0x1C, 0xFE, 0x3F, 0x3F, 0xFF, 0x8F, 0xFF, 0x83, 0xC0,
    0xE0, 0x07, 0x00, 0x38, 0x01, 0xC0, 0x0E, 0x00, 0x70, 0x03, 0xFF, 0x1F, 0xFC, 0xE3, 0xF7, 0x03,
    0xB8, 0x1F, 0xC0, 0x7E, 0x07, 0xF0, 0x3B, 0x87, 0xDF, 0xFC, 0xFF, 0xC0, 0x7F, 0xC1, 0xFF, 0xC1,
    0xC7, 0xC0, 0x03, 0xC0, 0x03, 0xC0, 0x03, 0x80, 0x07, 0x0F, 0xFE, 0x1F, 0xFC, 0x00, 0x38, 0x00,
    0x70, 0x00, 0xE0, 0x03, 0xC0, 0x0F, 0x1C, 0x7C, 0x7F, 0xF0, 0x7F, 0xC0, 0xE0, 0x1F, 0xC1, 0xC0,
    0xFF, 0xE3, 0x83, 0xE7, 0xE7, 0x0F, 0x01, 0xCE, 0x1C, 0x03, 0xDC, 0x78, 0x03, 0xB8, 0xF0, 0x07,
    0x7F, 0xC0, 0x0F, 0xFF, 0x80, 0x1F, 0xC7, 0x00, 0x3F, 0x8F, 0x00, 0x77, 0x0E, 0x00, 0xEE, 0x1C,
    0x03, 0xDC, 0x3C, 0x07, 0x38, 0x3E, 0x7E, 0x70, 0x3F, 0xF8, 0xE0, 0x1F, 0xC0, 0x0F, 0xFC, 0x7F,
    0xF3, 0xE1, 0xDE, 0x07, 0x70, 0x1D, 0xC0, 0x77, 0x81, 0xCF, 0x87, 0x3F, 0xFC, 0x3F, 0xF0, 0xE1,
    0xC7, 0x87, 0x1C, 0x1C, 0xF0, 0x73, 0x81, 0xDE, 0x07, 0x70, 0x1C, 0x7F, 0x8F, 0xF9, 0x8F, 0x00,
    0xE0, 0x0E, 0x7F, 0xDF, 0xFF, 0xCF, 0xE0, 0xFC, 0x1F, 0xC7, 0xFF, 0xF3, 0xFC, 0x03, 0xF0, 0x7F,
    0x87, 0xF8, 0x78, 0x07, 0x80, 0x38, 0x01, 0xFF, 0x1F, 0xFC, 0xFD, 0xF7, 0x83, 0xF8, 0x0F, 0xC0,
    0x7E, 0x03, 0xF8, 0x1D, 0xC1, 0xEE, 0x0E, 0x7C, 0xF1, 0xFF, 0x07, 0xF0, 0xFF, 0x9F, 0xFB, 0x8F,
    0x70, 0xEE, 0x3D, 0xFF, 0x3F, 0xF7, 0x1F, 0xE0, 0xFC, 0x1F, 0x8F, 0xFF, 0xEF, 0xF8, 0xFF, 0x7F,
    0xB8, 0x1C, 0x0E, 0x07, 0x03, 0x81, 0xC0, 0xE0, 0x70, 0x38, 0x1C, 0x0E, 0x00, 0x0F, 0xF8, 0x1F,
    0xF0, 0x38, 0xE0, 0x71, 0xC0, 0xE3, 0x81, 0x87, 0x07, 0x0E, 0x0E, 0x1C, 0x1C, 0x38, 0x70, 0x70,
    0xE0, 0xE7, 0xFF, 0xFF, 0xFF, 0xFC, 0x01, 0xF8, 0x03, 0xF0, 0x07, 0xE0, 0x0E, 0x1F, 0x83, 0xFE,
    0x79, 0xEF, 0x0F, 0xE0, 0x7F, 0xFF, 0xFF, 0xFE, 0x00, 0xE0, 0x0F, 0x00, 0x7C, 0x63, 0xFE, 0x1F,
    0xE0, 0x78, 0xE1, 0xC7, 0x1C, 0x70, 0x73, 0x9C, 0x07, 0x77, 0x00, 0x7F, 0xC0, 0x07, 0xF8, 0x01,
    0xFF, 0x00, 0x77, 0x70, 0x1C, 0xE7, 0x07, 0x9C, 0xF0, 0xE3, 0x8F, 0x38, 0x70, 0xEF, 0x0E, 0x1E,
    0xFF, 0x3F, 0xEE, 0x7C, 0x07, 0x03, 0xCF, 0xE3, 0xF8, 0x0F, 0x01, 0xC0, 0x7E, 0x3F, 0xFF, 0xFF,
    0x00, 0xE0, 0xFC, 0x3F, 0x8F, 0xF1, 0xFE, 0x7F, 0xDD, 0xFB, 0xBF, 0xE7, 0xF8, 0xFF, 0x1F, 0xC3,
    0xF0, 0x7E, 0x0E, 0x71, 0x87, 0x70, 0xFE, 0x0F, 0x80, 0x00, 0x00, 0x38, 0x3F, 0x0F, 0xE3, 0xFC,
    0x7F, 0x9F, 0xF7, 0x7E, 0xEF, 0xF9, 0xFE, 0x3F, 0xC7, 0xF0, 0xFC, 0x1F, 0x83, 0x80, 0xE1, 0xEE,
    0x3C, 0xE7, 0x8E, 0xF0, 0xFE, 0x0F, 0xC0, 0xFC, 0x0F, 0xE0, 0xEF, 0x0E, 0x78, 0xE3, 0xCE, 0x1C,
    0xE0, 0xE0, 0x0F, 0xF8, 0x7F, 0xC3, 0x8E, 0x1C, 0x70, 0xE3, 0x87, 0x1C, 0x38, 0xE3, 0x87, 0x1C,
    0x39, 0xE1, 0xDE, 0x0F, 0xF0, 0x7E, 0x03, 0x80, 0x70, 0x0E, 0x78, 0x1E, 0x78, 0x1E, 0x7C, 0x3E,
    0x7C, 0x36, 0x76, 0x77, 0x76, 0x67, 0x67, 0xE7, 0x63, 0xC7, 0xE3, 0xC7, 0xE1, 0xC7, 0xE0, 0x07,
    0xE0, 0x07, 0xE0, 0xFC, 0x1F, 0x83, 0xF0, 0x7E, 0x0F, 0xFF, 0xFF, 0xFF, 0x07, 0xE0, 0xFC, 0x1F,
    0x83, 0xF0, 0x7E, 0x0E, 0x1F, 0xC1, 0xFF, 0x1E, 0x7C, 0xE0, 0xEE, 0x07, 0xF0, 0x1F, 0x80, 0xFC,
    0x07, 0xE0, 0x7B, 0x83, 0x9E, 0x7C, 0x7F, 0xC1, 0xFC, 0x00, 0xFF, 0xFF, 0xFF, 0x83, 0xF0, 0x7E,
    0x0F, 0xC1, 0xF8, 0x3F, 0x07, 0xE0, 0xFC, 0x1F, 0x83, 0xF0, 0x7E, 0x0E, 0xFF, 0x8F, 0xFC, 0xE3,
    0xEE, 0x0E, 0xE0, 0xFE, 0x07, 0xE0, 0x7E, 0x07, 0xE0, 0xFE, 0x0E, 0xF3, 0xEF, 0xFC, 0xFF, 0x8E,
    0x00, 0xE0, 0x0E, 0x00, 0xE0, 0x0E, 0x00, 0x1F, 0xC7, 0xF9, 0xF3, 0x38, 0x0E, 0x01, 0xC0, 0x38,
    0x07, 0x00, 0xE0, 0x1E, 0x01, 0xF3, 0x1F, 0xE1, 0xFC, 0xFF, 0xFF, 0xFF, 0x0E, 0x00, 0xE0, 0x0E,
    0x00, 0xE0, 0x0E, 0x00, 0xE0, 0x0E, 0x00, 0xE0, 0x0E, 0x00, 0xE0, 0x0E, 0x00, 0xE0, 0x7F, 0x07,
    0x70, 0x77, 0x0E, 0x78, 0xE3, 0x8E, 0x38, 0xC1, 0xDC, 0x1D, 0xC1, 0xF8, 0x0F, 0x80, 0xF8, 0x07,
    0x00, 0x70, 0x07, 0x09, 0xE0, 0xFC, 0x0F, 0x80, 0x01, 0xC0, 0x00, 0xE0, 0x00, 0x70, 0x00, 0x38,
    0x00, 0x1C, 0x00, 0x0E, 0x00, 0x3F, 0xE0, 0x7F, 0xFC, 0x7D, 0xDF, 0x38, 0xE3, 0xF8, 0x70, 0xFC,
    0x38, 0x7E, 0x1C, 0x3F, 0x0E, 0x1F, 0x87, 0x0E, 0xE3, 0x8F, 0x7D, 0xDF, 0x1F, 0xFF, 0x03, 0xFE,
    0x00, 0x38, 0x00, 0x1C, 0x00, 0x0E, 0x00, 0x07, 0x00, 0x03, 0x80, 0x70, 0x73, 0xC7, 0x0E, 0x78,
    0x3B, 0x81, 0xF8, 0x07, 0x80, 0x3C, 0x01, 0xF0, 0x1F, 0xC1, 0xEF, 0x0E, 0x38, 0xE1, 0xEF, 0x07,
    0x00, 0xE0, 0xE7, 0x07, 0x38, 0x39, 0xC1, 0xCE, 0x0E, 0x70, 0x73, 0x83, 0x9C, 0x1C, 0xE0, 0xE7,
    0x07, 0x38, 0x39, 0xFF, 0xFF, 0xFF, 0x80, 0x1C, 0x00, 0xE0, 0x07, 0x00, 0x38, 0xE0, 0xFC, 0x1F,
    0x83, 0xF0, 0x7E, 0x0F, 0xE3, 0xDF, 0xF9, 0xFF, 0x00, 0xE0, 0x1C, 0x03, 0x80, 0x70, 0x0E, 0xE1,
    0xC3, 0xF0, 0xE1, 0xF8, 0x70, 0xFC, 0x38, 0x7E, 0x1C, 0x3F, 0x0E, 0x1F, 0x87, 0x0F, 0xC3, 0x87,
    0xE1, 0xC3, 0xF0, 0xE1, 0xF8, 0x70, 0xFF, 0xFF, 0xFF, 0xFF, 0xF8, 0xE1, 0xC3, 0x9C, 0x38, 0x73,
    0x87, 0x0E, 0x70, 0xE1, 0xCE, 0x1C, 0x39, 0xC3, 0x87, 0x38, 0x70, 0xE7, 0x0E, 0x1C, 0xE1, 0xC3,
    0x9C, 0x38, 0x73, 0x87, 0x0E, 0x7F, 0xFF, 0xFF, 0xFF, 0xFE, 0x00, 0x01, 0xC0, 0x00, 0x38, 0x00,
    0x07, 0x00, 0x00, 0xE0, 0xFC, 0x01, 0xF8, 0x00, 0x70, 0x00, 0xE0, 0x01, 0xFF, 0x03, 0xFF, 0x87,
    0x8F, 0x0E, 0x0E, 0x1C, 0x1E, 0x38, 0x38, 0x78, 0xF0, 0xFF, 0xE0, 0xFF, 0x00, 0xE0, 0x0F, 0xC0,
    0x1F, 0x80, 0x3F, 0x00, 0x7E, 0x00, 0xFF, 0xF1, 0xFF, 0xF3, 0xF1, 0xE7, 0xE1, 0xEF, 0xC3, 0xDF,
    0x8F, 0x3F, 0xFE, 0x7F, 0xF8, 0xE0, 0xE0, 0x1C, 0x03, 0x80, 0x70, 0x0F, 0xF9, 0xFF, 0xB8, 0xF7,
    0x0F, 0xE0, 0xFC, 0x3F, 0x8F, 0x7F, 0xEF, 0xF8, 0x7F, 0x07, 0xFC, 0x63, 0xC0, 0x0E, 0x00, 0xE1,
    0xFE, 0x1F, 0xF0, 0x0E, 0x00, 0xE0, 0x1E, 0x63, 0xE7, 0xFC, 0x7F, 0x00, 0xE0, 0xFC, 0x71, 0xFF,
    0x38, 0xF3, 0xDC, 0xF0, 0xFE, 0x70, 0x3F, 0xF8, 0x1F, 0xFC, 0x0F, 0xCE, 0x07, 0xE7, 0x03, 0xF3,
    0xC3, 0xF8, 0xF3, 0xDC, 0x3F, 0xCE, 0x0F, 0xC0, 0x1F, 0xF3, 0xFF, 0x3C, 0x77, 0x07, 0x70, 0x77,
    0xC7, 0x3F, 0xF1, 0xFF, 0x1C, 0x73, 0x87, 0x38, 0x77, 0x07, 0x70, 0x70, 0x1C, 0x01, 0xC0, 0x0E,
    0x00, 0x70, 0x03, 0x00, 0x00, 0x00, 0x01, 0xF8, 0x3F, 0xE7, 0x9E, 0xF0, 0xFE, 0x07, 0xFF, 0xFF,
    0xFF, 0xE0, 0x0E, 0x00, 0xF0, 0x07, 0xC6, 0x3F, 0xE1, 0xFE, 0x39, 0xC3, 0xDC, 0x39, 0xC0, 0x00,
    0x00, 0x01, 0xF8, 0x3F, 0xE7, 0x9E, 0xF0, 0xFE, 0x07, 0xFF, 0xFF, 0xFF, 0xE0, 0x0E, 0x00, 0xF0,
    0x07, 0xC6, 0x3F, 0xE1, 0xFE, 0x38, 0x01, 0xC0, 0x3F, 0xE1, 0xFF, 0x03, 0x80, 0x1C, 0x00, 0xFF,
    0x87, 0xFE, 0x3C, 0xF1, 0xC3, 0xCE, 0x0E, 0x70, 0x73, 0x83, 0x9C, 0x1C, 0xE0, 0xE7, 0x07, 0x38,
    0x39, 0xC1, 0xCE, 0x0E, 0x00, 0x70, 0x03, 0x80, 0x3C, 0x07, 0xC0, 0x3E, 0x07, 0x03, 0x83, 0x83,
    0x81, 0x80, 0x00, 0x01, 0xFE, 0xFF, 0x70, 0x38, 0x1C, 0x0E, 0x07, 0x03, 0x81, 0xC0, 0xE0, 0x70,
    0x38, 0x1C, 0x00, 0x1F, 0xC7, 0xF9, 0xF3, 0x38, 0x0E, 0x01, 0xFE, 0x3F, 0xC7, 0x00, 0xE0, 0x1E,
    0x01, 0xF3, 0x9F, 0xF1, 0xFE, 0x3F, 0xBF, 0xEF, 0x33, 0x80, 0xF0, 0x3F, 0x03, 0xF0, 0x3E, 0x03,
    0x80, 0xFE, 0x7B, 0xFE, 0xFF, 0x00, 0xFF, 0x00, 0x07, 0x77, 0x77, 0x77, 0x77, 0x77, 0x77, 0xE7,
    0x7B, 0xB9, 0xC0, 0x00, 0x00, 0xE0, 0x70, 0x38, 0x1C, 0x0E, 0x07, 0x03, 0x81, 0xC0, 0xE0, 0x70,
    0x38, 0x1C, 0x0E, 0x00, 0x1E, 0x3C, 0x00, 0x00, 0x01, 0xC3, 0x87, 0x0E, 0x1C, 0x38, 0x70, 0xE1,
    0xC3, 0x87, 0x0E, 0x1C, 0x38, 0xF3, 0xDF, 0xBE, 0x00, 0x0F, 0xF8, 0x00, 0x7F, 0xC0, 0x03, 0x8E,
    0x00, 0x1C, 0x70, 0x00, 0xE3, 0x80, 0x07, 0x1F, 0xF0, 0x38, 0xFF, 0xC3, 0x87, 0x9F, 0x1C, 0x38,
    0x39, 0xE1, 0xC1, 0xDE, 0x0E, 0x1F, 0xF0, 0x7F, 0xEE, 0x03, 0xFE, 0x00, 0xE0, 0xE0, 0x1C, 0x1C,
    0x03, 0x83, 0x80, 0x70, 0x70, 0x0E, 0x0E, 0x01, 0xC1, 0xFF, 0x3F, 0xFF, 0xF7, 0xFF, 0x1F, 0xE0,
    0xE0, 0xFC, 0x1C, 0x1F, 0x83, 0x8F, 0xF0, 0x7F, 0xEE, 0x0F, 0xF8, 0x38, 0x01, 0xC0, 0x3F, 0xE1,
    0xFF, 0x03, 0x80, 0x1C, 0x00, 0xFF, 0x87, 0xFE, 0x3C, 0xF1, 0xC3, 0xCE, 0x0E, 0x70, 0x73, 0x83,
    0x9C, 0x1C, 0xE0, 0xE7, 0x07, 0x38, 0x39, 0xC1, 0xCE, 0x0E, 0x03, 0x00, 0x70, 0x0E, 0x01, 0xC0,
    0x1C, 0x00, 0x00, 0x00, 0x0E, 0x1E, 0xE3, 0xCE, 0x78, 0xEF, 0x0F, 0xE0, 0xFC, 0x0F, 0xC0, 0xFE,
    0x0E, 0xF0, 0xE7, 0x8E, 0x3C, 0xE1, 0xCE, 0x0E, 0x18, 0x07, 0x80, 0x70, 0x07, 0x00, 0x60, 0x00,
    0x00, 0x07, 0x07, 0xE1, 0xFC, 0x7F, 0x8F, 0xF3, 0xFE, 0xEF, 0xDD, 0xFF, 0x3F, 0xC7, 0xF8, 0xFE,
    0x1F, 0x83, 0xF0, 0x70, 0x18, 0xE1, 0xDC, 0x1F, 0xC0, 0xF8, 0x00, 0x00, 0x00, 0xE0, 0x7F, 0x07,
    0x70, 0x77, 0x0E, 0x78, 0xE3, 0x8E, 0x38, 0xC1, 0xDC, 0x1D, 0xC1, 0xF8, 0x0F, 0x80, 0xF8, 0x07,
    0x00, 0x70, 0x07, 0x09, 0xE0, 0xFC, 0x0F, 0x80, 0xE0, 0xFC, 0x1F, 0x83, 0xF0, 0x7E, 0x0F, 0xC1,
    0xF8, 0x3F, 0x07, 0xE0, 0xFC, 0x1F, 0x83, 0xFF, 0xFF, 0xFE, 0x1C, 0x03, 0x80, 0x70, 0x0E, 0x00,
    0x07, 0x00, 0x01, 0xC0, 0x0F, 0xFF, 0x83, 0xFF, 0xE0, 0x07, 0x00, 0x01, 0xC0, 0x00, 0x70, 0x00,
    0x1F, 0xF0, 0x07, 0xFF, 0x01, 0xC7, 0xE0, 0x70, 0x38, 0x1C, 0x0E, 0x07, 0x03, 0xC1, 0xC0, 0xE0,
    0x70, 0x38, 0x1C, 0x7E, 0x07, 0xFF, 0x01, 0xFF, 0x00, 0x1C, 0x00, 0x38, 0x00, 0x70, 0x00, 0xE0,
    0x01, 0xC0, 0x03, 0x80, 0x3F, 0xF8, 0x7F, 0xF0, 0x1C, 0x00, 0x38, 0x00, 0x7F, 0xC0, 0xFF, 0xE1,
    0xE3, 0xC3, 0x83, 0x87, 0x07, 0x8E, 0x0E, 0x1E, 0x3C, 0x3F, 0xF8, 0x3F, 0xC0, 0x07, 0xF8, 0x0F,
    0xFE, 0x0F, 0xCF, 0x8F, 0x01, 0xE7, 0x80, 0x7B, 0x80, 0x3F, 0xC0, 0x0F, 0xFF, 0x07, 0xFF, 0xE7,
    0xFC, 0xFF, 0xFC, 0x1F, 0xEE, 0x00, 0x77, 0x00, 0x7B, 0xC0, 0x78, 0xF8, 0xF8, 0x3F, 0xF8, 0x07,
    0xF8, 0x00, 0x1F, 0xC1, 0xFF, 0x1E, 0x7C, 0xE0, 0xEF, 0xE7, 0xFF, 0xBF, 0xDF, 0xFC, 0x7F, 0xE0,
    0x7B, 0x83, 0x9E, 0x7C, 0x7F, 0xC1, 0xFC, 0x00, 0xE0, 0x03, 0xEF, 0x00, 0x7E, 0x70, 0x0F, 0x67,
    0x80, 0xE0, 0x78, 0x0E, 0x03, 0x81, 0xC0, 0x3C, 0x1C, 0x01, 0xC3, 0xC0, 0x1C, 0x38, 0x01, 0xE3,
    0x80, 0x0E, 0x70, 0x00, 0xF7, 0x00, 0x07, 0xF0, 0x00, 0x7E, 0x00, 0x03, 0xE0, 0x00, 0x3C, 0x00,
    0x03, 0xC0, 0x00, 0xE0, 0x3D, 0xE0, 0xF9, 0xC1, 0xC3, 0x87, 0x07, 0x8E, 0x07, 0x1C, 0x0E, 0x70,
    0x0E, 0xE0, 0x1F, 0x80, 0x3F, 0x00, 0x3E, 0x00, 0x78, 0x00, 0x70, 0x00, 0x1C, 0x60, 0x0F, 0x70,
    0x03, 0xF0, 0x00, 0xF8, 0x00, 0x00, 0x00, 0x00, 0x03, 0x80, 0x71, 0xC0, 0x78, 0xE0, 0x7C, 0x70,
    0x3E, 0x38, 0x3F, 0x1C, 0x3F, 0x8E, 0x3D, 0xC7, 0x1C, 0xE3, 0x9C, 0x71, 0xDE, 0x38, 0xFE, 0x1C,
    0x7E, 0x0E, 0x3F, 0x07, 0x1F, 0x03, 0x8F, 0x01, 0xC7, 0x80, 0xFF, 0x80, 0x7E, 0x00, 0x0E, 0x00,
    0x07, 0x00, 0x07, 0x00, 0x03, 0x80, 0x01, 0x80, 0x71, 0x80, 0xEE, 0x03, 0xF8, 0x07, 0xC0, 0x00,
    0x00, 0x00, 0x0E, 0x0E, 0x38, 0x78, 0xE3, 0xE3, 0x8F, 0x8E, 0x7E, 0x3B, 0xB8, 0xEE, 0xE3, 0xF3,
    0x8F, 0x8E, 0x3E, 0x38, 0xF0, 0xE3, 0x83, 0xEE, 0x0F, 0x80, 0x0E, 0x00, 0x38, 0x01, 0xE0, 0x07,
    0x00, 0x18, 0x38, 0x00, 0x70, 0x03, 0xFE, 0x07, 0xFC, 0x03, 0x80, 0x07, 0x00, 0x0E, 0x00, 0x1F,
    0xF8, 0x3F, 0xF8, 0x71, 0xF8, 0xE0, 0x79, 0xC0, 0x73, 0x80, 0xE7, 0x01, 0xCE, 0x07, 0x9C, 0x3E,
    0x3F, 0xF8, 0x7F, 0xE0, 0x38, 0x07, 0xFC, 0x3F, 0xE0, 0x70, 0x03, 0x80, 0x1F, 0xF0, 0xFF, 0xC7,
    0x1F, 0x38, 0x39, 0xC1, 0xCE, 0x3E, 0x7F, 0xE3, 0xFE, 0x00, 0xFF, 0x87, 0xFF, 0x38, 0xFD, 0xC0,
    0xEE, 0x07, 0xF0, 0x3F, 0x99, 0xFC, 0xEE, 0xE7, 0xF7, 0xFF, 0x3F, 0xF1, 0xC3, 0x8E, 0x0E, 0x70,
    0x63, 0x80, 0x1C, 0x00, 0xE0, 0x00, 0xFF, 0x8F, 0xFC, 0xE3, 0xEE, 0x0E, 0xE0, 0xFE, 0x07, 0xE0,
    0x7E, 0x67, 0xE6, 0xFE, 0x7E, 0xF3, 0xEF, 0xFC, 0xFF, 0xCE, 0x1C, 0xE0, 0xCE, 0x00, 0xE0, 0x0E,
    0x00, 0x00, 0xE0, 0x1C, 0x03, 0xFF, 0xFF, 0xFF, 0xC0, 0x38, 0x07, 0x00, 0xE0, 0x1C, 0x03, 0x80,
    0x70, 0x0E, 0x01, 0xC0, 0x38, 0x07, 0x00, 0xE0, 0x1C, 0x03, 0x80, 0x70, 0x00, 0x03, 0x81, 0xC0,
    0xFF, 0xFF, 0xFF, 0x03, 0x81, 0xC0, 0xE0, 0x70, 0x38, 0x1C, 0x0E, 0x07, 0x03, 0x81, 0xC0, 0x3F,
    0xF9, 0xFF, 0xCE, 0x00, 0x70, 0x03, 0x80, 0x1C, 0x00, 0xE0, 0x1F, 0xF0, 0xFF, 0x81, 0xC0, 0x0E,
    0x00, 0x70, 0x03, 0x80, 0x1C, 0x00, 0xE0, 0x07, 0x00, 0x38, 0x00, 0x3F, 0xE7, 0xFC, 0xE0, 0x1C,
    0x03, 0x80, 0x70, 0x3F, 0xE7, 0xFC, 0x38, 0x07, 0x00, 0xE0, 0x1C, 0x03, 0x80, 0xFF, 0xE7, 0xFF,
    0x38, 0x01, 0xC0, 0x0E, 0x00, 0x70, 0x03, 0xFE, 0x1F, 0xFC, 0xF1, 0xF7, 0x07, 0xB8, 0x1F, 0xC0,
    0xFE, 0x03, 0xF0, 0x1F, 0x80, 0xFC, 0x07, 0xE0, 0x78, 0x03, 0x80, 0x3C, 0x07, 0xC0, 0xFE, 0x07,
    0xC0, 0xFF, 0x9F, 0xF3, 0x80, 0x70, 0x0E, 0x01, 0xFF, 0x3F, 0xF7, 0x1E, 0xE1, 0xFC, 0x1F, 0x83,
    0xF0, 0x7E, 0x0E, 0x01, 0xC0, 0x78, 0x1E, 0x0F, 0x81, 0xE0, 0x78, 0x38, 0x3C, 0x78, 0x70, 0xF0,
    0x70, 0xE3, 0xC0, 0x71, 0xCF, 0x00, 0x73, 0xBC, 0x00, 0xF7, 0xF0, 0x00, 0xFF, 0xC0, 0x00, 0xFF,
    0x80, 0x03, 0xFF, 0x00, 0x0F, 0x77, 0x00, 0x1C, 0xE7, 0x00, 0x71, 0xCF, 0x01, 0xC3, 0x8F, 0x07,
    0x87, 0x0E, 0x0E, 0x0E, 0x1E, 0x3C, 0x1C, 0x1F, 0xF0, 0x38, 0x1E, 0x00, 0x00, 0x1C, 0x00, 0x00,
    0x38, 0x00, 0x00, 0x70, 0x00, 0x00, 0xE0, 0x00, 0x01, 0xC0, 0x78, 0xE1, 0xC3, 0x8E, 0x38, 0x1C,
    0xE7, 0x00, 0xEE, 0xE0, 0x07, 0xFC, 0x00, 0x3F, 0xC0, 0x07, 0xFC, 0x00, 0xEF, 0xE0, 0x1C, 0xEF,
    0x03, 0xCE, 0x78, 0x38, 0xE3, 0xC7, 0x0E, 0x1F, 0xF0, 0xE1, 0xF0, 0x00, 0x07, 0x00, 0x00, 0x70,
    0x00, 0x07, 0x00, 0x00, 0x70, 0x3F, 0xC1, 0xFF, 0xC3, 0x9F, 0x00, 0x1E, 0x00, 0x78, 0x01, 0xC0,
    0x1F, 0x07, 0xF8, 0x1F, 0xF0, 0x07, 0xE0, 0x03, 0x80, 0x0E, 0x00, 0x38, 0x00, 0xE7, 0x9F, 0x9F,
    0xFC, 0x7F, 0xE0, 0x1C, 0x00, 0x38, 0x00, 0xE0, 0x0F, 0x80, 0x3C, 0x00, 0xFF, 0x3F, 0xEE, 0x7C,
    0x07, 0x03, 0xCF, 0xE3, 0xF8, 0x0F, 0x01, 0xC0, 0x7E, 0x3F, 0xFF, 0xFF, 0x07, 0x00, 0xE0, 0x38,
    0x3E, 0x0F, 0x00, 0xE0, 0x79, 0xC1, 0xE3, 0x87, 0x87, 0x1E, 0x0E, 0x78, 0x1D, 0xE0, 0x3F, 0x80,
    0x7E, 0x00, 0xFE, 0x01, 0xDE, 0x03, 0x9E, 0x07, 0x1E, 0x0E, 0x1E, 0x1C, 0x3C, 0x38, 0x3C, 0x70,
    0x3F, 0xE0, 0x3E, 0x00, 0x1C, 0x00, 0x38, 0x00, 0x70, 0x00, 0xE0, 0x01, 0xC0, 0xE1, 0xEE, 0x3C,
    0xE7, 0x8E, 0xE0, 0xFC, 0x0F, 0x80, 0xFC, 0x0F, 0xE0, 0xEF, 0x0E, 0x78, 0xE3, 0xCE, 0x1F, 0xE0,
    0xF0, 0x07, 0x00, 0x70, 0x07, 0x00, 0x70, 0xE0, 0x1E, 0xE0, 0x3C, 0xE0, 0x78, 0xEC, 0xF0, 0xED,
    0xE0, 0xED, 0xC0, 0xEF, 0x80, 0xFF, 0x80, 0xFF, 0x80, 0xED, 0xC0, 0xED, 0xE0, 0xEC, 0xF0, 0xEC,
    0x70, 0xE0, 0x78, 0xE0, 0x3C, 0xE0, 0x1E, 0xE0, 0x0E, 0xE0, 0x73, 0x83, 0xCF, 0xDE, 0x3F, 0xF0,
    0xFF, 0x83, 0xFC, 0x0F, 0xF8, 0x3F, 0xE0, 0xFD, 0xC3, 0xF3, 0x8E, 0x0F, 0x38, 0x1E, 0xE0, 0x38,
    0x38, 0x1E, 0x38, 0x3C, 0xFF, 0x78, 0xFF, 0xF0, 0x39, 0xE0, 0x3B, 0xC0, 0x3F, 0x80, 0x3F, 0x00,
    0x3F, 0x80, 0x3F, 0xC0, 0x3B, 0xE0, 0x38, 0xF0, 0x38, 0x78, 0x38, 0x3C, 0x38, 0x1E, 0x38, 0x1E,
    0x38, 0x0F, 0x38, 0x78, 0xE3, 0xCF, 0xFE, 0x3F, 0xF0, 0x3F, 0x80, 0xFC, 0x03, 0xF0, 0x0F, 0xE0,
    0x3B, 0xC0, 0xE7, 0x83, 0x8F, 0x0E, 0x1E, 0x38, 0x3C, 0xFF, 0x03, 0xDF, 0xE0, 0xF0, 0x1C, 0x3C,
    0x03, 0x8F, 0x00, 0x73, 0xC0, 0x0E, 0xF0, 0x01, 0xF8, 0x00, 0x3F, 0x00, 0x07, 0xF0, 0x00, 0xFF,
    0x00, 0x1D, 0xF0, 0x03, 0x9F, 0x00, 0x71, 0xE0, 0x0E, 0x1E, 0x01, 0xC1, 0xE0, 0x38, 0x1E, 0x07,
    0x01, 0xC0, 0xFC, 0x1D, 0xF8, 0x70, 0x71, 0xE0, 0xE7, 0x81, 0xDE, 0x03, 0xF8, 0x07, 0xE0, 0x0F,
    0xF0, 0x1C, 0xF0, 0x38, 0xF0, 0x70, 0xE0, 0xE0, 0xE1, 0xC1, 0xE0, 0xE0, 0x1C, 0xE0, 0x1C, 0xE0,
    0x1C, 0xE0, 0x1C, 0xE0, 0x1C, 0xE0, 0x1C, 0xE0, 0x1C, 0xFF, 0xFC, 0xFF, 0xFC, 0xE0, 0x1C, 0xE0,
    0x1C, 0xE0, 0x1C, 0xE0, 0x1C, 0xE0, 0x1C, 0xE0, 0x1C, 0xE0, 0x1F, 0xE0, 0x1F, 0x00, 0x07, 0x00,
    0x07, 0x00, 0x07, 0x00, 0x07, 0x00, 0x07, 0xE0, 0xE7, 0x07, 0x38, 0x39, 0xC1, 0xCE, 0x0E, 0x7F,
    0xF3, 0xFF, 0x9C, 0x1C, 0xE0, 0xE7, 0x07, 0x38, 0x39, 0xC1, 0xFE, 0x0F, 0x80, 0x1C, 0x00, 0xE0,
    0x07, 0x00, 0x38, 0xE0, 0x1F, 0xF8, 0x07, 0xFE, 0x01, 0xC3, 0x80, 0x70, 0xE0, 0x1C, 0x38, 0x07,
    0x0E, 0x01, 0xC3, 0xFF, 0xF0, 0xFF, 0xFC, 0x38, 0x07, 0x0E, 0x01, 0xC3, 0x80, 0x70, 0xE0, 0x1C,
    0x38, 0x07, 0x0E, 0x01, 0xC3, 0x80, 0x70, 0xE0, 0x1C, 0x00, 0xE0, 0xFF, 0x83, 0xFE, 0x0E, 0x38,
    0x38, 0xE0, 0xE3, 0xFF, 0x8F, 0xFE, 0x38, 0x38, 0xE0, 0xE3, 0x83, 0x8E, 0x0E, 0x38, 0x38, 0xE0,
    0xE0, 0xFF, 0xF8, 0x01, 0xFF, 0xF0, 0x03, 0x80, 0xE0, 0x07, 0x01, 0xC0, 0x0E, 0x03, 0x80, 0x1C,
    0x07, 0x00, 0x38, 0x0F, 0xFC, 0x70, 0x1F, 0xFC, 0xE0, 0x3C, 0x7D, 0xC0, 0x70, 0x3B, 0x80, 0xE0,
    0x7F, 0x01, 0xC0, 0x7E, 0x03, 0x80, 0xFC, 0x07, 0x01, 0xF8, 0x0E, 0x03, 0xF0, 0x1C, 0x07, 0xE0,
    0x38, 0x0E, 0x00, 0x00, 0x3C, 0x00, 0x00, 0x70, 0x00, 0x03, 0xE0, 0x00, 0x3F, 0x80, 0x00, 0x7C,
    0x00, 0xFF, 0xE0, 0x1F, 0xFC, 0x03, 0x83, 0x80, 0x70, 0x70, 0x0E, 0x0E, 0x01, 0xC1, 0xFF, 0x38,
    0x3F, 0xF7, 0x07, 0x1E, 0xE0, 0xE1, 0xFC, 0x1C, 0x1F, 0x83, 0x83, 0xF0, 0x70, 0x7E, 0x0E, 0x0E,
    0x00, 0x01, 0xC0, 0x00, 0x78, 0x00, 0x1E, 0x00, 0x0F, 0xC0, 0x01, 0xE0, 0x07, 0xF8, 0x07, 0xFE,
    0x03, 0xF1, 0x80, 0xF0, 0x00, 0x78, 0x00, 0x1C, 0x1F, 0x8F, 0x0F, 0xF3, 0x87, 0xDE, 0xE1, 0xC3,
    0xB8, 0x70, 0xFF, 0x1C, 0x3D, 0xC7, 0x0F, 0x71, 0xC3, 0x9E, 0x71, 0xE3, 0xFD, 0xF0, 0x7F, 0xF8,
    0x07, 0xF8, 0x00, 0x1C, 0x00, 0x07, 0x80, 0x00, 0xFC, 0x00, 0x1F, 0x80, 0x01, 0xE0, 0x1F, 0x80,
    0xFE, 0x07, 0xC0, 0x3C, 0x7C, 0xE3, 0xFB, 0x9E, 0xEE, 0x73, 0xB9, 0xC6, 0xE7, 0x3B, 0xDC, 0xE7,
    0xFF, 0x8F, 0xFC, 0x1F, 0xC0, 0x0F, 0x00, 0x1F, 0x00, 0x3E, 0x00, 0x78, 0x07, 0xF8, 0x7F, 0xF3,
    0xF3, 0xDE, 0x00, 0x78, 0x01, 0xC0, 0x0F, 0x00, 0x38, 0x00, 0xE0, 0x03, 0x80, 0x0F, 0x00, 0x3C,
    0x00, 0x70, 0x01, 0xE0, 0x03, 0xF1, 0xC7, 0xFF, 0x07, 0xF8, 0x06, 0x00, 0x3C, 0x00, 0x70, 0x01,
    0xC0, 0x1F, 0x00, 0x7C, 0x00, 0x1F, 0xC7, 0xF9, 0xF3, 0x38, 0x0E, 0x01, 0xC0, 0x38, 0x07, 0x00,
    0xE0, 0x1E, 0x01, 0xF3, 0x1F, 0xE1, 0xFC, 0x0C, 0x01, 0xC0, 0x38, 0x07, 0x03, 0xE0, 0x7C, 0x00,
    0xFF, 0xFF, 0xFF, 0xF0, 0x78, 0x01, 0xE0, 0x07, 0x80, 0x1E, 0x00, 0x78, 0x01, 0xE0, 0x07, 0x80,
    0x1E, 0x00, 0x78, 0x01, 0xE0, 0x07, 0x80, 0x1E, 0x00, 0x78, 0x01, 0xF8, 0x07, 0xE0, 0x03, 0x80,
    0x0E, 0x00, 0x38, 0x00, 0xE0, 0x03, 0x80, 0xFF, 0xFF, 0xFF, 0x0E, 0x00, 0xE0, 0x0E, 0x00, 0xE0,
    0x0E, 0x00, 0xE0, 0x0E, 0x00, 0xE0, 0x0E, 0x00, 0xF8, 0x0F, 0x80, 0x38, 0x03, 0x80, 0x38, 0x03,
    0x80, 0xF0, 0x1E, 0xE0, 0x39, 0xE0, 0xF1, 0xC1, 0xC3, 0xC7, 0x83, 0xDE, 0x03, 0xB8, 0x07, 0xF0,
    0x07, 0xC0, 0x07, 0x00, 0x0E, 0x00, 0x1C, 0x00, 0x38, 0x00, 0x70, 0x00, 0xE0, 0x01, 0xC0, 0x03,
    0x80, 0xE0, 0x77, 0x83, 0x9C, 0x1C, 0xE1, 0xE7, 0x8E, 0x1C, 0x70, 0xE7, 0x07, 0xB8, 0x1D, 0xC0,
    0xFC, 0x03, 0xE0, 0x1E, 0x00, 0xF0, 0x03, 0x80, 0x1C, 0x00, 0xE0, 0x07, 0x00, 0x38, 0x00, 0xF0,
    0x1E, 0xE0, 0x39, 0xE0, 0xF1, 0xC1, 0xC3, 0xC7, 0x83, 0xCE, 0x03, 0xB8, 0x07, 0xF0, 0x07, 0xC0,
    0x0F, 0x80, 0xFF, 0xE1, 0xFF, 0xC0, 0x38, 0x00, 0x70, 0x00, 0xE0, 0x01, 0xC0, 0x03, 0x80, 0xE0,
    0x77, 0x83, 0x9C, 0x1C, 0xE1, 0xC7, 0x8E, 0x1C, 0x70, 0xE7, 0x03, 0xB8, 0x1F, 0x80, 0xFC, 0x03,
    0xE0, 0xFF, 0xC7, 0xFE, 0x03, 0x80, 0x1C, 0x00, 0xE0, 0x07, 0x00, 0x38, 0x00, 0x70, 0x1E, 0x3C,
    0x0E, 0x0F, 0x0F, 0x03, 0x8F, 0x01, 0xE7, 0x00, 0x7F, 0x80, 0x1F, 0x80, 0x07, 0x80, 0x03, 0xC0,
    0x03, 0xF0, 0x03, 0xF8, 0x01, 0xDE, 0x01, 0xE7, 0x81, 0xE1, 0xE0, 0xE0, 0x70, 0xF0, 0x3F, 0xF0,
    0x0F, 0x80, 0x03, 0xC0, 0x01, 0xE0, 0x00, 0xF0, 0x00, 0x78, 0x00, 0x3C, 0x70, 0x73, 0xC7, 0x0E,
    0x78, 0x3B, 0x81, 0xF8, 0x07, 0x80, 0x3C, 0x01, 0xF0, 0x1F, 0xC1, 0xEF, 0x0E, 0x38, 0xE1, 0xFF,
    0x07, 0x80, 0x1C, 0x00, 0xE0, 0x07, 0x00, 0x38, 0xFF, 0xF8, 0xE7, 0xFF, 0xC7, 0x01, 0xC0, 0x38,
    0x0E, 0x01, 0xC0, 0x70, 0x0E, 0x03, 0x80, 0x70, 0x1C, 0x03, 0x80, 0xE0, 0x1C, 0x07, 0x00, 0xE0,
    0x38, 0x07, 0x01, 0xC0, 0x38, 0x0E, 0x01, 0xC0, 0x70, 0x0E, 0x03, 0x80, 0x70, 0x1C, 0x03, 0x80,
    0xFF, 0xFF, 0x07, 0xFF, 0xF8, 0x00, 0x01, 0xC0, 0x00, 0x0E, 0x00, 0x00, 0x70, 0x00, 0x03, 0x80,
    0x00, 0x1C, 0xFF, 0xCE, 0xFF, 0xCE, 0x1E, 0x0E, 0x1E, 0x0E, 0x1E, 0x0E, 0x1E, 0x0E, 0x1E, 0x0E,
    0x1E, 0x0E, 0x1E, 0x0E, 0x1E, 0x0E, 0x1E, 0x0E, 0x1F, 0xFF, 0x1F, 0xFF, 0x00, 0x07, 0x00, 0x07,
    0x00, 0x07, 0x00, 0x07, 0xE0, 0x39, 0xC0, 0x73, 0x80, 0xE7, 0x01, 0xCE, 0x03, 0x9C, 0x07, 0x38,
    0x0E, 0x78, 0x1C, 0x78, 0x78, 0xFF, 0xF0, 0x7F, 0xE0, 0x01, 0xC0, 0x03, 0x80, 0x07, 0x00, 0x0E,
    0x00, 0x1F, 0x00, 0x3E, 0x00, 0x1C, 0x00, 0x38, 0x00, 0x70, 0x00, 0xE0, 0x01, 0xC0, 0xE0, 0xE7,
    0x07, 0x38, 0x39, 0xC1, 0xCE, 0x0E, 0x78, 0xF1, 0xFF, 0x87, 0xFC, 0x00, 0xE0, 0x07, 0x00, 0x38,
    0x01, 0xE0, 0x0F, 0x00, 0x38, 0x01, 0xC0, 0x0E, 0x00, 0x70, 0xE0, 0x3F, 0x01, 0xF8, 0x0F, 0xC0,
    0x7E, 0x03, 0xF0, 0x1F, 0x9C, 0xFE, 0xE7, 0x7F, 0x7B, 0xFF, 0xCF, 0xFE, 0x0E, 0x70, 0x73, 0x83,
    0x9C, 0x00, 0xE0, 0x07, 0x00, 0x38, 0x70, 0x77, 0x07, 0x70, 0x77, 0x07, 0x76, 0x77, 0xEF, 0x7F,
    0xF3, 0xFF, 0x06, 0x70, 0x67, 0x00, 0x70, 0x07, 0x00, 0x70, 0xE0, 0x07, 0x00, 0x38, 0x01, 0xC0,
    0x0E, 0x00, 0x70, 0x03, 0xFF, 0x1F, 0xFE, 0xF1, 0xF7, 0x03, 0xF8, 0x0F, 0xC0, 0x7E, 0x03, 0xF0,
    0x1F, 0x80, 0xFC, 0x07, 0xE0, 0x38, 0xE0, 0x1C, 0x03, 0x80, 0x70, 0x0E, 0x01, 0xC0, 0x3F, 0xE7,
    0xFE, 0xF3, 0xDC, 0x3F, 0x83, 0xF0, 0x7E, 0x0F, 0xC1, 0xF8, 0x3F, 0x07, 0xE0, 0xFC, 0x1F, 0x83,
    0x80, 0x00, 0x7F, 0x00, 0x1F, 0xFC, 0x03, 0xE7, 0xC0, 0x38, 0x1E, 0xE7, 0x00, 0xEE, 0x70, 0x0F,
    0xFF, 0x00, 0x77, 0xFF, 0xFF, 0x3F, 0xFF, 0xF0, 0xF0, 0x00, 0x07, 0x00, 0x00, 0x70, 0x00, 0x07,
    0x80, 0x00, 0x38, 0x00, 0x03, 0xF1, 0xC0, 0x1F, 0xFE, 0x00, 0x7F, 0xC0, 0x01, 0xF8, 0x07, 0xFC,
    0xE7, 0x9E, 0xEF, 0x0E, 0xFE, 0x07, 0x7F, 0xFF, 0x3F, 0xFF, 0x0E, 0x00, 0x0E, 0x00, 0x0F, 0x00,
    0x07, 0xCE, 0x07, 0xFE, 0x01, 0xFE, 0x00, 0x7F, 0x00, 0x1F, 0xFC, 0x03, 0xE7, 0xC0, 0x38, 0x1E,
    0xE7, 0x00, 0xEE, 0x70, 0x0F, 0xFF, 0x00, 0x77, 0xFF, 0xFF, 0x3F, 0xFF, 0xF0, 0xF0, 0x00, 0x0F,
    0x00, 0x00, 0x70, 0x00, 0x07, 0x80, 0x00, 0x38, 0x00, 0x03, 0xF1, 0xC0, 0x1F, 0xFE, 0x00, 0x7F,
    0xC0, 0x01, 0xC0, 0x00, 0x1C, 0x00, 0x01, 0xC0, 0x00, 0x1C, 0x00, 0x01, 0xC0, 0x01, 0xF8, 0x07,
    0xFC, 0xE7, 0x9E, 0xEF, 0x0E, 0xFE, 0x07, 0x7F, 0xFF, 0x3F, 0xFF, 0x0E, 0x00, 0x0E, 0x00, 0x0F,
    0x00, 0x07, 0xCE, 0x07, 0xFE, 0x01, 0xFE, 0x00, 0xE0, 0x00, 0xE0, 0x00, 0xE0, 0x00, 0xE0, 0xFF,
    0xFF, 0xFF, 0xFF, 0xFF, 0xFF, 0xE0, 0x01, 0xC6, 0x00, 0x01, 0xDC, 0x00, 0x03, 0xF8, 0x00, 0x03,
    0xE0, 0x00, 0x00, 0x00, 0x00, 0x00, 0x00, 0x1E, 0x0E, 0x0F, 0x1E, 0x1C, 0x3C, 0x1C, 0x38, 0xF0,
    0x1C, 0x73, 0xC0, 0x3C, 0xEF, 0x00, 0x3D, 0xFC, 0x00, 0x3F, 0xF0, 0x00, 0x3F, 0xE0, 0x00, 0xFF,
    0xC0, 0x03, 0xDD, 0xC0, 0x07, 0x39, 0xC0, 0x1C, 0x73, 0xC0, 0x70, 0xE3, 0xC1, 0xE1, 0xC3, 0x83,
    0x83, 0x87, 0x8F, 0x07, 0x07, 0xBC, 0x0E, 0x07, 0x00, 0x03, 0x1C, 0x00, 0x77, 0x00, 0x0F, 0xE0,
    0x00, 0xF8, 0x00, 0x00, 0x00, 0x00, 0x00, 0x1E, 0x38, 0x71, 0xC7, 0x1C, 0x1C, 0xE7, 0x01, 0xDD,
    0xC0, 0x1F, 0xF0, 0x01, 0xFE, 0x00, 0x7F, 0xC0, 0x1D, 0xDC, 0x07, 0x39, 0xC1, 0xE7, 0x3C, 0x38,
    0xE3, 0xCE, 0x1C, 0x3B, 0xC3, 0x87, 0x80, 0xE0, 0x7F, 0x07, 0xB8, 0x79, 0xC7, 0x8E, 0x78, 0x77,
    0x83, 0xF8, 0x1F, 0xF0, 0xFF, 0xE7, 0x1F, 0xB8, 0x3D, 0xC0, 0xFE, 0x03, 0xF0, 0x1F, 0x80, 0xFC,
    0x07, 0xE0, 0x38, 0x03, 0xC0, 0x1C, 0x03, 0xE0, 0xFE, 0x07, 0xE0, 0xE1, 0xFC, 0x7B, 0x9E, 0x77,
    0x8F, 0xC1, 0xFE, 0x3F, 0xE7, 0x3E, 0xE1, 0xFC, 0x1F, 0x83, 0xF0, 0x7E, 0x0E, 0x01, 0xC0, 0x78,
    0x1E, 0x0F, 0x81, 0xE0, 0x07, 0xFF, 0x01, 0xFF, 0xC0, 0x70, 0x70, 0x1C, 0x1C, 0x07, 0x07, 0x01,
    0xC1, 0xC0, 0x70, 0x70, 0x1C, 0x1C, 0x07, 0x07, 0x01, 0xC1, 0xC0, 0xF0, 0x70, 0x38, 0x1C, 0x0E,
    0x07, 0x07, 0x81, 0xC7, 0xC0, 0x73, 0xE0, 0x1F, 0xF0, 0x07, 0xC0, 0x00, 0x70, 0x00, 0x38, 0x00,
    0x0E, 0x00, 0x07, 0x00, 0x01, 0xC0, 0x0F, 0xF8, 0x0F, 0xF8, 0x0E, 0x38, 0x0E, 0x38, 0x0E, 0x38,
    0x0E, 0x38, 0x0E, 0x38, 0x1C, 0x38, 0x1C, 0x38, 0x3C, 0x38, 0x78, 0x38, 0xF8, 0x3E, 0xE0, 0x3E,
    0x00, 0x0E, 0x00, 0x0E, 0x00, 0x1E, 0x00, 0x1C, 0x00, 0x18, 0xE0, 0x1F, 0x80, 0x7E, 0x01, 0xF8,
    0x07, 0xE0, 0x1F, 0x80, 0x7E, 0x01, 0xFF, 0xFF, 0xFF, 0xFF, 0x80, 0x7E, 0x01, 0xF8, 0x07, 0xE0,
    0x1F, 0x80, 0x7E, 0x01, 0xF8, 0x07, 0xE0, 0x1C, 0x00, 0x70, 0x01, 0xC0, 0x0F, 0x00, 0xF8, 0x03,
    0xE0, 0xE0, 0xFC, 0x1F, 0x83, 0xF0, 0x7E, 0x0F, 0xFF, 0xFF, 0xFF, 0x07, 0xE0, 0xFC, 0x1F, 0x83,
    0xF0, 0x7E, 0x0E, 0x01, 0xC0, 0x38, 0x0F, 0x07, 0xC0, 0xF8, 0xE0, 0x1C, 0xE0, 0x1C, 0xE0, 0x1C,
    0xE0, 0x1C, 0xE0, 0x1C, 0xE0, 0x1C, 0xE0, 0x1C, 0xFF, 0xFC, 0xFF, 0xFC, 0xE0, 0x1C, 0xE0, 0x1C,
    0xE0, 0x1C, 0xE0, 0x1C, 0xE0, 0x1C, 0xE0, 0x1C, 0xE0, 0x1F, 0xE0, 0x1F, 0x00, 0x07, 0x00, 0x0E,
    0x00, 0x0E, 0x00, 0x1C, 0x00, 0x1C, 0xE0, 0xE7, 0x07, 0x38, 0x39, 0xC1, 0xCE, 0x0E, 0x7F, 0xF3,
    0xFF, 0x9C, 0x1C, 0xE0, 0xE7, 0x07, 0x38, 0x39, 0xC1, 0xFE, 0x0F, 0x80, 0x1C, 0x00, 0xE0, 0x0E,
    0x00, 0x70, 0x03, 0x00, 0xE0, 0x3F, 0x01, 0xF8, 0x0F, 0xC0, 0x7E, 0x03, 0xF0, 0x1F, 0xC0, 0xEE,
    0x07, 0x7C, 0x7B, 0xFF, 0xC7, 0xFE, 0x00, 0x70, 0x03, 0x80, 0x1C, 0x00, 0xE0, 0x1F, 0x00, 0xF8,
    0x07, 0x00, 0x38, 0x01, 0xC0, 0x0E, 0x00, 0x70, 0xE0, 0xFC, 0x1F, 0x83, 0xF0, 0x7E, 0x0F, 0xE3,
    0xDF, 0xF9, 0xFF, 0x00, 0xE0, 0x1C, 0x03, 0x81, 0xF0, 0x3E, 0x07, 0x00, 0xE0, 0x1C, 0x03, 0x80,
    0x38, 0x01, 0xC1, 0xE0, 0x07, 0x07, 0xC0, 0x3C, 0x1F, 0x00, 0xF8, 0x7E, 0x06, 0xE1, 0xD8, 0x1B,
    0x87, 0x70, 0xCE, 0x1C, 0xC3, 0x38, 0x73, 0x1C, 0xE1, 0xCE, 0x63, 0x87, 0x19, 0x8E, 0x1C, 0x7E,
    0x38, 0x70, 0xF0, 0xE3, 0xC3, 0xC3, 0x8F, 0x0E, 0x0E, 0x38, 0x00, 0x3F, 0xE0, 0x00, 0xFC, 0x00,
    0x00, 0xE0, 0x00, 0x03, 0x80, 0x00, 0x1C, 0x00, 0x00, 0x70, 0x00, 0x01, 0x80, 0x70, 0x0E, 0x1E,
    0x07, 0x87, 0x81, 0xE1, 0xF0, 0xF8, 0x7C, 0x36, 0x1D, 0x9D, 0xC7, 0x66, 0x71, 0x9F, 0x9C, 0x63,
    0xC7, 0x38, 0xF1, 0xCE, 0x1C, 0x73, 0x80, 0x1F, 0xE0, 0x07, 0xC0, 0x00, 0x70, 0x00, 0x38, 0x00,
    0x0E, 0x00, 0x07, 0x80, 0x00, 0xC0, 0xFF, 0xFF, 0xFF, 0xFF, 0xFF, 0xFF, 0xE0, 0x0E, 0x30, 0x03,
    0xB8, 0x01, 0xFC, 0x00, 0x7C, 0x00, 0x00, 0x00, 0x00, 0x00, 0x07, 0x00, 0x07, 0xC0, 0x03, 0xE0,
    0x03, 0xF0, 0x01, 0xDC, 0x01, 0xCE, 0x00, 0xE7, 0x80, 0xF1, 0xC0, 0x70, 0xF0, 0x38, 0x38, 0x3C,
    0x1C, 0x1F, 0xFF, 0x0F, 0xFF, 0x8E, 0x01, 0xC7, 0x00, 0xF7, 0x80, 0x3B, 0x80, 0x1E, 0x31, 0xC7,
    0x70, 0xFE, 0x0F, 0x80, 0x00, 0x00, 0x1F, 0xE3, 0xFE, 0x63, 0xC0, 0x38, 0x03, 0x9F, 0xF7, 0xFF,
    0xF3, 0xF8, 0x3F, 0x07, 0xF1, 0xFF, 0xFC, 0xFF, 0x00, 0x0E, 0x70, 0x07, 0xB8, 0x03, 0x9C, 0x00,
    0x00, 0x00, 0x00, 0x00, 0x0E, 0x00, 0x0F, 0x80, 0x07, 0xC0, 0x07, 0xE0, 0x03, 0xB8, 0x03, 0x9C,
    0x01, 0xCF, 0x01, 0xE3, 0x80, 0xE1, 0xE0, 0x70, 0x70, 0x78, 0x38, 0x3F, 0xFE, 0x1F, 0xFF, 0x1C,
    0x03, 0x8E, 0x01, 0xEF, 0x00, 0x77, 0x00, 0x3C, 0x3B, 0x8F, 0x78, 0xEE, 0x00, 0x00, 0x00, 0xFF,
    0x1F, 0xF3, 0x1E, 0x01, 0xC0, 0x1C, 0xFF, 0xBF, 0xFF, 0x9F, 0xC1, 0xF8, 0x3F, 0x8F, 0xFF, 0xE7,
    0xF8, 0x00, 0x3F, 0xFC, 0x00, 0xFF, 0xF8, 0x03, 0xF8, 0x00, 0x07, 0x70, 0x00, 0x1E, 0xE0, 0x00,
    0x39, 0xC0, 0x00, 0xE3, 0x80, 0x03, 0xC7, 0xFC, 0x07, 0x0F, 0xF8, 0x1C, 0x1C, 0x00, 0x78, 0x38,
    0x00, 0xFF, 0xF0, 0x03, 0xFF, 0xE0, 0x07, 0x01, 0xC0, 0x1E, 0x03, 0x80, 0x38, 0x07, 0xFF, 0xE0,
    0x0F, 0xFE, 0x7F, 0x1F, 0x87, 0xFB, 0xFC, 0x63, 0xFB, 0xE0, 0x1E, 0x0E, 0x00, 0xE0, 0xE3, 0xFF,
    0xFE, 0x7F, 0xFF, 0xEF, 0x9E, 0x00, 0xE0, 0xE0, 0x0E, 0x0F, 0x00, 0xF1, 0xF8, 0xCF, 0xFF, 0xFC,
    0x3F, 0x9F, 0xC0, 0x71, 0x87, 0xB8, 0x3F, 0x01, 0xF0, 0x00, 0x00, 0x00, 0xFF, 0xEF, 0xFE, 0xE0,
    0x0E, 0x00, 0xE0, 0x0E, 0x00, 0xE0, 0x0F, 0xFC, 0xFF, 0xCE, 0x00, 0xE0, 0x0E, 0x00, 0xE0, 0x0E,
    0x00, 0xE0, 0x0F, 0xFF, 0xFF, 0xF0, 0x38, 0xC3, 0xDC, 0x1F, 0x80, 0xF8, 0x00, 0x00, 0x00, 0x1F,
    0x83, 0xFE, 0x79, 0xEF, 0x0F, 0xE0, 0x7F, 0xFF, 0xFF, 0xFE, 0x00, 0xE0, 0x0F, 0x00, 0x7C, 0x63,
    0xFE, 0x1F, 0xE0, 0x3F, 0xE0, 0x7F, 0xF8, 0x38, 0xFC, 0x00, 0x3C, 0x00, 0x1E, 0x00, 0x0E, 0x00,
    0x0E, 0x00, 0x0E, 0xFF, 0xFF, 0xFF, 0xFE, 0xE0, 0x0E, 0xF0, 0x0E, 0x70, 0x1E, 0x78, 0x1C, 0x7C,
    0x7C, 0x3F, 0xF8, 0x0F, 0xE0, 0x7F, 0x87, 0xFC, 0x63, 0xE0, 0x0F, 0x00, 0x70, 0x07, 0xFF, 0xFF,
    0xFF, 0xE0, 0x7F, 0x0F, 0x79, 0xE7, 0xFC, 0x3F, 0x80, 0x0E, 0xE0, 0x1E, 0xF0, 0x0E, 0xE0, 0x00,
    0x00, 0x00, 0x00, 0x3F, 0xE0, 0x7F, 0xF8, 0x38, 0xFC, 0x00, 0x3C, 0x00, 0x1E, 0x00, 0x0E, 0x00,
    0x0E, 0x00, 0x0E, 0xFF, 0xFF, 0xFF, 0xFE, 0xE0, 0x0E, 0xF0, 0x0E, 0x70, 0x1E, 0x78, 0x1C, 0x7C,
    0x7C, 0x3F, 0xF8, 0x0F, 0xE0, 0x39, 0xC3, 0xBC, 0x39, 0xC0, 0x00, 0x00, 0x07, 0xF8, 0x7F, 0xC6,
    0x3E, 0x00, 0xF0, 0x07, 0x00, 0x7F, 0xFF, 0xFF, 0xFE, 0x07, 0xF0, 0xF7, 0x9E, 0x7F, 0xC3, 0xF8,
    0x01, 0xCE, 0x00, 0x03, 0xDC, 0x00, 0x07, 0x38, 0x00, 0x00, 0x00, 0x00, 0x00, 0x00, 0x0F, 0x07,
    0x07, 0x8F, 0x0E, 0x1E, 0x0E, 0x1C, 0x78, 0x0E, 0x39, 0xE0, 0x1E, 0x77, 0x80, 0x1E, 0xFE, 0x00,
    0x1F, 0xF8, 0x00, 0x1F, 0xF0, 0x00, 0x7F, 0xE0, 0x01, 0xEE, 0xE0, 0x03, 0x9C, 0xE0, 0x0E, 0x39,
    0xE0, 0x38, 0x71, 0xE0, 0xF0, 0xE1, 0xC1, 0xC1, 0xC3, 0xC7, 0x83, 0x83, 0xDE, 0x07, 0x03, 0x80,
    0x03, 0xB8, 0x00, 0xF7, 0x80, 0x0E, 0xE0, 0x00, 0x00, 0x00, 0x00, 0x00, 0xF1, 0xC3, 0x8E, 0x38,
    0xE0, 0xE7, 0x38, 0x0E, 0xEE, 0x00, 0xFF, 0x80, 0x0F, 0xF0, 0x03, 0xFE, 0x00, 0xEE, 0xE0, 0x39,
    0xCE, 0x0F, 0x39, 0xE1, 0xC7, 0x1E, 0x70, 0xE1, 0xDE, 0x1C, 0x3C, 0x19, 0xC0, 0xF7, 0x81, 0x9C,
    0x00, 0x00, 0x00, 0x00, 0xFF, 0x07, 0xFF, 0x0E, 0x7C, 0x00, 0x78, 0x01, 0xE0, 0x07, 0x00, 0x7C,
    0x1F, 0xE0, 0x7F, 0xC0, 0x1F, 0x80, 0x0E, 0x00, 0x38, 0x00, 0xE0, 0x03, 0x9E, 0x7E, 0x7F, 0xF0,
    0xFF, 0x80, 0x73, 0x9D, 0xE7, 0x38, 0x00, 0x00, 0x3F, 0xCF, 0xFB, 0x9F, 0x01, 0xC0, 0xF3, 0xF8,
    0xFE, 0x03, 0xC0, 0x70, 0x1F, 0x8F, 0xFF, 0xFF, 0xC0, 0x7F, 0xFB, 0xFF, 0xC0, 0x1C, 0x01, 0xC0,
    0x1C, 0x01, 0xC0, 0x1C, 0x01, 0xFC, 0x0F, 0xF0, 0x0F, 0xC0, 0x1E, 0x00, 0x70, 0x03, 0x80, 0x1D,
    0xE7, 0xFF, 0xFE, 0x7F, 0xC0, 0x7F, 0xF7, 0xFE, 0x00, 0xE0, 0x1C, 0x03, 0x80, 0x70, 0x0F, 0x00,
    0xF8, 0x0F, 0xE0, 0x3F, 0x00, 0xF0, 0x07, 0x00, 0x70, 0x07, 0x00, 0xF7, 0x3E, 0x7F, 0xE7, 0xF8,
    0x1F, 0xE0, 0x3F, 0xC0, 0x00, 0x00, 0x00, 0x00, 0x00, 0x1C, 0x03, 0xB8, 0x0F, 0x70, 0x3E, 0xE0,
    0x7D, 0xC1, 0xFB, 0x87, 0xF7, 0x1E, 0xEE, 0x39, 0xDC, 0xE3, 0xBB, 0xC7, 0x7F, 0x0E, 0xFC, 0x1D,
    0xF8, 0x3B, 0xE0, 0x77, 0x80, 0xEF, 0x01, 0xDC, 0x03, 0x80, 0x3F, 0x87, 0xF0, 0x00, 0x00, 0x00,
    0x01, 0xC1, 0xF8, 0x7F, 0x1F, 0xE3, 0xFC, 0xFF, 0xBB, 0xF7, 0x7F, 0xCF, 0xF1, 0xFE, 0x3F, 0x87,
    0xE0, 0xFC, 0x1C, 0x1C, 0xE0, 0x3D, 0xC0, 0x73, 0x80, 0x00, 0x00, 0x00, 0x1C, 0x03, 0xB8, 0x0F,
    0x70, 0x3E, 0xE0, 0x7D, 0xC1, 0xFB, 0x87, 0xF7, 0x1E, 0xEE, 0x39, 0xDC, 0xE3, 0xBB, 0xC7, 0x7F,
    0x0E, 0xFC, 0x1D, 0xF8, 0x3B, 0xE0, 0x77, 0x80, 0xEF, 0x01, 0xDC, 0x03, 0x80, 0x3B, 0x8F, 0x78,
    0xEE, 0x00, 0x00, 0x01, 0xC1, 0xF8, 0x7F, 0x1F, 0xE3, 0xFC, 0xFF, 0xBB, 0xF7, 0x7F, 0xCF, 0xF1,
    0xFE, 0x3F, 0x87, 0xE0, 0xFC, 0x1C, 0x07, 0x38, 0x03, 0xBC, 0x01, 0xCE, 0x00, 0x00, 0x00, 0x00,
    0x00, 0x3F, 0xC0, 0x7F, 0xF0, 0x7E, 0x7C, 0x78, 0x0F, 0x38, 0x03, 0xDC, 0x01, 0xFE, 0x00, 0x7E,
    0x00, 0x3F, 0x00, 0x1F, 0x80, 0x0F, 0xE0, 0x07, 0x70, 0x07, 0xB8, 0x03, 0xDE, 0x03, 0xC7, 0xE7,
    0xC1, 0xFF, 0xC0, 0x3F, 0xC0, 0x19, 0xC1, 0xEF, 0x06, 0x70, 0x00, 0x00, 0x00, 0x0F, 0xE0, 0xFF,
    0x8F, 0x3E, 0x70, 0x77, 0x03, 0xF8, 0x0F, 0xC0, 0x7E, 0x03, 0xF0, 0x3D, 0xC1, 0xCF, 0x3E, 0x3F,
    0xE0, 0xFE, 0x00, 0x07, 0xF8, 0x0F, 0xFE, 0x0F, 0x8F, 0x8F, 0x01, 0xE7, 0x00, 0x7B, 0x80, 0x1F,
    0x80, 0x0F, 0xFF, 0xFF, 0xFF, 0xFF, 0xF0, 0x01, 0xFC, 0x00, 0xEE, 0x00, 0xF7, 0x80, 0x7B, 0xC0,
    0x78, 0xFC, 0xF8, 0x3F, 0xF8, 0x07, 0xF8, 0x00, 0x1F, 0xC1, 0xFF, 0x1F, 0x7C, 0xE0, 0xEE, 0x07,
    0xFF, 0xFF, 0xFF, 0xFC, 0x07, 0xE0, 0x7B, 0x83, 0x9E, 0x7C, 0x7F, 0xC1, 0xFC, 0x00, 0x07, 0x38,
    0x03, 0xBC, 0x01, 0xCE, 0x00, 0x00, 0x00, 0x00, 0x00, 0x3F, 0xC0, 0x7F, 0xF0, 0x7C, 0x7C, 0x78,
    0x0F, 0x38, 0x03, 0xDC, 0x00, 0xFC, 0x00, 0x7F, 0xFF, 0xFF, 0xFF, 0xFF, 0x80, 0x0F, 0xE0, 0x07,
    0x70, 0x07, 0xBC, 0x03, 0xDE, 0x03, 0xC7, 0xE7, 0xC1, 0xFF, 0xC0, 0x3F, 0xC0, 0x39, 0xC1, 0xEF,
    0x0E, 0x70, 0x00, 0x00, 0x00, 0x0F, 0xE0, 0xFF, 0x8F, 0xBE, 0x70, 0x77, 0x03, 0xFF, 0xFF, 0xFF,
    0xFE, 0x03, 0xF0, 0x3D, 0xC1, 0xCF, 0x3E, 0x3F, 0xE0, 0xFE, 0x00, 0x39, 0xC0, 0x7B, 0x80, 0xE7,
    0x00, 0x00, 0x00, 0x00, 0x0F, 0xF8, 0x3F, 0xF8, 0x38, 0xF8, 0x00, 0x78, 0x00, 0x78, 0x00, 0x70,
    0x00, 0xE1, 0xFF, 0xC3, 0xFF, 0x80, 0x07, 0x00, 0x0E, 0x00, 0x1C, 0x00, 0x78, 0x01, 0xE3, 0x8F,
    0x8F, 0xFE, 0x0F, 0xF8, 0x00, 0x73, 0x87, 0xB8, 0x73, 0x80, 0x00, 0x00, 0x07, 0xF0, 0x7F, 0xC6,
    0x3C, 0x00, 0xE0, 0x0E, 0x1F, 0xE1, 0xFF, 0x00, 0xE0, 0x0E, 0x01, 0xE6, 0x3E, 0x7F, 0xC7, 0xF0,
    0x0F, 0xF0, 0x1F, 0xE0, 0x00, 0x00, 0x00, 0x00, 0x00, 0x1E, 0x03, 0xDC, 0x07, 0x3C, 0x0E, 0x38,
    0x3C, 0x78, 0x70, 0x70, 0xE0, 0xF3, 0x80, 0xE7, 0x01, 0xFE, 0x01, 0xF8, 0x01, 0xF0, 0x03, 0xC0,
    0x03, 0x80, 0x0E, 0x02, 0x7C, 0x07, 0xF0, 0x0F, 0xC0, 0x00, 0x1F, 0xC1, 0xFC, 0x00, 0x00, 0x00,
    0x00, 0x0E, 0x07, 0xF0, 0x77, 0x07, 0x70, 0xE7, 0x8E, 0x38, 0xE3, 0x8C, 0x1D, 0xC1, 0xDC, 0x1F,
    0x80, 0xF8, 0x0F, 0x80, 0x70, 0x07, 0x00, 0x70, 0x9E, 0x0F, 0xC0, 0xF8, 0x00, 0x0E, 0x70, 0x3D,
    0xE0, 0x39, 0xC0, 0x00, 0x00, 0x00, 0x1E, 0x03, 0xDC, 0x07, 0x3C, 0x0E, 0x38, 0x3C, 0x78, 0x70,
    0x70, 0xE0, 0xF3, 0x80, 0xE7, 0x01, 0xFE, 0x01, 0xF8, 0x01, 0xF0, 0x03, 0xC0, 0x03, 0x80, 0x0E,
    0x02, 0x7C, 0x07, 0xF0, 0x0F, 0xC0, 0x00, 0x1D, 0xC3, 0xDE, 0x1D, 0xC0, 0x00, 0x00, 0x0E, 0x07,
    0xF0, 0x77, 0x07, 0x70, 0xE7, 0x8E, 0x38, 0xE3, 0x8C, 0x1D, 0xC1, 0xDC, 0x1F, 0x80, 0xF8, 0x0F,
    0x80, 0x70, 0x07, 0x00, 0x70, 0x9E, 0x0F, 0xC0, 0xF8, 0x00, 0x01, 0x98, 0x07, 0x70, 0x1D, 0xC0,
    0x73, 0x00, 0x66, 0x00, 0x00, 0x00, 0x00, 0x78, 0x0F, 0x70, 0x1C, 0xF0, 0x38, 0xE0, 0xF1, 0xE1,
    0xC1, 0xC3, 0x83, 0xCE, 0x03, 0x9C, 0x07, 0xF8, 0x07, 0xE0, 0x07, 0xC0, 0x0F, 0x00, 0x0E, 0x00,
    0x38, 0x09, 0xF0, 0x1F, 0xC0, 0x3F, 0x00, 0x07, 0x30, 0x77, 0x0E, 0xE1, 0xDC, 0x18, 0xC0, 0x00,
    0x00, 0x0E, 0x07, 0xF0, 0x77, 0x07, 0x70, 0xE7, 0x8E, 0x38, 0xE3, 0x8C, 0x1D, 0xC1, 0xDC, 0x1F,
    0x80, 0xF8, 0x0F, 0x80, 0x70, 0x07, 0x00, 0x70, 0x9E, 0x0F, 0xC0, 0xF8, 0x00, 0x1C, 0xE0, 0xEF,
    0x07, 0x38, 0x00, 0x00, 0x00, 0x70, 0x1F, 0x80, 0xFC, 0x07, 0xE0, 0x3F, 0x01, 0xF8, 0x0F, 0xC0,
    0x7F, 0x03, 0xBC, 0x3D, 0xFF, 0xE3, 0xFF, 0x00, 0x38, 0x01, 0xC0, 0x0E, 0x00, 0x70, 0x03, 0x80,
    0x1C, 0x73, 0x8F, 0x71, 0xCE, 0x00, 0x00, 0x01, 0xC1, 0xF8, 0x3F, 0x07, 0xE0, 0xFC, 0x1F, 0xC7,
    0xBF, 0xF3, 0xFE, 0x01, 0xC0, 0x38, 0x07, 0x00, 0xE0, 0x1C, 0xFF, 0xFF, 0xFF, 0x80, 0x70, 0x0E,
    0x01, 0xC0, 0x38, 0x07, 0x00, 0xE0, 0x1C, 0x03, 0x80, 0x70, 0x0E, 0x01, 0xC0, 0x38, 0x07, 0xC0,
    0xF8, 0x07, 0x00, 0xE0, 0x1C, 0x03, 0x80, 0x70, 0x00, 0xFF, 0x7F, 0xB8, 0x1C, 0x0E, 0x07, 0x03,
    0x81, 0xC0, 0xE0, 0x70, 0x38, 0x1E, 0x0F, 0x03, 0x81, 0xC0, 0xE0, 0x70, 0x00, 0x07, 0x38, 0x01,
    0xDE, 0x00, 0x73, 0x80, 0x00, 0x00, 0x00, 0x00, 0x38, 0x00, 0xFE, 0x00, 0x3F, 0x80, 0x0F, 0xE0,
    0x03, 0xF8, 0x00, 0xFE, 0x00, 0x3F, 0xFE, 0x0F, 0xFF, 0xE3, 0xF8, 0xFC, 0xFE, 0x07, 0x3F, 0x81,
    0xCF, 0xE0, 0x7B, 0xF8, 0x1C, 0xFE, 0x07, 0x3F, 0x8F, 0xCF, 0xFF, 0xE3, 0xFF, 0xE0, 0xF0, 0x0E,
    0xE0, 0x3D, 0xE0, 0x3B, 0x80, 0x00, 0x00, 0x00, 0x1C, 0x01, 0xF8, 0x03, 0xF0, 0x07, 0xE0, 0x0F,
    0xC0, 0x1F, 0xFE, 0x3F, 0xFE, 0x7E, 0x3C, 0xFC, 0x3D, 0xF8, 0x7B, 0xF1, 0xE7, 0xFF, 0xCF, 0xFF,
    0x1C, 0xFE, 0xFC, 0xFF, 0xE0, 0x7F, 0xFD, 0xFF, 0xF0, 0x7F, 0xFF, 0xFF, 0xDF, 0xFF, 0xFF, 0xF0,
    0x7F, 0xFF, 0xFF, 0xDF, 0xFF, 0xFF, 0xF0, 0x8C, 0x63, 0x18, 0xC6, 0x31, 0x8C, 0x63, 0x18, 0xC6,
    0x31, 0x8C, 0x63, 0x18, 0xC6, 0x31, 0x8C, 0x40, 0x33, 0x9D, 0xEE, 0x70, 0x7B, 0xDC, 0xE7, 0x30,
    0x7B, 0xDC, 0xE7, 0x30, 0x33, 0xB9, 0xDD, 0xDE, 0xEE, 0x77, 0x38, 0x7B, 0xBD, 0xDC, 0xEE, 0x77,
    0x73, 0x38, 0x7B, 0xBD, 0xDC, 0xEE, 0x77, 0x73, 0x38, 0x06, 0x00, 0xC0, 0x18, 0x03, 0x00, 0x60,
    0xFF, 0xDF, 0xF8, 0x30, 0x06, 0x00, 0xC0, 0x18, 0x03, 0x00, 0x60, 0x0C, 0x01, 0x80, 0x30, 0x06,
    0x00, 0xC0, 0x18, 0x03, 0x00, 0x60, 0x06, 0x00, 0xC0, 0x18, 0x03, 0x00, 0x60, 0xFF, 0xDF, 0xF8,
    0x30, 0x06, 0x00, 0xC0, 0x18, 0x03, 0x07, 0xFE, 0xFF, 0xC1, 0x80, 0x30, 0x06, 0x00, 0xC0, 0x18,
    0x03, 0x00, 0x60, 0x7D, 0xFF, 0xFF, 0xFF, 0xEF, 0x80, 0xE0, 0x0F, 0xC0, 0x1F, 0x80, 0x38, 0xF0,
    0x70, 0x77, 0x87, 0x83, 0xFC, 0x1C, 0x1C, 0xFF, 0xFF, 0x3E, 0x07, 0x00, 0x03, 0xF8, 0x70, 0x00,
    0x3D, 0xC3, 0x80, 0x01, 0xC6, 0x38, 0x00, 0x0E, 0x3B, 0xC0, 0x00, 0x71, 0xDC, 0x00, 0x03, 0x8D,
    0xC0, 0x00, 0x1E, 0xEE, 0xF8, 0x7C, 0x7F, 0xEF, 0xE7, 0xF1, 0xF7, 0xF7, 0x3B, 0x80, 0x77, 0x1B,
    0x8E, 0x07, 0xB8, 0xFC, 0x70, 0x39, 0xC7, 0xE3, 0x83, 0x8E, 0x37, 0x1C, 0x1C, 0x7B, 0x9D, 0xC1,
    0xC1, 0xFC, 0xFE, 0x0E, 0x07, 0xC3, 0xE0, 0xFF, 0xA0, 0xCF, 0x3C, 0xB2, 0x8A, 0x20, 0xC3, 0x0C,
    0x30, 0x0C, 0x38, 0xF1, 0xC7, 0x8E, 0x1E, 0x1C, 0x3C, 0x38, 0x30, 0xC3, 0x87, 0x1E, 0x38, 0xF3,
    0x9E, 0x73, 0x8C, 0x00, 0xC1, 0xE0, 0xF8, 0x78, 0x77, 0x1E, 0x38, 0xE7, 0x9C, 0x1C, 0x0E, 0x03,
    0x83, 0x00, 0x71, 0x83, 0xCC, 0xCF, 0xF1, 0xE3, 0xFC, 0x78, 0xFF, 0x3F, 0x3C, 0x0C, 0xC0, 0x06,
    0x18, 0x03, 0x03, 0x01, 0x80, 0x60, 0xC7, 0x8C, 0x61, 0xE1, 0xB8, 0x78, 0x7C, 0x1E, 0x0C, 0x41,
    0x20, 0x90, 0x48, 0x24, 0x12, 0x09, 0x04, 0x82, 0x41, 0x20, 0x90, 0x48, 0x24, 0x12, 0x08, 0x00,
    0x00, 0x00, 0x60, 0xF0, 0x60, 0x00, 0x20, 0x00, 0x01, 0x00, 0x00, 0xC9, 0x80, 0x03, 0x58, 0x00,
    0x0F, 0x80, 0x00, 0x7C, 0x00, 0x06, 0xB0, 0x00, 0x64, 0xC0, 0x00, 0x20, 0x00, 0x01, 0x00, 0x00,
    0x00, 0x00, 0x08, 0x02, 0x00, 0x40, 0x10, 0x32, 0x6C, 0x99, 0xD6, 0x35, 0xC3, 0xE0, 0xF8, 0x1F,
    0x07, 0xC3, 0xAC, 0x6B, 0x99, 0x36, 0x4C, 0x08, 0x02, 0x00, 0x40, 0x10, 0x00, 0x00, 0x38, 0x03,
    0x80, 0x1C, 0x01, 0xC0, 0x0E, 0x00, 0xE0, 0x0E, 0x00, 0x70, 0x07, 0x00, 0x38, 0x03, 0x80, 0x1C,
    0x01, 0xC0, 0x1C, 0x00, 0xE0, 0x0E, 0x00, 0x70, 0x00, 0x3F, 0x0F, 0xC7, 0x39, 0xC6, 0x41, 0x90,
    0x30, 0x08, 0x01, 0x00, 0x80, 0x10, 0x18, 0x03, 0x01, 0x80, 0x30, 0x30, 0x06, 0x03, 0x00, 0xC0,
    0x60, 0x18, 0x04, 0x01, 0x80, 0xC0, 0x30, 0x0C, 0x03, 0x00, 0xC0, 0x30, 0x00, 0x00, 0x00, 0x00,
    0x00, 0x00, 0x00, 0x00, 0xC0, 0x30, 0x0C, 0x03, 0x00, 0x3F, 0x04, 0xE7, 0x09, 0x06, 0x10, 0x04,
    0x20, 0x08, 0x40, 0x30, 0x80, 0x61, 0x01, 0x82, 0x03, 0x04, 0x0C, 0x08, 0x10, 0x10, 0x60, 0x20,
    0xC0, 0x41, 0x80, 0x80, 0x00, 0x00, 0x00, 0x00, 0x00, 0x18, 0x0C, 0x30, 0x18, 0x43, 0xF2, 0x39,
    0xD1, 0x06, 0x80, 0x14, 0x00, 0xA0, 0x0D, 0x00, 0x68, 0x06, 0x40, 0x32, 0x03, 0x10, 0x10, 0x81,
    0x84, 0x0C, 0x20, 0x60, 0x00, 0x00, 0x00, 0x00, 0x06, 0x06, 0x30, 0x30, 0x04, 0x00, 0x81, 0x11,
    0x3A, 0xE1, 0xF0, 0x1C, 0x0D, 0x63, 0x26, 0x04, 0x00, 0x80, 0x10, 0x00, 0x00, 0x40, 0x08, 0x19,
    0x33, 0xAE, 0x1F, 0x03, 0xE1, 0xD7, 0x32, 0x60, 0x40, 0x08, 0x00, 0x3E, 0x3F, 0x9D, 0xDC, 0x6E,
    0x3F, 0x1F, 0x8C, 0xEE, 0x7F, 0x1F, 0x00, 0x07, 0x07, 0x87, 0xC7, 0xE7, 0x73, 0x3B, 0xFF, 0xFF,
    0x07, 0x03, 0x80, 0x7E, 0xFD, 0x87, 0xEF, 0xE3, 0xC1, 0xE7, 0xFF, 0xF8, 0x0F, 0x1F, 0x9F, 0x0F,
    0xC7, 0xF3, 0xB9, 0x8E, 0xEE, 0x7F, 0x1F, 0x00, 0x7F, 0x3F, 0x81, 0xC1, 0xC0, 0xE0, 0xE0, 0x70,
    0x30, 0x38, 0x1C, 0x00, 0x3E, 0x3F, 0x9D, 0xCE, 0xE7, 0xE3, 0xF9, 0x8D, 0xEE, 0x7F, 0x1F, 0x00,
    0x3E, 0x3F, 0x9D, 0xDC, 0x67, 0xF1, 0xF8, 0x1C, 0x3E, 0x7E, 0x3C, 0x00, 0x3E, 0x3F, 0x9D, 0xDC,
    0x6E, 0x3F, 0x1F, 0x8C, 0xEE, 0x7F, 0x1F, 0x00, 0x3B, 0xFF, 0xF1, 0x8C, 0x63, 0x18, 0xC0, 0x7E,
    0x7F, 0x67, 0x07, 0x0E, 0x1C, 0x38, 0x70, 0x7F, 0x7F, 0x7E, 0x7E, 0x6F, 0x3E, 0x3E, 0x0F, 0x07,
    0x67, 0x7F, 0x7E, 0x07, 0x07, 0x87, 0xC7, 0xE7, 0x73, 0x3B, 0xFF, 0xFF, 0x07, 0x03, 0x80, 0x7E,
    0xFD, 0x87, 0xEF, 0xE3, 0xC1, 0xE7, 0xFF, 0xF8, 0x0F, 0x1F, 0x9F, 0x0F, 0xC7, 0xF3, 0xB9, 0x8E,
    0xEE, 0x7F, 0x1F, 0x00, 0x7F, 0x3F, 0x81, 0xC1, 0xC0, 0xE0, 0xE0, 0x70, 0x30, 0x38, 0x1C, 0x00,
    0x3E, 0x3F, 0x9D, 0xCE, 0xE7, 0xE3, 0xF9, 0x8D, 0xEE, 0x7F, 0x1F, 0x00, 0x3E, 0x3F, 0x9D, 0xDC,
    0x67, 0xF1, 0xF8, 0x1C, 0x3E, 0x7E, 0x3C, 0x00, 0x60, 0x0C, 0xC0, 0x19, 0x8E, 0x33, 0x1C, 0x62,
    0x38, 0x84, 0x71, 0x08, 0xA2, 0x19, 0x44, 0x32, 0xD9, 0xFF, 0xFC, 0xDB, 0x60, 0xB6, 0xC1, 0x45,
    0x02, 0x8A, 0x05, 0x14, 0x0E, 0x38, 0x1C, 0x70, 0x38, 0xE0, 0x30, 0xC0, 0x00, 0x80, 0x08, 0x1F,
    0xF0, 0x08, 0x00, 0x83, 0xE8, 0x73, 0x8C, 0x08, 0xC0, 0x88, 0x08, 0x80, 0x88, 0x08, 0xC0, 0x8C,
    0x18, 0x63, 0x83, 0xE8, 0x00, 0x00, 0x00, 0xFF, 0xC0, 0x07, 0xF8, 0x7F, 0x87, 0xCC, 0x38, 0x03,
    0x80, 0x7F, 0xF3, 0xFF, 0x87, 0x00, 0x38, 0x07, 0xFE, 0x3F, 0xF0, 0x70, 0x03, 0xC0, 0x0E, 0x00,
    0x7C, 0x61, 0xFF, 0x07, 0xF8, 0xFF, 0xFF, 0xFF, 0xC1, 0xC0, 0x0E, 0x00, 0x70, 0x03, 0xF0, 0x1F,
    0x83, 0xF0, 0x7F, 0x03, 0xF8, 0x01, 0xF8, 0x0F, 0xC1, 0xF8, 0x3F, 0x81, 0xFC, 0x00, 0xE0, 0x07,
    0x00, 0x1F, 0xC0, 0x7F, 0xC1, 0x8F, 0x00, 0x1C, 0x00, 0x71, 0xFF, 0xF7, 0xFF, 0xC0, 0xF8, 0x07,
    0xC0, 0x7C, 0x07, 0xFF, 0xDF, 0xFF, 0x38, 0x00, 0xE0, 0x03, 0xC7, 0x0F, 0xFE, 0x0F, 0xF0, 0xFF,
    0xFF, 0xFF, 0xC0, 0xF0, 0x03, 0x8F, 0xFF, 0x7F, 0xF8, 0x07, 0x00, 0xF8, 0xFF, 0x87, 0xF0, 0x1E,
    0x00, 0x78, 0x01, 0xC0, 0x07, 0x00, 0x3C, 0x00, 0xF0, 0x03, 0xC0, 0x00, 0x00, 0x00, 0x03, 0x00,
    0x00, 0x06, 0x00, 0x00, 0x0C, 0x00, 0x00, 0x18, 0x00, 0x00, 0x30, 0x00, 0x00, 0x7F, 0xFF, 0xFF,
    0x30, 0x00, 0x00, 0x18, 0x00, 0x00, 0x0C, 0x00, 0x00, 0x06, 0x00, 0x00, 0x03, 0x00, 0x00, 0x00,
    0x00, 0x00, 0x00, 0x00, 0x10, 0x01, 0xC0, 0x1F, 0x01, 0xAC, 0x19, 0x31, 0x88, 0xC8, 0x42, 0x02,
    0x00, 0x10, 0x00, 0x80, 0x04, 0x00, 0x20, 0x01, 0x00, 0x08, 0x00, 0x40, 0x02, 0x00, 0x10, 0x00,
    0x80, 0x04, 0x00, 0x20, 0x01, 0x00, 0x08, 0x00, 0x40, 0x00, 0x00, 0x00, 0x00, 0x00, 0xC0, 0x00,
    0x00, 0x60, 0x00, 0x00, 0x30, 0x00, 0x00, 0x18, 0x00, 0x00, 0x0C, 0xFF, 0xFF, 0xFE, 0x00, 0x00,
    0x0C, 0x00, 0x00, 0x18, 0x00, 0x00, 0x30, 0x00, 0x00, 0x60, 0x00, 0x00, 0xC0, 0x00, 0x00, 0x00,
    0x02, 0x00, 0x10, 0x00, 0x80, 0x04, 0x00, 0x20, 0x01, 0x00, 0x08, 0x00, 0x40, 0x02, 0x00, 0x10,
    0x00, 0x80, 0x04, 0x00, 0x20, 0x01, 0x00, 0x08, 0x00, 0x40, 0x42, 0x13, 0x11, 0x8C, 0x98, 0x35,
    0x80, 0xF8, 0x03, 0x80, 0x08, 0x00, 0x00, 0x00, 0x00, 0x00, 0x01, 0x80, 0x30, 0x01, 0x80, 0x0C,
    0x01, 0xC0, 0x07, 0x01, 0xC0, 0x01, 0xC1, 0x80, 0x00, 0x31, 0xFF, 0xFF, 0xFC, 0x60, 0x00, 0x0C,
    0x18, 0x00, 0x0C, 0x06, 0x00, 0x0C, 0x01, 0x80, 0x0C, 0x00, 0x60, 0x0C, 0x00, 0x00, 0x00, 0x00,
    0x00, 0x00, 0x10, 0x01, 0xC0, 0x1F, 0x01, 0xAC, 0x19, 0x31, 0x88, 0xC8, 0x42, 0x02, 0x00, 0x10,
    0x00, 0x80, 0x04, 0x00, 0x20, 0x01, 0x00, 0x08, 0x00, 0x40, 0x02, 0x02, 0x10, 0x98, 0x8C, 0x64,
    0xC1, 0xAC, 0x07, 0xC0, 0x1C, 0x00, 0x40, 0x00, 0x00, 0xF0, 0x80, 0x3F, 0xE0, 0x0F, 0x00, 0x03,
    0xE0, 0x00, 0x5C, 0x00, 0x13, 0x80, 0x04, 0x70, 0x01, 0x0E, 0x00, 0xC1, 0xC0, 0x00, 0x38, 0x00,
    0x07, 0x00, 0x00, 0xE0, 0x00, 0x1C, 0x00, 0x03, 0x80, 0x00, 0x70, 0x00, 0x0E, 0x00, 0x01, 0x80,
    0x00, 0x00, 0x00, 0x43, 0xC0, 0x1F, 0xF0, 0x00, 0x3C, 0x00, 0x1F, 0x00, 0x0E, 0x80, 0x07, 0x20,
    0x03, 0x88, 0x01, 0xC2, 0x00, 0xE0, 0xC0, 0x70, 0x00, 0x38, 0x00, 0x1C, 0x00, 0x0E, 0x00, 0x07,
    0x00, 0x03, 0x80, 0x01, 0xC0, 0x00, 0x60, 0x00, 0x00, 0x00, 0x00, 0x00, 0x00, 0x18, 0x00, 0x07,
    0x00, 0x00, 0xE0, 0x00, 0x1C, 0x00, 0x03, 0x80, 0x00, 0x70, 0x00, 0x0E, 0x00, 0x01, 0xC0, 0x00,
    0x38, 0x30, 0x07, 0x08, 0x00, 0xE2, 0x00, 0x1C, 0x80, 0x03, 0xA0, 0x00, 0x7C, 0x00, 0x0F, 0x00,
    0x7F, 0xC0, 0x10, 0xF0, 0x00, 0x00, 0x00, 0x00, 0x60, 0x00, 0x38, 0x00, 0x1C, 0x00, 0x0E, 0x00,
    0x07, 0x00, 0x03, 0x80, 0x01, 0xC0, 0x00, 0xE0, 0x30, 0x70, 0x04, 0x38, 0x01, 0x1C, 0x00, 0x4E,
    0x00, 0x17, 0x00, 0x0F, 0x80, 0x03, 0xC0, 0x00, 0xFF, 0x80, 0x3C, 0x20, 0x00, 0x7F, 0xFF, 0xFE,
    0xFF, 0xFF, 0xFC, 0x00, 0x00, 0x00, 0xF0, 0x80, 0x01, 0xFF, 0x00, 0x03, 0xC0, 0x00, 0x07, 0xC0,
    0x00, 0x05, 0xC0, 0x00, 0x09, 0xC0, 0x00, 0x11, 0xC0, 0x00, 0x21, 0xC0, 0x00, 0xC1, 0xC0, 0x00,
    0x01, 0xC0, 0x00, 0x01, 0xC0, 0x00, 0x01, 0xC0, 0x00, 0x01, 0xC0, 0x00, 0x01, 0xC0, 0x00, 0x01,
    0xC0, 0x00, 0x01, 0xC0, 0x00, 0x01, 0x80, 0x00, 0x00, 0x00, 0x00, 0x00, 0x00, 0x41, 0x80, 0x00,
    0x43, 0x00, 0x00, 0x46, 0x00, 0x00, 0x4C, 0x00, 0x00, 0x78, 0x00, 0x00, 0x7F, 0xFF, 0xFF, 0x78,
    0x00, 0x00, 0x4C, 0x00, 0x00, 0x46, 0x00, 0x00, 0x43, 0x00, 0x00, 0x41, 0x80, 0x00, 0x00, 0x00,
    0xC1, 0x00, 0x00, 0x61, 0x00, 0x00, 0x39, 0x00, 0x00, 0x0D, 0x7F, 0xFF, 0xFF, 0x00, 0x00, 0x0F,
    0x00, 0x00, 0x1D, 0x00, 0x00, 0x39, 0x00, 0x00, 0x71, 0x00, 0x00, 0x61, 0x00, 0x00, 0xC1, 0x00,
    0x00, 0x00, 0x00, 0x00, 0x00, 0x00, 0x00, 0x30, 0x00, 0x00, 0x0C, 0x00, 0x00, 0x07, 0x00, 0x00,
    0x01, 0xC0, 0x00, 0x00, 0x31, 0xFF, 0xFF, 0xFC, 0x00, 0x00, 0x0C, 0x00, 0x00, 0x0C, 0x00, 0x00,
    0x0C, 0x00, 0x00, 0x0C, 0x00, 0x00, 0x0C, 0x00, 0x30, 0x00, 0x00, 0x30, 0x00, 0x00, 0x38, 0x00,
    0x00, 0x38, 0x00, 0x00, 0x30, 0x00, 0x00, 0x3F, 0xFF, 0xFF, 0x8C, 0x00, 0x00, 0x03, 0x00, 0x00,
    0x00, 0xC0, 0x00, 0x00, 0x30, 0x00, 0x00, 0x0C, 0x00, 0x00, 0x00, 0x00, 0x00, 0x00, 0x00, 0x00,
    0x02, 0x00, 0x40, 0x07, 0x00, 0x40, 0x0F, 0x80, 0x40, 0x1A, 0xC0, 0x40, 0x32, 0xE0, 0x40, 0x62,
    0x70, 0x40, 0x42, 0x10, 0x40, 0x02, 0x00, 0x40, 0x02, 0x00, 0x40, 0x02, 0x00, 0x40, 0x02, 0x00,
    0x40, 0x02, 0x00, 0x40, 0x02, 0x00, 0x40, 0x02, 0x00, 0x40, 0x02, 0x00, 0x40, 0x02, 0x00, 0x40,
    0x02, 0x08, 0x42, 0x02, 0x0C, 0x4E, 0x02, 0x06, 0x5C, 0x02, 0x03, 0x58, 0x02, 0x01, 0xF0, 0x02,
    0x00, 0xE0, 0x02, 0x00, 0x40, 0x00, 0x00, 0x00, 0x00, 0x00, 0x00, 0x01, 0x80, 0x00, 0x01, 0x80,
    0x00, 0x01, 0xC0, 0x00, 0x01, 0xC0, 0x00, 0x01, 0x80, 0x00, 0x01, 0xFF, 0xFF, 0xFC, 0x60, 0x00,
    0x00, 0x18, 0x00, 0x00, 0x06, 0x00, 0x00, 0x01, 0x80, 0x00, 0x00, 0x60, 0x00, 0x00, 0x00, 0x06,
    0x00, 0x00, 0x01, 0x80, 0x00, 0x00, 0xE0, 0x00, 0x00, 0x38, 0x00, 0x00, 0x06, 0x3F, 0xFF, 0xFF,
    0x80, 0x00, 0x01, 0x80, 0x00, 0x01, 0x80, 0x00, 0x01, 0x80, 0x00, 0x01, 0x80, 0x00, 0x01, 0x80,
    0x00, 0x00, 0x00, 0x00, 0x00, 0x00, 0x00, 0xC0, 0x00, 0x00, 0xC0, 0x00, 0x00, 0xC0, 0x00, 0x00,
    0xC0, 0x00, 0x01, 0xC0, 0x00, 0x01, 0xFF, 0xFF, 0xFC, 0x00, 0x00, 0x00, 0x00, 0x00, 0x00, 0x00,
    0x00, 0x00, 0x00, 0x00, 0x00, 0x00, 0x00, 0x00, 0x00, 0x00, 0x00, 0x00, 0x00, 0x00, 0x00, 0x00,
    0x00, 0x00, 0xFF, 0xFF, 0xFE, 0x00, 0x00, 0x0E, 0x00, 0x00, 0x0C, 0x00, 0x00, 0x0C, 0x00, 0x00,
    0x0C, 0x00, 0x00, 0x0C, 0x00, 0x00, 0x00, 0x00, 0x00, 0x00, 0x00, 0x00, 0x00, 0x60, 0x00, 0x00,
    0x18, 0x00, 0x00, 0x06, 0x00, 0x00, 0x01, 0x80, 0x00, 0x00, 0x71, 0xFF, 0xFF, 0xFC, 0x00, 0x00,
    0x00, 0x00, 0x00, 0x00, 0x00, 0x00, 0x00, 0x00, 0x00, 0x00, 0x00, 0x00, 0x00, 0x00, 0x00, 0x00,
    0x00, 0x00, 0x00, 0x00, 0x00, 0x00, 0x00, 0xFF, 0xFF, 0xFE, 0x38, 0x00, 0x00, 0x06, 0x00, 0x00,
    0x01, 0x80, 0x00, 0x00, 0x60, 0x00, 0x00, 0x18, 0x00, 0x00, 0x00, 0x00, 0x00, 0x00, 0x80, 0x00,
    0x01, 0x80, 0x00, 0x03, 0x00, 0x00, 0x06, 0x00, 0x00, 0x0F, 0xFF, 0xFF, 0x1C, 0x00, 0x00, 0x38,
    0x00, 0x00, 0x60, 0x00, 0x00, 0x60, 0x00, 0x00, 0x38, 0x00, 0x00, 0x1C, 0x00, 0x00, 0x0F, 0xFF,
    0xFF, 0x07, 0x00, 0x00, 0x03, 0x00, 0x00, 0x01, 0x80, 0x00, 0x00, 0x80, 0x00, 0x00, 0x01, 0x00,
    0x00, 0x01, 0x80, 0x00, 0x00, 0xC0, 0x00, 0x00, 0x60, 0xFF, 0xFF, 0xF0, 0x00, 0x00, 0x38, 0x00,
    0x00, 0x1C, 0x00, 0x00, 0x06, 0x00, 0x00, 0x06, 0x00, 0x00, 0x1C, 0x00, 0x00, 0x38, 0xFF, 0xFF,
    0xF0, 0x00, 0x00, 0xE0, 0x00, 0x00, 0xC0, 0x00, 0x01, 0x80, 0x00, 0x01, 0x00, 0x00, 0x80, 0x80,
    0x00, 0xC0, 0x60, 0x00, 0xC0, 0x18, 0x00, 0xC0, 0x06, 0x00, 0xFF, 0xFF, 0x80, 0xE0, 0x00, 0xE0,
    0xE0, 0x00, 0x38, 0xC0, 0x00, 0x06, 0x60, 0x00, 0x03, 0x1C, 0x00, 0x07, 0x07, 0x00, 0x07, 0x01,
    0xFF, 0xFF, 0x00, 0x70, 0x07, 0x00, 0x18, 0x03, 0x00, 0x06, 0x03, 0x00, 0x01, 0x01, 0x00, 0x00,
    0x00, 0x00, 0x00, 0x60, 0x00, 0x00, 0xE0, 0x00, 0x01, 0xA0, 0x00, 0x03, 0x20, 0x00, 0x06, 0x3F,
    0xFF, 0x0C, 0x00, 0x01, 0x18, 0x00, 0x01, 0x30, 0x00, 0x01, 0x60, 0x00, 0x01, 0x30, 0x00, 0x01,
    0x18, 0x00, 0x01, 0x0C, 0x00, 0x01, 0x06, 0x3F, 0xFF, 0x03, 0x20, 0x00, 0x01, 0xA0, 0x00, 0x00,
    0xE0, 0x00, 0x00, 0x60, 0x00, 0x00, 0x00, 0x00, 0x00, 0x00, 0x00, 0x08, 0x00, 0x03, 0x80, 0x00,
    0xD8, 0x00, 0x31, 0x80, 0x0C, 0x18, 0x03, 0x01, 0x80, 0xC0, 0x18, 0x30, 0x01, 0x8C, 0x00, 0x19,
    0xF0, 0x1F, 0x02, 0x02, 0x00, 0x40, 0x40, 0x08, 0x08, 0x01, 0x01, 0x00, 0x20, 0x20, 0x04, 0x04,
    0x00, 0x80, 0x80, 0x10, 0x10, 0x02, 0x02, 0x00, 0x40, 0x40, 0x08, 0x08, 0x01, 0x01, 0x00, 0x3F,
    0xE0, 0x00, 0x00, 0x00, 0x00, 0x06, 0x00, 0x00, 0x07, 0x00, 0x00, 0x05, 0x80, 0x00, 0x04, 0xC0,
    0xFF, 0xFC, 0x60, 0x80, 0x00, 0x30, 0x80, 0x00, 0x18, 0x80, 0x00, 0x0C, 0x80, 0x00, 0x06, 0x80,
    0x00, 0x0C, 0x80, 0x00, 0x18, 0x80, 0x00, 0x30, 0xFF, 0xFC, 0x60, 0x00, 0x04, 0xC0, 0x00, 0x05,
    0x80, 0x00, 0x07, 0x00, 0x00, 0x06, 0x00, 0x00, 0x00, 0x00, 0x07, 0xFC, 0x00, 0x80, 0x80, 0x10,
    0x10, 0x02, 0x02, 0x00, 0x40, 0x40, 0x08, 0x08, 0x01, 0x01, 0x00, 0x20, 0x20, 0x04, 0x04, 0x00,
    0x80, 0x80, 0x10, 0x10, 0x02, 0x02, 0x00, 0x40, 0x40, 0xF8, 0x0F, 0x98, 0x00, 0x31, 0x80, 0x0C,
    0x18, 0x03, 0x01, 0x80, 0xC0, 0x18, 0x30, 0x01, 0x8C, 0x00, 0x1B, 0x00, 0x01, 0xC0, 0x00, 0x10,
    0x00, 0x00, 0x00, 0x00, 0x00, 0x00, 0x02, 0x00, 0x40, 0x02, 0x00, 0xE0, 0x02, 0x01, 0xF0, 0x02,
    0x03, 0x58, 0x02, 0x06, 0x5C, 0x02, 0x0C, 0x4E, 0x02, 0x08, 0x42, 0x02, 0x00, 0x40, 0x02, 0x00,
    0x40, 0x02, 0x00, 0x40, 0x02, 0x00, 0x40, 0x02, 0x00, 0x40, 0x02, 0x00, 0x40, 0x02, 0x00, 0x40,
    0x02, 0x00, 0x40, 0x02, 0x00, 0x40, 0x42, 0x10, 0x40, 0x62, 0x70, 0x40, 0x32, 0xE0, 0x40, 0x1A,
    0xC0, 0x40, 0x0F, 0x80, 0x40, 0x07, 0x00, 0x40, 0x02, 0x00, 0x40, 0x00, 0x00, 0x00, 0x00, 0x00,
    0x02, 0x00, 0x00, 0x98, 0x00, 0x0C, 0x40, 0x00, 0x43, 0x00, 0x06, 0x08, 0x00, 0x20, 0x60, 0x03,
    0x01, 0x00, 0x10, 0x0F, 0xFF, 0x80, 0x20, 0x08, 0x01, 0x80, 0xC0, 0x04, 0x04, 0x00, 0x30, 0x60,
    0x00, 0x82, 0x00, 0x06, 0x30, 0x00, 0x11, 0x00, 0x00, 0xD8, 0x00, 0x03, 0x80, 0x00, 0x1C, 0x00,
    0x00, 0x40, 0x00, 0x00, 0x00, 0x00, 0x7F, 0x83, 0xFE, 0x18, 0xF8, 0x01, 0xE0, 0x07, 0x00, 0x38,
    0x01, 0xC3, 0xFF, 0x3F, 0xFB, 0xE7, 0xFC, 0x1F, 0xC0, 0xFE, 0x07, 0x70, 0x3B, 0x81, 0xDC, 0x1C,
    0xFB, 0xE3, 0xFE, 0x0F, 0xE0, 0xFF, 0xFE, 0x00, 0x04, 0x00, 0x08, 0x00, 0x10, 0x00, 0x20, 0x00,
    0x40, 0x00, 0x80, 0x01, 0xFF, 0xFE, 0x00, 0x04, 0x00, 0x08, 0x00, 0x10, 0x00, 0x20, 0x00, 0x40,
    0x00, 0x80, 0x01, 0x00, 0x03, 0xFF, 0xFC, 0x03, 0xF8, 0x01, 0xE3, 0xD8, 0x60, 0x0F, 0x18, 0x01,
    0xC6, 0x00, 0x7C, 0x80, 0x1C, 0xB0, 0x07, 0x1E, 0x01, 0xC3, 0x80, 0x70, 0x30, 0x1C, 0x06, 0x07,
    0x00, 0xE1, 0xC0, 0x3C, 0x70, 0x06, 0x9C, 0x00, 0x9F, 0x00, 0x31, 0xC0, 0x0C, 0x78, 0x03, 0x0D,
    0xE3, 0xC0, 0x0F, 0xE0, 0x00, 0x03, 0xC0, 0x01, 0xE0, 0x01, 0xF8, 0x00, 0xFC, 0x00, 0x67, 0x00,
    0x73, 0x80, 0x38, 0xE0, 0x38, 0x70, 0x1C, 0x38, 0x1C, 0x0E, 0x0E, 0x07, 0x07, 0x03, 0xC7, 0x00,
    0xE3, 0x80, 0x71, 0xC0, 0x3D, 0xFF, 0xFE, 0xFF, 0xFF, 0x00, 0xFF, 0xFF, 0xE0, 0x00, 0xF0, 0x00,
    0x4C, 0x00, 0x66, 0x00, 0x21, 0x80, 0x30, 0xC0, 0x18, 0x20, 0x18, 0x18, 0x0C, 0x04, 0x0C, 0x03,
    0x06, 0x00, 0x82, 0x00, 0x63, 0x00, 0x31, 0x00, 0x0D, 0x80, 0x06, 0x80, 0x01, 0xC0, 0x00, 0xE0,
    0x00, 0x20, 0x00, 0x07, 0xFF, 0xE3, 0xC0, 0x00, 0xC0, 0x00, 0x30, 0x00, 0x0C, 0x00, 0x01, 0x80,
    0x00, 0x20, 0x00, 0x07, 0xFF, 0xFF, 0x80, 0x00, 0x18, 0x00, 0x03, 0x00, 0x00, 0x60, 0x00, 0x06,
    0x00, 0x00, 0x70, 0x00, 0x07, 0x80, 0x00, 0x3F, 0xFF, 0x00, 0x40, 0x00, 0x08, 0x00, 0x07, 0xFF,
    0x87, 0xFF, 0xF1, 0xC4, 0x00, 0x60, 0x80, 0x18, 0x10, 0x06, 0x02, 0x00, 0xC0, 0x40, 0x10, 0x08,
    0x03, 0xFF, 0xFF, 0xFF, 0xFF, 0xEC, 0x04, 0x01, 0x80, 0x80, 0x10, 0x10, 0x03, 0x02, 0x00, 0x38,
    0x40, 0x03, 0xE8, 0x00, 0x1F, 0xFF, 0x80, 0x20, 0x00, 0x04, 0x00, 0x07, 0xF0, 0xF1, 0x8E, 0x00,
    0xC0, 0x06, 0x00, 0x60, 0x03, 0x00, 0x1F, 0xF8, 0x80, 0x04, 0x00, 0x30, 0x00, 0xC0, 0x07, 0x04,
    0x0F, 0xE0, 0xFF, 0xFC, 0x00, 0x01, 0xE0, 0x00, 0x06, 0x00, 0x00, 0x60, 0x00, 0x06, 0x00, 0x00,
    0xC0, 0x00, 0x0F, 0xFF, 0xFF, 0x00, 0x00, 0x20, 0x00, 0x0C, 0x00, 0x01, 0x80, 0x00, 0x20, 0x00,
    0x0C, 0x00, 0x07, 0x00, 0x03, 0xC7, 0xFF, 0xE0, 0xFF, 0xFF, 0xFF, 0xFE, 0x03, 0xF8, 0x0F, 0xE0,
    0x3F, 0x80, 0xFE, 0x03, 0xF8, 0x0F, 0xE0, 0x3F, 0x80, 0xFE, 0x03, 0xF8, 0x0F, 0xE0, 0x3F, 0x80,
    0xFE, 0x03, 0xF8, 0x0F, 0xE0, 0x3F, 0x80, 0xFE, 0x03, 0xF8, 0x0F, 0xFF, 0xFF, 0xFF, 0xDC, 0x00,
    0x70, 0x03, 0xC0, 0x0E, 0x00, 0x38, 0x01, 0xE0, 0x07, 0x80, 0x1C, 0x01, 0xE0, 0x1E, 0x00, 0xE0,
    0x0F, 0x00, 0xF0, 0x07, 0x00, 0x78, 0x03, 0x80, 0x3F, 0xFF, 0xFF, 0xF0, 0xFF, 0xFF, 0xFF, 0xFF,
    0xFF, 0xE0, 0x00, 0x00, 0x00, 0x00, 0x00, 0x20, 0x00, 0x04, 0x00, 0x00, 0x80, 0x00, 0x10, 0x00,
    0x02, 0x00, 0x00, 0x40, 0x00, 0x08, 0x03, 0xFF, 0xFF, 0xFF, 0xFF, 0xF0, 0x04, 0x00, 0x00, 0x80,
    0x00, 0x10, 0x00, 0x02, 0x00, 0x00, 0x40, 0x00, 0x08, 0x00, 0x01, 0x00, 0x00, 0x20, 0x00, 0x00,
    0x38, 0x03, 0x80, 0x1C, 0x01, 0xC0, 0x0E, 0x00, 0xE0, 0x0E, 0x00, 0x70, 0x07, 0x00, 0x38, 0x03,
    0x80, 0x1C, 0x01, 0xC0, 0x1C, 0x00, 0xE0, 0x0E, 0x00, 0x70, 0x00, 0xFF, 0xF0, 0x00, 0x0E, 0x00,
    0x18, 0x00, 0x70, 0x00, 0xE0, 0x01, 0x80, 0x07, 0x00, 0x0E, 0x00, 0x1C, 0x00, 0x30, 0x00, 0xE1,
    0xE1, 0xC7, 0xC3, 0x0F, 0xCE, 0x03, 0x9C, 0x03, 0xB8, 0x07, 0x60, 0x07, 0xC0, 0x0F, 0x80, 0x1E,
    0x00, 0x1C, 0x00, 0x3F, 0x01, 0xF3, 0x9E, 0x38, 0x30, 0x3B, 0x81, 0x00, 0x70, 0x08, 0x03, 0x80,
    0x40, 0x1C, 0x03, 0x03, 0xB8, 0x0E, 0x78, 0xF0, 0x3F, 0x01, 0xF0, 0x3C, 0xF9, 0xFF, 0xF7, 0x7D,
    0xF8, 0xE3, 0x77, 0xDD, 0xFF, 0xF3, 0xEF, 0x80, 0x80, 0x00, 0x20, 0x00, 0x08, 0x00, 0x02, 0x00,
    0x00, 0x80, 0x00, 0x20, 0x00, 0x08, 0x00, 0x02, 0x00, 0x00, 0x80, 0x00, 0x20, 0x00, 0x08, 0x00,
    0x02, 0x00, 0x00, 0x80, 0x00, 0x20, 0x00, 0x08, 0x00, 0x02, 0x00, 0x00, 0x80, 0x00, 0x20, 0x00,
    0x0F, 0xFF, 0xFC, 0x00, 0x00, 0x40, 0x00, 0x0C, 0x00, 0x01, 0x80, 0x00, 0x30, 0x00, 0x06, 0x00,
    0x00, 0xC0, 0x00, 0x18, 0x00, 0x03, 0x00, 0x00, 0x60, 0x00, 0x0C, 0x00, 0x01, 0x80, 0x00, 0x30,
    0x00, 0x06, 0x00, 0x00, 0xC0, 0x00, 0x18, 0x00, 0x03, 0x00, 0x00, 0x7F, 0xFF, 0xF0, 0xFF, 0xFF,
    0xE0, 0x00, 0x00, 0x01, 0x80, 0x02, 0x00, 0x0C, 0x30, 0x10, 0x40, 0x61, 0x80, 0x82, 0x03, 0x0C,
    0x04, 0x10, 0x18, 0x60, 0x20, 0x80, 0xC3, 0x01, 0x04, 0x06, 0x18, 0x08, 0x20, 0x30, 0xC0, 0x41,
    0x01, 0x86, 0x00, 0x08, 0x00, 0x30, 0x00, 0x00, 0x00, 0x00, 0x00, 0x01, 0x80, 0x02, 0x00, 0x0C,
    0x33, 0x10, 0x46, 0x61, 0x86, 0x82, 0x07, 0x0C, 0x06, 0x10, 0x1E, 0x60, 0x2E, 0x80, 0xCF, 0x01,
    0x0C, 0x06, 0x1C, 0x08, 0x2C, 0x30, 0xCC, 0x41, 0x19, 0x86, 0x00, 0x08, 0x00, 0x30, 0x00, 0x00,
    0x00, 0x00, 0x00, 0x00, 0x01, 0x00, 0x00, 0x1C, 0x00, 0x00, 0xE0, 0x00, 0x0D, 0x80, 0x00, 0x44,
    0x00, 0x06, 0x30, 0x00, 0x20, 0x80, 0x03, 0x06, 0x00, 0x10, 0x10, 0x01, 0x80, 0xC0, 0x08, 0x02,
    0x00, 0xC0, 0x18, 0x04, 0x00, 0x40, 0x60, 0x03, 0x02, 0x00, 0x08, 0x30, 0x00, 0x61, 0x00, 0x01,
    0x18, 0x00, 0x0C, 0x80, 0x00, 0x20, 0x00, 0x00, 0x00, 0x40, 0x00, 0x13, 0x00, 0x01, 0x98, 0x00,
    0x0C, 0x60, 0x00, 0xC3, 0x00, 0x06, 0x0C, 0x00, 0x60, 0x60, 0x03, 0x01, 0x80, 0x30, 0x0C, 0x01,
    0x80, 0x30, 0x18, 0x00, 0x80, 0x80, 0x06, 0x0C, 0x00, 0x10, 0x40, 0x00, 0xC6, 0x00, 0x02, 0x20,
    0x00, 0x1B, 0x00, 0x00, 0x50, 0x00, 0x03, 0x80, 0x00, 0x08, 0x00, 0x00, 0x40, 0x00, 0x07, 0xE0,
    0x1E, 0x78, 0x30, 0x0C, 0x60, 0x06, 0x40, 0x02, 0xC0, 0x03, 0xC0, 0x03, 0x80, 0x01, 0x80, 0x01,
    0x80, 0x01, 0x80, 0x01, 0x80, 0x01, 0x80, 0x01, 0x80, 0x01, 0x80, 0x01, 0x80, 0x01, 0x80, 0x01,
    0x80, 0x01, 0x80, 0x01, 0x80, 0x01, 0x80, 0x01, 0x80, 0x01, 0x80, 0x01, 0x80, 0x01, 0x80, 0x01,
    0x80, 0x01, 0x80, 0x01, 0x80, 0x01, 0x80, 0x01, 0x80, 0x01, 0x80, 0x01, 0xC0, 0x03, 0xC0, 0x03,
    0x40, 0x02, 0x60, 0x06, 0x30, 0x0C, 0x1C, 0x38, 0x0F, 0xF0, 0x07, 0x83, 0xE0, 0xF0, 0x78, 0x1C,
    0x07, 0x01, 0xC0, 0x70, 0x1C, 0x07, 0x01, 0xC0, 0x70, 0x1C, 0x07, 0x01, 0xC0, 0x70, 0x1C, 0x07,
    0x01, 0xC0, 0x70, 0x1C, 0x1F, 0x0F, 0x83, 0xC0, 0x03, 0x81, 0xE0, 0xC0, 0x30, 0x30, 0x0C, 0x06,
    0x01, 0x00, 0x80, 0x20, 0x10, 0x04, 0x02, 0x00, 0x80, 0x40, 0x10, 0x08, 0x02, 0x01, 0x00, 0x40,
    0x20, 0x08, 0x04, 0x01, 0x00, 0x80, 0x20, 0x10, 0x04, 0x02, 0x00, 0x80, 0x40, 0x10, 0x08, 0x02,
    0x01, 0x00, 0x40, 0x20, 0x08, 0x04, 0x03, 0x01, 0x80, 0x60, 0x60, 0x18, 0x3C, 0x0E, 0x00, 0x03,
    0x8F, 0x1E, 0x0C, 0x18, 0x70, 0x30, 0x60, 0xC0, 0x60, 0x81, 0x00, 0x81, 0x02, 0x01, 0x02, 0x04,
    0x02, 0x04, 0x08, 0x04, 0x08, 0x10, 0x08, 0x10, 0x20, 0x10, 0x20, 0x40, 0x20, 0x40, 0x80, 0x40,
    0x81, 0x00, 0x81, 0x02, 0x01, 0x02, 0x04, 0x02, 0x04, 0x08, 0x04, 0x08, 0x10, 0x08, 0x10, 0x20,
    0x10, 0x20, 0x40, 0x20, 0x41, 0x80, 0x41, 0x83, 0x01, 0x83, 0x06, 0x06, 0x0C, 0x18, 0x3C, 0x70,
    0xE0, 0x00, 0x03, 0xC1, 0x80, 0xC0, 0x30, 0x08, 0x02, 0x00, 0x80, 0x20, 0x3F, 0x1A, 0x44, 0x99,
    0x22, 0x49, 0x9A, 0x43, 0xF0, 0x20, 0x08, 0x02, 0x00, 0x80, 0x20, 0x18, 0x0C, 0x0F, 0x00, 0x01,
    0xC0, 0x00, 0x70, 0x00, 0x1C, 0x00, 0x00, 0x00, 0x00, 0x00, 0x00, 0x00, 0x00, 0x00, 0x00, 0x00,
    0x00, 0x00, 0x00, 0x00, 0x00, 0x00, 0x00, 0x00, 0x00, 0x00, 0xE0, 0x03, 0xB8, 0x00, 0xEE, 0x00,
    0x38, 0xE0, 0x03, 0xB8, 0x00, 0xEE, 0x00, 0x38, 0x00, 0x00, 0x00, 0x00, 0x00, 0x00, 0x00, 0x00,
    0x00, 0x00, 0x00, 0x00, 0x00, 0x00, 0x00, 0x00, 0x00, 0x00, 0x00, 0x00, 0x01, 0xC0, 0x00, 0x70,
    0x00, 0x1C, 0x00, 0xFF, 0x80, 0x00, 0x00, 0x0F, 0xF8, 0xE0, 0x03, 0xF0, 0x01, 0xF8, 0x00, 0xE0,
    0x00, 0x00, 0x00, 0x00, 0x00, 0x00, 0x00, 0x00, 0x00, 0x00, 0x00, 0x00, 0x00, 0x00, 0x00, 0x00,
    0x00, 0x00, 0x0E, 0x00, 0x3F, 0x00, 0x1F, 0x80, 0x0E, 0x3E, 0x01, 0xF8, 0xE0, 0x0E, 0x3B, 0x00,
    0x30, 0x1C, 0x00, 0xC0, 0x18, 0x03, 0x80, 0x30, 0x06, 0x00, 0x70, 0x38, 0x01, 0xB9, 0xE0, 0x0E,
    0x3F, 0x00, 0xF8, 0x1F, 0x80, 0x33, 0x8E, 0x07, 0x60, 0x39, 0xE4, 0x01, 0xF8, 0x00, 0x00, 0x00,
    0x00, 0x00, 0x00, 0x00, 0x00, 0x00, 0x00, 0x7F, 0xFF, 0xF0, 0x1F, 0x80, 0x33, 0x8E, 0x07, 0x60,
    0x39, 0xE4, 0x01, 0xF8, 0x00, 0x00, 0x00, 0x00, 0x00, 0x7F, 0xFF, 0xF0, 0x00, 0x00, 0x00, 0x00,
    0x07, 0xFF, 0xFF, 0x7C, 0x3F, 0xF7, 0xEF, 0xFC, 0x3E, 0x00, 0x00, 0x00, 0x7C, 0x3F, 0xF7, 0xEF,
    0xFC, 0x3E, 0x3E, 0x01, 0xF8, 0xE0, 0x0F, 0x3B, 0x00, 0x38, 0x1C, 0x00, 0xC0, 0x18, 0x03, 0x80,
    0x30, 0x06, 0x00, 0x70, 0x38, 0x01, 0xB9, 0xE0, 0x0E, 0x3F, 0x01, 0xF8, 0x00, 0x00, 0x00, 0x00,
    0x00, 0x00, 0x00, 0x00, 0x03, 0xFF, 0xFF, 0x80, 0x00, 0x00, 0x00, 0x00, 0x00, 0x00, 0x00, 0x00,
    0x3F, 0xFF, 0xF8, 0x00, 0xC0, 0x1C, 0x01, 0xCF, 0xFF, 0xFF, 0xF0, 0x70, 0x07, 0x00, 0xE0, 0xFF,
    0xFF, 0xFF, 0x38, 0x03, 0x80, 0x30, 0x00, 0xFF, 0xFF, 0xE0, 0x00, 0x00, 0x00, 0x00, 0x00, 0x00,
    0x00, 0x00, 0x01, 0xFF, 0xFF, 0xC0, 0x00, 0x00, 0x00, 0x00, 0x00, 0x00, 0x00, 0x00, 0x00, 0x00,
    0x00, 0x7F, 0xFF, 0xF0, 0x00, 0x08, 0x00, 0x03, 0x00, 0x00, 0x60, 0x00, 0x08, 0x0F, 0xFF, 0xFE,
    0x00, 0x60, 0x00, 0x08, 0x00, 0x03, 0x00, 0x00, 0x60, 0x1F, 0xFF, 0xFC, 0x03, 0x00, 0x00, 0x40,
    0x00, 0x18, 0x00, 0x03, 0x00, 0x3F, 0xFF, 0xF8, 0x18, 0x00, 0x03, 0x00, 0x00, 0x40, 0x00, 0x08,
    0x00, 0x00, 0x00, 0x70, 0x1F, 0x0F, 0xE3, 0xF8, 0xFC, 0x0F, 0x00, 0xFC, 0x03, 0xF8, 0x0F, 0xE0,
    0x1F, 0x00, 0x70, 0x00, 0x00, 0x0F, 0xFF, 0xFF, 0xF0, 0xE0, 0x0F, 0x80, 0x7F, 0x00, 0xFC, 0x03,
    0xF0, 0x0F, 0x03, 0xF0, 0xFC, 0x7F, 0x0F, 0x80, 0xE0, 0x00, 0x00, 0x00, 0x0F, 0xFF, 0xFF, 0xF0,
    0x00, 0x00, 0x00, 0x00, 0x0F, 0x00, 0x03, 0xC0, 0x01, 0xF0, 0x00, 0x78, 0x00, 0x3E, 0x00, 0x0F,
    0x00, 0x07, 0x80, 0x00, 0xF8, 0x00, 0x01, 0xE0, 0x00, 0x07, 0xC0, 0x00, 0x0F, 0x00, 0x00, 0x3E,
    0x00, 0x00, 0x78, 0x00, 0x00, 0xF0, 0x00, 0x03, 0x00, 0x00, 0x00, 0x00, 0x00, 0x7F, 0xFF, 0xF0,
    0x00, 0x00, 0x00, 0x00, 0x00, 0x00, 0x00, 0x7F, 0xFF, 0xF0, 0x40, 0x00, 0x03, 0x80, 0x00, 0x0F,
    0x80, 0x00, 0x0F, 0x00, 0x00, 0x1F, 0x00, 0x00, 0x1E, 0x00, 0x00, 0x1E, 0x00, 0x00, 0x3E, 0x00,
    0x00, 0xF0, 0x00, 0x3E, 0x00, 0x07, 0x80, 0x01, 0xF0, 0x00, 0x3C, 0x00, 0x0F, 0x80, 0x01, 0xE0,
    0x00, 0x08, 0x00, 0x00, 0x00, 0x00, 0x00, 0x00, 0x00, 0x1F, 0xFF, 0xFC, 0x00, 0x00, 0x00, 0x00,
    0x00, 0x00, 0x00, 0x01, 0xFF, 0xFF, 0xC0, 0x00, 0x06, 0x0C, 0x00, 0x1C, 0x38, 0x00, 0x61, 0xC0,
    0x03, 0x87, 0x00, 0x0C, 0x18, 0x00, 0x70, 0xE0, 0x01, 0xC3, 0x00, 0x0E, 0x1C, 0x00, 0x38, 0x70,
    0x00, 0xC1, 0x80, 0x01, 0xC3, 0x80, 0x00, 0xE1, 0x80, 0x00, 0xE1, 0xC0, 0x00, 0x60, 0xC0, 0x00,
    0x70, 0xE0, 0x00, 0x30, 0xE0, 0x00, 0x38, 0x70, 0x00, 0x38, 0x70, 0x00, 0x18, 0x30, 0x00, 0x00,
    0x00, 0x60, 0xC0, 0x00, 0xE1, 0xC0, 0x00, 0x70, 0xC0, 0x00, 0x70, 0xE0, 0x00, 0x30, 0xE0, 0x00,
    0x38, 0x70, 0x00, 0x18, 0x70, 0x00, 0x1C, 0x38, 0x00, 0x1C, 0x38, 0x00, 0x0C, 0x18, 0x00, 0x38,
    0x70, 0x00, 0xC3, 0x80, 0x07, 0x0E, 0x00, 0x18, 0x30, 0x00, 0xE1, 0xC0, 0x03, 0x86, 0x00, 0x1C,
    0x38, 0x00, 0x70, 0xE0, 0x01, 0x83, 0x00, 0x00, 0x00, 0x00, 0x00, 0x00, 0x40, 0x00, 0x02, 0x00,
    0x80, 0x10, 0x1C, 0x00, 0x87, 0x80, 0x04, 0xF0, 0x00, 0x3E, 0x00, 0x03, 0xC0, 0x00, 0x78, 0x00,
    0x0F, 0x40, 0x01, 0xC2, 0x00, 0x3C, 0x10, 0x00, 0x78, 0x80, 0x00, 0xF4, 0x00, 0x01, 0xE0, 0x00,
    0x03, 0xC0, 0x00, 0x0F, 0x80, 0x00, 0x4F, 0x00, 0x02, 0x1E, 0x00, 0x10, 0x1C, 0x00, 0x80, 0x20,
    0x04, 0x00, 0x00, 0x00, 0x10, 0x02, 0x00, 0x80, 0x1C, 0x04, 0x00, 0x3C, 0x20, 0x00, 0x79, 0x00,
    0x00, 0xF8, 0x00, 0x01, 0xE0, 0x00, 0x03, 0xC0, 0x00, 0x17, 0x80, 0x00, 0x87, 0x00, 0x04, 0x1E,
    0x00, 0x23, 0xC0, 0x01, 0x78, 0x00, 0x0F, 0x00, 0x01, 0xE0, 0x00, 0x3E, 0x00, 0x07, 0x90, 0x00,
    0xF0, 0x80, 0x1C, 0x04, 0x00, 0x80, 0x20, 0x00, 0x01, 0x00, 0x00, 0x00, 0x00, 0x20, 0x00, 0x0E,
    0x00, 0x07, 0xC0, 0x01, 0xE0, 0x00, 0xF8, 0x00, 0x3C, 0x00, 0x1F, 0x00, 0x07, 0x80, 0x00, 0xF0,
    0x00, 0x03, 0xC0, 0x00, 0x0F, 0x80, 0x00, 0x1E, 0x00, 0x00, 0x7C, 0x00, 0x00, 0xF0, 0x00, 0x03,
    0xE0, 0x00, 0x06, 0x00, 0x00, 0x00, 0x00, 0x00, 0x1F, 0x00, 0x23, 0xBC, 0x06, 0x60, 0xE0, 0xCC,
    0x07, 0x1C, 0x80, 0x1F, 0x00, 0x80, 0x00, 0x0E, 0x00, 0x00, 0x7C, 0x00, 0x00, 0xF0, 0x00, 0x03,
    0xE0, 0x00, 0x07, 0x80, 0x00, 0x1F, 0x00, 0x00, 0x3C, 0x00, 0x01, 0xE0, 0x00, 0x78, 0x00, 0x3E,
    0x00, 0x0F, 0x00, 0x03, 0xC0, 0x01, 0xE0, 0x00, 0x78, 0x00, 0x0C, 0x00, 0x00, 0x00, 0x00, 0x00,
    0x00, 0x00, 0x1F, 0x00, 0x23, 0xBC, 0x06, 0x60, 0xE0, 0xCC, 0x07, 0x1C, 0x80, 0x1F, 0x00, 0x00,
    0x00, 0x70, 0x00, 0x1F, 0x00, 0x07, 0xC0, 0x01, 0xF0, 0x00, 0x7C, 0x00, 0x0F, 0x80, 0x03, 0xE0,
    0x00, 0x07, 0xC0, 0x00, 0x07, 0xC0, 0x02, 0x07, 0x80, 0x1E, 0x0F, 0x80, 0x3E, 0x0F, 0x80, 0x3E,
    0x0F, 0x00, 0x3C, 0x08, 0x00, 0x7C, 0x00, 0x00, 0x7C, 0x00, 0x00, 0xF8, 0x00, 0x3E, 0x00, 0x07,
    0xC0, 0x01, 0xF0, 0x00, 0x7C, 0x00, 0x1F, 0x00, 0x01, 0xC0, 0x00, 0x00, 0x70, 0x00, 0x01, 0xF0,
    0x00, 0x01, 0xF0, 0x00, 0x01, 0xE0, 0x00, 0x03, 0xE0, 0x00, 0x03, 0xE0, 0x00, 0x03, 0xC0, 0x00,
    0x7C, 0x00, 0x1F, 0x00, 0x07, 0xC0, 0x81, 0xF0, 0x3C, 0x3E, 0x0F, 0x87, 0x83, 0xE0, 0x20, 0xF8,
    0x00, 0x1E, 0x00, 0x07, 0xC0, 0x00, 0xF8, 0x00, 0x01, 0xF0, 0x00, 0x01, 0xF0, 0x00, 0x01, 0xF0,
    0x00, 0x01, 0xF0, 0x00, 0x01, 0xF0, 0x00, 0x01, 0xC0, 0x07, 0xFF, 0xE3, 0xC0, 0x00, 0xC0, 0x00,
    0x30, 0x00, 0x04, 0x00, 0x01, 0x80, 0x00, 0x30, 0x00, 0x04, 0x00, 0x00, 0x80, 0x00, 0x18, 0x00,
    0x03, 0x00, 0x00, 0x20, 0x00, 0x06, 0x00, 0x00, 0x60, 0x00, 0x07, 0x80, 0x00, 0x3F, 0xFF, 0xFF,
    0xFC, 0x00, 0x01, 0xE0, 0x00, 0x06, 0x00, 0x00, 0x60, 0x00, 0x04, 0x00, 0x00, 0xC0, 0x00, 0x18,
    0x00, 0x01, 0x00, 0x00, 0x20, 0x00, 0x0C, 0x00, 0x01, 0x80, 0x00, 0x20, 0x00, 0x0C, 0x00, 0x03,
    0x00, 0x03, 0xC7, 0xFF, 0xE0, 0x00, 0x00, 0x80, 0x00, 0x30, 0x1F, 0xFF, 0x8F, 0x01, 0x83, 0x00,
    0x60, 0xC0, 0x0C, 0x10, 0x03, 0x06, 0x00, 0x60, 0xC0, 0x18, 0x10, 0x03, 0x02, 0x00, 0xC0, 0x60,
    0x18, 0x0C, 0x06, 0x00, 0x80, 0x80, 0x18, 0x30, 0x01, 0x84, 0x00, 0x1F, 0x80, 0x00, 0xFF, 0xFC,
    0x0C, 0x00, 0x01, 0x00, 0x00, 0x00, 0x08, 0x00, 0x03, 0x03, 0xFF, 0xF0, 0x00, 0x1F, 0x80, 0x02,
    0x18, 0x00, 0xC1, 0x80, 0x10, 0x10, 0x06, 0x03, 0x00, 0x80, 0x60, 0x30, 0x04, 0x0C, 0x00, 0x81,
    0x80, 0x30, 0x60, 0x06, 0x0C, 0x00, 0x83, 0x00, 0x30, 0x60, 0x0C, 0x18, 0x0F, 0x1F, 0xFF, 0x80,
    0xC0, 0x00, 0x10, 0x00, 0x00, 0x0F, 0xFF, 0xE7, 0x80, 0x01, 0x80, 0x00, 0x60, 0x00, 0x0C, 0x00,
    0x01, 0x00, 0x00, 0x20, 0x00, 0x04, 0x00, 0x00, 0xC0, 0x00, 0x18, 0x00, 0x01, 0x80, 0x00, 0x1E,
    0x00, 0x00, 0xFF, 0xFE, 0x00, 0x00, 0x00, 0x00, 0x00, 0x00, 0x00, 0x00, 0x00, 0x00, 0x00, 0x03,
    0xFF, 0xFF, 0x80, 0xFF, 0xFE, 0x00, 0x00, 0xF0, 0x00, 0x07, 0x00, 0x00, 0x60, 0x00, 0x06, 0x00,
    0x00, 0xC0, 0x00, 0x18, 0x00, 0x03, 0x00, 0x00, 0x60, 0x00, 0x18, 0x00, 0x07, 0x00, 0x03, 0xCF,
    0xFF, 0xE0, 0x00, 0x00, 0x00, 0x00, 0x00, 0x00, 0x00, 0x00, 0x00, 0x00, 0x00, 0x03, 0xFF, 0xFF,
    0x80, 0x0F, 0xFF, 0xE7, 0x80, 0x01, 0x80, 0x00, 0x60, 0x00, 0x0C, 0x00, 0x01, 0x00, 0x00, 0x20,
    0x00, 0x04, 0x00, 0x00, 0xC0, 0x00, 0x18, 0x00, 0x01, 0x80, 0x00, 0x1E, 0x00, 0x00, 0xFF, 0xFE,
    0x00, 0x00, 0x00, 0x00, 0x00, 0x01, 0x80, 0x00, 0x60, 0x1F, 0xFF, 0xFC, 0x03, 0x00, 0x00, 0xC0,
    0x00, 0x00, 0x00, 0xFF, 0xFE, 0x00, 0x00, 0xF0, 0x00, 0x07, 0x00, 0x00, 0x60, 0x00, 0x06, 0x00,
    0x00, 0xC0, 0x00, 0x18, 0x00, 0x03, 0x00, 0x00, 0x60, 0x00, 0x18, 0x00, 0x07, 0x00, 0x03, 0xCF,
    0xFF, 0xE0, 0x00, 0x00, 0x00, 0x00, 0x00, 0x01, 0x00, 0x00, 0x60, 0x1F, 0xFF, 0xFC, 0x03, 0x00,
    0x00, 0xC0, 0x00, 0x00, 0x00, 0x03, 0xF8, 0x01, 0xE3, 0xC0, 0x60, 0x0C, 0x18, 0x20, 0xC6, 0x04,
    0x0C, 0x80, 0x80, 0xB0, 0x10, 0x1E, 0x02, 0x03, 0x80, 0x40, 0x33, 0xFF, 0xE6, 0x01, 0x00, 0xE0,
    0x20, 0x3C, 0x04, 0x06, 0x80, 0x80, 0x98, 0x10, 0x31, 0x82, 0x0C, 0x18, 0x03, 0x01, 0xE3, 0xC0,
    0x0F, 0xE0, 0x00, 0x03, 0xF8, 0x01, 0xE3, 0xC0, 0x60, 0x0C, 0x18, 0x00, 0xC6, 0x00, 0x0C, 0x80,
    0x00, 0xB0, 0x00, 0x1E, 0x00, 0x03, 0x80, 0x00, 0x33, 0xFF, 0xE6, 0x00, 0x00, 0xE0, 0x00, 0x3C,
    0x00, 0x06, 0x80, 0x00, 0x98, 0x00, 0x31, 0x80, 0x0C, 0x18, 0x03, 0x01, 0xE3, 0xC0, 0x0F, 0xE0,
    0x00, 0x03, 0xF8, 0x01, 0xE3, 0xC0, 0x60, 0x0C, 0x18, 0x00, 0xC6, 0x40, 0x4C, 0x9C, 0x1C, 0xB1,
    0xC7, 0x1E, 0x1D, 0xC3, 0x81, 0xF0, 0x30, 0x1C, 0x06, 0x07, 0xC0, 0xE1, 0xDC, 0x3C, 0x71, 0xC6,
    0x9C, 0x1C, 0x99, 0x01, 0x31, 0x80, 0x0C, 0x18, 0x03, 0x01, 0xE3, 0xC0, 0x0F, 0xE0, 0x00, 0x03,
    0xF8, 0x01, 0xE3, 0xC0, 0x60, 0x0C, 0x18, 0x00, 0xC6, 0x00, 0x4C, 0x80, 0x1C, 0xB0, 0x07, 0x1E,
    0x01, 0xC3, 0x80, 0x70, 0x30, 0x1C, 0x06, 0x07, 0x00, 0xE1, 0xC0, 0x3C, 0x70, 0x06, 0x8C, 0x00,
    0x98, 0x00, 0x31, 0x80, 0x0C, 0x18, 0x03, 0x01, 0xE3, 0xC0, 0x0F, 0xE0, 0x00, 0x03, 0xF8, 0x01,
    0xE3, 0xC0, 0x60, 0x0C, 0x18, 0x00, 0xC6, 0x00, 0x0C, 0x80, 0x00, 0xB0, 0x00, 0x1E, 0x00, 0x03,
    0x80, 0xC0, 0x30, 0x1C, 0x06, 0x03, 0x80, 0xE0, 0x00, 0x3C, 0x00, 0x06, 0x80, 0x00, 0x98, 0x00,
    0x31, 0x80, 0x0C, 0x18, 0x03, 0x01, 0xE3, 0xC0, 0x0F, 0xE0, 0x00, 0xFF, 0xFF, 0xF8, 0x00, 0x01,
    0x80, 0x00, 0x18, 0x00, 0x01, 0x88, 0x01, 0x18, 0xC0, 0x31, 0x86, 0x06, 0x18, 0x30, 0xC1, 0x81,
    0x98, 0x18, 0x0F, 0x01, 0x80, 0x60, 0x18, 0x0F, 0x01, 0x81, 0x98, 0x18, 0x30, 0xC1, 0x86, 0x06,
    0x18, 0xC0, 0x31, 0x88, 0x01, 0x18, 0x00, 0x01, 0x80, 0x00, 0x18, 0x00, 0x01, 0xFF, 0xFF, 0xF0,
    0x00, 0x20, 0x00, 0x01, 0x00, 0x00, 0x08, 0x00, 0x00, 0x40, 0x00, 0x02, 0x00, 0x00, 0x10, 0x00,
    0x00, 0x80, 0x00, 0x04, 0x00, 0x00, 0x20, 0x00, 0x01, 0x00, 0x00, 0x08, 0x00, 0x00, 0x40, 0x00,
    0x02, 0x00, 0x00, 0x10, 0x00, 0x00, 0x80, 0x00, 0x04, 0x00, 0x00, 0x20, 0x03, 0xFF, 0xFF, 0x80,
    0x00, 0x00, 0x20, 0x00, 0x0C, 0x00, 0x03, 0x80, 0x00, 0xD0, 0x00, 0x32, 0x00, 0x0C, 0x40, 0x03,
    0x08, 0x00, 0xC1, 0x00, 0x30, 0x20, 0x0C, 0x04, 0x03, 0x00, 0x80, 0xC0, 0x10, 0x30, 0x02, 0x0C,
    0x00, 0x43, 0x00, 0x08, 0xC0, 0x01, 0x30, 0x00, 0x2C, 0x00, 0x07, 0xFF, 0xFF, 0x80, 0x00, 0x00,
    0x00, 0x00, 0x0F, 0x00, 0x0F, 0xE0, 0x07, 0xE0, 0x07, 0xE0, 0x07, 0xF0, 0x00, 0xFC, 0x00, 0x01,
    0xFC, 0x00, 0x01, 0xF8, 0x00, 0x01, 0xF8, 0x00, 0x01, 0xF0, 0x00, 0x03, 0x7F, 0xFF, 0xFC, 0x00,
    0x00, 0xF8, 0x00, 0x01, 0xF8, 0x00, 0x01, 0xF8, 0x00, 0x03, 0xF0, 0x00, 0x03, 0xF0, 0x00, 0xFE,
    0x00, 0x7E, 0x00, 0x7E, 0x00, 0x7F, 0x00, 0x0F, 0x00, 0x00, 0x00, 0x00, 0x00, 0x00, 0x00, 0x03,
    0x80, 0x00, 0x0F, 0xC0, 0x00, 0x07, 0xE0, 0x00, 0x07, 0xF0, 0x00, 0x03, 0xF0, 0x00, 0x07, 0xC0,
    0x03, 0xF0, 0x01, 0xFC, 0x00, 0xFE, 0x00, 0x1F, 0x00, 0x00, 0x80, 0x00, 0x07, 0xFF, 0xFF, 0x00,
    0x00, 0x08, 0x00, 0x07, 0xE0, 0x01, 0xF8, 0x00, 0xFC, 0x00, 0x7E, 0x00, 0x1F, 0x80, 0x00, 0x7E,
    0x00, 0x00, 0x3F, 0x00, 0x00, 0x3F, 0x80, 0x00, 0x1F, 0x80, 0x00, 0x0F, 0x00, 0x00, 0x00, 0xE0,
    0xE0, 0xEE, 0x0E, 0x0E, 0xE0, 0xE0, 0xE0, 0x01, 0xC1, 0xC1, 0xC1, 0xC1, 0xC1, 0x80, 0x3C, 0x66,
    0xC3, 0x81, 0x81, 0xC3, 0x66, 0x3C, 0x0C, 0x10, 0x61, 0xC6, 0x0C, 0x30, 0x61, 0x86, 0x18, 0x30,
    0xC1, 0x84, 0x18, 0x60, 0xC3, 0x04, 0x10, 0x61, 0x83, 0x08, 0x10, 0x00, 0x01, 0xF0, 0x00, 0x0F,
    0xC1, 0x80, 0x38, 0x03, 0x80, 0xE0, 0x07, 0x83, 0x00, 0x0F, 0x8E, 0x00, 0x1B, 0x98, 0x00, 0x33,
    0x60, 0x18, 0x63, 0xC0, 0x39, 0x87, 0x80, 0x7F, 0x0F, 0x00, 0xFC, 0x1E, 0x01, 0x80, 0x3C, 0x0F,
    0x00, 0x78, 0x3E, 0x00, 0xF0, 0x6C, 0x01, 0xE0, 0x98, 0x03, 0x61, 0x80, 0x0C, 0xC3, 0x80, 0x38,
    0xC3, 0x00, 0x60, 0xC6, 0x03, 0x81, 0xFC, 0x0E, 0x00, 0xF1, 0xF8, 0x00, 0x07, 0xC0, 0x00, 0x00,
    0x80, 0x00, 0x60, 0x00, 0x18, 0x00, 0x04, 0x00, 0x03, 0x00, 0x00, 0x80, 0x00, 0x7F, 0xFC, 0x10,
    0x06, 0x0C, 0x01, 0x86, 0x00, 0xC1, 0x80, 0x30, 0xC0, 0x18, 0x60, 0x04, 0x31, 0x83, 0x08, 0x39,
    0x80, 0x03, 0xC0, 0x00, 0x70, 0x00, 0x06, 0x00, 0x00, 0xC0, 0x00, 0x18, 0x00, 0x02, 0x00, 0x00,
    0x00, 0x80, 0x00, 0x60, 0x00, 0x30, 0x00, 0x18, 0x10, 0x0C, 0x07, 0x02, 0x00, 0x61, 0x80, 0x0E,
    0xC0, 0x00, 0xE0, 0x00, 0x3C, 0x00, 0x0F, 0x80, 0x06, 0x30, 0x03, 0x06, 0x31, 0x80, 0xCC, 0x40,
    0x13, 0x30, 0x00, 0xD8, 0x00, 0x1C, 0x00, 0x06, 0x00, 0x01, 0x80, 0x00, 0x00, 0x00, 0x00, 0x00,
    0xFE, 0x00, 0x07, 0x8F, 0x00, 0x38, 0x03, 0x80, 0xC0, 0x01, 0x83, 0x00, 0x01, 0x84, 0x00, 0x01,
    0x18, 0x00, 0x03, 0x20, 0x00, 0x02, 0xC0, 0x00, 0x07, 0x80, 0x00, 0x0E, 0x00, 0x00, 0x0C, 0x00,
    0x00, 0x18, 0x00, 0x00, 0x38, 0x00, 0x00, 0xF0, 0x00, 0x01, 0xA0, 0x00, 0x02, 0x60, 0x00, 0x0C,
    0xC0, 0x00, 0x18, 0xC0, 0x00, 0x60, 0xC0, 0x01, 0x80, 0xE0, 0x0E, 0x00, 0xF0, 0x78, 0x00, 0x7F,
    0xC0, 0x00, 0x01, 0x80, 0x80, 0xC0, 0xC0, 0x40, 0x60, 0x60, 0x20, 0x30, 0x30, 0x10, 0x18, 0x04,
    0x03, 0x00, 0xC0, 0x20, 0x18, 0x06, 0x01, 0x00, 0xC0, 0x30, 0x08, 0x06, 0xC0, 0x20, 0x18, 0x06,
    0x01, 0x00, 0xC0, 0x30, 0x08, 0x06, 0x01, 0x80, 0x40, 0x30, 0x10, 0x18, 0x18, 0x08, 0x0C, 0x0C,
    0x04, 0x06, 0x06, 0x02, 0x03, 0x00, 0x02, 0x20, 0xCC, 0x13, 0x06, 0x60, 0x98, 0x32, 0x04, 0xC1,
    0x90, 0x26, 0x0C, 0x81, 0x30, 0x64, 0x04, 0xC0, 0xC8, 0x09, 0x81, 0x90, 0x13, 0x03, 0x20, 0x26,
    0x06, 0x60, 0x4C, 0x0C, 0xC0, 0x88, 0x88, 0x19, 0x81, 0x10, 0x33, 0x03, 0x20, 0x26, 0x06, 0x40,
    0x4C, 0x0C, 0x80, 0x98, 0x19, 0x01, 0x30, 0x64, 0x09, 0x83, 0x20, 0x4C, 0x19, 0x02, 0x60, 0xC8,
    0x33, 0x04, 0x41, 0x98, 0x22, 0x00, 0xFF, 0x80, 0x80, 0x80, 0x80, 0x80, 0x80, 0x80, 0x80, 0x80,
    0x80, 0x80, 0x80, 0x80, 0x80, 0x80, 0x80, 0x01, 0x01, 0x01, 0x01, 0x01, 0x01, 0x01, 0x01, 0x01,
    0x01, 0x01, 0x01, 0x01, 0x01, 0x01, 0x01, 0xFF, 0xFF, 0xC0, 0x60, 0x33, 0xF9, 0x04, 0x82, 0x41,
    0x20, 0x90, 0x48, 0x24, 0x12, 0x09, 0x04, 0x82, 0x41, 0x20, 0xF0, 0x00, 0x07, 0x82, 0x41, 0x20,
    0x90, 0x48, 0x24, 0x12, 0x09, 0x04, 0x82, 0x41, 0x20, 0x90, 0x4F, 0xE6, 0x03, 0x01, 0xFF, 0x80,
    0xFF, 0xFE, 0xFC, 0xFC, 0xF8, 0xF8, 0xF0, 0xF0, 0xF0, 0xF0, 0xE0, 0xE0, 0xE0, 0xF0, 0xF0, 0xF0,
    0xF0, 0xF8, 0xF8, 0xFC, 0xFC, 0xFE, 0xFF, 0x00, 0xFF, 0x7F, 0x3F, 0x3F, 0x1F, 0x1F, 0x0F, 0x0F,
    0x0F, 0x0F, 0x07, 0x07, 0x07, 0x0F, 0x0F, 0x0F, 0x0F, 0x1F, 0x1F, 0x3F, 0x3F, 0x7F, 0xFF, 0xFF,
    0xFF, 0xFF, 0xFF, 0xC0, 0x00, 0x00, 0x00, 0x00, 0x00, 0x07, 0xFF, 0xFF, 0xFF, 0xFE, 0x03, 0x80,
    0x01, 0xC0, 0x00, 0xE0, 0x00, 0x70, 0x00, 0x38, 0x00, 0x1C, 0x00, 0x0E, 0x00, 0x07, 0x00, 0x03,
    0x80, 0x01, 0xC0, 0x00, 0xC0, 0x00, 0xFF, 0xFF, 0xFF, 0xFF, 0xFF, 0xFF, 0xFF, 0xFF, 0xFF, 0xFF,
    0xFF, 0xFF, 0xFF, 0xFF, 0xFF, 0xFF, 0xFF, 0xFF, 0xFF, 0xFF, 0x00, 0x00, 0x00, 0x00, 0x00, 0x00,
    0x00, 0x00, 0x00, 0x00, 0x00, 0x00, 0x0F, 0xFF, 0xFF, 0xFF, 0xFF, 0xFF, 0xFF, 0xFF, 0xFF, 0xFF,
    0xFF, 0xFF, 0xFF, 0xFF, 0xFF, 0xFF, 0xFF, 0xFF, 0xFF, 0xFF, 0xF0, 0x00, 0x73, 0x38, 0x82, 0x08,
    0x20, 0x82, 0x08, 0x20, 0x82, 0x08, 0x20, 0x82, 0x08, 0x20, 0x83, 0x83, 0x07, 0x00, 0x03, 0x83,
    0x07, 0x04, 0x10, 0x41, 0x04, 0x10, 0x41, 0x04, 0x10, 0x41, 0x04, 0x10, 0x41, 0x04, 0x73, 0x38,
    0x00, 0xFF, 0xA0, 0xC8, 0x62, 0x30, 0x98, 0x24, 0x0B, 0x02, 0x80, 0xA0, 0x28, 0x0A, 0x02, 0x80,
    0xA0, 0x28, 0x0A, 0x02, 0x80, 0xB0, 0x24, 0x09, 0x82, 0x30, 0x86, 0x20, 0xCF, 0xF8, 0x7F, 0xCC,
    0x11, 0x84, 0x31, 0x06, 0x40, 0x90, 0x24, 0x0D, 0x01, 0x40, 0x50, 0x14, 0x05, 0x01, 0x40, 0x50,
    0x14, 0x0D, 0x02, 0x40, 0x90, 0x64, 0x31, 0x18, 0x4C, 0x17, 0xFC, 0x06, 0x07, 0x0E, 0x5C, 0x68,
    0xE4, 0xC2, 0x41, 0x20, 0x90, 0x48, 0x24, 0x12, 0x09, 0x04, 0x82, 0x41, 0x20, 0x90, 0x48, 0x24,
    0x13, 0x08, 0xE7, 0x18, 0xE4, 0x1E, 0x06, 0x00, 0x30, 0x3C, 0x13, 0x8C, 0x73, 0x88, 0x64, 0x12,
    0x09, 0x04, 0x82, 0x41, 0x20, 0x90, 0x48, 0x24, 0x12, 0x09, 0x04, 0x82, 0x41, 0x21, 0x93, 0x8B,
    0x1D, 0x38, 0xF0, 0x30, 0x00, 0xFF, 0x22, 0x44, 0x89, 0x12, 0x24, 0x48, 0x91, 0x22, 0x44, 0x89,
    0x12, 0x24, 0x48, 0x91, 0x22, 0x44, 0x89, 0x12, 0x3F, 0x80, 0xFE, 0x24, 0x48, 0x91, 0x22, 0x44,
    0x89, 0x12, 0x24, 0x48, 0x91, 0x22, 0x44, 0x89, 0x12, 0x24, 0x48, 0x91, 0x22, 0x7F, 0x80, 0x1F,
    0xC0, 0x00, 0xF1, 0xC0, 0x0D, 0x80, 0xE0, 0x36, 0x00, 0x71, 0xE0, 0x00, 0x7F, 0x00, 0xC1, 0xE0,
    0xE0, 0x7C, 0x7C, 0x1E, 0x0E, 0x06, 0x06, 0x3C, 0xE7, 0x0C, 0x61, 0xCF, 0x38, 0xC0, 0xC0, 0xE0,
    0xF0, 0x7C, 0x7C, 0x0E, 0x0F, 0x06, 0x1F, 0xFF, 0xF0, 0x3F, 0xFF, 0xF0, 0x7F, 0xFF, 0xE0, 0x00,
    0x00, 0x01, 0xFF, 0xFF, 0x03, 0xFF, 0xFF, 0x07, 0xFF, 0xFE, 0x30, 0x1C, 0x02, 0xFF, 0x39, 0xEF,
    0x3F, 0x77, 0xE6, 0x36, 0xE4, 0xCE, 0x69, 0xCF, 0x36, 0x73, 0x9E, 0xE4, 0x62, 0x31, 0x0C, 0x60,
    0x66, 0x0C, 0xE3, 0x98, 0x0C, 0x7C, 0x60, 0x0F, 0x8F, 0x80, 0x07, 0xFC, 0x00, 0xFF, 0xFF, 0xFC,
    0x01, 0x01, 0x81, 0x81, 0x81, 0x81, 0x81, 0x81, 0x81, 0x81, 0x81, 0x81, 0x81, 0x81, 0x81, 0x81,
    0x81, 0x81, 0x01, 0x01, 0x01, 0x01, 0x00, 0x04, 0x00, 0x18, 0x00, 0x60, 0x81, 0x82, 0x06, 0x08,
    0x18, 0x20, 0x60, 0x81, 0x82, 0x06, 0x08, 0x18, 0x20, 0x60, 0x81, 0x82, 0x06, 0x08, 0x18, 0x20,
    0x60, 0x81, 0x82, 0x06, 0x00, 0x18, 0x00, 0x40, 0x01, 0x00, 0x04, 0x00, 0x10, 0x00, 0x01, 0x80,
    0x00, 0x20, 0x60, 0x04, 0x06, 0x01, 0x80, 0x60, 0x20, 0x06, 0x0C, 0x00, 0x61, 0x80, 0x06, 0x60,
    0x00, 0x6C, 0x00, 0x07, 0x00, 0x00, 0xE0, 0x00, 0x16, 0x00, 0x06, 0x60, 0x01, 0x86, 0x00, 0xE0,
    0x60, 0x30, 0x0C, 0x1C, 0x00, 0xCE, 0x00, 0x09, 0x00, 0x00, 0x00, 0x00, 0x00, 0xC0, 0x0C, 0x20,
    0x61, 0x86, 0x06, 0x30, 0x13, 0x01, 0x9C, 0x0C, 0x78, 0xC0, 0x7C, 0x07, 0xE0, 0x61, 0xC6, 0x03,
    0x60, 0x0A, 0x00, 0x70, 0x03, 0xC0, 0x16, 0x01, 0x98, 0x1C, 0x73, 0xC1, 0xF8, 0x00, 0x00, 0x20,
    0x00, 0x01, 0x00, 0x00, 0x08, 0x00, 0x00, 0x40, 0x00, 0x02, 0x00, 0x00, 0x00, 0x03, 0xFF, 0xFF,
    0xE0, 0x00, 0x20, 0x00, 0x01, 0x00, 0x00, 0x08, 0x00, 0x00, 0x40, 0x00, 0x02, 0x00, 0x00, 0x00,
    0x03, 0xFF, 0xFF, 0xE0, 0x00, 0x00, 0x00, 0x00, 0x00, 0x00, 0x00, 0x00, 0x00, 0x00, 0x00, 0x00,
    0x00, 0x00, 0x00, 0x0F, 0xFF, 0xE0, 0x00, 0x20, 0x00, 0x01, 0x00, 0x00, 0x08, 0x00, 0x00, 0x40,
    0x00, 0x02, 0x00, 0x00, 0x00, 0x03, 0xFF, 0xFF, 0xE0, 0x00, 0x00, 0x00, 0x00, 0x00, 0x00, 0x00,
    0x00, 0x00, 0x00, 0x00, 0x00, 0x01, 0xFF, 0xFC, 0x00, 0x00, 0x00, 0x00, 0x00, 0x00, 0x00, 0x00,
    0x00, 0x00, 0x00, 0x00, 0x00, 0x3F, 0xFF, 0xFE, 0x00, 0x20, 0x00, 0x01, 0x00, 0x00, 0x08, 0x00,
    0x00, 0x40, 0x00, 0x02, 0x00, 0x1F, 0xFF, 0xC0, 0x00, 0x02, 0x00, 0x00, 0x30, 0x10, 0x01, 0x80,
    0xC0, 0x08, 0x03, 0x00, 0xC0, 0x0C, 0x0C, 0x00, 0x30, 0x40, 0x00, 0xC6, 0x00, 0x03, 0x60, 0x00,
    0x0E, 0x00, 0x00, 0xF8, 0x00, 0x0E, 0x70, 0x01, 0xC0, 0xE0, 0x78, 0x01, 0xCF, 0x00, 0x03, 0x00,
    0x7F, 0xDF, 0xFD, 0xF7, 0xF9, 0xFF, 0xFF, 0x9F, 0xFF, 0x80, 0xFF, 0x8F, 0xF8, 0xC0, 0x3E, 0x01,
    0xB0, 0x3B, 0x81, 0x8C, 0x18, 0xC1, 0x86, 0x08, 0x20, 0xC1, 0x0C, 0x18, 0x40, 0xEC, 0x06, 0xE0,
    0x3C, 0x01, 0xE0, 0x00, 0x30, 0x03, 0x00, 0x18, 0x00, 0x80, 0x0C, 0x00, 0xC0, 0x06, 0x00, 0x60,
    0x03, 0x00, 0x30, 0x01, 0x80, 0x18, 0x00, 0xC0, 0x0C, 0x00, 0x60, 0x06, 0x00, 0x20, 0x03, 0x00,
    0x10, 0x01, 0x80, 0x0C, 0x00, 0x40, 0x02, 0x00, 0x18, 0x00, 0xC0, 0x02, 0x00, 0x18, 0x00, 0x60,
    0x03, 0x00, 0x0C, 0x00, 0x60, 0x01, 0x80, 0x0C, 0x00, 0x30, 0x00, 0x80, 0x06, 0x00, 0x10, 0x00,
    0xC0, 0x02, 0x00, 0x18, 0x00, 0x40, 0x03, 0x00, 0x08, 0x00, 0x60, 0x01, 0x00, 0x0C, 0x00, 0x60,
    0x00, 0x30, 0x00, 0x60, 0x00, 0x60, 0x00, 0x40, 0x00, 0xC0, 0x01, 0x80, 0x01, 0x80, 0x03, 0x00,
    0x03, 0x00, 0x06, 0x0C, 0x06, 0x26, 0x0C, 0x26, 0x0C, 0x33, 0x18, 0x18, 0x18, 0x00, 0x30, 0x00,
    0x20, 0x00, 0x60, 0x00, 0x40, 0x00, 0xC0, 0x00, 0xC0, 0x00, 0x80, 0x00, 0x80, 0x00, 0xC0, 0x00,
    0xC0, 0x00, 0x40, 0x00, 0x60, 0x00, 0x30, 0x00, 0x30, 0x00, 0x18, 0x00, 0x18, 0x00, 0x0C, 0x00,
    0x0C, 0x00, 0x06, 0x00, 0x02, 0x00, 0x03, 0x00, 0x01, 0x00, 0x01, 0x80, 0x00, 0x80, 0x00, 0xC0,
    0x00, 0x40, 0x00, 0x60, 0x00, 0x20, 0x00, 0x30, 0x00, 0x10, 0x00, 0x18, 0x00, 0x18, 0x00, 0x20,
    0x03, 0x00, 0x60, 0x06, 0x00, 0xC0, 0x0C, 0x01, 0x80, 0x10, 0x03, 0x00, 0x20, 0x06, 0x00, 0x40,
    0x0C, 0x00, 0x80, 0x18, 0x01, 0x00, 0x30, 0x06, 0x00, 0x60, 0x04, 0x00, 0xC0, 0x08, 0x00, 0x80,
    0x0C, 0x00, 0x00, 0x20, 0x00, 0x30, 0x00, 0x60, 0x00, 0x60, 0x00, 0xC0, 0x00, 0xC0, 0x01, 0x80,
    0x01, 0x00, 0x03, 0x00, 0x02, 0x00, 0x06, 0x0C, 0x04, 0x26, 0x0C, 0x32, 0x08, 0x13, 0x18, 0x18,
    0x10, 0x00, 0x30, 0x00, 0x60, 0x00, 0x60, 0x00, 0x40, 0x00, 0xC0, 0x00, 0x80, 0x00, 0x80, 0x00,
    0xC0, 0x00, 0xC0, 0x02, 0x00, 0x18, 0x00, 0x40, 0x03, 0x00, 0x08, 0x00, 0x60, 0x01, 0x00, 0x0C,
    0x00, 0x30, 0x01, 0x80, 0x06, 0x00, 0x30, 0x00, 0xC0, 0x06, 0x00, 0x18, 0x00, 0xC0, 0x03, 0x00,
    0x08, 0x00, 0x60, 0x03, 0x00, 0x0C, 0x00, 0x60, 0x00, 0x01, 0xFF, 0x00, 0x0F, 0x07, 0x80, 0x38,
    0x03, 0x80, 0xC0, 0x01, 0x83, 0x00, 0x01, 0x8C, 0x00, 0x01, 0x93, 0xFF, 0xFB, 0x67, 0xFF, 0xF3,
    0xC0, 0x00, 0x07, 0x00, 0x00, 0x06, 0x3F, 0xFF, 0x8C, 0x7F, 0xFF, 0x18, 0x03, 0x80, 0x30, 0x07,
    0x00, 0x70, 0x0E, 0x01, 0xE0, 0x1C, 0x03, 0x40, 0x38, 0x0C, 0xC0, 0x70, 0x18, 0xC0, 0xE0, 0x60,
    0xC1, 0xC1, 0x80, 0xC0, 0x06, 0x00, 0xF0, 0x78, 0x00, 0x7F, 0xC0, 0x00, 0x00, 0x00, 0x00, 0x20,
    0x22, 0x02, 0x30, 0x62, 0x06, 0x30, 0x63, 0x04, 0x18, 0x41, 0x04, 0x18, 0xC1, 0x8C, 0x08, 0x80,
    0x88, 0x0C, 0x80, 0xC8, 0x05, 0x80, 0x58, 0x07, 0x00, 0x70, 0x03, 0x00, 0x30, 0x03, 0x00, 0x30,
    0x03, 0x00, 0x30, 0x07, 0x00, 0x70, 0x05, 0x80, 0x58, 0x0C, 0x80, 0xC8, 0x08, 0xC0, 0x8C, 0x18,
    0xC1, 0x84, 0x10, 0x41, 0x06, 0x30, 0x63, 0x06, 0x60, 0x22, 0x02, 0x60, 0x36, 0x03, 0x40, 0x14,
    0x01, 0x00, 0x10, 0x00, 0x00, 0x20, 0x00, 0x00, 0x40, 0x00, 0x00, 0x80, 0x00, 0x01, 0x00, 0x00,
    0x02, 0x00, 0x00, 0x04, 0x00, 0x00, 0x08, 0x00, 0xFF, 0xFF, 0xFC, 0x00, 0x20, 0x00, 0x00, 0x40,
    0x00, 0x00, 0x80, 0x00, 0x01, 0x00, 0x00, 0x02, 0x00, 0x00, 0x04, 0x00, 0x00, 0x08, 0x00, 0x00,
    0x10, 0x00, 0x00, 0x20, 0x00, 0x00, 0x40, 0x00, 0x00, 0x80, 0x00, 0x01, 0x00, 0x00, 0x02, 0x00,
    0x00, 0x04, 0x00, 0x00, 0x00, 0x00, 0x00, 0x01, 0x02, 0x00, 0x02, 0x04, 0x00, 0x04, 0x08, 0x00,
    0x08, 0x10, 0x00, 0x10, 0x20, 0x00, 0x20, 0x40, 0x00, 0x40, 0x80, 0x7F, 0xFF, 0xFE, 0x01, 0x02,
    0x00, 0x02, 0x04, 0x00, 0x04, 0x08, 0x00, 0x08, 0x10, 0x00, 0x10, 0x20, 0x00, 0x20, 0x40, 0x00,
    0x40, 0x80, 0x00, 0x81, 0x00, 0x01, 0x02, 0x00, 0x02, 0x04, 0x00, 0x04, 0x08, 0x00, 0x08, 0x10,
    0x00, 0x10, 0x20, 0x00, 0x20, 0x40, 0x00, 0x02, 0x00, 0x40, 0x04, 0x20, 0x80, 0x08, 0x41, 0x00,
    0x10, 0x82, 0x00, 0x21, 0x04, 0x00, 0x42, 0x08, 0x00, 0x84, 0x10, 0x01, 0x08, 0x20, 0x7F, 0xFF,
    0xFC, 0x04, 0x20, 0x80, 0x18, 0x41, 0x00, 0x30, 0x82, 0x00, 0x61, 0x04, 0x00, 0xC2, 0x08, 0x01,
    0x84, 0x10, 0x02, 0x08, 0x20, 0x04, 0x10, 0x40, 0x18, 0x20, 0x80, 0x30, 0x41, 0x00, 0x40, 0x82,
    0x01, 0x81, 0x04, 0x02, 0x00, 0x08, 0x0C, 0x00, 0x10, 0x00, 0x00, 0x00, 0x60, 0x01, 0x00, 0x0C,
    0x00, 0x30, 0x00, 0xC0, 0x03, 0x00, 0x0C, 0x00, 0x38, 0x01, 0xF0, 0x7F, 0x3F, 0x00, 0xE0, 0x06,
    0x00, 0x18, 0x00, 0x60, 0x01, 0x80, 0x07, 0x00, 0x0E, 0x00, 0x3C, 0x07, 0xE0, 0x70, 0x0E, 0x00,
    0xC0, 0x00, 0xFF, 0xFF, 0xF0, 0x00, 0x1E, 0x00, 0x07, 0xC0, 0x01, 0xD8, 0x00, 0x73, 0x00, 0x1C,
    0x60, 0x07, 0x0C, 0x01, 0xC1, 0x80, 0x70, 0x30, 0x1C, 0x06, 0x07, 0x00, 0xC1, 0xC0, 0x18, 0x70,
    0x03, 0x1C, 0x00, 0x67, 0x00, 0x0D, 0xC0, 0x01, 0xF0, 0x00, 0x3C, 0x00, 0x07, 0xFF, 0xFF, 0x80,
    0x00, 0x70, 0x00, 0x73, 0xE0, 0x07, 0x6D, 0x80, 0x38, 0xE3, 0x00, 0xC0, 0x0C, 0x00, 0x00, 0x18,
    0x00, 0x00, 0x60, 0x00, 0x00, 0xC0, 0x00, 0x03, 0x00, 0x00, 0x06, 0x00, 0x00, 0x18, 0x00, 0x00,
    0x30, 0x00, 0x00, 0xC0, 0x00, 0x01, 0x80, 0x00, 0x03, 0x00, 0x00, 0x0E, 0x00, 0x00, 0x18, 0x00,
    0x00, 0x20, 0xEC, 0xC6, 0x6F, 0x00, 0x00, 0x06, 0x00, 0x00, 0x08, 0x00, 0x00, 0x08, 0x00, 0x00,
    0x30, 0x00, 0x00, 0x60, 0xFC, 0x20, 0x83, 0x9F, 0xC0, 0x80, 0x06, 0x03, 0x00, 0x08, 0x04, 0x00,
    0x30, 0x00, 0x00, 0x60, 0x08, 0x3F, 0xF8, 0x30, 0x07, 0x00, 0x60, 0xFF, 0xE0, 0x80, 0x30, 0x00,
    0x00, 0x60, 0x01, 0x00, 0x80, 0x06, 0x00, 0x00, 0x08, 0x00, 0x00, 0x08, 0x00, 0x00, 0x30, 0x00,
    0x00, 0x7B, 0x31, 0x9B, 0x80, 0xFF, 0xFC, 0x00, 0x68, 0x0B, 0x40, 0x5B, 0x06, 0xCC, 0x66, 0x63,
    0x31, 0xB1, 0x85, 0x0C, 0x38, 0x60, 0x83, 0x0E, 0x18, 0x50, 0xC6, 0xC6, 0x63, 0x33, 0x09, 0xB0,
    0x6D, 0x01, 0x60, 0x03, 0x00, 0x1F, 0xFF, 0x80, 0x01, 0x00, 0x00, 0x20, 0x00, 0x0C, 0x00, 0x01,
    0x9F, 0xC7, 0xFF, 0xE0, 0x06, 0x00, 0x00, 0x81, 0x80, 0x10, 0x30, 0x03, 0xFF, 0x00, 0xF1, 0xF0,
    0x38, 0x23, 0x0D, 0x0C, 0x33, 0x21, 0x02, 0xC4, 0x60, 0x70, 0x98, 0x0E, 0x1E, 0x01, 0x83, 0x80,
    0x70, 0x60, 0x1B, 0x3C, 0x07, 0x3C, 0xC3, 0x80, 0x03, 0xE0, 0x00, 0x00, 0x00, 0x00, 0x00, 0x04,
    0x00, 0x00, 0x40, 0x01, 0x04, 0x00, 0x18, 0x40, 0x00, 0x84, 0x00, 0x0C, 0x40, 0x00, 0x44, 0x00,
    0x06, 0x40, 0x00, 0x64, 0x00, 0x02, 0x40, 0x00, 0x26, 0x00, 0x03, 0x60, 0x40, 0x32, 0x04, 0x03,
    0x30, 0xC0, 0x03, 0x08, 0x00, 0x19, 0x80, 0x00, 0xF0, 0x00, 0x08, 0x00, 0x1F, 0xFC, 0x00, 0x7C,
    0x00, 0x00, 0x00, 0x00, 0x00, 0x00, 0x03, 0xF8, 0x7F, 0x9E, 0x70, 0x06, 0x00, 0x03, 0x00, 0x01,
    0x00, 0x01, 0x00, 0x03, 0x00, 0x03, 0x00, 0x02, 0x00, 0x06, 0x00, 0x0C, 0x00, 0x18, 0x00, 0xF0,
    0x07, 0xC0, 0x06, 0x00, 0x00, 0x00, 0x00, 0xFC, 0x00, 0x00, 0xFE, 0x00, 0x00, 0x00, 0x00, 0x00,
    0x00, 0x00, 0x00, 0x00, 0x7E, 0x07, 0xFF, 0xC0, 0x00, 0x18, 0x00, 0x03, 0x00, 0x00, 0x60, 0x00,
    0x0C, 0x00, 0x01, 0x80, 0x00, 0x3E, 0x00, 0x07, 0x20, 0x00, 0xC3, 0x00, 0x18, 0x10, 0x03, 0x01,
    0x00, 0x70, 0x18, 0x0E, 0x00, 0xC7, 0xC0, 0x0F, 0xF0, 0x02, 0x00, 0x00, 0x10, 0x00, 0x00, 0x80,
    0x00, 0x04, 0x03, 0x00, 0x2F, 0x9C, 0x7F, 0xF0, 0x30, 0x08, 0x00, 0xC0, 0x40, 0x02, 0x02, 0x00,
    0x00, 0x10, 0x00, 0x00, 0xFF, 0xC0, 0x0F, 0x07, 0x01, 0xE0, 0x0C, 0x19, 0x00, 0x21, 0x88, 0x01,
    0x18, 0x40, 0x08, 0x82, 0x00, 0xC6, 0x10, 0x0C, 0x1D, 0x81, 0xC0, 0x7C, 0x7C, 0x00, 0x00, 0x80,
    0x00, 0x06, 0x00, 0x00, 0x18, 0x00, 0x00, 0x60, 0x00, 0x01, 0x00, 0xC0, 0x04, 0x01, 0x87, 0xFF,
    0xC2, 0x3F, 0xC1, 0x8C, 0x02, 0x06, 0x10, 0x08, 0x08, 0x60, 0x60, 0x20, 0x81, 0x80, 0x83, 0x04,
    0x06, 0x04, 0x30, 0x18, 0x00, 0xC0, 0x60, 0x02, 0x01, 0x80, 0x18, 0x04, 0x00, 0x40, 0x10, 0x03,
    0x00, 0xC0, 0x18, 0x66, 0x00, 0x61, 0xF0, 0x00, 0x00, 0x00, 0x08, 0x00, 0x80, 0x2C, 0x01, 0x80,
    0x36, 0x01, 0x80, 0x12, 0x01, 0x80, 0x18, 0x01, 0x80, 0x40, 0x01, 0x00, 0x60, 0x7F, 0xFC, 0x20,
    0x7F, 0x06, 0x30, 0x03, 0x02, 0x18, 0x02, 0x02, 0x18, 0x02, 0x02, 0x0C, 0x06, 0x02, 0x0C, 0x04,
    0x02, 0x04, 0x04, 0x02, 0x00, 0x0C, 0x06, 0x00, 0x08, 0x06, 0x00, 0x18, 0x06, 0x00, 0x10, 0x04,
    0x00, 0x30, 0x0C, 0x00, 0x21, 0x9C, 0x00, 0x61, 0xF8, 0x00, 0x00, 0xC0, 0x00, 0x30, 0x00, 0x04,
    0x11, 0xC1, 0xFC, 0x7F, 0xF8, 0x00, 0x08, 0x00, 0x02, 0x00, 0x00, 0xC2, 0xC0, 0x3F, 0xBF, 0xFF,
    0x00, 0x00, 0x80, 0x00, 0x30, 0x00, 0x04, 0x08, 0x1F, 0x86, 0x03, 0xE1, 0x00, 0x00, 0x40, 0x00,
    0x10, 0x00, 0x06, 0x00, 0x00, 0xE0, 0x30, 0x0F, 0xFC, 0x00, 0x00, 0x10, 0x01, 0x80, 0x18, 0x01,
    0x80, 0x38, 0x03, 0x00, 0x30, 0x03, 0x00, 0x30, 0x03, 0x00, 0x30, 0x00, 0xC0, 0x03, 0x00, 0x0C,
    0x00, 0x30, 0x00, 0xE0, 0x03, 0x80, 0x06, 0x00, 0x18, 0x00, 0x60, 0x01, 0x80, 0x00, 0x00, 0x20,
    0x00, 0x70, 0x00, 0xE0, 0x01, 0x80, 0x03, 0x00, 0x06, 0x04, 0x0C, 0x26, 0x38, 0x33, 0x60, 0x1B,
    0xC0, 0x18, 0xC0, 0x00, 0x40, 0x00, 0x70, 0x00, 0x18, 0x00, 0x0C, 0x00, 0x06, 0x00, 0x03, 0x00,
    0x01, 0xC0, 0x00, 0xE0, 0x00, 0x70, 0x00, 0x30, 0x00, 0x00, 0x00, 0x00, 0x7F, 0xFC, 0x00, 0x00,
    0x00, 0x00, 0x00, 0x00, 0x00, 0x00, 0x00, 0x00, 0x00, 0x00, 0x00, 0x00, 0x00, 0x00, 0xC0, 0x00,
    0x80, 0x00, 0x80, 0x00, 0x80, 0x00, 0x80, 0x00, 0xC0, 0x00, 0x70, 0x07, 0x1F, 0xFF, 0x00, 0x40,
    0x00, 0x18, 0x00, 0x06, 0x00, 0x00, 0x80, 0x00, 0x2F, 0xFF, 0xFF, 0x80, 0x01, 0x00, 0x00, 0x60,
    0x00, 0x08, 0x00, 0x03, 0x00, 0x00, 0x40, 0x00, 0x18, 0x20, 0x7F, 0x18, 0x03, 0xC6, 0x00, 0x01,
    0x00, 0x00, 0x40, 0x00, 0x18, 0x00, 0x03, 0x00, 0x00, 0xF8, 0x38, 0x0F, 0xFE, 0x00, 0x40, 0x00,
    0x20, 0x00, 0x10, 0x00, 0x08, 0x00, 0x04, 0x00, 0x02, 0x00, 0x01, 0x00, 0x00, 0x80, 0x00, 0x40,
    0x00, 0x20, 0x00, 0x10, 0x00, 0x08, 0x00, 0x04, 0x00, 0x02, 0x00, 0x01, 0x00, 0x00, 0x80, 0x02,
    0x40, 0x03, 0x20, 0x03, 0x18, 0x03, 0x06, 0x0F, 0x01, 0xFE, 0x00, 0x00, 0x08, 0x00, 0x00, 0x20,
    0x00, 0x00, 0x80, 0x00, 0x02, 0x00, 0xFF, 0xFF, 0xF9, 0x80, 0x20, 0x00, 0x00, 0x80, 0x00, 0x3E,
    0x00, 0x01, 0x98, 0x00, 0x0C, 0x30, 0x00, 0x20, 0xC0, 0x00, 0x83, 0x00, 0x02, 0x0C, 0x00, 0x0C,
    0x30, 0x00, 0x19, 0xC0, 0x00, 0x3E, 0x00, 0x00, 0x08, 0x00, 0x00, 0x60, 0x00, 0x03, 0x00, 0x00,
    0x38, 0x00, 0x03, 0x80, 0x00, 0x00, 0x00, 0x00, 0x00, 0x00, 0x80, 0x08, 0x02, 0x00, 0x20, 0x08,
    0x00, 0x80, 0x20, 0x02, 0x00, 0x80, 0x08, 0x02, 0x00, 0x21, 0xFF, 0xFF, 0xFF, 0xE0, 0xFE, 0x00,
    0x80, 0x08, 0x02, 0x00, 0x20, 0x08, 0x00, 0x80, 0x20, 0x02, 0x01, 0x80, 0x08, 0x3E, 0x00, 0x20,
    0x00, 0x00, 0x80, 0x00, 0x02, 0x00, 0x00, 0x0C, 0x00, 0x00, 0x38, 0x02, 0x00, 0x7F, 0xFC, 0x00,
    0x00, 0x00, 0x01, 0x00, 0x00, 0x08, 0x00, 0x00, 0x40, 0x00, 0x02, 0x00, 0x00, 0x3F, 0x80, 0x7F,
    0xF0, 0x00, 0x08, 0x00, 0x00, 0x40, 0x00, 0x06, 0x1F, 0xF8, 0x30, 0x00, 0x01, 0x00, 0x00, 0x08,
    0x00, 0x00, 0xC0, 0x00, 0x06, 0x00, 0x00, 0x20, 0xC0, 0x03, 0x04, 0x00, 0x18, 0x20, 0x00, 0x81,
    0x80, 0x0C, 0x0E, 0x00, 0x40, 0x3F, 0xF2, 0x00, 0x00, 0x00, 0x01, 0x00, 0x00, 0x03, 0x00, 0xB0,
    0x04, 0x01, 0xB0, 0x08, 0x01, 0x20, 0x17, 0x83, 0x5F, 0xFE, 0x00, 0x00, 0xC0, 0x00, 0x01, 0x00,
    0x00, 0x02, 0x1F, 0xF8, 0x0C, 0x00, 0x20, 0x18, 0x00, 0x00, 0x20, 0x00, 0x00, 0x40, 0x00, 0x01,
    0x80, 0x00, 0x02, 0x0C, 0x00, 0x04, 0x18, 0x00, 0x18, 0x20, 0x00, 0x20, 0x40, 0x00, 0x40, 0xC0,
    0x01, 0x80, 0xE1, 0xC2, 0x00, 0xFF, 0x80, 0x00, 0x00, 0x00, 0x02, 0x00, 0x00, 0x80, 0x00, 0x60,
    0x00, 0x18, 0x7E, 0xFF, 0xFE, 0x01, 0x00, 0x00, 0x40, 0x00, 0x30, 0x00, 0x0C, 0x00, 0x02, 0x00,
    0x00, 0x9F, 0xF0, 0x7E, 0x0E, 0x1C, 0x00, 0xC6, 0x00, 0x33, 0x00, 0x04, 0x00, 0x03, 0x00, 0x00,
    0xC0, 0x00, 0x60, 0x00, 0x38, 0x18, 0xF8, 0x07, 0xF8, 0x00, 0x00, 0x1F, 0xF7, 0xFF, 0xF8, 0xFC,
    0x0C, 0x00, 0x01, 0x00, 0x00, 0x20, 0x00, 0x06, 0x00, 0x00, 0x40, 0x00, 0x0C, 0x00, 0x00, 0xC0,
    0x00, 0x08, 0x00, 0x00, 0x80, 0x00, 0x08, 0x00, 0x00, 0x80, 0x00, 0x0C, 0x00, 0x00, 0x40, 0x00,
    0x06, 0x00, 0x00, 0x38, 0x00, 0x00, 0xF8, 0x00, 0x03, 0xC0, 0x00, 0x1F, 0xF1, 0xFF, 0xFE, 0x0F,
    0xC1, 0xC0, 0x00, 0x0C, 0x00, 0x00, 0x20, 0x30, 0x01, 0x86, 0x40, 0x04, 0x0D, 0x80, 0x30, 0x12,
    0x00, 0x80, 0x60, 0x02, 0x00, 0x00, 0x08, 0x00, 0x00, 0x20, 0x00, 0x00, 0x80, 0x00, 0x03, 0x00,
    0x00, 0x04, 0x00, 0x00, 0x18, 0x00, 0x00, 0x38, 0x00, 0x00, 0x3E, 0x00, 0x00, 0x3C, 0x00, 0x00,
    0x00, 0x60, 0x00, 0x60, 0x00, 0x20, 0x00, 0x30, 0x0E, 0x10, 0x38, 0x18, 0xF0, 0x09, 0xC0, 0x0F,
    0x00, 0x0C, 0x00, 0x38, 0x00, 0x60, 0x00, 0x40, 0x00, 0xC0, 0x00, 0x80, 0x00, 0x80, 0x00, 0xC0,
    0x00, 0xC0, 0x00, 0x70, 0x03, 0x1F, 0xFF, 0x00, 0x00, 0x01, 0x80, 0x00, 0x0C, 0x00, 0x00, 0x40,
    0x00, 0x02, 0x00, 0x00, 0x3F, 0x18, 0x7F, 0xE0, 0xE0, 0x08, 0x01, 0xC0, 0xC0, 0x03, 0x04, 0x02,
    0x00, 0x60, 0x10, 0x02, 0x00, 0x80, 0x30, 0x04, 0x01, 0x00, 0x20, 0x18, 0x01, 0x01, 0x80, 0x08,
    0x0C, 0x3F, 0xC0, 0x03, 0x83, 0xC0, 0x18, 0x17, 0x00, 0xC0, 0x8C, 0x07, 0x0C, 0x00, 0x1F, 0xC0,
    0x00, 0x60, 0x00, 0x08, 0x00, 0x01, 0x02, 0x01, 0x20, 0x7F, 0xEC, 0x00, 0x01, 0x80, 0x00, 0x30,
    0x00, 0x04, 0x00, 0x00, 0x80, 0x00, 0x10, 0x00, 0x02, 0x00, 0x00, 0x40, 0x00, 0x0B, 0x10, 0x01,
    0x42, 0x00, 0x28, 0x40, 0x07, 0x08, 0x00, 0xC1, 0xC0, 0x78, 0x1F, 0xFF, 0x00, 0x00, 0x20, 0x00,
    0x00, 0x00, 0xF8, 0x00, 0x7F, 0xF0, 0x0F, 0x67, 0x81, 0x86, 0x1C, 0x30, 0x60, 0x66, 0x04, 0x06,
    0xC0, 0x40, 0x3C, 0x0C, 0x03, 0x80, 0xC0, 0x18, 0x08, 0x01, 0x81, 0x80, 0x18, 0x18, 0x03, 0xC1,
    0x00, 0x3C, 0x30, 0x06, 0x66, 0x00, 0xC3, 0xC0, 0x18, 0x00, 0x07, 0x00, 0x03, 0xC0, 0x60, 0x02,
    0x03, 0x00, 0x10, 0x10, 0x00, 0x80, 0x80, 0x04, 0x04, 0x00, 0x2F, 0x60, 0xFF, 0xF3, 0x00, 0x08,
    0x18, 0x00, 0x40, 0x80, 0x02, 0x04, 0x00, 0x10, 0x20, 0x00, 0x81, 0x00, 0x04, 0x0B, 0x00, 0x20,
    0x50, 0x7F, 0x02, 0x86, 0x0E, 0x1C, 0x60, 0x7C, 0xE2, 0x02, 0x76, 0x18, 0x10, 0xB0, 0x73, 0x80,
    0x81, 0xF8, 0x00, 0x00, 0x00, 0x00, 0x00, 0x00, 0x30, 0x00, 0x01, 0xB0, 0x06, 0x09, 0x27, 0xFC,
    0x13, 0x4E, 0x60, 0x32, 0x01, 0x80, 0x60, 0x02, 0x00, 0xC0, 0x0C, 0x01, 0xC0, 0x30, 0x03, 0x80,
    0x60, 0x07, 0x80, 0x80, 0x0D, 0x03, 0x00, 0x1B, 0x06, 0x00, 0x33, 0x08, 0x00, 0x62, 0x10, 0x00,
    0x80, 0x20, 0x03, 0x00, 0x40, 0x06, 0x00, 0xC0, 0x18, 0x00, 0xC0, 0x60, 0x01, 0xC1, 0xC0, 0x00,
    0xFE, 0x00, 0x00, 0x00, 0x40, 0x00, 0x01, 0xC0, 0x00, 0x06, 0xC0, 0x00, 0x18, 0xC0, 0x00, 0x60,
    0xC0, 0x01, 0x80, 0xC0, 0x02, 0x00, 0xC0, 0x08, 0x00, 0xC0, 0x30, 0x00, 0x80, 0xC0, 0x01, 0x81,
    0x00, 0x01, 0x80, 0x00, 0x01, 0x80, 0x00, 0x01, 0x80, 0x00, 0x01, 0x80, 0x00, 0x01, 0x00, 0x00,
    0x00, 0x30, 0x00, 0x02, 0x20, 0x00, 0x06, 0x60, 0x06, 0x06, 0x40, 0x1E, 0x0C, 0xC0, 0x62, 0x08,
    0x01, 0x86, 0x00, 0x06, 0x06, 0x00, 0x08, 0x06, 0x00, 0x30, 0x06, 0x00, 0xC0, 0x06, 0x03, 0x00,
    0x06, 0x0C, 0x00, 0x06, 0x00, 0x00, 0x06, 0x00, 0x00, 0x06, 0x00, 0x00, 0x0E, 0x00, 0x00, 0x0C,
    0x00, 0x00, 0x00, 0x00, 0x40, 0x00, 0x10, 0x00, 0x04, 0x01, 0x81, 0x1E, 0x7F, 0xFF, 0x80, 0x10,
    0x00, 0x04, 0x00, 0x01, 0x00, 0x00, 0x43, 0x9F, 0xFF, 0xE0, 0x04, 0x00, 0x01, 0x00, 0x00, 0x40,
    0x00, 0x10, 0x01, 0xFE, 0x01, 0xE3, 0xE0, 0x60, 0x4E, 0x10, 0x10, 0xC4, 0x04, 0x1D, 0xC7, 0x00,
    0x1F, 0x80, 0x00, 0x00, 0x00, 0x00, 0x7F, 0xE0, 0x00, 0x01, 0x80, 0x00, 0x0C, 0x00, 0x00, 0x30,
    0x00, 0x00, 0x80, 0x00, 0x06, 0x02, 0x00, 0x10, 0x08, 0x07, 0xF8, 0x20, 0x7A, 0xFD, 0x83, 0x18,
    0x3E, 0x18, 0x40, 0x38, 0xC3, 0x00, 0x7B, 0x08, 0x03, 0x38, 0x60, 0x0C, 0x31, 0x00, 0x60, 0xCC,
    0x01, 0x81, 0xE0, 0x0C, 0x00, 0x00, 0xE0, 0x00, 0x06, 0x00, 0x00, 0x10, 0x00, 0x02, 0x00, 0x00,
    0x10, 0x00, 0x00, 0x80, 0x00, 0x04, 0xE3, 0x0F, 0xFE, 0x0C, 0x01, 0x00, 0x30, 0x08, 0x00, 0xC0,
    0x40, 0x02, 0x1E, 0x00, 0x01, 0xB0, 0x00, 0x18, 0x80, 0x00, 0x84, 0x00, 0x04, 0x20, 0x00, 0x21,
    0x00, 0x01, 0x18, 0x01, 0x0D, 0xC0, 0x08, 0x3C, 0x00, 0x40, 0x20, 0x02, 0x01, 0x00, 0x30, 0x0E,
    0x0F, 0x80, 0x3F, 0xF0, 0x00, 0x00, 0x0C, 0x01, 0x00, 0xC0, 0x10, 0x08, 0x01, 0x00, 0x80, 0x19,
    0xFF, 0x00, 0xF9, 0xB8, 0x1C, 0x10, 0xC3, 0xC3, 0x06, 0x34, 0x30, 0x36, 0x62, 0x03, 0xC2, 0x60,
    0x3C, 0x34, 0x01, 0x81, 0xC0, 0x18, 0x18, 0x03, 0x83, 0xC0, 0x3C, 0x64, 0x06, 0xEE, 0x00, 0xC7,
    0x80, 0x18, 0x00, 0x0F, 0x00, 0x03, 0xC0, 0x01, 0x00, 0x00, 0x20, 0x00, 0x04, 0x00, 0x00, 0x80,
    0x07, 0x10, 0x00, 0x7F, 0xF0, 0x00, 0xC0, 0x00, 0x18, 0x00, 0x03, 0x00, 0x00, 0x40, 0x33, 0x88,
    0x03, 0x3F, 0xFC, 0x20, 0x20, 0x06, 0x04, 0x00, 0x41, 0x80, 0x08, 0x30, 0x01, 0x02, 0x00, 0x20,
    0x40, 0x0C, 0x0C, 0x03, 0x00, 0xE3, 0xC0, 0x0F, 0xE0, 0x00, 0x80, 0x00, 0x20, 0x00, 0x08, 0x00,
    0x02, 0x00, 0x00, 0x80, 0x00, 0x20, 0xE0, 0x0F, 0xF8, 0x02, 0x00, 0x00, 0x80, 0x00, 0x20, 0x00,
    0x08, 0x00, 0x02, 0x00, 0x00, 0x80, 0x00, 0x20, 0x03, 0xFE, 0x03, 0x83, 0xE0, 0x80, 0x8E, 0x20,
    0x21, 0xCC, 0x08, 0x1B, 0x8E, 0x00, 0x3F, 0x00, 0x00, 0x08, 0x00, 0x07, 0xC0, 0x00, 0x7F, 0x00,
    0x01, 0x82, 0x00, 0x01, 0x00, 0x00, 0x80, 0x00, 0x40, 0x00, 0x60, 0x00, 0x30, 0xFE, 0x19, 0xF3,
    0xCF, 0x80, 0x67, 0x00, 0x1B, 0x00, 0x05, 0x00, 0x02, 0x00, 0x03, 0x00, 0x01, 0x80, 0x01, 0x80,
    0x03, 0x81, 0xFF, 0x00, 0xFC, 0x00, 0x60, 0x01, 0x80, 0x06, 0x3E, 0x11, 0x8C, 0x4C, 0x19, 0x60,
    0x37, 0x00, 0xF8, 0x01, 0xE0, 0x07, 0x00, 0x1C, 0x00, 0x70, 0x01, 0xC0, 0x07, 0x00, 0x34, 0x00,
    0xC0, 0x06, 0x00, 0x18, 0x00, 0xC0, 0x0E, 0x01, 0xE0, 0x1E, 0x00, 0x00, 0x06, 0x07, 0xFF, 0x80,
    0x00, 0xE0, 0x00, 0x60, 0x00, 0x30, 0x00, 0x18, 0x00, 0x0C, 0x00, 0x06, 0x00, 0x07, 0xFE, 0x03,
    0xC1, 0xE1, 0xC0, 0x18, 0xC0, 0x03, 0x60, 0x00, 0x50, 0x00, 0x10, 0x3E, 0x04, 0x18, 0xC3, 0x04,
    0x18, 0xC1, 0x02, 0x60, 0x79, 0xF0, 0x07, 0xF0, 0x00, 0x00, 0x00, 0x03, 0x00, 0x00, 0x03, 0x00,
    0x00, 0x03, 0x00, 0x00, 0x03, 0x03, 0x00, 0x7F, 0x9F, 0xC0, 0x7B, 0x30, 0x40, 0x03, 0xE0, 0x40,
    0x03, 0x80, 0x40, 0x07, 0x00, 0x40, 0x07, 0x00, 0x40, 0x0F, 0x00, 0x40, 0x1F, 0x00, 0xC0, 0x1A,
    0x00, 0xC0, 0x32, 0x00, 0xC0, 0x62, 0x00, 0xC0, 0xC2, 0x00, 0x80, 0xC2, 0x00, 0x82, 0x02, 0x00,
    0xC6, 0x03, 0x00, 0xFC, 0x07, 0x00, 0x00, 0x00, 0x00, 0x00, 0x0C, 0x00, 0x00, 0x30, 0x00, 0x00,
    0xC0, 0x00, 0x03, 0x00, 0x01, 0xFE, 0x04, 0x07, 0xB1, 0xFE, 0x00, 0xDC, 0x0E, 0x03, 0xC0, 0x18,
    0x1E, 0x00, 0x30, 0x70, 0x00, 0xC3, 0xC0, 0x01, 0x1E, 0x00, 0x04, 0x68, 0x00, 0x33, 0x20, 0x00,
    0xD8, 0x80, 0x06, 0xC2, 0x00, 0x3B, 0x08, 0x01, 0xC0, 0x20, 0x3C, 0x00, 0xC1, 0xC0, 0x07, 0x00,
    0x00, 0x00, 0x80, 0x00, 0x18, 0x00, 0x01, 0x80, 0x04, 0x13, 0xF0, 0x7F, 0xFE, 0x00, 0x30, 0x00,
    0x06, 0x00, 0x00, 0x40, 0x00, 0x0F, 0xE0, 0x71, 0xE7, 0x1C, 0x18, 0x1F, 0x03, 0x03, 0x80, 0x60,
    0x70, 0x04, 0x1D, 0x00, 0x03, 0x10, 0x00, 0x61, 0x00, 0x06, 0x10, 0x00, 0x40, 0x00, 0x06, 0x00,
    0x00, 0x38, 0x0C, 0x01, 0xFF, 0xC0, 0x00, 0x60, 0x00, 0x02, 0x00, 0x00, 0x30, 0x00, 0x01, 0x00,
    0x00, 0x18, 0x00, 0x00, 0x80, 0x00, 0x0C, 0x00, 0x00, 0xC0, 0x00, 0x04, 0x00, 0x00, 0x7F, 0x00,
    0x03, 0x8C, 0x00, 0x38, 0x20, 0x01, 0x81, 0x00, 0x18, 0x08, 0x04, 0x80, 0x40, 0x6C, 0x02, 0x02,
    0x40, 0x10, 0x36, 0x00, 0xC3, 0x30, 0x07, 0x71, 0x00, 0x1F, 0x00, 0x00, 0x00, 0x3F, 0xFF, 0xE0,
    0x00, 0x18, 0x00, 0x0C, 0x00, 0x86, 0x00, 0x23, 0x00, 0x09, 0xC0, 0x06, 0x40, 0x01, 0x80, 0x00,
    0x60, 0x00, 0x10, 0x00, 0x0C, 0x00, 0x06, 0x00, 0x03, 0x80, 0x01, 0xC0, 0x00, 0xC0, 0x00, 0x00,
    0x00, 0x0F, 0xFF, 0xFF, 0x00, 0x00, 0x20, 0x00, 0x06, 0x00, 0x40, 0xC0, 0x04, 0x18, 0x00, 0x43,
    0x00, 0x04, 0x60, 0x00, 0x4C, 0x00, 0x0C, 0x00, 0x00, 0xC0, 0x00, 0x0C, 0x00, 0x00, 0x80, 0x00,
    0x18, 0x00, 0x01, 0x00, 0x00, 0x30, 0x00, 0x06, 0x00, 0x01, 0xC0, 0x00, 0x30, 0x00, 0x00, 0x00,
    0x01, 0x00, 0x03, 0x00, 0x0E, 0x00, 0x1C, 0x00, 0x30, 0x00, 0xE0, 0x03, 0xC0, 0x0F, 0x40, 0x3C,
    0x40, 0xE0, 0x40, 0x00, 0x40, 0x00, 0x40, 0x00, 0x40, 0x00, 0x40, 0x00, 0x40, 0x00, 0x40, 0x00,
    0x40, 0x00, 0x00, 0x60, 0x00, 0x18, 0x00, 0x06, 0x00, 0x01, 0x80, 0x00, 0x60, 0x00, 0x38, 0x00,
    0x0C, 0x00, 0x07, 0x80, 0x03, 0x90, 0x03, 0xC2, 0x01, 0xE0, 0x40, 0x20, 0x08, 0x00, 0x01, 0x00,
    0x00, 0x20, 0x00, 0x04, 0x00, 0x00, 0x80, 0x00, 0x10, 0x00, 0x02, 0x00, 0x00, 0x40, 0x00, 0x08,
    0x00, 0x00, 0x80, 0x00, 0x20, 0x00, 0x08, 0x00, 0x02, 0x00, 0xFF, 0xFF, 0xFF, 0xFF, 0xF8, 0x00,
    0x0A, 0x00, 0x02, 0x80, 0x00, 0xA0, 0x00, 0x68, 0x00, 0x12, 0x00, 0x04, 0x00, 0x03, 0x00, 0x00,
    0x80, 0x00, 0x60, 0x00, 0x30, 0x00, 0x18, 0x00, 0x1C, 0x00, 0x1C, 0x00, 0x3E, 0x00, 0x04, 0x00,
    0x00, 0x3F, 0xFF, 0xF3, 0xFF, 0xFF, 0x80, 0x08, 0x00, 0x00, 0x40, 0x00, 0x02, 0x00, 0x00, 0x10,
    0x00, 0x00, 0x80, 0x00, 0x04, 0x00, 0x00, 0x20, 0x00, 0x01, 0x00, 0x00, 0x08, 0x00, 0x00, 0x40,
    0x00, 0x02, 0x00, 0x00, 0x10, 0x03, 0xFF, 0xFF, 0xFF, 0xFF, 0xFF, 0x00, 0x20, 0x00, 0x38, 0x00,
    0x0C, 0x00, 0x06, 0x0F, 0xFF, 0xFF, 0xFF, 0xFC, 0x01, 0xC0, 0x01, 0xE0, 0x01, 0xB0, 0x01, 0x98,
    0x01, 0x8C, 0x01, 0x86, 0x01, 0x83, 0x03, 0x81, 0x83, 0x00, 0xC0, 0x00, 0x60, 0x03, 0xF0, 0x00,
    0x00, 0x00, 0x00, 0x04, 0x00, 0x00, 0x70, 0x00, 0x01, 0x80, 0x00, 0x0C, 0x00, 0x00, 0x60, 0x3F,
    0xFF, 0xFD, 0xFF, 0xFF, 0xE0, 0x01, 0xC0, 0x00, 0x1E, 0x00, 0x01, 0xB0, 0x00, 0x19, 0x80, 0x01,
    0x8C, 0x00, 0x18, 0x60, 0x01, 0x83, 0x00, 0x18, 0x18, 0x03, 0x80, 0xC0, 0x70, 0x06, 0x03, 0x00,
    0x30, 0x00, 0x01, 0x80, 0x01, 0xF8, 0x00, 0x00, 0x00, 0x00, 0x00, 0x80, 0x00, 0x10, 0x00, 0x02,
    0x00, 0x00, 0x40, 0x00, 0x08, 0x01, 0xFF, 0xFF, 0x80, 0x20, 0x10, 0x0C, 0x02, 0x01, 0x80, 0x40,
    0x30, 0x08, 0x04, 0x01, 0x01, 0x80, 0x20, 0x30, 0x0C, 0x04, 0x01, 0x81, 0x80, 0x30, 0x60, 0x06,
    0x0C, 0x00, 0x83, 0x00, 0x11, 0xC0, 0x06, 0x70, 0x1F, 0x80, 0x00, 0x00, 0x00, 0x00, 0x00, 0x10,
    0x00, 0x01, 0x80, 0x00, 0x18, 0x00, 0x00, 0x8F, 0x80, 0x3F, 0xE0, 0xFF, 0x80, 0x0E, 0x0C, 0x00,
    0x00, 0xC0, 0x00, 0x04, 0x00, 0x00, 0x40, 0x20, 0x04, 0xFE, 0x03, 0xFE, 0x0F, 0xFE, 0x00, 0xE0,
    0x20, 0x00, 0x02, 0x00, 0x00, 0x20, 0x00, 0x03, 0x00, 0x00, 0x30, 0x00, 0x01, 0x00, 0x00, 0x10,
    0x00, 0x00, 0xC0, 0x00, 0x10, 0x00, 0x06, 0x00, 0x00, 0x80, 0x00, 0x3F, 0xFC, 0x0C, 0x00, 0x81,
    0x00, 0x30, 0x60, 0x04, 0x38, 0x01, 0x8E, 0x00, 0x23, 0x00, 0x0C, 0x00, 0x01, 0x00, 0x00, 0x60,
    0x00, 0x18, 0x00, 0x06, 0x00, 0x01, 0x80, 0x00, 0x60, 0x00, 0x38, 0x00, 0x0E, 0x00, 0x0F, 0x00,
    0x01, 0x80, 0x00, 0x7F, 0xFF, 0xC0, 0x00, 0x30, 0x00, 0x0C, 0x00, 0x03, 0x00, 0x00, 0xC0, 0x00,
    0x30, 0x00, 0x0C, 0x00, 0x03, 0x00, 0x00, 0xC0, 0x00, 0x30, 0x00, 0x0C, 0x00, 0x03, 0x00, 0x00,
    0xC0, 0x00, 0x30, 0x00, 0x0F, 0xFF, 0xFF, 0x00, 0x00, 0xC0, 0x00, 0x30, 0x00, 0x01, 0x00, 0x08,
    0x04, 0x00, 0x20, 0x10, 0x00, 0x80, 0x40, 0x02, 0x01, 0x00, 0x08, 0x04, 0x0F, 0xFF, 0xFF, 0xC0,
    0x80, 0x40, 0x02, 0x01, 0x00, 0x08, 0x04, 0x00, 0x20, 0x10, 0x00, 0x80, 0x40, 0x02, 0x03, 0x00,
    0x08, 0x0C, 0x00, 0x00, 0x30, 0x00, 0x01, 0x80, 0x00, 0x06, 0x00, 0x00, 0x30, 0x00, 0x03, 0x80,
    0x00, 0x1C, 0x00, 0x00, 0x40, 0x00, 0x00, 0x00, 0x08, 0x04, 0x02, 0x58, 0x08, 0x04, 0x90, 0x10,
    0x09, 0xB0, 0x20, 0x11, 0x60, 0x40, 0x20, 0x00, 0x80, 0x40, 0x7F, 0xFF, 0xFE, 0x02, 0x01, 0x00,
    0x04, 0x02, 0x00, 0x08, 0x04, 0x00, 0x10, 0x08, 0x00, 0x20, 0x30, 0x00, 0x40, 0x60, 0x00, 0x80,
    0xC0, 0x00, 0x01, 0x00, 0x00, 0x06, 0x00, 0x00, 0x08, 0x00, 0x00, 0x30, 0x00, 0x01, 0xC0, 0x00,
    0x0E, 0x00, 0x00, 0x08, 0x00, 0x00, 0x08, 0x00, 0x00, 0xE0, 0x00, 0x03, 0x00, 0x00, 0x1C, 0x00,
    0x00, 0x80, 0x00, 0x00, 0x00, 0xC0, 0x00, 0x27, 0x00, 0x03, 0x1C, 0x00, 0x60, 0xC0, 0x0C, 0x00,
    0x01, 0x80, 0x00, 0x30, 0x00, 0x06, 0x00, 0x00, 0xC0, 0x00, 0x38, 0x00, 0x07, 0x00, 0x01, 0xC0,
    0x01, 0xF0, 0x00, 0x78, 0x00, 0x00, 0x00, 0x00, 0x00, 0x00, 0x00, 0x10, 0x00, 0xC0, 0x60, 0x11,
    0x00, 0xE0, 0x66, 0x01, 0xC0, 0xC8, 0x01, 0x03, 0x00, 0x00, 0x00, 0x18, 0x00, 0x00, 0x70, 0x00,
    0x10, 0x70, 0x00, 0xC0, 0x60, 0x06, 0x00, 0x00, 0x30, 0x00, 0x01, 0x80, 0x00, 0x0C, 0x00, 0x00,
    0x60, 0x00, 0x03, 0x00, 0x00, 0x38, 0x00, 0x03, 0x80, 0x00, 0x78, 0x00, 0x0F, 0x80, 0x00, 0x30,
    0x00, 0x00, 0x3F, 0xFF, 0x00, 0x00, 0x60, 0x00, 0x0C, 0x00, 0x01, 0x00, 0x00, 0x60, 0x00, 0x18,
    0x00, 0x02, 0x00, 0x00, 0xC0, 0x00, 0x30, 0x00, 0x0E, 0x00, 0x03, 0x70, 0x00, 0xC3, 0x00, 0x30,
    0x30, 0x0C, 0x07, 0x07, 0x00, 0x63, 0x80, 0x06, 0xE0, 0x00, 0x60, 0x00, 0x00, 0x00, 0x00, 0x00,
    0x00, 0x00, 0xC0, 0x00, 0x09, 0x80, 0x00, 0x32, 0x00, 0x00, 0x68, 0xFF, 0xFE, 0x80, 0x00, 0x18,
    0x00, 0x00, 0x40, 0x00, 0x03, 0x00, 0x00, 0x18, 0x00, 0x00, 0x60, 0x00, 0x03, 0x00, 0x00, 0x08,
    0x00, 0x00, 0x60, 0x00, 0x03, 0x80, 0x00, 0x1B, 0x00, 0x00, 0xC6, 0x00, 0x0E, 0x0C, 0x00, 0x60,
    0x18, 0x03, 0x00, 0x30, 0x38, 0x00, 0x63, 0x80, 0x00, 0xC0, 0x00, 0x00, 0x00, 0x01, 0x00, 0x00,
    0x08, 0x00, 0x00, 0x40, 0x00, 0x02, 0x00, 0x00, 0x10, 0x07, 0x80, 0x87, 0xF8, 0x07, 0xF0, 0xCF,
    0xF0, 0x0C, 0x71, 0x00, 0x40, 0x08, 0x06, 0x00, 0x40, 0x60, 0x02, 0x06, 0x00, 0x10, 0x20, 0x00,
    0x80, 0x00, 0x04, 0x00, 0x00, 0x20, 0x00, 0x01, 0x00, 0x00, 0x0E, 0x03, 0x80, 0x3F, 0xFC, 0x00,
    0xC0, 0x00, 0x18, 0x00, 0x06, 0x00, 0x00, 0xC0, 0x00, 0x3F, 0xFC, 0x04, 0x00, 0x81, 0x80, 0x30,
    0x60, 0x04, 0x18, 0x01, 0x86, 0x60, 0x33, 0x87, 0x0C, 0x40, 0x31, 0x00, 0x03, 0xE0, 0x00, 0x18,
    0x00, 0x07, 0x80, 0x01, 0x9C, 0x00, 0x60, 0x00, 0x18, 0x00, 0x0E, 0x00, 0x07, 0x00, 0x03, 0x80,
    0x00, 0x00, 0x00, 0x10, 0x00, 0x02, 0x60, 0x0C, 0x0D, 0x80, 0x20, 0x1B, 0x01, 0x80, 0x20, 0x0F,
    0xFF, 0x00, 0x20, 0x04, 0x01, 0x80, 0x30, 0x0C, 0x00, 0x80, 0x60, 0x06, 0x03, 0x30, 0x18, 0x18,
    0x70, 0x40, 0xC0, 0xE3, 0x00, 0x00, 0xF8, 0x00, 0x01, 0xC0, 0x00, 0x03, 0x80, 0x00, 0x1B, 0x00,
    0x01, 0xC6, 0x00, 0x0C, 0x00, 0x00, 0xE0, 0x00, 0x0F, 0x00, 0x00, 0xF0, 0x00, 0x00, 0x00, 0x00,
    0x00, 0x00, 0x01, 0xC0, 0x03, 0xFE, 0x0F, 0xFE, 0x00, 0x00, 0x40, 0x00, 0x02, 0x00, 0x00, 0x10,
    0x00, 0x00, 0x80, 0x00, 0x04, 0x00, 0xFF, 0xFF, 0xF8, 0x01, 0x00, 0x00, 0x08, 0x00, 0x00, 0x40,
    0x00, 0x06, 0x00, 0x00, 0x30, 0x00, 0x03, 0x00, 0x00, 0x18, 0x00, 0x01, 0x80, 0x00, 0x18, 0x00,
    0x03, 0x80, 0x00, 0x10, 0x00, 0x00, 0x02, 0x00, 0x82, 0x03, 0xC3, 0x02, 0xC1, 0x02, 0x41, 0x86,
    0x61, 0x84, 0x20, 0x0C, 0x00, 0x08, 0x00, 0x18, 0x00, 0x30, 0x00, 0x60, 0x00, 0xC0, 0x01, 0x80,
    0x07, 0x00, 0x1C, 0x00, 0x10, 0x00, 0x0F, 0xFF, 0xC0, 0x00, 0x00, 0x00, 0x00, 0x00, 0x00, 0x00,
    0x00, 0x00, 0x00, 0x00, 0x00, 0x03, 0xFF, 0xFF, 0xE0, 0x02, 0x00, 0x00, 0x30, 0x00, 0x01, 0x80,
    0x00, 0x0C, 0x00, 0x00, 0x60, 0x00, 0x02, 0x00, 0x00, 0x30, 0x00, 0x01, 0x80, 0x00, 0x18, 0x00,
    0x01, 0x80, 0x00, 0x38, 0x00, 0x01, 0x00, 0x00, 0x00, 0x00, 0x00, 0x00, 0x00, 0x30, 0x00, 0x03,
    0x30, 0x00, 0x03, 0x61, 0xFF, 0xF3, 0x40, 0x00, 0x06, 0x00, 0x00, 0x00, 0x00, 0x00, 0x00, 0x00,
    0x00, 0x00, 0x00, 0x00, 0x03, 0xFF, 0xFF, 0xC7, 0xFF, 0xFF, 0xC0, 0x02, 0x00, 0x00, 0x04, 0x00,
    0x00, 0x18, 0x00, 0x00, 0x30, 0x00, 0x00, 0x60, 0x00, 0x00, 0x80, 0x00, 0x03, 0x00, 0x00, 0x04,
    0x00, 0x00, 0x18, 0x00, 0x00, 0xE0, 0x00, 0x03, 0x00, 0x00, 0x04, 0x00, 0x00, 0xC0, 0x06, 0x00,
    0x30, 0x01, 0x80, 0x0C, 0x00, 0x60, 0x03, 0x00, 0x1F, 0x00, 0xDF, 0x06, 0x1E, 0x30, 0x1F, 0x80,
    0x3C, 0x00, 0x60, 0x03, 0x00, 0x18, 0x00, 0xC0, 0x06, 0x00, 0x30, 0x01, 0x80, 0x00, 0xC0, 0x03,
    0x00, 0x6C, 0x0D, 0xB0, 0x13, 0xC0, 0x67, 0x00, 0x8C, 0x00, 0x38, 0x00, 0xFC, 0x03, 0x3E, 0x0C,
    0x1E, 0x30, 0x0E, 0xC0, 0x0B, 0x00, 0x0C, 0x00, 0x30, 0x00, 0xC0, 0x03, 0x00, 0x0C, 0x00, 0x30,
    0x00, 0x00, 0x10, 0x00, 0x00, 0x40, 0x00, 0x01, 0x00, 0x00, 0x04, 0x00, 0x00, 0x10, 0x00, 0x00,
    0x40, 0x07, 0xFF, 0xFF, 0x80, 0x04, 0x00, 0x00, 0x10, 0x00, 0x00, 0x40, 0x00, 0x03, 0x00, 0x00,
    0x0C, 0x00, 0x00, 0x20, 0x00, 0x01, 0x80, 0x00, 0x06, 0x00, 0x00, 0x30, 0x00, 0x01, 0x80, 0x00,
    0x0C, 0x00, 0x00, 0xE0, 0x00, 0x03, 0x00, 0x00, 0x3F, 0xFF, 0xC0, 0x00, 0x00, 0x00, 0x00, 0x00,
    0x00, 0x00, 0x00, 0x00, 0x00, 0x00, 0x00, 0x00, 0x00, 0x00, 0x00, 0x00, 0x00, 0x00, 0x00, 0x00,
    0x00, 0x00, 0x00, 0x00, 0x00, 0x00, 0x00, 0x00, 0x0F, 0xFF, 0xFF, 0x00, 0x20, 0x00, 0x01, 0x00,
    0x00, 0x08, 0x00, 0x00, 0x40, 0x03, 0xFF, 0xFC, 0x00, 0x00, 0x60, 0x00, 0x06, 0x00, 0x00, 0x60,
    0x00, 0x0E, 0x00, 0x00, 0xE0, 0x00, 0x0C, 0x00, 0x01, 0xC4, 0x00, 0x3A, 0x38, 0x0F, 0x10, 0x63,
    0xE0, 0x81, 0xC8, 0x04, 0x02, 0x00, 0x20, 0x00, 0x01, 0x00, 0x00, 0x08, 0x00, 0x00, 0x40, 0x00,
    0x02, 0x00, 0x00, 0x01, 0x04, 0x00, 0x18, 0x30, 0x00, 0xC0, 0x80, 0x04, 0x06, 0x00, 0x20, 0x10,
    0x03, 0x00, 0xC0, 0x10, 0x02, 0x00, 0x80, 0x18, 0x0C, 0x00, 0xC0, 0x40, 0x02, 0x06, 0x00, 0x18,
    0x30, 0x00, 0x43, 0x00, 0x03, 0x10, 0x00, 0x19, 0x80, 0x00, 0x58, 0x00, 0x03, 0x40, 0x00, 0x10,
    0x00, 0x00, 0x10, 0x00, 0x03, 0x60, 0x00, 0x0C, 0x80, 0x01, 0x1B, 0x03, 0x04, 0x20, 0x08, 0x18,
    0x00, 0x20, 0x20, 0x01, 0x80, 0xC0, 0x06, 0x01, 0x00, 0x10, 0x06, 0x00, 0x40, 0x08, 0x03, 0x00,
    0x30, 0x08, 0x00, 0xC0, 0x60, 0x01, 0x01, 0x00, 0x06, 0x0C, 0x00, 0x08, 0x20, 0x00, 0x31, 0x80,
    0x00, 0xCC, 0x00, 0x01, 0x30, 0x00, 0x04, 0x00, 0x00, 0x78, 0x00, 0x03, 0x30, 0x00, 0x08, 0x40,
    0x81, 0x21, 0x02, 0x04, 0xCC, 0x08, 0x19, 0xE0, 0x20, 0x20, 0x01, 0x80, 0xC0, 0x04, 0x01, 0x00,
    0x10, 0x06, 0x00, 0xC0, 0x08, 0x03, 0x00, 0x30, 0x08, 0x00, 0xC0, 0x60, 0x01, 0x01, 0x00, 0x06,
    0x0C, 0x00, 0x08, 0x20, 0x00, 0x31, 0x80, 0x00, 0xCC, 0x00, 0x01, 0x30, 0x00, 0x04, 0xC0, 0x00,
    0xC0, 0x00, 0xC0, 0x00, 0xC0, 0x00, 0xC0, 0x06, 0xC0, 0x3C, 0xC1, 0xF0, 0xCF, 0x80, 0xF8, 0x00,
    0xC0, 0x00, 0xC0, 0x00, 0xC0, 0x00, 0xC0, 0x00, 0xC0, 0x00, 0xC0, 0x00, 0xC0, 0x00, 0xC0, 0x00,
    0x70, 0x1F, 0x3F, 0xFF, 0x00, 0x01, 0x98, 0x00, 0x93, 0x00, 0x1B, 0x60, 0x01, 0x2C, 0x00, 0x31,
    0x80, 0x08, 0x30, 0x07, 0x06, 0x07, 0x80, 0xCF, 0x80, 0x1F, 0x80, 0x03, 0x80, 0x00, 0x60, 0x00,
    0x0C, 0x00, 0x01, 0x80, 0x00, 0x30, 0x00, 0x06, 0x00, 0x00, 0xC0, 0x00, 0x18, 0x00, 0x01, 0x80,
    0x0C, 0x3F, 0xFF, 0x80, 0x00, 0x00, 0x00, 0x00, 0x7F, 0xFF, 0xC0, 0x00, 0x60, 0x00, 0x30, 0x00,
    0x10, 0x00, 0x08, 0x00, 0x0C, 0x00, 0x04, 0x00, 0x06, 0x00, 0x03, 0x00, 0x03, 0x00, 0x03, 0x00,
    0x01, 0x00, 0x03, 0x80, 0x03, 0x80, 0x07, 0x00, 0x0F, 0x00, 0x0E, 0x00, 0x00, 0x00, 0x00, 0x20,
    0x00, 0x09, 0x80, 0x00, 0x64, 0x00, 0x01, 0xB0, 0x00, 0x04, 0x3F, 0xFF, 0xE0, 0x00, 0x03, 0x00,
    0x00, 0x18, 0x00, 0x00, 0x80, 0x00, 0x04, 0x00, 0x00, 0x60, 0x00, 0x02, 0x00, 0x00, 0x30, 0x00,
    0x01, 0x80, 0x00, 0x18, 0x00, 0x01, 0x80, 0x00, 0x0C, 0x00, 0x00, 0xC0, 0x00, 0x1C, 0x00, 0x03,
    0x80, 0x00, 0x78, 0x00, 0x0F, 0x00, 0x00, 0x00, 0x00, 0x00, 0x00, 0x00, 0x78, 0x00, 0x03, 0x30,
    0x00, 0x08, 0x7F, 0xFF, 0xF3, 0x7F, 0xFF, 0xF8, 0x00, 0x02, 0x00, 0x00, 0x08, 0x00, 0x00, 0x60,
    0x00, 0x01, 0x80, 0x00, 0x04, 0x00, 0x00, 0x30, 0x00, 0x00, 0x80, 0x00, 0x06, 0x00, 0x00, 0x30,
    0x00, 0x00, 0xC0, 0x00, 0x06, 0x00, 0x00, 0x70, 0x00, 0x03, 0x00, 0x00, 0x78, 0x00, 0x07, 0x80,
    0x00, 0x08, 0x00, 0x00, 0x00, 0x00, 0xF0, 0x00, 0x06, 0x60, 0x00, 0x18, 0x80, 0x30, 0x42, 0x01,
    0xF1, 0x98, 0x0C, 0x63, 0xC0, 0x60, 0xC0, 0x03, 0x03, 0x00, 0x18, 0x06, 0x00, 0xC0, 0x0C, 0x06,
    0x00, 0x18, 0x38, 0x00, 0x30, 0x40, 0x00, 0x60, 0x00, 0x00, 0xC0, 0x00, 0x01, 0x80, 0x00, 0x03,
    0x00, 0x00, 0x04, 0x00, 0x20, 0x00, 0x01, 0x00, 0x00, 0x08, 0x00, 0x00, 0x40, 0x00, 0x02, 0x00,
    0x7F, 0xFF, 0xF8, 0x00, 0x80, 0x00, 0x04, 0x00, 0x00, 0x20, 0x00, 0x01, 0x00, 0x03, 0x08, 0x60,
    0x18, 0x41, 0x81, 0x82, 0x06, 0x18, 0x10, 0x30, 0x80, 0x80, 0xCC, 0x04, 0x02, 0xC0, 0x20, 0x18,
    0x01, 0x00, 0x00, 0x08, 0x00, 0x07, 0xC0, 0x00, 0x00, 0x00, 0x00, 0x00, 0x00, 0x10, 0x00, 0x82,
    0x60, 0x02, 0x0D, 0x80, 0x08, 0x1B, 0x00, 0x20, 0x20, 0x00, 0x80, 0x0F, 0xFF, 0xFF, 0x00, 0x08,
    0x00, 0x00, 0x20, 0x00, 0x00, 0x80, 0x00, 0x42, 0x10, 0x03, 0x08, 0x60, 0x18, 0x20, 0xC0, 0x60,
    0x81, 0x83, 0x02, 0x06, 0x18, 0x08, 0x0C, 0xC0, 0x20, 0x12, 0x00, 0x80, 0x40, 0x02, 0x00, 0x00,
    0x98, 0x00, 0x03, 0xE0, 0x00, 0x00, 0x00, 0x70, 0x00, 0x06, 0xC0, 0x08, 0x22, 0x00, 0x41, 0xB0,
    0x02, 0x07, 0x00, 0x10, 0x00, 0x00, 0x80, 0x1F, 0xFF, 0xFE, 0x00, 0x20, 0x00, 0x01, 0x00, 0x00,
    0x08, 0x00, 0x08, 0x40, 0x00, 0xC2, 0x18, 0x0C, 0x10, 0x60, 0x60, 0x81, 0x86, 0x04, 0x04, 0x60,
    0x20, 0x36, 0x01, 0x00, 0xA0, 0x08, 0x04, 0x00, 0x40, 0x00, 0x26, 0x00, 0x01, 0xF0, 0x00, 0x00,
    0x00, 0x03, 0xFF, 0xFF, 0xC0, 0x00, 0x0C, 0x00, 0x00, 0x60, 0x00, 0x06, 0x00, 0x00, 0x60, 0x00,
    0x06, 0x00, 0x00, 0x60, 0x0E, 0x03, 0x00, 0x18, 0x70, 0x00, 0x66, 0x00, 0x01, 0xE0, 0x00, 0x06,
    0x00, 0x00, 0x18, 0x00, 0x00, 0x60, 0x00, 0x01, 0x80, 0x00, 0x06, 0x00, 0x00, 0x10, 0x00, 0x00,
    0x40, 0x00, 0x02, 0x00, 0x00, 0x30, 0x00, 0x01, 0x80, 0x00, 0x08, 0x00, 0x00, 0xC0, 0x00, 0x06,
    0x00, 0x00, 0x20, 0x00, 0x03, 0x00, 0x00, 0x18, 0x18, 0x00, 0x80, 0x60, 0x0C, 0x03, 0x00, 0x60,
    0x0C, 0x02, 0x00, 0x20, 0x30, 0x01, 0x81, 0x80, 0xFC, 0x1F, 0xFF, 0xB7, 0xFC, 0x00, 0x80, 0x00,
    0x06, 0x00, 0x00, 0x10, 0x00, 0x01, 0x00, 0x00, 0x30, 0x00, 0x04, 0x00, 0x01, 0x81, 0x00, 0x20,
    0x38, 0x0C, 0x01, 0x81, 0x00, 0x1C, 0x60, 0x00, 0xC8, 0x00, 0x0F, 0x00, 0x00, 0xC0, 0x00, 0x3E,
    0x00, 0x0C, 0xE0, 0x03, 0x06, 0x00, 0xC0, 0x60, 0x30, 0x06, 0x1C, 0x00, 0x47, 0x00, 0x03, 0x80,
    0x00, 0x00, 0x00, 0x00, 0x3F, 0xFF, 0xC3, 0xFF, 0xFC, 0x00, 0x80, 0x00, 0x08, 0x00, 0x00, 0x80,
    0x00, 0x08, 0x00, 0x00, 0x80, 0x00, 0x08, 0x00, 0xFF, 0xFF, 0xF0, 0x08, 0x00, 0x00, 0x80, 0x00,
    0x08, 0x00, 0x00, 0x80, 0x00, 0x08, 0x00, 0x00, 0x80, 0x00, 0x08, 0x00, 0x00, 0xE0, 0x60, 0x07,
    0xFE, 0x0C, 0x00, 0x03, 0x00, 0x00, 0x40, 0x00, 0x10, 0x1E, 0x07, 0xFF, 0x8F, 0xF0, 0x4F, 0xA0,
    0x30, 0x0C, 0x18, 0x03, 0x0C, 0x00, 0x46, 0x00, 0x10, 0x00, 0x06, 0x00, 0x01, 0x80, 0x00, 0x20,
    0x00, 0x0C, 0x00, 0x03, 0x00, 0x00, 0x40, 0x00, 0x04, 0x00, 0x00, 0x20, 0x00, 0x01, 0x80, 0x00,
    0x0C, 0x00, 0x00, 0x20, 0x0F, 0x01, 0x9F, 0xF8, 0x1F, 0xE0, 0x9F, 0xE0, 0x0C, 0xE1, 0x00, 0xC0,
    0x0C, 0x0C, 0x00, 0x60, 0xC0, 0x01, 0x0C, 0x00, 0x0C, 0x00, 0x00, 0x60, 0x00, 0x01, 0x00, 0x00,
    0x08, 0x00, 0x00, 0x60, 0x00, 0x03, 0x00, 0x00, 0x08, 0x00, 0x00, 0x40, 0x00, 0x03, 0x00, 0x00,
    0x00, 0x00, 0x03, 0xFF, 0xC0, 0x00, 0x08, 0x00, 0x03, 0x00, 0x00, 0x60, 0x00, 0x0C, 0x00, 0x01,
    0x80, 0x00, 0x20, 0x00, 0x04, 0x00, 0x00, 0x80, 0x00, 0x30, 0x3F, 0xFF, 0xF7, 0xFF, 0xFC, 0x00,
    0x00, 0x00, 0xFF, 0xFC, 0x00, 0x00, 0x20, 0x00, 0x01, 0x00, 0x00, 0x18, 0x00, 0x00, 0xC0, 0x00,
    0x06, 0x00, 0x00, 0x30, 0x00, 0x01, 0x00, 0x00, 0x08, 0x00, 0x00, 0x40, 0x00, 0x06, 0x00, 0x00,
    0x30, 0x00, 0x01, 0x83, 0xFF, 0xFF, 0xFF, 0xFF, 0xFF, 0x00, 0x01, 0xFF, 0xF8, 0x00, 0x10, 0x00,
    0x20, 0x00, 0x40, 0x00, 0x80, 0x01, 0x3F, 0xFE, 0x00, 0x04, 0x00, 0x08, 0x00, 0x10, 0x00, 0x20,
    0x00, 0x5F, 0xFF, 0x80, 0x01, 0x00, 0x00, 0x00, 0x03, 0xFF, 0xF0, 0x00, 0x00, 0x00, 0x00, 0x00,
    0x00, 0x00, 0x00, 0x00, 0x3F, 0xFF, 0xF8, 0x00, 0x02, 0x00, 0x00, 0xC0, 0x00, 0x18, 0x00, 0x02,
    0x00, 0x00, 0xC0, 0x00, 0x30, 0x00, 0x06, 0x00, 0x01, 0x80, 0x00, 0xE0, 0x00, 0x38, 0x00, 0x3C,
    0x00, 0x1E, 0x00, 0x00, 0x00, 0x00, 0x80, 0x0C, 0x00, 0x60, 0x03, 0x00, 0x18, 0x00, 0xC0, 0x06,
    0x00, 0x30, 0x01, 0x80, 0x0C, 0x00, 0x60, 0x07, 0x00, 0x30, 0x01, 0x80, 0x08, 0x00, 0xC0, 0x0C,
    0x00, 0xC0, 0x1C, 0x03, 0xC0, 0x10, 0x00, 0x04, 0x10, 0x00, 0x20, 0x80, 0x01, 0x04, 0x00, 0x08,
    0x20, 0x00, 0x41, 0x00, 0x02, 0x08, 0x00, 0x10, 0x40, 0x00, 0x82, 0x00, 0x04, 0x10, 0x00, 0x20,
    0x80, 0x01, 0x04, 0x00, 0x18, 0x20, 0x10, 0xC1, 0x01, 0x84, 0x08, 0x18, 0x60, 0x41, 0x82, 0x02,
    0x38, 0x30, 0x13, 0x03, 0x00, 0xF0, 0x30, 0x06, 0x00, 0x00, 0x00, 0x00, 0x80, 0x00, 0x80, 0x00,
    0x80, 0x00, 0x80, 0x00, 0x80, 0x00, 0x80, 0x00, 0x80, 0x00, 0x80, 0x00, 0x80, 0x00, 0x80, 0x01,
    0x80, 0x03, 0x80, 0x06, 0x80, 0x0C, 0x80, 0x38, 0x80, 0x60, 0x81, 0xC0, 0x8F, 0x00, 0xFC, 0x00,
    0xE0, 0x00, 0xFF, 0xFF, 0xF8, 0x00, 0x0F, 0x00, 0x01, 0xE0, 0x00, 0x3C, 0x00, 0x07, 0x80, 0x00,
    0xF0, 0x00, 0x1E, 0x00, 0x03, 0xC0, 0x00, 0x78, 0x00, 0x0F, 0x00, 0x01, 0xE0, 0x00, 0x3C, 0x00,
    0x07, 0x80, 0x00, 0xF0, 0x00, 0x1F, 0xFF, 0xFF, 0xC0, 0x00, 0x68, 0x00, 0x08, 0x00, 0x00, 0x0F,
    0xFF, 0xFD, 0x00, 0x01, 0x20, 0x00, 0x24, 0x00, 0x04, 0x80, 0x00, 0x90, 0x00, 0x32, 0x00, 0x06,
    0x40, 0x00, 0x80, 0x00, 0x30, 0x00, 0x04, 0x00, 0x01, 0x80, 0x00, 0x60, 0x00, 0x18, 0x00, 0x06,
    0x00, 0x01, 0x80, 0x00, 0xE0, 0x00, 0x70, 0x00, 0x08, 0x00, 0x00, 0x40, 0x00, 0x0C, 0x00, 0x00,
    0xE0, 0x00, 0x06, 0x00, 0x00, 0x60, 0x02, 0x06, 0x00, 0xC0, 0x00, 0x10, 0x00, 0x06, 0x00, 0x01,
    0x80, 0x00, 0x60, 0x00, 0x18, 0x00, 0x06, 0x00, 0x01, 0x80, 0x00, 0xE0, 0x00, 0x38, 0x00, 0x3C,
    0x00, 0x3E, 0x00, 0x1E, 0x00, 0x00, 0x00, 0x00, 0x00, 0x00, 0x00, 0x07, 0xFF, 0xFF, 0xC0, 0xFF,
    0xFF, 0xFE, 0x00, 0x80, 0x00, 0x01, 0x00, 0x00, 0x02, 0x00, 0x00, 0x04, 0x00, 0x00, 0x08, 0x00,
    0x00, 0x10, 0x00, 0x00, 0x20, 0x00, 0x00, 0x40, 0x7F, 0x00, 0x9F, 0xE0, 0x0F, 0xF0, 0x03, 0xFE,
    0x00, 0x02, 0x04, 0x00, 0x00, 0x08, 0x00, 0x00, 0x10, 0x00, 0x00, 0x20, 0x00, 0x00, 0x40, 0x00,
    0x00, 0x80, 0x00, 0x01, 0x00, 0x08, 0x02, 0x00, 0x10, 0x04, 0x00, 0x60, 0x0C, 0x00, 0xC0, 0x1F,
    0xFF, 0x00, 0x7F, 0xFF, 0xF8, 0x00, 0x00, 0x00, 0x00, 0x00, 0x00, 0x00, 0x00, 0x00, 0x00, 0x00,
    0x00, 0x00, 0x00, 0x00, 0x00, 0x00, 0x00, 0x00, 0x1F, 0xFF, 0xE0, 0x00, 0x00, 0x00, 0x00, 0x00,
    0x00, 0x00, 0x00, 0x00, 0x00, 0x00, 0x00, 0x00, 0x00, 0x00, 0x00, 0x00, 0x00, 0x00, 0x00, 0x00,
    0x03, 0xFF, 0xFF, 0xF0, 0x00, 0x20, 0x00, 0x00, 0xC0, 0x00, 0x01, 0x80, 0x00, 0x03, 0x00, 0x00,
    0x06, 0x00, 0x00, 0x0C, 0x00, 0x00, 0x18, 0x00, 0x00, 0x30, 0x00, 0x00, 0x60, 0x00, 0x00, 0xFF,
    0xF0, 0x01, 0x80, 0x00, 0x03, 0x00, 0x00, 0x06, 0x00, 0x00, 0x0C, 0x00, 0x00, 0x18, 0x00, 0x00,
    0x30, 0x00, 0x00, 0x60, 0x00, 0x00, 0xC0, 0x00, 0x01, 0x80, 0x00, 0x03, 0x00, 0x00, 0x06, 0x00,
    0x1F, 0xFF, 0xFF, 0xFF, 0xFF, 0xFF, 0x00, 0x00, 0x00, 0x01, 0xFF, 0xFF, 0xFC, 0x00, 0x40, 0x00,
    0x00, 0x80, 0x00, 0x01, 0x00, 0x00, 0x02, 0x00, 0x00, 0x04, 0x00, 0x00, 0x0E, 0x00, 0x00, 0x17,
    0x00, 0x00, 0x23, 0x80, 0x00, 0x41, 0x80, 0x00, 0x81, 0xC0, 0x01, 0x00, 0x80, 0x02, 0x00, 0x00,
    0x04, 0x00, 0x00, 0x08, 0x00, 0x00, 0x10, 0x00, 0x00, 0x20, 0x00, 0x00, 0x40, 0x00, 0x00, 0x80,
    0x00, 0x01, 0x00, 0x00, 0x02, 0x00, 0x00, 0x7F, 0xFF, 0xFC, 0x00, 0x18, 0x00, 0x00, 0x20, 0x00,
    0x00, 0xC0, 0x00, 0x03, 0x00, 0x00, 0x0E, 0x00, 0x00, 0x35, 0x80, 0x00, 0xC9, 0xC0, 0x03, 0x10,
    0xC0, 0x0C, 0x20, 0xE0, 0x30, 0x40, 0x61, 0xC0, 0x80, 0x6E, 0x01, 0x00, 0x70, 0x02, 0x00, 0x00,
    0x04, 0x00, 0x00, 0x08, 0x00, 0x00, 0x10, 0x00, 0x00, 0x20, 0x00, 0x00, 0x40, 0x00, 0x00, 0x80,
    0x00, 0x01, 0x00, 0x00, 0x00, 0x20, 0x00, 0x00, 0x80, 0x00, 0x06, 0x00, 0x0F, 0xFF, 0xFE, 0x00,
    0x40, 0x00, 0x03, 0x00, 0x00, 0x08, 0x00, 0x00, 0x20, 0x00, 0xFF, 0xFF, 0xFC, 0x04, 0x00, 0x00,
    0x30, 0x00, 0x00, 0xC0, 0x00, 0x03, 0xFF, 0xF0, 0x00, 0x01, 0x80, 0x00, 0x0C, 0x00, 0x00, 0x60,
    0x00, 0x03, 0x00, 0x0C, 0x18, 0x00, 0x1C, 0xC0, 0x00, 0x1E, 0x00, 0x00, 0x0E, 0x00, 0x00, 0x0E,
    0x00, 0x00, 0x18, 0x00, 0x00, 0x00, 0x01, 0xFF, 0xFF, 0xFC, 0x00, 0x40, 0x00, 0x00, 0x80, 0x00,
    0x01, 0x00, 0x00, 0x02, 0x00, 0x0F, 0xFF, 0xFF, 0x10, 0x08, 0x06, 0x20, 0x10, 0x0C, 0x4C, 0x21,
    0x18, 0x98, 0x43, 0x31, 0x30, 0x86, 0x62, 0x61, 0x0C, 0xC4, 0xC2, 0x19, 0x89, 0x84, 0x33, 0x13,
    0x08, 0x66, 0x27, 0xFF, 0xCC, 0x4F, 0xFF, 0x18, 0x80, 0x00, 0x31, 0x00, 0x00, 0x62, 0x00, 0x00,
    0xC4, 0x00, 0x1F, 0x00, 0x00, 0x00, 0x30, 0x00, 0xFF, 0xE0, 0xFF, 0xF8, 0x00, 0x00, 0x80, 0x00,
    0x01, 0x00, 0x00, 0x02, 0x00, 0x0F, 0xFF, 0xFE, 0x00, 0x08, 0x00, 0x00, 0x10, 0x00, 0x00, 0x20,
    0x00, 0x00, 0x40, 0x00, 0x00, 0x80, 0x0F, 0xFF, 0xFF, 0xE0, 0x0C, 0x00, 0x00, 0x30, 0x00, 0x00,
    0x40, 0xC0, 0x01, 0x80, 0xC0, 0x06, 0x00, 0xC0, 0x18, 0x01, 0x80, 0x60, 0x01, 0x81, 0xFF, 0xFF,
    0x83, 0xFE, 0x01, 0x00, 0x00, 0x03, 0x00, 0x00, 0x00, 0x00, 0x00, 0x00, 0xFF, 0xFF, 0xFC, 0x02,
    0x0C, 0x00, 0x04, 0x18, 0x00, 0x08, 0x20, 0x00, 0x10, 0x40, 0x0F, 0xFF, 0xFF, 0x10, 0x41, 0x06,
    0x21, 0x82, 0x0C, 0x43, 0x04, 0x18, 0x86, 0x1C, 0x31, 0x0E, 0x38, 0x62, 0x16, 0x58, 0xC4, 0x65,
    0x99, 0x88, 0x8B, 0x13, 0x13, 0x0C, 0x36, 0x2C, 0x10, 0x2C, 0x50, 0x60, 0x18, 0x80, 0x00, 0x31,
    0x00, 0x00, 0x62, 0x00, 0x00, 0xC4, 0x00, 0x1F, 0x80, 0x00, 0x18, 0x00, 0x00, 0x20, 0x00, 0x00,
    0xE0, 0x00, 0x03, 0x60, 0x00, 0x0C, 0x60, 0x00, 0x30, 0x60, 0x00, 0xC0, 0x60, 0x03, 0x08, 0x60,
    0x0C, 0x10, 0x60, 0x70, 0x20, 0x73, 0x80, 0x40, 0x3E, 0x00, 0x80, 0x30, 0x01, 0x00, 0x00, 0x02,
    0x00, 0x00, 0x04, 0x00, 0x00, 0x08, 0x00, 0x00, 0x10, 0x00, 0x00, 0x20, 0x00, 0x00, 0x40, 0x00,
    0x00, 0x80, 0x00, 0x01, 0x00, 0x00, 0x02, 0x00, 0x00, 0x04, 0x00, 0x00, 0x00, 0x20, 0x00, 0x01,
    0x00, 0x00, 0x08, 0x00, 0x00, 0x40, 0x00, 0x02, 0x00, 0x7F, 0xFF, 0xFF, 0x00, 0x80, 0x78, 0x04,
    0x03, 0xC0, 0x20, 0x1E, 0x01, 0x00, 0xF0, 0x08, 0x07, 0x80, 0x40, 0x3C, 0x02, 0x01, 0xFF, 0xFF,
    0xFF, 0x00, 0x80, 0x78, 0x04, 0x03, 0x00, 0x20, 0x00, 0x01, 0x00, 0x00, 0x08, 0x00, 0x00, 0x40,
    0x00, 0x02, 0x00, 0x00, 0x10, 0x00, 0x00, 0x80, 0x00, 0x00, 0x20, 0x00, 0x01, 0x00, 0x00, 0x08,
    0x00, 0x7F, 0xFF, 0xC2, 0x02, 0x02, 0x10, 0x10, 0x10, 0x80, 0x80, 0x84, 0x04, 0x04, 0x20, 0x20,
    0x21, 0xFF, 0xFF, 0x00, 0x08, 0x00, 0x00, 0x40, 0x0F, 0xFF, 0xFF, 0xE0, 0x10, 0x0F, 0x00, 0x80,
    0x78, 0x04, 0x03, 0xC0, 0x20, 0x1F, 0xFF, 0xFF, 0xF0, 0x08, 0x06, 0x00, 0x40, 0x00, 0x02, 0x00,
    0x00, 0x10, 0x00, 0x00, 0x80, 0x00, 0x00, 0x20, 0x00, 0x30, 0x80, 0x00, 0x42, 0x00, 0x01, 0x88,
    0x00, 0x03, 0x20, 0x00, 0x00, 0x80, 0x07, 0xFF, 0xFF, 0xC0, 0x18, 0x03, 0x00, 0x60, 0x0C, 0x01,
    0x80, 0x30, 0x04, 0x00, 0xC0, 0x13, 0x03, 0x00, 0xC4, 0x0C, 0x02, 0x18, 0x30, 0x18, 0x30, 0x80,
    0x40, 0x62, 0x03, 0x01, 0x88, 0x18, 0x00, 0x60, 0xC0, 0x01, 0x86, 0x00, 0x06, 0x30, 0x00, 0x19,
    0x80, 0x00, 0x40, 0x00, 0x7F, 0x00, 0x00, 0x00, 0x00, 0x40, 0x00, 0x00, 0xC0, 0x00, 0x00, 0xC0,
    0x00, 0x00, 0xC0, 0x00, 0x00, 0xC0, 0x07, 0xFF, 0xFF, 0x9F, 0xFF, 0xFF, 0x00, 0x08, 0x00, 0x00,
    0x10, 0x00, 0x00, 0x20, 0x00, 0x00, 0x40, 0x00, 0x00, 0x80, 0x00, 0x01, 0x00, 0x07, 0xFF, 0xFF,
    0x00, 0x04, 0x00, 0x00, 0x08, 0x00, 0x00, 0x10, 0x00, 0x00, 0x20, 0x00, 0x00, 0x40, 0x00, 0x00,
    0x80, 0x00, 0x01, 0x00, 0x1F, 0xFF, 0xFF, 0xDF, 0xFF, 0xFF, 0x00, 0x00, 0x20, 0x00, 0x00, 0x60,
    0x00, 0x40, 0x40, 0x40, 0x80, 0xC1, 0x81, 0x81, 0x82, 0x01, 0x01, 0x0C, 0x03, 0x02, 0x10, 0x02,
    0x00, 0x60, 0x06, 0x00, 0x80, 0x06, 0x03, 0x00, 0x04, 0x04, 0x00, 0x0C, 0x18, 0x00, 0x0C, 0x60,
    0x00, 0x0D, 0x80, 0x00, 0x0E, 0x00, 0x00, 0x1C, 0x00, 0x00, 0x6C, 0x00, 0x01, 0x8C, 0x00, 0x0E,
    0x0C, 0x00, 0x30, 0x0E, 0x01, 0xC0, 0x07, 0x0E, 0x00, 0x03, 0xB0, 0x00, 0x01, 0x80, 0xFF, 0xFF,
    0xE0, 0x00, 0x02, 0x00, 0x00, 0x20, 0x00, 0x02, 0x18, 0x00, 0x20, 0xE0, 0x02, 0x07, 0x00, 0x20,
    0x18, 0x02, 0x00, 0xC0, 0x20, 0x06, 0x02, 0x00, 0x00, 0x20, 0x00, 0x32, 0x00, 0x1E, 0x20, 0x0F,
    0x82, 0x07, 0xC0, 0x23, 0xE0, 0x06, 0xE0, 0x00, 0x60, 0x00, 0x06, 0x00, 0x00, 0x60, 0x00, 0x04,
    0x00, 0x0F, 0xC0, 0x00, 0x00, 0x00, 0x20, 0x00, 0x00, 0x40, 0x40, 0x00, 0x80, 0xC0, 0x01, 0x00,
    0xE0, 0x02, 0x00, 0x67, 0xFF, 0xFC, 0x40, 0x08, 0x08, 0x00, 0x10, 0x10, 0x00, 0x20, 0x20, 0x00,
    0x40, 0x40, 0x00, 0x80, 0x87, 0xFF, 0xFF, 0xFF, 0xFF, 0xFF, 0xE0, 0x04, 0x00, 0xC0, 0x08, 0x01,
    0x80, 0x10, 0x03, 0x00, 0x20, 0x0C, 0x00, 0x40, 0x18, 0x00, 0x80, 0x30, 0x01, 0x0F, 0xE0, 0x02,
    0x00, 0x00, 0x04, 0x00, 0x00, 0x08, 0x00, 0x00, 0xFF, 0xFF, 0xF0, 0x00, 0x06, 0x00, 0x00, 0xC0,
    0x00, 0x18, 0x00, 0x07, 0x00, 0x00, 0xC0, 0x00, 0x38, 0x00, 0x02, 0x00, 0x00, 0x20, 0x00, 0x02,
    0x00, 0x00, 0x20, 0x00, 0x02, 0x00, 0x00, 0x20, 0x00, 0x02, 0x00, 0x00, 0x20, 0x00, 0x02, 0x00,
    0x00, 0x20, 0x00, 0x02, 0x00, 0x00, 0x20, 0x00, 0x02, 0x00, 0x0F, 0xE0, 0x00, 0x00, 0x00, 0x00,
    0x00, 0x20, 0x00, 0x00, 0x40, 0x07, 0xFF, 0xFF, 0xF0, 0x01, 0x00, 0x00, 0x02, 0x00, 0x07, 0xFF,
    0xFC, 0x08, 0x08, 0x08, 0x10, 0x10, 0x10, 0x3F, 0xFF, 0xE0, 0x00, 0x40, 0x00, 0x00, 0x80, 0x03,
    0xFF, 0xFF, 0x00, 0x02, 0x03, 0x00, 0x04, 0x06, 0x00, 0x08, 0x0C, 0xFF, 0xFF, 0xFE, 0x00, 0x20,
    0x30, 0x00, 0x40, 0x61, 0xFF, 0xFF, 0xC0, 0x01, 0x01, 0x00, 0x02, 0x00, 0x00, 0x04, 0x00, 0x01,
    0xF8, 0x00, 0x00, 0x00, 0x00, 0x1F, 0xFF, 0xF8, 0x00, 0x00, 0x00, 0x00, 0x00, 0x00, 0x00, 0x00,
    0x00, 0x00, 0x00, 0x00, 0x00, 0x00, 0x00, 0x00, 0x00, 0x00, 0x00, 0x00, 0x00, 0x00, 0x00, 0x00,
    0x00, 0x00, 0x00, 0x00, 0x00, 0x00, 0x00, 0x00, 0x00, 0x00, 0x00, 0x00, 0x00, 0x00, 0x00, 0x00,
    0x3F, 0xFF, 0xFF, 0x3F, 0xFF, 0xF8, 0x00, 0x20, 0x00, 0x00, 0x40, 0x00, 0x00, 0x80, 0x00, 0x01,
    0x00, 0x00, 0x02, 0x00, 0x00, 0x04, 0x00, 0x00, 0x08, 0x00, 0xFF, 0xFF, 0xFE, 0x00, 0x20, 0x00,
    0x00, 0x40, 0x00, 0x00, 0x80, 0x00, 0x01, 0x00, 0x00, 0x02, 0x00, 0x00, 0x04, 0x00, 0x00, 0x08,
    0x00, 0x00, 0x10, 0x00, 0x00, 0x20, 0x00, 0x00, 0x40, 0x00, 0x00, 0x80, 0x00, 0x3F, 0x00, 0x00,
    0x1F, 0xFF, 0xF8, 0x7F, 0xFF, 0xF0, 0x00, 0x80, 0x00, 0x01, 0x00, 0x00, 0x06, 0x00, 0x00, 0x0C,
    0x00, 0x00, 0x18, 0x00, 0x00, 0x20, 0x00, 0x0F, 0xFF, 0xE0, 0x00, 0x80, 0xC0, 0x01, 0x01, 0x80,
    0x06, 0x03, 0x00, 0x0C, 0x06, 0x00, 0x10, 0x0C, 0x00, 0x20, 0x10, 0x00, 0x40, 0x20, 0x01, 0x80,
    0x40, 0x03, 0x00, 0x81, 0xFF, 0xFF, 0xFB, 0xFF, 0xFF, 0xF0, 0x00, 0x10, 0x00, 0x00, 0x60, 0x00,
    0x00, 0xE0, 0x00, 0x03, 0x60, 0x00, 0x0C, 0x60, 0x00, 0x70, 0x70, 0x01, 0x80, 0x30, 0x06, 0x30,
    0x30, 0x38, 0x30, 0x39, 0xC0, 0x30, 0x1E, 0x00, 0x30, 0x18, 0x00, 0x20, 0x00, 0x00, 0x00, 0x03,
    0xFF, 0xFE, 0x00, 0x00, 0x18, 0x00, 0x00, 0x20, 0x00, 0x00, 0xC0, 0x00, 0x03, 0x00, 0x00, 0x0C,
    0x00, 0x00, 0x30, 0x00, 0x00, 0xC0, 0x00, 0x01, 0x00, 0x00, 0x06, 0x00, 0x00, 0x00, 0x00, 0x00,
    0x00, 0x00, 0x04, 0x03, 0x00, 0x08, 0x06, 0x00, 0x10, 0x0C, 0x00, 0x20, 0x18, 0x00, 0x40, 0x20,
    0x01, 0x80, 0x40, 0x03, 0x00, 0x80, 0x06, 0x01, 0x00, 0x0C, 0x06, 0x00, 0x1C, 0x0C, 0x00, 0x2C,
    0x18, 0x00, 0x4C, 0x38, 0x01, 0x98, 0xD0, 0x03, 0x19, 0xA0, 0x04, 0x12, 0x60, 0x18, 0x3C, 0x40,
    0x30, 0x10, 0xC0, 0x40, 0x60, 0xC1, 0x81, 0x80, 0x86, 0x02, 0x01, 0x88, 0x1C, 0x01, 0xF0, 0x30,
    0x01, 0x80, 0x01, 0x01, 0x00, 0x03, 0x01, 0x00, 0x02, 0x21, 0x00, 0x06, 0x21, 0x00, 0x04, 0x21,
    0x04, 0x0C, 0x21, 0x1C, 0x18, 0x21, 0x7C, 0x18, 0x23, 0xC4, 0x38, 0x3F, 0x04, 0x68, 0x79, 0x04,
    0xCB, 0xE1, 0x04, 0x0B, 0x21, 0x04, 0x08, 0x21, 0x04, 0x08, 0x21, 0x04, 0x08, 0x21, 0x04, 0x08,
    0x21, 0x3C, 0x08, 0x21, 0x78, 0x08, 0x21, 0x00, 0x08, 0x20, 0x03, 0x08, 0x20, 0x03, 0x08, 0x20,
    0x02, 0x08, 0x20, 0x02, 0x08, 0x3F, 0xFE, 0x00, 0x00, 0x82, 0x18, 0x04, 0x10, 0x60, 0x20, 0x81,
    0x01, 0x04, 0x0C, 0x08, 0x20, 0x30, 0xC1, 0x00, 0x86, 0x08, 0x04, 0x30, 0x40, 0x01, 0x82, 0x00,
    0x08, 0x10, 0x00, 0x40, 0x80, 0x06, 0x04, 0x00, 0x20, 0x20, 0x03, 0x01, 0x06, 0x18, 0x08, 0xE1,
    0xE0, 0x5C, 0x09, 0x87, 0x80, 0xC6, 0x30, 0x0C, 0x18, 0x01, 0xC0, 0x60, 0x38, 0x01, 0x83, 0x80,
    0x0C, 0x00, 0x00, 0x00, 0x06, 0x02, 0x00, 0x08, 0xC4, 0x00, 0x31, 0x08, 0x00, 0x42, 0x10, 0x01,
    0x8C, 0x20, 0x02, 0x1F, 0xFF, 0x0C, 0x20, 0x80, 0x18, 0xC1, 0x00, 0x71, 0x82, 0x01, 0xA6, 0x04,
    0x06, 0x48, 0x08, 0x00, 0x80, 0x10, 0x01, 0x00, 0x20, 0x02, 0x7F, 0xFF, 0x84, 0x00, 0x80, 0x08,
    0x01, 0x00, 0x10, 0x02, 0x00, 0x20, 0x04, 0x00, 0x40, 0x08, 0x00, 0x80, 0x10, 0x01, 0x00, 0x20,
    0x02, 0x00, 0x40, 0x04, 0x00, 0x80, 0x00, 0x81, 0x00, 0x00, 0xC0, 0x80, 0x00, 0x40, 0x40, 0x00,
    0x60, 0x20, 0x00, 0x20, 0x10, 0x00, 0x30, 0x08, 0x00, 0x30, 0x04, 0x00, 0x1B, 0xFF, 0xFE, 0x1C,
    0x03, 0x80, 0x1A, 0x03, 0xE0, 0x19, 0x01, 0x50, 0x08, 0x81, 0xAC, 0x00, 0x40, 0x93, 0x00, 0x20,
    0xC9, 0x80, 0x10, 0xC4, 0x60, 0x08, 0x42, 0x18, 0x04, 0x61, 0x04, 0x02, 0x60, 0x83, 0x01, 0x60,
    0x40, 0xC0, 0xA0, 0x20, 0x00, 0x40, 0x10, 0x00, 0x20, 0x08, 0x00, 0x10, 0x04, 0x00, 0x00, 0x18,
    0x00, 0x00, 0x30, 0x00, 0x00, 0xF0, 0x00, 0x03, 0x70, 0x00, 0x0C, 0x30, 0x00, 0x70, 0x30, 0x01,
    0xC0, 0x38, 0x0E, 0x00, 0x38, 0x3F, 0xFF, 0xDD, 0xC0, 0x00, 0x0C, 0x00, 0x00, 0x00, 0x00, 0x00,
    0x00, 0x00, 0x00, 0x0F, 0xFF, 0xFF, 0x80, 0x10, 0x00, 0x00, 0x60, 0x00, 0x01, 0x81, 0x80, 0x06,
    0x01, 0x80, 0x18, 0x01, 0x80, 0x60, 0x03, 0x01, 0x9F, 0xFF, 0x07, 0xFE, 0x03, 0x00, 0x00, 0x02,
    0x00, 0x03, 0x03, 0x00, 0x03, 0x03, 0x00, 0x02, 0x02, 0x00, 0x06, 0xFF, 0xFE, 0x04, 0x06, 0x00,
    0x0C, 0x04, 0x00, 0x18, 0x04, 0x00, 0x18, 0x0C, 0x00, 0x39, 0xFF, 0xFF, 0x68, 0x08, 0x00, 0xC8,
    0x18, 0x00, 0x88, 0x18, 0x00, 0x08, 0x10, 0x00, 0x08, 0x3F, 0xF8, 0x08, 0x00, 0x18, 0x08, 0x00,
    0x30, 0x08, 0x00, 0x60, 0x08, 0x08, 0xC0, 0x08, 0x0E, 0x80, 0x08, 0x03, 0x80, 0x08, 0x01, 0x80,
    0x08, 0x00, 0xC0, 0x08, 0x00, 0x60, 0x03, 0x06, 0x00, 0x04, 0x0C, 0x00, 0x18, 0x08, 0x00, 0x20,
    0x18, 0x00, 0xC0, 0x00, 0x01, 0x1F, 0xFF, 0x86, 0x00, 0x00, 0x1C, 0x00, 0x00, 0x38, 0x20, 0x30,
    0xD0, 0x40, 0x63, 0x20, 0xC0, 0x84, 0x41, 0x81, 0x00, 0x81, 0x06, 0x01, 0x02, 0x0C, 0x02, 0x04,
    0x18, 0x04, 0x0C, 0x20, 0x08, 0x18, 0x40, 0x10, 0x31, 0x80, 0x20, 0x23, 0x00, 0x40, 0x44, 0x00,
    0x80, 0x08, 0x01, 0x3F, 0xFF, 0xC2, 0x00, 0x00, 0x00, 0x00, 0x00, 0x00, 0x06, 0x18, 0x00, 0x08,
    0x18, 0x00, 0x30, 0x10, 0x00, 0x40, 0x30, 0x01, 0x80, 0x20, 0x02, 0x7F, 0xFF, 0x8C, 0x01, 0x00,
    0x18, 0x02, 0x00, 0x70, 0x04, 0x01, 0xA0, 0x08, 0x06, 0x40, 0x10, 0x08, 0x80, 0x20, 0x01, 0x00,
    0x40, 0x02, 0x3F, 0xFF, 0x04, 0x01, 0x00, 0x08, 0x02, 0x00, 0x10, 0x04, 0x00, 0x20, 0x08, 0x00,
    0x40, 0x10, 0x00, 0x80, 0x20, 0x01, 0x00, 0x40, 0x02, 0xFF, 0xFF, 0x84, 0xFF, 0xFE, 0x01, 0x01,
    0x00, 0x01, 0x80, 0x80, 0x00, 0x80, 0x40, 0x00, 0xC0, 0x20, 0x00, 0x60, 0x10, 0x00, 0x60, 0x08,
    0x00, 0x27, 0xFF, 0xFC, 0x30, 0x0F, 0x00, 0x38, 0x07, 0xC0, 0x1C, 0x02, 0xA0, 0x1A, 0x03, 0x58,
    0x09, 0x03, 0x24, 0x00, 0x81, 0x93, 0x00, 0x41, 0x88, 0xC0, 0x21, 0x84, 0x60, 0x10, 0x82, 0x18,
    0x08, 0xC1, 0x06, 0x04, 0xDF, 0xFD, 0x82, 0x40, 0x40, 0x41, 0x00, 0x20, 0x00, 0x80, 0x10, 0x00,
    0x40, 0x08, 0x00, 0x20, 0x04, 0x00, 0x00, 0x00, 0x00, 0x00, 0x04, 0x00, 0x00, 0x07, 0x00, 0x00,
    0x06, 0xC0, 0x00, 0x06, 0x30, 0x00, 0x06, 0x0C, 0x00, 0x0E, 0x03, 0x80, 0x0C, 0x00, 0x60, 0x1F,
    0xFF, 0xFC, 0x1D, 0xFF, 0xF3, 0x98, 0x02, 0x00, 0x40, 0x01, 0x00, 0x00, 0x00, 0x80, 0x00, 0x00,
    0x40, 0x00, 0xFF, 0xFF, 0xF8, 0x00, 0x10, 0x00, 0x00, 0x08, 0x00, 0x00, 0x84, 0x60, 0x00, 0xC2,
    0x1C, 0x00, 0xC1, 0x03, 0x00, 0xC0, 0x80, 0xC1, 0xC0, 0x40, 0x30, 0x80, 0x20, 0x08, 0x01, 0xF0,
    0x00, 0x01, 0x00, 0x00, 0x03, 0x08, 0x00, 0x02, 0x18, 0x00, 0x06, 0x10, 0x00, 0x04, 0x3F, 0xFE,
    0x0C, 0x3F, 0xFE, 0x18, 0x66, 0x00, 0x18, 0x46, 0x00, 0x38, 0xC6, 0x00, 0x69, 0x86, 0x00, 0xC9,
    0x07, 0xFE, 0x88, 0x06, 0x00, 0x08, 0x06, 0x00, 0x08, 0x06, 0x00, 0x08, 0x06, 0x00, 0x08, 0x07,
    0xFE, 0x08, 0x06, 0x00, 0x08, 0x06, 0x00, 0x08, 0x06, 0x00, 0x08, 0x06, 0x00, 0x08, 0x06, 0x00,
    0x08, 0x06, 0x00, 0x08, 0x06, 0x00, 0x03, 0x01, 0x00, 0x03, 0x01, 0x00, 0x06, 0x01, 0x00, 0x07,
    0xFF, 0xFF, 0x0C, 0x01, 0x00, 0x08, 0x01, 0x00, 0x18, 0x01, 0x00, 0x38, 0xFF, 0xFC, 0x28, 0x81,
    0x04, 0x68, 0x81, 0x04, 0xC8, 0x81, 0x04, 0x08, 0x81, 0x04, 0x08, 0x81, 0x04, 0x08, 0xFF, 0xFC,
    0x08, 0x83, 0x00, 0x08, 0xC3, 0x00, 0x08, 0x62, 0x00, 0x08, 0x36, 0x00, 0x08, 0x1C, 0x00, 0x08,
    0x0E, 0x00, 0x08, 0x3B, 0x80, 0x08, 0xE0, 0xF8, 0x0B, 0x80, 0x1E, 0x03, 0x10, 0x20, 0x02, 0x10,
    0x20, 0x06, 0x10, 0x20, 0x06, 0x10, 0x20, 0x0C, 0x10, 0x20, 0x08, 0x10, 0x20, 0x19, 0xFF, 0xFE,
    0x18, 0x10, 0x20, 0x38, 0x10, 0x20, 0x68, 0x10, 0x20, 0xC8, 0x10, 0x20, 0x08, 0x10, 0x20, 0x08,
    0x10, 0x20, 0x08, 0x10, 0x20, 0x0B, 0xFF, 0xFF, 0x08, 0x00, 0x00, 0x08, 0x00, 0x00, 0x08, 0x18,
    0x60, 0x08, 0x30, 0x30, 0x08, 0x60, 0x18, 0x08, 0x40, 0x0C, 0x08, 0xC0, 0x06, 0x09, 0x80, 0x06,
    0x00, 0x00, 0x00, 0x02, 0x00, 0x02, 0x0D, 0xFE, 0x04, 0x1B, 0xFC, 0x88, 0x24, 0x09, 0x10, 0xC9,
    0x12, 0x21, 0x12, 0x24, 0x46, 0x24, 0x48, 0x8C, 0x48, 0x91, 0x38, 0x91, 0x22, 0xD1, 0x22, 0x45,
    0xA2, 0x44, 0x8A, 0x44, 0x89, 0x10, 0x89, 0x12, 0x21, 0x12, 0x24, 0x42, 0x24, 0x48, 0x84, 0x48,
    0x91, 0x08, 0xB1, 0x22, 0x10, 0x70, 0x04, 0x20, 0xB0, 0x08, 0x43, 0x30, 0x10, 0x84, 0x30, 0x21,
    0x18, 0x20, 0x42, 0x60, 0x4F, 0x80, 0x00, 0x00, 0x03, 0x00, 0x00, 0x03, 0x7F, 0xFC, 0x02, 0x40,
    0x04, 0x06, 0x40, 0x04, 0x04, 0x40, 0x04, 0x0C, 0x40, 0x04, 0x18, 0x40, 0x04, 0x18, 0x7F, 0xFC,
    0x38, 0x7F, 0xFC, 0x68, 0x01, 0x00, 0xC8, 0x01, 0x00, 0x88, 0x01, 0x00, 0x08, 0x01, 0x00, 0x09,
    0xFF, 0xFF, 0x08, 0x07, 0x80, 0x08, 0x05, 0xC0, 0x08, 0x0D, 0x60, 0x08, 0x19, 0x30, 0x08, 0x31,
    0x18, 0x08, 0xE1, 0x0C, 0x09, 0x81, 0x06, 0x0B, 0x01, 0x03, 0x08, 0x01, 0x00, 0x00, 0x00, 0x00,
    0x04, 0x0C, 0x00, 0x08, 0x0C, 0x00, 0x30, 0x08, 0x00, 0x40, 0x10, 0x01, 0xBF, 0xFF, 0xC2, 0x00,
    0x00, 0x0C, 0x00, 0x00, 0x18, 0x00, 0x00, 0x70, 0xFF, 0xF9, 0xA0, 0x00, 0x02, 0x40, 0x00, 0x00,
    0x87, 0xFF, 0xC1, 0x00, 0x00, 0x02, 0x00, 0x00, 0x04, 0x00, 0x00, 0x08, 0x7F, 0xFC, 0x10, 0x80,
    0x18, 0x21, 0x00, 0x30, 0x42, 0x00, 0x60, 0x84, 0x00, 0xC1, 0x08, 0x01, 0x82, 0x1F, 0xFF, 0x04,
    0x20, 0x06, 0x00, 0x00, 0x00, 0x02, 0x03, 0x00, 0x01, 0x01, 0x00, 0x01, 0x81, 0x80, 0x00, 0x81,
    0xFF, 0xC0, 0xC0, 0xC0, 0x60, 0x60, 0xF0, 0x20, 0x60, 0xCC, 0x30, 0x31, 0xC3, 0x70, 0x38, 0x80,
    0xE0, 0x34, 0x41, 0xFC, 0x12, 0x27, 0xC7, 0xD9, 0x1F, 0x0C, 0x60, 0x88, 0x0C, 0x00, 0x44, 0x1C,
    0x00, 0x22, 0x38, 0x60, 0x11, 0x10, 0xE0, 0x08, 0x81, 0xC1, 0x04, 0x43, 0xC1, 0x82, 0x23, 0x03,
    0x81, 0x00, 0x07, 0x00, 0x80, 0x0E, 0x00, 0x40, 0x7C, 0x00, 0x20, 0xF0, 0x00, 0x02, 0x00, 0x02,
    0x04, 0x00, 0x04, 0x1F, 0xFE, 0x88, 0x21, 0x81, 0x10, 0xC2, 0x02, 0x21, 0x0C, 0xC4, 0x46, 0x10,
    0xC8, 0x8C, 0x61, 0x91, 0x39, 0xFF, 0xA2, 0xD3, 0x81, 0x45, 0x20, 0x40, 0x8E, 0x40, 0x81, 0x10,
    0x81, 0x02, 0x21, 0x3F, 0xF4, 0x42, 0x04, 0x08, 0x84, 0x08, 0x11, 0x08, 0x10, 0x22, 0x10, 0x23,
    0x04, 0x20, 0xFE, 0x08, 0x5F, 0xC0, 0x10, 0xB0, 0x00, 0x21, 0x00, 0x0F, 0xC2, 0x00, 0x00, 0x00,
    0x03, 0x01, 0x80, 0x03, 0x01, 0x80, 0x02, 0x01, 0x80, 0x06, 0xFF, 0xFF, 0x04, 0x01, 0x00, 0x0C,
    0x01, 0x00, 0x18, 0x1F, 0xFC, 0x18, 0x1F, 0xFC, 0x38, 0x98, 0x0C, 0x68, 0x98, 0x0C, 0xC8, 0x9F,
    0xFC, 0x88, 0x98, 0x0C, 0x08, 0x98, 0x0C, 0x08, 0x98, 0x0C, 0x08, 0x9F, 0xFC, 0x08, 0x98, 0x0C,
    0x08, 0x98, 0x0C, 0x08, 0x9F, 0xFC, 0x08, 0x80, 0x00, 0x08, 0x80, 0x00, 0x08, 0x80, 0x00, 0x08,
    0xFF, 0xFF, 0x08, 0x80, 0x00, 0x02, 0x00, 0x00, 0x06, 0x00, 0x00, 0x04, 0x07, 0xFF, 0x04, 0x80,
    0x20, 0x0D, 0x80, 0x60, 0x09, 0x80, 0x60, 0x19, 0x83, 0xFE, 0x19, 0x82, 0x06, 0x39, 0xFA, 0x06,
    0x69, 0x82, 0x66, 0x49, 0x82, 0x66, 0xC9, 0x82, 0x66, 0x09, 0x82, 0x66, 0x09, 0x82, 0x66, 0x09,
    0x82, 0x66, 0x09, 0xBA, 0x66, 0x09, 0xE2, 0x66, 0x09, 0xC2, 0x42, 0x08, 0x00, 0xD0, 0x08, 0x00,
    0xB8, 0x08, 0x01, 0x8C, 0x08, 0x07, 0x06, 0x08, 0x0C, 0x03, 0x00, 0x00, 0x00, 0x02, 0x06, 0x00,
    0x04, 0x04, 0x00, 0x18, 0x0C, 0x00, 0x27, 0xFF, 0xE0, 0xC8, 0x00, 0x41, 0x10, 0x00, 0x86, 0x20,
    0x01, 0x1C, 0x7F, 0xFE, 0x28, 0x80, 0x00, 0xD1, 0x00, 0x0B, 0x27, 0xFF, 0xF8, 0x4F, 0x22, 0x30,
    0x9E, 0x44, 0x61, 0x3C, 0x88, 0xC2, 0x79, 0x11, 0x84, 0xF2, 0x23, 0x09, 0xFF, 0xFE, 0x13, 0xC8,
    0x8C, 0x27, 0x91, 0x18, 0x4B, 0x22, 0x30, 0x96, 0x44, 0x61, 0x6C, 0x88, 0x82, 0x98, 0x07, 0x00,
    0x03, 0x02, 0x00, 0x02, 0x03, 0x00, 0x02, 0x01, 0x00, 0x07, 0xFF, 0xFF, 0x04, 0x00, 0x00, 0x0C,
    0x3F, 0xF8, 0x08, 0x20, 0x08, 0x18, 0x20, 0x08, 0x38, 0x20, 0x08, 0x28, 0x3F, 0xF8, 0x68, 0x00,
    0x00, 0x48, 0x00, 0x00, 0x09, 0xFF, 0xFE, 0x09, 0x00, 0x02, 0x09, 0x3F, 0xFA, 0x09, 0x7F, 0xFE,
    0x08, 0x01, 0x00, 0x08, 0x01, 0x00, 0x08, 0x01, 0x00, 0x08, 0x01, 0x00, 0x08, 0x01, 0x00, 0x08,
    0x01, 0x00, 0x08, 0x1F, 0x00, 0x00, 0x00, 0x00, 0x02, 0x00, 0x02, 0x05, 0xFC, 0x04, 0x1B, 0xF8,
    0x88, 0x24, 0x11, 0x10, 0xC8, 0x22, 0x21, 0x10, 0x44, 0x46, 0x3F, 0x88, 0x8C, 0x41, 0x11, 0x38,
    0x82, 0x22, 0xD1, 0x04, 0x47, 0x22, 0x08, 0x8E, 0x47, 0xF1, 0x10, 0x88, 0x22, 0x21, 0x10, 0x44,
    0x42, 0x20, 0x88, 0x84, 0x41, 0x11, 0x08, 0xFE, 0x22, 0x10, 0x00, 0x04, 0x21, 0x90, 0x08, 0x46,
    0x30, 0x10, 0x88, 0x20, 0x21, 0x30, 0x60, 0x42, 0x40, 0x07, 0x80, 0x00, 0x00, 0x02, 0x00, 0x00,
    0x03, 0x07, 0xFF, 0x81, 0x00, 0x18, 0x01, 0xB0, 0x08, 0x00, 0xD8, 0x04, 0x00, 0x4C, 0x3F, 0xF0,
    0x66, 0x10, 0x08, 0x33, 0x08, 0x04, 0x39, 0xFC, 0x02, 0x34, 0xC3, 0xFF, 0x12, 0x61, 0x00, 0x99,
    0x30, 0x80, 0x40, 0x98, 0x40, 0x20, 0x4C, 0x3F, 0xF0, 0x26, 0x10, 0x08, 0x13, 0xE8, 0x04, 0x09,
    0xE4, 0x02, 0x04, 0xC3, 0xFF, 0x02, 0x00, 0x00, 0x01, 0x00, 0x33, 0x00, 0x80, 0x70, 0xC0, 0x40,
    0x60, 0x38, 0x20, 0xE0, 0x04, 0x00, 0x00, 0x00, 0x01, 0x18, 0x00, 0x03, 0x18, 0x00, 0x02, 0x3F,
    0xC0, 0x06, 0x20, 0x80, 0x06, 0x61, 0x80, 0x0C, 0xFF, 0xFC, 0x0D, 0xC3, 0x04, 0x1B, 0x43, 0x04,
    0x18, 0x42, 0x04, 0x38, 0x46, 0x04, 0x68, 0x7F, 0xFC, 0x48, 0x0C, 0x00, 0x08, 0x3E, 0x0C, 0x08,
    0xE2, 0x1C, 0x09, 0xC7, 0x70, 0x08, 0x0D, 0xE0, 0x08, 0x31, 0xB0, 0x08, 0xE3, 0x90, 0x09, 0x8E,
    0x98, 0x08, 0x18, 0x8C, 0x08, 0x71, 0x87, 0x09, 0xC1, 0x83, 0x08, 0x0F, 0x00, 0x00, 0x10, 0x00,
    0x0C, 0x20, 0x00, 0x18, 0x40, 0x00, 0x20, 0x80, 0x00, 0xC1, 0x00, 0x01, 0xFF, 0xFF, 0x06, 0x04,
    0x00, 0x08, 0x08, 0x00, 0x30, 0x10, 0x00, 0x40, 0x20, 0x00, 0x00, 0x40, 0x07, 0xFF, 0xFF, 0xF0,
    0x18, 0x20, 0x00, 0x30, 0x40, 0x00, 0x60, 0x80, 0x00, 0x81, 0x00, 0x01, 0x02, 0x00, 0x06, 0x04,
    0x00, 0x08, 0x08, 0x08, 0x30, 0x10, 0x10, 0xC0, 0x20, 0x63, 0x00, 0x40, 0xDC, 0x00, 0xFF, 0x60,
    0x00, 0x00, 0x00, 0x10, 0x00, 0x00, 0x20, 0x00, 0x40, 0x40, 0x40, 0xC0, 0x81, 0x80, 0x81, 0x02,
    0x01, 0x82, 0x0C, 0x01, 0x04, 0x10, 0x03, 0x08, 0x60, 0x02, 0x10, 0x80, 0x00, 0x20, 0x03, 0xFF,
    0xFF, 0xFF, 0xFF, 0xFF, 0xF0, 0x18, 0x20, 0x00, 0x30, 0x40, 0x00, 0x40, 0x80, 0x00, 0x81, 0x00,
    0x01, 0x02, 0x00, 0x06, 0x04, 0x00, 0x08, 0x08, 0x00, 0x30, 0x10, 0x10, 0xC0, 0x20, 0x23, 0x00,
    0x40, 0xDC, 0x00, 0x81, 0xF0, 0x01, 0xFE, 0x01, 0x00, 0x00, 0x03, 0x80, 0x00, 0x03, 0x80, 0x00,
    0x03, 0x00, 0x00, 0x03, 0x00, 0x00, 0x03, 0x00, 0x00, 0x0E, 0x00, 0x00, 0x1E, 0x00, 0x00, 0x24,
    0x00, 0x00, 0xCC, 0x00, 0x01, 0x98, 0x00, 0x02, 0x18, 0x00, 0x0C, 0x30, 0x00, 0x10, 0x30, 0x00,
    0x60, 0x60, 0x01, 0x80, 0x60, 0x06, 0x00, 0x40, 0x0C, 0x00, 0xC0, 0x70, 0x00, 0xC1, 0xC0, 0x00,
    0xE6, 0x00, 0x00, 0xF8, 0x00, 0x00, 0x40, 0x00, 0x08, 0x00, 0x00, 0x0E, 0x00, 0x00, 0x0D, 0x80,
    0x00, 0x04, 0x60, 0x00, 0x06, 0x18, 0x00, 0x06, 0x06, 0x00, 0x0E, 0x01, 0x80, 0x0E, 0x00, 0x60,
    0x0C, 0x00, 0x1C, 0x1F, 0xFF, 0xFF, 0x19, 0xFF, 0xFE, 0xC0, 0x01, 0x00, 0x00, 0x00, 0x80, 0x00,
    0x00, 0x40, 0x00, 0x00, 0x20, 0x00, 0x0F, 0xFF, 0xF0, 0x00, 0x08, 0x00, 0x00, 0x04, 0x00, 0x00,
    0x02, 0x00, 0x00, 0x01, 0x00, 0x00, 0x00, 0x80, 0x01, 0xFF, 0xFF, 0xF8, 0xFF, 0xFF, 0xF8, 0x00,
    0x20, 0x00, 0x00, 0x30, 0x00, 0x00, 0x10, 0x00, 0x00, 0x18, 0x00, 0x00, 0x18, 0x00, 0x00, 0x08,
    0x00, 0x00, 0x00, 0x00, 0x7F, 0xFF, 0xFE, 0x00, 0x00, 0x00, 0x00, 0x00, 0x00, 0x00, 0x00, 0x00,
    0x01, 0x01, 0x00, 0x01, 0x01, 0x80, 0x03, 0x00, 0xC0, 0x02, 0x00, 0x60, 0x06, 0x00, 0x20, 0x0C,
    0x00, 0x30, 0x0C, 0x00, 0x18, 0x18, 0x00, 0x18, 0x30, 0x00, 0x0C, 0x30, 0x00, 0x04, 0x60, 0x00,
    0x06, 0x40, 0x00, 0x02, 0x04, 0x00, 0x40, 0x0C, 0x01, 0x80, 0x0C, 0x02, 0x00, 0x18, 0x0C, 0x00,
    0x18, 0x10, 0x07, 0xFF, 0xFF, 0x0F, 0xFF, 0xFE, 0x00, 0x08, 0x00, 0x00, 0x10, 0x00, 0x00, 0x20,
    0x00, 0x00, 0x40, 0x00, 0x00, 0x80, 0x07, 0xFF, 0xFF, 0xE0, 0x07, 0x00, 0x00, 0x0A, 0x00, 0x00,
    0x36, 0x00, 0x00, 0x46, 0x00, 0x01, 0x86, 0x00, 0x06, 0x06, 0x00, 0x38, 0x06, 0x00, 0xC0, 0x07,
    0x0F, 0x00, 0x03, 0x98, 0x00, 0x01, 0x80, 0x00, 0x00, 0x00, 0x06, 0x00, 0x60, 0x06, 0x00, 0x60,
    0x06, 0x00, 0x60, 0x7F, 0xFF, 0xFE, 0x06, 0x00, 0x60, 0x06, 0x00, 0x60, 0x06, 0x00, 0x60, 0x06,
    0x00, 0x60, 0x07, 0xFF, 0xE0, 0x06, 0x00, 0x60, 0x06, 0x00, 0x60, 0x06, 0x00, 0x60, 0x07, 0xFF,
    0xE0, 0x06, 0x00, 0x60, 0x06, 0x00, 0x60, 0x06, 0x00, 0x60, 0xFF, 0xFF, 0xFE, 0xFF, 0xFF, 0xFE,
    0x00, 0x81, 0x00, 0x03, 0x83, 0xC0, 0x0F, 0x00, 0x70, 0x38, 0x00, 0x1C, 0xE0, 0x00, 0x06, 0x00,
    0x41, 0x00, 0x00, 0x41, 0x00, 0x00, 0x41, 0x00, 0x1F, 0xFF, 0xFC, 0x18, 0x41, 0x0C, 0x18, 0x41,
    0x0C, 0x18, 0x41, 0x0C, 0x18, 0x41, 0x0C, 0x18, 0x41, 0x0C, 0x1F, 0xFF, 0xFC, 0x18, 0x41, 0x0C,
    0x18, 0x41, 0x0C, 0x18, 0x41, 0x0C, 0x18, 0x41, 0x0C, 0x18, 0x41, 0x0C, 0x18, 0x41, 0x0C, 0x7F,
    0xFF, 0xFF, 0x00, 0x00, 0x00, 0x00, 0xC1, 0x80, 0x01, 0x80, 0xE0, 0x07, 0x00, 0x38, 0x1C, 0x00,
    0x0C, 0x70, 0x00, 0x06, 0x00, 0x00, 0x00, 0x00, 0x40, 0x00, 0x02, 0x00, 0x00, 0x10, 0x00, 0x00,
    0x80, 0x00, 0x04, 0x00, 0x7F, 0xFF, 0xFA, 0x01, 0x00, 0x50, 0x08, 0x02, 0x80, 0x40, 0x14, 0x06,
    0x00, 0xA0, 0x38, 0x05, 0x01, 0x60, 0x28, 0x19, 0x81, 0x40, 0x86, 0x0A, 0x0C, 0x18, 0x50, 0xC0,
    0x62, 0x8C, 0x01, 0x95, 0xC0, 0x06, 0xA8, 0x00, 0x05, 0x00, 0x00, 0x28, 0x00, 0x01, 0x40, 0x00,
    0x0A, 0x00, 0x00, 0x50, 0x00, 0x7E, 0x0F, 0xE7, 0xFC, 0x06, 0x33, 0x06, 0x03, 0x19, 0x83, 0x01,
    0x8C, 0xC1, 0x80, 0xC6, 0x60, 0xC0, 0x63, 0x30, 0x60, 0x31, 0x98, 0x30, 0x10, 0xCC, 0x18, 0x7F,
    0xFF, 0xFF, 0x8C, 0x33, 0x06, 0x06, 0x19, 0x83, 0x03, 0x0C, 0xC1, 0x81, 0x86, 0x60, 0xC0, 0xC3,
    0x30, 0x60, 0x61, 0x98, 0x30, 0x30, 0xD8, 0x18, 0x30, 0x6C, 0x0C, 0x18, 0x36, 0x06, 0x08, 0x1A,
    0x03, 0x0C, 0x0F, 0x01, 0x84, 0x3F, 0x0F, 0x80, 0x00, 0x00, 0x00, 0x3F, 0xFF, 0xFE, 0x3F, 0xFF,
    0xFE, 0x00, 0x08, 0x00, 0x00, 0x08, 0x00, 0x00, 0x08, 0x00, 0x1F, 0xFF, 0xF8, 0x18, 0x08, 0x18,
    0x18, 0x08, 0x18, 0x18, 0x08, 0x18, 0x18, 0x08, 0x18, 0x1F, 0xFF, 0xF8, 0x18, 0x08, 0x18, 0x18,
    0x08, 0x18, 0x18, 0x08, 0x18, 0xFF, 0xFF, 0xFF, 0x7F, 0xFF, 0xFF, 0x18, 0x00, 0x18, 0x18, 0x00,
    0x18, 0x18, 0x00, 0x18, 0x18, 0x00, 0x18, 0x18, 0x00, 0x18, 0x18, 0x01, 0xF8, 0x00, 0x00, 0x00,
    0xFF, 0xFF, 0xFC, 0x30, 0x00, 0x61, 0x80, 0x03, 0x08, 0x00, 0x10, 0x40, 0x00, 0x07, 0xFF, 0xE0,
    0x30, 0x00, 0x01, 0x00, 0x00, 0x08, 0x00, 0x00, 0xC0, 0x00, 0x07, 0xFF, 0xF0, 0x00, 0x01, 0x80,
    0x00, 0x0C, 0x00, 0x00, 0x63, 0xFF, 0xFB, 0x00, 0x00, 0x18, 0x00, 0x00, 0x80, 0x00, 0x04, 0x00,
    0x00, 0x60, 0x00, 0x03, 0x00, 0x03, 0xF0, 0x00, 0x00, 0x00, 0x00, 0x32, 0x01, 0x80, 0x46, 0x01,
    0x81, 0x86, 0x01, 0x03, 0x0C, 0x03, 0x0F, 0xFF, 0xC3, 0x1F, 0xFF, 0x82, 0x70, 0x40, 0x00, 0xE0,
    0x80, 0x03, 0xC1, 0x00, 0x0D, 0x82, 0x00, 0x13, 0xFF, 0xF0, 0x06, 0x08, 0x00, 0x0C, 0x10, 0x01,
    0x18, 0x20, 0x02, 0x30, 0x40, 0x0C, 0x7F, 0xFE, 0x10, 0xC1, 0x00, 0x61, 0x82, 0x00, 0x83, 0x04,
    0x03, 0x06, 0x08, 0x04, 0x0F, 0xFF, 0xF8, 0x18, 0x00, 0x00, 0x30, 0x00, 0x00, 0x00, 0x06, 0x00,
    0x80, 0x06, 0x00, 0xC0, 0x04, 0x00, 0x63, 0xFF, 0xFC, 0x30, 0x0C, 0x00, 0x18, 0x0C, 0x00, 0x19,
    0xFF, 0xF8, 0x00, 0x18, 0x00, 0x00, 0x18, 0x00, 0x03, 0xFF, 0xFE, 0x00, 0x20, 0xC0, 0x00, 0x60,
    0x60, 0x00, 0xFF, 0xF0, 0x0B, 0xBF, 0xDC, 0x1B, 0x06, 0x06, 0x10, 0x04, 0x00, 0x31, 0xFF, 0xFC,
    0x20, 0x0C, 0x00, 0x60, 0x1B, 0x00, 0x40, 0x31, 0xC0, 0xC0, 0xE0, 0x70, 0x03, 0x80, 0x1C, 0x02,
    0x00, 0x00, 0x07, 0xFF, 0x80, 0x0C, 0x01, 0x00, 0x18, 0x02, 0x00, 0x30, 0x04, 0x00, 0x60, 0x08,
    0x00, 0xC0, 0x10, 0x01, 0x80, 0x20, 0x03, 0x00, 0x40, 0x06, 0x00, 0x80, 0x0C, 0x01, 0x00, 0x18,
    0x02, 0x00, 0x30, 0x04, 0x00, 0x60, 0x08, 0x00, 0xC0, 0x10, 0x03, 0x00, 0x20, 0x06, 0x00, 0x41,
    0x0C, 0x00, 0x82, 0x30, 0x01, 0x04, 0xC0, 0x02, 0x0B, 0x80, 0x04, 0x3E, 0x00, 0x0F, 0xF0, 0x00,
    0x00, 0x00, 0x01, 0x00, 0x0C, 0x01, 0x81, 0xFE, 0x00, 0xBF, 0xE0, 0x00, 0xC0, 0x20, 0x00, 0xC0,
    0x10, 0x00, 0xE0, 0x08, 0x00, 0xD7, 0xFF, 0xFC, 0xC8, 0x02, 0x00, 0x04, 0x01, 0x00, 0x02, 0x00,
    0x80, 0x01, 0x3F, 0xFF, 0x80, 0x9F, 0xFF, 0xC0, 0x40, 0x00, 0x00, 0x00, 0x00, 0x00, 0x07, 0xFF,
    0x80, 0x02, 0x00, 0xC0, 0x01, 0x00, 0x60, 0x00, 0x80, 0x30, 0x00, 0xC0, 0x18, 0x40, 0x60, 0x0C,
    0x20, 0x60, 0x06, 0x10, 0x60, 0x03, 0x09, 0xE0, 0x01, 0xFC, 0xC0, 0x00, 0x00, 0x00, 0x40, 0x00,
    0x04, 0x00, 0x40, 0x40, 0x44, 0x04, 0x04, 0x40, 0x40, 0x44, 0x04, 0x04, 0x40, 0x40, 0x44, 0x04,
    0x04, 0x40, 0x40, 0x44, 0x04, 0x04, 0x7F, 0xFF, 0xC0, 0x04, 0x00, 0x80, 0x40, 0x28, 0x04, 0x02,
    0x80, 0x40, 0x28, 0x04, 0x02, 0x80, 0x40, 0x28, 0x04, 0x02, 0x80, 0x40, 0x28, 0x04, 0x02, 0xFF,
    0xFF, 0xEF, 0xFF, 0xFE, 0x00, 0x00, 0x20, 0x00, 0x00, 0x00, 0x02, 0x02, 0x00, 0x0C, 0x06, 0x00,
    0x10, 0x04, 0x00, 0x60, 0x0C, 0x01, 0x80, 0x0C, 0x03, 0x00, 0x08, 0x0C, 0x00, 0x18, 0x30, 0x00,
    0x18, 0xDF, 0xFF, 0xDB, 0x7F, 0xFF, 0xD8, 0x06, 0x01, 0x80, 0x0C, 0x02, 0x00, 0x10, 0x04, 0x00,
    0x20, 0x18, 0x00, 0xC0, 0x30, 0x01, 0x00, 0x60, 0x06, 0x00, 0xC0, 0x08, 0x01, 0x80, 0x30, 0x03,
    0x01, 0xC0, 0x06, 0x0E, 0x00, 0x18, 0x10, 0x07, 0xF0, 0x00, 0x00, 0x00, 0x08, 0x00, 0x00, 0x08,
    0x1F, 0xFE, 0x08, 0x3F, 0xFE, 0x08, 0x01, 0x02, 0x08, 0x01, 0x02, 0x08, 0xE1, 0x02, 0x0F, 0xC1,
    0x02, 0x7C, 0x01, 0x02, 0x48, 0x03, 0x02, 0x08, 0x03, 0x02, 0x08, 0x03, 0x02, 0x08, 0x03, 0x02,
    0x08, 0x02, 0x06, 0x08, 0x02, 0x06, 0x08, 0x66, 0x06, 0x0B, 0xC4, 0x06, 0x0F, 0x0C, 0x06, 0x1C,
    0x08, 0x06, 0x00, 0x18, 0x06, 0x00, 0x30, 0x04, 0x00, 0x60, 0x0C, 0x00, 0xC0, 0xFC, 0x00, 0x00,
    0x00, 0x00, 0x00, 0x05, 0xFF, 0xE0, 0x17, 0xFF, 0x80, 0x41, 0x00, 0x21, 0x04, 0x00, 0x84, 0x30,
    0x02, 0x10, 0xC0, 0x08, 0x43, 0xFC, 0x21, 0x1F, 0xF0, 0x84, 0x40, 0x42, 0x13, 0x03, 0x08, 0x48,
    0x0C, 0x21, 0x68, 0x20, 0x85, 0x31, 0x82, 0x10, 0x76, 0x08, 0x40, 0x70, 0x21, 0x00, 0xC0, 0x84,
    0x06, 0x00, 0x10, 0x30, 0x00, 0x41, 0x80, 0x01, 0x0C, 0x00, 0x04, 0xE0, 0x00, 0x16, 0x00, 0x07,
    0xC0, 0x00, 0x80, 0x02, 0x03, 0x00, 0x04, 0x07, 0x00, 0x08, 0x1B, 0x02, 0x10, 0x63, 0x04, 0x21,
    0x83, 0x08, 0x42, 0x03, 0x10, 0x8C, 0x03, 0x21, 0x70, 0x02, 0x42, 0xBF, 0xF0, 0x84, 0x60, 0x61,
    0x08, 0xC0, 0xC2, 0x11, 0x81, 0x84, 0x23, 0x03, 0x08, 0x46, 0x0C, 0x10, 0x8C, 0x18, 0x21, 0x19,
    0xF0, 0x42, 0x30, 0x00, 0x04, 0x60, 0x10, 0x08, 0xC0, 0x20, 0x11, 0x80, 0x40, 0x23, 0x01, 0x80,
    0x43, 0xFF, 0x1F, 0x80, 0x00, 0x00, 0x04, 0xF9, 0xF8, 0x12, 0x24, 0x60, 0x48, 0x91, 0x91, 0x22,
    0x46, 0x44, 0x89, 0x19, 0x12, 0x24, 0x64, 0x48, 0x91, 0x91, 0x22, 0x46, 0x44, 0x89, 0x19, 0x1F,
    0xFF, 0xF4, 0x48, 0x91, 0x91, 0x22, 0x46, 0x45, 0x89, 0x19, 0x16, 0x24, 0x64, 0x58, 0x91, 0x91,
    0x62, 0x46, 0x45, 0x8B, 0x18, 0x16, 0x2C, 0x60, 0x58, 0xB1, 0x81, 0x42, 0xC6, 0x07, 0x0A, 0x18,
    0x19, 0xF9, 0xC3, 0xC0, 0x00, 0x00, 0x00, 0x00, 0x04, 0xFF, 0xC0, 0x12, 0x01, 0x00, 0x48, 0x04,
    0x41, 0x20, 0x11, 0x04, 0x80, 0x44, 0x12, 0x01, 0x10, 0x48, 0x04, 0x41, 0x3F, 0xF1, 0x04, 0x30,
    0x04, 0x10, 0xC0, 0x10, 0x43, 0x00, 0x41, 0x0F, 0xF1, 0x04, 0x30, 0x44, 0x10, 0x81, 0x10, 0x42,
    0x04, 0x41, 0x18, 0x31, 0x04, 0x60, 0xC0, 0x11, 0x03, 0x00, 0x4C, 0x0C, 0x01, 0x20, 0x30, 0x05,
    0x80, 0x80, 0x1C, 0x7E, 0x07, 0xC0, 0x00, 0x00, 0x00, 0x00, 0x0B, 0xFF, 0xC0, 0x5F, 0xFF, 0x42,
    0x0C, 0x02, 0x10, 0xC4, 0x10, 0x86, 0x30, 0x84, 0x60, 0xC4, 0x26, 0x07, 0x21, 0x3F, 0xF9, 0x09,
    0xC0, 0x68, 0x40, 0x40, 0x42, 0x02, 0x02, 0x10, 0x10, 0x10, 0xBF, 0xFE, 0x84, 0x04, 0x04, 0x20,
    0x20, 0x21, 0x01, 0x01, 0x08, 0x08, 0x00, 0x40, 0x7F, 0x02, 0x3F, 0xC0, 0x17, 0xC0, 0x00, 0x80,
    0x00, 0x7C, 0x00, 0x00, 0x00, 0x01, 0x00, 0x04, 0x64, 0x00, 0x11, 0x10, 0x00, 0x44, 0x40, 0x11,
    0x3F, 0xFC, 0x44, 0xC4, 0x01, 0x16, 0x10, 0x04, 0x50, 0x40, 0x11, 0xFF, 0xFE, 0x45, 0xFF, 0xF9,
    0x10, 0x10, 0x04, 0x40, 0x40, 0x11, 0x3F, 0xFC, 0x44, 0xFF, 0xF1, 0x12, 0x10, 0xC4, 0x48, 0x43,
    0x11, 0x21, 0x0C, 0x44, 0x84, 0x30, 0x12, 0x10, 0xC0, 0x48, 0x43, 0x01, 0x21, 0x7C, 0x04, 0x04,
    0x00, 0x10, 0x10, 0x07, 0xC0, 0x00, 0x00, 0x00, 0x00, 0x02, 0x3F, 0xF8, 0x04, 0xFF, 0xF0, 0x09,
    0x80, 0x22, 0x13, 0x00, 0x44, 0x26, 0x00, 0x88, 0x4F, 0xFF, 0x10, 0x9F, 0xFE, 0x21, 0x30, 0x40,
    0x42, 0x60, 0x80, 0x84, 0xDF, 0xF1, 0x09, 0xBF, 0xE2, 0x13, 0x44, 0x44, 0x26, 0x88, 0x88, 0x4D,
    0x11, 0x10, 0x9A, 0x22, 0x21, 0x34, 0x44, 0x42, 0x68, 0x88, 0x04, 0xD1, 0x10, 0x0B, 0x23, 0xE0,
    0x16, 0x04, 0x00, 0x28, 0x08, 0x00, 0x50, 0x10, 0x0F, 0x80, 0x00, 0x00, 0x02, 0x00, 0x04, 0x0C,
    0x00, 0x10, 0x18, 0x00, 0x7F, 0xFF, 0x21, 0x7F, 0xFC, 0x84, 0x18, 0x02, 0x10, 0xC0, 0x08, 0x42,
    0x0C, 0x21, 0x18, 0x20, 0x84, 0xFF, 0x82, 0x13, 0xEC, 0x08, 0x40, 0x60, 0x21, 0x03, 0x0C, 0x84,
    0x18, 0x62, 0x11, 0xC3, 0x08, 0x4C, 0x08, 0x21, 0x60, 0x60, 0x84, 0x07, 0x80, 0x10, 0x33, 0x00,
    0x41, 0x86, 0x01, 0x1C, 0x0C, 0x05, 0xC0, 0x10, 0x16, 0x00, 0x07, 0xC0, 0x00, 0x00, 0x04, 0x00,
    0x0C, 0x20, 0x80, 0x71, 0x0C, 0x02, 0x88, 0x44, 0x16, 0x46, 0x20, 0x92, 0x61, 0x04, 0x10, 0x08,
    0x3F, 0xFC, 0x41, 0xC0, 0x32, 0x0E, 0x01, 0x90, 0x70, 0x0C, 0x83, 0xFF, 0xE4, 0x1C, 0x03, 0x20,
    0xE0, 0x19, 0x07, 0x00, 0xC8, 0x3F, 0xFE, 0x41, 0xFF, 0xF2, 0x0E, 0x01, 0x80, 0x70, 0x0C, 0x03,
    0x80, 0x60, 0x1C, 0x03, 0x00, 0xE0, 0x10, 0x07, 0x0F, 0x87, 0xE0, 0x00, 0x00, 0x00, 0x00, 0x00,
    0x20, 0x03, 0x00, 0xC0, 0x08, 0x01, 0x80, 0x60, 0x02, 0x03, 0x03, 0xFF, 0xFF, 0xF0, 0x00, 0x00,
    0x00, 0x00, 0x00, 0x7F, 0xC0, 0x11, 0xFF, 0x18, 0x44, 0x04, 0x61, 0x10, 0x11, 0x84, 0x7F, 0xC6,
    0x11, 0xFF, 0x18, 0x44, 0x04, 0x61, 0x10, 0x11, 0x84, 0x40, 0x46, 0x11, 0xFF, 0x18, 0x44, 0x04,
    0x61, 0x10, 0x10, 0x84, 0x40, 0x40, 0x11, 0x01, 0x00, 0x44, 0x04, 0x01, 0x11, 0xF0, 0x7C, 0x00,
    0x00, 0x00, 0x06, 0x00, 0xC0, 0x04, 0x01, 0x00, 0x0C, 0x06, 0x03, 0xFF, 0xFF, 0xF0, 0x00, 0x01,
    0x87, 0xFC, 0x63, 0x0C, 0x08, 0xC6, 0x18, 0x11, 0x8C, 0x3F, 0xE3, 0x18, 0x60, 0x46, 0x30, 0xFF,
    0x8C, 0x61, 0xFF, 0x18, 0xC3, 0x02, 0x01, 0x86, 0x1C, 0x0F, 0x00, 0x00, 0x00, 0x3F, 0xFF, 0xFC,
    0x00, 0x20, 0x08, 0x00, 0xC0, 0x10, 0x03, 0x00, 0x60, 0x0C, 0x00, 0xC0, 0x70, 0x01, 0x9F, 0x80,
    0x02, 0x38, 0x01, 0xFC, 0x00, 0x00, 0x00, 0x03, 0x00, 0x04, 0x0C, 0x00, 0x17, 0xFF, 0xC0, 0x5F,
    0xFF, 0x01, 0x41, 0x04, 0x85, 0x04, 0x12, 0x13, 0xFF, 0x88, 0x40, 0x40, 0x21, 0x01, 0x00, 0x84,
    0x7F, 0xC2, 0x10, 0x10, 0x08, 0x40, 0x40, 0x21, 0x7F, 0xFC, 0x85, 0xFF, 0xF2, 0x10, 0x10, 0x08,
    0x47, 0xFE, 0x21, 0x3F, 0xF8, 0x84, 0xC0, 0x60, 0x13, 0x01, 0x80, 0x4C, 0x06, 0x01, 0x3F, 0xF8,
    0x04, 0xC0, 0x60, 0x13, 0x01, 0x87, 0xC0, 0x00, 0x20, 0x00, 0x00, 0x80, 0x00, 0x02, 0x00, 0x00,
    0x08, 0x00, 0x00, 0x20, 0x00, 0x00, 0x80, 0x07, 0xFF, 0xFF, 0xC0, 0x18, 0x03, 0x00, 0x60, 0x0C,
    0x01, 0x80, 0x30, 0x06, 0x00, 0xC0, 0x10, 0x03, 0x00, 0xC0, 0x08, 0x03, 0x00, 0x20, 0x08, 0x01,
    0x80, 0x60, 0x06, 0x03, 0x00, 0x18, 0x0C, 0x00, 0x60, 0x60, 0x01, 0x83, 0x00, 0x06, 0x18, 0x00,
    0x11, 0xC0, 0x00, 0xC4, 0x00, 0x7F, 0x00, 0x00, 0x00, 0x00, 0x20, 0x00, 0x00, 0x20, 0x00, 0x00,
    0x20, 0x00, 0x00, 0x20, 0x00, 0x00, 0x20, 0x00, 0x7F, 0xFF, 0xE0, 0x00, 0x20, 0x60, 0x00, 0x60,
    0x40, 0x00, 0x60, 0x40, 0x08, 0x60, 0x48, 0x08, 0x40, 0x4C, 0x18, 0x40, 0x44, 0x10, 0xC0, 0x44,
    0x30, 0xC0, 0xC6, 0x20, 0x80, 0xC2, 0x61, 0x80, 0xC2, 0x43, 0x00, 0xC3, 0x02, 0x00, 0xC0, 0x06,
    0x00, 0xC0, 0x0C, 0x00, 0xC0, 0x38, 0x00, 0x80, 0x70, 0x01, 0x80, 0x40, 0x3F, 0x80, 0x00, 0x00,
    0x00, 0x00, 0x01, 0x00, 0x00, 0x01, 0x00, 0x00, 0x01, 0x00, 0xFF, 0xC1, 0x00, 0x04, 0x01, 0x00,
    0x04, 0x01, 0x00, 0x04, 0x3F, 0xFE, 0x04, 0x01, 0x02, 0x04, 0x03, 0x02, 0x04, 0x03, 0x02, 0x04,
    0x03, 0x02, 0x04, 0x03, 0x06, 0x04, 0x02, 0x06, 0x04, 0x02, 0x06, 0x04, 0x66, 0x06, 0x07, 0xE4,
    0x06, 0x3E, 0x0C, 0x06, 0xF0, 0x0C, 0x06, 0x00, 0x18, 0x06, 0x00, 0x30, 0x04, 0x00, 0x60, 0x0C,
    0x00, 0xC0, 0x0C, 0x01, 0x81, 0xF8, 0x00, 0x00, 0x00, 0x04, 0x00, 0x00, 0x08, 0x00, 0x00, 0x10,
    0x00, 0x00, 0x20, 0x1F, 0xF0, 0x40, 0x3F, 0xEF, 0xFF, 0x40, 0xC1, 0x06, 0x81, 0x82, 0x0D, 0x03,
    0x04, 0x1A, 0x06, 0x08, 0x34, 0x0C, 0x10, 0x68, 0x18, 0x60, 0x90, 0x30, 0xC1, 0x20, 0x61, 0x82,
    0x40, 0xC3, 0x04, 0x81, 0x84, 0x09, 0x03, 0x08, 0x12, 0x06, 0x30, 0x24, 0x0C, 0x40, 0xC8, 0x19,
    0x81, 0x90, 0x32, 0x03, 0x3F, 0xEC, 0x06, 0x40, 0xD0, 0xF8, 0x81, 0x80, 0x00, 0x40, 0x00, 0x01,
    0x80, 0x00, 0x06, 0x00, 0x00, 0x1F, 0xFF, 0x80, 0x70, 0x06, 0x01, 0xE0, 0x18, 0x0E, 0x70, 0x60,
    0x18, 0x33, 0x80, 0x00, 0x3C, 0x00, 0x01, 0xFF, 0x00, 0x7E, 0x07, 0xFF, 0xC0, 0x80, 0xF0, 0x03,
    0x00, 0x00, 0x06, 0x00, 0x0F, 0xFF, 0xFE, 0x00, 0x10, 0x0C, 0x00, 0x60, 0x18, 0x00, 0x80, 0x20,
    0x03, 0x00, 0x40, 0x0C, 0x00, 0x80, 0x30, 0x03, 0x03, 0xC0, 0x06, 0x1E, 0x01, 0xF8, 0x00, 0x00,
    0x00, 0x00, 0x00, 0x80, 0x00, 0x01, 0x01, 0xFF, 0x82, 0x00, 0x00, 0x04, 0x00, 0x00, 0x08, 0x00,
    0x00, 0x10, 0x00, 0x07, 0xFF, 0x80, 0x00, 0xC3, 0xFF, 0xE1, 0x84, 0x30, 0x03, 0x08, 0x60, 0x06,
    0x10, 0x80, 0x0C, 0x21, 0x18, 0x10, 0x46, 0x10, 0x20, 0x88, 0x30, 0x43, 0x10, 0x61, 0x86, 0x60,
    0x42, 0x0C, 0x8F, 0xC4, 0x1B, 0xF8, 0x98, 0x32, 0x01, 0x60, 0x60, 0x00, 0xC0, 0xC0, 0x03, 0x01,
    0x00, 0x04, 0x7E, 0x00, 0x00, 0x00, 0x04, 0x00, 0x80, 0x0C, 0x01, 0x00, 0x08, 0x02, 0x00, 0x10,
    0x04, 0x07, 0xFF, 0x08, 0x00, 0x00, 0x10, 0x02, 0x33, 0xFF, 0x8C, 0x20, 0x43, 0x10, 0x60, 0x86,
    0x60, 0x61, 0x09, 0x83, 0x46, 0x12, 0x06, 0x8C, 0x21, 0x88, 0x18, 0x41, 0xB0, 0x30, 0x81, 0xE0,
    0x41, 0x01, 0x80, 0x86, 0x03, 0x83, 0x0C, 0x0D, 0x04, 0x18, 0x33, 0x18, 0x30, 0xC3, 0x30, 0x63,
    0x00, 0xC0, 0xCC, 0x03, 0x01, 0x30, 0x0C, 0x3E, 0x00, 0x00, 0x00, 0x00, 0x00, 0x80, 0x3F, 0xE1,
    0x03, 0xFC, 0x02, 0x00, 0x10, 0x04, 0x0F, 0xFF, 0x88, 0x00, 0x40, 0x10, 0x00, 0x83, 0xFF, 0xBF,
    0xF8, 0xC3, 0x42, 0x11, 0x86, 0x84, 0x23, 0x0D, 0x08, 0x46, 0x1B, 0xFF, 0x8C, 0x34, 0x21, 0x18,
    0x68, 0x42, 0x20, 0xDF, 0xFC, 0x41, 0x01, 0x01, 0x82, 0x02, 0x03, 0x04, 0xFF, 0xE4, 0x18, 0x08,
    0x18, 0x30, 0x10, 0x60, 0x60, 0xFF, 0x80, 0xDF, 0xE7, 0x01, 0x80, 0x08, 0x3E, 0x00, 0x00, 0x00,
    0x03, 0x00, 0x00, 0x04, 0x00, 0x00, 0x18, 0x00, 0x00, 0x30, 0x00, 0x00, 0x7F, 0xFF, 0xC1, 0x8C,
    0x30, 0x82, 0x18, 0x41, 0x0C, 0x20, 0x82, 0x30, 0xC1, 0x04, 0x41, 0x86, 0x09, 0x82, 0x08, 0x16,
    0x0C, 0x10, 0x20, 0x10, 0x60, 0x40, 0x60, 0xC1, 0x81, 0x81, 0x03, 0x02, 0x06, 0x06, 0x0C, 0x08,
    0x0C, 0x30, 0x30, 0x18, 0xC0, 0xC0, 0x33, 0x01, 0x80, 0x40, 0x06, 0x00, 0x80, 0x18, 0x03, 0x00,
    0x20, 0xFC, 0x00, 0x00, 0x00, 0x01, 0x88, 0x00, 0x01, 0x08, 0x00, 0x03, 0x08, 0x00, 0x02, 0x08,
    0x00, 0x06, 0x08, 0x0C, 0x0C, 0x08, 0x0C, 0x0C, 0x08, 0x18, 0x1C, 0x08, 0x30, 0x34, 0x08, 0x60,
    0x64, 0x08, 0xC0, 0xC4, 0x09, 0x80, 0x04, 0x0F, 0x00, 0x04, 0x0C, 0x00, 0x04, 0x38, 0x00, 0x04,
    0x68, 0x00, 0x04, 0xC8, 0x02, 0x04, 0x08, 0x02, 0x04, 0x08, 0x02, 0x04, 0x08, 0x02, 0x04, 0x08,
    0x06, 0x04, 0x0C, 0x06, 0x04, 0x0F, 0xFC, 0xFF, 0xFF, 0xF7, 0xFF, 0xFF, 0xE0, 0x41, 0x01, 0x02,
    0x08, 0x08, 0x10, 0x40, 0x40, 0x82, 0x02, 0x04, 0x10, 0x10, 0x20, 0x80, 0x83, 0x04, 0x04, 0x18,
    0x20, 0x20, 0xC1, 0x05, 0x04, 0x08, 0x28, 0x60, 0x41, 0x43, 0x02, 0x0A, 0x30, 0x10, 0xD3, 0x00,
    0xFE, 0xB0, 0x00, 0x04, 0x00, 0x00, 0x20, 0x00, 0x01, 0xFF, 0xFF, 0xF0, 0xFF, 0xFF, 0xFC, 0x00,
    0x00, 0x20, 0x00, 0x41, 0x10, 0x06, 0x08, 0xC0, 0x20, 0x43, 0x03, 0x02, 0x0C, 0x30, 0x10, 0x31,
    0x00, 0x80, 0xD8, 0x04, 0x03, 0x80, 0x20, 0x1C, 0x01, 0x01, 0xB0, 0x08, 0x18, 0xC0, 0x41, 0x83,
    0x02, 0x18, 0x0C, 0x13, 0x80, 0x30, 0x90, 0x00, 0x84, 0x00, 0x00, 0x20, 0x00, 0x01, 0xFF, 0xFF,
    0xF0, 0x06, 0x00, 0x40, 0x04, 0x01, 0x80, 0x0C, 0x02, 0x00, 0x0C, 0x0C, 0x01, 0xFF, 0xFF, 0x03,
    0xFF, 0xFE, 0x04, 0x04, 0x04, 0x08, 0x08, 0x08, 0x10, 0x10, 0x10, 0x3F, 0xFF, 0xE0, 0x40, 0x40,
    0x40, 0x80, 0x80, 0x81, 0x01, 0x01, 0x03, 0xFF, 0xFE, 0x00, 0x04, 0x00, 0x00, 0x08, 0x00, 0x00,
    0x10, 0x01, 0xFF, 0xFF, 0xFC, 0x00, 0x40, 0x00, 0x00, 0x80, 0x00, 0x01, 0x00, 0x00, 0x02, 0x00,
    0x00, 0x04, 0x00, 0x00, 0x10, 0x60, 0x30, 0x30, 0x40, 0x40, 0x30, 0xC1, 0x80, 0x60, 0x86, 0x01,
    0xFF, 0xFF, 0x03, 0xFF, 0xFE, 0x04, 0x04, 0x04, 0x08, 0x08, 0x08, 0x10, 0x10, 0x10, 0x3F, 0xFF,
    0xE0, 0x40, 0x40, 0x40, 0x80, 0x80, 0x81, 0x01, 0x01, 0x03, 0xFF, 0xFE, 0x00, 0x04, 0x00, 0x00,
    0x08, 0x00, 0x00, 0x10, 0x01, 0xFF, 0xFF, 0xFC, 0x00, 0x40, 0x00, 0x00, 0x80, 0x00, 0x01, 0x00,
    0x00, 0x02, 0x00, 0x00, 0x04, 0x00, 0x00, 0x00, 0x80, 0x00, 0x08, 0x00, 0x00, 0x80, 0x00, 0x08,
    0x00, 0x00, 0x80, 0x00, 0x0F, 0xFF, 0x00, 0x80, 0x00, 0x08, 0x00, 0x00, 0x80, 0x00, 0x08, 0x00,
    0x00, 0x80, 0x00, 0x08, 0x00, 0xFF, 0xFF, 0xCC, 0x00, 0x0C, 0xC0, 0x00, 0xCC, 0x00, 0x0C, 0xC0,
    0x00, 0xCC, 0x00, 0x0C, 0xC0, 0x00, 0xCC, 0x00, 0x0C, 0xFF, 0xFF, 0xCC, 0x00, 0x0C, 0xC0, 0x00,
    0xC0, 0x00, 0x00, 0x00, 0x10, 0x00, 0x00, 0x20, 0x00, 0x00, 0x40, 0x00, 0x00, 0x80, 0x00, 0x01,
    0xFF, 0x80, 0x02, 0x00, 0x00, 0x04, 0x00, 0x00, 0x08, 0x00, 0x00, 0x10, 0x00, 0xFF, 0xFF, 0xFF,
    0xFF, 0xFF, 0xF8, 0x00, 0x80, 0x00, 0x01, 0x00, 0x00, 0x02, 0x00, 0x00, 0x05, 0x80, 0x00, 0x09,
    0xC0, 0x00, 0x10, 0xF0, 0x00, 0x20, 0x78, 0x00, 0x40, 0x00, 0x00, 0x80, 0x00, 0x01, 0x00, 0x00,
    0x02, 0x00, 0x00, 0x04, 0x00, 0x00, 0x3F, 0xE0, 0x00, 0xFF, 0x8F, 0xF2, 0x02, 0x20, 0x48, 0x08,
    0x81, 0x20, 0x22, 0x04, 0x80, 0x88, 0x13, 0xFE, 0x20, 0x48, 0x08, 0x81, 0x20, 0x22, 0x04, 0x80,
    0x88, 0x12, 0x02, 0x20, 0x4F, 0xF8, 0x81, 0x20, 0x02, 0x04, 0x80, 0x08, 0x12, 0x18, 0x20, 0x48,
    0x20, 0x81, 0x20, 0xC2, 0x7C, 0x83, 0x88, 0x02, 0x7A, 0x20, 0x1F, 0x0C, 0x80, 0x70, 0x12, 0x00,
    0x00, 0x08, 0x00, 0x1F, 0xFF, 0xFF, 0x10, 0x00, 0x00, 0x10, 0x08, 0x00, 0x10, 0x08, 0x00, 0x10,
    0x08, 0x00, 0x10, 0x08, 0x00, 0x10, 0x08, 0x00, 0x13, 0xFF, 0xFE, 0x10, 0x08, 0x04, 0x30, 0x08,
    0x04, 0x30, 0x18, 0x04, 0x30, 0x18, 0x0C, 0x30, 0x18, 0x0C, 0x30, 0x10, 0x0C, 0x30, 0x30, 0x0C,
    0x30, 0x30, 0x0C, 0x30, 0x60, 0x0C, 0x20, 0x60, 0x0C, 0x60, 0xC0, 0x08, 0x63, 0x80, 0x18, 0x46,
    0x03, 0xF8, 0x00, 0x00, 0x00, 0x3F, 0xFF, 0xFE, 0x60, 0x08, 0x00, 0xC0, 0x30, 0x01, 0x80, 0x40,
    0x03, 0x3F, 0xFF, 0x06, 0x40, 0x02, 0x0C, 0x80, 0x04, 0x19, 0x00, 0x08, 0x33, 0xFF, 0xF0, 0x64,
    0x00, 0x20, 0xC8, 0x00, 0x41, 0x90, 0x00, 0x83, 0x3F, 0xFF, 0x06, 0x00, 0x80, 0x0C, 0x21, 0x10,
    0x30, 0xC2, 0x30, 0x63, 0x04, 0x30, 0xC4, 0x08, 0x33, 0x18, 0x10, 0x36, 0x60, 0x20, 0x28, 0x0F,
    0xC0, 0x00, 0x00, 0x10, 0x00, 0x00, 0x20, 0x00, 0x00, 0x40, 0x00, 0x00, 0x80, 0x00, 0x01, 0x00,
    0x07, 0xFF, 0xFF, 0x00, 0x04, 0x00, 0x00, 0x08, 0x00, 0x00, 0x10, 0x00, 0x00, 0x20, 0x00, 0x00,
    0x40, 0x07, 0xFF, 0xFF, 0xFF, 0xFF, 0xFF, 0xE0, 0x18, 0x00, 0x00, 0x20, 0xC0, 0x00, 0xC0, 0xC0,
    0x03, 0x00, 0x80, 0x0C, 0x01, 0x80, 0x10, 0x01, 0x80, 0x60, 0x03, 0x81, 0xFF, 0xFF, 0x87, 0xF8,
    0x03, 0x00, 0x00, 0x02, 0x00, 0x00, 0x00, 0x70, 0x00, 0xFF, 0xC0, 0x7F, 0xF0, 0x00, 0xC0, 0x00,
    0x01, 0x80, 0x00, 0x03, 0x00, 0x00, 0x06, 0x00, 0x00, 0x0C, 0x00, 0x00, 0x1F, 0xFF, 0xF0, 0x32,
    0x00, 0x60, 0x66, 0x00, 0x80, 0xC4, 0x03, 0x01, 0x8C, 0x04, 0x03, 0x08, 0x18, 0x06, 0x18, 0x60,
    0x0C, 0x19, 0x80, 0x18, 0x1F, 0x00, 0x60, 0x1C, 0x00, 0xC0, 0x78, 0x01, 0x83, 0x9C, 0x06, 0x1E,
    0x0E, 0x0C, 0xF0, 0x07, 0x93, 0x00, 0x01, 0x00, 0x00, 0x30, 0x00, 0x08, 0x61, 0x80, 0x30, 0x81,
    0x80, 0x61, 0x01, 0x80, 0x82, 0x01, 0x03, 0x0C, 0x00, 0x0F, 0xFF, 0xFF, 0x08, 0x20, 0x00, 0x00,
    0xC0, 0x00, 0x01, 0x80, 0x00, 0x03, 0xFF, 0x80, 0x0E, 0x01, 0x00, 0x1C, 0x06, 0x00, 0x6C, 0x08,
    0x01, 0x88, 0x30, 0x02, 0x18, 0xC0, 0x0C, 0x1B, 0x00, 0x30, 0x1C, 0x00, 0xC0, 0x38, 0x07, 0x00,
    0xDC, 0x08, 0x07, 0x0E, 0x00, 0x78, 0x07, 0x81, 0x80, 0x03, 0x80, 0x7F, 0xF8, 0x00, 0x7F, 0xF8,
    0x00, 0x30, 0x6F, 0xFF, 0x30, 0x62, 0x06, 0x30, 0x63, 0x06, 0x30, 0x63, 0x06, 0x3F, 0xE3, 0x06,
    0x30, 0x61, 0x04, 0x30, 0x61, 0x0C, 0x30, 0x61, 0x8C, 0x30, 0x61, 0x88, 0x3F, 0xE0, 0x98, 0x30,
    0x60, 0xD8, 0x30, 0x60, 0x70, 0x30, 0x60, 0x70, 0x30, 0x78, 0x60, 0x3F, 0xF0, 0xF0, 0xFE, 0x60,
    0xD0, 0x00, 0x61, 0x98, 0x00, 0x63, 0x0C, 0x00, 0x66, 0x07, 0x00, 0x6C, 0x01, 0xFF, 0xFF, 0xF8,
    0x00, 0x07, 0x00, 0x00, 0xE0, 0x00, 0x1C, 0x00, 0x03, 0x80, 0x00, 0x70, 0x00, 0x0E, 0x00, 0x01,
    0xC0, 0x00, 0x38, 0x00, 0x07, 0x00, 0x00, 0xE0, 0x00, 0x1C, 0x00, 0x03, 0x80, 0x00, 0x70, 0x00,
    0x0E, 0x00, 0x01, 0xFF, 0xFF, 0xF8, 0x00, 0x07, 0x00, 0x00, 0x80, 0x00, 0x00, 0x00, 0x00, 0x01,
    0xFF, 0xFF, 0xFC, 0x00, 0x00, 0x80, 0x00, 0x01, 0x00, 0x00, 0x02, 0x00, 0x00, 0x04, 0x07, 0xFE,
    0x08, 0x08, 0x04, 0x10, 0x10, 0x08, 0x20, 0x20, 0x10, 0x40, 0x40, 0x20, 0x80, 0x80, 0x41, 0x01,
    0x00, 0x82, 0x02, 0x01, 0x04, 0x07, 0xFE, 0x08, 0x08, 0x00, 0x10, 0x10, 0x00, 0x20, 0x00, 0x00,
    0x40, 0x00, 0x00, 0x80, 0x00, 0x01, 0x00, 0x00, 0x02, 0x00, 0x00, 0xFC, 0x00, 0x00, 0x00, 0x00,
    0x00, 0x20, 0x00, 0x00, 0x40, 0x00, 0x00, 0x80, 0x00, 0x01, 0x00, 0x07, 0xFF, 0xFF, 0x08, 0x04,
    0x02, 0x10, 0x08, 0x04, 0x20, 0x10, 0x08, 0x40, 0x20, 0x10, 0x80, 0x40, 0x21, 0x00, 0x80, 0x43,
    0xFF, 0xFF, 0x80, 0x06, 0x00, 0x02, 0x0C, 0x00, 0x04, 0x18, 0x00, 0x0C, 0x20, 0x00, 0x0C, 0xC0,
    0x00, 0x0F, 0x00, 0x00, 0x0C, 0x00, 0x00, 0x7E, 0x00, 0x03, 0xC7, 0x80, 0x3C, 0x03, 0xF8, 0x40,
    0x00, 0x7F, 0x00, 0x20, 0x00, 0x00, 0xC0, 0x00, 0x01, 0x80, 0x00, 0x02, 0x00, 0x00, 0x0C, 0x00,
    0x0F, 0xFF, 0xFF, 0xC0, 0x20, 0x00, 0x00, 0xC0, 0x00, 0x01, 0x00, 0x00, 0x06, 0x00, 0x00, 0x08,
    0x00, 0x00, 0x30, 0x00, 0x00, 0xFF, 0xFF, 0x83, 0x40, 0x03, 0x06, 0x80, 0x06, 0x39, 0x00, 0x0C,
    0xE2, 0x00, 0x19, 0x04, 0x00, 0x30, 0x08, 0x00, 0x60, 0x10, 0x00, 0xC0, 0x3F, 0xFF, 0x80, 0x40,
    0x03, 0x00, 0x80, 0x06, 0x00, 0x0F, 0xFF, 0xE0, 0x10, 0x00, 0x40, 0x20, 0x00, 0x80, 0x40, 0x01,
    0x00, 0x80, 0x02, 0x01, 0xFF, 0xFC, 0x00, 0x00, 0x00, 0x00, 0x00, 0x00, 0x00, 0x00, 0x01, 0xFF,
    0xFF, 0xF8, 0x08, 0x00, 0x00, 0x10, 0x00, 0x00, 0x60, 0x00, 0x00, 0x80, 0x00, 0x01, 0xFF, 0xF8,
    0x00, 0x00, 0x10, 0x00, 0x00, 0x60, 0x00, 0x00, 0xC0, 0x00, 0x01, 0x00, 0x00, 0x02, 0x00, 0x00,
    0x0C, 0x00, 0x07, 0xF0, 0x00, 0x00, 0x00, 0x00, 0x00, 0x00, 0x00, 0x00, 0x06, 0x00, 0x00, 0x07,
    0x00, 0x00, 0x03, 0xC0, 0x00, 0x02, 0x30, 0x00, 0x07, 0x0C, 0x00, 0x06, 0x03, 0x00, 0x06, 0x00,
    0xE0, 0x0E, 0x00, 0x1C, 0x1D, 0xFF, 0xF7, 0x98, 0x00, 0x00, 0xC0, 0x00, 0x00, 0x00, 0x00, 0x00,
    0x00, 0x00, 0x00, 0x00, 0x1F, 0xFF, 0xE0, 0x18, 0x00, 0x30, 0x0C, 0x00, 0x18, 0x06, 0x00, 0x0C,
    0x03, 0x00, 0x06, 0x01, 0x80, 0x03, 0x00, 0xC0, 0x01, 0x80, 0x7F, 0xFF, 0xC0, 0x30, 0x00, 0x60,
    0x18, 0x00, 0x30, 0x00, 0x00, 0x00, 0x00, 0xFF, 0xFF, 0xFC, 0x00, 0x00, 0xE0, 0x00, 0x07, 0x00,
    0x00, 0x38, 0xFF, 0xF9, 0xC0, 0x00, 0x0E, 0x00, 0x00, 0x70, 0x00, 0x03, 0x87, 0xFF, 0x1C, 0x30,
    0x18, 0xE1, 0x80, 0xC7, 0x0C, 0x06, 0x38, 0x60, 0x31, 0xC3, 0x01, 0x8E, 0x18, 0x0C, 0x70, 0xFF,
    0xE3, 0x86, 0x00, 0x1C, 0x30, 0x00, 0xE0, 0x00, 0x07, 0x00, 0x00, 0x28, 0x00, 0x1F, 0x00, 0x00,
    0x60, 0x00, 0x04, 0x00, 0x00, 0xC0, 0x00, 0x1F, 0xFF, 0x03, 0x00, 0x20, 0x60, 0x06, 0x1C, 0x00,
    0xC7, 0x38, 0x18, 0x60, 0xC3, 0x00, 0x06, 0xE0, 0x00, 0x38, 0x00, 0x07, 0x00, 0x01, 0xC0, 0x00,
    0xFF, 0xFF, 0x7E, 0x00, 0x14, 0x60, 0x01, 0x06, 0x00, 0x10, 0x60, 0x01, 0x06, 0x00, 0x10, 0x60,
    0x01, 0x07, 0xFF, 0xF0, 0x60, 0x01, 0x06, 0x00, 0x10, 0x00, 0x00, 0x00, 0x00, 0x3C, 0x00, 0x7F,
    0xF0, 0x1F, 0xFC, 0x00, 0x18, 0x00, 0x00, 0x18, 0x00, 0x00, 0x18, 0x00, 0x00, 0x18, 0x00, 0x00,
    0x1F, 0xFF, 0xFF, 0x18, 0x00, 0x00, 0x18, 0x00, 0x00, 0x18, 0x00, 0x00, 0x18, 0x00, 0x00, 0x19,
    0xFF, 0xFC, 0x19, 0x80, 0x04, 0x19, 0x80, 0x04, 0x19, 0x80, 0x04, 0x19, 0x80, 0x04, 0x11, 0x80,
    0x04, 0x31, 0x80, 0x04, 0x31, 0x80, 0x04, 0x61, 0xFF, 0xFC, 0x61, 0x80, 0x04, 0x41, 0x80, 0x04,
    0x00, 0x40, 0x00, 0x06, 0x00, 0x00, 0x20, 0x00, 0x03, 0x00, 0x00, 0x10, 0x00, 0x7F, 0xFF, 0xFE,
    0x00, 0x00, 0x70, 0x00, 0x03, 0x80, 0x00, 0x1C, 0x7F, 0xF0, 0xE3, 0x00, 0x87, 0x18, 0x04, 0x38,
    0xC0, 0x21, 0xC6, 0x01, 0x0E, 0x30, 0x08, 0x71, 0x80, 0x43, 0x8C, 0x02, 0x1C, 0x7F, 0xF0, 0xE3,
    0x00, 0x07, 0x18, 0x00, 0x38, 0x00, 0x01, 0xC0, 0x00, 0x0E, 0x00, 0x0F, 0xC0, 0xFF, 0xFF, 0xFE,
    0x00, 0x18, 0x00, 0x00, 0x60, 0x00, 0x01, 0x80, 0x00, 0x0F, 0x70, 0x00, 0x32, 0x38, 0x01, 0xC4,
    0x1C, 0x0E, 0x08, 0x0E, 0xF0, 0x10, 0x0F, 0x80, 0x20, 0x00, 0x00, 0x40, 0x00, 0x00, 0x80, 0x01,
    0xFF, 0xFF, 0x03, 0x00, 0x06, 0x06, 0x00, 0x0C, 0x0C, 0x00, 0x18, 0x18, 0x00, 0x30, 0x30, 0x00,
    0x60, 0x7F, 0xFF, 0xC0, 0xC0, 0x01, 0x81, 0x80, 0x03, 0x00, 0x00, 0x00, 0x00, 0x00, 0x18, 0x00,
    0x00, 0x20, 0x00, 0x00, 0xC0, 0x00, 0x01, 0x00, 0x1F, 0xFF, 0xF8, 0x60, 0x00, 0x21, 0x80, 0x00,
    0x86, 0x00, 0x02, 0x18, 0x00, 0x08, 0x7F, 0xFF, 0xE1, 0x80, 0x00, 0x06, 0x00, 0x00, 0x18, 0x00,
    0x00, 0x6F, 0xFF, 0xF1, 0xB0, 0x00, 0xC6, 0xC0, 0x03, 0x1B, 0x00, 0x0C, 0x6C, 0x00, 0x33, 0x30,
    0x00, 0xCC, 0xC0, 0x03, 0x23, 0xFF, 0xFD, 0x8C, 0x00, 0x34, 0x30, 0x00, 0xC0, 0x00, 0x00, 0x02,
    0x10, 0x00, 0x0C, 0x20, 0x00, 0x10, 0x40, 0x00, 0x60, 0x80, 0x00, 0xFF, 0xFF, 0x03, 0x02, 0x00,
    0x0C, 0x04, 0x00, 0x30, 0x08, 0x00, 0x60, 0x10, 0x00, 0x00, 0x20, 0x03, 0xFF, 0xFF, 0xFB, 0xFF,
    0xFF, 0xE0, 0x00, 0x00, 0x00, 0x00, 0x00, 0x07, 0xFF, 0xFC, 0x0C, 0x00, 0x18, 0x18, 0x00, 0x30,
    0x30, 0x00, 0x60, 0x60, 0x00, 0xC0, 0xC0, 0x01, 0x81, 0x80, 0x03, 0x03, 0xFF, 0xFE, 0x06, 0x00,
    0x0C, 0x00, 0x00, 0x18, 0x00, 0x00, 0x38, 0x00, 0x00, 0x6C, 0x00, 0x00, 0xC6, 0x00, 0x01, 0x83,
    0x00, 0x03, 0x01, 0xC0, 0x0E, 0x00, 0x70, 0x39, 0xFF, 0xBC, 0xF0, 0x00, 0x0E, 0x00, 0x00, 0x00,
    0x3F, 0xC7, 0xF8, 0x30, 0x44, 0x08, 0x30, 0x44, 0x08, 0x30, 0x44, 0x08, 0x30, 0x44, 0x08, 0x30,
    0x44, 0x08, 0x30, 0x44, 0x08, 0x3F, 0xC4, 0x08, 0x3F, 0xC4, 0xF8, 0x30, 0x04, 0x00, 0x30, 0x04,
    0x00, 0x00, 0x04, 0x00, 0x00, 0x04, 0x00, 0x00, 0xF0, 0x00, 0x7F, 0x00, 0x07, 0xE0, 0xFF, 0xC0,
    0x83, 0x01, 0x02, 0x0C, 0x04, 0x08, 0x30, 0x10, 0x20, 0xC0, 0x7F, 0xFF, 0x01, 0x06, 0x0C, 0x04,
    0x1C, 0x30, 0x10, 0x70, 0xC0, 0x43, 0xE3, 0x01, 0x0A, 0xCC, 0x04, 0x69, 0xB0, 0x13, 0x23, 0xC0,
    0x48, 0x83, 0x01, 0x62, 0x0C, 0x07, 0x08, 0x30, 0x18, 0x20, 0xC0, 0x40, 0x83, 0xFF, 0x02, 0x0C,
    0x04, 0x08, 0x30, 0x10, 0x20, 0x00, 0x00, 0x1F, 0xC7, 0xF8, 0x30, 0x46, 0x08, 0x30, 0x46, 0x08,
    0x30, 0x46, 0x08, 0x30, 0x46, 0x08, 0x30, 0x46, 0x08, 0x1F, 0xD7, 0xF8, 0x00, 0x31, 0x80, 0x00,
    0x21, 0xE0, 0x00, 0x60, 0x60, 0x7F, 0xFF, 0xFE, 0x01, 0x81, 0x80, 0x07, 0x00, 0xE0, 0x0C, 0x00,
    0x38, 0x3F, 0xC7, 0xFE, 0xF0, 0x46, 0x0A, 0x30, 0x46, 0x08, 0x30, 0x46, 0x08, 0x30, 0x46, 0x08,
    0x30, 0x46, 0x08, 0x3F, 0xC7, 0xF8, 0x30, 0x46, 0x08, 0xFF, 0xFF, 0xFF, 0xFF, 0xFF, 0xF0, 0x41,
    0x03, 0x82, 0x08, 0x1C, 0x10, 0x40, 0xE0, 0x82, 0x07, 0x04, 0x10, 0x38, 0x60, 0x81, 0xC3, 0x04,
    0x0E, 0x10, 0x20, 0x70, 0x81, 0x03, 0x8C, 0x0F, 0xDC, 0xC0, 0x00, 0xFC, 0x00, 0x07, 0x80, 0x00,
    0x38, 0x00, 0x01, 0xC0, 0x00, 0x0F, 0xFF, 0xFF, 0xF0, 0x00, 0x03, 0x80, 0x00, 0x10, 0xFF, 0xFF,
    0xFF, 0x00, 0x00, 0x3C, 0x00, 0x00, 0xF0, 0x00, 0x03, 0xC0, 0x00, 0x0F, 0x00, 0x00, 0x3C, 0x3F,
    0xF0, 0xF0, 0x80, 0x43, 0xC2, 0x01, 0x0F, 0x08, 0x04, 0x3C, 0x20, 0x10, 0xF0, 0x80, 0x43, 0xC2,
    0x01, 0x0F, 0x08, 0x04, 0x3C, 0x3F, 0xF0, 0xF0, 0x00, 0x03, 0xC0, 0x00, 0x0F, 0x00, 0x00, 0x3C,
    0x00, 0x00, 0xFF, 0xFF, 0xFF, 0xC0, 0x00, 0x0F, 0x00, 0x00, 0x30, 0xFF, 0xFF, 0xFF, 0x00, 0x00,
    0x3C, 0x01, 0x00, 0xF0, 0x04, 0x03, 0xC0, 0x10, 0x0F, 0x00, 0x40, 0x3C, 0x01, 0x00, 0xF7, 0xFF,
    0xFB, 0xC0, 0x30, 0x0F, 0x00, 0xC0, 0x3C, 0x03, 0x80, 0xF0, 0x1B, 0x03, 0xC0, 0x66, 0x0F, 0x03,
    0x0C, 0x3C, 0x08, 0x18, 0xF0, 0x60, 0x33, 0xC7, 0x00, 0x4F, 0x30, 0x01, 0xBC, 0x00, 0x00, 0xFF,
    0xFF, 0xFF, 0xC0, 0x00, 0x0F, 0x00, 0x00, 0x30, 0xFF, 0xFF, 0xFB, 0x00, 0x00, 0x2C, 0x02, 0x00,
    0xB0, 0x08, 0x02, 0xC0, 0x20, 0x0B, 0x00, 0x80, 0x2D, 0xFF, 0xFC, 0xB0, 0x08, 0x02, 0xC0, 0x20,
    0x0B, 0x00, 0x80, 0x2C, 0x3F, 0xF0, 0xB0, 0xFF, 0xC2, 0xC2, 0x01, 0x0B, 0x08, 0x04, 0x2C, 0x20,
    0x10, 0xB0, 0x80, 0x42, 0xC3, 0xFF, 0x0B, 0x00, 0x00, 0x2C, 0x00, 0x00, 0xB0, 0x00, 0x02, 0xFF,
    0xFF, 0xFB, 0x00, 0x00, 0x20, 0x7F, 0xFF, 0xFD, 0x00, 0x00, 0x34, 0x04, 0x00, 0xD0, 0x30, 0x03,
    0x41, 0xFF, 0x8D, 0x0C, 0x04, 0x34, 0x78, 0x20, 0xD7, 0x33, 0x03, 0x40, 0x78, 0x0D, 0x01, 0xF0,
    0x34, 0x3C, 0x70, 0xD7, 0x80, 0x7B, 0x50, 0xE0, 0x2D, 0x00, 0xF0, 0x34, 0x00, 0xE0, 0xD0, 0xE0,
    0x03, 0x43, 0xFC, 0x0D, 0x00, 0x7C, 0x34, 0x00, 0x10, 0xD0, 0x00, 0x03, 0x7F, 0xFF, 0xFD, 0x00,
    0x00, 0x30, 0x00, 0x40, 0x00, 0x00, 0x80, 0x00, 0x03, 0x00, 0x00, 0x04, 0x00, 0x07, 0xFF, 0xFF,
    0xE0, 0x20, 0x00, 0x00, 0xC0, 0x80, 0x01, 0x01, 0x00, 0x06, 0x02, 0x00, 0x08, 0x04, 0x00, 0x30,
    0x08, 0x00, 0xE0, 0x10, 0x03, 0xCF, 0xFF, 0xCD, 0x80, 0x40, 0x33, 0x00, 0x80, 0x06, 0x01, 0x00,
    0x0C, 0x02, 0x00, 0x18, 0x04, 0x00, 0x30, 0x08, 0x00, 0x60, 0x10, 0x00, 0xC0, 0x20, 0x01, 0xBF,
    0xFF, 0xC3, 0x7F, 0xFF, 0x80, 0x08, 0x01, 0x00, 0x08, 0x01, 0x00, 0x08, 0x21, 0x00, 0x08, 0x21,
    0x00, 0x08, 0x21, 0x04, 0x08, 0x21, 0x1C, 0xFF, 0x21, 0xF4, 0x08, 0x23, 0xC4, 0x08, 0x2F, 0x04,
    0x08, 0x79, 0x04, 0x09, 0xE1, 0x04, 0x09, 0x21, 0x04, 0x08, 0x21, 0x04, 0x08, 0x21, 0x04, 0x09,
    0xA1, 0x04, 0x0F, 0x21, 0x7C, 0x3C, 0x21, 0x00, 0xE0, 0x21, 0x02, 0x00, 0x20, 0x02, 0x00, 0x20,
    0x02, 0x00, 0x20, 0x02, 0x00, 0x30, 0x06, 0x00, 0x3F, 0xFC, 0x08, 0x01, 0x80, 0x10, 0x03, 0x00,
    0x20, 0x06, 0x00, 0x40, 0x0C, 0x00, 0x80, 0x18, 0x01, 0x04, 0x30, 0x3F, 0xE8, 0x60, 0x04, 0x10,
    0xC0, 0x08, 0x21, 0x80, 0x10, 0x43, 0xFC, 0x20, 0x86, 0x00, 0x41, 0x0C, 0x00, 0x82, 0x18, 0x01,
    0x04, 0x30, 0x02, 0xE8, 0x60, 0x07, 0x90, 0xC0, 0x78, 0x21, 0x81, 0xC0, 0x43, 0x00, 0x00, 0x86,
    0x00, 0x01, 0x0C, 0x00, 0x02, 0x18, 0x00, 0x7F, 0xFF, 0xC0, 0x7F, 0xFF, 0x80, 0x08, 0x00, 0x00,
    0x08, 0x00, 0x00, 0x08, 0xFF, 0xFE, 0x08, 0x00, 0x80, 0x08, 0x01, 0x80, 0x08, 0x03, 0x00, 0xFF,
    0x03, 0x00, 0x08, 0x07, 0xC0, 0x08, 0x0F, 0x60, 0x08, 0x1B, 0x30, 0x08, 0x33, 0x18, 0x08, 0xE3,
    0x0E, 0x09, 0x83, 0x02, 0x08, 0x03, 0x00, 0x09, 0x83, 0x00, 0x0F, 0x03, 0x00, 0x3C, 0x03, 0x00,
    0xF0, 0x03, 0x00, 0x80, 0x03, 0x00, 0x00, 0x03, 0x00, 0x00, 0x03, 0x00, 0x00, 0x03, 0x00, 0x00,
    0x03, 0x00, 0x08, 0x00, 0x00, 0x08, 0x7F, 0xFC, 0x08, 0x7F, 0xFC, 0x08, 0x41, 0x04, 0x08, 0x41,
    0x04, 0x08, 0x41, 0x04, 0xFF, 0x7F, 0xFC, 0x08, 0x41, 0x04, 0x08, 0x41, 0x04, 0x08, 0x41, 0x04,
    0x08, 0x41, 0x04, 0x08, 0x7F, 0xFC, 0x08, 0x01, 0x00, 0x08, 0x01, 0x00, 0x09, 0x01, 0x00, 0x0F,
    0x01, 0x00, 0x3C, 0xFF, 0xFE, 0xE0, 0x01, 0x00, 0x80, 0x01, 0x00, 0x00, 0x01, 0x00, 0x00, 0x01,
    0x00, 0x03, 0xFF, 0xFF, 0x01, 0xFF, 0xFE, 0x04, 0x00, 0x00, 0x04, 0x0F, 0xFC, 0x04, 0x1F, 0xFC,
    0x7F, 0xF8, 0x0C, 0x04, 0x18, 0x0C, 0x04, 0x18, 0x0C, 0x04, 0x18, 0x0C, 0xFF, 0xF8, 0xFC, 0x7F,
    0xD8, 0x00, 0x31, 0x98, 0x00, 0x11, 0x9F, 0xFC, 0x13, 0x1A, 0x0C, 0xFF, 0xFB, 0x0C, 0x04, 0x1B,
    0x08, 0x04, 0x19, 0x18, 0x04, 0x19, 0x98, 0xFF, 0xF8, 0xF0, 0x04, 0x18, 0xE0, 0x04, 0x18, 0x60,
    0x04, 0x18, 0xF0, 0x04, 0x19, 0x98, 0x04, 0x1B, 0x0E, 0x04, 0x1E, 0x06, 0x00, 0x00, 0x00, 0x00,
    0x00, 0x00, 0x00, 0x80, 0x00, 0x01, 0x80, 0x00, 0x03, 0xFF, 0xE0, 0x07, 0x00, 0xC0, 0x0F, 0x81,
    0x80, 0x19, 0xC3, 0x00, 0x70, 0x6E, 0x00, 0x00, 0x38, 0x00, 0x00, 0xFE, 0x00, 0x07, 0x83, 0xC0,
    0x3E, 0x00, 0xFE, 0xFF, 0xFF, 0xEE, 0x0F, 0xFF, 0xF0, 0x08, 0x10, 0x30, 0x08, 0x10, 0x30, 0x08,
    0x10, 0x30, 0x0F, 0xFF, 0xF0, 0x08, 0x10, 0x30, 0x08, 0x10, 0x30, 0x08, 0x10, 0x30, 0x08, 0x10,
    0x30, 0x0F, 0xFF, 0xF0, 0x08, 0x00, 0x30, 0x00, 0x00, 0x00, 0x00, 0x30, 0x00, 0x00, 0x20, 0x01,
    0xFF, 0xFF, 0xF7, 0xFF, 0xFF, 0xF0, 0x08, 0x20, 0x00, 0x90, 0x40, 0x03, 0x20, 0x98, 0x04, 0x41,
    0x18, 0x18, 0x82, 0x18, 0x61, 0x04, 0x11, 0x82, 0x08, 0x32, 0x06, 0x10, 0x00, 0x0C, 0x00, 0x00,
    0x3F, 0xFC, 0x00, 0xC0, 0x30, 0x07, 0x80, 0xC0, 0x39, 0x83, 0x80, 0xE1, 0x8C, 0x00, 0x01, 0xF0,
    0x00, 0x03, 0xE0, 0x00, 0x3C, 0x78, 0x07, 0xE0, 0x3F, 0x1C, 0x00, 0x07, 0x80, 0x02, 0x00, 0x00,
    0x06, 0x00, 0x00, 0x06, 0x00, 0x00, 0x0F, 0xFF, 0xFC, 0x18, 0x00, 0x00, 0x30, 0x00, 0x00, 0x67,
    0xFF, 0xF0, 0x44, 0x00, 0x10, 0x04, 0x00, 0x10, 0x07, 0xFF, 0xF0, 0x04, 0x00, 0x10, 0x04, 0x00,
    0x10, 0x07, 0xFF, 0xF0, 0x01, 0x80, 0x00, 0x03, 0x00, 0x00, 0x07, 0xFF, 0xE0, 0x0F, 0x00, 0x60,
    0x19, 0x81, 0xC0, 0x30, 0xE7, 0x00, 0x00, 0x3E, 0x00, 0x00, 0xFF, 0x00, 0x1F, 0xC3, 0xFC, 0xFC,
    0x00, 0x1E, 0x04, 0x01, 0x00, 0x04, 0x01, 0x00, 0x04, 0x01, 0x00, 0x0C, 0x01, 0x00, 0x0F, 0xF1,
    0x00, 0x08, 0x31, 0x00, 0x18, 0x31, 0x00, 0x10, 0x21, 0x00, 0x30, 0x21, 0x80, 0x20, 0x61, 0xE0,
    0x78, 0x61, 0x30, 0xCE, 0x41, 0x18, 0x03, 0xC1, 0x0C, 0x01, 0x81, 0x06, 0x01, 0x81, 0x00, 0x01,
    0x01, 0x00, 0x03, 0x01, 0x00, 0x06, 0x01, 0x00, 0x0C, 0x01, 0x00, 0x18, 0x01, 0x00, 0x30, 0x01,
    0x00, 0x60, 0x01, 0x00, 0xC0, 0x01, 0x00, 0x00, 0x18, 0x00, 0x00, 0x30, 0x00, 0x00, 0x60, 0x00,
    0x00, 0xC0, 0x00, 0x01, 0x80, 0x00, 0x02, 0x00, 0x00, 0x04, 0x00, 0x00, 0x08, 0x00, 0x7F, 0xFF,
    0xFE, 0x00, 0x70, 0x00, 0x00, 0xE0, 0x00, 0x01, 0x60, 0x00, 0x06, 0x40, 0x00, 0x0C, 0xC0, 0x00,
    0x10, 0x80, 0x00, 0x61, 0x80, 0x01, 0x81, 0x80, 0x02, 0x03, 0x00, 0x0C, 0x03, 0x00, 0x30, 0x03,
    0x01, 0xC0, 0x03, 0x8E, 0x00, 0x03, 0xB8, 0x00, 0x01, 0x80, 0x7F, 0xFF, 0xFC, 0x00, 0x20, 0x00,
    0x00, 0x40, 0x00, 0x00, 0x80, 0x00, 0x01, 0x00, 0x00, 0x02, 0x00, 0x00, 0x0C, 0x00, 0x00, 0x18,
    0x00, 0x7F, 0xFF, 0xFE, 0x00, 0x70, 0x00, 0x00, 0xA0, 0x00, 0x03, 0x60, 0x00, 0x04, 0x40, 0x00,
    0x18, 0xC0, 0x00, 0x60, 0x80, 0x01, 0x81, 0x80, 0x06, 0x01, 0x80, 0x18, 0x01, 0x80, 0xE0, 0x01,
    0xC7, 0x00, 0x00, 0xE0, 0x00, 0x00, 0x60, 0x00, 0x10, 0x00, 0x00, 0x20, 0x00, 0x00, 0x40, 0x00,
    0x00, 0x80, 0x01, 0xFF, 0xFF, 0x02, 0x02, 0x02, 0x04, 0x04, 0x04, 0x08, 0x08, 0x08, 0x10, 0x10,
    0x10, 0x20, 0x20, 0x20, 0x40, 0xC0, 0x40, 0x81, 0x80, 0x8F, 0xFF, 0xFF, 0xE0, 0x07, 0x00, 0x00,
    0x0A, 0x00, 0x00, 0x36, 0x00, 0x00, 0xC6, 0x00, 0x01, 0x84, 0x00, 0x06, 0x0C, 0x00, 0x38, 0x0C,
    0x00, 0xC0, 0x06, 0x0F, 0x00, 0x07, 0x38, 0x00, 0x03, 0x80, 0x02, 0x10, 0x00, 0x06, 0x10, 0x00,
    0x06, 0x10, 0x00, 0x04, 0x10, 0x00, 0x0C, 0x10, 0x00, 0x0F, 0xFF, 0xF8, 0x18, 0x10, 0x00, 0x10,
    0x10, 0x00, 0x30, 0x10, 0x00, 0x60, 0x10, 0x00, 0x60, 0x10, 0x00, 0x00, 0x10, 0x00, 0x7F, 0xFF,
    0xFE, 0x00, 0x38, 0x00, 0x00, 0x2C, 0x00, 0x00, 0x64, 0x00, 0x00, 0x46, 0x00, 0x00, 0xC3, 0x00,
    0x01, 0x81, 0x00, 0x03, 0x01, 0xC0, 0x0E, 0x00, 0x60, 0x38, 0x00, 0x38, 0x70, 0x00, 0x0E, 0x00,
    0x00, 0x00, 0x00, 0x10, 0x00, 0x00, 0x20, 0x00, 0x00, 0x40, 0x00, 0x00, 0x80, 0x07, 0xFF, 0xFF,
    0xC0, 0x02, 0x00, 0x02, 0x04, 0x18, 0x06, 0x08, 0x20, 0x04, 0x10, 0xC0, 0x0C, 0x23, 0x00, 0x08,
    0xC4, 0x00, 0x11, 0x88, 0x07, 0xFF, 0xFF, 0xE0, 0x07, 0x00, 0x00, 0x1A, 0x00, 0x00, 0x36, 0x00,
    0x00, 0x46, 0x00, 0x01, 0x86, 0x00, 0x06, 0x06, 0x00, 0x18, 0x06, 0x00, 0xE0, 0x07, 0x0F, 0x00,
    0x03, 0xF8, 0x00, 0x01, 0x80, 0x00, 0x00, 0x00, 0x06, 0x00, 0x00, 0x06, 0x00, 0x00, 0x04, 0x00,
    0x00, 0x04, 0x0F, 0xFE, 0x0C, 0x0C, 0x02, 0xFF, 0xEC, 0x02, 0x0C, 0x2C, 0x02, 0x08, 0x2C, 0x02,
    0x08, 0x6C, 0x02, 0x18, 0x6C, 0x02, 0x18, 0x6C, 0x02, 0x10, 0x4C, 0x02, 0x30, 0x4C, 0x02, 0x30,
    0xCC, 0x02, 0x1C, 0xCC, 0x02, 0x07, 0x8C, 0x02, 0x03, 0x8C, 0x02, 0x03, 0xCC, 0x02, 0x03, 0x6C,
    0x02, 0x06, 0x3F, 0xFE, 0x0C, 0x0C, 0x02, 0x18, 0x0C, 0x02, 0x70, 0x0C, 0x00, 0x40, 0x00, 0x00,
    0x00, 0x00, 0x00, 0x0C, 0x00, 0x80, 0x0C, 0x01, 0x80, 0x08, 0x01, 0x00, 0x08, 0x03, 0x00, 0x08,
    0x06, 0x10, 0xFF, 0x84, 0x18, 0x18, 0x8C, 0x0C, 0x10, 0x98, 0x04, 0x10, 0x90, 0x1E, 0x30, 0xBF,
    0xFE, 0x31, 0xB0, 0x03, 0x21, 0x80, 0x00, 0x21, 0x00, 0x00, 0x61, 0x1F, 0xFE, 0x33, 0x18, 0x06,
    0x1F, 0x18, 0x06, 0x06, 0x18, 0x06, 0x07, 0x18, 0x06, 0x0D, 0x98, 0x06, 0x08, 0xD8, 0x06, 0x18,
    0x18, 0x06, 0x70, 0x1F, 0xFE, 0x60, 0x18, 0x06, 0x00, 0x00, 0x00, 0x00, 0x30, 0x00, 0x00, 0x20,
    0x00, 0x00, 0x60, 0x03, 0xFF, 0xFF, 0xE4, 0x00, 0x00, 0x48, 0x00, 0x00, 0x90, 0x00, 0x01, 0x23,
    0xFF, 0xF2, 0x00, 0x00, 0xC0, 0x00, 0x03, 0x00, 0x00, 0x1C, 0x00, 0x00, 0x60, 0x00, 0x01, 0x80,
    0x00, 0x02, 0x00, 0x1F, 0xFF, 0xFF, 0x00, 0x08, 0x00, 0x00, 0x10, 0x00, 0x00, 0x20, 0x00, 0x00,
    0x40, 0x00, 0x00, 0x80, 0x00, 0x01, 0x00, 0x00, 0x02, 0x00, 0x00, 0x7C, 0x00, 0x00, 0x00, 0x40,
    0x00, 0x01, 0x80, 0x00, 0x02, 0x00, 0x03, 0xFF, 0xFF, 0xF0, 0x18, 0x00, 0x00, 0x20, 0x00, 0x00,
    0xC0, 0x00, 0x01, 0x00, 0x00, 0x06, 0x7F, 0xF8, 0x18, 0x00, 0x60, 0x60, 0x01, 0x80, 0xC0, 0x0C,
    0x03, 0x80, 0x30, 0x0D, 0x00, 0x60, 0x32, 0x7F, 0xFF, 0x84, 0x01, 0x80, 0x08, 0x03, 0x00, 0x10,
    0x06, 0x00, 0x20, 0x0C, 0x00, 0x40, 0x18, 0x00, 0x80, 0x30, 0x01, 0x00, 0x60, 0x02, 0x0F, 0xC0,
    0x00, 0x00, 0x20, 0x00, 0x30, 0x60, 0x20, 0x20, 0x40, 0xC0, 0x60, 0xC3, 0x00, 0x60, 0x84, 0x0F,
    0xFF, 0xFF, 0x90, 0x00, 0x01, 0x20, 0x00, 0x02, 0x40, 0x00, 0x04, 0x9F, 0xFF, 0xC8, 0x00, 0x03,
    0x00, 0x00, 0x1C, 0x00, 0x00, 0xE0, 0x00, 0x03, 0x00, 0x00, 0x04, 0x00, 0x7F, 0xFF, 0xFF, 0x00,
    0x10, 0x00, 0x00, 0x20, 0x00, 0x00, 0x40, 0x00, 0x00, 0x80, 0x00, 0x01, 0x00, 0x00, 0x02, 0x00,
    0x00, 0x04, 0x00, 0x01, 0xF8, 0x00, 0x00, 0x00, 0x00, 0x00, 0x40, 0x00, 0x03, 0x00, 0x00, 0x08,
    0x00, 0x00, 0x60, 0x0F, 0xFF, 0xFF, 0xC0, 0x00, 0x0E, 0x00, 0x00, 0x71, 0x00, 0x03, 0x88, 0x00,
    0x18, 0x40, 0x00, 0x02, 0x00, 0xE0, 0x10, 0x1E, 0x00, 0x87, 0x80, 0x05, 0xF0, 0x00, 0x3C, 0x00,
    0x01, 0x00, 0x00, 0x08, 0x00, 0x00, 0x40, 0x00, 0x02, 0x00, 0x04, 0x10, 0x00, 0x20, 0x80, 0x03,
    0x04, 0x00, 0x18, 0x3F, 0xFF, 0x80, 0x00, 0x20, 0x00, 0x00, 0x60, 0x00, 0x00, 0x60, 0x03, 0xFF,
    0xFF, 0xE4, 0x00, 0x00, 0x48, 0x00, 0x00, 0x90, 0x00, 0x01, 0x27, 0xFF, 0xF2, 0x4F, 0xFF, 0xE4,
    0x00, 0x20, 0x00, 0x00, 0x40, 0x00, 0x00, 0x80, 0x00, 0x01, 0x00, 0x0F, 0xFF, 0xFF, 0xC0, 0x04,
    0x00, 0x00, 0x08, 0x00, 0x00, 0x10, 0x00, 0x00, 0x20, 0x00, 0x00, 0x40, 0x00, 0x00, 0x80, 0x00,
    0x01, 0x00, 0x00, 0x02, 0x00, 0x00, 0xFC, 0x00, 0x00, 0x00, 0x20, 0x00, 0x00, 0x60, 0x00, 0x00,
    0x40, 0x03, 0xFF, 0xFF, 0xE6, 0x00, 0x00, 0xCC, 0x04, 0x01, 0x98, 0x18, 0x03, 0x30, 0x20, 0x06,
    0x00, 0xC0, 0x00, 0x01, 0x00, 0x01, 0xFF, 0xFF, 0xF0, 0x18, 0x0C, 0x00, 0x20, 0x18, 0x00, 0xC0,
    0x20, 0x03, 0x00, 0xC0, 0x07, 0xC3, 0x00, 0x01, 0xEC, 0x00, 0x00, 0x78, 0x00, 0x00, 0xFC, 0x00,
    0x07, 0x1E, 0x00, 0x78, 0x07, 0x07, 0xC0, 0x07, 0x0C, 0x00, 0x02, 0x00, 0x00, 0x00, 0x00, 0x00,
    0x30, 0x00, 0x00, 0x18, 0x00, 0x00, 0x08, 0x00, 0x3F, 0xFF, 0xFE, 0x20, 0x00, 0x02, 0x20, 0x00,
    0x02, 0x20, 0x00, 0x02, 0x20, 0x00, 0x02, 0x07, 0xFF, 0xF0, 0x00, 0x00, 0x00, 0x00, 0x00, 0x00,
    0x3F, 0xFF, 0xFE, 0x7F, 0xFF, 0xFF, 0x00, 0x83, 0x00, 0x00, 0x83, 0x00, 0x00, 0x83, 0x00, 0x01,
    0x83, 0x00, 0x01, 0x03, 0x00, 0x03, 0x03, 0x01, 0x06, 0x03, 0x01, 0x1C, 0x03, 0x01, 0x78, 0x03,
    0x03, 0x00, 0x03, 0xFE, 0x00, 0x40, 0x00, 0x03, 0x00, 0x00, 0x0C, 0x01, 0xFF, 0xFF, 0xF8, 0x00,
    0x00, 0xC0, 0x10, 0x06, 0x00, 0x80, 0x30, 0x04, 0x01, 0x00, 0x20, 0x01, 0xFF, 0xFF, 0x08, 0x08,
    0x18, 0x40, 0x40, 0xC2, 0x02, 0x06, 0x10, 0x10, 0x30, 0x80, 0x81, 0x87, 0xFF, 0xFC, 0x20, 0x20,
    0x61, 0x01, 0x03, 0x08, 0x08, 0x18, 0x40, 0x40, 0xC3, 0xFF, 0xFE, 0x1F, 0xFF, 0xF0, 0x80, 0x01,
    0x80, 0x00, 0x20, 0x00, 0x00, 0x60, 0x00, 0x00, 0x60, 0x03, 0xFF, 0xFF, 0xE4, 0x00, 0x00, 0x48,
    0x00, 0x00, 0x90, 0x00, 0x01, 0x27, 0xFF, 0xF2, 0x1F, 0xFF, 0xF0, 0x00, 0x60, 0x00, 0x00, 0xC0,
    0x00, 0x21, 0x80, 0x00, 0xC3, 0x00, 0x01, 0x86, 0x00, 0x02, 0x0F, 0xFC, 0x04, 0x18, 0x00, 0x1C,
    0x30, 0x00, 0x38, 0x60, 0x00, 0x58, 0xC0, 0x01, 0x99, 0x80, 0x02, 0x1F, 0x00, 0x0C, 0x1F, 0x00,
    0x30, 0x0F, 0xFF, 0xC0, 0x00, 0x00, 0x00, 0x00, 0x00, 0x00, 0x60, 0x00, 0x00, 0x40, 0x00, 0x00,
    0xC0, 0x07, 0xFF, 0xFF, 0xCC, 0x00, 0x01, 0x98, 0x02, 0x03, 0x33, 0x04, 0x06, 0x63, 0x08, 0x0C,
    0x03, 0x10, 0x00, 0x03, 0x60, 0x00, 0xC0, 0xC0, 0x00, 0xC1, 0x80, 0x00, 0xC3, 0x00, 0x00, 0xC4,
    0x00, 0x00, 0x08, 0x00, 0x7F, 0xFF, 0xFE, 0x00, 0x40, 0x00, 0x01, 0x98, 0x00, 0x06, 0x1C, 0x00,
    0x18, 0x0E, 0x00, 0xE0, 0x07, 0x0F, 0x00, 0x03, 0x38, 0x00, 0x02, 0x00, 0x20, 0x00, 0x00, 0x30,
    0x00, 0x00, 0x18, 0x00, 0x7F, 0xFF, 0xFC, 0x40, 0x10, 0x04, 0x40, 0x10, 0x04, 0x40, 0x10, 0x04,
    0x5F, 0xFF, 0xF4, 0x00, 0x10, 0x00, 0x00, 0x10, 0x00, 0x00, 0x10, 0x00, 0x1F, 0xFF, 0xF0, 0x00,
    0x10, 0x00, 0x00, 0x30, 0x00, 0x00, 0x30, 0x00, 0x7F, 0xFF, 0xFE, 0x00, 0x6C, 0x00, 0x00, 0xC4,
    0x00, 0x01, 0x86, 0x00, 0x07, 0x03, 0x80, 0x1C, 0x00, 0xE0, 0x70, 0x00, 0x7C, 0x40, 0x00, 0x0E,
    0x00, 0x30, 0x00, 0x00, 0x20, 0x00, 0x00, 0x60, 0x03, 0xFF, 0xFF, 0xE4, 0x00, 0x00, 0x48, 0x20,
    0x60, 0x90, 0xC0, 0x61, 0x03, 0x08, 0x70, 0x0C, 0x18, 0x30, 0x30, 0x70, 0x31, 0xC1, 0xB0, 0x30,
    0x0E, 0x18, 0x00, 0x30, 0x18, 0x01, 0xC0, 0x1C, 0x07, 0xFF, 0xFE, 0x3E, 0x00, 0x37, 0xCC, 0x00,
    0x62, 0x18, 0x00, 0xC0, 0x30, 0x01, 0x80, 0x60, 0x03, 0x00, 0xC0, 0x06, 0x01, 0xFF, 0xFC, 0x03,
    0x00, 0x18, 0x00, 0x00, 0x30, 0x00, 0x00, 0x20, 0x00, 0x00, 0x60, 0x03, 0xFF, 0xFF, 0xE4, 0x08,
    0x20, 0x48, 0x10, 0x40, 0x90, 0x20, 0x81, 0x0F, 0xFF, 0xF8, 0x00, 0x82, 0x00, 0x01, 0x04, 0x00,
    0x00, 0x00, 0x00, 0x7F, 0xFF, 0x00, 0x80, 0x02, 0x01, 0x02, 0x04, 0x02, 0x04, 0x08, 0x04, 0x08,
    0x10, 0x08, 0x38, 0x20, 0x10, 0x70, 0x44, 0x21, 0xA0, 0x88, 0x06, 0x40, 0x10, 0x38, 0x80, 0x21,
    0xC1, 0x80, 0xDE, 0x03, 0xFF, 0x20, 0x00, 0x00, 0x00, 0x30, 0x00, 0x00, 0x20, 0x00, 0x00, 0x40,
    0x03, 0xFF, 0xFF, 0xE4, 0x08, 0x00, 0x48, 0x1C, 0x10, 0x90, 0x4C, 0x61, 0x20, 0x8D, 0x82, 0x19,
    0x0E, 0x60, 0x62, 0x30, 0x70, 0x85, 0xC1, 0x33, 0x0E, 0x02, 0x2C, 0xF0, 0x0C, 0x6F, 0xBF, 0xF0,
    0x38, 0x04, 0x00, 0x08, 0x08, 0x08, 0x10, 0x10, 0x10, 0x20, 0x20, 0x20, 0x40, 0x40, 0x40, 0x80,
    0x80, 0x81, 0xFF, 0xFF, 0x03, 0xFF, 0xFE, 0x00, 0x00, 0x04, 0x00, 0x00, 0x00, 0x10, 0x00, 0x00,
    0x10, 0x00, 0x00, 0x10, 0x00, 0x00, 0x10, 0xFF, 0xE0, 0x10, 0x00, 0x60, 0x10, 0x00, 0xC0, 0x10,
    0x00, 0xDF, 0xFE, 0x00, 0xC0, 0x10, 0x20, 0xC0, 0x10, 0x30, 0x80, 0x10, 0x19, 0x8C, 0x10, 0x0D,
    0x84, 0x10, 0x07, 0x06, 0x10, 0x03, 0x02, 0x10, 0x03, 0x83, 0x10, 0x06, 0xC1, 0x10, 0x0C, 0x60,
    0x10, 0x08, 0x60, 0x10, 0x18, 0x20, 0x10, 0x30, 0x00, 0x10, 0x60, 0x00, 0x10, 0xC0, 0x01, 0xF0,
    0x02, 0x00, 0x08, 0x02, 0x00, 0x08, 0x02, 0x00, 0x08, 0x02, 0x00, 0x08, 0x7F, 0xF0, 0x08, 0x02,
    0x00, 0x08, 0x02, 0x0F, 0xFF, 0x02, 0x00, 0x08, 0x02, 0x00, 0x08, 0xFF, 0xF0, 0x08, 0x02, 0x02,
    0x08, 0x02, 0x03, 0x08, 0x02, 0x01, 0x08, 0x02, 0x01, 0x88, 0x7F, 0xF0, 0x88, 0x02, 0x00, 0xC8,
    0x02, 0x00, 0x08, 0x02, 0x00, 0x08, 0x02, 0x18, 0x08, 0x03, 0xF8, 0x08, 0x7F, 0x80, 0x08, 0xF0,
    0x00, 0x08, 0x00, 0x00, 0xF8, 0x06, 0x00, 0x10, 0x08, 0x00, 0x20, 0x10, 0x00, 0x41, 0xFF, 0x00,
    0x82, 0x06, 0x01, 0x04, 0x0C, 0x02, 0x0F, 0xFF, 0xFF, 0x90, 0x30, 0x08, 0x20, 0x60, 0x10, 0x40,
    0xC0, 0x20, 0xFF, 0x90, 0x41, 0x03, 0x30, 0x82, 0x06, 0x21, 0x04, 0x0C, 0x62, 0x3F, 0xF8, 0x44,
    0x00, 0xF0, 0xC8, 0x03, 0x60, 0x90, 0x0C, 0xC0, 0x20, 0x31, 0x80, 0x41, 0xC3, 0x00, 0x8E, 0x06,
    0x01, 0x18, 0x0C, 0x02, 0x01, 0xF0, 0x7C, 0x00, 0x00, 0x00, 0x04, 0x01, 0x00, 0x08, 0x06, 0x00,
    0x10, 0x1F, 0xF4, 0x20, 0xE0, 0x4C, 0x43, 0x81, 0x8C, 0x9D, 0x86, 0x0D, 0x21, 0xB8, 0x0E, 0x01,
    0xC0, 0x04, 0x07, 0x20, 0x08, 0x78, 0x40, 0x13, 0x80, 0x80, 0x20, 0x01, 0x00, 0xDF, 0xFF, 0xE3,
    0x80, 0x04, 0x0D, 0x08, 0x08, 0x32, 0x18, 0x10, 0xC4, 0x10, 0x21, 0x08, 0x30, 0x40, 0x10, 0x30,
    0x80, 0x20, 0x21, 0x00, 0x40, 0x02, 0x00, 0x80, 0x04, 0x01, 0x00, 0xF8, 0x00, 0x00, 0x10, 0x00,
    0x00, 0x10, 0x00, 0x00, 0x10, 0x00, 0x00, 0x10, 0x00, 0x00, 0x10, 0x00, 0x00, 0x10, 0x00, 0x00,
    0x10, 0x40, 0x0C, 0x10, 0x60, 0x08, 0x10, 0x20, 0x08, 0x10, 0x30, 0x18, 0x10, 0x18, 0x10, 0x10,
    0x18, 0x30, 0x10, 0x0C, 0x30, 0x10, 0x0C, 0x60, 0x10, 0x04, 0x60, 0x10, 0x06, 0xC0, 0x10, 0x02,
    0x80, 0x10, 0x02, 0x00, 0x10, 0x00, 0x00, 0x10, 0x00, 0x00, 0x10, 0x00, 0x00, 0x10, 0x00, 0x03,
    0xF0, 0x00, 0x00, 0x00, 0x00, 0x04, 0x00, 0x80, 0x06, 0x00, 0x90, 0x03, 0x00, 0x90, 0xFF, 0xF0,
    0x98, 0x00, 0x00, 0x8C, 0x00, 0x00, 0x80, 0x00, 0x07, 0xFE, 0x3F, 0xEF, 0xFE, 0x20, 0x21, 0x80,
    0x20, 0x21, 0x80, 0x20, 0x21, 0xE0, 0x3F, 0xE1, 0xE0, 0x3F, 0xE1, 0x60, 0x02, 0x01, 0x60, 0x12,
    0xC3, 0x60, 0x12, 0x43, 0x60, 0x32, 0x62, 0x60, 0x22, 0x26, 0x60, 0x62, 0x24, 0x62, 0x42, 0x0C,
    0x62, 0x02, 0x08, 0x62, 0x02, 0x18, 0x7E, 0x0E, 0x30, 0x00, 0x00, 0x00, 0x00, 0x1F, 0xFF, 0xF8,
    0x38, 0x00, 0x10, 0x70, 0x00, 0x20, 0xE0, 0x00, 0x41, 0xC0, 0x00, 0x83, 0xFF, 0xFF, 0x06, 0x00,
    0x00, 0x0C, 0x00, 0x00, 0x1F, 0xFF, 0xFE, 0x30, 0x00, 0x0C, 0x60, 0x00, 0x18, 0xCF, 0xFC, 0x31,
    0x98, 0x08, 0x63, 0x30, 0x10, 0xC4, 0x60, 0x21, 0x18, 0xC0, 0x42, 0x31, 0xFF, 0x84, 0xC3, 0x00,
    0x09, 0x86, 0x00, 0x36, 0x00, 0x00, 0x60, 0x00, 0x1F, 0x80, 0x00, 0x00, 0x00, 0x1F, 0xFF, 0xFC,
    0x18, 0x00, 0x04, 0x18, 0x00, 0x04, 0x1F, 0xFF, 0xFC, 0x1F, 0xFF, 0xFC, 0x18, 0x02, 0x00, 0x18,
    0x02, 0x00, 0x18, 0x02, 0x00, 0x1F, 0xFF, 0xFF, 0x18, 0x02, 0x00, 0x18, 0x02, 0x00, 0x18, 0x02,
    0x00, 0x18, 0x02, 0x00, 0x1B, 0xFF, 0xFC, 0x1B, 0xFF, 0xFC, 0x33, 0x00, 0x0C, 0x33, 0x00, 0x0C,
    0x33, 0x00, 0x0C, 0x23, 0x00, 0x0C, 0x63, 0xFF, 0xFC, 0x43, 0x00, 0x0C, 0x00, 0x00, 0x00, 0x1F,
    0xFF, 0xFC, 0x18, 0x00, 0x04, 0x18, 0x00, 0x04, 0x18, 0x00, 0x04, 0x18, 0x00, 0x04, 0x1F, 0xFF,
    0xFC, 0x18, 0xC0, 0x30, 0x18, 0x40, 0x30, 0x18, 0x60, 0x60, 0x1B, 0xFF, 0xFC, 0x1F, 0xFF, 0xFE,
    0x18, 0x20, 0x40, 0x18, 0x20, 0x40, 0x18, 0x20, 0x40, 0x18, 0x20, 0x40, 0x1F, 0xFF, 0xFF, 0x30,
    0x60, 0x40, 0x30, 0x60, 0x40, 0x30, 0xC0, 0x40, 0x61, 0x80, 0x40, 0x63, 0x00, 0x40, 0x46, 0x00,
    0x40, 0x1F, 0xFF, 0xFC, 0x18, 0x00, 0x04, 0x18, 0x00, 0x04, 0x18, 0x00, 0x04, 0x18, 0x00, 0x04,
    0x1F, 0xFF, 0xFC, 0x18, 0x20, 0x40, 0x18, 0x20, 0x40, 0x18, 0x20, 0x40, 0x1F, 0xFF, 0xFE, 0x18,
    0x20, 0x40, 0x18, 0x20, 0x40, 0x1F, 0xFF, 0xFE, 0x1F, 0xFF, 0xFF, 0x18, 0x86, 0x04, 0x18, 0x83,
    0x0C, 0x30, 0x81, 0x38, 0x30, 0x81, 0xE0, 0x30, 0x80, 0xC0, 0x60, 0x9F, 0x70, 0x61, 0xF8, 0x1C,
    0x41, 0x80, 0x07, 0x1F, 0xFF, 0xFC, 0x18, 0x00, 0x04, 0x18, 0x00, 0x04, 0x18, 0x00, 0x04, 0x1F,
    0xFF, 0xFC, 0x18, 0x46, 0x00, 0x18, 0x84, 0x00, 0x19, 0x8F, 0xFE, 0x1F, 0x58, 0x00, 0x1C, 0x7F,
    0xFC, 0x18, 0xC8, 0x04, 0x19, 0x8F, 0xFC, 0x1B, 0x08, 0x04, 0x1F, 0x0F, 0xFC, 0x19, 0x03, 0x00,
    0x19, 0x06, 0x00, 0x31, 0x0F, 0xFC, 0x31, 0x1C, 0x0C, 0x31, 0x33, 0x38, 0x21, 0x01, 0xE0, 0x61,
    0x07, 0xFC, 0x41, 0x3C, 0x0F, 0x00, 0x00, 0x00, 0x00, 0x08, 0x00, 0x40, 0x20, 0x11, 0x00, 0x80,
    0x44, 0x02, 0x01, 0x10, 0x08, 0x04, 0x7F, 0xFF, 0xF1, 0xFF, 0xFF, 0xC0, 0x00, 0x00, 0x1F, 0xE7,
    0xFC, 0x40, 0x98, 0x11, 0x02, 0x60, 0x44, 0x09, 0x81, 0x1F, 0xE7, 0xFC, 0x40, 0x98, 0x11, 0x02,
    0x60, 0x44, 0x09, 0x81, 0x1F, 0xE7, 0xFC, 0xC0, 0x98, 0x13, 0x02, 0x60, 0x4C, 0x09, 0x81, 0x20,
    0x24, 0x05, 0x80, 0xB0, 0x14, 0x1E, 0x83, 0xC0, 0x00, 0x00, 0x00, 0x10, 0x00, 0x40, 0x20, 0x10,
    0x80, 0x40, 0x21, 0x00, 0x80, 0x43, 0xFF, 0xFF, 0x87, 0xFF, 0xFF, 0x0C, 0x11, 0x80, 0x18, 0x23,
    0x00, 0x30, 0x47, 0xFF, 0xFF, 0xFF, 0xFC, 0xC1, 0x30, 0x11, 0x82, 0x64, 0x23, 0x04, 0x88, 0xC6,
    0x0B, 0x11, 0x0F, 0xF4, 0x20, 0x18, 0x20, 0xE0, 0x30, 0x41, 0xC0, 0x60, 0x82, 0xC0, 0xC1, 0x0C,
    0x81, 0x82, 0x11, 0x83, 0xFC, 0x61, 0x86, 0x0B, 0x81, 0x8C, 0x16, 0x01, 0x00, 0x00, 0x60, 0x00,
    0x00, 0x60, 0x00, 0x00, 0x40, 0x00, 0x00, 0x40, 0x00, 0x00, 0xC0, 0x00, 0x3F, 0xFF, 0xFE, 0x00,
    0xC0, 0x00, 0x00, 0x80, 0x00, 0x01, 0x80, 0x00, 0x01, 0x80, 0x00, 0x01, 0x00, 0x00, 0x03, 0xFF,
    0xFC, 0x03, 0xFF, 0xFC, 0x06, 0x02, 0x00, 0x06, 0x02, 0x00, 0x0C, 0x02, 0x00, 0x08, 0x02, 0x00,
    0x18, 0x02, 0x00, 0x30, 0x02, 0x00, 0x60, 0x02, 0x00, 0x40, 0x02, 0x00, 0x07, 0xFF, 0xFF, 0xFF,
    0xFF, 0xE0, 0x00, 0x01, 0x80, 0x00, 0x06, 0x08, 0x00, 0x18, 0x60, 0x00, 0x61, 0x80, 0x01, 0x86,
    0x00, 0x06, 0x18, 0x00, 0x18, 0x7F, 0xFF, 0xE1, 0x80, 0x01, 0x86, 0x00, 0x04, 0x18, 0x00, 0x00,
    0x60, 0x00, 0x01, 0x80, 0x00, 0x06, 0x00, 0x00, 0xD8, 0x00, 0x03, 0x60, 0x00, 0x0C, 0x80, 0x00,
    0x23, 0x00, 0x01, 0x8F, 0xFF, 0xFC, 0x00, 0x60, 0x00, 0x00, 0x80, 0x00, 0x03, 0x00, 0x00, 0x06,
    0x00, 0x07, 0xFF, 0xFF, 0xE0, 0x30, 0x00, 0x00, 0x42, 0x00, 0x01, 0x84, 0x00, 0x06, 0x08, 0x00,
    0x08, 0x10, 0x00, 0x3F, 0xFF, 0xE0, 0xE0, 0x40, 0x43, 0x40, 0x80, 0x8C, 0x81, 0x01, 0x31, 0x02,
    0x02, 0x02, 0x04, 0x04, 0x04, 0x08, 0x08, 0x08, 0x10, 0x10, 0x10, 0x20, 0x20, 0x20, 0x4F, 0xC0,
    0x00, 0x80, 0x00, 0x01, 0x00, 0x00, 0x02, 0x00, 0x00, 0x00, 0x00, 0x01, 0x81, 0x02, 0x06, 0x08,
    0x30, 0x10, 0x43, 0x00, 0xC2, 0x10, 0x7F, 0xFF, 0xFF, 0xFF, 0xFF, 0xF0, 0x00, 0x01, 0x80, 0x00,
    0x0C, 0x7F, 0xFC, 0x62, 0x00, 0x22, 0x10, 0x01, 0x00, 0xFF, 0xF8, 0x07, 0xFF, 0xC0, 0x00, 0x80,
    0x00, 0x04, 0x00, 0x3F, 0xFF, 0xE1, 0x01, 0x01, 0x08, 0x08, 0x08, 0x40, 0x40, 0x42, 0x02, 0x02,
    0x10, 0x10, 0x10, 0x80, 0x8F, 0x80, 0x04, 0x00, 0x01, 0x01, 0x00, 0x01, 0x01, 0x00, 0x7F, 0xFF,
    0xFE, 0x01, 0x01, 0x00, 0x01, 0x01, 0x00, 0x0F, 0xFF, 0xF0, 0x08, 0x00, 0x10, 0x08, 0x00, 0x10,
    0x0F, 0xFF, 0xF0, 0x08, 0x00, 0x10, 0x08, 0x00, 0x10, 0x0F, 0xFF, 0xF0, 0x00, 0x80, 0x00, 0xFF,
    0xFF, 0xFE, 0xFF, 0xFF, 0xFE, 0x06, 0x10, 0x60, 0x1F, 0xFF, 0xF8, 0x3C, 0x10, 0x3E, 0xEC, 0x10,
    0x32, 0x0C, 0x10, 0x30, 0x0C, 0x10, 0x30, 0x0C, 0x11, 0xF0, 0x00, 0x10, 0x00, 0x01, 0x00, 0x00,
    0x03, 0x00, 0x00, 0x02, 0x00, 0x00, 0x07, 0xFF, 0xFE, 0x0F, 0xFF, 0xFE, 0x08, 0x04, 0x00, 0x18,
    0x04, 0x00, 0x30, 0x04, 0x00, 0x60, 0x04, 0x00, 0x47, 0xFF, 0xFC, 0x04, 0x04, 0x00, 0x04, 0x04,
    0x00, 0x04, 0x04, 0x00, 0x04, 0x04, 0x00, 0x04, 0x04, 0x00, 0x04, 0x04, 0x00, 0xFF, 0xFF, 0xFF,
    0x00, 0x04, 0x00, 0x00, 0x04, 0x00, 0x00, 0x04, 0x00, 0x00, 0x04, 0x00, 0x00, 0x04, 0x00, 0x00,
    0x04, 0x00, 0x08, 0x00, 0xC0, 0x18, 0x01, 0x80, 0x18, 0x06, 0x00, 0x18, 0x0C, 0x00, 0x10, 0x30,
    0x0F, 0xFF, 0xFF, 0x1F, 0xFF, 0xFF, 0x01, 0x00, 0x80, 0x02, 0x01, 0x00, 0x04, 0x02, 0x00, 0x08,
    0x04, 0x00, 0x10, 0x08, 0x00, 0x20, 0x10, 0x1F, 0xFF, 0xFF, 0x80, 0x80, 0x40, 0x01, 0x00, 0x80,
    0x06, 0x01, 0x00, 0x0C, 0x02, 0x00, 0x30, 0x04, 0x00, 0x40, 0x08, 0x01, 0x80, 0x10, 0x0E, 0x00,
    0x20, 0x30, 0x00, 0x40, 0x00, 0x00, 0x00, 0x00, 0x08, 0x00, 0x00, 0x10, 0x00, 0x00, 0x30, 0x00,
    0x00, 0x20, 0x03, 0xFF, 0xFF, 0xE6, 0x00, 0x00, 0x0C, 0x03, 0x00, 0x18, 0x04, 0x00, 0x30, 0x18,
    0x00, 0x60, 0x30, 0x00, 0xC0, 0x40, 0x01, 0x81, 0x80, 0x03, 0x02, 0x00, 0x06, 0x0C, 0x10, 0x0C,
    0x10, 0x30, 0x18, 0x60, 0x30, 0x30, 0x80, 0x20, 0x63, 0x00, 0x61, 0x84, 0x00, 0x63, 0x18, 0x3F,
    0xC6, 0x7F, 0xF8, 0xD8, 0xF0, 0x00, 0xB0, 0x00, 0x01, 0x00, 0x00, 0x08, 0x00, 0x00, 0x0C, 0x00,
    0x00, 0x04, 0x00, 0x00, 0x06, 0x00, 0x1F, 0xFF, 0xFF, 0x10, 0x00, 0x00, 0x10, 0x00, 0x00, 0x10,
    0x04, 0x04, 0x10, 0x0C, 0x0C, 0x13, 0x04, 0x0C, 0x11, 0x06, 0x08, 0x11, 0x86, 0x08, 0x10, 0x82,
    0x18, 0x30, 0x82, 0x10, 0x30, 0xC3, 0x30, 0x30, 0x43, 0x20, 0x30, 0x40, 0x20, 0x30, 0x40, 0x60,
    0x30, 0x00, 0x40, 0x20, 0x00, 0xC0, 0x60, 0x00, 0x80, 0x67, 0xFF, 0xFF, 0x40, 0x00, 0x00, 0x00,
    0x00, 0x00, 0x00, 0x0C, 0x00, 0x00, 0x0C, 0x00, 0x00, 0x06, 0x00, 0x3F, 0xFF, 0xFF, 0x30, 0x00,
    0x00, 0x30, 0x00, 0x78, 0x30, 0x1F, 0xF0, 0x31, 0xFD, 0x00, 0x31, 0x01, 0x00, 0x31, 0x01, 0x00,
    0x31, 0x01, 0x00, 0x31, 0x01, 0x80, 0x31, 0xFF, 0xFE, 0x31, 0x01, 0x80, 0x31, 0x00, 0x80, 0x31,
    0x00, 0x80, 0x31, 0x00, 0xC0, 0x31, 0x06, 0x40, 0x31, 0x06, 0x61, 0x21, 0x0B, 0x21, 0x61, 0x79,
    0x33, 0x63, 0xE1, 0x9B, 0xC3, 0x00, 0x8E, 0x40, 0x00, 0x00, 0x00, 0x18, 0x00, 0x00, 0x08, 0x00,
    0x00, 0x0C, 0x00, 0x3F, 0xFF, 0xFE, 0x30, 0x40, 0x40, 0x30, 0x40, 0x40, 0x30, 0x40, 0x40, 0x3F,
    0xFF, 0xFE, 0x30, 0x40, 0x40, 0x30, 0x40, 0x40, 0x30, 0x40, 0x40, 0x30, 0x7F, 0xC0, 0x30, 0x00,
    0x00, 0x30, 0x00, 0x00, 0x37, 0xFF, 0xF0, 0x30, 0x80, 0x30, 0x30, 0xC0, 0x60, 0x20, 0x70, 0xC0,
    0x60, 0x1B, 0x80, 0x60, 0x0F, 0x00, 0x40, 0x7B, 0xC0, 0xCF, 0xC0, 0x7E, 0x8C, 0x00, 0x06, 0x00,
    0x02, 0x00, 0x00, 0x02, 0x00, 0x7E, 0x02, 0x00, 0x06, 0x7F, 0xF8, 0x06, 0x02, 0x08, 0x0C, 0x02,
    0x08, 0x09, 0xFF, 0xFE, 0x18, 0x02, 0x08, 0x30, 0x02, 0x08, 0x3F, 0x7F, 0xF8, 0x62, 0x02, 0x00,
    0x02, 0x02, 0x00, 0x06, 0x02, 0x00, 0x66, 0xFF, 0xFC, 0x24, 0x02, 0x00, 0x34, 0x02, 0x00, 0x1D,
    0xFF, 0xFE, 0x18, 0x02, 0x00, 0x1C, 0x02, 0x00, 0x37, 0x02, 0x00, 0x31, 0xE2, 0x00, 0x60, 0x7F,
    0xFE, 0xC0, 0x00, 0x00, 0x00, 0x00, 0x00, 0xFF, 0xFF, 0xF8, 0x04, 0x02, 0x00, 0x08, 0x04, 0x00,
    0x10, 0x08, 0x00, 0x20, 0x10, 0x00, 0x40, 0x20, 0x00, 0x80, 0x40, 0x01, 0x00, 0x80, 0x02, 0x01,
    0x03, 0xFF, 0xFF, 0xF8, 0x18, 0x04, 0x00, 0x30, 0x08, 0x00, 0x60, 0x10, 0x00, 0xC0, 0x20, 0x01,
    0x00, 0x40, 0x06, 0x00, 0x80, 0x08, 0x01, 0x00, 0x30, 0x02, 0x00, 0xC0, 0x04, 0x03, 0x00, 0x08,
    0x0C, 0x00, 0x10, 0x00, 0x00, 0x00, 0x00, 0x00, 0x06, 0x40, 0x00, 0x06, 0x60, 0x00, 0x06, 0x38,
    0x00, 0x06, 0x0C, 0x00, 0x02, 0x00, 0x7F, 0xFF, 0xFE, 0x00, 0x02, 0x00, 0x00, 0x02, 0x00, 0x00,
    0x02, 0x00, 0x00, 0x02, 0x00, 0x7F, 0xFB, 0x00, 0x7F, 0xFB, 0x00, 0x03, 0x03, 0x00, 0x03, 0x01,
    0x00, 0x03, 0x01, 0x00, 0x03, 0x01, 0x80, 0x03, 0x01, 0x80, 0x03, 0x00, 0x83, 0x03, 0x0C, 0xC3,
    0x03, 0xF8, 0x43, 0x1F, 0x80, 0x62, 0x78, 0x00, 0x32, 0x00, 0x00, 0x1E, 0x00, 0x00, 0x3F, 0xFC,
    0x04, 0x00, 0x80, 0x80, 0x10, 0x10, 0x02, 0x02, 0x00, 0x40, 0x40, 0x08, 0x0B, 0xFF, 0x01, 0x40,
    0x00, 0x28, 0x00, 0x05, 0x00, 0x00, 0xE0, 0x00, 0x1C, 0x00, 0x03, 0xFF, 0xC0, 0x40, 0x08, 0x08,
    0x01, 0x01, 0x00, 0x20, 0x20, 0x0C, 0x04, 0x01, 0x80, 0x80, 0x30, 0x10, 0x06, 0x02, 0x00, 0x80,
    0x47, 0xF0, 0x08, 0x00, 0x00, 0xFF, 0x1F, 0xFC, 0x06, 0x60, 0x00, 0x0C, 0xC0, 0x00, 0x19, 0x80,
    0x00, 0x33, 0xFF, 0x80, 0x66, 0x00, 0x1F, 0xCC, 0x00, 0x20, 0x1F, 0xFC, 0x40, 0x30, 0x01, 0x80,
    0x60, 0x03, 0x00, 0xC0, 0x06, 0x07, 0xFF, 0xFF, 0xF2, 0x20, 0x00, 0x64, 0x61, 0x00, 0xC8, 0x46,
    0x01, 0x90, 0x58, 0x03, 0x20, 0xE0, 0x04, 0x40, 0xC0, 0x18, 0x80, 0xC0, 0x31, 0x38, 0xE0, 0x63,
    0xE0, 0xEF, 0xCE, 0x00, 0x40, 0x00, 0x00, 0x00, 0x00, 0x10, 0x19, 0xFC, 0x30, 0x20, 0x08, 0x20,
    0xC0, 0x10, 0x61, 0x00, 0x20, 0x46, 0x00, 0x4F, 0xFF, 0x80, 0x9F, 0xFF, 0x7F, 0x20, 0x82, 0xC0,
    0x41, 0x05, 0x80, 0xFF, 0xFB, 0x01, 0x04, 0x16, 0x02, 0x08, 0x2F, 0xE4, 0x10, 0x5F, 0xCF, 0xFF,
    0x80, 0x80, 0x40, 0x01, 0x00, 0x80, 0x02, 0x01, 0x00, 0x05, 0xFF, 0xFC, 0x18, 0x04, 0x00, 0x30,
    0x08, 0x00, 0x60, 0x10, 0x00, 0xC0, 0x20, 0x1F, 0x00, 0x40, 0x00, 0x00, 0x00, 0x00, 0x40, 0x18,
    0x08, 0x0D, 0x01, 0x01, 0x30, 0x20, 0x63, 0x04, 0x08, 0x20, 0x83, 0x06, 0x10, 0xC0, 0x02, 0x10,
    0x00, 0x40, 0x1F, 0xFF, 0xFD, 0xFF, 0xFF, 0x80, 0x00, 0x30, 0x00, 0x06, 0x00, 0x00, 0xC0, 0x00,
    0x1B, 0xFF, 0xFF, 0x00, 0x00, 0x60, 0x00, 0x0C, 0x00, 0x01, 0x80, 0x00, 0x30, 0x00, 0x07, 0xFF,
    0xFF, 0xC0, 0x00, 0x18, 0x00, 0x00, 0x00, 0x7F, 0xFF, 0xE0, 0x00, 0x00, 0xC0, 0x00, 0x01, 0x80,
    0x00, 0x02, 0x03, 0xFF, 0xFC, 0x00, 0x00, 0x08, 0x00, 0x00, 0x10, 0x7F, 0xFF, 0xFD, 0xFF, 0xFF,
    0xFC, 0x00, 0x40, 0x00, 0x80, 0xC0, 0x81, 0xC1, 0x87, 0x00, 0xC3, 0x9C, 0x00, 0xC5, 0xE0, 0x00,
    0x39, 0x80, 0x01, 0xD1, 0x80, 0x1E, 0x21, 0x80, 0xF0, 0x41, 0x83, 0x00, 0x81, 0xE0, 0x01, 0x00,
    0xE0, 0x3E, 0x00, 0x00, 0x00, 0x00, 0x00, 0x00, 0x00, 0x00, 0x7F, 0xF8, 0x0C, 0xFF, 0xFC, 0x18,
    0x08, 0x20, 0x70, 0x08, 0x20, 0xC0, 0x08, 0x23, 0x80, 0x08, 0x23, 0x00, 0x08, 0x20, 0x00, 0x08,
    0x20, 0x04, 0x08, 0x20, 0x1C, 0xFF, 0xFC, 0x30, 0x08, 0x20, 0x60, 0x18, 0x21, 0xC0, 0x18, 0x23,
    0x00, 0x18, 0x20, 0x02, 0x18, 0x20, 0x06, 0x18, 0x20, 0x04, 0x10, 0x20, 0x0C, 0x30, 0x20, 0x18,
    0x30, 0x20, 0x70, 0x20, 0x20, 0xC0, 0x60, 0x23, 0x80, 0xC0, 0x26, 0x00, 0x00, 0x00, 0x00, 0x02,
    0x01, 0x00, 0x06, 0x01, 0x00, 0x04, 0x01, 0x00, 0x18, 0x01, 0x00, 0x30, 0x7F, 0xFC, 0x60, 0x01,
    0x00, 0x43, 0x01, 0x00, 0x06, 0x01, 0x00, 0x04, 0xFF, 0xFF, 0x0D, 0xFF, 0xFF, 0x1C, 0x00, 0x10,
    0x34, 0x00, 0x10, 0x64, 0x00, 0x10, 0x44, 0xFF, 0xFF, 0x04, 0x00, 0x10, 0x04, 0x30, 0x10, 0x04,
    0x18, 0x10, 0x04, 0x08, 0x10, 0x04, 0x0C, 0x10, 0x04, 0x04, 0x10, 0x04, 0x00, 0x10, 0x04, 0x00,
    0x10, 0x04, 0x01, 0xF0, 0x00, 0x00, 0x00, 0x06, 0x06, 0x00, 0x0C, 0x0C, 0x00, 0x08, 0x08, 0x00,
    0x18, 0x18, 0x30, 0x70, 0x30, 0xE0, 0xC2, 0x61, 0x80, 0x06, 0xFF, 0x00, 0x0C, 0x0E, 0x20, 0x0C,
    0x38, 0x30, 0x18, 0x60, 0x78, 0x39, 0xFF, 0xFC, 0x69, 0x8C, 0x06, 0xC8, 0x08, 0x00, 0x08, 0x1F,
    0xF8, 0x08, 0x70, 0x30, 0x08, 0xD8, 0x30, 0x09, 0x8C, 0x60, 0x0B, 0x06, 0xC0, 0x08, 0x03, 0x80,
    0x08, 0x07, 0x80, 0x08, 0x3C, 0xE0, 0x09, 0xF0, 0x3C, 0x0B, 0x80, 0x0E, 0x03, 0x08, 0x00, 0x03,
    0x04, 0x00, 0x01, 0x06, 0x00, 0x03, 0x83, 0xFF, 0xE3, 0x03, 0x00, 0x03, 0x0B, 0x00, 0x00, 0x0F,
    0x7F, 0xF0, 0x05, 0xA0, 0x08, 0x06, 0x10, 0x04, 0x06, 0x0F, 0xFE, 0x07, 0x04, 0x01, 0x06, 0x82,
    0x00, 0x86, 0x41, 0xFF, 0xC0, 0x20, 0x30, 0x00, 0x10, 0x30, 0x00, 0x08, 0x3F, 0xF8, 0x04, 0x3C,
    0x08, 0x02, 0x33, 0x0C, 0x01, 0x30, 0xDC, 0x00, 0x80, 0x38, 0x00, 0x40, 0x7E, 0x00, 0x21, 0xF1,
    0xF0, 0x13, 0xC0, 0x1C, 0x04, 0x10, 0x20, 0x0C, 0x10, 0x20, 0x19, 0x92, 0x60, 0x31, 0x93, 0x60,
    0x61, 0x93, 0x60, 0x47, 0x93, 0x7F, 0x05, 0x93, 0x7F, 0x0D, 0xFF, 0x42, 0x18, 0xFE, 0xC6, 0x18,
    0x00, 0xC6, 0x39, 0xFF, 0xE6, 0x68, 0x01, 0xE4, 0xC8, 0x00, 0x24, 0x08, 0xFE, 0x2C, 0x08, 0x86,
    0x28, 0x08, 0x86, 0x38, 0x08, 0x86, 0x18, 0x08, 0x87, 0xB8, 0x08, 0x87, 0x38, 0x09, 0x86, 0x6C,
    0x09, 0x80, 0xC6, 0x09, 0x01, 0x87, 0x0B, 0x03, 0x03, 0x00, 0x00, 0x00, 0x00, 0x00, 0x00, 0x01,
    0x80, 0x00, 0x00, 0xE0, 0x10, 0x00, 0x30, 0x30, 0x00, 0x18, 0x20, 0x00, 0x0C, 0x60, 0x00, 0x00,
    0xC0, 0x01, 0x01, 0x80, 0x01, 0x01, 0x00, 0x11, 0x03, 0x30, 0x31, 0x06, 0x10, 0x31, 0x0C, 0x18,
    0x21, 0x18, 0x0C, 0x61, 0x30, 0x04, 0x61, 0x60, 0x06, 0x41, 0xC0, 0x02, 0xC3, 0x80, 0x03, 0x87,
    0x00, 0x23, 0x1D, 0x00, 0x20, 0x71, 0x00, 0x20, 0xC1, 0x00, 0x60, 0x01, 0x00, 0x60, 0x01, 0xFF,
    0xC0, 0x08, 0x00, 0x00, 0x10, 0x00, 0x00, 0x20, 0x00, 0x00, 0x47, 0xFF, 0xE0, 0xA0, 0x01, 0x8D,
    0x40, 0x06, 0x12, 0xC0, 0x18, 0x24, 0x80, 0x60, 0x49, 0x01, 0x81, 0x90, 0x03, 0x03, 0x20, 0x0C,
    0x04, 0x40, 0x30, 0x00, 0x80, 0xC0, 0x01, 0x03, 0x00, 0x02, 0x0C, 0x00, 0x04, 0x18, 0x02, 0x08,
    0x60, 0x04, 0x11, 0x80, 0x08, 0x23, 0x00, 0x10, 0x44, 0x00, 0x20, 0x8C, 0x00, 0xC1, 0x0F, 0xFF,
    0x02, 0x00, 0x00, 0x00, 0x00, 0x00, 0x00, 0x00, 0x60, 0x00, 0x00, 0x40, 0x00, 0x00, 0xC0, 0x0F,
    0xFF, 0xFF, 0xC1, 0x00, 0x00, 0x02, 0x00, 0x00, 0x04, 0x00, 0x00, 0x08, 0x00, 0x00, 0x10, 0x00,
    0x00, 0x20, 0x00, 0x00, 0x7F, 0xFF, 0xC0, 0x00, 0x00, 0x00, 0x00, 0x00, 0x00, 0x08, 0x00, 0x00,
    0x18, 0x00, 0x12, 0x18, 0x30, 0x24, 0x18, 0x30, 0xC8, 0x10, 0x21, 0x10, 0x00, 0x66, 0x20, 0x04,
    0x48, 0x40, 0x08, 0xF0, 0x80, 0x11, 0x81, 0xFF, 0xE0, 0x08, 0x02, 0x00, 0x08, 0x02, 0x00, 0x08,
    0x02, 0x00, 0x08, 0x02, 0x00, 0x0E, 0xFF, 0xF8, 0x6A, 0x02, 0x08, 0x6B, 0x02, 0x08, 0x49, 0x02,
    0x08, 0x49, 0x02, 0x08, 0xC8, 0x02, 0x08, 0xC8, 0x02, 0x08, 0x88, 0x02, 0x08, 0x09, 0xFF, 0xFF,
    0x08, 0x07, 0x00, 0x08, 0x07, 0x00, 0x08, 0x07, 0x80, 0x08, 0x04, 0x80, 0x08, 0x0C, 0xC0, 0x08,
    0x18, 0x60, 0x08, 0x30, 0x30, 0x08, 0x60, 0x38, 0x08, 0xC0, 0x0E, 0x09, 0x80, 0x06, 0x00, 0x00,
    0x00, 0x00, 0x80, 0x00, 0x01, 0x80, 0x00, 0x03, 0x00, 0x00, 0x07, 0xFF, 0xFC, 0x04, 0x30, 0x8C,
    0x0C, 0x21, 0x8C, 0x38, 0x61, 0x0C, 0x70, 0xC3, 0x0C, 0x01, 0x86, 0x08, 0x03, 0x06, 0x18, 0x06,
    0x0C, 0x18, 0x0C, 0x18, 0x18, 0x00, 0x30, 0x18, 0x00, 0x61, 0xF0, 0x00, 0x10, 0x00, 0x01, 0x18,
    0x10, 0x11, 0x0C, 0x18, 0x11, 0x06, 0x0C, 0x31, 0x02, 0x04, 0x21, 0x00, 0x26, 0x61, 0x00, 0x23,
    0x41, 0x00, 0x62, 0x01, 0xFF, 0xE0, 0x00, 0x18, 0x00, 0x00, 0x30, 0x00, 0x00, 0x40, 0x00, 0x00,
    0x80, 0x07, 0xFF, 0xFF, 0xE0, 0x07, 0x00, 0x00, 0x0B, 0x00, 0x00, 0x32, 0x00, 0x00, 0x46, 0x00,
    0x01, 0x86, 0x00, 0x07, 0x86, 0x00, 0x39, 0x86, 0x00, 0xE1, 0x87, 0x0F, 0x01, 0x83, 0xD0, 0x08,
    0x01, 0x81, 0x18, 0x18, 0x1A, 0x18, 0x10, 0x24, 0x18, 0x30, 0xC8, 0x18, 0x21, 0x90, 0x03, 0x62,
    0x20, 0x06, 0xCC, 0x40, 0x0C, 0x90, 0xFF, 0xF1, 0x00, 0x00, 0x60, 0x00, 0x01, 0x84, 0x00, 0x06,
    0x0E, 0x00, 0x38, 0x06, 0x00, 0xC0, 0x06, 0x07, 0xFF, 0xFE, 0x0F, 0x80, 0x06, 0x00, 0x00, 0x00,
    0x0F, 0xFF, 0xE0, 0x10, 0x00, 0x40, 0x20, 0x00, 0x80, 0x40, 0x01, 0x00, 0x80, 0x02, 0x01, 0xFF,
    0xFC, 0x00, 0x00, 0x00, 0x00, 0x70, 0x00, 0x02, 0x38, 0x00, 0x24, 0x38, 0x60, 0xC8, 0x18, 0x61,
    0x10, 0x02, 0x46, 0x20, 0x04, 0xCC, 0x40, 0x18, 0x90, 0xFF, 0xF0, 0x00, 0x08, 0x01, 0x00, 0x10,
    0x22, 0x00, 0x20, 0x44, 0x00, 0x41, 0x88, 0x00, 0xA3, 0x10, 0x09, 0x44, 0x20, 0x12, 0xDF, 0xFF,
    0x24, 0xB0, 0x80, 0x49, 0xC1, 0x01, 0x91, 0x82, 0x03, 0x22, 0x04, 0x04, 0x40, 0x08, 0x00, 0x80,
    0x10, 0x01, 0x0F, 0xFF, 0x82, 0x00, 0x40, 0x04, 0x00, 0x80, 0x08, 0x01, 0x00, 0x10, 0x02, 0x00,
    0x20, 0x04, 0x00, 0x40, 0x08, 0x00, 0x80, 0x10, 0x01, 0x3F, 0xFF, 0xC2, 0x00, 0x00, 0x00, 0x02,
    0x00, 0xC0, 0x06, 0x03, 0x00, 0x06, 0x04, 0x00, 0x04, 0x18, 0x00, 0x08, 0x60, 0x01, 0xFF, 0xFC,
    0x02, 0x00, 0x08, 0x04, 0x00, 0x10, 0x08, 0x00, 0x20, 0x10, 0x00, 0x40, 0x20, 0x00, 0x80, 0x40,
    0x01, 0x00, 0xFF, 0xFE, 0x00, 0x00, 0x00, 0x00, 0x18, 0x00, 0x01, 0x18, 0x10, 0x32, 0x1C, 0x30,
    0x64, 0x18, 0x30, 0x88, 0x10, 0x33, 0x10, 0x02, 0x6C, 0x20, 0x04, 0x78, 0x40, 0x18, 0x40, 0xFF,
    0xF0, 0x00, 0x10, 0x08, 0x00, 0x20, 0x10, 0x00, 0x40, 0x60, 0x00, 0x80, 0xC0, 0x01, 0x5F, 0xFF,
    0xCA, 0x83, 0x00, 0x15, 0x84, 0x20, 0x29, 0x08, 0x40, 0xD2, 0x10, 0x81, 0xA0, 0x6D, 0x1A, 0x40,
    0xD2, 0x24, 0x81, 0x24, 0x41, 0x06, 0xD9, 0x82, 0x0D, 0xB2, 0x04, 0x32, 0x6C, 0x08, 0x64, 0xC0,
    0x11, 0x81, 0xC0, 0x26, 0x06, 0x80, 0x4C, 0x09, 0x80, 0x80, 0x31, 0x01, 0x00, 0xC3, 0x02, 0x07,
    0x03, 0x04, 0x1C, 0x03, 0x00, 0x00, 0x00, 0x00, 0x10, 0x00, 0x00, 0x60, 0x00, 0x00, 0x80, 0x00,
    0x7F, 0xFF, 0x00, 0x80, 0x02, 0x01, 0x00, 0x04, 0x03, 0xFF, 0xF8, 0x04, 0x00, 0x10, 0x08, 0x00,
    0x20, 0x10, 0x00, 0x40, 0x3F, 0xFF, 0x80, 0x40, 0x01, 0x00, 0x80, 0x02, 0x01, 0xFF, 0xFC, 0x00,
    0x08, 0x00, 0x00, 0x18, 0x00, 0x16, 0x18, 0x30, 0x6C, 0x10, 0x30, 0x98, 0x30, 0x23, 0x30, 0x02,
    0x66, 0x60, 0x04, 0x58, 0xC0, 0x18, 0x80, 0xFF, 0xF0, 0x00, 0x08, 0x01, 0x00, 0x08, 0x01, 0x00,
    0x08, 0xFF, 0xFE, 0x08, 0x01, 0x00, 0x0E, 0x01, 0x00, 0x2A, 0xFF, 0xFE, 0x2B, 0x01, 0x00, 0x6B,
    0x01, 0x00, 0x69, 0xFF, 0xFF, 0x69, 0xFF, 0xFF, 0x48, 0x00, 0x00, 0x48, 0x7F, 0xFC, 0x08, 0x60,
    0x0C, 0x08, 0x60, 0x0C, 0x08, 0x7F, 0xFC, 0x08, 0x60, 0x0C, 0x08, 0x60, 0x0C, 0x08, 0x60, 0x0C,
    0x08, 0x7F, 0xFC, 0x08, 0x60, 0x0C, 0x08, 0x60, 0x0C, 0x08, 0x60, 0x0C, 0x08, 0x60, 0x7C, 0x00,
    0x00, 0x00, 0x08, 0x3F, 0xF8, 0x10, 0x7F, 0xF0, 0x20, 0x84, 0x20, 0x41, 0x08, 0x40, 0xE6, 0x10,
    0x85, 0xFF, 0xFF, 0xCA, 0x98, 0xC2, 0x35, 0xB1, 0x8C, 0x6B, 0x7F, 0xF8, 0x92, 0x00, 0x01, 0x20,
    0x00, 0x06, 0x43, 0xFF, 0xC0, 0x84, 0x01, 0x81, 0x08, 0x03, 0x02, 0x10, 0xC6, 0x04, 0x21, 0x8C,
    0x08, 0x43, 0x18, 0x10, 0x84, 0x30, 0x21, 0x08, 0x20, 0x40, 0x3E, 0x00, 0x81, 0xCF, 0x01, 0x0E,
    0x03, 0x82, 0x70, 0x01, 0x80, 0x00, 0x00, 0x08, 0x06, 0x00, 0x08, 0x06, 0x00, 0x08, 0x04, 0x00,
    0x08, 0xFF, 0xFE, 0x2A, 0x08, 0x00, 0x2A, 0x1F, 0xFC, 0x2B, 0x30, 0x40, 0x69, 0x20, 0x40, 0x69,
    0x60, 0x40, 0x69, 0xDF, 0xFF, 0x49, 0x00, 0x00, 0x48, 0x00, 0x00, 0x08, 0x3F, 0xFC, 0x08, 0x30,
    0x04, 0x08, 0x30, 0x04, 0x08, 0x3F, 0xFC, 0x08, 0x30, 0x04, 0x08, 0x30, 0x04, 0x08, 0x3F, 0xFC,
    0x08, 0x30, 0x04, 0x08, 0x30, 0x04, 0x08, 0x30, 0x04, 0x08, 0x30, 0x7C, 0x00, 0x00, 0x00, 0x06,
    0x04, 0x08, 0x1B, 0x08, 0xF0, 0xE3, 0x1F, 0x83, 0xFF, 0x38, 0x24, 0x03, 0x40, 0x40, 0x00, 0x80,
    0x8F, 0xF9, 0xFF, 0x10, 0x30, 0x00, 0x3F, 0xE4, 0x18, 0x40, 0xC8, 0xF0, 0x81, 0x9F, 0x01, 0xFF,
    0x38, 0x02, 0x06, 0x40, 0x44, 0x0C, 0x80, 0x88, 0xF1, 0xFF, 0x00, 0x18, 0x08, 0x32, 0x10, 0x18,
    0x44, 0x10, 0x31, 0x88, 0x22, 0x22, 0x10, 0x04, 0x6C, 0x20, 0x08, 0x40, 0x7F, 0xF0, 0x00, 0x08,
    0x1F, 0xF8, 0x08, 0x3F, 0xFC, 0x08, 0x31, 0x08, 0x08, 0x31, 0x08, 0x0B, 0xFF, 0xFF, 0x2A, 0x31,
    0x08, 0x2A, 0x21, 0x08, 0x2B, 0x3F, 0xF8, 0x6B, 0x1F, 0xF8, 0x68, 0x3F, 0xFC, 0x48, 0x20, 0x0C,
    0x48, 0x20, 0x0C, 0x08, 0x3F, 0xFC, 0x08, 0x20, 0x0C, 0x08, 0x20, 0x0C, 0x08, 0x3F, 0xFC, 0x08,
    0x20, 0x0C, 0x08, 0x20, 0x0C, 0x08, 0x3F, 0xFC, 0x08, 0x0C, 0x40, 0x08, 0x38, 0x78, 0x08, 0xE0,
    0x1C, 0x09, 0x80, 0x07, 0x00, 0x00, 0x00, 0x00, 0x00, 0x00, 0x00, 0x00, 0xC0, 0x0F, 0xE0, 0xC0,
    0x7E, 0x00, 0x80, 0x02, 0x0F, 0xFE, 0x02, 0x0C, 0x06, 0x7F, 0xFC, 0x06, 0x02, 0x0F, 0xFE, 0x02,
    0x0C, 0x06, 0x3F, 0xCC, 0x06, 0x7F, 0xCF, 0xFE, 0x60, 0x4C, 0x06, 0x60, 0x4C, 0x06, 0x60, 0x4C,
    0x06, 0x7F, 0xCF, 0xFE, 0x60, 0x0C, 0x06, 0x00, 0xE4, 0x00, 0x01, 0x38, 0x00, 0x19, 0x0C, 0x30,
    0x11, 0x04, 0x18, 0x31, 0x00, 0x4C, 0x21, 0x00, 0x46, 0x61, 0x00, 0xC3, 0x01, 0xFF, 0xC0, 0x00,
    0x04, 0x00, 0x00, 0x09, 0x80, 0x00, 0x10, 0xC0, 0x00, 0x20, 0xC0, 0x00, 0x40, 0x07, 0xFF, 0xFF,
    0xCC, 0x01, 0x80, 0x18, 0x03, 0x00, 0x30, 0x06, 0x08, 0x7F, 0xCC, 0x30, 0xC1, 0x88, 0x41, 0x83,
    0x11, 0x83, 0x06, 0x23, 0x06, 0x0C, 0x6C, 0x0C, 0x18, 0xD0, 0x18, 0x20, 0xE0, 0x30, 0x41, 0x80,
    0x61, 0x87, 0x04, 0x9F, 0x1E, 0x0B, 0x00, 0x66, 0x16, 0x01, 0x84, 0x78, 0x0E, 0x0E, 0xF0, 0x10,
    0x0F, 0x00, 0x00, 0x00, 0x00, 0x00, 0x00, 0x00, 0x0D, 0x80, 0x00, 0x19, 0xC0, 0x00, 0x30, 0xC0,
    0x00, 0x60, 0x8F, 0xFF, 0xFF, 0x80, 0x01, 0x80, 0x00, 0x03, 0x00, 0x00, 0x06, 0x08, 0x7F, 0xCC,
    0x30, 0xC0, 0x88, 0x61, 0x81, 0x10, 0x83, 0x02, 0x23, 0x06, 0x04, 0x64, 0x0C, 0x08, 0xD8, 0x18,
    0x11, 0xE0, 0x3F, 0xE1, 0x80, 0x00, 0x03, 0x00, 0x00, 0x0E, 0x08, 0x0F, 0xB4, 0x13, 0xF8, 0xCC,
    0x2F, 0x07, 0x08, 0xC0, 0x38, 0x1D, 0x80, 0x60, 0x1E, 0x01, 0x02, 0x00, 0x02, 0x04, 0xC0, 0x04,
    0x08, 0xC3, 0xFF, 0xD0, 0xC0, 0x10, 0x20, 0xC0, 0x20, 0x60, 0x00, 0x40, 0xC0, 0x7F, 0xFF, 0xFF,
    0x0D, 0x83, 0x00, 0x11, 0x06, 0x00, 0x7F, 0xEC, 0x21, 0xFF, 0xF8, 0xC3, 0x08, 0x11, 0x8E, 0x10,
    0x22, 0x1F, 0xFE, 0x6C, 0x18, 0x40, 0xD0, 0x30, 0x81, 0xE0, 0x7F, 0xF1, 0x84, 0xC2, 0x03, 0x09,
    0x84, 0x0E, 0x13, 0xFF, 0xF6, 0x67, 0xFF, 0xC6, 0xCC, 0x03, 0x0F, 0x00, 0x04, 0x00, 0x00, 0x08,
    0x00, 0x00, 0x40, 0x00, 0x03, 0x00, 0x00, 0x08, 0x00, 0xFF, 0xFF, 0x86, 0x00, 0x04, 0x30, 0x00,
    0x21, 0x80, 0x01, 0x0C, 0x00, 0x08, 0x60, 0x00, 0x43, 0x00, 0x02, 0x1F, 0xFF, 0xF0, 0xC0, 0x00,
    0x86, 0x00, 0x04, 0x30, 0x00, 0x01, 0x80, 0x00, 0x18, 0x00, 0x00, 0xC0, 0x00, 0x06, 0x00, 0x00,
    0x60, 0x00, 0x03, 0x00, 0x00, 0x30, 0x00, 0x01, 0x00, 0x00, 0x00, 0x00, 0x18, 0x00, 0x00, 0x18,
    0x00, 0x00, 0x0C, 0x00, 0x00, 0x0C, 0x00, 0x1F, 0xFF, 0xFC, 0x18, 0x00, 0x04, 0x18, 0x00, 0x04,
    0x18, 0x00, 0x04, 0x1F, 0xFF, 0xFC, 0x18, 0x00, 0x00, 0x18, 0x06, 0x00, 0x18, 0x04, 0x00, 0x18,
    0x04, 0x00, 0x1F, 0xFF, 0xFE, 0x18, 0x0E, 0x00, 0x18, 0x0B, 0x00, 0x10, 0x1B, 0x00, 0x30, 0x31,
    0x80, 0x30, 0x60, 0xC0, 0x60, 0xC0, 0x70, 0x63, 0x80, 0x1C, 0x5E, 0x00, 0x07, 0x00, 0x00, 0x00,
    0x00, 0x10, 0x06, 0x01, 0xF0, 0x7C, 0x3F, 0x87, 0xE0, 0x30, 0x06, 0x00, 0x30, 0x06, 0x00, 0x30,
    0x06, 0x00, 0x3F, 0xE6, 0x00, 0x30, 0x26, 0x00, 0x30, 0x27, 0xFF, 0x30, 0x27, 0xFF, 0x30, 0x26,
    0x10, 0x30, 0x26, 0x10, 0x3F, 0xE6, 0x10, 0x30, 0x06, 0x10, 0x30, 0x06, 0x10, 0x30, 0x06, 0x10,
    0x30, 0x06, 0x10, 0x30, 0x06, 0x10, 0x30, 0x0C, 0x10, 0x60, 0x0C, 0x10, 0x60, 0x0C, 0x10, 0x60,
    0x18, 0x10, 0x40, 0x10, 0x10, 0x00, 0x00, 0x00, 0x00, 0x00, 0x70, 0x00, 0x7F, 0xC0, 0xFF, 0xF0,
    0x00, 0x00, 0x80, 0x00, 0x01, 0x00, 0x00, 0x02, 0x00, 0x00, 0x04, 0x00, 0x1F, 0xFF, 0xFE, 0x00,
    0x10, 0x00, 0x00, 0x20, 0x00, 0x00, 0x40, 0x00, 0x00, 0x80, 0x00, 0x01, 0x00, 0x1F, 0xFF, 0xFF,
    0xC0, 0x04, 0x00, 0x00, 0x08, 0x00, 0x00, 0x10, 0x00, 0x00, 0x20, 0x00, 0x00, 0x40, 0x00, 0x00,
    0x80, 0x00, 0x01, 0x00, 0x00, 0x02, 0x00, 0x01, 0xFC, 0x00, 0x00, 0x00, 0x00, 0x00, 0x00, 0x00,
    0x04, 0x00, 0x00, 0x04, 0x00, 0x00, 0x04, 0x3F, 0xFF, 0x04, 0x3F, 0xFF, 0x04, 0x00, 0x20, 0x7F,
    0xC0, 0x20, 0x04, 0x00, 0x20, 0x04, 0x00, 0x20, 0x04, 0x00, 0x20, 0x04, 0x00, 0x20, 0x04, 0x00,
    0x20, 0x04, 0xE0, 0x20, 0x07, 0x80, 0x20, 0x7C, 0x00, 0x20, 0x64, 0x00, 0x20, 0x04, 0x00, 0x20,
    0x04, 0x00, 0x20, 0x04, 0x00, 0x20, 0x04, 0x00, 0x20, 0x04, 0x00, 0x20, 0x04, 0x00, 0x20, 0x04,
    0x00, 0x20, 0x3C, 0x07, 0xE0, 0x00, 0x00, 0x00, 0x00, 0x00, 0x00, 0x08, 0x01, 0x00, 0x08, 0x01,
    0x80, 0x08, 0x00, 0xC0, 0x08, 0x3F, 0xFE, 0x08, 0x7F, 0xFF, 0xFF, 0x60, 0x00, 0x08, 0x60, 0x00,
    0x08, 0x60, 0x00, 0x08, 0x60, 0x00, 0x08, 0x60, 0x00, 0x08, 0x60, 0x00, 0x09, 0x60, 0x00, 0x0F,
    0x60, 0x00, 0x78, 0x60, 0x00, 0xE8, 0x60, 0x00, 0x08, 0x60, 0x00, 0x08, 0x60, 0x00, 0x08, 0x60,
    0x00, 0x08, 0xC0, 0x00, 0x08, 0xC0, 0x00, 0x08, 0xC0, 0x00, 0x09, 0x80, 0x00, 0x79, 0x00, 0x00,
    0x00, 0x00, 0x00, 0x04, 0x00, 0x00, 0x08, 0x00, 0x00, 0x10, 0x00, 0x00, 0x21, 0xFF, 0xE0, 0x40,
    0x00, 0x4F, 0xF8, 0x00, 0x81, 0x00, 0x01, 0x02, 0x00, 0x02, 0x04, 0x00, 0x04, 0x08, 0x00, 0x08,
    0x10, 0x00, 0x10, 0x21, 0xFF, 0xE0, 0x7C, 0x00, 0x47, 0xE0, 0x00, 0x9D, 0x00, 0x01, 0x02, 0x00,
    0x02, 0x04, 0x00, 0x04, 0x08, 0x00, 0x08, 0x10, 0x00, 0x10, 0x20, 0x00, 0x20, 0x47, 0xFF, 0xC0,
    0x80, 0x00, 0x8F, 0x00, 0x01, 0x00, 0x00, 0x00, 0x00, 0x00, 0x00, 0x02, 0x01, 0x00, 0x01, 0x00,
    0x98, 0x00, 0x80, 0x46, 0x00, 0x40, 0x21, 0x80, 0x20, 0x10, 0x41, 0xFF, 0x0C, 0x00, 0x08, 0x07,
    0xFE, 0x04, 0x3F, 0xE0, 0x02, 0x11, 0x80, 0x01, 0x00, 0x40, 0x00, 0x80, 0x21, 0x80, 0x4C, 0x10,
    0xC0, 0x3C, 0x0C, 0xC1, 0xF0, 0x06, 0x40, 0xC8, 0x01, 0x60, 0x04, 0x00, 0xE0, 0x02, 0x00, 0x60,
    0x01, 0x00, 0x70, 0x00, 0x80, 0x6C, 0x30, 0x40, 0x66, 0x18, 0x20, 0xE1, 0x88, 0x11, 0xC0, 0x6C,
    0x78, 0x00, 0x1E, 0x00, 0x00, 0x00, 0x00, 0x00, 0x00, 0x00, 0x10, 0x00, 0x00, 0x20, 0x7F, 0x00,
    0x40, 0x82, 0x00, 0x81, 0x04, 0x01, 0x02, 0x08, 0x3F, 0xE4, 0x10, 0x04, 0x18, 0x20, 0x08, 0x20,
    0x40, 0x10, 0xC0, 0xFC, 0x23, 0x00, 0x00, 0x44, 0x00, 0x00, 0xBF, 0xFF, 0x83, 0xEC, 0x02, 0x3E,
    0x08, 0x0C, 0x64, 0x18, 0x10, 0x08, 0x18, 0x60, 0x10, 0x19, 0x80, 0x20, 0x3E, 0x00, 0x40, 0x38,
    0x00, 0x80, 0xD8, 0x01, 0x0F, 0x1C, 0x02, 0xF8, 0x0F, 0xBD, 0x80, 0x03, 0x00, 0x00, 0x00, 0x00,
    0x00, 0x00, 0x08, 0x04, 0x00, 0x08, 0x06, 0x00, 0x08, 0x03, 0x00, 0x08, 0x01, 0x00, 0x08, 0x7F,
    0xFE, 0xFF, 0x7F, 0xFE, 0x08, 0x00, 0x00, 0x08, 0x00, 0x00, 0x08, 0x00, 0x00, 0x08, 0x1F, 0xE0,
    0x08, 0x10, 0x60, 0x08, 0x10, 0x60, 0x0F, 0x90, 0x60, 0x3C, 0x10, 0x60, 0xE8, 0x10, 0x60, 0x08,
    0x10, 0x60, 0x08, 0x10, 0x60, 0x08, 0x30, 0x60, 0x08, 0x30, 0x62, 0x08, 0x60, 0x62, 0x08, 0x60,
    0x22, 0x08, 0xC0, 0x22, 0x79, 0x80, 0x3E, 0x00, 0x00, 0x00, 0x08, 0x08, 0x00, 0x10, 0x10, 0x00,
    0x20, 0x20, 0x00, 0x40, 0x40, 0x00, 0x87, 0xFF, 0xFF, 0xFF, 0xFF, 0xC2, 0x02, 0x00, 0x04, 0x04,
    0x00, 0x08, 0x08, 0x00, 0x10, 0x30, 0x00, 0x20, 0x7F, 0xE0, 0x4C, 0xC0, 0xC0, 0xF1, 0xC1, 0x87,
    0x83, 0x82, 0x3A, 0x05, 0x8C, 0x04, 0x1B, 0x18, 0x08, 0x23, 0x60, 0x10, 0xC3, 0x80, 0x21, 0x87,
    0x00, 0x46, 0x0F, 0x00, 0x88, 0x73, 0x01, 0x31, 0x83, 0x9E, 0xCE, 0x01, 0x80, 0x00, 0x00, 0x04,
    0x00, 0x00, 0x02, 0x00, 0x00, 0x01, 0x00, 0x00, 0x00, 0x87, 0xFF, 0xC0, 0x43, 0x00, 0x20, 0x21,
    0x80, 0x11, 0xFF, 0xC0, 0x08, 0x08, 0x60, 0x04, 0x04, 0x30, 0x02, 0x02, 0x18, 0x01, 0x01, 0x0C,
    0x00, 0x80, 0x87, 0xFF, 0xC0, 0x4F, 0x0C, 0x00, 0x3F, 0x82, 0x01, 0xF8, 0xC1, 0x00, 0xC8, 0x60,
    0xC0, 0x04, 0x30, 0x20, 0x02, 0x18, 0x18, 0x01, 0x0C, 0x04, 0x00, 0x84, 0x03, 0x00, 0x46, 0x00,
    0xC0, 0x22, 0x00, 0x70, 0x13, 0x00, 0x1C, 0xF9, 0x00, 0x02, 0x00, 0x00, 0x00, 0x00, 0x04, 0x00,
    0x00, 0x04, 0x3F, 0xFE, 0x04, 0x30, 0x06, 0x04, 0x30, 0x04, 0x04, 0x30, 0x0C, 0x7F, 0xF0, 0x0C,
    0x04, 0x31, 0xFC, 0x04, 0x30, 0x00, 0x04, 0x30, 0x00, 0x04, 0x3F, 0xFE, 0x04, 0x34, 0x02, 0x05,
    0xF6, 0x06, 0x0F, 0xB2, 0x06, 0x7C, 0x33, 0x0C, 0x64, 0x31, 0x0C, 0x04, 0x31, 0x98, 0x04, 0x30,
    0xD0, 0x04, 0x30, 0x70, 0x04, 0x30, 0x60, 0x04, 0x30, 0xF8, 0x04, 0x31, 0x8C, 0x04, 0x37, 0x07,
    0x7C, 0x3C, 0x03, 0x00, 0x00, 0x00, 0x08, 0x00, 0x00, 0x10, 0x7F, 0xF8, 0x21, 0xFF, 0xF8, 0x43,
    0x08, 0x30, 0x86, 0x10, 0x7F, 0xEC, 0x20, 0xDF, 0xD8, 0x41, 0x84, 0x3F, 0xFF, 0x08, 0x61, 0x06,
    0x10, 0xC2, 0x0C, 0x21, 0x84, 0x18, 0x4B, 0x08, 0x30, 0xF6, 0x10, 0x6F, 0x0F, 0xFF, 0xFA, 0x18,
    0x41, 0x84, 0x30, 0x82, 0x08, 0x01, 0x00, 0x10, 0x02, 0x00, 0x20, 0x04, 0x00, 0x40, 0x08, 0x00,
    0x80, 0x10, 0x01, 0x00, 0x20, 0x1E, 0x00, 0x40, 0x00, 0x00, 0x00, 0x00, 0x08, 0x02, 0x00, 0x08,
    0x02, 0x00, 0x08, 0x03, 0x00, 0x08, 0x01, 0x80, 0x08, 0x7F, 0xFE, 0xFF, 0x40, 0x00, 0x08, 0x40,
    0x00, 0x08, 0x41, 0x00, 0x08, 0x41, 0x00, 0x08, 0x41, 0x00, 0x08, 0x43, 0x00, 0x0B, 0xC3, 0x00,
    0x1F, 0xC2, 0x20, 0x78, 0xC6, 0x30, 0xC8, 0xC6, 0x10, 0x08, 0xC4, 0x18, 0x08, 0xC4, 0x08, 0x08,
    0x8C, 0x0C, 0x08, 0x88, 0x0C, 0x09, 0x98, 0x7E, 0x09, 0x1F, 0xF6, 0x0B, 0x1C, 0x02, 0x7A, 0x00,
    0x02, 0x00, 0x00, 0x00, 0x00, 0x00, 0x00, 0x08, 0x00, 0x00, 0x08, 0x00, 0x00, 0x08, 0x7F, 0xFC,
    0x08, 0x10, 0x18, 0x08, 0x18, 0x30, 0xFF, 0x0C, 0x70, 0x08, 0x06, 0xC0, 0x08, 0x03, 0x80, 0x08,
    0x07, 0xC0, 0x08, 0x3C, 0x70, 0x08, 0xE1, 0x1E, 0x0B, 0x01, 0x02, 0x1E, 0x01, 0x00, 0xF8, 0x7F,
    0xF8, 0xC8, 0x01, 0x00, 0x08, 0x01, 0x00, 0x08, 0x01, 0x00, 0x08, 0xFF, 0xFE, 0x08, 0x01, 0x00,
    0x08, 0x01, 0x00, 0x08, 0x01, 0x00, 0x08, 0x01, 0x00, 0x78, 0x01, 0x00, 0x00, 0x00, 0x00, 0x00,
    0x00, 0x00, 0x08, 0x01, 0x00, 0x08, 0x01, 0x00, 0x08, 0x01, 0x00, 0x08, 0x3F, 0xFC, 0x08, 0x3F,
    0xFC, 0xFF, 0x01, 0x00, 0x08, 0x01, 0x00, 0x08, 0x01, 0x00, 0x08, 0xFF, 0xFF, 0x08, 0xFF, 0xFF,
    0x08, 0x00, 0x10, 0x09, 0x00, 0x10, 0x0F, 0x00, 0x10, 0x78, 0x7F, 0xFF, 0xE8, 0x00, 0x10, 0x08,
    0x10, 0x10, 0x08, 0x18, 0x10, 0x08, 0x0C, 0x10, 0x08, 0x04, 0x10, 0x08, 0x06, 0x10, 0x08, 0x00,
    0x10, 0x08, 0x00, 0x10, 0x78, 0x01, 0xF0, 0x00, 0x00, 0x00, 0x00, 0x00, 0x00, 0x10, 0x06, 0x00,
    0x20, 0x0C, 0x00, 0x40, 0x08, 0x00, 0x8F, 0xFF, 0xE1, 0x18, 0x00, 0xFF, 0xF0, 0x81, 0x84, 0x63,
    0x03, 0x08, 0xC6, 0x06, 0x10, 0x08, 0x00, 0x20, 0x30, 0x00, 0x47, 0xFF, 0xF0, 0x81, 0x83, 0x01,
    0x72, 0x06, 0x07, 0x8C, 0x08, 0x7C, 0x10, 0x30, 0xC8, 0x30, 0x60, 0x10, 0x39, 0x80, 0x20, 0x1E,
    0x00, 0x40, 0x1C, 0x00, 0x80, 0x3E, 0x01, 0x01, 0xC6, 0x02, 0x1E, 0x07, 0x3C, 0x70, 0x03, 0x00,
    0x00, 0x00, 0x08, 0x00, 0x80, 0x04, 0x00, 0x40, 0x02, 0x04, 0x20, 0x01, 0x02, 0x1F, 0xC0, 0x81,
    0x0F, 0xC3, 0xF8, 0x84, 0x00, 0x20, 0x42, 0x00, 0x10, 0x21, 0x00, 0x08, 0xFF, 0xFF, 0x04, 0x3F,
    0xFF, 0x82, 0x02, 0x60, 0x01, 0x03, 0x30, 0xC0, 0xF1, 0x98, 0x41, 0xE1, 0x8C, 0x61, 0xA0, 0x86,
    0x30, 0x10, 0xC3, 0x30, 0x08, 0x40, 0x90, 0x04, 0x00, 0x18, 0x02, 0x00, 0x18, 0x01, 0x00, 0x38,
    0x00, 0x80, 0x70, 0x00, 0x40, 0xF0, 0x01, 0xE1, 0xC0, 0x00, 0x00, 0x00, 0x00, 0x08, 0x00, 0x00,
    0x10, 0x7F, 0xE0, 0x20, 0x80, 0x40, 0x41, 0x00, 0x80, 0x82, 0x01, 0x1F, 0xE4, 0x02, 0x3F, 0xCF,
    0xFC, 0x04, 0x00, 0x00, 0x08, 0x00, 0x00, 0x10, 0xFF, 0xF0, 0x21, 0x00, 0x20, 0x4A, 0x00, 0x40,
    0xF4, 0x10, 0x8F, 0x88, 0x21, 0x3A, 0x10, 0x42, 0x04, 0x20, 0x84, 0x08, 0x43, 0x08, 0x10, 0x86,
    0x10, 0x20, 0x1A, 0x00, 0x40, 0x67, 0x00, 0x81, 0x83, 0x01, 0x1E, 0x03, 0x9E, 0x30, 0x01, 0x80,
    0x00, 0x00, 0x08, 0x04, 0x00, 0x08, 0x0C, 0x00, 0x08, 0x0F, 0xF0, 0x08, 0x18, 0x30, 0x08, 0x10,
    0x60, 0x7F, 0x30, 0xC0, 0x7F, 0x7F, 0xF8, 0x08, 0xFF, 0xF8, 0x08, 0x21, 0x08, 0x08, 0x21, 0x08,
    0x08, 0x21, 0x08, 0x08, 0x21, 0x08, 0x0F, 0x23, 0x08, 0x3C, 0x23, 0x08, 0xF8, 0xFF, 0xFE, 0x08,
    0x03, 0x00, 0x08, 0x07, 0x80, 0x08, 0x0C, 0xC0, 0x08, 0x18, 0x60, 0x08, 0x30, 0x30, 0x08, 0x60,
    0x18, 0x09, 0xC0, 0x0C, 0x7B, 0x00, 0x06, 0x00, 0x00, 0x00, 0x08, 0x00, 0x00, 0x08, 0x7F, 0xFC,
    0x08, 0x60, 0x04, 0x08, 0x60, 0x04, 0x08, 0x60, 0x04, 0xFF, 0x60, 0x04, 0xFF, 0x7F, 0xFC, 0x08,
    0x7F, 0xFC, 0x08, 0x60, 0x80, 0x08, 0x60, 0x80, 0x08, 0x7F, 0xFE, 0x0B, 0x60, 0x80, 0x0F, 0x60,
    0x80, 0x78, 0x60, 0x80, 0xE8, 0x60, 0x80, 0x08, 0x7F, 0xFC, 0x08, 0xFF, 0xFC, 0x08, 0xD0, 0x04,
    0x08, 0xD0, 0x04, 0x08, 0xD0, 0x04, 0x09, 0x90, 0x04, 0x09, 0x9F, 0xFC, 0x7B, 0x10, 0x04, 0x08,
    0x06, 0xC0, 0x10, 0x0D, 0x80, 0x20, 0x1B, 0x00, 0x40, 0x36, 0x00, 0x87, 0xEF, 0xFF, 0xEF, 0xDF,
    0xC2, 0x01, 0xB0, 0x04, 0x03, 0x60, 0x08, 0x06, 0xC0, 0x10, 0x0D, 0x80, 0x21, 0xFB, 0xF8, 0x40,
    0x36, 0x00, 0xF0, 0x6C, 0x0F, 0x80, 0xD8, 0x3A, 0x01, 0xB0, 0x04, 0x7F, 0x7F, 0x08, 0x06, 0xC0,
    0x10, 0x0D, 0x80, 0x20, 0x1B, 0x00, 0x40, 0x36, 0x00, 0x80, 0x6C, 0x01, 0x00, 0xD8, 0x1E, 0x01,
    0xB0, 0x00, 0x00, 0x00, 0x00, 0x00, 0x00, 0x08, 0x02, 0x00, 0x08, 0x03, 0x00, 0x08, 0x01, 0x00,
    0x08, 0x7F, 0xFE, 0x08, 0x10, 0x10, 0x7F, 0x18, 0x10, 0x08, 0x0C, 0x30, 0x08, 0x04, 0x60, 0x08,
    0x04, 0x60, 0x08, 0xFF, 0xFF, 0x08, 0x02, 0x00, 0x09, 0x06, 0x00, 0x0F, 0x04, 0x00, 0x7C, 0xFF,
    0xFF, 0xE8, 0x08, 0x10, 0x08, 0x18, 0x30, 0x08, 0x30, 0x30, 0x08, 0x38, 0x60, 0x08, 0x0F, 0xC0,
    0x08, 0x03, 0xC0, 0x08, 0x07, 0x70, 0x08, 0x7C, 0x1C, 0x78, 0xE0, 0x06, 0x00, 0x00, 0x00, 0x00,
    0x00, 0x00, 0x08, 0x03, 0x00, 0x08, 0x01, 0x00, 0x08, 0x01, 0x80, 0x08, 0x7F, 0xFE, 0x08, 0x40,
    0x02, 0xFF, 0x40, 0x02, 0x08, 0x46, 0x62, 0x08, 0x4C, 0x30, 0x08, 0x18, 0x18, 0x08, 0x30, 0x0C,
    0x08, 0x60, 0x04, 0x09, 0x40, 0x00, 0x0F, 0x3F, 0xFC, 0x3C, 0x7F, 0xFC, 0xE8, 0x01, 0x00, 0x08,
    0x01, 0x00, 0x08, 0x01, 0x00, 0x08, 0x01, 0x00, 0x08, 0x01, 0x00, 0x08, 0x01, 0x00, 0x08, 0x01,
    0x00, 0x09, 0xFF, 0xFF, 0x78, 0x00, 0x00, 0x00, 0x00, 0x00, 0x00, 0x00, 0x00, 0x10, 0x40, 0x30,
    0x20, 0xC0, 0xC0, 0x40, 0xC1, 0x80, 0x80, 0x86, 0x01, 0x1F, 0xFF, 0xFF, 0xFF, 0xFF, 0x84, 0x00,
    0x00, 0x08, 0x04, 0x04, 0x11, 0xFC, 0x08, 0x22, 0x19, 0x10, 0x44, 0x32, 0x20, 0xF8, 0x64, 0x47,
    0xDF, 0xC8, 0xBE, 0x21, 0x91, 0x04, 0x43, 0x22, 0x08, 0x86, 0x44, 0x11, 0xFC, 0x88, 0x22, 0x19,
    0x10, 0x44, 0x32, 0x20, 0x88, 0x60, 0x41, 0x10, 0xC0, 0x82, 0x21, 0x81, 0x3C, 0x4F, 0x1E, 0x00,
    0x00, 0x00, 0x08, 0x08, 0x20, 0x10, 0x10, 0x40, 0x20, 0x20, 0x80, 0x40, 0x41, 0x00, 0x8F, 0xFF,
    0xFF, 0xE1, 0x04, 0x02, 0x02, 0x08, 0x04, 0x04, 0x10, 0x08, 0x08, 0x20, 0x10, 0x00, 0x00, 0x21,
    0xFF, 0xF0, 0x4B, 0x08, 0x20, 0xF6, 0x10, 0x4F, 0x0C, 0x20, 0xB2, 0x18, 0x41, 0x04, 0x3F, 0xFE,
    0x08, 0x61, 0x04, 0x10, 0xC2, 0x08, 0x21, 0x84, 0x10, 0x43, 0x08, 0x20, 0x87, 0xFF, 0xC1, 0x0F,
    0xFF, 0x9E, 0x18, 0x01, 0x00, 0x00, 0x00, 0x00, 0x00, 0x00, 0x08, 0x00, 0x00, 0x08, 0x7F, 0xF8,
    0x08, 0x40, 0x08, 0x08, 0x40, 0x08, 0x08, 0x7F, 0xF8, 0xFF, 0x40, 0x08, 0x08, 0x40, 0x08, 0x08,
    0x40, 0x08, 0x08, 0x7F, 0xF8, 0x08, 0x00, 0x00, 0x08, 0x00, 0x00, 0x0B, 0xFF, 0xFE, 0x0F, 0x03,
    0x00, 0x7C, 0x23, 0x00, 0xE8, 0x23, 0x00, 0x08, 0x63, 0x00, 0x08, 0x63, 0xFC, 0x08, 0x63, 0x00,
    0x08, 0x63, 0x00, 0x08, 0xF3, 0x00, 0x08, 0x9B, 0x00, 0x09, 0x8F, 0x00, 0x7B, 0x03, 0xFF, 0x00,
    0x00, 0x00, 0x08, 0x00, 0x08, 0x08, 0x0F, 0xF8, 0x08, 0x3F, 0x80, 0x08, 0x00, 0x80, 0x08, 0x00,
    0x80, 0x7F, 0x00, 0x80, 0x7F, 0x7F, 0xFF, 0x08, 0x00, 0x80, 0x08, 0x00, 0x80, 0x08, 0x0C, 0x80,
    0x08, 0x7C, 0xBE, 0x09, 0x60, 0x86, 0x0F, 0x60, 0x86, 0x7C, 0x60, 0x86, 0x68, 0x60, 0x86, 0x08,
    0x7E, 0xBE, 0x08, 0x60, 0x86, 0x08, 0x60, 0x86, 0x08, 0x60, 0x86, 0x08, 0x60, 0x86, 0x08, 0x7F,
    0xFE, 0x08, 0x7F, 0xFE, 0x38, 0x60, 0x06, 0x00, 0x00, 0x00, 0x08, 0x01, 0x00, 0x08, 0x0D, 0x00,
    0x08, 0x79, 0x7E, 0x08, 0x41, 0x06, 0x08, 0x41, 0x06, 0xFF, 0x41, 0x06, 0x7E, 0x7D, 0x7E, 0x08,
    0x41, 0x06, 0x08, 0x41, 0x06, 0x08, 0x41, 0x06, 0x08, 0x7F, 0xFE, 0x0B, 0x01, 0x00, 0x0E, 0x01,
    0x00, 0x38, 0x01, 0x00, 0xE8, 0xFF, 0xFC, 0x08, 0x7F, 0xFC, 0x08, 0x30, 0x18, 0x08, 0x18, 0x38,
    0x08, 0x0C, 0x70, 0x08, 0x07, 0xC0, 0x08, 0x07, 0xC0, 0x08, 0x3E, 0x78, 0x79, 0xF0, 0x1E, 0x01,
    0x00, 0x00, 0x08, 0x00, 0x00, 0x08, 0x1F, 0xF0, 0x08, 0x10, 0x10, 0x08, 0x10, 0x10, 0x08, 0x10,
    0x10, 0x7E, 0x10, 0x10, 0x7F, 0x1F, 0xF0, 0x08, 0x00, 0x00, 0x08, 0xFE, 0xFE, 0x08, 0x82, 0x82,
    0x08, 0x82, 0x82, 0x0B, 0x82, 0x82, 0x1E, 0xFE, 0xFE, 0x78, 0x01, 0x00, 0x48, 0x01, 0x00, 0x08,
    0xFF, 0xFF, 0x08, 0x07, 0xC0, 0x08, 0x0D, 0x60, 0x08, 0x19, 0x30, 0x08, 0x31, 0x18, 0x08, 0xE1,
    0x0E, 0x09, 0x81, 0x03, 0x38, 0x01, 0x00, 0x00, 0x00, 0x00, 0x01, 0x04, 0x00, 0x04, 0x30, 0x00,
    0x10, 0xC0, 0x10, 0x42, 0x00, 0x41, 0x08, 0x01, 0x04, 0x7F, 0xF4, 0x11, 0x03, 0x10, 0x46, 0x08,
    0x41, 0x38, 0x21, 0x04, 0xA1, 0x84, 0x16, 0x86, 0x10, 0x73, 0x10, 0x41, 0x04, 0xC1, 0x04, 0x1B,
    0x04, 0x30, 0x38, 0x13, 0xC0, 0xE0, 0xF9, 0x03, 0x03, 0x84, 0x0E, 0x00, 0x10, 0x6C, 0x00, 0x43,
    0x18, 0x01, 0x38, 0x30, 0x05, 0x80, 0x60, 0x1C, 0x00, 0xC0, 0x02, 0x00, 0x80, 0x02, 0x01, 0x80,
    0x03, 0x01, 0x00, 0x01, 0x01, 0x00, 0x7F, 0xFB, 0x00, 0x7F, 0xFB, 0xFF, 0x0C, 0x02, 0x04, 0x0C,
    0x07, 0x0C, 0x0C, 0x07, 0x0C, 0x0F, 0xF5, 0x0C, 0x0C, 0x3D, 0x08, 0x0C, 0x39, 0x98, 0x0C, 0x21,
    0x98, 0x0C, 0x20, 0x90, 0x0C, 0x20, 0xF0, 0x0C, 0x20, 0x60, 0x0C, 0x20, 0x60, 0x18, 0x60, 0xE0,
    0x18, 0x61, 0xB0, 0x18, 0x63, 0x18, 0x30, 0x66, 0x0C, 0x60, 0x7C, 0x06, 0x63, 0xF0, 0x03, 0x40,
    0x00, 0x00, 0x04, 0x06, 0x00, 0x08, 0x0C, 0x00, 0x10, 0x10, 0x00, 0x20, 0x20, 0x00, 0x40, 0xFF,
    0xDF, 0xFD, 0xFF, 0xC1, 0x03, 0x06, 0x02, 0x0E, 0x0C, 0x04, 0x14, 0x10, 0x08, 0x68, 0x20, 0x11,
    0x98, 0xC3, 0xFF, 0x11, 0x8F, 0xF8, 0x22, 0x18, 0x10, 0x6C, 0x30, 0x20, 0x50, 0x60, 0x40, 0xE0,
    0xC0, 0x81, 0x81, 0x81, 0x03, 0x83, 0x02, 0x0D, 0x87, 0xFC, 0x31, 0x8C, 0x01, 0xC1, 0x88, 0x0E,
    0x01, 0x80, 0x30, 0x01, 0x80, 0x0C, 0x01, 0x80, 0x08, 0x03, 0x00, 0x18, 0x04, 0x00, 0x18, 0x08,
    0x07, 0xFF, 0x30, 0x00, 0x00, 0x7F, 0xC6, 0x20, 0x82, 0x08, 0x63, 0x04, 0x30, 0x66, 0x18, 0x40,
    0x4C, 0x31, 0x83, 0x38, 0x46, 0x84, 0xD8, 0x81, 0x88, 0x33, 0x01, 0xB0, 0x24, 0x01, 0xC0, 0x78,
    0x01, 0x80, 0x60, 0x07, 0x80, 0xC0, 0x09, 0x81, 0x80, 0x33, 0x07, 0x80, 0xC3, 0x19, 0x87, 0x00,
    0xE1, 0x98, 0x03, 0x01, 0xC0, 0x0C, 0x01, 0x80, 0x00, 0x02, 0x00, 0x7F, 0xC6, 0x00, 0x40, 0x46,
    0x00, 0x40, 0x44, 0x00, 0x40, 0x44, 0x00, 0x40, 0x4F, 0xFE, 0x7F, 0xCC, 0x18, 0x40, 0x4C, 0x18,
    0x40, 0x5C, 0x18, 0x40, 0x56, 0x10, 0x40, 0x76, 0x30, 0x7F, 0xE2, 0x30, 0x40, 0x43, 0x20, 0x40,
    0x43, 0x60, 0x40, 0x41, 0x40, 0x7F, 0xC1, 0xC0, 0x00, 0x00, 0xC0, 0x31, 0x81, 0xC0, 0x30, 0x83,
    0x60, 0x60, 0xC6, 0x30, 0x60, 0x4C, 0x18, 0xC0, 0x38, 0x0C, 0x80, 0x30, 0x06, 0x02, 0x01, 0x00,
    0x44, 0x46, 0x00, 0xC9, 0x88, 0x00, 0x92, 0x10, 0x01, 0x28, 0x20, 0x1F, 0xFF, 0xFF, 0x81, 0xC1,
    0x86, 0x07, 0xE3, 0x0C, 0x1A, 0x66, 0x18, 0x64, 0x7C, 0x23, 0x88, 0x2C, 0x40, 0x20, 0xD9, 0x80,
    0x40, 0x12, 0x0F, 0xFC, 0x24, 0x02, 0x18, 0x78, 0x0C, 0x30, 0x60, 0x30, 0xC0, 0xC0, 0x3B, 0x03,
    0x80, 0x1E, 0x05, 0x80, 0x3E, 0x19, 0x81, 0xC4, 0xE1, 0x9E, 0x03, 0x01, 0xD0, 0x0C, 0x01, 0x80,
    0x00, 0x20, 0x00, 0x00, 0x60, 0x00, 0x00, 0x60, 0x00, 0x00, 0xC0, 0x00, 0x00, 0x80, 0x1F, 0xFF,
    0xFF, 0xC3, 0x00, 0x18, 0x02, 0x00, 0x20, 0x06, 0x00, 0xC0, 0x04, 0x01, 0x00, 0x0C, 0x06, 0x00,
    0x0C, 0x18, 0x00, 0x08, 0x20, 0x00, 0x18, 0xC0, 0x00, 0x1B, 0x00, 0x00, 0x1C, 0x00, 0x00, 0x38,
    0x00, 0x01, 0xDC, 0x00, 0x07, 0x1C, 0x00, 0x38, 0x0E, 0x01, 0xC0, 0x0F, 0x1E, 0x00, 0x07, 0xF0,
    0x00, 0x01, 0x80, 0x00, 0x80, 0x08, 0x01, 0x80, 0x08, 0x03, 0xC3, 0x08, 0x06, 0x61, 0x88, 0x0C,
    0x30, 0xC8, 0x18, 0x18, 0x68, 0x30, 0x08, 0x08, 0x7F, 0xF0, 0x08, 0x01, 0x06, 0x08, 0x01, 0x03,
    0x88, 0x01, 0x01, 0xC8, 0x7F, 0xF8, 0x48, 0x01, 0x00, 0x08, 0x01, 0x00, 0x08, 0x09, 0x20, 0x1F,
    0x19, 0x33, 0xF8, 0x11, 0x17, 0x08, 0x31, 0x18, 0x08, 0x31, 0x08, 0x08, 0x61, 0x08, 0x08, 0x41,
    0x00, 0x08, 0x01, 0x00, 0x08, 0x0F, 0x00, 0x08, 0x02, 0x00, 0x1D, 0x84, 0x43, 0xF3, 0xC9, 0xBE,
    0x06, 0x93, 0x40, 0x0D, 0xA4, 0x80, 0x1B, 0x59, 0x00, 0x30, 0xA2, 0x00, 0x7F, 0xF4, 0x00, 0xFF,
    0xEF, 0xFD, 0x8E, 0x1F, 0xFB, 0x1C, 0x20, 0x86, 0x7C, 0x41, 0x0C, 0xAC, 0x82, 0x1B, 0x4D, 0x04,
    0x3C, 0x8A, 0x08, 0x71, 0x0C, 0x10, 0xE2, 0x18, 0x21, 0x84, 0x30, 0x43, 0x08, 0x60, 0x87, 0xFF,
    0xC1, 0x00, 0x01, 0x02, 0x00, 0x02, 0x04, 0x00, 0x0C, 0x08, 0x00, 0x04, 0x00, 0x00, 0x06, 0x00,
    0x7C, 0x03, 0x0F, 0xE0, 0x7F, 0xFE, 0x00, 0x10, 0x4C, 0x00, 0x10, 0x4C, 0x00, 0x18, 0xCC, 0x00,
    0x08, 0x8C, 0x00, 0xFF, 0xFF, 0xFE, 0xFF, 0xFF, 0xFE, 0x02, 0x0C, 0x10, 0x02, 0x0C, 0x10, 0x02,
    0x0C, 0x10, 0xFF, 0xFC, 0x10, 0x02, 0x0C, 0x10, 0x12, 0xCC, 0x10, 0x32, 0x4C, 0x10, 0x32, 0x6C,
    0x10, 0x62, 0x2C, 0x10, 0xE2, 0x38, 0x10, 0xC2, 0x18, 0x10, 0x02, 0x18, 0x10, 0x0E, 0x30, 0x10,
    0x00, 0x00, 0x00, 0x00, 0x30, 0x00, 0x00, 0x40, 0x00, 0x01, 0x80, 0x00, 0x06, 0x00, 0x7F, 0xFF,
    0xFD, 0xFF, 0xFF, 0xF0, 0x08, 0x00, 0x00, 0x20, 0x00, 0x00, 0x80, 0x00, 0x06, 0x00, 0x00, 0x1F,
    0xFF, 0x00, 0x60, 0x0C, 0x01, 0x80, 0x30, 0x04, 0x00, 0x80, 0x30, 0x02, 0x00, 0xC0, 0x18, 0x02,
    0x00, 0x60, 0x18, 0x01, 0x80, 0x40, 0x06, 0x03, 0x00, 0x18, 0x18, 0x00, 0x60, 0xC0, 0x03, 0x0E,
    0x01, 0xFC, 0x00, 0x00, 0x00, 0x00, 0x00, 0x00, 0x3F, 0xFF, 0xFC, 0x00, 0x10, 0x00, 0x00, 0x10,
    0x00, 0x00, 0x10, 0x00, 0x00, 0x10, 0x00, 0x00, 0x30, 0x00, 0x00, 0x30, 0x00, 0xFF, 0xFF, 0xFE,
    0xFF, 0xFF, 0xFE, 0x00, 0x28, 0x00, 0x00, 0x28, 0x00, 0x00, 0x68, 0x00, 0x00, 0x48, 0x00, 0x00,
    0xC8, 0x00, 0x00, 0x88, 0x00, 0x01, 0x88, 0x00, 0x03, 0x08, 0x02, 0x06, 0x08, 0x02, 0x0C, 0x08,
    0x02, 0x18, 0x0C, 0x06, 0x70, 0x0F, 0xFE, 0xC0, 0x00, 0x00, 0x7F, 0xC0, 0x00, 0xFF, 0xBF, 0xF9,
    0x83, 0x03, 0x03, 0x06, 0x06, 0x06, 0x0C, 0xCC, 0x0F, 0xF9, 0x98, 0x18, 0x32, 0x30, 0x30, 0x64,
    0x40, 0x60, 0xC8, 0x80, 0xC1, 0xBF, 0xF9, 0xFF, 0x7F, 0xF3, 0x00, 0x0C, 0x06, 0x00, 0x1C, 0x0C,
    0x40, 0x38, 0x18, 0x40, 0xF0, 0x30, 0xC1, 0x60, 0x60, 0x86, 0xC0, 0xC7, 0x99, 0x85, 0xB9, 0x23,
    0x1B, 0xC2, 0xC6, 0x36, 0x03, 0x0C, 0x60, 0x04, 0x0F, 0x80, 0xFF, 0xFF, 0xE0, 0x00, 0xF0, 0x00,
    0x78, 0x00, 0x3C, 0x00, 0x1E, 0x00, 0x0F, 0x00, 0x07, 0x80, 0x03, 0xC0, 0x01, 0xFF, 0xFF, 0xF0,
    0x00, 0x78, 0x00, 0x3C, 0x00, 0x1E, 0x00, 0x0F, 0x00, 0x07, 0x80, 0x03, 0xC0, 0x01, 0xE0, 0x00,
    0xFF, 0xFF, 0xF8, 0x00, 0x3C, 0x00, 0x18, 0x1F, 0xFF, 0xF0, 0x20, 0x00, 0x20, 0x40, 0x00, 0x40,
    0x80, 0x00, 0x81, 0x00, 0x01, 0x03, 0xFF, 0xFE, 0x04, 0x00, 0x04, 0x08, 0x00, 0x08, 0x1F, 0xFF,
    0xF0, 0x3F, 0xFF, 0xE0, 0x00, 0x40, 0x00, 0x00, 0x80, 0x00, 0x01, 0x00, 0x00, 0x02, 0x00, 0x3F,
    0xFF, 0xFF, 0x80, 0x08, 0x00, 0x00, 0x10, 0x00, 0x00, 0x20, 0x00, 0x00, 0x40, 0x00, 0x00, 0x80,
    0x00, 0x01, 0x00, 0x00, 0x02, 0x00, 0x00, 0x00, 0x00, 0x00, 0x00, 0x00, 0x40, 0x00, 0x00, 0x87,
    0xF8, 0x01, 0x0C, 0x10, 0x02, 0x18, 0x20, 0x04, 0x30, 0x5F, 0xFF, 0xE0, 0x80, 0x10, 0xC1, 0x00,
    0x21, 0x82, 0x00, 0x43, 0x04, 0x40, 0x87, 0xF8, 0xC1, 0x0C, 0x10, 0xC2, 0x18, 0x20, 0x84, 0x30,
    0x41, 0x88, 0x60, 0x81, 0x10, 0xC1, 0x02, 0x21, 0x82, 0x00, 0x43, 0xFC, 0x00, 0x86, 0x00, 0x01,
    0x0C, 0x00, 0x02, 0x00, 0x00, 0x04, 0x00, 0x00, 0x08, 0x00, 0x03, 0xF0, 0x1F, 0xFF, 0xF0, 0x20,
    0x00, 0x20, 0x40, 0x00, 0x40, 0x80, 0x00, 0x81, 0xFF, 0xFF, 0x02, 0x00, 0x02, 0x04, 0x00, 0x04,
    0x08, 0x00, 0x08, 0x1F, 0xFF, 0xF0, 0x08, 0x20, 0x00, 0x30, 0x40, 0x00, 0x40, 0x80, 0x01, 0xFF,
    0xFF, 0x86, 0x02, 0x00, 0x18, 0x04, 0x00, 0x60, 0x08, 0x00, 0x1F, 0xFF, 0xF0, 0x00, 0x20, 0x00,
    0x00, 0x40, 0x00, 0x00, 0x80, 0x0F, 0xFF, 0xFF, 0xFF, 0xFF, 0xFF, 0xC0, 0x00, 0x00, 0x00, 0x00,
    0x02, 0x00, 0x00, 0x04, 0x03, 0xF0, 0x08, 0x0C, 0x20, 0x10, 0x18, 0x47, 0xFF, 0x30, 0x88, 0x42,
    0x61, 0x10, 0x84, 0xC2, 0x21, 0x09, 0x84, 0x42, 0x13, 0x08, 0x84, 0x27, 0xF1, 0x08, 0x4C, 0x22,
    0x30, 0x98, 0x44, 0x61, 0x30, 0xFF, 0xFF, 0xE1, 0x7F, 0xFE, 0xC2, 0x03, 0x81, 0x84, 0x0D, 0x03,
    0xF8, 0x13, 0x06, 0x00, 0x62, 0x04, 0x01, 0x86, 0x00, 0x06, 0x06, 0x00, 0x38, 0x06, 0x00, 0xC0,
    0x07, 0x00, 0x00, 0x00, 0x0F, 0xFF, 0xF0, 0x08, 0x00, 0x10, 0x08, 0x00, 0x10, 0x08, 0x00, 0x10,
    0x0F, 0xFF, 0xF0, 0x08, 0x00, 0x10, 0x08, 0x00, 0x10, 0x0F, 0xFF, 0xF0, 0x00, 0x00, 0x00, 0x00,
    0x00, 0x00, 0x3F, 0xFF, 0xFE, 0x7F, 0xFF, 0xFF, 0x02, 0x08, 0x00, 0x02, 0x08, 0x00, 0x06, 0x08,
    0x00, 0x06, 0x0F, 0xFC, 0x06, 0x08, 0x00, 0x0F, 0x08, 0x00, 0x09, 0x88, 0x00, 0x18, 0xC8, 0x00,
    0x30, 0x78, 0x00, 0x60, 0x1F, 0xFF, 0x40, 0x00, 0x00, 0x0F, 0xFF, 0xF0, 0x08, 0x00, 0x10, 0x08,
    0x00, 0x10, 0x08, 0x00, 0x10, 0x08, 0x00, 0x10, 0x0F, 0xFF, 0xF0, 0x08, 0x00, 0x10, 0x08, 0x00,
    0x10, 0x08, 0x00, 0x10, 0x0F, 0xFF, 0xF0, 0x00, 0x00, 0x00, 0x00, 0x42, 0x00, 0x10, 0x42, 0x08,
    0x18, 0x42, 0x18, 0x0C, 0x42, 0x30, 0x06, 0x42, 0x60, 0x02, 0x42, 0xC0, 0x02, 0x42, 0x80, 0x00,
    0x42, 0x00, 0x7F, 0xFF, 0xFF, 0x7F, 0xFF, 0xFF, 0x00, 0x00, 0x00, 0x00, 0x02, 0x01, 0xFC, 0x04,
    0x07, 0xF8, 0x08, 0x0C, 0x37, 0xFF, 0xD8, 0x60, 0x20, 0x30, 0xC0, 0x40, 0x61, 0x80, 0x80, 0xC3,
    0x01, 0x01, 0x87, 0xFF, 0xFF, 0xFC, 0x00, 0x86, 0x18, 0x01, 0x0C, 0x30, 0x02, 0x18, 0x60, 0x04,
    0x30, 0xFF, 0xFF, 0xE1, 0x80, 0x10, 0xC3, 0x30, 0x21, 0x86, 0x30, 0x43, 0xFC, 0x30, 0x86, 0x00,
    0x61, 0x04, 0x00, 0x62, 0x00, 0x00, 0x04, 0x00, 0x00, 0x08, 0x00, 0x01, 0xF0, 0x04, 0x00, 0x04,
    0x0C, 0x07, 0xFC, 0xFF, 0xF7, 0xC0, 0x18, 0x04, 0x00, 0x33, 0x04, 0x00, 0x23, 0x04, 0x00, 0x7F,
    0xF7, 0xFE, 0x43, 0x04, 0x10, 0x03, 0x04, 0x10, 0x07, 0xFC, 0x10, 0xFF, 0xCC, 0x10, 0x03, 0x08,
    0x10, 0x03, 0x18, 0x10, 0x01, 0x00, 0x10, 0x1F, 0xFF, 0xF0, 0x18, 0x00, 0x10, 0x18, 0x00, 0x10,
    0x1F, 0xFF, 0xF0, 0x18, 0x00, 0x10, 0x18, 0x00, 0x10, 0x18, 0x00, 0x10, 0x1F, 0xFF, 0xF0, 0x18,
    0x00, 0x10, 0x00, 0x00, 0x00, 0x00, 0x00, 0x00, 0x00, 0x06, 0x01, 0xF8, 0x04, 0x07, 0xF8, 0x0C,
    0x0C, 0x37, 0xFF, 0xD8, 0x62, 0x02, 0x30, 0xC6, 0x04, 0x61, 0x8C, 0x18, 0xC3, 0x08, 0x21, 0x86,
    0x10, 0xC3, 0xFF, 0xFF, 0xFE, 0x18, 0x00, 0x0C, 0x30, 0x00, 0x18, 0x67, 0xFF, 0x30, 0xC8, 0x02,
    0x61, 0x90, 0x04, 0xC3, 0x20, 0x09, 0x86, 0x7F, 0xF3, 0xFC, 0xFF, 0xE6, 0x01, 0x00, 0x44, 0x02,
    0x00, 0x80, 0x04, 0x01, 0x00, 0x0F, 0xFE, 0x00, 0x10, 0x04, 0x00, 0x00, 0x00, 0x7F, 0xFF, 0xFD,
    0xFF, 0xFF, 0xFC, 0x00, 0x40, 0x00, 0x00, 0x80, 0x01, 0xFF, 0xFF, 0x82, 0x02, 0x01, 0x04, 0x04,
    0x02, 0x08, 0x08, 0x04, 0x1F, 0xFF, 0xF8, 0x20, 0x20, 0x10, 0x40, 0x40, 0x20, 0x80, 0x80, 0x41,
    0xFF, 0xFF, 0x81, 0x02, 0x00, 0x03, 0x0C, 0x00, 0x03, 0x18, 0x00, 0x03, 0x60, 0x00, 0x03, 0x80,
    0x00, 0x07, 0x00, 0x00, 0x3B, 0xC0, 0x07, 0xC1, 0xFC, 0x1C, 0x00, 0x3F, 0xC0, 0x00, 0x00, 0x00,
    0x00, 0x10, 0x00, 0x00, 0x20, 0x00, 0x7F, 0xFF, 0x80, 0x00, 0x81, 0x00, 0x01, 0x02, 0x1F, 0xFF,
    0xFF, 0xC0, 0x04, 0x08, 0x00, 0x08, 0x10, 0x1F, 0xFF, 0xE0, 0x00, 0x20, 0x00, 0xFF, 0xFF, 0xE0,
    0x00, 0x80, 0x00, 0x01, 0x00, 0x1F, 0xFF, 0xFF, 0xDF, 0xFF, 0xFF, 0x0F, 0xFF, 0xF0, 0x18, 0x00,
    0x30, 0x30, 0x00, 0x60, 0x7F, 0xFF, 0xC0, 0xC0, 0x01, 0x81, 0x80, 0x03, 0x03, 0xFF, 0xFE, 0x06,
    0x00, 0x0C, 0x00, 0x00, 0x00, 0x06, 0x00, 0x80, 0x0C, 0x01, 0x80, 0x18, 0x03, 0x03, 0xFE, 0x7F,
    0xE0, 0x60, 0x08, 0x00, 0xC0, 0x10, 0x1F, 0xFB, 0xFF, 0x83, 0x00, 0xE0, 0x0F, 0x01, 0x60, 0x13,
    0x06, 0x60, 0x63, 0x38, 0x63, 0x80, 0xC0, 0x7C, 0xFF, 0xFE, 0x21, 0x00, 0x04, 0x02, 0x00, 0x08,
    0x04, 0x00, 0x10, 0x0F, 0xFF, 0xE0, 0x10, 0x00, 0x40, 0x20, 0x00, 0x80, 0x40, 0x01, 0x00, 0x80,
    0x02, 0x01, 0xFF, 0xFC, 0x02, 0x00, 0x08, 0x00, 0x00, 0x00, 0x1F, 0xFF, 0xF0, 0x30, 0x00, 0x20,
    0x60, 0x00, 0x40, 0xFF, 0xFF, 0x81, 0x80, 0x01, 0x03, 0x00, 0x02, 0x07, 0xFF, 0xFC, 0x00, 0x00,
    0x00, 0x00, 0x00, 0x01, 0xFF, 0xFF, 0xFC, 0xC1, 0x80, 0x01, 0x83, 0x00, 0x03, 0xFF, 0xFF, 0xC6,
    0x0C, 0x81, 0x0C, 0x19, 0x86, 0x1F, 0xF1, 0x08, 0x30, 0x63, 0x30, 0x60, 0xC3, 0xC0, 0xFF, 0xC7,
    0x07, 0xF3, 0x1B, 0x80, 0x06, 0xE1, 0xC0, 0x0F, 0x01, 0xC0, 0x07, 0xFF, 0xF8, 0x30, 0x00, 0xC1,
    0x80, 0x06, 0x0C, 0x00, 0x30, 0x60, 0x01, 0x83, 0x00, 0x0C, 0x1F, 0xFF, 0xE0, 0xC0, 0x03, 0x06,
    0x00, 0x18, 0x30, 0x00, 0xC1, 0x80, 0x06, 0x0C, 0x00, 0x30, 0x7F, 0xFF, 0x82, 0x00, 0x0C, 0x30,
    0x00, 0x61, 0x80, 0x03, 0x08, 0x00, 0x18, 0xC0, 0x00, 0xCC, 0x00, 0x06, 0x60, 0x00, 0x36, 0x00,
    0x3F, 0x80, 0x00, 0x00, 0x00, 0x40, 0x00, 0x00, 0x80, 0x00, 0x03, 0x00, 0x00, 0x04, 0x00, 0x07,
    0xFF, 0xFF, 0xE0, 0x20, 0x00, 0x00, 0xC0, 0x00, 0x01, 0x00, 0x00, 0x07, 0xFF, 0xF0, 0x1C, 0x00,
    0x60, 0x38, 0x00, 0xC0, 0xF0, 0x01, 0x83, 0x7F, 0xFF, 0x1C, 0xC0, 0x06, 0x21, 0x80, 0x0C, 0x03,
    0x00, 0x18, 0x06, 0x00, 0x30, 0x0F, 0xFF, 0xE0, 0x18, 0x00, 0xC0, 0x30, 0x01, 0x80, 0x60, 0x03,
    0x00, 0xC0, 0x06, 0x01, 0x80, 0xF8, 0x00, 0x3F, 0xCF, 0xFE, 0x18, 0x26, 0x03, 0x0C, 0x13, 0x01,
    0x86, 0x09, 0x80, 0xC3, 0x04, 0xC0, 0x61, 0x82, 0x61, 0xF0, 0xFF, 0x30, 0xF0, 0x60, 0x98, 0x00,
    0x30, 0x4F, 0xFF, 0x18, 0x26, 0x81, 0x0C, 0x13, 0x40, 0x86, 0x09, 0xB0, 0xC3, 0xFC, 0xC8, 0x41,
    0x82, 0x66, 0x60, 0xC1, 0x33, 0x20, 0x60, 0x98, 0xF0, 0x30, 0x4C, 0x30, 0x18, 0x26, 0x18, 0x08,
    0x13, 0x1E, 0x0C, 0x09, 0x99, 0x86, 0x04, 0xF8, 0x62, 0x1E, 0x70, 0x18, 0x00, 0x00, 0x00, 0x30,
    0x60, 0x00, 0x60, 0xCF, 0xF8, 0xC1, 0x98, 0x19, 0x83, 0x30, 0x3F, 0xFF, 0xE0, 0x66, 0x0C, 0xC0,
    0xCC, 0x19, 0x81, 0x98, 0x33, 0xFF, 0x3F, 0xE7, 0xFE, 0x60, 0xCC, 0x0C, 0xC1, 0x98, 0x19, 0xFF,
    0x30, 0x33, 0xFE, 0x60, 0x66, 0x0C, 0xFF, 0xCC, 0x19, 0x81, 0xFF, 0xFF, 0x03, 0xFF, 0xFE, 0x06,
    0x12, 0x0C, 0x0C, 0x66, 0x10, 0x19, 0x86, 0x60, 0x33, 0x06, 0xC0, 0x6C, 0x0D, 0x00, 0xF0, 0x06,
    0x1F, 0x00, 0x00, 0x00, 0x00, 0x10, 0x00, 0x00, 0x20, 0x00, 0x00, 0x40, 0x00, 0x00, 0x80, 0x00,
    0x01, 0x00, 0x07, 0xFF, 0xFF, 0x00, 0x04, 0x00, 0x00, 0x08, 0x00, 0x00, 0x10, 0x00, 0x00, 0x20,
    0x00, 0x00, 0x40, 0x07, 0xFF, 0xFF, 0xF0, 0x07, 0xC0, 0x00, 0x0A, 0x80, 0x00, 0x35, 0x80, 0x00,
    0xC9, 0x80, 0x03, 0x11, 0x80, 0x0C, 0x21, 0x80, 0x60, 0x40, 0xC1, 0x80, 0x80, 0xCE, 0x01, 0x00,
    0xE0, 0x02, 0x00, 0x00, 0x04, 0x00, 0x00, 0x00, 0x10, 0x00, 0x00, 0x20, 0x00, 0x00, 0x40, 0x00,
    0x00, 0x80, 0x00, 0x01, 0x00, 0x1F, 0xFF, 0xFF, 0xC0, 0x04, 0x00, 0x00, 0x08, 0x00, 0x00, 0x10,
    0x00, 0x00, 0x20, 0x00, 0x00, 0x40, 0x01, 0xFF, 0xFF, 0xC0, 0x07, 0xC0, 0x00, 0x0A, 0x80, 0x00,
    0x35, 0x80, 0x00, 0xC9, 0x80, 0x03, 0x11, 0x80, 0x1C, 0x21, 0xC0, 0x60, 0x40, 0xC3, 0x80, 0x80,
    0xEC, 0x01, 0x00, 0xE0, 0x02, 0x00, 0x00, 0x04, 0x00, 0x00, 0x00, 0x10, 0x00, 0x00, 0x20, 0x00,
    0x00, 0x40, 0x00, 0x00, 0x80, 0x00, 0x01, 0x00, 0x00, 0x02, 0x00, 0x3F, 0xFF, 0xFF, 0x80, 0x3E,
    0x00, 0x00, 0x54, 0x00, 0x01, 0xAC, 0x00, 0x06, 0x4C, 0x00, 0x08, 0x88, 0x00, 0x31, 0x18, 0x00,
    0xC2, 0x18, 0x03, 0x04, 0x18, 0x0C, 0x08, 0x18, 0x30, 0x10, 0x18, 0xDF, 0xFF, 0xDF, 0x00, 0x40,
    0x08, 0x00, 0x80, 0x00, 0x01, 0x00, 0x00, 0x02, 0x00, 0x00, 0x04, 0x00, 0x00, 0x02, 0x00, 0x00,
    0x01, 0x00, 0x00, 0x00, 0x83, 0xFE, 0x00, 0x41, 0x83, 0x00, 0x20, 0xC1, 0x80, 0x10, 0x60, 0xC1,
    0xFF, 0xB0, 0x60, 0x0C, 0x18, 0x30, 0x06, 0x0C, 0x18, 0x03, 0x06, 0x0C, 0x03, 0xC3, 0x06, 0x01,
    0x71, 0x83, 0x00, 0xAC, 0xC1, 0x80, 0xD3, 0x60, 0xC0, 0xC8, 0xB0, 0x60, 0x64, 0x18, 0x30, 0x62,
    0x08, 0x18, 0x21, 0x0C, 0x0C, 0x80, 0x86, 0x06, 0x40, 0x42, 0x03, 0x20, 0x23, 0x01, 0x90, 0x13,
    0x00, 0xC8, 0x09, 0x00, 0x7C, 0x00, 0x00, 0x00, 0x00, 0xC0, 0x00, 0x01, 0x80, 0x00, 0x06, 0x00,
    0x00, 0x1F, 0xFE, 0x00, 0x70, 0x18, 0x01, 0xB0, 0x60, 0x0E, 0x31, 0x80, 0x30, 0x3E, 0x00, 0x00,
    0x78, 0x00, 0x03, 0xDC, 0x00, 0x3C, 0x4F, 0x07, 0xC0, 0x83, 0xF8, 0x01, 0x00, 0xE0, 0x02, 0x00,
    0x0F, 0xFF, 0xFC, 0x00, 0x08, 0x00, 0x01, 0x11, 0x00, 0x06, 0x23, 0x00, 0x18, 0x43, 0x00, 0x60,
    0x83, 0x01, 0x81, 0x03, 0x06, 0x02, 0x03, 0x00, 0x3C, 0x00, 0x00, 0x00, 0x00, 0x00, 0x00, 0x20,
    0x00, 0x00, 0x40, 0x00, 0x00, 0x80, 0x07, 0xFF, 0xFF, 0xC0, 0x02, 0x00, 0x02, 0x04, 0x08, 0x06,
    0x08, 0x30, 0x06, 0x10, 0x40, 0x0C, 0x21, 0x80, 0x08, 0x42, 0x00, 0x10, 0x8C, 0x0F, 0xFF, 0xFF,
    0xE0, 0x0F, 0x00, 0x00, 0x15, 0x00, 0x00, 0x6B, 0x00, 0x01, 0x93, 0x00, 0x06, 0x23, 0x00, 0x38,
    0x43, 0x00, 0xC0, 0x83, 0x03, 0x01, 0x03, 0x9C, 0x02, 0x01, 0xC0, 0x04, 0x01, 0x80, 0x08, 0x00,
    0x04, 0x00, 0x00, 0x08, 0x08, 0x40, 0x10, 0x10, 0x80, 0x20, 0x61, 0x80, 0x40, 0xC1, 0x00, 0x81,
    0x03, 0x1F, 0xF6, 0x06, 0x06, 0x0C, 0x04, 0x0E, 0x31, 0x0C, 0x1C, 0x62, 0x0C, 0x7D, 0x8C, 0x18,
    0xEC, 0x18, 0x01, 0x58, 0x20, 0x06, 0x80, 0xC0, 0x09, 0x01, 0x00, 0x32, 0x06, 0x10, 0x44, 0x0C,
    0x31, 0x88, 0x10, 0x30, 0x10, 0x60, 0x20, 0x20, 0x80, 0xE0, 0x43, 0xFF, 0xC0, 0x87, 0xC0, 0xC1,
    0x00, 0x00, 0x00, 0x04, 0x00, 0x08, 0x08, 0x00, 0xF0, 0x10, 0x7F, 0x80, 0x21, 0xE0, 0x00, 0x43,
    0x00, 0x00, 0x86, 0x00, 0x1F, 0xFC, 0x00, 0x06, 0x18, 0x00, 0x0C, 0x3F, 0xFE, 0x1C, 0x7F, 0xFC,
    0x7C, 0xC0, 0x80, 0xAD, 0x81, 0x01, 0x4B, 0x02, 0x06, 0x9E, 0x04, 0x09, 0x0C, 0x08, 0x32, 0x18,
    0x10, 0xC4, 0x30, 0x21, 0x08, 0x60, 0x40, 0x10, 0xC0, 0x80, 0x21, 0x01, 0x00, 0x46, 0x02, 0x00,
    0x8C, 0x04, 0x01, 0x10, 0x08, 0x00, 0x1F, 0xFF, 0xF0, 0x20, 0x20, 0x20, 0x40, 0x40, 0x40, 0x80,
    0x80, 0x81, 0x01, 0x01, 0x03, 0xFF, 0xFE, 0x04, 0x04, 0x04, 0x08, 0x08, 0x08, 0x10, 0x10, 0x10,
    0x3F, 0xFF, 0xE0, 0x00, 0x40, 0x00, 0x00, 0x80, 0x0F, 0xFF, 0xFF, 0xE0, 0x0F, 0x80, 0x00, 0x35,
    0x80, 0x00, 0xC9, 0x80, 0x03, 0x11, 0x80, 0x1C, 0x21, 0xC0, 0xE0, 0x41, 0xC7, 0x00, 0x80, 0xE8,
    0x01, 0x00, 0x60, 0x02, 0x00, 0x00, 0x00, 0x10, 0x00, 0x00, 0x20, 0x00, 0x00, 0x40, 0x00, 0x00,
    0x80, 0x0F, 0xFF, 0xFF, 0xE0, 0x0F, 0x80, 0x00, 0x35, 0x80, 0x01, 0xC8, 0xC0, 0x06, 0x10, 0xC0,
    0x38, 0x20, 0xE1, 0xC0, 0x40, 0x7F, 0x3F, 0xFF, 0x30, 0x40, 0x06, 0x00, 0x80, 0x0C, 0x01, 0x00,
    0x18, 0x03, 0xFF, 0xF0, 0x04, 0x00, 0x60, 0x08, 0x00, 0xC0, 0x1F, 0xFF, 0x80, 0x00, 0x00, 0x00,
    0x00, 0x00, 0x0F, 0xFF, 0xFF, 0x80, 0x04, 0x00, 0x00, 0x08, 0x00, 0x00, 0x10, 0x7F, 0xF0, 0x20,
    0x00, 0x00, 0x40, 0x00, 0x00, 0x80, 0x00, 0x1F, 0xF0, 0x00, 0x06, 0x00, 0x00, 0x0E, 0x7F, 0xFE,
    0x3E, 0xFF, 0xFC, 0x74, 0x06, 0x00, 0xAC, 0x0C, 0x03, 0x48, 0x18, 0x04, 0x81, 0x32, 0x19, 0x06,
    0x66, 0x62, 0x0C, 0xC4, 0x84, 0x11, 0x8C, 0x08, 0x63, 0x08, 0x11, 0x86, 0x10, 0x23, 0x0C, 0x30,
    0x44, 0x18, 0x20, 0x80, 0x30, 0x01, 0x03, 0xE0, 0x00, 0x00, 0x00, 0x04, 0x00, 0x10, 0x08, 0x10,
    0x20, 0x10, 0x30, 0xC0, 0x20, 0x21, 0x80, 0x40, 0x66, 0x0F, 0xF0, 0x48, 0x03, 0x0F, 0xFF, 0x07,
    0x00, 0x00, 0x0E, 0x00, 0x00, 0x3E, 0x00, 0x00, 0x76, 0x00, 0x00, 0xA4, 0x00, 0x03, 0x48, 0x00,
    0x04, 0x83, 0xFF, 0x19, 0x00, 0x00, 0x22, 0x00, 0x00, 0xC4, 0x00, 0x00, 0x08, 0x00, 0x00, 0x10,
    0x00, 0x00, 0x20, 0x00, 0x00, 0x47, 0xFF, 0xE0, 0x80, 0x00, 0x01, 0x00, 0x00, 0x00, 0x04, 0x03,
    0x00, 0x04, 0x01, 0x80, 0x04, 0x00, 0x80, 0x04, 0x00, 0xC0, 0x04, 0x3F, 0xFF, 0x04, 0x00, 0x00,
    0x7F, 0x86, 0x30, 0x04, 0x04, 0x18, 0x0E, 0x0C, 0x08, 0x0E, 0x18, 0x0C, 0x0F, 0x38, 0x16, 0x1D,
    0x2C, 0x13, 0x15, 0x84, 0x10, 0x14, 0x86, 0x30, 0x34, 0x02, 0x20, 0x24, 0x03, 0x60, 0x64, 0x01,
    0xC0, 0x44, 0x00, 0xC0, 0x04, 0x01, 0xE0, 0x04, 0x07, 0x30, 0x04, 0x0C, 0x18, 0x04, 0x18, 0x0F,
    0x04, 0x70, 0x03, 0x04, 0x10, 0x04, 0x04, 0x18, 0x0C, 0x04, 0x0C, 0x08, 0x04, 0x04, 0x18, 0x04,
    0x06, 0x10, 0x7F, 0xBF, 0xFE, 0x04, 0x00, 0x80, 0x0E, 0x00, 0x80, 0x0E, 0x00, 0x80, 0x0F, 0x00,
    0x80, 0x1D, 0x9F, 0xFC, 0x1D, 0x80, 0x80, 0x14, 0x00, 0x80, 0x34, 0x00, 0x80, 0x24, 0x00, 0x80,
    0x64, 0x00, 0x80, 0x44, 0x7F, 0xFF, 0x04, 0x00, 0x80, 0x04, 0x00, 0x80, 0x04, 0x00, 0x80, 0x04,
    0x00, 0x80, 0x04, 0x00, 0x80, 0x04, 0x00, 0x80, 0x04, 0x00, 0x00, 0x04, 0x7F, 0xFC, 0x04, 0x60,
    0x0C, 0x04, 0x60, 0x0C, 0x04, 0x60, 0x0C, 0x7F, 0xE0, 0x0C, 0x0C, 0x7F, 0xFC, 0x0C, 0x60, 0x0C,
    0x0E, 0x60, 0x0C, 0x1F, 0x60, 0x0C, 0x1D, 0x60, 0x0C, 0x15, 0xFF, 0xFC, 0x34, 0xE3, 0x00, 0x24,
    0x61, 0x06, 0x64, 0x61, 0x0C, 0x44, 0x61, 0xB8, 0xC4, 0x60, 0xF0, 0x04, 0x60, 0xC0, 0x04, 0x60,
    0x60, 0x04, 0x60, 0x30, 0x04, 0x63, 0x98, 0x04, 0x7F, 0x0E, 0x04, 0x70, 0x02, 0x04, 0x02, 0x00,
    0x04, 0x06, 0x00, 0x04, 0x04, 0x00, 0x04, 0x0F, 0xF8, 0x04, 0x08, 0x18, 0x04, 0x1C, 0x18, 0xFF,
    0xF6, 0x30, 0x0C, 0x62, 0x60, 0x0C, 0x43, 0x60, 0x0E, 0x01, 0xC0, 0x1F, 0x03, 0xC0, 0x15, 0x86,
    0x70, 0x14, 0x9C, 0x1C, 0x34, 0x78, 0x0F, 0x24, 0xFF, 0xFC, 0x64, 0x30, 0x0C, 0xC4, 0x30, 0x0C,
    0xC4, 0x30, 0x0C, 0x04, 0x30, 0x0C, 0x04, 0x30, 0x0C, 0x04, 0x30, 0x0C, 0x04, 0x3F, 0xFC, 0x04,
    0x30, 0x0C, 0x00, 0x00, 0x00, 0x00, 0x30, 0x00, 0x00, 0x18, 0x00, 0x7F, 0xFF, 0xFC, 0x60, 0x00,
    0x06, 0x60, 0x60, 0x06, 0x40, 0xC0, 0x04, 0x7F, 0xFF, 0xFE, 0x03, 0x00, 0xC0, 0x06, 0x01, 0x80,
    0x0E, 0x03, 0x00, 0x07, 0xFE, 0x00, 0x00, 0x7F, 0x80, 0x0F, 0xF1, 0xF8, 0x7E, 0x10, 0x1C, 0x00,
    0x10, 0x00, 0xFF, 0xFF, 0xFE, 0x00, 0x7C, 0x00, 0x00, 0xD6, 0x00, 0x03, 0x93, 0x80, 0x06, 0x10,
    0xC0, 0x3C, 0x10, 0x70, 0xF0, 0x10, 0x1E, 0x00, 0x10, 0x06, 0x04, 0x00, 0x80, 0x08, 0x01, 0x00,
    0x10, 0x82, 0x18, 0x21, 0x84, 0x20, 0x41, 0x08, 0xC0, 0x83, 0x11, 0x1F, 0xF2, 0x26, 0x06, 0x06,
    0x48, 0x0E, 0x00, 0x80, 0x1E, 0xFF, 0xFC, 0x36, 0xFF, 0xF8, 0xE4, 0x00, 0x31, 0x48, 0x00, 0x66,
    0x80, 0x00, 0xC9, 0x0F, 0xFF, 0xB2, 0x00, 0x03, 0x44, 0x00, 0x06, 0x88, 0x00, 0x0C, 0x10, 0x00,
    0x18, 0x20, 0x00, 0x30, 0x47, 0xFF, 0xE0, 0x80, 0x00, 0xC1, 0x00, 0x01, 0x80, 0x04, 0x01, 0x80,
    0x04, 0x01, 0x80, 0x04, 0x03, 0x80, 0x04, 0x06, 0x40, 0x04, 0x04, 0x60, 0x7F, 0x8C, 0x30, 0x0C,
    0x18, 0x18, 0x0C, 0x30, 0x0C, 0x0E, 0xFF, 0xF6, 0x0E, 0xC0, 0x03, 0x1F, 0x00, 0x00, 0x15, 0x21,
    0x04, 0x35, 0x21, 0x0C, 0x34, 0x31, 0x08, 0x24, 0x11, 0x98, 0x64, 0x11, 0x98, 0x44, 0x19, 0x90,
    0x04, 0x18, 0x30, 0x04, 0x00, 0x20, 0x04, 0x00, 0x60, 0x04, 0xFF, 0xFE, 0x04, 0x00, 0x00, 0x04,
    0x00, 0x00, 0x04, 0x01, 0x80, 0x02, 0x00, 0xA0, 0x01, 0x00, 0x88, 0x00, 0x80, 0x83, 0x00, 0x41,
    0x80, 0xC3, 0xFF, 0x80, 0x38, 0xFF, 0xFF, 0xF6, 0x18, 0x01, 0x00, 0x0C, 0x00, 0x80, 0x07, 0x00,
    0x40, 0x03, 0x8F, 0xFF, 0x83, 0xA4, 0x10, 0x41, 0x5A, 0x08, 0x21, 0xA5, 0x04, 0x10, 0x90, 0x82,
    0x08, 0xC8, 0x7F, 0xFC, 0x44, 0x01, 0xC0, 0x22, 0x00, 0xA0, 0x01, 0x00, 0xD8, 0x00, 0x80, 0xC6,
    0x00, 0x41, 0xC1, 0x80, 0x27, 0x80, 0x70, 0x11, 0x00, 0x0C, 0x00, 0x00, 0x00, 0x04, 0x00, 0x00,
    0x04, 0x7F, 0xFF, 0x04, 0x02, 0x20, 0x04, 0x1F, 0xFE, 0x04, 0x3F, 0xFE, 0x04, 0x3F, 0xFE, 0x7F,
    0xA2, 0x22, 0x04, 0x22, 0x22, 0x0C, 0x22, 0x22, 0x0E, 0x3F, 0xFE, 0x0F, 0x3F, 0xFE, 0x1D, 0x00,
    0x00, 0x15, 0xBF, 0xFE, 0x14, 0x80, 0x00, 0x34, 0x00, 0x00, 0x24, 0x7F, 0xFF, 0x64, 0x7F, 0xFF,
    0x44, 0x08, 0x80, 0x04, 0x18, 0x98, 0x04, 0x30, 0x84, 0x04, 0x60, 0x82, 0x04, 0xC0, 0x83, 0x04,
    0x0F, 0x80, 0x00, 0x00, 0x00, 0x08, 0x08, 0x40, 0x10, 0x10, 0xC0, 0x20, 0x21, 0x80, 0x4F, 0xFF,
    0xF0, 0x80, 0x86, 0x1F, 0xE1, 0x0C, 0x1F, 0x9F, 0xFE, 0x0C, 0x20, 0x04, 0x1C, 0x40, 0x08, 0x3C,
    0xFF, 0xF0, 0xF9, 0x00, 0x21, 0xDA, 0x00, 0x42, 0xB7, 0xFF, 0x8D, 0x0F, 0xFF, 0x12, 0x00, 0x80,
    0x64, 0x01, 0x00, 0x89, 0xFF, 0xFE, 0x10, 0x0E, 0x00, 0x20, 0x36, 0x00, 0x40, 0x46, 0x00, 0x83,
    0x86, 0x01, 0x1C, 0x07, 0x02, 0xF0, 0x03, 0x80, 0x00, 0x00, 0x04, 0x04, 0x10, 0x04, 0x04, 0x10,
    0x04, 0x04, 0x10, 0x04, 0x7F, 0xFE, 0x04, 0x04, 0x10, 0x7F, 0x84, 0x10, 0x7F, 0xFF, 0xFF, 0x0C,
    0x7F, 0xFF, 0x0C, 0x00, 0x80, 0x0E, 0x00, 0x80, 0x0F, 0x3F, 0xFE, 0x1D, 0x20, 0x82, 0x15, 0xA0,
    0x82, 0x34, 0xBF, 0xFE, 0x24, 0x20, 0x82, 0x64, 0x20, 0x82, 0x44, 0x20, 0x82, 0xC4, 0x3F, 0xFE,
    0x04, 0x3F, 0xFE, 0x04, 0x06, 0x30, 0x04, 0x1C, 0x18, 0x04, 0x38, 0x0E, 0x04, 0xE0, 0x03, 0x00,
    0x00, 0x00, 0x08, 0x02, 0x00, 0x08, 0x12, 0x10, 0x08, 0x32, 0x30, 0x08, 0x22, 0x24, 0x08, 0x6E,
    0x6C, 0x7F, 0xDB, 0xF8, 0x08, 0xF3, 0xD8, 0x18, 0x3B, 0x34, 0x1C, 0x6F, 0x66, 0x1C, 0xFF, 0xFE,
    0x1E, 0xFD, 0xE2, 0x3A, 0x25, 0x38, 0x3A, 0x21, 0x0C, 0x29, 0xFF, 0xFE, 0x68, 0x21, 0x80, 0x48,
    0x61, 0x8C, 0xC8, 0x70, 0x98, 0x08, 0x6C, 0xF0, 0x08, 0x46, 0xF0, 0x08, 0xC0, 0xE1, 0x08, 0x81,
    0xE3, 0x09, 0x87, 0x3B, 0x0B, 0x0C, 0x1E, 0x00, 0x00, 0x00, 0x00, 0x10, 0x00, 0x00, 0x60, 0x01,
    0x80, 0xC0, 0x01, 0x81, 0x00, 0x01, 0xC2, 0x00, 0x00, 0x8F, 0xFF, 0xC0, 0x10, 0x03, 0x00, 0x61,
    0x06, 0x00, 0xC2, 0x08, 0x03, 0x04, 0x30, 0x06, 0x18, 0x40, 0x00, 0x30, 0x80, 0x60, 0x60, 0x00,
    0x80, 0xE0, 0x03, 0x01, 0x40, 0x0C, 0x06, 0x80, 0x10, 0x09, 0x80, 0x60, 0x31, 0x81, 0x80, 0xC1,
    0x02, 0x03, 0x03, 0x00, 0x0C, 0x03, 0x80, 0x70, 0x03, 0x81, 0x80, 0x01, 0x80, 0x00, 0x18, 0x00,
    0x00, 0x30, 0x00, 0x00, 0x60, 0x00, 0x00, 0xC0, 0x00, 0x01, 0x80, 0x00, 0x03, 0x00, 0x02, 0x06,
    0x00, 0x04, 0x0C, 0x00, 0x08, 0x18, 0x00, 0x10, 0x3F, 0xF8, 0x20, 0x60, 0x00, 0x40, 0xC0, 0x00,
    0x81, 0x80, 0x01, 0x03, 0x00, 0x02, 0x06, 0x00, 0x04, 0x0C, 0x00, 0x08, 0x18, 0x00, 0x10, 0x30,
    0x00, 0x20, 0x60, 0x00, 0x40, 0xC0, 0x0F, 0xFF, 0xFF, 0xFF, 0xFF, 0xFF, 0xC0, 0x7F, 0xFF, 0xFC,
    0x00, 0x30, 0x00, 0x00, 0x60, 0x00, 0x00, 0xC0, 0x00, 0x01, 0x80, 0x00, 0x03, 0x00, 0x02, 0x06,
    0x00, 0x04, 0x0C, 0x00, 0x08, 0x18, 0x00, 0x10, 0x3F, 0xF8, 0x20, 0x60, 0x00, 0x40, 0xC0, 0x00,
    0x81, 0x80, 0x01, 0x03, 0x00, 0x02, 0x06, 0x00, 0x04, 0x0C, 0x00, 0x08, 0x18, 0x00, 0x10, 0x30,
    0x03, 0xFF, 0xFF, 0xFF, 0xFF, 0xFF, 0xF0, 0x03, 0x04, 0x00, 0x06, 0x08, 0x00, 0x0C, 0x10, 0x00,
    0x18, 0x20, 0x00, 0x30, 0x40, 0x04, 0x60, 0x80, 0x08, 0xC1, 0x07, 0x11, 0x82, 0x1C, 0x23, 0xF4,
    0xE0, 0x46, 0x0F, 0x00, 0x8C, 0x18, 0x01, 0x18, 0x20, 0x02, 0x30, 0x40, 0x04, 0x60, 0x80, 0x08,
    0xC1, 0x00, 0x11, 0x82, 0x00, 0x23, 0x04, 0x02, 0x46, 0x08, 0x04, 0x8C, 0x10, 0x09, 0x1B, 0xA0,
    0x32, 0xFF, 0x60, 0x7F, 0xC0, 0xFF, 0xA0, 0x00, 0x00, 0x00, 0x00, 0x00, 0x00, 0x00, 0x20, 0x00,
    0x00, 0x40, 0x00, 0x20, 0x80, 0x00, 0x41, 0xFF, 0x00, 0x82, 0x00, 0x01, 0x04, 0x00, 0x02, 0x08,
    0x00, 0x7F, 0xFF, 0xFC, 0xFF, 0xFF, 0xFC, 0x00, 0x40, 0x00, 0x08, 0x80, 0x00, 0x31, 0x03, 0x00,
    0xC2, 0x04, 0x01, 0x04, 0x18, 0x06, 0x08, 0x60, 0x18, 0x11, 0x80, 0x60, 0x26, 0x00, 0x00, 0x78,
    0x00, 0x00, 0xE0, 0x00, 0x0F, 0x00, 0x00, 0xF8, 0x00, 0x1F, 0x80, 0x00, 0x30, 0x00, 0x00, 0x3F,
    0xFF, 0xFE, 0x30, 0x80, 0x40, 0x30, 0x80, 0x40, 0x30, 0x80, 0x40, 0x3F, 0xFF, 0xFE, 0x31, 0xC0,
    0xE0, 0x31, 0xC1, 0xF0, 0x33, 0xF3, 0x58, 0x36, 0x96, 0x48, 0x3C, 0x8C, 0x4E, 0x38, 0x88, 0x42,
    0x30, 0x8C, 0x40, 0x30, 0x0C, 0x00, 0x31, 0x0C, 0x00, 0x31, 0x0F, 0xF8, 0x21, 0x0C, 0x00, 0x61,
    0x0C, 0x00, 0x61, 0x0C, 0x00, 0x41, 0x0C, 0x00, 0xDF, 0xFF, 0xFE, 0xCF, 0xFF, 0xFE, 0x00, 0x02,
    0x00, 0xFF, 0xC2, 0x70, 0x08, 0x02, 0x18, 0x08, 0x02, 0x08, 0x18, 0x02, 0x1C, 0x18, 0x0F, 0xFC,
    0x1F, 0xBE, 0x00, 0x10, 0x82, 0x00, 0x31, 0x83, 0x00, 0x21, 0x83, 0x3E, 0x61, 0x07, 0xF8, 0x71,
    0x7F, 0x00, 0xDB, 0x43, 0x06, 0x0F, 0x01, 0x04, 0x02, 0x01, 0x0C, 0x06, 0x01, 0x98, 0x04, 0x01,
    0xB0, 0x0C, 0x00, 0xE0, 0x18, 0x01, 0xC0, 0x18, 0x07, 0xC2, 0x30, 0x1C, 0x62, 0x60, 0xF0, 0x32,
    0x40, 0xC0, 0x1E, 0x00, 0xE0, 0x00, 0x0F, 0xC7, 0xF0, 0x1C, 0x06, 0x10, 0x10, 0x06, 0x10, 0x10,
    0x06, 0x10, 0x10, 0x06, 0x10, 0x1F, 0xE6, 0x10, 0x10, 0x04, 0x10, 0x10, 0x0C, 0x1F, 0x10, 0x18,
    0x00, 0x10, 0x10, 0x00, 0x10, 0x00, 0x00, 0x1F, 0xEF, 0xFC, 0x10, 0x04, 0x08, 0x10, 0x06, 0x08,
    0x10, 0x02, 0x18, 0x10, 0xE3, 0x30, 0x3F, 0xE1, 0xA0, 0xF8, 0x00, 0xE0, 0x10, 0x00, 0xE0, 0x10,
    0x03, 0xB0, 0x10, 0x0E, 0x1C, 0x10, 0x38, 0x07, 0x00, 0x20, 0x00, 0x06, 0x00, 0x00, 0x0C, 0x00,
    0x00, 0x30, 0x00, 0x00, 0x7F, 0xFF, 0xE1, 0x80, 0x00, 0x02, 0x00, 0x00, 0x0C, 0x00, 0x00, 0x37,
    0xFF, 0xF8, 0xCC, 0x40, 0x31, 0x18, 0xE0, 0x60, 0x20, 0x60, 0xC0, 0x40, 0x61, 0x80, 0x80, 0x03,
    0x1F, 0xFF, 0xFF, 0xC6, 0x20, 0x0C, 0x0C, 0x70, 0x18, 0x10, 0x38, 0x20, 0x20, 0x38, 0x40, 0x40,
    0x10, 0x81, 0xFF, 0xFF, 0xE0, 0x00, 0x02, 0x00, 0x00, 0x0C, 0x00, 0x01, 0xF0, 0x00, 0x00, 0x00,
    0x60, 0x08, 0x01, 0x80, 0x20, 0x06, 0x00, 0x80, 0x18, 0x02, 0x00, 0x60, 0x08, 0x01, 0x80, 0x20,
    0x46, 0x00, 0x83, 0x18, 0x02, 0x38, 0x7F, 0xC9, 0x81, 0x80, 0x3C, 0x06, 0x00, 0xC0, 0x18, 0x02,
    0x00, 0x60, 0x08, 0x01, 0x80, 0x20, 0x06, 0x00, 0x80, 0x18, 0x02, 0x02, 0x60, 0x08, 0x09, 0x80,
    0x20, 0x26, 0x00, 0x80, 0x98, 0xF2, 0x02, 0x7F, 0x08, 0x19, 0xE0, 0x3F, 0xC4, 0x00, 0x00, 0x00,
    0x20, 0x02, 0x00, 0x38, 0x02, 0x00, 0x0C, 0x02, 0x00, 0x06, 0x02, 0x00, 0x00, 0xFF, 0xF8, 0x00,
    0x02, 0x08, 0x00, 0x02, 0x08, 0xC0, 0x02, 0x08, 0x70, 0x02, 0x08, 0x1C, 0x02, 0x08, 0x0C, 0x06,
    0x08, 0x00, 0x06, 0x08, 0x03, 0xFF, 0xFF, 0x00, 0x07, 0x00, 0x04, 0x07, 0x00, 0x0C, 0x05, 0x00,
    0x08, 0x0D, 0x80, 0x18, 0x08, 0xC0, 0x10, 0x18, 0x40, 0x30, 0x30, 0x60, 0x20, 0xE0, 0x30, 0x61,
    0xC0, 0x1C, 0x43, 0x00, 0x06, 0x00, 0x00, 0x00, 0x40, 0x00, 0x00, 0xE0, 0x7F, 0x80, 0x60, 0x81,
    0x00, 0x61, 0x02, 0x00, 0x02, 0x04, 0x00, 0x04, 0x08, 0x00, 0x18, 0x10, 0x60, 0x30, 0x20, 0x70,
    0xC0, 0x7E, 0x33, 0x00, 0x00, 0x2C, 0x00, 0x00, 0x0F, 0xFF, 0xC0, 0x04, 0x01, 0x00, 0x8C, 0x06,
    0x03, 0x08, 0x18, 0x04, 0x18, 0x30, 0x18, 0x18, 0xC0, 0x20, 0x1F, 0x00, 0xC0, 0x1C, 0x01, 0x00,
    0xFC, 0x06, 0x07, 0x0E, 0x08, 0xF8, 0x07, 0xC1, 0x80, 0x01, 0x80, 0x60, 0x02, 0x00, 0xF0, 0x04,
    0x00, 0x70, 0x08, 0x00, 0x30, 0x10, 0x00, 0x00, 0x20, 0x00, 0x1F, 0xFF, 0x00, 0x00, 0x80, 0x60,
    0x01, 0x00, 0x70, 0x02, 0x00, 0x70, 0x04, 0x00, 0x20, 0x08, 0x00, 0x0F, 0xFF, 0xE0, 0x1F, 0xFF,
    0xC0, 0x00, 0x80, 0x01, 0x03, 0x00, 0x06, 0x04, 0x20, 0x08, 0x18, 0x40, 0x30, 0x60, 0x40, 0x40,
    0x80, 0xC1, 0x83, 0x03, 0xC6, 0x0F, 0xFF, 0x8C, 0x1E, 0x01, 0x90, 0x00, 0x01, 0x00, 0x00, 0x00,
    0x00, 0xC0, 0x08, 0x00, 0xE0, 0x18, 0x00, 0x70, 0x10, 0x00, 0x60, 0x30, 0x00, 0x3F, 0xFF, 0x80,
    0x7F, 0xFF, 0x80, 0x01, 0x00, 0x80, 0x02, 0x01, 0xC0, 0x04, 0x00, 0xE0, 0x08, 0x00, 0x40, 0x10,
    0x00, 0x00, 0x20, 0x00, 0x00, 0x40, 0x00, 0x3F, 0xFF, 0x03, 0x01, 0x00, 0x04, 0x02, 0x00, 0x18,
    0x04, 0x00, 0x60, 0x08, 0x00, 0xC0, 0x10, 0x03, 0x00, 0x20, 0x04, 0x00, 0x40, 0x18, 0xFF, 0xFF,
    0xA0, 0x00, 0x00, 0x00, 0x10, 0x20, 0x70, 0x10, 0x20, 0x1C, 0x10, 0x20, 0x0E, 0x10, 0x20, 0x02,
    0x10, 0x20, 0x00, 0x10, 0x20, 0x01, 0xFF, 0xFE, 0x80, 0x10, 0x20, 0xE0, 0x10, 0x20, 0x38, 0x10,
    0x20, 0x08, 0x10, 0x20, 0x00, 0x10, 0x20, 0x00, 0x10, 0x20, 0x00, 0x10, 0x20, 0x07, 0xFF, 0xFE,
    0x04, 0x00, 0x00, 0x0C, 0x00, 0x00, 0x08, 0x10, 0x60, 0x18, 0x30, 0x30, 0x30, 0x60, 0x18, 0x30,
    0x40, 0x08, 0x60, 0xC0, 0x0C, 0x41, 0x80, 0x06, 0x00, 0x00, 0x00, 0x00, 0x08, 0x00, 0xE0, 0x13,
    0x00, 0x60, 0x23, 0x00, 0x60, 0x43, 0x00, 0x00, 0x82, 0x00, 0x01, 0x3F, 0x80, 0x7F, 0xF8, 0x60,
    0xF6, 0x00, 0xE0, 0x0C, 0x00, 0x70, 0x18, 0x00, 0x20, 0x11, 0xF8, 0x07, 0xFF, 0xC0, 0x3F, 0x60,
    0x40, 0x00, 0xC1, 0x83, 0x00, 0x86, 0x04, 0x01, 0x18, 0x18, 0x03, 0x60, 0x30, 0x03, 0x84, 0xC0,
    0x0E, 0x09, 0x80, 0xF4, 0x16, 0x07, 0x8C, 0x6C, 0x7C, 0x0C, 0xD0, 0x40, 0x0F, 0x00, 0x00, 0x40,
    0x0B, 0x03, 0x00, 0x4C, 0x18, 0x02, 0x30, 0x41, 0x10, 0xBF, 0xE8, 0x81, 0xFF, 0x44, 0x00, 0x32,
    0x20, 0x01, 0x11, 0xC1, 0x08, 0x8B, 0x8C, 0xC4, 0x4C, 0x36, 0x22, 0x01, 0xA1, 0x10, 0x07, 0x08,
    0x80, 0x18, 0x44, 0x20, 0xC2, 0x23, 0x07, 0x11, 0x10, 0x68, 0x89, 0x82, 0x60, 0x48, 0x31, 0x02,
    0xC3, 0x00, 0x16, 0x30, 0x00, 0xE3, 0x00, 0x04, 0x00, 0x01, 0xE0, 0x00, 0x00, 0x00, 0x00, 0x00,
    0xC0, 0x02, 0x00, 0xE3, 0x04, 0x10, 0xE2, 0x08, 0x60, 0x46, 0x11, 0x80, 0x06, 0x22, 0x00, 0x04,
    0x4C, 0x00, 0x00, 0x80, 0xC0, 0xFF, 0xFC, 0xC1, 0xFF, 0xF8, 0xE3, 0x00, 0x30, 0x46, 0x00, 0x60,
    0x0C, 0x00, 0xC0, 0x1F, 0xFF, 0x80, 0x30, 0x03, 0x02, 0x60, 0x06, 0x0C, 0xC0, 0x0C, 0x11, 0xFF,
    0xF8, 0x63, 0x00, 0x30, 0x86, 0x00, 0x63, 0x0C, 0x00, 0xC4, 0x18, 0x01, 0x98, 0x30, 0x03, 0x20,
    0x60, 0x7C, 0x00, 0x00, 0x00, 0x60, 0x00, 0x00, 0x77, 0xFF, 0xF0, 0x28, 0x00, 0x20, 0x10, 0x00,
    0x40, 0x23, 0x18, 0x80, 0x04, 0x18, 0x60, 0x18, 0x18, 0x70, 0xE0, 0x18, 0x33, 0x04, 0x18, 0x20,
    0x08, 0x00, 0x00, 0x10, 0x00, 0x1F, 0xFF, 0xC0, 0x00, 0xE0, 0x03, 0x03, 0xE0, 0x04, 0x0D, 0x60,
    0x18, 0x12, 0x40, 0x20, 0x64, 0xC0, 0xC1, 0x88, 0xC1, 0x0E, 0x10, 0xE6, 0x38, 0x20, 0xE8, 0x40,
    0x40, 0x10, 0x00, 0x80, 0x00, 0x00, 0x00, 0x00, 0x30, 0x00, 0x00, 0x19, 0xFF, 0xFC, 0x0C, 0x04,
    0x00, 0x00, 0x0C, 0x00, 0x00, 0x0C, 0x00, 0x00, 0x08, 0x00, 0xC3, 0xFF, 0xFE, 0x70, 0x10, 0xC0,
    0x18, 0x30, 0x60, 0x08, 0x60, 0x30, 0x00, 0xCC, 0x18, 0x01, 0x8C, 0x0C, 0x07, 0x0C, 0x36, 0x00,
    0x4D, 0x98, 0x08, 0x4C, 0x88, 0x18, 0xCC, 0xCC, 0x10, 0x8C, 0xC6, 0x31, 0x8C, 0x46, 0x23, 0x0C,
    0x42, 0x60, 0x0C, 0x00, 0x60, 0x0C, 0x00, 0x40, 0x7C, 0x00, 0x00, 0x00, 0x00, 0x00, 0x00, 0x00,
    0xC0, 0x04, 0x00, 0xE0, 0x08, 0x00, 0x6F, 0xFF, 0xE0, 0x40, 0x20, 0x00, 0x00, 0x40, 0x00, 0x7F,
    0xFF, 0x00, 0x01, 0x00, 0xC0, 0x02, 0x00, 0xC7, 0xFF, 0xFC, 0xEF, 0xFF, 0xF8, 0x40, 0x00, 0x00,
    0x0F, 0xFF, 0x80, 0x30, 0x03, 0x01, 0x60, 0x06, 0x06, 0xFF, 0xFC, 0x0D, 0x80, 0x18, 0x13, 0x00,
    0x30, 0x66, 0x00, 0x60, 0x8F, 0xFF, 0xC3, 0x18, 0x01, 0x84, 0x30, 0x03, 0x18, 0x60, 0x06, 0x20,
    0xC0, 0x7C, 0x00, 0x00, 0x00, 0x20, 0x04, 0x00, 0x60, 0x0C, 0x00, 0x60, 0x08, 0x00, 0x6F, 0xFF,
    0xF0, 0x06, 0x03, 0x00, 0x06, 0x0C, 0x00, 0x07, 0x30, 0x60, 0x03, 0xC0, 0x60, 0x0F, 0xE0, 0x70,
    0xF8, 0xFC, 0x07, 0x80, 0x18, 0x03, 0x01, 0x80, 0x06, 0x03, 0x00, 0x0F, 0xFE, 0x03, 0x10, 0x0C,
    0x04, 0x20, 0x18, 0x18, 0x40, 0x30, 0x20, 0xFF, 0xE0, 0xC3, 0x00, 0xC1, 0x86, 0x01, 0x86, 0x08,
    0x03, 0x0C, 0x30, 0x06, 0x10, 0xC0, 0x0C, 0x00, 0x00, 0x00, 0x00, 0x02, 0x00, 0xE0, 0x04, 0x00,
    0x63, 0xFF, 0xE0, 0x64, 0x10, 0xC0, 0x48, 0x21, 0x80, 0x10, 0x43, 0x00, 0x3F, 0xFE, 0x40, 0x01,
    0x00, 0xE3, 0xFF, 0xFE, 0x77, 0xFF, 0xFC, 0x20, 0x00, 0x00, 0x07, 0xFF, 0x80, 0x0C, 0x01, 0x00,
    0x18, 0x42, 0x00, 0x30, 0x84, 0x06, 0x61, 0x08, 0x08, 0xC2, 0x10, 0x31, 0x8C, 0x20, 0xC3, 0x18,
    0x41, 0x80, 0x6E, 0x06, 0x03, 0x8F, 0x08, 0x1E, 0x07, 0x10, 0x60, 0x03, 0x00, 0x60, 0x00, 0x00,
    0x31, 0xFF, 0xFE, 0x19, 0x80, 0x00, 0x0D, 0x80, 0x80, 0x01, 0x81, 0x80, 0x01, 0x81, 0x00, 0x01,
    0x9F, 0xFC, 0xC1, 0x90, 0x04, 0x61, 0x90, 0x04, 0x39, 0x9F, 0xFC, 0x09, 0x90, 0x04, 0x01, 0x90,
    0x04, 0x01, 0x90, 0x04, 0x01, 0x9F, 0xFC, 0x0D, 0x80, 0x80, 0x09, 0x80, 0x80, 0x19, 0x08, 0x98,
    0x1B, 0x18, 0x8C, 0x33, 0x30, 0x84, 0x32, 0x20, 0x86, 0x66, 0x60, 0x82, 0x64, 0x00, 0x80, 0x4C,
    0x0F, 0x80, 0x00, 0x00, 0x00, 0x00, 0x00, 0x00, 0x60, 0xCC, 0x00, 0x71, 0x98, 0x00, 0x36, 0x18,
    0x00, 0x0F, 0xFF, 0x80, 0x30, 0x40, 0x3C, 0xE0, 0x80, 0x1F, 0x7F, 0xFC, 0x00, 0x82, 0x00, 0x01,
    0x04, 0x00, 0x13, 0xFF, 0xE0, 0x64, 0x10, 0x01, 0x88, 0x20, 0x06, 0x10, 0x40, 0x18, 0x3F, 0xFF,
    0x20, 0x7F, 0xFC, 0x00, 0x90, 0x01, 0xFF, 0xFF, 0xFC, 0x00, 0x40, 0x00, 0x00, 0x80, 0x00, 0x01,
    0x00, 0x00, 0x02, 0x00, 0x00, 0x04, 0x00, 0x00, 0x08, 0x00, 0x00, 0x06, 0x00, 0x30, 0x06, 0x00,
    0x18, 0x07, 0xFE, 0x0C, 0x06, 0x00, 0x00, 0x06, 0x00, 0x01, 0xFF, 0xFE, 0x01, 0xFF, 0xFE, 0x01,
    0x84, 0x06, 0xC1, 0x84, 0x04, 0x71, 0xBF, 0xE0, 0x19, 0xBC, 0x04, 0x01, 0x84, 0x04, 0x01, 0x87,
    0xFC, 0x01, 0x80, 0x00, 0x0D, 0x80, 0x00, 0x09, 0x83, 0x00, 0x19, 0xA9, 0x88, 0x19, 0xA8, 0xCC,
    0x33, 0x28, 0x44, 0x33, 0x68, 0x0E, 0x63, 0x48, 0x0A, 0x66, 0xC8, 0x1B, 0x46, 0x8F, 0xF8, 0x04,
    0x00, 0x00, 0x00, 0x30, 0x00, 0x00, 0xC0, 0x00, 0x03, 0x00, 0x00, 0x0F, 0xFE, 0x00, 0x30, 0x00,
    0x00, 0xC0, 0x00, 0x03, 0x00, 0x00, 0x0C, 0x00, 0x1F, 0xFF, 0xE0, 0x40, 0x00, 0x81, 0x00, 0x02,
    0x04, 0x00, 0x08, 0x10, 0x00, 0x20, 0x40, 0x00, 0x81, 0xFF, 0xFE, 0x00, 0x00, 0x00, 0x00, 0x00,
    0x00, 0x66, 0x10, 0x81, 0x18, 0x63, 0x0C, 0x20, 0x86, 0x60, 0x82, 0x0B, 0x02, 0x0C, 0x38, 0x00,
    0x00, 0x00, 0x04, 0x06, 0x00, 0x04, 0x06, 0x00, 0x04, 0x06, 0x00, 0x04, 0x06, 0x00, 0x7F, 0xFF,
    0xF0, 0x04, 0x04, 0x10, 0x04, 0x04, 0x10, 0x04, 0x04, 0x10, 0x05, 0xA4, 0x18, 0x0F, 0xBC, 0x18,
    0x7C, 0x0C, 0x18, 0xC4, 0x0F, 0x18, 0x04, 0x19, 0x98, 0x04, 0x18, 0xDA, 0x04, 0x30, 0x1A, 0x3C,
    0xE0, 0x1A, 0x3C, 0x00, 0x0E, 0x10, 0x04, 0x10, 0x11, 0x84, 0x18, 0x30, 0x86, 0x08, 0x60, 0x82,
    0x0C, 0xC0, 0x83, 0x06, 0x80, 0x82, 0x02, 0x00, 0x00, 0x00, 0x0C, 0x00, 0x00, 0x10, 0x00, 0x00,
    0x60, 0x00, 0x01, 0xFF, 0xFF, 0xC7, 0x10, 0x84, 0x0A, 0x21, 0x08, 0x34, 0x42, 0x10, 0xC8, 0x84,
    0x20, 0x11, 0x08, 0x41, 0xFF, 0xFF, 0xF0, 0x44, 0x21, 0x00, 0x88, 0x42, 0x01, 0x10, 0x84, 0x02,
    0x21, 0x08, 0x04, 0x42, 0x10, 0xFF, 0xFF, 0xFF, 0xFF, 0xFF, 0xFC, 0x00, 0x00, 0x00, 0xCC, 0x21,
    0x81, 0x18, 0x61, 0x84, 0x10, 0x41, 0x98, 0x20, 0xC1, 0x60, 0x41, 0x83, 0x00, 0x00, 0x00, 0x02,
    0x00, 0xC0, 0x02, 0x00, 0xD0, 0x07, 0xF0, 0xD8, 0x04, 0x30, 0xCC, 0x0C, 0x30, 0xC6, 0x1E, 0x20,
    0xC0, 0x1F, 0x6F, 0xFE, 0x31, 0xE0, 0xC0, 0x60, 0xC0, 0xC0, 0x5C, 0x80, 0xE0, 0x0F, 0x81, 0xE0,
    0x03, 0x01, 0x30, 0x06, 0x03, 0x30, 0x0C, 0x06, 0x18, 0x18, 0x0C, 0x0C, 0x70, 0x38, 0x06, 0x00,
    0x20, 0x03, 0x00, 0x00, 0x10, 0x08, 0xC2, 0x18, 0x18, 0x43, 0x0C, 0x30, 0x41, 0x06, 0x60, 0x41,
    0x06, 0x40, 0x41, 0x83, 0x7F, 0xFF, 0xFC, 0xC3, 0x04, 0x19, 0x86, 0x08, 0x33, 0x0C, 0x30, 0x66,
    0x18, 0xC0, 0xCC, 0x33, 0x81, 0x1F, 0xFC, 0x3E, 0x3F, 0xF0, 0x00, 0x61, 0xBF, 0xF8, 0xC3, 0x40,
    0x11, 0x86, 0x80, 0x23, 0x0D, 0x00, 0x46, 0x1A, 0x00, 0x8F, 0xF4, 0x01, 0x1F, 0xCF, 0xFE, 0x30,
    0x00, 0x00, 0x18, 0x04, 0x30, 0x21, 0x0C, 0x20, 0xC2, 0x08, 0x61, 0x04, 0x10, 0x66, 0x0C, 0x30,
    0x58, 0x18, 0x20, 0xC0, 0x00, 0x04, 0x00, 0x60, 0x10, 0x01, 0x80, 0x40, 0x06, 0x01, 0x00, 0x18,
    0x04, 0x00, 0x60, 0x10, 0x01, 0x80, 0x40, 0x07, 0xFF, 0xFF, 0x18, 0x00, 0x00, 0x60, 0x00, 0x01,
    0x80, 0x00, 0x06, 0x00, 0x00, 0x1F, 0xFF, 0x80, 0x60, 0x02, 0x01, 0x80, 0x08, 0x06, 0x00, 0x20,
    0x18, 0x00, 0x80, 0xC0, 0x02, 0x03, 0x00, 0x08, 0x0C, 0x00, 0x20, 0x60, 0x00, 0x83, 0x00, 0x02,
    0x08, 0x00, 0x08, 0x00, 0x11, 0x00, 0x02, 0x31, 0x01, 0xFE, 0x31, 0x1F, 0xC0, 0x31, 0x18, 0x00,
    0x31, 0x18, 0x00, 0x31, 0x18, 0x00, 0x31, 0x18, 0x00, 0x3F, 0xF8, 0x00, 0x3F, 0xFF, 0xFE, 0x30,
    0x1B, 0x02, 0x30, 0x1B, 0x06, 0x30, 0x19, 0x06, 0x30, 0x19, 0x04, 0x3F, 0x99, 0x8C, 0x30, 0x98,
    0x88, 0x30, 0x98, 0xD8, 0x30, 0x98, 0x50, 0x30, 0x98, 0x70, 0x30, 0x98, 0x60, 0x20, 0x90, 0xF0,
    0x60, 0xB1, 0x9C, 0x60, 0xB7, 0x06, 0x40, 0xA4, 0x03, 0x00, 0x18, 0x00, 0x00, 0x33, 0x00, 0x00,
    0x63, 0x00, 0x00, 0xC3, 0x00, 0x01, 0x83, 0x00, 0x03, 0x03, 0x00, 0x04, 0x00, 0x00, 0x08, 0x00,
    0x7F, 0xFF, 0xFE, 0x00, 0x30, 0x00, 0x00, 0xE0, 0x00, 0x01, 0xE0, 0x00, 0x02, 0xC0, 0x00, 0x0C,
    0x80, 0x00, 0x19, 0x80, 0x00, 0x61, 0x80, 0x00, 0xC3, 0x00, 0x03, 0x03, 0x00, 0x0C, 0x03, 0x00,
    0x30, 0x03, 0x00, 0xC0, 0x03, 0x07, 0x00, 0x03, 0x98, 0x00, 0x01, 0x80, 0x02, 0x02, 0x00, 0x02,
    0x02, 0x20, 0x02, 0x02, 0x30, 0x02, 0x02, 0x10, 0x62, 0x02, 0x18, 0x22, 0x02, 0x0C, 0x32, 0x02,
    0x00, 0x1A, 0x02, 0x00, 0x0A, 0xFF, 0xFE, 0x02, 0x03, 0x00, 0x02, 0x03, 0x00, 0x06, 0x07, 0x00,
    0x0E, 0x07, 0x00, 0x1A, 0x05, 0x80, 0x32, 0x04, 0x80, 0x62, 0x0C, 0xC0, 0xC2, 0x08, 0xC0, 0x82,
    0x18, 0x60, 0x02, 0x10, 0x20, 0x02, 0x30, 0x30, 0x02, 0x60, 0x18, 0x02, 0xC0, 0x0E, 0x03, 0x80,
    0x06, 0x00, 0x00, 0x00, 0x82, 0x00, 0xF9, 0x8C, 0xFF, 0x81, 0xB1, 0x91, 0x01, 0xE2, 0x23, 0x01,
    0x84, 0x46, 0x07, 0x08, 0x8C, 0x1A, 0x11, 0x18, 0x66, 0x22, 0x31, 0x8C, 0x44, 0x60, 0x18, 0x88,
    0xC0, 0x71, 0x10, 0x80, 0xE2, 0x21, 0x03, 0x4C, 0x42, 0x0C, 0x98, 0x86, 0x31, 0x31, 0x4C, 0xC2,
    0x62, 0xD8, 0x04, 0x8D, 0x90, 0x09, 0x19, 0x20, 0x36, 0x23, 0x60, 0x6C, 0xFE, 0x40, 0x91, 0xE4,
    0xDF, 0x62, 0x0D, 0x80, 0x00, 0x00, 0x41, 0x01, 0x00, 0xC6, 0x02, 0x00, 0xD8, 0x04, 0x00, 0xE0,
    0x08, 0x01, 0xC7, 0xFF, 0xE7, 0x80, 0x20, 0x19, 0x08, 0x43, 0x63, 0x18, 0x84, 0x06, 0x11, 0x18,
    0x0C, 0x32, 0x20, 0x18, 0x64, 0xC0, 0x70, 0x49, 0x01, 0xAF, 0xFF, 0xE6, 0x40, 0x60, 0x18, 0x80,
    0xC0, 0x61, 0x01, 0xC0, 0x82, 0x06, 0x80, 0x04, 0x09, 0x80, 0x08, 0x31, 0x80, 0x30, 0xC1, 0x80,
    0x67, 0x01, 0x80, 0x9C, 0x01, 0xDF, 0x60, 0x01, 0x80, 0x00, 0x00, 0x00, 0x01, 0x00, 0x00, 0x06,
    0x00, 0x00, 0x0C, 0x00, 0x00, 0x10, 0x03, 0xFF, 0xFF, 0xF0, 0x0C, 0x00, 0x00, 0x20, 0x00, 0x01,
    0x80, 0x00, 0x0C, 0x06, 0x00, 0x60, 0x30, 0x01, 0x01, 0x80, 0x0C, 0x0C, 0x00, 0x7F, 0xF0, 0x01,
    0x83, 0x80, 0x00, 0x18, 0x00, 0x00, 0xC0, 0x80, 0x06, 0x03, 0x00, 0x30, 0x06, 0x03, 0x80, 0x08,
    0x1C, 0x07, 0xF0, 0xFF, 0xFF, 0xE3, 0xC0, 0x00, 0x80, 0x00, 0x02, 0x00, 0x10, 0x00, 0x00, 0x30,
    0x00, 0x00, 0x60, 0x03, 0xFF, 0xFF, 0xF0, 0x03, 0x00, 0x04, 0x0C, 0x63, 0x0E, 0x31, 0x8C, 0x06,
    0xFE, 0x30, 0x05, 0xD8, 0xC0, 0x00, 0x68, 0x00, 0x1D, 0x9B, 0x00, 0xE6, 0x1B, 0x87, 0x1F, 0xF9,
    0x88, 0x22, 0x11, 0x80, 0x04, 0x00, 0x00, 0x08, 0x00, 0xFF, 0xFF, 0xFE, 0x00, 0x20, 0x00, 0x00,
    0x40, 0x00, 0x00, 0x80, 0x00, 0x01, 0x00, 0x00, 0x02, 0x00, 0x00, 0x04, 0x00, 0x00, 0x7F, 0x3F,
    0xF1, 0xFF, 0x40, 0x20, 0x20, 0x80, 0x40, 0x41, 0x00, 0x80, 0x82, 0x21, 0x01, 0x04, 0x42, 0x02,
    0x08, 0x84, 0x04, 0x11, 0x08, 0x7F, 0x22, 0x10, 0x10, 0x44, 0x20, 0x20, 0x88, 0x40, 0x41, 0x10,
    0x80, 0x82, 0x21, 0x01, 0x04, 0xE2, 0x02, 0x01, 0xE0, 0x04, 0xC2, 0xC0, 0x0F, 0x8D, 0x84, 0xF8,
    0x13, 0x0B, 0x80, 0x66, 0x10, 0x03, 0x8C, 0x60, 0x0E, 0x1F, 0xC0, 0x30, 0x00, 0x00, 0x7F, 0xDF,
    0xFC, 0x3F, 0xEF, 0xFE, 0x01, 0x04, 0x01, 0x00, 0x82, 0x00, 0x80, 0x41, 0x00, 0x40, 0x20, 0xFF,
    0xE0, 0x10, 0x40, 0x10, 0x7F, 0xA0, 0x08, 0x3F, 0xD0, 0x04, 0x02, 0x0F, 0xFE, 0x01, 0x04, 0x01,
    0x00, 0x82, 0x00, 0x80, 0x41, 0x00, 0x40, 0x20, 0xFF, 0xE0, 0x17, 0x18, 0x80, 0x1F, 0x0C, 0x40,
    0x7C, 0x04, 0x20, 0x30, 0x06, 0x10, 0x00, 0x02, 0x08, 0x40, 0x03, 0x04, 0x20, 0x07, 0x02, 0x10,
    0x0F, 0x01, 0xF8, 0x02, 0x00, 0x00, 0x00, 0x7F, 0xFC, 0xFF, 0x41, 0x04, 0x08, 0x41, 0x04, 0x08,
    0x41, 0x04, 0x08, 0x41, 0x04, 0x08, 0x7F, 0xFC, 0x08, 0x41, 0x04, 0x08, 0x41, 0x04, 0xFF, 0x41,
    0x04, 0x08, 0x41, 0x04, 0x08, 0x7F, 0xFC, 0x08, 0x01, 0x00, 0x08, 0x01, 0x00, 0x08, 0x01, 0x00,
    0x08, 0x01, 0x00, 0x09, 0x7F, 0xFE, 0x0F, 0x01, 0x00, 0x7C, 0x01, 0x00, 0xE0, 0x01, 0x00, 0x00,
    0x01, 0x00, 0x03, 0xFF, 0xFF, 0x01, 0xFF, 0xFE, 0x00, 0x00, 0x00, 0x3F, 0xFF, 0xFC, 0x60, 0x20,
    0x18, 0xC0, 0x40, 0x31, 0x80, 0x80, 0x63, 0x01, 0x00, 0xC6, 0x02, 0x01, 0x8F, 0xFF, 0xFF, 0x18,
    0x08, 0x06, 0x30, 0x10, 0x0C, 0x60, 0x20, 0x18, 0xC0, 0x40, 0x31, 0x80, 0x80, 0x63, 0xFF, 0xFF,
    0xC6, 0x02, 0x01, 0x8C, 0x04, 0x03, 0x18, 0x08, 0x06, 0x20, 0x10, 0x0C, 0xC0, 0x20, 0x19, 0x80,
    0x40, 0x36, 0x00, 0x80, 0x68, 0x01, 0x1F, 0x80, 0x00, 0x00, 0x00, 0x00, 0x20, 0x00, 0x01, 0x00,
    0x00, 0x08, 0x00, 0x00, 0x40, 0x00, 0x02, 0x00, 0x3F, 0xFF, 0xF9, 0x00, 0x80, 0x48, 0x04, 0x02,
    0x40, 0x20, 0x12, 0x01, 0x00, 0x90, 0x08, 0x04, 0x80, 0x40, 0x27, 0xFF, 0xFF, 0x20, 0x10, 0x09,
    0x00, 0x80, 0x48, 0x04, 0x02, 0x40, 0x20, 0x12, 0x01, 0x00, 0x90, 0x08, 0x04, 0x80, 0x40, 0x27,
    0xFF, 0xFF, 0x3F, 0xFF, 0xF9, 0x00, 0x00, 0x40, 0x00, 0x40, 0x00, 0x02, 0x00, 0x00, 0x10, 0x00,
    0x00, 0x80, 0x0F, 0xFF, 0xFE, 0x60, 0x20, 0x33, 0x01, 0x01, 0x98, 0x08, 0x0C, 0xC0, 0x40, 0x67,
    0xFF, 0xFF, 0x30, 0x10, 0x19, 0x80, 0x80, 0xCC, 0x04, 0x06, 0x60, 0x20, 0x33, 0x01, 0x01, 0x9F,
    0xFF, 0xFC, 0xC0, 0x40, 0x06, 0x02, 0x00, 0x40, 0x10, 0x02, 0x00, 0x80, 0x10, 0x04, 0x01, 0x80,
    0x20, 0x0C, 0x01, 0xFF, 0xC0, 0xFF, 0xFF, 0xF0, 0x00, 0x00, 0x00, 0x00, 0x00, 0x00, 0x00, 0x0F,
    0xFF, 0x00, 0x84, 0x10, 0x88, 0x41, 0x18, 0x84, 0x11, 0x88, 0x41, 0x18, 0xFF, 0xF1, 0x88, 0x41,
    0x18, 0x84, 0x11, 0x88, 0x41, 0x18, 0x84, 0x11, 0x8F, 0xFF, 0x18, 0xFF, 0xF1, 0x80, 0x00, 0x18,
    0x00, 0x01, 0x80, 0x00, 0x1F, 0xFF, 0xFF, 0x00, 0x00, 0x10, 0x1F, 0xFF, 0xF0, 0x3F, 0xFF, 0xE0,
    0x40, 0x40, 0x40, 0x80, 0x80, 0x81, 0x01, 0x01, 0x03, 0xFF, 0xFE, 0x04, 0x04, 0x04, 0x08, 0x08,
    0x08, 0x10, 0x10, 0x10, 0x3F, 0xFF, 0xE0, 0x7F, 0xFF, 0xC0, 0x0C, 0x18, 0x00, 0x30, 0x18, 0x01,
    0xC0, 0x18, 0x0E, 0x40, 0x5C, 0x78, 0x80, 0x8F, 0x01, 0x01, 0x06, 0x02, 0x02, 0x00, 0x0C, 0x04,
    0x00, 0x18, 0x08, 0x00, 0x60, 0x10, 0x01, 0x80, 0x20, 0x0E, 0x00, 0x40, 0x00, 0x00, 0x00, 0x01,
    0x80, 0x00, 0x7D, 0xFF, 0xDF, 0x0F, 0xFE, 0x80, 0x04, 0x34, 0x00, 0x61, 0xA1, 0x83, 0x0D, 0x06,
    0x10, 0x68, 0x11, 0x83, 0x4F, 0xCC, 0x17, 0xE2, 0xC1, 0xB8, 0x1C, 0x7C, 0x00, 0xC0, 0x01, 0xFF,
    0xFE, 0x1F, 0xFF, 0xF0, 0xC0, 0x80, 0x86, 0x04, 0x04, 0x30, 0x20, 0x21, 0xFF, 0xFF, 0x0C, 0x08,
    0x08, 0x60, 0x40, 0x43, 0x02, 0x02, 0x1F, 0xFF, 0xF0, 0xC0, 0x00, 0x80, 0x00, 0x00, 0x00, 0x02,
    0x00, 0x7F, 0x86, 0x00, 0xFF, 0x86, 0x00, 0xC8, 0x8F, 0xFC, 0xC8, 0x8C, 0x08, 0xC8, 0x9C, 0x18,
    0xC8, 0xB6, 0x30, 0xC8, 0xE3, 0x20, 0xC8, 0x81, 0xE0, 0xFF, 0x80, 0xC0, 0xC8, 0x81, 0xE0, 0xC8,
    0x87, 0x30, 0xC8, 0x8C, 0x1C, 0xC8, 0xB8, 0x06, 0xC8, 0xFF, 0xFE, 0xC8, 0xB0, 0x0C, 0xFF, 0xB0,
    0x0C, 0xFF, 0xB0, 0x0C, 0xC0, 0x30, 0x0C, 0xC0, 0x30, 0x0C, 0x00, 0x30, 0x0C, 0x00, 0x3F, 0xFC,
    0x00, 0x30, 0x0C, 0x00, 0x00, 0x00, 0x00, 0x00, 0x60, 0x01, 0xFF, 0xC0, 0xFF, 0xE0, 0x00, 0x20,
    0x82, 0x00, 0x61, 0x0C, 0x00, 0x42, 0x10, 0x00, 0xC4, 0x60, 0x7F, 0xFF, 0xFF, 0x00, 0x7C, 0x00,
    0x01, 0xAC, 0x00, 0x0E, 0x46, 0x00, 0x30, 0x87, 0x01, 0xC1, 0x03, 0x9F, 0xFF, 0xFF, 0xF6, 0x04,
    0x0C, 0x8C, 0x08, 0x18, 0x18, 0x10, 0x30, 0x3F, 0xFF, 0xE0, 0x60, 0x40, 0xC0, 0xC0, 0x81, 0x81,
    0x81, 0x03, 0x03, 0xFF, 0xFE, 0x06, 0x00, 0x0C, 0x00, 0x00, 0x00, 0x00, 0x08, 0x30, 0x7F, 0xD0,
    0xC0, 0x01, 0xB3, 0x01, 0x82, 0x3C, 0x21, 0x8C, 0x30, 0xC1, 0xF0, 0x23, 0x00, 0xC0, 0x38, 0x03,
    0xFF, 0xF0, 0x0C, 0x00, 0x30, 0x70, 0x00, 0x3B, 0x80, 0x00, 0x3C, 0x3F, 0xFF, 0x00, 0x40, 0x06,
    0x00, 0x80, 0x0C, 0x01, 0x00, 0x18, 0x02, 0x00, 0x30, 0x07, 0xFF, 0xE0, 0x02, 0x01, 0x00, 0x04,
    0x02, 0x00, 0x0C, 0x0C, 0x00, 0x08, 0x10, 0x00, 0x10, 0x60, 0x1F, 0xFF, 0xFF, 0x80, 0x00, 0x00,
    0x00, 0x18, 0x00, 0x02, 0x00, 0x00, 0xC0, 0x00, 0x18, 0x00, 0xFF, 0xFF, 0x90, 0x00, 0x12, 0x00,
    0x02, 0x40, 0x00, 0x48, 0x00, 0x09, 0x00, 0x01, 0x20, 0x00, 0x24, 0x00, 0x04, 0xFF, 0xFF, 0x90,
    0x00, 0x12, 0x00, 0x02, 0x40, 0x00, 0x48, 0x00, 0x09, 0x00, 0x01, 0x20, 0x00, 0x24, 0x00, 0x04,
    0xFF, 0xFF, 0x90, 0x00, 0x12, 0x00, 0x02, 0xFF, 0xFF, 0xFC, 0x01, 0x80, 0x00, 0x06, 0x00, 0x00,
    0x10, 0x00, 0x00, 0x40, 0x00, 0x7F, 0xFF, 0x83, 0x00, 0x06, 0x0C, 0x00, 0x18, 0x30, 0x00, 0x60,
    0xC0, 0x01, 0x83, 0x00, 0x06, 0x0F, 0xFF, 0xF8, 0x30, 0x00, 0x60, 0xC0, 0x01, 0x83, 0x00, 0x06,
    0x0C, 0x00, 0x18, 0x30, 0x00, 0x60, 0xC0, 0x01, 0x83, 0xFF, 0xFE, 0x0C, 0x00, 0x18, 0x30, 0x00,
    0x60, 0x0C, 0x04, 0x00, 0x30, 0x10, 0x00, 0x80, 0xC0, 0x02, 0x03, 0x00, 0xFF, 0x8F, 0xFF, 0x02,
    0x60, 0x3C, 0x09, 0x80, 0xF0, 0x2C, 0x02, 0xC0, 0xB0, 0x0B, 0x02, 0xA0, 0x2C, 0x08, 0xC0, 0xBF,
    0xE1, 0x82, 0xC0, 0x83, 0x0B, 0x02, 0x04, 0x6C, 0x08, 0x19, 0xB0, 0x20, 0x26, 0xC0, 0x80, 0x1B,
    0x02, 0x00, 0x6C, 0x08, 0x01, 0xBF, 0xE0, 0x06, 0xC0, 0x00, 0x13, 0x00, 0x00, 0xCC, 0x00, 0x3E,
    0x00, 0x00, 0x00, 0x00, 0x00, 0x60, 0x00, 0x00, 0xC0, 0x00, 0x7F, 0xFF, 0x00, 0xC4, 0x02, 0x01,
    0x8E, 0x04, 0x03, 0x06, 0x08, 0x06, 0x04, 0x10, 0xFF, 0xFF, 0xFE, 0x18, 0x00, 0x40, 0x31, 0x80,
    0x80, 0xC1, 0xC1, 0x01, 0x80, 0xC2, 0x06, 0x00, 0x3C, 0x18, 0x00, 0x70, 0x0F, 0xFF, 0xF8, 0x10,
    0x82, 0x10, 0x21, 0x04, 0x20, 0x42, 0x08, 0x40, 0x84, 0x10, 0x81, 0x08, 0x21, 0x02, 0x10, 0x42,
    0x3F, 0xFF, 0xFF, 0xFF, 0xFF, 0xFF, 0xFF, 0xFF, 0xF0, 0x00, 0x3C, 0x00, 0x0F, 0x00, 0x03, 0xC0,
    0x00, 0xF0, 0x00, 0x3F, 0xFF, 0xFF, 0x00, 0x03, 0xC0, 0x00, 0xF0, 0x00, 0x3C, 0x00, 0x0F, 0x00,
    0x03, 0xFF, 0xFF, 0xF0, 0x00, 0x3C, 0x00, 0x0F, 0x00, 0x03, 0xC0, 0x00, 0xF0, 0x00, 0x3F, 0xFF,
    0xFF, 0x00, 0x03, 0xC0, 0x00, 0xC0, 0x00, 0x10, 0x00, 0x01, 0x10, 0x40, 0x03, 0x10, 0x60, 0x02,
    0x10, 0x30, 0x06, 0x10, 0x1C, 0x0C, 0x10, 0x66, 0x18, 0x11, 0xC2, 0x30, 0x13, 0x00, 0x00, 0x1E,
    0x00, 0x00, 0xF0, 0x00, 0x3F, 0xFF, 0xF8, 0x7E, 0x00, 0x18, 0x06, 0x00, 0x18, 0x06, 0x00, 0x18,
    0x07, 0xFF, 0xF8, 0x06, 0x00, 0x18, 0x06, 0x00, 0x18, 0x07, 0xFF, 0xF8, 0x06, 0x00, 0x18, 0x06,
    0x00, 0x18, 0x07, 0xFF, 0xF8, 0x06, 0x00, 0x18, 0x06, 0x00, 0x18, 0x00, 0x00, 0x00, 0x00, 0x00,
    0x10, 0x00, 0xFF, 0xF0, 0xFF, 0xF8, 0x00, 0x03, 0x00, 0x00, 0x04, 0x00, 0x07, 0xFF, 0xFF, 0x00,
    0x30, 0x00, 0x00, 0xC0, 0x00, 0x7F, 0xFF, 0xFE, 0x06, 0x00, 0x00, 0x08, 0x00, 0x00, 0x3F, 0xFF,
    0x80, 0xE0, 0x01, 0x03, 0xC0, 0x02, 0x0D, 0xFF, 0xFC, 0x33, 0x00, 0x08, 0xC6, 0x00, 0x10, 0x0C,
    0x00, 0x20, 0x1F, 0xFF, 0xC0, 0x30, 0x00, 0x80, 0x60, 0x01, 0x00, 0xFF, 0xFE, 0x01, 0x80, 0x04,
    0x00, 0x00, 0x7F, 0xF9, 0xFE, 0xC0, 0x13, 0x0D, 0x80, 0x26, 0x1B, 0x00, 0x4C, 0x36, 0x00, 0x98,
    0x6F, 0xFF, 0x3F, 0xDF, 0xFE, 0x61, 0xB0, 0x80, 0xC3, 0x61, 0x01, 0x86, 0xC3, 0x03, 0x0D, 0x86,
    0x07, 0xFB, 0xFF, 0xFC, 0x36, 0x18, 0x18, 0x6C, 0x30, 0x30, 0xD8, 0x20, 0x61, 0xB0, 0x40, 0xC3,
    0x60, 0xC1, 0xFE, 0xC1, 0x87, 0x01, 0x81, 0x0E, 0x03, 0x0F, 0x10, 0x07, 0xF3, 0x60, 0x0F, 0x03,
    0xC0, 0x00, 0x00, 0x00, 0x10, 0x00, 0x00, 0x60, 0x7F, 0xFC, 0xC0, 0x00, 0x01, 0xFC, 0x00, 0x03,
    0xF8, 0x00, 0x0C, 0x83, 0xFF, 0x99, 0x04, 0x03, 0x22, 0x08, 0x06, 0xC4, 0x10, 0x0C, 0x08, 0x20,
    0x1B, 0xFF, 0x40, 0x30, 0x60, 0x80, 0x60, 0xC1, 0xFF, 0xC1, 0x80, 0x00, 0x03, 0x82, 0x02, 0x07,
    0x06, 0x0C, 0x1B, 0x0C, 0x10, 0x33, 0x08, 0x60, 0xC2, 0x18, 0xC1, 0x84, 0x11, 0x06, 0x00, 0x06,
    0x18, 0x0F, 0xFF, 0xC0, 0x00, 0x00, 0x00, 0x00, 0x00, 0x00, 0xFF, 0x7F, 0xF0, 0x20, 0x00, 0x40,
    0xC0, 0x00, 0x81, 0x81, 0x81, 0x02, 0x03, 0x02, 0x04, 0x06, 0x04, 0x18, 0x0C, 0x18, 0x3F, 0x10,
    0x30, 0x42, 0x20, 0x61, 0x84, 0x7F, 0xFF, 0x08, 0x00, 0x3E, 0x10, 0x00, 0x44, 0x20, 0x00, 0x88,
    0x40, 0x01, 0x10, 0xBF, 0xFA, 0x21, 0x00, 0x04, 0x42, 0x00, 0x18, 0xFC, 0x00, 0x31, 0x00, 0x00,
    0x42, 0x00, 0x00, 0x80, 0x00, 0x1F, 0x00, 0x00, 0x06, 0x00, 0xFF, 0x0C, 0x01, 0xFE, 0x3F, 0xC0,
    0x40, 0x61, 0x01, 0x81, 0x86, 0x03, 0x02, 0x08, 0x04, 0x0F, 0xFF, 0x88, 0x3F, 0xFF, 0x30, 0xF0,
    0x86, 0x7F, 0x61, 0x0C, 0xFC, 0xC2, 0x1B, 0x89, 0xFF, 0xF7, 0x13, 0x08, 0x7E, 0x26, 0x10, 0xCC,
    0x4C, 0x21, 0x98, 0x98, 0x43, 0x31, 0x3F, 0xFE, 0x62, 0x61, 0x0C, 0xC4, 0xC2, 0x19, 0xFB, 0x04,
    0x33, 0x06, 0x08, 0x66, 0x18, 0x10, 0xC0, 0x60, 0x2F, 0x80, 0x00, 0x00, 0x00, 0x00, 0x80, 0x00,
    0x01, 0x80, 0x7F, 0x81, 0x00, 0x18, 0x7F, 0xFC, 0x18, 0x62, 0x04, 0x18, 0x66, 0x84, 0x10, 0x64,
    0xC4, 0x10, 0x0C, 0x40, 0x30, 0x1F, 0xFC, 0x3F, 0xB0, 0x40, 0x31, 0xF0, 0x40, 0x71, 0xD0, 0x40,
    0x71, 0x9F, 0xFE, 0xF1, 0x90, 0x40, 0xF1, 0x90, 0x40, 0x31, 0x90, 0x40, 0x31, 0x9F, 0xFC, 0x31,
    0x9F, 0xFC, 0x3F, 0x90, 0x40, 0x30, 0x10, 0x40, 0x30, 0x10, 0x40, 0x30, 0x1F, 0xFF, 0x00, 0x10,
    0x00, 0x3F, 0xFF, 0xF8, 0x00, 0x00, 0x00, 0x00, 0x00, 0x00, 0x00, 0x00, 0x00, 0x00, 0x00, 0x00,
    0x00, 0x00, 0x3F, 0xFF, 0xFF, 0x80, 0x08, 0x00, 0x00, 0x10, 0x00, 0x00, 0x20, 0x00, 0x18, 0x43,
    0x00, 0x20, 0x82, 0x00, 0xC1, 0x06, 0x01, 0x02, 0x06, 0x06, 0x04, 0x04, 0x18, 0x08, 0x0C, 0x60,
    0x10, 0x09, 0xC0, 0x20, 0x1B, 0x00, 0x40, 0x10, 0x00, 0x80, 0x00, 0x3F, 0x00, 0x00, 0x06, 0x00,
    0xC0, 0x0C, 0x01, 0x80, 0x18, 0x03, 0x03, 0xFE, 0xFF, 0xE0, 0x60, 0x1E, 0x01, 0xF0, 0x7C, 0x07,
    0xB1, 0xBC, 0x1B, 0x36, 0x6C, 0x66, 0x18, 0xCD, 0x8C, 0x61, 0x8C, 0x08, 0x03, 0x00, 0x00, 0x00,
    0x00, 0xFF, 0xFF, 0x00, 0x00, 0x00, 0x00, 0x00, 0x00, 0x7F, 0xFF, 0xFF, 0x00, 0x10, 0x00, 0x04,
    0x21, 0x00, 0x18, 0x43, 0x00, 0x60, 0x83, 0x01, 0x81, 0x01, 0x8E, 0x02, 0x01, 0x90, 0x7C, 0x01,
    0x00, 0x00, 0x00, 0x00, 0x81, 0x00, 0x1F, 0x02, 0x01, 0xF0, 0x04, 0x00, 0x20, 0x08, 0x00, 0x40,
    0x91, 0x00, 0x83, 0x22, 0x01, 0x06, 0x46, 0x7F, 0xE8, 0x86, 0x0C, 0x11, 0x04, 0x1C, 0x62, 0x08,
    0x3C, 0xC4, 0x18, 0xE9, 0x08, 0x01, 0x5A, 0x10, 0x86, 0x90, 0x23, 0x19, 0x00, 0x46, 0x32, 0x00,
    0x98, 0xC4, 0x00, 0x21, 0x08, 0x00, 0xC0, 0x10, 0x03, 0x00, 0x20, 0x1C, 0x00, 0x40, 0xE0, 0x00,
    0x87, 0x80, 0x01, 0x38, 0x00, 0x00, 0x00, 0x00, 0x01, 0x8C, 0x00, 0x3E, 0x10, 0x01, 0xF0, 0x20,
    0x00, 0x20, 0x7F, 0xF0, 0x41, 0xFF, 0xE0, 0x82, 0x10, 0x81, 0x04, 0x23, 0x7F, 0xF8, 0x44, 0x0C,
    0x20, 0x80, 0x18, 0xD9, 0x20, 0x38, 0x32, 0x40, 0xF8, 0x44, 0xC1, 0x59, 0x88, 0x86, 0x93, 0x11,
    0x09, 0x04, 0x23, 0x32, 0x18, 0x42, 0xC4, 0x30, 0x85, 0x88, 0xC1, 0x0C, 0x11, 0x82, 0x18, 0x20,
    0x04, 0x00, 0x40, 0x08, 0x00, 0x80, 0x10, 0x01, 0x01, 0xE0, 0x00, 0x00, 0x00, 0x00, 0x01, 0x81,
    0x80, 0x0F, 0x03, 0x00, 0x7C, 0x02, 0x00, 0x04, 0x0F, 0xFC, 0x04, 0x18, 0x08, 0x04, 0x74, 0x10,
    0x04, 0x07, 0x70, 0x7F, 0xC1, 0xC0, 0x04, 0x03, 0x80, 0x0E, 0x1E, 0x60, 0x0F, 0x70, 0xC0, 0x0D,
    0x01, 0xFF, 0x1D, 0x83, 0x02, 0x14, 0x86, 0x06, 0x34, 0x1C, 0x04, 0x24, 0x32, 0x0C, 0x64, 0x03,
    0x98, 0x44, 0x00, 0xF0, 0x04, 0x00, 0x60, 0x04, 0x01, 0xC0, 0x04, 0x07, 0x00, 0x04, 0x3E, 0x00,
    0x04, 0x70, 0x00, 0x00, 0x00, 0x00, 0x00, 0x40, 0x00, 0x07, 0xCF, 0xFC, 0x7E, 0x08, 0x04, 0x02,
    0x08, 0x04, 0x02, 0x08, 0x04, 0x02, 0x08, 0x04, 0x02, 0x08, 0x04, 0x7F, 0xE8, 0x04, 0x3F, 0xCF,
    0xFC, 0x06, 0x00, 0x00, 0x07, 0x00, 0x00, 0x0F, 0xBF, 0xFE, 0x0A, 0xC0, 0x80, 0x1A, 0xE0, 0x80,
    0x32, 0x40, 0x80, 0x22, 0x00, 0x80, 0x62, 0x3F, 0xFE, 0x42, 0x00, 0x80, 0x02, 0x00, 0x80, 0x02,
    0x00, 0x80, 0x02, 0x00, 0x80, 0x02, 0x7F, 0xFF, 0x02, 0x00, 0x00, 0x00, 0x84, 0x00, 0x07, 0x8C,
    0x00, 0x3E, 0x0F, 0xF0, 0x04, 0x18, 0x20, 0x04, 0x30, 0x60, 0x04, 0x60, 0x40, 0x04, 0x7F, 0xFC,
    0x7F, 0xC0, 0x0C, 0x3F, 0x80, 0x0C, 0x0E, 0x1F, 0xFC, 0x0F, 0x00, 0x0C, 0x0F, 0x00, 0x0C, 0x1D,
    0x80, 0x0C, 0x14, 0xBF, 0xFC, 0x34, 0x00, 0x00, 0x24, 0x03, 0x00, 0x64, 0x09, 0x88, 0x44, 0x28,
    0xCC, 0x04, 0x68, 0xC6, 0x04, 0x48, 0x12, 0x04, 0xC8, 0x13, 0x04, 0x88, 0x13, 0x04, 0x0F, 0xF0,
    0x00, 0x00, 0x00, 0x03, 0x00, 0x00, 0x18, 0x00, 0x00, 0x60, 0x0F, 0xFF, 0xFF, 0xC0, 0x00, 0x06,
    0x00, 0x00, 0x30, 0x20, 0x81, 0x83, 0x07, 0x0C, 0x70, 0x0E, 0x06, 0x00, 0x18, 0xE0, 0x00, 0x7C,
    0x00, 0x00, 0x9F, 0xFF, 0xF0, 0xFF, 0xFF, 0x80, 0x04, 0x00, 0x00, 0x20, 0x00, 0x01, 0x00, 0x00,
    0x08, 0x00, 0x00, 0x40, 0x00, 0x02, 0x00, 0x00, 0x10, 0x03, 0xFF, 0xFF, 0xE0, 0x00, 0x00, 0x00,
    0x00, 0x00, 0x03, 0x00, 0x00, 0x08, 0x01, 0xFF, 0xFF, 0xF8, 0x00, 0x00, 0xC1, 0x83, 0x06, 0x18,
    0x0E, 0x23, 0x88, 0x18, 0x70, 0xC0, 0x72, 0x0C, 0x00, 0xCF, 0xFF, 0xFC, 0x61, 0x00, 0x63, 0x18,
    0x03, 0x18, 0xFF, 0x98, 0xCC, 0x08, 0xC6, 0xF0, 0xC6, 0x30, 0xEC, 0x31, 0x81, 0xC1, 0x8C, 0x0F,
    0x0C, 0x61, 0xCE, 0x63, 0x78, 0x13, 0x18, 0x00, 0x18, 0xFF, 0xFF, 0xC6, 0x00, 0x06, 0x00, 0x60,
    0x00, 0x00, 0x80, 0x00, 0x03, 0x00, 0x00, 0x0C, 0x00, 0x00, 0x10, 0x01, 0xFF, 0xFF, 0xE0, 0x00,
    0x00, 0x00, 0x00, 0x00, 0x04, 0x00, 0x80, 0x10, 0x02, 0x00, 0x60, 0x18, 0x01, 0x80, 0x40, 0x02,
    0x01, 0x00, 0x08, 0x0C, 0x00, 0x30, 0x30, 0x00, 0xC0, 0x80, 0x01, 0x06, 0x00, 0x04, 0x18, 0x00,
    0x18, 0x40, 0x00, 0x43, 0x00, 0x00, 0x08, 0x03, 0xFF, 0xFF, 0xF0, 0x01, 0x00, 0x00, 0x01, 0x3F,
    0xF8, 0x31, 0x3F, 0xF8, 0x31, 0x18, 0x18, 0x31, 0x08, 0x10, 0x31, 0x0C, 0x30, 0x31, 0x06, 0x60,
    0x31, 0x02, 0xC0, 0x31, 0x03, 0x80, 0x31, 0x03, 0xC0, 0x31, 0x0E, 0x60, 0x31, 0x38, 0x38, 0x01,
    0x70, 0x0E, 0x00, 0x18, 0x00, 0x00, 0x18, 0x00, 0x3F, 0xFF, 0xFC, 0x02, 0x00, 0x40, 0x02, 0x00,
    0x40, 0x03, 0x00, 0xC0, 0x01, 0x00, 0x80, 0x01, 0x80, 0x80, 0x00, 0x01, 0x80, 0x7F, 0xFF, 0xFE,
    0x00, 0x30, 0x00, 0x00, 0x20, 0x00, 0x00, 0x60, 0x01, 0xFF, 0xFF, 0xC0, 0x30, 0x08, 0x00, 0x30,
    0x30, 0x3F, 0xFF, 0xFF, 0x80, 0x00, 0x00, 0x00, 0x00, 0x00, 0x3F, 0xFF, 0xE0, 0x60, 0x00, 0x40,
    0xC0, 0x00, 0x81, 0xFF, 0xFF, 0x03, 0x00, 0x02, 0x06, 0x00, 0x04, 0x0F, 0xFF, 0xF8, 0x1F, 0xFF,
    0xF0, 0x00, 0x20, 0x03, 0xFF, 0xFF, 0xF8, 0x00, 0x80, 0x00, 0x01, 0x00, 0x00, 0x02, 0x00, 0x00,
    0x04, 0x00, 0x00, 0x18, 0x01, 0x00, 0x30, 0x42, 0x08, 0x31, 0x84, 0x10, 0x63, 0x08, 0x20, 0x46,
    0x10, 0x5F, 0xFC, 0x20, 0x80, 0x1F, 0xFF, 0x10, 0x9F, 0xFE, 0x61, 0x00, 0x00, 0x47, 0xFF, 0xFC,
    0x8C, 0x04, 0x01, 0x18, 0x08, 0x03, 0x20, 0x30, 0x06, 0x4F, 0xFF, 0xCC, 0x99, 0x11, 0x8B, 0x32,
    0x23, 0x16, 0x64, 0x46, 0x2F, 0xC8, 0x8C, 0xFD, 0x91, 0x1F, 0x83, 0x22, 0x30, 0x06, 0x44, 0x60,
    0x0C, 0x88, 0xC0, 0x19, 0x17, 0x80, 0x00, 0x00, 0x18, 0x04, 0x00, 0x30, 0x08, 0x00, 0x40, 0x30,
    0x01, 0xFF, 0x7F, 0xE2, 0x61, 0x98, 0x0C, 0x42, 0x10, 0x30, 0xCC, 0x30, 0x60, 0xB0, 0x00, 0x06,
    0x00, 0x60, 0x18, 0x00, 0xC0, 0x30, 0x01, 0x80, 0xCF, 0xFF, 0xF3, 0x80, 0x06, 0x07, 0x08, 0x0C,
    0x1A, 0x18, 0x18, 0x64, 0x10, 0x30, 0x08, 0x30, 0x60, 0x10, 0x30, 0xC0, 0x20, 0x21, 0x80, 0x40,
    0x03, 0x00, 0x80, 0x06, 0x01, 0x00, 0x0C, 0x02, 0x01, 0xF8, 0x00, 0x00, 0x00, 0x00, 0x00, 0x00,
    0x18, 0x0C, 0x00, 0x20, 0x10, 0x00, 0xFF, 0xBF, 0xE3, 0x30, 0xC8, 0x06, 0x21, 0x08, 0x18, 0x46,
    0x18, 0x60, 0x00, 0x00, 0x3F, 0xFF, 0xF8, 0x00, 0x20, 0x10, 0x00, 0x40, 0x20, 0x00, 0x80, 0x41,
    0xFF, 0xFF, 0x82, 0x02, 0x00, 0x04, 0x04, 0x00, 0x18, 0x08, 0x00, 0x3F, 0xFF, 0xF8, 0x00, 0x60,
    0x10, 0x01, 0xC0, 0x20, 0x0E, 0x80, 0xC0, 0x31, 0x01, 0x80, 0xC2, 0x02, 0x07, 0x04, 0x7C, 0x38,
    0x08, 0x00, 0x04, 0x03, 0x00, 0x0C, 0x03, 0x00, 0x0C, 0x06, 0x00, 0x1F, 0xF7, 0xFE, 0x11, 0x0C,
    0x60, 0x31, 0x98, 0x60, 0x61, 0x88, 0x30, 0x00, 0x18, 0x00, 0x00, 0x3E, 0x00, 0x00, 0xE3, 0x00,
    0x01, 0xC1, 0xC0, 0x07, 0x00, 0x70, 0x1D, 0xFF, 0xFC, 0x70, 0x00, 0x07, 0x40, 0x00, 0x00, 0x07,
    0xFF, 0xF0, 0x06, 0x00, 0x10, 0x06, 0x00, 0x10, 0x06, 0x00, 0x10, 0x06, 0x00, 0x10, 0x06, 0x00,
    0x10, 0x07, 0xFF, 0xF0, 0x06, 0x00, 0x10, 0x08, 0x02, 0x00, 0x08, 0x06, 0x00, 0x18, 0x04, 0x00,
    0x1F, 0xFF, 0xFE, 0x33, 0x18, 0xC0, 0x21, 0x18, 0x60, 0x61, 0x98, 0x20, 0x40, 0x3E, 0x00, 0x00,
    0xE3, 0x00, 0x01, 0x81, 0xC0, 0x07, 0x00, 0x70, 0x3D, 0xFF, 0xDE, 0x70, 0x00, 0x07, 0x00, 0x30,
    0x10, 0x0C, 0x10, 0x30, 0x04, 0x18, 0x20, 0x06, 0x08, 0x60, 0x03, 0x0C, 0x40, 0x01, 0x0C, 0xC0,
    0x01, 0x01, 0x80, 0x00, 0x01, 0x00, 0x7F, 0xFF, 0xFE, 0x08, 0x02, 0x00, 0x20, 0x18, 0x01, 0x80,
    0x40, 0x07, 0xFF, 0xFF, 0x33, 0x08, 0xC1, 0x86, 0x61, 0x04, 0x19, 0x06, 0x06, 0x00, 0x00, 0x0D,
    0xFF, 0xF8, 0x90, 0x00, 0x22, 0x40, 0x00, 0x88, 0xFF, 0xC2, 0x23, 0x01, 0x08, 0x8C, 0x04, 0x22,
    0x30, 0x10, 0x88, 0xFF, 0xC2, 0x23, 0x01, 0x08, 0x8C, 0x04, 0x22, 0x30, 0x10, 0x88, 0xFF, 0xC2,
    0x20, 0x00, 0x08, 0x80, 0x00, 0x22, 0x00, 0x0F, 0x80, 0x00, 0x00, 0x00, 0x20, 0x0C, 0x00, 0xC0,
    0x10, 0x01, 0xFF, 0x7F, 0xE2, 0x20, 0xC8, 0x0C, 0x63, 0x18, 0x30, 0x4C, 0x18, 0x00, 0x08, 0x00,
    0x3F, 0xFF, 0xFC, 0x40, 0x00, 0x18, 0x80, 0x00, 0x31, 0x7F, 0xFF, 0x62, 0xC0, 0x06, 0x01, 0x80,
    0x0C, 0x03, 0x00, 0x18, 0x07, 0xFF, 0xF0, 0x0C, 0x00, 0x00, 0x18, 0x00, 0x00, 0x3F, 0xFF, 0xC0,
    0x60, 0x00, 0x80, 0xC0, 0x01, 0x01, 0x80, 0x02, 0x03, 0xFF, 0xFC, 0x06, 0x00, 0x08, 0x00, 0x00,
    0x00, 0x00, 0x00, 0x00, 0x06, 0x01, 0x00, 0x04, 0x03, 0x00, 0x0F, 0xF3, 0xFF, 0x19, 0x86, 0x60,
    0x10, 0x8C, 0x20, 0x32, 0x89, 0x08, 0x22, 0x01, 0x08, 0x3F, 0xFF, 0xFF, 0x02, 0x01, 0x08, 0x02,
    0x01, 0x08, 0x3F, 0xC1, 0x08, 0x02, 0x1F, 0xFF, 0x02, 0x1F, 0xFF, 0x7F, 0xE0, 0x00, 0x07, 0x0F,
    0xFE, 0x07, 0x8C, 0x06, 0x0E, 0x8C, 0x06, 0x1A, 0xCC, 0x06, 0x12, 0x6F, 0xFE, 0x32, 0x2C, 0x06,
    0x62, 0x0C, 0x06, 0x42, 0x0F, 0xFE, 0x02, 0x0C, 0x06, 0x04, 0x00, 0x00, 0x04, 0x1F, 0xF8, 0x44,
    0x58, 0x08, 0x64, 0xD8, 0x08, 0x24, 0xD8, 0x08, 0x24, 0x98, 0x08, 0x35, 0x98, 0x08, 0x35, 0x18,
    0x08, 0x04, 0x1F, 0xF8, 0xFF, 0xD8, 0x08, 0x0E, 0x18, 0x08, 0x0E, 0x18, 0x08, 0x0F, 0x18, 0x08,
    0x1D, 0x98, 0x08, 0x34, 0xDF, 0xF8, 0x34, 0xD8, 0x08, 0x64, 0x18, 0x08, 0x44, 0x18, 0x08, 0xC4,
    0x18, 0x08, 0x04, 0x18, 0x08, 0x04, 0x18, 0x08, 0x04, 0xFF, 0xFF, 0x04, 0x7F, 0xFE, 0x08, 0x10,
    0x00, 0x08, 0x10, 0xFF, 0x49, 0x10, 0xC3, 0x6B, 0x10, 0xC3, 0x6B, 0x10, 0xC3, 0x2B, 0xFF, 0xC3,
    0x2B, 0xFF, 0xC3, 0x2A, 0x10, 0xFF, 0x08, 0x10, 0xC3, 0x7F, 0x10, 0xC3, 0x18, 0x10, 0xC3, 0x1C,
    0xFE, 0xC3, 0x1E, 0xFE, 0xC3, 0x3A, 0xC2, 0xFF, 0x2B, 0xC2, 0xC3, 0x28, 0xC2, 0xC3, 0x68, 0xC2,
    0xC3, 0x48, 0xC2, 0xC3, 0xC8, 0xC2, 0xC3, 0x08, 0xFE, 0x83, 0x08, 0xC1, 0x83, 0x08, 0xC1, 0x83,
    0x08, 0x03, 0x1E, 0x00, 0x00, 0x00, 0x00, 0x00, 0x60, 0x00, 0xFF, 0x1F, 0xFF, 0x00, 0xF1, 0x80,
    0x00, 0x18, 0x00, 0x01, 0x81, 0x80, 0x18, 0x18, 0x03, 0x83, 0x80, 0x3F, 0xF0, 0x01, 0xC7, 0x00,
    0x00, 0xE0, 0x60, 0x1C, 0x01, 0x83, 0x9F, 0xFE, 0x7F, 0xFF, 0xFB, 0xF0, 0x80, 0x60, 0x44, 0x01,
    0x06, 0x23, 0x00, 0x61, 0x0C, 0x06, 0x08, 0x30, 0x60, 0x40, 0x6E, 0x02, 0x01, 0xC0, 0x10, 0x04,
    0x0F, 0x80, 0x00, 0x00, 0x00, 0x00, 0x00, 0x20, 0x00, 0x00, 0x40, 0x01, 0xFF, 0xFF, 0xE0, 0x01,
    0x00, 0x00, 0x02, 0x00, 0x07, 0xFF, 0xFC, 0x00, 0x08, 0x00, 0x00, 0x10, 0x01, 0xFF, 0xFF, 0xFD,
    0xFF, 0xFF, 0xF0, 0x06, 0x08, 0x00, 0x38, 0x70, 0x01, 0xFF, 0x80, 0x03, 0x3C, 0x20, 0x01, 0xE0,
    0x60, 0x1F, 0xFF, 0xF0, 0x7F, 0xFF, 0xF0, 0xE0, 0x60, 0x30, 0x18, 0xCC, 0x00, 0x61, 0x8E, 0x03,
    0x83, 0x07, 0x1C, 0x06, 0x07, 0x20, 0xF8, 0x02, 0x00, 0x00, 0x00, 0x00, 0x20, 0x00, 0x00, 0x80,
    0x00, 0x02, 0x00, 0x3F, 0xFF, 0xFE, 0x00, 0x20, 0x00, 0x00, 0x80, 0x0F, 0xFF, 0xFF, 0xBF, 0xFF,
    0xFE, 0x80, 0xC0, 0x0A, 0x0E, 0x1C, 0x28, 0xE3, 0xE0, 0x8F, 0xFE, 0x00, 0x20, 0xE1, 0x00, 0x0E,
    0x03, 0x01, 0xE3, 0xFE, 0x1F, 0xFF, 0xFC, 0x7E, 0x30, 0x18, 0x00, 0xC0, 0x20, 0xE3, 0x38, 0x06,
    0x0C, 0x30, 0x30, 0x30, 0x73, 0x80, 0xC0, 0x60, 0x3E, 0x00, 0x80, 0x00, 0x00, 0x04, 0x00, 0x00,
    0x23, 0xFF, 0x91, 0x1F, 0xF8, 0x88, 0x60, 0xC4, 0x41, 0x8C, 0x22, 0x06, 0xC1, 0x10, 0x1C, 0x08,
    0x81, 0xE0, 0x44, 0x79, 0xC0, 0x26, 0x03, 0xC0, 0x70, 0x00, 0x06, 0x1C, 0x00, 0xE3, 0xC0, 0x0F,
    0xF8, 0x00, 0x0F, 0x06, 0x03, 0xFF, 0xFC, 0xFF, 0xFF, 0xF3, 0xFD, 0x00, 0xC1, 0x88, 0x80, 0x18,
    0x47, 0x01, 0x82, 0x0E, 0x30, 0x10, 0x3B, 0x0F, 0x80, 0x40, 0x04, 0x00, 0x00, 0x18, 0x7F, 0xFC,
    0x20, 0xFF, 0xF8, 0xC1, 0x84, 0x31, 0x13, 0x08, 0x66, 0x66, 0x10, 0xD8, 0x8C, 0x21, 0xB3, 0x18,
    0x43, 0xFC, 0x30, 0x86, 0x1A, 0x61, 0x0C, 0x64, 0xC2, 0x19, 0x8D, 0xFF, 0xF2, 0x1B, 0x08, 0x6F,
    0xF6, 0x10, 0xF8, 0x2C, 0x21, 0x80, 0x98, 0x43, 0x69, 0x30, 0x86, 0xDB, 0x61, 0x0D, 0x32, 0xC2,
    0x1A, 0x65, 0x84, 0x3C, 0x4B, 0xFF, 0xF8, 0x87, 0xFF, 0xE0, 0x0C, 0x01, 0x80, 0x06, 0x03, 0x00,
    0x06, 0x02, 0x00, 0x0C, 0x06, 0x00, 0x08, 0x07, 0xFC, 0x19, 0x8C, 0x08, 0x11, 0x9C, 0x18, 0x33,
    0x36, 0x30, 0x7E, 0x63, 0x20, 0x7E, 0x01, 0xE0, 0x0D, 0x00, 0xC0, 0x09, 0x03, 0xE0, 0x19, 0x86,
    0x30, 0x33, 0x9C, 0x1C, 0x7F, 0xB3, 0x07, 0x60, 0xC1, 0xC2, 0x01, 0x00, 0x60, 0x2D, 0x00, 0x30,
    0x6D, 0x80, 0x00, 0x64, 0x9C, 0x00, 0x64, 0x8F, 0x80, 0x44, 0x01, 0xE0, 0x44, 0x00, 0x38, 0x00,
    0x00, 0x0C, 0x04, 0x00, 0x00, 0x04, 0x00, 0x00, 0x0C, 0x7F, 0xFC, 0x08, 0x18, 0x08, 0x19, 0x88,
    0x18, 0x11, 0x0C, 0x30, 0x33, 0x06, 0x60, 0x6E, 0x03, 0xC0, 0xFE, 0x01, 0x80, 0x0F, 0x07, 0xE0,
    0x1B, 0x1C, 0x78, 0x11, 0x71, 0x9E, 0x37, 0x81, 0x80, 0xFF, 0x81, 0x80, 0xC0, 0x81, 0x80, 0x01,
    0x3F, 0xFC, 0x6D, 0x81, 0x80, 0x4D, 0x81, 0x80, 0x4C, 0x81, 0x80, 0xCC, 0xC1, 0x80, 0xC4, 0xC1,
    0x80, 0x84, 0x7F, 0xFE, 0x80, 0x7F, 0xFE, 0x06, 0x03, 0x00, 0x06, 0x03, 0x00, 0x0C, 0x01, 0x80,
    0x0C, 0x3F, 0xFE, 0x18, 0xBF, 0xFE, 0x11, 0x83, 0x00, 0x33, 0x06, 0x30, 0x63, 0x04, 0x10, 0x7E,
    0x0C, 0x18, 0x6C, 0x18, 0x3C, 0x09, 0x3F, 0xFE, 0x19, 0xB0, 0x06, 0x31, 0x84, 0x60, 0x7F, 0x84,
    0x60, 0x7C, 0xC4, 0x60, 0x00, 0x84, 0x60, 0x2D, 0x04, 0x60, 0x2D, 0x0C, 0x60, 0x2D, 0x8C, 0x60,
    0x24, 0x88, 0x63, 0x64, 0x98, 0x63, 0x64, 0x30, 0x63, 0x40, 0x60, 0x7E, 0x00, 0xC0, 0x00, 0x04,
    0x00, 0x80, 0x0C, 0x00, 0x80, 0x08, 0x00, 0x80, 0x18, 0x3F, 0xFF, 0x11, 0x80, 0x80, 0x31, 0x00,
    0x80, 0x23, 0x3F, 0xFE, 0x7E, 0x1F, 0xFC, 0x7C, 0x00, 0x00, 0x0C, 0x00, 0x00, 0x1B, 0x3F, 0xFE,
    0x11, 0x20, 0x02, 0x31, 0xA0, 0x02, 0x7F, 0xA2, 0x22, 0x78, 0x82, 0x20, 0x00, 0x02, 0x20, 0x3D,
    0x06, 0x20, 0x3D, 0x86, 0x20, 0x2D, 0x84, 0x20, 0x24, 0x8C, 0x21, 0x64, 0x98, 0x21, 0x64, 0x38,
    0x23, 0x40, 0x70, 0x3F, 0x00, 0x40, 0x00, 0x0C, 0x09, 0x04, 0x0C, 0x19, 0x04, 0x08, 0x11, 0x8C,
    0x18, 0x30, 0x88, 0x11, 0x60, 0x98, 0x33, 0xC8, 0x98, 0x22, 0x1F, 0xFF, 0x6E, 0x18, 0x60, 0x7C,
    0x10, 0x60, 0x0C, 0x30, 0x60, 0x1B, 0x70, 0x60, 0x11, 0xD1, 0x60, 0x31, 0x91, 0x60, 0x7F, 0x91,
    0x7F, 0x78, 0x91, 0x60, 0x00, 0x13, 0x60, 0x2D, 0x13, 0x60, 0x2D, 0x93, 0xE0, 0x25, 0x93, 0xE0,
    0x64, 0x96, 0xE0, 0x64, 0x96, 0xE0, 0x44, 0x1C, 0x70, 0x40, 0x1C, 0x3F, 0x00, 0x00, 0x00, 0x04,
    0x01, 0x00, 0x18, 0x02, 0x00, 0x21, 0xFF, 0xF0, 0xC0, 0x08, 0x03, 0x10, 0x10, 0x06, 0x6F, 0xFF,
    0x18, 0x80, 0x40, 0x7F, 0x7F, 0xFF, 0xFC, 0xFF, 0xFC, 0x10, 0x00, 0x00, 0x68, 0xFF, 0xE1, 0x99,
    0x00, 0x46, 0xF3, 0xFF, 0x9F, 0xE4, 0x01, 0x30, 0x68, 0x02, 0x01, 0x1F, 0xFC, 0x7A, 0x20, 0x08,
    0xB6, 0x40, 0x11, 0x2C, 0xFF, 0xE2, 0x48, 0x63, 0x0C, 0x93, 0x83, 0x19, 0x1C, 0x03, 0xA0, 0x60,
    0x01, 0x80, 0x04, 0x02, 0x00, 0x08, 0x05, 0xC0, 0x30, 0x09, 0xC0, 0x40, 0x10, 0xC1, 0x80, 0x20,
    0x02, 0x00, 0x5F, 0x8C, 0x6F, 0xF8, 0x11, 0x99, 0x00, 0x62, 0x02, 0x01, 0xFC, 0x04, 0x0B, 0x30,
    0x0F, 0xF0, 0x60, 0xFF, 0x01, 0x87, 0xB0, 0x06, 0x00, 0x60, 0x9B, 0xE0, 0x43, 0x7E, 0x00, 0x8C,
    0x40, 0x01, 0xB0, 0x00, 0x03, 0xC0, 0x06, 0x07, 0x00, 0xFC, 0x3E, 0x1F, 0x81, 0xE4, 0x20, 0x0F,
    0x0C, 0xC0, 0x10, 0x0F, 0x80, 0x02, 0x00, 0x00, 0x06, 0x1F, 0xFE, 0x06, 0x3F, 0xFF, 0x0C, 0x30,
    0x43, 0x08, 0x30, 0x43, 0x18, 0x30, 0x43, 0x10, 0xF0, 0x43, 0x30, 0xF0, 0x43, 0x63, 0xB0, 0x43,
    0xFF, 0x30, 0x43, 0x46, 0x30, 0x43, 0x04, 0x3F, 0xFF, 0x0C, 0x30, 0x43, 0x18, 0x30, 0x43, 0x3F,
    0xF0, 0x43, 0x7E, 0x30, 0x43, 0x40, 0x30, 0x43, 0x00, 0x30, 0x43, 0x00, 0xF0, 0x43, 0x0F, 0xF0,
    0x43, 0x7C, 0x3F, 0xFF, 0x60, 0x3F, 0xFF, 0x00, 0x30, 0x03, 0x04, 0x06, 0x00, 0x0C, 0x06, 0x00,
    0x08, 0x0C, 0x00, 0x18, 0x0F, 0xF8, 0x10, 0x18, 0x18, 0x30, 0x3C, 0x30, 0x21, 0x66, 0x20, 0x63,
    0xC2, 0x60, 0xDE, 0x03, 0xC0, 0xFC, 0x01, 0x80, 0x0C, 0x07, 0xE0, 0x18, 0x0C, 0x30, 0x10, 0x38,
    0x1C, 0x30, 0x66, 0x06, 0x7F, 0x83, 0x80, 0xFC, 0x00, 0xE0, 0x00, 0x00, 0x60, 0x00, 0x00, 0x00,
    0x01, 0x98, 0x00, 0x3F, 0x9F, 0x00, 0xF8, 0x01, 0xC0, 0x00, 0x00, 0x78, 0x00, 0x00, 0x18, 0x04,
    0x00, 0x00, 0x08, 0x00, 0x00, 0x31, 0xFF, 0xE0, 0x40, 0x01, 0x81, 0x80, 0x02, 0x02, 0x00, 0x0C,
    0x0C, 0x60, 0x70, 0x11, 0x81, 0xE0, 0x7E, 0x0E, 0x71, 0xFC, 0x38, 0x3A, 0x31, 0xC0, 0x18, 0x46,
    0x00, 0x01, 0x83, 0xFF, 0xC6, 0x0F, 0xFF, 0x9F, 0xE0, 0x40, 0x7C, 0x00, 0x80, 0x00, 0x01, 0x00,
    0x00, 0x02, 0x00, 0x1E, 0x04, 0x03, 0xF0, 0x08, 0x0E, 0x00, 0x10, 0x00, 0x1F, 0xFF, 0xC0, 0x00,
    0x00, 0x00, 0x00, 0x03, 0x00, 0x06, 0x02, 0x00, 0x04, 0x06, 0x00, 0x0C, 0x0F, 0xFE, 0x08, 0x0C,
    0x06, 0x18, 0x1C, 0x0C, 0x10, 0xB6, 0x18, 0x31, 0xE3, 0x10, 0x23, 0x41, 0xF0, 0x7E, 0x00, 0xC0,
    0x66, 0x01, 0xF0, 0x0C, 0x07, 0x18, 0x08, 0x3C, 0x0F, 0x18, 0x30, 0x01, 0x3F, 0x9F, 0xFE, 0x7C,
    0x18, 0x06, 0x40, 0x18, 0x06, 0x00, 0x18, 0x06, 0x03, 0xD8, 0x06, 0x7F, 0x18, 0x06, 0x60, 0x1F,
    0xFE, 0x00, 0x18, 0x06, 0x00, 0x18, 0x06, 0x00, 0x00, 0x00, 0x02, 0x01, 0x00, 0x06, 0x01, 0x80,
    0x04, 0x00, 0x80, 0x0C, 0x3F, 0xFE, 0x08, 0x3F, 0xFE, 0x18, 0x03, 0x00, 0x10, 0x86, 0x00, 0x31,
    0x8C, 0x30, 0x63, 0x08, 0x18, 0x7E, 0x18, 0x08, 0x66, 0x73, 0xFC, 0x0C, 0x3F, 0xF6, 0x18, 0x0C,
    0x46, 0x10, 0x0C, 0x60, 0x37, 0x8C, 0x60, 0x7E, 0x0C, 0x60, 0x60, 0x0C, 0x60, 0x00, 0x08, 0x60,
    0x00, 0x08, 0x60, 0x07, 0x98, 0x62, 0x7E, 0x30, 0x62, 0x60, 0x60, 0x62, 0x01, 0xC0, 0x7E, 0x00,
    0x00, 0x00, 0x04, 0x00, 0x40, 0x18, 0x40, 0x80, 0x20, 0xB1, 0x10, 0xC1, 0x22, 0x61, 0x82, 0x64,
    0x86, 0x34, 0x4B, 0x0C, 0x48, 0x94, 0x31, 0x90, 0x20, 0x7E, 0x2F, 0xFF, 0xF8, 0x41, 0x80, 0x30,
    0x83, 0x80, 0xC1, 0x0F, 0x81, 0x02, 0x35, 0x86, 0x74, 0x49, 0x9F, 0xC9, 0x91, 0xF0, 0x16, 0x20,
    0x00, 0x28, 0x40, 0x00, 0x40, 0x80, 0x1E, 0x81, 0x03, 0xE1, 0x00, 0x0E, 0x03, 0xFF, 0xE0, 0x02,
    0x00, 0x80, 0x06, 0x01, 0x80, 0x04, 0x01, 0x80, 0x0C, 0x1F, 0xFC, 0x08, 0x01, 0x80, 0x19, 0x81,
    0x80, 0x11, 0x3F, 0xFE, 0x33, 0x3F, 0xFE, 0x6E, 0x00, 0x44, 0x7E, 0x0C, 0xC4, 0x0C, 0x06, 0xCC,
    0x08, 0x33, 0xC0, 0x18, 0x18, 0xC0, 0x33, 0x8C, 0xC0, 0x7F, 0x00, 0xC0, 0x70, 0x7F, 0xFE, 0x00,
    0x01, 0x80, 0x01, 0x81, 0xC0, 0x0F, 0x03, 0x60, 0x7C, 0x06, 0x38, 0x60, 0x0C, 0x0C, 0x00, 0x38,
    0x06, 0x00, 0x60, 0x02, 0x04, 0x0D, 0x00, 0x18, 0x1B, 0x00, 0x20, 0x22, 0x00, 0xC0, 0xC6, 0x01,
    0x01, 0xFF, 0xC6, 0x07, 0xFF, 0x88, 0x4C, 0x20, 0x31, 0xB8, 0x40, 0x42, 0xF0, 0x81, 0xFD, 0x61,
    0x03, 0x30, 0xFF, 0xF0, 0x41, 0x84, 0x01, 0x83, 0x08, 0x06, 0x06, 0x10, 0x1B, 0xCC, 0x20, 0x7E,
    0x1F, 0xFE, 0xC0, 0x30, 0x80, 0x00, 0x61, 0x00, 0x0C, 0xC2, 0x01, 0xF9, 0x84, 0x0F, 0x03, 0xFF,
    0xE0, 0x06, 0x00, 0x00, 0x0C, 0x00, 0x00, 0x06, 0x00, 0xFC, 0x04, 0x7F, 0xF0, 0x0C, 0x23, 0x0C,
    0x08, 0x23, 0x08, 0x18, 0x31, 0x18, 0x10, 0x91, 0x30, 0x31, 0xFF, 0xFE, 0x63, 0x7F, 0xFE, 0xCE,
    0x08, 0x00, 0xFE, 0x08, 0x00, 0x0C, 0xFF, 0xFE, 0x18, 0x18, 0x00, 0x10, 0x18, 0x00, 0x37, 0x9F,
    0xF8, 0x7F, 0x18, 0x18, 0xE0, 0x3C, 0x10, 0x00, 0x3C, 0x30, 0x01, 0xA6, 0x60, 0x0F, 0xE3, 0xC0,
    0xFC, 0xC1, 0xC0, 0xC1, 0x87, 0x70, 0x03, 0x3C, 0x1E, 0x02, 0x20, 0x06, 0x04, 0x01, 0x00, 0x30,
    0x06, 0x00, 0x80, 0x08, 0x06, 0x1F, 0xFF, 0x18, 0x60, 0x04, 0xC5, 0x80, 0x13, 0x36, 0x00, 0x58,
    0x9F, 0xFF, 0x7E, 0x60, 0x03, 0xF1, 0x80, 0x00, 0x87, 0xFF, 0xC6, 0x1F, 0xFF, 0x30, 0x71, 0x24,
    0x81, 0xC4, 0x97, 0xF7, 0x12, 0x7C, 0x1C, 0x49, 0x00, 0x7F, 0xFC, 0x0F, 0xC4, 0x91, 0xEF, 0x12,
    0x7E, 0x3C, 0x49, 0xC0, 0xB1, 0x24, 0x06, 0xC4, 0x90, 0x13, 0x01, 0xC0, 0x00, 0x00, 0xFF, 0xFF,
    0xFC, 0x00, 0x00, 0xE0, 0x00, 0x07, 0x01, 0x81, 0x39, 0x0A, 0x19, 0xC8, 0x58, 0xCE, 0x66, 0x44,
    0x71, 0xB3, 0x23, 0x85, 0x0F, 0x1C, 0x38, 0x70, 0xE0, 0xC1, 0x87, 0x06, 0x0C, 0x38, 0x78, 0x71,
    0xC6, 0x46, 0xCE, 0x33, 0x66, 0x73, 0x02, 0x1B, 0xB0, 0x30, 0x1D, 0x01, 0x00, 0xE0, 0x00, 0x07,
    0x00, 0x00, 0x38, 0x00, 0x1F, 0x00, 0x3F, 0xFF, 0xFC, 0x41, 0x04, 0x18, 0x82, 0x08, 0x31, 0x04,
    0x10, 0x63, 0xFF, 0xFF, 0xC0, 0x06, 0x00, 0x3F, 0xFF, 0xFF, 0x00, 0x10, 0x00, 0x00, 0x20, 0x00,
    0x1F, 0xFF, 0xC0, 0x3F, 0xFF, 0x80, 0x40, 0x01, 0x00, 0xFF, 0xFE, 0x01, 0x00, 0x04, 0x02, 0x00,
    0x08, 0x07, 0xFF, 0xF0, 0x08, 0x00, 0x20, 0x1F, 0xFF, 0xC0, 0x20, 0x00, 0x80, 0x40, 0x01, 0x0F,
    0xFF, 0xFF, 0xEF, 0xFF, 0xFF, 0x80, 0x7F, 0xDF, 0xF0, 0x04, 0x01, 0x20, 0x48, 0x13, 0xC4, 0xF1,
    0x06, 0xC3, 0xB0, 0x3C, 0x0F, 0x0F, 0x43, 0x93, 0x84, 0xE1, 0xE0, 0x58, 0x10, 0x06, 0x01, 0x00,
    0x60, 0x03, 0xFF, 0xFE, 0x30, 0x00, 0x63, 0x00, 0x06, 0x30, 0x00, 0x63, 0x00, 0x06, 0x3F, 0xFF,
    0xE3, 0x00, 0x06, 0x30, 0x00, 0x63, 0x00, 0x06, 0x3F, 0xFF, 0xE3, 0x00, 0x06, 0x01, 0xE0, 0x00,
    0xFF, 0x9F, 0xFD, 0x88, 0x82, 0x19, 0x93, 0x04, 0x31, 0x24, 0x08, 0x63, 0x59, 0x9C, 0xFF, 0xFD,
    0x29, 0x83, 0x83, 0x5B, 0x0F, 0x86, 0x96, 0x35, 0xC5, 0x3C, 0xC8, 0xCA, 0x1B, 0x10, 0x84, 0x3F,
    0xFE, 0x18, 0x6F, 0xFE, 0x71, 0xD8, 0x8D, 0xA7, 0xB1, 0x1E, 0x5B, 0x7F, 0xF8, 0xE6, 0xC4, 0x61,
    0x0D, 0x88, 0xC2, 0x1B, 0x11, 0x84, 0x37, 0xFF, 0x08, 0x6F, 0xFE, 0x10, 0xD8, 0x0D, 0xEF, 0x80,
    0x00, 0x00, 0x00, 0x18, 0x08, 0x00, 0x24, 0x10, 0x00, 0xCC, 0x20, 0xE3, 0x0C, 0x4F, 0x04, 0x08,
    0xF8, 0x1F, 0xF9, 0x00, 0x38, 0x1A, 0x00, 0x00, 0x04, 0x02, 0x00, 0x88, 0x05, 0xFF, 0x90, 0x1B,
    0x03, 0x3F, 0xF6, 0x06, 0x00, 0x0C, 0x0C, 0x80, 0x1F, 0xF9, 0x01, 0x30, 0x32, 0x0E, 0x60, 0x64,
    0xF0, 0xFF, 0xCF, 0x01, 0x81, 0x90, 0x03, 0x03, 0x20, 0x16, 0x06, 0x40, 0x2C, 0x0C, 0x80, 0x58,
    0x19, 0x01, 0xB1, 0xF3, 0xFF, 0x00, 0x08, 0x00, 0xFE, 0x10, 0x01, 0xFC, 0x21, 0xFB, 0x18, 0x42,
    0x36, 0x30, 0x84, 0x6C, 0x6F, 0xE8, 0xD8, 0xC2, 0x11, 0xBF, 0x84, 0x23, 0x63, 0x08, 0x46, 0xC6,
    0x10, 0x8D, 0x8F, 0xFF, 0x1B, 0x1F, 0xFA, 0x36, 0x31, 0x84, 0x6F, 0xE2, 0x88, 0xD8, 0xCD, 0x91,
    0xB1, 0x99, 0x23, 0x63, 0x23, 0x46, 0xC6, 0xC6, 0x8D, 0x8D, 0xFD, 0x72, 0x1B, 0xCA, 0x0C, 0x30,
    0x14, 0x18, 0x60, 0x08, 0x27, 0xC0, 0x10, 0x00, 0x00, 0x00, 0x00, 0x80, 0x00, 0x20, 0x00, 0x18,
    0x00, 0x04, 0x00, 0xFF, 0xFF, 0xF0, 0x00, 0x3C, 0x00, 0x0F, 0x00, 0x03, 0xC0, 0x00, 0xFF, 0xFF,
    0xFC, 0x00, 0x0F, 0x00, 0x03, 0xC0, 0x00, 0xF0, 0x00, 0x3C, 0x00, 0x0F, 0xFF, 0xFF, 0xC0, 0x00,
    0xF0, 0x00, 0x3C, 0x00, 0x0F, 0x00, 0x03, 0xFF, 0xFF, 0xF0, 0x00, 0x3C, 0x00, 0x0C, 0x00, 0x00,
    0x00, 0x02, 0x00, 0x00, 0x06, 0x07, 0xF0, 0x3F, 0xE4, 0x10, 0x30, 0x64, 0x10, 0x30, 0x64, 0x10,
    0x34, 0x64, 0x10, 0x36, 0x6C, 0x10, 0x32, 0x6C, 0x10, 0x33, 0x78, 0x1E, 0x30, 0x68, 0x00, 0x30,
    0x60, 0x00, 0xFF, 0xEF, 0xFC, 0x30, 0x6C, 0x0C, 0x30, 0x6C, 0x0C, 0x36, 0x64, 0x08, 0x32, 0x66,
    0x18, 0x33, 0x63, 0x10, 0x31, 0x61, 0x30, 0x60, 0x61, 0xE0, 0x60, 0x60, 0xC0, 0x60, 0x63, 0xF0,
    0x40, 0x67, 0x1C, 0xC3, 0xDC, 0x04, 0x00, 0x00, 0x00, 0x00, 0x80, 0x00, 0x03, 0x00, 0x00, 0x04,
    0x00, 0x00, 0x1F, 0xF8, 0x00, 0x60, 0x60, 0x01, 0x80, 0xC0, 0x06, 0x03, 0x00, 0x1F, 0xFF, 0xFC,
    0xF8, 0x10, 0x19, 0xB0, 0x20, 0x30, 0x60, 0x40, 0x60, 0xC0, 0x80, 0xC1, 0x81, 0x01, 0x83, 0xFF,
    0xFF, 0x07, 0xFF, 0xFE, 0x0C, 0x00, 0x0C, 0x18, 0x00, 0x00, 0x30, 0x00, 0x04, 0x60, 0x00, 0x08,
    0xC0, 0x00, 0x11, 0x80, 0x00, 0x61, 0x80, 0x00, 0xC3, 0xFF, 0xFF, 0x00, 0x01, 0x01, 0x00, 0x02,
    0x02, 0x00, 0x04, 0x04, 0x07, 0xFF, 0xFF, 0xF0, 0x10, 0x10, 0x00, 0x20, 0x20, 0x00, 0x40, 0x40,
    0x00, 0x80, 0x80, 0x3F, 0xFF, 0xF0, 0xFF, 0xFF, 0xF0, 0x01, 0x00, 0x60, 0x02, 0x00, 0xC0, 0x04,
    0x01, 0x80, 0x08, 0x03, 0x00, 0x10, 0x06, 0x00, 0x20, 0x0C, 0x00, 0x40, 0x18, 0x00, 0x80, 0x30,
    0x01, 0x0F, 0xC0, 0x02, 0x00, 0x00, 0x04, 0x00, 0x00, 0x08, 0x00, 0x00, 0x10, 0x00, 0x00, 0x01,
    0x00, 0x80, 0x02, 0x01, 0x00, 0x04, 0x02, 0x03, 0xFF, 0xFF, 0xF0, 0x10, 0x08, 0x00, 0xA0, 0x10,
    0x01, 0x40, 0x20, 0x02, 0x00, 0x00, 0x04, 0x07, 0xFC, 0xFF, 0xEC, 0x08, 0x30, 0xD8, 0x10, 0x61,
    0xB0, 0x20, 0xC3, 0x60, 0x41, 0x86, 0xC0, 0x83, 0x0D, 0x81, 0x04, 0x1B, 0x02, 0x08, 0x26, 0x04,
    0x30, 0x4C, 0x08, 0x60, 0x98, 0x11, 0x81, 0x30, 0x23, 0x06, 0x7F, 0xCC, 0x0C, 0xC0, 0xB0, 0xF1,
    0x81, 0x00, 0x00, 0x00, 0x01, 0x00, 0x80, 0x01, 0x00, 0x80, 0x01, 0x00, 0x80, 0x7F, 0xFF, 0xFE,
    0x01, 0x00, 0x80, 0x01, 0x18, 0x80, 0x01, 0x3C, 0x80, 0x00, 0x66, 0x00, 0x00, 0xC3, 0x00, 0x03,
    0x91, 0xC0, 0x06, 0x10, 0x70, 0x1C, 0x10, 0x1C, 0x70, 0x10, 0x0F, 0x5F, 0xFF, 0xF0, 0x00, 0x10,
    0x00, 0x00, 0x10, 0x00, 0x03, 0x11, 0x80, 0x06, 0x10, 0xE0, 0x0C, 0x10, 0x30, 0x18, 0x10, 0x18,
    0x30, 0x10, 0x0C, 0x20, 0x10, 0x04, 0x00, 0xF0, 0x00, 0x00, 0x00, 0x00, 0x02, 0x01, 0x00, 0x04,
    0x02, 0x00, 0x08, 0x04, 0x07, 0xFF, 0xFF, 0xF0, 0x20, 0x10, 0x00, 0x46, 0x20, 0x00, 0x86, 0x40,
    0x7F, 0xFF, 0xFE, 0x08, 0x00, 0x00, 0x10, 0x00, 0x00, 0x20, 0x00, 0x00, 0x40, 0x00, 0x00, 0xFF,
    0xFF, 0x00, 0x00, 0x00, 0x00, 0x04, 0x00, 0x06, 0x08, 0x60, 0x0C, 0x10, 0xC0, 0x18, 0x21, 0x80,
    0x20, 0x43, 0x00, 0x40, 0x86, 0x11, 0x81, 0x0C, 0x26, 0x02, 0x18, 0x78, 0x04, 0x3F, 0x80, 0x00,
    0x00, 0x00, 0x00, 0x00, 0x02, 0x02, 0x00, 0x04, 0x04, 0x07, 0xFF, 0xFF, 0xF0, 0x10, 0x10, 0x00,
    0x20, 0x20, 0x00, 0x40, 0x40, 0x10, 0x81, 0x40, 0x33, 0x02, 0xE0, 0x3C, 0x04, 0x60, 0x70, 0x08,
    0x61, 0xA0, 0x10, 0x0E, 0x6F, 0xFF, 0xE0, 0xC0, 0x60, 0x01, 0x80, 0xC0, 0x07, 0x03, 0xC0, 0x1A,
    0x07, 0x80, 0x64, 0x09, 0x03, 0x88, 0x33, 0x06, 0x10, 0xC3, 0x00, 0x21, 0x82, 0x00, 0xC6, 0x07,
    0x01, 0xB8, 0x07, 0x1E, 0xE0, 0x03, 0x00, 0x00, 0x00, 0x01, 0x01, 0x00, 0x01, 0x01, 0x00, 0xFF,
    0xFF, 0xFE, 0x01, 0x01, 0x00, 0x01, 0x01, 0x00, 0x01, 0x0F, 0xF0, 0x3F, 0xFF, 0x80, 0x30, 0x00,
    0x18, 0x10, 0x20, 0x18, 0x18, 0x30, 0x30, 0x08, 0x10, 0x20, 0x0C, 0x10, 0x60, 0x04, 0x10, 0x40,
    0x00, 0x10, 0x40, 0x00, 0x10, 0x00, 0xFF, 0xFF, 0xFE, 0x00, 0x7C, 0x00, 0x00, 0xD6, 0x00, 0x03,
    0x91, 0x80, 0x06, 0x10, 0xE0, 0x1C, 0x10, 0x38, 0x70, 0x10, 0x1E, 0xC0, 0x10, 0x02, 0x01, 0x01,
    0x00, 0x02, 0x02, 0x01, 0xFF, 0xFF, 0xF8, 0x08, 0x08, 0x00, 0x10, 0xD0, 0x06, 0x21, 0x20, 0x0E,
    0x06, 0x00, 0x06, 0x1F, 0xFC, 0x06, 0x30, 0x18, 0x00, 0xF0, 0x61, 0x07, 0x31, 0x83, 0x8C, 0x3E,
    0x01, 0x80, 0x38, 0x01, 0x01, 0xDC, 0x00, 0x0F, 0x1E, 0x01, 0xF0, 0x0F, 0x07, 0xBF, 0xFE, 0x18,
    0x40, 0x18, 0x20, 0x80, 0x30, 0xC1, 0x00, 0x63, 0x02, 0x00, 0xCC, 0x07, 0xFF, 0x90, 0x08, 0x03,
    0x00, 0x01, 0x01, 0x00, 0x01, 0x01, 0x00, 0xFF, 0xFF, 0xFE, 0x01, 0x01, 0x20, 0x01, 0x01, 0x30,
    0x01, 0x01, 0x18, 0x00, 0x01, 0x08, 0x3F, 0xFF, 0xFC, 0x20, 0x01, 0x80, 0x2F, 0xFD, 0x88, 0x2C,
    0x41, 0x98, 0x2C, 0x41, 0x90, 0x2F, 0xFD, 0xB0, 0x2F, 0xFC, 0xB0, 0x2C, 0x04, 0xE0, 0x2C, 0x04,
    0xE0, 0x6F, 0xFC, 0xC0, 0x6C, 0x40, 0xC0, 0x6C, 0x41, 0xC0, 0x6F, 0xFF, 0x60, 0x47, 0xFE, 0x22,
    0xC0, 0x1C, 0x32, 0x80, 0x18, 0x1E, 0x01, 0x01, 0x80, 0x01, 0x01, 0x80, 0xFF, 0xFF, 0xFE, 0x01,
    0x01, 0x80, 0x21, 0x03, 0xB0, 0x38, 0x02, 0x18, 0x0F, 0xFF, 0xFE, 0x02, 0x02, 0x00, 0x00, 0xFF,
    0xFC, 0xC0, 0x82, 0x0C, 0x70, 0x82, 0x0C, 0x18, 0xFF, 0xFC, 0x08, 0x82, 0x0C, 0x00, 0xFF, 0xFC,
    0x00, 0x82, 0x0C, 0x04, 0x82, 0x2C, 0x0C, 0x00, 0x20, 0x09, 0xFF, 0xFF, 0x18, 0x60, 0x20, 0x10,
    0x30, 0x20, 0x30, 0x18, 0x20, 0x60, 0x08, 0x20, 0x40, 0x03, 0xE0, 0x01, 0x01, 0x00, 0x01, 0x01,
    0x00, 0xFF, 0xFF, 0xFE, 0x01, 0x01, 0x20, 0x01, 0x01, 0xB8, 0x01, 0x01, 0x88, 0x67, 0xFF, 0xFE,
    0x64, 0x00, 0x80, 0x64, 0x00, 0x80, 0x65, 0xFE, 0x88, 0x65, 0x90, 0xC8, 0x7D, 0x90, 0xD8, 0x65,
    0xFE, 0xD0, 0x05, 0x82, 0xD0, 0xFD, 0x82, 0xF0, 0x25, 0xFE, 0x60, 0x25, 0xFE, 0x60, 0x2D, 0x90,
    0x60, 0x6D, 0x90, 0xE0, 0x6D, 0xFF, 0xA2, 0x69, 0x83, 0x32, 0x59, 0x86, 0x12, 0xD8, 0x0C, 0x1E,
    0x03, 0x00, 0x00, 0x02, 0x00, 0x00, 0x06, 0x3F, 0xFE, 0x0C, 0x00, 0x00, 0x38, 0x00, 0x00, 0x60,
    0x80, 0x00, 0x41, 0x80, 0x00, 0x03, 0x00, 0x00, 0x02, 0x7F, 0xFF, 0x04, 0x7F, 0xFF, 0x0C, 0x00,
    0x10, 0x1C, 0x00, 0x10, 0x74, 0x00, 0x10, 0x64, 0x00, 0x10, 0x04, 0x00, 0x10, 0x04, 0x00, 0x10,
    0x04, 0x00, 0x10, 0x04, 0x00, 0x10, 0x04, 0x00, 0x10, 0x04, 0x00, 0x10, 0x04, 0x00, 0x10, 0x04,
    0x00, 0x10, 0x04, 0x03, 0xF0, 0x00, 0x10, 0x00, 0x00, 0x20, 0x00, 0x00, 0x40, 0x03, 0xFF, 0xFF,
    0xE0, 0x01, 0x00, 0x00, 0x02, 0x00, 0x07, 0xFF, 0xFE, 0x00, 0x08, 0x00, 0x00, 0x10, 0x00, 0x00,
    0x20, 0x01, 0xFF, 0xFF, 0xF8, 0x03, 0xC0, 0x00, 0x0C, 0x80, 0x80, 0x71, 0x83, 0x01, 0x81, 0x8C,
    0x0F, 0x01, 0x70, 0xF2, 0x03, 0x81, 0x84, 0x03, 0x00, 0x08, 0x03, 0x80, 0x10, 0xE3, 0x80, 0x2F,
    0x81, 0xE0, 0xF8, 0x00, 0xC1, 0x80, 0x00, 0x00, 0x01, 0x02, 0x00, 0x02, 0x04, 0x80, 0x04, 0x08,
    0x81, 0xFF, 0xD0, 0x80, 0x10, 0x21, 0x80, 0x20, 0x61, 0x80, 0x40, 0xC0, 0x7F, 0xFF, 0xFE, 0xFF,
    0xFF, 0xFC, 0x06, 0x06, 0x00, 0x06, 0x0C, 0x23, 0xFF, 0xF8, 0x40, 0x30, 0x11, 0x80, 0xC1, 0x22,
    0x03, 0x46, 0x6C, 0x1C, 0xD8, 0xF0, 0x68, 0xE1, 0xE1, 0x90, 0xE1, 0x84, 0x20, 0x67, 0x08, 0x46,
    0x5E, 0x10, 0xF8, 0x66, 0x63, 0xC1, 0x86, 0xC0, 0x06, 0x0F, 0x00, 0x00, 0x00, 0x03, 0x01, 0x00,
    0x03, 0x01, 0x00, 0x33, 0x01, 0x00, 0x1B, 0x01, 0x00, 0x0B, 0xFF, 0xFC, 0x03, 0x01, 0x00, 0x07,
    0x01, 0x00, 0x1F, 0x01, 0x00, 0x3B, 0x01, 0x00, 0xE3, 0x01, 0x00, 0x03, 0x7F, 0xFC, 0x02, 0x30,
    0x00, 0x00, 0x10, 0x00, 0x00, 0x18, 0x00, 0x7F, 0xFF, 0xFE, 0x00, 0x78, 0x00, 0x01, 0xCC, 0x18,
    0x07, 0x06, 0x70, 0x3E, 0x03, 0xC0, 0x72, 0x01, 0x80, 0x02, 0x1C, 0xE0, 0x03, 0xF8, 0x3C, 0x07,
    0x80, 0x0E, 0x00, 0x00, 0x00, 0x10, 0x01, 0x20, 0x30, 0x02, 0x70, 0x30, 0x04, 0x30, 0x20, 0x08,
    0x30, 0x0F, 0xFF, 0xEF, 0xE0, 0x20, 0x00, 0xC0, 0x40, 0x01, 0x00, 0x80, 0x06, 0x7F, 0xFE, 0x0B,
    0x82, 0x0C, 0x37, 0x04, 0x18, 0xFA, 0x08, 0x31, 0xE7, 0xFF, 0xE7, 0x48, 0x20, 0xDA, 0x50, 0x41,
    0xE4, 0xE0, 0x83, 0x08, 0x41, 0x06, 0x10, 0xFF, 0xFC, 0x21, 0x04, 0x18, 0x42, 0x08, 0x30, 0x84,
    0x10, 0x61, 0x08, 0x20, 0xC2, 0x10, 0x4F, 0x00, 0x00, 0x00, 0x10, 0x00, 0x00, 0x08, 0x07, 0xFC,
    0x0C, 0x66, 0x06, 0x04, 0x26, 0x06, 0x3F, 0x36, 0x06, 0x7F, 0x17, 0xFE, 0x03, 0x06, 0x06, 0x03,
    0x06, 0x06, 0x06, 0x06, 0x06, 0x07, 0xF7, 0xFE, 0x0D, 0x16, 0x00, 0x1F, 0x16, 0x42, 0x1E, 0x16,
    0x6E, 0x3B, 0x16, 0x38, 0x69, 0x96, 0x10, 0x48, 0x16, 0x18, 0x08, 0x16, 0xEC, 0x08, 0x17, 0xC6,
    0x08, 0x16, 0x02, 0x08, 0x38, 0x00, 0x08, 0x7C, 0x00, 0x08, 0xC7, 0x00, 0x08, 0x83, 0xFF, 0x00,
    0x00, 0x00, 0x7F, 0xFF, 0xFC, 0x01, 0x04, 0x00, 0x02, 0x08, 0x00, 0x04, 0x10, 0x03, 0xFF, 0xFF,
    0x84, 0x10, 0x41, 0x08, 0x20, 0x82, 0x10, 0x41, 0x04, 0x20, 0x82, 0x08, 0x7F, 0xFF, 0xF0, 0xFF,
    0xFF, 0xE0, 0x06, 0x00, 0x00, 0x18, 0x00, 0x0F, 0xFF, 0xFF, 0xC0, 0xC0, 0x30, 0x03, 0x00, 0xC0,
    0x0C, 0x03, 0x00, 0x1F, 0x8C, 0x00, 0x07, 0xF0, 0x00, 0x07, 0xFE, 0x03, 0xFC, 0x0F, 0x8F, 0x80,
    0x03, 0x80, 0x08, 0x00, 0x00, 0x04, 0x1F, 0xFC, 0x06, 0x10, 0x04, 0x02, 0x10, 0x04, 0x7F, 0xD0,
    0x04, 0x00, 0xDF, 0xFC, 0x00, 0xD0, 0x04, 0x01, 0x90, 0x04, 0x03, 0x10, 0x04, 0x07, 0x1F, 0xFC,
    0x06, 0x10, 0x04, 0x0F, 0x10, 0x04, 0x1D, 0x90, 0x04, 0x34, 0xDF, 0xFC, 0x64, 0x5F, 0xFC, 0x04,
    0x02, 0x20, 0x04, 0x02, 0x20, 0x04, 0x06, 0x20, 0x04, 0x06, 0x20, 0x04, 0x04, 0x21, 0x04, 0x0C,
    0x21, 0x04, 0x18, 0x23, 0x04, 0x70, 0x3F, 0x00, 0x00, 0x00, 0x00, 0x00, 0x00, 0x7F, 0xE2, 0x01,
    0xFF, 0xCC, 0x03, 0x08, 0x1F, 0xF7, 0xFE, 0x7F, 0xEF, 0xFC, 0xC0, 0x1F, 0xFB, 0x20, 0x3F, 0xF4,
    0x60, 0x61, 0x00, 0x60, 0xFF, 0xE0, 0x61, 0xFF, 0xC0, 0x40, 0x7F, 0xFF, 0x00, 0x80, 0x02, 0x01,
    0x00, 0x04, 0x03, 0xFF, 0xF8, 0x04, 0x00, 0x10, 0x0F, 0xFF, 0xE0, 0x10, 0x00, 0x40, 0x3F, 0xFF,
    0x80, 0x7F, 0xFF, 0x00, 0x08, 0x20, 0x20, 0x70, 0x40, 0x43, 0xC0, 0x80, 0xBE, 0x01, 0xFF, 0x40,
    0x00, 0x00, 0x00, 0x00, 0x00, 0x04, 0x18, 0x02, 0x10, 0x60, 0x08, 0x41, 0xFF, 0x21, 0x0F, 0xFC,
    0x84, 0x24, 0x02, 0x11, 0x98, 0x08, 0x44, 0x30, 0x21, 0x30, 0x60, 0x04, 0x00, 0xC0, 0x00, 0x00,
    0x03, 0xFF, 0xF8, 0x08, 0x00, 0x20, 0x20, 0x40, 0x80, 0x81, 0x02, 0x02, 0x04, 0x08, 0x08, 0x30,
    0x20, 0x20, 0xE0, 0x80, 0x82, 0x82, 0x00, 0x1A, 0x00, 0x01, 0xC8, 0x04, 0x1C, 0x20, 0x13, 0xE0,
    0xC0, 0x5C, 0x03, 0xFF, 0x04, 0x00, 0x00, 0x04, 0x0F, 0xFE, 0x0F, 0xC0, 0xC2, 0x08, 0x40, 0xC2,
    0x18, 0xC0, 0x82, 0x10, 0x81, 0x86, 0x3F, 0xF1, 0x06, 0x7F, 0xF3, 0x06, 0x71, 0x3E, 0x3C, 0x31,
    0x31, 0x20, 0x31, 0x33, 0x20, 0x3F, 0xF3, 0x20, 0x31, 0x33, 0xFE, 0x31, 0x36, 0x20, 0x31, 0x3C,
    0x20, 0x3F, 0xF4, 0x20, 0x3F, 0xFF, 0xFF, 0x31, 0x30, 0x20, 0x31, 0x30, 0x20, 0x31, 0x30, 0x20,
    0x61, 0x30, 0x20, 0x61, 0x30, 0x20, 0x40, 0xF0, 0x20, 0x00, 0x00, 0x00, 0x00, 0x20, 0x00, 0x00,
    0x60, 0x00, 0x00, 0x60, 0x00, 0x00, 0x40, 0x07, 0xFF, 0xFF, 0xE0, 0x00, 0x00, 0x00, 0x00, 0x00,
    0x00, 0x00, 0x00, 0x0F, 0xFF, 0xE0, 0x00, 0x00, 0x00, 0x00, 0x00, 0x00, 0x7F, 0xFF, 0x00, 0x00,
    0x00, 0x00, 0x00, 0x00, 0x00, 0x00, 0x00, 0x07, 0xFF, 0xF0, 0x08, 0x00, 0x20, 0x10, 0x00, 0x40,
    0x20, 0x00, 0x80, 0x40, 0x01, 0x00, 0x80, 0x02, 0x01, 0xFF, 0xFC, 0x02, 0x00, 0x08, 0x00, 0x00,
    0x00, 0x08, 0x00, 0x80, 0x18, 0x01, 0x00, 0x18, 0x02, 0x00, 0x00, 0x04, 0x07, 0xFE, 0x08, 0x00,
    0x00, 0x10, 0x00, 0x00, 0x20, 0x1F, 0xE0, 0x40, 0x3F, 0xC0, 0x80, 0x00, 0x7F, 0xFC, 0x00, 0x02,
    0x01, 0xFE, 0x04, 0x00, 0x00, 0x08, 0x00, 0x00, 0x10, 0x0F, 0xF0, 0x20, 0x10, 0x20, 0x40, 0x20,
    0x40, 0x80, 0x40, 0x81, 0x00, 0x81, 0x02, 0x01, 0x02, 0x04, 0x03, 0xFC, 0x08, 0x04, 0x00, 0x10,
    0x08, 0x00, 0x20, 0x00, 0x18, 0x00, 0x00, 0x18, 0x00, 0x00, 0x10, 0x7F, 0xF0, 0x20, 0x00, 0x6F,
    0xFC, 0x00, 0xC0, 0x00, 0x01, 0x80, 0x00, 0x03, 0x3F, 0xC0, 0x06, 0x00, 0x00, 0x0C, 0x00, 0x10,
    0x18, 0x00, 0x7F, 0xF3, 0xFE, 0xC0, 0x60, 0x01, 0x80, 0x80, 0x03, 0x00, 0x1F, 0xE6, 0x00, 0x20,
    0x4C, 0x00, 0x40, 0x98, 0x00, 0x81, 0x30, 0x05, 0x02, 0x60, 0x0A, 0x04, 0xC0, 0x37, 0xF9, 0x80,
    0x6F, 0xE1, 0xFF, 0x90, 0x00, 0x00, 0x00, 0x08, 0x00, 0x00, 0x0C, 0x0F, 0xF0, 0x04, 0x0C, 0x30,
    0x04, 0x0C, 0x30, 0xFF, 0xCC, 0x30, 0x00, 0x0C, 0x30, 0x00, 0x0C, 0x30, 0x3F, 0x98, 0x30, 0x3F,
    0x98, 0x3E, 0x00, 0x70, 0x00, 0x3F, 0x80, 0x00, 0x3F, 0xBF, 0xFC, 0x00, 0x18, 0x08, 0x00, 0x08,
    0x18, 0x7F, 0x8C, 0x10, 0x60, 0x84, 0x30, 0x60, 0x86, 0x60, 0x60, 0x83, 0xC0, 0x60, 0x81, 0x80,
    0x60, 0x87, 0xC0, 0x7F, 0x9E, 0x60, 0x60, 0x78, 0x38, 0x60, 0x60, 0x0E, 0x00, 0x00, 0x00, 0x10,
    0x00, 0x00, 0x18, 0x00, 0x00, 0x08, 0x7F, 0xFE, 0x08, 0x01, 0x80, 0xFF, 0x81, 0x80, 0x00, 0x01,
    0x80, 0x00, 0x01, 0x80, 0x00, 0x01, 0x80, 0x7F, 0x11, 0x80, 0x00, 0x11, 0x80, 0x00, 0x11, 0xFE,
    0x7F, 0x11, 0xFE, 0x00, 0x11, 0x80, 0x00, 0x11, 0x80, 0x7F, 0x91, 0x80, 0x41, 0x91, 0x80, 0x41,
    0x91, 0x80, 0x41, 0x91, 0x80, 0x41, 0x91, 0x80, 0x41, 0x91, 0x80, 0x7F, 0x91, 0x80, 0x7F, 0xFF,
    0xFE, 0x40, 0x00, 0x00, 0x00, 0x00, 0x00, 0x60, 0x01, 0x40, 0x60, 0x02, 0xC0, 0x40, 0x04, 0xC0,
    0x80, 0x08, 0x9F, 0xE0, 0x10, 0x00, 0x3F, 0xFF, 0x80, 0x00, 0x40, 0x00, 0x00, 0x80, 0xFE, 0x01,
    0x80, 0x00, 0x03, 0x00, 0x07, 0xFE, 0x07, 0xFF, 0xEC, 0x00, 0x02, 0x18, 0x00, 0x04, 0x10, 0x3F,
    0x88, 0x20, 0x43, 0x10, 0x40, 0x86, 0x20, 0xC1, 0x0C, 0x47, 0x8A, 0x18, 0xF9, 0x14, 0x3F, 0x82,
    0x2F, 0xF8, 0x06, 0xD0, 0x00, 0x07, 0xA0, 0x00, 0x0E, 0x18, 0x10, 0x18, 0x10, 0x30, 0x20, 0x30,
    0x60, 0xC0, 0x20, 0x61, 0x0F, 0xF8, 0xC6, 0x1F, 0xFF, 0xFF, 0x80, 0x00, 0x40, 0x00, 0x00, 0x80,
    0x7F, 0x81, 0x00, 0x00, 0x02, 0x00, 0x00, 0xFF, 0xE3, 0xFD, 0xFF, 0xC0, 0x00, 0x10, 0x00, 0x00,
    0x20, 0x1F, 0xE0, 0x40, 0x20, 0xC0, 0x80, 0x41, 0xFF, 0xFE, 0x83, 0x02, 0x01, 0x06, 0x04, 0x02,
    0x0C, 0x08, 0x07, 0xF8, 0x10, 0x08, 0x00, 0x20, 0x10, 0x00, 0x40, 0x00, 0x00, 0x00, 0x00, 0x30,
    0x00, 0x00, 0x60, 0xFF, 0xF8, 0x60, 0x04, 0x30, 0x40, 0x98, 0x5F, 0xF1, 0x30, 0x80, 0x06, 0x41,
    0x00, 0x08, 0x86, 0x00, 0x33, 0x0C, 0xFE, 0x04, 0x18, 0x00, 0x18, 0x30, 0x00, 0xE3, 0xE7, 0xF3,
    0x83, 0x00, 0x00, 0x60, 0x00, 0x00, 0x40, 0x3F, 0xCA, 0xCC, 0x41, 0xB4, 0x98, 0x83, 0x69, 0x99,
    0x06, 0x90, 0x12, 0x0F, 0x20, 0xB4, 0x1E, 0x41, 0x2F, 0xF8, 0x82, 0x10, 0x01, 0x04, 0x20, 0x03,
    0xF8, 0x00, 0x00, 0x00, 0x30, 0x00, 0x00, 0x21, 0xFF, 0xF8, 0x60, 0x18, 0x00, 0x40, 0x20, 0x1F,
    0xF0, 0x40, 0x00, 0x0F, 0xFC, 0x00, 0x01, 0x08, 0x00, 0x06, 0x10, 0xFE, 0x0C, 0x20, 0x00, 0x10,
    0x40, 0x00, 0x20, 0x87, 0xFF, 0xFF, 0xE0, 0x00, 0x00, 0x00, 0x00, 0x00, 0x3F, 0xDF, 0xFC, 0x41,
    0xB0, 0x08, 0x83, 0x60, 0x11, 0x06, 0xC0, 0x22, 0x0D, 0x80, 0x44, 0x1B, 0x00, 0x8F, 0xF6, 0x01,
    0x1F, 0xCF, 0xFE, 0x20, 0x18, 0x04, 0x00, 0x00, 0x00, 0x10, 0x01, 0x00, 0x30, 0x02, 0x00, 0x21,
    0xFF, 0xF0, 0x43, 0xFF, 0xFF, 0xF0, 0x10, 0x00, 0x00, 0x20, 0x00, 0x0F, 0xFF, 0x00, 0x1F, 0xFE,
    0x7F, 0x00, 0x00, 0x00, 0x00, 0x00, 0x01, 0xFF, 0xF3, 0xFA, 0x00, 0x20, 0x04, 0x44, 0x40, 0x08,
    0x88, 0x9F, 0xC1, 0x10, 0x21, 0x82, 0x20, 0x43, 0x0C, 0x40, 0x86, 0x18, 0x81, 0x0C, 0x21, 0x0A,
    0x18, 0xC2, 0x37, 0xF3, 0x04, 0x68, 0x0E, 0x08, 0xD0, 0x30, 0x1F, 0x80, 0x40, 0x00, 0x00, 0x00,
    0x80, 0x0C, 0x00, 0x80, 0x06, 0x00, 0x80, 0x03, 0x00, 0x80, 0x01, 0x00, 0x80, 0x00, 0x00, 0x80,
    0x00, 0x00, 0x80, 0x00, 0x00, 0x80, 0x7E, 0x00, 0x80, 0x06, 0x7F, 0xFF, 0x06, 0x00, 0x80, 0x06,
    0x00, 0x80, 0x06, 0x00, 0x80, 0x06, 0x00, 0x80, 0x06, 0x00, 0x80, 0x06, 0x00, 0x80, 0x06, 0x00,
    0x80, 0x06, 0x00, 0x80, 0x06, 0xC0, 0x80, 0x07, 0x80, 0x80, 0x07, 0x00, 0x80, 0x0C, 0x00, 0x80,
    0x00, 0x00, 0x80, 0x30, 0x00, 0x00, 0x31, 0xFF, 0xFC, 0x33, 0xFF, 0xF8, 0x20, 0x02, 0x00, 0x60,
    0x04, 0x00, 0x00, 0x08, 0x00, 0x00, 0x10, 0x7E, 0x00, 0x20, 0x06, 0x00, 0x40, 0x0C, 0x00, 0x80,
    0x18, 0x01, 0x00, 0x30, 0x02, 0x00, 0x60, 0x04, 0x00, 0xC0, 0x08, 0x01, 0x80, 0x10, 0x03, 0x00,
    0x20, 0x06, 0x40, 0x40, 0x0D, 0x80, 0x80, 0x1E, 0x01, 0x00, 0x70, 0x02, 0x00, 0xC0, 0x04, 0x00,
    0x01, 0xF8, 0x00, 0x00, 0x00, 0x00, 0x00, 0x01, 0x00, 0x18, 0x01, 0x00, 0x0C, 0x01, 0x00, 0x06,
    0x01, 0x00, 0x03, 0x01, 0x00, 0x00, 0x01, 0x00, 0x00, 0x01, 0x00, 0x00, 0x01, 0x00, 0xFE, 0x01,
    0x00, 0x06, 0x03, 0x00, 0x06, 0x03, 0x80, 0x06, 0x03, 0x80, 0x06, 0x03, 0x80, 0x06, 0x02, 0x80,
    0x06, 0x02, 0xC0, 0x06, 0x06, 0x40, 0x06, 0x06, 0x60, 0x06, 0xC4, 0x20, 0x07, 0x8C, 0x30, 0x0E,
    0x18, 0x18, 0x0C, 0x10, 0x18, 0x00, 0x30, 0x0E, 0x00, 0x60, 0x02, 0x18, 0x00, 0x00, 0x0C, 0x3F,
    0xFC, 0x06, 0x00, 0x0C, 0x03, 0x00, 0x0C, 0x00, 0x00, 0x0C, 0x00, 0x00, 0x0C, 0x00, 0x00, 0x0C,
    0x7E, 0x00, 0x0C, 0x06, 0x00, 0x0C, 0x06, 0x3F, 0xFC, 0x06, 0x30, 0x0C, 0x06, 0x30, 0x08, 0x06,
    0x30, 0x00, 0x06, 0x30, 0x00, 0x06, 0x30, 0x00, 0x06, 0x30, 0x00, 0x06, 0x30, 0x01, 0x06, 0xF0,
    0x01, 0x07, 0xB0, 0x01, 0x07, 0x30, 0x03, 0x0E, 0x30, 0x03, 0x08, 0x1F, 0xFE, 0x00, 0x00, 0x00,
    0x30, 0x1F, 0xE0, 0x18, 0x18, 0x20, 0x0E, 0x18, 0x20, 0x06, 0x18, 0x20, 0x00, 0x18, 0x20, 0x00,
    0x10, 0x20, 0x00, 0x30, 0x20, 0xFC, 0x60, 0x3E, 0x0C, 0xC0, 0x00, 0x0C, 0x80, 0x00, 0x0C, 0x7F,
    0xFC, 0x0C, 0x20, 0x08, 0x0C, 0x30, 0x18, 0x0C, 0x18, 0x10, 0x0C, 0x08, 0x30, 0x0C, 0x0C, 0x60,
    0x0C, 0x06, 0xC0, 0x0D, 0x83, 0x80, 0x0F, 0x07, 0xC0, 0x1C, 0x1C, 0x70, 0x18, 0x78, 0x3E, 0x00,
    0x40, 0x06, 0x00, 0x00, 0x00, 0x60, 0x00, 0x00, 0x63, 0xFF, 0xF8, 0x60, 0x18, 0x00, 0x40, 0x30,
    0x00, 0x00, 0x60, 0x00, 0x00, 0xC0, 0x00, 0x01, 0x80, 0xFC, 0x23, 0x00, 0x18, 0x46, 0x00, 0x30,
    0x8C, 0x00, 0x61, 0x1F, 0xE0, 0xC2, 0x30, 0x01, 0x84, 0x60, 0x03, 0x08, 0xC0, 0x06, 0x11, 0x80,
    0x0C, 0x23, 0x00, 0x18, 0x46, 0x00, 0x3E, 0x8C, 0x00, 0x79, 0x18, 0x01, 0xC2, 0x30, 0x03, 0x3F,
    0xFF, 0xC0, 0x00, 0x00, 0x00, 0x10, 0x00, 0x00, 0x18, 0x7F, 0xFF, 0x0E, 0x00, 0x03, 0x02, 0x00,
    0x03, 0x00, 0x3F, 0xF3, 0x00, 0x00, 0x03, 0x7C, 0x00, 0x03, 0x7E, 0x00, 0x03, 0x06, 0x1F, 0xC3,
    0x06, 0x10, 0x63, 0x06, 0x10, 0x63, 0x06, 0x10, 0x63, 0x06, 0x10, 0x63, 0x06, 0x10, 0x63, 0x06,
    0x10, 0x63, 0x06, 0x1F, 0xE3, 0x06, 0x50, 0x03, 0x07, 0xD0, 0x03, 0x07, 0x00, 0x03, 0x0E, 0x00,
    0x03, 0x0C, 0x00, 0x02, 0x00, 0x00, 0x3E, 0x00, 0x00, 0x80, 0x60, 0x01, 0x60, 0x60, 0x02, 0x60,
    0x60, 0x04, 0x60, 0x60, 0x08, 0x40, 0x00, 0x10, 0x00, 0x7F, 0xFF, 0x80, 0x00, 0x40, 0xFC, 0x00,
    0x80, 0x18, 0x01, 0x80, 0x30, 0x03, 0x00, 0x67, 0xF6, 0x00, 0xC1, 0x0C, 0x01, 0x82, 0x18, 0x03,
    0x04, 0x10, 0x06, 0x08, 0x20, 0x0C, 0x10, 0x40, 0x18, 0x20, 0xC0, 0x34, 0x7D, 0x88, 0x7B, 0xE1,
    0x11, 0xDE, 0x03, 0x63, 0x00, 0x02, 0xC0, 0x00, 0x07, 0x00, 0x00, 0x00, 0x00, 0x18, 0x04, 0x18,
    0x08, 0x0C, 0x0C, 0x0C, 0x08, 0x06, 0x06, 0x18, 0x03, 0x06, 0x30, 0x00, 0x3F, 0xFE, 0x00, 0x00,
    0x80, 0x00, 0x00, 0x80, 0x7E, 0x00, 0x80, 0x06, 0x00, 0x80, 0x06, 0x3F, 0xFC, 0x06, 0x00, 0x80,
    0x06, 0x00, 0x80, 0x06, 0x00, 0x80, 0x06, 0x00, 0x80, 0x06, 0x00, 0x80, 0x06, 0x7F, 0xFF, 0x06,
    0x00, 0x80, 0x06, 0xC0, 0x80, 0x07, 0x80, 0x80, 0x06, 0x00, 0x80, 0x0C, 0x00, 0x80, 0x00, 0x00,
    0x80, 0x20, 0xFF, 0xFC, 0x60, 0x0C, 0x00, 0x60, 0x10, 0x00, 0x60, 0x20, 0x00, 0x40, 0xC0, 0x00,
    0x0F, 0xFE, 0x00, 0x02, 0x04, 0x7E, 0x04, 0x08, 0x0C, 0x18, 0x10, 0x18, 0x30, 0x60, 0x37, 0xFF,
    0xF8, 0x6F, 0xFF, 0xE0, 0xC0, 0x00, 0x01, 0x8F, 0xFF, 0x03, 0x18, 0x02, 0x06, 0x30, 0x04, 0x0C,
    0xE0, 0x08, 0x1F, 0xC0, 0x10, 0x39, 0x80, 0x20, 0xE3, 0x00, 0x41, 0x87, 0xFF, 0x80, 0x0C, 0x01,
    0x00, 0x00, 0x00, 0x00, 0x00, 0x00, 0x00, 0x40, 0x7F, 0xF0, 0xE0, 0x80, 0x20, 0xE1, 0x00, 0x40,
    0xC2, 0x00, 0x80, 0x04, 0x01, 0x00, 0x0F, 0xFE, 0x00, 0x1F, 0xFC, 0xFC, 0x00, 0x00, 0x18, 0x00,
    0x00, 0x31, 0xFF, 0xF0, 0x63, 0xFF, 0xE0, 0xC0, 0x10, 0x01, 0x80, 0x60, 0x03, 0x00, 0xC0, 0x06,
    0x7F, 0xFF, 0x0C, 0x03, 0x00, 0x19, 0x0F, 0x00, 0x36, 0x1A, 0x00, 0x78, 0x62, 0x01, 0xC1, 0x87,
    0x03, 0x0E, 0x03, 0x80, 0x30, 0x03, 0x80, 0x00, 0x00, 0x00, 0x00, 0x00, 0x80, 0x18, 0x00, 0x80,
    0x0C, 0x3F, 0xFF, 0x06, 0x00, 0x80, 0x03, 0x00, 0x80, 0x00, 0x3F, 0xFE, 0x00, 0x00, 0x80, 0x00,
    0x00, 0x80, 0xFE, 0x7F, 0xFF, 0x06, 0x7F, 0xFF, 0x06, 0x00, 0x00, 0x06, 0x3F, 0xFC, 0x06, 0x30,
    0x0C, 0x06, 0x30, 0x0C, 0x06, 0x3F, 0xFC, 0x06, 0x30, 0x0C, 0x06, 0x30, 0x0C, 0x06, 0x30, 0x0C,
    0x06, 0xFF, 0xFC, 0x07, 0xB0, 0x0C, 0x07, 0x30, 0x0C, 0x0E, 0x30, 0x0C, 0x08, 0x30, 0x7C, 0x00,
    0x00, 0x00, 0x00, 0x01, 0x80, 0x10, 0x01, 0x80, 0x1C, 0x01, 0x80, 0x06, 0x3F, 0xFC, 0x03, 0x01,
    0x80, 0x00, 0x01, 0x80, 0x00, 0x7F, 0xFE, 0x00, 0x7F, 0xFE, 0x7E, 0x00, 0xC6, 0x06, 0x1C, 0xC4,
    0x06, 0x06, 0xCC, 0x06, 0x23, 0xC0, 0x06, 0x38, 0xC0, 0x06, 0x0C, 0xC0, 0x06, 0x00, 0x80, 0x06,
    0x7F, 0xFF, 0x06, 0x01, 0x80, 0x06, 0x41, 0x40, 0x07, 0xC3, 0x70, 0x07, 0x06, 0x18, 0x0E, 0x1C,
    0x0C, 0x0C, 0x78, 0x06, 0x00, 0x60, 0x03, 0x00, 0x01, 0x00, 0x3F, 0xC3, 0x00, 0x20, 0x43, 0x00,
    0x20, 0x42, 0x00, 0x22, 0x47, 0xFE, 0x22, 0x46, 0x08, 0x22, 0x44, 0x08, 0x22, 0x4C, 0x18, 0x22,
    0x4C, 0x18, 0x22, 0x5C, 0x18, 0x22, 0x56, 0x10, 0x22, 0x42, 0x10, 0x22, 0x43, 0x30, 0x26, 0x41,
    0x20, 0x26, 0x41, 0xE0, 0x26, 0x40, 0xC0, 0x24, 0x40, 0xC0, 0x0D, 0x00, 0xE0, 0x0D, 0x81, 0xA0,
    0x18, 0xC3, 0x38, 0x30, 0x66, 0x0C, 0x60, 0x3C, 0x06, 0x40, 0x10, 0x02, 0x00, 0x04, 0x00, 0x00,
    0x04, 0x00, 0x3F, 0x84, 0x04, 0x20, 0x84, 0x0C, 0x24, 0x84, 0x18, 0x24, 0x84, 0x30, 0x24, 0x84,
    0x60, 0x24, 0x84, 0xC0, 0x24, 0x85, 0x80, 0x24, 0x84, 0x00, 0x24, 0xBF, 0xFF, 0x24, 0x84, 0xC0,
    0x24, 0x84, 0x40, 0x24, 0x84, 0x40, 0x24, 0x84, 0x60, 0x24, 0x84, 0x20, 0x2C, 0x84, 0x30, 0x0E,
    0x04, 0x10, 0x0B, 0x04, 0x18, 0x19, 0x84, 0x0C, 0x10, 0xC4, 0xC6, 0x30, 0xC7, 0xC3, 0x60, 0x4E,
    0x00, 0x00, 0x08, 0x00, 0x02, 0x00, 0x00, 0x02, 0x07, 0xFE, 0x02, 0x03, 0xFE, 0x7F, 0xF0, 0x06,
    0x02, 0x00, 0x06, 0x02, 0x00, 0x06, 0x02, 0x00, 0x06, 0x02, 0x00, 0x06, 0x7F, 0xF0, 0x06, 0x03,
    0x07, 0xFE, 0x03, 0x06, 0x06, 0x13, 0x06, 0x00, 0x13, 0x06, 0x00, 0x13, 0xFE, 0x00, 0x33, 0x06,
    0x01, 0x33, 0x06, 0x01, 0x3B, 0x06, 0x01, 0x3B, 0x06, 0x03, 0x2F, 0x03, 0xFF, 0x27, 0x00, 0x00,
    0x63, 0xC0, 0x00, 0x40, 0xFF, 0xFF, 0xC0, 0x00, 0x00, 0x02, 0x00, 0x00, 0x01, 0x07, 0xFF, 0x00,
    0x80, 0x20, 0x80, 0x40, 0x10, 0x43, 0xFF, 0x18, 0x20, 0x10, 0x0C, 0x10, 0x08, 0x04, 0x08, 0x04,
    0x06, 0x04, 0x7F, 0xF6, 0x06, 0x3F, 0xFE, 0x1E, 0x00, 0xC6, 0x00, 0x02, 0x60, 0xFF, 0xC1, 0x30,
    0x40, 0x20, 0x9F, 0xA0, 0x10, 0xCC, 0x10, 0x08, 0x66, 0x08, 0x04, 0x3B, 0x04, 0x02, 0x1D, 0x82,
    0x01, 0x0F, 0xC1, 0xFF, 0x84, 0xE0, 0x00, 0x06, 0x3C, 0x00, 0x03, 0x07, 0xFF, 0xF9, 0x00, 0x00,
    0x00, 0x02, 0x00, 0x68, 0x01, 0x00, 0x36, 0x00, 0x80, 0x19, 0x87, 0xFC, 0x0C, 0x43, 0xFE, 0x7F,
    0xF0, 0x10, 0x3F, 0xF8, 0x08, 0x10, 0x80, 0x04, 0x08, 0x40, 0x7F, 0xF4, 0x23, 0x3F, 0xFA, 0x11,
    0x00, 0xC1, 0x0D, 0x82, 0x60, 0x86, 0x81, 0x30, 0x43, 0xC0, 0x9F, 0xA7, 0xC0, 0x4C, 0x1E, 0x64,
    0x66, 0x1C, 0x62, 0x3B, 0x0C, 0x39, 0x1D, 0x80, 0x34, 0x8F, 0xC0, 0x73, 0xC4, 0xE0, 0x60, 0xC6,
    0x3C, 0x00, 0x02, 0x07, 0xFF, 0xF9, 0x00, 0x00, 0x00, 0x3F, 0xC0, 0x00, 0x3F, 0xCF, 0xFF, 0x20,
    0x48, 0x00, 0x20, 0x48, 0x00, 0x20, 0x48, 0x00, 0x20, 0x48, 0x00, 0x3F, 0xCF, 0xFC, 0x3F, 0xCF,
    0xFC, 0x06, 0x08, 0x04, 0x06, 0x08, 0x04, 0x26, 0x08, 0x04, 0x37, 0xE8, 0x04, 0x37, 0xE8, 0x04,
    0x36, 0x0F, 0xFC, 0x36, 0x08, 0x00, 0x36, 0x08, 0x00, 0x36, 0x08, 0x00, 0x37, 0xE8, 0x00, 0x3F,
    0x88, 0x00, 0x78, 0x08, 0x00, 0x40, 0x0F, 0xFF, 0x3F, 0xDF, 0xFC, 0x10, 0x28, 0x02, 0x08, 0x14,
    0x01, 0x04, 0x0A, 0x00, 0x82, 0x05, 0x00, 0x41, 0x02, 0xFF, 0xE0, 0xFF, 0x40, 0x10, 0x7F, 0xA0,
    0x08, 0x06, 0x10, 0x04, 0x03, 0x0F, 0xFE, 0x0D, 0x87, 0xFF, 0x06, 0xFA, 0x30, 0x03, 0x7D, 0x08,
    0x31, 0xB0, 0x84, 0x70, 0xD8, 0x43, 0x60, 0x6C, 0x20, 0xE0, 0x36, 0x10, 0x60, 0x1B, 0xF8, 0x18,
    0x0F, 0xC4, 0x06, 0x0E, 0x02, 0xF9, 0x80, 0x03, 0xE0, 0x70, 0x00, 0x00, 0x08, 0x00, 0x00, 0x00,
    0x00, 0x02, 0x20, 0x3F, 0x82, 0x20, 0x20, 0x82, 0x20, 0x20, 0xA2, 0x22, 0x20, 0xB2, 0x22, 0x20,
    0x92, 0x26, 0x20, 0x9A, 0x24, 0x3F, 0x9A, 0x2C, 0x3F, 0x8A, 0x28, 0x0C, 0x02, 0x30, 0x0C, 0x02,
    0x20, 0x3C, 0x02, 0x20, 0x3F, 0x82, 0x30, 0x3F, 0x8E, 0x3C, 0x3C, 0x1A, 0x26, 0x3C, 0x76, 0x23,
    0x3C, 0x46, 0x21, 0x3C, 0x04, 0x20, 0x3D, 0xC4, 0x21, 0x3F, 0x8C, 0x21, 0x78, 0x18, 0x21, 0x40,
    0x30, 0x23, 0x00, 0xE0, 0x3F, 0x00, 0xC0, 0x00, 0x04, 0x00, 0x00, 0x08, 0x00, 0x00, 0x10, 0x3F,
    0xF7, 0xFF, 0x7F, 0xC0, 0x40, 0x00, 0x00, 0x80, 0x00, 0x1F, 0xF0, 0x00, 0x3F, 0xE0, 0x00, 0x44,
    0x40, 0x00, 0x88, 0xBF, 0xF9, 0xFF, 0x7F, 0xFA, 0x22, 0x0C, 0x04, 0x44, 0x10, 0x08, 0x88, 0x60,
    0x1F, 0xF0, 0x80, 0x02, 0x03, 0x18, 0x04, 0x04, 0x11, 0xFF, 0xD8, 0x30, 0x10, 0x20, 0x20, 0x20,
    0xC0, 0x60, 0x41, 0xFF, 0xC0, 0x87, 0xF0, 0xC1, 0x00, 0x01, 0x80, 0x00, 0x00, 0x00, 0x18, 0x01,
    0x80, 0x30, 0x02, 0x00, 0x40, 0x04, 0x0F, 0xF9, 0xFF, 0xC3, 0x00, 0x30, 0x04, 0x00, 0x40, 0x08,
    0x01, 0x80, 0x34, 0x03, 0x00, 0x48, 0xFF, 0xFD, 0x90, 0x08, 0x03, 0x20, 0x30, 0x07, 0xFC, 0x60,
    0x00, 0x80, 0x80, 0x01, 0x03, 0xFF, 0x02, 0x00, 0x0C, 0x04, 0x40, 0x10, 0x1F, 0x80, 0x63, 0xF8,
    0x19, 0x86, 0x20, 0x1A, 0x00, 0x40, 0x1C, 0x00, 0x80, 0x1C, 0x01, 0x00, 0x1C, 0x02, 0x00, 0x08,
    0x00, 0x00, 0x00, 0x00, 0x00, 0x00, 0x10, 0x03, 0x00, 0x20, 0x04, 0x00, 0x40, 0x1C, 0x0F, 0xF8,
    0x2C, 0x03, 0x00, 0xC8, 0x04, 0x03, 0x18, 0x08, 0x04, 0x18, 0x34, 0x10, 0x18, 0x48, 0xE0, 0x18,
    0x91, 0x20, 0x1B, 0x20, 0x40, 0x47, 0xF8, 0x83, 0x80, 0x81, 0x0E, 0x01, 0x02, 0x70, 0x02, 0x05,
    0xC0, 0x04, 0x0E, 0x00, 0x1F, 0x90, 0x03, 0xF8, 0x20, 0x07, 0x20, 0x40, 0x20, 0x40, 0x80, 0x40,
    0x81, 0x00, 0x81, 0x02, 0x03, 0x02, 0x07, 0xFE, 0x00, 0x00, 0x00, 0x02, 0x06, 0x00, 0x04, 0x0D,
    0xC1, 0xFF, 0xC8, 0xC0, 0x10, 0x10, 0x80, 0x20, 0x20, 0x00, 0x40, 0x40, 0x7F, 0xFF, 0xFF, 0x7F,
    0xFF, 0xFE, 0x0C, 0x02, 0x00, 0x10, 0x04, 0x23, 0xFF, 0xE8, 0x40, 0x88, 0x19, 0x83, 0x10, 0x32,
    0x04, 0x20, 0x6C, 0x1F, 0xFE, 0x50, 0x20, 0x80, 0xE0, 0x01, 0x01, 0x80, 0x02, 0x03, 0x08, 0x1F,
    0xEE, 0x17, 0xFC, 0x14, 0x28, 0x10, 0x6C, 0xC0, 0x21, 0x8D, 0x80, 0x46, 0x0E, 0x00, 0x00, 0x00,
    0x08, 0x00, 0x00, 0x08, 0x1F, 0xFC, 0x18, 0x10, 0x0C, 0xFF, 0x90, 0x0C, 0x18, 0x10, 0x0C, 0x10,
    0x1F, 0xFC, 0x30, 0x00, 0x00, 0x34, 0x00, 0x00, 0x24, 0x7F, 0xFE, 0x64, 0x18, 0x0C, 0x7F, 0x98,
    0x0C, 0x7F, 0x9F, 0xFC, 0x04, 0x18, 0x0C, 0x04, 0x18, 0x0C, 0x04, 0x18, 0x0C, 0x07, 0xDF, 0xFC,
    0x7F, 0x98, 0x0C, 0xF4, 0x18, 0x0C, 0x04, 0x18, 0x1E, 0x04, 0x7F, 0xFE, 0x04, 0x60, 0x0C, 0x04,
    0x00, 0x0C, 0x04, 0x00, 0x0C, 0x18, 0x01, 0x00, 0x18, 0x03, 0x00, 0x10, 0x07, 0x80, 0xFF, 0x0C,
    0xC0, 0x10, 0x18, 0x70, 0x30, 0x30, 0x1C, 0x20, 0xFF, 0xFE, 0x2C, 0x80, 0x00, 0x6C, 0x00, 0x00,
    0x6C, 0x3E, 0x04, 0x4C, 0x7F, 0x44, 0xFF, 0x63, 0x44, 0x7F, 0x63, 0x44, 0x0C, 0x7F, 0x44, 0x0C,
    0x63, 0x44, 0x0F, 0x63, 0x44, 0x1F, 0x7F, 0x44, 0xFC, 0x7F, 0x44, 0x8C, 0x63, 0x44, 0x0C, 0x63,
    0x04, 0x0C, 0x63, 0x04, 0x0C, 0x63, 0x04, 0x0C, 0x6F, 0x7C, 0x00, 0x00, 0x00, 0x00, 0x04, 0x00,
    0x60, 0x04, 0x00, 0x30, 0x04, 0x00, 0x18, 0x04, 0x00, 0x0C, 0x04, 0x00, 0x05, 0xFF, 0xFE, 0x00,
    0x04, 0x06, 0x00, 0x04, 0x04, 0x00, 0x0C, 0x04, 0xF8, 0x0C, 0x0C, 0x08, 0x0C, 0x0C, 0x08, 0x08,
    0x0C, 0x08, 0x18, 0x0C, 0x08, 0x18, 0x0C, 0x08, 0x30, 0x0C, 0x08, 0x30, 0x0C, 0x08, 0x60, 0x08,
    0x09, 0xC1, 0x98, 0x1D, 0x01, 0xF0, 0x3E, 0x00, 0x00, 0x67, 0x00, 0x00, 0xC3, 0xC0, 0x00, 0xC0,
    0xFF, 0xFF, 0x00, 0x00, 0x00, 0x00, 0x00, 0x00, 0xC0, 0x30, 0x00, 0xC0, 0x20, 0x00, 0xC0, 0x20,
    0x00, 0xC0, 0x60, 0x00, 0x00, 0xC0, 0x00, 0x01, 0xC0, 0x00, 0x02, 0x80, 0x00, 0x05, 0x80, 0x00,
    0x19, 0x03, 0xE0, 0x32, 0x00, 0x40, 0x46, 0x00, 0x81, 0x84, 0x01, 0x02, 0x0C, 0x02, 0x0C, 0x08,
    0x04, 0x30, 0x18, 0x08, 0xC0, 0x18, 0x13, 0x00, 0x1C, 0x74, 0x00, 0x01, 0xB0, 0x00, 0x06, 0x3C,
    0x00, 0x18, 0x1F, 0xFF, 0xC0, 0x00, 0x00, 0x00, 0x40, 0x02, 0x00, 0xC0, 0x04, 0x00, 0xC0, 0x08,
    0x00, 0xC0, 0x10, 0x01, 0x80, 0x20, 0x01, 0x3F, 0xFF, 0xC0, 0x01, 0x80, 0x00, 0x03, 0x00, 0x00,
    0x06, 0x00, 0x00, 0x0E, 0x03, 0xE0, 0x36, 0x00, 0x40, 0x66, 0x00, 0x80, 0x86, 0x01, 0x03, 0x04,
    0x02, 0x0C, 0x0C, 0x04, 0x30, 0x0C, 0x08, 0xC0, 0x0C, 0x13, 0x00, 0x08, 0x70, 0x00, 0x01, 0xB8,
    0x00, 0x06, 0x3C, 0x00, 0x18, 0x1F, 0xFF, 0xC0, 0x00, 0x00, 0x00, 0x00, 0x00, 0x40, 0xC0, 0x00,
    0x80, 0xC0, 0x01, 0x00, 0xC0, 0x02, 0x00, 0xC0, 0x04, 0x00, 0xBF, 0xFF, 0x80, 0x00, 0x10, 0x00,
    0x00, 0x20, 0x00, 0x00, 0x40, 0x00, 0x80, 0x83, 0xE1, 0x81, 0x00, 0x41, 0x82, 0x00, 0x81, 0x84,
    0x01, 0x01, 0x08, 0x02, 0x00, 0x10, 0x04, 0x00, 0x20, 0x08, 0x00, 0x40, 0x10, 0x00, 0x80, 0x70,
    0x3F, 0x01, 0xB0, 0x00, 0x04, 0x1C, 0x00, 0x18, 0x1F, 0xFF, 0xC0, 0x00, 0x00, 0x00, 0x00, 0x00,
    0x3C, 0x60, 0x3F, 0xF0, 0x30, 0x78, 0x00, 0x18, 0x60, 0x00, 0x0C, 0x60, 0x00, 0x04, 0x60, 0x00,
    0x00, 0x60, 0x00, 0x00, 0x60, 0x00, 0x00, 0x7F, 0xFE, 0xF8, 0x60, 0x40, 0x08, 0x60, 0x40, 0x08,
    0x60, 0x40, 0x08, 0x60, 0x40, 0x08, 0x60, 0x40, 0x08, 0x40, 0x40, 0x08, 0xC0, 0x40, 0x08, 0xC0,
    0x40, 0x08, 0x80, 0x40, 0x1D, 0x80, 0x40, 0x3F, 0x00, 0x40, 0x63, 0xC0, 0x02, 0xC0, 0xFF, 0xFE,
    0x00, 0x00, 0x00, 0x00, 0x00, 0x00, 0xC0, 0x0F, 0xF8, 0xC3, 0xFF, 0x00, 0x86, 0x00, 0x01, 0x8C,
    0x00, 0x01, 0x98, 0x00, 0x00, 0x30, 0x00, 0x00, 0x7F, 0xFC, 0x00, 0xC0, 0x18, 0x01, 0xA0, 0x23,
    0xE3, 0x60, 0xC0, 0x46, 0x73, 0x00, 0x8C, 0x34, 0x01, 0x10, 0x38, 0x02, 0x60, 0xF0, 0x04, 0xC3,
    0x30, 0x0B, 0x1C, 0x38, 0x14, 0xE0, 0x38, 0x71, 0x00, 0x21, 0xF0, 0x00, 0x06, 0x3C, 0x00, 0x78,
    0x1F, 0xFF, 0xC0, 0x00, 0x00, 0x00, 0x00, 0x00, 0x00, 0x00, 0x04, 0x00, 0x40, 0x06, 0x00, 0x30,
    0x03, 0x00, 0x18, 0x01, 0x00, 0x09, 0xFF, 0xFE, 0x08, 0x00, 0x30, 0x00, 0x00, 0x30, 0x00, 0x80,
    0x20, 0x00, 0xC0, 0x60, 0x00, 0x70, 0x40, 0xF8, 0x18, 0xC0, 0x08, 0x0F, 0x80, 0x08, 0x07, 0x00,
    0x08, 0x07, 0x80, 0x08, 0x0C, 0xC0, 0x08, 0x18, 0x60, 0x08, 0x70, 0x38, 0x09, 0xC0, 0x1C, 0x09,
    0x00, 0x0C, 0x1C, 0x00, 0x00, 0x3E, 0x00, 0x00, 0x63, 0x80, 0x00, 0xC1, 0xFF, 0xFE, 0x00, 0x00,
    0x00, 0x00, 0x10, 0x40, 0xC0, 0x20, 0x80, 0xC0, 0x41, 0x00, 0xC0, 0x82, 0x00, 0xC1, 0x04, 0x00,
    0xBF, 0xFF, 0x80, 0x04, 0x10, 0x00, 0x08, 0x20, 0x00, 0x10, 0x41, 0xF0, 0x20, 0x80, 0x20, 0x41,
    0x00, 0x4F, 0xFF, 0xE0, 0x81, 0x04, 0x01, 0x06, 0x08, 0x02, 0x0C, 0x10, 0x04, 0x10, 0x20, 0x08,
    0x60, 0x40, 0x11, 0x80, 0x80, 0x76, 0x01, 0x01, 0xB0, 0x00, 0x06, 0x3C, 0x00, 0x18, 0x1F, 0xFF,
    0xC0, 0x00, 0x00, 0x00, 0x00, 0x0C, 0x00, 0x60, 0x08, 0x00, 0x30, 0x18, 0x00, 0x19, 0xFF, 0xFC,
    0x0C, 0x10, 0x00, 0x04, 0x31, 0x00, 0x00, 0x23, 0x00, 0x00, 0x63, 0x00, 0x70, 0x43, 0x00, 0xF8,
    0xFF, 0xF8, 0x08, 0x83, 0x00, 0x08, 0x03, 0x00, 0x08, 0x03, 0x00, 0x08, 0x03, 0x00, 0x09, 0xFF,
    0xFE, 0x08, 0x03, 0x00, 0x08, 0x03, 0x00, 0x08, 0x03, 0x00, 0x18, 0x03, 0x00, 0x3C, 0x03, 0x00,
    0x67, 0x01, 0x00, 0x43, 0x80, 0x00, 0xC0, 0xFF, 0xFE, 0x00, 0x00, 0x00, 0x00, 0x02, 0x00, 0xC0,
    0x0C, 0x00, 0xC0, 0x18, 0x00, 0xC7, 0xFF, 0x80, 0xCC, 0x01, 0x00, 0x18, 0x02, 0x00, 0x30, 0x04,
    0x00, 0x60, 0x08, 0x00, 0xFF, 0xF1, 0xF1, 0x80, 0x00, 0x23, 0x00, 0x00, 0x46, 0x00, 0x00, 0x8F,
    0xFF, 0x81, 0x18, 0x01, 0x02, 0x30, 0x02, 0x04, 0x60, 0x04, 0x08, 0xC0, 0x08, 0x11, 0x80, 0x10,
    0x23, 0xFF, 0xE0, 0xE0, 0x00, 0x03, 0xE0, 0x00, 0x0C, 0x70, 0x00, 0x30, 0x7F, 0xFF, 0x80, 0x00,
    0x00, 0x60, 0xFF, 0xF0, 0x61, 0x80, 0x20, 0x63, 0x00, 0x40, 0x66, 0x00, 0x80, 0x4F, 0xFF, 0x00,
    0x18, 0x02, 0x00, 0x30, 0x04, 0x00, 0x60, 0x08, 0xF8, 0xC0, 0x10, 0xF1, 0xFF, 0xE0, 0x23, 0x10,
    0x30, 0x46, 0x30, 0xC0, 0x8C, 0x3F, 0x01, 0x18, 0x18, 0x02, 0x30, 0x18, 0x04, 0x6F, 0x18, 0x08,
    0xF8, 0x18, 0x39, 0x80, 0x10, 0xF8, 0x00, 0x03, 0x1E, 0x00, 0x0C, 0x0F, 0xFF, 0xE0, 0x00, 0x00,
    0x00, 0x00, 0x00, 0x00, 0x60, 0x60, 0x10, 0x30, 0x20, 0x30, 0x18, 0x30, 0x60, 0x0C, 0x10, 0x60,
    0x04, 0x00, 0xC0, 0x01, 0xFF, 0xFC, 0x00, 0x02, 0x00, 0x00, 0x02, 0x00, 0xF8, 0x02, 0x00, 0xF8,
    0x02, 0x00, 0x09, 0xFF, 0xFE, 0x08, 0x02, 0x00, 0x08, 0x07, 0x00, 0x08, 0x07, 0x80, 0x08, 0x0C,
    0xC0, 0x08, 0x0C, 0x60, 0x08, 0x18, 0x30, 0x08, 0x70, 0x18, 0x18, 0xC0, 0x08, 0x3D, 0x80, 0x08,
    0x67, 0x00, 0x00, 0x43, 0x80, 0x00, 0xC0, 0xFF, 0xFE, 0x00, 0x00, 0x00, 0x00, 0x00, 0x00, 0x80,
    0x00, 0xF1, 0x81, 0xFF, 0x81, 0x87, 0xD0, 0x01, 0x80, 0x20, 0x01, 0x00, 0x40, 0x00, 0x00, 0x80,
    0x01, 0xFF, 0xFF, 0x00, 0x02, 0x01, 0xF0, 0x04, 0x00, 0x20, 0x08, 0x00, 0x43, 0xFF, 0xC0, 0x87,
    0xFF, 0x81, 0x08, 0x01, 0x02, 0x10, 0x02, 0x04, 0x20, 0x04, 0x08, 0x40, 0x08, 0x10, 0xFF, 0xF0,
    0x70, 0x00, 0x01, 0xF0, 0x00, 0x06, 0x38, 0x00, 0x18, 0x3F, 0xFF, 0xC0, 0x00, 0x00, 0x00, 0x00,
    0x60, 0x30, 0x80, 0x40, 0x61, 0x80, 0xC1, 0x81, 0x80, 0xC2, 0x01, 0x9F, 0xFF, 0xC1, 0x7F, 0xFF,
    0xC0, 0x00, 0x80, 0x00, 0x41, 0x04, 0x00, 0x82, 0x09, 0xF1, 0x04, 0x10, 0x22, 0x08, 0x20, 0x44,
    0x10, 0x40, 0x88, 0x20, 0x81, 0x1F, 0xFF, 0x02, 0x01, 0x80, 0x04, 0x03, 0x00, 0x08, 0x04, 0x00,
    0x10, 0x18, 0x00, 0x20, 0x60, 0x00, 0xE1, 0x80, 0x03, 0x6E, 0x00, 0x0C, 0x70, 0x00, 0x30, 0x3F,
    0xFF, 0x80, 0x00, 0x00, 0x00, 0x02, 0x00, 0x40, 0x32, 0x00, 0x60, 0x22, 0x00, 0x10, 0x62, 0x00,
    0x08, 0x7F, 0xFC, 0x0C, 0xC2, 0x00, 0x00, 0x82, 0x00, 0x00, 0x82, 0x00, 0x00, 0x02, 0x00, 0x01,
    0xFF, 0xFE, 0xF9, 0xFF, 0xFC, 0x08, 0x18, 0x80, 0x08, 0x10, 0x80, 0x08, 0x10, 0x80, 0x08, 0x30,
    0x82, 0x08, 0x20, 0x82, 0x08, 0xE0, 0x82, 0x09, 0x80, 0xFE, 0x0B, 0x00, 0x7C, 0x1C, 0x00, 0x00,
    0x3E, 0x00, 0x00, 0x63, 0x80, 0x00, 0xC0, 0xFF, 0xFE, 0x00, 0x00, 0x00, 0x00, 0x02, 0x00, 0x80,
    0x04, 0x01, 0x80, 0x08, 0x01, 0x9F, 0xFF, 0xF1, 0x80, 0x20, 0x01, 0x80, 0x40, 0x00, 0x00, 0x80,
    0x00, 0x7F, 0xFC, 0x00, 0x82, 0x09, 0xF1, 0x04, 0x10, 0x22, 0x08, 0x20, 0x44, 0x10, 0x40, 0x8F,
    0xFF, 0x81, 0x00, 0xF0, 0x02, 0x03, 0xB0, 0x04, 0x0D, 0x30, 0x08, 0x32, 0x30, 0x10, 0xC4, 0x30,
    0x27, 0x08, 0x30, 0xE8, 0x10, 0x03, 0x60, 0x20, 0x0C, 0x70, 0x00, 0x30, 0x3F, 0xFF, 0x80, 0x00,
    0x00, 0x00, 0x02, 0x00, 0x60, 0x02, 0x00, 0x30, 0x02, 0x00, 0x1B, 0xFF, 0xFE, 0x0C, 0x02, 0x00,
    0x0C, 0x02, 0x00, 0x00, 0xFF, 0xF8, 0x00, 0x82, 0x08, 0xF8, 0x82, 0x08, 0xF8, 0xFF, 0xF8, 0x08,
    0x82, 0x08, 0x08, 0x82, 0x08, 0x08, 0x82, 0x08, 0x08, 0xFF, 0xF8, 0x08, 0x02, 0x00, 0x08, 0x02,
    0x00, 0x0B, 0xFF, 0xFE, 0x08, 0x02, 0x00, 0x1C, 0x02, 0x00, 0x3E, 0x02, 0x00, 0x67, 0x02, 0x00,
    0xC3, 0xC0, 0x00, 0xC0, 0xFF, 0xFF, 0x00, 0x00, 0x00, 0x00, 0x10, 0x00, 0x80, 0x66, 0x01, 0xC0,
    0x84, 0x00, 0xC3, 0x0C, 0x01, 0x87, 0xFF, 0xC1, 0x9F, 0xFF, 0x80, 0x70, 0x40, 0x01, 0xE0, 0x80,
    0x07, 0xC1, 0x00, 0x0D, 0xFF, 0xF3, 0xE3, 0x04, 0x00, 0x46, 0x08, 0x00, 0x8C, 0x10, 0x01, 0x1F,
    0xFF, 0x02, 0x30, 0x40, 0x04, 0x60, 0x80, 0x08, 0xC1, 0x00, 0x11, 0xFF, 0xFC, 0x21, 0xFF, 0xF0,
    0xE0, 0x00, 0x03, 0xE0, 0x00, 0x0C, 0x70, 0x00, 0x30, 0x7F, 0xFF, 0x80, 0x00, 0x00, 0x60, 0x00,
    0x00, 0x30, 0x3F, 0xF0, 0x18, 0x60, 0x10, 0x0C, 0x60, 0x10, 0x04, 0x7E, 0x10, 0x00, 0x62, 0x10,
    0x00, 0x62, 0x10, 0x00, 0x62, 0x10, 0x00, 0x62, 0x10, 0xF8, 0xFF, 0xFC, 0x08, 0x80, 0x04, 0x08,
    0x80, 0x04, 0x08, 0xBF, 0xC4, 0x08, 0xB0, 0x44, 0x08, 0xB0, 0x44, 0x08, 0xB0, 0x44, 0x08, 0xBF,
    0xC4, 0x08, 0xB0, 0x04, 0x18, 0x90, 0x04, 0x3C, 0x80, 0x3C, 0x67, 0x00, 0x00, 0xC3, 0xC0, 0x00,
    0xC0, 0xFF, 0xFF, 0x00, 0x00, 0x00, 0x63, 0xFD, 0xFC, 0x33, 0x0D, 0x04, 0x1B, 0x0D, 0x04, 0x0F,
    0xFD, 0xFC, 0x07, 0x01, 0x00, 0x03, 0x05, 0x02, 0x01, 0xFD, 0xFE, 0x00, 0x10, 0x40, 0x78, 0x10,
    0x40, 0xF8, 0x10, 0x40, 0x09, 0xFF, 0xFC, 0x08, 0x10, 0x40, 0x08, 0x10, 0x40, 0x08, 0x10, 0x40,
    0x0B, 0xFF, 0xFE, 0x08, 0x18, 0xC0, 0x08, 0x30, 0x60, 0x08, 0x60, 0x38, 0x1D, 0xC0, 0x0C, 0x3F,
    0x00, 0x00, 0x63, 0x80, 0x00, 0xC0, 0xFF, 0xFE, 0x00, 0x00, 0x00, 0x02, 0x00, 0x00, 0x08, 0x07,
    0xF0, 0x30, 0x1F, 0xDF, 0xFE, 0x43, 0x10, 0x31, 0x08, 0x60, 0xC4, 0x61, 0x82, 0x11, 0x02, 0x18,
    0x4C, 0x0C, 0x41, 0x20, 0x33, 0x04, 0x8F, 0xFF, 0x93, 0x00, 0x00, 0x46, 0x00, 0x01, 0x08, 0x00,
    0x04, 0x33, 0xFF, 0x10, 0xC8, 0x04, 0x41, 0x20, 0x11, 0x04, 0x80, 0x44, 0x32, 0x01, 0x17, 0x88,
    0x04, 0x40, 0x3F, 0xF1, 0x00, 0x80, 0x44, 0x02, 0x01, 0x10, 0x00, 0x01, 0x00, 0x00, 0x01, 0x05,
    0xFF, 0x01, 0x0D, 0xFF, 0x3F, 0xF9, 0x06, 0x01, 0x19, 0x06, 0x01, 0x31, 0x0C, 0x01, 0x21, 0x0C,
    0x01, 0x41, 0x18, 0x7F, 0xFF, 0x18, 0x03, 0x81, 0x30, 0x07, 0x01, 0x38, 0x0C, 0x01, 0x0C, 0x1F,
    0xFD, 0x06, 0x78, 0x0D, 0x02, 0x58, 0x0D, 0x03, 0x18, 0x0D, 0x01, 0x1F, 0xFD, 0x01, 0x18, 0x0D,
    0x03, 0x18, 0x0D, 0x3E, 0x18, 0x0D, 0x3C, 0x1F, 0xFD, 0x00, 0x18, 0x0D, 0x00, 0x18, 0x0D, 0x00,
    0xFF, 0xEF, 0xFC, 0x14, 0x00, 0x18, 0x28, 0x00, 0x30, 0x50, 0x00, 0x67, 0xFE, 0x00, 0xDF, 0xFC,
    0x01, 0xBF, 0xF8, 0x03, 0x65, 0x30, 0x06, 0xCA, 0x6F, 0xFD, 0xB4, 0xD8, 0x1B, 0x69, 0xB0, 0x37,
    0x9F, 0x60, 0x0E, 0x06, 0xC0, 0x18, 0x0D, 0x80, 0x30, 0x1B, 0x00, 0x7F, 0xF6, 0x00, 0xC0, 0x6C,
    0x05, 0x80, 0xD8, 0x0F, 0x01, 0xB0, 0x1F, 0xFF, 0x60, 0x2C, 0x06, 0xC0, 0x58, 0x0C, 0xFF, 0x80,
    0x00, 0x00, 0x00, 0x00, 0xFF, 0xE0, 0xFF, 0xF8, 0x00, 0x00, 0x80, 0x00, 0x01, 0x00, 0x1F, 0xFF,
    0xFF, 0xC0, 0x04, 0x00, 0x0F, 0xFF, 0xF8, 0x10, 0x10, 0x10, 0x20, 0x20, 0x20, 0x40, 0x40, 0x40,
    0xFF, 0xFF, 0x81, 0x01, 0x01, 0x02, 0x02, 0x02, 0x07, 0xFF, 0xFC, 0x00, 0x08, 0x00, 0x00, 0x10,
    0x00, 0x7F, 0xFF, 0xF0, 0x00, 0x40, 0x00, 0x00, 0x80, 0x00, 0x01, 0x00, 0x1F, 0xFF, 0xFF, 0xDF,
    0xFF, 0xFF, 0x00, 0x1F, 0xFF, 0xF0, 0x30, 0x00, 0x60, 0x60, 0x00, 0xC0, 0xFF, 0xFF, 0x81, 0x80,
    0x03, 0x03, 0xFF, 0xFE, 0x00, 0x00, 0x00, 0x3F, 0xFF, 0xFF, 0x00, 0x00, 0x00, 0x3F, 0xFF, 0xE0,
    0x7F, 0xFF, 0xE0, 0x80, 0x80, 0xC1, 0xFF, 0xFF, 0x82, 0x02, 0x03, 0x04, 0x04, 0x06, 0x0F, 0xFF,
    0xFC, 0x00, 0x10, 0x00, 0x00, 0x20, 0x00, 0xFF, 0xFF, 0xE0, 0x00, 0x80, 0x0F, 0xFF, 0xFF, 0xFF,
    0xFF, 0xFF, 0xC0, 0x00, 0x00, 0x00, 0x06, 0x00, 0x00, 0x0C, 0x3F, 0xF8, 0x0F, 0x00, 0x08, 0x19,
    0x80, 0x08, 0x30, 0xC0, 0x08, 0x60, 0x5F, 0xF8, 0xFF, 0x80, 0x08, 0xFF, 0x80, 0x08, 0x04, 0x3F,
    0xFE, 0x04, 0x7F, 0xFE, 0x04, 0x00, 0x80, 0xFF, 0xE0, 0x82, 0x04, 0x30, 0x86, 0x44, 0x98, 0x8C,
    0x64, 0x8C, 0xF8, 0x25, 0x84, 0xE0, 0x25, 0x83, 0xE0, 0x25, 0x06, 0xB0, 0x35, 0x1C, 0x98, 0x05,
    0xF8, 0x8C, 0x1F, 0x60, 0x87, 0xF8, 0x00, 0x80, 0x00, 0x07, 0x80, 0x00, 0x00, 0x00, 0x08, 0x00,
    0x80, 0x30, 0x01, 0x00, 0x40, 0x02, 0x01, 0xFE, 0x04, 0x02, 0x00, 0x08, 0x0C, 0x00, 0x10, 0x30,
    0x00, 0x20, 0x1F, 0xC0, 0x40, 0x3F, 0x80, 0x80, 0x08, 0xFF, 0xFC, 0x10, 0x02, 0x00, 0x20, 0x04,
    0x00, 0x40, 0x08, 0x1F, 0xF8, 0x10, 0x01, 0x00, 0x20, 0x02, 0x00, 0x40, 0x04, 0x00, 0x80, 0x08,
    0x01, 0x00, 0x10, 0x02, 0x00, 0x26, 0x04, 0x00, 0x78, 0x08, 0x01, 0xC0, 0x10, 0x02, 0x00, 0x20,
    0x00, 0x08, 0x00, 0x80, 0x30, 0x01, 0x00, 0x60, 0x02, 0x01, 0xFE, 0x04, 0x02, 0x00, 0x08, 0x0C,
    0x00, 0x10, 0x30, 0x0F, 0xFF, 0x9F, 0xD8, 0x43, 0x3F, 0xB0, 0x86, 0x08, 0x61, 0x0C, 0x10, 0xC2,
    0x18, 0x21, 0x84, 0x30, 0x43, 0x08, 0x6F, 0xFE, 0x10, 0xC1, 0x0F, 0xFF, 0x82, 0x18, 0x43, 0x04,
    0x10, 0x84, 0x08, 0x01, 0x00, 0x10, 0x02, 0x00, 0x26, 0x04, 0x00, 0x78, 0x08, 0x01, 0xC0, 0x10,
    0x02, 0x00, 0x20, 0x00, 0x00, 0x00, 0x00, 0x10, 0x00, 0x80, 0x10, 0x40, 0x80, 0x30, 0x61, 0x80,
    0x3F, 0x2F, 0xFE, 0x60, 0x33, 0x00, 0x60, 0x13, 0x40, 0xC0, 0x02, 0x40, 0x7E, 0x06, 0x40, 0x7F,
    0x04, 0x40, 0x08, 0x0F, 0xFE, 0x08, 0xF0, 0x40, 0x08, 0x10, 0x40, 0x08, 0x10, 0x40, 0x7F, 0x10,
    0x40, 0x08, 0x1F, 0xFE, 0x08, 0x10, 0x40, 0x08, 0x10, 0x40, 0x08, 0x10, 0x40, 0x08, 0x10, 0x40,
    0x0B, 0x78, 0x40, 0x1E, 0xDE, 0x00, 0x19, 0x87, 0xFF, 0x00, 0x00, 0x00, 0x00, 0x00, 0x80, 0x10,
    0x01, 0x00, 0x60, 0xC2, 0x30, 0x80, 0xC4, 0x43, 0xFC, 0x89, 0x84, 0x01, 0x92, 0x18, 0x01, 0x2C,
    0x60, 0x00, 0x40, 0x3F, 0x9F, 0xF8, 0x7F, 0x3F, 0xF0, 0x10, 0x40, 0x20, 0x20, 0x84, 0x40, 0x41,
    0x08, 0x80, 0x82, 0x11, 0x1F, 0xF4, 0x22, 0x02, 0x08, 0x44, 0x04, 0x10, 0x88, 0x08, 0x23, 0x10,
    0x10, 0x46, 0x20, 0x20, 0x98, 0x40, 0x5C, 0x7E, 0x01, 0xE1, 0x87, 0x03, 0x0E, 0x03, 0x84, 0x30,
    0x03, 0x08, 0x04, 0x20, 0x30, 0x08, 0x40, 0x40, 0x10, 0x81, 0xFE, 0x21, 0x03, 0xFB, 0xFF, 0xEC,
    0x00, 0x84, 0x10, 0x01, 0x08, 0x1F, 0xC2, 0x10, 0x3F, 0x84, 0x20, 0x08, 0xFF, 0xFC, 0x10, 0x00,
    0x00, 0x20, 0x00, 0x00, 0x41, 0xFF, 0xCF, 0xFF, 0xFF, 0x81, 0x0C, 0x03, 0x02, 0x18, 0x06, 0x04,
    0x3F, 0xFC, 0x08, 0x60, 0x18, 0x12, 0xC0, 0x30, 0x2D, 0x80, 0x60, 0xF3, 0x00, 0xC1, 0x87, 0xFF,
    0x82, 0x0C, 0x03, 0x00, 0x00, 0x00, 0x18, 0x00, 0x40, 0x18, 0x78, 0x40, 0x10, 0x7F, 0xFC, 0x3F,
    0x08, 0x44, 0x20, 0x18, 0x44, 0x60, 0x10, 0x44, 0x40, 0x37, 0xFF, 0xFF, 0x20, 0x44, 0x3F, 0x60,
    0x44, 0x08, 0x7F, 0xFC, 0x08, 0x0C, 0x40, 0x08, 0x08, 0x40, 0x08, 0x0B, 0xFC, 0x7F, 0x4F, 0xFE,
    0x08, 0x78, 0x40, 0x08, 0x38, 0x40, 0x08, 0x37, 0xFE, 0x08, 0x30, 0x40, 0x09, 0x38, 0x40, 0x0B,
    0x6C, 0x40, 0x0E, 0x6E, 0x40, 0x1C, 0xC3, 0x80, 0x11, 0x81, 0xFF, 0x00, 0x00, 0x00, 0x18, 0x00,
    0x00, 0x30, 0x7F, 0xF8, 0x41, 0x80, 0x11, 0xFF, 0x00, 0x26, 0x06, 0x00, 0x48, 0x0C, 0x00, 0xB0,
    0x1F, 0xFF, 0x3F, 0xB0, 0x40, 0x7F, 0x60, 0x80, 0x10, 0xC1, 0x00, 0x21, 0xFF, 0xF8, 0x43, 0x04,
    0x00, 0x86, 0x08, 0x1F, 0xFC, 0x10, 0x02, 0x18, 0x20, 0x04, 0x3F, 0xFE, 0x08, 0x7F, 0xFC, 0x10,
    0xF0, 0x18, 0x23, 0x60, 0x30, 0x5E, 0xC0, 0x60, 0xED, 0x80, 0xC3, 0x93, 0xFF, 0x84, 0x66, 0x03,
    0x00, 0x00, 0x00, 0x00, 0x00, 0x00, 0x30, 0x02, 0x00, 0x40, 0x06, 0x01, 0x83, 0xFF, 0xE3, 0xF0,
    0x82, 0x0C, 0x01, 0x84, 0x10, 0x03, 0x18, 0x60, 0x02, 0x30, 0x3E, 0x7F, 0xFE, 0xFE, 0x00, 0x00,
    0x20, 0xFF, 0xE0, 0x41, 0x00, 0x40, 0x82, 0x00, 0x81, 0x07, 0xFF, 0x3F, 0xEF, 0xFE, 0x04, 0x10,
    0x04, 0x08, 0x3F, 0xF8, 0x10, 0x7F, 0xF0, 0x20, 0x13, 0x00, 0x40, 0x66, 0x00, 0x98, 0xCC, 0x61,
    0xE3, 0x18, 0xC7, 0x0E, 0x31, 0x8C, 0xF0, 0x3E, 0x00, 0x80, 0x00, 0x07, 0xFF, 0xF8, 0x04, 0x00,
    0x00, 0x04, 0x00, 0x00, 0x04, 0x00, 0x00, 0x07, 0xFF, 0xF0, 0x04, 0x00, 0x00, 0x04, 0x00, 0x00,
    0x04, 0x00, 0x00, 0x07, 0xFF, 0xF0, 0x04, 0x00, 0x00, 0x04, 0x00, 0x00, 0xFF, 0xFF, 0xFE, 0xFF,
    0xFF, 0xFE, 0x04, 0x10, 0x18, 0x04, 0x18, 0x30, 0x04, 0x0C, 0xE0, 0x04, 0x07, 0x80, 0x04, 0x03,
    0x00, 0x04, 0x0D, 0xC0, 0x04, 0xFC, 0x78, 0x0F, 0xC0, 0x1E, 0x0E, 0x00, 0x00, 0x02, 0x00, 0x00,
    0x04, 0x00, 0x60, 0x08, 0x01, 0x80, 0x10, 0x06, 0x00, 0x20, 0x38, 0x00, 0x40, 0xC0, 0x00, 0x87,
    0x00, 0x01, 0x38, 0x00, 0x02, 0x60, 0x00, 0x04, 0x00, 0x03, 0xFF, 0xFF, 0xF8, 0x10, 0xC0, 0x00,
    0x20, 0x80, 0x00, 0x41, 0x80, 0x00, 0x81, 0x00, 0x01, 0x03, 0x00, 0x02, 0x03, 0x00, 0x04, 0x03,
    0x00, 0x08, 0x03, 0x00, 0x10, 0x63, 0x80, 0x2F, 0x83, 0xC0, 0xF8, 0x01, 0xC1, 0x80, 0x00, 0x00,
    0xFF, 0x9F, 0xFF, 0x02, 0x60, 0x3C, 0x09, 0x80, 0xF0, 0x26, 0x03, 0xFF, 0x9F, 0xFF, 0x02, 0x60,
    0x3C, 0x09, 0x80, 0xF0, 0x26, 0x03, 0xFF, 0x9F, 0xFF, 0x00, 0x00, 0x3C, 0xFF, 0xF8, 0xF0, 0x21,
    0x03, 0xC0, 0x84, 0x0F, 0x02, 0x10, 0x3C, 0xFF, 0xFC, 0xF0, 0x21, 0x03, 0xC1, 0x84, 0x0F, 0x06,
    0x10, 0x3C, 0x10, 0x40, 0xF0, 0xC1, 0x03, 0xC6, 0x04, 0x0F, 0x30, 0x13, 0xE0, 0x00, 0x00, 0x00,
    0xFF, 0xDF, 0xFB, 0x03, 0x60, 0x3C, 0x0D, 0x80, 0xF0, 0x36, 0x03, 0xFF, 0xDF, 0xFF, 0x03, 0x60,
    0x3C, 0x0D, 0x80, 0xF0, 0x36, 0x03, 0xFF, 0xDF, 0xFF, 0x00, 0x00, 0x3C, 0x00, 0x00, 0xF1, 0xFF,
    0xC3, 0xC6, 0x03, 0x0F, 0x18, 0x0C, 0x3C, 0x7F, 0xF0, 0xF1, 0x80, 0xC3, 0xC6, 0x03, 0x0F, 0x18,
    0x0C, 0x3C, 0x60, 0x30, 0xF1, 0xFF, 0xC3, 0xC6, 0x00, 0x0F, 0x00, 0x03, 0xE0, 0x00, 0x00, 0x00,
    0xFF, 0xCF, 0xFF, 0x03, 0x70, 0x3C, 0x0D, 0xC0, 0xF0, 0x37, 0x03, 0xFF, 0xDF, 0xFF, 0x03, 0x70,
    0x3C, 0x0D, 0xC0, 0xFF, 0xF7, 0xFF, 0xC2, 0x02, 0x0F, 0x0C, 0x18, 0x3C, 0x18, 0x40, 0xF1, 0xFF,
    0xC3, 0xC4, 0x01, 0x0F, 0x10, 0x04, 0x3C, 0x7F, 0xF0, 0xF1, 0xFF, 0xC3, 0xC1, 0x88, 0x0F, 0x06,
    0x20, 0x3C, 0x30, 0x88, 0xF1, 0xC2, 0x23, 0xDE, 0x0F, 0x8F, 0x00, 0x01, 0xE0, 0x00, 0x00, 0x00,
    0x00, 0x00, 0x0C, 0x00, 0x00, 0x63, 0xFF, 0xF3, 0x00, 0x03, 0x10, 0x08, 0x38, 0x00, 0x83, 0x80,
    0x08, 0x38, 0x00, 0x83, 0x9F, 0xFF, 0xB8, 0x01, 0x83, 0x80, 0x38, 0x38, 0x06, 0x83, 0x80, 0x48,
    0x38, 0x08, 0x83, 0x83, 0x08, 0x38, 0x60, 0x83, 0x9C, 0x08, 0x3B, 0x00, 0x83, 0x80, 0x08, 0x38,
    0x1F, 0x83, 0x80, 0x00, 0x38, 0x00, 0x03, 0x80, 0x01, 0xE0, 0x00, 0x00, 0x00, 0x00, 0x0C, 0x00,
    0x00, 0x63, 0xFF, 0xF3, 0x00, 0x03, 0x18, 0x00, 0x38, 0x00, 0x03, 0x80, 0x00, 0x38, 0x00, 0x03,
    0x87, 0xFC, 0x38, 0x60, 0x43, 0x86, 0x04, 0x38, 0x60, 0x43, 0x86, 0x04, 0x38, 0x60, 0x43, 0x86,
    0x04, 0x38, 0x60, 0x43, 0x87, 0xFC, 0x38, 0x60, 0x03, 0x86, 0x00, 0x38, 0x00, 0x03, 0x80, 0x00,
    0x38, 0x00, 0x03, 0x80, 0x03, 0xE0, 0x00, 0x00, 0x00, 0x00, 0x0C, 0x00, 0x00, 0x63, 0xFF, 0xF3,
    0x00, 0x03, 0x10, 0x00, 0x38, 0x00, 0x03, 0x80, 0x00, 0x38, 0x7F, 0xC3, 0x84, 0x04, 0x38, 0x40,
    0x43, 0x84, 0x04, 0x38, 0x40, 0x43, 0x87, 0xFC, 0x38, 0x40, 0x43, 0x84, 0x04, 0x38, 0x40, 0x43,
    0x84, 0x04, 0x38, 0x7F, 0xC3, 0x80, 0x00, 0x38, 0x00, 0x03, 0x80, 0x00, 0x38, 0x00, 0x03, 0x80,
    0x01, 0xE0, 0x00, 0x00, 0x0C, 0x00, 0x00, 0x63, 0xFF, 0xF3, 0x00, 0x03, 0x12, 0x04, 0x38, 0x20,
    0xC3, 0x83, 0x18, 0x38, 0x19, 0x03, 0x8F, 0xFE, 0x38, 0x80, 0x23, 0x88, 0x02, 0x38, 0x80, 0x23,
    0x8F, 0xFE, 0x38, 0xFF, 0xE3, 0x81, 0x10, 0x38, 0x11, 0x03, 0x83, 0x10, 0x38, 0x31, 0x0B, 0x86,
    0x10, 0xB8, 0xC1, 0xFB, 0x98, 0x00, 0x38, 0x00, 0x03, 0x80, 0x01, 0xE0, 0x00, 0x00, 0xFE, 0x00,
    0x07, 0xF3, 0xFF, 0xE1, 0x98, 0x07, 0x08, 0xC0, 0x38, 0x86, 0x01, 0xCC, 0x30, 0x0E, 0x41, 0x80,
    0x73, 0x0C, 0x03, 0x8C, 0x60, 0x1C, 0x23, 0xFF, 0xE1, 0x98, 0x07, 0x04, 0xC0, 0x38, 0x26, 0x01,
    0xC1, 0x30, 0x0E, 0x19, 0x80, 0x77, 0x8C, 0x03, 0x80, 0x60, 0x1C, 0x03, 0x00, 0xE0, 0x18, 0x07,
    0x00, 0xFF, 0xF8, 0x06, 0x01, 0xC0, 0x30, 0x0C, 0x00, 0x06, 0x03, 0xF8, 0x18, 0x08, 0x60, 0x60,
    0x21, 0x03, 0xC0, 0x8C, 0x19, 0x82, 0x20, 0x43, 0x09, 0x83, 0x06, 0x24, 0x18, 0x0C, 0xB0, 0xC0,
    0x1A, 0x66, 0x00, 0x38, 0xD2, 0x04, 0x21, 0x88, 0x10, 0x86, 0x20, 0x42, 0x08, 0x81, 0x08, 0x22,
    0x04, 0x21, 0x88, 0x10, 0xBC, 0x20, 0x42, 0x00, 0x81, 0x08, 0x06, 0x04, 0x20, 0x10, 0x10, 0x80,
    0xC0, 0x42, 0x02, 0x01, 0x08, 0x18, 0x04, 0x00, 0x00, 0x00, 0x00, 0x30, 0x23, 0xF0, 0x80, 0x88,
    0x42, 0x02, 0x23, 0x18, 0x08, 0x88, 0x40, 0x22, 0x23, 0x00, 0x89, 0x8D, 0xFF, 0xE4, 0x70, 0x08,
    0x91, 0x40, 0x22, 0x6D, 0x00, 0x88, 0xE4, 0x82, 0x23, 0x13, 0x08, 0x84, 0x44, 0x22, 0x11, 0x18,
    0x88, 0x44, 0x22, 0x21, 0x10, 0xC8, 0xBC, 0x41, 0x22, 0xE1, 0x00, 0x88, 0x04, 0x02, 0x20, 0x10,
    0x08, 0x80, 0x40, 0x22, 0x01, 0x00, 0x88, 0x04, 0x3E, 0x00, 0x00, 0x00, 0xFE, 0xFF, 0xF4, 0x36,
    0x01, 0xA1, 0x30, 0x0D, 0x19, 0x80, 0x68, 0xCC, 0x03, 0x4C, 0x7F, 0xFA, 0x63, 0x00, 0xD3, 0x18,
    0x06, 0x8C, 0xC0, 0x34, 0x26, 0x01, 0xA1, 0xBF, 0xFD, 0x0D, 0x90, 0x08, 0x2C, 0xC0, 0xC1, 0x62,
    0x1E, 0x1B, 0x19, 0x97, 0x98, 0x78, 0x80, 0xC3, 0x04, 0x06, 0x0C, 0x20, 0x30, 0x31, 0x01, 0x9C,
    0xC8, 0x0F, 0xC3, 0xC0, 0x70, 0x04, 0x00, 0x03, 0x01, 0xFC, 0x06, 0x02, 0x18, 0x1C, 0x04, 0x20,
    0x64, 0x08, 0xC1, 0x8C, 0x11, 0x06, 0x06, 0x26, 0x18, 0x06, 0x58, 0xFF, 0xF6, 0x99, 0x7F, 0xF1,
    0x18, 0x04, 0x02, 0x30, 0x08, 0x04, 0x30, 0x10, 0x08, 0x60, 0x20, 0x10, 0x7F, 0xFF, 0xA0, 0x80,
    0x80, 0x43, 0x11, 0x20, 0xBC, 0x62, 0x61, 0x00, 0x84, 0x62, 0x03, 0x08, 0x64, 0x0C, 0x10, 0x48,
    0x10, 0x20, 0xD0, 0x20, 0x40, 0x20, 0x0F, 0x80, 0x00, 0x00, 0x00, 0x00, 0x81, 0x03, 0xFE, 0x04,
    0x08, 0x78, 0x10, 0xA1, 0x60, 0x4E, 0x8D, 0xFD, 0xF2, 0x36, 0x06, 0x08, 0x98, 0x10, 0x26, 0x60,
    0x41, 0x99, 0x85, 0x06, 0x37, 0xF4, 0x38, 0x5E, 0x5F, 0xE1, 0x81, 0x00, 0x86, 0x0C, 0x02, 0x0B,
    0xFF, 0xE8, 0x2C, 0x01, 0xA1, 0xB0, 0x06, 0xBC, 0xC0, 0x1A, 0x03, 0xFF, 0xE8, 0x0C, 0x01, 0xA0,
    0x30, 0x06, 0x80, 0xC0, 0x1A, 0x03, 0xFF, 0xE8, 0x0C, 0x01, 0x80, 0x00, 0x00, 0x00, 0x01, 0x03,
    0xF0, 0x0C, 0x08, 0xE0, 0x30, 0x22, 0xCF, 0xFF, 0x89, 0x06, 0x02, 0x62, 0x10, 0x09, 0x08, 0xC0,
    0x24, 0x07, 0xFE, 0x90, 0x34, 0x1A, 0x60, 0x90, 0x68, 0xF8, 0x7F, 0xA3, 0x21, 0x06, 0x8C, 0x84,
    0x1A, 0x12, 0x10, 0x68, 0x48, 0x7F, 0xA3, 0x21, 0x06, 0xB8, 0x84, 0x1A, 0x02, 0x10, 0x68, 0x08,
    0x41, 0xA0, 0x79, 0x1E, 0x82, 0x30, 0x02, 0x08, 0x60, 0x08, 0x40, 0xFF, 0xC0, 0x00, 0x00, 0x00,
    0x08, 0x03, 0xF8, 0x60, 0x08, 0x63, 0xFC, 0x21, 0x08, 0x20, 0x8C, 0x41, 0x82, 0x33, 0x0C, 0x08,
    0x9F, 0xFF, 0xA6, 0x00, 0x06, 0x98, 0x00, 0x1A, 0x30, 0x00, 0x68, 0x47, 0xFF, 0xA1, 0x80, 0x06,
    0x86, 0x00, 0x1A, 0x08, 0x00, 0x68, 0x2F, 0xFF, 0xA1, 0x86, 0x00, 0xBE, 0x0C, 0x02, 0x02, 0x99,
    0x88, 0x1A, 0x33, 0x20, 0x48, 0x16, 0x83, 0x20, 0x4E, 0x0C, 0x81, 0x38, 0x23, 0xFC, 0x00, 0x00,
    0x00, 0x00, 0x00, 0x03, 0xF3, 0xFF, 0xF8, 0x40, 0x00, 0x23, 0x00, 0x00, 0x88, 0x7F, 0xF2, 0x61,
    0x00, 0x69, 0x04, 0x01, 0xA4, 0x10, 0x06, 0x90, 0x7F, 0xF2, 0x60, 0x00, 0x08, 0xC0, 0x00, 0x23,
    0x3F, 0xFF, 0x84, 0x90, 0x6E, 0x12, 0x61, 0x38, 0x48, 0xCC, 0xEF, 0x27, 0xFB, 0xB8, 0xBF, 0xFE,
    0x02, 0x08, 0x38, 0x08, 0x20, 0xE0, 0x20, 0x83, 0x80, 0x82, 0x0E, 0x02, 0x08, 0x38, 0x08, 0x23,
    0xC0, 0x00, 0x00, 0x00, 0x00, 0x00, 0x00, 0x10, 0x0F, 0xE0, 0x60, 0x21, 0xBF, 0xFE, 0x84, 0x30,
    0xC2, 0x30, 0x43, 0x08, 0x81, 0x08, 0x26, 0xFF, 0xFF, 0x90, 0x00, 0x02, 0x60, 0x00, 0x08, 0xC7,
    0xFF, 0x21, 0x10, 0x0C, 0x86, 0x40, 0x32, 0x19, 0xFF, 0xC8, 0x24, 0x03, 0x20, 0x9F, 0xFC, 0x86,
    0x7F, 0xF2, 0xF0, 0x08, 0x08, 0x00, 0x20, 0x20, 0xFF, 0xFF, 0x80, 0x02, 0x02, 0x00, 0x08, 0x08,
    0x00, 0x20, 0x20, 0x00, 0x80, 0x00, 0x00, 0x33, 0xF8, 0xFF, 0xC8, 0x7F, 0xE1, 0x21, 0x23, 0x04,
    0x8C, 0xC4, 0x32, 0x31, 0x19, 0x89, 0x84, 0x64, 0x26, 0x7F, 0xFE, 0x98, 0x00, 0x1A, 0x30, 0x00,
    0x68, 0x4F, 0xFF, 0xA1, 0x80, 0x06, 0x86, 0x00, 0x1A, 0x08, 0x00, 0x68, 0x3F, 0xFF, 0xA1, 0x86,
    0x00, 0xBC, 0x0E, 0x02, 0x02, 0x8C, 0x88, 0x1A, 0x03, 0x20, 0x48, 0x16, 0x83, 0x20, 0x4E, 0x08,
    0x81, 0x38, 0x03, 0xFC, 0x00, 0x00, 0x00, 0x02, 0x10, 0x00, 0x06, 0x10, 0x00, 0x04, 0x18, 0x00,
    0x0F, 0xFF, 0xF8, 0x1F, 0xFF, 0xF8, 0x18, 0x18, 0x00, 0x38, 0x18, 0x00, 0x7F, 0xFF, 0xF0, 0xD8,
    0x18, 0x00, 0x18, 0x18, 0x00, 0x1F, 0xFF, 0xF0, 0x18, 0x18, 0x00, 0x18, 0x18, 0x00, 0x1F, 0xFF,
    0xFC, 0x1F, 0xFF, 0xFC, 0x00, 0x10, 0x00, 0xFF, 0xFF, 0xFE, 0x00, 0x7C, 0x00, 0x00, 0xD7, 0x00,
    0x03, 0x93, 0x80, 0x06, 0x10, 0xE0, 0x1C, 0x10, 0x38, 0xF0, 0x10, 0x0E, 0xC0, 0x10, 0x00, 0x30,
    0x82, 0x80, 0x61, 0x0D, 0x03, 0xFF, 0x93, 0x01, 0x84, 0x22, 0x03, 0xF8, 0xC6, 0x03, 0xF1, 0xFF,
    0xC1, 0x06, 0x10, 0x3F, 0xFC, 0x20, 0x44, 0x78, 0x40, 0x88, 0xDF, 0xF9, 0xFF, 0xBF, 0xF3, 0xFE,
    0x42, 0x00, 0x40, 0x84, 0x0F, 0xFD, 0x08, 0x01, 0x02, 0x10, 0x02, 0x07, 0xFE, 0xFF, 0xE8, 0x40,
    0x1C, 0x10, 0x80, 0x3C, 0x21, 0x00, 0xCC, 0x42, 0x03, 0x0C, 0xFF, 0xEC, 0x09, 0xFF, 0xB0, 0x02,
    0x00, 0x00, 0x7F, 0xFF, 0xF0, 0x00, 0x80, 0x00, 0x02, 0x00, 0x3F, 0xFF, 0xFE, 0x80, 0x20, 0x0A,
    0x00, 0x80, 0x2B, 0xFA, 0xFE, 0xA0, 0x08, 0x02, 0x3F, 0xAF, 0xE0, 0x00, 0x80, 0x00, 0x02, 0x00,
    0x0F, 0xFF, 0xF8, 0x20, 0x20, 0x20, 0x80, 0x80, 0x83, 0xFF, 0xFE, 0x08, 0x08, 0x08, 0x20, 0x20,
    0x20, 0xFF, 0xFF, 0x92, 0x02, 0x00, 0x48, 0x08, 0x03, 0x00, 0x20, 0x0C, 0x00, 0xFF, 0xE0, 0x3F,
    0xFF, 0xF8, 0x00, 0x20, 0x00, 0x00, 0x40, 0x03, 0xFF, 0xFF, 0xE4, 0x01, 0x00, 0x48, 0x02, 0x00,
    0x97, 0xF5, 0xFD, 0x20, 0x08, 0x02, 0x1F, 0xD7, 0xF0, 0x00, 0x20, 0x00, 0x00, 0x40, 0x03, 0xFF,
    0xFF, 0xF0, 0x03, 0x00, 0x00, 0x06, 0x00, 0x07, 0xFF, 0xFE, 0x08, 0x61, 0x04, 0x10, 0xC2, 0x08,
    0x21, 0x84, 0x10, 0x43, 0x08, 0x20, 0x86, 0x10, 0x41, 0x0C, 0x20, 0x82, 0x18, 0x4F, 0x00, 0x00,
    0x00, 0x00, 0x00, 0xC6, 0x00, 0x01, 0x8C, 0x00, 0x03, 0x18, 0x00, 0x06, 0x30, 0x07, 0xFC, 0x7F,
    0xE0, 0x18, 0xC0, 0x00, 0x31, 0x80, 0x00, 0x63, 0x00, 0x00, 0xC6, 0x00, 0x01, 0x8C, 0x01, 0xFF,
    0x1F, 0xF0, 0x06, 0x30, 0x00, 0x0C, 0x60, 0x00, 0x18, 0xC0, 0x00, 0x31, 0x80, 0x7F, 0xE3, 0xFF,
    0x00, 0xC6, 0x00, 0x01, 0x8C, 0x00, 0x03, 0x18, 0x00, 0x06, 0x30, 0x00, 0x0C, 0x60, 0x00, 0x18,
    0xC0, 0x00, 0x31, 0x80, 0x00, 0xFF, 0xFF, 0xFC, 0x01, 0x80, 0x00, 0x06, 0x00, 0x00, 0x10, 0x00,
    0x7F, 0xFF, 0xF1, 0xFF, 0xFF, 0xC4, 0x20, 0x61, 0x10, 0x81, 0x84, 0x42, 0x06, 0x11, 0x0F, 0xF8,
    0x44, 0x20, 0x61, 0x10, 0x81, 0x84, 0x42, 0x06, 0x11, 0x08, 0x18, 0x44, 0x3F, 0xE1, 0x10, 0x81,
    0x84, 0x42, 0x06, 0x11, 0x08, 0x18, 0x47, 0xFF, 0xFF, 0x1F, 0xFF, 0xFC, 0x40, 0x00, 0x10, 0x00,
    0x7F, 0xFE, 0x00, 0x01, 0x80, 0xFF, 0x81, 0x00, 0x08, 0x03, 0x00, 0x08, 0x3F, 0xFC, 0x08, 0x20,
    0x04, 0x08, 0x20, 0x04, 0x08, 0x20, 0x04, 0x08, 0x3F, 0xFC, 0x08, 0x20, 0x04, 0x08, 0x20, 0x04,
    0x08, 0x20, 0x04, 0x08, 0xBF, 0xFC, 0x0F, 0xA0, 0x04, 0x3E, 0x20, 0x04, 0xF0, 0x20, 0x04, 0x80,
    0x3F, 0xFC, 0x00, 0x00, 0x00, 0x00, 0x0C, 0x30, 0x00, 0x38, 0x1C, 0x01, 0xE0, 0x06, 0x01, 0x00,
    0x02, 0x00, 0x00, 0x00, 0x01, 0x0F, 0xFE, 0x11, 0x00, 0x40, 0x11, 0xF0, 0x40, 0x11, 0xF0, 0xC0,
    0x11, 0x07, 0xFE, 0x11, 0x04, 0x06, 0x11, 0x04, 0x06, 0x7F, 0xFC, 0x06, 0x02, 0x07, 0xFE, 0x02,
    0x04, 0x06, 0x1A, 0x34, 0x06, 0x12, 0x24, 0x06, 0x32, 0x27, 0xFE, 0x22, 0x64, 0x06, 0x62, 0x44,
    0x06, 0x42, 0xC4, 0x06, 0x01, 0x87, 0xFE, 0x03, 0x00, 0x00, 0x06, 0x03, 0x18, 0x1C, 0x06, 0x0C,
    0x78, 0x1C, 0x06, 0x60, 0x18, 0x02, 0x7F, 0xFF, 0xFE, 0x00, 0x60, 0x00, 0x00, 0xC0, 0x00, 0x01,
    0x00, 0x01, 0xFF, 0xFF, 0x03, 0x00, 0x06, 0x06, 0x00, 0x0C, 0x0C, 0x08, 0x18, 0x18, 0x10, 0x30,
    0x30, 0x20, 0x60, 0x60, 0x40, 0xC0, 0xC0, 0x81, 0x81, 0x81, 0x03, 0x03, 0x02, 0x06, 0x06, 0x0C,
    0x0C, 0x0C, 0x12, 0x18, 0x00, 0x67, 0x00, 0x03, 0x83, 0x80, 0x1C, 0x01, 0xC3, 0xE0, 0x00, 0xCE,
    0x00, 0x00, 0xC0, 0x00, 0x3F, 0xFF, 0xFF, 0x81, 0x00, 0x10, 0x06, 0x00, 0x20, 0x0C, 0x00, 0x41,
    0xFF, 0xC0, 0x83, 0x00, 0x81, 0x06, 0x01, 0x02, 0x0C, 0x42, 0x04, 0x18, 0x84, 0x08, 0x31, 0x08,
    0x10, 0x62, 0x10, 0x20, 0xC4, 0x20, 0x41, 0x88, 0x40, 0x83, 0x10, 0x81, 0x06, 0x21, 0x02, 0x0C,
    0x42, 0x04, 0x01, 0x80, 0x08, 0x02, 0xC0, 0x10, 0x0C, 0xC0, 0x60, 0x30, 0xC7, 0xC1, 0xC0, 0xC0,
    0x0E, 0x00, 0xC0, 0x00, 0xFF, 0xFE, 0x00, 0x02, 0x03, 0xFC, 0x0C, 0x07, 0xF8, 0x18, 0x00, 0x87,
    0xFF, 0x81, 0x0C, 0x01, 0x02, 0x18, 0x02, 0x04, 0x30, 0x84, 0x08, 0x61, 0x08, 0x10, 0xC2, 0x10,
    0x21, 0x84, 0x20, 0x43, 0x08, 0x40, 0x86, 0x10, 0x81, 0x7C, 0x21, 0x07, 0xD8, 0x42, 0x7C, 0x31,
    0x84, 0xC0, 0x02, 0x40, 0x00, 0x0C, 0xC0, 0x00, 0x30, 0xC0, 0x01, 0xC0, 0xE0, 0x0E, 0x00, 0x60,
    0x10, 0x00, 0x40, 0x00, 0x40, 0x00, 0x40, 0x9F, 0xFC, 0x91, 0x03, 0x01, 0x22, 0x04, 0x02, 0x44,
    0xFF, 0xC4, 0x89, 0xFF, 0x89, 0x13, 0x01, 0x12, 0x26, 0x62, 0x24, 0x4C, 0xC4, 0x48, 0x99, 0x88,
    0x91, 0x33, 0x11, 0x22, 0x66, 0x22, 0x44, 0xCC, 0x44, 0x89, 0x98, 0x99, 0x13, 0x31, 0x32, 0x26,
    0x62, 0x64, 0x40, 0x84, 0xC8, 0x81, 0x41, 0x81, 0x06, 0xC2, 0x02, 0x18, 0xCC, 0x04, 0x60, 0xD8,
    0x0B, 0x80, 0xE0, 0x04, 0x00, 0x80, 0xFF, 0xDF, 0xFE, 0x01, 0x01, 0x80, 0x06, 0x03, 0x01, 0x18,
    0x04, 0x03, 0x60, 0xFF, 0xC3, 0x81, 0x00, 0x81, 0x82, 0x01, 0x01, 0x84, 0x62, 0xFF, 0xE8, 0xC4,
    0x18, 0x91, 0x88, 0x33, 0x23, 0x10, 0x64, 0x46, 0x20, 0xD8, 0x8C, 0x41, 0xA1, 0x18, 0x83, 0x02,
    0x21, 0x06, 0x04, 0x42, 0x0C, 0x01, 0x80, 0x18, 0x02, 0xC0, 0x30, 0x0C, 0xC0, 0x60, 0x30, 0xE0,
    0xC1, 0xC0, 0xEF, 0x8E, 0x00, 0xC0, 0x01, 0x00, 0x00, 0x01, 0x00, 0x00, 0x11, 0x07, 0xFF, 0x11,
    0x00, 0x60, 0x11, 0xF0, 0x60, 0x11, 0x00, 0x40, 0x11, 0x07, 0xFE, 0x11, 0x06, 0x06, 0x7F, 0xFE,
    0x66, 0x7F, 0xFE, 0x66, 0x02, 0x06, 0x66, 0x02, 0x06, 0x66, 0x1A, 0x36, 0x66, 0x12, 0x36, 0x66,
    0x32, 0x26, 0x46, 0x62, 0x66, 0x46, 0x42, 0x46, 0x46, 0x00, 0xC6, 0xC6, 0x01, 0x80, 0xE0, 0x03,
    0x01, 0xB8, 0x06, 0x01, 0x8C, 0x1C, 0x07, 0x06, 0x70, 0x1C, 0x03, 0x00, 0x00, 0x00, 0x3F, 0xCF,
    0xFE, 0x20, 0x40, 0xC0, 0x20, 0x40, 0x80, 0x3F, 0xC0, 0x80, 0x3F, 0xC7, 0xFC, 0x20, 0x44, 0x0C,
    0x20, 0x44, 0x0C, 0x3F, 0xC4, 0x4C, 0x00, 0x04, 0x4C, 0x00, 0x04, 0x4C, 0xFF, 0xF4, 0xCC, 0x06,
    0x04, 0xCC, 0x16, 0x04, 0xCC, 0x36, 0x04, 0x8C, 0x37, 0xF4, 0x8C, 0x36, 0x01, 0xE0, 0x36, 0x01,
    0x38, 0x3E, 0x03, 0x0C, 0x2E, 0x0E, 0x06, 0x66, 0x18, 0x02, 0x43, 0xE0, 0x00, 0xC0, 0x7F, 0xFE,
    0x80, 0x00, 0x00, 0x00, 0x00, 0x00, 0x06, 0x00, 0x00, 0x02, 0x0F, 0xFE, 0x7F, 0xFF, 0xFC, 0x40,
    0x10, 0xC0, 0x44, 0x10, 0x80, 0x4C, 0x1F, 0xFC, 0x0F, 0xCC, 0x0C, 0x18, 0xCC, 0x0C, 0x30, 0x8C,
    0xCC, 0x79, 0x8C, 0xCC, 0xCF, 0x0C, 0xCC, 0x07, 0x0C, 0xCC, 0x1D, 0xCC, 0xCC, 0x70, 0x6C, 0xCC,
    0x40, 0x2C, 0xCC, 0x3F, 0xCC, 0x8C, 0x30, 0x4C, 0x8C, 0x30, 0x4C, 0x84, 0x30, 0x41, 0xE0, 0x30,
    0x41, 0x30, 0x30, 0x43, 0x1C, 0x3F, 0xC6, 0x06, 0x30, 0x5C, 0x02, 0x00, 0x00, 0x00, 0x3F, 0xFF,
    0x88, 0x00, 0x20, 0x98, 0x03, 0xA0, 0xF0, 0x0E, 0x20, 0xF0, 0x78, 0x20, 0xDC, 0x48, 0x20, 0x44,
    0x08, 0x20, 0x62, 0x08, 0x20, 0x32, 0x08, 0x20, 0x1E, 0xFF, 0xFF, 0x8C, 0x08, 0x20, 0x8C, 0x08,
    0x20, 0x98, 0x08, 0x20, 0xB0, 0x08, 0x20, 0xE0, 0x18, 0x20, 0xF8, 0x18, 0x20, 0xDC, 0x10, 0x20,
    0x44, 0x30, 0x20, 0x62, 0x20, 0x20, 0x63, 0x60, 0x20, 0x32, 0xC0, 0x20, 0x1E, 0x00, 0x00, 0x00,
    0x0C, 0x00, 0x80, 0x0C, 0x00, 0x80, 0x08, 0x1F, 0xFE, 0x18, 0x10, 0x86, 0x1F, 0x90, 0x86, 0x1F,
    0xD0, 0x86, 0x31, 0x9F, 0xFE, 0x31, 0x80, 0x80, 0x21, 0x7F, 0xFF, 0x65, 0x7F, 0xFF, 0x44, 0x00,
    0x00, 0x04, 0x1F, 0xFC, 0x04, 0x10, 0x04, 0x04, 0x10, 0x84, 0x04, 0x10, 0x84, 0x04, 0x10, 0x84,
    0x04, 0x10, 0x84, 0x04, 0x11, 0x84, 0x05, 0x91, 0x84, 0x07, 0x03, 0x60, 0x0E, 0x0E, 0x38, 0x0C,
    0x3C, 0x0E, 0x08, 0x60, 0x02, 0x00, 0x00, 0x00, 0x00, 0x00, 0x60, 0x0F, 0xF0, 0x30, 0x00, 0x18,
    0x38, 0x00, 0x08, 0x16, 0x00, 0x84, 0x19, 0x80, 0x46, 0x18, 0x60, 0x23, 0x18, 0x18, 0x31, 0x98,
    0x06, 0x18, 0xDB, 0xFD, 0x8C, 0x68, 0x00, 0x46, 0x30, 0x00, 0x03, 0x10, 0x88, 0x21, 0xFE, 0x46,
    0x30, 0x01, 0x33, 0x18, 0x00, 0x98, 0x88, 0x00, 0x44, 0x4C, 0x03, 0xA2, 0x24, 0x1F, 0x11, 0x96,
    0x0C, 0x18, 0x02, 0x00, 0x0C, 0x03, 0x00, 0x06, 0x01, 0x00, 0x02, 0x7F, 0xFC, 0x1F, 0x00, 0x00,
    0x00, 0x00, 0x00, 0x00, 0x01, 0x01, 0x00, 0x02, 0x02, 0x00, 0x04, 0x04, 0x01, 0xFF, 0xFF, 0xC0,
    0x10, 0x10, 0x00, 0x20, 0x20, 0x3F, 0xFF, 0xFF, 0x7F, 0xFF, 0xFF, 0x00, 0x10, 0x00, 0x00, 0x20,
    0x00, 0x7F, 0xFF, 0xC0, 0x80, 0x80, 0x81, 0x01, 0x01, 0x02, 0x02, 0x02, 0x07, 0xFF, 0xFC, 0x08,
    0x08, 0x08, 0x10, 0x10, 0x10, 0x3F, 0xFF, 0xE0, 0x7F, 0xFF, 0xC0, 0x0C, 0x18, 0x00, 0x70, 0x1E,
    0x07, 0x80, 0x0F, 0x1C, 0x00, 0x03, 0x00, 0x3F, 0xF0, 0x40, 0x1F, 0xF8, 0x20, 0x08, 0x44, 0x16,
    0x05, 0x2A, 0x09, 0x02, 0xD5, 0x04, 0xC1, 0x6A, 0x82, 0x30, 0x97, 0x41, 0x00, 0x43, 0x2F, 0xFE,
    0x3F, 0xF0, 0x60, 0x00, 0x80, 0x30, 0x00, 0x40, 0x18, 0x00, 0x20, 0x1C, 0x03, 0xFF, 0x0E, 0x00,
    0x08, 0x07, 0x80, 0x05, 0xE2, 0xC0, 0xFF, 0xF1, 0x20, 0x7F, 0x01, 0x98, 0x08, 0x00, 0x84, 0x0D,
    0x2C, 0xC3, 0x04, 0xD6, 0x60, 0x86, 0x69, 0x60, 0x62, 0x36, 0xA0, 0x18, 0x10, 0x30, 0x04, 0x00,
    0x10, 0x00, 0x00, 0x18, 0x00, 0x00, 0x0C, 0x00, 0x7F, 0xFF, 0xFE, 0x01, 0x00, 0xC0, 0x01, 0x81,
    0x80, 0x00, 0xC3, 0x00, 0x00, 0x67, 0x00, 0x00, 0x3C, 0x00, 0x00, 0x7E, 0x00, 0x01, 0xE3, 0xC0,
    0x3F, 0x00, 0xFE, 0x71, 0x00, 0x8F, 0x01, 0x00, 0xC0, 0x01, 0x00, 0xC0, 0x01, 0x00, 0xC0, 0x03,
    0x00, 0xC0, 0x03, 0x00, 0xC0, 0x03, 0x00, 0xC0, 0x02, 0x00, 0xC0, 0x06, 0x00, 0xC0, 0x0C, 0x00,
    0xC0, 0x18, 0x00, 0xC0, 0x00, 0x00, 0x00, 0x00, 0x60, 0x00, 0x20, 0xC0, 0x00, 0x41, 0x80, 0x00,
    0x83, 0xFF, 0x81, 0x06, 0x00, 0x02, 0x0C, 0x00, 0x04, 0x18, 0x00, 0x08, 0x30, 0x01, 0xFF, 0xFF,
    0xFF, 0xFF, 0xFF, 0xF1, 0x00, 0x80, 0xC2, 0x03, 0x01, 0x84, 0x06, 0x03, 0x08, 0x1E, 0x06, 0x10,
    0x66, 0x0C, 0x20, 0xC6, 0x18, 0x47, 0x07, 0x30, 0x98, 0x07, 0x61, 0x60, 0x02, 0xC2, 0x00, 0x01,
    0x87, 0xFF, 0xFF, 0x00, 0x00, 0x06, 0x00, 0x00, 0x0C, 0x3F, 0x1F, 0xDF, 0xCF, 0xFF, 0x33, 0xCB,
    0x80, 0xE0, 0xE0, 0x78, 0x38, 0x1C, 0x0F, 0xF7, 0xFB, 0xFD, 0xFE, 0xE0, 0x70, 0x38, 0x1C, 0x0E,
    0x07, 0x03, 0x81, 0xC0, 0xE0, 0x70, 0x38, 0x1C, 0x0E, 0x07, 0x03, 0x81, 0xC0, 0xE0, 0x70, 0x38,
    0x1C, 0x0E, 0x07, 0x00, 0x3F, 0x03, 0xFB, 0xFC, 0x9F, 0xC0, 0x0E, 0x00, 0x70, 0x03, 0xFD, 0xDF,
    0xEE, 0xE0, 0x77, 0x03, 0xB8, 0x1D, 0xC0, 0xEE, 0x07, 0x70, 0x3B, 0x81, 0xDC, 0x0E, 0xE0, 0x77,
    0x03, 0xB8, 0x1C, 0x3F, 0x71, 0xFD, 0xCF, 0x27, 0x38, 0x1C, 0xE0, 0x73, 0x81, 0xCF, 0xF7, 0x3F,
    0xDC, 0xE0, 0x73, 0x81, 0xCE, 0x07, 0x38, 0x1C, 0xE0, 0x73, 0x81, 0xCE, 0x07, 0x38, 0x1C, 0xE0,
    0x7B, 0x80, 0xFE, 0x01, 0xC0, 0x3F, 0x1F, 0x80, 0xFE, 0x7F, 0x3B, 0xCC, 0xF2, 0x77, 0x01, 0xC0,
    0x0E, 0x07, 0x80, 0x1C, 0x0E, 0x00, 0x3F, 0xDF, 0xE7, 0x7F, 0xBF, 0xCE, 0xE0, 0x70, 0x1D, 0xC0,
    0xE0, 0x3B, 0x81, 0xC0, 0x77, 0x03, 0x80, 0xEE, 0x07, 0x01, 0xDC, 0x0E, 0x03, 0xB8, 0x1C, 0x07,
    0x70, 0x38, 0x0E, 0xE0, 0x70, 0x1D, 0xC0, 0xE0, 0x3B, 0x81, 0xC0, 0x70, 0x3F, 0x1F, 0x9C, 0x7F,
    0x3F, 0x9C, 0xF3, 0x3C, 0x9C, 0xE0, 0x38, 0x1C, 0xE0, 0x78, 0x1C, 0xE0, 0x70, 0x1C, 0xFF, 0x7F,
    0x9C, 0xFF, 0x7F, 0x9C, 0xE0, 0x70, 0x1C, 0xE0, 0x70, 0x1C, 0xE0, 0x70, 0x1C, 0xE0, 0x70, 0x1C,
    0xE0, 0x70, 0x1C, 0xE0, 0x70, 0x1C, 0xE0, 0x70, 0x1C, 0xE0, 0x70, 0x1C, 0xE0, 0x70, 0x1E, 0xE0,
    0x70, 0x0F, 0xE0, 0x70, 0x0F, 0xFF, 0xFD, 0x92, 0x49, 0x24, 0x00, 0x1F, 0x80, 0xC7, 0x8F, 0x1E,
    0x3C, 0x78, 0xF1, 0xC2, 0x02, 0x08, 0x01, 0x04, 0x00, 0x82, 0x00, 0x41, 0x00, 0x61, 0x80, 0x30,
    0xC1, 0xFF, 0xFE, 0x0C, 0x30, 0x04, 0x18, 0x02, 0x08, 0x01, 0x04, 0x00, 0x82, 0x00, 0xC1, 0x07,
    0xFF, 0xF8, 0x30, 0xC0, 0x18, 0x60, 0x0C, 0x30, 0x04, 0x10, 0x02, 0x08, 0x01, 0x04, 0x00, 0x02,
    0x00, 0x10, 0x00, 0x80, 0x1F, 0x83, 0xFE, 0x38, 0x19, 0x80, 0x48, 0x00, 0x40, 0x03, 0x00, 0x0E,
    0x00, 0x1C, 0x00, 0x38, 0x00, 0x70, 0x00, 0xC0, 0x03, 0x00, 0x08, 0x00, 0x70, 0x07, 0xC0, 0x77,
    0xFF, 0x0F, 0xF0, 0x08, 0x00, 0x40, 0x02, 0x00, 0x3C, 0x03, 0x06, 0x60, 0x60, 0xC3, 0x06, 0x0C,
    0x30, 0xC0, 0x81, 0x08, 0x08, 0x11, 0x80, 0x81, 0x10, 0x08, 0x33, 0x3C, 0xC3, 0x26, 0x6C, 0x36,
    0xC3, 0x66, 0x4C, 0x33, 0xCC, 0x81, 0x01, 0x88, 0x10, 0x18, 0x81, 0x03, 0x08, 0x10, 0x30, 0xC3,
    0x06, 0x0C, 0x30, 0x60, 0x66, 0x0C, 0x03, 0xC0, 0x0F, 0x80, 0x1D, 0xC0, 0x18, 0xC0, 0x10, 0x40,
    0x10, 0xC0, 0x10, 0xC0, 0x19, 0x80, 0x1B, 0x00, 0x0E, 0x00, 0x1E, 0x06, 0x76, 0x06, 0x63, 0x06,
    0xC1, 0x8C, 0x80, 0xCC, 0x80, 0x78, 0xC0, 0x30, 0xC0, 0x78, 0x71, 0xEE, 0x3F, 0x86, 0x00, 0x00,
    0xDB, 0x6D, 0xB2, 0x00, 0x31, 0x84, 0x31, 0x86, 0x10, 0xC3, 0x08, 0x20, 0x82, 0x08, 0x30, 0xC1,
    0x06, 0x18, 0x30, 0x41, 0x83, 0x00, 0x03, 0x06, 0x08, 0x30, 0x61, 0x82, 0x0C, 0x30, 0xC1, 0x04,
    0x10, 0xC3, 0x0C, 0x21, 0x86, 0x30, 0x86, 0x30, 0x00, 0x00, 0x80, 0x00, 0x40, 0x00, 0x20, 0x00,
    0x10, 0x08, 0x08, 0x0F, 0x04, 0x1C, 0xE2, 0x38, 0x3D, 0x78, 0x07, 0xF0, 0x00, 0xE0, 0x01, 0xFC,
    0x03, 0xD7, 0x83, 0x88, 0xE7, 0x04, 0x1E, 0x02, 0x02, 0x01, 0x00, 0x00, 0x80, 0x00, 0x40, 0x00,
    0x20, 0x00, 0x00, 0x40, 0x00, 0x18, 0x00, 0x03, 0x00, 0x00, 0x60, 0x00, 0x0C, 0x00, 0x01, 0x80,
    0x00, 0x30, 0x00, 0x06, 0x00, 0x00, 0xC0, 0x1F, 0xFF, 0xFF, 0xFF, 0xFF, 0x00, 0x60, 0x00, 0x0C,
    0x00, 0x01, 0x80, 0x00, 0x30, 0x00, 0x06, 0x00, 0x00, 0xC0, 0x00, 0x18, 0x00, 0x03, 0x00, 0x00,
    0x39, 0xCE, 0x11, 0x8C, 0xCC, 0xFF, 0xFF, 0xE0, 0xFF, 0x80, 0x00, 0x00, 0x06, 0x00, 0x00, 0x1C,
    0x00, 0x00, 0x70, 0x00, 0x01, 0xC0, 0x00, 0x07, 0x00, 0x00, 0x1C, 0x00, 0x00, 0x70, 0x00, 0x01,
    0xC0, 0x00, 0x07, 0x00, 0x00, 0x1C, 0x00, 0x00, 0x70, 0x00, 0x01, 0xC0, 0x00, 0x07, 0x00, 0x00,
    0x1C, 0x00, 0x00, 0x70, 0x00, 0x01, 0xC0, 0x00, 0x07, 0x00, 0x00, 0x1C, 0x00, 0x00, 0x70, 0x00,
    0x01, 0xC0, 0x00, 0x07, 0x00, 0x00, 0x1C, 0x00, 0x00, 0x30, 0x00, 0x00, 0x00, 0x0F, 0x81, 0xEF,
    0x1C, 0x1C, 0xC0, 0x6C, 0x01, 0xE0, 0x0F, 0x00, 0x78, 0x03, 0x80, 0x0C, 0x00, 0x60, 0x03, 0x80,
    0x3C, 0x01, 0xE0, 0x0F, 0x00, 0x6C, 0x06, 0x60, 0x31, 0xC7, 0x07, 0xF0, 0x00, 0x03, 0xE0, 0x7E,
    0x00, 0x60, 0x06, 0x00, 0x60, 0x06, 0x00, 0x60, 0x06, 0x00, 0x60, 0x06, 0x00, 0x60, 0x06, 0x00,
    0x60, 0x06, 0x00, 0x60, 0x06, 0x00, 0x60, 0xFF, 0xF0, 0x0F, 0xC1, 0xE7, 0x18, 0x0D, 0x80, 0x60,
    0x01, 0x00, 0x08, 0x00, 0x40, 0x06, 0x00, 0x30, 0x03, 0x00, 0x38, 0x01, 0x80, 0x18, 0x01, 0x80,
    0x18, 0x01, 0x80, 0x18, 0x03, 0x80, 0x1F, 0xFE, 0x1F, 0xC1, 0xC7, 0x18, 0x0C, 0x80, 0x60, 0x01,
    0x00, 0x08, 0x00, 0xC0, 0x0C, 0x01, 0xC0, 0x7E, 0x00, 0x78, 0x00, 0x60, 0x01, 0x80, 0x0C, 0x00,
    0x70, 0x03, 0xC0, 0x33, 0x87, 0x07, 0xF0, 0x00, 0x00, 0x00, 0xC0, 0x01, 0x80, 0x07, 0x00, 0x1A,
    0x00, 0x64, 0x01, 0x88, 0x03, 0x10, 0x0C, 0x20, 0x30, 0x40, 0xC0, 0x81, 0x81, 0x06, 0x02, 0x1F,
    0xFF, 0x80, 0x08, 0x00, 0x10, 0x00, 0x20, 0x00, 0x40, 0x00, 0x80, 0x01, 0x00, 0x3F, 0xF9, 0x00,
    0x08, 0x00, 0xC0, 0x06, 0x00, 0x30, 0x01, 0xFF, 0x0F, 0x1E, 0x20, 0x30, 0x00, 0xC0, 0x06, 0x00,
    0x10, 0x00, 0x80, 0x0C, 0x00, 0x78, 0x06, 0x70, 0xE0, 0xFE, 0x00, 0x07, 0xE0, 0xF3, 0x8E, 0x06,
    0xE0, 0x06, 0x00, 0x30, 0x03, 0x80, 0x18, 0x00, 0xCF, 0xE7, 0xC3, 0xB8, 0x07, 0x80, 0x3C, 0x00,
    0xE0, 0x07, 0x80, 0x6C, 0x03, 0x70, 0x11, 0xE3, 0x83, 0xF0, 0xFF, 0xF8, 0x00, 0xC0, 0x0C, 0x00,
    0xC0, 0x06, 0x00, 0x60, 0x02, 0x00, 0x30, 0x01, 0x00, 0x18, 0x00, 0xC0, 0x04, 0x00, 0x60, 0x03,
    0x00, 0x18, 0x00, 0xC0, 0x06, 0x00, 0x30, 0x01, 0x00, 0x1F, 0x81, 0xCF, 0x18, 0x0C, 0x80, 0x64,
    0x01, 0x20, 0x09, 0x80, 0xC6, 0x06, 0x1E, 0x61, 0xFE, 0x18, 0x79, 0x80, 0xEC, 0x01, 0x40, 0x0E,
    0x00, 0x78, 0x03, 0xE0, 0x33, 0x83, 0x07, 0xF0, 0x1F, 0x81, 0xDE, 0x18, 0x19, 0x80, 0xEC, 0x03,
    0x40, 0x1E, 0x00, 0xF8, 0x03, 0xC0, 0x1E, 0x03, 0xDC, 0x3E, 0x7F, 0x70, 0x03, 0x80, 0x18, 0x01,
    0xC0, 0x0C, 0x40, 0xE7, 0x1E, 0x0F, 0xC0, 0xFF, 0x80, 0x00, 0x00, 0x0F, 0xF8, 0x73, 0x9C, 0x00,
    0x00, 0x00, 0x00, 0x00, 0xE7, 0x3C, 0x46, 0x33, 0x30, 0x00, 0x00, 0x00, 0x30, 0x00, 0x0F, 0x00,
    0x03, 0xC0, 0x00, 0xF0, 0x00, 0x3C, 0x00, 0x0F, 0x00, 0x03, 0xC0, 0x00, 0xF0, 0x00, 0x3C, 0x00,
    0x07, 0x00, 0x00, 0x78, 0x00, 0x01, 0xE0, 0x00, 0x07, 0x80, 0x00, 0x1E, 0x00, 0x00, 0x78, 0x00,
    0x01, 0xE0, 0x00, 0x07, 0x80, 0x00, 0x1E, 0x00, 0x00, 0x70, 0x00, 0x01, 0xFF, 0xFF, 0xE0, 0x00,
    0x00, 0x00, 0x00, 0x00, 0x00, 0x00, 0x00, 0x00, 0x00, 0x00, 0x3F, 0xFF, 0xF8, 0xC0, 0x00, 0x0F,
    0x00, 0x00, 0x3C, 0x00, 0x00, 0xF0, 0x00, 0x03, 0xC0, 0x00, 0x0F, 0x00, 0x00, 0x3C, 0x00, 0x00,
    0xF0, 0x00, 0x03, 0xC0, 0x00, 0x0E, 0x00, 0x01, 0xE0, 0x00, 0x78, 0x00, 0x1E, 0x00, 0x07, 0x80,
    0x01, 0xE0, 0x00, 0x78, 0x00, 0x1E, 0x00, 0x07, 0x80, 0x00, 0xE0, 0x00, 0x08, 0x00, 0x00, 0x1F,
    0x87, 0x19, 0x81, 0xA0, 0x10, 0x02, 0x00, 0xC0, 0x18, 0x06, 0x01, 0x80, 0x60, 0x08, 0x03, 0x00,
    0x60, 0x0C, 0x00, 0x00, 0x00, 0x00, 0x00, 0xC0, 0x18, 0x00, 0x01, 0xFE, 0x00, 0xE0, 0xE0, 0x30,
    0x06, 0x0C, 0x00, 0x63, 0x00, 0x06, 0xC0, 0x00, 0xD8, 0x3F, 0x0E, 0x1C, 0xE1, 0xC3, 0x08, 0x30,
    0xC1, 0x06, 0x18, 0x60, 0xC2, 0x0C, 0x38, 0x41, 0x87, 0x0C, 0x71, 0xA1, 0xFF, 0x66, 0x0E, 0x78,
    0xC0, 0x00, 0x0C, 0x00, 0x01, 0x80, 0x00, 0x1C, 0x02, 0x01, 0xE1, 0xC0, 0x0F, 0xF0, 0x00, 0x01,
    0x80, 0x00, 0xE0, 0x00, 0xD0, 0x00, 0x6C, 0x00, 0x26, 0x00, 0x31, 0x00, 0x10, 0xC0, 0x18, 0x20,
    0x0C, 0x18, 0x04, 0x0C, 0x06, 0x02, 0x03, 0xFF, 0x83, 0x00, 0xC1, 0x80, 0x30, 0x80, 0x18, 0xC0,
    0x04, 0x40, 0x03, 0x60, 0x01, 0xA0, 0x00, 0x40, 0xFF, 0xC2, 0x03, 0x88, 0x03, 0x20, 0x04, 0x80,
    0x12, 0x00, 0xC8, 0x03, 0x20, 0x78, 0xFF, 0xE2, 0x01, 0xE8, 0x00, 0xE0, 0x03, 0x80, 0x06, 0x00,
    0x18, 0x00, 0xE0, 0x03, 0x80, 0x7B, 0xFF, 0x80, 0x07, 0xF0, 0x3C, 0x78, 0xE0, 0x13, 0x80, 0x06,
    0x00, 0x18, 0x00, 0x30, 0x00, 0x60, 0x00, 0x80, 0x01, 0x00, 0x02, 0x00, 0x06, 0x00, 0x0C, 0x00,
    0x18, 0x00, 0x18, 0x00, 0x30, 0x00, 0x38, 0x06, 0x3C, 0x38, 0x1F, 0xE0, 0xFF, 0x82, 0x07, 0x88,
    0x03, 0x20, 0x06, 0x80, 0x0A, 0x00, 0x38, 0x00, 0xE0, 0x03, 0x80, 0x06, 0x00, 0x18, 0x00, 0xE0,
    0x03, 0x80, 0x0E, 0x00, 0x68, 0x01, 0xA0, 0x0C, 0x81, 0xE3, 0xFE, 0x00, 0xFF, 0xF8, 0x00, 0x80,
    0x08, 0x00, 0x80, 0x08, 0x00, 0x80, 0x08, 0x00, 0xFF, 0xC8, 0x00, 0x80, 0x08, 0x00, 0x80, 0x08,
    0x00, 0x80, 0x08, 0x00, 0x80, 0x0F, 0xFF, 0xFF, 0xF8, 0x00, 0x80, 0x08, 0x00, 0x80, 0x08, 0x00,
    0x80, 0x08, 0x00, 0xFF, 0xC8, 0x00, 0x80, 0x08, 0x00, 0x80, 0x08, 0x00, 0x80, 0x08, 0x00, 0x80,
    0x08, 0x00, 0x80, 0x00, 0x07, 0xF8, 0x3E, 0x38, 0xE0, 0x1B, 0x80, 0x06, 0x00, 0x18, 0x00, 0x30,
    0x00, 0x60, 0x00, 0x80, 0x01, 0x00, 0x02, 0x03, 0xFE, 0x00, 0x1C, 0x00, 0x38, 0x00, 0x58, 0x00,
    0xB0, 0x01, 0x38, 0x02, 0x3C, 0x3C, 0x1F, 0xE0, 0x80, 0x06, 0x00, 0x18, 0x00, 0x60, 0x01, 0x80,
    0x06, 0x00, 0x18, 0x00, 0x60, 0x01, 0x80, 0x07, 0xFF, 0xF8, 0x00, 0x60, 0x01, 0x80, 0x06, 0x00,
    0x18, 0x00, 0x60, 0x01, 0x80, 0x06, 0x00, 0x18, 0x00, 0x40, 0xFF, 0xF8, 0x10, 0x00, 0x80, 0x04,
    0x00, 0x20, 0x01, 0x00, 0x08, 0x00, 0x40, 0x02, 0x00, 0x10, 0x00, 0x80, 0x04, 0x00, 0x20, 0x01,
    0x00, 0x08, 0x00, 0x40, 0x02, 0x07, 0xFF, 0xC0, 0x00, 0x20, 0x04, 0x00, 0x80, 0x10, 0x02, 0x00,
    0x40, 0x08, 0x01, 0x00, 0x20, 0x04, 0x00, 0x80, 0x10, 0x02, 0x00, 0x40, 0x08, 0x03, 0x60, 0x6E,
    0x18, 0x7E, 0x00, 0x80, 0x0A, 0x00, 0x68, 0x03, 0x20, 0x18, 0x80, 0xC2, 0x06, 0x08, 0x30, 0x23,
    0x80, 0x9E, 0x02, 0xEC, 0x0F, 0x18, 0x38, 0x60, 0xC0, 0xC2, 0x01, 0x88, 0x06, 0x20, 0x0C, 0x80,
    0x1A, 0x00, 0x68, 0x00, 0xC0, 0x80, 0x08, 0x00, 0x80, 0x08, 0x00, 0x80, 0x08, 0x00, 0x80, 0x08,
    0x00, 0x80, 0x08, 0x00, 0x80, 0x08, 0x00, 0x80, 0x08, 0x00, 0x80, 0x08, 0x00, 0x80, 0x08, 0x00,
    0xFF, 0xE0, 0x80, 0x01, 0xC0, 0x03, 0xE0, 0x07, 0xE0, 0x07, 0xB0, 0x05, 0xB0, 0x0D, 0x90, 0x09,
    0x98, 0x19, 0x88, 0x19, 0x8C, 0x31, 0x8C, 0x31, 0x86, 0x21, 0x86, 0x61, 0x82, 0x41, 0x83, 0xC1,
    0x81, 0xC1, 0x81, 0x81, 0x80, 0x01, 0x80, 0x01, 0x80, 0x07, 0x00, 0x1E, 0x00, 0x78, 0x01, 0xB0,
    0x06, 0x60, 0x19, 0x80, 0x63, 0x01, 0x86, 0x06, 0x0C, 0x18, 0x30, 0x60, 0x61, 0x80, 0xC6, 0x03,
    0x18, 0x06, 0x60, 0x0D, 0x80, 0x1E, 0x00, 0x78, 0x00, 0xC0, 0x07, 0xF0, 0x0F, 0x1E, 0x0E, 0x03,
    0x8C, 0x00, 0x66, 0x00, 0x36, 0x00, 0x0F, 0x00, 0x07, 0x80, 0x03, 0x80, 0x00, 0xC0, 0x00, 0x60,
    0x00, 0x38, 0x00, 0x3C, 0x00, 0x1E, 0x00, 0x0D, 0x80, 0x0C, 0xC0, 0x06, 0x30, 0x06, 0x0E, 0x0E,
    0x01, 0xFC, 0x00, 0xFF, 0xC4, 0x07, 0xA0, 0x07, 0x00, 0x38, 0x00, 0xC0, 0x06, 0x00, 0x70, 0x03,
    0x80, 0xF7, 0xFE, 0x20, 0x01, 0x00, 0x08, 0x00, 0x40, 0x02, 0x00, 0x10, 0x00, 0x80, 0x04, 0x00,
    0x20, 0x00, 0x07, 0xF0, 0x07, 0x8F, 0x03, 0x80, 0xE1, 0x80, 0x0C, 0x60, 0x03, 0x30, 0x00, 0x6C,
    0x00, 0x1B, 0x00, 0x06, 0x80, 0x00, 0xA0, 0x00, 0x28, 0x00, 0x0B, 0x00, 0x06, 0xC0, 0x01, 0xB0,
    0x00, 0x66, 0x00, 0x31, 0x80, 0x0C, 0x30, 0x06, 0x07, 0x07, 0x00, 0xFF, 0x80, 0x03, 0x00, 0x00,
    0xE0, 0x00, 0x1E, 0x00, 0x01, 0xF8, 0xFF, 0xE2, 0x01, 0xC8, 0x01, 0xA0, 0x06, 0x80, 0x0A, 0x00,
    0x28, 0x01, 0xA0, 0x0E, 0x81, 0xF3, 0xFF, 0x08, 0x30, 0x20, 0x60, 0x80, 0xC2, 0x03, 0x08, 0x06,
    0x20, 0x0C, 0x80, 0x1A, 0x00, 0x68, 0x00, 0x80, 0x07, 0xF0, 0x3C, 0x78, 0xC0, 0x31, 0x80, 0x02,
    0x00, 0x06, 0x00, 0x0C, 0x00, 0x0E, 0x00, 0x07, 0x80, 0x03, 0xC0, 0x00, 0xE0, 0x00, 0x60, 0x00,
    0x60, 0x00, 0x40, 0x00, 0xA0, 0x03, 0x60, 0x06, 0x78, 0x78, 0x3F, 0xC0, 0xFF, 0xFE, 0x02, 0x00,
    0x04, 0x00, 0x08, 0x00, 0x10, 0x00, 0x20, 0x00, 0x40, 0x00, 0x80, 0x01, 0x00, 0x02, 0x00, 0x04,
    0x00, 0x08, 0x00, 0x10, 0x00, 0x20, 0x00, 0x40, 0x00, 0x80, 0x01, 0x00, 0x02, 0x00, 0x04, 0x00,
    0x80, 0x06, 0x00, 0x18, 0x00, 0x60, 0x01, 0x80, 0x06, 0x00, 0x18, 0x00, 0x60, 0x01, 0x80, 0x06,
    0x00, 0x18, 0x00, 0x60, 0x01, 0x80, 0x06, 0x00, 0x3C, 0x00, 0xF0, 0x03, 0x60, 0x18, 0xE1, 0xC1,
    0xFE, 0x00, 0x40, 0x01, 0x30, 0x01, 0x98, 0x00, 0xC4, 0x00, 0x43, 0x00, 0x61, 0x80, 0x30, 0x60,
    0x10, 0x30, 0x18, 0x08, 0x08, 0x06, 0x0C, 0x03, 0x06, 0x00, 0x82, 0x00, 0x63, 0x00, 0x11, 0x80,
    0x0D, 0x80, 0x06, 0xC0, 0x01, 0x40, 0x00, 0xE0, 0x00, 0x70, 0x00, 0x80, 0x10, 0x01, 0x80, 0x70,
    0x0F, 0x00, 0xE0, 0x1A, 0x01, 0x40, 0x26, 0x06, 0xC0, 0xCC, 0x0D, 0x81, 0x98, 0x11, 0x03, 0x10,
    0x63, 0x04, 0x30, 0xC6, 0x18, 0x61, 0x8C, 0x30, 0xC2, 0x0C, 0x60, 0x8C, 0x18, 0x81, 0x98, 0x33,
    0x03, 0x20, 0x26, 0x02, 0xC0, 0x68, 0x05, 0x80, 0xD0, 0x0E, 0x00, 0xE0, 0x1C, 0x01, 0xC0, 0x18,
    0x03, 0x00, 0x40, 0x04, 0xC0, 0x18, 0xC0, 0x61, 0x80, 0xC1, 0x83, 0x01, 0x8C, 0x03, 0x18, 0x03,
    0x60, 0x03, 0x80, 0x07, 0x00, 0x0E, 0x00, 0x36, 0x00, 0x44, 0x01, 0x8C, 0x06, 0x0C, 0x08, 0x08,
    0x30, 0x18, 0xC0, 0x19, 0x00, 0x18, 0x00, 0x00, 0x80, 0x09, 0x80, 0x31, 0x80, 0xC3, 0x01, 0x83,
    0x06, 0x02, 0x08, 0x06, 0x30, 0x06, 0xC0, 0x0D, 0x80, 0x0E, 0x00, 0x08, 0x00, 0x10, 0x00, 0x20,
    0x00, 0x40, 0x00, 0x80, 0x01, 0x00, 0x02, 0x00, 0x04, 0x00, 0x3F, 0xFE, 0x00, 0x08, 0x00, 0x30,
    0x00, 0xC0, 0x03, 0x00, 0x04, 0x00, 0x18, 0x00, 0x60, 0x01, 0x80, 0x06, 0x00, 0x0C, 0x00, 0x30,
    0x00, 0xC0, 0x03, 0x00, 0x06, 0x00, 0x18, 0x00, 0x60, 0x00, 0xFF, 0xFC, 0xFF, 0x02, 0x04, 0x08,
    0x10, 0x20, 0x40, 0x81, 0x02, 0x04, 0x08, 0x10, 0x20, 0x40, 0x81, 0x02, 0x04, 0x08, 0x10, 0x3F,
    0x80, 0xC0, 0x00, 0x01, 0xC0, 0x00, 0x01, 0xC0, 0x00, 0x01, 0xC0, 0x00, 0x01, 0xC0, 0x00, 0x01,
    0xC0, 0x00, 0x01, 0xC0, 0x00, 0x01, 0xC0, 0x00, 0x01, 0xC0, 0x00, 0x01, 0xC0, 0x00, 0x01, 0xC0,
    0x00, 0x01, 0xC0, 0x00, 0x01, 0xC0, 0x00, 0x01, 0xC0, 0x00, 0x01, 0xC0, 0x00, 0x01, 0xC0, 0x00,
    0x01, 0xC0, 0x00, 0x01, 0xC0, 0x00, 0x01, 0xC0, 0x00, 0x01, 0xC0, 0x00, 0x01, 0xC0, 0x00, 0x01,
    0xC0, 0x00, 0x01, 0x80, 0xFE, 0x04, 0x08, 0x10, 0x20, 0x40, 0x81, 0x02, 0x04, 0x08, 0x10, 0x20,
    0x40, 0x81, 0x02, 0x04, 0x08, 0x10, 0x20, 0x7F, 0x80, 0x00, 0x38, 0x6C, 0xC6, 0x02, 0xFF, 0xFF,
    0xFF, 0x80, 0xC3, 0x0C, 0x30, 0x1F, 0x8F, 0x3B, 0x01, 0x80, 0x30, 0x02, 0x03, 0xC7, 0xFB, 0xC1,
    0xC0, 0x38, 0x06, 0x00, 0xE0, 0x7E, 0x3E, 0xFE, 0x40, 0x80, 0x04, 0x00, 0x20, 0x01, 0x00, 0x08,
    0x00, 0x40, 0x02, 0x00, 0x11, 0xF8, 0xB8, 0xE7, 0x01, 0xA0, 0x07, 0x00, 0x38, 0x01, 0xC0, 0x06,
    0x00, 0x30, 0x03, 0x80, 0x1C, 0x00, 0xB0, 0x0D, 0xE1, 0xCB, 0xF8, 0x00, 0x0F, 0xC1, 0xE7, 0x9C,
    0x0C, 0xC0, 0x0C, 0x00, 0x60, 0x02, 0x00, 0x10, 0x00, 0x80, 0x06, 0x00, 0x30, 0x00, 0xC0, 0x23,
    0x87, 0x0F, 0xF0, 0x00, 0x08, 0x00, 0x40, 0x02, 0x00, 0x10, 0x00, 0x80, 0x04, 0x00, 0x21, 0xF9,
    0x3C, 0xFB, 0x80, 0xD8, 0x03, 0x80, 0x1C, 0x00, 0xC0, 0x06, 0x00, 0x30, 0x01, 0xC0, 0x0E, 0x00,
    0x58, 0x06, 0x71, 0xF1, 0xFC, 0x80, 0x0F, 0xC1, 0xE7, 0x1C, 0x0C, 0xC0, 0x3C, 0x01, 0xE0, 0x06,
    0x00, 0x3F, 0xFF, 0x80, 0x06, 0x00, 0x10, 0x00, 0xC0, 0x03, 0x83, 0x87, 0xF0, 0x01, 0xF8, 0x0C,
    0x20, 0x60, 0x01, 0x00, 0x04, 0x00, 0x10, 0x00, 0xC0, 0x1F, 0xFC, 0x0C, 0x00, 0x30, 0x00, 0xC0,
    0x03, 0x00, 0x0C, 0x00, 0x30, 0x00, 0xC0, 0x03, 0x00, 0x0C, 0x00, 0x30, 0x00, 0xC0, 0x03, 0x00,
    0x00, 0x00, 0x06, 0x00, 0xFF, 0xCC, 0x30, 0xC0, 0xC4, 0x02, 0x20, 0x11, 0x81, 0x8C, 0x0C, 0x39,
    0xC3, 0xFC, 0x10, 0x00, 0x80, 0x07, 0x00, 0x1F, 0xF9, 0x80, 0xF8, 0x01, 0x80, 0x0E, 0x00, 0xDC,
    0x1C, 0x7F, 0x80, 0x80, 0x10, 0x02, 0x00, 0x40, 0x08, 0x01, 0x00, 0x23, 0xE5, 0xFE, 0xF0, 0x78,
    0x0E, 0x00, 0xC0, 0x18, 0x03, 0x00, 0x60, 0x0C, 0x01, 0x80, 0x30, 0x06, 0x00, 0xC0, 0x10, 0xFD,
    0x00, 0x92, 0x49, 0x24, 0x92, 0x49, 0x00, 0x01, 0xC0, 0x70, 0x08, 0x00, 0x00, 0x00, 0x20, 0x08,
    0x02, 0x00, 0x80, 0x20, 0x08, 0x02, 0x00, 0x80, 0x20, 0x08, 0x02, 0x00, 0x80, 0x20, 0x08, 0x02,
    0x00, 0x80, 0x60, 0x1B, 0x0C, 0xFE, 0x00, 0x80, 0x08, 0x00, 0x80, 0x08, 0x00, 0x80, 0x08, 0x00,
    0x80, 0x48, 0x0C, 0x81, 0x88, 0x30, 0x86, 0x08, 0xC0, 0x9C, 0x0B, 0x60, 0xE2, 0x0C, 0x30, 0x81,
    0x88, 0x0C, 0x80, 0x48, 0x06, 0x81, 0x02, 0x04, 0x08, 0x10, 0x20, 0x40, 0x81, 0x02, 0x04, 0x08,
    0x10, 0x20, 0x40, 0x81, 0x03, 0x06, 0x17, 0xE0, 0x8F, 0x07, 0x8B, 0xF9, 0xFC, 0xE0, 0xF0, 0x6C,
    0x0E, 0x02, 0x80, 0x40, 0x28, 0x04, 0x02, 0x80, 0x40, 0x28, 0x04, 0x02, 0x80, 0x40, 0x28, 0x04,
    0x02, 0x80, 0x40, 0x28, 0x04, 0x02, 0x80, 0x40, 0x28, 0x04, 0x02, 0x8F, 0x97, 0xFB, 0xC1, 0xE0,
    0x38, 0x03, 0x00, 0x60, 0x0C, 0x01, 0x80, 0x30, 0x06, 0x00, 0xC0, 0x18, 0x03, 0x00, 0x40, 0x07,
    0xE0, 0x3C, 0xF0, 0xE0, 0x73, 0x80, 0x66, 0x00, 0x6C, 0x00, 0xD0, 0x00, 0xA0, 0x01, 0x60, 0x06,
    0xC0, 0x0D, 0x80, 0x19, 0x80, 0x61, 0xC3, 0x81, 0xFE, 0x00, 0x8F, 0x0B, 0xFC, 0xE0, 0x6C, 0x03,
    0x80, 0x38, 0x03, 0x80, 0x18, 0x01, 0x80, 0x18, 0x03, 0x80, 0x38, 0x06, 0xE0, 0xCB, 0xF8, 0x8E,
    0x08, 0x00, 0x80, 0x08, 0x00, 0x80, 0x08, 0x00, 0x00, 0x00, 0x07, 0x88, 0xFF, 0xCC, 0x0E, 0xC0,
    0x1C, 0x00, 0xE0, 0x06, 0x00, 0x30, 0x01, 0x80, 0x0E, 0x00, 0x70, 0x02, 0xC0, 0x37, 0x07, 0x9F,
    0xF4, 0x1C, 0x20, 0x01, 0x00, 0x08, 0x00, 0x40, 0x02, 0x00, 0x10, 0x00, 0x00, 0x07, 0xA7, 0xFB,
    0x03, 0x80, 0xC0, 0x20, 0x08, 0x02, 0x00, 0x80, 0x20, 0x08, 0x02, 0x00, 0x80, 0x20, 0x00, 0x1F,
    0x87, 0x9E, 0x60, 0x24, 0x00, 0x60, 0x03, 0x80, 0x1F, 0x00, 0x3E, 0x00, 0x70, 0x03, 0x00, 0x1C,
    0x03, 0x70, 0x73, 0xFC, 0x04, 0x00, 0x10, 0x00, 0x40, 0x01, 0x00, 0x7F, 0xF8, 0x10, 0x00, 0x40,
    0x01, 0x00, 0x04, 0x00, 0x10, 0x00, 0x40, 0x01, 0x00, 0x04, 0x00, 0x10, 0x00, 0x60, 0x01, 0xC3,
    0x03, 0xF8, 0x80, 0x30, 0x06, 0x00, 0xC0, 0x18, 0x03, 0x00, 0x60, 0x0C, 0x01, 0x80, 0x30, 0x06,
    0x01, 0xE0, 0x76, 0x3A, 0xFE, 0x40, 0x80, 0x0E, 0x00, 0xD0, 0x04, 0xC0, 0x66, 0x03, 0x18, 0x30,
    0xC1, 0x82, 0x08, 0x18, 0xC0, 0x44, 0x03, 0x60, 0x0B, 0x00, 0x70, 0x03, 0x80, 0x00, 0x20, 0x06,
    0x03, 0x80, 0xD0, 0x1C, 0x04, 0xC0, 0xA0, 0x66, 0x0D, 0x83, 0x10, 0x4C, 0x10, 0xC2, 0x21, 0x86,
    0x31, 0x8C, 0x19, 0x0C, 0x40, 0xC8, 0x36, 0x02, 0xC1, 0xB0, 0x14, 0x0D, 0x00, 0xE0, 0x38, 0x03,
    0x01, 0xC0, 0x40, 0x13, 0x01, 0x8C, 0x18, 0x31, 0x80, 0x8C, 0x06, 0xC0, 0x1C, 0x00, 0xE0, 0x0D,
    0x80, 0x4C, 0x06, 0x30, 0x60, 0xC6, 0x03, 0x20, 0x18, 0x80, 0x0E, 0x00, 0xD0, 0x06, 0xC0, 0x66,
    0x03, 0x18, 0x10, 0xC1, 0x83, 0x0C, 0x18, 0xC0, 0x66, 0x03, 0x20, 0x0B, 0x00, 0x78, 0x01, 0x80,
    0x0C, 0x00, 0x40, 0x06, 0x00, 0x60, 0x07, 0x01, 0xF0, 0x00, 0x7F, 0xF0, 0x01, 0x80, 0x18, 0x01,
    0x80, 0x18, 0x01, 0x80, 0x18, 0x01, 0x80, 0x18, 0x01, 0x80, 0x18, 0x01, 0xC0, 0x0F, 0xFF, 0x80,
    0x0E, 0x30, 0x40, 0x81, 0x02, 0x04, 0x08, 0x10, 0x20, 0x41, 0x87, 0x06, 0x04, 0x08, 0x10, 0x20,
    0x40, 0x81, 0x02, 0x04, 0x0C, 0x0E, 0xFF, 0xFF, 0xFF, 0x80, 0xE0, 0x60, 0x40, 0x81, 0x02, 0x04,
    0x08, 0x10, 0x20, 0x40, 0xC1, 0xC3, 0x04, 0x08, 0x10, 0x20, 0x40, 0x81, 0x02, 0x04, 0x18, 0xE0,
    0x1F, 0xC0, 0x00, 0xF1, 0xC0, 0x0D, 0x80, 0xE0, 0x36, 0x00, 0x71, 0xE0, 0x00, 0x7F, 0x00, 0x08,
    0x0C, 0xC4, 0xC6, 0x46, 0x63, 0x61, 0x31, 0x90, 0xD8, 0x4C, 0x26, 0x12, 0x09, 0x04, 0x82, 0x61,
    0x30, 0xD8, 0x64, 0x13, 0x0D, 0x86, 0x61, 0x90, 0x4C, 0x33, 0x08, 0x00, 0x08, 0x66, 0x19, 0x06,
    0xC3, 0x30, 0xD8, 0x64, 0x13, 0x0D, 0x86, 0x41, 0x20, 0x90, 0x48, 0x24, 0x12, 0x19, 0x0D, 0x84,
    0xC6, 0x43, 0x63, 0x31, 0xB1, 0x91, 0x98, 0x08, 0x00, 0x7D, 0x8F, 0x1C, 0x18, 0x38, 0xF1, 0xBE,
    0xFF, 0x80, 0x80, 0x80, 0x80, 0x80, 0x80, 0x80, 0x80, 0x80, 0x80, 0x80, 0x80, 0x80, 0x80, 0x80,
    0x80, 0x01, 0x01, 0x01, 0x01, 0x01, 0x01, 0x01, 0x01, 0x01, 0x01, 0x01, 0x01, 0x01, 0x01, 0x01,
    0x01, 0xFF, 0x00, 0x60, 0x30, 0x18, 0x0C, 0x06, 0x02, 0x00, 0x6F, 0xF7, 0xFF, 0xFC, 0x00, 0x10,
    0x00, 0x40, 0x01, 0x00, 0x04, 0x00, 0x10, 0x00, 0x40, 0x01, 0x00, 0x04, 0x00, 0x10, 0x00, 0x40,
    0x01, 0x7F, 0x7F, 0x80, 0x80, 0x40, 0x40, 0x20, 0x20, 0x10, 0x10, 0x08, 0x08, 0x04, 0x04, 0x02,
    0x02, 0x01, 0x01, 0x00, 0x80, 0x80, 0x40, 0x40, 0x20, 0x20, 0x10, 0x00, 0x00, 0x3F, 0x83, 0x00,
    0x20, 0xC0, 0x08, 0x30, 0x02, 0x0C, 0x00, 0x83, 0x00, 0x20, 0xC0, 0x08, 0x70, 0x02, 0x1C, 0x00,
    0x8D, 0x80, 0x27, 0x30, 0x0B, 0x86, 0x02, 0x80, 0x80, 0x00, 0x02, 0x00, 0x08, 0x00, 0x20, 0x00,
    0x80, 0x02, 0x00, 0x08, 0x00, 0x20, 0x00, 0x80, 0x02, 0x00, 0x08, 0x00, 0x3F, 0xFF, 0xFF, 0xFC,
    0x83, 0xFD, 0x07, 0xFE, 0x00, 0x84, 0x01, 0x08, 0x02, 0x10, 0x04, 0x20, 0x18, 0x40, 0x38, 0x80,
    0x71, 0x01, 0xB2, 0x16, 0x37, 0xF8, 0x7F, 0x20, 0x20, 0x00, 0x01, 0x00, 0x42, 0x00, 0x84, 0x1F,
    0xF8, 0x3F, 0xD0, 0x1E, 0x20, 0x76, 0x40, 0xC6, 0x81, 0x05, 0x02, 0x0A, 0x06, 0x37, 0xFE, 0xCF,
    0x8F, 0x80, 0xFF, 0xFE, 0x00, 0x08, 0x00, 0x20, 0x00, 0x80, 0x02, 0x00, 0x08, 0x00, 0x20, 0x00,
    0x80, 0x02, 0x00, 0x0F, 0xFF, 0xFF, 0xFF, 0xFE, 0xFF, 0x01, 0x02, 0x02, 0x04, 0x04, 0x08, 0x08,
    0x10, 0x10, 0x20, 0x20, 0x40, 0x40, 0x80, 0x81, 0x0D, 0x03, 0xFB, 0xFF, 0x87, 0xF0, 0x7F, 0xFE,
    0x00, 0x04, 0x00, 0x08, 0x00, 0x10, 0x00, 0x2F, 0xFF, 0xD0, 0x00, 0x20, 0x00, 0x40, 0x00, 0x80,
    0x01, 0x00, 0x03, 0xFF, 0xF0, 0x00, 0x00, 0xFE, 0xFE, 0x04, 0x04, 0x08, 0x08, 0x10, 0x10, 0x20,
    0x3F, 0xC0, 0x60, 0x00, 0xC0, 0x01, 0x80, 0x03, 0x02, 0x07, 0xFE, 0x0F, 0xC0, 0x10, 0xFE, 0xFE,
    0x05, 0x04, 0x0A, 0x08, 0x14, 0x10, 0x28, 0x3F, 0xD0, 0x60, 0x20, 0xC0, 0x41, 0x80, 0x83, 0x01,
    0x06, 0x3E, 0x0F, 0xFF, 0xF0, 0xFE, 0x82, 0x05, 0x04, 0x0A, 0x08, 0x14, 0x10, 0x2F, 0xFF, 0xDF,
    0xE0, 0x20, 0xC0, 0x41, 0x80, 0x83, 0x01, 0x06, 0x3E, 0x0F, 0xFF, 0xF0, 0xFE, 0x10, 0x01, 0x08,
    0x00, 0x84, 0x00, 0x42, 0x00, 0x21, 0x87, 0xF0, 0xC2, 0x00, 0xE1, 0x00, 0x70, 0x80, 0x6C, 0x41,
    0xF3, 0x3F, 0xF0, 0xDC, 0x00, 0x00, 0xFE, 0xFF, 0x02, 0x80, 0x02, 0x80, 0x02, 0x80, 0x02, 0x80,
    0xFE, 0xFE, 0x80, 0x80, 0x80, 0x80, 0x80, 0x80, 0x83, 0x80, 0xFF, 0xFF, 0xE0, 0xFE, 0xFF, 0xFF,
    0x02, 0x44, 0x02, 0x44, 0x02, 0x44, 0x02, 0x44, 0xFE, 0x44, 0x80, 0x44, 0x80, 0x44, 0x80, 0x44,
    0x83, 0x44, 0xFF, 0xFF, 0xE0, 0xFE, 0x00, 0x21, 0xF8, 0x40, 0x10, 0x80, 0x3F, 0xF0, 0x7F, 0xE0,
    0x8E, 0x3F, 0x37, 0x40, 0xC6, 0x81, 0x05, 0x02, 0x0A, 0x06, 0x37, 0xF6, 0xEF, 0xC7, 0x80, 0xFF,
    0xFE, 0x00, 0x18, 0x00, 0x60, 0x01, 0x80, 0x06, 0x00, 0x18, 0x00, 0x60, 0x01, 0x80, 0x06, 0x00,
    0x18, 0x00, 0x7F, 0xFF, 0x80, 0x0C, 0x00, 0x60, 0x03, 0x00, 0x1F, 0xFF, 0xC0, 0x06, 0x00, 0x30,
    0x01, 0x80, 0x0C, 0x00, 0x60, 0x03, 0xFF, 0xF0, 0x82, 0x86, 0x0E, 0x18, 0x38, 0x60, 0xE1, 0x83,
    0x87, 0xFF, 0xF8, 0x38, 0x60, 0xE1, 0x83, 0x86, 0x0E, 0x18, 0x38, 0x7F, 0xBF, 0x82, 0x10, 0x41,
    0x08, 0x20, 0x84, 0x10, 0x42, 0x08, 0x21, 0x07, 0xF0, 0xC2, 0x08, 0xE1, 0x04, 0x70, 0x82, 0x2C,
    0x41, 0x36, 0x20, 0xB1, 0xDF, 0xF0, 0x60, 0x01, 0x00, 0x01, 0x00, 0x01, 0x00, 0x01, 0x00, 0x01,
    0x00, 0x01, 0x80, 0x03, 0x80, 0x03, 0x80, 0x06, 0xC0, 0x0C, 0x60, 0x18, 0x38, 0xF0, 0x1E, 0xC0,
    0x06, 0x08, 0x08, 0x04, 0x04, 0x02, 0x02, 0x01, 0x01, 0x00, 0x80, 0x80, 0x60, 0x60, 0x70, 0x70,
    0x38, 0x38, 0x36, 0x36, 0x31, 0xB9, 0xB0, 0x78, 0x60, 0x10, 0x00, 0x1F, 0xE0, 0xE1, 0xC6, 0x01,
    0xB0, 0x03, 0x80, 0x0E, 0x00, 0x18, 0x00, 0x70, 0x03, 0xC0, 0x0D, 0x80, 0x63, 0xCF, 0x03, 0xF0,
    0x7F, 0xFC, 0xFF, 0xFC, 0x04, 0x00, 0x08, 0x00, 0x10, 0x00, 0x30, 0x00, 0xE0, 0x01, 0xC0, 0x06,
    0xC0, 0x18, 0xC0, 0x60, 0xC3, 0x80, 0xFC, 0x00, 0x60, 0x7F, 0x7F, 0x3F, 0xBF, 0xC2, 0x02, 0x01,
    0x01, 0x00, 0x80, 0x80, 0x40, 0x40, 0x30, 0x30, 0x38, 0x38, 0x1C, 0x1C, 0x1B, 0x1B, 0x18, 0xCC,
    0xDC, 0x7C, 0x30, 0x0C, 0x00, 0x01, 0x00, 0x02, 0x00, 0x04, 0x03, 0xFF, 0xE7, 0xFF, 0xE0, 0x20,
    0x00, 0x60, 0x00, 0xC0, 0x03, 0x80, 0x05, 0x80, 0x1B, 0x00, 0x63, 0x03, 0x83, 0x9E, 0x01, 0xD0,
    0x00, 0x00, 0xFF, 0xFE, 0x00, 0x0C, 0x00, 0x18, 0x00, 0x30, 0x00, 0x7F, 0xFF, 0xFE, 0x01, 0x80,
    0x03, 0x00, 0x06, 0x00, 0x0C, 0x00, 0x18, 0x00, 0x30, 0x7F, 0xFE, 0x80, 0x01, 0x00, 0x02, 0x00,
    0x04, 0x00, 0x0F, 0xFF, 0xD0, 0x00, 0x20, 0x00, 0x40, 0x00, 0x80, 0x01, 0xFF, 0xFB, 0xFF, 0xF0,
    0x7F, 0xFF, 0xFF, 0xFC, 0x20, 0x80, 0x41, 0x00, 0x82, 0x01, 0x04, 0x02, 0x08, 0x04, 0x10, 0x08,
    0x20, 0x10, 0x40, 0x20, 0x87, 0xFF, 0xFF, 0xFF, 0xE0, 0x01, 0x00, 0x02, 0x00, 0x04, 0x00, 0x08,
    0x0F, 0xFF, 0xE0, 0x00, 0x00, 0x00, 0x07, 0xE0, 0x18, 0x60, 0x60, 0x60, 0x80, 0x41, 0x00, 0x83,
    0x03, 0x03, 0x9C, 0x03, 0xF0, 0x00, 0x00, 0xC0, 0xC0, 0xC0, 0xC0, 0xC0, 0xC0, 0xC0, 0xC0, 0xC0,
    0xFF, 0xC0, 0xC0, 0xC0, 0xC0, 0xC0, 0xC0, 0xC0, 0xC0, 0xC0, 0xC0, 0xC0, 0xC0, 0xC3, 0xC3, 0xC3,
    0xC3, 0xC3, 0xC3, 0xC3, 0xC3, 0xC3, 0xFF, 0xC3, 0xC3, 0xC3, 0xC3, 0xC3, 0xC3, 0xC3, 0xC3, 0xC3,
    0xC3, 0xC3, 0x03, 0x00, 0xC0, 0xC0, 0xC0, 0xC0, 0xC0, 0xC0, 0xC0, 0xFF, 0xC0, 0xC0, 0xC0, 0xC0,
    0xC0, 0xFF, 0xC0, 0xC0, 0xC0, 0xC0, 0xC0, 0xC0, 0xC0, 0xC0, 0xC3, 0xC3, 0xC3, 0xC3, 0xC3, 0xC3,
    0xC3, 0xFF, 0xC3, 0xC3, 0xC3, 0xC3, 0xC3, 0xFF, 0xC3, 0xC3, 0xC3, 0xC3, 0xC3, 0xC3, 0xC3, 0x03,
    0x00, 0x03, 0x03, 0x03, 0x03, 0x03, 0x03, 0x03, 0x03, 0x03, 0xFF, 0x03, 0x03, 0x03, 0x03, 0x03,
    0x03, 0x03, 0x03, 0x03, 0x03, 0x03, 0x03, 0x04, 0x41, 0x10, 0x44, 0x11, 0x04, 0x41, 0x10, 0x44,
    0x11, 0x04, 0x7F, 0x10, 0x44, 0x11, 0x04, 0x41, 0x10, 0x44, 0x11, 0x04, 0x41, 0x10, 0x44, 0x11,
    0x04, 0x40, 0x10, 0x03, 0x03, 0x03, 0x03, 0x03, 0x03, 0x03, 0xFF, 0x03, 0x03, 0x03, 0x03, 0xFF,
    0x03, 0x03, 0x03, 0x03, 0x03, 0x03, 0x03, 0x03, 0x03, 0x04, 0x41, 0x10, 0x44, 0x11, 0x04, 0x41,
    0x1F, 0xC4, 0x11, 0x04, 0x41, 0x10, 0x44, 0x11, 0xFC, 0x41, 0x10, 0x44, 0x11, 0x04, 0x41, 0x10,
    0x44, 0x11, 0x04, 0x40, 0x10, 0x00, 0x20, 0x00, 0x01, 0x00, 0x00, 0x08, 0x00, 0x00, 0x40, 0x00,
    0x02, 0x00, 0x00, 0x10, 0x00, 0x00, 0x80, 0x00, 0x04, 0x00, 0x00, 0x20, 0x00, 0x01, 0x00, 0x3F,
    0xFF, 0xFE, 0x00, 0x00, 0x00, 0x00, 0x00, 0x00, 0x00, 0x0C, 0x00, 0x00, 0x60, 0x00, 0x03, 0x00,
    0x00, 0x18, 0x00, 0x00, 0xC0, 0x00, 0x06, 0x00, 0x20, 0x30, 0x01, 0x01, 0x80, 0x08, 0x0C, 0x00,
    0x40, 0x7E, 0x02, 0x03, 0x00, 0x10, 0x18, 0x00, 0x80, 0xC0, 0x04, 0x06, 0x1F, 0xFF, 0xF0, 0x7F,
    0xC1, 0x80, 0x00, 0x0C, 0x00, 0x00, 0x60, 0x00, 0x03, 0x00, 0x00, 0x18, 0x00, 0x00, 0xC0, 0x00,
    0x06, 0x00, 0x00, 0x0C, 0x60, 0x01, 0x8C, 0x00, 0x31, 0x80, 0x06, 0x30, 0x00, 0xC6, 0x00, 0x18,
    0xC0, 0x83, 0x18, 0x10, 0x63, 0x02, 0x0C, 0x60, 0x41, 0xFC, 0x08, 0x31, 0x81, 0x06, 0x30, 0x20,
    0xC6, 0x04, 0x18, 0xDF, 0xFF, 0x1B, 0xFC, 0x63, 0x00, 0x0C, 0x60, 0x01, 0x8C, 0x00, 0x31, 0x80,
    0x06, 0x30, 0x00, 0xC6, 0x00, 0x00, 0xC0, 0x00, 0x00, 0x80, 0x00, 0x40, 0x00, 0x20, 0x00, 0x10,
    0x00, 0x08, 0x00, 0x04, 0x04, 0x02, 0x02, 0x01, 0x01, 0x00, 0x80, 0x80, 0x40, 0x40, 0x20, 0x20,
    0x10, 0x10, 0x08, 0x08, 0x05, 0xFF, 0xFA, 0xFF, 0xC1, 0x00, 0x00, 0x80, 0x00, 0x40, 0x00, 0x20,
    0x00, 0x10, 0x00, 0x08, 0x00, 0x04, 0x02, 0x04, 0x00, 0x20, 0x40, 0x02, 0x04, 0x00, 0x20, 0x40,
    0x02, 0x04, 0x00, 0x20, 0x40, 0x02, 0x04, 0x00, 0x20, 0x40, 0x02, 0x04, 0x00, 0x20, 0x40, 0x02,
    0x04, 0x0F, 0xFF, 0xFF, 0xFF, 0xFF, 0xF0, 0xFF, 0xFF, 0xF8, 0x01, 0x00, 0x00, 0x08, 0x00, 0x00,
    0x40, 0x00, 0x02, 0x00, 0x00, 0x10, 0x00, 0x00, 0x80, 0x00, 0x04, 0x00, 0x00, 0x20, 0x00, 0x01,
    0x00, 0x00, 0x08, 0x00, 0x00, 0x00, 0xC0, 0x00, 0x30, 0x00, 0x0C, 0x00, 0x03, 0x00, 0x00, 0xC0,
    0x00, 0x30, 0x00, 0x0C, 0x00, 0x03, 0x00, 0x00, 0xCF, 0xFF, 0xBF, 0xFF, 0xCD, 0xC8, 0x03, 0x02,
    0x00, 0xC0, 0x80, 0x30, 0x23, 0xFC, 0x08, 0x03, 0x02, 0x00, 0xC0, 0x80, 0x30, 0x20, 0x0C, 0x08,
    0x03, 0x02, 0x00, 0xC0, 0x00, 0x30, 0x00, 0x00, 0x20, 0x00, 0x44, 0x00, 0x08, 0x80, 0x01, 0x10,
    0x00, 0x22, 0x00, 0x04, 0x40, 0x00, 0x88, 0x00, 0x11, 0x00, 0x02, 0x2F, 0xFF, 0x45, 0xFF, 0x88,
    0x81, 0x01, 0x10, 0x20, 0x22, 0x04, 0x04, 0x40, 0x9F, 0x88, 0x10, 0x11, 0x02, 0x02, 0x20, 0x40,
    0x44, 0x08, 0x08, 0x81, 0x01, 0x10, 0x00, 0x22, 0x00, 0x04, 0x40, 0x00, 0x00, 0x40, 0x00, 0x10,
    0x00, 0x04, 0x00, 0x01, 0x00, 0x00, 0x40, 0x00, 0x10, 0x00, 0x04, 0x00, 0x01, 0x00, 0x00, 0x5F,
    0xFF, 0xD7, 0xFF, 0xC4, 0x02, 0x01, 0x00, 0x80, 0x40, 0x20, 0x10, 0x08, 0x04, 0x02, 0x01, 0x00,
    0x80, 0x40, 0x20, 0x10, 0x08, 0x04, 0x02, 0x01, 0x00, 0x80, 0x40, 0x00, 0x10, 0xFF, 0xFF, 0xF0,
    0x20, 0x40, 0x02, 0x04, 0x00, 0x20, 0x40, 0x02, 0x04, 0x00, 0x20, 0x40, 0x02, 0x04, 0x00, 0x20,
    0x40, 0x02, 0x04, 0x00, 0x20, 0x40, 0x02, 0x04, 0x00, 0xFF, 0xFF, 0xF0, 0x00, 0x00, 0x80, 0x00,
    0x40, 0x00, 0x20, 0x00, 0x10, 0x00, 0x08, 0x00, 0x04, 0x00, 0x02, 0x00, 0x01, 0x00, 0x00, 0x80,
    0x00, 0x40, 0x00, 0x20, 0x00, 0x10, 0x00, 0xEF, 0xFF, 0xF7, 0xE0, 0x02, 0x00, 0x01, 0x00, 0x00,
    0x80, 0x00, 0x40, 0x00, 0x20, 0x00, 0x10, 0x00, 0x08, 0x00, 0x04, 0xFF, 0xFF, 0xFC, 0x02, 0x00,
    0x10, 0x00, 0x80, 0x04, 0x00, 0xFC, 0x1D, 0x39, 0x88, 0x48, 0x40, 0xC2, 0x06, 0x10, 0x20, 0x81,
    0x04, 0x0C, 0x20, 0x61, 0x01, 0x08, 0x0C, 0x43, 0x3E, 0xF0, 0x7E, 0x00, 0x80, 0x04, 0x00, 0x20,
    0x00, 0x0F, 0xE0, 0xE3, 0x8C, 0x06, 0x40, 0x06, 0x00, 0x30, 0x01, 0x80, 0x06, 0x00, 0x30, 0x07,
    0xFF, 0x06, 0x00, 0x30, 0x01, 0x80, 0x0C, 0x00, 0x40, 0x06, 0x00, 0x60, 0x07, 0xFF, 0xC0, 0xFF,
    0xFF, 0xE0, 0x00, 0x04, 0x00, 0x00, 0x80, 0x00, 0x10, 0x00, 0x02, 0x00, 0x00, 0x40, 0x00, 0x08,
    0x00, 0x01, 0xFF, 0xFF, 0xFF, 0x80, 0xFF, 0xC7, 0xFE, 0xC0, 0x06, 0x80, 0x09, 0x80, 0x31, 0x80,
    0xC3, 0x01, 0x83, 0x06, 0x03, 0x18, 0x06, 0x30, 0x06, 0xC0, 0x07, 0x00, 0xFF, 0xE0, 0x08, 0x03,
    0xFF, 0x80, 0x20, 0x00, 0x40, 0x00, 0x80, 0x01, 0x00, 0x02, 0x00, 0x40, 0x00, 0x26, 0x04, 0x06,
    0x60, 0x60, 0x66, 0x0E, 0x04, 0x60, 0xE0, 0x42, 0x0F, 0x0C, 0x30, 0xB0, 0xC3, 0x19, 0x0C, 0x31,
    0x90, 0x8F, 0xFF, 0xFF, 0x11, 0x19, 0x81, 0x90, 0x98, 0x1B, 0x09, 0x01, 0xB0, 0xD0, 0x0A, 0x0F,
    0x00, 0xA0, 0xF0, 0x0E, 0x07, 0x00, 0xE0, 0x60, 0x04, 0x06, 0x00, 0xFF, 0xFF, 0xFF, 0xF0, 0x00,
    0x00, 0x40, 0x0C, 0x01, 0x80, 0x30, 0x06, 0x00, 0xFF, 0xF6, 0x00, 0x30, 0x01, 0x80, 0x0C, 0x00,
    0x40, 0x00, 0x00, 0x00, 0x04, 0x07, 0x03, 0x83, 0xE3, 0x5B, 0x27, 0x93, 0x08, 0x04, 0x02, 0x01,
    0x00, 0x80, 0x40, 0x20, 0x10, 0x08, 0x04, 0x02, 0x01, 0x00, 0x80, 0x40, 0x20, 0x10, 0x00, 0x00,
    0x18, 0x00, 0x60, 0x03, 0x00, 0x0C, 0x00, 0x33, 0xFF, 0xC0, 0x0E, 0x00, 0xC0, 0x0C, 0x00, 0x60,
    0x06, 0x00, 0x00, 0x00, 0x00, 0x04, 0x02, 0x01, 0x00, 0x80, 0x40, 0x20, 0x10, 0x08, 0x04, 0x02,
    0x01, 0x00, 0x80, 0x40, 0x20, 0x10, 0x08, 0x64, 0xF2, 0xED, 0x63, 0xE0, 0xE0, 0x70, 0x10, 0xFF,
    0xFF, 0xFF, 0xFF, 0xFF, 0xFF, 0xFF, 0xFF, 0xFF, 0xFF, 0x80, 0x3E, 0x31, 0xB0, 0x70, 0x18, 0x0C,
    0x07, 0x06, 0xC6, 0x3E, 0x00,
};

static const EpdGlyph ubuntu_12_regularGlyphs[] = {
    { 0, 0, 0, 0, 0, 0, 0 }, // U+0000
    { 0, 0, 0, 0, 0, 0, 0 }, // U+0008
    { 0, 0, 92, 0, 0, 0, 0 }, // U+0009
    { 0, 0, 92, 0, 0, 0, 0 }, // U+000D
    { 0, 0, 0, 0, 0, 0, 0 }, // U+001D
    { 0, 0, 92, 0, 0, 0, 0 }, // U+0020
    { 5, 17, 110, 1, 17, 11, 0 }, // !
    { 8, 6, 167, 1, 20, 6, 11 }, // "
    { 15, 17, 267, 1, 17, 32, 17 }, // #
    { 12, 23, 226, 1, 20, 35, 49 }, // $
    { 20, 17, 343, 1, 17, 43, 84 }, // %
    { 16, 17, 266, 1, 17, 34, 127 }, // &
    { 4, 6, 96, 1, 20, 3, 161 }, // '
    { 7, 25, 130, 1, 20, 22, 164 }, // (
    { 7, 25, 130, 0, 20, 22, 186 }, // )
    { 12, 10, 192, 0, 17, 15, 208 }, // *
    { 12, 12, 226, 1, 14, 18, 223 }, // +
    { 5, 7, 98, 0, 3, 5, 241 }, // ,
    { 7, 2, 120, 0, 8, 2, 246 }, // -
    { 4, 3, 98, 1, 3, 2, 248 }, // .
    { 12, 25, 154, -1, 20, 38, 250 }, // /
    { 12, 17, 226, 1, 17, 26, 288 }, // 0
    { 8, 17, 226, 2, 17, 17, 314 }, // 1
    { 12, 17, 226, 1, 17, 26, 331 }, // 2
    { 12, 17, 226, 1, 17, 26, 357 }, // 3
    { 13, 17, 226, 1, 17, 28, 383 }, // 4
    { 12, 17, 226, 1, 17, 26, 411 }, // 5
    { 12, 17, 226, 1, 17, 26, 437 }, // 6
    { 12, 17, 226, 1, 17, 26, 463 }, // 7
    { 12, 17, 226, 1, 17, 26, 489 }, // 8
    { 12, 17, 226, 1, 17, 26, 515 }, // 9
    { 4, 13, 98, 1, 13, 7, 541 }, // :
    { 5, 17, 98, 0, 13, 11, 548 }, // ;
    { 12, 11, 226, 1, 13, 17, 559 }, // <
    { 12, 7, 226, 1, 11, 11, 576 }, // =
    { 12, 11, 226, 1, 13, 17, 587 }, // >
    { 10, 17, 162, 0, 17, 22, 604 }, // ?
    { 22, 22, 380, 1, 18, 61, 626 }, // @
    { 17, 17, 265, 0, 17, 37, 687 }, // A
    { 13, 17, 257, 2, 17, 28, 724 }, // B
    { 14, 17, 248, 1, 17, 30, 752 }, // C
    { 15, 17, 285, 2, 17, 32, 782 }, // D
    { 12, 17, 228, 2, 17, 26, 814 }, // E
    { 11, 17, 215, 2, 17, 24, 840 }, // F
    { 15, 17, 269, 1, 17, 32, 864 }, // G
    { 14, 17, 282, 2, 17, 30, 896 }, // H
    { 3, 17, 108, 2, 17, 7, 926 }, // I
    { 11, 17, 200, 0, 17, 24, 933 }, // J
    { 14, 17, 252, 2, 17, 30, 957 }, // K
    { 11, 17, 208, 2, 17, 24, 987 }, // L
    { 20, 17, 348, 1, 17, 43, 1011 }, // M
    { 15, 17, 291, 2, 17, 32, 1054 }, // N
    { 17, 17, 311, 1, 17, 37, 1086 }, // O
    { 13, 17, 243, 2, 17, 28, 1123 }, // P
    { 17, 22, 311, 1, 17, 47, 1151 }, // Q
    { 14, 17, 252, 2, 17, 30, 1198 }, // R
    { 13, 17, 213, 0, 17, 28, 1228 }, // S
    { 14, 17, 226, 0, 17, 30, 1256 }, // T
    { 14, 17, 275, 2, 17, 30, 1286 }, // U
    { 17, 17, 262, 0, 17, 37, 1316 }, // V
    { 23, 17, 372, 0, 17, 49, 1353 }, // W
    { 16, 17, 252, 0, 17, 34, 1402 }, // X
    { 15, 17, 239, 0, 17, 32, 1436 }, // Y
    { 14, 17, 229, 0, 17, 30, 1468 }, // Z
    { 7, 25, 132, 2, 20, 22, 1498 }, // [
    { 12, 25, 154, -1, 20, 38, 1520 }, // <backslash>
    { 6, 25, 132, 0, 20, 19, 1558 }, // ]
    { 12, 9, 226, 1, 17, 14, 1577 }, // ^
    { 14, 2, 197, -1, -3, 4, 1591 }, // _
    { 6, 5, 150, 1, 20, 4, 1595 }, // `
    { 11, 13, 209, 1, 13, 18, 1599 }, // a
    { 12, 19, 236, 2, 19, 29, 1617 }, // b
    { 11, 13, 186, 1, 13, 18, 1646 }, // c
    { 12, 19, 236, 1, 19, 29, 1664 }, // d
    { 12, 13, 224, 1, 13, 20, 1693 }, // e
    { 8, 19, 154, 2, 19, 19, 1713 }, // f
    { 12, 18, 231, 1, 13, 27, 1732 }, // g
    { 11, 19, 228, 2, 19, 27, 1759 }, // h
    { 4, 18, 101, 1, 18, 9, 1786 }, // i
    { 7, 23, 101, -2, 18, 21, 1795 }, // j
    { 11, 19, 209, 2, 19, 27, 1816 }, // k
    { 6, 19, 109, 1, 19, 15, 1843 }, // l
    { 18, 13, 344, 2, 13, 30, 1858 }, // m
    { 11, 13, 230, 2, 13, 18, 1888 }, // n
    { 13, 13, 236, 1, 13, 22, 1906 }, // o
    { 12, 18, 236, 2, 13, 27, 1928 }, // p
    { 12, 18, 236, 1, 13, 27, 1955 }, // q
    { 8, 13, 154, 2, 13, 13, 1982 }, // r
    { 10, 13, 178, 1, 13, 17, 1995 }, // s
    { 9, 17, 161, 1, 17, 20, 2012 }, // t
    { 12, 13, 230, 1, 13, 20, 2032 }, // u
    { 13, 13, 201, 0, 13, 22, 2052 }, // v
    { 19, 13, 311, 0, 13, 31, 2074 }, // w
    { 13, 13, 204, 0, 13, 22, 2105 }, // x
    { 12, 18, 199, 0, 13, 27, 2127 }, // y
    { 11, 13, 188, 0, 13, 18, 2154 }, // z
    { 8, 25, 133, 1, 20, 25, 2172 }, // {
    { 3, 25, 112, 2, 20, 10, 2197 }, // |
    { 8, 25, 133, 0, 20, 25, 2207 }, // }
    { 12, 4, 226, 1, 10, 6, 2232 }, // ~
    { 0, 0, 92, 0, 0, 0, 2238 }, // U+00A0
    { 5, 18, 110, 1, 13, 12, 2238 }, // U+00A1
    { 10, 19, 226, 2, 16, 24, 2250 }, // U+00A2
    { 12, 17, 226, 1, 17, 26, 2274 }, // U+00A3
    { 12, 12, 226, 1, 15, 18, 2300 }, // U+00A4
    { 14, 17, 226, 0, 17, 30, 2318 }, // U+00A5
    { 3, 25, 112, 2, 20, 10, 2348 }, // U+00A6
    { 11, 20, 197, 1, 18, 28, 2358 }, // U+00A7
    { 9, 3, 150, 0, 18, 4, 2386 }, // U+00A8
    { 18, 17, 326, 1, 17, 39, 2390 }, // U+00A9
    { 9, 9, 156, 0, 17, 11, 2429 }, // U+00AA
    { 12, 11, 200, 0, 13, 17, 2440 }, // U+00AB
    { 12, 9, 226, 1, 10, 14, 2457 }, // U+00AC
    { 7, 2, 120, 0, 8, 2, 2471 }, // U+00AD
    { 18, 17, 326, 1, 17, 39, 2473 }, // U+00AE
    { 8, 2, 150, 1, 18, 2, 2512 }, // U+00AF
    { 8, 7, 133, 0, 19, 7, 2514 }, // U+00B0
    { 12, 15, 226, 1, 15, 23, 2521 }, // U+00B1
    { 8, 10, 144, 0, 18, 10, 2544 }, // U+00B2
    { 8, 10, 144, 0, 18, 10, 2554 }, // U+00B3
    { 5, 5, 150, 3, 20, 4, 2564 }, // U+00B4
    { 11, 18, 232, 2, 13, 25, 2568 }, // U+00B5
    { 13, 22, 258, 1, 17, 36, 2593 }, // U+00B6
    { 4, 3, 98, 1, 9, 2, 2629 }, // U+00B7
    { 6, 6, 150, 1, 1, 5, 2631 }, // U+00B8
    { 5, 10, 144, 1, 18, 7, 2636 }, // U+00B9
    { 10, 9, 178, 1, 17, 12, 2643 }, // U+00BA
    { 11, 11, 200, 1, 13, 16, 2655 }, // U+00BB
    { 21, 18, 350, 1, 18, 48, 2671 }, // U+00BC
    { 20, 18, 350, 1, 18, 45, 2719 }, // U+00BD
    { 22, 18, 350, 0, 18, 50, 2764 }, // U+00BE
    { 10, 18, 162, 0, 13, 23, 2814 }, // U+00BF
    { 17, 24, 265, 0, 24, 51, 2837 }, // U+00C0
    { 17, 24, 265, 0, 24, 51, 2888 }, // U+00C1
    { 17, 24, 265, 0, 24, 51, 2939 }, // U+00C2
    { 17, 23, 265, 0, 23, 49, 2990 }, // U+00C3
    { 17, 22, 265, 0, 22, 47, 3039 }, // U+00C4
    { 17, 21, 265, 0, 21, 45, 3086 }, // U+00C5
    { 23, 17, 374, 0, 17, 49, 3131 }, // U+00C6
    { 14, 23, 248, 1, 17, 41, 3180 }, // U+00C7
    { 12, 24, 228, 2, 24, 36, 3221 }, // U+00C8
    { 12, 24, 228, 2, 24, 36, 3257 }, // U+00C9
    { 12, 24, 228, 2, 24, 36, 3293 }, // U+00CA
    { 12, 22, 228, 2, 22, 33, 3329 }, // U+00CB
    { 6, 24, 108, 0, 24, 18, 3362 }, // U+00CC
    { 6, 24, 108, 1, 24, 18, 3380 }, // U+00CD
    { 8, 24, 108, -1, 24, 24, 3398 }, // U+00CE
    { 9, 22, 108, -1, 22, 25, 3422 }, // U+00CF
    { 17, 17, 290, 0, 17, 37, 3447 }, // U+00D0
    { 15, 23, 291, 2, 23, 44, 3484 }, // U+00D1
    { 17, 24, 311, 1, 24, 51, 3528 }, // U+00D2
    { 17, 24, 311, 1, 24, 51, 3579 }, // U+00D3
    { 17, 24, 311, 1, 24, 51, 3630 }, // U+00D4
    { 17, 23, 311, 1, 23, 49, 3681 }, // U+00D5
    { 17, 22, 311, 1, 22, 47, 3730 }, // U+00D6
    { 11, 11, 226, 2, 13, 16, 3777 }, // U+00D7
    { 17, 19, 311, 1, 18, 41, 3793 }, // U+00D8
    { 14, 24, 275, 2, 24, 42, 3834 }, // U+00D9
    { 14, 24, 275, 2, 24, 42, 3876 }, // U+00DA
    { 14, 24, 275, 2, 24, 42, 3918 }, // U+00DB
    { 14, 22, 275, 2, 22, 39, 3960 }, // U+00DC
    { 15, 24, 239, 0, 24, 45, 3999 }, // U+00DD
    { 13, 17, 244, 2, 17, 28, 4044 }, // U+00DE
    { 13, 19, 249, 2, 19, 31, 4072 }, // U+00DF
    { 11, 20, 209, 1, 20, 28, 4103 }, // U+00E0
    { 11, 20, 209, 1, 20, 28, 4131 }, // U+00E1
    { 11, 20, 209, 1, 20, 28, 4159 }, // U+00E2
    { 11, 19, 209, 1, 19, 27, 4187 }, // U+00E3
    { 11, 18, 209, 1, 18, 25, 4214 }, // U+00E4
    { 11, 20, 209, 1, 20, 28, 4239 }, // U+00E5
    { 20, 13, 344, 1, 13, 33, 4267 }, // U+00E6
    { 11, 19, 186, 1, 13, 27, 4300 }, // U+00E7
    { 12, 20, 224, 1, 20, 30, 4327 }, // U+00E8
    { 12, 20, 224, 1, 20, 30, 4357 }, // U+00E9
    { 12, 20, 224, 1, 20, 30, 4387 }, // U+00EA
    { 12, 18, 224, 1, 18, 27, 4417 }, // U+00EB
    { 5, 20, 101, 0, 20, 13, 4444 }, // U+00EC
    { 6, 20, 101, 1, 20, 15, 4457 }, // U+00ED
    { 8, 20, 101, -1, 20, 20, 4472 }, // U+00EE
    { 8, 18, 101, -1, 18, 18, 4492 }, // U+00EF
    { 14, 19, 236, 1, 19, 34, 4510 }, // U+00F0
    { 11, 19, 230, 2, 19, 27, 4544 }, // U+00F1
    { 13, 20, 236, 1, 20, 33, 4571 }, // U+00F2
    { 13, 20, 236, 1, 20, 33, 4604 }, // U+00F3
    { 13, 20, 236, 1, 20, 33, 4637 }, // U+00F4
    { 13, 19, 236, 1, 19, 31, 4670 }, // U+00F5
    { 13, 18, 236, 1, 18, 30, 4701 }, // U+00F6
    { 12, 12, 226, 1, 14, 18, 4731 }, // U+00F7
    { 13, 15, 236, 1, 14, 25, 4749 }, // U+00F8
    { 12, 20, 230, 1, 20, 30, 4774 }, // U+00F9
    { 12, 20, 230, 1, 20, 30, 4804 }, // U+00FA
    { 12, 20, 230, 1, 20, 30, 4834 }, // U+00FB
    { 12, 18, 230, 1, 18, 27, 4864 }, // U+00FC
    { 12, 25, 199, 0, 20, 38, 4891 }, // U+00FD
    { 12, 24, 236, 2, 19, 36, 4929 }, // U+00FE
    { 12, 23, 199, 0, 18, 35, 4965 }, // U+00FF
    { 17, 22, 265, 0, 22, 47, 5000 }, // U+0100
    { 11, 18, 209, 1, 18, 25, 5047 }, // U+0101
    { 17, 23, 265, 0, 23, 49, 5072 }, // U+0102
    { 11, 19, 209, 1, 19, 27, 5121 }, // U+0103
    { 17, 22, 265, 0, 17, 47, 5148 }, // U+0104
    { 11, 18, 209, 1, 13, 25, 5195 }, // U+0105
    { 14, 24, 248, 1, 24, 42, 5220 }, // U+0106
    { 11, 20, 186, 1, 20, 28, 5262 }, // U+0107
    { 14, 24, 248, 1, 24, 42, 5290 }, // U+0108
    { 11, 20, 186, 1, 20, 28, 5332 }, // U+0109
    { 14, 22, 248, 1, 22, 39, 5360 }, // U+010A
    { 11, 18, 186, 1, 18, 25, 5399 }, // U+010B
    { 14, 24, 248, 1, 24, 42, 5424 }, // U+010C
    { 11, 20, 186, 1, 20, 28, 5466 }, // U+010D
    { 15, 24, 285, 2, 24, 45, 5494 }, // U+010E
    { 16, 19, 249, 1, 19, 38, 5539 }, // U+010F
    { 17, 17, 290, 0, 17, 37, 5577 }, // U+0110
    { 14, 19, 236, 1, 19, 34, 5614 }, // U+0111
    { 12, 22, 228, 2, 22, 33, 5648 }, // U+0112
    { 12, 18, 224, 1, 18, 27, 5681 }, // U+0113
    { 12, 23, 228, 2, 23, 35, 5708 }, // U+0114
    { 12, 19, 224, 1, 19, 29, 5743 }, // U+0115
    { 12, 22, 228, 2, 22, 33, 5772 }, // U+0116
    { 12, 18, 224, 1, 18, 27, 5805 }, // U+0117
    { 12, 22, 228, 2, 17, 33, 5832 }, // U+0118
    { 12, 18, 224, 1, 13, 27, 5865 }, // U+0119
    { 12, 24, 228, 2, 24, 36, 5892 }, // U+011A
    { 12, 21, 224, 1, 21, 32, 5928 }, // U+011B
    { 15, 24, 269, 1, 24, 45, 5960 }, // U+011C
    { 12, 25, 231, 1, 20, 38, 6005 }, // U+011D
    { 15, 23, 269, 1, 23, 44, 6043 }, // U+011E
    { 12, 24, 231, 1, 19, 36, 6087 }, // U+011F
    { 15, 22, 269, 1, 22, 42, 6123 }, // U+0120
    { 12, 23, 231, 1, 18, 35, 6165 }, // U+0121
    { 15, 21, 269, 1, 17, 40, 6200 }, // U+0122
    { 12, 24, 231, 1, 19, 36, 6240 }, // U+0123
    { 14, 24, 282, 2, 24, 42, 6276 }, // U+0124
    { 12, 25, 228, 1, 25, 38, 6318 }, // U+0125
    { 18, 17, 292, 0, 17, 39, 6356 }, // U+0126
    { 13, 19, 228, 0, 19, 31, 6395 }, // U+0127
    { 9, 23, 108, -1, 23, 26, 6426 }, // U+0128
    { 9, 19, 101, -1, 19, 22, 6452 }, // U+0129
    { 8, 22, 108, -1, 22, 22, 6474 }, // U+012A
    { 8, 18, 101, -1, 18, 18, 6496 }, // U+012B
    { 7, 23, 108, 0, 23, 21, 6514 }, // U+012C
    { 8, 19, 101, -1, 19, 19, 6535 }, // U+012D
    { 5, 22, 108, 0, 17, 14, 6554 }, // U+012E
    { 5, 23, 101, 0, 18, 15, 6568 }, // U+012F
    { 4, 22, 108, 1, 22, 11, 6583 }, // U+0130
    { 3, 13, 101, 2, 13, 5, 6594 }, // U+0131
    { 16, 17, 307, 2, 17, 34, 6599 }, // U+0132
    { 11, 23, 204, 1, 18, 32, 6633 }, // U+0133
    { 13, 24, 200, 0, 24, 39, 6665 }, // U+0134
    { 9, 25, 101, -2, 20, 29, 6704 }, // U+0135
    { 14, 21, 252, 2, 17, 37, 6733 }, // U+0136
    { 11, 23, 209, 2, 19, 32, 6770 }, // U+0137
    { 12, 13, 215, 2, 13, 20, 6802 }, // U+0138
    { 11, 24, 208, 2, 24, 33, 6822 }, // U+0139
    { 6, 23, 109, 1, 23, 18, 6855 }, // U+013A
    { 11, 21, 208, 2, 17, 29, 6873 }, // U+013B
    { 7, 23, 109, 0, 19, 21, 6902 }, // U+013C
    { 11, 17, 208, 2, 17, 24, 6923 }, // U+013D
    { 8, 19, 114, 1, 19, 19, 6947 }, // U+013E
    { 11, 17, 208, 2, 17, 24, 6966 }, // U+013F
    { 9, 19, 148, 1, 19, 22, 6990 }, // U+0140
    { 15, 17, 215, -1, 17, 32, 7012 }, // U+0141
    { 8, 19, 115, 0, 19, 19, 7044 }, // U+0142
    { 15, 24, 291, 2, 24, 45, 7063 }, // U+0143
    { 11, 20, 230, 2, 20, 28, 7108 }, // U+0144
    { 15, 21, 291, 2, 17, 40, 7136 }, // U+0145
    { 11, 17, 230, 2, 13, 24, 7176 }, // U+0146
    { 15, 24, 291, 2, 24, 45, 7200 }, // U+0147
    { 11, 20, 230, 2, 20, 28, 7245 }, // U+0148
    { 13, 19, 230, 0, 19, 31, 7273 }, // U+0149
    { 15, 22, 291, 2, 17, 42, 7304 }, // U+014A
    { 11, 18, 230, 2, 13, 25, 7346 }, // U+014B
    { 17, 22, 311, 1, 22, 47, 7371 }, // U+014C
    { 13, 18, 236, 1, 18, 30, 7418 }, // U+014D
    { 17, 23, 311, 1, 23, 49, 7448 }, // U+014E
    { 13, 19, 236, 1, 19, 31, 7497 }, // U+014F
    { 17, 24, 311, 1, 24, 51, 7528 }, // U+0150
    { 13, 20, 236, 1, 20, 33, 7579 }, // U+0151
    { 23, 17, 397, 1, 17, 49, 7612 }, // U+0152
    { 22, 13, 379, 1, 13, 36, 7661 }, // U+0153
    { 14, 24, 252, 2, 24, 42, 7697 }, // U+0154
    { 8, 20, 154, 2, 20, 20, 7739 }, // U+0155
    { 14, 21, 252, 2, 17, 37, 7759 }, // U+0156
    { 10, 17, 154, 0, 13, 22, 7796 }, // U+0157
    { 14, 24, 252, 2, 24, 42, 7818 }, // U+0158
    { 8, 20, 154, 2, 20, 20, 7860 }, // U+0159
    { 13, 24, 213, 0, 24, 39, 7880 }, // U+015A
    { 10, 20, 178, 1, 20, 25, 7919 }, // U+015B
    { 13, 24, 213, 0, 24, 39, 7944 }, // U+015C
    { 10, 20, 178, 1, 20, 25, 7983 }, // U+015D
    { 13, 22, 213, 0, 17, 36, 8008 }, // U+015E
    { 10, 18, 178, 1, 13, 23, 8044 }, // U+015F
    { 13, 24, 213, 0, 24, 39, 8067 }, // U+0160
    { 10, 20, 178, 1, 20, 25, 8106 }, // U+0161
    { 14, 23, 226, 0, 17, 41, 8131 }, // U+0162
    { 9, 22, 161, 1, 17, 25, 8172 }, // U+0163
    { 14, 24, 226, 0, 24, 42, 8197 }, // U+0164
    { 9, 20, 161, 1, 20, 23, 8239 }, // U+0165
    { 14, 17, 226, 0, 17, 30, 8262 }, // U+0166
    { 9, 17, 161, 1, 17, 20, 8292 }, // U+0167
    { 14, 23, 275, 2, 23, 41, 8312 }, // U+0168
    { 12, 19, 230, 1, 19, 29, 8353 }, // U+0169
    { 14, 22, 275, 2, 22, 39, 8382 }, // U+016A
    { 12, 18, 230, 1, 18, 27, 8421 }, // U+016B
    { 14, 23, 275, 2, 23, 41, 8448 }, // U+016C
    { 12, 19, 230, 1, 19, 29, 8489 }, // U+016D
    { 14, 24, 275, 2, 24, 42, 8518 }, // U+016E
    { 12, 20, 230, 1, 20, 30, 8560 }, // U+016F
    { 14, 24, 275, 2, 24, 42, 8590 }, // U+0170
    { 12, 20, 230, 1, 20, 30, 8632 }, // U+0171
    { 14, 22, 275, 2, 17, 39, 8662 }, // U+0172
    { 12, 18, 230, 1, 13, 27, 8701 }, // U+0173
    { 23, 24, 372, 0, 24, 69, 8728 }, // U+0174
    { 19, 20, 311, 0, 20, 48, 8797 }, // U+0175
    { 15, 24, 239, 0, 24, 45, 8845 }, // U+0176
    { 12, 25, 199, 0, 20, 38, 8890 }, // U+0177
    { 15, 22, 239, 0, 22, 42, 8928 }, // U+0178
    { 14, 24, 229, 0, 24, 42, 8970 }, // U+0179
    { 11, 20, 188, 0, 20, 28, 9012 }, // U+017A
    { 14, 22, 229, 0, 22, 39, 9040 }, // U+017B
    { 11, 18, 188, 0, 18, 25, 9079 }, // U+017C
    { 14, 24, 229, 0, 24, 42, 9104 }, // U+017D
    { 11, 20, 188, 0, 20, 28, 9146 }, // U+017E
    { 8, 19, 109, 2, 19, 19, 9174 }, // U+017F
    { 30, 24, 516, 2, 24, 90, 9193 }, // U+01C4
    { 27, 20, 475, 2, 20, 68, 9283 }, // U+01C5
    { 25, 20, 426, 1, 20, 63, 9351 }, // U+01C6
    { 22, 17, 407, 2, 17, 47, 9414 }, // U+01C7
    { 16, 23, 310, 2, 18, 46, 9461 }, // U+01C8
    { 11, 24, 212, 1, 19, 33, 9507 }, // U+01C9
    { 27, 17, 491, 2, 17, 58, 9540 }, // U+01CA
    { 21, 23, 394, 2, 18, 61, 9598 }, // U+01CB
    { 18, 23, 332, 2, 18, 52, 9659 }, // U+01CC
    { 17, 24, 265, 0, 24, 51, 9711 }, // U+01CD
    { 11, 20, 209, 1, 20, 28, 9762 }, // U+01CE
    { 7, 24, 108, 0, 24, 21, 9790 }, // U+01CF
    { 8, 20, 101, -1, 20, 20, 9811 }, // U+01D0
    { 17, 24, 311, 1, 24, 51, 9831 }, // U+01D1
    { 13, 20, 236, 1, 20, 33, 9882 }, // U+01D2
    { 14, 24, 275, 2, 24, 42, 9915 }, // U+01D3
    { 12, 20, 230, 1, 20, 30, 9957 }, // U+01D4
    { 14, 25, 275, 2, 25, 44, 9987 }, // U+01D5
    { 12, 21, 230, 1, 21, 32, 10031 }, // U+01D6
    { 14, 24, 275, 2, 24, 42, 10063 }, // U+01D7
    { 12, 21, 230, 1, 21, 32, 10105 }, // U+01D8
    { 14, 25, 275, 2, 25, 44, 10137 }, // U+01D9
    { 12, 22, 230, 1, 22, 33, 10181 }, // U+01DA
    { 14, 24, 275, 2, 24, 42, 10214 }, // U+01DB
    { 12, 21, 230, 1, 21, 32, 10256 }, // U+01DC
    { 12, 13, 224, 1, 13, 20, 10288 }, // U+01DD
    { 17, 25, 265, 0, 25, 54, 10308 }, // U+01DE
    { 11, 21, 209, 1, 21, 29, 10362 }, // U+01DF
    { 17, 25, 265, 0, 25, 54, 10391 }, // U+01E0
    { 11, 21, 209, 1, 21, 29, 10445 }, // U+01E1
    { 23, 22, 374, 0, 22, 64, 10474 }, // U+01E2
    { 20, 18, 344, 1, 18, 45, 10538 }, // U+01E3
    { 17, 17, 281, 1, 17, 37, 10583 }, // U+01E4
    { 14, 18, 236, 1, 13, 32, 10620 }, // U+01E5
    { 15, 24, 269, 1, 24, 45, 10652 }, // U+01E6
    { 12, 25, 231, 1, 20, 38, 10697 }, // U+01E7
    { 14, 24, 252, 2, 24, 42, 10735 }, // U+01E8
    { 12, 25, 209, 1, 25, 38, 10777 }, // U+01E9
    { 17, 22, 311, 1, 17, 47, 10815 }, // U+01EA
    { 13, 18, 236, 1, 13, 30, 10862 }, // U+01EB
    { 17, 27, 311, 1, 22, 58, 10892 }, // U+01EC
    { 13, 23, 236, 1, 18, 38, 10950 }, // U+01ED
    { 13, 24, 227, 0, 24, 39, 10988 }, // U+01EE
    { 12, 25, 188, -1, 20, 38, 11027 }, // U+01EF
    { 9, 25, 101, -2, 20, 29, 11065 }, // U+01F0
    { 30, 17, 516, 2, 17, 64, 11094 }, // U+01F1
    { 27, 17, 475, 2, 17, 58, 11158 }, // U+01F2
    { 25, 19, 426, 1, 19, 60, 11216 }, // U+01F3
    { 15, 24, 269, 1, 24, 45, 11276 }, // U+01F4
    { 12, 25, 231, 1, 20, 38, 11321 }, // U+01F5
    { 23, 17, 423, 2, 17, 49, 11359 }, // U+01F6
    { 13, 22, 257, 2, 17, 36, 11408 }, // U+01F7
    { 15, 24, 291, 2, 24, 45, 11444 }, // U+01F8
    { 11, 20, 230, 2, 20, 28, 11489 }, // U+01F9
    { 17, 23, 265, 0, 23, 49, 11517 }, // U+01FA
    { 11, 21, 209, 1, 21, 29, 11566 }, // U+01FB
    { 23, 24, 374, 0, 24, 69, 11595 }, // U+01FC
    { 20, 20, 344, 1, 20, 50, 11664 }, // U+01FD
    { 17, 25, 311, 1, 24, 54, 11714 }, // U+01FE
    { 13, 21, 236, 1, 20, 35, 11768 }, // U+01FF
    { 17, 24, 265, 0, 24, 51, 11803 }, // U+0200
    { 11, 20, 209, 1, 20, 28, 11854 }, // U+0201
    { 17, 23, 265, 0, 23, 49, 11882 }, // U+0202
    { 11, 19, 209, 1, 19, 27, 11931 }, // U+0203
    { 12, 24, 228, 2, 24, 36, 11958 }, // U+0204
    { 12, 20, 224, 1, 20, 30, 11994 }, // U+0205
    { 12, 23, 228, 2, 23, 35, 12024 }, // U+0206
    { 12, 19, 224, 1, 19, 29, 12059 }, // U+0207
    { 9, 24, 108, -2, 24, 27, 12088 }, // U+0208
    { 10, 20, 101, -3, 20, 25, 12115 }, // U+0209
    { 7, 23, 108, 0, 23, 21, 12140 }, // U+020A
    { 8, 19, 101, -1, 19, 19, 12161 }, // U+020B
    { 17, 24, 311, 1, 24, 51, 12180 }, // U+020C
    { 13, 20, 236, 1, 20, 33, 12231 }, // U+020D
    { 17, 23, 311, 1, 23, 49, 12264 }, // U+020E
    { 13, 19, 236, 1, 19, 31, 12313 }, // U+020F
    { 14, 24, 252, 2, 24, 42, 12344 }, // U+0210
    { 10, 20, 154, 0, 20, 25, 12386 }, // U+0211
    { 14, 23, 252, 2, 23, 41, 12411 }, // U+0212
    { 8, 19, 154, 2, 19, 19, 12452 }, // U+0213
    { 14, 24, 275, 2, 24, 42, 12471 }, // U+0214
    { 12, 20, 230, 1, 20, 30, 12513 }, // U+0215
    { 14, 23, 275, 2, 23, 41, 12543 }, // U+0216
    { 12, 19, 230, 1, 19, 29, 12584 }, // U+0217
    { 13, 21, 213, 0, 17, 35, 12613 }, // U+0218
    { 10, 17, 178, 1, 13, 22, 12648 }, // U+0219
    { 14, 21, 226, 0, 17, 37, 12670 }, // U+021A
    { 9, 21, 161, 1, 17, 24, 12707 }, // U+021B
    { 13, 22, 214, 0, 17, 36, 12731 }, // U+021C
    { 10, 18, 174, 0, 13, 23, 12767 }, // U+021D
    { 14, 24, 282, 2, 24, 42, 12790 }, // U+021E
    { 12, 25, 228, 1, 25, 38, 12832 }, // U+021F
    { 11, 8, 0, 2, 18, 11, 12870 }, // U+0300
    { 9, 9, 0, 3, 20, 11, 12881 }, // U+0301
    { 8, 1, 0, -4, 18, 1, 12892 }, // U+0304
    { 4, 4, 0, 5, 21, 2, 12893 }, // U+0307
    { 12, 10, 0, 1, 19, 15, 12895 }, // U+030C
    { 8, 4, 150, 1, 19, 4, 12910 }, // U+0311
    { 12, 24, 228, 2, 24, 36, 12914 }, // U+0400
    { 12, 22, 228, 2, 22, 33, 12950 }, // U+0401
    { 18, 17, 300, 0, 17, 39, 12983 }, // U+0402
    { 11, 24, 204, 2, 24, 33, 13022 }, // U+0403
    { 14, 17, 248, 1, 17, 30, 13055 }, // U+0404
    { 13, 17, 213, 0, 17, 28, 13085 }, // U+0405
    { 3, 17, 108, 2, 17, 7, 13113 }, // U+0406
    { 9, 22, 108, -1, 22, 25, 13120 }, // U+0407
    { 11, 17, 200, 0, 17, 24, 13145 }, // U+0408
    { 26, 18, 417, 0, 17, 59, 13169 }, // U+0409
    { 23, 17, 410, 2, 17, 49, 13228 }, // U+040A
    { 18, 17, 300, 0, 17, 39, 13277 }, // U+040B
    { 14, 24, 252, 2, 24, 42, 13316 }, // U+040C
    { 15, 24, 291, 2, 24, 45, 13358 }, // U+040D
    { 15, 23, 235, 0, 23, 44, 13403 }, // U+040E
    { 14, 22, 280, 2, 17, 39, 13447 }, // U+040F
    { 17, 17, 265, 0, 17, 37, 13486 }, // U+0410
    { 13, 17, 248, 2, 17, 28, 13523 }, // U+0411
    { 13, 17, 257, 2, 17, 28, 13551 }, // U+0412
    { 11, 17, 204, 2, 17, 24, 13579 }, // U+0413
    { 18, 22, 289, 0, 17, 50, 13603 }, // U+0414
    { 12, 17, 228, 2, 17, 26, 13653 }, // U+0415
    { 23, 17, 362, 0, 17, 49, 13679 }, // U+0416
    { 14, 17, 229, 0, 17, 30, 13728 }, // U+0417
    { 15, 17, 291, 2, 17, 32, 13758 }, // U+0418
    { 15, 23, 291, 2, 23, 44, 13790 }, // U+0419
    { 14, 17, 252, 2, 17, 30, 13834 }, // U+041A
    { 16, 17, 283, 0, 17, 34, 13864 }, // U+041B
    { 20, 17, 348, 1, 17, 43, 13898 }, // U+041C
    { 14, 17, 282, 2, 17, 30, 13941 }, // U+041D
    { 17, 17, 311, 1, 17, 37, 13971 }, // U+041E
    { 14, 17, 280, 2, 17, 30, 14008 }, // U+041F
    { 13, 17, 243, 2, 17, 28, 14038 }, // U+0420
    { 14, 17, 248, 1, 17, 30, 14066 }, // U+0421
    { 14, 17, 226, 0, 17, 30, 14096 }, // U+0422
    { 15, 17, 235, 0, 17, 32, 14126 }, // U+0423
    { 20, 18, 346, 1, 18, 45, 14158 }, // U+0424
    { 16, 17, 252, 0, 17, 34, 14203 }, // U+0425
    { 16, 22, 287, 2, 17, 44, 14237 }, // U+0426
    { 13, 17, 252, 1, 17, 28, 14281 }, // U+0427
    { 21, 17, 393, 2, 17, 45, 14309 }, // U+0428
    { 23, 22, 401, 2, 17, 64, 14354 }, // U+0429
    { 18, 17, 290, 0, 17, 39, 14418 }, // U+042A
    { 18, 17, 342, 2, 17, 39, 14457 }, // U+042B
    { 13, 17, 246, 2, 17, 28, 14496 }, // U+042C
    { 15, 17, 248, 0, 17, 32, 14524 }, // U+042D
    { 23, 17, 412, 2, 17, 49, 14556 }, // U+042E
    { 14, 17, 254, 0, 17, 30, 14605 }, // U+042F
    { 11, 13, 209, 1, 13, 18, 14635 }, // U+0430
    { 13, 19, 238, 1, 19, 31, 14653 }, // U+0431
    { 11, 13, 219, 2, 13, 18, 14684 }, // U+0432
    { 9, 13, 167, 2, 13, 15, 14702 }, // U+0433
    { 15, 17, 241, 0, 13, 32, 14717 }, // U+0434
    { 12, 13, 224, 1, 13, 20, 14749 }, // U+0435
    { 19, 13, 305, 0, 13, 31, 14769 }, // U+0436
    { 10, 13, 196, 1, 13, 17, 14800 }, // U+0437
    { 11, 13, 239, 2, 13, 18, 14817 }, // U+0438
    { 11, 19, 239, 2, 19, 27, 14835 }, // U+0439
    { 12, 13, 215, 2, 13, 20, 14862 }, // U+043A
    { 13, 13, 239, 0, 13, 22, 14882 }, // U+043B
    { 16, 13, 292, 1, 13, 26, 14904 }, // U+043C
    { 11, 13, 234, 2, 13, 18, 14930 }, // U+043D
    { 13, 13, 236, 1, 13, 22, 14948 }, // U+043E
    { 11, 13, 231, 2, 13, 18, 14970 }, // U+043F
    { 12, 18, 236, 2, 13, 27, 14988 }, // U+0440
    { 11, 13, 186, 1, 13, 18, 15015 }, // U+0441
    { 12, 13, 185, 0, 13, 20, 15033 }, // U+0442
    { 12, 18, 199, 0, 13, 27, 15053 }, // U+0443
    { 17, 24, 306, 1, 19, 51, 15080 }, // U+0444
    { 13, 13, 204, 0, 13, 22, 15131 }, // U+0445
    { 13, 17, 234, 2, 13, 28, 15153 }, // U+0446
    { 11, 13, 213, 1, 13, 18, 15181 }, // U+0447
    { 17, 13, 329, 2, 13, 28, 15199 }, // U+0448
    { 19, 17, 334, 2, 13, 41, 15227 }, // U+0449
    { 15, 13, 239, 0, 13, 25, 15268 }, // U+044A
    { 15, 13, 303, 2, 13, 25, 15293 }, // U+044B
    { 11, 13, 211, 2, 13, 18, 15318 }, // U+044C
    { 12, 13, 199, 0, 13, 20, 15336 }, // U+044D
    { 17, 13, 324, 2, 13, 28, 15356 }, // U+044E
    { 12, 13, 219, 0, 13, 20, 15384 }, // U+044F
    { 12, 20, 224, 1, 20, 30, 15404 }, // U+0450
    { 12, 18, 224, 1, 18, 27, 15434 }, // U+0451
    { 13, 24, 228, 0, 19, 39, 15461 }, // U+0452
    { 9, 20, 167, 2, 20, 23, 15500 }, // U+0453
    { 11, 13, 199, 1, 13, 18, 15523 }, // U+0454
    { 10, 13, 178, 1, 13, 17, 15541 }, // U+0455
    { 4, 18, 101, 1, 18, 9, 15558 }, // U+0456
    { 9, 18, 101, -1, 18, 21, 15567 }, // U+0457
    { 7, 23, 101, -2, 18, 21, 15588 }, // U+0458
    { 21, 13, 345, 0, 13, 35, 15609 }, // U+0459
    { 19, 13, 340, 2, 13, 31, 15644 }, // U+045A
    { 13, 19, 228, 0, 19, 31, 15675 }, // U+045B
    { 12, 20, 215, 2, 20, 30, 15706 }, // U+045C
    { 11, 20, 239, 2, 20, 28, 15736 }, // U+045D
    { 12, 24, 199, 0, 19, 36, 15764 }, // U+045E
    { 11, 17, 230, 2, 13, 24, 15800 }, // U+045F
    { 18, 18, 290, 0, 18, 41, 15824 }, // U+0462
    { 15, 19, 239, 0, 19, 36, 15865 }, // U+0463
    { 17, 17, 311, 1, 17, 37, 15901 }, // U+0472
    { 13, 13, 236, 1, 13, 22, 15938 }, // U+0473
    { 20, 17, 301, 0, 17, 43, 15960 }, // U+0474
    { 15, 13, 226, 0, 13, 25, 16003 }, // U+0475
    { 17, 28, 298, 2, 23, 60, 16028 }, // U+048A
    { 14, 24, 243, 2, 19, 42, 16088 }, // U+048B
    { 15, 18, 252, 0, 18, 34, 16130 }, // U+048C
    { 13, 13, 210, 0, 13, 22, 16164 }, // U+048D
    { 13, 17, 243, 2, 17, 28, 16186 }, // U+048E
    { 12, 18, 236, 2, 13, 27, 16214 }, // U+048F
    { 11, 20, 204, 2, 20, 28, 16241 }, // U+0490
    { 9, 16, 171, 2, 16, 18, 16269 }, // U+0491
    { 13, 17, 209, 0, 17, 28, 16287 }, // U+0492
    { 11, 13, 170, 0, 13, 18, 16315 }, // U+0493
    { 13, 22, 250, 2, 17, 36, 16333 }, // U+0494
    { 11, 18, 218, 2, 13, 25, 16369 }, // U+0495
    { 23, 22, 368, 0, 17, 64, 16394 }, // U+0496
    { 20, 17, 310, 0, 13, 43, 16458 }, // U+0497
    { 14, 22, 229, 0, 17, 39, 16501 }, // U+0498
    { 10, 18, 196, 1, 13, 23, 16540 }, // U+0499
    { 15, 22, 262, 2, 17, 42, 16563 }, // U+049A
    { 12, 17, 218, 2, 13, 26, 16605 }, // U+049B
    { 16, 17, 283, 2, 17, 34, 16631 }, // U+049C
    { 14, 13, 248, 2, 13, 23, 16665 }, // U+049D
    { 16, 17, 256, 0, 17, 34, 16688 }, // U+049E
    { 14, 13, 222, 0, 13, 23, 16722 }, // U+049F
    { 19, 17, 296, 0, 17, 41, 16745 }, // U+04A0
    { 15, 13, 243, 0, 13, 25, 16786 }, // U+04A1
    { 16, 22, 290, 2, 17, 44, 16811 }, // U+04A2
    { 13, 17, 239, 2, 13, 28, 16855 }, // U+04A3
    { 18, 17, 326, 2, 17, 39, 16883 }, // U+04A4
    { 14, 13, 262, 2, 13, 23, 16922 }, // U+04A5
    { 23, 22, 413, 2, 17, 64, 16945 }, // U+04A6
    { 19, 18, 344, 2, 13, 43, 17009 }, // U+04A7
    { 18, 22, 314, 1, 17, 50, 17052 }, // U+04A8
    { 14, 17, 244, 1, 13, 30, 17102 }, // U+04A9
    { 14, 23, 248, 1, 17, 41, 17132 }, // U+04AA
    { 11, 19, 186, 1, 13, 27, 17173 }, // U+04AB
    { 14, 22, 226, 0, 17, 39, 17200 }, // U+04AC
    { 12, 17, 185, 0, 13, 26, 17239 }, // U+04AD
    { 15, 17, 239, 0, 17, 32, 17265 }, // U+04AE
    { 13, 18, 201, 0, 13, 30, 17297 }, // U+04AF
    { 15, 17, 239, 0, 17, 32, 17327 }, // U+04B0
    { 13, 18, 201, 0, 13, 30, 17359 }, // U+04B1
    { 17, 22, 261, 0, 17, 47, 17389 }, // U+04B2
    { 13, 17, 210, 0, 13, 28, 17436 }, // U+04B3
    { 21, 22, 338, 0, 17, 58, 17464 }, // U+04B4
    { 16, 17, 264, 0, 13, 34, 17522 }, // U+04B5
    { 15, 22, 260, 1, 17, 42, 17556 }, // U+04B6
    { 13, 17, 218, 1, 13, 28, 17598 }, // U+04B7
    { 13, 17, 255, 1, 17, 28, 17626 }, // U+04B8
    { 12, 13, 213, 0, 13, 20, 17654 }, // U+04B9
    { 13, 17, 256, 2, 17, 28, 17674 }, // U+04BA
    { 11, 19, 228, 2, 19, 27, 17702 }, // U+04BB
    { 20, 17, 334, 0, 17, 43, 17729 }, // U+04BC
    { 16, 13, 268, 0, 13, 26, 17772 }, // U+04BD
    { 20, 22, 334, 0, 17, 55, 17798 }, // U+04BE
    { 16, 17, 268, 0, 13, 34, 17853 }, // U+04BF
    { 3, 17, 108, 2, 17, 7, 17887 }, // U+04C0
    { 23, 23, 362, 0, 23, 67, 17894 }, // U+04C1
    { 19, 19, 305, 0, 19, 46, 17961 }, // U+04C2
    { 13, 22, 252, 2, 17, 36, 18007 }, // U+04C3
    { 11, 18, 218, 2, 13, 25, 18043 }, // U+04C4
    { 18, 22, 290, 0, 17, 50, 18068 }, // U+04C5
    { 16, 18, 244, 0, 13, 36, 18118 }, // U+04C6
    { 14, 22, 282, 2, 17, 39, 18154 }, // U+04C7
    { 11, 18, 234, 2, 13, 25, 18193 }, // U+04C8
    { 16, 22, 289, 2, 17, 44, 18218 }, // U+04C9
    { 13, 18, 239, 2, 13, 30, 18262 }, // U+04CA
    { 13, 22, 255, 1, 17, 36, 18292 }, // U+04CB
    { 11, 17, 213, 1, 13, 24, 18328 }, // U+04CC
    { 22, 22, 360, 1, 17, 61, 18352 }, // U+04CD
    { 18, 18, 300, 1, 13, 41, 18413 }, // U+04CE
    { 3, 17, 108, 2, 17, 7, 18454 }, // U+04CF
    { 17, 23, 265, 0, 23, 49, 18461 }, // U+04D0
    { 11, 19, 209, 1, 19, 27, 18510 }, // U+04D1
    { 17, 22, 265, 0, 22, 47, 18537 }, // U+04D2
    { 11, 18, 209, 1, 18, 25, 18584 }, // U+04D3
    { 23, 17, 374, 0, 17, 49, 18609 }, // U+04D4
    { 20, 13, 344, 1, 13, 33, 18658 }, // U+04D5
    { 12, 23, 228, 2, 23, 35, 18691 }, // U+04D6
    { 12, 19, 224, 1, 19, 29, 18726 }, // U+04D7
    { 16, 17, 282, 1, 17, 34, 18755 }, // U+04D8
    { 12, 13, 224, 1, 13, 20, 18789 }, // U+04D9
    { 16, 22, 282, 1, 22, 44, 18809 }, // U+04DA
    { 12, 18, 224, 1, 18, 27, 18853 }, // U+04DB
    { 23, 22, 362, 0, 22, 64, 18880 }, // U+04DC
    { 19, 18, 305, 0, 18, 43, 18944 }, // U+04DD
    { 14, 22, 229, 0, 22, 39, 18987 }, // U+04DE
    { 10, 18, 196, 1, 18, 23, 19026 }, // U+04DF
    { 13, 17, 227, 0, 17, 28, 19049 }, // U+04E0
    { 12, 18, 188, -1, 13, 27, 19077 }, // U+04E1
    { 15, 22, 291, 2, 22, 42, 19104 }, // U+04E2
    { 11, 18, 239, 2, 18, 25, 19146 }, // U+04E3
    { 15, 22, 291, 2, 22, 42, 19171 }, // U+04E4
    { 11, 18, 239, 2, 18, 25, 19213 }, // U+04E5
    { 17, 22, 311, 1, 22, 47, 19238 }, // U+04E6
    { 13, 18, 236, 1, 18, 30, 19285 }, // U+04E7
    { 17, 17, 311, 1, 17, 37, 19315 }, // U+04E8
    { 13, 13, 236, 1, 13, 22, 19352 }, // U+04E9
    { 17, 22, 311, 1, 22, 47, 19374 }, // U+04EA
    { 13, 18, 236, 1, 18, 30, 19421 }, // U+04EB
    { 15, 22, 248, 0, 22, 42, 19451 }, // U+04EC
    { 12, 18, 199, 0, 18, 27, 19493 }, // U+04ED
    { 15, 22, 235, 0, 22, 42, 19520 }, // U+04EE
    { 12, 23, 199, 0, 18, 35, 19562 }, // U+04EF
    { 15, 22, 235, 0, 22, 42, 19597 }, // U+04F0
    { 12, 23, 199, 0, 18, 35, 19639 }, // U+04F1
    { 15, 24, 235, 0, 24, 45, 19674 }, // U+04F2
    { 12, 25, 199, 0, 20, 38, 19719 }, // U+04F3
    { 13, 22, 252, 1, 22, 36, 19757 }, // U+04F4
    { 11, 18, 213, 1, 18, 25, 19793 }, // U+04F5
    { 11, 22, 204, 2, 17, 31, 19818 }, // U+04F6
    { 9, 17, 167, 2, 13, 20, 19849 }, // U+04F7
    { 18, 22, 342, 2, 22, 50, 19869 }, // U+04F8
    { 15, 18, 303, 2, 18, 34, 19919 }, // U+04F9
    { 0, 0, 200, 0, 0, 0, 19953 }, // U+2002
    { 0, 0, 400, 0, 0, 0, 19953 }, // U+2003
    { 7, 1, 400, 9, 10, 1, 19953 }, // U+2010
    { 7, 1, 130, 1, 8, 1, 19954 }, // U+2011
    { 12, 1, 211, 1, 8, 2, 19955 }, // U+2012
    { 14, 2, 198, -1, 9, 4, 19957 }, // U+2013
    { 26, 2, 398, -1, 9, 7, 19961 }, // U+2014
    { 26, 2, 398, -1, 9, 7, 19968 }, // U+2015
    { 5, 26, 400, 10, 23, 17, 19975 }, // U+2016
    { 5, 6, 94, 1, 19, 4, 19992 }, // U+2018
    { 5, 6, 94, 0, 19, 4, 19996 }, // U+2019
    { 5, 6, 94, 0, 3, 4, 20000 }, // U+201A
    { 9, 6, 167, 1, 19, 7, 20004 }, // U+201C
    { 9, 6, 167, 0, 19, 7, 20011 }, // U+201D
    { 9, 6, 167, 0, 3, 7, 20018 }, // U+201E
    { 11, 21, 190, 0, 17, 29, 20025 }, // U+2020
    { 11, 21, 190, 0, 17, 29, 20054 }, // U+2021
    { 7, 6, 144, 1, 12, 6, 20083 }, // U+2022
    { 15, 3, 400, 5, 12, 6, 20089 }, // U+2025
    { 21, 3, 398, 2, 3, 8, 20095 }, // U+2026
    { 4, 4, 400, 10, 12, 2, 20103 }, // U+2027
    { 29, 17, 491, 1, 17, 62, 20105 }, // U+2030
    { 2, 6, 92, 2, 20, 2, 20167 }, // U+2032
    { 6, 6, 150, 2, 20, 5, 20169 }, // U+2033
    { 5, 4, 400, 9, 25, 3, 20174 }, // U+2035
    { 7, 11, 116, 0, 13, 10, 20177 }, // U+2039
    { 6, 11, 116, 1, 13, 9, 20187 }, // U+203A
    { 18, 19, 400, 3, 19, 43, 20196 }, // U+203B
    { 9, 19, 220, 2, 19, 22, 20239 }, // U+203C
    { 21, 21, 400, 2, 20, 56, 20261 }, // U+2042
    { 13, 17, 59, -5, 17, 28, 20317 }, // U+2044
    { 20, 19, 339, 0, 19, 48, 20345 }, // U+2047
    { 15, 19, 275, 0, 19, 36, 20393 }, // U+2048
    { 13, 19, 275, 2, 19, 31, 20429 }, // U+2049
    { 11, 22, 400, 7, 21, 31, 20460 }, // U+2051
    { 9, 10, 144, 0, 18, 12, 20491 }, // U+2070
    { 9, 10, 144, 0, 18, 12, 20503 }, // U+2074
    { 7, 10, 144, 1, 18, 9, 20515 }, // U+2075
    { 9, 10, 144, 0, 18, 12, 20524 }, // U+2076
    { 9, 10, 144, 0, 18, 12, 20536 }, // U+2077
    { 9, 10, 144, 0, 18, 12, 20548 }, // U+2078
    { 9, 10, 144, 0, 18, 12, 20560 }, // U+2079
    { 9, 10, 144, 0, 10, 12, 20572 }, // U+2080
    { 5, 10, 144, 1, 10, 7, 20584 }, // U+2081
    { 8, 10, 144, 0, 10, 10, 20591 }, // U+2082
    { 8, 10, 144, 0, 10, 10, 20601 }, // U+2083
    { 9, 10, 144, 0, 10, 12, 20611 }, // U+2084
    { 7, 10, 144, 1, 10, 9, 20623 }, // U+2085
    { 9, 10, 144, 0, 10, 12, 20632 }, // U+2086
    { 9, 10, 144, 0, 10, 12, 20644 }, // U+2087
    { 9, 10, 144, 0, 10, 12, 20656 }, // U+2088
    { 9, 10, 144, 0, 10, 12, 20668 }, // U+2089
    { 15, 19, 208, -1, 19, 36, 20680 }, // U+20A9
    { 12, 19, 208, 2, 19, 29, 20716 }, // U+20AB
    { 13, 17, 226, 1, 17, 28, 20745 }, // U+20AC
    { 13, 17, 226, 1, 17, 28, 20773 }, // U+20AE
    { 14, 17, 226, 0, 17, 30, 20801 }, // U+20B4
    { 13, 17, 226, 1, 17, 28, 20831 }, // U+20B9
    { 24, 13, 400, 0, 16, 39, 20859 }, // U+2190
    { 13, 24, 400, 6, 22, 39, 20898 }, // U+2191
    { 24, 13, 400, 1, 16, 39, 20937 }, // U+2192
    { 13, 24, 400, 6, 21, 39, 20976 }, // U+2193
    { 25, 13, 400, 0, 16, 41, 21015 }, // U+2194
    { 13, 25, 400, 6, 22, 41, 21056 }, // U+2195
    { 18, 18, 400, 4, 18, 41, 21097 }, // U+2196
    { 18, 18, 400, 3, 18, 41, 21138 }, // U+2197
    { 18, 18, 400, 3, 19, 41, 21179 }, // U+2198
    { 18, 18, 400, 4, 19, 41, 21220 }, // U+2199
    { 23, 21, 400, 1, 21, 61, 21261 }, // U+21B8
    { 24, 24, 400, 0, 21, 72, 21322 }, // U+21B9
    { 25, 24, 400, 0, 22, 75, 21394 }, // U+21C4
    { 24, 25, 400, 1, 22, 75, 21469 }, // U+21C5
    { 25, 24, 400, 0, 22, 75, 21544 }, // U+21C6
    { 25, 22, 400, 0, 20, 69, 21619 }, // U+21CB
    { 25, 22, 400, 0, 20, 69, 21688 }, // U+21CC
    { 24, 16, 400, 0, 17, 48, 21757 }, // U+21D0
    { 24, 16, 400, 1, 17, 48, 21805 }, // U+21D2
    { 25, 16, 400, 0, 17, 50, 21853 }, // U+21D4
    { 24, 19, 400, 0, 19, 57, 21903 }, // U+21E6
    { 19, 24, 400, 3, 22, 57, 21960 }, // U+21E7
    { 24, 19, 400, 1, 19, 57, 22017 }, // U+21E8
    { 19, 24, 400, 3, 21, 57, 22074 }, // U+21E9
    { 24, 25, 400, 1, 22, 75, 22131 }, // U+21F5
    { 21, 21, 400, 2, 20, 56, 22206 }, // U+2200
    { 13, 19, 234, 1, 19, 31, 22262 }, // U+2202
    { 15, 18, 400, 5, 18, 34, 22293 }, // U+2203
    { 19, 19, 400, 3, 19, 46, 22327 }, // U+2205
    { 17, 17, 260, 0, 17, 37, 22373 }, // U+2206
    { 17, 19, 400, 4, 18, 41, 22410 }, // U+2207
    { 19, 16, 400, 3, 17, 38, 22451 }, // U+2208
    { 19, 21, 400, 3, 20, 50, 22489 }, // U+2209
    { 13, 14, 400, 6, 14, 23, 22539 }, // U+220A
    { 19, 16, 400, 3, 17, 38, 22562 }, // U+220B
    { 14, 20, 279, 2, 17, 35, 22600 }, // U+220F
    { 13, 20, 206, 0, 17, 33, 22635 }, // U+2211
    { 12, 2, 226, 1, 8, 3, 22668 }, // U+2212
    { 19, 20, 400, 3, 19, 48, 22671 }, // U+2213
    { 13, 17, 59, -5, 17, 28, 22719 }, // U+2215
    { 4, 3, 98, 1, 9, 2, 22747 }, // U+2219
    { 15, 20, 226, 0, 20, 38, 22749 }, // U+221A
    { 21, 9, 400, 1, 14, 24, 22787 }, // U+221D
    { 14, 7, 235, 0, 11, 13, 22811 }, // U+221E
    { 18, 19, 400, 4, 19, 43, 22824 }, // U+221F
    { 20, 17, 400, 2, 18, 43, 22867 }, // U+2220
    { 1, 19, 400, 12, 19, 3, 22910 }, // U+2223
    { 15, 21, 400, 5, 20, 40, 22913 }, // U+2225
    { 15, 21, 400, 5, 20, 40, 22953 }, // U+2226
    { 21, 21, 400, 2, 20, 56, 22993 }, // U+2227
    { 21, 20, 400, 2, 19, 53, 23049 }, // U+2228
    { 16, 19, 400, 4, 19, 38, 23102 }, // U+2229
    { 16, 19, 400, 4, 19, 38, 23140 }, // U+222A
    { 10, 24, 148, 0, 19, 30, 23178 }, // U+222B
    { 19, 23, 400, 3, 21, 55, 23208 }, // U+222C
    { 23, 23, 400, 1, 21, 67, 23263 }, // U+222D
    { 10, 23, 400, 8, 21, 29, 23330 }, // U+222E
    { 18, 15, 400, 4, 17, 34, 23359 }, // U+2234
    { 18, 15, 400, 4, 17, 34, 23393 }, // U+2235
    { 3, 15, 400, 11, 17, 6, 23427 }, // U+2236
    { 17, 15, 400, 4, 17, 32, 23433 }, // U+2237
    { 23, 9, 400, 1, 14, 26, 23465 }, // U+223D
    { 20, 9, 400, 2, 14, 23, 23491 }, // U+2243
    { 20, 10, 400, 2, 14, 25, 23514 }, // U+2245
    { 12, 10, 226, 1, 13, 15, 23539 }, // U+2248
    { 23, 17, 400, 1, 18, 49, 23554 }, // U+224C
    { 12, 13, 226, 1, 14, 20, 23603 }, // U+2260
    { 19, 12, 400, 3, 15, 29, 23623 }, // U+2261
    { 19, 19, 400, 3, 19, 46, 23652 }, // U+2262
    { 12, 15, 226, 1, 15, 23, 23698 }, // U+2264
    { 12, 15, 226, 1, 15, 23, 23721 }, // U+2265
    { 20, 23, 400, 2, 22, 58, 23744 }, // U+2266
    { 21, 23, 400, 2, 22, 61, 23802 }, // U+2267
    { 23, 20, 400, 1, 19, 58, 23863 }, // U+226A
    { 23, 20, 400, 1, 19, 58, 23921 }, // U+226B
    { 21, 21, 400, 2, 19, 56, 23979 }, // U+226E
    { 21, 21, 400, 2, 19, 56, 24035 }, // U+226F
    { 20, 23, 400, 3, 21, 58, 24091 }, // U+2272
    { 20, 23, 400, 3, 21, 58, 24149 }, // U+2273
    { 21, 23, 400, 2, 21, 61, 24207 }, // U+2276
    { 21, 23, 400, 2, 21, 61, 24268 }, // U+2277
    { 19, 16, 400, 3, 17, 38, 24329 }, // U+2282
    { 19, 16, 400, 3, 17, 38, 24367 }, // U+2283
    { 19, 20, 400, 3, 19, 48, 24405 }, // U+2284
    { 19, 20, 400, 3, 19, 48, 24453 }, // U+2285
    { 19, 19, 400, 3, 19, 46, 24501 }, // U+2286
    { 19, 19, 400, 3, 19, 46, 24547 }, // U+2287
    { 19, 21, 400, 3, 19, 50, 24593 }, // U+228A
    { 19, 21, 400, 3, 19, 50, 24643 }, // U+228B
    { 19, 19, 400, 3, 19, 46, 24693 }, // U+2295
    { 19, 19, 400, 3, 19, 46, 24739 }, // U+2296
    { 19, 19, 400, 3, 19, 46, 24785 }, // U+2297
    { 19, 19, 400, 3, 19, 46, 24831 }, // U+2298
    { 19, 19, 400, 3, 19, 46, 24877 }, // U+2299
    { 20, 21, 400, 2, 20, 53, 24923 }, // U+22A0
    { 21, 18, 400, 2, 19, 48, 24976 }, // U+22A5
    { 19, 19, 400, 3, 19, 46, 25024 }, // U+22BF
    { 20, 25, 400, 2, 22, 63, 25070 }, // U+22DA
    { 21, 25, 400, 2, 22, 66, 25133 }, // U+22DB
    { 20, 3, 400, 3, 12, 8, 25199 }, // U+22EF
    { 0, 0, 400, 0, 0, 0, 25207 }, // U+3000
    { 7, 8, 400, 1, 6, 7, 25207 }, // U+3001
    { 8, 8, 400, 1, 6, 8, 25214 }, // U+3002
    { 13, 13, 400, 6, 16, 22, 25222 }, // U+3003
    { 23, 23, 400, 1, 21, 67, 25244 }, // U+3004
    { 18, 21, 400, 3, 20, 48, 25311 }, // U+3005
    { 18, 21, 400, 4, 19, 48, 25359 }, // U+3006
    { 23, 23, 400, 1, 21, 67, 25407 }, // U+3007
    { 9, 23, 400, 15, 21, 26, 25474 }, // U+3008
    { 9, 23, 400, 1, 21, 26, 25500 }, // U+3009
    { 11, 23, 400, 13, 21, 32, 25526 }, // U+300A
    { 11, 23, 400, 1, 21, 32, 25558 }, // U+300B
    { 8, 17, 400, 16, 21, 17, 25590 }, // U+300C
    { 8, 17, 400, 1, 15, 17, 25607 }, // U+300D
    { 9, 17, 400, 15, 21, 20, 25624 }, // U+300E
    { 9, 17, 400, 1, 15, 20, 25644 }, // U+300F
    { 8, 24, 400, 16, 21, 24, 25664 }, // U+3010
    { 8, 23, 400, 1, 21, 23, 25688 }, // U+3011
    { 17, 18, 400, 4, 18, 39, 25711 }, // U+3012
    { 20, 21, 400, 2, 20, 53, 25750 }, // U+3013
    { 6, 25, 400, 18, 22, 19, 25803 }, // U+3014
    { 6, 25, 400, 1, 22, 19, 25822 }, // U+3015
    { 10, 23, 400, 15, 21, 29, 25841 }, // U+3016
    { 10, 23, 400, 0, 21, 29, 25870 }, // U+3017
    { 9, 25, 400, 16, 22, 29, 25899 }, // U+3018
    { 9, 25, 400, 0, 22, 29, 25928 }, // U+3019
    { 7, 23, 400, 18, 21, 21, 25957 }, // U+301A
    { 7, 23, 400, 0, 21, 21, 25978 }, // U+301B
    { 23, 5, 400, 1, 12, 15, 25999 }, // U+301C
    { 7, 9, 400, 17, 21, 8, 26014 }, // U+301D
    { 7, 9, 400, 1, 21, 8, 26022 }, // U+301E
    { 7, 9, 400, 1, 7, 8, 26030 }, // U+301F
    { 23, 19, 400, 1, 19, 55, 26038 }, // U+3020
    { 1, 22, 400, 12, 20, 3, 26093 }, // U+3021
    { 8, 22, 400, 9, 20, 22, 26096 }, // U+3022
    { 14, 22, 400, 6, 20, 39, 26118 }, // U+3023
    { 19, 19, 400, 3, 19, 46, 26157 }, // U+3024
    { 13, 21, 400, 6, 20, 35, 26203 }, // U+3025
    { 21, 7, 400, 2, 19, 19, 26238 }, // U+3026
    { 21, 14, 400, 2, 19, 37, 26257 }, // U+3027
    { 21, 19, 400, 2, 20, 50, 26294 }, // U+3028
    { 21, 21, 400, 2, 21, 56, 26344 }, // U+3029
    { 4, 4, 0, -25, -3, 2, 26400 }, // U+302A
    { 4, 4, 0, -25, 26, 2, 26402 }, // U+302B
    { 4, 4, 0, -4, 26, 2, 26404 }, // U+302C
    { 4, 4, 0, -4, -3, 2, 26406 }, // U+302D
    { 3, 3, 100, 2, 11, 2, 26408 }, // U+302E
    { 3, 7, 100, 2, 13, 3, 26410 }, // U+302F
    { 25, 7, 400, 0, 13, 22, 26413 }, // U+3030
    { 13, 47, 400, 5, 33, 77, 26435 }, // U+3031
    { 16, 47, 400, 5, 33, 94, 26512 }, // U+3032
    { 12, 24, 400, 5, 21, 36, 26606 }, // U+3033
    { 16, 24, 400, 5, 21, 48, 26642 }, // U+3034
    { 13, 24, 400, 5, 22, 39, 26690 }, // U+3035
    { 23, 23, 400, 1, 21, 67, 26729 }, // U+3036
    { 24, 23, 400, 0, 21, 69, 26796 }, // U+3037
    { 23, 23, 400, 1, 21, 67, 26865 }, // U+3038
    { 23, 23, 400, 1, 21, 67, 26932 }, // U+3039
    { 23, 24, 400, 1, 21, 69, 26999 }, // U+303A
    { 13, 23, 400, 6, 21, 38, 27068 }, // U+303B
    { 19, 19, 400, 3, 19, 46, 27106 }, // U+303C
    { 22, 18, 400, 2, 18, 50, 27152 }, // U+303D
    { 23, 23, 400, 1, 21, 67, 27202 }, // U+303E
    { 13, 21, 400, 6, 20, 35, 27269 }, // U+303F
    { 19, 22, 400, 3, 20, 53, 27304 }, // U+3042
    { 20, 18, 400, 3, 18, 45, 27357 }, // U+3044
    { 16, 21, 400, 4, 20, 42, 27402 }, // U+3046
    { 20, 21, 400, 3, 20, 53, 27444 }, // U+3048
    { 21, 20, 400, 3, 20, 53, 27497 }, // U+304A
    { 22, 21, 400, 2, 20, 58, 27550 }, // U+304B
    { 24, 22, 400, 1, 21, 66, 27608 }, // U+304C
    { 18, 21, 400, 4, 20, 48, 27674 }, // U+304D
    { 13, 22, 400, 5, 20, 36, 27722 }, // U+304F
    { 16, 22, 400, 5, 20, 44, 27758 }, // U+3050
    { 16, 18, 400, 5, 18, 36, 27802 }, // U+3053
    { 18, 21, 400, 4, 20, 48, 27838 }, // U+3055
    { 17, 21, 400, 6, 20, 45, 27886 }, // U+3057
    { 22, 22, 400, 2, 20, 61, 27931 }, // U+3059
    { 22, 21, 400, 1, 20, 58, 27992 }, // U+305B
    { 21, 21, 400, 2, 20, 56, 28050 }, // U+305F
    { 23, 22, 400, 1, 20, 64, 28106 }, // U+3060
    { 18, 21, 400, 3, 20, 48, 28170 }, // U+3061
    { 20, 19, 400, 2, 18, 48, 28218 }, // U+3066
    { 22, 19, 400, 2, 18, 53, 28266 }, // U+3067
    { 16, 21, 400, 5, 20, 42, 28319 }, // U+3068
    { 21, 21, 400, 2, 20, 56, 28361 }, // U+306A
    { 19, 20, 400, 4, 19, 48, 28417 }, // U+306B
    { 20, 18, 400, 3, 18, 45, 28465 }, // U+306E
    { 21, 20, 400, 3, 19, 53, 28510 }, // U+306F
    { 23, 22, 400, 2, 20, 64, 28563 }, // U+3073
    { 23, 15, 400, 1, 16, 44, 28627 }, // U+3078
    { 23, 18, 400, 1, 18, 52, 28671 }, // U+3079
    { 18, 21, 400, 4, 20, 48, 28723 }, // U+307E
    { 22, 21, 400, 2, 19, 58, 28771 }, // U+307F
    { 21, 21, 400, 2, 20, 56, 28829 }, // U+3080
    { 20, 20, 400, 3, 19, 50, 28885 }, // U+3081
    { 19, 21, 400, 2, 20, 50, 28935 }, // U+3082
    { 18, 21, 400, 4, 20, 48, 28985 }, // U+3088
    { 17, 21, 400, 4, 20, 45, 29033 }, // U+3089
    { 14, 21, 400, 5, 20, 37, 29078 }, // U+308A
    { 18, 20, 400, 3, 19, 45, 29115 }, // U+308B
    { 24, 21, 400, 1, 20, 63, 29160 }, // U+308C
    { 22, 21, 400, 1, 20, 58, 29223 }, // U+308F
    { 20, 21, 400, 2, 20, 53, 29281 }, // U+3092
    { 21, 20, 400, 2, 19, 53, 29334 }, // U+3093
    { 18, 16, 400, 4, 14, 36, 29387 }, // U+30A1
    { 20, 19, 400, 3, 18, 48, 29423 }, // U+30A2
    { 16, 17, 400, 3, 15, 34, 29471 }, // U+30A3
    { 19, 20, 400, 2, 19, 48, 29505 }, // U+30A4
    { 18, 21, 400, 4, 20, 48, 29553 }, // U+30A6
    { 21, 16, 400, 2, 17, 42, 29601 }, // U+30A8
    { 17, 18, 400, 5, 16, 39, 29643 }, // U+30A9
    { 21, 21, 400, 2, 20, 56, 29682 }, // U+30AA
    { 19, 21, 400, 3, 20, 50, 29738 }, // U+30AB
    { 20, 21, 400, 3, 20, 53, 29788 }, // U+30AD
    { 19, 21, 400, 3, 20, 50, 29841 }, // U+30AF
    { 18, 18, 400, 3, 17, 41, 29891 }, // U+30B3
    { 22, 21, 400, 1, 20, 58, 29932 }, // U+30B5
    { 23, 22, 400, 1, 20, 64, 29990 }, // U+30B6
    { 20, 20, 400, 3, 19, 50, 30054 }, // U+30B7
    { 22, 21, 400, 2, 20, 58, 30104 }, // U+30B8
    { 19, 18, 400, 3, 17, 43, 30162 }, // U+30B9
    { 22, 23, 400, 2, 22, 64, 30205 }, // U+30BA
    { 21, 19, 400, 1, 19, 50, 30269 }, // U+30BB
    { 19, 21, 400, 3, 20, 50, 30319 }, // U+30BF
    { 22, 23, 400, 2, 21, 64, 30369 }, // U+30C0
    { 21, 20, 400, 2, 19, 53, 30433 }, // U+30C1
    { 16, 16, 400, 5, 14, 32, 30486 }, // U+30C3
    { 21, 19, 400, 2, 18, 50, 30518 }, // U+30C6
    { 23, 24, 400, 2, 22, 69, 30568 }, // U+30C7
    { 13, 20, 400, 8, 19, 33, 30637 }, // U+30C8
    { 14, 20, 400, 7, 19, 35, 30670 }, // U+30C9
    { 22, 20, 400, 2, 19, 55, 30705 }, // U+30CA
    { 20, 14, 400, 2, 16, 35, 30760 }, // U+30CB
    { 21, 21, 400, 2, 20, 56, 30795 }, // U+30CD
    { 21, 17, 400, 2, 17, 45, 30851 }, // U+30CF
    { 22, 20, 400, 2, 20, 55, 30896 }, // U+30D0
    { 22, 20, 400, 2, 20, 55, 30951 }, // U+30D1
    { 16, 19, 400, 6, 19, 38, 31006 }, // U+30D2
    { 19, 21, 400, 5, 20, 50, 31044 }, // U+30D3
    { 17, 18, 400, 4, 18, 39, 31094 }, // U+30D5
    { 21, 23, 400, 3, 22, 61, 31133 }, // U+30D6
    { 22, 21, 400, 3, 20, 58, 31194 }, // U+30D7
    { 22, 17, 400, 1, 18, 47, 31252 }, // U+30DA
    { 21, 21, 400, 2, 20, 56, 31299 }, // U+30DB
    { 22, 21, 400, 2, 20, 58, 31355 }, // U+30DC
    { 21, 22, 400, 2, 21, 58, 31413 }, // U+30DD
    { 21, 18, 400, 2, 17, 48, 31471 }, // U+30DE
    { 21, 20, 400, 2, 19, 53, 31519 }, // U+30E0
    { 19, 20, 400, 3, 19, 48, 31572 }, // U+30E1
    { 20, 18, 400, 3, 18, 45, 31620 }, // U+30E2
    { 18, 17, 400, 4, 15, 39, 31665 }, // U+30E3
    { 21, 21, 400, 2, 20, 56, 31704 }, // U+30E4
    { 19, 13, 400, 3, 13, 31, 31760 }, // U+30E5
    { 21, 16, 400, 2, 17, 42, 31791 }, // U+30E6
    { 15, 15, 400, 5, 14, 29, 31833 }, // U+30E7
    { 19, 20, 400, 3, 19, 48, 31862 }, // U+30E9
    { 13, 20, 400, 6, 19, 33, 31910 }, // U+30EA
    { 21, 20, 400, 2, 19, 53, 31943 }, // U+30EB
    { 16, 19, 400, 6, 19, 38, 31996 }, // U+30EC
    { 19, 18, 400, 3, 17, 43, 32034 }, // U+30ED
    { 19, 19, 400, 3, 18, 46, 32077 }, // U+30EF
    { 19, 19, 400, 4, 18, 46, 32123 }, // U+30F3
    { 21, 2, 400, 2, 11, 6, 32169 }, // U+30FC
    { 23, 1, 400, 1, 10, 3, 32175 }, // U+4E00
    { 23, 22, 400, 1, 21, 64, 32178 }, // U+4E03
    { 22, 18, 400, 2, 18, 50, 32242 }, // U+4E09
    { 23, 23, 400, 1, 21, 67, 32292 }, // U+4E0A
    { 23, 22, 400, 1, 20, 64, 32359 }, // U+4E0B
    { 23, 21, 400, 1, 19, 61, 32423 }, // U+4E0D
    { 22, 23, 400, 1, 21, 64, 32484 }, // U+4E13
    { 23, 22, 400, 1, 20, 64, 32548 }, // U+4E21
    { 23, 24, 400, 1, 21, 69, 32612 }, // U+4E22
    { 23, 22, 400, 1, 20, 64, 32681 }, // U+4E24
    { 23, 23, 400, 1, 21, 67, 32745 }, // U+4E2A
    { 21, 23, 400, 2, 21, 61, 32812 }, // U+4E2D
    { 21, 23, 400, 2, 21, 61, 32873 }, // U+4E32
    { 22, 24, 400, 1, 21, 66, 32934 }, // U+4E3A
    { 23, 23, 400, 1, 21, 67, 33000 }, // U+4E3B
    { 23, 23, 400, 1, 21, 67, 33067 }, // U+4E49
    { 20, 22, 400, 3, 19, 55, 33134 }, // U+4E60
    { 23, 23, 400, 1, 21, 67, 33189 }, // U+4E66
    { 20, 21, 400, 2, 19, 53, 33256 }, // U+4E86
    { 23, 25, 400, 1, 22, 72, 33309 }, // U+4E8B
    { 23, 16, 400, 1, 17, 46, 33381 }, // U+4E8C
    { 23, 21, 400, 1, 19, 61, 33427 }, // U+4E8E
    { 23, 20, 400, 1, 19, 58, 33488 }, // U+4E94
    { 23, 24, 400, 1, 21, 69, 33546 }, // U+4ECA
    { 23, 23, 400, 1, 21, 67, 33615 }, // U+4ECE
    { 24, 23, 400, 0, 21, 69, 33682 }, // U+4ED6
    { 21, 22, 400, 3, 20, 58, 33751 }, // U+4EE5
    { 23, 24, 400, 1, 22, 69, 33809 }, // U+4EF6
    { 25, 23, 400, 0, 21, 72, 33878 }, // U+4F11
    { 23, 23, 400, 1, 21, 67, 33950 }, // U+4F1A
    { 24, 23, 400, 0, 21, 69, 34017 }, // U+4F20
    { 23, 23, 400, 1, 21, 67, 34086 }, // U+4F4D
    { 23, 24, 400, 1, 22, 69, 34153 }, // U+4F4F
    { 25, 23, 400, 0, 21, 72, 34222 }, // U+4F53
    { 25, 24, 400, 0, 22, 75, 34294 }, // U+4F59
    { 24, 23, 400, 1, 21, 69, 34369 }, // U+4F5C
    { 24, 23, 400, 1, 21, 69, 34438 }, // U+4F7F
    { 24, 24, 400, 0, 21, 72, 34507 }, // U+4F9B
    { 23, 24, 400, 0, 21, 69, 34579 }, // U+4FA7
    { 24, 23, 400, 1, 21, 69, 34648 }, // U+4FDD
    { 23, 25, 400, 0, 22, 72, 34717 }, // U+4FE1
    { 25, 23, 400, 0, 21, 72, 34789 }, // U+4FEE
    { 23, 23, 400, 0, 21, 67, 34861 }, // U+5012
    { 24, 23, 400, 0, 21, 69, 34928 }, // U+5024
    { 24, 24, 400, 0, 21, 72, 34997 }, // U+503E
    { 23, 23, 400, 1, 21, 67, 35069 }, // U+504F
    { 24, 24, 400, 0, 21, 72, 35136 }, // U+505C
    { 23, 24, 400, 0, 21, 69, 35208 }, // U+5074
    { 25, 24, 400, 0, 21, 75, 35277 }, // U+50BE
    { 24, 23, 400, 0, 21, 69, 35352 }, // U+50CF
    { 23, 24, 400, 1, 21, 69, 35421 }, // U+5148
    { 23, 24, 400, 1, 22, 69, 35490 }, // U+5149
    { 23, 22, 400, 1, 20, 64, 35559 }, // U+5165
    { 25, 23, 400, 0, 21, 72, 35623 }, // U+5168
    { 24, 23, 400, 1, 21, 69, 35695 }, // U+516D
    { 23, 23, 400, 1, 21, 67, 35764 }, // U+5173
    { 24, 24, 400, 1, 22, 72, 35831 }, // U+5176
    { 24, 24, 400, 0, 21, 72, 35903 }, // U+5178
    { 21, 24, 400, 3, 22, 63, 35975 }, // U+5185
    { 25, 22, 400, 0, 19, 69, 36038 }, // U+518C
    { 24, 23, 400, 0, 20, 69, 36107 }, // U+518D
    { 21, 22, 400, 2, 19, 58, 36176 }, // U+5199
    { 23, 23, 400, 1, 21, 67, 36234 }, // U+51C6
    { 24, 23, 400, 1, 21, 69, 36301 }, // U+51D1
    { 23, 22, 400, 1, 19, 64, 36370 }, // U+51E0
    { 25, 24, 400, 0, 21, 75, 36434 }, // U+51ED
    { 20, 23, 400, 3, 21, 58, 36509 }, // U+51FA
    { 23, 24, 400, 1, 21, 69, 36567 }, // U+5206
    { 24, 23, 400, 0, 20, 69, 36636 }, // U+5207
    { 22, 23, 400, 1, 21, 64, 36705 }, // U+5217
    { 23, 23, 400, 0, 21, 67, 36769 }, // U+521B
    { 22, 24, 400, 1, 21, 66, 36836 }, // U+5220
    { 22, 24, 400, 1, 21, 66, 36902 }, // U+5225
    { 21, 23, 400, 1, 21, 61, 36968 }, // U+5230
    { 22, 24, 400, 1, 21, 66, 37029 }, // U+5236
    { 23, 24, 400, 0, 21, 69, 37095 }, // U+5237
    { 22, 24, 400, 1, 21, 66, 37164 }, // U+523B
    { 21, 24, 400, 2, 21, 63, 37230 }, // U+524A
    { 22, 25, 400, 2, 22, 69, 37293 }, // U+524D
    { 23, 24, 400, 1, 21, 69, 37362 }, // U+526A
    { 22, 23, 400, 1, 21, 64, 37431 }, // U+5272
    { 22, 24, 400, 1, 21, 66, 37495 }, // U+529B
    { 24, 24, 400, 1, 21, 72, 37561 }, // U+529E
    { 24, 24, 400, 1, 21, 72, 37633 }, // U+529F
    { 23, 23, 400, 0, 21, 67, 37705 }, // U+52A0
    { 23, 24, 400, 1, 21, 69, 37772 }, // U+52A1
    { 23, 24, 400, 1, 21, 69, 37841 }, // U+52A8
    { 23, 24, 400, 1, 21, 69, 37910 }, // U+52B9
    { 23, 24, 400, 1, 21, 69, 37979 }, // U+52D5
    { 23, 24, 400, 1, 21, 69, 38048 }, // U+52FF
    { 24, 22, 400, 1, 20, 66, 38117 }, // U+5316
    { 21, 20, 400, 3, 20, 53, 38183 }, // U+5339
    { 21, 20, 400, 3, 19, 53, 38236 }, // U+533A
    { 23, 23, 400, 1, 21, 67, 38289 }, // U+5355
    { 23, 23, 400, 1, 21, 67, 38356 }, // U+5358
    { 20, 24, 400, 3, 21, 60, 38423 }, // U+5360
    { 23, 23, 400, 1, 21, 67, 38483 }, // U+5361
    { 22, 22, 400, 1, 20, 61, 38550 }, // U+5373
    { 24, 22, 400, 0, 19, 66, 38611 }, // U+5386
    { 23, 21, 400, 1, 19, 61, 38677 }, // U+539F
    { 23, 23, 400, 1, 21, 67, 38738 }, // U+53BB
    { 23, 23, 400, 1, 21, 67, 38805 }, // U+53CD
    { 23, 23, 400, 1, 21, 67, 38872 }, // U+53D1
    { 24, 22, 400, 0, 20, 66, 38939 }, // U+53D6
    { 19, 20, 400, 3, 18, 48, 39005 }, // U+53E3
    { 23, 22, 400, 1, 20, 64, 39053 }, // U+53EF
    { 23, 24, 400, 1, 22, 69, 39117 }, // U+53F2
    { 23, 23, 400, 1, 21, 67, 39186 }, // U+53F3
    { 23, 23, 400, 1, 20, 67, 39253 }, // U+53F7
    { 25, 25, 400, 0, 22, 79, 39320 }, // U+5408
    { 21, 21, 400, 2, 19, 56, 39399 }, // U+540C
    { 20, 24, 400, 1, 21, 60, 39455 }, // U+540D
    { 24, 23, 400, 0, 21, 69, 39515 }, // U+540E
    { 21, 23, 400, 3, 21, 61, 39584 }, // U+5411
    { 23, 22, 400, 1, 19, 64, 39645 }, // U+5426
    { 22, 24, 400, 0, 21, 66, 39709 }, // U+542F
    { 23, 23, 400, 1, 21, 67, 39775 }, // U+544A
    { 24, 23, 400, 1, 21, 69, 39842 }, // U+547D
    { 22, 23, 400, 1, 21, 64, 39911 }, // U+548C
    { 24, 22, 400, 1, 20, 66, 39975 }, // U+5668
    { 21, 20, 400, 2, 19, 53, 40041 }, // U+56DB
    { 22, 22, 400, 1, 20, 61, 40094 }, // U+56DE
    { 22, 22, 400, 1, 20, 61, 40155 }, // U+56E0
    { 22, 22, 400, 2, 20, 61, 40216 }, // U+56FA
    { 22, 22, 400, 1, 20, 61, 40277 }, // U+56FE
    { 23, 23, 400, 1, 21, 67, 40338 }, // U+5728
    { 24, 23, 400, 1, 21, 69, 40405 }, // U+5730
    { 23, 23, 400, 1, 21, 67, 40474 }, // U+5740
    { 24, 23, 400, 1, 21, 69, 40541 }, // U+574F
    { 24, 23, 400, 1, 21, 69, 40610 }, // U+57CB
    { 24, 24, 400, 1, 21, 72, 40679 }, // U+5831
    { 24, 25, 400, 1, 22, 75, 40751 }, // U+5907
    { 23, 23, 400, 1, 21, 67, 40826 }, // U+5909
    { 24, 23, 400, 1, 21, 69, 40893 }, // U+590D
    { 24, 23, 400, 1, 21, 69, 40962 }, // U+5916
    { 23, 23, 400, 1, 21, 67, 41031 }, // U+5927
    { 23, 21, 400, 1, 19, 61, 41098 }, // U+5929
    { 23, 23, 400, 1, 21, 67, 41159 }, // U+592E
    { 24, 24, 400, 1, 21, 72, 41226 }, // U+5931
    { 23, 23, 400, 1, 21, 67, 41298 }, // U+5939
    { 24, 25, 400, 0, 22, 75, 41365 }, // U+5982
    { 24, 25, 400, 0, 22, 75, 41440 }, // U+59CB
    { 23, 23, 400, 1, 21, 67, 41515 }, // U+5B57
    { 23, 23, 400, 1, 21, 67, 41582 }, // U+5B58
    { 23, 25, 400, 1, 22, 72, 41649 }, // U+5B66
    { 21, 23, 400, 2, 21, 61, 41721 }, // U+5B83
    { 23, 23, 400, 1, 21, 67, 41782 }, // U+5B87
    { 23, 23, 400, 1, 21, 67, 41849 }, // U+5B89
    { 24, 24, 400, 0, 22, 72, 41916 }, // U+5B8C
    { 21, 23, 400, 2, 21, 61, 41988 }, // U+5B99
    { 23, 24, 400, 1, 21, 69, 42049 }, // U+5B9A
    { 23, 24, 400, 1, 22, 69, 42118 }, // U+5B9E
    { 24, 23, 400, 1, 21, 69, 42187 }, // U+5B9F
    { 23, 23, 400, 1, 21, 67, 42256 }, // U+5BB9
    { 23, 24, 400, 1, 21, 69, 42323 }, // U+5BBD
    { 23, 23, 400, 1, 21, 67, 42392 }, // U+5BC6
    { 24, 23, 400, 1, 21, 69, 42459 }, // U+5BF9
    { 24, 23, 400, 0, 21, 69, 42528 }, // U+5C01
    { 23, 24, 400, 1, 21, 69, 42597 }, // U+5C04
    { 23, 23, 400, 1, 21, 67, 42666 }, // U+5C06
    { 24, 24, 400, 1, 21, 72, 42733 }, // U+5C0F
    { 24, 24, 400, 1, 21, 72, 42805 }, // U+5C31
    { 23, 22, 400, 0, 19, 64, 42877 }, // U+5C40
    { 24, 22, 400, 0, 19, 66, 42941 }, // U+5C45
    { 24, 22, 400, 0, 20, 66, 43007 }, // U+5C4F
    { 24, 22, 400, 0, 20, 66, 43073 }, // U+5C55
    { 24, 23, 400, 0, 20, 69, 43139 }, // U+5C65
    { 22, 24, 400, 0, 21, 66, 43208 }, // U+5D29
    { 23, 23, 400, 1, 21, 67, 43274 }, // U+5D4C
    { 24, 22, 400, 0, 21, 66, 43341 }, // U+5DE6
    { 22, 20, 400, 2, 19, 55, 43407 }, // U+5DF2
    { 23, 23, 400, 1, 21, 67, 43462 }, // U+5E03
    { 21, 24, 400, 2, 22, 63, 43529 }, // U+5E38
    { 24, 23, 400, 1, 21, 69, 43592 }, // U+5E55
    { 24, 23, 400, 1, 21, 69, 43661 }, // U+5E74
    { 23, 24, 400, 1, 21, 69, 43730 }, // U+5E76
    { 23, 23, 400, 1, 21, 67, 43799 }, // U+5E83
    { 24, 24, 400, 0, 21, 72, 43866 }, // U+5E94
    { 24, 24, 400, 0, 21, 72, 43938 }, // U+5E95
    { 24, 23, 400, 1, 21, 69, 44010 }, // U+5EA6
    { 24, 23, 400, 1, 21, 69, 44079 }, // U+5EFA
    { 23, 23, 400, 1, 20, 67, 44148 }, // U+5F00
    { 24, 23, 400, 1, 21, 69, 44215 }, // U+5F0F
    { 19, 24, 400, 2, 21, 57, 44284 }, // U+5F15
    { 23, 23, 400, 1, 20, 67, 44341 }, // U+5F35
    { 23, 24, 400, 1, 21, 69, 44408 }, // U+5F39
    { 19, 23, 400, 3, 21, 55, 44477 }, // U+5F53
    { 23, 23, 400, 1, 20, 67, 44532 }, // U+5F55
    { 24, 24, 400, 1, 21, 72, 44599 }, // U+5F62
    { 24, 24, 400, 0, 21, 72, 44671 }, // U+5F85
    { 24, 23, 400, 1, 21, 69, 44743 }, // U+5F8C
    { 25, 23, 400, 0, 21, 72, 44812 }, // U+5FA9
    { 24, 24, 400, 0, 21, 72, 44884 }, // U+5FAE
    { 24, 23, 400, 1, 21, 69, 44956 }, // U+5FC5
    { 23, 23, 400, 1, 21, 67, 45025 }, // U+5FC6
    { 23, 24, 400, 1, 22, 69, 45092 }, // U+5FD8
    { 24, 24, 400, 1, 21, 72, 45161 }, // U+5FEB
    { 24, 23, 400, 0, 21, 69, 45233 }, // U+5FFD
    { 23, 23, 400, 1, 21, 67, 45302 }, // U+6001
    { 23, 23, 400, 1, 21, 67, 45369 }, // U+6020
    { 23, 23, 400, 1, 21, 67, 45436 }, // U+6027
    { 23, 23, 400, 1, 21, 67, 45503 }, // U+603B
    { 23, 24, 400, 1, 21, 69, 45570 }, // U+6062
    { 23, 23, 400, 1, 21, 67, 45639 }, // U+606F
    { 24, 24, 400, 0, 21, 72, 45706 }, // U+60C5
    { 23, 24, 400, 1, 21, 69, 45778 }, // U+60EF
    { 24, 23, 400, 0, 21, 69, 45847 }, // U+60F0
    { 23, 23, 400, 0, 21, 67, 45916 }, // U+614B
    { 24, 24, 400, 0, 21, 72, 45983 }, // U+6163
    { 24, 24, 400, 1, 22, 72, 46055 }, // U+61A9
    { 23, 24, 400, 1, 21, 69, 46127 }, // U+6210
    { 23, 24, 400, 1, 22, 69, 46196 }, // U+6216
    { 23, 24, 400, 1, 21, 69, 46265 }, // U+622A
    { 21, 23, 400, 0, 21, 61, 46334 }, // U+6237
    { 24, 23, 400, 0, 21, 69, 46395 }, // U+623B
    { 24, 24, 400, 0, 21, 72, 46464 }, // U+6240
    { 23, 24, 400, 1, 21, 69, 46536 }, // U+624B
    { 24, 25, 400, 0, 22, 75, 46605 }, // U+6253
    { 24, 25, 400, 1, 22, 75, 46680 }, // U+6269
    { 23, 24, 400, 0, 21, 69, 46755 }, // U+626B
    { 25, 25, 400, 0, 22, 79, 46824 }, // U+627E
    { 23, 25, 400, 1, 22, 72, 46903 }, // U+6295
    { 24, 25, 400, 1, 22, 75, 46975 }, // U+6297
    { 23, 24, 400, 1, 21, 69, 47050 }, // U+629C
    { 25, 25, 400, 0, 22, 79, 47119 }, // U+629E
    { 24, 24, 400, 0, 21, 72, 47198 }, // U+62A5
    { 23, 23, 400, 1, 21, 67, 47270 }, // U+62BC
    { 24, 25, 400, 1, 22, 75, 47337 }, // U+62E1
    { 24, 25, 400, 1, 22, 75, 47412 }, // U+62E9
    { 24, 25, 400, 1, 22, 75, 47487 }, // U+6301
    { 23, 25, 400, 1, 22, 72, 47562 }, // U+6309
    { 25, 24, 400, 0, 21, 75, 47634 }, // U+6357
    { 23, 24, 400, 1, 21, 69, 47709 }, // U+635F
    { 24, 24, 400, 1, 21, 72, 47778 }, // U+6362
    { 24, 23, 400, 1, 21, 69, 47850 }, // U+636E
    { 23, 24, 400, 1, 21, 69, 47919 }, // U+6392
    { 24, 25, 400, 0, 22, 75, 47988 }, // U+63A5
    { 24, 25, 400, 1, 22, 75, 48063 }, // U+63A7
    { 23, 25, 400, 1, 22, 72, 48138 }, // U+63C3
    { 23, 24, 400, 1, 21, 69, 48210 }, // U+63CF
    { 24, 25, 400, 1, 22, 75, 48279 }, // U+63D0
    { 24, 24, 400, 0, 21, 72, 48354 }, // U+63D2
    { 24, 24, 400, 1, 21, 72, 48426 }, // U+641C
    { 24, 24, 400, 0, 21, 72, 48498 }, // U+64CD
    { 22, 23, 400, 2, 21, 64, 48570 }, // U+6536
    { 24, 24, 400, 0, 21, 72, 48634 }, // U+653E
    { 23, 23, 400, 1, 21, 67, 48706 }, // U+6545
    { 23, 23, 400, 1, 21, 67, 48773 }, // U+6548
    { 24, 23, 400, 1, 21, 69, 48840 }, // U+6557
    { 23, 23, 400, 1, 21, 67, 48909 }, // U+6570
    { 23, 23, 400, 1, 21, 67, 48976 }, // U+6587
    { 24, 23, 400, 0, 21, 69, 49043 }, // U+659C
    { 23, 23, 400, 2, 21, 67, 49112 }, // U+65AD
    { 24, 24, 400, 1, 21, 72, 49179 }, // U+65B0
    { 22, 24, 400, 1, 21, 66, 49251 }, // U+65B9
    { 24, 23, 400, 1, 20, 69, 49317 }, // U+65E0
    { 23, 22, 400, 1, 20, 64, 49386 }, // U+65E2
    { 17, 21, 400, 4, 19, 45, 49450 }, // U+65E5
    { 23, 22, 400, 1, 20, 64, 49495 }, // U+65E9
    { 23, 24, 400, 2, 22, 69, 49559 }, // U+65F6
    { 23, 22, 400, 1, 20, 64, 49628 }, // U+661F
    { 23, 25, 400, 1, 22, 72, 49692 }, // U+6620
    { 24, 23, 400, 0, 20, 69, 49764 }, // U+662F
    { 24, 21, 400, 0, 20, 63, 49833 }, // U+663E
    { 23, 24, 400, 1, 22, 69, 49896 }, // U+6642
    { 24, 24, 400, 1, 21, 72, 49965 }, // U+6682
    { 23, 25, 400, 1, 22, 72, 50037 }, // U+6697
    { 23, 23, 400, 1, 20, 67, 50109 }, // U+66F4
    { 23, 24, 400, 1, 21, 69, 50176 }, // U+66F8
    { 23, 24, 400, 1, 21, 69, 50245 }, // U+66FF
    { 23, 22, 400, 1, 20, 64, 50314 }, // U+6700
    { 21, 22, 400, 0, 19, 58, 50378 }, // U+6708
    { 23, 23, 400, 1, 21, 67, 50436 }, // U+6709
    { 25, 23, 400, 0, 20, 72, 50503 }, // U+670D
    { 23, 24, 400, 1, 21, 69, 50575 }, // U+671F
    { 23, 23, 400, 1, 21, 67, 50644 }, // U+672A
    { 23, 23, 400, 1, 21, 67, 50711 }, // U+672B
    { 23, 23, 400, 1, 21, 67, 50778 }, // U+672C
    { 25, 24, 400, 0, 21, 75, 50845 }, // U+673A
    { 23, 23, 400, 1, 21, 67, 50920 }, // U+6761
    { 23, 24, 400, 1, 22, 69, 50987 }, // U+6765
    { 23, 23, 400, 1, 21, 67, 51056 }, // U+677E
    { 23, 23, 400, 1, 21, 67, 51123 }, // U+6790
    { 23, 22, 400, 1, 20, 64, 51190 }, // U+679C
    { 23, 22, 400, 1, 21, 64, 51254 }, // U+67E5
    { 23, 24, 400, 1, 21, 69, 51318 }, // U+6807
    { 23, 23, 400, 1, 21, 67, 51387 }, // U+680F
    { 24, 23, 400, 0, 21, 69, 51454 }, // U+6821
    { 24, 23, 400, 0, 21, 69, 51523 }, // U+6837
    { 24, 23, 400, 1, 21, 69, 51592 }, // U+6839
    { 24, 24, 400, 1, 21, 72, 51661 }, // U+683C
    { 24, 23, 400, 1, 21, 69, 51733 }, // U+6848
    { 23, 23, 400, 0, 21, 67, 51802 }, // U+6863
    { 24, 23, 400, 0, 21, 69, 51869 }, // U+68C0
    { 25, 24, 400, 0, 21, 75, 51938 }, // U+691C
    { 24, 24, 400, 0, 21, 72, 52013 }, // U+6A19
    { 23, 24, 400, 1, 21, 69, 52085 }, // U+6A21
    { 24, 24, 400, 0, 21, 72, 52154 }, // U+6A2A
    { 24, 24, 400, 0, 21, 72, 52226 }, // U+6A5F
    { 23, 23, 400, 1, 21, 67, 52298 }, // U+6B21
    { 23, 22, 400, 1, 21, 64, 52365 }, // U+6B62
    { 23, 20, 400, 1, 19, 58, 52429 }, // U+6B63
    { 23, 23, 400, 1, 21, 67, 52487 }, // U+6B64
    { 23, 24, 400, 1, 22, 69, 52554 }, // U+6B65
    { 24, 21, 400, 1, 19, 63, 52623 }, // U+6B74
    { 24, 23, 400, 1, 21, 69, 52686 }, // U+6B8B
    { 24, 24, 400, 0, 21, 72, 52755 }, // U+6BB5
    { 23, 24, 400, 1, 21, 69, 52827 }, // U+6BCF
    { 22, 23, 400, 2, 21, 64, 52896 }, // U+6BD4
    { 24, 24, 400, 1, 21, 72, 52960 }, // U+6C7A
    { 23, 23, 400, 1, 21, 67, 53032 }, // U+6CA1
    { 23, 23, 400, 1, 21, 67, 53099 }, // U+6CD5
    { 23, 24, 400, 1, 22, 69, 53166 }, // U+6CE8
    { 24, 24, 400, 1, 21, 72, 53235 }, // U+6D2A
    { 23, 23, 400, 1, 21, 67, 53307 }, // U+6D45
    { 21, 24, 400, 1, 21, 63, 53374 }, // U+6D4F
    { 23, 24, 400, 1, 22, 69, 53437 }, // U+6D88
    { 23, 23, 400, 1, 21, 67, 53506 }, // U+6DF1
    { 24, 24, 400, 1, 21, 72, 53573 }, // U+6DFB
    { 23, 25, 400, 1, 22, 72, 53645 }, // U+6E05
    { 23, 24, 400, 1, 21, 69, 53717 }, // U+6E08
    { 23, 23, 400, 1, 21, 67, 53786 }, // U+6E83
    { 24, 24, 400, 1, 21, 72, 53853 }, // U+6E90
    { 23, 24, 400, 1, 22, 69, 53925 }, // U+6E96
    { 24, 24, 400, 1, 21, 72, 53994 }, // U+6EE4
    { 22, 23, 400, 1, 21, 64, 54066 }, // U+70B9
    { 24, 23, 400, 1, 21, 69, 54130 }, // U+70ED
    { 23, 25, 400, 1, 22, 72, 54199 }, // U+7121
    { 24, 23, 400, 0, 21, 69, 54271 }, // U+7136
    { 23, 22, 400, 1, 20, 64, 54340 }, // U+7167
    { 22, 23, 400, 1, 21, 64, 54404 }, // U+7247
    { 24, 23, 400, 0, 21, 69, 54468 }, // U+7248
    { 23, 23, 400, 1, 21, 67, 54537 }, // U+72AC
    { 24, 23, 400, 1, 21, 69, 54604 }, // U+72B6
    { 23, 24, 400, 1, 21, 69, 54673 }, // U+72D0
    { 23, 23, 400, 1, 21, 67, 54742 }, // U+72ED
    { 22, 24, 400, 2, 22, 66, 54809 }, // U+7384
    { 23, 23, 400, 1, 21, 67, 54875 }, // U+7387
    { 23, 22, 400, 1, 20, 64, 54942 }, // U+73B0
    { 25, 23, 400, 0, 20, 72, 55006 }, // U+73FE
    { 24, 22, 400, 1, 20, 66, 55078 }, // U+7406
    { 23, 23, 400, 0, 20, 67, 55144 }, // U+7528
    { 21, 23, 400, 2, 21, 61, 55211 }, // U+7531
    { 21, 23, 400, 3, 21, 61, 55272 }, // U+7535
    { 20, 21, 400, 3, 19, 53, 55333 }, // U+753B
    { 23, 24, 400, 1, 21, 69, 55386 }, // U+754C
    { 21, 24, 400, 2, 21, 63, 55455 }, // U+7559
    { 24, 24, 400, 1, 21, 72, 55518 }, // U+7565
    { 23, 24, 400, 1, 21, 69, 55590 }, // U+756A
    { 23, 23, 400, 1, 21, 67, 55659 }, // U+767B
    { 19, 24, 400, 3, 22, 57, 55726 }, // U+767D
    { 22, 21, 400, 2, 19, 58, 55783 }, // U+767E
    { 22, 23, 400, 2, 21, 64, 55841 }, // U+7684
    { 23, 24, 400, 1, 22, 69, 55905 }, // U+76D8
    { 18, 21, 400, 3, 19, 48, 55974 }, // U+76EE
    { 24, 24, 400, 0, 21, 72, 56022 }, // U+7701
    { 23, 23, 400, 1, 21, 67, 56094 }, // U+770B
    { 23, 23, 400, 1, 20, 67, 56161 }, // U+7720
    { 23, 23, 400, 1, 21, 67, 56228 }, // U+77ED
    { 23, 22, 400, 1, 20, 64, 56295 }, // U+7801
    { 23, 24, 400, 1, 21, 69, 56359 }, // U+786E
    { 24, 23, 400, 1, 21, 69, 56428 }, // U+78BA
    { 23, 21, 400, 1, 19, 61, 56497 }, // U+793A
    { 23, 24, 400, 1, 21, 69, 56558 }, // U+7981
    { 23, 24, 400, 1, 21, 69, 56627 }, // U+79D2
    { 23, 23, 400, 1, 21, 67, 56696 }, // U+79F0
    { 24, 25, 400, 0, 22, 75, 56763 }, // U+79FB
    { 24, 23, 400, 0, 21, 69, 56838 }, // U+7A0B
    { 24, 23, 400, 0, 21, 69, 56907 }, // U+7A33
    { 21, 24, 400, 2, 22, 63, 56976 }, // U+7A7A
    { 21, 24, 400, 2, 22, 63, 57039 }, // U+7A97
    { 22, 22, 400, 2, 21, 61, 57102 }, // U+7ACB
    { 24, 23, 400, 1, 21, 69, 57163 }, // U+7AD6
    { 23, 23, 400, 1, 21, 67, 57232 }, // U+7AE0
    { 23, 24, 400, 1, 21, 69, 57299 }, // U+7AEF
    { 23, 24, 400, 1, 21, 69, 57368 }, // U+7B26
    { 23, 24, 400, 1, 22, 69, 57437 }, // U+7B2C
    { 24, 23, 400, 0, 21, 69, 57506 }, // U+7B54
    { 24, 22, 400, 0, 21, 66, 57575 }, // U+7B7E
    { 22, 23, 400, 1, 21, 64, 57641 }, // U+7B80
    { 23, 25, 400, 1, 22, 72, 57705 }, // U+7BA1
    { 24, 24, 400, 0, 22, 72, 57777 }, // U+7C4D
    { 24, 23, 400, 1, 21, 69, 57849 }, // U+7C97
    { 24, 24, 400, 1, 21, 72, 57918 }, // U+7CCA
    { 21, 23, 400, 2, 21, 61, 57990 }, // U+7CFB
    { 23, 25, 400, 1, 22, 72, 58051 }, // U+7D20
    { 22, 24, 400, 2, 21, 66, 58123 }, // U+7D22
    { 21, 23, 400, 2, 21, 61, 58189 }, // U+7D27
    { 23, 23, 400, 1, 21, 67, 58250 }, // U+7D30
    { 24, 23, 400, 0, 21, 69, 58317 }, // U+7D42
    { 24, 23, 400, 1, 21, 69, 58386 }, // U+7D4C
    { 24, 24, 400, 0, 21, 72, 58455 }, // U+7D71
    { 24, 24, 400, 0, 21, 72, 58527 }, // U+7D9A
    { 24, 24, 400, 0, 21, 72, 58599 }, // U+7E26
    { 23, 23, 400, 1, 21, 67, 58671 }, // U+7E3E
    { 23, 23, 400, 1, 21, 67, 58738 }, // U+7EBF
    { 24, 23, 400, 0, 21, 69, 58805 }, // U+7EC6
    { 24, 23, 400, 1, 21, 69, 58874 }, // U+7EC8
    { 23, 23, 400, 1, 21, 67, 58943 }, // U+7ECF
    { 24, 23, 400, 0, 21, 69, 59010 }, // U+7EDC
    { 24, 25, 400, 0, 22, 75, 59079 }, // U+7EDF
    { 23, 21, 400, 1, 21, 61, 59154 }, // U+7EE7
    { 24, 23, 400, 0, 21, 69, 59215 }, // U+7EED
    { 23, 23, 400, 1, 21, 67, 59284 }, // U+7EF4
    { 24, 23, 400, 1, 21, 69, 59351 }, // U+7F13
    { 22, 24, 400, 1, 21, 66, 59420 }, // U+7F16
    { 21, 21, 400, 2, 19, 56, 59486 }, // U+7F51
    { 23, 22, 400, 1, 20, 64, 59542 }, // U+7F6E
    { 20, 22, 400, 2, 20, 55, 59606 }, // U+7FD2
    { 23, 23, 400, 1, 21, 67, 59661 }, // U+7FFB
    { 23, 24, 400, 1, 22, 69, 59728 }, // U+80FD
    { 23, 24, 400, 1, 21, 69, 59797 }, // U+811A
    { 18, 23, 400, 4, 21, 52, 59866 }, // U+81EA
    { 24, 25, 400, 1, 22, 75, 59918 }, // U+822C
    { 23, 23, 400, 1, 21, 67, 59993 }, // U+8272
    { 23, 23, 400, 1, 21, 67, 60060 }, // U+8282
    { 23, 24, 400, 1, 21, 69, 60127 }, // U+8304
    { 24, 24, 400, 1, 21, 72, 60196 }, // U+8336
    { 23, 24, 400, 1, 21, 69, 60268 }, // U+8352
    { 23, 25, 400, 1, 22, 72, 60337 }, // U+83B7
    { 24, 23, 400, 1, 21, 69, 60409 }, // U+83DC
    { 23, 23, 400, 1, 21, 67, 60478 }, // U+843D
    { 24, 23, 400, 1, 21, 69, 60545 }, // U+8535
    { 24, 23, 400, 1, 21, 69, 60614 }, // U+8584
    { 24, 23, 400, 1, 21, 69, 60683 }, // U+85CF
    { 24, 23, 400, 0, 21, 69, 60752 }, // U+884C
    { 23, 23, 400, 1, 21, 67, 60821 }, // U+8868
    { 23, 24, 400, 1, 21, 69, 60888 }, // U+88C1
    { 24, 24, 400, 1, 21, 72, 60957 }, // U+88C5
    { 23, 24, 400, 1, 21, 69, 61029 }, // U+88DC
    { 24, 24, 400, 0, 21, 72, 61098 }, // U+892A
    { 23, 22, 400, 1, 20, 64, 61170 }, // U+8981
    { 24, 24, 400, 0, 21, 72, 61234 }, // U+8996
    { 23, 25, 400, 1, 22, 72, 61306 }, // U+89A7
    { 22, 24, 400, 1, 22, 66, 61378 }, // U+89C8
    { 24, 24, 400, 0, 21, 72, 61444 }, // U+89E3
    { 23, 24, 400, 1, 21, 69, 61516 }, // U+8A00
    { 23, 23, 400, 1, 21, 67, 61585 }, // U+8A08
    { 23, 23, 400, 1, 21, 67, 61652 }, // U+8A18
    { 24, 24, 400, 1, 21, 72, 61719 }, // U+8A2D
    { 24, 23, 400, 1, 21, 69, 61791 }, // U+8A3C
    { 23, 24, 400, 1, 22, 69, 61860 }, // U+8A66
    { 23, 23, 400, 1, 21, 67, 61929 }, // U+8A73
    { 23, 24, 400, 1, 22, 69, 61996 }, // U+8A8D
    { 23, 25, 400, 1, 22, 72, 62065 }, // U+8A9E
    { 23, 24, 400, 1, 21, 69, 62137 }, // U+8AAD
    { 24, 23, 400, 0, 21, 69, 62206 }, // U+8BA1
    { 23, 23, 400, 1, 20, 67, 62275 }, // U+8BA2
    { 24, 23, 400, 1, 21, 69, 62342 }, // U+8BA4
    { 24, 22, 400, 0, 20, 66, 62411 }, // U+8BB0
    { 24, 23, 400, 1, 21, 69, 62477 }, // U+8BBE
    { 23, 23, 400, 1, 21, 67, 62546 }, // U+8BC1
    { 24, 22, 400, 0, 20, 66, 62613 }, // U+8BCD
    { 23, 24, 400, 1, 21, 69, 62679 }, // U+8BD5
    { 24, 23, 400, 0, 21, 69, 62748 }, // U+8BE6
    { 23, 23, 400, 1, 20, 67, 62817 }, // U+8BED
    { 23, 23, 400, 1, 21, 67, 62884 }, // U+8BEF
    { 24, 25, 400, 0, 22, 75, 62951 }, // U+8BF7
    { 24, 23, 400, 0, 21, 69, 63026 }, // U+8BFB
    { 24, 23, 400, 0, 21, 69, 63095 }, // U+8D25
    { 24, 24, 400, 0, 21, 72, 63164 }, // U+8D26
    { 24, 23, 400, 0, 21, 69, 63236 }, // U+8D77
    { 25, 23, 400, 0, 21, 72, 63305 }, // U+8D85
    { 25, 23, 400, 0, 21, 72, 63377 }, // U+8D8A
    { 24, 21, 400, 0, 20, 63, 63449 }, // U+8DDD
    { 25, 22, 400, 0, 20, 69, 63512 }, // U+8DDF
    { 24, 25, 400, 0, 22, 75, 63581 }, // U+8DF3
    { 23, 23, 400, 1, 21, 67, 63656 }, // U+8EE2
    { 23, 25, 400, 1, 22, 72, 63723 }, // U+8F6C
    { 23, 24, 400, 1, 22, 69, 63795 }, // U+8F6E
    { 23, 25, 400, 1, 22, 72, 63864 }, // U+8F7D
    { 24, 23, 400, 1, 21, 69, 63936 }, // U+8F91
    { 24, 24, 400, 1, 21, 72, 64005 }, // U+8F93
    { 24, 24, 400, 1, 21, 72, 64077 }, // U+8FB9
    { 23, 23, 400, 1, 21, 67, 64149 }, // U+8FBC
    { 23, 23, 400, 1, 21, 67, 64216 }, // U+8FBE
    { 23, 23, 400, 1, 21, 67, 64283 }, // U+8FC7
    { 24, 23, 400, 1, 21, 69, 64350 }, // U+8FD1
    { 23, 23, 400, 1, 21, 67, 64419 }, // U+8FD4
    { 24, 25, 400, 1, 22, 75, 64486 }, // U+8FD9
    { 23, 23, 400, 1, 21, 67, 64561 }, // U+8FDB
    { 24, 24, 400, 1, 21, 72, 64628 }, // U+8FDE
    { 23, 24, 400, 1, 21, 69, 64700 }, // U+8FFD
    { 23, 22, 400, 1, 20, 64, 64769 }, // U+9000
    { 24, 25, 400, 1, 22, 75, 64833 }, // U+9001
    { 23, 23, 400, 1, 21, 67, 64908 }, // U+9002
    { 23, 24, 400, 1, 21, 69, 64975 }, // U+9006
    { 24, 24, 400, 1, 21, 72, 65044 }, // U+9009
    { 23, 24, 400, 1, 21, 69, 65116 }, // U+901F
    { 24, 24, 400, 1, 21, 72, 65185 }, // U+9023
    { 23, 24, 400, 1, 21, 69, 65257 }, // U+9032
    { 24, 24, 400, 1, 21, 72, 65326 }, // U+904E
    { 24, 23, 400, 1, 20, 69, 65398 }, // U+9078
    { 22, 23, 400, 1, 21, 64, 65467 }, // U+90E8
    { 24, 23, 400, 0, 21, 69, 65531 }, // U+90FD
    { 23, 22, 400, 2, 20, 64, 65600 }, // U+914D
    { 23, 23, 400, 1, 21, 67, 65664 }, // U+91CD
    { 23, 22, 400, 1, 20, 64, 65731 }, // U+91CF
    { 24, 25, 400, 1, 22, 75, 65795 }, // U+9332
    { 23, 23, 400, 1, 21, 67, 65870 }, // U+9488
    { 23, 23, 400, 1, 21, 67, 65937 }, // U+949F
    { 24, 24, 400, 0, 22, 72, 66004 }, // U+94FE
    { 23, 24, 400, 1, 22, 69, 66076 }, // U+9501
    { 23, 24, 400, 1, 21, 69, 66145 }, // U+9519
    { 24, 24, 400, 0, 21, 72, 66214 }, // U+952E
    { 23, 24, 400, 1, 21, 69, 66286 }, // U+952F
    { 23, 25, 400, 1, 22, 72, 66355 }, // U+955C
    { 24, 22, 400, 1, 20, 66, 66427 }, // U+9577
    { 23, 23, 400, 1, 21, 67, 66493 }, // U+957F
    { 22, 23, 400, 2, 20, 64, 66560 }, // U+958B
    { 22, 23, 400, 2, 20, 64, 66624 }, // U+9593
    { 22, 23, 400, 2, 20, 64, 66688 }, // U+95B2
    { 20, 24, 400, 3, 21, 60, 66752 }, // U+95ED
    { 20, 24, 400, 3, 21, 60, 66812 }, // U+95EE
    { 20, 23, 400, 3, 21, 58, 66872 }, // U+95F4
    { 20, 24, 400, 3, 21, 60, 66930 }, // U+9605
    { 21, 22, 400, 2, 20, 58, 66990 }, // U+9633
    { 22, 24, 400, 2, 21, 66, 67048 }, // U+9636
    { 22, 24, 400, 2, 21, 66, 67114 }, // U+9644
    { 21, 22, 400, 3, 20, 58, 67180 }, // U+9650
    { 23, 24, 400, 2, 21, 69, 67238 }, // U+9664
    { 22, 24, 400, 2, 21, 66, 67307 }, // U+968E
    { 22, 24, 400, 2, 21, 66, 67373 }, // U+968F
    { 22, 24, 400, 2, 21, 66, 67439 }, // U+9690
    { 22, 24, 400, 2, 21, 66, 67505 }, // U+9694
    { 22, 24, 400, 2, 22, 66, 67571 }, // U+969C
    { 22, 24, 400, 2, 21, 66, 67637 }, // U+96A0
    { 24, 24, 400, 1, 22, 72, 67703 }, // U+96C6
    { 23, 23, 400, 1, 21, 67, 67775 }, // U+96E3
    { 22, 22, 400, 2, 20, 61, 67842 }, // U+96FB
    { 23, 23, 400, 1, 20, 67, 67903 }, // U+9700
    { 23, 23, 400, 1, 21, 67, 67970 }, // U+975E
    { 22, 21, 400, 2, 19, 58, 68037 }, // U+9762
    { 24, 22, 400, 1, 20, 66, 68095 }, // U+9805
    { 24, 23, 400, 0, 21, 69, 68161 }, // U+983B
    { 23, 21, 400, 1, 19, 61, 68230 }, // U+9875
    { 23, 22, 400, 1, 20, 64, 68291 }, // U+9876
    { 23, 22, 400, 1, 20, 64, 68355 }, // U+9879
    { 23, 23, 400, 1, 20, 67, 68419 }, // U+987A
    { 23, 22, 400, 1, 20, 64, 68486 }, // U+9884
    { 24, 24, 400, 0, 21, 72, 68550 }, // U+9891
    { 24, 23, 400, 1, 20, 69, 68622 }, // U+9898
    { 24, 25, 400, 1, 22, 75, 68691 }, // U+989D
    { 24, 22, 400, 1, 19, 66, 68766 }, // U+98DB
    { 24, 23, 400, 0, 21, 69, 68832 }, // U+9988
    { 25, 25, 400, 0, 22, 79, 68901 }, // U+9A8C
    { 23, 23, 400, 1, 21, 67, 68980 }, // U+9EC4
    { 25, 23, 400, 0, 21, 72, 69047 }, // U+9ED8
    { 24, 23, 400, 0, 21, 69, 69119 }, // U+9F50
    { 23, 24, 400, 1, 22, 69, 69188 }, // U+9F7F
    { 18, 19, 310, 2, 19, 43, 69257 }, // U+FB00
    { 13, 19, 257, 2, 19, 31, 69300 }, // U+FB01
    { 14, 19, 265, 2, 19, 34, 69331 }, // U+FB02
    { 23, 19, 413, 2, 19, 55, 69365 }, // U+FB03
    { 24, 19, 421, 2, 19, 57, 69420 }, // U+FB04
    { 3, 19, 400, 5, 19, 8, 69477 }, // U+FF01
    { 7, 8, 400, 9, 22, 7, 69485 }, // U+FF02
    { 17, 20, 400, 4, 20, 43, 69492 }, // U+FF03
    { 13, 25, 400, 6, 22, 41, 69535 }, // U+FF04
    { 20, 19, 400, 3, 19, 48, 69576 }, // U+FF05
    { 16, 20, 400, 5, 19, 40, 69624 }, // U+FF06
    { 3, 8, 400, 11, 22, 3, 69664 }, // U+FF07
    { 6, 25, 400, 18, 22, 19, 69667 }, // U+FF08
    { 6, 25, 400, 1, 22, 19, 69686 }, // U+FF09
    { 17, 19, 400, 4, 19, 41, 69705 }, // U+FF0A
    { 19, 19, 400, 3, 19, 46, 69746 }, // U+FF0B
    { 5, 8, 400, 2, 6, 5, 69792 }, // U+FF0C
    { 19, 1, 400, 3, 10, 3, 69797 }, // U+FF0D
    { 3, 3, 400, 4, 3, 2, 69800 }, // U+FF0E
    { 23, 23, 400, 1, 21, 67, 69802 }, // U+FF0F
    { 13, 19, 400, 6, 19, 31, 69869 }, // U+FF10
    { 12, 19, 400, 7, 19, 29, 69900 }, // U+FF11
    { 13, 19, 400, 6, 19, 31, 69929 }, // U+FF12
    { 13, 19, 400, 6, 19, 31, 69960 }, // U+FF13
    { 15, 20, 400, 5, 19, 38, 69991 }, // U+FF14
    { 13, 18, 400, 6, 18, 30, 70029 }, // U+FF15
    { 13, 19, 400, 6, 19, 31, 70059 }, // U+FF16
    { 13, 19, 400, 6, 18, 31, 70090 }, // U+FF17
    { 13, 19, 400, 6, 19, 31, 70121 }, // U+FF18
    { 13, 19, 400, 6, 19, 31, 70152 }, // U+FF19
    { 3, 15, 400, 5, 15, 6, 70183 }, // U+FF1A
    { 5, 20, 400, 4, 15, 13, 70189 }, // U+FF1B
    { 20, 20, 400, 2, 19, 50, 70202 }, // U+FF1C
    { 19, 7, 400, 3, 13, 17, 70252 }, // U+FF1D
    { 20, 20, 400, 3, 19, 50, 70269 }, // U+FF1E
    { 11, 19, 400, 0, 19, 27, 70319 }, // U+FF1F
    { 19, 22, 400, 3, 20, 53, 70346 }, // U+FF20
    { 17, 19, 400, 4, 18, 41, 70399 }, // U+FF21
    { 14, 18, 400, 6, 18, 32, 70440 }, // U+FF22
    { 15, 19, 400, 5, 19, 36, 70472 }, // U+FF23
    { 14, 18, 400, 6, 18, 32, 70508 }, // U+FF24
    { 12, 18, 400, 7, 18, 27, 70540 }, // U+FF25
    { 12, 19, 400, 8, 18, 29, 70567 }, // U+FF26
    { 15, 19, 400, 5, 19, 36, 70596 }, // U+FF27
    { 14, 19, 400, 6, 19, 34, 70632 }, // U+FF28
    { 13, 18, 400, 6, 18, 30, 70666 }, // U+FF29
    { 11, 19, 400, 6, 19, 27, 70696 }, // U+FF2A
    { 14, 19, 400, 7, 19, 34, 70723 }, // U+FF2B
    { 12, 19, 400, 8, 19, 29, 70757 }, // U+FF2C
    { 16, 19, 400, 4, 19, 38, 70786 }, // U+FF2D
    { 14, 19, 400, 6, 19, 34, 70824 }, // U+FF2E
    { 17, 19, 400, 4, 19, 41, 70858 }, // U+FF2F
    { 13, 19, 400, 7, 18, 31, 70899 }, // U+FF30
    { 18, 23, 400, 4, 19, 52, 70930 }, // U+FF31
    { 14, 19, 400, 7, 18, 34, 70982 }, // U+FF32
    { 15, 19, 400, 5, 19, 36, 71016 }, // U+FF33
    { 15, 19, 400, 5, 18, 36, 71052 }, // U+FF34
    { 14, 19, 400, 6, 19, 34, 71088 }, // U+FF35
    { 17, 19, 400, 4, 19, 41, 71122 }, // U+FF36
    { 23, 19, 400, 1, 19, 55, 71163 }, // U+FF37
    { 15, 19, 400, 5, 19, 36, 71218 }, // U+FF38
    { 15, 19, 400, 5, 19, 36, 71254 }, // U+FF39
    { 15, 18, 400, 5, 18, 34, 71290 }, // U+FF3A
    { 7, 23, 400, 18, 21, 21, 71324 }, // U+FF3B
    { 23, 23, 400, 1, 21, 67, 71345 }, // U+FF3C
    { 7, 23, 400, 0, 21, 21, 71412 }, // U+FF3D
    { 8, 5, 400, 9, 24, 5, 71433 }, // U+FF3E
    { 25, 1, 400, 0, -2, 4, 71438 }, // U+FF3F
    { 5, 4, 400, 9, 25, 3, 71442 }, // U+FF40
    { 11, 14, 400, 7, 14, 20, 71445 }, // U+FF41
    { 13, 21, 400, 7, 21, 35, 71465 }, // U+FF42
    { 13, 14, 400, 7, 14, 23, 71500 }, // U+FF43
    { 13, 21, 400, 6, 21, 35, 71523 }, // U+FF44
    { 13, 14, 400, 6, 14, 23, 71558 }, // U+FF45
    { 14, 21, 400, 7, 20, 37, 71581 }, // U+FF46
    { 13, 20, 400, 6, 14, 33, 71618 }, // U+FF47
    { 11, 20, 400, 7, 20, 28, 71651 }, // U+FF48
    { 3, 19, 400, 11, 19, 8, 71679 }, // U+FF49
    { 10, 25, 400, 6, 19, 32, 71687 }, // U+FF4A
    { 12, 20, 400, 8, 20, 30, 71719 }, // U+FF4B
    { 7, 21, 400, 12, 21, 19, 71749 }, // U+FF4C
    { 20, 14, 400, 3, 14, 35, 71768 }, // U+FF4D
    { 11, 14, 400, 7, 14, 20, 71803 }, // U+FF4E
    { 15, 14, 400, 5, 14, 27, 71823 }, // U+FF4F
    { 12, 21, 400, 7, 14, 32, 71850 }, // U+FF50
    { 13, 21, 400, 6, 14, 35, 71882 }, // U+FF51
    { 10, 14, 400, 9, 14, 18, 71917 }, // U+FF52
    { 12, 14, 400, 6, 14, 21, 71935 }, // U+FF53
    { 14, 17, 400, 6, 17, 30, 71956 }, // U+FF54
    { 11, 14, 400, 7, 14, 20, 71986 }, // U+FF55
    { 13, 14, 400, 6, 14, 23, 72006 }, // U+FF56
    { 21, 14, 400, 2, 14, 37, 72029 }, // U+FF57
    { 13, 14, 400, 6, 14, 23, 72066 }, // U+FF58
    { 13, 20, 400, 6, 14, 33, 72089 }, // U+FF59
    { 13, 13, 400, 6, 13, 22, 72122 }, // U+FF5A
    { 7, 25, 400, 17, 22, 22, 72144 }, // U+FF5B
    { 1, 25, 400, 12, 22, 4, 72166 }, // U+FF5C
    { 7, 25, 400, 1, 22, 22, 72170 }, // U+FF5D
    { 23, 5, 400, 1, 12, 15, 72192 }, // U+FF5E
    { 9, 25, 400, 15, 22, 29, 72207 }, // U+FF5F
    { 9, 25, 400, 1, 22, 29, 72236 }, // U+FF60
    { 7, 8, 200, 1, 6, 7, 72265 }, // U+FF61
    { 8, 17, 200, 4, 21, 17, 72272 }, // U+FF62
    { 8, 17, 200, 1, 15, 17, 72289 }, // U+FF63
    { 8, 8, 200, 0, 6, 8, 72306 }, // U+FF64
    { 4, 4, 200, 4, 12, 2, 72314 }, // U+FF65
    { 14, 12, 368, 4, 15, 21, 72316 }, // U+FFA1
    { 17, 12, 368, 3, 15, 26, 72337 }, // U+FFA2
    { 18, 13, 368, 3, 16, 30, 72363 }, // U+FFA3
    { 14, 13, 368, 5, 16, 23, 72393 }, // U+FFA4
    { 15, 13, 368, 5, 16, 25, 72416 }, // U+FFA5
    { 15, 13, 368, 5, 16, 25, 72441 }, // U+FFA6
    { 14, 12, 368, 5, 15, 21, 72466 }, // U+FFA7
    { 15, 12, 368, 4, 15, 23, 72487 }, // U+FFA8
    { 15, 13, 368, 4, 15, 25, 72510 }, // U+FFA9
    { 15, 12, 368, 4, 15, 23, 72535 }, // U+FFAA
    { 15, 12, 368, 4, 15, 23, 72558 }, // U+FFAB
    { 15, 12, 368, 4, 15, 23, 72581 }, // U+FFAC
    { 17, 12, 368, 4, 15, 26, 72604 }, // U+FFAD
    { 16, 12, 368, 4, 15, 24, 72630 }, // U+FFAE
    { 16, 12, 368, 4, 15, 24, 72654 }, // U+FFAF
    { 15, 13, 368, 4, 16, 25, 72678 }, // U+FFB0
    { 14, 12, 368, 5, 15, 21, 72703 }, // U+FFB1
    { 13, 12, 368, 5, 15, 20, 72724 }, // U+FFB2
    { 14, 12, 368, 5, 15, 21, 72744 }, // U+FFB3
    { 17, 12, 368, 5, 15, 26, 72765 }, // U+FFB4
    { 16, 13, 368, 4, 16, 26, 72791 }, // U+FFB5
    { 17, 12, 368, 3, 15, 26, 72817 }, // U+FFB6
    { 14, 12, 368, 5, 15, 21, 72843 }, // U+FFB7
    { 15, 13, 368, 4, 16, 25, 72864 }, // U+FFB8
    { 17, 13, 368, 3, 16, 28, 72889 }, // U+FFB9
    { 15, 15, 368, 4, 17, 29, 72917 }, // U+FFBA
    { 15, 12, 368, 4, 15, 23, 72946 }, // U+FFBB
    { 15, 12, 368, 4, 15, 23, 72969 }, // U+FFBC
    { 15, 13, 368, 4, 16, 25, 72992 }, // U+FFBD
    { 15, 15, 368, 5, 17, 29, 73017 }, // U+FFBE
    { 8, 23, 368, 10, 21, 23, 73046 }, // U+FFC2
    { 8, 22, 368, 8, 20, 22, 73069 }, // U+FFC3
    { 8, 23, 368, 9, 21, 23, 73091 }, // U+FFC4
    { 8, 22, 368, 8, 20, 22, 73114 }, // U+FFC5
    { 8, 23, 368, 7, 21, 23, 73136 }, // U+FFC6
    { 10, 22, 368, 6, 20, 28, 73159 }, // U+FFC7
    { 8, 22, 368, 7, 20, 22, 73187 }, // U+FFCA
    { 10, 22, 368, 6, 20, 28, 73209 }, // U+FFCB
    { 21, 12, 368, 1, 16, 32, 73237 }, // U+FFCC
    { 21, 23, 368, 1, 21, 61, 73269 }, // U+FFCD
    { 19, 22, 368, 1, 20, 53, 73330 }, // U+FFCE
    { 17, 22, 368, 2, 20, 47, 73383 }, // U+FFCF
    { 20, 13, 368, 2, 17, 33, 73430 }, // U+FFD2
    { 21, 11, 368, 1, 13, 29, 73463 }, // U+FFD3
    { 18, 22, 368, 2, 20, 50, 73492 }, // U+FFD4
    { 19, 22, 368, 1, 20, 53, 73542 }, // U+FFD5
    { 18, 22, 368, 2, 20, 50, 73595 }, // U+FFD6
    { 20, 11, 368, 1, 13, 28, 73645 }, // U+FFD7
    { 20, 1, 368, 1, 10, 3, 73673 }, // U+FFDA
    { 17, 22, 368, 2, 20, 47, 73676 }, // U+FFDB
    { 1, 22, 368, 11, 20, 3, 73723 }, // U+FFDC
    { 13, 21, 400, 6, 20, 35, 73726 }, // U+FFE0
    { 13, 18, 400, 6, 18, 30, 73761 }, // U+FFE1
    { 19, 8, 400, 3, 13, 19, 73791 }, // U+FFE2
    { 25, 1, 400, 0, 22, 4, 73810 }, // U+FFE3
    { 1, 23, 400, 12, 21, 3, 73814 }, // U+FFE4
    { 15, 18, 400, 5, 18, 34, 73817 }, // U+FFE5
    { 20, 19, 400, 3, 18, 48, 73851 }, // U+FFE6
    { 1, 28, 200, 6, 21, 4, 73899 }, // U+FFE8
    { 12, 13, 200, 0, 16, 20, 73903 }, // U+FFE9
    { 9, 24, 200, 2, 22, 27, 73923 }, // U+FFEA
    { 13, 13, 200, 0, 16, 22, 73950 }, // U+FFEB
    { 9, 24, 200, 2, 22, 27, 73972 }, // U+FFEC
    { 9, 9, 200, 2, 14, 11, 73999 }, // U+FFED
    { 9, 9, 200, 2, 14, 11, 74010 }, // U+FFEE
};

static const EpdUnicodeInterval ubuntu_12_regularIntervals[] = {
    { 0x0, 0x0, 0x0 },
    { 0x8, 0x9, 0x1 },
    { 0xD, 0xD, 0x3 },
    { 0x1D, 0x1D, 0x4 },
    { 0x20, 0x7E, 0x5 },
    { 0xA0, 0x17F, 0x64 },
    { 0x1C4, 0x21F, 0x144 },
    { 0x300, 0x301, 0x1A0 },
    { 0x304, 0x304, 0x1A2 },
    { 0x307, 0x307, 0x1A3 },
    { 0x30C, 0x30C, 0x1A4 },
    { 0x311, 0x311, 0x1A5 },
    { 0x400, 0x45F, 0x1A6 },
    { 0x462, 0x463, 0x206 },
    { 0x472, 0x475, 0x208 },
    { 0x48A, 0x4F9, 0x20C },
    { 0x2002, 0x2003, 0x27C },
    { 0x2010, 0x2016, 0x27E },
    { 0x2018, 0x201A, 0x285 },
    { 0x201C, 0x201E, 0x288 },
    { 0x2020, 0x2022, 0x28B },
    { 0x2025, 0x2027, 0x28E },
    { 0x2030, 0x2030, 0x291 },
    { 0x2032, 0x2033, 0x292 },
    { 0x2035, 0x2035, 0x294 },
    { 0x2039, 0x203C, 0x295 },
    { 0x2042, 0x2042, 0x299 },
    { 0x2044, 0x2044, 0x29A },
    { 0x2047, 0x2049, 0x29B },
    { 0x2051, 0x2051, 0x29E },
    { 0x2070, 0x2070, 0x29F },
    { 0x2074, 0x2079, 0x2A0 },
    { 0x2080, 0x2089, 0x2A6 },
    { 0x20A9, 0x20A9, 0x2B0 },
    { 0x20AB, 0x20AC, 0x2B1 },
    { 0x20AE, 0x20AE, 0x2B3 },
    { 0x20B4, 0x20B4, 0x2B4 },
    { 0x20B9, 0x20B9, 0x2B5 },
    { 0x2190, 0x2199, 0x2B6 },
    { 0x21B8, 0x21B9, 0x2C0 },
    { 0x21C4, 0x21C6, 0x2C2 },
    { 0x21CB, 0x21CC, 0x2C5 },
    { 0x21D0, 0x21D0, 0x2C7 },
    { 0x21D2, 0x21D2, 0x2C8 },
    { 0x21D4, 0x21D4, 0x2C9 },
    { 0x21E6, 0x21E9, 0x2CA },
    { 0x21F5, 0x21F5, 0x2CE },
    { 0x2200, 0x2200, 0x2CF },
    { 0x2202, 0x2203, 0x2D0 },
    { 0x2205, 0x220B, 0x2D2 },
    { 0x220F, 0x220F, 0x2D9 },
    { 0x2211, 0x2213, 0x2DA },
    { 0x2215, 0x2215, 0x2DD },
    { 0x2219, 0x221A, 0x2DE },
    { 0x221D, 0x2220, 0x2E0 },
    { 0x2223, 0x2223, 0x2E4 },
    { 0x2225, 0x222E, 0x2E5 },
    { 0x2234, 0x2237, 0x2EF },
    { 0x223D, 0x223D, 0x2F3 },
    { 0x2243, 0x2243, 0x2F4 },
    { 0x2245, 0x2245, 0x2F5 },
    { 0x2248, 0x2248, 0x2F6 },
    { 0x224C, 0x224C, 0x2F7 },
    { 0x2260, 0x2262, 0x2F8 },
    { 0x2264, 0x2267, 0x2FB },
    { 0x226A, 0x226B, 0x2FF },
    { 0x226E, 0x226F, 0x301 },
    { 0x2272, 0x2273, 0x303 },
    { 0x2276, 0x2277, 0x305 },
    { 0x2282, 0x2287, 0x307 },
    { 0x228A, 0x228B, 0x30D },
    { 0x2295, 0x2299, 0x30F },
    { 0x22A0, 0x22A0, 0x314 },
    { 0x22A5, 0x22A5, 0x315 },
    { 0x22BF, 0x22BF, 0x316 },
    { 0x22DA, 0x22DB, 0x317 },
    { 0x22EF, 0x22EF, 0x319 },
    { 0x3000, 0x303F, 0x31A },
    { 0x3042, 0x3042, 0x35A },
    { 0x3044, 0x3044, 0x35B },
    { 0x3046, 0x3046, 0x35C },
    { 0x3048, 0x3048, 0x35D },
    { 0x304A, 0x304D, 0x35E },
    { 0x304F, 0x3050, 0x362 },
    { 0x3053, 0x3053, 0x364 },
    { 0x3055, 0x3055, 0x365 },
    { 0x3057, 0x3057, 0x366 },
    { 0x3059, 0x3059, 0x367 },
    { 0x305B, 0x305B, 0x368 },
    { 0x305F, 0x3061, 0x369 },
    { 0x3066, 0x3068, 0x36C },
    { 0x306A, 0x306B, 0x36F },
    { 0x306E, 0x306F, 0x371 },
    { 0x3073, 0x3073, 0x373 },
    { 0x3078, 0x3079, 0x374 },
    { 0x307E, 0x3082, 0x376 },
    { 0x3088, 0x308C, 0x37B },
    { 0x308F, 0x308F, 0x380 },
    { 0x3092, 0x3093, 0x381 },
    { 0x30A1, 0x30A4, 0x383 },
    { 0x30A6, 0x30A6, 0x387 },
    { 0x30A8, 0x30AB, 0x388 },
    { 0x30AD, 0x30AD, 0x38C },
    { 0x30AF, 0x30AF, 0x38D },
    { 0x30B3, 0x30B3, 0x38E },
    { 0x30B5, 0x30BB, 0x38F },
    { 0x30BF, 0x30C1, 0x396 },
    { 0x30C3, 0x30C3, 0x399 },
    { 0x30C6, 0x30CB, 0x39A },
    { 0x30CD, 0x30CD, 0x3A0 },
    { 0x30CF, 0x30D3, 0x3A1 },
    { 0x30D5, 0x30D7, 0x3A6 },
    { 0x30DA, 0x30DE, 0x3A9 },
    { 0x30E0, 0x30E7, 0x3AE },
    { 0x30E9, 0x30ED, 0x3B6 },
    { 0x30EF, 0x30EF, 0x3BB },
    { 0x30F3, 0x30F3, 0x3BC },
    { 0x30FC, 0x30FC, 0x3BD },
    { 0x4E00, 0x4E00, 0x3BE },
    { 0x4E03, 0x4E03, 0x3BF },
    { 0x4E09, 0x4E0B, 0x3C0 },
    { 0x4E0D, 0x4E0D, 0x3C3 },
    { 0x4E13, 0x4E13, 0x3C4 },
    { 0x4E21, 0x4E22, 0x3C5 },
    { 0x4E24, 0x4E24, 0x3C7 },
    { 0x4E2A, 0x4E2A, 0x3C8 },
    { 0x4E2D, 0x4E2D, 0x3C9 },
    { 0x4E32, 0x4E32, 0x3CA },
    { 0x4E3A, 0x4E3B, 0x3CB },
    { 0x4E49, 0x4E49, 0x3CD },
    { 0x4E60, 0x4E60, 0x3CE },
    { 0x4E66, 0x4E66, 0x3CF },
    { 0x4E86, 0x4E86, 0x3D0 },
    { 0x4E8B, 0x4E8C, 0x3D1 },
    { 0x4E8E, 0x4E8E, 0x3D3 },
    { 0x4E94, 0x4E94, 0x3D4 },
    { 0x4ECA, 0x4ECA, 0x3D5 },
    { 0x4ECE, 0x4ECE, 0x3D6 },
    { 0x4ED6, 0x4ED6, 0x3D7 },
    { 0x4EE5, 0x4EE5, 0x3D8 },
    { 0x4EF6, 0x4EF6, 0x3D9 },
    { 0x4F11, 0x4F11, 0x3DA },
    { 0x4F1A, 0x4F1A, 0x3DB },
    { 0x4F20, 0x4F20, 0x3DC },
    { 0x4F4D, 0x4F4D, 0x3DD },
    { 0x4F4F, 0x4F4F, 0x3DE },
    { 0x4F53, 0x4F53, 0x3DF },
    { 0x4F59, 0x4F59, 0x3E0 },
    { 0x4F5C, 0x4F5C, 0x3E1 },
    { 0x4F7F, 0x4F7F, 0x3E2 },
    { 0x4F9B, 0x4F9B, 0x3E3 },
    { 0x4FA7, 0x4FA7, 0x3E4 },
    { 0x4FDD, 0x4FDD, 0x3E5 },
    { 0x4FE1, 0x4FE1, 0x3E6 },
    { 0x4FEE, 0x4FEE, 0x3E7 },
    { 0x5012, 0x5012, 0x3E8 },
    { 0x5024, 0x5024, 0x3E9 },
    { 0x503E, 0x503E, 0x3EA },
    { 0x504F, 0x504F, 0x3EB },
    { 0x505C, 0x505C, 0x3EC },
    { 0x5074, 0x5074, 0x3ED },
    { 0x50BE, 0x50BE, 0x3EE },
    { 0x50CF, 0x50CF, 0x3EF },
    { 0x5148, 0x5149, 0x3F0 },
    { 0x5165, 0x5165, 0x3F2 },
    { 0x5168, 0x5168, 0x3F3 },
    { 0x516D, 0x516D, 0x3F4 },
    { 0x5173, 0x5173, 0x3F5 },
    { 0x5176, 0x5176, 0x3F6 },
    { 0x5178, 0x5178, 0x3F7 },
    { 0x5185, 0x5185, 0x3F8 },
    { 0x518C, 0x518D, 0x3F9 },
    { 0x5199, 0x5199, 0x3FB },
    { 0x51C6, 0x51C6, 0x3FC },
    { 0x51D1, 0x51D1, 0x3FD },
    { 0x51E0, 0x51E0, 0x3FE },
    { 0x51ED, 0x51ED, 0x3FF },
    { 0x51FA, 0x51FA, 0x400 },
    { 0x5206, 0x5207, 0x401 },
    { 0x5217, 0x5217, 0x403 },
    { 0x521B, 0x521B, 0x404 },
    { 0x5220, 0x5220, 0x405 },
    { 0x5225, 0x5225, 0x406 },
    { 0x5230, 0x5230, 0x407 },
    { 0x5236, 0x5237, 0x408 },
    { 0x523B, 0x523B, 0x40A },
    { 0x524A, 0x524A, 0x40B },
    { 0x524D, 0x524D, 0x40C },
    { 0x526A, 0x526A, 0x40D },
    { 0x5272, 0x5272, 0x40E },
    { 0x529B, 0x529B, 0x40F },
    { 0x529E, 0x52A1, 0x410 },
    { 0x52A8, 0x52A8, 0x414 },
    { 0x52B9, 0x52B9, 0x415 },
    { 0x52D5, 0x52D5, 0x416 },
    { 0x52FF, 0x52FF, 0x417 },
    { 0x5316, 0x5316, 0x418 },
    { 0x5339, 0x533A, 0x419 },
    { 0x5355, 0x5355, 0x41B },
    { 0x5358, 0x5358, 0x41C },
    { 0x5360, 0x5361, 0x41D },
    { 0x5373, 0x5373, 0x41F },
    { 0x5386, 0x5386, 0x420 },
    { 0x539F, 0x539F, 0x421 },
    { 0x53BB, 0x53BB, 0x422 },
    { 0x53CD, 0x53CD, 0x423 },
    { 0x53D1, 0x53D1, 0x424 },
    { 0x53D6, 0x53D6, 0x425 },
    { 0x53E3, 0x53E3, 0x426 },
    { 0x53EF, 0x53EF, 0x427 },
    { 0x53F2, 0x53F3, 0x428 },
    { 0x53F7, 0x53F7, 0x42A },
    { 0x5408, 0x5408, 0x42B },
    { 0x540C, 0x540E, 0x42C },
    { 0x5411, 0x5411, 0x42F },
    { 0x5426, 0x5426, 0x430 },
    { 0x542F, 0x542F, 0x431 },
    { 0x544A, 0x544A, 0x432 },
    { 0x547D, 0x547D, 0x433 },
    { 0x548C, 0x548C, 0x434 },
    { 0x5668, 0x5668, 0x435 },
    { 0x56DB, 0x56DB, 0x436 },
    { 0x56DE, 0x56DE, 0x437 },
    { 0x56E0, 0x56E0, 0x438 },
    { 0x56FA, 0x56FA, 0x439 },
    { 0x56FE, 0x56FE, 0x43A },
    { 0x5728, 0x5728, 0x43B },
    { 0x5730, 0x5730, 0x43C },
    { 0x5740, 0x5740, 0x43D },
    { 0x574F, 0x574F, 0x43E },
    { 0x57CB, 0x57CB, 0x43F },
    { 0x5831, 0x5831, 0x440 },
    { 0x5907, 0x5907, 0x441 },
    { 0x5909, 0x5909, 0x442 },
    { 0x590D, 0x590D, 0x443 },
    { 0x5916, 0x5916, 0x444 },
    { 0x5927, 0x5927, 0x445 },
    { 0x5929, 0x5929, 0x446 },
    { 0x592E, 0x592E, 0x447 },
    { 0x5931, 0x5931, 0x448 },
    { 0x5939, 0x5939, 0x449 },
    { 0x5982, 0x5982, 0x44A },
    { 0x59CB, 0x59CB, 0x44B },
    { 0x5B57, 0x5B58, 0x44C },
    { 0x5B66, 0x5B66, 0x44E },
    { 0x5B83, 0x5B83, 0x44F },
    { 0x5B87, 0x5B87, 0x450 },
    { 0x5B89, 0x5B89, 0x451 },
    { 0x5B8C, 0x5B8C, 0x452 },
    { 0x5B99, 0x5B9A, 0x453 },
    { 0x5B9E, 0x5B9F, 0x455 },
    { 0x5BB9, 0x5BB9, 0x457 },
    { 0x5BBD, 0x5BBD, 0x458 },
    { 0x5BC6, 0x5BC6, 0x459 },
    { 0x5BF9, 0x5BF9, 0x45A },
    { 0x5C01, 0x5C01, 0x45B },
    { 0x5C04, 0x5C04, 0x45C },
    { 0x5C06, 0x5C06, 0x45D },
    { 0x5C0F, 0x5C0F, 0x45E },
    { 0x5C31, 0x5C31, 0x45F },
    { 0x5C40, 0x5C40, 0x460 },
    { 0x5C45, 0x5C45, 0x461 },
    { 0x5C4F, 0x5C4F, 0x462 },
    { 0x5C55, 0x5C55, 0x463 },
    { 0x5C65, 0x5C65, 0x464 },
    { 0x5D29, 0x5D29, 0x465 },
    { 0x5D4C, 0x5D4C, 0x466 },
    { 0x5DE6, 0x5DE6, 0x467 },
    { 0x5DF2, 0x5DF2, 0x468 },
    { 0x5E03, 0x5E03, 0x469 },
    { 0x5E38, 0x5E38, 0x46A },
    { 0x5E55, 0x5E55, 0x46B },
    { 0x5E74, 0x5E74, 0x46C },
    { 0x5E76, 0x5E76, 0x46D },
    { 0x5E83, 0x5E83, 0x46E },
    { 0x5E94, 0x5E95, 0x46F },
    { 0x5EA6, 0x5EA6, 0x471 },
    { 0x5EFA, 0x5EFA, 0x472 },
    { 0x5F00, 0x5F00, 0x473 },
    { 0x5F0F, 0x5F0F, 0x474 },
    { 0x5F15, 0x5F15, 0x475 },
    { 0x5F35, 0x5F35, 0x476 },
    { 0x5F39, 0x5F39, 0x477 },
    { 0x5F53, 0x5F53, 0x478 },
    { 0x5F55, 0x5F55, 0x479 },
    { 0x5F62, 0x5F62, 0x47A },
    { 0x5F85, 0x5F85, 0x47B },
    { 0x5F8C, 0x5F8C, 0x47C },
    { 0x5FA9, 0x5FA9, 0x47D },
    { 0x5FAE, 0x5FAE, 0x47E },
    { 0x5FC5, 0x5FC6, 0x47F },
    { 0x5FD8, 0x5FD8, 0x481 },
    { 0x5FEB, 0x5FEB, 0x482 },
    { 0x5FFD, 0x5FFD, 0x483 },
    { 0x6001, 0x6001, 0x484 },
    { 0x6020, 0x6020, 0x485 },
    { 0x6027, 0x6027, 0x486 },
    { 0x603B, 0x603B, 0x487 },
    { 0x6062, 0x6062, 0x488 },
    { 0x606F, 0x606F, 0x489 },
    { 0x60C5, 0x60C5, 0x48A },
    { 0x60EF, 0x60F0, 0x48B },
    { 0x614B, 0x614B, 0x48D },
    { 0x6163, 0x6163, 0x48E },
    { 0x61A9, 0x61A9, 0x48F },
    { 0x6210, 0x6210, 0x490 },
    { 0x6216, 0x6216, 0x491 },
    { 0x622A, 0x622A, 0x492 },
    { 0x6237, 0x6237, 0x493 },
    { 0x623B, 0x623B, 0x494 },
    { 0x6240, 0x6240, 0x495 },
    { 0x624B, 0x624B, 0x496 },
    { 0x6253, 0x6253, 0x497 },
    { 0x6269, 0x6269, 0x498 },
    { 0x626B, 0x626B, 0x499 },
    { 0x627E, 0x627E, 0x49A },
    { 0x6295, 0x6295, 0x49B },
    { 0x6297, 0x6297, 0x49C },
    { 0x629C, 0x629C, 0x49D },
    { 0x629E, 0x629E, 0x49E },
    { 0x62A5, 0x62A5, 0x49F },
    { 0x62BC, 0x62BC, 0x4A0 },
    { 0x62E1, 0x62E1, 0x4A1 },
    { 0x62E9, 0x62E9, 0x4A2 },
    { 0x6301, 0x6301, 0x4A3 },
    { 0x6309, 0x6309, 0x4A4 },
    { 0x6357, 0x6357, 0x4A5 },
    { 0x635F, 0x635F, 0x4A6 },
    { 0x6362, 0x6362, 0x4A7 },
    { 0x636E, 0x636E, 0x4A8 },
    { 0x6392, 0x6392, 0x4A9 },
    { 0x63A5, 0x63A5, 0x4AA },
    { 0x63A7, 0x63A7, 0x4AB },
    { 0x63C3, 0x63C3, 0x4AC },
    { 0x63CF, 0x63D0, 0x4AD },
    { 0x63D2, 0x63D2, 0x4AF },
    { 0x641C, 0x641C, 0x4B0 },
    { 0x64CD, 0x64CD, 0x4B1 },
    { 0x6536, 0x6536, 0x4B2 },
    { 0x653E, 0x653E, 0x4B3 },
    { 0x6545, 0x6545, 0x4B4 },
    { 0x6548, 0x6548, 0x4B5 },
    { 0x6557, 0x6557, 0x4B6 },
    { 0x6570, 0x6570, 0x4B7 },
    { 0x6587, 0x6587, 0x4B8 },
    { 0x659C, 0x659C, 0x4B9 },
    { 0x65AD, 0x65AD, 0x4BA },
    { 0x65B0, 0x65B0, 0x4BB },
    { 0x65B9, 0x65B9, 0x4BC },
    { 0x65E0, 0x65E0, 0x4BD },
    { 0x65E2, 0x65E2, 0x4BE },
    { 0x65E5, 0x65E5, 0x4BF },
    { 0x65E9, 0x65E9, 0x4C0 },
    { 0x65F6, 0x65F6, 0x4C1 },
    { 0x661F, 0x6620, 0x4C2 },
    { 0x662F, 0x662F, 0x4C4 },
    { 0x663E, 0x663E, 0x4C5 },
    { 0x6642, 0x6642, 0x4C6 },
    { 0x6682, 0x6682, 0x4C7 },
    { 0x6697, 0x6697, 0x4C8 },
    { 0x66F4, 0x66F4, 0x4C9 },
    { 0x66F8, 0x66F8, 0x4CA },
    { 0x66FF, 0x6700, 0x4CB },
    { 0x6708, 0x6709, 0x4CD },
    { 0x670D, 0x670D, 0x4CF },
    { 0x671F, 0x671F, 0x4D0 },
    { 0x672A, 0x672C, 0x4D1 },
    { 0x673A, 0x673A, 0x4D4 },
    { 0x6761, 0x6761, 0x4D5 },
    { 0x6765, 0x6765, 0x4D6 },
    { 0x677E, 0x677E, 0x4D7 },
    { 0x6790, 0x6790, 0x4D8 },
    { 0x679C, 0x679C, 0x4D9 },
    { 0x67E5, 0x67E5, 0x4DA },
    { 0x6807, 0x6807, 0x4DB },
    { 0x680F, 0x680F, 0x4DC },
    { 0x6821, 0x6821, 0x4DD },
    { 0x6837, 0x6837, 0x4DE },
    { 0x6839, 0x6839, 0x4DF },
    { 0x683C, 0x683C, 0x4E0 },
    { 0x6848, 0x6848, 0x4E1 },
    { 0x6863, 0x6863, 0x4E2 },
    { 0x68C0, 0x68C0, 0x4E3 },
    { 0x691C, 0x691C, 0x4E4 },
    { 0x6A19, 0x6A19, 0x4E5 },
    { 0x6A21, 0x6A21, 0x4E6 },
    { 0x6A2A, 0x6A2A, 0x4E7 },
    { 0x6A5F, 0x6A5F, 0x4E8 },
    { 0x6B21, 0x6B21, 0x4E9 },
    { 0x6B62, 0x6B65, 0x4EA },
    { 0x6B74, 0x6B74, 0x4EE },
    { 0x6B8B, 0x6B8B, 0x4EF },
    { 0x6BB5, 0x6BB5, 0x4F0 },
    { 0x6BCF, 0x6BCF, 0x4F1 },
    { 0x6BD4, 0x6BD4, 0x4F2 },
    { 0x6C7A, 0x6C7A, 0x4F3 },
    { 0x6CA1, 0x6CA1, 0x4F4 },
    { 0x6CD5, 0x6CD5, 0x4F5 },
    { 0x6CE8, 0x6CE8, 0x4F6 },
    { 0x6D2A, 0x6D2A, 0x4F7 },
    { 0x6D45, 0x6D45, 0x4F8 },
    { 0x6D4F, 0x6D4F, 0x4F9 },
    { 0x6D88, 0x6D88, 0x4FA },
    { 0x6DF1, 0x6DF1, 0x4FB },
    { 0x6DFB, 0x6DFB, 0x4FC },
    { 0x6E05, 0x6E05, 0x4FD },
    { 0x6E08, 0x6E08, 0x4FE },
    { 0x6E83, 0x6E83, 0x4FF },
    { 0x6E90, 0x6E90, 0x500 },
    { 0x6E96, 0x6E96, 0x501 },
    { 0x6EE4, 0x6EE4, 0x502 },
    { 0x70B9, 0x70B9, 0x503 },
    { 0x70ED, 0x70ED, 0x504 },
    { 0x7121, 0x7121, 0x505 },
    { 0x7136, 0x7136, 0x506 },
    { 0x7167, 0x7167, 0x507 },
    { 0x7247, 0x7248, 0x508 },
    { 0x72AC, 0x72AC, 0x50A },
    { 0x72B6, 0x72B6, 0x50B },
    { 0x72D0, 0x72D0, 0x50C },
    { 0x72ED, 0x72ED, 0x50D },
    { 0x7384, 0x7384, 0x50E },
    { 0x7387, 0x7387, 0x50F },
    { 0x73B0, 0x73B0, 0x510 },
    { 0x73FE, 0x73FE, 0x511 },
    { 0x7406, 0x7406, 0x512 },
    { 0x7528, 0x7528, 0x513 },
    { 0x7531, 0x7531, 0x514 },
    { 0x7535, 0x7535, 0x515 },
    { 0x753B, 0x753B, 0x516 },
    { 0x754C, 0x754C, 0x517 },
    { 0x7559, 0x7559, 0x518 },
    { 0x7565, 0x7565, 0x519 },
    { 0x756A, 0x756A, 0x51A },
    { 0x767B, 0x767B, 0x51B },
    { 0x767D, 0x767E, 0x51C },
    { 0x7684, 0x7684, 0x51E },
    { 0x76D8, 0x76D8, 0x51F },
    { 0x76EE, 0x76EE, 0x520 },
    { 0x7701, 0x7701, 0x521 },
    { 0x770B, 0x770B, 0x522 },
    { 0x7720, 0x7720, 0x523 },
    { 0x77ED, 0x77ED, 0x524 },
    { 0x7801, 0x7801, 0x525 },
    { 0x786E, 0x786E, 0x526 },
    { 0x78BA, 0x78BA, 0x527 },
    { 0x793A, 0x793A, 0x528 },
    { 0x7981, 0x7981, 0x529 },
    { 0x79D2, 0x79D2, 0x52A },
    { 0x79F0, 0x79F0, 0x52B },
    { 0x79FB, 0x79FB, 0x52C },
    { 0x7A0B, 0x7A0B, 0x52D },
    { 0x7A33, 0x7A33, 0x52E },
    { 0x7A7A, 0x7A7A, 0x52F },
    { 0x7A97, 0x7A97, 0x530 },
    { 0x7ACB, 0x7ACB, 0x531 },
    { 0x7AD6, 0x7AD6, 0x532 },
    { 0x7AE0, 0x7AE0, 0x533 },
    { 0x7AEF, 0x7AEF, 0x534 },
    { 0x7B26, 0x7B26, 0x535 },
    { 0x7B2C, 0x7B2C, 0x536 },
    { 0x7B54, 0x7B54, 0x537 },
    { 0x7B7E, 0x7B7E, 0x538 },
    { 0x7B80, 0x7B80, 0x539 },
    { 0x7BA1, 0x7BA1, 0x53A },
    { 0x7C4D, 0x7C4D, 0x53B },
    { 0x7C97, 0x7C97, 0x53C },
    { 0x7CCA, 0x7CCA, 0x53D },
    { 0x7CFB, 0x7CFB, 0x53E },
    { 0x7D20, 0x7D20, 0x53F },
    { 0x7D22, 0x7D22, 0x540 },
    { 0x7D27, 0x7D27, 0x541 },
    { 0x7D30, 0x7D30, 0x542 },
    { 0x7D42, 0x7D42, 0x543 },
    { 0x7D4C, 0x7D4C, 0x544 },
    { 0x7D71, 0x7D71, 0x545 },
    { 0x7D9A, 0x7D9A, 0x546 },
    { 0x7E26, 0x7E26, 0x547 },
    { 0x7E3E, 0x7E3E, 0x548 },
    { 0x7EBF, 0x7EBF, 0x549 },
    { 0x7EC6, 0x7EC6, 0x54A },
    { 0x7EC8, 0x7EC8, 0x54B },
    { 0x7ECF, 0x7ECF, 0x54C },
    { 0x7EDC, 0x7EDC, 0x54D },
    { 0x7EDF, 0x7EDF, 0x54E },
    { 0x7EE7, 0x7EE7, 0x54F },
    { 0x7EED, 0x7EED, 0x550 },
    { 0x7EF4, 0x7EF4, 0x551 },
    { 0x7F13, 0x7F13, 0x552 },
    { 0x7F16, 0x7F16, 0x553 },
    { 0x7F51, 0x7F51, 0x554 },
    { 0x7F6E, 0x7F6E, 0x555 },
    { 0x7FD2, 0x7FD2, 0x556 },
    { 0x7FFB, 0x7FFB, 0x557 },
    { 0x80FD, 0x80FD, 0x558 },
    { 0x811A, 0x811A, 0x559 },
    { 0x81EA, 0x81EA, 0x55A },
    { 0x822C, 0x822C, 0x55B },
    { 0x8272, 0x8272, 0x55C },
    { 0x8282, 0x8282, 0x55D },
    { 0x8304, 0x8304, 0x55E },
    { 0x8336, 0x8336, 0x55F },
    { 0x8352, 0x8352, 0x560 },
    { 0x83B7, 0x83B7, 0x561 },
    { 0x83DC, 0x83DC, 0x562 },
    { 0x843D, 0x843D, 0x563 },
    { 0x8535, 0x8535, 0x564 },
    { 0x8584, 0x8584, 0x565 },
    { 0x85CF, 0x85CF, 0x566 },
    { 0x884C, 0x884C, 0x567 },
    { 0x8868, 0x8868, 0x568 },
    { 0x88C1, 0x88C1, 0x569 },
    { 0x88C5, 0x88C5, 0x56A },
    { 0x88DC, 0x88DC, 0x56B },
    { 0x892A, 0x892A, 0x56C },
    { 0x8981, 0x8981, 0x56D },
    { 0x8996, 0x8996, 0x56E },
    { 0x89A7, 0x89A7, 0x56F },
    { 0x89C8, 0x89C8, 0x570 },
    { 0x89E3, 0x89E3, 0x571 },
    { 0x8A00, 0x8A00, 0x572 },
    { 0x8A08, 0x8A08, 0x573 },
    { 0x8A18, 0x8A18, 0x574 },
    { 0x8A2D, 0x8A2D, 0x575 },
    { 0x8A3C, 0x8A3C, 0x576 },
    { 0x8A66, 0x8A66, 0x577 },
    { 0x8A73, 0x8A73, 0x578 },
    { 0x8A8D, 0x8A8D, 0x579 },
    { 0x8A9E, 0x8A9E, 0x57A },
    { 0x8AAD, 0x8AAD, 0x57B },
    { 0x8BA1, 0x8BA2, 0x57C },
    { 0x8BA4, 0x8BA4, 0x57E },
    { 0x8BB0, 0x8BB0, 0x57F },
    { 0x8BBE, 0x8BBE, 0x580 },
    { 0x8BC1, 0x8BC1, 0x581 },
    { 0x8BCD, 0x8BCD, 0x582 },
    { 0x8BD5, 0x8BD5, 0x583 },
    { 0x8BE6, 0x8BE6, 0x584 },
    { 0x8BED, 0x8BED, 0x585 },
    { 0x8BEF, 0x8BEF, 0x586 },
    { 0x8BF7, 0x8BF7, 0x587 },
    { 0x8BFB, 0x8BFB, 0x588 },
    { 0x8D25, 0x8D26, 0x589 },
    { 0x8D77, 0x8D77, 0x58B },
    { 0x8D85, 0x8D85, 0x58C },
    { 0x8D8A, 0x8D8A, 0x58D },
    { 0x8DDD, 0x8DDD, 0x58E },
    { 0x8DDF, 0x8DDF, 0x58F },
    { 0x8DF3, 0x8DF3, 0x590 },
    { 0x8EE2, 0x8EE2, 0x591 },
    { 0x8F6C, 0x8F6C, 0x592 },
    { 0x8F6E, 0x8F6E, 0x593 },
    { 0x8F7D, 0x8F7D, 0x594 },
    { 0x8F91, 0x8F91, 0x595 },
    { 0x8F93, 0x8F93, 0x596 },
    { 0x8FB9, 0x8FB9, 0x597 },
    { 0x8FBC, 0x8FBC, 0x598 },
    { 0x8FBE, 0x8FBE, 0x599 },
    { 0x8FC7, 0x8FC7, 0x59A },
    { 0x8FD1, 0x8FD1, 0x59B },
    { 0x8FD4, 0x8FD4, 0x59C },
    { 0x8FD9, 0x8FD9, 0x59D },
    { 0x8FDB, 0x8FDB, 0x59E },
    { 0x8FDE, 0x8FDE, 0x59F },
    { 0x8FFD, 0x8FFD, 0x5A0 },
    { 0x9000, 0x9002, 0x5A1 },
    { 0x9006, 0x9006, 0x5A4 },
    { 0x9009, 0x9009, 0x5A5 },
    { 0x901F, 0x901F, 0x5A6 },
    { 0x9023, 0x9023, 0x5A7 },
    { 0x9032, 0x9032, 0x5A8 },
    { 0x904E, 0x904E, 0x5A9 },
    { 0x9078, 0x9078, 0x5AA },
    { 0x90E8, 0x90E8, 0x5AB },
    { 0x90FD, 0x90FD, 0x5AC },
    { 0x914D, 0x914D, 0x5AD },
    { 0x91CD, 0x91CD, 0x5AE },
    { 0x91CF, 0x91CF, 0x5AF },
    { 0x9332, 0x9332, 0x5B0 },
    { 0x9488, 0x9488, 0x5B1 },
    { 0x949F, 0x949F, 0x5B2 },
    { 0x94FE, 0x94FE, 0x5B3 },
    { 0x9501, 0x9501, 0x5B4 },
    { 0x9519, 0x9519, 0x5B5 },
    { 0x952E, 0x952F, 0x5B6 },
    { 0x955C, 0x955C, 0x5B8 },
    { 0x9577, 0x9577, 0x5B9 },
    { 0x957F, 0x957F, 0x5BA },
    { 0x958B, 0x958B, 0x5BB },
    { 0x9593, 0x9593, 0x5BC },
    { 0x95B2, 0x95B2, 0x5BD },
    { 0x95ED, 0x95EE, 0x5BE },
    { 0x95F4, 0x95F4, 0x5C0 },
    { 0x9605, 0x9605, 0x5C1 },
    { 0x9633, 0x9633, 0x5C2 },
    { 0x9636, 0x9636, 0x5C3 },
    { 0x9644, 0x9644, 0x5C4 },
    { 0x9650, 0x9650, 0x5C5 },
    { 0x9664, 0x9664, 0x5C6 },
    { 0x968E, 0x9690, 0x5C7 },
    { 0x9694, 0x9694, 0x5CA },
    { 0x969C, 0x969C, 0x5CB },
    { 0x96A0, 0x96A0, 0x5CC },
    { 0x96C6, 0x96C6, 0x5CD },
    { 0x96E3, 0x96E3, 0x5CE },
    { 0x96FB, 0x96FB, 0x5CF },
    { 0x9700, 0x9700, 0x5D0 },
    { 0x975E, 0x975E, 0x5D1 },
    { 0x9762, 0x9762, 0x5D2 },
    { 0x9805, 0x9805, 0x5D3 },
    { 0x983B, 0x983B, 0x5D4 },
    { 0x9875, 0x9876, 0x5D5 },
    { 0x9879, 0x987A, 0x5D7 },
    { 0x9884, 0x9884, 0x5D9 },
    { 0x9891, 0x9891, 0x5DA },
    { 0x9898, 0x9898, 0x5DB },
    { 0x989D, 0x989D, 0x5DC },
    { 0x98DB, 0x98DB, 0x5DD },
    { 0x9988, 0x9988, 0x5DE },
    { 0x9A8C, 0x9A8C, 0x5DF },
    { 0x9EC4, 0x9EC4, 0x5E0 },
    { 0x9ED8, 0x9ED8, 0x5E1 },
    { 0x9F50, 0x9F50, 0x5E2 },
    { 0x9F7F, 0x9F7F, 0x5E3 },
    { 0xFB00, 0xFB04, 0x5E4 },
    { 0xFF01, 0xFF65, 0x5E9 },
    { 0xFFA1, 0xFFBE, 0x64E },
    { 0xFFC2, 0xFFC7, 0x66C },
    { 0xFFCA, 0xFFCF, 0x672 },
    { 0xFFD2, 0xFFD7, 0x678 },
    { 0xFFDA, 0xFFDC, 0x67E },
    { 0xFFE0, 0xFFE6, 0x681 },
    { 0xFFE8, 0xFFEE, 0x688 },
};

static const uint16_t ubuntu_12_regularKernLeftCodepoints[] = {
    0x0022, 0x0027, 0x0028, 0x0029, 0x002A, 0x002C, 0x002D, 0x002E, 0x002F, 0x003A, 0x003B, 0x0040,
    0x0041, 0x0042, 0x0043, 0x0044, 0x0045, 0x0046, 0x0047, 0x004A, 0x004B, 0x004C, 0x004D, 0x004F,
    0x0050, 0x0051, 0x0052, 0x0054, 0x0055, 0x0056, 0x0057, 0x0058, 0x0059, 0x005A, 0x005B, 0x005D,
    0x0061, 0x0062, 0x0063, 0x0066, 0x0068, 0x006A, 0x006B, 0x006D, 0x006E, 0x006F, 0x0070, 0x0071,
    0x0072, 0x0074, 0x0076, 0x0077, 0x0078, 0x007A, 0x007B, 0x007D, 0x00A1, 0x00AB, 0x00BB, 0x00BF,
    0x00C0, 0x00C1, 0x00C2, 0x00C3, 0x00C4, 0x00C5, 0x00C6, 0x00C7, 0x00C8, 0x00C9, 0x00CA, 0x00CB,
    0x00D0, 0x00D2, 0x00D3, 0x00D4, 0x00D5, 0x00D6, 0x00D8, 0x00D9, 0x00DA, 0x00DB, 0x00DC, 0x00DD,
    0x00DE, 0x00DF, 0x00E0, 0x00E1, 0x00E2, 0x00E3, 0x00E4, 0x00E5, 0x00E7, 0x00F0, 0x00F1, 0x00F2,
    0x00F3, 0x00F4, 0x00F5, 0x00F6, 0x00F8, 0x00FE, 0x0100, 0x0101, 0x0102, 0x0103, 0x0104, 0x0105,
    0x0106, 0x0107, 0x0108, 0x0109, 0x010A, 0x010B, 0x010C, 0x010D, 0x010E, 0x010F, 0x0110, 0x0112,
    0x0114, 0x0116, 0x0118, 0x011A, 0x011C, 0x011E, 0x0120, 0x0122, 0x0125, 0x0127, 0x0132, 0x0133,
    0x0134, 0x0135, 0x0136, 0x0137, 0x0138, 0x0139, 0x013B, 0x013D, 0x013E, 0x013F, 0x0141, 0x0144,
    0x0146, 0x0148, 0x0149, 0x014A, 0x014B, 0x014C, 0x014D, 0x014E, 0x014F, 0x0150, 0x0151, 0x0152,
    0x0154, 0x0155, 0x0156, 0x0157, 0x0158, 0x0159, 0x0162, 0x0163, 0x0164, 0x0165, 0x0166, 0x0167,
    0x0168, 0x016A, 0x016C, 0x016E, 0x0170, 0x0172, 0x0174, 0x0175, 0x0176, 0x0178, 0x0179, 0x017A,
    0x017B, 0x017C, 0x017D, 0x017E, 0x017F, 0x01C4, 0x01C5, 0x01C6, 0x01C7, 0x01C8, 0x01C9, 0x01CA,
    0x01CB, 0x01CC, 0x01CD, 0x01CE, 0x01D1, 0x01D2, 0x01D3, 0x01D5, 0x01D7, 0x01D9, 0x01DB, 0x01DD,
    0x01DE, 0x01DF, 0x01E0, 0x01E1, 0x01E2, 0x01E4, 0x01E6, 0x01E8, 0x01E9, 0x01EA, 0x01EB, 0x01EC,
    0x01ED, 0x01EE, 0x01F0, 0x01F1, 0x01F2, 0x01F3, 0x01F4, 0x01F7, 0x01F9, 0x01FA, 0x01FB, 0x01FC,
    0x01FE, 0x01FF, 0x0200, 0x0201, 0x0202, 0x0203, 0x0204, 0x0206, 0x020C, 0x020D, 0x020E, 0x020F,
    0x0210, 0x0211, 0x0212, 0x0213, 0x0214, 0x0216, 0x021A, 0x021B, 0x021C, 0x021F, 0x0400, 0x0401,
    0x0402, 0x0403, 0x0404, 0x0405, 0x040B, 0x040C, 0x040E, 0x0410, 0x0411, 0x0412, 0x0413, 0x0414,
    0x0415, 0x0417, 0x041A, 0x041C, 0x041E, 0x0420, 0x0421, 0x0422, 0x0423, 0x0424, 0x0425, 0x0426,
    0x0429, 0x042D, 0x042E, 0x0430, 0x0431, 0x0432, 0x0433, 0x0434, 0x0435, 0x0436, 0x0437, 0x043A,
    0x043E, 0x0440, 0x0441, 0x0442, 0x0443, 0x0444, 0x0445, 0x0446, 0x0449, 0x044A, 0x044C, 0x044D,
    0x044E, 0x0450, 0x0451, 0x0452, 0x0453, 0x0454, 0x0455, 0x0459, 0x045A, 0x045B, 0x045C, 0x045E,
    0x0462, 0x0463, 0x0472, 0x0473, 0x0474, 0x0475, 0x048A, 0x048B, 0x048D, 0x048F, 0x0490, 0x0491,
    0x0492, 0x0493, 0x0494, 0x0495, 0x0497, 0x0498, 0x0499, 0x049A, 0x049B, 0x049C, 0x049D, 0x049E,
    0x049F, 0x04A0, 0x04A1, 0x04A2, 0x04A3, 0x04A4, 0x04A5, 0x04A7, 0x04A8, 0x04A9, 0x04AA, 0x04AB,
    0x04AC, 0x04AD, 0x04AE, 0x04AF, 0x04B0, 0x04B1, 0x04B2, 0x04B3, 0x04B4, 0x04B5, 0x04B6, 0x04B7,
    0x04BA, 0x04BB, 0x04BC, 0x04BD, 0x04BE, 0x04BF, 0x04C2, 0x04C4, 0x04C6, 0x04C8, 0x04C9, 0x04CA,
    0x04CD, 0x04CE, 0x04D0, 0x04D1, 0x04D2, 0x04D3, 0x04D5, 0x04D6, 0x04D7, 0x04D8, 0x04D9, 0x04DA,
    0x04DB, 0x04DD, 0x04DE, 0x04DF, 0x04E0, 0x04E1, 0x04E6, 0x04E7, 0x04E8, 0x04E9, 0x04EA, 0x04EB,
    0x04EC, 0x04ED, 0x04EE, 0x04EF, 0x04F0, 0x04F1, 0x04F2, 0x04F3, 0x04F6, 0x04F7, 0x2013, 0x2014,
    0x2018, 0x201A, 0x201C, 0x201E, 0x2026, 0x2039, 0x203A, 0x3042, 0x3044, 0x3046, 0x3048, 0x304B,
    0x304C, 0x304D, 0x304F, 0x3050, 0x3053, 0x3057, 0x3059, 0x305F, 0x3060, 0x3066, 0x3067, 0x3068,
    0x306B, 0x306E, 0x306F, 0x3073, 0x3078, 0x3079, 0x307E, 0x307F, 0x3081, 0x3082, 0x3088, 0x3089,
    0x308A, 0x308B, 0x308C, 0x308F, 0x3093, 0x30A1, 0x30A2, 0x30A4, 0x30A6, 0x30A9, 0x30AA, 0x30AB,
    0x30AD, 0x30AF, 0x30B3, 0x30B5, 0x30B6, 0x30B7, 0x30B8, 0x30B9, 0x30BB, 0x30BF, 0x30C0, 0x30C1,
    0x30C3, 0x30C6, 0x30C7, 0x30C8, 0x30C9, 0x30CA, 0x30CD, 0x30CF, 0x30D0, 0x30D1, 0x30D3, 0x30D5,
    0x30D6, 0x30D7, 0x30DE, 0x30E0, 0x30E1, 0x30E3, 0x30E4, 0x30E5, 0x30E9, 0x30EA, 0x30EB, 0x30EC,
    0x30EF, 0x30F3, 0x30FC, 0xFB00,
};

static const uint8_t ubuntu_12_regularKernLeftClassIds[] = {
      1,   1,   2,   3,   4,   5,   6,   5,   7,   8,   8,   9,  10,  11,  12,  13,
     14,  15,  16,  17,  18,  19,  20,  21,  22,  23,  24,  25,  26,  27,  28,  29,
     30,  31,  32,  33,  34,  35,  36,  37,  38,  39,  40,  41,  41,  42,  43,  44,
     45,  46,  47,  48,  49,  50,  51,  52,  53,  54,  55,  56,  10,  10,  10,  10,
     10,  10,  14,  12,  14,  14,  14,  14,  13,  21,  21,  21,  21,  21,  21,  26,
     26,  26,  26,  30,  57,  58,  34,  34,  34,  34,  34,  34,  36,  59,  41,  42,
     42,  42,  42,  42,  42,  60,  10,  34,  10,  34,  10,  34,  12,  36,  12,  36,
     12,  36,  12,  36,  13,  61,  13,  14,  14,  14,  14,  14,  16,  16,  16,  16,
     38,  38,  17,  39,  17,  39,  18,  40,  40,  19,  19,  19,  61,  19,  19,  41,
     41,  41,  41,  62,  63,  21,  42,  21,  42,  21,  42,  14,  24,  45,  24,  45,
     24,  45,  25,  46,  25,  46,  25,  46,  26,  26,  26,  26,  26,  26,  28,  48,
     30,  30,  31,  50,  31,  50,  31,  50,  37,  31,  50,  50,  17,  39,  39,  17,
     39,  39,  10,  34,  21,  42,  26,  26,  26,  26,  26,  42,  10,  34,  10,  34,
     14,  16,  16,  18,  40,  21,  42,  21,  42,  64,  39,  31,  50,  50,  16,  65,
     41,  10,  34,  14,  21,  42,  10,  34,  10,  34,  14,  14,  21,  42,  21,  42,
     24,  45,  24,  45,  26,  26,  25,  46,  66,  38,  67,  67,  68,  69,  70,  71,
     72,  73,  74,  75,  68,  76,  69,  77,  67,  78,  73,  79,  80,  81,  70,  82,
     74,  83,  84,  85,  85,  86,  80,  87,  88,  89,  90,  91,  92,  93,  94,  95,
     96,  97,  98,  99, 100, 101, 102, 103, 103, 104, 104, 105, 106,  92,  92, 107,
     90, 108, 109, 104, 104, 110,  95, 100,  68, 111,  80,  96, 112, 113,  85, 103,
    104,  97,  69,  90,  69,  90,  68, 114,  93,  78,  94,  73,  95,  73,  95,  73,
     95,  73,  95,  85, 103,  82,  90, 115, 116, 117,  70,  98,  82,  99, 118, 119,
    118, 119,  84, 102,  85, 103,  85, 103, 120, 121, 122, 123, 122, 123,  93, 124,
    103, 125,  85, 103,  85, 103,  75,  87,  75,  87, 126,  67,  92, 127, 128, 127,
    128,  93,  78,  94, 129, 130,  80,  96,  80,  96,  80,  96,  86,  94,  74, 100,
     74, 100,  74, 100,  69,  90,   6,   6, 131, 132, 131, 132,   5,  54,  55, 133,
    134, 135, 136, 137, 138, 139, 140, 141, 142, 143, 144, 145, 146, 147, 148, 149,
    150, 151, 152, 153, 154, 155, 156, 157, 158, 159, 160, 161, 162, 163, 164, 165,
    166, 167, 168, 169, 170, 167, 171, 172, 173, 174, 175, 176, 177, 178, 179, 180,
    181, 182, 183, 184, 185, 186, 187, 188, 189, 190, 191, 192, 193, 194, 195, 196,
    197, 198, 199, 200, 201, 202, 203, 204, 205, 206, 207, 208, 209, 210, 211,  37,
};

static const uint16_t ubuntu_12_regularKernRightCodepoints[] = {
    0x0021, 0x0022, 0x0027, 0x0028, 0x0029, 0x002A, 0x002C, 0x002D, 0x002E, 0x002F, 0x003A, 0x003B,
    0x003F, 0x0040, 0x0041, 0x0043, 0x0047, 0x004A, 0x004D, 0x004F, 0x0051, 0x0053, 0x0054, 0x0055,
    0x0056, 0x0057, 0x0058, 0x0059, 0x005A, 0x005B, 0x005C, 0x005D, 0x0061, 0x0062, 0x0063, 0x0064,
    0x0065, 0x0066, 0x0067, 0x0068, 0x0069, 0x006A, 0x006B, 0x006C, 0x006D, 0x006E, 0x006F, 0x0070,
    0x0071, 0x0072, 0x0073, 0x0074, 0x0075, 0x0076, 0x0077, 0x0078, 0x0079, 0x007A, 0x007B, 0x007D,
    0x00AB, 0x00BB, 0x00C0, 0x00C1, 0x00C2, 0x00C3, 0x00C4, 0x00C5, 0x00C6, 0x00C7, 0x00D2, 0x00D3,
    0x00D4, 0x00D5, 0x00D6, 0x00D8, 0x00D9, 0x00DA, 0x00DB, 0x00DC, 0x00DD, 0x00DF, 0x00E0, 0x00E1,
    0x00E2, 0x00E3, 0x00E4, 0x00E5, 0x00E6, 0x00E7, 0x00E8, 0x00E9, 0x00EA, 0x00EB, 0x00EC, 0x00ED,
    0x00EE, 0x00EF, 0x00F0, 0x00F1, 0x00F2, 0x00F3, 0x00F4, 0x00F5, 0x00F6, 0x00F8, 0x00F9, 0x00FA,
    0x00FB, 0x00FC, 0x00FD, 0x00FE, 0x00FF, 0x0100, 0x0101, 0x0102, 0x0103, 0x0104, 0x0105, 0x0106,
    0x0107, 0x0108, 0x0109, 0x010A, 0x010B, 0x010C, 0x010D, 0x010F, 0x0111, 0x0113, 0x0115, 0x0117,
    0x0119, 0x011B, 0x011C, 0x011D, 0x011E, 0x011F, 0x0120, 0x0121, 0x0122, 0x0123, 0x0125, 0x0127,
    0x0129, 0x012B, 0x012D, 0x012F, 0x0131, 0x0133, 0x0134, 0x0135, 0x0137, 0x013A, 0x013C, 0x013E,
    0x0140, 0x0142, 0x0144, 0x0146, 0x0148, 0x0149, 0x014A, 0x014B, 0x014C, 0x014D, 0x014E, 0x014F,
    0x0150, 0x0151, 0x0152, 0x0153, 0x0155, 0x0157, 0x0159, 0x015A, 0x015B, 0x015C, 0x015D, 0x015E,
    0x015F, 0x0160, 0x0161, 0x0162, 0x0163, 0x0164, 0x0165, 0x0166, 0x0167, 0x0168, 0x0169, 0x016A,
    0x016B, 0x016C, 0x016D, 0x016E, 0x016F, 0x0170, 0x0171, 0x0172, 0x0173, 0x0174, 0x0175, 0x0176,
    0x0177, 0x0178, 0x0179, 0x017A, 0x017B, 0x017C, 0x017D, 0x017E, 0x017F, 0x01C6, 0x01C9, 0x01CC,
    0x01CD, 0x01CE, 0x01D0, 0x01D1, 0x01D2, 0x01D3, 0x01D4, 0x01D5, 0x01D6, 0x01D7, 0x01D8, 0x01D9,
    0x01DA, 0x01DB, 0x01DC, 0x01DD, 0x01DE, 0x01DF, 0x01E0, 0x01E1, 0x01E2, 0x01E3, 0x01E4, 0x01E5,
    0x01E6, 0x01E7, 0x01E9, 0x01EA, 0x01EB, 0x01EC, 0x01ED, 0x01EE, 0x01EF, 0x01F0, 0x01F3, 0x01F4,
    0x01F5, 0x01F7, 0x01F9, 0x01FA, 0x01FB, 0x01FC, 0x01FD, 0x01FE, 0x01FF, 0x0200, 0x0201, 0x0202,
    0x0203, 0x0205, 0x0207, 0x0209, 0x020B, 0x020C, 0x020D, 0x020E, 0x020F, 0x0211, 0x0213, 0x0214,
    0x0215, 0x0216, 0x0217, 0x0218, 0x0219, 0x021A, 0x021B, 0x021C, 0x021D, 0x021F, 0x0402, 0x0404,
    0x0405, 0x0408, 0x0409, 0x040B, 0x040E, 0x0410, 0x0414, 0x0416, 0x0417, 0x041B, 0x041C, 0x041E,
    0x0421, 0x0422, 0x0423, 0x0424, 0x0425, 0x0427, 0x042A, 0x042D, 0x042F, 0x0430, 0x0431, 0x0432,
    0x0433, 0x0434, 0x0435, 0x0436, 0x0437, 0x0438, 0x0439, 0x043A, 0x043B, 0x043C, 0x043D, 0x043E,
    0x043F, 0x0440, 0x0441, 0x0442, 0x0443, 0x0444, 0x0445, 0x0446, 0x0447, 0x0448, 0x0449, 0x044A,
    0x044B, 0x044C, 0x044D, 0x044E, 0x044F, 0x0450, 0x0451, 0x0452, 0x0453, 0x0454, 0x0455, 0x0456,
    0x0457, 0x0458, 0x0459, 0x045A, 0x045B, 0x045C, 0x045D, 0x045E, 0x045F, 0x0462, 0x0463, 0x0472,
    0x0473, 0x0474, 0x0475, 0x048B, 0x048D, 0x048F, 0x0491, 0x0493, 0x0495, 0x0496, 0x0497, 0x0498,
    0x0499, 0x049B, 0x049D, 0x049F, 0x04A1, 0x04A3, 0x04A5, 0x04A7, 0x04A8, 0x04A9, 0x04AA, 0x04AB,
    0x04AC, 0x04AD, 0x04AE, 0x04AF, 0x04B0, 0x04B1, 0x04B2, 0x04B3, 0x04B4, 0x04B5, 0x04B6, 0x04B7,
    0x04B8, 0x04B9, 0x04BB, 0x04BC, 0x04BD, 0x04BE, 0x04BF, 0x04C1, 0x04C2, 0x04C4, 0x04C5, 0x04C6,
    0x04C8, 0x04CA, 0x04CB, 0x04CC, 0x04CE, 0x04D0, 0x04D1, 0x04D2, 0x04D3, 0x04D5, 0x04D7, 0x04D8,
    0x04D9, 0x04DA, 0x04DB, 0x04DC, 0x04DD, 0x04DE, 0x04DF, 0x04E0, 0x04E1, 0x04E3, 0x04E5, 0x04E6,
    0x04E7, 0x04E8, 0x04E9, 0x04EA, 0x04EB, 0x04EC, 0x04ED, 0x04EE, 0x04EF, 0x04F0, 0x04F1, 0x04F2,
    0x04F3, 0x04F4, 0x04F5, 0x04F7, 0x04F9, 0x2013, 0x2014, 0x2018, 0x2019, 0x201A, 0x201C, 0x201D,
    0x201E, 0x2026, 0x2027, 0x2039, 0x203A, 0x3001, 0x3002, 0x3042, 0x3044, 0x3046, 0x304A, 0x304C,
    0x304D, 0x304F, 0x3050, 0x3053, 0x3055, 0x3059, 0x305B, 0x305F, 0x3060, 0x3066, 0x3067, 0x3068,
    0x306A, 0x306E, 0x306F, 0x3078, 0x3079, 0x307E, 0x307F, 0x3082, 0x3088, 0x308A, 0x308B, 0x308C,
    0x3092, 0x30A2, 0x30A3, 0x30A4, 0x30A6, 0x30A8, 0x30AB, 0x30AF, 0x30B3, 0x30B5, 0x30B6, 0x30B7,
    0x30B8, 0x30B9, 0x30BA, 0x30BB, 0x30BF, 0x30C0, 0x30C1, 0x30C6, 0x30C8, 0x30C9, 0x30CA, 0x30CB,
    0x30CD, 0x30CF, 0x30D0, 0x30D1, 0x30D5, 0x30D6, 0x30D7, 0x30DA, 0x30DE, 0x30E0, 0x30E1, 0x30E3,
    0x30E4, 0x30E5, 0x30E6, 0x30E9, 0x30EB, 0x30EC, 0x30F3, 0x30FC, 0xFB00, 0xFB01, 0xFB02, 0xFB03,
    0xFB04, 0xFF0C, 0xFF0E,
};

static const uint8_t ubuntu_12_regularKernRightClassIds[] = {
      1,   2,   2,   3,   4,   5,   6,   7,   6,   8,   9,   9,  10,  11,  12,  13,
     14,  15,  16,  17,  18,  19,  20,  21,  22,  23,  24,  25,  26,  27,  28,  29,
     30,  31,  32,  33,  34,  35,  36,  31,  37,  38,  31,  39,  40,  40,  41,  40,
     42,  40,  43,  44,  45,  46,  47,  48,  49,  50,  51,  52,  53,  54,  12,  12,
     12,  12,  12,  12,  55,  13,  17,  17,  17,  17,  17,  17,  21,  21,  21,  21,
     25,  56,  30,  30,  30,  30,  30,  30,  30,  32,  34,  34,  34,  34,  57,  37,
     58,  59,  60,  40,  41,  41,  41,  41,  41,  41,  45,  45,  45,  45,  49,  56,
     49,  12,  30,  12,  30,  12,  30,  13,  32,  13,  32,  13,  32,  13,  32,  33,
     33,  34,  34,  34,  34,  34,  14,  36,  14,  36,  14,  36,  14,  36,  31,  31,
     61,  62,  63,  37,  37,  37,  15,  38,  31,  39,  39,  39,  39,  39,  40,  40,
     40,  40,  64,  65,  17,  41,  17,  41,  17,  41,  17,  41,  40,  40,  40,  19,
     43,  19,  43,  19,  43,  19,  43,  20,  44,  20,  44,  20,  44,  21,  45,  21,
     45,  21,  45,  21,  45,  21,  45,  21,  45,  23,  47,  25,  49,  25,  26,  50,
     26,  50,  26,  50,  35,  33,  39,  40,  12,  30,  37,  17,  41,  21,  45,  21,
     45,  21,  45,  21,  45,  21,  45,  66,  12,  30,  12,  30,  55,  30,  14,  36,
     14,  36,  31,  17,  41,  17,  41,  67,  68,  38,  33,  14,  36,  56,  40,  12,
     30,  55,  30,  17,  41,  12,  30,  12,  30,  34,  34,  37,  37,  17,  41,  17,
     41,  40,  40,  21,  45,  21,  45,  19,  43,  20,  44,  69,  70,  31,  71,  72,
     73,  74,  75,  71,  76,  77,  78,  79,  80,  75,  81,  82,  72,  71,  76,  83,
     84,  85,  71,  86,  87,  88,  89,  90,  91,  92,  93,  94,  95,  91,  91,  91,
     96,  97,  91,  98,  91,  99, 100, 101, 102, 103, 104,  91, 105,  91, 106, 107,
     91,  91, 108,  90, 109,  93,  93, 110,  91, 111, 112, 113, 114, 115,  96,  91,
    116,  91,  91, 102, 106,  71, 117,  82,  98,  76, 102,  91, 118,  99,  91,  91,
     91,  79,  94,  80,  95,  91,  91,  91,  91,  91,  91,  91, 119, 120,  72, 100,
     71, 101, 121, 122, 121, 122,  84, 104,  71, 101,  85, 105,  85, 105, 123, 124,
    125, 124, 125,  79,  94,  91,  75,  96,  91,  91,  85, 105,  97,  77,  88,  77,
     88, 126,  93, 127, 128, 127, 128,  79,  94,  80, 129, 130, 131,  91,  91,  82,
     98,  82,  98,  82,  98,  86, 132,  76, 102,  76, 102,  76, 102,  85, 105,  91,
     91,   7,   7, 133, 134, 135, 133, 134, 135,   6, 136,  53,  54, 137, 138, 139,
    140, 141, 142, 143, 144, 145, 146, 143, 143, 147, 148, 149, 149, 150, 151, 152,
    153, 154, 155, 156, 156, 157, 158, 159, 160, 161, 162, 163, 164, 165, 166, 167,
    168, 169, 170, 171, 172, 173, 174, 175, 175, 176, 177, 178, 179, 179, 178, 180,
    181, 182, 183, 178, 184, 185, 186, 187, 188, 189, 190, 191, 192, 193, 194, 195,
    196, 197, 180, 198, 199, 200, 201, 202,  35,  35,  35,  35,  35, 203, 204,
};

static const uint16_t ubuntu_12_regularKernRowOffsets[] = {
        0,    20,    40,    71,    87,   114,   137,   164,   179,   212,   255,   272,   307,   334,   366,   401,
      407,   419,   461,   502,   504,   531,   557,   580,   604,   652,   667,   715,   754,   789,   836,   870,
      905,   921,   931,   944,   956,   978,   989,   990,  1004,  1015,  1029,  1043,  1044,  1059,  1072,  1090,
     1104,  1115,  1129,  1152,  1177,  1183,  1188,  1214,  1229,  1252,  1265,  1269,  1283,  1314,  1316,  1323,
     1330,  1351,  1355,  1387,  1417,  1477,  1518,  1526,  1558,  1611,  1663,  1716,  1738,  1771,  1787,  1800,
     1838,  1865,  1926,  1970,  2009,  2042,  2076,  2085,  2099,  2105,  2124,  2137,  2154,  2174,  2180,  2198,
     2218,  2240,  2256,  2275,  2296,  2320,  2338,  2352,  2363,  2382,  2401,  2409,  2425,  2431,  2442,  2453,
     2513,  2534,  2539,  2548,  2585,  2596,  2648,  2669,  2681,  2692,  2714,  2728,  2732,  2737,  2751,  2779,
     2799,  2823,  2832,  2847,  2869,  2872,  2875,  2881,  2892,  2898,  2903,  2909,  2915,  2923,  2927,  2931,
     2940,  2942,  2947,  2960,  2966,  2976,  2983,  2986,  2987,  2988,  2992,  2995,  3000,  3002,  3004,  3012,
     3014,  3019,  3023,  3024,  3028,  3029,  3032,  3036,  3055,  3069,  3071,  3077,  3079,  3085,  3100,  3101,
     3110,  3116,  3123,  3133,  3135,  3136,  3141,  3146,  3152,  3155,  3162,  3168,  3171,  3174,  3179,  3180,
     3182,  3187,  3190,  3191,  3198,  3203,  3209,  3213,  3217,  3218,  3220,  3230,  3233,  3245,  3249,  3253,
     3254,  3261,  3273,  3293,
};

static const uint8_t ubuntu_12_regularKernSparseCols[] = {
     11,  12,  13,  14,  16,  17,  21,  22,  25,  54,  71,  73,  74,  76,  77,  81,
     82, 118, 126, 129,   3,  12,  13,  16,  17,  18,  19,  20,  21,  24,  70,  71,
     72,  77,  81,  82, 118, 120, 123, 126,  11,  12,  13,  14,  16,  17,  18,  19,
     21,  22,  23,  24,  25,  54,  70,  71,  72,  75,  76,  78,  79,  81,  82,  83,
     84,  85,  86, 118, 120, 126, 129,  11,  12,  13,  14,  23,  54,  71,  73,  74,
     76,  77,  78,  79,  83, 126, 129,  11,  12,  13,  14,  16,  17,  18,  19,  20,
     21,  22,  23,  24,  25,  54,  70,  71,  76,  77,  81,  82,  83,  84, 118, 120,
    123, 126,  14,  19,  21,  23,  24,  25,  54,  70,  71,  72,  73,  74,  75,  77,
     78,  79,  81,  83,  85, 118, 120, 126, 129,  11,  12,  13,  14,  16,  17,  19,
     21,  22,  23,  24,  25,  54,  70,  71,  73,  74,  75,  76,  77,  78,  81,  82,
     83,  85, 118, 120,  12,  13,  16,  17,  19,  20,  21,  22,  24,  70,  71,  81,
     82, 120, 126,  11,  12,  13,  14,  16,  17,  18,  19,  20,  21,  22,  23,  24,
     25,  54,  70,  71,  72,  73,  74,  75,  76,  77,  78,  79,  81,  82,  83,  84,
     85,  86, 120, 129,   1,   2,   4,   5,   7,  10,  11,  12,  13,  14,  16,  17,
     18,  19,  20,  21,  22,  23,  24,  25,  28,  31,  32,  33,  35,  40,  41,  42,
     44,  45,  46,  47,  48,  49,  50,  51,  52,  54,  59,  68, 132, 133, 134,   1,
      2,   3,   4,   5,   7,   8,   9,  21,  22,  23,  24,  28,  49,  51,  54,  68,
      2,   5,   6,   9,  10,  11,  12,  13,  14,  16,  17,  18,  19,  21,  23,  24,
     25,  26,  31,  32,  33,  35,  40,  41,  44,  45,  46,  47,  48,  50,  52,  54,
     59, 133, 134,   0,   1,   2,   3,   5,   7,   9,  10,  11,  14,  18,  19,  21,
     22,  23,  24,  25,  26,  28,  29,  51,  54,  66,  68, 132, 133, 134,   1,   2,
      4,   5,  10,  11,  12,  13,  14,  16,  17,  20,  26,  28,  31,  32,  33,  35,
     40,  41,  43,  44,  45,  46,  47,  48,  50,  51,  52,  54,  59, 132,   0,   2,
      5,   7,   8,   9,  10,  11,  12,  13,  14,  16,  17,  19,  21,  24,  26,  28,
     29,  31,  32,  33,  35,  39,  40,  41,  44,  47,  49,  53,  54,  59,  64,  65,
    134,   3,   4,  28,  45,  48,  51,   3,   5,   7,  11,  14,  25,  28,  49,  51,
     54,  66, 134,   2,   4,   5,   6,   7,   9,  10,  11,  12,  13,  14,  16,  17,
     19,  21,  22,  23,  24,  25,  28,  31,  32,  33,  35,  40,  41,  42,  44,  45,
     46,  47,  48,  49,  50,  52,  54,  58,  59,  60,  61,  65, 134,   1,   2,   4,
      5,   6,   7,  11,  12,  13,  14,  16,  17,  18,  19,  20,  21,  22,  23,  24,
     25,  28,  31,  32,  33,  35,  40,  41,  45,  46,  47,  48,  49,  50,  51,  52,
     53,  54,  68, 132, 133, 134,  21,  24,   0,   1,   2,   3,   5,   7,   9,  10,
     11,  14,  18,  19,  21,  22,  23,  24,  25,  26,  28,  29,  51,  54,  66,  68,
    132, 133, 134,   0,   2,   3,   5,   7,  11,  14,  23,  26,  28,  29,  31,  32,
     33,  35,  40,  41,  45,  46,  48,  51,  52,  54,  59, 133, 134,   0,   1,   2,
      5,   9,  10,  11,  14,  18,  19,  21,  22,  23,  24,  25,  26,  29,  37,  54,
     66, 132, 133, 134,   2,   5,   7,   9,  10,  11,  12,  13,  14,  16,  17,  21,
     23,  24,  25,  28,  47,  49,  50,  51,  52,  54,  59, 134,   2,   3,   5,   6,
      7,   8,   9,  10,  11,  12,  13,  14,  16,  17,  19,  21,  22,  23,  24,  28,
     29,  31,  32,  33,  35,  39,  40,  41,  42,  44,  45,  46,  47,  48,  49,  50,
     52,  53,  54,  57,  58,  59,  60,  61,  62,  64,  65, 134,   2,   5,   7,   8,
     11,  14,  25,  28,  29,  49,  50,  51,  54,  66, 134,   1,   2,   3,   5,   6,
      7,   8,   9,  10,  11,  12,  13,  14,  15,  16,  17,  19,  21,  22,  23,  24,
     28,  29,  31,  32,  33,  35,  39,  40,  41,  42,  44,  49,  50,  52,  53,  54,
     56,  58,  59,  60,  61,  62,  64,  65, 132, 133, 134,   1,   2,   5,   7,   8,
      9,  10,  11,  12,  13,  14,  16,  17,  19,  21,  22,  23,  24,  28,  29,  31,
     32,  33,  35,  39,  40,  41,  42,  44,  50,  52,  54,  58,  59,  60,  64, 132,
    133, 134,   2,   4,   5,   6,   7,  10,  11,  12,  13,  14,  16,  17,  19,  21,
     23,  24,  25,  28,  31,  32,  33,  35,  40,  41,  44,  45,  46,  47,  48,  50,
     52,  54,  59,  65, 134,   2,   3,   5,   6,   7,   8,   9,  10,  11,  12,  13,
     14,  15,  16,  17,  19,  21,  22,  23,  24,  25,  28,  29,  31,  32,  33,  35,
     39,  40,  41,  42,  44,  47,  49,  50,  52,  53,  54,  58,  59,  60,  61,  64,
     65, 132, 133, 134,   2,   5,   6,  10,  11,  12,  13,  14,  16,  17,  20,  21,
     24,  26,  28,  31,  32,  33,  35,  40,  41,  43,  44,  45,  46,  47,  48,  50,
     51,  52,  54,  58,  59,  60,  11,  12,  13,  14,  16,  17,  18,  19,  20,  21,
     22,  23,  24,  25,  28,  54,  70,  71,  72,  73,  74,  75,  76,  77,  78,  81,
     82,  83,  84,  86, 118, 120, 123, 126, 129,  12,  13,  16,  17,  22,  23,  25,
     71,  72,  81,  82,  83,  84,  86, 118, 126,   1,   3,   4,   9,  28,  45,  46,
     48,  51, 133,   1,   3,   7,   9,  28,  45,  46,  47,  48,  49,  51, 132, 133,
      5,   6,  28,  32,  35,  40,  45,  46,  47,  48,  50,  52,   3,   4,   5,   6,
      7,   9,  28,  45,  46,  47,  48,  51,  52,  53,  56,  58,  59,  60,  61,  62,
    133, 134,   1,   3,   4,   9,  28,  45,  46,  48,  51, 132, 133,  37,   6,   7,
     10,  28,  31,  32,  33,  35,  40,  41,  47,  50,  52,  59,   1,   3,   4,   9,
     28,  45,  46,  48,  51, 132, 133,   1,   3,   4,   7,   9,  28,  45,  46,  47,
     48,  49,  51, 132, 133,   1,   3,   4,   7,   9,  28,  45,  46,  47,  48,  49,
     51, 132, 133,  37,   4,   5,   6,   7,   9,  28,  41,  45,  46,  47,  48,  52,
     59, 133, 134,   5,   6,  28,  31,  32,  33,  35,  40,  41,  47,  50,  52,  59,
      4,   5,   7,   9,  28,  31,  32,  33,  35,  40,  41,  45,  46,  47,  48,  59,
    133, 134,   4,   5,   7,   9,  28,  31,  40,  45,  46,  47,  48,  59, 133, 134,
     28,  31,  32,  33,  35,  40,  41,  47,  50,  52,  59,  28,  31,  32,  33,  34,
     35,  40,  41,  43,  44,  50,  51,  52,  59,  11,  12,  13,  14,  16,  17,  18,
     20,  25,  51,  54,  71,  72,  76,  77,  81,  82,  84,  86, 118, 123, 126, 129,
     11,  14,  18,  19,  20,  21,  22,  23,  24,  25,  54,  70,  72,  73,  74,  75,
     76,  77,  78,  79,  83,  85,  86, 120, 129,  19,  20,  21,  22,  24,  25,  19,
     21,  24,  70, 120,  11,  14,  18,  19,  21,  22,  23,  24,  25,  54,  70,  72,
     73,  74,  75,  76,  77,  78,  79,  83,  84,  85,  86, 120, 123, 129,  11,  12,
     13,  14,  16,  17,  18,  19,  20,  21,  22,  23,  24,  25,  54,   0,   1,   3,
      5,   7,   9,  11,  14,  19,  21,  23,  24,  25,  26,  28,  29,  51,  54,  66,
     68, 132, 133, 134,   1,   3,   4,   9,  28,  45,  46,  48,  51,  67,  69, 132,
    133,   7,   9,  28,  51,   1,   3,   4,   7,   9,  28,  45,  46,  47,  48,  49,
     51, 132, 133,   1,   3,   5,   6,   8,   9,  27,  28,  29,  30,  31,  32,  33,
     35,  36,  37,  38,  39,  40,  41,  42,  43,  44,  51,  56,  57,  58,  60,  61,
     62, 133,  37,  49,   1,   4,   9,  45,  46, 132, 133,  37,  45,  46,  47,  48,
     67,  69,  11,  14,  23,  24,  25,  29,  30,  34,  36,  37,  39,  54,  55,  56,
     57,  58,  60,  61,  62,  63,  66,  21,  24,  63,  68,   1,   2,   4,   5,  10,
     26,  28,  50,  51,  52,  71,  73,  76,  81,  82,  88,  92,  97,  99, 100, 101,
    102, 103, 104, 106, 116, 118, 119, 121, 126, 130, 132,   0,   1,   3,   4,   5,
      6,   7,   8,   9,  26,  28,  51,  75,  78,  83,  84,  86,  93,  94, 100, 101,
    103, 106, 116, 117, 121, 123, 128, 130, 131,   2,   3,   5,   6,   7,   8,   9,
     10,  28,  50,  52,  53,  70,  71,  73,  74,  75,  76,  77,  81,  82,  83,  85,
     87,  89,  90,  91,  92,  93,  94,  95,  96,  97,  98,  99, 100, 101, 102, 103,
    104, 105, 106, 107, 108, 109, 110, 111, 113, 115, 117, 118, 119, 121, 124, 125,
    127, 128, 130, 131, 134,   2,   5,   6,   9,  10,  26,  50,  52,  70,  71,  73,
     74,  76,  77,  81,  82,  83,  88,  91,  92,  93,  95,  97,  99, 100, 101, 102,
    103, 104, 106, 109, 115, 118, 119, 120, 121, 124, 126, 130, 133, 134,   1,   4,
    100, 101, 106, 116, 121, 130,   0,   1,   2,   3,   4,   9,  10,  26,  28,  51,
     70,  71,  81,  82,  84,  88, 100, 101, 106, 109, 112, 113, 114, 115, 116, 117,
    118, 121, 122, 123, 126, 130,   2,   4,   5,   6,   7,   9,  10,  28,  50,  52,
     70,  71,  73,  74,  76,  77,  78,  79,  81,  82,  83,  85,  86,  88,  91,  92,
     93,  95,  97,  99, 100, 101, 102, 103, 104, 106, 107, 108, 109, 110, 111, 115,
    116, 118, 119, 121, 123, 124, 126, 127, 129, 130, 134,   1,   2,   3,   5,   6,
      7,   8,   9,  10,  28,  50,  52,  53,  70,  71,  73,  74,  75,  76,  77,  78,
     80,  81,  82,  83,  85,  87,  88,  89,  90,  91,  92,  95,  96,  97,  98,  99,
    102, 105, 108, 109, 110, 111, 113, 115, 118, 119, 125, 127, 132, 133, 134,   1,
      2,   4,   5,   7,  10,  28,  50,  51,  52,  70,  71,  72,  73,  74,  76,  77,
     78,  79,  81,  82,  83,  84,  85,  86,  88,  91,  92,  93,  95,  97,  99, 100,
    101, 102, 103, 104, 106, 107, 108, 111, 116, 118, 120, 121, 123, 124, 126, 129,
    130, 132, 133, 134,   1,   2,   3,   4,   5,   7,   8,   9,  26,  28,  51,  75,
     78,  82,  83,  84,  86,  94, 114, 120, 128, 131,   1,   3,   4,   5,   7,  28,
     50,  51,  52,  71,  73,  74,  76,  77,  78,  79,  81,  82,  83,  84,  85,  91,
     93,  95, 101, 103, 104, 108, 114, 118, 126, 129, 130,   1,   2,   3,   7,   8,
      9,  26,  28,  51,  75,  78,  82,  83,  84,  86, 114,   1,   2,   3,   4,   9,
     10,  26,  28,  51,  75, 102, 104, 120,   0,   1,   2,   3,   5,   6,   7,   9,
     10,  26,  28,  51,  70,  73,  74,  75,  76,  77,  78,  79,  83,  85,  87,  91,
     93,  94,  95, 109, 112, 113, 114, 120, 128, 129, 131, 132, 133, 134,   0,   2,
      3,   5,   7,  26,  28,  51,  52,  73,  74,  76,  77,  78,  79,  83,  87,  91,
     95,  96, 101, 117, 121, 123, 125, 133, 134,   2,   3,   5,   6,   7,   8,   9,
     10,  28,  50,  52,  53,  70,  71,  73,  74,  75,  76,  77,  81,  82,  83,  85,
     87,  89,  90,  91,  92,  93,  94,  95,  96,  97,  98,  99, 100, 101, 102, 103,
    104, 105, 106, 107, 108, 109, 110, 111, 113, 115, 117, 118, 119, 120, 121, 124,
    125, 127, 128, 130, 131, 134,   0,   1,   2,   3,   5,   7,   9,  10,  26,  28,
     51,  70,  73,  74,  75,  76,  77,  78,  79,  83,  85,  87,  89,  90,  91,  93,
     94,  95,  96,  98, 105, 109, 112, 113, 114, 115, 122, 125, 128, 129, 131, 132,
    133, 134,   2,   4,   5,   6,   7,  10,  28,  50,  52,  70,  71,  76,  81,  82,
     83,  88,  91,  92,  93,  95,  97,  99, 100, 101, 102, 103, 104, 106, 109, 110,
    115, 116, 119, 120, 121, 124, 127, 130, 134,   1,   3,   4,   5,   7,  28,  50,
     51,  52,  71,  73,  74,  76,  77,  78,  79,  81,  82,  83,  84,  85,  91,  93,
     95, 101, 103, 104, 108, 114, 118, 126, 129, 130,   0,   1,   2,   3,   5,   6,
      7,   9,  10,  26,  28,  51,  70,  73,  74,  75,  76,  77,  78,  79,  83,  85,
     91,  94,  95, 112, 113, 114, 128, 129, 131, 132, 133, 134,   1,   3,   4,   9,
     28,  51, 101, 121, 133,   0,   1,   2,   4,   5,   6,   7,   8,  26,  93,  94,
    103, 128, 131,   1,   3,   4,   9,  28,  51,   3,   5,   6,   7,   9,  28,  50,
     51,  52,  91,  95, 100, 101, 103, 106, 117, 121, 124, 130,   1,   3,   7,  28,
     51,  91,  93,  95, 101, 102, 103, 104, 130,   1,   3,   4,   5,   6,   7,   8,
      9,  26,  28,  51,  94, 101, 121, 128, 131, 133,   1,   2,   6,   7,  10,  28,
     50,  52,  91,  92,  93,  95,  97,  99, 102, 103, 108, 110, 119, 127,   1,   3,
      4,   9,  28,  51,   2,   6,   7,  10,  28,  50,  52,  91,  92,  93,  95,  97,
     99, 102, 103, 108, 110, 119,   1,   3,   4,   5,   6,   7,   8,   9,  28,  51,
     93,  94, 101, 103, 107, 121, 128, 131, 132, 133,   1,   2,   3,   4,   5,   6,
      7,   8,   9,  26,  28,  51,  93,  94, 101, 103, 109, 121, 128, 131, 132, 133,
      5,   6,  28,  50,  51,  52,  91,  93,  95,  97, 100, 101, 102, 103, 106, 121,
      3,   5,   6,   7,   9,  28,  50,  51,  52,  91,  95, 100, 101, 103, 106, 117,
    121, 124, 130,   3,   5,   7,   9,  28,  51,  91,  92,  95,  97,  99, 100, 101,
    102, 103, 106, 117, 121, 130, 133, 134,   0,   1,   3,   4,   5,   6,   7,   8,
      9,  26,  28,  51,  93,  94,  95, 101, 103, 107, 109, 128, 130, 131, 132, 133,
      2,   6,   9,  10,  28,  50,  51,  52,  91,  92,  93,  95,  97,  99, 102, 103,
    110, 119,   1,   3,   7,  28,  51,  91,  93,  95, 101, 102, 103, 104, 114, 130,
      1,   3,   4,   9,  28,  51, 100, 101, 106, 121, 130,   1,   3,   4,   5,   6,
      7,   8,   9,  28,  51,  93,  94, 101, 103, 107, 128, 131, 132, 133,   1,   3,
      4,   5,   6,   7,   8,   9,  28,  51,  93,  94, 101, 103, 107, 128, 131, 132,
    133,   1,   2,   4,   9,  10,  26,  88, 109,   1,   2,   6,   9,  10,  26,  28,
     50,  51,  52,  92,  97,  99, 102, 110, 119,   1,   3,   9,  28,  50,  51,   1,
      2,   3,   4,   9,  10,  26,  28,  51,  88, 109,   1,   3,   4,   9,  28,  51,
    100, 101, 106, 121, 130,   2,   3,   6,   7,   8,   9,  10,  28,  51,  52,  53,
     70,  71,  74,  75,  76,  77,  78,  79,  81,  82,  83,  84,  85,  87,  89,  90,
     91,  92,  93,  94,  95,  96,  97,  98,  99, 100, 101, 102, 103, 104, 105, 106,
    107, 108, 109, 110, 111, 115, 117, 118, 119, 121, 124, 125, 127, 128, 129, 130,
    131,   4,   5,   6,   7,   9,  28,  52,  53,  91,  93,  95, 100, 101, 103, 104,
    106, 107, 117, 121, 124, 130,   1,   2,   4,   9, 104,   1,   4,   9,  95, 100,
    104, 106, 121, 124,   0,   1,   2,   4,   5,   6,   8,   9,  26,  70,  72,  73,
     74,  75,  76,  78,  79,  83,  84,  85,  86,  93,  94,  95,  98, 103, 105, 107,
    109, 112, 113, 114, 115, 122, 128, 129, 131,   1,   4,   5,   8,   9,  26,  93,
    100, 103, 106, 121,   2,   3,   5,   6,   7,   8,   9,  10,  28,  50,  52,  53,
     70,  71,  76,  80,  81,  83,  87,  88,  89,  90,  91,  92,  93,  94,  95,  96,
     97,  98,  99, 102, 103, 104, 105, 107, 108, 109, 110, 111, 115, 117, 119, 120,
    124, 125, 127, 128, 131, 132, 133, 134,   3,   4,   5,   7,   9,  28,  51,  91,
     92,  95,  97,  99, 100, 101, 103, 106, 117, 121, 130, 133, 134,   0,   1,   2,
      3,   4,   9,  26,  28,  51,  70,  84, 123,   1,   2,   3,   4,   9,  10,  26,
     28,  51,  88, 109,   1,   2,   3,   5,   7,   9,  26,  28,  51,  75,  78,  79,
     83,  85,  87,  96, 112, 113, 114, 125, 127, 129,   1,   3,   4,   5,   6,   7,
      8,   9,  26,  28,  51,  94, 128, 131,   2,   9,  50,  52,   1,   2,   9, 102,
    119,   1,   3,   4,   5,   6,   7,   8,   9,  26,  28,  51,  94, 128, 131,   0,
      1,   2,   3,   5,   6,   7,   9,  10,  26,  28,  51,  70,  76,  83,  87,  91,
     94,  95, 112, 113, 114, 120, 128, 131, 132, 133, 134,   1,   3,   4,   5,   6,
      7,   8,   9,  28,  51,  93,  94, 101, 103, 107, 121, 128, 131, 132, 133,   2,
      4,   5,   7,   8,  26,  28,  51,  82,  86,  93, 100, 101, 103, 106, 108, 112,
    113, 114, 116, 117, 121, 123, 130,   1,   2,   9,  10,  50,  52,  97, 102, 119,
     11,  12,  13,  14,  16,  17,  21,  22,  24,  54,  71,  76,  81,  82, 120,  11,
     12,  13,  14,  16,  17,  18,  19,  20,  21,  22,  23,  24,  25,  54,  70,  71,
     76,  81,  82,  83, 120, 149, 150, 187, 149, 150, 159, 137, 187, 188, 189, 202,
    203, 143, 144, 145, 149, 150, 155, 161, 172, 187, 188, 190, 136, 137, 154, 159,
    202, 203, 136, 137, 159, 202, 203, 136, 137, 140, 161, 202, 203, 140, 149, 150,
    157, 161, 202, 136, 140, 149, 150, 157, 161, 202, 203, 136, 146, 202, 203, 146,
    149, 150, 172, 136, 137, 149, 150, 155, 170, 190, 202, 203, 156, 202, 136, 137,
    156, 202, 203, 136, 137, 138, 141, 143, 144, 145, 154, 156, 158, 163, 202, 203,
    136, 137, 138, 145, 202, 203, 136, 144, 146, 149, 150, 152, 153, 155, 202, 203,
    136, 142, 144, 145, 146, 202, 203, 143, 202, 203, 148, 203, 149, 150, 151, 202,
    149, 150, 202, 136, 137, 147, 202, 203, 202, 203, 202, 203, 136, 139, 140, 149,
    150, 151, 202, 203, 160, 161, 146, 147, 149, 150, 202, 136, 137, 202, 203, 191,
    136, 137, 149, 150, 162, 146, 149, 150, 136, 137, 202, 203, 136, 137, 151, 166,
    170, 174, 177, 182, 184, 185, 186, 190, 192, 193, 198, 200, 201, 202, 203, 136,
    137, 168, 170, 175, 176, 178, 179, 182, 184, 185, 186, 192, 195, 136, 137, 136,
    137, 170, 192, 202, 203, 136, 202, 136, 137, 175, 200, 202, 203, 135, 136, 137,
    170, 175, 176, 178, 184, 185, 186, 192, 193, 198, 202, 203, 167, 136, 137, 175,
    184, 185, 186, 192, 202, 203, 136, 137, 175, 192, 202, 203, 136, 137, 184, 185,
    186, 202, 203, 136, 137, 178, 184, 185, 186, 194, 196, 202, 203, 190, 191, 193,
    136, 137, 193, 202, 203, 136, 137, 174, 193, 202, 136, 137, 192, 194, 202, 203,
    136, 137, 202, 136, 137, 165, 184, 192, 202, 203, 136, 137, 165, 192, 202, 203,
    136, 137, 202, 136, 137, 202, 136, 137, 192, 202, 203, 171, 166, 180, 180, 181,
    200, 202, 203, 180, 181, 200, 165, 136, 137, 165, 192, 200, 202, 203, 136, 137,
    165, 202, 203, 136, 137, 165, 196, 202, 203, 136, 137, 202, 203, 187, 188, 189,
    197, 202, 136, 137, 136, 137, 166, 184, 185, 186, 192, 193, 202, 203, 136, 164,
    199, 136, 137, 174, 175, 176, 184, 185, 186, 192, 193, 202, 203, 136, 137, 202,
    203, 169, 171, 192, 200, 192, 136, 137, 165, 184, 185, 186, 202, 136, 137, 175,
    176, 183, 187, 188, 189, 192, 193, 202, 203, 136, 137, 149, 150, 164, 165, 172,
    173, 174, 175, 176, 184, 185, 186, 187, 188, 189, 192, 193, 200,
};

static const int8_t ubuntu_12_regularKernSparseValues[] = {
     -32,  -10,  -10,  -49,  -10,  -10,    5,    4,   -5,  -54,  -10,  -46,  -29,  -32,  -28,  -10,
     -10,  -11,  -14,   -4,   32,  -12,  -12,  -12,  -12,   -7,    4,   -4,    6,    7,    4,  -12,
      -5,   11,  -12,  -12,  -18,    7,   -5,   -8,   -8,   -5,   -5,   -5,   -5,   -5,   -5,  -11,
     -14,   -7,  -11,  -17,   -9,   -8,  -11,   -5,   -6,  -10,   -8,   -9,   -8,   -5,   -5,  -11,
      -8,   -7,   -7,   -6,  -17,   -5,   -7,  -26,   -4,   -4,  -49,  -10,  -39,   -4,  -45,  -30,
     -26,  -29,  -12,   -6,  -10,   -7,   -7,   10,  -12,  -12,   11,  -13,  -13,    6,  -28,   -9,
     -31,  -16,    4,  -32,    8,    8,  -28,  -12,   10,    7,  -13,  -13,    4,  -47,  -17,  -32,
     -40,  -12,  -11,  -20,   -5,  -12,  -20,   -6,   -6,  -20,    6,   -4,   -9,  -14,  -16,   -9,
     -16,   -6,    6,  -12,   -7,    6,  -20,    6,   -9,  -20,  -11,  -11,  -28,  -10,  -10,   12,
      13,    9,    8,   14,    4,  -31,   12,  -11,  -25,  -24,   10,  -20,  -24,    7,  -10,  -10,
       8,    8,   -8,   14,   -4,   -4,   -4,   -4,  -34,   -5,   -8,   -5,  -16,  -34,   -4,   -4,
      -4,  -16,   -9,  -10,   -4,   -4,  -10,   -4,   -4,   -7,  -18,   -5,  -14,   -9,  -16,  -22,
     -14,  -15,  -18,   -4,   -6,   -9,   -9,  -16,  -10,   -8,  -18,  -12,   -4,   -4,  -16,   -5,
     -11,   -6,  -22,  -11,  -31,   -8,  -25,   10,    7,   -6,   13,   -8,   -8,   12,   -8,   -8,
       6,  -26,   -4,  -25,   -7,   10,  -32,    8,  -11,   -5,   -5,   -5,   -6,   -5,   -5,    5,
      -6,   -8,   -8,   10,   -6,    6,   -8,   -4,   -8,   14,   -5,  -21,  -28,  -27,   10,   -4,
      -4,  -10,   -4,   -4,   -8,   -4,   -8,   -8,   -5,   -8,  -10,  -14,   -5,   -9,   -5,   -6,
      -9,    9,  -12,    6,   -7,    9,   -8,   -8,    9,   -8,   -8,    4,    7,    7,    5,    7,
       4,   -4,   -6,   -6,   -6,   -6,   -6,   -6,   -8,   -6,   -7,    6,   -6,  -11,  -18,    9,
      -6,    5,    7,   -6,  -10,   -5,  -13,  -13,  -17,  -16,   -4,   -8,  -10,   -4,  -11,   -7,
      -7,  -10,  -16,   -6,   -4,  -17,   -6,  -12,  -17,  -12,  -12,   -8,   -5,  -14,   -6,   -8,
      -5,    4,   -6,    7,  -11,  -11,    7,  -11,  -11,   -9,   -7,  -17,   -6,   -7,   -6,   -9,
      -7,   -6,   -6,   -8,  -10,  -10,    4,  -10,   -8,   -9,   -9,    7,   -6,   -5,   -4,  -10,
     -26,  -24,   -7,    5,   -7,  -18,   -5,   -5,  -32,   -5,   -5,    6,    7,    8,   -6,  -16,
     -20,   -6,   -6,   -6,   -6,  -11,   -6,   -6,  -10,  -14,  -10,   -8,  -30,   -6,  -10,   -7,
     -41,   -4,  -10,   -4,   -7,   -7,   -4,   -4,   -4,  -14,   -4,   -6,   -7,  -14,   -7,   -8,
     -10,   -6,   -5,   -7,  -13,    6,  -19,    7,    4,   -8,   14,  -14,  -14,   11,  -14,  -14,
       7,    8,    4,   10,    9,    8,  -10,   -8,   -8,   -8,   -8,   -8,   -8,    6,   -5,   -6,
     -19,   11,   -4,    6,   -8,  -24,   14,    8,  -10,    4,    4,   -5,    6,  -50,   -4,  -56,
       9,  -28,    5,   11,  -18,  -18,   11,  -18,  -18,    6,  -46,   -7,  -40,  -18,    8,  -46,
       6,  -13,   -5,   -5,   -5,   -5,   -5,   -5,  -16,  -15,    8,   -8,    4,  -10,   -6,  -16,
       4,   12,  -34,  -48,  -47,    6,   -2,   -3,   -6,   -9,   -5,  -11,  -13,  -17,  -14,   -4,
      -8,  -10,   -4,  -11,   -7,   -6,  -10,  -16,   -6,   -4,  -17,   -5,  -12,  -16,  -11,  -10,
      -6,   -4,  -12,   -4,   -5,  -10,  -36,  -25,  -20,  -38,   -7,   -6,  -16,   -8,   -8,   -8,
     -13,   -8,   -8,   -4,    4,    4,    4,  -10,   -7,  -34,   -6,    4,  -46,   -6,   -9,   -5,
     -13,  -14,   -4,   -8,  -10,   -4,  -11,   -7,   -6,  -10,  -16,   -6,   -4,   -6,    6,  -16,
     -11,   -6,   -4,   -8,   -5,    6,    5,   -5,   -6,   11,   -4,   -4,    9,   -4,   -4,   -4,
       8,   -8,    6,  -13,    8,    4,   -7,   -6,   -8,   12,   -6,    6,  -11,    5,  -30,  -20,
     -34,  -34,    9,  -20,  -26,  -11,  -11,  -36,  -11,  -11,   10,   11,    7,    6,   12,  -13,
     -18,  -22,  -22,  -22,  -22,  -16,  -22,  -22,  -18,  -14,   -9,  -32,   -7,   -9,  -12,  -10,
     -34,  -30,  -29,    8,   12,  -32,   20,    8,    4,  -29,  -26,  -27,   -4,   -4,  -16,   -4,
      -4,   -6,   -6,  -15,   -6,   -7,   -4,   -9,  -14,   -6,   -8,    6,  -13,    6,  -30,   -4,
     -27,   -8,   10,  -15,  -25,   -7,   -7,  -38,   -2,   -7,   -7,   11,   12,    8,    8,   13,
     -11,  -10,  -18,  -18,  -18,  -18,  -12,  -18,  -18,   -6,  -10,   -1,  -10,  -17,   -4,  -33,
       4,   13,  -20,   16,   12,    4,  -10,  -10,    8,   10,  -30,    5,   -6,  -15,  -19,   -4,
       6,   -8,   -7,   -6,   -6,  -24,   -6,   -6,    8,    9,    5,    4,   10,  -15,  -12,   -9,
      -9,   -9,  -10,   -8,   -9,   -9,   -7,   -8,   -7,   -8,  -20,    7,  -10,    4,   -6,    7,
      10,  -15,  -10,  -10,    5,  -11,    4,  -10,   11,  -10,  -10,    8,  -10,  -10,    5,    7,
       7,    8,    5,  -14,   -7,   -7,   -7,   -7,   -7,   -7,   -4,   -4,  -15,    8,   -3,  -10,
     -19,   11,  -12,   -7,    4,  -17,    7,  -26,  -20,  -33,  -15,   10,  -23,  -32,  -16,  -16,
     -46,   -3,  -16,  -16,   12,   13,    9,    8,   14,    4,  -10,  -16,  -20,  -20,  -20,  -20,
     -16,  -20,  -20,   -8,  -14,   -6,  -11,   -9,  -30,  -13,  -32,   16,  -31,   16,   13,  -17,
     -16,    4,    7,  -31,   -8,    4,  -24,   -6,    7,  -14,  -14,    7,  -14,  -14,   -6,    4,
       5,   -7,  -17,   -6,   -7,   -6,   -9,   -7,   -6,   -5,   -8,   -9,  -10,    4,   -9,  -14,
      -6,  -20,    7,    4,   -6,    5,  -11,  -17,  -17,  -11,  -17,  -17,  -10,  -13,  -15,  -12,
     -15,  -14,  -11,  -16,   32,  -11,  -13,  -17,   -8,   -9,  -10,  -12,  -11,   10,  -12,  -17,
     -17,  -14,  -19,  -15,  -19,  -11,  -10,   -6,  -12,   -4,   -4,   -4,   -4,   -4,   -4,   -6,
      -4,   -4,   -4,   -4,   -4,   -8,   -5,   -9,   -8,  -11,  -10,   -8,  -11,  -12,   -6,   -5,
      -6,   -8,  -10,  -15,  -11,   -9,  -11,  -12,   -5,   -5,   -7,   -5,   -8,   -8,  -13,  -13,
       4,  -13,  -11,   -5,   -6,   -5,    4,    4,    6,    4,   -8,  -12,   16,    4,  -21,  -14,
     -17,   10,   16,    8,    7,    6,    8,   16,   -8,    4,   12,   16,   -7,   16,   12,   16,
       8,  -21,  -15,  -10,   -8,  -11,  -12,   -6,   -5,   -7,   -8,  -12,  -12,    4,  -11,    4,
      -8,  -10,  -10,  -10,  -10,  -12,  -12,  -10,    8,   -8,  -14,  -11,  -12,  -10,   -9,  -11,
     -12,   -6,   -6,   -7,   -8,   -9,  -10,  -13,  -11,   -8,   -9,  -12,  -12,   -6,   -5,   -7,
      -6,   -8,   -8,   -9,  -11,  -13,  -11,   -8,   -9,  -11,  -12,   -6,   -5,   -7,   -6,   -7,
      -8,   -9,  -11,   12,    5,  -22,  -13,  -18,  -17,  -10,   -5,    8,    8,    6,    8,   -8,
      -8,    6,  -21,    4,  -16,  -11,   -5,   -6,   -4,   -4,   -6,   -5,    7,   -8,  -11,   -5,
       4,  -14,  -13,  -16,  -10,   -6,   -6,   -6,   -5,   -6,   -6,    7,    7,    6,    7,   -7,
       5,  -14,    4,  -13,  -11,  -14,  -10,   -5,   -5,    7,    7,    6,    7,   -6,    5,  -12,
     -11,   -8,   -8,   -8,   -8,   -8,   -8,    7,   -8,  -12,  -10,  -14,   -8,   -8,   -8,   -5,
      -9,   -8,   -7,   -5,   -5,  -11,   -8,  -13,   -7,   -5,  -10,  -12,   -5,  -12,  -12,   -8,
      -9,   -7,   32,   -4,  -10,   -7,   -5,   11,  -12,  -12,   -4,   -8,  -13,   -4,   -6,   -4,
      -8,   -8,   -7,  -10,   -4,  -10,   -8,  -12,  -10,  -14,   -8,  -10,   -8,   -6,   -7,  -10,
      -8,   -8,   -9,  -10,  -12,   -9,   -6,  -10,   -9,  -33,   -4,  -12,   -8,  -19,   -4,  -31,
      -5,  -13,  -31,  -13,   -8,  -17,   -8,  -34,  -18,   -8,  -20,  -31,  -17,  -18,  -34,  -10,
     -14,  -14,  -22,   -8,  -13,  -23,  -15,  -20,   -6,  -16,   -9,  -31,   -4,  -16,  -18,  -15,
     -15,  -25,  -15,  -15,  -12,  -44,  -18,  -19,  -16,  -28,  -26,  -27,  -28,   -6,  -13,  -16,
     -24,  -16,  -14,  -11,  -22,  -18,   -8,  -17,  -17,  -19,   -6,  -17,   -6,  -11,  -20,  -16,
      -9,  -10,   -6,  -23,  -16,  -11,  -13,   -8,   -8,  -11,  -10,  -11,   -8,  -14,   -8,  -12,
     -12,   -8,    6,    5,    5,  -16,  -11,   -8,   -9,  -11,  -12,   -6,   -5,   -7,   -6,   -7,
      -8,  -14,  -14,    7,   24,   -4,   -4,   -4,   18,   36,   28,   -4,    6,   -4,   -4,   -4,
      -4,    3,    3,    6,   -4,   -4,   -4,   -4,    4,   -4,   28,   28,   38,   44,   44,   44,
      34,    8,    8,   -5,  -17,   -8,  -10,   -6,   -5,  -14,  -14,   -6,   -9,   -8,   -6,   -9,
     -13,  -10,  -14,  -25,  -12,   -6,   -6,   -9,   -5,   -5,   -5,   -5,   -5,  -23,   -5,   -5,
      -5,   -5,   -5,   -5,   -5,   -5,   -7,   -6,   -8,   -5,   -6,   -6,   -8,   -5,    4,   -6,
      -7,  -17,   -8,   -9,   -9,  -11,    6,    7,  -11,  -11,   -6,   -6,   -7,   -6,   -6,  -10,
      -7,    4,   -7,   -6,   -6,   -9,   -4,  -10,   -8,   -7,   -5,   -5,  -15,   -7,  -12,   -5,
       6,   -6,   -5,   -4,   -7,  -16,  -10,   -4,   -8,   -7,   -9,   -8,   -7,   -4,  -14,   -6,
      -6,  -14,  -13,   -4,   -6,   -7,   -4,  -12,   -4,  -11,    5,  -30,  -20,  -34,  -34,    9,
     -20,  -13,  -10,  -34,  -30,   10,  -11,  -44,  -26,    8,  -26,  -26,  -11,  -11,    6,    7,
     -39,  -36,  -37,  -46,  -46,  -30,  -32,  -45,  -42,  -46,  -37,  -46,  -25,  -25,  -32,  -26,
     -30,  -37,  -25,  -31,  -44,   11,  -46,  -42,   17,   11,  -30,   -9,  -48,  -25,  -37,  -39,
     -39,  -53,  -26,  -45,  -27,   -9,    9,  -12,    6,   -7,   -4,  -11,  -18,    7,   -8,    8,
       7,    9,    7,   -8,   -8,    5,   -6,    7,   -6,    6,    8,   -6,   -6,  -13,   -6,   -6,
       6,  -19,  -13,    8,    8,  -12,   -4,    7,   -6,  -20,   -5,  -14,    5,    7,   -5,   -7,
     -18,   -6,  -13,  -10,   -6,   -8,   -6,  -30,   -8,   -9,  -14,  -12,   -5,   -8,  -21,  -14,
     -20,   -5,   -5,   -6,  -12,   -5,  -15,   -9,  -14,   -6,   -8,   -8,   -8,   -6,  -15,   -4,
      -5,   -8,   -5,   -8,   -4,  -15,   -7,  -13,    6,  -19,    7,    4,   -8,  -10,   -8,  -24,
       7,  -14,   10,   10,   14,   11,    9,    6,  -14,  -14,   10,    8,    7,  -10,   11,   -8,
      11,   10,   -8,   -8,  -16,  -19,  -11,   11,  -24,   -9,    8,    8,    8,   -8,    6,    8,
      -9,  -17,   -8,  -19,  -15,  -24,   -8,   -6,    7,  -20,    6,    6,  -13,    6,  -30,   -4,
     -27,   -8,   10,  -15,  -11,  -10,  -17,   -4,   11,   -7,  -32,  -25,   10,  -25,  -24,    6,
      -2,   -7,   -7,    8,    8,  -10,   -7,   -7,   -8,  -25,  -15,  -25,  -12,  -15,   -8,  -15,
     -16,   -8,  -12,   13,  -15,   -8,   16,   13,   -8,  -15,  -10,  -10,    8,   10,  -30,  -31,
      -8,  -25,   10,    7,   -6,  -11,   -8,   -4,   -8,  -26,   -8,    6,   10,   10,   13,   10,
       9,    6,   -8,   -8,   10,  -20,    8,    6,   -6,   10,   -5,   11,   10,   -5,   -5,  -15,
      -6,   -5,   10,  -11,  -10,    7,    8,    6,  -10,   -9,  -32,   -8,  -14,   -7,   -6,    8,
     -14,  -28,  -27,   10,   -4,   -4,  -10,   -4,   -4,   -8,   -4,   -8,   -5,  -14,   -9,   -5,
      -8,   -4,   -8,   -7,   -6,   -4,   -4,  -10,   -4,   -4,   -5,   10,   -7,    7,   17,   10,
      -6,   10,   -6,   -7,   10,    9,   10,    8,    7,    6,   -7,  -10,    7,  -11,    7,    8,
       8,    9,   12,    8,   -8,    6,   26,  -10,   -4,    7,   12,   -5,   -5,  -10,   -6,   -4,
      -5,   -5,  -15,  -11,   -4,   -6,   -5,   -6,   -6,   -6,   -4,   -6,   -6,   -8,   -6,   -5,
      -5,   -4,  -14,   -9,   -2,   -4,   -5,   -3,   -6,   -9,   -5,  -11,  -13,    6,  -17,  -14,
      -4,   -4,  -17,  -12,  -11,   -9,   -9,  -14,   -8,   -8,  -19,  -12,  -10,  -12,   -5,  -10,
      -4,   -5,  -11,   -4,   -5,   -5,   -6,  -16,   -5,  -11,   -5,   -6,   -4,  -12,   -4,   -5,
     -10,  -36,  -25,   -6,  -16,  -10,   -7,  -37,  -29,  -20,  -28,  -11,   -6,   -7,   -8,  -18,
     -19,   -5,    4,    6,    4,    6,   -5,    4,  -46,  -11,    5,  -30,  -20,  -34,  -34,    9,
     -20,  -13,  -10,  -34,  -30,   10,  -11,  -26,  -26,    8,  -26,  -26,  -11,  -11,    6,    7,
     -18,  -30,  -30,  -28,  -22,  -28,  -33,  -27,  -30,  -22,  -16,  -22,  -25,   -9,  -22,   -7,
     -30,  -30,  -25,  -31,  -30,   11,  -31,  -31,   17,   11,  -27,   -9,  -31,   12,   -9,  -27,
     -32,  -32,  -54,  -26,  -45,  -27,   -6,   -9,   -5,  -11,  -13,  -17,  -14,   -4,   -4,  -17,
     -12,  -11,  -22,  -23,  -15,   -8,  -22,  -24,  -18,  -10,  -16,   -7,   -6,   -5,  -16,   -4,
      -4,  -17,   -7,   -6,   -5,   -6,   -6,   -6,   -6,   -6,   -6,   -7,   -4,  -23,   -4,   -6,
      -4,  -12,  -10,  -10,    5,  -11,    4,  -10,  -14,  -10,  -19,    5,  -10,   11,  -10,  -10,
       7,  -11,    8,   -7,    8,    8,   -7,   -7,  -12,   -3,   -7,    8,  -18,  -12,    7,   -8,
       7,  -11,   -9,    8,   -4,  -19,   -7,  -13,    4,   -5,   10,   -7,    7,   17,   10,   -6,
      10,   -6,   -7,   10,    9,   10,    8,    7,    6,   -7,  -10,    7,  -11,    7,    8,    8,
       9,   12,    8,   -8,    6,   28,  -10,   -4,    7,   12,   -6,   -9,   -5,  -11,  -13,    6,
     -17,  -14,   -4,   -4,  -17,  -12,  -11,   -9,   -8,  -14,   -8,   -8,  -18,  -12,  -10,  -11,
      -9,   -4,  -10,   -5,   -5,   -6,   -4,  -11,   -4,   -6,   -4,  -12,  -11,  -10,   -8,  -11,
     -12,   -8,   -6,   -6,  -10,   -5,   -9,   -4,   -8,   -8,    7,   -8,   -7,   -7,   -9,   -6,
      -5,   -6,   -6,  -14,   -9,   -6,   -8,  -11,   -7,   -6,  -32,  -22,  -18,  -20,  -10,   -7,
      -4,   -8,  -18,  -15,    9,    9,    7,    9,    9,    9,    9,    8,  -12,   10,   14,    9,
       9,    8,    8,    8,   10,   -4,    8,   -5,   12,  -10,  -11,   -7,   -5,    6,   -4,   -5,
     -12,   -4,  -12,   -9,   -5,   -5,   -5,   -5,   -5,  -10,   -4,   -7,  -11,    4,   -8,  -10,
      -8,  -14,    9,  -10,    9,    8,  -12,  -10,  -12,    8,    6,   -9,   -9,   -4,  -15,  -10,
      -7,  -10,  -13,   -9,   -6,  -11,    4,   -8,  -10,   -8,  -14,    9,  -10,    9,    8,  -12,
     -10,  -12,    8,    6,   -9,  -10,  -13,  -11,   -8,   -8,    7,   -9,   -7,  -12,  -12,   -8,
      -9,   -7,   -6,   -7,   -4,   -6,   -7,   -7,   -9,  -11,  -13,   -4,  -11,   -8,   -8,    7,
      -9,   -7,  -11,   -8,  -12,   -8,   -9,   -6,   -6,   -7,   -4,   -6,   -6,   -6,   -9,  -11,
       4,  -13,  -11,   -8,   -5,  -12,    8,    8,    8,   -5,    6,    4,   -5,    6,    6,    4,
      -5,  -20,  -12,  -18,  -20,  -10,   -7,   -4,   -8,  -14,  -15,    9,    9,    7,    9,    9,
       9,    9,    8,   -6,   -9,  -12,  -13,  -11,   -4,  -10,   -5,  -11,   -5,   -5,    8,    7,
      -5,    5,    8,    7,    7,    8,    4,  -12,   -8,  -13,  -11,   -8,  -10,    7,   -9,   -9,
     -12,   -7,  -12,   -8,  -11,   -9,   -5,   -6,   -7,   -6,   -4,   -9,   -4,   -9,   -9,  -11,
      -6,   -6,   -4,   -5,  -11,   -8,   -4,  -12,    8,   -8,    9,    8,   -8,   -8,   -8,    7,
      -6,   -6,  -12,   10,   14,    9,    9,    8,    8,    8,   10,   -4,    8,   -5,   34,   12,
     -32,  -10,  -21,   -7,  -13,   -7,  -19,   -8,  -14,   -7,   -8,  -13,  -11,   -8,   -8,    7,
      -9,   -6,  -12,  -12,   -8,   -9,   -6,   -6,   -7,   -4,   -6,   -6,   -9,  -11,  -13,  -11,
      -8,   -8,    7,   -9,   -7,  -12,  -12,   -8,   -9,   -7,   -6,   -7,   -4,   -7,   -7,   -9,
     -11,  -23,   -8,  -10,  -12,   -5,   -5,   -4,   -7,   -5,   -8,   -6,   -6,   -5,   -4,  -14,
      -9,   -8,  -12,   -4,   -4,   -4,   -6,   -4,   -4,   -9,  -10,   -8,  -14,   -4,   -9,  -23,
      -7,   -9,  -10,  -12,   -5,   -5,  -17,  -13,   -4,   -4,  -30,  -10,  -20,   -7,  -13,   -7,
     -16,   -8,  -12,   -7,   -8,   -7,    8,  -27,  -28,  -19,   15,  -16,    9,    9,  -36,  -18,
      15,   -8,  -20,   13,  -27,  -20,    8,    8,   -8,  -12,   10,    7,   13,  -22,  -18,  -20,
     -42,  -35,  -13,  -16,  -38,  -25,  -35,  -20,  -36,   -8,   -8,  -31,   -9,  -14,  -20,   -8,
     -14,  -30,   18,  -35,  -25,   18,  -13,   -8,  -36,   -8,  -20,  -22,  -22,  -16,    7,   -9,
     -16,    9,  -31,   -8,  -18,  -14,   -6,   -6,    7,  -11,    8,  -11,   13,   13,   12,    7,
      13,    7,   12,   13,   10,   12,  -17,   -4,   -7,   -6,   -8,  -38,  -26,   -5,    6,  -20,
      -6,  -14,  -11,   -6,   -7,  -23,   -5,   -8,  -14,    7,   -6,  -14,   -8,  -25,   -8,   -6,
      -7,  -14,   -6,  -16,   -9,  -15,   -5,   -8,   -7,  -12,   -8,   -8,   -4,   -8,   -6,   -8,
      -6,   -6,   -6,   10,   -6,   -6,   -8,   -8,   -8,  -26,  -12,   -5,   -5,  -12,   -6,   -6,
     -14,   -6,  -14,   -6,  -17,    7,  -26,  -20,  -33,  -15,   10,  -23,  -10,   -9,  -30,  -13,
      12,  -16,  -32,   -3,  -16,    8,  -16,  -10,  -14,  -15,  -30,  -20,   -7,  -10,  -30,  -19,
     -20,  -16,  -20,  -28,   -6,   -8,  -15,   -8,  -22,   13,  -26,  -17,   13,   -5,  -26,   14,
     -10,  -17,  -16,  -10,  -10,    4,    7,  -31,   -5,    4,  -14,  -13,  -16,  -10,   -4,  -11,
      -6,  -14,   -6,   -6,    9,    7,    6,    9,    8,    7,    8,    5,  -14,   -4,  -35,   -6,
      -7,  -11,  -10,   -7,  -19,  -13,  -33,   -9,   -4,  -23,   -7,   -9,  -10,  -12,   -5,   -6,
     -18,  -14,   -4,   -4,   -7,   -5,  -13,   -8,   -8,   -8,   -7,  -18,  -12,   -8,   -5,   -5,
      -5,   -4,   -8,   -5,   -6,   -6,   -6,   -8,   -6,   -4,  -18,  -12,   -7,   -5,    6,   -4,
      -5,  -13,   -4,  -16,  -11,   -5,   -5,   -5,   -4,   -5,   -7,   -6,  -10,   -5,  -10,   -4,
      -4,  -17,  -12,   -7,   -6,    6,   -4,   -5,  -12,   -4,  -15,  -11,   -5,   -5,   -5,   -6,
      -9,   -5,  -11,  -13,    6,  -17,  -14,   -4,   -4,  -17,  -12,  -11,   -8,  -10,   -5,   -9,
      -4,  -10,   -5,   -5,   -5,  -16,   -4,   -4,   -6,   -4,  -12,  -13,  -11,   -8,   -8,    7,
      -9,   -6,  -12,  -12,   -8,   -9,   -7,   -6,   -7,   -4,   -6,   -7,   -7,   -9,  -11,   -4,
      -8,   -4,   -6,   -4,   -6,  -17,   -6,   -4,   -7,   -6,  -13,   -8,   -4,  -13,   -5,   -4,
      -4,   -4,  -10,   -4,   -8,  -10,  -12,   -8,   -8,   -6,   -5,   -9,   -9,   -4,   -5,   -4,
     -30,   -8,   -8,  -46,   -8,   -8,    8,    7,    5,  -53,   -8,  -30,   -8,   -8,    5,   10,
     -10,  -10,   11,  -11,  -12,    6,  -27,   -8,  -30,  -14,    5,  -31,    8,    8,  -27,  -10,
      10,  -11,  -11,    5,  -31,   -8,   -8,   -8,  -12,  -12,   -8,  -24,   -8,   -8,   -8,  -40,
     -32,  -12,  -12,  -12,  -20,  -12,  -28,  -12,  -12,   -8,   -8,   -8,   -8,   -8,  -16,  -20,
     -24,  -20,   -8,   -8,  -20,  -24,  -24,  -28,  -20,   -8,   -8,  -12,  -12,   -8,  -12,  -12,
      16,   -8,  -12,  -12,   -8,    4,    4,   12,   -8,  -20,  -12,   -8,   -8,  -20,  -12,   -8,
     -12,  -12,   -8,  -32,  -40,    4,    4,  -28,  -12,  -36,  -16,  -16,  -12,   -8,  -12,  -12,
      -8,  -20,  -12,  -20,  -12,  -12,  -12,  -12,  -12,  -12,   -8,  -20,  -20,   -8,  -28,  -20,
     -16,  -16,   -4,    8,  -16,  -16,  -16,  -12,  -12,  -12,  -12,  -12,   -4,  -20,  -16,  -12,
     -12,   -8,   -8,   -8,    4,  -20,  -12,  -12,  -24,  -12,   -8,  -20,  -28,  -28,  -20,  -12,
     -16,  -16,  -12,  -16,  -16,  -12,  -20,  -16,  -16,  -16,  -20,  -16,  -12,   -8,  -12,  -16,
     -16,   -8,  -16,  -12,   -8,  -12,   -8,   -8,  -12,  -12,  -12,  -16,   -8,  -28,  -16,  -16,
       4,    4,  -12,  -12,  -20,   -8,  -20,  -20,  -20,  -20,  -20,  -20,  -40,  -40,   -8,  -20,
     -20,  -16,   -8,   -8,  -16,  -16,   -8,   -8,  -28,  -20,   -4,  -16,  -24,  -40,  -40,   -8,
      -8,   -4,   -8,  -12,  -12,  -16,   -8,   -8,   -8,   -8,   -8,   -8,  -12,  -12,   -8,  -24,
     -24,   -8,  -12,  -20,  -16,   -8,  -12,  -16,  -16,  -12,  -12,  -12,  -12,   -8,  -36,  -32,
     -16,  -12,   -8,  -16,  -20,  -20,  -20,  -32,  -16,  -12,  -36,  -20,  -16,  -36,  -36,   -8,
     -16,  -16,  -16,   -8,  -28,  -20,  -32,  -28,   -4,   -8,  -24,  -16,   -8,   -8,  -12,  -12,
     -12,  -12,   -8,  -12,  -12,   -8,  -24,  -24,  -24,  -20,  -28,  -12,   -8,  -28,  -12,   -8,
     -12,  -12,  -12,  -20,  -12,  -20,  -12,    8,  -12,  -20,  -24,  -20,   -8,   -4,  -12,  -12,
      -4,   -4,  -20,  -12,  -12,  -24,   -8,  -12,  -16,   -8,  -12,  -12,  -28,   -8,  -20,  -16,
      -8,   -8,  -12,  -16,   -8,   -8,  -20,  -20,  -12,  -32,  -32,   -8,   -8,   12,   12,   12,
      20,    4,    4,   12,   12,   20,   -8,  -16,  -16,   -8,  -12,    8,   -8,   -8,  -12,  -12,
     -12,  -20,   -8,  -12,  -12,  -12,   -8,  -20,   -8,  -20,  -12,  -20,  -12,  -24,  -24,  -24,
     -20,  -12,   -8,   -8,  -32,  -32,   -8,   -8,   -8,   -8,  -12,   -8,  -28,  -20,   -8,   -8,
      -8,   -8,   -8,   -8,   -8,   -8,   -4,   -4,   -4,  -12,  -12,  -20,   -8,  -24,  -16,  -12,
     -16,  -12,   -8,   -8,   -8,   -8,  -24,  -24,  -12,   -4,   -8,   -8,  -20,  -24,  -24,   -8,
      -8,   -8,  -12,  -12,  -12,   -8,  -12,  -20,  -20,   -4,   -4,  -24,  -24,  -16,  -16,   -8,
      -8,   -8,  -20,  -20,   -8,   -4,   -4,  -24,  -24,  -24,  -12,  -16,  -20,
};

static const EpdLigaturePair ubuntu_12_regularLigaturePairs[] = {
    { 0x00660066, 0xFB00 }, // f f -> U+FB00
    { 0x00660069, 0xFB01 }, // f i -> U+FB01
    { 0x0066006C, 0xFB02 }, // f l -> U+FB02
    { 0xFB000069, 0xFB03 }, // U+FB00 i -> U+FB03
    { 0xFB00006C, 0xFB04 }, // U+FB00 l -> U+FB04
};

static const EpdFontData ubuntu_12_regular = {
    ubuntu_12_regularBitmaps,
    ubuntu_12_regularGlyphs,
    ubuntu_12_regularIntervals,
    633,
    29,
    24,
    -5,
    false,
    nullptr,
    0,
    nullptr,
    nullptr,  // packed left class map; built-in fonts use split arrays
    nullptr,  // packed right class map
    ubuntu_12_regularKernLeftCodepoints,
    ubuntu_12_regularKernLeftClassIds,
    ubuntu_12_regularKernRightCodepoints,
    ubuntu_12_regularKernRightClassIds,
    nullptr,  // dense matrix; built-in fonts use sparse CSR
    ubuntu_12_regularKernRowOffsets,
    ubuntu_12_regularKernSparseCols,
    ubuntu_12_regularKernSparseValues,
    496,
    543,
    211,
    204,
    ubuntu_12_regularLigaturePairs,
    5,
};
