/**
 * generated by fontconvert.py
 * name: ubuntu_12_bold
 * size: 12
 * mode: 1-bit mono
 * Command used: fontconvert.py ubuntu_12_bold 12 ../builtinFonts/source/Ubuntu/Ubuntu-Bold.ttf C:/Windows/Fonts/NotoSansSC-VF.ttf --mono --exclude-intervals 0x0590,0x05FF --exclude-intervals 0x01A0,0x01A1 --exclude-intervals 0x01AF,0x01B0 --exclude-intervals 0x1EA0,0x1EF9 --additional-characters ui_zh_cn_chars.txt --additional-characters ui_ja_chars.txt --additional-intervals 0x3000,0x303F --additional-intervals 0xFF00,0xFF65 --additional-intervals 0xFFA0,0xFFEF
 */
#pragma once
#include "EpdFontData.h"

static const uint8_t ubuntu_12_boldBitmaps[78423] = {
    0x00, 0x00, 0x00, 0x00, 0x00, 0x00, 0xFF, 0xFF, 0xFF, 0xFF, 0xFF, 0x70, 0x6F, 0xFF, 0x60, 0xF7,
    0xFB, 0xFD, 0xFE, 0x7F, 0x3F, 0x9F, 0x8E, 0x0F, 0x3C, 0x1E, 0x78, 0x3C, 0xF0, 0xF3, 0xCF, 0xFF,
    0xFF, 0xFF, 0xFF, 0xFF, 0x8F, 0x3C, 0x3E, 0xF8, 0x79, 0xE3, 0xFF, 0xFF, 0xFF, 0xFF, 0xFF, 0xE7,
    0x9E, 0x1E, 0x78, 0x3C, 0xF0, 0x79, 0xE0, 0x0E, 0x00, 0xE0, 0x0E, 0x01, 0xFC, 0x7F, 0xE7, 0xFE,
    0xF0, 0x4F, 0x00, 0xF0, 0x0F, 0xC0, 0x7F, 0x87, 0xFE, 0x1F, 0xE0, 0x3F, 0x00, 0xF0, 0x0F, 0x60,
    0xFF, 0xFE, 0xFF, 0xC3, 0xF8, 0x0E, 0x00, 0xE0, 0x0E, 0x00, 0x3E, 0x07, 0x83, 0xF8, 0x38, 0x3D,
    0xE3, 0xC1, 0xC7, 0x1C, 0x0E, 0x39, 0xC0, 0x71, 0xCE, 0x03, 0xDE, 0xE0, 0x0F, 0xEF, 0x00, 0x3E,
    0x73, 0xE0, 0x07, 0xBF, 0x80, 0x3B, 0xDE, 0x03, 0x9C, 0x70, 0x1C, 0xE3, 0x81, 0xC7, 0x1C, 0x1E,
    0x3D, 0xE0, 0xE0, 0xFE, 0x0F, 0x03, 0xE0, 0x0F, 0xC0, 0x0F, 0xF0, 0x0F, 0xFC, 0x07, 0x9E, 0x03,
    0xCF, 0x01, 0xFF, 0x00, 0x7F, 0x00, 0x3F, 0x00, 0x3F, 0xCF, 0x3F, 0xF7, 0xBC, 0xFF, 0x9E, 0x3F,
    0xCF, 0x0F, 0xC7, 0xC3, 0xE1, 0xFF, 0xF8, 0xFF, 0xFE, 0x1F, 0x8F, 0x80, 0xFF, 0xFF, 0xFF, 0xE0,
    0x08, 0x3C, 0xF9, 0xE7, 0xCF, 0x1E, 0x3C, 0xF1, 0xE3, 0xC7, 0x8F, 0x1E, 0x3C, 0x78, 0xF0, 0xF1,
    0xE3, 0xC7, 0xC7, 0x8F, 0x8F, 0x08, 0x21, 0xE3, 0xE3, 0xC7, 0x87, 0x8F, 0x1E, 0x1E, 0x3C, 0x78,
    0xF1, 0xE3, 0xC7, 0x8F, 0x1E, 0x78, 0xF1, 0xE7, 0x8F, 0x3E, 0x78, 0x20, 0x0E, 0x01, 0xC1, 0x39,
    0x3A, 0xEF, 0xFE, 0x7F, 0x06, 0xC1, 0xDC, 0x7B, 0xC2, 0x20, 0x0E, 0x01, 0xC0, 0x38, 0x07, 0x0F,
    0xFF, 0xFF, 0xFF, 0xF8, 0x70, 0x0E, 0x01, 0xC0, 0x38, 0x00, 0x7B, 0xDE, 0xF7, 0xFB, 0xCC, 0xFF,
    0xFF, 0xF8, 0x77, 0xFF, 0xF7, 0x00, 0x00, 0x78, 0x07, 0x80, 0x3C, 0x01, 0xE0, 0x1E, 0x00, 0xF0,
    0x07, 0x80, 0x78, 0x03, 0xC0, 0x3E, 0x01, 0xE0, 0x0F, 0x00, 0xF8, 0x07, 0x80, 0x3C, 0x03, 0xE0,
    0x1E, 0x00, 0xF0, 0x0F, 0x00, 0x78, 0x03, 0xC0, 0x3C, 0x01, 0xE0, 0x0F, 0x00, 0xF0, 0x00, 0x0F,
    0x03, 0xFC, 0x7F, 0xE7, 0x9E, 0x70, 0xEF, 0x0F, 0xF0, 0xFF, 0x0F, 0xF0, 0xFF, 0x0F, 0xF0, 0xFF,
    0x0F, 0xF0, 0xE7, 0x9E, 0x7F, 0xE3, 0xFC, 0x0F, 0x00, 0x07, 0x1F, 0x7F, 0xFF, 0xEF, 0x4F, 0x0F,
    0x0F, 0x0F, 0x0F, 0x0F, 0x0F, 0x0F, 0x0F, 0x0F, 0x0F, 0x0F, 0x1F, 0x07, 0xFC, 0xFF, 0xE6, 0x1E,
    0x01, 0xE0, 0x1E, 0x03, 0xE0, 0x3C, 0x07, 0xC0, 0xF8, 0x3F, 0x03, 0xE0, 0x7C, 0x0F, 0x80, 0xFF,
    0xFF, 0xFF, 0xFF, 0xF0, 0x3E, 0x1F, 0xF3, 0xFF, 0x21, 0xE0, 0x3C, 0x07, 0x87, 0xE0, 0xF8, 0x1F,
    0xC0, 0x78, 0x07, 0x80, 0xF0, 0x1E, 0x87, 0xFF, 0xF7, 0xFC, 0x7F, 0x00, 0x03, 0xC0, 0x7C, 0x0F,
    0xC0, 0xFC, 0x1F, 0xC3, 0xFC, 0x3B, 0xC7, 0xBC, 0x73, 0xCF, 0x3C, 0xFF, 0xFF, 0xFF, 0xFF, 0xF0,
    0x3C, 0x03, 0xC0, 0x3C, 0x03, 0xC0, 0x3F, 0xE3, 0xFE, 0x3F, 0xE3, 0x80, 0x38, 0x07, 0x80, 0x7F,
    0x07, 0xFC, 0x7F, 0xE0, 0x3F, 0x00, 0xF0, 0x0F, 0x00, 0xF0, 0x1F, 0xFF, 0xEF, 0xFC, 0x7F, 0x00,
    0x01, 0xE0, 0xFE, 0x1F, 0xE3, 0xF0, 0x7C, 0x07, 0x80, 0xFF, 0x8F, 0xFE, 0xFF, 0xEF, 0x1F, 0xF0,
    0xFF, 0x0F, 0xF0, 0xF7, 0x9F, 0x7F, 0xE3, 0xFC, 0x1F, 0x80, 0xFF, 0xFF, 0xFF, 0xFF, 0xF0, 0x1E,
    0x03, 0xE0, 0x7C, 0x07, 0x80, 0x78, 0x0F, 0x00, 0xF0, 0x1F, 0x01, 0xE0, 0x1E, 0x01, 0xE0, 0x3C,
    0x03, 0xC0, 0x3C, 0x00, 0x1F, 0x83, 0xFE, 0x7F, 0xEF, 0x9F, 0xF0, 0xFF, 0x0F, 0xF9, 0xF7, 0xFE,
    0x3F, 0xC7, 0xFE, 0xFB, 0xFF, 0x0F, 0xF0, 0xFF, 0x8F, 0xFF, 0xE7, 0xFE, 0x1F, 0x80, 0x1F, 0x83,
    0xFC, 0x7F, 0xEF, 0x9E, 0xF0, 0xFF, 0x0F, 0xF0, 0xFF, 0x8F, 0x7F, 0xF7, 0xFF, 0x1F, 0xF0, 0x1E,
    0x03, 0xE0, 0x7C, 0x7F, 0x87, 0xF0, 0x78, 0x00, 0x77, 0xFF, 0xF7, 0x00, 0x00, 0x03, 0xBF, 0xFF,
    0xB8, 0x39, 0xF7, 0xDF, 0x38, 0x00, 0x00, 0x00, 0x07, 0x9E, 0x79, 0xE7, 0xBC, 0xF1, 0x80, 0x00,
    0x60, 0x3E, 0x1F, 0xFF, 0xFF, 0xFF, 0xCF, 0xE0, 0xF0, 0x0F, 0xE0, 0xFF, 0xCF, 0xFF, 0x1F, 0xF0,
    0x3E, 0x00, 0x60, 0xFF, 0xFF, 0xFF, 0xFF, 0xF0, 0x00, 0x00, 0x0F, 0xFF, 0xFF, 0xFF, 0xFF, 0x60,
    0x07, 0xC0, 0xFF, 0x8F, 0xFF, 0x3F, 0xF0, 0x7F, 0x00, 0xF0, 0x7F, 0x3F, 0xFF, 0xFF, 0xFF, 0x87,
    0xC0, 0x60, 0x00, 0x3E, 0x7F, 0xBF, 0xE8, 0xF0, 0x78, 0x3C, 0x3E, 0x1E, 0x1E, 0x1E, 0x0F, 0x07,
    0x03, 0x80, 0x00, 0xE0, 0xF8, 0x7C, 0x3E, 0x0E, 0x00, 0x00, 0xFE, 0x00, 0x1F, 0xFE, 0x00, 0xFF,
    0xFE, 0x07, 0xC0, 0xFC, 0x3C, 0x00, 0x79, 0xE0, 0x00, 0xE7, 0x07, 0xE3, 0xFC, 0x7F, 0xC7, 0xE3,
    0xFF, 0x1F, 0x9E, 0x1C, 0x7E, 0x70, 0x71, 0xF9, 0xC1, 0xC7, 0xE7, 0x07, 0x1F, 0x9E, 0x1C, 0xEF,
    0x3F, 0xFF, 0x9C, 0x7F, 0xFC, 0x78, 0xFB, 0xE0, 0xF0, 0x00, 0x03, 0xF0, 0x00, 0x07, 0xFF, 0xC0,
    0x07, 0xFF, 0x00, 0x07, 0xFC, 0x00, 0x03, 0xE0, 0x01, 0xF0, 0x01, 0xFC, 0x00, 0xFE, 0x00, 0x77,
    0x00, 0x7B, 0xC0, 0x3D, 0xE0, 0x3C, 0x78, 0x1E, 0x3C, 0x0F, 0x1E, 0x0F, 0xFF, 0x87, 0xFF, 0xC3,
    0xFF, 0xE3, 0xC0, 0x79, 0xE0, 0x3D, 0xF0, 0x1E, 0xF0, 0x07, 0x80, 0xFF, 0xC3, 0xFF, 0x8F, 0xFF,
    0x3C, 0x3E, 0xF0, 0x7B, 0xC1, 0xEF, 0x0F, 0xBF, 0xFC, 0xFF, 0xF3, 0xFF, 0xEF, 0x07, 0xFC, 0x0F,
    0xF0, 0x3F, 0xC1, 0xFF, 0xFF, 0xBF, 0xFC, 0xFF, 0xC0, 0x07, 0xF0, 0x7F, 0xF3, 0xFF, 0xDF, 0x82,
    0x78, 0x03, 0xE0, 0x0F, 0x00, 0x3C, 0x00, 0xF0, 0x03, 0xC0, 0x0F, 0x00, 0x3E, 0x00, 0x78, 0x01,
    0xF0, 0x23, 0xFF, 0xC7, 0xFF, 0x07, 0xF0, 0xFF, 0x81, 0xFF, 0xE3, 0xFF, 0xE7, 0x87, 0xEF, 0x03,
    0xDE, 0x07, 0xFC, 0x07, 0xF8, 0x0F, 0xF0, 0x1F, 0xE0, 0x3F, 0xC0, 0x7F, 0x81, 0xFF, 0x03, 0xDE,
    0x1F, 0xBF, 0xFE, 0x7F, 0xF0, 0xFF, 0x80, 0xFF, 0xEF, 0xFE, 0xFF, 0xEF, 0x00, 0xF0, 0x0F, 0x00,
    0xF0, 0x0F, 0xFE, 0xFF, 0xEF, 0xFE, 0xF0, 0x0F, 0x00, 0xF0, 0x0F, 0x00, 0xFF, 0xFF, 0xFF, 0xFF,
    0xF0, 0xFF, 0xFF, 0xFF, 0xFF, 0xF8, 0x0F, 0x01, 0xE0, 0x3C, 0x07, 0xFE, 0xFF, 0xDF, 0xFB, 0xC0,
    0x78, 0x0F, 0x01, 0xE0, 0x3C, 0x07, 0x80, 0xF0, 0x00, 0x03, 0xF8, 0x1F, 0xFC, 0xFF, 0xFB, 0xF0,
    0x67, 0x80, 0x1F, 0x00, 0x3C, 0x00, 0x78, 0x00, 0xF0, 0x1F, 0xE0, 0x3F, 0xC0, 0x7F, 0xC0, 0xF7,
    0x81, 0xEF, 0xC3, 0xCF, 0xFF, 0x8F, 0xFF, 0x07, 0xFC, 0xF0, 0x3F, 0xC0, 0xFF, 0x03, 0xFC, 0x0F,
    0xF0, 0x3F, 0xC0, 0xFF, 0x03, 0xFF, 0xFF, 0xFF, 0xFF, 0xFF, 0xFF, 0x03, 0xFC, 0x0F, 0xF0, 0x3F,
    0xC0, 0xFF, 0x03, 0xFC, 0x0F, 0xF0, 0x3C, 0xFF, 0xFF, 0xFF, 0xFF, 0xFF, 0xFF, 0xFF, 0xFF, 0xF0,
    0x01, 0xE0, 0x3C, 0x07, 0x80, 0xF0, 0x1E, 0x03, 0xC0, 0x78, 0x0F, 0x01, 0xE0, 0x3C, 0x07, 0x80,
    0xF0, 0x1E, 0x87, 0xDF, 0xF7, 0xFE, 0x3F, 0x00, 0xF0, 0x7D, 0xE1, 0xF3, 0xC7, 0xC7, 0x9F, 0x0F,
    0x7C, 0x1F, 0xF0, 0x3F, 0xC0, 0x7F, 0x00, 0xFF, 0x01, 0xFF, 0x03, 0xDF, 0x07, 0x9E, 0x0F, 0x3E,
    0x1E, 0x3E, 0x3C, 0x3E, 0x78, 0x3E, 0xF0, 0x3E, 0xF0, 0x1E, 0x03, 0xC0, 0x78, 0x0F, 0x01, 0xE0,
    0x3C, 0x07, 0x80, 0xF0, 0x1E, 0x03, 0xC0, 0x78, 0x0F, 0x01, 0xE0, 0x3F, 0xFF, 0xFF, 0xFF, 0xE0,
    0x7C, 0x03, 0xCF, 0x80, 0xF9, 0xF0, 0x1F, 0x3F, 0x07, 0xE7, 0xE0, 0xFC, 0xFE, 0x3F, 0xBF, 0xC7,
    0xFF, 0xBD, 0xEF, 0xF3, 0xB9, 0xFE, 0x77, 0x3F, 0xCF, 0xE7, 0xF8, 0xF8, 0xFF, 0x1F, 0x1F, 0xE3,
    0xC3, 0xFC, 0x38, 0x7F, 0x80, 0x0F, 0xF0, 0x01, 0xE0, 0xF0, 0x1F, 0xF0, 0x3F, 0xF0, 0x7F, 0xE0,
    0xFF, 0xE1, 0xFF, 0xE3, 0xFF, 0xE7, 0xFB, 0xCF, 0xF3, 0xDF, 0xE3, 0xFF, 0xC7, 0xFF, 0x87, 0xFF,
    0x07, 0xFE, 0x0F, 0xFC, 0x0F, 0xF8, 0x0F, 0xF0, 0x1E, 0x03, 0xF0, 0x03, 0xFF, 0x03, 0xFF, 0xF1,
    0xF8, 0x7E, 0x78, 0x07, 0xBE, 0x01, 0xFF, 0x00, 0x3F, 0xC0, 0x0F, 0xF0, 0x03, 0xFC, 0x00, 0xFF,
    0x00, 0x3F, 0xE0, 0x1F, 0x78, 0x07, 0x9F, 0x87, 0xE3, 0xFF, 0xF0, 0x7F, 0xF8, 0x03, 0xF0, 0x00,
    0xFF, 0x87, 0xFF, 0x3F, 0xFD, 0xE1, 0xFF, 0x07, 0xF8, 0x3F, 0xC1, 0xFE, 0x1F, 0xFF, 0xF7, 0xFF,
    0x3F, 0xE1, 0xE0, 0x0F, 0x00, 0x78, 0x03, 0xC0, 0x1E, 0x00, 0xF0, 0x00, 0x03, 0xF0, 0x03, 0xFF,
    0x03, 0xFF, 0xF1, 0xF8, 0x7E, 0x78, 0x07, 0xBE, 0x01, 0xFF, 0x00, 0x3F, 0xC0, 0x0F, 0xF0, 0x03,
    0xFC, 0x00, 0xFF, 0x00, 0x3F, 0xE0, 0x1F, 0x78, 0x07, 0x9F, 0x87, 0xE3, 0xFF, 0xF0, 0x3F, 0xF8,
    0x03, 0xF8, 0x00, 0x3C, 0x00, 0x07, 0xC0, 0x01, 0xFE, 0x00, 0x3F, 0x80, 0x03, 0xC0, 0xFF, 0x83,
    0xFF, 0x8F, 0xFF, 0x3C, 0x3E, 0xF0, 0x7B, 0xC1, 0xEF, 0x07, 0xBC, 0x3E, 0xFF, 0xF3, 0xFF, 0x8F,
    0xFC, 0x3C, 0xF8, 0xF1, 0xF3, 0xC3, 0xCF, 0x0F, 0xBC, 0x1E, 0xF0, 0x7C, 0x1F, 0xC1, 0xFF, 0x9F,
    0xF9, 0xF0, 0x4F, 0x00, 0x78, 0x03, 0xF8, 0x0F, 0xF0, 0x3F, 0xE0, 0x7F, 0x80, 0x7E, 0x00, 0xF0,
    0x07, 0xB0, 0x7F, 0xFF, 0xDF, 0xFE, 0x3F, 0xC0, 0xFF, 0xFF, 0xFF, 0xFF, 0xFF, 0xC1, 0xE0, 0x07,
    0x80, 0x1E, 0x00, 0x78, 0x01, 0xE0, 0x07, 0x80, 0x1E, 0x00, 0x78, 0x01, 0xE0, 0x07, 0x80, 0x1E,
    0x00, 0x78, 0x01, 0xE0, 0x07, 0x80, 0xF0, 0x3F, 0xC0, 0xFF, 0x03, 0xFC, 0x0F, 0xF0, 0x3F, 0xC0,
    0xFF, 0x03, 0xFC, 0x0F, 0xF0, 0x3F, 0xC0, 0xFF, 0x03, 0xFC, 0x0F, 0xF0, 0x3D, 0xE1, 0xE7, 0xFF,
    0x8F, 0xFC, 0x0F, 0xC0, 0xF0, 0x07, 0xFC, 0x07, 0x9E, 0x03, 0xCF, 0x01, 0xE3, 0xC1, 0xE1, 0xE0,
    0xF0, 0xF0, 0x78, 0x3C, 0x78, 0x1E, 0x3C, 0x0F, 0xBE, 0x03, 0xDE, 0x01, 0xEF, 0x00, 0xFF, 0x80,
    0x3F, 0x80, 0x1F, 0xC0, 0x0F, 0xE0, 0x03, 0xE0, 0x00, 0xF0, 0x00, 0x1F, 0xE0, 0x00, 0x3F, 0xE0,
    0xE0, 0xFB, 0xC1, 0xE1, 0xE7, 0x87, 0xC3, 0xCF, 0x0F, 0x87, 0x9E, 0x1F, 0x8F, 0x3C, 0x77, 0x3E,
    0x3C, 0xEE, 0x7C, 0x79, 0xDE, 0xF0, 0xF7, 0x1D, 0xE1, 0xEE, 0x3B, 0xC3, 0xF8, 0x7F, 0x83, 0xF0,
    0x7E, 0x07, 0xE0, 0xFC, 0x0F, 0x81, 0xF8, 0x1F, 0x01, 0xF0, 0xF8, 0x0F, 0xBE, 0x0F, 0x8F, 0x07,
    0x83, 0xC7, 0x81, 0xF7, 0xC0, 0x7F, 0xC0, 0x1F, 0xC0, 0x0F, 0xE0, 0x03, 0xE0, 0x03, 0xF8, 0x01,
    0xFC, 0x01, 0xFF, 0x01, 0xF7, 0xC1, 0xF1, 0xE0, 0xF0, 0x78, 0xF8, 0x3E, 0xF8, 0x0F, 0x80, 0xF8,
    0x1F, 0x78, 0x1E, 0x7C, 0x3E, 0x3C, 0x3C, 0x3E, 0x7C, 0x1F, 0xF8, 0x0F, 0xF0, 0x0F, 0xF0, 0x07,
    0xE0, 0x07, 0xE0, 0x03, 0xC0, 0x03, 0xC0, 0x03, 0xC0, 0x03, 0xC0, 0x03, 0xC0, 0x03, 0xC0, 0x03,
    0xC0, 0xFF, 0xFF, 0xFF, 0xFF, 0xFE, 0x03, 0xE0, 0x1E, 0x01, 0xF0, 0x1F, 0x00, 0xF0, 0x0F, 0x80,
    0xF8, 0x07, 0x80, 0x7C, 0x07, 0xC0, 0x3E, 0x03, 0xFF, 0xFF, 0xFF, 0xFF, 0xF8, 0xFF, 0xFF, 0xFF,
    0x8F, 0x1E, 0x3C, 0x78, 0xF1, 0xE3, 0xC7, 0x8F, 0x1E, 0x3C, 0x78, 0xF1, 0xE3, 0xC7, 0x8F, 0x1E,
    0x3F, 0xFF, 0xFE, 0xF0, 0x03, 0xC0, 0x1E, 0x00, 0xF0, 0x03, 0xC0, 0x1E, 0x00, 0xF0, 0x03, 0xC0,
    0x1E, 0x00, 0xF8, 0x03, 0xC0, 0x1E, 0x00, 0xF8, 0x03, 0xC0, 0x1E, 0x00, 0xF8, 0x03, 0xC0, 0x1E,
    0x00, 0x78, 0x03, 0xC0, 0x1E, 0x00, 0x78, 0x03, 0xC0, 0x1E, 0x00, 0x78, 0xFF, 0xFF, 0xF8, 0xF1,
    0xE3, 0xC7, 0x8F, 0x1E, 0x3C, 0x78, 0xF1, 0xE3, 0xC7, 0x8F, 0x1E, 0x3C, 0x78, 0xF1, 0xE3, 0xFF,
    0xFF, 0xFE, 0x07, 0x00, 0x7C, 0x03, 0xE0, 0x3F, 0x83, 0xDE, 0x1E, 0xF1, 0xE3, 0xCF, 0x1E, 0xF0,
    0x79, 0x01, 0x00, 0xFF, 0xFF, 0xFF, 0xFF, 0xFE, 0x21, 0xCF, 0x8F, 0x1C, 0x20, 0x7F, 0x0F, 0xF9,
    0xFF, 0xA1, 0xF0, 0x1E, 0x7F, 0xDF, 0xFF, 0xFF, 0xF1, 0xFE, 0x3F, 0xFF, 0xBF, 0xF3, 0xFC, 0x70,
    0x0F, 0x00, 0xF0, 0x0F, 0x00, 0xF0, 0x0F, 0x00, 0xFF, 0x8F, 0xFC, 0xFF, 0xEF, 0x1F, 0xF0, 0xFF,
    0x0F, 0xF0, 0xFF, 0x0F, 0xF0, 0xFF, 0x1E, 0xFF, 0xEF, 0xFC, 0x7F, 0x00, 0x0F, 0xC7, 0xFD, 0xFF,
    0xBC, 0x0F, 0x81, 0xE0, 0x3C, 0x07, 0x80, 0xF0, 0x0F, 0x01, 0xFF, 0x9F, 0xF0, 0xFC, 0x00, 0x70,
    0x0F, 0x00, 0xF0, 0x0F, 0x00, 0xF0, 0x0F, 0x1F, 0xF3, 0xFF, 0x7F, 0xFF, 0x8F, 0xF0, 0xFF, 0x0F,
    0xF0, 0xFF, 0x0F, 0xF0, 0xF7, 0x8F, 0x7F, 0xF3, 0xFF, 0x0F, 0xE0, 0x0F, 0x81, 0xFF, 0x1F, 0xFC,
    0xF1, 0xEF, 0x07, 0xFF, 0xFF, 0xFF, 0xFF, 0xFF, 0xF0, 0x03, 0xC0, 0x9F, 0xFC, 0x7F, 0xE0, 0xFE,
    0x00, 0x1F, 0x8F, 0xE7, 0xFB, 0xE0, 0xF0, 0x3C, 0x0F, 0xFB, 0xFE, 0xFF, 0xBC, 0x0F, 0x03, 0xC0,
    0xF0, 0x3C, 0x0F, 0x03, 0xC0, 0xF0, 0x3C, 0x0F, 0x00, 0x0F, 0xE3, 0xFF, 0x7F, 0xF7, 0x8F, 0xF0,
    0xFF, 0x0F, 0xF0, 0xFF, 0x0F, 0xF0, 0xFF, 0x8F, 0x7F, 0xF3, 0xFF, 0x1F, 0xF0, 0x0F, 0x41, 0xF7,
    0xFE, 0x7F, 0xC7, 0xF8, 0x70, 0x1E, 0x03, 0xC0, 0x78, 0x0F, 0x01, 0xE0, 0x3F, 0xE7, 0xFE, 0xFF,
    0xDE, 0x7F, 0xC7, 0xF8, 0xFF, 0x1F, 0xE3, 0xFC, 0x7F, 0x8F, 0xF1, 0xFE, 0x3F, 0xC7, 0x80, 0xFF,
    0xFF, 0x00, 0xFF, 0xFF, 0xFF, 0xFF, 0xFF, 0xFF, 0xF0, 0x0F, 0x0F, 0x0F, 0x0F, 0x00, 0x00, 0x0F,
    0x0F, 0x0F, 0x0F, 0x0F, 0x0F, 0x0F, 0x0F, 0x0F, 0x0F, 0x0F, 0x0F, 0x0F, 0x0F, 0x0F, 0xFE, 0xFE,
    0xF8, 0x70, 0x0F, 0x00, 0xF0, 0x0F, 0x00, 0xF0, 0x0F, 0x00, 0xF1, 0xFF, 0x3E, 0xF7, 0xCF, 0xF8,
    0xFF, 0x0F, 0xE0, 0xFF, 0x0F, 0xF8, 0xF7, 0x8F, 0x7C, 0xF3, 0xEF, 0x1E, 0xF1, 0xF0, 0x73, 0xCF,
    0x3C, 0xF3, 0xCF, 0x3C, 0xF3, 0xCF, 0x3C, 0xF3, 0xCF, 0x3E, 0xFD, 0xF3, 0xC0, 0x7F, 0x3F, 0x3F,
    0xFF, 0xEF, 0xFF, 0xFB, 0xCF, 0x9F, 0xF1, 0xE3, 0xFC, 0x78, 0xFF, 0x1E, 0x3F, 0xC7, 0x8F, 0xF1,
    0xE3, 0xFC, 0x78, 0xFF, 0x1E, 0x3F, 0xC7, 0x8F, 0xF1, 0xE3, 0xC0, 0x7F, 0x1F, 0xFB, 0xFF, 0x79,
    0xFF, 0x1F, 0xE3, 0xFC, 0x7F, 0x8F, 0xF1, 0xFE, 0x3F, 0xC7, 0xF8, 0xFF, 0x1E, 0x0F, 0x81, 0xFF,
    0x1F, 0xFC, 0xF1, 0xEF, 0x07, 0xF8, 0x3F, 0xC1, 0xFE, 0x0F, 0xF0, 0x7B, 0xC7, 0x9F, 0xFC, 0x7F,
    0xC0, 0xF8, 0x00, 0x7F, 0x0F, 0xFC, 0xFF, 0xEF, 0x1E, 0xF0, 0xFF, 0x0F, 0xF0, 0xFF, 0x0F, 0xF0,
    0xFF, 0x1F, 0xFF, 0xEF, 0xFC, 0xFF, 0x8F, 0x00, 0xF0, 0x0F, 0x00, 0xF0, 0x0F, 0x00, 0x0F, 0xF1,
    0xFF, 0xDF, 0xFE, 0xF0, 0xFF, 0x87, 0xF8, 0x3F, 0xC1, 0xFE, 0x0F, 0xF0, 0x7F, 0xC3, 0xDF, 0xFE,
    0x7F, 0xF1, 0xFF, 0x80, 0x3C, 0x01, 0xE0, 0x0F, 0x00, 0x78, 0x03, 0xC0, 0x3F, 0xFF, 0xFF, 0xFE,
    0x0F, 0x07, 0x83, 0xC1, 0xE0, 0xF0, 0x78, 0x3C, 0x1E, 0x0F, 0x00, 0x1F, 0x9F, 0xEF, 0xFB, 0xC2,
    0xF0, 0x3F, 0xE7, 0xFD, 0xFF, 0x03, 0xE0, 0xFF, 0xFF, 0xFE, 0x7E, 0x00, 0x70, 0x78, 0x3C, 0x1E,
    0x0F, 0xF7, 0xFB, 0xFD, 0xE0, 0xF0, 0x78, 0x3C, 0x1E, 0x0F, 0x07, 0xC3, 0xFC, 0xFE, 0x3F, 0x00,
    0xF1, 0xFE, 0x3F, 0xC7, 0xF8, 0xFF, 0x1F, 0xE3, 0xFC, 0x7F, 0x8F, 0xF1, 0xFF, 0x3D, 0xFF, 0xBF,
    0xF1, 0xFC, 0xF0, 0x7F, 0xC7, 0xDE, 0x3C, 0xF1, 0xE7, 0x8F, 0x1E, 0xF0, 0xF7, 0x87, 0xBC, 0x1D,
    0xC0, 0xFE, 0x07, 0xF0, 0x1F, 0x00, 0xF8, 0x00, 0xF0, 0xE1, 0xFE, 0x1C, 0x3D, 0xC7, 0xC7, 0x3C,
    0xF9, 0xE7, 0x9F, 0x3C, 0xF3, 0xF7, 0x8E, 0xEE, 0xE1, 0xDD, 0xDC, 0x3F, 0x3F, 0x83, 0xE3, 0xE0,
    0x7C, 0x7C, 0x0F, 0x07, 0x80, 0xE0, 0xE0, 0xF8, 0x7D, 0xF3, 0xE3, 0xFF, 0x0F, 0xFC, 0x1F, 0xE0,
    0x3F, 0x00, 0x78, 0x03, 0xF0, 0x1F, 0xE0, 0xFF, 0x83, 0xFF, 0x1F, 0x3E, 0xF8, 0x7C, 0xF0, 0x7F,
    0xC7, 0xDE, 0x3C, 0xF1, 0xE7, 0x8F, 0x1E, 0xF0, 0xF7, 0x87, 0xBC, 0x1D, 0xC0, 0xFE, 0x07, 0xF0,
    0x1F, 0x00, 0xF8, 0x07, 0x80, 0x7C, 0x1F, 0xC0, 0xFE, 0x07, 0xC0, 0x00, 0xFF, 0xFF, 0xFF, 0xFF,
    0x83, 0xE0, 0xF8, 0x1F, 0x07, 0xC1, 0xF0, 0x7E, 0x0F, 0x83, 0xFF, 0xFF, 0xFF, 0xFE, 0x07, 0x8F,
    0xCF, 0xE7, 0xC3, 0xC1, 0xE0, 0xF0, 0x78, 0x3C, 0x1E, 0x1F, 0x1F, 0x0F, 0x07, 0xC1, 0xF0, 0x78,
    0x3C, 0x1E, 0x0F, 0x07, 0x83, 0xC1, 0xE0, 0xFE, 0x3F, 0x07, 0x80, 0xFF, 0xFF, 0xFF, 0xFF, 0xFF,
    0xFF, 0xFF, 0xFF, 0xFF, 0xFF, 0xFF, 0xFF, 0xF0, 0xF0, 0x7E, 0x3F, 0x87, 0xC1, 0xE0, 0xF0, 0x78,
    0x3C, 0x1E, 0x0F, 0x07, 0xC1, 0xF0, 0x78, 0x7C, 0x7C, 0x3C, 0x1E, 0x0F, 0x07, 0x83, 0xC1, 0xE1,
    0xF3, 0xF9, 0xF8, 0xF0, 0x00, 0x38, 0x27, 0xE7, 0xFF, 0xEE, 0x7E, 0x41, 0xC0, 0x00, 0x6F, 0xFF,
    0x60, 0xFF, 0xFF, 0xFF, 0xFF, 0xFF, 0xFF, 0x0F, 0x01, 0xE0, 0x3C, 0x0F, 0xE3, 0xFE, 0xFF, 0xBE,
    0x07, 0x80, 0xF0, 0x1E, 0x03, 0xC0, 0x7C, 0x07, 0xFE, 0x7F, 0xC7, 0xF8, 0x78, 0x0F, 0x01, 0xE0,
    0x07, 0xC3, 0xFC, 0x7F, 0x1F, 0x03, 0xC0, 0x78, 0x0F, 0x07, 0xFC, 0xFF, 0x9F, 0xF0, 0xF0, 0x1E,
    0x03, 0xC0, 0x78, 0x0F, 0xFB, 0xFF, 0x7F, 0xE0, 0x20, 0x47, 0xFE, 0xFF, 0xF7, 0xFE, 0x79, 0xE7,
    0x0E, 0x70, 0xE7, 0x9E, 0x7F, 0xEF, 0xFF, 0x7F, 0xE2, 0x04, 0xF8, 0x7D, 0xE1, 0xE7, 0x87, 0x8F,
    0x3C, 0x3C, 0xF0, 0x7F, 0x81, 0xFE, 0x03, 0xF0, 0x7F, 0xF9, 0xFF, 0xE0, 0x78, 0x01, 0xE0, 0x7F,
    0xF9, 0xFF, 0xE0, 0x78, 0x01, 0xE0, 0x07, 0x80, 0xFF, 0xFF, 0xFF, 0xFF, 0xFF, 0x00, 0x00, 0x0F,
    0xFF, 0xFF, 0xFF, 0xFF, 0xF0, 0x1F, 0xCF, 0xFF, 0xFF, 0x78, 0x2F, 0x01, 0xF8, 0x1F, 0xC3, 0xFE,
    0xFF, 0xDE, 0x7F, 0xC7, 0xF8, 0xFF, 0x9E, 0xFF, 0xDF, 0xF0, 0xFE, 0x07, 0xE0, 0x3D, 0x07, 0xFF,
    0xFF, 0xFC, 0xFF, 0x00, 0x61, 0xBC, 0xFF, 0x3D, 0x86, 0x03, 0xF0, 0x03, 0xFF, 0x01, 0xE1, 0xE0,
    0xE0, 0x1C, 0x71, 0xE3, 0x9C, 0xFC, 0xEE, 0x7E, 0x1F, 0x9C, 0x07, 0xE7, 0x01, 0xF9, 0xC0, 0x7E,
    0x70, 0x1F, 0x9F, 0xC7, 0x73, 0xF3, 0x9C, 0x78, 0xE3, 0x80, 0x70, 0x78, 0x78, 0x0F, 0xFC, 0x00,
    0xFC, 0x00, 0x7C, 0x7E, 0x07, 0x07, 0x7F, 0xFF, 0xE7, 0xE7, 0xFF, 0x7F, 0x1C, 0x38, 0x79, 0xE3,
    0xC7, 0x9E, 0x3C, 0x79, 0xE3, 0xC7, 0x87, 0x9E, 0x1E, 0x3C, 0x3C, 0x78, 0x78, 0xE1, 0xC3, 0x80,
    0xFF, 0xFF, 0xFF, 0xFF, 0xF0, 0x07, 0x00, 0x70, 0x07, 0x00, 0x70, 0x07, 0x00, 0x70, 0xFF, 0xFF,
    0xF8, 0x03, 0xF0, 0x03, 0xFF, 0x01, 0xE1, 0xE0, 0xE0, 0x1C, 0x73, 0xE3, 0x9C, 0xFC, 0xEE, 0x33,
    0x1F, 0x8C, 0xC7, 0xE3, 0xF1, 0xF8, 0xF8, 0x7E, 0x36, 0x1F, 0x8C, 0x87, 0x73, 0x33, 0x9C, 0xCC,
    0xE3, 0x80, 0x70, 0x78, 0x78, 0x0F, 0xFC, 0x00, 0xFC, 0x00, 0xFF, 0xFF, 0xFF, 0x38, 0xFB, 0x1E,
    0x3C, 0x6F, 0x8E, 0x00, 0x0E, 0x01, 0xC0, 0x38, 0x07, 0x0F, 0xFF, 0xFF, 0xFF, 0xF8, 0x70, 0x0E,
    0x01, 0xC0, 0x38, 0x00, 0x0F, 0xFF, 0xFF, 0xFF, 0xF8, 0x3E, 0xFF, 0x47, 0x07, 0x0F, 0x3E, 0x78,
    0xF0, 0xFF, 0xFF, 0x7C, 0xFE, 0x0E, 0x0E, 0x3C, 0x3F, 0x07, 0x07, 0xFF, 0x7C, 0x10, 0xE7, 0xFC,
    0xE1, 0x00, 0xF1, 0xFE, 0x3F, 0xC7, 0xF8, 0xFF, 0x1F, 0xE3, 0xFC, 0x7F, 0x8F, 0xF1, 0xFF, 0x3F,
    0xFF, 0xFF, 0xFF, 0xFD, 0xE0, 0x3C, 0x07, 0x80, 0xF0, 0x1E, 0x00, 0x01, 0x80, 0x3F, 0xFD, 0xFF,
    0xFB, 0xFF, 0xFF, 0xF9, 0xFF, 0xF3, 0xFF, 0xE7, 0xFF, 0xCF, 0xFF, 0x9E, 0xFF, 0x3C, 0xFE, 0x78,
    0x3C, 0xF0, 0x79, 0xE0, 0xF3, 0xC1, 0xE7, 0x83, 0xCF, 0x07, 0x9E, 0x0F, 0x3C, 0x1E, 0x78, 0x3C,
    0xF0, 0x79, 0xE0, 0xF3, 0xC1, 0xE7, 0x80, 0x77, 0xFF, 0xF7, 0x00, 0x18, 0xE3, 0x87, 0xFF, 0xE2,
    0x00, 0x1D, 0xFF, 0xD7, 0x1C, 0x71, 0xC7, 0x1C, 0x70, 0x1E, 0x1F, 0xE7, 0x3B, 0x87, 0xE1, 0xF8,
    0x7E, 0x1D, 0xCE, 0x7F, 0x87, 0x80, 0x70, 0xC3, 0xC7, 0x87, 0x8F, 0x0F, 0x3C, 0x3C, 0x78, 0x78,
    0xF3, 0xC7, 0x8F, 0x3C, 0x78, 0xF3, 0xC7, 0x87, 0x0C, 0x00, 0x1C, 0x00, 0x03, 0xE0, 0x78, 0x3F,
    0x03, 0x81, 0xB8, 0x3C, 0x01, 0xC1, 0xC0, 0x0E, 0x1C, 0x00, 0x70, 0xE0, 0x03, 0x8E, 0x1E, 0x1C,
    0xF0, 0xF0, 0xE7, 0x0F, 0x80, 0x78, 0xFC, 0x03, 0x86, 0xE0, 0x3C, 0x77, 0x01, 0xC3, 0xFC, 0x1E,
    0x1F, 0xE0, 0xE0, 0x0E, 0x0F, 0x00, 0x70, 0x70, 0x00, 0x00, 0x1C, 0x00, 0x07, 0xC1, 0xE0, 0xFC,
    0x1C, 0x0D, 0xC3, 0xC0, 0x1C, 0x38, 0x01, 0xC7, 0x80, 0x1C, 0x70, 0x01, 0xCF, 0x3C, 0x1C, 0xEF,
    0xE1, 0xDE, 0x47, 0x01, 0xC0, 0x70, 0x3C, 0x1E, 0x03, 0x83, 0xC0, 0x78, 0x78, 0x07, 0x0E, 0x00,
    0xF0, 0xFF, 0x0E, 0x0F, 0xF1, 0xE0, 0x00, 0x7C, 0x00, 0x01, 0xF8, 0x0E, 0x04, 0xE0, 0x78, 0x03,
    0x81, 0xC0, 0x3C, 0x0F, 0x00, 0xFC, 0x38, 0x00, 0x71, 0xE0, 0x01, 0xC7, 0x1E, 0xFF, 0x38, 0x79,
    0xF8, 0xE3, 0xE0, 0x07, 0x1F, 0x80, 0x3C, 0x6E, 0x00, 0xE3, 0xB8, 0x07, 0x8F, 0xF0, 0x1C, 0x3F,
    0xC0, 0xF0, 0x0E, 0x03, 0x80, 0x38, 0x1E, 0x00, 0x00, 0x0E, 0x0F, 0x87, 0xC3, 0xE0, 0xE0, 0x00,
    0x38, 0x1C, 0x1E, 0x1E, 0x1F, 0x0F, 0x0F, 0x07, 0x83, 0xC5, 0xFF, 0x7F, 0x9F, 0x80, 0x01, 0x00,
    0x01, 0xC0, 0x00, 0xF0, 0x00, 0x3C, 0x00, 0x0E, 0x00, 0x02, 0x00, 0x00, 0x00, 0x07, 0xC0, 0x03,
    0xE0, 0x03, 0xF8, 0x01, 0xFC, 0x00, 0xEE, 0x00, 0xF7, 0x80, 0x7B, 0xC0, 0x78, 0xF0, 0x3C, 0x78,
    0x1E, 0x3C, 0x1F, 0xFF, 0x0F, 0xFF, 0x87, 0xFF, 0xC7, 0x80, 0xF3, 0xC0, 0x7B, 0xE0, 0x3D, 0xE0,
    0x0F, 0x00, 0xC0, 0x00, 0x70, 0x00, 0x78, 0x00, 0x78, 0x00, 0x38, 0x00, 0x08, 0x00, 0x00, 0x00,
    0x07, 0xC0, 0x03, 0xE0, 0x03, 0xF8, 0x01, 0xFC, 0x00, 0xEE, 0x00, 0xF7, 0x80, 0x7B, 0xC0, 0x78,
    0xF0, 0x3C, 0x78, 0x1E, 0x3C, 0x1F, 0xFF, 0x0F, 0xFF, 0x87, 0xFF, 0xC7, 0x80, 0xF3, 0xC0, 0x7B,
    0xE0, 0x3D, 0xE0, 0x0F, 0x00, 0x80, 0x00, 0xE0, 0x00, 0xF8, 0x00, 0xEE, 0x00, 0x22, 0x00, 0x00,
    0x00, 0x0F, 0x80, 0x07, 0xC0, 0x07, 0xF0, 0x03, 0xF8, 0x01, 0xDC, 0x01, 0xEF, 0x00, 0xF7, 0x80,
    0xF1, 0xE0, 0x78, 0xF0, 0x3C, 0x78, 0x3F, 0xFE, 0x1F, 0xFF, 0x0F, 0xFF, 0x8F, 0x01, 0xE7, 0x80,
    0xF7, 0xC0, 0x7B, 0xC0, 0x1E, 0x03, 0x90, 0x03, 0xFC, 0x03, 0xFE, 0x00, 0xCE, 0x00, 0x00, 0x00,
    0x00, 0x00, 0x0F, 0x80, 0x07, 0xC0, 0x07, 0xF0, 0x03, 0xF8, 0x01, 0xDC, 0x01, 0xEF, 0x00, 0xF7,
    0x80, 0xF1, 0xE0, 0x78, 0xF0, 0x3C, 0x78, 0x3F, 0xFE, 0x1F, 0xFF, 0x0F, 0xFF, 0x8F, 0x01, 0xE7,
    0x80, 0xF7, 0xC0, 0x7B, 0xC0, 0x1E, 0x0E, 0x38, 0x0F, 0x3C, 0x07, 0x9E, 0x01, 0xC7, 0x00, 0x00,
    0x00, 0x00, 0x00, 0x0F, 0x80, 0x07, 0xC0, 0x07, 0xF0, 0x03, 0xF8, 0x01, 0xDC, 0x01, 0xEF, 0x00,
    0xF7, 0x80, 0xF1, 0xE0, 0x78, 0xF0, 0x3C, 0x78, 0x3F, 0xFE, 0x1F, 0xFF, 0x0F, 0xFF, 0x8F, 0x01,
    0xE7, 0x80, 0xF7, 0xC0, 0x7B, 0xC0, 0x1E, 0x03, 0xE0, 0x03, 0xF8, 0x01, 0x8C, 0x00, 0xC6, 0x00,
    0x3E, 0x00, 0x1F, 0x00, 0x0F, 0x80, 0x0F, 0xE0, 0x07, 0xF0, 0x07, 0xB8, 0x03, 0xDE, 0x01, 0xEF,
    0x01, 0xE3, 0xC0, 0xF1, 0xE0, 0x78, 0xF0, 0x7F, 0xFC, 0x3F, 0xFE, 0x3F, 0xFF, 0x1E, 0x03, 0xCF,
    0x01, 0xEF, 0x80, 0xF7, 0x80, 0x3C, 0x00, 0x7F, 0xFE, 0x00, 0xFF, 0xFE, 0x00, 0xFF, 0xFE, 0x01,
    0xFF, 0x00, 0x01, 0xEF, 0x00, 0x03, 0xEF, 0x00, 0x03, 0xCF, 0x00, 0x07, 0xCF, 0xFE, 0x0F, 0x8F,
    0xFE, 0x0F, 0x8F, 0xFE, 0x1F, 0xFF, 0x00, 0x1F, 0xFF, 0x00, 0x3F, 0xFF, 0x00, 0x3C, 0x0F, 0x00,
    0x7C, 0x0F, 0xFF, 0x78, 0x0F, 0xFF, 0xF8, 0x0F, 0xFF, 0x07, 0xF0, 0x7F, 0xF3, 0xFF, 0xDF, 0x82,
    0x78, 0x03, 0xE0, 0x0F, 0x00, 0x3C, 0x00, 0xF0, 0x03, 0xC0, 0x0F, 0x00, 0x3E, 0x00, 0x78, 0x01,
    0xF0, 0x23, 0xFF, 0xC7, 0xFF, 0x03, 0xF8, 0x07, 0x00, 0x1E, 0x00, 0x38, 0x03, 0xE0, 0x0F, 0x00,
    0x08, 0x01, 0xC0, 0x1E, 0x00, 0xF0, 0x07, 0x00, 0x20, 0x00, 0x0F, 0xFE, 0xFF, 0xEF, 0xFE, 0xF0,
    0x0F, 0x00, 0xF0, 0x0F, 0x00, 0xFF, 0xEF, 0xFE, 0xFF, 0xEF, 0x00, 0xF0, 0x0F, 0x00, 0xF0, 0x0F,
    0xFF, 0xFF, 0xFF, 0xFF, 0x02, 0x00, 0x70, 0x0F, 0x01, 0xE0, 0x1C, 0x00, 0x80, 0x00, 0x0F, 0xFE,
    0xFF, 0xEF, 0xFE, 0xF0, 0x0F, 0x00, 0xF0, 0x0F, 0x00, 0xFF, 0xEF, 0xFE, 0xFF, 0xEF, 0x00, 0xF0,
    0x0F, 0x00, 0xF0, 0x0F, 0xFF, 0xFF, 0xFF, 0xFF, 0x04, 0x00, 0xE0, 0x1F, 0x03, 0xB8, 0x11, 0x00,
    0x00, 0xFF, 0xEF, 0xFE, 0xFF, 0xEF, 0x00, 0xF0, 0x0F, 0x00, 0xF0, 0x0F, 0xFE, 0xFF, 0xEF, 0xFE,
    0xF0, 0x0F, 0x00, 0xF0, 0x0F, 0x00, 0xFF, 0xFF, 0xFF, 0xFF, 0xF0, 0x30, 0xC7, 0x9E, 0x79, 0xE3,
    0x0C, 0x00, 0x00, 0x00, 0xFF, 0xEF, 0xFE, 0xFF, 0xEF, 0x00, 0xF0, 0x0F, 0x00, 0xF0, 0x0F, 0xFE,
    0xFF, 0xEF, 0xFE, 0xF0, 0x0F, 0x00, 0xF0, 0x0F, 0x00, 0xFF, 0xFF, 0xFF, 0xFF, 0xF0, 0x21, 0xC7,
    0x8F, 0x1C, 0x20, 0x0F, 0x3C, 0xF3, 0xCF, 0x3C, 0xF3, 0xCF, 0x3C, 0xF3, 0xCF, 0x3C, 0xF3, 0xCF,
    0x10, 0xE7, 0xBC, 0xE1, 0x00, 0x3C, 0xF3, 0xCF, 0x3C, 0xF3, 0xCF, 0x3C, 0xF3, 0xCF, 0x3C, 0xF3,
    0xCF, 0x3C, 0x10, 0x71, 0xF7, 0x74, 0x40, 0x1E, 0x3C, 0x78, 0xF1, 0xE3, 0xC7, 0x8F, 0x1E, 0x3C,
    0x78, 0xF1, 0xE3, 0xC7, 0x8F, 0x1E, 0x00, 0x71, 0xFC, 0xFF, 0x3D, 0xC7, 0x00, 0x00, 0x01, 0xE0,
    0x78, 0x1E, 0x07, 0x81, 0xE0, 0x78, 0x1E, 0x07, 0x81, 0xE0, 0x78, 0x1E, 0x07, 0x81, 0xE0, 0x78,
    0x1E, 0x07, 0x81, 0xE0, 0x3F, 0xF0, 0x0F, 0xFF, 0x03, 0xFF, 0xF0, 0xF0, 0x7E, 0x3C, 0x07, 0x8F,
    0x01, 0xF3, 0xC0, 0x3F, 0xFE, 0x0F, 0xFF, 0x83, 0xFF, 0xE0, 0xF3, 0xC0, 0x3C, 0xF0, 0x1F, 0x3C,
    0x0F, 0x8F, 0x07, 0xE3, 0xFF, 0xF0, 0xFF, 0xF0, 0x3F, 0xF0, 0x00, 0x0E, 0x20, 0x3F, 0xE0, 0x7F,
    0x80, 0x4E, 0x00, 0x00, 0x00, 0x00, 0x3C, 0x07, 0xFC, 0x0F, 0xFC, 0x1F, 0xF8, 0x3F, 0xF8, 0x7F,
    0xF8, 0xFF, 0xF9, 0xFE, 0xF3, 0xFC, 0xF7, 0xF8, 0xFF, 0xF1, 0xFF, 0xE1, 0xFF, 0xC1, 0xFF, 0x83,
    0xFF, 0x03, 0xFE, 0x03, 0xFC, 0x07, 0x80, 0x00, 0x80, 0x00, 0x70, 0x00, 0x1E, 0x00, 0x03, 0xC0,
    0x00, 0x70, 0x00, 0x08, 0x00, 0x00, 0x00, 0x0F, 0xC0, 0x0F, 0xFC, 0x0F, 0xFF, 0xC7, 0xE1, 0xF9,
    0xE0, 0x1E, 0xF8, 0x07, 0xFC, 0x00, 0xFF, 0x00, 0x3F, 0xC0, 0x0F, 0xF0, 0x03, 0xFC, 0x00, 0xFF,
    0x80, 0x7D, 0xE0, 0x1E, 0x7E, 0x1F, 0x8F, 0xFF, 0xC1, 0xFF, 0xE0, 0x0F, 0xC0, 0x00, 0x40, 0x00,
    0x1C, 0x00, 0x0F, 0x00, 0x07, 0x80, 0x01, 0xC0, 0x00, 0x40, 0x00, 0x00, 0x00, 0x0F, 0xC0, 0x0F,
    0xFC, 0x0F, 0xFF, 0xC7, 0xE1, 0xF9, 0xE0, 0x1E, 0xF8, 0x07, 0xFC, 0x00, 0xFF, 0x00, 0x3F, 0xC0,
    0x0F, 0xF0, 0x03, 0xFC, 0x00, 0xFF, 0x80, 0x7D, 0xE0, 0x1E, 0x7E, 0x1F, 0x8F, 0xFF, 0xC1, 0xFF,
    0xE0, 0x0F, 0xC0, 0x00, 0x40, 0x00, 0x38, 0x00, 0x1F, 0x00, 0x0E, 0xE0, 0x01, 0x10, 0x00, 0x00,
    0x00, 0x3F, 0x00, 0x3F, 0xF0, 0x3F, 0xFF, 0x1F, 0x87, 0xE7, 0x80, 0x7B, 0xE0, 0x1F, 0xF0, 0x03,
    0xFC, 0x00, 0xFF, 0x00, 0x3F, 0xC0, 0x0F, 0xF0, 0x03, 0xFE, 0x01, 0xF7, 0x80, 0x79, 0xF8, 0x7E,
    0x3F, 0xFF, 0x07, 0xFF, 0x80, 0x3F, 0x00, 0x03, 0x90, 0x01, 0xFE, 0x00, 0xFF, 0x80, 0x11, 0xC0,
    0x00, 0x00, 0x00, 0x00, 0x00, 0x3F, 0x00, 0x3F, 0xF0, 0x3F, 0xFF, 0x1F, 0x87, 0xE7, 0x80, 0x7B,
    0xE0, 0x1F, 0xF0, 0x03, 0xFC, 0x00, 0xFF, 0x00, 0x3F, 0xC0, 0x0F, 0xF0, 0x03, 0xFE, 0x01, 0xF7,
    0x80, 0x79, 0xF8, 0x7E, 0x3F, 0xFF, 0x07, 0xFF, 0x80, 0x3F, 0x00, 0x06, 0x18, 0x03, 0xCF, 0x00,
    0xF3, 0xC0, 0x18, 0x60, 0x00, 0x00, 0x00, 0x00, 0x00, 0x3F, 0x00, 0x3F, 0xF0, 0x3F, 0xFF, 0x1F,
    0x87, 0xE7, 0x80, 0x7B, 0xE0, 0x1F, 0xF0, 0x03, 0xFC, 0x00, 0xFF, 0x00, 0x3F, 0xC0, 0x0F, 0xF0,
    0x03, 0xFE, 0x01, 0xF7, 0x80, 0x79, 0xF8, 0x7E, 0x3F, 0xFF, 0x07, 0xFF, 0x80, 0x3F, 0x00, 0x21,
    0x18, 0x6F, 0x3D, 0xFE, 0x3F, 0x07, 0x83, 0xF1, 0xFE, 0xF3, 0xD8, 0x62, 0x10, 0x00, 0x01, 0x00,
    0xFC, 0xE0, 0xFF, 0xF8, 0xFF, 0xFC, 0x7E, 0x1F, 0x9E, 0x07, 0xEF, 0x83, 0xFF, 0xC1, 0xCF, 0xF0,
    0xF3, 0xFC, 0x78, 0xFF, 0x3C, 0x3F, 0xCE, 0x0F, 0xFF, 0x07, 0xDF, 0x81, 0xE7, 0xE1, 0xF8, 0xFF,
    0xFC, 0x7F, 0xFE, 0x1C, 0xFC, 0x02, 0x00, 0x00, 0x02, 0x00, 0x3C, 0x00, 0xF0, 0x01, 0xE0, 0x01,
    0x80, 0x02, 0x00, 0x00, 0x3C, 0x0F, 0xF0, 0x3F, 0xC0, 0xFF, 0x03, 0xFC, 0x0F, 0xF0, 0x3F, 0xC0,
    0xFF, 0x03, 0xFC, 0x0F, 0xF0, 0x3F, 0xC0, 0xFF, 0x03, 0xFC, 0x0F, 0x78, 0x79, 0xFF, 0xE3, 0xFF,
    0x03, 0xF0, 0x00, 0x80, 0x07, 0x00, 0x3C, 0x01, 0xE0, 0x07, 0x00, 0x08, 0x00, 0x00, 0x3C, 0x0F,
    0xF0, 0x3F, 0xC0, 0xFF, 0x03, 0xFC, 0x0F, 0xF0, 0x3F, 0xC0, 0xFF, 0x03, 0xFC, 0x0F, 0xF0, 0x3F,
    0xC0, 0xFF, 0x03, 0xFC, 0x0F, 0x78, 0x79, 0xFF, 0xE3, 0xFF, 0x03, 0xF0, 0x01, 0x00, 0x0E, 0x00,
    0x7C, 0x03, 0xB8, 0x04, 0x40, 0x00, 0x0F, 0x03, 0xFC, 0x0F, 0xF0, 0x3F, 0xC0, 0xFF, 0x03, 0xFC,
    0x0F, 0xF0, 0x3F, 0xC0, 0xFF, 0x03, 0xFC, 0x0F, 0xF0, 0x3F, 0xC0, 0xFF, 0x03, 0xDE, 0x1E, 0x7F,
    0xF8, 0xFF, 0xC0, 0xFC, 0x00, 0x1C, 0x70, 0xF3, 0xC3, 0xCF, 0x07, 0x1C, 0x00, 0x00, 0x00, 0x0F,
    0x03, 0xFC, 0x0F, 0xF0, 0x3F, 0xC0, 0xFF, 0x03, 0xFC, 0x0F, 0xF0, 0x3F, 0xC0, 0xFF, 0x03, 0xFC,
    0x0F, 0xF0, 0x3F, 0xC0, 0xFF, 0x03, 0xDE, 0x1E, 0x7F, 0xF8, 0xFF, 0xC0, 0xFC, 0x00, 0x00, 0x80,
    0x01, 0xE0, 0x01, 0xE0, 0x03, 0xC0, 0x03, 0x00, 0x02, 0x00, 0x00, 0x00, 0xF8, 0x1F, 0x78, 0x1E,
    0x7C, 0x3E, 0x3C, 0x3C, 0x3E, 0x7C, 0x1F, 0xF8, 0x0F, 0xF0, 0x0F, 0xF0, 0x07, 0xE0, 0x07, 0xE0,
    0x03, 0xC0, 0x03, 0xC0, 0x03, 0xC0, 0x03, 0xC0, 0x03, 0xC0, 0x03, 0xC0, 0x03, 0xC0, 0xF0, 0x07,
    0x80, 0x3F, 0xE1, 0xFF, 0xCF, 0xFF, 0x78, 0x7F, 0xC1, 0xFE, 0x0F, 0xF0, 0x7F, 0x83, 0xFC, 0x3F,
    0xFF, 0xEF, 0xFE, 0x7F, 0xC3, 0xC0, 0x1E, 0x00, 0xF0, 0x00, 0x1F, 0x03, 0xFC, 0x1F, 0xF1, 0xE7,
    0x8F, 0x3C, 0x79, 0xE3, 0xCF, 0x1E, 0xF0, 0xF7, 0x87, 0xBC, 0x3D, 0xF1, 0xEF, 0xCF, 0x1F, 0x78,
    0x7F, 0xC1, 0xFE, 0x8F, 0xF7, 0xFF, 0xBF, 0xBD, 0xF8, 0x08, 0x03, 0x80, 0x78, 0x07, 0x80, 0x70,
    0x04, 0x00, 0x03, 0xF8, 0x7F, 0xCF, 0xFD, 0x0F, 0x80, 0xF3, 0xFE, 0xFF, 0xFF, 0xFF, 0x8F, 0xF1,
    0xFF, 0xFD, 0xFF, 0x9F, 0xE0, 0x01, 0x00, 0x70, 0x1E, 0x07, 0x80, 0xE0, 0x08, 0x00, 0x03, 0xF8,
    0x7F, 0xCF, 0xFD, 0x0F, 0x80, 0xF3, 0xFE, 0xFF, 0xFF, 0xFF, 0x8F, 0xF1, 0xFF, 0xFD, 0xFF, 0x9F,
    0xE0, 0x04, 0x03, 0xC0, 0xFC, 0x19, 0x82, 0x10, 0x00, 0x1F, 0xC3, 0xFE, 0x7F, 0xE8, 0x7C, 0x07,
    0x9F, 0xF7, 0xFF, 0xFF, 0xFC, 0x7F, 0x8F, 0xFF, 0xEF, 0xFC, 0xFF, 0x00, 0x18, 0x87, 0xF9, 0xFE,
    0x11, 0xC0, 0x00, 0x00, 0x1F, 0xC3, 0xFE, 0x7F, 0xE8, 0x7C, 0x07, 0x9F, 0xF7, 0xFF, 0xFF, 0xFC,
    0x7F, 0x8F, 0xFF, 0xEF, 0xFC, 0xFF, 0x00, 0x30, 0xCF, 0x3D, 0xE7, 0x98, 0x60, 0x00, 0x00, 0x1F,
    0xC3, 0xFE, 0x7F, 0xE8, 0x7C, 0x07, 0x9F, 0xF7, 0xFF, 0xFF, 0xFC, 0x7F, 0x8F, 0xFF, 0xEF, 0xFC,
    0xFF, 0x00, 0x0F, 0x03, 0xF0, 0x66, 0x0C, 0xC1, 0xF8, 0x1E, 0x00, 0x03, 0xF8, 0x7F, 0xCF, 0xFD,
    0x0F, 0x80, 0xF3, 0xFE, 0xFF, 0xFF, 0xFF, 0x8F, 0xF1, 0xFF, 0xFD, 0xFF, 0x9F, 0xE0, 0x3F, 0x8F,
    0x87, 0xFF, 0xFC, 0x3F, 0xFF, 0xE0, 0x1F, 0x9E, 0x00, 0xF0, 0xF1, 0xFF, 0xFF, 0x7F, 0xFF, 0xFF,
    0xFF, 0xFF, 0xF0, 0xF0, 0x0F, 0x07, 0x82, 0xFF, 0xFF, 0xE7, 0xFF, 0xFE, 0x3F, 0x8F, 0xC0, 0x0F,
    0xC7, 0xFD, 0xFF, 0x3C, 0x0F, 0x01, 0xE0, 0x3C, 0x07, 0x80, 0xF0, 0x0F, 0x01, 0xFF, 0x9F, 0xF0,
    0x7E, 0x1E, 0x00, 0xE0, 0x1C, 0x1F, 0x83, 0xE0, 0x02, 0x00, 0x78, 0x03, 0xC0, 0x0F, 0x00, 0x18,
    0x00, 0x40, 0x00, 0x01, 0xF0, 0x3F, 0xE3, 0xFF, 0x9E, 0x3D, 0xE0, 0xFF, 0xFF, 0xFF, 0xFF, 0xFF,
    0xFE, 0x00, 0x78, 0x13, 0xFF, 0x8F, 0xFC, 0x1F, 0xC0, 0x01, 0x00, 0x1C, 0x01, 0xE0, 0x1E, 0x00,
    0xE0, 0x02, 0x00, 0x00, 0x01, 0xF0, 0x3F, 0xE3, 0xFF, 0x9E, 0x3D, 0xE0, 0xFF, 0xFF, 0xFF, 0xFF,
    0xFF, 0xFE, 0x00, 0x78, 0x13, 0xFF, 0x8F, 0xFC, 0x1F, 0xC0, 0x02, 0x00, 0x38, 0x03, 0xE0, 0x3B,
    0x80, 0x84, 0x00, 0x00, 0x3E, 0x07, 0xFC, 0x7F, 0xF3, 0xC7, 0xBC, 0x1F, 0xFF, 0xFF, 0xFF, 0xFF,
    0xFF, 0xC0, 0x0F, 0x02, 0x7F, 0xF1, 0xFF, 0x83, 0xF8, 0x38, 0xE1, 0xE7, 0x8F, 0x3C, 0x71, 0xC0,
    0x00, 0x00, 0x00, 0x3E, 0x07, 0xFC, 0x7F, 0xF3, 0xC7, 0xBC, 0x1F, 0xFF, 0xFF, 0xFF, 0xFF, 0xFF,
    0xC0, 0x0F, 0x02, 0x7F, 0xF1, 0xFF, 0x83, 0xF8, 0x21, 0xC7, 0x8F, 0x1C, 0x20, 0x1E, 0x79, 0xE7,
    0x9E, 0x79, 0xE7, 0x9E, 0x79, 0xE7, 0x9E, 0x18, 0x73, 0xDE, 0x71, 0x00, 0x1E, 0x79, 0xE7, 0x9E,
    0x79, 0xE7, 0x9E, 0x79, 0xE7, 0x9E, 0x10, 0x71, 0xF7, 0x74, 0x40, 0x1E, 0x3C, 0x78, 0xF1, 0xE3,
    0xC7, 0x8F, 0x1E, 0x3C, 0x78, 0xF1, 0xE0, 0xE3, 0xBC, 0xFF, 0x3F, 0x8E, 0x00, 0x00, 0x01, 0xE0,
    0x78, 0x1E, 0x07, 0x81, 0xE0, 0x78, 0x1E, 0x07, 0x81, 0xE0, 0x78, 0x1E, 0x07, 0x81, 0xE0, 0x03,
    0x00, 0x3C, 0xC1, 0xFE, 0x0F, 0xE0, 0x7E, 0x02, 0x78, 0x03, 0xC3, 0xFF, 0x3F, 0xFB, 0xFF, 0xFE,
    0x1F, 0xE0, 0xFF, 0x07, 0xF8, 0x3F, 0xC3, 0xDF, 0x1E, 0x7F, 0xF1, 0xFF, 0x07, 0xE0, 0x38, 0x8F,
    0xF9, 0xFE, 0x13, 0x80, 0x00, 0x00, 0x1F, 0xC7, 0xFE, 0xFF, 0xDE, 0x7F, 0xC7, 0xF8, 0xFF, 0x1F,
    0xE3, 0xFC, 0x7F, 0x8F, 0xF1, 0xFE, 0x3F, 0xC7, 0x80, 0x04, 0x00, 0x70, 0x07, 0xC0, 0x0F, 0x00,
    0x38, 0x00, 0x80, 0x00, 0x01, 0xF0, 0x3F, 0xE3, 0xFF, 0x9E, 0x3D, 0xE0, 0xFF, 0x07, 0xF8, 0x3F,
    0xC1, 0xFE, 0x0F, 0x78, 0xF3, 0xFF, 0x8F, 0xF8, 0x1F, 0x00, 0x02, 0x00, 0x3C, 0x01, 0xE0, 0x1E,
    0x00, 0xC0, 0x04, 0x00, 0x00, 0x01, 0xF0, 0x3F, 0xE3, 0xFF, 0x9E, 0x3D, 0xE0, 0xFF, 0x07, 0xF8,
    0x3F, 0xC1, 0xFE, 0x0F, 0x78, 0xF3, 0xFF, 0x8F, 0xF8, 0x1F, 0x00, 0x02, 0x00, 0x38, 0x07, 0xE0,
    0x3B, 0x81, 0x08, 0x00, 0x00, 0x3E, 0x07, 0xFC, 0x7F, 0xF3, 0xC7, 0xBC, 0x1F, 0xE0, 0xFF, 0x07,
    0xF8, 0x3F, 0xC1, 0xEF, 0x1E, 0x7F, 0xF1, 0xFF, 0x03, 0xE0, 0x1C, 0x41, 0xFF, 0x0F, 0xF0, 0x27,
    0x00, 0x00, 0x00, 0x00, 0x3E, 0x07, 0xFC, 0x7F, 0xF3, 0xC7, 0xBC, 0x1F, 0xE0, 0xFF, 0x07, 0xF8,
    0x3F, 0xC1, 0xEF, 0x1E, 0x7F, 0xF1, 0xFF, 0x03, 0xE0, 0x18, 0x61, 0xE7, 0x8F, 0x3C, 0x30, 0xC0,
    0x00, 0x00, 0x00, 0x3E, 0x07, 0xFC, 0x7F, 0xF3, 0xC7, 0xBC, 0x1F, 0xE0, 0xFF, 0x07, 0xF8, 0x3F,
    0xC1, 0xEF, 0x1E, 0x7F, 0xF1, 0xFF, 0x03, 0xE0, 0x06, 0x00, 0xF0, 0x0F, 0x00, 0x60, 0x00, 0x0F,
    0xFF, 0xFF, 0xFF, 0xFF, 0x00, 0x00, 0x60, 0x0F, 0x00, 0xF0, 0x06, 0x00, 0x00, 0x00, 0x7D, 0xCF,
    0xFC, 0xFF, 0xE7, 0x8F, 0x78, 0xFF, 0xCF, 0xFE, 0xEF, 0xFE, 0x7F, 0xE3, 0xDE, 0x3C, 0xFF, 0xE7,
    0xFE, 0x77, 0xC0, 0x00, 0x00, 0x08, 0x03, 0x80, 0x78, 0x07, 0x80, 0x70, 0x04, 0x00, 0x07, 0x8F,
    0xF1, 0xFE, 0x3F, 0xC7, 0xF8, 0xFF, 0x1F, 0xE3, 0xFC, 0x7F, 0x8F, 0xF9, 0xEF, 0xFD, 0xFF, 0x8F,
    0xE0, 0x02, 0x00, 0xE0, 0x3E, 0x0F, 0x01, 0xC0, 0x10, 0x00, 0x07, 0x8F, 0xF1, 0xFE, 0x3F, 0xC7,
    0xF8, 0xFF, 0x1F, 0xE3, 0xFC, 0x7F, 0x8F, 0xF9, 0xEF, 0xFD, 0xFF, 0x8F, 0xE0, 0x04, 0x01, 0xC0,
    0x7C, 0x1D, 0xC1, 0x08, 0x00, 0x3C, 0x7F, 0x8F, 0xF1, 0xFE, 0x3F, 0xC7, 0xF8, 0xFF, 0x1F, 0xE3,
    0xFC, 0x7F, 0xCF, 0x7F, 0xEF, 0xFC, 0x7F, 0x00, 0x71, 0xCF, 0x3D, 0xE7, 0xB8, 0xE0, 0x00, 0x00,
    0x3C, 0x7F, 0x8F, 0xF1, 0xFE, 0x3F, 0xC7, 0xF8, 0xFF, 0x1F, 0xE3, 0xFC, 0x7F, 0xCF, 0x7F, 0xEF,
    0xFC, 0x7F, 0x00, 0x01, 0x00, 0x1E, 0x00, 0xF0, 0x0F, 0x00, 0x60, 0x02, 0x00, 0x00, 0x1E, 0x0F,
    0xF8, 0xFB, 0xC7, 0x9E, 0x3C, 0xF1, 0xE3, 0xDE, 0x1E, 0xF0, 0xF7, 0x83, 0xB8, 0x1F, 0xC0, 0xFE,
    0x03, 0xE0, 0x1F, 0x00, 0xF0, 0x0F, 0x83, 0xF8, 0x1F, 0xC0, 0xF8, 0x00, 0x70, 0x0F, 0x00, 0xF0,
    0x0F, 0x00, 0xF0, 0x0F, 0x00, 0xFF, 0x0F, 0xFC, 0xFF, 0xEF, 0x1E, 0xF0, 0xFF, 0x0F, 0xF0, 0xFF,
    0x0F, 0xF0, 0xFF, 0x1F, 0xFF, 0xEF, 0xFC, 0xFF, 0x8F, 0x00, 0xF0, 0x0F, 0x00, 0xF0, 0x0F, 0x00,
    0x38, 0xE3, 0xCF, 0x1E, 0x78, 0x71, 0xC0, 0x00, 0x00, 0x03, 0xC1, 0xFF, 0x1F, 0x78, 0xF3, 0xC7,
    0x9E, 0x3C, 0x7B, 0xC3, 0xDE, 0x1E, 0xF0, 0x77, 0x03, 0xF8, 0x1F, 0xC0, 0x7C, 0x03, 0xE0, 0x1E,
    0x01, 0xF0, 0x7F, 0x03, 0xF8, 0x1F, 0x00, 0x0F, 0xF0, 0x07, 0xF8, 0x03, 0xFC, 0x00, 0x00, 0x00,
    0x00, 0x00, 0x00, 0x00, 0x0F, 0x80, 0x07, 0xC0, 0x07, 0xF0, 0x03, 0xF8, 0x01, 0xDC, 0x01, 0xEF,
    0x00, 0xF7, 0x80, 0xF1, 0xE0, 0x78, 0xF0, 0x3C, 0x78, 0x3F, 0xFE, 0x1F, 0xFF, 0x0F, 0xFF, 0x8F,
    0x01, 0xE7, 0x80, 0xF7, 0xC0, 0x7B, 0xC0, 0x1E, 0x3F, 0xC7, 0xF8, 0xFF, 0x00, 0x00, 0x00, 0x00,
    0x1F, 0xC3, 0xFE, 0x7F, 0xE8, 0x7C, 0x07, 0x9F, 0xF7, 0xFF, 0xFF, 0xFC, 0x7F, 0x8F, 0xFF, 0xEF,
    0xFC, 0xFF, 0x00, 0x0E, 0x38, 0x07, 0x9C, 0x01, 0xFC, 0x00, 0x7C, 0x00, 0x00, 0x00, 0x00, 0x00,
    0x0F, 0x80, 0x07, 0xC0, 0x07, 0xF0, 0x03, 0xF8, 0x01, 0xDC, 0x01, 0xEF, 0x00, 0xF7, 0x80, 0xF1,
    0xE0, 0x78, 0xF0, 0x3C, 0x78, 0x3F, 0xFE, 0x1F, 0xFF, 0x0F, 0xFF, 0x8F, 0x01, 0xE7, 0x80, 0xF7,
    0xC0, 0x7B, 0xC0, 0x1E, 0x38, 0xE7, 0x3C, 0x7F, 0x07, 0xC0, 0x00, 0x00, 0x1F, 0xC3, 0xFE, 0x7F,
    0xE8, 0x7C, 0x07, 0x9F, 0xF7, 0xFF, 0xFF, 0xFC, 0x7F, 0x8F, 0xFF, 0xEF, 0xFC, 0xFF, 0x00, 0x07,
    0xF0, 0x01, 0xFC, 0x00, 0x7F, 0x00, 0x3F, 0xE0, 0x0F, 0x78, 0x03, 0xDE, 0x01, 0xF7, 0xC0, 0x78,
    0xF0, 0x1E, 0x3C, 0x0F, 0x8F, 0x83, 0xFF, 0xE0, 0xFF, 0xF8, 0x7F, 0xFF, 0x1E, 0x03, 0xC7, 0x80,
    0xF3, 0xE0, 0x3E, 0xF0, 0x07, 0x80, 0x01, 0xC0, 0x00, 0x60, 0x00, 0x38, 0x00, 0x0F, 0x80, 0x03,
    0xE0, 0x00, 0x78, 0x7F, 0x0F, 0xF9, 0xFF, 0xA1, 0xF0, 0x1E, 0x7F, 0xDF, 0xFF, 0xFF, 0xF1, 0xFE,
    0x3F, 0xFF, 0xBF, 0xF3, 0xFE, 0x03, 0x80, 0xE0, 0x1C, 0x03, 0xE0, 0x7C, 0x07, 0x80, 0x00, 0x40,
    0x03, 0x80, 0x1E, 0x00, 0xF0, 0x03, 0x80, 0x04, 0x00, 0x00, 0x01, 0xFC, 0x1F, 0xFC, 0xFF, 0xF7,
    0xE0, 0x9E, 0x00, 0xF8, 0x03, 0xC0, 0x0F, 0x00, 0x3C, 0x00, 0xF0, 0x03, 0xC0, 0x0F, 0x80, 0x1E,
    0x00, 0x7C, 0x08, 0xFF, 0xF1, 0xFF, 0xC1, 0xFC, 0x01, 0x00, 0x38, 0x0F, 0x03, 0xC0, 0x70, 0x08,
    0x00, 0x00, 0x7E, 0x3F, 0xEF, 0xFD, 0xE0, 0x7C, 0x0F, 0x01, 0xE0, 0x3C, 0x07, 0x80, 0x78, 0x0F,
    0xFC, 0xFF, 0x87, 0xE0, 0x00, 0x80, 0x07, 0x00, 0x3E, 0x01, 0xDC, 0x02, 0x20, 0x00, 0x00, 0x7F,
    0x07, 0xFF, 0x3F, 0xFD, 0xF8, 0x27, 0x80, 0x3E, 0x00, 0xF0, 0x03, 0xC0, 0x0F, 0x00, 0x3C, 0x00,
    0xF0, 0x03, 0xE0, 0x07, 0x80, 0x1F, 0x02, 0x3F, 0xFC, 0x7F, 0xF0, 0x7F, 0x00, 0x03, 0x00, 0xF0,
    0x3F, 0x06, 0x60, 0x84, 0x00, 0x03, 0xF1, 0xFF, 0x7F, 0xEF, 0x03, 0xE0, 0x78, 0x0F, 0x01, 0xE0,
    0x3C, 0x03, 0xC0, 0x7F, 0xE7, 0xFC, 0x3F, 0x00, 0x01, 0xC0, 0x07, 0x80, 0x1E, 0x00, 0x70, 0x00,
    0x00, 0x00, 0x00, 0x7F, 0x07, 0xFF, 0x3F, 0xFD, 0xF8, 0x27, 0x80, 0x3E, 0x00, 0xF0, 0x03, 0xC0,
    0x0F, 0x00, 0x3C, 0x00, 0xF0, 0x03, 0xE0, 0x07, 0x80, 0x1F, 0x02, 0x3F, 0xFC, 0x7F, 0xF0, 0x7F,
    0x00, 0x07, 0x01, 0xE0, 0x3C, 0x03, 0x80, 0x00, 0x00, 0x03, 0xF1, 0xFF, 0x7F, 0xEF, 0x03, 0xE0,
    0x78, 0x0F, 0x01, 0xE0, 0x3C, 0x03, 0xC0, 0x7F, 0xE7, 0xFC, 0x3F, 0x00, 0x02, 0x20, 0x1D, 0xC0,
    0x3E, 0x00, 0x70, 0x00, 0x80, 0x00, 0x00, 0x00, 0x01, 0xFC, 0x1F, 0xFC, 0xFF, 0xF7, 0xE0, 0x9E,
    0x00, 0xF8, 0x03, 0xC0, 0x0F, 0x00, 0x3C, 0x00, 0xF0, 0x03, 0xC0, 0x0F, 0x80, 0x1E, 0x00, 0x7C,
    0x08, 0xFF, 0xF1, 0xFF, 0xC1, 0xFC, 0x08, 0x41, 0x98, 0x3F, 0x03, 0xC0, 0x30, 0x00, 0x00, 0x00,
    0x7E, 0x3F, 0xEF, 0xFD, 0xE0, 0x7C, 0x0F, 0x01, 0xE0, 0x3C, 0x07, 0x80, 0x78, 0x0F, 0xFC, 0xFF,
    0x87, 0xE0, 0x08, 0x80, 0x3B, 0x80, 0x3E, 0x00, 0x38, 0x00, 0x20, 0x00, 0x00, 0x00, 0x00, 0x7F,
    0xC0, 0xFF, 0xF1, 0xFF, 0xF3, 0xC3, 0xF7, 0x81, 0xEF, 0x03, 0xFE, 0x03, 0xFC, 0x07, 0xF8, 0x0F,
    0xF0, 0x1F, 0xE0, 0x3F, 0xC0, 0xFF, 0x81, 0xEF, 0x0F, 0xDF, 0xFF, 0x3F, 0xF8, 0x7F, 0xC0, 0x00,
    0x73, 0x80, 0x79, 0xC0, 0x3C, 0xE0, 0x1E, 0x70, 0x0F, 0x30, 0x07, 0x98, 0x7F, 0xC0, 0x7F, 0xE0,
    0x7F, 0xF0, 0x7C, 0x78, 0x3C, 0x3C, 0x1E, 0x1E, 0x0F, 0x0F, 0x07, 0x87, 0x83, 0xC3, 0xC0, 0xF1,
    0xE0, 0x7F, 0xF0, 0x1F, 0xF8, 0x03, 0xF8, 0x00, 0x3F, 0xF0, 0x0F, 0xFF, 0x03, 0xFF, 0xF0, 0xF0,
    0x7E, 0x3C, 0x07, 0x8F, 0x01, 0xF3, 0xC0, 0x3F, 0xFE, 0x0F, 0xFF, 0x83, 0xFF, 0xE0, 0xF3, 0xC0,
    0x3C, 0xF0, 0x1F, 0x3C, 0x0F, 0x8F, 0x07, 0xE3, 0xFF, 0xF0, 0xFF, 0xF0, 0x3F, 0xF0, 0x00, 0x00,
    0x70, 0x03, 0xC0, 0xFF, 0xC3, 0xFF, 0x00, 0xF0, 0x03, 0xC1, 0xFF, 0x0F, 0xFC, 0x7F, 0xF3, 0xE3,
    0xCF, 0x0F, 0x3C, 0x3C, 0xF0, 0xF3, 0xC3, 0xCF, 0x0F, 0x1E, 0x3C, 0x7F, 0xF0, 0xFF, 0xC0, 0xFE,
    0x00, 0x3F, 0xC3, 0xFC, 0x3F, 0xC0, 0x00, 0x00, 0x00, 0x00, 0xFF, 0xEF, 0xFE, 0xFF, 0xEF, 0x00,
    0xF0, 0x0F, 0x00, 0xF0, 0x0F, 0xFE, 0xFF, 0xEF, 0xFE, 0xF0, 0x0F, 0x00, 0xF0, 0x0F, 0x00, 0xFF,
    0xFF, 0xFF, 0xFF, 0xF0, 0x1F, 0xE0, 0xFF, 0x07, 0xF8, 0x00, 0x00, 0x00, 0x00, 0x00, 0x3E, 0x07,
    0xFC, 0x7F, 0xF3, 0xC7, 0xBC, 0x1F, 0xFF, 0xFF, 0xFF, 0xFF, 0xFF, 0xC0, 0x0F, 0x02, 0x7F, 0xF1,
    0xFF, 0x83, 0xF8, 0x71, 0xC7, 0x3C, 0x3F, 0x81, 0xF0, 0x00, 0x00, 0x00, 0xFF, 0xEF, 0xFE, 0xFF,
    0xEF, 0x00, 0xF0, 0x0F, 0x00, 0xF0, 0x0F, 0xFE, 0xFF, 0xEF, 0xFE, 0xF0, 0x0F, 0x00, 0xF0, 0x0F,
    0x00, 0xFF, 0xFF, 0xFF, 0xFF, 0xF0, 0x38, 0xE1, 0xE7, 0x07, 0xF0, 0x1F, 0x00, 0x00, 0x00, 0x00,
    0x3E, 0x07, 0xFC, 0x7F, 0xF3, 0xC7, 0xBC, 0x1F, 0xFF, 0xFF, 0xFF, 0xFF, 0xFF, 0xC0, 0x0F, 0x02,
    0x7F, 0xF1, 0xFF, 0x83, 0xF8, 0x06, 0x00, 0xF0, 0x0F, 0x00, 0x60, 0x00, 0x00, 0x00, 0xFF, 0xEF,
    0xFE, 0xFF, 0xEF, 0x00, 0xF0, 0x0F, 0x00, 0xF0, 0x0F, 0xFE, 0xFF, 0xEF, 0xFE, 0xF0, 0x0F, 0x00,
    0xF0, 0x0F, 0x00, 0xFF, 0xFF, 0xFF, 0xFF, 0xF0, 0x07, 0x00, 0x78, 0x03, 0xC0, 0x0E, 0x00, 0x00,
    0x00, 0x00, 0x3E, 0x07, 0xFC, 0x7F, 0xF3, 0xC7, 0xBC, 0x1F, 0xFF, 0xFF, 0xFF, 0xFF, 0xFF, 0xC0,
    0x0F, 0x02, 0x7F, 0xF1, 0xFF, 0x83, 0xF8, 0xFF, 0xEF, 0xFE, 0xFF, 0xEF, 0x00, 0xF0, 0x0F, 0x00,
    0xF0, 0x0F, 0xFE, 0xFF, 0xEF, 0xFE, 0xF0, 0x0F, 0x00, 0xF0, 0x0F, 0x00, 0xFF, 0xFF, 0xFF, 0xFF,
    0xF0, 0x0F, 0x00, 0xE0, 0x1C, 0x01, 0xF0, 0x1F, 0x00, 0xF0, 0x0F, 0x81, 0xFF, 0x1F, 0xFC, 0xF1,
    0xEF, 0x07, 0xFF, 0xFF, 0xFF, 0xFF, 0xFF, 0xF0, 0x03, 0xC0, 0x9F, 0xFC, 0x7F, 0xE0, 0x7F, 0x00,
    0x70, 0x07, 0x00, 0x3E, 0x01, 0xF0, 0x07, 0x80, 0x11, 0x03, 0xB8, 0x1F, 0x00, 0xE0, 0x04, 0x00,
    0x00, 0x00, 0x0F, 0xFE, 0xFF, 0xEF, 0xFE, 0xF0, 0x0F, 0x00, 0xF0, 0x0F, 0x00, 0xFF, 0xEF, 0xFE,
    0xFF, 0xEF, 0x00, 0xF0, 0x0F, 0x00, 0xF0, 0x0F, 0xFF, 0xFF, 0xFF, 0xFF, 0x08, 0x40, 0x66, 0x03,
    0xF0, 0x0F, 0x00, 0x20, 0x00, 0x00, 0x00, 0x01, 0xF0, 0x3F, 0xE3, 0xFF, 0x9E, 0x3D, 0xE0, 0xFF,
    0xFF, 0xFF, 0xFF, 0xFF, 0xFE, 0x00, 0x78, 0x13, 0xFF, 0x8F, 0xFC, 0x1F, 0xC0, 0x00, 0x80, 0x03,
    0x80, 0x0F, 0x80, 0x3B, 0x80, 0x22, 0x00, 0x00, 0x00, 0xFE, 0x07, 0xFF, 0x3F, 0xFE, 0xFC, 0x19,
    0xE0, 0x07, 0xC0, 0x0F, 0x00, 0x1E, 0x00, 0x3C, 0x07, 0xF8, 0x0F, 0xF0, 0x1F, 0xF0, 0x3D, 0xE0,
    0x7B, 0xF0, 0xF3, 0xFF, 0xE3, 0xFF, 0xC1, 0xFF, 0x00, 0x04, 0x00, 0xE0, 0x1F, 0x03, 0xB8, 0x11,
    0x00, 0x00, 0x0F, 0xE3, 0xFF, 0x7F, 0xF7, 0x8F, 0xF0, 0xFF, 0x0F, 0xF0, 0xFF, 0x0F, 0xF0, 0xFF,
    0x8F, 0x7F, 0xF3, 0xFF, 0x1F, 0xF0, 0x0F, 0x41, 0xF7, 0xFE, 0x7F, 0xC7, 0xF8, 0x07, 0x1C, 0x0E,
    0x70, 0x1F, 0xE0, 0x0F, 0x00, 0x00, 0x00, 0x00, 0x00, 0xFE, 0x07, 0xFF, 0x3F, 0xFE, 0xFC, 0x19,
    0xE0, 0x07, 0xC0, 0x0F, 0x00, 0x1E, 0x00, 0x3C, 0x07, 0xF8, 0x0F, 0xF0, 0x1F, 0xF0, 0x3D, 0xE0,
    0x7B, 0xF0, 0xF3, 0xFF, 0xE3, 0xFF, 0xC1, 0xFF, 0x00, 0x0E, 0x38, 0x73, 0xC1, 0xFC, 0x07, 0xC0,
    0x00, 0x00, 0x00, 0x3F, 0x87, 0xFE, 0x7F, 0xF3, 0xC7, 0xBC, 0x3D, 0xE1, 0xEF, 0x0F, 0x78, 0x7B,
    0xC3, 0xDF, 0x1E, 0x7F, 0xF1, 0xFF, 0x87, 0xFC, 0x01, 0xE4, 0x1F, 0x3F, 0xF1, 0xFF, 0x0F, 0xF0,
    0x01, 0xC0, 0x03, 0xC0, 0x07, 0x80, 0x0E, 0x00, 0x00, 0x00, 0x00, 0x00, 0xFE, 0x07, 0xFF, 0x3F,
    0xFE, 0xFC, 0x19, 0xE0, 0x07, 0xC0, 0x0F, 0x00, 0x1E, 0x00, 0x3C, 0x07, 0xF8, 0x0F, 0xF0, 0x1F,
    0xF0, 0x3D, 0xE0, 0x7B, 0xF0, 0xF3, 0xFF, 0xE3, 0xFF, 0xC1, 0xFF, 0x00, 0x0E, 0x00, 0xF0, 0x0F,
    0x00, 0xE0, 0x00, 0x00, 0x00, 0x0F, 0xE3, 0xFE, 0x7F, 0xE7, 0x8E, 0xF0, 0xEF, 0x0E, 0xF0, 0xFF,
    0x0F, 0xF0, 0xFF, 0x8F, 0x7F, 0xF3, 0xFF, 0x1F, 0xF0, 0x0F, 0x41, 0xF7, 0xFE, 0x7F, 0xC7, 0xF8,
    0x03, 0xF8, 0x1F, 0xFC, 0xFF, 0xFB, 0xF0, 0x67, 0x80, 0x1F, 0x00, 0x3C, 0x00, 0x78, 0x00, 0xF0,
    0x1F, 0xE0, 0x3F, 0xC0, 0x7F, 0xC0, 0xF7, 0x81, 0xEF, 0xC3, 0xCF, 0xFF, 0x8F, 0xFF, 0x07, 0xFC,
    0x00, 0x00, 0x03, 0x80, 0x0E, 0x00, 0x3C, 0x00, 0x70, 0x00, 0x01, 0x80, 0x3C, 0x07, 0x80, 0x70,
    0x07, 0x00, 0x00, 0x00, 0x00, 0xFE, 0x3F, 0xF7, 0xFF, 0x78, 0xFF, 0x0F, 0xF0, 0xFF, 0x0F, 0xF0,
    0xFF, 0x0F, 0xF8, 0xF7, 0xFF, 0x3F, 0xF1, 0xFF, 0x00, 0xF4, 0x1F, 0x7F, 0xE7, 0xFC, 0x7F, 0x80,
    0x02, 0x00, 0x1C, 0x00, 0xF8, 0x07, 0x70, 0x08, 0x80, 0x00, 0x0F, 0x03, 0xFC, 0x0F, 0xF0, 0x3F,
    0xC0, 0xFF, 0x03, 0xFC, 0x0F, 0xF0, 0x3F, 0xFF, 0xFF, 0xFF, 0xFF, 0xFF, 0xF0, 0x3F, 0xC0, 0xFF,
    0x03, 0xFC, 0x0F, 0xF0, 0x3F, 0xC0, 0xFF, 0x03, 0xC0, 0x18, 0x03, 0xC0, 0x7E, 0x06, 0x60, 0x42,
    0x00, 0x00, 0x38, 0x07, 0x80, 0x78, 0x07, 0x80, 0x78, 0x07, 0x80, 0x7F, 0xC7, 0xFE, 0x7F, 0xE7,
    0x9F, 0x78, 0xF7, 0x8F, 0x78, 0xF7, 0x8F, 0x78, 0xF7, 0x8F, 0x78, 0xF7, 0x8F, 0x78, 0xF0, 0x3C,
    0x07, 0x87, 0x80, 0xF3, 0xFF, 0xFF, 0xFF, 0xFF, 0xFF, 0xFF, 0xFE, 0x78, 0x0F, 0x0F, 0x01, 0xE1,
    0xFF, 0xFC, 0x3F, 0xFF, 0x87, 0xFF, 0xF0, 0xF0, 0x1E, 0x1E, 0x03, 0xC3, 0xC0, 0x78, 0x78, 0x0F,
    0x0F, 0x01, 0xE1, 0xE0, 0x3C, 0x3C, 0x07, 0x80, 0x1C, 0x01, 0xE0, 0x3F, 0xF1, 0xFF, 0x83, 0xC0,
    0x1E, 0x00, 0xFF, 0x87, 0xFE, 0x3F, 0xF1, 0xE7, 0xCF, 0x1E, 0x78, 0xF3, 0xC7, 0x9E, 0x3C, 0xF1,
    0xE7, 0x8F, 0x3C, 0x79, 0xE3, 0xCF, 0x1E, 0x39, 0x3F, 0xFF, 0xE8, 0xE0, 0x00, 0x00, 0x78, 0x3C,
    0x1E, 0x0F, 0x07, 0x83, 0xC1, 0xE0, 0xF0, 0x78, 0x3C, 0x1E, 0x0F, 0x07, 0x83, 0xC1, 0xE0, 0xF0,
    0x78, 0x71, 0x3F, 0xFF, 0xC9, 0xC0, 0x00, 0x00, 0xF0, 0x78, 0x3C, 0x1E, 0x0F, 0x07, 0x83, 0xC1,
    0xE0, 0xF0, 0x78, 0x3C, 0x1E, 0x0F, 0x00, 0xFF, 0xFF, 0xFF, 0x00, 0x00, 0x00, 0x3C, 0x3C, 0x3C,
    0x3C, 0x3C, 0x3C, 0x3C, 0x3C, 0x3C, 0x3C, 0x3C, 0x3C, 0x3C, 0x3C, 0x3C, 0x3C, 0x3C, 0xFF, 0xFF,
    0xFF, 0x00, 0x00, 0x00, 0x3C, 0x3C, 0x3C, 0x3C, 0x3C, 0x3C, 0x3C, 0x3C, 0x3C, 0x3C, 0x3C, 0x3C,
    0x3C, 0xE3, 0xF9, 0xDF, 0xC7, 0xC0, 0x00, 0x00, 0xF0, 0x78, 0x3C, 0x1E, 0x0F, 0x07, 0x83, 0xC1,
    0xE0, 0xF0, 0x78, 0x3C, 0x1E, 0x0F, 0x07, 0x83, 0xC1, 0xE0, 0xF0, 0xE7, 0xF3, 0xBF, 0xC7, 0x80,
    0x00, 0x00, 0xF0, 0x78, 0x3C, 0x1E, 0x0F, 0x07, 0x83, 0xC1, 0xE0, 0xF0, 0x78, 0x3C, 0x1E, 0x0F,
    0x00, 0x7B, 0xDE, 0xF7, 0xBD, 0xEF, 0x7B, 0xDE, 0xF7, 0xBD, 0xEF, 0x7B, 0x99, 0xCF, 0xFD, 0xE0,
    0x7B, 0xDE, 0xF0, 0x01, 0xEF, 0x7B, 0xDE, 0xF7, 0xBD, 0xEF, 0x7B, 0xDE, 0xE6, 0x73, 0xFF, 0x78,
    0xEF, 0xFE, 0x00, 0xFF, 0xFF, 0xFF, 0xFF, 0xFF, 0xFF, 0xFF, 0xFF, 0xF0, 0xFF, 0xFF, 0xFF, 0xFF,
    0xFF, 0xFF, 0xF0, 0xF0, 0x07, 0xF8, 0x03, 0xFC, 0x01, 0xFE, 0x00, 0xFF, 0x00, 0x7F, 0x80, 0x3F,
    0xC0, 0x1F, 0xE0, 0x0F, 0xF0, 0x07, 0xF8, 0x03, 0xFC, 0x01, 0xFE, 0x00, 0xFF, 0x00, 0x7F, 0x88,
    0x7B, 0xCF, 0xFD, 0xE7, 0xFC, 0xF0, 0xFC, 0x00, 0xF1, 0xDE, 0x7B, 0xCF, 0x78, 0xE0, 0x00, 0x00,
    0x3C, 0xF7, 0x9E, 0xF3, 0xDE, 0x7B, 0xCF, 0x79, 0xEF, 0x3D, 0xE7, 0xBC, 0xF7, 0x9E, 0xF3, 0xDE,
    0x7B, 0xCF, 0x01, 0xE0, 0x3C, 0x3F, 0x8F, 0xE1, 0xF0, 0x00, 0xC0, 0x0F, 0x00, 0xFC, 0x06, 0x60,
    0x21, 0x00, 0x00, 0x07, 0x80, 0x3C, 0x01, 0xE0, 0x0F, 0x00, 0x78, 0x03, 0xC0, 0x1E, 0x00, 0xF0,
    0x07, 0x80, 0x3C, 0x01, 0xE0, 0x0F, 0x00, 0x78, 0x87, 0xC7, 0xFC, 0x7F, 0xE0, 0xFC, 0x00, 0x02,
    0x01, 0xC0, 0xF8, 0x77, 0x08, 0x80, 0x00, 0xF0, 0x3C, 0x0F, 0x03, 0xC0, 0xF0, 0x3C, 0x0F, 0x03,
    0xC0, 0xF0, 0x3C, 0x0F, 0x03, 0xC0, 0xF0, 0x3C, 0x0F, 0x3F, 0x8F, 0xE3, 0xE0, 0xF0, 0x7D, 0xE1,
    0xF3, 0xC7, 0xC7, 0x9F, 0x0F, 0x7C, 0x1F, 0xF0, 0x3F, 0xC0, 0x7F, 0x00, 0xFF, 0x01, 0xFF, 0x03,
    0xDF, 0x07, 0x9E, 0x0F, 0x3E, 0x1E, 0x3E, 0x3C, 0x3E, 0x78, 0x3E, 0xF0, 0x3E, 0x00, 0x00, 0x0E,
    0x00, 0x3C, 0x00, 0xF0, 0x01, 0xC0, 0x00, 0x70, 0x0F, 0x00, 0xF0, 0x0F, 0x00, 0xF0, 0x0F, 0x00,
    0xF1, 0xFF, 0x3E, 0xF7, 0xCF, 0xF8, 0xFF, 0x0F, 0xE0, 0xFF, 0x0F, 0xF8, 0xF7, 0x8F, 0x7C, 0xF3,
    0xEF, 0x1E, 0xF1, 0xF0, 0x00, 0x0E, 0x00, 0xE0, 0x3E, 0x03, 0xC0, 0xF1, 0xFF, 0x9F, 0xBD, 0xF1,
    0xFF, 0x8F, 0xF0, 0x7F, 0x83, 0xFC, 0x1F, 0xF0, 0xF7, 0xC7, 0x9E, 0x3C, 0xF9, 0xE3, 0xEF, 0x0F,
    0x80, 0x10, 0x03, 0xC0, 0x3C, 0x07, 0x80, 0x60, 0x04, 0x00, 0x00, 0x07, 0x80, 0x78, 0x07, 0x80,
    0x78, 0x07, 0x80, 0x78, 0x07, 0x80, 0x78, 0x07, 0x80, 0x78, 0x07, 0x80, 0x78, 0x07, 0x80, 0x78,
    0x07, 0xFF, 0x7F, 0xF7, 0xFF, 0x0C, 0x7B, 0xF3, 0x00, 0x07, 0x1E, 0x3C, 0x78, 0xF1, 0xE3, 0xC7,
    0x8F, 0x1E, 0x3C, 0x78, 0xF1, 0xE3, 0xC7, 0xCF, 0xCF, 0x8F, 0xF0, 0x1E, 0x03, 0xC0, 0x78, 0x0F,
    0x01, 0xE0, 0x3C, 0x07, 0x80, 0xF0, 0x1E, 0x03, 0xC0, 0x78, 0x0F, 0x01, 0xE0, 0x3F, 0xFF, 0xFF,
    0xFF, 0xE0, 0x00, 0x1C, 0x07, 0x81, 0xE0, 0x38, 0x00, 0x73, 0xCF, 0x3C, 0xF3, 0xCF, 0x3C, 0xF3,
    0xCF, 0x3C, 0xF3, 0xCF, 0x3E, 0xFD, 0xF3, 0xC0, 0x39, 0xEF, 0x3C, 0xF3, 0x9E, 0x73, 0xCE, 0x79,
    0xCF, 0x39, 0xE7, 0x3C, 0x07, 0x80, 0xF0, 0x1E, 0x03, 0xC0, 0x78, 0x0F, 0x01, 0xE0, 0x3F, 0xFF,
    0xFF, 0xFF, 0xE0, 0x77, 0xF7, 0xF7, 0xF7, 0xF7, 0xF6, 0xF0, 0xF0, 0xF0, 0xF0, 0xF0, 0xF0, 0xF0,
    0xF0, 0xF0, 0xF8, 0xFC, 0x7C, 0x3C, 0xF0, 0x1E, 0x03, 0xC0, 0x78, 0x0F, 0x1D, 0xE7, 0xFC, 0xFF,
    0x9F, 0xF1, 0xDE, 0x03, 0xC0, 0x78, 0x0F, 0x01, 0xE0, 0x3F, 0xFF, 0xFF, 0xFF, 0xE0, 0x70, 0x1E,
    0x03, 0xC0, 0x78, 0x0F, 0x01, 0xE0, 0x3C, 0x77, 0x9F, 0xF3, 0xFE, 0x7F, 0xC7, 0x78, 0x0F, 0x01,
    0xE0, 0x3C, 0x07, 0xC0, 0xFC, 0x0F, 0x80, 0xF0, 0x00, 0x3C, 0x00, 0xF0, 0x03, 0xC0, 0x0F, 0x00,
    0x3C, 0x00, 0xF7, 0x03, 0xFC, 0x0F, 0xE0, 0x7E, 0x03, 0xF0, 0x0F, 0xC0, 0x0F, 0x00, 0x3C, 0x00,
    0xF0, 0x03, 0xFF, 0xCF, 0xFF, 0x3F, 0xFC, 0x0E, 0x07, 0x81, 0xE0, 0x78, 0x1E, 0x07, 0xA1, 0xF8,
    0x7F, 0x3F, 0x3F, 0x87, 0xE0, 0x78, 0x1E, 0x07, 0x81, 0xE0, 0x7C, 0x1F, 0x83, 0xE0, 0x78, 0x00,
    0x80, 0x03, 0xC0, 0x0F, 0x80, 0x1C, 0x00, 0x70, 0x00, 0x40, 0x00, 0x00, 0x78, 0x0F, 0xF8, 0x1F,
    0xF8, 0x3F, 0xF0, 0x7F, 0xF0, 0xFF, 0xF1, 0xFF, 0xF3, 0xFD, 0xE7, 0xF9, 0xEF, 0xF1, 0xFF, 0xE3,
    0xFF, 0xC3, 0xFF, 0x83, 0xFF, 0x07, 0xFE, 0x07, 0xFC, 0x07, 0xF8, 0x0F, 0x02, 0x00, 0xE0, 0x3C,
    0x0F, 0x01, 0xC0, 0x10, 0x00, 0x03, 0xF8, 0xFF, 0xDF, 0xFB, 0xCF, 0xF8, 0xFF, 0x1F, 0xE3, 0xFC,
    0x7F, 0x8F, 0xF1, 0xFE, 0x3F, 0xC7, 0xF8, 0xF0, 0xF0, 0x1F, 0xF0, 0x3F, 0xF0, 0x7F, 0xE0, 0xFF,
    0xE1, 0xFF, 0xE3, 0xFF, 0xE7, 0xFB, 0xCF, 0xF3, 0xDF, 0xE3, 0xFF, 0xC7, 0xFF, 0x87, 0xFF, 0x07,
    0xFE, 0x0F, 0xFC, 0x0F, 0xF8, 0x0F, 0xF0, 0x1E, 0x00, 0x00, 0x0E, 0x00, 0x1C, 0x00, 0xF8, 0x01,
    0xE0, 0x00, 0x7F, 0x1F, 0xFB, 0xFF, 0x79, 0xFF, 0x1F, 0xE3, 0xFC, 0x7F, 0x8F, 0xF1, 0xFE, 0x3F,
    0xC7, 0xF8, 0xFF, 0x1E, 0x00, 0x03, 0x80, 0xF0, 0x3C, 0x07, 0x00, 0x04, 0x40, 0x1D, 0xC0, 0x1F,
    0x00, 0x1C, 0x00, 0x10, 0x00, 0x00, 0x00, 0x00, 0x78, 0x0F, 0xF8, 0x1F, 0xF8, 0x3F, 0xF0, 0x7F,
    0xF0, 0xFF, 0xF1, 0xFF, 0xF3, 0xFD, 0xE7, 0xF9, 0xEF, 0xF1, 0xFF, 0xE3, 0xFF, 0xC3, 0xFF, 0x83,
    0xFF, 0x07, 0xFE, 0x07, 0xFC, 0x07, 0xF8, 0x0F, 0x11, 0x07, 0x70, 0x7C, 0x07, 0x00, 0x40, 0x00,
    0x00, 0x03, 0xF8, 0xFF, 0xDF, 0xFB, 0xCF, 0xF8, 0xFF, 0x1F, 0xE3, 0xFC, 0x7F, 0x8F, 0xF1, 0xFE,
    0x3F, 0xC7, 0xF8, 0xF0, 0x70, 0x01, 0xC0, 0x07, 0x00, 0x1C, 0x00, 0xE0, 0x01, 0x80, 0x00, 0xFE,
    0x07, 0xFC, 0x1F, 0xF8, 0x79, 0xE1, 0xE3, 0xC7, 0x8F, 0x1E, 0x3C, 0x78, 0xF1, 0xE3, 0xC7, 0x8F,
    0x1E, 0x3C, 0x78, 0xF1, 0xE3, 0xC0, 0xF0, 0x1F, 0xF0, 0x3F, 0xF0, 0x7F, 0xE0, 0xFF, 0xE1, 0xFF,
    0xE3, 0xFF, 0xE7, 0xFB, 0xCF, 0xF3, 0xDF, 0xE3, 0xFF, 0xC7, 0xFF, 0x87, 0xFF, 0x07, 0xFE, 0x0F,
    0xFC, 0x0F, 0xF8, 0x1F, 0xF0, 0x1E, 0x00, 0x3C, 0x00, 0x78, 0x07, 0xF0, 0x0F, 0xC0, 0x1F, 0x00,
    0x7F, 0x1F, 0xFB, 0xFF, 0x79, 0xFF, 0x1F, 0xE3, 0xFC, 0x7F, 0x8F, 0xF1, 0xFE, 0x3F, 0xC7, 0xF8,
    0xFF, 0x1E, 0x03, 0xC0, 0x78, 0x3F, 0x07, 0xC0, 0xF0, 0x07, 0xF8, 0x01, 0xFE, 0x00, 0x7F, 0x80,
    0x00, 0x00, 0x00, 0x00, 0x00, 0x00, 0x00, 0x3F, 0x00, 0x3F, 0xF0, 0x3F, 0xFF, 0x1F, 0x87, 0xE7,
    0x80, 0x7B, 0xE0, 0x1F, 0xF0, 0x03, 0xFC, 0x00, 0xFF, 0x00, 0x3F, 0xC0, 0x0F, 0xF0, 0x03, 0xFE,
    0x01, 0xF7, 0x80, 0x79, 0xF8, 0x7E, 0x3F, 0xFF, 0x07, 0xFF, 0x80, 0x3F, 0x00, 0x1F, 0xE0, 0xFF,
    0x07, 0xF8, 0x00, 0x00, 0x00, 0x00, 0x00, 0x3E, 0x07, 0xFC, 0x7F, 0xF3, 0xC7, 0xBC, 0x1F, 0xE0,
    0xFF, 0x07, 0xF8, 0x3F, 0xC1, 0xEF, 0x1E, 0x7F, 0xF1, 0xFF, 0x03, 0xE0, 0x07, 0x1C, 0x01, 0xCF,
    0x00, 0x3F, 0x80, 0x07, 0xC0, 0x00, 0x00, 0x00, 0x00, 0x00, 0x3F, 0x00, 0x3F, 0xF0, 0x3F, 0xFF,
    0x1F, 0x87, 0xE7, 0x80, 0x7B, 0xE0, 0x1F, 0xF0, 0x03, 0xFC, 0x00, 0xFF, 0x00, 0x3F, 0xC0, 0x0F,
    0xF0, 0x03, 0xFE, 0x01, 0xF7, 0x80, 0x79, 0xF8, 0x7E, 0x3F, 0xFF, 0x07, 0xFF, 0x80, 0x3F, 0x00,
    0x38, 0xE0, 0xE7, 0x07, 0xF8, 0x0F, 0x00, 0x00, 0x00, 0x00, 0x3E, 0x07, 0xFC, 0x7F, 0xF3, 0xC7,
    0xBC, 0x1F, 0xE0, 0xFF, 0x07, 0xF8, 0x3F, 0xC1, 0xEF, 0x1E, 0x7F, 0xF1, 0xFF, 0x03, 0xE0, 0x01,
    0x08, 0x00, 0x63, 0x00, 0x39, 0xC0, 0x0E, 0x70, 0x07, 0x38, 0x00, 0x84, 0x00, 0x00, 0x00, 0x0F,
    0xC0, 0x0F, 0xFC, 0x0F, 0xFF, 0xC7, 0xE1, 0xF9, 0xE0, 0x1E, 0xF8, 0x07, 0xFC, 0x00, 0xFF, 0x00,
    0x3F, 0xC0, 0x0F, 0xF0, 0x03, 0xFC, 0x00, 0xFF, 0x80, 0x7D, 0xE0, 0x1E, 0x7E, 0x1F, 0x8F, 0xFF,
    0xC1, 0xFF, 0xE0, 0x0F, 0xC0, 0x04, 0x20, 0x73, 0x83, 0x9C, 0x39, 0xC1, 0x8C, 0x08, 0x40, 0x00,
    0x01, 0xF0, 0x3F, 0xE3, 0xFF, 0x9E, 0x3D, 0xE0, 0xFF, 0x07, 0xF8, 0x3F, 0xC1, 0xFE, 0x0F, 0x78,
    0xF3, 0xFF, 0x8F, 0xF8, 0x1F, 0x00, 0x03, 0xFF, 0xFC, 0x3F, 0xFF, 0xF8, 0xFF, 0xFF, 0xF3, 0xF0,
    0xF0, 0x07, 0x81, 0xE0, 0x1F, 0x03, 0xC0, 0x3C, 0x07, 0x80, 0x78, 0x0F, 0xFE, 0xF0, 0x1F, 0xFD,
    0xE0, 0x3F, 0xFB, 0xC0, 0x78, 0x07, 0xC0, 0xF0, 0x07, 0x81, 0xE0, 0x0F, 0xC3, 0xC0, 0x0F, 0xFF,
    0xFF, 0x8F, 0xFF, 0xFF, 0x03, 0xFF, 0xFE, 0x0F, 0x87, 0xC1, 0xFE, 0x7F, 0x1F, 0xFF, 0xFC, 0xF1,
    0xF9, 0xFF, 0x07, 0x87, 0xF8, 0x3F, 0xFF, 0xC1, 0xFF, 0xFE, 0x0F, 0xFF, 0xF0, 0x78, 0x03, 0xC7,
    0xE0, 0x9F, 0xFF, 0xFC, 0x7F, 0xBF, 0xE0, 0xF8, 0x7E, 0x00, 0x02, 0x00, 0x1C, 0x00, 0xF0, 0x07,
    0x80, 0x1C, 0x00, 0x20, 0x00, 0x00, 0x3F, 0xE0, 0xFF, 0xE3, 0xFF, 0xCF, 0x0F, 0xBC, 0x1E, 0xF0,
    0x7B, 0xC1, 0xEF, 0x0F, 0xBF, 0xFC, 0xFF, 0xE3, 0xFF, 0x0F, 0x3E, 0x3C, 0x7C, 0xF0, 0xF3, 0xC3,
    0xEF, 0x07, 0xBC, 0x1F, 0x04, 0x07, 0x07, 0x87, 0x83, 0x80, 0x80, 0x00, 0x7F, 0xFF, 0xFF, 0xFC,
    0x1E, 0x0F, 0x07, 0x83, 0xC1, 0xE0, 0xF0, 0x78, 0x3C, 0x1E, 0x00, 0xFF, 0x83, 0xFF, 0x8F, 0xFF,
    0x3C, 0x3E, 0xF0, 0x7B, 0xC1, 0xEF, 0x07, 0xBC, 0x3E, 0xFF, 0xF3, 0xFF, 0x8F, 0xFC, 0x3C, 0xF8,
    0xF1, 0xF3, 0xC3, 0xCF, 0x0F, 0xBC, 0x1E, 0xF0, 0x7C, 0x00, 0x00, 0x1C, 0x00, 0x70, 0x07, 0xC0,
    0x1E, 0x00, 0x1F, 0xDF, 0xF7, 0xFD, 0xE0, 0x78, 0x1E, 0x07, 0x81, 0xE0, 0x78, 0x1E, 0x07, 0x81,
    0xE0, 0x78, 0x00, 0x03, 0x80, 0xE0, 0xF8, 0x3C, 0x00, 0x08, 0x80, 0x77, 0x00, 0xF8, 0x01, 0xC0,
    0x02, 0x00, 0x00, 0x00, 0x00, 0x3F, 0xE0, 0xFF, 0xE3, 0xFF, 0xCF, 0x0F, 0xBC, 0x1E, 0xF0, 0x7B,
    0xC1, 0xEF, 0x0F, 0xBF, 0xFC, 0xFF, 0xE3, 0xFF, 0x0F, 0x3E, 0x3C, 0x7C, 0xF0, 0xF3, 0xC3, 0xEF,
    0x07, 0xBC, 0x1F, 0x22, 0x3B, 0x8F, 0x83, 0x80, 0x80, 0x00, 0x00, 0x7F, 0xFF, 0xFF, 0xFC, 0x1E,
    0x0F, 0x07, 0x83, 0xC1, 0xE0, 0xF0, 0x78, 0x3C, 0x1E, 0x00, 0x01, 0x80, 0x0E, 0x00, 0xF0, 0x0F,
    0x00, 0x70, 0x02, 0x00, 0x00, 0x03, 0xF8, 0x3F, 0xF3, 0xFF, 0x3E, 0x09, 0xE0, 0x0F, 0x00, 0x7F,
    0x01, 0xFE, 0x07, 0xFC, 0x0F, 0xF0, 0x0F, 0xC0, 0x1E, 0x00, 0xF6, 0x0F, 0xFF, 0xFB, 0xFF, 0xC7,
    0xF8, 0x04, 0x03, 0xC1, 0xF0, 0x70, 0x38, 0x04, 0x00, 0x00, 0x7E, 0x7F, 0xBF, 0xEF, 0x0B, 0xC0,
    0xFF, 0x9F, 0xF7, 0xFC, 0x0F, 0x83, 0xFF, 0xFF, 0xF9, 0xF8, 0x01, 0x00, 0x1C, 0x01, 0xF0, 0x1D,
    0xC0, 0x84, 0x00, 0x00, 0x7F, 0x07, 0xFE, 0x7F, 0xE7, 0xC1, 0x3C, 0x01, 0xE0, 0x0F, 0xE0, 0x3F,
    0xC0, 0xFF, 0x81, 0xFE, 0x01, 0xF8, 0x03, 0xC0, 0x1E, 0xC1, 0xFF, 0xFF, 0x7F, 0xF8, 0xFF, 0x00,
    0x0C, 0x07, 0x83, 0xF0, 0xCC, 0x21, 0x00, 0x01, 0xF9, 0xFE, 0xFF, 0xBC, 0x2F, 0x03, 0xFE, 0x7F,
    0xDF, 0xF0, 0x3E, 0x0F, 0xFF, 0xFF, 0xE7, 0xE0, 0x1F, 0xC1, 0xFF, 0x9F, 0xF9, 0xF0, 0x4F, 0x00,
    0x78, 0x03, 0xF8, 0x0F, 0xF0, 0x3F, 0xE0, 0x7F, 0x80, 0x7E, 0x00, 0xF0, 0x07, 0xB0, 0x7F, 0xFF,
    0xDF, 0xFE, 0x3F, 0xC0, 0x38, 0x01, 0xE0, 0x07, 0x01, 0xF8, 0x0F, 0x80, 0x1F, 0x9F, 0xEF, 0xFB,
    0xC2, 0xF0, 0x3F, 0xE7, 0xFD, 0xFF, 0x03, 0xE0, 0xFF, 0xFF, 0xFE, 0xFE, 0x07, 0x01, 0xE0, 0x38,
    0x3E, 0x0F, 0x00, 0x08, 0x40, 0x77, 0x01, 0xF0, 0x07, 0x00, 0x10, 0x00, 0x00, 0x00, 0x03, 0xF8,
    0x3F, 0xF3, 0xFF, 0x3E, 0x09, 0xE0, 0x0F, 0x00, 0x7F, 0x01, 0xFE, 0x07, 0xFC, 0x0F, 0xF0, 0x0F,
    0xC0, 0x1E, 0x00, 0xF6, 0x0F, 0xFF, 0xFB, 0xFF, 0xC7, 0xF8, 0x21, 0x0C, 0xC3, 0xF0, 0x78, 0x08,
    0x00, 0x00, 0x00, 0x7E, 0x7F, 0xBF, 0xEF, 0x0B, 0xC0, 0xFF, 0x9F, 0xF7, 0xFC, 0x0F, 0x83, 0xFF,
    0xFF, 0xF9, 0xF8, 0xFF, 0xFF, 0xFF, 0xFF, 0xFF, 0xC1, 0xE0, 0x07, 0x80, 0x1E, 0x00, 0x78, 0x01,
    0xE0, 0x07, 0x80, 0x1E, 0x00, 0x78, 0x01, 0xE0, 0x07, 0x80, 0x1E, 0x00, 0x78, 0x01, 0xE0, 0x07,
    0x80, 0x1C, 0x00, 0x70, 0x00, 0xE0, 0x03, 0x80, 0x3E, 0x00, 0xF0, 0x00, 0x70, 0x78, 0x3C, 0x1E,
    0x0F, 0xF7, 0xFB, 0xFD, 0xE0, 0xF0, 0x78, 0x3C, 0x1E, 0x0F, 0x07, 0xC1, 0xFC, 0xFE, 0x3F, 0x07,
    0x01, 0xC0, 0xE1, 0xF0, 0xF0, 0x08, 0x40, 0x3B, 0x80, 0x7C, 0x00, 0xE0, 0x01, 0x00, 0x00, 0x00,
    0x00, 0x3F, 0xFF, 0xFF, 0xFF, 0xFF, 0xF0, 0x78, 0x01, 0xE0, 0x07, 0x80, 0x1E, 0x00, 0x78, 0x01,
    0xE0, 0x07, 0x80, 0x1E, 0x00, 0x78, 0x01, 0xE0, 0x07, 0x80, 0x1E, 0x00, 0x78, 0x01, 0xE0, 0x07,
    0x03, 0x9D, 0xDE, 0xEF, 0x67, 0x83, 0xFD, 0xFE, 0xFF, 0x78, 0x3C, 0x1E, 0x0F, 0x07, 0x83, 0xC1,
    0xF0, 0xFF, 0x3F, 0x8F, 0xC0, 0xFF, 0xFF, 0xFF, 0xFF, 0xFF, 0xC1, 0xE0, 0x07, 0x80, 0x1E, 0x00,
    0x78, 0x1F, 0xFE, 0x7F, 0xF9, 0xFF, 0xE0, 0x78, 0x01, 0xE0, 0x07, 0x80, 0x1E, 0x00, 0x78, 0x01,
    0xE0, 0x07, 0x80, 0x70, 0xF0, 0xF0, 0xF0, 0xFF, 0xFF, 0xFF, 0xF0, 0xF0, 0xFE, 0xFE, 0xF0, 0xF0,
    0xF0, 0xFF, 0x7F, 0x3F, 0x0E, 0x40, 0x7F, 0x83, 0xFE, 0x04, 0x70, 0x00, 0x00, 0x00, 0x0F, 0x03,
    0xFC, 0x0F, 0xF0, 0x3F, 0xC0, 0xFF, 0x03, 0xFC, 0x0F, 0xF0, 0x3F, 0xC0, 0xFF, 0x03, 0xFC, 0x0F,
    0xF0, 0x3F, 0xC0, 0xFF, 0x03, 0xDE, 0x1E, 0x7F, 0xF8, 0xFF, 0xC0, 0xFC, 0x00, 0x39, 0x8F, 0xF1,
    0xFE, 0x13, 0x80, 0x00, 0x00, 0x3C, 0x7F, 0x8F, 0xF1, 0xFE, 0x3F, 0xC7, 0xF8, 0xFF, 0x1F, 0xE3,
    0xFC, 0x7F, 0xCF, 0x7F, 0xEF, 0xFC, 0x7F, 0x00, 0x1F, 0xE0, 0x7F, 0x81, 0xFE, 0x00, 0x00, 0x00,
    0x00, 0x00, 0x0F, 0x03, 0xFC, 0x0F, 0xF0, 0x3F, 0xC0, 0xFF, 0x03, 0xFC, 0x0F, 0xF0, 0x3F, 0xC0,
    0xFF, 0x03, 0xFC, 0x0F, 0xF0, 0x3F, 0xC0, 0xFF, 0x03, 0xDE, 0x1E, 0x7F, 0xF8, 0xFF, 0xC0, 0xFC,
    0x00, 0x3F, 0xC7, 0xF8, 0xFF, 0x00, 0x00, 0x00, 0x00, 0x3C, 0x7F, 0x8F, 0xF1, 0xFE, 0x3F, 0xC7,
    0xF8, 0xFF, 0x1F, 0xE3, 0xFC, 0x7F, 0xCF, 0x7F, 0xEF, 0xFC, 0x7F, 0x00, 0x1C, 0x70, 0x73, 0x81,
    0xFE, 0x01, 0xF0, 0x00, 0x00, 0x00, 0x0F, 0x03, 0xFC, 0x0F, 0xF0, 0x3F, 0xC0, 0xFF, 0x03, 0xFC,
    0x0F, 0xF0, 0x3F, 0xC0, 0xFF, 0x03, 0xFC, 0x0F, 0xF0, 0x3F, 0xC0, 0xFF, 0x03, 0xDE, 0x1E, 0x7F,
    0xF8, 0xFF, 0xC0, 0xFC, 0x00, 0x71, 0xCF, 0x38, 0xFE, 0x0F, 0x80, 0x00, 0x00, 0x3C, 0x7F, 0x8F,
    0xF1, 0xFE, 0x3F, 0xC7, 0xF8, 0xFF, 0x1F, 0xE3, 0xFC, 0x7F, 0xCF, 0x7F, 0xEF, 0xFC, 0x7F, 0x00,
    0x07, 0x80, 0x3E, 0x00, 0xCC, 0x03, 0x30, 0x0F, 0x80, 0x1E, 0x0F, 0x03, 0xFC, 0x0F, 0xF0, 0x3F,
    0xC0, 0xFF, 0x03, 0xFC, 0x0F, 0xF0, 0x3F, 0xC0, 0xFF, 0x03, 0xFC, 0x0F, 0xF0, 0x3F, 0xC0, 0xFF,
    0x03, 0xDE, 0x1E, 0x7F, 0xF8, 0xFF, 0xC0, 0xFC, 0x00, 0x0E, 0x03, 0xE0, 0xCC, 0x19, 0x81, 0xF0,
    0x1C, 0x00, 0x07, 0x8F, 0xF1, 0xFE, 0x3F, 0xC7, 0xF8, 0xFF, 0x1F, 0xE3, 0xFC, 0x7F, 0x8F, 0xF9,
    0xEF, 0xFD, 0xFF, 0x8F, 0xE0, 0x04, 0x20, 0x18, 0xC0, 0xE7, 0x03, 0x18, 0x1C, 0xE0, 0x21, 0x00,
    0x00, 0x3C, 0x0F, 0xF0, 0x3F, 0xC0, 0xFF, 0x03, 0xFC, 0x0F, 0xF0, 0x3F, 0xC0, 0xFF, 0x03, 0xFC,
    0x0F, 0xF0, 0x3F, 0xC0, 0xFF, 0x03, 0xFC, 0x0F, 0x78, 0x79, 0xFF, 0xE3, 0xFF, 0x03, 0xF0, 0x10,
    0x83, 0x18, 0xF7, 0x9C, 0xE7, 0x38, 0x42, 0x00, 0x07, 0x8F, 0xF1, 0xFE, 0x3F, 0xC7, 0xF8, 0xFF,
    0x1F, 0xE3, 0xFC, 0x7F, 0x8F, 0xF9, 0xEF, 0xFD, 0xFF, 0x8F, 0xE0, 0xF0, 0x3F, 0xC0, 0xFF, 0x03,
    0xFC, 0x0F, 0xF0, 0x3F, 0xC0, 0xFF, 0x03, 0xFC, 0x0F, 0xF0, 0x3F, 0xC0, 0xFF, 0x03, 0xFC, 0x0F,
    0xF0, 0x3D, 0xE1, 0xE7, 0xFF, 0x8F, 0xFC, 0x0F, 0xC0, 0x0E, 0x00, 0x70, 0x01, 0xF0, 0x07, 0xC0,
    0x0F, 0x00, 0xF1, 0xFE, 0x3F, 0xC7, 0xF8, 0xFF, 0x1F, 0xE3, 0xFC, 0x7F, 0x8F, 0xF1, 0xFF, 0x3D,
    0xFF, 0xBF, 0xF1, 0xFE, 0x03, 0x80, 0xE0, 0x1F, 0x03, 0xE0, 0x3C, 0x00, 0x10, 0x00, 0x00, 0x70,
    0x00, 0x01, 0xF0, 0x00, 0x07, 0x70, 0x00, 0x04, 0x40, 0x00, 0x00, 0x00, 0x3C, 0x00, 0x07, 0xF8,
    0x00, 0x0F, 0xF8, 0x38, 0x3E, 0xF0, 0x78, 0x79, 0xE1, 0xF0, 0xF3, 0xC3, 0xE1, 0xE7, 0x87, 0xE3,
    0xCF, 0x1D, 0xCF, 0x8F, 0x3B, 0x9F, 0x1E, 0x77, 0xBC, 0x3D, 0xC7, 0x78, 0x7B, 0x8E, 0xF0, 0xFE,
    0x1F, 0xE0, 0xFC, 0x1F, 0x81, 0xF8, 0x3F, 0x03, 0xE0, 0x7E, 0x07, 0xC0, 0x7C, 0x00, 0x00, 0x40,
    0x00, 0x1C, 0x00, 0x07, 0xC0, 0x01, 0xDC, 0x00, 0x11, 0x00, 0x00, 0x00, 0x3C, 0x38, 0x7F, 0x87,
    0x0F, 0x71, 0xF1, 0xCF, 0x3E, 0x79, 0xE7, 0xCF, 0x3C, 0xFD, 0xE3, 0xBB, 0xB8, 0x77, 0x77, 0x0F,
    0xCF, 0xE0, 0xF8, 0xF8, 0x1F, 0x1F, 0x03, 0xC1, 0xE0, 0x38, 0x38, 0x00, 0x01, 0x00, 0x03, 0x80,
    0x07, 0xC0, 0x0E, 0xE0, 0x04, 0x20, 0x00, 0x00, 0xF8, 0x1F, 0x78, 0x1E, 0x7C, 0x3E, 0x3C, 0x3C,
    0x3E, 0x7C, 0x1F, 0xF8, 0x0F, 0xF0, 0x0F, 0xF0, 0x07, 0xE0, 0x07, 0xE0, 0x03, 0xC0, 0x03, 0xC0,
    0x03, 0xC0, 0x03, 0xC0, 0x03, 0xC0, 0x03, 0xC0, 0x03, 0xC0, 0x02, 0x00, 0x38, 0x03, 0xE0, 0x3B,
    0x80, 0x88, 0x00, 0x03, 0xC1, 0xFF, 0x1F, 0x78, 0xF3, 0xC7, 0x9E, 0x3C, 0x7B, 0xC3, 0xDE, 0x1E,
    0xF0, 0x77, 0x03, 0xF8, 0x1F, 0xC0, 0x7C, 0x03, 0xE0, 0x1E, 0x01, 0xF0, 0x7F, 0x03, 0xF8, 0x1F,
    0x00, 0x1C, 0x70, 0x1E, 0x78, 0x1E, 0x78, 0x1C, 0x70, 0x00, 0x00, 0x00, 0x00, 0xF8, 0x1F, 0x78,
    0x1E, 0x7C, 0x3E, 0x3C, 0x3C, 0x3E, 0x7C, 0x1F, 0xF8, 0x0F, 0xF0, 0x0F, 0xF0, 0x07, 0xE0, 0x07,
    0xE0, 0x03, 0xC0, 0x03, 0xC0, 0x03, 0xC0, 0x03, 0xC0, 0x03, 0xC0, 0x03, 0xC0, 0x03, 0xC0, 0x01,
    0x00, 0x1C, 0x01, 0xE0, 0x1E, 0x00, 0xE0, 0x02, 0x00, 0x00, 0x1F, 0xFF, 0xFF, 0xFF, 0xFF, 0xC0,
    0x7C, 0x03, 0xC0, 0x3E, 0x03, 0xE0, 0x1E, 0x01, 0xF0, 0x1F, 0x00, 0xF0, 0x0F, 0x80, 0xF8, 0x07,
    0xC0, 0x7F, 0xFF, 0xFF, 0xFF, 0xFF, 0x02, 0x00, 0xF0, 0x1E, 0x07, 0x80, 0xC0, 0x10, 0x00, 0x07,
    0xFF, 0xFF, 0xFF, 0xFC, 0x1F, 0x07, 0xC0, 0xF8, 0x3E, 0x0F, 0x83, 0xF0, 0x7C, 0x1F, 0xFF, 0xFF,
    0xFF, 0xF0, 0x07, 0x00, 0x38, 0x01, 0xC0, 0x0E, 0x00, 0x00, 0x00, 0x03, 0xFF, 0xFF, 0xFF, 0xFF,
    0xF8, 0x0F, 0x80, 0x78, 0x07, 0xC0, 0x7C, 0x03, 0xC0, 0x3E, 0x03, 0xE0, 0x1E, 0x01, 0xF0, 0x1F,
    0x00, 0xF8, 0x0F, 0xFF, 0xFF, 0xFF, 0xFF, 0xE0, 0x0E, 0x03, 0xC0, 0x78, 0x07, 0x00, 0x00, 0x00,
    0x3F, 0xFF, 0xFF, 0xFF, 0xE0, 0xF8, 0x3E, 0x07, 0xC1, 0xF0, 0x7C, 0x1F, 0x83, 0xE0, 0xFF, 0xFF,
    0xFF, 0xFF, 0x80, 0x08, 0x80, 0xEE, 0x03, 0xE0, 0x0E, 0x00, 0x20, 0x00, 0x00, 0x00, 0x1F, 0xFF,
    0xFF, 0xFF, 0xFF, 0xC0, 0x7C, 0x03, 0xC0, 0x3E, 0x03, 0xE0, 0x1E, 0x01, 0xF0, 0x1F, 0x00, 0xF0,
    0x0F, 0x80, 0xF8, 0x07, 0xC0, 0x7F, 0xFF, 0xFF, 0xFF, 0xFF, 0x10, 0x83, 0x70, 0x7E, 0x07, 0x00,
    0x40, 0x00, 0x00, 0x07, 0xFF, 0xFF, 0xFF, 0xFC, 0x1F, 0x07, 0xC0, 0xF8, 0x3E, 0x0F, 0x83, 0xF0,
    0x7C, 0x1F, 0xFF, 0xFF, 0xFF, 0xF0, 0x1F, 0xBF, 0xDF, 0xFF, 0x0F, 0x07, 0x83, 0xC1, 0xE0, 0xF0,
    0x78, 0x3C, 0x1E, 0x0F, 0x07, 0x83, 0xC1, 0xE0, 0xF0, 0x78, 0x3C, 0x00, 0x00, 0x00, 0x04, 0x40,
    0x00, 0x00, 0x77, 0x00, 0x00, 0x01, 0xF0, 0x00, 0x00, 0x07, 0x00, 0x00, 0x00, 0x10, 0x00, 0x00,
    0x00, 0x00, 0x00, 0x00, 0x00, 0x1F, 0xF0, 0x1F, 0xFF, 0xFF, 0xF0, 0xFF, 0xFF, 0xFF, 0xC7, 0xFF,
    0xFC, 0x3F, 0x00, 0x3D, 0xE0, 0x78, 0x03, 0xEF, 0x03, 0xE0, 0x3E, 0x78, 0x0F, 0x01, 0xE3, 0xC0,
    0x78, 0x1F, 0x1E, 0x03, 0xC1, 0xF0, 0xF0, 0x1E, 0x1F, 0x07, 0x80, 0xF0, 0xF8, 0x3C, 0x0F, 0x8F,
    0x81, 0xE0, 0x78, 0x78, 0x0F, 0x0F, 0xC7, 0xC0, 0x7F, 0xFC, 0x7F, 0xFF, 0xFF, 0x83, 0xFF, 0xFF,
    0xF0, 0x1F, 0xFF, 0x00, 0x00, 0x08, 0x80, 0x00, 0x01, 0xDC, 0x00, 0x00, 0x0F, 0x8F, 0xF8, 0x00,
    0x70, 0xFF, 0xF0, 0x02, 0x0F, 0xFF, 0x80, 0x00, 0xF0, 0xFC, 0x00, 0x0F, 0x03, 0xC7, 0xFF, 0xF0,
    0x3E, 0x7F, 0xFF, 0x01, 0xE7, 0xFF, 0xF0, 0x1E, 0x03, 0xEF, 0x01, 0xE0, 0x7C, 0xF0, 0x1E, 0x0F,
    0xCF, 0x01, 0xE0, 0xF8, 0xF0, 0x3E, 0x1F, 0x0F, 0x03, 0xC3, 0xF0, 0xF0, 0xFC, 0x3E, 0x0F, 0xFF,
    0x87, 0xFF, 0xFF, 0xE0, 0x7F, 0xFF, 0xF8, 0x07, 0xFF, 0x00, 0x00, 0x22, 0x00, 0x1C, 0x1D, 0xC0,
    0x0F, 0x03, 0xE0, 0x03, 0xC0, 0x70, 0x00, 0xF0, 0x08, 0x00, 0x3C, 0x00, 0x00, 0x0F, 0x00, 0x00,
    0x7F, 0xC7, 0xFF, 0x3F, 0xF1, 0xFF, 0xDF, 0xFC, 0x7F, 0xFF, 0x8F, 0x00, 0xFB, 0xC3, 0xC0, 0x7C,
    0xF0, 0xF0, 0x3F, 0x3C, 0x3C, 0x0F, 0x8F, 0x0F, 0x07, 0xC3, 0xC3, 0xC3, 0xF0, 0x78, 0xF0, 0xF8,
    0x1F, 0xFC, 0x7F, 0xF3, 0xFF, 0x1F, 0xFC, 0x3F, 0x87, 0xFF, 0xF0, 0x00, 0x1F, 0xE0, 0x00, 0x3F,
    0xC0, 0x00, 0x7F, 0x80, 0x00, 0xFF, 0x00, 0x01, 0xFE, 0x00, 0x03, 0xFC, 0x00, 0x07, 0xF8, 0x00,
    0x0F, 0xF0, 0x00, 0x1F, 0xE0, 0x00, 0x3F, 0xC0, 0x00, 0x7F, 0x80, 0x00, 0xFF, 0x00, 0x01, 0xFE,
    0x00, 0x87, 0xFF, 0xF9, 0xFF, 0x7F, 0xF7, 0xFE, 0xFF, 0xE3, 0xF0, 0x00, 0x07, 0x80, 0x03, 0xFC,
    0x01, 0xFE, 0x00, 0xFF, 0x00, 0x07, 0x80, 0x03, 0xC0, 0x1F, 0xE0, 0x0F, 0xF0, 0x07, 0xF8, 0x03,
    0xFC, 0x01, 0xFE, 0x00, 0xFF, 0x00, 0x7F, 0x80, 0x3F, 0xC0, 0x1F, 0xE0, 0x0F, 0xFF, 0xE7, 0xFF,
    0xF3, 0xFF, 0xF9, 0xE0, 0x00, 0xF0, 0x00, 0x78, 0x03, 0xF8, 0x01, 0xFC, 0x00, 0xF8, 0x71, 0xDE,
    0x7F, 0xC7, 0xF8, 0xEF, 0x01, 0xE0, 0x3C, 0x7F, 0x8F, 0xF1, 0xFE, 0x3F, 0xC7, 0xF8, 0xFF, 0x1F,
    0xE3, 0xFC, 0x7F, 0xCF, 0xFD, 0xEF, 0xBC, 0xF7, 0x80, 0xF0, 0x3E, 0x3F, 0x87, 0xF0, 0xF8, 0xF0,
    0x1E, 0x00, 0xFF, 0x81, 0xE0, 0x0F, 0xFC, 0x1E, 0x00, 0xFF, 0xC1, 0xE0, 0x0F, 0xFE, 0x1E, 0x00,
    0xFF, 0xF1, 0xE0, 0x0F, 0xFF, 0x9E, 0x00, 0xFF, 0x79, 0xE0, 0x0F, 0xF3, 0xDE, 0x00, 0xFF, 0x1F,
    0xE0, 0x0F, 0xF1, 0xFE, 0x00, 0xFF, 0x0F, 0xE0, 0x0F, 0xF0, 0x7E, 0x00, 0xFF, 0x07, 0xE2, 0x1E,
    0xF0, 0x3E, 0x7F, 0xEF, 0x01, 0xE7, 0xFC, 0xF0, 0x1E, 0x1F, 0x80, 0x00, 0x00, 0x38, 0x00, 0x01,
    0xFF, 0x01, 0xE7, 0xFE, 0x07, 0x8E, 0xFC, 0x1E, 0x03, 0xF0, 0x78, 0x0F, 0xE1, 0xE3, 0xFF, 0xC7,
    0x8F, 0xFF, 0x9E, 0x3F, 0xDE, 0x78, 0xFF, 0x3D, 0xE3, 0xFC, 0x7F, 0x8F, 0xF1, 0xFE, 0x3F, 0xC3,
    0xF8, 0xFF, 0x07, 0xE3, 0xFC, 0x1F, 0x8F, 0xF0, 0x3E, 0x3F, 0xC0, 0x78, 0xFF, 0x01, 0xE3, 0xC0,
    0x00, 0x0F, 0x00, 0x00, 0x7C, 0x00, 0x0F, 0xE0, 0x00, 0x3F, 0x80, 0x00, 0xF8, 0x00, 0x03, 0x80,
    0x01, 0xF0, 0x00, 0x7C, 0x00, 0x0E, 0x00, 0x00, 0x00, 0x00, 0x07, 0xF0, 0x3F, 0xFF, 0x0F, 0xFF,
    0xC3, 0xFC, 0xF8, 0xFF, 0x1E, 0x3F, 0xC7, 0x8F, 0xF1, 0xE3, 0xFC, 0x78, 0xFF, 0x1E, 0x3F, 0xC7,
    0x8F, 0xF1, 0xE3, 0xFC, 0x78, 0xFF, 0x1E, 0x3C, 0x00, 0x0F, 0x00, 0x07, 0xC0, 0x0F, 0xE0, 0x03,
    0xF8, 0x00, 0xF8, 0x02, 0x20, 0x03, 0xB8, 0x00, 0xF8, 0x00, 0x38, 0x00, 0x08, 0x00, 0x00, 0x00,
    0x00, 0x00, 0x07, 0xC0, 0x03, 0xE0, 0x03, 0xF8, 0x01, 0xFC, 0x00, 0xEE, 0x00, 0xF7, 0x80, 0x7B,
    0xC0, 0x78, 0xF0, 0x3C, 0x78, 0x1E, 0x3C, 0x1F, 0xFF, 0x0F, 0xFF, 0x87, 0xFF, 0xC7, 0x80, 0xF3,
    0xC0, 0x7B, 0xE0, 0x3D, 0xE0, 0x0F, 0x11, 0x07, 0x70, 0x7C, 0x07, 0x00, 0x40, 0x00, 0x00, 0x03,
    0xF8, 0x7F, 0xCF, 0xFD, 0x0F, 0x80, 0xF3, 0xFE, 0xFF, 0xFF, 0xFF, 0x8F, 0xF1, 0xFF, 0xFD, 0xFF,
    0x9F, 0xE0, 0x45, 0xDD, 0xF1, 0xC1, 0x00, 0x00, 0x3C, 0x78, 0xF1, 0xE3, 0xC7, 0x8F, 0x1E, 0x3C,
    0x78, 0xF1, 0xE3, 0xC7, 0x8F, 0x1E, 0x3C, 0x85, 0xDD, 0xF1, 0xC1, 0x00, 0x00, 0x3C, 0x78, 0xF1,
    0xE3, 0xC7, 0x8F, 0x1E, 0x3C, 0x78, 0xF1, 0xE3, 0xC0, 0x01, 0x10, 0x00, 0xEE, 0x00, 0x1F, 0x00,
    0x03, 0x80, 0x00, 0x40, 0x00, 0x00, 0x00, 0x00, 0x00, 0x0F, 0xC0, 0x0F, 0xFC, 0x0F, 0xFF, 0xC7,
    0xE1, 0xF9, 0xE0, 0x1E, 0xF8, 0x07, 0xFC, 0x00, 0xFF, 0x00, 0x3F, 0xC0, 0x0F, 0xF0, 0x03, 0xFC,
    0x00, 0xFF, 0x80, 0x7D, 0xE0, 0x1E, 0x7E, 0x1F, 0x8F, 0xFF, 0xC1, 0xFF, 0xE0, 0x0F, 0xC0, 0x10,
    0x80, 0xCC, 0x07, 0xE0, 0x1E, 0x00, 0x20, 0x00, 0x00, 0x00, 0x01, 0xF0, 0x3F, 0xE3, 0xFF, 0x9E,
    0x3D, 0xE0, 0xFF, 0x07, 0xF8, 0x3F, 0xC1, 0xFE, 0x0F, 0x78, 0xF3, 0xFF, 0x8F, 0xF8, 0x1F, 0x00,
    0x04, 0x40, 0x3B, 0x80, 0x7C, 0x00, 0xE0, 0x01, 0x00, 0x00, 0x00, 0x00, 0x3C, 0x0F, 0xF0, 0x3F,
    0xC0, 0xFF, 0x03, 0xFC, 0x0F, 0xF0, 0x3F, 0xC0, 0xFF, 0x03, 0xFC, 0x0F, 0xF0, 0x3F, 0xC0, 0xFF,
    0x03, 0xFC, 0x0F, 0x78, 0x79, 0xFF, 0xE3, 0xFF, 0x03, 0xF0, 0x11, 0x07, 0x70, 0x7C, 0x07, 0x00,
    0x40, 0x00, 0x00, 0x07, 0x8F, 0xF1, 0xFE, 0x3F, 0xC7, 0xF8, 0xFF, 0x1F, 0xE3, 0xFC, 0x7F, 0x8F,
    0xF9, 0xEF, 0xFD, 0xFF, 0x8F, 0xE0, 0x0F, 0xC0, 0x3F, 0x00, 0x00, 0x07, 0x38, 0x1C, 0xE0, 0x73,
    0x80, 0x00, 0x00, 0x00, 0xF0, 0x3F, 0xC0, 0xFF, 0x03, 0xFC, 0x0F, 0xF0, 0x3F, 0xC0, 0xFF, 0x03,
    0xFC, 0x0F, 0xF0, 0x3F, 0xC0, 0xFF, 0x03, 0xFC, 0x0F, 0xF0, 0x3D, 0xE1, 0xE7, 0xFF, 0x8F, 0xFC,
    0x0F, 0xC0, 0x1F, 0x83, 0xF0, 0x00, 0x18, 0xC3, 0x9C, 0x63, 0x00, 0x00, 0x00, 0xF1, 0xFE, 0x3F,
    0xC7, 0xF8, 0xFF, 0x1F, 0xE3, 0xFC, 0x7F, 0x8F, 0xF1, 0xFF, 0x3D, 0xFF, 0xBF, 0xF1, 0xFC, 0x01,
    0x00, 0x0E, 0x00, 0x78, 0x0F, 0xB8, 0x38, 0xE0, 0xE3, 0x80, 0x00, 0x3C, 0x0F, 0xF0, 0x3F, 0xC0,
    0xFF, 0x03, 0xFC, 0x0F, 0xF0, 0x3F, 0xC0, 0xFF, 0x03, 0xFC, 0x0F, 0xF0, 0x3F, 0xC0, 0xFF, 0x03,
    0xFC, 0x0F, 0x78, 0x79, 0xFF, 0xE3, 0xFF, 0x03, 0xF0, 0x01, 0x00, 0x70, 0x0E, 0x03, 0x83, 0x6C,
    0xF3, 0xCC, 0x30, 0x00, 0x00, 0x1E, 0x3F, 0xC7, 0xF8, 0xFF, 0x1F, 0xE3, 0xFC, 0x7F, 0x8F, 0xF1,
    0xFE, 0x3F, 0xE7, 0xBF, 0xF7, 0xFE, 0x3F, 0x80, 0x08, 0x80, 0x77, 0x00, 0x78, 0x06, 0x98, 0x38,
    0xE0, 0x61, 0x80, 0x00, 0x3C, 0x0F, 0xF0, 0x3F, 0xC0, 0xFF, 0x03, 0xFC, 0x0F, 0xF0, 0x3F, 0xC0,
    0xFF, 0x03, 0xFC, 0x0F, 0xF0, 0x3F, 0xC0, 0xFF, 0x03, 0xFC, 0x0F, 0x78, 0x79, 0xFF, 0xE3, 0xFF,
    0x03, 0xF0, 0x33, 0x07, 0xE0, 0x78, 0x36, 0xC7, 0x1C, 0xC3, 0x00, 0x00, 0x00, 0xF1, 0xFE, 0x3F,
    0xC7, 0xF8, 0xFF, 0x1F, 0xE3, 0xFC, 0x7F, 0x8F, 0xF1, 0xFF, 0x3D, 0xFF, 0xBF, 0xF1, 0xFC, 0x04,
    0x00, 0x38, 0x00, 0x70, 0x06, 0xD8, 0x38, 0xE0, 0x61, 0x80, 0x00, 0x3C, 0x0F, 0xF0, 0x3F, 0xC0,
    0xFF, 0x03, 0xFC, 0x0F, 0xF0, 0x3F, 0xC0, 0xFF, 0x03, 0xFC, 0x0F, 0xF0, 0x3F, 0xC0, 0xFF, 0x03,
    0xFC, 0x0F, 0x78, 0x79, 0xFF, 0xE3, 0xFF, 0x03, 0xF0, 0x08, 0x03, 0x80, 0x70, 0x07, 0x03, 0x6C,
    0xF3, 0xCC, 0x30, 0x00, 0x00, 0x1E, 0x3F, 0xC7, 0xF8, 0xFF, 0x1F, 0xE3, 0xFC, 0x7F, 0x8F, 0xF1,
    0xFE, 0x3F, 0xE7, 0xBF, 0xF7, 0xFE, 0x3F, 0x80, 0x3F, 0x83, 0xFF, 0x1F, 0xFC, 0x81, 0xE0, 0x07,
    0xFF, 0xFF, 0xFF, 0xFF, 0xFF, 0xF0, 0x7F, 0xC7, 0x9F, 0xFC, 0x7F, 0xC1, 0xF8, 0x00, 0x07, 0xE0,
    0x03, 0xF0, 0x00, 0x00, 0x00, 0xC6, 0x00, 0xE7, 0x00, 0x31, 0x80, 0x00, 0x00, 0x00, 0x00, 0x03,
    0xE0, 0x01, 0xF0, 0x01, 0xFC, 0x00, 0xFE, 0x00, 0x77, 0x00, 0x7B, 0xC0, 0x3D, 0xE0, 0x3C, 0x78,
    0x1E, 0x3C, 0x0F, 0x1E, 0x0F, 0xFF, 0x87, 0xFF, 0xC3, 0xFF, 0xE3, 0xC0, 0x79, 0xE0, 0x3D, 0xF0,
    0x1E, 0xF0, 0x07, 0x80, 0x1F, 0x83, 0xF0, 0x00, 0x1C, 0xE3, 0x9C, 0x73, 0x80, 0x00, 0x00, 0x7F,
    0x0F, 0xF9, 0xFF, 0xA1, 0xF0, 0x1E, 0x7F, 0xDF, 0xFF, 0xFF, 0xF1, 0xFE, 0x3F, 0xFF, 0xBF, 0xF3,
    0xFC, 0x07, 0xF0, 0x03, 0xF8, 0x00, 0x00, 0x00, 0x18, 0x00, 0x1C, 0x00, 0x06, 0x00, 0x00, 0x00,
    0x00, 0x00, 0x03, 0xE0, 0x01, 0xF0, 0x01, 0xFC, 0x00, 0xFE, 0x00, 0x77, 0x00, 0x7B, 0xC0, 0x3D,
    0xE0, 0x3C, 0x78, 0x1E, 0x3C, 0x0F, 0x1E, 0x0F, 0xFF, 0x87, 0xFF, 0xC3, 0xFF, 0xE3, 0xC0, 0x79,
    0xE0, 0x3D, 0xF0, 0x1E, 0xF0, 0x07, 0x80, 0x3F, 0x87, 0xF0, 0x00, 0x07, 0x00, 0xE0, 0x1C, 0x00,
    0x00, 0x00, 0x7F, 0x0F, 0xF9, 0xFF, 0xA1, 0xF0, 0x1E, 0x7F, 0xDF, 0xFF, 0xFF, 0xF1, 0xFE, 0x3F,
    0xFF, 0xBF, 0xF3, 0xFC, 0x00, 0x1F, 0xE0, 0x00, 0x1F, 0xE0, 0x00, 0x1F, 0xE0, 0x00, 0x00, 0x00,
    0x00, 0x00, 0x00, 0x00, 0x00, 0x00, 0x00, 0x7F, 0xFE, 0x00, 0xFF, 0xFE, 0x00, 0xFF, 0xFE, 0x01,
    0xFF, 0x00, 0x01, 0xEF, 0x00, 0x03, 0xEF, 0x00, 0x03, 0xCF, 0x00, 0x07, 0xCF, 0xFE, 0x0F, 0x8F,
    0xFE, 0x0F, 0x8F, 0xFE, 0x1F, 0xFF, 0x00, 0x1F, 0xFF, 0x00, 0x3F, 0xFF, 0x00, 0x3C, 0x0F, 0x00,
    0x7C, 0x0F, 0xFF, 0x78, 0x0F, 0xFF, 0xF8, 0x0F, 0xFF, 0x03, 0xFC, 0x00, 0x3F, 0xC0, 0x03, 0xFC,
    0x00, 0x00, 0x00, 0x00, 0x00, 0x00, 0x00, 0x00, 0x3F, 0x8F, 0x87, 0xFF, 0xFC, 0x3F, 0xFF, 0xE0,
    0x1F, 0x9E, 0x00, 0xF0, 0xF1, 0xFF, 0xFF, 0x7F, 0xFF, 0xFF, 0xFF, 0xFF, 0xF0, 0xF0, 0x0F, 0x07,
    0x82, 0xFF, 0xFF, 0xE7, 0xFF, 0xFE, 0x3F, 0x8F, 0xC0, 0x03, 0xF8, 0x0F, 0xFF, 0x0F, 0xFF, 0x0F,
    0xC1, 0x87, 0x80, 0x07, 0xC0, 0x03, 0xC0, 0x01, 0xE0, 0x3C, 0xF0, 0x1E, 0x78, 0x7F, 0xFC, 0x3F,
    0xFF, 0x1F, 0xF7, 0x81, 0xE3, 0xF0, 0xF0, 0xFF, 0xF8, 0x3F, 0xFC, 0x07, 0xFC, 0x00, 0x0F, 0xE0,
    0xFF, 0xC7, 0xFF, 0x1E, 0x3C, 0xF0, 0xF3, 0xCF, 0xFF, 0x3F, 0xFC, 0x3C, 0xF0, 0xF3, 0xE3, 0xC7,
    0xFF, 0x0F, 0xFC, 0x1F, 0xF0, 0x03, 0xC4, 0x1F, 0x1F, 0xF8, 0x7F, 0xC1, 0xFE, 0x00, 0x02, 0x20,
    0x0E, 0xE0, 0x0F, 0x80, 0x0E, 0x00, 0x08, 0x00, 0x00, 0x00, 0x00, 0x01, 0xFC, 0x0F, 0xFE, 0x7F,
    0xFD, 0xF8, 0x33, 0xC0, 0x0F, 0x80, 0x1E, 0x00, 0x3C, 0x00, 0x78, 0x0F, 0xF0, 0x1F, 0xE0, 0x3F,
    0xE0, 0x7B, 0xC0, 0xF7, 0xE1, 0xE7, 0xFF, 0xC7, 0xFF, 0x83, 0xFE, 0x08, 0x81, 0xDC, 0x0F, 0x80,
    0x70, 0x02, 0x00, 0x00, 0x00, 0x00, 0xFE, 0x3F, 0xF7, 0xFF, 0x78, 0xFF, 0x0F, 0xF0, 0xFF, 0x0F,
    0xF0, 0xFF, 0x0F, 0xF8, 0xF7, 0xFF, 0x3F, 0xF1, 0xFF, 0x00, 0xF4, 0x1F, 0x7F, 0xE7, 0xFC, 0x7F,
    0x80, 0x08, 0x40, 0x1D, 0xC0, 0x1F, 0x00, 0x1C, 0x00, 0x10, 0x00, 0x00, 0x00, 0x00, 0x78, 0x3E,
    0xF0, 0xF9, 0xE3, 0xE3, 0xCF, 0x87, 0xBE, 0x0F, 0xF8, 0x1F, 0xE0, 0x3F, 0x80, 0x7F, 0x80, 0xFF,
    0x81, 0xEF, 0x83, 0xCF, 0x07, 0x9F, 0x0F, 0x1F, 0x1E, 0x1F, 0x3C, 0x1F, 0x78, 0x1F, 0x84, 0x0E,
    0xE0, 0xFC, 0x03, 0x80, 0x10, 0x00, 0x00, 0x70, 0x0F, 0x00, 0xF0, 0x0F, 0x00, 0xF0, 0x0F, 0x00,
    0xF1, 0xFF, 0x3E, 0xF7, 0xCF, 0xF8, 0xFF, 0x0F, 0xE0, 0xFF, 0x0F, 0xF8, 0xF7, 0x8F, 0x7C, 0xF3,
    0xEF, 0x1E, 0xF1, 0xF0, 0x03, 0xF0, 0x03, 0xFF, 0x03, 0xFF, 0xF1, 0xF8, 0x7E, 0x78, 0x07, 0xBE,
    0x01, 0xFF, 0x00, 0x3F, 0xC0, 0x0F, 0xF0, 0x03, 0xFC, 0x00, 0xFF, 0x00, 0x3F, 0xE0, 0x1F, 0x78,
    0x07, 0x9F, 0x87, 0xC3, 0xFF, 0xE0, 0x7F, 0xF0, 0x03, 0xF0, 0x00, 0x38, 0x00, 0x1C, 0x00, 0x07,
    0xC0, 0x01, 0xF0, 0x00, 0x3C, 0x00, 0x0F, 0x81, 0xFF, 0x1F, 0xFC, 0xF1, 0xEF, 0x07, 0xF8, 0x3F,
    0xC1, 0xFE, 0x0F, 0xF0, 0x7B, 0xC7, 0x9F, 0xFC, 0x7F, 0xC0, 0xF8, 0x03, 0x80, 0x38, 0x01, 0xF0,
    0x0F, 0x80, 0x3C, 0x00, 0x07, 0xF8, 0x01, 0xFE, 0x00, 0x7F, 0x80, 0x00, 0x00, 0x00, 0x00, 0x00,
    0x00, 0x00, 0x3F, 0x00, 0x3F, 0xF0, 0x3F, 0xFF, 0x1F, 0x87, 0xE7, 0x80, 0x7B, 0xE0, 0x1F, 0xF0,
    0x03, 0xFC, 0x00, 0xFF, 0x00, 0x3F, 0xC0, 0x0F, 0xF0, 0x03, 0xFE, 0x01, 0xF7, 0x80, 0x79, 0xF8,
    0x7C, 0x3F, 0xFE, 0x07, 0xFF, 0x00, 0x3F, 0x00, 0x03, 0x80, 0x01, 0xC0, 0x00, 0x7C, 0x00, 0x1F,
    0x00, 0x03, 0xC0, 0x1F, 0xE0, 0xFF, 0x07, 0xF8, 0x00, 0x00, 0x00, 0x00, 0x00, 0x3E, 0x07, 0xFC,
    0x7F, 0xF3, 0xC7, 0xBC, 0x1F, 0xE0, 0xFF, 0x07, 0xF8, 0x3F, 0xC1, 0xEF, 0x1E, 0x7F, 0xF1, 0xFF,
    0x03, 0xE0, 0x0E, 0x00, 0xE0, 0x07, 0xC0, 0x3E, 0x00, 0xF0, 0x08, 0x40, 0xEE, 0x03, 0xF0, 0x0E,
    0x00, 0x20, 0x00, 0x00, 0x00, 0x0F, 0xFF, 0x7F, 0xFB, 0xFF, 0xC0, 0x3C, 0x03, 0xC0, 0x7C, 0x07,
    0xC0, 0x3F, 0x81, 0xFE, 0x00, 0xF8, 0x03, 0xC0, 0x1E, 0x00, 0xF6, 0x0F, 0xFF, 0xFB, 0xFF, 0x87,
    0xF0, 0x04, 0x40, 0xEE, 0x07, 0xC0, 0x38, 0x01, 0x00, 0x00, 0x00, 0x00, 0x00, 0x7F, 0xE7, 0xFE,
    0x7F, 0xE0, 0x3C, 0x03, 0xC0, 0x78, 0x0F, 0x00, 0xF0, 0x1F, 0x80, 0xFC, 0x01, 0xE0, 0x0F, 0x00,
    0xF0, 0x0F, 0x41, 0xF7, 0xFE, 0xFF, 0xE3, 0xF8, 0x08, 0x87, 0x70, 0xF8, 0x1C, 0x02, 0x00, 0x00,
    0x00, 0x3C, 0x0F, 0x03, 0xC0, 0xF0, 0x3C, 0x0F, 0x03, 0xC0, 0xF0, 0x3C, 0x0F, 0x03, 0xC0, 0xF0,
    0x3C, 0x0F, 0x03, 0xCF, 0xE3, 0xF8, 0xF8, 0x00, 0xFF, 0x80, 0xFF, 0xFF, 0xFF, 0x87, 0xFF, 0xFF,
    0xFE, 0x3F, 0xFF, 0xE1, 0xF8, 0x01, 0xEF, 0x03, 0xC0, 0x1F, 0x78, 0x1F, 0x01, 0xF3, 0xC0, 0x78,
    0x0F, 0x1E, 0x03, 0xC0, 0xF8, 0xF0, 0x1E, 0x0F, 0x87, 0x80, 0xF0, 0xF8, 0x3C, 0x07, 0x87, 0xC1,
    0xE0, 0x7C, 0x7C, 0x0F, 0x03, 0xC3, 0xC0, 0x78, 0x7E, 0x3E, 0x03, 0xFF, 0xE3, 0xFF, 0xFF, 0xFC,
    0x1F, 0xFF, 0xFF, 0x80, 0xFF, 0xF8, 0xFF, 0x80, 0x00, 0x0F, 0xFF, 0x00, 0x00, 0xFF, 0xF8, 0x00,
    0x0F, 0x0F, 0xC0, 0x00, 0xF0, 0x3C, 0x7F, 0xFF, 0x03, 0xE7, 0xFF, 0xF0, 0x1E, 0x7F, 0xFF, 0x01,
    0xE0, 0x3E, 0xF0, 0x1E, 0x07, 0xCF, 0x01, 0xE0, 0xFC, 0xF0, 0x1E, 0x0F, 0x8F, 0x03, 0xE1, 0xF0,
    0xF0, 0x3C, 0x3F, 0x0F, 0x0F, 0xC3, 0xE0, 0xFF, 0xF8, 0x7F, 0xFF, 0xFE, 0x07, 0xFF, 0xFF, 0x80,
    0x7F, 0xF0, 0x00, 0x70, 0x00, 0x00, 0x3C, 0x00, 0x00, 0x0F, 0x00, 0x00, 0x03, 0xC0, 0x00, 0x00,
    0xF0, 0x00, 0x00, 0x3C, 0x00, 0x01, 0xFF, 0x1F, 0xFC, 0xFF, 0xC7, 0xFF, 0x7F, 0xF1, 0xFF, 0xFE,
    0x3C, 0x03, 0xEF, 0x0F, 0x01, 0xF3, 0xC3, 0xC0, 0xFC, 0xF0, 0xF0, 0x3E, 0x3C, 0x3C, 0x1F, 0x0F,
    0x0F, 0x0F, 0xC1, 0xE3, 0xC3, 0xE0, 0x7F, 0xF1, 0xFF, 0xCF, 0xFC, 0x7F, 0xF0, 0xFE, 0x1F, 0xFC,
    0x00, 0x40, 0x01, 0xC0, 0x07, 0x80, 0x1E, 0x00, 0x38, 0x00, 0x20, 0x00, 0x00, 0x01, 0xFC, 0x0F,
    0xFE, 0x7F, 0xFD, 0xF8, 0x33, 0xC0, 0x0F, 0x80, 0x1E, 0x00, 0x3C, 0x00, 0x78, 0x0F, 0xF0, 0x1F,
    0xE0, 0x3F, 0xE0, 0x7B, 0xC0, 0xF7, 0xE1, 0xE7, 0xFF, 0xC7, 0xFF, 0x83, 0xFE, 0x00, 0x80, 0x1C,
    0x03, 0xC0, 0x78, 0x07, 0x00, 0x20, 0x00, 0x00, 0xFE, 0x3F, 0xF7, 0xFF, 0x78, 0xFF, 0x0F, 0xF0,
    0xFF, 0x0F, 0xF0, 0xFF, 0x0F, 0xF8, 0xF7, 0xFF, 0x3F, 0xF1, 0xFF, 0x00, 0xF4, 0x1F, 0x7F, 0xE7,
    0xFC, 0x7F, 0x80, 0xF0, 0x3C, 0x01, 0xE0, 0x78, 0x03, 0xC0, 0xF0, 0x07, 0x81, 0xE0, 0x0F, 0x03,
    0xC1, 0xFE, 0x07, 0x83, 0xFC, 0x0F, 0x07, 0xFF, 0xFE, 0x0F, 0xFF, 0xFC, 0x1F, 0xFF, 0xF8, 0x3F,
    0xC0, 0xF0, 0x7F, 0x81, 0xE0, 0xFF, 0x03, 0xC1, 0xFE, 0x07, 0xC7, 0xFC, 0x07, 0xFF, 0x78, 0x07,
    0xFC, 0xF0, 0x07, 0xF0, 0x1F, 0xC3, 0xFF, 0xCF, 0xFF, 0xBC, 0x3E, 0xF0, 0x3F, 0xC0, 0xFF, 0x03,
    0xFC, 0x0F, 0xF0, 0x3F, 0xC1, 0xEF, 0x07, 0xBC, 0x3C, 0xF1, 0xF3, 0xDF, 0x0F, 0xF8, 0x3F, 0x80,
    0xF8, 0x03, 0xC0, 0x0F, 0x00, 0x3C, 0x00, 0xF0, 0x03, 0xC0, 0x00, 0x04, 0x00, 0x1C, 0x00, 0x7C,
    0x00, 0x3C, 0x00, 0x38, 0x00, 0x20, 0x00, 0x00, 0x78, 0x0F, 0xF8, 0x1F, 0xF8, 0x3F, 0xF0, 0x7F,
    0xF0, 0xFF, 0xF1, 0xFF, 0xF3, 0xFD, 0xE7, 0xF9, 0xEF, 0xF1, 0xFF, 0xE3, 0xFF, 0xC3, 0xFF, 0x83,
    0xFF, 0x07, 0xFE, 0x07, 0xFC, 0x07, 0xF8, 0x0F, 0x10, 0x07, 0x00, 0xF0, 0x0F, 0x00, 0xE0, 0x08,
    0x00, 0x03, 0xF8, 0xFF, 0xDF, 0xFB, 0xCF, 0xF8, 0xFF, 0x1F, 0xE3, 0xFC, 0x7F, 0x8F, 0xF1, 0xFE,
    0x3F, 0xC7, 0xF8, 0xF0, 0x00, 0x40, 0x00, 0xF0, 0x00, 0xF0, 0x00, 0x20, 0x00, 0x00, 0x00, 0x0E,
    0x00, 0x0F, 0x80, 0x06, 0xC0, 0x03, 0x60, 0x01, 0xF0, 0x00, 0xF8, 0x00, 0xFE, 0x00, 0x77, 0x00,
    0x7B, 0xC0, 0x3D, 0xE0, 0x1C, 0x70, 0x1E, 0x3C, 0x0F, 0x1E, 0x07, 0x87, 0x07, 0xFF, 0xC3, 0xFF,
    0xE3, 0xFF, 0xF1, 0xE0, 0x3C, 0xF0, 0x1E, 0xF8, 0x0F, 0x78, 0x03, 0xC0, 0x02, 0x01, 0xE0, 0x78,
    0x0C, 0x00, 0x00, 0x3E, 0x06, 0xC0, 0xD8, 0x1F, 0x00, 0x00, 0x00, 0x3F, 0x87, 0xFC, 0xFF, 0xD0,
    0xF8, 0x0F, 0x3F, 0xEF, 0xFF, 0xFF, 0xF8, 0xFF, 0x1F, 0xFF, 0xDF, 0xF9, 0xFE, 0x00, 0x01, 0x00,
    0x00, 0x03, 0xC0, 0x00, 0x07, 0xC0, 0x00, 0x07, 0x00, 0x00, 0x0E, 0x00, 0x00, 0x04, 0x00, 0x00,
    0x00, 0x00, 0x00, 0x7F, 0xFE, 0x00, 0xFF, 0xFE, 0x00, 0xFF, 0xFE, 0x01, 0xFF, 0x00, 0x01, 0xEF,
    0x00, 0x03, 0xEF, 0x00, 0x03, 0xCF, 0x00, 0x07, 0xCF, 0xFE, 0x0F, 0x8F, 0xFE, 0x0F, 0x8F, 0xFE,
    0x1F, 0xFF, 0x00, 0x1F, 0xFF, 0x00, 0x3F, 0xFF, 0x00, 0x3C, 0x0F, 0x00, 0x7C, 0x0F, 0xFF, 0x78,
    0x0F, 0xFF, 0xF8, 0x0F, 0xFF, 0x00, 0x08, 0x00, 0x01, 0xC0, 0x00, 0x3C, 0x00, 0x07, 0x80, 0x00,
    0x70, 0x00, 0x02, 0x00, 0x00, 0x00, 0x03, 0xF8, 0xF8, 0x7F, 0xFF, 0xC3, 0xFF, 0xFE, 0x01, 0xF9,
    0xE0, 0x0F, 0x0F, 0x1F, 0xFF, 0xF7, 0xFF, 0xFF, 0xFF, 0xFF, 0xFF, 0x0F, 0x00, 0xF0, 0x78, 0x2F,
    0xFF, 0xFE, 0x7F, 0xFF, 0xE3, 0xF8, 0xFC, 0x00, 0x40, 0x00, 0x1C, 0x00, 0x0F, 0x00, 0x07, 0x80,
    0x01, 0xC0, 0x00, 0x40, 0x00, 0x00, 0x10, 0x0F, 0xCE, 0x0F, 0xFF, 0x8F, 0xFF, 0xC7, 0xE1, 0xF9,
    0xE0, 0x7E, 0xF8, 0x3F, 0xFC, 0x1C, 0xFF, 0x0F, 0x3F, 0xC7, 0x8F, 0xF3, 0xC3, 0xFC, 0xE0, 0xFF,
    0xF0, 0x7D, 0xF8, 0x1E, 0x7E, 0x1F, 0x8F, 0xFF, 0xC7, 0xFF, 0xE1, 0xCF, 0xC0, 0x20, 0x00, 0x00,
    0x02, 0x00, 0x3C, 0x01, 0xE0, 0x1E, 0x00, 0xC0, 0x04, 0x00, 0x00, 0x01, 0xF7, 0x3F, 0xF3, 0xFF,
    0x9E, 0x3D, 0xE3, 0xFF, 0x3F, 0xFB, 0xBF, 0xF9, 0xFF, 0x8F, 0x78, 0xF3, 0xFF, 0x9F, 0xF9, 0xDF,
    0x00, 0x00, 0x00, 0x04, 0x20, 0x06, 0x30, 0x07, 0xBC, 0x01, 0xCE, 0x00, 0x73, 0x80, 0x10, 0x80,
    0x00, 0x00, 0x07, 0xC0, 0x03, 0xE0, 0x03, 0xF8, 0x01, 0xFC, 0x00, 0xEE, 0x00, 0xF7, 0x80, 0x7B,
    0xC0, 0x78, 0xF0, 0x3C, 0x78, 0x1E, 0x3C, 0x1F, 0xFF, 0x0F, 0xFF, 0x87, 0xFF, 0xC7, 0x80, 0xF3,
    0xC0, 0x7B, 0xE0, 0x3D, 0xE0, 0x0F, 0x21, 0x0E, 0x71, 0xCE, 0x1C, 0xE1, 0x8C, 0x10, 0x80, 0x03,
    0xF8, 0x7F, 0xCF, 0xFD, 0x0F, 0x80, 0xF3, 0xFE, 0xFF, 0xFF, 0xFF, 0x8F, 0xF1, 0xFF, 0xFD, 0xFF,
    0x9F, 0xE0, 0x03, 0xE0, 0x03, 0xF8, 0x03, 0xCE, 0x01, 0xC7, 0x00, 0x00, 0x00, 0x00, 0x00, 0x0F,
    0x80, 0x07, 0xC0, 0x07, 0xF0, 0x03, 0xF8, 0x01, 0xDC, 0x01, 0xEF, 0x00, 0xF7, 0x80, 0xF1, 0xE0,
    0x78, 0xF0, 0x3C, 0x78, 0x3F, 0xFE, 0x1F, 0xFF, 0x0F, 0xFF, 0x8F, 0x01, 0xE7, 0x80, 0xF7, 0xC0,
    0x7B, 0xC0, 0x1E, 0x1F, 0x07, 0xF1, 0xC7, 0x38, 0xE0, 0x00, 0x00, 0x1F, 0xC3, 0xFE, 0x7F, 0xE8,
    0x7C, 0x07, 0x9F, 0xF7, 0xFF, 0xFF, 0xFC, 0x7F, 0x8F, 0xFF, 0xEF, 0xFC, 0xFF, 0x00, 0x21, 0x0E,
    0x70, 0xF7, 0x87, 0x38, 0x39, 0xC1, 0x08, 0x00, 0x0F, 0xFE, 0xFF, 0xEF, 0xFE, 0xF0, 0x0F, 0x00,
    0xF0, 0x0F, 0x00, 0xFF, 0xEF, 0xFE, 0xFF, 0xEF, 0x00, 0xF0, 0x0F, 0x00, 0xF0, 0x0F, 0xFF, 0xFF,
    0xFF, 0xFF, 0x10, 0x81, 0xCE, 0x0E, 0x70, 0x39, 0xC0, 0xC6, 0x02, 0x10, 0x00, 0x01, 0xF0, 0x3F,
    0xE3, 0xFF, 0x9E, 0x3D, 0xE0, 0xFF, 0xFF, 0xFF, 0xFF, 0xFF, 0xFE, 0x00, 0x78, 0x13, 0xFF, 0x8F,
    0xFC, 0x1F, 0xC0, 0x1F, 0x03, 0xF8, 0x71, 0xC7, 0x1C, 0x00, 0x00, 0x00, 0xFF, 0xEF, 0xFE, 0xFF,
    0xEF, 0x00, 0xF0, 0x0F, 0x00, 0xF0, 0x0F, 0xFE, 0xFF, 0xEF, 0xFE, 0xF0, 0x0F, 0x00, 0xF0, 0x0F,
    0x00, 0xFF, 0xFF, 0xFF, 0xFF, 0xF0, 0x07, 0xC0, 0xFF, 0x07, 0x38, 0x38, 0xE0, 0x00, 0x00, 0x00,
    0x3E, 0x07, 0xFC, 0x7F, 0xF3, 0xC7, 0xBC, 0x1F, 0xFF, 0xFF, 0xFF, 0xFF, 0xFF, 0xC0, 0x0F, 0x02,
    0x7F, 0xF1, 0xFF, 0x83, 0xF8, 0x21, 0x39, 0xCF, 0x79, 0xCE, 0x39, 0xC4, 0x20, 0x00, 0x78, 0x1E,
    0x07, 0x81, 0xE0, 0x78, 0x1E, 0x07, 0x81, 0xE0, 0x78, 0x1E, 0x07, 0x81, 0xE0, 0x78, 0x1E, 0x07,
    0x81, 0xE0, 0x78, 0x21, 0x1C, 0xE7, 0x38, 0xE7, 0x18, 0xC6, 0x30, 0x00, 0x3C, 0x0F, 0x03, 0xC0,
    0xF0, 0x3C, 0x0F, 0x03, 0xC0, 0xF0, 0x3C, 0x0F, 0x03, 0xC0, 0xF0, 0x3C, 0x3E, 0x3F, 0xBC, 0xFC,
    0x70, 0x00, 0x00, 0x78, 0x3C, 0x1E, 0x0F, 0x07, 0x83, 0xC1, 0xE0, 0xF0, 0x78, 0x3C, 0x1E, 0x0F,
    0x07, 0x83, 0xC1, 0xE0, 0xF0, 0x78, 0x3E, 0x3F, 0xB9, 0xFC, 0x70, 0x00, 0x00, 0xF0, 0x78, 0x3C,
    0x1E, 0x0F, 0x07, 0x83, 0xC1, 0xE0, 0xF0, 0x78, 0x3C, 0x1E, 0x0F, 0x00, 0x04, 0x20, 0x03, 0x9C,
    0x00, 0xE7, 0x00, 0x1C, 0xE0, 0x03, 0x18, 0x00, 0x42, 0x00, 0x00, 0x00, 0x0F, 0xC0, 0x0F, 0xFC,
    0x0F, 0xFF, 0xC7, 0xE1, 0xF9, 0xE0, 0x1E, 0xF8, 0x07, 0xFC, 0x00, 0xFF, 0x00, 0x3F, 0xC0, 0x0F,
    0xF0, 0x03, 0xFC, 0x00, 0xFF, 0x80, 0x7D, 0xE0, 0x1E, 0x7E, 0x1F, 0x8F, 0xFF, 0xC1, 0xFF, 0xE0,
    0x0F, 0xC0, 0x10, 0x81, 0xCE, 0x0E, 0x70, 0x39, 0xC0, 0xC6, 0x02, 0x10, 0x00, 0x01, 0xF0, 0x3F,
    0xE3, 0xFF, 0x9E, 0x3D, 0xE0, 0xFF, 0x07, 0xF8, 0x3F, 0xC1, 0xFE, 0x0F, 0x78, 0xF3, 0xFF, 0x8F,
    0xF8, 0x1F, 0x00, 0x01, 0xF0, 0x00, 0xFE, 0x00, 0x71, 0xC0, 0x1C, 0x70, 0x00, 0x00, 0x00, 0x00,
    0x00, 0x3F, 0x00, 0x3F, 0xF0, 0x3F, 0xFF, 0x1F, 0x87, 0xE7, 0x80, 0x7B, 0xE0, 0x1F, 0xF0, 0x03,
    0xFC, 0x00, 0xFF, 0x00, 0x3F, 0xC0, 0x0F, 0xF0, 0x03, 0xFE, 0x01, 0xF7, 0x80, 0x79, 0xF8, 0x7E,
    0x3F, 0xFF, 0x07, 0xFF, 0x80, 0x3F, 0x00, 0x0F, 0x81, 0xFE, 0x0E, 0x70, 0x71, 0xC0, 0x00, 0x00,
    0x00, 0x3E, 0x07, 0xFC, 0x7F, 0xF3, 0xC7, 0xBC, 0x1F, 0xE0, 0xFF, 0x07, 0xF8, 0x3F, 0xC1, 0xEF,
    0x1E, 0x7F, 0xF1, 0xFF, 0x03, 0xE0, 0x21, 0x01, 0xCE, 0x07, 0x38, 0x0E, 0x70, 0x18, 0xC0, 0x21,
    0x00, 0x00, 0x3F, 0xE0, 0xFF, 0xE3, 0xFF, 0xCF, 0x0F, 0xBC, 0x1E, 0xF0, 0x7B, 0xC1, 0xEF, 0x0F,
    0xBF, 0xFC, 0xFF, 0xE3, 0xFF, 0x0F, 0x3E, 0x3C, 0x7C, 0xF0, 0xF3, 0xC3, 0xEF, 0x07, 0xBC, 0x1F,
    0x42, 0x39, 0xCE, 0x71, 0xCE, 0x31, 0x84, 0x20, 0x00, 0x7F, 0x7F, 0xDF, 0xF7, 0x81, 0xE0, 0x78,
    0x1E, 0x07, 0x81, 0xE0, 0x78, 0x1E, 0x07, 0x81, 0xE0, 0x1F, 0x00, 0xFE, 0x07, 0x9C, 0x1C, 0x70,
    0x00, 0x00, 0x00, 0x0F, 0xF8, 0x3F, 0xF8, 0xFF, 0xF3, 0xC3, 0xEF, 0x07, 0xBC, 0x1E, 0xF0, 0x7B,
    0xC3, 0xEF, 0xFF, 0x3F, 0xF8, 0xFF, 0xC3, 0xCF, 0x8F, 0x1F, 0x3C, 0x3C, 0xF0, 0xFB, 0xC1, 0xEF,
    0x07, 0xC0, 0x3E, 0x3F, 0xBC, 0xFC, 0x70, 0x00, 0x00, 0xFF, 0xFF, 0xFF, 0xF8, 0x3C, 0x1E, 0x0F,
    0x07, 0x83, 0xC1, 0xE0, 0xF0, 0x78, 0x3C, 0x00, 0x10, 0x80, 0xE7, 0x03, 0x9C, 0x07, 0x38, 0x0C,
    0x60, 0x10, 0x80, 0x00, 0x3C, 0x0F, 0xF0, 0x3F, 0xC0, 0xFF, 0x03, 0xFC, 0x0F, 0xF0, 0x3F, 0xC0,
    0xFF, 0x03, 0xFC, 0x0F, 0xF0, 0x3F, 0xC0, 0xFF, 0x03, 0xFC, 0x0F, 0x78, 0x79, 0xFF, 0xE3, 0xFF,
    0x03, 0xF0, 0x21, 0x1C, 0xE3, 0xDE, 0x39, 0xC3, 0x9C, 0x21, 0x00, 0x07, 0x8F, 0xF1, 0xFE, 0x3F,
    0xC7, 0xF8, 0xFF, 0x1F, 0xE3, 0xFC, 0x7F, 0x8F, 0xF9, 0xEF, 0xFD, 0xFF, 0x8F, 0xE0, 0x07, 0xC0,
    0x3F, 0x81, 0xC7, 0x07, 0x1C, 0x00, 0x00, 0x00, 0x0F, 0x03, 0xFC, 0x0F, 0xF0, 0x3F, 0xC0, 0xFF,
    0x03, 0xFC, 0x0F, 0xF0, 0x3F, 0xC0, 0xFF, 0x03, 0xFC, 0x0F, 0xF0, 0x3F, 0xC0, 0xFF, 0x03, 0xDE,
    0x1E, 0x7F, 0xF8, 0xFF, 0xC0, 0xFC, 0x00, 0x0F, 0x07, 0xF8, 0xE7, 0x38, 0xE0, 0x00, 0x00, 0x3C,
    0x7F, 0x8F, 0xF1, 0xFE, 0x3F, 0xC7, 0xF8, 0xFF, 0x1F, 0xE3, 0xFC, 0x7F, 0xCF, 0x7F, 0xEF, 0xFC,
    0x7F, 0x00, 0x1F, 0xC1, 0xFF, 0x9F, 0xF9, 0xF0, 0x4F, 0x00, 0x78, 0x03, 0xF8, 0x0F, 0xF0, 0x3F,
    0xE0, 0x7F, 0x80, 0x7E, 0x00, 0xF0, 0x07, 0xB0, 0x7F, 0xFF, 0xDF, 0xFE, 0x3F, 0xC0, 0x00, 0x01,
    0xC0, 0x1E, 0x01, 0xE0, 0x0E, 0x00, 0x1F, 0x9F, 0xEF, 0xFB, 0xC2, 0xF0, 0x3F, 0xE7, 0xFD, 0xFF,
    0x03, 0xE0, 0xFF, 0xFF, 0xFE, 0x7E, 0x00, 0x00, 0xE0, 0x70, 0x3C, 0x0E, 0x00, 0xFF, 0xFF, 0xFF,
    0xFF, 0xFF, 0xC1, 0xE0, 0x07, 0x80, 0x1E, 0x00, 0x78, 0x01, 0xE0, 0x07, 0x80, 0x1E, 0x00, 0x78,
    0x01, 0xE0, 0x07, 0x80, 0x1E, 0x00, 0x78, 0x01, 0xE0, 0x07, 0x80, 0x00, 0x00, 0x38, 0x00, 0xE0,
    0x0F, 0x80, 0x3C, 0x00, 0x70, 0x78, 0x3C, 0x1E, 0x0F, 0xF7, 0xFB, 0xFD, 0xE0, 0xF0, 0x78, 0x3C,
    0x1E, 0x0F, 0x07, 0xC3, 0xFC, 0xFE, 0x3F, 0x00, 0x07, 0x07, 0x87, 0x83, 0x80, 0x3F, 0x07, 0xFE,
    0x1F, 0xF8, 0x83, 0xE0, 0x0F, 0x00, 0x78, 0x03, 0xC0, 0x1E, 0x03, 0xE1, 0xFF, 0x0F, 0xF0, 0x7F,
    0xE0, 0x1F, 0x00, 0x7C, 0x01, 0xE0, 0x0F, 0x00, 0x78, 0x07, 0xC0, 0xFD, 0xFF, 0xCF, 0xFC, 0x7F,
    0x00, 0x7F, 0x1F, 0xFB, 0xFF, 0x81, 0xF0, 0x1E, 0x03, 0xC0, 0xF0, 0xFC, 0x1F, 0x83, 0xF8, 0x0F,
    0x80, 0xF0, 0x1E, 0x07, 0xC3, 0xF7, 0xFC, 0xFF, 0x1F, 0x00, 0x08, 0x80, 0x77, 0x00, 0xF8, 0x01,
    0xC0, 0x02, 0x00, 0x00, 0x00, 0x00, 0x3C, 0x0F, 0xF0, 0x3F, 0xC0, 0xFF, 0x03, 0xFC, 0x0F, 0xF0,
    0x3F, 0xC0, 0xFF, 0xFF, 0xFF, 0xFF, 0xFF, 0xFF, 0xC0, 0xFF, 0x03, 0xFC, 0x0F, 0xF0, 0x3F, 0xC0,
    0xFF, 0x03, 0xFC, 0x0F, 0x84, 0x1D, 0xC3, 0xF0, 0x1C, 0x01, 0x00, 0x00, 0x1C, 0x07, 0x80, 0xF0,
    0x1E, 0x03, 0xC0, 0x78, 0x0F, 0xF9, 0xFF, 0xBF, 0xF7, 0x9F, 0xF1, 0xFE, 0x3F, 0xC7, 0xF8, 0xFF,
    0x1F, 0xE3, 0xFC, 0x7F, 0x8F, 0xF1, 0xE0, 0x80, 0x20, 0x08, 0x03, 0x00, 0x40, 0x10, 0x06, 0x01,
    0x01, 0x01, 0x01, 0x01, 0x01, 0x01, 0x00, 0x00, 0xFC, 0x6F, 0xF6, 0x80, 0x28, 0x09, 0x01, 0x10,
    0x42, 0x10, 0x22, 0x02, 0x80, 0x50, 0x04, 0x00, 0x3E, 0x3F, 0xB8, 0xFC, 0x70, 0x08, 0x01, 0xC0,
    0x1E, 0x00, 0xF0, 0x07, 0x00, 0x20, 0x00, 0x0F, 0xFE, 0xFF, 0xEF, 0xFE, 0xF0, 0x0F, 0x00, 0xF0,
    0x0F, 0x00, 0xFF, 0xEF, 0xFE, 0xFF, 0xEF, 0x00, 0xF0, 0x0F, 0x00, 0xF0, 0x0F, 0xFF, 0xFF, 0xFF,
    0xFF, 0x30, 0xC7, 0x9E, 0x79, 0xE3, 0x0C, 0x00, 0x00, 0x00, 0xFF, 0xEF, 0xFE, 0xFF, 0xEF, 0x00,
    0xF0, 0x0F, 0x00, 0xF0, 0x0F, 0xFE, 0xFF, 0xEF, 0xFE, 0xF0, 0x0F, 0x00, 0xF0, 0x0F, 0x00, 0xFF,
    0xFF, 0xFF, 0xFF, 0xF0, 0xFF, 0xF8, 0x3F, 0xFE, 0x0F, 0xFF, 0x80, 0x1E, 0x00, 0x07, 0x80, 0x01,
    0xE0, 0x00, 0x7F, 0xE0, 0x1F, 0xFC, 0x07, 0xFF, 0x81, 0xE1, 0xF0, 0x78, 0x3C, 0x1E, 0x0F, 0x07,
    0x83, 0xC1, 0xE1, 0xF0, 0x79, 0xF8, 0x1E, 0x7E, 0x07, 0x9E, 0x00, 0x01, 0x00, 0x38, 0x07, 0x80,
    0xF0, 0x0E, 0x00, 0x40, 0x00, 0x0F, 0xFF, 0xFF, 0xFF, 0xFF, 0xF0, 0x0F, 0x00, 0xF0, 0x0F, 0x00,
    0xF0, 0x0F, 0x00, 0xF0, 0x0F, 0x00, 0xF0, 0x0F, 0x00, 0xF0, 0x0F, 0x00, 0xF0, 0x0F, 0x00, 0x07,
    0xF8, 0x3F, 0xFC, 0xFF, 0xFB, 0xE0, 0x67, 0x80, 0x1E, 0x00, 0x3C, 0x00, 0x7F, 0xF0, 0xFF, 0xE1,
    0xFF, 0xC3, 0xC0, 0x07, 0x80, 0x07, 0x80, 0x0F, 0x81, 0x8F, 0xFF, 0x8F, 0xFF, 0x07, 0xF0, 0x1F,
    0xC1, 0xFF, 0x9F, 0xF9, 0xF0, 0x4F, 0x00, 0x78, 0x03, 0xF8, 0x0F, 0xF0, 0x3F, 0xE0, 0x7F, 0x80,
    0x7E, 0x00, 0xF0, 0x07, 0xB0, 0x7F, 0xFF, 0xDF, 0xFE, 0x3F, 0xC0, 0xFF, 0xFF, 0xFF, 0xFF, 0xFF,
    0xFF, 0xFF, 0xFF, 0xF0, 0x71, 0xFC, 0xFF, 0x3D, 0xC7, 0x00, 0x00, 0x01, 0xE0, 0x78, 0x1E, 0x07,
    0x81, 0xE0, 0x78, 0x1E, 0x07, 0x81, 0xE0, 0x78, 0x1E, 0x07, 0x81, 0xE0, 0x78, 0x1E, 0x07, 0x81,
    0xE0, 0x01, 0xE0, 0x3C, 0x07, 0x80, 0xF0, 0x1E, 0x03, 0xC0, 0x78, 0x0F, 0x01, 0xE0, 0x3C, 0x07,
    0x80, 0xF0, 0x1E, 0x87, 0xDF, 0xF7, 0xFE, 0x3F, 0x00, 0x07, 0xFF, 0x80, 0x01, 0xFF, 0xE0, 0x00,
    0x7F, 0xF8, 0x00, 0x1E, 0x1E, 0x00, 0x07, 0x87, 0x80, 0x01, 0xE1, 0xE0, 0x00, 0x78, 0x7F, 0xC0,
    0x1E, 0x1F, 0xFC, 0x0F, 0x87, 0xFF, 0x83, 0xC1, 0xE1, 0xF0, 0xF0, 0x78, 0x3C, 0x3C, 0x1E, 0x0F,
    0x1F, 0x07, 0x83, 0xCF, 0x81, 0xE1, 0xFF, 0xC0, 0x7F, 0xFB, 0xE0, 0x1F, 0xFC, 0xE0, 0x07, 0xFC,
    0x00, 0xF0, 0x1E, 0x00, 0xF0, 0x1E, 0x00, 0xF0, 0x1E, 0x00, 0xF0, 0x1E, 0x00, 0xF0, 0x1E, 0x00,
    0xF0, 0x1E, 0x00, 0xFF, 0xFF, 0xF0, 0xFF, 0xFF, 0xFC, 0xFF, 0xFF, 0xFE, 0xF0, 0x1E, 0x1F, 0xF0,
    0x1E, 0x0F, 0xF0, 0x1E, 0x0F, 0xF0, 0x1E, 0x0F, 0xF0, 0x1E, 0x1F, 0xF0, 0x1F, 0xFE, 0xF0, 0x1F,
    0xFC, 0xF0, 0x1F, 0xF0, 0xFF, 0xF0, 0xFF, 0xF0, 0xFF, 0xF0, 0x07, 0x80, 0x07, 0x80, 0x07, 0x80,
    0x07, 0xF8, 0x07, 0xFE, 0x07, 0xFE, 0x07, 0x9F, 0x07, 0x8F, 0x07, 0x8F, 0x07, 0x8F, 0x07, 0x8F,
    0x07, 0x8F, 0x07, 0x8F, 0x07, 0x8F, 0x00, 0x40, 0x01, 0xC0, 0x07, 0x80, 0x1E, 0x00, 0x38, 0x00,
    0x20, 0x00, 0x00, 0x78, 0x3E, 0xF0, 0xF9, 0xE3, 0xE3, 0xCF, 0x87, 0xBE, 0x0F, 0xF8, 0x1F, 0xE0,
    0x3F, 0x80, 0x7F, 0x80, 0xFF, 0x81, 0xEF, 0x83, 0xCF, 0x07, 0x9F, 0x0F, 0x1F, 0x1E, 0x1F, 0x3C,
    0x1F, 0x78, 0x1F, 0x02, 0x00, 0x1E, 0x00, 0x3E, 0x00, 0x1C, 0x00, 0x1C, 0x00, 0x10, 0x00, 0x00,
    0x78, 0x0F, 0xF0, 0x3F, 0xE0, 0xFF, 0xC1, 0xFF, 0x87, 0xFF, 0x1F, 0xFE, 0x7F, 0xFC, 0xF7, 0xFB,
    0xCF, 0xFF, 0x1F, 0xFC, 0x3F, 0xF8, 0x7F, 0xE0, 0xFF, 0xC1, 0xFF, 0x03, 0xFC, 0x07, 0xF8, 0x0F,
    0x04, 0x20, 0x1E, 0x38, 0x0F, 0xF8, 0x0F, 0xF0, 0x03, 0xE0, 0x00, 0x00, 0x00, 0x00, 0xF8, 0x1F,
    0x78, 0x1F, 0x78, 0x1E, 0x7C, 0x3E, 0x3C, 0x3C, 0x3E, 0x3C, 0x1E, 0x7C, 0x1F, 0x78, 0x0F, 0x78,
    0x0F, 0xF8, 0x07, 0xF0, 0x07, 0xF0, 0x03, 0xE0, 0x07, 0xE0, 0x7F, 0xC0, 0x7F, 0x80, 0x7E, 0x00,
    0xF0, 0x3F, 0xC0, 0xFF, 0x03, 0xFC, 0x0F, 0xF0, 0x3F, 0xC0, 0xFF, 0x03, 0xFC, 0x0F, 0xF0, 0x3F,
    0xC0, 0xFF, 0x03, 0xFC, 0x0F, 0xF0, 0x3F, 0xC0, 0xFF, 0xFF, 0xFF, 0xFF, 0xFF, 0xFC, 0x1E, 0x00,
    0x78, 0x01, 0xE0, 0x07, 0x80, 0x1E, 0x00, 0x03, 0xE0, 0x01, 0xF0, 0x01, 0xFC, 0x00, 0xFE, 0x00,
    0x77, 0x00, 0x7B, 0xC0, 0x3D, 0xE0, 0x3C, 0x78, 0x1E, 0x3C, 0x0F, 0x1E, 0x0F, 0xFF, 0x87, 0xFF,
    0xC3, 0xFF, 0xE3, 0xC0, 0x79, 0xE0, 0x3D, 0xF0, 0x1E, 0xF0, 0x07, 0x80, 0xFF, 0xE7, 0xFF, 0x3F,
    0xF9, 0xE0, 0x0F, 0x00, 0x78, 0x03, 0xFE, 0x1F, 0xFC, 0xFF, 0xF7, 0x87, 0xFC, 0x1F, 0xE0, 0xFF,
    0x07, 0xF8, 0x7F, 0xFF, 0xDF, 0xFC, 0xFF, 0x80, 0xFF, 0xC3, 0xFF, 0x8F, 0xFF, 0x3C, 0x3E, 0xF0,
    0x7B, 0xC1, 0xEF, 0x0F, 0xBF, 0xFC, 0xFF, 0xF3, 0xFF, 0xEF, 0x07, 0xFC, 0x0F, 0xF0, 0x3F, 0xC1,
    0xFF, 0xFF, 0xBF, 0xFC, 0xFF, 0xC0, 0xFF, 0xFF, 0xFF, 0xFF, 0xFF, 0x00, 0xF0, 0x0F, 0x00, 0xF0,
    0x0F, 0x00, 0xF0, 0x0F, 0x00, 0xF0, 0x0F, 0x00, 0xF0, 0x0F, 0x00, 0xF0, 0x0F, 0x00, 0xF0, 0x00,
    0x0F, 0xFF, 0x01, 0xFF, 0xE0, 0x3F, 0xFC, 0x07, 0x87, 0x80, 0xF0, 0xF0, 0x1E, 0x1E, 0x03, 0xC3,
    0xC0, 0x78, 0x78, 0x0E, 0x0F, 0x03, 0xC1, 0xE0, 0x78, 0x3C, 0x0F, 0x07, 0x81, 0xC0, 0xF0, 0x78,
    0x1E, 0x3F, 0xFF, 0xFF, 0xFF, 0xFF, 0xFF, 0xFF, 0xFE, 0x00, 0x3F, 0xC0, 0x07, 0xF8, 0x00, 0xFF,
    0x00, 0x1F, 0xE0, 0x03, 0xC0, 0xFF, 0xEF, 0xFE, 0xFF, 0xEF, 0x00, 0xF0, 0x0F, 0x00, 0xF0, 0x0F,
    0xFE, 0xFF, 0xEF, 0xFE, 0xF0, 0x0F, 0x00, 0xF0, 0x0F, 0x00, 0xFF, 0xFF, 0xFF, 0xFF, 0xF0, 0xF8,
    0x3C, 0x1F, 0x7C, 0x3C, 0x3E, 0x3E, 0x3C, 0x7C, 0x3E, 0x3C, 0x78, 0x1F, 0x3C, 0xF8, 0x0F, 0xBD,
    0xF0, 0x07, 0xFF, 0xE0, 0x03, 0xFF, 0xC0, 0x03, 0xFF, 0xC0, 0x07, 0xFF, 0xE0, 0x07, 0xFF, 0xE0,
    0x0F, 0xBD, 0xF0, 0x1F, 0x3C, 0xF8, 0x3E, 0x3C, 0x7C, 0x3E, 0x3C, 0x7C, 0x7C, 0x3C, 0x3E, 0xF8,
    0x3C, 0x1F, 0x1F, 0x83, 0xFF, 0x1F, 0xF8, 0x43, 0xE0, 0x0F, 0x00, 0x78, 0x07, 0xC3, 0xFC, 0x1F,
    0xE0, 0xFF, 0x80, 0x3E, 0x00, 0xF0, 0x07, 0xB0, 0x7F, 0xFF, 0xDF, 0xFE, 0x3F, 0xC0, 0xF0, 0x1F,
    0xE0, 0x7F, 0xC1, 0xFF, 0x83, 0xFF, 0x0F, 0xFE, 0x3F, 0xFC, 0xFF, 0xF9, 0xEF, 0xF7, 0x9F, 0xFE,
    0x3F, 0xF8, 0x7F, 0xF0, 0xFF, 0xC1, 0xFF, 0x83, 0xFE, 0x07, 0xF8, 0x0F, 0xF0, 0x1E, 0x04, 0x20,
    0x3C, 0x70, 0x3F, 0xE0, 0x7F, 0x80, 0x3E, 0x00, 0x00, 0x00, 0x00, 0x78, 0x0F, 0xF0, 0x3F, 0xE0,
    0xFF, 0xC1, 0xFF, 0x87, 0xFF, 0x1F, 0xFE, 0x7F, 0xFC, 0xF7, 0xFB, 0xCF, 0xFF, 0x1F, 0xFC, 0x3F,
    0xF8, 0x7F, 0xE0, 0xFF, 0xC1, 0xFF, 0x03, 0xFC, 0x07, 0xF8, 0x0F, 0xF0, 0x7D, 0xE1, 0xF3, 0xC7,
    0xC7, 0x9F, 0x0F, 0x7C, 0x1F, 0xF0, 0x3F, 0xC0, 0x7F, 0x00, 0xFF, 0x01, 0xFF, 0x03, 0xDF, 0x07,
    0x9E, 0x0F, 0x3E, 0x1E, 0x3E, 0x3C, 0x3E, 0x78, 0x3E, 0xF0, 0x3E, 0x07, 0xFF, 0x83, 0xFF, 0xC1,
    0xFF, 0xE0, 0xF0, 0xF0, 0x78, 0x78, 0x3C, 0x3C, 0x1E, 0x1E, 0x0F, 0x0F, 0x0F, 0x87, 0x87, 0x83,
    0xC3, 0xC1, 0xE1, 0xE0, 0xF1, 0xF0, 0x79, 0xF0, 0x3F, 0xF0, 0x1F, 0xF0, 0x0F, 0xE0, 0x07, 0x80,
    0x7C, 0x03, 0xCF, 0x80, 0xF9, 0xF0, 0x1F, 0x3F, 0x07, 0xE7, 0xE0, 0xFC, 0xFE, 0x3F, 0xBF, 0xC7,
    0xFF, 0xBD, 0xEF, 0xF3, 0xB9, 0xFE, 0x77, 0x3F, 0xCF, 0xE7, 0xF8, 0xF8, 0xFF, 0x1F, 0x1F, 0xE3,
    0xC3, 0xFC, 0x38, 0x7F, 0x80, 0x0F, 0xF0, 0x01, 0xE0, 0xF0, 0x3F, 0xC0, 0xFF, 0x03, 0xFC, 0x0F,
    0xF0, 0x3F, 0xC0, 0xFF, 0x03, 0xFF, 0xFF, 0xFF, 0xFF, 0xFF, 0xFF, 0x03, 0xFC, 0x0F, 0xF0, 0x3F,
    0xC0, 0xFF, 0x03, 0xFC, 0x0F, 0xF0, 0x3C, 0x03, 0xF0, 0x03, 0xFF, 0x03, 0xFF, 0xF1, 0xF8, 0x7E,
    0x78, 0x07, 0xBE, 0x01, 0xFF, 0x00, 0x3F, 0xC0, 0x0F, 0xF0, 0x03, 0xFC, 0x00, 0xFF, 0x00, 0x3F,
    0xE0, 0x1F, 0x78, 0x07, 0x9F, 0x87, 0xE3, 0xFF, 0xF0, 0x7F, 0xF8, 0x03, 0xF0, 0x00, 0xFF, 0xFF,
    0xFF, 0xFF, 0xFF, 0xFC, 0x0F, 0xF0, 0x3F, 0xC0, 0xFF, 0x03, 0xFC, 0x0F, 0xF0, 0x3F, 0xC0, 0xFF,
    0x03, 0xFC, 0x0F, 0xF0, 0x3F, 0xC0, 0xFF, 0x03, 0xFC, 0x0F, 0xF0, 0x3C, 0xFF, 0x87, 0xFF, 0x3F,
    0xFD, 0xE1, 0xFF, 0x07, 0xF8, 0x3F, 0xC1, 0xFE, 0x1F, 0xFF, 0xF7, 0xFF, 0x3F, 0xE1, 0xE0, 0x0F,
    0x00, 0x78, 0x03, 0xC0, 0x1E, 0x00, 0xF0, 0x00, 0x07, 0xF0, 0x7F, 0xF3, 0xFF, 0xDF, 0x82, 0x78,
    0x03, 0xE0, 0x0F, 0x00, 0x3C, 0x00, 0xF0, 0x03, 0xC0, 0x0F, 0x00, 0x3E, 0x00, 0x78, 0x01, 0xF0,
    0x23, 0xFF, 0xC7, 0xFF, 0x07, 0xF0, 0xFF, 0xFF, 0xFF, 0xFF, 0xFF, 0xC1, 0xE0, 0x07, 0x80, 0x1E,
    0x00, 0x78, 0x01, 0xE0, 0x07, 0x80, 0x1E, 0x00, 0x78, 0x01, 0xE0, 0x07, 0x80, 0x1E, 0x00, 0x78,
    0x01, 0xE0, 0x07, 0x80, 0xF8, 0x1F, 0x78, 0x1F, 0x78, 0x1E, 0x7C, 0x3E, 0x3C, 0x3C, 0x3E, 0x3C,
    0x1E, 0x7C, 0x1F, 0x78, 0x0F, 0x78, 0x0F, 0xF8, 0x07, 0xF0, 0x07, 0xF0, 0x03, 0xE0, 0x07, 0xE0,
    0x7F, 0xC0, 0x7F, 0x80, 0x7E, 0x00, 0x00, 0xF0, 0x00, 0x0F, 0x00, 0x07, 0xFE, 0x01, 0xFF, 0xF8,
    0x3F, 0xFF, 0xC7, 0xCF, 0x3E, 0x78, 0xF1, 0xEF, 0x0F, 0x0F, 0xF0, 0xF0, 0xFF, 0x0F, 0x0F, 0xF0,
    0xF0, 0xFF, 0x8F, 0x1F, 0x7C, 0xF3, 0xE3, 0xFF, 0xFC, 0x1F, 0xFF, 0x80, 0x7F, 0xE0, 0x00, 0xF0,
    0x00, 0x0F, 0x00, 0xF8, 0x0F, 0xBE, 0x0F, 0x8F, 0x07, 0x83, 0xC7, 0x81, 0xF7, 0xC0, 0x7F, 0xC0,
    0x1F, 0xC0, 0x0F, 0xE0, 0x03, 0xE0, 0x03, 0xF8, 0x01, 0xFC, 0x01, 0xFF, 0x01, 0xF7, 0xC1, 0xF1,
    0xE0, 0xF0, 0x78, 0xF8, 0x3E, 0xF8, 0x0F, 0x80, 0xF0, 0x3C, 0x78, 0x1E, 0x3C, 0x0F, 0x1E, 0x07,
    0x8F, 0x03, 0xC7, 0x81, 0xE3, 0xC0, 0xF1, 0xE0, 0x78, 0xF0, 0x3C, 0x78, 0x1E, 0x3C, 0x0F, 0x1E,
    0x07, 0x8F, 0x03, 0xC7, 0x81, 0xE3, 0xFF, 0xFF, 0xFF, 0xFF, 0xFF, 0xFF, 0x80, 0x03, 0xC0, 0x01,
    0xE0, 0x00, 0xF0, 0x00, 0x78, 0x00, 0x3C, 0xF0, 0x3F, 0xC0, 0xFF, 0x03, 0xFC, 0x0F, 0xF0, 0x3F,
    0xC0, 0xFF, 0x03, 0xFE, 0x0F, 0x7F, 0xFC, 0xFF, 0xF1, 0xFF, 0xC0, 0x0F, 0x00, 0x3C, 0x00, 0xF0,
    0x03, 0xC0, 0x0F, 0x00, 0x3C, 0xF0, 0x78, 0x3F, 0xC1, 0xE0, 0xFF, 0x07, 0x83, 0xFC, 0x1E, 0x0F,
    0xF0, 0x78, 0x3F, 0xC1, 0xE0, 0xFF, 0x07, 0x83, 0xFC, 0x1E, 0x0F, 0xF0, 0x78, 0x3F, 0xC1, 0xE0,
    0xFF, 0x07, 0x83, 0xFC, 0x1E, 0x0F, 0xF0, 0x78, 0x3F, 0xC1, 0xE0, 0xFF, 0xFF, 0xFF, 0xFF, 0xFF,
    0xFF, 0xFF, 0xFF, 0xFC, 0xF0, 0x78, 0x3C, 0x78, 0x3C, 0x1E, 0x3C, 0x1E, 0x0F, 0x1E, 0x0F, 0x07,
    0x8F, 0x07, 0x83, 0xC7, 0x83, 0xC1, 0xE3, 0xC1, 0xE0, 0xF1, 0xE0, 0xF0, 0x78, 0xF0, 0x78, 0x3C,
    0x78, 0x3C, 0x1E, 0x3C, 0x1E, 0x0F, 0x1E, 0x0F, 0x07, 0x8F, 0x07, 0x83, 0xC7, 0x83, 0xC1, 0xE3,
    0xFF, 0xFF, 0xFF, 0xFF, 0xFF, 0xFF, 0xFF, 0xFF, 0xFF, 0x80, 0x00, 0x03, 0xC0, 0x00, 0x01, 0xE0,
    0x00, 0x00, 0xF0, 0x00, 0x00, 0x78, 0x00, 0x00, 0x3C, 0xFF, 0x00, 0x7F, 0x80, 0x3F, 0xC0, 0x01,
    0xE0, 0x00, 0xF0, 0x00, 0x78, 0x00, 0x3F, 0xE0, 0x1F, 0xFC, 0x0F, 0xFF, 0x07, 0x87, 0xC3, 0xC1,
    0xE1, 0xE0, 0xF0, 0xF0, 0x78, 0x78, 0x7C, 0x3F, 0xFC, 0x1F, 0xFC, 0x07, 0xF8, 0x00, 0xF0, 0x01,
    0xFE, 0x00, 0x3F, 0xC0, 0x07, 0xF8, 0x00, 0xFF, 0x00, 0x1F, 0xE0, 0x03, 0xFF, 0xE0, 0x7F, 0xFF,
    0x0F, 0xFF, 0xF1, 0xFE, 0x1F, 0x3F, 0xC1, 0xE7, 0xF8, 0x3C, 0xFF, 0x07, 0x9F, 0xE1, 0xF3, 0xFF,
    0xFC, 0x7F, 0xFF, 0x0F, 0x7F, 0x81, 0xE0, 0xF0, 0x07, 0x80, 0x3C, 0x01, 0xE0, 0x0F, 0x00, 0x78,
    0x03, 0xFE, 0x1F, 0xFC, 0xFF, 0xF7, 0x87, 0xFC, 0x1F, 0xE0, 0xFF, 0x07, 0xF8, 0x7F, 0xFF, 0xDF,
    0xFC, 0x7F, 0x80, 0x1F, 0xC1, 0xFF, 0xE1, 0xFF, 0xE3, 0x03, 0xE0, 0x03, 0xC0, 0x07, 0xC0, 0x07,
    0x87, 0xFF, 0x0F, 0xFE, 0x1F, 0xFC, 0x00, 0x78, 0x00, 0xF0, 0x03, 0xCC, 0x0F, 0xBF, 0xFE, 0x7F,
    0xF8, 0x1F, 0xC0, 0xF0, 0x0F, 0xE0, 0xF0, 0x3F, 0xF8, 0xF0, 0x7F, 0xFC, 0xF0, 0xF8, 0x3E, 0xF0,
    0xF0, 0x1E, 0xF1, 0xF0, 0x1F, 0xF1, 0xE0, 0x0F, 0xFF, 0xE0, 0x0F, 0xFF, 0xE0, 0x0F, 0xFF, 0xE0,
    0x0F, 0xF1, 0xE0, 0x0F, 0xF1, 0xF0, 0x1F, 0xF0, 0xF0, 0x1E, 0xF0, 0xF8, 0x3E, 0xF0, 0x7F, 0xFC,
    0xF0, 0x3F, 0xF8, 0xF0, 0x0F, 0xE0, 0x07, 0xFC, 0x7F, 0xF3, 0xFF, 0xDF, 0x0F, 0x78, 0x3D, 0xE0,
    0xF7, 0x83, 0xDF, 0x0F, 0x3F, 0xFC, 0xFF, 0xF1, 0xFF, 0xC7, 0x8F, 0x3E, 0x3C, 0xF0, 0xF7, 0xC3,
    0xDE, 0x0F, 0xF8, 0x3C, 0x7F, 0x0F, 0xF9, 0xFF, 0xA1, 0xF0, 0x1E, 0x7F, 0xDF, 0xFF, 0xFF, 0xF1,
    0xFE, 0x3F, 0xFF, 0xBF, 0xF3, 0xFC, 0x00, 0x70, 0x3F, 0x87, 0xFC, 0x7F, 0x07, 0xC0, 0x3C, 0x01,
    0xDF, 0x1F, 0xFC, 0xFF, 0xF7, 0x87, 0xFC, 0x1F, 0xE0, 0xFF, 0x07, 0xF8, 0x3F, 0xC1, 0xEF, 0x1E,
    0x7F, 0xF1, 0xFF, 0x03, 0xE0, 0xFF, 0x8F, 0xFC, 0xFF, 0xEF, 0x1E, 0xF1, 0xEF, 0xFC, 0xFF, 0xEF,
    0xFF, 0xF0, 0xFF, 0x0F, 0xFF, 0xFF, 0xFE, 0x7F, 0x80, 0xFF, 0xFF, 0xFF, 0xFF, 0xC0, 0xF0, 0x3C,
    0x0F, 0x03, 0xC0, 0xF0, 0x3C, 0x0F, 0x03, 0xC0, 0xF0, 0x00, 0x0F, 0xFC, 0x07, 0xFE, 0x03, 0xFF,
    0x01, 0xE7, 0x80, 0xF3, 0xC0, 0x79, 0xE0, 0x3C, 0xF0, 0x3C, 0x78, 0x1E, 0x3C, 0x1F, 0x1E, 0x3F,
    0xFF, 0xFF, 0xFF, 0xFF, 0xFF, 0xFF, 0x80, 0x3F, 0xC0, 0x1F, 0xE0, 0x0F, 0xF0, 0x07, 0x80, 0x0F,
    0x81, 0xFF, 0x1F, 0xFC, 0xF1, 0xEF, 0x07, 0xFF, 0xFF, 0xFF, 0xFF, 0xFF, 0xF0, 0x03, 0xC0, 0x9F,
    0xFC, 0x7F, 0xE0, 0xFE, 0x00, 0xF8, 0x78, 0x7D, 0xF1, 0xE3, 0xE3, 0xE7, 0x9F, 0x07, 0xDE, 0xF8,
    0x0F, 0xFF, 0xC0, 0x1F, 0xFE, 0x00, 0x7F, 0xF8, 0x03, 0xFF, 0xF0, 0x0F, 0xFF, 0xC0, 0x7D, 0xEF,
    0x83, 0xE7, 0x9F, 0x1F, 0x1E, 0x3E, 0xF8, 0x78, 0x7C, 0x7F, 0x3F, 0xEF, 0xFC, 0x0F, 0x03, 0xCF,
    0xE3, 0xF8, 0xFF, 0x03, 0xC0, 0xFF, 0xFF, 0xFE, 0x7F, 0x00, 0xF1, 0xFE, 0x3F, 0xCF, 0xF9, 0xFF,
    0x7F, 0xEF, 0xFF, 0xFF, 0xEF, 0xFD, 0xFF, 0x3F, 0xE7, 0xF8, 0xFF, 0x1E, 0x21, 0x1E, 0x39, 0xFF,
    0x3F, 0xC1, 0xF0, 0x00, 0x00, 0x07, 0x8F, 0xF1, 0xFE, 0x7F, 0xCF, 0xFB, 0xFF, 0x7F, 0xFF, 0xFF,
    0x7F, 0xEF, 0xF9, 0xFF, 0x3F, 0xC7, 0xF8, 0xF0, 0xF1, 0xF7, 0xBF, 0x3F, 0xF1, 0xFF, 0x0F, 0xF0,
    0x7F, 0x03, 0xF8, 0x1F, 0xE0, 0xFF, 0x87, 0xBE, 0x3C, 0xF9, 0xE3, 0xEF, 0x0F, 0x80, 0x0F, 0xFC,
    0x3F, 0xF0, 0xFF, 0xC3, 0xCF, 0x0F, 0x3C, 0x3C, 0xF0, 0xF3, 0xC7, 0xCF, 0x1E, 0x3C, 0xF8, 0xFF,
    0xC3, 0xFE, 0x0F, 0xE0, 0x3C, 0x78, 0x0F, 0x3C, 0x07, 0x9F, 0x07, 0xCF, 0xC7, 0xE7, 0xE3, 0xF7,
    0xFB, 0xFF, 0xDD, 0xDF, 0xEF, 0xEF, 0xF3, 0xE7, 0xF9, 0xF3, 0xFC, 0x71, 0xFE, 0x00, 0xFF, 0x00,
    0x78, 0xF1, 0xFE, 0x3F, 0xC7, 0xF8, 0xFF, 0x1F, 0xFF, 0xFF, 0xFF, 0xFF, 0xF1, 0xFE, 0x3F, 0xC7,
    0xF8, 0xFF, 0x1E, 0x0F, 0x81, 0xFF, 0x1F, 0xFC, 0xF1, 0xEF, 0x07, 0xF8, 0x3F, 0xC1, 0xFE, 0x0F,
    0xF0, 0x7B, 0xC7, 0x9F, 0xFC, 0x7F, 0xC0, 0xF8, 0x00, 0xFF, 0xFF, 0xFF, 0xFF, 0xF8, 0xFF, 0x1F,
    0xE3, 0xFC, 0x7F, 0x8F, 0xF1, 0xFE, 0x3F, 0xC7, 0xF8, 0xFF, 0x1E, 0x7F, 0x0F, 0xFC, 0xFF, 0xEF,
    0x1E, 0xF0, 0xFF, 0x0F, 0xF0, 0xFF, 0x0F, 0xF0, 0xFF, 0x1F, 0xFF, 0xEF, 0xFC, 0xFF, 0x8F, 0x00,
    0xF0, 0x0F, 0x00, 0xF0, 0x0F, 0x00, 0x0F, 0xC7, 0xFD, 0xFF, 0xBC, 0x0F, 0x81, 0xE0, 0x3C, 0x07,
    0x80, 0xF0, 0x0F, 0x01, 0xFF, 0x9F, 0xF0, 0xFC, 0xFF, 0xFF, 0xFF, 0xFF, 0xF0, 0xF0, 0x0F, 0x00,
    0xF0, 0x0F, 0x00, 0xF0, 0x0F, 0x00, 0xF0, 0x0F, 0x00, 0xF0, 0x0F, 0x00, 0xF0, 0x7F, 0xC7, 0xDE,
    0x3C, 0xF1, 0xE7, 0x8F, 0x1E, 0xF0, 0xF7, 0x87, 0xBC, 0x1D, 0xC0, 0xFE, 0x07, 0xF0, 0x1F, 0x00,
    0xF8, 0x07, 0x80, 0x7C, 0x1F, 0xC0, 0xFE, 0x07, 0xC0, 0x00, 0x00, 0xE0, 0x00, 0x78, 0x00, 0x1E,
    0x00, 0x07, 0x80, 0x01, 0xE0, 0x00, 0x78, 0x00, 0x7F, 0x80, 0xFF, 0xF8, 0x7F, 0xFF, 0x9E, 0x79,
    0xEF, 0x1E, 0x3F, 0xC7, 0x8F, 0xF1, 0xE3, 0xFC, 0x78, 0xFF, 0x1E, 0x3D, 0xE7, 0x9E, 0x7F, 0xFF,
    0x8F, 0xFF, 0xC0, 0xFF, 0xC0, 0x07, 0x80, 0x01, 0xE0, 0x00, 0x78, 0x00, 0x1E, 0x00, 0x07, 0x80,
    0xF8, 0x7D, 0xF3, 0xE3, 0xFF, 0x0F, 0xFC, 0x1F, 0xE0, 0x3F, 0x00, 0x78, 0x03, 0xF0, 0x1F, 0xE0,
    0xFF, 0x83, 0xFF, 0x1F, 0x3E, 0xF8, 0x7C, 0xF1, 0xE7, 0x8F, 0x3C, 0x79, 0xE3, 0xCF, 0x1E, 0x78,
    0xF3, 0xC7, 0x9E, 0x3C, 0xF1, 0xE7, 0x8F, 0x3F, 0xFF, 0xFF, 0xFF, 0xFF, 0x80, 0x3C, 0x01, 0xE0,
    0x0F, 0x00, 0x78, 0xF1, 0xFE, 0x3F, 0xC7, 0xF8, 0xFF, 0x1F, 0xE3, 0xFF, 0xFB, 0xFF, 0x3F, 0xE0,
    0x3C, 0x07, 0x80, 0xF0, 0x1E, 0xF1, 0xE3, 0xFC, 0x78, 0xFF, 0x1E, 0x3F, 0xC7, 0x8F, 0xF1, 0xE3,
    0xFC, 0x78, 0xFF, 0x1E, 0x3F, 0xC7, 0x8F, 0xF1, 0xE3, 0xFC, 0x78, 0xFF, 0xFF, 0xFF, 0xFF, 0xFF,
    0xFF, 0xFF, 0xC0, 0xF1, 0xE3, 0xCF, 0x1E, 0x3C, 0xF1, 0xE3, 0xCF, 0x1E, 0x3C, 0xF1, 0xE3, 0xCF,
    0x1E, 0x3C, 0xF1, 0xE3, 0xCF, 0x1E, 0x3C, 0xF1, 0xE3, 0xCF, 0x1E, 0x3C, 0xFF, 0xFF, 0xFF, 0xFF,
    0xFF, 0xFF, 0xFF, 0xF0, 0x00, 0x0F, 0x00, 0x00, 0xF0, 0x00, 0x0F, 0x00, 0x00, 0xF0, 0xFE, 0x03,
    0xF8, 0x0F, 0xE0, 0x07, 0x80, 0x1F, 0xF0, 0x7F, 0xE1, 0xFF, 0xC7, 0x8F, 0x1E, 0x3C, 0x78, 0xF1,
    0xFF, 0xC7, 0xFE, 0x0F, 0xF0, 0xF0, 0x03, 0xFC, 0x00, 0xFF, 0x00, 0x3F, 0xC0, 0x0F, 0xFF, 0x83,
    0xFF, 0xF8, 0xFF, 0xFF, 0x3F, 0xC7, 0xCF, 0xF0, 0xF3, 0xFC, 0x3C, 0xFF, 0xFF, 0x3F, 0xFF, 0x8F,
    0x7F, 0x83, 0xC0, 0xF0, 0x0F, 0x00, 0xF0, 0x0F, 0x00, 0xFF, 0x8F, 0xFE, 0xFF, 0xFF, 0x1F, 0xF0,
    0xFF, 0x0F, 0xFF, 0xFF, 0xFE, 0x7F, 0x80, 0x7E, 0x1F, 0xF3, 0xFF, 0x01, 0xE0, 0x1E, 0x7F, 0xCF,
    0xF9, 0xFF, 0x01, 0xE0, 0x7B, 0xFF, 0x7F, 0xC7, 0xE0, 0xF0, 0x1F, 0x0F, 0x07, 0xFC, 0xF0, 0xFF,
    0xEF, 0x0F, 0x1E, 0xF1, 0xE0, 0xFF, 0xFE, 0x0F, 0xFF, 0xE0, 0xFF, 0xFE, 0x0F, 0xF1, 0xE0, 0xFF,
    0x1F, 0x1E, 0xF0, 0xFF, 0xEF, 0x07, 0xFC, 0xF0, 0x1F, 0x00, 0x0F, 0xF1, 0xFF, 0xDF, 0xFE, 0xF0,
    0xF7, 0x87, 0xBF, 0xFC, 0xFF, 0xE3, 0xFF, 0x3E, 0x79, 0xE3, 0xDF, 0x1E, 0xF0, 0xFF, 0x87, 0x80,
    0x02, 0x00, 0x78, 0x03, 0xC0, 0x0F, 0x00, 0x18, 0x00, 0x40, 0x00, 0x01, 0xF0, 0x3F, 0xE3, 0xFF,
    0x9E, 0x3D, 0xE0, 0xFF, 0xFF, 0xFF, 0xFF, 0xFF, 0xFE, 0x00, 0x78, 0x13, 0xFF, 0x8F, 0xFC, 0x1F,
    0xC0, 0x38, 0xE1, 0xE7, 0x8F, 0x3C, 0x71, 0xC0, 0x00, 0x00, 0x00, 0x3E, 0x07, 0xFC, 0x7F, 0xF3,
    0xC7, 0xBC, 0x1F, 0xFF, 0xFF, 0xFF, 0xFF, 0xFF, 0xC0, 0x0F, 0x02, 0x7F, 0xF1, 0xFF, 0x83, 0xF8,
    0x1C, 0x01, 0xE0, 0x3F, 0xE1, 0xFF, 0x03, 0xC0, 0x1E, 0x00, 0xFF, 0x07, 0xFE, 0x3F, 0xF1, 0xE7,
    0xCF, 0x1E, 0x78, 0xF3, 0xC7, 0x9E, 0x3C, 0xF1, 0xE7, 0x8F, 0x3C, 0x79, 0xE3, 0xCF, 0x1E, 0x00,
    0xF0, 0x07, 0x80, 0xFC, 0x07, 0xC0, 0x3C, 0x04, 0x03, 0x81, 0xF0, 0xF0, 0x38, 0x04, 0x00, 0x03,
    0xFF, 0xFF, 0xFF, 0xFF, 0x03, 0xC0, 0xF0, 0x3C, 0x0F, 0x03, 0xC0, 0xF0, 0x3C, 0x0F, 0x03, 0xC0,
    0x0F, 0xC7, 0xFD, 0xFF, 0xBC, 0x0F, 0x01, 0xFE, 0x3F, 0xC7, 0xF8, 0xF0, 0x0F, 0x01, 0xFF, 0x9F,
    0xF0, 0xFC, 0x1F, 0x9F, 0xEF, 0xFB, 0xC2, 0xF0, 0x3F, 0xE7, 0xFD, 0xFF, 0x03, 0xE0, 0xFF, 0xFF,
    0xFE, 0x7E, 0x00, 0xFF, 0xFF, 0x00, 0xFF, 0xFF, 0xFF, 0xFF, 0xFF, 0xFF, 0xF0, 0xE3, 0xBC, 0xFF,
    0x3F, 0x8E, 0x00, 0x00, 0x01, 0xE0, 0x78, 0x1E, 0x07, 0x81, 0xE0, 0x78, 0x1E, 0x07, 0x81, 0xE0,
    0x78, 0x1E, 0x07, 0x81, 0xE0, 0x0F, 0x0F, 0x0F, 0x0F, 0x00, 0x00, 0x0F, 0x0F, 0x0F, 0x0F, 0x0F,
    0x0F, 0x0F, 0x0F, 0x0F, 0x0F, 0x0F, 0x0F, 0x0F, 0x0F, 0x0F, 0xFE, 0xFE, 0xF8, 0x0F, 0xFE, 0x00,
    0x1F, 0xFC, 0x00, 0x3F, 0xF8, 0x00, 0x78, 0xF0, 0x00, 0xF1, 0xE0, 0x01, 0xE3, 0xFE, 0x03, 0xC7,
    0xFF, 0x0F, 0x8F, 0xFF, 0x1E, 0x1E, 0x1E, 0x7C, 0x3C, 0x3F, 0xF0, 0x7F, 0xFF, 0xC0, 0xFF, 0xEE,
    0x00, 0xFF, 0x00, 0xF0, 0xF0, 0x0F, 0x0F, 0x00, 0xF0, 0xF0, 0x0F, 0x0F, 0x00, 0xF0, 0xF0, 0x0F,
    0xFF, 0xF8, 0xFF, 0xFF, 0xEF, 0xFF, 0xFF, 0xF0, 0xF0, 0xFF, 0x0F, 0x0F, 0xF0, 0xFF, 0xFF, 0x0F,
    0xFE, 0xF0, 0x7F, 0x80, 0x1C, 0x01, 0xE0, 0x3F, 0xF1, 0xFF, 0x83, 0xC0, 0x1E, 0x00, 0xFF, 0x87,
    0xFE, 0x3F, 0xF1, 0xE7, 0xCF, 0x1E, 0x78, 0xF3, 0xC7, 0x9E, 0x3C, 0xF1, 0xE7, 0x8F, 0x3C, 0x79,
    0xE3, 0xCF, 0x1E, 0x01, 0x00, 0x1C, 0x01, 0xE0, 0x1E, 0x00, 0xE0, 0x02, 0x00, 0x00, 0x1E, 0x3E,
    0xF7, 0xE7, 0xFE, 0x3F, 0xE1, 0xFE, 0x0F, 0xE0, 0x7F, 0x03, 0xFC, 0x1F, 0xF0, 0xF7, 0xC7, 0x9F,
    0x3C, 0x7D, 0xE1, 0xF0, 0x10, 0x07, 0x00, 0xF0, 0x0F, 0x00, 0xE0, 0x08, 0x00, 0x07, 0x8F, 0xF1,
    0xFE, 0x7F, 0xCF, 0xFB, 0xFF, 0x7F, 0xFF, 0xFF, 0x7F, 0xEF, 0xF9, 0xFF, 0x3F, 0xC7, 0xF8, 0xF0,
    0x10, 0x83, 0xC7, 0x0F, 0xF8, 0x7F, 0x80, 0xF8, 0x00, 0x00, 0x00, 0x1E, 0x0F, 0xF8, 0xFB, 0xC7,
    0x9E, 0x3C, 0xF1, 0xE3, 0xDE, 0x1E, 0xF0, 0xF7, 0x83, 0xB8, 0x1F, 0xC0, 0xFE, 0x03, 0xE0, 0x1F,
    0x00, 0xF0, 0x0F, 0x83, 0xF8, 0x1F, 0xC0, 0xF8, 0x00, 0xF0, 0xFF, 0x0F, 0xF0, 0xFF, 0x0F, 0xF0,
    0xFF, 0x0F, 0xF0, 0xFF, 0x0F, 0xF0, 0xFF, 0x0F, 0xFF, 0xFF, 0xFF, 0xFF, 0xF0, 0xF0, 0x0F, 0x00,
    0xF0, 0x0F, 0x00, 0x0F, 0x00, 0x07, 0x80, 0x3F, 0xFE, 0x1F, 0xFF, 0x0F, 0xFF, 0x80, 0x78, 0x00,
    0x3C, 0x00, 0x1F, 0xF0, 0x0F, 0xFE, 0x07, 0xFF, 0x83, 0xC3, 0xE1, 0xE0, 0xF0, 0xF0, 0x78, 0x78,
    0x3C, 0x3C, 0x1E, 0x1E, 0x1E, 0x0F, 0xFF, 0x07, 0xFF, 0x03, 0xFE, 0x00, 0x0E, 0x00, 0x3C, 0x00,
    0x78, 0x00, 0xF0, 0x01, 0xE0, 0x03, 0xC0, 0x3F, 0xFC, 0x7F, 0xF8, 0xFF, 0xF0, 0x3C, 0x00, 0x78,
    0x00, 0xFF, 0x81, 0xFF, 0xC3, 0xFF, 0xC7, 0x87, 0x8F, 0x0F, 0x1F, 0xFE, 0x3F, 0xF8, 0x3F, 0xC0,
    0x03, 0xF0, 0x03, 0xFF, 0x03, 0xFF, 0xF1, 0xF8, 0x7E, 0x78, 0x07, 0xBE, 0x01, 0xFF, 0x00, 0x3F,
    0xDF, 0x0F, 0xFF, 0xFF, 0xFF, 0xFF, 0xFF, 0x07, 0xFF, 0xC0, 0x0F, 0x78, 0x07, 0x9F, 0x03, 0xE3,
    0xFF, 0xF0, 0x7F, 0xF8, 0x03, 0xF0, 0x00, 0x0F, 0x81, 0xFF, 0x1F, 0xFC, 0xF1, 0xEF, 0x07, 0xFF,
    0x3F, 0xFF, 0xFE, 0x7F, 0xF0, 0x7B, 0xC7, 0x9F, 0xFC, 0x7F, 0xC0, 0xF8, 0x00, 0xF0, 0x07, 0xDF,
    0x01, 0xFD, 0xE0, 0x7F, 0x3C, 0x0F, 0x27, 0xC1, 0xE0, 0x78, 0x7C, 0x0F, 0x0F, 0x01, 0xF1, 0xE0,
    0x1E, 0x3C, 0x03, 0xCF, 0x00, 0x7D, 0xE0, 0x07, 0xBC, 0x00, 0xFF, 0x80, 0x1F, 0xE0, 0x01, 0xFC,
    0x00, 0x3F, 0x80, 0x03, 0xE0, 0x00, 0xF0, 0x3F, 0xF0, 0xFD, 0xE3, 0xFB, 0xC7, 0x87, 0x8F, 0x07,
    0xBC, 0x0F, 0x78, 0x1E, 0xF0, 0x1F, 0xC0, 0x3F, 0x80, 0x7E, 0x00, 0x7C, 0x00, 0xF0, 0x00, 0x0C,
    0x30, 0x07, 0x9C, 0x01, 0xFF, 0x00, 0x3F, 0x80, 0x03, 0xC0, 0x00, 0x00, 0x00, 0x00, 0x03, 0xC0,
    0x78, 0xF0, 0x3E, 0x3C, 0x1F, 0x8F, 0x07, 0xE3, 0xC3, 0xF8, 0xF1, 0xFE, 0x3C, 0xFF, 0x8F, 0x3D,
    0xE3, 0xDE, 0x78, 0xFF, 0x1E, 0x3F, 0x87, 0x8F, 0xE1, 0xE3, 0xF0, 0x78, 0xFC, 0x1E, 0x3E, 0x07,
    0xFF, 0x01, 0xFF, 0xC0, 0x7F, 0x00, 0x03, 0xC0, 0x00, 0xE0, 0x00, 0x78, 0x00, 0x1C, 0x00, 0x02,
    0x00, 0x30, 0xC3, 0xCF, 0x0F, 0xF0, 0x7F, 0x80, 0xF0, 0x00, 0x00, 0x00, 0x1E, 0x3C, 0xF1, 0xE7,
    0x9F, 0x3C, 0xF9, 0xEF, 0xCF, 0x7E, 0x7F, 0xF3, 0xF7, 0x9F, 0xBC, 0xF9, 0xE7, 0xCF, 0xFC, 0x7F,
    0xE3, 0xF0, 0x07, 0x00, 0x78, 0x03, 0x80, 0x08, 0x3C, 0x00, 0xFF, 0x80, 0xFF, 0x80, 0xFF, 0x80,
    0x3C, 0x00, 0x3C, 0x00, 0x3F, 0xF0, 0x3F, 0xFC, 0x3F, 0xFE, 0x3C, 0x1F, 0x3C, 0x0F, 0x3C, 0x0F,
    0x3C, 0x0F, 0x3C, 0x1F, 0x3F, 0xFE, 0x3F, 0xFC, 0x3F, 0xF0, 0x3C, 0x01, 0xE0, 0x3F, 0xE1, 0xFF,
    0x03, 0xC0, 0x1F, 0xF0, 0xFF, 0xC7, 0xFF, 0x3C, 0x79, 0xE3, 0xCF, 0x1E, 0x7F, 0xF3, 0xFF, 0x0F,
    0xE0, 0xFF, 0x87, 0xFF, 0x3F, 0xFD, 0xE1, 0xFF, 0x07, 0xF9, 0xBF, 0xDD, 0xFE, 0xFF, 0xFF, 0xF7,
    0xFF, 0x3F, 0xF9, 0xE1, 0xCF, 0x0E, 0x78, 0x23, 0xC0, 0x1E, 0x00, 0xF0, 0x00, 0x7F, 0x0F, 0xFC,
    0xFF, 0xEF, 0x1E, 0xF0, 0xFF, 0x0F, 0xF0, 0xFF, 0x2F, 0xF7, 0xFF, 0x7E, 0xFF, 0xEF, 0xFC, 0xFF,
    0xCF, 0x0E, 0xF0, 0xEF, 0x04, 0xF0, 0x0F, 0x00, 0x01, 0xE0, 0x3C, 0x07, 0xFF, 0xFF, 0xFF, 0xFF,
    0xFC, 0x07, 0x80, 0xF0, 0x1E, 0x03, 0xC0, 0x78, 0x0F, 0x01, 0xE0, 0x3C, 0x07, 0x80, 0xF0, 0x1E,
    0x03, 0xC0, 0x78, 0x00, 0x07, 0x83, 0xC1, 0xFF, 0xFF, 0xFF, 0xFF, 0xC1, 0xE0, 0xF0, 0x78, 0x3C,
    0x1E, 0x0F, 0x07, 0x83, 0xC1, 0xE0, 0x3F, 0xFE, 0x7F, 0xFC, 0xFF, 0xF9, 0xE0, 0x03, 0xC0, 0x07,
    0x80, 0x0F, 0x00, 0x7F, 0xE0, 0xFF, 0xC1, 0xFF, 0x80, 0xF0, 0x01, 0xE0, 0x03, 0xC0, 0x07, 0x80,
    0x0F, 0x00, 0x1E, 0x00, 0x3C, 0x00, 0x3F, 0xF3, 0xFF, 0x3F, 0xF3, 0xC0, 0x3C, 0x03, 0xC0, 0xFF,
    0x8F, 0xF8, 0x3C, 0x03, 0xC0, 0x3C, 0x03, 0xC0, 0x3C, 0x00, 0xFF, 0xF3, 0xFF, 0xCF, 0xFF, 0x3C,
    0x00, 0xF0, 0x03, 0xC0, 0x0F, 0xFC, 0x3F, 0xF8, 0xFF, 0xF3, 0xC3, 0xEF, 0x07, 0xBC, 0x0F, 0xF0,
    0x3F, 0xC0, 0xFF, 0x03, 0xFC, 0x0F, 0xF0, 0x3C, 0x01, 0xE0, 0x0F, 0x81, 0xFC, 0x07, 0xE0, 0x1E,
    0x00, 0xFF, 0x9F, 0xF3, 0xFE, 0x78, 0x0F, 0x01, 0xFE, 0x3F, 0xE7, 0xFE, 0xF3, 0xFE, 0x3F, 0xC7,
    0xF8, 0xFF, 0x1E, 0x03, 0xC0, 0xF8, 0x7E, 0x0F, 0x81, 0xE0, 0xF8, 0x3C, 0x1F, 0x3E, 0x1E, 0x1F,
    0x0F, 0x8F, 0x1F, 0x07, 0xC7, 0x8F, 0x01, 0xF3, 0xCF, 0x80, 0x7D, 0xEF, 0x80, 0x1F, 0xFF, 0x80,
    0x07, 0xFF, 0x80, 0x03, 0xFF, 0xC0, 0x03, 0xFF, 0xE0, 0x01, 0xFF, 0xF8, 0x01, 0xF7, 0xBE, 0x01,
    0xF3, 0xCF, 0x81, 0xF1, 0xE3, 0xE0, 0xF8, 0xF0, 0xFE, 0xF8, 0x78, 0x7F, 0xF8, 0x3C, 0x1F, 0x80,
    0x00, 0x03, 0xC0, 0x00, 0x01, 0xE0, 0x00, 0x00, 0xF0, 0x00, 0x00, 0x78, 0xF8, 0x78, 0xF9, 0xF1,
    0xE7, 0xC3, 0xE7, 0x9F, 0x07, 0xDE, 0xF8, 0x0F, 0xFF, 0xC0, 0x1F, 0xFE, 0x00, 0x7F, 0xF8, 0x03,
    0xFF, 0xF0, 0x0F, 0xFF, 0xE0, 0x7D, 0xEF, 0xC3, 0xE7, 0x9F, 0xDF, 0x1E, 0x3F, 0xF8, 0x78, 0x7C,
    0x00, 0x00, 0xF0, 0x00, 0x03, 0xC0, 0x00, 0x0F, 0x00, 0x00, 0x3C, 0x1F, 0x83, 0xFF, 0x1F, 0xF8,
    0x43, 0xE0, 0x0F, 0x00, 0x78, 0x07, 0xC3, 0xFC, 0x1F, 0xE0, 0xFF, 0x80, 0x3E, 0x00, 0xF0, 0x07,
    0xB0, 0x7F, 0xFF, 0xFF, 0xFE, 0x3F, 0xC0, 0x38, 0x01, 0xE0, 0x07, 0x00, 0xF8, 0x07, 0x80, 0x7F,
    0x3F, 0xEF, 0xFC, 0x0F, 0x03, 0xCF, 0xE3, 0xF8, 0xFF, 0x03, 0xC0, 0xFF, 0xFF, 0xFE, 0x7F, 0x07,
    0x01, 0xE0, 0x38, 0x3E, 0x0F, 0x00, 0xF0, 0xFD, 0xE3, 0xF3, 0xCF, 0xC7, 0xBF, 0x0F, 0xFC, 0x1F,
    0xF0, 0x3F, 0xC0, 0x7F, 0x00, 0xFF, 0x01, 0xFE, 0x03, 0xFE, 0x07, 0xBE, 0x0F, 0x3E, 0x1E, 0x3E,
    0x3C, 0x3F, 0xF8, 0x3F, 0xF0, 0x7E, 0x00, 0x3C, 0x00, 0x78, 0x00, 0xF0, 0x01, 0xE0, 0x03, 0xC0,
    0xF1, 0xFF, 0x3E, 0xF7, 0xCF, 0x78, 0xFF, 0x0F, 0xE0, 0xFE, 0x0F, 0xF0, 0xF7, 0x8F, 0x7C, 0xF3,
    0xFF, 0x3F, 0xF1, 0xF0, 0x0F, 0x00, 0xF0, 0x0F, 0x00, 0xF0, 0xF0, 0x07, 0xFC, 0x03, 0xEF, 0x01,
    0xF3, 0xD8, 0xF8, 0xF6, 0x7C, 0x3D, 0xBE, 0x0F, 0x7F, 0x03, 0xFF, 0x80, 0xFF, 0xE0, 0x3F, 0xFC,
    0x0F, 0x6F, 0x83, 0xD9, 0xF0, 0xF6, 0x3E, 0x3D, 0x8F, 0xCF, 0x01, 0xF3, 0xC0, 0x3E, 0xF0, 0x07,
    0xC0, 0xF0, 0x1F, 0xE0, 0x7B, 0xD9, 0xE7, 0xB7, 0xCF, 0x7F, 0x1F, 0xFC, 0x3F, 0xFC, 0x7B, 0xF8,
    0xF6, 0xF9, 0xEC, 0xF3, 0xC1, 0xF7, 0x81, 0xEF, 0x01, 0xE0, 0x3C, 0x00, 0x1E, 0x07, 0xFF, 0xC7,
    0xDF, 0xE7, 0xCF, 0xF7, 0xC1, 0xE7, 0xC0, 0xF7, 0xE0, 0x7F, 0xE0, 0x3F, 0xE0, 0x1F, 0xE0, 0x0F,
    0xF8, 0x07, 0xFE, 0x03, 0xDF, 0x81, 0xE7, 0xE0, 0xF1, 0xF8, 0x78, 0x7C, 0x3C, 0x1F, 0x1E, 0x07,
    0xC0, 0x3C, 0x03, 0xFD, 0xFF, 0xFF, 0xBF, 0xFC, 0x3F, 0xE0, 0xFF, 0x03, 0xFC, 0x0F, 0xE0, 0x3F,
    0xC0, 0xFF, 0x03, 0xFE, 0x0F, 0x7C, 0x3C, 0xF8, 0xF1, 0xF0, 0xFF, 0x07, 0xFF, 0xE1, 0xFB, 0xFC,
    0x7E, 0x07, 0x9F, 0x80, 0xF7, 0xE0, 0x1F, 0xF8, 0x03, 0xFE, 0x00, 0x7F, 0x80, 0x0F, 0xF8, 0x01,
    0xFF, 0x80, 0x3D, 0xF0, 0x07, 0x9F, 0x00, 0xF1, 0xF0, 0x1E, 0x1F, 0x03, 0xC1, 0xE0, 0x78, 0x3E,
    0x0F, 0x03, 0xE0, 0xFE, 0x3F, 0xFC, 0xFB, 0xFB, 0xE0, 0xFF, 0x81, 0xFE, 0x03, 0xF8, 0x07, 0xF8,
    0x0F, 0xF8, 0x1E, 0xF0, 0x3D, 0xF0, 0x79, 0xF0, 0xF1, 0xE1, 0xE3, 0xE0, 0xF0, 0x78, 0x78, 0x3C,
    0x3C, 0x1E, 0x1E, 0x0F, 0x0F, 0x07, 0x87, 0x83, 0xC3, 0xC1, 0xE1, 0xFF, 0xF0, 0xFF, 0xF8, 0x7F,
    0xFC, 0x3C, 0x1E, 0x1E, 0x0F, 0x0F, 0x07, 0x87, 0x83, 0xC3, 0xC1, 0xFF, 0xE0, 0xFF, 0xF0, 0x7F,
    0x80, 0x03, 0xC0, 0x01, 0xE0, 0x00, 0xF0, 0x00, 0x78, 0x00, 0x3C, 0xF3, 0xC7, 0x9E, 0x3C, 0xF1,
    0xE7, 0x8F, 0x3C, 0x7F, 0xE3, 0xFF, 0x1F, 0xF8, 0xF3, 0xC7, 0x9E, 0x3C, 0xFF, 0xE7, 0xFF, 0x3F,
    0x80, 0x3C, 0x01, 0xE0, 0x0F, 0x00, 0x78, 0xF0, 0x3F, 0xFE, 0x07, 0xFF, 0xC0, 0xFF, 0xF8, 0x1E,
    0x0F, 0x03, 0xC1, 0xE0, 0x78, 0x3C, 0x0F, 0x07, 0xFF, 0xE0, 0xFF, 0xFC, 0x1F, 0xFF, 0x83, 0xC0,
    0xF0, 0x78, 0x1E, 0x0F, 0x03, 0xC1, 0xE0, 0x78, 0x3C, 0x0F, 0x07, 0x81, 0xE0, 0xF0, 0x3C, 0x00,
    0xF1, 0xFF, 0xC7, 0xFF, 0x1F, 0xFC, 0x78, 0xF1, 0xE3, 0xFF, 0x8F, 0xFE, 0x3F, 0xF8, 0xF1, 0xE3,
    0xC7, 0x8F, 0x1E, 0x3C, 0x78, 0xF1, 0xE0, 0xFF, 0xFC, 0x00, 0x7F, 0xFE, 0x00, 0x3F, 0xFF, 0x00,
    0x1E, 0x07, 0x80, 0x0F, 0x03, 0xC0, 0x07, 0x81, 0xE0, 0x03, 0xC0, 0xFF, 0xC1, 0xE0, 0x7F, 0xF8,
    0xF0, 0x3F, 0xFE, 0x78, 0x1E, 0x0F, 0xBC, 0x0F, 0x03, 0xDE, 0x07, 0x80, 0xFF, 0x03, 0xC0, 0x7F,
    0x81, 0xE0, 0x3F, 0xC0, 0xF0, 0x1F, 0xE0, 0x78, 0x0F, 0xF0, 0x3C, 0x07, 0x80, 0x00, 0x07, 0x80,
    0x00, 0x07, 0xC0, 0x00, 0x1F, 0xC0, 0x00, 0x0F, 0xC0, 0x00, 0x07, 0x80, 0xFF, 0xF0, 0x1F, 0xFE,
    0x03, 0xFF, 0xC0, 0x78, 0x78, 0x0F, 0x0F, 0x01, 0xE1, 0xFE, 0x3C, 0x3F, 0xE7, 0x87, 0xFE, 0xF0,
    0xF3, 0xFE, 0x1E, 0x3F, 0xC3, 0xC7, 0xF8, 0x78, 0xFF, 0x0F, 0x1E, 0x00, 0x03, 0xC0, 0x00, 0xF8,
    0x00, 0x7E, 0x00, 0x0F, 0x80, 0x01, 0xE0, 0x03, 0xF8, 0x03, 0xFE, 0x03, 0xFF, 0x81, 0xF8, 0x20,
    0x78, 0x00, 0x3E, 0x0F, 0x8F, 0x07, 0xFB, 0xC3, 0xFE, 0xF1, 0xF3, 0xFC, 0x78, 0xFF, 0x1E, 0x3F,
    0xC7, 0x8F, 0x79, 0xE3, 0xDF, 0x79, 0xE3, 0xFF, 0xF8, 0x7F, 0xFC, 0x07, 0xFC, 0x00, 0x1F, 0x80,
    0x03, 0xF8, 0x00, 0x7E, 0x00, 0x03, 0x80, 0x0F, 0xC0, 0xFF, 0x07, 0xFC, 0x1E, 0x00, 0xF1, 0xF3,
    0xCF, 0xEF, 0x7F, 0xFD, 0xCF, 0xF7, 0x3F, 0xFC, 0xF7, 0xFF, 0x8F, 0xFC, 0x0F, 0xC0, 0x0F, 0x80,
    0x1F, 0xC0, 0x3F, 0x00, 0x38, 0x07, 0xF0, 0x7F, 0xF3, 0xFF, 0xDF, 0x82, 0x78, 0x03, 0xE0, 0x0F,
    0x00, 0x3C, 0x00, 0xF0, 0x03, 0xC0, 0x0F, 0x00, 0x3E, 0x00, 0x78, 0x01, 0xF0, 0x23, 0xFF, 0xC7,
    0xFF, 0x03, 0xF8, 0x07, 0x00, 0x1E, 0x00, 0x38, 0x03, 0xE0, 0x0F, 0x00, 0x0F, 0xC7, 0xFD, 0xFF,
    0x3C, 0x0F, 0x01, 0xE0, 0x3C, 0x07, 0x80, 0xF0, 0x0F, 0x01, 0xFF, 0x9F, 0xF0, 0x7E, 0x1E, 0x00,
    0xE0, 0x1C, 0x1F, 0x83, 0xE0, 0xFF, 0xFF, 0xFF, 0xFF, 0xFF, 0xC1, 0xE0, 0x07, 0x80, 0x1E, 0x00,
    0x78, 0x01, 0xE0, 0x07, 0x80, 0x1E, 0x00, 0x78, 0x01, 0xE0, 0x07, 0x80, 0x1E, 0x00, 0x7F, 0x01,
    0xFC, 0x07, 0xF0, 0x03, 0xC0, 0x0F, 0x00, 0x3C, 0x00, 0xF0, 0x03, 0xC0, 0xFF, 0xFF, 0xFF, 0xFF,
    0xF0, 0xF0, 0x0F, 0x00, 0xF0, 0x0F, 0x00, 0xF0, 0x0F, 0x00, 0xF0, 0x0F, 0xE0, 0xFE, 0x0F, 0xE0,
    0x1E, 0x01, 0xE0, 0x1E, 0x01, 0xE0, 0xF8, 0x1F, 0x78, 0x1E, 0x7C, 0x3E, 0x3C, 0x3C, 0x3E, 0x7C,
    0x1F, 0xF8, 0x0F, 0xF0, 0x0F, 0xF0, 0x07, 0xE0, 0x07, 0xE0, 0x03, 0xC0, 0x03, 0xC0, 0x03, 0xC0,
    0x03, 0xC0, 0x03, 0xC0, 0x03, 0xC0, 0x03, 0xC0, 0xF0, 0x3D, 0xE1, 0xE7, 0x87, 0x9E, 0x3E, 0x3C,
    0xF0, 0xF3, 0xC1, 0xFF, 0x07, 0xF8, 0x1F, 0xE0, 0x3F, 0x00, 0xFC, 0x01, 0xE0, 0x07, 0x80, 0x1E,
    0x00, 0x78, 0x01, 0xE0, 0x07, 0x80, 0x1E, 0x00, 0xF8, 0x1F, 0x78, 0x1E, 0x7C, 0x3E, 0x3C, 0x3C,
    0x1E, 0x78, 0x1F, 0xF8, 0x0F, 0xF0, 0x0F, 0xF0, 0x07, 0xE0, 0x03, 0xC0, 0x1F, 0xF8, 0x1F, 0xF8,
    0x1F, 0xF8, 0x03, 0xC0, 0x03, 0xC0, 0x03, 0xC0, 0x03, 0xC0, 0xF0, 0x3D, 0xE1, 0xF7, 0x87, 0x9E,
    0x1E, 0x3C, 0xF0, 0xF3, 0xC3, 0xCF, 0x07, 0xF8, 0x1F, 0xE0, 0x7F, 0x80, 0xFC, 0x0F, 0xFC, 0x3F,
    0xF0, 0x1E, 0x00, 0x78, 0x01, 0xE0, 0x07, 0x80, 0x1E, 0x00, 0xF8, 0x0F, 0x9F, 0x07, 0xC3, 0xE1,
    0xE0, 0x78, 0xF0, 0x1F, 0x7C, 0x03, 0xFE, 0x00, 0x7F, 0x00, 0x1F, 0xC0, 0x03, 0xE0, 0x01, 0xFC,
    0x00, 0x7F, 0x00, 0x3F, 0xE0, 0x1F, 0x7C, 0x0F, 0x8F, 0x83, 0xC1, 0xFD, 0xF0, 0x7F, 0xF8, 0x0F,
    0xC0, 0x00, 0xF0, 0x00, 0x3C, 0x00, 0x0F, 0x00, 0x03, 0xC0, 0x00, 0xF0, 0xF8, 0x7D, 0xF3, 0xE3,
    0xFF, 0x07, 0xFC, 0x1F, 0xE0, 0x3F, 0x00, 0x78, 0x03, 0xF0, 0x1F, 0xE0, 0xFF, 0xC3, 0xEF, 0xDF,
    0x3F, 0xF8, 0x7C, 0x00, 0x70, 0x01, 0xC0, 0x07, 0x00, 0x1C, 0xFF, 0xF1, 0xE3, 0xFF, 0xC7, 0x8F,
    0xFF, 0x1E, 0x03, 0xC0, 0x78, 0x0F, 0x01, 0xE0, 0x3C, 0x07, 0x80, 0xF0, 0x1E, 0x03, 0xC0, 0x78,
    0x0F, 0x01, 0xE0, 0x3C, 0x07, 0x80, 0xF0, 0x1E, 0x03, 0xC0, 0x78, 0x0F, 0x01, 0xE0, 0x3C, 0x07,
    0x80, 0xFF, 0xFF, 0xC3, 0xFF, 0xFF, 0x0F, 0xFF, 0xFC, 0x00, 0x00, 0xF0, 0x00, 0x03, 0xC0, 0x00,
    0x0F, 0x00, 0x00, 0x3C, 0x00, 0x00, 0xF0, 0xFF, 0xCF, 0x1F, 0xF9, 0xE3, 0xFF, 0x3C, 0x0F, 0x07,
    0x81, 0xE0, 0xF0, 0x3C, 0x1E, 0x07, 0x83, 0xC0, 0xF0, 0x78, 0x1E, 0x0F, 0x03, 0xC1, 0xE0, 0x7F,
    0xFF, 0x8F, 0xFF, 0xF1, 0xFF, 0xFE, 0x00, 0x03, 0xC0, 0x00, 0x78, 0x00, 0x0F, 0x00, 0x01, 0xE0,
    0xF0, 0x1E, 0x78, 0x0F, 0x3C, 0x07, 0x9E, 0x03, 0xCF, 0x01, 0xE7, 0x80, 0xF3, 0xC0, 0x79, 0xF0,
    0x3C, 0x7F, 0xFE, 0x1F, 0xFF, 0x03, 0xFF, 0x80, 0x03, 0xC0, 0x01, 0xE0, 0x00, 0xF0, 0x00, 0x7E,
    0x00, 0x3F, 0x00, 0x1F, 0x80, 0x03, 0xC0, 0x01, 0xE0, 0x00, 0xF0, 0x00, 0x78, 0x00, 0x3C, 0xF0,
    0xF1, 0xE1, 0xE3, 0xC3, 0xC7, 0x87, 0x8F, 0x0F, 0x1E, 0x1E, 0x3F, 0xFC, 0x3F, 0xF8, 0x1F, 0xF0,
    0x01, 0xE0, 0x03, 0xF8, 0x07, 0xF0, 0x0F, 0xE0, 0x03, 0xC0, 0x07, 0x80, 0x0F, 0x00, 0x1E, 0xF0,
    0x3F, 0xC0, 0xFF, 0x03, 0xFC, 0x0F, 0xF0, 0x3F, 0xCC, 0xFF, 0x33, 0xFE, 0xCF, 0x7F, 0xFD, 0xFF,
    0xF1, 0xFF, 0xC0, 0xCF, 0x03, 0x3C, 0x0C, 0xF0, 0x03, 0xC0, 0x0F, 0x00, 0x3C, 0xF0, 0xFF, 0x0F,
    0xF0, 0xFF, 0x0F, 0xF6, 0xFF, 0x6F, 0xFF, 0xF7, 0xFF, 0x3F, 0xF0, 0x6F, 0x06, 0xF0, 0x0F, 0x00,
    0xF0, 0xF0, 0x03, 0xC0, 0x0F, 0x00, 0x3C, 0x00, 0xF0, 0x03, 0xFF, 0x8F, 0xFF, 0x3F, 0xFE, 0xF0,
    0x7F, 0xC0, 0xFF, 0x03, 0xFC, 0x0F, 0xF0, 0x3F, 0xC0, 0xFF, 0x03, 0xFC, 0x0F, 0xF0, 0x3C, 0x70,
    0x1E, 0x03, 0xC0, 0x78, 0x0F, 0x01, 0xE0, 0x3F, 0xE7, 0xFE, 0xFF, 0xDE, 0x7F, 0xC7, 0xF8, 0xFF,
    0x1F, 0xE3, 0xFC, 0x7F, 0x8F, 0xF1, 0xFE, 0x3F, 0xC7, 0x80, 0x00, 0x3F, 0x00, 0x07, 0xFE, 0x00,
    0x7F, 0xF8, 0x07, 0xC3, 0xEE, 0x3C, 0x0F, 0x73, 0xC0, 0x3F, 0xDE, 0x01, 0xFF, 0xFF, 0xFF, 0x7F,
    0xFF, 0xF8, 0x7F, 0xFF, 0xC1, 0xE0, 0x00, 0x0F, 0x00, 0x00, 0x3C, 0x00, 0x01, 0xF0, 0x30, 0x07,
    0xFF, 0xC0, 0x1F, 0xFE, 0x00, 0x3F, 0xC0, 0x00, 0xF8, 0x01, 0xFF, 0x39, 0xFF, 0xDC, 0xF1, 0xEF,
    0xF0, 0x7F, 0xFF, 0xFD, 0xFF, 0xFE, 0x3F, 0xFF, 0x0F, 0x00, 0x07, 0xC0, 0x81, 0xFF, 0xC0, 0x7F,
    0xE0, 0x0F, 0xE0, 0x00, 0x3F, 0x00, 0x07, 0xFE, 0x00, 0x7F, 0xF8, 0x07, 0xC3, 0xEE, 0x3C, 0x0F,
    0x73, 0xC0, 0x3F, 0xDE, 0x01, 0xFF, 0xFF, 0xFF, 0x7F, 0xFF, 0xF8, 0x7F, 0xFF, 0xC1, 0xE0, 0x00,
    0x0F, 0x00, 0x00, 0x3C, 0x00, 0x01, 0xF0, 0x30, 0x07, 0xFF, 0xC0, 0x1F, 0xFE, 0x00, 0x3F, 0xC0,
    0x00, 0xF0, 0x00, 0x07, 0x80, 0x00, 0x3C, 0x00, 0x01, 0xE0, 0x00, 0x00, 0xF8, 0x01, 0xFF, 0x39,
    0xFF, 0xDC, 0xF1, 0xEF, 0xF0, 0x7F, 0xFF, 0xFD, 0xFF, 0xFE, 0x3F, 0xFF, 0x0F, 0x00, 0x03, 0xC0,
    0x81, 0xFF, 0xC0, 0x7F, 0xE0, 0x0F, 0xF0, 0x01, 0xC0, 0x00, 0xE0, 0x00, 0x70, 0xFF, 0xFF, 0xFF,
    0xFF, 0xFF, 0xFF, 0xFF, 0xFF, 0xF0, 0x00, 0x42, 0x00, 0x01, 0xC7, 0x80, 0x01, 0xFF, 0x00, 0x00,
    0xFF, 0x00, 0x00, 0x7C, 0x00, 0x00, 0x00, 0x00, 0x00, 0x00, 0x00, 0xF8, 0x3C, 0x1F, 0x7C, 0x3C,
    0x3E, 0x3E, 0x3C, 0x7C, 0x3E, 0x3C, 0x78, 0x1F, 0x3C, 0xF8, 0x0F, 0xBD, 0xF0, 0x07, 0xFF, 0xE0,
    0x03, 0xFF, 0xC0, 0x03, 0xFF, 0xC0, 0x07, 0xFF, 0xE0, 0x07, 0xFF, 0xE0, 0x0F, 0xBD, 0xF0, 0x1F,
    0x3C, 0xF8, 0x3E, 0x3C, 0x7C, 0x3E, 0x3C, 0x7C, 0x7C, 0x3C, 0x3E, 0xF8, 0x3C, 0x1F, 0x00, 0x84,
    0x00, 0x0F, 0x3C, 0x00, 0x3F, 0xF0, 0x00, 0x7F, 0x80, 0x00, 0x78, 0x00, 0x00, 0x00, 0x00, 0x00,
    0x00, 0x3E, 0x1E, 0x1F, 0x7C, 0x78, 0xF8, 0xF9, 0xE7, 0xC1, 0xF7, 0xBE, 0x03, 0xFF, 0xF0, 0x07,
    0xFF, 0x80, 0x1F, 0xFE, 0x00, 0xFF, 0xFC, 0x03, 0xFF, 0xF0, 0x1F, 0x7B, 0xE0, 0xF9, 0xE7, 0xC7,
    0xC7, 0x8F, 0xBE, 0x1E, 0x1F, 0xF0, 0x3F, 0xE0, 0xFB, 0xC3, 0xE7, 0x8F, 0x8F, 0x3E, 0x1E, 0xF8,
    0x3F, 0xE0, 0x7F, 0xF0, 0xFF, 0xF1, 0xFF, 0xF3, 0xC3, 0xF7, 0x81, 0xEF, 0x01, 0xFE, 0x03, 0xFC,
    0x07, 0xF8, 0x0F, 0xF0, 0x1E, 0x00, 0x7C, 0x01, 0xF0, 0x1F, 0xC0, 0x3F, 0x00, 0x7C, 0x00, 0xF3,
    0xFE, 0x7B, 0xDE, 0x7B, 0x8F, 0xE1, 0xFE, 0x3F, 0xE7, 0xFE, 0xF3, 0xFE, 0x3F, 0xC7, 0xF8, 0xFF,
    0x1E, 0x03, 0xC0, 0xF8, 0x7E, 0x0F, 0x81, 0xE0, 0x07, 0xFF, 0x80, 0x7F, 0xF8, 0x07, 0xFF, 0x80,
    0x78, 0x78, 0x07, 0x87, 0x80, 0x78, 0x78, 0x07, 0x87, 0x80, 0x78, 0x78, 0x0F, 0x87, 0x80, 0xF0,
    0x78, 0x0F, 0x07, 0x80, 0xF0, 0x78, 0x1F, 0x07, 0x83, 0xE0, 0x78, 0xFC, 0x07, 0xFF, 0x80, 0x7F,
    0xE0, 0x07, 0xF0, 0x00, 0x1E, 0x00, 0x01, 0xE0, 0x00, 0x3E, 0x00, 0x03, 0xC0, 0x00, 0x08, 0x0F,
    0xFC, 0x0F, 0xFC, 0x0F, 0xFC, 0x0F, 0x3C, 0x0F, 0x3C, 0x0F, 0x3C, 0x0F, 0x3C, 0x1F, 0x3C, 0x1E,
    0x3C, 0x3E, 0x3C, 0xFC, 0x3F, 0xF8, 0x3F, 0xE0, 0x3F, 0x00, 0x0E, 0x00, 0x0E, 0x00, 0x1C, 0x00,
    0x08, 0xF0, 0x3F, 0xC0, 0xFF, 0x03, 0xFC, 0x0F, 0xF0, 0x3F, 0xC0, 0xFF, 0x03, 0xFF, 0xFF, 0xFF,
    0xFF, 0xFF, 0xFF, 0x03, 0xFC, 0x0F, 0xF0, 0x3F, 0xC0, 0xFF, 0x03, 0xFC, 0x0F, 0xF0, 0x3C, 0x00,
    0xF0, 0x03, 0xC0, 0x7F, 0x01, 0xF8, 0x07, 0xC0, 0xF1, 0xFE, 0x3F, 0xC7, 0xF8, 0xFF, 0x1F, 0xFF,
    0xFF, 0xFF, 0xFF, 0xF1, 0xFE, 0x3F, 0xC7, 0xF8, 0xFF, 0x1E, 0x03, 0xC0, 0x78, 0x7F, 0x0F, 0xC1,
    0xF0, 0xF0, 0x3C, 0x78, 0x1E, 0x3C, 0x0F, 0x1E, 0x07, 0x8F, 0x03, 0xC7, 0x81, 0xE3, 0xC0, 0xF1,
    0xFF, 0xF8, 0xFF, 0xFC, 0x7F, 0xFE, 0x3C, 0x0F, 0x1E, 0x07, 0x8F, 0x03, 0xC7, 0x81, 0xE3, 0xC0,
    0xFF, 0xE0, 0x7F, 0xF0, 0x3F, 0x80, 0x03, 0x80, 0x03, 0xC0, 0x01, 0xE0, 0x01, 0xE0, 0x00, 0x20,
    0xF1, 0xE7, 0x8F, 0x3C, 0x79, 0xE3, 0xCF, 0x1E, 0x7F, 0xF3, 0xFF, 0x9F, 0xFC, 0xF1, 0xE7, 0x8F,
    0x3C, 0x7F, 0xE3, 0xFF, 0x1F, 0x80, 0x38, 0x03, 0xC0, 0x1C, 0x00, 0x40, 0xF0, 0x3F, 0xC0, 0xFF,
    0x03, 0xFC, 0x0F, 0xF0, 0x3F, 0xC0, 0xFF, 0x03, 0xFE, 0x0F, 0x7F, 0xFC, 0xFF, 0xF1, 0xFF, 0xC0,
    0x0F, 0x00, 0x3C, 0x00, 0xF0, 0x1F, 0xC0, 0x7F, 0x01, 0xFC, 0x07, 0x80, 0x1E, 0x00, 0x78, 0x01,
    0xE0, 0x07, 0x80, 0xF1, 0xFE, 0x3F, 0xC7, 0xF8, 0xFF, 0x1F, 0xFF, 0xDF, 0xF9, 0xFF, 0x01, 0xE0,
    0x3C, 0x3F, 0x87, 0xF0, 0xFE, 0x1E, 0x03, 0xC0, 0x78, 0x0F, 0x00, 0x7C, 0x03, 0xC1, 0xF0, 0x1F,
    0x07, 0xC0, 0x7C, 0x1F, 0x83, 0xF0, 0x7E, 0x0F, 0xC1, 0xFC, 0x7F, 0x0F, 0xF1, 0xFE, 0x3D, 0xEF,
    0x78, 0xF3, 0xB9, 0xE3, 0xCE, 0xE7, 0x8F, 0x3F, 0x9E, 0x3C, 0x7C, 0x78, 0xF1, 0xF1, 0xE3, 0xC7,
    0x87, 0x8F, 0x0E, 0x1F, 0xFC, 0x00, 0x7F, 0xF0, 0x01, 0xFC, 0x00, 0x00, 0xE0, 0x00, 0x07, 0x80,
    0x00, 0x1E, 0x00, 0x00, 0xF0, 0x00, 0x00, 0x80, 0x78, 0x1E, 0x1E, 0x07, 0x87, 0xC3, 0xE1, 0xF8,
    0xF8, 0x7E, 0x3F, 0x3F, 0xDF, 0xCF, 0x76, 0xF3, 0xDF, 0xBC, 0xF3, 0xCF, 0x3C, 0xF3, 0xCF, 0x18,
    0xFF, 0xC0, 0x3F, 0xF0, 0x0F, 0xC0, 0x00, 0xE0, 0x00, 0x38, 0x00, 0x1C, 0x00, 0x02, 0x00, 0xFF,
    0xFF, 0xFF, 0xFF, 0xFF, 0xFF, 0xFF, 0xFF, 0xF0, 0x04, 0x20, 0x0F, 0x1C, 0x03, 0xFE, 0x01, 0xFE,
    0x00, 0x3E, 0x00, 0x00, 0x00, 0x00, 0x00, 0x07, 0xC0, 0x03, 0xE0, 0x03, 0xF8, 0x01, 0xFC, 0x00,
    0xEE, 0x00, 0xF7, 0x80, 0x7B, 0xC0, 0x78, 0xF0, 0x3C, 0x78, 0x1E, 0x3C, 0x1F, 0xFF, 0x0F, 0xFF,
    0x87, 0xFF, 0xC7, 0x80, 0xF3, 0xC0, 0x7B, 0xE0, 0x3D, 0xE0, 0x0F, 0x21, 0x1E, 0x39, 0xFF, 0x1F,
    0xC1, 0xF0, 0x00, 0x00, 0x03, 0xF8, 0x7F, 0xCF, 0xFD, 0x0F, 0x80, 0xF3, 0xFE, 0xFF, 0xFF, 0xFF,
    0x8F, 0xF1, 0xFF, 0xFD, 0xFF, 0x9F, 0xE0, 0x0E, 0x38, 0x0F, 0x3C, 0x07, 0x9E, 0x01, 0xC7, 0x00,
    0x00, 0x00, 0x00, 0x00, 0x0F, 0x80, 0x07, 0xC0, 0x07, 0xF0, 0x03, 0xF8, 0x01, 0xDC, 0x01, 0xEF,
    0x00, 0xF7, 0x80, 0xF1, 0xE0, 0x78, 0xF0, 0x3C, 0x78, 0x3F, 0xFE, 0x1F, 0xFF, 0x0F, 0xFF, 0x8F,
    0x01, 0xE7, 0x80, 0xF7, 0xC0, 0x7B, 0xC0, 0x1E, 0x30, 0xCF, 0x3D, 0xE7, 0x98, 0x60, 0x00, 0x00,
    0x1F, 0xC3, 0xFE, 0x7F, 0xE8, 0x7C, 0x07, 0x9F, 0xF7, 0xFF, 0xFF, 0xFC, 0x7F, 0x8F, 0xFF, 0xEF,
    0xFC, 0xFF, 0x00, 0x00, 0x7F, 0xFE, 0x00, 0xFF, 0xFE, 0x00, 0xFF, 0xFE, 0x01, 0xFF, 0x00, 0x01,
    0xEF, 0x00, 0x03, 0xEF, 0x00, 0x03, 0xCF, 0x00, 0x07, 0xCF, 0xFE, 0x0F, 0x8F, 0xFE, 0x0F, 0x8F,
    0xFE, 0x1F, 0xFF, 0x00, 0x1F, 0xFF, 0x00, 0x3F, 0xFF, 0x00, 0x3C, 0x0F, 0x00, 0x7C, 0x0F, 0xFF,
    0x78, 0x0F, 0xFF, 0xF8, 0x0F, 0xFF, 0x3F, 0x8F, 0x87, 0xFF, 0xFC, 0x3F, 0xFF, 0xE0, 0x1F, 0x9E,
    0x00, 0xF0, 0xF1, 0xFF, 0xFF, 0x7F, 0xFF, 0xFF, 0xFF, 0xFF, 0xF0, 0xF0, 0x0F, 0x07, 0x82, 0xFF,
    0xFF, 0xE7, 0xFF, 0xFE, 0x3F, 0x8F, 0xC0, 0x11, 0x0F, 0x1C, 0x7F, 0xC3, 0xF8, 0x1F, 0x00, 0x00,
    0x00, 0x0F, 0xFE, 0xFF, 0xEF, 0xFE, 0xF0, 0x0F, 0x00, 0xF0, 0x0F, 0x00, 0xFF, 0xEF, 0xFE, 0xFF,
    0xEF, 0x00, 0xF0, 0x0F, 0x00, 0xF0, 0x0F, 0xFF, 0xFF, 0xFF, 0xFF, 0x08, 0x41, 0xE7, 0x8F, 0xFC,
    0x3F, 0xC0, 0x78, 0x00, 0x00, 0x00, 0x01, 0xF0, 0x3F, 0xE3, 0xFF, 0x9E, 0x3D, 0xE0, 0xFF, 0xFF,
    0xFF, 0xFF, 0xFF, 0xFE, 0x00, 0x78, 0x13, 0xFF, 0x8F, 0xFC, 0x1F, 0xC0, 0x1F, 0xE0, 0x7F, 0xF8,
    0x7F, 0xFC, 0x30, 0x3E, 0x00, 0x1E, 0x00, 0x0F, 0x00, 0x0F, 0xFF, 0xFF, 0xFF, 0xFF, 0xFF, 0xFF,
    0xF0, 0x0F, 0xF0, 0x1F, 0x78, 0x1E, 0x7C, 0x3E, 0x3F, 0xFC, 0x1F, 0xF8, 0x07, 0xE0, 0x3F, 0x83,
    0xFF, 0x1F, 0xFC, 0x81, 0xE0, 0x07, 0xFF, 0xFF, 0xFF, 0xFF, 0xFF, 0xF0, 0x7F, 0xC7, 0x9F, 0xFC,
    0x7F, 0xC1, 0xF8, 0x00, 0x0C, 0x30, 0x1E, 0x78, 0x1E, 0x78, 0x0C, 0x30, 0x00, 0x00, 0x00, 0x00,
    0x1F, 0xE0, 0x7F, 0xF8, 0x7F, 0xFC, 0x30, 0x3E, 0x00, 0x1E, 0x00, 0x0F, 0x00, 0x0F, 0xFF, 0xFF,
    0xFF, 0xFF, 0xFF, 0xFF, 0xF0, 0x0F, 0xF0, 0x1F, 0x78, 0x1E, 0x7C, 0x3E, 0x3F, 0xFC, 0x1F, 0xF8,
    0x07, 0xE0, 0x38, 0xE1, 0xC7, 0x0E, 0x38, 0x71, 0xC0, 0x00, 0x00, 0x00, 0xFE, 0x0F, 0xFC, 0x7F,
    0xF2, 0x07, 0x80, 0x1F, 0xFF, 0xFF, 0xFF, 0xFF, 0xFF, 0xC1, 0xFF, 0x1E, 0x7F, 0xF1, 0xFF, 0x07,
    0xE0, 0x01, 0xC7, 0x00, 0x01, 0xE7, 0x80, 0x01, 0xE7, 0x80, 0x01, 0xC7, 0x00, 0x00, 0x00, 0x00,
    0x00, 0x00, 0x00, 0xF8, 0x3C, 0x1F, 0x7C, 0x3C, 0x3E, 0x3E, 0x3C, 0x7C, 0x3E, 0x3C, 0x78, 0x1F,
    0x3C, 0xF8, 0x0F, 0xBD, 0xF0, 0x07, 0xFF, 0xE0, 0x03, 0xFF, 0xC0, 0x03, 0xFF, 0xC0, 0x07, 0xFF,
    0xE0, 0x07, 0xFF, 0xE0, 0x0F, 0xBD, 0xF0, 0x1F, 0x3C, 0xF8, 0x3E, 0x3C, 0x7C, 0x3E, 0x3C, 0x7C,
    0x7C, 0x3C, 0x3E, 0xF8, 0x3C, 0x1F, 0x01, 0x86, 0x00, 0x0F, 0x3C, 0x00, 0x3C, 0xF0, 0x00, 0x61,
    0x80, 0x00, 0x00, 0x00, 0x00, 0x00, 0x0F, 0x87, 0x87, 0xDF, 0x1E, 0x3E, 0x3E, 0x79, 0xF0, 0x7D,
    0xEF, 0x80, 0xFF, 0xFC, 0x01, 0xFF, 0xE0, 0x07, 0xFF, 0x80, 0x3F, 0xFF, 0x00, 0xFF, 0xFC, 0x07,
    0xDE, 0xF8, 0x3E, 0x79, 0xF1, 0xF1, 0xE3, 0xEF, 0x87, 0x87, 0xC0, 0x38, 0xE3, 0xCF, 0x1E, 0x78,
    0x71, 0xC0, 0x00, 0x00, 0x00, 0x7E, 0x0F, 0xFC, 0x7F, 0xE1, 0x0F, 0x80, 0x3C, 0x01, 0xE0, 0x1F,
    0x0F, 0xF0, 0x7F, 0x83, 0xFE, 0x00, 0xF8, 0x03, 0xC0, 0x1E, 0xC1, 0xFF, 0xFF, 0x7F, 0xF8, 0xFF,
    0x00, 0x61, 0xBC, 0xFF, 0x3D, 0x86, 0x00, 0x00, 0x07, 0xF3, 0xFE, 0xFF, 0xC0, 0xF0, 0x3C, 0xFE,
    0x3F, 0x8F, 0xF0, 0x3C, 0x0F, 0xFF, 0xFF, 0xE7, 0xF0, 0x7F, 0xFB, 0xFF, 0xDF, 0xFE, 0x01, 0xE0,
    0x1E, 0x03, 0xE0, 0x3E, 0x01, 0xFC, 0x0F, 0xF0, 0x07, 0xC0, 0x1E, 0x00, 0xF0, 0x07, 0xB0, 0x7F,
    0xFF, 0xDF, 0xFC, 0x3F, 0x80, 0x7F, 0xE7, 0xFE, 0x7F, 0xE0, 0x3C, 0x03, 0xC0, 0x78, 0x0F, 0x00,
    0xF0, 0x1F, 0x81, 0xFC, 0x01, 0xE0, 0x0F, 0x00, 0xF0, 0x0F, 0x41, 0xF7, 0xFE, 0xFF, 0xE3, 0xF8,
    0x0F, 0xF0, 0x1F, 0xE0, 0x3F, 0xC0, 0x00, 0x00, 0x00, 0x00, 0x00, 0x3C, 0x07, 0xF8, 0x1F, 0xF0,
    0x7F, 0xE0, 0xFF, 0xC3, 0xFF, 0x8F, 0xFF, 0x3F, 0xFE, 0x7B, 0xFD, 0xE7, 0xFF, 0x8F, 0xFE, 0x1F,
    0xFC, 0x3F, 0xF0, 0x7F, 0xE0, 0xFF, 0x81, 0xFE, 0x03, 0xFC, 0x07, 0x80, 0x7F, 0x8F, 0xF1, 0xFE,
    0x00, 0x00, 0x00, 0x00, 0x3C, 0x7F, 0x8F, 0xF3, 0xFE, 0x7F, 0xDF, 0xFB, 0xFF, 0xFF, 0xFB, 0xFF,
    0x7F, 0xCF, 0xF9, 0xFE, 0x3F, 0xC7, 0x80, 0x0C, 0x30, 0x3C, 0xF0, 0x79, 0xE0, 0x61, 0x80, 0x00,
    0x00, 0x00, 0x3C, 0x07, 0xF8, 0x1F, 0xF0, 0x7F, 0xE0, 0xFF, 0xC3, 0xFF, 0x8F, 0xFF, 0x3F, 0xFE,
    0x7B, 0xFD, 0xE7, 0xFF, 0x8F, 0xFE, 0x1F, 0xFC, 0x3F, 0xF0, 0x7F, 0xE0, 0xFF, 0x81, 0xFE, 0x03,
    0xFC, 0x07, 0x80, 0x71, 0xDE, 0x7B, 0xCF, 0x38, 0xE0, 0x00, 0x00, 0x3C, 0x7F, 0x8F, 0xF3, 0xFE,
    0x7F, 0xDF, 0xFB, 0xFF, 0xFF, 0xFB, 0xFF, 0x7F, 0xCF, 0xF9, 0xFE, 0x3F, 0xC7, 0x80, 0x07, 0x1C,
    0x03, 0xCF, 0x00, 0xF3, 0xC0, 0x1C, 0x70, 0x00, 0x00, 0x00, 0x00, 0x00, 0x3F, 0x00, 0x3F, 0xF0,
    0x3F, 0xFF, 0x1F, 0x87, 0xE7, 0x80, 0x7B, 0xE0, 0x1F, 0xF0, 0x03, 0xFC, 0x00, 0xFF, 0x00, 0x3F,
    0xC0, 0x0F, 0xF0, 0x03, 0xFE, 0x01, 0xF7, 0x80, 0x79, 0xF8, 0x7E, 0x3F, 0xFF, 0x07, 0xFF, 0x80,
    0x3F, 0x00, 0x18, 0x61, 0xE7, 0x8F, 0x3C, 0x30, 0xC0, 0x00, 0x00, 0x00, 0x3E, 0x07, 0xFC, 0x7F,
    0xF3, 0xC7, 0xBC, 0x1F, 0xE0, 0xFF, 0x07, 0xF8, 0x3F, 0xC1, 0xEF, 0x1E, 0x7F, 0xF1, 0xFF, 0x03,
    0xE0, 0x03, 0xF0, 0x03, 0xFF, 0x03, 0xFF, 0xF1, 0xF8, 0x7E, 0x78, 0x07, 0xBE, 0x00, 0xFF, 0x00,
    0x3F, 0xFF, 0xFF, 0xFF, 0xFF, 0xFF, 0xFF, 0xFF, 0x00, 0x3F, 0xC0, 0x1F, 0x78, 0x07, 0x9F, 0x87,
    0xE3, 0xFF, 0xF0, 0x7F, 0xF8, 0x03, 0xF0, 0x00, 0x0F, 0x81, 0xFF, 0x1F, 0xFC, 0xF1, 0xEF, 0x07,
    0xFF, 0xFF, 0xFF, 0xFE, 0x0F, 0xF0, 0x7B, 0xC7, 0x9F, 0xFC, 0x7F, 0xC0, 0xF8, 0x00, 0x07, 0x1C,
    0x03, 0xCF, 0x00, 0xF3, 0xC0, 0x1C, 0x70, 0x00, 0x00, 0x00, 0x00, 0x00, 0x3F, 0x00, 0x3F, 0xF0,
    0x3F, 0xFF, 0x1F, 0x87, 0xE7, 0x80, 0x7B, 0xE0, 0x0F, 0xF0, 0x03, 0xFF, 0xFF, 0xFF, 0xFF, 0xFF,
    0xFF, 0xFF, 0xF0, 0x03, 0xFC, 0x01, 0xF7, 0x80, 0x79, 0xF8, 0x7E, 0x3F, 0xFF, 0x07, 0xFF, 0x80,
    0x3F, 0x00, 0x38, 0xE1, 0xE7, 0x8F, 0x3C, 0x71, 0xC0, 0x00, 0x00, 0x00, 0x3E, 0x07, 0xFC, 0x7F,
    0xF3, 0xC7, 0xBC, 0x1F, 0xFF, 0xFF, 0xFF, 0xF8, 0x3F, 0xC1, 0xEF, 0x1E, 0x7F, 0xF1, 0xFF, 0x03,
    0xE0, 0x18, 0x60, 0x79, 0xE0, 0xF3, 0xC0, 0xC3, 0x00, 0x00, 0x00, 0x00, 0x07, 0xF0, 0x7F, 0xF8,
    0x7F, 0xF8, 0xC0, 0xF8, 0x00, 0xF0, 0x01, 0xF0, 0x01, 0xE1, 0xFF, 0xC3, 0xFF, 0x87, 0xFF, 0x00,
    0x1E, 0x00, 0x3C, 0x00, 0xF3, 0x03, 0xEF, 0xFF, 0x9F, 0xFE, 0x07, 0xF0, 0x00, 0x71, 0xCE, 0x39,
    0xC7, 0x38, 0xE0, 0x00, 0x00, 0x1F, 0x87, 0xFC, 0xFF, 0xC0, 0x78, 0x07, 0x9F, 0xF3, 0xFE, 0x7F,
    0xC0, 0x78, 0x1E, 0xFF, 0xDF, 0xF1, 0xF8, 0x00, 0x0F, 0xF0, 0x0F, 0xF0, 0x0F, 0xF0, 0x00, 0x00,
    0x00, 0x00, 0x00, 0x00, 0xF8, 0x1F, 0x78, 0x1F, 0x78, 0x1E, 0x7C, 0x3E, 0x3C, 0x3C, 0x3E, 0x3C,
    0x1E, 0x7C, 0x1F, 0x78, 0x0F, 0x78, 0x0F, 0xF8, 0x07, 0xF0, 0x07, 0xF0, 0x03, 0xE0, 0x07, 0xE0,
    0x7F, 0xC0, 0x7F, 0x80, 0x7E, 0x00, 0x3F, 0xC1, 0xFE, 0x0F, 0xF0, 0x00, 0x00, 0x00, 0x00, 0x03,
    0xC1, 0xFF, 0x1F, 0x78, 0xF3, 0xC7, 0x9E, 0x3C, 0x7B, 0xC3, 0xDE, 0x1E, 0xF0, 0x77, 0x03, 0xF8,
    0x1F, 0xC0, 0x7C, 0x03, 0xE0, 0x1E, 0x01, 0xF0, 0x7F, 0x03, 0xF8, 0x1F, 0x00, 0x1C, 0x70, 0x1E,
    0x78, 0x1E, 0x78, 0x1C, 0x70, 0x00, 0x00, 0x00, 0x00, 0xF8, 0x1F, 0x78, 0x1F, 0x78, 0x1E, 0x7C,
    0x3E, 0x3C, 0x3C, 0x3E, 0x3C, 0x1E, 0x7C, 0x1F, 0x78, 0x0F, 0x78, 0x0F, 0xF8, 0x07, 0xF0, 0x07,
    0xF0, 0x03, 0xE0, 0x07, 0xE0, 0x7F, 0xC0, 0x7F, 0x80, 0x7E, 0x00, 0x30, 0xC3, 0xCF, 0x1E, 0x78,
    0x61, 0x80, 0x00, 0x00, 0x03, 0xC1, 0xFF, 0x1F, 0x78, 0xF3, 0xC7, 0x9E, 0x3C, 0x7B, 0xC3, 0xDE,
    0x1E, 0xF0, 0x77, 0x03, 0xF8, 0x1F, 0xC0, 0x7C, 0x03, 0xE0, 0x1E, 0x01, 0xF0, 0x7F, 0x03, 0xF8,
    0x1F, 0x00, 0x02, 0x10, 0x03, 0x9C, 0x07, 0xBC, 0x07, 0x38, 0x0E, 0x70, 0x04, 0x20, 0x00, 0x00,
    0xF8, 0x1F, 0x78, 0x1F, 0x78, 0x1E, 0x7C, 0x3E, 0x3C, 0x3C, 0x3E, 0x3C, 0x1E, 0x7C, 0x1F, 0x78,
    0x0F, 0x78, 0x0F, 0xF8, 0x07, 0xF0, 0x07, 0xF0, 0x03, 0xE0, 0x07, 0xE0, 0x7F, 0xC0, 0x7F, 0x80,
    0x7E, 0x00, 0x04, 0x20, 0x73, 0x83, 0x9C, 0x39, 0xC1, 0x8C, 0x08, 0x40, 0x00, 0x1E, 0x0F, 0xF8,
    0xFB, 0xC7, 0x9E, 0x3C, 0xF1, 0xE3, 0xDE, 0x1E, 0xF0, 0xF7, 0x83, 0xB8, 0x1F, 0xC0, 0xFE, 0x03,
    0xE0, 0x1F, 0x00, 0xF0, 0x0F, 0x83, 0xF8, 0x1F, 0xC0, 0xF8, 0x00, 0x1C, 0x70, 0xF3, 0xC3, 0xCF,
    0x07, 0x1C, 0x00, 0x00, 0x00, 0x0F, 0x03, 0xFC, 0x0F, 0xF0, 0x3F, 0xC0, 0xFF, 0x03, 0xFC, 0x0F,
    0xF0, 0x3F, 0xE0, 0xF7, 0xFF, 0xCF, 0xFF, 0x1F, 0xFC, 0x00, 0xF0, 0x03, 0xC0, 0x0F, 0x00, 0x3C,
    0x00, 0xF0, 0x03, 0xC0, 0x61, 0x9E, 0x7B, 0xCF, 0x30, 0xC0, 0x00, 0x00, 0x3C, 0x7F, 0x8F, 0xF1,
    0xFE, 0x3F, 0xC7, 0xF8, 0xFF, 0xFE, 0xFF, 0xCF, 0xF8, 0x0F, 0x01, 0xE0, 0x3C, 0x07, 0x80, 0xFF,
    0xFF, 0xFF, 0xFF, 0xFF, 0x00, 0xF0, 0x0F, 0x00, 0xF0, 0x0F, 0x00, 0xF0, 0x0F, 0x00, 0xF0, 0x0F,
    0x00, 0xF0, 0x0F, 0x00, 0xFE, 0x0F, 0xE0, 0xFE, 0x01, 0xE0, 0x1E, 0x01, 0xE0, 0x1E, 0x01, 0xE0,
    0xFF, 0xFF, 0xFF, 0xFF, 0xC0, 0xF0, 0x3C, 0x0F, 0x03, 0xC0, 0xF0, 0x3C, 0x0F, 0xE3, 0xF8, 0xFE,
    0x07, 0x81, 0xE0, 0x78, 0x1E, 0x00, 0x03, 0x0C, 0x00, 0xF3, 0xC0, 0x1E, 0x78, 0x01, 0x86, 0x00,
    0x00, 0x00, 0x00, 0x00, 0x3C, 0x00, 0x7F, 0x80, 0x0F, 0xF0, 0x01, 0xFE, 0x00, 0x3F, 0xC0, 0x07,
    0xF8, 0x00, 0xFF, 0xF8, 0x1F, 0xFF, 0xC3, 0xFF, 0xFC, 0x7F, 0x87, 0xCF, 0xF0, 0x79, 0xFE, 0x0F,
    0x3F, 0xC1, 0xE7, 0xF8, 0x7C, 0xFF, 0xFF, 0x1F, 0xFF, 0xC3, 0xDF, 0xE0, 0x78, 0x0E, 0x38, 0x03,
    0xCF, 0x00, 0xF3, 0xC0, 0x38, 0xE0, 0x00, 0x00, 0x00, 0x00, 0x0F, 0x00, 0x3F, 0xC0, 0x0F, 0xF0,
    0x03, 0xFC, 0x00, 0xFF, 0xF8, 0x3F, 0xFF, 0x8F, 0xFF, 0xF3, 0xFC, 0x7C, 0xFF, 0x0F, 0x3F, 0xC3,
    0xCF, 0xFF, 0xF3, 0xFF, 0xF8, 0xF7, 0xF8, 0x3C, 0x00, 0x00, 0xFE, 0xFC, 0xFF, 0xE0, 0xFF, 0xFF,
    0xFF, 0xFF, 0xFE, 0xFF, 0xFF, 0xFF, 0xFF, 0xFF, 0xFF, 0xFF, 0xFF, 0xFF, 0xE0, 0xFF, 0xFF, 0xFF,
    0xFF, 0xFF, 0xFF, 0xFF, 0xFF, 0xFF, 0xE0, 0x8C, 0x63, 0x18, 0xC6, 0x31, 0x8C, 0x63, 0x18, 0xC6,
    0x31, 0x8C, 0x63, 0x18, 0xC6, 0x31, 0x8C, 0x40, 0x3B, 0xDD, 0xEF, 0x7B, 0xC0, 0x7B, 0xDE, 0xF7,
    0x7B, 0x80, 0x7B, 0xDE, 0xF7, 0x7B, 0x80, 0x38, 0xEF, 0x3D, 0xC7, 0x79, 0xEF, 0x3D, 0xE7, 0xBC,
    0xF0, 0x79, 0xEF, 0x3D, 0xE7, 0xBC, 0xF7, 0x1D, 0xE7, 0xB8, 0xE0, 0x79, 0xEF, 0x3D, 0xE7, 0xBC,
    0xF7, 0x1D, 0xE7, 0xB8, 0xE0, 0x0F, 0x00, 0xF0, 0x0F, 0x00, 0xF0, 0x0F, 0x0F, 0xFF, 0xFF, 0xFF,
    0xFF, 0x0F, 0x00, 0xF0, 0x0F, 0x00, 0xF0, 0x0F, 0x00, 0xF0, 0x0F, 0x00, 0xF0, 0x0F, 0x00, 0xF0,
    0x0F, 0x00, 0xF0, 0x0F, 0x00, 0x0F, 0x00, 0xF0, 0x0F, 0x00, 0xF0, 0x0F, 0x0F, 0xFF, 0xFF, 0xFF,
    0xFF, 0x0F, 0x00, 0xF0, 0x0F, 0x00, 0xF0, 0xFF, 0xFF, 0xFF, 0xFF, 0xF0, 0xF0, 0x0F, 0x00, 0xF0,
    0x0F, 0x00, 0xF0, 0x0F, 0x00, 0x38, 0xFB, 0xFF, 0xFF, 0xEF, 0x8E, 0x00, 0xE0, 0x0F, 0xC0, 0x1C,
    0x70, 0x70, 0x3B, 0xE1, 0xE1, 0xFF, 0x8F, 0x87, 0xFE, 0x1E, 0x1F, 0x70, 0x70, 0x38, 0x6F, 0xF6,
    0x3E, 0x07, 0x80, 0x00, 0xFE, 0x0E, 0x00, 0x03, 0xDE, 0x3C, 0x00, 0x07, 0x1C, 0x70, 0x00, 0x0E,
    0x39, 0xC0, 0x00, 0x1C, 0x73, 0x80, 0x00, 0x3D, 0xEE, 0x00, 0x00, 0x3F, 0xBC, 0x00, 0x00, 0x3E,
    0x73, 0xE0, 0xF8, 0x01, 0xEF, 0xE3, 0xF8, 0x03, 0xBD, 0xEF, 0x78, 0x0E, 0x71, 0xDC, 0x70, 0x1C,
    0xE3, 0xB8, 0xE0, 0x71, 0xC7, 0x71, 0xC1, 0xE3, 0xDE, 0xF7, 0x83, 0x83, 0xF8, 0xFE, 0x0F, 0x03,
    0xE0, 0xF8, 0x5A, 0xA0, 0x4A, 0x63, 0x18, 0xC8, 0xC3, 0x08, 0x20, 0x1C, 0x3C, 0xF3, 0xC7, 0x9E,
    0x1E, 0x3C, 0x3C, 0x3C, 0x70, 0x71, 0xE1, 0xE1, 0xE3, 0xC3, 0xCF, 0x1E, 0x79, 0xE1, 0xC0, 0x80,
    0xC0, 0x50, 0x78, 0x22, 0x1E, 0x10, 0x43, 0x08, 0x08, 0x04, 0x01, 0x02, 0x00, 0x21, 0x01, 0x84,
    0x86, 0xF0, 0xC3, 0xFC, 0x30, 0xF6, 0x12, 0x18, 0x08, 0x40, 0x06, 0x18, 0x03, 0x03, 0x01, 0x80,
    0x60, 0xC3, 0x0C, 0x21, 0xE1, 0x10, 0x78, 0x28, 0x0C, 0x04, 0x41, 0x20, 0x90, 0x48, 0x24, 0x12,
    0x09, 0x04, 0x82, 0x41, 0x20, 0x90, 0x48, 0x24, 0x12, 0x08, 0x00, 0x00, 0x00, 0x60, 0xF0, 0x60,
    0x00, 0x40, 0x00, 0x08, 0x00, 0x01, 0x00, 0x01, 0xAC, 0x00, 0x0E, 0x00, 0x01, 0xC0, 0x00, 0x54,
    0x00, 0x12, 0x40, 0x00, 0x40, 0x00, 0x08, 0x00, 0x00, 0x00, 0x04, 0x01, 0x00, 0x80, 0x21, 0x10,
    0x04, 0x52, 0xC6, 0x91, 0xE0, 0x3C, 0x1C, 0x07, 0x0D, 0x41, 0x5A, 0x24, 0x48, 0x84, 0x01, 0x00,
    0x80, 0x20, 0x00, 0xF0, 0x0E, 0x01, 0xE0, 0x1C, 0x03, 0xC0, 0x38, 0x07, 0x80, 0x70, 0x0F, 0x00,
    0xE0, 0x1E, 0x01, 0xC0, 0x3C, 0x03, 0x80, 0x78, 0x0F, 0x00, 0xE0, 0x00, 0x3C, 0x0F, 0x88, 0x42,
    0x1A, 0x04, 0x80, 0x80, 0x80, 0x10, 0x10, 0x02, 0x02, 0x00, 0x40, 0x80, 0x10, 0x10, 0x02, 0x04,
    0x00, 0x80, 0x80, 0x20, 0x20, 0x08, 0x04, 0x01, 0x01, 0x00, 0x40, 0x20, 0x08, 0x00, 0x00, 0x00,
    0x00, 0x00, 0x00, 0x00, 0x03, 0x00, 0xC0, 0x60, 0x18, 0x00, 0x3C, 0x09, 0x08, 0x28, 0x10, 0x80,
    0x42, 0x01, 0x08, 0x04, 0x20, 0x20, 0x80, 0x82, 0x04, 0x08, 0x10, 0x20, 0x80, 0x82, 0x02, 0x10,
    0x08, 0x40, 0x20, 0x00, 0x00, 0x00, 0x00, 0x00, 0x60, 0x31, 0x80, 0xC0, 0x41, 0xE2, 0x10, 0x91,
    0x02, 0x80, 0x14, 0x00, 0xA0, 0x05, 0x00, 0x48, 0x02, 0x40, 0x22, 0x01, 0x10, 0x10, 0x80, 0x84,
    0x08, 0x20, 0x40, 0x00, 0x00, 0x00, 0x00, 0x06, 0x06, 0x30, 0x30, 0x08, 0x04, 0x22, 0x29, 0x23,
    0xE0, 0xE0, 0xA9, 0x93, 0x08, 0x04, 0x02, 0x00, 0x00, 0x80, 0x42, 0x22, 0x92, 0x3E, 0x0E, 0x1A,
    0xD1, 0x10, 0x80, 0x40, 0x3C, 0x7E, 0xE7, 0xE7, 0xE7, 0xE7, 0xE7, 0xE7, 0x7E, 0x3C, 0x1E, 0x1E,
    0x3E, 0x7E, 0x6E, 0xEE, 0xFF, 0xFF, 0x0E, 0x0E, 0x7E, 0xFD, 0x83, 0x07, 0xCF, 0xC3, 0xC7, 0xFF,
    0xF8, 0x1C, 0x79, 0xC7, 0x8F, 0xDF, 0xFB, 0xF7, 0x7E, 0x78, 0xFF, 0xFC, 0x30, 0xE3, 0x87, 0x0E,
    0x38, 0x70, 0xE0, 0x7D, 0xFF, 0xBF, 0x77, 0xCF, 0xBB, 0xF7, 0xFE, 0xF8, 0x79, 0xFB, 0xBF, 0x7F,
    0xEF, 0xC3, 0x8E, 0x7C, 0xE0, 0x3C, 0x7E, 0xE7, 0xE7, 0xE7, 0xE7, 0xE7, 0xE7, 0x7E, 0x3C, 0x1D,
    0xFF, 0xD7, 0x1C, 0x71, 0xC7, 0x1C, 0x70, 0x3E, 0xFF, 0x47, 0x07, 0x0F, 0x3E, 0x78, 0xF0, 0xFF,
    0xFF, 0x7C, 0xFE, 0x0E, 0x0E, 0x3C, 0x3F, 0x07, 0x07, 0xFF, 0x7C, 0x1E, 0x1E, 0x3E, 0x7E, 0x6E,
    0xEE, 0xFF, 0xFF, 0x0E, 0x0E, 0x7E, 0xFD, 0x83, 0x07, 0xCF, 0xC3, 0xC7, 0xFF, 0xF8, 0x1C, 0x79,
    0xC7, 0x8F, 0xDF, 0xFB, 0xF7, 0x7E, 0x78, 0xFF, 0xFC, 0x30, 0xE3, 0x87, 0x0E, 0x38, 0x70, 0xE0,
    0x7D, 0xFF, 0xBF, 0x77, 0xCF, 0xBB, 0xF7, 0xFE, 0xF8, 0x79, 0xFB, 0xBF, 0x7F, 0xEF, 0xC3, 0x8E,
    0x7C, 0xE0, 0x80, 0x0C, 0x00, 0x50, 0x84, 0x8C, 0x24, 0x51, 0x22, 0x89, 0x14, 0x48, 0xA2, 0x45,
    0x17, 0xFF, 0xCA, 0x48, 0x51, 0x42, 0x8A, 0x14, 0x50, 0xA2, 0x85, 0x14, 0x30, 0xA1, 0x86, 0x04,
    0x10, 0x00, 0x80, 0x10, 0x3F, 0x80, 0x40, 0x08, 0x3D, 0x18, 0x62, 0x04, 0x80, 0x90, 0x12, 0x02,
    0x40, 0x48, 0x08, 0x81, 0x18, 0xE1, 0xE4, 0x00, 0x00, 0x03, 0xFF, 0x00, 0x01, 0xF8, 0x3F, 0xC3,
    0xFE, 0x3E, 0x01, 0xE0, 0x1E, 0x03, 0xFF, 0x9F, 0xFC, 0x3C, 0x01, 0xE0, 0x3F, 0xF1, 0xFF, 0x83,
    0xE0, 0x0F, 0x00, 0x7F, 0xE1, 0xFF, 0x03, 0xF0, 0xFF, 0xFF, 0xFF, 0xFF, 0xFF, 0xC1, 0xE0, 0x07,
    0x80, 0x1F, 0xC0, 0x7F, 0x03, 0xF0, 0x3F, 0x80, 0xFE, 0x80, 0x7F, 0x01, 0xF8, 0x1F, 0x80, 0xFE,
    0x01, 0xF8, 0x01, 0xE0, 0x07, 0x80, 0x1F, 0x87, 0xFC, 0x3F, 0xE2, 0x1E, 0xFF, 0xFF, 0xFF, 0xFF,
    0xF0, 0xF0, 0x1E, 0x0F, 0xFF, 0xFF, 0xFF, 0xFF, 0x78, 0x07, 0xC2, 0x7F, 0xF3, 0xFF, 0x0F, 0xC0,
    0xFF, 0xFF, 0xFF, 0xFF, 0xFF, 0xC0, 0xF0, 0x01, 0xE3, 0xFF, 0xEF, 0xFF, 0x80, 0x78, 0x07, 0xC3,
    0xFF, 0x0F, 0xF8, 0x3F, 0x80, 0x78, 0x00, 0xF0, 0x01, 0xF0, 0x03, 0xE0, 0x07, 0xC0, 0x02, 0x00,
    0x00, 0x08, 0x00, 0x00, 0x20, 0x00, 0x00, 0x80, 0x00, 0x06, 0x00, 0x00, 0x1F, 0xFF, 0xFF, 0xD8,
    0x00, 0x00, 0x08, 0x00, 0x00, 0x08, 0x00, 0x00, 0x08, 0x00, 0x00, 0x08, 0x00, 0x00, 0x04, 0x01,
    0xC0, 0x38, 0x0A, 0x82, 0x48, 0x88, 0xA1, 0x08, 0x20, 0x04, 0x00, 0x80, 0x10, 0x02, 0x00, 0x40,
    0x08, 0x01, 0x00, 0x20, 0x04, 0x00, 0x80, 0x10, 0x02, 0x00, 0x40, 0x08, 0x01, 0x00, 0x00, 0x00,
    0x80, 0x00, 0x00, 0x80, 0x00, 0x00, 0x80, 0x00, 0x00, 0x80, 0x00, 0x00, 0xDF, 0xFF, 0xFF, 0xC0,
    0x00, 0x03, 0x00, 0x00, 0x08, 0x00, 0x00, 0x20, 0x00, 0x00, 0x80, 0x00, 0x02, 0x00, 0x04, 0x00,
    0x80, 0x10, 0x02, 0x00, 0x40, 0x08, 0x01, 0x00, 0x20, 0x04, 0x00, 0x80, 0x10, 0x02, 0x00, 0x40,
    0x08, 0x01, 0x00, 0x20, 0x84, 0x28, 0x88, 0x92, 0x0A, 0x80, 0xE0, 0x1C, 0x01, 0x00, 0x02, 0x00,
    0x80, 0x08, 0x00, 0x80, 0x20, 0x00, 0x80, 0x80, 0x00, 0x86, 0x00, 0x00, 0xDF, 0xFF, 0xFF, 0xD8,
    0x00, 0x03, 0x08, 0x00, 0x08, 0x08, 0x00, 0x20, 0x08, 0x00, 0x80, 0x08, 0x02, 0x00, 0x04, 0x01,
    0xC0, 0x38, 0x0A, 0x82, 0x48, 0x88, 0xA1, 0x08, 0x20, 0x04, 0x00, 0x80, 0x10, 0x02, 0x00, 0x40,
    0x08, 0x01, 0x00, 0x20, 0x84, 0x28, 0x88, 0x92, 0x0A, 0x80, 0xE0, 0x1C, 0x01, 0x00, 0x80, 0x00,
    0x3F, 0xC0, 0x18, 0x00, 0x0A, 0x00, 0x04, 0x80, 0x02, 0x20, 0x01, 0x08, 0x00, 0x82, 0x00, 0x40,
    0x80, 0x00, 0x20, 0x00, 0x08, 0x00, 0x02, 0x00, 0x00, 0x80, 0x00, 0x20, 0x00, 0x08, 0x00, 0x02,
    0x00, 0x00, 0x80, 0x00, 0x00, 0x80, 0x7F, 0x80, 0x00, 0xC0, 0x00, 0xA0, 0x00, 0x90, 0x00, 0x88,
    0x00, 0x84, 0x00, 0x82, 0x00, 0x81, 0x00, 0x80, 0x00, 0x80, 0x00, 0x80, 0x00, 0x80, 0x00, 0x80,
    0x00, 0x80, 0x00, 0x80, 0x00, 0x80, 0x00, 0x00, 0x80, 0x00, 0x20, 0x00, 0x08, 0x00, 0x02, 0x00,
    0x00, 0x80, 0x00, 0x20, 0x00, 0x08, 0x00, 0x02, 0x00, 0x00, 0x81, 0x00, 0x20, 0x80, 0x08, 0x40,
    0x02, 0x20, 0x00, 0x90, 0x00, 0x28, 0x00, 0x0C, 0x01, 0xFE, 0x00, 0x00, 0x80, 0x00, 0x00, 0x80,
    0x00, 0x80, 0x00, 0x80, 0x00, 0x80, 0x00, 0x80, 0x00, 0x80, 0x00, 0x80, 0x00, 0x80, 0x40, 0x80,
    0x20, 0x80, 0x10, 0x80, 0x08, 0x80, 0x04, 0x80, 0x02, 0x80, 0x01, 0x80, 0x00, 0xFF, 0x00, 0x80,
    0x00, 0x00, 0xFF, 0xFF, 0xF8, 0x00, 0x00, 0x02, 0x00, 0x00, 0x07, 0xF8, 0x00, 0x18, 0x00, 0x00,
    0x50, 0x00, 0x01, 0x20, 0x00, 0x04, 0x40, 0x00, 0x10, 0x80, 0x00, 0x41, 0x00, 0x01, 0x02, 0x00,
    0x00, 0x04, 0x00, 0x00, 0x08, 0x00, 0x00, 0x10, 0x00, 0x00, 0x20, 0x00, 0x00, 0x40, 0x00, 0x00,
    0x80, 0x00, 0x01, 0x00, 0x00, 0x02, 0x00, 0x83, 0x00, 0x01, 0x04, 0x00, 0x02, 0x10, 0x00, 0x04,
    0xC0, 0x00, 0x0B, 0x00, 0x00, 0x1F, 0xFF, 0xFF, 0xEC, 0x00, 0x00, 0x4C, 0x00, 0x00, 0x84, 0x00,
    0x01, 0x04, 0x00, 0x02, 0x0C, 0x00, 0x00, 0x00, 0x04, 0x10, 0x00, 0x04, 0x20, 0x00, 0x04, 0x40,
    0x00, 0x06, 0xFF, 0xFF, 0xFF, 0x00, 0x00, 0x0A, 0x00, 0x00, 0x24, 0x00, 0x00, 0x88, 0x00, 0x02,
    0x10, 0x00, 0x08, 0x20, 0x00, 0x30, 0x40, 0x00, 0x00, 0x80, 0x00, 0x00, 0x80, 0x00, 0x00, 0x80,
    0x00, 0x00, 0x80, 0x00, 0x00, 0xDF, 0xFF, 0xFF, 0xC0, 0x00, 0x03, 0x00, 0x00, 0x08, 0x00, 0x00,
    0x20, 0x00, 0x00, 0x80, 0x00, 0x02, 0x00, 0x10, 0x00, 0x00, 0x40, 0x00, 0x01, 0x00, 0x00, 0x04,
    0x00, 0x00, 0x30, 0x00, 0x00, 0xFF, 0xFF, 0xFE, 0xC0, 0x00, 0x00, 0x40, 0x00, 0x00, 0x40, 0x00,
    0x00, 0x40, 0x00, 0x00, 0x40, 0x00, 0x00, 0x04, 0x00, 0x80, 0x38, 0x02, 0x00, 0xE0, 0x08, 0x05,
    0x40, 0x20, 0x24, 0x80, 0x81, 0x11, 0x02, 0x08, 0x42, 0x08, 0x01, 0x00, 0x20, 0x04, 0x00, 0x80,
    0x10, 0x02, 0x00, 0x40, 0x08, 0x01, 0x00, 0x20, 0x04, 0x00, 0x80, 0x10, 0x02, 0x00, 0x40, 0x08,
    0x01, 0x00, 0x20, 0x04, 0x10, 0x84, 0x10, 0x22, 0x20, 0x40, 0x49, 0x01, 0x00, 0xA8, 0x04, 0x01,
    0xC0, 0x10, 0x07, 0x00, 0x40, 0x08, 0x00, 0x02, 0x00, 0x00, 0x08, 0x00, 0x00, 0x20, 0x00, 0x00,
    0x80, 0x00, 0x06, 0x00, 0x00, 0x1F, 0xFF, 0xFF, 0xD8, 0x00, 0x00, 0x08, 0x00, 0x00, 0x08, 0x00,
    0x00, 0x08, 0x00, 0x00, 0x08, 0x00, 0x00, 0x00, 0x04, 0x00, 0x00, 0x04, 0x00, 0x00, 0x04, 0x00,
    0x00, 0x04, 0x00, 0x00, 0x06, 0xFF, 0xFF, 0xFE, 0x00, 0x00, 0x18, 0x00, 0x00, 0x40, 0x00, 0x01,
    0x00, 0x00, 0x04, 0x00, 0x00, 0x10, 0x00, 0x02, 0x00, 0x00, 0x0C, 0x00, 0x00, 0x30, 0x00, 0x00,
    0xC0, 0x00, 0x02, 0x00, 0x00, 0x0F, 0xFF, 0xFF, 0xC0, 0x00, 0x00, 0x00, 0x00, 0x00, 0x00, 0x00,
    0x00, 0x00, 0x00, 0x00, 0x00, 0x00, 0x00, 0x00, 0x00, 0x00, 0x00, 0x00, 0x00, 0x00, 0x00, 0x3F,
    0xFF, 0xFF, 0x00, 0x00, 0x04, 0x00, 0x00, 0x30, 0x00, 0x00, 0xC0, 0x00, 0x03, 0x00, 0x00, 0x04,
    0x00, 0x00, 0x00, 0x80, 0x00, 0x01, 0x80, 0x00, 0x01, 0x80, 0x00, 0x01, 0x80, 0x00, 0x00, 0x9F,
    0xFF, 0xFF, 0x80, 0x00, 0x00, 0x00, 0x00, 0x00, 0x00, 0x00, 0x00, 0x00, 0x00, 0x00, 0x00, 0x00,
    0x00, 0x00, 0x00, 0x00, 0x00, 0x00, 0x00, 0x00, 0x00, 0x1F, 0xFF, 0xFF, 0x90, 0x00, 0x00, 0x18,
    0x00, 0x00, 0x18, 0x00, 0x00, 0x18, 0x00, 0x00, 0x10, 0x00, 0x00, 0x01, 0x00, 0x00, 0x06, 0x00,
    0x00, 0x08, 0x00, 0x00, 0x20, 0x00, 0x00, 0xFF, 0xFF, 0xE2, 0x00, 0x00, 0x08, 0x00, 0x00, 0x60,
    0x00, 0x00, 0xC0, 0x00, 0x00, 0x40, 0x00, 0x00, 0x40, 0x00, 0x00, 0x7F, 0xFF, 0xF0, 0x40, 0x00,
    0x00, 0x40, 0x00, 0x00, 0x40, 0x00, 0x00, 0x80, 0x00, 0x00, 0x01, 0x00, 0x00, 0x02, 0x00, 0x00,
    0x02, 0x00, 0x00, 0x02, 0x0F, 0xFF, 0xFE, 0x00, 0x00, 0x02, 0x00, 0x00, 0x02, 0x00, 0x00, 0x03,
    0x00, 0x00, 0x06, 0x00, 0x00, 0x10, 0x00, 0x00, 0x47, 0xFF, 0xFF, 0x00, 0x00, 0x04, 0x00, 0x00,
    0x10, 0x00, 0x00, 0x40, 0x00, 0x00, 0x80, 0x01, 0x01, 0x00, 0x06, 0x02, 0x00, 0x08, 0x02, 0x00,
    0x20, 0x02, 0x00, 0xFF, 0xFE, 0x02, 0x00, 0x02, 0x08, 0x00, 0x02, 0x60, 0x00, 0x03, 0xC0, 0x00,
    0x06, 0x40, 0x00, 0x10, 0x40, 0x00, 0x40, 0x7F, 0xFF, 0x00, 0x40, 0x04, 0x00, 0x40, 0x10, 0x00,
    0x40, 0x40, 0x00, 0x80, 0x80, 0x00, 0x40, 0x00, 0x01, 0x80, 0x00, 0x05, 0x00, 0x00, 0x12, 0x00,
    0x00, 0xC7, 0xFF, 0xE2, 0x00, 0x00, 0x48, 0x00, 0x00, 0xA0, 0x00, 0x01, 0x80, 0x00, 0x02, 0x80,
    0x00, 0x04, 0x80, 0x00, 0x08, 0x80, 0x00, 0x10, 0xC7, 0xFF, 0xE0, 0x48, 0x00, 0x00, 0x50, 0x00,
    0x00, 0x60, 0x00, 0x00, 0x40, 0x00, 0x00, 0x80, 0x00, 0xA0, 0x00, 0x88, 0x00, 0x82, 0x00, 0x80,
    0x80, 0x40, 0x40, 0x40, 0x10, 0x40, 0x04, 0x40, 0x01, 0x7C, 0x07, 0xC2, 0x02, 0x01, 0x01, 0x00,
    0x80, 0x80, 0x40, 0x40, 0x20, 0x20, 0x10, 0x10, 0x08, 0x08, 0x04, 0x04, 0x02, 0x02, 0x01, 0x01,
    0x00, 0x80, 0x80, 0x40, 0x40, 0x3F, 0xE0, 0x00, 0x04, 0x00, 0x00, 0x0C, 0x00, 0x00, 0x14, 0x00,
    0x00, 0x24, 0x0F, 0xFF, 0xC6, 0x10, 0x00, 0x02, 0x20, 0x00, 0x02, 0x40, 0x00, 0x02, 0x80, 0x00,
    0x03, 0x00, 0x00, 0x0A, 0x00, 0x00, 0x24, 0x00, 0x00, 0x8F, 0xFF, 0xC2, 0x00, 0x00, 0x98, 0x00,
    0x01, 0x40, 0x00, 0x03, 0x00, 0x00, 0x04, 0x00, 0x0F, 0xF8, 0x04, 0x04, 0x02, 0x02, 0x01, 0x01,
    0x00, 0x80, 0x80, 0x40, 0x40, 0x20, 0x20, 0x10, 0x10, 0x08, 0x08, 0x04, 0x04, 0x02, 0x02, 0x01,
    0x01, 0x00, 0x80, 0x87, 0xC0, 0x7D, 0x00, 0x04, 0x40, 0x04, 0x10, 0x04, 0x08, 0x04, 0x02, 0x02,
    0x00, 0x82, 0x00, 0x22, 0x00, 0x0A, 0x00, 0x02, 0x00, 0x04, 0x00, 0x80, 0x10, 0x07, 0x00, 0x40,
    0x1C, 0x01, 0x00, 0xA8, 0x04, 0x04, 0x90, 0x10, 0x22, 0x20, 0x41, 0x08, 0x41, 0x00, 0x20, 0x04,
    0x00, 0x80, 0x10, 0x02, 0x00, 0x40, 0x08, 0x01, 0x00, 0x20, 0x04, 0x00, 0x80, 0x10, 0x02, 0x00,
    0x40, 0x08, 0x01, 0x00, 0x20, 0x84, 0x20, 0x81, 0x11, 0x02, 0x02, 0x48, 0x08, 0x05, 0x40, 0x20,
    0x0E, 0x00, 0x80, 0x38, 0x02, 0x00, 0x40, 0x08, 0x00, 0x80, 0x00, 0x38, 0x00, 0x0D, 0x00, 0x01,
    0x10, 0x00, 0x62, 0x00, 0x08, 0x20, 0x02, 0x04, 0x00, 0x40, 0x7F, 0xF0, 0x08, 0x02, 0x00, 0x80,
    0x80, 0x10, 0x10, 0x01, 0x04, 0x00, 0x20, 0x80, 0x02, 0x20, 0x00, 0x44, 0x00, 0x05, 0x00, 0x00,
    0xA0, 0x00, 0x08, 0x00, 0x01, 0x00, 0x00, 0x1F, 0x81, 0xFE, 0x0F, 0xF8, 0x43, 0xE0, 0x0F, 0x00,
    0x3C, 0x3F, 0xE7, 0xFF, 0x7F, 0xFB, 0xC3, 0xFC, 0x1F, 0xE0, 0xFF, 0x07, 0xF8, 0x7B, 0xE7, 0xCF,
    0xFC, 0x3F, 0xC0, 0xFC, 0x00, 0xFF, 0xFE, 0x00, 0x04, 0x00, 0x08, 0x00, 0x10, 0x00, 0x20, 0x00,
    0x40, 0x00, 0x80, 0x01, 0xFF, 0xFE, 0x00, 0x04, 0x00, 0x08, 0x00, 0x10, 0x00, 0x20, 0x00, 0x40,
    0x00, 0x80, 0x01, 0x00, 0x03, 0xFF, 0xFC, 0x03, 0xF0, 0x01, 0xC1, 0xC0, 0x60, 0x0E, 0x10, 0x00,
    0xC6, 0x00, 0x28, 0x80, 0x08, 0xB0, 0x02, 0x14, 0x00, 0x81, 0x80, 0x20, 0x30, 0x08, 0x06, 0x02,
    0x00, 0xC0, 0x80, 0x1C, 0x20, 0x06, 0x88, 0x00, 0x9A, 0x00, 0x31, 0x80, 0x04, 0x38, 0x03, 0x01,
    0xC1, 0xC0, 0x07, 0xE0, 0x00, 0x07, 0xF0, 0x03, 0xF8, 0x03, 0xFC, 0x01, 0xFF, 0x00, 0xFF, 0x80,
    0xFB, 0xE0, 0x7D, 0xF0, 0x3C, 0x78, 0x3E, 0x3E, 0x1F, 0x1F, 0x0F, 0x87, 0x8F, 0x83, 0xC7, 0xC1,
    0xF3, 0xE0, 0xF9, 0xFF, 0xFD, 0xFF, 0xFF, 0xFF, 0xFF, 0x80, 0xFF, 0xFF, 0xC0, 0x00, 0x50, 0x00,
    0x48, 0x00, 0x22, 0x00, 0x21, 0x00, 0x10, 0x40, 0x10, 0x20, 0x08, 0x08, 0x08, 0x04, 0x04, 0x01,
    0x06, 0x00, 0x82, 0x00, 0x41, 0x00, 0x11, 0x00, 0x08, 0x80, 0x02, 0x80, 0x01, 0x40, 0x00, 0x40,
    0x00, 0x07, 0xFF, 0xE3, 0x00, 0x00, 0x80, 0x00, 0x20, 0x00, 0x04, 0x00, 0x01, 0x00, 0x00, 0x20,
    0x00, 0x07, 0xFF, 0xFF, 0x80, 0x00, 0x10, 0x00, 0x02, 0x00, 0x00, 0x20, 0x00, 0x06, 0x00, 0x00,
    0x60, 0x00, 0x07, 0x00, 0x00, 0x3F, 0xFF, 0x00, 0x40, 0x00, 0x08, 0x00, 0x0F, 0xFF, 0x86, 0x20,
    0x03, 0x04, 0x00, 0xC0, 0x80, 0x10, 0x10, 0x04, 0x02, 0x00, 0x80, 0x40, 0x10, 0x08, 0x03, 0xFF,
    0xFF, 0x40, 0x20, 0x08, 0x04, 0x00, 0x80, 0x80, 0x18, 0x10, 0x01, 0x82, 0x00, 0x0C, 0x40, 0x00,
    0x7F, 0xFC, 0x01, 0x00, 0x00, 0x20, 0x00, 0x07, 0xE1, 0xC1, 0x30, 0x06, 0x00, 0x40, 0x0C, 0x00,
    0x80, 0x0F, 0xFC, 0x80, 0x08, 0x00, 0x80, 0x04, 0x00, 0x30, 0x01, 0xFC, 0xFF, 0xFC, 0x00, 0x00,
    0x60, 0x00, 0x06, 0x00, 0x00, 0x20, 0x00, 0x04, 0x00, 0x00, 0x40, 0x00, 0x0F, 0xFF, 0xFF, 0x00,
    0x00, 0x20, 0x00, 0x04, 0x00, 0x00, 0x80, 0x00, 0x20, 0x00, 0x0C, 0x00, 0x03, 0x00, 0x01, 0xC7,
    0xFF, 0xE0, 0xFF, 0xFF, 0xFF, 0xFF, 0xFF, 0xFC, 0x0F, 0xF0, 0x3F, 0xC0, 0xFF, 0x03, 0xFC, 0x0F,
    0xF0, 0x3F, 0xC0, 0xFF, 0x03, 0xFC, 0x0F, 0xF0, 0x3F, 0xC0, 0xFF, 0x03, 0xFC, 0x0F, 0xF0, 0x3F,
    0xC0, 0xFF, 0x03, 0xFC, 0x0F, 0xF0, 0x3C, 0xFF, 0xFF, 0xFF, 0xFF, 0xFE, 0xF0, 0x07, 0xC0, 0x1F,
    0x00, 0x7C, 0x01, 0xE0, 0x0F, 0x80, 0x3E, 0x03, 0xE0, 0x1E, 0x01, 0xF0, 0x1F, 0x00, 0xF0, 0x0F,
    0x80, 0x78, 0x07, 0xFF, 0xFF, 0xFF, 0xFF, 0xF0, 0xFF, 0xFF, 0xFF, 0xFF, 0xF0, 0xFF, 0xFF, 0xE0,
    0x00, 0x00, 0x00, 0x00, 0x00, 0x20, 0x00, 0x04, 0x00, 0x00, 0x80, 0x00, 0x10, 0x00, 0x02, 0x00,
    0x00, 0x40, 0x00, 0x08, 0x00, 0x01, 0x00, 0x7F, 0xFF, 0xF0, 0x04, 0x00, 0x00, 0x80, 0x00, 0x10,
    0x00, 0x02, 0x00, 0x00, 0x40, 0x00, 0x08, 0x00, 0x01, 0x00, 0x00, 0x00, 0xF0, 0x0E, 0x01, 0xE0,
    0x1C, 0x03, 0xC0, 0x38, 0x07, 0x80, 0x70, 0x0F, 0x00, 0xE0, 0x1E, 0x01, 0xC0, 0x3C, 0x03, 0x80,
    0x78, 0x0F, 0x00, 0xE0, 0x00, 0x77, 0xFF, 0xF7, 0x00, 0x00, 0x1E, 0x00, 0x3C, 0x00, 0xF0, 0x01,
    0xE0, 0x03, 0xC0, 0x07, 0x00, 0x1E, 0x00, 0x3C, 0x08, 0x71, 0xF8, 0xE3, 0xF3, 0xC3, 0xF7, 0x01,
    0xEE, 0x01, 0xFC, 0x03, 0xF0, 0x03, 0xE0, 0x07, 0xC0, 0x07, 0x00, 0x1F, 0x00, 0xF6, 0x18, 0x30,
    0xC0, 0x44, 0x08, 0x02, 0x80, 0x80, 0x10, 0x08, 0x02, 0x80, 0xC0, 0x44, 0x06, 0x18, 0x30, 0x1F,
    0x00, 0xF0, 0x3C, 0xF1, 0xFF, 0xEF, 0xFF, 0xF9, 0xE7, 0xE7, 0x9F, 0xFF, 0xF7, 0xFF, 0x8F, 0x3C,
    0x80, 0x00, 0x20, 0x00, 0x08, 0x00, 0x02, 0x00, 0x00, 0x80, 0x00, 0x20, 0x00, 0x08, 0x00, 0x02,
    0x00, 0x00, 0x80, 0x00, 0x20, 0x00, 0x08, 0x00, 0x02, 0x00, 0x00, 0x80, 0x00, 0x20, 0x00, 0x08,
    0x00, 0x02, 0x00, 0x00, 0x80, 0x00, 0x3F, 0xFF, 0xF0, 0x00, 0x00, 0x80, 0x00, 0x20, 0x00, 0x08,
    0x00, 0x02, 0x00, 0x00, 0x80, 0x00, 0x20, 0x00, 0x08, 0x00, 0x02, 0x00, 0x00, 0x80, 0x00, 0x20,
    0x00, 0x08, 0x00, 0x02, 0x00, 0x00, 0x80, 0x00, 0x20, 0x00, 0x08, 0x00, 0x02, 0x00, 0x00, 0xFF,
    0xFF, 0xE0, 0xFF, 0xFF, 0xC0, 0x00, 0x80, 0x01, 0x00, 0x06, 0x00, 0x08, 0x20, 0x30, 0x40, 0x41,
    0x01, 0x82, 0x02, 0x08, 0x0C, 0x10, 0x10, 0x40, 0x60, 0x80, 0x82, 0x03, 0x04, 0x04, 0x10, 0x18,
    0x20, 0x20, 0x80, 0x41, 0x00, 0x04, 0x00, 0x08, 0x00, 0x00, 0x80, 0x01, 0x00, 0x06, 0x00, 0x08,
    0x21, 0x30, 0x41, 0x41, 0x03, 0x82, 0x02, 0x08, 0x0A, 0x10, 0x12, 0x40, 0x62, 0x80, 0x82, 0x03,
    0x06, 0x04, 0x14, 0x18, 0x24, 0x20, 0x80, 0x41, 0x00, 0x04, 0x00, 0x08, 0x00, 0x00, 0x40, 0x00,
    0x08, 0x00, 0x02, 0x80, 0x00, 0x50, 0x00, 0x11, 0x00, 0x02, 0x20, 0x00, 0x82, 0x00, 0x10, 0x40,
    0x04, 0x04, 0x00, 0x80, 0x80, 0x20, 0x08, 0x04, 0x01, 0x01, 0x00, 0x10, 0x20, 0x02, 0x08, 0x00,
    0x21, 0x00, 0x04, 0x40, 0x00, 0x48, 0x00, 0x0A, 0x00, 0x00, 0x80, 0x80, 0x00, 0x30, 0x00, 0x05,
    0x00, 0x01, 0x20, 0x00, 0x22, 0x00, 0x08, 0x40, 0x01, 0x04, 0x00, 0x40, 0x80, 0x08, 0x08, 0x02,
    0x01, 0x00, 0x40, 0x10, 0x10, 0x02, 0x02, 0x00, 0x20, 0x80, 0x04, 0x10, 0x00, 0x44, 0x00, 0x08,
    0x80, 0x00, 0xA0, 0x00, 0x14, 0x00, 0x01, 0x00, 0x00, 0x07, 0xE0, 0x18, 0x18, 0x30, 0x0C, 0x60,
    0x06, 0x40, 0x02, 0xC0, 0x03, 0x80, 0x01, 0x80, 0x01, 0x80, 0x01, 0x80, 0x01, 0x80, 0x01, 0x80,
    0x01, 0x80, 0x01, 0x80, 0x01, 0x80, 0x01, 0x80, 0x01, 0x80, 0x01, 0x80, 0x01, 0x80, 0x01, 0x80,
    0x01, 0x80, 0x01, 0x80, 0x01, 0x80, 0x01, 0x80, 0x01, 0x80, 0x01, 0x80, 0x01, 0x80, 0x01, 0x80,
    0x01, 0x80, 0x01, 0x80, 0x01, 0x80, 0x01, 0x80, 0x01, 0xC0, 0x03, 0x40, 0x02, 0x60, 0x06, 0x30,
    0x0C, 0x18, 0x18, 0x07, 0xE0, 0x03, 0xC3, 0xF0, 0xFC, 0x7C, 0x1E, 0x07, 0x81, 0xE0, 0x78, 0x1E,
    0x07, 0x81, 0xE0, 0x78, 0x1E, 0x07, 0x81, 0xE0, 0x78, 0x1E, 0x07, 0x81, 0xE0, 0xF8, 0xFC, 0x3F,
    0x0F, 0x00, 0x03, 0x80, 0xE0, 0x80, 0x20, 0x30, 0x0C, 0x04, 0x01, 0x00, 0x80, 0x20, 0x10, 0x04,
    0x02, 0x00, 0x80, 0x40, 0x10, 0x08, 0x02, 0x01, 0x00, 0x40, 0x20, 0x08, 0x04, 0x01, 0x00, 0x80,
    0x20, 0x10, 0x04, 0x02, 0x00, 0x80, 0x40, 0x10, 0x08, 0x02, 0x01, 0x00, 0x40, 0x20, 0x08, 0x04,
    0x01, 0x01, 0x80, 0x60, 0x20, 0x08, 0x38, 0x0E, 0x00, 0x03, 0x87, 0x0E, 0x08, 0x10, 0x20, 0x30,
    0x60, 0xC0, 0x40, 0x81, 0x00, 0x81, 0x02, 0x01, 0x02, 0x04, 0x02, 0x04, 0x08, 0x04, 0x08, 0x10,
    0x08, 0x10, 0x20, 0x10, 0x20, 0x40, 0x20, 0x40, 0x80, 0x40, 0x81, 0x00, 0x81, 0x02, 0x01, 0x02,
    0x04, 0x02, 0x04, 0x08, 0x04, 0x08, 0x10, 0x08, 0x10, 0x20, 0x10, 0x20, 0x40, 0x20, 0x40, 0x80,
    0x40, 0x81, 0x01, 0x83, 0x06, 0x02, 0x04, 0x08, 0x38, 0x70, 0xE0, 0x00, 0x03, 0xC1, 0x80, 0x40,
    0x20, 0x08, 0x02, 0x00, 0x80, 0x20, 0x3E, 0x0A, 0x44, 0x89, 0x22, 0x48, 0x8A, 0x43, 0xE0, 0x20,
    0x08, 0x02, 0x00, 0x80, 0x20, 0x18, 0x04, 0x0E, 0x00, 0x01, 0xC0, 0x00, 0xE0, 0x00, 0x70, 0x00,
    0x00, 0x00, 0x00, 0x00, 0x00, 0x00, 0x00, 0x00, 0x00, 0x00, 0x00, 0x00, 0x00, 0x00, 0x00, 0x00,
    0x00, 0x00, 0x0E, 0x00, 0x3F, 0x00, 0x1F, 0x80, 0x0E, 0xE0, 0x03, 0xF0, 0x01, 0xF8, 0x00, 0xE0,
    0x00, 0x00, 0x00, 0x00, 0x00, 0x00, 0x00, 0x00, 0x00, 0x00, 0x00, 0x00, 0x00, 0x00, 0x00, 0x00,
    0x00, 0x00, 0x00, 0x1C, 0x00, 0x0E, 0x00, 0x07, 0x00, 0xFF, 0x80, 0x00, 0x00, 0x0F, 0xF8, 0xE0,
    0x03, 0xF0, 0x01, 0xF8, 0x00, 0xE0, 0x00, 0x00, 0x00, 0x00, 0x00, 0x00, 0x00, 0x00, 0x00, 0x00,
    0x00, 0x00, 0x00, 0x00, 0x00, 0x00, 0x00, 0x00, 0x0E, 0x00, 0x3F, 0x00, 0x1F, 0x80, 0x0E, 0x1E,
    0x01, 0xF0, 0xC0, 0x06, 0x1B, 0x00, 0x10, 0x1C, 0x00, 0x40, 0x18, 0x01, 0x00, 0x30, 0x04, 0x00,
    0x70, 0x10, 0x01, 0xB0, 0xC0, 0x06, 0x1F, 0x00, 0xF0, 0x1F, 0x00, 0x2C, 0x18, 0x0F, 0x01, 0x83,
    0x40, 0x0F, 0x80, 0x00, 0x00, 0x00, 0x00, 0x00, 0x00, 0x00, 0x00, 0x00, 0xFF, 0xFF, 0xE0, 0x1F,
    0x00, 0x2C, 0x18, 0x0F, 0x01, 0x83, 0x40, 0x0F, 0x80, 0x00, 0x00, 0x00, 0x00, 0x3F, 0xFF, 0xF8,
    0x00, 0x00, 0x00, 0x00, 0x1F, 0xFF, 0xFC, 0x38, 0x67, 0xE7, 0xFF, 0xEE, 0x7E, 0x61, 0xC0, 0x00,
    0x38, 0x67, 0xE7, 0xFF, 0xFE, 0x7E, 0x61, 0xC0, 0x1E, 0x01, 0xF0, 0xC0, 0x06, 0x1B, 0x00, 0x10,
    0x1C, 0x00, 0x40, 0x18, 0x01, 0x00, 0x30, 0x04, 0x00, 0x70, 0x10, 0x01, 0xB0, 0xC0, 0x06, 0x1F,
    0x00, 0xF0, 0x00, 0x00, 0x00, 0x00, 0x00, 0x00, 0x00, 0x00, 0x03, 0xFF, 0xFF, 0x80, 0x00, 0x00,
    0x00, 0x00, 0x00, 0x00, 0x00, 0x00, 0x3F, 0xFF, 0xF8, 0x00, 0xC0, 0x0E, 0x01, 0xCF, 0xFF, 0xFF,
    0xFF, 0xFF, 0x07, 0x00, 0xE0, 0xFF, 0xFF, 0xFF, 0xFF, 0xF3, 0x80, 0x70, 0x03, 0x00, 0xFF, 0xFF,
    0xE0, 0x00, 0x00, 0x00, 0x00, 0x00, 0x00, 0x00, 0x00, 0x01, 0xFF, 0xFF, 0xC0, 0x00, 0x00, 0x00,
    0x00, 0x00, 0x00, 0x00, 0x00, 0x00, 0x00, 0x00, 0x7F, 0xFF, 0xF0, 0x00, 0x08, 0x00, 0x01, 0x00,
    0x00, 0x20, 0x00, 0x08, 0x0F, 0xFF, 0xFE, 0x00, 0x40, 0x00, 0x08, 0x00, 0x01, 0x00, 0x00, 0x40,
    0x1F, 0xFF, 0xFC, 0x01, 0x00, 0x00, 0x40, 0x00, 0x08, 0x00, 0x01, 0x00, 0x3F, 0xFF, 0xF8, 0x08,
    0x00, 0x02, 0x00, 0x00, 0x40, 0x00, 0x08, 0x00, 0x00, 0x00, 0x60, 0xFE, 0xFF, 0xFF, 0xFF, 0xFF,
    0x8F, 0x00, 0xFF, 0x8F, 0xFF, 0xFF, 0xF0, 0xFE, 0x00, 0x60, 0x00, 0xFF, 0xFF, 0xFF, 0xFF, 0xF0,
    0x60, 0x07, 0xF0, 0xFF, 0xFF, 0xFF, 0x1F, 0xF0, 0x0F, 0x1F, 0xFF, 0xFF, 0xFF, 0xF7, 0xF0, 0x60,
    0x00, 0x00, 0xFF, 0xFF, 0xFF, 0xFF, 0xF0, 0x00, 0x00, 0x70, 0x00, 0x18, 0x00, 0x0E, 0x00, 0x07,
    0x00, 0x01, 0x80, 0x00, 0xE0, 0x00, 0x30, 0x00, 0x07, 0x00, 0x00, 0x0E, 0x00, 0x00, 0x18, 0x00,
    0x00, 0x70, 0x00, 0x00, 0xC0, 0x00, 0x03, 0x80, 0x00, 0x07, 0x00, 0x00, 0x00, 0x00, 0x00, 0x00,
    0x00, 0x07, 0xFF, 0xFF, 0x00, 0x00, 0x00, 0x00, 0x00, 0x00, 0x00, 0x07, 0xFF, 0xFF, 0xE0, 0x00,
    0x03, 0x00, 0x00, 0x1C, 0x00, 0x00, 0x60, 0x00, 0x03, 0x80, 0x00, 0x0C, 0x00, 0x00, 0x70, 0x00,
    0x07, 0x00, 0x07, 0x00, 0x03, 0x00, 0x03, 0x80, 0x01, 0x80, 0x01, 0xC0, 0x01, 0xC0, 0x00, 0x00,
    0x00, 0x00, 0x00, 0x00, 0x00, 0x00, 0x1F, 0xFF, 0xFC, 0x00, 0x00, 0x00, 0x00, 0x00, 0x00, 0x01,
    0xFF, 0xFF, 0xC0, 0x00, 0x04, 0x08, 0x00, 0x41, 0x80, 0x0C, 0x18, 0x00, 0x81, 0x00, 0x18, 0x30,
    0x01, 0x02, 0x00, 0x30, 0x60, 0x03, 0x04, 0x00, 0x20, 0xC0, 0x06, 0x0C, 0x00, 0x18, 0x20, 0x00,
    0x60, 0xC0, 0x00, 0x81, 0x00, 0x03, 0x06, 0x00, 0x04, 0x08, 0x00, 0x18, 0x30, 0x00, 0x20, 0xC0,
    0x00, 0xC1, 0x00, 0x03, 0x06, 0x81, 0x00, 0x03, 0x04, 0x00, 0x0C, 0x18, 0x00, 0x10, 0x20, 0x00,
    0x60, 0xC0, 0x00, 0x81, 0x00, 0x03, 0x06, 0x00, 0x04, 0x18, 0x00, 0x18, 0x20, 0x00, 0x60, 0xC0,
    0x02, 0x0C, 0x00, 0x60, 0xC0, 0x04, 0x08, 0x00, 0xC1, 0x80, 0x08, 0x10, 0x01, 0x83, 0x00, 0x18,
    0x20, 0x01, 0x06, 0x00, 0x30, 0x60, 0x00, 0x00, 0x40, 0x00, 0x04, 0x00, 0x00, 0x40, 0x70, 0x04,
    0x18, 0x00, 0x46, 0x00, 0x05, 0x80, 0x00, 0x60, 0x00, 0x1C, 0x00, 0x06, 0x40, 0x03, 0x84, 0x00,
    0xE0, 0x40, 0x03, 0x84, 0x00, 0x0E, 0x40, 0x00, 0x1C, 0x00, 0x00, 0x60, 0x00, 0x05, 0x80, 0x00,
    0x46, 0x00, 0x04, 0x18, 0x00, 0x40, 0x70, 0x04, 0x00, 0x00, 0x40, 0x00, 0x00, 0x20, 0x00, 0x02,
    0x00, 0xE0, 0x20, 0x01, 0x82, 0x00, 0x06, 0x20, 0x00, 0x1A, 0x00, 0x00, 0x60, 0x00, 0x03, 0x80,
    0x00, 0x27, 0x00, 0x02, 0x1C, 0x00, 0x20, 0x70, 0x02, 0x1C, 0x00, 0x26, 0x00, 0x03, 0x80, 0x00,
    0x60, 0x00, 0x1A, 0x00, 0x06, 0x20, 0x01, 0x82, 0x00, 0xE0, 0x20, 0x00, 0x02, 0x00, 0x00, 0x20,
    0x00, 0x00, 0x00, 0x60, 0x00, 0x70, 0x00, 0x30, 0x00, 0x38, 0x00, 0x18, 0x00, 0x1C, 0x00, 0x0C,
    0x00, 0x03, 0x00, 0x00, 0x1C, 0x00, 0x00, 0x60, 0x00, 0x03, 0x00, 0x00, 0x1C, 0x00, 0x00, 0x60,
    0x00, 0x03, 0x80, 0x00, 0x08, 0x00, 0x00, 0x00, 0x00, 0x03, 0xE0, 0x04, 0xC6, 0x00, 0xA0, 0x20,
    0x2C, 0x03, 0x19, 0x00, 0x1E, 0x00, 0xE0, 0x00, 0x03, 0x00, 0x00, 0x1C, 0x00, 0x00, 0x60, 0x00,
    0x03, 0x80, 0x00, 0x0C, 0x00, 0x00, 0x60, 0x00, 0x07, 0x00, 0x03, 0x00, 0x03, 0x80, 0x01, 0x80,
    0x01, 0xC0, 0x00, 0xC0, 0x00, 0xE0, 0x00, 0x20, 0x00, 0x00, 0x00, 0x00, 0x00, 0x00, 0x03, 0xE0,
    0x04, 0xC6, 0x00, 0xA0, 0x20, 0x2C, 0x03, 0x19, 0x00, 0x1E, 0x00, 0x00, 0x00, 0x30, 0x00, 0x0E,
    0x00, 0x03, 0x80, 0x00, 0xE0, 0x00, 0x18, 0x00, 0x07, 0x00, 0x01, 0xC0, 0x00, 0x03, 0x80, 0x00,
    0x03, 0x80, 0x00, 0x03, 0x00, 0x1C, 0x07, 0x00, 0x1C, 0x07, 0x00, 0x1C, 0x07, 0x00, 0x18, 0x00,
    0x00, 0x38, 0x00, 0x00, 0x38, 0x00, 0x00, 0x70, 0x00, 0x0C, 0x00, 0x03, 0x80, 0x00, 0xE0, 0x00,
    0x38, 0x00, 0x0E, 0x00, 0x01, 0x80, 0x00, 0x00, 0x60, 0x00, 0x01, 0xC0, 0x00, 0x03, 0x80, 0x00,
    0x06, 0x00, 0x00, 0x1C, 0x00, 0x00, 0x38, 0x00, 0x00, 0x70, 0x00, 0x1C, 0x00, 0x0E, 0x00, 0x07,
    0x00, 0x01, 0x80, 0x70, 0xE0, 0x38, 0x70, 0x1C, 0x00, 0x0E, 0x00, 0x03, 0x00, 0x01, 0xC0, 0x00,
    0x60, 0x00, 0x01, 0xC0, 0x00, 0x03, 0x80, 0x00, 0x07, 0x00, 0x00, 0x0E, 0x00, 0x00, 0x1C, 0x00,
    0x00, 0x30, 0x07, 0xFF, 0xE3, 0x80, 0x00, 0xC0, 0x00, 0x30, 0x00, 0x04, 0x00, 0x01, 0x00, 0x00,
    0x20, 0x00, 0x04, 0x00, 0x00, 0x80, 0x00, 0x10, 0x00, 0x02, 0x00, 0x00, 0x20, 0x00, 0x06, 0x00,
    0x00, 0x60, 0x00, 0x07, 0x00, 0x00, 0x3F, 0xFF, 0xFF, 0xFC, 0x00, 0x00, 0xE0, 0x00, 0x06, 0x00,
    0x00, 0x60, 0x00, 0x04, 0x00, 0x00, 0x40, 0x00, 0x08, 0x00, 0x01, 0x00, 0x00, 0x20, 0x00, 0x04,
    0x00, 0x00, 0x80, 0x00, 0x20, 0x00, 0x0C, 0x00, 0x03, 0x00, 0x01, 0xC7, 0xFF, 0xE0, 0x00, 0x00,
    0x80, 0x00, 0x30, 0x1F, 0xFF, 0x8E, 0x01, 0x03, 0x00, 0x20, 0xC0, 0x08, 0x10, 0x01, 0x04, 0x00,
    0x40, 0x80, 0x08, 0x10, 0x02, 0x02, 0x00, 0x40, 0x40, 0x10, 0x08, 0x02, 0x00, 0x80, 0x80, 0x18,
    0x10, 0x01, 0x84, 0x00, 0x1D, 0x80, 0x00, 0xFF, 0xFC, 0x08, 0x00, 0x01, 0x00, 0x00, 0x00, 0x08,
    0x00, 0x01, 0x03, 0xFF, 0xF0, 0x00, 0x0B, 0x80, 0x02, 0x18, 0x00, 0x41, 0x80, 0x10, 0x10, 0x04,
    0x01, 0x00, 0x80, 0x20, 0x20, 0x04, 0x04, 0x00, 0x81, 0x00, 0x10, 0x20, 0x02, 0x08, 0x00, 0x81,
    0x00, 0x30, 0x40, 0x0C, 0x08, 0x07, 0x1F, 0xFF, 0x80, 0x40, 0x00, 0x10, 0x00, 0x00, 0x0F, 0xFF,
    0xE6, 0x00, 0x01, 0x80, 0x00, 0x20, 0x00, 0x08, 0x00, 0x01, 0x00, 0x00, 0x20, 0x00, 0x04, 0x00,
    0x00, 0x80, 0x00, 0x08, 0x00, 0x01, 0x80, 0x00, 0x18, 0x00, 0x00, 0xFF, 0xFE, 0x00, 0x00, 0x00,
    0x00, 0x00, 0x00, 0x00, 0x00, 0x00, 0x00, 0x00, 0x03, 0xFF, 0xFF, 0x80, 0xFF, 0xFE, 0x00, 0x00,
    0x30, 0x00, 0x03, 0x00, 0x00, 0x20, 0x00, 0x02, 0x00, 0x00, 0x40, 0x00, 0x08, 0x00, 0x01, 0x00,
    0x00, 0x20, 0x00, 0x08, 0x00, 0x03, 0x00, 0x00, 0xCF, 0xFF, 0xE0, 0x00, 0x00, 0x00, 0x00, 0x00,
    0x00, 0x00, 0x00, 0x00, 0x00, 0x00, 0x03, 0xFF, 0xFF, 0x80, 0x0F, 0xFF, 0xE6, 0x00, 0x01, 0x80,
    0x00, 0x20, 0x00, 0x08, 0x00, 0x01, 0x00, 0x00, 0x20, 0x00, 0x04, 0x00, 0x00, 0x80, 0x00, 0x08,
    0x00, 0x01, 0x80, 0x00, 0x18, 0x00, 0x00, 0xFF, 0xFE, 0x00, 0x00, 0x00, 0x00, 0x00, 0x01, 0x00,
    0x00, 0x20, 0x1F, 0xFF, 0xFC, 0x02, 0x00, 0x00, 0xC0, 0x00, 0xFF, 0xFE, 0x00, 0x00, 0x30, 0x00,
    0x03, 0x00, 0x00, 0x20, 0x00, 0x02, 0x00, 0x00, 0x40, 0x00, 0x08, 0x00, 0x01, 0x00, 0x00, 0x20,
    0x00, 0x08, 0x00, 0x03, 0x00, 0x00, 0xCF, 0xFF, 0xE0, 0x00, 0x00, 0x00, 0x00, 0x00, 0x01, 0x00,
    0x00, 0x20, 0x1F, 0xFF, 0xFC, 0x02, 0x00, 0x00, 0x40, 0x00, 0x03, 0xF8, 0x01, 0xC1, 0xC0, 0x60,
    0x0C, 0x10, 0x20, 0xC6, 0x04, 0x0C, 0x80, 0x80, 0xB0, 0x10, 0x1C, 0x02, 0x01, 0x80, 0x40, 0x33,
    0xFF, 0xE6, 0x01, 0x00, 0xC0, 0x20, 0x18, 0x04, 0x06, 0x80, 0x80, 0x98, 0x10, 0x31, 0x02, 0x0C,
    0x18, 0x03, 0x01, 0xC1, 0xC0, 0x0F, 0xE0, 0x00, 0x03, 0xF8, 0x01, 0xC1, 0xC0, 0x60, 0x0C, 0x10,
    0x00, 0xC6, 0x00, 0x0C, 0x80, 0x00, 0xB0, 0x00, 0x1C, 0x00, 0x01, 0x80, 0x00, 0x33, 0xFF, 0xE6,
    0x00, 0x00, 0xC0, 0x00, 0x18, 0x00, 0x06, 0x80, 0x00, 0x98, 0x00, 0x31, 0x00, 0x0C, 0x18, 0x03,
    0x01, 0xC1, 0xC0, 0x0F, 0xE0, 0x00, 0x03, 0xF8, 0x01, 0xC1, 0xC0, 0x60, 0x0C, 0x10, 0x00, 0xC6,
    0x00, 0x0C, 0x88, 0x08, 0xB0, 0x82, 0x1C, 0x08, 0x81, 0x80, 0xA0, 0x30, 0x08, 0x06, 0x02, 0x80,
    0xC0, 0x88, 0x18, 0x20, 0x86, 0x88, 0x08, 0x98, 0x00, 0x31, 0x00, 0x0C, 0x18, 0x03, 0x01, 0xC1,
    0xC0, 0x0F, 0xE0, 0x00, 0x03, 0xF8, 0x01, 0xC1, 0xC0, 0x60, 0x0C, 0x10, 0x00, 0xC6, 0x00, 0x0C,
    0x80, 0x08, 0xB0, 0x02, 0x1C, 0x00, 0x81, 0x80, 0x20, 0x30, 0x08, 0x06, 0x02, 0x00, 0xC0, 0x80,
    0x18, 0x20, 0x06, 0x88, 0x00, 0x98, 0x00, 0x31, 0x00, 0x0C, 0x18, 0x03, 0x01, 0xC1, 0xC0, 0x0F,
    0xE0, 0x00, 0x03, 0xF8, 0x01, 0xC1, 0xC0, 0x60, 0x0C, 0x10, 0x00, 0xC6, 0x00, 0x0C, 0x80, 0x00,
    0xB0, 0x00, 0x1C, 0x00, 0x01, 0x80, 0x00, 0x30, 0x1C, 0x06, 0x03, 0x80, 0xC0, 0x00, 0x18, 0x00,
    0x06, 0x80, 0x00, 0x98, 0x00, 0x31, 0x00, 0x0C, 0x18, 0x03, 0x01, 0xC1, 0xC0, 0x0F, 0xE0, 0x00,
    0xFF, 0xFF, 0xF8, 0x00, 0x01, 0x80, 0x00, 0x18, 0x00, 0x01, 0x80, 0x01, 0x18, 0x40, 0x21, 0x82,
    0x04, 0x18, 0x10, 0xC1, 0x81, 0x98, 0x18, 0x0F, 0x01, 0x80, 0x60, 0x18, 0x0F, 0x01, 0x80, 0x98,
    0x18, 0x10, 0x81, 0x82, 0x04, 0x18, 0x40, 0x21, 0x80, 0x01, 0x18, 0x00, 0x01, 0x80, 0x00, 0x18,
    0x00, 0x01, 0xFF, 0xFF, 0xF0, 0x00, 0x40, 0x00, 0x08, 0x00, 0x01, 0x00, 0x00, 0x20, 0x00, 0x04,
    0x00, 0x00, 0x80, 0x00, 0x10, 0x00, 0x02, 0x00, 0x00, 0x40, 0x00, 0x08, 0x00, 0x01, 0x00, 0x00,
    0x20, 0x00, 0x04, 0x00, 0x00, 0x80, 0x00, 0x10, 0x00, 0x02, 0x00, 0x00, 0x40, 0x1F, 0xFF, 0xFC,
    0x00, 0x00, 0x00, 0x00, 0x04, 0x00, 0x01, 0x80, 0x00, 0x50, 0x00, 0x12, 0x00, 0x04, 0x40, 0x01,
    0x08, 0x00, 0x41, 0x00, 0x10, 0x20, 0x04, 0x04, 0x01, 0x00, 0x80, 0x40, 0x10, 0x10, 0x02, 0x04,
    0x00, 0x41, 0x00, 0x08, 0x40, 0x01, 0x10, 0x00, 0x2C, 0x00, 0x07, 0xFF, 0xFF, 0x80, 0x00, 0x00,
    0x30, 0x00, 0x3C, 0x00, 0x3C, 0x00, 0x3C, 0x00, 0x1C, 0x00, 0x07, 0x80, 0x00, 0x07, 0x80, 0x00,
    0x07, 0x80, 0x00, 0x07, 0x00, 0x00, 0x0F, 0x00, 0x00, 0x07, 0xFF, 0xFF, 0x00, 0x00, 0x07, 0x00,
    0x00, 0x0F, 0x00, 0x00, 0x0F, 0x00, 0x00, 0x0E, 0x00, 0x00, 0x1E, 0x00, 0x03, 0xC0, 0x01, 0xC0,
    0x01, 0xE0, 0x01, 0xE0, 0x00, 0xE0, 0x00, 0x00, 0xE0, 0x00, 0x01, 0xC0, 0x00, 0x03, 0xC0, 0x00,
    0x03, 0xC0, 0x00, 0x03, 0xC0, 0x00, 0x1E, 0x00, 0x1E, 0x00, 0x0E, 0x00, 0x0F, 0x00, 0x0F, 0x00,
    0x00, 0x00, 0x00, 0x0F, 0xFF, 0xFE, 0x00, 0x00, 0x00, 0x00, 0x0F, 0x00, 0x0F, 0x00, 0x07, 0x00,
    0x07, 0x80, 0x07, 0x80, 0x00, 0x3C, 0x00, 0x00, 0x3C, 0x00, 0x00, 0x38, 0x00, 0x00, 0x78, 0x00,
    0x00, 0x70, 0xE0, 0xE0, 0xFC, 0x1C, 0x1C, 0x00, 0x81, 0x02, 0x04, 0x08, 0x10, 0x38, 0x8A, 0x0C,
    0x18, 0x30, 0x51, 0x1C, 0x10, 0x22, 0x04, 0x41, 0x98, 0x22, 0x04, 0x40, 0x90, 0x22, 0x04, 0x41,
    0x10, 0x22, 0x04, 0x41, 0x00, 0x00, 0xF0, 0x00, 0x06, 0x01, 0x00, 0x30, 0x03, 0x80, 0xC0, 0x07,
    0x83, 0x00, 0x09, 0x84, 0x00, 0x11, 0x10, 0x00, 0x23, 0x20, 0x08, 0x42, 0x80, 0x10, 0x87, 0x00,
    0x3E, 0x06, 0x00, 0x40, 0x0C, 0x00, 0x80, 0x18, 0x05, 0x00, 0x30, 0x1E, 0x00, 0x60, 0x44, 0x00,
    0xA0, 0x88, 0x02, 0x41, 0x80, 0x04, 0x41, 0x00, 0x10, 0x83, 0x00, 0x60, 0x82, 0x01, 0x80, 0xCC,
    0x06, 0x00, 0xF0, 0x30, 0x00, 0x07, 0x80, 0x00, 0x00, 0x00, 0x00, 0x20, 0x00, 0x10, 0x00, 0x04,
    0x00, 0x02, 0x00, 0x00, 0x80, 0x00, 0x3F, 0xF8, 0x10, 0x02, 0x08, 0x01, 0x82, 0x00, 0x41, 0x00,
    0x20, 0x80, 0x08, 0x20, 0x04, 0x11, 0x03, 0x08, 0x30, 0x80, 0x02, 0x40, 0x00, 0x60, 0x00, 0x04,
    0x00, 0x00, 0x80, 0x00, 0x10, 0x00, 0x02, 0x00, 0x00, 0x01, 0x00, 0x02, 0x00, 0x02, 0x00, 0x04,
    0x00, 0x08, 0x18, 0x10, 0x04, 0x20, 0x03, 0x20, 0x00, 0xC0, 0x00, 0xC0, 0x01, 0x30, 0x02, 0x08,
    0x02, 0x04, 0x04, 0x02, 0x88, 0x00, 0x90, 0x00, 0xA0, 0x00, 0xA0, 0x00, 0xC0, 0x00, 0x80, 0x00,
    0x00, 0xFC, 0x00, 0x0C, 0x0C, 0x00, 0xC0, 0x0C, 0x06, 0x00, 0x18, 0x30, 0x00, 0x30, 0x80, 0x00,
    0x44, 0x00, 0x00, 0x90, 0x00, 0x02, 0x80, 0x00, 0x06, 0x00, 0x00, 0x18, 0x00, 0x00, 0x60, 0x00,
    0x01, 0x80, 0x00, 0x06, 0x00, 0x00, 0x18, 0x00, 0x00, 0x50, 0x00, 0x02, 0x40, 0x00, 0x08, 0x80,
    0x00, 0x43, 0x00, 0x03, 0x06, 0x00, 0x18, 0x0C, 0x00, 0xC0, 0x0C, 0x0C, 0x00, 0x0F, 0xC0, 0x00,
    0x00, 0x80, 0x80, 0x80, 0x40, 0x40, 0x40, 0x20, 0x20, 0x20, 0x10, 0x10, 0x10, 0x04, 0x01, 0x00,
    0x80, 0x20, 0x08, 0x04, 0x01, 0x00, 0x40, 0x20, 0x08, 0x02, 0x80, 0x20, 0x08, 0x04, 0x01, 0x00,
    0x40, 0x20, 0x08, 0x02, 0x01, 0x00, 0x40, 0x10, 0x10, 0x10, 0x08, 0x08, 0x08, 0x04, 0x04, 0x04,
    0x02, 0x02, 0x02, 0x00, 0x02, 0x20, 0x48, 0x11, 0x02, 0x40, 0x88, 0x22, 0x04, 0x41, 0x10, 0x24,
    0x08, 0x81, 0x20, 0x44, 0x04, 0x80, 0x88, 0x09, 0x01, 0x10, 0x11, 0x02, 0x20, 0x22, 0x02, 0x40,
    0x44, 0x04, 0x80, 0x88, 0x88, 0x12, 0x04, 0x40, 0x90, 0x22, 0x04, 0x81, 0x10, 0x24, 0x08, 0x81,
    0x20, 0x44, 0x09, 0x04, 0x41, 0x20, 0x88, 0x24, 0x11, 0x04, 0x82, 0x20, 0x90, 0x44, 0x12, 0x08,
    0x80, 0xFF, 0x80, 0x80, 0x80, 0x80, 0x80, 0x80, 0x80, 0x80, 0x80, 0x80, 0x80, 0x80, 0x80, 0x80,
    0x80, 0x80, 0x01, 0x01, 0x01, 0x01, 0x01, 0x01, 0x01, 0x01, 0x01, 0x01, 0x01, 0x01, 0x01, 0x01,
    0x01, 0x01, 0xFF, 0xFF, 0xC0, 0x60, 0x33, 0xF9, 0x04, 0x82, 0x41, 0x20, 0x90, 0x48, 0x24, 0x12,
    0x09, 0x04, 0x82, 0x41, 0x20, 0xF0, 0x00, 0x07, 0x82, 0x41, 0x20, 0x90, 0x48, 0x24, 0x12, 0x09,
    0x04, 0x82, 0x41, 0x20, 0x90, 0x4F, 0xE6, 0x03, 0x01, 0xFF, 0x80, 0xFF, 0xFB, 0xE7, 0x8F, 0x1C,
    0x38, 0x60, 0xC1, 0x83, 0x06, 0x0C, 0x18, 0x30, 0x60, 0xE1, 0xC3, 0xC7, 0x8F, 0x9F, 0x3F, 0x00,
    0x7E, 0x7C, 0xF8, 0xF1, 0xE1, 0xC3, 0x83, 0x06, 0x0C, 0x18, 0x30, 0x60, 0xC1, 0x87, 0x0E, 0x1C,
    0x78, 0xF3, 0xEF, 0xFF, 0x80, 0xFF, 0xFF, 0x80, 0x00, 0x00, 0x00, 0x00, 0x00, 0x00, 0x00, 0x07,
    0xFF, 0xFC, 0x02, 0x00, 0x01, 0x00, 0x00, 0x80, 0x00, 0x40, 0x00, 0x20, 0x00, 0x10, 0x00, 0x08,
    0x00, 0x04, 0x00, 0x02, 0x00, 0x01, 0x00, 0x00, 0x80, 0x00, 0xFF, 0xFF, 0xFF, 0xFF, 0xFF, 0xFF,
    0xFF, 0xFF, 0xFF, 0xFF, 0xFF, 0xFF, 0xFF, 0xFF, 0xFF, 0xFF, 0xFF, 0xF0, 0x00, 0x00, 0x00, 0x00,
    0x00, 0x00, 0x00, 0x00, 0x00, 0x00, 0x00, 0x00, 0xFF, 0xFF, 0xFF, 0xFF, 0xFF, 0xFF, 0xFF, 0xFF,
    0xFF, 0xFF, 0xFF, 0xFF, 0xFF, 0xFF, 0xFF, 0xFF, 0xFF, 0xF0, 0x08, 0xC4, 0x20, 0x82, 0x08, 0x20,
    0x82, 0x08, 0x20, 0x82, 0x08, 0x20, 0x82, 0x08, 0x20, 0x40, 0xC0, 0x80, 0x40, 0xC0, 0x81, 0x04,
    0x10, 0x41, 0x04, 0x10, 0x41, 0x04, 0x10, 0x41, 0x04, 0x10, 0x41, 0x08, 0xC4, 0x00, 0xFF, 0xC0,
    0xA1, 0x91, 0x09, 0x04, 0x82, 0x81, 0x40, 0xA0, 0x50, 0x30, 0x18, 0x0C, 0x05, 0x02, 0x81, 0x40,
    0xA0, 0x48, 0x24, 0x11, 0x08, 0x44, 0x1B, 0xFE, 0xFF, 0xA0, 0x4C, 0x21, 0x10, 0x48, 0x24, 0x0A,
    0x05, 0x01, 0x80, 0xC0, 0x60, 0x30, 0x18, 0x0C, 0x06, 0x05, 0x02, 0x82, 0x41, 0x21, 0x11, 0x0B,
    0x07, 0xFE, 0x00, 0x0E, 0x31, 0x41, 0x86, 0x98, 0x90, 0x90, 0x90, 0x90, 0x90, 0x90, 0x90, 0x90,
    0x90, 0x90, 0x90, 0x90, 0x90, 0x98, 0x84, 0x43, 0x31, 0x0E, 0x02, 0x40, 0xB0, 0x88, 0x86, 0x61,
    0x19, 0x09, 0x09, 0x09, 0x09, 0x09, 0x09, 0x09, 0x09, 0x09, 0x09, 0x09, 0x09, 0x09, 0x19, 0x21,
    0xC2, 0x8C, 0xB0, 0x40, 0xFF, 0x22, 0x44, 0x89, 0x12, 0x24, 0x48, 0x91, 0x22, 0x44, 0x89, 0x12,
    0x24, 0x48, 0x91, 0x22, 0x44, 0x89, 0x12, 0x3F, 0x80, 0xFE, 0x24, 0x48, 0x91, 0x22, 0x44, 0x89,
    0x12, 0x24, 0x48, 0x91, 0x22, 0x44, 0x89, 0x12, 0x24, 0x48, 0x91, 0x22, 0x7F, 0x80, 0x0F, 0x80,
    0x00, 0x60, 0xC0, 0x05, 0x00, 0x40, 0x14, 0x00, 0x60, 0xC0, 0x00, 0x3E, 0x00, 0xC0, 0xC0, 0x60,
    0x60, 0x1C, 0x0C, 0x04, 0x06, 0x06, 0x18, 0xC3, 0x00, 0x01, 0xC6, 0x10, 0xC0, 0xC0, 0x40, 0x60,
    0x70, 0x0C, 0x0C, 0x06, 0x06, 0x1F, 0xFF, 0xF8, 0x3F, 0xFF, 0xF0, 0x00, 0x00, 0x00, 0x00, 0x00,
    0x01, 0xFF, 0xFF, 0x83, 0xFF, 0xFF, 0x00, 0x0E, 0x00, 0x31, 0x9C, 0xD3, 0x8D, 0x39, 0x73, 0x12,
    0x72, 0x46, 0x24, 0xE4, 0x8B, 0x31, 0xC7, 0x62, 0x10, 0x08, 0x82, 0x20, 0x22, 0x06, 0x20, 0x8C,
    0x06, 0x3E, 0x30, 0x07, 0x01, 0xC0, 0x01, 0xFC, 0x00, 0xFF, 0xFF, 0xF8, 0x01, 0x01, 0x81, 0x81,
    0x81, 0x81, 0x81, 0x81, 0x81, 0x81, 0x81, 0x81, 0x81, 0x81, 0x81, 0x81, 0x81, 0x01, 0x01, 0x01,
    0x01, 0x00, 0x06, 0x00, 0x18, 0x00, 0x60, 0x81, 0x82, 0x06, 0x08, 0x18, 0x20, 0x60, 0x81, 0x82,
    0x06, 0x08, 0x18, 0x20, 0x60, 0x81, 0x82, 0x06, 0x08, 0x18, 0x20, 0x60, 0x81, 0x80, 0x06, 0x00,
    0x10, 0x00, 0x40, 0x01, 0x00, 0x04, 0x00, 0x00, 0x00, 0x00, 0x41, 0x00, 0x10, 0x30, 0x08, 0x02,
    0x02, 0x00, 0x40, 0x80, 0x08, 0x40, 0x01, 0x10, 0x00, 0x28, 0x00, 0x06, 0x00, 0x01, 0x80, 0x00,
    0x90, 0x00, 0x42, 0x00, 0x20, 0x80, 0x10, 0x10, 0x18, 0x02, 0x08, 0x00, 0x4C, 0x00, 0x14, 0x00,
    0x00, 0x10, 0x01, 0x08, 0x20, 0x42, 0x02, 0x40, 0x24, 0x02, 0xC0, 0x63, 0x0C, 0x0F, 0x00, 0xD8,
    0x30, 0x44, 0x02, 0x80, 0x18, 0x01, 0x80, 0x18, 0x01, 0xC0, 0x14, 0x02, 0x30, 0x40, 0xF8, 0x00,
    0x20, 0x00, 0x01, 0x00, 0x00, 0x08, 0x00, 0x00, 0x40, 0x00, 0x00, 0x00, 0x7F, 0xFF, 0xFC, 0x00,
    0x20, 0x00, 0x01, 0x00, 0x00, 0x08, 0x00, 0x00, 0x40, 0x00, 0x00, 0x00, 0x00, 0x00, 0x03, 0xFF,
    0xFF, 0xE0, 0x00, 0x00, 0x00, 0x00, 0x00, 0x00, 0x00, 0x00, 0x00, 0x00, 0x00, 0x00, 0x00, 0x00,
    0x00, 0x07, 0xFF, 0xC0, 0x00, 0x20, 0x00, 0x01, 0x00, 0x00, 0x08, 0x00, 0x00, 0x40, 0x00, 0x00,
    0x00, 0x7F, 0xFF, 0xFC, 0x00, 0x00, 0x00, 0x00, 0x00, 0x00, 0x00, 0x00, 0x00, 0x00, 0x00, 0x00,
    0x00, 0x1F, 0xFF, 0x00, 0x00, 0x00, 0x00, 0x00, 0x00, 0x00, 0x00, 0x00, 0x00, 0x00, 0x00, 0x00,
    0x07, 0xFF, 0xFF, 0xC0, 0x00, 0x40, 0x00, 0x08, 0x00, 0x01, 0x00, 0x00, 0x20, 0x07, 0xFF, 0xF0,
    0x00, 0x02, 0x00, 0x00, 0x40, 0x00, 0x10, 0x10, 0x02, 0x02, 0x00, 0x40, 0x20, 0x10, 0x02, 0x04,
    0x00, 0x30, 0x80, 0x01, 0x20, 0x00, 0x18, 0x00, 0x07, 0x80, 0x01, 0x08, 0x00, 0xC0, 0xC0, 0xC0,
    0x06, 0x60, 0x00, 0x30, 0x69, 0x96, 0x69, 0x96, 0x69, 0x96, 0x69, 0x96, 0xFF, 0x80, 0xFF, 0x8F,
    0xF8, 0xC0, 0x1C, 0x01, 0xB0, 0x11, 0x01, 0x88, 0x10, 0x40, 0x82, 0x08, 0x20, 0x81, 0x0C, 0x10,
    0x40, 0xC4, 0x04, 0x60, 0x3C, 0x01, 0xE0, 0x00, 0x20, 0x01, 0x00, 0x10, 0x00, 0x80, 0x08, 0x00,
    0x40, 0x04, 0x00, 0x20, 0x02, 0x00, 0x10, 0x01, 0x00, 0x08, 0x00, 0x80, 0x04, 0x00, 0x40, 0x06,
    0x00, 0x20, 0x03, 0x00, 0x10, 0x01, 0x80, 0x08, 0x00, 0x40, 0x02, 0x00, 0x10, 0x00, 0x40, 0x02,
    0x00, 0x18, 0x00, 0x40, 0x01, 0x00, 0x08, 0x00, 0x20, 0x01, 0x00, 0x04, 0x00, 0x20, 0x00, 0x80,
    0x04, 0x00, 0x10, 0x00, 0x80, 0x02, 0x00, 0x10, 0x00, 0x40, 0x02, 0x00, 0x08, 0x00, 0x40, 0x01,
    0x00, 0x08, 0x00, 0x00, 0x00, 0x20, 0x00, 0x20, 0x00, 0x40, 0x00, 0x40, 0x00, 0x80, 0x00, 0x80,
    0x01, 0x00, 0x01, 0x00, 0x02, 0x00, 0x02, 0x00, 0x04, 0x04, 0x04, 0x22, 0x08, 0x12, 0x08, 0x10,
    0x10, 0x00, 0x30, 0x00, 0x20, 0x00, 0x60, 0x00, 0x40, 0x00, 0xC0, 0x00, 0x80, 0x00, 0x80, 0x00,
    0x80, 0x00, 0x80, 0x00, 0x40, 0x00, 0x40, 0x00, 0x60, 0x00, 0x20, 0x00, 0x10, 0x00, 0x10, 0x00,
    0x08, 0x00, 0x08, 0x00, 0x04, 0x00, 0x04, 0x00, 0x02, 0x00, 0x02, 0x00, 0x01, 0x00, 0x01, 0x00,
    0x00, 0x80, 0x00, 0x80, 0x00, 0x40, 0x00, 0x40, 0x00, 0x20, 0x00, 0x20, 0x00, 0x10, 0x00, 0x10,
    0x00, 0x00, 0x00, 0x20, 0x04, 0x01, 0x00, 0x20, 0x08, 0x01, 0x00, 0x40, 0x18, 0x02, 0x00, 0xC0,
    0x10, 0x04, 0x00, 0x80, 0x20, 0x04, 0x01, 0x00, 0x20, 0x08, 0x01, 0x00, 0x40, 0x08, 0x01, 0x00,
    0x20, 0x00, 0x00, 0x20, 0x00, 0x20, 0x00, 0x40, 0x00, 0x40, 0x00, 0x80, 0x00, 0x80, 0x01, 0x00,
    0x03, 0x00, 0x02, 0x00, 0x06, 0x04, 0x04, 0x24, 0x08, 0x22, 0x08, 0x10, 0x10, 0x00, 0x10, 0x00,
    0x20, 0x00, 0x20, 0x00, 0x40, 0x00, 0x40, 0x00, 0x80, 0x00, 0x80, 0x00, 0x80, 0x00, 0x80, 0x00,
    0x80, 0x08, 0x00, 0x80, 0x04, 0x00, 0x40, 0x02, 0x00, 0x30, 0x01, 0x00, 0x08, 0x00, 0x80, 0x04,
    0x00, 0x40, 0x02, 0x00, 0x20, 0x01, 0x00, 0x10, 0x00, 0x80, 0x08, 0x00, 0x40, 0x04, 0x00, 0x20,
    0x02, 0x00, 0x10, 0x00, 0xFE, 0x00, 0x06, 0x03, 0x00, 0x30, 0x01, 0x80, 0xC0, 0x01, 0x83, 0x00,
    0x01, 0x84, 0x00, 0x01, 0x10, 0x00, 0x01, 0x23, 0xFF, 0xF2, 0x80, 0x00, 0x03, 0x00, 0x00, 0x06,
    0x1F, 0xFF, 0x8C, 0x00, 0xC0, 0x18, 0x01, 0x80, 0x30, 0x03, 0x00, 0x60, 0x06, 0x00, 0xA0, 0x0C,
    0x02, 0x40, 0x18, 0x04, 0x40, 0x30, 0x10, 0xC0, 0x60, 0x60, 0xC0, 0x01, 0x80, 0xC0, 0x06, 0x00,
    0x60, 0x30, 0x00, 0x3F, 0x80, 0x00, 0x40, 0x44, 0x04, 0x80, 0x88, 0x10, 0x82, 0x08, 0x21, 0x04,
    0x10, 0x41, 0x10, 0x21, 0x02, 0x20, 0x22, 0x04, 0x40, 0x44, 0x05, 0x00, 0x50, 0x0A, 0x00, 0xA0,
    0x0C, 0x00, 0xC0, 0x10, 0x01, 0x00, 0x30, 0x03, 0x00, 0xA0, 0x0A, 0x01, 0x40, 0x14, 0x02, 0x40,
    0x24, 0x08, 0x80, 0x88, 0x10, 0x82, 0x08, 0x41, 0x04, 0x11, 0x02, 0x10, 0x12, 0x02, 0x20, 0x28,
    0x04, 0x80, 0x30, 0x01, 0x00, 0x40, 0x00, 0x20, 0x00, 0x01, 0x00, 0x00, 0x08, 0x00, 0x00, 0x40,
    0x00, 0x02, 0x00, 0x00, 0x10, 0x00, 0x00, 0x80, 0x1F, 0xFF, 0xFF, 0x00, 0x20, 0x00, 0x01, 0x00,
    0x00, 0x08, 0x00, 0x00, 0x40, 0x00, 0x02, 0x00, 0x00, 0x10, 0x00, 0x00, 0x80, 0x00, 0x04, 0x00,
    0x00, 0x20, 0x00, 0x01, 0x00, 0x00, 0x08, 0x00, 0x00, 0x40, 0x00, 0x02, 0x00, 0x00, 0x10, 0x00,
    0x01, 0x02, 0x00, 0x04, 0x08, 0x00, 0x10, 0x20, 0x00, 0x40, 0x80, 0x01, 0x02, 0x00, 0x04, 0x08,
    0x00, 0x10, 0x20, 0x3F, 0xFF, 0xFF, 0x01, 0x02, 0x00, 0x04, 0x08, 0x00, 0x10, 0x20, 0x00, 0x40,
    0x80, 0x01, 0x02, 0x00, 0x04, 0x08, 0x00, 0x10, 0x20, 0x00, 0x40, 0x80, 0x01, 0x02, 0x00, 0x04,
    0x08, 0x00, 0x10, 0x20, 0x00, 0x40, 0x80, 0x01, 0x02, 0x00, 0x04, 0x08, 0x00, 0x04, 0x00, 0x80,
    0x20, 0x84, 0x01, 0x04, 0x20, 0x08, 0x21, 0x00, 0x41, 0x08, 0x02, 0x08, 0x40, 0x10, 0x42, 0x00,
    0x82, 0x10, 0xFF, 0xFF, 0xF8, 0x20, 0x84, 0x01, 0x04, 0x20, 0x08, 0x21, 0x00, 0x41, 0x08, 0x02,
    0x08, 0x40, 0x20, 0x42, 0x01, 0x02, 0x10, 0x08, 0x10, 0x80, 0x40, 0x84, 0x04, 0x04, 0x20, 0x20,
    0x21, 0x01, 0x00, 0x08, 0x10, 0x00, 0x41, 0x00, 0x02, 0x00, 0x00, 0x02, 0x00, 0x10, 0x01, 0x00,
    0x08, 0x00, 0x40, 0x03, 0x00, 0x18, 0x00, 0x70, 0x78, 0x58, 0x06, 0x00, 0x20, 0x03, 0x00, 0x18,
    0x00, 0xC0, 0x02, 0x00, 0x18, 0x00, 0x70, 0x18, 0x06, 0x00, 0x80, 0x10, 0x00, 0xFF, 0xFF, 0xF0,
    0x00, 0x0E, 0x00, 0x02, 0xC0, 0x00, 0x98, 0x00, 0x23, 0x00, 0x08, 0x60, 0x02, 0x0C, 0x00, 0x81,
    0x80, 0x20, 0x30, 0x08, 0x06, 0x02, 0x00, 0xC0, 0x80, 0x18, 0x20, 0x03, 0x08, 0x00, 0x62, 0x00,
    0x0C, 0x80, 0x01, 0xA0, 0x00, 0x38, 0x00, 0x07, 0xFF, 0xFF, 0x80, 0x00, 0x20, 0x00, 0xE2, 0x80,
    0x09, 0xA2, 0x00, 0x86, 0x10, 0x0C, 0x00, 0x40, 0x00, 0x02, 0x00, 0x00, 0x08, 0x00, 0x00, 0x40,
    0x00, 0x01, 0x00, 0x00, 0x08, 0x00, 0x00, 0x20, 0x00, 0x01, 0x00, 0x00, 0x04, 0x00, 0x00, 0x30,
    0x00, 0x00, 0x80, 0x00, 0x02, 0x00, 0x00, 0x18, 0x00, 0x00, 0x40, 0xEC, 0xCC, 0xCF, 0x00, 0x00,
    0x06, 0x00, 0x00, 0x08, 0x00, 0x00, 0x08, 0x00, 0x00, 0x30, 0x00, 0x00, 0x60, 0x78, 0x40, 0x81,
    0x1D, 0x00, 0x80, 0x04, 0x03, 0x00, 0x10, 0x04, 0x00, 0x20, 0x00, 0x00, 0x80, 0x00, 0x3F, 0xF0,
    0x10, 0x04, 0x00, 0x60, 0xFF, 0xC0, 0x80, 0x10, 0x00, 0x00, 0x40, 0x01, 0x00, 0x80, 0x06, 0x00,
    0x00, 0x08, 0x00, 0x00, 0x08, 0x00, 0x00, 0x30, 0x00, 0x00, 0x7B, 0x33, 0x33, 0x80, 0xFF, 0xFC,
    0x00, 0x60, 0x03, 0x40, 0x59, 0x04, 0xC8, 0x26, 0x22, 0x31, 0x11, 0x85, 0x0C, 0x30, 0x60, 0x83,
    0x0A, 0x18, 0x50, 0xC4, 0x46, 0x22, 0x32, 0x09, 0x90, 0x4D, 0x01, 0x60, 0x03, 0x00, 0x1F, 0xFF,
    0x80, 0x01, 0x00, 0x00, 0x40, 0x00, 0x08, 0x0C, 0x3F, 0xFE, 0x00, 0x20, 0x00, 0x04, 0x04, 0x00,
    0x81, 0x00, 0x17, 0xF0, 0x03, 0x89, 0x81, 0xC1, 0x18, 0x48, 0x21, 0x11, 0x08, 0x14, 0x22, 0x02,
    0x84, 0x40, 0x60, 0x90, 0x0C, 0x14, 0x03, 0x81, 0x00, 0x50, 0xE0, 0x11, 0xE4, 0x0C, 0x00, 0x0E,
    0x00, 0x80, 0x00, 0x10, 0x00, 0x42, 0x00, 0x04, 0x40, 0x00, 0x88, 0x00, 0x09, 0x00, 0x01, 0x20,
    0x00, 0x14, 0x00, 0x02, 0x80, 0x00, 0x50, 0x00, 0x0A, 0x00, 0x00, 0xA0, 0x40, 0x14, 0x08, 0x02,
    0x81, 0x00, 0x08, 0x40, 0x01, 0x90, 0x00, 0x1C, 0x00, 0x00, 0x00, 0x00, 0x3F, 0xC0, 0x00, 0x40,
    0x00, 0x00, 0x00, 0x00, 0x00, 0x01, 0xFC, 0x1C, 0x0E, 0xC0, 0x04, 0x00, 0x04, 0x00, 0x08, 0x00,
    0x10, 0x00, 0x20, 0x00, 0x40, 0x01, 0x00, 0x02, 0x00, 0x08, 0x00, 0x60, 0x03, 0x00, 0x38, 0x00,
    0x80, 0x00, 0x07, 0x00, 0x00, 0x1F, 0x80, 0x00, 0x00, 0x00, 0x00, 0x00, 0x00, 0x00, 0x00, 0x18,
    0x0F, 0xFF, 0x00, 0x00, 0xC0, 0x00, 0x30, 0x00, 0x0C, 0x00, 0x01, 0x00, 0x00, 0x40, 0x00, 0x1C,
    0x00, 0x04, 0x40, 0x01, 0x08, 0x00, 0x40, 0x80, 0x10, 0x10, 0x04, 0x02, 0x01, 0x00, 0x20, 0x00,
    0x03, 0xF0, 0x04, 0x00, 0x00, 0x40, 0x00, 0x04, 0x00, 0x00, 0x40, 0x30, 0x04, 0xF0, 0x8F, 0xF0,
    0x06, 0x04, 0x00, 0x10, 0x40, 0x00, 0x04, 0x00, 0x00, 0x40, 0x00, 0x04, 0xFE, 0x00, 0x70, 0x18,
    0x1C, 0x00, 0xC2, 0x40, 0x04, 0x44, 0x00, 0x48, 0x40, 0x04, 0x84, 0x00, 0xC8, 0x40, 0x18, 0x64,
    0x07, 0x01, 0xC3, 0x80, 0x02, 0x00, 0x00, 0x10, 0x00, 0x00, 0x80, 0x00, 0x04, 0x01, 0x00, 0x20,
    0x04, 0x01, 0xFC, 0x23, 0xF0, 0x30, 0x80, 0x80, 0x84, 0x04, 0x04, 0x10, 0x20, 0x20, 0x82, 0x01,
    0x02, 0x10, 0x08, 0x10, 0x80, 0x40, 0x08, 0x02, 0x00, 0x40, 0x30, 0x04, 0x01, 0x00, 0x20, 0x08,
    0x02, 0x00, 0x40, 0x10, 0x04, 0x01, 0x07, 0xC0, 0x00, 0x00, 0x00, 0x00, 0x00, 0x01, 0x20, 0x20,
    0x04, 0x80, 0x80, 0x09, 0x02, 0x00, 0x20, 0x08, 0x02, 0x00, 0x20, 0x08, 0x00, 0xFE, 0x10, 0xFC,
    0x0C, 0x20, 0x10, 0x10, 0x80, 0x40, 0x41, 0x01, 0x01, 0x04, 0x08, 0x04, 0x08, 0x20, 0x10, 0x20,
    0x80, 0x40, 0x04, 0x01, 0x00, 0x10, 0x0C, 0x00, 0x80, 0x20, 0x02, 0x00, 0x80, 0x10, 0x02, 0x00,
    0x40, 0x10, 0x02, 0x0F, 0x80, 0x00, 0x00, 0x00, 0x00, 0x20, 0x00, 0x10, 0x00, 0x09, 0xE7, 0xFF,
    0x00, 0x01, 0x00, 0x00, 0x80, 0x00, 0x20, 0x00, 0x13, 0xFF, 0xFE, 0x00, 0x02, 0x00, 0x01, 0x00,
    0x00, 0x40, 0x00, 0x10, 0x80, 0xF8, 0x80, 0x00, 0x40, 0x00, 0x20, 0x00, 0x18, 0x00, 0x06, 0x00,
    0x00, 0xFF, 0x80, 0x00, 0x00, 0x04, 0x00, 0x80, 0x10, 0x02, 0x00, 0x40, 0x08, 0x03, 0x00, 0x40,
    0x08, 0x00, 0x80, 0x08, 0x00, 0x40, 0x03, 0x00, 0x08, 0x00, 0x40, 0x02, 0x00, 0x10, 0x00, 0x80,
    0x04, 0x00, 0x20, 0x00, 0x00, 0x00, 0x20, 0x00, 0x40, 0x00, 0x80, 0x01, 0x00, 0x06, 0x04, 0x08,
    0x22, 0x10, 0x12, 0x20, 0x11, 0x40, 0x08, 0x80, 0x00, 0x40, 0x00, 0x20, 0x00, 0x10, 0x00, 0x0C,
    0x00, 0x02, 0x00, 0x01, 0x00, 0x00, 0x80, 0x00, 0x40, 0x00, 0x20, 0x00, 0x10, 0x3F, 0xFC, 0x00,
    0x00, 0x00, 0x00, 0x00, 0x00, 0x00, 0x00, 0x00, 0x00, 0x00, 0x00, 0x00, 0x00, 0x00, 0x00, 0x40,
    0x00, 0x80, 0x00, 0x80, 0x00, 0x80, 0x00, 0x80, 0x00, 0xC0, 0x00, 0x70, 0x03, 0x1F, 0xFC, 0x00,
    0x40, 0x00, 0x20, 0x00, 0x08, 0x00, 0x04, 0x00, 0x02, 0x7F, 0xFF, 0xC0, 0x00, 0x40, 0x00, 0x20,
    0x00, 0x08, 0x00, 0x04, 0x00, 0x01, 0x00, 0x00, 0x42, 0x03, 0xE1, 0x00, 0x01, 0x00, 0x00, 0x80,
    0x00, 0x40, 0x00, 0x20, 0x00, 0x08, 0x00, 0x03, 0x00, 0x40, 0x7F, 0xC0, 0x80, 0x00, 0x80, 0x00,
    0x80, 0x00, 0x80, 0x00, 0x80, 0x00, 0x80, 0x00, 0x80, 0x00, 0x80, 0x00, 0x80, 0x00, 0x80, 0x00,
    0x80, 0x00, 0x80, 0x00, 0x80, 0x00, 0x80, 0x00, 0x80, 0x02, 0x80, 0x02, 0x80, 0x04, 0xC0, 0x18,
    0x60, 0x60, 0x1F, 0x80, 0x00, 0x08, 0x00, 0x00, 0x40, 0x00, 0x02, 0x00, 0x00, 0x10, 0x0F, 0xFF,
    0xFF, 0x80, 0x04, 0x00, 0x00, 0x20, 0x00, 0x1F, 0x00, 0x01, 0x88, 0x00, 0x18, 0x40, 0x00, 0x81,
    0x00, 0x04, 0x08, 0x00, 0x20, 0x40, 0x01, 0x06, 0x00, 0x04, 0x20, 0x00, 0x1F, 0x00, 0x00, 0x08,
    0x00, 0x00, 0x80, 0x00, 0x08, 0x00, 0x00, 0x80, 0x00, 0x18, 0x00, 0x00, 0x00, 0x00, 0x80, 0x08,
    0x02, 0x00, 0x20, 0x08, 0x00, 0x80, 0x20, 0x02, 0x00, 0x80, 0x08, 0x02, 0x00, 0x20, 0x3F, 0xC1,
    0xFF, 0x20, 0xFA, 0x00, 0x80, 0x08, 0x02, 0x00, 0x20, 0x08, 0x00, 0x80, 0x20, 0x02, 0x00, 0x80,
    0x08, 0x3C, 0x00, 0x20, 0x00, 0x00, 0x80, 0x00, 0x02, 0x00, 0x00, 0x08, 0x00, 0x00, 0x10, 0x00,
    0x00, 0x3F, 0xF8, 0x07, 0xFF, 0x00, 0x00, 0x40, 0x00, 0x08, 0x00, 0x01, 0x00, 0x00, 0x20, 0x00,
    0x04, 0x00, 0x01, 0x80, 0x00, 0x23, 0xFF, 0x1F, 0xD0, 0x06, 0x06, 0x00, 0x00, 0x80, 0x00, 0x08,
    0x00, 0x01, 0x00, 0x00, 0x10, 0x00, 0x01, 0x00, 0x00, 0x10, 0x00, 0x00, 0x80, 0x00, 0x06, 0x00,
    0x00, 0x1F, 0x00, 0x02, 0x00, 0x00, 0x20, 0x00, 0x02, 0x00, 0x00, 0x20, 0x00, 0x04, 0x70, 0x0F,
    0xF8, 0x00, 0x04, 0x00, 0x00, 0x40, 0x00, 0x08, 0x1F, 0xE0, 0x80, 0x00, 0x08, 0x00, 0x00, 0x80,
    0x00, 0x10, 0x00, 0x01, 0x00, 0x00, 0x10, 0x40, 0x02, 0x04, 0x00, 0x20, 0x40, 0x02, 0x04, 0x00,
    0x40, 0x30, 0x04, 0x01, 0xFF, 0x02, 0x00, 0x00, 0x10, 0x04, 0x80, 0x80, 0x22, 0x04, 0x00, 0x90,
    0x4F, 0x02, 0x7F, 0x80, 0x00, 0x10, 0x00, 0x00, 0x80, 0x00, 0x04, 0x1F, 0xE0, 0x40, 0x00, 0x02,
    0x00, 0x00, 0x10, 0x00, 0x00, 0x80, 0x00, 0x08, 0x00, 0x00, 0x41, 0x00, 0x02, 0x08, 0x00, 0x20,
    0x40, 0x01, 0x02, 0x00, 0x08, 0x10, 0x00, 0x80, 0x60, 0x04, 0x01, 0xFF, 0x00, 0x02, 0x00, 0x00,
    0x80, 0x00, 0x40, 0x00, 0x10, 0x1C, 0xFF, 0xF8, 0x01, 0x00, 0x00, 0x40, 0x00, 0x10, 0x00, 0x08,
    0x00, 0x02, 0x00, 0x00, 0x8F, 0xE0, 0x2C, 0x06, 0x14, 0x00, 0x86, 0x00, 0x11, 0x00, 0x04, 0x00,
    0x01, 0x00, 0x00, 0x40, 0x00, 0x20, 0x00, 0x18, 0x00, 0x18, 0x07, 0xF0, 0x00, 0x00, 0x7F, 0x00,
    0x38, 0x0C, 0x1C, 0x00, 0x6E, 0x00, 0x02, 0x00, 0x00, 0x10, 0x00, 0x01, 0x00, 0x00, 0x10, 0x00,
    0x01, 0x00, 0x00, 0x10, 0x00, 0x02, 0x00, 0x00, 0x60, 0x00, 0x0C, 0x00, 0x03, 0x00, 0x01, 0xC0,
    0x03, 0xE0, 0x00, 0x00, 0x07, 0xF0, 0x7F, 0xA0, 0xF8, 0x0C, 0x00, 0x01, 0x00, 0x00, 0x20, 0x00,
    0x06, 0x00, 0x00, 0x40, 0x00, 0x04, 0x00, 0x00, 0x80, 0x00, 0x08, 0x00, 0x00, 0x80, 0x00, 0x08,
    0x00, 0x00, 0x80, 0x00, 0x0C, 0x00, 0x00, 0x40, 0x00, 0x02, 0x00, 0x00, 0x30, 0x00, 0x00, 0xE0,
    0x00, 0x03, 0xC0, 0x00, 0x07, 0xF0, 0x3F, 0xD0, 0x3E, 0x03, 0x00, 0x00, 0x20, 0x00, 0x02, 0x01,
    0x00, 0x30, 0x48, 0x01, 0x01, 0x20, 0x08, 0x08, 0x00, 0x80, 0x00, 0x04, 0x00, 0x00, 0x20, 0x00,
    0x01, 0x00, 0x00, 0x08, 0x00, 0x00, 0x60, 0x00, 0x01, 0x00, 0x00, 0x04, 0x00, 0x00, 0x30, 0x00,
    0x00, 0x70, 0x00, 0x00, 0xF0, 0x40, 0x00, 0x20, 0x00, 0x20, 0x00, 0x20, 0x0C, 0x10, 0x10, 0x10,
    0x60, 0x09, 0x80, 0x06, 0x00, 0x08, 0x00, 0x10, 0x00, 0x40, 0x00, 0x40, 0x00, 0x80, 0x00, 0x80,
    0x00, 0x80, 0x00, 0x80, 0x00, 0x40, 0x00, 0x30, 0x01, 0x0F, 0xFE, 0x01, 0x00, 0x00, 0x10, 0x00,
    0x01, 0x00, 0x00, 0x10, 0x00, 0x02, 0x62, 0x0F, 0xF8, 0x18, 0x02, 0x00, 0x40, 0x40, 0x03, 0x04,
    0x04, 0x00, 0x80, 0x40, 0x08, 0x04, 0x01, 0x00, 0x40, 0x10, 0x04, 0x02, 0x00, 0x40, 0x20, 0x04,
    0x04, 0x0F, 0xC0, 0x01, 0x07, 0x00, 0x20, 0x4C, 0x02, 0x04, 0x20, 0x30, 0xC0, 0x00, 0xF0, 0x00,
    0x00, 0x00, 0x08, 0x00, 0x01, 0x00, 0x00, 0x20, 0x7F, 0xE4, 0x00, 0x00, 0x80, 0x00, 0x20, 0x00,
    0x04, 0x00, 0x00, 0x80, 0x00, 0x10, 0x00, 0x02, 0x00, 0x00, 0x40, 0x00, 0x09, 0x10, 0x01, 0x42,
    0x00, 0x28, 0x40, 0x06, 0x08, 0x00, 0xC0, 0xC0, 0x28, 0x0F, 0xF9, 0x00, 0x00, 0x00, 0x03, 0xFE,
    0x00, 0xE2, 0x38, 0x18, 0x20, 0xC3, 0x04, 0x06, 0x60, 0x40, 0x24, 0x04, 0x03, 0xC0, 0x40, 0x18,
    0x08, 0x01, 0x80, 0x80, 0x18, 0x08, 0x01, 0x81, 0x00, 0x18, 0x10, 0x02, 0x42, 0x00, 0x26, 0x60,
    0x04, 0x38, 0x00, 0x80, 0x00, 0x30, 0x00, 0x3C, 0x00, 0x40, 0x02, 0x04, 0x00, 0x20, 0x40, 0x02,
    0x04, 0x00, 0x20, 0x40, 0x02, 0x38, 0x1F, 0xFC, 0x80, 0x02, 0x08, 0x00, 0x20, 0x80, 0x02, 0x08,
    0x00, 0x20, 0x80, 0x02, 0x08, 0x00, 0x20, 0x80, 0x02, 0x0A, 0x0F, 0xE0, 0xA1, 0x83, 0x0C, 0x20,
    0x2C, 0xC2, 0x02, 0x2C, 0x20, 0x21, 0x41, 0x04, 0x04, 0x0F, 0x80, 0x00, 0x00, 0x10, 0x00, 0x02,
    0x40, 0x20, 0x93, 0xFE, 0x04, 0x40, 0x40, 0x20, 0x02, 0x00, 0x80, 0x20, 0x04, 0x02, 0x00, 0x60,
    0x10, 0x01, 0x81, 0x00, 0x0C, 0x08, 0x00, 0x50, 0x80, 0x02, 0x44, 0x00, 0x21, 0x20, 0x01, 0x01,
    0x00, 0x08, 0x08, 0x00, 0x40, 0x40, 0x04, 0x03, 0x00, 0x20, 0x08, 0x02, 0x00, 0x30, 0x60, 0x00,
    0xFC, 0x00, 0x00, 0x01, 0xC0, 0x00, 0x11, 0x00, 0x01, 0x04, 0x00, 0x10, 0x20, 0x00, 0x80, 0x80,
    0x08, 0x02, 0x00, 0x80, 0x08, 0x08, 0x00, 0x20, 0x80, 0x00, 0x80, 0x00, 0x02, 0x00, 0x00, 0x08,
    0x00, 0x00, 0x20, 0x00, 0x00, 0x80, 0x00, 0x00, 0x00, 0x00, 0x00, 0x00, 0x01, 0x00, 0x00, 0x48,
    0x01, 0x02, 0x20, 0x24, 0x08, 0x02, 0x10, 0x40, 0x10, 0x40, 0x01, 0x01, 0x00, 0x10, 0x08, 0x01,
    0x00, 0x20, 0x10, 0x00, 0x81, 0x80, 0x02, 0x08, 0x00, 0x08, 0x00, 0x00, 0x20, 0x00, 0x00, 0x80,
    0x00, 0x02, 0x00, 0x00, 0x08, 0x00, 0x80, 0x00, 0x40, 0x00, 0x20, 0x00, 0x10, 0x6F, 0xFF, 0xC0,
    0x04, 0x00, 0x02, 0x00, 0x01, 0x00, 0x00, 0x81, 0x7F, 0xFF, 0x00, 0x20, 0x00, 0x10, 0x00, 0x08,
    0x00, 0x04, 0x00, 0xFE, 0x00, 0xC1, 0xE0, 0x80, 0x8C, 0x40, 0x41, 0x20, 0x20, 0x48, 0x20, 0x03,
    0xE0, 0x00, 0x0F, 0xF0, 0x00, 0x01, 0x00, 0x00, 0x08, 0x00, 0x00, 0xC0, 0x00, 0x04, 0x00, 0x00,
    0x20, 0x20, 0x02, 0x01, 0x00, 0xFE, 0x08, 0x19, 0x0E, 0x41, 0x08, 0x0E, 0x10, 0x80, 0x31, 0x84,
    0x01, 0x68, 0x20, 0x08, 0xC2, 0x00, 0xC2, 0x10, 0x04, 0x19, 0x00, 0x60, 0x70, 0x02, 0x00, 0x00,
    0x60, 0x00, 0x06, 0x00, 0x00, 0x40, 0x00, 0x04, 0x00, 0x00, 0x80, 0x00, 0x10, 0x00, 0x02, 0x71,
    0x0F, 0xF0, 0x18, 0x08, 0x00, 0x81, 0x00, 0x08, 0x20, 0x01, 0x3C, 0x00, 0x0C, 0x80, 0x01, 0x10,
    0x00, 0x42, 0x00, 0x08, 0x40, 0x01, 0x08, 0x00, 0x21, 0x00, 0x22, 0x40, 0x04, 0x78, 0x00, 0x81,
    0x00, 0x10, 0x20, 0x02, 0x06, 0x01, 0x80, 0x3F, 0xE0, 0x00, 0x04, 0x01, 0x00, 0x80, 0x10, 0x08,
    0x01, 0x00, 0x80, 0x10, 0xFE, 0x00, 0xB1, 0x18, 0x0C, 0x10, 0xC1, 0x41, 0x06, 0x24, 0x20, 0x26,
    0x42, 0x01, 0x42, 0x40, 0x18, 0x24, 0x01, 0x81, 0x80, 0x18, 0x08, 0x01, 0x81, 0x80, 0x28, 0x24,
    0x02, 0x44, 0x00, 0x47, 0x80, 0x08, 0x00, 0x03, 0x00, 0x01, 0xC0, 0x00, 0x00, 0x00, 0x20, 0x00,
    0x04, 0x00, 0x00, 0x80, 0x04, 0x10, 0x00, 0x7F, 0xF0, 0x00, 0x80, 0x00, 0x10, 0x00, 0x02, 0x00,
    0x00, 0x40, 0x03, 0x08, 0x02, 0x1F, 0xFC, 0x20, 0x20, 0x04, 0x08, 0x00, 0x41, 0x00, 0x08, 0x20,
    0x01, 0x04, 0x00, 0x20, 0x40, 0x0C, 0x08, 0x03, 0x00, 0xC1, 0xC0, 0x0F, 0xE0, 0x00, 0x80, 0x00,
    0x40, 0x00, 0x20, 0x00, 0x10, 0x00, 0x08, 0x00, 0x07, 0xFC, 0x02, 0x00, 0x01, 0x00, 0x00, 0x80,
    0x00, 0x40, 0x00, 0x20, 0x00, 0x10, 0x00, 0x08, 0x01, 0xFC, 0x01, 0x83, 0xC1, 0x01, 0x18, 0x80,
    0x83, 0x40, 0x40, 0x50, 0x40, 0x07, 0xC0, 0x00, 0x10, 0x00, 0x0F, 0x00, 0x00, 0xF8, 0x00, 0x00,
    0x40, 0x00, 0x40, 0x00, 0x40, 0x00, 0x40, 0x00, 0x40, 0x00, 0x81, 0xF8, 0x8E, 0x0C, 0x90, 0x02,
    0xE0, 0x01, 0xC0, 0x01, 0x80, 0x01, 0x00, 0x01, 0x00, 0x02, 0x00, 0x06, 0x00, 0x0C, 0x00, 0xF0,
    0x1F, 0x00, 0x40, 0x01, 0x07, 0x84, 0x63, 0x12, 0x06, 0x50, 0x0A, 0x80, 0x3A, 0x00, 0x70, 0x01,
    0xC0, 0x07, 0x00, 0x18, 0x00, 0x60, 0x01, 0x80, 0x04, 0x00, 0x20, 0x00, 0x80, 0x04, 0x00, 0x20,
    0x01, 0x00, 0x18, 0x07, 0x80, 0x1F, 0xFC, 0x00, 0x04, 0x00, 0x04, 0x00, 0x04, 0x00, 0x04, 0x00,
    0x04, 0x00, 0x0C, 0x00, 0x0F, 0xF0, 0x0C, 0x06, 0x08, 0x01, 0x98, 0x00, 0x70, 0x00, 0x10, 0x00,
    0x08, 0x3C, 0x04, 0x31, 0x82, 0x10, 0x42, 0x08, 0x13, 0x02, 0x0E, 0x00, 0xFC, 0x00, 0x03, 0x00,
    0x00, 0x06, 0x00, 0x00, 0x0C, 0x00, 0x00, 0x18, 0x00, 0x00, 0x70, 0xF8, 0x0F, 0x66, 0x08, 0x00,
    0x90, 0x10, 0x01, 0x40, 0x20, 0x03, 0x00, 0x40, 0x0C, 0x00, 0x80, 0x38, 0x01, 0x00, 0x50, 0x02,
    0x01, 0x20, 0x08, 0x06, 0x40, 0x10, 0x18, 0x80, 0x20, 0x21, 0x00, 0x40, 0x82, 0x00, 0x80, 0x04,
    0x01, 0x0C, 0x08, 0x01, 0xE0, 0x10, 0x00, 0x00, 0x03, 0x00, 0x00, 0x0C, 0x00, 0x00, 0x30, 0x00,
    0x00, 0xC0, 0x00, 0x07, 0x00, 0x01, 0xEC, 0x3F, 0x80, 0x23, 0x01, 0x00, 0x90, 0x02, 0x03, 0x80,
    0x0C, 0x18, 0x00, 0x10, 0xE0, 0x00, 0x42, 0x80, 0x01, 0x12, 0x00, 0x04, 0xC8, 0x00, 0x36, 0x20,
    0x00, 0x90, 0x80, 0x04, 0x02, 0x00, 0x20, 0x08, 0x07, 0x00, 0x20, 0x60, 0x00, 0x80, 0x00, 0x02,
    0x00, 0x00, 0x80, 0x00, 0x20, 0x63, 0xFF, 0xE0, 0x04, 0x00, 0x01, 0x00, 0x00, 0x80, 0x00, 0x5F,
    0x03, 0x18, 0x63, 0x08, 0x0B, 0x04, 0x03, 0x02, 0x03, 0x80, 0x01, 0x20, 0x01, 0x88, 0x00, 0x42,
    0x00, 0x20, 0x80, 0x08, 0x00, 0x02, 0x00, 0x00, 0x60, 0x00, 0x07, 0xFE, 0x00, 0x40, 0x00, 0x04,
    0x00, 0x00, 0x20, 0x00, 0x02, 0x00, 0x00, 0x10, 0x00, 0x01, 0x00, 0x00, 0x08, 0x00, 0x00, 0x80,
    0x00, 0x09, 0xE0, 0x00, 0x71, 0x80, 0x02, 0x04, 0x00, 0x20, 0x20, 0x01, 0x01, 0x00, 0x90, 0x08,
    0x05, 0x00, 0x40, 0x48, 0x02, 0x02, 0x40, 0x10, 0x24, 0x00, 0xC6, 0x20, 0x03, 0xE0, 0xFF, 0xFF,
    0x00, 0x02, 0x00, 0x02, 0x01, 0x04, 0x01, 0x08, 0x01, 0x10, 0x01, 0x20, 0x01, 0x00, 0x01, 0x00,
    0x02, 0x00, 0x02, 0x00, 0x04, 0x00, 0x08, 0x00, 0x10, 0x00, 0x20, 0x00, 0xFF, 0xFF, 0xF0, 0x00,
    0x02, 0x00, 0x00, 0x40, 0x00, 0x04, 0x00, 0x40, 0x80, 0x04, 0x10, 0x00, 0x42, 0x00, 0x04, 0xC0,
    0x00, 0x40, 0x00, 0x04, 0x00, 0x00, 0x80, 0x00, 0x08, 0x00, 0x00, 0x80, 0x00, 0x10, 0x00, 0x03,
    0x00, 0x00, 0x60, 0x00, 0x0C, 0x00, 0x03, 0x00, 0x00, 0x00, 0x00, 0x00, 0x02, 0x00, 0x04, 0x00,
    0x08, 0x00, 0x10, 0x00, 0x60, 0x01, 0xC0, 0x06, 0x40, 0x18, 0x40, 0xE0, 0x40, 0x00, 0x40, 0x00,
    0x40, 0x00, 0x40, 0x00, 0x40, 0x00, 0x40, 0x00, 0x40, 0x00, 0x40, 0x00, 0x00, 0x40, 0x00, 0x20,
    0x00, 0x10, 0x00, 0x08, 0x00, 0x0C, 0x00, 0x04, 0x00, 0x06, 0x00, 0x02, 0x80, 0x07, 0x20, 0x06,
    0x08, 0x0E, 0x02, 0x00, 0x00, 0x80, 0x00, 0x20, 0x00, 0x08, 0x00, 0x02, 0x00, 0x00, 0x80, 0x00,
    0x20, 0x00, 0x08, 0x00, 0x02, 0x00, 0x00, 0x80, 0x00, 0x20, 0x00, 0x08, 0x00, 0x02, 0x00, 0xFF,
    0xFF, 0xA0, 0x00, 0x28, 0x00, 0x0A, 0x00, 0x02, 0x80, 0x00, 0xA0, 0x00, 0x48, 0x00, 0x12, 0x00,
    0x04, 0x00, 0x02, 0x00, 0x00, 0x80, 0x00, 0x40, 0x00, 0x20, 0x00, 0x10, 0x00, 0x08, 0x00, 0x0C,
    0x00, 0x0C, 0x00, 0x04, 0x00, 0x00, 0x3F, 0xFF, 0xF1, 0xFF, 0xFF, 0x80, 0x08, 0x00, 0x00, 0x40,
    0x00, 0x02, 0x00, 0x00, 0x10, 0x00, 0x00, 0x80, 0x00, 0x04, 0x00, 0x00, 0x20, 0x00, 0x01, 0x00,
    0x00, 0x08, 0x00, 0x00, 0x40, 0x00, 0x02, 0x00, 0x00, 0x10, 0x03, 0xFF, 0xFF, 0xF0, 0x00, 0x01,
    0x00, 0x30, 0x00, 0x18, 0x00, 0x0C, 0x1F, 0xFF, 0xFF, 0xFF, 0xF8, 0x03, 0x80, 0x01, 0xC0, 0x01,
    0x60, 0x01, 0x30, 0x01, 0x18, 0x01, 0x0C, 0x03, 0x06, 0x02, 0x03, 0x06, 0x01, 0x80, 0x00, 0xC0,
    0x07, 0xC0, 0x00, 0x0C, 0x00, 0x00, 0xC0, 0x00, 0x0C, 0x00, 0x00, 0xC0, 0xFF, 0xFF, 0xFF, 0xFF,
    0xFF, 0x00, 0x1C, 0x00, 0x01, 0xC0, 0x00, 0x2C, 0x00, 0x04, 0xC0, 0x00, 0x8C, 0x00, 0x10, 0xC0,
    0x02, 0x0C, 0x00, 0x40, 0xC0, 0x18, 0x0C, 0x02, 0x00, 0xC0, 0x80, 0x0C, 0x00, 0x00, 0xC0, 0x01,
    0xF8, 0x00, 0x00, 0x80, 0x00, 0x20, 0x00, 0x08, 0x00, 0x02, 0x00, 0x00, 0x80, 0x3F, 0xFF, 0xF0,
    0x08, 0x04, 0x02, 0x01, 0x01, 0x00, 0x40, 0x40, 0x10, 0x10, 0x04, 0x04, 0x01, 0x02, 0x00, 0x40,
    0x80, 0x10, 0x40, 0x04, 0x10, 0x02, 0x08, 0x00, 0x84, 0x00, 0x22, 0x00, 0x09, 0x00, 0xFC, 0x01,
    0x00, 0x00, 0x20, 0x00, 0x04, 0x00, 0x00, 0x41, 0xC0, 0x0F, 0xC0, 0xFF, 0x00, 0x20, 0x20, 0x00,
    0x04, 0x00, 0x00, 0x40, 0x00, 0x08, 0x00, 0x01, 0x0F, 0x80, 0x7E, 0x03, 0xF4, 0x01, 0x80, 0x40,
    0x00, 0x08, 0x00, 0x01, 0x00, 0x00, 0x20, 0x00, 0x02, 0x00, 0x00, 0x40, 0x00, 0x08, 0x00, 0x00,
    0x80, 0x00, 0x20, 0x00, 0x08, 0x00, 0x04, 0x00, 0x01, 0xFF, 0xC0, 0x80, 0x10, 0x40, 0x08, 0x20,
    0x02, 0x10, 0x00, 0x88, 0x00, 0x44, 0x00, 0x10, 0x00, 0x08, 0x00, 0x06, 0x00, 0x01, 0x00, 0x00,
    0x80, 0x00, 0x40, 0x00, 0x20, 0x00, 0x30, 0x00, 0x10, 0x00, 0x18, 0x00, 0x18, 0x00, 0x00, 0xFF,
    0xFF, 0x80, 0x00, 0xC0, 0x00, 0x60, 0x00, 0x30, 0x00, 0x18, 0x00, 0x0C, 0x00, 0x06, 0x00, 0x03,
    0x00, 0x01, 0x80, 0x00, 0xC0, 0x00, 0x60, 0x00, 0x30, 0x00, 0x18, 0x00, 0x0C, 0x00, 0x07, 0xFF,
    0xFF, 0x00, 0x01, 0x80, 0x02, 0x01, 0x00, 0x10, 0x08, 0x00, 0x80, 0x40, 0x04, 0x02, 0x00, 0x20,
    0x10, 0x7F, 0xFF, 0xFC, 0x08, 0x04, 0x00, 0x40, 0x20, 0x02, 0x01, 0x00, 0x10, 0x08, 0x00, 0x80,
    0x40, 0x04, 0x02, 0x00, 0x20, 0x30, 0x00, 0x01, 0x00, 0x00, 0x08, 0x00, 0x00, 0x80, 0x00, 0x0C,
    0x00, 0x00, 0xC0, 0x00, 0x18, 0x00, 0x00, 0x00, 0x00, 0x00, 0x00, 0x28, 0x04, 0x02, 0x48, 0x08,
    0x04, 0x50, 0x10, 0x08, 0x80, 0x20, 0x10, 0x00, 0x40, 0x20, 0x3F, 0xFF, 0xFE, 0x01, 0x00, 0x80,
    0x02, 0x01, 0x00, 0x04, 0x02, 0x00, 0x08, 0x04, 0x00, 0x10, 0x08, 0x00, 0x20, 0x10, 0x00, 0x40,
    0x60, 0x00, 0x00, 0x80, 0x00, 0x01, 0x00, 0x00, 0x04, 0x00, 0x00, 0x18, 0x00, 0x00, 0x60, 0x00,
    0x03, 0x00, 0x00, 0x00, 0x00, 0x00, 0x08, 0x00, 0x00, 0x80, 0x00, 0x0C, 0x00, 0x00, 0x40, 0x00,
    0x00, 0x00, 0x00, 0x00, 0x30, 0x00, 0x01, 0x00, 0x01, 0x18, 0x00, 0x40, 0x80, 0x08, 0x00, 0x02,
    0x00, 0x00, 0x80, 0x00, 0x20, 0x00, 0x08, 0x00, 0x06, 0x00, 0x03, 0x00, 0x01, 0x80, 0x00, 0xC0,
    0x00, 0xE0, 0x00, 0x00, 0x00, 0x00, 0x40, 0x80, 0x22, 0x06, 0x01, 0x20, 0x10, 0x11, 0x00, 0x80,
    0x80, 0x00, 0x00, 0x80, 0x00, 0x06, 0x00, 0x02, 0x10, 0x00, 0x40, 0xC0, 0x04, 0x00, 0x00, 0x80,
    0x00, 0x10, 0x00, 0x02, 0x00, 0x00, 0x40, 0x00, 0x10, 0x00, 0x02, 0x00, 0x00, 0xC0, 0x00, 0x70,
    0x00, 0x38, 0x00, 0x00, 0x3F, 0xFF, 0x00, 0x00, 0x20, 0x00, 0x08, 0x00, 0x01, 0x00, 0x00, 0x40,
    0x00, 0x08, 0x00, 0x02, 0x00, 0x00, 0x80, 0x00, 0x10, 0x00, 0x06, 0x00, 0x01, 0x20, 0x00, 0x42,
    0x00, 0x10, 0x20, 0x0C, 0x02, 0x02, 0x00, 0x21, 0x80, 0x02, 0xC0, 0x00, 0x20, 0x00, 0x00, 0x20,
    0x00, 0x12, 0x00, 0x00, 0x90, 0x00, 0x08, 0x7F, 0xFF, 0x00, 0x00, 0x20, 0x00, 0x02, 0x00, 0x00,
    0x40, 0x00, 0x04, 0x00, 0x00, 0x80, 0x00, 0x08, 0x00, 0x01, 0x00, 0x00, 0x20, 0x00, 0x06, 0x00,
    0x00, 0x98, 0x00, 0x10, 0x40, 0x02, 0x02, 0x00, 0x40, 0x20, 0x18, 0x01, 0x02, 0x00, 0x08, 0xC0,
    0x00, 0x40, 0x02, 0x00, 0x00, 0x20, 0x00, 0x02, 0x00, 0x00, 0x20, 0x00, 0x02, 0x00, 0x60, 0x20,
    0xFA, 0x03, 0xF0, 0x43, 0xE0, 0x04, 0xC2, 0x00, 0x80, 0x20, 0x10, 0x02, 0x01, 0x00, 0x20, 0x20,
    0x02, 0x00, 0x00, 0x20, 0x00, 0x02, 0x00, 0x00, 0x20, 0x00, 0x02, 0x00, 0x00, 0x30, 0x02, 0x01,
    0xFF, 0xC0, 0x00, 0x80, 0x00, 0x20, 0x00, 0x10, 0x00, 0x07, 0xFF, 0x02, 0x00, 0x41, 0x00, 0x20,
    0x80, 0x08, 0x60, 0x02, 0x30, 0x01, 0x10, 0x60, 0x48, 0x04, 0x20, 0x00, 0xC8, 0x00, 0x0C, 0x00,
    0x03, 0x80, 0x01, 0x10, 0x00, 0x80, 0x00, 0x40, 0x00, 0x60, 0x00, 0x60, 0x00, 0x60, 0x00, 0x00,
    0x00, 0x10, 0x00, 0x04, 0x80, 0x20, 0x12, 0x01, 0x00, 0x80, 0x10, 0x02, 0x00, 0xFF, 0xE0, 0x08,
    0x01, 0x00, 0x80, 0x10, 0x08, 0x00, 0x80, 0xC0, 0x04, 0x0C, 0x00, 0x40, 0x83, 0x02, 0x08, 0x04,
    0x20, 0x00, 0x19, 0x00, 0x00, 0x30, 0x00, 0x01, 0xC0, 0x00, 0x11, 0x00, 0x01, 0x00, 0x00, 0x10,
    0x00, 0x03, 0x00, 0x00, 0x60, 0x00, 0x0C, 0x00, 0x00, 0x00, 0x00, 0x80, 0x01, 0xF0, 0x3F, 0xF0,
    0x00, 0x02, 0x00, 0x00, 0x20, 0x00, 0x02, 0x00, 0x00, 0x20, 0x00, 0x02, 0x00, 0xFF, 0xFF, 0xF0,
    0x02, 0x00, 0x00, 0x20, 0x00, 0x02, 0x00, 0x00, 0x60, 0x00, 0x04, 0x00, 0x00, 0x40, 0x00, 0x08,
    0x00, 0x01, 0x80, 0x00, 0x30, 0x00, 0x04, 0x00, 0x00, 0x80, 0x00, 0x02, 0x01, 0x04, 0x06, 0x08,
    0x0A, 0x08, 0x14, 0x10, 0x48, 0x00, 0x88, 0x01, 0x00, 0x04, 0x00, 0x10, 0x00, 0x20, 0x00, 0x80,
    0x02, 0x00, 0x18, 0x00, 0x40, 0x07, 0x00, 0x00, 0x01, 0x00, 0x00, 0x10, 0x06, 0x02, 0x01, 0x20,
    0x40, 0x24, 0x04, 0x04, 0x40, 0x81, 0x08, 0x00, 0x21, 0x00, 0x04, 0x00, 0x01, 0x00, 0x00, 0x20,
    0x00, 0x08, 0x00, 0x02, 0x00, 0x00, 0x80, 0x00, 0x20, 0x00, 0x08, 0x00, 0x02, 0x00, 0x01, 0x80,
    0x01, 0xC0, 0x00, 0x1F, 0xFF, 0x80, 0x00, 0x00, 0x00, 0x00, 0x00, 0x00, 0x00, 0x00, 0x00, 0x00,
    0x00, 0x00, 0xFF, 0xFF, 0xF0, 0x02, 0x00, 0x00, 0x20, 0x00, 0x02, 0x00, 0x00, 0x40, 0x00, 0x04,
    0x00, 0x00, 0x40, 0x00, 0x04, 0x00, 0x00, 0x80, 0x00, 0x10, 0x00, 0x02, 0x00, 0x00, 0x40, 0x00,
    0x08, 0x00, 0x00, 0x00, 0x00, 0x08, 0x00, 0x01, 0x20, 0x00, 0x02, 0x47, 0xFF, 0xC9, 0x00, 0x00,
    0x00, 0x00, 0x00, 0x00, 0x00, 0x00, 0x00, 0x00, 0x00, 0x00, 0x00, 0x00, 0x00, 0x00, 0x0F, 0xFF,
    0xFF, 0x00, 0x08, 0x00, 0x00, 0x20, 0x00, 0x00, 0x80, 0x00, 0x04, 0x00, 0x00, 0x10, 0x00, 0x00,
    0x40, 0x00, 0x01, 0x00, 0x00, 0x08, 0x00, 0x00, 0x40, 0x00, 0x02, 0x00, 0x00, 0x10, 0x00, 0x00,
    0x80, 0x00, 0x00, 0xC0, 0x06, 0x00, 0x30, 0x01, 0x80, 0x0C, 0x00, 0x60, 0x03, 0x00, 0x1E, 0x00,
    0xCE, 0x06, 0x0E, 0x30, 0x0D, 0x80, 0x1C, 0x00, 0x60, 0x03, 0x00, 0x18, 0x00, 0xC0, 0x06, 0x00,
    0x30, 0x00, 0xC0, 0x13, 0x02, 0x2C, 0x04, 0xB0, 0x11, 0xC0, 0x23, 0x00, 0x0C, 0x00, 0x3C, 0x00,
    0xCE, 0x03, 0x07, 0x0C, 0x03, 0x30, 0x02, 0xC0, 0x03, 0x00, 0x0C, 0x00, 0x30, 0x00, 0xC0, 0x03,
    0x00, 0x0C, 0x00, 0x00, 0x00, 0x20, 0x00, 0x02, 0x00, 0x00, 0x20, 0x00, 0x02, 0x00, 0x00, 0x20,
    0x00, 0x02, 0x00, 0xFF, 0xFF, 0xF0, 0x02, 0x00, 0x00, 0x20, 0x00, 0x02, 0x00, 0x00, 0x20, 0x00,
    0x02, 0x00, 0x00, 0x40, 0x00, 0x04, 0x00, 0x00, 0x80, 0x00, 0x08, 0x00, 0x01, 0x00, 0x00, 0x20,
    0x00, 0x0C, 0x00, 0x00, 0x00, 0x00, 0x3F, 0xFF, 0xC0, 0x00, 0x00, 0x00, 0x00, 0x00, 0x00, 0x00,
    0x00, 0x00, 0x00, 0x00, 0x00, 0x00, 0x00, 0x00, 0x00, 0x00, 0x00, 0x00, 0x00, 0x00, 0x00, 0x00,
    0x00, 0x00, 0x00, 0x00, 0x00, 0x00, 0x0F, 0xFF, 0xFF, 0x00, 0x20, 0x00, 0x02, 0x00, 0x00, 0x20,
    0x00, 0x02, 0x00, 0x3F, 0xFF, 0xC0, 0x00, 0x08, 0x00, 0x01, 0x00, 0x00, 0x20, 0x00, 0x04, 0x00,
    0x00, 0x80, 0x00, 0x30, 0x00, 0x06, 0x00, 0x01, 0xA3, 0x00, 0xE2, 0x0C, 0x70, 0x20, 0x20, 0x02,
    0x01, 0x00, 0x20, 0x00, 0x02, 0x00, 0x00, 0x20, 0x00, 0x02, 0x00, 0x00, 0x20, 0x00, 0x02, 0x08,
    0x00, 0x81, 0x00, 0x10, 0x10, 0x02, 0x02, 0x00, 0x40, 0x20, 0x10, 0x04, 0x02, 0x00, 0x40, 0x40,
    0x08, 0x10, 0x00, 0x82, 0x00, 0x10, 0x40, 0x02, 0x10, 0x00, 0x22, 0x00, 0x04, 0x80, 0x00, 0x50,
    0x00, 0x0C, 0x00, 0x01, 0x00, 0x00, 0x10, 0x00, 0x04, 0x80, 0x00, 0x12, 0x00, 0x00, 0x80, 0x20,
    0x42, 0x01, 0x01, 0x00, 0x08, 0x08, 0x00, 0x40, 0x40, 0x04, 0x01, 0x00, 0x20, 0x08, 0x01, 0x00,
    0x20, 0x10, 0x01, 0x00, 0x80, 0x04, 0x04, 0x00, 0x20, 0x40, 0x01, 0x02, 0x00, 0x04, 0x20, 0x00,
    0x22, 0x00, 0x01, 0x10, 0x00, 0x05, 0x00, 0x00, 0x20, 0x00, 0x00, 0x70, 0x00, 0x06, 0xC0, 0x00,
    0x22, 0x00, 0x01, 0x10, 0x20, 0x4D, 0x81, 0x02, 0x38, 0x10, 0x08, 0x00, 0x80, 0x40, 0x04, 0x02,
    0x00, 0x20, 0x08, 0x02, 0x00, 0x40, 0x10, 0x01, 0x00, 0x80, 0x08, 0x08, 0x00, 0x40, 0x40, 0x01,
    0x04, 0x00, 0x08, 0x20, 0x00, 0x22, 0x00, 0x01, 0x10, 0x00, 0x09, 0x00, 0x00, 0x20, 0x40, 0x00,
    0x40, 0x00, 0x40, 0x00, 0x40, 0x00, 0x40, 0x02, 0x40, 0x1C, 0x40, 0xE0, 0x47, 0x00, 0x78, 0x00,
    0x40, 0x00, 0x40, 0x00, 0x40, 0x00, 0x40, 0x00, 0x40, 0x00, 0x40, 0x00, 0x40, 0x00, 0x40, 0x00,
    0x60, 0x01, 0x3F, 0xFE, 0x00, 0x00, 0x90, 0x01, 0x24, 0x00, 0x25, 0x00, 0x08, 0x40, 0x00, 0x10,
    0x00, 0x04, 0x01, 0xC1, 0x01, 0x80, 0x47, 0x80, 0x1E, 0x00, 0x04, 0x00, 0x01, 0x00, 0x00, 0x40,
    0x00, 0x10, 0x00, 0x04, 0x00, 0x01, 0x00, 0x00, 0x40, 0x00, 0x10, 0x00, 0x06, 0x00, 0x10, 0xFF,
    0xF8, 0xFF, 0xFF, 0x80, 0x00, 0x40, 0x00, 0x40, 0x00, 0x20, 0x00, 0x10, 0x00, 0x10, 0x00, 0x08,
    0x00, 0x04, 0x00, 0x04, 0x00, 0x02, 0x00, 0x02, 0x00, 0x02, 0x00, 0x02, 0x00, 0x02, 0x00, 0x06,
    0x00, 0x0C, 0x00, 0x18, 0x00, 0x00, 0x00, 0x00, 0x40, 0x00, 0x22, 0x00, 0x01, 0x20, 0x00, 0x11,
    0x00, 0x00, 0x0F, 0xFF, 0xF8, 0x00, 0x01, 0x00, 0x00, 0x10, 0x00, 0x01, 0x00, 0x00, 0x10, 0x00,
    0x02, 0x00, 0x00, 0x20, 0x00, 0x02, 0x00, 0x00, 0x40, 0x00, 0x04, 0x00, 0x00, 0x80, 0x00, 0x10,
    0x00, 0x02, 0x00, 0x00, 0x40, 0x00, 0x18, 0x00, 0x06, 0x00, 0x01, 0x80, 0x00, 0x00, 0x00, 0x70,
    0x00, 0x04, 0x40, 0x00, 0x23, 0xFF, 0xFF, 0x10, 0x00, 0x0F, 0x00, 0x00, 0x40, 0x00, 0x02, 0x00,
    0x00, 0x20, 0x00, 0x01, 0x00, 0x00, 0x08, 0x00, 0x00, 0x80, 0x00, 0x04, 0x00, 0x00, 0x40, 0x00,
    0x02, 0x00, 0x00, 0x20, 0x00, 0x02, 0x00, 0x00, 0x20, 0x00, 0x06, 0x00, 0x00, 0xC0, 0x00, 0x38,
    0x00, 0x00, 0x00, 0x00, 0xF0, 0x00, 0x06, 0x60, 0x00, 0x10, 0x80, 0x30, 0x42, 0x01, 0x21, 0x98,
    0x08, 0x43, 0xC0, 0x40, 0x80, 0x02, 0x01, 0x00, 0x08, 0x02, 0x00, 0x40, 0x04, 0x02, 0x00, 0x08,
    0x10, 0x00, 0x10, 0x00, 0x00, 0x20, 0x00, 0x00, 0x40, 0x00, 0x01, 0x80, 0x00, 0x03, 0x00, 0x00,
    0x00, 0x00, 0x20, 0x00, 0x01, 0x00, 0x00, 0x08, 0x00, 0x00, 0x40, 0x00, 0x02, 0x00, 0x3F, 0xFF,
    0xF8, 0x00, 0x80, 0x00, 0x04, 0x00, 0x00, 0x20, 0x00, 0x01, 0x00, 0x02, 0x08, 0x20, 0x10, 0x40,
    0x81, 0x02, 0x04, 0x10, 0x10, 0x10, 0x80, 0x80, 0x48, 0x04, 0x02, 0x00, 0x20, 0x00, 0x01, 0x00,
    0x00, 0x08, 0x00, 0x07, 0xC0, 0x00, 0x00, 0x00, 0x10, 0x00, 0x82, 0x40, 0x02, 0x04, 0x80, 0x08,
    0x11, 0x00, 0x20, 0x20, 0x00, 0x80, 0x07, 0xFF, 0xFF, 0x00, 0x08, 0x00, 0x00, 0x20, 0x00, 0x00,
    0x80, 0x00, 0x02, 0x00, 0x02, 0x08, 0x20, 0x08, 0x20, 0x40, 0x40, 0x81, 0x02, 0x02, 0x02, 0x08,
    0x08, 0x04, 0x40, 0x20, 0x10, 0x00, 0x80, 0x00, 0x02, 0x00, 0x00, 0x08, 0x00, 0x03, 0xE0, 0x00,
    0x00, 0x00, 0x70, 0x00, 0x04, 0x40, 0x08, 0x22, 0x00, 0x41, 0x10, 0x02, 0x07, 0x00, 0x10, 0x00,
    0x00, 0x80, 0x0F, 0xFF, 0xFE, 0x00, 0x20, 0x00, 0x01, 0x00, 0x00, 0x08, 0x00, 0x00, 0x40, 0x00,
    0x82, 0x08, 0x04, 0x10, 0x40, 0x40, 0x81, 0x04, 0x04, 0x04, 0x20, 0x20, 0x22, 0x01, 0x00, 0x80,
    0x08, 0x00, 0x00, 0x40, 0x00, 0x02, 0x00, 0x01, 0xF0, 0x00, 0xFF, 0xFF, 0xF0, 0x00, 0x02, 0x00,
    0x00, 0x40, 0x00, 0x04, 0x00, 0x00, 0x80, 0x00, 0x10, 0x00, 0x02, 0x00, 0x80, 0x40, 0x04, 0x08,
    0x00, 0x21, 0x00, 0x01, 0x20, 0x00, 0x0C, 0x00, 0x00, 0x40, 0x00, 0x02, 0x00, 0x00, 0x10, 0x00,
    0x00, 0x80, 0x00, 0x04, 0x00, 0x00, 0x40, 0x00, 0x02, 0x00, 0x00, 0x10, 0x00, 0x01, 0x00, 0x00,
    0x08, 0x00, 0x00, 0x40, 0x00, 0x04, 0x00, 0x00, 0x20, 0x00, 0x01, 0x00, 0x00, 0x10, 0x00, 0x00,
    0x80, 0x40, 0x04, 0x01, 0x00, 0x40, 0x08, 0x02, 0x00, 0x20, 0x10, 0x01, 0x01, 0x00, 0x1C, 0x09,
    0xFF, 0x27, 0xF0, 0x00, 0x80, 0x00, 0x04, 0x00, 0x00, 0x10, 0x00, 0x01, 0x00, 0x00, 0x40, 0x00,
    0x20, 0x00, 0x08, 0x08, 0x02, 0x01, 0x81, 0x00, 0x10, 0x80, 0x02, 0x20, 0x00, 0x70, 0x00, 0x0C,
    0x00, 0x02, 0x80, 0x01, 0x10, 0x00, 0x82, 0x00, 0x40, 0x40, 0x60, 0x08, 0x20, 0x01, 0x10, 0x00,
    0x18, 0x00, 0x00, 0x3F, 0xFF, 0xC0, 0x08, 0x00, 0x00, 0x80, 0x00, 0x08, 0x00, 0x00, 0x80, 0x00,
    0x08, 0x00, 0x00, 0x80, 0x0F, 0xFF, 0xFF, 0x00, 0x80, 0x00, 0x08, 0x00, 0x00, 0x80, 0x00, 0x08,
    0x00, 0x00, 0x80, 0x00, 0x08, 0x00, 0x00, 0x80, 0x00, 0x0C, 0x00, 0x00, 0x3F, 0xE0, 0x08, 0x00,
    0x02, 0x00, 0x01, 0x00, 0x00, 0x80, 0x70, 0x47, 0xC8, 0x7C, 0x0B, 0xC8, 0x08, 0x04, 0x08, 0x02,
    0x08, 0x00, 0x8C, 0x00, 0x40, 0x00, 0x20, 0x00, 0x08, 0x00, 0x04, 0x00, 0x02, 0x00, 0x01, 0x00,
    0x00, 0x40, 0x00, 0x04, 0x00, 0x00, 0x40, 0x00, 0x02, 0x00, 0x00, 0x20, 0x03, 0x02, 0x0F, 0xD0,
    0x1F, 0x02, 0x3F, 0x00, 0x4C, 0x10, 0x08, 0x01, 0x00, 0x80, 0x08, 0x10, 0x00, 0x82, 0x00, 0x08,
    0x00, 0x00, 0x80, 0x00, 0x04, 0x00, 0x00, 0x40, 0x00, 0x04, 0x00, 0x00, 0x20, 0x00, 0x02, 0x00,
    0x00, 0x20, 0x00, 0x02, 0x00, 0x3F, 0xFC, 0x00, 0x02, 0x00, 0x02, 0x00, 0x01, 0x00, 0x00, 0x80,
    0x00, 0x40, 0x00, 0x20, 0x00, 0x10, 0x00, 0x08, 0x00, 0x08, 0x3F, 0xFF, 0xE0, 0x1F, 0xFF, 0x80,
    0x00, 0x04, 0x00, 0x00, 0x20, 0x00, 0x01, 0x00, 0x00, 0x10, 0x00, 0x00, 0x80, 0x00, 0x04, 0x00,
    0x00, 0x20, 0x00, 0x01, 0x00, 0x00, 0x08, 0x00, 0x00, 0x40, 0x00, 0x04, 0x00, 0x00, 0x20, 0x7F,
    0xFF, 0xFF, 0xFF, 0xFF, 0xE0, 0x7F, 0xFC, 0x00, 0x10, 0x00, 0x40, 0x01, 0x00, 0x04, 0x00, 0x17,
    0xFF, 0xC0, 0x01, 0x00, 0x04, 0x00, 0x10, 0x00, 0x40, 0x01, 0xFF, 0xFC, 0x00, 0x10, 0x3F, 0xFF,
    0x00, 0x00, 0x00, 0x00, 0x00, 0x00, 0x00, 0x00, 0x00, 0x3F, 0xFF, 0xE0, 0x00, 0x08, 0x00, 0x02,
    0x00, 0x00, 0x80, 0x00, 0x40, 0x00, 0x10, 0x00, 0x08, 0x00, 0x04, 0x00, 0x02, 0x00, 0x01, 0x00,
    0x01, 0x80, 0x01, 0x80, 0x03, 0x80, 0x00, 0x80, 0x0C, 0x00, 0x60, 0x03, 0x00, 0x18, 0x00, 0xC0,
    0x06, 0x00, 0x30, 0x01, 0x80, 0x0C, 0x00, 0x60, 0x02, 0x00, 0x10, 0x01, 0x00, 0x08, 0x00, 0x80,
    0x08, 0x01, 0x80, 0x70, 0x00, 0x04, 0x10, 0x00, 0x20, 0x80, 0x01, 0x04, 0x00, 0x08, 0x20, 0x00,
    0x41, 0x00, 0x02, 0x08, 0x00, 0x10, 0x40, 0x00, 0x82, 0x00, 0x04, 0x10, 0x00, 0x20, 0x80, 0x01,
    0x04, 0x02, 0x10, 0x20, 0x20, 0x81, 0x02, 0x0C, 0x08, 0x20, 0x40, 0x42, 0x04, 0x02, 0x20, 0x40,
    0x16, 0x04, 0x00, 0xC0, 0x00, 0x80, 0x00, 0x80, 0x00, 0x80, 0x00, 0x80, 0x00, 0x80, 0x00, 0x80,
    0x00, 0x80, 0x00, 0x80, 0x00, 0x80, 0x01, 0x80, 0x02, 0x80, 0x06, 0x80, 0x08, 0x80, 0x10, 0x80,
    0x60, 0x80, 0x80, 0x87, 0x00, 0x98, 0x00, 0xE0, 0x00, 0xFF, 0xFF, 0xF0, 0x00, 0x1C, 0x00, 0x07,
    0x00, 0x01, 0xC0, 0x00, 0x70, 0x00, 0x1C, 0x00, 0x07, 0x00, 0x01, 0xC0, 0x00, 0x70, 0x00, 0x1C,
    0x00, 0x07, 0x00, 0x01, 0xC0, 0x00, 0x70, 0x00, 0x1C, 0x00, 0x07, 0xFF, 0xFF, 0xC0, 0x00, 0x70,
    0x00, 0x10, 0xFF, 0xFF, 0xE0, 0x00, 0x28, 0x00, 0x0A, 0x00, 0x02, 0x80, 0x00, 0xA0, 0x00, 0x28,
    0x00, 0x12, 0x00, 0x04, 0x00, 0x01, 0x00, 0x00, 0x80, 0x00, 0x20, 0x00, 0x10, 0x00, 0x08, 0x00,
    0x04, 0x00, 0x02, 0x00, 0x03, 0x00, 0x03, 0x00, 0x01, 0x00, 0x00, 0x40, 0x00, 0x04, 0x00, 0x00,
    0x40, 0x00, 0x04, 0x00, 0x00, 0x60, 0x00, 0x02, 0x00, 0x80, 0x00, 0x10, 0x00, 0x04, 0x00, 0x00,
    0x80, 0x00, 0x20, 0x00, 0x08, 0x00, 0x02, 0x00, 0x00, 0x80, 0x00, 0x60, 0x00, 0x30, 0x00, 0x18,
    0x00, 0x1C, 0x00, 0x1C, 0x00, 0x00, 0xFF, 0xFF, 0xE0, 0xFF, 0xFF, 0xFE, 0x01, 0x00, 0x00, 0x04,
    0x00, 0x00, 0x10, 0x00, 0x00, 0x40, 0x00, 0x01, 0x00, 0x00, 0x04, 0x00, 0x00, 0x10, 0x03, 0xC0,
    0x43, 0xF0, 0x03, 0xF0, 0x03, 0xF4, 0x00, 0x00, 0x10, 0x00, 0x00, 0x40, 0x00, 0x01, 0x00, 0x00,
    0x04, 0x00, 0x00, 0x10, 0x00, 0x00, 0x40, 0x00, 0x01, 0x00, 0x08, 0x04, 0x00, 0x20, 0x10, 0x00,
    0x80, 0x40, 0x06, 0x00, 0xFF, 0xF0, 0x7F, 0xFF, 0xF8, 0x00, 0x00, 0x00, 0x00, 0x00, 0x00, 0x00,
    0x00, 0x00, 0x00, 0x00, 0x00, 0x00, 0x00, 0x00, 0x00, 0x00, 0x00, 0x00, 0x1F, 0xFF, 0xE0, 0x00,
    0x00, 0x00, 0x00, 0x00, 0x00, 0x00, 0x00, 0x00, 0x00, 0x00, 0x00, 0x00, 0x00, 0x00, 0x00, 0x00,
    0x00, 0x00, 0x00, 0x00, 0x03, 0xFF, 0xFF, 0xF0, 0x00, 0x20, 0x00, 0x00, 0x40, 0x00, 0x00, 0x80,
    0x00, 0x01, 0x00, 0x00, 0x02, 0x00, 0x00, 0x04, 0x00, 0x00, 0x08, 0x00, 0x00, 0x10, 0x00, 0x00,
    0x3F, 0xF8, 0x00, 0x40, 0x00, 0x00, 0x80, 0x00, 0x01, 0x00, 0x00, 0x02, 0x00, 0x00, 0x04, 0x00,
    0x00, 0x08, 0x00, 0x00, 0x10, 0x00, 0x00, 0x20, 0x00, 0x00, 0x40, 0x00, 0x00, 0x80, 0x00, 0x01,
    0x00, 0x0F, 0xFF, 0xFF, 0xE0, 0xFF, 0xFF, 0xFC, 0x00, 0x80, 0x00, 0x02, 0x00, 0x00, 0x08, 0x00,
    0x00, 0x20, 0x00, 0x00, 0x80, 0x00, 0x03, 0x80, 0x00, 0x09, 0x00, 0x00, 0x23, 0x00, 0x00, 0x83,
    0x00, 0x02, 0x02, 0x00, 0x08, 0x04, 0x00, 0x20, 0x00, 0x00, 0x80, 0x00, 0x02, 0x00, 0x00, 0x08,
    0x00, 0x00, 0x20, 0x00, 0x00, 0x80, 0x00, 0x02, 0x00, 0x00, 0x08, 0x00, 0x00, 0x20, 0x00, 0x7F,
    0xFF, 0xFC, 0x00, 0x08, 0x00, 0x00, 0x20, 0x00, 0x00, 0x80, 0x00, 0x01, 0x00, 0x00, 0x06, 0x00,
    0x00, 0x15, 0x00, 0x00, 0x49, 0x80, 0x01, 0x10, 0x80, 0x0C, 0x20, 0xC0, 0x20, 0x40, 0x40, 0x80,
    0x80, 0x46, 0x01, 0x00, 0x60, 0x02, 0x00, 0x00, 0x04, 0x00, 0x00, 0x08, 0x00, 0x00, 0x10, 0x00,
    0x00, 0x20, 0x00, 0x00, 0x40, 0x00, 0x00, 0x80, 0x00, 0x01, 0x00, 0x00, 0x04, 0x00, 0x00, 0x40,
    0x00, 0x08, 0x00, 0x00, 0xFF, 0xFF, 0x08, 0x00, 0x00, 0x80, 0x00, 0x18, 0x00, 0x01, 0x00, 0x00,
    0x10, 0x00, 0x01, 0xFF, 0xFF, 0x00, 0x00, 0x10, 0x00, 0x01, 0x00, 0x00, 0x10, 0x00, 0x01, 0xFF,
    0xFF, 0x10, 0x00, 0x01, 0x00, 0x00, 0x20, 0x00, 0x02, 0x00, 0x00, 0x20, 0x00, 0x02, 0x00, 0x00,
    0x40, 0x00, 0xFC, 0x00, 0x00, 0x00, 0x02, 0x00, 0x00, 0x10, 0x00, 0x7F, 0xFF, 0xC0, 0x08, 0x00,
    0x00, 0x40, 0x00, 0x04, 0x00, 0x00, 0x20, 0x00, 0xFF, 0xFF, 0xF8, 0x10, 0x00, 0x00, 0x80, 0x00,
    0x08, 0x00, 0x00, 0x7F, 0xFC, 0x00, 0x00, 0x40, 0x00, 0x02, 0x00, 0x00, 0x20, 0x00, 0x02, 0x00,
    0x20, 0x20, 0x00, 0xE6, 0x00, 0x00, 0xE0, 0x00, 0x01, 0x80, 0x00, 0x03, 0x00, 0x00, 0x04, 0x00,
    0x00, 0x82, 0x00, 0x01, 0x04, 0x00, 0x02, 0x08, 0x00, 0x04, 0x10, 0x00, 0x08, 0x20, 0x00, 0x10,
    0x40, 0x10, 0x20, 0x81, 0x10, 0x41, 0x04, 0x20, 0x82, 0x08, 0x21, 0x04, 0x20, 0x42, 0x08, 0x40,
    0x44, 0x11, 0x00, 0x88, 0x24, 0x00, 0x90, 0x48, 0x00, 0x20, 0x80, 0x00, 0x41, 0x00, 0x00, 0x82,
    0x00, 0x01, 0x04, 0x00, 0x02, 0x08, 0x00, 0x04, 0x10, 0x0F, 0xFF, 0xFF, 0xE0, 0xFF, 0xFF, 0xFC,
    0x00, 0x80, 0x00, 0x02, 0x00, 0x00, 0x08, 0x00, 0x00, 0x20, 0x01, 0xFF, 0xFF, 0xC4, 0x02, 0x01,
    0x10, 0x08, 0x04, 0x44, 0x21, 0x11, 0x10, 0x84, 0x44, 0x42, 0x11, 0x11, 0x08, 0x44, 0x44, 0x21,
    0x11, 0x10, 0x84, 0x44, 0x42, 0x11, 0x11, 0xFF, 0xC4, 0x47, 0xFF, 0x11, 0x00, 0x00, 0x44, 0x00,
    0x01, 0x10, 0x00, 0x04, 0x40, 0x00, 0xF0, 0x00, 0x00, 0x10, 0x00, 0x07, 0xC0, 0xFF, 0xF0, 0x00,
    0x00, 0x80, 0x00, 0x01, 0x00, 0x00, 0x02, 0x00, 0x07, 0xFF, 0xFC, 0x00, 0x08, 0x00, 0x00, 0x10,
    0x00, 0x00, 0x20, 0x00, 0x00, 0x40, 0x00, 0x00, 0x80, 0x0F, 0xFF, 0xFF, 0xE0, 0x04, 0x00, 0x00,
    0x10, 0x00, 0x00, 0x40, 0x00, 0x01, 0x00, 0x80, 0x02, 0x00, 0x80, 0x08, 0x00, 0x80, 0x20, 0x00,
    0x80, 0x80, 0x01, 0x03, 0xFF, 0xFD, 0x00, 0x00, 0x01, 0x00, 0xFF, 0xFF, 0xFC, 0x04, 0x10, 0x00,
    0x10, 0x40, 0x00, 0x41, 0x00, 0x01, 0x04, 0x01, 0xFF, 0xFF, 0xE4, 0x10, 0x40, 0x90, 0x41, 0x02,
    0x41, 0x04, 0x09, 0x04, 0x10, 0x24, 0x28, 0xA0, 0x90, 0xA2, 0x42, 0x42, 0x48, 0x89, 0x10, 0x42,
    0x24, 0x81, 0x04, 0x92, 0x08, 0x0A, 0x50, 0x00, 0x09, 0x00, 0x00, 0x24, 0x00, 0x00, 0x90, 0x00,
    0x02, 0x40, 0x01, 0xF8, 0x00, 0x00, 0x00, 0x00, 0x20, 0x00, 0x00, 0xC0, 0x00, 0x01, 0x40, 0x00,
    0x04, 0x40, 0x00, 0x10, 0x40, 0x00, 0x40, 0x40, 0x03, 0x08, 0x40, 0x08, 0x10, 0x60, 0x20, 0x20,
    0x21, 0x80, 0x40, 0x30, 0x00, 0x80, 0x10, 0x01, 0x00, 0x00, 0x02, 0x00, 0x00, 0x04, 0x00, 0x00,
    0x08, 0x00, 0x00, 0x10, 0x00, 0x00, 0x20, 0x00, 0x00, 0x40, 0x00, 0x00, 0x80, 0x00, 0x01, 0x00,
    0x00, 0x02, 0x00, 0x00, 0x04, 0x00, 0x00, 0x00, 0x40, 0x00, 0x04, 0x00, 0x00, 0x40, 0x00, 0x04,
    0x00, 0x00, 0x40, 0x0F, 0xFF, 0xFF, 0x80, 0x40, 0x18, 0x04, 0x01, 0x80, 0x40, 0x18, 0x04, 0x01,
    0x80, 0x40, 0x18, 0x04, 0x01, 0x80, 0x40, 0x1F, 0xFF, 0xFF, 0x80, 0x40, 0x18, 0x04, 0x01, 0x00,
    0x40, 0x00, 0x04, 0x00, 0x00, 0x40, 0x00, 0x04, 0x00, 0x00, 0x40, 0x00, 0x04, 0x00, 0x00, 0x40,
    0x00, 0x00, 0x40, 0x00, 0x08, 0x00, 0x01, 0x00, 0x3F, 0xFF, 0xE4, 0x04, 0x04, 0x80, 0x80, 0x90,
    0x10, 0x12, 0x02, 0x02, 0x40, 0x40, 0x4F, 0xFF, 0xF8, 0x01, 0x00, 0x00, 0x20, 0x0F, 0xFF, 0xFF,
    0x00, 0x80, 0x60, 0x10, 0x0C, 0x02, 0x01, 0x80, 0x40, 0x3F, 0xFF, 0xFE, 0x01, 0x00, 0x80, 0x20,
    0x00, 0x04, 0x00, 0x00, 0x80, 0x00, 0x10, 0x00, 0x00, 0x40, 0x01, 0x04, 0x00, 0x08, 0x40, 0x00,
    0x44, 0x00, 0x00, 0x40, 0x00, 0x04, 0x00, 0xFF, 0xFF, 0xF0, 0x04, 0x01, 0x00, 0x40, 0x10, 0x04,
    0x01, 0x00, 0x80, 0x10, 0x09, 0x01, 0x01, 0x08, 0x10, 0x10, 0x41, 0x01, 0x02, 0x10, 0x20, 0x21,
    0x04, 0x00, 0x10, 0x40, 0x01, 0x08, 0x00, 0x11, 0x00, 0x01, 0x60, 0x00, 0x38, 0x00, 0x02, 0x00,
    0x07, 0xE0, 0x00, 0x20, 0x00, 0x00, 0x20, 0x00, 0x00, 0x20, 0x00, 0x00, 0x20, 0x00, 0x00, 0x00,
    0x07, 0xFF, 0xFF, 0x00, 0x04, 0x00, 0x00, 0x08, 0x00, 0x00, 0x10, 0x00, 0x00, 0x20, 0x00, 0x00,
    0x40, 0x00, 0x00, 0x80, 0x01, 0xFF, 0xFF, 0x80, 0x02, 0x00, 0x00, 0x04, 0x00, 0x00, 0x08, 0x00,
    0x00, 0x10, 0x00, 0x00, 0x20, 0x00, 0x00, 0x40, 0x00, 0x00, 0x80, 0x0F, 0xFF, 0xFF, 0xE0, 0x00,
    0x20, 0x00, 0x00, 0x40, 0x00, 0x00, 0x40, 0x40, 0x80, 0x81, 0x01, 0x00, 0x82, 0x01, 0x01, 0x04,
    0x02, 0x00, 0x10, 0x02, 0x00, 0x20, 0x02, 0x00, 0x80, 0x04, 0x02, 0x00, 0x04, 0x04, 0x00, 0x04,
    0x10, 0x00, 0x08, 0x40, 0x00, 0x08, 0x80, 0x00, 0x0A, 0x00, 0x00, 0x08, 0x00, 0x00, 0x28, 0x00,
    0x01, 0x88, 0x00, 0x04, 0x0C, 0x00, 0x10, 0x04, 0x00, 0xC0, 0x06, 0x06, 0x00, 0x03, 0x30, 0x00,
    0x01, 0x00, 0xFF, 0xFF, 0xE0, 0x00, 0x04, 0x00, 0x00, 0x80, 0x00, 0x11, 0x80, 0x02, 0x08, 0x00,
    0x40, 0x80, 0x08, 0x0C, 0x01, 0x00, 0x40, 0x20, 0x04, 0x04, 0x00, 0x00, 0x80, 0x00, 0x10, 0x00,
    0xE2, 0x00, 0xE0, 0x41, 0xE0, 0x09, 0xC0, 0x01, 0xC0, 0x00, 0x20, 0x00, 0x04, 0x00, 0x00, 0x80,
    0x00, 0x30, 0x00, 0x7C, 0x00, 0x20, 0x00, 0x00, 0x40, 0x60, 0x00, 0x80, 0x20, 0x01, 0x00, 0x23,
    0xFF, 0xFE, 0x00, 0x04, 0x04, 0x00, 0x08, 0x08, 0x00, 0x10, 0x10, 0x00, 0x20, 0x20, 0x00, 0x40,
    0x43, 0xFF, 0xFF, 0xF8, 0x01, 0x00, 0x20, 0x02, 0x00, 0x40, 0x04, 0x00, 0x80, 0x08, 0x01, 0x00,
    0x10, 0x02, 0x00, 0x20, 0x0C, 0x00, 0x40, 0x18, 0x00, 0x83, 0xE0, 0x01, 0x00, 0x00, 0x02, 0x00,
    0x00, 0x04, 0x00, 0x00, 0xFF, 0xFF, 0xF0, 0x00, 0x02, 0x00, 0x00, 0xC0, 0x00, 0x10, 0x00, 0x02,
    0x00, 0x00, 0xC0, 0x00, 0x30, 0x00, 0x02, 0x00, 0x00, 0x20, 0x00, 0x02, 0x00, 0x00, 0x20, 0x00,
    0x02, 0x00, 0x00, 0x20, 0x00, 0x02, 0x00, 0x00, 0x20, 0x00, 0x02, 0x00, 0x00, 0x20, 0x00, 0x02,
    0x00, 0x00, 0x20, 0x00, 0x02, 0x00, 0x0F, 0xC0, 0x00, 0x00, 0x10, 0x00, 0x00, 0x20, 0x01, 0xFF,
    0xFF, 0xF0, 0x00, 0x80, 0x00, 0x01, 0x00, 0x03, 0xFF, 0xFC, 0x04, 0x04, 0x08, 0x08, 0x08, 0x10,
    0x1F, 0xFF, 0xE0, 0x00, 0x20, 0x00, 0x00, 0x40, 0x00, 0xFF, 0xFF, 0x00, 0x01, 0x02, 0x00, 0x02,
    0x04, 0x00, 0x04, 0x08, 0x7F, 0xFF, 0xFF, 0x00, 0x10, 0x20, 0x00, 0x20, 0x40, 0xFF, 0xFF, 0x80,
    0x00, 0x81, 0x00, 0x01, 0x00, 0x00, 0x02, 0x00, 0x00, 0x7C, 0x00, 0x00, 0x3F, 0xFF, 0xF0, 0x00,
    0x00, 0x00, 0x00, 0x00, 0x00, 0x00, 0x00, 0x00, 0x00, 0x00, 0x00, 0x00, 0x00, 0x00, 0x00, 0x00,
    0x00, 0x00, 0x00, 0x00, 0x00, 0x00, 0x00, 0x00, 0x00, 0x00, 0x00, 0x00, 0x00, 0x00, 0x00, 0x00,
    0x00, 0x00, 0x00, 0x00, 0x00, 0x3F, 0xFF, 0xFF, 0x3F, 0xFF, 0xF8, 0x00, 0x40, 0x00, 0x01, 0x00,
    0x00, 0x04, 0x00, 0x00, 0x10, 0x00, 0x00, 0x40, 0x00, 0x01, 0x00, 0x00, 0x04, 0x00, 0xFF, 0xFF,
    0xFC, 0x00, 0x40, 0x00, 0x01, 0x00, 0x00, 0x04, 0x00, 0x00, 0x10, 0x00, 0x00, 0x40, 0x00, 0x01,
    0x00, 0x00, 0x04, 0x00, 0x00, 0x10, 0x00, 0x00, 0x40, 0x00, 0x01, 0x00, 0x00, 0x04, 0x00, 0x03,
    0xF0, 0x00, 0x3F, 0xFF, 0xF0, 0x01, 0x00, 0x00, 0x04, 0x00, 0x00, 0x10, 0x00, 0x00, 0x80, 0x00,
    0x02, 0x00, 0x00, 0x08, 0x00, 0x07, 0xFF, 0xF0, 0x00, 0x80, 0x40, 0x02, 0x02, 0x00, 0x10, 0x08,
    0x00, 0x40, 0x20, 0x01, 0x00, 0x80, 0x04, 0x02, 0x00, 0x10, 0x08, 0x00, 0x40, 0x20, 0x02, 0x00,
    0x83, 0xFF, 0xFF, 0xF0, 0x00, 0x20, 0x00, 0x00, 0x20, 0x00, 0x00, 0x40, 0x00, 0x00, 0x00, 0x07,
    0xFF, 0xFF, 0xC0, 0x00, 0x00, 0x00, 0x40, 0x40, 0x00, 0x80, 0x40, 0x02, 0x00, 0x40, 0x18, 0x00,
    0x40, 0x40, 0x00, 0x61, 0x08, 0x08, 0x20, 0x10, 0x10, 0x00, 0x10, 0x40, 0x00, 0x20, 0x80, 0x00,
    0x22, 0x00, 0x00, 0x28, 0x00, 0x00, 0x20, 0x00, 0x00, 0xB0, 0x00, 0x06, 0x10, 0x00, 0x30, 0x18,
    0x01, 0x80, 0x0E, 0x3C, 0x00, 0x03, 0x80, 0x00, 0x20, 0x00, 0x00, 0x40, 0x00, 0x00, 0x80, 0x0F,
    0xFF, 0xFE, 0x00, 0x00, 0x80, 0x08, 0x02, 0x00, 0x10, 0x10, 0x00, 0x00, 0x80, 0x3F, 0xFF, 0xFC,
    0x80, 0x00, 0x02, 0x00, 0x00, 0x08, 0x00, 0x00, 0x20, 0x00, 0x00, 0x80, 0x00, 0x02, 0x00, 0x00,
    0x08, 0x00, 0x00, 0x20, 0x00, 0x01, 0x00, 0x00, 0x04, 0x00, 0x00, 0x10, 0x00, 0x00, 0x80, 0x00,
    0x00, 0x00, 0x10, 0x00, 0x00, 0x20, 0x00, 0x00, 0x40, 0x00, 0x00, 0x80, 0x00, 0x01, 0x00, 0x00,
    0x02, 0x00, 0x00, 0x04, 0x00, 0x00, 0x1C, 0x00, 0x00, 0x28, 0x00, 0x00, 0x50, 0x00, 0x00, 0xA0,
    0x00, 0x02, 0x20, 0x00, 0x04, 0x40, 0x00, 0x08, 0x40, 0x00, 0x20, 0x80, 0x00, 0xC0, 0x80, 0x01,
    0x01, 0x00, 0x04, 0x01, 0x00, 0x10, 0x01, 0x00, 0x40, 0x01, 0x01, 0x00, 0x01, 0x0C, 0x00, 0x01,
    0x80, 0x00, 0x00, 0x00, 0x02, 0x00, 0x00, 0x04, 0x00, 0x00, 0x13, 0xFF, 0xE0, 0x22, 0x00, 0x40,
    0x84, 0x00, 0x81, 0x04, 0x01, 0x06, 0x08, 0x04, 0x14, 0x10, 0x08, 0x28, 0x10, 0x10, 0x90, 0x20,
    0x42, 0x20, 0x40, 0x80, 0x40, 0x42, 0x00, 0x80, 0x84, 0x01, 0x00, 0x90, 0x02, 0x00, 0xC0, 0x04,
    0x01, 0x00, 0x08, 0x03, 0x00, 0x10, 0x09, 0x00, 0x20, 0x61, 0x00, 0x41, 0x01, 0x80, 0x8C, 0x00,
    0x81, 0x60, 0x00, 0xC0, 0x00, 0x00, 0x00, 0x00, 0x20, 0x00, 0x00, 0xA0, 0x00, 0x02, 0x20, 0x00,
    0x08, 0x20, 0x00, 0x20, 0x20, 0x00, 0x80, 0x20, 0x04, 0x20, 0x30, 0x10, 0x20, 0x10, 0xC0, 0x30,
    0x1A, 0x00, 0x10, 0x00, 0x00, 0x00, 0x00, 0x00, 0x00, 0x03, 0xFF, 0xFE, 0x00, 0x00, 0x08, 0x00,
    0x00, 0x20, 0x00, 0x00, 0x80, 0x00, 0x02, 0x00, 0x00, 0x04, 0x00, 0x00, 0x10, 0x00, 0x00, 0x40,
    0x00, 0x01, 0x00, 0x00, 0x04, 0x00, 0x00, 0x00, 0x20, 0x00, 0x00, 0x60, 0x00, 0x01, 0x20, 0x00,
    0x04, 0x20, 0x00, 0x10, 0x20, 0x00, 0x40, 0x20, 0x01, 0x00, 0x20, 0x04, 0x00, 0x30, 0x30, 0x00,
    0x19, 0x84, 0x02, 0x08, 0x08, 0x04, 0x00, 0x10, 0x08, 0x00, 0x20, 0x10, 0x00, 0x40, 0x20, 0x00,
    0x80, 0x40, 0x01, 0x00, 0x80, 0x04, 0x01, 0x00, 0x08, 0x02, 0x00, 0x20, 0x04, 0x00, 0xC0, 0x08,
    0x03, 0x00, 0x10, 0x08, 0x00, 0x20, 0x00, 0x02, 0x00, 0x80, 0x04, 0x01, 0x00, 0x08, 0x04, 0x00,
    0x10, 0x08, 0x00, 0x20, 0x10, 0x00, 0x40, 0x20, 0x00, 0x80, 0x40, 0x01, 0x00, 0x80, 0x06, 0x01,
    0x00, 0x0A, 0x02, 0x00, 0x12, 0x0C, 0x00, 0x24, 0x18, 0x00, 0x44, 0x28, 0x01, 0x04, 0x90, 0x02,
    0x09, 0x20, 0x04, 0x0A, 0x20, 0x10, 0x08, 0x40, 0x20, 0x10, 0x40, 0x80, 0x40, 0x41, 0x01, 0x00,
    0x44, 0x04, 0x00, 0x40, 0x00, 0x00, 0x00, 0x01, 0x01, 0x00, 0x04, 0x02, 0x00, 0x08, 0x84, 0x00,
    0x21, 0x08, 0x00, 0x42, 0x10, 0x01, 0x04, 0x21, 0x82, 0x08, 0x5D, 0x0C, 0x10, 0xC2, 0x28, 0x2F,
    0x04, 0x90, 0xE2, 0x0A, 0x26, 0x84, 0x10, 0x41, 0x08, 0x20, 0x82, 0x10, 0x41, 0x04, 0x20, 0x82,
    0x08, 0x41, 0x04, 0x10, 0xBE, 0x08, 0x21, 0x00, 0x10, 0x40, 0x00, 0x20, 0x80, 0x08, 0x41, 0x00,
    0x10, 0x82, 0x00, 0x21, 0x04, 0x00, 0x42, 0x07, 0xFF, 0x00, 0x00, 0x00, 0x82, 0x00, 0x04, 0x10,
    0x40, 0x20, 0x81, 0x01, 0x04, 0x08, 0x08, 0x20, 0x20, 0x41, 0x00, 0x82, 0x08, 0x04, 0x20, 0x40,
    0x01, 0x02, 0x00, 0x08, 0x10, 0x00, 0x40, 0x80, 0x04, 0x04, 0x00, 0x20, 0x20, 0x01, 0x01, 0x02,
    0x10, 0x08, 0x60, 0xC0, 0x5C, 0x09, 0x03, 0x00, 0x84, 0x20, 0x08, 0x10, 0x00, 0x80, 0x40, 0x10,
    0x01, 0x03, 0x00, 0x00, 0x02, 0x01, 0x00, 0x04, 0x42, 0x00, 0x10, 0x84, 0x00, 0x21, 0x08, 0x00,
    0x42, 0x10, 0x01, 0x07, 0xFF, 0x82, 0x10, 0x40, 0x0C, 0x20, 0x80, 0x28, 0x81, 0x00, 0x91, 0x02,
    0x01, 0x20, 0x04, 0x00, 0x40, 0x08, 0x00, 0x80, 0x10, 0x01, 0x3F, 0xFF, 0xC2, 0x00, 0x40, 0x04,
    0x00, 0x80, 0x08, 0x01, 0x00, 0x10, 0x02, 0x00, 0x20, 0x04, 0x00, 0x40, 0x08, 0x00, 0x80, 0x10,
    0x01, 0x00, 0x20, 0x02, 0x00, 0x40, 0x00, 0x01, 0x00, 0x00, 0x04, 0x00, 0x30, 0x08, 0x07, 0x80,
    0x23, 0xF0, 0x00, 0x48, 0x20, 0x01, 0x00, 0x40, 0x06, 0x00, 0x80, 0x0C, 0x01, 0x00, 0x28, 0x02,
    0x00, 0x90, 0x04, 0x02, 0x20, 0x08, 0x00, 0x5F, 0xFF, 0xF0, 0x80, 0x20, 0x01, 0x00, 0x40, 0x02,
    0x00, 0x80, 0x04, 0x01, 0x00, 0x08, 0x02, 0x00, 0x10, 0x04, 0x00, 0x20, 0x08, 0x00, 0x40, 0x10,
    0x00, 0x9F, 0xFF, 0xC1, 0x3F, 0xFF, 0x82, 0x00, 0x00, 0x00, 0x02, 0x02, 0x00, 0x04, 0x04, 0x00,
    0x10, 0x08, 0x00, 0x20, 0x10, 0x00, 0x80, 0x20, 0x01, 0x00, 0x40, 0x06, 0xFF, 0xFF, 0x94, 0x03,
    0x80, 0x48, 0x0B, 0x01, 0x90, 0x15, 0x02, 0x20, 0x4A, 0x00, 0x40, 0x92, 0x00, 0x82, 0x22, 0x01,
    0x04, 0x44, 0x02, 0x10, 0x84, 0x04, 0x41, 0x04, 0x09, 0x82, 0x04, 0x16, 0x04, 0x04, 0x28, 0x08,
    0x00, 0x40, 0x10, 0x00, 0x80, 0x20, 0x01, 0x00, 0x40, 0x00, 0x00, 0x08, 0x00, 0x00, 0x20, 0x00,
    0x00, 0xA0, 0x00, 0x02, 0x20, 0x00, 0x08, 0x20, 0x00, 0x20, 0x20, 0x01, 0x80, 0x30, 0x04, 0x00,
    0x10, 0x37, 0xFF, 0xD8, 0x80, 0x00, 0x0C, 0x00, 0x00, 0x00, 0x00, 0x00, 0x00, 0x00, 0x00, 0x0F,
    0xFF, 0xFF, 0x80, 0x10, 0x00, 0x00, 0x40, 0x00, 0x01, 0x01, 0x00, 0x02, 0x01, 0x00, 0x08, 0x01,
    0x00, 0x20, 0x01, 0x00, 0x80, 0x7F, 0x07, 0xFF, 0x02, 0x00, 0x00, 0x02, 0x00, 0x01, 0x00, 0x00,
    0x04, 0x04, 0x00, 0x08, 0x08, 0x00, 0x27, 0xFF, 0xE0, 0x40, 0x40, 0x01, 0x00, 0x80, 0x02, 0x01,
    0x00, 0x0C, 0x04, 0x00, 0x29, 0xFF, 0xFE, 0x90, 0x10, 0x01, 0x20, 0x20, 0x04, 0x40, 0x80, 0x00,
    0x81, 0x00, 0x01, 0x03, 0xFF, 0x02, 0x00, 0x04, 0x04, 0x00, 0x10, 0x08, 0x00, 0x40, 0x10, 0x00,
    0x80, 0x20, 0x32, 0x00, 0x40, 0x18, 0x00, 0x80, 0x10, 0x01, 0x00, 0x18, 0x02, 0x00, 0x18, 0x00,
    0x00, 0x00, 0x00, 0x04, 0x04, 0x00, 0x08, 0x08, 0x00, 0x20, 0x18, 0x00, 0x40, 0x00, 0x01, 0x1F,
    0xFF, 0x82, 0x00, 0x00, 0x0C, 0x00, 0x00, 0x28, 0x20, 0x10, 0x90, 0x40, 0x41, 0x20, 0x80, 0x80,
    0x40, 0x81, 0x00, 0x81, 0x02, 0x01, 0x02, 0x04, 0x02, 0x04, 0x10, 0x04, 0x08, 0x20, 0x08, 0x10,
    0x40, 0x10, 0x10, 0x80, 0x20, 0x21, 0x00, 0x40, 0x04, 0x00, 0x80, 0x08, 0x01, 0x3F, 0xFF, 0xC2,
    0x00, 0x00, 0x00, 0x02, 0x04, 0x00, 0x04, 0x08, 0x00, 0x10, 0x08, 0x00, 0x20, 0x08, 0x00, 0x80,
    0x00, 0x01, 0x3F, 0xFF, 0x86, 0x00, 0x80, 0x0C, 0x01, 0x00, 0x28, 0x02, 0x00, 0x90, 0x04, 0x01,
    0x20, 0x08, 0x04, 0x40, 0x10, 0x00, 0x80, 0x20, 0x01, 0x1F, 0xFF, 0x02, 0x00, 0x80, 0x04, 0x01,
    0x00, 0x08, 0x02, 0x00, 0x10, 0x04, 0x00, 0x20, 0x08, 0x00, 0x40, 0x10, 0x00, 0x80, 0x20, 0x01,
    0x7F, 0xFF, 0xC2, 0x00, 0x00, 0x00, 0x00, 0x04, 0x00, 0x10, 0x10, 0x00, 0x80, 0x40, 0x02, 0x01,
    0x00, 0x10, 0x04, 0x00, 0x40, 0x10, 0x01, 0x7F, 0xFF, 0xCC, 0x03, 0x80, 0x50, 0x15, 0x01, 0x40,
    0x54, 0x09, 0x02, 0x50, 0x04, 0x09, 0x20, 0x10, 0x44, 0x40, 0x41, 0x11, 0x01, 0x08, 0x42, 0x04,
    0x41, 0x04, 0x12, 0x04, 0x18, 0x53, 0xFF, 0xB1, 0x00, 0x40, 0x04, 0x01, 0x00, 0x10, 0x04, 0x00,
    0x40, 0x10, 0x01, 0x00, 0x40, 0x00, 0x04, 0x00, 0x00, 0x10, 0x00, 0x00, 0x80, 0x00, 0x02, 0xFF,
    0xFF, 0x10, 0x00, 0x10, 0x40, 0x00, 0x43, 0x00, 0x01, 0x0C, 0x00, 0x04, 0x50, 0xFE, 0x13, 0x42,
    0x08, 0x49, 0x08, 0x21, 0x04, 0x20, 0x84, 0x10, 0x82, 0x10, 0x42, 0x08, 0x41, 0x08, 0x21, 0x04,
    0x3F, 0x84, 0x10, 0x80, 0x10, 0x42, 0x00, 0x41, 0x00, 0x01, 0x04, 0x00, 0x04, 0x10, 0x00, 0x10,
    0x40, 0x00, 0x41, 0x00, 0x3F, 0x00, 0x00, 0x10, 0x00, 0x00, 0x60, 0x00, 0x01, 0x20, 0x00, 0x04,
    0x20, 0x00, 0x10, 0x20, 0x00, 0x40, 0x30, 0x01, 0x00, 0x10, 0x0C, 0x00, 0x18, 0x67, 0xFF, 0xCD,
    0x00, 0x20, 0x04, 0x00, 0x40, 0x00, 0x00, 0x80, 0x00, 0x01, 0x00, 0x0F, 0xFF, 0xFF, 0x80, 0x04,
    0x00, 0x00, 0x08, 0x00, 0x02, 0x10, 0x80, 0x08, 0x20, 0x80, 0x20, 0x40, 0x80, 0x80, 0x80, 0x82,
    0x01, 0x00, 0x98, 0x02, 0x00, 0x00, 0x7C, 0x00, 0x00, 0x02, 0x08, 0x00, 0x04, 0x10, 0x00, 0x10,
    0x40, 0x00, 0x20, 0x80, 0x00, 0x83, 0xFF, 0xE1, 0x04, 0x40, 0x06, 0x10, 0x80, 0x14, 0x41, 0x00,
    0x28, 0x82, 0x00, 0x92, 0x07, 0xFE, 0x20, 0x08, 0x00, 0x40, 0x10, 0x00, 0x80, 0x20, 0x01, 0x00,
    0x40, 0x02, 0x00, 0xFF, 0x84, 0x01, 0x00, 0x08, 0x02, 0x00, 0x10, 0x04, 0x00, 0x20, 0x08, 0x00,
    0x40, 0x10, 0x00, 0x80, 0x20, 0x01, 0x00, 0x40, 0x00, 0x01, 0x01, 0x00, 0x02, 0x01, 0x00, 0x02,
    0x01, 0x00, 0x05, 0xFF, 0xFF, 0x04, 0x01, 0x00, 0x08, 0x01, 0x00, 0x18, 0x01, 0x00, 0x18, 0xFF,
    0xFE, 0x28, 0x81, 0x02, 0x48, 0x81, 0x02, 0x88, 0x81, 0x02, 0x08, 0x81, 0x02, 0x08, 0x81, 0x02,
    0x08, 0xFF, 0xFE, 0x08, 0x01, 0x00, 0x08, 0x81, 0x00, 0x08, 0x42, 0x00, 0x08, 0x22, 0x00, 0x08,
    0x14, 0x00, 0x08, 0x0C, 0x00, 0x08, 0x13, 0x00, 0x08, 0x60, 0xE0, 0x09, 0x80, 0x1E, 0x02, 0x00,
    0x00, 0x04, 0x20, 0x40, 0x10, 0x40, 0x80, 0x20, 0x81, 0x00, 0x81, 0x02, 0x01, 0x02, 0x04, 0x06,
    0x7F, 0xFF, 0x8C, 0x08, 0x10, 0x28, 0x10, 0x20, 0x90, 0x20, 0x42, 0x20, 0x40, 0x80, 0x40, 0x81,
    0x00, 0x81, 0x02, 0x01, 0x02, 0x04, 0x02, 0x7F, 0xFF, 0x84, 0x00, 0x00, 0x08, 0x00, 0x00, 0x10,
    0x20, 0x80, 0x20, 0x40, 0x80, 0x41, 0x00, 0x80, 0x84, 0x00, 0x81, 0x10, 0x00, 0x82, 0x40, 0x00,
    0x80, 0x04, 0x00, 0x04, 0x27, 0xF8, 0x10, 0x90, 0x24, 0x42, 0x40, 0x91, 0x11, 0x22, 0x44, 0x44,
    0x89, 0x13, 0x12, 0x24, 0x4C, 0x48, 0x91, 0x51, 0x22, 0x46, 0x44, 0x89, 0x19, 0x12, 0x24, 0x44,
    0x48, 0x91, 0x11, 0x22, 0x44, 0x44, 0x89, 0x11, 0x12, 0x24, 0x44, 0x48, 0x91, 0x10, 0x40, 0x04,
    0x41, 0x20, 0x11, 0x04, 0x40, 0x44, 0x21, 0x01, 0x11, 0x02, 0x04, 0x48, 0x00, 0xF0, 0x01, 0x00,
    0x00, 0x02, 0x7F, 0xFC, 0x02, 0x40, 0x04, 0x04, 0x40, 0x04, 0x04, 0x40, 0x04, 0x08, 0x40, 0x04,
    0x08, 0x40, 0x04, 0x18, 0x7F, 0xFC, 0x28, 0x7F, 0xFC, 0x48, 0x01, 0x00, 0xC8, 0x01, 0x00, 0x88,
    0x01, 0x00, 0x08, 0x01, 0x00, 0x09, 0xFF, 0xFF, 0x08, 0x03, 0x80, 0x08, 0x05, 0x40, 0x08, 0x09,
    0x60, 0x08, 0x11, 0x20, 0x08, 0x21, 0x10, 0x08, 0x41, 0x08, 0x08, 0x81, 0x06, 0x09, 0x01, 0x01,
    0x08, 0x01, 0x00, 0x02, 0x02, 0x00, 0x08, 0x04, 0x00, 0x10, 0x04, 0x00, 0x20, 0x00, 0x00, 0x9F,
    0xFF, 0xE1, 0x00, 0x00, 0x06, 0x00, 0x00, 0x0C, 0x00, 0x00, 0x28, 0x3F, 0xF8, 0x90, 0x00, 0x02,
    0x20, 0x00, 0x00, 0x41, 0xFF, 0xC0, 0x80, 0x00, 0x01, 0x00, 0x00, 0x02, 0x00, 0x00, 0x04, 0x3F,
    0xFC, 0x08, 0x40, 0x08, 0x10, 0x80, 0x10, 0x21, 0x00, 0x20, 0x42, 0x00, 0x40, 0x84, 0x00, 0x81,
    0x0F, 0xFF, 0x02, 0x10, 0x02, 0x00, 0x00, 0x00, 0x00, 0x04, 0x04, 0x00, 0x04, 0x08, 0x00, 0x08,
    0x0F, 0xFC, 0x08, 0x18, 0x04, 0x08, 0x14, 0x08, 0x18, 0x24, 0x10, 0x19, 0x43, 0x20, 0x29, 0x00,
    0xC0, 0x49, 0x01, 0x60, 0x49, 0x0E, 0x18, 0x09, 0x70, 0x46, 0x09, 0x00, 0x80, 0x09, 0x03, 0x00,
    0x09, 0x0C, 0x10, 0x09, 0x10, 0x60, 0x09, 0x00, 0x80, 0x09, 0x07, 0x04, 0x09, 0x18, 0x08, 0x08,
    0x00, 0x30, 0x08, 0x00, 0xC0, 0x08, 0x07, 0x00, 0x08, 0x38, 0x00, 0x02, 0x00, 0x00, 0x04, 0x00,
    0x04, 0x17, 0xFC, 0x88, 0x21, 0x01, 0x10, 0x84, 0x02, 0x21, 0x08, 0x84, 0x46, 0x20, 0x88, 0x8C,
    0x41, 0x11, 0x29, 0xFF, 0x22, 0x90, 0x00, 0x45, 0x20, 0x40, 0x88, 0x40, 0x81, 0x10, 0x81, 0x02,
    0x21, 0x3F, 0xE4, 0x42, 0x04, 0x08, 0x84, 0x08, 0x11, 0x08, 0x10, 0x02, 0x10, 0x26, 0x04, 0x20,
    0x70, 0x08, 0x4F, 0x00, 0x10, 0x80, 0x00, 0x21, 0x00, 0x0F, 0xC2, 0x00, 0x00, 0x00, 0x01, 0x01,
    0x00, 0x02, 0x01, 0x00, 0x02, 0x01, 0x00, 0x04, 0xFF, 0xFE, 0x04, 0x01, 0x00, 0x08, 0x01, 0x00,
    0x08, 0x0F, 0xF8, 0x18, 0x10, 0x08, 0x28, 0x90, 0x08, 0x48, 0x90, 0x08, 0x48, 0x8F, 0xF8, 0x08,
    0x90, 0x08, 0x08, 0x90, 0x08, 0x08, 0x90, 0x08, 0x08, 0x8F, 0xF8, 0x08, 0x90, 0x08, 0x08, 0x90,
    0x08, 0x08, 0x8F, 0xF8, 0x08, 0x80, 0x00, 0x08, 0x80, 0x00, 0x08, 0x80, 0x00, 0x08, 0xFF, 0xFF,
    0x08, 0x80, 0x00, 0x02, 0x00, 0x00, 0x04, 0x00, 0x00, 0x04, 0x07, 0xFF, 0x04, 0x80, 0x20, 0x08,
    0x80, 0x20, 0x08, 0x80, 0x40, 0x18, 0x83, 0xFE, 0x18, 0x82, 0x02, 0x28, 0xFA, 0x02, 0x28, 0x82,
    0x22, 0x48, 0x82, 0x22, 0x88, 0x82, 0x22, 0x08, 0x82, 0x22, 0x08, 0x82, 0x22, 0x08, 0x82, 0x22,
    0x08, 0x9A, 0x42, 0x08, 0xE2, 0x42, 0x09, 0x82, 0x42, 0x08, 0x00, 0x40, 0x08, 0x00, 0x90, 0x08,
    0x01, 0x0C, 0x08, 0x02, 0x02, 0x08, 0x0C, 0x01, 0x02, 0x00, 0x00, 0x08, 0x08, 0x00, 0x40, 0x20,
    0x01, 0x3F, 0xFF, 0x08, 0x80, 0x04, 0x22, 0x00, 0x11, 0x88, 0x00, 0x46, 0x3F, 0xFF, 0x28, 0x80,
    0x01, 0x22, 0x00, 0x08, 0x8B, 0xFF, 0xC2, 0x31, 0x11, 0x08, 0xC4, 0x44, 0x23, 0x11, 0x10, 0x9C,
    0x44, 0x42, 0x71, 0x11, 0x09, 0xBF, 0xFC, 0x25, 0x11, 0x10, 0x94, 0x44, 0x42, 0x51, 0x11, 0x09,
    0x44, 0x44, 0x29, 0x11, 0x10, 0x84, 0x01, 0xC0, 0x00, 0x04, 0x00, 0x10, 0x08, 0x00, 0x40, 0x20,
    0x02, 0xFF, 0xFF, 0x08, 0x00, 0x00, 0x41, 0xFF, 0xC1, 0x04, 0x01, 0x0C, 0x10, 0x04, 0x50, 0x40,
    0x11, 0x41, 0xFF, 0xC9, 0x00, 0x00, 0x04, 0x00, 0x00, 0x13, 0xFF, 0xFC, 0x48, 0x00, 0x11, 0x20,
    0x00, 0x44, 0xBF, 0xFF, 0x10, 0x02, 0x00, 0x40, 0x08, 0x01, 0x00, 0x20, 0x04, 0x00, 0x80, 0x10,
    0x02, 0x00, 0x40, 0x08, 0x01, 0x03, 0xE0, 0x00, 0x02, 0x00, 0x02, 0x09, 0xFC, 0x04, 0x12, 0x08,
    0x88, 0x44, 0x11, 0x10, 0x88, 0x22, 0x21, 0x10, 0x44, 0x46, 0x3F, 0x88, 0x94, 0x41, 0x11, 0x28,
    0x82, 0x22, 0x91, 0x04, 0x44, 0x23, 0xF8, 0x88, 0x44, 0x11, 0x10, 0x88, 0x22, 0x21, 0x10, 0x44,
    0x42, 0x20, 0x88, 0x84, 0x7F, 0x11, 0x08, 0x00, 0x02, 0x10, 0x88, 0x04, 0x21, 0x10, 0x08, 0x44,
    0x10, 0x10, 0x90, 0x10, 0x21, 0x00, 0x03, 0xC0, 0x02, 0x00, 0x00, 0x04, 0x0F, 0xFF, 0x04, 0x00,
    0x20, 0x08, 0x80, 0x40, 0x08, 0x80, 0x40, 0x08, 0x83, 0xFE, 0x18, 0x84, 0x02, 0x18, 0x84, 0x02,
    0x28, 0xFC, 0x02, 0x48, 0x83, 0xFE, 0x48, 0x84, 0x02, 0x08, 0x84, 0x02, 0x08, 0x84, 0x02, 0x08,
    0x83, 0xFE, 0x08, 0x84, 0x02, 0x08, 0xB4, 0x02, 0x09, 0xC4, 0x02, 0x09, 0x03, 0xFE, 0x08, 0x00,
    0x00, 0x08, 0x01, 0x80, 0x08, 0x02, 0x0C, 0x08, 0x04, 0x02, 0x08, 0x18, 0x01, 0x04, 0x10, 0x00,
    0x08, 0x40, 0x00, 0x20, 0xFE, 0x00, 0x42, 0x08, 0x00, 0x88, 0x20, 0x02, 0x3F, 0xFF, 0x04, 0xC1,
    0x02, 0x1A, 0x82, 0x04, 0x31, 0x04, 0x08, 0xA2, 0x10, 0x12, 0x47, 0xFF, 0xE0, 0x80, 0x80, 0x01,
    0x02, 0x80, 0x02, 0x18, 0x82, 0x04, 0xC3, 0x18, 0x08, 0x09, 0xE0, 0x10, 0x62, 0x40, 0x23, 0x0A,
    0x40, 0x48, 0x24, 0x40, 0x81, 0x88, 0x41, 0x0C, 0x20, 0x42, 0xE0, 0x40, 0x04, 0x07, 0x00, 0x00,
    0x3F, 0xFF, 0xF0, 0x00, 0x00, 0x00, 0x00, 0x00, 0x00, 0x00, 0x00, 0x00, 0x00, 0x00, 0x00, 0x00,
    0x00, 0x00, 0x00, 0x3F, 0xFF, 0xFE, 0xFF, 0xFF, 0xF8, 0x04, 0x10, 0x00, 0x10, 0x40, 0x00, 0x81,
    0x00, 0x02, 0x04, 0x00, 0x08, 0x10, 0x00, 0x20, 0x40, 0x01, 0x01, 0x00, 0x04, 0x04, 0x04, 0x20,
    0x10, 0x11, 0x00, 0x40, 0x48, 0x01, 0x02, 0xC0, 0x03, 0xF8, 0x00, 0x10, 0x00, 0x08, 0x20, 0x00,
    0x10, 0x40, 0x00, 0x40, 0x80, 0x00, 0xFF, 0xFF, 0x82, 0x02, 0x00, 0x04, 0x04, 0x00, 0x10, 0x08,
    0x00, 0x00, 0x10, 0x00, 0x00, 0x20, 0x01, 0xFF, 0xFF, 0xF0, 0x08, 0x10, 0x00, 0x10, 0x20, 0x00,
    0x20, 0x40, 0x00, 0x40, 0x80, 0x00, 0x81, 0x00, 0x02, 0x02, 0x00, 0x04, 0x04, 0x04, 0x10, 0x08,
    0x08, 0x40, 0x10, 0x11, 0x00, 0x20, 0x2C, 0x00, 0x7F, 0x80, 0x00, 0x00, 0x00, 0x00, 0x10, 0x00,
    0x20, 0x20, 0x20, 0x20, 0x40, 0x80, 0x40, 0x81, 0x00, 0x41, 0x04, 0x00, 0x82, 0x08, 0x00, 0x84,
    0x20, 0x00, 0x08, 0x00, 0x00, 0x10, 0x01, 0xFF, 0xFF, 0xFF, 0xFF, 0xFF, 0xF8, 0x08, 0x10, 0x00,
    0x10, 0x20, 0x00, 0x20, 0x40, 0x00, 0x40, 0x80, 0x00, 0x81, 0x00, 0x02, 0x02, 0x00, 0x04, 0x04,
    0x00, 0x10, 0x08, 0x08, 0x20, 0x10, 0x10, 0x80, 0x20, 0x26, 0x00, 0x40, 0x70, 0x00, 0xFF, 0x00,
    0x01, 0x00, 0x00, 0x02, 0x00, 0x00, 0x0F, 0xFC, 0x00, 0x20, 0x10, 0x00, 0x40, 0x40, 0x01, 0x00,
    0x80, 0x04, 0x02, 0x00, 0x1F, 0xFF, 0xFC, 0xD0, 0x10, 0x08, 0x20, 0x20, 0x10, 0x40, 0x40, 0x20,
    0x80, 0x80, 0x41, 0x02, 0x00, 0x83, 0xFF, 0xFF, 0x00, 0x09, 0x00, 0x00, 0x12, 0x00, 0x00, 0x44,
    0x00, 0x00, 0x88, 0x00, 0x02, 0x10, 0x08, 0x08, 0x20, 0x10, 0x60, 0x40, 0x21, 0x00, 0x80, 0x5C,
    0x01, 0xFF, 0x00, 0x01, 0x00, 0x00, 0x01, 0x00, 0x00, 0x01, 0x00, 0x00, 0x01, 0x00, 0x00, 0x01,
    0x00, 0x00, 0x02, 0x00, 0x00, 0x06, 0x00, 0x00, 0x14, 0x00, 0x00, 0x24, 0x00, 0x00, 0x48, 0x00,
    0x01, 0x08, 0x00, 0x02, 0x10, 0x00, 0x08, 0x10, 0x00, 0x10, 0x20, 0x00, 0x40, 0x20, 0x00, 0x80,
    0x40, 0x02, 0x00, 0x40, 0x08, 0x00, 0x40, 0x20, 0x00, 0x40, 0x80, 0x00, 0x46, 0x00, 0x00, 0x40,
    0x00, 0x00, 0x00, 0x00, 0x10, 0x00, 0x00, 0x20, 0x00, 0x00, 0xA0, 0x00, 0x02, 0x20, 0x00, 0x08,
    0x20, 0x00, 0x20, 0x20, 0x00, 0x80, 0x20, 0x02, 0x00, 0x20, 0x08, 0x00, 0x30, 0x60, 0x00, 0x11,
    0x3F, 0xFF, 0x9C, 0x00, 0x80, 0x00, 0x01, 0x00, 0x00, 0x02, 0x00, 0x00, 0x04, 0x00, 0x07, 0xFF,
    0xF8, 0x00, 0x10, 0x00, 0x00, 0x20, 0x00, 0x00, 0x40, 0x00, 0x00, 0x80, 0x00, 0x01, 0x00, 0x0F,
    0xFF, 0xFF, 0x80, 0x00, 0x40, 0x00, 0x01, 0x00, 0x00, 0x02, 0x00, 0x00, 0x08, 0x00, 0x00, 0x10,
    0x00, 0x00, 0x40, 0x00, 0x00, 0x00, 0x3F, 0xFF, 0xFF, 0x00, 0x00, 0x00, 0x00, 0x00, 0x00, 0x00,
    0x00, 0x00, 0x00, 0x00, 0x02, 0x01, 0x00, 0x08, 0x02, 0x00, 0x40, 0x08, 0x02, 0x00, 0x10, 0x08,
    0x00, 0x20, 0x40, 0x00, 0x81, 0x00, 0x01, 0x08, 0x00, 0x02, 0x40, 0x00, 0x0A, 0x00, 0x00, 0x18,
    0x00, 0x00, 0x00, 0x00, 0x00, 0x80, 0x20, 0x04, 0x01, 0x00, 0x40, 0x04, 0x02, 0x00, 0x20, 0x20,
    0x00, 0x02, 0x01, 0xFF, 0xFF, 0xC0, 0x04, 0x00, 0x00, 0x20, 0x00, 0x01, 0x00, 0x00, 0x08, 0x00,
    0x00, 0x40, 0x0F, 0xFF, 0xFF, 0x80, 0x30, 0x00, 0x01, 0x40, 0x00, 0x09, 0x00, 0x00, 0x88, 0x00,
    0x08, 0x20, 0x00, 0x80, 0x80, 0x08, 0x02, 0x00, 0x80, 0x0C, 0x18, 0x00, 0x1B, 0x00, 0x00, 0x20,
    0x02, 0x00, 0x40, 0x04, 0x00, 0x80, 0x08, 0x01, 0x03, 0xFF, 0xFF, 0xF0, 0x20, 0x04, 0x00, 0x40,
    0x08, 0x00, 0x80, 0x10, 0x01, 0x00, 0x20, 0x03, 0xFF, 0xC0, 0x04, 0x00, 0x80, 0x08, 0x01, 0x00,
    0x10, 0x02, 0x00, 0x3F, 0xFC, 0x00, 0x40, 0x08, 0x00, 0x80, 0x10, 0x01, 0x00, 0x20, 0x7F, 0xFF,
    0xFE, 0xFF, 0xFF, 0xFC, 0x00, 0x00, 0x00, 0x0C, 0x0C, 0x00, 0x60, 0x07, 0x03, 0x00, 0x01, 0x98,
    0x00, 0x00, 0x80, 0x07, 0xFF, 0xE0, 0x08, 0x00, 0x40, 0x10, 0x00, 0x80, 0x20, 0x01, 0x00, 0x7F,
    0xFE, 0x00, 0x80, 0x04, 0x01, 0x00, 0x08, 0x02, 0x00, 0x10, 0x07, 0xFF, 0xE0, 0x08, 0x00, 0x40,
    0x10, 0x00, 0x80, 0x3F, 0xFF, 0x00, 0x40, 0x02, 0x00, 0x80, 0x04, 0x01, 0x00, 0x08, 0x3F, 0xFF,
    0xFF, 0x00, 0x00, 0x00, 0x01, 0x03, 0x00, 0x0C, 0x01, 0x00, 0x20, 0x01, 0x81, 0x80, 0x00, 0xCC,
    0x00, 0x00, 0x40, 0x00, 0x82, 0x00, 0x00, 0x82, 0x00, 0x00, 0x82, 0x00, 0x1F, 0xFF, 0xF8, 0x10,
    0x82, 0x08, 0x10, 0x82, 0x08, 0x10, 0x82, 0x08, 0x10, 0x82, 0x08, 0x10, 0x82, 0x08, 0x1F, 0xFF,
    0xF8, 0x10, 0x82, 0x08, 0x10, 0x82, 0x08, 0x10, 0x82, 0x08, 0x10, 0x82, 0x08, 0x10, 0x82, 0x08,
    0x10, 0x82, 0x08, 0xFF, 0xFF, 0xFF, 0x00, 0x00, 0x00, 0x00, 0x00, 0x00, 0x03, 0x00, 0xC0, 0x04,
    0x00, 0x30, 0x18, 0x00, 0x08, 0x60, 0x00, 0x06, 0x00, 0x40, 0x00, 0x04, 0x00, 0x00, 0x40, 0x00,
    0x04, 0x00, 0xFF, 0xFF, 0xF8, 0x04, 0x01, 0x80, 0x40, 0x18, 0x04, 0x01, 0x80, 0x40, 0x18, 0x0C,
    0x01, 0x80, 0xA0, 0x18, 0x11, 0x01, 0x81, 0x08, 0x18, 0x20, 0x41, 0x84, 0x02, 0x18, 0x80, 0x11,
    0x90, 0x00, 0x98, 0x00, 0x01, 0x80, 0x00, 0x18, 0x00, 0x01, 0x80, 0x00, 0x18, 0x00, 0x01, 0x80,
    0x03, 0xF0, 0x1F, 0x8F, 0xE0, 0x42, 0x30, 0x81, 0x08, 0xC2, 0x04, 0x23, 0x08, 0x10, 0x8C, 0x20,
    0x42, 0x30, 0x81, 0x08, 0xC2, 0x04, 0x23, 0x08, 0xFF, 0xFF, 0xFC, 0x42, 0x30, 0x81, 0x08, 0xC2,
    0x0C, 0x23, 0x08, 0x30, 0x8C, 0x20, 0xC2, 0x30, 0x83, 0x08, 0xC2, 0x08, 0x22, 0x08, 0x20, 0x88,
    0x21, 0x82, 0x60, 0x84, 0x09, 0x02, 0x20, 0x2C, 0x08, 0x87, 0xA1, 0xE0, 0x7F, 0xFF, 0xFC, 0x00,
    0x20, 0x00, 0x00, 0x40, 0x00, 0x00, 0x80, 0x01, 0xFF, 0xFE, 0x02, 0x02, 0x04, 0x04, 0x04, 0x08,
    0x08, 0x08, 0x10, 0x10, 0x10, 0x20, 0x3F, 0xFF, 0xC0, 0x40, 0x40, 0x80, 0x80, 0x81, 0x01, 0x01,
    0x02, 0x1F, 0xFF, 0xFF, 0xC4, 0x00, 0x08, 0x08, 0x00, 0x10, 0x10, 0x00, 0x20, 0x20, 0x00, 0x40,
    0x40, 0x00, 0x80, 0x80, 0x01, 0x01, 0x00, 0x3E, 0x00, 0xFF, 0xFF, 0xFC, 0x00, 0x00, 0x61, 0x00,
    0x03, 0x08, 0x00, 0x10, 0x40, 0x00, 0x03, 0xFF, 0xC0, 0x20, 0x00, 0x01, 0x00, 0x00, 0x08, 0x00,
    0x00, 0x40, 0x00, 0x03, 0xFF, 0xE0, 0x00, 0x01, 0x00, 0x00, 0x08, 0x00, 0x00, 0x43, 0xFF, 0xF2,
    0x00, 0x00, 0x10, 0x00, 0x00, 0x80, 0x00, 0x08, 0x00, 0x00, 0x40, 0x00, 0x02, 0x00, 0x03, 0xE0,
    0x00, 0x00, 0x22, 0x00, 0x01, 0x04, 0x08, 0x04, 0x10, 0x10, 0x10, 0x20, 0x20, 0x80, 0x00, 0x83,
    0xFF, 0xF1, 0x18, 0x10, 0x00, 0xA0, 0x40, 0x02, 0x81, 0x00, 0x12, 0x04, 0x00, 0x8F, 0xFF, 0x80,
    0x20, 0x40, 0x00, 0x81, 0x00, 0x42, 0x04, 0x01, 0x08, 0x10, 0x08, 0x3F, 0xFE, 0x20, 0x81, 0x01,
    0x02, 0x04, 0x04, 0x08, 0x10, 0x10, 0x20, 0x40, 0x80, 0xFF, 0xFE, 0x02, 0x00, 0x00, 0x08, 0x00,
    0x00, 0x00, 0x02, 0x00, 0x00, 0x04, 0x00, 0x40, 0x04, 0x00, 0x21, 0xFF, 0xFC, 0x20, 0x04, 0x00,
    0x10, 0x08, 0x00, 0x08, 0xFF, 0xFC, 0x00, 0x08, 0x00, 0x00, 0x10, 0x00, 0x03, 0xFF, 0xFE, 0x00,
    0x20, 0x40, 0x00, 0x40, 0x20, 0x00, 0x80, 0x10, 0x09, 0x3F, 0xCC, 0x12, 0x02, 0x03, 0x10, 0x04,
    0x00, 0x20, 0xFF, 0xFC, 0x20, 0x08, 0x00, 0x20, 0x0B, 0x00, 0x40, 0x10, 0xC0, 0x40, 0x60, 0x30,
    0x01, 0x80, 0x0C, 0x03, 0xFF, 0x80, 0x04, 0x01, 0x00, 0x08, 0x02, 0x00, 0x10, 0x04, 0x00, 0x20,
    0x08, 0x00, 0x40, 0x10, 0x00, 0x80, 0x20, 0x01, 0x00, 0x40, 0x02, 0x00, 0x80, 0x04, 0x01, 0x00,
    0x18, 0x02, 0x00, 0x30, 0x04, 0x00, 0x60, 0x08, 0x00, 0x80, 0x10, 0x01, 0x00, 0x20, 0x06, 0x00,
    0x41, 0x08, 0x00, 0x82, 0x30, 0x01, 0x04, 0x40, 0x02, 0x09, 0x00, 0x04, 0x14, 0x00, 0x0F, 0xC0,
    0x00, 0x00, 0x00, 0x02, 0x00, 0x00, 0x04, 0x03, 0xE0, 0x13, 0xF8, 0x00, 0x40, 0x10, 0x00, 0x80,
    0x20, 0x03, 0x00, 0x40, 0x1A, 0xFF, 0xFF, 0xC4, 0x01, 0x00, 0x08, 0x02, 0x00, 0x10, 0x04, 0x00,
    0x27, 0xFF, 0xF0, 0x40, 0x00, 0x00, 0x00, 0x00, 0x00, 0x00, 0x00, 0x00, 0xFF, 0xF0, 0x01, 0x00,
    0x60, 0x02, 0x00, 0xC0, 0x04, 0x01, 0x80, 0x08, 0x03, 0x00, 0x20, 0x06, 0x10, 0xC0, 0x0C, 0x23,
    0x00, 0x18, 0x58, 0x00, 0x3F, 0x00, 0x00, 0x40, 0x00, 0x08, 0x00, 0x01, 0x00, 0x20, 0x20, 0x24,
    0x04, 0x04, 0x80, 0x80, 0x90, 0x10, 0x12, 0x02, 0x02, 0x40, 0x40, 0x48, 0x08, 0x09, 0xFF, 0xFF,
    0x00, 0x20, 0x08, 0x04, 0x03, 0x00, 0x80, 0x60, 0x10, 0x0C, 0x02, 0x01, 0x80, 0x40, 0x30, 0x08,
    0x06, 0x01, 0x00, 0xC0, 0x20, 0x1F, 0xFF, 0xFF, 0xFF, 0xFF, 0xC0, 0x00, 0x08, 0x00, 0x20, 0x00,
    0x01, 0x00, 0x00, 0x08, 0x00, 0x00, 0x40, 0x03, 0xFF, 0xFE, 0x00, 0x10, 0x00, 0x00, 0x80, 0x00,
    0x04, 0x00, 0x00, 0x20, 0x00, 0x01, 0x00, 0x3F, 0xFF, 0xFE, 0x00, 0x40, 0x00, 0x02, 0x00, 0x10,
    0x10, 0x10, 0x80, 0x80, 0x84, 0x04, 0x04, 0x20, 0x20, 0x21, 0x01, 0x01, 0x08, 0x08, 0x08, 0x40,
    0x40, 0x43, 0xFF, 0xFE, 0x00, 0x00, 0x10, 0x00, 0x00, 0x80, 0x01, 0x01, 0x00, 0x04, 0x02, 0x00,
    0x08, 0x02, 0x00, 0x20, 0x04, 0x00, 0x40, 0x04, 0x01, 0x00, 0x04, 0x04, 0x00, 0x04, 0x08, 0x00,
    0x04, 0x20, 0x00, 0x05, 0xBF, 0xFF, 0xC0, 0x01, 0x00, 0x80, 0x04, 0x01, 0x00, 0x08, 0x02, 0x00,
    0x10, 0x04, 0x00, 0x40, 0x08, 0x00, 0x80, 0x10, 0x01, 0x00, 0x20, 0x04, 0x00, 0x40, 0x10, 0x01,
    0x80, 0x40, 0x03, 0x03, 0x00, 0x04, 0x00, 0x03, 0xF8, 0x00, 0x08, 0x00, 0x00, 0x10, 0x00, 0x00,
    0x20, 0x7F, 0xF8, 0x40, 0x08, 0x10, 0x80, 0x10, 0x21, 0x00, 0x20, 0x42, 0xF0, 0x40, 0x9E, 0x00,
    0x81, 0x48, 0x01, 0x02, 0x10, 0x02, 0x04, 0x20, 0x04, 0x08, 0x40, 0x08, 0x10, 0x80, 0x20, 0x21,
    0x00, 0x40, 0x42, 0x18, 0x80, 0x84, 0xC2, 0x01, 0x0C, 0x04, 0x02, 0x20, 0x10, 0x04, 0x00, 0x60,
    0x18, 0x00, 0x80, 0x20, 0x06, 0x00, 0x40, 0x10, 0x1F, 0x00, 0x08, 0x00, 0x08, 0x48, 0x00, 0x42,
    0x20, 0x02, 0x10, 0xC1, 0x10, 0x82, 0x08, 0x84, 0x00, 0x44, 0x20, 0x32, 0x21, 0xFE, 0x11, 0x74,
    0x00, 0x88, 0x20, 0x84, 0x41, 0x08, 0x22, 0x08, 0x41, 0x10, 0x44, 0x08, 0x81, 0x20, 0x44, 0x0A,
    0x02, 0x20, 0x60, 0x11, 0x01, 0x00, 0x08, 0x18, 0x00, 0x41, 0x21, 0x02, 0x31, 0x08, 0x12, 0x04,
    0x40, 0xE0, 0x32, 0x04, 0x00, 0x61, 0xE0, 0x00, 0x00, 0x08, 0x00, 0x00, 0x7F, 0xFC, 0x02, 0x10,
    0x00, 0x10, 0x80, 0x10, 0x84, 0x00, 0x84, 0x40, 0x04, 0x22, 0x00, 0x21, 0x1F, 0xE1, 0x09, 0x01,
    0x08, 0x48, 0x08, 0x42, 0x80, 0x82, 0x14, 0x04, 0x10, 0xCC, 0x20, 0x84, 0x12, 0x04, 0x20, 0x50,
    0x21, 0x01, 0x01, 0x08, 0x08, 0x00, 0x40, 0x80, 0x02, 0x08, 0x00, 0x10, 0x80, 0x00, 0x88, 0x00,
    0x05, 0x80, 0x01, 0xE0, 0x00, 0x00, 0x09, 0xFF, 0x80, 0x48, 0x04, 0x22, 0x40, 0x21, 0x12, 0x11,
    0x08, 0x90, 0x88, 0x44, 0x84, 0x42, 0x24, 0x22, 0x11, 0x21, 0x10, 0x89, 0x08, 0x84, 0x48, 0x44,
    0x22, 0x42, 0x21, 0x12, 0x11, 0x08, 0x90, 0x88, 0x44, 0x84, 0x42, 0x24, 0x42, 0x11, 0x02, 0x00,
    0x08, 0x24, 0x00, 0x41, 0x10, 0x02, 0x10, 0x40, 0x13, 0x01, 0x00, 0xA0, 0x00, 0x7C, 0x01, 0x00,
    0x04, 0x0C, 0x00, 0x10, 0x28, 0x00, 0x41, 0x10, 0x21, 0x08, 0x20, 0x84, 0x20, 0x42, 0x11, 0x00,
    0x88, 0x48, 0x02, 0x21, 0x40, 0x04, 0x86, 0x7F, 0x82, 0x11, 0x02, 0x08, 0x44, 0x08, 0x21, 0x10,
    0x20, 0x84, 0x40, 0x82, 0x11, 0x02, 0x08, 0x44, 0x18, 0x21, 0x11, 0xC0, 0x84, 0x40, 0x00, 0x11,
    0x00, 0x80, 0x44, 0x02, 0x01, 0x10, 0x08, 0x04, 0x40, 0x20, 0x11, 0xFF, 0x07, 0xC0, 0x3E, 0x7C,
    0x04, 0x89, 0x10, 0x12, 0x24, 0x40, 0x48, 0x91, 0x11, 0x22, 0x44, 0x44, 0x89, 0x11, 0x12, 0x24,
    0x44, 0x48, 0x91, 0x11, 0x22, 0x44, 0x44, 0x89, 0x11, 0x1F, 0xFF, 0xE4, 0x48, 0x91, 0x11, 0x22,
    0x44, 0x44, 0x89, 0x11, 0x12, 0x24, 0x44, 0x48, 0x91, 0x11, 0x22, 0x44, 0x05, 0x89, 0x10, 0x14,
    0x2C, 0x40, 0x50, 0xA1, 0x01, 0xC2, 0x84, 0x06, 0x3C, 0x70, 0xF0, 0x00, 0x00, 0x0B, 0xFF, 0x00,
    0x50, 0x08, 0x02, 0x80, 0x40, 0x14, 0x02, 0x20, 0xA0, 0x11, 0x05, 0x00, 0x88, 0x28, 0x04, 0x41,
    0x7F, 0xE2, 0x08, 0x40, 0x10, 0x42, 0x00, 0x82, 0x10, 0x04, 0x10, 0xFE, 0x20, 0x84, 0x11, 0x04,
    0x40, 0x88, 0x22, 0x04, 0x41, 0x10, 0x22, 0x08, 0x81, 0x00, 0x48, 0x08, 0x02, 0x40, 0x40, 0x14,
    0x06, 0x00, 0xC0, 0x20, 0x06, 0x1F, 0x03, 0xE0, 0x00, 0x00, 0x00, 0x07, 0x80, 0x17, 0xA0, 0x00,
    0x40, 0x80, 0x81, 0x02, 0x02, 0x04, 0x08, 0x08, 0x10, 0x20, 0x20, 0x40, 0x80, 0x81, 0x7F, 0xF2,
    0x04, 0x18, 0x08, 0x10, 0x60, 0x20, 0x42, 0xC0, 0x81, 0x0A, 0xC2, 0x04, 0x48, 0x88, 0x12, 0x21,
    0x20, 0x48, 0x80, 0x81, 0x42, 0x00, 0x06, 0x08, 0x00, 0x10, 0x20, 0x00, 0x40, 0x80, 0x01, 0x02,
    0x00, 0x04, 0x08, 0x00, 0x10, 0x20, 0x0F, 0xC0, 0x00, 0x00, 0x0F, 0xFF, 0xC8, 0x42, 0x00, 0x42,
    0x11, 0x02, 0x11, 0x04, 0x10, 0x90, 0x10, 0x84, 0x80, 0x84, 0x2B, 0xFA, 0x21, 0x20, 0x09, 0x08,
    0x10, 0x08, 0x40, 0x80, 0x42, 0x04, 0x02, 0x17, 0xFF, 0x10, 0x81, 0x00, 0x84, 0x08, 0x04, 0x20,
    0x40, 0x21, 0x02, 0x00, 0x08, 0x17, 0x80, 0x47, 0xC0, 0x03, 0xC0, 0x00, 0x10, 0x00, 0x07, 0x80,
    0x01, 0x00, 0x02, 0x02, 0x00, 0x04, 0x44, 0x00, 0x08, 0x88, 0x02, 0x11, 0xFF, 0xC4, 0x24, 0x20,
    0x08, 0x50, 0x40, 0x10, 0xA0, 0x80, 0x21, 0xFF, 0xFE, 0x42, 0x02, 0x00, 0x84, 0x04, 0x01, 0x08,
    0x08, 0x02, 0x13, 0xFF, 0x84, 0x24, 0x21, 0x08, 0x48, 0x42, 0x10, 0x90, 0x84, 0x21, 0x21, 0x08,
    0x02, 0x42, 0x10, 0x04, 0x84, 0x20, 0x09, 0x08, 0x40, 0x12, 0x13, 0x80, 0x20, 0x20, 0x00, 0x40,
    0x40, 0x0F, 0x80, 0x00, 0x00, 0x02, 0x7F, 0xF8, 0x04, 0xC0, 0x12, 0x09, 0x80, 0x24, 0x13, 0x00,
    0x48, 0x26, 0x00, 0x90, 0x4F, 0xFF, 0x20, 0x98, 0x20, 0x41, 0x30, 0x40, 0x82, 0x6F, 0xF9, 0x04,
    0xD1, 0x12, 0x09, 0xA2, 0x24, 0x13, 0x44, 0x48, 0x26, 0x88, 0x90, 0x4D, 0x11, 0x20, 0x9A, 0x22,
    0x01, 0x24, 0x44, 0x02, 0x48, 0x88, 0x04, 0x91, 0x70, 0x0A, 0x02, 0x00, 0x14, 0x04, 0x00, 0x20,
    0x08, 0x07, 0xC0, 0x04, 0x00, 0x08, 0x10, 0x00, 0x40, 0x80, 0x03, 0xFF, 0xF1, 0x10, 0x40, 0x08,
    0x84, 0x00, 0x44, 0x20, 0x02, 0x22, 0x04, 0x11, 0x20, 0x40, 0x8B, 0xFC, 0x04, 0x40, 0x40, 0x22,
    0x02, 0x01, 0x10, 0x61, 0x08, 0x84, 0x10, 0x44, 0x40, 0x82, 0x2C, 0x08, 0x11, 0x00, 0x80, 0x88,
    0x0A, 0x00, 0x40, 0x88, 0x02, 0x18, 0x20, 0x11, 0x00, 0x80, 0xB0, 0x00, 0x04, 0x00, 0x01, 0xE0,
    0x04, 0x00, 0x04, 0x20, 0x80, 0x51, 0x04, 0x02, 0x88, 0x44, 0x12, 0x44, 0x20, 0x92, 0x21, 0x04,
    0x10, 0x08, 0x2F, 0xFC, 0x41, 0x40, 0x22, 0x0A, 0x01, 0x10, 0x50, 0x08, 0x82, 0xFF, 0xC4, 0x14,
    0x02, 0x20, 0xA0, 0x11, 0x05, 0x00, 0x88, 0x2F, 0xFC, 0x41, 0x40, 0x20, 0x0A, 0x01, 0x00, 0x50,
    0x08, 0x02, 0x80, 0x40, 0x14, 0x02, 0x00, 0xA0, 0x10, 0x05, 0x0F, 0x83, 0xE0, 0x04, 0x00, 0x40,
    0x08, 0x02, 0x00, 0x20, 0x08, 0x00, 0x40, 0x40, 0xFF, 0xFF, 0xFC, 0x00, 0x00, 0x00, 0x00, 0x00,
    0x00, 0x00, 0x04, 0x3F, 0xE2, 0x10, 0x80, 0x88, 0x42, 0x02, 0x21, 0x08, 0x08, 0x84, 0x3F, 0xE2,
    0x10, 0x80, 0x88, 0x42, 0x02, 0x21, 0x08, 0x08, 0x84, 0x3F, 0xE2, 0x10, 0x80, 0x88, 0x42, 0x02,
    0x01, 0x08, 0x08, 0x04, 0x20, 0x20, 0x10, 0x80, 0x80, 0x42, 0x3E, 0x0F, 0x00, 0x04, 0x00, 0x40,
    0x04, 0x01, 0x00, 0x04, 0x02, 0x03, 0xFF, 0xFF, 0xF0, 0x00, 0x00, 0x83, 0xFC, 0x21, 0x08, 0x08,
    0x42, 0x10, 0x10, 0x84, 0x1F, 0xE1, 0x08, 0x40, 0x42, 0x10, 0x80, 0x84, 0x20, 0xFF, 0x08, 0x42,
    0x02, 0x00, 0x84, 0x1C, 0x0F, 0x00, 0x00, 0x00, 0x3F, 0xFF, 0xFC, 0x00, 0x20, 0x08, 0x00, 0x80,
    0x10, 0x02, 0x00, 0x20, 0x0C, 0x00, 0x40, 0x60, 0x01, 0x0F, 0x00, 0x02, 0x00, 0x00, 0xFC, 0x00,
    0x04, 0x00, 0x00, 0x10, 0x00, 0x40, 0x80, 0x03, 0xFF, 0xF0, 0x18, 0x00, 0x90, 0xC1, 0x04, 0x85,
    0xFF, 0xC4, 0x20, 0x40, 0x21, 0x02, 0x01, 0x09, 0xFF, 0x08, 0x40, 0x80, 0x42, 0x04, 0x02, 0x1F,
    0xFF, 0x90, 0x81, 0x00, 0x84, 0x08, 0x04, 0x20, 0x40, 0x21, 0x7D, 0xF9, 0x0A, 0x00, 0xC0, 0x50,
    0x06, 0x02, 0x80, 0x30, 0x17, 0xFF, 0x80, 0xA0, 0x0C, 0x05, 0x00, 0x63, 0xE0, 0x00, 0x40, 0x00,
    0x02, 0x00, 0x00, 0x10, 0x00, 0x00, 0x80, 0x00, 0x04, 0x00, 0x00, 0x20, 0x03, 0xFF, 0xFF, 0xC0,
    0x08, 0x02, 0x00, 0x40, 0x10, 0x02, 0x00, 0x80, 0x20, 0x04, 0x01, 0x00, 0x20, 0x08, 0x01, 0x00,
    0x80, 0x08, 0x04, 0x00, 0x40, 0x40, 0x02, 0x02, 0x00, 0x30, 0x20, 0x01, 0x82, 0x00, 0x0C, 0x20,
    0x00, 0x42, 0x00, 0x02, 0x20, 0x00, 0x32, 0x00, 0x3F, 0x00, 0x00, 0x40, 0x00, 0x00, 0x80, 0x00,
    0x01, 0x00, 0x00, 0x02, 0x00, 0x00, 0x04, 0x00, 0x0F, 0xFF, 0xF0, 0x00, 0x10, 0x20, 0x00, 0x20,
    0x40, 0x00, 0x40, 0x80, 0x21, 0x01, 0x20, 0x42, 0x02, 0x21, 0x04, 0x04, 0x42, 0x08, 0x08, 0x84,
    0x20, 0x10, 0x90, 0x40, 0x21, 0x41, 0x00, 0x42, 0x02, 0x00, 0x82, 0x08, 0x01, 0x00, 0x20, 0x02,
    0x00, 0x80, 0x0C, 0x02, 0x00, 0x18, 0x18, 0x00, 0x20, 0x00, 0x1F, 0xC0, 0x00, 0x00, 0x02, 0x00,
    0x00, 0x08, 0x00, 0x00, 0x20, 0x3F, 0xE0, 0x80, 0x08, 0x02, 0x00, 0x20, 0x08, 0x00, 0x87, 0xFF,
    0xC2, 0x00, 0x81, 0x08, 0x02, 0x04, 0x20, 0x08, 0x10, 0x80, 0x20, 0x42, 0x01, 0x01, 0x08, 0x04,
    0x04, 0x20, 0x10, 0x10, 0x84, 0x80, 0x43, 0xE2, 0x01, 0x38, 0x08, 0x0F, 0x00, 0x40, 0x30, 0x02,
    0x00, 0xC0, 0x08, 0x03, 0x00, 0x40, 0x08, 0x06, 0x00, 0x60, 0x00, 0x1F, 0x00, 0x04, 0x00, 0x00,
    0x10, 0x00, 0x00, 0x40, 0x00, 0x01, 0x00, 0xFF, 0x04, 0x02, 0x05, 0xFF, 0x88, 0x10, 0x42, 0x20,
    0x41, 0x08, 0x81, 0x04, 0x22, 0x04, 0x10, 0x88, 0x10, 0x42, 0x20, 0x41, 0x08, 0x81, 0x08, 0x22,
    0x04, 0x20, 0x88, 0x10, 0x82, 0x20, 0x42, 0x08, 0x81, 0x10, 0x22, 0x04, 0x40, 0x88, 0x11, 0x02,
    0x20, 0x48, 0x08, 0x81, 0x20, 0x23, 0xFD, 0x00, 0x88, 0x10, 0x3C, 0x20, 0x40, 0x00, 0x80, 0x00,
    0x02, 0x00, 0x00, 0x10, 0x00, 0x00, 0xFF, 0xF8, 0x04, 0x00, 0x40, 0x28, 0x02, 0x03, 0x10, 0x10,
    0x10, 0x21, 0x80, 0x00, 0x78, 0x00, 0x01, 0xF0, 0x00, 0x78, 0x3C, 0x3E, 0x00, 0x0B, 0x00, 0x20,
    0x00, 0x00, 0x80, 0x03, 0xFF, 0xFE, 0x00, 0x10, 0x08, 0x00, 0x40, 0x20, 0x02, 0x00, 0x80, 0x08,
    0x02, 0x00, 0x40, 0x08, 0x02, 0x00, 0x20, 0x30, 0x01, 0x0F, 0x00, 0x7C, 0x00, 0x00, 0x00, 0x81,
    0xFF, 0x82, 0x00, 0x00, 0x08, 0x00, 0x00, 0x20, 0x00, 0x00, 0x80, 0x00, 0x3F, 0xF0, 0x00, 0x08,
    0x7F, 0xF8, 0x21, 0x10, 0x00, 0x84, 0x40, 0x02, 0x11, 0x00, 0x10, 0x44, 0x20, 0x41, 0x20, 0x81,
    0x04, 0x82, 0x04, 0x12, 0x04, 0x10, 0x50, 0x10, 0x81, 0x43, 0xC2, 0x05, 0xF0, 0x90, 0x10, 0x02,
    0x40, 0x40, 0x02, 0x03, 0x00, 0x08, 0x08, 0x00, 0x43, 0xE0, 0x04, 0x00, 0x00, 0x10, 0x00, 0x00,
    0x80, 0xFF, 0xBF, 0xFA, 0x02, 0x10, 0x4C, 0x10, 0x41, 0x10, 0x42, 0x08, 0x22, 0x08, 0x20, 0x88,
    0x1D, 0x01, 0x40, 0x0C, 0x03, 0x00, 0x48, 0x32, 0x06, 0x13, 0x06, 0xE0, 0x00, 0x00, 0x00, 0x40,
    0x00, 0x02, 0x00, 0x0F, 0xFF, 0xFC, 0x00, 0x20, 0x10, 0x01, 0x00, 0x40, 0x04, 0x01, 0x00, 0x20,
    0x08, 0x03, 0x00, 0x20, 0x30, 0x00, 0x87, 0x00, 0x3E, 0x00, 0x04, 0x00, 0x80, 0x10, 0x02, 0x00,
    0x20, 0x08, 0x00, 0x80, 0x20, 0x7F, 0xF0, 0x80, 0x00, 0x02, 0x00, 0x88, 0xFF, 0xC4, 0x10, 0x21,
    0x10, 0x20, 0x84, 0x80, 0x82, 0x14, 0x01, 0x08, 0x50, 0x20, 0x21, 0x08, 0x81, 0x04, 0x14, 0x04,
    0x10, 0x30, 0x10, 0x40, 0x80, 0x41, 0x03, 0x03, 0x04, 0x12, 0x08, 0x10, 0x84, 0x20, 0x42, 0x11,
    0x01, 0x10, 0x0C, 0x0D, 0x80, 0x20, 0x20, 0x01, 0x0F, 0x80, 0x00, 0x00, 0x80, 0x07, 0xC2, 0x07,
    0xE0, 0x08, 0x00, 0x80, 0x20, 0xFF, 0xF8, 0x80, 0x08, 0x02, 0x00, 0x20, 0xFF, 0xDF, 0xFC, 0x21,
    0x42, 0x10, 0x85, 0x08, 0x42, 0x14, 0x21, 0x08, 0x5F, 0xFC, 0x21, 0x42, 0x11, 0x05, 0x08, 0x44,
    0x17, 0xFF, 0x10, 0x40, 0x80, 0x41, 0x02, 0x02, 0x05, 0xFF, 0xC8, 0x10, 0x20, 0x40, 0x40, 0x81,
    0x01, 0x02, 0x78, 0x0F, 0xF6, 0x40, 0x30, 0x02, 0x0F, 0x80, 0x02, 0x00, 0x00, 0x08, 0x00, 0x00,
    0x20, 0x00, 0x01, 0x00, 0x00, 0x07, 0xFF, 0xFC, 0x20, 0x84, 0x10, 0x84, 0x10, 0x44, 0x10, 0x41,
    0x10, 0x41, 0x04, 0x82, 0x08, 0x14, 0x08, 0x20, 0x60, 0x40, 0x81, 0x01, 0x02, 0x04, 0x08, 0x10,
    0x10, 0x20, 0x40, 0x41, 0x02, 0x01, 0x08, 0x08, 0x04, 0x20, 0x40, 0x11, 0x01, 0x00, 0x48, 0x08,
    0x02, 0x00, 0x40, 0x08, 0x03, 0x00, 0x20, 0x08, 0x1F, 0x00, 0x02, 0x10, 0x00, 0x08, 0x40, 0x00,
    0x41, 0x00, 0x01, 0x04, 0x00, 0x08, 0x10, 0x08, 0x20, 0x40, 0x41, 0x81, 0x02, 0x0A, 0x04, 0x10,
    0x48, 0x10, 0x83, 0x20, 0x44, 0x08, 0x81, 0x20, 0x02, 0x07, 0x00, 0x08, 0x10, 0x00, 0x20, 0xC0,
    0x00, 0x8D, 0x00, 0x02, 0x44, 0x00, 0x08, 0x10, 0x04, 0x20, 0x40, 0x10, 0x81, 0x00, 0x42, 0x04,
    0x01, 0x08, 0x10, 0x0C, 0x20, 0x3F, 0xE0, 0xFF, 0xFF, 0xFF, 0xFF, 0xFF, 0xE0, 0x41, 0x01, 0x02,
    0x08, 0x08, 0x10, 0x40, 0x40, 0x82, 0x02, 0x04, 0x10, 0x10, 0x20, 0x80, 0x81, 0x04, 0x04, 0x10,
    0x20, 0x20, 0x81, 0x01, 0x04, 0x08, 0x28, 0x20, 0x41, 0x42, 0x02, 0x0A, 0x10, 0x10, 0x51, 0x00,
    0xFC, 0x90, 0x00, 0x04, 0x00, 0x00, 0x20, 0x00, 0x01, 0xFF, 0xFF, 0xF0, 0xFF, 0xFF, 0xFC, 0x00,
    0x00, 0x20, 0x00, 0x41, 0x10, 0x02, 0x08, 0x40, 0x20, 0x41, 0x02, 0x02, 0x04, 0x10, 0x10, 0x11,
    0x00, 0x80, 0x50, 0x04, 0x01, 0x00, 0x20, 0x0C, 0x01, 0x00, 0x90, 0x08, 0x08, 0x40, 0x41, 0x81,
    0x02, 0x10, 0x04, 0x11, 0x00, 0x10, 0x90, 0x00, 0x04, 0x00, 0x00, 0x20, 0x00, 0x01, 0xFF, 0xFF,
    0xF0, 0x00, 0x00, 0x00, 0x04, 0x01, 0x00, 0x04, 0x02, 0x00, 0x08, 0x08, 0x00, 0x00, 0x10, 0x03,
    0xFF, 0xFE, 0x04, 0x04, 0x04, 0x08, 0x08, 0x08, 0x10, 0x10, 0x10, 0x3F, 0xFF, 0xE0, 0x40, 0x40,
    0x40, 0x80, 0x80, 0x81, 0x01, 0x01, 0x03, 0xFF, 0xFE, 0x00, 0x04, 0x00, 0x00, 0x08, 0x00, 0x00,
    0x10, 0x01, 0xFF, 0xFF, 0xFC, 0x00, 0x40, 0x00, 0x00, 0x80, 0x00, 0x01, 0x00, 0x00, 0x02, 0x00,
    0x00, 0x04, 0x00, 0x00, 0x00, 0x40, 0x20, 0x20, 0x40, 0x40, 0x20, 0x41, 0x00, 0x20, 0x82, 0x00,
    0x00, 0x08, 0x03, 0xFF, 0xFE, 0x04, 0x04, 0x04, 0x08, 0x08, 0x08, 0x10, 0x10, 0x10, 0x3F, 0xFF,
    0xE0, 0x40, 0x40, 0x40, 0x80, 0x80, 0x81, 0x01, 0x01, 0x03, 0xFF, 0xFE, 0x00, 0x04, 0x00, 0x00,
    0x08, 0x00, 0x00, 0x10, 0x01, 0xFF, 0xFF, 0xFC, 0x00, 0x40, 0x00, 0x00, 0x80, 0x00, 0x01, 0x00,
    0x00, 0x02, 0x00, 0x00, 0x04, 0x00, 0x00, 0x01, 0x00, 0x00, 0x20, 0x00, 0x04, 0x00, 0x00, 0x80,
    0x00, 0x10, 0x00, 0x03, 0xFF, 0xC0, 0x40, 0x00, 0x08, 0x00, 0x01, 0x00, 0x00, 0x20, 0x00, 0x04,
    0x00, 0x00, 0x80, 0x0F, 0xFF, 0xF1, 0x00, 0x02, 0x20, 0x00, 0x44, 0x00, 0x08, 0x80, 0x01, 0x10,
    0x00, 0x22, 0x00, 0x04, 0x40, 0x00, 0x8F, 0xFF, 0xF1, 0x00, 0x02, 0x20, 0x00, 0x40, 0x00, 0x20,
    0x00, 0x00, 0x80, 0x00, 0x02, 0x00, 0x00, 0x08, 0x00, 0x00, 0x3F, 0xE0, 0x00, 0x80, 0x00, 0x02,
    0x00, 0x00, 0x08, 0x00, 0x00, 0x20, 0x03, 0xFF, 0xFF, 0xFF, 0xFF, 0xFF, 0xC0, 0x08, 0x00, 0x00,
    0x20, 0x00, 0x00, 0x80, 0x00, 0x02, 0x80, 0x00, 0x09, 0xC0, 0x00, 0x20, 0xC0, 0x00, 0x80, 0xC0,
    0x02, 0x00, 0x00, 0x08, 0x00, 0x00, 0x20, 0x00, 0x00, 0x80, 0x00, 0x02, 0x00, 0x00, 0x7F, 0xC7,
    0xF4, 0x04, 0x41, 0x40, 0x44, 0x14, 0x04, 0x41, 0x40, 0x44, 0x17, 0xFC, 0x41, 0x40, 0x44, 0x14,
    0x04, 0x41, 0x40, 0x44, 0x14, 0x04, 0x41, 0x7F, 0xC4, 0x14, 0x00, 0x41, 0x40, 0x04, 0x14, 0x20,
    0x41, 0x41, 0x04, 0x14, 0x08, 0x4F, 0x40, 0x84, 0x04, 0x74, 0x40, 0x78, 0x44, 0x0C, 0x02, 0x40,
    0x00, 0x04, 0x00, 0x1F, 0xFF, 0xFF, 0x10, 0x00, 0x00, 0x10, 0x08, 0x00, 0x10, 0x08, 0x00, 0x10,
    0x08, 0x00, 0x10, 0x08, 0x00, 0x10, 0x08, 0x00, 0x13, 0xFF, 0xF8, 0x10, 0x08, 0x08, 0x10, 0x08,
    0x08, 0x10, 0x08, 0x08, 0x10, 0x08, 0x08, 0x30, 0x10, 0x08, 0x30, 0x10, 0x08, 0x30, 0x10, 0x08,
    0x20, 0x20, 0x08, 0x20, 0x20, 0x18, 0x20, 0x40, 0x18, 0x40, 0x80, 0x10, 0x41, 0x00, 0x10, 0x86,
    0x03, 0xF0, 0x3F, 0xFF, 0xFE, 0x40, 0x00, 0x00, 0x80, 0x00, 0x01, 0x00, 0x40, 0x02, 0x00, 0x80,
    0x04, 0x01, 0x00, 0x08, 0x02, 0x00, 0x10, 0x04, 0x00, 0x20, 0x08, 0x00, 0x4F, 0xFF, 0xF0, 0x80,
    0x20, 0x01, 0x00, 0x40, 0x02, 0x00, 0x80, 0x04, 0x01, 0x18, 0x18, 0x02, 0x08, 0x30, 0x04, 0x08,
    0x40, 0x08, 0x00, 0x80, 0x10, 0x01, 0x00, 0x20, 0x04, 0xFF, 0xFF, 0xE8, 0x00, 0x00, 0x00, 0x00,
    0x00, 0x00, 0x1F, 0xFF, 0xFE, 0x20, 0x08, 0x00, 0x40, 0x10, 0x00, 0x80, 0x40, 0x01, 0x3F, 0xFF,
    0x02, 0x40, 0x02, 0x04, 0x80, 0x04, 0x09, 0x00, 0x08, 0x13, 0xFF, 0xF0, 0x24, 0x00, 0x20, 0xC8,
    0x00, 0x41, 0x90, 0x00, 0x83, 0x3F, 0xFF, 0x06, 0x00, 0x80, 0x08, 0x01, 0x10, 0x10, 0x42, 0x10,
    0x21, 0x04, 0x10, 0x84, 0x08, 0x11, 0x10, 0x10, 0x14, 0x00, 0x20, 0x00, 0x07, 0xC0, 0x00, 0x00,
    0x10, 0x00, 0x00, 0x20, 0x00, 0x00, 0x40, 0x00, 0x00, 0x80, 0x03, 0xFF, 0xFF, 0x80, 0x02, 0x00,
    0x00, 0x04, 0x00, 0x00, 0x08, 0x00, 0x00, 0x10, 0x00, 0x00, 0x20, 0x03, 0xFF, 0xFF, 0xFF, 0xFF,
    0xFF, 0xF0, 0x08, 0x00, 0x00, 0x10, 0x00, 0x00, 0x40, 0x40, 0x00, 0x80, 0x40, 0x02, 0x00, 0x40,
    0x08, 0x00, 0x40, 0x20, 0x00, 0x80, 0x80, 0x3F, 0x83, 0xFF, 0x80, 0x80, 0x00, 0x01, 0x00, 0x7F,
    0xFF, 0x00, 0x04, 0x02, 0x00, 0x08, 0x04, 0x00, 0x10, 0x08, 0x00, 0x30, 0x20, 0x00, 0x60, 0x40,
    0x00, 0xC0, 0xFF, 0x01, 0x40, 0x04, 0x02, 0x80, 0x08, 0x0C, 0x80, 0x10, 0x11, 0x00, 0x40, 0x21,
    0x00, 0x80, 0x41, 0x02, 0x01, 0x82, 0x08, 0x02, 0x02, 0x20, 0x0C, 0x02, 0x80, 0x10, 0x02, 0x00,
    0x40, 0x0B, 0x01, 0x80, 0x61, 0x86, 0x07, 0x00, 0xC8, 0x30, 0x00, 0x40, 0x00, 0x00, 0x60, 0x00,
    0xFE, 0x01, 0xFC, 0x00, 0x04, 0x00, 0x00, 0x10, 0x00, 0x00, 0x40, 0x00, 0x01, 0x00, 0x00, 0x04,
    0x00, 0x00, 0x1F, 0xFF, 0xE0, 0x48, 0x00, 0x81, 0x10, 0x04, 0x04, 0x40, 0x10, 0x10, 0x80, 0x80,
    0x42, 0x02, 0x03, 0x04, 0x10, 0x0C, 0x08, 0x80, 0x20, 0x14, 0x00, 0x80, 0x20, 0x02, 0x01, 0x40,
    0x10, 0x10, 0xC0, 0x41, 0x80, 0xC2, 0x18, 0x00, 0xE8, 0x80, 0x00, 0x00, 0x00, 0x00, 0x00, 0x08,
    0x40, 0x80, 0x20, 0x80, 0x80, 0x41, 0x01, 0x00, 0x82, 0x01, 0x02, 0x08, 0x00, 0x07, 0xFF, 0xFF,
    0x00, 0x20, 0x00, 0x00, 0x40, 0x00, 0x01, 0x00, 0x00, 0x03, 0xFF, 0x80, 0x04, 0x01, 0x00, 0x14,
    0x04, 0x00, 0x48, 0x08, 0x00, 0x88, 0x20, 0x02, 0x08, 0x40, 0x08, 0x11, 0x00, 0x20, 0x1C, 0x00,
    0x80, 0x18, 0x02, 0x00, 0xC8, 0x08, 0x06, 0x0C, 0x00, 0x30, 0x07, 0x01, 0x80, 0x00, 0x80, 0x7F,
    0xF0, 0x00, 0x10, 0x5F, 0xFC, 0x10, 0x42, 0x04, 0x10, 0x42, 0x04, 0x10, 0x42, 0x0C, 0x1F, 0xC3,
    0x0C, 0x10, 0x41, 0x08, 0x10, 0x41, 0x08, 0x10, 0x41, 0x18, 0x10, 0x40, 0x90, 0x1F, 0xC0, 0x90,
    0x10, 0x40, 0xB0, 0x10, 0x40, 0x60, 0x10, 0x40, 0x60, 0x10, 0x50, 0x60, 0x13, 0xE0, 0xA0, 0xFC,
    0x40, 0x90, 0x00, 0x41, 0x08, 0x00, 0x42, 0x04, 0x00, 0x44, 0x02, 0x00, 0x48, 0x00, 0x00, 0x01,
    0xE0, 0x3F, 0xF8, 0x03, 0x00, 0x00, 0x04, 0x08, 0x08, 0x08, 0x20, 0x40, 0x20, 0x41, 0x00, 0x00,
    0x08, 0x1F, 0xFF, 0xFF, 0x40, 0x00, 0x05, 0x00, 0x00, 0x14, 0x00, 0x00, 0x50, 0x00, 0x01, 0x1F,
    0xFF, 0xC0, 0x10, 0x01, 0x00, 0x40, 0x08, 0x00, 0x80, 0x40, 0x01, 0x02, 0x00, 0x02, 0x10, 0x00,
    0x07, 0x80, 0x00, 0x1E, 0x00, 0x03, 0x86, 0x00, 0x70, 0x07, 0x06, 0x00, 0x03, 0xC0, 0x00, 0x20,
    0x00, 0x00, 0x20, 0x00, 0x00, 0x40, 0x03, 0xFF, 0xFF, 0xE0, 0x08, 0x40, 0x00, 0x10, 0x80, 0x02,
    0x21, 0x10, 0x04, 0x42, 0x10, 0x10, 0x84, 0x10, 0x61, 0x08, 0x20, 0x82, 0x10, 0x20, 0x04, 0x20,
    0x00, 0x00, 0x00, 0x07, 0xFF, 0xFC, 0x01, 0x00, 0x10, 0x01, 0x00, 0x40, 0x01, 0x01, 0x00, 0x01,
    0x04, 0x00, 0x01, 0xB0, 0x00, 0x01, 0xC0, 0x00, 0x0C, 0x60, 0x00, 0xE0, 0x3C, 0x3E, 0x00, 0x07,
    0x00, 0xFF, 0xFF, 0xE0, 0x00, 0x18, 0x00, 0x06, 0x00, 0x01, 0x80, 0x00, 0x60, 0x00, 0x18, 0x00,
    0x06, 0x00, 0x01, 0x80, 0x00, 0x60, 0x00, 0x18, 0x00, 0x06, 0x00, 0x01, 0x80, 0x00, 0x60, 0x00,
    0x18, 0x00, 0x06, 0x00, 0x01, 0xFF, 0xFF, 0xE0, 0x00, 0x18, 0x00, 0x04, 0xFF, 0xFF, 0xFC, 0x00,
    0x00, 0x80, 0x00, 0x02, 0x00, 0x00, 0x08, 0x00, 0x00, 0x20, 0x7F, 0xE0, 0x81, 0x00, 0x82, 0x04,
    0x02, 0x08, 0x10, 0x08, 0x20, 0x40, 0x20, 0x81, 0x00, 0x82, 0x04, 0x02, 0x08, 0x10, 0x08, 0x20,
    0x7F, 0xE0, 0x81, 0x00, 0x02, 0x04, 0x00, 0x08, 0x00, 0x00, 0x20, 0x00, 0x00, 0x80, 0x00, 0x02,
    0x00, 0x00, 0x08, 0x00, 0x07, 0xE0, 0x00, 0x80, 0x00, 0x10, 0x00, 0x02, 0x00, 0x00, 0x40, 0xC0,
    0x08, 0x02, 0x01, 0x00, 0x10, 0x20, 0x00, 0x84, 0x00, 0x04, 0xFF, 0xFF, 0xE0, 0x00, 0x02, 0x00,
    0x00, 0x10, 0x00, 0x00, 0x3F, 0xFF, 0x82, 0x00, 0x08, 0x20, 0x00, 0x82, 0x00, 0x08, 0x20, 0x00,
    0x82, 0x00, 0x08, 0x20, 0x00, 0x83, 0xFF, 0xF8, 0x20, 0x00, 0x82, 0x00, 0x08, 0x00, 0x10, 0x00,
    0x00, 0x20, 0x00, 0x00, 0x40, 0x00, 0x00, 0x80, 0x03, 0xFF, 0xFF, 0x84, 0x02, 0x01, 0x08, 0x04,
    0x02, 0x10, 0x08, 0x04, 0x20, 0x10, 0x08, 0x40, 0x20, 0x10, 0x80, 0x40, 0x21, 0xFF, 0xFF, 0xC0,
    0x01, 0x00, 0x01, 0x02, 0x00, 0x02, 0x08, 0x00, 0x02, 0x10, 0x00, 0x04, 0x40, 0x00, 0x04, 0x80,
    0x00, 0x06, 0x00, 0x00, 0x12, 0x00, 0x00, 0xC3, 0x00, 0x1E, 0x01, 0xE0, 0x00, 0x00, 0x3F, 0x80,
    0x00, 0x20, 0x00, 0x00, 0x40, 0x00, 0x01, 0x00, 0x00, 0x02, 0x00, 0x00, 0x04, 0x00, 0x0F, 0xFF,
    0xFF, 0xC0, 0x20, 0x00, 0x00, 0x80, 0x00, 0x01, 0x00, 0x00, 0x04, 0x00, 0x00, 0x08, 0x00, 0x00,
    0x20, 0x00, 0x00, 0x7F, 0xFF, 0x01, 0x40, 0x02, 0x04, 0x80, 0x04, 0x11, 0x00, 0x08, 0x42, 0x00,
    0x11, 0x04, 0x00, 0x20, 0x08, 0x00, 0x40, 0x10, 0x00, 0x80, 0x3F, 0xFF, 0x00, 0x40, 0x02, 0x00,
    0x80, 0x04, 0x00, 0x1F, 0xFF, 0xC0, 0x80, 0x02, 0x04, 0x00, 0x10, 0x20, 0x00, 0x81, 0x00, 0x04,
    0x0F, 0xFF, 0xE0, 0x00, 0x00, 0x00, 0x00, 0x00, 0x00, 0x00, 0x07, 0xFF, 0xFF, 0xC1, 0x00, 0x00,
    0x08, 0x00, 0x00, 0x40, 0x00, 0x04, 0x00, 0x00, 0x3F, 0xFF, 0x00, 0x00, 0x08, 0x00, 0x00, 0x40,
    0x00, 0x04, 0x00, 0x00, 0x20, 0x00, 0x01, 0x00, 0x00, 0x10, 0x00, 0x1F, 0x80, 0x00, 0x10, 0x00,
    0x00, 0x10, 0x00, 0x00, 0x28, 0x00, 0x00, 0x44, 0x00, 0x00, 0x82, 0x00, 0x01, 0x01, 0x80, 0x06,
    0x00, 0x40, 0x08, 0x00, 0x30, 0x37, 0xFF, 0xCC, 0xC0, 0x00, 0x02, 0x00, 0x00, 0x00, 0x00, 0x00,
    0x00, 0x00, 0x00, 0x00, 0x0F, 0xFF, 0xF0, 0x08, 0x00, 0x30, 0x08, 0x00, 0x30, 0x08, 0x00, 0x30,
    0x08, 0x00, 0x30, 0x08, 0x00, 0x30, 0x08, 0x00, 0x30, 0x0F, 0xFF, 0xF0, 0x08, 0x00, 0x30, 0x08,
    0x00, 0x30, 0xFF, 0xFF, 0xF8, 0x00, 0x01, 0x80, 0x00, 0x18, 0x00, 0x01, 0x8F, 0xFF, 0x98, 0x00,
    0x01, 0x80, 0x00, 0x18, 0x00, 0x01, 0x83, 0xFE, 0x18, 0x40, 0x21, 0x84, 0x02, 0x18, 0x40, 0x21,
    0x84, 0x02, 0x18, 0x40, 0x21, 0x84, 0x02, 0x18, 0x3F, 0xE1, 0x84, 0x00, 0x18, 0x00, 0x01, 0x80,
    0x00, 0x18, 0x00, 0x01, 0x80, 0x00, 0xF0, 0x00, 0x20, 0x00, 0x04, 0x00, 0x00, 0x40, 0x00, 0x0F,
    0xFE, 0x01, 0x00, 0x20, 0x60, 0x04, 0x08, 0x00, 0x81, 0x10, 0x10, 0x20, 0xC2, 0x00, 0x02, 0x40,
    0x00, 0x18, 0x00, 0x02, 0x00, 0x01, 0xC0, 0x00, 0x7F, 0xFF, 0x3A, 0x00, 0x14, 0x20, 0x01, 0x02,
    0x00, 0x10, 0x20, 0x01, 0x02, 0x00, 0x10, 0x20, 0x01, 0x03, 0xFF, 0xF0, 0x20, 0x01, 0x02, 0x00,
    0x10, 0x00, 0x00, 0x70, 0x00, 0x7F, 0x00, 0x7F, 0x00, 0x00, 0x80, 0x00, 0x01, 0x00, 0x00, 0x02,
    0x00, 0x00, 0x04, 0x00, 0x00, 0x0F, 0xFF, 0xFF, 0x10, 0x00, 0x00, 0x20, 0x00, 0x00, 0x40, 0x00,
    0x00, 0x80, 0x00, 0x03, 0x1F, 0xFF, 0x06, 0x20, 0x02, 0x0C, 0x40, 0x04, 0x18, 0x80, 0x08, 0x21,
    0x00, 0x10, 0x42, 0x00, 0x21, 0x84, 0x00, 0x42, 0x08, 0x00, 0x84, 0x1F, 0xFF, 0x10, 0x20, 0x02,
    0x20, 0x40, 0x04, 0x00, 0x00, 0x00, 0x00, 0x08, 0x00, 0x00, 0x80, 0x00, 0x08, 0x00, 0x01, 0x00,
    0x0F, 0xFF, 0xFF, 0x80, 0x00, 0x18, 0x00, 0x01, 0x80, 0x00, 0x18, 0x7F, 0xE1, 0x84, 0x02, 0x18,
    0x40, 0x21, 0x84, 0x02, 0x18, 0x40, 0x21, 0x84, 0x02, 0x18, 0x40, 0x21, 0x84, 0x02, 0x18, 0x7F,
    0xE1, 0x84, 0x00, 0x18, 0x40, 0x01, 0x80, 0x00, 0x18, 0x00, 0x01, 0x80, 0x03, 0xF0, 0x7F, 0xFF,
    0xFC, 0x00, 0x10, 0x00, 0x00, 0x80, 0x00, 0x0C, 0x00, 0x00, 0x56, 0x00, 0x02, 0x46, 0x00, 0x31,
    0x06, 0x03, 0x04, 0x04, 0x30, 0x10, 0x0D, 0x00, 0x40, 0x00, 0x01, 0x00, 0x00, 0x00, 0x00, 0x0F,
    0xFF, 0xE0, 0x40, 0x00, 0x81, 0x00, 0x02, 0x04, 0x00, 0x08, 0x10, 0x00, 0x20, 0x40, 0x00, 0x80,
    0xFF, 0xFE, 0x04, 0x00, 0x08, 0x10, 0x00, 0x20, 0x00, 0x00, 0x00, 0x01, 0x00, 0x00, 0x08, 0x00,
    0x00, 0x80, 0x1F, 0xFF, 0xF1, 0x00, 0x01, 0x10, 0x00, 0x11, 0x00, 0x01, 0x10, 0x00, 0x11, 0xFF,
    0xFF, 0x10, 0x00, 0x01, 0x00, 0x00, 0x10, 0x00, 0x01, 0x3F, 0xFF, 0x32, 0x00, 0x13, 0x20, 0x01,
    0x32, 0x00, 0x12, 0x20, 0x01, 0x22, 0x00, 0x16, 0x20, 0x01, 0x43, 0xFF, 0xFC, 0x20, 0x01, 0x82,
    0x00, 0x10, 0x00, 0x10, 0x00, 0x10, 0x40, 0x00, 0x41, 0x00, 0x02, 0x04, 0x00, 0x0F, 0xFF, 0xF0,
    0x40, 0x40, 0x02, 0x01, 0x00, 0x08, 0x04, 0x00, 0x40, 0x10, 0x00, 0x00, 0x40, 0x0F, 0xFF, 0xFF,
    0xC0, 0x00, 0x00, 0x00, 0x00, 0x00, 0x00, 0x00, 0x01, 0xFF, 0xFE, 0x06, 0x00, 0x08, 0x18, 0x00,
    0x20, 0x60, 0x00, 0x81, 0x80, 0x02, 0x06, 0x00, 0x08, 0x18, 0x00, 0x20, 0x7F, 0xFF, 0x81, 0x80,
    0x02, 0x00, 0x00, 0x10, 0x00, 0x00, 0x10, 0x00, 0x00, 0x28, 0x00, 0x00, 0x44, 0x00, 0x00, 0x83,
    0x00, 0x03, 0x00, 0x80, 0x04, 0x00, 0x60, 0x19, 0xFF, 0x18, 0x60, 0x00, 0x07, 0x00, 0x00, 0x00,
    0x1F, 0xC7, 0xF8, 0x10, 0x44, 0x08, 0x10, 0x44, 0x08, 0x10, 0x44, 0x08, 0x10, 0x44, 0x08, 0x10,
    0x44, 0x08, 0x10, 0x44, 0x08, 0x10, 0x44, 0x08, 0x1F, 0x84, 0xF8, 0x10, 0x04, 0x00, 0x10, 0x04,
    0x00, 0x00, 0x04, 0x00, 0x00, 0x04, 0x00, 0x00, 0x70, 0x00, 0x3E, 0x00, 0x07, 0x20, 0x7F, 0xC0,
    0x81, 0x01, 0x02, 0x04, 0x04, 0x08, 0x10, 0x10, 0x20, 0x40, 0x5F, 0xFD, 0x01, 0x02, 0x04, 0x04,
    0x18, 0x10, 0x10, 0x70, 0x40, 0x42, 0xA1, 0x01, 0x0A, 0x44, 0x04, 0x48, 0x90, 0x11, 0x21, 0x40,
    0x48, 0x81, 0x01, 0x42, 0x04, 0x07, 0x08, 0x10, 0x18, 0x20, 0x40, 0x40, 0x81, 0xFF, 0x02, 0x04,
    0x04, 0x08, 0x10, 0x10, 0x20, 0x00, 0x00, 0x00, 0x06, 0x00, 0x00, 0x18, 0x0F, 0xC0, 0x90, 0x21,
    0x02, 0x40, 0x84, 0x10, 0x82, 0x10, 0x81, 0x08, 0x44, 0x02, 0x21, 0x2F, 0xF4, 0x85, 0x00, 0x0A,
    0x10, 0x00, 0x08, 0x40, 0x00, 0x21, 0x00, 0x00, 0x84, 0x7F, 0xE2, 0x11, 0x00, 0x8F, 0xC4, 0x02,
    0x20, 0x10, 0x08, 0x80, 0x40, 0x22, 0x01, 0x00, 0x80, 0x04, 0x02, 0x00, 0x1F, 0xF8, 0x00, 0x40,
    0x20, 0x01, 0x00, 0x80, 0x00, 0x00, 0x00, 0x00, 0x80, 0x00, 0x02, 0x00, 0x3F, 0xFF, 0xFF, 0x04,
    0x00, 0x00, 0x08, 0x04, 0x00, 0x20, 0x20, 0x00, 0x01, 0x00, 0x3F, 0xFF, 0xF1, 0x00, 0x00, 0x44,
    0x10, 0x41, 0x10, 0x80, 0x84, 0x44, 0x01, 0x91, 0x20, 0x01, 0x44, 0x3F, 0xE1, 0x10, 0x80, 0x84,
    0x42, 0x02, 0x11, 0x08, 0x08, 0x44, 0x20, 0x21, 0x10, 0xFF, 0x84, 0x42, 0x00, 0x11, 0x00, 0x00,
    0x44, 0x00, 0x1F, 0x00, 0x3F, 0x87, 0xF0, 0x82, 0x20, 0x42, 0x08, 0x81, 0x08, 0x22, 0x04, 0x20,
    0x88, 0x10, 0x82, 0x20, 0x43, 0xF8, 0x7F, 0x00, 0x08, 0x00, 0x00, 0x41, 0x80, 0x02, 0x01, 0x0F,
    0xFF, 0xFF, 0xC0, 0x80, 0x80, 0x04, 0x01, 0x80, 0x20, 0x01, 0x83, 0xF8, 0x7F, 0xF8, 0x22, 0x04,
    0x20, 0x88, 0x10, 0x82, 0x20, 0x42, 0x08, 0x81, 0x08, 0x22, 0x04, 0x3F, 0x87, 0xF0, 0x82, 0x20,
    0x40, 0xFF, 0xFF, 0xFF, 0xFF, 0xFF, 0x81, 0x08, 0x18, 0x10, 0x81, 0x81, 0x08, 0x18, 0x10, 0x81,
    0x81, 0x08, 0x18, 0x10, 0x81, 0x82, 0x08, 0x18, 0x20, 0x81, 0x82, 0x08, 0x18, 0x40, 0xFD, 0x88,
    0x00, 0x1B, 0x00, 0x01, 0x80, 0x00, 0x18, 0x00, 0x01, 0x80, 0x00, 0x1F, 0xFF, 0xFF, 0x80, 0x00,
    0x18, 0x00, 0x01, 0xFF, 0xFF, 0xF8, 0x00, 0x01, 0x80, 0x00, 0x18, 0x00, 0x01, 0x80, 0x00, 0x18,
    0x00, 0x01, 0x87, 0xFE, 0x18, 0x40, 0x21, 0x84, 0x02, 0x18, 0x40, 0x21, 0x84, 0x02, 0x18, 0x40,
    0x21, 0x84, 0x02, 0x18, 0x40, 0x21, 0x87, 0xFE, 0x18, 0x00, 0x01, 0x80, 0x00, 0x18, 0x00, 0x01,
    0x80, 0x00, 0x1F, 0xFF, 0xFF, 0x80, 0x00, 0x18, 0x00, 0x01, 0xFF, 0xFF, 0xF8, 0x00, 0x01, 0x80,
    0x20, 0x18, 0x02, 0x01, 0x80, 0x20, 0x18, 0x02, 0x01, 0x80, 0x20, 0x19, 0xFF, 0xFD, 0x80, 0x20,
    0x18, 0x02, 0x01, 0x80, 0x50, 0x18, 0x04, 0x81, 0x80, 0x84, 0x18, 0x08, 0x21, 0x81, 0x02, 0x18,
    0x20, 0x11, 0x84, 0x00, 0x99, 0x80, 0x05, 0x80, 0x00, 0x1F, 0xFF, 0xFF, 0x80, 0x00, 0x18, 0x00,
    0x01, 0xFF, 0xFF, 0xF8, 0x00, 0x01, 0x81, 0x04, 0x18, 0x10, 0x41, 0x81, 0x04, 0x18, 0x10, 0x41,
    0x9F, 0xFF, 0xD8, 0x10, 0x41, 0x81, 0x04, 0x18, 0x10, 0x41, 0x81, 0x04, 0x18, 0x10, 0x41, 0x9F,
    0xFF, 0xD8, 0x10, 0x41, 0x82, 0x04, 0x18, 0x20, 0x41, 0x84, 0x04, 0x18, 0x80, 0x41, 0x90, 0x04,
    0x18, 0x00, 0x01, 0xFF, 0xFF, 0xF8, 0x00, 0x01, 0xFF, 0xFF, 0xF8, 0x02, 0x01, 0x80, 0x20, 0x18,
    0x02, 0x01, 0x9F, 0xFF, 0xD8, 0x02, 0x01, 0x80, 0x20, 0x18, 0x02, 0x01, 0x8F, 0xFF, 0x98, 0x02,
    0x01, 0x80, 0x20, 0x18, 0x02, 0x01, 0x9F, 0xFF, 0xD8, 0x02, 0x05, 0x80, 0x20, 0x58, 0x02, 0x09,
    0x80, 0x27, 0x98, 0x02, 0x01, 0x80, 0x20, 0x1F, 0xFF, 0xFF, 0x80, 0x00, 0x18, 0x00, 0x01, 0xFF,
    0xFF, 0xF8, 0x00, 0x01, 0x80, 0x00, 0x18, 0x04, 0x01, 0x80, 0x40, 0x18, 0x04, 0x01, 0xBF, 0xFF,
    0x98, 0x04, 0x01, 0x80, 0x40, 0x18, 0x04, 0x01, 0x87, 0xFE, 0x18, 0x40, 0x21, 0x84, 0x02, 0x18,
    0x40, 0x21, 0x84, 0x02, 0x18, 0x40, 0x21, 0x87, 0xFE, 0x18, 0x00, 0x01, 0x80, 0x00, 0x18, 0x00,
    0x01, 0xFF, 0xFF, 0xF8, 0x00, 0x01, 0xFF, 0xFF, 0xF8, 0x00, 0x01, 0x80, 0x80, 0x18, 0x10, 0x01,
    0x83, 0xFE, 0x18, 0x60, 0x21, 0x8A, 0x04, 0x19, 0x19, 0x81, 0x80, 0x60, 0x18, 0x0F, 0x01, 0x83,
    0x0C, 0x1B, 0xC0, 0x39, 0x80, 0x80, 0x18, 0x07, 0x01, 0x80, 0x08, 0x18, 0x00, 0x01, 0x87, 0xE0,
    0x18, 0x01, 0xE1, 0x80, 0x00, 0x18, 0x00, 0x01, 0xFF, 0xFF, 0xF8, 0x00, 0x01, 0x00, 0x40, 0x00,
    0x01, 0x00, 0x00, 0x08, 0x00, 0x00, 0x20, 0x00, 0xFF, 0xFF, 0xFC, 0x04, 0x00, 0x00, 0x10, 0x20,
    0x00, 0x80, 0x80, 0x06, 0x02, 0x00, 0x10, 0x08, 0x00, 0x80, 0x20, 0x06, 0x00, 0x80, 0x38, 0xFF,
    0xF9, 0xA0, 0x08, 0x08, 0x80, 0x20, 0x02, 0x00, 0x80, 0x08, 0x02, 0x00, 0x20, 0x08, 0x00, 0x80,
    0x20, 0x02, 0x00, 0x80, 0x08, 0x02, 0x00, 0x27, 0xFF, 0xF0, 0x9F, 0xFF, 0xC0, 0x08, 0x00, 0x80,
    0x10, 0x01, 0x00, 0x20, 0x82, 0x00, 0x41, 0x04, 0x00, 0x82, 0x08, 0x41, 0x04, 0x11, 0xBF, 0xC8,
    0x3D, 0x04, 0x10, 0xC2, 0x08, 0x26, 0x84, 0x10, 0x71, 0x08, 0x23, 0x82, 0x10, 0x41, 0x04, 0x20,
    0x82, 0x08, 0x41, 0x04, 0x10, 0x82, 0x48, 0x21, 0x07, 0x10, 0x5C, 0x30, 0x20, 0x81, 0x80, 0x40,
    0x04, 0x00, 0x80, 0x08, 0x01, 0x00, 0x10, 0x02, 0x00, 0x20, 0x04, 0x00, 0x40, 0x07, 0xFF, 0x00,
    0x08, 0x00, 0x80, 0x10, 0x01, 0x00, 0x20, 0x02, 0x00, 0x40, 0x04, 0x00, 0x80, 0x08, 0x01, 0x04,
    0x10, 0x3F, 0xE8, 0x20, 0x04, 0x10, 0x40, 0x08, 0x20, 0x80, 0x10, 0x41, 0xFC, 0x20, 0x82, 0x00,
    0x41, 0x04, 0x00, 0x82, 0x08, 0x01, 0x04, 0x10, 0x02, 0x68, 0x20, 0x07, 0x10, 0x40, 0x30, 0x20,
    0x81, 0x80, 0x41, 0x00, 0x00, 0x82, 0x00, 0x01, 0x04, 0x00, 0x02, 0x08, 0x00, 0x7F, 0xFF, 0xC0,
    0x08, 0x00, 0x00, 0x10, 0x00, 0x00, 0x23, 0xFF, 0xF8, 0x40, 0x04, 0x00, 0x80, 0x10, 0x01, 0x00,
    0x20, 0x1F, 0xC0, 0x80, 0x04, 0x03, 0x00, 0x08, 0x0A, 0x40, 0x10, 0x24, 0x60, 0x20, 0x88, 0x20,
    0x42, 0x10, 0x20, 0x98, 0x20, 0x21, 0x00, 0x40, 0x02, 0x20, 0x80, 0x05, 0x81, 0x00, 0x1C, 0x02,
    0x00, 0xC0, 0x04, 0x00, 0x00, 0x08, 0x00, 0x00, 0x10, 0x00, 0x00, 0x20, 0x00, 0x00, 0x40, 0x00,
    0x00, 0x80, 0x00, 0x08, 0x00, 0x00, 0x10, 0xFF, 0xF8, 0x21, 0xFF, 0xF0, 0x42, 0x08, 0x20, 0x84,
    0x10, 0x41, 0x08, 0x20, 0x9F, 0xDF, 0xFF, 0x04, 0x20, 0x82, 0x08, 0x41, 0x04, 0x10, 0x82, 0x08,
    0x21, 0x04, 0x10, 0x43, 0xFF, 0xE0, 0x80, 0x10, 0x01, 0x00, 0x20, 0x02, 0x00, 0x40, 0x07, 0x80,
    0x80, 0x18, 0x7F, 0xFC, 0xC0, 0x02, 0x00, 0x00, 0x04, 0x00, 0x00, 0x08, 0x00, 0x00, 0x10, 0x00,
    0x3F, 0xFF, 0xC0, 0x04, 0x00, 0x00, 0x08, 0x1F, 0xF8, 0x10, 0x20, 0x33, 0xFE, 0x40, 0x60, 0x40,
    0x80, 0xC0, 0x81, 0x01, 0x81, 0x02, 0x03, 0x7F, 0xF4, 0x7C, 0x00, 0x08, 0x00, 0x41, 0x10, 0x00,
    0x44, 0x3F, 0xF0, 0x98, 0x50, 0x2F, 0xFC, 0xA0, 0x80, 0x81, 0x21, 0x01, 0x02, 0x42, 0x02, 0x04,
    0x48, 0xFF, 0xE8, 0x90, 0x08, 0x10, 0xC0, 0x10, 0x21, 0x80, 0x20, 0x43, 0x00, 0x40, 0x89, 0x00,
    0x81, 0x21, 0x81, 0x03, 0x80, 0x80, 0x00, 0x10, 0x00, 0x00, 0x40, 0x07, 0xFF, 0xFF, 0xC0, 0x04,
    0x00, 0x00, 0x10, 0x00, 0x00, 0x40, 0x03, 0xFF, 0xFF, 0x80, 0x00, 0x00, 0x00, 0x00, 0x00, 0x00,
    0x00, 0x01, 0xFF, 0xFF, 0x04, 0x04, 0x04, 0x10, 0x10, 0x10, 0x40, 0x40, 0x41, 0x01, 0x01, 0x07,
    0xFF, 0xFC, 0x30, 0x00, 0x10, 0xC0, 0x00, 0x42, 0x00, 0x00, 0x08, 0x00, 0x00, 0x40, 0x00, 0x01,
    0x00, 0x00, 0x08, 0x00, 0x00, 0x00, 0x04, 0x01, 0x00, 0x08, 0x02, 0x00, 0x10, 0x04, 0x00, 0x20,
    0x08, 0x00, 0xFE, 0x10, 0x01, 0x04, 0x20, 0x02, 0x08, 0x60, 0x08, 0x10, 0xA0, 0x18, 0x21, 0x20,
    0x50, 0x82, 0x40, 0xA1, 0x04, 0x42, 0x42, 0x08, 0x40, 0x48, 0x10, 0x40, 0x90, 0x20, 0x00, 0xC0,
    0x40, 0x01, 0x80, 0x80, 0x03, 0x01, 0x00, 0x09, 0x02, 0x00, 0x11, 0x00, 0x00, 0x41, 0x80, 0x03,
    0x00, 0xE0, 0x08, 0x00, 0x3F, 0xC0, 0x00, 0x80, 0x00, 0x02, 0x00, 0x00, 0x07, 0xFF, 0x80, 0x10,
    0x02, 0x00, 0xD0, 0x08, 0x02, 0x10, 0x60, 0x18, 0x11, 0x00, 0x00, 0x1C, 0x00, 0x00, 0x6C, 0x00,
    0x07, 0x07, 0x00, 0x70, 0x01, 0xE7, 0x7F, 0xFF, 0x30, 0xFF, 0xFE, 0x01, 0x02, 0x04, 0x02, 0x04,
    0x08, 0x04, 0x08, 0x10, 0x0F, 0xFF, 0xE0, 0x10, 0x20, 0x40, 0x20, 0x40, 0x80, 0x40, 0x81, 0x00,
    0x81, 0x02, 0x01, 0xFF, 0xFC, 0x02, 0x00, 0x08, 0x00, 0x00, 0x20, 0x00, 0x00, 0x80, 0x00, 0x01,
    0x00, 0x3F, 0xFF, 0xFF, 0x00, 0x84, 0x00, 0x02, 0x10, 0x00, 0x48, 0x48, 0x02, 0x21, 0x10, 0x10,
    0x84, 0x20, 0x42, 0x10, 0x42, 0x08, 0x40, 0x90, 0x21, 0x00, 0x00, 0x80, 0x00, 0x07, 0xFF, 0x00,
    0x20, 0x08, 0x01, 0x80, 0x40, 0x19, 0x02, 0x00, 0x83, 0x10, 0x04, 0x03, 0x80, 0x00, 0x1E, 0x00,
    0x03, 0x86, 0x00, 0xF0, 0x07, 0x8C, 0x00, 0x01, 0xC0, 0x00, 0x00, 0x00, 0x02, 0x00, 0x00, 0x04,
    0x00, 0x00, 0x07, 0xFF, 0xFC, 0x08, 0x00, 0x00, 0x10, 0x00, 0x00, 0x67, 0xFF, 0xF0, 0x44, 0x00,
    0x10, 0x04, 0x00, 0x10, 0x07, 0xFF, 0xF0, 0x04, 0x00, 0x10, 0x04, 0x00, 0x10, 0x07, 0xFF, 0xF0,
    0x00, 0x80, 0x00, 0x01, 0x00, 0x00, 0x03, 0xFF, 0xE0, 0x06, 0x00, 0x60, 0x09, 0x00, 0x80, 0x30,
    0xC3, 0x00, 0x00, 0x3C, 0x00, 0x00, 0x3C, 0x00, 0x03, 0xC3, 0xC0, 0xFC, 0x00, 0x2E, 0x04, 0x01,
    0x00, 0x08, 0x02, 0x00, 0x10, 0x04, 0x00, 0x3F, 0x88, 0x00, 0x82, 0x10, 0x01, 0x04, 0x20, 0x04,
    0x08, 0x40, 0x08, 0x10, 0xC0, 0x20, 0x41, 0x40, 0x70, 0x82, 0x61, 0x11, 0x04, 0x20, 0x14, 0x08,
    0x20, 0x18, 0x10, 0x20, 0x20, 0x20, 0x00, 0x40, 0x40, 0x01, 0x00, 0x80, 0x04, 0x01, 0x00, 0x08,
    0x02, 0x00, 0x20, 0x04, 0x01, 0x80, 0x08, 0x04, 0x00, 0x10, 0x00, 0x00, 0x20, 0x00, 0x00, 0x40,
    0x00, 0x03, 0x00, 0x00, 0x1F, 0xFC, 0x00, 0x80, 0x20, 0x04, 0x01, 0x00, 0x60, 0x08, 0x06, 0x30,
    0x40, 0x00, 0x22, 0x00, 0x00, 0x70, 0x00, 0x01, 0x08, 0x00, 0x18, 0x40, 0x01, 0x83, 0xFF, 0x78,
    0x30, 0x08, 0x01, 0x00, 0x60, 0x18, 0x01, 0x00, 0x88, 0x08, 0x0C, 0x18, 0x40, 0x00, 0x16, 0x00,
    0x00, 0x60, 0x00, 0x06, 0x00, 0x00, 0x60, 0x00, 0x1E, 0x00, 0x07, 0x80, 0x00, 0x00, 0x00, 0x10,
    0x00, 0x00, 0x10, 0x00, 0x00, 0x08, 0x00, 0x7F, 0xFF, 0xFE, 0x01, 0x02, 0x00, 0x02, 0x04, 0x00,
    0x02, 0x04, 0x00, 0x04, 0x0F, 0xFC, 0x04, 0x08, 0x04, 0x08, 0x10, 0x08, 0x18, 0x22, 0x08, 0x18,
    0x31, 0x10, 0x28, 0x50, 0x90, 0x48, 0x88, 0x20, 0x08, 0x08, 0x20, 0x08, 0x04, 0x40, 0x08, 0x02,
    0x80, 0x08, 0x01, 0x00, 0x08, 0x06, 0x80, 0x08, 0x08, 0x60, 0x08, 0x30, 0x10, 0x09, 0xC0, 0x0C,
    0x08, 0x00, 0x02, 0x00, 0x00, 0x00, 0x00, 0x80, 0x00, 0x02, 0x00, 0x00, 0x08, 0x00, 0x00, 0x20,
    0x00, 0x00, 0x80, 0x00, 0x02, 0x00, 0x00, 0x08, 0x00, 0xFF, 0xFF, 0xFC, 0x00, 0xC0, 0x00, 0x07,
    0x00, 0x00, 0x14, 0x00, 0x00, 0x48, 0x00, 0x01, 0x20, 0x00, 0x08, 0x40, 0x00, 0x21, 0x00, 0x01,
    0x02, 0x00, 0x08, 0x04, 0x00, 0x40, 0x08, 0x03, 0x00, 0x10, 0x18, 0x00, 0x20, 0x80, 0x00, 0x6C,
    0x00, 0x00, 0x00, 0x3F, 0xFF, 0xF8, 0x00, 0x20, 0x00, 0x00, 0x40, 0x00, 0x00, 0x80, 0x00, 0x01,
    0x00, 0x00, 0x02, 0x00, 0x00, 0x04, 0x00, 0x00, 0x08, 0x00, 0x7F, 0xFF, 0xFE, 0x00, 0x60, 0x00,
    0x00, 0xA0, 0x00, 0x02, 0x40, 0x00, 0x04, 0x40, 0x00, 0x10, 0x80, 0x00, 0x20, 0x80, 0x00, 0x80,
    0x80, 0x06, 0x00, 0x80, 0x10, 0x00, 0x80, 0xC0, 0x00, 0x86, 0x00, 0x00, 0xC0, 0x00, 0x00, 0x60,
    0x00, 0x10, 0x00, 0x00, 0x20, 0x00, 0x00, 0x40, 0x00, 0x00, 0x80, 0x01, 0xFF, 0xFF, 0x02, 0x02,
    0x02, 0x04, 0x04, 0x04, 0x08, 0x08, 0x08, 0x10, 0x10, 0x10, 0x20, 0x20, 0x20, 0x40, 0x40, 0x40,
    0x80, 0x80, 0x8F, 0xFF, 0xFF, 0xE0, 0x05, 0x00, 0x00, 0x0A, 0x00, 0x00, 0x12, 0x00, 0x00, 0x44,
    0x00, 0x01, 0x04, 0x00, 0x06, 0x04, 0x00, 0x10, 0x04, 0x00, 0x40, 0x04, 0x03, 0x00, 0x06, 0x38,
    0x00, 0x03, 0x80, 0x00, 0x10, 0x00, 0x08, 0x20, 0x00, 0x10, 0x40, 0x00, 0x40, 0x80, 0x00, 0x81,
    0x00, 0x01, 0xFF, 0xFF, 0x04, 0x04, 0x00, 0x10, 0x08, 0x00, 0x20, 0x10, 0x00, 0x80, 0x20, 0x00,
    0x00, 0x80, 0x00, 0x01, 0x00, 0x0F, 0xFF, 0xFF, 0xC0, 0x06, 0x00, 0x00, 0x0A, 0x00, 0x00, 0x24,
    0x00, 0x00, 0x44, 0x00, 0x01, 0x04, 0x00, 0x04, 0x08, 0x00, 0x10, 0x0C, 0x00, 0xC0, 0x04, 0x02,
    0x00, 0x06, 0x38, 0x00, 0x03, 0x80, 0x00, 0x10, 0x00, 0x00, 0x20, 0x00, 0x00, 0x40, 0x00, 0x00,
    0x80, 0x07, 0xFF, 0xFF, 0xC0, 0x02, 0x00, 0x02, 0x04, 0x08, 0x04, 0x08, 0x20, 0x04, 0x10, 0x80,
    0x04, 0x21, 0x00, 0x08, 0x44, 0x00, 0x01, 0x00, 0x07, 0xFF, 0xFF, 0xE0, 0x05, 0x00, 0x00, 0x0A,
    0x00, 0x00, 0x22, 0x00, 0x00, 0x42, 0x00, 0x01, 0x04, 0x00, 0x04, 0x06, 0x00, 0x10, 0x02, 0x00,
    0xC0, 0x03, 0x06, 0x00, 0x01, 0x90, 0x00, 0x00, 0x80, 0x08, 0x00, 0x00, 0x40, 0x00, 0x02, 0x00,
    0x00, 0x10, 0x1F, 0xF1, 0x00, 0x80, 0xFF, 0xE4, 0x04, 0x41, 0x20, 0x22, 0x09, 0x01, 0x20, 0x88,
    0x09, 0x04, 0x40, 0x48, 0x22, 0x02, 0x41, 0x10, 0x14, 0x08, 0x80, 0xB0, 0x84, 0x04, 0x64, 0x20,
    0x20, 0xC1, 0x01, 0x02, 0x08, 0x08, 0x18, 0x40, 0x41, 0x32, 0x02, 0x10, 0x9F, 0xF1, 0x00, 0x80,
    0x90, 0x04, 0x07, 0x00, 0x20, 0x00, 0x00, 0x00, 0x08, 0x00, 0x80, 0x08, 0x01, 0x00, 0x08, 0x01,
    0x00, 0x08, 0x02, 0x00, 0x10, 0x02, 0x10, 0xFF, 0x84, 0x08, 0x10, 0x88, 0x08, 0x11, 0x08, 0x04,
    0x21, 0x10, 0x04, 0x21, 0x1F, 0xFE, 0x21, 0x00, 0x01, 0x21, 0x00, 0x00, 0x41, 0x00, 0x00, 0x42,
    0x0F, 0xFC, 0x32, 0x08, 0x04, 0x0A, 0x08, 0x04, 0x06, 0x08, 0x04, 0x05, 0x08, 0x04, 0x08, 0x88,
    0x04, 0x08, 0x48, 0x04, 0x10, 0x08, 0x04, 0x20, 0x0F, 0xFC, 0x40, 0x08, 0x04, 0x00, 0x00, 0x00,
    0x02, 0x00, 0x00, 0x08, 0x01, 0xFF, 0xFF, 0xF8, 0x00, 0x00, 0xC0, 0x00, 0x06, 0x00, 0x00, 0x33,
    0xFF, 0xE1, 0x00, 0x01, 0x00, 0x00, 0x10, 0x00, 0x03, 0x00, 0x00, 0x20, 0x00, 0x06, 0x00, 0x00,
    0x20, 0x03, 0xFF, 0xFF, 0xE0, 0x08, 0x00, 0x00, 0x40, 0x00, 0x02, 0x00, 0x00, 0x10, 0x00, 0x00,
    0x80, 0x00, 0x04, 0x00, 0x00, 0x20, 0x00, 0x1F, 0x00, 0x00, 0x00, 0x40, 0x00, 0x01, 0x00, 0x00,
    0x02, 0x00, 0x07, 0xFF, 0xFF, 0xE0, 0x10, 0x00, 0x00, 0x20, 0x00, 0x00, 0x80, 0x00, 0x01, 0x00,
    0x00, 0x04, 0x7F, 0xF8, 0x08, 0x00, 0x40, 0x20, 0x01, 0x00, 0xC0, 0x0C, 0x02, 0x80, 0x20, 0x09,
    0x00, 0x40, 0x22, 0x7F, 0xFF, 0x84, 0x01, 0x00, 0x08, 0x02, 0x00, 0x10, 0x04, 0x00, 0x20, 0x08,
    0x00, 0x40, 0x10, 0x00, 0x80, 0x20, 0x01, 0x00, 0x40, 0x02, 0x0F, 0x80, 0x00, 0x00, 0x00, 0x00,
    0x81, 0x00, 0x81, 0x04, 0x04, 0x04, 0x08, 0x20, 0x08, 0x21, 0x03, 0xFF, 0xFF, 0xE8, 0x00, 0x00,
    0xA0, 0x00, 0x02, 0x80, 0x00, 0x0A, 0x7F, 0xFE, 0x20, 0x00, 0x30, 0x00, 0x01, 0x00, 0x00, 0x18,
    0x00, 0x01, 0x80, 0x00, 0x04, 0x00, 0x3F, 0xFF, 0xFF, 0x00, 0x40, 0x00, 0x01, 0x00, 0x00, 0x04,
    0x00, 0x00, 0x10, 0x00, 0x00, 0x40, 0x00, 0x01, 0x00, 0x00, 0x04, 0x00, 0x01, 0xF0, 0x00, 0x00,
    0x40, 0x00, 0x01, 0x00, 0x00, 0x08, 0x00, 0x00, 0x20, 0x0F, 0xFF, 0xFF, 0xC0, 0x00, 0x06, 0x00,
    0x00, 0x30, 0x00, 0x01, 0x88, 0x00, 0x08, 0x40, 0x00, 0x02, 0x00, 0x20, 0x10, 0x0E, 0x00, 0x81,
    0x80, 0x04, 0x70, 0x00, 0x3C, 0x00, 0x01, 0x00, 0x00, 0x08, 0x00, 0x00, 0x40, 0x00, 0x02, 0x00,
    0x04, 0x10, 0x00, 0x20, 0x80, 0x01, 0x04, 0x00, 0x18, 0x1F, 0xFF, 0x80, 0x00, 0x40, 0x00, 0x01,
    0x00, 0x00, 0x08, 0x01, 0xFF, 0xFF, 0xF8, 0x00, 0x00, 0xC0, 0x00, 0x06, 0x00, 0x00, 0x30, 0x00,
    0x01, 0x1F, 0xFF, 0xC0, 0x01, 0x00, 0x00, 0x08, 0x00, 0x00, 0x40, 0x00, 0x02, 0x00, 0x7F, 0xFF,
    0xFC, 0x00, 0x80, 0x00, 0x04, 0x00, 0x00, 0x20, 0x00, 0x01, 0x00, 0x00, 0x08, 0x00, 0x00, 0x40,
    0x00, 0x02, 0x00, 0x00, 0x10, 0x00, 0x0F, 0x80, 0x00, 0x00, 0x00, 0x00, 0x00, 0x80, 0x00, 0x02,
    0x00, 0x3F, 0xFF, 0xFE, 0x80, 0x00, 0x0A, 0x00, 0x00, 0x28, 0x00, 0x20, 0xA0, 0x00, 0x82, 0x00,
    0x02, 0x00, 0x00, 0x08, 0x0F, 0xFF, 0xFF, 0xC0, 0x00, 0x80, 0x00, 0x02, 0x00, 0x40, 0x08, 0x00,
    0x80, 0x20, 0x01, 0x00, 0x80, 0x02, 0x02, 0x00, 0x08, 0x08, 0x00, 0x10, 0x20, 0x00, 0x00, 0x80,
    0x00, 0x02, 0x00, 0x00, 0x08, 0x00, 0x07, 0xE0, 0x00, 0x00, 0x40, 0x00, 0x02, 0x00, 0x00, 0x08,
    0x00, 0xFF, 0xFF, 0xE8, 0x00, 0x01, 0x40, 0x00, 0x0A, 0x02, 0x00, 0x40, 0x10, 0x02, 0x01, 0x00,
    0x00, 0x08, 0x00, 0x3F, 0xFF, 0xFE, 0x04, 0x02, 0x00, 0x40, 0x20, 0x04, 0x01, 0x00, 0x20, 0x10,
    0x03, 0x81, 0x80, 0x03, 0x88, 0x00, 0x03, 0x80, 0x00, 0x1B, 0x00, 0x01, 0x06, 0x00, 0x30, 0x0C,
    0x0E, 0x00, 0x19, 0x80, 0x00, 0x00, 0x00, 0x20, 0x00, 0x00, 0x40, 0x00, 0x00, 0x40, 0x03, 0xFF,
    0xFF, 0xE4, 0x00, 0x00, 0x48, 0x00, 0x00, 0x90, 0x00, 0x01, 0x20, 0x00, 0x02, 0x0F, 0xFF, 0xC0,
    0x00, 0x00, 0x00, 0x00, 0x00, 0x00, 0x00, 0x00, 0x0F, 0xFF, 0xFF, 0xC0, 0x20, 0x80, 0x00, 0x41,
    0x00, 0x00, 0x82, 0x00, 0x02, 0x04, 0x00, 0x04, 0x08, 0x00, 0x10, 0x10, 0x08, 0x60, 0x20, 0x11,
    0x00, 0x40, 0x3C, 0x00, 0x80, 0x80, 0x00, 0xFF, 0x00, 0x00, 0x20, 0x00, 0x01, 0x00, 0x00, 0x08,
    0x01, 0xFF, 0xFF, 0xF8, 0x00, 0x00, 0xC0, 0x00, 0x06, 0x7F, 0xFF, 0x22, 0x00, 0x08, 0x10, 0x00,
    0x40, 0x80, 0x02, 0x04, 0x00, 0x10, 0x3F, 0xFF, 0x81, 0x00, 0x00, 0x08, 0x00, 0x00, 0x40, 0x00,
    0x03, 0xFF, 0xF8, 0x10, 0x00, 0x40, 0x80, 0x02, 0x04, 0x00, 0x10, 0x20, 0x00, 0x81, 0x00, 0x04,
    0x0F, 0xFF, 0xE0, 0x40, 0x00, 0x00, 0x00, 0x40, 0x00, 0x01, 0x00, 0x00, 0x08, 0x01, 0xFF, 0xFF,
    0xF8, 0x00, 0x00, 0xC0, 0x10, 0x06, 0x00, 0x80, 0x30, 0x04, 0x01, 0x00, 0x20, 0x01, 0xFF, 0xFE,
    0x08, 0x08, 0x10, 0x40, 0x40, 0x82, 0x02, 0x04, 0x10, 0x10, 0x20, 0x80, 0x81, 0x07, 0xFF, 0xF8,
    0x20, 0x20, 0x41, 0x01, 0x02, 0x08, 0x08, 0x10, 0x40, 0x40, 0x83, 0xFF, 0xFC, 0x10, 0x00, 0x20,
    0x80, 0x01, 0x00, 0x00, 0x20, 0x00, 0x00, 0x60, 0x00, 0x00, 0x40, 0x03, 0xFF, 0xFF, 0xE4, 0x00,
    0x00, 0x48, 0x00, 0x00, 0x90, 0x00, 0x01, 0x20, 0x00, 0x02, 0x1F, 0xFF, 0xF0, 0x00, 0x20, 0x00,
    0x00, 0x40, 0x00, 0x00, 0x80, 0x00, 0x81, 0x00, 0x01, 0x02, 0x00, 0x02, 0x07, 0xFC, 0x04, 0x08,
    0x00, 0x08, 0x10, 0x00, 0x28, 0x20, 0x00, 0x50, 0x40, 0x01, 0x10, 0x80, 0x02, 0x19, 0x00, 0x08,
    0x0E, 0x00, 0x20, 0x07, 0xFF, 0x80, 0x00, 0x00, 0x00, 0x40, 0x00, 0x01, 0x00, 0x00, 0x08, 0x00,
    0xFF, 0xFF, 0xE8, 0x00, 0x01, 0x40, 0x00, 0x0A, 0x20, 0x40, 0x40, 0xC2, 0x02, 0x01, 0x10, 0x00,
    0x00, 0x80, 0x08, 0x08, 0x00, 0x20, 0x40, 0x00, 0xC2, 0x00, 0x00, 0x10, 0x00, 0x00, 0x80, 0x1F,
    0xFF, 0xFF, 0x00, 0x40, 0x00, 0x02, 0xC0, 0x00, 0x21, 0x80, 0x02, 0x03, 0x00, 0x60, 0x04, 0x0C,
    0x00, 0x19, 0x80, 0x00, 0x20, 0x00, 0x20, 0x00, 0x00, 0x20, 0x00, 0x00, 0x40, 0x03, 0xFF, 0xFF,
    0xE4, 0x01, 0x00, 0x48, 0x02, 0x00, 0x90, 0x04, 0x01, 0x2F, 0xFF, 0xFA, 0x00, 0x10, 0x00, 0x00,
    0x20, 0x00, 0x00, 0x40, 0x00, 0xFF, 0xFF, 0x80, 0x01, 0x00, 0x00, 0x04, 0x00, 0x00, 0x08, 0x00,
    0x3F, 0xFF, 0xFF, 0x00, 0x48, 0x00, 0x01, 0x08, 0x00, 0x04, 0x08, 0x00, 0x10, 0x08, 0x00, 0xC0,
    0x0C, 0x0E, 0x00, 0x06, 0x00, 0x00, 0x03, 0x80, 0x00, 0x00, 0x00, 0x00, 0x20, 0x00, 0x00, 0x40,
    0x03, 0xFF, 0xFF, 0xE4, 0x00, 0x00, 0x48, 0x10, 0x00, 0x90, 0x7F, 0xE1, 0x01, 0x00, 0x20, 0x05,
    0x00, 0x80, 0x11, 0x02, 0x00, 0xC1, 0x88, 0x00, 0x00, 0xE0, 0x00, 0x03, 0x40, 0x00, 0x18, 0x70,
    0x00, 0xC0, 0x1C, 0x1F, 0xFF, 0xE7, 0x44, 0x00, 0x40, 0x08, 0x00, 0x80, 0x10, 0x01, 0x00, 0x20,
    0x02, 0x00, 0x40, 0x04, 0x00, 0xFF, 0xF8, 0x01, 0x00, 0x10, 0x00, 0x00, 0x00, 0x00, 0x00, 0x20,
    0x00, 0x00, 0x40, 0x03, 0xFF, 0xFF, 0xE4, 0x00, 0x00, 0x48, 0x00, 0x00, 0x90, 0x40, 0x61, 0x01,
    0x00, 0x20, 0x04, 0x10, 0x30, 0x10, 0x50, 0x10, 0xC1, 0x10, 0x10, 0x04, 0x10, 0x00, 0x10, 0x18,
    0x00, 0xC0, 0x08, 0x07, 0xFF, 0xFC, 0x32, 0x00, 0x27, 0x84, 0x00, 0x40, 0x08, 0x00, 0x80, 0x10,
    0x01, 0x00, 0x20, 0x02, 0x00, 0x40, 0x04, 0x00, 0xFF, 0xF8, 0x01, 0x00, 0x10, 0x00, 0x00, 0x00,
    0x00, 0x00, 0x80, 0x00, 0x02, 0x00, 0x3F, 0xFF, 0xFE, 0x80, 0x00, 0x0A, 0x04, 0x10, 0x28, 0x10,
    0x40, 0x87, 0xFF, 0xF8, 0x01, 0x04, 0x00, 0x04, 0x10, 0x00, 0x00, 0x00, 0x07, 0xFF, 0xF0, 0x10,
    0x00, 0x40, 0x40, 0x81, 0x01, 0x02, 0x04, 0x04, 0x08, 0x10, 0x10, 0x20, 0x40, 0x41, 0x01, 0x01,
    0x05, 0x04, 0x40, 0x24, 0x01, 0x03, 0x10, 0x04, 0x30, 0x40, 0x17, 0x00, 0xFF, 0xA0, 0x00, 0x00,
    0x00, 0x00, 0x00, 0x00, 0x20, 0x00, 0x00, 0x40, 0x03, 0xFF, 0xFF, 0xE4, 0x00, 0x00, 0x48, 0x08,
    0x10, 0x90, 0x4C, 0x41, 0x20, 0x85, 0x02, 0x11, 0x04, 0x20, 0x22, 0x30, 0x20, 0x84, 0x81, 0x22,
    0x0E, 0x02, 0x20, 0x70, 0x04, 0x07, 0x3F, 0xF0, 0x10, 0x04, 0x00, 0x08, 0x08, 0x08, 0x10, 0x10,
    0x10, 0x20, 0x20, 0x20, 0x40, 0x40, 0x40, 0x80, 0x80, 0x81, 0xFF, 0xFF, 0x00, 0x00, 0x02, 0x00,
    0x00, 0x04, 0x00, 0x00, 0x00, 0x10, 0x00, 0x00, 0x20, 0x00, 0x00, 0x47, 0xFE, 0x00, 0x80, 0x04,
    0x01, 0x00, 0x08, 0x02, 0x00, 0x37, 0xFF, 0x80, 0x60, 0x08, 0x00, 0x80, 0x10, 0x41, 0x00, 0x20,
    0x62, 0x00, 0x40, 0x68, 0x20, 0x80, 0x30, 0x21, 0x00, 0x60, 0x42, 0x00, 0xE0, 0x44, 0x02, 0x40,
    0x88, 0x04, 0x40, 0x10, 0x10, 0x40, 0x20, 0x40, 0x00, 0x41, 0x00, 0x00, 0x84, 0x00, 0x01, 0x10,
    0x00, 0x3E, 0x00, 0x02, 0x00, 0x08, 0x02, 0x00, 0x08, 0x02, 0x00, 0x08, 0x02, 0x00, 0x08, 0x7F,
    0xF0, 0x08, 0x02, 0x00, 0x08, 0x02, 0x0F, 0xFF, 0x02, 0x00, 0x08, 0x02, 0x00, 0x08, 0x7F, 0xF0,
    0x08, 0x02, 0x02, 0x08, 0x02, 0x02, 0x08, 0x02, 0x01, 0x08, 0x02, 0x01, 0x08, 0x7F, 0xF0, 0x88,
    0x02, 0x00, 0x88, 0x02, 0x00, 0x08, 0x02, 0x00, 0x08, 0x02, 0x00, 0x08, 0x02, 0x78, 0x08, 0x1F,
    0x80, 0x08, 0x60, 0x00, 0x08, 0x00, 0x00, 0xF8, 0x00, 0x00, 0x10, 0x08, 0x00, 0x20, 0x10, 0x00,
    0x41, 0xFF, 0x00, 0x82, 0x06, 0x01, 0x04, 0x0C, 0x02, 0x0F, 0xFF, 0xFF, 0x90, 0x30, 0x08, 0x20,
    0x60, 0x10, 0x40, 0xC0, 0x20, 0xFF, 0x90, 0x41, 0x03, 0x20, 0x82, 0x06, 0x21, 0x04, 0x0C, 0x42,
    0x3F, 0xF8, 0x44, 0x00, 0x70, 0x88, 0x01, 0x60, 0x10, 0x04, 0xC0, 0x20, 0x11, 0x80, 0x40, 0xC3,
    0x00, 0x82, 0x06, 0x01, 0x18, 0x0C, 0x02, 0x00, 0xF0, 0x7C, 0x00, 0x04, 0x02, 0x00, 0x10, 0x1F,
    0xE0, 0x40, 0x80, 0x91, 0x04, 0x04, 0x24, 0x68, 0x20, 0x52, 0x11, 0x01, 0x40, 0x38, 0x01, 0x01,
    0x88, 0x04, 0x38, 0x20, 0x13, 0x00, 0x80, 0x40, 0x02, 0x03, 0x7F, 0xFF, 0x14, 0x00, 0x20, 0x90,
    0x00, 0x84, 0x42, 0x02, 0x21, 0x04, 0x08, 0x04, 0x08, 0x20, 0x10, 0x20, 0x80, 0x40, 0x02, 0x01,
    0x00, 0x08, 0x04, 0x00, 0x20, 0x10, 0x0F, 0x80, 0x04, 0x01, 0x00, 0x08, 0x04, 0x00, 0x20, 0x20,
    0x3F, 0xFF, 0xFE, 0x00, 0x88, 0x00, 0x02, 0x20, 0x03, 0xFF, 0xFE, 0x08, 0x22, 0x08, 0x21, 0x08,
    0x20, 0x88, 0x3F, 0x82, 0xC0, 0x02, 0x0F, 0xFF, 0xF8, 0x20, 0x00, 0x20, 0xFF, 0xFF, 0x83, 0xFF,
    0xFE, 0x00, 0x00, 0x40, 0xFF, 0xFF, 0xFC, 0x00, 0x04, 0x00, 0x40, 0x10, 0x00, 0x80, 0x40, 0x01,
    0x01, 0x00, 0x00, 0x04, 0x00, 0x01, 0xF0, 0x00, 0x00, 0x10, 0x00, 0x00, 0x20, 0x00, 0x00, 0x40,
    0x00, 0x00, 0x80, 0x00, 0x01, 0x00, 0x00, 0x02, 0x00, 0x02, 0x04, 0x08, 0x04, 0x08, 0x10, 0x10,
    0x10, 0x10, 0x20, 0x20, 0x20, 0x40, 0x40, 0x21, 0x00, 0x80, 0x42, 0x01, 0x00, 0x48, 0x02, 0x00,
    0x90, 0x04, 0x00, 0xC0, 0x08, 0x01, 0x00, 0x10, 0x02, 0x00, 0x20, 0x00, 0x00, 0x40, 0x00, 0x00,
    0x80, 0x00, 0x01, 0x00, 0x00, 0x7E, 0x00, 0x00, 0x00, 0x40, 0x00, 0x08, 0x05, 0x01, 0x01, 0x10,
    0x20, 0x22, 0x04, 0x08, 0x20, 0x82, 0x00, 0x10, 0x80, 0x02, 0x00, 0xFF, 0xFF, 0xFF, 0xFF, 0xFE,
    0x00, 0x00, 0xC0, 0x00, 0x18, 0x00, 0x03, 0x0F, 0xF8, 0x61, 0x01, 0x0C, 0x20, 0x21, 0x84, 0x04,
    0x30, 0x80, 0x86, 0x10, 0x10, 0xC3, 0xFE, 0x18, 0x40, 0x03, 0x08, 0x00, 0x60, 0x00, 0x0C, 0x00,
    0x1F, 0x08, 0x01, 0x00, 0x10, 0x04, 0x00, 0x40, 0x12, 0x3F, 0xF8, 0x44, 0x00, 0x01, 0x10, 0x00,
    0x04, 0x00, 0x00, 0x10, 0x0F, 0xF7, 0xFF, 0x40, 0x41, 0x01, 0x01, 0x04, 0x04, 0x04, 0x10, 0x10,
    0x10, 0xA0, 0x3F, 0xC2, 0x80, 0x10, 0x0A, 0x00, 0x40, 0x28, 0x09, 0x20, 0xA0, 0x24, 0x84, 0x81,
    0x11, 0x12, 0x04, 0x44, 0x88, 0x61, 0x02, 0x21, 0x04, 0x10, 0x84, 0x10, 0x81, 0xF1, 0xC4, 0x00,
    0x00, 0x1F, 0xFF, 0xF8, 0x60, 0x00, 0x21, 0x80, 0x00, 0x86, 0x00, 0x02, 0x18, 0x00, 0x08, 0x7F,
    0xFF, 0xE1, 0x80, 0x00, 0x06, 0x00, 0x00, 0x1F, 0xFF, 0xFC, 0x60, 0x00, 0x11, 0x80, 0x00, 0x46,
    0x3F, 0xE1, 0x18, 0x80, 0x84, 0x42, 0x02, 0x11, 0x08, 0x08, 0x4C, 0x20, 0x21, 0x20, 0xFF, 0x84,
    0x82, 0x00, 0x14, 0x00, 0x00, 0x60, 0x00, 0x02, 0x00, 0x00, 0xF8, 0x1F, 0xFF, 0xF8, 0x20, 0x00,
    0x10, 0x40, 0x00, 0x20, 0xFF, 0xFF, 0xC1, 0xFF, 0xFF, 0x82, 0x00, 0x80, 0x04, 0x01, 0x00, 0x08,
    0x02, 0x00, 0x1F, 0xFF, 0xFE, 0x20, 0x08, 0x00, 0x40, 0x10, 0x01, 0x80, 0x20, 0x03, 0x00, 0x40,
    0x06, 0x7F, 0xFE, 0x0C, 0xFF, 0xFC, 0x11, 0x00, 0x08, 0x22, 0x00, 0x10, 0xC4, 0x00, 0x21, 0x08,
    0x00, 0x42, 0x1F, 0xFF, 0x88, 0x20, 0x01, 0x00, 0x1F, 0xFF, 0xF8, 0x40, 0x00, 0x21, 0x00, 0x00,
    0x84, 0x00, 0x02, 0x10, 0x00, 0x08, 0x7F, 0xFF, 0xE1, 0x00, 0x00, 0x04, 0x10, 0x10, 0x10, 0x20,
    0x40, 0x40, 0x02, 0x01, 0x7F, 0xFF, 0xCC, 0x08, 0x20, 0x30, 0x20, 0x80, 0xC0, 0x82, 0x03, 0x02,
    0x08, 0x0B, 0xFF, 0xFF, 0x20, 0x20, 0x80, 0x81, 0x02, 0x06, 0x0C, 0x08, 0x10, 0x60, 0x20, 0xC2,
    0x00, 0x82, 0x30, 0x02, 0x00, 0x1F, 0xFF, 0xF8, 0x20, 0x00, 0x10, 0x40, 0x00, 0x20, 0x80, 0x00,
    0x41, 0x00, 0x00, 0x83, 0xFF, 0xFF, 0x04, 0x10, 0x20, 0x08, 0x20, 0x40, 0x10, 0x40, 0x80, 0x2F,
    0xFF, 0xF8, 0x41, 0x02, 0x01, 0x82, 0x04, 0x03, 0x04, 0x08, 0x07, 0xFF, 0xFF, 0xCC, 0x41, 0x00,
    0x10, 0x82, 0x08, 0x21, 0x02, 0x20, 0x42, 0x03, 0x81, 0x84, 0x02, 0x02, 0x08, 0xE2, 0x08, 0x1E,
    0x03, 0x10, 0x40, 0x01, 0xC0, 0x1F, 0xFF, 0xF8, 0x80, 0x00, 0x44, 0x00, 0x02, 0x20, 0x00, 0x11,
    0xFF, 0xFF, 0x88, 0x00, 0x00, 0x40, 0x01, 0x82, 0x7F, 0xF0, 0x10, 0x04, 0x00, 0x9F, 0xFF, 0x84,
    0x81, 0x04, 0x64, 0x08, 0x23, 0x3F, 0xFF, 0x18, 0x02, 0x00, 0xC0, 0x10, 0x04, 0xFF, 0xFF, 0x24,
    0x04, 0x09, 0x20, 0x24, 0x51, 0x3F, 0xF2, 0x88, 0x00, 0x58, 0x40, 0x00, 0xC2, 0x00, 0x1C, 0x1F,
    0xFF, 0xF8, 0x20, 0x00, 0x10, 0x40, 0x00, 0x20, 0x80, 0x00, 0x41, 0xFF, 0xFF, 0x82, 0x00, 0x00,
    0x04, 0x42, 0x00, 0x09, 0x0F, 0xFE, 0x14, 0x10, 0x00, 0x21, 0x7F, 0xF0, 0x44, 0x40, 0x20, 0x90,
    0xFF, 0xC3, 0x61, 0x00, 0x87, 0x43, 0xFF, 0x0C, 0x81, 0x00, 0x11, 0x04, 0x00, 0x22, 0x17, 0xF8,
    0x44, 0x50, 0x21, 0x89, 0x10, 0x82, 0x10, 0x1E, 0x08, 0x20, 0x66, 0x10, 0x4F, 0x03, 0xC0, 0x00,
    0x10, 0x01, 0x00, 0x80, 0x48, 0x04, 0x02, 0x40, 0x20, 0x12, 0x01, 0x00, 0x9F, 0xFF, 0xFC, 0x00,
    0x00, 0x00, 0x00, 0x00, 0x3F, 0xC7, 0xF9, 0x02, 0x20, 0x48, 0x11, 0x02, 0x40, 0x88, 0x13, 0xFC,
    0x7F, 0x90, 0x22, 0x04, 0x81, 0x10, 0x24, 0x08, 0x81, 0x3F, 0xCF, 0xF9, 0x02, 0x60, 0x48, 0x13,
    0x02, 0x80, 0x90, 0x14, 0x04, 0x80, 0xA0, 0x2C, 0x06, 0x0F, 0x41, 0xE0, 0x00, 0x10, 0x00, 0x40,
    0x20, 0x10, 0x80, 0x40, 0x21, 0x00, 0x80, 0x43, 0xFF, 0xFF, 0x80, 0x00, 0x00, 0x08, 0x10, 0x80,
    0x10, 0x22, 0x00, 0x20, 0x47, 0xFF, 0xFF, 0xF8, 0x04, 0x81, 0x10, 0x11, 0x02, 0x44, 0x22, 0x04,
    0x88, 0x44, 0x0B, 0x10, 0x07, 0xF0, 0x20, 0x10, 0x20, 0x40, 0x20, 0x41, 0x40, 0x40, 0x82, 0x80,
    0x81, 0x04, 0x81, 0x02, 0x11, 0x01, 0xFC, 0x41, 0x04, 0x09, 0x01, 0x88, 0x14, 0x00, 0x00, 0x3F,
    0xFF, 0xFC, 0x00, 0x20, 0x00, 0x00, 0x40, 0x00, 0x00, 0x80, 0x00, 0x01, 0x00, 0x00, 0x02, 0x00,
    0x00, 0x04, 0x00, 0x00, 0x08, 0x00, 0x00, 0x10, 0x00, 0x00, 0x20, 0x00, 0x00, 0x40, 0x00, 0x00,
    0x80, 0x00, 0x01, 0x00, 0x00, 0x02, 0x00, 0x00, 0x04, 0x00, 0x00, 0x08, 0x00, 0x00, 0x10, 0x01,
    0xFF, 0xFF, 0xFC, 0x00, 0x00, 0x00, 0x02, 0x00, 0x00, 0x08, 0x00, 0x00, 0x20, 0x00, 0x00, 0x80,
    0x01, 0xFF, 0xFF, 0xF0, 0x10, 0x00, 0x00, 0x40, 0x00, 0x01, 0x00, 0x00, 0x08, 0x00, 0x00, 0x20,
    0x00, 0x00, 0x80, 0x00, 0x05, 0xFF, 0xF8, 0x10, 0x10, 0x00, 0x80, 0x40, 0x02, 0x01, 0x00, 0x10,
    0x04, 0x00, 0x80, 0x10, 0x02, 0x00, 0x40, 0x10, 0x01, 0x00, 0x80, 0x04, 0x00, 0x3F, 0xFF, 0xF0,
    0xFF, 0xFF, 0xC0, 0x00, 0x01, 0x00, 0x00, 0x04, 0x08, 0x00, 0x10, 0x20, 0x00, 0x40, 0x80, 0x01,
    0x02, 0x00, 0x04, 0x08, 0x00, 0x10, 0x3F, 0xFF, 0xC0, 0x80, 0x01, 0x02, 0x00, 0x00, 0x08, 0x00,
    0x00, 0x20, 0x00, 0x00, 0x80, 0x00, 0x02, 0x00, 0x00, 0x48, 0x00, 0x01, 0x20, 0x00, 0x08, 0x80,
    0x00, 0x23, 0x00, 0x01, 0x87, 0xFF, 0xFC, 0x00, 0x40, 0x00, 0x00, 0x80, 0x00, 0x01, 0x00, 0x00,
    0x04, 0x00, 0x07, 0xFF, 0xFF, 0xE0, 0x20, 0x00, 0x00, 0x42, 0x00, 0x01, 0x04, 0x00, 0x02, 0x08,
    0x00, 0x08, 0x10, 0x00, 0x3F, 0xFF, 0xE0, 0xA0, 0x40, 0x43, 0x40, 0x80, 0x88, 0x81, 0x01, 0x21,
    0x02, 0x02, 0x02, 0x04, 0x04, 0x04, 0x08, 0x08, 0x08, 0x10, 0x10, 0x10, 0x20, 0x20, 0x20, 0x47,
    0xC0, 0x00, 0x80, 0x00, 0x01, 0x00, 0x00, 0x02, 0x00, 0x00, 0x08, 0x00, 0x60, 0x1C, 0x02, 0x00,
    0x0E, 0x30, 0x00, 0x07, 0x00, 0x00, 0x63, 0x00, 0x1E, 0x03, 0x03, 0x88, 0x03, 0x00, 0x20, 0x00,
    0xFF, 0xFF, 0xFC, 0x04, 0x00, 0x00, 0x20, 0x80, 0x00, 0x82, 0x00, 0x04, 0x08, 0x00, 0x3F, 0xFF,
    0xC1, 0x80, 0x81, 0x0A, 0x02, 0x04, 0x88, 0x08, 0x10, 0x20, 0x20, 0x40, 0x80, 0x81, 0x02, 0x02,
    0x04, 0x08, 0x08, 0xF0, 0x00, 0x20, 0x00, 0x00, 0x80, 0x00, 0x10, 0x20, 0x40, 0x41, 0x04, 0x02,
    0x08, 0x40, 0x00, 0x42, 0x0F, 0xFF, 0xFF, 0xFF, 0xFF, 0xFE, 0x00, 0x00, 0x30, 0x00, 0x01, 0x8F,
    0xFF, 0x8C, 0x40, 0x04, 0x42, 0x00, 0x20, 0x1F, 0xFF, 0x00, 0xFF, 0xF8, 0x00, 0x10, 0x00, 0x00,
    0x80, 0x07, 0xFF, 0xFC, 0x20, 0x20, 0x21, 0x01, 0x01, 0x08, 0x08, 0x08, 0x40, 0x40, 0x42, 0x02,
    0x02, 0x10, 0x11, 0xF0, 0x00, 0x80, 0x00, 0x01, 0x01, 0x00, 0x02, 0x02, 0x01, 0xFF, 0xFF, 0xF0,
    0x08, 0x08, 0x00, 0x10, 0x00, 0x01, 0xFF, 0xFE, 0x02, 0x00, 0x04, 0x04, 0x00, 0x08, 0x0F, 0xFF,
    0xF0, 0x10, 0x00, 0x20, 0x20, 0x00, 0x40, 0x7F, 0xFF, 0x80, 0x08, 0x00, 0x1F, 0xFF, 0xFF, 0xFF,
    0xFF, 0xFF, 0x82, 0x08, 0x20, 0x0F, 0xFF, 0xF0, 0x30, 0x20, 0x59, 0xA0, 0x40, 0x88, 0x40, 0x81,
    0x00, 0x81, 0x02, 0x00, 0x02, 0x3C, 0x00, 0x04, 0x00, 0x00, 0x3F, 0xFF, 0xF8, 0x00, 0x20, 0x00,
    0x00, 0x40, 0x00, 0x40, 0x81, 0x00, 0x81, 0x02, 0x00, 0x82, 0x08, 0x01, 0x04, 0x10, 0x01, 0x08,
    0x40, 0x02, 0x10, 0x80, 0x00, 0x20, 0x00, 0x00, 0x40, 0x07, 0xFF, 0xFF, 0xF0, 0x01, 0x00, 0x00,
    0x02, 0x00, 0x00, 0x04, 0x00, 0x00, 0x08, 0x00, 0x00, 0x10, 0x00, 0x00, 0x20, 0x00, 0x00, 0x40,
    0x00, 0x00, 0x80, 0x00, 0x01, 0x00, 0x00, 0x02, 0x00, 0x00, 0x04, 0x00, 0x00, 0x10, 0x00, 0x00,
    0x20, 0x00, 0x00, 0xFF, 0xFF, 0xC2, 0x01, 0x00, 0x04, 0x02, 0x00, 0x10, 0x04, 0x00, 0x40, 0x08,
    0x01, 0x1F, 0xFF, 0xF0, 0x20, 0x20, 0x00, 0x40, 0x40, 0x00, 0x80, 0x80, 0x01, 0x01, 0x00, 0x02,
    0x02, 0x00, 0x04, 0x04, 0x00, 0xFF, 0xFF, 0xFE, 0x00, 0x10, 0x00, 0x00, 0x20, 0x00, 0x00, 0x40,
    0x00, 0x00, 0x80, 0x00, 0x01, 0x00, 0x00, 0x02, 0x00, 0x00, 0x00, 0x00, 0x00, 0x10, 0x02, 0x00,
    0x40, 0x08, 0x00, 0x80, 0x40, 0x01, 0x01, 0x00, 0x00, 0x08, 0x07, 0xFF, 0xFF, 0x80, 0x80, 0x40,
    0x02, 0x01, 0x00, 0x08, 0x04, 0x00, 0x20, 0x10, 0x00, 0x80, 0x40, 0x02, 0x01, 0x03, 0xFF, 0xFF,
    0xF0, 0x20, 0x10, 0x00, 0x80, 0x40, 0x06, 0x01, 0x00, 0x10, 0x04, 0x00, 0x40, 0x10, 0x02, 0x00,
    0x40, 0x10, 0x01, 0x00, 0x80, 0x04, 0x0C, 0x00, 0x10, 0x00, 0x00, 0x08, 0x00, 0x00, 0x08, 0x00,
    0x00, 0x10, 0x00, 0xFF, 0xFF, 0xF1, 0x00, 0x00, 0x02, 0x00, 0x00, 0x04, 0x02, 0x00, 0x08, 0x04,
    0x00, 0x10, 0x08, 0x00, 0x20, 0x20, 0x00, 0x40, 0x40, 0x00, 0x81, 0x00, 0x01, 0x02, 0x08, 0x02,
    0x08, 0x08, 0x04, 0x10, 0x10, 0x18, 0x40, 0x10, 0x30, 0x80, 0x10, 0x42, 0x00, 0x20, 0x84, 0x00,
    0x63, 0x11, 0xFF, 0x24, 0x3C, 0x00, 0x50, 0x00, 0x00, 0x00, 0x00, 0x08, 0x00, 0x00, 0x08, 0x00,
    0x00, 0x04, 0x00, 0x00, 0x00, 0x00, 0x1F, 0xFF, 0xFE, 0x10, 0x00, 0x00, 0x10, 0x00, 0x00, 0x10,
    0x00, 0x00, 0x10, 0x04, 0x04, 0x11, 0x04, 0x08, 0x11, 0x04, 0x08, 0x11, 0x04, 0x08, 0x10, 0x82,
    0x10, 0x10, 0x82, 0x10, 0x10, 0x82, 0x10, 0x10, 0x42, 0x20, 0x30, 0x40, 0x20, 0x30, 0x40, 0x40,
    0x20, 0x00, 0x40, 0x20, 0x00, 0x80, 0x20, 0x00, 0x80, 0x47, 0xFF, 0xFF, 0x40, 0x00, 0x00, 0x00,
    0x00, 0x00, 0x00, 0x00, 0x00, 0x00, 0x10, 0x00, 0x00, 0x10, 0x00, 0xFF, 0xFF, 0xF1, 0x00, 0x00,
    0x02, 0x00, 0x07, 0x04, 0x00, 0xF0, 0x08, 0xFF, 0x00, 0x11, 0x02, 0x00, 0x22, 0x04, 0x00, 0x44,
    0x08, 0x00, 0x88, 0x10, 0x01, 0x1F, 0xFF, 0xC2, 0x20, 0x20, 0x04, 0x40, 0x40, 0x18, 0x80, 0x80,
    0x31, 0x00, 0x80, 0x62, 0x01, 0x00, 0x84, 0x12, 0x09, 0x08, 0x12, 0x16, 0x17, 0x22, 0x28, 0x30,
    0x26, 0x50, 0x80, 0x43, 0x00, 0x00, 0x00, 0x00, 0x00, 0x10, 0x00, 0x00, 0x20, 0x00, 0xFF, 0xFF,
    0xF1, 0x04, 0x04, 0x02, 0x08, 0x08, 0x04, 0x10, 0x10, 0x0F, 0xFF, 0xFE, 0x10, 0x40, 0x40, 0x20,
    0x80, 0x80, 0x41, 0x01, 0x00, 0x83, 0xFE, 0x01, 0x00, 0x00, 0x02, 0x00, 0x00, 0x0D, 0xFF, 0xFC,
    0x18, 0x40, 0x08, 0x30, 0x40, 0x20, 0x40, 0x40, 0x80, 0x80, 0x46, 0x03, 0x00, 0x70, 0x04, 0x03,
    0x98, 0x08, 0xF8, 0x0F, 0x00, 0x00, 0x01, 0x80, 0x00, 0x02, 0x00, 0xFE, 0x04, 0x00, 0x09, 0xFF,
    0xE0, 0x20, 0x10, 0x40, 0x40, 0x20, 0x81, 0x3F, 0xFF, 0xC2, 0x00, 0x82, 0x08, 0x01, 0x04, 0x3E,
    0x7F, 0xF8, 0x04, 0x04, 0x00, 0x08, 0x08, 0x00, 0x10, 0x10, 0x02, 0x2F, 0xFF, 0xC4, 0x80, 0x40,
    0x09, 0x00, 0x80, 0x0A, 0xFF, 0xFF, 0x08, 0x02, 0x00, 0x18, 0x04, 0x00, 0x4C, 0x08, 0x01, 0x0F,
    0x00, 0x04, 0x03, 0xFF, 0xE0, 0x00, 0x00, 0x00, 0x7F, 0xFF, 0xF8, 0x08, 0x04, 0x00, 0x20, 0x10,
    0x00, 0x80, 0x40, 0x02, 0x01, 0x00, 0x08, 0x04, 0x00, 0x20, 0x10, 0x00, 0x80, 0x40, 0x02, 0x01,
    0x03, 0xFF, 0xFF, 0xF0, 0x20, 0x10, 0x00, 0x80, 0x40, 0x02, 0x01, 0x00, 0x10, 0x04, 0x00, 0x40,
    0x10, 0x01, 0x00, 0x40, 0x08, 0x01, 0x00, 0x40, 0x04, 0x03, 0x00, 0x10, 0x18, 0x00, 0x40, 0x80,
    0x01, 0x00, 0x3F, 0xFF, 0xE0, 0x80, 0x00, 0x82, 0x00, 0x02, 0x08, 0x00, 0x08, 0x20, 0x00, 0x20,
    0xFF, 0xFF, 0x82, 0x00, 0x00, 0x08, 0x00, 0x02, 0x20, 0x00, 0x08, 0x80, 0x00, 0x23, 0xFF, 0xFF,
    0x00, 0x00, 0x00, 0x04, 0x01, 0x00, 0x10, 0x04, 0x00, 0x40, 0x10, 0x3F, 0xFF, 0xFF, 0x04, 0x01,
    0x00, 0x20, 0x04, 0x00, 0x80, 0x10, 0x04, 0x00, 0x40, 0x20, 0x01, 0x02, 0x00, 0x04, 0x00, 0x00,
    0x00, 0x00, 0x00, 0x11, 0x80, 0x00, 0x41, 0x00, 0x01, 0x02, 0x00, 0x04, 0x03, 0xFF, 0xFF, 0xF0,
    0x00, 0x20, 0x00, 0x00, 0x80, 0x00, 0x02, 0x00, 0x00, 0x08, 0x00, 0x00, 0x20, 0x1F, 0xFE, 0x80,
    0x02, 0x02, 0x00, 0x08, 0x08, 0x00, 0x20, 0x10, 0x00, 0x80, 0x40, 0x02, 0x01, 0x00, 0x08, 0x02,
    0x00, 0x20, 0x08, 0x40, 0x9E, 0x21, 0x07, 0x80, 0x45, 0xE0, 0x00, 0x90, 0x00, 0x01, 0xC0, 0xFF,
    0xE0, 0x20, 0x04, 0x04, 0x00, 0x80, 0x80, 0x10, 0x10, 0x02, 0x02, 0x00, 0x40, 0x5F, 0xF8, 0x0A,
    0x00, 0x01, 0x40, 0x00, 0x30, 0x00, 0x06, 0x00, 0x00, 0xC0, 0x00, 0x1F, 0xFE, 0x02, 0x00, 0x40,
    0x40, 0x08, 0x08, 0x01, 0x01, 0x00, 0x20, 0x20, 0x08, 0x04, 0x01, 0x00, 0x80, 0x20, 0x10, 0x04,
    0x02, 0x3F, 0x00, 0x40, 0xFC, 0x3F, 0xF8, 0x10, 0x80, 0x00, 0x42, 0x00, 0x01, 0x08, 0x00, 0x04,
    0x3F, 0xF0, 0x10, 0x80, 0x0F, 0xC2, 0x00, 0x20, 0x0F, 0xFC, 0x80, 0x20, 0x02, 0x00, 0x80, 0x08,
    0x02, 0x00, 0x20, 0x7F, 0xFF, 0xFC, 0x44, 0x00, 0x11, 0x10, 0x00, 0x44, 0x21, 0x01, 0x10, 0x58,
    0x04, 0x40, 0x80, 0x11, 0x02, 0x00, 0x44, 0x06, 0x03, 0x11, 0x84, 0x0C, 0x78, 0x0F, 0xE1, 0x00,
    0x00, 0x00, 0x10, 0x09, 0xFC, 0x20, 0x20, 0x08, 0x20, 0x80, 0x10, 0x41, 0x00, 0x20, 0x44, 0x00,
    0x4F, 0xFF, 0x80, 0x90, 0x41, 0x7F, 0x20, 0x82, 0xC0, 0x41, 0x05, 0x80, 0xFF, 0xFB, 0x01, 0x04,
    0x16, 0x02, 0x08, 0x2F, 0xE4, 0x10, 0x40, 0x4F, 0xFF, 0x80, 0x80, 0x40, 0x01, 0x00, 0x80, 0x02,
    0x01, 0x00, 0x05, 0xFF, 0xFC, 0x08, 0x04, 0x00, 0x10, 0x08, 0x00, 0x40, 0x10, 0x00, 0x80, 0x20,
    0x1F, 0x00, 0x40, 0x00, 0x00, 0x40, 0x10, 0x08, 0x05, 0x01, 0x01, 0x10, 0x20, 0x42, 0x04, 0x08,
    0x20, 0x82, 0x04, 0x10, 0x80, 0x02, 0x10, 0x00, 0x40, 0x1F, 0xFF, 0xF8, 0x00, 0x01, 0x00, 0x00,
    0x20, 0x00, 0x04, 0x00, 0x00, 0x80, 0x00, 0x13, 0xFF, 0xFE, 0x00, 0x00, 0x40, 0x00, 0x08, 0x00,
    0x01, 0x00, 0x00, 0x20, 0x00, 0x05, 0xFF, 0xFF, 0x80, 0x00, 0x10, 0x7F, 0xFF, 0xC0, 0x00, 0x01,
    0x00, 0x00, 0x04, 0x00, 0x00, 0x10, 0x3F, 0xFF, 0xC0, 0x00, 0x01, 0x00, 0x00, 0x04, 0x00, 0x00,
    0x10, 0xFF, 0xFF, 0xFC, 0x00, 0x80, 0x02, 0x02, 0x00, 0x04, 0x0C, 0x18, 0x0C, 0x30, 0x80, 0x08,
    0xAC, 0x00, 0x06, 0x40, 0x00, 0x68, 0x80, 0x0E, 0x21, 0x00, 0xC0, 0x83, 0x08, 0x02, 0x03, 0x00,
    0x08, 0x02, 0x03, 0xE0, 0x00, 0x00, 0x00, 0x08, 0xFF, 0xF8, 0x20, 0x20, 0x80, 0x80, 0x41, 0x02,
    0x00, 0x82, 0x18, 0x01, 0x04, 0x40, 0x02, 0x08, 0x00, 0x04, 0x10, 0x02, 0x08, 0x20, 0x09, 0xFF,
    0xF8, 0x20, 0x20, 0x80, 0x80, 0x41, 0x06, 0x00, 0x82, 0x30, 0x01, 0x04, 0x00, 0x02, 0x08, 0x00,
    0x88, 0x10, 0x02, 0x10, 0x20, 0x08, 0x20, 0x40, 0x20, 0x80, 0x80, 0x81, 0x01, 0x02, 0x04, 0x02,
    0x18, 0x08, 0x04, 0xC0, 0x00, 0x00, 0x01, 0x00, 0x08, 0x02, 0x00, 0x10, 0x04, 0x00, 0x40, 0x08,
    0x01, 0x07, 0xFF, 0xCC, 0x00, 0x20, 0x00, 0x80, 0x40, 0x02, 0x00, 0x80, 0x04, 0x01, 0x00, 0x11,
    0xFF, 0xFC, 0x60, 0x00, 0x81, 0x40, 0x01, 0x04, 0x80, 0x02, 0x11, 0x3F, 0xFF, 0xC2, 0x00, 0x08,
    0x04, 0x00, 0x10, 0x08, 0x10, 0x20, 0x10, 0x10, 0x40, 0x20, 0x20, 0x80, 0x40, 0x21, 0x00, 0x80,
    0x02, 0x01, 0x00, 0x04, 0x02, 0x00, 0x78, 0x00, 0x00, 0x02, 0x00, 0x08, 0x04, 0x00, 0x20, 0x08,
    0x00, 0x87, 0xFF, 0xC2, 0x00, 0x20, 0x98, 0x00, 0x41, 0x01, 0x00, 0x82, 0x02, 0xFF, 0xFF, 0x08,
    0x02, 0x08, 0x30, 0x04, 0x10, 0x63, 0xFF, 0xE1, 0x40, 0x10, 0x0C, 0x80, 0x20, 0x01, 0x00, 0x40,
    0x02, 0x3F, 0xFE, 0x04, 0x01, 0x00, 0x08, 0x02, 0x00, 0x10, 0x04, 0x00, 0x27, 0xFF, 0xF8, 0x40,
    0x10, 0x00, 0x80, 0x20, 0x01, 0x00, 0x40, 0x02, 0x00, 0x80, 0x00, 0x02, 0x02, 0x00, 0x08, 0x08,
    0x00, 0x20, 0x20, 0x00, 0x80, 0x81, 0x82, 0x02, 0x04, 0x08, 0x48, 0x10, 0x00, 0xBF, 0xC0, 0x02,
    0x02, 0x10, 0x08, 0x10, 0x10, 0x30, 0x40, 0x10, 0xA3, 0xFF, 0xF2, 0x40, 0x20, 0x28, 0x80, 0x80,
    0x01, 0x03, 0xFF, 0x02, 0x0C, 0x04, 0x04, 0x28, 0x10, 0x08, 0x88, 0x60, 0x12, 0x09, 0x80, 0x20,
    0x0C, 0x00, 0x40, 0x34, 0x00, 0x80, 0x86, 0x01, 0x0E, 0x03, 0x02, 0x60, 0x01, 0x80, 0x00, 0x00,
    0x00, 0x08, 0xFF, 0xF0, 0x21, 0x00, 0x20, 0x82, 0x00, 0x42, 0x07, 0xFF, 0x88, 0x08, 0x01, 0x01,
    0x10, 0x02, 0x02, 0x20, 0x04, 0x08, 0x7F, 0xF8, 0x30, 0x00, 0x00, 0x63, 0xFF, 0xF9, 0x47, 0xFF,
    0xF4, 0x80, 0x02, 0x11, 0x00, 0x04, 0x02, 0x00, 0x08, 0x04, 0xFF, 0xFF, 0x08, 0x00, 0x20, 0x10,
    0x40, 0x40, 0x20, 0x40, 0x80, 0x40, 0x41, 0x00, 0x80, 0x02, 0x01, 0x00, 0x04, 0x02, 0x00, 0xF8,
    0x00, 0x02, 0x10, 0x00, 0x08, 0x20, 0x00, 0x20, 0x40, 0x00, 0x81, 0xFF, 0xF2, 0x04, 0x00, 0x08,
    0x08, 0x00, 0x00, 0xAF, 0xFE, 0x02, 0x90, 0x04, 0x08, 0x20, 0x08, 0x30, 0x7F, 0xF0, 0xA0, 0x80,
    0x22, 0x41, 0x00, 0x48, 0x83, 0xFF, 0x81, 0x00, 0x80, 0x02, 0x02, 0x00, 0x04, 0x0F, 0xFC, 0x08,
    0x30, 0x10, 0x10, 0x90, 0x40, 0x22, 0x11, 0x00, 0x40, 0x1C, 0x00, 0x80, 0x2C, 0x01, 0x03, 0x86,
    0x02, 0x78, 0x03, 0x80, 0x04, 0x10, 0x20, 0x08, 0x10, 0x20, 0x08, 0x12, 0x40, 0x11, 0x12, 0x40,
    0x21, 0x12, 0x40, 0x43, 0x12, 0x7F, 0x05, 0x12, 0x42, 0x08, 0xFE, 0x42, 0x08, 0x00, 0xC2, 0x18,
    0x00, 0xC4, 0x29, 0xFE, 0xC4, 0x48, 0x01, 0x44, 0x08, 0x00, 0x24, 0x08, 0xFC, 0x28, 0x08, 0x84,
    0x28, 0x08, 0x84, 0x28, 0x08, 0x84, 0x10, 0x08, 0x85, 0x90, 0x08, 0x82, 0x28, 0x08, 0x84, 0x48,
    0x09, 0x00, 0x44, 0x09, 0x01, 0x82, 0x0A, 0x00, 0x00, 0x00, 0x80, 0x00, 0x00, 0x80, 0x00, 0x00,
    0x80, 0x00, 0x00, 0x80, 0x00, 0x00, 0x80, 0x00, 0x40, 0x80, 0x00, 0x80, 0x00, 0x01, 0x00, 0x00,
    0x22, 0x00, 0x10, 0x44, 0x00, 0x20, 0x88, 0x00, 0x22, 0x10, 0x00, 0x44, 0x20, 0x00, 0x88, 0x40,
    0x00, 0x90, 0x80, 0x11, 0x41, 0x00, 0x22, 0x82, 0x00, 0x42, 0x04, 0x00, 0x80, 0x08, 0x01, 0x00,
    0x10, 0x04, 0x00, 0x1F, 0xF8, 0x00, 0x00, 0x00, 0x00, 0x00, 0x80, 0x00, 0x00, 0x60, 0x10, 0x00,
    0x10, 0x20, 0x00, 0x08, 0x20, 0x00, 0x04, 0x40, 0x00, 0x00, 0x80, 0x01, 0x00, 0x80, 0x01, 0x01,
    0x00, 0x11, 0x02, 0x10, 0x21, 0x04, 0x10, 0x21, 0x08, 0x08, 0x21, 0x08, 0x04, 0x41, 0x10, 0x04,
    0x41, 0x60, 0x02, 0x41, 0x80, 0x02, 0x81, 0x00, 0x02, 0x07, 0x00, 0x20, 0x09, 0x00, 0x20, 0x31,
    0x00, 0x20, 0xC1, 0x00, 0x20, 0x01, 0x00, 0x60, 0x00, 0xFF, 0xC0, 0x08, 0x00, 0x00, 0x10, 0x00,
    0x00, 0x21, 0xFF, 0xE0, 0x40, 0x00, 0x44, 0xA0, 0x01, 0x09, 0x40, 0x04, 0x12, 0x40, 0x10, 0x24,
    0x80, 0x40, 0x48, 0x01, 0x01, 0x10, 0x04, 0x02, 0x20, 0x10, 0x00, 0x40, 0x20, 0x00, 0x80, 0x80,
    0x01, 0x02, 0x00, 0x02, 0x08, 0x00, 0x04, 0x20, 0x01, 0x08, 0x40, 0x02, 0x11, 0x00, 0x04, 0x22,
    0x00, 0x08, 0x46, 0x00, 0x30, 0x87, 0xFF, 0xC1, 0x00, 0x00, 0x00, 0x00, 0x20, 0x00, 0x00, 0x20,
    0x00, 0x00, 0x40, 0x03, 0xFF, 0xFF, 0xE0, 0x80, 0x00, 0x01, 0x00, 0x00, 0x02, 0x00, 0x00, 0x04,
    0x00, 0x00, 0x08, 0x00, 0x00, 0x10, 0x00, 0x00, 0x3F, 0xFF, 0xE0, 0x00, 0x00, 0x00, 0x00, 0x00,
    0x00, 0x04, 0x00, 0x00, 0x04, 0x00, 0x09, 0x04, 0x08, 0x22, 0x08, 0x10, 0x44, 0x08, 0x11, 0x08,
    0x00, 0x22, 0x10, 0x02, 0x28, 0x20, 0x04, 0x40, 0x40, 0x08, 0x00, 0xFF, 0xE0, 0x00, 0x08, 0x02,
    0x00, 0x08, 0x02, 0x00, 0x08, 0x02, 0x00, 0x08, 0x7F, 0xF8, 0x4A, 0x02, 0x08, 0x4A, 0x02, 0x08,
    0x49, 0x02, 0x08, 0x49, 0x02, 0x08, 0x48, 0x02, 0x08, 0x88, 0x02, 0x08, 0x08, 0x02, 0x08, 0x09,
    0xFF, 0xFF, 0x08, 0x02, 0x00, 0x08, 0x03, 0x00, 0x08, 0x05, 0x00, 0x08, 0x04, 0x80, 0x08, 0x08,
    0x80, 0x08, 0x08, 0x40, 0x08, 0x10, 0x20, 0x08, 0x20, 0x10, 0x08, 0xC0, 0x0C, 0x09, 0x00, 0x02,
    0x02, 0x00, 0x00, 0x08, 0x00, 0x00, 0x40, 0x00, 0x03, 0xFF, 0xFE, 0x08, 0x42, 0x10, 0x42, 0x10,
    0x42, 0x10, 0x41, 0x10, 0x42, 0x04, 0x02, 0x08, 0x10, 0x10, 0x40, 0x40, 0x82, 0x03, 0x0C, 0x08,
    0x08, 0x00, 0x40, 0x20, 0x06, 0x1F, 0x80, 0x04, 0x00, 0x00, 0x08, 0x00, 0x24, 0x10, 0x21, 0x10,
    0x40, 0x44, 0x40, 0x80, 0x91, 0x00, 0x21, 0x84, 0x00, 0x86, 0x10, 0x02, 0x00, 0x7F, 0xF0, 0x00,
    0x00, 0x00, 0x00, 0x00, 0x80, 0x00, 0x02, 0x00, 0x00, 0x08, 0x00, 0xFF, 0xFF, 0xFC, 0x01, 0x40,
    0x00, 0x05, 0x00, 0x00, 0x12, 0x00, 0x00, 0x84, 0x00, 0x04, 0x10, 0x00, 0x38, 0x30, 0x01, 0x18,
    0x60, 0x18, 0x10, 0x41, 0x80, 0x20, 0xE8, 0x04, 0x00, 0x41, 0x08, 0x00, 0x24, 0x10, 0x20, 0x90,
    0x20, 0x42, 0x40, 0x41, 0x11, 0x00, 0x12, 0x44, 0x00, 0x4A, 0x10, 0x02, 0x20, 0x3F, 0xF8, 0x00,
    0x00, 0x80, 0x00, 0x08, 0x20, 0x00, 0x80, 0x80, 0x08, 0x02, 0x01, 0x80, 0x0C, 0x1F, 0xFF, 0xF0,
    0x00, 0x00, 0x40, 0x00, 0x00, 0x1F, 0xFF, 0xC0, 0x80, 0x02, 0x04, 0x00, 0x10, 0x20, 0x00, 0x81,
    0x00, 0x04, 0x0F, 0xFF, 0xE0, 0x00, 0x00, 0x00, 0x10, 0x00, 0x00, 0x60, 0x01, 0x20, 0xC1, 0x11,
    0x02, 0x08, 0x88, 0x01, 0x24, 0x40, 0x08, 0xC2, 0x00, 0x44, 0x1F, 0xFC, 0x00, 0x08, 0x01, 0x00,
    0x10, 0x22, 0x00, 0x20, 0x44, 0x00, 0x41, 0x08, 0x04, 0xA2, 0x10, 0x09, 0x47, 0xFF, 0x92, 0x50,
    0x40, 0x24, 0xA0, 0x80, 0x48, 0x81, 0x01, 0x11, 0x02, 0x02, 0x20, 0x04, 0x00, 0x40, 0x08, 0x00,
    0x87, 0xFF, 0xC1, 0x00, 0x20, 0x02, 0x00, 0x40, 0x04, 0x00, 0x80, 0x08, 0x01, 0x00, 0x10, 0x02,
    0x00, 0x20, 0x04, 0x00, 0x40, 0x08, 0x00, 0x9F, 0xFF, 0xE1, 0x00, 0x00, 0x00, 0x02, 0x00, 0x80,
    0x02, 0x01, 0x00, 0x04, 0x04, 0x00, 0x04, 0x10, 0x00, 0x00, 0x20, 0x01, 0xFF, 0xFC, 0x02, 0x00,
    0x08, 0x04, 0x00, 0x10, 0x08, 0x00, 0x20, 0x10, 0x00, 0x40, 0x20, 0x00, 0x80, 0x40, 0x01, 0x00,
    0xFF, 0xFE, 0x00, 0x00, 0x00, 0x00, 0x18, 0x00, 0x00, 0x08, 0x00, 0x22, 0x08, 0x10, 0x44, 0x08,
    0x10, 0x88, 0x00, 0x22, 0x10, 0x02, 0x24, 0x20, 0x04, 0x40, 0x40, 0x08, 0x00, 0xFF, 0xE0, 0x00,
    0x00, 0x08, 0x00, 0x40, 0x20, 0x01, 0x00, 0x80, 0x04, 0x02, 0x00, 0x15, 0xFF, 0xFD, 0x50, 0x40,
    0x05, 0x41, 0x08, 0x14, 0x84, 0x20, 0x92, 0x10, 0x82, 0x40, 0x92, 0x29, 0x02, 0x48, 0x84, 0x09,
    0x22, 0x10, 0x24, 0x90, 0x41, 0x22, 0x41, 0x04, 0x9A, 0x04, 0x20, 0x60, 0x10, 0x81, 0x80, 0x44,
    0x09, 0x01, 0x20, 0x24, 0x04, 0x01, 0x08, 0x10, 0x0C, 0x10, 0x40, 0x60, 0x21, 0x06, 0x00, 0x40,
    0x00, 0x10, 0x00, 0x00, 0x40, 0x00, 0x02, 0x00, 0x03, 0xFF, 0xF8, 0x08, 0x00, 0x20, 0x20, 0x00,
    0x80, 0xFF, 0xFE, 0x02, 0x00, 0x08, 0x08, 0x00, 0x20, 0x20, 0x00, 0x80, 0xFF, 0xFE, 0x02, 0x00,
    0x08, 0x08, 0x00, 0x20, 0x3F, 0xFF, 0x80, 0x00, 0x00, 0x00, 0x08, 0x00, 0x02, 0x10, 0x10, 0x88,
    0x20, 0x42, 0x20, 0x40, 0x90, 0x80, 0x11, 0x42, 0x00, 0x46, 0x08, 0x01, 0x00, 0x3F, 0xF8, 0x00,
    0x02, 0x10, 0x00, 0x04, 0x20, 0x00, 0x10, 0x80, 0x00, 0x21, 0xFF, 0xF0, 0x84, 0x00, 0x43, 0x10,
    0x20, 0x8A, 0x20, 0x42, 0x24, 0x88, 0x90, 0x08, 0x11, 0x10, 0x10, 0x42, 0x10, 0x21, 0x04, 0x20,
    0x42, 0x08, 0x20, 0x80, 0x10, 0x01, 0x01, 0xE0, 0x00, 0x08, 0x00, 0x00, 0x08, 0x00, 0x12, 0x08,
    0x10, 0x24, 0x10, 0x10, 0x88, 0x10, 0x21, 0x10, 0x01, 0x24, 0x20, 0x02, 0x48, 0x40, 0x04, 0x40,
    0x7F, 0xF0, 0x00, 0x10, 0x02, 0x00, 0x23, 0xFF, 0xF8, 0x40, 0x08, 0x00, 0xA0, 0x10, 0x05, 0x4F,
    0xFF, 0xCA, 0x80, 0x40, 0x14, 0x00, 0x80, 0x49, 0xFF, 0xFF, 0x93, 0xFF, 0xFF, 0x20, 0x00, 0x00,
    0x41, 0xFF, 0xE0, 0x82, 0x00, 0x41, 0x04, 0x00, 0x82, 0x0F, 0xFF, 0x04, 0x10, 0x02, 0x08, 0x20,
    0x04, 0x10, 0x40, 0x08, 0x20, 0xFF, 0xF0, 0x41, 0x00, 0x20, 0x82, 0x00, 0x41, 0x04, 0x00, 0x82,
    0x08, 0x0F, 0x00, 0x10, 0x7F, 0xF0, 0x41, 0x08, 0x41, 0x08, 0x21, 0x04, 0x21, 0x04, 0x5B, 0xFF,
    0xFD, 0x52, 0x10, 0x45, 0x48, 0x41, 0x25, 0x3F, 0xFC, 0x90, 0x00, 0x02, 0x40, 0x00, 0x09, 0x0F,
    0xFF, 0x04, 0x20, 0x04, 0x10, 0x80, 0x10, 0x42, 0x10, 0x41, 0x08, 0x41, 0x04, 0x21, 0x04, 0x10,
    0x84, 0x10, 0x42, 0x10, 0x41, 0x00, 0x90, 0x04, 0x04, 0x30, 0x10, 0x60, 0x30, 0x4E, 0x00, 0x30,
    0x10, 0x08, 0x00, 0x40, 0x20, 0x01, 0x1F, 0xFF, 0xC4, 0x04, 0x00, 0x54, 0x1F, 0xFA, 0x50, 0x82,
    0x09, 0x24, 0x08, 0x24, 0x20, 0x20, 0x91, 0x3F, 0xFE, 0x48, 0x00, 0x01, 0x00, 0x00, 0x04, 0x0F,
    0xFE, 0x10, 0x40, 0x08, 0x41, 0x00, 0x21, 0x03, 0xFF, 0x84, 0x10, 0x02, 0x10, 0x40, 0x08, 0x40,
    0xFF, 0xE1, 0x04, 0x00, 0x84, 0x10, 0x02, 0x10, 0x40, 0x08, 0x41, 0x01, 0xE0, 0x00, 0x20, 0x00,
    0x01, 0x00, 0x1F, 0xFF, 0xFC, 0x08, 0x02, 0x00, 0x20, 0x20, 0x01, 0x01, 0x03, 0xFF, 0xFF, 0xE0,
    0x00, 0x00, 0x00, 0x00, 0x00, 0xFF, 0xFE, 0x04, 0x00, 0x10, 0x20, 0x00, 0x81, 0xFF, 0xFC, 0x08,
    0x00, 0x20, 0x40, 0x01, 0x03, 0xFF, 0xF8, 0x00, 0x00, 0x00, 0x03, 0x02, 0x09, 0x04, 0x08, 0x48,
    0x12, 0x44, 0x40, 0x11, 0x62, 0x01, 0x04, 0x0F, 0xF8, 0x00, 0x00, 0x00, 0x00, 0x10, 0x10, 0x00,
    0x88, 0x43, 0x04, 0x11, 0x70, 0x7F, 0xE6, 0x04, 0x00, 0x50, 0x10, 0x00, 0x40, 0x4F, 0xF1, 0xFE,
    0x20, 0x40, 0x00, 0xFF, 0x10, 0x22, 0x04, 0x43, 0x08, 0x11, 0x70, 0x3F, 0xC6, 0x00, 0x81, 0x10,
    0x12, 0x04, 0x40, 0x48, 0x71, 0xFE, 0x00, 0x20, 0x00, 0x88, 0x40, 0x42, 0x20, 0x80, 0x90, 0x82,
    0x22, 0x42, 0x00, 0x86, 0x08, 0x02, 0x10, 0x3F, 0xF0, 0x00, 0x10, 0x7F, 0xF0, 0x20, 0x84, 0x20,
    0x41, 0x08, 0x40, 0x9F, 0xFF, 0xE5, 0x48, 0x21, 0x0A, 0x90, 0x42, 0x15, 0x3F, 0xFC, 0x2A, 0x00,
    0x00, 0x90, 0xFF, 0xF1, 0x21, 0x00, 0x20, 0x42, 0x00, 0x40, 0x87, 0xFF, 0x81, 0x08, 0x01, 0x02,
    0x10, 0x02, 0x04, 0x3F, 0xFC, 0x08, 0x40, 0x08, 0x10, 0x80, 0x10, 0x21, 0xFF, 0xE0, 0x40, 0x00,
    0x00, 0x81, 0x03, 0x01, 0x0C, 0x01, 0x82, 0x60, 0x00, 0x80, 0x00, 0x00, 0x80, 0x07, 0x82, 0x01,
    0xF0, 0x04, 0x00, 0x20, 0x7F, 0xC0, 0x40, 0x80, 0x9F, 0xFD, 0x01, 0x01, 0x03, 0xFE, 0x02, 0x04,
    0x04, 0x04, 0x08, 0x08, 0x7F, 0x9F, 0xF0, 0x81, 0x20, 0x21, 0x02, 0x40, 0x42, 0x04, 0x80, 0x87,
    0xF9, 0xFF, 0x08, 0x02, 0x02, 0x00, 0x60, 0x00, 0x00, 0x30, 0x00, 0x24, 0x30, 0xC0, 0x88, 0x00,
    0x41, 0x10, 0x04, 0x44, 0x20, 0x08, 0x50, 0x40, 0x10, 0x40, 0x7F, 0xC0, 0x00, 0x00, 0x04, 0x00,
    0x00, 0x09, 0x80, 0x00, 0x10, 0xC0, 0x00, 0x20, 0x40, 0x00, 0x40, 0x03, 0xFF, 0xFF, 0xC4, 0x01,
    0x00, 0x08, 0x02, 0x00, 0x10, 0x04, 0x08, 0x3F, 0x84, 0x20, 0x41, 0x08, 0x40, 0x82, 0x10, 0x81,
    0x04, 0x22, 0x02, 0x08, 0x44, 0x0C, 0x10, 0x90, 0x18, 0x20, 0xC0, 0x30, 0x41, 0x80, 0x60, 0x82,
    0x04, 0x9F, 0x0A, 0x09, 0x00, 0x24, 0x16, 0x01, 0x84, 0x28, 0x04, 0x04, 0xE0, 0x10, 0x07, 0x00,
    0x00, 0xE4, 0x40, 0x1E, 0x08, 0x41, 0xC8, 0x10, 0x40, 0x10, 0x20, 0x40, 0x20, 0x40, 0x00, 0x40,
    0x80, 0x00, 0x81, 0x00, 0x7F, 0xFF, 0xFE, 0x02, 0x02, 0x00, 0x04, 0x04, 0x00, 0x08, 0x08, 0x40,
    0x10, 0x11, 0x00, 0x27, 0x22, 0x00, 0xF0, 0x48, 0x3E, 0x80, 0x60, 0x01, 0x00, 0x80, 0x02, 0x03,
    0x00, 0x04, 0x09, 0x04, 0x08, 0x62, 0x08, 0x11, 0x02, 0x10, 0x24, 0x02, 0x67, 0xC0, 0x03, 0x80,
    0x00, 0x09, 0x80, 0x00, 0x21, 0x00, 0x00, 0x83, 0x00, 0x02, 0x00, 0xFF, 0xFF, 0xF8, 0x00, 0x20,
    0x00, 0x00, 0x80, 0x00, 0x02, 0x00, 0x3F, 0xC4, 0x11, 0x01, 0x10, 0x84, 0x04, 0x42, 0x10, 0x11,
    0x10, 0x40, 0x44, 0x41, 0x01, 0x12, 0x04, 0x04, 0x28, 0x0F, 0xF0, 0xC0, 0x00, 0x02, 0x00, 0x00,
    0x18, 0x00, 0x0E, 0x90, 0x47, 0xC4, 0x41, 0xE0, 0x20, 0x88, 0x03, 0x01, 0x20, 0x00, 0x03, 0x80,
    0x02, 0x02, 0x00, 0x08, 0x0A, 0x00, 0x20, 0x26, 0x1F, 0xFC, 0x84, 0x02, 0x02, 0x08, 0x08, 0x08,
    0x00, 0x20, 0x20, 0x3F, 0xFF, 0xFF, 0x00, 0x02, 0x00, 0x44, 0x08, 0x01, 0x00, 0x21, 0x0F, 0xFC,
    0xC4, 0x61, 0x03, 0x21, 0x84, 0x04, 0x8B, 0xFF, 0x14, 0x08, 0x40, 0x50, 0x21, 0x01, 0x80, 0xFF,
    0xC6, 0x02, 0x10, 0x18, 0x48, 0x40, 0xA1, 0x3F, 0xF2, 0x44, 0x80, 0x11, 0x92, 0x01, 0x83, 0x80,
    0x00, 0x10, 0x00, 0x01, 0x00, 0x00, 0x08, 0x00, 0x00, 0x80, 0x0F, 0xFF, 0xF0, 0x80, 0x01, 0x08,
    0x00, 0x10, 0x80, 0x01, 0x08, 0x00, 0x11, 0x80, 0x01, 0x18, 0x00, 0x11, 0xFF, 0xFF, 0x18, 0x00,
    0x11, 0x80, 0x01, 0x18, 0x00, 0x01, 0x00, 0x00, 0x10, 0x00, 0x03, 0x00, 0x00, 0x20, 0x00, 0x02,
    0x00, 0x00, 0x40, 0x00, 0x04, 0x00, 0x00, 0x80, 0x00, 0x00, 0x00, 0x00, 0x00, 0x00, 0x20, 0x00,
    0x00, 0x40, 0x00, 0x00, 0x40, 0x03, 0xFF, 0xFF, 0x86, 0x00, 0x01, 0x0C, 0x00, 0x02, 0x18, 0x00,
    0x04, 0x3F, 0xFF, 0xF8, 0x60, 0x00, 0x00, 0xC0, 0x20, 0x01, 0x80, 0x40, 0x03, 0x00, 0x80, 0x06,
    0xFF, 0xFF, 0x8C, 0x05, 0x00, 0x18, 0x0A, 0x00, 0x20, 0x22, 0x00, 0x40, 0x42, 0x01, 0x81, 0x02,
    0x02, 0x0C, 0x02, 0x08, 0x60, 0x03, 0x07, 0x00, 0x01, 0xC0, 0x00, 0x20, 0x0C, 0x03, 0x80, 0xE1,
    0xF8, 0x3E, 0x03, 0x00, 0x60, 0x06, 0x00, 0xC0, 0x0C, 0x01, 0x80, 0x1F, 0xF3, 0x00, 0x30, 0x26,
    0x00, 0x60, 0x4C, 0x00, 0xC0, 0x9F, 0xFD, 0x81, 0x30, 0x83, 0x02, 0x61, 0x07, 0xFC, 0xC2, 0x0C,
    0x01, 0x84, 0x18, 0x03, 0x08, 0x30, 0x06, 0x10, 0x60, 0x0C, 0x20, 0xC0, 0x18, 0x41, 0x00, 0x20,
    0x82, 0x00, 0x41, 0x04, 0x01, 0x02, 0x10, 0x02, 0x04, 0x20, 0x08, 0x08, 0x00, 0x00, 0x00, 0x30,
    0x00, 0x3F, 0x80, 0xFF, 0xC0, 0x00, 0x00, 0x80, 0x00, 0x01, 0x00, 0x00, 0x02, 0x00, 0x00, 0x04,
    0x00, 0x1F, 0xFF, 0xFC, 0x00, 0x10, 0x00, 0x00, 0x20, 0x00, 0x00, 0x40, 0x00, 0x00, 0x80, 0x00,
    0x01, 0x00, 0x1F, 0xFF, 0xFF, 0xC0, 0x04, 0x00, 0x00, 0x08, 0x00, 0x00, 0x10, 0x00, 0x00, 0x20,
    0x00, 0x00, 0x40, 0x00, 0x00, 0x80, 0x00, 0x01, 0x00, 0x00, 0x02, 0x00, 0x00, 0xFC, 0x00, 0x00,
    0x08, 0x00, 0x00, 0x10, 0x00, 0x00, 0x20, 0x00, 0x00, 0x43, 0xFF, 0xF0, 0x80, 0x04, 0x1F, 0xF0,
    0x08, 0x02, 0x00, 0x10, 0x04, 0x00, 0x20, 0x08, 0x00, 0x40, 0x10, 0x00, 0x80, 0x20, 0x01, 0x00,
    0x4C, 0x02, 0x00, 0xE0, 0x04, 0x0F, 0x00, 0x08, 0x22, 0x00, 0x10, 0x04, 0x00, 0x20, 0x08, 0x00,
    0x40, 0x10, 0x00, 0x80, 0x20, 0x01, 0x00, 0x40, 0x02, 0x00, 0x80, 0x04, 0x01, 0x00, 0x08, 0x1E,
    0x03, 0xF0, 0x00, 0x08, 0x01, 0x00, 0x10, 0x01, 0x00, 0x20, 0x02, 0x00, 0x40, 0x00, 0x00, 0x87,
    0xFF, 0xEF, 0xEC, 0x00, 0x02, 0x18, 0x00, 0x04, 0x30, 0x00, 0x08, 0x60, 0x00, 0x10, 0xC0, 0x00,
    0x21, 0x80, 0x00, 0x4B, 0x00, 0x00, 0xE6, 0x00, 0x07, 0x0C, 0x00, 0x12, 0x18, 0x00, 0x04, 0x30,
    0x00, 0x08, 0x60, 0x00, 0x10, 0x80, 0x00, 0x21, 0x00, 0x00, 0x46, 0x00, 0x00, 0x88, 0x00, 0x01,
    0x10, 0x00, 0x1E, 0x40, 0x00, 0x00, 0x08, 0x00, 0x00, 0x40, 0x00, 0x02, 0x00, 0x00, 0x10, 0xFF,
    0xF0, 0x80, 0x00, 0xFF, 0xC0, 0x04, 0x20, 0x00, 0x21, 0x00, 0x01, 0x08, 0x00, 0x08, 0x40, 0x00,
    0x42, 0x00, 0x02, 0x10, 0x7F, 0xF0, 0x98, 0x00, 0x8F, 0x00, 0x07, 0xA0, 0x00, 0x21, 0x00, 0x01,
    0x08, 0x00, 0x08, 0x40, 0x00, 0x42, 0x00, 0x02, 0x10, 0x00, 0x10, 0x87, 0xFF, 0x84, 0x00, 0x05,
    0xE0, 0x00, 0x20, 0x08, 0x08, 0x00, 0x10, 0x11, 0x00, 0x20, 0x21, 0x00, 0x40, 0x41, 0x00, 0x80,
    0x80, 0x1F, 0xE1, 0x00, 0x02, 0x02, 0x3F, 0x04, 0x3F, 0x80, 0x08, 0x04, 0x00, 0x10, 0x08, 0x00,
    0x20, 0x10, 0x00, 0x4C, 0x20, 0x80, 0xE0, 0x42, 0x0F, 0x00, 0x44, 0x22, 0x00, 0x90, 0x04, 0x01,
    0x40, 0x08, 0x01, 0x00, 0x10, 0x06, 0x00, 0x20, 0x14, 0x08, 0x40, 0x44, 0x20, 0x83, 0x0C, 0x41,
    0x18, 0x0C, 0x9E, 0x00, 0x0E, 0x00, 0x0F, 0xFF, 0xE0, 0x00, 0x01, 0x80, 0x00, 0x04, 0x00, 0x00,
    0x30, 0x00, 0x01, 0x88, 0x0F, 0xC2, 0x10, 0x80, 0x84, 0x22, 0x01, 0x7F, 0xC8, 0x02, 0x10, 0x60,
    0x04, 0x20, 0x80, 0x10, 0x41, 0x00, 0x27, 0xF9, 0x00, 0x81, 0x02, 0x01, 0x02, 0x02, 0x04, 0x04,
    0x04, 0x09, 0xFF, 0xC4, 0x20, 0x10, 0x04, 0x80, 0x20, 0x0C, 0x00, 0x40, 0x00, 0x00, 0x80, 0x00,
    0x1F, 0x00, 0x00, 0x08, 0x01, 0x00, 0x10, 0x02, 0x00, 0x20, 0x04, 0x00, 0x40, 0x08, 0x00, 0x87,
    0xFF, 0xDF, 0xE0, 0x20, 0x02, 0x00, 0x40, 0x04, 0x00, 0x80, 0x08, 0x01, 0x00, 0x10, 0x02, 0x00,
    0x21, 0xFF, 0xF0, 0x41, 0x00, 0x40, 0x92, 0x00, 0x81, 0xC2, 0x02, 0x3E, 0x04, 0x04, 0x04, 0x04,
    0x10, 0x08, 0x04, 0x40, 0x10, 0x05, 0x00, 0x20, 0x04, 0x00, 0x40, 0x14, 0x00, 0x80, 0xC6, 0x01,
    0x06, 0x03, 0x1E, 0x30, 0x01, 0x00, 0x08, 0x00, 0x00, 0x10, 0x3F, 0x80, 0x20, 0x41, 0x00, 0x40,
    0x82, 0x00, 0x81, 0x04, 0x1F, 0xF2, 0x08, 0x02, 0x08, 0x10, 0x04, 0x10, 0x20, 0x08, 0x40, 0x3C,
    0x11, 0x00, 0x00, 0x20, 0x00, 0x00, 0x5F, 0xFF, 0x80, 0xC4, 0x01, 0x0F, 0x04, 0x06, 0x22, 0x08,
    0x08, 0x04, 0x08, 0x20, 0x08, 0x08, 0x80, 0x10, 0x0A, 0x00, 0x20, 0x08, 0x00, 0x40, 0x4C, 0x00,
    0x83, 0x06, 0x01, 0x30, 0x03, 0x1E, 0x00, 0x01, 0x00, 0x00, 0x00, 0x00, 0x10, 0x08, 0x00, 0x20,
    0x08, 0x00, 0x40, 0x10, 0x00, 0x80, 0x10, 0x01, 0x0F, 0xFF, 0xFF, 0xC0, 0x00, 0x04, 0x00, 0x00,
    0x08, 0x00, 0x00, 0x10, 0x00, 0x00, 0x20, 0x7F, 0x80, 0x40, 0x81, 0x00, 0x81, 0x02, 0x01, 0x32,
    0x04, 0x07, 0x84, 0x08, 0x74, 0x08, 0x10, 0x08, 0x10, 0x20, 0x10, 0x20, 0x40, 0x20, 0x80, 0x80,
    0x41, 0x01, 0x10, 0x82, 0x02, 0x21, 0x08, 0x04, 0x42, 0x20, 0x08, 0xBC, 0xC0, 0x1F, 0x08, 0x08,
    0x00, 0x10, 0x10, 0x00, 0x20, 0x20, 0x00, 0x40, 0x40, 0x00, 0x80, 0x80, 0x1F, 0xEF, 0xFF, 0x82,
    0x02, 0x00, 0x04, 0x04, 0x00, 0x08, 0x08, 0x00, 0x10, 0x10, 0x00, 0x20, 0x3F, 0xE0, 0x40, 0xC0,
    0x40, 0xB1, 0x81, 0x03, 0x82, 0x82, 0x3A, 0x05, 0x04, 0x04, 0x11, 0x10, 0x08, 0x22, 0x20, 0x10,
    0x42, 0x80, 0x21, 0x02, 0x00, 0x42, 0x0A, 0x00, 0x88, 0x22, 0x01, 0x21, 0x83, 0x1E, 0x0C, 0x01,
    0x80, 0x08, 0x00, 0x00, 0x10, 0x00, 0x00, 0x20, 0xFF, 0xE0, 0x41, 0x00, 0x40, 0x82, 0x00, 0x9F,
    0xF4, 0x01, 0x02, 0x08, 0x02, 0x04, 0x10, 0x04, 0x08, 0x20, 0x08, 0x10, 0x40, 0x10, 0x20, 0xFF,
    0xE0, 0x41, 0x08, 0x00, 0xF2, 0x08, 0x0F, 0x04, 0x10, 0x22, 0x18, 0x20, 0x04, 0x30, 0x20, 0x08,
    0x40, 0x40, 0x10, 0x80, 0x40, 0x21, 0x00, 0x80, 0x46, 0x00, 0x80, 0x88, 0x00, 0x81, 0x20, 0x00,
    0xBE, 0x40, 0x00, 0x80, 0x08, 0x02, 0x00, 0x20, 0x04, 0x00, 0x80, 0x08, 0x02, 0x00, 0x20, 0x08,
    0x3F, 0xFF, 0xFC, 0x80, 0x10, 0x82, 0x00, 0x42, 0x08, 0x01, 0x08, 0x20, 0x04, 0x20, 0x80, 0x10,
    0x82, 0x00, 0x42, 0x0F, 0xFF, 0x0F, 0x20, 0x04, 0xE0, 0x80, 0x1C, 0x82, 0x00, 0x02, 0x18, 0x00,
    0x08, 0x60, 0x00, 0x21, 0x00, 0x00, 0x84, 0x00, 0x02, 0x10, 0x00, 0x08, 0x80, 0x00, 0x22, 0x00,
    0x07, 0x90, 0x00, 0x00, 0x08, 0x00, 0x00, 0x10, 0x7F, 0xE0, 0x20, 0x80, 0x40, 0x41, 0x00, 0x80,
    0x82, 0x01, 0x1F, 0xE4, 0x02, 0x02, 0x08, 0xFC, 0x04, 0x10, 0x00, 0x08, 0x20, 0x00, 0x10, 0x7F,
    0xF0, 0x20, 0xA0, 0x40, 0x49, 0x40, 0x80, 0xE2, 0x41, 0x0F, 0x04, 0x84, 0x22, 0x08, 0x88, 0x04,
    0x10, 0xA0, 0x08, 0x21, 0x40, 0x10, 0x41, 0x00, 0x20, 0x83, 0x00, 0x41, 0x09, 0x00, 0x82, 0x21,
    0x01, 0x04, 0x81, 0xBE, 0x0A, 0x00, 0x00, 0x08, 0x00, 0x00, 0x20, 0x00, 0x00, 0x83, 0xFF, 0xC2,
    0x08, 0x41, 0x08, 0x21, 0x05, 0xFC, 0x84, 0x10, 0x82, 0x10, 0x42, 0x0F, 0xFF, 0x08, 0x21, 0x04,
    0x20, 0x84, 0x10, 0x82, 0x10, 0x42, 0x08, 0x41, 0x0F, 0x21, 0x04, 0xE0, 0xFF, 0xFC, 0x82, 0x10,
    0x42, 0x08, 0x40, 0x08, 0x01, 0x00, 0x20, 0x04, 0x00, 0x80, 0x10, 0x02, 0x00, 0x40, 0x08, 0x01,
    0x00, 0x20, 0x04, 0x07, 0x80, 0x10, 0x00, 0x08, 0x00, 0x00, 0x20, 0x00, 0x00, 0x83, 0xFF, 0x02,
    0x10, 0x04, 0x08, 0x40, 0x13, 0xFD, 0x00, 0x40, 0x84, 0x01, 0x02, 0x10, 0x04, 0x08, 0x40, 0x10,
    0x20, 0xFF, 0xC0, 0x84, 0x01, 0x02, 0x10, 0x04, 0x0F, 0x40, 0x11, 0xE1, 0x00, 0x48, 0x84, 0x01,
    0x02, 0x10, 0x04, 0x08, 0x3F, 0xF0, 0x20, 0x00, 0x00, 0x80, 0x00, 0x02, 0x00, 0x00, 0x08, 0x00,
    0x00, 0x27, 0xFF, 0xF7, 0x80, 0x00, 0x00, 0x08, 0x02, 0x00, 0x10, 0x04, 0x00, 0x20, 0x04, 0x00,
    0x40, 0x08, 0x00, 0x80, 0x00, 0x0F, 0xE7, 0xFF, 0x82, 0x00, 0x00, 0x04, 0x00, 0x00, 0x08, 0x10,
    0x10, 0x10, 0x20, 0x20, 0x20, 0x40, 0x40, 0x40, 0x81, 0x00, 0xF0, 0x82, 0x07, 0x01, 0x04, 0x12,
    0x02, 0x08, 0x04, 0x04, 0x10, 0x08, 0x08, 0x40, 0x10, 0x08, 0x80, 0x20, 0x11, 0x00, 0x40, 0x02,
    0x00, 0x80, 0x08, 0x01, 0x1F, 0xFF, 0xDE, 0x00, 0x00, 0x00, 0x08, 0x02, 0x00, 0x10, 0x04, 0x00,
    0x20, 0x04, 0x00, 0x40, 0x08, 0x00, 0x87, 0xFF, 0xFF, 0xE8, 0x00, 0x02, 0x10, 0x00, 0x04, 0x20,
    0x80, 0x08, 0x41, 0x00, 0x10, 0x82, 0x00, 0x21, 0x04, 0x00, 0x4A, 0x10, 0x00, 0xE4, 0x22, 0x0F,
    0x08, 0x42, 0x22, 0x31, 0x04, 0x04, 0x62, 0x04, 0x08, 0x84, 0x08, 0x11, 0x08, 0x10, 0x22, 0x20,
    0x10, 0x44, 0x41, 0xE0, 0x91, 0xFC, 0x21, 0x20, 0x00, 0x5E, 0x00, 0x00, 0x00, 0x08, 0x00, 0x00,
    0x10, 0x00, 0x00, 0x21, 0xFF, 0xE0, 0x40, 0x80, 0x40, 0x81, 0x01, 0x1F, 0xE1, 0x04, 0x02, 0x01,
    0x10, 0x04, 0x01, 0xC0, 0x08, 0x06, 0x80, 0x10, 0x30, 0xC0, 0x23, 0x80, 0x70, 0x58, 0x08, 0x10,
    0xC0, 0x10, 0x0F, 0x07, 0xFF, 0x22, 0x00, 0x40, 0x04, 0x00, 0x80, 0x08, 0x01, 0x00, 0x11, 0xFF,
    0xFC, 0x20, 0x04, 0x00, 0x40, 0x08, 0x00, 0x80, 0x10, 0x01, 0x00, 0x20, 0x1E, 0x00, 0x40, 0x00,
    0x08, 0x01, 0x00, 0x08, 0x01, 0x00, 0x08, 0x01, 0x00, 0x08, 0x7F, 0xFC, 0x08, 0x01, 0x00, 0xFF,
    0x01, 0x00, 0x08, 0x01, 0x00, 0x08, 0x01, 0x00, 0x08, 0x01, 0x00, 0x08, 0xFF, 0xFF, 0x08, 0x00,
    0x10, 0x08, 0x00, 0x10, 0x0F, 0x00, 0x10, 0x38, 0x7F, 0xFE, 0xC8, 0x00, 0x10, 0x08, 0x00, 0x10,
    0x08, 0x10, 0x10, 0x08, 0x08, 0x10, 0x08, 0x04, 0x10, 0x08, 0x04, 0x10, 0x08, 0x00, 0x10, 0x08,
    0x00, 0x10, 0x78, 0x01, 0xF0, 0x08, 0x20, 0x00, 0x10, 0x40, 0x00, 0x20, 0x80, 0xC0, 0x41, 0x3E,
    0x00, 0x83, 0x80, 0x1F, 0xE4, 0x00, 0x42, 0x08, 0x00, 0x84, 0x10, 0x01, 0x08, 0x20, 0x02, 0x10,
    0x7F, 0xF8, 0x20, 0x00, 0x00, 0x44, 0x00, 0x00, 0xF3, 0xFF, 0xCF, 0x04, 0x00, 0xA2, 0x08, 0x01,
    0x04, 0x10, 0x02, 0x08, 0x3F, 0xFC, 0x10, 0x40, 0x08, 0x20, 0x80, 0x10, 0x41, 0x00, 0x20, 0x82,
    0x00, 0x41, 0x07, 0xFF, 0x9E, 0x08, 0x01, 0x00, 0x08, 0x02, 0x00, 0x10, 0x02, 0x00, 0x20, 0x04,
    0x00, 0x43, 0xFF, 0xF0, 0x88, 0x00, 0x3F, 0xF0, 0x40, 0x42, 0x20, 0x80, 0x84, 0x42, 0x01, 0x08,
    0x04, 0x00, 0x10, 0x10, 0x00, 0x23, 0xFF, 0xF8, 0x40, 0x40, 0x80, 0x91, 0x02, 0x01, 0xC4, 0x04,
    0x1E, 0x08, 0x08, 0x04, 0x18, 0x20, 0x08, 0x0C, 0x40, 0x10, 0x05, 0x00, 0x20, 0x06, 0x00, 0x40,
    0x13, 0x00, 0x80, 0x41, 0x01, 0x03, 0x01, 0x9E, 0x38, 0x00, 0x00, 0x10, 0x02, 0x00, 0x40, 0x08,
    0x01, 0x00, 0x20, 0x04, 0x08, 0xFE, 0x10, 0x22, 0x03, 0xF8, 0x88, 0x01, 0x02, 0x20, 0x04, 0x08,
    0x80, 0x11, 0xFF, 0xFC, 0x40, 0x08, 0x01, 0x00, 0x20, 0x04, 0x08, 0x82, 0x16, 0x22, 0x10, 0xE0,
    0x88, 0x4D, 0x04, 0x21, 0x04, 0x20, 0x88, 0x10, 0x02, 0x40, 0x40, 0x01, 0x01, 0x00, 0x08, 0x04,
    0x00, 0xC0, 0x10, 0x04, 0x00, 0x40, 0xE0, 0x0F, 0x0C, 0x00, 0x00, 0x08, 0x00, 0x00, 0x08, 0x1F,
    0xF8, 0x08, 0x10, 0x08, 0x08, 0x10, 0x08, 0x08, 0x10, 0x08, 0x08, 0x10, 0x08, 0x7F, 0x1F, 0xF8,
    0x08, 0x00, 0x00, 0x08, 0x00, 0x00, 0x08, 0x3F, 0xFC, 0x08, 0x20, 0x04, 0x08, 0x20, 0x04, 0x0B,
    0x21, 0x04, 0x1C, 0x21, 0x04, 0xE8, 0x21, 0x04, 0x08, 0x21, 0x04, 0x08, 0x21, 0x04, 0x08, 0x22,
    0x04, 0x08, 0x02, 0x40, 0x08, 0x04, 0x20, 0x08, 0x18, 0x18, 0x08, 0x60, 0x06, 0x78, 0x80, 0x02,
    0x10, 0x08, 0x00, 0x20, 0x10, 0x00, 0x40, 0x7F, 0x80, 0x80, 0x82, 0x01, 0x02, 0x08, 0x02, 0x08,
    0x10, 0x3F, 0x10, 0x40, 0x08, 0x7F, 0xF8, 0x10, 0x42, 0x10, 0x20, 0x84, 0x20, 0x41, 0x08, 0x40,
    0x82, 0x10, 0x81, 0x64, 0x21, 0x07, 0x08, 0x42, 0x34, 0x7F, 0xFF, 0x08, 0x03, 0x00, 0x10, 0x0D,
    0x00, 0x20, 0x12, 0x00, 0x40, 0x42, 0x00, 0x81, 0x02, 0x01, 0x04, 0x02, 0x02, 0x30, 0x03, 0x1D,
    0x80, 0x01, 0x00, 0x08, 0x00, 0x00, 0x10, 0xFF, 0xF8, 0x21, 0x80, 0x10, 0x43, 0x00, 0x20, 0x86,
    0x00, 0x41, 0x0C, 0x00, 0x9F, 0xDF, 0xFF, 0x04, 0x3F, 0xFE, 0x08, 0x60, 0x80, 0x10, 0xC1, 0x00,
    0x21, 0xFF, 0xF8, 0x43, 0x04, 0x00, 0xF6, 0x08, 0x07, 0x0C, 0x10, 0x32, 0x18, 0x20, 0x04, 0x3F,
    0xFE, 0x08, 0x50, 0x04, 0x10, 0xA0, 0x08, 0x23, 0x40, 0x10, 0x46, 0x80, 0x20, 0x89, 0x00, 0x41,
    0x23, 0xFF, 0x9E, 0x44, 0x01, 0x00, 0x08, 0x00, 0x1C, 0x10, 0x07, 0xC0, 0x23, 0xF0, 0x00, 0x40,
    0x10, 0x20, 0x82, 0x10, 0x9F, 0xE4, 0x21, 0x02, 0x08, 0x44, 0x04, 0x00, 0x10, 0x08, 0xFF, 0xFE,
    0x11, 0x00, 0x04, 0x22, 0x00, 0x08, 0x44, 0x00, 0x10, 0xF7, 0xFF, 0x8F, 0x02, 0x01, 0x02, 0x04,
    0x04, 0x04, 0x04, 0x10, 0x08, 0x08, 0x20, 0x10, 0x08, 0x80, 0x20, 0x0E, 0x00, 0x40, 0x14, 0x00,
    0x80, 0xC6, 0x01, 0x0E, 0x03, 0x1E, 0x20, 0x01, 0x80, 0x08, 0x04, 0x40, 0x10, 0x08, 0x80, 0x20,
    0x11, 0x00, 0x40, 0x22, 0x00, 0x87, 0xC7, 0xFF, 0xE0, 0x88, 0x02, 0x01, 0x10, 0x04, 0x02, 0x20,
    0x08, 0x04, 0x40, 0x10, 0x08, 0x80, 0x21, 0xF1, 0xF0, 0x40, 0x22, 0x00, 0xB0, 0x44, 0x07, 0x80,
    0x88, 0x32, 0x01, 0x10, 0x04, 0x7E, 0x3F, 0x08, 0x04, 0x40, 0x10, 0x08, 0x80, 0x20, 0x11, 0x00,
    0x40, 0x22, 0x00, 0x80, 0x44, 0x01, 0x00, 0x88, 0x1E, 0x01, 0x10, 0x00, 0x08, 0x02, 0x00, 0x08,
    0x01, 0x00, 0x08, 0x01, 0x00, 0x08, 0x7F, 0xFE, 0x08, 0x00, 0x00, 0x7F, 0x08, 0x10, 0x08, 0x08,
    0x10, 0x08, 0x04, 0x20, 0x08, 0x00, 0x40, 0x08, 0xFF, 0xFF, 0x08, 0x02, 0x00, 0x08, 0x02, 0x00,
    0x0E, 0x04, 0x00, 0x38, 0xFF, 0xFF, 0xC8, 0x08, 0x10, 0x08, 0x10, 0x10, 0x08, 0x10, 0x10, 0x08,
    0x38, 0x20, 0x08, 0x07, 0x40, 0x08, 0x00, 0xC0, 0x08, 0x03, 0x30, 0x08, 0x3C, 0x0C, 0x78, 0xC0,
    0x02, 0x08, 0x02, 0x00, 0x10, 0x02, 0x00, 0x20, 0x04, 0x00, 0x43, 0xFF, 0xF0, 0x84, 0x00, 0x3F,
    0xE8, 0x00, 0x42, 0x11, 0x10, 0x84, 0x24, 0x10, 0x08, 0x08, 0x10, 0x10, 0x20, 0x10, 0x20, 0x80,
    0x10, 0x40, 0x00, 0x00, 0xE0, 0x00, 0x03, 0x07, 0xFF, 0x3A, 0x00, 0x40, 0x04, 0x00, 0x80, 0x08,
    0x01, 0x00, 0x10, 0x02, 0x00, 0x20, 0x04, 0x00, 0x40, 0x08, 0x00, 0x80, 0x10, 0x01, 0x3F, 0xFF,
    0xDE, 0x00, 0x00, 0x00, 0x08, 0x20, 0x10, 0x10, 0x20, 0x20, 0x20, 0x40, 0x80, 0x40, 0x42, 0x00,
    0x80, 0x04, 0x0F, 0xFF, 0xF7, 0xC2, 0x00, 0x00, 0x04, 0x00, 0x00, 0x08, 0xFC, 0x04, 0x11, 0x08,
    0x88, 0x22, 0x11, 0x10, 0x4C, 0x22, 0x20, 0xEF, 0xC4, 0x4F, 0x10, 0x88, 0x82, 0x21, 0x11, 0x04,
    0x42, 0x22, 0x08, 0xFC, 0x44, 0x11, 0x08, 0x88, 0x22, 0x10, 0x10, 0x44, 0x20, 0x20, 0x88, 0x40,
    0x41, 0x10, 0x80, 0x9E, 0x27, 0x0F, 0x00, 0x08, 0x08, 0x10, 0x08, 0x08, 0x10, 0x08, 0x08, 0x10,
    0x08, 0x08, 0x10, 0x08, 0xFF, 0xFE, 0x7F, 0x08, 0x10, 0x08, 0x08, 0x10, 0x08, 0x08, 0x10, 0x08,
    0x08, 0x10, 0x08, 0x00, 0x00, 0x08, 0x3F, 0xFC, 0x08, 0x21, 0x04, 0x0E, 0x21, 0x04, 0x38, 0x21,
    0x04, 0xC8, 0x21, 0x04, 0x08, 0x3F, 0xFC, 0x08, 0x21, 0x04, 0x08, 0x21, 0x04, 0x08, 0x21, 0x04,
    0x08, 0x21, 0x04, 0x08, 0x3F, 0xFC, 0x08, 0x20, 0x04, 0x78, 0x20, 0x04, 0x08, 0x00, 0x00, 0x08,
    0x3F, 0xF8, 0x08, 0x20, 0x08, 0x08, 0x20, 0x08, 0x08, 0x3F, 0xF8, 0xFF, 0x20, 0x08, 0x08, 0x20,
    0x08, 0x08, 0x20, 0x08, 0x08, 0x3F, 0xF8, 0x08, 0x00, 0x00, 0x08, 0x00, 0x00, 0x09, 0xFF, 0xFE,
    0x0E, 0x01, 0x00, 0x38, 0x01, 0x00, 0xC8, 0x11, 0x00, 0x08, 0x21, 0x00, 0x08, 0x21, 0xF8, 0x08,
    0x21, 0x00, 0x08, 0x51, 0x00, 0x08, 0x51, 0x00, 0x08, 0x89, 0x00, 0x08, 0x87, 0x00, 0x79, 0x01,
    0xFF, 0x10, 0x00, 0x10, 0x20, 0x03, 0xC0, 0x41, 0xFC, 0x00, 0x80, 0x08, 0x01, 0x00, 0x10, 0x1F,
    0xC0, 0x20, 0x04, 0x3F, 0xFF, 0x88, 0x00, 0x80, 0x10, 0x01, 0x00, 0x20, 0x12, 0x00, 0x41, 0xC5,
    0xE0, 0x82, 0x08, 0x41, 0xE4, 0x10, 0x8E, 0x08, 0x21, 0x24, 0x10, 0x42, 0x08, 0x3E, 0xBC, 0x10,
    0x41, 0x08, 0x20, 0x82, 0x10, 0x41, 0x04, 0x20, 0x82, 0x08, 0x41, 0x07, 0xFF, 0x82, 0x08, 0x01,
    0x1C, 0x10, 0x02, 0x00, 0x10, 0x02, 0x00, 0x20, 0x34, 0x00, 0x43, 0x8B, 0xE0, 0x84, 0x10, 0x41,
    0x08, 0x20, 0x9F, 0xD0, 0x41, 0x04, 0x3C, 0xBE, 0x08, 0x41, 0x04, 0x10, 0x82, 0x08, 0x21, 0x04,
    0x10, 0x43, 0xFF, 0xE0, 0x90, 0x10, 0x01, 0xC0, 0x20, 0x06, 0x00, 0x40, 0x34, 0x3F, 0xFE, 0x08,
    0x7F, 0xFC, 0x10, 0x40, 0x30, 0x20, 0x40, 0xE0, 0x40, 0x43, 0x00, 0x80, 0x6C, 0x01, 0x00, 0x70,
    0x02, 0x07, 0x1C, 0x3C, 0xF0, 0x07, 0x00, 0x08, 0x00, 0x00, 0x08, 0x03, 0xF8, 0x08, 0x6D, 0x00,
    0x08, 0x11, 0x10, 0x08, 0x11, 0x20, 0x08, 0x09, 0x20, 0x7F, 0x09, 0x20, 0x08, 0xFF, 0xFE, 0x08,
    0x03, 0x80, 0x08, 0x05, 0x40, 0x08, 0x09, 0x20, 0x0B, 0x11, 0x18, 0x0C, 0x61, 0x04, 0x38, 0x80,
    0x03, 0xC9, 0x3F, 0xF8, 0x08, 0x21, 0x08, 0x08, 0x21, 0x08, 0x08, 0x3F, 0xF8, 0x08, 0x21, 0x08,
    0x08, 0x21, 0x08, 0x08, 0x3F, 0xF8, 0x08, 0x20, 0x08, 0x78, 0x20, 0x08, 0x10, 0x00, 0x00, 0x20,
    0x7F, 0xC0, 0x40, 0x80, 0x80, 0x81, 0x01, 0x01, 0x02, 0x02, 0x02, 0x04, 0x04, 0x3F, 0x8F, 0xF8,
    0x08, 0x00, 0x00, 0x11, 0xFD, 0xFC, 0x22, 0x0A, 0x08, 0x44, 0x14, 0x10, 0x98, 0x28, 0x21, 0xDF,
    0xDF, 0xDE, 0x00, 0x40, 0x04, 0x00, 0x80, 0x08, 0xFF, 0xFF, 0x10, 0x07, 0x00, 0x20, 0x15, 0x00,
    0x40, 0x49, 0x00, 0x83, 0x11, 0x81, 0x18, 0x20, 0xC2, 0x40, 0x40, 0x1C, 0x00, 0x80, 0x00, 0x01,
    0x04, 0x00, 0x04, 0x20, 0x04, 0x10, 0x80, 0x10, 0x42, 0x00, 0x41, 0x0F, 0xFD, 0x04, 0x40, 0x84,
    0x11, 0x02, 0x10, 0x4C, 0x08, 0x41, 0x28, 0x21, 0x05, 0x21, 0x04, 0x14, 0x84, 0x10, 0x41, 0x10,
    0x41, 0x04, 0x81, 0x04, 0x0A, 0x04, 0x70, 0x30, 0x1E, 0x40, 0x40, 0xC1, 0x02, 0x80, 0x04, 0x12,
    0x00, 0x10, 0x84, 0x00, 0x44, 0x08, 0x01, 0x60, 0x18, 0x04, 0x00, 0x00, 0x04, 0x01, 0x00, 0x08,
    0x04, 0x00, 0x08, 0x08, 0x00, 0x10, 0x10, 0x00, 0x00, 0x20, 0x0F, 0xFC, 0x7F, 0xC2, 0x01, 0x02,
    0x04, 0x02, 0x04, 0x08, 0x0C, 0x10, 0x1F, 0x94, 0x20, 0x21, 0x48, 0x40, 0x42, 0x90, 0x80, 0x84,
    0x12, 0x03, 0x08, 0x24, 0x06, 0x10, 0x50, 0x0C, 0x20, 0x60, 0x10, 0x40, 0x80, 0x20, 0x81, 0x80,
    0x41, 0x04, 0x81, 0x02, 0x11, 0x02, 0x04, 0x41, 0x08, 0x1B, 0x01, 0xA1, 0xE8, 0x00, 0x80, 0x04,
    0x04, 0x00, 0x08, 0x08, 0x00, 0x10, 0x20, 0x00, 0x20, 0x40, 0x00, 0x40, 0x80, 0x1F, 0xFD, 0xFF,
    0x81, 0x06, 0x02, 0x02, 0x0C, 0x08, 0x04, 0x14, 0x10, 0x08, 0x48, 0x20, 0x10, 0x90, 0x43, 0xFC,
    0x11, 0x04, 0x08, 0x22, 0x08, 0x10, 0x48, 0x10, 0x20, 0x50, 0x20, 0x40, 0xC0, 0x40, 0x80, 0x80,
    0x81, 0x03, 0x01, 0x02, 0x09, 0x03, 0xFC, 0x21, 0x04, 0x00, 0x81, 0x08, 0x06, 0x01, 0x80, 0x10,
    0x00, 0x80, 0x00, 0x01, 0x00, 0x20, 0x08, 0x00, 0x40, 0x20, 0x00, 0x80, 0x80, 0xFF, 0xE2, 0x00,
    0x00, 0x0F, 0xF1, 0x00, 0x41, 0x08, 0x21, 0x04, 0x20, 0x88, 0x11, 0x01, 0x30, 0x88, 0x00, 0xC2,
    0x20, 0x45, 0x08, 0x11, 0x02, 0x40, 0x24, 0x09, 0x00, 0x60, 0x24, 0x01, 0x00, 0x60, 0x06, 0x01,
    0x80, 0x24, 0x06, 0x01, 0x08, 0x24, 0x0C, 0x21, 0x10, 0x40, 0x08, 0x22, 0x00, 0xC0, 0x60, 0x00,
    0x00, 0x00, 0x00, 0x02, 0x00, 0xFF, 0x84, 0x01, 0x01, 0x10, 0x02, 0x02, 0x20, 0x04, 0x04, 0x40,
    0x08, 0x08, 0xFF, 0xDF, 0xF2, 0x02, 0x20, 0x26, 0x08, 0x40, 0x4C, 0x10, 0x80, 0xA8, 0x21, 0x01,
    0x50, 0x43, 0xFF, 0x11, 0x04, 0x04, 0x22, 0x08, 0x08, 0x24, 0x10, 0x10, 0x50, 0x3F, 0xE0, 0xA0,
    0x00, 0x00, 0x80, 0x22, 0x02, 0x80, 0x82, 0x05, 0x01, 0x02, 0x11, 0x04, 0x04, 0x41, 0x10, 0x03,
    0x01, 0xA0, 0x08, 0x00, 0x80, 0x02, 0x00, 0x00, 0x22, 0x21, 0x00, 0x22, 0x21, 0x00, 0x12, 0x41,
    0x00, 0x02, 0x02, 0x00, 0xFF, 0xF3, 0xFE, 0x07, 0x02, 0x08, 0x06, 0x86, 0x10, 0x0A, 0x65, 0x10,
    0x32, 0x15, 0x10, 0x42, 0x09, 0x10, 0x04, 0x11, 0x20, 0x04, 0x00, 0xA0, 0x7F, 0xE0, 0xA0, 0x08,
    0x20, 0xC0, 0x10, 0x40, 0x40, 0x10, 0x40, 0xC0, 0x0C, 0x80, 0xA0, 0x03, 0x01, 0x10, 0x02, 0xC2,
    0x10, 0x0C, 0x04, 0x08, 0x30, 0x08, 0x06, 0x40, 0x10, 0x00, 0x02, 0x00, 0x80, 0x02, 0x00, 0x80,
    0x3F, 0xF9, 0x00, 0x02, 0x01, 0xFF, 0x02, 0x01, 0x04, 0x3F, 0xF3, 0x04, 0x22, 0x14, 0x88, 0x22,
    0x10, 0x88, 0x3F, 0xF0, 0x50, 0x02, 0x00, 0x20, 0x06, 0xC0, 0x50, 0x0A, 0x30, 0x88, 0x32, 0x03,
    0x06, 0x42, 0x04, 0x00, 0x1F, 0xFF, 0xFC, 0x00, 0x08, 0x00, 0x00, 0x08, 0x00, 0x04, 0x08, 0x00,
    0x04, 0x0F, 0xF8, 0x04, 0x08, 0x00, 0x04, 0x08, 0x00, 0xFF, 0xFF, 0xFF, 0x00, 0x20, 0x00, 0x00,
    0x20, 0x00, 0x00, 0x40, 0x00, 0x00, 0x40, 0x00, 0x00, 0x00, 0x0F, 0xFF, 0xFF, 0xC2, 0x00, 0x10,
    0x02, 0x00, 0x20, 0x04, 0x00, 0x80, 0x04, 0x01, 0x00, 0x04, 0x04, 0x00, 0x08, 0x08, 0x00, 0x08,
    0x20, 0x00, 0x08, 0x80, 0x00, 0x0A, 0x00, 0x00, 0x1C, 0x00, 0x00, 0x38, 0x00, 0x00, 0x88, 0x00,
    0x02, 0x08, 0x00, 0x10, 0x0C, 0x00, 0xC0, 0x06, 0x0E, 0x00, 0x03, 0x00, 0x00, 0x01, 0x00, 0x01,
    0x00, 0x08, 0x02, 0x80, 0x08, 0x02, 0x43, 0x08, 0x04, 0x20, 0x88, 0x08, 0x10, 0x68, 0x30, 0x00,
    0x08, 0x7F, 0xE0, 0x08, 0x82, 0x04, 0x08, 0x02, 0x02, 0x08, 0x02, 0x01, 0x88, 0xFF, 0xF0, 0x48,
    0x02, 0x00, 0x08, 0x02, 0x00, 0x08, 0x12, 0x40, 0x0E, 0x22, 0x21, 0xF8, 0x22, 0x2E, 0x08, 0x22,
    0x10, 0x08, 0x42, 0x10, 0x08, 0x42, 0x00, 0x08, 0x02, 0x00, 0x08, 0x02, 0x00, 0x08, 0x1E, 0x00,
    0x08, 0x02, 0x00, 0x1C, 0x10, 0x07, 0x28, 0x93, 0xC1, 0x24, 0x90, 0x09, 0x28, 0x80, 0x49, 0x44,
    0x02, 0x08, 0x20, 0x10, 0x41, 0x00, 0xBF, 0xE8, 0x04, 0x10, 0x7F, 0xE1, 0x82, 0x11, 0x16, 0x10,
    0x88, 0xA8, 0x84, 0x49, 0x24, 0x22, 0x48, 0x21, 0x14, 0x41, 0x08, 0x82, 0x08, 0x44, 0x10, 0xC2,
    0x20, 0x04, 0x11, 0xFF, 0xA0, 0x80, 0x01, 0x04, 0x00, 0x10, 0x20, 0x00, 0x81, 0x00, 0x04, 0x00,
    0x00, 0x04, 0x00, 0x38, 0x08, 0x1F, 0x83, 0xFF, 0xA0, 0x01, 0x04, 0x40, 0x02, 0x08, 0x80, 0x04,
    0x11, 0x00, 0x04, 0x42, 0x00, 0x00, 0x84, 0x01, 0xFF, 0xEF, 0xFC, 0x08, 0x10, 0x40, 0x10, 0x20,
    0x80, 0x20, 0xC1, 0x1F, 0xFF, 0x82, 0x00, 0x83, 0x04, 0x09, 0x06, 0x08, 0x12, 0x4C, 0x10, 0x44,
    0x98, 0x20, 0x88, 0xA0, 0x42, 0x11, 0x40, 0x80, 0x20, 0x81, 0x00, 0x42, 0x02, 0x03, 0x84, 0x04,
    0x00, 0x00, 0x20, 0x00, 0x00, 0x40, 0x00, 0x01, 0x00, 0x00, 0x02, 0x00, 0x00, 0x00, 0x01, 0xFF,
    0xFF, 0xF0, 0x08, 0x00, 0x00, 0x20, 0x00, 0x00, 0x80, 0x00, 0x02, 0x00, 0x00, 0x0F, 0xFE, 0x00,
    0x40, 0x08, 0x01, 0x00, 0x20, 0x04, 0x00, 0x80, 0x10, 0x02, 0x00, 0x80, 0x08, 0x02, 0x00, 0x20,
    0x10, 0x00, 0x80, 0x40, 0x06, 0x02, 0x00, 0x18, 0x10, 0x00, 0x40, 0x80, 0x01, 0x0C, 0x01, 0xF8,
    0x00, 0x3F, 0xFF, 0xFC, 0x00, 0x20, 0x00, 0x00, 0x40, 0x00, 0x00, 0x80, 0x00, 0x01, 0x00, 0x00,
    0x02, 0x00, 0x00, 0x04, 0x00, 0x00, 0x08, 0x00, 0xFF, 0xFF, 0xFE, 0x00, 0x50, 0x00, 0x00, 0xA0,
    0x00, 0x01, 0x40, 0x00, 0x04, 0x80, 0x00, 0x09, 0x00, 0x00, 0x22, 0x00, 0x00, 0x44, 0x00, 0x01,
    0x08, 0x02, 0x04, 0x10, 0x04, 0x10, 0x20, 0x08, 0xC0, 0x40, 0x12, 0x00, 0x7F, 0xC8, 0x00, 0x00,
    0x00, 0x7F, 0x00, 0x02, 0x08, 0xFF, 0xD0, 0x40, 0x40, 0x82, 0x02, 0x04, 0x10, 0x90, 0x3F, 0x88,
    0x81, 0x04, 0x44, 0x08, 0x22, 0x20, 0x41, 0x11, 0x02, 0x09, 0x08, 0x1F, 0xCF, 0xFE, 0x80, 0x04,
    0x04, 0x00, 0x20, 0x20, 0x01, 0x81, 0x08, 0x14, 0x08, 0x40, 0xA0, 0x41, 0x09, 0x02, 0x38, 0x48,
    0x16, 0x24, 0x43, 0xC0, 0x42, 0x18, 0x04, 0x10, 0x80, 0x00, 0x7C, 0xFF, 0xFF, 0x00, 0x06, 0x00,
    0x0C, 0x00, 0x18, 0x00, 0x30, 0x00, 0x60, 0x00, 0xC0, 0x01, 0x80, 0x03, 0xFF, 0xFE, 0x00, 0x0C,
    0x00, 0x18, 0x00, 0x30, 0x00, 0x60, 0x00, 0xC0, 0x01, 0x80, 0x03, 0x00, 0x07, 0xFF, 0xFC, 0x00,
    0x18, 0x00, 0x20, 0x1F, 0xFF, 0xF0, 0x20, 0x00, 0x20, 0x40, 0x00, 0x40, 0x80, 0x00, 0x81, 0x00,
    0x01, 0x03, 0xFF, 0xFE, 0x04, 0x00, 0x04, 0x08, 0x00, 0x08, 0x1F, 0xFF, 0xF0, 0x3F, 0xFF, 0xE0,
    0x00, 0x40, 0x00, 0x00, 0x80, 0x00, 0x01, 0x00, 0x00, 0x02, 0x00, 0x3F, 0xFF, 0xFF, 0x80, 0x08,
    0x00, 0x00, 0x10, 0x00, 0x00, 0x20, 0x00, 0x00, 0x40, 0x00, 0x00, 0x80, 0x00, 0x01, 0x00, 0x00,
    0x02, 0x00, 0x00, 0x00, 0x00, 0x40, 0x00, 0x01, 0x0F, 0xE0, 0x04, 0x20, 0x80, 0x10, 0x82, 0x00,
    0x42, 0x0B, 0xFF, 0xF8, 0x20, 0x04, 0x20, 0x80, 0x10, 0x82, 0x00, 0x42, 0x08, 0x81, 0x0F, 0xE1,
    0x04, 0x20, 0x84, 0x10, 0x82, 0x08, 0x42, 0x08, 0x21, 0x08, 0x20, 0x44, 0x20, 0x80, 0x10, 0x82,
    0x00, 0x43, 0xF8, 0x01, 0x08, 0x00, 0x04, 0x20, 0x00, 0x10, 0x00, 0x00, 0x40, 0x00, 0x01, 0x00,
    0x00, 0xFC, 0x00, 0x00, 0x3F, 0xFF, 0xF2, 0x01, 0x81, 0x20, 0x18, 0x12, 0x01, 0x81, 0x20, 0x18,
    0x12, 0x01, 0x81, 0x20, 0x18, 0x13, 0xFF, 0xFF, 0x20, 0x18, 0x12, 0x01, 0x81, 0x20, 0x18, 0x12,
    0x01, 0x81, 0x60, 0x18, 0x17, 0xFF, 0x81, 0x60, 0x1F, 0xF4, 0x01, 0x80, 0x40, 0x18, 0x0C, 0x01,
    0x80, 0x80, 0x10, 0x08, 0x01, 0x01, 0x00, 0x10, 0x20, 0x1F, 0x1F, 0xFF, 0xE0, 0x40, 0x00, 0x81,
    0x00, 0x02, 0x04, 0x00, 0x08, 0x1F, 0xFF, 0xE0, 0x40, 0x00, 0x81, 0x00, 0x02, 0x04, 0x00, 0x08,
    0x1F, 0xFF, 0xE0, 0x10, 0x40, 0x00, 0x81, 0x00, 0x02, 0x04, 0x00, 0x1F, 0xFF, 0xF8, 0x80, 0x40,
    0x04, 0x01, 0x00, 0x00, 0x04, 0x00, 0x1F, 0xFF, 0xE0, 0x00, 0x40, 0x00, 0x01, 0x00, 0x00, 0x04,
    0x00, 0x7F, 0xFF, 0xFD, 0xFF, 0xFF, 0xF0, 0x00, 0x02, 0x00, 0x00, 0x08, 0x0F, 0xC0, 0x20, 0x21,
    0x00, 0x80, 0x84, 0x7F, 0xF2, 0x11, 0x08, 0x48, 0x44, 0x21, 0x21, 0x10, 0x84, 0x84, 0x42, 0x12,
    0x11, 0x08, 0x4F, 0xC4, 0x21, 0x21, 0x10, 0x84, 0x84, 0x42, 0x12, 0x17, 0xFF, 0xF8, 0x40, 0x60,
    0x21, 0x01, 0x40, 0x84, 0x05, 0x03, 0xF0, 0x24, 0x08, 0x01, 0x88, 0x20, 0x0C, 0x10, 0x00, 0x60,
    0x40, 0x02, 0x00, 0x80, 0x10, 0x01, 0x80, 0x00, 0x00, 0x1F, 0xFF, 0xE0, 0x20, 0x00, 0x40, 0x40,
    0x00, 0x80, 0x80, 0x01, 0x01, 0xFF, 0xFE, 0x02, 0x00, 0x04, 0x04, 0x00, 0x08, 0x0F, 0xFF, 0xF0,
    0x00, 0x00, 0x00, 0x00, 0x00, 0x00, 0x00, 0x00, 0x07, 0xFF, 0xFF, 0xF0, 0x01, 0x00, 0x00, 0x82,
    0x00, 0x01, 0x04, 0x00, 0x04, 0x0F, 0xFC, 0x0C, 0x10, 0x00, 0x28, 0x20, 0x00, 0x48, 0x40, 0x01,
    0x0C, 0x80, 0x02, 0x0F, 0x00, 0x18, 0x03, 0xFF, 0xE0, 0x00, 0x00, 0x00, 0x1F, 0xFF, 0xE0, 0x40,
    0x00, 0x81, 0x00, 0x02, 0x04, 0x00, 0x08, 0x10, 0x00, 0x20, 0x7F, 0xFF, 0x81, 0x00, 0x02, 0x04,
    0x00, 0x08, 0x10, 0x00, 0x20, 0x7F, 0xFF, 0x80, 0x00, 0x00, 0x00, 0x21, 0x00, 0x00, 0x84, 0x10,
    0x42, 0x10, 0x81, 0x08, 0x44, 0x02, 0x21, 0x10, 0x04, 0x84, 0x80, 0x02, 0x10, 0x00, 0x08, 0x40,
    0x3F, 0xFF, 0xFF, 0x00, 0x02, 0x03, 0xF0, 0x08, 0x08, 0x40, 0x20, 0x21, 0x3F, 0xFE, 0x84, 0x02,
    0x02, 0x10, 0x08, 0x08, 0x40, 0x20, 0x21, 0x00, 0x80, 0x85, 0xFF, 0xFF, 0xF0, 0x01, 0x08, 0x40,
    0x04, 0x21, 0x00, 0x10, 0x84, 0x00, 0x42, 0x17, 0xFF, 0xE8, 0x40, 0x04, 0x21, 0x10, 0x10, 0x84,
    0x20, 0x43, 0xF0, 0x41, 0x08, 0x00, 0x84, 0x20, 0x02, 0x10, 0x00, 0x00, 0x40, 0x00, 0x01, 0x00,
    0x00, 0x7C, 0x00, 0x00, 0x00, 0x01, 0x00, 0x00, 0x08, 0x00, 0x00, 0xFF, 0x9F, 0xF8, 0x40, 0x80,
    0xC2, 0x04, 0x07, 0xFF, 0xA0, 0x20, 0x81, 0x01, 0x0E, 0x08, 0x08, 0x48, 0x7F, 0xC4, 0x30, 0x00,
    0x40, 0x80, 0x0C, 0x00, 0x00, 0x0F, 0xFF, 0xE0, 0x40, 0x01, 0x02, 0x00, 0x08, 0x10, 0x00, 0x40,
    0xFF, 0xFE, 0x04, 0x00, 0x10, 0x20, 0x00, 0x81, 0x00, 0x04, 0x0F, 0xFF, 0xE0, 0x40, 0x01, 0x00,
    0x08, 0x00, 0x00, 0x20, 0x03, 0xCF, 0xFE, 0x70, 0x08, 0x01, 0x00, 0x20, 0x04, 0x01, 0x10, 0x10,
    0x0F, 0xFE, 0x7F, 0xC1, 0x01, 0x08, 0x04, 0x04, 0x20, 0x13, 0xA0, 0x8F, 0xF0, 0x82, 0x01, 0x02,
    0x08, 0x04, 0x10, 0x20, 0x00, 0x00, 0x01, 0xFF, 0xFE, 0x08, 0x00, 0x08, 0x20, 0x00, 0x20, 0x7F,
    0xFF, 0x82, 0x00, 0x02, 0x08, 0x00, 0x08, 0x20, 0x00, 0x20, 0x7F, 0xFF, 0x82, 0x00, 0x02, 0x00,
    0x00, 0x02, 0x00, 0x00, 0x10, 0x3F, 0x00, 0x81, 0x09, 0xFF, 0xF8, 0x40, 0x02, 0x42, 0x10, 0x12,
    0x10, 0x41, 0x10, 0x82, 0x08, 0x84, 0x00, 0x87, 0xEF, 0xFF, 0xE1, 0x00, 0x01, 0x08, 0x00, 0x08,
    0x47, 0xFF, 0x42, 0x20, 0x0A, 0x11, 0x00, 0x50, 0x88, 0x02, 0x84, 0x40, 0x17, 0xE3, 0xFF, 0xA0,
    0x10, 0x05, 0x00, 0x80, 0x20, 0x04, 0x01, 0x00, 0x3F, 0xF8, 0x01, 0x00, 0x40, 0xFF, 0xFF, 0xFC,
    0x00, 0x20, 0x00, 0x00, 0x40, 0x00, 0xFF, 0xFF, 0xC1, 0x01, 0x00, 0x82, 0x02, 0x01, 0x04, 0x04,
    0x02, 0x0F, 0xFF, 0xFC, 0x10, 0x10, 0x08, 0x20, 0x20, 0x10, 0x40, 0x40, 0x20, 0xFF, 0xFF, 0xC0,
    0x01, 0x00, 0x00, 0x84, 0x00, 0x01, 0x08, 0x00, 0x01, 0x20, 0x00, 0x01, 0x40, 0x00, 0x03, 0x80,
    0x00, 0x18, 0xC0, 0x01, 0xC0, 0x78, 0x0C, 0x00, 0x0F, 0xE0, 0x00, 0x20, 0x00, 0x01, 0x00, 0x0F,
    0xFF, 0xF0, 0x00, 0x40, 0x80, 0x02, 0x04, 0x7F, 0xFF, 0xFC, 0x00, 0x81, 0x00, 0x04, 0x08, 0x3F,
    0xFF, 0xC0, 0x01, 0x00, 0x1F, 0xFF, 0xFC, 0x00, 0x40, 0x00, 0x02, 0x00, 0x7F, 0xFF, 0xFC, 0x00,
    0x00, 0x03, 0xFF, 0xF8, 0x10, 0x00, 0x40, 0x80, 0x02, 0x07, 0xFF, 0xF0, 0x20, 0x00, 0x81, 0x00,
    0x04, 0x0F, 0xFF, 0xE0, 0x40, 0x01, 0x00, 0x08, 0x00, 0x80, 0x10, 0x01, 0x03, 0xFE, 0x3F, 0xE0,
    0x40, 0x04, 0x00, 0x80, 0x08, 0x1F, 0xFB, 0xFF, 0x82, 0x00, 0x60, 0x0B, 0x01, 0xA0, 0x11, 0x06,
    0x20, 0x41, 0x10, 0x21, 0x00, 0x40, 0x34, 0xFF, 0xFE, 0x01, 0x00, 0x04, 0x02, 0x00, 0x08, 0x04,
    0x00, 0x10, 0x0F, 0xFF, 0xE0, 0x10, 0x00, 0x40, 0x20, 0x00, 0x80, 0x40, 0x01, 0x00, 0x80, 0x02,
    0x01, 0xFF, 0xFC, 0x02, 0x00, 0x08, 0x00, 0x0F, 0xFF, 0xF0, 0x10, 0x00, 0x20, 0x20, 0x00, 0x40,
    0x7F, 0xFF, 0x80, 0x80, 0x01, 0x01, 0x00, 0x02, 0x03, 0xFF, 0xFC, 0x00, 0x00, 0x00, 0x00, 0x00,
    0x01, 0xFF, 0xFF, 0xFC, 0x41, 0x00, 0x00, 0x82, 0x00, 0x01, 0xFD, 0xFF, 0x82, 0x08, 0x81, 0x04,
    0x11, 0x04, 0x0F, 0xE1, 0x08, 0x10, 0x41, 0x20, 0x20, 0x81, 0x80, 0x47, 0x83, 0x07, 0xF2, 0x19,
    0x00, 0x04, 0x41, 0x80, 0x0B, 0x00, 0xC0, 0x07, 0xFF, 0xF0, 0x40, 0x03, 0x04, 0x00, 0x30, 0x40,
    0x03, 0x04, 0x00, 0x30, 0x40, 0x03, 0x07, 0xFF, 0xF0, 0x40, 0x03, 0x04, 0x00, 0x30, 0x40, 0x03,
    0x04, 0x00, 0x30, 0xC0, 0x03, 0x0F, 0xFF, 0xF0, 0x80, 0x03, 0x08, 0x00, 0x31, 0x80, 0x03, 0x10,
    0x00, 0x31, 0x00, 0x03, 0x20, 0x00, 0x34, 0x00, 0x03, 0x80, 0x07, 0xE0, 0x00, 0x40, 0x00, 0x00,
    0x80, 0x00, 0x02, 0x00, 0x00, 0x04, 0x00, 0x07, 0xFF, 0xFF, 0xE0, 0x20, 0x00, 0x00, 0x40, 0x00,
    0x01, 0x00, 0x00, 0x03, 0xFF, 0xE0, 0x0C, 0x00, 0x40, 0x28, 0x00, 0x80, 0x90, 0x01, 0x02, 0x3F,
    0xFE, 0x08, 0x40, 0x04, 0x00, 0x80, 0x08, 0x01, 0x00, 0x10, 0x02, 0x00, 0x20, 0x07, 0xFF, 0xC0,
    0x08, 0x00, 0x80, 0x10, 0x01, 0x00, 0x20, 0x02, 0x00, 0x40, 0x04, 0x00, 0x80, 0xF8, 0x00, 0x3F,
    0x8F, 0xF8, 0x41, 0x10, 0x10, 0x82, 0x20, 0x21, 0x04, 0x40, 0x42, 0x08, 0x80, 0x84, 0x11, 0x0F,
    0x0F, 0xE2, 0x00, 0x10, 0x44, 0x00, 0x20, 0x8F, 0xFC, 0x41, 0x14, 0x08, 0x82, 0x28, 0x11, 0x04,
    0x50, 0x23, 0xF8, 0x90, 0x84, 0x11, 0x21, 0x18, 0x22, 0x24, 0x30, 0x44, 0x48, 0x60, 0x88, 0x60,
    0x81, 0x10, 0xC1, 0x02, 0x22, 0x46, 0x04, 0x4C, 0x48, 0x08, 0xA0, 0x50, 0xF1, 0x00, 0x40, 0x10,
    0x43, 0xFC, 0x41, 0x08, 0x11, 0x04, 0x20, 0x7F, 0xFC, 0x81, 0x10, 0x42, 0x04, 0x41, 0x08, 0x11,
    0x04, 0x20, 0x47, 0xF0, 0xFF, 0x10, 0x42, 0x04, 0x41, 0x08, 0x11, 0x04, 0x20, 0x47, 0xF0, 0x81,
    0x10, 0x42, 0x04, 0x41, 0x0F, 0xFF, 0xFF, 0xE0, 0x40, 0x01, 0x81, 0x08, 0x06, 0x04, 0x42, 0x10,
    0x11, 0x04, 0x40, 0x48, 0x13, 0x01, 0x40, 0x28, 0x07, 0x00, 0x20, 0xF0, 0x00, 0x10, 0x00, 0x00,
    0x20, 0x00, 0x00, 0x40, 0x00, 0x00, 0x80, 0x03, 0xFF, 0xFF, 0x80, 0x02, 0x00, 0x00, 0x04, 0x00,
    0x00, 0x08, 0x00, 0x00, 0x10, 0x00, 0x00, 0x20, 0x01, 0xFF, 0xFF, 0xF8, 0x01, 0xC0, 0x00, 0x05,
    0x40, 0x00, 0x12, 0x40, 0x00, 0x44, 0x40, 0x01, 0x08, 0x40, 0x04, 0x10, 0x40, 0x10, 0x20, 0x40,
    0xC0, 0x40, 0x62, 0x00, 0x80, 0x30, 0x01, 0x00, 0x00, 0x02, 0x00, 0x00, 0x00, 0x10, 0x00, 0x00,
    0x20, 0x00, 0x00, 0x40, 0x00, 0x00, 0x80, 0x00, 0x01, 0x00, 0x1F, 0xFF, 0xFF, 0xC0, 0x04, 0x00,
    0x00, 0x08, 0x00, 0x00, 0x10, 0x00, 0x00, 0x20, 0x00, 0x00, 0x40, 0x01, 0xFF, 0xFF, 0xC0, 0x03,
    0x80, 0x00, 0x0A, 0x80, 0x00, 0x24, 0x80, 0x00, 0x88, 0x80, 0x02, 0x10, 0x80, 0x08, 0x20, 0x80,
    0x20, 0x40, 0x81, 0x80, 0x80, 0xCC, 0x01, 0x00, 0x60, 0x02, 0x00, 0x00, 0x04, 0x00, 0x00, 0x00,
    0x10, 0x00, 0x00, 0x20, 0x00, 0x00, 0x40, 0x00, 0x00, 0x80, 0x00, 0x01, 0x00, 0x00, 0x02, 0x00,
    0x1F, 0xFF, 0xFF, 0x00, 0x2C, 0x00, 0x00, 0x54, 0x00, 0x01, 0x24, 0x00, 0x02, 0x48, 0x00, 0x08,
    0x88, 0x00, 0x21, 0x08, 0x00, 0x42, 0x10, 0x01, 0x04, 0x10, 0x04, 0x08, 0x10, 0x10, 0x10, 0x18,
    0xCF, 0xFF, 0xCA, 0x00, 0x40, 0x00, 0x00, 0x80, 0x00, 0x01, 0x00, 0x00, 0x02, 0x00, 0x00, 0x04,
    0x00, 0x00, 0x00, 0x12, 0x00, 0x00, 0x23, 0x00, 0x00, 0x41, 0x00, 0x00, 0x81, 0x00, 0x01, 0x00,
    0x00, 0x02, 0x00, 0x1F, 0xFF, 0xFF, 0x00, 0x1C, 0x00, 0x00, 0x38, 0x00, 0x00, 0xA8, 0x00, 0x02,
    0x48, 0x00, 0x04, 0x88, 0x00, 0x11, 0x08, 0x00, 0x42, 0x08, 0x01, 0x04, 0x08, 0x04, 0x08, 0x08,
    0x10, 0x10, 0x08, 0xC0, 0x20, 0x0A, 0x00, 0x40, 0x00, 0x00, 0x80, 0x00, 0x01, 0x00, 0x00, 0x02,
    0x00, 0x00, 0x04, 0x00, 0x00, 0x08, 0x00, 0x00, 0x10, 0x3F, 0xC0, 0x20, 0x40, 0x80, 0x40, 0x81,
    0x00, 0x81, 0x02, 0x3F, 0xF2, 0x04, 0x02, 0x04, 0x08, 0x0C, 0x08, 0x10, 0x18, 0x10, 0x20, 0x50,
    0x20, 0x40, 0xB0, 0x40, 0x81, 0x59, 0x81, 0x04, 0x9B, 0x02, 0x09, 0x16, 0x04, 0x22, 0x0C, 0x08,
    0x84, 0x10, 0x11, 0x08, 0x20, 0x24, 0x10, 0xC0, 0x48, 0x21, 0x00, 0x90, 0x42, 0x01, 0x20, 0x88,
    0x02, 0x41, 0x20, 0x07, 0x80, 0x04, 0x00, 0x00, 0x08, 0x00, 0x00, 0x10, 0x00, 0x00, 0x21, 0xFF,
    0xE0, 0x41, 0x00, 0x40, 0x82, 0x00, 0xBF, 0xF4, 0x01, 0x06, 0x08, 0x04, 0x0E, 0x08, 0x08, 0x1C,
    0x10, 0x10, 0x54, 0x20, 0x40, 0xA4, 0x20, 0x82, 0x44, 0x41, 0x04, 0x80, 0x44, 0x09, 0x00, 0x90,
    0x22, 0x00, 0xA0, 0x84, 0x00, 0x81, 0x08, 0x03, 0x00, 0x10, 0x09, 0x00, 0x20, 0x21, 0x00, 0x40,
    0x81, 0x00, 0x86, 0x01, 0x81, 0x10, 0x00, 0x80, 0x00, 0x10, 0x00, 0x00, 0x20, 0x00, 0x00, 0x40,
    0x03, 0xFF, 0xFF, 0xE0, 0x01, 0x00, 0x00, 0x02, 0x00, 0x00, 0x04, 0x00, 0x0F, 0xFF, 0xFC, 0x10,
    0x10, 0x08, 0x20, 0x20, 0x10, 0x40, 0x40, 0x20, 0x80, 0x80, 0x41, 0x01, 0x00, 0x83, 0xFF, 0xFF,
    0x00, 0x0E, 0x00, 0x00, 0x2A, 0x00, 0x00, 0x92, 0x00, 0x02, 0x22, 0x00, 0x08, 0x42, 0x00, 0x60,
    0x83, 0x03, 0x01, 0x01, 0x88, 0x02, 0x00, 0xC0, 0x04, 0x00, 0x00, 0x00, 0x40, 0x00, 0x01, 0x00,
    0x00, 0x04, 0x00, 0x00, 0x1F, 0xFE, 0x00, 0x60, 0x08, 0x01, 0x20, 0x20, 0x04, 0x20, 0x80, 0x30,
    0x26, 0x00, 0x00, 0x30, 0x00, 0x01, 0x98, 0x00, 0x1C, 0x0C, 0x07, 0xC0, 0x87, 0x80, 0x01, 0x00,
    0xE0, 0x02, 0x00, 0x07, 0xFF, 0xFC, 0x00, 0x08, 0x00, 0x00, 0x11, 0x00, 0x04, 0x21, 0x00, 0x10,
    0x41, 0x00, 0x40, 0x81, 0x01, 0x01, 0x01, 0x04, 0x02, 0x00, 0x00, 0x1C, 0x00, 0x00, 0x00, 0x10,
    0x00, 0x00, 0x20, 0x00, 0x00, 0x40, 0x01, 0xFF, 0xFF, 0xE0, 0x01, 0x00, 0x01, 0x02, 0x04, 0x01,
    0x04, 0x08, 0x02, 0x08, 0x20, 0x02, 0x10, 0x40, 0x04, 0x21, 0x00, 0x00, 0x40, 0x07, 0xFF, 0xFF,
    0xF0, 0x03, 0x80, 0x00, 0x0A, 0x80, 0x00, 0x24, 0x80, 0x00, 0x88, 0x80, 0x02, 0x10, 0x80, 0x08,
    0x20, 0x80, 0x20, 0x40, 0x81, 0x80, 0x80, 0x8C, 0x01, 0x00, 0xC0, 0x02, 0x00, 0x40, 0x04, 0x00,
    0x00, 0x04, 0x00, 0x00, 0x08, 0x00, 0x40, 0x10, 0x10, 0x80, 0x20, 0x20, 0x80, 0x40, 0x41, 0x00,
    0x81, 0x02, 0x1F, 0xE2, 0x02, 0x02, 0x0C, 0x04, 0x0C, 0x10, 0x04, 0x1C, 0x42, 0x08, 0x34, 0x84,
    0x08, 0xA8, 0x10, 0x01, 0x48, 0x20, 0x04, 0x80, 0x40, 0x09, 0x01, 0x00, 0x12, 0x02, 0x10, 0x44,
    0x04, 0x11, 0x08, 0x10, 0x20, 0x10, 0x20, 0x20, 0x20, 0x80, 0x40, 0x41, 0x3F, 0x40, 0x87, 0x80,
    0x81, 0x00, 0x00, 0x00, 0x04, 0x00, 0x00, 0x08, 0x00, 0x70, 0x10, 0x0F, 0x00, 0x20, 0xE0, 0x00,
    0x41, 0x00, 0x00, 0x82, 0x00, 0x1F, 0xF4, 0x00, 0x02, 0x08, 0x00, 0x0C, 0x10, 0x00, 0x1C, 0x3F,
    0xFC, 0x34, 0x40, 0x80, 0xA8, 0x81, 0x01, 0x49, 0x02, 0x04, 0x82, 0x04, 0x09, 0x04, 0x08, 0x22,
    0x18, 0x10, 0x44, 0x30, 0x21, 0x08, 0x60, 0x40, 0x10, 0x80, 0x80, 0x21, 0x01, 0x00, 0x42, 0x02,
    0x00, 0x88, 0x04, 0x01, 0x10, 0x08, 0x00, 0x1F, 0xFF, 0xF0, 0x20, 0x20, 0x20, 0x40, 0x40, 0x40,
    0x80, 0x80, 0x81, 0x01, 0x01, 0x03, 0xFF, 0xFE, 0x04, 0x04, 0x04, 0x08, 0x08, 0x08, 0x10, 0x10,
    0x10, 0x3F, 0xFF, 0xE0, 0x00, 0x40, 0x00, 0x00, 0x80, 0x07, 0xFF, 0xFF, 0xC0, 0x0A, 0x80, 0x00,
    0x15, 0x00, 0x00, 0xC9, 0x80, 0x02, 0x10, 0x80, 0x08, 0x20, 0x80, 0x60, 0x40, 0xC3, 0x00, 0x80,
    0x40, 0x01, 0x00, 0x60, 0x02, 0x00, 0x00, 0x04, 0x00, 0x00, 0x08, 0x00, 0x00, 0x10, 0x1F, 0xF3,
    0xFF, 0x20, 0x20, 0x42, 0x40, 0x41, 0x04, 0x80, 0x82, 0x09, 0x01, 0x04, 0x12, 0x02, 0x10, 0x24,
    0x04, 0x40, 0x88, 0x09, 0x0F, 0x0F, 0xE0, 0x00, 0x80, 0x00, 0x01, 0x00, 0x00, 0x02, 0x00, 0x1F,
    0xFF, 0xFF, 0x00, 0x1C, 0x00, 0x00, 0x54, 0x00, 0x01, 0x24, 0x00, 0x04, 0x46, 0x00, 0x30, 0x82,
    0x00, 0x81, 0x03, 0x06, 0x02, 0x01, 0x90, 0x04, 0x00, 0x00, 0x00, 0x10, 0x00, 0x00, 0x20, 0x00,
    0x00, 0x40, 0x00, 0x00, 0x80, 0x07, 0xFF, 0xFF, 0xE0, 0x0A, 0x80, 0x00, 0x24, 0x80, 0x00, 0x88,
    0x80, 0x02, 0x10, 0xC0, 0x18, 0x20, 0x40, 0xC0, 0x40, 0x76, 0x3F, 0xFE, 0x00, 0x40, 0x04, 0x00,
    0x80, 0x08, 0x01, 0x00, 0x10, 0x03, 0xFF, 0xE0, 0x04, 0x00, 0x40, 0x08, 0x00, 0x80, 0x1F, 0xFF,
    0x00, 0x00, 0x00, 0x00, 0x00, 0x00, 0x0F, 0xFF, 0xFF, 0x80, 0x04, 0x00, 0x00, 0x08, 0x00, 0x00,
    0x10, 0x7F, 0xF0, 0x20, 0x00, 0x00, 0x40, 0x00, 0x00, 0x80, 0x00, 0x1F, 0xF0, 0x00, 0x02, 0x00,
    0x00, 0x0C, 0x00, 0x00, 0x1C, 0x7F, 0xFC, 0x54, 0x02, 0x00, 0xA4, 0x04, 0x02, 0x48, 0x08, 0x04,
    0x81, 0x12, 0x11, 0x02, 0x22, 0x22, 0x08, 0x44, 0x84, 0x10, 0x88, 0x08, 0x41, 0x08, 0x10, 0x82,
    0x10, 0x22, 0x04, 0x00, 0x40, 0x08, 0x00, 0x80, 0x10, 0x01, 0x03, 0xC0, 0x00, 0x04, 0x00, 0x00,
    0x08, 0x10, 0x20, 0x10, 0x20, 0x40, 0x20, 0x21, 0x00, 0x40, 0x62, 0x0F, 0xF0, 0x08, 0x01, 0x0F,
    0xFF, 0x06, 0x00, 0x00, 0x0E, 0x00, 0x00, 0x1A, 0x00, 0x00, 0x54, 0x00, 0x00, 0xA4, 0x00, 0x02,
    0x40, 0x00, 0x04, 0x83, 0xFF, 0x09, 0x00, 0x00, 0x22, 0x00, 0x00, 0x04, 0x00, 0x00, 0x08, 0x00,
    0x00, 0x10, 0x00, 0x00, 0x20, 0x00, 0x00, 0x47, 0xFF, 0xE0, 0x80, 0x00, 0x01, 0x00, 0x00, 0x00,
    0x08, 0x04, 0x00, 0x10, 0x08, 0x00, 0x20, 0x08, 0x00, 0x40, 0x00, 0x00, 0x8F, 0xFF, 0xC1, 0x00,
    0x00, 0x3F, 0xC0, 0x00, 0x04, 0x08, 0x20, 0x08, 0x10, 0x20, 0x38, 0x40, 0x20, 0x71, 0x00, 0x21,
    0x54, 0x82, 0x22, 0xA0, 0x84, 0x05, 0x01, 0x08, 0x12, 0x01, 0x20, 0x24, 0x02, 0x40, 0x88, 0x03,
    0x01, 0x10, 0x02, 0x00, 0x20, 0x0A, 0x00, 0x40, 0x22, 0x00, 0x81, 0x83, 0x01, 0x04, 0x01, 0x82,
    0x30, 0x00, 0x00, 0x08, 0x20, 0x08, 0x10, 0x20, 0x10, 0x20, 0x40, 0x40, 0x40, 0x40, 0x80, 0x80,
    0x02, 0x1F, 0xEF, 0xFF, 0x82, 0x00, 0x40, 0x04, 0x00, 0x80, 0x1C, 0x01, 0x00, 0x34, 0x02, 0x00,
    0x68, 0xFF, 0xE1, 0x48, 0x08, 0x02, 0x80, 0x10, 0x09, 0x00, 0x20, 0x12, 0x00, 0x40, 0x24, 0x00,
    0x80, 0x88, 0xFF, 0xFE, 0x10, 0x02, 0x00, 0x20, 0x04, 0x00, 0x40, 0x08, 0x00, 0x80, 0x10, 0x01,
    0x00, 0x20, 0x02, 0x00, 0x40, 0x00, 0x04, 0x00, 0x00, 0x08, 0xFF, 0xF0, 0x11, 0x80, 0x20, 0x23,
    0x00, 0x40, 0x46, 0x00, 0x8F, 0xFC, 0x01, 0x01, 0x1F, 0xFE, 0x06, 0x30, 0x04, 0x0E, 0x60, 0x08,
    0x1C, 0xC0, 0x10, 0x55, 0x80, 0x20, 0xA7, 0xFF, 0xC3, 0x4E, 0x20, 0x04, 0x8C, 0x20, 0x09, 0x18,
    0x41, 0x22, 0x30, 0x8C, 0x44, 0x60, 0xE0, 0x08, 0xC0, 0x80, 0x11, 0x81, 0x00, 0x23, 0x01, 0x00,
    0x46, 0x09, 0x80, 0x8F, 0xE0, 0x81, 0x18, 0x00, 0x80, 0x04, 0x02, 0x00, 0x04, 0x02, 0x00, 0x04,
    0x04, 0x00, 0x04, 0x07, 0xF8, 0x04, 0x08, 0x08, 0x04, 0x18, 0x10, 0x7F, 0xD4, 0x10, 0x04, 0x22,
    0x20, 0x0C, 0x41, 0x40, 0x0E, 0x00, 0x80, 0x15, 0x01, 0x40, 0x15, 0x02, 0x20, 0x14, 0x8C, 0x18,
    0x24, 0x10, 0x06, 0x24, 0xFF, 0xF8, 0x44, 0x10, 0x08, 0x44, 0x10, 0x08, 0x84, 0x10, 0x08, 0x04,
    0x10, 0x08, 0x04, 0x10, 0x08, 0x04, 0x10, 0x08, 0x04, 0x1F, 0xF8, 0x04, 0x10, 0x08, 0x00, 0x10,
    0x00, 0x00, 0x10, 0x01, 0xFF, 0xFF, 0xFA, 0x00, 0x00, 0x14, 0x02, 0x00, 0x28, 0x08, 0x00, 0x5F,
    0xFF, 0xFF, 0x80, 0x80, 0x20, 0x02, 0x00, 0x80, 0x08, 0x02, 0x00, 0x0F, 0x98, 0x00, 0x00, 0xF8,
    0x00, 0x1E, 0x0F, 0x0F, 0xC2, 0x01, 0x80, 0x04, 0x00, 0x7F, 0xFF, 0xFF, 0x00, 0x34, 0x00, 0x00,
    0xA4, 0x00, 0x06, 0x44, 0x00, 0x10, 0x86, 0x00, 0xC1, 0x02, 0x0E, 0x02, 0x03, 0x80, 0x04, 0x00,
    0x80, 0x08, 0x01, 0x00, 0x40, 0x08, 0x02, 0x10, 0x42, 0x10, 0x42, 0x10, 0x82, 0x11, 0x04, 0x10,
    0x8B, 0xFC, 0x44, 0x81, 0x02, 0x24, 0x1C, 0x01, 0x00, 0xE3, 0xFF, 0xCA, 0x80, 0x02, 0x52, 0x00,
    0x12, 0x80, 0x00, 0xA4, 0x00, 0x05, 0x21, 0xFF, 0xF1, 0x00, 0x01, 0x88, 0x00, 0x08, 0x40, 0x00,
    0x42, 0x00, 0x02, 0x10, 0x00, 0x10, 0x8F, 0xFF, 0x84, 0x00, 0x04, 0x20, 0x00, 0x20, 0x08, 0x01,
    0x00, 0x10, 0x04, 0x00, 0x20, 0x0C, 0x00, 0x40, 0x24, 0x00, 0x80, 0x44, 0x1F, 0xE1, 0x08, 0x02,
    0x04, 0x08, 0x04, 0x10, 0x0C, 0x1C, 0x5F, 0xE4, 0x39, 0x00, 0x00, 0xA8, 0x00, 0x01, 0x48, 0x10,
    0x22, 0x94, 0x20, 0x89, 0x04, 0x21, 0x12, 0x08, 0x44, 0x44, 0x10, 0x88, 0x88, 0x11, 0x20, 0x10,
    0x00, 0x40, 0x20, 0x01, 0x00, 0x40, 0x02, 0x00, 0x8F, 0xFF, 0xE1, 0x00, 0x00, 0x02, 0x00, 0x00,
    0x00, 0x04, 0x01, 0x00, 0x04, 0x02, 0x80, 0x04, 0x04, 0x40, 0x04, 0x08, 0x30, 0x04, 0x10, 0x08,
    0x7F, 0xA0, 0x06, 0x04, 0x5F, 0xF8, 0x04, 0x01, 0x00, 0x0C, 0x01, 0x00, 0x0C, 0x01, 0x00, 0x16,
    0x3F, 0xFC, 0x15, 0x21, 0x04, 0x14, 0xA1, 0x04, 0x24, 0xA1, 0x04, 0x24, 0x21, 0x04, 0x44, 0x3F,
    0xFC, 0x44, 0x02, 0x80, 0x04, 0x02, 0x80, 0x04, 0x04, 0x40, 0x04, 0x08, 0x60, 0x04, 0x30, 0x30,
    0x04, 0xC0, 0x08, 0x04, 0x00, 0x06, 0x08, 0x00, 0x00, 0x11, 0xFF, 0xFC, 0x20, 0x11, 0x00, 0x40,
    0x22, 0x00, 0x87, 0xFF, 0xC1, 0x08, 0x88, 0xBF, 0xD1, 0x11, 0x04, 0x22, 0x22, 0x18, 0x44, 0x44,
    0x30, 0xFF, 0xF8, 0x71, 0xFF, 0xF1, 0x50, 0x00, 0x02, 0x93, 0xFF, 0x85, 0x20, 0x00, 0x12, 0x00,
    0x00, 0x24, 0x00, 0x00, 0x88, 0xFF, 0xFF, 0x10, 0x02, 0x00, 0x20, 0x44, 0x40, 0x41, 0x08, 0x40,
    0x8C, 0x10, 0x41, 0x00, 0x20, 0x02, 0x03, 0xC0, 0x00, 0x08, 0x08, 0x40, 0x10, 0x10, 0x80, 0x23,
    0xFF, 0xF8, 0x40, 0x42, 0x00, 0x80, 0x84, 0x0F, 0xCF, 0xFF, 0x02, 0x10, 0x02, 0x06, 0x20, 0x04,
    0x1C, 0x7F, 0xF8, 0x34, 0x80, 0x10, 0xAD, 0x00, 0x21, 0x43, 0xFF, 0xC2, 0x87, 0xFF, 0x89, 0x00,
    0x40, 0x12, 0x00, 0x80, 0x44, 0xFF, 0xFE, 0x08, 0x05, 0x00, 0x10, 0x0A, 0x00, 0x20, 0x22, 0x00,
    0x40, 0x82, 0x00, 0x86, 0x03, 0x01, 0x30, 0x01, 0xC0, 0x04, 0x04, 0x10, 0x04, 0x04, 0x10, 0x04,
    0x04, 0x10, 0x04, 0x3F, 0xFE, 0x04, 0x04, 0x10, 0x04, 0x04, 0x10, 0x3F, 0x84, 0x10, 0x04, 0x7F,
    0xFF, 0x0C, 0x00, 0x80, 0x0C, 0x00, 0x80, 0x16, 0x3F, 0xFE, 0x15, 0x20, 0x82, 0x14, 0xA0, 0x82,
    0x24, 0xBF, 0xFE, 0x24, 0x20, 0x82, 0x44, 0x20, 0x82, 0x44, 0x20, 0x82, 0x04, 0x3F, 0xFE, 0x04,
    0x00, 0x00, 0x04, 0x00, 0x00, 0x04, 0x0C, 0x18, 0x04, 0x10, 0x06, 0x04, 0xE0, 0x01, 0x08, 0x02,
    0x00, 0x08, 0x12, 0x10, 0x08, 0x22, 0x20, 0x08, 0x22, 0x24, 0x08, 0x4A, 0x44, 0x7E, 0x52, 0x78,
    0x08, 0xF2, 0x10, 0x08, 0x2A, 0x14, 0x18, 0x4A, 0x24, 0x1C, 0x4A, 0x7E, 0x1C, 0xF5, 0x22, 0x2A,
    0x21, 0x10, 0x28, 0x21, 0x08, 0x28, 0xFF, 0xFE, 0x48, 0x21, 0x00, 0x48, 0x20, 0x88, 0x88, 0x30,
    0x88, 0x08, 0x48, 0x90, 0x08, 0x44, 0x60, 0x08, 0x40, 0x41, 0x08, 0x81, 0xA2, 0x09, 0x02, 0x32,
    0x0A, 0x04, 0x0E, 0x00, 0x20, 0x00, 0x00, 0x80, 0x08, 0x04, 0x00, 0x18, 0x10, 0x00, 0x10, 0x40,
    0x00, 0x21, 0xFF, 0xF0, 0x08, 0x00, 0x80, 0x20, 0x06, 0x01, 0x04, 0x10, 0x04, 0x10, 0x40, 0x20,
    0x42, 0x00, 0x01, 0x08, 0x00, 0x04, 0x00, 0x20, 0x30, 0x00, 0x80, 0xA0, 0x04, 0x02, 0x80, 0x20,
    0x11, 0x01, 0x00, 0x44, 0x04, 0x02, 0x08, 0x20, 0x10, 0x10, 0x00, 0x80, 0x20, 0x0C, 0x00, 0x60,
    0x40, 0x00, 0x00, 0x00, 0x18, 0x00, 0x00, 0x30, 0x00, 0x00, 0x60, 0x00, 0x00, 0xC0, 0x00, 0x01,
    0x80, 0x00, 0x03, 0x00, 0x02, 0x06, 0x00, 0x04, 0x0C, 0x00, 0x08, 0x18, 0x00, 0x10, 0x3F, 0xF8,
    0x20, 0x60, 0x00, 0x40, 0xC0, 0x00, 0x81, 0x80, 0x01, 0x03, 0x00, 0x02, 0x06, 0x00, 0x04, 0x0C,
    0x00, 0x08, 0x18, 0x00, 0x10, 0x30, 0x00, 0x20, 0x60, 0x00, 0x40, 0xC0, 0x0F, 0xFF, 0xFF, 0xE0,
    0x3F, 0xFF, 0xFC, 0x00, 0x10, 0x00, 0x00, 0x20, 0x00, 0x00, 0x40, 0x00, 0x00, 0x80, 0x00, 0x01,
    0x00, 0x02, 0x02, 0x00, 0x04, 0x04, 0x00, 0x08, 0x08, 0x00, 0x10, 0x1F, 0xF8, 0x20, 0x20, 0x00,
    0x40, 0x40, 0x00, 0x80, 0x80, 0x01, 0x01, 0x00, 0x02, 0x02, 0x00, 0x04, 0x04, 0x00, 0x08, 0x08,
    0x00, 0x10, 0x10, 0x03, 0xFF, 0xFF, 0xF8, 0x01, 0x04, 0x00, 0x02, 0x08, 0x00, 0x04, 0x10, 0x00,
    0x08, 0x20, 0x00, 0x10, 0x40, 0x04, 0x20, 0x80, 0x08, 0x41, 0x02, 0x10, 0x82, 0x18, 0x21, 0xF4,
    0x40, 0x42, 0x0B, 0x00, 0x84, 0x18, 0x01, 0x08, 0x20, 0x02, 0x10, 0x40, 0x04, 0x20, 0x80, 0x08,
    0x41, 0x00, 0x10, 0x82, 0x00, 0x21, 0x04, 0x02, 0x42, 0x08, 0x04, 0x84, 0x10, 0x09, 0x08, 0xA0,
    0x12, 0x3E, 0x40, 0x6F, 0x80, 0x7F, 0xA0, 0x00, 0x00, 0x00, 0x00, 0x20, 0x00, 0x01, 0x00, 0x02,
    0x08, 0x00, 0x10, 0x7F, 0xC0, 0x82, 0x00, 0x04, 0x10, 0x00, 0x20, 0x80, 0x01, 0x04, 0x00, 0xFF,
    0xFF, 0xF8, 0x01, 0x00, 0x00, 0x08, 0x00, 0x08, 0x40, 0x40, 0x42, 0x04, 0x04, 0x10, 0x40, 0x40,
    0x82, 0x04, 0x04, 0x20, 0x40, 0x26, 0x00, 0x01, 0x40, 0x00, 0x0C, 0x00, 0x01, 0x80, 0x00, 0x30,
    0x00, 0x3E, 0x00, 0x02, 0x00, 0x00, 0x00, 0x1F, 0xFF, 0xFE, 0x21, 0x00, 0x80, 0x42, 0x01, 0x00,
    0x84, 0x02, 0x01, 0xFF, 0x7F, 0xC2, 0x10, 0x1C, 0x04, 0x70, 0x54, 0x09, 0x51, 0x28, 0x12, 0x92,
    0x48, 0x29, 0x18, 0x88, 0x62, 0x01, 0x00, 0x84, 0x22, 0x01, 0x00, 0x40, 0x06, 0x20, 0x80, 0x0C,
    0x41, 0xFE, 0x10, 0x82, 0x00, 0x21, 0x04, 0x00, 0x42, 0x08, 0x01, 0x04, 0x10, 0x02, 0xFF, 0xFF,
    0xF8, 0x00, 0x00, 0x00, 0x7F, 0xFF, 0xFE, 0xFF, 0xFF, 0xFC, 0x10, 0x08, 0x00, 0x20, 0x10, 0x00,
    0x40, 0x20, 0x01, 0x00, 0x40, 0x02, 0x00, 0x82, 0x0F, 0xF1, 0x08, 0x10, 0x22, 0x20, 0x40, 0x44,
    0x80, 0x80, 0x8E, 0x02, 0x42, 0x10, 0x00, 0x44, 0x20, 0x00, 0x50, 0x40, 0x00, 0x60, 0x80, 0x00,
    0x81, 0x00, 0x02, 0x02, 0x02, 0x08, 0x04, 0x04, 0x20, 0x08, 0x08, 0x80, 0x10, 0x1E, 0x00, 0x3F,
    0xC0, 0x00, 0x04, 0x03, 0xFE, 0x13, 0x01, 0x00, 0x43, 0x04, 0x01, 0x00, 0x10, 0x04, 0x08, 0x40,
    0x1F, 0xC3, 0xF7, 0xC0, 0x08, 0x41, 0x00, 0x21, 0x04, 0x01, 0x08, 0x10, 0x74, 0x20, 0x7E, 0x28,
    0x9F, 0x00, 0x92, 0x04, 0x04, 0x30, 0x08, 0x20, 0x40, 0x21, 0x02, 0x00, 0x88, 0x08, 0x02, 0x40,
    0x40, 0x06, 0x01, 0x00, 0x30, 0x08, 0x01, 0x41, 0x40, 0x18, 0x86, 0x03, 0x81, 0x10, 0x00, 0x03,
    0x80, 0x00, 0x40, 0x00, 0x07, 0x07, 0xE0, 0x70, 0x08, 0x40, 0x80, 0x10, 0x81, 0x00, 0x21, 0x02,
    0x00, 0x82, 0x07, 0xF1, 0x04, 0x08, 0x02, 0x08, 0x10, 0x08, 0x1E, 0x20, 0x20, 0x00, 0x40, 0x00,
    0x00, 0x80, 0x00, 0x01, 0xFD, 0xFF, 0x82, 0x01, 0x02, 0x04, 0x02, 0x04, 0x08, 0x02, 0x08, 0x10,
    0x02, 0x20, 0x2F, 0x84, 0x81, 0xE0, 0x05, 0x00, 0x80, 0x04, 0x01, 0x00, 0x36, 0x02, 0x00, 0x82,
    0x04, 0x0E, 0x03, 0x80, 0x02, 0x00, 0x00, 0x08, 0x00, 0x00, 0x10, 0x00, 0x00, 0x7F, 0xFF, 0xE0,
    0x80, 0x00, 0x02, 0x00, 0x00, 0x08, 0x00, 0x00, 0x23, 0xFF, 0xF0, 0xC8, 0x00, 0x20, 0x10, 0xC0,
    0x40, 0x20, 0x60, 0x80, 0x40, 0x21, 0x00, 0x80, 0x02, 0x1F, 0xFF, 0xFF, 0xC4, 0x00, 0x08, 0x08,
    0x60, 0x10, 0x10, 0x30, 0x20, 0x20, 0x10, 0x40, 0x40, 0x00, 0x80, 0xFF, 0xFF, 0xE0, 0x00, 0x02,
    0x00, 0x00, 0x04, 0x00, 0x01, 0xF0, 0x00, 0x40, 0x10, 0x02, 0x00, 0x80, 0x10, 0x04, 0x00, 0x80,
    0x20, 0x04, 0x01, 0x00, 0x20, 0x08, 0x01, 0x00, 0x40, 0xC8, 0x02, 0x18, 0x7F, 0x91, 0x02, 0x00,
    0xB0, 0x10, 0x06, 0x00, 0x80, 0x20, 0x04, 0x01, 0x00, 0x20, 0x08, 0x01, 0x00, 0x40, 0x08, 0x02,
    0x01, 0x40, 0x10, 0x0A, 0x00, 0x80, 0x50, 0x04, 0x02, 0x87, 0x20, 0x15, 0xC1, 0x01, 0xF0, 0x0F,
    0xF8, 0x00, 0x20, 0x00, 0x00, 0x84, 0x00, 0x02, 0x08, 0x00, 0x08, 0x18, 0x00, 0x20, 0x03, 0xFF,
    0xFF, 0xE0, 0x02, 0x00, 0x00, 0x08, 0x00, 0x20, 0x30, 0x10, 0x40, 0xC0, 0x80, 0x82, 0x84, 0x01,
    0x0A, 0x20, 0x04, 0x27, 0x00, 0x00, 0x90, 0x00, 0x06, 0x20, 0x00, 0x68, 0x40, 0x06, 0x20, 0x80,
    0x60, 0x81, 0x02, 0x02, 0x02, 0x30, 0x08, 0x06, 0x00, 0x20, 0x04, 0x00, 0x80, 0x00, 0x7E, 0x00,
    0x00, 0x20, 0x02, 0x00, 0x30, 0x04, 0x00, 0x10, 0x08, 0x00, 0x00, 0x10, 0x00, 0x0F, 0xFF, 0x80,
    0x00, 0x41, 0x00, 0x00, 0x82, 0x20, 0x01, 0x04, 0x20, 0x02, 0x08, 0x30, 0x04, 0x10, 0x00, 0x08,
    0x20, 0x00, 0x10, 0x40, 0x1F, 0xFF, 0xE0, 0x00, 0x40, 0x01, 0x01, 0x40, 0x04, 0x02, 0x80, 0x08,
    0x04, 0x80, 0x10, 0x11, 0x00, 0x40, 0x41, 0x00, 0x81, 0x81, 0x02, 0x06, 0x01, 0x04, 0x10, 0x01,
    0x10, 0xC0, 0x01, 0x80, 0x40, 0x00, 0x00, 0x40, 0x7F, 0x80, 0x60, 0x81, 0x00, 0x21, 0x02, 0x00,
    0x02, 0x04, 0x00, 0x04, 0x08, 0x00, 0x08, 0x10, 0x40, 0x20, 0x20, 0x60, 0x80, 0x3C, 0x22, 0x00,
    0x00, 0x08, 0x00, 0x00, 0x0F, 0xFF, 0x80, 0x04, 0x01, 0x00, 0x08, 0x04, 0x02, 0x08, 0x08, 0x04,
    0x08, 0x20, 0x10, 0x10, 0x80, 0x20, 0x1A, 0x00, 0x80, 0x18, 0x01, 0x00, 0xC8, 0x04, 0x06, 0x0C,
    0x08, 0x70, 0x07, 0x00, 0x00, 0x01, 0x00, 0x40, 0x02, 0x00, 0xC0, 0x08, 0x00, 0x80, 0x20, 0x01,
    0x00, 0x80, 0x00, 0x02, 0x00, 0x03, 0xFF, 0xE0, 0x00, 0x20, 0x20, 0x00, 0x80, 0x60, 0x02, 0x00,
    0x40, 0x08, 0x00, 0x00, 0x20, 0x00, 0x7F, 0xFF, 0x00, 0x06, 0x00, 0x00, 0x10, 0x00, 0x40, 0x80,
    0x02, 0x02, 0x00, 0x08, 0x10, 0x40, 0x40, 0x80, 0x81, 0x02, 0x02, 0x08, 0x10, 0x04, 0x20, 0x8F,
    0xE9, 0x03, 0xC0, 0x20, 0x00, 0x00, 0x40, 0x60, 0x04, 0x00, 0x30, 0x04, 0x00, 0x10, 0x08, 0x00,
    0x00, 0x08, 0x00, 0x00, 0x00, 0x00, 0x3F, 0xFF, 0x80, 0x00, 0x80, 0x00, 0x01, 0x00, 0x40, 0x02,
    0x00, 0x60, 0x04, 0x00, 0x20, 0x08, 0x00, 0x00, 0x10, 0x00, 0x00, 0x20, 0x00, 0x1F, 0xFF, 0x80,
    0x00, 0x80, 0x02, 0x01, 0x00, 0x08, 0x02, 0x00, 0x10, 0x04, 0x00, 0x40, 0x08, 0x00, 0x80, 0x10,
    0x02, 0x00, 0x20, 0x08, 0x7F, 0xFF, 0xD0, 0x00, 0x00, 0x00, 0x20, 0x10, 0x20, 0x30, 0x20, 0x40,
    0x10, 0x40, 0x80, 0x00, 0x81, 0x00, 0x01, 0x02, 0x00, 0x3F, 0xFF, 0xC0, 0x04, 0x08, 0x20, 0x08,
    0x10, 0x30, 0x10, 0x20, 0x10, 0x20, 0x40, 0x00, 0x40, 0x80, 0x00, 0x81, 0x00, 0x01, 0x02, 0x00,
    0x3F, 0xFF, 0xC1, 0x00, 0x00, 0x04, 0x00, 0x00, 0x08, 0x10, 0x00, 0x20, 0x20, 0x40, 0x40, 0x80,
    0x41, 0x02, 0x00, 0x42, 0x08, 0x00, 0x48, 0x30, 0x00, 0xC0, 0x00, 0x00, 0x00, 0x40, 0x04, 0x00,
    0x60, 0x08, 0x00, 0x20, 0x08, 0x00, 0x5F, 0xFF, 0xE0, 0x01, 0x00, 0x00, 0x04, 0x00, 0x00, 0x10,
    0x10, 0x60, 0x40, 0x10, 0x21, 0xFF, 0xF0, 0x23, 0x00, 0x10, 0x00, 0x00, 0x00, 0x04, 0x21, 0x00,
    0x08, 0x42, 0x01, 0x10, 0x84, 0x02, 0x21, 0x08, 0x08, 0x42, 0x10, 0x10, 0x84, 0x20, 0x41, 0x08,
    0x40, 0x84, 0x10, 0x92, 0x08, 0x21, 0x24, 0x20, 0x42, 0x50, 0x80, 0x07, 0x80, 0x00, 0x08, 0x00,
    0x60, 0x13, 0x00, 0x20, 0x21, 0x00, 0x20, 0x41, 0x00, 0x00, 0x80, 0x00, 0x01, 0x0F, 0x80, 0x3F,
    0xE0, 0x40, 0x04, 0x00, 0x60, 0x04, 0x00, 0x20, 0x08, 0x00, 0x00, 0x10, 0xF8, 0x01, 0xFE, 0x00,
    0x1C, 0x40, 0x00, 0x00, 0x40, 0x82, 0x00, 0x82, 0x04, 0x01, 0x08, 0x08, 0x01, 0x60, 0x20, 0x03,
    0x04, 0x40, 0x0C, 0x09, 0x00, 0x64, 0x12, 0x06, 0x04, 0x28, 0x30, 0x04, 0xC0, 0x00, 0x07, 0x00,
    0x00, 0x40, 0x09, 0x02, 0x00, 0x44, 0x08, 0x02, 0x10, 0x41, 0x10, 0x80, 0x08, 0x81, 0xFF, 0x44,
    0x00, 0x22, 0x20, 0x01, 0x11, 0x41, 0x08, 0x89, 0x08, 0x44, 0x44, 0x24, 0x22, 0x00, 0xA1, 0x10,
    0x03, 0x08, 0x80, 0x10, 0x44, 0x20, 0xC2, 0x22, 0x06, 0x11, 0x10, 0x48, 0x89, 0x02, 0x40, 0x48,
    0x21, 0x02, 0x81, 0x00, 0x14, 0x10, 0x00, 0xA1, 0x00, 0x04, 0x00, 0x00, 0xE0, 0x60, 0x01, 0x00,
    0x42, 0x04, 0x10, 0xC4, 0x10, 0x80, 0x08, 0x44, 0x00, 0x11, 0x10, 0x00, 0x44, 0x00, 0x00, 0x10,
    0x30, 0x1F, 0xFE, 0x20, 0x40, 0x08, 0x41, 0x00, 0x20, 0x84, 0x00, 0x80, 0x10, 0x02, 0x00, 0x7F,
    0xF8, 0x01, 0x00, 0x20, 0x44, 0x00, 0x82, 0x10, 0x02, 0x08, 0x7F, 0xF8, 0x41, 0x00, 0x21, 0x04,
    0x00, 0x88, 0x10, 0x02, 0x20, 0x40, 0x09, 0x01, 0x00, 0x24, 0x04, 0x07, 0x80, 0x20, 0x00, 0x00,
    0x33, 0xFF, 0xF8, 0x14, 0x00, 0x10, 0x08, 0x00, 0x20, 0x10, 0x88, 0x40, 0x02, 0x0C, 0x00, 0x08,
    0x04, 0x30, 0x20, 0x04, 0x19, 0x82, 0x00, 0x00, 0x04, 0x00, 0x00, 0x08, 0x00, 0x0F, 0xFF, 0xE0,
    0x00, 0x70, 0x01, 0x01, 0x50, 0x02, 0x02, 0xA0, 0x04, 0x09, 0x20, 0x10, 0x22, 0x20, 0x20, 0x84,
    0x20, 0x82, 0x08, 0x21, 0x18, 0x10, 0x34, 0x00, 0x20, 0x00, 0x00, 0x40, 0x00, 0x20, 0x00, 0x00,
    0x33, 0xFF, 0xF8, 0x10, 0x10, 0x00, 0x00, 0x20, 0x00, 0x00, 0x80, 0x00, 0x01, 0x00, 0x00, 0xFF,
    0xFF, 0xB0, 0x08, 0x20, 0x18, 0x20, 0x40, 0x00, 0x40, 0x40, 0x01, 0x10, 0x40, 0x04, 0x20, 0x40,
    0x30, 0x40, 0x60, 0x08, 0x92, 0x02, 0x11, 0x22, 0x08, 0x42, 0x42, 0x10, 0x84, 0x44, 0x22, 0x08,
    0x84, 0x80, 0x11, 0x01, 0x00, 0x20, 0x04, 0x00, 0x40, 0x00, 0x0F, 0x80, 0x00, 0x20, 0x02, 0x00,
    0x20, 0x04, 0x00, 0x27, 0xFF, 0xF0, 0x20, 0x10, 0x00, 0x00, 0x20, 0x00, 0x1F, 0xFF, 0x80, 0x00,
    0x80, 0x60, 0x01, 0x00, 0x23, 0xFF, 0xFE, 0x27, 0xFF, 0xFC, 0x00, 0x00, 0x00, 0x07, 0xFF, 0x80,
    0x08, 0x01, 0x00, 0x10, 0x02, 0x01, 0x3F, 0xFC, 0x04, 0x40, 0x08, 0x08, 0x80, 0x10, 0x21, 0x00,
    0x20, 0x43, 0xFF, 0xC1, 0x04, 0x00, 0x82, 0x08, 0x01, 0x08, 0x10, 0x02, 0x10, 0x20, 0x3C, 0x00,
    0x00, 0x04, 0x00, 0x40, 0x08, 0x00, 0x60, 0x08, 0x00, 0x2F, 0xFF, 0xF0, 0x02, 0x01, 0x00, 0x06,
    0x04, 0x00, 0x02, 0x10, 0x00, 0x03, 0x40, 0x60, 0x03, 0xC0, 0x20, 0x38, 0x7C, 0x07, 0x80, 0x00,
    0x02, 0x01, 0x00, 0x04, 0x02, 0x00, 0x0F, 0xFC, 0x02, 0x10, 0x08, 0x04, 0x20, 0x10, 0x10, 0x40,
    0x20, 0x20, 0xFF, 0xC0, 0x41, 0x00, 0x81, 0x04, 0x01, 0x02, 0x08, 0x02, 0x08, 0x20, 0x04, 0x00,
    0x40, 0x08, 0x00, 0x00, 0x02, 0x00, 0xC0, 0x04, 0x00, 0x43, 0xFF, 0xC0, 0x64, 0x10, 0x80, 0x08,
    0x21, 0x00, 0x10, 0x42, 0x00, 0x3F, 0xFC, 0x40, 0x01, 0x00, 0x43, 0xFF, 0xFE, 0x60, 0x00, 0x00,
    0x00, 0x00, 0x00, 0x07, 0xFF, 0x80, 0x08, 0x01, 0x00, 0x10, 0x02, 0x00, 0x20, 0x84, 0x04, 0x41,
    0x08, 0x08, 0x82, 0x10, 0x21, 0x04, 0x20, 0x42, 0x18, 0x41, 0x00, 0x20, 0x02, 0x01, 0x8E, 0x08,
    0x04, 0x02, 0x10, 0x70, 0x02, 0x00, 0x00, 0x00, 0x00, 0x30, 0xFF, 0xFE, 0x08, 0x80, 0x00, 0x04,
    0x80, 0x80, 0x00, 0x80, 0x80, 0x00, 0x81, 0x00, 0x00, 0x9F, 0xFC, 0x00, 0x90, 0x04, 0x60, 0x90,
    0x04, 0x18, 0x9F, 0xFC, 0x00, 0x90, 0x04, 0x00, 0x90, 0x04, 0x01, 0x90, 0x04, 0x01, 0x9F, 0xFC,
    0x09, 0x80, 0x80, 0x09, 0x80, 0x80, 0x09, 0x08, 0x88, 0x11, 0x10, 0x88, 0x13, 0x10, 0x84, 0x22,
    0x20, 0x82, 0x22, 0x40, 0x80, 0x44, 0x00, 0x80, 0x00, 0x07, 0x80, 0x20, 0x24, 0x00, 0x30, 0x84,
    0x00, 0x12, 0x08, 0x00, 0x07, 0xFF, 0xC0, 0x18, 0x20, 0x0C, 0x50, 0x40, 0x05, 0x3F, 0xFC, 0x00,
    0x41, 0x00, 0x00, 0x82, 0x00, 0x09, 0xFF, 0xE0, 0x22, 0x08, 0x00, 0x84, 0x10, 0x02, 0x08, 0x20,
    0x04, 0x1F, 0xFF, 0x90, 0x24, 0x00, 0x00, 0x48, 0x00, 0xFF, 0xFF, 0xFE, 0x00, 0x20, 0x00, 0x00,
    0x40, 0x00, 0x00, 0x80, 0x00, 0x01, 0x00, 0x00, 0x02, 0x00, 0x00, 0x04, 0x00, 0x00, 0x00, 0x02,
    0x00, 0x60, 0x04, 0x00, 0x20, 0x0F, 0xF0, 0x20, 0x10, 0x00, 0x00, 0x20, 0x00, 0x3F, 0xFF, 0xC0,
    0x60, 0x00, 0x80, 0xC2, 0x02, 0xC1, 0x84, 0x04, 0x63, 0x3F, 0xC0, 0x26, 0x90, 0x10, 0x0C, 0x20,
    0x20, 0x18, 0x7F, 0xC0, 0x30, 0x00, 0x00, 0x60, 0x00, 0x04, 0xC0, 0x80, 0x09, 0x88, 0x88, 0x22,
    0x51, 0x10, 0x44, 0xA1, 0x11, 0x0A, 0x40, 0x52, 0x24, 0x80, 0xA8, 0x59, 0x01, 0x11, 0x03, 0xFC,
    0x00, 0x00, 0x10, 0x40, 0x40, 0x21, 0x00, 0x64, 0x42, 0x00, 0x28, 0x84, 0x00, 0x11, 0x17, 0xC0,
    0x22, 0x20, 0x00, 0x44, 0x80, 0x60, 0x8A, 0x20, 0x21, 0x10, 0x30, 0x22, 0x20, 0x10, 0x00, 0x40,
    0x00, 0x00, 0x00, 0x00, 0x1F, 0xFF, 0x81, 0x22, 0x11, 0x02, 0x44, 0x22, 0x08, 0x88, 0x44, 0x11,
    0x10, 0x88, 0x42, 0x21, 0x10, 0x84, 0x42, 0x22, 0x08, 0x84, 0x44, 0x7F, 0xFF, 0xE8, 0x00, 0x00,
    0x00, 0x00, 0x10, 0x00, 0x00, 0x40, 0x00, 0x01, 0x00, 0x00, 0x07, 0xFE, 0x00, 0x10, 0x00, 0x00,
    0x40, 0x00, 0x01, 0x00, 0x00, 0x04, 0x00, 0x1F, 0xFF, 0xE0, 0x40, 0x00, 0x81, 0x00, 0x02, 0x04,
    0x00, 0x08, 0x10, 0x00, 0x20, 0x40, 0x00, 0x81, 0xFF, 0xFE, 0x00, 0x00, 0x00, 0x00, 0x00, 0x00,
    0x00, 0x10, 0x81, 0x10, 0x41, 0x08, 0x20, 0x84, 0x40, 0x82, 0x0B, 0x02, 0x08, 0x10, 0x04, 0x02,
    0x00, 0x08, 0x04, 0x00, 0x10, 0x08, 0x00, 0x20, 0x10, 0x07, 0xFB, 0xFF, 0x00, 0x80, 0x42, 0x01,
    0x00, 0x84, 0x02, 0x01, 0x08, 0x04, 0x02, 0x10, 0x0F, 0x34, 0x20, 0xF0, 0x10, 0x42, 0x20, 0x38,
    0x80, 0x40, 0xC9, 0x00, 0x81, 0x0B, 0x41, 0x04, 0x06, 0x82, 0x30, 0x05, 0x38, 0x00, 0x0C, 0x00,
    0x00, 0x20, 0x44, 0x08, 0x41, 0x04, 0x10, 0x42, 0x08, 0x10, 0x48, 0x10, 0x20, 0x80, 0x00, 0x00,
    0x00, 0x02, 0x00, 0x00, 0x08, 0x00, 0x00, 0x20, 0x00, 0x00, 0x7F, 0xFF, 0xE1, 0x84, 0x42, 0x05,
    0x08, 0x84, 0x12, 0x11, 0x08, 0x04, 0x22, 0x10, 0x08, 0x44, 0x20, 0xFF, 0xFF, 0xF8, 0x21, 0x10,
    0x80, 0x42, 0x21, 0x00, 0x84, 0x42, 0x01, 0x08, 0x84, 0x02, 0x11, 0x08, 0x7F, 0xFF, 0xFF, 0xFF,
    0xFF, 0xFE, 0x00, 0x00, 0x00, 0x02, 0x10, 0x40, 0x84, 0x20, 0x42, 0x04, 0x20, 0x88, 0x08, 0x40,
    0x90, 0x10, 0x40, 0x80, 0x04, 0x00, 0x00, 0x08, 0x02, 0x40, 0x3F, 0x84, 0x40, 0x41, 0x08, 0x41,
    0x04, 0x10, 0x02, 0x08, 0x20, 0x09, 0x17, 0xFF, 0x21, 0xC0, 0xC0, 0x40, 0x81, 0x81, 0x42, 0x03,
    0x00, 0x64, 0x09, 0x00, 0x30, 0x12, 0x00, 0x40, 0x42, 0x01, 0x00, 0x84, 0x0C, 0x02, 0x04, 0x20,
    0x18, 0x04, 0x80, 0x40, 0x04, 0x00, 0x00, 0x00, 0x44, 0x10, 0x81, 0x08, 0x20, 0x84, 0x08, 0x20,
    0x88, 0x10, 0x40, 0xA0, 0x20, 0x01, 0x00, 0x3F, 0xBF, 0xFC, 0x41, 0x02, 0x10, 0x82, 0x08, 0x21,
    0x04, 0x10, 0x42, 0x08, 0x40, 0x84, 0x11, 0x01, 0x08, 0x2C, 0x1E, 0x1F, 0xC0, 0x00, 0x20, 0x9F,
    0xF8, 0x41, 0x20, 0x10, 0x82, 0x40, 0x21, 0x04, 0x80, 0x42, 0x09, 0x00, 0x87, 0xF2, 0x01, 0x08,
    0x07, 0xFE, 0x10, 0x00, 0x00, 0x08, 0x00, 0x20, 0x20, 0x84, 0x20, 0x41, 0x08, 0x21, 0x02, 0x08,
    0x44, 0x04, 0x10, 0x50, 0x08, 0x20, 0x40, 0x00, 0x04, 0x00, 0x20, 0x10, 0x00, 0x80, 0x40, 0x02,
    0x01, 0x00, 0x08, 0x04, 0x00, 0x20, 0x10, 0x00, 0x80, 0x40, 0x03, 0xFF, 0xFF, 0x08, 0x00, 0x00,
    0x20, 0x00, 0x00, 0x80, 0x00, 0x02, 0x00, 0x00, 0x1F, 0xFF, 0x80, 0x60, 0x02, 0x01, 0x80, 0x08,
    0x06, 0x00, 0x20, 0x18, 0x00, 0x80, 0x40, 0x02, 0x03, 0x00, 0x08, 0x08, 0x00, 0x20, 0x60, 0x00,
    0x81, 0x00, 0x02, 0x08, 0x00, 0x08, 0x00, 0x02, 0x00, 0x00, 0x44, 0x00, 0xF0, 0x88, 0xFE, 0x01,
    0x11, 0x80, 0x02, 0x23, 0x00, 0x04, 0x46, 0x00, 0x08, 0x8C, 0x00, 0x11, 0x18, 0x00, 0x3D, 0xBF,
    0xFC, 0x40, 0x68, 0x08, 0x80, 0xD0, 0x11, 0x01, 0x90, 0x42, 0x03, 0x20, 0x87, 0xE6, 0x41, 0x08,
    0x4C, 0x44, 0x10, 0x98, 0x88, 0x61, 0x30, 0xA0, 0xC2, 0x61, 0x81, 0x04, 0x81, 0x02, 0x09, 0x05,
    0x04, 0x12, 0x11, 0x10, 0x28, 0xC1, 0x20, 0x52, 0x01, 0x80, 0x08, 0x01, 0x00, 0x20, 0x04, 0x04,
    0x80, 0x10, 0x12, 0x0F, 0xFE, 0x48, 0x01, 0x01, 0x20, 0x04, 0x07, 0xF0, 0x10, 0x22, 0x00, 0x40,
    0x88, 0x01, 0x02, 0x23, 0xFF, 0xF8, 0x80, 0x02, 0x22, 0x00, 0x08, 0x09, 0x00, 0x20, 0x3B, 0xFF,
    0xF7, 0x80, 0x02, 0x22, 0x00, 0x08, 0x08, 0x10, 0x20, 0x20, 0x20, 0x80, 0x80, 0x42, 0x02, 0x01,
    0x08, 0x08, 0x00, 0x20, 0x20, 0x00, 0x80, 0x80, 0x3E, 0x00, 0x00, 0x00, 0x00, 0x00, 0x44, 0x00,
    0x00, 0x84, 0x00, 0x01, 0x06, 0x00, 0x02, 0x02, 0x00, 0x04, 0x02, 0x00, 0x08, 0x00, 0x00, 0x10,
    0x00, 0xFF, 0xFF, 0xFC, 0x00, 0x50, 0x00, 0x00, 0xA0, 0x00, 0x02, 0x40, 0x00, 0x04, 0x40, 0x00,
    0x08, 0x80, 0x00, 0x20, 0x80, 0x00, 0x41, 0x00, 0x01, 0x01, 0x00, 0x02, 0x02, 0x00, 0x08, 0x02,
    0x00, 0x20, 0x02, 0x00, 0x80, 0x03, 0x06, 0x00, 0x01, 0x30, 0x00, 0x01, 0x80, 0x02, 0x02, 0x00,
    0x04, 0x04, 0x40, 0x08, 0x08, 0x42, 0x10, 0x10, 0x42, 0x20, 0x20, 0x82, 0x40, 0x40, 0x02, 0x80,
    0x80, 0x05, 0x7F, 0xFF, 0x02, 0x02, 0x00, 0x04, 0x04, 0x00, 0x08, 0x0C, 0x00, 0x30, 0x28, 0x00,
    0xA0, 0x50, 0x02, 0x40, 0x90, 0x08, 0x81, 0x20, 0x21, 0x04, 0x20, 0x82, 0x08, 0x40, 0x04, 0x20,
    0x40, 0x08, 0xC0, 0x40, 0x11, 0x00, 0xC0, 0x24, 0x00, 0x40, 0x50, 0x00, 0x40, 0x41, 0x00, 0x3C,
    0x44, 0x7F, 0xC0, 0x48, 0x88, 0x80, 0x61, 0x11, 0x00, 0x82, 0x22, 0x02, 0x84, 0x44, 0x0D, 0x08,
    0x88, 0x32, 0x11, 0x10, 0x02, 0x22, 0x20, 0x0C, 0x44, 0x20, 0x18, 0x88, 0x40, 0x51, 0x10, 0x81,
    0x22, 0x21, 0x04, 0x44, 0x42, 0x18, 0x88, 0xA4, 0x01, 0x21, 0x44, 0x02, 0x44, 0x48, 0x04, 0x88,
    0x90, 0x09, 0x11, 0x20, 0x14, 0x4D, 0x20, 0x48, 0xE2, 0x4F, 0x90, 0x04, 0x40, 0x01, 0x01, 0x00,
    0xC2, 0x02, 0x00, 0x88, 0x04, 0x00, 0xA0, 0x08, 0x00, 0x87, 0xFF, 0xE3, 0x00, 0x20, 0x09, 0x08,
    0x41, 0x22, 0x10, 0x84, 0x02, 0x11, 0x10, 0x04, 0x22, 0x20, 0x18, 0x24, 0x80, 0x50, 0x08, 0x00,
    0xAF, 0xFF, 0xE2, 0x40, 0x20, 0x08, 0x80, 0x40, 0x21, 0x01, 0x80, 0x02, 0x02, 0x80, 0x04, 0x09,
    0x00, 0x08, 0x21, 0x00, 0x10, 0xC1, 0x00, 0x23, 0x01, 0x00, 0x88, 0x01, 0x9F, 0x40, 0x00, 0x00,
    0x00, 0x40, 0x00, 0x00, 0x80, 0x00, 0x01, 0x00, 0x00, 0x00, 0x00, 0xFF, 0xFF, 0xFC, 0x01, 0x00,
    0x00, 0x08, 0x00, 0x00, 0x40, 0x00, 0x01, 0x00, 0x80, 0x08, 0x04, 0x00, 0x40, 0x20, 0x02, 0x01,
    0x00, 0x1F, 0xF8, 0x00, 0x00, 0x40, 0x00, 0x02, 0x00, 0x00, 0x10, 0x20, 0x00, 0x80, 0x40, 0x04,
    0x00, 0x80, 0x60, 0x02, 0x02, 0x00, 0x04, 0x3F, 0xFF, 0xF8, 0x00, 0x00, 0x20, 0x00, 0x00, 0x00,
    0x00, 0x10, 0x00, 0x00, 0x20, 0x00, 0x00, 0x20, 0x03, 0xFF, 0xFF, 0xF0, 0x01, 0x00, 0x00, 0x04,
    0x01, 0x0C, 0x10, 0x84, 0x04, 0x4E, 0x10, 0x05, 0x68, 0x40, 0x00, 0x20, 0x00, 0x08, 0x89, 0x00,
    0x62, 0x09, 0x83, 0x1F, 0xF0, 0x88, 0x00, 0x10, 0x80, 0x04, 0x00, 0x00, 0x08, 0x00, 0xFF, 0xFF,
    0xFE, 0x00, 0x20, 0x00, 0x00, 0x40, 0x00, 0x00, 0x80, 0x00, 0x01, 0x00, 0x00, 0x02, 0x00, 0x00,
    0x04, 0x00, 0x00, 0x00, 0x3F, 0xF3, 0xFC, 0x80, 0x40, 0x82, 0x01, 0x02, 0x08, 0x04, 0x08, 0x22,
    0x10, 0x20, 0x88, 0x40, 0x82, 0x21, 0x02, 0x08, 0x84, 0x7F, 0x22, 0x10, 0x20, 0x88, 0x40, 0x82,
    0x21, 0x02, 0x08, 0x84, 0x08, 0x22, 0x10, 0x20, 0x8C, 0x40, 0x80, 0x50, 0x02, 0x21, 0x40, 0x0F,
    0x0D, 0x04, 0xC0, 0x24, 0x1C, 0x01, 0x10, 0x40, 0x08, 0x41, 0x00, 0x40, 0xF8, 0x02, 0x00, 0x00,
    0xFF, 0xBF, 0xF8, 0x10, 0x40, 0x10, 0x20, 0x80, 0x20, 0x41, 0x00, 0x40, 0x83, 0xFF, 0x81, 0x04,
    0x01, 0x02, 0x08, 0x02, 0x3F, 0x90, 0x04, 0x08, 0x3F, 0xF8, 0x10, 0x40, 0x10, 0x20, 0x80, 0x20,
    0x41, 0x00, 0x40, 0x83, 0xFF, 0x81, 0x11, 0x08, 0x03, 0xC2, 0x10, 0x30, 0x04, 0x20, 0x80, 0x08,
    0x40, 0x00, 0x20, 0x84, 0x00, 0x81, 0x08, 0x02, 0x02, 0x10, 0x18, 0x07, 0xE0, 0x00, 0x7F, 0xFC,
    0xFE, 0x82, 0x08, 0x21, 0x04, 0x10, 0x42, 0x08, 0x20, 0x84, 0x10, 0x41, 0x0F, 0xFF, 0x82, 0x10,
    0x41, 0x04, 0x20, 0x82, 0x7F, 0x41, 0x04, 0x10, 0x82, 0x08, 0x21, 0xFF, 0xF0, 0x40, 0x08, 0x00,
    0x80, 0x10, 0x01, 0x00, 0x20, 0x02, 0x00, 0x40, 0x04, 0x3F, 0xFE, 0x0B, 0x01, 0x00, 0x38, 0x02,
    0x03, 0x80, 0x04, 0x00, 0x00, 0x08, 0x00, 0x1F, 0xFF, 0xE0, 0x04, 0x10, 0x00, 0x08, 0x20, 0x00,
    0x10, 0x40, 0x00, 0x40, 0x80, 0x00, 0x81, 0x00, 0x01, 0xFF, 0xFF, 0x84, 0x04, 0x00, 0x08, 0x08,
    0x00, 0x20, 0x10, 0x00, 0x80, 0x20, 0x01, 0x00, 0x40, 0x00, 0x00, 0x80, 0x00, 0x01, 0x00, 0x03,
    0xFF, 0xFF, 0x00, 0x04, 0x00, 0x00, 0x08, 0x00, 0x00, 0x10, 0x00, 0x00, 0x20, 0x00, 0x00, 0x40,
    0x00, 0x00, 0x80, 0x00, 0x01, 0x00, 0x1F, 0xFF, 0xFF, 0xC0, 0x1F, 0xFF, 0xFC, 0x60, 0x20, 0x11,
    0x80, 0x80, 0x46, 0x02, 0x01, 0x18, 0x08, 0x04, 0x60, 0x20, 0x11, 0xFF, 0xFF, 0xC6, 0x02, 0x01,
    0x18, 0x08, 0x04, 0x60, 0x20, 0x11, 0x80, 0x80, 0x46, 0x02, 0x01, 0x1F, 0xFF, 0xFC, 0x60, 0x20,
    0x11, 0x80, 0x80, 0x44, 0x02, 0x01, 0x10, 0x08, 0x04, 0xC0, 0x20, 0x12, 0x00, 0x80, 0x58, 0x02,
    0x01, 0x40, 0x08, 0xFC, 0x00, 0x40, 0x00, 0x08, 0x00, 0x01, 0x00, 0x00, 0x20, 0x00, 0x04, 0x01,
    0xFF, 0xFF, 0xE0, 0x10, 0x0C, 0x02, 0x01, 0x80, 0x40, 0x30, 0x08, 0x06, 0x01, 0x00, 0xC0, 0x20,
    0x1F, 0xFF, 0xFF, 0x00, 0x80, 0x60, 0x10, 0x0C, 0x02, 0x01, 0x80, 0x40, 0x30, 0x08, 0x06, 0x01,
    0x00, 0xC0, 0x20, 0x1F, 0xFF, 0xFF, 0x00, 0x00, 0x60, 0x00, 0x08, 0x00, 0x40, 0x00, 0x01, 0x00,
    0x00, 0x04, 0x00, 0x00, 0x10, 0x00, 0xFF, 0xFF, 0xF3, 0x01, 0x00, 0xCC, 0x04, 0x03, 0x30, 0x10,
    0x0C, 0xC0, 0x40, 0x33, 0xFF, 0xFF, 0xCC, 0x04, 0x03, 0x30, 0x10, 0x0C, 0xC0, 0x40, 0x33, 0x01,
    0x00, 0xCC, 0x04, 0x03, 0x3F, 0xFF, 0xFC, 0xC0, 0x40, 0x03, 0x01, 0x00, 0x10, 0x04, 0x00, 0x40,
    0x10, 0x01, 0x00, 0x40, 0x04, 0x01, 0x00, 0x20, 0x03, 0xFF, 0x80, 0x7F, 0xFF, 0xF0, 0x00, 0x00,
    0x00, 0x00, 0x00, 0x00, 0x00, 0x0F, 0xFF, 0x00, 0x84, 0x10, 0x88, 0x41, 0x18, 0x84, 0x11, 0x88,
    0x41, 0x18, 0xFF, 0xF1, 0x88, 0x41, 0x18, 0x84, 0x11, 0x88, 0x41, 0x18, 0x84, 0x11, 0x8F, 0xFF,
    0x18, 0x00, 0x01, 0x80, 0x00, 0x18, 0x00, 0x01, 0x80, 0x00, 0x1F, 0xFF, 0xFF, 0x00, 0x00, 0x10,
    0x1F, 0xFF, 0xF0, 0x20, 0x20, 0x20, 0x40, 0x40, 0x40, 0x80, 0x80, 0x81, 0xFF, 0xFF, 0x02, 0x02,
    0x02, 0x04, 0x04, 0x04, 0x08, 0x08, 0x08, 0x1F, 0xFF, 0xF0, 0x00, 0x88, 0x00, 0x02, 0x08, 0x00,
    0x08, 0x08, 0x00, 0x60, 0x08, 0x03, 0x00, 0x0C, 0x18, 0x40, 0x46, 0x00, 0x80, 0x83, 0x01, 0x01,
    0x00, 0x02, 0x02, 0x00, 0x08, 0x04, 0x00, 0x30, 0x08, 0x00, 0xC0, 0x10, 0x06, 0x00, 0x20, 0x00,
    0x00, 0x00, 0x00, 0x38, 0x00, 0x06, 0x07, 0xFE, 0xC0, 0x04, 0x24, 0x00, 0x21, 0x21, 0x02, 0x09,
    0x04, 0x10, 0x48, 0x10, 0x82, 0x47, 0x88, 0x13, 0xC2, 0x40, 0x90, 0x0C, 0x3C, 0x00, 0x80, 0x00,
    0x00, 0x00, 0x1F, 0xFF, 0xF0, 0x80, 0x80, 0x84, 0x04, 0x04, 0x20, 0x20, 0x21, 0xFF, 0xFF, 0x08,
    0x08, 0x08, 0x40, 0x40, 0x42, 0x02, 0x02, 0x1F, 0xFF, 0xF0, 0x80, 0x00, 0x80, 0x00, 0x02, 0x00,
    0x00, 0x04, 0x03, 0xFE, 0x10, 0x06, 0x44, 0x3F, 0xCC, 0x88, 0x80, 0x99, 0x12, 0x82, 0x32, 0x28,
    0x84, 0x64, 0x61, 0x10, 0xC8, 0x81, 0x41, 0xFF, 0x01, 0x03, 0x22, 0x05, 0x06, 0x44, 0x11, 0x0C,
    0x88, 0x41, 0x99, 0x13, 0x00, 0xF2, 0x3F, 0xFE, 0x64, 0x58, 0x04, 0xFF, 0xB0, 0x09, 0x80, 0x60,
    0x13, 0x00, 0xC0, 0x26, 0x01, 0x80, 0x40, 0x03, 0x00, 0x80, 0x07, 0xFF, 0x00, 0x0C, 0x02, 0x00,
    0x00, 0x00, 0x20, 0x00, 0x7F, 0x80, 0xFF, 0x40, 0x00, 0x20, 0x82, 0x00, 0x21, 0x08, 0x00, 0x42,
    0x20, 0x00, 0x44, 0x40, 0x3F, 0xFF, 0xFF, 0x00, 0x54, 0x00, 0x01, 0x24, 0x00, 0x04, 0x46, 0x00,
    0x30, 0x82, 0x01, 0x81, 0x03, 0x0F, 0xFF, 0xFD, 0xE6, 0x04, 0x08, 0x0C, 0x08, 0x10, 0x18, 0x10,
    0x20, 0x3F, 0xFF, 0xC0, 0x60, 0x40, 0x80, 0xC0, 0x81, 0x01, 0x81, 0x02, 0x03, 0xFF, 0xFC, 0x06,
    0x00, 0x08, 0x00, 0x00, 0x00, 0x10, 0x3F, 0xE4, 0x20, 0x00, 0x42, 0x40, 0x10, 0x41, 0x80, 0x08,
    0x81, 0x0C, 0x05, 0x00, 0x90, 0x03, 0x00, 0x60, 0x05, 0xFF, 0xA0, 0x08, 0x00, 0x10, 0x10, 0x00,
    0x0C, 0x60, 0x00, 0x03, 0x07, 0xFF, 0xE0, 0x04, 0x00, 0x20, 0x04, 0x00, 0x20, 0x04, 0x00, 0x20,
    0x04, 0x00, 0x20, 0x07, 0xFF, 0xE0, 0x00, 0x00, 0x80, 0x01, 0x00, 0x80, 0x00, 0x81, 0x00, 0x00,
    0x81, 0x00, 0x00, 0x02, 0x00, 0x7F, 0xFF, 0xFE, 0x01, 0x00, 0x00, 0x80, 0x00, 0x40, 0x00, 0x40,
    0x0F, 0xFF, 0xFC, 0x00, 0x06, 0x00, 0x03, 0x00, 0x01, 0x80, 0x00, 0xC0, 0x00, 0x60, 0x00, 0x30,
    0x00, 0x1F, 0xFF, 0xFC, 0x00, 0x06, 0x00, 0x03, 0x00, 0x01, 0x80, 0x00, 0xC0, 0x00, 0x60, 0x00,
    0x30, 0x00, 0x1F, 0xFF, 0xFC, 0x00, 0x06, 0x00, 0x02, 0xFF, 0xFF, 0xFC, 0x00, 0x80, 0x00, 0x04,
    0x00, 0x00, 0x10, 0x00, 0x00, 0x40, 0x00, 0x7F, 0xFF, 0x81, 0x00, 0x02, 0x04, 0x00, 0x08, 0x10,
    0x00, 0x20, 0x40, 0x00, 0x81, 0x00, 0x02, 0x07, 0xFF, 0xF8, 0x10, 0x00, 0x20, 0x40, 0x00, 0x81,
    0x00, 0x02, 0x04, 0x00, 0x08, 0x10, 0x00, 0x20, 0x40, 0x00, 0x81, 0xFF, 0xFE, 0x04, 0x00, 0x08,
    0x10, 0x00, 0x20, 0x08, 0x08, 0x01, 0x00, 0x80, 0x10, 0x08, 0x01, 0x01, 0x00, 0xFF, 0x1F, 0xF8,
    0x11, 0x01, 0x81, 0x20, 0x18, 0x12, 0x01, 0x81, 0x40, 0x18, 0x10, 0x01, 0x81, 0x08, 0x1F, 0xF0,
    0x41, 0x81, 0x04, 0x18, 0x10, 0x21, 0x81, 0x01, 0x18, 0x10, 0x11, 0x81, 0x00, 0x18, 0x10, 0x01,
    0x81, 0x00, 0x1F, 0xF0, 0x03, 0x80, 0x00, 0x38, 0x00, 0x02, 0x80, 0x07, 0xE0, 0x00, 0x10, 0x00,
    0x00, 0x40, 0x00, 0x1F, 0xFF, 0x80, 0x20, 0x01, 0x00, 0x42, 0x02, 0x00, 0x83, 0x04, 0x01, 0x00,
    0x08, 0x7F, 0xFF, 0xFF, 0x0C, 0x00, 0x20, 0x10, 0xC0, 0x40, 0x20, 0x40, 0x80, 0x80, 0x41, 0x02,
    0x00, 0x1E, 0x08, 0x00, 0x00, 0x07, 0xFF, 0xFC, 0x08, 0x41, 0x08, 0x10, 0x82, 0x10, 0x21, 0x04,
    0x20, 0x42, 0x08, 0x40, 0x84, 0x10, 0x81, 0x08, 0x21, 0x1F, 0xFF, 0xFF, 0xC0, 0xFF, 0xFF, 0x80,
    0x01, 0x80, 0x01, 0x80, 0x01, 0x80, 0x01, 0x80, 0x01, 0xFF, 0xFF, 0x80, 0x01, 0x80, 0x01, 0x80,
    0x01, 0x80, 0x01, 0x80, 0x01, 0xFF, 0xFF, 0x80, 0x01, 0x80, 0x01, 0x80, 0x01, 0x80, 0x01, 0x80,
    0x01, 0xFF, 0xFF, 0x80, 0x01, 0x80, 0x01, 0x04, 0x00, 0x00, 0x10, 0x00, 0x00, 0x41, 0xFF, 0xC1,
    0x04, 0x01, 0x04, 0x10, 0x04, 0x10, 0x40, 0x1F, 0xFD, 0x00, 0x41, 0x04, 0x01, 0x0C, 0x1F, 0xFC,
    0x30, 0x40, 0x11, 0x61, 0x00, 0x45, 0x44, 0x01, 0x15, 0x90, 0x04, 0x93, 0x40, 0x12, 0x41, 0xFF,
    0xD1, 0x04, 0x01, 0x84, 0x10, 0x06, 0x10, 0x40, 0x10, 0x41, 0x00, 0x41, 0x04, 0x01, 0x04, 0x1F,
    0xFC, 0x10, 0x40, 0x10, 0x41, 0x00, 0x40, 0x00, 0x20, 0x00, 0x00, 0x80, 0x00, 0x42, 0x0C, 0x01,
    0x08, 0x08, 0x08, 0x20, 0x10, 0x40, 0x82, 0x22, 0x02, 0x10, 0x50, 0x09, 0x80, 0x00, 0x18, 0x00,
    0x03, 0x80, 0x01, 0xFF, 0xFE, 0x39, 0x00, 0x08, 0x04, 0x00, 0x20, 0x10, 0x00, 0x80, 0x7F, 0xFE,
    0x01, 0x00, 0x08, 0x04, 0x00, 0x20, 0x1F, 0xFF, 0x80, 0x40, 0x02, 0x01, 0x00, 0x08, 0x07, 0xFF,
    0xE0, 0x10, 0x00, 0x80, 0x40, 0x02, 0x00, 0x00, 0x03, 0xE0, 0xFF, 0xF0, 0x00, 0x04, 0x00, 0x00,
    0x10, 0x00, 0x3F, 0xFF, 0xF8, 0x02, 0x00, 0x00, 0x08, 0x00, 0x3F, 0xFF, 0xFF, 0x01, 0x00, 0x00,
    0x08, 0x00, 0x00, 0x7F, 0xFF, 0x01, 0x00, 0x04, 0x0C, 0x00, 0x10, 0x4F, 0xFF, 0xC6, 0x40, 0x01,
    0x21, 0x00, 0x04, 0x04, 0x00, 0x10, 0x0F, 0xFF, 0xC0, 0x40, 0x01, 0x01, 0x00, 0x04, 0x03, 0xFF,
    0xF0, 0x10, 0x00, 0x40, 0x00, 0xFF, 0xF3, 0xF2, 0x00, 0x48, 0x48, 0x01, 0x21, 0x20, 0x04, 0x84,
    0x80, 0x12, 0x12, 0x00, 0x4F, 0xCF, 0xFE, 0x21, 0x20, 0x80, 0x84, 0x82, 0x02, 0x12, 0x08, 0x08,
    0x48, 0x20, 0x3F, 0x3F, 0xFF, 0x84, 0x82, 0x02, 0x12, 0x04, 0x08, 0x48, 0x10, 0x21, 0x20, 0x40,
    0x84, 0x81, 0x03, 0xF2, 0x02, 0x08, 0x08, 0x08, 0x60, 0x20, 0x11, 0x00, 0xBC, 0x64, 0x07, 0x00,
    0xE0, 0x10, 0x00, 0x00, 0x40, 0x00, 0x01, 0x00, 0x7F, 0xC8, 0x01, 0x01, 0x3F, 0xE4, 0x04, 0x88,
    0x10, 0x14, 0x20, 0x40, 0x50, 0x81, 0x01, 0x82, 0x04, 0x04, 0x08, 0x10, 0x1F, 0xFF, 0x40, 0x40,
    0x81, 0x01, 0x02, 0x04, 0x04, 0x08, 0x10, 0x10, 0x60, 0x40, 0x41, 0x41, 0x01, 0x04, 0x84, 0x04,
    0x21, 0x10, 0x10, 0x82, 0x40, 0x44, 0x05, 0xFF, 0x20, 0x04, 0x05, 0x00, 0x10, 0x18, 0x00, 0x00,
    0x00, 0x10, 0x00, 0x00, 0x20, 0x7F, 0xFC, 0x80, 0x00, 0x01, 0x00, 0x00, 0x02, 0xF0, 0x00, 0x04,
    0x83, 0xFF, 0x91, 0x04, 0x01, 0x22, 0x08, 0x02, 0x04, 0x10, 0x04, 0x08, 0x20, 0x0B, 0xFF, 0x40,
    0x10, 0x20, 0x80, 0x20, 0x41, 0xFF, 0xC0, 0x80, 0x00, 0x03, 0x00, 0x00, 0x05, 0x04, 0x04, 0x0A,
    0x04, 0x10, 0x22, 0x08, 0x20, 0x42, 0x10, 0x81, 0x00, 0x11, 0x02, 0x00, 0x04, 0x08, 0x0F, 0xFF,
    0xC0, 0x7F, 0x9F, 0xF0, 0x20, 0x00, 0x40, 0x80, 0x01, 0x04, 0x02, 0x04, 0x10, 0x08, 0x10, 0x40,
    0x20, 0x41, 0x00, 0x81, 0x0F, 0xC4, 0x08, 0x21, 0x10, 0x20, 0x84, 0x7F, 0xF6, 0x10, 0x00, 0x68,
    0x40, 0x01, 0x21, 0x00, 0x04, 0x84, 0x00, 0x12, 0x13, 0xFF, 0x48, 0x40, 0x01, 0x21, 0x00, 0x04,
    0xFC, 0x00, 0x22, 0x00, 0x00, 0x88, 0x00, 0x02, 0x00, 0x00, 0xF0, 0xFF, 0x9F, 0xFE, 0x10, 0x08,
    0x20, 0x40, 0x10, 0x40, 0x80, 0x20, 0x81, 0x00, 0x41, 0x02, 0x00, 0x82, 0x08, 0x01, 0x04, 0x10,
    0x02, 0x08, 0x3F, 0x04, 0x10, 0xC2, 0x7F, 0xFD, 0x84, 0x10, 0x45, 0x08, 0x20, 0x82, 0x10, 0x41,
    0x04, 0x20, 0x82, 0x08, 0x41, 0x04, 0x10, 0x84, 0x08, 0x21, 0x08, 0x10, 0x7E, 0x10, 0x20, 0x80,
    0x40, 0x41, 0x01, 0x00, 0x80, 0x02, 0x01, 0x00, 0x00, 0x00, 0x80, 0x00, 0x00, 0x80, 0x7F, 0x80,
    0x80, 0x08, 0x00, 0x80, 0x08, 0x3F, 0xFE, 0x08, 0x30, 0x82, 0x08, 0x30, 0x82, 0x10, 0x30, 0x84,
    0x10, 0x30, 0x84, 0x1F, 0x30, 0x80, 0x31, 0x3F, 0xF8, 0x31, 0x3F, 0xFC, 0x51, 0x34, 0x08, 0x51,
    0x34, 0x08, 0x11, 0x32, 0x08, 0x11, 0x32, 0x10, 0x11, 0x31, 0x20, 0x11, 0x20, 0xA0, 0x11, 0x20,
    0x40, 0x1F, 0x20, 0xA0, 0x10, 0x43, 0x10, 0x10, 0x44, 0x0C, 0x00, 0x98, 0x02, 0x00, 0x02, 0x01,
    0xFE, 0x10, 0x00, 0x80, 0x7E, 0x02, 0x02, 0x08, 0x10, 0x08, 0x40, 0x40, 0x41, 0x01, 0x03, 0xFF,
    0xC4, 0x0F, 0xFF, 0x10, 0x70, 0x84, 0x80, 0xC2, 0x13, 0xF3, 0x08, 0x48, 0x4F, 0xFF, 0x61, 0x30,
    0x85, 0x84, 0xC2, 0x12, 0x13, 0x08, 0x48, 0x4C, 0x21, 0x21, 0x3F, 0xFC, 0x84, 0xC2, 0x12, 0x12,
    0x08, 0x4F, 0xC8, 0x21, 0x20, 0x60, 0x84, 0x81, 0x02, 0x10, 0x08, 0x0B, 0xC0, 0x00, 0x00, 0x80,
    0x00, 0x01, 0x00, 0x7F, 0x81, 0x00, 0x08, 0x3F, 0xFC, 0x10, 0x22, 0x04, 0x10, 0x24, 0x84, 0x10,
    0x24, 0x84, 0x10, 0x08, 0x40, 0x10, 0x1F, 0xFC, 0x3F, 0x28, 0x40, 0x21, 0x48, 0x40, 0x21, 0x08,
    0x40, 0x61, 0x0F, 0xFC, 0x61, 0x08, 0x40, 0x21, 0x08, 0x40, 0x21, 0x08, 0x40, 0x21, 0x0F, 0xFC,
    0x21, 0x08, 0x40, 0x3F, 0x08, 0x40, 0x20, 0x08, 0x40, 0x20, 0x08, 0x40, 0x20, 0x0F, 0xFF, 0x00,
    0x08, 0x00, 0x1F, 0xFF, 0xF0, 0x00, 0x00, 0x00, 0x00, 0x00, 0x00, 0x00, 0x00, 0x00, 0x00, 0x00,
    0x00, 0x00, 0x07, 0xFF, 0xFF, 0xC0, 0x04, 0x00, 0x00, 0x10, 0x00, 0x00, 0x40, 0x00, 0x21, 0x08,
    0x01, 0x04, 0x10, 0x04, 0x10, 0x20, 0x20, 0x40, 0x81, 0x01, 0x01, 0x04, 0x04, 0x02, 0x20, 0x10,
    0x09, 0x00, 0x40, 0x10, 0x01, 0x00, 0x00, 0x04, 0x00, 0x01, 0xF0, 0x00, 0x08, 0x00, 0x80, 0x10,
    0x01, 0x00, 0x10, 0x02, 0x00, 0x10, 0x04, 0x00, 0x00, 0x08, 0x1F, 0xF0, 0x10, 0x00, 0x60, 0x20,
    0x00, 0x80, 0x40, 0x03, 0x3F, 0xFE, 0x0C, 0x01, 0x00, 0x30, 0x02, 0x00, 0xF0, 0x04, 0x03, 0x50,
    0x08, 0x08, 0x90, 0x10, 0x21, 0x00, 0x20, 0x02, 0x00, 0x40, 0x04, 0x00, 0x80, 0x08, 0x01, 0x00,
    0x10, 0x02, 0x00, 0x20, 0x04, 0x00, 0x40, 0x08, 0x00, 0x8F, 0xFF, 0xC1, 0x00, 0x00, 0x00, 0x02,
    0x00, 0x00, 0x04, 0x01, 0x00, 0x08, 0x02, 0x03, 0xFE, 0x7F, 0xE0, 0x60, 0x14, 0x01, 0x60, 0x34,
    0x02, 0xA0, 0xA8, 0x09, 0x22, 0x48, 0x22, 0x08, 0x88, 0x84, 0x21, 0x08, 0x08, 0x00, 0x00, 0x00,
    0x00, 0x00, 0xFF, 0xFF, 0x00, 0x00, 0x00, 0x00, 0x00, 0x00, 0x3F, 0xFF, 0xFE, 0x00, 0x10, 0x00,
    0x00, 0x21, 0x00, 0x10, 0x41, 0x00, 0x40, 0x81, 0x01, 0x01, 0x01, 0x04, 0x02, 0x01, 0x00, 0x7C,
    0x00, 0x00, 0x00, 0x01, 0x00, 0x07, 0x02, 0x01, 0xF0, 0x04, 0x00, 0x20, 0x08, 0x00, 0x40, 0x91,
    0x00, 0x82, 0x22, 0x01, 0x04, 0x42, 0x7F, 0xE8, 0x84, 0x04, 0x11, 0x04, 0x1C, 0x42, 0x08, 0x74,
    0x84, 0x08, 0xA9, 0x08, 0x01, 0x48, 0x10, 0x84, 0x80, 0x21, 0x09, 0x00, 0x44, 0x22, 0x00, 0x08,
    0x84, 0x00, 0x20, 0x08, 0x00, 0x80, 0x10, 0x02, 0x00, 0x20, 0x08, 0x00, 0x40, 0x60, 0x00, 0x83,
    0x00, 0x01, 0x18, 0x00, 0x00, 0x01, 0x88, 0x00, 0x1C, 0x10, 0x01, 0xD0, 0x20, 0x00, 0x20, 0x40,
    0x00, 0x40, 0xFF, 0xC0, 0x82, 0x10, 0x81, 0x04, 0x22, 0x3F, 0xF0, 0x40, 0x04, 0x20, 0x80, 0x18,
    0x41, 0x20, 0x38, 0x22, 0x40, 0xA8, 0x44, 0x41, 0x48, 0x88, 0x84, 0x92, 0x11, 0x09, 0x04, 0x21,
    0x22, 0x08, 0x42, 0x44, 0x20, 0x85, 0x08, 0x41, 0x08, 0x10, 0x02, 0x00, 0x20, 0x04, 0x00, 0x40,
    0x08, 0x00, 0x80, 0x10, 0x01, 0x01, 0xE0, 0x00, 0x03, 0x02, 0x00, 0x70, 0x08, 0x0F, 0x80, 0x40,
    0x02, 0x03, 0xFE, 0x08, 0x30, 0x10, 0x21, 0x00, 0x80, 0x80, 0xC4, 0x3F, 0xC0, 0xE0, 0x08, 0x06,
    0x00, 0x20, 0x62, 0x01, 0xC6, 0x10, 0x06, 0x80, 0x7F, 0x29, 0x02, 0x04, 0xA0, 0x30, 0x24, 0x81,
    0x00, 0x92, 0x19, 0x04, 0x88, 0x02, 0x10, 0x20, 0x04, 0x80, 0x80, 0x0C, 0x02, 0x00, 0x40, 0x08,
    0x06, 0x00, 0x20, 0x60, 0x00, 0x8E, 0x00, 0x00, 0x00, 0x80, 0x00, 0x07, 0x1F, 0xFC, 0x7C, 0x10,
    0x04, 0x04, 0x10, 0x04, 0x04, 0x10, 0x04, 0x04, 0x10, 0x04, 0x04, 0x10, 0x04, 0xFF, 0xD0, 0x04,
    0x04, 0x1F, 0xFC, 0x0C, 0x00, 0x00, 0x0C, 0x00, 0x00, 0x16, 0x3F, 0xFE, 0x15, 0x00, 0x80, 0x24,
    0x80, 0x80, 0x24, 0x00, 0x80, 0x44, 0x00, 0x80, 0x84, 0x1F, 0xFE, 0x84, 0x00, 0x80, 0x04, 0x00,
    0x80, 0x04, 0x00, 0x80, 0x04, 0x00, 0x80, 0x04, 0x7F, 0xFF, 0x04, 0x00, 0x00, 0x00, 0x08, 0x00,
    0x0E, 0x30, 0x01, 0xE0, 0x7F, 0x80, 0x41, 0x02, 0x00, 0x82, 0x08, 0x01, 0x08, 0x10, 0x02, 0x3F,
    0xFE, 0x04, 0x00, 0x04, 0x7F, 0x00, 0x08, 0x18, 0x7F, 0xF0, 0x70, 0x00, 0x20, 0xD0, 0x00, 0x42,
    0xA0, 0x00, 0x85, 0x2F, 0xFF, 0x12, 0x00, 0x00, 0x24, 0x02, 0x00, 0x88, 0x12, 0x11, 0x10, 0xA2,
    0x10, 0x22, 0x42, 0x20, 0x44, 0x81, 0x20, 0x91, 0x02, 0x41, 0x22, 0x04, 0x42, 0x07, 0xF0, 0x00,
    0x00, 0x40, 0x00, 0x01, 0x00, 0x00, 0x02, 0x00, 0x3F, 0xFF, 0xFE, 0x80, 0x00, 0x0A, 0x00, 0x10,
    0x28, 0x20, 0x30, 0x83, 0x00, 0x30, 0x30, 0x00, 0x31, 0x00, 0x00, 0x00, 0x08, 0x00, 0x00, 0x20,
    0x00, 0x7F, 0xFF, 0x00, 0x02, 0x04, 0x00, 0x08, 0x10, 0x00, 0x20, 0x40, 0x01, 0x01, 0x00, 0x04,
    0x04, 0x00, 0x20, 0x10, 0x41, 0x80, 0x41, 0x0C, 0x01, 0x04, 0x40, 0x04, 0x1E, 0x00, 0x1F, 0x80,
    0x00, 0x40, 0x00, 0x01, 0x00, 0x00, 0x08, 0x01, 0xFF, 0xFF, 0xF8, 0x00, 0x00, 0xC0, 0x00, 0x06,
    0x04, 0x10, 0x30, 0x40, 0x41, 0x04, 0x01, 0x80, 0xC0, 0x03, 0x08, 0x00, 0x04, 0x80, 0x00, 0x00,
    0x00, 0x00, 0x1F, 0xFF, 0xF0, 0x00, 0x80, 0x00, 0x04, 0x00, 0x00, 0x20, 0x00, 0x01, 0x00, 0x00,
    0x08, 0x00, 0x00, 0x40, 0x00, 0x02, 0x00, 0x7F, 0xFF, 0xFC, 0x00, 0x40, 0x00, 0x01, 0x00, 0x3F,
    0xFF, 0xFF, 0x00, 0x00, 0x18, 0x20, 0x20, 0xC2, 0x00, 0xC0, 0x21, 0x01, 0x06, 0x10, 0x06, 0x41,
    0x00, 0x09, 0xFF, 0xFF, 0x88, 0x00, 0x0C, 0x42, 0x00, 0x62, 0x1F, 0xE3, 0x11, 0x01, 0x18, 0x94,
    0x10, 0xC4, 0x19, 0x86, 0x20, 0x38, 0x31, 0x01, 0x41, 0x88, 0x31, 0x8C, 0x4E, 0x00, 0x62, 0x00,
    0x03, 0x1F, 0xFF, 0xF8, 0x80, 0x00, 0xC0, 0x00, 0x20, 0x00, 0x00, 0x80, 0x00, 0x02, 0x00, 0x00,
    0x04, 0x00, 0x00, 0x00, 0x01, 0xFF, 0xFF, 0xE0, 0x00, 0x00, 0x00, 0x00, 0x00, 0x04, 0x00, 0x80,
    0x10, 0x02, 0x00, 0x40, 0x08, 0x00, 0x80, 0x40, 0x02, 0x01, 0x00, 0x08, 0x04, 0x00, 0x20, 0x20,
    0x00, 0x40, 0x80, 0x01, 0x02, 0x00, 0x04, 0x10, 0x00, 0x10, 0x40, 0x00, 0x01, 0x00, 0x00, 0x08,
    0x03, 0xFF, 0xFF, 0xF0, 0x02, 0x00, 0x00, 0x89, 0xFF, 0xC2, 0x22, 0x01, 0x08, 0x84, 0x08, 0x22,
    0x10, 0x20, 0x88, 0x21, 0x02, 0x20, 0x48, 0x08, 0x80, 0xC0, 0x22, 0x03, 0x00, 0x88, 0x32, 0x02,
    0x21, 0x06, 0x00, 0xB8, 0x06, 0x00, 0x20, 0x04, 0x00, 0x40, 0x07, 0xFF, 0xFF, 0x80, 0x00, 0x20,
    0x04, 0x00, 0x80, 0x08, 0x02, 0x00, 0x20, 0x10, 0x00, 0x80, 0x40, 0x00, 0x02, 0x03, 0xFF, 0xFF,
    0xF0, 0x00, 0x20, 0x00, 0x00, 0x20, 0x00, 0x00, 0x40, 0x01, 0xFF, 0xFF, 0xC0, 0x20, 0x08, 0x00,
    0x20, 0x20, 0x3F, 0xFF, 0xFF, 0x80, 0x00, 0x00, 0x00, 0x00, 0x00, 0x3F, 0xFF, 0xE0, 0x40, 0x00,
    0x40, 0x80, 0x00, 0x81, 0xFF, 0xFF, 0x02, 0x00, 0x02, 0x04, 0x00, 0x04, 0x0F, 0xFF, 0xF8, 0x1F,
    0xFF, 0xF0, 0x00, 0x20, 0x03, 0xFF, 0xFF, 0xF8, 0x00, 0x80, 0x00, 0x01, 0x00, 0x00, 0x02, 0x00,
    0x00, 0x04, 0x00, 0x00, 0x00, 0x01, 0x00, 0x41, 0x04, 0x21, 0x04, 0x10, 0x82, 0x10, 0x42, 0x00,
    0x41, 0x0B, 0xFD, 0x04, 0x20, 0x07, 0xFF, 0x80, 0x80, 0x00, 0x42, 0x00, 0x01, 0x0B, 0xFF, 0xF4,
    0x20, 0x10, 0x11, 0x00, 0x80, 0x44, 0x02, 0x00, 0x91, 0xFF, 0xE2, 0x44, 0x44, 0x89, 0x11, 0x12,
    0x28, 0x44, 0x48, 0x2D, 0x11, 0x21, 0xC4, 0x44, 0xB8, 0x11, 0x12, 0x00, 0x44, 0x48, 0x01, 0x11,
    0x20, 0x04, 0x45, 0x80, 0x08, 0x04, 0x00, 0x20, 0x10, 0x00, 0x40, 0x20, 0x00, 0xFF, 0x7F, 0xE2,
    0x21, 0x10, 0x08, 0x42, 0x10, 0x10, 0x88, 0x20, 0x40, 0x10, 0x00, 0x04, 0x00, 0x40, 0x08, 0x00,
    0x80, 0x20, 0x01, 0x00, 0x4F, 0xFF, 0xF1, 0x80, 0x04, 0x05, 0x00, 0x08, 0x12, 0x00, 0x10, 0x04,
    0x10, 0x20, 0x08, 0x10, 0x40, 0x10, 0x20, 0x80, 0x20, 0x21, 0x00, 0x40, 0x02, 0x00, 0x80, 0x04,
    0x01, 0x00, 0x08, 0x02, 0x01, 0xF0, 0x00, 0x08, 0x02, 0x00, 0x10, 0x04, 0x00, 0x7F, 0xDF, 0xF8,
    0x98, 0x22, 0x02, 0x10, 0x82, 0x08, 0x22, 0x00, 0x00, 0x00, 0x00, 0x1F, 0xFF, 0xFE, 0x00, 0x10,
    0x04, 0x00, 0x20, 0x08, 0x00, 0x40, 0x10, 0xFF, 0xFF, 0xE1, 0x01, 0x00, 0x02, 0x02, 0x00, 0x04,
    0x04, 0x00, 0x0F, 0xFF, 0xFE, 0x00, 0x30, 0x04, 0x00, 0xA0, 0x08, 0x02, 0x40, 0x10, 0x08, 0x80,
    0x40, 0x61, 0x00, 0x83, 0x02, 0x1F, 0x08, 0x04, 0x00, 0x00, 0x10, 0x04, 0x00, 0x20, 0x10, 0x00,
    0xFF, 0xBF, 0xF1, 0x20, 0x88, 0x04, 0x22, 0x08, 0x10, 0x02, 0x00, 0x00, 0x04, 0x00, 0x0F, 0xFF,
    0xF8, 0x00, 0x10, 0x00, 0x00, 0x20, 0x00, 0x00, 0x40, 0x07, 0xFF, 0xFF, 0xF0, 0x00, 0x08, 0x00,
    0x00, 0x10, 0x1F, 0xFF, 0xFF, 0x00, 0x00, 0x40, 0x04, 0x00, 0x80, 0x06, 0x01, 0x00, 0x02, 0x02,
    0x00, 0x02, 0x04, 0x00, 0x00, 0x08, 0x00, 0x01, 0xF0, 0x00, 0x08, 0x02, 0x00, 0x10, 0x08, 0x00,
    0x40, 0x10, 0x00, 0xFF, 0x7F, 0xE2, 0x20, 0x88, 0x08, 0x42, 0x08, 0x30, 0x40, 0x10, 0x00, 0x18,
    0x00, 0x00, 0x68, 0x00, 0x01, 0x08, 0x00, 0x04, 0x0C, 0x00, 0x30, 0x06, 0x01, 0xBF, 0xFB, 0x0C,
    0x00, 0x01, 0x80, 0x00, 0x00, 0x03, 0xFF, 0xF0, 0x08, 0x00, 0x20, 0x10, 0x00, 0x40, 0x20, 0x00,
    0x80, 0x40, 0x01, 0x00, 0x80, 0x02, 0x00, 0xFF, 0xFC, 0x02, 0x00, 0x08, 0x00, 0x10, 0x08, 0x00,
    0x40, 0x10, 0x00, 0xFF, 0x7F, 0xF2, 0x21, 0x04, 0x04, 0x22, 0x08, 0x10, 0x42, 0x08, 0x00, 0x1A,
    0x00, 0x00, 0x42, 0x00, 0x03, 0x03, 0x00, 0x18, 0x01, 0x80, 0xCF, 0xFC, 0xE6, 0x00, 0x00, 0x20,
    0x00, 0x00, 0x02, 0x04, 0x04, 0x02, 0x08, 0x10, 0x04, 0x08, 0x40, 0x04, 0x10, 0x80, 0x04, 0x12,
    0x00, 0x08, 0x04, 0x00, 0x00, 0x10, 0x0F, 0xFF, 0xFF, 0xC0, 0x10, 0x08, 0x01, 0x80, 0x40, 0x0F,
    0xF3, 0xFE, 0x88, 0x22, 0x04, 0x22, 0x08, 0x40, 0x90, 0x20, 0x80, 0x00, 0x02, 0x3F, 0xFE, 0x08,
    0x00, 0x12, 0x00, 0x00, 0x90, 0xFF, 0x84, 0x84, 0x04, 0x24, 0x20, 0x21, 0x21, 0x01, 0x09, 0x0F,
    0xF8, 0x48, 0x40, 0x42, 0x42, 0x02, 0x12, 0x10, 0x10, 0x90, 0xFF, 0x84, 0x80, 0x00, 0x24, 0x00,
    0x01, 0x20, 0x00, 0xF8, 0x10, 0x04, 0x00, 0x20, 0x10, 0x00, 0x7F, 0xBF, 0xF1, 0x20, 0x84, 0x04,
    0x22, 0x08, 0x08, 0x44, 0x08, 0x03, 0xFF, 0xF8, 0x04, 0x00, 0x10, 0x0F, 0xFF, 0xE0, 0x10, 0x00,
    0x40, 0x20, 0x00, 0x80, 0x7F, 0xFF, 0x00, 0x80, 0x02, 0x01, 0xFF, 0xFC, 0x03, 0xFF, 0xF8, 0x00,
    0x80, 0x80, 0x01, 0x01, 0x00, 0xFF, 0xFF, 0xFC, 0x04, 0x04, 0x00, 0x10, 0x08, 0x00, 0x40, 0x10,
    0x03, 0x00, 0x20, 0x18, 0x00, 0x40, 0x00, 0x10, 0x04, 0x00, 0x80, 0x10, 0x03, 0xFE, 0x7F, 0xC8,
    0x82, 0x20, 0x42, 0x10, 0x42, 0x04, 0x00, 0x00, 0x01, 0x00, 0x0F, 0xFF, 0xFE, 0x20, 0x00, 0x08,
    0x80, 0x00, 0x22, 0x7F, 0xFC, 0x81, 0x00, 0x10, 0x04, 0x00, 0x40, 0x10, 0x01, 0x00, 0x7F, 0xFC,
    0x01, 0x00, 0x00, 0x04, 0x00, 0x00, 0x1F, 0xFF, 0xC0, 0x40, 0x01, 0x01, 0x00, 0x04, 0x04, 0x00,
    0x10, 0x1F, 0xFF, 0xC0, 0x40, 0x01, 0x00, 0x08, 0x02, 0x00, 0x10, 0x04, 0x00, 0x1F, 0xFF, 0xFF,
    0x24, 0x08, 0x40, 0x42, 0x30, 0x40, 0x00, 0x00, 0x00, 0x02, 0x00, 0x00, 0x7F, 0xF3, 0xFE, 0x02,
    0x02, 0x02, 0x02, 0x02, 0x02, 0x3F, 0xF2, 0x02, 0x22, 0x12, 0x02, 0x22, 0x12, 0x02, 0x3F, 0xF2,
    0x02, 0x22, 0x12, 0x02, 0x22, 0x12, 0x3C, 0x3F, 0xF2, 0x00, 0x02, 0x02, 0x00, 0x02, 0x02, 0x01,
    0xFF, 0xFA, 0x01, 0x02, 0x02, 0x01, 0x02, 0x02, 0x01, 0x02, 0x03, 0xFE, 0x08, 0x02, 0x00, 0x10,
    0x08, 0x00, 0x7F, 0x9F, 0xF8, 0x90, 0x42, 0x02, 0x11, 0x04, 0x08, 0xA0, 0x42, 0x01, 0x00, 0x84,
    0x3F, 0xCF, 0xFF, 0x04, 0x02, 0x10, 0x08, 0x04, 0x20, 0xFE, 0x08, 0x40, 0x21, 0xFF, 0xF0, 0x40,
    0x00, 0x0F, 0xF8, 0x00, 0x01, 0x83, 0xFE, 0x07, 0x04, 0x04, 0x15, 0x08, 0x08, 0x29, 0x10, 0x10,
    0x91, 0x3F, 0xE2, 0x22, 0x40, 0x48, 0x40, 0x80, 0x80, 0x81, 0xFF, 0x01, 0x02, 0x00, 0x00, 0x04,
    0x0F, 0xF8, 0x44, 0x48, 0x08, 0x44, 0x48, 0x08, 0x24, 0x88, 0x08, 0x24, 0x88, 0x08, 0x24, 0x88,
    0x08, 0x05, 0x08, 0x08, 0x04, 0x0F, 0xF8, 0x7F, 0xC8, 0x08, 0x04, 0x08, 0x08, 0x0E, 0x08, 0x08,
    0x0D, 0x08, 0x08, 0x14, 0x88, 0x08, 0x14, 0x8F, 0xF8, 0x24, 0x48, 0x08, 0x24, 0x08, 0x08, 0x44,
    0x08, 0x08, 0x04, 0x08, 0x08, 0x04, 0x08, 0x08, 0x04, 0x08, 0x08, 0x04, 0x7F, 0xFF, 0x04, 0x00,
    0x00, 0x08, 0x08, 0x00, 0x10, 0x10, 0xFD, 0x24, 0x21, 0x0A, 0x48, 0x42, 0x14, 0x90, 0x84, 0x25,
    0x41, 0x08, 0x4A, 0x9F, 0xD0, 0x85, 0x04, 0x3F, 0x08, 0x08, 0x42, 0xFE, 0x10, 0x84, 0x20, 0x21,
    0x08, 0xE3, 0xFA, 0x11, 0xC4, 0x14, 0x23, 0x48, 0x2F, 0xCA, 0x50, 0x50, 0x94, 0x20, 0xA1, 0x48,
    0x41, 0x42, 0x90, 0x83, 0x85, 0x21, 0x07, 0x08, 0x43, 0xFC, 0x10, 0x84, 0x08, 0x21, 0x08, 0x10,
    0x42, 0x00, 0x47, 0x80, 0x00, 0x00, 0x00, 0x00, 0x7E, 0x1F, 0xFC, 0x00, 0x01, 0x00, 0x00, 0x10,
    0x00, 0x01, 0x01, 0x80, 0x10, 0x10, 0x03, 0x03, 0x00, 0x3F, 0xE0, 0x00, 0x06, 0x00, 0x00, 0x40,
    0x40, 0x0C, 0x01, 0x01, 0x80, 0x04, 0x3F, 0xFF, 0xF1, 0x80, 0x80, 0x40, 0x04, 0x01, 0x04, 0x21,
    0x00, 0x41, 0x04, 0x04, 0x08, 0x10, 0x40, 0x40, 0x44, 0x02, 0x01, 0x00, 0x10, 0x04, 0x0F, 0x80,
    0x00, 0x00, 0x10, 0x00, 0x00, 0x20, 0x00, 0xFF, 0xFF, 0xE0, 0x00, 0x80, 0x00, 0x01, 0x00, 0x03,
    0xFF, 0xFE, 0x00, 0x04, 0x00, 0x00, 0x08, 0x00, 0x7F, 0xFF, 0xFE, 0x00, 0x40, 0x00, 0x03, 0x04,
    0x00, 0x18, 0x30, 0x00, 0xFF, 0x80, 0x00, 0x0C, 0x00, 0x00, 0x60, 0x20, 0x07, 0x00, 0x30, 0x3F,
    0xFF, 0xF0, 0x00, 0x20, 0x10, 0x04, 0x46, 0x00, 0x30, 0x83, 0x00, 0x81, 0x01, 0x06, 0x02, 0x01,
    0x90, 0x3C, 0x00, 0x00, 0x00, 0x20, 0x00, 0x01, 0x00, 0x00, 0x08, 0x01, 0xFF, 0xFF, 0xF0, 0x02,
    0x00, 0x00, 0x10, 0x03, 0xFF, 0xFF, 0xF0, 0x00, 0x01, 0x80, 0xC0, 0x0C, 0x08, 0x10, 0x61, 0x83,
    0x02, 0x3F, 0xE0, 0x00, 0x06, 0x10, 0x00, 0xC0, 0x40, 0x38, 0x01, 0x0F, 0xFF, 0xFC, 0x00, 0x20,
    0x10, 0x01, 0x00, 0x01, 0x08, 0x40, 0x10, 0x41, 0x83, 0x02, 0x03, 0x60, 0x10, 0x04, 0x07, 0x80,
    0x00, 0x04, 0x00, 0x02, 0x23, 0xFF, 0x11, 0x08, 0x08, 0x88, 0x20, 0x84, 0x40, 0x88, 0x22, 0x02,
    0x81, 0x10, 0x18, 0x08, 0x83, 0x30, 0x04, 0xE0, 0x78, 0x04, 0x00, 0x00, 0xC1, 0x80, 0x18, 0x30,
    0x01, 0xFE, 0x00, 0x00, 0xC0, 0xC0, 0x38, 0x01, 0x0F, 0xFF, 0xFC, 0x40, 0x20, 0x10, 0x11, 0x10,
    0x01, 0x08, 0x60, 0x30, 0x40, 0x86, 0x02, 0x03, 0x40, 0xF0, 0x00, 0x3F, 0xFF, 0xF1, 0x01, 0x00,
    0x88, 0x08, 0x04, 0x40, 0x40, 0x23, 0xFF, 0xFF, 0x10, 0x10, 0x08, 0x80, 0x80, 0x47, 0xFF, 0xFE,
    0x00, 0x80, 0x00, 0x18, 0x10, 0x01, 0x03, 0x00, 0x3F, 0xE0, 0x00, 0x0C, 0x0C, 0x01, 0x80, 0x11,
    0xFF, 0xFF, 0xC8, 0x04, 0x01, 0x00, 0x20, 0x00, 0x21, 0x08, 0x02, 0x08, 0x30, 0x60, 0x40, 0x6C,
    0x02, 0x00, 0x80, 0xF0, 0x00, 0x04, 0x00, 0x00, 0x08, 0x00, 0x00, 0x20, 0xFF, 0xF8, 0x41, 0x84,
    0x31, 0x03, 0x08, 0x62, 0x26, 0x10, 0xC8, 0x8C, 0x21, 0xA1, 0x18, 0x43, 0x7C, 0x30, 0x86, 0x10,
    0x61, 0x0C, 0x24, 0xC2, 0x18, 0x89, 0xFF, 0xF2, 0x0B, 0x08, 0x69, 0xF6, 0x10, 0xFC, 0x2C, 0x21,
    0x80, 0x18, 0x43, 0x49, 0x30, 0x86, 0x92, 0x61, 0x0D, 0x12, 0xC2, 0x1A, 0x25, 0x84, 0x38, 0x4B,
    0xFF, 0xF0, 0x86, 0x00, 0xE0, 0x0C, 0x01, 0x80, 0x04, 0x00, 0x00, 0x20, 0x10, 0x00, 0x80, 0x80,
    0x04, 0x03, 0xFC, 0x20, 0x10, 0x10, 0x88, 0xE0, 0x84, 0x22, 0x42, 0x11, 0x11, 0x10, 0xF8, 0x02,
    0x80, 0x20, 0x04, 0x01, 0x20, 0x28, 0x08, 0x81, 0x10, 0x41, 0x18, 0x31, 0xFD, 0x80, 0x38, 0x10,
    0x30, 0x00, 0x00, 0x20, 0x52, 0x00, 0x42, 0x48, 0x00, 0x08, 0x90, 0x00, 0x22, 0x47, 0x00, 0x88,
    0x03, 0x82, 0x20, 0x01, 0x80, 0x00, 0x01, 0x80, 0x04, 0x00, 0x00, 0x08, 0x7F, 0xF0, 0x20, 0x40,
    0x20, 0x40, 0x40, 0x81, 0x08, 0x81, 0x04, 0x20, 0x84, 0x08, 0x80, 0x90, 0x7F, 0x00, 0xC0, 0x04,
    0x03, 0x40, 0x12, 0x18, 0x60, 0x44, 0xC4, 0x38, 0x84, 0x08, 0x07, 0xF8, 0x10, 0x08, 0x00, 0x20,
    0x00, 0x0F, 0xFE, 0x24, 0x40, 0x80, 0x48, 0x81, 0x00, 0x89, 0x02, 0x01, 0x11, 0x04, 0x04, 0x20,
    0x08, 0x08, 0x47, 0xFF, 0xF0, 0x0F, 0xFF, 0xC0, 0x04, 0x04, 0x00, 0x20, 0x08, 0x00, 0x80, 0x20,
    0x04, 0x00, 0x40, 0x21, 0x7F, 0xFC, 0x8C, 0x10, 0x04, 0x20, 0x40, 0x21, 0x02, 0x08, 0x7C, 0x10,
    0x10, 0x20, 0x80, 0x21, 0x27, 0xFF, 0x88, 0x80, 0x01, 0x21, 0x08, 0x01, 0x3C, 0x22, 0x0F, 0x10,
    0x88, 0x00, 0x02, 0x20, 0x52, 0x08, 0x81, 0x48, 0x22, 0x04, 0xA1, 0x08, 0x12, 0x44, 0x21, 0x89,
    0x10, 0x86, 0x20, 0x82, 0x18, 0x0C, 0x07, 0xC0, 0x00, 0x00, 0x04, 0x00, 0x80, 0x08, 0x00, 0x80,
    0x08, 0x00, 0x80, 0x10, 0x3F, 0xFE, 0x11, 0x00, 0x80, 0x21, 0x00, 0x80, 0x22, 0x1F, 0xFC, 0x46,
    0x00, 0x00, 0xFC, 0x00, 0x00, 0x08, 0x00, 0x00, 0x08, 0x3F, 0xFE, 0x11, 0x20, 0x02, 0x21, 0x20,
    0x02, 0x47, 0xA4, 0x22, 0x78, 0x84, 0x20, 0x00, 0x04, 0x20, 0x01, 0x04, 0x20, 0x29, 0x04, 0x20,
    0x45, 0x08, 0x20, 0x44, 0x88, 0x21, 0x44, 0x90, 0x21, 0x84, 0x10, 0x21, 0x00, 0x60, 0x3E, 0x08,
    0x10, 0x00, 0x20, 0x44, 0x10, 0x40, 0x88, 0x41, 0x02, 0x08, 0x82, 0x28, 0x11, 0x08, 0x52, 0x00,
    0x11, 0x0B, 0xFF, 0xC4, 0x10, 0x20, 0xF8, 0x20, 0x40, 0x20, 0xC0, 0x80, 0x4A, 0x81, 0x01, 0x15,
    0x12, 0x04, 0x22, 0x24, 0x11, 0xE4, 0x4F, 0xBC, 0x48, 0x90, 0x00, 0x11, 0x20, 0x02, 0x22, 0x40,
    0xA4, 0x4C, 0x81, 0x24, 0x95, 0x04, 0x49, 0x2A, 0x08, 0x92, 0x8C, 0x11, 0x05, 0x18, 0x20, 0x0C,
    0x0F, 0x00, 0x04, 0x01, 0x00, 0x10, 0x02, 0x00, 0x21, 0xFF, 0xF0, 0x80, 0x08, 0x01, 0x00, 0x10,
    0x04, 0x4F, 0xFF, 0x08, 0x80, 0x40, 0x2E, 0x7F, 0xFF, 0xE4, 0x00, 0x00, 0x10, 0x00, 0x00, 0x48,
    0xFF, 0xE1, 0x11, 0x00, 0x42, 0x73, 0xFF, 0x8F, 0x24, 0x01, 0x20, 0x48, 0x02, 0x01, 0x1F, 0xFC,
    0x52, 0x20, 0x08, 0xA4, 0x40, 0x11, 0x28, 0xFF, 0xE2, 0x48, 0x00, 0x08, 0x81, 0x82, 0x11, 0x0C,
    0x03, 0x20, 0x60, 0x01, 0x00, 0x00, 0x02, 0x00, 0x08, 0x04, 0x80, 0x20, 0x08, 0xC0, 0x40, 0x10,
    0x41, 0x00, 0x20, 0x02, 0x00, 0x4F, 0x08, 0x4F, 0xE0, 0x10, 0x81, 0x00, 0x42, 0x02, 0x01, 0xF8,
    0x04, 0x00, 0x10, 0x09, 0xF0, 0x40, 0x7C, 0x01, 0x07, 0x20, 0x04, 0x00, 0x20, 0x89, 0xC0, 0x42,
    0x3C, 0x00, 0x88, 0x00, 0x01, 0x20, 0x00, 0x01, 0x80, 0x06, 0x02, 0x00, 0xF0, 0x1C, 0x1E, 0x00,
    0x84, 0x20, 0x0E, 0x04, 0x40, 0x00, 0x07, 0x00, 0x02, 0x00, 0x00, 0x04, 0x00, 0x00, 0x04, 0x3F,
    0xFF, 0x08, 0x30, 0x83, 0x08, 0x30, 0x83, 0x10, 0x30, 0x83, 0x10, 0x70, 0x83, 0x20, 0xB0, 0x83,
    0x41, 0x30, 0x83, 0x7F, 0x30, 0x83, 0x02, 0x30, 0x83, 0x04, 0x3F, 0xFF, 0x08, 0x30, 0x83, 0x10,
    0x30, 0x83, 0x21, 0xF0, 0x83, 0x7E, 0x30, 0x83, 0x00, 0x30, 0x83, 0x00, 0x30, 0x83, 0x00, 0x30,
    0x83, 0x03, 0xB0, 0x83, 0x3C, 0x3F, 0xFF, 0x40, 0x3F, 0xFF, 0x00, 0x30, 0x03, 0x04, 0x02, 0x00,
    0x10, 0x08, 0x00, 0x20, 0x10, 0x00, 0x40, 0x7F, 0xC1, 0x01, 0x81, 0x02, 0x03, 0x02, 0x08, 0x49,
    0x08, 0x20, 0xA1, 0x20, 0x42, 0x01, 0x81, 0xF8, 0x03, 0x00, 0x20, 0x09, 0x00, 0x40, 0x61, 0x01,
    0x01, 0x01, 0x84, 0x0C, 0x00, 0xD0, 0xC0, 0xC0, 0x7E, 0x00, 0x60, 0x00, 0x00, 0x20, 0x00, 0x00,
    0x00, 0x00, 0x00, 0x00, 0x38, 0xE0, 0x0E, 0x80, 0x38, 0x00, 0x00, 0x0C, 0x00, 0x00, 0x06, 0x00,
    0x04, 0x00, 0x00, 0x08, 0x7F, 0xE0, 0x20, 0x00, 0x40, 0x40, 0x01, 0x01, 0x00, 0x04, 0x04, 0x20,
    0x10, 0x08, 0x40, 0x60, 0x21, 0x03, 0x30, 0xFC, 0x08, 0x18, 0x08, 0x60, 0x0C, 0x23, 0x00, 0x00,
    0x80, 0x00, 0x01, 0x03, 0xFF, 0xC4, 0x60, 0x20, 0x1F, 0x00, 0x40, 0x00, 0x00, 0x80, 0x00, 0x01,
    0x00, 0x03, 0x02, 0x00, 0xF8, 0x04, 0x06, 0x00, 0x08, 0x00, 0x0F, 0xFF, 0xE0, 0x00, 0x00, 0x80,
    0x08, 0x01, 0x00, 0x10, 0x02, 0x00, 0x40, 0x04, 0x00, 0x83, 0xFF, 0xE2, 0x00, 0x10, 0x08, 0x20,
    0x20, 0x10, 0x80, 0x40, 0x7E, 0x00, 0x80, 0x84, 0x7F, 0xFC, 0x10, 0x00, 0x00, 0x40, 0x00, 0x01,
    0x00, 0x00, 0x02, 0x00, 0x00, 0x08, 0x67, 0xFF, 0x3F, 0x08, 0x02, 0x00, 0x10, 0x04, 0x00, 0x20,
    0x08, 0x00, 0x40, 0x10, 0x3C, 0x80, 0x2F, 0x81, 0x00, 0x40, 0x03, 0xFF, 0x80, 0x04, 0x01, 0x00,
    0x00, 0x04, 0x00, 0x10, 0x08, 0x00, 0x20, 0x20, 0x00, 0x80, 0x7F, 0xE1, 0x01, 0x00, 0x84, 0x05,
    0x01, 0x08, 0x4A, 0x04, 0x21, 0x22, 0x10, 0x42, 0x02, 0x41, 0xF8, 0x03, 0x00, 0x20, 0x0D, 0x00,
    0x40, 0x21, 0x01, 0x01, 0x81, 0xC4, 0x0C, 0x00, 0x53, 0x87, 0xFE, 0x78, 0x08, 0x04, 0x00, 0x10,
    0x08, 0x00, 0x20, 0x10, 0x0C, 0x40, 0x23, 0xE0, 0x80, 0x48, 0x01, 0xFF, 0x80, 0x02, 0x01, 0x00,
    0x04, 0x02, 0x00, 0x04, 0x02, 0x00, 0x20, 0x08, 0x00, 0x80, 0x10, 0x04, 0x00, 0x00, 0x10, 0x7F,
    0xFC, 0x80, 0x10, 0x02, 0x10, 0x80, 0x10, 0x82, 0x00, 0x82, 0x10, 0x21, 0xF0, 0x80, 0x40, 0x84,
    0x07, 0x82, 0x1F, 0xE2, 0x10, 0x00, 0x84, 0x80, 0x42, 0x04, 0x31, 0x08, 0x3F, 0x04, 0x20, 0x00,
    0x10, 0x80, 0x00, 0x42, 0x00, 0x01, 0x08, 0x01, 0xC8, 0x21, 0x78, 0x20, 0x84, 0x01, 0x02, 0x10,
    0x18, 0x07, 0xC0, 0x04, 0x00, 0x40, 0x10, 0x40, 0x80, 0x20, 0x91, 0x10, 0x41, 0x22, 0x21, 0x02,
    0x24, 0x82, 0x04, 0x49, 0x08, 0x48, 0x90, 0x21, 0x10, 0x20, 0x5E, 0x2F, 0xFE, 0xC8, 0x40, 0x80,
    0x20, 0x83, 0x80, 0x41, 0x0A, 0x81, 0x02, 0x14, 0x84, 0x14, 0x48, 0x97, 0xC9, 0x11, 0x30, 0x16,
    0x20, 0x00, 0x28, 0x40, 0x00, 0x40, 0x80, 0x0E, 0x81, 0x01, 0xE1, 0x00, 0x04, 0x03, 0xFF, 0xE0,
    0x00, 0x01, 0x00, 0x20, 0x04, 0x00, 0x80, 0x10, 0x04, 0x0F, 0xFE, 0x10, 0x01, 0x00, 0x80, 0x04,
    0x02, 0x27, 0xFF, 0xD1, 0x00, 0x02, 0x4C, 0x00, 0x0B, 0xE0, 0x24, 0x21, 0x00, 0x50, 0x04, 0x18,
    0xC0, 0x20, 0x11, 0x01, 0x08, 0x24, 0x0B, 0xC0, 0x10, 0x30, 0x3F, 0xFF, 0x00, 0x01, 0x00, 0x00,
    0x08, 0x00, 0xE0, 0x4C, 0x1C, 0x03, 0x08, 0x80, 0x10, 0x10, 0x01, 0x80, 0x20, 0x08, 0x00, 0x40,
    0x00, 0x04, 0x80, 0x10, 0x09, 0x00, 0x20, 0x21, 0x00, 0x40, 0x42, 0x01, 0x01, 0x00, 0x02, 0x03,
    0xFF, 0xC8, 0x4C, 0x10, 0x20, 0xA8, 0x20, 0x42, 0x50, 0x41, 0xF9, 0x20, 0x80, 0x10, 0x7F, 0xF0,
    0x40, 0x82, 0x01, 0x01, 0x04, 0x02, 0x02, 0x08, 0x08, 0xC4, 0x10, 0x3E, 0x0F, 0xFE, 0x00, 0x10,
    0x40, 0x00, 0x20, 0x80, 0x00, 0x41, 0x00, 0x78, 0x82, 0x0F, 0x01, 0xFF, 0xE0, 0x02, 0x00, 0x00,
    0x04, 0x00, 0x00, 0x04, 0x00, 0x3C, 0x08, 0xFF, 0x80, 0x20, 0x00, 0x00, 0x41, 0x08, 0x41, 0x02,
    0x11, 0x02, 0x12, 0x22, 0x08, 0x5F, 0xFF, 0x90, 0xBF, 0xFF, 0x42, 0x08, 0x00, 0xF8, 0x10, 0x00,
    0x13, 0xFF, 0xF8, 0x40, 0x40, 0x01, 0x01, 0x00, 0x04, 0x63, 0xFF, 0x1F, 0x06, 0x04, 0x00, 0x0C,
    0x08, 0x00, 0x24, 0x20, 0x00, 0x44, 0x40, 0x1D, 0x07, 0x03, 0xC2, 0x0C, 0x00, 0x08, 0x66, 0x00,
    0x27, 0x03, 0x80, 0x00, 0x00, 0x80, 0x04, 0x01, 0x00, 0x30, 0x02, 0x00, 0x80, 0x08, 0x02, 0x0F,
    0xFF, 0x10, 0x20, 0x04, 0x40, 0x80, 0x12, 0x22, 0x00, 0x48, 0x8F, 0xFF, 0x4C, 0x20, 0x03, 0xD0,
    0x80, 0x00, 0x83, 0xFF, 0xC4, 0x0F, 0xFF, 0x10, 0x31, 0x24, 0x81, 0xC4, 0x95, 0xE7, 0x12, 0x58,
    0x1C, 0x49, 0x00, 0x5F, 0xFC, 0x05, 0x44, 0x90, 0xE5, 0x12, 0x4C, 0x24, 0x49, 0xC0, 0x91, 0x24,
    0x06, 0x44, 0x90, 0x01, 0x00, 0xC0, 0x00, 0x02, 0x00, 0x10, 0x08, 0x00, 0x80, 0x10, 0x02, 0x3F,
    0xFF, 0x10, 0x80, 0x04, 0x42, 0x00, 0x12, 0x09, 0x00, 0x08, 0x8B, 0xFF, 0x42, 0x20, 0x83, 0xF1,
    0x02, 0x00, 0x84, 0x08, 0x02, 0x31, 0xFF, 0x10, 0xC8, 0x04, 0x85, 0x20, 0x13, 0xC4, 0x80, 0x50,
    0x11, 0xFF, 0x00, 0x48, 0x04, 0x01, 0x20, 0x10, 0x64, 0x80, 0x4E, 0x12, 0x01, 0xC0, 0x48, 0x04,
    0x01, 0x1F, 0xF0, 0x04, 0x80, 0x40, 0xFF, 0xFF, 0xF8, 0x00, 0x01, 0x80, 0x00, 0x18, 0x08, 0x09,
    0x80, 0x80, 0x99, 0x0A, 0x11, 0x88, 0x91, 0x18, 0x91, 0x11, 0x85, 0x0A, 0x18, 0x30, 0x61, 0x82,
    0x06, 0x18, 0x30, 0x21, 0x85, 0x06, 0x18, 0x48, 0x91, 0x88, 0x48, 0x99, 0x01, 0x09, 0x90, 0x20,
    0x18, 0x00, 0x01, 0x80, 0x00, 0x18, 0x00, 0x01, 0x80, 0x01, 0xF0, 0x7F, 0xFF, 0xF2, 0x08, 0x20,
    0x90, 0x41, 0x04, 0x82, 0x08, 0x27, 0xFF, 0xFF, 0x00, 0x10, 0x03, 0xFF, 0xFF, 0xE0, 0x08, 0x00,
    0x00, 0x40, 0x00, 0xFF, 0xFE, 0x04, 0x00, 0x10, 0x20, 0x00, 0x81, 0xFF, 0xFC, 0x08, 0x00, 0x20,
    0x40, 0x01, 0x03, 0xFF, 0xF8, 0x10, 0x00, 0x40, 0xFF, 0xFE, 0x04, 0x00, 0x10, 0x20, 0x00, 0x8F,
    0xFF, 0xFF, 0x80, 0xFF, 0x9F, 0xF0, 0x08, 0x01, 0x40, 0x80, 0x13, 0x88, 0xE1, 0x04, 0x81, 0x10,
    0x38, 0x07, 0x0C, 0x81, 0x93, 0x08, 0x61, 0xC0, 0x98, 0x10, 0x04, 0x01, 0x00, 0x40, 0x01, 0xFF,
    0xFC, 0x10, 0x00, 0x41, 0x00, 0x04, 0x10, 0x00, 0x41, 0x00, 0x04, 0x1F, 0xFF, 0xC1, 0x00, 0x04,
    0x10, 0x00, 0x41, 0x00, 0x04, 0x1F, 0xFF, 0xC1, 0x00, 0x04, 0x00, 0xE0, 0x00, 0xFE, 0x1F, 0xFC,
    0x08, 0x82, 0x18, 0x91, 0x04, 0x31, 0x24, 0x08, 0x60, 0x50, 0x10, 0xDF, 0xFD, 0x29, 0x81, 0x02,
    0x53, 0x07, 0x82, 0x96, 0x14, 0x85, 0x2C, 0x48, 0x82, 0x19, 0x10, 0x04, 0x3C, 0x00, 0x08, 0x67,
    0xFE, 0x31, 0xC8, 0x8C, 0xA5, 0x91, 0x1A, 0x53, 0x3F, 0xF8, 0xC6, 0x44, 0x61, 0x0C, 0x88, 0xC2,
    0x19, 0x11, 0x84, 0x33, 0xFF, 0x08, 0x64, 0x06, 0x10, 0xC8, 0x0C, 0xE7, 0x00, 0x00, 0x40, 0x00,
    0x01, 0x00, 0x20, 0x04, 0x01, 0x00, 0x10, 0x04, 0x3F, 0xFF, 0xA0, 0x01, 0x01, 0x00, 0x04, 0x18,
    0x00, 0x10, 0x80, 0xFF, 0xFF, 0xFC, 0x00, 0x60, 0x00, 0x02, 0x00, 0x00, 0x30, 0x00, 0x03, 0x00,
    0x00, 0x3F, 0xFF, 0x83, 0x20, 0x02, 0x30, 0x80, 0x08, 0x02, 0x00, 0x20, 0x0F, 0xFF, 0x80, 0x20,
    0x02, 0x00, 0x80, 0x08, 0x02, 0x00, 0x20, 0x0F, 0xFF, 0x80, 0x20, 0x02, 0x00, 0x00, 0x00, 0x10,
    0x00, 0x00, 0x23, 0xFF, 0xC0, 0x40, 0x20, 0x00, 0x80, 0x40, 0x01, 0x00, 0x80, 0x02, 0x02, 0x01,
    0xFF, 0xBF, 0xF0, 0x08, 0x49, 0x20, 0x10, 0x92, 0x40, 0x21, 0x24, 0x90, 0x42, 0x49, 0x10, 0x84,
    0x92, 0x11, 0x09, 0x24, 0x22, 0x12, 0x48, 0x24, 0x24, 0x90, 0x48, 0x49, 0x20, 0x10, 0x92, 0x40,
    0x21, 0x24, 0x80, 0x42, 0x49, 0x00, 0x84, 0x92, 0x01, 0x09, 0x24, 0x02, 0x10, 0x38, 0x3C, 0x00,
    0x10, 0x08, 0x00, 0x48, 0x20, 0x02, 0x10, 0x83, 0x08, 0x42, 0x70, 0x40, 0x8E, 0x03, 0xFF, 0x20,
    0x00, 0x04, 0x80, 0x00, 0x02, 0x01, 0x00, 0x08, 0x05, 0xFE, 0x20, 0x14, 0x08, 0xFF, 0x90, 0x20,
    0x00, 0x40, 0x88, 0x01, 0xFE, 0x20, 0x04, 0x08, 0x81, 0x90, 0x22, 0x38, 0x7F, 0x8F, 0x01, 0x02,
    0x20, 0x04, 0x08, 0x80, 0x50, 0x22, 0x01, 0x40, 0x88, 0x05, 0x02, 0x20, 0x14, 0x78, 0xFF, 0x80,
    0x00, 0x08, 0x00, 0xF8, 0x20, 0x02, 0x20, 0x87, 0xC8, 0x82, 0x11, 0x22, 0x08, 0x44, 0x89, 0xFD,
    0x12, 0x20, 0x84, 0x4F, 0x82, 0x11, 0x22, 0x08, 0x44, 0x88, 0x21, 0x12, 0x2F, 0xF4, 0x48, 0x82,
    0x11, 0x22, 0x10, 0x44, 0xF8, 0x41, 0x12, 0x21, 0x24, 0x58, 0x88, 0x91, 0x62, 0x22, 0x45, 0x88,
    0x85, 0x14, 0x24, 0x75, 0xD0, 0x9E, 0x50, 0x42, 0x01, 0x42, 0x08, 0x01, 0x08, 0xE0, 0x04, 0x00,
    0x00, 0x80, 0x00, 0x40, 0x00, 0x40, 0x00, 0x20, 0x0F, 0xFF, 0xFE, 0x00, 0x07, 0x00, 0x03, 0x80,
    0x01, 0xC0, 0x00, 0xFF, 0xFF, 0xF0, 0x00, 0x38, 0x00, 0x1C, 0x00, 0x0E, 0x00, 0x07, 0x00, 0x03,
    0xFF, 0xFF, 0xC0, 0x00, 0xE0, 0x00, 0x70, 0x00, 0x38, 0x00, 0x1F, 0xFF, 0xFE, 0x00, 0x07, 0x00,
    0x02, 0x02, 0x00, 0x00, 0x04, 0x0F, 0xE0, 0x7F, 0x10, 0x40, 0x82, 0x20, 0x81, 0x04, 0x41, 0x02,
    0x08, 0x82, 0x04, 0x91, 0x04, 0x09, 0x24, 0x08, 0x12, 0x48, 0x1E, 0x20, 0x80, 0x00, 0x41, 0x00,
    0x03, 0xFE, 0x7F, 0xC1, 0x04, 0x80, 0x82, 0x08, 0x81, 0x0C, 0x91, 0x04, 0x19, 0x23, 0x08, 0x32,
    0x42, 0x10, 0x40, 0x82, 0x40, 0x81, 0x03, 0x01, 0x02, 0x06, 0x06, 0x04, 0x12, 0x08, 0x08, 0xC3,
    0x10, 0xF6, 0x01, 0x00, 0x00, 0x80, 0x00, 0x02, 0x00, 0x00, 0x0F, 0xF8, 0x00, 0x20, 0x10, 0x00,
    0x40, 0x40, 0x01, 0x01, 0x00, 0x0F, 0xFF, 0xFC, 0x24, 0x08, 0x08, 0x08, 0x10, 0x10, 0x10, 0x20,
    0x20, 0x20, 0x40, 0x40, 0x40, 0x80, 0x80, 0xFF, 0xFF, 0x01, 0x00, 0x02, 0x02, 0x00, 0x04, 0x04,
    0x00, 0x00, 0x08, 0x00, 0x00, 0x10, 0x00, 0x04, 0x20, 0x00, 0x08, 0x40, 0x00, 0x10, 0xC0, 0x00,
    0x40, 0xFF, 0xFF, 0x00, 0x02, 0x02, 0x00, 0x10, 0x10, 0x00, 0x80, 0x81, 0xFF, 0xFF, 0xF0, 0x20,
    0x20, 0x01, 0x01, 0x00, 0x08, 0x08, 0x00, 0x00, 0x00, 0x00, 0x00, 0x03, 0xFF, 0xFF, 0x00, 0x20,
    0x08, 0x01, 0x00, 0x40, 0x08, 0x02, 0x00, 0x40, 0x10, 0x02, 0x00, 0x80, 0x10, 0x04, 0x00, 0x80,
    0x20, 0x04, 0x01, 0x00, 0x21, 0xF8, 0x01, 0x00, 0x00, 0x08, 0x00, 0x00, 0x40, 0x00, 0x02, 0x00,
    0x00, 0x01, 0x00, 0x80, 0x01, 0x00, 0x80, 0x01, 0x00, 0x80, 0x01, 0x00, 0x80, 0x7F, 0xFF, 0xFE,
    0x01, 0x00, 0x80, 0x01, 0x00, 0x80, 0x01, 0x00, 0x80, 0x00, 0x10, 0x00, 0x00, 0x10, 0x00, 0x00,
    0x08, 0x00, 0x01, 0x08, 0x00, 0x01, 0x04, 0x00, 0x11, 0x04, 0x08, 0x11, 0x02, 0x08, 0x11, 0x00,
    0x04, 0x21, 0x00, 0x04, 0x21, 0x00, 0x04, 0x41, 0x00, 0x22, 0x41, 0x00, 0x22, 0x81, 0x00, 0x20,
    0x01, 0x00, 0x20, 0x01, 0xFF, 0xC0, 0x00, 0x00, 0x00, 0x04, 0x02, 0x00, 0x08, 0x04, 0x03, 0xFF,
    0xFF, 0xE0, 0x20, 0x10, 0x00, 0x40, 0x20, 0x00, 0x08, 0x00, 0x00, 0x20, 0x00, 0x00, 0x40, 0x00,
    0xFF, 0xFF, 0xFC, 0x02, 0x00, 0x00, 0x08, 0x00, 0x00, 0x10, 0x00, 0x00, 0x40, 0x00, 0x01, 0xFF,
    0xFC, 0x05, 0x00, 0x08, 0x12, 0x00, 0x10, 0x44, 0x00, 0x23, 0x08, 0x00, 0x40, 0x10, 0x00, 0x80,
    0x20, 0x01, 0x00, 0x7F, 0xFE, 0x00, 0x80, 0x04, 0x00, 0x02, 0x01, 0x00, 0x08, 0x04, 0x00, 0x20,
    0x10, 0x3F, 0xFF, 0xFF, 0x02, 0x01, 0x00, 0x08, 0x04, 0x00, 0x20, 0x10, 0x00, 0x00, 0x00, 0x30,
    0x7F, 0xF0, 0x31, 0x00, 0x40, 0x04, 0x01, 0x00, 0x10, 0x04, 0x80, 0x40, 0x11, 0xC1, 0x00, 0x40,
    0x84, 0x01, 0x00, 0x10, 0x7C, 0x02, 0x40, 0x00, 0x11, 0x00, 0x00, 0x84, 0x00, 0x04, 0x10, 0x01,
    0x20, 0x40, 0x04, 0x81, 0x00, 0x1C, 0x07, 0xFF, 0xC0, 0x01, 0x00, 0x80, 0x04, 0x02, 0x00, 0x10,
    0x08, 0x1F, 0xFF, 0xFF, 0x01, 0x00, 0x80, 0x14, 0x02, 0x00, 0x50, 0x08, 0x01, 0x00, 0x00, 0x04,
    0x03, 0xFD, 0xFF, 0x88, 0x10, 0x42, 0x20, 0x41, 0x08, 0x81, 0x04, 0x22, 0x04, 0x30, 0x88, 0x10,
    0xC2, 0x20, 0x42, 0x08, 0x81, 0x08, 0x22, 0x04, 0x20, 0x88, 0x11, 0x82, 0x20, 0x44, 0x08, 0x81,
    0x20, 0x23, 0xFC, 0x81, 0x88, 0x14, 0x3C, 0x20, 0x40, 0x01, 0x00, 0x80, 0x01, 0x00, 0x80, 0x01,
    0x00, 0x80, 0x7F, 0xFF, 0xFE, 0x01, 0x00, 0x80, 0x01, 0x10, 0x80, 0x01, 0x18, 0x80, 0x00, 0x24,
    0x00, 0x00, 0x43, 0x00, 0x01, 0x90, 0x80, 0x02, 0x10, 0x60, 0x0C, 0x10, 0x18, 0x30, 0x10, 0x07,
    0x5F, 0xFF, 0xF0, 0x00, 0x10, 0x00, 0x00, 0x10, 0x00, 0x02, 0x10, 0x80, 0x02, 0x10, 0x40, 0x04,
    0x10, 0x30, 0x08, 0x10, 0x18, 0x30, 0x10, 0x08, 0x00, 0x10, 0x00, 0x00, 0xF0, 0x00, 0x02, 0x01,
    0x00, 0x04, 0x02, 0x03, 0xFF, 0xFF, 0xF0, 0x10, 0x08, 0x00, 0x22, 0x10, 0x00, 0x03, 0x00, 0x3F,
    0xFF, 0xFF, 0x04, 0x00, 0x00, 0x08, 0x00, 0x00, 0x10, 0x00, 0x00, 0x20, 0x00, 0x00, 0x7F, 0xFF,
    0x80, 0x00, 0x00, 0x00, 0x00, 0x00, 0x02, 0x04, 0x20, 0x04, 0x08, 0x40, 0x08, 0x10, 0x80, 0x10,
    0x21, 0x00, 0x20, 0x42, 0x08, 0x80, 0x84, 0x12, 0x01, 0x08, 0x38, 0x02, 0x0F, 0xC0, 0x01, 0x01,
    0x00, 0x02, 0x02, 0x01, 0xFF, 0xFF, 0xF0, 0x08, 0x08, 0x00, 0x10, 0x10, 0x00, 0x00, 0x00, 0x08,
    0x40, 0x80, 0x09, 0x81, 0x30, 0x0C, 0x02, 0x10, 0x18, 0x04, 0x10, 0xD0, 0x08, 0x06, 0x27, 0xFF,
    0xE0, 0x20, 0x20, 0x00, 0x40, 0x60, 0x01, 0x81, 0x40, 0x05, 0x02, 0x80, 0x12, 0x04, 0x80, 0xC4,
    0x10, 0x80, 0x08, 0x21, 0x00, 0x10, 0x81, 0x00, 0x22, 0x01, 0x00, 0x88, 0x01, 0x0F, 0x20, 0x01,
    0x00, 0x01, 0x01, 0x00, 0x02, 0x02, 0x01, 0xFF, 0xFF, 0xF0, 0x08, 0x08, 0x00, 0x10, 0x10, 0x00,
    0x00, 0x1E, 0x0F, 0xFF, 0xC0, 0x00, 0x00, 0x00, 0x10, 0x20, 0x10, 0x20, 0x40, 0x20, 0x20, 0x40,
    0x80, 0x40, 0x82, 0x00, 0x40, 0x04, 0x00, 0x02, 0x00, 0x00, 0x04, 0x00, 0x7F, 0xFF, 0xFF, 0x00,
    0x54, 0x00, 0x01, 0x24, 0x00, 0x04, 0x44, 0x00, 0x10, 0x86, 0x00, 0xC1, 0x03, 0x06, 0x02, 0x01,
    0xB0, 0x04, 0x00, 0x80, 0x02, 0x01, 0x00, 0x08, 0x04, 0x0F, 0xFF, 0xFF, 0xC0, 0x80, 0x40, 0x02,
    0x01, 0x00, 0x00, 0x00, 0x07, 0xFF, 0xFF, 0xD0, 0x00, 0x01, 0x40, 0x00, 0x05, 0x3F, 0xFF, 0x14,
    0x80, 0x04, 0x42, 0x00, 0x10, 0x0F, 0xFF, 0xC0, 0x00, 0x00, 0x00, 0x00, 0x00, 0x07, 0xFF, 0xFC,
    0x10, 0x00, 0x10, 0x40, 0x00, 0x41, 0x00, 0x01, 0x04, 0x00, 0x04, 0x1F, 0xFF, 0xF0, 0x40, 0x00,
    0x40, 0x02, 0x01, 0x00, 0x04, 0x02, 0x03, 0xFF, 0xFF, 0xF0, 0x10, 0x08, 0x00, 0x20, 0x10, 0x00,
    0x41, 0x20, 0x08, 0x04, 0x00, 0x0C, 0x1F, 0xFC, 0x04, 0x60, 0x10, 0x00, 0xC0, 0x40, 0x06, 0x61,
    0x06, 0x10, 0x24, 0x03, 0x00, 0x30, 0x00, 0x01, 0x90, 0x00, 0x0C, 0x18, 0x00, 0xE0, 0x0E, 0x08,
    0x7F, 0xF2, 0x10, 0x80, 0x20, 0x41, 0x00, 0x41, 0x02, 0x00, 0x84, 0x04, 0x01, 0x08, 0x0F, 0xFE,
    0x20, 0x10, 0x04, 0x00, 0x01, 0x01, 0x00, 0x02, 0x02, 0x03, 0xFF, 0xFF, 0xF8, 0x08, 0x08, 0x00,
    0x10, 0x12, 0x00, 0x00, 0x02, 0x00, 0x00, 0x40, 0x1F, 0xFF, 0xFE, 0x20, 0x01, 0x00, 0x4F, 0xFA,
    0x00, 0x91, 0x04, 0x41, 0x22, 0x08, 0x82, 0x7F, 0xD1, 0x04, 0x80, 0x94, 0x09, 0x01, 0x28, 0x12,
    0x02, 0x60, 0x27, 0xFC, 0xC0, 0xC8, 0x81, 0x81, 0x11, 0x05, 0x02, 0x3F, 0xF2, 0x04, 0x00, 0x42,
    0x30, 0x01, 0x02, 0x40, 0x04, 0x03, 0x80, 0x01, 0x01, 0x00, 0x01, 0x01, 0x00, 0x7F, 0xFF, 0xFE,
    0x01, 0x01, 0x00, 0x21, 0x03, 0x30, 0x10, 0x02, 0x08, 0x0D, 0xFF, 0xFE, 0x00, 0x02, 0x00, 0x00,
    0xFF, 0xF8, 0x00, 0x82, 0x08, 0x60, 0x82, 0x08, 0x18, 0xFF, 0xF8, 0x00, 0x82, 0x08, 0x00, 0xFF,
    0xF8, 0x00, 0x82, 0x08, 0x00, 0x82, 0x08, 0x08, 0x00, 0x20, 0x09, 0xFF, 0xFF, 0x10, 0x40, 0x20,
    0x10, 0x30, 0x20, 0x20, 0x08, 0x20, 0x20, 0x00, 0x20, 0x40, 0x03, 0xE0, 0x01, 0x01, 0x00, 0x02,
    0x02, 0x01, 0xFF, 0xFF, 0xF0, 0x08, 0x08, 0x00, 0x10, 0x19, 0x00, 0x00, 0x11, 0x11, 0xFF, 0xFF,
    0xA2, 0x00, 0x40, 0x44, 0x00, 0x80, 0x89, 0xFD, 0x11, 0x14, 0x42, 0x21, 0xE8, 0x84, 0x84, 0x4F,
    0xE9, 0x00, 0xA0, 0x52, 0x3F, 0x40, 0x98, 0x12, 0x81, 0x30, 0x24, 0xFE, 0x40, 0x4A, 0x20, 0x80,
    0x94, 0x43, 0x01, 0x47, 0xFD, 0x04, 0x90, 0x12, 0x29, 0x00, 0x42, 0x64, 0x01, 0x03, 0x00, 0x00,
    0x00, 0x00, 0x08, 0x00, 0x00, 0x20, 0xFF, 0xF0, 0x80, 0x00, 0x02, 0x00, 0x00, 0x08, 0x00, 0x00,
    0x00, 0x80, 0x00, 0x01, 0x00, 0x00, 0x04, 0x00, 0x00, 0x11, 0xFF, 0xFC, 0x60, 0x00, 0x81, 0x40,
    0x01, 0x04, 0x80, 0x02, 0x11, 0x00, 0x04, 0x02, 0x00, 0x08, 0x04, 0x00, 0x10, 0x08, 0x00, 0x20,
    0x10, 0x00, 0x40, 0x20, 0x00, 0x80, 0x40, 0x01, 0x00, 0x80, 0x02, 0x01, 0x00, 0x04, 0x02, 0x01,
    0xF8, 0x00, 0x00, 0x10, 0x00, 0x00, 0x20, 0x00, 0x00, 0x40, 0x01, 0xFF, 0xFF, 0xE0, 0x01, 0x00,
    0x00, 0x02, 0x00, 0x07, 0xFF, 0xFC, 0x00, 0x08, 0x00, 0x00, 0x10, 0x00, 0x00, 0x20, 0x01, 0xFF,
    0xFF, 0xF0, 0x01, 0x40, 0x00, 0x0C, 0x80, 0x00, 0x20, 0x81, 0x01, 0x81, 0x0C, 0x05, 0x01, 0x20,
    0x72, 0x01, 0x80, 0x04, 0x01, 0x00, 0x08, 0x01, 0x00, 0x10, 0x21, 0x80, 0x23, 0x80, 0xC0, 0x78,
    0x00, 0x00, 0x00, 0x00, 0x00, 0x01, 0x02, 0x00, 0x04, 0x09, 0x00, 0x10, 0x22, 0x0F, 0xFE, 0x88,
    0x01, 0x02, 0x10, 0x04, 0x08, 0x00, 0x10, 0x20, 0x1F, 0xFF, 0xFF, 0x00, 0x02, 0x00, 0x04, 0x08,
    0x00, 0x10, 0x20, 0x1F, 0xFE, 0xC2, 0x02, 0x03, 0x10, 0x10, 0x04, 0x40, 0x81, 0x12, 0x06, 0x68,
    0x48, 0x68, 0x41, 0x40, 0x20, 0x86, 0x10, 0x81, 0x08, 0x42, 0x22, 0x61, 0x0F, 0x02, 0x44, 0x20,
    0x31, 0x90, 0x01, 0x03, 0x80, 0x02, 0x01, 0x00, 0x08, 0x04, 0x06, 0x20, 0x10, 0x04, 0x80, 0x40,
    0x02, 0xFF, 0xFC, 0x08, 0x04, 0x00, 0x20, 0x10, 0x03, 0x80, 0x40, 0x32, 0x01, 0x03, 0x08, 0x04,
    0x00, 0x27, 0xFF, 0xC0, 0x04, 0x00, 0x00, 0x10, 0x00, 0x00, 0x40, 0x0F, 0xFF, 0xFF, 0xC0, 0x1C,
    0x00, 0x00, 0x88, 0x08, 0x0C, 0x10, 0xC1, 0xE0, 0x2C, 0x38, 0x80, 0x40, 0x02, 0x00, 0x80, 0x09,
    0xE1, 0x80, 0x78, 0x01, 0xC0, 0x10, 0x01, 0x00, 0x10, 0x02, 0x60, 0x20, 0x04, 0x30, 0x20, 0x08,
    0x00, 0x0F, 0xFF, 0xEF, 0xE0, 0x20, 0x00, 0x40, 0x40, 0x01, 0x00, 0x80, 0x02, 0x7F, 0xFC, 0x08,
    0x82, 0x08, 0x35, 0x04, 0x10, 0x52, 0x08, 0x21, 0xC7, 0xFF, 0xC5, 0x48, 0x20, 0x92, 0x50, 0x41,
    0x44, 0x20, 0x82, 0x08, 0x41, 0x04, 0x10, 0xFF, 0xF8, 0x21, 0x04, 0x10, 0x42, 0x08, 0x20, 0x84,
    0x10, 0x41, 0x08, 0x20, 0x82, 0x10, 0x4F, 0x00, 0x10, 0x00, 0x00, 0x10, 0x03, 0xFC, 0x08, 0x42,
    0x04, 0x04, 0x42, 0x04, 0x00, 0x22, 0x04, 0x7E, 0x23, 0xFC, 0x06, 0x02, 0x04, 0x04, 0x02, 0x04,
    0x0C, 0x02, 0x04, 0x09, 0xE3, 0xFC, 0x1A, 0x22, 0x00, 0x1C, 0x22, 0x02, 0x2C, 0x22, 0x44, 0x4A,
    0x22, 0x28, 0x8A, 0x22, 0x10, 0x88, 0x22, 0x08, 0x08, 0x22, 0x64, 0x08, 0x27, 0x84, 0x08, 0x24,
    0x02, 0x08, 0x30, 0x00, 0x08, 0x58, 0x00, 0x08, 0x8E, 0x00, 0x09, 0x03, 0xFF, 0x7F, 0xFF, 0xFC,
    0x02, 0x08, 0x00, 0x08, 0x20, 0x00, 0x20, 0x80, 0x3F, 0xFF, 0xF8, 0x82, 0x08, 0x22, 0x08, 0x20,
    0x88, 0x20, 0x82, 0x20, 0x82, 0x08, 0xFF, 0xFF, 0xE0, 0x04, 0x00, 0x00, 0x20, 0x00, 0x00, 0x80,
    0x03, 0xFF, 0xFF, 0xF0, 0x20, 0x08, 0x00, 0x80, 0x20, 0x04, 0x01, 0x00, 0x30, 0x08, 0x00, 0x3F,
    0xC0, 0x00, 0x0B, 0xC0, 0x03, 0xC0, 0xE3, 0xF0, 0x00, 0x70, 0x0F, 0xFF, 0xE0, 0x10, 0x00, 0x40,
    0x20, 0x00, 0x80, 0x40, 0x01, 0x00, 0xFF, 0xFE, 0x01, 0x00, 0x04, 0x02, 0x00, 0x08, 0x04, 0x00,
    0x10, 0x08, 0x00, 0x20, 0x1F, 0xFF, 0xC0, 0x20, 0x00, 0x80, 0x40, 0x01, 0x00, 0x80, 0x02, 0x01,
    0xFF, 0xFC, 0x00, 0x20, 0x80, 0x00, 0x81, 0x00, 0x01, 0x02, 0x00, 0x02, 0x04, 0x04, 0x08, 0x08,
    0x08, 0x20, 0x10, 0x11, 0x80, 0x20, 0x3C, 0x00, 0x7F, 0x80, 0x08, 0x00, 0x00, 0x04, 0x1F, 0xFC,
    0x04, 0x10, 0x04, 0x00, 0x10, 0x04, 0xFF, 0x90, 0x04, 0x00, 0x9F, 0xFC, 0x01, 0x10, 0x04, 0x03,
    0x10, 0x04, 0x02, 0x10, 0x04, 0x04, 0x1F, 0xFC, 0x0E, 0x10, 0x04, 0x1E, 0x10, 0x04, 0x15, 0x10,
    0x04, 0x64, 0x90, 0x04, 0xC4, 0x9F, 0xFC, 0x04, 0x02, 0x20, 0x04, 0x02, 0x20, 0x04, 0x04, 0x20,
    0x04, 0x04, 0x20, 0x04, 0x04, 0x21, 0x04, 0x08, 0x21, 0x04, 0x10, 0x21, 0x04, 0x60, 0x3F, 0x00,
    0x02, 0x01, 0xFF, 0x88, 0x04, 0x20, 0x40, 0x1F, 0xF1, 0xFE, 0x40, 0x48, 0x01, 0x01, 0x24, 0x07,
    0xFD, 0x0C, 0x10, 0x80, 0x08, 0x7F, 0xE0, 0x20, 0x00, 0x00, 0x01, 0xFF, 0xFE, 0x04, 0x00, 0x08,
    0x10, 0x00, 0x20, 0x7F, 0xFF, 0x81, 0x00, 0x02, 0x07, 0xFF, 0xF8, 0x10, 0x00, 0x20, 0x40, 0x00,
    0x81, 0xFF, 0xFE, 0x00, 0x41, 0x00, 0x02, 0x04, 0x04, 0x30, 0x10, 0x1F, 0x00, 0x7F, 0xC0, 0x08,
    0x1F, 0xF0, 0x20, 0x40, 0x40, 0x81, 0x01, 0x02, 0x04, 0x04, 0xFF, 0x91, 0x10, 0x20, 0x44, 0x40,
    0x81, 0x11, 0x02, 0x04, 0x44, 0x08, 0x11, 0x13, 0xFE, 0x44, 0x40, 0x81, 0x11, 0x02, 0x04, 0x44,
    0x08, 0x11, 0x10, 0x30, 0x46, 0x40, 0xC0, 0x28, 0x06, 0x80, 0xA0, 0x11, 0x02, 0x84, 0x42, 0x12,
    0x12, 0x00, 0xC8, 0x48, 0x02, 0x21, 0x40, 0x30, 0x86, 0x01, 0x03, 0xE0, 0x00, 0x00, 0x00, 0x02,
    0x08, 0x02, 0x10, 0x40, 0x10, 0x82, 0x00, 0x84, 0x2F, 0xF4, 0x21, 0x20, 0x21, 0x10, 0x81, 0x08,
    0x82, 0x08, 0x40, 0x08, 0x00, 0x00, 0x00, 0xFF, 0xFE, 0x04, 0x00, 0x10, 0x20, 0x40, 0x81, 0x02,
    0x04, 0x08, 0x10, 0x20, 0x40, 0x81, 0x02, 0x06, 0x08, 0x10, 0x50, 0x40, 0x04, 0x80, 0x00, 0x44,
    0x02, 0x0C, 0x20, 0x11, 0x81, 0x00, 0xF0, 0x07, 0xF8, 0x08, 0x00, 0x00, 0x10, 0x1F, 0xF8, 0x3E,
    0x02, 0x10, 0x88, 0x08, 0x21, 0x10, 0x10, 0x44, 0x20, 0x20, 0x9F, 0xF0, 0x81, 0x31, 0x22, 0x06,
    0xA2, 0x48, 0x78, 0x44, 0x84, 0x80, 0x89, 0x09, 0x01, 0xFE, 0x22, 0x02, 0x24, 0x7F, 0xC4, 0x49,
    0x08, 0x08, 0x92, 0x10, 0x1F, 0xE0, 0x20, 0x62, 0x4F, 0xFE, 0xC4, 0x80, 0x81, 0x89, 0x01, 0x02,
    0x12, 0x02, 0x04, 0x24, 0x04, 0x18, 0x48, 0x08, 0x20, 0x70, 0x10, 0x00, 0x00, 0x40, 0x00, 0x00,
    0x80, 0x00, 0x01, 0x00, 0x00, 0x04, 0x00, 0xFF, 0xFF, 0xFC, 0x00, 0x00, 0x00, 0x00, 0x00, 0x00,
    0x00, 0x00, 0x1F, 0xFF, 0xC0, 0x00, 0x00, 0x00, 0x00, 0x00, 0x07, 0xFF, 0xF0, 0x00, 0x00, 0x00,
    0x00, 0x00, 0x00, 0x00, 0x00, 0x07, 0xFF, 0xF0, 0x10, 0x00, 0x40, 0x40, 0x01, 0x01, 0x00, 0x04,
    0x04, 0x00, 0x10, 0x10, 0x00, 0x40, 0x7F, 0xFF, 0x01, 0x00, 0x04, 0x00, 0x10, 0x01, 0x00, 0x20,
    0x04, 0x00, 0x80, 0x10, 0x00, 0x00, 0x40, 0xFF, 0xC1, 0x00, 0x00, 0x04, 0x00, 0x00, 0x10, 0x1F,
    0xE0, 0x40, 0x00, 0x01, 0x00, 0x00, 0xFF, 0xF0, 0x00, 0x10, 0x1F, 0xE0, 0x40, 0x00, 0x01, 0x00,
    0x00, 0x04, 0x07, 0xF8, 0x10, 0x10, 0x20, 0x40, 0x40, 0x81, 0x01, 0x02, 0x04, 0x04, 0x08, 0x10,
    0x10, 0x20, 0x40, 0x7F, 0x81, 0x01, 0x00, 0x04, 0x04, 0x00, 0x10, 0x00, 0x00, 0x00, 0x00, 0x10,
    0x00, 0x00, 0x10, 0x7F, 0xE0, 0x00, 0x00, 0x4F, 0xFC, 0x00, 0x80, 0x00, 0x01, 0x00, 0x00, 0x02,
    0x1F, 0xC0, 0x04, 0x00, 0x00, 0x08, 0x00, 0x00, 0x10, 0x00, 0x3F, 0xE3, 0xFC, 0x40, 0x40, 0x00,
    0x80, 0x00, 0x01, 0x00, 0x1F, 0xE2, 0x00, 0x20, 0x44, 0x00, 0x40, 0x88, 0x00, 0x81, 0x10, 0x05,
    0x02, 0x20, 0x0A, 0x04, 0x40, 0x17, 0xF8, 0x80, 0x28, 0x01, 0xFF, 0x90, 0x00, 0x00, 0x00, 0x10,
    0x00, 0x00, 0x20, 0x3F, 0x00, 0x80, 0x84, 0x00, 0x02, 0x10, 0xFF, 0x88, 0x40, 0x00, 0x21, 0x00,
    0x01, 0x04, 0x1F, 0xC4, 0x10, 0x00, 0x20, 0x7C, 0x01, 0x00, 0x00, 0x00, 0x00, 0x0F, 0x9F, 0xFC,
    0x00, 0x20, 0x10, 0x00, 0x40, 0x87, 0xF1, 0x02, 0x10, 0x42, 0x10, 0x41, 0x08, 0x81, 0x04, 0x16,
    0x04, 0x10, 0x20, 0x10, 0x41, 0x40, 0x7F, 0x18, 0xC1, 0x01, 0x80, 0x84, 0x08, 0x01, 0xC0, 0x10,
    0x00, 0x00, 0x20, 0x00, 0x00, 0x20, 0xFF, 0xF8, 0x40, 0x04, 0x0F, 0xF8, 0x08, 0x00, 0x00, 0x10,
    0x00, 0x00, 0x20, 0x00, 0x00, 0x40, 0x7F, 0x10, 0x80, 0x00, 0x21, 0x00, 0x00, 0x42, 0x03, 0xF8,
    0x87, 0xE0, 0x01, 0x08, 0x00, 0x02, 0x10, 0x1F, 0xC4, 0x20, 0x20, 0x88, 0x40, 0x41, 0x10, 0x80,
    0x82, 0x21, 0x01, 0x04, 0x42, 0x02, 0x08, 0x84, 0x04, 0x11, 0x08, 0x0F, 0xEF, 0xFF, 0xD0, 0x00,
    0x00, 0x00, 0x10, 0x00, 0x80, 0x20, 0x01, 0x20, 0x20, 0x02, 0x20, 0x00, 0x04, 0x4F, 0xF0, 0x08,
    0x00, 0x1F, 0xFF, 0xC0, 0x00, 0x20, 0x00, 0x00, 0x40, 0x7E, 0x00, 0x80, 0x00, 0x01, 0x00, 0x03,
    0xFA, 0x03, 0xF0, 0x84, 0x00, 0x01, 0x08, 0x00, 0x02, 0x08, 0x1F, 0x84, 0x10, 0x21, 0x08, 0x20,
    0x42, 0x10, 0x40, 0x84, 0x20, 0x81, 0x08, 0x5C, 0x8A, 0x13, 0xC1, 0x17, 0xE8, 0x02, 0x28, 0x00,
    0x02, 0x50, 0x00, 0x03, 0x00, 0x10, 0x00, 0x10, 0x20, 0x40, 0x40, 0x40, 0x82, 0x00, 0x02, 0x08,
    0xFF, 0x80, 0x00, 0x00, 0xFF, 0xF0, 0x00, 0x10, 0x00, 0x00, 0x40, 0x7F, 0x01, 0x00, 0x00, 0x04,
    0x00, 0x00, 0x10, 0x1F, 0xC7, 0xFE, 0x00, 0x01, 0x00, 0x00, 0x04, 0x07, 0xF0, 0x10, 0x10, 0x40,
    0x40, 0x41, 0x7F, 0xFD, 0x04, 0x04, 0x04, 0x10, 0x10, 0x10, 0x40, 0x40, 0x7F, 0x01, 0x01, 0x00,
    0x04, 0x04, 0x00, 0x10, 0x00, 0x10, 0x00, 0x00, 0x10, 0x7F, 0xF8, 0x20, 0x04, 0x10, 0x00, 0x88,
    0x2F, 0xF9, 0x10, 0x40, 0x02, 0x20, 0x80, 0x08, 0x81, 0x00, 0x11, 0x02, 0x7F, 0x04, 0x04, 0x00,
    0x08, 0x18, 0x00, 0x22, 0x23, 0xF9, 0x83, 0x80, 0x00, 0x00, 0x00, 0x00, 0x40, 0x1F, 0xC2, 0x44,
    0x20, 0x94, 0x44, 0x41, 0x28, 0x8C, 0x82, 0x90, 0x09, 0x05, 0x20, 0x4A, 0x0A, 0x40, 0x97, 0xF4,
    0x81, 0x08, 0x01, 0x02, 0x10, 0x03, 0xF8, 0x00, 0x10, 0x00, 0x00, 0x10, 0xFF, 0xF8, 0x20, 0x08,
    0x00, 0x00, 0x10, 0x0F, 0xF8, 0x40, 0x00, 0x07, 0xFE, 0x00, 0x01, 0x04, 0x00, 0x02, 0x08, 0x7F,
    0x04, 0x10, 0x00, 0x08, 0x20, 0x00, 0x20, 0x43, 0xFB, 0xFF, 0xF0, 0x00, 0x00, 0x00, 0x00, 0x00,
    0x1F, 0xCF, 0xFE, 0x20, 0x90, 0x04, 0x41, 0x20, 0x08, 0x82, 0x40, 0x11, 0x04, 0x80, 0x22, 0x09,
    0x00, 0x44, 0x12, 0x00, 0x8F, 0xE7, 0xFF, 0x10, 0x08, 0x02, 0x00, 0x00, 0x01, 0x00, 0x20, 0x02,
    0x00, 0x20, 0x04, 0x00, 0x03, 0xFF, 0xEF, 0xF0, 0x10, 0x00, 0x00, 0x20, 0x00, 0x00, 0x40, 0x00,
    0x1F, 0x7C, 0x7E, 0x00, 0x00, 0x00, 0x00, 0x00, 0x01, 0xFF, 0xF3, 0xF2, 0x00, 0x20, 0x04, 0x00,
    0x40, 0x09, 0x08, 0x9F, 0x82, 0x10, 0x21, 0x04, 0x20, 0x42, 0x08, 0x40, 0x84, 0x10, 0x81, 0x08,
    0x41, 0x02, 0x10, 0x82, 0x17, 0xE2, 0x04, 0x28, 0x04, 0x08, 0xD0, 0x30, 0x1F, 0x00, 0x00, 0x01,
    0x00, 0x20, 0x02, 0x00, 0x20, 0x04, 0x00, 0x20, 0x08, 0x00, 0x20, 0x10, 0x00, 0x00, 0x20, 0x00,
    0x00, 0x40, 0x00, 0x00, 0x80, 0xF8, 0x01, 0x00, 0x11, 0xFF, 0xFC, 0x20, 0x04, 0x00, 0x40, 0x08,
    0x00, 0x80, 0x10, 0x01, 0x00, 0x20, 0x02, 0x00, 0x40, 0x04, 0x00, 0x80, 0x08, 0x01, 0x00, 0x10,
    0x02, 0x00, 0x22, 0x04, 0x00, 0x58, 0x08, 0x00, 0xC0, 0x10, 0x03, 0x00, 0x20, 0x00, 0x00, 0x40,
    0x00, 0x20, 0x00, 0x00, 0x20, 0x00, 0x00, 0x23, 0xFF, 0xF8, 0x20, 0x02, 0x00, 0x20, 0x04, 0x00,
    0x00, 0x08, 0x00, 0x00, 0x10, 0x7E, 0x00, 0x20, 0x04, 0x00, 0x40, 0x08, 0x00, 0x80, 0x10, 0x01,
    0x00, 0x20, 0x02, 0x00, 0x40, 0x04, 0x00, 0x80, 0x08, 0x01, 0x00, 0x10, 0x02, 0x00, 0x20, 0x04,
    0x40, 0x40, 0x09, 0x00, 0x80, 0x1C, 0x01, 0x00, 0x20, 0x02, 0x00, 0x80, 0x04, 0x00, 0x01, 0xF8,
    0x00, 0x00, 0x01, 0x00, 0x10, 0x02, 0x00, 0x10, 0x04, 0x00, 0x10, 0x08, 0x00, 0x00, 0x10, 0x00,
    0x00, 0x20, 0x00, 0x00, 0x40, 0x00, 0x00, 0x80, 0xFC, 0x01, 0x00, 0x08, 0x02, 0x00, 0x10, 0x04,
    0x00, 0x20, 0x0C, 0x00, 0x40, 0x28, 0x00, 0x80, 0x50, 0x01, 0x00, 0xA0, 0x02, 0x01, 0x20, 0x04,
    0x04, 0x40, 0x08, 0x88, 0x40, 0x16, 0x30, 0x80, 0x30, 0x40, 0x80, 0x81, 0x00, 0x80, 0x04, 0x00,
    0x80, 0x10, 0x00, 0x80, 0x20, 0x00, 0x00, 0x41, 0xFF, 0xC0, 0xC0, 0x01, 0x01, 0x80, 0x04, 0x00,
    0x00, 0x10, 0x00, 0x00, 0x40, 0x00, 0x01, 0x3E, 0x00, 0x04, 0x08, 0x00, 0x10, 0x20, 0xFF, 0xC0,
    0x82, 0x01, 0x02, 0x08, 0x00, 0x08, 0x20, 0x00, 0x20, 0x80, 0x00, 0x82, 0x00, 0x02, 0x08, 0x00,
    0x08, 0x20, 0x04, 0x22, 0x80, 0x10, 0xB2, 0x00, 0x43, 0x08, 0x01, 0x18, 0x20, 0x0C, 0x00, 0xFF,
    0xE0, 0x10, 0x0F, 0xE0, 0x10, 0x10, 0x40, 0x10, 0x20, 0x80, 0x10, 0x41, 0x00, 0x01, 0x02, 0x00,
    0x02, 0x04, 0x00, 0x04, 0x08, 0x7C, 0x10, 0x1F, 0x08, 0xC0, 0x00, 0x10, 0x00, 0x00, 0x21, 0xFF,
    0xE0, 0x41, 0x00, 0x40, 0x81, 0x00, 0x81, 0x02, 0x02, 0x02, 0x02, 0x08, 0x04, 0x02, 0x30, 0x08,
    0x02, 0xC0, 0x11, 0x03, 0x00, 0x2C, 0x0A, 0x00, 0x60, 0x63, 0x01, 0x03, 0x01, 0x80, 0x08, 0x00,
    0xC0, 0x00, 0x00, 0x00, 0x40, 0x00, 0x00, 0x63, 0xFF, 0xF0, 0x40, 0x08, 0x00, 0x40, 0x10, 0x00,
    0x00, 0x20, 0x00, 0x00, 0x40, 0x00, 0x00, 0x80, 0xF8, 0x21, 0x00, 0x10, 0x42, 0x00, 0x20, 0x84,
    0x00, 0x41, 0x0F, 0xE0, 0x82, 0x10, 0x01, 0x04, 0x20, 0x02, 0x08, 0x40, 0x04, 0x10, 0x80, 0x08,
    0x21, 0x00, 0x10, 0x42, 0x00, 0x24, 0x84, 0x00, 0x51, 0x08, 0x01, 0xC2, 0x10, 0x01, 0x1F, 0xFF,
    0xC0, 0x20, 0xFF, 0xF8, 0x30, 0x04, 0x00, 0x20, 0x08, 0x00, 0x22, 0x10, 0x80, 0x04, 0x21, 0x00,
    0x0C, 0x42, 0x3E, 0x08, 0x88, 0x04, 0x11, 0x10, 0x08, 0x22, 0x00, 0x10, 0x04, 0x00, 0x27, 0xFF,
    0xF8, 0x40, 0x10, 0x00, 0x80, 0x20, 0x01, 0x00, 0x40, 0x02, 0x00, 0x80, 0x04, 0x01, 0x00, 0x09,
    0x02, 0x00, 0x14, 0x04, 0x00, 0x30, 0x08, 0x00, 0x80, 0x10, 0x00, 0x00, 0x20, 0x00, 0x20, 0x00,
    0x00, 0x40, 0xFF, 0xE0, 0x82, 0x00, 0x81, 0x08, 0x02, 0x00, 0x20, 0x08, 0x00, 0x80, 0x20, 0x02,
    0x00, 0xBE, 0x08, 0x02, 0x08, 0x20, 0x08, 0x20, 0x80, 0x20, 0x82, 0x00, 0x82, 0x0F, 0xFE, 0x08,
    0x00, 0x00, 0x20, 0x00, 0x00, 0x80, 0x00, 0x02, 0x02, 0x08, 0x08, 0x10, 0x20, 0x20, 0x40, 0x40,
    0xA1, 0x00, 0x83, 0x08, 0x02, 0x10, 0x40, 0x04, 0x03, 0x00, 0x10, 0x21, 0xFF, 0xF8, 0xC0, 0x00,
    0x41, 0x00, 0x02, 0x01, 0xFF, 0x90, 0x00, 0x00, 0x80, 0x00, 0x07, 0xE0, 0x00, 0x21, 0x07, 0xF1,
    0x08, 0x20, 0x88, 0x41, 0x04, 0x42, 0x08, 0x22, 0x10, 0x41, 0x10, 0x82, 0x08, 0x84, 0x10, 0x44,
    0x20, 0xFE, 0x21, 0x24, 0x01, 0x0A, 0x20, 0x08, 0x60, 0x00, 0x44, 0x00, 0x02, 0x00, 0x00, 0x10,
    0x00, 0x0F, 0x80, 0x00, 0x00, 0x80, 0x40, 0x01, 0x00, 0x60, 0x02, 0x40, 0x20, 0x04, 0x40, 0x00,
    0x08, 0x40, 0x00, 0x10, 0x00, 0x7F, 0xFF, 0x80, 0x00, 0x40, 0xF8, 0x00, 0x80, 0x10, 0x01, 0x00,
    0x20, 0x02, 0x00, 0x47, 0xF4, 0x00, 0x81, 0x08, 0x01, 0x02, 0x10, 0x02, 0x04, 0x30, 0x04, 0x08,
    0x20, 0x08, 0x10, 0x40, 0x10, 0x20, 0x80, 0x24, 0x59, 0x08, 0x73, 0xC1, 0x10, 0x88, 0x02, 0x22,
    0x00, 0x02, 0x80, 0x00, 0x07, 0x00, 0x00, 0x08, 0x00, 0x40, 0x40, 0x00, 0x81, 0x00, 0x01, 0x08,
    0x00, 0x00, 0x3F, 0xFC, 0x01, 0x00, 0x10, 0x04, 0x00, 0x40, 0x20, 0x01, 0xF9, 0x3F, 0x84, 0x20,
    0x82, 0x10, 0x82, 0x08, 0x42, 0x08, 0x21, 0x08, 0x3F, 0x84, 0x20, 0x82, 0x10, 0x82, 0x08, 0x42,
    0x08, 0x21, 0x08, 0x20, 0x84, 0x24, 0xFE, 0x10, 0xA2, 0x00, 0x43, 0x08, 0x03, 0x10, 0x00, 0x0C,
    0x00, 0x00, 0x20, 0x00, 0x1F, 0x80, 0x00, 0x00, 0x00, 0x80, 0x08, 0x01, 0x00, 0x10, 0x02, 0x00,
    0x40, 0x04, 0xFF, 0xFC, 0x0B, 0xFF, 0xF0, 0x00, 0x40, 0x00, 0x02, 0x00, 0x00, 0x10, 0x03, 0xE0,
    0x41, 0x00, 0x82, 0x04, 0x02, 0x1F, 0xE0, 0x08, 0x01, 0x00, 0x20, 0x08, 0x20, 0x80, 0x41, 0x02,
    0x02, 0x08, 0x08, 0x20, 0x60, 0x23, 0x02, 0x00, 0x80, 0x18, 0x02, 0x00, 0x90, 0x0B, 0x0C, 0x20,
    0x30, 0x40, 0x61, 0x06, 0x00, 0x40, 0x60, 0x00, 0x00, 0x00, 0x08, 0x60, 0x20, 0x20, 0x20, 0x20,
    0x40, 0x20, 0x41, 0x00, 0x00, 0x02, 0x00, 0x0F, 0xFF, 0x80, 0x00, 0x40, 0x00, 0x00, 0x80, 0xF8,
    0x01, 0x00, 0x10, 0x02, 0x00, 0x20, 0xFF, 0xE0, 0x40, 0x08, 0x00, 0x80, 0x10, 0x01, 0x00, 0x20,
    0x02, 0x00, 0x40, 0x04, 0x00, 0x80, 0x08, 0xFF, 0xFE, 0x10, 0x02, 0x00, 0x26, 0x04, 0x00, 0x50,
    0x08, 0x00, 0xC0, 0x10, 0x03, 0x00, 0x20, 0x00, 0x00, 0x40, 0x00, 0x20, 0xFF, 0xFC, 0x20, 0x08,
    0x00, 0x20, 0x10, 0x00, 0x20, 0x20, 0x00, 0x40, 0x40, 0x00, 0x0F, 0xFE, 0x00, 0x02, 0x04, 0x7C,
    0x04, 0x08, 0x08, 0x08, 0x10, 0x10, 0x20, 0x20, 0x27, 0xFF, 0xF8, 0x40, 0x00, 0x00, 0x80, 0x00,
    0x01, 0x0F, 0xFF, 0x02, 0x10, 0x02, 0x04, 0x20, 0x04, 0x08, 0xC0, 0x08, 0x12, 0x80, 0x10, 0x29,
    0x00, 0x20, 0x62, 0x00, 0x40, 0x07, 0xFF, 0x80, 0x08, 0x01, 0x00, 0x20, 0x3F, 0xF8, 0x20, 0x40,
    0x10, 0x20, 0x80, 0x20, 0x21, 0x00, 0x40, 0x02, 0x00, 0x80, 0x04, 0x01, 0x00, 0x07, 0xFC, 0x7C,
    0x00, 0x00, 0x08, 0x00, 0x00, 0x10, 0x00, 0x00, 0x21, 0xFF, 0xF0, 0x40, 0x08, 0x00, 0x80, 0x10,
    0x01, 0x00, 0x20, 0x02, 0x3F, 0xFF, 0x84, 0x01, 0x80, 0x08, 0x03, 0x00, 0x13, 0x09, 0x00, 0x28,
    0x11, 0x00, 0x60, 0x41, 0x00, 0x03, 0x01, 0x00, 0x38, 0x01, 0xC0, 0x00, 0x02, 0x00, 0x80, 0x08,
    0x01, 0x0F, 0xFF, 0x82, 0x00, 0x80, 0x04, 0x02, 0x00, 0x03, 0xFF, 0xE0, 0x00, 0x20, 0x00, 0x00,
    0x80, 0xF9, 0xFF, 0xFC, 0x20, 0x00, 0x00, 0x80, 0x00, 0x02, 0x0F, 0xFC, 0x08, 0x20, 0x10, 0x20,
    0x80, 0x40, 0x83, 0xFF, 0x02, 0x08, 0x04, 0x08, 0x20, 0x10, 0x20, 0x80, 0x40, 0x93, 0xFF, 0x02,
    0x88, 0x04, 0x0C, 0x20, 0x10, 0x60, 0x80, 0x40, 0x02, 0x0F, 0x00, 0x00, 0x01, 0x00, 0x80, 0x04,
    0x01, 0x00, 0x10, 0x02, 0x1F, 0xFE, 0x04, 0x01, 0x00, 0x00, 0x04, 0x00, 0x0F, 0xFF, 0xC0, 0x00,
    0x02, 0xF8, 0x00, 0x08, 0x20, 0x44, 0x20, 0x80, 0xD1, 0x02, 0x10, 0x40, 0x08, 0x31, 0x00, 0x20,
    0x24, 0x00, 0x80, 0x10, 0x02, 0x7F, 0xFF, 0x08, 0x02, 0x00, 0x20, 0x08, 0x00, 0x90, 0x48, 0x03,
    0x82, 0x18, 0x08, 0x10, 0x10, 0x41, 0x80, 0x20, 0x18, 0x00, 0x40, 0x00, 0x10, 0x00, 0x00, 0x20,
    0x00, 0xFF, 0xFF, 0xE0, 0x00, 0x80, 0x00, 0x01, 0x00, 0x03, 0xFF, 0xFE, 0x00, 0x04, 0x00, 0x00,
    0x08, 0x00, 0xFF, 0xFF, 0xFE, 0x00, 0x00, 0x00, 0x00, 0x00, 0x00, 0x7F, 0xFF, 0x00, 0x80, 0x02,
    0x01, 0x02, 0x04, 0x02, 0x04, 0x08, 0x04, 0x08, 0x10, 0x08, 0x10, 0x20, 0x10, 0x20, 0x40, 0x20,
    0xA0, 0x80, 0x02, 0x38, 0x00, 0x18, 0x0E, 0x01, 0xC0, 0x03, 0x1C, 0x00, 0x01, 0x00, 0x00, 0x02,
    0x01, 0xFE, 0x10, 0x04, 0x08, 0x40, 0x10, 0x21, 0x00, 0x44, 0x87, 0xFD, 0x12, 0x20, 0x44, 0x48,
    0x81, 0x11, 0x24, 0x08, 0x44, 0x98, 0x21, 0x12, 0x60, 0x84, 0x4A, 0x82, 0x11, 0x21, 0x08, 0x44,
    0x84, 0x41, 0x12, 0x09, 0x04, 0x48, 0x28, 0x12, 0x20, 0x60, 0x08, 0x01, 0x00, 0x28, 0x06, 0x01,
    0x10, 0x24, 0x04, 0x41, 0x08, 0x20, 0x88, 0x13, 0x01, 0x40, 0x30, 0x02, 0x00, 0x00, 0x00, 0x08,
    0x00, 0x00, 0x10, 0x01, 0xFC, 0x20, 0x22, 0x08, 0x40, 0x84, 0x10, 0x81, 0x09, 0x21, 0x04, 0x12,
    0x42, 0x10, 0x24, 0x84, 0x40, 0x49, 0x0B, 0x00, 0x92, 0x10, 0x01, 0x25, 0xFF, 0xF2, 0x48, 0x48,
    0x04, 0x90, 0x88, 0x09, 0x21, 0x10, 0x12, 0x42, 0x20, 0x24, 0x84, 0x20, 0x49, 0x08, 0x40, 0x20,
    0x10, 0x40, 0x50, 0x20, 0x40, 0x90, 0x40, 0x82, 0x10, 0x80, 0x88, 0x31, 0x70, 0xE0, 0x03, 0x00,
    0x00, 0x08, 0x00, 0x12, 0x00, 0x80, 0x44, 0x09, 0x00, 0xFF, 0x1F, 0xE2, 0x10, 0x44, 0x00, 0x20,
    0x08, 0x0F, 0xFF, 0xFF, 0x84, 0x40, 0x90, 0x08, 0x81, 0x20, 0x11, 0x64, 0x42, 0x47, 0x30, 0xFD,
    0x00, 0x00, 0x00, 0x7F, 0xFF, 0x00, 0x80, 0x02, 0x01, 0x00, 0x04, 0x02, 0x04, 0x08, 0x04, 0x08,
    0x10, 0x08, 0x10, 0x20, 0x10, 0x20, 0x40, 0x20, 0xA0, 0x80, 0x02, 0x30, 0x00, 0x18, 0x1C, 0x01,
    0xC0, 0x06, 0x0C, 0x00, 0x02, 0x00, 0x02, 0x00, 0x00, 0x04, 0x0F, 0xF0, 0x08, 0x00, 0x23, 0xFF,
    0x00, 0x40, 0x20, 0x00, 0x80, 0x40, 0x01, 0x00, 0x80, 0x02, 0x01, 0x00, 0x04, 0x7F, 0xF0, 0x08,
    0x04, 0x0F, 0xF0, 0x08, 0x10, 0x21, 0x10, 0x20, 0x02, 0x20, 0x40, 0x04, 0x7C, 0x80, 0x08, 0x81,
    0x00, 0x11, 0x02, 0x01, 0x22, 0x04, 0x02, 0x64, 0x08, 0x05, 0x68, 0x1F, 0xF2, 0x70, 0x00, 0x04,
    0x70, 0x00, 0x08, 0x1F, 0xFF, 0xC0, 0x00, 0x00, 0x00, 0x04, 0x1F, 0xFC, 0x08, 0x02, 0x08, 0x10,
    0x04, 0x13, 0xFE, 0x08, 0x20, 0x40, 0x20, 0x40, 0x80, 0x40, 0x81, 0x01, 0x01, 0x02, 0x06, 0x04,
    0xFF, 0xF8, 0x78, 0x08, 0x00, 0x00, 0x90, 0x3F, 0xF1, 0x20, 0x40, 0x22, 0x7E, 0x80, 0x44, 0x81,
    0x00, 0x89, 0x02, 0x01, 0x12, 0x04, 0x02, 0x34, 0x08, 0x04, 0xA8, 0x1F, 0xF9, 0x30, 0x00, 0x02,
    0x38, 0x00, 0x08, 0x0F, 0xFF, 0xF0, 0x00, 0x00, 0x00, 0x02, 0x00, 0x40, 0x04, 0x00, 0xA0, 0x08,
    0x01, 0x20, 0x10, 0x02, 0x23, 0xFE, 0x04, 0x00, 0x41, 0xFF, 0xC0, 0x82, 0x10, 0x01, 0x04, 0x20,
    0x7F, 0xF8, 0x44, 0xFF, 0xF0, 0x88, 0x08, 0x21, 0x11, 0x10, 0x42, 0x42, 0x20, 0x84, 0x84, 0x7D,
    0x16, 0x08, 0x82, 0xCC, 0x91, 0x06, 0x11, 0x22, 0x18, 0x62, 0x64, 0x01, 0x24, 0xE8, 0x04, 0x4A,
    0x70, 0x10, 0x64, 0x70, 0x00, 0x08, 0x1F, 0xFF, 0xC0, 0x00, 0x00, 0x00, 0x1F, 0xFF, 0xF0, 0x20,
    0x00, 0x20, 0x40, 0x00, 0x40, 0x80, 0x00, 0x81, 0x00, 0x01, 0x02, 0x00, 0x02, 0x04, 0x00, 0x04,
    0x08, 0x00, 0x08, 0x1F, 0xFF, 0xF0, 0x00, 0x20, 0x00, 0x00, 0x40, 0x00, 0x20, 0x80, 0x00, 0x41,
    0x00, 0x01, 0x03, 0xFF, 0x02, 0x04, 0x00, 0x06, 0x08, 0x00, 0x0C, 0x10, 0x00, 0x24, 0x20, 0x00,
    0x44, 0x40, 0x01, 0x04, 0x80, 0x04, 0x07, 0x00, 0x18, 0x01, 0xFF, 0xC0, 0x00, 0x00, 0x00, 0x7F,
    0x9F, 0xFE, 0x81, 0x20, 0x01, 0x02, 0x40, 0x02, 0x04, 0x80, 0x04, 0x09, 0x00, 0x08, 0x13, 0xFF,
    0x1F, 0xE4, 0x02, 0x02, 0x08, 0x04, 0x04, 0x10, 0x08, 0x88, 0x20, 0x11, 0x10, 0x40, 0x22, 0x3C,
    0x80, 0x44, 0x41, 0xFF, 0x88, 0x82, 0x00, 0x11, 0x04, 0x00, 0x22, 0x08, 0x00, 0x44, 0xD0, 0x00,
    0x9E, 0x20, 0x03, 0xC0, 0x40, 0x00, 0x00, 0xFF, 0xF0, 0x7F, 0xBF, 0xF8, 0x81, 0x40, 0x11, 0x02,
    0x80, 0x22, 0x05, 0x00, 0x44, 0x0A, 0x00, 0x88, 0x17, 0xFF, 0x10, 0x28, 0x02, 0x3F, 0xD0, 0x04,
    0x04, 0x20, 0x08, 0x08, 0x40, 0x11, 0x10, 0xFF, 0xE2, 0x3D, 0x10, 0x04, 0x42, 0x10, 0x28, 0x84,
    0x21, 0x91, 0x08, 0x4C, 0x22, 0x10, 0x60, 0x44, 0x20, 0x40, 0x8B, 0x40, 0x81, 0x78, 0x80, 0x85,
    0x01, 0x38, 0xC0, 0x07, 0x80, 0x40, 0x00, 0x00, 0x40, 0x00, 0x04, 0x40, 0xFE, 0x08, 0x81, 0x04,
    0x11, 0x02, 0x0A, 0x22, 0x24, 0x14, 0x44, 0x48, 0x24, 0x89, 0x10, 0x49, 0x12, 0x20, 0x8A, 0x28,
    0x7F, 0x14, 0x50, 0x10, 0x08, 0x80, 0x20, 0x11, 0x02, 0x40, 0x22, 0x04, 0x80, 0x46, 0x09, 0xE1,
    0x8A, 0x12, 0x0D, 0x12, 0x24, 0x22, 0x23, 0x48, 0x88, 0x40, 0x90, 0x10, 0x81, 0x26, 0x21, 0x02,
    0xF0, 0x82, 0x1E, 0x01, 0x04, 0x20, 0x04, 0x08, 0x40, 0x30, 0x1F, 0x80, 0x00, 0x00, 0x04, 0x00,
    0x00, 0x08, 0x00, 0x00, 0x10, 0x3F, 0xF7, 0xFF, 0x00, 0x00, 0x40, 0x00, 0x00, 0x80, 0x00, 0x1F,
    0xF0, 0x00, 0x22, 0x20, 0x00, 0x44, 0x40, 0x00, 0x88, 0x80, 0x01, 0xFF, 0x7F, 0xFA, 0x22, 0x08,
    0x04, 0x44, 0x10, 0x08, 0x88, 0x20, 0x1F, 0xF0, 0x80, 0x02, 0x01, 0x08, 0x04, 0x04, 0x11, 0xFF,
    0xC8, 0x10, 0x10, 0x20, 0x20, 0x20, 0x40, 0x20, 0x41, 0x0F, 0xC0, 0x83, 0xE0, 0x41, 0x00, 0x00,
    0x80, 0x08, 0x01, 0x00, 0x20, 0x04, 0x00, 0x80, 0x10, 0x3F, 0xEF, 0xFE, 0x10, 0x02, 0x00, 0x40,
    0x08, 0x01, 0x00, 0x20, 0x09, 0x01, 0x00, 0x24, 0x3F, 0xFC, 0x90, 0x10, 0x04, 0x40, 0x40, 0x1F,
    0xF2, 0x00, 0x04, 0x08, 0x00, 0x10, 0x3F, 0xC0, 0x40, 0x01, 0x01, 0x00, 0x08, 0x07, 0xC0, 0x41,
    0xF0, 0x01, 0x08, 0x40, 0x48, 0x01, 0x00, 0xC0, 0x04, 0x00, 0x80, 0x10, 0x01, 0x00, 0x40, 0x02,
    0x00, 0x10, 0x02, 0x00, 0x40, 0x08, 0x01, 0x00, 0x50, 0x3F, 0xC1, 0x40, 0x20, 0x08, 0x80, 0x80,
    0x41, 0x02, 0x01, 0x02, 0x12, 0x08, 0x04, 0x48, 0x40, 0x09, 0x22, 0x40, 0x08, 0x81, 0x00, 0x3F,
    0xC4, 0x08, 0x08, 0x10, 0xC0, 0x20, 0x44, 0x00, 0x81, 0x60, 0x02, 0x06, 0x00, 0x0F, 0x10, 0x01,
    0xE0, 0x40, 0x08, 0x81, 0x00, 0x02, 0x04, 0x02, 0x08, 0x10, 0x08, 0x20, 0x40, 0x20, 0x81, 0xFF,
    0x00, 0x01, 0x01, 0x00, 0x02, 0x02, 0x40, 0xFF, 0xE4, 0x40, 0x08, 0x08, 0x40, 0x10, 0x10, 0x00,
    0x20, 0x20, 0x3F, 0xFF, 0xFF, 0x80, 0x00, 0x80, 0x04, 0x01, 0x00, 0x08, 0x02, 0x11, 0xFF, 0xF4,
    0x20, 0x44, 0x08, 0x80, 0x88, 0x11, 0x02, 0x10, 0x22, 0x0F, 0xFE, 0x28, 0x10, 0x40, 0x50, 0x00,
    0x80, 0xC0, 0x01, 0x01, 0x00, 0x03, 0xF3, 0x0B, 0xFC, 0x0A, 0x10, 0x08, 0x22, 0x20, 0x10, 0x86,
    0x40, 0x22, 0x07, 0x00, 0x08, 0x00, 0x00, 0x10, 0x3F, 0xF0, 0x20, 0x40, 0x27, 0xFC, 0x80, 0x41,
    0x01, 0x00, 0x82, 0x03, 0xFF, 0x04, 0x00, 0x00, 0x12, 0x00, 0x00, 0x24, 0x3F, 0xFE, 0x48, 0x20,
    0x11, 0x10, 0x40, 0x23, 0xFC, 0x7F, 0xC0, 0x41, 0x00, 0x80, 0x82, 0x01, 0x01, 0x04, 0x02, 0x02,
    0xE7, 0xFC, 0x1E, 0x10, 0x09, 0xC8, 0x20, 0x10, 0x10, 0x40, 0x20, 0x23, 0xFF, 0xE0, 0x40, 0x00,
    0x80, 0x80, 0x01, 0x01, 0x00, 0x02, 0x00, 0x10, 0x01, 0x00, 0x20, 0x06, 0x00, 0x40, 0x0A, 0x07,
    0xF8, 0x22, 0x01, 0x00, 0x83, 0x04, 0x06, 0x01, 0x08, 0x17, 0xFD, 0x92, 0x40, 0x00, 0x24, 0x00,
    0x00, 0x88, 0x00, 0x09, 0x11, 0xFC, 0x93, 0xFA, 0x09, 0x20, 0x44, 0x12, 0x40, 0x8F, 0xE4, 0x81,
    0x10, 0x49, 0x02, 0x20, 0x92, 0x0E, 0x41, 0x25, 0xE8, 0xFE, 0x48, 0x11, 0x04, 0x90, 0x22, 0x08,
    0x20, 0x44, 0x10, 0x40, 0x88, 0x20, 0x81, 0x11, 0xCF, 0x00, 0x00, 0x40, 0x80, 0x07, 0x80, 0x80,
    0x7C, 0x00, 0x40, 0x04, 0x1F, 0xFE, 0x04, 0x00, 0x08, 0x04, 0x04, 0x08, 0x04, 0x04, 0x08, 0xFF,
    0xC2, 0x10, 0x04, 0x02, 0x10, 0x04, 0x00, 0x20, 0x04, 0x1F, 0xFF, 0x04, 0x00, 0x80, 0x04, 0x00,
    0x80, 0x7F, 0xC0, 0x80, 0x60, 0x40, 0x80, 0x60, 0x5F, 0xFE, 0x60, 0x40, 0x80, 0x60, 0x40, 0x80,
    0x60, 0x40, 0x80, 0x60, 0x40, 0x80, 0x7F, 0xC0, 0x80, 0x60, 0x40, 0x80, 0x60, 0x00, 0x80, 0x20,
    0x04, 0x00, 0x10, 0x04, 0x00, 0x08, 0x04, 0x00, 0x04, 0x04, 0x00, 0x00, 0xFF, 0xFC, 0x00, 0x04,
    0x04, 0x00, 0x04, 0x04, 0x00, 0x04, 0x04, 0xF8, 0x08, 0x04, 0x08, 0x08, 0x04, 0x08, 0x08, 0x04,
    0x08, 0x08, 0x04, 0x08, 0x10, 0x0C, 0x08, 0x10, 0x0C, 0x08, 0x20, 0x0C, 0x08, 0x40, 0x08, 0x08,
    0x80, 0x18, 0x18, 0x01, 0xF0, 0x34, 0x00, 0x00, 0x63, 0x00, 0x00, 0x41, 0x80, 0x00, 0x80, 0x7F,
    0xFF, 0x00, 0x00, 0x00, 0x40, 0x20, 0x00, 0x40, 0x20, 0x00, 0x40, 0x20, 0x00, 0x40, 0x20, 0x00,
    0x00, 0x40, 0x00, 0x01, 0x40, 0x00, 0x02, 0x80, 0x00, 0x05, 0x00, 0x00, 0x09, 0x03, 0xE0, 0x22,
    0x00, 0x40, 0x44, 0x00, 0x81, 0x84, 0x01, 0x02, 0x08, 0x02, 0x08, 0x08, 0x04, 0x10, 0x08, 0x08,
    0x40, 0x08, 0x11, 0x00, 0x08, 0x74, 0x00, 0x01, 0xB0, 0x00, 0x04, 0x38, 0x00, 0x10, 0x1F, 0xFF,
    0xC0, 0x00, 0x04, 0x00, 0x80, 0x10, 0x02, 0x00, 0x40, 0x04, 0x01, 0x00, 0x08, 0x04, 0x00, 0x2F,
    0xFF, 0xF0, 0x00, 0x40, 0x00, 0x01, 0x00, 0x00, 0x04, 0x00, 0x00, 0x28, 0x0F, 0x80, 0x90, 0x02,
    0x04, 0x20, 0x08, 0x10, 0xC0, 0x20, 0x81, 0x00, 0x82, 0x02, 0x02, 0x10, 0x04, 0x08, 0x80, 0x08,
    0x24, 0x00, 0x11, 0x80, 0x00, 0x09, 0x80, 0x00, 0x43, 0x80, 0x02, 0x01, 0xFF, 0xF0, 0x00, 0x00,
    0x40, 0x80, 0x00, 0x80, 0x80, 0x01, 0x00, 0x80, 0x02, 0x00, 0x80, 0x04, 0x00, 0x3F, 0xFF, 0x80,
    0x00, 0x10, 0x00, 0x00, 0x20, 0x00, 0x00, 0x40, 0x00, 0x80, 0x83, 0xE0, 0x81, 0x00, 0x41, 0x02,
    0x00, 0x81, 0x04, 0x01, 0x01, 0x08, 0x02, 0x00, 0x10, 0x04, 0x00, 0x20, 0x08, 0x00, 0x40, 0x10,
    0x00, 0x80, 0x70, 0x3F, 0x01, 0x10, 0x00, 0x04, 0x18, 0x00, 0x10, 0x0F, 0xFF, 0xC0, 0x40, 0x7F,
    0xF8, 0x60, 0x00, 0x00, 0x20, 0x00, 0x00, 0x20, 0x00, 0x00, 0x00, 0x00, 0x00, 0x00, 0x00, 0x00,
    0x7F, 0xFF, 0xFC, 0x04, 0x00, 0x08, 0x08, 0x00, 0x10, 0x20, 0x80, 0x20, 0x41, 0x00, 0x41, 0x01,
    0x00, 0x82, 0x01, 0x01, 0x08, 0x02, 0x02, 0x11, 0xFE, 0x04, 0x7C, 0x04, 0x08, 0x00, 0x04, 0x38,
    0x00, 0x00, 0x98, 0x00, 0x02, 0x0C, 0x00, 0x08, 0x07, 0xFF, 0xE0, 0x00, 0x00, 0x19, 0x00, 0x3F,
    0x82, 0x07, 0x00, 0x04, 0x10, 0x00, 0x08, 0x40, 0x00, 0x01, 0x00, 0x00, 0x04, 0x00, 0x00, 0x10,
    0x00, 0x00, 0x7F, 0xFF, 0xE1, 0x02, 0x00, 0x84, 0x08, 0x02, 0x10, 0x20, 0x08, 0xC0, 0x80, 0x23,
    0x02, 0x00, 0x88, 0x08, 0x02, 0x20, 0x20, 0x08, 0x80, 0x80, 0x24, 0x02, 0x01, 0x90, 0x08, 0x0D,
    0x80, 0x20, 0x43, 0x80, 0x02, 0x03, 0xFF, 0xF0, 0x40, 0x00, 0xF8, 0x40, 0xFE, 0x00, 0x41, 0x00,
    0x00, 0x42, 0x00, 0x00, 0x04, 0x00, 0x00, 0x08, 0x00, 0x00, 0x1F, 0xFE, 0x00, 0x20, 0x04, 0x00,
    0x40, 0x11, 0xF0, 0x90, 0x20, 0x23, 0x18, 0x80, 0x44, 0x0A, 0x00, 0x88, 0x08, 0x01, 0x10, 0x28,
    0x02, 0x41, 0x88, 0x04, 0x84, 0x0C, 0x0A, 0x70, 0x0C, 0x38, 0x00, 0x00, 0xD8, 0x00, 0x02, 0x1C,
    0x00, 0x08, 0x07, 0xFF, 0xE0, 0x20, 0x00, 0x00, 0x23, 0xFF, 0xF8, 0x20, 0x04, 0x00, 0x20, 0x08,
    0x00, 0x00, 0x20, 0x00, 0x00, 0x40, 0x00, 0x01, 0x80, 0x00, 0x05, 0x20, 0xF8, 0x12, 0x20, 0x10,
    0x44, 0x20, 0x21, 0x08, 0x20, 0x44, 0x10, 0x20, 0xB0, 0x20, 0x01, 0x00, 0x40, 0x02, 0x00, 0x80,
    0x04, 0x01, 0x00, 0x08, 0x02, 0x00, 0x30, 0x04, 0x00, 0xD0, 0x08, 0x03, 0x10, 0x00, 0x04, 0x18,
    0x00, 0x10, 0x0F, 0xFF, 0xC0, 0x00, 0x04, 0x00, 0x80, 0x04, 0x00, 0x80, 0x08, 0x00, 0x80, 0x00,
    0x00, 0x9F, 0xFF, 0xE0, 0x00, 0x02, 0x00, 0x00, 0x08, 0x00, 0x00, 0x10, 0x00, 0xC0, 0x20, 0x00,
    0x40, 0x83, 0xE0, 0x62, 0x00, 0x40, 0x24, 0x00, 0x80, 0x30, 0x01, 0x00, 0x70, 0x02, 0x01, 0x30,
    0x04, 0x04, 0x10, 0x08, 0x20, 0x10, 0x11, 0x80, 0x10, 0x24, 0x00, 0x00, 0xE0, 0x00, 0x03, 0x60,
    0x00, 0x08, 0x70, 0x00, 0x30, 0x1F, 0xFF, 0x80, 0x60, 0x10, 0x40, 0x20, 0x20, 0x80, 0x60, 0x41,
    0x00, 0x40, 0x82, 0x00, 0x1F, 0xFF, 0xC0, 0x02, 0x08, 0x00, 0x04, 0x10, 0x00, 0x08, 0x20, 0xF8,
    0x10, 0x40, 0x10, 0x20, 0x80, 0x27, 0xFF, 0xF0, 0x40, 0x82, 0x00, 0x81, 0x04, 0x01, 0x04, 0x08,
    0x02, 0x08, 0x10, 0x04, 0x30, 0x20, 0x08, 0x40, 0x40, 0x39, 0x00, 0x80, 0xD8, 0x00, 0x02, 0x1C,
    0x00, 0x08, 0x07, 0xFF, 0xC0, 0x40, 0xFF, 0xF8, 0x60, 0x00, 0x00, 0x20, 0x00, 0x00, 0x20, 0x00,
    0x00, 0x00, 0x00, 0x00, 0x00, 0x00, 0x00, 0x7F, 0xFF, 0x7C, 0x08, 0x40, 0x08, 0x10, 0x80, 0x10,
    0x21, 0x00, 0x20, 0x42, 0x00, 0x41, 0x04, 0x00, 0x82, 0x08, 0x01, 0x04, 0x10, 0x82, 0x10, 0x21,
    0x04, 0x20, 0x42, 0x09, 0x80, 0xFC, 0x38, 0x00, 0x00, 0x98, 0x00, 0x02, 0x0C, 0x00, 0x08, 0x07,
    0xFF, 0xE0, 0x00, 0x00, 0x00, 0x40, 0x10, 0x00, 0x40, 0x20, 0x00, 0x4F, 0xFF, 0xE0, 0x41, 0x00,
    0x00, 0x04, 0x20, 0x00, 0x08, 0x40, 0x00, 0x30, 0x80, 0x00, 0x41, 0x01, 0xF1, 0xFF, 0xF0, 0x20,
    0x04, 0x00, 0x40, 0x08, 0x00, 0x80, 0x10, 0x01, 0x00, 0x20, 0x02, 0x7F, 0xFF, 0x04, 0x00, 0x80,
    0x08, 0x01, 0x00, 0x10, 0x02, 0x00, 0x60, 0x04, 0x01, 0xA0, 0x08, 0x02, 0x20, 0x10, 0x08, 0x30,
    0x00, 0x20, 0x1F, 0xFF, 0x80, 0x00, 0x02, 0x00, 0x80, 0x04, 0x80, 0x80, 0x08, 0xC0, 0x80, 0x10,
    0x40, 0x80, 0x20, 0x00, 0x3F, 0xFF, 0x80, 0x01, 0xC0, 0x00, 0x03, 0x40, 0x00, 0x0A, 0x81, 0xF0,
    0x14, 0x80, 0x20, 0x48, 0x80, 0x41, 0x10, 0x80, 0x82, 0x21, 0x01, 0x08, 0x41, 0x02, 0x20, 0x81,
    0x04, 0x81, 0x02, 0x08, 0x02, 0x00, 0x10, 0x04, 0x00, 0x60, 0x08, 0x01, 0xB0, 0x00, 0x04, 0x38,
    0x00, 0x10, 0x1F, 0xFF, 0xC0, 0x00, 0x02, 0x00, 0x80, 0x08, 0x00, 0x80, 0x10, 0x00, 0x83, 0xFF,
    0x80, 0x84, 0x01, 0x00, 0x08, 0x02, 0x00, 0x10, 0x04, 0x00, 0x20, 0x08, 0x00, 0x7F, 0xF1, 0xF0,
    0x80, 0x00, 0x21, 0x00, 0x00, 0x42, 0x00, 0x00, 0x87, 0xFF, 0x81, 0x08, 0x01, 0x02, 0x10, 0x02,
    0x04, 0x20, 0x04, 0x08, 0x40, 0x08, 0x10, 0x80, 0x10, 0x21, 0xFF, 0xE0, 0xC0, 0x00, 0x03, 0x60,
    0x00, 0x08, 0x60, 0x00, 0x20, 0x3F, 0xFF, 0x80, 0x20, 0x7F, 0xF0, 0x20, 0x80, 0x20, 0x21, 0x00,
    0x40, 0x42, 0x00, 0x80, 0x07, 0xFF, 0x00, 0x08, 0x02, 0x00, 0x10, 0x04, 0x00, 0x20, 0x08, 0xF8,
    0x40, 0x10, 0x10, 0xFF, 0xE0, 0x21, 0x00, 0x10, 0x42, 0x10, 0x40, 0x84, 0x1B, 0x01, 0x08, 0x18,
    0x02, 0x10, 0x08, 0x04, 0x27, 0x08, 0x08, 0xF0, 0x08, 0x39, 0x00, 0x00, 0xD8, 0x00, 0x02, 0x1C,
    0x00, 0x08, 0x07, 0xFF, 0xE0, 0x40, 0x40, 0x10, 0x30, 0x20, 0x20, 0x08, 0x10, 0x20, 0x04, 0x10,
    0x40, 0x04, 0x00, 0x80, 0x00, 0xFF, 0xFC, 0x00, 0x02, 0x00, 0x00, 0x02, 0x00, 0xF8, 0x02, 0x00,
    0x08, 0x02, 0x00, 0x09, 0xFF, 0xFE, 0x08, 0x02, 0x00, 0x08, 0x02, 0x00, 0x08, 0x05, 0x00, 0x08,
    0x04, 0x80, 0x08, 0x08, 0x40, 0x08, 0x10, 0x20, 0x08, 0x20, 0x10, 0x18, 0xC0, 0x08, 0x34, 0x00,
    0x00, 0x22, 0x00, 0x00, 0x41, 0x80, 0x00, 0x80, 0x7F, 0xFE, 0x00, 0x00, 0x18, 0xC0, 0x1F, 0xC0,
    0x43, 0xC8, 0x00, 0x80, 0x10, 0x00, 0x80, 0x20, 0x00, 0x00, 0x40, 0x00, 0xFF, 0xFF, 0x80, 0x01,
    0x00, 0xF8, 0x02, 0x00, 0x10, 0x04, 0x00, 0x21, 0xFF, 0xE0, 0x42, 0x00, 0x40, 0x84, 0x00, 0x81,
    0x08, 0x01, 0x02, 0x10, 0x02, 0x04, 0x20, 0x04, 0x08, 0x7F, 0xF8, 0x38, 0x00, 0x00, 0xD8, 0x00,
    0x03, 0x1C, 0x00, 0x0C, 0x0F, 0xFF, 0xE0, 0x00, 0x40, 0x10, 0x80, 0x40, 0x40, 0x80, 0x40, 0x81,
    0x80, 0x82, 0x01, 0x00, 0x08, 0x01, 0x3F, 0xFF, 0xC0, 0x00, 0x80, 0x00, 0x41, 0x04, 0x00, 0x82,
    0x09, 0xF1, 0x04, 0x10, 0x22, 0x08, 0x20, 0x44, 0x10, 0x40, 0x88, 0x20, 0x81, 0x1F, 0xFF, 0x02,
    0x00, 0x80, 0x04, 0x03, 0x00, 0x08, 0x04, 0x00, 0x10, 0x08, 0x00, 0x20, 0x20, 0x00, 0xE1, 0x80,
    0x03, 0x6C, 0x00, 0x08, 0x70, 0x00, 0x20, 0x1F, 0xFF, 0x80, 0x00, 0x02, 0x00, 0x00, 0x44, 0x00,
    0x80, 0x88, 0x00, 0x82, 0x10, 0x00, 0x87, 0xFF, 0x80, 0x90, 0x40, 0x00, 0x20, 0x80, 0x00, 0x01,
    0x00, 0x00, 0x02, 0x00, 0x03, 0xFF, 0xFD, 0xE0, 0x42, 0x00, 0x40, 0x84, 0x00, 0x81, 0x08, 0x01,
    0x02, 0x10, 0x02, 0x08, 0x20, 0x04, 0x10, 0x41, 0x08, 0x40, 0x82, 0x13, 0x01, 0x04, 0x28, 0x01,
    0xF0, 0xE0, 0x00, 0x03, 0x60, 0x00, 0x0C, 0x30, 0x00, 0x30, 0x1F, 0xFF, 0x80, 0x00, 0x02, 0x00,
    0xC0, 0x0A, 0x00, 0x60, 0x22, 0x00, 0x20, 0xC2, 0x00, 0x03, 0x02, 0x00, 0x08, 0x03, 0x00, 0x20,
    0x01, 0x81, 0x9F, 0xF0, 0x00, 0x02, 0x01, 0xF0, 0x04, 0x00, 0x20, 0x08, 0x00, 0x4F, 0xFF, 0xF0,
    0x80, 0x20, 0x01, 0x00, 0x44, 0x02, 0x10, 0x84, 0x04, 0x21, 0x04, 0x08, 0x82, 0x0C, 0x12, 0x04,
    0x08, 0x20, 0x08, 0x00, 0xA0, 0xF0, 0x02, 0x20, 0x00, 0x08, 0x38, 0x00, 0x20, 0x1F, 0xFF, 0x80,
    0x00, 0x02, 0x00, 0x80, 0x04, 0x00, 0x80, 0x08, 0x01, 0x8F, 0xFF, 0xF1, 0x00, 0x20, 0x01, 0x00,
    0x40, 0x00, 0x00, 0x80, 0x00, 0x7F, 0xFC, 0x00, 0x82, 0x09, 0xF1, 0x04, 0x10, 0x22, 0x08, 0x20,
    0x44, 0x10, 0x40, 0x8F, 0xFF, 0x81, 0x00, 0xE0, 0x02, 0x02, 0xB0, 0x04, 0x05, 0x10, 0x08, 0x12,
    0x10, 0x10, 0x44, 0x10, 0x23, 0x08, 0x10, 0xC8, 0x10, 0x03, 0x60, 0x20, 0x08, 0x70, 0x00, 0x20,
    0x1F, 0xFF, 0x80, 0x00, 0x02, 0x00, 0x20, 0x02, 0x00, 0x10, 0x02, 0x00, 0x11, 0xFF, 0xFE, 0x08,
    0x02, 0x00, 0x04, 0x02, 0x00, 0x00, 0xFF, 0xF8, 0x00, 0x82, 0x08, 0x00, 0x82, 0x08, 0x78, 0xFF,
    0xF8, 0x08, 0x82, 0x08, 0x08, 0x82, 0x08, 0x08, 0x82, 0x08, 0x08, 0xFF, 0xF8, 0x08, 0x02, 0x00,
    0x08, 0x02, 0x00, 0x0B, 0xFF, 0xFE, 0x08, 0x02, 0x00, 0x18, 0x02, 0x00, 0x34, 0x02, 0x00, 0x62,
    0x00, 0x00, 0x41, 0x80, 0x00, 0x80, 0x7F, 0xFE, 0x00, 0x00, 0x00, 0x80, 0x44, 0x00, 0x80, 0x84,
    0x00, 0x81, 0x08, 0x00, 0x84, 0x08, 0x00, 0x8F, 0xFF, 0x80, 0x30, 0x40, 0x00, 0xA0, 0x80, 0x02,
    0x41, 0x00, 0x00, 0xFF, 0xF1, 0xE1, 0x04, 0x00, 0x42, 0x08, 0x00, 0x84, 0x10, 0x01, 0x0F, 0xFF,
    0x02, 0x10, 0x40, 0x04, 0x20, 0x80, 0x08, 0x41, 0x00, 0x10, 0xFF, 0xF8, 0x20, 0x00, 0x00, 0xE0,
    0x00, 0x03, 0x60, 0x00, 0x0C, 0x70, 0x00, 0x30, 0x3F, 0xFF, 0x80, 0x20, 0x00, 0x00, 0x10, 0x3F,
    0xF0, 0x08, 0x20, 0x10, 0x04, 0x20, 0x10, 0x00, 0x3F, 0x10, 0x00, 0x21, 0x10, 0x00, 0x21, 0x10,
    0x00, 0x21, 0x10, 0x00, 0x21, 0x10, 0xF8, 0xFF, 0xFC, 0x08, 0x80, 0x04, 0x08, 0x80, 0x04, 0x08,
    0x8F, 0xC4, 0x08, 0x88, 0x44, 0x08, 0x88, 0x44, 0x08, 0x88, 0x44, 0x08, 0x8F, 0xC4, 0x08, 0x88,
    0x04, 0x08, 0x80, 0x04, 0x14, 0x80, 0x3C, 0x22, 0x00, 0x00, 0x41, 0x80, 0x00, 0x80, 0x7F, 0xFF,
    0x00, 0x20, 0x40, 0x80, 0x20, 0x80, 0x80, 0x42, 0x00, 0x9F, 0xFF, 0xE0, 0x80, 0x90, 0x00, 0x1F,
    0xFF, 0x00, 0x22, 0x42, 0x00, 0x4C, 0x84, 0x00, 0x91, 0xF9, 0xF1, 0x40, 0x10, 0x23, 0xFF, 0xE0,
    0x44, 0x00, 0x40, 0x8F, 0xFF, 0x81, 0x00, 0x08, 0x02, 0x00, 0x10, 0x05, 0xFF, 0xFF, 0x08, 0x20,
    0x40, 0x10, 0x20, 0x80, 0x20, 0x21, 0x00, 0x40, 0x42, 0x03, 0x40, 0x3C, 0x08, 0x60, 0x00, 0x20,
    0x3F, 0xFF, 0x80, 0x41, 0xF9, 0xFC, 0x42, 0x12, 0x08, 0x44, 0x24, 0x10, 0x4F, 0xCF, 0xE0, 0x10,
    0x10, 0x00, 0x20, 0xA0, 0x40, 0x7F, 0x7F, 0x80, 0x00, 0x00, 0x00, 0x10, 0x40, 0xF0, 0x20, 0x80,
    0x27, 0xFF, 0xF0, 0x40, 0x82, 0x00, 0x81, 0x04, 0x01, 0x02, 0x08, 0x02, 0xFF, 0xFF, 0x84, 0x00,
    0x00, 0x08, 0x10, 0x60, 0x10, 0x40, 0x20, 0x73, 0x00, 0x31, 0xB8, 0x00, 0x06, 0x18, 0x00, 0x18,
    0x0F, 0xFF, 0xC0, 0x02, 0x00, 0x00, 0x08, 0x07, 0xF0, 0x10, 0x10, 0x5F, 0xFE, 0x42, 0x00, 0x01,
    0x08, 0x40, 0x84, 0x20, 0x82, 0x11, 0x02, 0x10, 0x44, 0x08, 0x41, 0x20, 0x01, 0x04, 0x8F, 0xFF,
    0x91, 0x00, 0x00, 0x42, 0x00, 0x01, 0x08, 0x00, 0x04, 0x13, 0xFF, 0x10, 0x48, 0x04, 0x41, 0x20,
    0x11, 0x04, 0x80, 0x44, 0x12, 0x01, 0x17, 0x88, 0x04, 0x40, 0x3F, 0xF1, 0x00, 0x80, 0x44, 0x02,
    0x01, 0x10, 0x00, 0x02, 0x00, 0x00, 0x04, 0x0B, 0xFC, 0x08, 0x34, 0x09, 0xFF, 0x48, 0x20, 0x21,
    0x10, 0x40, 0x42, 0x21, 0x00, 0x88, 0x42, 0x01, 0x20, 0x88, 0xFF, 0xFD, 0x10, 0x02, 0x02, 0x40,
    0x08, 0x04, 0xC0, 0x20, 0x08, 0x41, 0xFF, 0x10, 0xC7, 0x02, 0x20, 0x96, 0x04, 0x40, 0x8C, 0x08,
    0x81, 0x1F, 0xF1, 0x02, 0x30, 0x22, 0x04, 0x60, 0x44, 0x10, 0xC0, 0x89, 0xC1, 0xFF, 0x10, 0x03,
    0x02, 0x20, 0x06, 0x04, 0x40, 0x00, 0xFF, 0xF7, 0xF8, 0x24, 0x00, 0x20, 0x90, 0x00, 0x82, 0x40,
    0x02, 0x09, 0x00, 0x09, 0xFF, 0x00, 0x24, 0x94, 0x00, 0x92, 0x50, 0x02, 0x49, 0x47, 0xF9, 0x25,
    0x10, 0x25, 0x14, 0x40, 0x94, 0x71, 0x00, 0x60, 0x44, 0x01, 0x01, 0x10, 0x04, 0x04, 0x40, 0x1F,
    0xF1, 0x00, 0x40, 0x44, 0x01, 0x01, 0x10, 0x14, 0x04, 0x40, 0x5F, 0xF1, 0x01, 0x40, 0x44, 0x05,
    0x01, 0x1F, 0xE0, 0x00, 0x03, 0xE0, 0x3F, 0xF8, 0x00, 0x00, 0x40, 0x00, 0x00, 0x80, 0x07, 0xFF,
    0xFF, 0xE0, 0x02, 0x00, 0x07, 0xFF, 0xFC, 0x08, 0x08, 0x08, 0x10, 0x10, 0x10, 0x20, 0x20, 0x20,
    0x7F, 0xFF, 0xC0, 0x80, 0x80, 0x81, 0x01, 0x01, 0x03, 0xFF, 0xFE, 0x00, 0x04, 0x00, 0x00, 0x08,
    0x00, 0x3F, 0xFF, 0xF8, 0x00, 0x20, 0x00, 0x00, 0x40, 0x00, 0x00, 0x80, 0x0F, 0xFF, 0xFF, 0xE0,
    0x0F, 0xFF, 0xE0, 0x20, 0x00, 0x40, 0x40, 0x00, 0x80, 0x7F, 0xFF, 0x01, 0x00, 0x02, 0x01, 0xFF,
    0xFC, 0x00, 0x00, 0x00, 0x7F, 0xFF, 0xFE, 0x00, 0x00, 0x00, 0x00, 0x00, 0x00, 0x7F, 0xFF, 0xC0,
    0x80, 0x80, 0x81, 0xFF, 0xFF, 0x02, 0x02, 0x02, 0x04, 0x04, 0x04, 0x0F, 0xFF, 0xF8, 0x00, 0x10,
    0x00, 0x00, 0x20, 0x00, 0xFF, 0xFF, 0xE0, 0x00, 0x80, 0x0F, 0xFF, 0xFF, 0xFF, 0xFF, 0xFF, 0xC0,
    0x04, 0x00, 0x00, 0x04, 0x1F, 0xF8, 0x0A, 0x00, 0x08, 0x09, 0x00, 0x08, 0x10, 0x80, 0x08, 0x20,
    0x5F, 0xF8, 0x40, 0x00, 0x08, 0xBF, 0x80, 0x08, 0x04, 0x00, 0x08, 0x04, 0x3F, 0xFE, 0x04, 0x00,
    0x80, 0x7F, 0xC0, 0x80, 0x04, 0x10, 0x82, 0x04, 0x88, 0x88, 0x44, 0x84, 0x90, 0x24, 0x80, 0xE0,
    0x25, 0x01, 0xA0, 0x25, 0x06, 0x90, 0x04, 0x08, 0x88, 0x04, 0xF0, 0x84, 0x1F, 0x00, 0x82, 0x60,
    0x00, 0x80, 0x00, 0x07, 0x80, 0x08, 0x00, 0x80, 0x20, 0x01, 0x00, 0x40, 0x02, 0x00, 0xFE, 0x04,
    0x02, 0x00, 0x08, 0x08, 0x00, 0x10, 0x20, 0x00, 0x20, 0x00, 0x00, 0x40, 0x3F, 0x80, 0x80, 0x08,
    0x7F, 0xFC, 0x10, 0x02, 0x00, 0x20, 0x04, 0x00, 0x40, 0x08, 0x0F, 0xF8, 0x10, 0x01, 0x00, 0x20,
    0x02, 0x00, 0x40, 0x04, 0x00, 0x80, 0x08, 0x01, 0x00, 0x10, 0x02, 0x00, 0x26, 0x04, 0x00, 0x70,
    0x08, 0x01, 0x80, 0x10, 0x02, 0x00, 0x20, 0x00, 0x00, 0x01, 0x00, 0x80, 0x08, 0x08, 0x00, 0x40,
    0x7F, 0x02, 0x04, 0x00, 0x10, 0x20, 0x00, 0x82, 0x00, 0xFF, 0xE0, 0x04, 0x21, 0x7F, 0x21, 0x08,
    0x41, 0x08, 0x42, 0x08, 0x42, 0x10, 0x42, 0x10, 0x82, 0x10, 0xFF, 0xD0, 0x84, 0x20, 0xFF, 0xE1,
    0x04, 0x21, 0x08, 0x01, 0x00, 0x40, 0x08, 0x02, 0x00, 0x40, 0x11, 0x02, 0x00, 0xB0, 0x10, 0x06,
    0x00, 0x80, 0x40, 0x04, 0x00, 0x10, 0x00, 0x40, 0x21, 0x01, 0x00, 0x81, 0x02, 0x01, 0xFA, 0x7F,
    0xF4, 0x02, 0x10, 0x08, 0x04, 0x20, 0x20, 0x00, 0x88, 0x00, 0x01, 0x10, 0x7F, 0x04, 0x20, 0x10,
    0x0F, 0xFC, 0x27, 0x80, 0x80, 0x41, 0x01, 0x00, 0x82, 0x02, 0x0F, 0xE4, 0x04, 0x02, 0x09, 0xFF,
    0x84, 0x10, 0x10, 0x08, 0x20, 0x20, 0x10, 0x40, 0x40, 0x20, 0x80, 0x80, 0x5B, 0x81, 0x00, 0xCC,
    0xC0, 0x02, 0x30, 0x7F, 0xC0, 0x00, 0x00, 0x80, 0x10, 0x01, 0x00, 0x40, 0x42, 0x20, 0x80, 0x84,
    0x41, 0xFC, 0x89, 0x04, 0x00, 0x92, 0x10, 0x01, 0x28, 0x00, 0x00, 0x40, 0x3F, 0x9F, 0xF8, 0x7F,
    0x20, 0x10, 0x10, 0x40, 0x20, 0x20, 0x84, 0x40, 0x41, 0x08, 0x80, 0x82, 0x11, 0x1F, 0xF4, 0x22,
    0x02, 0x08, 0x44, 0x04, 0x10, 0x88, 0x08, 0x21, 0x10, 0x10, 0x46, 0x20, 0x20, 0x88, 0x40, 0x4C,
    0x2C, 0x00, 0xE0, 0x86, 0x03, 0x06, 0x03, 0x00, 0x30, 0x01, 0x10, 0x00, 0x00, 0x40, 0x7F, 0xF2,
    0x01, 0x00, 0x4F, 0xE4, 0x01, 0x40, 0x10, 0x05, 0x00, 0x40, 0x18, 0x01, 0xFF, 0xC0, 0x00, 0x20,
    0x7F, 0x00, 0x80, 0x20, 0x02, 0x00, 0x83, 0xFF, 0xC2, 0x08, 0x21, 0x08, 0x20, 0x87, 0xFC, 0x86,
    0x10, 0x82, 0x14, 0x42, 0x08, 0x49, 0x08, 0x22, 0x14, 0x20, 0x90, 0x50, 0x82, 0x80, 0xC2, 0x28,
    0x01, 0x0B, 0x20, 0x04, 0x30, 0x80, 0x10, 0x02, 0x03, 0xC0, 0x10, 0x00, 0x40, 0x40, 0x21, 0x02,
    0x00, 0x84, 0x08, 0x02, 0x10, 0x5F, 0x7F, 0xF9, 0x00, 0x21, 0x08, 0x00, 0x84, 0x00, 0x02, 0x10,
    0x7F, 0x08, 0x40, 0x21, 0xFF, 0xF0, 0x80, 0x00, 0x02, 0x00, 0x00, 0x08, 0x1F, 0xF3, 0xFE, 0x40,
    0x40, 0x81, 0x01, 0x02, 0x04, 0x04, 0x08, 0x1F, 0xF0, 0x20, 0x40, 0x40, 0x81, 0x01, 0x02, 0x44,
    0x04, 0x0C, 0x10, 0x10, 0x60, 0x7F, 0xC0, 0x01, 0x01, 0x00, 0x00, 0x00, 0x40, 0x10, 0x00, 0x40,
    0x10, 0x7F, 0xFC, 0x1F, 0x08, 0x44, 0x20, 0x10, 0x44, 0x40, 0x10, 0x44, 0x40, 0x17, 0xFF, 0x00,
    0x20, 0x44, 0x3E, 0x20, 0x44, 0x08, 0x7F, 0xFC, 0x08, 0x08, 0x40, 0x08, 0x08, 0x40, 0x08, 0x08,
    0x40, 0x7F, 0x4F, 0xFC, 0x08, 0x50, 0x40, 0x08, 0x30, 0x40, 0x08, 0x37, 0xFE, 0x08, 0x10, 0x40,
    0x08, 0x30, 0x40, 0x09, 0x28, 0x40, 0x0E, 0x44, 0x40, 0x18, 0x83, 0x80, 0x11, 0x00, 0xFE, 0x10,
    0x00, 0x00, 0x41, 0xFF, 0xF1, 0x06, 0x00, 0x4F, 0xD8, 0x01, 0x40, 0x60, 0x05, 0x01, 0x80, 0x18,
    0x07, 0xFF, 0xDF, 0xD8, 0x20, 0x7F, 0x60, 0x80, 0x21, 0x82, 0x00, 0x87, 0xFF, 0xC2, 0x18, 0x20,
    0x08, 0x60, 0x83, 0xFD, 0x82, 0x00, 0x86, 0x08, 0x02, 0x1B, 0xFE, 0x08, 0x68, 0x08, 0x21, 0x20,
    0x20, 0x84, 0x80, 0x82, 0x52, 0x02, 0x0E, 0xC8, 0x08, 0x62, 0x3F, 0xE1, 0x08, 0x80, 0x80, 0x10,
    0x01, 0x00, 0x40, 0x04, 0x02, 0x03, 0xFF, 0x8F, 0xC2, 0x08, 0x40, 0x08, 0x21, 0x00, 0x20, 0x88,
    0x00, 0x04, 0x00, 0x1F, 0xFF, 0x3E, 0x00, 0x00, 0x20, 0xFF, 0xE0, 0x82, 0x00, 0x82, 0x08, 0x02,
    0x08, 0x20, 0x0B, 0xFC, 0xFF, 0xE0, 0x82, 0x00, 0x82, 0x0F, 0xFE, 0x08, 0x3F, 0xF8, 0x20, 0x12,
    0x00, 0x80, 0x48, 0x02, 0x62, 0x21, 0x0E, 0x08, 0x84, 0x60, 0x42, 0x11, 0x0E, 0x07, 0xC0, 0x07,
    0xFF, 0xF0, 0x08, 0x00, 0x00, 0x10, 0x00, 0x00, 0x20, 0x00, 0x00, 0x7F, 0xFE, 0x00, 0x80, 0x00,
    0x01, 0x00, 0x00, 0x02, 0x00, 0x00, 0x07, 0xFF, 0xE0, 0x08, 0x00, 0x00, 0x10, 0x00, 0x07, 0xFF,
    0xFF, 0xF0, 0x42, 0x00, 0x00, 0x82, 0x01, 0x01, 0x02, 0x04, 0x02, 0x02, 0x30, 0x04, 0x03, 0x80,
    0x08, 0x06, 0x00, 0x10, 0x13, 0x00, 0x21, 0xC1, 0x80, 0x7C, 0x00, 0xE1, 0x80, 0x00, 0x00, 0x04,
    0x00, 0x00, 0x10, 0x01, 0x00, 0x40, 0x08, 0x01, 0x00, 0x40, 0x04, 0x02, 0x00, 0x10, 0x10, 0x00,
    0x41, 0x80, 0x01, 0x18, 0x00, 0x04, 0x00, 0x00, 0x10, 0x00, 0x0F, 0xFF, 0xFF, 0xC1, 0x08, 0x00,
    0x04, 0x10, 0x00, 0x10, 0x40, 0x00, 0x40, 0x80, 0x01, 0x01, 0x00, 0x04, 0x04, 0x00, 0x10, 0x08,
    0x00, 0x40, 0x10, 0x01, 0x02, 0x30, 0x04, 0x70, 0x30, 0x1E, 0x00, 0x30, 0x00, 0x00, 0x00, 0xFF,
    0x3F, 0xF8, 0x13, 0x01, 0x81, 0x30, 0x18, 0x13, 0x01, 0xFF, 0x3F, 0xF8, 0x13, 0x01, 0x81, 0x30,
    0x18, 0x13, 0x01, 0xFF, 0x3F, 0xF8, 0x00, 0x01, 0x8F, 0xFF, 0x18, 0x10, 0x81, 0x81, 0x08, 0x18,
    0x10, 0x81, 0x9F, 0xFF, 0x18, 0x10, 0x81, 0x81, 0x08, 0x18, 0x30, 0x81, 0x82, 0x08, 0x18, 0x60,
    0x81, 0x8C, 0x08, 0x18, 0x80, 0x9F, 0xFF, 0x9F, 0xF8, 0x19, 0x01, 0x81, 0x90, 0x18, 0x19, 0x01,
    0xFF, 0x9F, 0xF8, 0x19, 0x01, 0x81, 0x90, 0x18, 0x19, 0x01, 0xFF, 0x9F, 0xF8, 0x00, 0x01, 0x80,
    0x00, 0x18, 0x7F, 0xC1, 0x84, 0x04, 0x18, 0x40, 0x41, 0x87, 0xFC, 0x18, 0x40, 0x41, 0x84, 0x04,
    0x18, 0x40, 0x41, 0x84, 0x04, 0x18, 0x7F, 0xC1, 0x84, 0x00, 0x18, 0x00, 0x1F, 0xFF, 0x1F, 0xF8,
    0x11, 0x01, 0x81, 0x10, 0x18, 0x11, 0x01, 0xFF, 0x1F, 0xF8, 0x11, 0x01, 0x81, 0x10, 0x1F, 0xF1,
    0xFF, 0x80, 0x04, 0x18, 0x20, 0x81, 0x81, 0x08, 0x18, 0x7F, 0xE1, 0x84, 0x02, 0x18, 0x40, 0x21,
    0x84, 0x02, 0x18, 0x7F, 0xE1, 0x81, 0x10, 0x18, 0x31, 0x01, 0x82, 0x11, 0x18, 0x41, 0x11, 0x98,
    0x1F, 0x18, 0x00, 0x0F, 0x40, 0x00, 0x02, 0x3F, 0xFF, 0x10, 0x00, 0x11, 0x00, 0x01, 0x08, 0x00,
    0x18, 0x00, 0x01, 0x80, 0x00, 0x18, 0x00, 0x01, 0x80, 0x00, 0x18, 0x00, 0x01, 0x80, 0x00, 0x18,
    0x00, 0x01, 0x80, 0x00, 0x18, 0x00, 0x01, 0x80, 0x00, 0x18, 0x00, 0x01, 0x80, 0x00, 0x18, 0x00,
    0x01, 0x80, 0x00, 0x18, 0x00, 0x01, 0x80, 0x00, 0x18, 0x00, 0x01, 0x80, 0x03, 0xF0, 0x40, 0x00,
    0x02, 0x1F, 0xFF, 0x10, 0x00, 0x10, 0x00, 0x01, 0x00, 0x08, 0x18, 0x00, 0x81, 0x80, 0x08, 0x19,
    0xFF, 0xF9, 0x80, 0x18, 0x18, 0x01, 0x81, 0x80, 0x28, 0x18, 0x04, 0x81, 0x80, 0x88, 0x18, 0x10,
    0x81, 0x82, 0x08, 0x18, 0xC0, 0x81, 0x90, 0x08, 0x18, 0x00, 0x81, 0x80, 0xF8, 0x18, 0x00, 0x01,
    0x80, 0x00, 0x18, 0x00, 0x0F, 0x40, 0x00, 0x02, 0x1F, 0xFF, 0x20, 0x00, 0x11, 0x00, 0x01, 0x00,
    0x00, 0x18, 0x00, 0x01, 0x80, 0x00, 0x18, 0x3F, 0xC1, 0x82, 0x04, 0x18, 0x20, 0x41, 0x82, 0x04,
    0x18, 0x20, 0x41, 0x82, 0x04, 0x18, 0x20, 0x41, 0x82, 0x04, 0x18, 0x3F, 0xC1, 0x82, 0x00, 0x18,
    0x20, 0x01, 0x80, 0x00, 0x18, 0x00, 0x01, 0x80, 0x00, 0x18, 0x00, 0x1F, 0x40, 0x00, 0x02, 0x1F,
    0xFF, 0x20, 0x00, 0x11, 0x00, 0x01, 0x00, 0x00, 0x18, 0x00, 0x01, 0x87, 0xFC, 0x18, 0x40, 0x41,
    0x84, 0x04, 0x18, 0x40, 0x41, 0x84, 0x04, 0x18, 0x7F, 0xC1, 0x84, 0x04, 0x18, 0x40, 0x41, 0x84,
    0x04, 0x18, 0x40, 0x41, 0x87, 0xFC, 0x18, 0x00, 0x01, 0x80, 0x00, 0x18, 0x00, 0x01, 0x80, 0x00,
    0x18, 0x00, 0x0F, 0x40, 0x00, 0x04, 0x3F, 0xFF, 0x20, 0x00, 0x10, 0x00, 0x01, 0x02, 0x08, 0x18,
    0x10, 0x81, 0x80, 0x10, 0x18, 0xFF, 0xE1, 0x88, 0x02, 0x18, 0x80, 0x21, 0x88, 0x02, 0x18, 0x80,
    0x21, 0x8F, 0xFE, 0x18, 0x11, 0x01, 0x81, 0x10, 0x18, 0x11, 0x01, 0x82, 0x10, 0x98, 0x21, 0x09,
    0x8C, 0x1F, 0x99, 0x00, 0x01, 0x80, 0x00, 0x18, 0x00, 0x0F, 0x00, 0x00, 0x0F, 0xE7, 0xFF, 0x84,
    0x40, 0x18, 0x44, 0x01, 0x88, 0x40, 0x19, 0x04, 0x01, 0x90, 0x40, 0x19, 0x04, 0x01, 0x88, 0x40,
    0x18, 0x47, 0xFF, 0x84, 0x40, 0x18, 0x24, 0x01, 0x82, 0x40, 0x18, 0x24, 0x01, 0x82, 0x40, 0x1B,
    0xC4, 0x01, 0x80, 0x40, 0x18, 0x04, 0x01, 0x80, 0x40, 0x18, 0x07, 0xFF, 0x80, 0x40, 0x18, 0x04,
    0x01, 0x00, 0x02, 0x03, 0xF8, 0x18, 0x08, 0x60, 0x60, 0x21, 0x02, 0x40, 0x84, 0x08, 0x82, 0x20,
    0x42, 0x08, 0x82, 0x04, 0x24, 0x08, 0x08, 0x90, 0x40, 0x1A, 0x22, 0x00, 0x08, 0x42, 0x04, 0x21,
    0x08, 0x10, 0x82, 0x20, 0x42, 0x08, 0x81, 0x08, 0x22, 0x04, 0x20, 0x88, 0x10, 0xBC, 0x20, 0x42,
    0x00, 0x81, 0x08, 0x02, 0x04, 0x20, 0x10, 0x10, 0x80, 0x40, 0x42, 0x02, 0x01, 0x08, 0x10, 0x04,
    0x00, 0x00, 0x20, 0x23, 0xF0, 0x80, 0x88, 0x42, 0x02, 0x22, 0x10, 0x08, 0x88, 0x40, 0x22, 0x21,
    0x00, 0x89, 0x0D, 0xFF, 0xE4, 0x50, 0x08, 0x91, 0x40, 0x22, 0x49, 0x00, 0x88, 0x84, 0x82, 0x21,
    0x12, 0x08, 0x84, 0x44, 0x22, 0x11, 0x10, 0x88, 0x44, 0x22, 0x21, 0x10, 0x88, 0xB8, 0x40, 0x22,
    0x01, 0x00, 0x88, 0x04, 0x02, 0x20, 0x10, 0x08, 0x80, 0x40, 0x22, 0x01, 0x00, 0x88, 0x04, 0x3E,
    0x00, 0xFE, 0xFF, 0xE4, 0x16, 0x01, 0x21, 0x30, 0x09, 0x09, 0x80, 0x48, 0x8C, 0x02, 0x44, 0x7F,
    0xF2, 0x43, 0x00, 0x91, 0x18, 0x04, 0x88, 0xC0, 0x24, 0x26, 0x01, 0x20, 0xBF, 0xF9, 0x05, 0x90,
    0x08, 0x2C, 0x80, 0xC1, 0x62, 0x0A, 0x0B, 0x10, 0x93, 0x98, 0x58, 0x80, 0xC2, 0x04, 0x06, 0x08,
    0x20, 0x30, 0x21, 0x01, 0x84, 0x88, 0x0F, 0xC3, 0x40, 0x40, 0x00, 0x00, 0x02, 0x03, 0xF0, 0x08,
    0x08, 0x40, 0x50, 0x22, 0x02, 0x20, 0x88, 0x10, 0x42, 0x40, 0x80, 0x89, 0x04, 0x01, 0xA8, 0x60,
    0x01, 0x90, 0x3F, 0xE2, 0x20, 0x08, 0x08, 0x80, 0x20, 0x21, 0x00, 0x80, 0x84, 0x02, 0x02, 0x17,
    0xFF, 0xF8, 0x40, 0x20, 0x21, 0x00, 0x80, 0xB8, 0x42, 0x22, 0x01, 0x08, 0x48, 0x08, 0x21, 0x20,
    0x40, 0x82, 0x81, 0x02, 0x06, 0x00, 0x08, 0x08, 0x03, 0xE0, 0x00, 0x00, 0x04, 0x03, 0xF0, 0x18,
    0x08, 0x40, 0xA0, 0x22, 0x04, 0x40, 0x88, 0x10, 0x82, 0x40, 0x81, 0x09, 0x04, 0x02, 0x28, 0x20,
    0x04, 0x91, 0x7F, 0x8A, 0x28, 0x00, 0x18, 0x80, 0x00, 0x21, 0x00, 0x00, 0x84, 0x84, 0x22, 0x12,
    0x10, 0x88, 0x48, 0x42, 0x21, 0x11, 0x10, 0xB8, 0x44, 0x42, 0x01, 0x02, 0x08, 0x00, 0x08, 0x20,
    0x00, 0x40, 0x83, 0xFF, 0xFA, 0x00, 0x00, 0x08, 0x00, 0x00, 0x00, 0xFE, 0x81, 0x02, 0x1A, 0x04,
    0x08, 0x48, 0x11, 0xA1, 0x3F, 0x58, 0x88, 0x81, 0x82, 0x22, 0x04, 0x09, 0x08, 0x10, 0x64, 0x20,
    0x41, 0x89, 0x9D, 0x06, 0x17, 0x87, 0xF8, 0x40, 0x40, 0x20, 0x81, 0x00, 0x82, 0x7F, 0xF2, 0x0A,
    0x00, 0x48, 0x28, 0x01, 0x27, 0x20, 0x04, 0x80, 0x7F, 0xF2, 0x02, 0x00, 0x48, 0x08, 0x01, 0x20,
    0x20, 0x04, 0x80, 0x7F, 0xF2, 0x02, 0x00, 0x40, 0x00, 0x01, 0x03, 0xE0, 0x08, 0x08, 0x80, 0x20,
    0x22, 0x8F, 0xFF, 0x89, 0x04, 0x02, 0x42, 0x10, 0x09, 0x08, 0x80, 0x24, 0x03, 0xFE, 0x90, 0x14,
    0x0A, 0x20, 0x90, 0x28, 0xF8, 0x7F, 0xA1, 0x21, 0x02, 0x84, 0x84, 0x0A, 0x12, 0x10, 0x28, 0x48,
    0x7F, 0xA1, 0x21, 0x02, 0xB8, 0x84, 0x0A, 0x02, 0x10, 0x28, 0x08, 0x40, 0xA0, 0x51, 0x1C, 0x82,
    0x30, 0x02, 0x10, 0x60, 0x08, 0x40, 0x7F, 0xC0, 0x00, 0x08, 0x03, 0xF8, 0x40, 0x08, 0x61, 0xF8,
    0x21, 0x08, 0x20, 0x84, 0x41, 0x02, 0x22, 0x04, 0x08, 0x87, 0xFF, 0x24, 0x00, 0x04, 0x90, 0x00,
    0x12, 0x20, 0x00, 0x48, 0x47, 0xFF, 0x21, 0x00, 0x04, 0x82, 0x00, 0x12, 0x08, 0x00, 0x48, 0x2F,
    0xFF, 0x20, 0x80, 0x00, 0x9C, 0x0C, 0x02, 0x02, 0x88, 0x88, 0x0A, 0x11, 0x20, 0x48, 0x02, 0x81,
    0x20, 0x4A, 0x08, 0x81, 0x18, 0x03, 0xFC, 0x00, 0xFC, 0xFF, 0xFE, 0x10, 0x00, 0x08, 0x80, 0x00,
    0x22, 0x1F, 0xFC, 0x90, 0x40, 0x12, 0x41, 0x00, 0x4A, 0x04, 0x01, 0x24, 0x1F, 0xFC, 0x88, 0x00,
    0x02, 0x20, 0x00, 0x08, 0x4F, 0xFF, 0xA1, 0x24, 0x02, 0x84, 0x90, 0x4A, 0x12, 0x22, 0x28, 0xC8,
    0x08, 0xAE, 0x2F, 0xFA, 0x80, 0x82, 0x0A, 0x02, 0x08, 0x28, 0x08, 0x20, 0xA0, 0x20, 0x82, 0x80,
    0x82, 0x0A, 0x02, 0x08, 0xE0, 0x00, 0x04, 0x03, 0xF8, 0x08, 0x08, 0x4F, 0xFF, 0xA1, 0x04, 0x00,
    0x84, 0x10, 0x82, 0x20, 0x02, 0x08, 0x9F, 0xFF, 0xE4, 0x00, 0x00, 0x90, 0x00, 0x02, 0x21, 0xFF,
    0x88, 0x44, 0x02, 0x21, 0x10, 0x08, 0x82, 0x7F, 0xE2, 0x09, 0x00, 0x88, 0x24, 0x02, 0x20, 0x9F,
    0xF8, 0x9C, 0x02, 0x02, 0x00, 0x08, 0x08, 0x1F, 0xFF, 0xE0, 0x00, 0x80, 0x80, 0x02, 0x02, 0x00,
    0x08, 0x08, 0x00, 0x20, 0x00, 0xFE, 0x03, 0xE2, 0x0F, 0xF0, 0x08, 0x48, 0x01, 0x21, 0x21, 0x08,
    0x88, 0x44, 0x42, 0x21, 0x00, 0x09, 0x0F, 0xFF, 0x22, 0x00, 0x04, 0x8C, 0x00, 0x12, 0x13, 0xFF,
    0xC8, 0x20, 0x01, 0x20, 0x80, 0x04, 0x82, 0x00, 0x12, 0x0B, 0xFF, 0xC8, 0x21, 0x00, 0x27, 0x03,
    0x00, 0x80, 0xA3, 0x22, 0x04, 0x80, 0x48, 0x12, 0x00, 0xA0, 0x88, 0x12, 0x82, 0x20, 0x46, 0x00,
    0xFF, 0x00, 0x00, 0x10, 0x00, 0x00, 0x20, 0x00, 0x7F, 0xFF, 0xC0, 0x00, 0x80, 0x80, 0x01, 0x01,
    0x00, 0x02, 0x02, 0x3F, 0xFF, 0xFF, 0x80, 0x08, 0x08, 0x00, 0x10, 0x10, 0x00, 0x20, 0x20, 0x7F,
    0xFF, 0xC0, 0x00, 0x80, 0x01, 0x01, 0x80, 0x81, 0x03, 0x02, 0x01, 0x85, 0x18, 0x00, 0x89, 0x40,
    0x00, 0x71, 0x00, 0x03, 0x21, 0x00, 0x38, 0x41, 0x81, 0x80, 0x80, 0xC4, 0x01, 0x00, 0x40, 0x3E,
    0x00, 0x00, 0x02, 0x00, 0x00, 0x04, 0x20, 0x00, 0x10, 0x20, 0x00, 0x7F, 0xFF, 0xC0, 0xFF, 0xFF,
    0x83, 0x02, 0x00, 0x0A, 0x04, 0x00, 0x27, 0xFF, 0xF8, 0x88, 0x10, 0x00, 0x10, 0x20, 0x00, 0x3F,
    0xFF, 0xC0, 0x40, 0x80, 0x00, 0x81, 0x00, 0x01, 0xFF, 0xFF, 0x82, 0x04, 0x00, 0x00, 0x08, 0x00,
    0xFF, 0xFF, 0xFE, 0x00, 0xA8, 0x00, 0x02, 0x48, 0x00, 0x08, 0x88, 0x00, 0x61, 0x0C, 0x03, 0x02,
    0x06, 0x18, 0x04, 0x03, 0xC0, 0x08, 0x00, 0x00, 0x82, 0x00, 0x82, 0x12, 0x0F, 0xFE, 0x44, 0x08,
    0x21, 0x10, 0x20, 0x88, 0x00, 0x3C, 0x3F, 0xF0, 0x40, 0x84, 0x1F, 0xF6, 0x10, 0x44, 0x68, 0x41,
    0x11, 0x21, 0x07, 0xFC, 0xFF, 0x81, 0x02, 0x10, 0x04, 0x08, 0x41, 0xFF, 0xA1, 0x00, 0x40, 0x84,
    0x01, 0x03, 0xFF, 0xFF, 0xE8, 0x40, 0x10, 0x21, 0x00, 0xB0, 0x84, 0x04, 0x22, 0x10, 0x10, 0x4F,
    0xFD, 0x81, 0x20, 0x08, 0x00, 0x80, 0x00, 0x7F, 0xFF, 0xF0, 0x00, 0x80, 0x00, 0x02, 0x00, 0x3F,
    0xFF, 0xFE, 0x80, 0x20, 0x0A, 0x00, 0x80, 0x29, 0xF2, 0xFC, 0xA0, 0x08, 0x02, 0x3F, 0x2F, 0xE0,
    0x00, 0x80, 0x00, 0x00, 0x00, 0x0F, 0xFF, 0xF8, 0x20, 0x20, 0x20, 0x80, 0x80, 0x83, 0xFF, 0xFE,
    0x08, 0x08, 0x08, 0x20, 0x20, 0x20, 0xFF, 0xFF, 0x92, 0x02, 0x00, 0x48, 0x08, 0x01, 0x00, 0x20,
    0x04, 0x00, 0xFF, 0xE0, 0x3F, 0xFF, 0xF0, 0x01, 0x00, 0x00, 0x08, 0x01, 0xFF, 0xFF, 0xF8, 0x02,
    0x00, 0xC0, 0x10, 0x06, 0x7C, 0xBF, 0x30, 0x04, 0x01, 0x3F, 0x2F, 0xE0, 0x01, 0x00, 0x00, 0x00,
    0x01, 0xFF, 0xFF, 0xF0, 0x04, 0x00, 0x00, 0x20, 0x00, 0xFF, 0xFF, 0xC4, 0x20, 0x82, 0x21, 0x04,
    0x11, 0x08, 0x20, 0x88, 0x41, 0x04, 0x42, 0x08, 0x22, 0x10, 0x41, 0x10, 0x82, 0x78, 0x00, 0x82,
    0x00, 0x01, 0x04, 0x00, 0x02, 0x08, 0x00, 0x04, 0x10, 0x07, 0xF8, 0x3F, 0xE0, 0x10, 0x40, 0x00,
    0x20, 0x80, 0x00, 0x41, 0x00, 0x00, 0x82, 0x00, 0x01, 0x04, 0x01, 0xFE, 0x0F, 0xF0, 0x04, 0x10,
    0x00, 0x08, 0x20, 0x00, 0x10, 0x40, 0x00, 0x20, 0x80, 0x7F, 0xC1, 0xFF, 0x00, 0x82, 0x00, 0x01,
    0x04, 0x00, 0x02, 0x08, 0x00, 0x04, 0x10, 0x00, 0x08, 0x20, 0x00, 0x10, 0x40, 0x00, 0x20, 0x80,
    0x00, 0xFF, 0xFF, 0xFC, 0x00, 0x80, 0x00, 0x04, 0x00, 0x00, 0x10, 0x00, 0x00, 0x40, 0x01, 0xFF,
    0xFF, 0xC4, 0x20, 0x21, 0x10, 0x80, 0x84, 0x42, 0x02, 0x11, 0x0F, 0xF8, 0x44, 0x20, 0x21, 0x10,
    0x80, 0x84, 0x42, 0x02, 0x11, 0x08, 0x08, 0x44, 0x3F, 0xE1, 0x10, 0x80, 0x84, 0x42, 0x02, 0x11,
    0x08, 0x08, 0x47, 0xFF, 0xFF, 0x10, 0x00, 0x04, 0x40, 0x00, 0x10, 0x00, 0x7F, 0xFE, 0x00, 0x02,
    0x03, 0xFE, 0x04, 0x00, 0x40, 0x08, 0x00, 0x83, 0xFF, 0xC1, 0x04, 0x00, 0x82, 0x08, 0x01, 0x04,
    0x10, 0x02, 0x08, 0x3F, 0xFC, 0x10, 0x40, 0x08, 0x20, 0x80, 0x10, 0x41, 0x00, 0x20, 0x83, 0xFF,
    0xC1, 0x74, 0x00, 0x87, 0x08, 0x01, 0x70, 0x10, 0x02, 0x00, 0x3F, 0xFC, 0x00, 0x00, 0x00, 0x00,
    0x30, 0xC0, 0x01, 0x80, 0x40, 0x0C, 0x00, 0x60, 0x00, 0x00, 0x00, 0x00, 0x00, 0x00, 0x10, 0x7F,
    0xF2, 0x40, 0x08, 0x09, 0x00, 0x20, 0x27, 0xC0, 0x80, 0x90, 0x3F, 0xE2, 0x40, 0x80, 0x88, 0x02,
    0x02, 0xFF, 0xF8, 0x08, 0x10, 0x3F, 0xE0, 0x40, 0x80, 0x89, 0x12, 0x02, 0x24, 0x48, 0x09, 0x11,
    0x3F, 0xE4, 0x48, 0x80, 0xA1, 0x22, 0x02, 0x85, 0x08, 0x08, 0x08, 0x3F, 0xE0, 0x40, 0x00, 0x02,
    0x00, 0x88, 0x10, 0x04, 0x19, 0x80, 0x60, 0x18, 0x00, 0x00, 0x00, 0x7F, 0xFF, 0xFC, 0x00, 0x40,
    0x00, 0x02, 0x00, 0x00, 0x08, 0x00, 0x0F, 0xFF, 0xE0, 0x20, 0x00, 0x80, 0x80, 0x02, 0x02, 0x04,
    0x08, 0x08, 0x10, 0x20, 0x20, 0x40, 0x80, 0x81, 0x02, 0x02, 0x04, 0x08, 0x08, 0x10, 0x20, 0x20,
    0x40, 0x80, 0x82, 0x02, 0x02, 0x08, 0x08, 0x00, 0x46, 0x00, 0x02, 0x06, 0x00, 0x30, 0x06, 0x07,
    0x00, 0x04, 0x60, 0x00, 0x08, 0x00, 0x3F, 0xFF, 0xFF, 0x81, 0x00, 0x10, 0x04, 0x00, 0x20, 0x08,
    0x00, 0x41, 0xFF, 0xC0, 0x82, 0x00, 0x81, 0x04, 0x01, 0x02, 0x08, 0x42, 0x04, 0x10, 0x84, 0x08,
    0x21, 0x08, 0x10, 0x42, 0x10, 0x20, 0x84, 0x20, 0x41, 0x08, 0x40, 0x82, 0x10, 0x81, 0x04, 0x21,
    0x02, 0x08, 0x42, 0x04, 0x01, 0x00, 0x08, 0x02, 0x80, 0x10, 0x08, 0x80, 0x20, 0x30, 0xC7, 0xC0,
    0x80, 0xC0, 0x06, 0x00, 0x40, 0x00, 0x7F, 0xFE, 0x00, 0x02, 0x01, 0xFC, 0x04, 0x00, 0x40, 0x10,
    0x00, 0x83, 0xFF, 0x81, 0x04, 0x01, 0x02, 0x08, 0x02, 0x04, 0x10, 0x84, 0x08, 0x21, 0x08, 0x10,
    0x42, 0x10, 0x20, 0x84, 0x20, 0x41, 0x08, 0x40, 0x82, 0x10, 0x81, 0x34, 0x21, 0x03, 0x88, 0x42,
    0x38, 0x10, 0x84, 0x00, 0x02, 0x00, 0x00, 0x04, 0xC0, 0x00, 0x10, 0x40, 0x00, 0xC0, 0x40, 0x06,
    0x00, 0x40, 0x10, 0x00, 0x00, 0x20, 0x4F, 0xFE, 0x48, 0x80, 0x80, 0x91, 0x02, 0x01, 0x22, 0x04,
    0x02, 0x44, 0x77, 0xC4, 0x88, 0x80, 0x89, 0x11, 0x11, 0x12, 0x22, 0x22, 0x24, 0x44, 0x44, 0x48,
    0x88, 0x88, 0x91, 0x11, 0x11, 0x22, 0x22, 0x22, 0x44, 0x44, 0x44, 0x88, 0x88, 0x89, 0x11, 0x21,
    0x12, 0x20, 0x40, 0x24, 0x40, 0x80, 0xC0, 0x81, 0x41, 0x01, 0x04, 0x62, 0x02, 0x10, 0x28, 0x04,
    0xC0, 0x20, 0x00, 0x00, 0x00, 0x7F, 0xDF, 0xFE, 0x01, 0x00, 0x80, 0x04, 0x02, 0x01, 0x10, 0x04,
    0x01, 0x40, 0xFF, 0xC1, 0x81, 0x00, 0x80, 0x82, 0x01, 0x00, 0x84, 0x42, 0xFF, 0xC8, 0x84, 0x08,
    0x91, 0x08, 0x12, 0x22, 0x10, 0x24, 0x44, 0x20, 0x48, 0x88, 0x40, 0x81, 0x10, 0x81, 0x02, 0x21,
    0x02, 0x04, 0x42, 0x04, 0x00, 0x80, 0x08, 0x02, 0x40, 0x10, 0x08, 0x40, 0x20, 0x20, 0x40, 0x40,
    0x80, 0x47, 0x06, 0x00, 0x40, 0x00, 0x00, 0x00, 0x10, 0x00, 0x02, 0x40, 0xFF, 0xC9, 0x00, 0x20,
    0x23, 0xE0, 0x80, 0x90, 0x02, 0x02, 0x40, 0x7F, 0x89, 0x02, 0x02, 0xFF, 0xF8, 0x8B, 0xFF, 0xE2,
    0x20, 0x40, 0x88, 0x81, 0x02, 0x22, 0x24, 0x48, 0x88, 0x91, 0x22, 0x24, 0x44, 0x88, 0x91, 0x22,
    0x22, 0x84, 0x88, 0x88, 0x04, 0x22, 0x20, 0x20, 0x10, 0x00, 0x80, 0x50, 0x0C, 0x02, 0x30, 0x40,
    0x10, 0x26, 0x01, 0x80, 0x40, 0x3F, 0xCF, 0xFE, 0x40, 0x81, 0x00, 0x81, 0x02, 0x01, 0xFE, 0x04,
    0x02, 0x04, 0x7F, 0xC4, 0x08, 0x80, 0x88, 0x11, 0x01, 0x1F, 0xE2, 0x22, 0x00, 0x04, 0x44, 0x00,
    0x08, 0x8B, 0xFF, 0xD1, 0x10, 0x10, 0x22, 0x21, 0x20, 0x48, 0x42, 0x40, 0x90, 0x84, 0xF9, 0x21,
    0x11, 0x00, 0x50, 0x12, 0x01, 0x10, 0x64, 0x04, 0x10, 0xA8, 0x10, 0x11, 0x30, 0xC0, 0x04, 0x1C,
    0x00, 0x08, 0x07, 0xFF, 0xC0, 0x00, 0x00, 0x00, 0x08, 0x00, 0x00, 0x08, 0x3F, 0xFB, 0xFF, 0x82,
    0x04, 0x01, 0x08, 0x08, 0x82, 0x10, 0x02, 0x01, 0xFF, 0x07, 0xE4, 0x02, 0x10, 0x48, 0x04, 0x41,
    0x10, 0x88, 0x84, 0x21, 0x12, 0x70, 0x42, 0x20, 0x70, 0x84, 0x41, 0x11, 0x08, 0x8C, 0x1A, 0x11,
    0x20, 0x04, 0x42, 0x3F, 0xC8, 0x84, 0x40, 0x91, 0x08, 0x81, 0x02, 0x01, 0x02, 0x05, 0x02, 0x04,
    0x11, 0x04, 0x08, 0x41, 0x0F, 0xF1, 0x81, 0x10, 0x24, 0x01, 0x00, 0x1F, 0xFF, 0xE0, 0x20, 0x00,
    0x40, 0x40, 0x00, 0x80, 0x80, 0x11, 0x01, 0x40, 0x22, 0x02, 0x40, 0x44, 0x04, 0x41, 0x08, 0x08,
    0x42, 0x10, 0x10, 0x48, 0x20, 0x20, 0x50, 0x40, 0x40, 0xC0, 0x80, 0x80, 0x81, 0x03, 0x02, 0x82,
    0x06, 0x08, 0x84, 0x0C, 0x21, 0x88, 0x10, 0x81, 0x10, 0x22, 0x01, 0x32, 0xC8, 0x01, 0x25, 0x00,
    0x00, 0x4E, 0x00, 0x00, 0x98, 0x00, 0x00, 0xC0, 0x3F, 0xFF, 0x80, 0x00, 0x41, 0x10, 0x04, 0x82,
    0xC0, 0x31, 0x07, 0x07, 0x82, 0x09, 0x81, 0x04, 0x08, 0x82, 0x08, 0x10, 0x04, 0x10, 0x11, 0x08,
    0x20, 0x1B, 0xFF, 0xFF, 0x08, 0x20, 0x82, 0x00, 0x41, 0x04, 0x40, 0x82, 0x09, 0x01, 0x04, 0x14,
    0x04, 0x08, 0x3C, 0x08, 0x10, 0x46, 0x10, 0x20, 0x40, 0x40, 0x40, 0x80, 0x80, 0x81, 0x8A, 0x01,
    0x01, 0x18, 0x02, 0x00, 0xE0, 0x08, 0x00, 0x00, 0x10, 0x00, 0x1C, 0x10, 0x1F, 0xE0, 0x10, 0x10,
    0x00, 0x1F, 0x90, 0x00, 0x20, 0x90, 0x00, 0x21, 0x90, 0x00, 0x21, 0x10, 0x00, 0x41, 0x1F, 0xFC,
    0x4A, 0x14, 0x04, 0x88, 0x12, 0x04, 0x08, 0x12, 0x04, 0x08, 0x32, 0x08, 0x08, 0x31, 0x08, 0x08,
    0x31, 0x10, 0x08, 0x30, 0x90, 0x08, 0x20, 0xA0, 0x08, 0x20, 0x40, 0x09, 0x60, 0xA0, 0x0A, 0x41,
    0x10, 0x0C, 0x46, 0x08, 0x10, 0x88, 0x04, 0x01, 0x30, 0x03, 0x10, 0x02, 0x00, 0x80, 0x08, 0x02,
    0x07, 0xFF, 0x08, 0x10, 0x84, 0x20, 0x42, 0x10, 0xFD, 0x08, 0x44, 0x27, 0xFF, 0x10, 0x80, 0x80,
    0x85, 0xFF, 0xFE, 0x50, 0x00, 0x01, 0x00, 0x00, 0x04, 0x1F, 0xFC, 0x10, 0x40, 0x10, 0x41, 0x00,
    0x41, 0x04, 0x21, 0x04, 0x10, 0x84, 0x10, 0x42, 0x10, 0x41, 0x08, 0x41, 0x14, 0x41, 0x05, 0x81,
    0x40, 0x18, 0x18, 0xC0, 0xC1, 0x80, 0xC0, 0x18, 0x00, 0x80, 0x00, 0x01, 0x00, 0xFE, 0x02, 0x00,
    0x04, 0x0A, 0x00, 0x08, 0x12, 0x02, 0x10, 0x44, 0x04, 0x20, 0x84, 0x08, 0x42, 0x04, 0x10, 0x88,
    0x04, 0x43, 0x2F, 0xE4, 0x84, 0x80, 0x05, 0x08, 0x00, 0x02, 0x10, 0x08, 0x07, 0xF9, 0x10, 0x80,
    0x12, 0x21, 0x00, 0x22, 0x22, 0x00, 0x44, 0x48, 0x06, 0x88, 0x90, 0x71, 0x10, 0x43, 0x04, 0x00,
    0x80, 0x08, 0x02, 0x00, 0x10, 0x04, 0x00, 0x27, 0xFF, 0x87, 0x80, 0x00, 0x00, 0x01, 0x01, 0x00,
    0x02, 0x02, 0x00, 0x04, 0x04, 0x01, 0xFF, 0xFF, 0xC0, 0x10, 0x10, 0x00, 0x20, 0x20, 0x00, 0x40,
    0x40, 0x7F, 0xFF, 0xFF, 0x00, 0x10, 0x00, 0x00, 0x20, 0x00, 0x7F, 0xFF, 0xC0, 0x80, 0x80, 0x81,
    0x01, 0x01, 0x02, 0x02, 0x02, 0x07, 0xFF, 0xFC, 0x08, 0x08, 0x08, 0x10, 0x10, 0x10, 0x3F, 0xFF,
    0xE0, 0x00, 0x00, 0x00, 0x00, 0x00, 0x00, 0x38, 0x1C, 0x01, 0x00, 0x06, 0x1C, 0x00, 0x03, 0x00,
    0x00, 0x00, 0x80, 0xFF, 0xC1, 0x01, 0x08, 0x82, 0x83, 0x11, 0x04, 0x86, 0x2A, 0x08, 0x8A, 0x54,
    0x10, 0x14, 0xC8, 0x20, 0x21, 0x17, 0xFF, 0x7F, 0xE0, 0x80, 0x04, 0x01, 0x00, 0x08, 0x02, 0x00,
    0x10, 0x06, 0x07, 0xFE, 0x0C, 0x00, 0x40, 0x28, 0x00, 0x80, 0x48, 0x3F, 0xF8, 0x90, 0x7C, 0x01,
    0x20, 0x00, 0x04, 0x21, 0x05, 0x08, 0x42, 0x49, 0x20, 0x48, 0x92, 0x40, 0x51, 0x25, 0x00, 0xC2,
    0x02, 0x00, 0x80, 0x00, 0x20, 0x00, 0x00, 0x40, 0x00, 0x00, 0x40, 0x07, 0xFF, 0xFF, 0xE0, 0x20,
    0x08, 0x00, 0x20, 0x20, 0x00, 0x20, 0x80, 0x00, 0x22, 0x00, 0x00, 0x38, 0x00, 0x00, 0x50, 0x00,
    0x07, 0x1C, 0x00, 0x70, 0x07, 0x0F, 0x00, 0x01, 0xC0, 0x80, 0x20, 0x01, 0x00, 0x40, 0x02, 0x00,
    0x80, 0x04, 0x01, 0x00, 0x08, 0x02, 0x00, 0x10, 0x04, 0x00, 0x20, 0x08, 0x00, 0x80, 0x10, 0x02,
    0x00, 0x20, 0x08, 0x00, 0x40, 0x00, 0x00, 0x10, 0x00, 0x20, 0x40, 0x00, 0x81, 0x00, 0x02, 0x07,
    0xFC, 0x08, 0x10, 0x00, 0x20, 0x40, 0x00, 0x81, 0x00, 0x02, 0x04, 0x00, 0xFF, 0xFF, 0xFC, 0x80,
    0x40, 0x62, 0x01, 0x01, 0x88, 0x08, 0x06, 0x20, 0x20, 0x18, 0x81, 0x40, 0x62, 0x04, 0xC1, 0x88,
    0x20, 0x86, 0x21, 0x01, 0x18, 0x98, 0x02, 0x62, 0x80, 0x01, 0x88, 0x00, 0x06, 0x3F, 0xFF, 0xF8,
    0x00, 0x00, 0x60, 0x00, 0x01, 0x80, 0x1F, 0x83, 0xF3, 0xF8, 0xFF, 0x7F, 0x9F, 0xFF, 0x81, 0xE0,
    0xF0, 0x1E, 0x0F, 0x03, 0xC0, 0xFF, 0xBF, 0xEF, 0xFB, 0xFE, 0xFF, 0xBF, 0xEF, 0x03, 0xC0, 0xF0,
    0x3C, 0x0F, 0x03, 0xC0, 0xF0, 0x3C, 0x0F, 0x03, 0xC0, 0xF0, 0x3C, 0x0F, 0x03, 0xC0, 0xF0, 0x3C,
    0x0F, 0x03, 0xC0, 0xF0, 0x3C, 0x00, 0x1F, 0x9E, 0x7F, 0x3D, 0xFE, 0x7F, 0xC0, 0xFF, 0x00, 0x1E,
    0x00, 0x3F, 0xE7, 0xFF, 0xCF, 0xFF, 0x9F, 0xE0, 0x3F, 0xC0, 0x7F, 0x80, 0xFF, 0x01, 0xFE, 0x03,
    0xFC, 0x07, 0xF8, 0x0F, 0xF0, 0x1F, 0xE0, 0x3F, 0xC0, 0x78, 0x1F, 0x8E, 0x1F, 0xCF, 0x1F, 0xE7,
    0x9F, 0x03, 0xCF, 0x01, 0xE7, 0x80, 0xF3, 0xFE, 0x79, 0xFF, 0x3C, 0xFF, 0x9E, 0x78, 0x0F, 0x3C,
    0x07, 0x9E, 0x03, 0xCF, 0x01, 0xE7, 0x80, 0xF3, 0xC0, 0x79, 0xE0, 0x3E, 0xF0, 0x1F, 0xF8, 0x07,
    0xFC, 0x01, 0xE0, 0x1F, 0x83, 0xF3, 0xCF, 0xE1, 0xFC, 0xF7, 0xF8, 0xFF, 0x3F, 0xE0, 0x7C, 0x0F,
    0xF0, 0x1E, 0x00, 0x3C, 0x07, 0x80, 0x0F, 0xF9, 0xFF, 0x3F, 0xFE, 0x7F, 0xCF, 0xFF, 0x9F, 0xF3,
    0xFC, 0x07, 0x80, 0xFF, 0x01, 0xE0, 0x3F, 0xC0, 0x78, 0x0F, 0xF0, 0x1E, 0x03, 0xFC, 0x07, 0x80,
    0xFF, 0x01, 0xE0, 0x3F, 0xC0, 0x78, 0x0F, 0xF0, 0x1E, 0x03, 0xFC, 0x07, 0x80, 0xFF, 0x01, 0xE0,
    0x3C, 0x1F, 0x83, 0xF9, 0xC3, 0xF8, 0x7F, 0x3C, 0x7F, 0x8F, 0xF3, 0xCF, 0x81, 0xF0, 0x3C, 0xF0,
    0x1E, 0x03, 0xCF, 0x01, 0xE0, 0x3C, 0xFF, 0x9F, 0xF3, 0xCF, 0xF9, 0xFF, 0x3C, 0xFF, 0x9F, 0xF3,
    0xCF, 0x01, 0xE0, 0x3C, 0xF0, 0x1E, 0x03, 0xCF, 0x01, 0xE0, 0x3C, 0xF0, 0x1E, 0x03, 0xCF, 0x01,
    0xE0, 0x3C, 0xF0, 0x1E, 0x03, 0xCF, 0x01, 0xE0, 0x3E, 0xF0, 0x1E, 0x03, 0xFF, 0x01, 0xE0, 0x1F,
    0xF0, 0x1E, 0x00, 0xF0, 0xFF, 0xF8, 0x60, 0xC7, 0x8F, 0x1E, 0x3C, 0x78, 0xD0, 0x80, 0x02, 0x08,
    0x01, 0x04, 0x01, 0x02, 0x00, 0x81, 0x00, 0x41, 0x03, 0xFF, 0xFC, 0x10, 0x40, 0x08, 0x20, 0x04,
    0x10, 0x02, 0x08, 0x01, 0x04, 0x01, 0x02, 0x0F, 0xFF, 0xF0, 0x41, 0x00, 0x20, 0x80, 0x10, 0x40,
    0x08, 0x20, 0x04, 0x10, 0x02, 0x08, 0x00, 0x02, 0x00, 0x10, 0x00, 0x80, 0x1F, 0x03, 0x8E, 0x30,
    0x09, 0x00, 0x08, 0x00, 0x40, 0x01, 0x00, 0x04, 0x00, 0x18, 0x00, 0x38, 0x00, 0x30, 0x00, 0x40,
    0x01, 0x00, 0x08, 0x00, 0x60, 0x06, 0xC0, 0x63, 0xFF, 0x07, 0xE0, 0x08, 0x00, 0x40, 0x02, 0x00,
    0x3C, 0x02, 0x06, 0x60, 0x20, 0x42, 0x04, 0x08, 0x10, 0x40, 0x81, 0x08, 0x08, 0x10, 0x80, 0x81,
    0x10, 0x08, 0x12, 0x3C, 0x81, 0x26, 0x64, 0x24, 0x42, 0x66, 0x48, 0x13, 0xC8, 0x81, 0x00, 0x88,
    0x10, 0x10, 0x81, 0x01, 0x08, 0x10, 0x20, 0x81, 0x02, 0x04, 0x20, 0x40, 0x66, 0x04, 0x03, 0xC0,
    0x07, 0x80, 0x11, 0x80, 0x41, 0x00, 0x82, 0x01, 0x04, 0x02, 0x10, 0x06, 0x20, 0x05, 0x80, 0x0C,
    0x00, 0x28, 0x04, 0x88, 0x0A, 0x08, 0x28, 0x08, 0x50, 0x09, 0x20, 0x0A, 0x40, 0x08, 0x40, 0x28,
    0xC1, 0x88, 0x7C, 0x08, 0xFF, 0xF4, 0x0C, 0x21, 0x08, 0x21, 0x04, 0x30, 0x82, 0x08, 0x20, 0x82,
    0x08, 0x30, 0x41, 0x02, 0x08, 0x10, 0x20, 0xC0, 0xC1, 0x02, 0x04, 0x10, 0x20, 0x82, 0x04, 0x10,
    0x41, 0x04, 0x10, 0x42, 0x08, 0x21, 0x04, 0x21, 0x08, 0x00, 0x00, 0x80, 0x00, 0x40, 0x00, 0x20,
    0x00, 0x10, 0x08, 0x08, 0x02, 0x04, 0x08, 0xC2, 0x18, 0x19, 0x30, 0x03, 0xE0, 0x00, 0xE0, 0x00,
    0xF8, 0x01, 0x93, 0x03, 0x08, 0x62, 0x04, 0x0A, 0x02, 0x00, 0x01, 0x00, 0x00, 0x80, 0x00, 0x40,
    0x00, 0x20, 0x00, 0x00, 0x40, 0x00, 0x08, 0x00, 0x01, 0x00, 0x00, 0x20, 0x00, 0x04, 0x00, 0x00,
    0x80, 0x00, 0x10, 0x00, 0x02, 0x00, 0x00, 0x40, 0x1F, 0xFF, 0xFC, 0x01, 0x00, 0x00, 0x20, 0x00,
    0x04, 0x00, 0x00, 0x80, 0x00, 0x10, 0x00, 0x02, 0x00, 0x00, 0x40, 0x00, 0x08, 0x00, 0x77, 0x11,
    0x26, 0x80, 0xFF, 0xFF, 0xE0, 0xFF, 0x80, 0x00, 0x00, 0x02, 0x00, 0x00, 0x08, 0x00, 0x00, 0x20,
    0x00, 0x00, 0x80, 0x00, 0x02, 0x00, 0x00, 0x08, 0x00, 0x00, 0x20, 0x00, 0x00, 0x80, 0x00, 0x02,
    0x00, 0x00, 0x08, 0x00, 0x00, 0x20, 0x00, 0x00, 0x80, 0x00, 0x02, 0x00, 0x00, 0x08, 0x00, 0x00,
    0x20, 0x00, 0x00, 0x80, 0x00, 0x02, 0x00, 0x00, 0x08, 0x00, 0x00, 0x20, 0x00, 0x00, 0x80, 0x00,
    0x02, 0x00, 0x00, 0x08, 0x00, 0x00, 0x20, 0x00, 0x00, 0x00, 0x0F, 0x80, 0x82, 0x08, 0x08, 0x80,
    0x24, 0x01, 0x40, 0x06, 0x00, 0x30, 0x01, 0x80, 0x0C, 0x00, 0x60, 0x03, 0x00, 0x18, 0x00, 0xC0,
    0x05, 0x00, 0x48, 0x02, 0x20, 0x20, 0x82, 0x03, 0xE0, 0x3C, 0x00, 0x40, 0x04, 0x00, 0x40, 0x04,
    0x00, 0x40, 0x04, 0x00, 0x40, 0x04, 0x00, 0x40, 0x04, 0x00, 0x40, 0x04, 0x00, 0x40, 0x04, 0x00,
    0x40, 0x04, 0x0F, 0xFF, 0x1F, 0x02, 0x0C, 0xC0, 0x48, 0x02, 0x00, 0x20, 0x02, 0x00, 0x20, 0x02,
    0x00, 0x40, 0x04, 0x00, 0x80, 0x10, 0x02, 0x00, 0x40, 0x08, 0x01, 0x00, 0x20, 0x04, 0x00, 0xFF,
    0xF0, 0x0F, 0x81, 0x83, 0x10, 0x08, 0x00, 0x20, 0x01, 0x00, 0x08, 0x00, 0xC0, 0x04, 0x00, 0xC0,
    0x38, 0x00, 0x38, 0x00, 0x60, 0x01, 0x00, 0x04, 0x00, 0x20, 0x02, 0xC0, 0x11, 0x83, 0x03, 0xE0,
    0x00, 0x40, 0x06, 0x00, 0x50, 0x04, 0x80, 0x24, 0x02, 0x20, 0x21, 0x02, 0x08, 0x10, 0x41, 0x02,
    0x10, 0x11, 0x00, 0x8F, 0xFF, 0x80, 0x20, 0x01, 0x00, 0x08, 0x00, 0x40, 0x02, 0x00, 0x3F, 0xF1,
    0x00, 0x08, 0x00, 0x40, 0x02, 0x00, 0x20, 0x01, 0x3F, 0x0E, 0x0C, 0x00, 0x10, 0x00, 0xC0, 0x02,
    0x00, 0x10, 0x00, 0x80, 0x04, 0x00, 0x48, 0x06, 0x30, 0x60, 0x7C, 0x00, 0x07, 0xC0, 0xE1, 0x8E,
    0x00, 0x60, 0x06, 0x00, 0x30, 0x01, 0x00, 0x18, 0x00, 0xCF, 0xC6, 0x81, 0x38, 0x05, 0x80, 0x1C,
    0x00, 0xE0, 0x05, 0x80, 0x2C, 0x01, 0x30, 0x10, 0xC1, 0x03, 0xF0, 0xFF, 0xF8, 0x00, 0x80, 0x04,
    0x00, 0x40, 0x04, 0x00, 0x60, 0x02, 0x00, 0x20, 0x01, 0x00, 0x10, 0x00, 0x80, 0x04, 0x00, 0x60,
    0x02, 0x00, 0x10, 0x00, 0x80, 0x04, 0x00, 0x20, 0x00, 0x0F, 0x81, 0x83, 0x18, 0x08, 0x80, 0x24,
    0x01, 0x20, 0x09, 0x00, 0x44, 0x04, 0x18, 0x40, 0xBC, 0x18, 0x10, 0x80, 0x68, 0x01, 0x40, 0x0A,
    0x00, 0x30, 0x02, 0x40, 0x11, 0x83, 0x07, 0xE0, 0x1F, 0x81, 0x06, 0x10, 0x19, 0x80, 0x68, 0x03,
    0x40, 0x0E, 0x00, 0x70, 0x03, 0x80, 0x1A, 0x01, 0xCC, 0x16, 0x3F, 0x30, 0x01, 0x00, 0x18, 0x00,
    0xC0, 0x0C, 0x00, 0xE3, 0x0E, 0x07, 0xC0, 0xFF, 0x80, 0x00, 0x00, 0x0F, 0xF8, 0x77, 0x70, 0x00,
    0x00, 0x00, 0x07, 0x71, 0x11, 0x24, 0x00, 0x00, 0x20, 0x00, 0x18, 0x00, 0x0C, 0x00, 0x06, 0x00,
    0x03, 0x00, 0x01, 0x80, 0x00, 0xC0, 0x00, 0x60, 0x00, 0x30, 0x00, 0x18, 0x00, 0x01, 0x80, 0x00,
    0x0C, 0x00, 0x00, 0x60, 0x00, 0x03, 0x00, 0x00, 0x18, 0x00, 0x00, 0xC0, 0x00, 0x06, 0x00, 0x00,
    0x30, 0x00, 0x01, 0x80, 0xFF, 0xFF, 0xE0, 0x00, 0x00, 0x00, 0x00, 0x00, 0x00, 0x00, 0x00, 0x00,
    0x00, 0x00, 0x3F, 0xFF, 0xF8, 0x80, 0x00, 0x0C, 0x00, 0x00, 0x60, 0x00, 0x03, 0x00, 0x00, 0x18,
    0x00, 0x00, 0xC0, 0x00, 0x06, 0x00, 0x00, 0x30, 0x00, 0x01, 0x80, 0x00, 0x0C, 0x00, 0x03, 0x00,
    0x01, 0x80, 0x00, 0xC0, 0x00, 0x60, 0x00, 0x30, 0x00, 0x18, 0x00, 0x0C, 0x00, 0x06, 0x00, 0x03,
    0x00, 0x00, 0x00, 0x1F, 0x18, 0x6C, 0x0C, 0x01, 0x00, 0x40, 0x10, 0x08, 0x02, 0x01, 0x00, 0x80,
    0x40, 0x20, 0x08, 0x02, 0x00, 0x00, 0x00, 0x00, 0x03, 0x00, 0xC0, 0x00, 0xFC, 0x00, 0xE0, 0xE0,
    0x30, 0x06, 0x08, 0x00, 0x63, 0x00, 0x04, 0x40, 0x00, 0xD0, 0x3C, 0x0A, 0x08, 0xC1, 0x82, 0x08,
    0x30, 0x41, 0x06, 0x10, 0x20, 0xC2, 0x08, 0x18, 0x41, 0x05, 0x08, 0x20, 0xA0, 0x9A, 0x24, 0x0C,
    0x78, 0x40, 0x00, 0x08, 0x00, 0x00, 0x80, 0x00, 0x08, 0x00, 0x00, 0xC0, 0xC0, 0x07, 0xE0, 0x00,
    0x00, 0x80, 0x01, 0x80, 0x01, 0x40, 0x02, 0x40, 0x02, 0x20, 0x04, 0x20, 0x04, 0x20, 0x04, 0x10,
    0x08, 0x10, 0x08, 0x08, 0x10, 0x08, 0x1F, 0xF8, 0x10, 0x04, 0x20, 0x04, 0x20, 0x02, 0x20, 0x02,
    0x40, 0x02, 0x40, 0x01, 0xFF, 0x82, 0x01, 0x88, 0x03, 0x20, 0x04, 0x80, 0x12, 0x00, 0x48, 0x02,
    0x20, 0x18, 0xFF, 0x82, 0x01, 0xC8, 0x00, 0xA0, 0x01, 0x80, 0x06, 0x00, 0x18, 0x00, 0x60, 0x02,
    0x80, 0x3B, 0xFF, 0x80, 0x03, 0xF0, 0x18, 0x10, 0x40, 0x11, 0x00, 0x04, 0x00, 0x08, 0x00, 0x20,
    0x00, 0x40, 0x00, 0x80, 0x01, 0x00, 0x02, 0x00, 0x04, 0x00, 0x08, 0x00, 0x08, 0x00, 0x10, 0x00,
    0x10, 0x00, 0x10, 0x06, 0x18, 0x18, 0x0F, 0xC0, 0xFF, 0x02, 0x03, 0x88, 0x03, 0x20, 0x06, 0x80,
    0x0A, 0x00, 0x28, 0x00, 0x60, 0x01, 0x80, 0x06, 0x00, 0x18, 0x00, 0x60, 0x01, 0x80, 0x0A, 0x00,
    0x28, 0x01, 0x20, 0x0C, 0x80, 0xE3, 0xFC, 0x00, 0xFF, 0xE8, 0x00, 0x80, 0x08, 0x00, 0x80, 0x08,
    0x00, 0x80, 0x08, 0x00, 0xFF, 0xC8, 0x00, 0x80, 0x08, 0x00, 0x80, 0x08, 0x00, 0x80, 0x08, 0x00,
    0x80, 0x0F, 0xFF, 0xFF, 0xF0, 0x02, 0x00, 0x40, 0x08, 0x01, 0x00, 0x20, 0x04, 0x00, 0xFF, 0xD0,
    0x02, 0x00, 0x40, 0x08, 0x01, 0x00, 0x20, 0x04, 0x00, 0x80, 0x10, 0x00, 0x03, 0xF0, 0x18, 0x18,
    0x40, 0x09, 0x00, 0x04, 0x00, 0x08, 0x00, 0x20, 0x00, 0x40, 0x00, 0x80, 0x01, 0x00, 0x02, 0x01,
    0xFC, 0x00, 0x18, 0x00, 0x28, 0x00, 0x50, 0x00, 0x90, 0x01, 0x10, 0x02, 0x18, 0x18, 0x0F, 0xC0,
    0x80, 0x06, 0x00, 0x18, 0x00, 0x60, 0x01, 0x80, 0x06, 0x00, 0x18, 0x00, 0x60, 0x01, 0xFF, 0xFE,
    0x00, 0x18, 0x00, 0x60, 0x01, 0x80, 0x06, 0x00, 0x18, 0x00, 0x60, 0x01, 0x80, 0x06, 0x00, 0x10,
    0xFF, 0xE0, 0x80, 0x10, 0x02, 0x00, 0x40, 0x08, 0x01, 0x00, 0x20, 0x04, 0x00, 0x80, 0x10, 0x02,
    0x00, 0x40, 0x08, 0x01, 0x00, 0x20, 0x04, 0x1F, 0xFC, 0x00, 0x40, 0x10, 0x04, 0x01, 0x00, 0x40,
    0x10, 0x04, 0x01, 0x00, 0x40, 0x10, 0x04, 0x01, 0x00, 0x40, 0x10, 0x04, 0x01, 0x80, 0x98, 0x63,
    0xF0, 0x80, 0x1A, 0x00, 0xC8, 0x06, 0x20, 0x30, 0x81, 0x82, 0x0C, 0x08, 0x40, 0x22, 0x80, 0x91,
    0x02, 0x84, 0x0C, 0x08, 0x20, 0x10, 0x80, 0x42, 0x00, 0x88, 0x01, 0x20, 0x04, 0x80, 0x0A, 0x00,
    0x10, 0x80, 0x10, 0x02, 0x00, 0x40, 0x08, 0x01, 0x00, 0x20, 0x04, 0x00, 0x80, 0x10, 0x02, 0x00,
    0x40, 0x08, 0x01, 0x00, 0x20, 0x04, 0x00, 0x80, 0x1F, 0xFC, 0xC0, 0x03, 0xC0, 0x03, 0xA0, 0x05,
    0xA0, 0x05, 0x90, 0x09, 0x90, 0x09, 0x90, 0x11, 0x88, 0x11, 0x88, 0x11, 0x84, 0x21, 0x84, 0x21,
    0x82, 0x41, 0x82, 0x41, 0x82, 0x41, 0x81, 0x81, 0x81, 0x81, 0x80, 0x01, 0x80, 0x01, 0x80, 0x07,
    0x00, 0x1A, 0x00, 0x6C, 0x01, 0x90, 0x06, 0x20, 0x18, 0x40, 0x61, 0x81, 0x82, 0x06, 0x04, 0x18,
    0x18, 0x60, 0x21, 0x80, 0x46, 0x00, 0x98, 0x02, 0x60, 0x05, 0x80, 0x0E, 0x00, 0x30, 0x07, 0xF0,
    0x06, 0x0C, 0x0C, 0x01, 0x84, 0x00, 0x44, 0x00, 0x12, 0x00, 0x0A, 0x00, 0x03, 0x00, 0x01, 0x80,
    0x00, 0xC0, 0x00, 0x60, 0x00, 0x30, 0x00, 0x18, 0x00, 0x0A, 0x00, 0x09, 0x00, 0x04, 0x40, 0x04,
    0x30, 0x06, 0x06, 0x0C, 0x01, 0xF8, 0x00, 0xFF, 0xC4, 0x03, 0xA0, 0x05, 0x00, 0x18, 0x00, 0xC0,
    0x06, 0x00, 0x30, 0x02, 0x80, 0x67, 0xFC, 0x20, 0x01, 0x00, 0x08, 0x00, 0x40, 0x02, 0x00, 0x10,
    0x00, 0x80, 0x04, 0x00, 0x00, 0x07, 0xE0, 0x06, 0x0C, 0x0C, 0x01, 0x84, 0x00, 0x44, 0x00, 0x12,
    0x00, 0x0A, 0x00, 0x03, 0x00, 0x01, 0x80, 0x00, 0xC0, 0x00, 0x60, 0x00, 0x30, 0x00, 0x18, 0x00,
    0x0A, 0x00, 0x09, 0x00, 0x04, 0x40, 0x04, 0x30, 0x06, 0x0E, 0x0E, 0x01, 0xFC, 0x00, 0x10, 0x00,
    0x04, 0x00, 0x01, 0x80, 0x00, 0x7E, 0xFF, 0xC4, 0x03, 0xA0, 0x05, 0x00, 0x18, 0x00, 0xC0, 0x06,
    0x00, 0x30, 0x02, 0x80, 0x67, 0xFE, 0x20, 0xC1, 0x02, 0x08, 0x08, 0x40, 0x22, 0x01, 0x90, 0x04,
    0x80, 0x14, 0x00, 0x40, 0x0F, 0xC0, 0xC0, 0xC2, 0x00, 0x90, 0x00, 0x40, 0x01, 0x00, 0x02, 0x00,
    0x04, 0x00, 0x0E, 0x00, 0x07, 0x00, 0x03, 0x00, 0x02, 0x00, 0x04, 0x00, 0x10, 0x00, 0x60, 0x01,
    0xC0, 0x08, 0xC0, 0xC0, 0xFE, 0x00, 0xFF, 0xFE, 0x02, 0x00, 0x04, 0x00, 0x08, 0x00, 0x10, 0x00,
    0x20, 0x00, 0x40, 0x00, 0x80, 0x01, 0x00, 0x02, 0x00, 0x04, 0x00, 0x08, 0x00, 0x10, 0x00, 0x20,
    0x00, 0x40, 0x00, 0x80, 0x01, 0x00, 0x02, 0x00, 0x80, 0x06, 0x00, 0x18, 0x00, 0x60, 0x01, 0x80,
    0x06, 0x00, 0x18, 0x00, 0x60, 0x01, 0x80, 0x06, 0x00, 0x18, 0x00, 0x60, 0x01, 0x80, 0x06, 0x00,
    0x18, 0x00, 0x50, 0x02, 0x60, 0x18, 0xC0, 0xC0, 0xFC, 0x00, 0x80, 0x02, 0x80, 0x09, 0x00, 0x12,
    0x00, 0x22, 0x00, 0x84, 0x01, 0x04, 0x04, 0x08, 0x08, 0x10, 0x10, 0x10, 0x40, 0x20, 0x80, 0x41,
    0x00, 0x44, 0x00, 0x88, 0x00, 0xA0, 0x01, 0x40, 0x02, 0x80, 0x02, 0x00, 0x80, 0x10, 0x02, 0x80,
    0x50, 0x09, 0x00, 0xA0, 0x12, 0x01, 0x40, 0x24, 0x04, 0x40, 0x44, 0x08, 0x81, 0x08, 0x11, 0x02,
    0x10, 0x41, 0x04, 0x20, 0x82, 0x10, 0x21, 0x04, 0x20, 0x42, 0x08, 0x40, 0x88, 0x08, 0x80, 0x90,
    0x12, 0x01, 0x20, 0x24, 0x02, 0x80, 0x28, 0x05, 0x00, 0x50, 0x06, 0x00, 0xC0, 0x08, 0x00, 0x80,
    0x80, 0x0A, 0x00, 0x88, 0x08, 0x40, 0x41, 0x04, 0x04, 0x40, 0x22, 0x00, 0xA0, 0x02, 0x00, 0x28,
    0x01, 0x40, 0x11, 0x01, 0x04, 0x08, 0x20, 0x80, 0x88, 0x02, 0x40, 0x14, 0x00, 0x40, 0x80, 0x0A,
    0x00, 0x90, 0x04, 0x40, 0x42, 0x02, 0x08, 0x20, 0x22, 0x01, 0x10, 0x05, 0x00, 0x28, 0x00, 0x80,
    0x04, 0x00, 0x20, 0x01, 0x00, 0x08, 0x00, 0x40, 0x02, 0x00, 0x10, 0x00, 0x7F, 0xFC, 0x00, 0x20,
    0x01, 0x00, 0x04, 0x00, 0x20, 0x01, 0x00, 0x08, 0x00, 0x40, 0x01, 0x00, 0x08, 0x00, 0x40, 0x02,
    0x00, 0x08, 0x00, 0x40, 0x02, 0x00, 0x10, 0x00, 0x40, 0x03, 0xFF, 0xF0, 0xFF, 0x02, 0x04, 0x08,
    0x10, 0x20, 0x40, 0x81, 0x02, 0x04, 0x08, 0x10, 0x20, 0x40, 0x81, 0x02, 0x04, 0x08, 0x10, 0x3F,
    0x80, 0x80, 0x00, 0x00, 0x80, 0x00, 0x00, 0x80, 0x00, 0x00, 0x80, 0x00, 0x00, 0x80, 0x00, 0x00,
    0x80, 0x00, 0x00, 0x80, 0x00, 0x00, 0x80, 0x00, 0x00, 0x80, 0x00, 0x00, 0x80, 0x00, 0x00, 0x80,
    0x00, 0x00, 0x80, 0x00, 0x00, 0x80, 0x00, 0x00, 0x80, 0x00, 0x00, 0x80, 0x00, 0x00, 0x80, 0x00,
    0x00, 0x80, 0x00, 0x00, 0x80, 0x00, 0x00, 0x80, 0x00, 0x00, 0x80, 0x00, 0x00, 0x80, 0x00, 0x00,
    0x80, 0x00, 0x00, 0x80, 0xFE, 0x04, 0x08, 0x10, 0x20, 0x40, 0x81, 0x02, 0x04, 0x08, 0x10, 0x20,
    0x40, 0x81, 0x02, 0x04, 0x08, 0x10, 0x20, 0x7F, 0x80, 0x10, 0x59, 0x18, 0xFF, 0xFF, 0xFF, 0x80,
    0xC3, 0x08, 0x20, 0x0F, 0x86, 0x19, 0x01, 0x80, 0x10, 0x02, 0x00, 0xC3, 0xE9, 0x81, 0x40, 0x30,
    0x06, 0x00, 0xC0, 0x34, 0x1A, 0x7C, 0x40, 0x80, 0x04, 0x00, 0x20, 0x01, 0x00, 0x08, 0x00, 0x40,
    0x02, 0x3F, 0x16, 0x0C, 0xC0, 0x14, 0x00, 0xA0, 0x03, 0x00, 0x18, 0x00, 0xC0, 0x06, 0x00, 0x30,
    0x03, 0x80, 0x14, 0x01, 0x38, 0x11, 0x3F, 0x00, 0x0F, 0xC3, 0x86, 0x60, 0x14, 0x00, 0xC0, 0x08,
    0x00, 0x80, 0x08, 0x00, 0x80, 0x08, 0x00, 0x40, 0x06, 0x01, 0x30, 0x20, 0xFC, 0x00, 0x08, 0x00,
    0x40, 0x02, 0x00, 0x10, 0x00, 0x80, 0x04, 0x3F, 0x23, 0x07, 0x60, 0x0A, 0x00, 0x70, 0x03, 0x00,
    0x18, 0x00, 0xC0, 0x06, 0x00, 0x30, 0x01, 0x40, 0x0B, 0x00, 0xCC, 0x1A, 0x1F, 0x10, 0x0F, 0x80,
    0xC3, 0x08, 0x04, 0x80, 0x2C, 0x00, 0xC0, 0x06, 0x00, 0x3F, 0xFF, 0x80, 0x04, 0x00, 0x10, 0x00,
    0xC0, 0x01, 0x03, 0x07, 0xE0, 0x03, 0xE0, 0x61, 0x08, 0x00, 0x80, 0x08, 0x00, 0x80, 0x08, 0x0F,
    0xFE, 0x08, 0x00, 0x80, 0x08, 0x00, 0x80, 0x08, 0x00, 0x80, 0x08, 0x00, 0x80, 0x08, 0x00, 0x80,
    0x08, 0x00, 0x80, 0x1F, 0xF9, 0x02, 0x10, 0x18, 0x80, 0x44, 0x02, 0x20, 0x10, 0x81, 0x86, 0x18,
    0x2F, 0x02, 0x00, 0x10, 0x00, 0xC0, 0x03, 0xFF, 0x20, 0x0E, 0x00, 0x30, 0x01, 0x80, 0x13, 0x03,
    0x07, 0xE0, 0x80, 0x10, 0x02, 0x00, 0x40, 0x08, 0x01, 0x00, 0x20, 0x84, 0xCE, 0xE0, 0x50, 0x06,
    0x00, 0xC0, 0x18, 0x03, 0x00, 0x60, 0x0C, 0x01, 0x80, 0x30, 0x06, 0x00, 0xC0, 0x10, 0xFC, 0x00,
    0x12, 0x49, 0x24, 0x92, 0x49, 0x00, 0x01, 0xC0, 0x70, 0x00, 0x00, 0x00, 0x00, 0x20, 0x08, 0x02,
    0x00, 0x80, 0x20, 0x08, 0x02, 0x00, 0x80, 0x20, 0x08, 0x02, 0x00, 0x80, 0x20, 0x08, 0x02, 0x00,
    0x80, 0x20, 0x18, 0x0C, 0x7E, 0x00, 0x80, 0x10, 0x02, 0x00, 0x40, 0x08, 0x01, 0x00, 0x20, 0x04,
    0x02, 0x80, 0x90, 0x22, 0x08, 0x42, 0x08, 0xC1, 0x28, 0x28, 0x86, 0x08, 0x81, 0x10, 0x12, 0x01,
    0x40, 0x10, 0x81, 0x02, 0x04, 0x08, 0x10, 0x20, 0x40, 0x81, 0x02, 0x04, 0x08, 0x10, 0x20, 0x40,
    0x81, 0x01, 0x09, 0xE0, 0x9F, 0x87, 0xE5, 0x02, 0x40, 0xB0, 0x0C, 0x03, 0x00, 0x40, 0x18, 0x02,
    0x00, 0xC0, 0x10, 0x06, 0x00, 0x80, 0x30, 0x04, 0x01, 0x80, 0x20, 0x0C, 0x01, 0x00, 0x60, 0x08,
    0x03, 0x00, 0x40, 0x18, 0x02, 0x00, 0x80, 0x9F, 0x94, 0x0B, 0x00, 0xC0, 0x18, 0x03, 0x00, 0x60,
    0x0C, 0x01, 0x80, 0x30, 0x06, 0x00, 0xC0, 0x18, 0x02, 0x0F, 0xC0, 0xE1, 0xC6, 0x01, 0x90, 0x02,
    0xC0, 0x0E, 0x00, 0x18, 0x00, 0x60, 0x01, 0x80, 0x06, 0x00, 0x14, 0x00, 0x98, 0x06, 0x30, 0x30,
    0x3F, 0x00, 0x9F, 0xC7, 0x01, 0x20, 0x05, 0x00, 0x18, 0x00, 0xC0, 0x06, 0x00, 0x30, 0x01, 0x80,
    0x0C, 0x00, 0xA0, 0x05, 0x80, 0xCB, 0xF8, 0x40, 0x02, 0x00, 0x10, 0x00, 0x80, 0x04, 0x00, 0x20,
    0x00, 0x0F, 0xE9, 0x80, 0xD0, 0x02, 0x80, 0x18, 0x00, 0xC0, 0x06, 0x00, 0x30, 0x01, 0x80, 0x0E,
    0x00, 0x50, 0x02, 0x40, 0x71, 0xDC, 0x81, 0x04, 0x00, 0x20, 0x01, 0x00, 0x08, 0x00, 0x40, 0x02,
    0x8F, 0xE4, 0x0A, 0x03, 0x00, 0x80, 0x20, 0x08, 0x02, 0x00, 0x80, 0x20, 0x08, 0x02, 0x00, 0x80,
    0x00, 0x1F, 0x82, 0x06, 0x40, 0x04, 0x00, 0x40, 0x03, 0x00, 0x0E, 0x00, 0x1C, 0x00, 0x20, 0x01,
    0x00, 0x18, 0x01, 0x60, 0x61, 0xFC, 0x08, 0x00, 0x40, 0x02, 0x00, 0x10, 0x0F, 0xFF, 0x04, 0x00,
    0x20, 0x01, 0x00, 0x08, 0x00, 0x40, 0x02, 0x00, 0x10, 0x00, 0x80, 0x04, 0x00, 0x20, 0x00, 0x80,
    0x03, 0xF0, 0x80, 0x30, 0x06, 0x00, 0xC0, 0x18, 0x03, 0x00, 0x60, 0x0C, 0x01, 0x80, 0x30, 0x06,
    0x00, 0xE0, 0x36, 0x1A, 0x7C, 0x40, 0x80, 0x0A, 0x00, 0x90, 0x04, 0x40, 0x42, 0x02, 0x08, 0x20,
    0x41, 0x02, 0x10, 0x08, 0x80, 0x44, 0x01, 0x40, 0x0A, 0x00, 0x20, 0x00, 0x40, 0x20, 0x12, 0x02,
    0x80, 0x90, 0x14, 0x04, 0x41, 0x20, 0x42, 0x08, 0x82, 0x10, 0x44, 0x10, 0x44, 0x21, 0x02, 0x20,
    0x88, 0x11, 0x04, 0x40, 0x50, 0x24, 0x02, 0x80, 0xA0, 0x14, 0x06, 0x00, 0x40, 0x10, 0x00, 0x40,
    0x48, 0x08, 0x82, 0x08, 0x80, 0xA0, 0x14, 0x01, 0x00, 0x50, 0x11, 0x04, 0x10, 0x82, 0x20, 0x28,
    0x02, 0x40, 0x0A, 0x00, 0x90, 0x04, 0x40, 0x42, 0x02, 0x08, 0x10, 0x41, 0x01, 0x08, 0x08, 0x80,
    0x24, 0x01, 0x20, 0x06, 0x00, 0x30, 0x01, 0x00, 0x08, 0x00, 0x80, 0x04, 0x00, 0x40, 0x3C, 0x00,
    0x7F, 0xF0, 0x02, 0x00, 0x40, 0x08, 0x01, 0x00, 0x20, 0x04, 0x00, 0x80, 0x08, 0x01, 0x00, 0x20,
    0x04, 0x00, 0xFF, 0xF0, 0x1C, 0xC2, 0x08, 0x20, 0x82, 0x08, 0x20, 0x82, 0x18, 0xC1, 0x82, 0x08,
    0x20, 0x82, 0x08, 0x20, 0x82, 0x0C, 0x1C, 0xFF, 0xFF, 0xFF, 0x80, 0xE0, 0xC1, 0x04, 0x10, 0x41,
    0x04, 0x10, 0x41, 0x06, 0x04, 0x61, 0x04, 0x10, 0x41, 0x04, 0x10, 0x41, 0x0C, 0xE0, 0x0F, 0x80,
    0x00, 0x60, 0xC0, 0x05, 0x00, 0x40, 0x14, 0x00, 0x60, 0xC0, 0x00, 0x3E, 0x00, 0x09, 0x09, 0x08,
    0x84, 0x84, 0x42, 0x41, 0x21, 0x10, 0x90, 0x48, 0x24, 0x12, 0x09, 0x04, 0x82, 0x41, 0x30, 0x48,
    0x24, 0x11, 0x04, 0x82, 0x20, 0x90, 0x24, 0x48, 0x12, 0x08, 0x82, 0x41, 0x10, 0x48, 0x24, 0x11,
    0x04, 0x82, 0x41, 0x20, 0x90, 0x48, 0x24, 0x12, 0x11, 0x09, 0x04, 0x84, 0x42, 0x42, 0x22, 0x21,
    0x20, 0x38, 0x8A, 0x0C, 0x18, 0x30, 0x51, 0x1C, 0xFF, 0x80, 0x80, 0x80, 0x80, 0x80, 0x80, 0x80,
    0x80, 0x80, 0x80, 0x80, 0x80, 0x80, 0x80, 0x80, 0x80, 0x01, 0x01, 0x01, 0x01, 0x01, 0x01, 0x01,
    0x01, 0x01, 0x01, 0x01, 0x01, 0x01, 0x01, 0x01, 0x01, 0xFF, 0x81, 0x02, 0x04, 0x08, 0x10, 0x6F,
    0x60, 0xFF, 0xFC, 0x00, 0x10, 0x00, 0x40, 0x01, 0x00, 0x04, 0x00, 0x10, 0x00, 0x40, 0x01, 0x00,
    0x04, 0x00, 0x10, 0x00, 0x40, 0xFE, 0x7F, 0x02, 0x01, 0x02, 0x01, 0x02, 0x01, 0x02, 0x01, 0x02,
    0x01, 0x02, 0x01, 0x02, 0x01, 0x02, 0x01, 0x02, 0x01, 0x02, 0x01, 0xFE, 0x08, 0x01, 0x04, 0x00,
    0x82, 0x00, 0x41, 0x00, 0x20, 0x80, 0x10, 0x40, 0x08, 0x70, 0x04, 0x28, 0x02, 0x16, 0x01, 0x11,
    0x00, 0x90, 0x60, 0x00, 0x00, 0x80, 0x02, 0x00, 0x08, 0x00, 0x20, 0x00, 0x80, 0x02, 0x00, 0x08,
    0x00, 0x20, 0x00, 0x80, 0x02, 0x00, 0x0F, 0xFF, 0xC0, 0x83, 0xFF, 0x07, 0xFE, 0x00, 0x84, 0x01,
    0x08, 0x02, 0x10, 0x04, 0x20, 0x08, 0x40, 0x38, 0x80, 0x51, 0x00, 0xB2, 0x12, 0x27, 0xC8, 0x30,
    0x00, 0x20, 0x00, 0x22, 0x00, 0x88, 0x3F, 0xE0, 0x00, 0x80, 0x72, 0x02, 0x28, 0x10, 0x60, 0x41,
    0x81, 0x06, 0x04, 0x18, 0xC8, 0xBC, 0x1C, 0xFF, 0xFA, 0x00, 0x08, 0x00, 0x20, 0x00, 0x80, 0x02,
    0x00, 0x08, 0x00, 0x20, 0x00, 0x80, 0x02, 0x00, 0x0F, 0xFF, 0xC0, 0xFF, 0xFE, 0x04, 0x08, 0x10,
    0x20, 0x40, 0x81, 0x02, 0x04, 0x08, 0x10, 0x20, 0x40, 0x81, 0x02, 0x0C, 0x0F, 0xDF, 0xC0, 0xFF,
    0xFC, 0x00, 0x10, 0x00, 0x40, 0x01, 0x00, 0x07, 0xFF, 0xF8, 0x00, 0x20, 0x00, 0x80, 0x02, 0x00,
    0x08, 0x00, 0x3F, 0xFF, 0xFE, 0xFE, 0x04, 0x04, 0x08, 0x08, 0x10, 0x10, 0x20, 0x3F, 0xC0, 0x60,
    0x00, 0xC0, 0x01, 0x80, 0x03, 0x00, 0x07, 0xFC, 0x08, 0xFE, 0xFE, 0x05, 0x04, 0x0A, 0x08, 0x14,
    0x10, 0x28, 0x3F, 0xD0, 0x60, 0x20, 0xC0, 0x41, 0x80, 0x83, 0x01, 0x06, 0x02, 0x0F, 0xF7, 0xF0,
    0xFE, 0x82, 0x05, 0x04, 0x0A, 0x08, 0x14, 0x10, 0x2F, 0xFF, 0xD0, 0x60, 0x20, 0xC0, 0x41, 0x80,
    0x83, 0x01, 0x06, 0x06, 0x0F, 0xF7, 0xF0, 0xFE, 0x10, 0x02, 0x10, 0x02, 0x10, 0x02, 0x10, 0x02,
    0x10, 0xFE, 0x10, 0x80, 0x10, 0x80, 0x28, 0x80, 0x2C, 0x80, 0x44, 0xFC, 0x83, 0xFE, 0xFE, 0x05,
    0x00, 0x0A, 0x00, 0x14, 0x00, 0x28, 0x1F, 0xDF, 0xE0, 0x20, 0x40, 0x40, 0x80, 0x81, 0x01, 0x03,
    0xFB, 0xF8, 0xFE, 0xFE, 0x02, 0x44, 0x02, 0x44, 0x02, 0x44, 0x02, 0x44, 0xFE, 0x44, 0x80, 0x44,
    0x80, 0x44, 0x80, 0x44, 0x80, 0x44, 0xFF, 0xFF, 0x00, 0x23, 0xF0, 0x80, 0x42, 0x01, 0xFF, 0x07,
    0xFC, 0x10, 0x8F, 0xC8, 0xA0, 0x41, 0x81, 0x06, 0x04, 0x18, 0x10, 0x61, 0xA2, 0x78, 0x70, 0xFF,
    0xFE, 0x00, 0x18, 0x00, 0x60, 0x01, 0x80, 0x06, 0x00, 0x18, 0x00, 0x60, 0x01, 0x80, 0x06, 0x00,
    0x18, 0x00, 0x7F, 0xFF, 0x80, 0x06, 0x00, 0x18, 0x00, 0x60, 0x01, 0xFF, 0xFE, 0x00, 0x18, 0x00,
    0x60, 0x01, 0x80, 0x06, 0x00, 0x18, 0x00, 0x7F, 0xFF, 0x82, 0x86, 0x0A, 0x18, 0x28, 0x60, 0xA1,
    0x82, 0x87, 0xFB, 0xF8, 0x28, 0x60, 0xA1, 0x82, 0x86, 0x0A, 0x18, 0x28, 0x7F, 0xBF, 0x82, 0x10,
    0x82, 0x10, 0x82, 0x10, 0x82, 0x10, 0x82, 0x10, 0xFE, 0x10, 0x82, 0x10, 0x82, 0x38, 0x82, 0x28,
    0x82, 0x64, 0x82, 0x46, 0xFF, 0x81, 0x01, 0x00, 0x02, 0x00, 0x04, 0x00, 0x08, 0x00, 0x10, 0x00,
    0x20, 0x00, 0xA0, 0x01, 0x40, 0x04, 0x40, 0x30, 0x61, 0x80, 0x34, 0x00, 0x10, 0x08, 0x08, 0x04,
    0x04, 0x02, 0x02, 0x01, 0x01, 0x00, 0x80, 0x80, 0x40, 0x40, 0x20, 0x20, 0x28, 0x28, 0x34, 0x16,
    0x11, 0x11, 0x30, 0x50, 0x60, 0x10, 0x00, 0x0F, 0xC0, 0xC0, 0xC6, 0x01, 0x90, 0x02, 0x80, 0x06,
    0x00, 0x18, 0x00, 0x60, 0x01, 0x40, 0x09, 0x80, 0x63, 0x03, 0x03, 0xF0, 0x7F, 0xFC, 0x02, 0x00,
    0x04, 0x00, 0x08, 0x00, 0x10, 0x00, 0x20, 0x00, 0xA0, 0x03, 0x60, 0x04, 0x40, 0x30, 0x60, 0x80,
    0x22, 0x00, 0x30, 0x7F, 0x7F, 0x04, 0x04, 0x02, 0x02, 0x01, 0x01, 0x00, 0x80, 0x80, 0x40, 0x40,
    0x20, 0x20, 0x28, 0x28, 0x14, 0x14, 0x11, 0x11, 0x10, 0xD8, 0x40, 0x10, 0x00, 0x01, 0x00, 0x02,
    0x00, 0x04, 0x03, 0xFF, 0xE7, 0xFF, 0xC0, 0x20, 0x00, 0x40, 0x00, 0x80, 0x02, 0x80, 0x05, 0x00,
    0x11, 0x00, 0x41, 0x01, 0x01, 0x0C, 0x01, 0x80, 0xFF, 0xFC, 0x00, 0x10, 0x00, 0x40, 0x01, 0x00,
    0x07, 0xFF, 0xF0, 0x00, 0x40, 0x01, 0x00, 0x04, 0x00, 0x10, 0x00, 0x40, 0xFF, 0xFE, 0x00, 0x08,
    0x00, 0x20, 0x00, 0x80, 0x03, 0xFF, 0xE8, 0x00, 0x20, 0x00, 0x80, 0x02, 0x00, 0x0F, 0xFF, 0xC0,
    0xFF, 0xFF, 0xFF, 0xFC, 0x20, 0x80, 0x41, 0x00, 0x82, 0x01, 0x04, 0x02, 0x08, 0x04, 0x10, 0x08,
    0x20, 0x10, 0x40, 0x20, 0x87, 0xFF, 0xF0, 0x01, 0x00, 0x02, 0x00, 0x04, 0x07, 0xFF, 0xF0, 0x00,
    0x00, 0x00, 0x03, 0xF0, 0x0C, 0x30, 0x30, 0x30, 0x40, 0x20, 0x80, 0x41, 0x81, 0x81, 0x86, 0x01,
    0xF8, 0x00, 0xC0, 0xC0, 0xC0, 0xC0, 0xC0, 0xC0, 0xC0, 0xC0, 0xC0, 0xFF, 0xC0, 0xC0, 0xC0, 0xC0,
    0xC0, 0xC0, 0xC0, 0xC0, 0xC0, 0xC0, 0xC0, 0xC0, 0x86, 0x18, 0x61, 0x86, 0x18, 0x61, 0x87, 0xF8,
    0x61, 0x86, 0x18, 0x61, 0x86, 0x18, 0x61, 0x84, 0x10, 0x81, 0x02, 0x04, 0x08, 0x10, 0x20, 0x7F,
    0x81, 0x02, 0x04, 0x08, 0x1F, 0xE0, 0x40, 0x81, 0x02, 0x04, 0x08, 0x10, 0x00, 0x86, 0x18, 0x61,
    0x86, 0x18, 0x7F, 0x86, 0x18, 0x61, 0x87, 0xF8, 0x61, 0x86, 0x18, 0x61, 0x84, 0x10, 0x02, 0x04,
    0x08, 0x10, 0x20, 0x40, 0x81, 0x03, 0xFC, 0x08, 0x10, 0x20, 0x40, 0x81, 0x02, 0x04, 0x08, 0x10,
    0x20, 0x40, 0x04, 0x01, 0x10, 0x44, 0x11, 0x04, 0x41, 0x10, 0x44, 0x11, 0x04, 0x7F, 0x10, 0x44,
    0x11, 0x04, 0x41, 0x10, 0x44, 0x11, 0x04, 0x41, 0x10, 0x44, 0x11, 0x04, 0x40, 0x10, 0x02, 0x04,
    0x08, 0x10, 0x20, 0x40, 0xFF, 0x02, 0x04, 0x08, 0x1F, 0xE0, 0x40, 0x81, 0x02, 0x04, 0x08, 0x10,
    0x20, 0x40, 0x04, 0x01, 0x10, 0x44, 0x11, 0x04, 0x41, 0x1F, 0xC4, 0x11, 0x04, 0x41, 0x10, 0x44,
    0x11, 0xFC, 0x41, 0x10, 0x44, 0x11, 0x04, 0x41, 0x10, 0x44, 0x11, 0x04, 0x40, 0x10, 0x00, 0x40,
    0x00, 0x04, 0x00, 0x00, 0x40, 0x00, 0x04, 0x00, 0x00, 0x40, 0x00, 0x04, 0x00, 0x00, 0x40, 0x00,
    0x04, 0x00, 0x00, 0x40, 0x00, 0x04, 0x00, 0xFF, 0xFF, 0xF0, 0x00, 0x00, 0x80, 0x00, 0x04, 0x00,
    0x00, 0x20, 0x00, 0x01, 0x00, 0x00, 0x08, 0x00, 0x00, 0x40, 0x04, 0x02, 0x00, 0x20, 0x10, 0x01,
    0x00, 0x80, 0x08, 0x07, 0xC0, 0x40, 0x20, 0x02, 0x01, 0x00, 0x10, 0x08, 0x00, 0x80, 0x41, 0xFF,
    0xF2, 0x00, 0x00, 0x10, 0x00, 0x00, 0x80, 0x00, 0x04, 0x00, 0x00, 0x20, 0x00, 0x01, 0x00, 0x00,
    0x08, 0x00, 0x00, 0x40, 0x00, 0x18, 0x80, 0x0C, 0x40, 0x06, 0x20, 0x03, 0x10, 0x01, 0x88, 0x00,
    0xC4, 0x10, 0x62, 0x08, 0x31, 0x04, 0x18, 0x82, 0x0F, 0xC1, 0x06, 0x20, 0x83, 0x10, 0x41, 0x88,
    0x20, 0xC7, 0xFF, 0xE2, 0x00, 0x31, 0x00, 0x18, 0x80, 0x0C, 0x40, 0x06, 0x20, 0x03, 0x10, 0x01,
    0x88, 0x00, 0x04, 0x00, 0x01, 0x00, 0x01, 0x00, 0x01, 0x00, 0x01, 0x00, 0x01, 0x00, 0x01, 0x02,
    0x01, 0x02, 0x01, 0x02, 0x01, 0x02, 0x01, 0x02, 0x01, 0x02, 0x01, 0x02, 0x01, 0xFF, 0xF9, 0xF8,
    0x01, 0x00, 0x01, 0x00, 0x01, 0x00, 0x01, 0x00, 0x01, 0x00, 0x01, 0x00, 0x01, 0x02, 0x04, 0x00,
    0x20, 0x40, 0x02, 0x04, 0x00, 0x20, 0x40, 0x02, 0x04, 0x00, 0x20, 0x40, 0x02, 0x04, 0x00, 0x20,
    0x40, 0x02, 0x04, 0x00, 0x20, 0x40, 0x02, 0x04, 0x0F, 0xFF, 0xFF, 0xFF, 0xFF, 0xF0, 0x04, 0x00,
    0x00, 0x40, 0x00, 0x04, 0x00, 0x00, 0x40, 0x00, 0x04, 0x00, 0x00, 0x40, 0x00, 0x04, 0x00, 0x00,
    0x40, 0x00, 0x04, 0x00, 0x00, 0x40, 0x00, 0x00, 0x00, 0x80, 0x00, 0x40, 0x00, 0x20, 0x00, 0x10,
    0x00, 0x08, 0x00, 0x04, 0x00, 0x02, 0x00, 0x01, 0x00, 0x00, 0x80, 0x1E, 0x7F, 0xFE, 0x20, 0x40,
    0x10, 0x20, 0x08, 0x10, 0x04, 0x08, 0xFE, 0x04, 0x01, 0x02, 0x00, 0x81, 0x00, 0x40, 0x80, 0x20,
    0x40, 0x10, 0x00, 0x08, 0x00, 0x04, 0x00, 0x04, 0x40, 0x01, 0x10, 0x00, 0x44, 0x00, 0x11, 0x00,
    0x04, 0x40, 0x01, 0x10, 0x00, 0x44, 0x00, 0x11, 0x00, 0x74, 0x7F, 0xE1, 0x10, 0x40, 0x44, 0x10,
    0x11, 0x04, 0x04, 0x41, 0x3F, 0x10, 0x40, 0x44, 0x10, 0x11, 0x04, 0x04, 0x41, 0x01, 0x10, 0x40,
    0x44, 0x00, 0x11, 0x00, 0x04, 0x40, 0x00, 0x00, 0x80, 0x00, 0x40, 0x00, 0x20, 0x00, 0x10, 0x00,
    0x08, 0x00, 0x04, 0x00, 0x02, 0x00, 0x01, 0xFF, 0xFE, 0xFF, 0xFC, 0x40, 0x40, 0x20, 0x20, 0x10,
    0x10, 0x08, 0x08, 0x04, 0x04, 0x02, 0x02, 0x01, 0x01, 0x00, 0x80, 0x80, 0x40, 0x40, 0x20, 0x00,
    0x10, 0x00, 0x08, 0xFF, 0xFF, 0xF0, 0x20, 0x40, 0x02, 0x04, 0x00, 0x20, 0x40, 0x02, 0x04, 0x00,
    0x20, 0x40, 0x02, 0x04, 0x00, 0x20, 0x40, 0x02, 0x04, 0x00, 0x20, 0x40, 0x02, 0x04, 0x00, 0xFF,
    0xFF, 0xF0, 0x00, 0x00, 0x80, 0x00, 0x40, 0x00, 0x20, 0x00, 0x10, 0x00, 0x08, 0x00, 0x04, 0x00,
    0x02, 0x00, 0x01, 0x00, 0x00, 0x80, 0x00, 0x40, 0x00, 0x20, 0x00, 0x5F, 0xFF, 0x88, 0x00, 0x04,
    0x00, 0x02, 0x00, 0x01, 0x00, 0x00, 0x80, 0x00, 0x40, 0x00, 0x20, 0x00, 0x10, 0x00, 0x08, 0xFF,
    0xFF, 0xF8, 0x02, 0x00, 0x10, 0x00, 0x80, 0x1F, 0x83, 0xA2, 0x31, 0x09, 0x08, 0x10, 0x40, 0x82,
    0x04, 0x10, 0x20, 0x81, 0x04, 0x08, 0x20, 0x21, 0x01, 0x88, 0x46, 0x46, 0x0F, 0xC0, 0x10, 0x00,
    0x80, 0x04, 0x00, 0x07, 0xC0, 0xC1, 0x8C, 0x02, 0x40, 0x02, 0x00, 0x10, 0x00, 0x80, 0x04, 0x00,
    0x20, 0x07, 0xFF, 0x04, 0x00, 0x20, 0x01, 0x00, 0x08, 0x00, 0x40, 0x04, 0x00, 0x40, 0x07, 0xFF,
    0xC0, 0xFF, 0xFF, 0xE0, 0x00, 0x04, 0x00, 0x00, 0x80, 0x00, 0x10, 0x00, 0x02, 0x00, 0x00, 0x40,
    0x00, 0x08, 0x00, 0x01, 0xFF, 0xFF, 0xFF, 0x80, 0xFF, 0xC7, 0xFE, 0x40, 0x04, 0x40, 0x10, 0x80,
    0x20, 0x80, 0x80, 0x82, 0x01, 0x04, 0x01, 0x10, 0x01, 0x40, 0x02, 0x80, 0x7F, 0xF0, 0x04, 0x01,
    0xFF, 0xC0, 0x10, 0x00, 0x20, 0x00, 0x40, 0x00, 0x80, 0x01, 0x00, 0x40, 0x00, 0x24, 0x06, 0x02,
    0x20, 0x60, 0x42, 0x06, 0x04, 0x20, 0x90, 0x42, 0x09, 0x04, 0x10, 0x90, 0x41, 0x09, 0x08, 0xFF,
    0xFF, 0xF1, 0x10, 0x88, 0x11, 0x08, 0x80, 0x90, 0x88, 0x0A, 0x05, 0x00, 0xA0, 0x50, 0x0A, 0x05,
    0x00, 0xA0, 0x50, 0x06, 0x06, 0x00, 0x40, 0x20, 0xFF, 0xFF, 0xFF, 0xE0, 0x04, 0x00, 0x80, 0x08,
    0x01, 0x00, 0x20, 0x0F, 0xFF, 0x20, 0x01, 0x00, 0x18, 0x00, 0x80, 0x04, 0x00, 0x08, 0x04, 0x07,
    0x05, 0x42, 0xA2, 0x4A, 0x22, 0x10, 0x08, 0x04, 0x02, 0x01, 0x00, 0x80, 0x40, 0x20, 0x10, 0x08,
    0x04, 0x02, 0x01, 0x00, 0x80, 0x40, 0x20, 0x06, 0x00, 0x40, 0x04, 0x00, 0x40, 0x05, 0xFF, 0xC0,
    0x10, 0x04, 0x01, 0x00, 0x40, 0x18, 0x00, 0x08, 0x04, 0x02, 0x01, 0x00, 0x80, 0x40, 0x20, 0x10,
    0x08, 0x04, 0x02, 0x01, 0x00, 0x80, 0x40, 0x20, 0x10, 0x88, 0xA4, 0x8A, 0x85, 0x41, 0xC0, 0x40,
    0x20, 0xFF, 0xFF, 0xFF, 0xFF, 0xFF, 0xFF, 0xFF, 0xFF, 0xFF, 0xFF, 0x80, 0x3E, 0x31, 0xB0, 0x70,
    0x18, 0x0C, 0x07, 0x06, 0xC6, 0x3E, 0x00,
};

static const EpdGlyph ubuntu_12_boldGlyphs[] = {
    { 1, 1, 0, 0, 1, 1, 0 }, // U+0000
    { 1, 1, 0, 0, 1, 1, 1 }, // U+0008
    { 1, 1, 96, 0, 1, 1, 2 }, // U+0009
    { 1, 1, 96, 0, 1, 1, 3 }, // U+000D
    { 1, 1, 0, 0, 1, 1, 4 }, // U+001D
    { 1, 1, 96, 0, 1, 1, 5 }, // U+0020
    { 4, 17, 114, 2, 17, 9, 6 }, // !
    { 9, 7, 186, 1, 19, 8, 15 }, // "
    { 15, 17, 280, 1, 17, 32, 23 }, // #
    { 12, 23, 227, 1, 20, 35, 55 }, // $
    { 21, 17, 367, 1, 17, 45, 90 }, // %
    { 17, 17, 282, 1, 17, 37, 135 }, // &
    { 4, 7, 99, 1, 19, 4, 172 }, // '
    { 7, 25, 142, 2, 20, 22, 176 }, // (
    { 7, 25, 142, 0, 20, 22, 198 }, // )
    { 11, 10, 201, 1, 17, 14, 220 }, // *
    { 11, 11, 227, 1, 13, 16, 234 }, // +
    { 5, 8, 98, 0, 4, 5, 250 }, // ,
    { 7, 3, 136, 1, 9, 3, 255 }, // -
    { 5, 5, 98, 1, 5, 4, 258 }, // .
    { 13, 25, 175, -1, 20, 41, 262 }, // /
    { 12, 17, 227, 1, 17, 26, 303 }, // 0
    { 8, 17, 227, 2, 17, 17, 329 }, // 1
    { 12, 17, 227, 1, 17, 26, 346 }, // 2
    { 11, 17, 227, 1, 17, 24, 372 }, // 3
    { 12, 17, 227, 1, 17, 26, 396 }, // 4
    { 12, 17, 227, 1, 17, 26, 422 }, // 5
    { 12, 17, 227, 1, 17, 26, 448 }, // 6
    { 12, 17, 227, 1, 17, 26, 474 }, // 7
    { 12, 17, 227, 1, 17, 26, 500 }, // 8
    { 12, 17, 227, 1, 17, 26, 526 }, // 9
    { 5, 14, 98, 1, 14, 9, 552 }, // :
    { 6, 18, 98, 0, 14, 14, 561 }, // ;
    { 12, 13, 227, 1, 14, 20, 575 }, // <
    { 12, 8, 227, 1, 12, 12, 595 }, // =
    { 12, 13, 227, 1, 14, 20, 607 }, // >
    { 9, 19, 182, 1, 19, 22, 627 }, // ?
    { 22, 22, 390, 1, 18, 61, 649 }, // @
    { 17, 17, 288, 0, 17, 37, 710 }, // A
    { 14, 17, 269, 2, 17, 30, 747 }, // B
    { 14, 17, 259, 1, 17, 30, 777 }, // C
    { 15, 17, 295, 2, 17, 32, 807 }, // D
    { 12, 17, 242, 2, 17, 26, 839 }, // E
    { 11, 17, 230, 2, 17, 24, 865 }, // F
    { 15, 17, 281, 1, 17, 32, 889 }, // G
    { 14, 17, 294, 2, 17, 30, 921 }, // H
    { 4, 17, 126, 2, 17, 9, 951 }, // I
    { 11, 17, 212, 0, 17, 24, 960 }, // J
    { 15, 17, 274, 2, 17, 32, 984 }, // K
    { 11, 17, 225, 2, 17, 24, 1016 }, // L
    { 19, 17, 359, 2, 17, 41, 1040 }, // M
    { 15, 17, 302, 2, 17, 32, 1081 }, // N
    { 18, 17, 316, 1, 17, 39, 1113 }, // O
    { 13, 17, 258, 2, 17, 28, 1152 }, // P
    { 18, 22, 316, 1, 17, 50, 1180 }, // Q
    { 14, 17, 267, 2, 17, 30, 1230 }, // R
    { 13, 17, 233, 1, 17, 28, 1260 }, // S
    { 14, 17, 246, 1, 17, 30, 1288 }, // T
    { 14, 17, 283, 2, 17, 30, 1318 }, // U
    { 17, 17, 289, 0, 17, 37, 1348 }, // V
    { 23, 17, 379, 1, 17, 49, 1385 }, // W
    { 17, 17, 270, 0, 17, 37, 1434 }, // X
    { 16, 17, 264, 0, 17, 34, 1471 }, // Y
    { 13, 17, 244, 1, 17, 28, 1505 }, // Z
    { 7, 25, 148, 2, 20, 22, 1533 }, // [
    { 13, 25, 175, -1, 20, 41, 1555 }, // <backslash>
    { 7, 25, 148, 0, 20, 22, 1596 }, // ]
    { 13, 10, 227, 0, 17, 17, 1618 }, // ^
    { 13, 3, 200, 0, -2, 5, 1635 }, // _
    { 6, 6, 114, 1, 20, 5, 1640 }, // `
    { 11, 13, 221, 1, 13, 18, 1645 }, // a
    { 12, 19, 242, 2, 19, 29, 1663 }, // b
    { 11, 13, 200, 1, 13, 18, 1692 }, // c
    { 12, 19, 242, 1, 19, 29, 1710 }, // d
    { 13, 13, 234, 1, 13, 22, 1739 }, // e
    { 10, 19, 169, 2, 19, 24, 1761 }, // f
    { 12, 18, 238, 1, 13, 27, 1785 }, // g
    { 11, 19, 236, 2, 19, 27, 1812 }, // h
    { 4, 19, 116, 2, 19, 10, 1839 }, // i
    { 8, 24, 116, -3, 19, 24, 1849 }, // j
    { 12, 19, 232, 2, 19, 29, 1873 }, // k
    { 6, 19, 126, 2, 19, 15, 1902 }, // l
    { 18, 13, 345, 2, 13, 30, 1917 }, // m
    { 11, 13, 236, 2, 13, 18, 1947 }, // n
    { 13, 13, 243, 1, 13, 22, 1965 }, // o
    { 12, 18, 242, 2, 13, 27, 1987 }, // p
    { 13, 18, 242, 1, 13, 30, 2014 }, // q
    { 9, 13, 169, 2, 13, 15, 2044 }, // r
    { 10, 13, 194, 1, 13, 17, 2059 }, // s
    { 9, 17, 178, 2, 17, 20, 2076 }, // t
    { 11, 13, 236, 2, 13, 18, 2096 }, // u
    { 13, 13, 220, 0, 13, 22, 2114 }, // v
    { 19, 13, 314, 0, 13, 31, 2136 }, // w
    { 14, 13, 222, 0, 13, 23, 2167 }, // x
    { 13, 18, 219, 0, 13, 30, 2190 }, // y
    { 11, 13, 200, 1, 13, 18, 2220 }, // z
    { 9, 25, 148, 1, 20, 29, 2238 }, // {
    { 4, 25, 129, 2, 20, 13, 2267 }, // |
    { 9, 25, 148, 0, 20, 29, 2280 }, // }
    { 12, 5, 227, 1, 10, 8, 2309 }, // ~
    { 1, 1, 96, 0, 1, 1, 2317 }, // U+00A0
    { 4, 18, 114, 2, 13, 9, 2318 }, // U+00A1
    { 11, 18, 227, 1, 16, 25, 2327 }, // U+00A2
    { 11, 17, 227, 1, 17, 24, 2352 }, // U+00A3
    { 12, 12, 227, 1, 15, 18, 2376 }, // U+00A4
    { 14, 17, 227, 0, 17, 30, 2394 }, // U+00A5
    { 4, 25, 121, 2, 20, 13, 2424 }, // U+00A6
    { 11, 22, 206, 1, 17, 31, 2437 }, // U+00A7
    { 10, 4, 214, 2, 19, 5, 2468 }, // U+00A8
    { 18, 18, 318, 1, 18, 41, 2473 }, // U+00A9
    { 8, 10, 160, 1, 18, 10, 2514 }, // U+00AA
    { 14, 11, 239, 1, 13, 20, 2524 }, // U+00AB
    { 12, 9, 227, 1, 10, 14, 2544 }, // U+00AC
    { 7, 3, 136, 1, 9, 3, 2558 }, // U+00AD
    { 18, 18, 318, 1, 18, 41, 2561 }, // U+00AE
    { 8, 3, 150, 1, 19, 3, 2602 }, // U+00AF
    { 7, 7, 145, 1, 19, 7, 2605 }, // U+00B0
    { 11, 15, 227, 1, 15, 21, 2612 }, // U+00B1
    { 8, 10, 145, 0, 18, 10, 2633 }, // U+00B2
    { 8, 10, 145, 0, 18, 10, 2643 }, // U+00B3
    { 6, 6, 114, 0, 20, 5, 2653 }, // U+00B4
    { 11, 18, 238, 2, 13, 25, 2658 }, // U+00B5
    { 15, 23, 284, 1, 18, 44, 2683 }, // U+00B6
    { 5, 5, 98, 1, 10, 4, 2727 }, // U+00B7
    { 6, 7, 130, 1, 1, 6, 2731 }, // U+00B8
    { 6, 10, 145, 1, 18, 8, 2737 }, // U+00B9
    { 10, 10, 183, 1, 18, 13, 2745 }, // U+00BA
    { 14, 11, 239, 0, 13, 20, 2758 }, // U+00BB
    { 21, 18, 351, 1, 18, 48, 2778 }, // U+00BC
    { 20, 18, 351, 1, 18, 45, 2826 }, // U+00BD
    { 22, 18, 351, 0, 18, 50, 2871 }, // U+00BE
    { 9, 18, 182, 1, 13, 21, 2921 }, // U+00BF
    { 17, 24, 288, 0, 24, 51, 2942 }, // U+00C0
    { 17, 24, 288, 0, 24, 51, 2993 }, // U+00C1
    { 17, 23, 288, 0, 23, 49, 3044 }, // U+00C2
    { 17, 23, 288, 0, 23, 49, 3093 }, // U+00C3
    { 17, 23, 288, 0, 23, 49, 3142 }, // U+00C4
    { 17, 22, 288, 0, 22, 47, 3191 }, // U+00C5
    { 24, 17, 398, 0, 17, 51, 3238 }, // U+00C6
    { 14, 22, 259, 1, 17, 39, 3289 }, // U+00C7
    { 12, 24, 242, 2, 24, 36, 3328 }, // U+00C8
    { 12, 24, 242, 2, 24, 36, 3364 }, // U+00C9
    { 12, 23, 242, 2, 23, 35, 3400 }, // U+00CA
    { 12, 23, 242, 2, 23, 35, 3435 }, // U+00CB
    { 6, 24, 126, 0, 24, 18, 3470 }, // U+00CC
    { 6, 24, 126, 2, 24, 18, 3488 }, // U+00CD
    { 7, 23, 126, 1, 23, 21, 3506 }, // U+00CE
    { 10, 23, 126, -1, 23, 29, 3527 }, // U+00CF
    { 18, 17, 299, 0, 17, 39, 3556 }, // U+00D0
    { 15, 23, 302, 2, 23, 44, 3595 }, // U+00D1
    { 18, 24, 316, 1, 24, 54, 3639 }, // U+00D2
    { 18, 24, 316, 1, 24, 54, 3693 }, // U+00D3
    { 18, 23, 316, 1, 23, 52, 3747 }, // U+00D4
    { 18, 23, 316, 1, 23, 52, 3799 }, // U+00D5
    { 18, 23, 316, 1, 23, 52, 3851 }, // U+00D6
    { 10, 11, 227, 2, 13, 14, 3903 }, // U+00D7
    { 18, 19, 316, 1, 18, 43, 3917 }, // U+00D8
    { 14, 24, 283, 2, 24, 42, 3960 }, // U+00D9
    { 14, 24, 283, 2, 24, 42, 4002 }, // U+00DA
    { 14, 23, 283, 2, 23, 41, 4044 }, // U+00DB
    { 14, 23, 283, 2, 23, 41, 4085 }, // U+00DC
    { 16, 24, 264, 0, 24, 48, 4126 }, // U+00DD
    { 13, 17, 258, 2, 17, 28, 4174 }, // U+00DE
    { 13, 19, 264, 2, 19, 31, 4202 }, // U+00DF
    { 11, 20, 221, 1, 20, 28, 4233 }, // U+00E0
    { 11, 20, 221, 1, 20, 28, 4261 }, // U+00E1
    { 11, 19, 221, 1, 19, 27, 4289 }, // U+00E2
    { 11, 19, 221, 1, 19, 27, 4316 }, // U+00E3
    { 11, 19, 221, 1, 19, 27, 4343 }, // U+00E4
    { 11, 20, 221, 1, 20, 28, 4370 }, // U+00E5
    { 20, 13, 350, 1, 13, 33, 4398 }, // U+00E6
    { 11, 18, 200, 1, 13, 25, 4431 }, // U+00E7
    { 13, 20, 234, 1, 20, 33, 4456 }, // U+00E8
    { 13, 20, 234, 1, 20, 33, 4489 }, // U+00E9
    { 13, 19, 234, 1, 19, 31, 4522 }, // U+00EA
    { 13, 19, 234, 1, 19, 31, 4553 }, // U+00EB
    { 6, 20, 116, 1, 20, 15, 4584 }, // U+00EC
    { 6, 20, 116, 1, 20, 15, 4599 }, // U+00ED
    { 7, 19, 116, 1, 19, 17, 4614 }, // U+00EE
    { 10, 19, 116, -1, 19, 24, 4631 }, // U+00EF
    { 13, 19, 240, 1, 19, 31, 4655 }, // U+00F0
    { 11, 19, 236, 2, 19, 27, 4686 }, // U+00F1
    { 13, 20, 243, 1, 20, 33, 4713 }, // U+00F2
    { 13, 20, 243, 1, 20, 33, 4746 }, // U+00F3
    { 13, 19, 243, 1, 19, 31, 4779 }, // U+00F4
    { 13, 19, 243, 1, 19, 31, 4810 }, // U+00F5
    { 13, 19, 243, 1, 19, 31, 4841 }, // U+00F6
    { 12, 13, 227, 1, 13, 20, 4872 }, // U+00F7
    { 13, 15, 243, 1, 14, 25, 4892 }, // U+00F8
    { 11, 20, 236, 2, 20, 28, 4917 }, // U+00F9
    { 11, 20, 236, 2, 20, 28, 4945 }, // U+00FA
    { 11, 19, 236, 2, 19, 27, 4973 }, // U+00FB
    { 11, 19, 236, 2, 19, 27, 5000 }, // U+00FC
    { 13, 25, 219, 0, 20, 41, 5027 }, // U+00FD
    { 12, 24, 242, 2, 19, 36, 5068 }, // U+00FE
    { 13, 24, 219, 0, 19, 39, 5104 }, // U+00FF
    { 17, 23, 288, 0, 23, 49, 5143 }, // U+0100
    { 11, 19, 221, 1, 19, 27, 5192 }, // U+0101
    { 17, 23, 288, 0, 23, 49, 5219 }, // U+0102
    { 11, 19, 221, 1, 19, 27, 5268 }, // U+0103
    { 18, 23, 288, 0, 17, 52, 5295 }, // U+0104
    { 11, 19, 221, 1, 13, 27, 5347 }, // U+0105
    { 14, 24, 259, 1, 24, 42, 5374 }, // U+0106
    { 11, 20, 200, 1, 20, 28, 5416 }, // U+0107
    { 14, 23, 259, 1, 23, 41, 5444 }, // U+0108
    { 11, 19, 200, 1, 19, 27, 5485 }, // U+0109
    { 14, 23, 259, 1, 23, 41, 5512 }, // U+010A
    { 11, 19, 200, 1, 19, 27, 5553 }, // U+010B
    { 14, 24, 259, 1, 24, 42, 5580 }, // U+010C
    { 11, 20, 200, 1, 20, 28, 5622 }, // U+010D
    { 15, 24, 295, 2, 24, 45, 5650 }, // U+010E
    { 17, 19, 274, 1, 19, 41, 5695 }, // U+010F
    { 18, 17, 299, 0, 17, 39, 5736 }, // U+0110
    { 14, 19, 242, 1, 19, 34, 5775 }, // U+0111
    { 12, 23, 242, 2, 23, 35, 5809 }, // U+0112
    { 13, 19, 234, 1, 19, 31, 5844 }, // U+0113
    { 12, 23, 242, 2, 23, 35, 5875 }, // U+0114
    { 13, 19, 234, 1, 19, 31, 5910 }, // U+0115
    { 12, 23, 242, 2, 23, 35, 5941 }, // U+0116
    { 13, 19, 234, 1, 19, 31, 5976 }, // U+0117
    { 12, 23, 242, 2, 17, 35, 6007 }, // U+0118
    { 13, 18, 234, 1, 13, 30, 6042 }, // U+0119
    { 12, 24, 242, 2, 24, 36, 6072 }, // U+011A
    { 13, 20, 234, 1, 20, 33, 6108 }, // U+011B
    { 15, 23, 281, 1, 23, 44, 6141 }, // U+011C
    { 12, 24, 238, 1, 19, 36, 6185 }, // U+011D
    { 15, 23, 281, 1, 23, 44, 6221 }, // U+011E
    { 13, 24, 238, 1, 19, 39, 6265 }, // U+011F
    { 15, 23, 281, 1, 23, 44, 6304 }, // U+0120
    { 12, 24, 238, 1, 19, 36, 6348 }, // U+0121
    { 15, 22, 281, 1, 17, 42, 6384 }, // U+0122
    { 12, 25, 238, 1, 20, 38, 6426 }, // U+0123
    { 14, 23, 294, 2, 23, 41, 6464 }, // U+0124
    { 12, 25, 236, 1, 25, 38, 6505 }, // U+0125
    { 19, 17, 302, 0, 17, 41, 6543 }, // U+0126
    { 13, 19, 240, 0, 19, 31, 6584 }, // U+0127
    { 9, 23, 126, -1, 23, 26, 6615 }, // U+0128
    { 9, 19, 116, 0, 19, 22, 6641 }, // U+0129
    { 8, 23, 126, 0, 23, 23, 6663 }, // U+012A
    { 8, 19, 116, 0, 19, 19, 6686 }, // U+012B
    { 9, 23, 126, 0, 23, 26, 6705 }, // U+012C
    { 9, 19, 116, 0, 19, 22, 6731 }, // U+012D
    { 5, 23, 126, 1, 17, 15, 6753 }, // U+012E
    { 5, 25, 116, 1, 19, 16, 6768 }, // U+012F
    { 4, 23, 126, 2, 23, 12, 6784 }, // U+0130
    { 4, 13, 116, 2, 13, 7, 6796 }, // U+0131
    { 17, 17, 336, 2, 17, 37, 6803 }, // U+0132
    { 11, 24, 230, 2, 19, 33, 6840 }, // U+0133
    { 13, 23, 212, 0, 23, 38, 6873 }, // U+0134
    { 10, 24, 116, -3, 19, 30, 6911 }, // U+0135
    { 15, 22, 274, 2, 17, 42, 6941 }, // U+0136
    { 12, 24, 232, 2, 19, 36, 6983 }, // U+0137
    { 13, 13, 233, 2, 13, 22, 7019 }, // U+0138
    { 12, 24, 225, 1, 24, 36, 7041 }, // U+0139
    { 7, 24, 126, 1, 24, 21, 7077 }, // U+013A
    { 11, 22, 225, 2, 17, 31, 7098 }, // U+013B
    { 6, 24, 126, 2, 19, 18, 7129 }, // U+013C
    { 11, 17, 225, 2, 17, 24, 7147 }, // U+013D
    { 8, 19, 148, 2, 19, 19, 7171 }, // U+013E
    { 11, 17, 225, 2, 17, 24, 7190 }, // U+013F
    { 11, 19, 207, 2, 19, 27, 7214 }, // U+0140
    { 14, 17, 238, 0, 17, 30, 7241 }, // U+0141
    { 10, 19, 146, -1, 19, 24, 7271 }, // U+0142
    { 15, 24, 302, 2, 24, 45, 7295 }, // U+0143
    { 11, 20, 236, 2, 20, 28, 7340 }, // U+0144
    { 15, 22, 302, 2, 17, 42, 7368 }, // U+0145
    { 11, 18, 236, 2, 13, 25, 7410 }, // U+0146
    { 15, 24, 302, 2, 24, 45, 7435 }, // U+0147
    { 11, 20, 236, 2, 20, 28, 7480 }, // U+0148
    { 14, 19, 248, 0, 19, 34, 7508 }, // U+0149
    { 15, 22, 302, 2, 17, 42, 7542 }, // U+014A
    { 11, 18, 236, 2, 13, 25, 7584 }, // U+014B
    { 18, 23, 316, 1, 23, 52, 7609 }, // U+014C
    { 13, 19, 243, 1, 19, 31, 7661 }, // U+014D
    { 18, 23, 316, 1, 23, 52, 7692 }, // U+014E
    { 13, 19, 243, 1, 19, 31, 7744 }, // U+014F
    { 18, 24, 316, 1, 24, 54, 7775 }, // U+0150
    { 13, 20, 243, 1, 20, 33, 7829 }, // U+0151
    { 23, 17, 399, 1, 17, 49, 7862 }, // U+0152
    { 21, 13, 375, 1, 13, 35, 7911 }, // U+0153
    { 14, 24, 267, 2, 24, 42, 7946 }, // U+0154
    { 9, 20, 169, 2, 20, 23, 7988 }, // U+0155
    { 14, 22, 267, 2, 17, 39, 8011 }, // U+0156
    { 10, 18, 169, 1, 13, 23, 8050 }, // U+0157
    { 14, 24, 267, 2, 24, 42, 8073 }, // U+0158
    { 9, 20, 169, 2, 20, 23, 8115 }, // U+0159
    { 13, 24, 233, 1, 24, 39, 8138 }, // U+015A
    { 10, 20, 194, 1, 20, 25, 8177 }, // U+015B
    { 13, 23, 233, 1, 23, 38, 8202 }, // U+015C
    { 10, 19, 194, 1, 19, 24, 8240 }, // U+015D
    { 13, 22, 233, 1, 17, 36, 8264 }, // U+015E
    { 10, 18, 194, 1, 13, 23, 8300 }, // U+015F
    { 13, 24, 233, 1, 24, 39, 8323 }, // U+0160
    { 10, 20, 194, 1, 20, 25, 8362 }, // U+0161
    { 14, 23, 246, 1, 17, 41, 8387 }, // U+0162
    { 9, 22, 178, 2, 17, 25, 8428 }, // U+0163
    { 14, 24, 246, 1, 24, 42, 8453 }, // U+0164
    { 9, 19, 178, 2, 19, 22, 8495 }, // U+0165
    { 14, 17, 246, 1, 17, 30, 8517 }, // U+0166
    { 8, 17, 178, 2, 17, 17, 8547 }, // U+0167
    { 14, 23, 283, 2, 23, 41, 8564 }, // U+0168
    { 11, 19, 236, 2, 19, 27, 8605 }, // U+0169
    { 14, 23, 283, 2, 23, 41, 8632 }, // U+016A
    { 11, 19, 236, 2, 19, 27, 8673 }, // U+016B
    { 14, 23, 283, 2, 23, 41, 8700 }, // U+016C
    { 11, 19, 236, 2, 19, 27, 8741 }, // U+016D
    { 14, 23, 283, 2, 23, 41, 8768 }, // U+016E
    { 11, 20, 236, 2, 20, 28, 8809 }, // U+016F
    { 14, 24, 283, 2, 24, 42, 8837 }, // U+0170
    { 11, 20, 236, 2, 20, 28, 8879 }, // U+0171
    { 14, 22, 283, 2, 17, 39, 8907 }, // U+0172
    { 11, 18, 236, 2, 13, 25, 8946 }, // U+0173
    { 23, 23, 379, 1, 23, 67, 8971 }, // U+0174
    { 19, 19, 314, 0, 19, 46, 9038 }, // U+0175
    { 16, 23, 264, 0, 23, 46, 9084 }, // U+0176
    { 13, 24, 219, 0, 19, 39, 9130 }, // U+0177
    { 16, 23, 264, 0, 23, 46, 9169 }, // U+0178
    { 13, 24, 244, 1, 24, 39, 9215 }, // U+0179
    { 11, 20, 200, 1, 20, 28, 9254 }, // U+017A
    { 13, 23, 244, 1, 23, 38, 9282 }, // U+017B
    { 11, 19, 200, 1, 19, 27, 9320 }, // U+017C
    { 13, 24, 244, 1, 24, 39, 9347 }, // U+017D
    { 11, 20, 200, 1, 20, 28, 9386 }, // U+017E
    { 9, 19, 132, 2, 19, 22, 9414 }, // U+017F
    { 29, 24, 520, 2, 24, 87, 9436 }, // U+01C4
    { 28, 20, 486, 2, 20, 70, 9523 }, // U+01C5
    { 26, 20, 438, 1, 20, 65, 9593 }, // U+01C6
    { 23, 17, 436, 2, 17, 49, 9658 }, // U+01C7
    { 17, 24, 339, 2, 19, 51, 9707 }, // U+01C8
    { 11, 24, 241, 2, 19, 33, 9758 }, // U+01C9
    { 28, 17, 512, 2, 17, 60, 9791 }, // U+01CA
    { 22, 24, 417, 2, 19, 66, 9851 }, // U+01CB
    { 18, 24, 351, 2, 19, 54, 9917 }, // U+01CC
    { 17, 24, 288, 0, 24, 51, 9971 }, // U+01CD
    { 11, 20, 221, 1, 20, 28, 10022 }, // U+01CE
    { 7, 24, 126, 1, 24, 21, 10050 }, // U+01CF
    { 7, 20, 116, 1, 20, 18, 10071 }, // U+01D0
    { 18, 24, 316, 1, 24, 54, 10089 }, // U+01D1
    { 13, 20, 243, 1, 20, 33, 10143 }, // U+01D2
    { 14, 24, 283, 2, 24, 42, 10176 }, // U+01D3
    { 11, 20, 236, 2, 20, 28, 10218 }, // U+01D4
    { 14, 25, 283, 2, 25, 44, 10246 }, // U+01D5
    { 11, 21, 236, 2, 21, 29, 10290 }, // U+01D6
    { 14, 24, 283, 2, 24, 42, 10319 }, // U+01D7
    { 11, 22, 236, 2, 22, 31, 10361 }, // U+01D8
    { 14, 24, 283, 2, 24, 42, 10392 }, // U+01D9
    { 11, 21, 236, 2, 21, 29, 10434 }, // U+01DA
    { 14, 24, 283, 2, 24, 42, 10463 }, // U+01DB
    { 11, 22, 236, 2, 22, 31, 10505 }, // U+01DC
    { 13, 13, 234, 1, 13, 22, 10536 }, // U+01DD
    { 17, 25, 288, 0, 25, 54, 10558 }, // U+01DE
    { 11, 21, 221, 1, 21, 29, 10612 }, // U+01DF
    { 17, 25, 288, 0, 25, 54, 10641 }, // U+01E0
    { 11, 21, 221, 1, 21, 29, 10695 }, // U+01E1
    { 24, 23, 398, 0, 23, 69, 10724 }, // U+01E2
    { 20, 19, 350, 1, 19, 48, 10793 }, // U+01E3
    { 17, 17, 291, 1, 17, 37, 10841 }, // U+01E4
    { 14, 18, 241, 1, 13, 32, 10878 }, // U+01E5
    { 15, 24, 281, 1, 24, 45, 10910 }, // U+01E6
    { 12, 25, 238, 1, 20, 38, 10955 }, // U+01E7
    { 15, 24, 274, 2, 24, 45, 10993 }, // U+01E8
    { 12, 25, 232, 2, 25, 38, 11038 }, // U+01E9
    { 18, 22, 316, 1, 17, 50, 11076 }, // U+01EA
    { 13, 18, 243, 1, 13, 30, 11126 }, // U+01EB
    { 18, 28, 316, 1, 23, 63, 11156 }, // U+01EC
    { 13, 24, 243, 1, 19, 39, 11219 }, // U+01ED
    { 13, 24, 246, 1, 24, 39, 11258 }, // U+01EE
    { 12, 26, 206, 0, 21, 39, 11297 }, // U+01EF
    { 10, 25, 116, -3, 20, 32, 11336 }, // U+01F0
    { 29, 17, 520, 2, 17, 62, 11368 }, // U+01F1
    { 28, 17, 486, 2, 17, 60, 11430 }, // U+01F2
    { 26, 19, 438, 1, 19, 62, 11490 }, // U+01F3
    { 15, 24, 281, 1, 24, 45, 11552 }, // U+01F4
    { 12, 25, 238, 1, 20, 38, 11597 }, // U+01F5
    { 23, 17, 424, 2, 17, 49, 11635 }, // U+01F6
    { 14, 22, 268, 2, 17, 39, 11684 }, // U+01F7
    { 15, 24, 302, 2, 24, 45, 11723 }, // U+01F8
    { 11, 20, 236, 2, 20, 28, 11768 }, // U+01F9
    { 17, 26, 288, 0, 26, 56, 11796 }, // U+01FA
    { 11, 24, 221, 1, 24, 33, 11852 }, // U+01FB
    { 24, 24, 398, 0, 24, 72, 11885 }, // U+01FC
    { 20, 20, 350, 1, 20, 50, 11957 }, // U+01FD
    { 18, 25, 316, 1, 24, 57, 12007 }, // U+01FE
    { 13, 21, 243, 1, 20, 35, 12064 }, // U+01FF
    { 17, 24, 288, 0, 24, 51, 12099 }, // U+0200
    { 11, 20, 221, 1, 20, 28, 12150 }, // U+0201
    { 17, 23, 288, 0, 23, 49, 12178 }, // U+0202
    { 11, 19, 221, 1, 19, 27, 12227 }, // U+0203
    { 12, 24, 242, 2, 24, 36, 12254 }, // U+0204
    { 13, 20, 234, 1, 20, 33, 12290 }, // U+0205
    { 12, 23, 242, 2, 23, 35, 12323 }, // U+0206
    { 13, 19, 234, 1, 19, 31, 12358 }, // U+0207
    { 10, 24, 126, -1, 24, 30, 12389 }, // U+0208
    { 10, 20, 116, -2, 20, 25, 12419 }, // U+0209
    { 9, 23, 126, -1, 23, 26, 12444 }, // U+020A
    { 9, 19, 116, 0, 19, 22, 12470 }, // U+020B
    { 18, 24, 316, 1, 24, 54, 12492 }, // U+020C
    { 13, 20, 243, 1, 20, 33, 12546 }, // U+020D
    { 18, 23, 316, 1, 23, 52, 12579 }, // U+020E
    { 13, 19, 243, 1, 19, 31, 12631 }, // U+020F
    { 14, 24, 267, 2, 24, 42, 12662 }, // U+0210
    { 10, 20, 169, 1, 20, 25, 12704 }, // U+0211
    { 14, 23, 267, 2, 23, 41, 12729 }, // U+0212
    { 9, 19, 169, 2, 19, 22, 12770 }, // U+0213
    { 14, 24, 283, 2, 24, 42, 12792 }, // U+0214
    { 11, 20, 236, 2, 20, 28, 12834 }, // U+0215
    { 14, 23, 283, 2, 23, 41, 12862 }, // U+0216
    { 11, 19, 236, 2, 19, 27, 12903 }, // U+0217
    { 13, 22, 233, 1, 17, 36, 12930 }, // U+0218
    { 10, 18, 194, 1, 13, 23, 12966 }, // U+0219
    { 14, 22, 246, 1, 17, 39, 12989 }, // U+021A
    { 9, 22, 178, 2, 17, 25, 13028 }, // U+021B
    { 13, 22, 227, 0, 17, 36, 13053 }, // U+021C
    { 11, 18, 191, 0, 13, 25, 13089 }, // U+021D
    { 14, 24, 294, 2, 24, 42, 13114 }, // U+021E
    { 11, 25, 236, 2, 25, 35, 13156 }, // U+021F
    { 9, 7, 0, 3, 18, 8, 13191 }, // U+0300
    { 9, 8, 0, 3, 19, 9, 13199 }, // U+0301
    { 6, 1, 0, -3, 18, 1, 13208 }, // U+0304
    { 4, 4, 0, 5, 21, 2, 13209 }, // U+0307
    { 11, 9, 0, 2, 19, 13, 13211 }, // U+030C
    { 9, 4, 156, 0, 19, 5, 13224 }, // U+0311
    { 12, 24, 242, 2, 24, 36, 13229 }, // U+0400
    { 12, 23, 242, 2, 23, 35, 13265 }, // U+0401
    { 18, 17, 326, 1, 17, 39, 13300 }, // U+0402
    { 12, 24, 237, 2, 24, 36, 13339 }, // U+0403
    { 15, 17, 274, 1, 17, 32, 13375 }, // U+0404
    { 13, 17, 233, 1, 17, 28, 13407 }, // U+0405
    { 4, 17, 126, 2, 17, 9, 13435 }, // U+0406
    { 10, 23, 126, -1, 23, 29, 13444 }, // U+0407
    { 11, 17, 212, 0, 17, 24, 13473 }, // U+0408
    { 26, 17, 452, 1, 17, 56, 13497 }, // U+0409
    { 24, 17, 430, 2, 17, 51, 13553 }, // U+040A
    { 16, 17, 308, 1, 17, 34, 13604 }, // U+040B
    { 15, 24, 274, 2, 24, 45, 13638 }, // U+040C
    { 15, 24, 302, 2, 24, 45, 13683 }, // U+040D
    { 16, 24, 261, 1, 24, 48, 13728 }, // U+040E
    { 14, 22, 292, 2, 17, 39, 13776 }, // U+040F
    { 17, 17, 288, 0, 17, 37, 13815 }, // U+0410
    { 13, 17, 260, 2, 17, 28, 13852 }, // U+0411
    { 14, 17, 269, 2, 17, 30, 13880 }, // U+0412
    { 12, 17, 237, 2, 17, 26, 13910 }, // U+0413
    { 19, 22, 329, 1, 17, 53, 13936 }, // U+0414
    { 12, 17, 242, 2, 17, 26, 13989 }, // U+0415
    { 24, 17, 393, 0, 17, 51, 14015 }, // U+0416
    { 13, 17, 244, 1, 17, 28, 14066 }, // U+0417
    { 15, 17, 302, 2, 17, 32, 14094 }, // U+0418
    { 15, 24, 302, 2, 24, 45, 14126 }, // U+0419
    { 15, 17, 274, 2, 17, 32, 14171 }, // U+041A
    { 17, 17, 316, 1, 17, 37, 14203 }, // U+041B
    { 19, 17, 359, 2, 17, 41, 14240 }, // U+041C
    { 14, 17, 294, 2, 17, 30, 14281 }, // U+041D
    { 18, 17, 316, 1, 17, 39, 14311 }, // U+041E
    { 14, 17, 292, 2, 17, 30, 14350 }, // U+041F
    { 13, 17, 258, 2, 17, 28, 14380 }, // U+0420
    { 14, 17, 259, 1, 17, 30, 14408 }, // U+0421
    { 14, 17, 246, 1, 17, 30, 14438 }, // U+0422
    { 16, 17, 261, 1, 17, 34, 14468 }, // U+0423
    { 20, 18, 348, 1, 18, 45, 14502 }, // U+0424
    { 17, 17, 270, 0, 17, 37, 14547 }, // U+0425
    { 17, 22, 316, 2, 17, 47, 14584 }, // U+0426
    { 14, 17, 272, 1, 17, 30, 14631 }, // U+0427
    { 22, 17, 408, 2, 17, 47, 14661 }, // U+0428
    { 25, 22, 432, 2, 17, 69, 14708 }, // U+0429
    { 17, 17, 309, 1, 17, 37, 14777 }, // U+042A
    { 19, 17, 371, 2, 17, 41, 14814 }, // U+042B
    { 13, 17, 264, 2, 17, 28, 14855 }, // U+042C
    { 15, 17, 272, 1, 17, 32, 14883 }, // U+042D
    { 24, 17, 432, 2, 17, 51, 14915 }, // U+042E
    { 14, 17, 276, 1, 17, 30, 14966 }, // U+042F
    { 11, 13, 221, 1, 13, 18, 14996 }, // U+0430
    { 13, 19, 240, 1, 19, 31, 15014 }, // U+0431
    { 12, 13, 239, 2, 13, 20, 15045 }, // U+0432
    { 10, 13, 181, 1, 13, 17, 15065 }, // U+0433
    { 17, 17, 271, 1, 13, 37, 15082 }, // U+0434
    { 13, 13, 234, 1, 13, 22, 15119 }, // U+0435
    { 22, 13, 340, 0, 13, 36, 15141 }, // U+0436
    { 10, 13, 198, 1, 13, 17, 15177 }, // U+0437
    { 11, 13, 248, 2, 13, 18, 15194 }, // U+0438
    { 11, 20, 248, 2, 20, 28, 15212 }, // U+0439
    { 13, 13, 234, 2, 13, 22, 15240 }, // U+043A
    { 14, 13, 251, 0, 13, 23, 15262 }, // U+043B
    { 17, 13, 304, 2, 13, 28, 15285 }, // U+043C
    { 11, 13, 237, 2, 13, 18, 15313 }, // U+043D
    { 13, 13, 243, 1, 13, 22, 15331 }, // U+043E
    { 11, 13, 237, 2, 13, 18, 15353 }, // U+043F
    { 12, 18, 242, 2, 13, 27, 15371 }, // U+0440
    { 11, 13, 200, 1, 13, 18, 15398 }, // U+0441
    { 12, 13, 210, 1, 13, 20, 15416 }, // U+0442
    { 13, 18, 219, 0, 13, 30, 15436 }, // U+0443
    { 18, 24, 318, 1, 19, 54, 15466 }, // U+0444
    { 14, 13, 222, 0, 13, 23, 15520 }, // U+0445
    { 13, 17, 253, 2, 13, 28, 15543 }, // U+0446
    { 11, 13, 227, 1, 13, 18, 15571 }, // U+0447
    { 18, 13, 344, 2, 13, 30, 15589 }, // U+0448
    { 20, 17, 360, 2, 13, 43, 15619 }, // U+0449
    { 14, 13, 256, 1, 13, 23, 15662 }, // U+044A
    { 18, 13, 330, 2, 13, 30, 15685 }, // U+044B
    { 12, 13, 226, 2, 13, 20, 15715 }, // U+044C
    { 11, 13, 208, 1, 13, 18, 15735 }, // U+044D
    { 20, 13, 349, 2, 13, 33, 15753 }, // U+044E
    { 13, 13, 234, 0, 13, 22, 15786 }, // U+044F
    { 13, 20, 234, 1, 20, 33, 15808 }, // U+0450
    { 13, 19, 234, 1, 19, 31, 15841 }, // U+0451
    { 13, 24, 240, 0, 19, 39, 15872 }, // U+0452
    { 10, 20, 181, 1, 20, 25, 15911 }, // U+0453
    { 11, 13, 208, 1, 13, 18, 15936 }, // U+0454
    { 10, 13, 194, 1, 13, 17, 15954 }, // U+0455
    { 4, 19, 116, 2, 19, 10, 15971 }, // U+0456
    { 10, 19, 116, -1, 19, 24, 15981 }, // U+0457
    { 8, 24, 116, -3, 19, 24, 16005 }, // U+0458
    { 23, 13, 361, 0, 13, 38, 16029 }, // U+0459
    { 20, 13, 347, 2, 13, 33, 16067 }, // U+045A
    { 13, 19, 240, 0, 19, 31, 16100 }, // U+045B
    { 13, 20, 234, 2, 20, 33, 16131 }, // U+045C
    { 11, 20, 248, 2, 20, 28, 16164 }, // U+045D
    { 13, 25, 219, 0, 20, 41, 16192 }, // U+045E
    { 12, 17, 237, 2, 13, 26, 16233 }, // U+045F
    { 17, 19, 299, 0, 19, 41, 16259 }, // U+0462
    { 15, 19, 254, 0, 19, 36, 16300 }, // U+0463
    { 18, 17, 316, 1, 17, 39, 16336 }, // U+0472
    { 13, 13, 243, 1, 13, 22, 16375 }, // U+0473
    { 19, 17, 316, 0, 17, 41, 16397 }, // U+0474
    { 15, 13, 239, 0, 13, 25, 16438 }, // U+0475
    { 18, 29, 331, 2, 24, 66, 16463 }, // U+048A
    { 13, 24, 252, 2, 20, 39, 16529 }, // U+048B
    { 16, 17, 264, 0, 17, 34, 16568 }, // U+048C
    { 13, 14, 226, 0, 14, 23, 16602 }, // U+048D
    { 13, 17, 262, 2, 17, 28, 16625 }, // U+048E
    { 12, 18, 246, 2, 13, 27, 16653 }, // U+048F
    { 11, 20, 229, 2, 20, 28, 16680 }, // U+0490
    { 9, 16, 185, 2, 16, 18, 16708 }, // U+0491
    { 15, 17, 254, 0, 17, 32, 16726 }, // U+0492
    { 12, 13, 210, 0, 13, 20, 16758 }, // U+0493
    { 14, 22, 270, 2, 17, 39, 16778 }, // U+0494
    { 11, 18, 228, 2, 13, 25, 16817 }, // U+0495
    { 25, 21, 409, 0, 17, 66, 16842 }, // U+0496
    { 22, 17, 349, 0, 13, 47, 16908 }, // U+0497
    { 13, 22, 244, 1, 17, 36, 16955 }, // U+0498
    { 10, 18, 198, 1, 13, 23, 16991 }, // U+0499
    { 15, 22, 295, 2, 17, 42, 17014 }, // U+049A
    { 12, 17, 242, 2, 13, 26, 17056 }, // U+049B
    { 18, 17, 314, 2, 17, 39, 17082 }, // U+049C
    { 15, 13, 273, 2, 13, 25, 17121 }, // U+049D
    { 17, 18, 283, 0, 18, 39, 17146 }, // U+049E
    { 14, 14, 242, 0, 14, 25, 17185 }, // U+049F
    { 19, 17, 319, 1, 17, 41, 17210 }, // U+04A0
    { 15, 13, 263, 1, 13, 25, 17251 }, // U+04A1
    { 17, 22, 323, 2, 17, 47, 17276 }, // U+04A2
    { 13, 17, 254, 2, 13, 28, 17323 }, // U+04A3
    { 19, 17, 335, 2, 17, 41, 17351 }, // U+04A4
    { 14, 13, 261, 2, 13, 23, 17392 }, // U+04A5
    { 25, 22, 444, 2, 17, 69, 17415 }, // U+04A6
    { 19, 18, 349, 2, 13, 43, 17484 }, // U+04A7
    { 18, 21, 320, 1, 17, 48, 17527 }, // U+04A8
    { 14, 17, 253, 1, 13, 30, 17575 }, // U+04A9
    { 14, 22, 259, 1, 17, 39, 17605 }, // U+04AA
    { 11, 18, 200, 1, 13, 25, 17644 }, // U+04AB
    { 14, 22, 246, 1, 17, 39, 17669 }, // U+04AC
    { 12, 17, 202, 0, 13, 26, 17708 }, // U+04AD
    { 16, 17, 264, 0, 17, 34, 17734 }, // U+04AE
    { 14, 18, 220, 0, 13, 32, 17768 }, // U+04AF
    { 16, 17, 264, 0, 17, 34, 17800 }, // U+04B0
    { 14, 18, 220, 0, 13, 32, 17834 }, // U+04B1
    { 18, 22, 286, 0, 17, 50, 17866 }, // U+04B2
    { 14, 17, 235, 0, 13, 30, 17916 }, // U+04B3
    { 22, 22, 376, 1, 17, 61, 17946 }, // U+04B4
    { 19, 17, 279, 0, 13, 41, 18007 }, // U+04B5
    { 17, 22, 290, 1, 17, 47, 18048 }, // U+04B6
    { 15, 17, 236, 1, 13, 32, 18095 }, // U+04B7
    { 14, 17, 272, 1, 17, 30, 18127 }, // U+04B8
    { 12, 13, 225, 1, 13, 20, 18157 }, // U+04B9
    { 14, 17, 280, 2, 17, 30, 18177 }, // U+04BA
    { 11, 19, 236, 2, 19, 27, 18207 }, // U+04BB
    { 21, 17, 352, 0, 17, 45, 18234 }, // U+04BC
    { 17, 13, 283, 0, 13, 28, 18279 }, // U+04BD
    { 21, 21, 352, 0, 17, 56, 18307 }, // U+04BE
    { 17, 16, 283, 0, 13, 34, 18363 }, // U+04BF
    { 4, 17, 126, 2, 17, 9, 18397 }, // U+04C0
    { 24, 24, 393, 0, 24, 72, 18406 }, // U+04C1
    { 22, 20, 340, 0, 20, 55, 18478 }, // U+04C2
    { 15, 22, 281, 2, 17, 42, 18533 }, // U+04C3
    { 11, 18, 230, 2, 13, 25, 18575 }, // U+04C4
    { 20, 22, 332, 0, 17, 55, 18600 }, // U+04C5
    { 16, 17, 270, 0, 13, 34, 18655 }, // U+04C6
    { 14, 22, 294, 2, 17, 39, 18689 }, // U+04C7
    { 11, 18, 240, 2, 13, 25, 18728 }, // U+04C8
    { 17, 22, 314, 2, 17, 47, 18753 }, // U+04C9
    { 13, 17, 251, 2, 13, 28, 18800 }, // U+04CA
    { 14, 22, 272, 1, 17, 39, 18828 }, // U+04CB
    { 11, 17, 227, 1, 13, 24, 18867 }, // U+04CC
    { 22, 22, 381, 2, 17, 61, 18891 }, // U+04CD
    { 18, 17, 318, 1, 13, 39, 18952 }, // U+04CE
    { 4, 17, 116, 2, 17, 9, 18991 }, // U+04CF
    { 17, 24, 288, 0, 24, 51, 19000 }, // U+04D0
    { 11, 20, 221, 1, 20, 28, 19051 }, // U+04D1
    { 17, 23, 288, 0, 23, 49, 19079 }, // U+04D2
    { 11, 19, 221, 1, 19, 27, 19128 }, // U+04D3
    { 24, 17, 398, 0, 17, 51, 19155 }, // U+04D4
    { 20, 13, 350, 1, 13, 33, 19206 }, // U+04D5
    { 12, 24, 242, 2, 24, 36, 19239 }, // U+04D6
    { 13, 20, 234, 1, 20, 33, 19275 }, // U+04D7
    { 16, 17, 292, 1, 17, 34, 19308 }, // U+04D8
    { 13, 13, 234, 1, 13, 22, 19342 }, // U+04D9
    { 16, 23, 292, 1, 23, 46, 19364 }, // U+04DA
    { 13, 19, 234, 1, 19, 31, 19410 }, // U+04DB
    { 24, 23, 393, 0, 23, 69, 19441 }, // U+04DC
    { 22, 19, 340, 0, 19, 53, 19510 }, // U+04DD
    { 13, 23, 244, 1, 23, 38, 19563 }, // U+04DE
    { 10, 19, 198, 1, 19, 24, 19601 }, // U+04DF
    { 13, 17, 246, 1, 17, 28, 19625 }, // U+04E0
    { 12, 18, 206, 0, 13, 27, 19653 }, // U+04E1
    { 15, 23, 302, 2, 23, 44, 19680 }, // U+04E2
    { 11, 19, 248, 2, 19, 27, 19724 }, // U+04E3
    { 15, 23, 302, 2, 23, 44, 19751 }, // U+04E4
    { 11, 19, 248, 2, 19, 27, 19795 }, // U+04E5
    { 18, 23, 316, 1, 23, 52, 19822 }, // U+04E6
    { 13, 19, 243, 1, 19, 31, 19874 }, // U+04E7
    { 18, 17, 316, 1, 17, 39, 19905 }, // U+04E8
    { 13, 13, 243, 1, 13, 22, 19944 }, // U+04E9
    { 18, 23, 316, 1, 23, 52, 19966 }, // U+04EA
    { 13, 19, 243, 1, 19, 31, 20018 }, // U+04EB
    { 15, 23, 272, 1, 23, 44, 20049 }, // U+04EC
    { 11, 19, 208, 1, 19, 27, 20093 }, // U+04ED
    { 16, 23, 261, 1, 23, 46, 20120 }, // U+04EE
    { 13, 24, 219, 0, 19, 39, 20166 }, // U+04EF
    { 16, 23, 261, 1, 23, 46, 20205 }, // U+04F0
    { 13, 24, 219, 0, 19, 39, 20251 }, // U+04F1
    { 16, 24, 261, 1, 24, 48, 20290 }, // U+04F2
    { 13, 25, 219, 0, 20, 41, 20338 }, // U+04F3
    { 14, 23, 272, 1, 23, 41, 20379 }, // U+04F4
    { 11, 19, 227, 1, 19, 27, 20420 }, // U+04F5
    { 12, 22, 237, 2, 17, 33, 20447 }, // U+04F6
    { 10, 17, 181, 1, 13, 22, 20480 }, // U+04F7
    { 19, 23, 371, 2, 23, 55, 20502 }, // U+04F8
    { 18, 19, 330, 2, 19, 43, 20557 }, // U+04F9
    { 1, 1, 200, 0, 1, 1, 20600 }, // U+2002
    { 1, 1, 400, 0, 1, 1, 20601 }, // U+2003
    { 7, 1, 400, 9, 10, 1, 20602 }, // U+2010
    { 6, 1, 130, 1, 8, 1, 20603 }, // U+2011
    { 11, 1, 211, 1, 8, 2, 20604 }, // U+2012
    { 13, 3, 200, 0, 9, 5, 20606 }, // U+2013
    { 25, 3, 400, 0, 9, 10, 20611 }, // U+2014
    { 25, 3, 400, 0, 9, 10, 20621 }, // U+2015
    { 5, 26, 400, 10, 23, 17, 20631 }, // U+2016
    { 5, 7, 97, 1, 19, 5, 20648 }, // U+2018
    { 5, 7, 97, 0, 19, 5, 20653 }, // U+2019
    { 5, 7, 97, 0, 4, 5, 20658 }, // U+201A
    { 11, 7, 182, 1, 19, 10, 20663 }, // U+201C
    { 11, 7, 182, 0, 19, 10, 20673 }, // U+201D
    { 11, 7, 182, 0, 4, 10, 20683 }, // U+201E
    { 12, 21, 198, 1, 17, 32, 20693 }, // U+2020
    { 12, 21, 198, 1, 17, 32, 20725 }, // U+2021
    { 7, 7, 146, 1, 12, 7, 20757 }, // U+2022
    { 15, 2, 400, 5, 11, 4, 20764 }, // U+2025
    { 22, 5, 400, 2, 5, 14, 20768 }, // U+2026
    { 4, 4, 400, 10, 12, 2, 20782 }, // U+2027
    { 31, 17, 528, 1, 17, 66, 20784 }, // U+2030
    { 2, 6, 92, 2, 20, 2, 20850 }, // U+2032
    { 5, 6, 150, 2, 20, 4, 20852 }, // U+2033
    { 5, 4, 400, 9, 25, 3, 20856 }, // U+2035
    { 7, 11, 131, 1, 13, 10, 20859 }, // U+2039
    { 7, 11, 131, 0, 13, 10, 20869 }, // U+203A
    { 18, 19, 400, 3, 19, 43, 20879 }, // U+203B
    { 9, 19, 220, 2, 19, 22, 20922 }, // U+203C
    { 19, 21, 400, 3, 20, 50, 20944 }, // U+2042
    { 12, 17, 61, -4, 17, 26, 20994 }, // U+2044
    { 19, 19, 339, 1, 19, 46, 21020 }, // U+2047
    { 14, 19, 275, 1, 19, 34, 21066 }, // U+2048
    { 13, 19, 275, 2, 19, 31, 21100 }, // U+2049
    { 9, 22, 400, 8, 21, 25, 21131 }, // U+2051
    { 8, 10, 145, 0, 18, 10, 21156 }, // U+2070
    { 8, 10, 145, 1, 18, 10, 21166 }, // U+2074
    { 7, 10, 145, 1, 18, 9, 21176 }, // U+2075
    { 7, 10, 145, 1, 18, 9, 21185 }, // U+2076
    { 7, 10, 145, 1, 18, 9, 21194 }, // U+2077
    { 7, 10, 145, 1, 18, 9, 21203 }, // U+2078
    { 7, 10, 145, 1, 18, 9, 21212 }, // U+2079
    { 8, 10, 145, 0, 11, 10, 21221 }, // U+2080
    { 6, 10, 145, 1, 11, 8, 21231 }, // U+2081
    { 8, 10, 145, 0, 11, 10, 21239 }, // U+2082
    { 8, 10, 145, 0, 11, 10, 21249 }, // U+2083
    { 8, 10, 145, 1, 11, 10, 21259 }, // U+2084
    { 7, 10, 145, 1, 11, 9, 21269 }, // U+2085
    { 7, 10, 145, 1, 11, 9, 21278 }, // U+2086
    { 7, 10, 145, 1, 11, 9, 21287 }, // U+2087
    { 7, 10, 145, 1, 11, 9, 21296 }, // U+2088
    { 7, 10, 145, 1, 11, 9, 21305 }, // U+2089
    { 13, 19, 208, 0, 19, 31, 21314 }, // U+20A9
    { 11, 19, 208, 2, 19, 27, 21345 }, // U+20AB
    { 13, 17, 227, 1, 17, 28, 21372 }, // U+20AC
    { 14, 17, 227, 0, 17, 30, 21400 }, // U+20AE
    { 12, 17, 227, 1, 17, 26, 21430 }, // U+20B4
    { 14, 17, 227, 1, 17, 30, 21456 }, // U+20B9
    { 23, 11, 400, 1, 15, 32, 21486 }, // U+2190
    { 11, 23, 400, 7, 21, 32, 21518 }, // U+2191
    { 23, 11, 400, 1, 15, 32, 21550 }, // U+2192
    { 11, 23, 400, 7, 21, 32, 21582 }, // U+2193
    { 23, 11, 400, 1, 15, 32, 21614 }, // U+2194
    { 11, 23, 400, 7, 21, 32, 21646 }, // U+2195
    { 17, 17, 400, 4, 18, 37, 21678 }, // U+2196
    { 17, 17, 400, 4, 18, 37, 21715 }, // U+2197
    { 17, 17, 400, 4, 18, 37, 21752 }, // U+2198
    { 17, 17, 400, 4, 18, 37, 21789 }, // U+2199
    { 22, 19, 400, 2, 20, 53, 21826 }, // U+21B8
    { 23, 22, 400, 1, 20, 64, 21879 }, // U+21B9
    { 23, 22, 400, 1, 21, 64, 21943 }, // U+21C4
    { 22, 23, 400, 2, 21, 64, 22007 }, // U+21C5
    { 23, 22, 400, 1, 21, 64, 22071 }, // U+21C6
    { 23, 20, 400, 1, 19, 58, 22135 }, // U+21CB
    { 23, 20, 400, 1, 19, 58, 22193 }, // U+21CC
    { 23, 16, 400, 1, 17, 46, 22251 }, // U+21D0
    { 23, 16, 400, 1, 17, 46, 22297 }, // U+21D2
    { 23, 16, 400, 1, 17, 46, 22343 }, // U+21D4
    { 23, 17, 400, 1, 18, 49, 22389 }, // U+21E6
    { 17, 23, 400, 4, 21, 49, 22438 }, // U+21E7
    { 23, 17, 400, 1, 18, 49, 22487 }, // U+21E8
    { 17, 23, 400, 4, 21, 49, 22536 }, // U+21E9
    { 22, 23, 400, 2, 21, 64, 22585 }, // U+21F5
    { 19, 19, 400, 3, 19, 46, 22649 }, // U+2200
    { 13, 18, 245, 1, 18, 30, 22695 }, // U+2202
    { 15, 18, 400, 5, 18, 34, 22725 }, // U+2203
    { 19, 19, 400, 3, 19, 46, 22759 }, // U+2205
    { 17, 17, 277, 0, 17, 37, 22805 }, // U+2206
    { 17, 18, 400, 4, 18, 39, 22842 }, // U+2207
    { 19, 16, 400, 3, 17, 38, 22881 }, // U+2208
    { 19, 20, 400, 3, 19, 48, 22919 }, // U+2209
    { 12, 14, 400, 6, 14, 21, 22967 }, // U+220A
    { 19, 16, 400, 3, 17, 38, 22988 }, // U+220B
    { 14, 21, 292, 2, 18, 37, 23026 }, // U+220F
    { 13, 20, 217, 0, 17, 33, 23063 }, // U+2211
    { 12, 3, 227, 1, 9, 5, 23096 }, // U+2212
    { 19, 19, 400, 3, 19, 46, 23101 }, // U+2213
    { 12, 17, 61, -4, 17, 26, 23147 }, // U+2215
    { 5, 5, 98, 1, 10, 4, 23173 }, // U+2219
    { 15, 18, 241, 1, 18, 34, 23177 }, // U+221A
    { 20, 9, 400, 1, 14, 23, 23211 }, // U+221D
    { 14, 8, 254, 1, 11, 14, 23234 }, // U+221E
    { 18, 18, 400, 4, 18, 41, 23248 }, // U+221F
    { 19, 17, 400, 3, 18, 41, 23289 }, // U+2220
    { 1, 18, 400, 12, 18, 3, 23330 }, // U+2223
    { 15, 19, 400, 5, 19, 36, 23333 }, // U+2225
    { 15, 19, 400, 5, 19, 36, 23369 }, // U+2226
    { 19, 19, 400, 3, 19, 46, 23405 }, // U+2227
    { 19, 19, 400, 3, 19, 46, 23451 }, // U+2228
    { 16, 19, 400, 4, 19, 38, 23497 }, // U+2229
    { 16, 19, 400, 4, 19, 38, 23535 }, // U+222A
    { 10, 23, 160, 0, 18, 29, 23573 }, // U+222B
    { 19, 23, 400, 3, 21, 55, 23602 }, // U+222C
    { 23, 23, 400, 1, 21, 67, 23657 }, // U+222D
    { 10, 23, 400, 8, 21, 29, 23724 }, // U+222E
    { 17, 15, 400, 4, 17, 32, 23753 }, // U+2234
    { 17, 15, 400, 4, 17, 32, 23785 }, // U+2235
    { 3, 15, 400, 11, 17, 6, 23817 }, // U+2236
    { 17, 15, 400, 4, 17, 32, 23823 }, // U+2237
    { 23, 9, 400, 1, 14, 26, 23855 }, // U+223D
    { 19, 9, 400, 3, 14, 22, 23881 }, // U+2243
    { 19, 10, 400, 3, 14, 24, 23903 }, // U+2245
    { 12, 11, 227, 1, 13, 17, 23927 }, // U+2248
    { 23, 17, 400, 1, 18, 49, 23944 }, // U+224C
    { 12, 14, 227, 1, 14, 21, 23993 }, // U+2260
    { 19, 12, 400, 3, 15, 29, 24014 }, // U+2261
    { 19, 19, 400, 3, 19, 46, 24043 }, // U+2262
    { 12, 15, 227, 1, 15, 23, 24089 }, // U+2264
    { 12, 15, 227, 1, 15, 23, 24112 }, // U+2265
    { 20, 22, 400, 2, 21, 55, 24135 }, // U+2266
    { 19, 22, 400, 3, 21, 53, 24190 }, // U+2267
    { 21, 19, 400, 2, 19, 50, 24243 }, // U+226A
    { 21, 19, 400, 2, 19, 50, 24293 }, // U+226B
    { 20, 21, 400, 2, 19, 53, 24343 }, // U+226E
    { 20, 21, 400, 3, 19, 53, 24396 }, // U+226F
    { 19, 22, 400, 3, 20, 53, 24449 }, // U+2272
    { 19, 22, 400, 3, 20, 53, 24502 }, // U+2273
    { 21, 23, 400, 2, 21, 61, 24555 }, // U+2276
    { 20, 23, 400, 2, 21, 58, 24616 }, // U+2277
    { 19, 16, 400, 3, 17, 38, 24674 }, // U+2282
    { 19, 16, 400, 3, 17, 38, 24712 }, // U+2283
    { 19, 20, 400, 3, 19, 48, 24750 }, // U+2284
    { 19, 20, 400, 3, 19, 48, 24798 }, // U+2285
    { 19, 19, 400, 3, 19, 46, 24846 }, // U+2286
    { 19, 19, 400, 3, 19, 46, 24892 }, // U+2287
    { 19, 20, 400, 3, 19, 48, 24938 }, // U+228A
    { 19, 20, 400, 3, 19, 48, 24986 }, // U+228B
    { 19, 19, 400, 3, 19, 46, 25034 }, // U+2295
    { 19, 19, 400, 3, 19, 46, 25080 }, // U+2296
    { 19, 19, 400, 3, 19, 46, 25126 }, // U+2297
    { 19, 19, 400, 3, 19, 46, 25172 }, // U+2298
    { 19, 19, 400, 3, 19, 46, 25218 }, // U+2299
    { 20, 21, 400, 2, 20, 53, 25264 }, // U+22A0
    { 19, 18, 400, 3, 19, 43, 25317 }, // U+22A5
    { 19, 19, 400, 3, 19, 46, 25360 }, // U+22BF
    { 20, 23, 400, 2, 21, 58, 25406 }, // U+22DA
    { 20, 23, 400, 3, 21, 58, 25464 }, // U+22DB
    { 19, 2, 400, 3, 11, 5, 25522 }, // U+22EF
    { 1, 1, 400, 0, 1, 1, 25527 }, // U+3000
    { 6, 6, 400, 2, 5, 5, 25528 }, // U+3001
    { 7, 8, 400, 1, 6, 7, 25533 }, // U+3002
    { 11, 12, 400, 7, 16, 17, 25540 }, // U+3003
    { 23, 23, 400, 1, 21, 67, 25557 }, // U+3004
    { 18, 21, 400, 3, 20, 48, 25624 }, // U+3005
    { 16, 20, 400, 5, 19, 40, 25672 }, // U+3006
    { 22, 23, 400, 1, 21, 64, 25712 }, // U+3007
    { 9, 23, 400, 15, 21, 26, 25776 }, // U+3008
    { 9, 23, 400, 1, 21, 26, 25802 }, // U+3009
    { 11, 23, 400, 13, 21, 32, 25828 }, // U+300A
    { 10, 23, 400, 1, 21, 29, 25860 }, // U+300B
    { 8, 17, 400, 16, 21, 17, 25889 }, // U+300C
    { 8, 17, 400, 1, 15, 17, 25906 }, // U+300D
    { 9, 17, 400, 15, 21, 20, 25923 }, // U+300E
    { 9, 17, 400, 1, 15, 20, 25943 }, // U+300F
    { 7, 23, 400, 17, 21, 21, 25963 }, // U+3010
    { 7, 23, 400, 1, 21, 21, 25984 }, // U+3011
    { 17, 17, 400, 4, 18, 37, 26005 }, // U+3012
    { 20, 19, 400, 2, 19, 48, 26042 }, // U+3013
    { 6, 23, 400, 18, 21, 18, 26090 }, // U+3014
    { 6, 23, 400, 1, 21, 18, 26108 }, // U+3015
    { 9, 23, 400, 15, 21, 26, 26126 }, // U+3016
    { 9, 23, 400, 0, 21, 26, 26152 }, // U+3017
    { 8, 25, 400, 16, 22, 25, 26178 }, // U+3018
    { 8, 25, 400, 1, 22, 25, 26203 }, // U+3019
    { 7, 23, 400, 18, 21, 21, 26228 }, // U+301A
    { 7, 23, 400, 0, 21, 21, 26249 }, // U+301B
    { 23, 5, 400, 1, 12, 15, 26270 }, // U+301C
    { 7, 9, 400, 17, 21, 8, 26285 }, // U+301D
    { 7, 9, 400, 1, 21, 8, 26293 }, // U+301E
    { 7, 9, 400, 1, 7, 8, 26301 }, // U+301F
    { 23, 18, 400, 1, 18, 52, 26309 }, // U+3020
    { 1, 21, 400, 12, 19, 3, 26361 }, // U+3021
    { 8, 21, 400, 9, 19, 21, 26364 }, // U+3022
    { 14, 21, 400, 6, 19, 37, 26385 }, // U+3023
    { 18, 19, 400, 3, 19, 43, 26422 }, // U+3024
    { 12, 20, 400, 6, 19, 30, 26465 }, // U+3025
    { 21, 6, 400, 2, 18, 16, 26495 }, // U+3026
    { 21, 14, 400, 2, 19, 37, 26511 }, // U+3027
    { 21, 18, 400, 2, 19, 48, 26548 }, // U+3028
    { 19, 20, 400, 3, 20, 48, 26596 }, // U+3029
    { 4, 4, 0, -25, -3, 2, 26644 }, // U+302A
    { 4, 4, 0, -25, 26, 2, 26646 }, // U+302B
    { 4, 4, 0, -4, 26, 2, 26648 }, // U+302C
    { 4, 4, 0, -4, -3, 2, 26650 }, // U+302D
    { 3, 3, 100, 2, 11, 2, 26652 }, // U+302E
    { 3, 7, 100, 2, 13, 3, 26654 }, // U+302F
    { 25, 7, 400, 0, 13, 22, 26657 }, // U+3030
    { 13, 47, 400, 5, 33, 77, 26679 }, // U+3031
    { 16, 47, 400, 5, 33, 94, 26756 }, // U+3032
    { 11, 23, 400, 5, 20, 32, 26850 }, // U+3033
    { 16, 23, 400, 5, 20, 46, 26882 }, // U+3034
    { 12, 23, 400, 6, 22, 35, 26928 }, // U+3035
    { 23, 23, 400, 1, 21, 67, 26963 }, // U+3036
    { 23, 22, 400, 1, 20, 64, 27030 }, // U+3037
    { 21, 22, 400, 2, 20, 58, 27094 }, // U+3038
    { 22, 22, 400, 2, 20, 61, 27152 }, // U+3039
    { 21, 23, 400, 2, 21, 61, 27213 }, // U+303A
    { 12, 23, 400, 6, 21, 35, 27274 }, // U+303B
    { 19, 19, 400, 3, 19, 46, 27309 }, // U+303C
    { 21, 18, 400, 2, 18, 48, 27355 }, // U+303D
    { 23, 23, 400, 1, 21, 67, 27403 }, // U+303E
    { 13, 21, 400, 6, 20, 35, 27470 }, // U+303F
    { 19, 20, 400, 3, 19, 48, 27505 }, // U+3042
    { 19, 17, 400, 4, 17, 41, 27553 }, // U+3044
    { 15, 21, 400, 5, 20, 40, 27594 }, // U+3046
    { 19, 20, 400, 3, 19, 48, 27634 }, // U+3048
    { 20, 20, 400, 3, 20, 50, 27682 }, // U+304A
    { 21, 20, 400, 3, 19, 53, 27732 }, // U+304B
    { 22, 22, 400, 2, 21, 61, 27785 }, // U+304C
    { 17, 21, 400, 4, 20, 45, 27846 }, // U+304D
    { 12, 21, 400, 6, 20, 32, 27891 }, // U+304F
    { 16, 21, 400, 5, 20, 42, 27923 }, // U+3050
    { 16, 17, 400, 5, 17, 34, 27965 }, // U+3053
    { 17, 21, 400, 4, 20, 45, 27999 }, // U+3055
    { 16, 20, 400, 7, 19, 40, 28044 }, // U+3057
    { 21, 21, 400, 2, 20, 56, 28084 }, // U+3059
    { 22, 20, 400, 1, 20, 55, 28140 }, // U+305B
    { 20, 19, 400, 2, 18, 48, 28195 }, // U+305D
    { 20, 20, 400, 3, 20, 50, 28243 }, // U+305F
    { 21, 21, 400, 2, 20, 56, 28293 }, // U+3060
    { 18, 21, 400, 3, 20, 48, 28349 }, // U+3061
    { 20, 15, 400, 2, 16, 38, 28397 }, // U+3064
    { 20, 19, 400, 2, 18, 48, 28435 }, // U+3066
    { 21, 19, 400, 2, 18, 50, 28483 }, // U+3067
    { 16, 19, 400, 5, 19, 38, 28533 }, // U+3068
    { 20, 21, 400, 2, 20, 53, 28571 }, // U+306A
    { 19, 19, 400, 4, 19, 46, 28624 }, // U+306B
    { 20, 17, 400, 3, 17, 43, 28670 }, // U+306E
    { 20, 20, 400, 3, 19, 50, 28713 }, // U+306F
    { 21, 21, 400, 3, 19, 56, 28763 }, // U+3073
    { 21, 14, 400, 2, 15, 37, 28819 }, // U+3078
    { 21, 17, 400, 2, 18, 45, 28856 }, // U+3079
    { 17, 21, 400, 5, 20, 45, 28901 }, // U+307E
    { 21, 20, 400, 2, 18, 53, 28946 }, // U+307F
    { 19, 21, 400, 3, 20, 50, 28999 }, // U+3080
    { 20, 20, 400, 3, 19, 50, 29049 }, // U+3081
    { 19, 21, 400, 2, 20, 50, 29099 }, // U+3082
    { 17, 20, 400, 4, 19, 43, 29149 }, // U+3088
    { 16, 21, 400, 5, 20, 42, 29192 }, // U+3089
    { 14, 20, 400, 5, 19, 35, 29234 }, // U+308A
    { 17, 19, 400, 4, 18, 41, 29269 }, // U+308B
    { 23, 20, 400, 1, 19, 58, 29310 }, // U+308C
    { 22, 20, 400, 1, 19, 55, 29368 }, // U+308F
    { 18, 20, 400, 3, 19, 45, 29423 }, // U+3092
    { 21, 19, 400, 2, 18, 50, 29468 }, // U+3093
    { 16, 15, 400, 5, 13, 30, 29518 }, // U+30A1
    { 20, 18, 400, 3, 17, 45, 29548 }, // U+30A2
    { 16, 17, 400, 3, 15, 34, 29593 }, // U+30A3
    { 18, 19, 400, 3, 19, 43, 29627 }, // U+30A4
    { 18, 21, 400, 4, 20, 48, 29670 }, // U+30A6
    { 21, 16, 400, 2, 17, 42, 29718 }, // U+30A8
    { 17, 16, 400, 5, 15, 34, 29760 }, // U+30A9
    { 20, 19, 400, 3, 19, 48, 29794 }, // U+30AA
    { 18, 20, 400, 3, 20, 45, 29842 }, // U+30AB
    { 19, 20, 400, 3, 19, 48, 29887 }, // U+30AD
    { 18, 21, 400, 3, 20, 48, 29935 }, // U+30AF
    { 17, 17, 400, 4, 17, 37, 29983 }, // U+30B3
    { 21, 20, 400, 1, 19, 53, 30020 }, // U+30B5
    { 23, 21, 400, 1, 19, 61, 30073 }, // U+30B6
    { 19, 19, 400, 3, 19, 46, 30134 }, // U+30B7
    { 20, 19, 400, 3, 19, 48, 30180 }, // U+30B8
    { 19, 17, 400, 3, 17, 41, 30228 }, // U+30B9
    { 20, 21, 400, 3, 21, 53, 30269 }, // U+30BA
    { 20, 19, 400, 2, 19, 48, 30322 }, // U+30BB
    { 18, 20, 400, 3, 19, 45, 30370 }, // U+30BF
    { 21, 22, 400, 2, 21, 58, 30415 }, // U+30C0
    { 20, 20, 400, 2, 19, 50, 30473 }, // U+30C1
    { 15, 15, 400, 5, 14, 29, 30523 }, // U+30C3
    { 19, 18, 400, 3, 18, 43, 30552 }, // U+30C4
    { 20, 19, 400, 3, 18, 48, 30595 }, // U+30C6
    { 22, 23, 400, 2, 21, 64, 30643 }, // U+30C7
    { 13, 19, 400, 8, 19, 31, 30707 }, // U+30C8
    { 14, 19, 400, 7, 18, 34, 30738 }, // U+30C9
    { 20, 20, 400, 3, 19, 50, 30772 }, // U+30CA
    { 20, 14, 400, 2, 16, 35, 30822 }, // U+30CB
    { 20, 21, 400, 2, 20, 53, 30857 }, // U+30CD
    { 19, 16, 400, 3, 17, 38, 30910 }, // U+30CF
    { 21, 20, 400, 2, 20, 53, 30948 }, // U+30D0
    { 21, 20, 400, 2, 20, 53, 31001 }, // U+30D1
    { 16, 19, 400, 6, 19, 38, 31054 }, // U+30D2
    { 18, 20, 400, 5, 20, 45, 31092 }, // U+30D3
    { 17, 17, 400, 4, 17, 37, 31137 }, // U+30D5
    { 20, 22, 400, 4, 22, 55, 31174 }, // U+30D6
    { 21, 20, 400, 3, 20, 53, 31229 }, // U+30D7
    { 22, 17, 400, 1, 18, 47, 31282 }, // U+30DA
    { 21, 20, 400, 2, 20, 53, 31329 }, // U+30DB
    { 22, 21, 400, 2, 20, 58, 31382 }, // U+30DC
    { 21, 22, 400, 2, 21, 58, 31440 }, // U+30DD
    { 20, 17, 400, 3, 16, 43, 31498 }, // U+30DE
    { 21, 20, 400, 2, 19, 53, 31541 }, // U+30E0
    { 18, 18, 400, 3, 18, 41, 31594 }, // U+30E1
    { 20, 17, 400, 3, 17, 43, 31635 }, // U+30E2
    { 17, 17, 400, 4, 15, 37, 31678 }, // U+30E3
    { 20, 20, 400, 2, 19, 50, 31715 }, // U+30E4
    { 17, 11, 400, 4, 12, 24, 31765 }, // U+30E5
    { 21, 15, 400, 2, 16, 40, 31789 }, // U+30E6
    { 14, 14, 400, 5, 13, 25, 31829 }, // U+30E7
    { 18, 18, 400, 4, 18, 41, 31854 }, // U+30E9
    { 13, 18, 400, 6, 18, 30, 31895 }, // U+30EA
    { 21, 18, 400, 2, 18, 48, 31925 }, // U+30EB
    { 16, 18, 400, 6, 18, 36, 31973 }, // U+30EC
    { 18, 18, 400, 3, 17, 41, 32009 }, // U+30ED
    { 18, 18, 400, 4, 17, 41, 32050 }, // U+30EF
    { 19, 18, 400, 4, 18, 43, 32091 }, // U+30F3
    { 19, 1, 400, 3, 10, 3, 32134 }, // U+30FC
    { 23, 1, 400, 1, 10, 3, 32137 }, // U+4E00
    { 22, 21, 400, 2, 20, 58, 32140 }, // U+4E03
    { 22, 18, 400, 2, 18, 50, 32198 }, // U+4E09
    { 23, 21, 400, 1, 20, 61, 32248 }, // U+4E0A
    { 22, 21, 400, 2, 19, 58, 32309 }, // U+4E0B
    { 23, 21, 400, 1, 19, 61, 32367 }, // U+4E0D
    { 20, 22, 400, 1, 20, 55, 32428 }, // U+4E0E
    { 21, 23, 400, 2, 21, 61, 32483 }, // U+4E13
    { 23, 21, 400, 1, 21, 61, 32544 }, // U+4E1A
    { 22, 21, 400, 2, 19, 58, 32605 }, // U+4E21
    { 23, 23, 400, 1, 21, 67, 32663 }, // U+4E22
    { 22, 21, 400, 2, 19, 58, 32730 }, // U+4E24
    { 23, 23, 400, 1, 21, 67, 32788 }, // U+4E2A
    { 20, 23, 400, 3, 21, 58, 32855 }, // U+4E2D
    { 19, 23, 400, 3, 21, 55, 32913 }, // U+4E32
    { 20, 23, 400, 2, 21, 58, 32968 }, // U+4E3A
    { 23, 21, 400, 1, 20, 61, 33026 }, // U+4E3B
    { 23, 23, 400, 1, 21, 67, 33087 }, // U+4E49
    { 19, 21, 400, 3, 19, 50, 33154 }, // U+4E60
    { 23, 22, 400, 1, 20, 64, 33204 }, // U+4E66
    { 20, 21, 400, 2, 19, 53, 33268 }, // U+4E86
    { 23, 23, 400, 1, 21, 67, 33321 }, // U+4E8B
    { 22, 16, 400, 1, 17, 44, 33388 }, // U+4E8C
    { 22, 21, 400, 1, 19, 58, 33432 }, // U+4E8E
    { 22, 18, 400, 1, 18, 50, 33490 }, // U+4E94
    { 23, 23, 400, 1, 21, 67, 33540 }, // U+4EA4
    { 22, 21, 400, 1, 20, 58, 33607 }, // U+4EA7
    { 23, 23, 400, 1, 21, 67, 33665 }, // U+4EBA
    { 23, 22, 400, 1, 20, 64, 33732 }, // U+4EC5
    { 23, 23, 400, 1, 21, 67, 33796 }, // U+4ECA
    { 23, 22, 400, 1, 20, 64, 33863 }, // U+4ECB
    { 23, 22, 400, 1, 20, 64, 33927 }, // U+4ECE
    { 23, 23, 400, 0, 21, 67, 33991 }, // U+4ED6
    { 21, 22, 400, 3, 20, 58, 34058 }, // U+4EE5
    { 23, 23, 400, 1, 21, 67, 34116 }, // U+4EF6
    { 23, 23, 400, 1, 21, 67, 34183 }, // U+4EFB
    { 23, 22, 400, 1, 20, 64, 34250 }, // U+4F11
    { 23, 23, 400, 1, 21, 67, 34314 }, // U+4F1A
    { 23, 23, 400, 0, 21, 67, 34381 }, // U+4F20
    { 23, 23, 400, 1, 21, 67, 34448 }, // U+4F4D
    { 23, 23, 400, 1, 21, 67, 34515 }, // U+4F4F
    { 22, 23, 400, 1, 21, 64, 34582 }, // U+4F53
    { 22, 23, 400, 2, 21, 64, 34646 }, // U+4F55
    { 23, 23, 400, 1, 21, 67, 34710 }, // U+4F59
    { 23, 22, 400, 1, 20, 64, 34777 }, // U+4F5C
    { 24, 23, 400, 1, 21, 69, 34841 }, // U+4F7F
    { 23, 23, 400, 0, 21, 67, 34910 }, // U+4F9B
    { 22, 22, 400, 1, 20, 61, 34977 }, // U+4FA7
    { 24, 23, 400, 1, 21, 69, 35038 }, // U+4FDD
    { 23, 23, 400, 0, 21, 67, 35107 }, // U+4FE1
    { 24, 23, 400, 0, 21, 69, 35174 }, // U+4FEE
    { 23, 23, 400, 0, 21, 67, 35243 }, // U+5012
    { 24, 23, 400, 0, 21, 69, 35310 }, // U+5024
    { 24, 23, 400, 0, 21, 69, 35379 }, // U+503E
    { 22, 23, 400, 1, 21, 64, 35448 }, // U+504F
    { 22, 23, 400, 1, 21, 64, 35512 }, // U+505C
    { 23, 22, 400, 0, 20, 64, 35576 }, // U+5074
    { 24, 23, 400, 0, 21, 69, 35640 }, // U+50BE
    { 23, 23, 400, 1, 21, 67, 35709 }, // U+50CF
    { 22, 21, 400, 2, 19, 58, 35776 }, // U+5143
    { 23, 23, 400, 1, 20, 67, 35834 }, // U+5148
    { 23, 23, 400, 1, 21, 67, 35901 }, // U+5149
    { 23, 23, 400, 1, 21, 67, 35968 }, // U+514D
    { 23, 22, 400, 1, 20, 64, 36035 }, // U+5165
    { 23, 22, 400, 1, 21, 64, 36099 }, // U+5168
    { 22, 23, 400, 2, 21, 64, 36163 }, // U+516D
    { 21, 23, 400, 2, 21, 61, 36227 }, // U+5173
    { 23, 23, 400, 1, 21, 67, 36288 }, // U+5176
    { 23, 22, 400, 1, 20, 64, 36355 }, // U+5177
    { 24, 23, 400, 1, 21, 69, 36419 }, // U+5178
    { 20, 23, 400, 3, 21, 58, 36488 }, // U+5185
    { 22, 21, 400, 1, 19, 58, 36546 }, // U+518C
    { 23, 21, 400, 1, 19, 61, 36604 }, // U+518D
    { 21, 21, 400, 2, 19, 56, 36665 }, // U+5199
    { 22, 23, 400, 2, 21, 64, 36721 }, // U+51C6
    { 24, 22, 400, 1, 21, 66, 36785 }, // U+51D1
    { 23, 22, 400, 1, 19, 64, 36851 }, // U+51E0
    { 23, 23, 400, 1, 21, 67, 36915 }, // U+51ED
    { 19, 23, 400, 3, 21, 55, 36982 }, // U+51FA
    { 21, 23, 400, 2, 21, 61, 37037 }, // U+51FB
    { 23, 22, 400, 1, 20, 64, 37098 }, // U+5206
    { 23, 22, 400, 0, 20, 64, 37162 }, // U+5207
    { 21, 23, 400, 1, 21, 61, 37226 }, // U+5212
    { 21, 23, 400, 2, 21, 61, 37287 }, // U+5217
    { 21, 22, 400, 1, 20, 58, 37348 }, // U+5219
    { 22, 23, 400, 1, 21, 64, 37406 }, // U+521B
    { 22, 22, 400, 1, 20, 61, 37470 }, // U+5220
    { 21, 23, 400, 2, 21, 61, 37531 }, // U+5225
    { 22, 23, 400, 1, 21, 64, 37592 }, // U+5229
    { 21, 21, 400, 2, 20, 56, 37656 }, // U+5230
    { 23, 23, 400, 1, 21, 67, 37712 }, // U+5236
    { 23, 22, 400, 0, 20, 64, 37779 }, // U+5237
    { 21, 23, 400, 2, 21, 61, 37843 }, // U+523B
    { 21, 23, 400, 2, 21, 61, 37904 }, // U+524A
    { 22, 23, 400, 1, 21, 64, 37965 }, // U+524D
    { 23, 23, 400, 1, 21, 67, 38029 }, // U+526A
    { 21, 23, 400, 2, 21, 61, 38096 }, // U+5272
    { 21, 23, 400, 2, 21, 61, 38157 }, // U+529B
    { 23, 23, 400, 2, 21, 67, 38218 }, // U+529E
    { 22, 23, 400, 2, 21, 64, 38285 }, // U+529F
    { 22, 23, 400, 0, 21, 64, 38349 }, // U+52A0
    { 22, 23, 400, 2, 21, 64, 38413 }, // U+52A1
    { 22, 22, 400, 1, 20, 61, 38477 }, // U+52A8
    { 22, 23, 400, 2, 21, 64, 38538 }, // U+52AA
    { 22, 23, 400, 1, 21, 64, 38602 }, // U+52B9
    { 22, 23, 400, 1, 21, 64, 38666 }, // U+52D5
    { 22, 23, 400, 1, 21, 64, 38730 }, // U+52FF
    { 22, 22, 400, 2, 20, 61, 38794 }, // U+5316
    { 21, 20, 400, 3, 20, 53, 38855 }, // U+5339
    { 21, 20, 400, 3, 19, 53, 38908 }, // U+533A
    { 23, 23, 400, 1, 21, 67, 38961 }, // U+5355
    { 23, 23, 400, 1, 21, 67, 39028 }, // U+5358
    { 19, 23, 400, 4, 21, 55, 39095 }, // U+5360
    { 22, 23, 400, 2, 21, 64, 39150 }, // U+5361
    { 20, 21, 400, 2, 19, 53, 39214 }, // U+5373
    { 24, 21, 400, 0, 19, 63, 39267 }, // U+5386
    { 23, 22, 400, 1, 20, 64, 39330 }, // U+538B
    { 23, 21, 400, 1, 19, 61, 39394 }, // U+539F
    { 23, 22, 400, 1, 20, 64, 39455 }, // U+53BB
    { 23, 21, 400, 1, 19, 61, 39519 }, // U+53CA
    { 22, 23, 400, 2, 21, 64, 39580 }, // U+53CD
    { 23, 23, 400, 1, 21, 67, 39644 }, // U+53D1
    { 24, 21, 400, 0, 19, 63, 39711 }, // U+53D6
    { 22, 23, 400, 1, 21, 64, 39774 }, // U+53D7
    { 23, 23, 400, 1, 21, 67, 39838 }, // U+53D8
    { 18, 19, 400, 4, 18, 43, 39905 }, // U+53E3
    { 22, 21, 400, 1, 19, 58, 39948 }, // U+53EF
    { 20, 22, 400, 3, 20, 55, 40006 }, // U+53F0
    { 23, 23, 400, 1, 21, 67, 40061 }, // U+53F2
    { 23, 23, 400, 1, 21, 67, 40128 }, // U+53F3
    { 21, 22, 400, 2, 20, 58, 40195 }, // U+53F7
    { 24, 23, 400, 1, 21, 69, 40253 }, // U+5408
    { 20, 21, 400, 2, 19, 53, 40322 }, // U+540C
    { 20, 23, 400, 1, 21, 58, 40375 }, // U+540D
    { 23, 23, 400, 1, 21, 67, 40433 }, // U+540E
    { 20, 23, 400, 3, 21, 58, 40500 }, // U+5411
    { 22, 21, 400, 1, 19, 58, 40558 }, // U+5426
    { 20, 23, 400, 1, 21, 58, 40616 }, // U+542F
    { 22, 23, 400, 1, 21, 64, 40674 }, // U+544A
    { 24, 23, 400, 1, 21, 69, 40738 }, // U+547D
    { 22, 23, 400, 1, 21, 64, 40807 }, // U+548C
    { 22, 22, 400, 2, 20, 61, 40871 }, // U+54C8
    { 22, 23, 400, 2, 21, 64, 40932 }, // U+5546
    { 22, 22, 400, 1, 20, 61, 40996 }, // U+5668
    { 20, 20, 400, 3, 19, 50, 41057 }, // U+56DB
    { 20, 22, 400, 2, 20, 55, 41107 }, // U+56DE
    { 20, 22, 400, 2, 20, 55, 41162 }, // U+56E0
    { 20, 22, 400, 2, 20, 55, 41217 }, // U+56F2
    { 20, 22, 400, 2, 20, 55, 41272 }, // U+56F4
    { 20, 22, 400, 3, 20, 55, 41327 }, // U+56FA
    { 20, 22, 400, 2, 20, 55, 41382 }, // U+56FE
    { 22, 23, 400, 1, 21, 64, 41437 }, // U+5728
    { 23, 23, 400, 1, 21, 67, 41501 }, // U+5730
    { 23, 22, 400, 1, 21, 64, 41568 }, // U+5740
    { 23, 23, 400, 1, 21, 67, 41632 }, // U+574F
    { 23, 22, 400, 1, 21, 64, 41699 }, // U+57CB
    { 23, 23, 400, 1, 21, 67, 41763 }, // U+5831
    { 22, 23, 400, 1, 21, 64, 41830 }, // U+58F0
    { 23, 22, 400, 1, 21, 64, 41894 }, // U+5904
    { 23, 23, 400, 1, 21, 67, 41958 }, // U+5907
    { 22, 23, 400, 1, 21, 64, 42025 }, // U+5909
    { 24, 23, 400, 1, 21, 69, 42089 }, // U+590D
    { 23, 22, 400, 1, 20, 64, 42158 }, // U+5916
    { 22, 23, 400, 2, 21, 64, 42222 }, // U+591A
    { 24, 23, 400, 1, 21, 69, 42286 }, // U+591C
    { 22, 23, 400, 2, 21, 64, 42355 }, // U+5927
    { 23, 21, 400, 1, 19, 61, 42419 }, // U+5929
    { 23, 23, 400, 1, 21, 67, 42480 }, // U+592E
    { 23, 23, 400, 1, 21, 67, 42547 }, // U+5931
    { 23, 23, 400, 1, 21, 67, 42614 }, // U+5939
    { 21, 24, 400, 1, 21, 63, 42681 }, // U+5982
    { 24, 23, 400, 0, 21, 69, 42744 }, // U+59CB
    { 21, 23, 400, 2, 21, 61, 42813 }, // U+5B57
    { 23, 23, 400, 1, 21, 67, 42874 }, // U+5B58
    { 22, 24, 400, 2, 22, 66, 42941 }, // U+5B66
    { 21, 23, 400, 2, 21, 61, 43007 }, // U+5B83
    { 21, 23, 400, 2, 21, 61, 43068 }, // U+5B87
    { 22, 23, 400, 2, 21, 64, 43129 }, // U+5B88
    { 21, 23, 400, 2, 21, 61, 43193 }, // U+5B89
    { 23, 23, 400, 1, 21, 67, 43254 }, // U+5B8C
    { 21, 23, 400, 2, 21, 61, 43321 }, // U+5B98
    { 21, 23, 400, 2, 21, 61, 43382 }, // U+5B99
    { 23, 24, 400, 1, 21, 69, 43443 }, // U+5B9A
    { 21, 23, 400, 2, 21, 61, 43512 }, // U+5B9E
    { 23, 23, 400, 1, 21, 67, 43573 }, // U+5B9F
    { 23, 23, 400, 1, 21, 67, 43640 }, // U+5BA2
    { 23, 23, 400, 1, 21, 67, 43707 }, // U+5BB9
    { 22, 24, 400, 2, 21, 66, 43774 }, // U+5BBD
    { 23, 23, 400, 1, 21, 67, 43840 }, // U+5BC6
    { 23, 22, 400, 1, 20, 64, 43907 }, // U+5BF9
    { 24, 23, 400, 0, 21, 69, 43971 }, // U+5C01
    { 23, 23, 400, 1, 21, 67, 44040 }, // U+5C04
    { 22, 22, 400, 1, 20, 61, 44107 }, // U+5C06
    { 22, 23, 400, 2, 21, 64, 44168 }, // U+5C0A
    { 23, 22, 400, 1, 20, 64, 44232 }, // U+5C0F
    { 19, 24, 400, 3, 22, 57, 44296 }, // U+5C1A
    { 22, 23, 400, 2, 21, 64, 44353 }, // U+5C31
    { 22, 21, 400, 0, 19, 58, 44417 }, // U+5C40
    { 23, 21, 400, 1, 19, 61, 44475 }, // U+5C45
    { 22, 22, 400, 1, 20, 61, 44536 }, // U+5C4F
    { 23, 22, 400, 1, 20, 64, 44597 }, // U+5C55
    { 21, 22, 400, 1, 20, 58, 44661 }, // U+5C5E
    { 23, 22, 400, 1, 20, 64, 44719 }, // U+5C65
    { 21, 23, 400, 1, 21, 61, 44783 }, // U+5D29
    { 23, 23, 400, 1, 21, 67, 44844 }, // U+5D4C
    { 23, 18, 400, 1, 18, 52, 44911 }, // U+5DE5
    { 22, 22, 400, 1, 21, 61, 44963 }, // U+5DE6
    { 22, 20, 400, 2, 19, 55, 45024 }, // U+5DF2
    { 23, 23, 400, 1, 21, 67, 45079 }, // U+5E03
    { 22, 23, 400, 1, 21, 64, 45146 }, // U+5E0C
    { 21, 23, 400, 2, 21, 61, 45210 }, // U+5E38
    { 23, 23, 400, 1, 21, 67, 45271 }, // U+5E55
    { 23, 21, 400, 1, 19, 61, 45338 }, // U+5E73
    { 23, 23, 400, 2, 21, 67, 45399 }, // U+5E74
    { 22, 23, 400, 1, 21, 64, 45466 }, // U+5E76
    { 23, 22, 400, 1, 20, 64, 45530 }, // U+5E83
    { 24, 24, 400, 0, 21, 72, 45594 }, // U+5E94
    { 23, 23, 400, 0, 21, 67, 45666 }, // U+5E95
    { 23, 23, 400, 1, 21, 67, 45733 }, // U+5EA6
    { 23, 22, 400, 1, 20, 64, 45800 }, // U+5EFA
    { 22, 21, 400, 2, 19, 58, 45864 }, // U+5F00
    { 22, 22, 400, 2, 20, 61, 45922 }, // U+5F02
    { 22, 23, 400, 1, 21, 64, 45983 }, // U+5F0F
    { 19, 22, 400, 2, 20, 53, 46047 }, // U+5F15
    { 22, 22, 400, 2, 20, 61, 46100 }, // U+5F35
    { 23, 23, 400, 1, 21, 67, 46161 }, // U+5F39
    { 19, 23, 400, 3, 21, 55, 46228 }, // U+5F53
    { 22, 21, 400, 2, 19, 58, 46283 }, // U+5F55
    { 23, 22, 400, 1, 20, 64, 46341 }, // U+5F62
    { 23, 23, 400, 1, 21, 67, 46405 }, // U+5F85
    { 23, 23, 400, 1, 21, 67, 46472 }, // U+5F8B
    { 23, 23, 400, 1, 21, 67, 46539 }, // U+5F8C
    { 23, 23, 400, 1, 21, 67, 46606 }, // U+5F97
    { 23, 23, 400, 1, 21, 67, 46673 }, // U+5FA9
    { 24, 23, 400, 0, 21, 69, 46740 }, // U+5FAE
    { 23, 21, 400, 1, 19, 61, 46809 }, // U+5FC3
    { 24, 23, 400, 1, 21, 69, 46870 }, // U+5FC5
    { 23, 22, 400, 1, 20, 64, 46939 }, // U+5FC6
    { 23, 23, 400, 1, 21, 67, 47003 }, // U+5FD8
    { 24, 22, 400, 1, 20, 66, 47070 }, // U+5FEB
    { 22, 23, 400, 2, 21, 64, 47136 }, // U+5FFD
    { 22, 23, 400, 2, 21, 64, 47200 }, // U+6001
    { 21, 23, 400, 2, 21, 61, 47264 }, // U+6020
    { 23, 22, 400, 1, 20, 64, 47325 }, // U+6027
    { 23, 23, 400, 1, 21, 67, 47389 }, // U+603B
    { 22, 23, 400, 1, 21, 64, 47456 }, // U+6062
    { 22, 23, 400, 1, 21, 64, 47520 }, // U+606F
    { 23, 23, 400, 1, 21, 67, 47584 }, // U+60A8
    { 23, 22, 400, 1, 20, 64, 47651 }, // U+60C5
    { 22, 22, 400, 2, 20, 61, 47715 }, // U+60EF
    { 22, 22, 400, 1, 20, 61, 47776 }, // U+60F0
    { 21, 23, 400, 2, 21, 61, 47837 }, // U+610F
    { 22, 23, 400, 1, 21, 64, 47898 }, // U+614B
    { 23, 22, 400, 1, 20, 64, 47962 }, // U+6163
    { 23, 23, 400, 1, 21, 67, 48026 }, // U+61A9
    { 23, 23, 400, 1, 21, 67, 48093 }, // U+6210
    { 23, 22, 400, 1, 20, 64, 48160 }, // U+6211
    { 22, 23, 400, 2, 21, 64, 48224 }, // U+6216
    { 22, 23, 400, 2, 21, 64, 48288 }, // U+622A
    { 20, 23, 400, 1, 21, 58, 48352 }, // U+6237
    { 23, 22, 400, 1, 21, 64, 48410 }, // U+623B
    { 23, 23, 400, 1, 21, 67, 48474 }, // U+6240
    { 23, 23, 400, 1, 21, 67, 48541 }, // U+624B
    { 23, 23, 400, 1, 21, 67, 48608 }, // U+6253
    { 23, 23, 400, 1, 21, 67, 48675 }, // U+6269
    { 21, 23, 400, 1, 21, 61, 48742 }, // U+626B
    { 23, 23, 400, 1, 21, 67, 48803 }, // U+627E
    { 23, 21, 400, 1, 19, 61, 48870 }, // U+627F
    { 23, 23, 400, 1, 21, 67, 48931 }, // U+6280
    { 23, 23, 400, 1, 21, 67, 48998 }, // U+6295
    { 23, 24, 400, 1, 22, 69, 49065 }, // U+6297
    { 23, 23, 400, 1, 21, 67, 49134 }, // U+629C
    { 23, 23, 400, 1, 21, 67, 49201 }, // U+629E
    { 22, 23, 400, 1, 21, 64, 49268 }, // U+62A4
    { 23, 23, 400, 1, 21, 67, 49332 }, // U+62A5
    { 22, 23, 400, 1, 21, 64, 49399 }, // U+62BC
    { 22, 23, 400, 1, 21, 64, 49463 }, // U+62C5
    { 23, 23, 400, 1, 21, 67, 49527 }, // U+62C9
    { 23, 23, 400, 1, 21, 67, 49594 }, // U+62E1
    { 23, 23, 400, 1, 21, 67, 49661 }, // U+62E9
    { 24, 23, 400, 1, 21, 69, 49728 }, // U+6301
    { 23, 23, 400, 1, 21, 67, 49797 }, // U+6307
    { 23, 23, 400, 1, 21, 67, 49864 }, // U+6309
    { 22, 23, 400, 1, 21, 64, 49931 }, // U+6357
    { 24, 23, 400, 1, 21, 69, 49995 }, // U+635F
    { 23, 23, 400, 2, 21, 67, 50064 }, // U+6362
    { 23, 23, 400, 1, 21, 67, 50131 }, // U+636E
    { 23, 23, 400, 1, 21, 67, 50198 }, // U+6388
    { 23, 23, 400, 1, 21, 67, 50265 }, // U+6392
    { 24, 23, 400, 0, 21, 69, 50332 }, // U+63A5
    { 23, 23, 400, 1, 21, 67, 50401 }, // U+63A7
    { 23, 23, 400, 1, 21, 67, 50468 }, // U+63C3
    { 24, 23, 400, 1, 21, 69, 50535 }, // U+63CF
    { 24, 23, 400, 1, 21, 69, 50604 }, // U+63D0
    { 23, 23, 400, 1, 21, 67, 50673 }, // U+63D2
    { 23, 23, 400, 2, 21, 67, 50740 }, // U+641C
    { 24, 23, 400, 1, 21, 69, 50807 }, // U+64AD
    { 23, 23, 400, 1, 21, 67, 50876 }, // U+64CD
    { 22, 22, 400, 2, 20, 61, 50943 }, // U+6536
    { 23, 23, 400, 1, 21, 67, 51004 }, // U+653E
    { 23, 23, 400, 1, 21, 67, 51071 }, // U+6545
    { 22, 23, 400, 2, 21, 64, 51138 }, // U+6548
    { 23, 23, 400, 1, 21, 67, 51202 }, // U+6557
    { 24, 23, 400, 1, 21, 69, 51269 }, // U+6570
    { 24, 22, 400, 0, 21, 66, 51338 }, // U+6574
    { 23, 23, 400, 1, 21, 67, 51404 }, // U+6587
    { 24, 22, 400, 1, 20, 66, 51471 }, // U+659C
    { 21, 23, 400, 3, 21, 61, 51537 }, // U+65AD
    { 23, 23, 400, 1, 21, 67, 51598 }, // U+65B0
    { 22, 23, 400, 1, 21, 64, 51665 }, // U+65B9
    { 23, 22, 400, 1, 19, 64, 51729 }, // U+65E0
    { 21, 22, 400, 2, 20, 58, 51793 }, // U+65E2
    { 15, 21, 400, 5, 19, 40, 51851 }, // U+65E5
    { 23, 22, 400, 1, 20, 64, 51891 }, // U+65E9
    { 22, 23, 400, 3, 21, 64, 51955 }, // U+65F6
    { 20, 22, 400, 2, 20, 55, 52019 }, // U+660E
    { 22, 22, 400, 1, 20, 61, 52074 }, // U+661F
    { 22, 24, 400, 2, 21, 66, 52135 }, // U+6620
    { 23, 23, 400, 1, 20, 67, 52201 }, // U+662F
    { 22, 20, 400, 1, 20, 55, 52268 }, // U+663E
    { 22, 23, 400, 2, 21, 64, 52323 }, // U+6642
    { 21, 23, 400, 2, 21, 61, 52387 }, // U+667A
    { 22, 23, 400, 2, 21, 64, 52448 }, // U+6682
    { 21, 23, 400, 2, 21, 61, 52512 }, // U+6697
    { 23, 21, 400, 1, 19, 61, 52573 }, // U+66F4
    { 21, 23, 400, 2, 21, 61, 52634 }, // U+66F8
    { 23, 22, 400, 2, 20, 64, 52695 }, // U+66FF
    { 23, 22, 400, 1, 20, 64, 52759 }, // U+6700
    { 20, 21, 400, 1, 19, 53, 52823 }, // U+6708
    { 23, 23, 400, 1, 21, 67, 52876 }, // U+6709
    { 23, 22, 400, 1, 20, 64, 52943 }, // U+670D
    { 22, 22, 400, 1, 20, 61, 53007 }, // U+671F
    { 23, 22, 400, 1, 20, 64, 53068 }, // U+672A
    { 23, 23, 400, 1, 21, 67, 53132 }, // U+672B
    { 23, 23, 400, 1, 21, 67, 53199 }, // U+672C
    { 23, 22, 400, 1, 20, 64, 53266 }, // U+672F
    { 23, 23, 400, 1, 21, 67, 53330 }, // U+673A
    { 23, 23, 400, 1, 21, 67, 53397 }, // U+6743
    { 23, 23, 400, 1, 21, 67, 53464 }, // U+675F
    { 23, 23, 400, 1, 21, 67, 53531 }, // U+6761
    { 23, 23, 400, 1, 21, 67, 53598 }, // U+6765
    { 23, 23, 400, 1, 21, 67, 53665 }, // U+677E
    { 23, 23, 400, 1, 21, 67, 53732 }, // U+6790
    { 23, 22, 400, 1, 20, 64, 53799 }, // U+679C
    { 23, 23, 400, 1, 21, 67, 53863 }, // U+67B6
    { 23, 22, 400, 1, 21, 64, 53930 }, // U+67E5
    { 23, 23, 400, 1, 21, 67, 53994 }, // U+6807
    { 23, 23, 400, 1, 21, 67, 54061 }, // U+680F
    { 23, 23, 400, 1, 21, 67, 54128 }, // U+6821
    { 23, 23, 400, 1, 21, 67, 54195 }, // U+6837
    { 23, 23, 400, 1, 21, 67, 54262 }, // U+6839
    { 24, 23, 400, 1, 21, 69, 54329 }, // U+683C
    { 23, 23, 400, 1, 21, 67, 54398 }, // U+6848
    { 21, 23, 400, 1, 21, 61, 54465 }, // U+6863
    { 23, 23, 400, 1, 21, 67, 54526 }, // U+68C0
    { 24, 23, 400, 0, 21, 69, 54593 }, // U+691C
    { 23, 23, 400, 1, 21, 67, 54662 }, // U+6A19
    { 23, 22, 400, 1, 20, 64, 54729 }, // U+6A21
    { 24, 23, 400, 0, 21, 69, 54793 }, // U+6A2A
    { 24, 23, 400, 0, 21, 69, 54862 }, // U+6A5F
    { 22, 23, 400, 2, 21, 64, 54931 }, // U+6B21
    { 23, 21, 400, 1, 21, 61, 54995 }, // U+6B62
    { 23, 19, 400, 1, 19, 55, 55056 }, // U+6B63
    { 23, 23, 400, 1, 21, 67, 55111 }, // U+6B64
    { 21, 23, 400, 2, 21, 61, 55178 }, // U+6B65
    { 23, 21, 400, 1, 19, 61, 55239 }, // U+6B74
    { 23, 21, 400, 1, 20, 61, 55300 }, // U+6B7B
    { 22, 23, 400, 2, 21, 64, 55361 }, // U+6B8B
    { 23, 23, 400, 0, 21, 67, 55425 }, // U+6BB5
    { 23, 23, 400, 1, 21, 67, 55492 }, // U+6BCF
    { 21, 22, 400, 3, 21, 58, 55559 }, // U+6BD4
    { 22, 23, 400, 2, 21, 64, 55617 }, // U+6C42
    { 23, 23, 400, 1, 21, 67, 55681 }, // U+6C7A
    { 23, 23, 400, 1, 21, 67, 55748 }, // U+6CA1
    { 22, 23, 400, 1, 21, 64, 55815 }, // U+6CD5
    { 23, 23, 400, 1, 21, 67, 55879 }, // U+6CE8
    { 23, 22, 400, 1, 20, 64, 55946 }, // U+6D2A
    { 23, 23, 400, 1, 21, 67, 56010 }, // U+6D41
    { 23, 23, 400, 1, 21, 67, 56077 }, // U+6D45
    { 21, 23, 400, 1, 21, 61, 56144 }, // U+6D4F
    { 22, 23, 400, 1, 21, 64, 56205 }, // U+6D88
    { 23, 22, 400, 1, 20, 64, 56269 }, // U+6DF1
    { 23, 22, 400, 1, 20, 64, 56333 }, // U+6DFB
    { 23, 23, 400, 1, 21, 67, 56397 }, // U+6E05
    { 23, 23, 400, 1, 21, 67, 56464 }, // U+6E08
    { 23, 23, 400, 1, 21, 67, 56531 }, // U+6E83
    { 24, 23, 400, 1, 21, 69, 56598 }, // U+6E90
    { 23, 23, 400, 1, 21, 67, 56667 }, // U+6E96
    { 23, 23, 400, 1, 21, 67, 56734 }, // U+6EE4
    { 23, 22, 400, 1, 20, 64, 56801 }, // U+6EE5
    { 22, 22, 400, 1, 21, 61, 56865 }, // U+70B9
    { 23, 23, 400, 1, 21, 67, 56926 }, // U+70ED
    { 23, 23, 400, 1, 21, 67, 56993 }, // U+7121
    { 23, 23, 400, 1, 21, 67, 57060 }, // U+7136
    { 23, 22, 400, 1, 20, 64, 57127 }, // U+7167
    { 22, 23, 400, 1, 21, 64, 57191 }, // U+7247
    { 23, 23, 400, 1, 21, 67, 57255 }, // U+7248
    { 22, 23, 400, 1, 21, 64, 57322 }, // U+7279
    { 23, 23, 400, 1, 21, 67, 57386 }, // U+72AC
    { 23, 22, 400, 1, 20, 64, 57453 }, // U+72B6
    { 23, 22, 400, 1, 20, 64, 57517 }, // U+72D0
    { 23, 23, 400, 1, 21, 67, 57581 }, // U+72ED
    { 22, 23, 400, 2, 21, 64, 57648 }, // U+7384
    { 23, 23, 400, 1, 21, 67, 57712 }, // U+7387
    { 22, 22, 400, 1, 20, 61, 57779 }, // U+73B0
    { 23, 21, 400, 1, 19, 61, 57840 }, // U+73FE
    { 23, 21, 400, 1, 20, 61, 57901 }, // U+7406
    { 23, 22, 400, 1, 21, 64, 57962 }, // U+751F
    { 22, 21, 400, 0, 19, 58, 58026 }, // U+7528
    { 19, 23, 400, 3, 21, 55, 58084 }, // U+7531
    { 22, 23, 400, 3, 21, 64, 58139 }, // U+7535
    { 20, 21, 400, 3, 19, 53, 58203 }, // U+753B
    { 23, 22, 400, 1, 20, 64, 58256 }, // U+754C
    { 21, 23, 400, 2, 21, 61, 58320 }, // U+7559
    { 23, 23, 400, 1, 21, 67, 58381 }, // U+7565
    { 23, 23, 400, 1, 21, 67, 58448 }, // U+756A
    { 24, 23, 400, 0, 21, 69, 58515 }, // U+767B
    { 17, 23, 400, 4, 21, 49, 58584 }, // U+767D
    { 22, 21, 400, 2, 19, 58, 58633 }, // U+767E
    { 20, 23, 400, 3, 21, 58, 58691 }, // U+7684
    { 23, 22, 400, 1, 21, 64, 58749 }, // U+76D8
    { 16, 21, 400, 4, 19, 42, 58813 }, // U+76EE
    { 22, 23, 400, 1, 21, 64, 58855 }, // U+76F8
    { 22, 23, 400, 1, 21, 64, 58919 }, // U+7701
    { 22, 22, 400, 1, 20, 61, 58983 }, // U+770B
    { 22, 22, 400, 2, 20, 61, 59044 }, // U+7720
    { 22, 23, 400, 1, 21, 64, 59105 }, // U+77E5
    { 23, 22, 400, 1, 21, 64, 59169 }, // U+77ED
    { 22, 21, 400, 1, 19, 58, 59233 }, // U+7801
    { 23, 21, 400, 1, 19, 61, 59291 }, // U+7814
    { 24, 23, 400, 0, 21, 69, 59352 }, // U+7834
    { 22, 23, 400, 1, 21, 64, 59421 }, // U+786E
    { 24, 23, 400, 1, 21, 69, 59485 }, // U+78BA
    { 22, 21, 400, 1, 19, 58, 59554 }, // U+793A
    { 23, 23, 400, 0, 21, 67, 59612 }, // U+793E
    { 23, 23, 400, 1, 21, 67, 59679 }, // U+7981
    { 23, 23, 400, 1, 21, 67, 59746 }, // U+79D2
    { 23, 23, 400, 1, 21, 67, 59813 }, // U+79F0
    { 22, 23, 400, 1, 21, 64, 59880 }, // U+79FB
    { 24, 23, 400, 1, 21, 69, 59944 }, // U+7A0B
    { 23, 23, 400, 1, 21, 67, 60013 }, // U+7A33
    { 22, 23, 400, 2, 21, 64, 60080 }, // U+7A76
    { 21, 22, 400, 2, 21, 58, 60144 }, // U+7A7A
    { 21, 23, 400, 2, 21, 61, 60202 }, // U+7A97
    { 22, 22, 400, 1, 21, 61, 60263 }, // U+7ACB
    { 22, 22, 400, 2, 20, 61, 60324 }, // U+7AD6
    { 23, 23, 400, 1, 21, 67, 60385 }, // U+7AE0
    { 22, 23, 400, 2, 21, 64, 60452 }, // U+7AEF
    { 23, 23, 400, 1, 21, 67, 60516 }, // U+7B26
    { 23, 23, 400, 1, 21, 67, 60583 }, // U+7B2C
    { 23, 22, 400, 1, 20, 64, 60650 }, // U+7B49
    { 23, 23, 400, 1, 21, 67, 60714 }, // U+7B54
    { 23, 21, 400, 1, 20, 61, 60781 }, // U+7B7E
    { 21, 22, 400, 2, 20, 58, 60842 }, // U+7B80
    { 23, 23, 400, 1, 21, 67, 60900 }, // U+7B97
    { 22, 23, 400, 1, 21, 64, 60967 }, // U+7BA1
    { 24, 23, 400, 0, 21, 69, 61031 }, // U+7BC4
    { 23, 23, 400, 1, 21, 67, 61100 }, // U+7C4D
    { 24, 22, 400, 1, 20, 66, 61167 }, // U+7C97
    { 23, 23, 400, 1, 21, 67, 61233 }, // U+7CCA
    { 21, 23, 400, 2, 21, 61, 61300 }, // U+7CFB
    { 23, 23, 400, 1, 21, 67, 61361 }, // U+7D20
    { 21, 23, 400, 2, 21, 61, 61428 }, // U+7D22
    { 21, 22, 400, 2, 20, 58, 61489 }, // U+7D27
    { 21, 22, 400, 2, 20, 58, 61547 }, // U+7D2F
    { 23, 23, 400, 1, 21, 67, 61605 }, // U+7D30
    { 22, 23, 400, 1, 21, 64, 61672 }, // U+7D42
    { 23, 22, 400, 1, 20, 64, 61736 }, // U+7D4C
    { 22, 24, 400, 1, 21, 66, 61800 }, // U+7D71
    { 24, 23, 400, 0, 21, 69, 61866 }, // U+7D9A
    { 23, 23, 400, 1, 21, 67, 61935 }, // U+7E26
    { 23, 23, 400, 1, 21, 67, 62002 }, // U+7E3E
    { 23, 23, 400, 1, 21, 67, 62069 }, // U+7EBF
    { 24, 23, 400, 0, 21, 69, 62136 }, // U+7EC6
    { 23, 23, 400, 1, 21, 67, 62205 }, // U+7EC8
    { 23, 21, 400, 1, 20, 61, 62272 }, // U+7ECF
    { 23, 23, 400, 0, 21, 67, 62333 }, // U+7ED3
    { 23, 23, 400, 1, 21, 67, 62400 }, // U+7EDC
    { 22, 23, 400, 1, 21, 64, 62467 }, // U+7EDF
    { 23, 21, 400, 1, 21, 61, 62531 }, // U+7EE7
    { 22, 23, 400, 1, 21, 64, 62592 }, // U+7EED
    { 23, 23, 400, 1, 21, 67, 62656 }, // U+7EF4
    { 23, 23, 400, 1, 21, 67, 62723 }, // U+7F13
    { 22, 23, 400, 1, 21, 64, 62790 }, // U+7F16
    { 22, 23, 400, 1, 21, 64, 62854 }, // U+7F29
    { 20, 21, 400, 2, 19, 53, 62918 }, // U+7F51
    { 21, 21, 400, 2, 20, 56, 62971 }, // U+7F6E
    { 20, 22, 400, 2, 20, 55, 63027 }, // U+7FD2
    { 23, 23, 400, 1, 21, 67, 63082 }, // U+7FFB
    { 22, 23, 400, 1, 21, 64, 63149 }, // U+8005
    { 23, 23, 400, 2, 21, 67, 63213 }, // U+8010
    { 22, 23, 400, 2, 21, 64, 63280 }, // U+80FD
    { 22, 23, 400, 1, 21, 64, 63344 }, // U+811A
    { 17, 23, 400, 4, 21, 49, 63408 }, // U+81EA
    { 23, 23, 400, 1, 21, 67, 63457 }, // U+822C
    { 23, 22, 400, 1, 20, 64, 63524 }, // U+8272
    { 21, 23, 400, 2, 21, 61, 63588 }, // U+8282
    { 24, 23, 400, 1, 21, 69, 63649 }, // U+82AF
    { 23, 23, 400, 1, 21, 67, 63718 }, // U+82E5
    { 22, 23, 400, 2, 21, 64, 63785 }, // U+8303
    { 22, 23, 400, 1, 21, 64, 63849 }, // U+8304
    { 24, 23, 400, 1, 21, 69, 63913 }, // U+8336
    { 23, 22, 400, 1, 20, 64, 63982 }, // U+8352
    { 23, 23, 400, 1, 21, 67, 64046 }, // U+83B7
    { 23, 23, 400, 1, 21, 67, 64113 }, // U+83DC
    { 22, 22, 400, 1, 20, 61, 64180 }, // U+8425
    { 23, 23, 400, 2, 21, 67, 64241 }, // U+843D
    { 23, 23, 400, 1, 21, 67, 64308 }, // U+8535
    { 24, 23, 400, 1, 21, 69, 64375 }, // U+8584
    { 23, 23, 400, 1, 21, 67, 64444 }, // U+85CF
    { 23, 23, 400, 1, 21, 67, 64511 }, // U+884C
    { 23, 23, 400, 1, 21, 67, 64578 }, // U+8868
    { 22, 23, 400, 1, 21, 64, 64645 }, // U+88C1
    { 22, 23, 400, 1, 21, 64, 64709 }, // U+88C5
    { 23, 23, 400, 1, 21, 67, 64773 }, // U+88DC
    { 24, 23, 400, 0, 21, 69, 64840 }, // U+892A
    { 22, 22, 400, 1, 20, 61, 64909 }, // U+8981
    { 23, 22, 400, 1, 20, 64, 64970 }, // U+898B
    { 24, 23, 400, 0, 21, 69, 65034 }, // U+8996
    { 22, 23, 400, 2, 21, 64, 65103 }, // U+89A7
    { 22, 23, 400, 2, 20, 64, 65167 }, // U+89C4
    { 21, 22, 400, 2, 20, 58, 65231 }, // U+89C8
    { 23, 23, 400, 1, 21, 67, 65289 }, // U+89E3
    { 22, 23, 400, 2, 21, 64, 65356 }, // U+8A00
    { 22, 23, 400, 2, 21, 64, 65420 }, // U+8A08
    { 23, 23, 400, 1, 21, 67, 65484 }, // U+8A18
    { 22, 23, 400, 2, 21, 64, 65551 }, // U+8A2D
    { 23, 23, 400, 1, 21, 67, 65615 }, // U+8A3C
    { 23, 23, 400, 1, 21, 67, 65682 }, // U+8A66
    { 22, 23, 400, 1, 21, 64, 65749 }, // U+8A73
    { 23, 23, 400, 1, 21, 67, 65813 }, // U+8A8D
    { 23, 23, 400, 1, 21, 67, 65880 }, // U+8A9E
    { 23, 23, 400, 1, 21, 67, 65947 }, // U+8AAD
    { 23, 23, 400, 1, 21, 67, 66014 }, // U+8BA1
    { 23, 22, 400, 1, 20, 64, 66081 }, // U+8BA2
    { 23, 23, 400, 1, 21, 67, 66145 }, // U+8BA4
    { 22, 22, 400, 1, 20, 61, 66212 }, // U+8BB0
    { 23, 22, 400, 1, 20, 64, 66273 }, // U+8BBE
    { 23, 22, 400, 1, 21, 64, 66337 }, // U+8BC1
    { 23, 21, 400, 1, 19, 61, 66401 }, // U+8BC4
    { 22, 22, 400, 1, 20, 61, 66462 }, // U+8BC6
    { 21, 21, 400, 1, 19, 56, 66523 }, // U+8BCD
    { 23, 23, 400, 1, 21, 67, 66579 }, // U+8BD5
    { 22, 23, 400, 1, 21, 64, 66646 }, // U+8BE2
    { 22, 24, 400, 1, 22, 66, 66710 }, // U+8BE5
    { 23, 23, 400, 1, 21, 67, 66776 }, // U+8BE6
    { 23, 22, 400, 1, 20, 64, 66843 }, // U+8BED
    { 23, 22, 400, 1, 20, 64, 66907 }, // U+8BEF
    { 22, 23, 400, 1, 21, 64, 66971 }, // U+8BF7
    { 22, 23, 400, 1, 21, 64, 67035 }, // U+8BFB
    { 23, 23, 400, 1, 21, 67, 67099 }, // U+8D23
    { 22, 23, 400, 1, 21, 64, 67166 }, // U+8D25
    { 23, 24, 400, 1, 21, 69, 67230 }, // U+8D26
    { 23, 23, 400, 1, 21, 67, 67299 }, // U+8D5E
    { 23, 23, 400, 1, 21, 67, 67366 }, // U+8D77
    { 23, 22, 400, 1, 20, 64, 67433 }, // U+8D85
    { 23, 23, 400, 1, 21, 67, 67497 }, // U+8D8A
    { 23, 23, 400, 1, 20, 67, 67564 }, // U+8DB3
    { 23, 20, 400, 1, 19, 58, 67631 }, // U+8DDD
    { 23, 22, 400, 1, 20, 64, 67689 }, // U+8DDF
    { 23, 24, 400, 1, 21, 69, 67753 }, // U+8DF3
    { 23, 23, 400, 1, 21, 67, 67822 }, // U+8EE2
    { 22, 23, 400, 1, 21, 64, 67889 }, // U+8F6C
    { 22, 23, 400, 2, 21, 64, 67953 }, // U+8F6E
    { 23, 23, 400, 1, 21, 67, 68017 }, // U+8F7D
    { 23, 23, 400, 1, 21, 67, 68084 }, // U+8F91
    { 23, 23, 400, 1, 21, 67, 68151 }, // U+8F93
    { 24, 23, 400, 0, 21, 69, 68218 }, // U+8F9E
    { 24, 22, 400, 1, 20, 66, 68287 }, // U+8FB9
    { 23, 22, 400, 1, 21, 64, 68353 }, // U+8FBC
    { 22, 22, 400, 1, 21, 61, 68417 }, // U+8FBE
    { 23, 22, 400, 1, 21, 64, 68478 }, // U+8FC7
    { 23, 21, 400, 1, 19, 61, 68542 }, // U+8FD0
    { 22, 22, 400, 1, 21, 61, 68603 }, // U+8FD1
    { 23, 21, 400, 1, 20, 61, 68664 }, // U+8FD4
    { 23, 22, 400, 1, 20, 64, 68725 }, // U+8FD8
    { 23, 23, 400, 1, 21, 67, 68789 }, // U+8FD9
    { 23, 21, 400, 1, 20, 61, 68856 }, // U+8FDB
    { 23, 21, 400, 1, 19, 61, 68917 }, // U+8FDC
    { 23, 23, 400, 1, 21, 67, 68978 }, // U+8FDE
    { 23, 22, 400, 1, 21, 64, 69045 }, // U+8FF0
    { 23, 23, 400, 1, 21, 67, 69109 }, // U+8FFD
    { 23, 21, 400, 1, 20, 61, 69176 }, // U+9000
    { 24, 23, 400, 1, 21, 69, 69237 }, // U+9001
    { 23, 21, 400, 1, 20, 61, 69306 }, // U+9002
    { 23, 23, 400, 1, 21, 67, 69367 }, // U+9006
    { 23, 23, 400, 1, 21, 67, 69434 }, // U+9009
    { 23, 23, 400, 1, 21, 67, 69501 }, // U+9014
    { 23, 23, 400, 1, 21, 67, 69568 }, // U+901F
    { 24, 23, 400, 1, 21, 69, 69635 }, // U+9023
    { 23, 23, 400, 1, 21, 67, 69704 }, // U+9032
    { 24, 23, 400, 1, 21, 69, 69771 }, // U+904E
    { 23, 23, 400, 1, 21, 67, 69840 }, // U+9075
    { 23, 22, 400, 1, 20, 64, 69907 }, // U+9078
    { 22, 23, 400, 1, 21, 64, 69971 }, // U+90E8
    { 23, 23, 400, 0, 21, 67, 70035 }, // U+90FD
    { 22, 22, 400, 2, 20, 61, 70102 }, // U+914D
    { 23, 21, 400, 1, 20, 61, 70163 }, // U+91CD
    { 23, 22, 400, 1, 20, 64, 70224 }, // U+91CF
    { 24, 23, 400, 1, 21, 69, 70288 }, // U+9332
    { 23, 23, 400, 1, 21, 67, 70357 }, // U+9488
    { 21, 23, 400, 2, 21, 61, 70424 }, // U+949F
    { 23, 22, 400, 0, 21, 64, 70485 }, // U+94FE
    { 23, 24, 400, 1, 22, 69, 70549 }, // U+9501
    { 22, 23, 400, 1, 21, 64, 70618 }, // U+9505
    { 22, 23, 400, 2, 21, 64, 70682 }, // U+9519
    { 24, 23, 400, 0, 21, 69, 70746 }, // U+952E
    { 22, 23, 400, 1, 21, 64, 70815 }, // U+952F
    { 22, 23, 400, 1, 21, 64, 70879 }, // U+955C
    { 23, 22, 400, 1, 20, 64, 70943 }, // U+9577
    { 22, 23, 400, 2, 21, 64, 71007 }, // U+957F
    { 20, 22, 400, 3, 20, 55, 71071 }, // U+958B
    { 20, 22, 400, 3, 20, 55, 71126 }, // U+9593
    { 20, 22, 400, 3, 20, 55, 71181 }, // U+95B2
    { 20, 23, 400, 2, 21, 58, 71236 }, // U+95E8
    { 20, 22, 400, 3, 20, 55, 71294 }, // U+95ED
    { 20, 22, 400, 3, 20, 55, 71349 }, // U+95EE
    { 20, 22, 400, 3, 20, 55, 71404 }, // U+95F4
    { 20, 22, 400, 3, 20, 55, 71459 }, // U+9605
    { 20, 22, 400, 2, 20, 55, 71514 }, // U+9633
    { 22, 23, 400, 2, 21, 64, 71569 }, // U+9636
    { 22, 23, 400, 2, 21, 64, 71633 }, // U+9644
    { 21, 22, 400, 3, 20, 58, 71697 }, // U+9650
    { 22, 23, 400, 2, 21, 64, 71755 }, // U+9664
    { 22, 23, 400, 2, 21, 64, 71819 }, // U+9669
    { 22, 22, 400, 2, 20, 61, 71883 }, // U+968E
    { 22, 23, 400, 2, 21, 64, 71944 }, // U+968F
    { 22, 23, 400, 2, 21, 64, 72008 }, // U+9690
    { 22, 22, 400, 2, 20, 61, 72072 }, // U+9694
    { 22, 23, 400, 2, 21, 64, 72133 }, // U+969C
    { 22, 22, 400, 2, 20, 61, 72197 }, // U+96A0
    { 23, 22, 400, 1, 20, 64, 72258 }, // U+96B6
    { 23, 24, 400, 1, 22, 69, 72322 }, // U+96C6
    { 22, 23, 400, 1, 21, 64, 72391 }, // U+96E3
    { 22, 22, 400, 2, 20, 61, 72455 }, // U+96FB
    { 21, 22, 400, 2, 20, 58, 72516 }, // U+9700
    { 23, 23, 400, 1, 21, 67, 72574 }, // U+975E
    { 22, 21, 400, 2, 19, 58, 72641 }, // U+9762
    { 23, 22, 400, 1, 20, 64, 72699 }, // U+9805
    { 22, 23, 400, 1, 21, 64, 72763 }, // U+983B
    { 22, 21, 400, 1, 19, 58, 72827 }, // U+9875
    { 23, 22, 400, 1, 20, 64, 72885 }, // U+9876
    { 23, 22, 400, 1, 20, 64, 72949 }, // U+9879
    { 23, 22, 400, 1, 19, 64, 73013 }, // U+987A
    { 23, 22, 400, 1, 20, 64, 73077 }, // U+9884
    { 22, 23, 400, 1, 21, 64, 73141 }, // U+9891
    { 23, 23, 400, 1, 20, 67, 73205 }, // U+9898
    { 23, 23, 400, 2, 21, 67, 73272 }, // U+989D
    { 23, 21, 400, 1, 19, 61, 73339 }, // U+98CE
    { 23, 21, 400, 1, 19, 61, 73400 }, // U+98DB
    { 24, 23, 400, 0, 21, 69, 73461 }, // U+996D
    { 22, 23, 400, 2, 21, 64, 73530 }, // U+9988
    { 23, 23, 400, 1, 21, 67, 73594 }, // U+9A8C
    { 23, 23, 400, 1, 21, 67, 73661 }, // U+9EC4
    { 23, 23, 400, 1, 21, 67, 73728 }, // U+9ED8
    { 23, 23, 400, 1, 21, 67, 73795 }, // U+9F50
    { 22, 23, 400, 1, 21, 64, 73862 }, // U+9F7F
    { 20, 19, 336, 2, 19, 48, 73926 }, // U+FB00
    { 15, 19, 283, 2, 19, 36, 73974 }, // U+FB01
    { 17, 19, 294, 2, 19, 41, 74010 }, // U+FB02
    { 26, 19, 451, 2, 19, 62, 74051 }, // U+FB03
    { 28, 19, 462, 2, 19, 67, 74113 }, // U+FB04
    { 1, 19, 400, 6, 19, 3, 74180 }, // U+FF01
    { 7, 7, 400, 9, 22, 7, 74183 }, // U+FF02
    { 17, 19, 400, 4, 19, 41, 74190 }, // U+FF03
    { 13, 25, 400, 6, 22, 41, 74231 }, // U+FF04
    { 20, 19, 400, 3, 19, 48, 74272 }, // U+FF05
    { 15, 19, 400, 5, 19, 36, 74320 }, // U+FF06
    { 2, 7, 400, 11, 22, 2, 74356 }, // U+FF07
    { 6, 23, 400, 18, 21, 18, 74358 }, // U+FF08
    { 6, 23, 400, 1, 21, 18, 74376 }, // U+FF09
    { 17, 19, 400, 4, 19, 41, 74394 }, // U+FF0A
    { 19, 18, 400, 3, 18, 43, 74435 }, // U+FF0B
    { 4, 7, 400, 3, 5, 4, 74478 }, // U+FF0C
    { 19, 1, 400, 3, 10, 3, 74482 }, // U+FF0D
    { 3, 3, 400, 3, 3, 2, 74485 }, // U+FF0E
    { 23, 23, 400, 1, 21, 67, 74487 }, // U+FF0F
    { 13, 19, 400, 6, 19, 31, 74554 }, // U+FF10
    { 12, 18, 400, 7, 18, 27, 74585 }, // U+FF11
    { 12, 19, 400, 7, 19, 29, 74612 }, // U+FF12
    { 13, 19, 400, 6, 19, 31, 74641 }, // U+FF13
    { 13, 18, 400, 6, 18, 30, 74672 }, // U+FF14
    { 13, 18, 400, 6, 18, 30, 74702 }, // U+FF15
    { 13, 19, 400, 6, 19, 31, 74732 }, // U+FF16
    { 13, 18, 400, 6, 18, 30, 74763 }, // U+FF17
    { 13, 19, 400, 6, 19, 31, 74793 }, // U+FF18
    { 13, 19, 400, 6, 19, 31, 74824 }, // U+FF19
    { 3, 15, 400, 5, 15, 6, 74855 }, // U+FF1A
    { 4, 18, 400, 4, 15, 9, 74861 }, // U+FF1B
    { 19, 19, 400, 3, 19, 46, 74870 }, // U+FF1C
    { 19, 7, 400, 3, 13, 17, 74916 }, // U+FF1D
    { 19, 19, 400, 3, 19, 46, 74933 }, // U+FF1E
    { 10, 19, 400, 1, 19, 24, 74979 }, // U+FF1F
    { 19, 22, 400, 3, 20, 53, 75003 }, // U+FF20
    { 16, 18, 400, 4, 18, 36, 75056 }, // U+FF21
    { 14, 18, 400, 6, 18, 32, 75092 }, // U+FF22
    { 15, 19, 400, 5, 19, 36, 75124 }, // U+FF23
    { 14, 18, 400, 6, 18, 32, 75160 }, // U+FF24
    { 12, 18, 400, 7, 18, 27, 75192 }, // U+FF25
    { 11, 18, 400, 8, 18, 25, 75219 }, // U+FF26
    { 15, 19, 400, 5, 19, 36, 75244 }, // U+FF27
    { 14, 18, 400, 6, 18, 32, 75280 }, // U+FF28
    { 11, 18, 400, 7, 18, 25, 75312 }, // U+FF29
    { 10, 19, 400, 7, 19, 24, 75337 }, // U+FF2A
    { 14, 18, 400, 7, 18, 32, 75361 }, // U+FF2B
    { 11, 18, 400, 8, 18, 25, 75393 }, // U+FF2C
    { 16, 18, 400, 4, 18, 36, 75418 }, // U+FF2D
    { 14, 18, 400, 6, 18, 32, 75454 }, // U+FF2E
    { 17, 19, 400, 4, 19, 41, 75486 }, // U+FF2F
    { 13, 18, 400, 7, 18, 30, 75527 }, // U+FF30
    { 17, 23, 400, 4, 19, 49, 75557 }, // U+FF31
    { 13, 18, 400, 7, 18, 30, 75606 }, // U+FF32
    { 14, 19, 400, 6, 19, 34, 75636 }, // U+FF33
    { 15, 18, 400, 5, 18, 34, 75670 }, // U+FF34
    { 14, 19, 400, 6, 19, 34, 75704 }, // U+FF35
    { 15, 18, 400, 5, 18, 34, 75738 }, // U+FF36
    { 23, 18, 400, 1, 18, 52, 75772 }, // U+FF37
    { 13, 18, 400, 6, 18, 30, 75824 }, // U+FF38
    { 13, 18, 400, 6, 18, 30, 75854 }, // U+FF39
    { 14, 18, 400, 6, 18, 32, 75884 }, // U+FF3A
    { 7, 23, 400, 18, 21, 21, 75916 }, // U+FF3B
    { 23, 23, 400, 1, 21, 67, 75937 }, // U+FF3C
    { 7, 23, 400, 0, 21, 21, 76004 }, // U+FF3D
    { 7, 3, 400, 9, 23, 3, 76025 }, // U+FF3E
    { 25, 1, 400, 0, -2, 4, 76028 }, // U+FF3F
    { 5, 4, 400, 9, 25, 3, 76032 }, // U+FF40
    { 11, 14, 400, 7, 14, 20, 76035 }, // U+FF41
    { 13, 20, 400, 7, 20, 33, 76055 }, // U+FF42
    { 12, 14, 400, 7, 14, 21, 76088 }, // U+FF43
    { 13, 20, 400, 6, 20, 33, 76109 }, // U+FF44
    { 13, 14, 400, 6, 14, 23, 76142 }, // U+FF45
    { 12, 20, 400, 8, 20, 30, 76165 }, // U+FF46
    { 13, 19, 400, 6, 13, 31, 76195 }, // U+FF47
    { 11, 20, 400, 7, 20, 28, 76226 }, // U+FF48
    { 3, 19, 400, 11, 19, 8, 76254 }, // U+FF49
    { 10, 25, 400, 6, 19, 32, 76262 }, // U+FF4A
    { 11, 20, 400, 8, 20, 28, 76294 }, // U+FF4B
    { 7, 20, 400, 12, 20, 18, 76322 }, // U+FF4C
    { 21, 13, 400, 3, 13, 35, 76340 }, // U+FF4D
    { 11, 13, 400, 7, 13, 18, 76375 }, // U+FF4E
    { 14, 14, 400, 6, 14, 25, 76393 }, // U+FF4F
    { 13, 19, 400, 7, 13, 31, 76418 }, // U+FF50
    { 13, 19, 400, 6, 13, 31, 76449 }, // U+FF51
    { 10, 13, 400, 9, 13, 17, 76480 }, // U+FF52
    { 12, 14, 400, 6, 14, 21, 76497 }, // U+FF53
    { 13, 17, 400, 7, 17, 28, 76518 }, // U+FF54
    { 11, 14, 400, 7, 14, 20, 76546 }, // U+FF55
    { 13, 13, 400, 6, 13, 22, 76566 }, // U+FF56
    { 21, 13, 400, 2, 13, 35, 76588 }, // U+FF57
    { 11, 13, 400, 7, 13, 18, 76623 }, // U+FF58
    { 13, 19, 400, 6, 13, 31, 76641 }, // U+FF59
    { 12, 13, 400, 6, 13, 20, 76672 }, // U+FF5A
    { 6, 25, 400, 18, 22, 19, 76692 }, // U+FF5B
    { 1, 25, 400, 12, 22, 4, 76711 }, // U+FF5C
    { 6, 25, 400, 1, 22, 19, 76715 }, // U+FF5D
    { 23, 5, 400, 1, 12, 15, 76734 }, // U+FF5E
    { 9, 23, 400, 15, 21, 26, 76749 }, // U+FF5F
    { 9, 23, 400, 1, 21, 26, 76775 }, // U+FF60
    { 7, 8, 200, 1, 6, 7, 76801 }, // U+FF61
    { 8, 17, 200, 4, 21, 17, 76808 }, // U+FF62
    { 8, 17, 200, 1, 15, 17, 76825 }, // U+FF63
    { 6, 6, 200, 1, 5, 5, 76842 }, // U+FF64
    { 4, 3, 200, 4, 11, 2, 76847 }, // U+FF65
    { 14, 11, 368, 4, 15, 20, 76849 }, // U+FFA1
    { 16, 11, 368, 4, 15, 22, 76869 }, // U+FFA2
    { 17, 12, 368, 3, 15, 26, 76891 }, // U+FFA3
    { 14, 11, 368, 5, 15, 20, 76917 }, // U+FFA4
    { 15, 13, 368, 5, 16, 25, 76937 }, // U+FFA5
    { 14, 12, 368, 5, 15, 21, 76962 }, // U+FFA6
    { 14, 11, 368, 5, 15, 20, 76983 }, // U+FFA7
    { 14, 11, 368, 4, 15, 20, 77003 }, // U+FFA8
    { 14, 12, 368, 5, 15, 21, 77023 }, // U+FFA9
    { 15, 11, 368, 4, 15, 21, 77044 }, // U+FFAA
    { 15, 12, 368, 4, 15, 23, 77065 }, // U+FFAB
    { 15, 12, 368, 4, 15, 23, 77088 }, // U+FFAC
    { 16, 11, 368, 4, 15, 22, 77111 }, // U+FFAD
    { 15, 11, 368, 4, 15, 21, 77133 }, // U+FFAE
    { 16, 11, 368, 4, 15, 22, 77154 }, // U+FFAF
    { 14, 13, 368, 4, 16, 23, 77176 }, // U+FFB0
    { 14, 12, 368, 5, 15, 21, 77199 }, // U+FFB1
    { 14, 12, 368, 5, 15, 21, 77220 }, // U+FFB2
    { 14, 12, 368, 5, 15, 21, 77241 }, // U+FFB3
    { 16, 12, 368, 5, 15, 24, 77262 }, // U+FFB4
    { 15, 12, 368, 4, 15, 23, 77286 }, // U+FFB5
    { 17, 12, 368, 3, 15, 26, 77309 }, // U+FFB6
    { 14, 12, 368, 5, 15, 21, 77335 }, // U+FFB7
    { 15, 12, 368, 4, 15, 23, 77356 }, // U+FFB8
    { 17, 12, 368, 3, 15, 26, 77379 }, // U+FFB9
    { 15, 14, 368, 4, 17, 27, 77405 }, // U+FFBA
    { 14, 11, 368, 4, 15, 20, 77432 }, // U+FFBB
    { 14, 11, 368, 5, 15, 20, 77452 }, // U+FFBC
    { 15, 12, 368, 4, 16, 23, 77472 }, // U+FFBD
    { 15, 14, 368, 5, 16, 27, 77495 }, // U+FFBE
    { 8, 22, 368, 10, 20, 22, 77522 }, // U+FFC2
    { 6, 22, 368, 9, 20, 17, 77544 }, // U+FFC3
    { 7, 22, 368, 10, 20, 20, 77561 }, // U+FFC4
    { 6, 22, 368, 9, 20, 17, 77581 }, // U+FFC5
    { 7, 22, 368, 7, 20, 20, 77598 }, // U+FFC6
    { 10, 22, 368, 6, 20, 28, 77618 }, // U+FFC7
    { 7, 22, 368, 7, 20, 20, 77646 }, // U+FFCA
    { 10, 22, 368, 6, 20, 28, 77666 }, // U+FFCB
    { 20, 11, 368, 2, 16, 28, 77694 }, // U+FFCC
    { 21, 22, 368, 1, 20, 58, 77722 }, // U+FFCD
    { 17, 22, 368, 2, 20, 47, 77780 }, // U+FFCE
    { 16, 21, 368, 3, 19, 42, 77827 }, // U+FFCF
    { 20, 12, 368, 2, 17, 30, 77869 }, // U+FFD2
    { 20, 11, 368, 2, 13, 28, 77899 }, // U+FFD3
    { 17, 22, 368, 2, 20, 47, 77927 }, // U+FFD4
    { 18, 21, 368, 2, 19, 48, 77974 }, // U+FFD5
    { 17, 21, 368, 3, 19, 45, 78022 }, // U+FFD6
    { 20, 11, 368, 1, 13, 28, 78067 }, // U+FFD7
    { 20, 1, 368, 1, 10, 3, 78095 }, // U+FFDA
    { 17, 21, 368, 2, 19, 45, 78098 }, // U+FFDB
    { 1, 21, 368, 11, 19, 3, 78143 }, // U+FFDC
    { 13, 20, 400, 6, 19, 33, 78146 }, // U+FFE0
    { 13, 18, 400, 6, 18, 30, 78179 }, // U+FFE1
    { 19, 8, 400, 3, 13, 19, 78209 }, // U+FFE2
    { 25, 1, 400, 0, 22, 4, 78228 }, // U+FFE3
    { 1, 23, 400, 12, 21, 3, 78232 }, // U+FFE4
    { 15, 17, 400, 5, 17, 32, 78235 }, // U+FFE5
    { 20, 18, 400, 2, 17, 45, 78267 }, // U+FFE6
    { 1, 27, 200, 6, 20, 4, 78312 }, // U+FFE8
    { 12, 11, 200, 0, 15, 17, 78316 }, // U+FFE9
    { 9, 23, 200, 2, 21, 26, 78333 }, // U+FFEA
    { 11, 11, 200, 1, 15, 16, 78359 }, // U+FFEB
    { 9, 23, 200, 2, 21, 26, 78375 }, // U+FFEC
    { 9, 9, 200, 2, 14, 11, 78401 }, // U+FFED
    { 9, 9, 200, 2, 14, 11, 78412 }, // U+FFEE
};

static const EpdUnicodeInterval ubuntu_12_boldIntervals[] = {
    { 0x0, 0x0, 0x0 },
    { 0x8, 0x9, 0x1 },
    { 0xD, 0xD, 0x3 },
    { 0x1D, 0x1D, 0x4 },
    { 0x20, 0x7E, 0x5 },
    { 0xA0, 0x17F, 0x64 },
    { 0x1C4, 0x21F, 0x144 },
    { 0x300, 0x301, 0x1A0 },
    { 0x304, 0x304, 0x1A2 },
    { 0x307, 0x307, 0x1A3 },
    { 0x30C, 0x30C, 0x1A4 },
    { 0x311, 0x311, 0x1A5 },
    { 0x400, 0x45F, 0x1A6 },
    { 0x462, 0x463, 0x206 },
    { 0x472, 0x475, 0x208 },
    { 0x48A, 0x4F9, 0x20C },
    { 0x2002, 0x2003, 0x27C },
    { 0x2010, 0x2016, 0x27E },
    { 0x2018, 0x201A, 0x285 },
    { 0x201C, 0x201E, 0x288 },
    { 0x2020, 0x2022, 0x28B },
    { 0x2025, 0x2027, 0x28E },
    { 0x2030, 0x2030, 0x291 },
    { 0x2032, 0x2033, 0x292 },
    { 0x2035, 0x2035, 0x294 },
    { 0x2039, 0x203C, 0x295 },
    { 0x2042, 0x2042, 0x299 },
    { 0x2044, 0x2044, 0x29A },
    { 0x2047, 0x2049, 0x29B },
    { 0x2051, 0x2051, 0x29E },
    { 0x2070, 0x2070, 0x29F },
    { 0x2074, 0x2079, 0x2A0 },
    { 0x2080, 0x2089, 0x2A6 },
    { 0x20A9, 0x20A9, 0x2B0 },
    { 0x20AB, 0x20AC, 0x2B1 },
    { 0x20AE, 0x20AE, 0x2B3 },
    { 0x20B4, 0x20B4, 0x2B4 },
    { 0x20B9, 0x20B9, 0x2B5 },
    { 0x2190, 0x2199, 0x2B6 },
    { 0x21B8, 0x21B9, 0x2C0 },
    { 0x21C4, 0x21C6, 0x2C2 },
    { 0x21CB, 0x21CC, 0x2C5 },
    { 0x21D0, 0x21D0, 0x2C7 },
    { 0x21D2, 0x21D2, 0x2C8 },
    { 0x21D4, 0x21D4, 0x2C9 },
    { 0x21E6, 0x21E9, 0x2CA },
    { 0x21F5, 0x21F5, 0x2CE },
    { 0x2200, 0x2200, 0x2CF },
    { 0x2202, 0x2203, 0x2D0 },
    { 0x2205, 0x220B, 0x2D2 },
    { 0x220F, 0x220F, 0x2D9 },
    { 0x2211, 0x2213, 0x2DA },
    { 0x2215, 0x2215, 0x2DD },
    { 0x2219, 0x221A, 0x2DE },
    { 0x221D, 0x2220, 0x2E0 },
    { 0x2223, 0x2223, 0x2E4 },
    { 0x2225, 0x222E, 0x2E5 },
    { 0x2234, 0x2237, 0x2EF },
    { 0x223D, 0x223D, 0x2F3 },
    { 0x2243, 0x2243, 0x2F4 },
    { 0x2245, 0x2245, 0x2F5 },
    { 0x2248, 0x2248, 0x2F6 },
    { 0x224C, 0x224C, 0x2F7 },
    { 0x2260, 0x2262, 0x2F8 },
    { 0x2264, 0x2267, 0x2FB },
    { 0x226A, 0x226B, 0x2FF },
    { 0x226E, 0x226F, 0x301 },
    { 0x2272, 0x2273, 0x303 },
    { 0x2276, 0x2277, 0x305 },
    { 0x2282, 0x2287, 0x307 },
    { 0x228A, 0x228B, 0x30D },
    { 0x2295, 0x2299, 0x30F },
    { 0x22A0, 0x22A0, 0x314 },
    { 0x22A5, 0x22A5, 0x315 },
    { 0x22BF, 0x22BF, 0x316 },
    { 0x22DA, 0x22DB, 0x317 },
    { 0x22EF, 0x22EF, 0x319 },
    { 0x3000, 0x303F, 0x31A },
    { 0x3042, 0x3042, 0x35A },
    { 0x3044, 0x3044, 0x35B },
    { 0x3046, 0x3046, 0x35C },
    { 0x3048, 0x3048, 0x35D },
    { 0x304A, 0x304D, 0x35E },
    { 0x304F, 0x3050, 0x362 },
    { 0x3053, 0x3053, 0x364 },
    { 0x3055, 0x3055, 0x365 },
    { 0x3057, 0x3057, 0x366 },
    { 0x3059, 0x3059, 0x367 },
    { 0x305B, 0x305B, 0x368 },
    { 0x305D, 0x305D, 0x369 },
    { 0x305F, 0x3061, 0x36A },
    { 0x3064, 0x3064, 0x36D },
    { 0x3066, 0x3068, 0x36E },
    { 0x306A, 0x306B, 0x371 },
    { 0x306E, 0x306F, 0x373 },
    { 0x3073, 0x3073, 0x375 },
    { 0x3078, 0x3079, 0x376 },
    { 0x307E, 0x3082, 0x378 },
    { 0x3088, 0x308C, 0x37D },
    { 0x308F, 0x308F, 0x382 },
    { 0x3092, 0x3093, 0x383 },
    { 0x30A1, 0x30A4, 0x385 },
    { 0x30A6, 0x30A6, 0x389 },
    { 0x30A8, 0x30AB, 0x38A },
    { 0x30AD, 0x30AD, 0x38E },
    { 0x30AF, 0x30AF, 0x38F },
    { 0x30B3, 0x30B3, 0x390 },
    { 0x30B5, 0x30BB, 0x391 },
    { 0x30BF, 0x30C1, 0x398 },
    { 0x30C3, 0x30C4, 0x39B },
    { 0x30C6, 0x30CB, 0x39D },
    { 0x30CD, 0x30CD, 0x3A3 },
    { 0x30CF, 0x30D3, 0x3A4 },
    { 0x30D5, 0x30D7, 0x3A9 },
    { 0x30DA, 0x30DE, 0x3AC },
    { 0x30E0, 0x30E7, 0x3B1 },
    { 0x30E9, 0x30ED, 0x3B9 },
    { 0x30EF, 0x30EF, 0x3BE },
    { 0x30F3, 0x30F3, 0x3BF },
    { 0x30FC, 0x30FC, 0x3C0 },
    { 0x4E00, 0x4E00, 0x3C1 },
    { 0x4E03, 0x4E03, 0x3C2 },
    { 0x4E09, 0x4E0B, 0x3C3 },
    { 0x4E0D, 0x4E0E, 0x3C6 },
    { 0x4E13, 0x4E13, 0x3C8 },
    { 0x4E1A, 0x4E1A, 0x3C9 },
    { 0x4E21, 0x4E22, 0x3CA },
    { 0x4E24, 0x4E24, 0x3CC },
    { 0x4E2A, 0x4E2A, 0x3CD },
    { 0x4E2D, 0x4E2D, 0x3CE },
    { 0x4E32, 0x4E32, 0x3CF },
    { 0x4E3A, 0x4E3B, 0x3D0 },
    { 0x4E49, 0x4E49, 0x3D2 },
    { 0x4E60, 0x4E60, 0x3D3 },
    { 0x4E66, 0x4E66, 0x3D4 },
    { 0x4E86, 0x4E86, 0x3D5 },
    { 0x4E8B, 0x4E8C, 0x3D6 },
    { 0x4E8E, 0x4E8E, 0x3D8 },
    { 0x4E94, 0x4E94, 0x3D9 },
    { 0x4EA4, 0x4EA4, 0x3DA },
    { 0x4EA7, 0x4EA7, 0x3DB },
    { 0x4EBA, 0x4EBA, 0x3DC },
    { 0x4EC5, 0x4EC5, 0x3DD },
    { 0x4ECA, 0x4ECB, 0x3DE },
    { 0x4ECE, 0x4ECE, 0x3E0 },
    { 0x4ED6, 0x4ED6, 0x3E1 },
    { 0x4EE5, 0x4EE5, 0x3E2 },
    { 0x4EF6, 0x4EF6, 0x3E3 },
    { 0x4EFB, 0x4EFB, 0x3E4 },
    { 0x4F11, 0x4F11, 0x3E5 },
    { 0x4F1A, 0x4F1A, 0x3E6 },
    { 0x4F20, 0x4F20, 0x3E7 },
    { 0x4F4D, 0x4F4D, 0x3E8 },
    { 0x4F4F, 0x4F4F, 0x3E9 },
    { 0x4F53, 0x4F53, 0x3EA },
    { 0x4F55, 0x4F55, 0x3EB },
    { 0x4F59, 0x4F59, 0x3EC },
    { 0x4F5C, 0x4F5C, 0x3ED },
    { 0x4F7F, 0x4F7F, 0x3EE },
    { 0x4F9B, 0x4F9B, 0x3EF },
    { 0x4FA7, 0x4FA7, 0x3F0 },
    { 0x4FDD, 0x4FDD, 0x3F1 },
    { 0x4FE1, 0x4FE1, 0x3F2 },
    { 0x4FEE, 0x4FEE, 0x3F3 },
    { 0x5012, 0x5012, 0x3F4 },
    { 0x5024, 0x5024, 0x3F5 },
    { 0x503E, 0x503E, 0x3F6 },
    { 0x504F, 0x504F, 0x3F7 },
    { 0x505C, 0x505C, 0x3F8 },
    { 0x5074, 0x5074, 0x3F9 },
    { 0x50BE, 0x50BE, 0x3FA },
    { 0x50CF, 0x50CF, 0x3FB },
    { 0x5143, 0x5143, 0x3FC },
    { 0x5148, 0x5149, 0x3FD },
    { 0x514D, 0x514D, 0x3FF },
    { 0x5165, 0x5165, 0x400 },
    { 0x5168, 0x5168, 0x401 },
    { 0x516D, 0x516D, 0x402 },
    { 0x5173, 0x5173, 0x403 },
    { 0x5176, 0x5178, 0x404 },
    { 0x5185, 0x5185, 0x407 },
    { 0x518C, 0x518D, 0x408 },
    { 0x5199, 0x5199, 0x40A },
    { 0x51C6, 0x51C6, 0x40B },
    { 0x51D1, 0x51D1, 0x40C },
    { 0x51E0, 0x51E0, 0x40D },
    { 0x51ED, 0x51ED, 0x40E },
    { 0x51FA, 0x51FB, 0x40F },
    { 0x5206, 0x5207, 0x411 },
    { 0x5212, 0x5212, 0x413 },
    { 0x5217, 0x5217, 0x414 },
    { 0x5219, 0x5219, 0x415 },
    { 0x521B, 0x521B, 0x416 },
    { 0x5220, 0x5220, 0x417 },
    { 0x5225, 0x5225, 0x418 },
    { 0x5229, 0x5229, 0x419 },
    { 0x5230, 0x5230, 0x41A },
    { 0x5236, 0x5237, 0x41B },
    { 0x523B, 0x523B, 0x41D },
    { 0x524A, 0x524A, 0x41E },
    { 0x524D, 0x524D, 0x41F },
    { 0x526A, 0x526A, 0x420 },
    { 0x5272, 0x5272, 0x421 },
    { 0x529B, 0x529B, 0x422 },
    { 0x529E, 0x52A1, 0x423 },
    { 0x52A8, 0x52A8, 0x427 },
    { 0x52AA, 0x52AA, 0x428 },
    { 0x52B9, 0x52B9, 0x429 },
    { 0x52D5, 0x52D5, 0x42A },
    { 0x52FF, 0x52FF, 0x42B },
    { 0x5316, 0x5316, 0x42C },
    { 0x5339, 0x533A, 0x42D },
    { 0x5355, 0x5355, 0x42F },
    { 0x5358, 0x5358, 0x430 },
    { 0x5360, 0x5361, 0x431 },
    { 0x5373, 0x5373, 0x433 },
    { 0x5386, 0x5386, 0x434 },
    { 0x538B, 0x538B, 0x435 },
    { 0x539F, 0x539F, 0x436 },
    { 0x53BB, 0x53BB, 0x437 },
    { 0x53CA, 0x53CA, 0x438 },
    { 0x53CD, 0x53CD, 0x439 },
    { 0x53D1, 0x53D1, 0x43A },
    { 0x53D6, 0x53D8, 0x43B },
    { 0x53E3, 0x53E3, 0x43E },
    { 0x53EF, 0x53F0, 0x43F },
    { 0x53F2, 0x53F3, 0x441 },
    { 0x53F7, 0x53F7, 0x443 },
    { 0x5408, 0x5408, 0x444 },
    { 0x540C, 0x540E, 0x445 },
    { 0x5411, 0x5411, 0x448 },
    { 0x5426, 0x5426, 0x449 },
    { 0x542F, 0x542F, 0x44A },
    { 0x544A, 0x544A, 0x44B },
    { 0x547D, 0x547D, 0x44C },
    { 0x548C, 0x548C, 0x44D },
    { 0x54C8, 0x54C8, 0x44E },
    { 0x5546, 0x5546, 0x44F },
    { 0x5668, 0x5668, 0x450 },
    { 0x56DB, 0x56DB, 0x451 },
    { 0x56DE, 0x56DE, 0x452 },
    { 0x56E0, 0x56E0, 0x453 },
    { 0x56F2, 0x56F2, 0x454 },
    { 0x56F4, 0x56F4, 0x455 },
    { 0x56FA, 0x56FA, 0x456 },
    { 0x56FE, 0x56FE, 0x457 },
    { 0x5728, 0x5728, 0x458 },
    { 0x5730, 0x5730, 0x459 },
    { 0x5740, 0x5740, 0x45A },
    { 0x574F, 0x574F, 0x45B },
    { 0x57CB, 0x57CB, 0x45C },
    { 0x5831, 0x5831, 0x45D },
    { 0x58F0, 0x58F0, 0x45E },
    { 0x5904, 0x5904, 0x45F },
    { 0x5907, 0x5907, 0x460 },
    { 0x5909, 0x5909, 0x461 },
    { 0x590D, 0x590D, 0x462 },
    { 0x5916, 0x5916, 0x463 },
    { 0x591A, 0x591A, 0x464 },
    { 0x591C, 0x591C, 0x465 },
    { 0x5927, 0x5927, 0x466 },
    { 0x5929, 0x5929, 0x467 },
    { 0x592E, 0x592E, 0x468 },
    { 0x5931, 0x5931, 0x469 },
    { 0x5939, 0x5939, 0x46A },
    { 0x5982, 0x5982, 0x46B },
    { 0x59CB, 0x59CB, 0x46C },
    { 0x5B57, 0x5B58, 0x46D },
    { 0x5B66, 0x5B66, 0x46F },
    { 0x5B83, 0x5B83, 0x470 },
    { 0x5B87, 0x5B89, 0x471 },
    { 0x5B8C, 0x5B8C, 0x474 },
    { 0x5B98, 0x5B9A, 0x475 },
    { 0x5B9E, 0x5B9F, 0x478 },
    { 0x5BA2, 0x5BA2, 0x47A },
    { 0x5BB9, 0x5BB9, 0x47B },
    { 0x5BBD, 0x5BBD, 0x47C },
    { 0x5BC6, 0x5BC6, 0x47D },
    { 0x5BF9, 0x5BF9, 0x47E },
    { 0x5C01, 0x5C01, 0x47F },
    { 0x5C04, 0x5C04, 0x480 },
    { 0x5C06, 0x5C06, 0x481 },
    { 0x5C0A, 0x5C0A, 0x482 },
    { 0x5C0F, 0x5C0F, 0x483 },
    { 0x5C1A, 0x5C1A, 0x484 },
    { 0x5C31, 0x5C31, 0x485 },
    { 0x5C40, 0x5C40, 0x486 },
    { 0x5C45, 0x5C45, 0x487 },
    { 0x5C4F, 0x5C4F, 0x488 },
    { 0x5C55, 0x5C55, 0x489 },
    { 0x5C5E, 0x5C5E, 0x48A },
    { 0x5C65, 0x5C65, 0x48B },
    { 0x5D29, 0x5D29, 0x48C },
    { 0x5D4C, 0x5D4C, 0x48D },
    { 0x5DE5, 0x5DE6, 0x48E },
    { 0x5DF2, 0x5DF2, 0x490 },
    { 0x5E03, 0x5E03, 0x491 },
    { 0x5E0C, 0x5E0C, 0x492 },
    { 0x5E38, 0x5E38, 0x493 },
    { 0x5E55, 0x5E55, 0x494 },
    { 0x5E73, 0x5E74, 0x495 },
    { 0x5E76, 0x5E76, 0x497 },
    { 0x5E83, 0x5E83, 0x498 },
    { 0x5E94, 0x5E95, 0x499 },
    { 0x5EA6, 0x5EA6, 0x49B },
    { 0x5EFA, 0x5EFA, 0x49C },
    { 0x5F00, 0x5F00, 0x49D },
    { 0x5F02, 0x5F02, 0x49E },
    { 0x5F0F, 0x5F0F, 0x49F },
    { 0x5F15, 0x5F15, 0x4A0 },
    { 0x5F35, 0x5F35, 0x4A1 },
    { 0x5F39, 0x5F39, 0x4A2 },
    { 0x5F53, 0x5F53, 0x4A3 },
    { 0x5F55, 0x5F55, 0x4A4 },
    { 0x5F62, 0x5F62, 0x4A5 },
    { 0x5F85, 0x5F85, 0x4A6 },
    { 0x5F8B, 0x5F8C, 0x4A7 },
    { 0x5F97, 0x5F97, 0x4A9 },
    { 0x5FA9, 0x5FA9, 0x4AA },
    { 0x5FAE, 0x5FAE, 0x4AB },
    { 0x5FC3, 0x5FC3, 0x4AC },
    { 0x5FC5, 0x5FC6, 0x4AD },
    { 0x5FD8, 0x5FD8, 0x4AF },
    { 0x5FEB, 0x5FEB, 0x4B0 },
    { 0x5FFD, 0x5FFD, 0x4B1 },
    { 0x6001, 0x6001, 0x4B2 },
    { 0x6020, 0x6020, 0x4B3 },
    { 0x6027, 0x6027, 0x4B4 },
    { 0x603B, 0x603B, 0x4B5 },
    { 0x6062, 0x6062, 0x4B6 },
    { 0x606F, 0x606F, 0x4B7 },
    { 0x60A8, 0x60A8, 0x4B8 },
    { 0x60C5, 0x60C5, 0x4B9 },
    { 0x60EF, 0x60F0, 0x4BA },
    { 0x610F, 0x610F, 0x4BC },
    { 0x614B, 0x614B, 0x4BD },
    { 0x6163, 0x6163, 0x4BE },
    { 0x61A9, 0x61A9, 0x4BF },
    { 0x6210, 0x6211, 0x4C0 },
    { 0x6216, 0x6216, 0x4C2 },
    { 0x622A, 0x622A, 0x4C3 },
    { 0x6237, 0x6237, 0x4C4 },
    { 0x623B, 0x623B, 0x4C5 },
    { 0x6240, 0x6240, 0x4C6 },
    { 0x624B, 0x624B, 0x4C7 },
    { 0x6253, 0x6253, 0x4C8 },
    { 0x6269, 0x6269, 0x4C9 },
    { 0x626B, 0x626B, 0x4CA },
    { 0x627E, 0x6280, 0x4CB },
    { 0x6295, 0x6295, 0x4CE },
    { 0x6297, 0x6297, 0x4CF },
    { 0x629C, 0x629C, 0x4D0 },
    { 0x629E, 0x629E, 0x4D1 },
    { 0x62A4, 0x62A5, 0x4D2 },
    { 0x62BC, 0x62BC, 0x4D4 },
    { 0x62C5, 0x62C5, 0x4D5 },
    { 0x62C9, 0x62C9, 0x4D6 },
    { 0x62E1, 0x62E1, 0x4D7 },
    { 0x62E9, 0x62E9, 0x4D8 },
    { 0x6301, 0x6301, 0x4D9 },
    { 0x6307, 0x6307, 0x4DA },
    { 0x6309, 0x6309, 0x4DB },
    { 0x6357, 0x6357, 0x4DC },
    { 0x635F, 0x635F, 0x4DD },
    { 0x6362, 0x6362, 0x4DE },
    { 0x636E, 0x636E, 0x4DF },
    { 0x6388, 0x6388, 0x4E0 },
    { 0x6392, 0x6392, 0x4E1 },
    { 0x63A5, 0x63A5, 0x4E2 },
    { 0x63A7, 0x63A7, 0x4E3 },
    { 0x63C3, 0x63C3, 0x4E4 },
    { 0x63CF, 0x63D0, 0x4E5 },
    { 0x63D2, 0x63D2, 0x4E7 },
    { 0x641C, 0x641C, 0x4E8 },
    { 0x64AD, 0x64AD, 0x4E9 },
    { 0x64CD, 0x64CD, 0x4EA },
    { 0x6536, 0x6536, 0x4EB },
    { 0x653E, 0x653E, 0x4EC },
    { 0x6545, 0x6545, 0x4ED },
    { 0x6548, 0x6548, 0x4EE },
    { 0x6557, 0x6557, 0x4EF },
    { 0x6570, 0x6570, 0x4F0 },
    { 0x6574, 0x6574, 0x4F1 },
    { 0x6587, 0x6587, 0x4F2 },
    { 0x659C, 0x659C, 0x4F3 },
    { 0x65AD, 0x65AD, 0x4F4 },
    { 0x65B0, 0x65B0, 0x4F5 },
    { 0x65B9, 0x65B9, 0x4F6 },
    { 0x65E0, 0x65E0, 0x4F7 },
    { 0x65E2, 0x65E2, 0x4F8 },
    { 0x65E5, 0x65E5, 0x4F9 },
    { 0x65E9, 0x65E9, 0x4FA },
    { 0x65F6, 0x65F6, 0x4FB },
    { 0x660E, 0x660E, 0x4FC },
    { 0x661F, 0x6620, 0x4FD },
    { 0x662F, 0x662F, 0x4FF },
    { 0x663E, 0x663E, 0x500 },
    { 0x6642, 0x6642, 0x501 },
    { 0x667A, 0x667A, 0x502 },
    { 0x6682, 0x6682, 0x503 },
    { 0x6697, 0x6697, 0x504 },
    { 0x66F4, 0x66F4, 0x505 },
    { 0x66F8, 0x66F8, 0x506 },
    { 0x66FF, 0x6700, 0x507 },
    { 0x6708, 0x6709, 0x509 },
    { 0x670D, 0x670D, 0x50B },
    { 0x671F, 0x671F, 0x50C },
    { 0x672A, 0x672C, 0x50D },
    { 0x672F, 0x672F, 0x510 },
    { 0x673A, 0x673A, 0x511 },
    { 0x6743, 0x6743, 0x512 },
    { 0x675F, 0x675F, 0x513 },
    { 0x6761, 0x6761, 0x514 },
    { 0x6765, 0x6765, 0x515 },
    { 0x677E, 0x677E, 0x516 },
    { 0x6790, 0x6790, 0x517 },
    { 0x679C, 0x679C, 0x518 },
    { 0x67B6, 0x67B6, 0x519 },
    { 0x67E5, 0x67E5, 0x51A },
    { 0x6807, 0x6807, 0x51B },
    { 0x680F, 0x680F, 0x51C },
    { 0x6821, 0x6821, 0x51D },
    { 0x6837, 0x6837, 0x51E },
    { 0x6839, 0x6839, 0x51F },
    { 0x683C, 0x683C, 0x520 },
    { 0x6848, 0x6848, 0x521 },
    { 0x6863, 0x6863, 0x522 },
    { 0x68C0, 0x68C0, 0x523 },
    { 0x691C, 0x691C, 0x524 },
    { 0x6A19, 0x6A19, 0x525 },
    { 0x6A21, 0x6A21, 0x526 },
    { 0x6A2A, 0x6A2A, 0x527 },
    { 0x6A5F, 0x6A5F, 0x528 },
    { 0x6B21, 0x6B21, 0x529 },
    { 0x6B62, 0x6B65, 0x52A },
    { 0x6B74, 0x6B74, 0x52E },
    { 0x6B7B, 0x6B7B, 0x52F },
    { 0x6B8B, 0x6B8B, 0x530 },
    { 0x6BB5, 0x6BB5, 0x531 },
    { 0x6BCF, 0x6BCF, 0x532 },
    { 0x6BD4, 0x6BD4, 0x533 },
    { 0x6C42, 0x6C42, 0x534 },
    { 0x6C7A, 0x6C7A, 0x535 },
    { 0x6CA1, 0x6CA1, 0x536 },
    { 0x6CD5, 0x6CD5, 0x537 },
    { 0x6CE8, 0x6CE8, 0x538 },
    { 0x6D2A, 0x6D2A, 0x539 },
    { 0x6D41, 0x6D41, 0x53A },
    { 0x6D45, 0x6D45, 0x53B },
    { 0x6D4F, 0x6D4F, 0x53C },
    { 0x6D88, 0x6D88, 0x53D },
    { 0x6DF1, 0x6DF1, 0x53E },
    { 0x6DFB, 0x6DFB, 0x53F },
    { 0x6E05, 0x6E05, 0x540 },
    { 0x6E08, 0x6E08, 0x541 },
    { 0x6E83, 0x6E83, 0x542 },
    { 0x6E90, 0x6E90, 0x543 },
    { 0x6E96, 0x6E96, 0x544 },
    { 0x6EE4, 0x6EE5, 0x545 },
    { 0x70B9, 0x70B9, 0x547 },
    { 0x70ED, 0x70ED, 0x548 },
    { 0x7121, 0x7121, 0x549 },
    { 0x7136, 0x7136, 0x54A },
    { 0x7167, 0x7167, 0x54B },
    { 0x7247, 0x7248, 0x54C },
    { 0x7279, 0x7279, 0x54E },
    { 0x72AC, 0x72AC, 0x54F },
    { 0x72B6, 0x72B6, 0x550 },
    { 0x72D0, 0x72D0, 0x551 },
    { 0x72ED, 0x72ED, 0x552 },
    { 0x7384, 0x7384, 0x553 },
    { 0x7387, 0x7387, 0x554 },
    { 0x73B0, 0x73B0, 0x555 },
    { 0x73FE, 0x73FE, 0x556 },
    { 0x7406, 0x7406, 0x557 },
    { 0x751F, 0x751F, 0x558 },
    { 0x7528, 0x7528, 0x559 },
    { 0x7531, 0x7531, 0x55A },
    { 0x7535, 0x7535, 0x55B },
    { 0x753B, 0x753B, 0x55C },
    { 0x754C, 0x754C, 0x55D },
    { 0x7559, 0x7559, 0x55E },
    { 0x7565, 0x7565, 0x55F },
    { 0x756A, 0x756A, 0x560 },
    { 0x767B, 0x767B, 0x561 },
    { 0x767D, 0x767E, 0x562 },
    { 0x7684, 0x7684, 0x564 },
    { 0x76D8, 0x76D8, 0x565 },
    { 0x76EE, 0x76EE, 0x566 },
    { 0x76F8, 0x76F8, 0x567 },
    { 0x7701, 0x7701, 0x568 },
    { 0x770B, 0x770B, 0x569 },
    { 0x7720, 0x7720, 0x56A },
    { 0x77E5, 0x77E5, 0x56B },
    { 0x77ED, 0x77ED, 0x56C },
    { 0x7801, 0x7801, 0x56D },
    { 0x7814, 0x7814, 0x56E },
    { 0x7834, 0x7834, 0x56F },
    { 0x786E, 0x786E, 0x570 },
    { 0x78BA, 0x78BA, 0x571 },
    { 0x793A, 0x793A, 0x572 },
    { 0x793E, 0x793E, 0x573 },
    { 0x7981, 0x7981, 0x574 },
    { 0x79D2, 0x79D2, 0x575 },
    { 0x79F0, 0x79F0, 0x576 },
    { 0x79FB, 0x79FB, 0x577 },
    { 0x7A0B, 0x7A0B, 0x578 },
    { 0x7A33, 0x7A33, 0x579 },
    { 0x7A76, 0x7A76, 0x57A },
    { 0x7A7A, 0x7A7A, 0x57B },
    { 0x7A97, 0x7A97, 0x57C },
    { 0x7ACB, 0x7ACB, 0x57D },
    { 0x7AD6, 0x7AD6, 0x57E },
    { 0x7AE0, 0x7AE0, 0x57F },
    { 0x7AEF, 0x7AEF, 0x580 },
    { 0x7B26, 0x7B26, 0x581 },
    { 0x7B2C, 0x7B2C, 0x582 },
    { 0x7B49, 0x7B49, 0x583 },
    { 0x7B54, 0x7B54, 0x584 },
    { 0x7B7E, 0x7B7E, 0x585 },
    { 0x7B80, 0x7B80, 0x586 },
    { 0x7B97, 0x7B97, 0x587 },
    { 0x7BA1, 0x7BA1, 0x588 },
    { 0x7BC4, 0x7BC4, 0x589 },
    { 0x7C4D, 0x7C4D, 0x58A },
    { 0x7C97, 0x7C97, 0x58B },
    { 0x7CCA, 0x7CCA, 0x58C },
    { 0x7CFB, 0x7CFB, 0x58D },
    { 0x7D20, 0x7D20, 0x58E },
    { 0x7D22, 0x7D22, 0x58F },
    { 0x7D27, 0x7D27, 0x590 },
    { 0x7D2F, 0x7D30, 0x591 },
    { 0x7D42, 0x7D42, 0x593 },
    { 0x7D4C, 0x7D4C, 0x594 },
    { 0x7D71, 0x7D71, 0x595 },
    { 0x7D9A, 0x7D9A, 0x596 },
    { 0x7E26, 0x7E26, 0x597 },
    { 0x7E3E, 0x7E3E, 0x598 },
    { 0x7EBF, 0x7EBF, 0x599 },
    { 0x7EC6, 0x7EC6, 0x59A },
    { 0x7EC8, 0x7EC8, 0x59B },
    { 0x7ECF, 0x7ECF, 0x59C },
    { 0x7ED3, 0x7ED3, 0x59D },
    { 0x7EDC, 0x7EDC, 0x59E },
    { 0x7EDF, 0x7EDF, 0x59F },
    { 0x7EE7, 0x7EE7, 0x5A0 },
    { 0x7EED, 0x7EED, 0x5A1 },
    { 0x7EF4, 0x7EF4, 0x5A2 },
    { 0x7F13, 0x7F13, 0x5A3 },
    { 0x7F16, 0x7F16, 0x5A4 },
    { 0x7F29, 0x7F29, 0x5A5 },
    { 0x7F51, 0x7F51, 0x5A6 },
    { 0x7F6E, 0x7F6E, 0x5A7 },
    { 0x7FD2, 0x7FD2, 0x5A8 },
    { 0x7FFB, 0x7FFB, 0x5A9 },
    { 0x8005, 0x8005, 0x5AA },
    { 0x8010, 0x8010, 0x5AB },
    { 0x80FD, 0x80FD, 0x5AC },
    { 0x811A, 0x811A, 0x5AD },
    { 0x81EA, 0x81EA, 0x5AE },
    { 0x822C, 0x822C, 0x5AF },
    { 0x8272, 0x8272, 0x5B0 },
    { 0x8282, 0x8282, 0x5B1 },
    { 0x82AF, 0x82AF, 0x5B2 },
    { 0x82E5, 0x82E5, 0x5B3 },
    { 0x8303, 0x8304, 0x5B4 },
    { 0x8336, 0x8336, 0x5B6 },
    { 0x8352, 0x8352, 0x5B7 },
    { 0x83B7, 0x83B7, 0x5B8 },
    { 0x83DC, 0x83DC, 0x5B9 },
    { 0x8425, 0x8425, 0x5BA },
    { 0x843D, 0x843D, 0x5BB },
    { 0x8535, 0x8535, 0x5BC },
    { 0x8584, 0x8584, 0x5BD },
    { 0x85CF, 0x85CF, 0x5BE },
    { 0x884C, 0x884C, 0x5BF },
    { 0x8868, 0x8868, 0x5C0 },
    { 0x88C1, 0x88C1, 0x5C1 },
    { 0x88C5, 0x88C5, 0x5C2 },
    { 0x88DC, 0x88DC, 0x5C3 },
    { 0x892A, 0x892A, 0x5C4 },
    { 0x8981, 0x8981, 0x5C5 },
    { 0x898B, 0x898B, 0x5C6 },
    { 0x8996, 0x8996, 0x5C7 },
    { 0x89A7, 0x89A7, 0x5C8 },
    { 0x89C4, 0x89C4, 0x5C9 },
    { 0x89C8, 0x89C8, 0x5CA },
    { 0x89E3, 0x89E3, 0x5CB },
    { 0x8A00, 0x8A00, 0x5CC },
    { 0x8A08, 0x8A08, 0x5CD },
    { 0x8A18, 0x8A18, 0x5CE },
    { 0x8A2D, 0x8A2D, 0x5CF },
    { 0x8A3C, 0x8A3C, 0x5D0 },
    { 0x8A66, 0x8A66, 0x5D1 },
    { 0x8A73, 0x8A73, 0x5D2 },
    { 0x8A8D, 0x8A8D, 0x5D3 },
    { 0x8A9E, 0x8A9E, 0x5D4 },
    { 0x8AAD, 0x8AAD, 0x5D5 },
    { 0x8BA1, 0x8BA2, 0x5D6 },
    { 0x8BA4, 0x8BA4, 0x5D8 },
    { 0x8BB0, 0x8BB0, 0x5D9 },
    { 0x8BBE, 0x8BBE, 0x5DA },
    { 0x8BC1, 0x8BC1, 0x5DB },
    { 0x8BC4, 0x8BC4, 0x5DC },
    { 0x8BC6, 0x8BC6, 0x5DD },
    { 0x8BCD, 0x8BCD, 0x5DE },
    { 0x8BD5, 0x8BD5, 0x5DF },
    { 0x8BE2, 0x8BE2, 0x5E0 },
    { 0x8BE5, 0x8BE6, 0x5E1 },
    { 0x8BED, 0x8BED, 0x5E3 },
    { 0x8BEF, 0x8BEF, 0x5E4 },
    { 0x8BF7, 0x8BF7, 0x5E5 },
    { 0x8BFB, 0x8BFB, 0x5E6 },
    { 0x8D23, 0x8D23, 0x5E7 },
    { 0x8D25, 0x8D26, 0x5E8 },
    { 0x8D5E, 0x8D5E, 0x5EA },
    { 0x8D77, 0x8D77, 0x5EB },
    { 0x8D85, 0x8D85, 0x5EC },
    { 0x8D8A, 0x8D8A, 0x5ED },
    { 0x8DB3, 0x8DB3, 0x5EE },
    { 0x8DDD, 0x8DDD, 0x5EF },
    { 0x8DDF, 0x8DDF, 0x5F0 },
    { 0x8DF3, 0x8DF3, 0x5F1 },
    { 0x8EE2, 0x8EE2, 0x5F2 },
    { 0x8F6C, 0x8F6C, 0x5F3 },
    { 0x8F6E, 0x8F6E, 0x5F4 },
    { 0x8F7D, 0x8F7D, 0x5F5 },
    { 0x8F91, 0x8F91, 0x5F6 },
    { 0x8F93, 0x8F93, 0x5F7 },
    { 0x8F9E, 0x8F9E, 0x5F8 },
    { 0x8FB9, 0x8FB9, 0x5F9 },
    { 0x8FBC, 0x8FBC, 0x5FA },
    { 0x8FBE, 0x8FBE, 0x5FB },
    { 0x8FC7, 0x8FC7, 0x5FC },
    { 0x8FD0, 0x8FD1, 0x5FD },
    { 0x8FD4, 0x8FD4, 0x5FF },
    { 0x8FD8, 0x8FD9, 0x600 },
    { 0x8FDB, 0x8FDC, 0x602 },
    { 0x8FDE, 0x8FDE, 0x604 },
    { 0x8FF0, 0x8FF0, 0x605 },
    { 0x8FFD, 0x8FFD, 0x606 },
    { 0x9000, 0x9002, 0x607 },
    { 0x9006, 0x9006, 0x60A },
    { 0x9009, 0x9009, 0x60B },
    { 0x9014, 0x9014, 0x60C },
    { 0x901F, 0x901F, 0x60D },
    { 0x9023, 0x9023, 0x60E },
    { 0x9032, 0x9032, 0x60F },
    { 0x904E, 0x904E, 0x610 },
    { 0x9075, 0x9075, 0x611 },
    { 0x9078, 0x9078, 0x612 },
    { 0x90E8, 0x90E8, 0x613 },
    { 0x90FD, 0x90FD, 0x614 },
    { 0x914D, 0x914D, 0x615 },
    { 0x91CD, 0x91CD, 0x616 },
    { 0x91CF, 0x91CF, 0x617 },
    { 0x9332, 0x9332, 0x618 },
    { 0x9488, 0x9488, 0x619 },
    { 0x949F, 0x949F, 0x61A },
    { 0x94FE, 0x94FE, 0x61B },
    { 0x9501, 0x9501, 0x61C },
    { 0x9505, 0x9505, 0x61D },
    { 0x9519, 0x9519, 0x61E },
    { 0x952E, 0x952F, 0x61F },
    { 0x955C, 0x955C, 0x621 },
    { 0x9577, 0x9577, 0x622 },
    { 0x957F, 0x957F, 0x623 },
    { 0x958B, 0x958B, 0x624 },
    { 0x9593, 0x9593, 0x625 },
    { 0x95B2, 0x95B2, 0x626 },
    { 0x95E8, 0x95E8, 0x627 },
    { 0x95ED, 0x95EE, 0x628 },
    { 0x95F4, 0x95F4, 0x62A },
    { 0x9605, 0x9605, 0x62B },
    { 0x9633, 0x9633, 0x62C },
    { 0x9636, 0x9636, 0x62D },
    { 0x9644, 0x9644, 0x62E },
    { 0x9650, 0x9650, 0x62F },
    { 0x9664, 0x9664, 0x630 },
    { 0x9669, 0x9669, 0x631 },
    { 0x968E, 0x9690, 0x632 },
    { 0x9694, 0x9694, 0x635 },
    { 0x969C, 0x969C, 0x636 },
    { 0x96A0, 0x96A0, 0x637 },
    { 0x96B6, 0x96B6, 0x638 },
    { 0x96C6, 0x96C6, 0x639 },
    { 0x96E3, 0x96E3, 0x63A },
    { 0x96FB, 0x96FB, 0x63B },
    { 0x9700, 0x9700, 0x63C },
    { 0x975E, 0x975E, 0x63D },
    { 0x9762, 0x9762, 0x63E },
    { 0x9805, 0x9805, 0x63F },
    { 0x983B, 0x983B, 0x640 },
    { 0x9875, 0x9876, 0x641 },
    { 0x9879, 0x987A, 0x643 },
    { 0x9884, 0x9884, 0x645 },
    { 0x9891, 0x9891, 0x646 },
    { 0x9898, 0x9898, 0x647 },
    { 0x989D, 0x989D, 0x648 },
    { 0x98CE, 0x98CE, 0x649 },
    { 0x98DB, 0x98DB, 0x64A },
    { 0x996D, 0x996D, 0x64B },
    { 0x9988, 0x9988, 0x64C },
    { 0x9A8C, 0x9A8C, 0x64D },
    { 0x9EC4, 0x9EC4, 0x64E },
    { 0x9ED8, 0x9ED8, 0x64F },
    { 0x9F50, 0x9F50, 0x650 },
    { 0x9F7F, 0x9F7F, 0x651 },
    { 0xFB00, 0xFB04, 0x652 },
    { 0xFF01, 0xFF65, 0x657 },
    { 0xFFA1, 0xFFBE, 0x6BC },
    { 0xFFC2, 0xFFC7, 0x6DA },
    { 0xFFCA, 0xFFCF, 0x6E0 },
    { 0xFFD2, 0xFFD7, 0x6E6 },
    { 0xFFDA, 0xFFDC, 0x6EC },
    { 0xFFE0, 0xFFE6, 0x6EF },
    { 0xFFE8, 0xFFEE, 0x6F6 },
};

static const uint16_t ubuntu_12_boldKernLeftCodepoints[] = {
    0x0022, 0x0026, 0x0027, 0x0028, 0x0029, 0x002A, 0x002C, 0x002D, 0x002E, 0x002F, 0x003A, 0x003B,
    0x0040, 0x0041, 0x0042, 0x0043, 0x0044, 0x0045, 0x0046, 0x0047, 0x0048, 0x0049, 0x004A, 0x004B,
    0x004C, 0x004D, 0x004E, 0x004F, 0x0050, 0x0051, 0x0052, 0x0053, 0x0054, 0x0055, 0x0056, 0x0057,
    0x0058, 0x0059, 0x005A, 0x005B, 0x005C, 0x005D, 0x0061, 0x0062, 0x0063, 0x0064, 0x0066, 0x0067,
    0x0068, 0x0069, 0x006A, 0x006B, 0x006C, 0x006D, 0x006E, 0x006F, 0x0070, 0x0071, 0x0072, 0x0073,
    0x0074, 0x0075, 0x0076, 0x0077, 0x0078, 0x0079, 0x007A, 0x007B, 0x007D, 0x00A1, 0x00AB, 0x00BB,
    0x00BF, 0x00C0, 0x00C1, 0x00C2, 0x00C3, 0x00C4, 0x00C5, 0x00C6, 0x00C7, 0x00C8, 0x00C9, 0x00CA,
    0x00CB, 0x00CC, 0x00CD, 0x00CE, 0x00CF, 0x00D0, 0x00D1, 0x00D2, 0x00D3, 0x00D4, 0x00D5, 0x00D6,
    0x00D8, 0x00D9, 0x00DA, 0x00DB, 0x00DC, 0x00DD, 0x00DE, 0x00DF, 0x00E0, 0x00E1, 0x00E2, 0x00E3,
    0x00E4, 0x00E5, 0x00E7, 0x00EC, 0x00ED, 0x00EE, 0x00EF, 0x00F0, 0x00F1, 0x00F2, 0x00F3, 0x00F4,
    0x00F5, 0x00F6, 0x00F8, 0x00F9, 0x00FA, 0x00FB, 0x00FC, 0x00FD, 0x00FE, 0x00FF, 0x0100, 0x0101,
    0x0102, 0x0103, 0x0104, 0x0105, 0x0106, 0x0107, 0x0108, 0x0109, 0x010A, 0x010B, 0x010C, 0x010D,
    0x010E, 0x010F, 0x0110, 0x0111, 0x0112, 0x0114, 0x0116, 0x0118, 0x011A, 0x011C, 0x011D, 0x011E,
    0x011F, 0x0120, 0x0121, 0x0122, 0x0123, 0x0124, 0x0125, 0x0126, 0x0127, 0x0128, 0x0129, 0x012A,
    0x012B, 0x012C, 0x012D, 0x012E, 0x012F, 0x0130, 0x0131, 0x0132, 0x0133, 0x0134, 0x0135, 0x0136,
    0x0137, 0x0138, 0x0139, 0x013A, 0x013B, 0x013C, 0x013D, 0x013E, 0x013F, 0x0140, 0x0141, 0x0142,
    0x0143, 0x0144, 0x0145, 0x0146, 0x0147, 0x0148, 0x0149, 0x014A, 0x014B, 0x014C, 0x014D, 0x014E,
    0x014F, 0x0150, 0x0151, 0x0152, 0x0154, 0x0155, 0x0156, 0x0157, 0x0158, 0x0159, 0x015A, 0x015B,
    0x015C, 0x015D, 0x015E, 0x015F, 0x0160, 0x0161, 0x0162, 0x0163, 0x0164, 0x0165, 0x0166, 0x0167,
    0x0168, 0x0169, 0x016A, 0x016B, 0x016C, 0x016D, 0x016E, 0x016F, 0x0170, 0x0171, 0x0172, 0x0173,
    0x0174, 0x0175, 0x0176, 0x0177, 0x0178, 0x0179, 0x017A, 0x017B, 0x017C, 0x017D, 0x017E, 0x017F,
    0x01C4, 0x01C5, 0x01C6, 0x01C7, 0x01C8, 0x01C9, 0x01CA, 0x01CB, 0x01CC, 0x01CD, 0x01CE, 0x01CF,
    0x01D0, 0x01D1, 0x01D2, 0x01D3, 0x01D4, 0x01D5, 0x01D6, 0x01D7, 0x01D8, 0x01D9, 0x01DA, 0x01DB,
    0x01DC, 0x01DD, 0x01DE, 0x01DF, 0x01E0, 0x01E1, 0x01E2, 0x01E4, 0x01E5, 0x01E6, 0x01E7, 0x01E8,
    0x01E9, 0x01EA, 0x01EB, 0x01EC, 0x01ED, 0x01EE, 0x01EF, 0x01F0, 0x01F1, 0x01F2, 0x01F3, 0x01F4,
    0x01F5, 0x01F6, 0x01F7, 0x01F8, 0x01F9, 0x01FA, 0x01FB, 0x01FC, 0x01FE, 0x01FF, 0x0200, 0x0201,
    0x0202, 0x0203, 0x0204, 0x0206, 0x0208, 0x0209, 0x020A, 0x020B, 0x020C, 0x020D, 0x020E, 0x020F,
    0x0210, 0x0211, 0x0212, 0x0213, 0x0214, 0x0215, 0x0216, 0x0217, 0x0218, 0x0219, 0x021A, 0x021B,
    0x021C, 0x021E, 0x021F, 0x0400, 0x0401, 0x0402, 0x0403, 0x0404, 0x0405, 0x0406, 0x0407, 0x0408,
    0x0409, 0x040A, 0x040B, 0x040C, 0x040D, 0x040E, 0x040F, 0x0410, 0x0411, 0x0412, 0x0413, 0x0414,
    0x0415, 0x0416, 0x0417, 0x0418, 0x0419, 0x041A, 0x041C, 0x041D, 0x041E, 0x041F, 0x0420, 0x0421,
    0x0422, 0x0423, 0x0424, 0x0425, 0x0426, 0x0428, 0x0429, 0x042A, 0x042B, 0x042C, 0x042D, 0x042E,
    0x0430, 0x0431, 0x0432, 0x0433, 0x0434, 0x0435, 0x0436, 0x0437, 0x043A, 0x043B, 0x043C, 0x043D,
    0x043E, 0x043F, 0x0440, 0x0441, 0x0442, 0x0443, 0x0444, 0x0445, 0x0446, 0x0447, 0x0448, 0x0449,
    0x044A, 0x044B, 0x044C, 0x044D, 0x044E, 0x044F, 0x0450, 0x0451, 0x0452, 0x0453, 0x0454, 0x0455,
    0x0456, 0x0457, 0x0458, 0x0459, 0x045A, 0x045B, 0x045C, 0x045E, 0x045F, 0x0462, 0x0463, 0x0472,
    0x0473, 0x0474, 0x0475, 0x048A, 0x048B, 0x048C, 0x048D, 0x048F, 0x0490, 0x0491, 0x0492, 0x0493,
    0x0494, 0x0495, 0x0496, 0x0497, 0x0498, 0x0499, 0x049A, 0x049B, 0x049C, 0x049D, 0x049E, 0x049F,
    0x04A0, 0x04A1, 0x04A2, 0x04A3, 0x04A4, 0x04A5, 0x04A6, 0x04A7, 0x04A8, 0x04A9, 0x04AA, 0x04AB,
    0x04AC, 0x04AD, 0x04AE, 0x04AF, 0x04B0, 0x04B1, 0x04B2, 0x04B3, 0x04B4, 0x04B5, 0x04B6, 0x04B7,
    0x04BA, 0x04BB, 0x04BC, 0x04BE, 0x04C0, 0x04C1, 0x04C2, 0x04C3, 0x04C4, 0x04C6, 0x04C7, 0x04C8,
    0x04C9, 0x04CA, 0x04CC, 0x04CD, 0x04CE, 0x04CF, 0x04D0, 0x04D1, 0x04D2, 0x04D3, 0x04D4, 0x04D5,
    0x04D6, 0x04D7, 0x04D8, 0x04DA, 0x04DC, 0x04DD, 0x04DE, 0x04DF, 0x04E0, 0x04E1, 0x04E2, 0x04E4,
    0x04E6, 0x04E7, 0x04E8, 0x04E9, 0x04EA, 0x04EB, 0x04EC, 0x04ED, 0x04EE, 0x04EF, 0x04F0, 0x04F1,
    0x04F2, 0x04F3, 0x04F6, 0x04F7, 0x04F8, 0x04F9, 0x2013, 0x2014, 0x2018, 0x2019, 0x201A, 0x201C,
    0x201D, 0x201E, 0x2026, 0x2039, 0x203A, 0x3042, 0x3044, 0x3046, 0x3048, 0x304B, 0x304C, 0x304D,
    0x304F, 0x3050, 0x3053, 0x3057, 0x3059, 0x305D, 0x305F, 0x3060, 0x3064, 0x3066, 0x3067, 0x3068,
    0x306B, 0x306E, 0x306F, 0x3073, 0x3078, 0x3079, 0x307E, 0x307F, 0x3081, 0x3082, 0x3088, 0x3089,
    0x308A, 0x308B, 0x308C, 0x308F, 0x3093, 0x30A1, 0x30A2, 0x30A4, 0x30A6, 0x30A9, 0x30AA, 0x30AB,
    0x30AD, 0x30AF, 0x30B3, 0x30B5, 0x30B6, 0x30B7, 0x30B8, 0x30B9, 0x30BB, 0x30BF, 0x30C0, 0x30C1,
    0x30C3, 0x30C4, 0x30C6, 0x30C7, 0x30C8, 0x30C9, 0x30CA, 0x30CD, 0x30CF, 0x30D0, 0x30D1, 0x30D3,
    0x30D5, 0x30D6, 0x30D7, 0x30DE, 0x30E0, 0x30E1, 0x30E3, 0x30E4, 0x30E5, 0x30E9, 0x30EA, 0x30EB,
    0x30EC, 0x30EF, 0x30F3, 0x30FC, 0xFB00, 0xFB01, 0xFB02, 0xFB03, 0xFB04,
};

static const uint8_t ubuntu_12_boldKernLeftClassIds[] = {
      1,   2,   1,   3,   4,   5,   6,   7,   6,   8,   9,   9,  10,  11,  12,  13,
     14,  15,  16,  17,  18,  18,  19,  20,  21,  22,  18,  23,  24,  25,  26,  27,
     28,  29,  30,  31,  32,  33,  34,  35,  36,  37,  38,  39,  40,  41,  42,  43,
     44,  45,  46,  47,  48,  49,  49,  50,  39,  51,  52,  53,  54,  55,  56,  57,
     58,  59,  60,  61,  62,  63,  64,  65,  66,  11,  11,  11,  11,  11,  11,  15,
     13,  15,  15,  15,  15,  18,  18,  18,  18,  14,  18,  23,  23,  23,  23,  23,
     23,  29,  29,  29,  29,  33,  67,  68,  38,  38,  38,  38,  38,  38,  40,  45,
     45,  45,  45,  69,  49,  50,  50,  50,  50,  50,  50,  55,  55,  55,  55,  59,
     70,  59,  11,  38,  11,  38,  11,  38,  13,  40,  13,  40,  13,  40,  13,  40,
     14,  71,  14,  41,  15,  15,  15,  15,  15,  17,  43,  17,  43,  17,  43,  17,
     43,  18,  44,  18,  44,  18,  45,  18,  45,  18,  45,  18,  45,  18,  45,  19,
     46,  19,  46,  20,  47,  47,  21,  48,  21,  48,  21,  71,  21,  48,  21,  48,
     18,  49,  18,  49,  18,  49,  49,  72,  73,  23,  50,  23,  50,  23,  50,  15,
     26,  52,  26,  52,  26,  52,  27,  53,  27,  53,  27,  53,  27,  53,  28,  54,
     28,  54,  28,  54,  29,  55,  29,  55,  29,  55,  29,  55,  29,  55,  29,  55,
     31,  57,  33,  59,  33,  34,  60,  34,  60,  34,  60,  42,  34,  60,  60,  19,
     46,  46,  19,  46,  46,  11,  38,  18,  45,  23,  50,  29,  55,  29,  55,  29,
     55,  29,  55,  29,  55,  50,  11,  38,  11,  38,  15,  17,  43,  17,  43,  20,
     47,  23,  50,  23,  50,  74,  75,  46,  34,  60,  60,  17,  43,  55,  76,  18,
     49,  11,  38,  15,  23,  50,  11,  38,  11,  38,  15,  15,  18,  45,  18,  45,
     23,  50,  23,  50,  26,  52,  26,  52,  29,  55,  29,  55,  27,  53,  28,  54,
     77,  18,  44,  78,  78,  79,  80,  81,  82,  18,  18,  83,  84,  84,  85,  86,
     18,  87,  18,  88,  79,  89,  80,  90,  78,  91,  92,  18,  18,  86,  93,  18,
     94,  18,  95,  81,  96,  87,  97,  98,  90,  18,  90,  84,  18,  84,  99,  94,
    100, 101, 102, 103, 104, 105, 106, 107, 108, 109, 110, 111, 112, 111, 113, 114,
    115, 116, 117, 118, 104, 111, 111, 104, 119, 111, 119, 120, 121, 122, 105, 105,
    123, 103, 124, 125, 126, 126, 127, 119, 119, 128, 108, 116, 129,  79, 130,  94,
    112, 131, 132,  90, 104,  84, 119, 113,  80, 103,  80, 103,  79, 133,  91, 106,
     92, 107,  86, 108,  86, 108,  86, 108,  86, 108,  90, 104,  96, 103,  84, 134,
    135, 136,  81, 114,  96, 115, 137, 138, 137, 138,  98, 118,  90, 104,  90, 104,
    139, 140, 141, 141,  18,  91, 106, 142, 143, 104,  83, 144,  90, 104, 111,  90,
    104,  18,  88, 100,  88, 100, 145, 146,  78, 105, 147, 147,  91, 106,  92, 107,
    148, 149,  18,  18,  94, 112,  94, 112,  94, 112,  99, 107,  87, 116,  87, 116,
     87, 116,  80, 103,  18, 111,   7,   7, 150, 151, 152, 150, 151, 152,   6,  64,
     65, 153, 154, 155, 156, 157, 158, 159, 160, 161, 162, 163, 164, 165, 166, 167,
    168, 169, 170, 171, 172, 173, 174, 175, 176, 177, 178, 179, 180, 181, 182, 183,
    184, 185, 186, 187, 188, 189, 190, 191, 192, 189, 193, 194, 195, 196, 197, 198,
    199, 200, 201, 202, 203, 204, 205, 206, 207, 208, 209, 210, 211, 212, 213, 214,
    215, 216, 217, 218, 219, 220, 221, 222, 223, 224, 225, 226, 227, 228, 229, 230,
    231, 232, 233, 234,  42,  45,  48,  45,  48,
};

static const uint16_t ubuntu_12_boldKernRightCodepoints[] = {
    0x0021, 0x0022, 0x0026, 0x0027, 0x0028, 0x0029, 0x002A, 0x002C, 0x002D, 0x002E, 0x002F, 0x003A,
    0x003B, 0x003F, 0x0040, 0x0041, 0x0042, 0x0043, 0x0044, 0x0045, 0x0046, 0x0047, 0x0048, 0x0049,
    0x004A, 0x004B, 0x004C, 0x004D, 0x004E, 0x004F, 0x0050, 0x0051, 0x0052, 0x0053, 0x0054, 0x0055,
    0x0056, 0x0057, 0x0058, 0x0059, 0x005A, 0x005B, 0x005C, 0x005D, 0x0061, 0x0062, 0x0063, 0x0064,
    0x0065, 0x0066, 0x0067, 0x0068, 0x0069, 0x006A, 0x006B, 0x006C, 0x006D, 0x006E, 0x006F, 0x0070,
    0x0071, 0x0072, 0x0073, 0x0074, 0x0075, 0x0076, 0x0077, 0x0078, 0x0079, 0x007A, 0x007B, 0x007D,
    0x00AB, 0x00BB, 0x00C0, 0x00C1, 0x00C2, 0x00C3, 0x00C4, 0x00C5, 0x00C6, 0x00C7, 0x00C8, 0x00C9,
    0x00CA, 0x00CB, 0x00CC, 0x00CD, 0x00CE, 0x00CF, 0x00D0, 0x00D1, 0x00D2, 0x00D3, 0x00D4, 0x00D5,
    0x00D6, 0x00D8, 0x00D9, 0x00DA, 0x00DB, 0x00DC, 0x00DD, 0x00DF, 0x00E0, 0x00E1, 0x00E2, 0x00E3,
    0x00E4, 0x00E5, 0x00E6, 0x00E7, 0x00E8, 0x00E9, 0x00EA, 0x00EB, 0x00EC, 0x00ED, 0x00EE, 0x00EF,
    0x00F0, 0x00F1, 0x00F2, 0x00F3, 0x00F4, 0x00F5, 0x00F6, 0x00F8, 0x00F9, 0x00FA, 0x00FB, 0x00FC,
    0x00FD, 0x00FF, 0x0100, 0x0101, 0x0102, 0x0103, 0x0104, 0x0105, 0x0106, 0x0107, 0x0108, 0x0109,
    0x010A, 0x010B, 0x010C, 0x010D, 0x010E, 0x010F, 0x0111, 0x0112, 0x0113, 0x0114, 0x0115, 0x0116,
    0x0117, 0x0118, 0x0119, 0x011A, 0x011B, 0x011C, 0x011D, 0x011E, 0x011F, 0x0120, 0x0121, 0x0122,
    0x0123, 0x0124, 0x0125, 0x0126, 0x0127, 0x0128, 0x0129, 0x012A, 0x012B, 0x012C, 0x012D, 0x012E,
    0x012F, 0x0130, 0x0131, 0x0132, 0x0133, 0x0134, 0x0135, 0x0136, 0x0137, 0x0139, 0x013A, 0x013B,
    0x013C, 0x013D, 0x013E, 0x013F, 0x0140, 0x0141, 0x0142, 0x0143, 0x0144, 0x0145, 0x0146, 0x0147,
    0x0148, 0x0149, 0x014A, 0x014B, 0x014C, 0x014D, 0x014E, 0x014F, 0x0150, 0x0151, 0x0152, 0x0153,
    0x0154, 0x0155, 0x0156, 0x0157, 0x0158, 0x0159, 0x015A, 0x015B, 0x015C, 0x015D, 0x015E, 0x015F,
    0x0160, 0x0161, 0x0162, 0x0163, 0x0164, 0x0165, 0x0166, 0x0167, 0x0168, 0x0169, 0x016A, 0x016B,
    0x016C, 0x016D, 0x016E, 0x016F, 0x0170, 0x0171, 0x0172, 0x0173, 0x0174, 0x0175, 0x0176, 0x0177,
    0x0178, 0x0179, 0x017A, 0x017B, 0x017C, 0x017D, 0x017E, 0x017F, 0x01C4, 0x01C5, 0x01C6, 0x01C7,
    0x01C8, 0x01C9, 0x01CA, 0x01CB, 0x01CC, 0x01CD, 0x01CE, 0x01CF, 0x01D0, 0x01D1, 0x01D2, 0x01D3,
    0x01D4, 0x01D5, 0x01D6, 0x01D7, 0x01D8, 0x01D9, 0x01DA, 0x01DB, 0x01DC, 0x01DD, 0x01DE, 0x01DF,
    0x01E0, 0x01E1, 0x01E2, 0x01E3, 0x01E4, 0x01E5, 0x01E6, 0x01E7, 0x01E8, 0x01E9, 0x01EA, 0x01EB,
    0x01EC, 0x01ED, 0x01EE, 0x01F0, 0x01F1, 0x01F2, 0x01F3, 0x01F4, 0x01F5, 0x01F8, 0x01F9, 0x01FA,
    0x01FB, 0x01FC, 0x01FD, 0x01FE, 0x01FF, 0x0200, 0x0201, 0x0202, 0x0203, 0x0204, 0x0205, 0x0206,
    0x0207, 0x0208, 0x0209, 0x020A, 0x020B, 0x020C, 0x020D, 0x020E, 0x020F, 0x0210, 0x0211, 0x0212,
    0x0213, 0x0214, 0x0215, 0x0216, 0x0217, 0x0218, 0x0219, 0x021A, 0x021B, 0x021C, 0x021D, 0x021E,
    0x021F, 0x0402, 0x0404, 0x0405, 0x0408, 0x0409, 0x040B, 0x040E, 0x0410, 0x0414, 0x0416, 0x0417,
    0x041B, 0x041C, 0x041E, 0x0421, 0x0422, 0x0423, 0x0424, 0x0425, 0x0427, 0x042D, 0x042F, 0x0430,
    0x0431, 0x0432, 0x0433, 0x0434, 0x0435, 0x0436, 0x0437, 0x0438, 0x0439, 0x043A, 0x043B, 0x043C,
    0x043D, 0x043E, 0x043F, 0x0440, 0x0441, 0x0442, 0x0443, 0x0444, 0x0445, 0x0446, 0x0447, 0x0448,
    0x0449, 0x044A, 0x044B, 0x044C, 0x044D, 0x044E, 0x044F, 0x0450, 0x0451, 0x0452, 0x0453, 0x0454,
    0x0455, 0x0456, 0x0457, 0x0458, 0x0459, 0x045A, 0x045B, 0x045C, 0x045D, 0x045E, 0x045F, 0x0462,
    0x0463, 0x0472, 0x0473, 0x0475, 0x048B, 0x048D, 0x048F, 0x0491, 0x0493, 0x0495, 0x0496, 0x0497,
    0x0498, 0x0499, 0x049B, 0x049D, 0x049F, 0x04A1, 0x04A3, 0x04A5, 0x04A7, 0x04A8, 0x04A9, 0x04AA,
    0x04AB, 0x04AC, 0x04AD, 0x04AE, 0x04AF, 0x04B0, 0x04B1, 0x04B2, 0x04B3, 0x04B4, 0x04B5, 0x04B6,
    0x04B7, 0x04B8, 0x04B9, 0x04BB, 0x04BC, 0x04BD, 0x04BE, 0x04BF, 0x04C1, 0x04C2, 0x04C4, 0x04C5,
    0x04C6, 0x04C8, 0x04CA, 0x04CB, 0x04CC, 0x04CE, 0x04D0, 0x04D1, 0x04D2, 0x04D3, 0x04D4, 0x04D5,
    0x04D7, 0x04D8, 0x04D9, 0x04DA, 0x04DB, 0x04DC, 0x04DD, 0x04DE, 0x04DF, 0x04E0, 0x04E1, 0x04E3,
    0x04E5, 0x04E6, 0x04E7, 0x04E8, 0x04E9, 0x04EA, 0x04EB, 0x04EC, 0x04ED, 0x04EE, 0x04EF, 0x04F0,
    0x04F1, 0x04F2, 0x04F3, 0x04F4, 0x04F5, 0x04F7, 0x04F9, 0x2013, 0x2014, 0x2018, 0x2019, 0x201A,
    0x201C, 0x201D, 0x201E, 0x2026, 0x2027, 0x2039, 0x203A, 0x3001, 0x3002, 0x3042, 0x3044, 0x3046,
    0x304A, 0x304C, 0x304D, 0x304F, 0x3050, 0x3053, 0x3055, 0x3059, 0x305B, 0x305D, 0x305F, 0x3060,
    0x3064, 0x3066, 0x3067, 0x3068, 0x306A, 0x306E, 0x306F, 0x3078, 0x3079, 0x307E, 0x307F, 0x3082,
    0x3088, 0x308A, 0x308B, 0x308C, 0x3092, 0x30A2, 0x30A3, 0x30A4, 0x30A6, 0x30A8, 0x30AB, 0x30AF,
    0x30B3, 0x30B5, 0x30B6, 0x30B7, 0x30B8, 0x30B9, 0x30BA, 0x30BB, 0x30BF, 0x30C0, 0x30C1, 0x30C4,
    0x30C6, 0x30C8, 0x30C9, 0x30CA, 0x30CB, 0x30CD, 0x30CF, 0x30D0, 0x30D1, 0x30D5, 0x30D6, 0x30D7,
    0x30DA, 0x30DE, 0x30E0, 0x30E1, 0x30E3, 0x30E4, 0x30E5, 0x30E6, 0x30E9, 0x30EB, 0x30EC, 0x30F3,
    0x30FC, 0xFB00, 0xFB01, 0xFB02, 0xFB03, 0xFB04, 0xFF0C, 0xFF0E,
};

static const uint8_t ubuntu_12_boldKernRightClassIds[] = {
      1,   2,   3,   2,   4,   5,   6,   7,   8,   7,   9,  10,  10,  11,  12,  13,
     14,  15,  14,  14,  14,  16,  14,  14,  17,  14,  14,  18,  14,  19,  14,  19,
     14,  20,  21,  22,  23,  24,  25,  26,  27,  28,  29,  30,  31,  32,  33,  34,
     33,  35,  33,  36,  37,  38,  36,  36,  39,  39,  34,  39,  33,  39,  40,  41,
     42,  43,  44,  45,  46,  47,  48,  49,  50,  51,  13,  13,  13,  13,  13,  13,
     52,  15,  14,  14,  14,  14,  14,  14,  14,  14,  14,  14,  19,  19,  19,  19,
     19,  19,  22,  22,  22,  22,  26,  53,  31,  31,  31,  31,  54,  31,  31,  33,
     33,  33,  33,  33,  55,  37,  56,  57,  58,  39,  34,  34,  34,  34,  34,  34,
     42,  42,  42,  42,  46,  46,  13,  31,  13,  31,  13,  31,  15,  33,  15,  33,
     15,  33,  15,  33,  14,  34,  34,  14,  33,  14,  33,  14,  33,  14,  33,  14,
     33,  16,  33,  16,  33,  16,  33,  16,  33,  14,  36,  14,  36,  14,  59,  14,
     60,  14,  61,  14,  37,  14,  37,  14,  37,  17,  38,  14,  36,  14,  36,  14,
     36,  14,  36,  14,  36,  14,  36,  14,  39,  14,  39,  14,  39,  39,  62,  63,
     19,  34,  19,  34,  19,  34,  19,  34,  14,  39,  14,  39,  14,  39,  20,  40,
     20,  40,  20,  40,  20,  40,  21,  41,  21,  41,  21,  41,  22,  42,  22,  42,
     22,  42,  22,  42,  22,  42,  22,  42,  24,  44,  26,  46,  26,  27,  47,  27,
     47,  27,  47,  35,  14,  14,  34,  14,  14,  36,  14,  14,  39,  13,  31,  14,
     37,  19,  34,  22,  42,  22,  42,  22,  42,  22,  42,  22,  42,  64,  13,  31,
     13,  31,  52,  31,  16,  33,  16,  33,  14,  36,  19,  34,  19,  34,  65,  38,
     14,  14,  34,  16,  33,  14,  39,  13,  31,  52,  31,  19,  34,  13,  31,  13,
     31,  14,  33,  14,  33,  14,  37,  14,  37,  19,  34,  19,  34,  14,  39,  14,
     39,  22,  42,  22,  42,  20,  40,  21,  41,  66,  67,  14,  36,  68,  69,  70,
     71,  72,  68,  73,  74,  75,  76,  77,  72,  78,  79,  69,  68,  73,  80,  81,
     82,  83,  84,  85,  86,  87,  88,  89,  90,  91,  92,  88,  88,  88,  93,  94,
     88,  95,  88,  96,  97,  98,  99, 100, 101,  88, 102,  88, 103, 104,  88,  88,
    105, 106, 107,  90,  90, 108,  88, 109, 110, 111, 112, 113,  93,  88, 114,  88,
     88,  99, 103,  68, 115,  79,  95,  99,  88, 116,  96,  88,  88,  88,  76,  91,
     77,  92,  88,  88,  88,  88,  88,  88,  88, 117, 118,  69,  97,  68,  98, 119,
    120, 119, 120,  81, 101,  68,  98,  82, 102,  82, 102, 121, 122, 123, 122, 123,
     76,  91,  88,  72,  93,  88,  88,  82, 102,  94,  74,  85,  74,  85, 124, 125,
     90, 126, 127, 126, 127,  76,  91,  77,  92, 128, 129,  88,  88,  79,  95,  79,
     95,  79,  95,  83,  92,  73,  99,  73,  99,  73,  99,  82, 102,  88,  88,   8,
      8, 130, 131, 132, 130, 131, 132,   7, 133,  50,  51, 134, 135, 136, 137, 138,
    139, 140, 141, 142, 143, 140, 140, 144, 145, 146, 147, 147, 148, 149, 150, 151,
    152, 153, 154, 155, 155, 156, 157, 158, 159, 160, 161, 162, 163, 164, 165, 166,
    167, 168, 169, 170, 171, 172, 173, 174, 174, 175, 176, 177, 178, 178, 177, 179,
    180, 181, 182, 183, 177, 184, 185, 186, 187, 188, 189, 190, 191, 192, 193, 194,
    195, 196, 197, 180, 198, 199, 200, 201, 202,  35,  35,  35,  35,  35, 203, 204,
};

static const uint16_t ubuntu_12_boldKernRowOffsets[] = {
        0,    29,    47,   121,   151,   198,   255,   312,   386,   411,   437,   478,   502,   540,   561,   579,
      615,   627,   628,   636,   680,   722,   731,   752,   780,   800,   834,   854,   905,   914,   960,  1001,
     1048,  1099,  1136,  1222,  1248,  1261,  1274,  1292,  1311,  1323,  1354,  1366,  1379,  1390,  1402,  1428,
     1447,  1460,  1478,  1491,  1514,  1523,  1541,  1552,  1572,  1593,  1617,  1637,  1656,  1701,  1726,  1730,
     1750,  1793,  1836,  1859,  1875,  1886,  1898,  1931,  1932,  1937,  1942,  1943,  1950,  1953,  1963,  1986,
     2043,  2085,  2109,  2115,  2143,  2161,  2215,  2269,  2316,  2335,  2367,  2420,  2438,  2451,  2473,  2504,
     2552,  2580,  2635,  2657,  2667,  2674,  2683,  2701,  2722,  2736,  2767,  2775,  2807,  2813,  2820,  2826,
     2841,  2855,  2870,  2888,  2905,  2926,  2956,  2973,  2986,  3001,  3007,  3017,  3025,  3032,  3035,  3041,
     3053,  3059,  3078,  3132,  3155,  3166,  3184,  3201,  3213,  3271,  3287,  3304,  3316,  3327,  3343,  3356,
     3360,  3367,  3377,  3395,  3408,  3417,  3471,  3546,  3581,  3584,  3587,  3593,  3605,  3611,  3616,  3622,
     3628,  3636,  3640,  3645,  3654,  3656,  3658,  3663,  3667,  3682,  3688,  3700,  3708,  3711,  3712,  3713,
     3717,  3720,  3725,  3727,  3729,  3739,  3741,  3746,  3751,  3754,  3759,  3760,  3763,  3767,  3786,  3800,
     3802,  3808,  3810,  3816,  3831,  3832,  3841,  3847,  3854,  3864,  3866,  3867,  3872,  3877,  3883,  3886,
     3891,  3898,  3904,  3907,  3910,  3915,  3916,  3918,  3923,  3926,  3927,  3934,  3939,  3945,  3949,  3953,
     3954,  3956,  3966,  3969,  3981,  3985,  3989,  3990,  3997,  4009,  4030,
};

static const uint8_t ubuntu_12_boldKernSparseCols[] = {
     12,  16,  22,  23,  51,  67,  70,  71,  73,  74,  79,  81,  84,  88,  89,  92,
     93,  94,  96,  99, 106, 107, 108, 109, 113, 117, 123, 124, 126,  12,  14,  15,
     16,  18,  20,  22,  23,  24,  25,  30,  32,  33,  42,  43,  44,  45,  53,   3,
      4,   5,   7,  11,  14,  15,  18,  20,  22,  23,  24,  25,  26,  30,  32,  33,
     34,  36,  37,  38,  39,  41,  42,  43,  45,  52,  53,  54,  55,  56,  57,  58,
     59,  60,  67,  68,  69,  72,  74,  75,  78,  79,  80,  84,  85,  86,  87,  88,
     89,  93,  94,  96,  98,  99, 101, 102, 105, 107, 108, 109, 110, 111, 112, 113,
    116, 117, 118, 122, 123, 124, 125, 126, 128,   3,   5,   7,  11,  12,  16,  20,
     22,  23,  24,  25,  26,  44,  51,  61,  67,  69,  70,  72,  73,  75,  76,  80,
     82,  83, 100, 107, 118, 127, 128,  11,  12,  16,  17,  24,  25,  30,  32,  33,
     37,  39,  42,  43,  44,  45,  51,  53,  57,  61,  70,  71,  72,  73,  74,  75,
     76,  77,  80,  82,  84,  88,  89,  92,  93,  94,  96,  99, 100, 106, 108, 109,
    112, 117, 123, 124, 125, 127,  12,  14,  15,  16,  18,  19,  20,  21,  22,  23,
     24,  25,  26,  30,  32,  33,  42,  43,  44,  45,  46,  51,  53,  57,  67,  68,
     69,  70,  71,  73,  74,  75,  76,  78,  79,  80,  81,  88,  91,  92,  94,  97,
     98, 100, 101, 103, 104, 114, 116, 118, 119, 121, 122, 123, 125, 127, 128,  14,
     15,  16,  18,  20,  22,  24,  25,  26,  30,  32,  33,  34,  43,  44,  51,  53,
     57,  61,  67,  68,  69,  70,  72,  75,  78,  79,  80,  82,  84,  85,  86,  87,
     89,  90,  94,  95,  96,  99, 100, 101, 102, 105, 106, 108, 110, 111, 112, 115,
    116, 117, 118, 120, 122, 125, 126, 127,  11,  12,  14,  15,  16,  18,  20,  22,
     23,  24,  25,  26,  30,  31,  32,  33,  35,  36,  37,  38,  39,  41,  46,  51,
     53,  54,  55,  56,  57,  58,  59,  60,  67,  68,  70,  71,  72,  73,  74,  75,
     78,  79,  80,  81,  83,  84,  85,  86,  87,  88,  89,  92,  93,  94,  95,  96,
     99, 102, 105, 106, 107, 108, 109, 110, 111, 112, 113, 116, 117, 118, 123, 124,
    126, 128,  12,  16,  20,  22,  24,  25,  26,  42,  43,  44,  45,  46,  51,  67,
     70,  73,  80,  92, 100, 114, 115, 118, 121, 122, 123,  12,  16,  20,  22,  23,
     24,  25,  26,  44,  51,  61,  67,  69,  70,  72,  73,  75,  76,  80,  82,  83,
    100, 107, 118, 123, 127,   1,   3,   5,   6,   8,   9,  10,  12,  14,  15,  16,
     18,  19,  20,  21,  22,  23,  24,  25,  26,  28,  29,  30,  32,  33,  39,  42,
     43,  44,  45,  46,  47,  49,  50,  51,  53,  57,  65, 129, 130, 131,   4,   5,
      7,   8,   9,  10,  12,  20,  22,  23,  24,  25,  28,  29,  42,  44,  45,  46,
     48,  49,  50,  51,  65, 131,   2,   3,   4,   5,   6,   7,   8,   9,  10,  12,
     14,  15,  16,  18,  19,  20,  22,  23,  24,  25,  26,  28,  29,  30,  32,  33,
     39,  41,  44,  46,  49,  50,  51,  53,  57, 129, 130, 131,   4,   6,   7,   8,
     10,  12,  16,  20,  22,  23,  24,  25,  26,  29,  48,  49,  51,  64,  65, 130,
    131,  16,  18,  22,  24,  25,  26,  30,  32,  33,  44,  50,  51,  53,  57,  61,
    129, 130, 131,   2,   3,   4,   6,   7,   8,  10,  11,  12,  14,  15,  16,  17,
     18,  20,  22,  23,  24,  25,  28,  29,  30,  32,  33,  38,  39,  41,  44,  46,
     50,  51,  53,  57, 129, 130, 131,   5,   6,   7,   9,  20,  22,  23,  25,  42,
     45, 129, 131,   8,   8,  12,  16,  28,  50,  51, 129, 130,   2,   3,   4,   5,
      6,   7,   8,   9,  11,  12,  14,  15,  16,  18,  20,  22,  23,  24,  25,  26,
     28,  29,  30,  32,  33,  39,  40,  41,  42,  43,  44,  45,  46,  47,  49,  51,
     53,  56,  57,  58,  59,  60,  63, 131,   0,   1,   2,   5,   6,   7,   8,   9,
     10,  12,  14,  15,  16,  17,  18,  19,  20,  21,  22,  23,  24,  25,  26,  28,
     29,  30,  39,  42,  43,  44,  45,  46,  47,  48,  49,  50,  51,  53,  65, 129,
    130, 131,   5,   8,  10,  20,  22,  25,  28, 129, 130,   4,   6,   7,   8,  10,
     12,  16,  20,  22,  23,  24,  25,  26,  29,  48,  49,  51,  64,  65, 130, 131,
      2,   4,   6,   8,   9,  12,  16,  20,  24,  25,  27,  29,  30,  32,  33,  42,
     43,  44,  45,  48,  49,  50,  51,  53,  57, 129, 130, 131,   4,   6,   7,   8,
     10,  12,  16,  20,  22,  23,  24,  25,  26,  29,  37,  49,  51,  64, 130, 131,
      5,   6,   7,   8,   9,  10,  11,  12,  14,  15,  16,  18,  20,  21,  22,  24,
     25,  26,  28,  29,  30,  32,  33,  40,  41,  44,  46,  49,  51,  53,  57, 129,
    130, 131,   4,   5,   6,   7,   8,  10,  20,  22,  23,  25,  30,  42,  43,  44,
     45,  49,  51,  53, 129, 131,   2,   3,   4,   6,   7,   8,   9,  10,  11,  12,
     14,  15,  16,  17,  18,  20,  22,  23,  24,  25,  26,  28,  29,  30,  32,  33,
     38,  39,  41,  42,  43,  44,  45,  46,  47,  49,  50,  51,  53,  54,  55,  56,
     57,  58,  59,  60,  62,  63, 129, 130, 131,   6,   8,   9,  12,  16,  28,  51,
    129, 130,   1,   2,   3,   4,   6,   7,   8,   9,  10,  11,  12,  14,  15,  16,
     17,  18,  20,  22,  23,  24,  25,  26,  28,  29,  30,  32,  33,  38,  39,  41,
     46,  47,  49,  51,  53,  54,  56,  57,  58,  59,  60,  62,  63, 129, 130, 131,
      1,   2,   3,   4,   6,   8,  10,  11,  12,  14,  15,  16,  18,  20,  22,  23,
     24,  25,  26,  28,  29,  30,  32,  33,  38,  39,  41,  42,  43,  44,  45,  47,
     49,  51,  53,  56,  57,  58, 129, 130, 131,   2,   3,   4,   5,   6,   7,   8,
      9,  10,  11,  12,  14,  15,  16,  18,  19,  20,  22,  23,  24,  25,  26,  28,
     29,  30,  32,  33,  39,  41,  42,  43,  44,  45,  46,  47,  49,  51,  53,  56,
     57,  58,  59,  60,  63, 129, 130, 131,   0,   2,   3,   4,   5,   6,   7,   8,
      9,  10,  11,  12,  14,  15,  16,  17,  18,  19,  20,  22,  23,  24,  25,  26,
     28,  29,  30,  32,  33,  38,  39,  41,  42,  44,  45,  46,  47,  49,  50,  51,
     53,  56,  57,  58,  59,  60,  62,  63, 129, 130, 131,   2,   4,   6,   7,   9,
     10,  11,  12,  14,  15,  16,  18,  19,  20,  22,  23,  24,  25,  26,  28,  29,
     30,  32,  33,  44,  46,  49,  50,  51,  53,  55,  56,  58,  59, 129, 130, 131,
     12,  14,  15,  16,  18,  20,  22,  23,  24,  25,  26,  29,  30,  32,  33,  36,
     37,  38,  39,  41,  42,  43,  44,  45,  46,  51,  53,  54,  55,  56,  57,  58,
     59,  60,  67,  68,  69,  70,  71,  72,  73,  74,  75,  78,  79,  80,  83,  84,
     85,  86,  87,  88,  89,  90,  91,  92,  93,  94,  96,  97,  98,  99, 100, 101,
    102, 103, 104, 105, 106, 107, 108, 109, 110, 111, 112, 113, 114, 115, 116, 117,
    118, 119, 122, 124, 126, 128,  12,  13,  14,  15,  16,  17,  18,  20,  21,  22,
     23,  24,  25,  26,  30,  32,  33,  37,  40,  41,  42,  43,  45,  51,  53,  57,
     37,  68,  69,  78,  79,  82,  83,  99, 112, 116, 117, 125, 128,   1,   4,   5,
     10,  28,  29,  42,  43,  45,  48, 129, 130, 131,   1,   4,   5,   6,   7,   8,
     10,  28,  29,  42,  43,  44,  45,  46,  48,  49, 129, 130,   6,   7,   9,  10,
     11,  29,  30,  32,  33,  42,  43,  44,  45,  49,  53,  57, 129, 130, 131,   4,
      5,   7,  10,  28,  29,  42,  43,  45, 129, 130, 131,   4,   5,   6,   8,   9,
     10,  28,  29,  30,  32,  33,  36,  37,  42,  43,  44,  45,  48,  49,  50,  53,
     54,  55,  56,  57,  58,  59,  60, 129, 130, 131,   4,   5,  10,  28,  29,  37,
     42,  43,  45, 129, 130, 131,   1,   4,   5,  10,  28,  29,  42,  43,  45,  48,
    129, 130, 131,   4,   5,  10,  28,  29,  42,  43,  45, 129, 130, 131,   4,   5,
     10,  28,  29,  37,  42,  43,  45, 129, 130, 131,   2,   3,   5,   6,   7,   8,
      9,  11,  29,  30,  32,  33,  40,  41,  42,  43,  44,  45,  46,  47,  49,  53,
     57, 129, 130, 131,   4,   5,   6,   9,  10,  28,  29,  30,  42,  43,  44,  45,
     46,  49,  50,  53, 129, 130, 131,   1,   4,   5,  10,  28,  29,  42,  43,  45,
     48, 129, 130, 131,   1,   4,   5,   6,   7,   8,  10,  28,  29,  42,  43,  44,
     45,  46,  48,  49, 129, 130,   4,   5,   8,  10,  28,  29,  37,  42,  43,  45,
    129, 130, 131,   2,   5,   6,   8,   9,  10,  28,  29,  30,  32,  33,  42,  43,
     44,  45,  46,  49,  50,  53,  57, 129, 130, 131,   4,   5,   8,  10,  28,  29,
     46,  48, 131,   6,   7,   9,  10,  28,  29,  30,  32,  33,  42,  43,  44,  45,
     49,  53,  57, 129, 131,   4,   5,  10,  28,  29,  42,  43,  45, 129, 130, 131,
      2,   5,   6,   8,   9,  29,  30,  32,  33,  42,  43,  44,  45,  46,  50,  53,
     57, 129, 130, 131,   2,   5,   6,   7,   8,   9,  29,  30,  32,  33,  42,  43,
     44,  45,  46,  50,  53,  57, 129, 130, 131,   2,   3,   5,   6,   7,   8,   9,
     11,  29,  30,  32,  33,  42,  43,  44,  45,  46,  47,  49,  53,  57, 129, 130,
    131,   2,   5,   6,   8,   9,  29,  30,  32,  33,  42,  43,  44,  45,  46,  50,
     53,  57, 129, 130, 131,   6,   8,   9,  10,  29,  30,  32,  33,  42,  43,  44,
     45,  48,  49,  50,  53, 129, 130, 131,  14,  15,  18,  48,  67,  68,  69,  71,
     72,  74,  75,  78,  79,  80,  83,  84,  85,  86,  87,  88,  89,  91,  93,  94,
     96,  97,  98,  99, 101, 102, 103, 104, 105, 106, 107, 108, 109, 112, 113, 116,
    117, 118, 124, 126, 128,  16,  20,  22,  24,  25,  51,  67,  69,  70,  71,  72,
     73,  74,  75,  76,  80,  82,  83,  88,  90,  92, 118, 122, 127, 128,  20,  22,
     23,  25,  12,  16,  20,  22,  25,  26,  42,  43,  45,  46,  67,  70,  73,  92,
    114, 115, 118, 119, 121, 122,  12,  14,  15,  16,  18,  19,  20,  22,  23,  24,
     25,  26,  30,  32,  33,  44,  46,  51,  53,  57,  67,  69,  70,  71,  72,  73,
     74,  75,  76,  78,  80,  82,  83,  88,  90,  92,  94, 100, 104, 118, 123, 127,
    128,  12,  13,  14,  15,  16,  17,  18,  19,  20,  21,  22,  23,  24,  25,  26,
     30,  31,  32,  33,  34,  35,  36,  37,  38,  39,  40,  41,  42,  43,  44,  45,
     46,  51,  52,  53,  54,  55,  56,  57,  58,  59,  60,  61,   4,   6,   7,   8,
      9,  10,  12,  16,  20,  22,  23,  24,  25,  26,  28,  29,  30,  48,  49,  51,
     53,  64,  65,   1,   4,   5,   7,  10,  27,  28,  29,  42,  43,  44,  45,  48,
     66, 129, 130,   4,   6,   7,   8,  10,  28,  29,  48,  49, 129, 130,   1,   4,
      5,   8,  10,  29,  42,  44,  45,  48, 129, 130,   1,   4,   6,   7,  10,  28,
     29,  30,  31,  32,  33,  35,  36,  37,  38,  39,  40,  41,  42,  43,  44,  45,
     46,  48,  53,  54,  55,  56,  58,  59,  60, 129, 130,  37,   1,   5,  10, 129,
    130,  42,  43,  44,  45,  66,  37,  12,  16,  24,  25,  30,  51,  53,  22,  25,
     61,  70,  75,  78,  79,  80,  94, 100, 101, 123, 128,   1,   4,   5,   7,   8,
     10,  27,  67,  69,  72,  80,  81,  82,  83,  90,  97,  98, 100, 103, 114, 119,
    121, 128,   3,   4,   6,   7,   8,   9,  10,  11,  27,  29,  47,  49,  50,  67,
     68,  70,  71,  73,  74,  77,  78,  79,  80,  83,  84,  85,  86,  87,  88,  89,
     91,  92,  93,  94,  95,  96,  99, 100, 101, 102, 104, 105, 106, 108, 109, 111,
    116, 117, 118, 122, 123, 124, 125, 126, 128, 129, 130,   3,   4,   5,   6,   7,
      8,   9,  10,  29,  47,  48,  49,  50,  67,  68,  69,  70,  71,  73,  74,  75,
     76,  78,  79,  80,  84,  88,  90,  92,  94, 100, 107, 109, 113, 116, 118, 122,
    123, 125, 128, 129, 130,   1,   3,   4,   5,   6,   7,   8,  10,  27,  49,  67,
     81,  82,  83,  84,  97,  98, 100, 103, 114, 119, 121, 128, 129,   8,  50,  70,
     73, 129, 130,   1,   4,   5,   7,   8,  10,  27,  29,  48,  67,  69,  72,  75,
     80,  81,  82,  83,  90,  97,  98, 100, 103, 114, 118, 119, 128, 129, 130,   1,
      5,   6,   7,  10,  29,  48,  67,  81,  97, 114, 118, 119, 121, 123, 128, 129,
    130,   3,   4,   5,   6,   7,   8,   9,  11,  29,  47,  48,  49,  67,  68,  70,
     71,  72,  73,  74,  75,  78,  79,  80,  84,  85,  88,  89,  90,  92,  94,  96,
     97,  98,  99, 100, 101, 103, 104, 106, 107, 108, 109, 113, 114, 116, 117, 118,
    119, 121, 122, 123, 125, 126, 128,   1,   3,   4,   6,   7,   8,   9,  10,  11,
     29,  47,  48,  49,  67,  68,  70,  71,  72,  73,  74,  75,  77,  78,  79,  80,
     83,  84,  85,  86,  87,  88,  89,  92,  93,  94,  95,  96,  99, 102, 105, 106,
    107, 108, 109, 111, 113, 116, 117, 118, 123, 124, 126, 129, 130,   1,   3,   5,
      6,   8,   9,  10,  29,  47,  49,  50,  67,  68,  69,  70,  71,  73,  74,  75,
     76,  78,  79,  80,  81,  88,  90,  92,  94,  97,  98, 100, 101, 103, 104, 106,
    109, 114, 116, 118, 119, 121, 122, 123, 125, 128, 129, 130,   4,   5,   7,   8,
      9,  10,  29,  48,  49,  50,  67,  69,  73,  75,  80,  82,  83, 100, 118,   1,
      4,   5,   6,   8,  10,  29,  47,  48,  49,  67,  70,  71,  73,  74,  75,  76,
     79,  80,  81,  88,  90,  92,  98, 100, 101, 112, 118, 121, 123, 129, 130,   3,
      4,   5,   6,   7,   8,   9,  10,  11,  29,  47,  48,  49,  67,  68,  70,  71,
     72,  73,  74,  75,  78,  79,  80,  84,  85,  88,  89,  90,  92,  94,  96,  97,
     98,  99, 100, 101, 103, 107, 108, 109, 113, 114, 116, 117, 118, 119, 121, 122,
    123, 125, 126, 128,   4,   5,   7,   8,   9,  10,  29,  48,  49,  50,  67,  69,
     73,  75,  80,  83, 100, 118,   3,   4,   5,  10,  27,  29,  48,  67,  99, 101,
    118, 129, 130,   4,   6,   7,   8,  10,  27,  29,  48,  49,  67,  70,  72,  73,
     75,  76,  80,  82,  83, 118, 123, 127, 130,   4,   6,   8,   9,  27,  29,  48,
     49,  50,  67,  70,  71,  73,  74,  75,  76,  80,  82,  84,  88,  92,  93,  94,
     98, 100, 115, 119, 121, 123, 129, 130,   1,   3,   4,   6,   7,   8,   9,  10,
     11,  29,  47,  48,  49,  50,  67,  70,  71,  72,  73,  74,  75,  77,  78,  79,
     80,  84,  88,  89,  92,  93,  94,  96,  99, 100, 106, 107, 108, 109, 111, 113,
    117, 118, 121, 123, 124, 126, 129, 130,   1,   4,   6,   7,   8,  10,  27,  29,
     48,  67,  70,  71,  72,  73,  74,  75,  76,  80,  82,  83,  88,  92,  93, 107,
    113, 118, 123, 127,   3,   4,   5,   6,   7,   8,   9,  10,  11,  29,  47,  48,
     49,  67,  68,  69,  70,  71,  72,  73,  74,  75,  76,  78,  79,  80,  85,  88,
     89,  90,  92,  94,  96,  97,  98,  99, 100, 101, 103, 107, 108, 109, 113, 114,
    116, 117, 118, 119, 122, 123, 125, 126, 128, 129, 130,   4,   6,   7,   8,  10,
     27,  29,  48,  49,  67,  70,  72,  73,  75,  76,  80,  82,  83, 118, 123, 127,
    130,   1,   4,   5,   7,  10,  29,  48, 128, 129, 130,   5,   7,   8,  27,  90,
    100, 128,   1,   4,   5,  10,  29,  48, 128, 129, 130,   6,   8,   9,  29,  50,
     88,  90,  92,  97,  98, 100, 103, 114, 115, 119, 122, 129, 130,   1,   4,   5,
      6,   8,  10,  29,  48,  49,  88,  90,  92,  97,  98, 100, 101, 103, 104, 112,
    129, 130,   1,   4,   5,   6,   7,   8,  10,  29,  48,  49, 100, 128, 129, 130,
      3,   5,   6,   7,   8,   9,  11,  29,  47,  49,  84,  88,  89,  90,  91,  92,
     94,  96,  97,  98,  99, 100, 103, 104, 106, 114, 115, 117, 119, 129, 130,   1,
      4,   6,   7,  10,  29,  48,  92,   3,   5,   6,   7,   8,   9,  11,  29,  47,
     49,  84,  88,  89,  90,  91,  92,  94,  96,  97,  98,  99, 100, 103, 104, 106,
    108, 114, 115, 117, 119, 129, 130,   4,   7,  10,  29,  48, 128,   1,   4,   5,
     10,  29,  48, 128,   4,   7,  10,  29,  48, 128,   1,   4,   5,   6,   7,   8,
     10,  29,  48,  49,  90, 100, 128, 129, 130,   1,   4,   5,   7,   8,  10,  27,
     29,  48,  90, 107, 128, 129, 130,   6,   7,   9,  10,  11,  29,  48,  49,  90,
     94, 100, 114, 119, 129, 130,   6,   8,  29,  48,  88,  90,  92,  97,  98,  99,
    100, 103, 114, 115, 119, 122, 129, 130,   6,   8,  29,  88,  90,  92,  97,  98,
     99, 100, 103, 114, 115, 119, 122, 129, 130,   1,   4,   5,   7,   8,  10,  27,
     29,  48,  90,  91,  97,  98, 100, 101, 106, 107, 113, 128, 129, 130,   3,   5,
      6,   7,   8,   9,  11,  29,  47,  49,  88,  89,  90,  91,  92,  94,  96,  97,
     98,  99, 100, 103, 104, 106, 114, 115, 117, 119, 129, 130,   1,   4,   5,   7,
     10,  27,  29,  48,  92,  97,  98, 103, 114, 119, 128, 129, 130,   1,   4,   5,
      6,   7,   8,  10,  29,  48,  49, 100, 129, 130,   1,   4,   5,   6,   7,   8,
     10,  29,  48,  49,  90, 100, 128, 129, 130,   4,   7,  10,  29,  48, 128,   1,
      3,   5,   7,  10, 107, 112, 128, 129, 130,   6,  10,  29,  48,  49,  90,  99,
    100,   4,   5,   8,  10,  29,  48, 128,   4,   7, 128,   3,   4,   7,  29, 112,
    128,   1,   3,   4,   5,   7,  10,  29,  48, 112, 128, 129, 130,   4,   7,  10,
     29,  48, 128,   1,   4,   5,  10,  27,  29,  48,  97,  98, 101, 103, 106, 107,
    113, 114, 119, 128, 129, 130,   0,   1,   3,   4,   6,   7,   8,  10,  11,  29,
     48,  49,  67,  68,  70,  71,  72,  73,  74,  75,  76,  78,  79,  80,  81,  82,
     84,  86,  87,  88,  89,  92,  93,  94,  95,  96,  99, 102, 106, 107, 108, 109,
    113, 116, 117, 118, 121, 122, 123, 124, 126, 127, 129, 130,   1,   5,   6,   8,
      9,  29,  50,  88,  90,  91,  92,  97,  98, 100, 101, 103, 104, 114, 115, 119,
    122, 129, 130,   1,   3,   5,   6,  10,  90,  92, 100, 101, 112, 129,   1,   3,
      5,   6,  10,  27,  90,  92,  97, 100, 101, 103, 112, 114, 119, 122, 129, 130,
      1,   5,   7,  10,  27,  67,  69,  72,  75,  80,  82,  83,  90, 112, 118, 129,
    130,   1,   5,   7,   8,  10,  97, 103, 112, 114, 119, 129, 130,   3,   4,   6,
      7,   8,   9,  10,  11,  29,  47,  48,  49,  50,  67,  68,  69,  70,  71,  72,
     73,  74,  75,  77,  78,  79,  80,  81,  83,  84,  85,  86,  87,  88,  89,  91,
     92,  93,  94,  95,  96,  99, 101, 102, 104, 105, 106, 107, 108, 109, 113, 116,
    117, 118, 122, 123, 124, 126, 130,   6,   8,  29,  50,  88,  90,  92,  97,  98,
    100, 103, 114, 115, 119, 122, 130,   1,   3,   4,   5,   6,   7,  10,  27,  29,
     48,  67,  81, 118, 121, 123, 129, 130,   1,   3,   4,   5,   7,  10,  29,  48,
    112, 128, 129, 130,   4,   7,   8,  10,  27,  29,  48,  72,  82,  83, 118,   3,
      5,  27,  68,  78,  79,  97, 101, 103, 112, 114, 116, 119, 121, 122, 125,   3,
      6,  49,  90,  92,  97,  98, 100, 103, 112, 114, 119, 130,   7,  10, 112, 128,
      6,  70,  73,  75,  79,  80, 123,   1,   4,   5,   7,  10,  29,  48, 128, 129,
    130,   4,   6,   7,   8,  10,  29,  48,  70,  72,  73,  75,  76,  80,  82,  83,
    118, 123, 127,   5,   7,   8,  69,  83,  90,  97,  98, 100, 103, 114, 119, 128,
      3,   6,  10,  47,  49,  90,  99, 100, 112,  12,  14,  15,  16,  17,  18,  19,
     20,  21,  22,  23,  24,  25,  26,  30,  32,  33,  39,  42,  43,  45,  51,  53,
     57,  67,  69,  70,  71,  73,  74,  75,  77,  78,  79,  80,  81,  84,  88,  89,
     92,  93,  94,  96,  99, 106, 107, 108, 109, 113, 117, 118, 123, 124, 126,  12,
     14,  15,  16,  18,  19,  20,  21,  22,  23,  24,  25,  26,  30,  31,  32,  33,
     34,  35,  36,  38,  39,  41,  42,  43,  45,  46,  51,  52,  53,  54,  55,  56,
     57,  58,  59,  60,  67,  68,  69,  70,  71,  73,  74,  78,  79,  80,  83,  84,
     86,  87,  88,  89,  91,  92,  93,  94,  95,  96,  99, 102, 104, 105, 106, 108,
    109, 116, 117, 118, 122, 123, 124, 125, 126, 128,  12,  14,  15,  16,  18,  19,
     20,  21,  22,  23,  24,  25,  26,  30,  31,  34,  35,  36,  37,  38,  39,  41,
     42,  43,  44,  45,  46,  51,  53,  54,  55,  56,  58,  59,  60, 148, 149, 187,
    148, 149, 158, 134, 187, 188, 189, 202, 203, 140, 141, 142, 147, 148, 149, 154,
    160, 171, 187, 188, 190, 133, 134, 153, 158, 202, 203, 133, 134, 158, 202, 203,
    133, 134, 137, 160, 202, 203, 137, 148, 149, 156, 160, 202, 133, 137, 148, 149,
    156, 160, 202, 203, 133, 143, 202, 203, 143, 147, 148, 149, 171, 133, 134, 148,
    149, 154, 169, 190, 202, 203, 202, 203, 155, 202, 133, 134, 155, 202, 203, 133,
    134, 202, 203, 133, 134, 135, 138, 140, 141, 142, 145, 147, 153, 155, 157, 162,
    202, 203, 133, 134, 135, 142, 202, 203, 133, 141, 143, 145, 147, 148, 149, 151,
    152, 154, 202, 203, 133, 139, 141, 142, 143, 145, 202, 203, 140, 202, 203, 146,
    203, 148, 149, 150, 202, 148, 149, 202, 133, 134, 144, 202, 203, 202, 203, 202,
    203, 133, 136, 137, 145, 147, 148, 149, 150, 202, 203, 159, 160, 143, 144, 148,
    149, 202, 133, 134, 147, 202, 203, 147, 178, 191, 133, 134, 147, 148, 149, 161,
    143, 148, 149, 133, 134, 202, 203, 133, 134, 150, 165, 169, 173, 176, 182, 184,
    185, 186, 190, 192, 193, 198, 200, 201, 202, 203, 133, 134, 167, 169, 174, 175,
    177, 179, 182, 184, 185, 186, 192, 195, 133, 134, 133, 134, 169, 192, 202, 203,
    133, 202, 133, 134, 174, 200, 202, 203, 132, 133, 134, 169, 174, 175, 177, 184,
    185, 186, 192, 193, 198, 202, 203, 166, 133, 134, 174, 184, 185, 186, 192, 202,
    203, 133, 134, 174, 192, 202, 203, 133, 134, 184, 185, 186, 202, 203, 133, 134,
    177, 184, 185, 186, 194, 196, 202, 203, 190, 191, 193, 133, 134, 193, 202, 203,
    133, 134, 173, 193, 202, 133, 134, 192, 194, 202, 203, 133, 134, 202, 133, 134,
    192, 202, 203, 133, 134, 164, 184, 192, 202, 203, 133, 134, 164, 192, 202, 203,
    133, 134, 202, 133, 134, 202, 133, 134, 192, 202, 203, 170, 165, 180, 180, 181,
    200, 202, 203, 180, 181, 200, 164, 133, 134, 164, 192, 200, 202, 203, 133, 134,
    164, 202, 203, 133, 134, 164, 196, 202, 203, 133, 134, 202, 203, 187, 188, 189,
    197, 202, 133, 134, 133, 134, 165, 184, 185, 186, 192, 193, 202, 203, 133, 163,
    199, 133, 134, 173, 174, 175, 184, 185, 186, 192, 193, 202, 203, 133, 134, 202,
    203, 168, 170, 192, 200, 192, 133, 134, 164, 184, 185, 186, 202, 133, 134, 174,
    175, 183, 187, 188, 189, 192, 193, 202, 203, 133, 134, 148, 149, 163, 164, 171,
    172, 173, 174, 175, 178, 184, 185, 186, 187, 188, 189, 192, 193, 200,
};

static const int8_t ubuntu_12_boldKernSparseValues[] = {
     -20,  -35,    7,    8,  -43,    7,  -38,  -25,  -23,  -23,   -6,    5,   -6,  -17,  -12,  -18,
      -6,  -12,  -13,  -19,   -8,    4,  -10,   -6,    4,  -12,  -40,   -6,   -5,   12,   -8,   -8,
       8,   -8,  -32,  -28,  -16,    4,  -40,   -8,   -8,   -8,  -15,  -12,    4,  -15,   -8,  -12,
      32,   -8,   -4,  -12,   -8,   -8,   -8,   10,   12,   10,   10,   13,    4,  -10,  -12,  -12,
      -5,    5,   34,   -8,   -7,  -10,   -4,   -4,   12,   -6,  -10,    5,    5,    5,  -12,    5,
       5,    5,   10,   -8,   -5,    7,    8,    8,   -8,  -12,   10,  -10,   -5,   -6,   -6,    8,
      -9,   -4,  -12,   -9,   12,  -14,   -8,   -6,   -6,    7,   -7,   -7,    5,    5,   34,    7,
     -13,  -12,   10,   -6,    5,   -7,   -5,   -8,    5,   -9,   -8,    9,   -5,   -8,   -5,   -8,
     -13,   -5,   -8,  -16,   -4,   -6,   -8,   -9,   -8,   -6,   -5,   -8,   -8,   -6,   -6,   -8,
      -8,   -9,   -6,   -7,  -13,   -7,   -7,   -8,  -32,  -42,   -4,   -9,   -4,   -7,  -12,  -12,
      -4,   -4,    6,    6,    5,    6,  -56,   -7,  -19,   -5,  -42,  -30,   -5,  -32,  -29,   -7,
      -6,   -4,   -9,   -6,   -7,  -18,   -6,  -18,   -6,  -12,   -6,   -7,    5,   -5,   -4,   -4,
      -4,   -6,  -29,   -4,   -5,   -4,   12,  -16,  -16,   16,  -16,    5,  -32,  -12,  -33,  -17,
      10,  -38,    9,  -12,  -12,  -12,  -23,  -22,    8,  -23,    7,   10,  -12,   -8,  -32,   -6,
       5,   16,    9,   12,   11,    5,    6,  -16,  -16,   10,  -30,   11,    6,   11,  -12,  -15,
     -12,    8,  -18,   -8,    6,   -6,   -7,  -26,  -13,  -33,  -19,   12,   -4,    5,  -16,    8,
       8,   -6,    8,  -22,  -12,  -13,  -27,   -4,    6,    5,    5,    8,    3,   -8,  -18,    6,
       5,    7,  -22,    9,   -4,   -6,  -10,  -12,    8,    8,  -13,   -6,    6,   10,    5,    5,
      10,   -9,    5,    5,   10,   10,   -8,    8,    5,    5,    4,   12,    5,    5,    5,    6,
       8,   10,  -18,    5,   11,    9,   10,   -6,  -14,  -26,  -10,  -10,  -28,  -10,   17,   19,
      17,   13,   20,    7,  -16,    7,  -23,  -23,    7,    6,    6,  -13,  -12,   -8,   -4,  -48,
     -16,    6,    6,    6,  -19,    6,    6,    6,   17,   -7,  -28,  -21,    9,  -26,  -21,   11,
     -10,   -7,   13,    5,   -7,  -16,   -5,   -6,   -6,  -18,  -13,  -18,  -11,  -23,   -6,  -13,
     -14,   -6,   -5,  -11,   10,  -11,  -12,    6,    6,    6,   10,   -7,  -13,   12,  -22,   -8,
      -7,   -4,    7,   10,  -25,   -5,    6,  -15,    5,    6,    6,    5,    6,    4,    6,  -25,
      10,    7,    6,    6,    5,    6,    6,   -9,    6,    6,    8,   -8,   -7,  -14,  -12,   -4,
     -10,  -17,   -5,   -4,  -22,   -6,  -14,   -4,   -7,  -10,   -8,  -13,   -7,  -10,  -10,   -7,
      -4,   -6,  -14,   -7,   -8,  -20,   -7,  -32,   12,   10,    8,  -13,   15,  -10,  -10,   13,
     -10,    8,  -33,   -8,  -26,  -16,   15,  -40,   10,  -32,  -10,   -4,   -4,   -4,    4,  -14,
     -10,   10,  -14,    6,   -4,   -6,    5,    8,   -4,   -6,  -18,  -30,  -26,   17,   -5,   -5,
       4,  -12,    4,   -8,   -4,   -7,  -12,   -4,   -9,  -14,   -8,   -9,   -4,   -3,   -4,   -4,
      -4,    4,    4,  -10,   -6,    4,    3,   -5,    6,   -4,    9,   -4,    5,    8,    6,   11,
     -10,  -10,   12,  -10,    7,    8,    8,    8,   10,   10,    7,    8,   10,    4,   -5,   -5,
       2,   -5,   10,    6,  -10,    6,   10,    4,   -4,    8,   14,   16,   -8,  -16,    8,  -21,
      -8,  -10,   -9,   -9,  -10,   -4,  -15,  -18,   -4,   -8,   -6,    4,  -24,   -6,   -8,    4,
      -5,   10,   -7,    4,    8,    4,    4,   -5,   -5,   -5,    8,    5,    7,   -5,   -4,    4,
       5,    7,   16,   -8,   -6,    8,  -25,    6,  -31,    8,   -4,  -19,   -3,   -3,  -30,   -4,
      -3,    8,   10,    8,    5,   11,   12,   10,  -10,   -4,   -4,   -8,   -5,   -8,   -4,   -8,
      -4,  -47,  -10,   -4,   16,   15,  -25,  -10,    8,    7,    4,   -4,   -8,   -8,   -8,   -4,
      -4,   -4,    9,   -4,  -12,   -8,   -5,    4,    4,  -16,    6,    6,   -8,   -8,   10,  -16,
      12,  -20,    9,    4,   -6,   10,  -22,  -22,    8,  -22,    9,    7,    5,   14,    7,   10,
       8,   11,   -4,  -16,  -16,    4,   -4,  -14,  -18,  -18,   14,  -18,    8,   -5,  -20,   10,
      -4,   17,  -14,   14,   12,    4,   -7,   12,    4,  -39,    4,  -41,   16,   -8,    7,   10,
     -14,   12,   -8,   -8,   12,    4,   -8,    7,  -31,   -4,  -34,  -20,   12,  -40,    7,  -32,
     -13,    5,    3,  -19,  -12,   12,  -19,    6,   -6,   -5,   -8,    8,   12,    5,  -20,  -26,
     -22,   19,   -4,   -4,   -6,   -4,   -4,   -6,   -8,   -8,   -6,   -8,  -16,    8,  -21,   -8,
     -10,   -9,   -9,  -10,   -4,  -15,  -18,   -4,   -8,   -5,    4,  -24,   -4,   -9,    4,   -5,
      -8,   -3,  -42,  -32,    5,  -27,  -36,    5,   -9,   -4,   -6,   -5,   -8,   -6,   -6,    8,
       8,    5,    8,   -4,   -4,    5,  -50,   -8,   -9,   12,   12,  -37,   -8,  -16,    8,  -21,
      -8,  -10,   -9,   -9,  -10,   -4,  -15,  -18,   -4,   -8,    6,    4,  -24,   -4,    4,   -5,
      -4,   10,   -8,    7,    5,   -6,   -4,   12,   -7,   -7,   10,   -7,   -4,   -3,   -6,    8,
     -13,    7,   -4,   -9,  -10,  -10,  -10,   -4,   -4,    7,    4,   -9,    8,  -10,  -11,    5,
       4,   13,   -3,  -14,    4,   11,   -6,   -4,   -8,   -4,   -4,   -4,    5,   -6,   -5,   -4,
      -6,    6,   -8,    5,   -8,    7,   -8,   -7,   10,  -32,  -22,  -39,  -24,   10,  -14,  -33,
      -9,   -9,  -33,   -4,   -9,   10,   12,   10,   10,   14,    4,   16,   12,  -30,  -30,  -30,
     -28,  -29,  -28,  -30,  -30,  -30,  -30,  -28,   -7,  -30,  -26,  -46,  -30,   -4,   11,   18,
     -37,   18,   13,   12,  -22,  -24,   11,    8,  -21,  -12,  -22,    4,   -8,   -8,    4,  -22,
       2,    9,    7,  -12,  -12,   13,  -32,  -12,  -38,   -5,   11,  -12,  -26,  -10,  -10,  -35,
      -4,  -10,   13,   15,   13,   13,   16,    6,   16,   15,  -16,  -22,  -22,   -9,  -15,   -8,
      -5,   -7,  -16,  -59,  -16,    8,   20,  -24,   18,   14,   13,   -7,   -8,   11,   15,  -25,
       8,   -8,   -4,   11,  -18,  -25,   10,   -4,  -16,   -4,   -4,  -19,   -4,   11,   13,   11,
      11,   14,    4,   16,   13,  -11,  -13,  -13,   -6,   -6,   -6,    5,    5,    4,    5,   -4,
      -6,  -21,  -11,   18,  -14,   16,   11,   16,  -10,   -8,   -8,   10,  -10,   10,  -13,    9,
       7,    8,   -6,   14,  -15,  -15,   10,  -15,    7,   10,   12,   10,   14,   13,   10,   12,
      12,  -12,  -12,  -12,    4,  -10,  -10,  -10,   10,  -10,    6,   -5,  -15,   14,  -12,   16,
      -8,   16,    8,    4,   -6,    4,    6,   14,    4,  -20,  -16,   14,   -4,  -38,  -27,  -40,
     -15,   12,  -24,  -40,  -18,  -18,  -34,   -6,  -18,   -4,   14,   16,   14,   14,   16,    7,
      16,   16,  -29,  -35,  -35,  -15,  -28,  -14,   -4,   -8,   -4,  -14,   -6,  -32,  -10,  -58,
     -50,   21,  -36,   18,   16,    7,  -12,  -13,   10,   12,  -26,   -4,    6,   11,   -8,    6,
       6,   -4,   10,   -5,   -5,   10,   -5,    5,    6,    8,    6,   10,    9,    5,    8,    8,
       4,   -4,   -4,   10,    4,  -12,    6,   10,    4,    4,   14,   13,    4,    8,   12,   17,
     -11,   -8,   -8,  -11,   -8,   12,   14,   12,   12,   15,    6,   36,  -14,  -14,  -14,    4,
      38,  -14,  -13,  -14,  -12,  -12,  -12,   12,  -12,  -11,  -14,    4,    4,    4,  -16,    4,
       4,    4,   12,  -12,   -6,  -11,  -11,    8,  -11,    8,   10,   -8,  -15,   12,  -13,  -14,
      -8,  -10,   -9,    8,  -13,   -9,  -10,   -9,  -11,  -14,  -13,  -10,   12,  -15,  -12,  -14,
      -4,  -10,  -10,   -9,  -11,    8,  -11,  -13,    4,    4,   38,    8,   -7,   -6,  -15,  -14,
      11,   -9,   -9,  -11,  -11,    5,    8,  -12,  -16,  -16,    4,  -12,  -16,  -36,  -16,  -44,
     -28,    8,  -44,    4,  -10,  -10,  -10,   56,   -4,   -8,  -12,   -8,   24,    8,  -10,   -8,
      13,   -4,   -4,   -4,   -6,   -5,   -5,   -6,   13,   -7,   -6,   -4,   -4,   -6,   -8,  -12,
     -13,  -16,  -14,   -5,   -4,   -5,   -7,   -9,   -9,    5,   -8,  -10,  -12,  -12,    5,  -11,
     -11,  -20,  -14,   -6,   -5,   -7,   -6,   -4,   -8,    4,  -10,  -10,    7,   -4,    4,   -5,
      -4,  -14,  -10,  -10,  -10,    3,    4,    5,    3,   -6,  -10,  -12,    4,   10,   10,   -8,
     -10,    9,  -15,  -24,  -14,   -6,   -4,   -6,    5,    6,    4,   21,    9,  -24,  -25,    7,
      11,   32,   21,   -3,   -3,   -3,    5,    4,   11,   11,    8,   11,   12,   -4,    7,   -3,
      13,    5,   26,   -8,   23,   21,   22,   15,   22,  -23,   -5,  -10,   -9,  -12,  -14,   10,
      -6,   -4,   -6,  -10,   -6,    4,   -8,   -8,  -10,  -15,  -24,  -14,   -6,   -4,   -6,   -7,
     -10,   -6,    5,    4,  -10,  -15,  -24,  -14,   -6,   -4,   -6,  -10,   -6,    4,    5,  -10,
     -15,  -24,    4,   12,   -6,   -4,   -6,  -10,   -6,    4,   -8,   -5,    5,    5,  -18,    8,
       4,   -9,  -10,   -4,  -14,  -14,   -3,   -4,    8,    8,    8,    8,    6,   -6,  -14,   -4,
     -13,    5,   10,    9,   -8,  -10,   10,    8,   -6,  -24,  -14,    6,   -4,   -4,    8,   -4,
       6,   -6,    8,    6,  -10,  -10,   12,   -7,   -8,  -10,  -15,  -24,  -14,   -6,   -4,   -6,
      -7,  -10,   -6,    5,   -7,  -10,  -12,  -12,    5,  -11,  -11,  -20,  -14,   -6,   -5,   -7,
      -6,   -4,   -9,    4,  -10,  -10,   -8,  -10,    8,   -9,  -12,  -14,   17,   -6,   -4,   -6,
     -10,   -6,    4,   -8,    7,  -24,  -22,    7,    4,    4,   -4,   -4,   -4,   -4,   12,   12,
       8,   12,    4,   -6,    8,   -4,   -6,   11,   19,  -22,   -5,   -4,   -4,  -14,  -12,  -14,
      -3,   -7,    6,    7,   -4,    4,   -6,   -8,  -13,   -8,   -8,   -8,    4,    4,    7,    4,
      -8,   -8,   -4,    6,    9,   -8,  -10,   -9,  -24,  -12,   -6,   -4,   -6,  -10,   -6,    4,
      -4,    6,  -22,  -16,    6,  -12,   -4,   -6,   -6,    8,    8,   10,    8,    5,    7,   -4,
      -8,    8,   16,  -16,   -4,    7,  -21,    3,  -14,    6,  -11,   -4,   -5,   -5,    8,    8,
       8,    8,    6,    8,   -4,   -6,   10,   16,  -11,   -8,   -5,    5,    8,   -8,    8,    6,
      -4,  -12,  -10,  -10,  -10,   10,    8,   13,   10,    8,   -5,  -11,  -10,   -9,    6,   11,
       8,   -4,    6,  -22,  -16,    6,  -12,   -4,   -6,   -6,    8,    8,   10,    8,    5,    7,
      -4,   -8,    8,   13,  -16,   10,    4,    4,   -4,  -11,   -6,   -6,   -6,    8,    8,    9,
       8,   -5,   -6,    4,   -6,    6,   10,   11,   -5,   -6,   -6,   36,    8,   -9,   -6,   -6,
       8,    8,   10,   -9,  -11,    8,   -8,   -7,   -6,   -6,   -6,    8,   -8,   -6,   -7,   -8,
      -8,   -6,   11,  -11,  -10,   -4,   -6,   -7,   -6,   -7,    8,   -7,   -6,   26,    8,  -12,
     -11,   11,   -7,   -7,    5,   -5,   -7,   -7,   -5,   -6,   -5,   -7,   -6,   -5,   -7,   -8,
      -4,   -6,   -5,   -7,   -5,   -8,   -6,   -4,   -5,   -5,   -6,    5,   -9,   -6,  -25,  -13,
      -4,  -20,    4,    7,  -27,   -4,  -11,    5,    7,    7,    7,    3,  -27,    7,    4,    6,
       6,    6,   -8,    4,    6,    4,   -6,    4,    4,  -12,    4,   -8,  -30,  -16,   -8,  -15,
     -32,  -10,    4,    4,    4,  -11,   -7,  -18,    4,    4,  -30,   -8,  -12,   -7,  -13,   -6,
      -6,  -18,  -10,    4,  -15,  -12,  -10,   -7,  -11,   -6,    4,  -11,   -5,  -26,   -9,  -12,
     -10,  -17,  -12,  -16,  -16,  -22,   -8,  -16,  -14,  -42,  -13,  -25,  -17,  -25,  -31,  -20,
     -16,  -13,  -16,  -16,  -13,  -13,  -13,   28,  -13,  -15,  -14,  -15,   -9,   -9,  -12,    6,
     -13,  -29,  -13,  -16,  -13,  -13,  -13,  -17,  -13,  -13,  -13,  -12,  -10,  -22,    6,  -24,
       5,  -11,  -11,  -16,   -8,   -9,   -4,  -14,  -15,   -9,   -8,  -14,   -3,   -8,    6,  -21,
      -3,   -8,   -8,  -15,  -10,  -30,    3,  -18,   -4,  -20,   -9,  -14,  -12,   -4,  -14,   -9,
     -10,  -25,  -23,    6,  -12,    5,  -10,    8,    8,    9,    4,    5,    5,    8,  -10,   -8,
      -6,   -8,  -10,  -12,   -4,   -5,   -4,   -8,   -8,   -6,   10,   24,  -10,   -8,   14,   36,
      28,   -8,    7,  -16,  -16,   11,    7,    7,   -8,  -12,    3,   -6,   13,   13,   12,   16,
      10,   28,   -4,   26,   36,   54,   48,   42,   45,    8,   10,    7,  -10,   -6,   -7,   -8,
      -8,   -8,   -7,   -7,   -8,   -9,   13,  -13,  -18,  -10,   -5,   -6,  -23,   -6,   -7,   -9,
      -4,   10,    5,   -7,   -7,    8,   -5,    8,   -5,   11,  -10,   -6,   -4,  -11,    9,   -7,
      -6,   -4,   -6,   -6,   -4,   -6,   -6,   -5,   -9,   -7,   -6,   -6,   -6,   -6,   -6,   -6,
      -5,  -14,   -7,   10,  -32,  -22,  -39,  -24,   10,  -14,   -5,   12,  -11,  -30,  -26,   10,
      -7,  -33,  -31,  -33,  -29,   -4,   -9,  -10,   10,   -6,  -30,   -4,  -20,  -20,  -25,  -24,
      -4,  -26,  -26,  -30,  -20,  -25,  -28,  -30,  -20,  -20,  -26,  -20,  -21,  -22,  -29,   15,
      -7,  -25,    5,  -34,  -43,  -30,   -6,  -24,  -19,   11,    8,   -5,    6,   -4,    9,   -4,
       5,    8,    6,   10,   -6,    6,  -10,    6,    8,   -7,    7,   12,    4,   11,    6,    6,
       5,  -10,  -11,   10,    4,    6,    5,    6,   -5,   10,    4,    2,    4,   -7,    4,   -8,
      11,   -4,   -6,    8,   14,   -5,   -4,   -3,  -14,    4,   11,   -6,   -4,   -6,    6,   -8,
      -4,   -4,   -9,    5,  -11,   -9,   -4,  -10,   -7,   -9,   -7,  -17,   -8,  -12,    4,   -5,
      -8,    6,    6,  -24,  -13,  -10,    9,   -7,  -14,   -6,  -15,  -11,  -26,   -6,   -4,   -7,
      -6,   -4,   -5,  -10,   -8,   -4,   -5,   -6,   -4,   -6,  -29,   -5,  -12,  -24,  -20,  -16,
     -10,    8,    9,   -7,  -12,   -9,  -18,   -5,   -6,   -6,  -14,   -5,   -5,   10,  -12,  -13,
     -13,   -8,   10,  -16,   12,  -20,    9,    4,   -6,   11,   -6,    7,  -20,    9,  -14,    8,
       5,    5,   10,    8,   10,  -22,  -21,   14,   -4,   -8,    8,   -8,   10,    7,  -16,   -8,
     -16,  -14,  -11,   14,  -20,  -10,    6,    6,    5,   -7,    4,    5,   -7,  -16,   -8,    8,
     -16,  -10,  -21,   15,   -7,   -6,  -23,    4,  -12,   13,  -32,  -12,  -38,   -5,   11,  -12,
      15,   -7,   10,  -16,   13,   -8,  -35,  -26,    8,  -26,  -24,   10,   -4,  -10,   -9,   13,
      -8,  -16,   -6,   -7,   -7,  -22,  -15,  -23,  -12,  -22,   -7,  -15,  -16,   -7,   -6,  -12,
       8,  -13,  -15,   21,    8,   -8,  -15,   11,  -32,   -9,   -8,   11,   15,  -23,   -7,  -32,
      12,   10,    8,  -13,  -10,   -4,   -6,    5,  -33,   -8,    8,   13,    5,   15,    8,   10,
       5,  -10,  -11,   15,  -17,    8,   10,    7,   -4,  -11,   -8,   10,  -10,   -8,    6,    6,
       4,   -7,   -8,  -28,   -9,  -14,   -7,   15,   -7,  -17,  -30,  -26,   -5,   -5,    4,  -12,
       4,   -8,   -9,   -7,    4,    4,   -7,   -4,   -4,   -5,   -9,   -4,   -7,   -3,   -8,   -7,
       9,  -14,   11,   14,   -5,    8,   -6,    8,   -6,  -11,    8,    6,    8,    6,    8,    5,
     -12,    8,  -12,    6,    8,    8,    9,    8,   -8,   24,   -8,   -9,   14,   -5,   -5,   -8,
      10,  -16,   12,  -20,    9,    4,    4,   -6,   11,   -5,    9,  -20,    9,  -14,    8,    5,
       7,   10,    8,   10,  -22,  -18,   14,   -4,   -8,    8,   -7,   10,    7,  -16,   -7,  -11,
      -9,  -10,   14,  -15,  -10,    7,   -6,    4,    7,   -7,  -14,   -7,   10,  -10,   -5,  -17,
      15,   -4,   -6,  -18,   -5,   -5,    4,  -12,    4,   -8,   -9,   -7,    4,    4,   -7,   -4,
      -4,   -4,   -9,   -6,   -3,   -7,   -4,   -6,   -4,   -6,   -4,   -5,   -5,   -4,   -5,   -5,
      -5,   -8,   -6,   -8,  -16,    8,  -21,   -8,   -4,   -8,  -10,    4,   -9,   -9,  -10,  -10,
     -14,   -8,  -15,  -11,   -6,  -12,   -9,  -10,    4,   -3,  -42,  -32,    5,   -6,   -5,   -4,
      -4,    5,    5,  -36,  -24,  -27,  -22,   -6,   -5,   -9,   -4,   -8,  -17,  -17,   -4,   -6,
       4,    5,    5,    4,    5,  -24,   12,   12,    7,   -7,   10,  -32,  -22,  -39,  -24,   10,
     -14,   12,   -7,    8,  -30,  -26,   10,  -33,  -26,    6,  -33,  -25,    8,   -4,   -9,   -4,
      10,  -30,  -18,  -19,  -19,   -8,  -30,  -20,  -22,  -30,  -14,    6,  -17,  -29,   19,    6,
     -19,    9,    7,  -20,   -5,   -6,   11,    8,   -5,  -13,  -16,    7,  -16,  -10,   -6,  -15,
     -10,   -4,  -14,  -13,  -13,  -11,  -12,  -17,  -11,  -16,  -14,   -5,  -10,  -11,   -4,   -4,
      -4,  -14,  -14,  -13,   -8,   10,  -10,   10,  -13,    9,    7,    8,   -6,   12,   -6,    8,
     -15,   10,  -11,    7,   10,    5,    6,   14,    8,   10,    4,  -15,  -16,   14,   -7,    8,
      -7,   10,    7,  -12,   -7,   -8,   -7,   -9,   10,  -13,   -8,    6,   -6,    4,    6,   -5,
     -12,   -7,    8,   -8,  -14,   15,   -5,   -5,  -16,    4,    6,   -8,  -16,    8,  -21,   -8,
      -4,   -8,   -9,    4,   -9,   -9,  -10,  -10,  -14,   -8,  -15,  -10,   -6,  -12,   -8,   -9,
       4,  -10,   -8,  -12,    6,  -13,  -14,   -7,   -6,   -9,   -9,   -7,   10,   -8,   -4,   -6,
      -4,   -6,   -8,   -7,   -6,   -7,  -11,   -7,   -5,   -6,   -5,  -23,  -15,    6,   -8,    6,
     -12,    8,  -13,    8,   10,    9,    8,   10,   10,   10,   10,    7,    9,   -8,    9,   -9,
      11,   13,   -5,    8,    8,   -4,    6,    8,    8,   -5,    9,    8,   -5,   -4,    4,   24,
      -7,   -4,   -9,   -9,  -12,   -8,    5,   -5,  -10,  -13,   -7,    4,   -6,   -4,   -4,   -7,
      -5,    5,    5,  -18,    8,    4,   -9,  -10,   -5,  -14,   -4,    8,   -6,   10,    5,    7,
     -14,   -6,    6,    8,   -7,    8,    6,    6,    6,    8,    4,   -6,    7,    5,   10,   -5,
      -4,    4,    6,   -4,  -10,   -5,    5,   -5,    5,    5,  -18,    8,    4,   -9,  -10,   -5,
     -14,   -4,    8,   -7,   10,    5,    7,  -14,   -7,    8,   10,   -8,    8,    8,    6,    6,
      -5,   10,    5,   -7,    8,    5,   10,   -6,    5,   -6,   -9,   -5,   -6,   -5,   -5,   -6,
      -6,  -11,   -7,   -8,   -6,    5,   -6,   -9,   -6,   -6,  -12,  -10,  -12,  -12,    5,  -11,
     -11,  -14,   -8,    4,   -6,   -7,   -6,  -10,  -10,  -12,  -12,   -6,   10,   -8,   -8,   -6,
     -14,  -11,   -6,   -4,   -5,   -9,  -10,    7,   -4,    4,   -5,   -4,  -14,   -7,   -6,    6,
     -10,    5,    4,    4,    4,   10,  -15,  -17,  -10,   -6,  -12,    6,  -11,    6,    8,   -4,
       7,    6,    8,    8,    8,    8,    5,    7,  -12,  -13,   -8,  -10,    8,   -8,    8,   10,
      -4,    9,    8,   10,    8,   10,    5,    4,    8,  -18,  -14,   -7,   10,   -9,  -12,   -6,
     -15,  -11,   -8,   -4,   -4,   -4,   -6,   -2,   -3,   -4,   -4,   -7,  -18,  -14,   -5,    5,
       8,   -8,    8,    6,   -4,  -12,   -4,  -11,    8,   -4,   10,    5,    7,  -10,   -4,    6,
       8,   -6,   13,    6,    6,    6,    8,    5,   -4,    7,    6,   11,  -29,   -9,  -21,    4,
      -9,   -4,  -13,   -8,    4,  -14,   -9,  -11,  -10,   -9,  -16,  -25,  -28,  -10,  -10,  -12,
     -12,    5,  -11,  -11,  -14,   -7,    4,   -7,  -10,  -10,  -12,  -10,  -12,  -12,    5,  -11,
     -11,  -14,   -8,    4,   -6,   -7,   -5,  -10,  -10,   -6,    5,   -6,  -10,   -7,   -6,  -14,
      -6,   -9,    6,   -8,   -6,   11,   -4,  -14,  -10,    6,   -4,  -10,   -7,   -5,    6,   -4,
       6,   -5,   -4,   -4,  -14,  -14,   -7,   -4,    4,    5,   -6,   -4,    5,    5,    4,   12,
      -6,  -14,   -4,   -6,   -9,    6,   -8,  -14,  -11,   -4,   -7,  -14,  -10,   -6,    5,   -6,
      -4,   -4,   -6,  -20,  -11,  -18,  -11,   -6,  -15,  -10,  -13,   -9,   -4,   -9,   -4,   -4,
      -4,  -13,  -10,  -18,  -18,  -14,    5,    9,   -4,   11,  -39,  -20,  -25,   14,  -11,   15,
      15,  -24,   14,   -5,  -33,  -21,   12,  -25,  -19,   12,    8,   -5,   -6,   11,   10,    8,
      -7,   -4,   -4,  -20,  -20,  -21,  -10,  -20,   -6,  -21,  -24,   -4,  -16,   14,  -18,  -13,
      14,   -5,  -21,   14,    5,   -4,  -37,   -7,   -7,    5,   12,   12,    6,    7,  -21,  -17,
       7,   -4,    8,   -8,   11,    7,   -9,   12,   14,   12,    7,   12,    7,   14,   13,   14,
      10,    9,   13,   -7,   -4,   -7,    8,   -7,    4,    5,    4,   -6,   14,   -6,  -37,   -4,
     -29,    8,   -8,   -4,    4,    5,  -17,    4,   -8,  -13,   14,  -12,  -14,   -8,  -33,  -36,
     -13,   -4,   12,   -8,   -4,  -18,   -7,   -6,   -9,   -8,   -6,   -7,   -5,   14,  -22,  -13,
      -9,  -20,  -13,   10,    6,   -9,   -9,   -6,   17,   -6,   -5,  -18,  -18,  -13,   10,  -26,
     -18,  -30,   -9,    7,  -18,   11,   -6,   11,  -26,   -8,    8,  -13,   -4,  -29,  -25,    8,
     -28,  -24,   10,   -5,  -13,  -14,    8,    5,  -11,  -14,   -9,  -11,  -11,  -27,  -23,   -7,
     -28,  -16,  -23,  -12,  -24,  -25,   -7,  -11,   -7,  -10,  -20,    9,  -21,  -17,    9,  -13,
     -23,   12,   -8,  -24,  -14,  -13,    4,  -13,  -11,   -9,    4,  -10,    7,   -9,    8,   10,
       8,    8,   10,    9,   10,    5,    9,  -24,   -6,   -5,  -11,    4,    6,  -12,   -6,  -17,
     -12,  -25,   -7,  -28,   -4,    6,  -24,  -20,  -13,   -4,   -6,   -8,    6,   -8,  -14,  -11,
      -4,   -7,  -11,   -8,   -8,    5,   -7,   -6,   -4,  -11,   -8,   -7,   -6,   -6,  -10,   -7,
     -14,   -7,   -6,   -7,   -9,  -15,   -8,  -12,    6,  -10,   -7,  -15,  -13,   -6,   -6,   -4,
       7,   -4,    4,    5,    4,    6,    5,    4,   14,    6,    5,    5,    5,   -6,   10,   -6,
       9,    5,    5,    5,   -7,    5,   11,   -9,   -7,   -5,   10,   -7,  -11,   -7,   -4,   -7,
      -7,   -8,   -6,    8,  -13,   -6,  -11,   -8,   -7,   -8,   -8,  -12,   -7,  -11,  -10,   -6,
     -12,   -8,   -9,   -6,    8,   -6,   -5,   -7,   -6,   -8,   -6,   -4,   -7,   -4,   -7,  -15,
      -4,    7,   -6,   -5,   -6,    5,   -4,    5,   15,  -33,  -12,  -12,  -38,   -8,  -12,    6,
       8,    7,   11,   13,    6,   10,    9,  -11,  -13,  -17,   -8,    5,    5,    5,  -78,  -11,
     -28,    8,    6,  -38,  -24,  -33,  -22,    5,   -8,  -12,   -5,    6,    6,  -11,  -17,  -13,
     -18,   -6,  -17,  -12,  -21,   -8,    6,   -9,   -8,    6,  -11,    6,  -40,   -6,   -4,  -39,
     -15,  -15,  -42,  -15,   -8,    7,    5,   11,   12,    6,    9,    7,  -25,   -4,  -29,  -29,
      -8,   -4,   -4,  -17,  -31,  -13,   -4,   -4,   -4,  -13,  -52,   -8,  -25,   -4,   -4,   -4,
     -29,   -4,   -4,   -4,    7,   -7,   -8,  -42,  -26,  -39,  -25,  -15,  -10,    6,   -5,  -25,
      -8,   -8,  -23,  -20,   -6,  -25,  -12,  -29,  -10,  -20,  -28,   -8,   -6,   -7,  -15,  -18,
     -31,   -7,  -20,    5,   -5,  -43,  -12,   -5,  -11,   -7,    8,  -13,  -13,    9,  -13,    4,
     -30,   -8,  -50,  -30,    9,  -43,    8,    4,    4,    4,    4,    4,   12,    4,    4,    4,
     -16,  -12,    8,  -16,   10,    9,    4,    4,    4,    4,    4,    4,    4,   -8,   -8,   -8,
     -12,  -12,   -8,  -24,   -8,   -8,   -8,  -40,  -32,  -12,  -12,  -12,  -12,  -20,  -12,  -28,
     -12,  -12,   -8,   -8,   -8,   -8,   -8,  -16,  -20,  -24,  -20,   -8,   -8,  -20,  -24,  -24,
     -28,  -20,   -8,   -8,  -12,  -12,   -8,  -12,  -12,   16,   -8,  -12,  -12,   -8,    4,    4,
      12,   -8,  -20,  -12,   -8,   -8,  -20,  -12,   -8,  -24,  -12,  -12,   -8,  -32,  -40,    4,
       4,  -28,  -12,  -36,  -16,  -16,  -20,   -8,  -12,   -8,  -12,  -12,   -8,  -20,  -12,  -16,
     -16,  -20,  -20,  -20,  -12,  -12,  -12,  -12,  -12,  -12,  -12,   -8,   -8,  -20,  -20,   -8,
     -28,  -20,  -16,  -16,   -4,    8,  -16,  -16,  -16,  -12,  -12,  -12,  -16,  -12,  -12,  -12,
      -4,  -20,  -16,  -12,  -12,   -8,   -8,   -8,    4,   -8,  -20,  -12,  -12,  -24,  -12,   -8,
     -20,  -28,  -28,  -20,  -12,  -16,  -16,  -12,  -16,  -16,  -12,  -20,  -16,  -16,  -16,  -20,
     -16,  -12,   -8,  -12,   -8,  -16,  -16,  -16,   -8,  -16,  -12,   -8,  -12,   -8,   -8,  -12,
     -12,  -12,  -16,   -8,    4,  -28,  -16,  -16,   -8,  -16,    4,    4,   -8,  -12,  -12,  -20,
      -8,  -20,  -20,  -20,  -20,  -20,  -20,  -40,  -40,   -8,  -20,  -20,  -16,   -8,   -8,  -16,
     -16,   -8,   -8,  -28,  -20,   -4,  -16,  -24,  -40,  -40,   -8,   -8,   -4,   -8,  -12,  -12,
     -16,   -8,   -8,   -8,   -8,   -8,   -8,  -12,  -12,   -8,  -24,  -24,   -8,  -12,  -20,  -16,
      -8,  -12,  -16,  -16,  -12,  -12,  -12,  -12,   -8,  -36,  -32,  -16,  -12,   -8,  -16,  -20,
     -20,  -20,  -32,  -16,  -12,  -36,  -20,  -16,  -36,  -36,   -8,  -16,  -16,  -16,   -8,  -28,
     -20,  -32,  -28,   -4,   -8,  -24,  -16,   -8,   -8,  -12,  -12,  -12,  -12,   -8,  -12,  -12,
      -8,  -24,  -24,  -24,  -20,  -28,  -12,   -8,  -28,  -12,   -8,  -12,  -12,  -12,  -20,  -12,
     -20,  -12,    8,  -12,  -20,  -24,  -20,   -8,   -4,  -12,  -12,   -4,   -4,  -20,  -32,  -12,
      -8,  -20,   -8,  -12,  -12,  -24,   -8,  -12,  -16,   -8,  -12,  -12,  -28,   -8,  -20,  -16,
      -8,   -8,  -12,  -16,   -8,   -8,  -20,  -20,  -12,  -32,  -32,   -8,   -8,   12,   12,   12,
      20,    4,    4,   12,   12,   20,   -8,  -16,  -16,   -8,  -12,    8,   -8,   -8,  -12,  -12,
     -12,  -20,   -8,  -12,  -12,  -12,   -8,  -20,   -8,  -20,  -12,  -20,  -12,  -24,  -24,  -24,
     -20,  -12,   -8,   -8,  -32,  -32,   -8,   -8,   -8,   -8,  -12,   -8,  -28,  -20,   -8,   -8,
      -8,   -8,   -8,   -8,   -8,   -8,   -4,   -4,   -4,  -12,  -12,  -20,   -8,  -24,  -16,  -12,
     -16,  -12,   -8,   -8,   -8,   -8,  -24,  -24,  -12,   -4,   -8,   -8,  -20,  -24,  -24,   -8,
      -8,   -8,  -12,  -12,  -12,   -8,  -12,  -20,  -20,   -4,   -4,  -24,  -24,  -16,  -16,   -8,
      -8,   -8,  -20,  -20,   -8,   -8,   -4,   -4,  -24,  -24,  -24,  -12,  -16,  -20,
};

static const EpdLigaturePair ubuntu_12_boldLigaturePairs[] = {
    { 0x00660066, 0xFB00 }, // f f -> U+FB00
    { 0x00660069, 0xFB01 }, // f i -> U+FB01
    { 0x0066006C, 0xFB02 }, // f l -> U+FB02
    { 0xFB000069, 0xFB03 }, // U+FB00 i -> U+FB03
    { 0xFB00006C, 0xFB04 }, // U+FB00 l -> U+FB04
};

static const EpdFontData ubuntu_12_bold = {
    ubuntu_12_boldBitmaps,
    ubuntu_12_boldGlyphs,
    ubuntu_12_boldIntervals,
    717,
    29,
    24,
    -5,
    false,
    nullptr,
    0,
    nullptr,
    nullptr,  // packed left class map; built-in fonts use split arrays
    nullptr,  // packed right class map
    ubuntu_12_boldKernLeftCodepoints,
    ubuntu_12_boldKernLeftClassIds,
    ubuntu_12_boldKernRightCodepoints,
    ubuntu_12_boldKernRightClassIds,
    nullptr,  // dense matrix; built-in fonts use sparse CSR
    ubuntu_12_boldKernRowOffsets,
    ubuntu_12_boldKernSparseCols,
    ubuntu_12_boldKernSparseValues,
    633,
    608,
    234,
    204,
    ubuntu_12_boldLigaturePairs,
    5,
};
